ID,TIME,popPred_medianCOV,cens_popPred_medianCOV,popPred,cens_popPred,indivPred_mean,cens_indivPred_mean,indivPred_mode,cens_indivPred_mode,obsid
7,1,0,1,0,1,0,1,0,1,y1
7,1.02242853060992,0,1,0,1,0,1,0,1,y1
7,1.04536010020516,0,1,0,1,0,1,0,1,y1
7,1.06880599121101,0,1,0,1,0,1,0,1,y1
7,1.09277773910095,0,1,0,1,0,1,0,1,y1
7,1.11728713807222,0,1,0,1,0,1,0,1,y1
7,1.12,0,1,0,1,0,1,0,1,y1
7,1.14234624684855,0,1,0,1,0,1,0,1,y1
7,1.16796739461312,0,1,0,1,0,1,0,1,y1
7,1.19416318707459,0,1,0,1,0,1,0,1,y1
7,1.22094651266913,0,1,0,1,0,1,0,1,y1
7,1.24,0,1,0,1,0,1,0,1,y1
7,1.24833054890161,0,1,0,1,0,1,0,1,y1
7,1.27632876882895,0,1,0,1,0,1,0,1,y1
7,1.30495494768896,0,1,0,1,0,1,0,1,y1
7,1.33422316967777,0,1,0,1,0,1,0,1,y1
7,1.36,0,1,0,1,0,1,0,1,y1
7,1.36414783487935,0,1,0,1,0,1,0,1,y1
7,1.39474366635041,0,1,0,1,0,1,0,1,y1
7,1.42602571736414,0,1,0,1,0,1,0,1,y1
7,1.45800937881658,0,1,0,1,0,1,0,1,y1
7,1.48,0,1,0,1,0,1,0,1,y1
7,1.49071038679892,0,1,0,1,0,1,0,1,y1
7,1.5,0,1,0,1,0,1,0,1,y1
7,1.52414483033977,0,1,0,1,0,1,0,1,y1
7,1.558329159321,0,1,0,1,0,1,0,1,y1
7,1.59328019257117,0,1,0,1,0,1,0,1,y1
7,1.6,0,1,0,1,0,1,0,1,y1
7,1.62901512614043,0,1,0,1,0,1,0,1,y1
7,1.6655515417611,0,1,0,1,0,1,0,1,y1
7,1.70290741549789,0,1,0,1,0,1,0,1,y1
7,1.72,0,1,0,1,0,1,0,1,y1
7,1.74110112659225,0,1,0,1,0,1,0,1,y1
7,1.78015146650499,0,1,0,1,0,1,0,1,y1
7,1.8200776481618,0,1,0,1,0,1,0,1,y1
7,1.84,0,1,0,1,0,1,0,1,y1
7,1.86089931540603,0,1,0,1,0,1,0,1,y1
7,1.9026365526636,0,1,0,1,0,1,0,1,y1
7,1.94530989482457,0,1,0,1,0,1,0,1,y1
7,1.96,0.208628,1,0.208628,1,0,1,0,1,y1
7,1.98894033734643,0.916084,1,0.916084,1,0,1,0,1,y1
7,2,1.13314,1,1.13314,1,0,1,0,1,y1
7,2.03354934658391,1.70662,1,1.70662,1,0,1,0,1,y1
7,2.07915887035056,2.33289,1,2.33289,1,0,1,0,1,y1
7,2.08,2.3432,1,2.3432,1,0,1,0,1,y1
7,2.12579134871711,2.85284,1,2.85284,1,0,1,0,1,y1
7,2.17346972505212,3.29788,0,3.29788,0,0,1,0,1,y1
7,2.2,3.51656,0,3.51656,0,0,1,0,1,y1
7,2.22221745731019,3.68647,0,3.68647,0,0,1,0,1,y1
7,2.27205852957337,4.03071,0,4.03071,0,0,1,0,1,y1
7,2.32,4.32211,0,4.32211,0,0,1,0,1,y1
7,2.32301746385144,4.33934,0,4.33934,0,0,1,0,1,y1
7,2.37511933214682,4.61867,0,4.61867,0,0,1,0,1,y1
7,2.42838976879009,4.87345,0,4.87345,0,0,1,0,1,y1
7,2.44,4.92542,0,4.92542,0,0,1,0,1,y1
7,2.48285498305222,5.10741,0,5.10741,0,0,1,0,1,y1
7,2.5,5.17627,0,5.17627,0,0,1,0,1,y1
7,2.53854177203961,5.3235,0,5.3235,0,0,1,0,1,y1
7,2.56,5.40142,0,5.40142,0,0,1,0,1,y1
7,2.59547753387837,5.52417,0,5.52417,0,0,1,0,1,y1
7,2.65369028119432,5.71109,0,5.71109,0,0,1,0,1,y1
7,2.68,5.79012,0,5.79012,0,0,1,0,1,y1
7,2.71320865489534,5.88577,0,5.88577,0,0.046085,1,0,1,y1
7,2.77406193826277,6.04966,0,6.04966,0,0.760443,1,0,1,y1
7,2.8,6.11548,0,6.11548,0,0.945177,1,0,1,y1
7,2.83628007135892,6.20377,0,6.20377,0,1.1655,1,0,1,y1
7,2.8998936657577,6.34902,0,6.34902,0,1.50322,1,0.691158,1,y1
7,2.92,6.39259,0,6.39259,0,1.60281,1,0.846753,1,y1
7,2.96493401960567,6.48623,0,6.48623,0,1.81653,1,1.13193,1,y1
7,3,6.55594,0,6.55594,0,1.9758,1,1.32479,1,y1
7,3.0314331330208,6.61609,0,6.61609,0,2.11342,1,1.48633,1,y1
7,3.04,6.63212,0,6.63212,0,2.15012,1,1.529,1,y1
7,3.09942372383669,6.73908,0,6.73908,0,2.39566,1,1.8125,1,y1
7,3.16,6.8408,0,6.8408,0,2.63079,1,2.08236,1,y1
7,3.16893924369988,6.85527,0,6.85527,0,2.66428,1,2.12071,1,y1
7,3.24001389452818,6.96591,0,6.96591,0,2.92037,1,2.41307,1,y1
7,3.28,7.0247,0,7.0247,0,3.05704,0,2.56838,1,y1
7,3.31268264533818,7.07104,0,7.07104,0,3.16508,0,2.69078,1,y1
7,3.38698124945011,7.17122,0,7.17122,0,3.39914,0,2.95505,1,y1
7,3.4,7.18807,0,7.18807,0,3.43861,0,2.9995,1,y1
7,3.46294626207863,7.26679,0,7.26679,0,3.62341,0,3.2072,0,y1
7,3.5,7.31106,0,7.31106,0,3.72775,0,3.3241,0,y1
7,3.52,7.33434,0,7.33434,0,3.78279,0,3.38564,0,y1
7,3.54061505831818,7.35789,0,7.35789,0,3.83861,0,3.44798,0,y1
7,3.62002585153162,7.44462,0,7.44462,0,4.04518,0,3.6784,0,y1
7,3.64,7.46546,0,7.46546,0,4.09519,0,3.73404,0,y1
7,3.70121771215141,7.52701,0,7.52701,0,4.24402,0,3.89923,0,y1
7,3.76,7.58297,0,7.58297,0,4.38071,0,4.05051,0,y1
7,3.78423058690238,7.60516,0,7.60516,0,4.4355,0,4.11095,0,y1
7,3.86910531845573,7.67905,0,7.67905,0,4.62011,0,4.31457,0,y1
7,3.88,7.68811,0,7.68811,0,4.64301,0,4.3398,0,y1
7,3.95588366552373,7.74863,0,7.74863,0,4.79781,0,4.5106,0,y1
7,4,7.78178,0,7.78178,0,4.88397,0,4.60581,0,y1
7,4.04460832340522,7.81384,0,7.81384,0,4.96923,0,4.69919,0,y1
7,4.12,7.86466,0,7.86466,0,5.10838,0,4.85058,0,y1
7,4.13532294499186,7.87448,0,7.87448,0,5.13598,0,4.88038,0,y1
7,4.22807216224552,7.93044,0,7.93044,0,5.29679,0,5.05595,0,y1
7,4.24,7.93719,0,7.93719,0,5.31671,0,5.07785,0,y1
7,4.32290160815741,7.98144,0,7.98144,0,5.45108,0,5.22618,0,y1
7,4.36,7.99972,0,7.99972,0,5.50913,0,5.28991,0,y1
7,4.41985793919965,8.02725,0,8.02725,0,5.60021,0,5.38944,0,y1
7,4.48,8.05248,0,8.05248,0,5.68884,0,5.48583,0,y1
7,4.5,8.06034,0,8.06034,0,5.71768,0,5.51716,0,y1
7,4.51898885828049,8.06756,0,8.06756,0,5.74478,0,5.54659,0,y1
7,4.6,8.09569,0,8.09569,0,5.85728,0,5.66873,0,y1
7,4.62034313821434,8.10208,0,8.10208,0,5.88478,0,5.6986,0,y1
7,4.72,8.12957,0,8.12957,0,6.01534,0,5.84036,0,y1
7,4.72397064571812,8.13053,0,8.13053,0,6.0204,0,5.84585,0,y1
7,4.82992236594598,8.15263,0,8.15263,0,6.15164,0,5.98842,0,y1
7,4.84,8.15437,0,8.15437,0,6.16376,0,6.00158,0,y1
7,4.93825042757415,8.16816,0,8.16816,0,6.27845,0,6.12632,0,y1
7,4.96,8.17044,0,8.17044,0,6.30299,0,6.15311,0,y1
7,5,8.17394,0,8.17394,0,6.34735,0,6.20165,0,y1
7,5.04900812844846,8.17698,0,8.17698,0,6.40057,0,6.25975,0,y1
7,5.08,8.17823,0,8.17823,0,6.43366,0,6.29571,0,y1
7,5.16224996180711,8.17904,0,8.17904,0,6.51937,0,6.3884,0,y1
7,5.2,8.17823,0,8.17823,0,6.55761,0,6.42976,0,y1
7,5.27803164309158,8.17434,0,8.17434,0,6.63447,0,6.51306,0,y1
7,5.32,8.17104,0,8.17104,0,6.67484,0,6.55653,0,y1
7,5.39641013735879,8.163,0,8.163,0,6.74654,0,6.63319,0,y1
7,5.44,8.15729,0,8.15729,0,6.78638,0,6.67583,0,y1
7,5.5,8.14817,0,8.14817,0,6.8398,0,6.73344,0,y1
7,5.51744368730824,8.14526,0,8.14526,0,6.85495,0,6.74995,0,y1
7,5.56,8.13767,0,8.13767,0,6.89115,0,6.78977,0,y1
7,5.64119184193756,8.12141,0,8.12141,0,6.95765,0,6.86335,0,y1
7,5.68,8.11286,0,8.11286,0,6.98831,0,6.89742,0,y1
7,5.7677154858409,8.09183,0,8.09183,0,7.05551,0,6.97192,0,y1
7,5.8,8.08354,0,8.08354,0,7.07945,0,6.99848,0,y1
7,5.8970768691644,8.05696,0,8.05696,0,7.14891,0,7.07558,0,y1
7,5.92,8.05036,0,8.05036,0,7.16478,0,7.0932,0,y1
7,6,8.02639,0,8.02639,0,7.21845,0,7.15296,0,y1
7,6.02933963823352,8.01727,0,8.01727,0,7.23746,0,7.1742,0,y1
7,6.04,8.01392,0,8.01392,0,7.24427,0,7.18182,0,y1
7,6.16,7.97478,0,7.97478,0,7.31782,0,7.26438,0,y1
7,6.16456886686726,7.97324,0,7.97324,0,7.3205,0,7.2674,0,y1
7,6.28,7.93335,0,7.93335,0,7.38513,0,7.34081,0,y1
7,6.30283108839477,7.9252,0,7.9252,0,7.39724,0,7.35466,0,y1
7,6.4,7.88946,0,7.88946,0,7.4462,0,7.41109,0,y1
7,6.44419432839,7.87251,0,7.87251,0,7.46702,0,7.43536,0,y1
7,6.5,7.85042,0,7.85042,0,7.49206,0,7.46477,0,y1
7,6.52,7.84232,0,7.84232,0,7.50069,0,7.47497,0,y1
7,6.58872813814059,7.81375,0,7.81375,0,7.52894,0,7.50861,0,y1
7,6.64,7.79169,0,7.79169,0,7.5485,0,7.53227,0,y1
7,6.73650362886733,7.74848,0,7.74848,0,7.58191,0,7.57347,0,y1
7,6.76,7.73762,0,7.73762,0,7.58938,0,7.58283,0,y1
7,6.88,7.68011,0,7.68011,0,7.62331,0,7.62644,0,y1
7,6.88759350671123,7.67635,0,7.67635,0,7.62521,0,7.62896,0,y1
7,7,7.61914,0,7.61914,0,7.65003,0,7.66299,0,y1
7,7.04207210850521,7.59695,0,7.59695,0,7.6577,0,7.67411,0,y1
7,7.12,7.55471,0,7.55471,0,7.6696,0,7.69237,0,y1
7,7.2000154383481,7.50982,0,7.50982,0,7.6787,0,7.70799,0,y1
7,7.24,7.48679,0,7.48679,0,7.68206,0,7.71459,0,y1
7,7.36,7.41531,0,7.41531,0,7.68756,0,7.72972,0,y1
7,7.361501204999,7.41439,0,7.41439,0,7.68759,0,7.72986,0,y1
7,7.48,7.34021,0,7.34021,0,7.68633,0,7.7379,0,y1
7,7.5,7.32733,0,7.32733,0,7.68549,0,7.73861,0,y1
7,7.5266088601103,7.31005,0,7.31005,0,7.6841,0,7.73928,0,y1
7,7.6,7.26143,0,7.26143,0,7.67863,0,7.73945,0,y1
7,7.6954196373182,7.19612,0,7.19612,0,7.66816,0,7.7361,0,y1
7,7.72,7.1789,0,7.1789,0,7.66487,0,7.73462,0,y1
7,7.84,7.09255,0,7.09255,0,7.64545,0,7.72386,0,y1
7,7.86801659220999,7.07183,0,7.07183,0,7.64014,0,7.72054,0,y1
7,7.96,7.0023,0,7.0023,0,7.62081,0,7.70761,0,y1
7,8,6.97134,0,6.97134,0,7.61152,0,7.70105,0,y1
7,8.04448464318775,6.9364,0,6.9364,0,7.60061,0,7.69312,0,y1
7,8.08,6.90811,0,6.90811,0,7.59146,0,7.68634,0,y1
7,8.2,6.80995,0,6.80995,0,7.55781,0,7.66056,0,y1
7,8.22491061324853,6.78907,0,6.78907,0,7.55029,0,7.65469,0,y1
7,8.32,6.70783,0,6.70783,0,7.51969,0,7.63076,0,y1
7,8.40938327270165,6.62921,0,6.62921,0,7.48792,0,7.60623,0,y1
7,8.44,6.60179,0,6.60179,0,7.47627,0,7.59736,0,y1
7,8.5,6.54733,0,6.54733,0,7.45216,0,7.57926,0,y1
7,8.56,6.49194,0,6.49194,0,7.42659,0,7.56021,0,y1
7,8.59799338284401,6.45641,0,6.45641,0,7.40974,0,7.54762,0,y1
7,8.68,6.37849,0,6.37849,0,7.37179,0,7.51893,0,y1
7,8.79083374061504,6.27072,0,6.27072,0,7.31662,0,7.47666,0,y1
7,8.8,6.26169,0,6.26169,0,7.31187,0,7.473,0,y1
7,8.92,6.14191,0,6.14191,0,7.24697,0,7.42286,0,y1
7,8.98799922425316,6.07288,0,6.07288,0,7.20798,0,7.39269,0,y1
7,9,6.06062,0,6.06062,0,7.20093,0,7.38723,0,y1
7,9.04,6.01964,0,6.01964,0,7.17709,0,7.36875,0,y1
7,9.16,5.89543,0,5.89543,0,7.10234,0,7.3107,0,y1
7,9.18958683997628,5.86462,0,5.86462,0,7.08317,0,7.2958,0,y1
7,9.28,5.77007,0,5.77007,0,7.02277,0,7.24883,0,y1
7,9.39569576970923,5.64862,0,5.64862,0,6.94152,0,7.18567,0,y1
7,9.4,5.64409,0,5.64409,0,6.93841,0,7.18325,0,y1
7,9.5,5.53899,0,5.53899,0,6.86445,0,7.12583,0,y1
7,9.52,5.51796,0,5.51796,0,6.84926,0,7.11405,0,y1
7,9.60642741988167,5.4273,0,5.4273,0,6.78209,0,7.06195,0,y1
7,9.64,5.39226,0,5.39226,0,6.75532,0,7.0412,0,y1
7,9.76,5.26817,0,5.26817,0,6.65661,0,6.96471,0,y1
7,9.82188547132048,5.20552,0,5.20552,0,6.60384,0,6.92382,0,y1
7,9.88,5.14771,0,5.14771,0,6.55312,0,6.88453,0,y1
7,10,5.03166,0,5.03166,0,6.44482,0,6.80065,0,y1
7,10.0421759302611,4.99182,0,4.99182,0,6.40561,0,6.77027,0,y1
7,10.12,4.91963,0,4.91963,0,6.33171,0,6.713,0,y1
7,10.24,4.81235,0,4.81235,0,6.21388,0,6.62159,0,y1
7,10.2674071805032,4.78858,0,4.78858,0,6.18632,0,6.60019,0,y1
7,10.36,4.71034,0,4.71034,0,6.0914,0,6.52638,0,y1
7,10.48,4.61381,0,4.61381,0,5.96443,0,6.42733,0,y1
7,10.4976900367357,4.60005,0,4.60005,0,5.94535,0,6.4124,0,y1
7,10.5,4.59827,0,4.59827,0,5.94285,0,6.41045,0,y1
7,10.6,4.52291,0,4.52291,0,5.83321,0,6.32443,0,y1
7,10.72,4.43757,0,4.43757,0,5.69794,0,6.21777,0,y1
7,10.7331377990581,4.42856,0,4.42856,0,5.68291,0,6.20586,0,y1
7,10.84,4.35764,0,4.35764,0,5.55906,0,6.10726,0,y1
7,10.96,4.283,0,4.283,0,5.41681,0,5.99321,0,y1
7,10.9738663087248,4.2747,0,4.2747,0,5.40019,0,5.9798,0,y1
7,11,4.25924,0,4.25924,0,5.36878,0,5.95438,0,y1
7,11.08,4.21339,0,4.21339,0,5.27168,0,5.87532,0,y1
7,11.2,4.14839,0,4.14839,0,5.12336,0,5.75373,0,y1
7,11.2199940051392,4.13799,0,4.13799,0,5.09824,0,5.7331,0,y1
7,11.32,4.08782,0,4.08782,0,4.97169,0,5.62859,0,y1
7,11.44,4.03149,0,4.03149,0,4.81844,0,5.50021,0,y1
7,11.4716419841266,4.01708,0,4.01708,0,4.77801,0,5.46589,0,y1
7,11.5,4.00423,0,4.00423,0,4.74177,0,5.43496,0,y1
7,11.56,3.9776,0,3.9776,0,4.66534,0,5.36894,0,y1
7,11.68,3.92828,0,3.92828,0,4.51238,0,5.23513,0,y1
7,11.7289340575137,3.90961,0,3.90961,0,4.44966,0,5.17978,0,y1
7,11.8,3.88284,0,3.88284,0,4.35861,0,5.09893,0,y1
7,11.92,3.83819,0,3.83819,0,4.20594,0,4.96094,0,y1
7,11.9919968140444,3.81308,0,3.81308,0,4.11513,0,4.8777,0,y1
7,12,3.81037,0,3.81037,0,4.10507,0,4.86843,0,y1
7,12.04,3.79704,0,3.79704,0,4.05494,0,4.82194,0,y1
7,12.16,3.75868,0,3.75868,0,3.906,0,4.68249,0,y1
7,12.2609596816623,3.72614,0,3.72614,0,3.78255,0,4.5648,0,y1
7,12.28,3.71994,0,3.71994,0,3.75947,0,4.54267,0,y1
7,12.4,3.68253,0,3.68253,0,3.61594,0,4.40308,0,y1
7,12.5,3.65416,0,3.65416,0,3.49898,0,4.28669,0,y1
7,12.52,3.64848,0,3.64848,0,3.4758,0,4.26344,0,y1
7,12.5359549911895,3.64385,0,3.64385,0,3.45735,0,4.24489,0,y1
7,12.64,3.61361,0,3.61361,0,3.33749,0,4.12432,0,y1
7,12.76,3.58133,0,3.58133,0,3.20115,0,3.98705,0,y1
7,12.817118041434,3.56666,0,3.56666,0,3.13802,0,3.9225,0,y1
7,12.88,3.54965,0,3.54965,0,3.07028,0,3.85205,0,y1
7,13,3.51736,0,3.51736,0,2.9424,1,3.71924,0,y1
7,13.1045871657572,3.49107,0,3.49107,0,2.83236,1,3.60556,0,y1
7,13.12,3.48709,0,3.48709,0,2.81635,1,3.58902,0,y1
7,13.24,3.45478,0,3.45478,0,2.69311,1,3.46201,0,y1
7,13.36,3.42433,0,3.42433,0,2.57421,1,3.33797,0,y1
7,13.3985038001348,3.41583,0,3.41583,0,2.53675,1,3.29877,0,y1
7,13.48,3.39708,0,3.39708,0,2.45839,1,3.21678,0,y1
7,13.5,3.39209,0,3.39209,0,2.43935,1,3.19685,0,y1
7,13.6,3.36627,0,3.36627,0,2.34531,1,3.09844,0,y1
7,13.6990125527433,3.34093,0,3.34093,0,2.25411,1,3.00286,0,y1
7,13.72,3.33547,0,3.33547,0,2.23503,1,2.98285,1,y1
7,13.84,3.30673,0,3.30673,0,2.12751,1,2.87073,1,y1
7,13.96,3.27706,0,3.27706,0,2.02274,1,2.76084,1,y1
7,14,3.26764,0,3.26764,0,1.98841,1,2.72455,1,y1
7,14.0062612751082,3.26606,0,3.26606,0,1.98306,1,2.7189,1,y1
7,14.08,3.2473,0,3.2473,0,1.9206,1,2.6531,1,y1
7,14.2,3.21726,0,3.21726,0,1.82082,1,2.54862,1,y1
7,14.32,3.18687,0,3.18687,0,1.72342,1,2.44698,1,y1
7,14.3204011348476,3.18676,0,3.18676,0,1.72309,1,2.44664,1,y1
7,14.44,3.1562,0,3.1562,0,1.62752,1,2.34835,1,y1
7,14.5,3.14075,0,3.14075,0,1.58063,1,2.30057,1,y1
7,14.56,3.12524,0,3.12524,0,1.53438,1,2.25237,1,y1
7,14.6415866900469,3.10397,0,3.10397,0,1.47189,1,2.1875,1,y1
7,14.68,3.09386,0,3.09386,0,1.44281,1,2.15745,1,y1
7,14.8,3.06226,0,3.06226,0,1.35385,1,2.06554,1,y1
7,14.92,3.03086,0,3.03086,0,1.26602,1,1.97608,1,y1
7,14.9699759653024,3.0174,0,3.0174,0,1.23051,1,1.93949,1,y1
7,15,3.00912,0,3.00912,0,1.20954,1,1.91762,1,y1
7,15.04,2.9981,1,2.9981,1,1.18182,1,1.88843,1,y1
7,15.16,2.96544,1,2.96544,1,1.09898,1,1.80218,1,y1
7,15.28,2.93312,1,2.93312,1,1.01719,1,1.71996,1,y1
7,15.30573052947,2.92587,1,2.92587,1,1.00006,1,1.7027,1,y1
7,15.4,2.89944,1,2.89944,1,0.937024,1,1.63932,1,y1
7,15.5,2.87215,1,2.87215,1,0.871091,1,1.57207,1,y1
7,15.52,2.86655,1,2.86655,1,0.858055,1,1.55874,1,y1
7,15.64,2.83162,1,2.83162,1,0.780421,1,1.47941,1,y1
7,15.6490155751574,2.82899,1,2.82899,1,0.774632,1,1.47353,1,y1
7,15.76,2.79748,1,2.79748,1,0.70395,1,1.40255,1,y1
7,15.88,2.76366,1,2.76366,1,0.628637,1,1.32811,1,y1
7,16,2.72837,1,2.72837,1,0.554346,1,1.25405,1,y1
8,1,0,1,0,1,0,1,0,1,y1
8,1.02404791316671,0,1,0,1,0,1,0,1,y1
8,1.0486741284611,0,1,0,1,0,1,0,1,y1
8,1.07389255284251,0,1,0,1,0,1,0,1,y1
8,1.09971742770365,0,1,0,1,0,1,0,1,y1
8,1.12616333691299,0,1,0,1,0,1,0,1,y1
8,1.148,0,1,0,1,0,1,0,1,y1
8,1.15324521505061,0,1,0,1,0,1,0,1,y1
8,1.18097835584208,0,1,0,1,0,1,0,1,y1
8,1.20937842079513,0,1,0,1,0,1,0,1,y1
8,1.23846144804411,0,1,0,1,0,1,0,1,y1
8,1.268243861407,0,1,0,1,0,1,0,1,y1
8,1.296,0,1,0,1,0,1,0,1,y1
8,1.29874247966033,0,1,0,1,0,1,0,1,y1
8,1.32997452603713,0,1,0,1,0,1,0,1,y1
8,1.36195763795321,0,1,0,1,0,1,0,1,y1
8,1.39470987696745,0,1,0,1,0,1,0,1,y1
8,1.42824973898152,0,1,0,1,0,1,0,1,y1
8,1.444,0,1,0,1,0,1,0,1,y1
8,1.46259616468493,0,1,0,1,0,1,0,1,y1
8,1.49776855025124,0,1,0,1,0,1,0,1,y1
8,1.5,0,1,0,1,0,1,0,1,y1
8,1.53378675829152,0,1,0,1,0,1,0,1,y1
8,1.57067112907117,0,1,0,1,0,1,0,1,y1
8,1.592,0,1,0,1,0,1,0,1,y1
8,1.60844249199654,0,1,0,1,0,1,0,1,y1
8,1.64712217737772,0,1,0,1,0,1,0,1,y1
8,1.68673202847427,0,1,0,1,0,1,0,1,y1
8,1.72729441383054,0,1,0,1,0,1,0,1,y1
8,1.74,0,1,0,1,0,1,0,1,y1
8,1.76883223990768,0,1,0,1,0,1,0,1,y1
8,1.81136896401947,0,1,0,1,0,1,0,1,y1
8,1.85492860757909,0,1,0,1,0,1,0,1,y1
8,1.888,0,1,0,1,0,1,0,1,y1
8,1.8995357696646,0,1,0,1,0,1,0,1,y1
8,1.94521564091056,0,1,0,1,0,1,0,1,y1
8,1.99199401773371,0.977793,1,0.977793,1,0,1,0,1,y1
8,2,1.13314,1,1.13314,1,0,1,0,1,y1
8,2.036,1.74419,1,1.74419,1,0,1,0,1,y1
8,2.03989731690079,1.80289,1,1.80289,1,0,1,0,1,y1
8,2.08895259044663,2.45057,1,2.45057,1,0,1,0,1,y1
8,2.13918754095107,2.98552,1,2.98552,1,0,1,0,1,y1
8,2.184,3.38688,0,3.38688,0,0,1,0,1,y1
8,2.19063053718318,3.4414,0,3.4414,0,0,1,0,1,y1
8,2.24331063012171,3.83792,0,3.83792,0,0,1,0,1,y1
8,2.29725756936084,4.18819,0,4.18819,0,0,1,0,1,y1
8,2.332,4.3899,0,4.3899,0,0,1,0,1,y1
8,2.35250181991041,4.50142,0,4.50142,0,0,1,0,1,y1
8,2.40907457940015,4.7843,0,4.7843,0,0,1,0,1,y1
8,2.4670077956977,5.04182,0,5.04182,0,1.78078,1,1.72462,1,y1
8,2.48,5.09573,0,5.09573,0,2.12542,1,2.07382,1,y1
8,2.5,5.17627,0,5.17627,0,2.57225,1,2.52559,1,y1
8,2.52633418495025,5.27791,0,5.27791,0,3.05208,0,3.00939,0,y1
8,2.58708725006003,5.49575,0,5.49575,0,3.87302,0,3.83522,0,y1
8,2.628,5.63067,0,5.63067,0,4.28919,0,4.25232,0,y1
8,2.64930129960419,5.69756,0,5.69756,0,4.47664,0,4.43985,0,y1
8,2.71301146720953,5.88522,0,5.88522,0,4.95073,0,4.91227,0,y1
8,2.776,6.05466,0,6.05466,0,5.32716,0,5.28583,0,y1
8,2.77825373139329,6.06045,0,6.06045,0,5.33932,0,5.29792,0,y1
8,2.84506493588093,6.22454,0,6.22454,0,5.66715,0,5.62495,0,y1
8,2.91348281041266,6.37858,0,6.37858,0,5.94945,0,5.90837,0,y1
8,2.924,6.40113,0,6.40113,0,5.98893,0,5.94816,0,y1
8,2.98354599205017,6.52358,0,6.52358,0,6.19617,0,6.15776,0,y1
8,3,6.55594,0,6.55594,0,6.24912,0,6.21128,0,y1
8,3.05529404699589,6.66036,0,6.66036,0,6.41528,0,6.3787,0,y1
8,3.072,6.69064,0,6.69064,0,6.46223,0,6.42591,0,y1
8,3.12876749293683,6.78922,0,6.78922,0,6.61186,0,6.57603,0,y1
8,3.20400782192581,6.91089,0,6.91089,0,6.78956,0,6.75387,0,y1
8,3.22,6.93558,0,6.93558,0,6.82467,0,6.78897,0,y1
8,3.28105752381295,7.02622,0,7.02622,0,6.95117,0,6.91541,0,y1
8,3.3599601102406,7.13559,0,7.13559,0,7.09899,0,7.0631,0,y1
8,3.368,7.14628,0,7.14628,0,7.11316,0,7.07726,0,y1
8,3.44076013921529,7.23956,0,7.23956,0,7.23479,0,7.19882,0,y1
8,3.5,7.31106,0,7.31106,0,7.32579,0,7.28978,0,y1
8,3.516,7.32971,0,7.32971,0,7.34924,0,7.31323,0,y1
8,3.52350324027063,7.33837,0,7.33837,0,7.36008,0,7.32407,0,y1
8,3.60823614023529,7.43214,0,7.43214,0,7.476,0,7.44002,0,y1
8,3.664,7.49,0,7.49,0,7.54631,0,7.51037,0,y1
8,3.69500668962067,7.52092,0,7.52092,0,7.58353,0,7.54762,0,y1
8,3.78386388964309,7.60483,0,7.60483,0,7.68335,0,7.64765,0,y1
8,3.812,7.62998,0,7.62998,0,7.713,0,7.67738,0,y1
8,3.87485791989589,7.68385,0,7.68385,0,7.77611,0,7.74071,0,y1
8,3.96,7.75179,0,7.75179,0,7.85514,0,7.82013,0,y1
8,3.9680401666869,7.75791,0,7.75791,0,7.86224,0,7.82727,0,y1
8,4,7.78179,0,7.78179,0,7.88987,0,7.85508,0,y1
8,4.06346325205742,7.82694,0,7.82694,0,7.94206,0,7.90766,0,y1
8,4.108,7.85684,0,7.85684,0,7.97664,0,7.94255,0,y1
8,4.16118106349903,7.8907,0,7.8907,0,8.0158,0,7.98214,0,y1
8,4.256,7.9461,0,7.9461,0,8.08019,0,8.04742,0,y1
8,4.26124878438503,7.94898,0,7.94898,0,8.08357,0,8.05084,0,y1
8,4.36372292513368,8.0015,0,8.0015,0,8.1454,0,8.11383,0,y1
8,4.404,8.02019,0,8.02019,0,8.16769,0,8.13665,0,y1
8,4.4686613551209,8.04791,0,8.04791,0,8.20123,0,8.17109,0,y1
8,4.5,8.06034,0,8.06034,0,8.2165,0,8.18681,0,y1
8,4.552,8.07954,0,8.07954,0,8.2404,0,8.21155,0,y1
8,4.57612333536029,8.08785,0,8.08785,0,8.2509,0,8.22247,0,y1
8,4.68616955196921,8.12095,0,8.12095,0,8.29431,0,8.26792,0,y1
8,4.7,8.12456,0,8.12456,0,8.29925,0,8.27313,0,y1
8,4.79886215043946,8.14686,0,8.14686,0,8.3311,0,8.30718,0,y1
8,4.848,8.15571,0,8.15571,0,8.34487,0,8.32205,0,y1
8,4.91426477073226,8.16532,0,8.16532,0,8.36128,0,8.34007,0,y1
8,4.996,8.17364,0,8.17364,0,8.3781,0,8.35914,0,y1
8,5,8.17394,0,8.17394,0,8.37884,0,8.35998,0,y1
8,5.03244258321707,8.17611,0,8.17611,0,8.38451,0,8.36651,0,y1
8,5.144,8.17917,0,8.17917,0,8.39969,0,8.38496,0,y1
8,5.15346232547475,8.17912,0,8.17912,0,8.40069,0,8.38625,0,y1
8,5.2773923399857,8.17438,0,8.17438,0,8.40982,0,8.3993,0,y1
8,5.292,8.17333,0,8.17333,0,8.41041,0,8.40036,0,y1
8,5.40430261272435,8.16203,0,8.16203,0,8.41173,0,8.40536,0,y1
8,5.44,8.15729,0,8.15729,0,8.411,0,8.40587,0,y1
8,5.5,8.14817,0,8.14817,0,8.40858,0,8.4055,0,y1
8,5.53426481268179,8.14234,0,8.14234,0,8.40653,0,8.40461,0,y1
8,5.588,8.13232,0,8.13232,0,8.4024,0,8.40231,0,y1
8,5.66735233233876,8.1157,0,8.1157,0,8.39431,0,8.39705,0,y1
8,5.736,8.0997,0,8.0997,0,8.38549,0,8.39074,0,y1
8,5.80364032911202,8.08259,0,8.08259,0,8.37525,0,8.38296,0,y1
8,5.884,8.06068,0,8.06068,0,8.36118,0,8.37185,0,y1
8,5.94320576779734,8.04355,0,8.04355,0,8.34956,0,8.36243,0,y1
8,6,8.02639,0,8.02639,0,8.33745,0,8.35246,0,y1
8,6.032,8.01644,0,8.01644,0,8.33024,0,8.34645,0,y1
8,6.08612746403324,7.99917,0,7.99917,0,8.3174,0,8.33568,0,y1
8,6.18,7.96803,0,7.96803,0,8.29334,0,8.31527,0,y1
8,6.23248612880987,7.95003,0,7.95003,0,8.27895,0,8.30295,0,y1
8,6.328,7.91611,0,7.91611,0,8.2511,0,8.27893,0,y1
8,6.38236441404823,7.89609,0,7.89609,0,8.23434,0,8.26439,0,y1
8,6.476,7.86001,0,7.86001,0,8.20398,0,8.23794,0,y1
8,6.5,7.85042,0,7.85042,0,8.1959,0,8.23088,0,y1
8,6.53584695927559,7.83583,0,7.83583,0,8.18363,0,8.22013,0,y1
8,6.624,7.79864,0,7.79864,0,8.15235,0,8.19267,0,y1
8,6.69302043942318,7.76823,0,7.76823,0,8.12681,0,8.17019,0,y1
8,6.772,7.73203,0,7.73203,0,8.09648,0,8.14344,0,y1
8,6.85397361377347,7.69287,0,7.69287,0,8.06379,0,8.11454,0,y1
8,6.92,7.66017,0,7.66017,0,8.03658,0,8.09045,0,y1
8,7,7.61914,0,7.61914,0,8.00256,0,8.06029,0,y1
8,7.01879737608444,7.60928,0,7.60928,0,7.9944,0,8.05305,0,y1
8,7.068,7.58306,0,7.58306,0,7.97274,0,8.03383,0,y1
8,7.18758480591928,7.51689,0,7.51689,0,7.91829,0,7.98547,0,y1
8,7.216,7.50066,0,7.50066,0,7.90498,0,7.97364,0,y1
8,7.36043122121042,7.41505,0,7.41505,0,7.83506,0,7.91147,0,y1
8,7.364,7.41286,0,7.41286,0,7.83329,0,7.90989,0,y1
8,7.5,7.32733,0,7.32733,0,7.76388,0,7.84812,0,y1
8,7.512,7.31956,0,7.31956,0,7.75759,0,7.84252,0,y1
8,7.53743423208766,7.30296,0,7.30296,0,7.74417,0,7.83058,0,y1
8,7.66,7.22064,0,7.22064,0,7.67779,0,7.77148,0,y1
8,7.71869379600071,7.17982,0,7.17982,0,7.64497,0,7.74227,0,y1
8,7.808,7.11595,0,7.11595,0,7.59375,0,7.69667,0,y1
8,7.90431227416739,7.04467,0,7.04467,0,7.53673,0,7.64591,0,y1
8,7.956,7.00537,0,7.00537,0,7.50534,0,7.61798,0,y1
8,8,6.97134,0,6.97134,0,7.47819,0,7.59381,0,y1
8,8.09439448937916,6.89654,0,6.89654,0,7.41856,0,7.54075,0,y1
8,8.104,6.88879,0,6.88879,0,7.41239,0,7.53525,0,y1
8,8.252,6.76618,0,6.76618,0,7.31472,0,7.44835,0,y1
8,8.28904778519687,6.73455,0,6.73455,0,7.28952,0,7.42593,0,y1
8,8.4,6.63756,0,6.63756,0,7.21217,0,7.35711,0,y1
8,8.48838208657003,6.55795,0,6.55795,0,7.14851,0,7.30048,0,y1
8,8.5,6.54733,0,6.54733,0,7.14001,0,7.29291,0,y1
8,8.548,6.50309,0,6.50309,0,7.10453,0,7.26135,0,y1
8,8.69250996191376,6.36647,0,6.36647,0,6.99436,0,7.16332,0,y1
8,8.696,6.36311,0,6.36311,0,6.99163,0,7.1609,0,y1
8,8.844,6.21808,0,6.21808,0,6.87331,0,7.05557,0,y1
8,8.90154668667865,6.16051,0,6.16051,0,6.82579,0,7.01327,0,y1
8,8.992,6.0688,0,6.0688,0,6.74938,0,6.94521,0,y1
8,9,6.06063,0,6.06063,0,6.74252,0,6.9391,0,y1
8,9.11561030844935,5.94154,0,5.94154,0,6.64147,0,6.84906,0,y1
8,9.14,5.91622,0,5.91622,0,6.61969,0,6.82965,0,y1
8,9.288,5.76169,0,5.76169,0,6.48417,0,6.70872,0,y1
8,9.33482171360854,5.71262,0,5.71262,0,6.44007,0,6.66933,0,y1
8,9.436,5.60625,0,5.60625,0,6.3428,0,6.5823,0,y1
8,9.5,5.539,0,5.539,0,6.27985,0,6.5259,0,y1
8,9.55930469560415,5.47666,0,5.47666,0,6.22055,0,6.47271,0,y1
8,9.584,5.45077,0,5.45077,0,6.19558,0,6.45029,0,y1
8,9.732,5.29686,0,5.29686,0,6.04247,0,6.31269,0,y1
8,9.7891860248582,5.23851,0,5.23851,0,5.98177,0,6.25803,0,y1
8,9.88,5.14773,0,5.14773,0,5.88378,0,6.16952,0,y1
8,10,5.03168,0,5.03168,0,5.75213,0,6.04938,0,y1
8,10.0245955203568,5.00838,0,5.00838,0,5.72492,0,6.0243,0,y1
8,10.028,5.00517,0,5.00517,0,5.72114,0,6.02082,0,y1
8,10.176,4.86894,0,4.86894,0,5.55512,0,5.86675,0,y1
8,10.2656661229618,4.7901,0,4.7901,0,5.45234,0,5.77109,0,y1
8,10.324,4.7404,0,4.7404,0,5.38445,0,5.70819,0,y1
8,10.472,4.6201,0,4.6201,0,5.21181,0,5.54688,0,y1
8,10.5,4.59829,0,4.59829,0,5.17968,0,5.51601,0,y1
8,10.5125339704852,4.58862,0,4.58862,0,5.16533,0,5.50215,0,y1
8,10.62,4.50832,0,4.50832,0,5.04277,0,5.38227,0,y1
8,10.7653384745696,4.40677,0,4.40677,0,4.8755,0,5.21761,0,y1
8,10.768,4.40499,0,4.40499,0,4.87244,0,5.21459,0,y1
8,10.916,4.3098,0,4.3098,0,4.70705,0,5.04935,0,y1
8,11,4.25926,0,4.25926,0,4.61775,0,4.95707,0,y1
8,11.0242223994163,4.24515,0,4.24515,0,4.59271,0,4.93038,0,y1
8,11.064,4.22241,0,4.22241,0,4.5523,0,4.88641,0,y1
8,11.212,4.14215,0,4.14215,0,4.40994,0,4.72414,0,y1
8,11.289331942408,4.10288,0,4.10288,0,4.3404,0,4.64279,0,y1
8,11.36,4.06868,0,4.06868,0,4.27905,0,4.57096,0,y1
8,11.5,4.00425,0,4.00425,0,4.16492,0,4.43727,0,y1
8,11.508,4.00065,0,4.00065,0,4.15891,0,4.42999,0,y1
8,11.5608168166693,3.97726,0,3.97726,0,4.12043,0,4.38291,0,y1
8,11.656,3.93768,0,3.93768,0,4.05459,0,4.30192,0,y1
8,11.804,3.88133,0,3.88133,0,3.96154,0,4.18333,0,y1
8,11.8388303356128,3.86817,0,3.86817,0,3.94146,0,4.15681,0,y1
8,11.952,3.82685,0,3.82685,0,3.87869,0,4.07794,0,y1
8,12,3.81038,0,3.81038,0,3.85411,0,4.0468,0,y1
8,12.1,3.77763,0,3.77763,0,3.80632,0,3.98487,0,y1
8,12.1235294995191,3.77017,0,3.77017,0,3.79569,0,3.97103,0,y1
8,12.248,3.73033,0,3.73033,0,3.7437,0,3.90286,0,y1
8,12.396,3.68371,0,3.68371,0,3.68809,0,3.82939,0,y1
8,12.4150750841976,3.67811,0,3.67811,0,3.68149,0,3.82065,0,y1
8,12.5,3.65415,0,3.65415,0,3.65339,0,3.78362,0,y1
8,12.544,3.6415,0,3.6415,0,3.63962,0,3.76549,0,y1
8,12.692,3.59924,0,3.59924,0,3.5968,0,3.71027,0,y1
8,12.7136317317806,3.59342,0,3.59342,0,3.59088,0,3.70263,0,y1
8,12.84,3.56065,0,3.56065,0,3.55901,0,3.66043,0,y1
8,12.988,3.52048,0,3.52048,0,3.52548,0,3.61706,0,y1
8,13,3.51738,0,3.51738,0,3.52292,0,3.61377,0,y1
8,13.0193680437001,3.51242,0,3.51242,0,3.51883,0,3.60853,0,y1
8,13.136,3.48287,0,3.48287,0,3.49528,0,3.57817,0,y1
8,13.284,3.44312,0,3.44312,0,3.46773,0,3.54342,0,y1
8,13.3324566759004,3.4307,0,3.4307,0,3.45921,0,3.53304,0,y1
8,13.432,3.40832,0,3.40832,0,3.44235,0,3.51283,0,y1
8,13.5,3.39211,0,3.39211,0,3.43127,0,3.49972,0,y1
8,13.58,3.37143,0,3.37143,0,3.41864,0,3.48494,0,y1
8,13.6530744363415,3.35271,0,3.35271,0,3.40741,0,3.47162,0,y1
8,13.728,3.33347,0,3.33347,0,3.39613,0,3.45877,0,y1
8,13.876,3.29803,0,3.29803,0,3.37452,0,3.43478,0,y1
8,13.9814023848453,3.27205,0,3.27205,0,3.35954,0,3.41847,0,y1
8,14,3.26763,0,3.26763,0,3.35692,0,3.41565,0,y1
8,14.024,3.26153,0,3.26153,0,3.35355,0,3.41203,0,y1
8,14.172,3.22437,0,3.22437,0,3.33292,0,3.39021,0,y1
8,14.3176259353449,3.1875,0,3.1875,0,3.31268,0,3.36935,0,y1
8,14.32,3.18689,0,3.18689,0,3.31235,0,3.36902,0,y1
8,14.468,3.14895,0,3.14895,0,3.29165,0,3.34842,0,y1
8,14.5,3.1407,0,3.1407,0,3.28722,0,3.34401,0,y1
8,14.616,3.11063,0,3.11063,0,3.27146,0,3.32806,0,y1
8,14.6619349605916,3.09865,0,3.09865,0,3.26532,0,3.32174,0,y1
8,14.764,3.07184,0,3.07184,0,3.25106,0,3.30772,0,y1
8,14.912,3.03224,0,3.03224,0,3.23022,0,3.28743,0,y1
8,15,3.00913,0,3.00913,0,3.21845,0,3.27535,0,y1
8,15.0145238993799,3.0053,0,3.0053,0,3.21645,0,3.27336,0,y1
8,15.06,2.99318,1,2.99318,1,3.21001,0,3.26709,0,y1
8,15.208,2.95269,1,2.95269,1,3.18844,0,3.24669,0,y1
8,15.356,2.91097,1,2.91097,1,3.16686,0,3.22621,0,y1
8,15.3755918663517,2.90562,1,2.90562,1,3.164,0,3.22344,0,y1
8,15.5,2.87143,1,2.87143,1,3.14559,0,3.20517,0,y1
8,15.504,2.87031,1,2.87031,1,3.14499,0,3.20456,0,y1
8,15.652,2.82852,1,2.82852,1,3.12273,0,3.18275,0,y1
8,15.7453427644406,2.80177,1,2.80177,1,3.1084,0,3.16964,0,y1
8,15.8,2.78637,1,2.78637,1,3.09988,0,3.16157,0,y1
8,15.948,2.74361,1,2.74361,1,3.07752,0,3.13915,0,y1
8,16,2.72852,1,2.72852,1,3.06978,0,3.13123,0,y1
8,16.096,2.70049,1,2.70049,1,3.05387,0,3.1167,0,y1
8,16.12398540002,2.69225,1,2.69225,1,3.04903,0,3.11244,0,y1
8,16.244,2.65682,1,2.65682,1,3.02939,0,3.09381,0,y1
8,16.392,2.61286,1,2.61286,1,3.00622,0,3.07018,0,y1
8,16.5,2.5804,1,2.5804,1,2.98702,1,3.05279,0,y1
8,16.5117336008211,2.57681,1,2.57681,1,2.985,1,3.05089,0,y1
8,16.54,2.56822,1,2.56822,1,2.98023,1,3.0463,0,y1
8,16.688,2.52316,1,2.52316,1,2.95644,1,3.02218,0,y1
8,16.836,2.4778,1,2.4778,1,2.9304,1,2.99921,1,y1
8,16.9088063366855,2.45551,1,2.45551,1,2.91766,1,2.98682,1,y1
8,16.984,2.43211,1,2.43211,1,2.90426,1,2.97392,1,y1
8,17,2.42712,1,2.42712,1,2.90142,1,2.97123,1,y1
8,17.132,2.38586,1,2.38586,1,2.87925,1,2.94948,1,y1
8,17.28,2.33923,1,2.33923,1,2.853,1,2.92443,1,y1
8,17.3154278432229,2.32801,1,2.32801,1,2.84677,1,2.91804,1,y1
8,17.428,2.29221,1,2.29221,1,2.82626,1,2.8982,1,y1
8,17.5,2.26922,1,2.26922,1,2.81359,1,2.88587,1,y1
8,17.576,2.24482,1,2.24482,1,2.79984,1,2.87273,1,y1
8,17.724,2.19709,1,2.19709,1,2.77289,1,2.84623,1,y1
8,17.7318277484412,2.19457,1,2.19457,1,2.77146,1,2.84484,1,y1
8,17.872,2.14921,1,2.14921,1,2.74562,1,2.82031,1,y1
8,18,2.10759,1,2.10759,1,2.72178,1,2.79731,1,y1
8,18.02,2.10105,1,2.10105,1,2.71804,1,2.79374,1,y1
8,18.1582412024229,2.05562,1,2.05562,1,2.69204,1,2.76874,1,y1
8,18.168,2.0524,1,2.0524,1,2.69019,1,2.76697,1,y1
8,18.316,2.00355,1,2.00355,1,2.66213,1,2.73987,1,y1
8,18.464,1.95442,1,1.95442,1,2.63391,1,2.71215,1,y1
8,18.5,1.94241,1,1.94241,1,2.62695,1,2.70532,1,y1
8,18.594909010119,1.91059,1,1.91059,1,2.60842,1,2.68836,1,y1
8,18.612,1.90484,1,1.90484,1,2.60508,1,2.68515,1,y1
8,18.76,1.85471,1,1.85471,1,2.57643,1,2.65726,1,y1
8,18.908,1.80415,1,1.80415,1,2.54772,1,2.62915,1,y1
8,19,1.77288,1,1.77288,1,2.52964,1,2.61168,1,y1
8,19.0420777673373,1.75857,1,1.75857,1,2.52128,1,2.60342,1,y1
8,19.056,1.75383,1,1.75383,1,2.5185,1,2.60073,1,y1
8,19.204,1.70327,1,1.70327,1,2.48881,1,2.57243,1,y1
8,19.352,1.65263,1,1.65263,1,2.45923,1,2.54373,1,y1
8,19.5,1.60131,1,1.60131,1,2.43006,1,2.51549,1,y1
9,1,0,1,0,1,0,1,0,1,y1
9,1.02316176962892,0,1,0,1,0,1,0,1,y1
9,1.04686000683017,0,1,0,1,0,1,0,1,y1
9,1.0711071371421,0,1,0,1,0,1,0,1,y1
9,1.09591587390047,0,1,0,1,0,1,0,1,y1
9,1.12129922490442,0,1,0,1,0,1,0,1,y1
9,1.132,0,1,0,1,0,1,0,1,y1
9,1.14727049923674,0,1,0,1,0,1,0,1,y1
9,1.17384331424211,0,1,0,1,0,1,0,1,y1
9,1.20103160266703,0,1,0,1,0,1,0,1,y1
9,1.22884961996505,0,1,0,1,0,1,0,1,y1
9,1.25731195177126,0,1,0,1,0,1,0,1,y1
9,1.264,0,1,0,1,0,1,0,1,y1
9,1.28643352154987,0,1,0,1,0,1,0,1,y1
9,1.31622959841892,0,1,0,1,0,1,0,1,y1
9,1.34671580515626,0,1,0,1,0,1,0,1,y1
9,1.37790812639091,0,1,0,1,0,1,0,1,y1
9,1.396,0,1,0,1,0,1,0,1,y1
9,1.40982291698419,0,1,0,1,0,1,0,1,y1
9,1.44247691060494,0,1,0,1,0,1,0,1,y1
9,1.4758872285034,0,1,0,1,0,1,0,1,y1
9,1.5,0,1,0,1,0,1,0,1,y1
9,1.51007138848825,0,1,0,1,0,1,0,1,y1
9,1.528,0,1,0,1,0,1,0,1,y1
9,1.54504731411164,0,1,0,1,0,1,0,1,y1
9,1.58083334406686,0,1,0,1,0,1,0,1,y1
9,1.61744824180385,0,1,0,1,0,1,0,1,y1
9,1.6549112053672,0,1,0,1,0,1,0,1,y1
9,1.66,0,1,0,1,0.0444708,1,0,1,y1
9,1.69324187746223,0,1,0,1,1.09236,1,0.865517,1,y1
9,1.73246035575404,0,1,0,1,1.94047,1,1.81716,1,y1
9,1.77258720340524,0,1,0,1,2.59221,1,2.52488,1,y1
9,1.792,0,1,0,1,2.85624,1,2.8078,1,y1
9,1.81364345985768,0,1,0,1,3.12101,0,3.08973,0,y1
9,1.85565065186389,0,1,0,1,3.56513,0,3.55913,0,y1
9,1.89863080477411,0,1,0,1,3.94727,0,3.95997,0,y1
9,1.924,0,1,0,1,4.14643,0,4.16788,0,y1
9,1.94260645408465,0,1,0,1,4.28213,0,4.30921,0,y1
9,1.9876006572538,0.888528,1,0.888528,1,4.57957,0,4.61811,0,y1
9,2,1.13314,1,1.13314,1,4.65489,0,4.69613,0,y1
9,2.03363700579139,1.70798,1,1.70798,1,4.8468,0,4.89461,0,y1
9,2.056,2.03281,1,2.03281,1,4.96539,0,5.01702,0,y1
9,2.08073963762837,2.35223,1,2.35223,1,5.08919,0,5.14463,0,y1
9,2.12893324977287,2.88455,1,2.88455,1,5.3105,0,5.3726,0,y1
9,2.17824311125945,3.3386,0,3.3386,0,5.51384,0,5.58162,0,y1
9,2.188,3.41991,0,3.41991,0,5.55169,0,5.62045,0,y1
9,2.22869507639821,3.73395,0,3.73395,0,5.70205,0,5.77447,0,y1
9,2.28031559833084,4.08344,0,4.08344,0,5.87711,0,5.95351,0,y1
9,2.32,4.32211,0,4.32211,0,6.00047,0,6.08015,0,y1
9,2.33313174290061,4.39619,0,4.39619,0,6.03941,0,6.12007,0,y1
9,2.38717120284358,4.67884,0,4.67884,0,6.19064,0,6.27562,0,y1
9,2.44246231230862,4.93629,0,4.93629,0,6.33282,0,6.42198,0,y1
9,2.452,4.9779,0,4.9779,0,6.35627,0,6.44601,0,y1
9,2.49903406171362,5.17245,0,5.17245,0,6.46814,0,6.55907,0,y1
9,2.5,5.17627,0,5.17627,0,6.47036,0,6.5613,0,y1
9,2.55691611294585,5.3904,0,5.3904,0,6.59633,0,6.68778,0,y1
9,2.584,5.4852,0,5.4852,0,6.65278,0,6.74451,0,y1
9,2.61613881491436,5.59253,0,5.59253,0,6.717,0,6.80933,0,y1
9,2.67673321946267,5.78048,0,5.78048,0,6.83066,0,6.92447,0,y1
9,2.716,5.89361,0,5.89361,0,6.89964,0,6.99461,0,y1
9,2.73873109764993,5.95622,0,5.95622,0,6.93801,0,7.03369,0,y1
9,2.80216495640924,6.12087,0,6.12087,0,7.03961,0,7.13736,0,y1
9,2.848,6.23142,0,6.23142,0,7.10838,0,7.20763,0,y1
9,2.86706805559181,6.27553,0,6.27553,0,7.13593,0,7.23578,0,y1
9,2.93347442540585,6.4212,0,6.4212,0,7.22731,0,7.32941,0,y1
9,2.98,6.51652,0,6.51652,0,7.28742,0,7.39137,0,y1
9,3,6.55594,0,6.55594,0,7.31232,0,7.41704,0,y1
9,3.00141888425942,6.5587,0,6.5587,0,7.31406,0,7.41883,0,y1
9,3.07093705701651,6.68873,0,6.68873,0,7.39641,0,7.50334,0,y1
9,3.112,6.76078,0,6.76078,0,7.44227,0,7.55057,0,y1
9,3.14206539367602,6.81139,0,6.81139,0,7.4746,0,7.58389,0,y1
9,3.21484118848333,6.92766,0,6.92766,0,7.54884,0,7.66013,0,y1
9,3.244,6.97188,0,6.97188,0,7.57704,0,7.68901,0,y1
9,3.28930259948453,7.03803,0,7.03803,0,7.61917,0,7.73202,0,y1
9,3.36548866853358,7.14295,0,7.14295,0,7.68554,0,7.79962,0,y1
9,3.376,7.15684,0,7.15684,0,7.69426,0,7.80849,0,y1
9,3.44343934176288,7.24287,0,7.24287,0,7.74791,0,7.8629,0,y1
9,3.5,7.31105,0,7.31105,0,7.78983,0,7.90525,0,y1
9,3.508,7.32041,0,7.32041,0,7.79554,0,7.91101,0,y1
9,3.52319549052794,7.33801,0,7.33801,0,7.80624,0,7.92179,0,y1
9,3.60479893283718,7.42846,0,7.42846,0,7.86047,0,7.97622,0,y1
9,3.64,7.46545,0,7.46545,0,7.88221,0,7.99793,0,y1
9,3.68829245527811,7.51429,0,7.51429,0,7.91046,0,8.02602,0,y1
9,3.772,7.59402,0,7.59402,0,7.95519,0,8.07019,0,y1
9,3.77371983545133,7.59559,0,7.59559,0,7.95606,0,8.07103,0,y1
9,3.86112586492412,7.67234,0,7.67234,0,7.99705,0,8.11104,0,y1
9,3.904,7.70774,0,7.70774,0,8.01512,0,8.12847,0,y1
9,3.95055637271574,7.74452,0,7.74452,0,8.03324,0,8.1458,0,y1
9,4,7.78178,0,7.78178,0,8.05079,0,8.16239,0,y1
9,4.036,7.80776,0,7.80776,0,8.06249,0,8.17331,0,y1
9,4.04205824932663,7.81204,0,7.81204,0,8.06437,0,8.17506,0,y1
9,4.13567947132419,7.87471,0,7.87471,0,8.09023,0,8.19862,0,y1
9,4.168,7.89489,0,7.89489,0,8.09777,0,8.20529,0,y1
9,4.23146912649803,7.93236,0,7.93236,0,8.11057,0,8.21629,0,y1
9,4.3,7.96968,0,7.96968,0,8.12145,0,8.2251,0,y1
9,4.32947743959785,7.98475,0,7.98475,0,8.12521,0,8.22795,0,y1
9,4.4297557986674,8.03156,0,8.03156,0,8.13399,0,8.23354,0,y1
9,4.432,8.03253,0,8.03253,0,8.13411,0,8.23359,0,y1
9,4.5,8.06034,0,8.06034,0,8.13656,0,8.23388,0,y1
9,4.53235678198848,8.0725,0,8.0725,0,8.13679,0,8.23309,0,y1
9,4.564,8.08372,0,8.08372,0,8.13645,0,8.23177,0,y1
9,4.63733418564895,8.10721,0,8.10721,0,8.13357,0,8.22671,0,y1
9,4.696,8.12352,0,8.12352,0,8.12925,0,8.22075,0,y1
9,4.74474305174925,8.1354,0,8.1354,0,8.12436,0,8.2146,0,y1
9,4.828,8.15228,0,8.15228,0,8.11343,0,8.20172,0,y1
9,4.85463969726226,8.15679,0,8.15679,0,8.10928,0,8.19702,0,y1
9,4.96,8.17044,0,8.17044,0,8.08996,0,8.17589,0,y1
9,4.96708174356163,8.17113,0,8.17113,0,8.08851,0,8.17433,0,y1
9,5,8.17394,0,8.17394,0,8.08149,0,8.16689,0,y1
9,5.082128146634,8.17829,0,8.17829,0,8.06229,0,8.14692,0,y1
9,5.092,8.17857,0,8.17857,0,8.05983,0,8.14439,0,y1
9,5.19983922799096,8.17823,0,8.17823,0,8.03101,0,8.1152,0,y1
9,5.224,8.17734,0,8.17734,0,8.0241,0,8.10829,0,y1
9,5.32027670629708,8.17102,0,8.17102,0,7.99502,0,8.07961,0,y1
9,5.356,8.16757,0,8.16757,0,7.98364,0,8.06853,0,y1
9,5.44350372973042,8.1568,0,8.1568,0,7.95448,0,8.04052,0,y1
9,5.488,8.15011,0,8.15011,0,7.93902,0,8.02578,0,y1
9,5.5,8.14817,0,8.14817,0,7.93478,0,8.02174,0,y1
9,5.56958490909258,8.13587,0,8.13587,0,7.90961,0,7.9978,0,y1
9,5.62,8.12587,0,8.12587,0,7.8907,0,7.9798,0,y1
9,5.69858635168566,8.1086,0,8.1086,0,7.85985,0,7.9506,0,y1
9,5.752,8.09577,0,8.09577,0,7.83782,0,7.92998,0,y1
9,5.83057569597389,8.07543,0,8.07543,0,7.80393,0,7.89854,0,y1
9,5.884,8.06068,0,8.06068,0,7.77987,0,7.87644,0,y1
9,5.96562214704798,8.03686,0,8.03686,0,7.74164,0,7.84153,0,y1
9,6,8.02639,0,8.02639,0,7.72501,0,7.82643,0,y1
9,6.016,8.02144,0,8.02144,0,7.71716,0,7.81932,0,y1
9,6.10379651291106,7.99342,0,7.99342,0,7.67288,0,7.77939,0,y1
9,6.148,7.9788,0,7.9788,0,7.64982,0,7.75871,0,y1
9,6.24517124160489,7.94561,0,7.94561,0,7.59729,0,7.71192,0,y1
9,6.28,7.93335,0,7.93335,0,7.57787,0,7.6947,0,y1
9,6.38982045919606,7.8933,0,7.8933,0,7.51463,0,7.63885,0,y1
9,6.412,7.8849,0,7.8849,0,7.50148,0,7.62728,0,y1
9,6.5,7.85042,0,7.85042,0,7.44809,0,7.58044,0,y1
9,6.53782000864209,7.83502,0,7.83502,0,7.42453,0,7.55984,0,y1
9,6.544,7.83247,0,7.83247,0,7.42065,0,7.55645,0,y1
9,6.676,7.77583,0,7.77583,0,7.33533,0,7.48216,0,y1
9,6.68924748955757,7.76992,0,7.76992,0,7.32652,0,7.47451,0,y1
9,6.808,7.71503,0,7.71503,0,7.24551,0,7.40435,0,y1
9,6.84418229890151,7.69763,0,7.69763,0,7.2201,0,7.3824,0,y1
9,6.94,7.65006,0,7.65006,0,7.15116,0,7.32296,0,y1
9,7,7.61915,0,7.61915,0,7.10674,0,7.28476,0,y1
9,7.00270567260696,7.61773,0,7.61773,0,7.10472,0,7.28302,0,y1
9,7.072,7.58091,0,7.58091,0,7.05219,0,7.23792,0,y1
9,7.16490072817498,7.52972,0,7.52972,0,6.97976,0,7.17585,0,y1
9,7.204,7.50754,0,7.50754,0,6.94859,0,7.14916,0,y1
9,7.33085250825502,7.43302,0,7.43302,0,6.84464,0,7.06031,0,y1
9,7.336,7.42991,0,7.42991,0,6.84033,0,7.05663,0,y1
9,7.468,7.34792,0,7.34792,0,6.72742,0,6.96029,0,y1
9,7.5,7.32738,0,7.32738,0,6.69936,0,6.93635,0,y1
9,7.50064802523477,7.32696,0,7.32696,0,6.69879,0,6.93587,0,y1
9,7.6,7.26146,0,7.26146,0,6.60994,0,6.86011,0,y1
9,7.67437630686284,7.21075,0,7.21075,0,6.54178,0,6.80199,0,y1
9,7.732,7.17045,0,7.17045,0,6.48802,0,6.75615,0,y1
9,7.852128442928,7.08361,0,7.08361,0,6.37338,0,6.65828,0,y1
9,7.864,7.07481,0,7.07481,0,6.36187,0,6.64845,0,y1
9,7.996,6.97446,0,6.97446,0,6.23184,0,6.53717,0,y1
9,8,6.97134,0,6.97134,0,6.22785,0,6.53374,0,y1
9,8.03399763301975,6.94468,0,6.94468,0,6.19376,0,6.50447,0,y1
9,8.128,6.86932,0,6.86932,0,6.0984,0,6.42245,0,y1
9,8.22007923539501,6.79313,0,6.79313,0,6.00365,0,6.34057,0,y1
9,8.26,6.75937,0,6.75937,0,5.96222,0,6.3046,0,y1
9,8.392,6.64465,0,6.64465,0,5.82415,0,6.18412,0,y1
9,8.41047081697666,6.62823,0,6.62823,0,5.80474,0,6.16706,0,y1
9,8.5,6.54731,0,6.54731,0,5.71055,0,6.08379,0,y1
9,8.524,6.52526,0,6.52526,0,5.68528,0,6.06136,0,y1
9,8.60527220451018,6.44952,0,6.44952,0,5.59985,0,5.98509,0,y1
9,8.656,6.4014,0,6.4014,0,5.5468,0,5.93717,0,y1
9,8.788,6.27339,0,6.27339,0,5.4101,0,5.81239,0,y1
9,8.80458553690516,6.25703,0,6.25703,0,5.39312,0,5.79672,0,y1
9,8.92,6.14167,0,6.14167,0,5.27737,0,5.68777,0,y1
9,9,6.06028,0,6.06028,0,5.19911,0,5.61304,0,y1
9,9.00851531878903,6.05156,0,6.05156,0,5.19086,0,5.60512,0,y1
9,9.052,6.00679,0,6.00679,0,5.1491,0,5.56472,0,y1
9,9.184,5.86927,0,5.86927,0,5.02628,0,5.44426,0,y1
9,9.21716847530138,5.83436,0,5.83436,0,4.99617,0,5.41457,0,y1
9,9.316,5.72995,0,5.72995,0,4.91082,0,5.3273,0,y1
9,9.43065440815721,5.60869,0,5.60869,0,4.81652,0,5.22936,0,y1
9,9.448,5.59039,0,5.59039,0,4.80276,0,5.21491,0,y1
9,9.5,5.53561,0,5.53561,0,4.76264,0,5.1722,0,y1
9,9.58,5.45153,0,5.45153,0,4.70349,0,5.10842,0,y1
9,9.64908505300886,5.37933,0,5.37933,0,4.65464,0,5.05538,0,y1
9,9.712,5.31413,0,5.31413,0,4.61213,0,5.00869,0,y1
9,9.844,5.17972,0,5.17972,0,4.52887,0,4.91533,0,y1
9,9.87257493813646,5.15114,0,5.15114,0,4.51186,0,4.89604,0,y1
9,9.976,5.04947,0,5.04947,0,4.45315,0,4.82926,0,y1
9,10,5.02633,0,5.02633,0,4.44016,0,4.81445,0,y1
9,10.1012412444978,4.9308,0,4.9308,0,4.38784,0,4.75473,0,y1
9,10.108,4.92454,0,4.92454,0,4.38448,0,4.7509,0,y1
9,10.24,4.80573,0,4.80573,0,4.32232,0,4.67955,0,y1
9,10.3352038671689,4.72412,0,4.72412,0,4.28108,0,4.63219,0,y1
9,10.372,4.69355,0,4.69355,0,4.26592,0,4.61475,0,y1
9,10.5,4.59145,0,4.59145,0,4.21637,0,4.55727,0,y1
9,10.504,4.58837,0,4.58837,0,4.2149,0,4.55554,0,y1
9,10.5745854782082,4.53504,0,4.53504,0,4.18952,0,4.52568,0,y1
9,10.636,4.49019,0,4.49019,0,4.1685,0,4.50085,0,y1
9,10.768,4.39885,0,4.39885,0,4.12648,0,4.45177,0,y1
9,10.8195115909757,4.36528,0,4.36528,0,4.11101,0,4.43397,0,y1
9,10.9,4.31465,0,4.31465,0,4.08794,0,4.40762,0,y1
9,11,4.2539,0,4.2539,0,4.06107,0,4.3773,0,y1
9,11.032,4.23524,0,4.23524,0,4.05271,0,4.36807,0,y1
9,11.0701106259433,4.21384,0,4.21384,0,4.04281,0,4.35731,0,y1
9,11.164,4.16501,0,4.16501,0,4.01934,0,4.33202,0,y1
9,11.296,4.0973,0,4.0973,0,3.98909,0,4.29975,0,y1
9,11.326513978028,4.08224,0,4.08224,0,3.98236,0,4.29284,0,y1
9,11.428,4.03423,0,4.03423,0,3.96129,0,4.2713,0,y1
9,11.5,4.00198,0,4.00198,0,3.94762,0,4.2572,0,y1
9,11.56,3.97595,0,3.97595,0,3.93595,0,4.24561,0,y1
9,11.5888560854857,3.96374,0,3.96374,0,3.93007,0,4.23995,0,y1
9,11.692,3.92188,0,3.92188,0,3.90926,0,4.21969,0,y1
9,11.824,3.87133,0,3.87133,0,3.88403,0,4.19532,0,y1
9,11.8572745004004,3.85891,0,3.85891,0,3.87787,0,4.18973,0,y1
9,11.956,3.82244,0,3.82244,0,3.85964,0,4.17392,0,y1
9,12,3.80676,0,3.80676,0,3.85172,0,4.16699,0,y1
9,12.088,3.7784,0,3.7784,0,3.83736,0,4.15309,0,y1
9,12.1319099608055,3.76477,0,3.76477,0,3.83021,0,4.14604,0,y1
9,12.22,3.73632,0,3.73632,0,3.8151,0,4.13216,0,y1
9,12.352,3.69536,0,3.69536,0,3.79143,0,4.11236,0,y1
9,12.4129064644764,3.67852,0,3.67852,0,3.78134,0,4.1033,0,y1
9,12.484,3.65917,0,3.65917,0,3.76936,0,4.09284,0,y1
9,12.5,3.65478,0,3.65478,0,3.76656,0,4.09051,0,y1
9,12.616,3.62237,0,3.62237,0,3.74603,0,4.07367,0,y1
9,12.7004113444319,3.59875,0,3.59875,0,3.73169,0,4.06139,0,y1
9,12.748,3.58561,0,3.58561,0,3.72391,0,4.05449,0,y1
9,12.88,3.5499,0,3.5499,0,3.70212,0,4.03535,0,y1
9,12.9945753461841,3.52055,0,3.52055,0,3.68191,0,4.0186,0,y1
9,13,3.51922,0,3.51922,0,3.6809,0,4.0178,0,y1
9,13.012,3.51629,0,3.51629,0,3.67866,0,4.01604,0,y1
9,13.144,3.48357,0,3.48357,0,3.6546,0,3.9966,0,y1
9,13.276,3.44991,0,3.44991,0,3.63049,0,3.97682,0,y1
9,13.295552706778,3.445,0,3.445,0,3.62693,0,3.97384,0,y1
9,13.408,3.41614,0,3.41614,0,3.60561,0,3.95589,0,y1
9,13.5,3.39353,0,3.39353,0,3.58879,0,3.94084,0,y1
9,13.54,3.3835,0,3.3835,0,3.58129,0,3.93494,0,y1
9,13.6035012356615,3.36764,0,3.36764,0,3.56923,0,3.92608,0,y1
9,13.672,3.35067,0,3.35067,0,3.55615,0,3.91588,0,y1
9,13.804,3.31778,0,3.31778,0,3.53055,0,3.894,0,y1
9,13.9185823974285,3.28916,0,3.28916,0,3.50797,0,3.87482,0,y1
9,13.936,3.28479,0,3.28479,0,3.50453,0,3.87207,0,y1
9,14,3.26867,0,3.26867,0,3.49176,0,3.86205,0,y1
9,14.068,3.25148,0,3.25148,0,3.47806,0,3.8511,0,y1
9,14.2,3.21817,0,3.21817,0,3.45138,0,3.82926,0,y1
9,14.2409613964788,3.20785,0,3.20785,0,3.44346,0,3.82249,0,y1
9,14.332,3.18527,0,3.18527,0,3.42439,0,3.80694,0,y1
9,14.464,3.15081,0,3.15081,0,3.39644,0,3.78232,0,y1
9,14.5,3.14118,0,3.14118,0,3.38888,0,3.77589,0,y1
9,14.5708072636384,3.12261,0,3.12261,0,3.37399,0,3.7632,0,y1
9,14.596,3.11608,0,3.11608,0,3.36875,0,3.7586,0,y1
9,14.728,3.08207,0,3.08207,0,3.34012,0,3.73419,0,y1
9,14.86,3.04721,0,3.04721,0,3.31019,0,3.70946,0,y1
9,14.9082929447861,3.03429,0,3.03429,0,3.29965,0,3.7003,0,y1
9,14.992,3.01204,0,3.01204,0,3.28151,0,3.68429,0,y1
9,15,3.00992,0,3.00992,0,3.27977,0,3.68276,0,y1
9,15.124,2.97648,1,2.97648,1,3.2526,0,3.65875,0,y1
9,15.2535953915336,2.94079,1,2.94079,1,3.2222,0,3.63328,0,y1
9,15.256,2.94013,1,2.94013,1,3.22165,0,3.63281,0,y1
9,15.388,2.90347,1,2.90347,1,3.19101,0,3.60649,0,y1
9,15.5,2.87215,1,2.87215,1,3.16505,0,3.58382,0,y1
9,15.52,2.86653,1,2.86653,1,3.16033,0,3.57973,0,y1
9,15.606895654005,2.84198,1,2.84198,1,3.13988,0,3.56197,0,y1
9,15.652,2.82923,1,2.82923,1,3.12921,0,3.55278,0,y1
9,15.784,2.79109,1,2.79109,1,3.09775,0,3.52551,0,y1
9,15.916,2.75352,1,2.75352,1,3.06594,0,3.49764,0,y1
9,15.9683789757655,2.73874,1,2.73874,1,3.05324,0,3.48652,0,y1
9,16,2.72947,1,2.72947,1,3.04554,0,3.4798,0,y1
9,16.048,2.71485,1,2.71485,1,3.03382,0,3.46961,0,y1
9,16.18,2.67625,1,2.67625,1,3.00139,0,3.441,0,y1
9,16.312,2.63718,1,2.63718,1,2.96879,1,3.41211,0,y1
9,16.3382348909494,2.62921,1,2.62921,1,2.96229,1,3.40636,0,y1
9,16.444,2.59698,1,2.59698,1,2.936,1,3.38307,0,y1
9,16.5,2.57981,1,2.57981,1,2.92202,1,3.37063,0,y1
9,16.576,2.55723,1,2.55723,1,2.90295,1,3.35364,0,y1
9,16.708,2.51677,1,2.51677,1,2.86954,1,3.32409,0,y1
9,16.7166573236367,2.51419,1,2.51419,1,2.86733,1,3.32213,0,y1
9,16.84,2.47625,1,2.47625,1,2.83561,1,3.29372,0,y1
9,16.972,2.43548,1,2.43548,1,2.80134,1,3.26371,0,y1
9,17,2.42673,1,2.42673,1,2.79408,1,3.25735,0,y1
9,17.1038446895323,2.39445,1,2.39445,1,2.76714,1,3.23341,0,y1
9,17.104,2.3944,1,2.3944,1,2.7671,1,3.23337,0,y1
9,17.236,2.35295,1,2.35295,1,2.73274,1,3.20243,0,y1
9,17.368,2.31119,1,2.31119,1,2.69822,1,3.17141,0,y1
9,17.5,2.2691,1,2.2691,1,2.66327,1,3.14007,0,y1
10,1,0,1,0,1,0,1,0,1,y1
10,1.02268025616674,0,1,0,1,0,1,0,1,y1
10,1.04587490635328,0,1,0,1,0,1,0,1,y1
10,1.06959561714774,0,1,0,1,0,1,0,1,y1
10,1.09385431973947,0,1,0,1,0,1,0,1,y1
10,1.11866321592026,0,1,0,1,0,1,0,1,y1
10,1.124,0,1,0,1,0,1,0,1,y1
10,1.14403478422165,0,1,0,1,0,1,0,1,y1
10,1.16998178619146,0,1,0,1,0,1,0,1,y1
10,1.19651727281271,0,1,0,1,0,1,0,1,y1
10,1.22365459106803,0,1,0,1,0,1,0,1,y1
10,1.248,0,1,0,1,0,1,0,1,y1
10,1.25140739065307,0,1,0,1,0,1,0,1,y1
10,1.27978963084203,0,1,0,1,0,1,0,1,y1
10,1.30881558750907,0,1,0,1,0,1,0,1,y1
10,1.33849986030881,0,1,0,1,0,1,0,1,y1
10,1.36885738001976,0,1,0,1,0,1,0,1,y1
10,1.372,0,1,0,1,0,1,0,1,y1
10,1.39990341605435,0,1,0,1,0,1,0,1,y1
10,1.43165358413916,0,1,0,1,1.86627,1,1.16347,1,y1
10,1.46412385416947,0,1,0,1,3.01429,0,2.58514,1,y1
10,1.496,0,1,0,1,3.79331,0,3.48828,0,y1
10,1.49733055824187,0,1,0,1,3.82112,0,3.51986,0,y1
10,1.5,0,1,0,1,3.87599,0,3.58205,0,y1
10,1.53129039886909,0,1,0,1,4.44164,0,4.21504,0,y1
10,1.56602045738112,0,1,0,1,4.94463,0,4.76711,0,y1
10,1.60153820251688,0,1,0,1,5.36631,0,5.2232,0,y1
10,1.62,0,1,0,1,5.55779,0,5.42891,0,y1
10,1.63786149921079,0,1,0,1,5.72833,0,5.61154,0,y1
10,1.67500861757854,0,1,0,1,6.04453,0,5.94872,0,y1
10,1.71299824210672,0,1,0,1,6.3247,0,6.24585,0,y1
10,1.744,0,1,0,1,6.52725,0,6.46008,0,y1
10,1.75184948105088,0,1,0,1,6.57534,0,6.51091,0,y1
10,1.79158187604669,0,1,0,1,6.80169,0,6.74946,0,y1
10,1.83221541193913,0,1,0,1,7.0076,0,6.96578,0,y1
10,1.868,0,1,0,1,7.17077,0,7.13714,0,y1
10,1.87377052683456,0,1,0,1,7.19569,0,7.16329,0,y1
10,1.91626812238086,0,1,0,1,7.36867,0,7.34459,0,y1
10,1.95972957428063,0.20018,1,0.20018,1,7.52841,0,7.5117,0,y1
10,1.992,0.977912,1,0.977912,1,7.63729,0,7.62541,0,y1
10,2,1.13314,1,1.13314,1,7.66311,0,7.65236,0,y1
10,2.00417674304285,1.21099,1,1.21099,1,7.67641,0,7.66624,0,y1
10,2.04963198497849,1.9442,1,1.9442,1,7.81375,0,7.80956,0,y1
10,2.09611816344536,2.53359,1,2.53359,1,7.9414,0,7.94273,0,y1
10,2.116,2.75158,1,2.75158,1,7.99245,0,7.99596,0,y1
10,2.14365866034806,3.0284,0,3.0284,0,8.06022,0,8.06661,0,y1
10,2.19227738789881,3.45478,0,3.45478,0,8.17082,0,8.18191,0,y1
10,2.24,3.81474,0,3.81474,0,8.2698,0,8.2851,0,y1
10,2.24199880064492,3.82876,0,3.82876,0,8.27375,0,8.28922,0,y1
10,2.29284790776908,4.16136,0,4.16136,0,8.36943,0,8.38899,0,y1
10,2.34485028566866,4.46041,0,4.46041,0,8.4581,0,8.4815,0,y1
10,2.364,4.56175,0,4.56175,0,8.48857,0,8.5133,0,y1
10,2.39803209082029,4.73174,0,4.73174,0,8.54,0,8.56697,0,y1
10,2.45242007293616,4.97971,0,4.97971,0,8.61525,0,8.64551,0,y1
10,2.488,5.1283,0,5.1283,0,8.66003,0,8.69229,0,y1
10,2.5,5.17628,0,5.17628,0,8.67438,0,8.70728,0,y1
10,2.50804158841882,5.20783,0,5.20783,0,8.68378,0,8.7171,0,y1
10,2.564924614121,5.41889,0,5.41889,0,8.74561,0,8.78164,0,y1
10,2.612,5.57904,0,5.57904,0,8.79068,0,8.8287,0,y1
10,2.62309776141765,5.615,0,5.615,0,8.80051,0,8.83897,0,y1
10,2.68259029059702,5.79775,0,5.79775,0,8.84831,0,8.88884,0,y1
10,2.736,5.9488,0,5.9488,0,8.88428,0,8.92631,0,y1
10,2.74343212557818,5.96892,0,5.96892,0,8.88876,0,8.93099,0,y1
10,2.80565386896236,6.12952,0,6.12952,0,8.92148,0,8.96527,0,y1
10,2.86,6.25931,0,6.25931,0,8.94321,0,8.98803,0,y1
10,2.86928681742564,6.2806,0,6.2806,0,8.94629,0,8.99125,0,y1
10,2.93436297746072,6.42307,0,6.42307,0,8.96273,0,9.0084,0,y1
10,2.984,6.52448,0,6.52448,0,8.96952,0,9.01536,0,y1
10,3,6.55594,0,6.55594,0,8.97067,0,9.01651,0,y1
10,3.00091508147573,6.55772,0,6.55772,0,8.97072,0,9.01656,0,y1
10,3.06897660425825,6.68521,0,6.68521,0,8.96983,0,9.01532,0,y1
10,3.108,6.75391,0,6.75391,0,8.96546,0,9.01047,0,y1
10,3.13858177981257,6.80563,0,6.80563,0,8.9602,0,9.00484,0,y1
10,3.20976561857899,6.91985,0,6.91985,0,8.9415,0,8.98537,0,y1
10,3.232,6.95386,0,6.95386,0,8.93397,0,8.97744,0,y1
10,3.28256392504357,7.02842,0,7.02842,0,8.91394,0,8.95622,0,y1
10,3.356,7.13034,0,7.13034,0,8.87796,0,8.91836,0,y1
10,3.35701331574726,7.13169,0,7.13169,0,8.87741,0,8.91778,0,y1
10,3.43315123770358,7.23015,0,7.23015,0,8.83242,0,8.87096,0,y1
10,3.48,7.2874,0,7.2874,0,8.80112,0,8.83868,0,y1
10,3.5,7.31111,0,7.31111,0,8.78699,0,8.82424,0,y1
10,3.51101598723387,7.32399,0,7.32399,0,8.77902,0,8.81611,0,y1
10,3.59064672922987,7.41332,0,7.41332,0,8.71764,0,8.75392,0,y1
10,3.604,7.42767,0,7.42767,0,8.70674,0,8.74294,0,y1
10,3.67208351685308,7.49819,0,7.49819,0,8.64867,0,8.68467,0,y1
10,3.728,7.55294,0,7.55294,0,8.59812,0,8.6342,0,y1
10,3.75536731168098,7.57872,0,7.57872,0,8.57252,0,8.60872,0,y1
10,3.84054000431012,7.65487,0,7.65487,0,8.48966,0,8.5265,0,y1
10,3.852,7.66466,0,7.66466,0,8.47818,0,8.51513,0,y1
10,3.9276444354265,7.72668,0,7.72668,0,8.40057,0,8.43846,0,y1
10,3.976,7.76397,0,7.76397,0,8.34951,0,8.38813,0,y1
10,4,7.78182,0,7.78182,0,8.3238,0,8.36282,0,y1
10,4.01672441735386,7.79402,0,7.79402,0,8.30575,0,8.34506,0,y1
10,4.1,7.85162,0,7.85162,0,8.21446,0,8.25537,0,y1
10,4.10782475609066,7.85677,0,7.85677,0,8.20577,0,8.24684,0,y1
10,4.20099127384688,7.91476,0,7.91476,0,8.10124,0,8.14436,0,y1
10,4.224,7.92814,0,7.92814,0,8.07516,0,8.11882,0,y1
10,4.29627083209198,7.96777,0,7.96777,0,7.99284,0,8.03823,0,y1
10,4.348,7.99394,0,7.99394,0,7.93369,0,7.98034,0,y1
10,4.39371135512554,8.01555,0,8.01555,0,7.88138,0,7.9292,0,y1
10,4.472,8.04929,0,8.04929,0,7.79205,0,7.84179,0,y1
10,4.49336185418252,8.05779,0,8.05779,0,7.76779,0,7.81803,0,y1
10,4.5,8.06037,0,8.06037,0,7.76026,0,7.81066,0,y1
10,4.59527245208525,8.09419,0,8.09419,0,7.65307,0,7.70567,0,y1
10,4.596,8.09442,0,8.09442,0,7.65226,0,7.70488,0,y1
10,4.69949440845452,8.12444,0,8.12444,0,7.53846,0,7.59317,0,y1
10,4.72,8.12958,0,8.12958,0,7.51633,0,7.57142,0,y1
10,4.80608014549245,8.14827,0,8.14827,0,7.42533,0,7.48176,0,y1
10,4.844,8.15506,0,8.15506,0,7.38631,0,7.44321,0,y1
10,4.91508327435011,8.16543,0,8.16543,0,7.31519,0,7.37285,0,y1
10,4.968,8.17123,0,8.17123,0,7.26412,0,7.32218,0,y1
10,5,8.17395,0,8.17395,0,7.23407,0,7.29228,0,y1
10,5.02655862209325,8.17577,0,8.17577,0,7.20965,0,7.26792,0,y1
10,5.092,8.17857,0,8.17857,0,7.15153,0,7.20978,0,y1
10,5.14056225927948,8.17918,0,8.17918,0,7.11037,0,7.16842,0,y1
10,5.216,8.17768,0,8.17768,0,7.04997,0,7.10744,0,y1
10,5.25715152816103,8.17567,0,8.17567,0,7.01889,0,7.07604,0,y1
10,5.34,8.16919,0,8.16919,0,6.96047,0,7.01661,0,y1
10,5.37638507152711,8.16535,0,8.16535,0,6.93658,0,6.99213,0,y1
10,5.464,8.15382,0,8.15382,0,6.88356,0,6.93733,0,y1
10,5.4983228622004,8.14845,0,8.14845,0,6.86451,0,6.91752,0,y1
10,5.5,8.14817,0,8.14817,0,6.8636,0,6.91658,0,y1
10,5.588,8.13232,0,8.13232,0,6.81928,0,6.87067,0,y1
10,5.62302623320257,8.12524,0,8.12524,0,6.80337,0,6.85419,0,y1
10,5.712,8.10545,0,8.10545,0,6.76737,0,6.81618,0,y1
10,5.75055790860392,8.09612,0,8.09612,0,6.75365,0,6.80128,0,y1
10,5.836,8.07396,0,8.07396,0,6.72714,0,6.77218,0,y1
10,5.88098203507275,8.06153,0,8.06153,0,6.71529,0,6.75937,0,y1
10,5.96,8.03854,0,8.03854,0,6.69792,0,6.74086,0,y1
10,6,8.02639,0,8.02639,0,6.69068,0,6.73291,0,y1
10,6.01436421414021,8.02194,0,8.02194,0,6.68833,0,6.73022,0,y1
10,6.084,7.99985,0,7.99985,0,6.67868,0,6.71829,0,y1
10,6.15077153519701,7.97787,0,7.97787,0,6.67216,0,6.70964,0,y1
10,6.208,7.95848,0,7.95848,0,6.66861,0,6.70491,0,y1
10,6.29027260923839,7.92969,0,7.92969,0,6.66649,0,6.70124,0,y1
10,6.332,7.91466,0,7.91466,0,6.66667,0,6.70053,0,y1
10,6.43293760337457,7.87689,0,7.87689,0,6.67043,0,6.70205,0,y1
10,6.456,7.86791,0,7.86791,0,6.67188,0,6.703,0,y1
10,6.5,7.85043,0,7.85043,0,6.67508,0,6.70543,0,y1
10,6.57883827612378,7.81794,0,7.81794,0,6.6817,0,6.71103,0,y1
10,6.58,7.81745,0,7.81745,0,6.6818,0,6.71111,0,y1
10,6.704,7.76329,0,7.76329,0,6.68993,0,6.71884,0,y1
10,6.72804801350584,7.75236,0,7.75236,0,6.69088,0,6.71965,0,y1
10,6.828,7.70545,0,7.70545,0,6.69284,0,6.72082,0,y1
10,6.8806418659543,7.67978,0,7.67978,0,6.69271,0,6.72052,0,y1
10,6.952,7.64393,0,7.64393,0,6.69154,0,6.71942,0,y1
10,7,7.61913,0,7.61913,0,6.69001,0,6.71828,0,y1
10,7.03669658606576,7.59979,0,7.59979,0,6.68838,0,6.71707,0,y1
10,7.076,7.57873,0,7.57873,0,6.68628,0,6.71538,0,y1
10,7.19629066720539,7.51193,0,7.51193,0,6.67894,0,6.70852,0,y1
10,7.2,7.50982,0,7.50982,0,6.6787,0,6.70827,0,y1
10,7.324,7.43714,0,7.43714,0,6.66799,0,6.69871,0,y1
10,7.35950438298795,7.41563,0,7.41563,0,6.66406,0,6.69545,0,y1
10,7.448,7.36062,0,7.36062,0,6.65362,0,6.68638,0,y1
10,7.5,7.32736,0,7.32736,0,6.64698,0,6.6804,0,y1
10,7.52641982765439,7.3102,0,7.3102,0,6.64338,0,6.67717,0,y1
10,7.572,7.28018,0,7.28018,0,6.63682,0,6.67137,0,y1
10,7.696,7.19575,0,7.19575,0,6.61749,0,6.65476,0,y1
10,7.69712095736404,7.19497,0,7.19497,0,6.61731,0,6.6546,0,y1
10,7.82,7.10724,0,7.10724,0,6.59604,0,6.6348,0,y1
10,7.87169363242347,7.06912,0,7.06912,0,6.58659,0,6.62518,0,y1
10,7.944,7.01457,0,7.01457,0,6.5736,0,6.61172,0,y1
10,8,6.97134,0,6.97134,0,6.56286,0,6.60101,0,y1
10,8.05022566047296,6.93183,0,6.93183,0,6.55157,0,6.59056,0,y1
10,8.068,6.91768,0,6.91768,0,6.54718,0,6.58668,0,y1
10,8.192,6.81656,0,6.81656,0,6.51615,0,6.56112,0,y1
10,8.23280684065258,6.78235,0,6.78235,0,6.5066,0,6.55211,0,y1
10,8.316,6.7112,0,6.7112,0,6.48717,0,6.53365,0,y1
10,8.41952900876989,6.62003,0,6.62003,0,6.45946,0,6.5077,0,y1
10,8.44,6.60166,0,6.60166,0,6.45382,0,6.50219,0,y1
10,8.5,6.54719,0,6.54719,0,6.43739,0,6.48644,0,y1
10,8.564,6.48806,0,6.48806,0,6.42038,0,6.46893,0,y1
10,8.61048608349212,6.44446,0,6.44446,0,6.40783,0,6.4567,0,y1
10,8.688,6.37057,0,6.37057,0,6.38627,0,6.43611,0,y1
10,8.8057741135859,6.25565,0,6.25565,0,6.34996,0,6.40294,0,y1
10,8.812,6.2495,0,6.2495,0,6.34791,0,6.40103,0,y1
10,8.936,6.1252,0,6.1252,0,6.30796,0,6.36275,0,y1
10,9,6.05997,0,6.05997,0,6.28773,0,6.34445,0,y1
10,9.00549132622851,6.05435,0,6.05435,0,6.28593,0,6.34283,0,y1
10,9.06,5.99824,0,5.99824,0,6.26774,0,6.32646,0,y1
10,9.184,5.86922,0,5.86922,0,6.22731,0,6.28651,0,y1
10,9.20973817641476,5.84226,0,5.84226,0,6.21861,0,6.27795,0,y1
10,9.308,5.739,0,5.739,0,6.18524,0,6.24556,0,y1
10,9.41861739748448,5.62255,0,5.62255,0,6.14684,0,6.20861,0,y1
10,9.432,5.60846,0,5.60846,0,6.1422,0,6.20408,0,y1
10,9.5,5.53708,0,5.53708,0,6.11839,0,6.18083,0,y1
10,9.556,5.47862,0,5.47862,0,6.09805,0,6.16145,0,y1
10,9.63223405279597,5.39962,0,5.39962,0,6.06993,0,6.13468,0,y1
10,9.68,5.3504,0,5.3504,0,6.05302,0,6.11774,0,y1
10,9.804,5.22404,0,5.22404,0,6.00691,0,6.0732,0,y1
10,9.85069558857141,5.17725,0,5.17725,0,5.98941,0,6.0562,0,y1
10,9.928,5.10102,0,5.10102,0,5.95989,0,6.02774,0,y1
10,10,5.03128,0,5.03128,0,5.93231,0,6.00095,0,y1
10,10.052,4.98195,0,4.98195,0,5.91216,0,5.98144,0,y1
10,10.0741118879408,4.96123,0,4.96123,0,5.90355,0,5.97308,0,y1
10,10.176,4.86797,0,4.86797,0,5.8637,0,5.93408,0,y1
10,10.3,4.75949,0,4.75949,0,5.81444,0,5.88598,0,y1
10,10.3025953262118,4.75729,0,4.75729,0,5.8134,0,5.88498,0,y1
10,10.424,4.657,0,4.657,0,5.76463,0,5.83792,0,y1
10,10.5,4.59716,0,4.59716,0,5.73377,0,5.808,0,y1
10,10.5362608273925,4.56941,0,4.56941,0,5.71895,0,5.7935,0,y1
10,10.548,4.56055,0,4.56055,0,5.71414,0,5.78879,0,y1
10,10.672,4.47017,0,4.47017,0,5.66299,0,5.73888,0,y1
10,10.7752259219974,4.39943,0,4.39943,0,5.61998,0,5.69695,0,y1
10,10.796,4.38567,0,4.38567,0,5.61131,0,5.68845,0,y1
10,10.92,4.30685,0,4.30685,0,5.55941,0,5.6375,0,y1
10,11,4.2589,0,4.2589,0,5.5256,0,5.60387,0,y1
10,11.0196108061629,4.24745,0,4.24745,0,5.51725,0,5.59565,0,y1
10,11.044,4.2334,0,4.2334,0,5.50681,0,5.58555,0,y1
10,11.168,4.165,0,4.165,0,5.45314,0,5.53376,0,y1
10,11.2695384021044,4.11253,0,4.11253,0,5.40906,0,5.49061,0,y1
10,11.292,4.10131,0,4.10131,0,5.39931,0,5.48101,0,y1
10,11.416,4.04193,0,4.04193,0,5.34502,0,5.4278,0,y1
10,11.5,4.00401,0,4.00401,0,5.30784,0,5.39168,0,y1
10,11.5251344199451,3.99301,0,3.99301,0,5.2968,0,5.38081,0,y1
10,11.54,3.98657,0,3.98657,0,5.29031,0,5.37436,0,y1
10,11.664,3.93474,0,3.93474,0,5.23492,0,5.32011,0,y1
10,11.7865274209456,3.88575,0,3.88575,0,5.17999,0,5.26614,0,y1
10,11.788,3.88517,0,3.88517,0,5.17932,0,5.26549,0,y1
10,11.912,3.8397,0,3.8397,0,5.12317,0,5.2102,0,y1
10,12,3.80954,0,3.80954,0,5.08291,0,5.17098,0,y1
10,12.036,3.79738,0,3.79738,0,5.0663,0,5.15501,0,y1
10,12.053848882169,3.79141,0,3.79141,0,5.05809,0,5.14701,0,y1
10,12.16,3.75662,0,3.75662,0,5.00929,0,5.09887,0,y1
10,12.284,3.71797,0,3.71797,0,4.95194,0,5.04243,0,y1
10,12.3272332626118,3.7054,0,3.7054,0,4.93183,0,5.02268,0,y1
10,12.408,3.68158,0,3.68158,0,4.89412,0,4.98581,0,y1
10,12.5,3.6541,0,3.6541,0,4.85085,0,4.94353,0,y1
10,12.532,3.64477,0,3.64477,0,4.83587,0,4.92878,0,y1
10,12.6068180708351,3.62355,0,3.62355,0,4.80074,0,4.89415,0,y1
10,12.656,3.61016,0,3.61016,0,4.77741,0,4.87128,0,y1
10,12.78,3.57764,0,3.57764,0,4.71851,0,4.81343,0,y1
10,12.8927439341291,3.54716,0,3.54716,0,4.66452,0,4.76048,0,y1
10,12.904,3.5442,0,3.5442,0,4.65913,0,4.75518,0,y1
10,13,3.51987,0,3.51987,0,4.61306,0,4.70992,0,y1
10,13.028,3.51282,0,3.51282,0,4.59956,0,4.69663,0,y1
10,13.152,3.48077,0,3.48077,0,4.53961,0,4.63776,0,y1
10,13.1851546692474,3.47195,0,3.47195,0,4.52344,0,4.62199,0,y1
10,13.276,3.44884,0,3.44884,0,4.47928,0,4.5785,0,y1
10,13.4,3.41855,0,3.41855,0,4.41871,0,4.51869,0,y1
10,13.4841973547441,3.39722,0,3.39722,0,4.37745,0,4.47814,0,y1
10,13.5,3.39328,0,3.39328,0,4.36965,0,4.47058,0,y1
10,13.524,3.38732,0,3.38732,0,4.35782,0,4.45903,0,y1
10,13.648,3.35633,0,3.35633,0,4.29665,0,4.39876,0,y1
10,13.772,3.32557,0,3.32557,0,4.23507,0,4.33785,0,y1
10,13.7900224049526,3.32112,0,3.32112,0,4.2261,0,4.329,0,y1
10,13.896,3.2947,0,3.2947,0,4.17326,0,4.27698,0,y1
10,14,3.26862,0,3.26862,0,4.12121,0,4.22573,0,y1
10,14.02,3.26361,0,3.26361,0,4.11119,0,4.21589,0,y1
10,14.102783645642,3.2428,0,3.2428,0,4.06943,0,4.17489,0,y1
10,14.144,3.23237,0,3.23237,0,4.0487,0,4.15448,0,y1
10,14.268,3.20094,0,3.20094,0,3.986,0,4.09284,0,y1
10,14.392,3.16924,0,3.16924,0,3.92331,0,4.03078,0,y1
10,14.4226383913894,3.16137,0,3.16137,0,3.90779,0,4.01546,0,y1
10,14.5,3.14205,0,3.14205,0,3.8685,0,3.97681,0,y1
10,14.516,3.13811,0,3.13811,0,3.86034,0,3.96875,0,y1
10,14.64,3.10503,0,3.10503,0,3.79672,0,3.90603,0,y1
10,14.7497475247064,3.07635,0,3.07635,0,3.74038,0,3.8506,0,y1
10,14.764,3.07258,0,3.07258,0,3.73302,0,3.84336,0,y1
10,14.888,3.03934,0,3.03934,0,3.66912,0,3.78033,0,y1
10,15,3.00983,0,3.00983,0,3.61139,0,3.72313,0,y1
10,15.012,3.00663,0,3.00663,0,3.60517,0,3.71703,0,y1
10,15.0842755769615,2.98724,1,2.98724,1,3.56756,0,3.68003,0,y1
10,15.136,2.97339,1,2.97339,1,3.54058,0,3.6534,0,y1
10,15.26,2.93892,1,2.93892,1,3.47604,0,3.58975,0,y1
10,15.384,2.90502,1,2.90502,1,3.4112,0,3.52573,0,y1
10,15.4263908111368,2.89325,1,2.89325,1,3.389,0,3.50379,0,y1
10,15.5,2.87202,1,2.87202,1,3.3503,0,3.46567,0,y1
10,15.508,2.86969,1,2.86969,1,3.34608,0,3.46152,0,y1
10,15.632,2.83431,1,2.83431,1,3.28094,0,3.39699,0,y1
10,15.756,2.79932,1,2.79932,1,3.21551,0,3.33258,0,y1
10,15.7762653064616,2.79347,1,2.79347,1,3.20482,0,3.32204,0,y1
10,15.88,2.76344,1,2.76344,1,3.14989,0,3.26768,0,y1
10,16,2.72875,1,2.72875,1,3.08616,0,3.20481,0,y1
10,16.004,2.72758,1,2.72758,1,3.08404,0,3.20271,0,y1
10,16.128,2.6913,1,2.6913,1,3.01803,0,3.13755,0,y1
10,16.1340750449667,2.68952,1,2.68952,1,3.0148,0,3.13433,0,y1
10,16.252,2.65466,1,2.65466,1,2.95188,1,3.07216,0,y1
10,16.376,2.61769,1,2.61769,1,2.88541,1,3.00654,0,y1
10,16.5,2.58086,1,2.58086,1,2.81875,1,2.94101,1,y1
11,1,0,1,0,1,0,1,0,1,y1
11,1.02216887738619,0,1,0,1,0,1,0,1,y1
11,1.04482921389695,0,1,0,1,0,1,0,1,y1
11,1.06799190462934,0,1,0,1,0,1,0,1,y1
11,1.09166808621252,0,1,0,1,0,1,0,1,y1
11,1.11586914216219,0,1,0,1,0,1,0,1,y1
11,1.116,0,1,0,1,0,1,0,1,y1
11,1.14060670835382,0,1,0,1,0,1,0,1,y1
11,1.16589267861718,0,1,0,1,0,1,0,1,y1
11,1.19173921045491,0,1,0,1,0,1,0,1,y1
11,1.2181587308878,0,1,0,1,0,1,0,1,y1
11,1.232,0,1,0,1,0,1,0,1,y1
11,1.24516394242977,0,1,0,1,0,1,0,1,y1
11,1.27276782919521,0,1,0,1,0,1,0,1,y1
11,1.30098366314173,0,1,0,1,0,1,0,1,y1
11,1.32982501045136,0,1,0,1,0,1,0,1,y1
11,1.348,0,1,0,1,0,1,0,1,y1
11,1.35930573805314,0,1,0,1,0,1,0,1,y1
11,1.38944002029039,0,1,0,1,0,1,0,1,y1
11,1.42024234573568,0,1,0,1,0,1,0,1,y1
11,1.45172752415698,0,1,0,1,0,1,0,1,y1
11,1.464,0,1,0,1,0,1,0,1,y1
11,1.48391069363817,0,1,0,1,0,1,0,1,y1
11,1.5,0,1,0,1,0,1,0,1,y1
11,1.5168073278575,0,1,0,1,0,1,0,1,y1
11,1.55043324352725,0,1,0,1,0,1,0,1,y1
11,1.58,0,1,0,1,0,1,0,1,y1
11,1.58480460799848,0,1,0,1,0,1,0,1,y1
11,1.61993794703428,0,1,0,1,0,1,0,1,y1
11,1.65585015275532,0,1,0,1,0,1,0,1,y1
11,1.69255849176166,0,1,0,1,0,1,0,1,y1
11,1.696,0,1,0,1,0,1,0,1,y1
11,1.73008061343449,0,1,0,1,0,1,0,1,y1
11,1.76843455842195,0,1,0,1,1.845,1,0.395163,1,y1
11,1.80763876731311,0,1,0,1,2.88992,1,2.12706,1,y1
11,1.812,0,1,0,1,2.97973,1,2.25549,1,y1
11,1.8477120895042,0,1,0,1,3.59879,0,3.08958,0,y1
11,1.88867379226141,0,1,0,1,4.13299,0,3.76058,0,y1
11,1.928,0,1,0,1,4.5375,0,4.24699,0,y1
11,1.93054356998457,0,1,0,1,4.56094,0,4.27457,0,y1
11,1.97334155367626,0.571156,1,0.571156,1,4.91638,0,4.68538,0,y1
11,2,1.13314,1,1.13314,1,5.10756,0,4.90115,0,y1
11,2.01708832062079,1.43971,1,1.43971,1,5.22014,0,5.02696,0,y1
11,2.044,1.86333,1,1.86333,1,5.38384,0,5.20867,0,y1
11,2.06180490427776,2.11115,1,2.11115,1,5.48412,0,5.31935,0,y1
11,2.10751280439494,2.66063,1,2.66063,1,5.71701,0,5.57463,0,y1
11,2.1542339973454,3.12714,0,3.12714,0,5.92503,0,5.8007,0,y1
11,2.16,3.17948,0,3.17948,0,5.94893,0,5.82655,0,y1
11,2.20199094669372,3.53224,0,3.53224,0,6.11275,0,6.00316,0,y1
11,2.25080661399648,3.88962,0,3.88962,0,6.28352,0,6.18617,0,y1
11,2.276,4.05602,0,4.05602,0,6.36458,0,6.27266,0,y1
11,2.30070446984221,4.20897,0,4.20897,0,6.43994,0,6.35288,0,y1
11,2.351708505136,4.4972,0,4.4972,0,6.58405,0,6.50573,0,y1
11,2.392,4.70251,0,4.70251,0,6.68827,0,6.61587,0,y1
11,2.40384324263443,4.75955,0,4.75955,0,6.71746,0,6.64667,0,y1
11,2.45713374873602,4.99997,0,4.99997,0,6.84153,0,6.77726,0,y1
11,2.5,5.17627,0,5.17627,0,6.93353,0,6.87381,0,y1
11,2.508,5.20766,0,5.20766,0,6.95,0,6.89107,0,y1
11,2.51160564553323,5.22166,0,5.22166,0,6.95736,0,6.89878,0,y1
11,2.56728512313153,5.4272,0,5.4272,0,7.06586,0,7.0123,0,y1
11,2.624,5.61789,0,5.61789,0,7.16749,0,7.11834,0,y1
11,2.62419895224163,5.61853,0,5.61853,0,7.16783,0,7.1187,0,y1
11,2.68237449705085,5.79711,0,5.79711,0,7.26391,0,7.21869,0,y1
11,2.74,5.95965,0,5.95965,0,7.35194,0,7.31011,0,y1
11,2.74183972837982,5.96462,0,5.96462,0,7.35464,0,7.31292,0,y1
11,2.80262323713087,6.12201,0,6.12201,0,7.44049,0,7.40193,0,y1
11,2.856,6.25006,0,6.25006,0,7.51078,0,7.47473,0,y1
11,2.86475424803452,6.27024,0,6.27024,0,7.52188,0,7.48623,0,y1
11,2.92826263370077,6.41019,0,6.41019,0,7.59919,0,7.56623,0,y1
11,2.972,6.5005,0,6.5005,0,7.64932,0,7.61807,0,y1
11,2.99317892898186,6.5426,0,6.5426,0,7.67275,0,7.64228,0,y1
11,3,6.55594,0,6.55594,0,7.68019,0,7.64996,0,y1
11,3.05953434565339,6.66811,0,6.66811,0,7.74285,0,7.71464,0,y1
11,3.088,6.71909,0,6.71909,0,7.77148,0,7.74416,0,y1
11,3.12736078742103,6.78685,0,6.78685,0,7.8097,0,7.78355,0,y1
11,3.19669086525975,6.89943,0,6.89943,0,7.87348,0,7.84918,0,y1
11,3.204,6.91086,0,6.91086,0,7.87995,0,7.85583,0,y1
11,3.26755791309326,7.00666,0,7.00666,0,7.93429,0,7.91176,0,y1
11,3.32,7.08119,0,7.08119,0,7.97666,0,7.95543,0,y1
11,3.33999600382091,7.10865,0,7.10865,0,7.99227,0,7.97152,0,y1
11,3.41403996569999,7.20598,0,7.20598,0,8.04758,0,8.02862,0,y1
11,3.436,7.2336,0,7.2336,0,8.06328,0,8.04483,0,y1
11,3.48972539909116,7.29888,0,7.29888,0,8.10039,0,8.08314,0,y1
11,3.5,7.311,0,7.311,0,8.10728,0,8.09025,0,y1
11,3.552,7.37066,0,7.37066,0,8.14123,0,8.12522,0,y1
11,3.5670886935751,7.38745,0,7.38745,0,8.15079,0,8.13505,0,y1
11,3.64616704544864,7.47176,0,7.47176,0,8.19872,0,8.18435,0,y1
11,3.668,7.49398,0,7.49398,0,8.21131,0,8.19732,0,y1
11,3.72699847560877,7.55188,0,7.55188,0,8.24391,0,8.231,0,y1
11,3.784,7.6049,0,7.6049,0,8.27347,0,8.26169,0,y1
11,3.80962184783307,7.62783,0,7.62783,0,8.28614,0,8.2749,0,y1
11,3.89407688746544,7.69964,0,7.69964,0,8.3253,0,8.31598,0,y1
11,3.9,7.70446,0,7.70446,0,8.32791,0,8.31872,0,y1
11,3.98040420051607,7.7672,0,7.7672,0,8.36163,0,8.35426,0,y1
11,4,7.78174,0,7.78174,0,8.36939,0,8.36247,0,y1
11,4.016,7.79341,0,7.79341,0,8.3756,0,8.36904,0,y1
11,4.0686452931848,7.83045,0,7.83045,0,8.39523,0,8.38986,0,y1
11,4.132,7.87233,0,7.87233,0,8.41722,0,8.41326,0,y1
11,4.15884259181733,7.88922,0,7.88922,0,8.42599,0,8.42262,0,y1
11,4.248,7.94163,0,7.94163,0,8.45273,0,8.45128,0,y1
11,4.25103946330381,7.94332,0,7.94332,0,8.45358,0,8.45219,0,y1
11,4.34528023592966,7.99255,0,7.99255,0,8.47775,0,8.47824,0,y1
11,4.364,8.00161,0,8.00161,0,8.4821,0,8.48296,0,y1
11,4.44161022068863,8.03663,0,8.03663,0,8.49852,0,8.50106,0,y1
11,4.48,8.05246,0,8.05246,0,8.50567,0,8.50911,0,y1
11,4.5,8.06032,0,8.06032,0,8.50916,0,8.51307,0,y1
11,4.54007573306834,8.07528,0,8.07528,0,8.51566,0,8.5205,0,y1
11,4.596,8.09438,0,8.09438,0,8.52372,0,8.5298,0,y1
11,4.64072411531876,8.1082,0,8.1082,0,8.52927,0,8.53636,0,y1
11,4.712,8.12758,0,8.12758,0,8.53646,0,8.54531,0,y1
11,4.74360375921441,8.13513,0,8.13513,0,8.53899,0,8.54869,0,y1
11,4.828,8.15227,0,8.15227,0,8.54383,0,8.55592,0,y1
11,4.84876412932112,8.15582,0,8.15582,0,8.54462,0,8.55729,0,y1
11,4.944,8.16878,0,8.16878,0,8.54623,0,8.5616,0,y1
11,4.95625578677862,8.17006,0,8.17006,0,8.5462,0,8.56193,0,y1
11,5,8.17394,0,8.17394,0,8.54566,0,8.56271,0,y1
11,5.06,8.17748,0,8.17748,0,8.54383,0,8.56273,0,y1
11,5.06613041361032,8.17773,0,8.17773,0,8.54357,0,8.56267,0,y1
11,5.176,8.17882,0,8.17882,0,8.53672,0,8.55937,0,y1
11,5.17844083757211,8.17878,0,8.17878,0,8.53652,0,8.55925,0,y1
11,5.292,8.17333,0,8.17333,0,8.52506,0,8.55162,0,y1
11,5.2932410575519,8.17324,0,8.17324,0,8.52491,0,8.55152,0,y1
11,5.408,8.16156,0,8.16156,0,8.50898,0,8.53967,0,y1
11,5.41058626953234,8.16123,0,8.16123,0,8.50857,0,8.53936,0,y1
11,5.5,8.14817,0,8.14817,0,8.49316,0,8.52731,0,y1
11,5.524,8.14413,0,8.14413,0,8.4886,0,8.52368,0,y1
11,5.53053289312902,8.143,0,8.143,0,8.48732,0,8.52266,0,y1
11,5.64,8.12167,0,8.12167,0,8.46398,0,8.5037,0,y1
11,5.65313859871711,8.11883,0,8.11883,0,8.46093,0,8.50119,0,y1
11,5.756,8.09477,0,8.09477,0,8.43517,0,8.47981,0,y1
11,5.77846233515922,8.08911,0,8.08911,0,8.4291,0,8.47474,0,y1
11,5.872,8.06406,0,8.06406,0,8.40218,0,8.45207,0,y1
11,5.9065643581481,8.05425,0,8.05425,0,8.39154,0,8.44307,0,y1
11,5.988,8.03008,0,8.03008,0,8.36501,0,8.42051,0,y1
11,6,8.0264,0,8.0264,0,8.36092,0,8.41703,0,y1
11,6.03750625917755,8.01471,0,8.01471,0,8.34787,0,8.40588,0,y1
11,6.104,7.99336,0,7.99336,0,8.32362,0,8.38512,0,y1
11,6.17135099515563,7.97096,0,7.97096,0,8.29762,0,8.36281,0,y1
11,6.22,7.95436,0,7.95436,0,8.27793,0,8.34588,0,y1
11,6.3081629186744,7.92328,0,7.92328,0,8.24027,0,8.31343,0,y1
11,6.336,7.9132,0,7.9132,0,8.22784,0,8.30271,0,y1
11,6.44800780895062,7.87101,0,7.87101,0,8.17517,0,8.25721,0,y1
11,6.452,7.86945,0,7.86945,0,8.17321,0,8.25552,0,y1
11,6.5,7.85041,0,7.85041,0,8.14924,0,8.2348,0,y1
11,6.568,7.82248,0,7.82248,0,8.11389,0,8.20418,0,y1
11,6.59095290345246,7.8128,0,7.8128,0,8.10157,0,8.19353,0,y1
11,6.684,7.77227,0,7.77227,0,8.04964,0,8.14855,0,y1
11,6.73706693022727,7.74823,0,7.74823,0,8.01856,0,8.12162,0,y1
11,6.8,7.71884,0,7.71884,0,7.98026,0,8.08842,0,y1
11,6.88642014094606,7.67694,0,7.67694,0,7.92508,0,8.04059,0,y1
11,6.916,7.66219,0,7.66219,0,7.90548,0,8.0236,0,y1
11,7,7.61916,0,7.61916,0,7.84779,0,7.97359,0,y1
11,7.032,7.60232,0,7.60232,0,7.82501,0,7.95383,0,y1
11,7.03908434468051,7.59856,0,7.59856,0,7.8199,0,7.9494,0,y1
11,7.148,7.5392,0,7.5392,0,7.73855,0,7.87884,0,y1
11,7.1951329424288,7.51262,0,7.51262,0,7.70162,0,7.84682,0,y1
11,7.264,7.4728,0,7.4728,0,7.64576,0,7.79835,0,y1
11,7.35464096240686,7.41861,0,7.41861,0,7.5686,0,7.73141,0,y1
11,7.38,7.40308,0,7.40308,0,7.54626,0,7.71203,0,y1
11,7.496,7.32997,0,7.32997,0,7.43972,0,7.61952,0,y1
11,7.5,7.32739,0,7.32739,0,7.43592,0,7.61622,0,y1
11,7.51768509612194,7.31592,0,7.31592,0,7.41899,0,7.60152,0,y1
11,7.612,7.25338,0,7.25338,0,7.32575,0,7.52045,0,y1
11,7.68434373524588,7.20383,0,7.20383,0,7.25072,0,7.4552,0,y1
11,7.728,7.17327,0,7.17327,0,7.20394,0,7.41443,0,y1
11,7.844,7.08958,0,7.08958,0,7.074,0,7.30102,0,y1
11,7.85469700930591,7.08168,0,7.08168,0,7.06159,0,7.29017,0,y1
11,7.96,7.00227,0,7.00227,0,6.93558,0,7.17983,0,y1
11,8,6.97131,0,6.97131,0,6.88585,0,7.13618,0,y1
11,8.02882682421091,6.94872,0,6.94872,0,6.84938,0,7.10419,0,y1
11,8.076,6.91127,0,6.91127,0,6.78852,0,7.05061,0,y1
11,8.192,6.81658,0,6.81658,0,6.63271,0,6.91316,0,y1
11,8.20681690163182,6.80421,0,6.80421,0,6.6122,0,6.89494,0,y1
11,8.308,6.71818,0,6.71818,0,6.46833,0,6.7673,0,y1
11,8.38875281925503,6.64752,0,6.64752,0,6.34902,0,6.66072,0,y1
11,8.424,6.61611,0,6.61611,0,6.29565,0,6.61276,0,y1
11,8.5,6.5473,0,6.5473,0,6.17734,0,6.50663,0,y1
11,8.54,6.51049,0,6.51049,0,6.11336,0,6.44924,0,y1
11,8.57472205192818,6.47821,0,6.47821,0,6.05678,0,6.39857,0,y1
11,8.656,6.40146,0,6.40146,0,5.92154,0,6.27704,0,y1
11,8.76481401371806,6.29631,0,6.29631,0,5.73592,0,6.10785,0,y1
11,8.772,6.28927,0,6.28927,0,5.72352,0,6.09641,0,y1
11,8.888,6.17397,0,6.17397,0,5.52127,0,5.9087,0,y1
11,8.95912010090097,6.10189,0,6.10189,0,5.39558,0,5.78982,0,y1
11,9,6.06005,0,6.06005,0,5.32328,0,5.72032,0,y1
11,9.004,6.05594,0,6.05594,0,5.31621,0,5.71352,0,y1
11,9.12,5.93578,0,5.93578,0,5.1132,0,5.51561,0,y1
11,9.15773373590602,5.89634,0,5.89634,0,5.04838,0,5.44941,0,y1
11,9.236,5.81409,0,5.81409,0,4.91568,0,5.31282,0,y1
11,9.352,5.6915,0,5.6915,0,4.72736,0,5.11217,0,y1
11,9.36075041223273,5.68224,0,5.68224,0,4.7137,0,5.09722,0,y1
11,9.468,5.56875,0,5.56875,0,4.55377,0,4.91735,0,y1
11,9.5,5.53499,0,5.53499,0,4.50883,0,4.86521,0,y1
11,9.56826774036427,5.46338,0,5.46338,0,4.41713,0,4.75685,0,y1
11,9.584,5.44698,0,5.44698,0,4.39673,0,4.7325,0,y1
11,9.7,5.32714,0,5.32714,0,4.2541,0,4.56095,0,y1
11,9.78038549469867,5.24518,0,5.24518,0,4.16183,0,4.45079,0,y1
11,9.816,5.2092,0,5.2092,0,4.12267,0,4.40398,0,y1
11,9.932,5.09382,0,5.09382,0,4.00275,0,4.26175,0,y1
11,9.99720566152035,5.0305,0,5.0305,0,3.9408,0,4.18876,0,y1
11,10,5.02781,0,5.02781,0,3.93822,0,4.18574,0,y1
11,10.048,4.98212,0,4.98212,0,3.89511,0,4.13504,0,y1
11,10.164,4.87504,0,4.87504,0,3.79902,0,4.02151,0,y1
11,10.2188324880352,4.82603,0,4.82603,0,3.75651,0,3.97185,0,y1
11,10.28,4.77261,0,4.77261,0,3.71126,0,3.9192,0,y1
11,10.396,4.67547,0,4.67547,0,3.63053,0,3.82699,0,y1
11,10.4453725324925,4.63585,0,4.63585,0,3.59801,0,3.79077,0,y1
11,10.5,4.59315,0,4.59315,0,3.56413,0,3.75168,0,y1
11,10.512,4.58393,0,4.58393,0,3.55691,0,3.7433,0,y1
11,10.628,4.49758,0,4.49758,0,3.48952,0,3.66631,0,y1
11,10.6769347154184,4.46281,0,4.46281,0,3.46261,0,3.63599,0,y1
11,10.744,4.4167,0,4.4167,0,3.42703,0,3.59627,0,y1
11,10.86,4.34084,0,4.34084,0,3.36884,0,3.53215,0,y1
11,10.9136303719849,4.30742,0,4.30742,0,3.3433,0,3.50431,0,y1
11,10.976,4.26983,0,4.26983,0,3.31449,0,3.47323,0,y1
11,11,4.25573,0,4.25573,0,3.30366,0,3.46159,0,y1
11,11.092,4.20346,0,4.20346,0,3.26303,0,3.41853,0,y1
11,11.1555733055397,4.1689,0,4.1689,0,3.23536,0,3.39025,0,y1
11,11.208,4.1413,0,4.1413,0,3.21405,0,3.36776,0,y1
11,11.324,4.08325,0,4.08325,0,3.16898,0,3.31995,0,y1
11,11.4028798423229,4.04577,0,4.04577,0,3.13833,0,3.28816,0,y1
11,11.44,4.02872,0,4.02872,0,3.12421,0,3.2741,0,y1
11,11.5,4.00207,0,4.00207,0,3.10224,0,3.25214,0,y1
11,11.556,3.97783,0,3.97783,0,3.08219,0,3.23189,0,y1
11,11.6556688873968,3.93527,0,3.93527,0,3.04639,0,3.19658,0,y1
11,11.672,3.92854,0,3.92854,0,3.04048,0,3.19088,0,y1
11,11.788,3.88469,0,3.88469,0,2.99925,1,3.15086,0,y1
11,11.904,3.8423,0,3.8423,0,2.95955,1,3.11063,0,y1
11,11.9140619818156,3.83877,0,3.83877,0,2.95621,1,3.10722,0,y1
11,12,3.80917,0,3.80917,0,2.92816,1,3.07836,0,y1
11,12.02,3.80216,0,3.80216,0,2.92164,1,3.07169,0,y1
11,12.136,3.76326,0,3.76326,0,2.88326,1,3.03477,0,y1
11,12.178183361062,3.74975,0,3.74975,0,2.86916,1,3.02133,0,y1
11,12.252,3.72626,0,3.72626,0,2.8448,1,2.99793,1,y1
11,12.368,3.69141,0,3.69141,0,2.80682,1,2.96143,1,y1
11,12.4481600147799,3.66794,0,3.66794,0,2.78069,1,2.93632,1,y1
11,12.484,3.65763,0,3.65763,0,2.76904,1,2.9251,1,y1
11,12.5,3.65307,0,3.65307,0,2.76385,1,2.9201,1,y1
11,12.6,3.62452,0,3.62452,0,2.7316,1,2.88887,1,y1
11,12.716,3.59314,0,3.59314,0,2.69336,1,2.85272,1,y1
11,12.7241217478313,3.59096,0,3.59096,0,2.69069,1,2.85019,1,y1
11,12.832,3.5622,0,3.5622,0,2.65595,1,2.81654,1,y1
11,12.948,3.53205,0,3.53205,0,2.61778,1,2.78031,1,y1
11,13,3.5186,0,3.5186,0,2.60059,1,2.76409,1,y1
11,13.006201242706,3.51701,0,3.51701,0,2.59857,1,2.76216,1,y1
11,13.064,3.50218,0,3.50218,0,2.57997,1,2.74419,1,y1
11,13.18,3.47273,0,3.47273,0,2.54242,1,2.70798,1,y1
11,13.2945341233157,3.44395,0,3.44395,0,2.50417,1,2.67194,1,y1
11,13.296,3.44359,0,3.44359,0,2.50368,1,2.67148,1,y1
11,13.412,3.41466,0,3.41466,0,2.46532,1,2.63466,1,y1
11,13.5,3.39275,0,3.39275,0,2.43589,1,2.60653,1,y1
11,13.528,3.38579,0,3.38579,0,2.42654,1,2.59755,1,y1
11,13.589259020202,3.37061,0,3.37061,0,2.40641,1,2.57787,1,y1
11,13.644,3.35712,0,3.35712,0,2.38855,1,2.56037,1,y1
11,13.76,3.32847,0,3.32847,0,2.34912,1,2.52383,1,y1
11,13.876,3.29968,0,3.29968,0,2.30934,1,2.4864,1,y1
11,13.8905176371901,3.29611,0,3.29611,0,2.30453,1,2.48164,1,y1
11,13.992,3.27108,0,3.27108,0,2.27013,1,2.44851,1,y1
11,14,3.26908,0,3.26908,0,2.26751,1,2.44589,1,y1
11,14.108,3.24139,0,3.24139,0,2.23082,1,2.41054,1,y1
11,14.1984548195197,3.21819,0,3.21819,0,2.19939,1,2.38079,1,y1
11,14.224,3.21173,0,3.21173,0,2.19082,1,2.37236,1,y1
11,14.34,3.18256,0,3.18256,0,2.15071,1,2.33397,1,y1
11,14.456,3.15333,0,3.15333,0,2.11052,1,2.29537,1,y1
11,14.5,3.14207,0,3.14207,0,2.09528,1,2.28075,1,y1
11,14.513218623487,3.13867,0,3.13867,0,2.09069,1,2.27636,1,y1
11,14.572,3.12343,0,3.12343,0,2.07023,1,2.25679,1,y1
11,14.688,3.09277,0,3.09277,0,2.0297,1,2.21768,1,y1
11,14.804,3.06152,0,3.06152,0,1.98901,1,2.17841,1,y1
11,14.8349603876301,3.05327,0,3.05327,0,1.97808,1,2.16793,1,y1
11,14.92,3.03101,0,3.03101,0,1.94821,1,2.13916,1,y1
11,15,3.00931,0,3.00931,0,1.9197,1,2.1121,1,y1
11,15.036,2.99952,1,2.99952,1,1.9069,1,2.09993,1,y1
11,15.152,2.96812,1,2.96812,1,1.86538,1,2.06004,1,y1
11,15.1638348054925,2.96491,1,2.96491,1,1.86119,1,2.05591,1,y1
11,15.268,2.93632,1,2.93632,1,1.82397,1,2.02004,1,y1
11,15.384,2.90427,1,2.90427,1,1.78247,1,1.97974,1,y1
11,15.5,2.87129,1,2.87129,1,1.74059,1,1.93936,1,y1
12,1,0,1,0,1,0,1,0,1,y1
12,1.02339238252884,0,1,0,1,0,1,0,1,y1
12,1.04733196861806,0,1,0,1,0,1,0,1,y1
12,1.07183155866266,0,1,0,1,0,1,0,1,y1
12,1.09690425248939,0,1,0,1,0,1,0,1,y1
12,1.12256345636113,0,1,0,1,0,1,0,1,y1
12,1.136,0,1,0,1,0,1,0,1,y1
12,1.14882289014523,0,1,0,1,0,1,0,1,y1
12,1.1756965946494,0,1,0,1,0,1,0,1,y1
12,1.2031989391293,0,1,0,1,0,1,0,1,y1
12,1.23134462897171,0,1,0,1,0,1,0,1,y1
12,1.26014871355746,0,1,0,1,0,1,0,1,y1
12,1.272,0,1,0,1,0,1,0,1,y1
12,1.28962659430822,0,1,0,1,0,1,0,1,y1
12,1.31979403292165,0,1,0,1,0,1,0,1,y1
12,1.35066715979904,0,1,0,1,0,1,0,1,y1
12,1.3822624826702,0,1,0,1,0,1,0,1,y1
12,1.408,0,1,0,1,0,1,0,1,y1
12,1.41459689542009,0,1,0,1,0,1,0,1,y1
12,1.44768768712188,0,1,0,1,0,1,0,1,y1
12,1.48155255128133,0,1,0,1,0,1,0,1,y1
12,1.5,0,1,0,1,0,1,0,1,y1
12,1.51620959529748,0,1,0,1,0,1,0,1,y1
12,1.544,0,1,0,1,0,1,0,1,y1
12,1.55167735014459,0,1,0,1,0,1,0,1,y1
12,1.58797478028051,0,1,0,1,0,1,0,1,y1
12,1.62512129378699,0,1,0,1,0,1,0,1,y1
12,1.66313675274702,0,1,0,1,0,1,0,1,y1
12,1.68,0,1,0,1,0,1,0,1,y1
12,1.70204148386506,0,1,0,1,0,1,0,1,y1
12,1.74185628933559,0,1,0,1,0,1,0,1,y1
12,1.782602457966,0,1,0,1,0,1,0,1,y1
12,1.816,0,1,0,1,0,1,0,1,y1
12,1.8243017765596,0,1,0,1,0,1,0,1,y1
12,1.86697654156493,0,1,0,1,0,1,0,1,y1
12,1.9106495709976,0,1,0,1,0,1,0,1,y1
12,1.952,0,1,0,1,0,1,0,1,y1
12,1.95534421664094,0.0539493,1,0.0539493,1,0,1,0,1,y1
12,2,1.13314,1,1.13314,1,0,1,0,1,y1
12,2.00108437653217,1.15355,1,1.15355,1,0,1,0,1,y1
12,2.0478945077405,1.91951,1,1.91951,1,0,1,0,1,y1
12,2.088,2.43935,1,2.43935,1,0,1,0,1,y1
12,2.09579963944429,2.52995,1,2.52995,1,0,1,0,1,y1
12,2.14482538631398,3.03947,0,3.03947,0,0,1,0,1,y1
12,2.19499796220821,3.47671,0,3.47671,0,0,1,0,1,y1
12,2.224,3.69963,0,3.69963,0,0,1,0,1,y1
12,2.24634419419022,3.85897,0,3.85897,0,0,1,0,1,y1
12,2.29889153687216,4.19807,0,4.19807,0,0,1,0,1,y1
12,2.352668087095,4.5023,0,4.5023,0,0,1,0,1,y1
12,2.36,4.54093,0,4.54093,0,0,1,0,1,y1
12,2.40770259895173,4.77784,0,4.77784,0,0,1,0,1,y1
12,2.4640244991621,5.02925,0,5.02925,0,0,1,0,1,y1
12,2.496,5.1604,0,5.1604,0,0,1,0,1,y1
12,2.5,5.17627,0,5.17627,0,0,1,0,1,y1
12,2.52166390280694,5.26023,0,5.26023,0,0,1,0,1,y1
12,2.58065162943057,5.47371,0,5.47371,0,0,1,0,1,y1
12,2.632,5.64338,0,5.64338,0,0,1,0,1,y1
12,2.6410192195199,5.67178,0,5.67178,0,0,1,0,1,y1
12,2.70279895136894,5.85627,0,5.85627,0,0,1,0,1,y1
12,2.76602385833792,6.02879,0,6.02879,0,0,1,0,1,y1
12,2.768,6.03394,0,6.03394,0,0,1,0,1,y1
12,2.83072774651606,6.19052,0,6.19052,0,0,1,0,1,y1
12,2.89694521279758,6.34254,0,6.34254,0,0,1,0,1,y1
12,2.904,6.35801,0,6.35801,0,0,1,0,1,y1
12,2.96471166338044,6.48577,0,6.48577,0,0,1,0,1,y1
12,3,6.55594,0,6.55594,0,0,1,0,1,y1
12,3.03406333269796,6.62103,0,6.62103,0,0,1,0,1,y1
12,3.04,6.63212,0,6.63212,0,0,1,0,1,y1
12,3.10503730279317,6.7488,0,6.7488,0,0,1,0,1,y1
12,3.176,6.86662,0,6.86662,0,0,1,0,1,y1
12,3.17767152314644,6.8693,0,6.8693,0,0,1,0,1,y1
12,3.25200483096689,6.98382,0,6.98382,0,0,1,0,1,y1
12,3.312,7.0701,0,7.0701,0,0,1,0,1,y1
12,3.32807697195852,7.0924,0,7.0924,0,0,1,0,1,y1
12,3.40592862157201,7.1957,0,7.1957,0,0,1,0,1,y1
12,3.448,7.24853,0,7.24853,0,0,1,0,1,y1
12,3.48560140675375,7.29406,0,7.29406,0,0,1,0,1,y1
12,3.5,7.31108,0,7.31108,0,0,1,0,1,y1
12,3.56713792820361,7.38758,0,7.38758,0,0,1,0,1,y1
12,3.584,7.40608,0,7.40608,0,0,1,0,1,y1
12,3.6505817831533,7.47637,0,7.47637,0,0,1,0,1,y1
12,3.72,7.54525,0,7.54525,0,0,1,0,1,y1
12,3.73597758867765,7.5605,0,7.5605,0,0,1,0,1,y1
12,3.82337100555118,7.63998,0,7.63998,0,0,1,0,1,y1
12,3.856,7.66803,0,7.66803,0,0,1,0,1,y1
12,3.91280876266273,7.71486,0,7.71486,0,0,1,0,1,y1
12,3.992,7.7759,0,7.7759,0,0,1,0,1,y1
12,4,7.7818,0,7.7818,0,0,1,0,1,y1
12,4.00433868200114,7.78499,0,7.78499,0,0,1,0,1,y1
12,4.09800970422556,7.85028,0,7.85028,0,0,1,0,1,y1
12,4.128,7.86983,0,7.86983,0,0.0503158,1,0,1,y1
12,4.19387191483372,7.91053,0,7.91053,0,1.00156,1,0,1,y1
12,4.264,7.9505,0,7.9505,0,1.76432,1,0.848052,1,y1
12,4.29197657094248,7.9655,0,7.9655,0,2.02005,1,1.1804,1,y1
12,4.3923761286948,8.01492,0,8.01492,0,2.78145,1,2.13519,1,y1
12,4.4,8.01839,0,8.01839,0,2.83131,1,2.19638,1,y1
12,4.49512427130779,8.05846,0,8.05846,0,3.38345,0,2.86192,1,y1
12,4.5,8.06035,0,8.06035,0,3.40871,0,2.89193,1,y1
12,4.536,8.07383,0,8.07383,0,3.58756,0,3.10343,0,y1
12,4.60027593777691,8.09579,0,8.09579,0,3.87679,0,3.44238,0,y1
12,4.672,8.11713,0,8.11713,0,4.16143,0,3.77278,0,y1
12,4.70788735225163,8.12657,0,8.12657,0,4.2911,0,3.92237,0,y1
12,4.808,8.14862,0,8.14862,0,4.61546,0,4.29435,0,y1
12,4.8180160540982,8.15049,0,8.15049,0,4.64523,0,4.32835,0,y1
12,4.93072092866578,8.1673,0,8.1673,0,4.95183,0,4.67731,0,y1
12,4.944,8.16879,0,8.16879,0,4.98485,0,4.71478,0,y1
12,5,8.17395,0,8.17395,0,5.11775,0,4.86538,0,y1
12,5.0460622387721,8.17684,0,8.17684,0,5.22,0,4.98096,0,y1
12,5.08,8.17823,0,8.17823,0,5.29155,0,5.06174,0,y1
12,5.16410165692581,8.17902,0,8.17902,0,5.45621,0,5.24746,0,y1
12,5.216,8.17767,0,8.17767,0,5.54972,0,5.3528,0,y1
12,5.28490229830245,8.17385,0,8.17385,0,5.6652,0,5.48299,0,y1
12,5.352,8.16799,0,8.16799,0,5.76916,0,5.60025,0,y1
12,5.40852875449191,8.16149,0,8.16149,0,5.85081,0,5.69242,0,y1
12,5.488,8.15011,0,8.15011,0,5.95718,0,5.81238,0,y1
12,5.5,8.14817,0,8.14817,0,5.97251,0,5.82958,0,y1
12,5.53504712803523,8.1422,0,8.1422,0,6.01617,0,5.87855,0,y1
12,5.624,8.12504,0,8.12504,0,6.11922,0,5.99496,0,y1
12,5.66452506776941,8.11633,0,8.11633,0,6.16308,0,6.04445,0,y1
12,5.76,8.09377,0,8.09377,0,6.25808,0,6.15294,0,y1
12,5.7970318049989,8.08431,0,8.08431,0,6.292,0,6.19225,0,y1
12,5.896,8.05727,0,8.05727,0,6.37724,0,6.28923,0,y1
12,5.9326381905133,8.04666,0,8.04666,0,6.4066,0,6.32205,0,y1
12,6,8.02639,0,8.02639,0,6.45647,0,6.37931,0,y1
12,6.032,8.01644,0,8.01644,0,6.47854,0,6.40533,0,y1
12,6.07141673247102,8.00391,0,8.00391,0,6.50412,0,6.43595,0,y1
12,6.168,7.97208,0,7.97208,0,6.5597,0,6.50277,0,y1
12,6.213441635169,7.95661,0,7.95661,0,6.58271,0,6.53104,0,y1
12,6.304,7.92478,0,7.92478,0,6.62247,0,6.5824,0,y1
12,6.35878883871952,7.90485,0,7.90485,0,6.64293,0,6.60931,0,y1
12,6.44,7.87414,0,7.87414,0,6.66811,0,6.64413,0,y1
12,6.5,7.85042,0,7.85042,0,6.68301,0,6.66629,0,y1
12,6.50753605965499,7.84738,0,7.84738,0,6.68464,0,6.66884,0,y1
12,6.576,7.81913,0,7.81913,0,6.69715,0,6.68941,0,y1
12,6.65976283248268,7.78303,0,7.78303,0,6.70698,0,6.70881,0,y1
12,6.712,7.75967,0,7.75967,0,6.70998,0,6.71779,0,y1
12,6.81555055221149,7.71142,0,7.71142,0,6.70915,0,6.72764,0,y1
12,6.848,7.69578,0,7.69578,0,6.7071,0,6.72847,0,y1
12,6.97498251787349,7.63213,0,7.63213,0,6.69054,0,6.72262,0,y1
12,6.984,7.62747,0,7.62747,0,6.68887,0,6.72172,0,y1
12,7,7.61914,0,7.61914,0,6.68573,0,6.71994,0,y1
12,7.12,7.55471,0,7.55471,0,6.65564,0,6.70012,0,y1
12,7.13814397706359,7.54467,0,7.54467,0,6.65012,0,6.6962,0,y1
12,7.256,7.47746,0,7.47746,0,6.60819,0,6.66484,0,y1
12,7.30512217152102,7.44844,0,7.44844,0,6.58777,0,6.64875,0,y1
12,7.392,7.39564,0,7.39564,0,6.54745,0,6.61619,0,y1
12,7.47600638377717,7.34277,0,7.34277,0,6.50382,0,6.58003,0,y1
12,7.5,7.32733,0,7.32733,0,6.49053,0,6.56893,0,y1
12,7.528,7.30914,0,7.30914,0,6.47459,0,6.5555,0,y1
12,7.65088798489457,7.2269,0,7.2269,0,6.39917,0,6.49051,0,y1
12,7.664,7.21789,0,7.21789,0,6.39061,0,6.48301,0,y1
12,7.8,7.12177,0,7.12177,0,6.29656,0,6.39923,0,y1
12,7.82986048332255,7.1,0,7.1,0,6.27468,0,6.3794,0,y1
12,7.936,7.02067,0,7.02067,0,6.19351,0,6.30495,0,y1
12,8,6.97135,0,6.97135,0,6.1422,0,6.25727,0,y1
12,8.01301957489591,6.96118,0,6.96118,0,6.13156,0,6.24732,0,y1
12,8.072,6.91452,0,6.91452,0,6.08259,0,6.20122,0,y1
12,8.20046319400299,6.80957,0,6.80957,0,5.97148,0,6.09543,0,y1
12,8.208,6.80327,0,6.80327,0,5.96478,0,6.08902,0,y1
12,8.344,6.68694,0,6.68694,0,5.84107,0,5.9698,0,y1
12,8.39229156595081,6.64442,0,6.64442,0,5.79604,0,5.92602,0,y1
12,8.48,6.5656,0,6.5656,0,5.71262,0,5.84468,0,y1
12,8.5,6.54734,0,6.54734,0,5.69331,0,5.82584,0,y1
12,8.58860726055512,6.46523,0,6.46523,0,5.607,0,5.74117,0,y1
12,8.616,6.43945,0,6.43945,0,5.5802,0,5.71463,0,y1
12,8.752,6.30882,0,6.30882,0,5.44522,0,5.58051,0,y1
12,8.78951524698403,6.27205,0,6.27205,0,5.40711,0,5.54292,0,y1
12,8.888,6.17415,0,6.17415,0,5.30705,0,5.44326,0,y1
12,8.99512294988458,6.06566,0,6.06566,0,5.19942,0,5.33346,0,y1
12,9,6.06068,0,6.06068,0,5.19447,0,5.32844,0,y1
12,9.024,6.03613,0,6.03613,0,5.16989,0,5.30368,0,y1
12,9.16,5.89553,0,5.89553,0,5.03009,0,5.16273,0,y1
12,9.20554030682226,5.8481,0,5.8481,0,4.9854,0,5.11536,0,y1
12,9.296,5.75348,0,5.75348,0,4.894,0,5.02124,0,y1
12,9.42087982706414,5.6224,0,5.6224,0,4.7696,0,4.89164,0,y1
12,9.432,5.61072,0,5.61072,0,4.75874,0,4.88013,0,y1
12,9.5,5.53932,0,5.53932,0,4.69202,0,4.81,0,y1
12,9.568,5.46791,0,5.46791,0,4.62528,0,4.74025,0,y1
12,9.64125665173709,5.39138,0,5.39138,0,4.55485,0,4.66572,0,y1
12,9.704,5.32618,0,5.32618,0,4.49603,0,4.60245,0,y1
12,9.84,5.18777,0,5.18777,0,4.37056,0,4.46752,0,y1
12,9.86678861539328,5.16113,0,5.16113,0,4.34639,0,4.44135,0,y1
12,9.976,5.055,0,5.055,0,4.25024,0,4.33623,0,y1
12,10,5.0321,0,5.0321,0,4.22953,0,4.31347,0,y1
12,10.0975963090158,4.94072,0,4.94072,0,4.14695,0,4.22247,0,y1
12,10.112,4.92748,0,4.92748,0,4.135,0,4.20924,0,y1
12,10.248,4.80596,0,4.80596,0,4.02563,0,4.08716,0,y1
12,10.3338031444981,4.73274,0,4.73274,0,3.95957,0,4.01294,0,y1
12,10.384,4.69119,0,4.69119,0,3.92213,0,3.97053,0,y1
12,10.5,4.59886,0,4.59886,0,3.83874,0,3.87561,0,y1
12,10.52,4.58347,0,4.58347,0,3.82484,0,3.85969,0,y1
12,10.575535420632,4.54155,0,4.54155,0,3.787,0,3.81618,0,y1
12,10.656,4.48295,0,4.48295,0,3.73386,0,3.75498,0,y1
12,10.792,4.38952,0,4.38952,0,3.64934,0,3.65676,0,y1
12,10.8229223906388,4.36923,0,4.36923,0,3.63087,0,3.63532,0,y1
12,10.928,4.30292,0,4.30292,0,3.5704,0,3.56497,0,y1
12,11,4.25973,0,4.25973,0,3.53146,0,3.51904,0,y1
12,11.064,4.22285,0,4.22285,0,3.49829,0,3.47974,0,y1
12,11.0760963312806,4.21604,0,4.21604,0,3.49215,0,3.47246,0,y1
12,11.2,4.14883,0,4.14883,0,3.43182,0,3.40092,0,y1
12,11.3351926135882,4.08088,0,4.08088,0,3.37203,0,3.3289,0,y1
12,11.336,4.08049,0,4.08049,0,3.37169,0,3.32849,0,y1
12,11.472,4.01726,0,4.01726,0,3.3171,0,3.26225,0,y1
12,11.5,4.00467,0,4.00467,0,3.30652,0,3.24938,0,y1
12,11.6003497752434,3.9615,0,3.9615,0,3.27036,0,3.20522,0,y1
12,11.608,3.95839,0,3.95839,0,3.26772,0,3.20198,0,y1
12,11.744,3.90625,0,3.90625,0,3.22327,0,3.14747,0,y1
12,11.8717095946543,3.85603,0,3.85603,0,3.18577,0,3.1012,0,y1
12,11.88,3.85281,0,3.85281,0,3.18347,0,3.09835,0,y1
12,12,3.80999,0,3.80999,0,3.15195,0,3.05934,0,y1
12,12.016,3.80469,0,3.80469,0,3.14799,0,3.05442,0,y1
12,12.1494171667638,3.76146,0,3.76146,0,3.11675,0,3.01597,0,y1
12,12.152,3.76061,0,3.76061,0,3.11619,0,3.01527,0,y1
12,12.288,3.71635,0,3.71635,0,3.08848,0,2.98062,1,y1
12,12.424,3.67611,0,3.67611,0,3.0641,0,2.95015,1,y1
12,12.4336209806312,3.67345,0,3.67345,0,3.06249,0,2.94814,1,y1
12,12.5,3.65564,0,3.65564,0,3.05182,0,2.9348,1,y1
12,12.56,3.63911,0,3.63911,0,3.04276,0,2.92346,1,y1
12,12.696,3.59888,0,3.59888,0,3.02419,0,2.90035,1,y1
12,12.7244729988288,3.59127,0,3.59127,0,3.02063,0,2.89591,1,y1
12,12.832,3.56497,0,3.56497,0,3.00808,0,2.88038,1,y1
12,12.968,3.52939,0,3.52939,0,2.99421,1,2.86352,1,y1
12,13,3.5211,0,3.5211,0,2.99123,1,2.8599,1,y1
12,13.0221287386953,3.5156,0,3.5156,0,2.98924,1,2.85747,1,y1
12,13.104,3.49544,0,3.49544,0,2.98226,1,2.84907,1,y1
12,13.24,3.46036,0,3.46036,0,2.97208,1,2.83689,1,y1
12,13.3267473554907,3.43794,0,3.43794,0,2.96639,1,2.83021,1,y1
12,13.376,3.42538,0,3.42538,0,2.96342,1,2.82681,1,y1
12,13.5,3.39427,0,3.39427,0,2.95669,1,2.8192,1,y1
12,13.512,3.39142,0,3.39142,0,2.95609,1,2.81853,1,y1
12,13.6384917274956,3.35946,0,3.35946,0,2.95028,1,2.81239,1,y1
12,13.648,3.35705,0,3.35705,0,2.94988,1,2.81198,1,y1
12,13.784,3.3234,0,3.3234,0,2.94463,1,2.80685,1,y1
12,13.92,3.28932,0,3.28932,0,2.94019,1,2.80361,1,y1
12,13.9575285431017,3.27993,0,3.27993,0,2.93911,1,2.80274,1,y1
12,14,3.26927,0,3.26927,0,2.93796,1,2.80181,1,y1
12,14.056,3.25513,0,3.25513,0,2.93655,1,2.80071,1,y1
12,14.192,3.22069,0,3.22069,0,2.93349,1,2.79849,1,y1
12,14.2840283899392,3.19678,0,3.19678,0,2.93158,1,2.79781,1,y1
12,14.328,3.1862,0,3.1862,0,2.93069,1,2.79788,1,y1
12,14.464,3.15111,0,3.15111,0,2.92837,1,2.79772,1,y1
12,14.5,3.14202,0,3.14202,0,2.92791,1,2.79761,1,y1
12,14.6,3.11558,0,3.11558,0,2.92702,1,2.79721,1,y1
12,14.6181658460895,3.11072,0,3.11072,0,2.92689,1,2.79706,1,y1
12,14.736,3.08012,0,3.08012,0,2.92574,1,2.79598,1,y1
12,14.872,3.04441,0,3.04441,0,2.92333,1,2.79721,1,y1
12,14.9601195734313,3.02089,0,3.02089,0,2.92167,1,2.79802,1,y1
12,15,3.01023,0,3.01023,0,2.92104,1,2.79836,1,y1
12,15.008,3.00808,0,3.00808,0,2.92092,1,2.79843,1,y1
12,15.144,2.97107,1,2.97107,1,2.91963,1,2.79941,1,y1
12,15.28,2.93362,1,2.93362,1,2.9184,1,2.79993,1,y1
12,15.3100724131702,2.92529,1,2.92529,1,2.91803,1,2.80006,1,y1
12,15.416,2.89584,1,2.89584,1,2.91641,1,2.80098,1,y1
12,15.5,2.87231,1,2.87231,1,2.91507,1,2.80169,1,y1
12,15.552,2.85768,1,2.85768,1,2.91426,1,2.80204,1,y1
12,15.6682114836034,2.8246,1,2.8246,1,2.91258,1,2.80287,1,y1
12,15.688,2.81896,1,2.81896,1,2.91232,1,2.80301,1,y1
12,15.824,2.7797,1,2.7797,1,2.91078,1,2.80385,1,y1
12,15.96,2.73986,1,2.73986,1,2.90946,1,2.80458,1,y1
12,16,2.72857,1,2.72857,1,2.90894,1,2.80477,1,y1
12,16.0347282801707,2.71879,1,2.71879,1,2.90839,1,2.80493,1,y1
12,16.096,2.70081,1,2.70081,1,2.9072,1,2.80516,1,y1
12,16.232,2.66089,1,2.66089,1,2.90378,1,2.80554,1,y1
12,16.368,2.62034,1,2.62034,1,2.90016,1,2.80574,1,y1
12,16.4098187778465,2.60791,1,2.60791,1,2.89907,1,2.80576,1,y1
12,16.5,2.58058,1,2.58058,1,2.8968,1,2.80574,1,y1
12,16.504,2.57936,1,2.57936,1,2.8967,1,2.80574,1,y1
12,16.64,2.53795,1,2.53795,1,2.89357,1,2.8055,1,y1
12,16.776,2.49664,1,2.49664,1,2.89045,1,2.80498,1,y1
12,16.7936835359269,2.49124,1,2.49124,1,2.89001,1,2.80489,1,y1
12,16.912,2.45475,1,2.45475,1,2.88669,1,2.8042,1,y1
12,17,2.42742,1,2.42742,1,2.88399,1,2.80358,1,y1
12,17.048,2.41243,1,2.41243,1,2.8825,1,2.80321,1,y1
12,17.184,2.36969,1,2.36969,1,2.87828,1,2.80198,1,y1
12,17.1865278052676,2.36889,1,2.36889,1,2.8782,1,2.80195,1,y1
12,17.32,2.32672,1,2.32672,1,2.87364,1,2.80045,1,y1
12,17.456,2.28358,1,2.28358,1,2.86825,1,2.79862,1,y1
12,17.5,2.26957,1,2.26957,1,2.86658,1,2.79797,1,y1
12,17.588561638031,2.24117,1,2.24117,1,2.86366,1,2.79659,1,y1
12,17.592,2.24006,1,2.24006,1,2.86355,1,2.79653,1,y1
12,17.728,2.19554,1,2.19554,1,2.85855,1,2.79421,1,y1
12,17.864,2.15147,1,2.15147,1,2.8525,1,2.79164,1,y1
12,18,2.10727,1,2.10727,1,2.84684,1,2.7888,1,y1
13,1,0,1,0,1,1.76115,1,1.82594,1,y1
13,1.02361672632689,0,1,0,1,1.85238,1,1.91863,1,y1
13,1.04779120241618,0,1,0,1,1.94444,1,2.01214,1,y1
13,1.07253660049137,0,1,0,1,2.03735,1,2.10643,1,y1
13,1.09786640386075,0,1,0,1,2.13104,1,2.20147,1,y1
13,1.12379441426421,0,1,0,1,2.22551,1,2.29724,1,y1
13,1.14,0,1,0,1,2.28381,1,2.35633,1,y1
13,1.15033475939358,0,1,0,1,2.32071,1,2.39371,1,y1
13,1.17750190059049,0,1,0,1,2.41663,1,2.49084,1,y1
13,1.20531064072613,0,1,0,1,2.51324,1,2.58863,1,y1
13,1.23377613226705,0,1,0,1,2.61053,1,2.68706,1,y1
13,1.26291388553145,0,1,0,1,2.70848,1,2.78609,1,y1
13,1.28,0,1,0,1,2.76515,1,2.84338,1,y1
13,1.29273977714047,0,1,0,1,2.80705,1,2.88573,1,y1
13,1.32327005866909,0,1,0,1,2.90626,1,2.98594,1,y1
13,1.35452136550124,0,1,0,1,3.00606,0,3.0867,0,y1
13,1.38651072589421,0,1,0,1,3.10643,0,3.18798,0,y1
13,1.41925557025695,0,1,0,1,3.20737,0,3.28979,0,y1
13,1.42,0,1,0,1,3.20964,0,3.29208,0,y1
13,1.45277374064763,0,1,0,1,3.30884,0,3.39209,0,y1
13,1.4870835004954,0,1,0,1,3.41081,0,3.49484,0,y1
13,1.5,0,1,0,1,3.44872,0,3.53302,0,y1
13,1.52220354455183,0,1,0,1,3.51328,0,3.59801,0,y1
13,1.55815300907734,0,1,0,1,3.61622,0,3.7016,0,y1
13,1.56,0,1,0,1,3.62146,0,3.70687,0,y1
13,1.59495148226814,0,1,0,1,3.7196,0,3.80559,0,y1
13,1.63261901492953,0,1,0,1,3.82338,0,3.90999,0,y1
13,1.6711761314012,0,1,0,1,3.92754,0,4.01471,0,y1
13,1.7,0,1,0,1,4.00409,0,4.09157,0,y1
13,1.71064384074053,0,1,0,1,4.03208,0,4.11966,0,y1
13,1.75104364817009,0,1,0,1,4.13699,0,4.22496,0,y1
13,1.79239756679536,0,1,0,1,4.24221,0,4.33071,0,y1
13,1.83472812959935,0,1,0,1,4.34761,0,4.43661,0,y1
13,1.84,0,1,0,1,4.36058,0,4.44962,0,y1
13,1.87805840172035,0,1,0,1,4.45335,0,4.54257,0,y1
13,1.92241199301969,0,1,0,1,4.55955,0,4.64892,0,y1
13,1.96781307094637,0.431657,1,0.431657,1,4.66581,0,4.75527,0,y1
13,1.98,0.72554,1,0.72554,1,4.6939,0,4.78332,0,y1
13,2,1.13314,1,1.13314,1,4.73967,0,4.829,0,y1
13,2.01428637370539,1.39157,1,1.39157,1,4.77212,0,4.8614,0,y1
13,2.06185722373718,2.11186,1,2.11186,1,4.87883,0,4.96815,0,y1
13,2.1105515415153,2.69355,1,2.69355,1,4.98533,0,5.07477,0,y1
13,2.12,2.79341,1,2.79341,1,5.00564,0,5.09503,0,y1
13,2.16039585967007,3.18305,0,3.18305,0,5.09168,0,5.18062,0,y1
13,2.21141733744564,3.60528,0,3.60528,0,5.19895,0,5.28715,0,y1
13,2.26,3.95164,0,3.95164,0,5.29858,0,5.38604,0,y1
13,2.26364377549864,3.9758,0,3.9758,0,5.30593,0,5.39334,0,y1
13,2.31710363104616,4.30546,0,4.30546,0,5.41266,0,5.49946,0,y1
13,2.37182603337162,4.60195,0,4.60195,0,5.51989,0,5.60646,0,y1
13,2.4,4.7412,0,4.7412,0,5.57361,0,5.66,0,y1
13,2.42784079969675,4.87097,0,4.87097,0,5.62579,0,5.71204,0,y1
13,2.48517845142845,5.11687,0,5.11687,0,5.73241,0,5.81838,0,y1
13,2.5,5.17628,0,5.17628,0,5.75973,0,5.8456,0,y1
13,2.54,5.32889,0,5.32889,0,5.83203,0,5.91782,0,y1
13,2.54387023078932,5.34312,0,5.34312,0,5.83888,0,5.9247,0,y1
13,2.603948117841,5.55249,0,5.55249,0,5.9437,0,6.0303,0,y1
13,2.66544484790947,5.7468,0,5.7468,0,6.0495,0,6.1361,0,y1
13,2.68,5.79013,0,5.79013,0,6.07402,0,6.16063,0,y1
13,2.72839392942197,5.928,0,5.928,0,6.15403,0,6.24071,0,y1
13,2.79282966216508,6.09752,0,6.09752,0,6.25927,0,6.34517,0,y1
13,2.82,6.16467,0,6.16467,0,6.30316,0,6.38928,0,y1
13,2.85878715597406,6.25651,0,6.25651,0,6.36468,0,6.44987,0,y1
13,2.92630234986353,6.40603,0,6.40603,0,6.46821,0,6.55222,0,y1
13,2.96,6.47619,0,6.47619,0,6.51902,0,6.60265,0,y1
13,2.99541203160999,6.54698,0,6.54698,0,6.57176,0,6.6548,0,y1
13,3,6.55594,0,6.55594,0,6.57854,0,6.66147,0,y1
13,3.0661538577968,6.68011,0,6.68011,0,6.67477,0,6.7555,0,y1
13,3.1,6.74008,0,6.74008,0,6.72323,0,6.80346,0,y1
13,3.13856637433253,6.8056,0,6.8056,0,6.77789,0,6.85785,0,y1
13,3.21268903745392,6.92438,0,6.92438,0,6.87907,0,6.95861,0,y1
13,3.24,6.96593,0,6.96593,0,6.91574,0,6.99473,0,y1
13,3.28856223522488,7.03702,0,7.03702,0,6.97945,0,7.05819,0,y1
13,3.36622730954313,7.144,0,7.144,0,7.07873,0,7.15562,0,y1
13,3.38,7.16216,0,7.16216,0,7.09599,0,7.17259,0,y1
13,3.44572657866672,7.24578,0,7.24578,0,7.17661,0,7.25155,0,y1
13,3.5,7.31114,0,7.31114,0,7.2412,0,7.31485,0,y1
13,3.52,7.33442,0,7.33442,0,7.26453,0,7.33777,0,y1
13,3.52710336027238,7.34258,0,7.34258,0,7.27276,0,7.34584,0,y1
13,3.61040199505859,7.43452,0,7.43452,0,7.36682,0,7.43777,0,y1
13,3.66,7.48602,0,7.48602,0,7.42068,0,7.49025,0,y1
13,3.69566787090595,7.52165,0,7.52165,0,7.45838,0,7.5269,0,y1
13,3.78294744760822,7.60407,0,7.60407,0,7.54691,0,7.6126,0,y1
13,3.8,7.61941,0,7.61941,0,7.56356,0,7.62867,0,y1
13,3.8722882821874,7.68177,0,7.68177,0,7.63168,0,7.69419,0,y1
13,3.94,7.7364,0,7.7364,0,7.69176,0,7.75161,0,y1
13,3.96373905480664,7.75471,0,7.75471,0,7.71192,0,7.77078,0,y1
13,4,7.78184,0,7.78184,0,7.74176,0,7.79907,0,y1
13,4.05734959529522,7.82278,0,7.82278,0,7.78659,0,7.84129,0,y1
13,4.08,7.83827,0,7.83827,0,7.80346,0,7.85709,0,y1
13,4.15317091029983,7.88578,0,7.88578,0,7.85458,0,7.90456,0,y1
13,4.22,7.92586,0,7.92586,0,7.89656,0,7.94294,0,y1
13,4.25125521107718,7.94352,0,7.94352,0,7.9146,0,7.95919,0,y1
13,4.35165594194296,7.99573,0,7.99573,0,7.9653,0,8.00385,0,y1
13,4.36,7.99976,0,7.99976,0,7.969,0,8.00703,0,y1
13,4.45442780939262,8.04208,0,8.04208,0,8.00523,0,8.03711,0,y1
13,4.5,8.06038,0,8.06038,0,8.01888,0,8.04774,0,y1
13,4.55962681190993,8.08224,0,8.08224,0,8.0329,0,8.0577,0,y1
13,4.64,8.10803,0,8.10803,0,8.04487,0,8.06408,0,y1
13,4.66731027047957,8.11585,0,8.11585,0,8.0471,0,8.06439,0,y1
13,4.77753685982017,8.14258,0,8.14258,0,8.0467,0,8.05612,0,y1
13,4.78,8.14309,0,8.14309,0,8.04652,0,8.05577,0,y1
13,4.89036664035518,8.16217,0,8.16217,0,8.03076,0,8.03246,0,y1
13,4.92,8.16604,0,8.16604,0,8.02405,0,8.02375,0,y1
13,5,8.17396,0,8.17396,0,8.00092,0,7.99526,0,y1
13,5.0058610909386,8.17439,0,8.17439,0,7.99894,0,7.99289,0,y1
13,5.06,8.17749,0,8.17749,0,7.97883,0,7.96929,0,y1
13,5.12408314235373,8.17911,0,8.17911,0,7.95098,0,7.93753,0,y1
13,5.2,8.17824,0,8.17824,0,7.91274,0,7.89498,0,y1
13,5.24509721160293,8.17634,0,8.17634,0,7.88772,0,7.86726,0,y1
13,5.34,8.16919,0,8.16919,0,7.82972,0,7.80364,0,y1
13,5.36896923700729,8.16618,0,8.16618,0,7.81047,0,7.78304,0,y1
13,5.48,8.15137,0,8.15137,0,7.73051,0,7.70091,0,y1
13,5.49576671413519,8.14886,0,8.14886,0,7.7186,0,7.68884,0,y1
13,5.5,8.14817,0,8.14817,0,7.71539,0,7.68558,0,y1
13,5.62,8.12587,0,8.12587,0,7.62026,0,7.58791,0,y1
13,5.62555873257936,8.12471,0,8.12471,0,7.6157,0,7.58316,0,y1
13,5.75841601360254,8.09416,0,8.09416,0,7.50501,0,7.46764,0,y1
13,5.76,8.09377,0,8.09377,0,7.50366,0,7.46622,0,y1
13,5.89441094867218,8.05772,0,8.05772,0,7.38812,0,7.34611,0,y1
13,5.9,8.05612,0,8.05612,0,7.38328,0,7.3411,0,y1
13,6,8.02639,0,8.02639,0,7.2965,0,7.25143,0,y1
13,6.03361763890519,8.01592,0,8.01592,0,7.26724,0,7.22155,0,y1
13,6.04,8.01391,0,8.01391,0,7.26168,0,7.2159,0,y1
13,6.17611193544432,7.96934,0,7.96934,0,7.14391,0,7.0966,0,y1
13,6.18,7.96802,0,7.96802,0,7.14058,0,7.09324,0,y1
13,6.32,7.91902,0,7.91902,0,7.02178,0,6.97405,0,y1
13,6.32197148078795,7.9183,0,7.9183,0,7.02013,0,6.97241,0,y1
13,6.46,7.86635,0,7.86635,0,6.90683,0,6.85947,0,y1
13,6.47127575109613,7.8619,0,7.8619,0,6.89779,0,6.8505,0,y1
13,6.5,7.85044,0,7.85044,0,6.87492,0,6.82784,0,y1
13,6.6,7.80897,0,7.80897,0,6.79723,0,6.74971,0,y1
13,6.62410609949561,7.79861,0,7.79861,0,6.77896,0,6.73122,0,y1
13,6.74,7.74688,0,7.74688,0,6.6938,0,6.6472,0,y1
13,6.78054580040769,7.72802,0,7.72802,0,6.66508,0,6.61814,0,y1
13,6.88,7.6801,0,7.6801,0,6.59721,0,6.55086,0,y1
13,6.94068009492287,7.6497,0,7.6497,0,6.55761,0,6.5107,0,y1
13,7,7.61913,0,7.61913,0,6.52017,0,6.47301,0,y1
13,7.02,7.60863,0,7.60863,0,6.50786,0,6.46072,0,y1
13,7.10459623724716,7.56316,0,7.56316,0,6.45751,0,6.41036,0,y1
13,7.16,7.53245,0,7.53245,0,6.42602,0,6.37917,0,y1
13,7.27238354224529,7.46785,0,7.46785,0,6.36578,0,6.31993,0,y1
13,7.3,7.4515,0,7.4515,0,6.35176,0,6.3062,0,y1
13,7.44,7.36567,0,7.36567,0,6.28522,0,6.24141,0,y1
13,7.44413343410668,7.36306,0,7.36306,0,6.28338,0,6.23962,0,y1
13,7.5,7.32736,0,7.32736,0,6.25907,0,6.21604,0,y1
13,7.58,7.27485,0,7.27485,0,6.22647,0,6.18449,0,y1
13,7.61993949616083,7.24801,0,7.24801,0,6.2111,0,6.16965,0,y1
13,7.72,7.17894,0,7.17894,0,6.1753,0,6.13536,0,y1
13,7.79989752186913,7.12187,0,7.12187,0,6.14961,0,6.11076,0,y1
13,7.86,7.07781,0,7.07781,0,6.13181,0,6.09405,0,y1
13,7.98410556702091,6.9837,0,6.9837,0,6.09948,0,6.06374,0,y1
13,8,6.97134,0,6.97134,0,6.09577,0,6.06027,0,y1
13,8.14,6.85948,0,6.85948,0,6.0669,0,6.03387,0,y1
13,8.17266400316225,6.83261,0,6.83261,0,6.06121,0,6.02871,0,y1
13,8.28,6.74223,0,6.74223,0,6.04518,0,6.01444,0,y1
13,8.36567557228656,6.66782,0,6.66782,0,6.03515,0,6.00593,0,y1
13,8.42,6.61961,0,6.61961,0,6.03014,0,6.00183,0,y1
13,8.5,6.54719,0,6.54719,0,6.02454,0,5.99754,0,y1
13,8.56,6.49179,0,6.49179,0,6.02162,0,5.99566,0,y1
13,8.56324544281681,6.48877,0,6.48877,0,6.0215,0,5.99559,0,y1
13,8.7,6.35901,0,6.35901,0,6.01932,0,5.99558,0,y1
13,8.76548126690981,6.29531,0,6.29531,0,6.02024,0,5.99754,0,y1
13,8.84,6.2217,0,6.2217,0,6.02279,0,6.00127,0,y1
13,8.97249323911391,6.08808,0,6.08808,0,6.03118,0,6.01167,0,y1
13,8.98,6.08042,0,6.08042,0,6.0318,0,6.0124,0,y1
13,9,6.05996,0,6.05996,0,6.03352,0,6.01441,0,y1
13,9.12,5.93601,0,5.93601,0,6.04601,0,6.02861,0,y1
13,9.18439415641194,5.86877,0,5.86877,0,6.05422,0,6.03769,0,y1
13,9.26,5.78946,0,5.78946,0,6.06509,0,6.0496,0,y1
13,9.4,5.64207,0,5.64207,0,6.08868,0,6.07498,0,y1
13,9.40129947968222,5.6407,0,5.6407,0,6.08892,0,6.07523,0,y1
13,9.5,5.53698,0,5.53698,0,6.10806,0,6.0956,0,y1
13,9.54,5.49518,0,5.49518,0,6.11639,0,6.10439,0,y1
13,9.62332739661101,5.40866,0,5.40866,0,6.13473,0,6.12364,0,y1
13,9.68,5.35014,0,5.35014,0,6.1479,0,6.13745,0,y1
13,9.82,5.20765,0,5.20765,0,6.18289,0,6.17386,0,y1
13,9.85059888609085,5.17705,0,5.17705,0,6.19095,0,6.18222,0,y1
13,9.96,5.06944,0,5.06944,0,6.22094,0,6.21326,0,y1
13,10,5.0309,0,5.0309,0,6.23237,0,6.22503,0,y1
13,10.0832377841396,4.95231,0,4.95231,0,6.25679,0,6.25019,0,y1
13,10.1,4.93676,0,4.93676,0,6.26181,0,6.25536,0,y1
13,10.24,4.81083,0,4.81083,0,6.30518,0,6.29979,0,y1
13,10.3213708513766,4.74102,0,4.74102,0,6.33134,0,6.3266,0,y1
13,10.38,4.69227,0,4.69227,0,6.35064,0,6.34632,0,y1
13,10.5,4.59678,0,4.59678,0,6.39112,0,6.38766,0,y1
13,10.52,4.58142,0,4.58142,0,6.39797,0,6.39467,0,y1
13,10.5651278420919,4.54737,0,4.54737,0,6.41357,0,6.41059,0,y1
13,10.66,4.47832,0,4.47832,0,6.44688,0,6.44451,0,y1
13,10.8,4.38273,0,4.38273,0,6.49697,0,6.49552,0,y1
13,10.8146415749472,4.37317,0,4.37317,0,6.50228,0,6.50091,0,y1
13,10.94,4.29438,0,4.29438,0,6.54801,0,6.5474,0,y1
13,11,4.25861,0,4.25861,0,6.56992,0,6.56964,0,y1
13,11.0700480053462,4.21836,0,4.21836,0,6.5954,0,6.59526,0,y1
13,11.08,4.21278,0,4.21278,0,6.59901,0,6.59885,0,y1
13,11.22,4.13752,0,4.13752,0,6.64739,0,6.64762,0,y1
13,11.331486299514,4.08172,0,4.08172,0,6.67765,0,6.68038,0,y1
13,11.36,4.06801,0,4.06801,0,6.684,0,6.68741,0,y1
13,11.5,4.00384,0,4.00384,0,6.70774,0,6.71288,0,y1
13,11.5,4.00384,0,4.00384,0,6.70774,0,6.71288,0,y1
13,11.5990989103265,3.96127,0,3.96127,0,6.71767,0,6.72238,0,y1
13,11.64,3.94434,0,3.94434,0,6.72018,0,6.72512,0,y1
13,11.78,3.88806,0,3.88806,0,6.72186,0,6.72977,0,y1
13,11.8730316549302,3.85349,0,3.85349,0,6.71706,0,6.72609,0,y1
13,11.92,3.83698,0,3.83698,0,6.71285,0,6.72218,0,y1
13,12,3.80951,0,3.80951,0,6.70293,0,6.71259,0,y1
13,12.06,3.78931,0,3.78931,0,6.69323,0,6.70347,0,y1
13,12.1534337941952,3.75869,0,3.75869,0,6.67431,0,6.68649,0,y1
13,12.2,3.74376,0,3.74376,0,6.66316,0,6.67631,0,y1
13,12.34,3.70146,0,3.70146,0,6.62292,0,6.63574,0,y1
13,12.4404581140447,3.67201,0,3.67201,0,6.58799,0,6.60018,0,y1
13,12.48,3.66019,0,3.66019,0,6.57291,0,6.58487,0,y1
13,12.5,3.65428,0,3.65428,0,6.56501,0,6.57701,0,y1
13,12.62,3.61967,0,3.61967,0,6.51383,0,6.52914,0,y1
13,12.7342610087053,3.58772,0,3.58772,0,6.45908,0,6.47434,0,y1
13,12.76,3.58095,0,3.58095,0,6.44583,0,6.4612,0,y1
13,12.9,3.54465,0,3.54465,0,6.36953,0,6.38847,0,y1
13,13,3.51822,0,3.51822,0,6.30964,0,6.32863,0,y1
13,13.0350025659231,3.50913,0,3.50913,0,6.28778,0,6.30634,0,y1
13,13.04,3.50784,0,3.50784,0,6.28463,0,6.30315,0,y1
13,13.18,3.4723,0,3.4723,0,6.19305,0,6.2143,0,y1
13,13.32,3.43684,0,3.43684,0,6.09453,0,6.11785,0,y1
13,13.3428466541928,3.43129,0,3.43129,0,6.07784,0,6.10179,0,y1
13,13.46,3.40239,0,3.40239,0,5.9897,0,6.01381,0,y1
13,13.5,3.39282,0,3.39282,0,5.95868,0,5.98352,0,y1
13,13.6,3.36816,0,3.36816,0,5.87895,0,5.90547,0,y1
13,13.6579610120465,3.35345,0,3.35345,0,5.83174,0,5.85894,0,y1
13,13.74,3.33311,0,3.33311,0,5.76372,0,5.79128,0,y1
13,13.88,3.29832,0,3.29832,0,5.64166,0,5.67194,0,y1
13,13.9805173394514,3.27318,0,3.27318,0,5.55212,0,5.58333,0,y1
13,14,3.26831,0,3.26831,0,5.53425,0,5.56591,0,y1
13,14.02,3.26332,0,3.26332,0,5.51582,0,5.54794,0,y1
13,14.16,3.22805,0,3.22805,0,5.38549,0,5.41972,0,y1
13,14.3,3.19286,0,3.19286,0,5.25069,0,5.28681,0,y1
13,14.3106913913656,3.19024,0,3.19024,0,5.24027,0,5.27641,0,y1
13,14.44,3.1566,0,3.1566,0,5.11298,0,5.14983,0,y1
13,14.5,3.1411,0,3.1411,0,5.05266,0,5.09044,0,y1
13,14.58,3.12045,0,3.12045,0,4.97058,0,5.00996,0,y1
13,14.648663073504,3.10219,0,3.10219,0,4.89941,0,4.94001,0,y1
13,14.72,3.08307,0,3.08307,0,4.82543,0,4.86728,0,y1
13,14.86,3.04708,0,3.04708,0,4.67759,0,4.7209,0,y1
13,14.9946165403658,3.01134,0,3.01134,0,4.5313,0,4.57721,0,y1
13,15,3.00982,0,3.00982,0,4.52541,0,4.57143,0,y1
13,15,3.00982,0,3.00982,0,4.52541,0,4.57143,0,y1
13,15.14,2.9712,1,2.9712,1,4.37143,0,4.41936,0,y1
13,15.28,2.93323,1,2.93323,1,4.21445,0,4.2649,0,y1
13,15.3487402955763,2.91432,1,2.91432,1,4.13636,0,4.18806,0,y1
13,15.42,2.89445,1,2.89445,1,4.05474,0,4.10773,0,y1
13,15.5,2.87209,1,2.87209,1,3.96233,0,4.01679,0,y1
13,15.56,2.85536,1,2.85536,1,3.89253,0,3.94778,0,y1
13,15.7,2.81567,1,2.81567,1,3.72764,0,3.78583,0,y1
13,15.7112272945994,2.81243,1,2.81243,1,3.71441,0,3.77277,0,y1
13,15.84,2.77532,1,2.77532,1,3.56084,0,3.62137,0,y1
13,15.98,2.73476,1,2.73476,1,3.3921,0,3.45498,0,y1
13,16,2.72893,1,2.72893,1,3.36779,0,3.43093,0,y1
13,16.0822750498756,2.70487,1,2.70487,1,3.26724,0,3.33193,0,y1
13,16.12,2.69381,1,2.69381,1,3.22076,0,3.28633,0,y1
13,16.26,2.65235,1,2.65235,1,3.0469,0,3.11572,0,y1
13,16.4,2.61118,1,2.61118,1,2.87163,1,2.94315,1,y1
13,16.4620857384423,2.59252,1,2.59252,1,2.79325,1,2.8661,1,y1
13,16.5,2.58083,1,2.58083,1,2.74519,1,2.81867,1,y1
13,16.54,2.56847,1,2.56847,1,2.69434,1,2.76872,1,y1
13,16.68,2.52557,1,2.52557,1,2.51513,1,2.59256,1,y1
13,16.82,2.48245,1,2.48245,1,2.33402,1,2.4145,1,y1
13,16.8508663120969,2.47289,1,2.47289,1,2.29392,1,2.375,1,y1
13,16.96,2.43897,1,2.43897,1,2.15137,1,2.23518,1,y1
13,17,2.42648,1,2.42648,1,2.09872,1,2.18353,1,y1
13,17.1,2.39524,1,2.39524,1,1.9666,1,2.05347,1,y1
13,17.24,2.35173,1,2.35173,1,1.78059,1,1.87018,1,y1
13,17.2488286101607,2.34897,1,2.34897,1,1.76881,1,1.85851,1,y1
13,17.38,2.30737,1,2.30737,1,1.59293,1,1.68542,1,y1
13,17.5,2.26901,1,2.26901,1,1.43087,1,1.52578,1,y1
13,17.52,2.26262,1,2.26262,1,1.40378,1,1.49907,1,y1
13,17.6561894749063,2.21888,1,2.21888,1,1.2181,1,1.31639,1,y1
13,17.66,2.21764,1,2.21764,1,1.21287,1,1.31126,1,y1
13,17.8,2.17206,1,2.17206,1,1.02047,1,1.122,1,y1
13,17.94,2.12685,1,2.12685,1,0.826514,1,0.93126,1,y1
13,18,2.10708,1,2.10708,1,0.742954,1,0.848941,1,y1
13,18.0731708697109,2.08301,1,2.08301,1,0.640588,1,0.748338,1,y1
13,18.08,2.08077,1,2.08077,1,0.631027,1,0.738947,1,y1
13,18.22,2.03465,1,2.03465,1,0.434433,1,0.545599,1,y1
13,18.36,1.98836,1,1.98836,1,0.23652,1,0.350856,1,y1
13,18.5,1.94153,1,1.94153,1,0.0372669,1,0.155042,1,y1
14,1,0,1,0,1,0,1,0,1,y1
14,1.02316176962892,0,1,0,1,0,1,0,1,y1
14,1.04686000683017,0,1,0,1,0,1,0,1,y1
14,1.0711071371421,0,1,0,1,0,1,0,1,y1
14,1.09591587390047,0,1,0,1,0,1,0,1,y1
14,1.12129922490442,0,1,0,1,0,1,0,1,y1
14,1.132,0,1,0,1,0,1,0,1,y1
14,1.14727049923674,0,1,0,1,0,1,0,1,y1
14,1.17384331424211,0,1,0,1,0,1,0,1,y1
14,1.20103160266703,0,1,0,1,0,1,0,1,y1
14,1.22884961996505,0,1,0,1,0,1,0,1,y1
14,1.25731195177126,0,1,0,1,0,1,0,1,y1
14,1.264,0,1,0,1,0,1,0,1,y1
14,1.28643352154987,0,1,0,1,0,1,0,1,y1
14,1.31622959841892,0,1,0,1,0,1,0,1,y1
14,1.34671580515626,0,1,0,1,0,1,0,1,y1
14,1.37790812639091,0,1,0,1,0,1,0,1,y1
14,1.396,0,1,0,1,0,1,0,1,y1
14,1.40982291698419,0,1,0,1,0,1,0,1,y1
14,1.44247691060494,0,1,0,1,0,1,0,1,y1
14,1.4758872285034,0,1,0,1,0,1,0,1,y1
14,1.5,0,1,0,1,0,1,0,1,y1
14,1.51007138848825,0,1,0,1,0,1,0,1,y1
14,1.528,0,1,0,1,0,1,0,1,y1
14,1.54504731411164,0,1,0,1,0,1,0,1,y1
14,1.58083334406686,0,1,0,1,0,1,0,1,y1
14,1.61744824180385,0,1,0,1,0,1,0,1,y1
14,1.6549112053672,0,1,0,1,0,1,0,1,y1
14,1.66,0,1,0,1,0,1,0,1,y1
14,1.69324187746223,0,1,0,1,0,1,0,1,y1
14,1.73246035575404,0,1,0,1,0,1,0,1,y1
14,1.77258720340524,0,1,0,1,1.5014,1,0,1,y1
14,1.792,0,1,0,1,2.1333,1,0.204143,1,y1
14,1.81364345985768,0,1,0,1,2.69254,1,1.29727,1,y1
14,1.85565065186389,0,1,0,1,3.51493,0,2.61106,1,y1
14,1.89863080477411,0,1,0,1,4.14149,0,3.48936,0,y1
14,1.924,0,1,0,1,4.44602,0,3.89065,0,y1
14,1.94260645408465,0,1,0,1,4.64636,0,4.14752,0,y1
14,1.9876006572538,0.888528,1,0.888528,1,5.06704,0,4.6725,0,y1
14,2,1.13314,1,1.13314,1,5.16974,0,4.79844,0,y1
14,2.03363700579139,1.70798,1,1.70798,1,5.42608,0,5.10667,0,y1
14,2.056,2.03281,1,2.03281,1,5.58122,0,5.28956,0,y1
14,2.08073963762837,2.35223,1,2.35223,1,5.74074,0,5.47562,0,y1
14,2.12893324977287,2.88455,1,2.88455,1,6.02016,0,5.79771,0,y1
14,2.17824311125945,3.3386,0,3.3386,0,6.27074,0,6.08278,0,y1
14,2.188,3.41991,0,3.41991,0,6.31672,0,6.13477,0,y1
14,2.22869507639821,3.73395,0,3.73395,0,6.4974,0,6.33792,0,y1
14,2.28031559833084,4.08344,0,4.08344,0,6.70389,0,6.56827,0,y1
14,2.32,4.32211,0,4.32211,0,6.84794,0,6.72783,0,y1
14,2.33313174290061,4.39619,0,4.39619,0,6.89313,0,6.77768,0,y1
14,2.38717120284358,4.67884,0,4.67884,0,7.06749,0,6.96927,0,y1
14,2.44246231230862,4.93629,0,4.93629,0,7.22891,0,7.14542,0,y1
14,2.452,4.9779,0,4.9779,0,7.25521,0,7.17402,0,y1
14,2.49903406171362,5.17245,0,5.17245,0,7.3789,0,7.30819,0,y1
14,2.5,5.17627,0,5.17627,0,7.38135,0,7.31083,0,y1
14,2.55691611294585,5.3904,0,5.3904,0,7.5187,0,7.45925,0,y1
14,2.584,5.4852,0,5.4852,0,7.57989,0,7.5252,0,y1
14,2.61613881491436,5.59253,0,5.59253,0,7.64931,0,7.5999,0,y1
14,2.67673321946267,5.78048,0,5.78048,0,7.7716,0,7.73118,0,y1
14,2.716,5.89361,0,5.89361,0,7.84536,0,7.81021,0,y1
14,2.73873109764993,5.95622,0,5.95622,0,7.88624,0,7.85396,0,y1
14,2.80216495640924,6.12087,0,6.12087,0,7.99379,0,7.96891,0,y1
14,2.848,6.23142,0,6.23142,0,8.06594,0,8.04594,0,y1
14,2.86706805559181,6.27553,0,6.27553,0,8.09467,0,8.07659,0,y1
14,2.93347442540585,6.4212,0,6.4212,0,8.1892,0,8.1774,0,y1
14,2.98,6.51652,0,6.51652,0,8.25059,0,8.24285,0,y1
14,3,6.55594,0,6.55594,0,8.27582,0,8.26975,0,y1
14,3.00141888425942,6.5587,0,6.5587,0,8.27759,0,8.27163,0,y1
14,3.07093705701651,6.68873,0,6.68873,0,8.35996,0,8.35948,0,y1
14,3.112,6.76078,0,6.76078,0,8.40499,0,8.40755,0,y1
14,3.14206539367602,6.81139,0,6.81139,0,8.43632,0,8.44103,0,y1
14,3.21484118848333,6.92766,0,6.92766,0,8.50662,0,8.51627,0,y1
14,3.244,6.97188,0,6.97188,0,8.53265,0,8.54418,0,y1
14,3.28930259948453,7.03803,0,7.03803,0,8.57072,0,8.58508,0,y1
14,3.36548866853358,7.14295,0,7.14295,0,8.62842,0,8.64731,0,y1
14,3.376,7.15684,0,7.15684,0,8.63577,0,8.65526,0,y1
14,3.44343934176288,7.24287,0,7.24287,0,8.6795,0,8.70272,0,y1
14,3.5,7.31105,0,7.31105,0,8.71165,0,8.73786,0,y1
14,3.508,7.32041,0,7.32041,0,8.71587,0,8.74249,0,y1
14,3.52319549052794,7.33801,0,7.33801,0,8.72368,0,8.75106,0,y1
14,3.60479893283718,7.42846,0,7.42846,0,8.76074,0,8.79211,0,y1
14,3.64,7.46545,0,7.46545,0,8.77423,0,8.80726,0,y1
14,3.68829245527811,7.51429,0,7.51429,0,8.79035,0,8.82563,0,y1
14,3.772,7.59402,0,7.59402,0,8.81205,0,8.85106,0,y1
14,3.77371983545133,7.59559,0,7.59559,0,8.81241,0,8.8515,0,y1
14,3.86112586492412,7.67234,0,7.67234,0,8.8267,0,8.86947,0,y1
14,3.904,7.70774,0,7.70774,0,8.83077,0,8.87521,0,y1
14,3.95055637271574,7.74452,0,7.74452,0,8.83306,0,8.87919,0,y1
14,4,7.78178,0,7.78178,0,8.83313,0,8.88089,0,y1
14,4.036,7.80776,0,7.80776,0,8.8317,0,8.88052,0,y1
14,4.04205824932663,7.81204,0,7.81204,0,8.83134,0,8.88033,0,y1
14,4.13567947132419,7.87471,0,7.87471,0,8.82164,0,8.87332,0,y1
14,4.168,7.89489,0,7.89489,0,8.81658,0,8.86925,0,y1
14,4.23146912649803,7.93236,0,7.93236,0,8.80437,0,8.85887,0,y1
14,4.3,7.96968,0,7.96968,0,8.78804,0,8.84429,0,y1
14,4.32947743959785,7.98475,0,7.98475,0,8.78007,0,8.83706,0,y1
14,4.4297557986674,8.03156,0,8.03156,0,8.74895,0,8.80867,0,y1
14,4.432,8.03253,0,8.03253,0,8.74819,0,8.80797,0,y1
14,4.5,8.06034,0,8.06034,0,8.72379,0,8.78555,0,y1
14,4.53235678198848,8.0725,0,8.0725,0,8.71136,0,8.77404,0,y1
14,4.564,8.08372,0,8.08372,0,8.69871,0,8.7623,0,y1
14,4.63733418564895,8.10721,0,8.10721,0,8.66765,0,8.73334,0,y1
14,4.696,8.12352,0,8.12352,0,8.6411,0,8.70847,0,y1
14,4.74474305174925,8.1354,0,8.1354,0,8.61796,0,8.68676,0,y1
14,4.828,8.15228,0,8.15228,0,8.57633,0,8.64756,0,y1
14,4.85463969726226,8.15679,0,8.15679,0,8.56248,0,8.63449,0,y1
14,4.96,8.17044,0,8.17044,0,8.50521,0,8.58038,0,y1
14,4.96708174356163,8.17113,0,8.17113,0,8.50122,0,8.57661,0,y1
14,5,8.17394,0,8.17394,0,8.48247,0,8.55886,0,y1
14,5.082128146634,8.17829,0,8.17829,0,8.43414,0,8.51308,0,y1
14,5.092,8.17857,0,8.17857,0,8.42819,0,8.50744,0,y1
14,5.19983922799096,8.17823,0,8.17823,0,8.3611,0,8.4438,0,y1
14,5.224,8.17734,0,8.17734,0,8.34557,0,8.42906,0,y1
14,5.32027670629708,8.17102,0,8.17102,0,8.28185,0,8.36855,0,y1
14,5.356,8.16757,0,8.16757,0,8.25747,0,8.34538,0,y1
14,5.44350372973042,8.1568,0,8.1568,0,8.19608,0,8.28702,0,y1
14,5.488,8.15011,0,8.15011,0,8.16394,0,8.25645,0,y1
14,5.5,8.14817,0,8.14817,0,8.15516,0,8.2481,0,y1
14,5.56958490909258,8.13587,0,8.13587,0,8.10339,0,8.19884,0,y1
14,5.62,8.12587,0,8.12587,0,8.0649,0,8.16221,0,y1
14,5.69858635168566,8.1086,0,8.1086,0,8.00326,0,8.10355,0,y1
14,5.752,8.09577,0,8.09577,0,7.96023,0,8.06256,0,y1
14,5.83057569597389,8.07543,0,8.07543,0,7.89526,0,8.00062,0,y1
14,5.884,8.06068,0,8.06068,0,7.8499,0,7.95737,0,y1
14,5.96562214704798,8.03686,0,8.03686,0,7.77868,0,7.88945,0,y1
14,6,8.02639,0,8.02639,0,7.748,0,7.86018,0,y1
14,6.016,8.02144,0,8.02144,0,7.73359,0,7.84642,0,y1
14,6.10379651291106,7.99342,0,7.99342,0,7.65295,0,7.7694,0,y1
14,6.148,7.9788,0,7.9788,0,7.6113,0,7.7296,0,y1
14,6.24517124160489,7.94561,0,7.94561,0,7.51723,0,7.63969,0,y1
14,6.28,7.93335,0,7.93335,0,7.4827,0,7.60666,0,y1
14,6.38982045919606,7.8933,0,7.8933,0,7.37097,0,7.49969,0,y1
14,6.412,7.8849,0,7.8849,0,7.34786,0,7.47755,0,y1
14,6.5,7.85042,0,7.85042,0,7.25421,0,7.38787,0,y1
14,6.53782000864209,7.83502,0,7.83502,0,7.21301,0,7.34847,0,y1
14,6.544,7.83247,0,7.83247,0,7.20623,0,7.34198,0,y1
14,6.676,7.77583,0,7.77583,0,7.05829,0,7.20014,0,y1
14,6.68924748955757,7.76992,0,7.76992,0,7.0431,0,7.18554,0,y1
14,6.808,7.71503,0,7.71503,0,6.90433,0,7.05167,0,y1
14,6.84418229890151,7.69763,0,7.69763,0,6.86118,0,7.00996,0,y1
14,6.94,7.65006,0,7.65006,0,6.74488,0,6.89733,0,y1
14,7,7.61915,0,7.61915,0,6.67052,0,6.82494,0,y1
14,7.00270567260696,7.61773,0,7.61773,0,6.66713,0,6.82165,0,y1
14,7.072,7.58091,0,7.58091,0,6.57966,0,6.73651,0,y1
14,7.16490072817498,7.52972,0,7.52972,0,6.46015,0,6.62077,0,y1
14,7.204,7.50754,0,7.50754,0,6.40927,0,6.5713,0,y1
14,7.33085250825502,7.43302,0,7.43302,0,6.24303,0,6.40683,0,y1
14,7.336,7.42991,0,7.42991,0,6.23627,0,6.4001,0,y1
14,7.468,7.34792,0,7.34792,0,6.06292,0,6.2277,0,y1
14,7.5,7.32738,0,7.32738,0,6.02051,0,6.18537,0,y1
14,7.50064802523477,7.32696,0,7.32696,0,6.01964,0,6.18451,0,y1
14,7.6,7.26146,0,7.26146,0,5.88722,0,6.05207,0,y1
14,7.67437630686284,7.21075,0,7.21075,0,5.78923,0,5.95518,0,y1
14,7.732,7.17045,0,7.17045,0,5.71459,0,5.88049,0,y1
14,7.852128442928,7.08361,0,7.08361,0,5.56471,0,5.72616,0,y1
14,7.864,7.07481,0,7.07481,0,5.55036,0,5.71124,0,y1
14,7.996,6.97446,0,6.97446,0,5.39506,0,5.54903,0,y1
14,8,6.97134,0,6.97134,0,5.39048,0,5.54424,0,y1
14,8.03399763301975,6.94468,0,6.94468,0,5.35196,0,5.5039,0,y1
14,8.128,6.86932,0,6.86932,0,5.25001,0,5.39643,0,y1
14,8.22007923539501,6.79313,0,6.79313,0,5.1572,0,5.29713,0,y1
14,8.26,6.75937,0,6.75937,0,5.11864,0,5.25588,0,y1
14,8.392,6.64465,0,6.64465,0,5.00156,0,5.12761,0,y1
14,8.41047081697666,6.62823,0,6.62823,0,4.9864,0,5.111,0,y1
14,8.5,6.54731,0,6.54731,0,4.91604,0,5.03413,0,y1
14,8.524,6.52526,0,6.52526,0,4.89815,0,5.01445,0,y1
14,8.60527220451018,6.44952,0,6.44952,0,4.83993,0,4.95096,0,y1
14,8.656,6.4014,0,6.4014,0,4.80626,0,4.91367,0,y1
14,8.788,6.27339,0,6.27339,0,4.7265,0,4.82555,0,y1
14,8.80458553690516,6.25703,0,6.25703,0,4.7172,0,4.81516,0,y1
14,8.92,6.14167,0,6.14167,0,4.65682,0,4.74788,0,y1
14,9,6.06028,0,6.06028,0,4.61879,0,4.70595,0,y1
14,9.00851531878903,6.05156,0,6.05156,0,4.61497,0,4.7017,0,y1
14,9.052,6.00679,0,6.00679,0,4.596,0,4.68056,0,y1
14,9.184,5.86927,0,5.86927,0,4.54375,0,4.62191,0,y1
14,9.21716847530138,5.83436,0,5.83436,0,4.53179,0,4.60865,0,y1
14,9.316,5.72995,0,5.72995,0,4.49869,0,4.57174,0,y1
14,9.43065440815721,5.60869,0,5.60869,0,4.46462,0,4.53367,0,y1
14,9.448,5.59039,0,5.59039,0,4.45983,0,4.52832,0,y1
14,9.5,5.53561,0,5.53561,0,4.446,0,4.51289,0,y1
14,9.58,5.45153,0,5.45153,0,4.42622,0,4.49081,0,y1
14,9.64908505300886,5.37933,0,5.37933,0,4.41042,0,4.47325,0,y1
14,9.712,5.31413,0,5.31413,0,4.397,0,4.45859,0,y1
14,9.844,5.17972,0,5.17972,0,4.37152,0,4.43036,0,y1
14,9.87257493813646,5.15114,0,5.15114,0,4.36642,0,4.42472,0,y1
14,9.976,5.04947,0,5.04947,0,4.34904,0,4.40558,0,y1
14,10,5.02633,0,5.02633,0,4.34523,0,4.40141,0,y1
14,10.1012412444978,4.9308,0,4.9308,0,4.32991,0,4.38474,0,y1
14,10.108,4.92454,0,4.92454,0,4.32892,0,4.38368,0,y1
14,10.24,4.80573,0,4.80573,0,4.31062,0,4.364,0,y1
14,10.3352038671689,4.72412,0,4.72412,0,4.29828,0,4.35095,0,y1
14,10.372,4.69355,0,4.69355,0,4.29356,0,4.3461,0,y1
14,10.5,4.59145,0,4.59145,0,4.27706,0,4.32997,0,y1
14,10.504,4.58837,0,4.58837,0,4.27657,0,4.32948,0,y1
14,10.5745854782082,4.53504,0,4.53504,0,4.26826,0,4.32094,0,y1
14,10.636,4.49019,0,4.49019,0,4.26186,0,4.31368,0,y1
14,10.768,4.39885,0,4.39885,0,4.24833,0,4.29848,0,y1
14,10.8195115909757,4.36528,0,4.36528,0,4.2427,0,4.29264,0,y1
14,10.9,4.31465,0,4.31465,0,4.23367,0,4.28352,0,y1
14,11,4.2539,0,4.2539,0,4.22216,0,4.27212,0,y1
14,11.032,4.23524,0,4.23524,0,4.21853,0,4.26845,0,y1
14,11.0701106259433,4.21384,0,4.21384,0,4.21429,0,4.26407,0,y1
14,11.164,4.16501,0,4.16501,0,4.20408,0,4.25318,0,y1
14,11.296,4.0973,0,4.0973,0,4.18831,0,4.23819,0,y1
14,11.326513978028,4.08224,0,4.08224,0,4.18448,0,4.23485,0,y1
14,11.428,4.03423,0,4.03423,0,4.17205,0,4.22318,0,y1
14,11.5,4.00198,0,4.00198,0,4.16348,0,4.21399,0,y1
14,11.56,3.97595,0,3.97595,0,4.15619,0,4.20635,0,y1
14,11.5888560854857,3.96374,0,3.96374,0,4.15258,0,4.20278,0,y1
14,11.692,3.92188,0,3.92188,0,4.13974,0,4.18993,0,y1
14,11.824,3.87133,0,3.87133,0,4.12214,0,4.17275,0,y1
14,11.8572745004004,3.85891,0,3.85891,0,4.11732,0,4.16823,0,y1
14,11.956,3.82244,0,3.82244,0,4.10324,0,4.15451,0,y1
14,12,3.80676,0,3.80676,0,4.09719,0,4.14828,0,y1
14,12.088,3.7784,0,3.7784,0,4.08543,0,4.13568,0,y1
14,12.1319099608055,3.76477,0,3.76477,0,4.07955,0,4.12942,0,y1
14,12.22,3.73632,0,3.73632,0,4.06611,0,4.11707,0,y1
14,12.352,3.69536,0,3.69536,0,4.04531,0,4.0973,0,y1
14,12.4129064644764,3.67852,0,3.67852,0,4.03621,0,4.0872,0,y1
14,12.484,3.65917,0,3.65917,0,4.02505,0,4.07583,0,y1
14,12.5,3.65478,0,3.65478,0,4.0224,0,4.07338,0,y1
14,12.616,3.62237,0,3.62237,0,4.00235,0,4.05592,0,y1
14,12.7004113444319,3.59875,0,3.59875,0,3.98805,0,4.04089,0,y1
14,12.748,3.58561,0,3.58561,0,3.98024,0,4.03283,0,y1
14,12.88,3.5499,0,3.5499,0,3.95792,0,4.0106,0,y1
14,12.9945753461841,3.52055,0,3.52055,0,3.93704,0,3.98989,0,y1
14,13,3.51922,0,3.51922,0,3.93606,0,3.98894,0,y1
14,13.012,3.51629,0,3.51629,0,3.93392,0,3.98686,0,y1
14,13.144,3.48357,0,3.48357,0,3.91053,0,3.96305,0,y1
14,13.276,3.44991,0,3.44991,0,3.88581,0,3.93825,0,y1
14,13.295552706778,3.445,0,3.445,0,3.88197,0,3.93472,0,y1
14,13.408,3.41614,0,3.41614,0,3.86017,0,3.91298,0,y1
14,13.5,3.39353,0,3.39353,0,3.84222,0,3.89512,0,y1
14,13.54,3.3835,0,3.3835,0,3.83443,0,3.88726,0,y1
14,13.6035012356615,3.36764,0,3.36764,0,3.82212,0,3.87463,0,y1
14,13.672,3.35067,0,3.35067,0,3.80786,0,3.86089,0,y1
14,13.804,3.31778,0,3.31778,0,3.78123,0,3.83394,0,y1
14,13.9185823974285,3.28916,0,3.28916,0,3.75714,0,3.81015,0,y1
14,13.936,3.28479,0,3.28479,0,3.75349,0,3.8065,0,y1
14,14,3.26867,0,3.26867,0,3.73993,0,3.79299,0,y1
14,14.068,3.25148,0,3.25148,0,3.72543,0,3.77848,0,y1
14,14.2,3.21817,0,3.21817,0,3.697,0,3.74991,0,y1
14,14.2409613964788,3.20785,0,3.20785,0,3.68807,0,3.74094,0,y1
14,14.332,3.18527,0,3.18527,0,3.66794,0,3.72088,0,y1
14,14.464,3.15081,0,3.15081,0,3.63858,0,3.69173,0,y1
14,14.5,3.14118,0,3.14118,0,3.6305,0,3.68364,0,y1
14,14.5708072636384,3.12261,0,3.12261,0,3.61453,0,3.66753,0,y1
14,14.596,3.11608,0,3.11608,0,3.60882,0,3.66176,0,y1
14,14.728,3.08207,0,3.08207,0,3.57861,0,3.63132,0,y1
14,14.86,3.04721,0,3.04721,0,3.54799,0,3.60081,0,y1
14,14.9082929447861,3.03429,0,3.03429,0,3.53669,0,3.5895,0,y1
14,14.992,3.01204,0,3.01204,0,3.51698,0,3.56964,0,y1
14,15,3.00992,0,3.00992,0,3.51509,0,3.56772,0,y1
14,15.124,2.97648,1,2.97648,1,3.48559,0,3.53821,0,y1
14,15.2535953915336,2.94079,1,2.94079,1,3.4544,0,3.50708,0,y1
14,15.256,2.94013,1,2.94013,1,3.45382,0,3.50648,0,y1
14,15.388,2.90347,1,2.90347,1,3.42173,0,3.474,0,y1
14,15.5,2.87215,1,2.87215,1,3.39423,0,3.44657,0,y1
14,15.52,2.86653,1,2.86653,1,3.38928,0,3.44153,0,y1
14,15.606895654005,2.84198,1,2.84198,1,3.36764,0,3.41971,0,y1
14,15.652,2.82923,1,2.82923,1,3.35638,0,3.40841,0,y1
14,15.784,2.79109,1,2.79109,1,3.32353,0,3.37551,0,y1
14,15.916,2.75352,1,2.75352,1,3.29034,0,3.34185,0,y1
14,15.9683789757655,2.73874,1,2.73874,1,3.27699,0,3.32835,0,y1
14,16,2.72947,1,2.72947,1,3.2689,0,3.32016,0,y1
14,16.048,2.71485,1,2.71485,1,3.25657,0,3.30782,0,y1
14,16.18,2.67625,1,2.67625,1,3.22248,0,3.27373,0,y1
14,16.312,2.63718,1,2.63718,1,3.18832,0,3.23927,0,y1
14,16.3382348909494,2.62921,1,2.62921,1,3.18147,0,3.2324,0,y1
14,16.444,2.59698,1,2.59698,1,3.15367,0,3.20466,0,y1
14,16.5,2.57981,1,2.57981,1,3.13899,0,3.18979,0,y1
14,16.576,2.55723,1,2.55723,1,3.11922,0,3.16965,0,y1
14,16.708,2.51677,1,2.51677,1,3.08447,0,3.13439,0,y1
14,16.7166573236367,2.51419,1,2.51419,1,3.08216,0,3.13209,0,y1
14,16.84,2.47625,1,2.47625,1,3.04898,0,3.09906,0,y1
14,16.972,2.43548,1,2.43548,1,3.01354,0,3.06315,0,y1
14,17,2.42673,1,2.42673,1,3.00601,0,3.05541,0,y1
14,17.1038446895323,2.39445,1,2.39445,1,2.97789,1,3.02738,0,y1
14,17.104,2.3944,1,2.3944,1,2.97785,1,3.02734,0,y1
14,17.236,2.35295,1,2.35295,1,2.94167,1,2.99124,1,y1
14,17.368,2.31119,1,2.31119,1,2.90543,1,2.9548,1,y1
14,17.5,2.2691,1,2.2691,1,2.86915,1,2.91815,1,y1
15,1,0,1,0,1,0,1,0,1,y1
15,1.02190077866029,0,1,0,1,0,1,0,1,y1
15,1.04428120142651,0,1,0,1,0,1,0,1,y1
15,1.06715177287806,0,1,0,1,0,1,0,1,y1
15,1.0905232276528,0,1,0,1,0,1,0,1,y1
15,1.112,0,1,0,1,0,1,0,1,y1
15,1.11440653548553,0,1,0,1,0,1,0,1,y1
15,1.13881290635678,0,1,0,1,0,1,0,1,y1
15,1.16375379575438,0,1,0,1,0,1,0,1,y1
15,1.18924091005028,0,1,0,1,0,1,0,1,y1
15,1.21528621199505,0,1,0,1,0,1,0,1,y1
15,1.224,0,1,0,1,0,1,0,1,y1
15,1.24190192633286,0,1,0,1,0,1,0,1,y1
15,1.26910054553927,0,1,0,1,0,1,0,1,y1
15,1.29689483568478,0,1,0,1,0,1,0,1,y1
15,1.32529784242679,0,1,0,1,0,1,0,1,y1
15,1.336,0,1,0,1,0,1,0,1,y1
15,1.35432289713274,0,1,0,1,0,1,0,1,y1
15,1.38398362313741,0,1,0,1,0,1,0,1,y1
15,1.41429394213721,0,1,0,1,0,1,0,1,y1
15,1.44526808072455,0,1,0,1,0,1,0,1,y1
15,1.448,0,1,0,1,0,1,0,1,y1
15,1.47692057706528,0,1,0,1,0,1,0,1,y1
15,1.5,0,1,0,1,0,1,0,1,y1
15,1.50926628772242,0,1,0,1,0,1,0,1,y1
15,1.54232039462927,0,1,0,1,0,1,0,1,y1
15,1.56,0,1,0,1,0,1,0,1,y1
15,1.5760984122153,0,1,0,1,0,1,0,1,y1
15,1.61061619468806,0,1,0,1,0,1,0,1,y1
15,1.64588994347461,0,1,0,1,0,1,0,1,y1
15,1.672,0,1,0,1,0,1,0,1,y1
15,1.68193621482585,0,1,0,1,0,1,0,1,y1
15,1.71877192758748,0,1,0,1,0,1,0,1,y1
15,1.7564143711411,0,1,0,1,0,1,0,1,y1
15,1.784,0,1,0,1,0,1,0,1,y1
15,1.79488121351921,0,1,0,1,0,1,0,1,y1
15,1.83419050969801,0,1,0,1,0,1,0,1,y1
15,1.87436071007172,0,1,0,1,0,1,0,1,y1
15,1.896,0,1,0,1,0,1,0,1,y1
15,1.91541066911255,0,1,0,1,0,1,0,1,y1
15,1.95735965422034,0.123472,1,0.123472,1,0,1,0,1,y1
15,2,1.13314,1,1.13314,1,0.650776,1,0.602386,1,y1
15,2.00022735476601,1.13743,1,1.13743,1,0.653578,1,0.605272,1,y1
15,2.008,1.28055,1,1.28055,1,0.742524,1,0.696623,1,y1
15,2.044033891333,1.86384,1,1.86384,1,1.04601,1,1.00361,1,y1
15,2.08879982516122,2.44878,1,2.44878,1,1.3168,1,1.26875,1,y1
15,2.12,2.79341,1,2.79341,1,1.48254,1,1.42756,1,y1
15,2.13454616779773,2.94029,1,2.94029,1,1.55699,1,1.49845,1,y1
15,2.18129439095885,3.3643,0,3.3643,0,1.78873,1,1.71881,1,y1
15,2.22906643660817,3.73665,0,3.73665,0,2.01611,1,1.93555,1,y1
15,2.232,3.75784,0,3.75784,0,2.02978,1,1.94861,1,y1
15,2.27788472725541,4.06803,0,4.06803,0,2.23932,1,2.14914,1,y1
15,2.3277721764807,4.36623,0,4.36623,0,2.45826,1,2.35955,1,y1
15,2.344,4.45581,0,4.45581,0,2.52757,1,2.42633,1,y1
15,2.37875219968939,4.63697,0,4.63697,0,2.67291,1,2.5667,1,y1
15,2.43084872510247,4.88456,0,4.88456,0,2.8835,1,2.77062,1,y1
15,2.456,4.99511,0,4.99511,0,2.98207,1,2.86637,1,y1
15,2.48408620498759,5.11243,0,5.11243,0,3.09003,0,2.97129,1,y1
15,2.5,5.17627,0,5.17627,0,3.15014,0,3.02987,0,y1
15,2.53848962713611,5.32331,0,5.32331,0,3.29248,0,3.16886,0,y1
15,2.568,5.42972,0,5.42972,0,3.39906,0,3.27295,0,y1
15,2.59408452659146,5.51948,0,5.51948,0,3.49114,0,3.36331,0,y1
15,2.65089699763443,5.70249,0,5.70249,0,3.68611,0,3.5546,0,y1
15,2.68,5.79013,0,5.79013,0,3.7825,0,3.64997,0,y1
15,2.70895370603086,5.87377,0,5.87377,0,3.87663,0,3.74292,0,y1
15,2.76828190154762,6.03468,0,6.03468,0,4.06378,0,3.92832,0,y1
15,2.792,6.09543,0,6.09543,0,4.1368,0,4.00034,0,y1
15,2.8289094307427,6.18617,0,6.18617,0,4.24768,0,4.11061,0,y1
15,2.89086475003541,6.32911,0,6.32911,0,4.42814,0,4.28954,0,y1
15,2.904,6.35801,0,6.35801,0,4.46507,0,4.32665,0,y1
15,2.95417693906278,6.46427,0,6.46427,0,4.60426,0,4.46567,0,y1
15,3,6.55594,0,6.55594,0,4.72814,0,4.58956,0,y1
15,3.016,6.58682,0,6.58682,0,4.77052,0,4.63211,0,y1
15,3.01887571432853,6.59231,0,6.59231,0,4.77809,0,4.63971,0,y1
15,3.08499144315097,6.71378,0,6.71378,0,4.94816,0,4.81063,0,y1
15,3.128,6.78794,0,6.78794,0,5.05499,0,4.91814,0,y1
15,3.15255515791632,6.82867,0,6.82867,0,5.11473,0,4.9784,0,y1
15,3.2215985706442,6.93804,0,6.93804,0,5.27802,0,5.14269,0,y1
15,3.24,6.96591,0,6.96591,0,5.32043,0,5.18551,0,y1
15,3.2921540878722,7.04212,0,7.04212,0,5.43776,0,5.30466,0,y1
15,3.352,7.12496,0,7.12496,0,5.568,0,5.43756,0,y1
15,3.36425482586626,7.14135,0,7.14135,0,5.59415,0,5.46426,0,y1
15,3.43793462616438,7.2361,0,7.2361,0,5.74756,0,5.62189,0,y1
15,3.464,7.26811,0,7.26811,0,5.79985,0,5.67554,0,y1
15,3.5,7.3111,0,7.3111,0,5.87124,0,5.74848,0,y1
15,3.51322807146056,7.32655,0,7.32655,0,5.89713,0,5.77496,0,y1
15,3.576,7.39736,0,7.39736,0,6.01895,0,5.89851,0,y1
15,3.59017050183674,7.41279,0,7.41279,0,6.0457,0,5.92587,0,y1
15,3.66879803135018,7.49488,0,7.49488,0,6.18921,0,6.07423,0,y1
15,3.688,7.51405,0,7.51405,0,6.22339,0,6.1095,0,y1
15,3.74914756498409,7.57291,0,7.57291,0,6.33028,0,6.21936,0,y1
15,3.8,7.61937,0,7.61937,0,6.41643,0,6.30779,0,y1
15,3.83125681596958,7.64685,0,7.64685,0,6.46825,0,6.36157,0,y1
15,3.912,7.71422,0,7.71422,0,6.59804,0,6.49641,0,y1
15,3.91516432348687,7.71676,0,7.71676,0,6.60302,0,6.50158,0,y1
15,4,7.78182,0,7.78182,0,6.73318,0,6.63719,0,y1
15,4.00090947075423,7.78249,0,7.78249,0,6.73454,0,6.63862,0,y1
15,4.024,7.79925,0,7.79925,0,6.76893,0,6.6745,0,y1
15,4.08853250351308,7.84398,0,7.84398,0,6.86274,0,6.77258,0,y1
15,4.136,7.87494,0,7.87494,0,6.92962,0,6.84269,0,y1
15,4.17807454891793,7.90106,0,7.90106,0,6.98743,0,6.90341,0,y1
15,4.248,7.94169,0,7.94169,0,7.08051,0,7.00141,0,y1
15,4.26957763483998,7.95354,0,7.95354,0,7.10847,0,7.03091,0,y1
15,4.36,7.99975,0,7.99975,0,7.2218,0,7.15087,0,y1
15,4.36308470959355,8.00122,0,8.00122,0,7.22555,0,7.15485,0,y1
15,4.45863966209446,8.04382,0,8.04382,0,7.3384,0,7.27489,0,y1
15,4.472,8.04928,0,8.04928,0,7.35361,0,7.29114,0,y1
15,4.5,8.06036,0,8.06036,0,7.38505,0,7.32475,0,y1
15,4.55628734245999,8.08106,0,8.08106,0,7.44642,0,7.39054,0,y1
15,4.584,8.09049,0,8.09049,0,7.47574,0,7.42205,0,y1
15,4.6560735830599,8.11268,0,8.11268,0,7.54908,0,7.50121,0,y1
15,4.696,8.12354,0,8.12354,0,7.58788,0,7.5433,0,y1
15,4.75804522002853,8.1384,0,8.1384,0,7.64556,0,7.60612,0,y1
15,4.808,8.14863,0,8.14863,0,7.6896,0,7.65434,0,y1
15,4.86225011524803,8.15801,0,8.15801,0,7.73491,0,7.70424,0,y1
15,4.92,8.16603,0,8.16603,0,7.78022,0,7.75446,0,y1
15,4.96873717881306,8.17129,0,8.17129,0,7.81603,0,7.79441,0,y1
15,5,8.17395,0,8.17395,0,7.83779,0,7.81883,0,y1
15,5.032,8.17609,0,8.17609,0,7.85905,0,7.8428,0,y1
15,5.07755639198741,8.17815,0,8.17815,0,7.88754,0,7.87511,0,y1
15,5.144,8.17917,0,8.17917,0,7.92525,0,7.91831,0,y1
15,5.18875883066347,8.17855,0,8.17855,0,7.94803,0,7.94471,0,y1
15,5.256,8.17573,0,8.17573,0,7.97815,0,7.98009,0,y1
15,5.30239668933547,8.17253,0,8.17253,0,7.99601,0,8.00144,0,y1
15,5.368,8.16629,0,8.16629,0,8.01714,0,8.02718,0,y1
15,5.41852330559767,8.1602,0,8.1602,0,8.03004,0,8.04331,0,y1
15,5.48,8.15137,0,8.15137,0,8.0417,0,8.05863,0,y1
15,5.5,8.14817,0,8.14817,0,8.04457,0,8.06259,0,y1
15,5.5371931851792,8.14182,0,8.14182,0,8.04867,0,8.06863,0,y1
15,5.592,8.13153,0,8.13153,0,8.0518,0,8.07438,0,y1
15,5.65846202752709,8.11766,0,8.11766,0,8.05092,0,8.07621,0,y1
15,5.704,8.10733,0,8.10733,0,8.0474,0,8.07418,0,y1
15,5.78238675194963,8.0881,0,8.0881,0,8.03577,0,8.06439,0,y1
15,5.816,8.07932,0,8.07932,0,8.02867,0,8.05786,0,y1
15,5.90902552433228,8.05353,0,8.05353,0,8.00277,0,8.03317,0,y1
15,5.928,8.04802,0,8.04802,0,7.99643,0,8.02703,0,y1
15,6,8.02639,0,8.02639,0,7.96919,0,7.99989,0,y1
15,6.0384377844387,8.01441,0,8.01441,0,7.95254,0,7.98272,0,y1
15,6.04,8.01392,0,8.01392,0,7.95183,0,7.98198,0,y1
15,6.152,7.97746,0,7.97746,0,7.89498,0,7.9247,0,y1
15,6.17068427380964,7.97118,0,7.97118,0,7.88453,0,7.91461,0,y1
15,6.264,7.93901,0,7.93901,0,7.83009,0,7.85793,0,y1
15,6.30582706427289,7.92412,0,7.92412,0,7.8042,0,7.82971,0,y1
15,6.376,7.89848,0,7.89848,0,7.75744,0,7.78213,0,y1
15,6.44392958707761,7.87262,0,7.87262,0,7.70947,0,7.73188,0,y1
15,6.488,7.85524,0,7.85524,0,7.67786,0,7.69811,0,y1
15,6.5,7.85043,0,7.85043,0,7.66916,0,7.68897,0,y1
15,6.5850566626667,7.81531,0,7.81531,0,7.60561,0,7.62257,0,y1
15,6.6,7.80896,0,7.80896,0,7.59404,0,7.61033,0,y1
15,6.712,7.75967,0,7.75967,0,7.50356,0,7.51393,0,y1
15,6.72927453110125,7.7518,0,7.7518,0,7.48938,0,7.49893,0,y1
15,6.824,7.70737,0,7.70737,0,7.41259,0,7.41638,0,y1
15,6.87665088315124,7.68175,0,7.68175,0,7.37013,0,7.37133,0,y1
15,6.936,7.65208,0,7.65208,0,7.32255,0,7.32047,0,y1
15,7,7.61914,0,7.61914,0,7.27182,0,7.26646,0,y1
15,7.02725489206724,7.60481,0,7.60481,0,7.25033,0,7.24355,0,y1
15,7.048,7.59378,0,7.59378,0,7.23401,0,7.22617,0,y1
15,7.16,7.53246,0,7.53246,0,7.14699,0,7.13367,0,y1
15,7.18115724604786,7.52053,0,7.52053,0,7.1308,0,7.11648,0,y1
15,7.272,7.46807,0,7.46807,0,7.06227,0,7.04354,0,y1
15,7.33843018141831,7.42842,0,7.42842,0,7.01331,0,6.99152,0,y1
15,7.384,7.40058,0,7.40058,0,6.98041,0,6.9564,0,y1
15,7.496,7.32992,0,7.32992,0,6.90214,0,6.87287,0,y1
15,7.49914751653556,7.32789,0,7.32789,0,6.89999,0,6.87058,0,y1
15,7.5,7.32734,0,7.32734,0,6.89941,0,6.86996,0,y1
15,7.608,7.25605,0,7.25605,0,6.82777,0,6.79342,0,y1
15,7.66338468643608,7.21832,0,7.21832,0,6.79248,0,6.75576,0,y1
15,7.72,7.17892,0,7.17892,0,6.75754,0,6.71834,0,y1
15,7.83121877824239,7.09901,0,7.09901,0,6.69229,0,6.64835,0,y1
15,7.832,7.09844,0,7.09844,0,6.69185,0,6.64787,0,y1
15,7.944,7.01458,0,7.01458,0,6.63157,0,6.58223,0,y1
15,8,6.97136,0,6.97136,0,6.60359,0,6.55131,0,y1
15,8.002728567345,6.96923,0,6.96923,0,6.60227,0,6.54983,0,y1
15,8.056,6.92728,0,6.92728,0,6.57692,0,6.52164,0,y1
15,8.168,6.83653,0,6.83653,0,6.52687,0,6.46619,0,y1
15,8.17799455437682,6.82826,0,6.82826,0,6.52261,0,6.46149,0,y1
15,8.28,6.74232,0,6.74232,0,6.48069,0,6.4159,0,y1
15,8.3570990029973,6.67547,0,6.67547,0,6.4515,0,6.38432,0,y1
15,8.392,6.64468,0,6.64468,0,6.43915,0,6.37084,0,y1
15,8.5,6.54735,0,6.54735,0,6.40453,0,6.33226,0,y1
15,8.504,6.54368,0,6.54368,0,6.40335,0,6.33093,0,y1
15,8.54012597850409,6.51041,0,6.51041,0,6.39308,0,6.31919,0,y1
15,8.616,6.43946,0,6.43946,0,6.37327,0,6.29609,0,y1
15,8.72716138729032,6.33301,0,6.33301,0,6.34724,0,6.26645,0,y1
15,8.728,6.33219,0,6.33219,0,6.34705,0,6.26624,0,y1
15,8.84,6.22211,0,6.22211,0,6.32476,0,6.24142,0,y1
15,8.91829301716601,6.1437,0,6.1437,0,6.31214,0,6.22687,0,y1
15,8.952,6.10959,0,6.10959,0,6.30758,0,6.22131,0,y1
15,9,6.06072,0,6.06072,0,6.30207,0,6.21412,0,y1
15,9.064,5.99506,0,5.99506,0,6.29611,0,6.20584,0,y1
15,9.11361057856259,5.94376,0,5.94376,0,6.29204,0,6.20043,0,y1
15,9.176,5.87895,0,5.87895,0,6.28722,0,6.19484,0,y1
15,9.288,5.76196,0,5.76196,0,6.28107,0,6.18812,0,y1
15,9.31320574663979,5.73557,0,5.73557,0,6.28029,0,6.18718,0,y1
15,9.4,5.6445,0,5.6445,0,6.27958,0,6.18549,0,y1
15,9.5,5.53936,0,5.53936,0,6.28221,0,6.18648,0,y1
15,9.512,5.52675,0,5.52675,0,6.28272,0,6.1868,0,y1
15,9.51717220431471,5.52131,0,5.52131,0,6.28294,0,6.18696,0,y1
15,9.624,5.40946,0,5.40946,0,6.28875,0,6.19183,0,y1
15,9.72560568623329,5.30419,0,5.30419,0,6.29676,0,6.19938,0,y1
15,9.736,5.29352,0,5.29352,0,6.29774,0,6.2003,0,y1
15,9.848,5.17981,0,5.17981,0,6.31003,0,6.212,0,y1
15,9.93860402370477,5.08994,0,5.08994,0,6.32192,0,6.22379,0,y1
15,9.96,5.06904,0,5.06904,0,6.32497,0,6.22687,0,y1
15,10,5.03037,0,5.03037,0,6.33092,0,6.2329,0,y1
15,10.072,4.96215,0,4.96215,0,6.34245,0,6.24465,0,y1
15,10.1562671906202,4.88458,0,4.88458,0,6.35729,0,6.25976,0,y1
15,10.184,4.8596,0,4.8596,0,6.36247,0,6.26503,0,y1
15,10.296,4.76148,0,4.76148,0,6.38474,0,6.28788,0,y1
15,10.3786973503768,4.69199,0,4.69199,0,6.40245,0,6.30628,0,y1
15,10.408,4.668,0,4.668,0,6.40896,0,6.31308,0,y1
15,10.5,4.59535,0,4.59535,0,6.43023,0,6.33535,0,y1
15,10.52,4.58011,0,4.58011,0,6.43501,0,6.34036,0,y1
15,10.6059989038295,4.51639,0,4.51639,0,6.45622,0,6.36255,0,y1
15,10.632,4.49758,0,4.49758,0,6.4628,0,6.36946,0,y1
15,10.744,4.41892,0,4.41892,0,6.49193,0,6.40026,0,y1
15,10.8382785382936,4.35708,0,4.35708,0,6.51747,0,6.42738,0,y1
15,10.856,4.34589,0,4.34589,0,6.52237,0,6.43259,0,y1
15,10.968,4.27675,0,4.27675,0,6.55397,0,6.46626,0,y1
15,11,4.25759,0,4.25759,0,6.56316,0,6.47609,0,y1
15,11.0756452776194,4.21525,0,4.21525,0,6.58513,0,6.49968,0,y1
15,11.08,4.21293,0,4.21293,0,6.58641,0,6.50106,0,y1
15,11.192,4.15258,0,4.15258,0,6.61952,0,6.53678,0,y1
15,11.304,4.09407,0,4.09407,0,6.64862,0,6.57324,0,y1
15,11.3182105333644,4.08707,0,4.08707,0,6.65127,0,6.57768,0,y1
15,11.416,4.04128,0,4.04128,0,6.65781,0,6.60099,0,y1
15,11.5,4.00277,0,4.00277,0,6.64789,0,6.60569,0,y1
15,11.528,3.99017,0,3.99017,0,6.64215,0,6.60446,0,y1
15,11.5660881570862,3.97376,0,3.97376,0,6.63258,0,6.6008,0,y1
15,11.64,3.94403,0,3.94403,0,6.60849,0,6.58772,0,y1
15,11.752,3.90007,0,3.90007,0,6.55883,0,6.55426,0,y1
15,11.81939449378,3.8753,0,3.8753,0,6.52172,0,6.5267,0,y1
15,11.864,3.85957,0,3.85957,0,6.49439,0,6.50549,0,y1
15,11.976,3.81776,0,3.81776,0,6.41654,0,6.44228,0,y1
15,12,3.80922,0,3.80922,0,6.39792,0,6.42693,0,y1
15,12.0782484364869,3.78264,0,3.78264,0,6.33399,0,6.37271,0,y1
15,12.088,3.77933,0,3.77933,0,6.32563,0,6.36551,0,y1
15,12.2,3.74315,0,3.74315,0,6.22336,0,6.27583,0,y1
15,12.312,3.70907,0,3.70907,0,6.11064,0,6.17455,0,y1
15,12.3427714820985,3.69959,0,3.69959,0,6.07792,0,6.14521,0,y1
15,12.424,3.67493,0,3.67493,0,5.98875,0,6.06446,0,y1
15,12.5,3.65407,0,3.65407,0,5.90039,0,5.98352,0,y1
15,12.536,3.64404,0,3.64404,0,5.85745,0,5.94386,0,y1
15,12.6130877883825,3.62363,0,3.62363,0,5.76251,0,5.85635,0,y1
15,12.648,3.61331,0,3.61331,0,5.7181,0,5.81504,0,y1
15,12.76,3.58153,0,3.58153,0,5.57171,0,5.67828,0,y1
15,12.872,3.55205,0,3.55205,0,5.41868,0,5.53285,0,y1
15,12.8893242322587,3.54757,0,3.54757,0,5.39453,0,5.50978,0,y1
15,12.984,3.52342,0,3.52342,0,5.25953,0,5.38167,0,y1
15,13,3.51924,0,3.51924,0,5.2363,0,5.35955,0,y1
15,13.096,3.49452,0,3.49452,0,5.0946,0,5.22432,0,y1
15,13.1716104693501,3.47553,0,3.47553,0,4.98033,0,5.11491,0,y1
15,13.208,3.46638,0,3.46638,0,4.92436,0,5.06135,0,y1
15,13.32,3.43819,0,3.43819,0,4.74907,0,4.89339,0,y1
15,13.432,3.4102,0,3.4102,0,4.56992,0,4.72019,0,y1
15,13.4600789948389,3.4032,0,3.4032,0,4.52431,0,4.67617,0,y1
15,13.5,3.39327,0,3.39327,0,4.45899,0,4.61247,0,y1
15,13.544,3.38234,0,3.38234,0,4.38642,0,4.54198,0,y1
15,13.656,3.35453,0,3.35453,0,4.19896,0,4.35988,0,y1
15,13.7548652056549,3.32992,0,3.32992,0,4.03059,0,4.19593,0,y1
15,13.768,3.32665,0,3.32665,0,4.008,0,4.17386,0,y1
15,13.88,3.29886,0,3.29886,0,3.81337,0,3.98407,0,y1
15,13.992,3.2709,0,3.2709,0,3.61582,0,3.79081,0,y1
15,14,3.26889,0,3.26889,0,3.60161,0,3.77686,0,y1
15,14.0561074640261,3.25477,0,3.25477,0,3.50132,0,3.6786,0,y1
15,14.104,3.2427,0,3.2427,0,3.41517,0,3.59409,0,y1
15,14.216,3.21386,0,3.21386,0,3.21167,0,3.39438,0,y1
15,14.328,3.18458,0,3.18458,0,3.00528,0,3.19175,0,y1
15,14.3639471624211,3.17556,0,3.17556,0,2.93853,1,3.12614,0,y1
15,14.44,3.15638,0,3.15638,0,2.79645,1,2.98646,1,y1
15,14.5,3.14066,0,3.14066,0,2.68376,1,2.87562,1,y1
15,14.552,3.12695,0,3.12695,0,2.58553,1,2.77888,1,y1
15,14.664,3.09799,0,3.09799,0,2.37225,1,2.5689,1,y1
15,14.6785287899134,3.09424,0,3.09424,0,2.34443,1,2.5415,1,y1
15,14.776,3.06863,0,3.06863,0,2.15673,1,2.35662,1,y1
15,14.888,3.03863,0,3.03863,0,1.93943,1,2.14226,1,y1
15,15,3.009,0,3.009,0,1.7202,1,1.92581,1,y1
16,1,0,1,0,1,0,1,0,1,y1
16,1.02292452562226,0,1,0,1,0,1,0,1,y1
16,1.04637458511953,0,1,0,1,0,1,0,1,y1
16,1.07036222610658,0,1,0,1,0,1,0,1,y1
16,1.09489977238406,0,1,0,1,0,1,0,1,y1
16,1.11999983026989,0,1,0,1,0,1,0,1,y1
16,1.128,0,1,0,1,0,1,0,1,y1
16,1.14567529507584,0,1,0,1,0,1,0,1,y1
16,1.17193935773259,0,1,0,1,0,1,0,1,y1
16,1.19880551156667,0,1,0,1,0,1,0,1,y1
16,1.22628755923269,0,1,0,1,0,1,0,1,y1
16,1.25439961980458,0,1,0,1,0,1,0,1,y1
16,1.256,0,1,0,1,0,1,0,1,y1
16,1.28315613602934,0,1,0,1,0,1,0,1,y1
16,1.31257188174711,0,1,0,1,0,1,0,1,y1
16,1.34266196948128,0,1,0,1,0,1,0,1,y1
16,1.37344185820269,0,1,0,1,0,1,0,1,y1
16,1.384,0,1,0,1,0,1,0,1,y1
16,1.40492736127174,0,1,0,1,0,1,0,1,y1
16,1.43713465456263,0,1,0,1,0,1,0,1,y1
16,1.47008028477379,0,1,0,1,0,1,0,1,y1
16,1.5,0,1,0,1,0,1,0,1,y1
16,1.50378117792886,0,1,0,1,0,1,0,1,y1
16,1.512,0,1,0,1,0,1,0,1,y1
16,1.53825464807257,0,1,0,1,0,1,0,1,y1
16,1.57351840616587,0,1,0,1,0,1,0,1,y1
16,1.60959056918512,0,1,0,1,0.0792114,1,0,1,y1
16,1.64,0,1,0,1,0.384389,1,0,1,y1
16,1.64648966942975,0,1,0,1,0.439801,1,0,1,y1
16,1.68423466404338,0,1,0,1,0.726459,1,0.210832,1,y1
16,1.72284494475314,0,1,0,1,0.983201,1,0.542817,1,y1
16,1.76234034783232,0,1,0,1,1.22434,1,0.818726,1,y1
16,1.768,0,1,0,1,1.25751,1,0.855457,1,y1
16,1.80274116429134,0,1,0,1,1.4545,1,1.07078,1,y1
16,1.84406815030244,0,1,0,1,1.67533,1,1.30933,1,y1
16,1.88634253786325,0,1,0,1,1.88778,1,1.53766,1,y1
16,1.896,0,1,0,1,1.93454,1,1.58784,1,y1
16,1.92958604570485,0,1,0,1,2.09231,1,1.75705,1,y1
16,1.97382089044997,0.582715,1,0.582715,1,2.28935,1,1.96829,1,y1
16,2,1.13314,1,1.13314,1,2.40064,1,2.08748,1,y1
16,2.01906979802684,1.47328,1,1.47328,1,2.4794,1,2.17175,1,y1
16,2.024,1.55503,1,1.55503,1,2.49946,1,2.19319,1,y1
16,2.06535601534484,2.15802,1,2.15802,1,2.66293,1,2.36788,1,y1
16,2.11270332223771,2.71662,1,2.71662,1,2.84035,1,2.55721,1,y1
16,2.152,3.10659,0,3.10659,0,2.98037,1,2.70641,1,y1
16,2.16113604368058,3.18969,0,3.18969,0,3.01204,0,2.74013,1,y1
16,2.21067906228713,3.59964,0,3.59964,0,3.17839,0,2.91709,1,y1
16,2.26135783109312,3.96067,0,3.96067,0,3.33968,0,3.08844,0,y1
16,2.28,4.08145,0,4.08145,0,3.39692,0,3.14919,0,y1
16,2.31319838663312,4.28283,0,4.28283,0,3.49622,0,3.25452,0,y1
16,2.36622736231686,4.57326,0,4.57326,0,3.64828,0,3.41566,0,y1
16,2.408,4.77924,0,4.77924,0,3.76278,0,3.53685,0,y1
16,2.42047200211239,4.83732,0,4.83732,0,3.79611,0,3.57212,0,y1
16,2.47596017454278,5.0791,0,5.0791,0,3.93988,0,3.72415,0,y1
16,2.5,5.17628,0,5.17628,0,3.99999,0,3.78769,0,y1
16,2.53272038700378,5.30187,0,5.30187,0,4.07977,0,3.87201,0,y1
16,2.536,5.31408,0,5.31408,0,4.08764,0,3.88033,0,y1
16,2.59078180040967,5.50831,0,5.50831,0,4.216,0,4.01588,0,y1
16,2.65017424417485,5.70026,0,5.70026,0,4.34884,0,4.15589,0,y1
16,2.664,5.74245,0,5.74245,0,4.37887,0,4.18752,0,y1
16,2.71092823153889,5.87935,0,5.87935,0,4.47837,0,4.29235,0,y1
16,2.77307497524291,6.04711,0,6.04711,0,4.60478,0,4.42541,0,y1
16,2.792,6.09543,0,6.09543,0,4.64212,0,4.46469,0,y1
16,2.83664640356532,6.20464,0,6.20464,0,4.72816,0,4.5552,0,y1
16,2.90167517672514,6.35292,0,6.35292,0,4.84866,0,4.68189,0,y1
16,2.92,6.39259,0,6.39259,0,4.88163,0,4.71654,0,y1
16,2.96819470366146,6.49283,0,6.49283,0,4.96637,0,4.80558,0,y1
16,3,6.55594,0,6.55594,0,5.02079,0,4.86274,0,y1
16,3.0362391591974,6.6251,0,6.6251,0,5.08141,0,4.9264,0,y1
16,3.048,6.64696,0,6.64696,0,5.10077,0,4.94672,0,y1
16,3.10584350159773,6.7502,0,6.7502,0,5.19388,0,5.04446,0,y1
16,3.176,6.86665,0,6.86665,0,5.3023,0,5.15826,0,y1
16,3.17704349052884,6.86832,0,6.86832,0,5.30387,0,5.15991,0,y1
16,3.24987570543051,6.98069,0,6.98069,0,5.41146,0,5.27311,0,y1
16,3.304,7.05893,0,7.05893,0,5.48842,0,5.35432,0,y1
16,3.32437756430881,7.08735,0,7.08735,0,5.51676,0,5.38426,0,y1
16,3.40058734295987,7.18892,0,7.18892,0,5.61981,0,5.49292,0,y1
16,3.432,7.22875,0,7.22875,0,5.661,0,5.53619,0,y1
16,3.47854419463429,7.2857,0,7.2857,0,5.7207,0,5.59881,0,y1
16,3.5,7.31116,0,7.31116,0,5.7477,0,5.62715,0,y1
16,3.55828817015235,7.37784,0,7.37784,0,5.81946,0,5.70269,0,y1
16,3.56,7.37974,0,7.37974,0,5.82154,0,5.70488,0,y1
16,3.6398602384804,7.46541,0,7.46541,0,5.91615,0,5.80491,0,y1
16,3.688,7.5141,0,7.5141,0,5.97126,0,5.86293,0,y1
16,3.72330230777889,7.54849,0,7.54849,0,6.0108,0,5.90429,0,y1
16,3.80865724693299,7.62712,0,7.62712,0,6.10347,0,6.00079,0,y1
16,3.816,7.63359,0,7.63359,0,6.11126,0,6.0089,0,y1
16,3.89596890757671,7.70131,0,7.70131,0,6.19416,0,6.09535,0,y1
16,3.944,7.73953,0,7.73953,0,6.24238,0,6.14558,0,y1
16,3.98528214662199,7.77096,0,7.77096,0,6.2829,0,6.18775,0,y1
16,4,7.78186,0,7.78186,0,6.29714,0,6.20257,0,y1
16,4.072,7.83286,0,7.83286,0,6.36533,0,6.27356,0,y1
16,4.07664284930416,7.83601,0,7.83601,0,6.36965,0,6.27805,0,y1
16,4.17009795275584,7.89624,0,7.89624,0,6.4544,0,6.36635,0,y1
16,4.2,7.91421,0,7.91421,0,6.4807,0,6.39377,0,y1
16,4.26569547012113,7.95147,0,7.95147,0,6.53712,0,6.4527,0,y1
16,4.328,7.98406,0,7.98406,0,6.58894,0,6.50705,0,y1
16,4.36348451522268,8.00144,0,8.00144,0,6.61774,0,6.53732,0,y1
16,4.456,8.04275,0,8.04275,0,6.69041,0,6.61383,0,y1
16,4.46351532779424,8.04585,0,8.04585,0,6.69616,0,6.61989,0,y1
16,4.5,8.06039,0,8.06039,0,6.72377,0,6.649,0,y1
16,4.56583929929161,8.08439,0,8.08439,0,6.77226,0,6.70017,0,y1
16,4.584,8.09051,0,8.09051,0,6.78533,0,6.71399,0,y1
16,4.67050899929535,8.11674,0,8.11674,0,6.84587,0,6.77803,0,y1
16,4.712,8.12762,0,8.12762,0,6.87388,0,6.8077,0,y1
16,4.77757820251869,8.1426,0,8.1426,0,6.91682,0,6.85322,0,y1
16,4.84,8.15439,0,8.15439,0,6.95614,0,6.89503,0,y1
16,4.88710191643468,8.16172,0,8.16172,0,6.9848,0,6.92557,0,y1
16,4.968,8.17123,0,8.17123,0,7.03201,0,6.97597,0,y1
16,4.99913640953659,8.17389,0,8.17389,0,7.04948,0,6.99469,0,y1
16,5,8.17396,0,8.17396,0,7.04996,0,6.99521,0,y1
16,5.096,8.17868,0,8.17868,0,7.10137,0,7.05049,0,y1
16,5.11373924024619,8.179,0,8.179,0,7.11046,0,7.0603,0,y1
16,5.224,8.17735,0,8.17735,0,7.16411,0,7.11847,0,y1
16,5.23096928648477,8.17704,0,8.17704,0,7.16733,0,7.12198,0,y1
16,5.35088677592205,8.1681,0,8.1681,0,7.21977,0,7.17931,0,y1
16,5.352,8.16799,0,8.16799,0,7.22023,0,7.17981,0,y1
16,5.47355331691849,8.15237,0,8.15237,0,7.26736,0,7.23191,0,y1
16,5.48,8.15137,0,8.15137,0,7.26969,0,7.2345,0,y1
16,5.5,8.14817,0,8.14817,0,7.2768,0,7.24244,0,y1
16,5.599031930177,8.13013,0,8.13013,0,7.30963,0,7.27931,0,y1
16,5.608,8.12833,0,8.12833,0,7.31241,0,7.28245,0,y1
16,5.72738708112019,8.10178,0,8.10178,0,7.3462,0,7.32108,0,y1
16,5.736,8.09969,0,8.09969,0,7.34841,0,7.32364,0,y1
16,5.85868471300994,8.06775,0,8.06775,0,7.37673,0,7.35685,0,y1
16,5.864,8.06628,0,8.06628,0,7.37783,0,7.35815,0,y1
16,5.992,8.02884,0,8.02884,0,7.40087,0,7.38609,0,y1
16,5.99299228082608,8.02854,0,8.02854,0,7.40103,0,7.38628,0,y1
16,6,8.02638,0,8.02638,0,7.40211,0,7.38763,0,y1
16,6.12,7.98809,0,7.98809,0,7.41784,0,7.40771,0,y1
16,6.13037878592189,7.98466,0,7.98466,0,7.41896,0,7.40919,0,y1
16,6.248,7.94462,0,7.94462,0,7.42902,0,7.42333,0,y1
16,6.27091481147392,7.93657,0,7.93657,0,7.43043,0,7.42551,0,y1
16,6.376,7.89848,0,7.89848,0,7.43476,0,7.43332,0,y1
16,6.41467255874457,7.88391,0,7.88391,0,7.43552,0,7.43531,0,y1
16,6.5,7.85045,0,7.85045,0,7.43578,0,7.43808,0,y1
16,6.504,7.84884,0,7.84884,0,7.43575,0,7.43816,0,y1
16,6.56172588417592,7.82513,0,7.82513,0,7.43479,0,7.43879,0,y1
16,6.632,7.7952,0,7.7952,0,7.43248,0,7.43836,0,y1
16,6.71215033733396,7.75961,0,7.75961,0,7.42841,0,7.43634,0,y1
16,6.76,7.73763,0,7.73763,0,7.42533,0,7.43443,0,y1
16,6.86602319972264,7.68698,0,7.68698,0,7.41702,0,7.42841,0,y1
16,6.888,7.67614,0,7.67614,0,7.41505,0,7.42688,0,y1
16,7,7.61913,0,7.61913,0,7.40372,0,7.41772,0,y1
16,7.016,7.61074,0,7.61074,0,7.40193,0,7.41624,0,y1
16,7.02342352448771,7.60682,0,7.60682,0,7.40109,0,7.41554,0,y1
16,7.144,7.5414,0,7.5414,0,7.38641,0,7.40298,0,y1
16,7.18443217703082,7.51867,0,7.51867,0,7.38108,0,7.39833,0,y1
16,7.272,7.46808,0,7.46808,0,7.36893,0,7.38756,0,y1
16,7.34913187655456,7.42194,0,7.42194,0,7.3576,0,7.37739,0,y1
16,7.4,7.3907,0,7.3907,0,7.34983,0,7.37036,0,y1
16,7.5,7.32736,0,7.32736,0,7.33395,0,7.35588,0,y1
16,7.51760723856,7.31594,0,7.31594,0,7.33108,0,7.35325,0,y1
16,7.528,7.30917,0,7.30917,0,7.32937,0,7.35168,0,y1
16,7.656,7.22342,0,7.22342,0,7.30777,0,7.33178,0,y1
16,7.68994481831846,7.19997,0,7.19997,0,7.30187,0,7.32632,0,y1
16,7.784,7.13337,0,7.13337,0,7.28518,0,7.31084,0,y1
16,7.86623315533978,7.07318,0,7.07318,0,7.27021,0,7.29692,0,y1
16,7.912,7.03889,0,7.03889,0,7.26174,0,7.28903,0,y1
16,8,6.97134,0,6.97134,0,7.24518,0,7.2736,0,y1
16,8.04,6.93993,0,6.93993,0,7.23754,0,7.26647,0,y1
16,8.04656281886004,6.93474,0,6.93474,0,7.23628,0,7.2653,0,y1
16,8.168,6.83647,0,6.83647,0,7.21266,0,7.24324,0,y1
16,8.23102645437213,6.78386,0,6.78386,0,7.20018,0,7.23158,0,y1
16,8.296,6.72849,0,6.72849,0,7.18715,0,7.21942,0,y1
16,8.41971883122288,6.61987,0,6.61987,0,7.16194,0,7.19587,0,y1
16,8.424,6.61604,0,6.61604,0,7.16105,0,7.19505,0,y1
16,8.5,6.5472,0,6.5472,0,7.14529,0,7.18033,0,y1
16,8.552,6.49924,0,6.49924,0,7.13439,0,7.17016,0,y1
16,8.61273689130148,6.44234,0,6.44234,0,7.12155,0,7.15818,0,y1
16,8.68,6.37827,0,6.37827,0,7.10718,0,7.14478,0,y1
16,8.808,6.25345,0,6.25345,0,7.07944,0,7.11894,0,y1
16,8.81017979884391,6.25129,0,6.25129,0,7.07897,0,7.11849,0,y1
16,8.936,6.12518,0,6.12518,0,7.05118,0,7.09263,0,y1
16,9,6.05994,0,6.05994,0,7.03685,0,7.0793,0,y1
16,9.01214899137923,6.04748,0,6.04748,0,7.03412,0,7.07676,0,y1
16,9.064,5.99407,0,5.99407,0,7.02239,0,7.06586,0,y1
16,9.192,5.86077,0,5.86077,0,6.99309,0,7.03864,0,y1
16,9.21874823184374,5.83274,0,5.83274,0,6.9869,0,7.0329,0,y1
16,9.32,5.72626,0,5.72626,0,6.96326,0,7.01097,0,y1
16,9.43008366188981,5.61029,0,5.61029,0,6.93718,0,6.98681,0,y1
16,9.448,5.59144,0,5.59144,0,6.9329,0,6.98285,0,y1
16,9.5,5.5369,0,5.5369,0,6.92042,0,6.97129,0,y1
16,9.576,5.45759,0,5.45759,0,6.90202,0,6.95427,0,y1
16,9.64626385641686,5.38478,0,5.38478,0,6.88484,0,6.93839,0,y1
16,9.704,5.32524,0,5.32524,0,6.87061,0,6.92524,0,y1
16,9.832,5.19537,0,5.19537,0,6.83865,0,6.89574,0,y1
16,9.86739987935238,5.16008,0,5.16008,0,6.82972,0,6.8875,0,y1
16,9.96,5.06911,0,5.06911,0,6.80616,0,6.86578,0,y1
16,10,5.03058,0,5.03058,0,6.79589,0,6.85632,0,y1
16,10.088,4.94755,0,4.94755,0,6.77312,0,6.83535,0,y1
16,10.0936053407117,4.94235,0,4.94235,0,6.77166,0,6.83401,0,y1
16,10.216,4.83157,0,4.83157,0,6.73952,0,6.80445,0,y1
16,10.3249964549658,4.73761,0,4.73761,0,6.71047,0,6.77777,0,y1
16,10.344,4.72169,0,4.72169,0,6.70537,0,6.77308,0,y1
16,10.472,4.61824,0,4.61824,0,6.67065,0,6.74122,0,y1
16,10.5,4.59647,0,4.59647,0,6.66298,0,6.73419,0,y1
16,10.5616921007474,4.54963,0,4.54963,0,6.64599,0,6.71861,0,y1
16,10.6,4.52127,0,4.52127,0,6.63537,0,6.70889,0,y1
16,10.728,4.4307,0,4.4307,0,6.59951,0,6.67606,0,y1
16,10.8038138819254,4.37998,0,4.37998,0,6.578,0,6.65639,0,y1
16,10.856,4.34629,0,4.34629,0,6.56308,0,6.64274,0,y1
16,10.984,4.26779,0,4.26779,0,6.52606,0,6.60893,0,y1
16,11,4.25836,0,4.25836,0,6.52139,0,6.60467,0,y1
16,11.0514861900798,4.22864,0,4.22864,0,6.50631,0,6.59091,0,y1
16,11.112,4.19482,0,4.19482,0,6.48846,0,6.57462,0,y1
16,11.24,4.12706,0,4.12706,0,6.45028,0,6.53981,0,y1
16,11.3048362684083,4.09455,0,4.09455,0,6.43071,0,6.52199,0,y1
16,11.368,4.06404,0,4.06404,0,6.4115,0,6.5045,0,y1
16,11.496,4.00545,0,4.00545,0,6.37215,0,6.46868,0,y1
16,11.5,4.00368,0,4.00368,0,6.37091,0,6.46755,0,y1
16,11.5639942770989,3.97593,0,3.97593,0,6.35101,0,6.44945,0,y1
16,11.624,3.95077,0,3.95077,0,6.33221,0,6.43235,0,y1
16,11.752,3.89895,0,3.89895,0,6.29168,0,6.39552,0,y1
16,11.8290933601999,3.86837,0,3.86837,0,6.26698,0,6.37309,0,y1
16,11.88,3.84932,0,3.84932,0,6.25054,0,6.35817,0,y1
16,12,3.80866,0,3.80866,0,6.21143,0,6.3227,0,y1
16,12.008,3.80604,0,3.80604,0,6.2088,0,6.32032,0,y1
16,12.1002697140239,3.77594,0,3.77594,0,6.17837,0,6.29272,0,y1
16,12.136,3.76454,0,3.76454,0,6.16651,0,6.28196,0,y1
16,12.264,3.72531,0,3.72531,0,6.12365,0,6.24308,0,y1
16,12.3776626571194,3.69035,0,3.69035,0,6.08512,0,6.20814,0,y1
16,12.392,3.68587,0,3.68587,0,6.08023,0,6.20371,0,y1
16,12.5,3.65331,0,3.65331,0,6.04312,0,6.17009,0,y1
16,12.52,3.64755,0,3.64755,0,6.0362,0,6.16382,0,y1
16,12.648,3.61141,0,3.61141,0,5.99153,0,6.12344,0,y1
16,12.6614147018462,3.60761,0,3.60761,0,5.98682,0,6.11918,0,y1
16,12.776,3.57585,0,3.57585,0,5.94632,0,6.08256,0,y1
16,12.904,3.542,0,3.542,0,5.9006,0,6.04118,0,y1
16,12.9516716275927,3.53008,0,3.53008,0,5.88345,0,6.02565,0,y1
16,13,3.518,0,3.518,0,5.86599,0,6.00983,0,y1
16,13.032,3.51002,0,3.51002,0,5.85439,0,5.99932,0,y1
16,13.16,3.47879,0,3.47879,0,5.80765,0,5.95698,0,y1
16,13.2485825556706,3.45623,0,3.45623,0,5.77495,0,5.9274,0,y1
16,13.288,3.44586,0,3.44586,0,5.7603,0,5.91416,0,y1
16,13.416,3.41378,0,3.41378,0,5.71232,0,5.87088,0,y1
16,13.5,3.39308,0,3.39308,0,5.68059,0,5.84222,0,y1
16,13.544,3.38202,0,3.38202,0,5.66388,0,5.82714,0,y1
16,13.5523000259267,3.37993,0,3.37993,0,5.66073,0,5.82429,0,y1
16,13.672,3.35079,0,3.35079,0,5.61497,0,5.78297,0,y1
16,13.8,3.31853,0,3.31853,0,5.56552,0,5.73836,0,y1
16,13.8629800751116,3.30282,0,3.30282,0,5.54103,0,5.71627,0,y1
16,13.928,3.28658,0,3.28658,0,5.51566,0,5.69337,0,y1
16,14,3.26859,0,3.26859,0,5.48747,0,5.6679,0,y1
16,14.056,3.2545,0,3.2545,0,5.46546,0,5.64801,0,y1
16,14.1807823170444,3.22303,0,3.22303,0,5.41617,0,5.60343,0,y1
16,14.184,3.22221,0,3.22221,0,5.4149,0,5.60227,0,y1
16,14.312,3.18968,0,3.18968,0,5.36402,0,5.55612,0,y1
16,14.44,3.15669,0,3.15669,0,5.3129,0,5.50967,0,y1
16,14.5,3.14077,0,3.14077,0,5.28884,0,5.4878,0,y1
16,14.5058700246152,3.13929,0,3.13929,0,5.28648,0,5.48566,0,y1
16,14.568,3.12366,0,3.12366,0,5.26148,0,5.46295,0,y1
16,14.696,3.09029,0,3.09029,0,5.20969,0,5.41595,0,y1
16,14.824,3.05676,0,3.05676,0,5.15771,0,5.36856,0,y1
16,14.8384102136676,3.05285,0,3.05285,0,5.15185,0,5.36321,0,y1
16,14.952,3.0223,0,3.0223,0,5.10551,0,5.32092,0,y1
16,15,3.00941,0,3.00941,0,5.08586,0,5.30302,0,y1
16,15.08,2.98814,1,2.98814,1,5.05297,0,5.27315,0,y1
16,15.1785737288045,2.96099,1,2.96099,1,5.01239,0,5.23625,0,y1
16,15.208,2.95279,1,2.95279,1,5.00029,0,5.22522,0,y1
16,15.336,2.91715,1,2.91715,1,4.94766,0,5.17704,0,y1
16,15.464,2.88191,1,2.88191,1,4.89511,0,5.12867,0,y1
16,15.5,2.87197,1,2.87197,1,4.88034,0,5.11507,0,y1
16,15.5265353311598,2.86458,1,2.86458,1,4.86947,0,5.10505,0,y1
16,15.592,2.84611,1,2.84611,1,4.84268,0,5.08032,0,y1
16,15.72,2.81005,1,2.81005,1,4.79051,0,5.03197,0,y1
16,15.848,2.77308,1,2.77308,1,4.7385,0,4.9835,0,y1
16,15.8824737881839,2.76296,1,2.76296,1,4.72449,0,4.97041,0,y1
16,15.976,2.73571,1,2.73571,1,4.68644,0,4.93488,0,y1
16,16,2.72874,1,2.72874,1,4.67667,0,4.92577,0,y1
16,16.104,2.6984,1,2.6984,1,4.63434,0,4.88634,0,y1
16,16.232,2.66063,1,2.66063,1,4.58208,0,4.83788,0,y1
16,16.246571965486,2.65631,1,2.65631,1,4.57615,0,4.83236,0,y1
16,16.36,2.62251,1,2.62251,1,4.5302,0,4.78954,0,y1
16,16.488,2.58408,1,2.58408,1,4.47901,0,4.74143,0,y1
16,16.5,2.58046,1,2.58046,1,4.47425,0,4.73693,0,y1
16,16.616,2.5453,1,2.5453,1,4.42838,0,4.69351,0,y1
16,16.6190169207827,2.54438,1,2.54438,1,4.42719,0,4.69239,0,y1
16,16.744,2.50615,1,2.50615,1,4.37819,0,4.6459,0,y1
16,16.872,2.46683,1,2.46683,1,4.32848,0,4.59859,0,y1
16,17,2.42733,1,2.42733,1,4.27925,0,4.55155,0,y1
17,1,0,1,0,1,0,1,0,1,y1
17,1.02216887738619,0,1,0,1,0,1,0,1,y1
17,1.04482921389695,0,1,0,1,0,1,0,1,y1
17,1.06799190462934,0,1,0,1,0,1,0,1,y1
17,1.09166808621252,0,1,0,1,0,1,0,1,y1
17,1.11586914216219,0,1,0,1,0,1,0,1,y1
17,1.116,0,1,0,1,0,1,0,1,y1
17,1.14060670835382,0,1,0,1,0,1,0,1,y1
17,1.16589267861718,0,1,0,1,0,1,0,1,y1
17,1.19173921045491,0,1,0,1,0,1,0,1,y1
17,1.2181587308878,0,1,0,1,0,1,0,1,y1
17,1.232,0,1,0,1,0,1,0,1,y1
17,1.24516394242977,0,1,0,1,0,1,0,1,y1
17,1.27276782919521,0,1,0,1,0,1,0,1,y1
17,1.30098366314173,0,1,0,1,0,1,0,1,y1
17,1.32982501045136,0,1,0,1,0,1,0,1,y1
17,1.348,0,1,0,1,0,1,0,1,y1
17,1.35930573805314,0,1,0,1,0,1,0,1,y1
17,1.38944002029039,0,1,0,1,0,1,0,1,y1
17,1.42024234573568,0,1,0,1,0,1,0,1,y1
17,1.45172752415698,0,1,0,1,0,1,0,1,y1
17,1.464,0,1,0,1,0,1,0,1,y1
17,1.48391069363817,0,1,0,1,0,1,0,1,y1
17,1.5,0,1,0,1,0,1,0,1,y1
17,1.5168073278575,0,1,0,1,0,1,0,1,y1
17,1.55043324352725,0,1,0,1,0,1,0,1,y1
17,1.58,0,1,0,1,0,1,0,1,y1
17,1.58480460799848,0,1,0,1,0,1,0,1,y1
17,1.61993794703428,0,1,0,1,0,1,0,1,y1
17,1.65585015275532,0,1,0,1,0,1,0,1,y1
17,1.69255849176166,0,1,0,1,0,1,0,1,y1
17,1.696,0,1,0,1,0,1,0,1,y1
17,1.73008061343449,0,1,0,1,0,1,0,1,y1
17,1.76843455842195,0,1,0,1,0,1,0,1,y1
17,1.80763876731311,0,1,0,1,0,1,0,1,y1
17,1.812,0,1,0,1,0,1,0,1,y1
17,1.8477120895042,0,1,0,1,0,1,0,1,y1
17,1.88867379226141,0,1,0,1,0,1,0,1,y1
17,1.928,0,1,0,1,0,1,0,1,y1
17,1.93054356998457,0,1,0,1,0,1,0,1,y1
17,1.97334155367626,0.571156,1,0.571156,1,0,1,0,1,y1
17,2,1.13314,1,1.13314,1,0,1,0,1,y1
17,2.01708832062079,1.43971,1,1.43971,1,0,1,0,1,y1
17,2.044,1.86333,1,1.86333,1,0,1,0,1,y1
17,2.06180490427776,2.11115,1,2.11115,1,0,1,0,1,y1
17,2.10751280439494,2.66063,1,2.66063,1,0,1,0,1,y1
17,2.1542339973454,3.12714,0,3.12714,0,0,1,0,1,y1
17,2.16,3.17948,0,3.17948,0,0,1,0,1,y1
17,2.20199094669372,3.53224,0,3.53224,0,0,1,0,1,y1
17,2.25080661399648,3.88962,0,3.88962,0,0,1,0,1,y1
17,2.276,4.05602,0,4.05602,0,0,1,0,1,y1
17,2.30070446984221,4.20897,0,4.20897,0,0,1,0,1,y1
17,2.351708505136,4.4972,0,4.4972,0,0,1,0,1,y1
17,2.392,4.70251,0,4.70251,0,0,1,0,1,y1
17,2.40384324263443,4.75955,0,4.75955,0,0,1,0,1,y1
17,2.45713374873602,4.99997,0,4.99997,0,0,1,0,1,y1
17,2.5,5.17627,0,5.17627,0,0,1,0,1,y1
17,2.508,5.20766,0,5.20766,0,0,1,0,1,y1
17,2.51160564553323,5.22166,0,5.22166,0,0,1,0,1,y1
17,2.56728512313153,5.4272,0,5.4272,0,0,1,0,1,y1
17,2.624,5.61789,0,5.61789,0,0,1,0,1,y1
17,2.62419895224163,5.61853,0,5.61853,0,0,1,0,1,y1
17,2.68237449705085,5.79711,0,5.79711,0,0.395856,1,0,1,y1
17,2.74,5.95965,0,5.95965,0,1.43906,1,0.383148,1,y1
17,2.74183972837982,5.96462,0,5.96462,0,1.46608,1,0.425525,1,y1
17,2.80262323713087,6.12201,0,6.12201,0,2.24165,1,1.46185,1,y1
17,2.856,6.25006,0,6.25006,0,2.78354,1,2.12479,1,y1
17,2.86475424803452,6.27024,0,6.27024,0,2.86307,1,2.22038,1,y1
17,2.92826263370077,6.41019,0,6.41019,0,3.37993,0,2.83109,1,y1
17,2.972,6.5005,0,6.5005,0,3.68468,0,3.18512,0,y1
17,2.99317892898186,6.5426,0,6.5426,0,3.82033,0,3.34076,0,y1
17,3,6.55594,0,6.55594,0,3.86254,0,3.38897,0,y1
17,3.05953434565339,6.66811,0,6.66811,0,4.20382,0,3.77591,0,y1
17,3.088,6.71909,0,6.71909,0,4.35181,0,3.94223,0,y1
17,3.12736078742103,6.78685,0,6.78685,0,4.54266,0,4.15554,0,y1
17,3.19669086525975,6.89943,0,6.89943,0,4.84554,0,4.49149,0,y1
17,3.204,6.91086,0,6.91086,0,4.87529,0,4.52433,0,y1
17,3.26755791309326,7.00666,0,7.00666,0,5.11882,0,4.79216,0,y1
17,3.32,7.08119,0,7.08119,0,5.30152,0,4.99196,0,y1
17,3.33999600382091,7.10865,0,7.10865,0,5.36735,0,5.06373,0,y1
17,3.41403996569999,7.20598,0,7.20598,0,5.59482,0,5.31094,0,y1
17,3.436,7.2336,0,7.2336,0,5.65779,0,5.37917,0,y1
17,3.48972539909116,7.29888,0,7.29888,0,5.80415,0,5.53741,0,y1
17,3.5,7.311,0,7.311,0,5.83098,0,5.56636,0,y1
17,3.552,7.37066,0,7.37066,0,5.96152,0,5.70694,0,y1
17,3.5670886935751,7.38745,0,7.38745,0,5.99784,0,5.74598,0,y1
17,3.64616704544864,7.47176,0,7.47176,0,6.17765,0,5.93909,0,y1
17,3.668,7.49398,0,7.49398,0,6.22445,0,5.98924,0,y1
17,3.72699847560877,7.55188,0,7.55188,0,6.34526,0,6.11854,0,y1
17,3.784,7.6049,0,7.6049,0,6.45476,0,6.23561,0,y1
17,3.80962184783307,7.62783,0,7.62783,0,6.50192,0,6.28592,0,y1
17,3.89407688746544,7.69964,0,7.69964,0,6.64876,0,6.44243,0,y1
17,3.9,7.70446,0,7.70446,0,6.6586,0,6.45291,0,y1
17,3.98040420051607,7.7672,0,7.7672,0,6.78686,0,6.58938,0,y1
17,4,7.78174,0,7.78174,0,6.81654,0,6.62104,0,y1
17,4.016,7.79341,0,7.79341,0,6.84034,0,6.64647,0,y1
17,4.0686452931848,7.83045,0,7.83045,0,6.91639,0,6.7277,0,y1
17,4.132,7.87233,0,7.87233,0,7.00336,0,6.82039,0,y1
17,4.15884259181733,7.88922,0,7.88922,0,7.0388,0,6.858,0,y1
17,4.248,7.94163,0,7.94163,0,7.15087,0,6.97697,0,y1
17,4.25103946330381,7.94332,0,7.94332,0,7.15452,0,6.98085,0,y1
17,4.34528023592966,7.99255,0,7.99255,0,7.2635,0,7.09658,0,y1
17,4.364,8.00161,0,8.00161,0,7.28415,0,7.1186,0,y1
17,4.44161022068863,8.03663,0,8.03663,0,7.3665,0,7.20658,0,y1
17,4.48,8.05246,0,8.05246,0,7.40533,0,7.24809,0,y1
17,4.5,8.06032,0,8.06032,0,7.42507,0,7.2692,0,y1
17,4.54007573306834,8.07528,0,8.07528,0,7.46373,0,7.3105,0,y1
17,4.596,8.09438,0,8.09438,0,7.51554,0,7.36598,0,y1
17,4.64072411531876,8.1082,0,8.1082,0,7.55541,0,7.40851,0,y1
17,4.712,8.12758,0,8.12758,0,7.61597,0,7.47314,0,y1
17,4.74360375921441,8.13513,0,8.13513,0,7.64161,0,7.50064,0,y1
17,4.828,8.15227,0,8.15227,0,7.70675,0,7.57067,0,y1
17,4.84876412932112,8.15582,0,8.15582,0,7.72204,0,7.58714,0,y1
17,4.944,8.16878,0,8.16878,0,7.78838,0,7.65916,0,y1
17,4.95625578677862,8.17006,0,8.17006,0,7.79648,0,7.66802,0,y1
17,5,8.17394,0,8.17394,0,7.82461,0,7.69886,0,y1
17,5.06,8.17748,0,8.17748,0,7.86113,0,7.73917,0,y1
17,5.06613041361032,8.17773,0,8.17773,0,7.86473,0,7.74316,0,y1
17,5.176,8.17882,0,8.17882,0,7.925,0,7.81108,0,y1
17,5.17844083757211,8.17878,0,8.17878,0,7.92624,0,7.81251,0,y1
17,5.292,8.17333,0,8.17333,0,7.98028,0,7.87526,0,y1
17,5.2932410575519,8.17324,0,8.17324,0,7.98083,0,7.8759,0,y1
17,5.408,8.16156,0,8.16156,0,8.02753,0,7.9307,0,y1
17,5.41058626953234,8.16123,0,8.16123,0,8.02849,0,7.93184,0,y1
17,5.5,8.14817,0,8.14817,0,8.05871,0,7.96848,0,y1
17,5.524,8.14413,0,8.14413,0,8.06581,0,7.9774,0,y1
17,5.53053289312902,8.143,0,8.143,0,8.06766,0,7.97976,0,y1
17,5.64,8.12167,0,8.12167,0,8.09413,0,8.01519,0,y1
17,5.65313859871711,8.11883,0,8.11883,0,8.09676,0,8.01894,0,y1
17,5.756,8.09477,0,8.09477,0,8.11373,0,8.04471,0,y1
17,5.77846233515922,8.08911,0,8.08911,0,8.11656,0,8.04948,0,y1
17,5.872,8.06406,0,8.06406,0,8.12504,0,8.06611,0,y1
17,5.9065643581481,8.05425,0,8.05425,0,8.12683,0,8.07096,0,y1
17,5.988,8.03008,0,8.03008,0,8.12828,0,8.07963,0,y1
17,6,8.0264,0,8.0264,0,8.12817,0,8.08058,0,y1
17,6.03750625917755,8.01471,0,8.01471,0,8.12728,0,8.08303,0,y1
17,6.104,7.99336,0,7.99336,0,8.12373,0,8.08541,0,y1
17,6.17135099515563,7.97096,0,7.97096,0,8.11762,0,8.08538,0,y1
17,6.22,7.95436,0,7.95436,0,8.11166,0,8.08383,0,y1
17,6.3081629186744,7.92328,0,7.92328,0,8.09767,0,8.07785,0,y1
17,6.336,7.9132,0,7.9132,0,8.09243,0,8.07514,0,y1
17,6.44800780895062,7.87101,0,7.87101,0,8.06745,0,8.0604,0,y1
17,6.452,7.86945,0,7.86945,0,8.06645,0,8.05977,0,y1
17,6.5,7.85041,0,7.85041,0,8.05383,0,8.05154,0,y1
17,6.568,7.82248,0,7.82248,0,8.03416,0,8.03809,0,y1
17,6.59095290345246,7.8128,0,7.8128,0,8.02705,0,8.03309,0,y1
17,6.684,7.77227,0,7.77227,0,7.99595,0,8.01058,0,y1
17,6.73706693022727,7.74823,0,7.74823,0,7.9766,0,7.99614,0,y1
17,6.8,7.71884,0,7.71884,0,7.9522,0,7.97757,0,y1
17,6.88642014094606,7.67694,0,7.67694,0,7.91621,0,7.94973,0,y1
17,6.916,7.66219,0,7.66219,0,7.90325,0,7.93956,0,y1
17,7,7.61916,0,7.61916,0,7.86473,0,7.909,0,y1
17,7.032,7.60232,0,7.60232,0,7.84939,0,7.89676,0,y1
17,7.03908434468051,7.59856,0,7.59856,0,7.84595,0,7.89401,0,y1
17,7.148,7.5392,0,7.5392,0,7.79085,0,7.84955,0,y1
17,7.1951329424288,7.51262,0,7.51262,0,7.76577,0,7.82914,0,y1
17,7.264,7.4728,0,7.4728,0,7.72782,0,7.79817,0,y1
17,7.35464096240686,7.41861,0,7.41861,0,7.67553,0,7.7552,0,y1
17,7.38,7.40308,0,7.40308,0,7.66043,0,7.74275,0,y1
17,7.496,7.32997,0,7.32997,0,7.58878,0,7.68359,0,y1
17,7.5,7.32739,0,7.32739,0,7.58624,0,7.68148,0,y1
17,7.51768509612194,7.31592,0,7.31592,0,7.57492,0,7.67209,0,y1
17,7.612,7.25338,0,7.25338,0,7.51294,0,7.62064,0,y1
17,7.68434373524588,7.20383,0,7.20383,0,7.46353,0,7.57961,0,y1
17,7.728,7.17327,0,7.17327,0,7.43293,0,7.55411,0,y1
17,7.844,7.08958,0,7.08958,0,7.34876,0,7.48403,0,y1
17,7.85469700930591,7.08168,0,7.08168,0,7.34079,0,7.4774,0,y1
17,7.96,7.00227,0,7.00227,0,7.26042,0,7.41035,0,y1
17,8,6.97131,0,6.97131,0,7.22898,0,7.38413,0,y1
17,8.02882682421091,6.94872,0,6.94872,0,7.20601,0,7.365,0,y1
17,8.076,6.91127,0,6.91127,0,7.16786,0,7.33321,0,y1
17,8.192,6.81658,0,6.81658,0,7.07106,0,7.25239,0,y1
17,8.20681690163182,6.80421,0,6.80421,0,7.05838,0,7.24182,0,y1
17,8.308,6.71818,0,6.71818,0,6.96997,0,7.16808,0,y1
17,8.38875281925503,6.64752,0,6.64752,0,6.89704,0,7.10723,0,y1
17,8.424,6.61611,0,6.61611,0,6.86455,0,7.08013,0,y1
17,8.5,6.5473,0,6.5473,0,6.79312,0,7.02054,0,y1
17,8.54,6.51049,0,6.51049,0,6.75478,0,6.98854,0,y1
17,8.57472205192818,6.47821,0,6.47821,0,6.72108,0,6.9604,0,y1
17,8.656,6.40146,0,6.40146,0,6.64065,0,6.89326,0,y1
17,8.76481401371806,6.29631,0,6.29631,0,6.52963,0,6.80048,0,y1
17,8.772,6.28927,0,6.28927,0,6.52217,0,6.79424,0,y1
17,8.888,6.17397,0,6.17397,0,6.3994,0,6.69148,0,y1
17,8.95912010090097,6.10189,0,6.10189,0,6.32207,0,6.62664,0,y1
17,9,6.06005,0,6.06005,0,6.2769,0,6.58874,0,y1
17,9.004,6.05594,0,6.05594,0,6.27245,0,6.58501,0,y1
17,9.12,5.93578,0,5.93578,0,6.14145,0,6.47485,0,y1
17,9.15773373590602,5.89634,0,5.89634,0,6.09797,0,6.43826,0,y1
17,9.236,5.81409,0,5.81409,0,6.00657,0,6.36115,0,y1
17,9.352,5.6915,0,5.6915,0,5.86825,0,6.24395,0,y1
17,9.36075041223273,5.68224,0,5.68224,0,5.8577,0,6.23499,0,y1
17,9.468,5.56875,0,5.56875,0,5.72709,0,6.12374,0,y1
17,9.5,5.53499,0,5.53499,0,5.68767,0,6.09007,0,y1
17,9.56826774036427,5.46338,0,5.46338,0,5.60261,0,6.01743,0,y1
17,9.584,5.44698,0,5.44698,0,5.58291,0,6.0005,0,y1
17,9.7,5.32714,0,5.32714,0,5.43689,0,5.87328,0,y1
17,9.78038549469867,5.24518,0,5.24518,0,5.33554,0,5.78341,0,y1
17,9.816,5.2092,0,5.2092,0,5.2906,0,5.74313,0,y1
17,9.932,5.09382,0,5.09382,0,5.1444,0,5.61073,0,y1
17,9.99720566152035,5.0305,0,5.0305,0,5.06193,0,5.53555,0,y1
17,10,5.02781,0,5.02781,0,5.05841,0,5.53231,0,y1
17,10.048,4.98212,0,4.98212,0,4.99805,0,5.47654,0,y1
17,10.164,4.87504,0,4.87504,0,4.85383,0,5.34118,0,y1
17,10.2188324880352,4.82603,0,4.82603,0,4.78709,0,5.27718,0,y1
17,10.28,4.77261,0,4.77261,0,4.71406,0,5.20594,0,y1
17,10.396,4.67547,0,4.67547,0,4.57986,0,5.07187,0,y1
17,10.4453725324925,4.63585,0,4.63585,0,4.52433,0,5.0153,0,y1
17,10.5,4.59315,0,4.59315,0,4.46332,0,4.95292,0,y1
17,10.512,4.58393,0,4.58393,0,4.45001,0,4.93927,0,y1
17,10.628,4.49758,0,4.49758,0,4.32428,0,4.80892,0,y1
17,10.6769347154184,4.46281,0,4.46281,0,4.27322,0,4.75498,0,y1
17,10.744,4.4167,0,4.4167,0,4.20545,0,4.68217,0,y1
17,10.86,4.34084,0,4.34084,0,4.09393,0,4.55989,0,y1
17,10.9136303719849,4.30742,0,4.30742,0,4.04444,0,4.50498,0,y1
17,10.976,4.26983,0,4.26983,0,3.98833,0,4.44227,0,y1
17,11,4.25573,0,4.25573,0,3.96725,0,4.41842,0,y1
17,11.092,4.20346,0,4.20346,0,3.88939,0,4.32841,0,y1
17,11.1555733055397,4.1689,0,4.1689,0,3.83827,0,4.26843,0,y1
17,11.208,4.1413,0,4.1413,0,3.79748,0,4.22052,0,y1
17,11.324,4.08325,0,4.08325,0,3.71051,0,4.11867,0,y1
17,11.4028798423229,4.04577,0,4.04577,0,3.65552,0,4.05259,0,y1
17,11.44,4.02872,0,4.02872,0,3.63072,0,4.02255,0,y1
17,11.5,4.00207,0,4.00207,0,3.59187,0,3.97543,0,y1
17,11.556,3.97783,0,3.97783,0,3.5568,0,3.9329,0,y1
17,11.6556688873968,3.93527,0,3.93527,0,3.49683,0,3.86053,0,y1
17,11.672,3.92854,0,3.92854,0,3.48724,0,3.84905,0,y1
17,11.788,3.88469,0,3.88469,0,3.42144,0,3.77097,0,y1
17,11.904,3.8423,0,3.8423,0,3.36151,0,3.69898,0,y1
17,11.9140619818156,3.83877,0,3.83877,0,3.35652,0,3.6929,0,y1
17,12,3.80917,0,3.80917,0,3.31528,0,3.64158,0,y1
17,12.02,3.80216,0,3.80216,0,3.30606,0,3.62978,0,y1
17,12.136,3.76326,0,3.76326,0,3.25455,0,3.5643,0,y1
17,12.178183361062,3.74975,0,3.74975,0,3.23606,0,3.5421,0,y1
17,12.252,3.72626,0,3.72626,0,3.20472,0,3.50551,0,y1
17,12.368,3.69141,0,3.69141,0,3.15883,0,3.45085,0,y1
17,12.4481600147799,3.66794,0,3.66794,0,3.12848,0,3.4138,0,y1
17,12.484,3.65763,0,3.65763,0,3.11536,0,3.39783,0,y1
17,12.5,3.65307,0,3.65307,0,3.1096,0,3.39093,0,y1
17,12.6,3.62452,0,3.62452,0,3.07463,0,3.34929,0,y1
17,12.716,3.59314,0,3.59314,0,3.03621,0,3.30389,0,y1
17,12.7241217478313,3.59096,0,3.59096,0,3.0336,0,3.30082,0,y1
17,12.832,3.5622,0,3.5622,0,2.99981,1,3.26132,0,y1
17,12.948,3.53205,0,3.53205,0,2.96517,1,3.22132,0,y1
17,13,3.5186,0,3.5186,0,2.95015,1,3.20415,0,y1
17,13.006201242706,3.51701,0,3.51701,0,2.94838,1,3.20213,0,y1
17,13.064,3.50218,0,3.50218,0,2.93202,1,3.18362,0,y1
17,13.18,3.47273,0,3.47273,0,2.90024,1,3.14803,0,y1
17,13.2945341233157,3.44395,0,3.44395,0,2.87006,1,3.11464,0,y1
17,13.296,3.44359,0,3.44359,0,2.86968,1,3.11423,0,y1
17,13.412,3.41466,0,3.41466,0,2.83989,1,3.08193,0,y1
17,13.5,3.39275,0,3.39275,0,2.8178,1,3.05846,0,y1
17,13.528,3.38579,0,3.38579,0,2.8108,1,3.05116,0,y1
17,13.589259020202,3.37061,0,3.37061,0,2.79543,1,3.03545,0,y1
17,13.644,3.35712,0,3.35712,0,2.78183,1,3.02168,0,y1
17,13.76,3.32847,0,3.32847,0,2.75374,1,2.99314,1,y1
17,13.876,3.29968,0,3.29968,0,2.7256,1,2.96543,1,y1
17,13.8905176371901,3.29611,0,3.29611,0,2.72213,1,2.96203,1,y1
17,13.992,3.27108,0,3.27108,0,2.69915,1,2.93861,1,y1
17,14,3.26908,0,3.26908,0,2.69739,1,2.93679,1,y1
17,14.108,3.24139,0,3.24139,0,2.67327,1,2.91232,1,y1
17,14.1984548195197,3.21819,0,3.21819,0,2.65274,1,2.89189,1,y1
17,14.224,3.21173,0,3.21173,0,2.64703,1,2.88614,1,y1
17,14.34,3.18256,0,3.18256,0,2.62124,1,2.86032,1,y1
17,14.456,3.15333,0,3.15333,0,2.59324,1,2.83519,1,y1
17,14.5,3.14207,0,3.14207,0,2.58311,1,2.82595,1,y1
17,14.513218623487,3.13867,0,3.13867,0,2.58009,1,2.82321,1,y1
17,14.572,3.12343,0,3.12343,0,2.56669,1,2.81103,1,y1
17,14.688,3.09277,0,3.09277,0,2.53974,1,2.78579,1,y1
17,14.804,3.06152,0,3.06152,0,2.51279,1,2.76074,1,y1
17,14.8349603876301,3.05327,0,3.05327,0,2.50557,1,2.75422,1,y1
17,14.92,3.03101,0,3.03101,0,2.48569,1,2.73635,1,y1
17,15,3.00931,0,3.00931,0,2.46687,1,2.7194,1,y1
17,15.036,2.99952,1,2.99952,1,2.45837,1,2.71167,1,y1
17,15.152,2.96812,1,2.96812,1,2.43086,1,2.6867,1,y1
17,15.1638348054925,2.96491,1,2.96491,1,2.42804,1,2.68417,1,y1
17,15.268,2.93632,1,2.93632,1,2.40316,1,2.66179,1,y1
17,15.384,2.90427,1,2.90427,1,2.37524,1,2.63666,1,y1
17,15.5,2.87129,1,2.87129,1,2.34701,1,2.61152,1,y1
18,1,0,1,0,1,0,1,0,1,y1
18,1.02190077866029,0,1,0,1,0,1,0,1,y1
18,1.04428120142651,0,1,0,1,0,1,0,1,y1
18,1.06715177287806,0,1,0,1,0,1,0,1,y1
18,1.0905232276528,0,1,0,1,0,1,0,1,y1
18,1.112,0,1,0,1,0,1,0,1,y1
18,1.11440653548553,0,1,0,1,0,1,0,1,y1
18,1.13881290635678,0,1,0,1,0,1,0,1,y1
18,1.16375379575438,0,1,0,1,0,1,0,1,y1
18,1.18924091005028,0,1,0,1,0,1,0,1,y1
18,1.21528621199505,0,1,0,1,0,1,0,1,y1
18,1.224,0,1,0,1,0,1,0,1,y1
18,1.24190192633286,0,1,0,1,0,1,0,1,y1
18,1.26910054553927,0,1,0,1,0,1,0,1,y1
18,1.29689483568478,0,1,0,1,0,1,0,1,y1
18,1.32529784242679,0,1,0,1,0,1,0,1,y1
18,1.336,0,1,0,1,0,1,0,1,y1
18,1.35432289713274,0,1,0,1,0,1,0,1,y1
18,1.38398362313741,0,1,0,1,0,1,0,1,y1
18,1.41429394213721,0,1,0,1,0,1,0,1,y1
18,1.44526808072455,0,1,0,1,0,1,0,1,y1
18,1.448,0,1,0,1,0,1,0,1,y1
18,1.47692057706528,0,1,0,1,0,1,0,1,y1
18,1.5,0,1,0,1,0,1,0,1,y1
18,1.50926628772242,0,1,0,1,0,1,0,1,y1
18,1.54232039462927,0,1,0,1,0,1,0,1,y1
18,1.56,0,1,0,1,0,1,0,1,y1
18,1.5760984122153,0,1,0,1,0,1,0,1,y1
18,1.61061619468806,0,1,0,1,0,1,0,1,y1
18,1.64588994347461,0,1,0,1,0,1,0,1,y1
18,1.672,0,1,0,1,0,1,0,1,y1
18,1.68193621482585,0,1,0,1,0,1,0,1,y1
18,1.71877192758748,0,1,0,1,0,1,0,1,y1
18,1.7564143711411,0,1,0,1,0,1,0,1,y1
18,1.784,0,1,0,1,0,1,0,1,y1
18,1.79488121351921,0,1,0,1,0,1,0,1,y1
18,1.83419050969801,0,1,0,1,0,1,0,1,y1
18,1.87436071007172,0,1,0,1,0,1,0,1,y1
18,1.896,0,1,0,1,0,1,0,1,y1
18,1.91541066911255,0,1,0,1,0,1,0,1,y1
18,1.95735965422034,0.123472,1,0.123472,1,0,1,0,1,y1
18,2,1.13314,1,1.13314,1,0,1,0,1,y1
18,2.00022735476601,1.13743,1,1.13743,1,0,1,0,1,y1
18,2.008,1.28055,1,1.28055,1,0,1,0,1,y1
18,2.044033891333,1.86384,1,1.86384,1,0,1,0,1,y1
18,2.08879982516122,2.44878,1,2.44878,1,0,1,0,1,y1
18,2.12,2.79341,1,2.79341,1,0,1,0,1,y1
18,2.13454616779773,2.94029,1,2.94029,1,0,1,0,1,y1
18,2.18129439095885,3.3643,0,3.3643,0,0,1,0,1,y1
18,2.22906643660817,3.73665,0,3.73665,0,0,1,0,1,y1
18,2.232,3.75784,0,3.75784,0,0,1,0,1,y1
18,2.27788472725541,4.06803,0,4.06803,0,0,1,0,1,y1
18,2.3277721764807,4.36623,0,4.36623,0,0,1,0,1,y1
18,2.344,4.45581,0,4.45581,0,0,1,0,1,y1
18,2.37875219968939,4.63697,0,4.63697,0,0,1,0,1,y1
18,2.43084872510247,4.88456,0,4.88456,0,0,1,0,1,y1
18,2.456,4.99511,0,4.99511,0,0,1,0,1,y1
18,2.48408620498759,5.11243,0,5.11243,0,0,1,0,1,y1
18,2.5,5.17627,0,5.17627,0,0,1,0,1,y1
18,2.53848962713611,5.32331,0,5.32331,0,0,1,0,1,y1
18,2.568,5.42972,0,5.42972,0,0,1,0,1,y1
18,2.59408452659146,5.51948,0,5.51948,0,0,1,0,1,y1
18,2.65089699763443,5.70249,0,5.70249,0,0.9639,1,0,1,y1
18,2.68,5.79013,0,5.79013,0,2.11406,1,0,1,y1
18,2.70895370603086,5.87377,0,5.87377,0,2.86971,1,0.969235,1,y1
18,2.76828190154762,6.03468,0,6.03468,0,3.89538,0,2.87912,1,y1
18,2.792,6.09543,0,6.09543,0,4.19719,0,3.34005,0,y1
18,2.8289094307427,6.18617,0,6.18617,0,4.59238,0,3.90352,0,y1
18,2.89086475003541,6.32911,0,6.32911,0,5.11649,0,4.60161,0,y1
18,2.904,6.35801,0,6.35801,0,5.21123,0,4.72376,0,y1
18,2.95417693906278,6.46427,0,6.46427,0,5.53441,0,5.12959,0,y1
18,3,6.55594,0,6.55594,0,5.78557,0,5.43439,0,y1
18,3.016,6.58682,0,6.58682,0,5.86526,0,5.52953,0,y1
18,3.01887571432853,6.59231,0,6.59231,0,5.8792,0,5.5461,0,y1
18,3.08499144315097,6.71378,0,6.71378,0,6.17086,0,5.88853,0,y1
18,3.128,6.78794,0,6.78794,0,6.3357,0,6.07888,0,y1
18,3.15255515791632,6.82867,0,6.82867,0,6.42257,0,6.17838,0,y1
18,3.2215985706442,6.93804,0,6.93804,0,6.64309,0,6.42893,0,y1
18,3.24,6.96591,0,6.96591,0,6.69669,0,6.4894,0,y1
18,3.2921540878722,7.04212,0,7.04212,0,6.83853,0,6.6486,0,y1
18,3.352,7.12496,0,7.12496,0,6.98524,0,6.81212,0,y1
18,3.36425482586626,7.14135,0,7.14135,0,7.01341,0,6.8434,0,y1
18,3.43793462616438,7.2361,0,7.2361,0,7.17113,0,7.01785,0,y1
18,3.464,7.26811,0,7.26811,0,7.22259,0,7.07453,0,y1
18,3.5,7.3111,0,7.3111,0,7.29034,0,7.14899,0,y1
18,3.51322807146056,7.32655,0,7.32655,0,7.31432,0,7.1753,0,y1
18,3.576,7.39736,0,7.39736,0,7.42198,0,7.29322,0,y1
18,3.59017050183674,7.41279,0,7.41279,0,7.44497,0,7.31836,0,y1
18,3.66879803135018,7.49488,0,7.49488,0,7.56475,0,7.44903,0,y1
18,3.688,7.51405,0,7.51405,0,7.59214,0,7.47886,0,y1
18,3.74914756498409,7.57291,0,7.57291,0,7.67501,0,7.56896,0,y1
18,3.8,7.61937,0,7.61937,0,7.73925,0,7.63873,0,y1
18,3.83125681596958,7.64685,0,7.64685,0,7.77682,0,7.67947,0,y1
18,3.912,7.71422,0,7.71422,0,7.8676,0,7.77791,0,y1
18,3.91516432348687,7.71676,0,7.71676,0,7.87099,0,7.78158,0,y1
18,4,7.78182,0,7.78182,0,7.95721,0,7.87518,0,y1
18,4.00090947075423,7.78249,0,7.78249,0,7.95809,0,7.87614,0,y1
18,4.024,7.79925,0,7.79925,0,7.98012,0,7.90008,0,y1
18,4.08853250351308,7.84398,0,7.84398,0,8.03879,0,7.96387,0,y1
18,4.136,7.87494,0,7.87494,0,8.07938,0,8.00802,0,y1
18,4.17807454891793,7.90106,0,7.90106,0,8.11364,0,8.04532,0,y1
18,4.248,7.94169,0,7.94169,0,8.16724,0,8.10372,0,y1
18,4.26957763483998,7.95354,0,7.95354,0,8.18295,0,8.12085,0,y1
18,4.36,7.99975,0,7.99975,0,8.24462,0,8.18828,0,y1
18,4.36308470959355,8.00122,0,8.00122,0,8.2466,0,8.19045,0,y1
18,4.45863966209446,8.04382,0,8.04382,0,8.30372,0,8.25392,0,y1
18,4.472,8.04928,0,8.04928,0,8.31105,0,8.26218,0,y1
18,4.5,8.06036,0,8.06036,0,8.32591,0,8.27899,0,y1
18,4.55628734245999,8.08106,0,8.08106,0,8.3539,0,8.31081,0,y1
18,4.584,8.09049,0,8.09049,0,8.3668,0,8.32557,0,y1
18,4.6560735830599,8.11268,0,8.11268,0,8.39774,0,8.36139,0,y1
18,4.696,8.12354,0,8.12354,0,8.41333,0,8.37975,0,y1
18,4.75804522002853,8.1384,0,8.1384,0,8.43532,0,8.40613,0,y1
18,4.808,8.14863,0,8.14863,0,8.45084,0,8.42537,0,y1
18,4.86225011524803,8.15801,0,8.15801,0,8.46549,0,8.44433,0,y1
18,4.92,8.16603,0,8.16603,0,8.47873,0,8.46241,0,y1
18,4.96873717881306,8.17129,0,8.17129,0,8.48814,0,8.47594,0,y1
18,5,8.17395,0,8.17395,0,8.49328,0,8.48374,0,y1
18,5.032,8.17609,0,8.17609,0,8.4978,0,8.49099,0,y1
18,5.07755639198741,8.17815,0,8.17815,0,8.50291,0,8.5001,0,y1
18,5.144,8.17917,0,8.17917,0,8.50761,0,8.51093,0,y1
18,5.18875883066347,8.17855,0,8.17855,0,8.50902,0,8.51663,0,y1
18,5.256,8.17573,0,8.17573,0,8.50856,0,8.52287,0,y1
18,5.30239668933547,8.17253,0,8.17253,0,8.50641,0,8.52551,0,y1
18,5.368,8.16629,0,8.16629,0,8.50071,0,8.5269,0,y1
18,5.41852330559767,8.1602,0,8.1602,0,8.49419,0,8.52609,0,y1
18,5.48,8.15137,0,8.15137,0,8.48389,0,8.52292,0,y1
18,5.5,8.14817,0,8.14817,0,8.47999,0,8.52137,0,y1
18,5.5371931851792,8.14182,0,8.14182,0,8.472,0,8.51783,0,y1
18,5.592,8.13153,0,8.13153,0,8.45845,0,8.51101,0,y1
18,5.65846202752709,8.11766,0,8.11766,0,8.43912,0,8.50018,0,y1
18,5.704,8.10733,0,8.10733,0,8.42405,0,8.49116,0,y1
18,5.78238675194963,8.0881,0,8.0881,0,8.39476,0,8.47257,0,y1
18,5.816,8.07932,0,8.07932,0,8.38091,0,8.46343,0,y1
18,5.90902552433228,8.05353,0,8.05353,0,8.33836,0,8.4345,0,y1
18,5.928,8.04802,0,8.04802,0,8.32891,0,8.42794,0,y1
18,6,8.02639,0,8.02639,0,8.29072,0,8.40096,0,y1
18,6.0384377844387,8.01441,0,8.01441,0,8.26883,0,8.3852,0,y1
18,6.04,8.01392,0,8.01392,0,8.26791,0,8.38454,0,y1
18,6.152,7.97746,0,7.97746,0,8.19801,0,8.33308,0,y1
18,6.17068427380964,7.97118,0,7.97118,0,8.18547,0,8.32371,0,y1
18,6.264,7.93901,0,7.93901,0,8.11904,0,8.27349,0,y1
18,6.30582706427289,7.92412,0,7.92412,0,8.08719,0,8.24915,0,y1
18,6.376,7.89848,0,7.89848,0,8.03088,0,8.20575,0,y1
18,6.44392958707761,7.87262,0,7.87262,0,7.97291,0,8.16062,0,y1
18,6.488,7.85524,0,7.85524,0,7.93347,0,8.12969,0,y1
18,6.5,7.85043,0,7.85043,0,7.92248,0,8.12106,0,y1
18,6.5850566626667,7.81531,0,7.81531,0,7.84152,0,8.05708,0,y1
18,6.6,7.80896,0,7.80896,0,7.82674,0,8.04532,0,y1
18,6.712,7.75967,0,7.75967,0,7.71064,0,7.95239,0,y1
18,6.72927453110125,7.7518,0,7.7518,0,7.6919,0,7.9373,0,y1
18,6.824,7.70737,0,7.70737,0,7.58524,0,7.85083,0,y1
18,6.87665088315124,7.68175,0,7.68175,0,7.52311,0,7.80017,0,y1
18,6.936,7.65208,0,7.65208,0,7.45082,0,7.74083,0,y1
18,7,7.61914,0,7.61914,0,7.36999,0,7.67404,0,y1
18,7.02725489206724,7.60481,0,7.60481,0,7.33482,0,7.64475,0,y1
18,7.048,7.59378,0,7.59378,0,7.30771,0,7.62213,0,y1
18,7.16,7.53246,0,7.53246,0,7.15652,0,7.49483,0,y1
18,7.18115724604786,7.52053,0,7.52053,0,7.12721,0,7.46977,0,y1
18,7.272,7.46807,0,7.46807,0,6.99884,0,7.35873,0,y1
18,7.33843018141831,7.42842,0,7.42842,0,6.90256,0,7.27417,0,y1
18,7.384,7.40058,0,7.40058,0,6.83551,0,7.21477,0,y1
18,7.496,7.32992,0,7.32992,0,6.66829,0,7.06428,0,y1
18,7.49914751653556,7.32789,0,7.32789,0,6.66355,0,7.05993,0,y1
18,7.5,7.32734,0,7.32734,0,6.66227,0,7.05875,0,y1
18,7.608,7.25605,0,7.25605,0,6.49901,0,6.90581,0,y1
18,7.66338468643608,7.21832,0,7.21832,0,6.41514,0,6.8261,0,y1
18,7.72,7.17892,0,7.17892,0,6.32945,0,6.74388,0,y1
18,7.83121877824239,7.09901,0,7.09901,0,6.16294,0,6.57971,0,y1
18,7.832,7.09844,0,7.09844,0,6.16178,0,6.57854,0,y1
18,7.944,7.01458,0,7.01458,0,5.99712,0,6.41026,0,y1
18,8,6.97136,0,6.97136,0,5.91684,0,6.32518,0,y1
18,8.002728567345,6.96923,0,6.96923,0,5.91294,0,6.32104,0,y1
18,8.056,6.92728,0,6.92728,0,5.83681,0,6.2402,0,y1
18,8.168,6.83653,0,6.83653,0,5.68324,0,6.07219,0,y1
18,8.17799455437682,6.82826,0,6.82826,0,5.6695,0,6.05742,0,y1
18,8.28,6.74232,0,6.74232,0,5.53355,0,5.90942,0,y1
18,8.3570990029973,6.67547,0,6.67547,0,5.43515,0,5.80021,0,y1
18,8.392,6.64468,0,6.64468,0,5.39167,0,5.75136,0,y1
18,8.5,6.54735,0,6.54735,0,5.26125,0,5.60358,0,y1
18,8.504,6.54368,0,6.54368,0,5.25654,0,5.59822,0,y1
18,8.54012597850409,6.51041,0,6.51041,0,5.21436,0,5.55021,0,y1
18,8.616,6.43946,0,6.43946,0,5.12807,0,5.45148,0,y1
18,8.72716138729032,6.33301,0,6.33301,0,5.00635,0,5.31327,0,y1
18,8.728,6.33219,0,6.33219,0,5.00546,0,5.31226,0,y1
18,8.84,6.22211,0,6.22211,0,4.88975,0,5.18074,0,y1
18,8.91829301716601,6.1437,0,6.1437,0,4.81221,0,5.09207,0,y1
18,8.952,6.10959,0,6.10959,0,4.77967,0,5.05547,0,y1
18,9,6.06072,0,6.06072,0,4.73418,0,5.00467,0,y1
18,9.064,5.99506,0,5.99506,0,4.6751,0,4.93857,0,y1
18,9.11361057856259,5.94376,0,5.94376,0,4.63054,0,4.88825,0,y1
18,9.176,5.87895,0,5.87895,0,4.57598,0,4.82681,0,y1
18,9.288,5.76196,0,5.76196,0,4.4822,0,4.72208,0,y1
18,9.31320574663979,5.73557,0,5.73557,0,4.46188,0,4.69926,0,y1
18,9.4,5.6445,0,5.6445,0,4.39336,0,4.62222,0,y1
18,9.5,5.53936,0,5.53936,0,4.31746,0,4.53924,0,y1
18,9.512,5.52675,0,5.52675,0,4.30854,0,4.52964,0,y1
18,9.51717220431471,5.52131,0,5.52131,0,4.30471,0,4.52551,0,y1
18,9.624,5.40946,0,5.40946,0,4.22774,0,4.44094,0,y1
18,9.72560568623329,5.30419,0,5.30419,0,4.1571,0,4.36434,0,y1
18,9.736,5.29352,0,5.29352,0,4.15002,0,4.35683,0,y1
18,9.848,5.17981,0,5.17981,0,4.076,0,4.27751,0,y1
18,9.93860402370477,5.08994,0,5.08994,0,4.01849,0,4.21604,0,y1
18,9.96,5.06904,0,5.06904,0,4.00517,0,4.20197,0,y1
18,10,5.03037,0,5.03037,0,3.98053,0,4.17587,0,y1
18,10.072,4.96215,0,4.96215,0,3.93698,0,4.13,0,y1
18,10.1562671906202,4.88458,0,4.88458,0,3.88746,0,4.07787,0,y1
18,10.184,4.8596,0,4.8596,0,3.87145,0,4.06111,0,y1
18,10.296,4.76148,0,4.76148,0,3.80807,0,3.99516,0,y1
18,10.3786973503768,4.69199,0,4.69199,0,3.76258,0,3.94819,0,y1
18,10.408,4.668,0,4.668,0,3.74668,0,3.93191,0,y1
18,10.5,4.59535,0,4.59535,0,3.69731,0,3.88187,0,y1
18,10.52,4.58011,0,4.58011,0,3.68664,0,3.87093,0,y1
18,10.6059989038295,4.51639,0,4.51639,0,3.64125,0,3.82516,0,y1
18,10.632,4.49758,0,4.49758,0,3.62768,0,3.81166,0,y1
18,10.744,4.41892,0,4.41892,0,3.57065,0,3.75499,0,y1
18,10.8382785382936,4.35708,0,4.35708,0,3.5237,0,3.70731,0,y1
18,10.856,4.34589,0,4.34589,0,3.5148,0,3.69855,0,y1
18,10.968,4.27675,0,4.27675,0,3.4594,0,3.64428,0,y1
18,11,4.25759,0,4.25759,0,3.44401,0,3.62927,0,y1
18,11.0756452776194,4.21525,0,4.21525,0,3.40825,0,3.59409,0,y1
18,11.08,4.21293,0,4.21293,0,3.40618,0,3.59208,0,y1
18,11.192,4.15258,0,4.15258,0,3.35267,0,3.5402,0,y1
18,11.304,4.09407,0,4.09407,0,3.29996,0,3.48921,0,y1
18,11.3182105333644,4.08707,0,4.08707,0,3.29351,0,3.48284,0,y1
18,11.416,4.04128,0,4.04128,0,3.24777,0,3.43794,0,y1
18,11.5,4.00277,0,4.00277,0,3.20945,0,3.40059,0,y1
18,11.528,3.99017,0,3.99017,0,3.19629,0,3.388,0,y1
18,11.5660881570862,3.97376,0,3.97376,0,3.17911,0,3.37136,0,y1
18,11.64,3.94403,0,3.94403,0,3.14577,0,3.33892,0,y1
18,11.752,3.90007,0,3.90007,0,3.09462,0,3.29006,0,y1
18,11.81939449378,3.8753,0,3.8753,0,3.0638,0,3.26091,0,y1
18,11.864,3.85957,0,3.85957,0,3.04398,0,3.24158,0,y1
18,11.976,3.81776,0,3.81776,0,2.99327,1,3.19362,0,y1
18,12,3.80922,0,3.80922,0,2.98252,1,3.18329,0,y1
18,12.0782484364869,3.78264,0,3.78264,0,2.9474,1,3.14978,0,y1
18,12.088,3.77933,0,3.77933,0,2.94307,1,3.14563,0,y1
18,12.2,3.74315,0,3.74315,0,2.89283,1,3.09791,0,y1
18,12.312,3.70907,0,3.70907,0,2.84282,1,3.05039,0,y1
18,12.3427714820985,3.69959,0,3.69959,0,2.82909,1,3.03729,0,y1
18,12.424,3.67493,0,3.67493,0,2.7929,1,3.003,0,y1
18,12.5,3.65407,0,3.65407,0,2.75903,1,2.97091,1,y1
18,12.536,3.64404,0,3.64404,0,2.74307,1,2.95573,1,y1
18,12.6130877883825,3.62363,0,3.62363,0,2.70874,1,2.92323,1,y1
18,12.648,3.61331,0,3.61331,0,2.69319,1,2.90849,1,y1
18,12.76,3.58153,0,3.58153,0,2.64332,1,2.86129,1,y1
18,12.872,3.55205,0,3.55205,0,2.59342,1,2.814,1,y1
18,12.8893242322587,3.54757,0,3.54757,0,2.58572,1,2.80669,1,y1
18,12.984,3.52342,0,3.52342,0,2.54349,1,2.76678,1,y1
18,13,3.51924,0,3.51924,0,2.53634,1,2.76006,1,y1
18,13.096,3.49452,0,3.49452,0,2.49353,1,2.71991,1,y1
18,13.1716104693501,3.47553,0,3.47553,0,2.46002,1,2.68811,1,y1
18,13.208,3.46638,0,3.46638,0,2.4439,1,2.67277,1,y1
18,13.32,3.43819,0,3.43819,0,2.39402,1,2.62538,1,y1
18,13.432,3.4102,0,3.4102,0,2.34389,1,2.57806,1,y1
18,13.4600789948389,3.4032,0,3.4032,0,2.33133,1,2.56622,1,y1
18,13.5,3.39327,0,3.39327,0,2.31349,1,2.54933,1,y1
18,13.544,3.38234,0,3.38234,0,2.29387,1,2.53065,1,y1
18,13.656,3.35453,0,3.35453,0,2.24362,1,2.48296,1,y1
18,13.7548652056549,3.32992,0,3.32992,0,2.19907,1,2.44114,1,y1
18,13.768,3.32665,0,3.32665,0,2.19317,1,2.43564,1,y1
18,13.88,3.29886,0,3.29886,0,2.14302,1,2.38826,1,y1
18,13.992,3.2709,0,3.2709,0,2.09297,1,2.34035,1,y1
18,14,3.26889,0,3.26889,0,2.08938,1,2.33694,1,y1
18,14.0561074640261,3.25477,0,3.25477,0,2.06412,1,2.31299,1,y1
18,14.104,3.2427,0,3.2427,0,2.04254,1,2.29248,1,y1
18,14.216,3.21386,0,3.21386,0,1.99201,1,2.24469,1,y1
18,14.328,3.18458,0,3.18458,0,1.94159,1,2.19696,1,y1
18,14.3639471624211,3.17556,0,3.17556,0,1.92534,1,2.18164,1,y1
18,14.44,3.15638,0,3.15638,0,1.89104,1,2.14877,1,y1
18,14.5,3.14066,0,3.14066,0,1.86377,1,2.12295,1,y1
18,14.552,3.12695,0,3.12695,0,1.84023,1,2.10072,1,y1
18,14.664,3.09799,0,3.09799,0,1.78949,1,2.05238,1,y1
18,14.6785287899134,3.09424,0,3.09424,0,1.7829,1,2.04618,1,y1
18,14.776,3.06863,0,3.06863,0,1.73857,1,2.00424,1,y1
18,14.888,3.03863,0,3.03863,0,1.6876,1,1.95591,1,y1
18,15,3.009,0,3.009,0,1.63657,1,1.90747,1,y1
7,1,0,1,0,1,0,1,0,1,y2
7,1.02242853060992,0,1,0,1,0,1,0,1,y2
7,1.04536010020516,0,1,0,1,0,1,0,1,y2
7,1.06880599121101,0,1,0,1,0,1,0,1,y2
7,1.09277773910095,0,1,0,1,0,1,0,1,y2
7,1.11728713807222,0,1,0,1,0,1,0,1,y2
7,1.12,0,1,0,1,0,1,0,1,y2
7,1.14234624684855,0,1,0,1,0,1,0,1,y2
7,1.16796739461312,0,1,0,1,0,1,0,1,y2
7,1.19416318707459,0,1,0,1,0,1,0,1,y2
7,1.22094651266913,0,1,0,1,0,1,0,1,y2
7,1.24,0,1,0,1,0,1,0,1,y2
7,1.24833054890161,0,1,0,1,0,1,0,1,y2
7,1.27632876882895,0,1,0,1,0,1,0,1,y2
7,1.30495494768896,0,1,0,1,0,1,0,1,y2
7,1.33422316967777,0,1,0,1,0,1,0,1,y2
7,1.36,0,1,0,1,0,1,0,1,y2
7,1.36414783487935,0,1,0,1,0,1,0,1,y2
7,1.39474366635041,0,1,0,1,0,1,0,1,y2
7,1.42602571736414,0,1,0,1,0,1,0,1,y2
7,1.45800937881658,0,1,0,1,0,1,0,1,y2
7,1.48,0,1,0,1,0,1,0,1,y2
7,1.49071038679892,0,1,0,1,0,1,0,1,y2
7,1.5,0,1,0,1,0,1,0,1,y2
7,1.52414483033977,0,1,0,1,0,1,0,1,y2
7,1.558329159321,0,1,0,1,0,1,0,1,y2
7,1.59328019257117,0,1,0,1,0,1,0,1,y2
7,1.6,0,1,0,1,0,1,0,1,y2
7,1.62901512614043,0,1,0,1,0,1,0,1,y2
7,1.6655515417611,0,1,0,1,0,1,0,1,y2
7,1.70290741549789,0,1,0,1,0,1,0,1,y2
7,1.72,0,1,0,1,0,1,0,1,y2
7,1.74110112659225,0,1,0,1,0,1,0,1,y2
7,1.78015146650499,0,1,0,1,0,1,0,1,y2
7,1.8200776481618,0,1,0,1,0,1,0,1,y2
7,1.84,0,1,0,1,0,1,0,1,y2
7,1.86089931540603,0,1,0,1,0,1,0,1,y2
7,1.9026365526636,0,1,0,1,0,1,0,1,y2
7,1.94530989482457,0,1,0,1,0,1,0,1,y2
7,1.96,0,1,0,1,0,1,0,1,y2
7,1.98894033734643,0,1,0,1,0,1,0,1,y2
7,2,0,1,0,1,0,1,0,1,y2
7,2.03354934658391,0,1,0,1,0,1,0,1,y2
7,2.07915887035056,0,1,0,1,0,1,0,1,y2
7,2.08,0,1,0,1,0,1,0,1,y2
7,2.12579134871711,0,1,0,1,0,1,0,1,y2
7,2.17346972505212,0,1,0,1,0,1,0,1,y2
7,2.2,0,1,0,1,0,1,0,1,y2
7,2.22221745731019,0,1,0,1,0,1,0,1,y2
7,2.27205852957337,0.132196,1,0.132196,1,0,1,0,1,y2
7,2.32,0.309247,1,0.309247,1,0,1,0,1,y2
7,2.32301746385144,0.319713,1,0.319713,1,0,1,0,1,y2
7,2.37511933214682,0.489431,1,0.489431,1,0,1,0,1,y2
7,2.42838976879009,0.644236,1,0.644236,1,0,1,0,1,y2
7,2.44,0.675813,1,0.675813,1,0,1,0,1,y2
7,2.48285498305222,0.786384,1,0.786384,1,0,1,0,1,y2
7,2.5,0.828227,1,0.828227,1,0,1,0,1,y2
7,2.53854177203961,0.917678,1,0.917678,1,0,1,0,1,y2
7,2.56,0.965021,1,0.965021,1,0,1,0,1,y2
7,2.59547753387837,1.03961,1,1.03961,1,0,1,0,1,y2
7,2.65369028119432,1.15318,1,1.15318,1,0,1,0,1,y2
7,2.68,1.2012,1,1.2012,1,0,1,0,1,y2
7,2.71320865489534,1.25931,1,1.25931,1,0,1,0,1,y2
7,2.77406193826277,1.35889,0,1.35889,0,0,1,0,1,y2
7,2.8,1.39888,0,1.39888,0,0,1,0,1,y2
7,2.83628007135892,1.45252,0,1.45252,0,0,1,0,1,y2
7,2.8998936657577,1.54078,0,1.54078,0,0,1,0,1,y2
7,2.92,1.56725,0,1.56725,0,0,1,0,1,y2
7,2.96493401960567,1.62414,0,1.62414,0,0,1,0,1,y2
7,3,1.6665,0,1.6665,0,0,1,0,1,y2
7,3.0314331330208,1.70304,0,1.70304,0,0,1,0,1,y2
7,3.04,1.71279,0,1.71279,0,0,1,0,1,y2
7,3.09942372383669,1.77777,0,1.77777,0,0,1,0,1,y2
7,3.16,1.83957,0,1.83957,0,0,1,0,1,y2
7,3.16893924369988,1.84836,0,1.84836,0,0,1,0,1,y2
7,3.24001389452818,1.91559,0,1.91559,0,0,1,0,1,y2
7,3.28,1.95131,0,1.95131,0,0,1,0,1,y2
7,3.31268264533818,1.97947,0,1.97947,0,0,1,0,1,y2
7,3.38698124945011,2.04033,0,2.04033,0,0,1,0,1,y2
7,3.4,2.05057,0,2.05057,0,0,1,0,1,y2
7,3.46294626207863,2.0984,0,2.0984,0,0,1,0,1,y2
7,3.5,2.1253,0,2.1253,0,0,1,0,1,y2
7,3.52,2.13944,0,2.13944,0,0,1,0,1,y2
7,3.54061505831818,2.15375,0,2.15375,0,0,1,0,1,y2
7,3.62002585153162,2.20645,0,2.20645,0,0,1,0,1,y2
7,3.64,2.21911,0,2.21911,0,0,1,0,1,y2
7,3.70121771215141,2.25651,0,2.25651,0,0.0448817,1,0,1,y2
7,3.76,2.29051,0,2.29051,0,0.150681,1,0,1,y2
7,3.78423058690238,2.30399,0,2.30399,0,0.193097,1,0,1,y2
7,3.86910531845573,2.34888,0,2.34888,0,0.335991,1,0.0631062,1,y2
7,3.88,2.35439,0,2.35439,0,0.353718,1,0.0826462,1,y2
7,3.95588366552373,2.39116,0,2.39116,0,0.473534,1,0.214922,1,y2
7,4,2.41131,0,2.41131,0,0.540227,1,0.288654,1,y2
7,4.04460832340522,2.43078,0,2.43078,0,0.606221,1,0.360974,1,y2
7,4.12,2.46166,0,2.46166,0,0.713929,1,0.478214,1,y2
7,4.13532294499186,2.46763,0,2.46763,0,0.735293,1,0.501287,1,y2
7,4.22807216224552,2.50163,0,2.50163,0,0.859767,1,0.637259,1,y2
7,4.24,2.50573,0,2.50573,0,0.875187,1,0.654214,1,y2
7,4.32290160815741,2.53262,0,2.53262,0,0.979193,1,0.769092,1,y2
7,4.36,2.54372,0,2.54372,0,1.02412,1,0.818442,1,y2
7,4.41985793919965,2.56045,0,2.56045,0,1.09463,1,0.895521,1,y2
7,4.48,2.57578,0,2.57578,0,1.16323,1,0.970169,1,y2
7,4.5,2.58056,0,2.58056,0,1.18555,1,0.994435,1,y2
7,4.51898885828049,2.58494,0,2.58494,0,1.20653,1,1.01722,1,y2
7,4.6,2.60203,0,2.60203,0,1.2936,0,1.11181,1,y2
7,4.62034313821434,2.60592,0,2.60592,0,1.31489,0,1.13494,1,y2
7,4.72,2.62261,0,2.62261,0,1.41595,0,1.24473,1,y2
7,4.72397064571812,2.6232,0,2.6232,0,1.41987,0,1.24898,1,y2
7,4.82992236594598,2.63663,0,2.63663,0,1.52145,0,1.35939,0,y2
7,4.84,2.63768,0,2.63768,0,1.53083,0,1.36958,0,y2
7,4.93825042757415,2.64606,0,2.64606,0,1.61961,0,1.46618,0,y2
7,4.96,2.64745,0,2.64745,0,1.6386,0,1.48693,0,y2
7,5,2.64958,0,2.64958,0,1.67294,0,1.52452,0,y2
7,5.04900812844846,2.65143,0,2.65143,0,1.71413,0,1.56951,0,y2
7,5.08,2.65218,0,2.65218,0,1.73975,0,1.59737,0,y2
7,5.16224996180711,2.65268,0,2.65268,0,1.80609,0,1.66915,0,y2
7,5.2,2.65218,0,2.65218,0,1.83569,0,1.70118,0,y2
7,5.27803164309158,2.64982,0,2.64982,0,1.89518,0,1.76569,0,y2
7,5.32,2.64781,0,2.64781,0,1.92643,0,1.79936,0,y2
7,5.39641013735879,2.64293,0,2.64293,0,1.98193,0,1.85872,0,y2
7,5.44,2.63946,0,2.63946,0,2.01276,0,1.89175,0,y2
7,5.5,2.63392,0,2.63392,0,2.05412,0,1.93636,0,y2
7,5.51744368730824,2.63215,0,2.63215,0,2.06584,0,1.94915,0,y2
7,5.56,2.62754,0,2.62754,0,2.09386,0,1.97998,0,y2
7,5.64119184193756,2.61766,0,2.61766,0,2.14533,0,2.03696,0,y2
7,5.68,2.61246,0,2.61246,0,2.16906,0,2.06335,0,y2
7,5.7677154858409,2.59969,0,2.59969,0,2.22108,0,2.12105,0,y2
7,5.8,2.59465,0,2.59465,0,2.23961,0,2.14161,0,y2
7,5.8970768691644,2.5785,0,2.5785,0,2.29337,0,2.20133,0,y2
7,5.92,2.57449,0,2.57449,0,2.30566,0,2.21497,0,y2
7,6,2.55993,0,2.55993,0,2.34721,0,2.26125,0,y2
7,6.02933963823352,2.55439,0,2.55439,0,2.36191,0,2.27769,0,y2
7,6.04,2.55235,0,2.55235,0,2.36719,0,2.2836,0,y2
7,6.16,2.52857,0,2.52857,0,2.42412,0,2.34753,0,y2
7,6.16456886686726,2.52764,0,2.52764,0,2.4262,0,2.34988,0,y2
7,6.28,2.5034,0,2.5034,0,2.47622,0,2.40672,0,y2
7,6.30283108839477,2.49844,0,2.49844,0,2.4856,0,2.41745,0,y2
7,6.4,2.47673,0,2.47673,0,2.52349,0,2.46116,0,y2
7,6.44419432839,2.46643,0,2.46643,0,2.53961,0,2.47995,0,y2
7,6.5,2.45301,0,2.45301,0,2.55898,0,2.50272,0,y2
7,6.52,2.44809,0,2.44809,0,2.56567,0,2.51062,0,y2
7,6.58872813814059,2.43073,0,2.43073,0,2.58753,0,2.53668,0,y2
7,6.64,2.41733,0,2.41733,0,2.60268,0,2.555,0,y2
7,6.73650362886733,2.39107,0,2.39107,0,2.62854,0,2.58691,0,y2
7,6.76,2.38447,0,2.38447,0,2.63432,0,2.59415,0,y2
7,6.88,2.34953,0,2.34953,0,2.66058,0,2.62793,0,y2
7,6.88759350671123,2.34725,0,2.34725,0,2.66205,0,2.62988,0,y2
7,7,2.31249,0,2.31249,0,2.68126,0,2.65623,0,y2
7,7.04207210850521,2.299,0,2.299,0,2.6872,0,2.66484,0,y2
7,7.12,2.27334,0,2.27334,0,2.69641,0,2.67898,0,y2
7,7.2000154383481,2.24606,0,2.24606,0,2.70346,0,2.69108,0,y2
7,7.24,2.23207,0,2.23207,0,2.70606,0,2.6962,0,y2
7,7.36,2.18864,0,2.18864,0,2.71032,0,2.70791,0,y2
7,7.361501204999,2.18808,0,2.18808,0,2.71034,0,2.70802,0,y2
7,7.48,2.14301,0,2.14301,0,2.70936,0,2.71425,0,y2
7,7.5,2.13519,0,2.13519,0,2.70871,0,2.7148,0,y2
7,7.5266088601103,2.12468,0,2.12468,0,2.70763,0,2.71531,0,y2
7,7.6,2.09514,0,2.09514,0,2.7034,0,2.71544,0,y2
7,7.6954196373182,2.05546,0,2.05546,0,2.6953,0,2.71285,0,y2
7,7.72,2.045,0,2.045,0,2.69275,0,2.71171,0,y2
7,7.84,1.99253,0,1.99253,0,2.67772,0,2.70337,0,y2
7,7.86801659220999,1.97994,0,1.97994,0,2.67361,0,2.7008,0,y2
7,7.96,1.9377,0,1.9377,0,2.65864,0,2.69079,0,y2
7,8,1.91889,0,1.91889,0,2.65146,0,2.68571,0,y2
7,8.04448464318775,1.89766,0,1.89766,0,2.64301,0,2.67957,0,y2
7,8.08,1.88047,0,1.88047,0,2.63593,0,2.67431,0,y2
7,8.2,1.82083,0,1.82083,0,2.60988,0,2.65435,0,y2
7,8.22491061324853,1.80815,0,1.80815,0,2.60406,0,2.6498,0,y2
7,8.32,1.75878,0,1.75878,0,2.58037,0,2.63127,0,y2
7,8.40938327270165,1.71102,0,1.71102,0,2.55579,0,2.61228,0,y2
7,8.44,1.69436,0,1.69436,0,2.54676,0,2.60541,0,y2
7,8.5,1.66127,0,1.66127,0,2.5281,0,2.59139,0,y2
7,8.56,1.62761,0,1.62761,0,2.50831,0,2.57663,0,y2
7,8.59799338284401,1.60602,0,1.60602,0,2.49527,0,2.56689,0,y2
7,8.68,1.55868,0,1.55868,0,2.4659,0,2.54467,0,y2
7,8.79083374061504,1.4932,0,1.4932,0,2.42319,0,2.51194,0,y2
7,8.8,1.48771,0,1.48771,0,2.41951,0,2.5091,0,y2
7,8.92,1.41494,0,1.41494,0,2.36928,0,2.47027,0,y2
7,8.98799922425316,1.37299,0,1.37299,0,2.3391,0,2.44691,0,y2
7,9,1.36555,0,1.36555,0,2.33364,0,2.44268,0,y2
7,9.04,1.34065,0,1.34065,0,2.31519,0,2.42836,0,y2
7,9.16,1.26518,1,1.26518,1,2.25733,0,2.38341,0,y2
7,9.18958683997628,1.24646,1,1.24646,1,2.24249,0,2.37187,0,y2
7,9.28,1.18901,1,1.18901,1,2.19574,0,2.33549,0,y2
7,9.39569576970923,1.11522,1,1.11522,1,2.13285,0,2.28658,0,y2
7,9.4,1.11247,1,1.11247,1,2.13044,0,2.28471,0,y2
7,9.5,1.04861,1,1.04861,1,2.0732,0,2.24024,0,y2
7,9.52,1.03583,1,1.03583,1,2.06144,0,2.23112,0,y2
7,9.60642741988167,0.980745,1,0.980745,1,2.00944,0,2.19077,0,y2
7,9.64,0.959461,1,0.959461,1,1.98873,0,2.1747,0,y2
7,9.76,0.884064,1,0.884064,1,1.91232,0,2.11546,0,y2
7,9.82188547132048,0.845995,1,0.845995,1,1.87147,0,2.0838,0,y2
7,9.88,0.810876,1,0.810876,1,1.83221,0,2.05337,0,y2
7,10,0.740362,1,0.740362,1,1.74839,0,1.98841,0,y2
7,10.0421759302611,0.716157,1,0.716157,1,1.71803,0,1.96488,0,y2
7,10.12,0.672291,1,0.672291,1,1.66083,0,1.92053,0,y2
7,10.24,0.607111,1,0.607111,1,1.56963,0,1.84974,0,y2
7,10.2674071805032,0.592668,1,0.592668,1,1.54829,0,1.83316,0,y2
7,10.36,0.545132,1,0.545132,1,1.47482,0,1.77601,0,y2
7,10.48,0.486484,1,0.486484,1,1.37655,0,1.6993,0,y2
7,10.4976900367357,0.478123,1,0.478123,1,1.36178,0,1.68774,0,y2
7,10.5,0.477037,1,0.477037,1,1.35984,0,1.68622,0,y2
7,10.6,0.431249,1,0.431249,1,1.27497,0,1.61961,0,y2
7,10.72,0.379398,1,0.379398,1,1.17027,1,1.53701,0,y2
7,10.7331377990581,0.373926,1,0.373926,1,1.15864,1,1.52778,0,y2
7,10.84,0.330838,1,0.330838,1,1.06278,1,1.45143,0,y2
7,10.96,0.285487,1,0.285487,1,0.952669,1,1.3631,0,y2
7,10.9738663087248,0.280444,1,0.280444,1,0.939805,1,1.35271,0,y2
7,11,0.27105,1,0.27105,1,0.915486,1,1.33303,0,y2
7,11.08,0.243188,1,0.243188,1,0.840333,1,1.2718,0,y2
7,11.2,0.203698,1,0.203698,1,0.725525,1,1.17764,1,y2
7,11.2199940051392,0.197378,1,0.197378,1,0.706081,1,1.16167,1,y2
7,11.32,0.166895,1,0.166895,1,0.608126,1,1.08073,1,y2
7,11.44,0.13267,1,0.13267,1,0.489504,1,0.981303,1,y2
7,11.4716419841266,0.123912,1,0.123912,1,0.458214,1,0.954725,1,y2
7,11.5,0.11611,1,0.11611,1,0.430156,1,0.930777,1,y2
7,11.56,0.0999271,1,0.0999271,1,0.371001,1,0.879648,1,y2
7,11.68,0.0699609,1,0.0699609,1,0.252602,1,0.776022,1,y2
7,11.7289340575137,0.0586172,1,0.0586172,1,0.204051,1,0.733158,1,y2
7,11.8,0.0423537,1,0.0423537,1,0.133579,1,0.670545,1,y2
7,11.92,0.0152249,1,0.0152249,1,0.0154096,1,0.563677,1,y2
7,11.9919968140444,0,1,0,1,0,1,0.499218,1,y2
7,12,0,1,0,1,0,1,0.492034,1,y2
7,12.04,0,1,0,1,0,1,0.45603,1,y2
7,12.16,0,1,0,1,0,1,0.34804,1,y2
7,12.2609596816623,0,1,0,1,0,1,0.256893,1,y2
7,12.28,0,1,0,1,0,1,0.239756,1,y2
7,12.4,0,1,0,1,0,1,0.131654,1,y2
7,12.5,0,1,0,1,0,1,0.041521,1,y2
7,12.52,0,1,0,1,0,1,0.0235125,1,y2
7,12.5359549911895,0,1,0,1,0,1,0.00914976,1,y2
7,12.64,0,1,0,1,0,1,0,1,y2
7,12.76,0,1,0,1,0,1,0,1,y2
7,12.817118041434,0,1,0,1,0,1,0,1,y2
7,12.88,0,1,0,1,0,1,0,1,y2
7,13,0,1,0,1,0,1,0,1,y2
7,13.1045871657572,0,1,0,1,0,1,0,1,y2
7,13.12,0,1,0,1,0,1,0,1,y2
7,13.24,0,1,0,1,0,1,0,1,y2
7,13.36,0,1,0,1,0,1,0,1,y2
7,13.3985038001348,0,1,0,1,0,1,0,1,y2
7,13.48,0,1,0,1,0,1,0,1,y2
7,13.5,0,1,0,1,0,1,0,1,y2
7,13.6,0,1,0,1,0,1,0,1,y2
7,13.6990125527433,0,1,0,1,0,1,0,1,y2
7,13.72,0,1,0,1,0,1,0,1,y2
7,13.84,0,1,0,1,0,1,0,1,y2
7,13.96,0,1,0,1,0,1,0,1,y2
7,14,0,1,0,1,0,1,0,1,y2
7,14.0062612751082,0,1,0,1,0,1,0,1,y2
7,14.08,0,1,0,1,0,1,0,1,y2
7,14.2,0,1,0,1,0,1,0,1,y2
7,14.32,0,1,0,1,0,1,0,1,y2
7,14.3204011348476,0,1,0,1,0,1,0,1,y2
7,14.44,0,1,0,1,0,1,0,1,y2
7,14.5,0,1,0,1,0,1,0,1,y2
7,14.56,0,1,0,1,0,1,0,1,y2
7,14.6415866900469,0,1,0,1,0,1,0,1,y2
7,14.68,0,1,0,1,0,1,0,1,y2
7,14.8,0,1,0,1,0,1,0,1,y2
7,14.92,0,1,0,1,0,1,0,1,y2
7,14.9699759653024,0,1,0,1,0,1,0,1,y2
7,15,0,1,0,1,0,1,0,1,y2
7,15.04,0,1,0,1,0,1,0,1,y2
7,15.16,0,1,0,1,0,1,0,1,y2
7,15.28,0,1,0,1,0,1,0,1,y2
7,15.30573052947,0,1,0,1,0,1,0,1,y2
7,15.4,0,1,0,1,0,1,0,1,y2
7,15.5,0,1,0,1,0,1,0,1,y2
7,15.52,0,1,0,1,0,1,0,1,y2
7,15.64,0,1,0,1,0,1,0,1,y2
7,15.6490155751574,0,1,0,1,0,1,0,1,y2
7,15.76,0,1,0,1,0,1,0,1,y2
7,15.88,0,1,0,1,0,1,0,1,y2
7,16,0,1,0,1,0,1,0,1,y2
8,1,0,1,0,1,0,1,0,1,y2
8,1.02404791316671,0,1,0,1,0,1,0,1,y2
8,1.0486741284611,0,1,0,1,0,1,0,1,y2
8,1.07389255284251,0,1,0,1,0,1,0,1,y2
8,1.09971742770365,0,1,0,1,0,1,0,1,y2
8,1.12616333691299,0,1,0,1,0,1,0,1,y2
8,1.148,0,1,0,1,0,1,0,1,y2
8,1.15324521505061,0,1,0,1,0,1,0,1,y2
8,1.18097835584208,0,1,0,1,0,1,0,1,y2
8,1.20937842079513,0,1,0,1,0,1,0,1,y2
8,1.23846144804411,0,1,0,1,0,1,0,1,y2
8,1.268243861407,0,1,0,1,0,1,0,1,y2
8,1.296,0,1,0,1,0,1,0,1,y2
8,1.29874247966033,0,1,0,1,0,1,0,1,y2
8,1.32997452603713,0,1,0,1,0,1,0,1,y2
8,1.36195763795321,0,1,0,1,0,1,0,1,y2
8,1.39470987696745,0,1,0,1,0,1,0,1,y2
8,1.42824973898152,0,1,0,1,0,1,0,1,y2
8,1.444,0,1,0,1,0,1,0,1,y2
8,1.46259616468493,0,1,0,1,0,1,0,1,y2
8,1.49776855025124,0,1,0,1,0,1,0,1,y2
8,1.5,0,1,0,1,0,1,0,1,y2
8,1.53378675829152,0,1,0,1,0,1,0,1,y2
8,1.57067112907117,0,1,0,1,0,1,0,1,y2
8,1.592,0,1,0,1,0,1,0,1,y2
8,1.60844249199654,0,1,0,1,0,1,0,1,y2
8,1.64712217737772,0,1,0,1,0,1,0,1,y2
8,1.68673202847427,0,1,0,1,0,1,0,1,y2
8,1.72729441383054,0,1,0,1,0,1,0,1,y2
8,1.74,0,1,0,1,0,1,0,1,y2
8,1.76883223990768,0,1,0,1,0,1,0,1,y2
8,1.81136896401947,0,1,0,1,0,1,0,1,y2
8,1.85492860757909,0,1,0,1,0,1,0,1,y2
8,1.888,0,1,0,1,0,1,0,1,y2
8,1.8995357696646,0,1,0,1,0,1,0,1,y2
8,1.94521564091056,0,1,0,1,0,1,0,1,y2
8,1.99199401773371,0,1,0,1,0,1,0,1,y2
8,2,0,1,0,1,0,1,0,1,y2
8,2.036,0,1,0,1,0,1,0,1,y2
8,2.03989731690079,0,1,0,1,0,1,0,1,y2
8,2.08895259044663,0,1,0,1,0,1,0,1,y2
8,2.13918754095107,0,1,0,1,0,1,0,1,y2
8,2.184,0,1,0,1,0,1,0,1,y2
8,2.19063053718318,0,1,0,1,0,1,0,1,y2
8,2.24331063012171,0.015058,1,0.015058,1,0,1,0,1,y2
8,2.29725756936084,0.227882,1,0.227882,1,0,1,0,1,y2
8,2.332,0.350433,1,0.350433,1,0,1,0,1,y2
8,2.35250181991041,0.418194,1,0.418194,1,0,1,0,1,y2
8,2.40907457940015,0.59007,1,0.59007,1,0,1,0,1,y2
8,2.4670077956977,0.746532,1,0.746532,1,0,1,0,1,y2
8,2.48,0.779288,1,0.779288,1,0,1,0,1,y2
8,2.5,0.828227,1,0.828227,1,0.050922,1,0.00612465,1,y2
8,2.52633418495025,0.88998,1,0.88998,1,0.284968,1,0.241171,1,y2
8,2.58708725006003,1.02234,1,1.02234,1,0.6854,1,0.642394,1,y2
8,2.628,1.10431,1,1.10431,1,0.888397,1,0.845035,1,y2
8,2.64930129960419,1.14496,1,1.14496,1,0.979828,1,0.936143,1,y2
8,2.71301146720953,1.25897,1,1.25897,1,1.21108,1,1.16566,1,y2
8,2.776,1.36192,0,1.36192,0,1.39469,0,1.34715,0,y2
8,2.77825373139329,1.36545,0,1.36545,0,1.40062,0,1.35303,0,y2
8,2.84506493588093,1.46514,0,1.46514,0,1.56052,0,1.51191,0,y2
8,2.91348281041266,1.55874,0,1.55874,0,1.69822,0,1.64961,0,y2
8,2.924,1.57244,0,1.57244,0,1.71748,0,1.66894,0,y2
8,2.98354599205017,1.64684,0,1.64684,0,1.81857,0,1.77077,0,y2
8,3,1.6665,0,1.6665,0,1.84439,0,1.79677,0,y2
8,3.05529404699589,1.72994,0,1.72994,0,1.92544,0,1.87811,0,y2
8,3.072,1.74834,0,1.74834,0,1.94835,0,1.90105,0,y2
8,3.12876749293683,1.80824,0,1.80824,0,2.02133,0,1.97398,0,y2
8,3.20400782192581,1.88216,0,1.88216,0,2.10801,0,2.06038,0,y2
8,3.22,1.89716,0,1.89716,0,2.12513,0,2.07744,0,y2
8,3.28105752381295,1.95224,0,1.95224,0,2.18684,0,2.13886,0,y2
8,3.3599601102406,2.01869,0,2.01869,0,2.25894,0,2.21062,0,y2
8,3.368,2.02518,0,2.02518,0,2.26585,0,2.2175,0,y2
8,3.44076013921529,2.08186,0,2.08186,0,2.32518,0,2.27656,0,y2
8,3.5,2.1253,0,2.1253,0,2.36956,0,2.32075,0,y2
8,3.516,2.13663,0,2.13663,0,2.381,0,2.33214,0,y2
8,3.52350324027063,2.14189,0,2.14189,0,2.38629,0,2.33741,0,y2
8,3.60823614023529,2.19886,0,2.19886,0,2.44283,0,2.39374,0,y2
8,3.664,2.23402,0,2.23402,0,2.47713,0,2.42792,0,y2
8,3.69500668962067,2.25281,0,2.25281,0,2.49528,0,2.44602,0,y2
8,3.78386388964309,2.30379,0,2.30379,0,2.54397,0,2.49461,0,y2
8,3.812,2.31907,0,2.31907,0,2.55843,0,2.50906,0,y2
8,3.87485791989589,2.3518,0,2.3518,0,2.58922,0,2.53983,0,y2
8,3.96,2.39308,0,2.39308,0,2.62777,0,2.57841,0,y2
8,3.9680401666869,2.3968,0,2.3968,0,2.63123,0,2.58188,0,y2
8,4,2.41131,0,2.41131,0,2.6447,0,2.59539,0,y2
8,4.06346325205742,2.43874,0,2.43874,0,2.67016,0,2.62094,0,y2
8,4.108,2.45691,0,2.45691,0,2.68703,0,2.63789,0,y2
8,4.16118106349903,2.47748,0,2.47748,0,2.70613,0,2.65713,0,y2
8,4.256,2.51114,0,2.51114,0,2.73754,0,2.68884,0,y2
8,4.26124878438503,2.51289,0,2.51289,0,2.73919,0,2.6905,0,y2
8,4.36372292513368,2.54481,0,2.54481,0,2.76935,0,2.7211,0,y2
8,4.404,2.55616,0,2.55616,0,2.78022,0,2.73219,0,y2
8,4.4686613551209,2.573,0,2.573,0,2.79658,0,2.74892,0,y2
8,4.5,2.58056,0,2.58056,0,2.80403,0,2.75656,0,y2
8,4.552,2.59222,0,2.59222,0,2.81569,0,2.76858,0,y2
8,4.57612333536029,2.59727,0,2.59727,0,2.82081,0,2.77389,0,y2
8,4.68616955196921,2.61738,0,2.61738,0,2.84198,0,2.79597,0,y2
8,4.7,2.61957,0,2.61957,0,2.84439,0,2.7985,0,y2
8,4.79886215043946,2.63312,0,2.63312,0,2.85992,0,2.81504,0,y2
8,4.848,2.6385,0,2.6385,0,2.86664,0,2.82227,0,y2
8,4.91426477073226,2.64434,0,2.64434,0,2.87465,0,2.83102,0,y2
8,4.996,2.64939,0,2.64939,0,2.88285,0,2.84028,0,y2
8,5,2.64958,0,2.64958,0,2.88321,0,2.84069,0,y2
8,5.03244258321707,2.65089,0,2.65089,0,2.88598,0,2.84387,0,y2
8,5.144,2.65275,0,2.65275,0,2.89338,0,2.85283,0,y2
8,5.15346232547475,2.65273,0,2.65273,0,2.89387,0,2.85346,0,y2
8,5.2773923399857,2.64984,0,2.64984,0,2.89832,0,2.8598,0,y2
8,5.292,2.64921,0,2.64921,0,2.89861,0,2.86031,0,y2
8,5.40430261272435,2.64234,0,2.64234,0,2.89926,0,2.86274,0,y2
8,5.44,2.63946,0,2.63946,0,2.8989,0,2.86299,0,y2
8,5.5,2.63392,0,2.63392,0,2.89772,0,2.86281,0,y2
8,5.53426481268179,2.63037,0,2.63037,0,2.89672,0,2.86237,0,y2
8,5.588,2.62429,0,2.62429,0,2.89471,0,2.86126,0,y2
8,5.66735233233876,2.61419,0,2.61419,0,2.89076,0,2.85871,0,y2
8,5.736,2.60447,0,2.60447,0,2.88646,0,2.85564,0,y2
8,5.80364032911202,2.59407,0,2.59407,0,2.88146,0,2.85186,0,y2
8,5.884,2.58076,0,2.58076,0,2.8746,0,2.84646,0,y2
8,5.94320576779734,2.57035,0,2.57035,0,2.86893,0,2.84188,0,y2
8,6,2.55993,0,2.55993,0,2.86303,0,2.83704,0,y2
8,6.032,2.55388,0,2.55388,0,2.8595,0,2.83412,0,y2
8,6.08612746403324,2.54339,0,2.54339,0,2.85324,0,2.82889,0,y2
8,6.18,2.52447,0,2.52447,0,2.84151,0,2.81897,0,y2
8,6.23248612880987,2.51353,0,2.51353,0,2.83449,0,2.81298,0,y2
8,6.328,2.49292,0,2.49292,0,2.8209,0,2.80132,0,y2
8,6.38236441404823,2.48076,0,2.48076,0,2.81273,0,2.79425,0,y2
8,6.476,2.45884,0,2.45884,0,2.79792,0,2.7814,0,y2
8,6.5,2.45301,0,2.45301,0,2.79398,0,2.77797,0,y2
8,6.53584695927559,2.44415,0,2.44415,0,2.78799,0,2.77275,0,y2
8,6.624,2.42155,0,2.42155,0,2.77274,0,2.75941,0,y2
8,6.69302043942318,2.40307,0,2.40307,0,2.76028,0,2.74848,0,y2
8,6.772,2.38107,0,2.38107,0,2.74549,0,2.73549,0,y2
8,6.85397361377347,2.35728,0,2.35728,0,2.72954,0,2.72145,0,y2
8,6.92,2.33741,0,2.33741,0,2.71627,0,2.70974,0,y2
8,7,2.31249,0,2.31249,0,2.69967,0,2.69509,0,y2
8,7.01879737608444,2.3065,0,2.3065,0,2.69569,0,2.69158,0,y2
8,7.068,2.29056,0,2.29056,0,2.68513,0,2.68224,0,y2
8,7.18758480591928,2.25036,0,2.25036,0,2.65857,0,2.65874,0,y2
8,7.216,2.2405,0,2.2405,0,2.65208,0,2.65299,0,y2
8,7.36043122121042,2.18848,0,2.18848,0,2.61797,0,2.62279,0,y2
8,7.364,2.18715,0,2.18715,0,2.61711,0,2.62202,0,y2
8,7.5,2.13519,0,2.13519,0,2.58325,0,2.59201,0,y2
8,7.512,2.13046,0,2.13046,0,2.58018,0,2.58929,0,y2
8,7.53743423208766,2.12038,0,2.12038,0,2.57364,0,2.58349,0,y2
8,7.66,2.07036,0,2.07036,0,2.54126,0,2.55478,0,y2
8,7.71869379600071,2.04556,0,2.04556,0,2.52525,0,2.54059,0,y2
8,7.808,2.00676,0,2.00676,0,2.50027,0,2.51843,0,y2
8,7.90431227416739,1.96344,0,1.96344,0,2.47245,0,2.49377,0,y2
8,7.956,1.93957,0,1.93957,0,2.45714,0,2.4802,0,y2
8,8,1.91889,0,1.91889,0,2.4439,0,2.46846,0,y2
8,8.09439448937916,1.87344,0,1.87344,0,2.41482,0,2.44268,0,y2
8,8.104,1.86874,0,1.86874,0,2.4118,0,2.44001,0,y2
8,8.252,1.79424,0,1.79424,0,2.36417,0,2.39779,0,y2
8,8.28904778519687,1.77502,0,1.77502,0,2.35187,0,2.38689,0,y2
8,8.4,1.71609,0,1.71609,0,2.31414,0,2.35346,0,y2
8,8.48838208657003,1.66772,0,1.66772,0,2.28309,0,2.32595,0,y2
8,8.5,1.66127,0,1.66127,0,2.27894,0,2.32227,0,y2
8,8.548,1.63439,0,1.63439,0,2.26164,0,2.30694,0,y2
8,8.69250996191376,1.55138,0,1.55138,0,2.2079,0,2.25931,0,y2
8,8.696,1.54933,0,1.54933,0,2.20657,0,2.25813,0,y2
8,8.844,1.46122,0,1.46122,0,2.14885,0,2.20696,0,y2
8,8.90154668667865,1.42624,0,1.42624,0,2.12568,0,2.18641,0,y2
8,8.992,1.37051,0,1.37051,0,2.08841,0,2.15335,0,y2
8,9,1.36555,0,1.36555,0,2.08506,0,2.15038,0,y2
8,9.11561030844935,1.29319,0,1.29319,0,2.03577,0,2.10663,0,y2
8,9.14,1.27781,0,1.27781,0,2.02515,0,2.0972,0,y2
8,9.288,1.18392,1,1.18392,1,1.95904,0,2.03845,0,y2
8,9.33482171360854,1.15411,1,1.15411,1,1.93754,0,2.01931,0,y2
8,9.436,1.08947,1,1.08947,1,1.89009,0,1.97703,0,y2
8,9.5,1.04862,1,1.04862,1,1.85939,0,1.94963,0,y2
8,9.55930469560415,1.01074,1,1.01074,1,1.83046,0,1.92378,0,y2
8,9.584,0.995007,1,0.995007,1,1.81828,0,1.91289,0,y2
8,9.732,0.901497,1,0.901497,1,1.7436,0,1.84604,0,y2
8,9.7891860248582,0.866044,1,0.866044,1,1.71399,0,1.81948,0,y2
8,9.88,0.810884,1,0.810884,1,1.66619,0,1.77648,0,y2
8,10,0.740371,1,0.740371,1,1.60198,0,1.71811,0,y2
8,10.0245955203568,0.72622,1,0.72622,1,1.5887,0,1.70593,0,y2
8,10.028,0.724269,1,0.724269,1,1.58686,0,1.70424,0,y2
8,10.176,0.641497,1,0.641497,1,1.50588,0,1.62939,0,y2
8,10.2656661229618,0.593593,1,0.593593,1,1.45575,0,1.58291,0,y2
8,10.324,0.563395,1,0.563395,1,1.42263,0,1.55235,0,y2
8,10.472,0.490302,1,0.490302,1,1.33842,0,1.47398,0,y2
8,10.5,0.47705,1,0.47705,1,1.32275,0,1.45898,0,y2
8,10.5125339704852,0.471178,1,0.471178,1,1.31575,0,1.45225,0,y2
8,10.62,0.422387,1,0.422387,1,1.25597,1,1.39401,0,y2
8,10.7653384745696,0.360688,1,0.360688,1,1.17438,1,1.31401,0,y2
8,10.768,0.359603,1,0.359603,1,1.17289,1,1.31254,0,y2
8,10.916,0.301769,1,0.301769,1,1.09222,1,1.23227,1,y2
8,11,0.271061,1,0.271061,1,1.04866,1,1.18743,1,y2
8,11.0242223994163,0.262486,1,0.262486,1,1.03645,1,1.17446,1,y2
8,11.064,0.248669,1,0.248669,1,1.01674,1,1.1531,1,y2
8,11.212,0.199905,1,0.199905,1,0.947294,1,1.07426,1,y2
8,11.289331942408,0.176045,1,0.176045,1,0.913373,1,1.03474,1,y2
8,11.36,0.155264,1,0.155264,1,0.883449,1,0.999844,1,y2
8,11.5,0.116117,1,0.116117,1,0.827779,1,0.934891,1,y2
8,11.508,0.11393,1,0.11393,1,0.824849,1,0.931356,1,y2
8,11.5608168166693,0.0997223,1,0.0997223,1,0.806078,1,0.908483,1,y2
8,11.656,0.075669,1,0.075669,1,0.773966,1,0.869134,1,y2
8,11.804,0.0414317,1,0.0414317,1,0.728579,1,0.811519,1,y2
8,11.8388303356128,0.0334393,1,0.0334393,1,0.718781,1,0.798633,1,y2
8,11.952,0.00833183,1,0.00833183,1,0.688164,1,0.760315,1,y2
8,12,0,1,0,1,0.676177,1,0.745186,1,y2
8,12.1,0,1,0,1,0.652867,1,0.715098,1,y2
8,12.1235294995191,0,1,0,1,0.647682,1,0.708373,1,y2
8,12.248,0,1,0,1,0.62232,1,0.675254,1,y2
8,12.396,0,1,0,1,0.595196,1,0.63956,1,y2
8,12.4150750841976,0,1,0,1,0.591974,1,0.635314,1,y2
8,12.5,0,1,0,1,0.578268,1,0.617322,1,y2
8,12.544,0,1,0,1,0.571556,1,0.608514,1,y2
8,12.692,0,1,0,1,0.550667,1,0.581689,1,y2
8,12.7136317317806,0,1,0,1,0.547782,1,0.577976,1,y2
8,12.84,0,1,0,1,0.532236,1,0.557471,1,y2
8,12.988,0,1,0,1,0.515882,1,0.536401,1,y2
8,13,0,1,0,1,0.514631,1,0.534804,1,y2
8,13.0193680437001,0,1,0,1,0.512634,1,0.532261,1,y2
8,13.136,0,1,0,1,0.501151,1,0.517507,1,y2
8,13.284,0,1,0,1,0.487713,1,0.500624,1,y2
8,13.3324566759004,0,1,0,1,0.483553,1,0.495583,1,y2
8,13.432,0,1,0,1,0.475333,1,0.485764,1,y2
8,13.5,0,1,0,1,0.469927,1,0.479395,1,y2
8,13.58,0,1,0,1,0.463764,1,0.472211,1,y2
8,13.6530744363415,0,1,0,1,0.458288,1,0.465744,1,y2
8,13.728,0,1,0,1,0.452787,1,0.459497,1,y2
8,13.876,0,1,0,1,0.442245,1,0.447844,1,y2
8,13.9814023848453,0,1,0,1,0.434937,1,0.43992,1,y2
8,14,0,1,0,1,0.43366,1,0.438549,1,y2
8,14.024,0,1,0,1,0.432017,1,0.436792,1,y2
8,14.172,0,1,0,1,0.421956,1,0.426191,1,y2
8,14.3176259353449,0,1,0,1,0.41208,1,0.416058,1,y2
8,14.32,0,1,0,1,0.411919,1,0.415895,1,y2
8,14.468,0,1,0,1,0.401824,1,0.405886,1,y2
8,14.5,0,1,0,1,0.399661,1,0.403744,1,y2
8,14.616,0,1,0,1,0.391974,1,0.395993,1,y2
8,14.6619349605916,0,1,0,1,0.388979,1,0.392923,1,y2
8,14.764,0,1,0,1,0.382027,1,0.386113,1,y2
8,14.912,0,1,0,1,0.37186,1,0.376257,1,y2
8,15,0,1,0,1,0.366118,1,0.370388,1,y2
8,15.0145238993799,0,1,0,1,0.365142,1,0.369418,1,y2
8,15.06,0,1,0,1,0.362002,1,0.366376,1,y2
8,15.208,0,1,0,1,0.351483,1,0.356462,1,y2
8,15.356,0,1,0,1,0.340953,1,0.346511,1,y2
8,15.3755918663517,0,1,0,1,0.339561,1,0.345166,1,y2
8,15.5,0,1,0,1,0.330581,1,0.336291,1,y2
8,15.504,0,1,0,1,0.330288,1,0.335994,1,y2
8,15.652,0,1,0,1,0.319432,1,0.325399,1,y2
8,15.7453427644406,0,1,0,1,0.312441,1,0.319027,1,y2
8,15.8,0,1,0,1,0.308284,1,0.31511,1,y2
8,15.948,0,1,0,1,0.297377,1,0.304214,1,y2
8,16,0,1,0,1,0.293601,1,0.300369,1,y2
8,16.096,0,1,0,1,0.285843,1,0.293307,1,y2
8,16.12398540002,0,1,0,1,0.283483,1,0.291237,1,y2
8,16.244,0,1,0,1,0.273902,1,0.282186,1,y2
8,16.392,0,1,0,1,0.262597,1,0.270706,1,y2
8,16.5,0,1,0,1,0.253234,1,0.26226,1,y2
8,16.5117336008211,0,1,0,1,0.252249,1,0.261338,1,y2
8,16.54,0,1,0,1,0.249924,1,0.259105,1,y2
8,16.688,0,1,0,1,0.238316,1,0.247387,1,y2
8,16.836,0,1,0,1,0.225614,1,0.236229,1,y2
8,16.9088063366855,0,1,0,1,0.219402,1,0.230208,1,y2
8,16.984,0,1,0,1,0.212866,1,0.223942,1,y2
8,17,0,1,0,1,0.211482,1,0.222635,1,y2
8,17.132,0,1,0,1,0.200667,1,0.212066,1,y2
8,17.28,0,1,0,1,0.187864,1,0.199898,1,y2
8,17.3154278432229,0,1,0,1,0.184823,1,0.196791,1,y2
8,17.428,0,1,0,1,0.174819,1,0.187155,1,y2
8,17.5,0,1,0,1,0.168641,1,0.181162,1,y2
8,17.576,0,1,0,1,0.161933,1,0.174777,1,y2
8,17.724,0,1,0,1,0.148789,1,0.161902,1,y2
8,17.7318277484412,0,1,0,1,0.148089,1,0.161231,1,y2
8,17.872,0,1,0,1,0.135485,1,0.149311,1,y2
8,18,0,1,0,1,0.123859,1,0.138139,1,y2
8,18.02,0,1,0,1,0.122033,1,0.136402,1,y2
8,18.1582412024229,0,1,0,1,0.109349,1,0.124255,1,y2
8,18.168,0,1,0,1,0.108449,1,0.123395,1,y2
8,18.316,0,1,0,1,0.0947608,1,0.110229,1,y2
8,18.464,0,1,0,1,0.0809956,1,0.0967654,1,y2
8,18.5,0,1,0,1,0.0776011,1,0.0934458,1,y2
8,18.594909010119,0,1,0,1,0.068562,1,0.0852029,1,y2
8,18.612,0,1,0,1,0.0669344,1,0.0836447,1,y2
8,18.76,0,1,0,1,0.0529605,1,0.0700973,1,y2
8,18.908,0,1,0,1,0.0389577,1,0.0564406,1,y2
8,19,0,1,0,1,0.0301372,1,0.0479486,1,y2
8,19.0420777673373,0,1,0,1,0.0260595,1,0.0439397,1,y2
8,19.056,0,1,0,1,0.0247042,1,0.0426331,1,y2
8,19.204,0,1,0,1,0.0102214,1,0.028882,1,y2
8,19.352,0,1,0,1,0,1,0.0149401,1,y2
8,19.5,0,1,0,1,0,1,0.00121894,1,y2
9,1,0,1,0,1,0,1,0,1,y2
9,1.02316176962892,0,1,0,1,0,1,0,1,y2
9,1.04686000683017,0,1,0,1,0,1,0,1,y2
9,1.0711071371421,0,1,0,1,0,1,0,1,y2
9,1.09591587390047,0,1,0,1,0,1,0,1,y2
9,1.12129922490442,0,1,0,1,0,1,0,1,y2
9,1.132,0,1,0,1,0,1,0,1,y2
9,1.14727049923674,0,1,0,1,0,1,0,1,y2
9,1.17384331424211,0,1,0,1,0,1,0,1,y2
9,1.20103160266703,0,1,0,1,0,1,0,1,y2
9,1.22884961996505,0,1,0,1,0,1,0,1,y2
9,1.25731195177126,0,1,0,1,0,1,0,1,y2
9,1.264,0,1,0,1,0,1,0,1,y2
9,1.28643352154987,0,1,0,1,0,1,0,1,y2
9,1.31622959841892,0,1,0,1,0,1,0,1,y2
9,1.34671580515626,0,1,0,1,0,1,0,1,y2
9,1.37790812639091,0,1,0,1,0,1,0,1,y2
9,1.396,0,1,0,1,0,1,0,1,y2
9,1.40982291698419,0,1,0,1,0,1,0,1,y2
9,1.44247691060494,0,1,0,1,0,1,0,1,y2
9,1.4758872285034,0,1,0,1,0,1,0,1,y2
9,1.5,0,1,0,1,0,1,0,1,y2
9,1.51007138848825,0,1,0,1,0,1,0,1,y2
9,1.528,0,1,0,1,0,1,0,1,y2
9,1.54504731411164,0,1,0,1,0,1,0,1,y2
9,1.58083334406686,0,1,0,1,0,1,0,1,y2
9,1.61744824180385,0,1,0,1,0,1,0,1,y2
9,1.6549112053672,0,1,0,1,0,1,0,1,y2
9,1.66,0,1,0,1,0,1,0,1,y2
9,1.69324187746223,0,1,0,1,0,1,0,1,y2
9,1.73246035575404,0,1,0,1,0,1,0,1,y2
9,1.77258720340524,0,1,0,1,0,1,0,1,y2
9,1.792,0,1,0,1,0,1,0,1,y2
9,1.81364345985768,0,1,0,1,0,1,0,1,y2
9,1.85565065186389,0,1,0,1,0,1,0,1,y2
9,1.89863080477411,0,1,0,1,0.119768,1,0.154345,1,y2
9,1.924,0,1,0,1,0.23113,1,0.270264,1,y2
9,1.94260645408465,0,1,0,1,0.307004,1,0.34906,1,y2
9,1.9876006572538,0,1,0,1,0.47332,1,0.521284,1,y2
9,2,0,1,0,1,0.515433,1,0.564786,1,y2
9,2.03363700579139,0,1,0,1,0.62274,1,0.675447,1,y2
9,2.056,0,1,0,1,0.689053,1,0.743698,1,y2
9,2.08073963762837,0,1,0,1,0.758274,1,0.814843,1,y2
9,2.12893324977287,0,1,0,1,0.882018,1,0.941948,1,y2
9,2.17824311125945,0,1,0,1,0.995716,1,1.05849,1,y2
9,2.188,0,1,0,1,1.01688,1,1.08014,1,y2
9,2.22869507639821,0,1,0,1,1.10095,1,1.16601,1,y2
9,2.28031559833084,0.164232,1,0.164232,1,1.19884,1,1.26583,1,y2
9,2.32,0.309246,1,0.309246,1,1.26781,1,1.33644,0,y2
9,2.33313174290061,0.354258,1,0.354258,1,1.28959,0,1.3587,0,y2
9,2.38717120284358,0.52599,1,0.52599,1,1.37415,0,1.44542,0,y2
9,2.44246231230862,0.682416,1,0.682416,1,1.45365,0,1.52702,0,y2
9,2.452,0.707695,1,0.707695,1,1.46676,0,1.54042,0,y2
9,2.49903406171362,0.825905,1,0.825905,1,1.52931,0,1.60346,0,y2
9,2.5,0.828227,1,0.828227,1,1.53056,0,1.6047,0,y2
9,2.55691611294585,0.958326,1,0.958326,1,1.60099,0,1.67522,0,y2
9,2.584,1.01593,1,1.01593,1,1.63255,0,1.70685,0,y2
9,2.61613881491436,1.08114,1,1.08114,1,1.66846,0,1.74299,0,y2
9,2.67673321946267,1.19533,1,1.19533,1,1.73202,0,1.80719,0,y2
9,2.716,1.26407,1,1.26407,1,1.77059,0,1.84629,0,y2
9,2.73873109764993,1.30211,0,1.30211,0,1.79204,0,1.86808,0,y2
9,2.80216495640924,1.40215,0,1.40215,0,1.84885,0,1.92588,0,y2
9,2.848,1.46933,0,1.46933,0,1.8873,0,1.96506,0,y2
9,2.86706805559181,1.49613,0,1.49613,0,1.90271,0,1.98076,0,y2
9,2.93347442540585,1.58463,0,1.58463,0,1.9538,0,2.03296,0,y2
9,2.98,1.64255,0,1.64255,0,1.98741,0,2.0675,0,y2
9,3,1.6665,0,1.6665,0,2.00133,0,2.08181,0,y2
9,3.00141888425942,1.66818,0,1.66818,0,2.00231,0,2.08281,0,y2
9,3.07093705701651,1.74718,0,1.74718,0,2.04836,0,2.12993,0,y2
9,3.112,1.79095,0,1.79095,0,2.074,0,2.15626,0,y2
9,3.14206539367602,1.82171,0,1.82171,0,2.09207,0,2.17484,0,y2
9,3.21484118848333,1.89235,0,1.89235,0,2.13358,0,2.21735,0,y2
9,3.244,1.91922,0,1.91922,0,2.14936,0,2.23345,0,y2
9,3.28930259948453,1.95941,0,1.95941,0,2.17291,0,2.25743,0,y2
9,3.36548866853358,2.02316,0,2.02316,0,2.21002,0,2.29512,0,y2
9,3.376,2.0316,0,2.0316,0,2.2149,0,2.30007,0,y2
9,3.44343934176288,2.08387,0,2.08387,0,2.2449,0,2.3304,0,y2
9,3.5,2.12529,0,2.12529,0,2.26834,0,2.35402,0,y2
9,3.508,2.13098,0,2.13098,0,2.27153,0,2.35723,0,y2
9,3.52319549052794,2.14167,0,2.14167,0,2.27751,0,2.36324,0,y2
9,3.60479893283718,2.19663,0,2.19663,0,2.30783,0,2.39358,0,y2
9,3.64,2.2191,0,2.2191,0,2.31999,0,2.40568,0,y2
9,3.68829245527811,2.24878,0,2.24878,0,2.33578,0,2.42135,0,y2
9,3.772,2.29722,0,2.29722,0,2.3608,0,2.44597,0,y2
9,3.77371983545133,2.29818,0,2.29818,0,2.36128,0,2.44645,0,y2
9,3.86112586492412,2.34481,0,2.34481,0,2.3842,0,2.46875,0,y2
9,3.904,2.36632,0,2.36632,0,2.39431,0,2.47847,0,y2
9,3.95055637271574,2.38867,0,2.38867,0,2.40444,0,2.48813,0,y2
9,4,2.4113,0,2.4113,0,2.41425,0,2.49738,0,y2
9,4.036,2.42709,0,2.42709,0,2.42079,0,2.50347,0,y2
9,4.04205824932663,2.42969,0,2.42969,0,2.42185,0,2.50444,0,y2
9,4.13567947132419,2.46776,0,2.46776,0,2.43631,0,2.51758,0,y2
9,4.168,2.48003,0,2.48003,0,2.44052,0,2.5213,0,y2
9,4.23146912649803,2.5028,0,2.5028,0,2.44768,0,2.52743,0,y2
9,4.3,2.52547,0,2.52547,0,2.45376,0,2.53235,0,y2
9,4.32947743959785,2.53462,0,2.53462,0,2.45586,0,2.53393,0,y2
9,4.4297557986674,2.56307,0,2.56307,0,2.46077,0,2.53705,0,y2
9,4.432,2.56366,0,2.56366,0,2.46084,0,2.53708,0,y2
9,4.5,2.58055,0,2.58055,0,2.46221,0,2.53724,0,y2
9,4.53235678198848,2.58794,0,2.58794,0,2.46234,0,2.5368,0,y2
9,4.564,2.59476,0,2.59476,0,2.46215,0,2.53606,0,y2
9,4.63733418564895,2.60903,0,2.60903,0,2.46054,0,2.53324,0,y2
9,4.696,2.61894,0,2.61894,0,2.45812,0,2.52992,0,y2
9,4.74474305174925,2.62616,0,2.62616,0,2.45539,0,2.52649,0,y2
9,4.828,2.63642,0,2.63642,0,2.44927,0,2.51931,0,y2
9,4.85463969726226,2.63916,0,2.63916,0,2.44696,0,2.51669,0,y2
9,4.96,2.64745,0,2.64745,0,2.43615,0,2.50491,0,y2
9,4.96708174356163,2.64787,0,2.64787,0,2.43534,0,2.50404,0,y2
9,5,2.64958,0,2.64958,0,2.43142,0,2.49989,0,y2
9,5.082128146634,2.65222,0,2.65222,0,2.42068,0,2.48875,0,y2
9,5.092,2.65239,0,2.65239,0,2.41931,0,2.48735,0,y2
9,5.19983922799096,2.65218,0,2.65218,0,2.40319,0,2.47107,0,y2
9,5.224,2.65164,0,2.65164,0,2.39933,0,2.46722,0,y2
9,5.32027670629708,2.6478,0,2.6478,0,2.38307,0,2.45123,0,y2
9,5.356,2.64571,0,2.64571,0,2.3767,0,2.44505,0,y2
9,5.44350372973042,2.63916,0,2.63916,0,2.3604,0,2.42944,0,y2
9,5.488,2.6351,0,2.6351,0,2.35175,0,2.42121,0,y2
9,5.5,2.63392,0,2.63392,0,2.34938,0,2.41896,0,y2
9,5.56958490909258,2.62644,0,2.62644,0,2.33531,0,2.40561,0,y2
9,5.62,2.62037,0,2.62037,0,2.32473,0,2.39558,0,y2
9,5.69858635168566,2.60987,0,2.60987,0,2.30749,0,2.3793,0,y2
9,5.752,2.60208,0,2.60208,0,2.29517,0,2.3678,0,y2
9,5.83057569597389,2.58972,0,2.58972,0,2.27622,0,2.35028,0,y2
9,5.884,2.58076,0,2.58076,0,2.26277,0,2.33795,0,y2
9,5.96562214704798,2.56629,0,2.56629,0,2.24139,0,2.31849,0,y2
9,6,2.55993,0,2.55993,0,2.23209,0,2.31007,0,y2
9,6.016,2.55692,0,2.55692,0,2.2277,0,2.3061,0,y2
9,6.10379651291106,2.5399,0,2.5399,0,2.20294,0,2.28384,0,y2
9,6.148,2.53101,0,2.53101,0,2.19005,0,2.27231,0,y2
9,6.24517124160489,2.51085,0,2.51085,0,2.16068,0,2.24622,0,y2
9,6.28,2.5034,0,2.5034,0,2.14982,0,2.23662,0,y2
9,6.38982045919606,2.47906,0,2.47906,0,2.11446,0,2.20548,0,y2
9,6.412,2.47396,0,2.47396,0,2.10711,0,2.19903,0,y2
9,6.5,2.45301,0,2.45301,0,2.07725,0,2.17292,0,y2
9,6.53782000864209,2.44365,0,2.44365,0,2.06408,0,2.16143,0,y2
9,6.544,2.4421,0,2.4421,0,2.06191,0,2.15954,0,y2
9,6.676,2.40769,0,2.40769,0,2.0142,0,2.11812,0,y2
9,6.68924748955757,2.4041,0,2.4041,0,2.00927,0,2.11386,0,y2
9,6.808,2.37075,0,2.37075,0,1.96398,0,2.07474,0,y2
9,6.84418229890151,2.36018,0,2.36018,0,1.94977,0,2.0625,0,y2
9,6.94,2.33127,0,2.33127,0,1.91122,0,2.02936,0,y2
9,7,2.31249,0,2.31249,0,1.88639,0,2.00807,0,y2
9,7.00270567260696,2.31163,0,2.31163,0,1.88526,0,2.0071,0,y2
9,7.072,2.28925,0,2.28925,0,1.85588,0,1.98195,0,y2
9,7.16490072817498,2.25815,0,2.25815,0,1.81538,0,1.94734,0,y2
9,7.204,2.24468,0,2.24468,0,1.79795,0,1.93246,0,y2
9,7.33085250825502,2.1994,0,2.1994,0,1.73983,0,1.88292,0,y2
9,7.336,2.19751,0,2.19751,0,1.73742,0,1.88087,0,y2
9,7.468,2.1477,0,2.1477,0,1.67429,0,1.82715,0,y2
9,7.5,2.13521,0,2.13521,0,1.6586,0,1.81381,0,y2
9,7.50064802523477,2.13496,0,2.13496,0,1.65828,0,1.81354,0,y2
9,7.6,2.09517,0,2.09517,0,1.6086,0,1.7713,0,y2
9,7.67437630686284,2.06435,0,2.06435,0,1.57049,0,1.7389,0,y2
9,7.732,2.03987,0,2.03987,0,1.54043,0,1.71334,0,y2
9,7.852128442928,1.9871,0,1.9871,0,1.47633,0,1.65877,0,y2
9,7.864,1.98176,0,1.98176,0,1.46989,0,1.65329,0,y2
9,7.996,1.92078,0,1.92078,0,1.39719,0,1.59125,0,y2
9,8,1.91889,0,1.91889,0,1.39495,0,1.58934,0,y2
9,8.03399763301975,1.90269,0,1.90269,0,1.37589,0,1.57302,0,y2
9,8.128,1.8569,0,1.8569,0,1.32257,0,1.52728,0,y2
9,8.22007923539501,1.81061,0,1.81061,0,1.26959,1,1.48164,0,y2
9,8.26,1.7901,0,1.7901,0,1.24643,1,1.46158,0,y2
9,8.392,1.7204,0,1.7204,0,1.16922,1,1.39441,0,y2
9,8.41047081697666,1.71042,0,1.71042,0,1.15837,1,1.3849,0,y2
9,8.5,1.66125,0,1.66125,0,1.10571,1,1.33847,0,y2
9,8.524,1.64786,0,1.64786,0,1.09158,1,1.32597,0,y2
9,8.60527220451018,1.60184,0,1.60184,0,1.04381,1,1.28344,0,y2
9,8.656,1.5726,0,1.5726,0,1.01414,1,1.25672,1,y2
9,8.788,1.49482,0,1.49482,0,0.937709,1,1.18715,1,y2
9,8.80458553690516,1.48488,0,1.48488,0,0.928213,1,1.17841,1,y2
9,8.92,1.41479,0,1.41479,0,0.863493,1,1.11767,1,y2
9,9,1.36534,0,1.36534,0,0.819736,1,1.076,1,y2
9,9.00851531878903,1.36004,0,1.36004,0,0.815123,1,1.07159,1,y2
9,9.052,1.33284,0,1.33284,0,0.791773,1,1.04907,1,y2
9,9.184,1.24929,1,1.24929,1,0.723097,1,0.981902,1,y2
9,9.21716847530138,1.22807,1,1.22807,1,0.70626,1,0.965347,1,y2
9,9.316,1.16463,1,1.16463,1,0.658539,1,0.916693,1,y2
9,9.43065440815721,1.09096,1,1.09096,1,0.605811,1,0.862087,1,y2
9,9.448,1.07984,1,1.07984,1,0.598117,1,0.854029,1,y2
9,9.5,1.04656,1,1.04656,1,0.575685,1,0.830216,1,y2
9,9.58,0.99547,1,0.99547,1,0.542607,1,0.794656,1,y2
9,9.64908505300886,0.951603,1,0.951603,1,0.515294,1,0.765084,1,y2
9,9.712,0.911991,1,0.911991,1,0.491526,1,0.739054,1,y2
9,9.844,0.83032,1,0.83032,1,0.444969,1,0.686998,1,y2
9,9.87257493813646,0.812954,1,0.812954,1,0.435458,1,0.676247,1,y2
9,9.976,0.751185,1,0.751185,1,0.40263,1,0.63901,1,y2
9,10,0.737124,1,0.737124,1,0.395371,1,0.630756,1,y2
9,10.1012412444978,0.67908,1,0.67908,1,0.366111,1,0.597458,1,y2
9,10.108,0.675279,1,0.675279,1,0.364237,1,0.595322,1,y2
9,10.24,0.603088,1,0.603088,1,0.329478,1,0.555542,1,y2
9,10.3352038671689,0.553501,1,0.553501,1,0.306419,1,0.529135,1,y2
9,10.372,0.53493,1,0.53493,1,0.297941,1,0.51941,1,y2
9,10.5,0.472898,1,0.472898,1,0.270239,1,0.487364,1,y2
9,10.504,0.471026,1,0.471026,1,0.269415,1,0.486402,1,y2
9,10.5745854782082,0.43862,1,0.43862,1,0.255225,1,0.469752,1,y2
9,10.636,0.411371,1,0.411371,1,0.243469,1,0.45591,1,y2
9,10.768,0.355872,1,0.355872,1,0.219973,1,0.428544,1,y2
9,10.8195115909757,0.335476,1,0.335476,1,0.211327,1,0.418621,1,y2
9,10.9,0.304715,1,0.304715,1,0.198422,1,0.403929,1,y2
9,11,0.267802,1,0.267802,1,0.1834,1,0.387026,1,y2
9,11.032,0.256465,1,0.256465,1,0.178726,1,0.38188,1,y2
9,11.0701106259433,0.243462,1,0.243462,1,0.173192,1,0.375881,1,y2
9,11.164,0.213793,1,0.213793,1,0.160066,1,0.36178,1,y2
9,11.296,0.172654,1,0.172654,1,0.143151,1,0.343785,1,y2
9,11.326513978028,0.163505,1,0.163505,1,0.139387,1,0.339933,1,y2
9,11.428,0.134336,1,0.134336,1,0.12761,1,0.327924,1,y2
9,11.5,0.11474,1,0.11474,1,0.119965,1,0.32006,1,y2
9,11.56,0.0989219,1,0.0989219,1,0.113438,1,0.313602,1,y2
9,11.5888560854857,0.0915032,1,0.0915032,1,0.110154,1,0.310446,1,y2
9,11.692,0.0660725,1,0.0660725,1,0.0985154,1,0.29915,1,y2
9,11.824,0.0353582,1,0.0353582,1,0.0844107,1,0.285562,1,y2
9,11.8572745004004,0.0278117,1,0.0278117,1,0.0809624,1,0.282443,1,y2
9,11.956,0.0056506,1,0.0056506,1,0.0707716,1,0.273628,1,y2
9,12,0,1,0,1,0.0663435,1,0.269764,1,y2
9,12.088,0,1,0,1,0.0583118,1,0.262015,1,y2
9,12.1319099608055,0,1,0,1,0.0543167,1,0.258086,1,y2
9,12.22,0,1,0,1,0.045868,1,0.250346,1,y2
9,12.352,0,1,0,1,0.0326305,1,0.239305,1,y2
9,12.4129064644764,0,1,0,1,0.0269904,1,0.234257,1,y2
9,12.484,0,1,0,1,0.0202894,1,0.228426,1,y2
9,12.5,0,1,0,1,0.018727,1,0.227126,1,y2
9,12.616,0,1,0,1,0.0072483,1,0.217736,1,y2
9,12.7004113444319,0,1,0,1,0,1,0.210891,1,y2
9,12.748,0,1,0,1,0,1,0.207044,1,y2
9,12.88,0,1,0,1,0,1,0.196373,1,y2
9,12.9945753461841,0,1,0,1,0,1,0.187031,1,y2
9,13,0,1,0,1,0,1,0.186587,1,y2
9,13.012,0,1,0,1,0,1,0.185607,1,y2
9,13.144,0,1,0,1,0,1,0.174768,1,y2
9,13.276,0,1,0,1,0,1,0.16374,1,y2
9,13.295552706778,0,1,0,1,0,1,0.162079,1,y2
9,13.408,0,1,0,1,0,1,0.152067,1,y2
9,13.5,0,1,0,1,0,1,0.143676,1,y2
9,13.54,0,1,0,1,0,1,0.140387,1,y2
9,13.6035012356615,0,1,0,1,0,1,0.135448,1,y2
9,13.672,0,1,0,1,0,1,0.12976,1,y2
9,13.804,0,1,0,1,0,1,0.117563,1,y2
9,13.9185823974285,0,1,0,1,0,1,0.106867,1,y2
9,13.936,0,1,0,1,0,1,0.105335,1,y2
9,14,0,1,0,1,0,1,0.0997484,1,y2
9,14.068,0,1,0,1,0,1,0.093645,1,y2
9,14.2,0,1,0,1,0,1,0.0814686,1,y2
9,14.2409613964788,0,1,0,1,0,1,0.0776939,1,y2
9,14.332,0,1,0,1,0,1,0.0690199,1,y2
9,14.464,0,1,0,1,0,1,0.0552937,1,y2
9,14.5,0,1,0,1,0,1,0.0517116,1,y2
9,14.5708072636384,0,1,0,1,0,1,0.0446329,1,y2
9,14.596,0,1,0,1,0,1,0.0420683,1,y2
9,14.728,0,1,0,1,0,1,0.0284636,1,y2
9,14.86,0,1,0,1,0,1,0.0146727,1,y2
9,14.9082929447861,0,1,0,1,0,1,0.00956409,1,y2
9,14.992,0,1,0,1,0,1,0.000641194,1,y2
9,15,0,1,0,1,0,1,0,1,y2
9,15.124,0,1,0,1,0,1,0,1,y2
9,15.2535953915336,0,1,0,1,0,1,0,1,y2
9,15.256,0,1,0,1,0,1,0,1,y2
9,15.388,0,1,0,1,0,1,0,1,y2
9,15.5,0,1,0,1,0,1,0,1,y2
9,15.52,0,1,0,1,0,1,0,1,y2
9,15.606895654005,0,1,0,1,0,1,0,1,y2
9,15.652,0,1,0,1,0,1,0,1,y2
9,15.784,0,1,0,1,0,1,0,1,y2
9,15.916,0,1,0,1,0,1,0,1,y2
9,15.9683789757655,0,1,0,1,0,1,0,1,y2
9,16,0,1,0,1,0,1,0,1,y2
9,16.048,0,1,0,1,0,1,0,1,y2
9,16.18,0,1,0,1,0,1,0,1,y2
9,16.312,0,1,0,1,0,1,0,1,y2
9,16.3382348909494,0,1,0,1,0,1,0,1,y2
9,16.444,0,1,0,1,0,1,0,1,y2
9,16.5,0,1,0,1,0,1,0,1,y2
9,16.576,0,1,0,1,0,1,0,1,y2
9,16.708,0,1,0,1,0,1,0,1,y2
9,16.7166573236367,0,1,0,1,0,1,0,1,y2
9,16.84,0,1,0,1,0,1,0,1,y2
9,16.972,0,1,0,1,0,1,0,1,y2
9,17,0,1,0,1,0,1,0,1,y2
9,17.1038446895323,0,1,0,1,0,1,0,1,y2
9,17.104,0,1,0,1,0,1,0,1,y2
9,17.236,0,1,0,1,0,1,0,1,y2
9,17.368,0,1,0,1,0,1,0,1,y2
9,17.5,0,1,0,1,0,1,0,1,y2
10,1,0,1,0,1,0,1,0,1,y2
10,1.02268025616674,0,1,0,1,0,1,0,1,y2
10,1.04587490635328,0,1,0,1,0,1,0,1,y2
10,1.06959561714774,0,1,0,1,0,1,0,1,y2
10,1.09385431973947,0,1,0,1,0,1,0,1,y2
10,1.11866321592026,0,1,0,1,0,1,0,1,y2
10,1.124,0,1,0,1,0,1,0,1,y2
10,1.14403478422165,0,1,0,1,0,1,0,1,y2
10,1.16998178619146,0,1,0,1,0,1,0,1,y2
10,1.19651727281271,0,1,0,1,0,1,0,1,y2
10,1.22365459106803,0,1,0,1,0,1,0,1,y2
10,1.248,0,1,0,1,0,1,0,1,y2
10,1.25140739065307,0,1,0,1,0,1,0,1,y2
10,1.27978963084203,0,1,0,1,0,1,0,1,y2
10,1.30881558750907,0,1,0,1,0,1,0,1,y2
10,1.33849986030881,0,1,0,1,0,1,0,1,y2
10,1.36885738001976,0,1,0,1,0,1,0,1,y2
10,1.372,0,1,0,1,0,1,0,1,y2
10,1.39990341605435,0,1,0,1,0,1,0,1,y2
10,1.43165358413916,0,1,0,1,0,1,0,1,y2
10,1.46412385416947,0,1,0,1,0,1,0,1,y2
10,1.496,0,1,0,1,0.315433,1,0.154652,1,y2
10,1.49733055824187,0,1,0,1,0.330512,1,0.171815,1,y2
10,1.5,0,1,0,1,0.360261,1,0.205615,1,y2
10,1.53129039886909,0,1,0,1,0.666974,1,0.549624,1,y2
10,1.56602045738112,0,1,0,1,0.939709,1,0.849659,1,y2
10,1.60153820251688,0,1,0,1,1.16836,1,1.09753,1,y2
10,1.62,0,1,0,1,1.27218,0,1.20933,1,y2
10,1.63786149921079,0,1,0,1,1.36465,0,1.30858,0,y2
10,1.67500861757854,0,1,0,1,1.53611,0,1.49182,0,y2
10,1.71299824210672,0,1,0,1,1.68803,0,1.65331,0,y2
10,1.744,0,1,0,1,1.79786,0,1.76973,0,y2
10,1.75184948105088,0,1,0,1,1.82393,0,1.79736,0,y2
10,1.79158187604669,0,1,0,1,1.94666,0,1.927,0,y2
10,1.83221541193913,0,1,0,1,2.05831,0,2.04457,0,y2
10,1.868,0,1,0,1,2.14679,0,2.13769,0,y2
10,1.87377052683456,0,1,0,1,2.1603,0,2.15191,0,y2
10,1.91626812238086,0,1,0,1,2.2541,0,2.25044,0,y2
10,1.95972957428063,0,1,0,1,2.34071,0,2.34125,0,y2
10,1.992,0,1,0,1,2.39975,0,2.40305,0,y2
10,2,0,1,0,1,2.41375,0,2.4177,0,y2
10,2.00417674304285,0,1,0,1,2.42096,0,2.42525,0,y2
10,2.04963198497849,0,1,0,1,2.49543,0,2.50313,0,y2
10,2.09611816344536,0,1,0,1,2.56464,0,2.57551,0,y2
10,2.116,0,1,0,1,2.59233,0,2.60444,0,y2
10,2.14365866034806,0,1,0,1,2.62907,0,2.64283,0,y2
10,2.19227738789881,0,1,0,1,2.68904,0,2.7055,0,y2
10,2.24,0.000976894,1,0.000976894,1,2.74271,0,2.76158,0,y2
10,2.24199880064492,0.00949498,1,0.00949498,1,2.74486,0,2.76382,0,y2
10,2.29284790776908,0.211578,1,0.211578,1,2.79674,0,2.81803,0,y2
10,2.34485028566866,0.393278,1,0.393278,1,2.84482,0,2.86831,0,y2
10,2.364,0.454849,1,0.454849,1,2.86134,0,2.8856,0,y2
10,2.39803209082029,0.558137,1,0.558137,1,2.88923,0,2.91476,0,y2
10,2.45242007293616,0.708799,1,0.708799,1,2.93002,0,2.95745,0,y2
10,2.488,0.799081,1,0.799081,1,2.95431,0,2.98287,0,y2
10,2.5,0.828228,1,0.828228,1,2.96209,0,2.99102,0,y2
10,2.50804158841882,0.8474,1,0.8474,1,2.96719,0,2.99635,0,y2
10,2.564924614121,0.975637,1,0.975637,1,3.00071,0,3.03143,0,y2
10,2.612,1.07294,1,1.07294,1,3.02515,0,3.057,0,y2
10,2.62309776141765,1.09479,1,1.09479,1,3.03048,0,3.06259,0,y2
10,2.68259029059702,1.20583,1,1.20583,1,3.0564,0,3.08969,0,y2
10,2.736,1.29761,0,1.29761,0,3.0759,0,3.11005,0,y2
10,2.74343212557818,1.30983,0,1.30983,0,3.07833,0,3.1126,0,y2
10,2.80565386896236,1.40741,0,1.40741,0,3.09607,0,3.13123,0,y2
10,2.86,1.48627,0,1.48627,0,3.10785,0,3.1436,0,y2
10,2.86928681742564,1.4992,0,1.4992,0,3.10952,0,3.14535,0,y2
10,2.93436297746072,1.58577,0,1.58577,0,3.11844,0,3.15467,0,y2
10,2.984,1.64738,0,1.64738,0,3.12212,0,3.15845,0,y2
10,3,1.6665,0,1.6665,0,3.12275,0,3.15907,0,y2
10,3.00091508147573,1.66758,0,1.66758,0,3.12277,0,3.1591,0,y2
10,3.06897660425825,1.74504,0,1.74504,0,3.12229,0,3.15843,0,y2
10,3.108,1.78678,0,1.78678,0,3.11992,0,3.15579,0,y2
10,3.13858177981257,1.8182,0,1.8182,0,3.11707,0,3.15273,0,y2
10,3.20976561857899,1.88761,0,1.88761,0,3.10693,0,3.14215,0,y2
10,3.232,1.90827,0,1.90827,0,3.10284,0,3.13784,0,y2
10,3.28256392504357,1.95357,0,1.95357,0,3.09198,0,3.12631,0,y2
10,3.356,2.01549,0,2.01549,0,3.07247,0,3.10573,0,y2
10,3.35701331574726,2.01632,0,2.01632,0,3.07218,0,3.10542,0,y2
10,3.43315123770358,2.07614,0,2.07614,0,3.04778,0,3.07997,0,y2
10,3.48,2.11092,0,2.11092,0,3.03081,0,3.06243,0,y2
10,3.5,2.12533,0,2.12533,0,3.02315,0,3.05458,0,y2
10,3.51101598723387,2.13315,0,2.13315,0,3.01883,0,3.05016,0,y2
10,3.59064672922987,2.18743,0,2.18743,0,2.98554,0,3.01636,0,y2
10,3.604,2.19615,0,2.19615,0,2.97963,0,3.0104,0,y2
10,3.67208351685308,2.239,0,2.239,0,2.94815,0,2.97873,0,y2
10,3.728,2.27226,0,2.27226,0,2.92074,0,2.9513,0,y2
10,3.75536731168098,2.28793,0,2.28793,0,2.90686,0,2.93745,0,y2
10,3.84054000431012,2.3342,0,2.3342,0,2.86193,0,2.89277,0,y2
10,3.852,2.34015,0,2.34015,0,2.8557,0,2.88659,0,y2
10,3.9276444354265,2.37783,0,2.37783,0,2.81362,0,2.84492,0,y2
10,3.976,2.40048,0,2.40048,0,2.78594,0,2.81757,0,y2
10,4,2.41133,0,2.41133,0,2.772,0,2.80381,0,y2
10,4.01672441735386,2.41874,0,2.41874,0,2.76221,0,2.79416,0,y2
10,4.1,2.45374,0,2.45374,0,2.71271,0,2.74542,0,y2
10,4.10782475609066,2.45686,0,2.45686,0,2.708,0,2.74078,0,y2
10,4.20099127384688,2.4921,0,2.4921,0,2.65131,0,2.68509,0,y2
10,4.224,2.50023,0,2.50023,0,2.63718,0,2.67121,0,y2
10,4.29627083209198,2.52431,0,2.52431,0,2.59254,0,2.62741,0,y2
10,4.348,2.54021,0,2.54021,0,2.56046,0,2.59595,0,y2
10,4.39371135512554,2.55334,0,2.55334,0,2.5321,0,2.56815,0,y2
10,4.472,2.57384,0,2.57384,0,2.48366,0,2.52065,0,y2
10,4.49336185418252,2.579,0,2.579,0,2.47051,0,2.50774,0,y2
10,4.5,2.58057,0,2.58057,0,2.46643,0,2.50373,0,y2
10,4.59527245208525,2.60112,0,2.60112,0,2.40831,0,2.44667,0,y2
10,4.596,2.60126,0,2.60126,0,2.40787,0,2.44624,0,y2
10,4.69949440845452,2.6195,0,2.6195,0,2.34616,0,2.38553,0,y2
10,4.72,2.62262,0,2.62262,0,2.33416,0,2.37371,0,y2
10,4.80608014549245,2.63398,0,2.63398,0,2.28482,0,2.32498,0,y2
10,4.844,2.6381,0,2.6381,0,2.26366,0,2.30404,0,y2
10,4.91508327435011,2.6444,0,2.6444,0,2.2251,0,2.26579,0,y2
10,4.968,2.64793,0,2.64793,0,2.1974,0,2.23826,0,y2
10,5,2.64958,0,2.64958,0,2.18111,0,2.22201,0,y2
10,5.02655862209325,2.65069,0,2.65069,0,2.16787,0,2.20877,0,y2
10,5.092,2.65239,0,2.65239,0,2.13635,0,2.17718,0,y2
10,5.14056225927948,2.65276,0,2.65276,0,2.11404,0,2.15469,0,y2
10,5.216,2.65185,0,2.65185,0,2.08129,0,2.12155,0,y2
10,5.25715152816103,2.65063,0,2.65063,0,2.06443,0,2.10449,0,y2
10,5.34,2.64669,0,2.64669,0,2.03276,0,2.07219,0,y2
10,5.37638507152711,2.64436,0,2.64436,0,2.0198,0,2.05889,0,y2
10,5.464,2.63735,0,2.63735,0,1.99106,0,2.0291,0,y2
10,5.4983228622004,2.63409,0,2.63409,0,1.98072,0,2.01834,0,y2
10,5.5,2.63392,0,2.63392,0,1.98023,0,2.01783,0,y2
10,5.588,2.62429,0,2.62429,0,1.9562,0,1.99288,0,y2
10,5.62302623320257,2.61999,0,2.61999,0,1.94757,0,1.98392,0,y2
10,5.712,2.60796,0,2.60796,0,1.92805,0,1.96326,0,y2
10,5.75055790860392,2.60229,0,2.60229,0,1.92061,0,1.95517,0,y2
10,5.836,2.58883,0,2.58883,0,1.90624,0,1.93935,0,y2
10,5.88098203507275,2.58127,0,2.58127,0,1.89982,0,1.93239,0,y2
10,5.96,2.56731,0,2.56731,0,1.89039,0,1.92233,0,y2
10,6,2.55993,0,2.55993,0,1.88647,0,1.91801,0,y2
10,6.01436421414021,2.55722,0,2.55722,0,1.88519,0,1.91655,0,y2
10,6.084,2.5438,0,2.5438,0,1.87996,0,1.91006,0,y2
10,6.15077153519701,2.53045,0,2.53045,0,1.87643,0,1.90536,0,y2
10,6.208,2.51866,0,2.51866,0,1.8745,0,1.90279,0,y2
10,6.29027260923839,2.50117,0,2.50117,0,1.87335,0,1.9008,0,y2
10,6.332,2.49204,0,2.49204,0,1.87345,0,1.90041,0,y2
10,6.43293760337457,2.46909,0,2.46909,0,1.87549,0,1.90124,0,y2
10,6.456,2.46364,0,2.46364,0,1.87627,0,1.90175,0,y2
10,6.5,2.45302,0,2.45302,0,1.87801,0,1.90307,0,y2
10,6.57883827612378,2.43327,0,2.43327,0,1.8816,0,1.90612,0,y2
10,6.58,2.43298,0,2.43298,0,1.88165,0,1.90616,0,y2
10,6.704,2.40007,0,2.40007,0,1.88606,0,1.91036,0,y2
10,6.72804801350584,2.39343,0,2.39343,0,1.88658,0,1.9108,0,y2
10,6.828,2.36492,0,2.36492,0,1.88764,0,1.91144,0,y2
10,6.8806418659543,2.34933,0,2.34933,0,1.88757,0,1.91128,0,y2
10,6.952,2.32755,0,2.32755,0,1.88693,0,1.91068,0,y2
10,7,2.31248,0,2.31248,0,1.88611,0,1.91006,0,y2
10,7.03669658606576,2.30073,0,2.30073,0,1.88522,0,1.9094,0,y2
10,7.076,2.28793,0,2.28793,0,1.88408,0,1.90848,0,y2
10,7.19629066720539,2.24735,0,2.24735,0,1.88011,0,1.90475,0,y2
10,7.2,2.24606,0,2.24606,0,1.87997,0,1.90462,0,y2
10,7.324,2.2019,0,2.2019,0,1.87417,0,1.89942,0,y2
10,7.35950438298795,2.18883,0,2.18883,0,1.87204,0,1.89765,0,y2
10,7.448,2.15541,0,2.15541,0,1.86638,0,1.89272,0,y2
10,7.5,2.13521,0,2.13521,0,1.86277,0,1.88947,0,y2
10,7.52641982765439,2.12478,0,2.12478,0,1.86082,0,1.88772,0,y2
10,7.572,2.10654,0,2.10654,0,1.85726,0,1.88456,0,y2
10,7.696,2.05524,0,2.05524,0,1.84679,0,1.87554,0,y2
10,7.69712095736404,2.05476,0,2.05476,0,1.84669,0,1.87545,0,y2
10,7.82,2.00146,0,2.00146,0,1.83515,0,1.86469,0,y2
10,7.87169363242347,1.9783,0,1.9783,0,1.83003,0,1.85946,0,y2
10,7.944,1.94515,0,1.94515,0,1.82298,0,1.85214,0,y2
10,8,1.91889,0,1.91889,0,1.81716,0,1.84633,0,y2
10,8.05022566047296,1.89488,0,1.89488,0,1.81104,0,1.84064,0,y2
10,8.068,1.88629,0,1.88629,0,1.80866,0,1.83854,0,y2
10,8.192,1.82485,0,1.82485,0,1.79183,0,1.82465,0,y2
10,8.23280684065258,1.80406,0,1.80406,0,1.78666,0,1.81975,0,y2
10,8.316,1.76083,0,1.76083,0,1.77612,0,1.80972,0,y2
10,8.41952900876989,1.70544,0,1.70544,0,1.7611,0,1.79561,0,y2
10,8.44,1.69428,0,1.69428,0,1.75803,0,1.79262,0,y2
10,8.5,1.66118,0,1.66118,0,1.74913,0,1.78406,0,y2
10,8.564,1.62526,0,1.62526,0,1.73991,0,1.77454,0,y2
10,8.61048608349212,1.59876,0,1.59876,0,1.7331,0,1.7679,0,y2
10,8.688,1.55387,0,1.55387,0,1.72141,0,1.75671,0,y2
10,8.8057741135859,1.48405,0,1.48405,0,1.70172,0,1.73868,0,y2
10,8.812,1.48031,0,1.48031,0,1.70061,0,1.73765,0,y2
10,8.936,1.40478,0,1.40478,0,1.67895,0,1.71684,0,y2
10,9,1.36515,0,1.36515,0,1.66798,0,1.7069,0,y2
10,9.00549132622851,1.36173,0,1.36173,0,1.667,0,1.70602,0,y2
10,9.06,1.32764,0,1.32764,0,1.65714,0,1.69712,0,y2
10,9.184,1.24926,1,1.24926,1,1.63522,0,1.6754,0,y2
10,9.20973817641476,1.23287,1,1.23287,1,1.6305,0,1.67075,0,y2
10,9.308,1.17013,1,1.17013,1,1.61241,0,1.65315,0,y2
10,9.41861739748448,1.09938,1,1.09938,1,1.59158,0,1.63307,0,y2
10,9.432,1.09082,1,1.09082,1,1.58907,0,1.63061,0,y2
10,9.5,1.04745,1,1.04745,1,1.57616,0,1.61797,0,y2
10,9.556,1.01193,1,1.01193,1,1.56513,0,1.60744,0,y2
10,9.63223405279597,0.963932,1,0.963932,1,1.54988,0,1.59289,0,y2
10,9.68,0.934023,1,0.934023,1,1.54071,0,1.58368,0,y2
10,9.804,0.85725,1,0.85725,1,1.51571,0,1.55948,0,y2
10,9.85069558857141,0.828821,1,0.828821,1,1.50622,0,1.55024,0,y2
10,9.928,0.782503,1,0.782503,1,1.49021,0,1.53477,0,y2
10,10,0.74013,1,0.74013,1,1.47526,0,1.52021,0,y2
10,10.052,0.71016,1,0.71016,1,1.46433,0,1.50961,0,y2
10,10.0741118879408,0.697572,1,0.697572,1,1.45967,0,1.50506,0,y2
10,10.176,0.640907,1,0.640907,1,1.43806,0,1.48387,0,y2
10,10.3,0.574997,1,0.574997,1,1.41134,0,1.45773,0,y2
10,10.3025953262118,0.573657,1,0.573657,1,1.41078,0,1.45718,0,y2
10,10.424,0.512721,1,0.512721,1,1.38434,0,1.43161,0,y2
10,10.5,0.476367,1,0.476367,1,1.3676,0,1.41535,0,y2
10,10.5362608273925,0.459505,1,0.459505,1,1.35957,0,1.40747,0,y2
10,10.548,0.454119,1,0.454119,1,1.35696,0,1.40491,0,y2
10,10.672,0.399206,1,0.399206,1,1.32922,0,1.37779,0,y2
10,10.7752259219974,0.356227,1,0.356227,1,1.3059,0,1.355,0,y2
10,10.796,0.347867,1,0.347867,1,1.3012,0,1.35038,0,y2
10,10.92,0.299977,1,0.299977,1,1.27306,0,1.32269,0,y2
10,11,0.27084,1,0.27084,1,1.25473,1,1.30441,0,y2
10,11.0196108061629,0.263888,1,0.263888,1,1.2502,1,1.29994,0,y2
10,11.044,0.255348,1,0.255348,1,1.24454,1,1.29446,0,y2
10,11.168,0.213787,1,0.213787,1,1.21544,1,1.26631,1,y2
10,11.2695384021044,0.181907,1,0.181907,1,1.19154,1,1.24286,1,y2
10,11.292,0.17509,1,0.17509,1,1.18625,1,1.23764,1,y2
10,11.416,0.139011,1,0.139011,1,1.15681,1,1.20872,1,y2
10,11.5,0.115974,1,0.115974,1,1.13665,1,1.18909,1,y2
10,11.5251344199451,0.109289,1,0.109289,1,1.13067,1,1.18318,1,y2
10,11.54,0.105376,1,0.105376,1,1.12715,1,1.17968,1,y2
10,11.664,0.0738854,1,0.0738854,1,1.09712,1,1.1502,1,y2
10,11.7865274209456,0.0441174,1,0.0441174,1,1.06733,1,1.12086,1,y2
10,11.788,0.0437651,1,0.0437651,1,1.06697,1,1.12051,1,y2
10,11.912,0.0161417,1,0.0161417,1,1.03652,1,1.09046,1,y2
10,12,0,1,0,1,1.01469,1,1.06915,1,y2
10,12.036,0,1,0,1,1.00569,1,1.06047,1,y2
10,12.053848882169,0,1,0,1,1.00123,1,1.05612,1,y2
10,12.16,0,1,0,1,0.974771,1,1.02996,1,y2
10,12.284,0,1,0,1,0.943673,1,0.999288,1,y2
10,12.3272332626118,0,1,0,1,0.93277,1,0.98855,1,y2
10,12.408,0,1,0,1,0.912325,1,0.968517,1,y2
10,12.5,0,1,0,1,0.888859,1,0.945535,1,y2
10,12.532,0,1,0,1,0.880738,1,0.937521,1,y2
10,12.6068180708351,0,1,0,1,0.861691,1,0.918698,1,y2
10,12.656,0,1,0,1,0.84904,1,0.906269,1,y2
10,12.78,0,1,0,1,0.817103,1,0.87483,1,y2
10,12.8927439341291,0,1,0,1,0.787829,1,0.846057,1,y2
10,12.904,0,1,0,1,0.784906,1,0.843177,1,y2
10,13,0,1,0,1,0.759926,1,0.818575,1,y2
10,13.028,0,1,0,1,0.752606,1,0.811355,1,y2
10,13.152,0,1,0,1,0.720096,1,0.779362,1,y2
10,13.1851546692474,0,1,0,1,0.71133,1,0.770787,1,y2
10,13.276,0,1,0,1,0.687383,1,0.747156,1,y2
10,13.4,0,1,0,1,0.654544,1,0.714648,1,y2
10,13.4841973547441,0,1,0,1,0.632171,1,0.692612,1,y2
10,13.5,0,1,0,1,0.62794,1,0.688502,1,y2
10,13.524,0,1,0,1,0.621525,1,0.682224,1,y2
10,13.648,0,1,0,1,0.58836,1,0.649471,1,y2
10,13.772,0,1,0,1,0.554966,1,0.616368,1,y2
10,13.7900224049526,0,1,0,1,0.550105,1,0.611561,1,y2
10,13.896,0,1,0,1,0.52145,1,0.583285,1,y2
10,14,0,1,0,1,0.493231,1,0.555436,1,y2
10,14.02,0,1,0,1,0.487796,1,0.550087,1,y2
10,14.102783645642,0,1,0,1,0.465151,1,0.527805,1,y2
10,14.144,0,1,0,1,0.45391,1,0.516713,1,y2
10,14.268,0,1,0,1,0.419913,1,0.483212,1,y2
10,14.392,0,1,0,1,0.385922,1,0.449483,1,y2
10,14.4226383913894,0,1,0,1,0.377509,1,0.441161,1,y2
10,14.5,0,1,0,1,0.356203,1,0.420154,1,y2
10,14.516,0,1,0,1,0.351776,1,0.415774,1,y2
10,14.64,0,1,0,1,0.31728,1,0.381685,1,y2
10,14.7497475247064,0,1,0,1,0.286729,1,0.351562,1,y2
10,14.764,0,1,0,1,0.282742,1,0.34763,1,y2
10,14.888,0,1,0,1,0.248094,1,0.313373,1,y2
10,15,0,1,0,1,0.216788,1,0.282286,1,y2
10,15.012,0,1,0,1,0.213418,1,0.27897,1,y2
10,15.0842755769615,0,1,0,1,0.193026,1,0.258863,1,y2
10,15.136,0,1,0,1,0.178395,1,0.244392,1,y2
10,15.26,0,1,0,1,0.143399,1,0.209798,1,y2
10,15.384,0,1,0,1,0.108243,1,0.175006,1,y2
10,15.4263908111368,0,1,0,1,0.0962043,1,0.163083,1,y2
10,15.5,0,1,0,1,0.0752214,1,0.142366,1,y2
10,15.508,0,1,0,1,0.0729298,1,0.140112,1,y2
10,15.632,0,1,0,1,0.0376093,1,0.105041,1,y2
10,15.756,0,1,0,1,0.0021331,1,0.0700351,1,y2
10,15.7762653064616,0,1,0,1,0,1,0.0643057,1,y2
10,15.88,0,1,0,1,0,1,0.0347655,1,y2
10,16,0,1,0,1,0,1,0.000594758,1,y2
10,16.004,0,1,0,1,0,1,0,1,y2
10,16.128,0,1,0,1,0,1,0,1,y2
10,16.1340750449667,0,1,0,1,0,1,0,1,y2
10,16.252,0,1,0,1,0,1,0,1,y2
10,16.376,0,1,0,1,0,1,0,1,y2
10,16.5,0,1,0,1,0,1,0,1,y2
11,1,0,1,0,1,0,1,0,1,y2
11,1.02216887738619,0,1,0,1,0,1,0,1,y2
11,1.04482921389695,0,1,0,1,0,1,0,1,y2
11,1.06799190462934,0,1,0,1,0,1,0,1,y2
11,1.09166808621252,0,1,0,1,0,1,0,1,y2
11,1.11586914216219,0,1,0,1,0,1,0,1,y2
11,1.116,0,1,0,1,0,1,0,1,y2
11,1.14060670835382,0,1,0,1,0,1,0,1,y2
11,1.16589267861718,0,1,0,1,0,1,0,1,y2
11,1.19173921045491,0,1,0,1,0,1,0,1,y2
11,1.2181587308878,0,1,0,1,0,1,0,1,y2
11,1.232,0,1,0,1,0,1,0,1,y2
11,1.24516394242977,0,1,0,1,0,1,0,1,y2
11,1.27276782919521,0,1,0,1,0,1,0,1,y2
11,1.30098366314173,0,1,0,1,0,1,0,1,y2
11,1.32982501045136,0,1,0,1,0,1,0,1,y2
11,1.348,0,1,0,1,0,1,0,1,y2
11,1.35930573805314,0,1,0,1,0,1,0,1,y2
11,1.38944002029039,0,1,0,1,0,1,0,1,y2
11,1.42024234573568,0,1,0,1,0,1,0,1,y2
11,1.45172752415698,0,1,0,1,0,1,0,1,y2
11,1.464,0,1,0,1,0,1,0,1,y2
11,1.48391069363817,0,1,0,1,0,1,0,1,y2
11,1.5,0,1,0,1,0,1,0,1,y2
11,1.5168073278575,0,1,0,1,0,1,0,1,y2
11,1.55043324352725,0,1,0,1,0,1,0,1,y2
11,1.58,0,1,0,1,0,1,0,1,y2
11,1.58480460799848,0,1,0,1,0,1,0,1,y2
11,1.61993794703428,0,1,0,1,0,1,0,1,y2
11,1.65585015275532,0,1,0,1,0,1,0,1,y2
11,1.69255849176166,0,1,0,1,0,1,0,1,y2
11,1.696,0,1,0,1,0,1,0,1,y2
11,1.73008061343449,0,1,0,1,0,1,0,1,y2
11,1.76843455842195,0,1,0,1,0,1,0,1,y2
11,1.80763876731311,0,1,0,1,0.408937,1,0.0835433,1,y2
11,1.812,0,1,0,1,0.448797,1,0.140226,1,y2
11,1.8477120895042,0,1,0,1,0.723541,1,0.508342,1,y2
11,1.88867379226141,0,1,0,1,0.960623,1,0.804479,1,y2
11,1.928,0,1,0,1,1.14015,1,1.01915,1,y2
11,1.93054356998457,0,1,0,1,1.15055,1,1.03132,1,y2
11,1.97334155367626,0,1,0,1,1.3083,0,1.21263,1,y2
11,2,0,1,0,1,1.39315,0,1.30786,0,y2
11,2.01708832062079,0,1,0,1,1.44311,0,1.36338,0,y2
11,2.044,0,1,0,1,1.51577,0,1.44357,0,y2
11,2.06180490427776,0,1,0,1,1.56027,0,1.49242,0,y2
11,2.10751280439494,0,1,0,1,1.66363,0,1.60509,0,y2
11,2.1542339973454,0,1,0,1,1.75595,0,1.70486,0,y2
11,2.16,0,1,0,1,1.76656,0,1.71627,0,y2
11,2.20199094669372,0,1,0,1,1.83926,0,1.79421,0,y2
11,2.25080661399648,0.046474,1,0.046474,1,1.91505,0,1.87498,0,y2
11,2.276,0.147572,1,0.147572,1,1.95103,0,1.91316,0,y2
11,2.30070446984221,0.240503,1,0.240503,1,1.98447,0,1.94856,0,y2
11,2.351708505136,0.415629,1,0.415629,1,2.04843,0,2.01602,0,y2
11,2.392,0.540373,1,0.540373,1,2.09468,0,2.06463,0,y2
11,2.40384324263443,0.575031,1,0.575031,1,2.10764,0,2.07822,0,y2
11,2.45713374873602,0.721105,1,0.721105,1,2.1627,0,2.13585,0,y2
11,2.5,0.828226,1,0.828226,1,2.20353,0,2.17846,0,y2
11,2.508,0.847299,1,0.847299,1,2.21084,0,2.18608,0,y2
11,2.51160564553323,0.855802,1,0.855802,1,2.21411,0,2.18948,0,y2
11,2.56728512313153,0.98069,1,0.98069,1,2.26226,0,2.23959,0,y2
11,2.624,1.09655,1,1.09655,1,2.30737,0,2.28639,0,y2
11,2.62419895224163,1.09694,1,1.09694,1,2.30752,0,2.28654,0,y2
11,2.68237449705085,1.20544,1,1.20544,1,2.35016,0,2.33067,0,y2
11,2.74,1.3042,0,1.3042,0,2.38923,0,2.37102,0,y2
11,2.74183972837982,1.30722,0,1.30722,0,2.39043,0,2.37226,0,y2
11,2.80262323713087,1.40285,0,1.40285,0,2.42853,0,2.41155,0,y2
11,2.856,1.48065,0,1.48065,0,2.45972,0,2.44367,0,y2
11,2.86475424803452,1.49291,0,1.49291,0,2.46465,0,2.44875,0,y2
11,2.92826263370077,1.57794,0,1.57794,0,2.49896,0,2.48406,0,y2
11,2.972,1.63281,0,1.63281,0,2.52121,0,2.50693,0,y2
11,2.99317892898186,1.65839,0,1.65839,0,2.53161,0,2.51762,0,y2
11,3,1.6665,0,1.6665,0,2.53491,0,2.52101,0,y2
11,3.05953434565339,1.73465,0,1.73465,0,2.56272,0,2.54956,0,y2
11,3.088,1.76562,0,1.76562,0,2.57542,0,2.56258,0,y2
11,3.12736078742103,1.8068,0,1.8068,0,2.59239,0,2.57997,0,y2
11,3.19669086525975,1.8752,0,1.8752,0,2.62069,0,2.60893,0,y2
11,3.204,1.88214,0,1.88214,0,2.62356,0,2.61187,0,y2
11,3.26755791309326,1.94035,0,1.94035,0,2.64768,0,2.63655,0,y2
11,3.32,1.98563,0,1.98563,0,2.66649,0,2.65582,0,y2
11,3.33999600382091,2.00232,0,2.00232,0,2.67341,0,2.66293,0,y2
11,3.41403996569999,2.06145,0,2.06145,0,2.69796,0,2.68813,0,y2
11,3.436,2.07823,0,2.07823,0,2.70493,0,2.69528,0,y2
11,3.48972539909116,2.1179,0,2.1179,0,2.7214,0,2.71219,0,y2
11,3.5,2.12527,0,2.12527,0,2.72446,0,2.71533,0,y2
11,3.552,2.16151,0,2.16151,0,2.73952,0,2.73076,0,y2
11,3.5670886935751,2.17171,0,2.17171,0,2.74377,0,2.7351,0,y2
11,3.64616704544864,2.22294,0,2.22294,0,2.76504,0,2.75685,0,y2
11,3.668,2.23644,0,2.23644,0,2.77063,0,2.76258,0,y2
11,3.72699847560877,2.27162,0,2.27162,0,2.78509,0,2.77745,0,y2
11,3.784,2.30384,0,2.30384,0,2.79821,0,2.79099,0,y2
11,3.80962184783307,2.31777,0,2.31777,0,2.80384,0,2.79682,0,y2
11,3.89407688746544,2.3614,0,2.3614,0,2.82122,0,2.81495,0,y2
11,3.9,2.36433,0,2.36433,0,2.82237,0,2.81616,0,y2
11,3.98040420051607,2.40244,0,2.40244,0,2.83734,0,2.83185,0,y2
11,4,2.41128,0,2.41128,0,2.84078,0,2.83547,0,y2
11,4.016,2.41837,0,2.41837,0,2.84354,0,2.83837,0,y2
11,4.0686452931848,2.44088,0,2.44088,0,2.85225,0,2.84756,0,y2
11,4.132,2.46632,0,2.46632,0,2.86201,0,2.85788,0,y2
11,4.15884259181733,2.47658,0,2.47658,0,2.8659,0,2.86201,0,y2
11,4.248,2.50843,0,2.50843,0,2.87777,0,2.87466,0,y2
11,4.25103946330381,2.50946,0,2.50946,0,2.87815,0,2.87507,0,y2
11,4.34528023592966,2.53937,0,2.53937,0,2.88888,0,2.88656,0,y2
11,4.364,2.54487,0,2.54487,0,2.8908,0,2.88865,0,y2
11,4.44161022068863,2.56615,0,2.56615,0,2.89809,0,2.89663,0,y2
11,4.48,2.57577,0,2.57577,0,2.90127,0,2.90019,0,y2
11,4.5,2.58054,0,2.58054,0,2.90281,0,2.90193,0,y2
11,4.54007573306834,2.58963,0,2.58963,0,2.9057,0,2.90521,0,y2
11,4.596,2.60124,0,2.60124,0,2.90928,0,2.90932,0,y2
11,4.64072411531876,2.60963,0,2.60963,0,2.91174,0,2.91221,0,y2
11,4.712,2.62141,0,2.62141,0,2.91493,0,2.91616,0,y2
11,4.74360375921441,2.626,0,2.626,0,2.91605,0,2.91766,0,y2
11,4.828,2.63641,0,2.63641,0,2.9182,0,2.92084,0,y2
11,4.84876412932112,2.63857,0,2.63857,0,2.91855,0,2.92145,0,y2
11,4.944,2.64644,0,2.64644,0,2.91927,0,2.92335,0,y2
11,4.95625578677862,2.64722,0,2.64722,0,2.91925,0,2.9235,0,y2
11,5,2.64957,0,2.64957,0,2.91902,0,2.92384,0,y2
11,5.06,2.65172,0,2.65172,0,2.9182,0,2.92385,0,y2
11,5.06613041361032,2.65188,0,2.65188,0,2.91809,0,2.92382,0,y2
11,5.176,2.65254,0,2.65254,0,2.91505,0,2.92237,0,y2
11,5.17844083757211,2.65251,0,2.65251,0,2.91496,0,2.92231,0,y2
11,5.292,2.6492,0,2.6492,0,2.90987,0,2.91895,0,y2
11,5.2932410575519,2.64915,0,2.64915,0,2.90981,0,2.9189,0,y2
11,5.408,2.64205,0,2.64205,0,2.90273,0,2.91367,0,y2
11,5.41058626953234,2.64185,0,2.64185,0,2.90255,0,2.91354,0,y2
11,5.5,2.63392,0,2.63392,0,2.89572,0,2.90822,0,y2
11,5.524,2.63147,0,2.63147,0,2.89369,0,2.90661,0,y2
11,5.53053289312902,2.63077,0,2.63077,0,2.89312,0,2.90616,0,y2
11,5.64,2.61782,0,2.61782,0,2.88276,0,2.8978,0,y2
11,5.65313859871711,2.61609,0,2.61609,0,2.88141,0,2.89669,0,y2
11,5.756,2.60148,0,2.60148,0,2.86998,0,2.88726,0,y2
11,5.77846233515922,2.59803,0,2.59803,0,2.86729,0,2.88502,0,y2
11,5.872,2.58281,0,2.58281,0,2.85534,0,2.87501,0,y2
11,5.9065643581481,2.57685,0,2.57685,0,2.85061,0,2.87104,0,y2
11,5.988,2.56217,0,2.56217,0,2.83884,0,2.86108,0,y2
11,6,2.55993,0,2.55993,0,2.83703,0,2.85955,0,y2
11,6.03750625917755,2.55283,0,2.55283,0,2.83123,0,2.85463,0,y2
11,6.104,2.53986,0,2.53986,0,2.82047,0,2.84546,0,y2
11,6.17135099515563,2.52625,0,2.52625,0,2.80893,0,2.83562,0,y2
11,6.22,2.51616,0,2.51616,0,2.80019,0,2.82814,0,y2
11,6.3081629186744,2.49728,0,2.49728,0,2.78348,0,2.81382,0,y2
11,6.336,2.49116,0,2.49116,0,2.77796,0,2.80909,0,y2
11,6.44800780895062,2.46552,0,2.46552,0,2.75459,0,2.78901,0,y2
11,6.452,2.46457,0,2.46457,0,2.75372,0,2.78827,0,y2
11,6.5,2.453,0,2.453,0,2.74308,0,2.77912,0,y2
11,6.568,2.43603,0,2.43603,0,2.72739,0,2.76561,0,y2
11,6.59095290345246,2.43015,0,2.43015,0,2.72192,0,2.76091,0,y2
11,6.684,2.40552,0,2.40552,0,2.69887,0,2.74105,0,y2
11,6.73706693022727,2.39092,0,2.39092,0,2.68508,0,2.72917,0,y2
11,6.8,2.37306,0,2.37306,0,2.66808,0,2.71452,0,y2
11,6.88642014094606,2.34761,0,2.34761,0,2.64359,0,2.69341,0,y2
11,6.916,2.33864,0,2.33864,0,2.6349,0,2.68591,0,y2
11,7,2.3125,0,2.3125,0,2.60929,0,2.66384,0,y2
11,7.032,2.30227,0,2.30227,0,2.59918,0,2.65512,0,y2
11,7.03908434468051,2.29998,0,2.29998,0,2.59692,0,2.65316,0,y2
11,7.148,2.26391,0,2.26391,0,2.56081,0,2.62203,0,y2
11,7.1951329424288,2.24776,0,2.24776,0,2.54442,0,2.60789,0,y2
11,7.264,2.22357,0,2.22357,0,2.51963,0,2.5865,0,y2
11,7.35464096240686,2.19065,0,2.19065,0,2.48538,0,2.55696,0,y2
11,7.38,2.18121,0,2.18121,0,2.47547,0,2.5484,0,y2
11,7.496,2.13679,0,2.13679,0,2.42819,0,2.50758,0,y2
11,7.5,2.13522,0,2.13522,0,2.4265,0,2.50612,0,y2
11,7.51768509612194,2.12825,0,2.12825,0,2.41898,0,2.49963,0,y2
11,7.612,2.09026,0,2.09026,0,2.3776,0,2.46385,0,y2
11,7.68434373524588,2.06015,0,2.06015,0,2.34431,0,2.43505,0,y2
11,7.728,2.04158,0,2.04158,0,2.32354,0,2.41706,0,y2
11,7.844,1.99073,0,1.99073,0,2.26588,0,2.36701,0,y2
11,7.85469700930591,1.98593,0,1.98593,0,2.26037,0,2.36222,0,y2
11,7.96,1.93768,0,1.93768,0,2.20444,0,2.31352,0,y2
11,8,1.91887,0,1.91887,0,2.18237,0,2.29426,0,y2
11,8.02882682421091,1.90515,0,1.90515,0,2.16619,0,2.28014,0,y2
11,8.076,1.88239,0,1.88239,0,2.13918,0,2.25649,0,y2
11,8.192,1.82486,0,1.82486,0,2.07003,0,2.19583,0,y2
11,8.20681690163182,1.81735,0,1.81735,0,2.06092,0,2.18779,0,y2
11,8.308,1.76507,0,1.76507,0,1.99708,0,2.13146,0,y2
11,8.38875281925503,1.72214,0,1.72214,0,1.94412,0,2.08442,0,y2
11,8.424,1.70306,0,1.70306,0,1.92044,0,2.06326,0,y2
11,8.5,1.66125,0,1.66125,0,1.86793,0,2.01641,0,y2
11,8.54,1.63888,0,1.63888,0,1.83953,0,1.99109,0,y2
11,8.57472205192818,1.61927,0,1.61927,0,1.81442,0,1.96872,0,y2
11,8.656,1.57264,0,1.57264,0,1.7544,0,1.91509,0,y2
11,8.76481401371806,1.50875,0,1.50875,0,1.67202,0,1.84042,0,y2
11,8.772,1.50447,0,1.50447,0,1.66652,0,1.83537,0,y2
11,8.888,1.43442,0,1.43442,0,1.57676,0,1.75253,0,y2
11,8.95912010090097,1.39062,0,1.39062,0,1.52098,0,1.70006,0,y2
11,9,1.3652,0,1.3652,0,1.48889,0,1.66939,0,y2
11,9.004,1.3627,0,1.3627,0,1.48575,0,1.66638,0,y2
11,9.12,1.2897,0,1.2897,0,1.39565,0,1.57904,0,y2
11,9.15773373590602,1.26573,1,1.26573,1,1.36689,0,1.54982,0,y2
11,9.236,1.21576,1,1.21576,1,1.30799,0,1.48954,0,y2
11,9.352,1.14128,1,1.14128,1,1.22441,1,1.40099,0,y2
11,9.36075041223273,1.13565,1,1.13565,1,1.21835,1,1.39439,0,y2
11,9.468,1.06669,1,1.06669,1,1.14737,1,1.31501,0,y2
11,9.5,1.04618,1,1.04618,1,1.12743,1,1.29199,0,y2
11,9.56826774036427,1.00267,1,1.00267,1,1.08673,1,1.24417,1,y2
11,9.584,0.992703,1,0.992703,1,1.07768,1,1.23342,1,y2
11,9.7,0.919894,1,0.919894,1,1.01437,1,1.15771,1,y2
11,9.78038549469867,0.870095,1,0.870095,1,0.973425,1,1.1091,1,y2
11,9.816,0.848231,1,0.848231,1,0.956043,1,1.08843,1,y2
11,9.932,0.778133,1,0.778133,1,0.902823,1,1.02567,1,y2
11,9.99720566152035,0.739657,1,0.739657,1,0.875327,1,0.993453,1,y2
11,10,0.738025,1,0.738025,1,0.874186,1,0.992118,1,y2
11,10.048,0.710263,1,0.710263,1,0.85505,1,0.969744,1,y2
11,10.164,0.645201,1,0.645201,1,0.812405,1,0.91964,1,y2
11,10.2188324880352,0.615423,1,0.615423,1,0.79354,1,0.897721,1,y2
11,10.28,0.582964,1,0.582964,1,0.773455,1,0.874484,1,y2
11,10.396,0.523942,1,0.523942,1,0.737628,1,0.833787,1,y2
11,10.4453725324925,0.499873,1,0.499873,1,0.723196,1,0.817804,1,y2
11,10.5,0.47393,1,0.47393,1,0.708159,1,0.800552,1,y2
11,10.512,0.468325,1,0.468325,1,0.704952,1,0.796854,1,y2
11,10.628,0.415862,1,0.415862,1,0.675045,1,0.762873,1,y2
11,10.6769347154184,0.394737,1,0.394737,1,0.663103,1,0.749495,1,y2
11,10.744,0.366721,1,0.366721,1,0.647313,1,0.731965,1,y2
11,10.86,0.32063,1,0.32063,1,0.621485,1,0.703663,1,y2
11,10.9136303719849,0.30032,1,0.30032,1,0.610153,1,0.69138,1,y2
11,10.976,0.277482,1,0.277482,1,0.597364,1,0.677663,1,y2
11,11,0.268914,1,0.268914,1,0.59256,1,0.672523,1,y2
11,11.092,0.237158,1,0.237158,1,0.574525,1,0.653521,1,y2
11,11.1555733055397,0.216159,1,0.216159,1,0.562245,1,0.641037,1,y2
11,11.208,0.19939,1,0.19939,1,0.552788,1,0.631112,1,y2
11,11.324,0.164121,1,0.164121,1,0.532785,1,0.610012,1,y2
11,11.4028798423229,0.141349,1,0.141349,1,0.519185,1,0.595984,1,y2
11,11.44,0.130987,1,0.130987,1,0.512917,1,0.589779,1,y2
11,11.5,0.114797,1,0.114797,1,0.503168,1,0.580087,1,y2
11,11.556,0.100064,1,0.100064,1,0.494269,1,0.57115,1,y2
11,11.6556688873968,0.0742071,1,0.0742071,1,0.47838,1,0.555567,1,y2
11,11.672,0.0701167,1,0.0701167,1,0.475755,1,0.553051,1,y2
11,11.788,0.0434741,1,0.0434741,1,0.457461,1,0.535388,1,y2
11,11.904,0.0177222,1,0.0177222,1,0.439839,1,0.517631,1,y2
11,11.9140619818156,0.0155746,1,0.0155746,1,0.438355,1,0.516128,1,y2
11,12,0,1,0,1,0.425907,1,0.503392,1,y2
11,12.02,0,1,0,1,0.423016,1,0.500448,1,y2
11,12.136,0,1,0,1,0.405983,1,0.484151,1,y2
11,12.178183361062,0,1,0,1,0.399722,1,0.47822,1,y2
11,12.252,0,1,0,1,0.388913,1,0.467892,1,y2
11,12.368,0,1,0,1,0.372057,1,0.451785,1,y2
11,12.4481600147799,0,1,0,1,0.360461,1,0.440703,1,y2
11,12.484,0,1,0,1,0.35529,1,0.435752,1,y2
11,12.5,0,1,0,1,0.352986,1,0.433544,1,y2
11,12.6,0,1,0,1,0.338672,1,0.419761,1,y2
11,12.716,0,1,0,1,0.321701,1,0.403807,1,y2
11,12.7241217478313,0,1,0,1,0.320518,1,0.402692,1,y2
11,12.832,0,1,0,1,0.305099,1,0.38784,1,y2
11,12.948,0,1,0,1,0.288159,1,0.371847,1,y2
11,13,0,1,0,1,0.28053,1,0.36469,1,y2
11,13.006201242706,0,1,0,1,0.279631,1,0.363837,1,y2
11,13.064,0,1,0,1,0.271376,1,0.35591,1,y2
11,13.18,0,1,0,1,0.254712,1,0.339926,1,y2
11,13.2945341233157,0,1,0,1,0.237736,1,0.324022,1,y2
11,13.296,0,1,0,1,0.237521,1,0.323817,1,y2
11,13.412,0,1,0,1,0.220494,1,0.30757,1,y2
11,13.5,0,1,0,1,0.207435,1,0.295154,1,y2
11,13.528,0,1,0,1,0.203284,1,0.291189,1,y2
11,13.589259020202,0,1,0,1,0.194352,1,0.282504,1,y2
11,13.644,0,1,0,1,0.186424,1,0.274783,1,y2
11,13.76,0,1,0,1,0.168923,1,0.258653,1,y2
11,13.876,0,1,0,1,0.151268,1,0.242135,1,y2
11,13.8905176371901,0,1,0,1,0.149133,1,0.240037,1,y2
11,13.992,0,1,0,1,0.133868,1,0.225413,1,y2
11,14,0,1,0,1,0.132707,1,0.224259,1,y2
11,14.108,0,1,0,1,0.116421,1,0.208654,1,y2
11,14.1984548195197,0,1,0,1,0.102472,1,0.195526,1,y2
11,14.224,0,1,0,1,0.0986689,1,0.191807,1,y2
11,14.34,0,1,0,1,0.0808694,1,0.174864,1,y2
11,14.456,0,1,0,1,0.0630293,1,0.157827,1,y2
11,14.5,0,1,0,1,0.0562652,1,0.151374,1,y2
11,14.513218623487,0,1,0,1,0.0542282,1,0.149438,1,y2
11,14.572,0,1,0,1,0.04515,1,0.140801,1,y2
11,14.688,0,1,0,1,0.0271621,1,0.12354,1,y2
11,14.804,0,1,0,1,0.00910405,1,0.106207,1,y2
11,14.8349603876301,0,1,0,1,0.00425169,1,0.101581,1,y2
11,14.92,0,1,0,1,0,1,0.0888846,1,y2
11,15,0,1,0,1,0,1,0.076943,1,y2
11,15.036,0,1,0,1,0,1,0.0715705,1,y2
11,15.152,0,1,0,1,0,1,0.0539649,1,y2
11,15.1638348054925,0,1,0,1,0,1,0.0521448,1,y2
11,15.268,0,1,0,1,0,1,0.0363134,1,y2
11,15.384,0,1,0,1,0,1,0.0185258,1,y2
11,15.5,0,1,0,1,0,1,0.000704794,1,y2
12,1,0,1,0,1,0,1,0,1,y2
12,1.02339238252884,0,1,0,1,0,1,0,1,y2
12,1.04733196861806,0,1,0,1,0,1,0,1,y2
12,1.07183155866266,0,1,0,1,0,1,0,1,y2
12,1.09690425248939,0,1,0,1,0,1,0,1,y2
12,1.12256345636113,0,1,0,1,0,1,0,1,y2
12,1.136,0,1,0,1,0,1,0,1,y2
12,1.14882289014523,0,1,0,1,0,1,0,1,y2
12,1.1756965946494,0,1,0,1,0,1,0,1,y2
12,1.2031989391293,0,1,0,1,0,1,0,1,y2
12,1.23134462897171,0,1,0,1,0,1,0,1,y2
12,1.26014871355746,0,1,0,1,0,1,0,1,y2
12,1.272,0,1,0,1,0,1,0,1,y2
12,1.28962659430822,0,1,0,1,0,1,0,1,y2
12,1.31979403292165,0,1,0,1,0,1,0,1,y2
12,1.35066715979904,0,1,0,1,0,1,0,1,y2
12,1.3822624826702,0,1,0,1,0,1,0,1,y2
12,1.408,0,1,0,1,0,1,0,1,y2
12,1.41459689542009,0,1,0,1,0,1,0,1,y2
12,1.44768768712188,0,1,0,1,0,1,0,1,y2
12,1.48155255128133,0,1,0,1,0,1,0,1,y2
12,1.5,0,1,0,1,0,1,0,1,y2
12,1.51620959529748,0,1,0,1,0,1,0,1,y2
12,1.544,0,1,0,1,0,1,0,1,y2
12,1.55167735014459,0,1,0,1,0,1,0,1,y2
12,1.58797478028051,0,1,0,1,0,1,0,1,y2
12,1.62512129378699,0,1,0,1,0,1,0,1,y2
12,1.66313675274702,0,1,0,1,0,1,0,1,y2
12,1.68,0,1,0,1,0,1,0,1,y2
12,1.70204148386506,0,1,0,1,0,1,0,1,y2
12,1.74185628933559,0,1,0,1,0,1,0,1,y2
12,1.782602457966,0,1,0,1,0,1,0,1,y2
12,1.816,0,1,0,1,0,1,0,1,y2
12,1.8243017765596,0,1,0,1,0,1,0,1,y2
12,1.86697654156493,0,1,0,1,0,1,0,1,y2
12,1.9106495709976,0,1,0,1,0,1,0,1,y2
12,1.952,0,1,0,1,0,1,0,1,y2
12,1.95534421664094,0,1,0,1,0,1,0,1,y2
12,2,0,1,0,1,0,1,0,1,y2
12,2.00108437653217,0,1,0,1,0,1,0,1,y2
12,2.0478945077405,0,1,0,1,0,1,0,1,y2
12,2.088,0,1,0,1,0,1,0,1,y2
12,2.09579963944429,0,1,0,1,0,1,0,1,y2
12,2.14482538631398,0,1,0,1,0,1,0,1,y2
12,2.19499796220821,0,1,0,1,0,1,0,1,y2
12,2.224,0,1,0,1,0,1,0,1,y2
12,2.24634419419022,0.0278509,1,0.0278509,1,0,1,0,1,y2
12,2.29889153687216,0.23388,1,0.23388,1,0,1,0,1,y2
12,2.352668087095,0.418731,1,0.418731,1,0,1,0,1,y2
12,2.36,0.442202,1,0.442202,1,0,1,0,1,y2
12,2.40770259895173,0.586142,1,0.586142,1,0,1,0,1,y2
12,2.4640244991621,0.7389,1,0.7389,1,0,1,0,1,y2
12,2.496,0.818584,1,0.818584,1,0,1,0,1,y2
12,2.5,0.828228,1,0.828228,1,0,1,0,1,y2
12,2.52166390280694,0.879237,1,0.879237,1,0,1,0,1,y2
12,2.58065162943057,1.00894,1,1.00894,1,0,1,0,1,y2
12,2.632,1.11203,1,1.11203,1,0,1,0,1,y2
12,2.6410192195199,1.12929,1,1.12929,1,0,1,0,1,y2
12,2.70279895136894,1.24139,1,1.24139,1,0,1,0,1,y2
12,2.76602385833792,1.34621,0,1.34621,0,0,1,0,1,y2
12,2.768,1.34934,0,1.34934,0,0,1,0,1,y2
12,2.83072774651606,1.44447,0,1.44447,0,0,1,0,1,y2
12,2.89694521279758,1.53684,0,1.53684,0,0,1,0,1,y2
12,2.904,1.54623,0,1.54623,0,0,1,0,1,y2
12,2.96471166338044,1.62387,0,1.62387,0,0,1,0,1,y2
12,3,1.6665,0,1.6665,0,0,1,0,1,y2
12,3.03406333269796,1.70604,0,1.70604,0,0,1,0,1,y2
12,3.04,1.71279,0,1.71279,0,0,1,0,1,y2
12,3.10503730279317,1.78368,0,1.78368,0,0,1,0,1,y2
12,3.176,1.85526,0,1.85526,0,0,1,0,1,y2
12,3.17767152314644,1.85689,0,1.85689,0,0,1,0,1,y2
12,3.25200483096689,1.92647,0,1.92647,0,0,1,0,1,y2
12,3.312,1.9789,0,1.9789,0,0,1,0,1,y2
12,3.32807697195852,1.99244,0,1.99244,0,0,1,0,1,y2
12,3.40592862157201,2.05521,0,2.05521,0,0,1,0,1,y2
12,3.448,2.08731,0,2.08731,0,0,1,0,1,y2
12,3.48560140675375,2.11497,0,2.11497,0,0,1,0,1,y2
12,3.5,2.12531,0,2.12531,0,0,1,0,1,y2
12,3.56713792820361,2.17179,0,2.17179,0,0,1,0,1,y2
12,3.584,2.18303,0,2.18303,0,0,1,0,1,y2
12,3.6505817831533,2.22574,0,2.22574,0,0,1,0,1,y2
12,3.72,2.26759,0,2.26759,0,0,1,0,1,y2
12,3.73597758867765,2.27685,0,2.27685,0,0,1,0,1,y2
12,3.82337100555118,2.32515,0,2.32515,0,0,1,0,1,y2
12,3.856,2.34219,0,2.34219,0,0,1,0,1,y2
12,3.91280876266273,2.37064,0,2.37064,0,0,1,0,1,y2
12,3.992,2.40773,0,2.40773,0,0,1,0,1,y2
12,4,2.41132,0,2.41132,0,0,1,0,1,y2
12,4.00433868200114,2.41325,0,2.41325,0,0,1,0,1,y2
12,4.09800970422556,2.45292,0,2.45292,0,0,1,0,1,y2
12,4.128,2.4648,0,2.4648,0,0,1,0,1,y2
12,4.19387191483372,2.48953,0,2.48953,0,0,1,0,1,y2
12,4.264,2.51382,0,2.51382,0,0,1,0,1,y2
12,4.29197657094248,2.52293,0,2.52293,0,0,1,0,1,y2
12,4.3923761286948,2.55296,0,2.55296,0,0.0357558,1,0,1,y2
12,4.4,2.55507,0,2.55507,0,0.0676769,1,0,1,y2
12,4.49512427130779,2.57941,0,2.57941,0,0.421209,1,0.0541014,1,y2
12,4.5,2.58056,0,2.58056,0,0.437387,1,0.0735524,1,y2
12,4.536,2.58875,0,2.58875,0,0.551905,1,0.210648,1,y2
12,4.60027593777691,2.60209,0,2.60209,0,0.737098,1,0.43035,1,y2
12,4.672,2.61506,0,2.61506,0,0.919351,1,0.644515,1,y2
12,4.70788735225163,2.62079,0,2.62079,0,1.00238,1,0.741485,1,y2
12,4.808,2.63419,0,2.63419,0,1.21007,1,0.982602,1,y2
12,4.8180160540982,2.63533,0,2.63533,0,1.22913,1,1.00464,1,y2
12,4.93072092866578,2.64554,0,2.64554,0,1.42544,0,1.23084,1,y2
12,4.944,2.64645,0,2.64645,0,1.44658,0,1.25512,1,y2
12,5,2.64958,0,2.64958,0,1.53168,0,1.35274,0,y2
12,5.0460622387721,2.65134,0,2.65134,0,1.59715,0,1.42766,0,y2
12,5.08,2.65218,0,2.65218,0,1.64296,0,1.48002,0,y2
12,5.16410165692581,2.65266,0,2.65266,0,1.74839,0,1.60041,0,y2
12,5.216,2.65184,0,2.65184,0,1.80826,0,1.66869,0,y2
12,5.28490229830245,2.64952,0,2.64952,0,1.88221,0,1.75307,0,y2
12,5.352,2.64596,0,2.64596,0,1.94877,0,1.82908,0,y2
12,5.40852875449191,2.64201,0,2.64201,0,2.00105,0,1.88883,0,y2
12,5.488,2.6351,0,2.6351,0,2.06916,0,1.96659,0,y2
12,5.5,2.63392,0,2.63392,0,2.07898,0,1.97774,0,y2
12,5.53504712803523,2.63029,0,2.63029,0,2.10693,0,2.00948,0,y2
12,5.624,2.61986,0,2.61986,0,2.17291,0,2.08494,0,y2
12,5.66452506776941,2.61457,0,2.61457,0,2.201,0,2.11701,0,y2
12,5.76,2.60087,0,2.60087,0,2.26182,0,2.18734,0,y2
12,5.7970318049989,2.59512,0,2.59512,0,2.28355,0,2.21282,0,y2
12,5.896,2.57869,0,2.57869,0,2.33812,0,2.27568,0,y2
12,5.9326381905133,2.57224,0,2.57224,0,2.35692,0,2.29696,0,y2
12,6,2.55993,0,2.55993,0,2.38885,0,2.33407,0,y2
12,6.032,2.55388,0,2.55388,0,2.40298,0,2.35094,0,y2
12,6.07141673247102,2.54627,0,2.54627,0,2.41936,0,2.37079,0,y2
12,6.168,2.52693,0,2.52693,0,2.45495,0,2.4141,0,y2
12,6.213441635169,2.51753,0,2.51753,0,2.46969,0,2.43242,0,y2
12,6.304,2.49819,0,2.49819,0,2.49515,0,2.46572,0,y2
12,6.35878883871952,2.48608,0,2.48608,0,2.50825,0,2.48316,0,y2
12,6.44,2.46742,0,2.46742,0,2.52437,0,2.50573,0,y2
12,6.5,2.45301,0,2.45301,0,2.5339,0,2.52009,0,y2
12,6.50753605965499,2.45116,0,2.45116,0,2.53495,0,2.52174,0,y2
12,6.576,2.434,0,2.434,0,2.54296,0,2.53508,0,y2
12,6.65976283248268,2.41206,0,2.41206,0,2.54926,0,2.54765,0,y2
12,6.712,2.39787,0,2.39787,0,2.55117,0,2.55347,0,y2
12,6.81555055221149,2.36856,0,2.36856,0,2.55064,0,2.55986,0,y2
12,6.848,2.35905,0,2.35905,0,2.54933,0,2.5604,0,y2
12,6.97498251787349,2.32038,0,2.32038,0,2.53873,0,2.5566,0,y2
12,6.984,2.31755,0,2.31755,0,2.53766,0,2.55602,0,y2
12,7,2.31249,0,2.31249,0,2.53565,0,2.55487,0,y2
12,7.12,2.27334,0,2.27334,0,2.51638,0,2.54202,0,y2
12,7.13814397706359,2.26724,0,2.26724,0,2.51285,0,2.53948,0,y2
12,7.256,2.2264,0,2.2264,0,2.486,0,2.51915,0,y2
12,7.30512217152102,2.20877,0,2.20877,0,2.47293,0,2.50872,0,y2
12,7.392,2.17669,0,2.17669,0,2.44711,0,2.48762,0,y2
12,7.47600638377717,2.14456,0,2.14456,0,2.41917,0,2.46418,0,y2
12,7.5,2.13519,0,2.13519,0,2.41066,0,2.45698,0,y2
12,7.528,2.12413,0,2.12413,0,2.40046,0,2.44827,0,y2
12,7.65088798489457,2.07417,0,2.07417,0,2.35216,0,2.40615,0,y2
12,7.664,2.06869,0,2.06869,0,2.34668,0,2.40129,0,y2
12,7.8,2.01029,0,2.01029,0,2.28646,0,2.34698,0,y2
12,7.82986048332255,1.99706,0,1.99706,0,2.27245,0,2.33413,0,y2
12,7.936,1.94886,0,1.94886,0,2.22048,0,2.28587,0,y2
12,8,1.9189,0,1.9189,0,2.18763,0,2.25497,0,y2
12,8.01301957489591,1.91272,0,1.91272,0,2.18082,0,2.24852,0,y2
12,8.072,1.88437,0,1.88437,0,2.14946,0,2.21863,0,y2
12,8.20046319400299,1.8206,0,1.8206,0,2.07832,0,2.15006,0,y2
12,8.208,1.81677,0,1.81677,0,2.07402,0,2.14591,0,y2
12,8.344,1.74609,0,1.74609,0,1.99482,0,2.06863,0,y2
12,8.39229156595081,1.72026,0,1.72026,0,1.96599,0,2.04025,0,y2
12,8.48,1.67237,0,1.67237,0,1.91257,0,1.98753,0,y2
12,8.5,1.66127,0,1.66127,0,1.90021,0,1.97531,0,y2
12,8.58860726055512,1.61138,0,1.61138,0,1.84494,0,1.92043,0,y2
12,8.616,1.59572,0,1.59572,0,1.82778,0,1.90323,0,y2
12,8.752,1.51635,0,1.51635,0,1.74136,0,1.81629,0,y2
12,8.78951524698403,1.49401,0,1.49401,0,1.71695,0,1.79192,0,y2
12,8.888,1.43453,0,1.43453,0,1.65288,0,1.72732,0,y2
12,8.99512294988458,1.36861,0,1.36861,0,1.58397,0,1.65615,0,y2
12,9,1.36559,0,1.36559,0,1.5808,0,1.65289,0,y2
12,9.024,1.35066,0,1.35066,0,1.56506,0,1.63685,0,y2
12,9.16,1.26524,1,1.26524,1,1.47555,0,1.54549,0,y2
12,9.20554030682226,1.23642,1,1.23642,1,1.44694,0,1.51478,0,y2
12,9.296,1.17893,1,1.17893,1,1.38841,0,1.45377,0,y2
12,9.42087982706414,1.09929,1,1.09929,1,1.30876,0,1.36976,0,y2
12,9.432,1.09219,1,1.09219,1,1.3018,0,1.3623,0,y2
12,9.5,1.04881,1,1.04881,1,1.25908,1,1.31685,0,y2
12,9.568,1.00542,1,1.00542,1,1.21635,1,1.27163,0,y2
12,9.64125665173709,0.958926,1,0.958926,1,1.17125,1,1.22332,1,y2
12,9.704,0.919311,1,0.919311,1,1.13359,1,1.18231,1,y2
12,9.84,0.835213,1,0.835213,1,1.05326,1,1.09485,1,y2
12,9.86678861539328,0.819026,1,0.819026,1,1.03778,1,1.07789,1,y2
12,9.976,0.754543,1,0.754543,1,0.976212,1,1.00974,1,y2
12,10,0.740628,1,0.740628,1,0.962956,1,0.994994,1,y2
12,10.0975963090158,0.68511,1,0.68511,1,0.910079,1,0.936008,1,y2
12,10.112,0.677063,1,0.677063,1,0.902425,1,0.92743,1,y2
12,10.248,0.603227,1,0.603227,1,0.8324,1,0.848301,1,y2
12,10.3338031444981,0.558742,1,0.558742,1,0.790098,1,0.800191,1,y2
12,10.384,0.533496,1,0.533496,1,0.76613,1,0.772699,1,y2
12,10.5,0.477397,1,0.477397,1,0.712731,1,0.711174,1,y2
12,10.52,0.468044,1,0.468044,1,0.703834,1,0.700852,1,y2
12,10.575535420632,0.442579,1,0.442579,1,0.679603,1,0.672652,1,y2
12,10.656,0.406975,1,0.406975,1,0.645579,1,0.632979,1,y2
12,10.792,0.350204,1,0.350204,1,0.591461,1,0.569311,1,y2
12,10.8229223906388,0.337875,1,0.337875,1,0.579634,1,0.555417,1,y2
12,10.928,0.297587,1,0.297587,1,0.540917,1,0.509818,1,y2
12,11,0.271346,1,0.271346,1,0.515985,1,0.480043,1,y2
12,11.064,0.248941,1,0.248941,1,0.494742,1,0.45457,1,y2
12,11.0760963312806,0.244798,1,0.244798,1,0.49081,1,0.449852,1,y2
12,11.2,0.203963,1,0.203963,1,0.452181,1,0.403481,1,y2
12,11.3351926135882,0.162681,1,0.162681,1,0.413899,1,0.356796,1,y2
12,11.336,0.162445,1,0.162445,1,0.413682,1,0.356529,1,y2
12,11.472,0.124023,1,0.124023,1,0.378728,1,0.313595,1,y2
12,11.5,0.116372,1,0.116372,1,0.371955,1,0.305247,1,y2
12,11.6003497752434,0.0901475,1,0.0901475,1,0.348799,1,0.276623,1,y2
12,11.608,0.0882543,1,0.0882543,1,0.347108,1,0.274526,1,y2
12,11.744,0.0565736,1,0.0565736,1,0.318652,1,0.23919,1,y2
12,11.8717095946543,0.0260643,1,0.0260643,1,0.294638,1,0.209197,1,y2
12,11.88,0.0241079,1,0.0241079,1,0.293167,1,0.207355,1,y2
12,12,0,1,0,1,0.272986,1,0.182064,1,y2
12,12.016,0,1,0,1,0.270449,1,0.178877,1,y2
12,12.1494171667638,0,1,0,1,0.250444,1,0.153953,1,y2
12,12.152,0,1,0,1,0.250089,1,0.1535,1,y2
12,12.288,0,1,0,1,0.232346,1,0.131042,1,y2
12,12.424,0,1,0,1,0.216733,1,0.111287,1,y2
12,12.4336209806312,0,1,0,1,0.215704,1,0.109988,1,y2
12,12.5,0,1,0,1,0.208871,1,0.101338,1,y2
12,12.56,0,1,0,1,0.20307,1,0.0939919,1,y2
12,12.696,0,1,0,1,0.191181,1,0.0790076,1,y2
12,12.7244729988288,0,1,0,1,0.188898,1,0.0761321,1,y2
12,12.832,0,1,0,1,0.180868,1,0.0660661,1,y2
12,12.968,0,1,0,1,0.171983,1,0.0551367,1,y2
12,13,0,1,0,1,0.170078,1,0.0527884,1,y2
12,13.0221287386953,0,1,0,1,0.168799,1,0.0512159,1,y2
12,13.104,0,1,0,1,0.164335,1,0.0457674,1,y2
12,13.24,0,1,0,1,0.157813,1,0.037874,1,y2
12,13.3267473554907,0,1,0,1,0.154171,1,0.0335472,1,y2
12,13.376,0,1,0,1,0.152268,1,0.0313394,1,y2
12,13.5,0,1,0,1,0.147961,1,0.0264055,1,y2
12,13.512,0,1,0,1,0.147577,1,0.0259762,1,y2
12,13.6384917274956,0,1,0,1,0.143859,1,0.021996,1,y2
12,13.648,0,1,0,1,0.143602,1,0.0217288,1,y2
12,13.784,0,1,0,1,0.140237,1,0.0184054,1,y2
12,13.92,0,1,0,1,0.137395,1,0.0163008,1,y2
12,13.9575285431017,0,1,0,1,0.136703,1,0.0157365,1,y2
12,14,0,1,0,1,0.135964,1,0.0151331,1,y2
12,14.056,0,1,0,1,0.135061,1,0.0144224,1,y2
12,14.192,0,1,0,1,0.133105,1,0.0129846,1,y2
12,14.2840283899392,0,1,0,1,0.131884,1,0.0125403,1,y2
12,14.328,0,1,0,1,0.131313,1,0.0125855,1,y2
12,14.464,0,1,0,1,0.129828,1,0.0124856,1,y2
12,14.5,0,1,0,1,0.129533,1,0.0124132,1,y2
12,14.6,0,1,0,1,0.128965,1,0.0121564,1,y2
12,14.6181658460895,0,1,0,1,0.128877,1,0.0120565,1,y2
12,14.736,0,1,0,1,0.12814,1,0.0113549,1,y2
12,14.872,0,1,0,1,0.126602,1,0.0121517,1,y2
12,14.9601195734313,0,1,0,1,0.125539,1,0.0126779,1,y2
12,15,0,1,0,1,0.125132,1,0.0129017,1,y2
12,15.008,0,1,0,1,0.125058,1,0.0129449,1,y2
12,15.144,0,1,0,1,0.124232,1,0.0135824,1,y2
12,15.28,0,1,0,1,0.123442,1,0.013919,1,y2
12,15.3100724131702,0,1,0,1,0.123203,1,0.014,1,y2
12,15.416,0,1,0,1,0.12217,1,0.0146005,1,y2
12,15.5,0,1,0,1,0.121312,1,0.0150584,1,y2
12,15.552,0,1,0,1,0.120792,1,0.0152864,1,y2
12,15.6682114836034,0,1,0,1,0.119719,1,0.0158234,1,y2
12,15.688,0,1,0,1,0.119551,1,0.0159118,1,y2
12,15.824,0,1,0,1,0.118562,1,0.0164576,1,y2
12,15.96,0,1,0,1,0.11772,1,0.0169335,1,y2
12,16,0,1,0,1,0.117383,1,0.0170569,1,y2
12,16.0347282801707,0,1,0,1,0.117036,1,0.0171557,1,y2
12,16.096,0,1,0,1,0.116273,1,0.017309,1,y2
12,16.232,0,1,0,1,0.114081,1,0.0175547,1,y2
12,16.368,0,1,0,1,0.111762,1,0.0176807,1,y2
12,16.4098187778465,0,1,0,1,0.111069,1,0.0176956,1,y2
12,16.5,0,1,0,1,0.10961,1,0.0176844,1,y2
12,16.504,0,1,0,1,0.109547,1,0.0176824,1,y2
12,16.64,0,1,0,1,0.107542,1,0.0175256,1,y2
12,16.776,0,1,0,1,0.105547,1,0.0171871,1,y2
12,16.7936835359269,0,1,0,1,0.105264,1,0.0171305,1,y2
12,16.912,0,1,0,1,0.10314,1,0.0166859,1,y2
12,17,0,1,0,1,0.10141,1,0.0162849,1,y2
12,17.048,0,1,0,1,0.100453,1,0.0160422,1,y2
12,17.184,0,1,0,1,0.0977535,1,0.0152433,1,y2
12,17.1865278052676,0,1,0,1,0.0977021,1,0.0152268,1,y2
12,17.32,0,1,0,1,0.0947848,1,0.0142551,1,y2
12,17.456,0,1,0,1,0.091333,1,0.0130686,1,y2
12,17.5,0,1,0,1,0.0902648,1,0.0126482,1,y2
12,17.588561638031,0,1,0,1,0.0883917,1,0.0117518,1,y2
12,17.592,0,1,0,1,0.0883222,1,0.0117157,1,y2
12,17.728,0,1,0,1,0.0851223,1,0.0102108,1,y2
12,17.864,0,1,0,1,0.0812487,1,0.00854241,1,y2
12,18,0,1,0,1,0.0776242,1,0.00670096,1,y2
13,1,0,1,0,1,0,1,0,1,y2
13,1.02361672632689,0,1,0,1,0,1,0,1,y2
13,1.04779120241618,0,1,0,1,0,1,0,1,y2
13,1.07253660049137,0,1,0,1,0,1,0,1,y2
13,1.09786640386075,0,1,0,1,0,1,0,1,y2
13,1.12379441426421,0,1,0,1,0,1,0,1,y2
13,1.14,0,1,0,1,0,1,0,1,y2
13,1.15033475939358,0,1,0,1,0,1,0,1,y2
13,1.17750190059049,0,1,0,1,0,1,0,1,y2
13,1.20531064072613,0,1,0,1,0,1,0,1,y2
13,1.23377613226705,0,1,0,1,0,1,0,1,y2
13,1.26291388553145,0,1,0,1,0,1,0,1,y2
13,1.28,0,1,0,1,0,1,0,1,y2
13,1.29273977714047,0,1,0,1,0,1,0,1,y2
13,1.32327005866909,0,1,0,1,0,1,0,1,y2
13,1.35452136550124,0,1,0,1,0,1,0,1,y2
13,1.38651072589421,0,1,0,1,0,1,0,1,y2
13,1.41925557025695,0,1,0,1,0,1,0,1,y2
13,1.42,0,1,0,1,0,1,0,1,y2
13,1.45277374064763,0,1,0,1,0,1,0,1,y2
13,1.4870835004954,0,1,0,1,0,1,0,1,y2
13,1.5,0,1,0,1,0,1,0,1,y2
13,1.52220354455183,0,1,0,1,0,1,0,1,y2
13,1.55815300907734,0,1,0,1,0,1,0,1,y2
13,1.56,0,1,0,1,0,1,0,1,y2
13,1.59495148226814,0,1,0,1,0,1,0,1,y2
13,1.63261901492953,0,1,0,1,0,1,0,1,y2
13,1.6711761314012,0,1,0,1,0,1,0,1,y2
13,1.7,0,1,0,1,0,1,0,1,y2
13,1.71064384074053,0,1,0,1,0,1,0,1,y2
13,1.75104364817009,0,1,0,1,0,1,0,1,y2
13,1.79239756679536,0,1,0,1,0,1,0,1,y2
13,1.83472812959935,0,1,0,1,0,1,0,1,y2
13,1.84,0,1,0,1,0,1,0,1,y2
13,1.87805840172035,0,1,0,1,0,1,0,1,y2
13,1.92241199301969,0,1,0,1,0,1,0,1,y2
13,1.96781307094637,0,1,0,1,0,1,0,1,y2
13,1.98,0,1,0,1,0,1,0,1,y2
13,2,0,1,0,1,0,1,0,1,y2
13,2.01428637370539,0,1,0,1,0,1,0,1,y2
13,2.06185722373718,0,1,0,1,0,1,0,1,y2
13,2.1105515415153,0,1,0,1,0,1,0,1,y2
13,2.12,0,1,0,1,0,1,0,1,y2
13,2.16039585967007,0,1,0,1,0,1,0,1,y2
13,2.21141733744564,0,1,0,1,0,1,0,1,y2
13,2.26,0.0841532,1,0.0841532,1,0,1,0,1,y2
13,2.26364377549864,0.0988328,1,0.0988328,1,0,1,0,1,y2
13,2.31710363104616,0.299132,1,0.299132,1,0,1,0,1,y2
13,2.37182603337162,0.479277,1,0.479277,1,0,1,0,1,y2
13,2.4,0.563882,1,0.563882,1,0,1,0,1,y2
13,2.42784079969675,0.642727,1,0.642727,1,0,1,0,1,y2
13,2.48517845142845,0.792134,1,0.792134,1,0,1,0,1,y2
13,2.5,0.828229,1,0.828229,1,0,1,0.00215504,1,y2
13,2.54,0.920953,1,0.920953,1,0,1,0.0654673,1,y2
13,2.54387023078932,0.929599,1,0.929599,1,0.00533184,1,0.0715048,1,y2
13,2.603948117841,1.05682,1,1.05682,1,0.0975676,1,0.164085,1,y2
13,2.66544484790947,1.17488,1,1.17488,1,0.190672,1,0.256846,1,y2
13,2.68,1.2012,1,1.2012,1,0.212246,1,0.278356,1,y2
13,2.72839392942197,1.28497,0,1.28497,0,0.282651,1,0.34856,1,y2
13,2.79282966216508,1.38797,0,1.38797,0,0.375256,1,0.440147,1,y2
13,2.82,1.42877,0,1.42877,0,0.413873,1,0.478816,1,y2
13,2.85878715597406,1.48457,0,1.48457,0,0.468008,1,0.531943,1,y2
13,2.92630234986353,1.57541,0,1.57541,0,0.559108,1,0.62168,1,y2
13,2.96,1.61804,0,1.61804,0,0.603817,1,0.665889,1,y2
13,2.99541203160999,1.66105,0,1.66105,0,0.650224,1,0.711612,1,y2
13,3,1.6665,0,1.6665,0,0.656189,1,0.717461,1,y2
13,3.0661538577968,1.74194,0,1.74194,0,0.740872,1,0.799902,1,y2
13,3.1,1.77838,0,1.77838,0,0.783511,1,0.841952,1,y2
13,3.13856637433253,1.81819,0,1.81819,0,0.83161,1,0.889637,1,y2
13,3.21268903745392,1.89036,0,1.89036,0,0.920637,1,0.977978,1,y2
13,3.24,1.9156,0,1.9156,0,0.95291,1,1.00964,1,y2
13,3.28856223522488,1.9588,0,1.9588,0,1.00897,1,1.06528,1,y2
13,3.36622730954313,2.02379,0,2.02379,0,1.09633,1,1.1507,1,y2
13,3.38,2.03483,0,2.03483,0,1.11152,1,1.16558,1,y2
13,3.44572657866672,2.08564,0,2.08564,0,1.18246,1,1.2348,1,y2
13,3.5,2.12535,0,2.12535,0,1.2393,1,1.29031,0,y2
13,3.52,2.13949,0,2.13949,0,1.25983,1,1.3104,0,y2
13,3.52710336027238,2.14445,0,2.14445,0,1.26707,1,1.31748,0,y2
13,3.61040199505859,2.20031,0,2.20031,0,1.34983,0,1.39808,0,y2
13,3.66,2.23161,0,2.23161,0,1.39723,0,1.44409,0,y2
13,3.69566787090595,2.25325,0,2.25325,0,1.4304,0,1.47622,0,y2
13,3.78294744760822,2.30333,0,2.30333,0,1.5083,0,1.55136,0,y2
13,3.8,2.31265,0,2.31265,0,1.52295,0,1.56545,0,y2
13,3.8722882821874,2.35054,0,2.35054,0,1.58289,0,1.62289,0,y2
13,3.94,2.38373,0,2.38373,0,1.63576,0,1.67323,0,y2
13,3.96373905480664,2.39485,0,2.39485,0,1.6535,0,1.69004,0,y2
13,4,2.41134,0,2.41134,0,1.67976,0,1.71484,0,y2
13,4.05734959529522,2.43621,0,2.43621,0,1.7192,0,1.75186,0,y2
13,4.08,2.44563,0,2.44563,0,1.73405,0,1.76571,0,y2
13,4.15317091029983,2.47449,0,2.47449,0,1.77903,0,1.80733,0,y2
13,4.22,2.49884,0,2.49884,0,1.81598,0,1.84098,0,y2
13,4.25125521107718,2.50958,0,2.50958,0,1.83185,0,1.85523,0,y2
13,4.35165594194296,2.5413,0,2.5413,0,1.87646,0,1.89438,0,y2
13,4.36,2.54375,0,2.54375,0,1.87971,0,1.89717,0,y2
13,4.45442780939262,2.56946,0,2.56946,0,1.9116,0,1.92355,0,y2
13,4.5,2.58058,0,2.58058,0,1.92361,0,1.93286,0,y2
13,4.55962681190993,2.59386,0,2.59386,0,1.93594,0,1.94159,0,y2
13,4.64,2.60953,0,2.60953,0,1.94648,0,1.94719,0,y2
13,4.66731027047957,2.61428,0,2.61428,0,1.94844,0,1.94746,0,y2
13,4.77753685982017,2.63052,0,2.63052,0,1.94809,0,1.94021,0,y2
13,4.78,2.63083,0,2.63083,0,1.94793,0,1.9399,0,y2
13,4.89036664035518,2.64243,0,2.64243,0,1.93406,0,1.91946,0,y2
13,4.92,2.64478,0,2.64478,0,1.92816,0,1.91183,0,y2
13,5,2.64959,0,2.64959,0,1.90781,0,1.88685,0,y2
13,5.0058610909386,2.64985,0,2.64985,0,1.90606,0,1.88477,0,y2
13,5.06,2.65174,0,2.65174,0,1.88837,0,1.86408,0,y2
13,5.12408314235373,2.65272,0,2.65272,0,1.86386,0,1.83623,0,y2
13,5.2,2.65219,0,2.65219,0,1.83021,0,1.79893,0,y2
13,5.24509721160293,2.65103,0,2.65103,0,1.80819,0,1.77463,0,y2
13,5.34,2.64669,0,2.64669,0,1.75716,0,1.71885,0,y2
13,5.36896923700729,2.64486,0,2.64486,0,1.74022,0,1.70079,0,y2
13,5.48,2.63586,0,2.63586,0,1.66986,0,1.62878,0,y2
13,5.49576671413519,2.63434,0,2.63434,0,1.65938,0,1.6182,0,y2
13,5.5,2.63392,0,2.63392,0,1.65655,0,1.61534,0,y2
13,5.62,2.62037,0,2.62037,0,1.57285,0,1.52971,0,y2
13,5.62555873257936,2.61967,0,2.61967,0,1.56883,0,1.52555,0,y2
13,5.75841601360254,2.6011,0,2.6011,0,1.47143,0,1.42426,0,y2
13,5.76,2.60086,0,2.60086,0,1.47025,0,1.42302,0,y2
13,5.89441094867218,2.57896,0,2.57896,0,1.36857,0,1.31771,0,y2
13,5.9,2.57799,0,2.57799,0,1.36432,0,1.31332,0,y2
13,6,2.55992,0,2.55992,0,1.28795,0,1.2347,1,y2
13,6.03361763890519,2.55357,0,2.55357,0,1.26221,1,1.20851,1,y2
13,6.04,2.55234,0,2.55234,0,1.25732,1,1.20355,1,y2
13,6.17611193544432,2.52526,0,2.52526,0,1.15369,1,1.09896,1,y2
13,6.18,2.52446,0,2.52446,0,1.15075,1,1.09601,1,y2
13,6.32,2.49469,0,2.49469,0,1.04622,1,0.991515,1,y2
13,6.32197148078795,2.49425,0,2.49425,0,1.04477,1,0.990072,1,y2
13,6.46,2.46269,0,2.46269,0,0.945068,1,0.891053,1,y2
13,6.47127575109613,2.45999,0,2.45999,0,0.937115,1,0.883195,1,y2
13,6.5,2.45302,0,2.45302,0,0.916993,1,0.863325,1,y2
13,6.6,2.42782,0,2.42782,0,0.848625,1,0.794827,1,y2
13,6.62410609949561,2.42153,0,2.42153,0,0.832552,1,0.778615,1,y2
13,6.74,2.3901,0,2.3901,0,0.757619,1,0.704949,1,y2
13,6.78054580040769,2.37864,0,2.37864,0,0.732341,1,0.679469,1,y2
13,6.88,2.34952,0,2.34952,0,0.672619,1,0.62048,1,y2
13,6.94068009492287,2.33105,0,2.33105,0,0.637773,1,0.585274,1,y2
13,7,2.31248,0,2.31248,0,0.604834,1,0.552234,1,y2
13,7.02,2.3061,0,2.3061,0,0.594002,1,0.541451,1,y2
13,7.10459623724716,2.27848,0,2.27848,0,0.54969,1,0.497298,1,y2
13,7.16,2.25982,0,2.25982,0,0.521986,1,0.469954,1,y2
13,7.27238354224529,2.22057,0,2.22057,0,0.468975,1,0.418015,1,y2
13,7.3,2.21063,0,2.21063,0,0.45664,1,0.40598,1,y2
13,7.44,2.15848,0,2.15848,0,0.398092,1,0.349173,1,y2
13,7.44413343410668,2.15689,0,2.15689,0,0.396465,1,0.347604,1,y2
13,7.5,2.1352,0,2.1352,0,0.37508,1,0.326929,1,y2
13,7.58,2.1033,0,2.1033,0,0.346391,1,0.299273,1,y2
13,7.61993949616083,2.08699,0,2.08699,0,0.332863,1,0.286258,1,y2
13,7.72,2.04503,0,2.04503,0,0.301368,1,0.256199,1,y2
13,7.79989752186913,2.01035,0,2.01035,0,0.278757,1,0.234627,1,y2
13,7.86,1.98358,0,1.98358,0,0.263099,1,0.219983,1,y2
13,7.98410556702091,1.9264,0,1.9264,0,0.234645,1,0.193406,1,y2
13,8,1.91889,0,1.91889,0,0.231379,1,0.190367,1,y2
13,8.14,1.85093,0,1.85093,0,0.205977,1,0.167214,1,y2
13,8.17266400316225,1.8346,0,1.8346,0,0.200971,1,0.162691,1,y2
13,8.28,1.77968,0,1.77968,0,0.18687,1,0.150178,1,y2
13,8.36567557228656,1.73447,0,1.73447,0,0.178038,1,0.142721,1,y2
13,8.42,1.70518,0,1.70518,0,0.173636,1,0.139127,1,y2
13,8.5,1.66118,0,1.66118,0,0.168703,1,0.135367,1,y2
13,8.56,1.62752,0,1.62752,0,0.166137,1,0.133717,1,y2
13,8.56324544281681,1.62569,0,1.62569,0,0.166028,1,0.133656,1,y2
13,8.7,1.54684,0,1.54684,0,0.16411,1,0.133646,1,y2
13,8.76548126690981,1.50814,0,1.50814,0,0.164921,1,0.135368,1,y2
13,8.84,1.46342,0,1.46342,0,0.167166,1,0.138638,1,y2
13,8.97249323911391,1.38223,0,1.38223,0,0.174547,1,0.147755,1,y2
13,8.98,1.37757,0,1.37757,0,0.175091,1,0.148394,1,y2
13,9,1.36514,0,1.36514,0,0.176604,1,0.150156,1,y2
13,9.12,1.28984,0,1.28984,0,0.1876,1,0.162604,1,y2
13,9.18439415641194,1.24898,1,1.24898,1,0.194819,1,0.17057,1,y2
13,9.26,1.20079,1,1.20079,1,0.204388,1,0.181005,1,y2
13,9.4,1.11124,1,1.11124,1,0.225149,1,0.203257,1,y2
13,9.40129947968222,1.11041,1,1.11041,1,0.225359,1,0.20348,1,y2
13,9.5,1.04739,1,1.04739,1,0.242194,1,0.221341,1,y2
13,9.54,1.02199,1,1.02199,1,0.249523,1,0.229044,1,y2
13,9.62332739661101,0.969422,1,0.969422,1,0.265666,1,0.24592,1,y2
13,9.68,0.933866,1,0.933866,1,0.277252,1,0.258028,1,y2
13,9.82,0.847292,1,0.847292,1,0.308042,1,0.28995,1,y2
13,9.85059888609085,0.828697,1,0.828697,1,0.31514,1,0.297281,1,y2
13,9.96,0.763316,1,0.763316,1,0.341529,1,0.324499,1,y2
13,10,0.739898,1,0.739898,1,0.351583,1,0.334819,1,y2
13,10.0832377841396,0.692152,1,0.692152,1,0.373073,1,0.356872,1,y2
13,10.1,0.682705,1,0.682705,1,0.377487,1,0.361402,1,y2
13,10.24,0.606185,1,0.606185,1,0.415652,1,0.400362,1,y2
13,10.3213708513766,0.563771,1,0.563771,1,0.438668,1,0.423866,1,y2
13,10.38,0.534151,1,0.534151,1,0.455657,1,0.441159,1,y2
13,10.5,0.476134,1,0.476134,1,0.49127,1,0.477401,1,y2
13,10.52,0.466801,1,0.466801,1,0.497298,1,0.483544,1,y2
13,10.5651278420919,0.446111,1,0.446111,1,0.511027,1,0.497501,1,y2
13,10.66,0.404157,1,0.404157,1,0.540338,1,0.52724,1,y2
13,10.8,0.346081,1,0.346081,1,0.58442,1,0.571961,1,y2
13,10.8146415749472,0.340269,1,0.340269,1,0.589091,1,0.576687,1,y2
13,10.94,0.292398,1,0.292398,1,0.629325,1,0.617447,1,y2
13,11,0.270665,1,0.270665,1,0.648604,1,0.636953,1,y2
13,11.0700480053462,0.246209,1,0.246209,1,0.67103,1,0.659407,1,y2
13,11.08,0.242817,1,0.242817,1,0.674206,1,0.662562,1,y2
13,11.22,0.197093,1,0.197093,1,0.716773,1,0.705317,1,y2
13,11.331486299514,0.163187,1,0.163187,1,0.743403,1,0.73404,1,y2
13,11.36,0.154862,1,0.154862,1,0.748987,1,0.740206,1,y2
13,11.5,0.115868,1,0.115868,1,0.769879,1,0.762531,1,y2
13,11.5,0.115868,1,0.115868,1,0.769879,1,0.762531,1,y2
13,11.5990989103265,0.090004,1,0.090004,1,0.778617,1,0.770862,1,y2
13,11.64,0.0797166,1,0.0797166,1,0.780829,1,0.773267,1,y2
13,11.78,0.045522,1,0.045522,1,0.782305,1,0.777343,1,y2
13,11.8730316549302,0.0245219,1,0.0245219,1,0.778084,1,0.774114,1,y2
13,11.92,0.0144874,1,0.0144874,1,0.774375,1,0.770688,1,y2
13,12,0,1,0,1,0.76565,1,0.762284,1,y2
13,12.06,0,1,0,1,0.757114,1,0.754287,1,y2
13,12.1534337941952,0,1,0,1,0.740465,1,0.7394,1,y2
13,12.2,0,1,0,1,0.730656,1,0.730471,1,y2
13,12.34,0,1,0,1,0.695243,1,0.694901,1,y2
13,12.4404581140447,0,1,0,1,0.664512,1,0.663722,1,y2
13,12.48,0,1,0,1,0.651242,1,0.650305,1,y2
13,12.5,0,1,0,1,0.644286,1,0.64341,1,y2
13,12.62,0,1,0,1,0.599254,1,0.601439,1,y2
13,12.7342610087053,0,1,0,1,0.55107,1,0.553395,1,y2
13,12.76,0,1,0,1,0.539412,1,0.541877,1,y2
13,12.9,0,1,0,1,0.472273,1,0.478114,1,y2
13,13,0,1,0,1,0.419575,1,0.425645,1,y2
13,13.0350025659231,0,1,0,1,0.400338,1,0.406106,1,y2
13,13.04,0,1,0,1,0.397568,1,0.403307,1,y2
13,13.18,0,1,0,1,0.316988,1,0.325406,1,y2
13,13.32,0,1,0,1,0.23029,1,0.240842,1,y2
13,13.3428466541928,0,1,0,1,0.215603,1,0.226766,1,y2
13,13.46,0,1,0,1,0.138048,1,0.149633,1,y2
13,13.5,0,1,0,1,0.110755,1,0.123076,1,y2
13,13.6,0,1,0,1,0.0405983,1,0.0546437,1,y2
13,13.6579610120465,0,1,0,1,0,1,0.0138478,1,y2
13,13.74,0,1,0,1,0,1,0,1,y2
13,13.88,0,1,0,1,0,1,0,1,y2
13,13.9805173394514,0,1,0,1,0,1,0,1,y2
13,14,0,1,0,1,0,1,0,1,y2
13,14.02,0,1,0,1,0,1,0,1,y2
13,14.16,0,1,0,1,0,1,0,1,y2
13,14.3,0,1,0,1,0,1,0,1,y2
13,14.3106913913656,0,1,0,1,0,1,0,1,y2
13,14.44,0,1,0,1,0,1,0,1,y2
13,14.5,0,1,0,1,0,1,0,1,y2
13,14.58,0,1,0,1,0,1,0,1,y2
13,14.648663073504,0,1,0,1,0,1,0,1,y2
13,14.72,0,1,0,1,0,1,0,1,y2
13,14.86,0,1,0,1,0,1,0,1,y2
13,14.9946165403658,0,1,0,1,0,1,0,1,y2
13,15,0,1,0,1,0,1,0,1,y2
13,15,0,1,0,1,0,1,0,1,y2
13,15.14,0,1,0,1,0,1,0,1,y2
13,15.28,0,1,0,1,0,1,0,1,y2
13,15.3487402955763,0,1,0,1,0,1,0,1,y2
13,15.42,0,1,0,1,0,1,0,1,y2
13,15.5,0,1,0,1,0,1,0,1,y2
13,15.56,0,1,0,1,0,1,0,1,y2
13,15.7,0,1,0,1,0,1,0,1,y2
13,15.7112272945994,0,1,0,1,0,1,0,1,y2
13,15.84,0,1,0,1,0,1,0,1,y2
13,15.98,0,1,0,1,0,1,0,1,y2
13,16,0,1,0,1,0,1,0,1,y2
13,16.0822750498756,0,1,0,1,0,1,0,1,y2
13,16.12,0,1,0,1,0,1,0,1,y2
13,16.26,0,1,0,1,0,1,0,1,y2
13,16.4,0,1,0,1,0,1,0,1,y2
13,16.4620857384423,0,1,0,1,0,1,0,1,y2
13,16.5,0,1,0,1,0,1,0,1,y2
13,16.54,0,1,0,1,0,1,0,1,y2
13,16.68,0,1,0,1,0,1,0,1,y2
13,16.82,0,1,0,1,0,1,0,1,y2
13,16.8508663120969,0,1,0,1,0,1,0,1,y2
13,16.96,0,1,0,1,0,1,0,1,y2
13,17,0,1,0,1,0,1,0,1,y2
13,17.1,0,1,0,1,0,1,0,1,y2
13,17.24,0,1,0,1,0,1,0,1,y2
13,17.2488286101607,0,1,0,1,0,1,0,1,y2
13,17.38,0,1,0,1,0,1,0,1,y2
13,17.5,0,1,0,1,0,1,0,1,y2
13,17.52,0,1,0,1,0,1,0,1,y2
13,17.6561894749063,0,1,0,1,0,1,0,1,y2
13,17.66,0,1,0,1,0,1,0,1,y2
13,17.8,0,1,0,1,0,1,0,1,y2
13,17.94,0,1,0,1,0,1,0,1,y2
13,18,0,1,0,1,0,1,0,1,y2
13,18.0731708697109,0,1,0,1,0,1,0,1,y2
13,18.08,0,1,0,1,0,1,0,1,y2
13,18.22,0,1,0,1,0,1,0,1,y2
13,18.36,0,1,0,1,0,1,0,1,y2
13,18.5,0,1,0,1,0,1,0,1,y2
14,1,0,1,0,1,0,1,0,1,y2
14,1.02316176962892,0,1,0,1,0,1,0,1,y2
14,1.04686000683017,0,1,0,1,0,1,0,1,y2
14,1.0711071371421,0,1,0,1,0,1,0,1,y2
14,1.09591587390047,0,1,0,1,0,1,0,1,y2
14,1.12129922490442,0,1,0,1,0,1,0,1,y2
14,1.132,0,1,0,1,0,1,0,1,y2
14,1.14727049923674,0,1,0,1,0,1,0,1,y2
14,1.17384331424211,0,1,0,1,0,1,0,1,y2
14,1.20103160266703,0,1,0,1,0,1,0,1,y2
14,1.22884961996505,0,1,0,1,0,1,0,1,y2
14,1.25731195177126,0,1,0,1,0,1,0,1,y2
14,1.264,0,1,0,1,0,1,0,1,y2
14,1.28643352154987,0,1,0,1,0,1,0,1,y2
14,1.31622959841892,0,1,0,1,0,1,0,1,y2
14,1.34671580515626,0,1,0,1,0,1,0,1,y2
14,1.37790812639091,0,1,0,1,0,1,0,1,y2
14,1.396,0,1,0,1,0,1,0,1,y2
14,1.40982291698419,0,1,0,1,0,1,0,1,y2
14,1.44247691060494,0,1,0,1,0,1,0,1,y2
14,1.4758872285034,0,1,0,1,0,1,0,1,y2
14,1.5,0,1,0,1,0,1,0,1,y2
14,1.51007138848825,0,1,0,1,0,1,0,1,y2
14,1.528,0,1,0,1,0,1,0,1,y2
14,1.54504731411164,0,1,0,1,0,1,0,1,y2
14,1.58083334406686,0,1,0,1,0,1,0,1,y2
14,1.61744824180385,0,1,0,1,0,1,0,1,y2
14,1.6549112053672,0,1,0,1,0,1,0,1,y2
14,1.66,0,1,0,1,0,1,0,1,y2
14,1.69324187746223,0,1,0,1,0,1,0,1,y2
14,1.73246035575404,0,1,0,1,0,1,0,1,y2
14,1.77258720340524,0,1,0,1,0,1,0,1,y2
14,1.792,0,1,0,1,0,1,0,1,y2
14,1.81364345985768,0,1,0,1,0,1,0,1,y2
14,1.85565065186389,0,1,0,1,0.324642,1,0,1,y2
14,1.89863080477411,0,1,0,1,0.658537,1,0.303935,1,y2
14,1.924,0,1,0,1,0.820821,1,0.517531,1,y2
14,1.94260645408465,0,1,0,1,0.927586,1,0.654254,1,y2
14,1.9876006572538,0,1,0,1,1.15177,1,0.933684,1,y2
14,2,0,1,0,1,1.2065,1,1.00072,1,y2
14,2.03363700579139,0,1,0,1,1.3431,0,1.16478,1,y2
14,2.056,0,1,0,1,1.42578,0,1.26213,1,y2
14,2.08073963762837,0,1,0,1,1.51078,0,1.36116,0,y2
14,2.12893324977287,0,1,0,1,1.65969,0,1.5326,0,y2
14,2.17824311125945,0,1,0,1,1.79322,0,1.68433,0,y2
14,2.188,0,1,0,1,1.81773,0,1.71201,0,y2
14,2.22869507639821,0,1,0,1,1.91401,0,1.82014,0,y2
14,2.28031559833084,0.164232,1,0.164232,1,2.02405,0,1.94274,0,y2
14,2.32,0.309246,1,0.309246,1,2.10082,0,2.02767,0,y2
14,2.33313174290061,0.354258,1,0.354258,1,2.1249,0,2.05421,0,y2
14,2.38717120284358,0.52599,1,0.52599,1,2.21781,0,2.15619,0,y2
14,2.44246231230862,0.682416,1,0.682416,1,2.30384,0,2.24995,0,y2
14,2.452,0.707695,1,0.707695,1,2.31785,0,2.26517,0,y2
14,2.49903406171362,0.825905,1,0.825905,1,2.38377,0,2.33658,0,y2
14,2.5,0.828227,1,0.828227,1,2.38507,0,2.33799,0,y2
14,2.55691611294585,0.958326,1,0.958326,1,2.45826,0,2.41699,0,y2
14,2.584,1.01593,1,1.01593,1,2.49087,0,2.45209,0,y2
14,2.61613881491436,1.08114,1,1.08114,1,2.52787,0,2.49185,0,y2
14,2.67673321946267,1.19533,1,1.19533,1,2.59304,0,2.56173,0,y2
14,2.716,1.26407,1,1.26407,1,2.63234,0,2.60379,0,y2
14,2.73873109764993,1.30211,0,1.30211,0,2.65413,0,2.62708,0,y2
14,2.80216495640924,1.40215,0,1.40215,0,2.71144,0,2.68826,0,y2
14,2.848,1.46933,0,1.46933,0,2.74989,0,2.72926,0,y2
14,2.86706805559181,1.49613,0,1.49613,0,2.7652,0,2.74558,0,y2
14,2.93347442540585,1.58463,0,1.58463,0,2.81558,0,2.79924,0,y2
14,2.98,1.64255,0,1.64255,0,2.8483,0,2.83407,0,y2
14,3,1.6665,0,1.6665,0,2.86174,0,2.84839,0,y2
14,3.00141888425942,1.66818,0,1.66818,0,2.86268,0,2.84939,0,y2
14,3.07093705701651,1.74718,0,1.74718,0,2.90658,0,2.89615,0,y2
14,3.112,1.79095,0,1.79095,0,2.93058,0,2.92174,0,y2
14,3.14206539367602,1.82171,0,1.82171,0,2.94727,0,2.93956,0,y2
14,3.21484118848333,1.89235,0,1.89235,0,2.98474,0,2.9796,0,y2
14,3.244,1.91922,0,1.91922,0,2.99861,0,2.99446,0,y2
14,3.28930259948453,1.95941,0,1.95941,0,3.01889,0,3.01623,0,y2
14,3.36548866853358,2.02316,0,2.02316,0,3.04964,0,3.04935,0,y2
14,3.376,2.0316,0,2.0316,0,3.05356,0,3.05358,0,y2
14,3.44343934176288,2.08387,0,2.08387,0,3.07686,0,3.07884,0,y2
14,3.5,2.12529,0,2.12529,0,3.094,0,3.09755,0,y2
14,3.508,2.13098,0,2.13098,0,3.09625,0,3.10002,0,y2
14,3.52319549052794,2.14167,0,2.14167,0,3.1004,0,3.10458,0,y2
14,3.60479893283718,2.19663,0,2.19663,0,3.12015,0,3.12642,0,y2
14,3.64,2.2191,0,2.2191,0,3.12734,0,3.13449,0,y2
14,3.68829245527811,2.24878,0,2.24878,0,3.13594,0,3.14427,0,y2
14,3.772,2.29722,0,2.29722,0,3.1475,0,3.1578,0,y2
14,3.77371983545133,2.29818,0,2.29818,0,3.14769,0,3.15804,0,y2
14,3.86112586492412,2.34481,0,2.34481,0,3.1553,0,3.1676,0,y2
14,3.904,2.36632,0,2.36632,0,3.15747,0,3.17066,0,y2
14,3.95055637271574,2.38867,0,2.38867,0,3.15869,0,3.17278,0,y2
14,4,2.4113,0,2.4113,0,3.15873,0,3.17368,0,y2
14,4.036,2.42709,0,2.42709,0,3.15797,0,3.17348,0,y2
14,4.04205824932663,2.42969,0,2.42969,0,3.15778,0,3.17338,0,y2
14,4.13567947132419,2.46776,0,2.46776,0,3.15261,0,3.16965,0,y2
14,4.168,2.48003,0,2.48003,0,3.14991,0,3.16749,0,y2
14,4.23146912649803,2.5028,0,2.5028,0,3.1434,0,3.16196,0,y2
14,4.3,2.52547,0,2.52547,0,3.13471,0,3.1542,0,y2
14,4.32947743959785,2.53462,0,2.53462,0,3.13045,0,3.15035,0,y2
14,4.4297557986674,2.56307,0,2.56307,0,3.11387,0,3.13524,0,y2
14,4.432,2.56366,0,2.56366,0,3.11347,0,3.13487,0,y2
14,4.5,2.58055,0,2.58055,0,3.10046,0,3.12293,0,y2
14,4.53235678198848,2.58794,0,2.58794,0,3.09384,0,3.11681,0,y2
14,4.564,2.59476,0,2.59476,0,3.0871,0,3.11056,0,y2
14,4.63733418564895,2.60903,0,2.60903,0,3.07055,0,3.09515,0,y2
14,4.696,2.61894,0,2.61894,0,3.0564,0,3.08191,0,y2
14,4.74474305174925,2.62616,0,2.62616,0,3.04407,0,3.07035,0,y2
14,4.828,2.63642,0,2.63642,0,3.02188,0,3.04949,0,y2
14,4.85463969726226,2.63916,0,2.63916,0,3.0145,0,3.04253,0,y2
14,4.96,2.64745,0,2.64745,0,2.98398,0,3.01373,0,y2
14,4.96708174356163,2.64787,0,2.64787,0,2.98186,0,3.01172,0,y2
14,5,2.64958,0,2.64958,0,2.97186,0,3.00228,0,y2
14,5.082128146634,2.65222,0,2.65222,0,2.94611,0,2.97791,0,y2
14,5.092,2.65239,0,2.65239,0,2.94294,0,2.9749,0,y2
14,5.19983922799096,2.65218,0,2.65218,0,2.90719,0,2.94103,0,y2
14,5.224,2.65164,0,2.65164,0,2.89891,0,2.93318,0,y2
14,5.32027670629708,2.6478,0,2.6478,0,2.86495,0,2.90098,0,y2
14,5.356,2.64571,0,2.64571,0,2.85196,0,2.88865,0,y2
14,5.44350372973042,2.63916,0,2.63916,0,2.81924,0,2.85758,0,y2
14,5.488,2.6351,0,2.6351,0,2.80212,0,2.84131,0,y2
14,5.5,2.63392,0,2.63392,0,2.79744,0,2.83687,0,y2
14,5.56958490909258,2.62644,0,2.62644,0,2.76985,0,2.81065,0,y2
14,5.62,2.62037,0,2.62037,0,2.74934,0,2.79115,0,y2
14,5.69858635168566,2.60987,0,2.60987,0,2.71649,0,2.75993,0,y2
14,5.752,2.60208,0,2.60208,0,2.69356,0,2.73811,0,y2
14,5.83057569597389,2.58972,0,2.58972,0,2.65894,0,2.70514,0,y2
14,5.884,2.58076,0,2.58076,0,2.63477,0,2.68212,0,y2
14,5.96562214704798,2.56629,0,2.56629,0,2.59681,0,2.64597,0,y2
14,6,2.55993,0,2.55993,0,2.58046,0,2.63039,0,y2
14,6.016,2.55692,0,2.55692,0,2.57278,0,2.62307,0,y2
14,6.10379651291106,2.5399,0,2.5399,0,2.52981,0,2.58207,0,y2
14,6.148,2.53101,0,2.53101,0,2.50761,0,2.56089,0,y2
14,6.24517124160489,2.51085,0,2.51085,0,2.45749,0,2.51303,0,y2
14,6.28,2.5034,0,2.5034,0,2.43908,0,2.49545,0,y2
14,6.38982045919606,2.47906,0,2.47906,0,2.37954,0,2.43851,0,y2
14,6.412,2.47396,0,2.47396,0,2.36722,0,2.42673,0,y2
14,6.5,2.45301,0,2.45301,0,2.31732,0,2.37899,0,y2
14,6.53782000864209,2.44365,0,2.44365,0,2.29536,0,2.35802,0,y2
14,6.544,2.4421,0,2.4421,0,2.29175,0,2.35457,0,y2
14,6.676,2.40769,0,2.40769,0,2.21291,0,2.27907,0,y2
14,6.68924748955757,2.4041,0,2.4041,0,2.20482,0,2.2713,0,y2
14,6.808,2.37075,0,2.37075,0,2.13087,0,2.20005,0,y2
14,6.84418229890151,2.36018,0,2.36018,0,2.10787,0,2.17785,0,y2
14,6.94,2.33127,0,2.33127,0,2.0459,0,2.1179,0,y2
14,7,2.31249,0,2.31249,0,2.00627,0,2.07936,0,y2
14,7.00270567260696,2.31163,0,2.31163,0,2.00446,0,2.07761,0,y2
14,7.072,2.28925,0,2.28925,0,1.95785,0,2.03229,0,y2
14,7.16490072817498,2.25815,0,2.25815,0,1.89416,0,1.97069,0,y2
14,7.204,2.24468,0,2.24468,0,1.86705,0,1.94436,0,y2
14,7.33085250825502,2.1994,0,2.1994,0,1.77846,0,1.85682,0,y2
14,7.336,2.19751,0,2.19751,0,1.77486,0,1.85323,0,y2
14,7.468,2.1477,0,2.1477,0,1.68248,0,1.76147,0,y2
14,7.5,2.13521,0,2.13521,0,1.65987,0,1.73894,0,y2
14,7.50064802523477,2.13496,0,2.13496,0,1.65941,0,1.73848,0,y2
14,7.6,2.09517,0,2.09517,0,1.58884,0,1.66799,0,y2
14,7.67437630686284,2.06435,0,2.06435,0,1.53663,0,1.61642,0,y2
14,7.732,2.03987,0,2.03987,0,1.49685,0,1.57666,0,y2
14,7.852128442928,1.9871,0,1.9871,0,1.41698,0,1.49452,0,y2
14,7.864,1.98176,0,1.98176,0,1.40933,0,1.48658,0,y2
14,7.996,1.92078,0,1.92078,0,1.32657,0,1.40024,0,y2
14,8,1.91889,0,1.91889,0,1.32413,0,1.39769,0,y2
14,8.03399763301975,1.90269,0,1.90269,0,1.3036,0,1.37622,0,y2
14,8.128,1.8569,0,1.8569,0,1.24927,1,1.31901,0,y2
14,8.22007923539501,1.81061,0,1.81061,0,1.19981,1,1.26616,1,y2
14,8.26,1.7901,0,1.7901,0,1.17926,1,1.2442,1,y2
14,8.392,1.7204,0,1.7204,0,1.11687,1,1.17593,1,y2
14,8.41047081697666,1.71042,0,1.71042,0,1.10879,1,1.16708,1,y2
14,8.5,1.66125,0,1.66125,0,1.0713,1,1.12617,1,y2
14,8.524,1.64786,0,1.64786,0,1.06177,1,1.1157,1,y2
14,8.60527220451018,1.60184,0,1.60184,0,1.03074,1,1.0819,1,y2
14,8.656,1.5726,0,1.5726,0,1.01279,1,1.06205,1,y2
14,8.788,1.49482,0,1.49482,0,0.970292,1,1.01515,1,y2
14,8.80458553690516,1.48488,0,1.48488,0,0.965336,1,1.00962,1,y2
14,8.92,1.41479,0,1.41479,0,0.93316,1,0.973808,1,y2
14,9,1.36534,0,1.36534,0,0.912891,1,0.951489,1,y2
14,9.00851531878903,1.36004,0,1.36004,0,0.910856,1,0.949227,1,y2
14,9.052,1.33284,0,1.33284,0,0.900748,1,0.937977,1,y2
14,9.184,1.24929,1,1.24929,1,0.872903,1,0.906761,1,y2
14,9.21716847530138,1.22807,1,1.22807,1,0.866531,1,0.899701,1,y2
14,9.316,1.16463,1,1.16463,1,0.84889,1,0.880055,1,y2
14,9.43065440815721,1.09096,1,1.09096,1,0.830736,1,0.859791,1,y2
14,9.448,1.07984,1,1.07984,1,0.828184,1,0.856945,1,y2
14,9.5,1.04656,1,1.04656,1,0.820811,1,0.848732,1,y2
14,9.58,0.99547,1,0.99547,1,0.81027,1,0.836981,1,y2
14,9.64908505300886,0.951603,1,0.951603,1,0.801851,1,0.827634,1,y2
14,9.712,0.911991,1,0.911991,1,0.794702,1,0.819829,1,y2
14,9.844,0.83032,1,0.83032,1,0.781119,1,0.804803,1,y2
14,9.87257493813646,0.812954,1,0.812954,1,0.778404,1,0.801801,1,y2
14,9.976,0.751185,1,0.751185,1,0.769143,1,0.791614,1,y2
14,10,0.737124,1,0.737124,1,0.767109,1,0.789391,1,y2
14,10.1012412444978,0.67908,1,0.67908,1,0.758946,1,0.780522,1,y2
14,10.108,0.675279,1,0.675279,1,0.758422,1,0.779956,1,y2
14,10.24,0.603088,1,0.603088,1,0.74867,1,0.769483,1,y2
14,10.3352038671689,0.553501,1,0.553501,1,0.74209,1,0.762533,1,y2
14,10.372,0.53493,1,0.53493,1,0.739576,1,0.759955,1,y2
14,10.5,0.472898,1,0.472898,1,0.730785,1,0.751367,1,y2
14,10.504,0.471026,1,0.471026,1,0.73052,1,0.751106,1,y2
14,10.5745854782082,0.43862,1,0.43862,1,0.726093,1,0.74656,1,y2
14,10.636,0.411371,1,0.411371,1,0.722686,1,0.742698,1,y2
14,10.768,0.355872,1,0.355872,1,0.715473,1,0.734609,1,y2
14,10.8195115909757,0.335476,1,0.335476,1,0.712474,1,0.731499,1,y2
14,10.9,0.304715,1,0.304715,1,0.707663,1,0.726646,1,y2
14,11,0.267802,1,0.267802,1,0.701527,1,0.720577,1,y2
14,11.032,0.256465,1,0.256465,1,0.699591,1,0.718624,1,y2
14,11.0701106259433,0.243462,1,0.243462,1,0.697331,1,0.716289,1,y2
14,11.164,0.213793,1,0.213793,1,0.69189,1,0.710493,1,y2
14,11.296,0.172654,1,0.172654,1,0.683488,1,0.702518,1,y2
14,11.326513978028,0.163505,1,0.163505,1,0.681447,1,0.700741,1,y2
14,11.428,0.134336,1,0.134336,1,0.674825,1,0.694528,1,y2
14,11.5,0.11474,1,0.11474,1,0.670259,1,0.689633,1,y2
14,11.56,0.0989219,1,0.0989219,1,0.666369,1,0.68557,1,y2
14,11.5888560854857,0.0915032,1,0.0915032,1,0.66445,1,0.683667,1,y2
14,11.692,0.0660725,1,0.0660725,1,0.657605,1,0.676827,1,y2
14,11.824,0.0353582,1,0.0353582,1,0.648227,1,0.667685,1,y2
14,11.8572745004004,0.0278117,1,0.0278117,1,0.645658,1,0.665281,1,y2
14,11.956,0.0056506,1,0.0056506,1,0.638157,1,0.657978,1,y2
14,12,0,1,0,1,0.634929,1,0.654658,1,y2
14,12.088,0,1,0,1,0.628661,1,0.647952,1,y2
14,12.1319099608055,0,1,0,1,0.625528,1,0.644619,1,y2
14,12.22,0,1,0,1,0.618365,1,0.638048,1,y2
14,12.352,0,1,0,1,0.607284,1,0.627526,1,y2
14,12.4129064644764,0,1,0,1,0.602436,1,0.622152,1,y2
14,12.484,0,1,0,1,0.596485,1,0.616095,1,y2
14,12.5,0,1,0,1,0.595076,1,0.614795,1,y2
14,12.616,0,1,0,1,0.584388,1,0.605498,1,y2
14,12.7004113444319,0,1,0,1,0.57677,1,0.597501,1,y2
14,12.748,0,1,0,1,0.572606,1,0.59321,1,y2
14,12.88,0,1,0,1,0.560712,1,0.581378,1,y2
14,12.9945753461841,0,1,0,1,0.549586,1,0.570356,1,y2
14,13,0,1,0,1,0.549065,1,0.569851,1,y2
14,13.012,0,1,0,1,0.547923,1,0.568742,1,y2
14,13.144,0,1,0,1,0.535457,1,0.55607,1,y2
14,13.276,0,1,0,1,0.522284,1,0.542869,1,y2
14,13.295552706778,0,1,0,1,0.520239,1,0.540991,1,y2
14,13.408,0,1,0,1,0.508622,1,0.529418,1,y2
14,13.5,0,1,0,1,0.499057,1,0.519913,1,y2
14,13.54,0,1,0,1,0.494906,1,0.515727,1,y2
14,13.6035012356615,0,1,0,1,0.488342,1,0.509003,1,y2
14,13.672,0,1,0,1,0.480746,1,0.501693,1,y2
14,13.804,0,1,0,1,0.466556,1,0.487348,1,y2
14,13.9185823974285,0,1,0,1,0.453714,1,0.474682,1,y2
14,13.936,0,1,0,1,0.45177,1,0.472739,1,y2
14,14,0,1,0,1,0.444547,1,0.465551,1,y2
14,14.068,0,1,0,1,0.43682,1,0.457826,1,y2
14,14.2,0,1,0,1,0.421668,1,0.44262,1,y2
14,14.2409613964788,0,1,0,1,0.416911,1,0.437847,1,y2
14,14.332,0,1,0,1,0.406179,1,0.427167,1,y2
14,14.464,0,1,0,1,0.390535,1,0.411651,1,y2
14,14.5,0,1,0,1,0.38623,1,0.407348,1,y2
14,14.5708072636384,0,1,0,1,0.37772,1,0.398773,1,y2
14,14.596,0,1,0,1,0.374674,1,0.3957,1,y2
14,14.728,0,1,0,1,0.358576,1,0.379501,1,y2
14,14.86,0,1,0,1,0.34226,1,0.36326,1,y2
14,14.9082929447861,0,1,0,1,0.336239,1,0.357241,1,y2
14,14.992,0,1,0,1,0.325734,1,0.346667,1,y2
14,15,0,1,0,1,0.324726,1,0.345646,1,y2
14,15.124,0,1,0,1,0.309004,1,0.32994,1,y2
14,15.2535953915336,0,1,0,1,0.292386,1,0.31337,1,y2
14,15.256,0,1,0,1,0.292076,1,0.313052,1,y2
14,15.388,0,1,0,1,0.274977,1,0.295761,1,y2
14,15.5,0,1,0,1,0.260319,1,0.281163,1,y2
14,15.52,0,1,0,1,0.25768,1,0.278478,1,y2
14,15.606895654005,0,1,0,1,0.246148,1,0.266864,1,y2
14,15.652,0,1,0,1,0.240149,1,0.260849,1,y2
14,15.784,0,1,0,1,0.222642,1,0.243341,1,y2
14,15.916,0,1,0,1,0.204957,1,0.225423,1,y2
14,15.9683789757655,0,1,0,1,0.197842,1,0.218237,1,y2
14,16,0,1,0,1,0.193528,1,0.213879,1,y2
14,16.048,0,1,0,1,0.186959,1,0.207308,1,y2
14,16.18,0,1,0,1,0.168796,1,0.189166,1,y2
14,16.312,0,1,0,1,0.15059,1,0.170821,1,y2
14,16.3382348909494,0,1,0,1,0.146937,1,0.167164,1,y2
14,16.444,0,1,0,1,0.132125,1,0.1524,1,y2
14,16.5,0,1,0,1,0.124301,1,0.144488,1,y2
14,16.576,0,1,0,1,0.113767,1,0.133764,1,y2
14,16.708,0,1,0,1,0.0952475,1,0.115,1,y2
14,16.7166573236367,0,1,0,1,0.0940148,1,0.113773,1,y2
14,16.84,0,1,0,1,0.0763338,1,0.0961926,1,y2
14,16.972,0,1,0,1,0.0574495,1,0.0770801,1,y2
14,17,0,1,0,1,0.0534367,1,0.0729617,1,y2
14,17.1038446895323,0,1,0,1,0.0384512,1,0.0580393,1,y2
14,17.104,0,1,0,1,0.0384286,1,0.0580171,1,y2
14,17.236,0,1,0,1,0.0191511,1,0.0388015,1,y2
14,17.368,0,1,0,1,0,1,0.0194098,1,y2
14,17.5,0,1,0,1,0,1,0,1,y2
15,1,0,1,0,1,0,1,0,1,y2
15,1.02190077866029,0,1,0,1,0,1,0,1,y2
15,1.04428120142651,0,1,0,1,0,1,0,1,y2
15,1.06715177287806,0,1,0,1,0,1,0,1,y2
15,1.0905232276528,0,1,0,1,0,1,0,1,y2
15,1.112,0,1,0,1,0,1,0,1,y2
15,1.11440653548553,0,1,0,1,0,1,0,1,y2
15,1.13881290635678,0,1,0,1,0,1,0,1,y2
15,1.16375379575438,0,1,0,1,0,1,0,1,y2
15,1.18924091005028,0,1,0,1,0,1,0,1,y2
15,1.21528621199505,0,1,0,1,0,1,0,1,y2
15,1.224,0,1,0,1,0,1,0,1,y2
15,1.24190192633286,0,1,0,1,0,1,0,1,y2
15,1.26910054553927,0,1,0,1,0,1,0,1,y2
15,1.29689483568478,0,1,0,1,0,1,0,1,y2
15,1.32529784242679,0,1,0,1,0,1,0,1,y2
15,1.336,0,1,0,1,0,1,0,1,y2
15,1.35432289713274,0,1,0,1,0,1,0,1,y2
15,1.38398362313741,0,1,0,1,0,1,0,1,y2
15,1.41429394213721,0,1,0,1,0,1,0,1,y2
15,1.44526808072455,0,1,0,1,0,1,0,1,y2
15,1.448,0,1,0,1,0,1,0,1,y2
15,1.47692057706528,0,1,0,1,0,1,0,1,y2
15,1.5,0,1,0,1,0,1,0,1,y2
15,1.50926628772242,0,1,0,1,0,1,0,1,y2
15,1.54232039462927,0,1,0,1,0,1,0,1,y2
15,1.56,0,1,0,1,0,1,0,1,y2
15,1.5760984122153,0,1,0,1,0,1,0,1,y2
15,1.61061619468806,0,1,0,1,0,1,0,1,y2
15,1.64588994347461,0,1,0,1,0,1,0,1,y2
15,1.672,0,1,0,1,0,1,0,1,y2
15,1.68193621482585,0,1,0,1,0,1,0,1,y2
15,1.71877192758748,0,1,0,1,0,1,0,1,y2
15,1.7564143711411,0,1,0,1,0,1,0,1,y2
15,1.784,0,1,0,1,0,1,0,1,y2
15,1.79488121351921,0,1,0,1,0,1,0,1,y2
15,1.83419050969801,0,1,0,1,0,1,0,1,y2
15,1.87436071007172,0,1,0,1,0,1,0,1,y2
15,1.896,0,1,0,1,0,1,0,1,y2
15,1.91541066911255,0,1,0,1,0,1,0,1,y2
15,1.95735965422034,0,1,0,1,0,1,0,1,y2
15,2,0,1,0,1,0,1,0,1,y2
15,2.00022735476601,0,1,0,1,0,1,0,1,y2
15,2.008,0,1,0,1,0,1,0,1,y2
15,2.044033891333,0,1,0,1,0,1,0,1,y2
15,2.08879982516122,0,1,0,1,0,1,0,1,y2
15,2.12,0,1,0,1,0,1,0,1,y2
15,2.13454616779773,0,1,0,1,0,1,0,1,y2
15,2.18129439095885,0,1,0,1,0,1,0,1,y2
15,2.22906643660817,0,1,0,1,0,1,0,1,y2
15,2.232,0,1,0,1,0,1,0,1,y2
15,2.27788472725541,0.154874,1,0.154874,1,0,1,0,1,y2
15,2.3277721764807,0.336056,1,0.336056,1,0,1,0,1,y2
15,2.344,0.390482,1,0.390482,1,0,1,0,1,y2
15,2.37875219968939,0.500553,1,0.500553,1,0,1,0,1,y2
15,2.43084872510247,0.650986,1,0.650986,1,0,1,0,1,y2
15,2.456,0.718157,1,0.718157,1,0,1,0,1,y2
15,2.48408620498759,0.789434,1,0.789434,1,0,1,0,1,y2
15,2.5,0.828228,1,0.828228,1,0,1,0,1,y2
15,2.53848962713611,0.917562,1,0.917562,1,0,1,0,1,y2
15,2.568,0.982218,1,0.982218,1,0,1,0,1,y2
15,2.59408452659146,1.03676,1,1.03676,1,0,1,0,1,y2
15,2.65089699763443,1.14795,1,1.14795,1,0,1,0,1,y2
15,2.68,1.2012,1,1.2012,1,0,1,0,1,y2
15,2.70895370603086,1.25202,1,1.25202,1,0,1,0,1,y2
15,2.76828190154762,1.34978,0,1.34978,0,0,1,0,1,y2
15,2.792,1.3867,0,1.3867,0,0,1,0,1,y2
15,2.8289094307427,1.44183,0,1.44183,0,0,1,0,1,y2
15,2.89086475003541,1.52868,0,1.52868,0,0,1,0,1,y2
15,2.904,1.54623,0,1.54623,0,0,1,0,1,y2
15,2.95417693906278,1.6108,0,1.6108,0,0.0580601,1,0,1,y2
15,3,1.6665,0,1.6665,0,0.165224,1,0.0237725,1,y2
15,3.016,1.68526,0,1.68526,0,0.201889,1,0.0608988,1,y2
15,3.01887571432853,1.6886,0,1.6886,0,0.208437,1,0.0675257,1,y2
15,3.08499144315097,1.7624,0,1.7624,0,0.355557,1,0.216655,1,y2
15,3.128,1.80746,0,1.80746,0,0.447976,1,0.310456,1,y2
15,3.15255515791632,1.8322,0,1.8322,0,0.49965,1,0.363034,1,y2
15,3.2215985706442,1.89866,0,1.89866,0,0.640911,1,0.506379,1,y2
15,3.24,1.91559,0,1.91559,0,0.677594,1,0.543739,1,y2
15,3.2921540878722,1.9619,0,1.9619,0,0.7791,1,0.647702,1,y2
15,3.352,2.01223,0,2.01223,0,0.891763,1,0.763659,1,y2
15,3.36425482586626,2.02218,0,2.02218,0,0.914388,1,0.786951,1,y2
15,3.43793462616438,2.07975,0,2.07975,0,1.04709,1,0.924486,1,y2
15,3.464,2.0992,0,2.0992,0,1.09233,1,0.971295,1,y2
15,3.5,2.12532,0,2.12532,0,1.15408,1,1.03493,1,y2
15,3.51322807146056,2.13471,0,2.13471,0,1.17649,1,1.05804,1,y2
15,3.576,2.17773,0,2.17773,0,1.28187,0,1.16584,1,y2
15,3.59017050183674,2.18711,0,2.18711,0,1.30501,0,1.18971,1,y2
15,3.66879803135018,2.23699,0,2.23699,0,1.42915,0,1.31915,0,y2
15,3.688,2.24863,0,2.24863,0,1.45872,0,1.34993,0,y2
15,3.74914756498409,2.2844,0,2.2844,0,1.55118,0,1.44578,0,y2
15,3.8,2.31263,0,2.31263,0,1.62572,0,1.52293,0,y2
15,3.83125681596958,2.32932,0,2.32932,0,1.67054,0,1.56986,0,y2
15,3.912,2.37026,0,2.37026,0,1.78282,0,1.68751,0,y2
15,3.91516432348687,2.3718,0,2.3718,0,1.78712,0,1.69202,0,y2
15,4,2.41133,0,2.41133,0,1.89973,0,1.81034,0,y2
15,4.00090947075423,2.41173,0,2.41173,0,1.90091,0,1.81158,0,y2
15,4.024,2.42192,0,2.42192,0,1.93065,0,1.84289,0,y2
15,4.08853250351308,2.4491,0,2.4491,0,2.0118,0,1.92847,0,y2
15,4.136,2.46791,0,2.46791,0,2.06966,0,1.98964,0,y2
15,4.17807454891793,2.48378,0,2.48378,0,2.11967,0,2.04262,0,y2
15,4.248,2.50847,0,2.50847,0,2.20019,0,2.12812,0,y2
15,4.26957763483998,2.51567,0,2.51567,0,2.22438,0,2.15387,0,y2
15,4.36,2.54374,0,2.54374,0,2.32241,0,2.25853,0,y2
15,4.36308470959355,2.54463,0,2.54463,0,2.32567,0,2.262,0,y2
15,4.45863966209446,2.57051,0,2.57051,0,2.42328,0,2.36674,0,y2
15,4.472,2.57384,0,2.57384,0,2.43645,0,2.38091,0,y2
15,4.5,2.58057,0,2.58057,0,2.46364,0,2.41024,0,y2
15,4.55628734245999,2.59315,0,2.59315,0,2.51673,0,2.46764,0,y2
15,4.584,2.59887,0,2.59887,0,2.54209,0,2.49513,0,y2
15,4.6560735830599,2.61235,0,2.61235,0,2.60554,0,2.5642,0,y2
15,4.696,2.61895,0,2.61895,0,2.6391,0,2.60093,0,y2
15,4.75804522002853,2.62798,0,2.62798,0,2.689,0,2.65573,0,y2
15,4.808,2.6342,0,2.6342,0,2.7271,0,2.69781,0,y2
15,4.86225011524803,2.6399,0,2.6399,0,2.7663,0,2.74135,0,y2
15,4.92,2.64477,0,2.64477,0,2.80549,0,2.78517,0,y2
15,4.96873717881306,2.64797,0,2.64797,0,2.83647,0,2.82002,0,y2
15,5,2.64958,0,2.64958,0,2.85529,0,2.84132,0,y2
15,5.032,2.65088,0,2.65088,0,2.87369,0,2.86224,0,y2
15,5.07755639198741,2.65213,0,2.65213,0,2.89833,0,2.89043,0,y2
15,5.144,2.65275,0,2.65275,0,2.93095,0,2.92812,0,y2
15,5.18875883066347,2.65238,0,2.65238,0,2.95066,0,2.95115,0,y2
15,5.256,2.65067,0,2.65067,0,2.97671,0,2.98203,0,y2
15,5.30239668933547,2.64872,0,2.64872,0,2.99216,0,3.00065,0,y2
15,5.368,2.64493,0,2.64493,0,3.01045,0,3.02311,0,y2
15,5.41852330559767,2.64123,0,2.64123,0,3.0216,0,3.03719,0,y2
15,5.48,2.63586,0,2.63586,0,3.03169,0,3.05055,0,y2
15,5.5,2.63392,0,2.63392,0,3.03417,0,3.05401,0,y2
15,5.5371931851792,2.63006,0,2.63006,0,3.03772,0,3.05928,0,y2
15,5.592,2.62381,0,2.62381,0,3.04042,0,3.06429,0,y2
15,5.65846202752709,2.61538,0,2.61538,0,3.03967,0,3.06589,0,y2
15,5.704,2.60911,0,2.60911,0,3.03662,0,3.06412,0,y2
15,5.78238675194963,2.59742,0,2.59742,0,3.02656,0,3.05558,0,y2
15,5.816,2.59209,0,2.59209,0,3.02042,0,3.04988,0,y2
15,5.90902552433228,2.57642,0,2.57642,0,2.99801,0,3.02834,0,y2
15,5.928,2.57307,0,2.57307,0,2.99252,0,3.02298,0,y2
15,6,2.55993,0,2.55993,0,2.96896,0,2.9993,0,y2
15,6.0384377844387,2.55265,0,2.55265,0,2.95455,0,2.98432,0,y2
15,6.04,2.55235,0,2.55235,0,2.95394,0,2.98368,0,y2
15,6.152,2.5302,0,2.5302,0,2.90477,0,2.9337,0,y2
15,6.17068427380964,2.52638,0,2.52638,0,2.89572,0,2.92489,0,y2
15,6.264,2.50683,0,2.50683,0,2.84863,0,2.87544,0,y2
15,6.30582706427289,2.49779,0,2.49779,0,2.82623,0,2.85082,0,y2
15,6.376,2.48221,0,2.48221,0,2.78578,0,2.8093,0,y2
15,6.44392958707761,2.4665,0,2.4665,0,2.74428,0,2.76546,0,y2
15,6.488,2.45594,0,2.45594,0,2.71694,0,2.736,0,y2
15,6.5,2.45301,0,2.45301,0,2.70941,0,2.72803,0,y2
15,6.5850566626667,2.43168,0,2.43168,0,2.65444,0,2.67009,0,y2
15,6.6,2.42782,0,2.42782,0,2.64443,0,2.65941,0,y2
15,6.712,2.39787,0,2.39787,0,2.56616,0,2.5753,0,y2
15,6.72927453110125,2.39309,0,2.39309,0,2.55389,0,2.56221,0,y2
15,6.824,2.3661,0,2.3661,0,2.48747,0,2.49018,0,y2
15,6.87665088315124,2.35053,0,2.35053,0,2.45073,0,2.45088,0,y2
15,6.936,2.3325,0,2.3325,0,2.40958,0,2.40651,0,y2
15,7,2.31248,0,2.31248,0,2.36569,0,2.35938,0,y2
15,7.02725489206724,2.30378,0,2.30378,0,2.34709,0,2.33939,0,y2
15,7.048,2.29708,0,2.29708,0,2.33298,0,2.32422,0,y2
15,7.16,2.25982,0,2.25982,0,2.2577,0,2.24352,0,y2
15,7.18115724604786,2.25257,0,2.25257,0,2.2437,0,2.22852,0,y2
15,7.272,2.2207,0,2.2207,0,2.18441,0,2.16488,0,y2
15,7.33843018141831,2.1966,0,2.1966,0,2.14206,0,2.1195,0,y2
15,7.384,2.17969,0,2.17969,0,2.11359,0,2.08885,0,y2
15,7.496,2.13676,0,2.13676,0,2.04589,0,2.01597,0,y2
15,7.49914751653556,2.13552,0,2.13552,0,2.04403,0,2.01397,0,y2
15,7.5,2.13519,0,2.13519,0,2.04353,0,2.01343,0,y2
15,7.608,2.09188,0,2.09188,0,1.98155,0,1.94665,0,y2
15,7.66338468643608,2.06895,0,2.06895,0,1.95103,0,1.91379,0,y2
15,7.72,2.04501,0,2.04501,0,1.9208,0,1.88114,0,y2
15,7.83121877824239,1.99646,0,1.99646,0,1.86435,0,1.82007,0,y2
15,7.832,1.99611,0,1.99611,0,1.86397,0,1.81966,0,y2
15,7.944,1.94516,0,1.94516,0,1.81182,0,1.76239,0,y2
15,8,1.9189,0,1.9189,0,1.78763,0,1.73541,0,y2
15,8.002728567345,1.91761,0,1.91761,0,1.78648,0,1.73412,0,y2
15,8.056,1.89212,0,1.89212,0,1.76455,0,1.70952,0,y2
15,8.168,1.83698,0,1.83698,0,1.72126,0,1.66114,0,y2
15,8.17799455437682,1.83196,0,1.83196,0,1.71757,0,1.65704,0,y2
15,8.28,1.77974,0,1.77974,0,1.6813,0,1.61727,0,y2
15,8.3570990029973,1.73912,0,1.73912,0,1.65605,0,1.58971,0,y2
15,8.392,1.72042,0,1.72042,0,1.64537,0,1.57795,0,y2
15,8.5,1.66128,0,1.66128,0,1.61542,0,1.54429,0,y2
15,8.504,1.65905,0,1.65905,0,1.6144,0,1.54313,0,y2
15,8.54012597850409,1.63883,0,1.63883,0,1.60551,0,1.53288,0,y2
15,8.616,1.59572,0,1.59572,0,1.58837,0,1.51273,0,y2
15,8.72716138729032,1.53105,0,1.53105,0,1.56586,0,1.48686,0,y2
15,8.728,1.53055,0,1.53055,0,1.5657,0,1.48669,0,y2
15,8.84,1.46366,0,1.46366,0,1.54642,0,1.46503,0,y2
15,8.91829301716601,1.41602,0,1.41602,0,1.5355,0,1.45233,0,y2
15,8.952,1.3953,0,1.3953,0,1.53155,0,1.44748,0,y2
15,9,1.36561,0,1.36561,0,1.52679,0,1.44121,0,y2
15,9.064,1.32571,0,1.32571,0,1.52163,0,1.43399,0,y2
15,9.11361057856259,1.29454,0,1.29454,0,1.51811,0,1.42927,0,y2
15,9.176,1.25517,1,1.25517,1,1.51394,0,1.42438,0,y2
15,9.288,1.18408,1,1.18408,1,1.50862,0,1.41853,0,y2
15,9.31320574663979,1.16805,1,1.16805,1,1.50795,0,1.41771,0,y2
15,9.4,1.11272,1,1.11272,1,1.50733,0,1.41623,0,y2
15,9.5,1.04883,1,1.04883,1,1.5096,0,1.41709,0,y2
15,9.512,1.04117,1,1.04117,1,1.51004,0,1.41737,0,y2
15,9.51717220431471,1.03787,1,1.03787,1,1.51024,0,1.41751,0,y2
15,9.624,0.969909,1,0.969909,1,1.51527,0,1.42176,0,y2
15,9.72560568623329,0.905951,1,0.905951,1,1.5222,0,1.42834,0,y2
15,9.736,0.899464,1,0.899464,1,1.52304,0,1.42915,0,y2
15,9.848,0.830375,1,0.830375,1,1.53367,0,1.43936,0,y2
15,9.93860402370477,0.77577,1,0.77577,1,1.54396,0,1.44965,0,y2
15,9.96,0.763076,1,0.763076,1,1.5466,0,1.45233,0,y2
15,10,0.739578,1,0.739578,1,1.55174,0,1.4576,0,y2
15,10.072,0.698128,1,0.698128,1,1.56172,0,1.46785,0,y2
15,10.1562671906202,0.650995,1,0.650995,1,1.57456,0,1.48103,0,y2
15,10.184,0.635821,1,0.635821,1,1.57903,0,1.48563,0,y2
15,10.296,0.576206,1,0.576206,1,1.5983,0,1.50557,0,y2
15,10.3786973503768,0.533981,1,0.533981,1,1.61362,0,1.52162,0,y2
15,10.408,0.519408,1,0.519408,1,1.61925,0,1.52755,0,y2
15,10.5,0.475263,1,0.475263,1,1.63765,0,1.54698,0,y2
15,10.52,0.466008,1,0.466008,1,1.64179,0,1.55136,0,y2
15,10.6059989038295,0.427291,1,0.427291,1,1.66013,0,1.57071,0,y2
15,10.632,0.415863,1,0.415863,1,1.66583,0,1.57674,0,y2
15,10.744,0.368066,1,0.368066,1,1.69103,0,1.60361,0,y2
15,10.8382785382936,0.330494,1,0.330494,1,1.71312,0,1.62728,0,y2
15,10.856,0.323693,1,0.323693,1,1.71736,0,1.63182,0,y2
15,10.968,0.281689,1,0.281689,1,1.7447,0,1.6612,0,y2
15,11,0.270047,1,0.270047,1,1.75265,0,1.66978,0,y2
15,11.0756452776194,0.244323,1,0.244323,1,1.77165,0,1.69036,0,y2
15,11.08,0.242909,1,0.242909,1,1.77276,0,1.69156,0,y2
15,11.192,0.206242,1,0.206242,1,1.80141,0,1.72273,0,y2
15,11.304,0.170694,1,0.170694,1,1.82658,0,1.75454,0,y2
15,11.3182105333644,0.16644,1,0.16644,1,1.82886,0,1.75842,0,y2
15,11.416,0.138619,1,0.138619,1,1.83452,0,1.77875,0,y2
15,11.5,0.115219,1,0.115219,1,1.82594,0,1.78286,0,y2
15,11.528,0.107564,1,0.107564,1,1.82098,0,1.78178,0,y2
15,11.5660881570862,0.0975925,1,0.0975925,1,1.8127,0,1.77859,0,y2
15,11.64,0.0795301,1,0.0795301,1,1.79186,0,1.76717,0,y2
15,11.752,0.0528218,1,0.0528218,1,1.7489,0,1.73798,0,y2
15,11.81939449378,0.0377695,1,0.0377695,1,1.7168,0,1.71393,0,y2
15,11.864,0.0282152,1,0.0282152,1,1.69316,0,1.69543,0,y2
15,11.976,0.00280877,1,0.00280877,1,1.62581,0,1.64028,0,y2
15,12,0,1,0,1,1.6097,0,1.62689,0,y2
15,12.0782484364869,0,1,0,1,1.5544,0,1.57958,0,y2
15,12.088,0,1,0,1,1.54717,0,1.5733,0,y2
15,12.2,0,1,0,1,1.45869,0,1.49505,0,y2
15,12.312,0,1,0,1,1.36119,0,1.40669,0,y2
15,12.3427714820985,0,1,0,1,1.33288,0,1.38108,0,y2
15,12.424,0,1,0,1,1.25574,1,1.31063,0,y2
15,12.5,0,1,0,1,1.1793,1,1.24001,1,y2
15,12.536,0,1,0,1,1.14215,1,1.20541,1,y2
15,12.6130877883825,0,1,0,1,1.06003,1,1.12905,1,y2
15,12.648,0,1,0,1,1.02161,1,1.09301,1,y2
15,12.76,0,1,0,1,0.894969,1,0.973687,1,y2
15,12.872,0,1,0,1,0.76259,1,0.846794,1,y2
15,12.8893242322587,0,1,0,1,0.741702,1,0.826664,1,y2
15,12.984,0,1,0,1,0.624913,1,0.714893,1,y2
15,13,0,1,0,1,0.604818,1,0.695589,1,y2
15,13.096,0,1,0,1,0.48224,1,0.577601,1,y2
15,13.1716104693501,0,1,0,1,0.383386,1,0.482145,1,y2
15,13.208,0,1,0,1,0.334965,1,0.435413,1,y2
15,13.32,0,1,0,1,0.183335,1,0.288862,1,y2
15,13.432,0,1,0,1,0.0283542,1,0.137745,1,y2
15,13.4600789948389,0,1,0,1,0,1,0.0993357,1,y2
15,13.5,0,1,0,1,0,1,0.0437567,1,y2
15,13.544,0,1,0,1,0,1,0,1,y2
15,13.656,0,1,0,1,0,1,0,1,y2
15,13.7548652056549,0,1,0,1,0,1,0,1,y2
15,13.768,0,1,0,1,0,1,0,1,y2
15,13.88,0,1,0,1,0,1,0,1,y2
15,13.992,0,1,0,1,0,1,0,1,y2
15,14,0,1,0,1,0,1,0,1,y2
15,14.0561074640261,0,1,0,1,0,1,0,1,y2
15,14.104,0,1,0,1,0,1,0,1,y2
15,14.216,0,1,0,1,0,1,0,1,y2
15,14.328,0,1,0,1,0,1,0,1,y2
15,14.3639471624211,0,1,0,1,0,1,0,1,y2
15,14.44,0,1,0,1,0,1,0,1,y2
15,14.5,0,1,0,1,0,1,0,1,y2
15,14.552,0,1,0,1,0,1,0,1,y2
15,14.664,0,1,0,1,0,1,0,1,y2
15,14.6785287899134,0,1,0,1,0,1,0,1,y2
15,14.776,0,1,0,1,0,1,0,1,y2
15,14.888,0,1,0,1,0,1,0,1,y2
15,15,0,1,0,1,0,1,0,1,y2
16,1,0,1,0,1,0,1,0,1,y2
16,1.02292452562226,0,1,0,1,0,1,0,1,y2
16,1.04637458511953,0,1,0,1,0,1,0,1,y2
16,1.07036222610658,0,1,0,1,0,1,0,1,y2
16,1.09489977238406,0,1,0,1,0,1,0,1,y2
16,1.11999983026989,0,1,0,1,0,1,0,1,y2
16,1.128,0,1,0,1,0,1,0,1,y2
16,1.14567529507584,0,1,0,1,0,1,0,1,y2
16,1.17193935773259,0,1,0,1,0,1,0,1,y2
16,1.19880551156667,0,1,0,1,0,1,0,1,y2
16,1.22628755923269,0,1,0,1,0,1,0,1,y2
16,1.25439961980458,0,1,0,1,0,1,0,1,y2
16,1.256,0,1,0,1,0,1,0,1,y2
16,1.28315613602934,0,1,0,1,0,1,0,1,y2
16,1.31257188174711,0,1,0,1,0,1,0,1,y2
16,1.34266196948128,0,1,0,1,0,1,0,1,y2
16,1.37344185820269,0,1,0,1,0,1,0,1,y2
16,1.384,0,1,0,1,0,1,0,1,y2
16,1.40492736127174,0,1,0,1,0,1,0,1,y2
16,1.43713465456263,0,1,0,1,0,1,0,1,y2
16,1.47008028477379,0,1,0,1,0,1,0,1,y2
16,1.5,0,1,0,1,0,1,0,1,y2
16,1.50378117792886,0,1,0,1,0,1,0,1,y2
16,1.512,0,1,0,1,0,1,0,1,y2
16,1.53825464807257,0,1,0,1,0,1,0,1,y2
16,1.57351840616587,0,1,0,1,0,1,0,1,y2
16,1.60959056918512,0,1,0,1,0,1,0,1,y2
16,1.64,0,1,0,1,0,1,0,1,y2
16,1.64648966942975,0,1,0,1,0,1,0,1,y2
16,1.68423466404338,0,1,0,1,0,1,0,1,y2
16,1.72284494475314,0,1,0,1,0,1,0,1,y2
16,1.76234034783232,0,1,0,1,0,1,0,1,y2
16,1.768,0,1,0,1,0,1,0,1,y2
16,1.80274116429134,0,1,0,1,0,1,0,1,y2
16,1.84406815030244,0,1,0,1,0,1,0,1,y2
16,1.88634253786325,0,1,0,1,0,1,0,1,y2
16,1.896,0,1,0,1,0,1,0,1,y2
16,1.92958604570485,0,1,0,1,0,1,0,1,y2
16,1.97382089044997,0,1,0,1,0,1,0,1,y2
16,2,0,1,0,1,0,1,0,1,y2
16,2.01906979802684,0,1,0,1,0,1,0,1,y2
16,2.024,0,1,0,1,0,1,0,1,y2
16,2.06535601534484,0,1,0,1,0,1,0,1,y2
16,2.11270332223771,0,1,0,1,0,1,0,1,y2
16,2.152,0,1,0,1,0,1,0,1,y2
16,2.16113604368058,0,1,0,1,0,1,0,1,y2
16,2.21067906228713,0,1,0,1,0,1,0,1,y2
16,2.26135783109312,0.0896408,1,0.0896408,1,0,1,0,1,y2
16,2.28,0.163024,1,0.163024,1,0,1,0,1,y2
16,2.31319838663312,0.28538,1,0.28538,1,0,1,0,1,y2
16,2.36622736231686,0.461845,1,0.461845,1,0,1,0,1,y2
16,2.408,0.586996,1,0.586996,1,0,1,0,1,y2
16,2.42047200211239,0.622285,1,0.622285,1,0,1,0,1,y2
16,2.47596017454278,0.769187,1,0.769187,1,0,1,0,1,y2
16,2.5,0.82823,1,0.82823,1,0,1,0,1,y2
16,2.53272038700378,0.904539,1,0.904539,1,0,1,0,1,y2
16,2.536,0.911958,1,0.911958,1,0,1,0,1,y2
16,2.59078180040967,1.02997,1,1.02997,1,0,1,0,1,y2
16,2.65017424417485,1.1466,1,1.1466,1,0,1,0,1,y2
16,2.664,1.17223,1,1.17223,1,0,1,0,1,y2
16,2.71092823153889,1.25541,1,1.25541,1,0,1,0,1,y2
16,2.77307497524291,1.35734,0,1.35734,0,0,1,0,1,y2
16,2.792,1.3867,0,1.3867,0,0,1,0,1,y2
16,2.83664640356532,1.45305,0,1.45305,0,0.0136647,1,0,1,y2
16,2.90167517672514,1.54315,0,1.54315,0,0.100633,1,0,1,y2
16,2.92,1.56725,0,1.56725,0,0.124431,1,0,1,y2
16,2.96819470366146,1.62815,0,1.62815,0,0.185595,1,0.0490235,1,y2
16,3,1.6665,0,1.6665,0,0.224875,1,0.0905788,1,y2
16,3.0362391591974,1.70852,0,1.70852,0,0.268627,1,0.136853,1,y2
16,3.048,1.7218,0,1.7218,0,0.282603,1,0.15163,1,y2
16,3.10584350159773,1.78453,0,1.78453,0,0.349807,1,0.222677,1,y2
16,3.176,1.85528,0,1.85528,0,0.428057,1,0.305404,1,y2
16,3.17704349052884,1.85629,0,1.85629,0,0.429195,1,0.306608,1,y2
16,3.24987570543051,1.92457,0,1.92457,0,0.50685,1,0.388898,1,y2
16,3.304,1.97211,0,1.97211,0,0.562392,1,0.447937,1,y2
16,3.32437756430881,1.98938,0,1.98938,0,0.582849,1,0.469696,1,y2
16,3.40058734295987,2.05109,0,2.05109,0,0.657229,1,0.548691,1,y2
16,3.432,2.07529,0,2.07529,0,0.686959,1,0.580148,1,y2
16,3.47854419463429,2.10989,0,2.10989,0,0.730044,1,0.625667,1,y2
16,3.5,2.12536,0,2.12536,0,0.749533,1,0.646268,1,y2
16,3.55828817015235,2.16587,0,2.16587,0,0.801332,1,0.70118,1,y2
16,3.56,2.16703,0,2.16703,0,0.802828,1,0.702771,1,y2
16,3.6398602384804,2.21908,0,2.21908,0,0.871114,1,0.775494,1,y2
16,3.688,2.24867,0,2.24867,0,0.910895,1,0.817671,1,y2
16,3.72330230777889,2.26956,0,2.26956,0,0.939435,1,0.847734,1,y2
16,3.80865724693299,2.31733,0,2.31733,0,1.00632,1,0.91789,1,y2
16,3.816,2.32127,0,2.32127,0,1.01194,1,0.923785,1,y2
16,3.89596890757671,2.36241,0,2.36241,0,1.07178,1,0.986626,1,y2
16,3.944,2.38564,0,2.38564,0,1.10658,1,1.02314,1,y2
16,3.98528214662199,2.40473,0,2.40473,0,1.13582,1,1.0538,1,y2
16,4,2.41135,0,2.41135,0,1.1461,1,1.06457,1,y2
16,4.072,2.44234,0,2.44234,0,1.19532,1,1.11617,1,y2
16,4.07664284930416,2.44425,0,2.44425,0,1.19844,1,1.11944,1,y2
16,4.17009795275584,2.48085,0,2.48085,0,1.25961,1,1.18363,1,y2
16,4.2,2.49177,0,2.49177,0,1.27859,0,1.20356,1,y2
16,4.26569547012113,2.51441,0,2.51441,0,1.31931,0,1.2464,1,y2
16,4.328,2.53421,0,2.53421,0,1.35672,0,1.28591,0,y2
16,4.36348451522268,2.54477,0,2.54477,0,1.3775,0,1.30792,0,y2
16,4.456,2.56986,0,2.56986,0,1.42995,0,1.36353,0,y2
16,4.46351532779424,2.57175,0,2.57175,0,1.43411,0,1.36794,0,y2
16,4.5,2.58058,0,2.58058,0,1.45403,0,1.3891,0,y2
16,4.56583929929161,2.59517,0,2.59517,0,1.48903,0,1.42631,0,y2
16,4.584,2.59889,0,2.59889,0,1.49847,0,1.43635,0,y2
16,4.67050899929535,2.61482,0,2.61482,0,1.54216,0,1.4829,0,y2
16,4.712,2.62143,0,2.62143,0,1.56238,0,1.50447,0,y2
16,4.77757820251869,2.63053,0,2.63053,0,1.59337,0,1.53756,0,y2
16,4.84,2.6377,0,2.6377,0,1.62175,0,1.56795,0,y2
16,4.88710191643468,2.64215,0,2.64215,0,1.64244,0,1.59015,0,y2
16,4.968,2.64793,0,2.64793,0,1.67651,0,1.6268,0,y2
16,4.99913640953659,2.64955,0,2.64955,0,1.68912,0,1.64041,0,y2
16,5,2.64959,0,2.64959,0,1.68947,0,1.64078,0,y2
16,5.096,2.65245,0,2.65245,0,1.72657,0,1.68097,0,y2
16,5.11373924024619,2.65265,0,2.65265,0,1.73313,0,1.6881,0,y2
16,5.224,2.65165,0,2.65165,0,1.77185,0,1.73038,0,y2
16,5.23096928648477,2.65146,0,2.65146,0,1.77418,0,1.73294,0,y2
16,5.35088677592205,2.64603,0,2.64603,0,1.81203,0,1.77461,0,y2
16,5.352,2.64596,0,2.64596,0,1.81236,0,1.77498,0,y2
16,5.47355331691849,2.63647,0,2.63647,0,1.84638,0,1.81285,0,y2
16,5.48,2.63586,0,2.63586,0,1.84806,0,1.81474,0,y2
16,5.5,2.63392,0,2.63392,0,1.8532,0,1.8205,0,y2
16,5.599031930177,2.62296,0,2.62296,0,1.87689,0,1.84731,0,y2
16,5.608,2.62186,0,2.62186,0,1.87889,0,1.84959,0,y2
16,5.72738708112019,2.60573,0,2.60573,0,1.90328,0,1.87768,0,y2
16,5.736,2.60446,0,2.60446,0,1.90488,0,1.87954,0,y2
16,5.85868471300994,2.58506,0,2.58506,0,1.92532,0,1.90367,0,y2
16,5.864,2.58416,0,2.58416,0,1.92611,0,1.90462,0,y2
16,5.992,2.56142,0,2.56142,0,1.94274,0,1.92493,0,y2
16,5.99299228082608,2.56123,0,2.56123,0,1.94286,0,1.92507,0,y2
16,6,2.55992,0,2.55992,0,1.94364,0,1.92605,0,y2
16,6.12,2.53665,0,2.53665,0,1.95499,0,1.94065,0,y2
16,6.13037878592189,2.53457,0,2.53457,0,1.9558,0,1.94173,0,y2
16,6.248,2.51024,0,2.51024,0,1.96306,0,1.952,0,y2
16,6.27091481147392,2.50535,0,2.50535,0,1.96408,0,1.95359,0,y2
16,6.376,2.48221,0,2.48221,0,1.9672,0,1.95927,0,y2
16,6.41467255874457,2.47336,0,2.47336,0,1.96775,0,1.96071,0,y2
16,6.5,2.45303,0,2.45303,0,1.96794,0,1.96273,0,y2
16,6.504,2.45205,0,2.45205,0,1.96791,0,1.96278,0,y2
16,6.56172588417592,2.43765,0,2.43765,0,1.96722,0,1.96324,0,y2
16,6.632,2.41946,0,2.41946,0,1.96556,0,1.96293,0,y2
16,6.71215033733396,2.39783,0,2.39783,0,1.96262,0,1.96147,0,y2
16,6.76,2.38448,0,2.38448,0,1.9604,0,1.96007,0,y2
16,6.86602319972264,2.3537,0,2.3537,0,1.9544,0,1.9557,0,y2
16,6.888,2.34712,0,2.34712,0,1.95298,0,1.95459,0,y2
16,7,2.31248,0,2.31248,0,1.9448,0,1.94793,0,y2
16,7.016,2.30738,0,2.30738,0,1.94351,0,1.94685,0,y2
16,7.02342352448771,2.305,0,2.305,0,1.9429,0,1.94634,0,y2
16,7.144,2.26525,0,2.26525,0,1.93231,0,1.93721,0,y2
16,7.18443217703082,2.25144,0,2.25144,0,1.92846,0,1.93383,0,y2
16,7.272,2.2207,0,2.2207,0,1.91969,0,1.92601,0,y2
16,7.34913187655456,2.19267,0,2.19267,0,1.91151,0,1.91861,0,y2
16,7.4,2.17369,0,2.17369,0,1.9059,0,1.9135,0,y2
16,7.5,2.1352,0,2.1352,0,1.89444,0,1.90298,0,y2
16,7.51760723856,2.12827,0,2.12827,0,1.89237,0,1.90106,0,y2
16,7.528,2.12415,0,2.12415,0,1.89114,0,1.89992,0,y2
16,7.656,2.07205,0,2.07205,0,1.87554,0,1.88545,0,y2
16,7.68994481831846,2.0578,0,2.0578,0,1.87128,0,1.88148,0,y2
16,7.784,2.01734,0,2.01734,0,1.85924,0,1.87023,0,y2
16,7.86623315533978,1.98077,0,1.98077,0,1.84844,0,1.86011,0,y2
16,7.912,1.95993,0,1.95993,0,1.84232,0,1.85438,0,y2
16,8,1.91889,0,1.91889,0,1.83037,0,1.84316,0,y2
16,8.04,1.89981,0,1.89981,0,1.82486,0,1.83798,0,y2
16,8.04656281886004,1.89665,0,1.89665,0,1.82395,0,1.83712,0,y2
16,8.168,1.83694,0,1.83694,0,1.8069,0,1.82109,0,y2
16,8.23102645437213,1.80498,0,1.80498,0,1.79789,0,1.81262,0,y2
16,8.296,1.77134,0,1.77134,0,1.78849,0,1.80377,0,y2
16,8.41971883122288,1.70534,0,1.70534,0,1.77029,0,1.78665,0,y2
16,8.424,1.70301,0,1.70301,0,1.76965,0,1.78605,0,y2
16,8.5,1.66119,0,1.66119,0,1.75827,0,1.77536,0,y2
16,8.552,1.63205,0,1.63205,0,1.75041,0,1.76796,0,y2
16,8.61273689130148,1.59747,0,1.59747,0,1.74114,0,1.75925,0,y2
16,8.68,1.55855,0,1.55855,0,1.73077,0,1.74952,0,y2
16,8.808,1.48271,0,1.48271,0,1.71075,0,1.73073,0,y2
16,8.81017979884391,1.4814,0,1.4814,0,1.7104,0,1.7304,0,y2
16,8.936,1.40477,0,1.40477,0,1.69035,0,1.7116,0,y2
16,9,1.36513,0,1.36513,0,1.68001,0,1.70191,0,y2
16,9.01214899137923,1.35756,0,1.35756,0,1.67803,0,1.70006,0,y2
16,9.064,1.32511,0,1.32511,0,1.66957,0,1.69214,0,y2
16,9.192,1.24412,1,1.24412,1,1.64842,0,1.67236,0,y2
16,9.21874823184374,1.22709,1,1.22709,1,1.64395,0,1.66818,0,y2
16,9.32,1.1624,1,1.1624,1,1.62689,0,1.65224,0,y2
16,9.43008366188981,1.09193,1,1.09193,1,1.60807,0,1.63468,0,y2
16,9.448,1.08048,1,1.08048,1,1.60498,0,1.6318,0,y2
16,9.5,1.04734,1,1.04734,1,1.59597,0,1.6234,0,y2
16,9.576,0.99915,1,0.99915,1,1.58269,0,1.61102,0,y2
16,9.64626385641686,0.954916,1,0.954916,1,1.57029,0,1.59948,0,y2
16,9.704,0.91874,1,0.91874,1,1.56001,0,1.58991,0,y2
16,9.832,0.839828,1,0.839828,1,1.53695,0,1.56847,0,y2
16,9.86739987935238,0.818388,1,0.818388,1,1.5305,0,1.56248,0,y2
16,9.96,0.763117,1,0.763117,1,1.5135,0,1.54669,0,y2
16,10,0.739704,1,0.739704,1,1.50609,0,1.53982,0,y2
16,10.088,0.689257,1,0.689257,1,1.48965,0,1.52457,0,y2
16,10.0936053407117,0.686098,1,0.686098,1,1.48859,0,1.5236,0,y2
16,10.216,0.618789,1,0.618789,1,1.4654,0,1.50211,0,y2
16,10.3249964549658,0.561702,1,0.561702,1,1.44444,0,1.48271,0,y2
16,10.344,0.552027,1,0.552027,1,1.44075,0,1.4793,0,y2
16,10.472,0.489173,1,0.489173,1,1.41569,0,1.45615,0,y2
16,10.5,0.475943,1,0.475943,1,1.41016,0,1.45103,0,y2
16,10.5616921007474,0.447489,1,0.447489,1,1.39789,0,1.43971,0,y2
16,10.6,0.430252,1,0.430252,1,1.39023,0,1.43264,0,y2
16,10.728,0.375223,1,0.375223,1,1.36435,0,1.40878,0,y2
16,10.8038138819254,0.344407,1,0.344407,1,1.34882,0,1.39447,0,y2
16,10.856,0.32394,1,0.32394,1,1.33805,0,1.38456,0,y2
16,10.984,0.276244,1,0.276244,1,1.31133,0,1.35998,0,y2
16,11,0.270516,1,0.270516,1,1.30796,0,1.35688,0,y2
16,11.0514861900798,0.252456,1,0.252456,1,1.29708,0,1.34687,0,y2
16,11.112,0.23191,1,0.23191,1,1.28419,0,1.33504,0,y2
16,11.24,0.190735,1,0.190735,1,1.25663,1,1.30973,0,y2
16,11.3048362684083,0.170982,1,0.170982,1,1.24251,1,1.29677,0,y2
16,11.368,0.152446,1,0.152446,1,1.22865,1,1.28406,0,y2
16,11.496,0.116846,1,0.116846,1,1.20024,1,1.25802,1,y2
16,11.5,0.115773,1,0.115773,1,1.19935,1,1.2572,1,y2
16,11.5639942770989,0.098914,1,0.098914,1,1.18498,1,1.24404,1,y2
16,11.624,0.083624,1,0.083624,1,1.17142,1,1.23161,1,y2
16,11.752,0.0521377,1,0.0521377,1,1.14216,1,1.20484,1,y2
16,11.8290933601999,0.0335618,1,0.0335618,1,1.12433,1,1.18853,1,y2
16,11.88,0.0219884,1,0.0219884,1,1.11247,1,1.17769,1,y2
16,12,0,1,0,1,1.08424,1,1.1519,1,y2
16,12.008,0,1,0,1,1.08235,1,1.15017,1,y2
16,12.1002697140239,0,1,0,1,1.06038,1,1.1301,1,y2
16,12.136,0,1,0,1,1.05182,1,1.12228,1,y2
16,12.264,0,1,0,1,1.02088,1,1.09402,1,y2
16,12.3776626571194,0,1,0,1,0.993074,1,1.06862,1,y2
16,12.392,0,1,0,1,0.989542,1,1.0654,1,y2
16,12.5,0,1,0,1,0.962762,1,1.04096,1,y2
16,12.52,0,1,0,1,0.957767,1,1.0364,1,y2
16,12.648,0,1,0,1,0.925526,1,1.00704,1,y2
16,12.6614147018462,0,1,0,1,0.922123,1,1.00395,1,y2
16,12.776,0,1,0,1,0.89289,1,0.977327,1,y2
16,12.904,0,1,0,1,0.859895,1,0.94725,1,y2
16,12.9516716275927,0,1,0,1,0.847516,1,0.935957,1,y2
16,13,0,1,0,1,0.834914,1,0.924458,1,y2
16,13.032,0,1,0,1,0.826541,1,0.916817,1,y2
16,13.16,0,1,0,1,0.792803,1,0.886038,1,y2
16,13.2485825556706,0,1,0,1,0.769203,1,0.864534,1,y2
16,13.288,0,1,0,1,0.758627,1,0.854911,1,y2
16,13.416,0,1,0,1,0.723999,1,0.823445,1,y2
16,13.5,0,1,0,1,0.701094,1,0.802617,1,y2
16,13.544,0,1,0,1,0.689039,1,0.791652,1,y2
16,13.5523000259267,0,1,0,1,0.68676,1,0.789579,1,y2
16,13.672,0,1,0,1,0.653733,1,0.759541,1,y2
16,13.8,0,1,0,1,0.618042,1,0.727114,1,y2
16,13.8629800751116,0,1,0,1,0.600368,1,0.711055,1,y2
16,13.928,0,1,0,1,0.582057,1,0.694407,1,y2
16,14,0,1,0,1,0.561706,1,0.675892,1,y2
16,14.056,0,1,0,1,0.545823,1,0.661433,1,y2
16,14.1807823170444,0,1,0,1,0.510248,1,0.629024,1,y2
16,14.184,0,1,0,1,0.509327,1,0.628184,1,y2
16,14.312,0,1,0,1,0.472603,1,0.594635,1,y2
16,14.44,0,1,0,1,0.435706,1,0.560865,1,y2
16,14.5,0,1,0,1,0.418342,1,0.54497,1,y2
16,14.5058700246152,0,1,0,1,0.41664,1,0.543413,1,y2
16,14.568,0,1,0,1,0.398594,1,0.526905,1,y2
16,14.696,0,1,0,1,0.361215,1,0.492734,1,y2
16,14.824,0,1,0,1,0.323698,1,0.458288,1,y2
16,14.8384102136676,0,1,0,1,0.319465,1,0.454395,1,y2
16,14.952,0,1,0,1,0.286024,1,0.423656,1,y2
16,15,0,1,0,1,0.271837,1,0.410643,1,y2
16,15.08,0,1,0,1,0.248096,1,0.388926,1,y2
16,15.1785737288045,0,1,0,1,0.218813,1,0.362106,1,y2
16,15.208,0,1,0,1,0.210073,1,0.354084,1,y2
16,15.336,0,1,0,1,0.172093,1,0.319062,1,y2
16,15.464,0,1,0,1,0.134164,1,0.283899,1,y2
16,15.5,0,1,0,1,0.123502,1,0.274011,1,y2
16,15.5265353311598,0,1,0,1,0.115652,1,0.266724,1,y2
16,15.592,0,1,0,1,0.0963201,1,0.248748,1,y2
16,15.72,0,1,0,1,0.0586631,1,0.213597,1,y2
16,15.848,0,1,0,1,0.0211245,1,0.178368,1,y2
16,15.8824737881839,0,1,0,1,0.0110117,1,0.168847,1,y2
16,15.976,0,1,0,1,0,1,0.143017,1,y2
16,16,0,1,0,1,0,1,0.136396,1,y2
16,16.104,0,1,0,1,0,1,0.107737,1,y2
16,16.232,0,1,0,1,0,1,0.0725036,1,y2
16,16.246571965486,0,1,0,1,0,1,0.0684948,1,y2
16,16.36,0,1,0,1,0,1,0.0373628,1,y2
16,16.488,0,1,0,1,0,1,0.00238944,1,y2
16,16.5,0,1,0,1,0,1,0,1,y2
16,16.616,0,1,0,1,0,1,0,1,y2
16,16.6190169207827,0,1,0,1,0,1,0,1,y2
16,16.744,0,1,0,1,0,1,0,1,y2
16,16.872,0,1,0,1,0,1,0,1,y2
16,17,0,1,0,1,0,1,0,1,y2
17,1,0,1,0,1,0,1,0,1,y2
17,1.02216887738619,0,1,0,1,0,1,0,1,y2
17,1.04482921389695,0,1,0,1,0,1,0,1,y2
17,1.06799190462934,0,1,0,1,0,1,0,1,y2
17,1.09166808621252,0,1,0,1,0,1,0,1,y2
17,1.11586914216219,0,1,0,1,0,1,0,1,y2
17,1.116,0,1,0,1,0,1,0,1,y2
17,1.14060670835382,0,1,0,1,0,1,0,1,y2
17,1.16589267861718,0,1,0,1,0,1,0,1,y2
17,1.19173921045491,0,1,0,1,0,1,0,1,y2
17,1.2181587308878,0,1,0,1,0,1,0,1,y2
17,1.232,0,1,0,1,0,1,0,1,y2
17,1.24516394242977,0,1,0,1,0,1,0,1,y2
17,1.27276782919521,0,1,0,1,0,1,0,1,y2
17,1.30098366314173,0,1,0,1,0,1,0,1,y2
17,1.32982501045136,0,1,0,1,0,1,0,1,y2
17,1.348,0,1,0,1,0,1,0,1,y2
17,1.35930573805314,0,1,0,1,0,1,0,1,y2
17,1.38944002029039,0,1,0,1,0,1,0,1,y2
17,1.42024234573568,0,1,0,1,0,1,0,1,y2
17,1.45172752415698,0,1,0,1,0,1,0,1,y2
17,1.464,0,1,0,1,0,1,0,1,y2
17,1.48391069363817,0,1,0,1,0,1,0,1,y2
17,1.5,0,1,0,1,0,1,0,1,y2
17,1.5168073278575,0,1,0,1,0,1,0,1,y2
17,1.55043324352725,0,1,0,1,0,1,0,1,y2
17,1.58,0,1,0,1,0,1,0,1,y2
17,1.58480460799848,0,1,0,1,0,1,0,1,y2
17,1.61993794703428,0,1,0,1,0,1,0,1,y2
17,1.65585015275532,0,1,0,1,0,1,0,1,y2
17,1.69255849176166,0,1,0,1,0,1,0,1,y2
17,1.696,0,1,0,1,0,1,0,1,y2
17,1.73008061343449,0,1,0,1,0,1,0,1,y2
17,1.76843455842195,0,1,0,1,0,1,0,1,y2
17,1.80763876731311,0,1,0,1,0,1,0,1,y2
17,1.812,0,1,0,1,0,1,0,1,y2
17,1.8477120895042,0,1,0,1,0,1,0,1,y2
17,1.88867379226141,0,1,0,1,0,1,0,1,y2
17,1.928,0,1,0,1,0,1,0,1,y2
17,1.93054356998457,0,1,0,1,0,1,0,1,y2
17,1.97334155367626,0,1,0,1,0,1,0,1,y2
17,2,0,1,0,1,0,1,0,1,y2
17,2.01708832062079,0,1,0,1,0,1,0,1,y2
17,2.044,0,1,0,1,0,1,0,1,y2
17,2.06180490427776,0,1,0,1,0,1,0,1,y2
17,2.10751280439494,0,1,0,1,0,1,0,1,y2
17,2.1542339973454,0,1,0,1,0,1,0,1,y2
17,2.16,0,1,0,1,0,1,0,1,y2
17,2.20199094669372,0,1,0,1,0,1,0,1,y2
17,2.25080661399648,0.046474,1,0.046474,1,0,1,0,1,y2
17,2.276,0.147572,1,0.147572,1,0,1,0,1,y2
17,2.30070446984221,0.240503,1,0.240503,1,0,1,0,1,y2
17,2.351708505136,0.415629,1,0.415629,1,0,1,0,1,y2
17,2.392,0.540373,1,0.540373,1,0,1,0,1,y2
17,2.40384324263443,0.575031,1,0.575031,1,0,1,0,1,y2
17,2.45713374873602,0.721105,1,0.721105,1,0,1,0,1,y2
17,2.5,0.828226,1,0.828226,1,0,1,0,1,y2
17,2.508,0.847299,1,0.847299,1,0,1,0,1,y2
17,2.51160564553323,0.855802,1,0.855802,1,0,1,0,1,y2
17,2.56728512313153,0.98069,1,0.98069,1,0,1,0,1,y2
17,2.624,1.09655,1,1.09655,1,0,1,0,1,y2
17,2.62419895224163,1.09694,1,1.09694,1,0,1,0,1,y2
17,2.68237449705085,1.20544,1,1.20544,1,0,1,0,1,y2
17,2.74,1.3042,0,1.3042,0,0,1,0,1,y2
17,2.74183972837982,1.30722,0,1.30722,0,0,1,0,1,y2
17,2.80262323713087,1.40285,0,1.40285,0,0,1,0,1,y2
17,2.856,1.48065,0,1.48065,0,0,1,0,1,y2
17,2.86475424803452,1.49291,0,1.49291,0,0,1,0,1,y2
17,2.92826263370077,1.57794,0,1.57794,0,0,1,0,1,y2
17,2.972,1.63281,0,1.63281,0,0.1817,1,0,1,y2
17,2.99317892898186,1.65839,0,1.65839,0,0.265694,1,0,1,y2
17,3,1.6665,0,1.6665,0,0.291827,1,0.000609578,1,y2
17,3.05953434565339,1.73465,0,1.73465,0,0.503145,1,0.240863,1,y2
17,3.088,1.76562,0,1.76562,0,0.594783,1,0.344129,1,y2
17,3.12736078742103,1.8068,0,1.8068,0,0.712955,1,0.476574,1,y2
17,3.19669086525975,1.8752,0,1.8752,0,0.900496,1,0.685172,1,y2
17,3.204,1.88214,0,1.88214,0,0.918917,1,0.705564,1,y2
17,3.26755791309326,1.94035,0,1.94035,0,1.06971,1,0.871861,1,y2
17,3.32,1.98563,0,1.98563,0,1.18283,1,0.995915,1,y2
17,3.33999600382091,2.00232,0,2.00232,0,1.22359,1,1.04048,1,y2
17,3.41403996569999,2.06145,0,2.06145,0,1.36444,0,1.19397,1,y2
17,3.436,2.07823,0,2.07823,0,1.40344,0,1.23634,1,y2
17,3.48972539909116,2.1179,0,2.1179,0,1.49406,0,1.33459,0,y2
17,3.5,2.12527,0,2.12527,0,1.51067,0,1.35256,0,y2
17,3.552,2.16151,0,2.16151,0,1.59151,0,1.43985,0,y2
17,3.5670886935751,2.17171,0,2.17171,0,1.61399,0,1.4641,0,y2
17,3.64616704544864,2.22294,0,2.22294,0,1.72533,0,1.58399,0,y2
17,3.668,2.23644,0,2.23644,0,1.75431,0,1.61514,0,y2
17,3.72699847560877,2.27162,0,2.27162,0,1.82911,0,1.69542,0,y2
17,3.784,2.30384,0,2.30384,0,1.89692,0,1.76811,0,y2
17,3.80962184783307,2.31777,0,2.31777,0,1.92611,0,1.79935,0,y2
17,3.89407688746544,2.3614,0,2.3614,0,2.01704,0,1.89652,0,y2
17,3.9,2.36433,0,2.36433,0,2.02313,0,1.90303,0,y2
17,3.98040420051607,2.40244,0,2.40244,0,2.10254,0,1.98777,0,y2
17,4,2.41128,0,2.41128,0,2.12092,0,2.00742,0,y2
17,4.016,2.41837,0,2.41837,0,2.13566,0,2.02321,0,y2
17,4.0686452931848,2.44088,0,2.44088,0,2.18275,0,2.07365,0,y2
17,4.132,2.46632,0,2.46632,0,2.2366,0,2.1312,0,y2
17,4.15884259181733,2.47658,0,2.47658,0,2.25855,0,2.15456,0,y2
17,4.248,2.50843,0,2.50843,0,2.32794,0,2.22842,0,y2
17,4.25103946330381,2.50946,0,2.50946,0,2.3302,0,2.23083,0,y2
17,4.34528023592966,2.53937,0,2.53937,0,2.39768,0,2.30269,0,y2
17,4.364,2.54487,0,2.54487,0,2.41047,0,2.31636,0,y2
17,4.44161022068863,2.56615,0,2.56615,0,2.46146,0,2.37099,0,y2
17,4.48,2.57577,0,2.57577,0,2.4855,0,2.39677,0,y2
17,4.5,2.58054,0,2.58054,0,2.49773,0,2.40988,0,y2
17,4.54007573306834,2.58963,0,2.58963,0,2.52166,0,2.43552,0,y2
17,4.596,2.60124,0,2.60124,0,2.55374,0,2.46996,0,y2
17,4.64072411531876,2.60963,0,2.60963,0,2.57843,0,2.49637,0,y2
17,4.712,2.62141,0,2.62141,0,2.61593,0,2.5365,0,y2
17,4.74360375921441,2.626,0,2.626,0,2.63181,0,2.55358,0,y2
17,4.828,2.63641,0,2.63641,0,2.67214,0,2.59706,0,y2
17,4.84876412932112,2.63857,0,2.63857,0,2.6816,0,2.60729,0,y2
17,4.944,2.64644,0,2.64644,0,2.72268,0,2.652,0,y2
17,4.95625578677862,2.64722,0,2.64722,0,2.7277,0,2.6575,0,y2
17,5,2.64957,0,2.64957,0,2.74511,0,2.67665,0,y2
17,5.06,2.65172,0,2.65172,0,2.76773,0,2.70168,0,y2
17,5.06613041361032,2.65188,0,2.65188,0,2.76996,0,2.70416,0,y2
17,5.176,2.65254,0,2.65254,0,2.80727,0,2.74633,0,y2
17,5.17844083757211,2.65251,0,2.65251,0,2.80805,0,2.74722,0,y2
17,5.292,2.6492,0,2.6492,0,2.8415,0,2.78618,0,y2
17,5.2932410575519,2.64915,0,2.64915,0,2.84184,0,2.78658,0,y2
17,5.408,2.64205,0,2.64205,0,2.87076,0,2.8206,0,y2
17,5.41058626953234,2.64185,0,2.64185,0,2.87136,0,2.82131,0,y2
17,5.5,2.63392,0,2.63392,0,2.89007,0,2.84406,0,y2
17,5.524,2.63147,0,2.63147,0,2.89446,0,2.8496,0,y2
17,5.53053289312902,2.63077,0,2.63077,0,2.89561,0,2.85106,0,y2
17,5.64,2.61782,0,2.61782,0,2.912,0,2.87306,0,y2
17,5.65313859871711,2.61609,0,2.61609,0,2.91363,0,2.87539,0,y2
17,5.756,2.60148,0,2.60148,0,2.92413,0,2.8914,0,y2
17,5.77846233515922,2.59803,0,2.59803,0,2.92589,0,2.89436,0,y2
17,5.872,2.58281,0,2.58281,0,2.93114,0,2.90468,0,y2
17,5.9065643581481,2.57685,0,2.57685,0,2.93225,0,2.90769,0,y2
17,5.988,2.56217,0,2.56217,0,2.93315,0,2.91308,0,y2
17,6,2.55993,0,2.55993,0,2.93308,0,2.91367,0,y2
17,6.03750625917755,2.55283,0,2.55283,0,2.93253,0,2.91518,0,y2
17,6.104,2.53986,0,2.53986,0,2.93033,0,2.91667,0,y2
17,6.17135099515563,2.52625,0,2.52625,0,2.92654,0,2.91664,0,y2
17,6.22,2.51616,0,2.51616,0,2.92285,0,2.91568,0,y2
17,6.3081629186744,2.49728,0,2.49728,0,2.91419,0,2.91197,0,y2
17,6.336,2.49116,0,2.49116,0,2.91095,0,2.91029,0,y2
17,6.44800780895062,2.46552,0,2.46552,0,2.89548,0,2.90114,0,y2
17,6.452,2.46457,0,2.46457,0,2.89486,0,2.90074,0,y2
17,6.5,2.453,0,2.453,0,2.88705,0,2.89564,0,y2
17,6.568,2.43603,0,2.43603,0,2.87486,0,2.88728,0,y2
17,6.59095290345246,2.43015,0,2.43015,0,2.87047,0,2.88418,0,y2
17,6.684,2.40552,0,2.40552,0,2.85121,0,2.8702,0,y2
17,6.73706693022727,2.39092,0,2.39092,0,2.83923,0,2.86123,0,y2
17,6.8,2.37306,0,2.37306,0,2.82412,0,2.84971,0,y2
17,6.88642014094606,2.34761,0,2.34761,0,2.80184,0,2.83242,0,y2
17,6.916,2.33864,0,2.33864,0,2.79381,0,2.8261,0,y2
17,7,2.3125,0,2.3125,0,2.76996,0,2.80713,0,y2
17,7.032,2.30227,0,2.30227,0,2.76046,0,2.79953,0,y2
17,7.03908434468051,2.29998,0,2.29998,0,2.75833,0,2.79782,0,y2
17,7.148,2.26391,0,2.26391,0,2.72421,0,2.77022,0,y2
17,7.1951329424288,2.24776,0,2.24776,0,2.70868,0,2.75755,0,y2
17,7.264,2.22357,0,2.22357,0,2.68518,0,2.73832,0,y2
17,7.35464096240686,2.19065,0,2.19065,0,2.6528,0,2.71163,0,y2
17,7.38,2.18121,0,2.18121,0,2.64346,0,2.7039,0,y2
17,7.496,2.13679,0,2.13679,0,2.59909,0,2.66717,0,y2
17,7.5,2.13522,0,2.13522,0,2.59752,0,2.66586,0,y2
17,7.51768509612194,2.12825,0,2.12825,0,2.59051,0,2.66003,0,y2
17,7.612,2.09026,0,2.09026,0,2.55213,0,2.62808,0,y2
17,7.68434373524588,2.06015,0,2.06015,0,2.52154,0,2.60261,0,y2
17,7.728,2.04158,0,2.04158,0,2.50259,0,2.58678,0,y2
17,7.844,1.99073,0,1.99073,0,2.45047,0,2.54326,0,y2
17,7.85469700930591,1.98593,0,1.98593,0,2.44554,0,2.53914,0,y2
17,7.96,1.93768,0,1.93768,0,2.39577,0,2.49751,0,y2
17,8,1.91887,0,1.91887,0,2.3763,0,2.48124,0,y2
17,8.02882682421091,1.90515,0,1.90515,0,2.36208,0,2.46936,0,y2
17,8.076,1.88239,0,1.88239,0,2.33846,0,2.44962,0,y2
17,8.192,1.82486,0,1.82486,0,2.27852,0,2.39943,0,y2
17,8.20681690163182,1.81735,0,1.81735,0,2.27067,0,2.39287,0,y2
17,8.308,1.76507,0,1.76507,0,2.21593,0,2.34709,0,y2
17,8.38875281925503,1.72214,0,1.72214,0,2.17077,0,2.30931,0,y2
17,8.424,1.70306,0,1.70306,0,2.15065,0,2.29248,0,y2
17,8.5,1.66125,0,1.66125,0,2.10643,0,2.25548,0,y2
17,8.54,1.63888,0,1.63888,0,2.08269,0,2.23561,0,y2
17,8.57472205192818,1.61927,0,1.61927,0,2.06181,0,2.21814,0,y2
17,8.656,1.57264,0,1.57264,0,2.01201,0,2.17645,0,y2
17,8.76481401371806,1.50875,0,1.50875,0,1.94327,0,2.11884,0,y2
17,8.772,1.50447,0,1.50447,0,1.93865,0,2.11497,0,y2
17,8.888,1.43442,0,1.43442,0,1.86263,0,2.05116,0,y2
17,8.95912010090097,1.39062,0,1.39062,0,1.81475,0,2.0109,0,y2
17,9,1.3652,0,1.3652,0,1.78678,0,1.98737,0,y2
17,9.004,1.3627,0,1.3627,0,1.78403,0,1.98505,0,y2
17,9.12,1.2897,0,1.2897,0,1.70292,0,1.91665,0,y2
17,9.15773373590602,1.26573,1,1.26573,1,1.67599,0,1.89393,0,y2
17,9.236,1.21576,1,1.21576,1,1.6194,0,1.84606,0,y2
17,9.352,1.14128,1,1.14128,1,1.53375,0,1.77328,0,y2
17,9.36075041223273,1.13565,1,1.13565,1,1.52722,0,1.76772,0,y2
17,9.468,1.06669,1,1.06669,1,1.44635,0,1.69865,0,y2
17,9.5,1.04618,1,1.04618,1,1.42193,0,1.67774,0,y2
17,9.56826774036427,1.00267,1,1.00267,1,1.36927,0,1.63264,0,y2
17,9.584,0.992703,1,0.992703,1,1.35707,0,1.62213,0,y2
17,9.7,0.919894,1,0.919894,1,1.26666,1,1.54314,0,y2
17,9.78038549469867,0.870095,1,0.870095,1,1.2039,1,1.48733,0,y2
17,9.816,0.848231,1,0.848231,1,1.17607,1,1.46233,0,y2
17,9.932,0.778133,1,0.778133,1,1.08555,1,1.38011,0,y2
17,9.99720566152035,0.739657,1,0.739657,1,1.03448,1,1.33344,0,y2
17,10,0.738025,1,0.738025,1,1.0323,1,1.33143,0,y2
17,10.048,0.710263,1,0.710263,1,0.994928,1,1.29679,0,y2
17,10.164,0.645201,1,0.645201,1,0.90563,1,1.21275,1,y2
17,10.2188324880352,0.615423,1,0.615423,1,0.8643,1,1.17301,1,y2
17,10.28,0.582964,1,0.582964,1,0.819082,1,1.12878,1,y2
17,10.396,0.523942,1,0.523942,1,0.735989,1,1.04553,1,y2
17,10.4453725324925,0.499873,1,0.499873,1,0.701601,1,1.01041,1,y2
17,10.5,0.47393,1,0.47393,1,0.663826,1,0.971676,1,y2
17,10.512,0.468325,1,0.468325,1,0.655583,1,0.963204,1,y2
17,10.628,0.415862,1,0.415862,1,0.577732,1,0.882267,1,y2
17,10.6769347154184,0.394737,1,0.394737,1,0.546121,1,0.848774,1,y2
17,10.744,0.366721,1,0.366721,1,0.504157,1,0.803568,1,y2
17,10.86,0.32063,1,0.32063,1,0.435104,1,0.72764,1,y2
17,10.9136303719849,0.30032,1,0.30032,1,0.40446,1,0.693547,1,y2
17,10.976,0.277482,1,0.277482,1,0.369713,1,0.654611,1,y2
17,11,0.268914,1,0.268914,1,0.356664,1,0.639798,1,y2
17,11.092,0.237158,1,0.237158,1,0.308454,1,0.58391,1,y2
17,11.1555733055397,0.216159,1,0.216159,1,0.276801,1,0.546673,1,y2
17,11.208,0.19939,1,0.19939,1,0.251542,1,0.516922,1,y2
17,11.324,0.164121,1,0.164121,1,0.197689,1,0.453683,1,y2
17,11.4028798423229,0.141349,1,0.141349,1,0.16364,1,0.412653,1,y2
17,11.44,0.130987,1,0.130987,1,0.148288,1,0.394004,1,y2
17,11.5,0.114797,1,0.114797,1,0.124228,1,0.364742,1,y2
17,11.556,0.100064,1,0.100064,1,0.102516,1,0.338336,1,y2
17,11.6556688873968,0.0742071,1,0.0742071,1,0.0653832,1,0.293403,1,y2
17,11.672,0.0701167,1,0.0701167,1,0.0594428,1,0.286275,1,y2
17,11.788,0.0434741,1,0.0434741,1,0.0186991,1,0.237792,1,y2
17,11.904,0.0177222,1,0.0177222,1,0,1,0.193092,1,y2
17,11.9140619818156,0.0155746,1,0.0155746,1,0,1,0.189317,1,y2
17,12,0,1,0,1,0,1,0.157457,1,y2
17,12.02,0,1,0,1,0,1,0.150129,1,y2
17,12.136,0,1,0,1,0,1,0.109468,1,y2
17,12.178183361062,0,1,0,1,0,1,0.0956858,1,y2
17,12.252,0,1,0,1,0,1,0.0729663,1,y2
17,12.368,0,1,0,1,0,1,0.0390286,1,y2
17,12.4481600147799,0,1,0,1,0,1,0.0160252,1,y2
17,12.484,0,1,0,1,0,1,0.00610971,1,y2
17,12.5,0,1,0,1,0,1,0.00182112,1,y2
17,12.6,0,1,0,1,0,1,0,1,y2
17,12.716,0,1,0,1,0,1,0,1,y2
17,12.7241217478313,0,1,0,1,0,1,0,1,y2
17,12.832,0,1,0,1,0,1,0,1,y2
17,12.948,0,1,0,1,0,1,0,1,y2
17,13,0,1,0,1,0,1,0,1,y2
17,13.006201242706,0,1,0,1,0,1,0,1,y2
17,13.064,0,1,0,1,0,1,0,1,y2
17,13.18,0,1,0,1,0,1,0,1,y2
17,13.2945341233157,0,1,0,1,0,1,0,1,y2
17,13.296,0,1,0,1,0,1,0,1,y2
17,13.412,0,1,0,1,0,1,0,1,y2
17,13.5,0,1,0,1,0,1,0,1,y2
17,13.528,0,1,0,1,0,1,0,1,y2
17,13.589259020202,0,1,0,1,0,1,0,1,y2
17,13.644,0,1,0,1,0,1,0,1,y2
17,13.76,0,1,0,1,0,1,0,1,y2
17,13.876,0,1,0,1,0,1,0,1,y2
17,13.8905176371901,0,1,0,1,0,1,0,1,y2
17,13.992,0,1,0,1,0,1,0,1,y2
17,14,0,1,0,1,0,1,0,1,y2
17,14.108,0,1,0,1,0,1,0,1,y2
17,14.1984548195197,0,1,0,1,0,1,0,1,y2
17,14.224,0,1,0,1,0,1,0,1,y2
17,14.34,0,1,0,1,0,1,0,1,y2
17,14.456,0,1,0,1,0,1,0,1,y2
17,14.5,0,1,0,1,0,1,0,1,y2
17,14.513218623487,0,1,0,1,0,1,0,1,y2
17,14.572,0,1,0,1,0,1,0,1,y2
17,14.688,0,1,0,1,0,1,0,1,y2
17,14.804,0,1,0,1,0,1,0,1,y2
17,14.8349603876301,0,1,0,1,0,1,0,1,y2
17,14.92,0,1,0,1,0,1,0,1,y2
17,15,0,1,0,1,0,1,0,1,y2
17,15.036,0,1,0,1,0,1,0,1,y2
17,15.152,0,1,0,1,0,1,0,1,y2
17,15.1638348054925,0,1,0,1,0,1,0,1,y2
17,15.268,0,1,0,1,0,1,0,1,y2
17,15.384,0,1,0,1,0,1,0,1,y2
17,15.5,0,1,0,1,0,1,0,1,y2
18,1,0,1,0,1,0,1,0,1,y2
18,1.02190077866029,0,1,0,1,0,1,0,1,y2
18,1.04428120142651,0,1,0,1,0,1,0,1,y2
18,1.06715177287806,0,1,0,1,0,1,0,1,y2
18,1.0905232276528,0,1,0,1,0,1,0,1,y2
18,1.112,0,1,0,1,0,1,0,1,y2
18,1.11440653548553,0,1,0,1,0,1,0,1,y2
18,1.13881290635678,0,1,0,1,0,1,0,1,y2
18,1.16375379575438,0,1,0,1,0,1,0,1,y2
18,1.18924091005028,0,1,0,1,0,1,0,1,y2
18,1.21528621199505,0,1,0,1,0,1,0,1,y2
18,1.224,0,1,0,1,0,1,0,1,y2
18,1.24190192633286,0,1,0,1,0,1,0,1,y2
18,1.26910054553927,0,1,0,1,0,1,0,1,y2
18,1.29689483568478,0,1,0,1,0,1,0,1,y2
18,1.32529784242679,0,1,0,1,0,1,0,1,y2
18,1.336,0,1,0,1,0,1,0,1,y2
18,1.35432289713274,0,1,0,1,0,1,0,1,y2
18,1.38398362313741,0,1,0,1,0,1,0,1,y2
18,1.41429394213721,0,1,0,1,0,1,0,1,y2
18,1.44526808072455,0,1,0,1,0,1,0,1,y2
18,1.448,0,1,0,1,0,1,0,1,y2
18,1.47692057706528,0,1,0,1,0,1,0,1,y2
18,1.5,0,1,0,1,0,1,0,1,y2
18,1.50926628772242,0,1,0,1,0,1,0,1,y2
18,1.54232039462927,0,1,0,1,0,1,0,1,y2
18,1.56,0,1,0,1,0,1,0,1,y2
18,1.5760984122153,0,1,0,1,0,1,0,1,y2
18,1.61061619468806,0,1,0,1,0,1,0,1,y2
18,1.64588994347461,0,1,0,1,0,1,0,1,y2
18,1.672,0,1,0,1,0,1,0,1,y2
18,1.68193621482585,0,1,0,1,0,1,0,1,y2
18,1.71877192758748,0,1,0,1,0,1,0,1,y2
18,1.7564143711411,0,1,0,1,0,1,0,1,y2
18,1.784,0,1,0,1,0,1,0,1,y2
18,1.79488121351921,0,1,0,1,0,1,0,1,y2
18,1.83419050969801,0,1,0,1,0,1,0,1,y2
18,1.87436071007172,0,1,0,1,0,1,0,1,y2
18,1.896,0,1,0,1,0,1,0,1,y2
18,1.91541066911255,0,1,0,1,0,1,0,1,y2
18,1.95735965422034,0,1,0,1,0,1,0,1,y2
18,2,0,1,0,1,0,1,0,1,y2
18,2.00022735476601,0,1,0,1,0,1,0,1,y2
18,2.008,0,1,0,1,0,1,0,1,y2
18,2.044033891333,0,1,0,1,0,1,0,1,y2
18,2.08879982516122,0,1,0,1,0,1,0,1,y2
18,2.12,0,1,0,1,0,1,0,1,y2
18,2.13454616779773,0,1,0,1,0,1,0,1,y2
18,2.18129439095885,0,1,0,1,0,1,0,1,y2
18,2.22906643660817,0,1,0,1,0,1,0,1,y2
18,2.232,0,1,0,1,0,1,0,1,y2
18,2.27788472725541,0.154874,1,0.154874,1,0,1,0,1,y2
18,2.3277721764807,0.336056,1,0.336056,1,0,1,0,1,y2
18,2.344,0.390482,1,0.390482,1,0,1,0,1,y2
18,2.37875219968939,0.500553,1,0.500553,1,0,1,0,1,y2
18,2.43084872510247,0.650986,1,0.650986,1,0,1,0,1,y2
18,2.456,0.718157,1,0.718157,1,0,1,0,1,y2
18,2.48408620498759,0.789434,1,0.789434,1,0,1,0,1,y2
18,2.5,0.828228,1,0.828228,1,0,1,0,1,y2
18,2.53848962713611,0.917562,1,0.917562,1,0,1,0,1,y2
18,2.568,0.982218,1,0.982218,1,0,1,0,1,y2
18,2.59408452659146,1.03676,1,1.03676,1,0,1,0,1,y2
18,2.65089699763443,1.14795,1,1.14795,1,0,1,0,1,y2
18,2.68,1.2012,1,1.2012,1,0.108151,1,0,1,y2
18,2.70895370603086,1.25202,1,1.25202,1,0.461304,1,0,1,y2
18,2.76828190154762,1.34978,0,1.34978,0,0.940646,1,0.453253,1,y2
18,2.792,1.3867,0,1.3867,0,1.0817,1,0.668022,1,y2
18,2.8289094307427,1.44183,0,1.44183,0,1.26639,1,0.930572,1,y2
18,2.89086475003541,1.52868,0,1.52868,0,1.51133,0,1.25585,1,y2
18,2.904,1.54623,0,1.54623,0,1.55561,0,1.31276,0,y2
18,2.95417693906278,1.6108,0,1.6108,0,1.70665,0,1.50186,0,y2
18,3,1.6665,0,1.6665,0,1.82403,0,1.64388,0,y2
18,3.016,1.68526,0,1.68526,0,1.86127,0,1.68821,0,y2
18,3.01887571432853,1.6886,0,1.6886,0,1.86778,0,1.69593,0,y2
18,3.08499144315097,1.7624,0,1.7624,0,2.00409,0,1.85549,0,y2
18,3.128,1.80746,0,1.80746,0,2.08113,0,1.94418,0,y2
18,3.15255515791632,1.8322,0,1.8322,0,2.12172,0,1.99054,0,y2
18,3.2215985706442,1.89866,0,1.89866,0,2.22478,0,2.10729,0,y2
18,3.24,1.91559,0,1.91559,0,2.24984,0,2.13546,0,y2
18,3.2921540878722,1.9619,0,1.9619,0,2.31612,0,2.20964,0,y2
18,3.352,2.01223,0,2.01223,0,2.38469,0,2.28583,0,y2
18,3.36425482586626,2.02218,0,2.02218,0,2.39785,0,2.30041,0,y2
18,3.43793462616438,2.07975,0,2.07975,0,2.47156,0,2.38169,0,y2
18,3.464,2.0992,0,2.0992,0,2.49561,0,2.4081,0,y2
18,3.5,2.12532,0,2.12532,0,2.52727,0,2.4428,0,y2
18,3.51322807146056,2.13471,0,2.13471,0,2.53848,0,2.45506,0,y2
18,3.576,2.17773,0,2.17773,0,2.5888,0,2.51,0,y2
18,3.59017050183674,2.18711,0,2.18711,0,2.59954,0,2.52171,0,y2
18,3.66879803135018,2.23699,0,2.23699,0,2.65552,0,2.5826,0,y2
18,3.688,2.24863,0,2.24863,0,2.66832,0,2.5965,0,y2
18,3.74914756498409,2.2844,0,2.2844,0,2.70705,0,2.63849,0,y2
18,3.8,2.31263,0,2.31263,0,2.73707,0,2.67099,0,y2
18,3.83125681596958,2.32932,0,2.32932,0,2.75463,0,2.68998,0,y2
18,3.912,2.37026,0,2.37026,0,2.79706,0,2.73584,0,y2
18,3.91516432348687,2.3718,0,2.3718,0,2.79864,0,2.73755,0,y2
18,4,2.41133,0,2.41133,0,2.83893,0,2.78117,0,y2
18,4.00090947075423,2.41173,0,2.41173,0,2.83934,0,2.78161,0,y2
18,4.024,2.42192,0,2.42192,0,2.84964,0,2.79277,0,y2
18,4.08853250351308,2.4491,0,2.4491,0,2.87706,0,2.82249,0,y2
18,4.136,2.46791,0,2.46791,0,2.89603,0,2.84306,0,y2
18,4.17807454891793,2.48378,0,2.48378,0,2.91204,0,2.86044,0,y2
18,4.248,2.50847,0,2.50847,0,2.93709,0,2.88765,0,y2
18,4.26957763483998,2.51567,0,2.51567,0,2.94443,0,2.89564,0,y2
18,4.36,2.54374,0,2.54374,0,2.97325,0,2.92705,0,y2
18,4.36308470959355,2.54463,0,2.54463,0,2.97418,0,2.92807,0,y2
18,4.45863966209446,2.57051,0,2.57051,0,3.00088,0,2.95764,0,y2
18,4.472,2.57384,0,2.57384,0,3.0043,0,2.96149,0,y2
18,4.5,2.58057,0,2.58057,0,3.01125,0,2.96932,0,y2
18,4.55628734245999,2.59315,0,2.59315,0,3.02433,0,2.98415,0,y2
18,4.584,2.59887,0,2.59887,0,3.03036,0,2.99103,0,y2
18,4.6560735830599,2.61235,0,2.61235,0,3.04482,0,3.00772,0,y2
18,4.696,2.61895,0,2.61895,0,3.0521,0,3.01627,0,y2
18,4.75804522002853,2.62798,0,2.62798,0,3.06238,0,3.02856,0,y2
18,4.808,2.6342,0,2.6342,0,3.06963,0,3.03753,0,y2
18,4.86225011524803,2.6399,0,2.6399,0,3.07648,0,3.04636,0,y2
18,4.92,2.64477,0,2.64477,0,3.08267,0,3.05479,0,y2
18,4.96873717881306,2.64797,0,2.64797,0,3.08707,0,3.06109,0,y2
18,5,2.64958,0,2.64958,0,3.08947,0,3.06472,0,y2
18,5.032,2.65088,0,2.65088,0,3.09158,0,3.0681,0,y2
18,5.07755639198741,2.65213,0,2.65213,0,3.09397,0,3.07235,0,y2
18,5.144,2.65275,0,2.65275,0,3.09616,0,3.07739,0,y2
18,5.18875883066347,2.65238,0,2.65238,0,3.09682,0,3.08005,0,y2
18,5.256,2.65067,0,2.65067,0,3.09661,0,3.08296,0,y2
18,5.30239668933547,2.64872,0,2.64872,0,3.0956,0,3.08419,0,y2
18,5.368,2.64493,0,2.64493,0,3.09294,0,3.08483,0,y2
18,5.41852330559767,2.64123,0,2.64123,0,3.08989,0,3.08446,0,y2
18,5.48,2.63586,0,2.63586,0,3.08508,0,3.08298,0,y2
18,5.5,2.63392,0,2.63392,0,3.08325,0,3.08226,0,y2
18,5.5371931851792,2.63006,0,2.63006,0,3.07952,0,3.08061,0,y2
18,5.592,2.62381,0,2.62381,0,3.07319,0,3.07743,0,y2
18,5.65846202752709,2.61538,0,2.61538,0,3.06415,0,3.07239,0,y2
18,5.704,2.60911,0,2.60911,0,3.05711,0,3.06818,0,y2
18,5.78238675194963,2.59742,0,2.59742,0,3.04343,0,3.05952,0,y2
18,5.816,2.59209,0,2.59209,0,3.03695,0,3.05526,0,y2
18,5.90902552433228,2.57642,0,2.57642,0,3.01707,0,3.04178,0,y2
18,5.928,2.57307,0,2.57307,0,3.01265,0,3.03872,0,y2
18,6,2.55993,0,2.55993,0,2.9948,0,3.02615,0,y2
18,6.0384377844387,2.55265,0,2.55265,0,2.98457,0,3.01881,0,y2
18,6.04,2.55235,0,2.55235,0,2.98414,0,3.0185,0,y2
18,6.152,2.5302,0,2.5302,0,2.95147,0,2.99452,0,y2
18,6.17068427380964,2.52638,0,2.52638,0,2.94561,0,2.99016,0,y2
18,6.264,2.50683,0,2.50683,0,2.91456,0,2.96676,0,y2
18,6.30582706427289,2.49779,0,2.49779,0,2.89968,0,2.95542,0,y2
18,6.376,2.48221,0,2.48221,0,2.87336,0,2.9352,0,y2
18,6.44392958707761,2.4665,0,2.4665,0,2.84627,0,2.91417,0,y2
18,6.488,2.45594,0,2.45594,0,2.82784,0,2.89976,0,y2
18,6.5,2.45301,0,2.45301,0,2.8227,0,2.89573,0,y2
18,6.5850566626667,2.43168,0,2.43168,0,2.78487,0,2.86592,0,y2
18,6.6,2.42782,0,2.42782,0,2.77796,0,2.86044,0,y2
18,6.712,2.39787,0,2.39787,0,2.7237,0,2.81714,0,y2
18,6.72927453110125,2.39309,0,2.39309,0,2.71494,0,2.81011,0,y2
18,6.824,2.3661,0,2.3661,0,2.66509,0,2.76982,0,y2
18,6.87665088315124,2.35053,0,2.35053,0,2.63606,0,2.74621,0,y2
18,6.936,2.3325,0,2.3325,0,2.60227,0,2.71857,0,y2
18,7,2.31248,0,2.31248,0,2.5645,0,2.68745,0,y2
18,7.02725489206724,2.30378,0,2.30378,0,2.54806,0,2.6738,0,y2
18,7.048,2.29708,0,2.29708,0,2.53539,0,2.66326,0,y2
18,7.16,2.25982,0,2.25982,0,2.46473,0,2.60394,0,y2
18,7.18115724604786,2.25257,0,2.25257,0,2.45104,0,2.59227,0,y2
18,7.272,2.2207,0,2.2207,0,2.39104,0,2.54053,0,y2
18,7.33843018141831,2.1966,0,2.1966,0,2.34605,0,2.50113,0,y2
18,7.384,2.17969,0,2.17969,0,2.31471,0,2.47345,0,y2
18,7.496,2.13676,0,2.13676,0,2.23656,0,2.40333,0,y2
18,7.49914751653556,2.13552,0,2.13552,0,2.23435,0,2.4013,0,y2
18,7.5,2.13519,0,2.13519,0,2.23375,0,2.40075,0,y2
18,7.608,2.09188,0,2.09188,0,2.15745,0,2.32949,0,y2
18,7.66338468643608,2.06895,0,2.06895,0,2.11825,0,2.29235,0,y2
18,7.72,2.04501,0,2.04501,0,2.0782,0,2.25403,0,y2
18,7.83121877824239,1.99646,0,1.99646,0,2.00039,0,2.17754,0,y2
18,7.832,1.99611,0,1.99611,0,1.99984,0,2.177,0,y2
18,7.944,1.94516,0,1.94516,0,1.92289,0,2.09859,0,y2
18,8,1.9189,0,1.9189,0,1.88537,0,2.05895,0,y2
18,8.002728567345,1.91761,0,1.91761,0,1.88355,0,2.05701,0,y2
18,8.056,1.89212,0,1.89212,0,1.84797,0,2.01935,0,y2
18,8.168,1.83698,0,1.83698,0,1.7762,0,1.94106,0,y2
18,8.17799455437682,1.83196,0,1.83196,0,1.76978,0,1.93418,0,y2
18,8.28,1.77974,0,1.77974,0,1.70625,0,1.86522,0,y2
18,8.3570990029973,1.73912,0,1.73912,0,1.66026,0,1.81433,0,y2
18,8.392,1.72042,0,1.72042,0,1.63994,0,1.79157,0,y2
18,8.5,1.66128,0,1.66128,0,1.57899,0,1.72271,0,y2
18,8.504,1.65905,0,1.65905,0,1.57678,0,1.72022,0,y2
18,8.54012597850409,1.63883,0,1.63883,0,1.55707,0,1.69785,0,y2
18,8.616,1.59572,0,1.59572,0,1.51674,0,1.65184,0,y2
18,8.72716138729032,1.53105,0,1.53105,0,1.45986,0,1.58744,0,y2
18,8.728,1.53055,0,1.53055,0,1.45944,0,1.58697,0,y2
18,8.84,1.46366,0,1.46366,0,1.40536,0,1.52569,0,y2
18,8.91829301716601,1.41602,0,1.41602,0,1.36913,0,1.48438,0,y2
18,8.952,1.3953,0,1.3953,0,1.35392,0,1.46732,0,y2
18,9,1.36561,0,1.36561,0,1.33266,0,1.44365,0,y2
18,9.064,1.32571,0,1.32571,0,1.30505,0,1.41285,0,y2
18,9.11361057856259,1.29454,0,1.29454,0,1.28422,0,1.38941,0,y2
18,9.176,1.25517,1,1.25517,1,1.25872,1,1.36078,0,y2
18,9.288,1.18408,1,1.18408,1,1.2149,1,1.31198,0,y2
18,9.31320574663979,1.16805,1,1.16805,1,1.2054,1,1.30135,0,y2
18,9.4,1.11272,1,1.11272,1,1.17338,1,1.26545,1,y2
18,9.5,1.04883,1,1.04883,1,1.1379,1,1.22679,1,y2
18,9.512,1.04117,1,1.04117,1,1.13374,1,1.22231,1,y2
18,9.51717220431471,1.03787,1,1.03787,1,1.13195,1,1.22039,1,y2
18,9.624,0.969909,1,0.969909,1,1.09597,1,1.18098,1,y2
18,9.72560568623329,0.905951,1,0.905951,1,1.06296,1,1.14529,1,y2
18,9.736,0.899464,1,0.899464,1,1.05966,1,1.14179,1,y2
18,9.848,0.830375,1,0.830375,1,1.02506,1,1.10483,1,y2
18,9.93860402370477,0.77577,1,0.77577,1,0.998183,1,1.07619,1,y2
18,9.96,0.763076,1,0.763076,1,0.991957,1,1.06963,1,y2
18,10,0.739578,1,0.739578,1,0.980444,1,1.05747,1,y2
18,10.072,0.698128,1,0.698128,1,0.960088,1,1.0361,1,y2
18,10.1562671906202,0.650995,1,0.650995,1,0.936944,1,1.01181,1,y2
18,10.184,0.635821,1,0.635821,1,0.929462,1,1.004,1,y2
18,10.296,0.576206,1,0.576206,1,0.899844,1,0.97327,1,y2
18,10.3786973503768,0.533981,1,0.533981,1,0.878582,1,0.951384,1,y2
18,10.408,0.519408,1,0.519408,1,0.871152,1,0.943799,1,y2
18,10.5,0.475263,1,0.475263,1,0.848079,1,0.920483,1,y2
18,10.52,0.466008,1,0.466008,1,0.843093,1,0.915388,1,y2
18,10.6059989038295,0.427291,1,0.427291,1,0.821879,1,0.894058,1,y2
18,10.632,0.415863,1,0.415863,1,0.815539,1,0.887769,1,y2
18,10.744,0.368066,1,0.368066,1,0.788887,1,0.861364,1,y2
18,10.8382785382936,0.330494,1,0.330494,1,0.766945,1,0.839145,1,y2
18,10.856,0.323693,1,0.323693,1,0.762784,1,0.835064,1,y2
18,10.968,0.281689,1,0.281689,1,0.736892,1,0.809776,1,y2
18,11,0.270047,1,0.270047,1,0.729699,1,0.802782,1,y2
18,11.0756452776194,0.244323,1,0.244323,1,0.712987,1,0.78639,1,y2
18,11.08,0.242909,1,0.242909,1,0.712019,1,0.785453,1,y2
18,11.192,0.206242,1,0.206242,1,0.687014,1,0.761282,1,y2
18,11.304,0.170694,1,0.170694,1,0.662379,1,0.737524,1,y2
18,11.3182105333644,0.16644,1,0.16644,1,0.659365,1,0.734553,1,y2
18,11.416,0.138619,1,0.138619,1,0.637989,1,0.713632,1,y2
18,11.5,0.115219,1,0.115219,1,0.620081,1,0.696231,1,y2
18,11.528,0.107564,1,0.107564,1,0.613928,1,0.690362,1,y2
18,11.5660881570862,0.0975925,1,0.0975925,1,0.605903,1,0.682611,1,y2
18,11.64,0.0795301,1,0.0795301,1,0.59032,1,0.667495,1,y2
18,11.752,0.0528218,1,0.0528218,1,0.566412,1,0.64473,1,y2
18,11.81939449378,0.0377695,1,0.0377695,1,0.552009,1,0.631147,1,y2
18,11.864,0.0282152,1,0.0282152,1,0.54275,1,0.622141,1,y2
18,11.976,0.00280877,1,0.00280877,1,0.519051,1,0.599791,1,y2
18,12,0,1,0,1,0.514023,1,0.594979,1,y2
18,12.0782484364869,0,1,0,1,0.497611,1,0.579366,1,y2
18,12.088,0,1,0,1,0.495588,1,0.577429,1,y2
18,12.2,0,1,0,1,0.472108,1,0.555195,1,y2
18,12.312,0,1,0,1,0.448734,1,0.533056,1,y2
18,12.3427714820985,0,1,0,1,0.442318,1,0.526949,1,y2
18,12.424,0,1,0,1,0.425404,1,0.510973,1,y2
18,12.5,0,1,0,1,0.409577,1,0.496022,1,y2
18,12.536,0,1,0,1,0.402119,1,0.488949,1,y2
18,12.6130877883825,0,1,0,1,0.386072,1,0.473804,1,y2
18,12.648,0,1,0,1,0.378805,1,0.466937,1,y2
18,12.76,0,1,0,1,0.3555,1,0.444945,1,y2
18,12.872,0,1,0,1,0.332178,1,0.422909,1,y2
18,12.8893242322587,0,1,0,1,0.328579,1,0.419501,1,y2
18,12.984,0,1,0,1,0.308844,1,0.400905,1,y2
18,13,0,1,0,1,0.305504,1,0.397775,1,y2
18,13.096,0,1,0,1,0.285495,1,0.379067,1,y2
18,13.1716104693501,0,1,0,1,0.269833,1,0.364252,1,y2
18,13.208,0,1,0,1,0.262302,1,0.357103,1,y2
18,13.32,0,1,0,1,0.23899,1,0.33502,1,y2
18,13.432,0,1,0,1,0.215562,1,0.31297,1,y2
18,13.4600789948389,0,1,0,1,0.209691,1,0.307455,1,y2
18,13.5,0,1,0,1,0.201354,1,0.299585,1,y2
18,13.544,0,1,0,1,0.192184,1,0.290882,1,y2
18,13.656,0,1,0,1,0.168702,1,0.268661,1,y2
18,13.7548652056549,0,1,0,1,0.147882,1,0.249173,1,y2
18,13.768,0,1,0,1,0.145124,1,0.24661,1,y2
18,13.88,0,1,0,1,0.121686,1,0.224537,1,y2
18,13.992,0,1,0,1,0.0982975,1,0.202213,1,y2
18,14,0,1,0,1,0.096618,1,0.200622,1,y2
18,14.0561074640261,0,1,0,1,0.0848119,1,0.189464,1,y2
18,14.104,0,1,0,1,0.074729,1,0.179907,1,y2
18,14.216,0,1,0,1,0.0511117,1,0.157637,1,y2
18,14.328,0,1,0,1,0.027547,1,0.1354,1,y2
18,14.3639471624211,0,1,0,1,0.0199518,1,0.128261,1,y2
18,14.44,0,1,0,1,0.00392547,1,0.112945,1,y2
18,14.5,0,1,0,1,0,1,0.100915,1,y2
18,14.552,0,1,0,1,0,1,0.0905579,1,y2
18,14.664,0,1,0,1,0,1,0.0680318,1,y2
18,14.6785287899134,0,1,0,1,0,1,0.0651408,1,y2
18,14.776,0,1,0,1,0,1,0.0456015,1,y2
18,14.888,0,1,0,1,0,1,0.02308,1,y2
18,15,0,1,0,1,0,1,0.000511755,1,y2
7,-1,-0.39794,1,-0.39794,1,-0.245529,0,-0.25277,0,y3
7,-0.9397590361445783,-0.39794,1,-0.39794,1,-0.245529,0,-0.25277,0,y3
7,-0.8795180722891567,-0.39794,1,-0.39794,1,-0.245529,0,-0.25277,0,y3
7,-0.8192771084337349,-0.39794,1,-0.39794,1,-0.245529,0,-0.25277,0,y3
7,-0.7590361445783133,-0.39794,1,-0.39794,1,-0.245529,0,-0.25277,0,y3
7,-0.6987951807228916,-0.39794,1,-0.39794,1,-0.245529,0,-0.25277,0,y3
7,-0.6385542168674698,-0.39794,1,-0.39794,1,-0.245529,0,-0.25277,0,y3
7,-0.5783132530120482,-0.39794,1,-0.39794,1,-0.245529,0,-0.25277,0,y3
7,-0.5180722891566265,-0.39794,1,-0.39794,1,-0.245529,0,-0.25277,0,y3
7,-0.4578313253012049,-0.39794,1,-0.39794,1,-0.245529,0,-0.25277,0,y3
7,-0.3975903614457832,-0.39794,1,-0.39794,1,-0.245529,0,-0.25277,0,y3
7,-0.3373493975903614,-0.39794,1,-0.39794,1,-0.245529,0,-0.25277,0,y3
7,-0.2771084337349398,-0.39794,1,-0.39794,1,-0.245529,0,-0.25277,0,y3
7,-0.2168674698795181,-0.39794,1,-0.39794,1,-0.245529,0,-0.25277,0,y3
7,-0.1566265060240963,-0.39794,1,-0.39794,1,-0.245529,0,-0.25277,0,y3
7,-0.0963855421686747,-0.39794,1,-0.39794,1,-0.245529,0,-0.25277,0,y3
7,-0.036144578313253,-0.39794,1,-0.39794,1,-0.245529,0,-0.25277,0,y3
7,0,-0.39794,1,-0.39794,1,-0.245529,0,-0.25277,0,y3
7,0.0240963855421688,-0.39794,1,-0.39794,1,-0.245529,0,-0.25277,0,y3
7,0.0843373493975903,-0.39794,1,-0.39794,1,-0.245529,0,-0.25277,0,y3
7,0.1445783132530121,-0.39794,1,-0.39794,1,-0.245529,0,-0.25277,0,y3
7,0.2048192771084336,-0.39794,1,-0.39794,1,-0.245529,0,-0.25277,0,y3
7,0.2650602409638554,-0.39794,1,-0.39794,1,-0.245529,0,-0.25277,0,y3
7,0.3253012048192772,-0.39794,1,-0.39794,1,-0.245529,0,-0.25277,0,y3
7,0.3855421686746987,-0.39794,1,-0.39794,1,-0.245529,0,-0.25277,0,y3
7,0.4457831325301205,-0.39794,1,-0.39794,1,-0.245529,0,-0.25277,0,y3
7,0.5060240963855422,-0.39794,1,-0.39794,1,-0.245529,0,-0.25277,0,y3
7,0.5662650602409638,-0.39794,1,-0.39794,1,-0.245529,0,-0.25277,0,y3
7,0.6265060240963856,-0.39794,1,-0.39794,1,-0.245529,0,-0.25277,0,y3
7,0.6867469879518073,-0.39794,1,-0.39794,1,-0.245529,0,-0.25277,0,y3
7,0.7469879518072289,-0.39794,1,-0.39794,1,-0.245529,0,-0.25277,0,y3
7,0.8072289156626506,-0.39794,1,-0.39794,1,-0.245529,0,-0.25277,0,y3
7,0.8674698795180722,-0.39794,1,-0.39794,1,-0.245529,0,-0.25277,0,y3
7,0.927710843373494,-0.39794,1,-0.39794,1,-0.245529,0,-0.25277,0,y3
7,0.9879518072289157,-0.39794,1,-0.39794,1,-0.245529,0,-0.25277,0,y3
7,1,-0.39794,1,-0.39794,1,-0.245529,0,-0.25277,0,y3
7,1.04819277108434,-0.39794,1,-0.39794,1,-0.245529,0,-0.25277,0,y3
7,1.10843373493976,-0.39794,1,-0.39794,1,-0.245529,0,-0.25277,0,y3
7,1.16867469879518,-0.39794,1,-0.39794,1,-0.245529,0,-0.25277,0,y3
7,1.2289156626506,-0.39794,1,-0.39794,1,-0.245529,0,-0.25277,0,y3
7,1.28915662650602,-0.39794,1,-0.39794,1,-0.245529,0,-0.25277,0,y3
7,1.34939759036145,-0.39794,1,-0.39794,1,-0.245529,0,-0.25277,0,y3
7,1.40963855421687,-0.39794,1,-0.39794,1,-0.245529,0,-0.25277,0,y3
7,1.46987951807229,-0.39794,1,-0.39794,1,-0.245529,0,-0.25277,0,y3
7,1.53012048192771,-0.39794,1,-0.39794,1,-0.245529,0,-0.25277,0,y3
7,1.59036144578313,-0.39794,1,-0.39794,1,-0.245529,0,-0.25277,0,y3
7,1.65060240963855,-0.39794,1,-0.39794,1,-0.245529,0,-0.25277,0,y3
7,1.71084337349398,-0.39794,1,-0.39794,1,-0.245529,0,-0.25277,0,y3
7,1.7710843373494,-0.39794,1,-0.39794,1,-0.245529,0,-0.25277,0,y3
7,1.83132530120482,-0.39794,1,-0.39794,1,-0.245529,0,-0.25277,0,y3
7,1.89156626506024,-0.39794,1,-0.39794,1,-0.245529,0,-0.25277,0,y3
7,1.95180722891566,-0.407001,1,-0.407001,1,-0.245529,0,-0.25277,0,y3
7,2,-0.426758,1,-0.426758,1,-0.245529,0,-0.25277,0,y3
7,2.01204819277108,-0.431696,1,-0.431696,1,-0.245529,0,-0.25277,0,y3
7,2.07228915662651,-0.456378,1,-0.456378,1,-0.245529,0,-0.25277,0,y3
7,2.13253012048193,-0.481003,1,-0.481003,1,-0.245529,0,-0.25277,0,y3
7,2.19277108433735,-0.50545,1,-0.50545,1,-0.245529,0,-0.25277,0,y3
7,2.25301204819277,-0.529438,1,-0.529438,1,-0.245529,0,-0.25277,0,y3
7,2.31325301204819,-0.552409,1,-0.552409,1,-0.245529,0,-0.25277,0,y3
7,2.37349397590361,-0.573377,1,-0.573377,1,-0.245529,0,-0.25277,0,y3
7,2.43373493975904,-0.590755,1,-0.590755,1,-0.245529,0,-0.25277,0,y3
7,2.49397590361446,-0.602225,1,-0.602225,1,-0.245529,0,-0.25277,0,y3
7,2.55421686746988,-0.604754,1,-0.604754,1,-0.245529,0,-0.25277,0,y3
7,2.6144578313253,-0.594915,1,-0.594915,1,-0.245529,0,-0.25277,0,y3
7,2.67469879518072,-0.569652,1,-0.569652,1,-0.246459,0,-0.25277,0,y3
7,2.73493975903614,-0.527119,1,-0.527119,1,-0.271155,0,-0.25277,0,y3
7,2.79518072289157,-0.467496,1,-0.467496,1,-0.29585,0,-0.25277,0,y3
7,2.85542168674699,-0.392956,1,-0.392956,1,-0.320545,1,-0.27265,0,y3
7,2.91566265060241,-0.306964,0,-0.306964,0,-0.345237,1,-0.297345,0,y3
7,2.97590361445783,-0.213338,0,-0.213338,0,-0.369925,1,-0.32204,1,y3
7,3,-0.174543,0,-0.174543,0,-0.379798,1,-0.331917,1,y3
7,3.03614457831325,-0.115522,0,-0.115522,0,-0.394604,1,-0.346733,1,y3
7,3.09638554216868,-0.0162881,0,-0.0162881,0,-0.41927,1,-0.371422,1,y3
7,3.1566265060241,0.0822156,0,0.0822156,0,-0.44391,1,-0.396104,1,y3
7,3.21686746987952,0.178876,0,0.178876,0,-0.46851,1,-0.420773,1,y3
7,3.27710843373494,0.272838,0,0.272838,0,-0.493043,1,-0.445421,1,y3
7,3.33734939759036,0.363626,0,0.363626,0,-0.51747,1,-0.470032,1,y3
7,3.39759036144578,0.451056,0,0.451056,0,-0.541734,1,-0.494584,1,y3
7,3.45783132530121,0.535055,0,0.535055,0,-0.56575,1,-0.519042,1,y3
7,3.51807228915663,0.615614,0,0.615614,0,-0.589397,1,-0.543352,1,y3
7,3.57831325301205,0.692779,0,0.692779,0,-0.612507,1,-0.567438,1,y3
7,3.63855421686747,0.766617,0,0.766617,0,-0.634848,1,-0.59119,1,y3
7,3.69879518072289,0.837227,0,0.837227,0,-0.656104,1,-0.614449,1,y3
7,3.75903614457831,0.904736,0,0.904736,0,-0.675862,1,-0.637002,1,y3
7,3.81927710843373,0.969214,0,0.969214,0,-0.693587,1,-0.658552,1,y3
7,3.87951807228916,1.03082,0,1.03082,0,-0.708621,1,-0.67871,1,y3
7,3.93975903614458,1.0896,0,1.0896,0,-0.72018,1,-0.696967,1,y3
7,4,1.14567,0,1.14567,0,-0.727391,1,-0.712686,1,y3
7,4.06024096385542,1.19914,0,1.19914,0,-0.729222,1,-0.7251,1,y3
7,4.12048192771084,1.25003,0,1.25003,0,-0.724691,1,-0.733339,1,y3
7,4.18072289156626,1.29846,0,1.29846,0,-0.712931,1,-0.736416,1,y3
7,4.24096385542169,1.34447,0,1.34447,0,-0.69346,1,-0.733285,1,y3
7,4.30120481927711,1.38813,0,1.38813,0,-0.66605,1,-0.723011,1,y3
7,4.36144578313253,1.4295,0,1.4295,0,-0.630803,1,-0.70497,1,y3
7,4.42168674698795,1.46861,0,1.46861,0,-0.588214,1,-0.678887,1,y3
7,4.48192771084337,1.50553,0,1.50553,0,-0.539049,1,-0.644794,1,y3
7,4.54216867469879,1.54027,0,1.54027,0,-0.484305,1,-0.603096,1,y3
7,4.60240963855422,1.57291,0,1.57291,0,-0.425072,1,-0.55454,1,y3
7,4.66265060240964,1.60348,0,1.60348,0,-0.362393,1,-0.500073,1,y3
7,4.72289156626506,1.63201,0,1.63201,0,-0.297266,0,-0.440801,1,y3
7,4.78313253012048,1.65856,0,1.65856,0,-0.230555,0,-0.377815,1,y3
7,4.8433734939759,1.68317,0,1.68317,0,-0.162943,0,-0.312118,1,y3
7,4.90361445783132,1.70588,0,1.70588,0,-0.0950558,0,-0.244635,0,y3
7,4.96385542168675,1.72674,0,1.72674,0,-0.0274171,0,-0.176111,0,y3
7,5,1.73839,0,1.73839,0,0.0128857,0,-0.13475,0,y3
7,5.02409638554217,1.7458,0,1.7458,0,0.0396167,0,-0.107152,0,y3
7,5.08433734939759,1.76311,0,1.76311,0,0.105908,0,-0.0382926,0,y3
7,5.14457831325301,1.77873,0,1.77873,0,0.171308,0,0.0300624,0,y3
7,5.20481927710843,1.7927,0,1.7927,0,0.235645,0,0.0976922,0,y3
7,5.26506024096386,1.80509,0,1.80509,0,0.298798,0,0.164428,0,y3
7,5.32530120481928,1.81595,0,1.81595,0,0.360786,0,0.230063,0,y3
7,5.3855421686747,1.82533,0,1.82533,0,0.421578,0,0.294417,0,y3
7,5.44578313253012,1.83331,0,1.83331,0,0.481138,0,0.357524,0,y3
7,5.50602409638554,1.83993,0,1.83993,0,0.539365,0,0.419448,0,y3
7,5.56626506024096,1.84526,0,1.84526,0,0.596088,0,0.480182,0,y3
7,5.62650602409639,1.84935,0,1.84935,0,0.651289,0,0.539589,0,y3
7,5.68674698795181,1.85225,0,1.85225,0,0.704974,0,0.597612,0,y3
7,5.74698795180723,1.85404,0,1.85404,0,0.75724,0,0.654232,0,y3
7,5.80722891566265,1.85474,0,1.85474,0,0.808094,0,0.709435,0,y3
7,5.86746987951807,1.85444,0,1.85444,0,0.857545,0,0.763218,0,y3
7,5.92771084337349,1.85316,0,1.85316,0,0.905622,0,0.815585,0,y3
7,5.98795180722892,1.85097,0,1.85097,0,0.95232,0,0.866545,0,y3
7,6,1.85043,0,1.85043,0,0.961494,0,0.876566,0,y3
7,6.04819277108434,1.84791,0,1.84791,0,0.997639,0,0.916086,0,y3
7,6.10843373493976,1.84403,0,1.84403,0,1.04158,0,0.964225,0,y3
7,6.16867469879518,1.83937,0,1.83937,0,1.08416,0,1.01098,0,y3
7,6.2289156626506,1.83397,0,1.83397,0,1.12534,0,1.05632,0,y3
7,6.28915662650602,1.82786,0,1.82786,0,1.16515,0,1.10026,0,y3
7,6.34939759036145,1.82108,0,1.82108,0,1.20356,0,1.14283,0,y3
7,6.40963855421687,1.81363,0,1.81363,0,1.24057,0,1.18397,0,y3
7,6.46987951807229,1.80554,0,1.80554,0,1.27617,0,1.22369,0,y3
7,6.53012048192771,1.7968,0,1.7968,0,1.31037,0,1.26203,0,y3
7,6.59036144578313,1.78745,0,1.78745,0,1.34313,0,1.29893,0,y3
7,6.65060240963855,1.77749,0,1.77749,0,1.37446,0,1.33438,0,y3
7,6.71084337349398,1.76693,0,1.76693,0,1.40434,0,1.36841,0,y3
7,6.7710843373494,1.75581,0,1.75581,0,1.43278,0,1.40099,0,y3
7,6.83132530120482,1.74411,0,1.74411,0,1.45978,0,1.43209,0,y3
7,6.89156626506024,1.73188,0,1.73188,0,1.48531,0,1.46176,0,y3
7,6.95180722891566,1.7191,0,1.7191,0,1.5094,0,1.48995,0,y3
7,7,1.70851,0,1.70851,0,1.52762,0,1.51143,0,y3
7,7.01204819277108,1.70581,0,1.70581,0,1.53203,0,1.51666,0,y3
7,7.07228915662651,1.69201,0,1.69201,0,1.55321,0,1.54191,0,y3
7,7.13253012048193,1.67771,0,1.67771,0,1.57295,0,1.56569,0,y3
7,7.19277108433735,1.66294,0,1.66294,0,1.59126,0,1.588,0,y3
7,7.25301204819277,1.64769,0,1.64769,0,1.60814,0,1.60886,0,y3
7,7.31325301204819,1.632,0,1.632,0,1.62362,0,1.62827,0,y3
7,7.37349397590361,1.61585,0,1.61585,0,1.63772,0,1.64626,0,y3
7,7.43373493975904,1.59928,0,1.59928,0,1.65046,0,1.66282,0,y3
7,7.49397590361446,1.5823,0,1.5823,0,1.66186,0,1.67799,0,y3
7,7.55421686746988,1.5649,0,1.5649,0,1.67194,0,1.6918,0,y3
7,7.6144578313253,1.54712,0,1.54712,0,1.68074,0,1.70426,0,y3
7,7.67469879518072,1.52895,0,1.52895,0,1.6883,0,1.7154,0,y3
7,7.73493975903614,1.51042,0,1.51042,0,1.69463,0,1.72526,0,y3
7,7.79518072289157,1.49153,0,1.49153,0,1.69978,0,1.73387,0,y3
7,7.85542168674699,1.47229,0,1.47229,0,1.70379,0,1.74125,0,y3
7,7.91566265060241,1.45273,0,1.45273,0,1.70668,0,1.74746,0,y3
7,7.97590361445783,1.43284,0,1.43284,0,1.70851,0,1.75253,0,y3
7,8,1.4248,0,1.4248,0,1.70894,0,1.75424,0,y3
7,8.03614457831325,1.41265,0,1.41265,0,1.70929,0,1.75648,0,y3
7,8.09638554216867,1.39216,0,1.39216,0,1.70909,0,1.75938,0,y3
7,8.1566265060241,1.3714,0,1.3714,0,1.70793,0,1.76124,0,y3
7,8.21686746987952,1.35037,0,1.35037,0,1.70583,0,1.76212,0,y3
7,8.27710843373494,1.32908,0,1.32908,0,1.70283,0,1.76205,0,y3
7,8.33734939759036,1.30754,0,1.30754,0,1.69894,0,1.76107,0,y3
7,8.39759036144578,1.28578,0,1.28578,0,1.69416,0,1.75921,0,y3
7,8.45783132530121,1.26379,0,1.26379,0,1.68849,0,1.75651,0,y3
7,8.51807228915663,1.24161,0,1.24161,0,1.68194,0,1.75298,0,y3
7,8.57831325301205,1.21922,0,1.21922,0,1.67454,0,1.74865,0,y3
7,8.63855421686747,1.19665,0,1.19665,0,1.66631,0,1.74353,0,y3
7,8.69879518072289,1.17391,0,1.17391,0,1.65728,0,1.73763,0,y3
7,8.75903614457831,1.15102,0,1.15102,0,1.64747,0,1.73096,0,y3
7,8.81927710843373,1.12797,0,1.12797,0,1.6369,0,1.72355,0,y3
7,8.87951807228916,1.10478,0,1.10478,0,1.6256,0,1.71541,0,y3
7,8.93975903614458,1.08147,0,1.08147,0,1.61358,0,1.70657,0,y3
7,9,1.05803,0,1.05803,0,1.60088,0,1.69705,0,y3
7,9.06024096385542,1.03449,0,1.03449,0,1.58751,0,1.68685,0,y3
7,9.12048192771084,1.01085,0,1.01085,0,1.5735,0,1.67602,0,y3
7,9.18072289156627,0.987116,0,0.987116,0,1.55887,0,1.66455,0,y3
7,9.24096385542169,0.963299,0,0.963299,0,1.54363,0,1.65247,0,y3
7,9.30120481927711,0.939405,0,0.939405,0,1.52783,0,1.6398,0,y3
7,9.36144578313253,0.915442,0,0.915442,0,1.51147,0,1.62656,0,y3
7,9.42168674698795,0.891415,0,0.891415,0,1.49458,0,1.61277,0,y3
7,9.48192771084337,0.867331,0,0.867331,0,1.47718,0,1.59845,0,y3
7,9.54216867469879,0.843194,0,0.843194,0,1.45929,0,1.5836,0,y3
7,9.60240963855422,0.81901,0,0.81901,0,1.44094,0,1.56825,0,y3
7,9.66265060240964,0.794784,0,0.794784,0,1.42215,0,1.55242,0,y3
7,9.72289156626506,0.770517,0,0.770517,0,1.40292,0,1.53612,0,y3
7,9.78313253012048,0.746218,0,0.746218,0,1.38331,0,1.51937,0,y3
7,9.8433734939759,0.721888,0,0.721888,0,1.3633,0,1.50218,0,y3
7,9.90361445783133,0.697531,0,0.697531,0,1.34294,0,1.48457,0,y3
7,9.96385542168675,0.673151,0,0.673151,0,1.32224,0,1.46655,0,y3
7,10,0.658511,0,0.658511,0,1.30966,0,1.45556,0,y3
7,10.0240963855422,0.648747,0,0.648747,0,1.30121,0,1.44815,0,y3
7,10.0843373493976,0.624323,0,0.624323,0,1.27988,0,1.42937,0,y3
7,10.144578313253,0.599882,0,0.599882,0,1.25826,0,1.41023,0,y3
7,10.2048192771084,0.575426,0,0.575426,0,1.23638,0,1.39075,0,y3
7,10.2650602409639,0.550955,0,0.550955,0,1.21425,0,1.37093,0,y3
7,10.3253012048193,0.526472,0,0.526472,0,1.19189,0,1.35079,0,y3
7,10.3855421686747,0.501977,0,0.501977,0,1.16931,0,1.33036,0,y3
7,10.4457831325301,0.477473,0,0.477473,0,1.14654,0,1.30963,0,y3
7,10.5060240963855,0.452959,0,0.452959,0,1.12358,0,1.28862,0,y3
7,10.566265060241,0.428438,0,0.428438,0,1.10045,0,1.26736,0,y3
7,10.6265060240964,0.403909,0,0.403909,0,1.07716,0,1.24584,0,y3
7,10.6867469879518,0.379375,0,0.379375,0,1.05373,0,1.22408,0,y3
7,10.7469879518072,0.354834,0,0.354834,0,1.03017,0,1.2021,0,y3
7,10.8072289156626,0.330289,0,0.330289,0,1.0065,0,1.17991,0,y3
7,10.8674698795181,0.30574,0,0.30574,0,0.982714,0,1.15753,0,y3
7,10.9277108433735,0.281187,0,0.281187,0,0.95883,0,1.13495,0,y3
7,10.9879518072289,0.25663,0,0.25663,0,0.934858,0,1.1122,0,y3
7,11,0.251719,0,0.251719,0,0.930053,0,1.10763,0,y3
7,11.0481927710843,0.232071,0,0.232071,0,0.910804,0,1.08929,0,y3
7,11.1084337349398,0.20751,0,0.20751,0,0.886679,0,1.06623,0,y3
7,11.1686746987952,0.182946,0,0.182946,0,0.86249,0,1.04302,0,y3
7,11.2289156626506,0.158381,0,0.158381,0,0.838242,0,1.01969,0,y3
7,11.289156626506,0.133815,0,0.133815,0,0.813944,0,0.996231,0,y3
7,11.3493975903614,0.109247,0,0.109247,0,0.789601,0,0.972666,0,y3
7,11.4096385542169,0.084679,0,0.084679,0,0.765216,0,0.948996,0,y3
7,11.4698795180723,0.0601101,0,0.0601101,0,0.740796,0,0.92523,0,y3
7,11.5301204819277,0.0355412,0,0.0355412,0,0.716344,0,0.901375,0,y3
7,11.5903614457831,0.0109721,0,0.0109721,0,0.691864,0,0.87744,0,y3
7,11.6506024096386,-0.0135959,0,-0.0135959,0,0.66736,0,0.853431,0,y3
7,11.710843373494,-0.0381634,0,-0.0381634,0,0.642834,0,0.829355,0,y3
7,11.7710843373494,-0.0627305,0,-0.0627305,0,0.618289,0,0.805217,0,y3
7,11.8313253012048,-0.0872971,0,-0.0872971,0,0.593727,0,0.781024,0,y3
7,11.8915662650602,-0.111863,0,-0.111863,0,0.569151,0,0.756781,0,y3
7,11.9518072289157,-0.136428,0,-0.136428,0,0.544561,0,0.732492,0,y3
7,12,-0.156079,0,-0.156079,0,0.52488,0,0.713032,0,y3
7,12.0120481927711,-0.160991,0,-0.160991,0,0.519959,0,0.708162,0,y3
7,12.0722891566265,-0.185553,0,-0.185553,0,0.495346,0,0.683795,0,y3
7,12.1325301204819,-0.210112,0,-0.210112,0,0.470725,0,0.659396,0,y3
7,12.1927710843374,-0.23467,0,-0.23467,0,0.446095,0,0.634967,0,y3
7,12.2530120481928,-0.259226,0,-0.259226,0,0.421458,0,0.610511,0,y3
7,12.3132530120482,-0.283781,0,-0.283781,0,0.396816,0,0.586031,0,y3
7,12.3734939759036,-0.308333,0,-0.308333,0,0.372168,0,0.56153,0,y3
7,12.433734939759,-0.332881,1,-0.332881,1,0.347515,0,0.537011,0,y3
7,12.4939759036145,-0.357427,1,-0.357427,1,0.322858,0,0.512473,0,y3
7,12.5542168674699,-0.38197,1,-0.38197,1,0.298197,0,0.487921,0,y3
7,12.6144578313253,-0.406511,1,-0.406511,1,0.273533,0,0.463355,0,y3
7,12.6746987951807,-0.43105,1,-0.43105,1,0.248866,0,0.438777,0,y3
7,12.7349397590361,-0.455585,1,-0.455585,1,0.224197,0,0.414188,0,y3
7,12.7951807228916,-0.480116,1,-0.480116,1,0.199525,0,0.389588,0,y3
7,12.855421686747,-0.504642,1,-0.504642,1,0.174851,0,0.364978,0,y3
7,12.9156626506024,-0.529166,1,-0.529166,1,0.150175,0,0.340361,0,y3
7,12.9759036144578,-0.553687,1,-0.553687,1,0.125498,0,0.315736,0,y3
7,13,-0.563494,1,-0.563494,1,0.115626,0,0.305884,0,y3
7,13.0361445783133,-0.578203,1,-0.578203,1,0.100818,0,0.291105,0,y3
7,13.0963855421687,-0.602715,1,-0.602715,1,0.0761379,0,0.266469,0,y3
7,13.1566265060241,-0.627223,1,-0.627223,1,0.0514565,0,0.241827,0,y3
7,13.2168674698795,-0.651728,1,-0.651728,1,0.0267736,0,0.217181,0,y3
7,13.2771084337349,-0.676229,1,-0.676229,1,0.00208978,0,0.192531,0,y3
7,13.3373493975904,-0.700725,1,-0.700725,1,-0.0225946,0,0.167877,0,y3
7,13.3975903614458,-0.725217,1,-0.725217,1,-0.0472803,0,0.143219,0,y3
7,13.4578313253012,-0.749705,1,-0.749705,1,-0.0719665,0,0.118559,0,y3
7,13.5180722891566,-0.774188,1,-0.774188,1,-0.0966532,0,0.0938964,0,y3
7,13.578313253012,-0.798666,1,-0.798666,1,-0.121341,0,0.0692309,0,y3
7,13.6385542168675,-0.82314,1,-0.82314,1,-0.146029,0,0.0445635,0,y3
7,13.6987951807229,-0.847608,1,-0.847608,1,-0.170717,0,0.0198939,0,y3
7,13.7590361445783,-0.872071,1,-0.872071,1,-0.195406,0,-0.00477761,0,y3
7,13.8192771084337,-0.89653,1,-0.89653,1,-0.220096,0,-0.0294506,0,y3
7,13.8795180722892,-0.920983,1,-0.920983,1,-0.244785,0,-0.0541252,0,y3
7,13.9397590361446,-0.945431,1,-0.945431,1,-0.269476,0,-0.0788014,0,y3
7,14,-0.969873,1,-0.969873,1,-0.294166,0,-0.103479,0,y3
8,-1,-0.39794,1,-0.39794,1,-0.230641,0,-0.244141,0,y3
8,-0.9397590361445783,-0.39794,1,-0.39794,1,-0.230641,0,-0.244141,0,y3
8,-0.8795180722891567,-0.39794,1,-0.39794,1,-0.230641,0,-0.244141,0,y3
8,-0.8192771084337349,-0.39794,1,-0.39794,1,-0.230641,0,-0.244141,0,y3
8,-0.7590361445783133,-0.39794,1,-0.39794,1,-0.230641,0,-0.244141,0,y3
8,-0.6987951807228916,-0.39794,1,-0.39794,1,-0.230641,0,-0.244141,0,y3
8,-0.6385542168674698,-0.39794,1,-0.39794,1,-0.230641,0,-0.244141,0,y3
8,-0.5783132530120482,-0.39794,1,-0.39794,1,-0.230641,0,-0.244141,0,y3
8,-0.5180722891566265,-0.39794,1,-0.39794,1,-0.230641,0,-0.244141,0,y3
8,-0.4578313253012049,-0.39794,1,-0.39794,1,-0.230641,0,-0.244141,0,y3
8,-0.3975903614457832,-0.39794,1,-0.39794,1,-0.230641,0,-0.244141,0,y3
8,-0.3373493975903614,-0.39794,1,-0.39794,1,-0.230641,0,-0.244141,0,y3
8,-0.2771084337349398,-0.39794,1,-0.39794,1,-0.230641,0,-0.244141,0,y3
8,-0.2168674698795181,-0.39794,1,-0.39794,1,-0.230641,0,-0.244141,0,y3
8,-0.1566265060240963,-0.39794,1,-0.39794,1,-0.230641,0,-0.244141,0,y3
8,-0.0963855421686747,-0.39794,1,-0.39794,1,-0.230641,0,-0.244141,0,y3
8,-0.036144578313253,-0.39794,1,-0.39794,1,-0.230641,0,-0.244141,0,y3
8,0,-0.39794,1,-0.39794,1,-0.230641,0,-0.244141,0,y3
8,0.0240963855421688,-0.39794,1,-0.39794,1,-0.230641,0,-0.244141,0,y3
8,0.0843373493975903,-0.39794,1,-0.39794,1,-0.230641,0,-0.244141,0,y3
8,0.1445783132530121,-0.39794,1,-0.39794,1,-0.230641,0,-0.244141,0,y3
8,0.2048192771084336,-0.39794,1,-0.39794,1,-0.230641,0,-0.244141,0,y3
8,0.2650602409638554,-0.39794,1,-0.39794,1,-0.230641,0,-0.244141,0,y3
8,0.3253012048192772,-0.39794,1,-0.39794,1,-0.230641,0,-0.244141,0,y3
8,0.3855421686746987,-0.39794,1,-0.39794,1,-0.230641,0,-0.244141,0,y3
8,0.4457831325301205,-0.39794,1,-0.39794,1,-0.230641,0,-0.244141,0,y3
8,0.5060240963855422,-0.39794,1,-0.39794,1,-0.230641,0,-0.244141,0,y3
8,0.5662650602409638,-0.39794,1,-0.39794,1,-0.230641,0,-0.244141,0,y3
8,0.6265060240963856,-0.39794,1,-0.39794,1,-0.230641,0,-0.244141,0,y3
8,0.6867469879518073,-0.39794,1,-0.39794,1,-0.230641,0,-0.244141,0,y3
8,0.7469879518072289,-0.39794,1,-0.39794,1,-0.230641,0,-0.244141,0,y3
8,0.8072289156626506,-0.39794,1,-0.39794,1,-0.230641,0,-0.244141,0,y3
8,0.8674698795180722,-0.39794,1,-0.39794,1,-0.230641,0,-0.244141,0,y3
8,0.927710843373494,-0.39794,1,-0.39794,1,-0.230641,0,-0.244141,0,y3
8,0.9879518072289157,-0.39794,1,-0.39794,1,-0.230641,0,-0.244141,0,y3
8,1,-0.39794,1,-0.39794,1,-0.230641,0,-0.244141,0,y3
8,1.04819277108434,-0.39794,1,-0.39794,1,-0.230641,0,-0.244141,0,y3
8,1.10843373493976,-0.39794,1,-0.39794,1,-0.230641,0,-0.244141,0,y3
8,1.16867469879518,-0.39794,1,-0.39794,1,-0.230641,0,-0.244141,0,y3
8,1.2289156626506,-0.39794,1,-0.39794,1,-0.230641,0,-0.244141,0,y3
8,1.28915662650602,-0.39794,1,-0.39794,1,-0.230641,0,-0.244141,0,y3
8,1.34939759036145,-0.39794,1,-0.39794,1,-0.230641,0,-0.244141,0,y3
8,1.40963855421687,-0.39794,1,-0.39794,1,-0.230641,0,-0.244141,0,y3
8,1.46987951807229,-0.39794,1,-0.39794,1,-0.230641,0,-0.244141,0,y3
8,1.53012048192771,-0.39794,1,-0.39794,1,-0.230641,0,-0.244141,0,y3
8,1.59036144578313,-0.39794,1,-0.39794,1,-0.230641,0,-0.244141,0,y3
8,1.65060240963855,-0.39794,1,-0.39794,1,-0.230641,0,-0.244141,0,y3
8,1.71084337349398,-0.39794,1,-0.39794,1,-0.230641,0,-0.244141,0,y3
8,1.7710843373494,-0.39794,1,-0.39794,1,-0.230641,0,-0.244141,0,y3
8,1.83132530120482,-0.39794,1,-0.39794,1,-0.230641,0,-0.244141,0,y3
8,1.89156626506024,-0.39794,1,-0.39794,1,-0.230641,0,-0.244141,0,y3
8,1.95180722891566,-0.407001,1,-0.407001,1,-0.230641,0,-0.244141,0,y3
8,2,-0.426758,1,-0.426758,1,-0.230641,0,-0.244141,0,y3
8,2.01204819277108,-0.431696,1,-0.431696,1,-0.230641,0,-0.244141,0,y3
8,2.07228915662651,-0.456378,1,-0.456378,1,-0.230641,0,-0.244141,0,y3
8,2.13253012048193,-0.481003,1,-0.481003,1,-0.230641,0,-0.244141,0,y3
8,2.19277108433735,-0.50545,1,-0.50545,1,-0.230641,0,-0.244141,0,y3
8,2.25301204819277,-0.529438,1,-0.529438,1,-0.230641,0,-0.244141,0,y3
8,2.31325301204819,-0.552409,1,-0.552409,1,-0.230641,0,-0.244141,0,y3
8,2.37349397590361,-0.573377,1,-0.573377,1,-0.230641,0,-0.244141,0,y3
8,2.43373493975904,-0.590755,1,-0.590755,1,-0.241519,0,-0.254275,0,y3
8,2.49397590361446,-0.602225,1,-0.602225,1,-0.266207,0,-0.278964,0,y3
8,2.55421686746988,-0.604754,1,-0.604754,1,-0.290807,0,-0.303571,0,y3
8,2.6144578313253,-0.594915,1,-0.594915,1,-0.315022,1,-0.327819,1,y3
8,2.67469879518072,-0.569652,1,-0.569652,1,-0.338123,1,-0.351027,1,y3
8,2.73493975903614,-0.527119,1,-0.527119,1,-0.358704,1,-0.371912,1,y3
8,2.79518072289157,-0.467496,1,-0.467496,1,-0.374472,1,-0.388377,1,y3
8,2.85542168674699,-0.392956,1,-0.392956,1,-0.38219,1,-0.397376,1,y3
8,2.91566265060241,-0.306964,0,-0.306964,0,-0.377992,1,-0.395152,1,y3
8,2.97590361445783,-0.213338,0,-0.213338,0,-0.358214,1,-0.377908,1,y3
8,3,-0.174543,0,-0.174543,0,-0.345326,1,-0.366156,1,y3
8,3.03614457831325,-0.115522,0,-0.115522,0,-0.320424,1,-0.343078,1,y3
8,3.09638554216868,-0.0162881,0,-0.0162881,0,-0.264461,0,-0.290303,0,y3
8,3.1566265060241,0.0822156,0,0.0822156,0,-0.192602,0,-0.221579,0,y3
8,3.21686746987952,0.178876,0,0.178876,0,-0.108729,0,-0.140539,0,y3
8,3.27710843373494,0.272838,0,0.272838,0,-0.0171521,0,-0.051353,0,y3
8,3.33734939759036,0.363626,0,0.363626,0,0.0783074,0,0.0421872,0,y3
8,3.39759036144578,0.451056,0,0.451056,0,0.174706,0,0.137088,0,y3
8,3.45783132530121,0.535055,0,0.535055,0,0.269996,0,0.231251,0,y3
8,3.51807228915663,0.615614,0,0.615614,0,0.362866,0,0.323268,0,y3
8,3.57831325301205,0.692779,0,0.692779,0,0.452535,0,0.412319,0,y3
8,3.63855421686747,0.766617,0,0.766617,0,0.538594,0,0.497923,0,y3
8,3.69879518072289,0.837227,0,0.837227,0,0.62087,0,0.579878,0,y3
8,3.75903614457831,0.904736,0,0.904736,0,0.699328,0,0.658128,0,y3
8,3.81927710843373,0.969214,0,0.969214,0,0.774033,0,0.73272,0,y3
8,3.87951807228916,1.03082,0,1.03082,0,0.845107,0,0.803758,0,y3
8,3.93975903614458,1.0896,0,1.0896,0,0.91268,0,0.871362,0,y3
8,4,1.14567,0,1.14567,0,0.976901,0,0.935682,0,y3
8,4.06024096385542,1.19914,0,1.19914,0,1.03793,0,0.996856,0,y3
8,4.12048192771084,1.25003,0,1.25003,0,1.0959,0,1.05504,0,y3
8,4.18072289156626,1.29846,0,1.29846,0,1.15095,0,1.11035,0,y3
8,4.24096385542169,1.34447,0,1.34447,0,1.20322,0,1.16293,0,y3
8,4.30120481927711,1.38813,0,1.38813,0,1.25282,0,1.21289,0,y3
8,4.36144578313253,1.4295,0,1.4295,0,1.29985,0,1.26034,0,y3
8,4.42168674698795,1.46861,0,1.46861,0,1.34442,0,1.30538,0,y3
8,4.48192771084337,1.50553,0,1.50553,0,1.38662,0,1.3481,0,y3
8,4.54216867469879,1.54027,0,1.54027,0,1.42653,0,1.38859,0,y3
8,4.60240963855422,1.57291,0,1.57291,0,1.46421,0,1.42691,0,y3
8,4.66265060240964,1.60348,0,1.60348,0,1.49976,0,1.46315,0,y3
8,4.72289156626506,1.63201,0,1.63201,0,1.53323,0,1.49736,0,y3
8,4.78313253012048,1.65856,0,1.65856,0,1.56467,0,1.5296,0,y3
8,4.8433734939759,1.68317,0,1.68317,0,1.59417,0,1.55993,0,y3
8,4.90361445783132,1.70588,0,1.70588,0,1.62177,0,1.58841,0,y3
8,4.96385542168675,1.72674,0,1.72674,0,1.64752,0,1.6151,0,y3
8,5,1.73839,0,1.73839,0,1.66211,0,1.63027,0,y3
8,5.02409638554217,1.7458,0,1.7458,0,1.67148,0,1.64004,0,y3
8,5.08433734939759,1.76311,0,1.76311,0,1.69369,0,1.66328,0,y3
8,5.14457831325301,1.77873,0,1.77873,0,1.71421,0,1.68488,0,y3
8,5.20481927710843,1.7927,0,1.7927,0,1.73308,0,1.70488,0,y3
8,5.26506024096386,1.80509,0,1.80509,0,1.75036,0,1.72333,0,y3
8,5.32530120481928,1.81595,0,1.81595,0,1.76608,0,1.74026,0,y3
8,5.3855421686747,1.82533,0,1.82533,0,1.78032,0,1.75573,0,y3
8,5.44578313253012,1.83331,0,1.83331,0,1.7931,0,1.7698,0,y3
8,5.50602409638554,1.83993,0,1.83993,0,1.8045,0,1.78249,0,y3
8,5.56626506024096,1.84526,0,1.84526,0,1.81454,0,1.79385,0,y3
8,5.62650602409639,1.84935,0,1.84935,0,1.82329,0,1.80393,0,y3
8,5.68674698795181,1.85225,0,1.85225,0,1.8308,0,1.81279,0,y3
8,5.74698795180723,1.85404,0,1.85404,0,1.8371,0,1.82047,0,y3
8,5.80722891566265,1.85474,0,1.85474,0,1.84224,0,1.827,0,y3
8,5.86746987951807,1.85444,0,1.85444,0,1.84628,0,1.83242,0,y3
8,5.92771084337349,1.85316,0,1.85316,0,1.84925,0,1.83679,0,y3
8,5.98795180722892,1.85097,0,1.85097,0,1.85119,0,1.84015,0,y3
8,6,1.85043,0,1.85043,0,1.85146,0,1.8407,0,y3
8,6.04819277108434,1.84791,0,1.84791,0,1.85215,0,1.84252,0,y3
8,6.10843373493976,1.84403,0,1.84403,0,1.85216,0,1.84395,0,y3
8,6.16867469879518,1.83937,0,1.83937,0,1.85127,0,1.84448,0,y3
8,6.2289156626506,1.83397,0,1.83397,0,1.8495,0,1.84415,0,y3
8,6.28915662650602,1.82786,0,1.82786,0,1.84689,0,1.84297,0,y3
8,6.34939759036145,1.82108,0,1.82108,0,1.84348,0,1.841,0,y3
8,6.40963855421687,1.81363,0,1.81363,0,1.83929,0,1.83825,0,y3
8,6.46987951807229,1.80554,0,1.80554,0,1.83435,0,1.83476,0,y3
8,6.53012048192771,1.7968,0,1.7968,0,1.8287,0,1.83055,0,y3
8,6.59036144578313,1.78745,0,1.78745,0,1.82235,0,1.82565,0,y3
8,6.65060240963855,1.77749,0,1.77749,0,1.81534,0,1.82009,0,y3
8,6.71084337349398,1.76693,0,1.76693,0,1.80769,0,1.81389,0,y3
8,6.7710843373494,1.75581,0,1.75581,0,1.79941,0,1.80706,0,y3
8,6.83132530120482,1.74411,0,1.74411,0,1.79053,0,1.79964,0,y3
8,6.89156626506024,1.73188,0,1.73188,0,1.78107,0,1.79164,0,y3
8,6.95180722891566,1.7191,0,1.7191,0,1.77105,0,1.78307,0,y3
8,7,1.70851,0,1.70851,0,1.76264,0,1.77583,0,y3
8,7.01204819277108,1.70581,0,1.70581,0,1.76048,0,1.77397,0,y3
8,7.07228915662651,1.69201,0,1.69201,0,1.74939,0,1.76433,0,y3
8,7.13253012048193,1.67771,0,1.67771,0,1.73778,0,1.75419,0,y3
8,7.19277108433735,1.66294,0,1.66294,0,1.72568,0,1.74355,0,y3
8,7.25301204819277,1.64769,0,1.64769,0,1.71309,0,1.73242,0,y3
8,7.31325301204819,1.632,0,1.632,0,1.70004,0,1.72082,0,y3
8,7.37349397590361,1.61585,0,1.61585,0,1.68653,0,1.70877,0,y3
8,7.43373493975904,1.59928,0,1.59928,0,1.67257,0,1.69627,0,y3
8,7.49397590361446,1.5823,0,1.5823,0,1.65819,0,1.68334,0,y3
8,7.55421686746988,1.5649,0,1.5649,0,1.64338,0,1.66998,0,y3
8,7.6144578313253,1.54712,0,1.54712,0,1.62816,0,1.6562,0,y3
8,7.67469879518072,1.52895,0,1.52895,0,1.61254,0,1.64203,0,y3
8,7.73493975903614,1.51042,0,1.51042,0,1.59653,0,1.62745,0,y3
8,7.79518072289157,1.49153,0,1.49153,0,1.58015,0,1.61249,0,y3
8,7.85542168674699,1.47229,0,1.47229,0,1.56339,0,1.59716,0,y3
8,7.91566265060241,1.45273,0,1.45273,0,1.54628,0,1.58145,0,y3
8,7.97590361445783,1.43284,0,1.43284,0,1.52881,0,1.56539,0,y3
8,8,1.4248,0,1.4248,0,1.52173,0,1.55886,0,y3
8,8.03614457831325,1.41265,0,1.41265,0,1.511,0,1.54897,0,y3
8,8.09638554216867,1.39216,0,1.39216,0,1.49287,0,1.53221,0,y3
8,8.1566265060241,1.3714,0,1.3714,0,1.47441,0,1.51511,0,y3
8,8.21686746987952,1.35037,0,1.35037,0,1.45563,0,1.49768,0,y3
8,8.27710843373494,1.32908,0,1.32908,0,1.43656,0,1.47993,0,y3
8,8.33734939759036,1.30754,0,1.30754,0,1.41718,0,1.46187,0,y3
8,8.39759036144578,1.28578,0,1.28578,0,1.39752,0,1.4435,0,y3
8,8.45783132530121,1.26379,0,1.26379,0,1.37759,0,1.42484,0,y3
8,8.51807228915663,1.24161,0,1.24161,0,1.35738,0,1.40588,0,y3
8,8.57831325301205,1.21922,0,1.21922,0,1.33692,0,1.38664,0,y3
8,8.63855421686747,1.19665,0,1.19665,0,1.3162,0,1.36713,0,y3
8,8.69879518072289,1.17391,0,1.17391,0,1.29525,0,1.34735,0,y3
8,8.75903614457831,1.15102,0,1.15102,0,1.27406,0,1.3273,0,y3
8,8.81927710843373,1.12797,0,1.12797,0,1.25265,0,1.30701,0,y3
8,8.87951807228916,1.10478,0,1.10478,0,1.23102,0,1.28647,0,y3
8,8.93975903614458,1.08147,0,1.08147,0,1.20919,0,1.2657,0,y3
8,9,1.05803,0,1.05803,0,1.18717,0,1.2447,0,y3
8,9.06024096385542,1.03449,0,1.03449,0,1.16495,0,1.22348,0,y3
8,9.12048192771084,1.01085,0,1.01085,0,1.14256,0,1.20205,0,y3
8,9.18072289156627,0.987116,0,0.987116,0,1.12,0,1.18041,0,y3
8,9.24096385542169,0.963299,0,0.963299,0,1.09728,0,1.15857,0,y3
8,9.30120481927711,0.939405,0,0.939405,0,1.07441,0,1.13655,0,y3
8,9.36144578313253,0.915442,0,0.915442,0,1.05139,0,1.11435,0,y3
8,9.42168674698795,0.891415,0,0.891415,0,1.02823,0,1.09198,0,y3
8,9.48192771084337,0.867331,0,0.867331,0,1.00495,0,1.06944,0,y3
8,9.54216867469879,0.843194,0,0.843194,0,0.981553,0,1.04674,0,y3
8,9.60240963855422,0.81901,0,0.81901,0,0.958042,0,1.02391,0,y3
8,9.66265060240964,0.794784,0,0.794784,0,0.934428,0,1.00093,0,y3
8,9.72289156626506,0.770517,0,0.770517,0,0.910715,0,0.977811,0,y3
8,9.78313253012048,0.746218,0,0.746218,0,0.886912,0,0.954571,0,y3
8,9.8433734939759,0.721888,0,0.721888,0,0.863026,0,0.931216,0,y3
8,9.90361445783133,0.697531,0,0.697531,0,0.839066,0,0.907753,0,y3
8,9.96385542168675,0.673151,0,0.673151,0,0.815035,0,0.884187,0,y3
8,10,0.658511,0,0.658511,0,0.800586,0,0.869999,0,y3
8,10.0240963855422,0.648747,0,0.648747,0,0.79094,0,0.860522,0,y3
8,10.0843373493976,0.624323,0,0.624323,0,0.766782,0,0.836765,0,y3
8,10.144578313253,0.599882,0,0.599882,0,0.74257,0,0.812927,0,y3
8,10.2048192771084,0.575426,0,0.575426,0,0.718311,0,0.789015,0,y3
8,10.2650602409639,0.550955,0,0.550955,0,0.694009,0,0.765032,0,y3
8,10.3253012048193,0.526472,0,0.526472,0,0.669667,0,0.740981,0,y3
8,10.3855421686747,0.501977,0,0.501977,0,0.645289,0,0.716867,0,y3
8,10.4457831325301,0.477473,0,0.477473,0,0.62088,0,0.692699,0,y3
8,10.5060240963855,0.452959,0,0.452959,0,0.596442,0,0.668482,0,y3
8,10.566265060241,0.428438,0,0.428438,0,0.571978,0,0.644221,0,y3
8,10.6265060240964,0.403909,0,0.403909,0,0.547492,0,0.619917,0,y3
8,10.6867469879518,0.379375,0,0.379375,0,0.522986,0,0.595573,0,y3
8,10.7469879518072,0.354834,0,0.354834,0,0.498462,0,0.571195,0,y3
8,10.8072289156626,0.330289,0,0.330289,0,0.473923,0,0.546787,0,y3
8,10.8674698795181,0.30574,0,0.30574,0,0.449369,0,0.522352,0,y3
8,10.9277108433735,0.281187,0,0.281187,0,0.424804,0,0.497893,0,y3
8,10.9879518072289,0.25663,0,0.25663,0,0.400228,0,0.473412,0,y3
8,11,0.251719,0,0.251719,0,0.395312,0,0.468514,0,y3
8,11.0481927710843,0.232071,0,0.232071,0,0.375643,0,0.448912,0,y3
8,11.1084337349398,0.20751,0,0.20751,0,0.351049,0,0.424394,0,y3
8,11.1686746987952,0.182946,0,0.182946,0,0.326449,0,0.39986,0,y3
8,11.2289156626506,0.158381,0,0.158381,0,0.301842,0,0.375313,0,y3
8,11.289156626506,0.133815,0,0.133815,0,0.27723,0,0.350753,0,y3
8,11.3493975903614,0.109247,0,0.109247,0,0.252613,0,0.326183,0,y3
8,11.4096385542169,0.084679,0,0.084679,0,0.227993,0,0.301604,0,y3
8,11.4698795180723,0.0601101,0,0.0601101,0,0.203369,0,0.277017,0,y3
8,11.5301204819277,0.0355412,0,0.0355412,0,0.178742,0,0.252424,0,y3
8,11.5903614457831,0.0109721,0,0.0109721,0,0.154113,0,0.227825,0,y3
8,11.6506024096386,-0.0135959,0,-0.0135959,0,0.129482,0,0.203221,0,y3
8,11.710843373494,-0.0381634,0,-0.0381634,0,0.104848,0,0.178612,0,y3
8,11.7710843373494,-0.0627305,0,-0.0627305,0,0.0802132,0,0.154,0,y3
8,11.8313253012048,-0.0872971,0,-0.0872971,0,0.0555771,0,0.129383,0,y3
8,11.8915662650602,-0.111863,0,-0.111863,0,0.0309401,0,0.104764,0,y3
8,11.9518072289157,-0.136428,0,-0.136428,0,0.00630241,0,0.0801425,0,y3
8,12,-0.156079,0,-0.156079,0,-0.0134081,0,0.060444,0,y3
8,12.0120481927711,-0.160991,0,-0.160991,0,-0.0183358,0,0.0555192,0,y3
8,12.0722891566265,-0.185553,0,-0.185553,0,-0.0429741,0,0.0308942,0,y3
8,12.1325301204819,-0.210112,0,-0.210112,0,-0.0676126,0,0.00626774,0,y3
8,12.1927710843374,-0.23467,0,-0.23467,0,-0.0922511,0,-0.0183596,0,y3
8,12.2530120481928,-0.259226,0,-0.259226,0,-0.116889,0,-0.0429879,0,y3
8,12.3132530120482,-0.283781,0,-0.283781,0,-0.141527,0,-0.0676169,0,y3
8,12.3734939759036,-0.308333,0,-0.308333,0,-0.166164,0,-0.0922463,0,y3
8,12.433734939759,-0.332881,1,-0.332881,1,-0.190801,0,-0.116876,0,y3
8,12.4939759036145,-0.357427,1,-0.357427,1,-0.215436,0,-0.141505,0,y3
8,12.5542168674699,-0.38197,1,-0.38197,1,-0.240071,0,-0.166134,0,y3
8,12.6144578313253,-0.406511,1,-0.406511,1,-0.264705,0,-0.190763,0,y3
8,12.6746987951807,-0.43105,1,-0.43105,1,-0.289337,0,-0.215391,0,y3
8,12.7349397590361,-0.455585,1,-0.455585,1,-0.313967,1,-0.240018,0,y3
8,12.7951807228916,-0.480116,1,-0.480116,1,-0.338596,1,-0.264644,0,y3
8,12.855421686747,-0.504642,1,-0.504642,1,-0.363223,1,-0.289269,0,y3
8,12.9156626506024,-0.529166,1,-0.529166,1,-0.387846,1,-0.313893,1,y3
8,12.9759036144578,-0.553687,1,-0.553687,1,-0.412463,1,-0.338516,1,y3
8,13,-0.563494,1,-0.563494,1,-0.422308,1,-0.348364,1,y3
8,13.0361445783133,-0.578203,1,-0.578203,1,-0.437076,1,-0.363136,1,y3
8,13.0963855421687,-0.602715,1,-0.602715,1,-0.461692,1,-0.387756,1,y3
8,13.1566265060241,-0.627223,1,-0.627223,1,-0.4863,1,-0.412373,1,y3
8,13.2168674698795,-0.651728,1,-0.651728,1,-0.510901,1,-0.436988,1,y3
8,13.2771084337349,-0.676229,1,-0.676229,1,-0.535502,1,-0.461601,1,y3
8,13.3373493975904,-0.700725,1,-0.700725,1,-0.560107,1,-0.486212,1,y3
8,13.3975903614458,-0.725217,1,-0.725217,1,-0.584701,1,-0.510819,1,y3
8,13.4578313253012,-0.749705,1,-0.749705,1,-0.609289,1,-0.535425,1,y3
8,13.5180722891566,-0.774188,1,-0.774188,1,-0.633881,1,-0.560027,1,y3
8,13.578313253012,-0.798666,1,-0.798666,1,-0.658467,1,-0.584626,1,y3
8,13.6385542168675,-0.82314,1,-0.82314,1,-0.683043,1,-0.609222,1,y3
8,13.6987951807229,-0.847608,1,-0.847608,1,-0.707618,1,-0.633815,1,y3
8,13.7590361445783,-0.872071,1,-0.872071,1,-0.732197,1,-0.658403,1,y3
8,13.8192771084337,-0.89653,1,-0.89653,1,-0.756764,1,-0.682988,1,y3
8,13.8795180722892,-0.920983,1,-0.920983,1,-0.781324,1,-0.707567,1,y3
8,13.9397590361446,-0.945431,1,-0.945431,1,-0.805886,1,-0.732143,1,y3
8,14,-0.969873,1,-0.969873,1,-0.830444,1,-0.756713,1,y3
9,-1,-0.39794,1,-0.39794,1,-0.482679,1,-0.49897,1,y3
9,-0.9397590361445783,-0.39794,1,-0.39794,1,-0.482679,1,-0.49897,1,y3
9,-0.8795180722891567,-0.39794,1,-0.39794,1,-0.482679,1,-0.49897,1,y3
9,-0.8192771084337349,-0.39794,1,-0.39794,1,-0.482679,1,-0.49897,1,y3
9,-0.7590361445783133,-0.39794,1,-0.39794,1,-0.482679,1,-0.49897,1,y3
9,-0.6987951807228916,-0.39794,1,-0.39794,1,-0.482679,1,-0.49897,1,y3
9,-0.6385542168674698,-0.39794,1,-0.39794,1,-0.482679,1,-0.49897,1,y3
9,-0.5783132530120482,-0.39794,1,-0.39794,1,-0.482679,1,-0.49897,1,y3
9,-0.5180722891566265,-0.39794,1,-0.39794,1,-0.482679,1,-0.49897,1,y3
9,-0.4578313253012049,-0.39794,1,-0.39794,1,-0.482679,1,-0.49897,1,y3
9,-0.3975903614457832,-0.39794,1,-0.39794,1,-0.482679,1,-0.49897,1,y3
9,-0.3373493975903614,-0.39794,1,-0.39794,1,-0.482679,1,-0.49897,1,y3
9,-0.2771084337349398,-0.39794,1,-0.39794,1,-0.482679,1,-0.49897,1,y3
9,-0.2168674698795181,-0.39794,1,-0.39794,1,-0.482679,1,-0.49897,1,y3
9,-0.1566265060240963,-0.39794,1,-0.39794,1,-0.482679,1,-0.49897,1,y3
9,-0.0963855421686747,-0.39794,1,-0.39794,1,-0.482679,1,-0.49897,1,y3
9,-0.036144578313253,-0.39794,1,-0.39794,1,-0.482679,1,-0.49897,1,y3
9,0,-0.39794,1,-0.39794,1,-0.482679,1,-0.49897,1,y3
9,0.0240963855421688,-0.39794,1,-0.39794,1,-0.482679,1,-0.49897,1,y3
9,0.0843373493975903,-0.39794,1,-0.39794,1,-0.482679,1,-0.49897,1,y3
9,0.1445783132530121,-0.39794,1,-0.39794,1,-0.482679,1,-0.49897,1,y3
9,0.2048192771084336,-0.39794,1,-0.39794,1,-0.482679,1,-0.49897,1,y3
9,0.2650602409638554,-0.39794,1,-0.39794,1,-0.482679,1,-0.49897,1,y3
9,0.3253012048192772,-0.39794,1,-0.39794,1,-0.482679,1,-0.49897,1,y3
9,0.3855421686746987,-0.39794,1,-0.39794,1,-0.482679,1,-0.49897,1,y3
9,0.4457831325301205,-0.39794,1,-0.39794,1,-0.482679,1,-0.49897,1,y3
9,0.5060240963855422,-0.39794,1,-0.39794,1,-0.482679,1,-0.49897,1,y3
9,0.5662650602409638,-0.39794,1,-0.39794,1,-0.482679,1,-0.49897,1,y3
9,0.6265060240963856,-0.39794,1,-0.39794,1,-0.482679,1,-0.49897,1,y3
9,0.6867469879518073,-0.39794,1,-0.39794,1,-0.482679,1,-0.49897,1,y3
9,0.7469879518072289,-0.39794,1,-0.39794,1,-0.482679,1,-0.49897,1,y3
9,0.8072289156626506,-0.39794,1,-0.39794,1,-0.482679,1,-0.49897,1,y3
9,0.8674698795180722,-0.39794,1,-0.39794,1,-0.482679,1,-0.49897,1,y3
9,0.927710843373494,-0.39794,1,-0.39794,1,-0.482679,1,-0.49897,1,y3
9,0.9879518072289157,-0.39794,1,-0.39794,1,-0.482679,1,-0.49897,1,y3
9,1,-0.39794,1,-0.39794,1,-0.482679,1,-0.49897,1,y3
9,1.04819277108434,-0.39794,1,-0.39794,1,-0.482679,1,-0.49897,1,y3
9,1.10843373493976,-0.39794,1,-0.39794,1,-0.482679,1,-0.49897,1,y3
9,1.16867469879518,-0.39794,1,-0.39794,1,-0.482679,1,-0.49897,1,y3
9,1.2289156626506,-0.39794,1,-0.39794,1,-0.482679,1,-0.49897,1,y3
9,1.28915662650602,-0.39794,1,-0.39794,1,-0.482679,1,-0.49897,1,y3
9,1.34939759036145,-0.39794,1,-0.39794,1,-0.482679,1,-0.49897,1,y3
9,1.40963855421687,-0.39794,1,-0.39794,1,-0.482679,1,-0.49897,1,y3
9,1.46987951807229,-0.39794,1,-0.39794,1,-0.482679,1,-0.49897,1,y3
9,1.53012048192771,-0.39794,1,-0.39794,1,-0.482679,1,-0.49897,1,y3
9,1.59036144578313,-0.39794,1,-0.39794,1,-0.482679,1,-0.49897,1,y3
9,1.65060240963855,-0.39794,1,-0.39794,1,-0.488973,1,-0.501171,1,y3
9,1.71084337349398,-0.39794,1,-0.39794,1,-0.513666,1,-0.525865,1,y3
9,1.7710843373494,-0.39794,1,-0.39794,1,-0.538321,1,-0.550524,1,y3
9,1.83132530120482,-0.39794,1,-0.39794,1,-0.562776,1,-0.574984,1,y3
9,1.89156626506024,-0.39794,1,-0.39794,1,-0.586563,1,-0.598724,1,y3
9,1.95180722891566,-0.407001,1,-0.407001,1,-0.608628,1,-0.620525,1,y3
9,2,-0.426758,1,-0.426758,1,-0.623747,1,-0.635036,1,y3
9,2.01204819277108,-0.431696,1,-0.431696,1,-0.626988,1,-0.638033,1,y3
9,2.07228915662651,-0.456378,1,-0.456378,1,-0.638429,1,-0.647388,1,y3
9,2.13253012048193,-0.481003,1,-0.481003,1,-0.638491,1,-0.643247,1,y3
9,2.19277108433735,-0.50545,1,-0.50545,1,-0.62211,1,-0.619773,1,y3
9,2.25301204819277,-0.529438,1,-0.529438,1,-0.584939,1,-0.572596,1,y3
9,2.31325301204819,-0.552409,1,-0.552409,1,-0.52546,1,-0.500891,1,y3
9,2.37349397590361,-0.573377,1,-0.573377,1,-0.44586,1,-0.408255,1,y3
9,2.43373493975904,-0.590755,1,-0.590755,1,-0.350556,1,-0.300488,0,y3
9,2.49397590361446,-0.602225,1,-0.602225,1,-0.244566,0,-0.18419,0,y3
9,2.55421686746988,-0.604754,1,-0.604754,1,-0.13293,0,-0.064993,0,y3
9,2.6144578313253,-0.594915,1,-0.594915,1,-0.0201073,0,0.0536026,0,y3
9,2.67469879518072,-0.569652,1,-0.569652,1,0.0910432,0,0.16939,0,y3
9,2.73493975903614,-0.527119,1,-0.527119,1,0.198866,0,0.281078,0,y3
9,2.79518072289157,-0.467496,1,-0.467496,1,0.30248,0,0.387997,0,y3
9,2.85542168674699,-0.392956,1,-0.392956,1,0.401487,0,0.489878,0,y3
9,2.91566265060241,-0.306964,0,-0.306964,0,0.495768,0,0.586722,0,y3
9,2.97590361445783,-0.213338,0,-0.213338,0,0.585375,0,0.678821,0,y3
9,3,-0.174543,0,-0.174543,0,0.619931,0,0.714347,0,y3
9,3.03614457831325,-0.115522,0,-0.115522,0,0.670427,0,0.766172,0,y3
9,3.09638554216868,-0.0162881,0,-0.0162881,0,0.751156,0,0.848981,0,y3
9,3.1566265060241,0.0822156,0,0.0822156,0,0.827758,0,0.927593,0,y3
9,3.21686746987952,0.178876,0,0.178876,0,0.900445,0,1.00211,0,y3
9,3.27710843373494,0.272838,0,0.272838,0,0.969418,0,1.0727,0,y3
9,3.33734939759036,0.363626,0,0.363626,0,1.03486,0,1.13956,0,y3
9,3.39759036144578,0.451056,0,0.451056,0,1.09694,0,1.20286,0,y3
9,3.45783132530121,0.535055,0,0.535055,0,1.15579,0,1.26275,0,y3
9,3.51807228915663,0.615614,0,0.615614,0,1.21156,0,1.31938,0,y3
9,3.57831325301205,0.692779,0,0.692779,0,1.26435,0,1.37288,0,y3
9,3.63855421686747,0.766617,0,0.766617,0,1.3143,0,1.42335,0,y3
9,3.69879518072289,0.837227,0,0.837227,0,1.3615,0,1.47092,0,y3
9,3.75903614457831,0.904736,0,0.904736,0,1.40604,0,1.51568,0,y3
9,3.81927710843373,0.969214,0,0.969214,0,1.44803,0,1.55772,0,y3
9,3.87951807228916,1.03082,0,1.03082,0,1.48751,0,1.59712,0,y3
9,3.93975903614458,1.0896,0,1.0896,0,1.52457,0,1.63395,0,y3
9,4,1.14567,0,1.14567,0,1.55927,0,1.66829,0,y3
9,4.06024096385542,1.19914,0,1.19914,0,1.59167,0,1.70021,0,y3
9,4.12048192771084,1.25003,0,1.25003,0,1.62184,0,1.72977,0,y3
9,4.18072289156626,1.29846,0,1.29846,0,1.64984,0,1.75704,0,y3
9,4.24096385542169,1.34447,0,1.34447,0,1.67572,0,1.7821,0,y3
9,4.30120481927711,1.38813,0,1.38813,0,1.69953,0,1.80501,0,y3
9,4.36144578313253,1.4295,0,1.4295,0,1.72135,0,1.82585,0,y3
9,4.42168674698795,1.46861,0,1.46861,0,1.74123,0,1.84469,0,y3
9,4.48192771084337,1.50553,0,1.50553,0,1.75923,0,1.86161,0,y3
9,4.54216867469879,1.54027,0,1.54027,0,1.77542,0,1.87668,0,y3
9,4.60240963855422,1.57291,0,1.57291,0,1.78985,0,1.88999,0,y3
9,4.66265060240964,1.60348,0,1.60348,0,1.80259,0,1.9016,0,y3
9,4.72289156626506,1.63201,0,1.63201,0,1.81371,0,1.9116,0,y3
9,4.78313253012048,1.65856,0,1.65856,0,1.82326,0,1.92007,0,y3
9,4.8433734939759,1.68317,0,1.68317,0,1.83132,0,1.92707,0,y3
9,4.90361445783132,1.70588,0,1.70588,0,1.83795,0,1.93269,0,y3
9,4.96385542168675,1.72674,0,1.72674,0,1.84322,0,1.937,0,y3
9,5,1.73839,0,1.73839,0,1.84574,0,1.93899,0,y3
9,5.02409638554217,1.7458,0,1.7458,0,1.84717,0,1.94007,0,y3
9,5.08433734939759,1.76311,0,1.76311,0,1.84989,0,1.94197,0,y3
9,5.14457831325301,1.77873,0,1.77873,0,1.85143,0,1.94277,0,y3
9,5.20481927710843,1.7927,0,1.7927,0,1.85184,0,1.94252,0,y3
9,5.26506024096386,1.80509,0,1.80509,0,1.8512,0,1.9413,0,y3
9,5.32530120481928,1.81595,0,1.81595,0,1.84954,0,1.93914,0,y3
9,5.3855421686747,1.82533,0,1.82533,0,1.84693,0,1.93612,0,y3
9,5.44578313253012,1.83331,0,1.83331,0,1.84341,0,1.93228,0,y3
9,5.50602409638554,1.83993,0,1.83993,0,1.83902,0,1.92765,0,y3
9,5.56626506024096,1.84526,0,1.84526,0,1.83381,0,1.92227,0,y3
9,5.62650602409639,1.84935,0,1.84935,0,1.8278,0,1.91616,0,y3
9,5.68674698795181,1.85225,0,1.85225,0,1.821,0,1.90933,0,y3
9,5.74698795180723,1.85404,0,1.85404,0,1.81344,0,1.90182,0,y3
9,5.80722891566265,1.85474,0,1.85474,0,1.80514,0,1.89364,0,y3
9,5.86746987951807,1.85444,0,1.85444,0,1.79611,0,1.88483,0,y3
9,5.92771084337349,1.85316,0,1.85316,0,1.78638,0,1.87539,0,y3
9,5.98795180722892,1.85097,0,1.85097,0,1.77598,0,1.86535,0,y3
9,6,1.85043,0,1.85043,0,1.77382,0,1.86328,0,y3
9,6.04819277108434,1.84791,0,1.84791,0,1.76492,0,1.85474,0,y3
9,6.10843373493976,1.84403,0,1.84403,0,1.75323,0,1.84356,0,y3
9,6.16867469879518,1.83937,0,1.83937,0,1.74092,0,1.83183,0,y3
9,6.2289156626506,1.83397,0,1.83397,0,1.72803,0,1.81958,0,y3
9,6.28915662650602,1.82786,0,1.82786,0,1.71455,0,1.80682,0,y3
9,6.34939759036145,1.82108,0,1.82108,0,1.70052,0,1.79356,0,y3
9,6.40963855421687,1.81363,0,1.81363,0,1.68596,0,1.77982,0,y3
9,6.46987951807229,1.80554,0,1.80554,0,1.67087,0,1.76562,0,y3
9,6.53012048192771,1.7968,0,1.7968,0,1.65529,0,1.75096,0,y3
9,6.59036144578313,1.78745,0,1.78745,0,1.63922,0,1.73587,0,y3
9,6.65060240963855,1.77749,0,1.77749,0,1.62268,0,1.72034,0,y3
9,6.71084337349398,1.76693,0,1.76693,0,1.60569,0,1.70441,0,y3
9,6.7710843373494,1.75581,0,1.75581,0,1.58827,0,1.68807,0,y3
9,6.83132530120482,1.74411,0,1.74411,0,1.57043,0,1.67134,0,y3
9,6.89156626506024,1.73188,0,1.73188,0,1.55219,0,1.65423,0,y3
9,6.95180722891566,1.7191,0,1.7191,0,1.53356,0,1.63675,0,y3
9,7,1.70851,0,1.70851,0,1.51839,0,1.62252,0,y3
9,7.01204819277108,1.70581,0,1.70581,0,1.51456,0,1.61892,0,y3
9,7.07228915662651,1.69201,0,1.69201,0,1.4952,0,1.60075,0,y3
9,7.13253012048193,1.67771,0,1.67771,0,1.4755,0,1.58224,0,y3
9,7.19277108433735,1.66294,0,1.66294,0,1.45547,0,1.5634,0,y3
9,7.25301204819277,1.64769,0,1.64769,0,1.43514,0,1.54426,0,y3
9,7.31325301204819,1.632,0,1.632,0,1.4145,0,1.52481,0,y3
9,7.37349397590361,1.61585,0,1.61585,0,1.39359,0,1.50507,0,y3
9,7.43373493975904,1.59928,0,1.59928,0,1.3724,0,1.48506,0,y3
9,7.49397590361446,1.5823,0,1.5823,0,1.35096,0,1.46477,0,y3
9,7.55421686746988,1.5649,0,1.5649,0,1.32928,0,1.44422,0,y3
9,7.6144578313253,1.54712,0,1.54712,0,1.30737,0,1.42342,0,y3
9,7.67469879518072,1.52895,0,1.52895,0,1.28524,0,1.40238,0,y3
9,7.73493975903614,1.51042,0,1.51042,0,1.26291,0,1.38111,0,y3
9,7.79518072289157,1.49153,0,1.49153,0,1.2404,0,1.35963,0,y3
9,7.85542168674699,1.47229,0,1.47229,0,1.2177,0,1.33794,0,y3
9,7.91566265060241,1.45273,0,1.45273,0,1.19484,0,1.31604,0,y3
9,7.97590361445783,1.43284,0,1.43284,0,1.17183,0,1.29396,0,y3
9,8,1.4248,0,1.4248,0,1.16259,0,1.28508,0,y3
9,8.03614457831325,1.41265,0,1.41265,0,1.14868,0,1.2717,0,y3
9,8.09638554216867,1.39216,0,1.39216,0,1.1254,0,1.24927,0,y3
9,8.1566265060241,1.3714,0,1.3714,0,1.10199,0,1.22669,0,y3
9,8.21686746987952,1.35037,0,1.35037,0,1.07848,0,1.20395,0,y3
9,8.27710843373494,1.32908,0,1.32908,0,1.05486,0,1.18107,0,y3
9,8.33734939759036,1.30754,0,1.30754,0,1.03115,0,1.15806,0,y3
9,8.39759036144578,1.28578,0,1.28578,0,1.00735,0,1.13493,0,y3
9,8.45783132530121,1.26379,0,1.26379,0,0.983473,0,1.11168,0,y3
9,8.51807228915663,1.24161,0,1.24161,0,0.959527,0,1.08832,0,y3
9,8.57831325301205,1.21922,0,1.21922,0,0.935516,0,1.06486,0,y3
9,8.63855421686747,1.19665,0,1.19665,0,0.911446,0,1.04132,0,y3
9,8.69879518072289,1.17391,0,1.17391,0,0.887324,0,1.01768,0,y3
9,8.75903614457831,1.15102,0,1.15102,0,0.863155,0,0.993971,0,y3
9,8.81927710843373,1.12797,0,1.12797,0,0.838944,0,0.970188,0,y3
9,8.87951807228916,1.10478,0,1.10478,0,0.814696,0,0.946337,0,y3
9,8.93975903614458,1.08147,0,1.08147,0,0.790414,0,0.922427,0,y3
9,9,1.05803,0,1.05803,0,0.766103,0,0.898462,0,y3
9,9.06024096385542,1.03449,0,1.03449,0,0.741763,0,0.874445,0,y3
9,9.12048192771084,1.01085,0,1.01085,0,0.717402,0,0.850384,0,y3
9,9.18072289156627,0.987116,0,0.987116,0,0.693018,0,0.826283,0,y3
9,9.24096385542169,0.963299,0,0.963299,0,0.668617,0,0.802143,0,y3
9,9.30120481927711,0.939405,0,0.939405,0,0.644198,0,0.777967,0,y3
9,9.36144578313253,0.915442,0,0.915442,0,0.619767,0,0.753761,0,y3
9,9.42168674698795,0.891415,0,0.891415,0,0.595322,0,0.729526,0,y3
9,9.48192771084337,0.867331,0,0.867331,0,0.570867,0,0.705268,0,y3
9,9.54216867469879,0.843194,0,0.843194,0,0.546403,0,0.680987,0,y3
9,9.60240963855422,0.81901,0,0.81901,0,0.521928,0,0.656687,0,y3
9,9.66265060240964,0.794784,0,0.794784,0,0.497445,0,0.632369,0,y3
9,9.72289156626506,0.770517,0,0.770517,0,0.472955,0,0.608037,0,y3
9,9.78313253012048,0.746218,0,0.746218,0,0.44846,0,0.58369,0,y3
9,9.8433734939759,0.721888,0,0.721888,0,0.423959,0,0.559331,0,y3
9,9.90361445783133,0.697531,0,0.697531,0,0.399455,0,0.534962,0,y3
9,9.96385542168675,0.673151,0,0.673151,0,0.37495,0,0.510584,0,y3
9,10,0.658511,0,0.658511,0,0.360245,0,0.495955,0,y3
9,10.0240963855422,0.648747,0,0.648747,0,0.350441,0,0.4862,0,y3
9,10.0843373493976,0.624323,0,0.624323,0,0.325931,0,0.461808,0,y3
9,10.144578313253,0.599882,0,0.599882,0,0.30142,0,0.437412,0,y3
9,10.2048192771084,0.575426,0,0.575426,0,0.276907,0,0.41301,0,y3
9,10.2650602409639,0.550955,0,0.550955,0,0.252395,0,0.388607,0,y3
9,10.3253012048193,0.526472,0,0.526472,0,0.227882,0,0.3642,0,y3
9,10.3855421686747,0.501977,0,0.501977,0,0.20337,0,0.339793,0,y3
9,10.4457831325301,0.477473,0,0.477473,0,0.178859,0,0.315383,0,y3
9,10.5060240963855,0.452959,0,0.452959,0,0.154348,0,0.290975,0,y3
9,10.566265060241,0.428438,0,0.428438,0,0.129841,0,0.266565,0,y3
9,10.6265060240964,0.403909,0,0.403909,0,0.105334,0,0.242157,0,y3
9,10.6867469879518,0.379375,0,0.379375,0,0.0808308,0,0.217751,0,y3
9,10.7469879518072,0.354834,0,0.354834,0,0.0563297,0,0.193347,0,y3
9,10.8072289156626,0.330289,0,0.330289,0,0.0318317,0,0.168947,0,y3
9,10.8674698795181,0.30574,0,0.30574,0,0.0073386,0,0.144549,0,y3
9,10.9277108433735,0.281187,0,0.281187,0,-0.0171529,0,0.120158,0,y3
9,10.9879518072289,0.25663,0,0.25663,0,-0.0416377,0,0.0957698,0,y3
9,11,0.251719,0,0.251719,0,-0.0465341,0,0.0908932,0,y3
9,11.0481927710843,0.232071,0,0.232071,0,-0.0661198,0,0.0713892,0,y3
9,11.1084337349398,0.20751,0,0.20751,0,-0.0905959,0,0.0470133,0,y3
9,11.1686746987952,0.182946,0,0.182946,0,-0.115066,0,0.0226461,0,y3
9,11.2289156626506,0.158381,0,0.158381,0,-0.139533,0,-0.00171498,0,y3
9,11.289156626506,0.133815,0,0.133815,0,-0.163991,0,-0.0260661,0,y3
9,11.3493975903614,0.109247,0,0.109247,0,-0.188445,0,-0.0504089,0,y3
9,11.4096385542169,0.084679,0,0.084679,0,-0.21289,0,-0.0747405,0,y3
9,11.4698795180723,0.0601101,0,0.0601101,0,-0.237329,0,-0.0990613,0,y3
9,11.5301204819277,0.0355412,0,0.0355412,0,-0.26176,0,-0.12337,0,y3
9,11.5903614457831,0.0109721,0,0.0109721,0,-0.286183,0,-0.147668,0,y3
9,11.6506024096386,-0.0135959,0,-0.0135959,0,-0.310599,1,-0.171955,0,y3
9,11.710843373494,-0.0381634,0,-0.0381634,0,-0.335006,1,-0.196229,0,y3
9,11.7710843373494,-0.0627305,0,-0.0627305,0,-0.359405,1,-0.22049,0,y3
9,11.8313253012048,-0.0872971,0,-0.0872971,0,-0.383793,1,-0.244736,0,y3
9,11.8915662650602,-0.111863,0,-0.111863,0,-0.408172,1,-0.268968,0,y3
9,11.9518072289157,-0.136428,0,-0.136428,0,-0.432541,1,-0.293181,0,y3
9,12,-0.156079,0,-0.156079,0,-0.452028,1,-0.312541,1,y3
9,12.0120481927711,-0.160991,0,-0.160991,0,-0.456898,1,-0.317379,1,y3
9,12.0722891566265,-0.185553,0,-0.185553,0,-0.481247,1,-0.341559,1,y3
9,12.1325301204819,-0.210112,0,-0.210112,0,-0.505581,1,-0.365723,1,y3
9,12.1927710843374,-0.23467,0,-0.23467,0,-0.529905,1,-0.389867,1,y3
9,12.2530120481928,-0.259226,0,-0.259226,0,-0.554217,1,-0.413992,1,y3
9,12.3132530120482,-0.283781,0,-0.283781,0,-0.578516,1,-0.438097,1,y3
9,12.3734939759036,-0.308333,0,-0.308333,0,-0.602805,1,-0.46218,1,y3
9,12.433734939759,-0.332881,1,-0.332881,1,-0.627078,1,-0.486242,1,y3
9,12.4939759036145,-0.357427,1,-0.357427,1,-0.65134,1,-0.510281,1,y3
9,12.5542168674699,-0.38197,1,-0.38197,1,-0.675587,1,-0.534297,1,y3
9,12.6144578313253,-0.406511,1,-0.406511,1,-0.69982,1,-0.558288,1,y3
9,12.6746987951807,-0.43105,1,-0.43105,1,-0.724038,1,-0.582255,1,y3
9,12.7349397590361,-0.455585,1,-0.455585,1,-0.748239,1,-0.606194,1,y3
9,12.7951807228916,-0.480116,1,-0.480116,1,-0.772427,1,-0.630108,1,y3
9,12.855421686747,-0.504642,1,-0.504642,1,-0.796595,1,-0.653993,1,y3
9,12.9156626506024,-0.529166,1,-0.529166,1,-0.820748,1,-0.67785,1,y3
9,12.9759036144578,-0.553687,1,-0.553687,1,-0.844884,1,-0.701677,1,y3
9,13,-0.563494,1,-0.563494,1,-0.854533,1,-0.7112,1,y3
9,13.0361445783133,-0.578203,1,-0.578203,1,-0.869002,1,-0.725475,1,y3
9,13.0963855421687,-0.602715,1,-0.602715,1,-0.893105,1,-0.749241,1,y3
9,13.1566265060241,-0.627223,1,-0.627223,1,-0.917188,1,-0.772974,1,y3
9,13.2168674698795,-0.651728,1,-0.651728,1,-0.941254,1,-0.796675,1,y3
9,13.2771084337349,-0.676229,1,-0.676229,1,-0.965299,1,-0.820342,1,y3
9,13.3373493975904,-0.700725,1,-0.700725,1,-0.989325,1,-0.843976,1,y3
9,13.3975903614458,-0.725217,1,-0.725217,1,-1.01333,1,-0.867575,1,y3
9,13.4578313253012,-0.749705,1,-0.749705,1,-1.03732,1,-0.891142,1,y3
9,13.5180722891566,-0.774188,1,-0.774188,1,-1.06129,1,-0.914668,1,y3
9,13.578313253012,-0.798666,1,-0.798666,1,-1.08523,1,-0.938152,1,y3
9,13.6385542168675,-0.82314,1,-0.82314,1,-1.10916,1,-0.961594,1,y3
9,13.6987951807229,-0.847608,1,-0.847608,1,-1.13306,1,-0.984998,1,y3
9,13.7590361445783,-0.872071,1,-0.872071,1,-1.15694,1,-1.00836,1,y3
9,13.8192771084337,-0.89653,1,-0.89653,1,-1.1808,1,-1.03169,1,y3
9,13.8795180722892,-0.920983,1,-0.920983,1,-1.20463,1,-1.05497,1,y3
9,13.9397590361446,-0.945431,1,-0.945431,1,-1.22844,1,-1.07821,1,y3
9,14,-0.969873,1,-0.969873,1,-1.25222,1,-1.10139,1,y3
10,-1,-0.39794,1,-0.39794,1,-0.696751,1,-0.71801,1,y3
10,-0.9397590361445783,-0.39794,1,-0.39794,1,-0.696751,1,-0.71801,1,y3
10,-0.8795180722891567,-0.39794,1,-0.39794,1,-0.696751,1,-0.71801,1,y3
10,-0.8192771084337349,-0.39794,1,-0.39794,1,-0.696751,1,-0.71801,1,y3
10,-0.7590361445783133,-0.39794,1,-0.39794,1,-0.696751,1,-0.71801,1,y3
10,-0.6987951807228916,-0.39794,1,-0.39794,1,-0.696751,1,-0.71801,1,y3
10,-0.6385542168674698,-0.39794,1,-0.39794,1,-0.696751,1,-0.71801,1,y3
10,-0.5783132530120482,-0.39794,1,-0.39794,1,-0.696751,1,-0.71801,1,y3
10,-0.5180722891566265,-0.39794,1,-0.39794,1,-0.696751,1,-0.71801,1,y3
10,-0.4578313253012049,-0.39794,1,-0.39794,1,-0.696751,1,-0.71801,1,y3
10,-0.3975903614457832,-0.39794,1,-0.39794,1,-0.696751,1,-0.71801,1,y3
10,-0.3373493975903614,-0.39794,1,-0.39794,1,-0.696751,1,-0.71801,1,y3
10,-0.2771084337349398,-0.39794,1,-0.39794,1,-0.696751,1,-0.71801,1,y3
10,-0.2168674698795181,-0.39794,1,-0.39794,1,-0.696751,1,-0.71801,1,y3
10,-0.1566265060240963,-0.39794,1,-0.39794,1,-0.696751,1,-0.71801,1,y3
10,-0.0963855421686747,-0.39794,1,-0.39794,1,-0.696751,1,-0.71801,1,y3
10,-0.036144578313253,-0.39794,1,-0.39794,1,-0.696751,1,-0.71801,1,y3
10,0,-0.39794,1,-0.39794,1,-0.696751,1,-0.71801,1,y3
10,0.0240963855421688,-0.39794,1,-0.39794,1,-0.696751,1,-0.71801,1,y3
10,0.0843373493975903,-0.39794,1,-0.39794,1,-0.696751,1,-0.71801,1,y3
10,0.1445783132530121,-0.39794,1,-0.39794,1,-0.696751,1,-0.71801,1,y3
10,0.2048192771084336,-0.39794,1,-0.39794,1,-0.696751,1,-0.71801,1,y3
10,0.2650602409638554,-0.39794,1,-0.39794,1,-0.696751,1,-0.71801,1,y3
10,0.3253012048192772,-0.39794,1,-0.39794,1,-0.696751,1,-0.71801,1,y3
10,0.3855421686746987,-0.39794,1,-0.39794,1,-0.696751,1,-0.71801,1,y3
10,0.4457831325301205,-0.39794,1,-0.39794,1,-0.696751,1,-0.71801,1,y3
10,0.5060240963855422,-0.39794,1,-0.39794,1,-0.696751,1,-0.71801,1,y3
10,0.5662650602409638,-0.39794,1,-0.39794,1,-0.696751,1,-0.71801,1,y3
10,0.6265060240963856,-0.39794,1,-0.39794,1,-0.696751,1,-0.71801,1,y3
10,0.6867469879518073,-0.39794,1,-0.39794,1,-0.696751,1,-0.71801,1,y3
10,0.7469879518072289,-0.39794,1,-0.39794,1,-0.696751,1,-0.71801,1,y3
10,0.8072289156626506,-0.39794,1,-0.39794,1,-0.696751,1,-0.71801,1,y3
10,0.8674698795180722,-0.39794,1,-0.39794,1,-0.696751,1,-0.71801,1,y3
10,0.927710843373494,-0.39794,1,-0.39794,1,-0.696751,1,-0.71801,1,y3
10,0.9879518072289157,-0.39794,1,-0.39794,1,-0.696751,1,-0.71801,1,y3
10,1,-0.39794,1,-0.39794,1,-0.696751,1,-0.71801,1,y3
10,1.04819277108434,-0.39794,1,-0.39794,1,-0.696751,1,-0.71801,1,y3
10,1.10843373493976,-0.39794,1,-0.39794,1,-0.696751,1,-0.71801,1,y3
10,1.16867469879518,-0.39794,1,-0.39794,1,-0.696751,1,-0.71801,1,y3
10,1.2289156626506,-0.39794,1,-0.39794,1,-0.696751,1,-0.71801,1,y3
10,1.28915662650602,-0.39794,1,-0.39794,1,-0.696751,1,-0.71801,1,y3
10,1.34939759036145,-0.39794,1,-0.39794,1,-0.696751,1,-0.71801,1,y3
10,1.40963855421687,-0.39794,1,-0.39794,1,-0.70481,1,-0.720406,1,y3
10,1.46987951807229,-0.39794,1,-0.39794,1,-0.729425,1,-0.745068,1,y3
10,1.53012048192771,-0.39794,1,-0.39794,1,-0.752577,1,-0.768787,1,y3
10,1.59036144578313,-0.39794,1,-0.39794,1,-0.766936,1,-0.785601,1,y3
10,1.65060240963855,-0.39794,1,-0.39794,1,-0.752285,1,-0.776718,1,y3
10,1.71084337349398,-0.39794,1,-0.39794,1,-0.677849,1,-0.709457,1,y3
10,1.7710843373494,-0.39794,1,-0.39794,1,-0.528464,1,-0.56261,1,y3
10,1.83132530120482,-0.39794,1,-0.39794,1,-0.324792,1,-0.3545,1,y3
10,1.89156626506024,-0.39794,1,-0.39794,1,-0.101556,0,-0.122673,0,y3
10,1.95180722891566,-0.407001,1,-0.407001,1,0.118144,0,0.106319,0,y3
10,2,-0.426758,1,-0.426758,1,0.284207,0,0.279321,0,y3
10,2.01204819277108,-0.431696,1,-0.431696,1,0.324082,0,0.320839,0,y3
10,2.07228915662651,-0.456378,1,-0.456378,1,0.513176,0,0.517568,0,y3
10,2.13253012048193,-0.481003,1,-0.481003,1,0.685488,0,0.696607,0,y3
10,2.19277108433735,-0.50545,1,-0.50545,1,0.842172,0,0.859226,0,y3
10,2.25301204819277,-0.529438,1,-0.529438,1,0.984649,0,1.00697,0,y3
10,2.31325301204819,-0.552409,1,-0.552409,1,1.11428,0,1.14132,0,y3
10,2.37349397590361,-0.573377,1,-0.573377,1,1.23226,0,1.26354,0,y3
10,2.43373493975904,-0.590755,1,-0.590755,1,1.33964,0,1.37472,0,y3
10,2.49397590361446,-0.602225,1,-0.602225,1,1.43725,0,1.47575,0,y3
10,2.55421686746988,-0.604754,1,-0.604754,1,1.52582,0,1.56736,0,y3
10,2.6144578313253,-0.594915,1,-0.594915,1,1.60594,0,1.65016,0,y3
10,2.67469879518072,-0.569652,1,-0.569652,1,1.67812,0,1.72469,0,y3
10,2.73493975903614,-0.527119,1,-0.527119,1,1.74282,0,1.79138,0,y3
10,2.79518072289157,-0.467496,1,-0.467496,1,1.80041,0,1.85071,0,y3
10,2.85542168674699,-0.392956,1,-0.392956,1,1.85127,0,1.90306,0,y3
10,2.91566265060241,-0.306964,0,-0.306964,0,1.89574,0,1.94874,0,y3
10,2.97590361445783,-0.213338,0,-0.213338,0,1.93418,0,1.98811,0,y3
10,3,-0.174543,0,-0.174543,0,1.94794,0,2.00216,0,y3
10,3.03614457831325,-0.115522,0,-0.115522,0,1.96692,0,2.02151,0,y3
10,3.09638554216868,-0.0162881,0,-0.0162881,0,1.99431,0,2.04929,0,y3
10,3.1566265060241,0.0822156,0,0.0822156,0,2.01674,0,2.07194,0,y3
10,3.21686746987952,0.178876,0,0.178876,0,2.03453,0,2.08982,0,y3
10,3.27710843373494,0.272838,0,0.272838,0,2.04804,0,2.10324,0,y3
10,3.33734939759036,0.363626,0,0.363626,0,2.05758,0,2.11257,0,y3
10,3.39759036144578,0.451056,0,0.451056,0,2.06355,0,2.11825,0,y3
10,3.45783132530121,0.535055,0,0.535055,0,2.06623,0,2.12062,0,y3
10,3.51807228915663,0.615614,0,0.615614,0,2.06595,0,2.12004,0,y3
10,3.57831325301205,0.692779,0,0.692779,0,2.06298,0,2.11682,0,y3
10,3.63855421686747,0.766617,0,0.766617,0,2.05761,0,2.11124,0,y3
10,3.69879518072289,0.837227,0,0.837227,0,2.05008,0,2.10355,0,y3
10,3.75903614457831,0.904736,0,0.904736,0,2.04062,0,2.09397,0,y3
10,3.81927710843373,0.969214,0,0.969214,0,2.02944,0,2.08272,0,y3
10,3.87951807228916,1.03082,0,1.03082,0,2.01673,0,2.06997,0,y3
10,3.93975903614458,1.0896,0,1.0896,0,2.00266,0,2.05589,0,y3
10,4,1.14567,0,1.14567,0,1.98739,0,2.04063,0,y3
10,4.06024096385542,1.19914,0,1.19914,0,1.97105,0,2.02434,0,y3
10,4.12048192771084,1.25003,0,1.25003,0,1.95377,0,2.00712,0,y3
10,4.18072289156626,1.29846,0,1.29846,0,1.93566,0,1.98909,0,y3
10,4.24096385542169,1.34447,0,1.34447,0,1.91682,0,1.97034,0,y3
10,4.30120481927711,1.38813,0,1.38813,0,1.89734,0,1.95096,0,y3
10,4.36144578313253,1.4295,0,1.4295,0,1.8773,0,1.93102,0,y3
10,4.42168674698795,1.46861,0,1.46861,0,1.85676,0,1.91059,0,y3
10,4.48192771084337,1.50553,0,1.50553,0,1.8358,0,1.88973,0,y3
10,4.54216867469879,1.54027,0,1.54027,0,1.81445,0,1.8685,0,y3
10,4.60240963855422,1.57291,0,1.57291,0,1.79278,0,1.84693,0,y3
10,4.66265060240964,1.60348,0,1.60348,0,1.77083,0,1.82508,0,y3
10,4.72289156626506,1.63201,0,1.63201,0,1.74863,0,1.80297,0,y3
10,4.78313253012048,1.65856,0,1.65856,0,1.72621,0,1.78064,0,y3
10,4.8433734939759,1.68317,0,1.68317,0,1.7036,0,1.75812,0,y3
10,4.90361445783132,1.70588,0,1.70588,0,1.68084,0,1.73544,0,y3
10,4.96385542168675,1.72674,0,1.72674,0,1.65793,0,1.71261,0,y3
10,5,1.73839,0,1.73839,0,1.64413,0,1.69886,0,y3
10,5.02409638554217,1.7458,0,1.7458,0,1.63491,0,1.68967,0,y3
10,5.08433734939759,1.76311,0,1.76311,0,1.61179,0,1.66661,0,y3
10,5.14457831325301,1.77873,0,1.77873,0,1.58858,0,1.64346,0,y3
10,5.20481927710843,1.7927,0,1.7927,0,1.56531,0,1.62024,0,y3
10,5.26506024096386,1.80509,0,1.80509,0,1.54197,0,1.59695,0,y3
10,5.32530120481928,1.81595,0,1.81595,0,1.51859,0,1.57362,0,y3
10,5.3855421686747,1.82533,0,1.82533,0,1.49518,0,1.55024,0,y3
10,5.44578313253012,1.83331,0,1.83331,0,1.47173,0,1.52684,0,y3
10,5.50602409638554,1.83993,0,1.83993,0,1.44828,0,1.50341,0,y3
10,5.56626506024096,1.84526,0,1.84526,0,1.42481,0,1.47996,0,y3
10,5.62650602409639,1.84935,0,1.84935,0,1.40134,0,1.45652,0,y3
10,5.68674698795181,1.85225,0,1.85225,0,1.37788,0,1.43307,0,y3
10,5.74698795180723,1.85404,0,1.85404,0,1.35443,0,1.40964,0,y3
10,5.80722891566265,1.85474,0,1.85474,0,1.331,0,1.38622,0,y3
10,5.86746987951807,1.85444,0,1.85444,0,1.30761,0,1.36283,0,y3
10,5.92771084337349,1.85316,0,1.85316,0,1.28425,0,1.33947,0,y3
10,5.98795180722892,1.85097,0,1.85097,0,1.26093,0,1.31615,0,y3
10,6,1.85043,0,1.85043,0,1.25628,0,1.31149,0,y3
10,6.04819277108434,1.84791,0,1.84791,0,1.23767,0,1.29288,0,y3
10,6.10843373493976,1.84403,0,1.84403,0,1.21448,0,1.26967,0,y3
10,6.16867469879518,1.83937,0,1.83937,0,1.19136,0,1.24653,0,y3
10,6.2289156626506,1.83397,0,1.83397,0,1.16832,0,1.22346,0,y3
10,6.28915662650602,1.82786,0,1.82786,0,1.14537,0,1.20048,0,y3
10,6.34939759036145,1.82108,0,1.82108,0,1.12253,0,1.1776,0,y3
10,6.40963855421687,1.81363,0,1.81363,0,1.09981,0,1.15483,0,y3
10,6.46987951807229,1.80554,0,1.80554,0,1.07722,0,1.13218,0,y3
10,6.53012048192771,1.7968,0,1.7968,0,1.05477,0,1.10967,0,y3
10,6.59036144578313,1.78745,0,1.78745,0,1.03247,0,1.0873,0,y3
10,6.65060240963855,1.77749,0,1.77749,0,1.01032,0,1.06508,0,y3
10,6.71084337349398,1.76693,0,1.76693,0,0.988319,0,1.043,0,y3
10,6.7710843373494,1.75581,0,1.75581,0,0.966457,0,1.02105,0,y3
10,6.83132530120482,1.74411,0,1.74411,0,0.944734,0,0.999238,0,y3
10,6.89156626506024,1.73188,0,1.73188,0,0.923154,0,0.977564,0,y3
10,6.95180722891566,1.7191,0,1.7191,0,0.901717,0,0.95603,0,y3
10,7,1.70851,0,1.70851,0,0.884668,0,0.938907,0,y3
10,7.01204819277108,1.70581,0,1.70581,0,0.88042,0,0.93464,0,y3
10,7.07228915662651,1.69201,0,1.69201,0,0.859259,0,0.913389,0,y3
10,7.13253012048193,1.67771,0,1.67771,0,0.838238,0,0.892279,0,y3
10,7.19277108433735,1.66294,0,1.66294,0,0.817362,0,0.871311,0,y3
10,7.25301204819277,1.64769,0,1.64769,0,0.796624,0,0.850482,0,y3
10,7.31325301204819,1.632,0,1.632,0,0.776013,0,0.829788,0,y3
10,7.37349397590361,1.61585,0,1.61585,0,0.755527,0,0.809229,0,y3
10,7.43373493975904,1.59928,0,1.59928,0,0.735164,0,0.788802,0,y3
10,7.49397590361446,1.5823,0,1.5823,0,0.714921,0,0.768502,0,y3
10,7.55421686746988,1.5649,0,1.5649,0,0.694793,0,0.748325,0,y3
10,7.6144578313253,1.54712,0,1.54712,0,0.674775,0,0.728272,0,y3
10,7.67469879518072,1.52895,0,1.52895,0,0.654865,0,0.708343,0,y3
10,7.73493975903614,1.51042,0,1.51042,0,0.635059,0,0.68854,0,y3
10,7.79518072289157,1.49153,0,1.49153,0,0.61535,0,0.668827,0,y3
10,7.85542168674699,1.47229,0,1.47229,0,0.595737,0,0.649198,0,y3
10,7.91566265060241,1.45273,0,1.45273,0,0.576228,0,0.629662,0,y3
10,7.97590361445783,1.43284,0,1.43284,0,0.556814,0,0.610223,0,y3
10,8,1.4248,0,1.4248,0,0.549066,0,0.60247,0,y3
10,8.03614457831325,1.41265,0,1.41265,0,0.537455,0,0.590862,0,y3
10,8.09638554216867,1.39216,0,1.39216,0,0.518126,0,0.571567,0,y3
10,8.1566265060241,1.3714,0,1.3714,0,0.498844,0,0.552372,0,y3
10,8.21686746987952,1.35037,0,1.35037,0,0.479626,0,0.533249,0,y3
10,8.27710843373494,1.32908,0,1.32908,0,0.460482,0,0.514186,0,y3
10,8.33734939759036,1.30754,0,1.30754,0,0.441387,0,0.495204,0,y3
10,8.39759036144578,1.28578,0,1.28578,0,0.422306,0,0.476238,0,y3
10,8.45783132530121,1.26379,0,1.26379,0,0.403248,0,0.457293,0,y3
10,8.51807228915663,1.24161,0,1.24161,0,0.384229,0,0.438393,0,y3
10,8.57831325301205,1.21922,0,1.21922,0,0.365251,0,0.419511,0,y3
10,8.63855421686747,1.19665,0,1.19665,0,0.346296,0,0.400689,0,y3
10,8.69879518072289,1.17391,0,1.17391,0,0.327336,0,0.381893,0,y3
10,8.75903614457831,1.15102,0,1.15102,0,0.308348,0,0.363136,0,y3
10,8.81927710843373,1.12797,0,1.12797,0,0.289384,0,0.344349,0,y3
10,8.87951807228916,1.10478,0,1.10478,0,0.270458,0,0.325567,0,y3
10,8.93975903614458,1.08147,0,1.08147,0,0.251535,0,0.30677,0,y3
10,9,1.05803,0,1.05803,0,0.232613,0,0.288026,0,y3
10,9.06024096385542,1.03449,0,1.03449,0,0.213644,0,0.269278,0,y3
10,9.12048192771084,1.01085,0,1.01085,0,0.194641,0,0.250535,0,y3
10,9.18072289156627,0.987116,0,0.987116,0,0.175632,0,0.231726,0,y3
10,9.24096385542169,0.963299,0,0.963299,0,0.156591,0,0.212909,0,y3
10,9.30120481927711,0.939405,0,0.939405,0,0.13753,0,0.194081,0,y3
10,9.36144578313253,0.915442,0,0.915442,0,0.118439,0,0.175237,0,y3
10,9.42168674698795,0.891415,0,0.891415,0,0.0993206,0,0.156369,0,y3
10,9.48192771084337,0.867331,0,0.867331,0,0.0801685,0,0.137474,0,y3
10,9.54216867469879,0.843194,0,0.843194,0,0.0609815,0,0.118549,0,y3
10,9.60240963855422,0.81901,0,0.81901,0,0.041758,0,0.0995915,0,y3
10,9.66265060240964,0.794784,0,0.794784,0,0.0224966,0,0.0805999,0,y3
10,9.72289156626506,0.770517,0,0.770517,0,0.00319576,0,0.0615669,0,y3
10,9.78313253012048,0.746218,0,0.746218,0,-0.0161469,0,0.0424977,0,y3
10,9.8433734939759,0.721888,0,0.721888,0,-0.0355333,0,0.0233872,0,y3
10,9.90361445783133,0.697531,0,0.697531,0,-0.0549663,0,0.00423409,0,y3
10,9.96385542168675,0.673151,0,0.673151,0,-0.0744489,0,-0.014961,0,y3
10,10,0.658511,0,0.658511,0,-0.0861639,0,-0.0265006,0,y3
10,10.0240963855422,0.648747,0,0.648747,0,-0.0939851,0,-0.0342006,0,y3
10,10.0843373493976,0.624323,0,0.624323,0,-0.113572,0,-0.0534895,0,y3
10,10.144578313253,0.599882,0,0.599882,0,-0.133205,0,-0.0728269,0,y3
10,10.2048192771084,0.575426,0,0.575426,0,-0.152882,0,-0.0922161,0,y3
10,10.2650602409639,0.550955,0,0.550955,0,-0.172605,0,-0.111657,0,y3
10,10.3253012048193,0.526472,0,0.526472,0,-0.192376,0,-0.131144,0,y3
10,10.3855421686747,0.501977,0,0.501977,0,-0.212198,0,-0.150674,0,y3
10,10.4457831325301,0.477473,0,0.477473,0,-0.232074,0,-0.170254,0,y3
10,10.5060240963855,0.452959,0,0.452959,0,-0.25201,0,-0.189891,0,y3
10,10.566265060241,0.428438,0,0.428438,0,-0.271999,0,-0.209582,0,y3
10,10.6265060240964,0.403909,0,0.403909,0,-0.292035,0,-0.229326,0,y3
10,10.6867469879518,0.379375,0,0.379375,0,-0.312132,1,-0.249125,0,y3
10,10.7469879518072,0.354834,0,0.354834,0,-0.332287,1,-0.268977,0,y3
10,10.8072289156626,0.330289,0,0.330289,0,-0.352485,1,-0.288883,0,y3
10,10.8674698795181,0.30574,0,0.30574,0,-0.37273,1,-0.308843,0,y3
10,10.9277108433735,0.281187,0,0.281187,0,-0.393045,1,-0.328861,1,y3
10,10.9879518072289,0.25663,0,0.25663,0,-0.413402,1,-0.348937,1,y3
10,11,0.251719,0,0.251719,0,-0.41748,1,-0.352959,1,y3
10,11.0481927710843,0.232071,0,0.232071,0,-0.433818,1,-0.369063,1,y3
10,11.1084337349398,0.20751,0,0.20751,0,-0.454276,1,-0.389238,1,y3
10,11.1686746987952,0.182946,0,0.182946,0,-0.474804,1,-0.40947,1,y3
10,11.2289156626506,0.158381,0,0.158381,0,-0.495384,1,-0.429765,1,y3
10,11.289156626506,0.133815,0,0.133815,0,-0.51602,1,-0.450115,1,y3
10,11.3493975903614,0.109247,0,0.109247,0,-0.536714,1,-0.470522,1,y3
10,11.4096385542169,0.084679,0,0.084679,0,-0.557467,1,-0.490983,1,y3
10,11.4698795180723,0.0601101,0,0.0601101,0,-0.578269,1,-0.511495,1,y3
10,11.5301204819277,0.0355412,0,0.0355412,0,-0.599129,1,-0.532063,1,y3
10,11.5903614457831,0.0109721,0,0.0109721,0,-0.620043,1,-0.552688,1,y3
10,11.6506024096386,-0.0135959,0,-0.0135959,0,-0.641008,1,-0.573366,1,y3
10,11.710843373494,-0.0381634,0,-0.0381634,0,-0.662027,1,-0.594101,1,y3
10,11.7710843373494,-0.0627305,0,-0.0627305,0,-0.683097,1,-0.614889,1,y3
10,11.8313253012048,-0.0872971,0,-0.0872971,0,-0.704224,1,-0.635727,1,y3
10,11.8915662650602,-0.111863,0,-0.111863,0,-0.725396,1,-0.656626,1,y3
10,11.9518072289157,-0.136428,0,-0.136428,0,-0.746613,1,-0.677574,1,y3
10,12,-0.156079,0,-0.156079,0,-0.763624,1,-0.694363,1,y3
10,12.0120481927711,-0.160991,0,-0.160991,0,-0.767882,1,-0.698566,1,y3
10,12.0722891566265,-0.185553,0,-0.185553,0,-0.789199,1,-0.719611,1,y3
10,12.1325301204819,-0.210112,0,-0.210112,0,-0.810565,1,-0.740715,1,y3
10,12.1927710843374,-0.23467,0,-0.23467,0,-0.831986,1,-0.761865,1,y3
10,12.2530120481928,-0.259226,0,-0.259226,0,-0.853455,1,-0.783069,1,y3
10,12.3132530120482,-0.283781,0,-0.283781,0,-0.874974,1,-0.804326,1,y3
10,12.3734939759036,-0.308333,0,-0.308333,0,-0.89654,1,-0.825629,1,y3
10,12.433734939759,-0.332881,1,-0.332881,1,-0.918154,1,-0.846984,1,y3
10,12.4939759036145,-0.357427,1,-0.357427,1,-0.939816,1,-0.868388,1,y3
10,12.5542168674699,-0.38197,1,-0.38197,1,-0.961524,1,-0.88984,1,y3
10,12.6144578313253,-0.406511,1,-0.406511,1,-0.983277,1,-0.911341,1,y3
10,12.6746987951807,-0.43105,1,-0.43105,1,-1.00508,1,-0.932891,1,y3
10,12.7349397590361,-0.455585,1,-0.455585,1,-1.02692,1,-0.954485,1,y3
10,12.7951807228916,-0.480116,1,-0.480116,1,-1.04881,1,-0.976129,1,y3
10,12.855421686747,-0.504642,1,-0.504642,1,-1.07075,1,-0.997821,1,y3
10,12.9156626506024,-0.529166,1,-0.529166,1,-1.09273,1,-1.01956,1,y3
10,12.9759036144578,-0.553687,1,-0.553687,1,-1.11476,1,-1.04134,1,y3
10,13,-0.563494,1,-0.563494,1,-1.12358,1,-1.05007,1,y3
10,13.0361445783133,-0.578203,1,-0.578203,1,-1.13683,1,-1.06317,1,y3
10,13.0963855421687,-0.602715,1,-0.602715,1,-1.15894,1,-1.08504,1,y3
10,13.1566265060241,-0.627223,1,-0.627223,1,-1.18109,1,-1.10697,1,y3
10,13.2168674698795,-0.651728,1,-0.651728,1,-1.20329,1,-1.12894,1,y3
10,13.2771084337349,-0.676229,1,-0.676229,1,-1.22552,1,-1.15095,1,y3
10,13.3373493975904,-0.700725,1,-0.700725,1,-1.2478,1,-1.173,1,y3
10,13.3975903614458,-0.725217,1,-0.725217,1,-1.27012,1,-1.19509,1,y3
10,13.4578313253012,-0.749705,1,-0.749705,1,-1.29247,1,-1.21723,1,y3
10,13.5180722891566,-0.774188,1,-0.774188,1,-1.31487,1,-1.23941,1,y3
10,13.578313253012,-0.798666,1,-0.798666,1,-1.3373,1,-1.26162,1,y3
10,13.6385542168675,-0.82314,1,-0.82314,1,-1.35977,1,-1.28388,1,y3
10,13.6987951807229,-0.847608,1,-0.847608,1,-1.38229,1,-1.30618,1,y3
10,13.7590361445783,-0.872071,1,-0.872071,1,-1.40484,1,-1.32852,1,y3
10,13.8192771084337,-0.89653,1,-0.89653,1,-1.42742,1,-1.35089,1,y3
10,13.8795180722892,-0.920983,1,-0.920983,1,-1.45004,1,-1.3733,1,y3
10,13.9397590361446,-0.945431,1,-0.945431,1,-1.4727,1,-1.39576,1,y3
10,14,-0.969873,1,-0.969873,1,-1.49539,1,-1.41824,1,y3
11,-1,-0.39794,1,-0.39794,1,-0.187889,0,-0.203487,0,y3
11,-0.9397590361445783,-0.39794,1,-0.39794,1,-0.187889,0,-0.203487,0,y3
11,-0.8795180722891567,-0.39794,1,-0.39794,1,-0.187889,0,-0.203487,0,y3
11,-0.8192771084337349,-0.39794,1,-0.39794,1,-0.187889,0,-0.203487,0,y3
11,-0.7590361445783133,-0.39794,1,-0.39794,1,-0.187889,0,-0.203487,0,y3
11,-0.6987951807228916,-0.39794,1,-0.39794,1,-0.187889,0,-0.203487,0,y3
11,-0.6385542168674698,-0.39794,1,-0.39794,1,-0.187889,0,-0.203487,0,y3
11,-0.5783132530120482,-0.39794,1,-0.39794,1,-0.187889,0,-0.203487,0,y3
11,-0.5180722891566265,-0.39794,1,-0.39794,1,-0.187889,0,-0.203487,0,y3
11,-0.4578313253012049,-0.39794,1,-0.39794,1,-0.187889,0,-0.203487,0,y3
11,-0.3975903614457832,-0.39794,1,-0.39794,1,-0.187889,0,-0.203487,0,y3
11,-0.3373493975903614,-0.39794,1,-0.39794,1,-0.187889,0,-0.203487,0,y3
11,-0.2771084337349398,-0.39794,1,-0.39794,1,-0.187889,0,-0.203487,0,y3
11,-0.2168674698795181,-0.39794,1,-0.39794,1,-0.187889,0,-0.203487,0,y3
11,-0.1566265060240963,-0.39794,1,-0.39794,1,-0.187889,0,-0.203487,0,y3
11,-0.0963855421686747,-0.39794,1,-0.39794,1,-0.187889,0,-0.203487,0,y3
11,-0.036144578313253,-0.39794,1,-0.39794,1,-0.187889,0,-0.203487,0,y3
11,0,-0.39794,1,-0.39794,1,-0.187889,0,-0.203487,0,y3
11,0.0240963855421688,-0.39794,1,-0.39794,1,-0.187889,0,-0.203487,0,y3
11,0.0843373493975903,-0.39794,1,-0.39794,1,-0.187889,0,-0.203487,0,y3
11,0.1445783132530121,-0.39794,1,-0.39794,1,-0.187889,0,-0.203487,0,y3
11,0.2048192771084336,-0.39794,1,-0.39794,1,-0.187889,0,-0.203487,0,y3
11,0.2650602409638554,-0.39794,1,-0.39794,1,-0.187889,0,-0.203487,0,y3
11,0.3253012048192772,-0.39794,1,-0.39794,1,-0.187889,0,-0.203487,0,y3
11,0.3855421686746987,-0.39794,1,-0.39794,1,-0.187889,0,-0.203487,0,y3
11,0.4457831325301205,-0.39794,1,-0.39794,1,-0.187889,0,-0.203487,0,y3
11,0.5060240963855422,-0.39794,1,-0.39794,1,-0.187889,0,-0.203487,0,y3
11,0.5662650602409638,-0.39794,1,-0.39794,1,-0.187889,0,-0.203487,0,y3
11,0.6265060240963856,-0.39794,1,-0.39794,1,-0.187889,0,-0.203487,0,y3
11,0.6867469879518073,-0.39794,1,-0.39794,1,-0.187889,0,-0.203487,0,y3
11,0.7469879518072289,-0.39794,1,-0.39794,1,-0.187889,0,-0.203487,0,y3
11,0.8072289156626506,-0.39794,1,-0.39794,1,-0.187889,0,-0.203487,0,y3
11,0.8674698795180722,-0.39794,1,-0.39794,1,-0.187889,0,-0.203487,0,y3
11,0.927710843373494,-0.39794,1,-0.39794,1,-0.187889,0,-0.203487,0,y3
11,0.9879518072289157,-0.39794,1,-0.39794,1,-0.187889,0,-0.203487,0,y3
11,1,-0.39794,1,-0.39794,1,-0.187889,0,-0.203487,0,y3
11,1.04819277108434,-0.39794,1,-0.39794,1,-0.187889,0,-0.203487,0,y3
11,1.10843373493976,-0.39794,1,-0.39794,1,-0.187889,0,-0.203487,0,y3
11,1.16867469879518,-0.39794,1,-0.39794,1,-0.187889,0,-0.203487,0,y3
11,1.2289156626506,-0.39794,1,-0.39794,1,-0.187889,0,-0.203487,0,y3
11,1.28915662650602,-0.39794,1,-0.39794,1,-0.187889,0,-0.203487,0,y3
11,1.34939759036145,-0.39794,1,-0.39794,1,-0.187889,0,-0.203487,0,y3
11,1.40963855421687,-0.39794,1,-0.39794,1,-0.187889,0,-0.203487,0,y3
11,1.46987951807229,-0.39794,1,-0.39794,1,-0.187889,0,-0.203487,0,y3
11,1.53012048192771,-0.39794,1,-0.39794,1,-0.187889,0,-0.203487,0,y3
11,1.59036144578313,-0.39794,1,-0.39794,1,-0.187889,0,-0.203487,0,y3
11,1.65060240963855,-0.39794,1,-0.39794,1,-0.187889,0,-0.203487,0,y3
11,1.71084337349398,-0.39794,1,-0.39794,1,-0.187889,0,-0.203487,0,y3
11,1.7710843373494,-0.39794,1,-0.39794,1,-0.208544,0,-0.211418,0,y3
11,1.83132530120482,-0.39794,1,-0.39794,1,-0.233208,0,-0.236106,0,y3
11,1.89156626506024,-0.39794,1,-0.39794,1,-0.257684,0,-0.260708,0,y3
11,1.95180722891566,-0.407001,1,-0.407001,1,-0.28154,0,-0.284934,0,y3
11,2,-0.426758,1,-0.426758,1,-0.299617,0,-0.303631,0,y3
11,2.01204819277108,-0.431696,1,-0.431696,1,-0.303914,0,-0.308146,0,y3
11,2.07228915662651,-0.456378,1,-0.456378,1,-0.32339,1,-0.329202,1,y3
11,2.13253012048193,-0.481003,1,-0.481003,1,-0.33794,1,-0.346353,1,y3
11,2.19277108433735,-0.50545,1,-0.50545,1,-0.344998,1,-0.357247,1,y3
11,2.25301204819277,-0.529438,1,-0.529438,1,-0.341772,1,-0.359127,1,y3
11,2.31325301204819,-0.552409,1,-0.552409,1,-0.325813,1,-0.349284,1,y3
11,2.37349397590361,-0.573377,1,-0.573377,1,-0.29568,0,-0.325723,1,y3
11,2.43373493975904,-0.590755,1,-0.590755,1,-0.251421,0,-0.287768,0,y3
11,2.49397590361446,-0.602225,1,-0.602225,1,-0.194587,0,-0.236317,0,y3
11,2.55421686746988,-0.604754,1,-0.604754,1,-0.127771,0,-0.173566,0,y3
11,2.6144578313253,-0.594915,1,-0.594915,1,-0.0539372,0,-0.102405,0,y3
11,2.67469879518072,-0.569652,1,-0.569652,1,0.0241207,0,-0.0257966,0,y3
11,2.73493975903614,-0.527119,1,-0.527119,1,0.104058,0,0.0536918,0,y3
11,2.79518072289157,-0.467496,1,-0.467496,1,0.184135,0,0.134031,0,y3
11,2.85542168674699,-0.392956,1,-0.392956,1,0.263099,0,0.213773,0,y3
11,2.91566265060241,-0.306964,0,-0.306964,0,0.340147,0,0.291932,0,y3
11,2.97590361445783,-0.213338,0,-0.213338,0,0.414778,0,0.367885,0,y3
11,3,-0.174543,0,-0.174543,0,0.443888,0,0.397555,0,y3
11,3.03614457831325,-0.115522,0,-0.115522,0,0.486725,0,0.44125,0,y3
11,3.09638554216868,-0.0162881,0,-0.0162881,0,0.555854,0,0.511833,0,y3
11,3.1566265060241,0.0822156,0,0.0822156,0,0.622129,0,0.579544,0,y3
11,3.21686746987952,0.178876,0,0.178876,0,0.685578,0,0.644386,0,y3
11,3.27710843373494,0.272838,0,0.272838,0,0.746252,0,0.706427,0,y3
11,3.33734939759036,0.363626,0,0.363626,0,0.804241,0,0.765762,0,y3
11,3.39759036144578,0.451056,0,0.451056,0,0.85966,0,0.822505,0,y3
11,3.45783132530121,0.535055,0,0.535055,0,0.912627,0,0.876771,0,y3
11,3.51807228915663,0.615614,0,0.615614,0,0.963261,0,0.928651,0,y3
11,3.57831325301205,0.692779,0,0.692779,0,1.01168,0,0.978239,0,y3
11,3.63855421686747,0.766617,0,0.766617,0,1.05796,0,1.02562,0,y3
11,3.69879518072289,0.837227,0,0.837227,0,1.10215,0,1.07089,0,y3
11,3.75903614457831,0.904736,0,0.904736,0,1.1443,0,1.11411,0,y3
11,3.81927710843373,0.969214,0,0.969214,0,1.18446,0,1.15535,0,y3
11,3.87951807228916,1.03082,0,1.03082,0,1.22267,0,1.19467,0,y3
11,3.93975903614458,1.0896,0,1.0896,0,1.25902,0,1.23213,0,y3
11,4,1.14567,0,1.14567,0,1.2936,0,1.26783,0,y3
11,4.06024096385542,1.19914,0,1.19914,0,1.32647,0,1.30184,0,y3
11,4.12048192771084,1.25003,0,1.25003,0,1.35768,0,1.3342,0,y3
11,4.18072289156626,1.29846,0,1.29846,0,1.38726,0,1.36495,0,y3
11,4.24096385542169,1.34447,0,1.34447,0,1.41528,0,1.39413,0,y3
11,4.30120481927711,1.38813,0,1.38813,0,1.44177,0,1.42173,0,y3
11,4.36144578313253,1.4295,0,1.4295,0,1.46679,0,1.44781,0,y3
11,4.42168674698795,1.46861,0,1.46861,0,1.49039,0,1.47245,0,y3
11,4.48192771084337,1.50553,0,1.50553,0,1.51258,0,1.49566,0,y3
11,4.54216867469879,1.54027,0,1.54027,0,1.5334,0,1.51749,0,y3
11,4.60240963855422,1.57291,0,1.57291,0,1.55288,0,1.53796,0,y3
11,4.66265060240964,1.60348,0,1.60348,0,1.57104,0,1.55712,0,y3
11,4.72289156626506,1.63201,0,1.63201,0,1.58792,0,1.57501,0,y3
11,4.78313253012048,1.65856,0,1.65856,0,1.60355,0,1.59166,0,y3
11,4.8433734939759,1.68317,0,1.68317,0,1.61795,0,1.60708,0,y3
11,4.90361445783132,1.70588,0,1.70588,0,1.63114,0,1.62131,0,y3
11,4.96385542168675,1.72674,0,1.72674,0,1.64315,0,1.63438,0,y3
11,5,1.73839,0,1.73839,0,1.6498,0,1.64168,0,y3
11,5.02409638554217,1.7458,0,1.7458,0,1.65401,0,1.64633,0,y3
11,5.08433734939759,1.76311,0,1.76311,0,1.66375,0,1.65717,0,y3
11,5.14457831325301,1.77873,0,1.77873,0,1.67239,0,1.66694,0,y3
11,5.20481927710843,1.7927,0,1.7927,0,1.67994,0,1.67564,0,y3
11,5.26506024096386,1.80509,0,1.80509,0,1.68643,0,1.68332,0,y3
11,5.32530120481928,1.81595,0,1.81595,0,1.69188,0,1.68999,0,y3
11,5.3855421686747,1.82533,0,1.82533,0,1.69633,0,1.69568,0,y3
11,5.44578313253012,1.83331,0,1.83331,0,1.6998,0,1.7004,0,y3
11,5.50602409638554,1.83993,0,1.83993,0,1.7023,0,1.70419,0,y3
11,5.56626506024096,1.84526,0,1.84526,0,1.70387,0,1.70706,0,y3
11,5.62650602409639,1.84935,0,1.84935,0,1.70451,0,1.70904,0,y3
11,5.68674698795181,1.85225,0,1.85225,0,1.70425,0,1.71014,0,y3
11,5.74698795180723,1.85404,0,1.85404,0,1.7031,0,1.71038,0,y3
11,5.80722891566265,1.85474,0,1.85474,0,1.7011,0,1.70979,0,y3
11,5.86746987951807,1.85444,0,1.85444,0,1.69824,0,1.70837,0,y3
11,5.92771084337349,1.85316,0,1.85316,0,1.69455,0,1.70615,0,y3
11,5.98795180722892,1.85097,0,1.85097,0,1.69005,0,1.70314,0,y3
11,6,1.85043,0,1.85043,0,1.68905,0,1.70244,0,y3
11,6.04819277108434,1.84791,0,1.84791,0,1.68474,0,1.69935,0,y3
11,6.10843373493976,1.84403,0,1.84403,0,1.67866,0,1.69481,0,y3
11,6.16867469879518,1.83937,0,1.83937,0,1.6718,0,1.68952,0,y3
11,6.2289156626506,1.83397,0,1.83397,0,1.66419,0,1.68349,0,y3
11,6.28915662650602,1.82786,0,1.82786,0,1.65584,0,1.67675,0,y3
11,6.34939759036145,1.82108,0,1.82108,0,1.64675,0,1.66931,0,y3
11,6.40963855421687,1.81363,0,1.81363,0,1.63696,0,1.66117,0,y3
11,6.46987951807229,1.80554,0,1.80554,0,1.62646,0,1.65234,0,y3
11,6.53012048192771,1.7968,0,1.7968,0,1.61528,0,1.64284,0,y3
11,6.59036144578313,1.78745,0,1.78745,0,1.60342,0,1.63268,0,y3
11,6.65060240963855,1.77749,0,1.77749,0,1.5909,0,1.62188,0,y3
11,6.71084337349398,1.76693,0,1.76693,0,1.57773,0,1.61043,0,y3
11,6.7710843373494,1.75581,0,1.75581,0,1.56394,0,1.59836,0,y3
11,6.83132530120482,1.74411,0,1.74411,0,1.54952,0,1.58567,0,y3
11,6.89156626506024,1.73188,0,1.73188,0,1.53449,0,1.57238,0,y3
11,6.95180722891566,1.7191,0,1.7191,0,1.51888,0,1.55848,0,y3
11,7,1.70851,0,1.70851,0,1.50597,0,1.54695,0,y3
11,7.01204819277108,1.70581,0,1.70581,0,1.50269,0,1.54401,0,y3
11,7.07228915662651,1.69201,0,1.69201,0,1.48594,0,1.52896,0,y3
11,7.13253012048193,1.67771,0,1.67771,0,1.46865,0,1.51336,0,y3
11,7.19277108433735,1.66294,0,1.66294,0,1.45084,0,1.4972,0,y3
11,7.25301204819277,1.64769,0,1.64769,0,1.43252,0,1.48053,0,y3
11,7.31325301204819,1.632,0,1.632,0,1.4137,0,1.46331,0,y3
11,7.37349397590361,1.61585,0,1.61585,0,1.39442,0,1.44561,0,y3
11,7.43373493975904,1.59928,0,1.59928,0,1.37469,0,1.42741,0,y3
11,7.49397590361446,1.5823,0,1.5823,0,1.35453,0,1.40874,0,y3
11,7.55421686746988,1.5649,0,1.5649,0,1.33396,0,1.3896,0,y3
11,7.6144578313253,1.54712,0,1.54712,0,1.313,0,1.37003,0,y3
11,7.67469879518072,1.52895,0,1.52895,0,1.29168,0,1.35004,0,y3
11,7.73493975903614,1.51042,0,1.51042,0,1.27001,0,1.32964,0,y3
11,7.79518072289157,1.49153,0,1.49153,0,1.24803,0,1.30885,0,y3
11,7.85542168674699,1.47229,0,1.47229,0,1.22574,0,1.28771,0,y3
11,7.91566265060241,1.45273,0,1.45273,0,1.20318,0,1.26621,0,y3
11,7.97590361445783,1.43284,0,1.43284,0,1.18036,0,1.24439,0,y3
11,8,1.4248,0,1.4248,0,1.17117,0,1.23557,0,y3
11,8.03614457831325,1.41265,0,1.41265,0,1.15731,0,1.22226,0,y3
11,8.09638554216867,1.39216,0,1.39216,0,1.13405,0,1.19985,0,y3
11,8.1566265060241,1.3714,0,1.3714,0,1.11059,0,1.17718,0,y3
11,8.21686746987952,1.35037,0,1.35037,0,1.08697,0,1.15427,0,y3
11,8.27710843373494,1.32908,0,1.32908,0,1.06319,0,1.13114,0,y3
11,8.33734939759036,1.30754,0,1.30754,0,1.03928,0,1.10781,0,y3
11,8.39759036144578,1.28578,0,1.28578,0,1.01525,0,1.0843,0,y3
11,8.45783132530121,1.26379,0,1.26379,0,0.991113,0,1.06062,0,y3
11,8.51807228915663,1.24161,0,1.24161,0,0.96689,0,1.03681,0,y3
11,8.57831325301205,1.21922,0,1.21922,0,0.942589,0,1.01286,0,y3
11,8.63855421686747,1.19665,0,1.19665,0,0.918221,0,0.988803,0,y3
11,8.69879518072289,1.17391,0,1.17391,0,0.893796,0,0.964648,0,y3
11,8.75903614457831,1.15102,0,1.15102,0,0.869325,0,0.940406,0,y3
11,8.81927710843373,1.12797,0,1.12797,0,0.844814,0,0.916091,0,y3
11,8.87951807228916,1.10478,0,1.10478,0,0.820271,0,0.891712,0,y3
11,8.93975903614458,1.08147,0,1.08147,0,0.795701,0,0.867281,0,y3
11,9,1.05803,0,1.05803,0,0.77111,0,0.842805,0,y3
11,9.06024096385542,1.03449,0,1.03449,0,0.746501,0,0.818291,0,y3
11,9.12048192771084,1.01085,0,1.01085,0,0.721878,0,0.793745,0,y3
11,9.18072289156627,0.987116,0,0.987116,0,0.697242,0,0.769174,0,y3
11,9.24096385542169,0.963299,0,0.963299,0,0.672598,0,0.744582,0,y3
11,9.30120481927711,0.939405,0,0.939405,0,0.647945,0,0.719973,0,y3
11,9.36144578313253,0.915442,0,0.915442,0,0.623287,0,0.695349,0,y3
11,9.42168674698795,0.891415,0,0.891415,0,0.598623,0,0.670714,0,y3
11,9.48192771084337,0.867331,0,0.867331,0,0.573956,0,0.64607,0,y3
11,9.54216867469879,0.843194,0,0.843194,0,0.549285,0,0.621419,0,y3
11,9.60240963855422,0.81901,0,0.81901,0,0.524612,0,0.596761,0,y3
11,9.66265060240964,0.794784,0,0.794784,0,0.499936,0,0.572099,0,y3
11,9.72289156626506,0.770517,0,0.770517,0,0.475259,0,0.547433,0,y3
11,9.78313253012048,0.746218,0,0.746218,0,0.45058,0,0.522763,0,y3
11,9.8433734939759,0.721888,0,0.721888,0,0.4259,0,0.498091,0,y3
11,9.90361445783133,0.697531,0,0.697531,0,0.401219,0,0.473417,0,y3
11,9.96385542168675,0.673151,0,0.673151,0,0.376536,0,0.448741,0,y3
11,10,0.658511,0,0.658511,0,0.361727,0,0.433934,0,y3
11,10.0240963855422,0.648747,0,0.648747,0,0.351853,0,0.424063,0,y3
11,10.0843373493976,0.624323,0,0.624323,0,0.32717,0,0.399384,0,y3
11,10.144578313253,0.599882,0,0.599882,0,0.302485,0,0.374704,0,y3
11,10.2048192771084,0.575426,0,0.575426,0,0.2778,0,0.350023,0,y3
11,10.2650602409639,0.550955,0,0.550955,0,0.253115,0,0.325342,0,y3
11,10.3253012048193,0.526472,0,0.526472,0,0.22843,0,0.300659,0,y3
11,10.3855421686747,0.501977,0,0.501977,0,0.203744,0,0.275976,0,y3
11,10.4457831325301,0.477473,0,0.477473,0,0.179057,0,0.251293,0,y3
11,10.5060240963855,0.452959,0,0.452959,0,0.154371,0,0.226609,0,y3
11,10.566265060241,0.428438,0,0.428438,0,0.129684,0,0.201925,0,y3
11,10.6265060240964,0.403909,0,0.403909,0,0.104997,0,0.17724,0,y3
11,10.6867469879518,0.379375,0,0.379375,0,0.08031,0,0.152555,0,y3
11,10.7469879518072,0.354834,0,0.354834,0,0.0556229,0,0.12787,0,y3
11,10.8072289156626,0.330289,0,0.330289,0,0.0309356,0,0.103185,0,y3
11,10.8674698795181,0.30574,0,0.30574,0,0.00624833,0,0.0784998,0,y3
11,10.9277108433735,0.281187,0,0.281187,0,-0.018439,0,0.0538149,0,y3
11,10.9879518072289,0.25663,0,0.25663,0,-0.0431263,0,0.0291297,0,y3
11,11,0.251719,0,0.251719,0,-0.0480638,0,0.0241927,0,y3
11,11.0481927710843,0.232071,0,0.232071,0,-0.0678138,0,0.00444469,0,y3
11,11.1084337349398,0.20751,0,0.20751,0,-0.0925012,0,-0.0202405,0,y3
11,11.1686746987952,0.182946,0,0.182946,0,-0.117189,0,-0.0449258,0,y3
11,11.2289156626506,0.158381,0,0.158381,0,-0.141876,0,-0.0696108,0,y3
11,11.289156626506,0.133815,0,0.133815,0,-0.166563,0,-0.094296,0,y3
11,11.3493975903614,0.109247,0,0.109247,0,-0.191251,0,-0.118981,0,y3
11,11.4096385542169,0.084679,0,0.084679,0,-0.215938,0,-0.143666,0,y3
11,11.4698795180723,0.0601101,0,0.0601101,0,-0.240625,0,-0.168351,0,y3
11,11.5301204819277,0.0355412,0,0.0355412,0,-0.265312,0,-0.193036,0,y3
11,11.5903614457831,0.0109721,0,0.0109721,0,-0.289999,0,-0.217721,0,y3
11,11.6506024096386,-0.0135959,0,-0.0135959,0,-0.314686,1,-0.242406,0,y3
11,11.710843373494,-0.0381634,0,-0.0381634,0,-0.339373,1,-0.267091,0,y3
11,11.7710843373494,-0.0627305,0,-0.0627305,0,-0.36406,1,-0.291775,0,y3
11,11.8313253012048,-0.0872971,0,-0.0872971,0,-0.388747,1,-0.31646,1,y3
11,11.8915662650602,-0.111863,0,-0.111863,0,-0.413433,1,-0.341144,1,y3
11,11.9518072289157,-0.136428,0,-0.136428,0,-0.43812,1,-0.365828,1,y3
11,12,-0.156079,0,-0.156079,0,-0.457869,1,-0.385575,1,y3
11,12.0120481927711,-0.160991,0,-0.160991,0,-0.462806,1,-0.390512,1,y3
11,12.0722891566265,-0.185553,0,-0.185553,0,-0.487492,1,-0.415196,1,y3
11,12.1325301204819,-0.210112,0,-0.210112,0,-0.512179,1,-0.43988,1,y3
11,12.1927710843374,-0.23467,0,-0.23467,0,-0.536865,1,-0.464563,1,y3
11,12.2530120481928,-0.259226,0,-0.259226,0,-0.561551,1,-0.489246,1,y3
11,12.3132530120482,-0.283781,0,-0.283781,0,-0.586236,1,-0.51393,1,y3
11,12.3734939759036,-0.308333,0,-0.308333,0,-0.610922,1,-0.538613,1,y3
11,12.433734939759,-0.332881,1,-0.332881,1,-0.635608,1,-0.563296,1,y3
11,12.4939759036145,-0.357427,1,-0.357427,1,-0.660293,1,-0.58798,1,y3
11,12.5542168674699,-0.38197,1,-0.38197,1,-0.684978,1,-0.612663,1,y3
11,12.6144578313253,-0.406511,1,-0.406511,1,-0.709664,1,-0.637346,1,y3
11,12.6746987951807,-0.43105,1,-0.43105,1,-0.734349,1,-0.662029,1,y3
11,12.7349397590361,-0.455585,1,-0.455585,1,-0.759034,1,-0.686711,1,y3
11,12.7951807228916,-0.480116,1,-0.480116,1,-0.783719,1,-0.711394,1,y3
11,12.855421686747,-0.504642,1,-0.504642,1,-0.808403,1,-0.736076,1,y3
11,12.9156626506024,-0.529166,1,-0.529166,1,-0.833088,1,-0.760758,1,y3
11,12.9759036144578,-0.553687,1,-0.553687,1,-0.857772,1,-0.78544,1,y3
11,13,-0.563494,1,-0.563494,1,-0.867646,1,-0.795313,1,y3
11,13.0361445783133,-0.578203,1,-0.578203,1,-0.882456,1,-0.810122,1,y3
11,13.0963855421687,-0.602715,1,-0.602715,1,-0.90714,1,-0.834804,1,y3
11,13.1566265060241,-0.627223,1,-0.627223,1,-0.931824,1,-0.859485,1,y3
11,13.2168674698795,-0.651728,1,-0.651728,1,-0.956508,1,-0.884166,1,y3
11,13.2771084337349,-0.676229,1,-0.676229,1,-0.981192,1,-0.908847,1,y3
11,13.3373493975904,-0.700725,1,-0.700725,1,-1.00588,1,-0.933527,1,y3
11,13.3975903614458,-0.725217,1,-0.725217,1,-1.03056,1,-0.958208,1,y3
11,13.4578313253012,-0.749705,1,-0.749705,1,-1.05524,1,-0.982888,1,y3
11,13.5180722891566,-0.774188,1,-0.774188,1,-1.07993,1,-1.00757,1,y3
11,13.578313253012,-0.798666,1,-0.798666,1,-1.10461,1,-1.03225,1,y3
11,13.6385542168675,-0.82314,1,-0.82314,1,-1.1293,1,-1.05693,1,y3
11,13.6987951807229,-0.847608,1,-0.847608,1,-1.15399,1,-1.08161,1,y3
11,13.7590361445783,-0.872071,1,-0.872071,1,-1.17869,1,-1.10629,1,y3
11,13.8192771084337,-0.89653,1,-0.89653,1,-1.20341,1,-1.13097,1,y3
11,13.8795180722892,-0.920983,1,-0.920983,1,-1.22811,1,-1.15564,1,y3
11,13.9397590361446,-0.945431,1,-0.945431,1,-1.25283,1,-1.18032,1,y3
11,14,-0.969873,1,-0.969873,1,-1.27753,1,-1.205,1,y3
12,-1,-0.39794,1,-0.39794,1,-0.58654,1,-0.598115,1,y3
12,-0.9397590361445783,-0.39794,1,-0.39794,1,-0.58654,1,-0.598115,1,y3
12,-0.8795180722891567,-0.39794,1,-0.39794,1,-0.58654,1,-0.598115,1,y3
12,-0.8192771084337349,-0.39794,1,-0.39794,1,-0.58654,1,-0.598115,1,y3
12,-0.7590361445783133,-0.39794,1,-0.39794,1,-0.58654,1,-0.598115,1,y3
12,-0.6987951807228916,-0.39794,1,-0.39794,1,-0.58654,1,-0.598115,1,y3
12,-0.6385542168674698,-0.39794,1,-0.39794,1,-0.58654,1,-0.598115,1,y3
12,-0.5783132530120482,-0.39794,1,-0.39794,1,-0.58654,1,-0.598115,1,y3
12,-0.5180722891566265,-0.39794,1,-0.39794,1,-0.58654,1,-0.598115,1,y3
12,-0.4578313253012049,-0.39794,1,-0.39794,1,-0.58654,1,-0.598115,1,y3
12,-0.3975903614457832,-0.39794,1,-0.39794,1,-0.58654,1,-0.598115,1,y3
12,-0.3373493975903614,-0.39794,1,-0.39794,1,-0.58654,1,-0.598115,1,y3
12,-0.2771084337349398,-0.39794,1,-0.39794,1,-0.58654,1,-0.598115,1,y3
12,-0.2168674698795181,-0.39794,1,-0.39794,1,-0.58654,1,-0.598115,1,y3
12,-0.1566265060240963,-0.39794,1,-0.39794,1,-0.58654,1,-0.598115,1,y3
12,-0.0963855421686747,-0.39794,1,-0.39794,1,-0.58654,1,-0.598115,1,y3
12,-0.036144578313253,-0.39794,1,-0.39794,1,-0.58654,1,-0.598115,1,y3
12,0,-0.39794,1,-0.39794,1,-0.58654,1,-0.598115,1,y3
12,0.0240963855421688,-0.39794,1,-0.39794,1,-0.58654,1,-0.598115,1,y3
12,0.0843373493975903,-0.39794,1,-0.39794,1,-0.58654,1,-0.598115,1,y3
12,0.1445783132530121,-0.39794,1,-0.39794,1,-0.58654,1,-0.598115,1,y3
12,0.2048192771084336,-0.39794,1,-0.39794,1,-0.58654,1,-0.598115,1,y3
12,0.2650602409638554,-0.39794,1,-0.39794,1,-0.58654,1,-0.598115,1,y3
12,0.3253012048192772,-0.39794,1,-0.39794,1,-0.58654,1,-0.598115,1,y3
12,0.3855421686746987,-0.39794,1,-0.39794,1,-0.58654,1,-0.598115,1,y3
12,0.4457831325301205,-0.39794,1,-0.39794,1,-0.58654,1,-0.598115,1,y3
12,0.5060240963855422,-0.39794,1,-0.39794,1,-0.58654,1,-0.598115,1,y3
12,0.5662650602409638,-0.39794,1,-0.39794,1,-0.58654,1,-0.598115,1,y3
12,0.6265060240963856,-0.39794,1,-0.39794,1,-0.58654,1,-0.598115,1,y3
12,0.6867469879518073,-0.39794,1,-0.39794,1,-0.58654,1,-0.598115,1,y3
12,0.7469879518072289,-0.39794,1,-0.39794,1,-0.58654,1,-0.598115,1,y3
12,0.8072289156626506,-0.39794,1,-0.39794,1,-0.58654,1,-0.598115,1,y3
12,0.8674698795180722,-0.39794,1,-0.39794,1,-0.58654,1,-0.598115,1,y3
12,0.927710843373494,-0.39794,1,-0.39794,1,-0.58654,1,-0.598115,1,y3
12,0.9879518072289157,-0.39794,1,-0.39794,1,-0.58654,1,-0.598115,1,y3
12,1,-0.39794,1,-0.39794,1,-0.58654,1,-0.598115,1,y3
12,1.04819277108434,-0.39794,1,-0.39794,1,-0.58654,1,-0.598115,1,y3
12,1.10843373493976,-0.39794,1,-0.39794,1,-0.58654,1,-0.598115,1,y3
12,1.16867469879518,-0.39794,1,-0.39794,1,-0.58654,1,-0.598115,1,y3
12,1.2289156626506,-0.39794,1,-0.39794,1,-0.58654,1,-0.598115,1,y3
12,1.28915662650602,-0.39794,1,-0.39794,1,-0.58654,1,-0.598115,1,y3
12,1.34939759036145,-0.39794,1,-0.39794,1,-0.58654,1,-0.598115,1,y3
12,1.40963855421687,-0.39794,1,-0.39794,1,-0.58654,1,-0.598115,1,y3
12,1.46987951807229,-0.39794,1,-0.39794,1,-0.58654,1,-0.598115,1,y3
12,1.53012048192771,-0.39794,1,-0.39794,1,-0.58654,1,-0.598115,1,y3
12,1.59036144578313,-0.39794,1,-0.39794,1,-0.58654,1,-0.598115,1,y3
12,1.65060240963855,-0.39794,1,-0.39794,1,-0.58654,1,-0.598115,1,y3
12,1.71084337349398,-0.39794,1,-0.39794,1,-0.58654,1,-0.598115,1,y3
12,1.7710843373494,-0.39794,1,-0.39794,1,-0.58654,1,-0.598115,1,y3
12,1.83132530120482,-0.39794,1,-0.39794,1,-0.58654,1,-0.598115,1,y3
12,1.89156626506024,-0.39794,1,-0.39794,1,-0.58654,1,-0.598115,1,y3
12,1.95180722891566,-0.407001,1,-0.407001,1,-0.58654,1,-0.598115,1,y3
12,2,-0.426758,1,-0.426758,1,-0.58654,1,-0.598115,1,y3
12,2.01204819277108,-0.431696,1,-0.431696,1,-0.58654,1,-0.598115,1,y3
12,2.07228915662651,-0.456378,1,-0.456378,1,-0.58654,1,-0.598115,1,y3
12,2.13253012048193,-0.481003,1,-0.481003,1,-0.58654,1,-0.598115,1,y3
12,2.19277108433735,-0.50545,1,-0.50545,1,-0.58654,1,-0.598115,1,y3
12,2.25301204819277,-0.529438,1,-0.529438,1,-0.58654,1,-0.598115,1,y3
12,2.31325301204819,-0.552409,1,-0.552409,1,-0.58654,1,-0.598115,1,y3
12,2.37349397590361,-0.573377,1,-0.573377,1,-0.58654,1,-0.598115,1,y3
12,2.43373493975904,-0.590755,1,-0.590755,1,-0.58654,1,-0.598115,1,y3
12,2.49397590361446,-0.602225,1,-0.602225,1,-0.58654,1,-0.598115,1,y3
12,2.55421686746988,-0.604754,1,-0.604754,1,-0.58654,1,-0.598115,1,y3
12,2.6144578313253,-0.594915,1,-0.594915,1,-0.58654,1,-0.598115,1,y3
12,2.67469879518072,-0.569652,1,-0.569652,1,-0.58654,1,-0.598115,1,y3
12,2.73493975903614,-0.527119,1,-0.527119,1,-0.58654,1,-0.598115,1,y3
12,2.79518072289157,-0.467496,1,-0.467496,1,-0.58654,1,-0.598115,1,y3
12,2.85542168674699,-0.392956,1,-0.392956,1,-0.58654,1,-0.598115,1,y3
12,2.91566265060241,-0.306964,0,-0.306964,0,-0.58654,1,-0.598115,1,y3
12,2.97590361445783,-0.213338,0,-0.213338,0,-0.58654,1,-0.598115,1,y3
12,3,-0.174543,0,-0.174543,0,-0.58654,1,-0.598115,1,y3
12,3.03614457831325,-0.115522,0,-0.115522,0,-0.58654,1,-0.598115,1,y3
12,3.09638554216868,-0.0162881,0,-0.0162881,0,-0.58654,1,-0.598115,1,y3
12,3.1566265060241,0.0822156,0,0.0822156,0,-0.58654,1,-0.598115,1,y3
12,3.21686746987952,0.178876,0,0.178876,0,-0.58654,1,-0.598115,1,y3
12,3.27710843373494,0.272838,0,0.272838,0,-0.58654,1,-0.598115,1,y3
12,3.33734939759036,0.363626,0,0.363626,0,-0.58654,1,-0.598115,1,y3
12,3.39759036144578,0.451056,0,0.451056,0,-0.58654,1,-0.598115,1,y3
12,3.45783132530121,0.535055,0,0.535055,0,-0.58654,1,-0.598115,1,y3
12,3.51807228915663,0.615614,0,0.615614,0,-0.58654,1,-0.598115,1,y3
12,3.57831325301205,0.692779,0,0.692779,0,-0.58654,1,-0.598115,1,y3
12,3.63855421686747,0.766617,0,0.766617,0,-0.58654,1,-0.598115,1,y3
12,3.69879518072289,0.837227,0,0.837227,0,-0.58654,1,-0.598115,1,y3
12,3.75903614457831,0.904736,0,0.904736,0,-0.58654,1,-0.598115,1,y3
12,3.81927710843373,0.969214,0,0.969214,0,-0.58654,1,-0.598115,1,y3
12,3.87951807228916,1.03082,0,1.03082,0,-0.58654,1,-0.598115,1,y3
12,3.93975903614458,1.0896,0,1.0896,0,-0.58654,1,-0.598115,1,y3
12,4,1.14567,0,1.14567,0,-0.58654,1,-0.598115,1,y3
12,4.06024096385542,1.19914,0,1.19914,0,-0.592674,1,-0.598115,1,y3
12,4.12048192771084,1.25003,0,1.25003,0,-0.617369,1,-0.598115,1,y3
12,4.18072289156626,1.29846,0,1.29846,0,-0.642049,1,-0.622343,1,y3
12,4.24096385542169,1.34447,0,1.34447,0,-0.666662,1,-0.64703,1,y3
12,4.30120481927711,1.38813,0,1.38813,0,-0.691045,1,-0.671677,1,y3
12,4.36144578313253,1.4295,0,1.4295,0,-0.7148,1,-0.696176,1,y3
12,4.42168674698795,1.46861,0,1.46861,0,-0.737091,1,-0.720247,1,y3
12,4.48192771084337,1.50553,0,1.50553,0,-0.756379,1,-0.743282,1,y3
12,4.54216867469879,1.54027,0,1.54027,0,-0.770123,1,-0.764115,1,y3
12,4.60240963855422,1.57291,0,1.57291,0,-0.774626,1,-0.780732,1,y3
12,4.66265060240964,1.60348,0,1.60348,0,-0.765292,1,-0.790032,1,y3
12,4.72289156626506,1.63201,0,1.63201,0,-0.73757,1,-0.787838,1,y3
12,4.78313253012048,1.65856,0,1.65856,0,-0.688535,1,-0.769464,1,y3
12,4.8433734939759,1.68317,0,1.68317,0,-0.618243,1,-0.731007,1,y3
12,4.90361445783132,1.70588,0,1.70588,0,-0.529834,1,-0.67091,1,y3
12,4.96385542168675,1.72674,0,1.72674,0,-0.428303,1,-0.590765,1,y3
12,5,1.73839,0,1.73839,0,-0.363307,1,-0.534743,1,y3
12,5.02409638554217,1.7458,0,1.7458,0,-0.318924,1,-0.49478,1,y3
12,5.08433734939759,1.76311,0,1.76311,0,-0.206197,0,-0.388237,1,y3
12,5.14457831325301,1.77873,0,1.77873,0,-0.0934714,0,-0.276109,0,y3
12,5.20481927710843,1.7927,0,1.7927,0,0.0170986,0,-0.16229,0,y3
12,5.26506024096386,1.80509,0,1.80509,0,0.124239,0,-0.0494876,0,y3
12,5.32530120481928,1.81595,0,1.81595,0,0.227245,0,0.060586,0,y3
12,5.3855421686747,1.82533,0,1.82533,0,0.325683,0,0.166934,0,y3
12,5.44578313253012,1.83331,0,1.83331,0,0.419363,0,0.26895,0,y3
12,5.50602409638554,1.83993,0,1.83993,0,0.508352,0,0.366347,0,y3
12,5.56626506024096,1.84526,0,1.84526,0,0.592994,0,0.459107,0,y3
12,5.62650602409639,1.84935,0,1.84935,0,0.673167,0,0.547323,0,y3
12,5.68674698795181,1.85225,0,1.85225,0,0.748872,0,0.631146,0,y3
12,5.74698795180723,1.85404,0,1.85404,0,0.820232,0,0.710763,0,y3
12,5.80722891566265,1.85474,0,1.85474,0,0.887579,0,0.786371,0,y3
12,5.86746987951807,1.85444,0,1.85444,0,0.951256,0,0.858008,0,y3
12,5.92771084337349,1.85316,0,1.85316,0,1.01136,0,0.925675,0,y3
12,5.98795180722892,1.85097,0,1.85097,0,1.068,0,0.989733,0,y3
12,6,1.85043,0,1.85043,0,1.07889,0,1.00215,0,y3
12,6.04819277108434,1.84791,0,1.84791,0,1.12105,0,1.0505,0,y3
12,6.10843373493976,1.84403,0,1.84403,0,1.17082,0,1.10781,0,y3
12,6.16867469879518,1.83937,0,1.83937,0,1.21747,0,1.16163,0,y3
12,6.2289156626506,1.83397,0,1.83397,0,1.2611,0,1.21224,0,y3
12,6.28915662650602,1.82786,0,1.82786,0,1.30189,0,1.25974,0,y3
12,6.34939759036145,1.82108,0,1.82108,0,1.33981,0,1.30415,0,y3
12,6.40963855421687,1.81363,0,1.81363,0,1.37502,0,1.34557,0,y3
12,6.46987951807229,1.80554,0,1.80554,0,1.4075,0,1.38408,0,y3
12,6.53012048192771,1.7968,0,1.7968,0,1.43733,0,1.41974,0,y3
12,6.59036144578313,1.78745,0,1.78745,0,1.46457,0,1.4526,0,y3
12,6.65060240963855,1.77749,0,1.77749,0,1.48923,0,1.48273,0,y3
12,6.71084337349398,1.76693,0,1.76693,0,1.51144,0,1.51018,0,y3
12,6.7710843373494,1.75581,0,1.75581,0,1.53117,0,1.53498,0,y3
12,6.83132530120482,1.74411,0,1.74411,0,1.54856,0,1.5571,0,y3
12,6.89156626506024,1.73188,0,1.73188,0,1.56364,0,1.57656,0,y3
12,6.95180722891566,1.7191,0,1.7191,0,1.57648,0,1.59353,0,y3
12,7,1.70851,0,1.70851,0,1.58518,0,1.6054,0,y3
12,7.01204819277108,1.70581,0,1.70581,0,1.58714,0,1.60814,0,y3
12,7.07228915662651,1.69201,0,1.69201,0,1.59568,0,1.62044,0,y3
12,7.13253012048193,1.67771,0,1.67771,0,1.6022,0,1.63056,0,y3
12,7.19277108433735,1.66294,0,1.66294,0,1.60675,0,1.63859,0,y3
12,7.25301204819277,1.64769,0,1.64769,0,1.60943,0,1.64461,0,y3
12,7.31325301204819,1.632,0,1.632,0,1.6103,0,1.64869,0,y3
12,7.37349397590361,1.61585,0,1.61585,0,1.60946,0,1.65092,0,y3
12,7.43373493975904,1.59928,0,1.59928,0,1.60697,0,1.65139,0,y3
12,7.49397590361446,1.5823,0,1.5823,0,1.60293,0,1.65019,0,y3
12,7.55421686746988,1.5649,0,1.5649,0,1.59742,0,1.6474,0,y3
12,7.6144578313253,1.54712,0,1.54712,0,1.5905,0,1.64308,0,y3
12,7.67469879518072,1.52895,0,1.52895,0,1.58227,0,1.63731,0,y3
12,7.73493975903614,1.51042,0,1.51042,0,1.5728,0,1.63016,0,y3
12,7.79518072289157,1.49153,0,1.49153,0,1.56216,0,1.6217,0,y3
12,7.85542168674699,1.47229,0,1.47229,0,1.55042,0,1.61201,0,y3
12,7.91566265060241,1.45273,0,1.45273,0,1.53765,0,1.60116,0,y3
12,7.97590361445783,1.43284,0,1.43284,0,1.52393,0,1.58922,0,y3
12,8,1.4248,0,1.4248,0,1.51819,0,1.58415,0,y3
12,8.03614457831325,1.41265,0,1.41265,0,1.50932,0,1.57625,0,y3
12,8.09638554216867,1.39216,0,1.39216,0,1.49389,0,1.56234,0,y3
12,8.1566265060241,1.3714,0,1.3714,0,1.47768,0,1.54753,0,y3
12,8.21686746987952,1.35037,0,1.35037,0,1.46077,0,1.53191,0,y3
12,8.27710843373494,1.32908,0,1.32908,0,1.44319,0,1.51552,0,y3
12,8.33734939759036,1.30754,0,1.30754,0,1.42502,0,1.49842,0,y3
12,8.39759036144578,1.28578,0,1.28578,0,1.40628,0,1.48067,0,y3
12,8.45783132530121,1.26379,0,1.26379,0,1.38704,0,1.46231,0,y3
12,8.51807228915663,1.24161,0,1.24161,0,1.36732,0,1.44341,0,y3
12,8.57831325301205,1.21922,0,1.21922,0,1.34718,0,1.42399,0,y3
12,8.63855421686747,1.19665,0,1.19665,0,1.32664,0,1.40411,0,y3
12,8.69879518072289,1.17391,0,1.17391,0,1.30574,0,1.3838,0,y3
12,8.75903614457831,1.15102,0,1.15102,0,1.28451,0,1.3631,0,y3
12,8.81927710843373,1.12797,0,1.12797,0,1.26298,0,1.34204,0,y3
12,8.87951807228916,1.10478,0,1.10478,0,1.24119,0,1.32065,0,y3
12,8.93975903614458,1.08147,0,1.08147,0,1.21914,0,1.29897,0,y3
12,9,1.05803,0,1.05803,0,1.19687,0,1.27702,0,y3
12,9.06024096385542,1.03449,0,1.03449,0,1.17439,0,1.25482,0,y3
12,9.12048192771084,1.01085,0,1.01085,0,1.15173,0,1.2324,0,y3
12,9.18072289156627,0.987116,0,0.987116,0,1.12891,0,1.20978,0,y3
12,9.24096385542169,0.963299,0,0.963299,0,1.10593,0,1.18698,0,y3
12,9.30120481927711,0.939405,0,0.939405,0,1.08281,0,1.16401,0,y3
12,9.36144578313253,0.915442,0,0.915442,0,1.05957,0,1.14089,0,y3
12,9.42168674698795,0.891415,0,0.891415,0,1.03622,0,1.11763,0,y3
12,9.48192771084337,0.867331,0,0.867331,0,1.01276,0,1.09426,0,y3
12,9.54216867469879,0.843194,0,0.843194,0,0.989211,0,1.07077,0,y3
12,9.60240963855422,0.81901,0,0.81901,0,0.96558,0,1.04718,0,y3
12,9.66265060240964,0.794784,0,0.794784,0,0.941873,0,1.02351,0,y3
12,9.72289156626506,0.770517,0,0.770517,0,0.918099,0,0.99975,0,y3
12,9.78313253012048,0.746218,0,0.746218,0,0.894263,0,0.975919,0,y3
12,9.8433734939759,0.721888,0,0.721888,0,0.870371,0,0.952023,0,y3
12,9.90361445783133,0.697531,0,0.697531,0,0.84643,0,0.928068,0,y3
12,9.96385542168675,0.673151,0,0.673151,0,0.822443,0,0.904059,0,y3
12,10,0.658511,0,0.658511,0,0.808031,0,0.88963,0,y3
12,10.0240963855422,0.648747,0,0.648747,0,0.798415,0,0.880002,0,y3
12,10.0843373493976,0.624323,0,0.624323,0,0.77435,0,0.855901,0,y3
12,10.144578313253,0.599882,0,0.599882,0,0.750252,0,0.831762,0,y3
12,10.2048192771084,0.575426,0,0.575426,0,0.726124,0,0.807587,0,y3
12,10.2650602409639,0.550955,0,0.550955,0,0.701968,0,0.783381,0,y3
12,10.3253012048193,0.526472,0,0.526472,0,0.677789,0,0.759146,0,y3
12,10.3855421686747,0.501977,0,0.501977,0,0.653586,0,0.734885,0,y3
12,10.4457831325301,0.477473,0,0.477473,0,0.629365,0,0.710602,0,y3
12,10.5060240963855,0.452959,0,0.452959,0,0.605125,0,0.686297,0,y3
12,10.566265060241,0.428438,0,0.428438,0,0.580871,0,0.661974,0,y3
12,10.6265060240964,0.403909,0,0.403909,0,0.556602,0,0.637635,0,y3
12,10.6867469879518,0.379375,0,0.379375,0,0.53232,0,0.61328,0,y3
12,10.7469879518072,0.354834,0,0.354834,0,0.508028,0,0.588912,0,y3
12,10.8072289156626,0.330289,0,0.330289,0,0.483725,0,0.564532,0,y3
12,10.8674698795181,0.30574,0,0.30574,0,0.459416,0,0.540141,0,y3
12,10.9277108433735,0.281187,0,0.281187,0,0.435098,0,0.515742,0,y3
12,10.9879518072289,0.25663,0,0.25663,0,0.410775,0,0.491333,0,y3
12,11,0.251719,0,0.251719,0,0.40591,0,0.486451,0,y3
12,11.0481927710843,0.232071,0,0.232071,0,0.386447,0,0.466918,0,y3
12,11.1084337349398,0.20751,0,0.20751,0,0.362115,0,0.442496,0,y3
12,11.1686746987952,0.182946,0,0.182946,0,0.337781,0,0.41807,0,y3
12,11.2289156626506,0.158381,0,0.158381,0,0.313442,0,0.393638,0,y3
12,11.289156626506,0.133815,0,0.133815,0,0.289104,0,0.369203,0,y3
12,11.3493975903614,0.109247,0,0.109247,0,0.264765,0,0.344765,0,y3
12,11.4096385542169,0.084679,0,0.084679,0,0.240427,0,0.320325,0,y3
12,11.4698795180723,0.0601101,0,0.0601101,0,0.21609,0,0.295883,0,y3
12,11.5301204819277,0.0355412,0,0.0355412,0,0.191756,0,0.271441,0,y3
12,11.5903614457831,0.0109721,0,0.0109721,0,0.167425,0,0.246998,0,y3
12,11.6506024096386,-0.0135959,0,-0.0135959,0,0.143098,0,0.222556,0,y3
12,11.710843373494,-0.0381634,0,-0.0381634,0,0.118777,0,0.198115,0,y3
12,11.7710843373494,-0.0627305,0,-0.0627305,0,0.0944595,0,0.173676,0,y3
12,11.8313253012048,-0.0872971,0,-0.0872971,0,0.0701505,0,0.149238,0,y3
12,11.8915662650602,-0.111863,0,-0.111863,0,0.0458471,0,0.124804,0,y3
12,11.9518072289157,-0.136428,0,-0.136428,0,0.021553,0,0.100373,0,y3
12,12,-0.156079,0,-0.156079,0,0.00212265,0,0.080832,0,y3
12,12.0120481927711,-0.160991,0,-0.160991,0,-0.00273445,0,0.0759472,0,y3
12,12.0722891566265,-0.185553,0,-0.185553,0,-0.027012,0,0.0515251,0,y3
12,12.1325301204819,-0.210112,0,-0.210112,0,-0.0512777,0,0.0271092,0,y3
12,12.1927710843374,-0.23467,0,-0.23467,0,-0.0755316,0,0.00269848,0,y3
12,12.2530120481928,-0.259226,0,-0.259226,0,-0.0997705,0,-0.0217045,0,y3
12,12.3132530120482,-0.283781,0,-0.283781,0,-0.123997,0,-0.046101,0,y3
12,12.3734939759036,-0.308333,0,-0.308333,0,-0.148206,0,-0.0704883,0,y3
12,12.433734939759,-0.332881,1,-0.332881,1,-0.172401,0,-0.0948678,0,y3
12,12.4939759036145,-0.357427,1,-0.357427,1,-0.196577,0,-0.119236,0,y3
12,12.5542168674699,-0.38197,1,-0.38197,1,-0.220735,0,-0.143595,0,y3
12,12.6144578313253,-0.406511,1,-0.406511,1,-0.244873,0,-0.167942,0,y3
12,12.6746987951807,-0.43105,1,-0.43105,1,-0.268989,0,-0.192277,0,y3
12,12.7349397590361,-0.455585,1,-0.455585,1,-0.293084,0,-0.216598,0,y3
12,12.7951807228916,-0.480116,1,-0.480116,1,-0.317153,1,-0.240906,0,y3
12,12.855421686747,-0.504642,1,-0.504642,1,-0.341198,1,-0.265198,0,y3
12,12.9156626506024,-0.529166,1,-0.529166,1,-0.365214,1,-0.289474,0,y3
12,12.9759036144578,-0.553687,1,-0.553687,1,-0.389202,1,-0.313732,1,y3
12,13,-0.563494,1,-0.563494,1,-0.398789,1,-0.32343,1,y3
12,13.0361445783133,-0.578203,1,-0.578203,1,-0.413159,1,-0.337972,1,y3
12,13.0963855421687,-0.602715,1,-0.602715,1,-0.437082,1,-0.362191,1,y3
12,13.1566265060241,-0.627223,1,-0.627223,1,-0.460971,1,-0.38639,1,y3
12,13.2168674698795,-0.651728,1,-0.651728,1,-0.484821,1,-0.410565,1,y3
12,13.2771084337349,-0.676229,1,-0.676229,1,-0.508635,1,-0.434717,1,y3
12,13.3373493975904,-0.700725,1,-0.700725,1,-0.532405,1,-0.458842,1,y3
12,13.3975903614458,-0.725217,1,-0.725217,1,-0.556133,1,-0.482941,1,y3
12,13.4578313253012,-0.749705,1,-0.749705,1,-0.579813,1,-0.507009,1,y3
12,13.5180722891566,-0.774188,1,-0.774188,1,-0.603444,1,-0.531046,1,y3
12,13.578313253012,-0.798666,1,-0.798666,1,-0.627023,1,-0.555049,1,y3
12,13.6385542168675,-0.82314,1,-0.82314,1,-0.650546,1,-0.579018,1,y3
12,13.6987951807229,-0.847608,1,-0.847608,1,-0.674013,1,-0.602948,1,y3
12,13.7590361445783,-0.872071,1,-0.872071,1,-0.697416,1,-0.62684,1,y3
12,13.8192771084337,-0.89653,1,-0.89653,1,-0.720756,1,-0.650689,1,y3
12,13.8795180722892,-0.920983,1,-0.920983,1,-0.744025,1,-0.674495,1,y3
12,13.9397590361446,-0.945431,1,-0.945431,1,-0.767221,1,-0.698253,1,y3
12,14,-0.969873,1,-0.969873,1,-0.790339,1,-0.721962,1,y3
13,-1,-0.39794,1,-0.39794,1,-0.631861,1,-0.653992,1,y3
13,-0.9397590361445783,-0.39794,1,-0.39794,1,-0.631861,1,-0.653992,1,y3
13,-0.8795180722891567,-0.39794,1,-0.39794,1,-0.631861,1,-0.653992,1,y3
13,-0.8192771084337349,-0.39794,1,-0.39794,1,-0.631861,1,-0.653992,1,y3
13,-0.7590361445783133,-0.39794,1,-0.39794,1,-0.631861,1,-0.653992,1,y3
13,-0.6987951807228916,-0.39794,1,-0.39794,1,-0.631861,1,-0.653992,1,y3
13,-0.6385542168674698,-0.39794,1,-0.39794,1,-0.631861,1,-0.653992,1,y3
13,-0.5783132530120482,-0.39794,1,-0.39794,1,-0.631861,1,-0.653992,1,y3
13,-0.5180722891566265,-0.39794,1,-0.39794,1,-0.631861,1,-0.653992,1,y3
13,-0.4578313253012049,-0.39794,1,-0.39794,1,-0.631861,1,-0.653992,1,y3
13,-0.3975903614457832,-0.39794,1,-0.39794,1,-0.631861,1,-0.653992,1,y3
13,-0.3373493975903614,-0.39794,1,-0.39794,1,-0.631861,1,-0.653992,1,y3
13,-0.2771084337349398,-0.39794,1,-0.39794,1,-0.631861,1,-0.653992,1,y3
13,-0.2168674698795181,-0.39794,1,-0.39794,1,-0.631861,1,-0.653992,1,y3
13,-0.1566265060240963,-0.39794,1,-0.39794,1,-0.631861,1,-0.653992,1,y3
13,-0.0963855421686747,-0.39794,1,-0.39794,1,-0.631861,1,-0.653992,1,y3
13,-0.036144578313253,-0.39794,1,-0.39794,1,-0.631861,1,-0.653992,1,y3
13,0,-0.39794,1,-0.39794,1,-0.631861,1,-0.653992,1,y3
13,0.0240963855421688,-0.39794,1,-0.39794,1,-0.631861,1,-0.653992,1,y3
13,0.0843373493975903,-0.39794,1,-0.39794,1,-0.631861,1,-0.653992,1,y3
13,0.1445783132530121,-0.39794,1,-0.39794,1,-0.631861,1,-0.653992,1,y3
13,0.2048192771084336,-0.39794,1,-0.39794,1,-0.631861,1,-0.653992,1,y3
13,0.2650602409638554,-0.39794,1,-0.39794,1,-0.631861,1,-0.653992,1,y3
13,0.3253012048192772,-0.39794,1,-0.39794,1,-0.631861,1,-0.653992,1,y3
13,0.3855421686746987,-0.39794,1,-0.39794,1,-0.631861,1,-0.653992,1,y3
13,0.4457831325301205,-0.39794,1,-0.39794,1,-0.631861,1,-0.653992,1,y3
13,0.5060240963855422,-0.39794,1,-0.39794,1,-0.631861,1,-0.653992,1,y3
13,0.5662650602409638,-0.39794,1,-0.39794,1,-0.631861,1,-0.653992,1,y3
13,0.6265060240963856,-0.39794,1,-0.39794,1,-0.631861,1,-0.653992,1,y3
13,0.6867469879518073,-0.39794,1,-0.39794,1,-0.631861,1,-0.653992,1,y3
13,0.7469879518072289,-0.39794,1,-0.39794,1,-0.645038,1,-0.671059,1,y3
13,0.8072289156626506,-0.39794,1,-0.39794,1,-0.669733,1,-0.695754,1,y3
13,0.8674698795180722,-0.39794,1,-0.39794,1,-0.694427,1,-0.720447,1,y3
13,0.927710843373494,-0.39794,1,-0.39794,1,-0.719118,1,-0.745138,1,y3
13,0.9879518072289157,-0.39794,1,-0.39794,1,-0.743806,1,-0.769824,1,y3
13,1,-0.39794,1,-0.39794,1,-0.748743,1,-0.77476,1,y3
13,1.04819277108434,-0.39794,1,-0.39794,1,-0.768487,1,-0.794501,1,y3
13,1.10843373493976,-0.39794,1,-0.39794,1,-0.793156,1,-0.819164,1,y3
13,1.16867469879518,-0.39794,1,-0.39794,1,-0.817805,1,-0.843802,1,y3
13,1.2289156626506,-0.39794,1,-0.39794,1,-0.842421,1,-0.868398,1,y3
13,1.28915662650602,-0.39794,1,-0.39794,1,-0.866984,1,-0.892927,1,y3
13,1.34939759036145,-0.39794,1,-0.39794,1,-0.89146,1,-0.917347,1,y3
13,1.40963855421687,-0.39794,1,-0.39794,1,-0.915799,1,-0.941594,1,y3
13,1.46987951807229,-0.39794,1,-0.39794,1,-0.939926,1,-0.965571,1,y3
13,1.53012048192771,-0.39794,1,-0.39794,1,-0.963725,1,-0.989132,1,y3
13,1.59036144578313,-0.39794,1,-0.39794,1,-0.987028,1,-1.01206,1,y3
13,1.65060240963855,-0.39794,1,-0.39794,1,-1.00959,1,-1.03405,1,y3
13,1.71084337349398,-0.39794,1,-0.39794,1,-1.03106,1,-1.05465,1,y3
13,1.7710843373494,-0.39794,1,-0.39794,1,-1.05093,1,-1.07325,1,y3
13,1.83132530120482,-0.39794,1,-0.39794,1,-1.06856,1,-1.089,1,y3
13,1.89156626506024,-0.39794,1,-0.39794,1,-1.08304,1,-1.10084,1,y3
13,1.95180722891566,-0.407001,1,-0.407001,1,-1.09321,1,-1.10731,1,y3
13,2,-0.426758,1,-0.426758,1,-1.09736,1,-1.10776,1,y3
13,2.01204819277108,-0.431696,1,-0.431696,1,-1.09773,1,-1.10709,1,y3
13,2.07228915662651,-0.456378,1,-0.456378,1,-1.09485,1,-1.09804,1,y3
13,2.13253012048193,-0.481003,1,-0.481003,1,-1.08338,1,-1.07893,1,y3
13,2.19277108433735,-0.50545,1,-0.50545,1,-1.06164,1,-1.04861,1,y3
13,2.25301204819277,-0.529438,1,-0.529438,1,-1.02845,1,-1.00645,1,y3
13,2.31325301204819,-0.552409,1,-0.552409,1,-0.983793,1,-0.95316,1,y3
13,2.37349397590361,-0.573377,1,-0.573377,1,-0.927131,1,-0.888056,1,y3
13,2.43373493975904,-0.590755,1,-0.590755,1,-0.861622,1,-0.815232,1,y3
13,2.49397590361446,-0.602225,1,-0.602225,1,-0.786371,1,-0.734142,1,y3
13,2.55421686746988,-0.604754,1,-0.604754,1,-0.704436,1,-0.647299,1,y3
13,2.6144578313253,-0.594915,1,-0.594915,1,-0.618573,1,-0.55692,1,y3
13,2.67469879518072,-0.569652,1,-0.569652,1,-0.528695,1,-0.463281,1,y3
13,2.73493975903614,-0.527119,1,-0.527119,1,-0.437625,1,-0.369049,1,y3
13,2.79518072289157,-0.467496,1,-0.467496,1,-0.34566,1,-0.276243,0,y3
13,2.85542168674699,-0.392956,1,-0.392956,1,-0.25229,0,-0.180786,0,y3
13,2.91566265060241,-0.306964,0,-0.306964,0,-0.159195,0,-0.0861542,0,y3
13,2.97590361445783,-0.213338,0,-0.213338,0,-0.0674488,0,0.00458335,0,y3
13,3,-0.174543,0,-0.174543,0,-0.0316369,0,0.0420819,0,y3
13,3.03614457831325,-0.115522,0,-0.115522,0,0.0233788,0,0.0975021,0,y3
13,3.09638554216868,-0.0162881,0,-0.0162881,0,0.111334,0,0.185109,0,y3
13,3.1566265060241,0.0822156,0,0.0822156,0,0.199707,0,0.271105,0,y3
13,3.21686746987952,0.178876,0,0.178876,0,0.285727,0,0.357988,0,y3
13,3.27710843373494,0.272838,0,0.272838,0,0.370163,0,0.440499,0,y3
13,3.33734939759036,0.363626,0,0.363626,0,0.452623,0,0.52261,0,y3
13,3.39759036144578,0.451056,0,0.451056,0,0.533312,0,0.602567,0,y3
13,3.45783132530121,0.535055,0,0.535055,0,0.612036,0,0.680281,0,y3
13,3.51807228915663,0.615614,0,0.615614,0,0.688776,0,0.756021,0,y3
13,3.57831325301205,0.692779,0,0.692779,0,0.763495,0,0.82964,0,y3
13,3.63855421686747,0.766617,0,0.766617,0,0.836143,0,0.901079,0,y3
13,3.69879518072289,0.837227,0,0.837227,0,0.906664,0,0.970299,0,y3
13,3.75903614457831,0.904736,0,0.904736,0,0.975025,0,1.03724,0,y3
13,3.81927710843373,0.969214,0,0.969214,0,1.04115,0,1.10182,0,y3
13,3.87951807228916,1.03082,0,1.03082,0,1.10495,0,1.16396,0,y3
13,3.93975903614458,1.0896,0,1.0896,0,1.1664,0,1.22362,0,y3
13,4,1.14567,0,1.14567,0,1.22534,0,1.28067,0,y3
13,4.06024096385542,1.19914,0,1.19914,0,1.28173,0,1.33503,0,y3
13,4.12048192771084,1.25003,0,1.25003,0,1.33545,0,1.38661,0,y3
13,4.18072289156626,1.29846,0,1.29846,0,1.3864,0,1.4353,0,y3
13,4.24096385542169,1.34447,0,1.34447,0,1.4345,0,1.48102,0,y3
13,4.30120481927711,1.38813,0,1.38813,0,1.47965,0,1.52368,0,y3
13,4.36144578313253,1.4295,0,1.4295,0,1.52179,0,1.56322,0,y3
13,4.42168674698795,1.46861,0,1.46861,0,1.56083,0,1.59957,0,y3
13,4.48192771084337,1.50553,0,1.50553,0,1.59673,0,1.63272,0,y3
13,4.54216867469879,1.54027,0,1.54027,0,1.62944,0,1.66263,0,y3
13,4.60240963855422,1.57291,0,1.57291,0,1.65896,0,1.68932,0,y3
13,4.66265060240964,1.60348,0,1.60348,0,1.68527,0,1.71282,0,y3
13,4.72289156626506,1.63201,0,1.63201,0,1.70843,0,1.73313,0,y3
13,4.78313253012048,1.65856,0,1.65856,0,1.72846,0,1.75038,0,y3
13,4.8433734939759,1.68317,0,1.68317,0,1.74542,0,1.76461,0,y3
13,4.90361445783132,1.70588,0,1.70588,0,1.75942,0,1.77594,0,y3
13,4.96385542168675,1.72674,0,1.72674,0,1.77054,0,1.7845,0,y3
13,5,1.73839,0,1.73839,0,1.77588,0,1.78834,0,y3
13,5.02409638554217,1.7458,0,1.7458,0,1.7789,0,1.79038,0,y3
13,5.08433734939759,1.76311,0,1.76311,0,1.78463,0,1.79375,0,y3
13,5.14457831325301,1.77873,0,1.77873,0,1.78786,0,1.79476,0,y3
13,5.20481927710843,1.7927,0,1.7927,0,1.78876,0,1.79354,0,y3
13,5.26506024096386,1.80509,0,1.80509,0,1.78752,0,1.79025,0,y3
13,5.32530120481928,1.81595,0,1.81595,0,1.78425,0,1.78507,0,y3
13,5.3855421686747,1.82533,0,1.82533,0,1.77909,0,1.77815,0,y3
13,5.44578313253012,1.83331,0,1.83331,0,1.77217,0,1.76972,0,y3
13,5.50602409638554,1.83993,0,1.83993,0,1.76365,0,1.75987,0,y3
13,5.56626506024096,1.84526,0,1.84526,0,1.75367,0,1.74869,0,y3
13,5.62650602409639,1.84935,0,1.84935,0,1.74238,0,1.73628,0,y3
13,5.68674698795181,1.85225,0,1.85225,0,1.72993,0,1.72277,0,y3
13,5.74698795180723,1.85404,0,1.85404,0,1.71643,0,1.70825,0,y3
13,5.80722891566265,1.85474,0,1.85474,0,1.70197,0,1.69283,0,y3
13,5.86746987951807,1.85444,0,1.85444,0,1.68667,0,1.67663,0,y3
13,5.92771084337349,1.85316,0,1.85316,0,1.67059,0,1.65972,0,y3
13,5.98795180722892,1.85097,0,1.85097,0,1.65383,0,1.64218,0,y3
13,6,1.85043,0,1.85043,0,1.6504,0,1.6386,0,y3
13,6.04819277108434,1.84791,0,1.84791,0,1.63645,0,1.62408,0,y3
13,6.10843373493976,1.84403,0,1.84403,0,1.61851,0,1.60549,0,y3
13,6.16867469879518,1.83937,0,1.83937,0,1.60007,0,1.58645,0,y3
13,6.2289156626506,1.83397,0,1.83397,0,1.58118,0,1.56702,0,y3
13,6.28915662650602,1.82786,0,1.82786,0,1.56188,0,1.54723,0,y3
13,6.34939759036145,1.82108,0,1.82108,0,1.54223,0,1.52712,0,y3
13,6.40963855421687,1.81363,0,1.81363,0,1.52225,0,1.50672,0,y3
13,6.46987951807229,1.80554,0,1.80554,0,1.50199,0,1.48607,0,y3
13,6.53012048192771,1.7968,0,1.7968,0,1.48147,0,1.4652,0,y3
13,6.59036144578313,1.78745,0,1.78745,0,1.46072,0,1.44411,0,y3
13,6.65060240963855,1.77749,0,1.77749,0,1.43977,0,1.42284,0,y3
13,6.71084337349398,1.76693,0,1.76693,0,1.41864,0,1.40142,0,y3
13,6.7710843373494,1.75581,0,1.75581,0,1.39735,0,1.37985,0,y3
13,6.83132530120482,1.74411,0,1.74411,0,1.37592,0,1.35815,0,y3
13,6.89156626506024,1.73188,0,1.73188,0,1.35436,0,1.33633,0,y3
13,6.95180722891566,1.7191,0,1.7191,0,1.3327,0,1.31441,0,y3
13,7,1.70851,0,1.70851,0,1.31529,0,1.29681,0,y3
13,7.01204819277108,1.70581,0,1.70581,0,1.31093,0,1.29241,0,y3
13,7.07228915662651,1.69201,0,1.69201,0,1.28909,0,1.27033,0,y3
13,7.13253012048193,1.67771,0,1.67771,0,1.26717,0,1.24818,0,y3
13,7.19277108433735,1.66294,0,1.66294,0,1.24519,0,1.22599,0,y3
13,7.25301204819277,1.64769,0,1.64769,0,1.22316,0,1.20376,0,y3
13,7.31325301204819,1.632,0,1.632,0,1.20109,0,1.18149,0,y3
13,7.37349397590361,1.61585,0,1.61585,0,1.17899,0,1.1592,0,y3
13,7.43373493975904,1.59928,0,1.59928,0,1.15686,0,1.1369,0,y3
13,7.49397590361446,1.5823,0,1.5823,0,1.13473,0,1.11459,0,y3
13,7.55421686746988,1.5649,0,1.5649,0,1.11258,0,1.09228,0,y3
13,7.6144578313253,1.54712,0,1.54712,0,1.09045,0,1.06997,0,y3
13,7.67469879518072,1.52895,0,1.52895,0,1.06832,0,1.04769,0,y3
13,7.73493975903614,1.51042,0,1.51042,0,1.04621,0,1.02542,0,y3
13,7.79518072289157,1.49153,0,1.49153,0,1.02413,0,1.00319,0,y3
13,7.85542168674699,1.47229,0,1.47229,0,1.00208,0,0.981005,0,y3
13,7.91566265060241,1.45273,0,1.45273,0,0.980082,0,0.958865,0,y3
13,7.97590361445783,1.43284,0,1.43284,0,0.958136,0,0.936783,0,y3
13,8,1.4248,0,1.4248,0,0.949375,0,0.927968,0,y3
13,8.03614457831325,1.41265,0,1.41265,0,0.936253,0,0.914768,0,y3
13,8.09638554216867,1.39216,0,1.39216,0,0.914441,0,0.892829,0,y3
13,8.1566265060241,1.3714,0,1.3714,0,0.892713,0,0.870976,0,y3
13,8.21686746987952,1.35037,0,1.35037,0,0.871077,0,0.849222,0,y3
13,8.27710843373494,1.32908,0,1.32908,0,0.849546,0,0.827577,0,y3
13,8.33734939759036,1.30754,0,1.30754,0,0.828131,0,0.80605,0,y3
13,8.39759036144578,1.28578,0,1.28578,0,0.806845,0,0.784658,0,y3
13,8.45783132530121,1.26379,0,1.26379,0,0.785702,0,0.763415,0,y3
13,8.51807228915663,1.24161,0,1.24161,0,0.764716,0,0.74233,0,y3
13,8.57831325301205,1.21922,0,1.21922,0,0.743902,0,0.721424,0,y3
13,8.63855421686747,1.19665,0,1.19665,0,0.723277,0,0.700714,0,y3
13,8.69879518072289,1.17391,0,1.17391,0,0.70286,0,0.680212,0,y3
13,8.75903614457831,1.15102,0,1.15102,0,0.682668,0,0.659944,0,y3
13,8.81927710843373,1.12797,0,1.12797,0,0.662723,0,0.63993,0,y3
13,8.87951807228916,1.10478,0,1.10478,0,0.643026,0,0.620189,0,y3
13,8.93975903614458,1.08147,0,1.08147,0,0.623571,0,0.600749,0,y3
13,9,1.05803,0,1.05803,0,0.604433,0,0.581635,0,y3
13,9.06024096385542,1.03449,0,1.03449,0,0.585686,0,0.562873,0,y3
13,9.12048192771084,1.01085,0,1.01085,0,0.567289,0,0.5445,0,y3
13,9.18072289156627,0.987116,0,0.987116,0,0.549273,0,0.526548,0,y3
13,9.24096385542169,0.963299,0,0.963299,0,0.531724,0,0.509044,0,y3
13,9.30120481927711,0.939405,0,0.939405,0,0.514665,0,0.492014,0,y3
13,9.36144578313253,0.915442,0,0.915442,0,0.498077,0,0.475508,0,y3
13,9.42168674698795,0.891415,0,0.891415,0,0.482041,0,0.459572,0,y3
13,9.48192771084337,0.867331,0,0.867331,0,0.466631,0,0.444241,0,y3
13,9.54216867469879,0.843194,0,0.843194,0,0.451821,0,0.429547,0,y3
13,9.60240963855422,0.81901,0,0.81901,0,0.437671,0,0.415531,0,y3
13,9.66265060240964,0.794784,0,0.794784,0,0.424263,0,0.402256,0,y3
13,9.72289156626506,0.770517,0,0.770517,0,0.411619,0,0.389767,0,y3
13,9.78313253012048,0.746218,0,0.746218,0,0.399757,0,0.378101,0,y3
13,9.8433734939759,0.721888,0,0.721888,0,0.388754,0,0.367293,0,y3
13,9.90361445783133,0.697531,0,0.697531,0,0.378669,0,0.357401,0,y3
13,9.96385542168675,0.673151,0,0.673151,0,0.369505,0,0.348479,0,y3
13,10,0.658511,0,0.658511,0,0.364471,0,0.343606,0,y3
13,10.0240963855422,0.648747,0,0.648747,0,0.361318,0,0.340563,0,y3
13,10.0843373493976,0.624323,0,0.624323,0,0.354168,0,0.333682,0,y3
13,10.144578313253,0.599882,0,0.599882,0,0.348075,0,0.327865,0,y3
13,10.2048192771084,0.575426,0,0.575426,0,0.343066,0,0.32316,0,y3
13,10.2650602409639,0.550955,0,0.550955,0,0.339181,0,0.319594,0,y3
13,10.3253012048193,0.526472,0,0.526472,0,0.336447,0,0.317193,0,y3
13,10.3855421686747,0.501977,0,0.501977,0,0.334877,0,0.315976,0,y3
13,10.4457831325301,0.477473,0,0.477473,0,0.334483,0,0.315956,0,y3
13,10.5060240963855,0.452959,0,0.452959,0,0.33527,0,0.31714,0,y3
13,10.566265060241,0.428438,0,0.428438,0,0.337251,0,0.319527,0,y3
13,10.6265060240964,0.403909,0,0.403909,0,0.340416,0,0.323108,0,y3
13,10.6867469879518,0.379375,0,0.379375,0,0.344739,0,0.327869,0,y3
13,10.7469879518072,0.354834,0,0.354834,0,0.350211,0,0.333788,0,y3
13,10.8072289156626,0.330289,0,0.330289,0,0.356824,0,0.340842,0,y3
13,10.8674698795181,0.30574,0,0.30574,0,0.364528,0,0.348997,0,y3
13,10.9277108433735,0.281187,0,0.281187,0,0.373269,0,0.358219,0,y3
13,10.9879518072289,0.25663,0,0.25663,0,0.383037,0,0.36844,0,y3
13,11,0.251719,0,0.251719,0,0.385108,0,0.370594,0,y3
13,11.0481927710843,0.232071,0,0.232071,0,0.393767,0,0.379553,0,y3
13,11.1084337349398,0.20751,0,0.20751,0,0.405386,0,0.391484,0,y3
13,11.1686746987952,0.182946,0,0.182946,0,0.417719,0,0.404154,0,y3
13,11.2289156626506,0.158381,0,0.158381,0,0.430492,0,0.41732,0,y3
13,11.289156626506,0.133815,0,0.133815,0,0.44339,0,0.430726,0,y3
13,11.3493975903614,0.109247,0,0.109247,0,0.456185,0,0.444158,0,y3
13,11.4096385542169,0.084679,0,0.084679,0,0.4687,0,0.457392,0,y3
13,11.4698795180723,0.0601101,0,0.0601101,0,0.480761,0,0.470176,0,y3
13,11.5301204819277,0.0355412,0,0.0355412,0,0.492304,0,0.482275,0,y3
13,11.5903614457831,0.0109721,0,0.0109721,0,0.503175,0,0.493643,0,y3
13,11.6506024096386,-0.0135959,0,-0.0135959,0,0.513325,0,0.504307,0,y3
13,11.710843373494,-0.0381634,0,-0.0381634,0,0.522642,0,0.514228,0,y3
13,11.7710843373494,-0.0627305,0,-0.0627305,0,0.531105,0,0.52328,0,y3
13,11.8313253012048,-0.0872971,0,-0.0872971,0,0.538625,0,0.531374,0,y3
13,11.8915662650602,-0.111863,0,-0.111863,0,0.545141,0,0.53846,0,y3
13,11.9518072289157,-0.136428,0,-0.136428,0,0.550628,0,0.544482,0,y3
13,12,-0.156079,0,-0.156079,0,0.554267,0,0.548525,0,y3
13,12.0120481927711,-0.160991,0,-0.160991,0,0.555071,0,0.549428,0,y3
13,12.0722891566265,-0.185553,0,-0.185553,0,0.558433,0,0.553308,0,y3
13,12.1325301204819,-0.210112,0,-0.210112,0,0.560713,0,0.556129,0,y3
13,12.1927710843374,-0.23467,0,-0.23467,0,0.561907,0,0.557882,0,y3
13,12.2530120481928,-0.259226,0,-0.259226,0,0.561994,0,0.558479,0,y3
13,12.3132530120482,-0.283781,0,-0.283781,0,0.561002,0,0.557833,0,y3
13,12.3734939759036,-0.308333,0,-0.308333,0,0.558949,0,0.556035,0,y3
13,12.433734939759,-0.332881,1,-0.332881,1,0.555833,0,0.553122,0,y3
13,12.4939759036145,-0.357427,1,-0.357427,1,0.551666,0,0.549129,0,y3
13,12.5542168674699,-0.38197,1,-0.38197,1,0.546447,0,0.544225,0,y3
13,12.6144578313253,-0.406511,1,-0.406511,1,0.540177,0,0.538424,0,y3
13,12.6746987951807,-0.43105,1,-0.43105,1,0.532916,0,0.531568,0,y3
13,12.7349397590361,-0.455585,1,-0.455585,1,0.524699,0,0.52369,0,y3
13,12.7951807228916,-0.480116,1,-0.480116,1,0.515559,0,0.514885,0,y3
13,12.855421686747,-0.504642,1,-0.504642,1,0.505541,0,0.505305,0,y3
13,12.9156626506024,-0.529166,1,-0.529166,1,0.494689,0,0.49489,0,y3
13,12.9759036144578,-0.553687,1,-0.553687,1,0.483036,0,0.483549,0,y3
13,13,-0.563494,1,-0.563494,1,0.478152,0,0.478761,0,y3
13,13.0361445783133,-0.578203,1,-0.578203,1,0.470592,0,0.471323,0,y3
13,13.0963855421687,-0.602715,1,-0.602715,1,0.45738,0,0.458378,0,y3
13,13.1566265060241,-0.627223,1,-0.627223,1,0.443429,0,0.444781,0,y3
13,13.2168674698795,-0.651728,1,-0.651728,1,0.428781,0,0.430453,0,y3
13,13.2771084337349,-0.676229,1,-0.676229,1,0.413476,0,0.415452,0,y3
13,13.3373493975904,-0.700725,1,-0.700725,1,0.39755,0,0.399876,0,y3
13,13.3975903614458,-0.725217,1,-0.725217,1,0.381025,0,0.383664,0,y3
13,13.4578313253012,-0.749705,1,-0.749705,1,0.363944,0,0.366836,0,y3
13,13.5180722891566,-0.774188,1,-0.774188,1,0.346358,0,0.349514,0,y3
13,13.578313253012,-0.798666,1,-0.798666,1,0.32828,0,0.331674,0,y3
13,13.6385542168675,-0.82314,1,-0.82314,1,0.309712,0,0.313361,0,y3
13,13.6987951807229,-0.847608,1,-0.847608,1,0.290686,0,0.294583,0,y3
13,13.7590361445783,-0.872071,1,-0.872071,1,0.27124,0,0.275382,0,y3
13,13.8192771084337,-0.89653,1,-0.89653,1,0.251405,0,0.255776,0,y3
13,13.8795180722892,-0.920983,1,-0.920983,1,0.231214,0,0.235791,0,y3
13,13.9397590361446,-0.945431,1,-0.945431,1,0.210689,0,0.215451,0,y3
13,14,-0.969873,1,-0.969873,1,0.189851,0,0.19478,0,y3
14,-1,-0.39794,1,-0.39794,1,-0.436917,1,-0.451225,1,y3
14,-0.9397590361445783,-0.39794,1,-0.39794,1,-0.436917,1,-0.451225,1,y3
14,-0.8795180722891567,-0.39794,1,-0.39794,1,-0.436917,1,-0.451225,1,y3
14,-0.8192771084337349,-0.39794,1,-0.39794,1,-0.436917,1,-0.451225,1,y3
14,-0.7590361445783133,-0.39794,1,-0.39794,1,-0.436917,1,-0.451225,1,y3
14,-0.6987951807228916,-0.39794,1,-0.39794,1,-0.436917,1,-0.451225,1,y3
14,-0.6385542168674698,-0.39794,1,-0.39794,1,-0.436917,1,-0.451225,1,y3
14,-0.5783132530120482,-0.39794,1,-0.39794,1,-0.436917,1,-0.451225,1,y3
14,-0.5180722891566265,-0.39794,1,-0.39794,1,-0.436917,1,-0.451225,1,y3
14,-0.4578313253012049,-0.39794,1,-0.39794,1,-0.436917,1,-0.451225,1,y3
14,-0.3975903614457832,-0.39794,1,-0.39794,1,-0.436917,1,-0.451225,1,y3
14,-0.3373493975903614,-0.39794,1,-0.39794,1,-0.436917,1,-0.451225,1,y3
14,-0.2771084337349398,-0.39794,1,-0.39794,1,-0.436917,1,-0.451225,1,y3
14,-0.2168674698795181,-0.39794,1,-0.39794,1,-0.436917,1,-0.451225,1,y3
14,-0.1566265060240963,-0.39794,1,-0.39794,1,-0.436917,1,-0.451225,1,y3
14,-0.0963855421686747,-0.39794,1,-0.39794,1,-0.436917,1,-0.451225,1,y3
14,-0.036144578313253,-0.39794,1,-0.39794,1,-0.436917,1,-0.451225,1,y3
14,0,-0.39794,1,-0.39794,1,-0.436917,1,-0.451225,1,y3
14,0.0240963855421688,-0.39794,1,-0.39794,1,-0.436917,1,-0.451225,1,y3
14,0.0843373493975903,-0.39794,1,-0.39794,1,-0.436917,1,-0.451225,1,y3
14,0.1445783132530121,-0.39794,1,-0.39794,1,-0.436917,1,-0.451225,1,y3
14,0.2048192771084336,-0.39794,1,-0.39794,1,-0.436917,1,-0.451225,1,y3
14,0.2650602409638554,-0.39794,1,-0.39794,1,-0.436917,1,-0.451225,1,y3
14,0.3253012048192772,-0.39794,1,-0.39794,1,-0.436917,1,-0.451225,1,y3
14,0.3855421686746987,-0.39794,1,-0.39794,1,-0.436917,1,-0.451225,1,y3
14,0.4457831325301205,-0.39794,1,-0.39794,1,-0.436917,1,-0.451225,1,y3
14,0.5060240963855422,-0.39794,1,-0.39794,1,-0.436917,1,-0.451225,1,y3
14,0.5662650602409638,-0.39794,1,-0.39794,1,-0.436917,1,-0.451225,1,y3
14,0.6265060240963856,-0.39794,1,-0.39794,1,-0.436917,1,-0.451225,1,y3
14,0.6867469879518073,-0.39794,1,-0.39794,1,-0.436917,1,-0.451225,1,y3
14,0.7469879518072289,-0.39794,1,-0.39794,1,-0.436917,1,-0.451225,1,y3
14,0.8072289156626506,-0.39794,1,-0.39794,1,-0.436917,1,-0.451225,1,y3
14,0.8674698795180722,-0.39794,1,-0.39794,1,-0.436917,1,-0.451225,1,y3
14,0.927710843373494,-0.39794,1,-0.39794,1,-0.436917,1,-0.451225,1,y3
14,0.9879518072289157,-0.39794,1,-0.39794,1,-0.436917,1,-0.451225,1,y3
14,1,-0.39794,1,-0.39794,1,-0.436917,1,-0.451225,1,y3
14,1.04819277108434,-0.39794,1,-0.39794,1,-0.436917,1,-0.451225,1,y3
14,1.10843373493976,-0.39794,1,-0.39794,1,-0.436917,1,-0.451225,1,y3
14,1.16867469879518,-0.39794,1,-0.39794,1,-0.436917,1,-0.451225,1,y3
14,1.2289156626506,-0.39794,1,-0.39794,1,-0.436917,1,-0.451225,1,y3
14,1.28915662650602,-0.39794,1,-0.39794,1,-0.436917,1,-0.451225,1,y3
14,1.34939759036145,-0.39794,1,-0.39794,1,-0.436917,1,-0.451225,1,y3
14,1.40963855421687,-0.39794,1,-0.39794,1,-0.436917,1,-0.451225,1,y3
14,1.46987951807229,-0.39794,1,-0.39794,1,-0.436917,1,-0.451225,1,y3
14,1.53012048192771,-0.39794,1,-0.39794,1,-0.436917,1,-0.451225,1,y3
14,1.59036144578313,-0.39794,1,-0.39794,1,-0.436917,1,-0.451225,1,y3
14,1.65060240963855,-0.39794,1,-0.39794,1,-0.436917,1,-0.451225,1,y3
14,1.71084337349398,-0.39794,1,-0.39794,1,-0.436917,1,-0.451225,1,y3
14,1.7710843373494,-0.39794,1,-0.39794,1,-0.455121,1,-0.451225,1,y3
14,1.83132530120482,-0.39794,1,-0.39794,1,-0.479761,1,-0.474724,1,y3
14,1.89156626506024,-0.39794,1,-0.39794,1,-0.503905,1,-0.499312,1,y3
14,1.95180722891566,-0.407001,1,-0.407001,1,-0.525851,1,-0.523111,1,y3
14,2,-0.426758,1,-0.426758,1,-0.539095,1,-0.540097,1,y3
14,2.01204819277108,-0.431696,1,-0.431696,1,-0.54136,1,-0.543771,1,y3
14,2.07228915662651,-0.456378,1,-0.456378,1,-0.54239,1,-0.555839,1,y3
14,2.13253012048193,-0.481003,1,-0.481003,1,-0.517425,1,-0.549561,1,y3
14,2.19277108433735,-0.50545,1,-0.50545,1,-0.455997,1,-0.512429,1,y3
14,2.25301204819277,-0.529438,1,-0.529438,1,-0.355581,1,-0.435365,1,y3
14,2.31325301204819,-0.552409,1,-0.552409,1,-0.224054,0,-0.319617,1,y3
14,2.37349397590361,-0.573377,1,-0.573377,1,-0.0744484,0,-0.176384,0,y3
14,2.43373493975904,-0.590755,1,-0.590755,1,0.0815266,0,-0.0195763,0,y3
14,2.49397590361446,-0.602225,1,-0.602225,1,0.236088,0,0.140004,0,y3
14,2.55421686746988,-0.604754,1,-0.604754,1,0.384954,0,0.29583,0,y3
14,2.6144578313253,-0.594915,1,-0.594915,1,0.526167,0,0.444633,0,y3
14,2.67469879518072,-0.569652,1,-0.569652,1,0.659071,0,0.585074,0,y3
14,2.73493975903614,-0.527119,1,-0.527119,1,0.78367,0,0.716879,0,y3
14,2.79518072289157,-0.467496,1,-0.467496,1,0.900302,0,0.840237,0,y3
14,2.85542168674699,-0.392956,1,-0.392956,1,1.0094,0,0.955593,0,y3
14,2.91566265060241,-0.306964,0,-0.306964,0,1.11145,0,1.06342,0,y3
14,2.97590361445783,-0.213338,0,-0.213338,0,1.20691,0,1.16422,0,y3
14,3,-0.174543,0,-0.174543,0,1.24334,0,1.20268,0,y3
14,3.03614457831325,-0.115522,0,-0.115522,0,1.29619,0,1.25847,0,y3
14,3.09638554216868,-0.0162881,0,-0.0162881,0,1.37967,0,1.34655,0,y3
14,3.1566265060241,0.0822156,0,0.0822156,0,1.45767,0,1.42887,0,y3
14,3.21686746987952,0.178876,0,0.178876,0,1.53049,0,1.50572,0,y3
14,3.27710843373494,0.272838,0,0.272838,0,1.59837,0,1.57739,0,y3
14,3.33734939759036,0.363626,0,0.363626,0,1.66152,0,1.64412,0,y3
14,3.39759036144578,0.451056,0,0.451056,0,1.72016,0,1.70612,0,y3
14,3.45783132530121,0.535055,0,0.535055,0,1.77444,0,1.76358,0,y3
14,3.51807228915663,0.615614,0,0.615614,0,1.82455,0,1.81669,0,y3
14,3.57831325301205,0.692779,0,0.692779,0,1.87064,0,1.86561,0,y3
14,3.63855421686747,0.766617,0,0.766617,0,1.91285,0,1.91051,0,y3
14,3.69879518072289,0.837227,0,0.837227,0,1.95132,0,1.95154,0,y3
14,3.75903614457831,0.904736,0,0.904736,0,1.98623,0,1.98887,0,y3
14,3.81927710843373,0.969214,0,0.969214,0,2.01769,0,2.02264,0,y3
14,3.87951807228916,1.03082,0,1.03082,0,2.04585,0,2.05298,0,y3
14,3.93975903614458,1.0896,0,1.0896,0,2.07086,0,2.08,0,y3
14,4,1.14567,0,1.14567,0,2.09284,0,2.10386,0,y3
14,4.06024096385542,1.19914,0,1.19914,0,2.11194,0,2.12473,0,y3
14,4.12048192771084,1.25003,0,1.25003,0,2.12832,0,2.14278,0,y3
14,4.18072289156626,1.29846,0,1.29846,0,2.1421,0,2.15818,0,y3
14,4.24096385542169,1.34447,0,1.34447,0,2.15349,0,2.17109,0,y3
14,4.30120481927711,1.38813,0,1.38813,0,2.16262,0,2.18165,0,y3
14,4.36144578313253,1.4295,0,1.4295,0,2.16964,0,2.19003,0,y3
14,4.42168674698795,1.46861,0,1.46861,0,2.17468,0,2.19636,0,y3
14,4.48192771084337,1.50553,0,1.50553,0,2.17787,0,2.20078,0,y3
14,4.54216867469879,1.54027,0,1.54027,0,2.17933,0,2.20342,0,y3
14,4.60240963855422,1.57291,0,1.57291,0,2.17918,0,2.2044,0,y3
14,4.66265060240964,1.60348,0,1.60348,0,2.17751,0,2.20381,0,y3
14,4.72289156626506,1.63201,0,1.63201,0,2.17442,0,2.20178,0,y3
14,4.78313253012048,1.65856,0,1.65856,0,2.17001,0,2.19838,0,y3
14,4.8433734939759,1.68317,0,1.68317,0,2.16434,0,2.1937,0,y3
14,4.90361445783132,1.70588,0,1.70588,0,2.15751,0,2.18783,0,y3
14,4.96385542168675,1.72674,0,1.72674,0,2.14957,0,2.18083,0,y3
14,5,1.73839,0,1.73839,0,2.14431,0,2.17611,0,y3
14,5.02409638554217,1.7458,0,1.7458,0,2.1406,0,2.17277,0,y3
14,5.08433734939759,1.76311,0,1.76311,0,2.13064,0,2.1637,0,y3
14,5.14457831325301,1.77873,0,1.77873,0,2.11976,0,2.1537,0,y3
14,5.20481927710843,1.7927,0,1.7927,0,2.10801,0,2.1428,0,y3
14,5.26506024096386,1.80509,0,1.80509,0,2.09543,0,2.13105,0,y3
14,5.32530120481928,1.81595,0,1.81595,0,2.08207,0,2.11851,0,y3
14,5.3855421686747,1.82533,0,1.82533,0,2.06797,0,2.1052,0,y3
14,5.44578313253012,1.83331,0,1.83331,0,2.05316,0,2.09117,0,y3
14,5.50602409638554,1.83993,0,1.83993,0,2.03769,0,2.07646,0,y3
14,5.56626506024096,1.84526,0,1.84526,0,2.02159,0,2.0611,0,y3
14,5.62650602409639,1.84935,0,1.84935,0,2.00489,0,2.04511,0,y3
14,5.68674698795181,1.85225,0,1.85225,0,1.98763,0,2.02854,0,y3
14,5.74698795180723,1.85404,0,1.85404,0,1.96982,0,2.01142,0,y3
14,5.80722891566265,1.85474,0,1.85474,0,1.95151,0,1.99375,0,y3
14,5.86746987951807,1.85444,0,1.85444,0,1.93271,0,1.97559,0,y3
14,5.92771084337349,1.85316,0,1.85316,0,1.91346,0,1.95695,0,y3
14,5.98795180722892,1.85097,0,1.85097,0,1.89378,0,1.93785,0,y3
14,6,1.85043,0,1.85043,0,1.8898,0,1.93398,0,y3
14,6.04819277108434,1.84791,0,1.84791,0,1.87369,0,1.91832,0,y3
14,6.10843373493976,1.84403,0,1.84403,0,1.85323,0,1.89839,0,y3
14,6.16867469879518,1.83937,0,1.83937,0,1.8324,0,1.87808,0,y3
14,6.2289156626506,1.83397,0,1.83397,0,1.81124,0,1.8574,0,y3
14,6.28915662650602,1.82786,0,1.82786,0,1.78976,0,1.83639,0,y3
14,6.34939759036145,1.82108,0,1.82108,0,1.76799,0,1.81505,0,y3
14,6.40963855421687,1.81363,0,1.81363,0,1.74595,0,1.79342,0,y3
14,6.46987951807229,1.80554,0,1.80554,0,1.72366,0,1.77151,0,y3
14,6.53012048192771,1.7968,0,1.7968,0,1.70114,0,1.74934,0,y3
14,6.59036144578313,1.78745,0,1.78745,0,1.67839,0,1.72693,0,y3
14,6.65060240963855,1.77749,0,1.77749,0,1.65544,0,1.7043,0,y3
14,6.71084337349398,1.76693,0,1.76693,0,1.63231,0,1.68146,0,y3
14,6.7710843373494,1.75581,0,1.75581,0,1.60901,0,1.65843,0,y3
14,6.83132530120482,1.74411,0,1.74411,0,1.58556,0,1.63523,0,y3
14,6.89156626506024,1.73188,0,1.73188,0,1.56197,0,1.61186,0,y3
14,6.95180722891566,1.7191,0,1.7191,0,1.53825,0,1.58835,0,y3
14,7,1.70851,0,1.70851,0,1.5192,0,1.56945,0,y3
14,7.01204819277108,1.70581,0,1.70581,0,1.51443,0,1.56471,0,y3
14,7.07228915662651,1.69201,0,1.69201,0,1.4905,0,1.54095,0,y3
14,7.13253012048193,1.67771,0,1.67771,0,1.46648,0,1.51708,0,y3
14,7.19277108433735,1.66294,0,1.66294,0,1.44238,0,1.49312,0,y3
14,7.25301204819277,1.64769,0,1.64769,0,1.4182,0,1.46906,0,y3
14,7.31325301204819,1.632,0,1.632,0,1.39397,0,1.44494,0,y3
14,7.37349397590361,1.61585,0,1.61585,0,1.36967,0,1.42074,0,y3
14,7.43373493975904,1.59928,0,1.59928,0,1.34533,0,1.39648,0,y3
14,7.49397590361446,1.5823,0,1.5823,0,1.32095,0,1.37217,0,y3
14,7.55421686746988,1.5649,0,1.5649,0,1.29653,0,1.34781,0,y3
14,7.6144578313253,1.54712,0,1.54712,0,1.27207,0,1.32342,0,y3
14,7.67469879518072,1.52895,0,1.52895,0,1.24759,0,1.29898,0,y3
14,7.73493975903614,1.51042,0,1.51042,0,1.22308,0,1.27452,0,y3
14,7.79518072289157,1.49153,0,1.49153,0,1.19856,0,1.25003,0,y3
14,7.85542168674699,1.47229,0,1.47229,0,1.17401,0,1.22552,0,y3
14,7.91566265060241,1.45273,0,1.45273,0,1.14945,0,1.20099,0,y3
14,7.97590361445783,1.43284,0,1.43284,0,1.12488,0,1.17644,0,y3
14,8,1.4248,0,1.4248,0,1.11505,0,1.16662,0,y3
14,8.03614457831325,1.41265,0,1.41265,0,1.1003,0,1.15188,0,y3
14,8.09638554216867,1.39216,0,1.39216,0,1.07571,0,1.12731,0,y3
14,8.1566265060241,1.3714,0,1.3714,0,1.05111,0,1.10272,0,y3
14,8.21686746987952,1.35037,0,1.35037,0,1.0265,0,1.07813,0,y3
14,8.27710843373494,1.32908,0,1.32908,0,1.00189,0,1.05353,0,y3
14,8.33734939759036,1.30754,0,1.30754,0,0.977272,0,1.02892,0,y3
14,8.39759036144578,1.28578,0,1.28578,0,0.952652,0,1.00431,0,y3
14,8.45783132530121,1.26379,0,1.26379,0,0.928028,0,0.979695,0,y3
14,8.51807228915663,1.24161,0,1.24161,0,0.903401,0,0.955074,0,y3
14,8.57831325301205,1.21922,0,1.21922,0,0.878771,0,0.930451,0,y3
14,8.63855421686747,1.19665,0,1.19665,0,0.85414,0,0.905824,0,y3
14,8.69879518072289,1.17391,0,1.17391,0,0.829507,0,0.881195,0,y3
14,8.75903614457831,1.15102,0,1.15102,0,0.804873,0,0.856565,0,y3
14,8.81927710843373,1.12797,0,1.12797,0,0.780239,0,0.831932,0,y3
14,8.87951807228916,1.10478,0,1.10478,0,0.755603,0,0.807299,0,y3
14,8.93975903614458,1.08147,0,1.08147,0,0.730967,0,0.782665,0,y3
14,9,1.05803,0,1.05803,0,0.706331,0,0.758029,0,y3
14,9.06024096385542,1.03449,0,1.03449,0,0.681695,0,0.733394,0,y3
14,9.12048192771084,1.01085,0,1.01085,0,0.65706,0,0.70876,0,y3
14,9.18072289156627,0.987116,0,0.987116,0,0.632425,0,0.684125,0,y3
14,9.24096385542169,0.963299,0,0.963299,0,0.607792,0,0.659491,0,y3
14,9.30120481927711,0.939405,0,0.939405,0,0.583159,0,0.634857,0,y3
14,9.36144578313253,0.915442,0,0.915442,0,0.558529,0,0.610224,0,y3
14,9.42168674698795,0.891415,0,0.891415,0,0.533902,0,0.585592,0,y3
14,9.48192771084337,0.867331,0,0.867331,0,0.509274,0,0.560962,0,y3
14,9.54216867469879,0.843194,0,0.843194,0,0.48465,0,0.536333,0,y3
14,9.60240963855422,0.81901,0,0.81901,0,0.46003,0,0.511706,0,y3
14,9.66265060240964,0.794784,0,0.794784,0,0.435408,0,0.48708,0,y3
14,9.72289156626506,0.770517,0,0.770517,0,0.410791,0,0.462456,0,y3
14,9.78313253012048,0.746218,0,0.746218,0,0.386177,0,0.437834,0,y3
14,9.8433734939759,0.721888,0,0.721888,0,0.361563,0,0.413214,0,y3
14,9.90361445783133,0.697531,0,0.697531,0,0.336955,0,0.388596,0,y3
14,9.96385542168675,0.673151,0,0.673151,0,0.312347,0,0.363982,0,y3
14,10,0.658511,0,0.658511,0,0.297584,0,0.349214,0,y3
14,10.0240963855422,0.648747,0,0.648747,0,0.287743,0,0.33937,0,y3
14,10.0843373493976,0.624323,0,0.624323,0,0.263145,0,0.314761,0,y3
14,10.144578313253,0.599882,0,0.599882,0,0.238546,0,0.290156,0,y3
14,10.2048192771084,0.575426,0,0.575426,0,0.213954,0,0.265554,0,y3
14,10.2650602409639,0.550955,0,0.550955,0,0.189366,0,0.240956,0,y3
14,10.3253012048193,0.526472,0,0.526472,0,0.164779,0,0.216362,0,y3
14,10.3855421686747,0.501977,0,0.501977,0,0.1402,0,0.191772,0,y3
14,10.4457831325301,0.477473,0,0.477473,0,0.115623,0,0.167186,0,y3
14,10.5060240963855,0.452959,0,0.452959,0,0.0910502,0,0.142604,0,y3
14,10.566265060241,0.428438,0,0.428438,0,0.0664852,0,0.118028,0,y3
14,10.6265060240964,0.403909,0,0.403909,0,0.0419223,0,0.0934567,0,y3
14,10.6867469879518,0.379375,0,0.379375,0,0.017367,0,0.0688902,0,y3
14,10.7469879518072,0.354834,0,0.354834,0,-0.00718106,0,0.0443285,0,y3
14,10.8072289156626,0.330289,0,0.330289,0,-0.0317268,0,0.0197728,0,y3
14,10.8674698795181,0.30574,0,0.30574,0,-0.056263,0,-0.00477628,0,y3
14,10.9277108433735,0.281187,0,0.281187,0,-0.0807936,0,-0.0293191,0,y3
14,10.9879518072289,0.25663,0,0.25663,0,-0.10532,0,-0.0538561,0,y3
14,11,0.251719,0,0.251719,0,-0.110224,0,-0.0587627,0,y3
14,11.0481927710843,0.232071,0,0.232071,0,-0.129835,0,-0.0783863,0,y3
14,11.1084337349398,0.20751,0,0.20751,0,-0.154346,0,-0.10291,0,y3
14,11.1686746987952,0.182946,0,0.182946,0,-0.178849,0,-0.127426,0,y3
14,11.2289156626506,0.158381,0,0.158381,0,-0.203342,0,-0.151935,0,y3
14,11.289156626506,0.133815,0,0.133815,0,-0.22783,0,-0.176436,0,y3
14,11.3493975903614,0.109247,0,0.109247,0,-0.252308,0,-0.200929,0,y3
14,11.4096385542169,0.084679,0,0.084679,0,-0.276777,0,-0.225414,0,y3
14,11.4698795180723,0.0601101,0,0.0601101,0,-0.30124,0,-0.24989,0,y3
14,11.5301204819277,0.0355412,0,0.0355412,0,-0.32569,1,-0.274357,0,y3
14,11.5903614457831,0.0109721,0,0.0109721,0,-0.350133,1,-0.298816,0,y3
14,11.6506024096386,-0.0135959,0,-0.0135959,0,-0.374568,1,-0.323263,1,y3
14,11.710843373494,-0.0381634,0,-0.0381634,0,-0.398992,1,-0.347701,1,y3
14,11.7710843373494,-0.0627305,0,-0.0627305,0,-0.423407,1,-0.372129,1,y3
14,11.8313253012048,-0.0872971,0,-0.0872971,0,-0.447812,1,-0.396545,1,y3
14,11.8915662650602,-0.111863,0,-0.111863,0,-0.472205,1,-0.420953,1,y3
14,11.9518072289157,-0.136428,0,-0.136428,0,-0.496588,1,-0.445349,1,y3
14,12,-0.156079,0,-0.156079,0,-0.516086,1,-0.464858,1,y3
14,12.0120481927711,-0.160991,0,-0.160991,0,-0.520959,1,-0.469734,1,y3
14,12.0722891566265,-0.185553,0,-0.185553,0,-0.545317,1,-0.494107,1,y3
14,12.1325301204819,-0.210112,0,-0.210112,0,-0.569662,1,-0.518468,1,y3
14,12.1927710843374,-0.23467,0,-0.23467,0,-0.593995,1,-0.542819,1,y3
14,12.2530120481928,-0.259226,0,-0.259226,0,-0.618318,1,-0.567155,1,y3
14,12.3132530120482,-0.283781,0,-0.283781,0,-0.642626,1,-0.591481,1,y3
14,12.3734939759036,-0.308333,0,-0.308333,0,-0.666921,1,-0.615795,1,y3
14,12.433734939759,-0.332881,1,-0.332881,1,-0.691201,1,-0.640097,1,y3
14,12.4939759036145,-0.357427,1,-0.357427,1,-0.715467,1,-0.664385,1,y3
14,12.5542168674699,-0.38197,1,-0.38197,1,-0.739721,1,-0.688658,1,y3
14,12.6144578313253,-0.406511,1,-0.406511,1,-0.76396,1,-0.712917,1,y3
14,12.6746987951807,-0.43105,1,-0.43105,1,-0.788184,1,-0.737161,1,y3
14,12.7349397590361,-0.455585,1,-0.455585,1,-0.812392,1,-0.761391,1,y3
14,12.7951807228916,-0.480116,1,-0.480116,1,-0.836584,1,-0.785605,1,y3
14,12.855421686747,-0.504642,1,-0.504642,1,-0.86076,1,-0.809806,1,y3
14,12.9156626506024,-0.529166,1,-0.529166,1,-0.88492,1,-0.833991,1,y3
14,12.9759036144578,-0.553687,1,-0.553687,1,-0.909064,1,-0.858159,1,y3
14,13,-0.563494,1,-0.563494,1,-0.918717,1,-0.867821,1,y3
14,13.0361445783133,-0.578203,1,-0.578203,1,-0.933191,1,-0.882309,1,y3
14,13.0963855421687,-0.602715,1,-0.602715,1,-0.957299,1,-0.906445,1,y3
14,13.1566265060241,-0.627223,1,-0.627223,1,-0.98139,1,-0.930564,1,y3
14,13.2168674698795,-0.651728,1,-0.651728,1,-1.00546,1,-0.954666,1,y3
14,13.2771084337349,-0.676229,1,-0.676229,1,-1.02952,1,-0.978749,1,y3
14,13.3373493975904,-0.700725,1,-0.700725,1,-1.05356,1,-1.00282,1,y3
14,13.3975903614458,-0.725217,1,-0.725217,1,-1.07758,1,-1.02686,1,y3
14,13.4578313253012,-0.749705,1,-0.749705,1,-1.10158,1,-1.05089,1,y3
14,13.5180722891566,-0.774188,1,-0.774188,1,-1.12555,1,-1.07491,1,y3
14,13.578313253012,-0.798666,1,-0.798666,1,-1.14951,1,-1.0989,1,y3
14,13.6385542168675,-0.82314,1,-0.82314,1,-1.17345,1,-1.12287,1,y3
14,13.6987951807229,-0.847608,1,-0.847608,1,-1.19737,1,-1.14682,1,y3
14,13.7590361445783,-0.872071,1,-0.872071,1,-1.22127,1,-1.17076,1,y3
14,13.8192771084337,-0.89653,1,-0.89653,1,-1.24515,1,-1.19467,1,y3
14,13.8795180722892,-0.920983,1,-0.920983,1,-1.26901,1,-1.21856,1,y3
14,13.9397590361446,-0.945431,1,-0.945431,1,-1.29284,1,-1.24243,1,y3
14,14,-0.969873,1,-0.969873,1,-1.31665,1,-1.26628,1,y3
15,-1,-0.39794,1,-0.39794,1,-0.61826,1,-0.636585,1,y3
15,-0.9397590361445783,-0.39794,1,-0.39794,1,-0.61826,1,-0.636585,1,y3
15,-0.8795180722891567,-0.39794,1,-0.39794,1,-0.61826,1,-0.636585,1,y3
15,-0.8192771084337349,-0.39794,1,-0.39794,1,-0.61826,1,-0.636585,1,y3
15,-0.7590361445783133,-0.39794,1,-0.39794,1,-0.61826,1,-0.636585,1,y3
15,-0.6987951807228916,-0.39794,1,-0.39794,1,-0.61826,1,-0.636585,1,y3
15,-0.6385542168674698,-0.39794,1,-0.39794,1,-0.61826,1,-0.636585,1,y3
15,-0.5783132530120482,-0.39794,1,-0.39794,1,-0.61826,1,-0.636585,1,y3
15,-0.5180722891566265,-0.39794,1,-0.39794,1,-0.61826,1,-0.636585,1,y3
15,-0.4578313253012049,-0.39794,1,-0.39794,1,-0.61826,1,-0.636585,1,y3
15,-0.3975903614457832,-0.39794,1,-0.39794,1,-0.61826,1,-0.636585,1,y3
15,-0.3373493975903614,-0.39794,1,-0.39794,1,-0.61826,1,-0.636585,1,y3
15,-0.2771084337349398,-0.39794,1,-0.39794,1,-0.61826,1,-0.636585,1,y3
15,-0.2168674698795181,-0.39794,1,-0.39794,1,-0.61826,1,-0.636585,1,y3
15,-0.1566265060240963,-0.39794,1,-0.39794,1,-0.61826,1,-0.636585,1,y3
15,-0.0963855421686747,-0.39794,1,-0.39794,1,-0.61826,1,-0.636585,1,y3
15,-0.036144578313253,-0.39794,1,-0.39794,1,-0.61826,1,-0.636585,1,y3
15,0,-0.39794,1,-0.39794,1,-0.61826,1,-0.636585,1,y3
15,0.0240963855421688,-0.39794,1,-0.39794,1,-0.61826,1,-0.636585,1,y3
15,0.0843373493975903,-0.39794,1,-0.39794,1,-0.61826,1,-0.636585,1,y3
15,0.1445783132530121,-0.39794,1,-0.39794,1,-0.61826,1,-0.636585,1,y3
15,0.2048192771084336,-0.39794,1,-0.39794,1,-0.61826,1,-0.636585,1,y3
15,0.2650602409638554,-0.39794,1,-0.39794,1,-0.61826,1,-0.636585,1,y3
15,0.3253012048192772,-0.39794,1,-0.39794,1,-0.61826,1,-0.636585,1,y3
15,0.3855421686746987,-0.39794,1,-0.39794,1,-0.61826,1,-0.636585,1,y3
15,0.4457831325301205,-0.39794,1,-0.39794,1,-0.61826,1,-0.636585,1,y3
15,0.5060240963855422,-0.39794,1,-0.39794,1,-0.61826,1,-0.636585,1,y3
15,0.5662650602409638,-0.39794,1,-0.39794,1,-0.61826,1,-0.636585,1,y3
15,0.6265060240963856,-0.39794,1,-0.39794,1,-0.61826,1,-0.636585,1,y3
15,0.6867469879518073,-0.39794,1,-0.39794,1,-0.61826,1,-0.636585,1,y3
15,0.7469879518072289,-0.39794,1,-0.39794,1,-0.61826,1,-0.636585,1,y3
15,0.8072289156626506,-0.39794,1,-0.39794,1,-0.61826,1,-0.636585,1,y3
15,0.8674698795180722,-0.39794,1,-0.39794,1,-0.61826,1,-0.636585,1,y3
15,0.927710843373494,-0.39794,1,-0.39794,1,-0.61826,1,-0.636585,1,y3
15,0.9879518072289157,-0.39794,1,-0.39794,1,-0.61826,1,-0.636585,1,y3
15,1,-0.39794,1,-0.39794,1,-0.61826,1,-0.636585,1,y3
15,1.04819277108434,-0.39794,1,-0.39794,1,-0.61826,1,-0.636585,1,y3
15,1.10843373493976,-0.39794,1,-0.39794,1,-0.61826,1,-0.636585,1,y3
15,1.16867469879518,-0.39794,1,-0.39794,1,-0.61826,1,-0.636585,1,y3
15,1.2289156626506,-0.39794,1,-0.39794,1,-0.61826,1,-0.636585,1,y3
15,1.28915662650602,-0.39794,1,-0.39794,1,-0.61826,1,-0.636585,1,y3
15,1.34939759036145,-0.39794,1,-0.39794,1,-0.61826,1,-0.636585,1,y3
15,1.40963855421687,-0.39794,1,-0.39794,1,-0.61826,1,-0.636585,1,y3
15,1.46987951807229,-0.39794,1,-0.39794,1,-0.61826,1,-0.636585,1,y3
15,1.53012048192771,-0.39794,1,-0.39794,1,-0.61826,1,-0.636585,1,y3
15,1.59036144578313,-0.39794,1,-0.39794,1,-0.61826,1,-0.636585,1,y3
15,1.65060240963855,-0.39794,1,-0.39794,1,-0.61826,1,-0.636585,1,y3
15,1.71084337349398,-0.39794,1,-0.39794,1,-0.61826,1,-0.636585,1,y3
15,1.7710843373494,-0.39794,1,-0.39794,1,-0.61826,1,-0.636585,1,y3
15,1.83132530120482,-0.39794,1,-0.39794,1,-0.61826,1,-0.636585,1,y3
15,1.89156626506024,-0.39794,1,-0.39794,1,-0.61826,1,-0.636585,1,y3
15,1.95180722891566,-0.407001,1,-0.407001,1,-0.621883,1,-0.63969,1,y3
15,2,-0.426758,1,-0.426758,1,-0.64164,1,-0.659446,1,y3
15,2.01204819277108,-0.431696,1,-0.431696,1,-0.646579,1,-0.664385,1,y3
15,2.07228915662651,-0.456378,1,-0.456378,1,-0.671274,1,-0.68908,1,y3
15,2.13253012048193,-0.481003,1,-0.481003,1,-0.695966,1,-0.713773,1,y3
15,2.19277108433735,-0.50545,1,-0.50545,1,-0.720655,1,-0.738462,1,y3
15,2.25301204819277,-0.529438,1,-0.529438,1,-0.745335,1,-0.763143,1,y3
15,2.31325301204819,-0.552409,1,-0.552409,1,-0.770001,1,-0.787812,1,y3
15,2.37349397590361,-0.573377,1,-0.573377,1,-0.794639,1,-0.812456,1,y3
15,2.43373493975904,-0.590755,1,-0.590755,1,-0.819229,1,-0.837059,1,y3
15,2.49397590361446,-0.602225,1,-0.602225,1,-0.843734,1,-0.861591,1,y3
15,2.55421686746988,-0.604754,1,-0.604754,1,-0.868097,1,-0.886003,1,y3
15,2.6144578313253,-0.594915,1,-0.594915,1,-0.892224,1,-0.910218,1,y3
15,2.67469879518072,-0.569652,1,-0.569652,1,-0.915964,1,-0.934115,1,y3
15,2.73493975903614,-0.527119,1,-0.527119,1,-0.9391,1,-0.957511,1,y3
15,2.79518072289157,-0.467496,1,-0.467496,1,-0.961293,1,-0.980124,1,y3
15,2.85542168674699,-0.392956,1,-0.392956,1,-0.982061,1,-1.00153,1,y3
15,2.91566265060241,-0.306964,0,-0.306964,0,-1.00066,1,-1.02115,1,y3
15,2.97590361445783,-0.213338,0,-0.213338,0,-1.01622,1,-1.03821,1,y3
15,3,-0.174543,0,-0.174543,0,-1.0213,1,-1.04406,1,y3
15,3.03614457831325,-0.115522,0,-0.115522,0,-1.02738,1,-1.05154,1,y3
15,3.09638554216868,-0.0162881,0,-0.0162881,0,-1.03258,1,-1.05967,1,y3
15,3.1566265060241,0.0822156,0,0.0822156,0,-1.03003,1,-1.06095,1,y3
15,3.21686746987952,0.178876,0,0.178876,0,-1.01782,1,-1.05345,1,y3
15,3.27710843373494,0.272838,0,0.272838,0,-0.994032,1,-1.03556,1,y3
15,3.33734939759036,0.363626,0,0.363626,0,-0.95789,1,-1.00541,1,y3
15,3.39759036144578,0.451056,0,0.451056,0,-0.909342,1,-0.963307,1,y3
15,3.45783132530121,0.535055,0,0.535055,0,-0.848252,1,-0.90748,1,y3
15,3.51807228915663,0.615614,0,0.615614,0,-0.777283,1,-0.840555,1,y3
15,3.57831325301205,0.692779,0,0.692779,0,-0.697911,1,-0.763903,1,y3
15,3.63855421686747,0.766617,0,0.766617,0,-0.611203,1,-0.679579,1,y3
15,3.69879518072289,0.837227,0,0.837227,0,-0.520878,1,-0.590128,1,y3
15,3.75903614457831,0.904736,0,0.904736,0,-0.427563,1,-0.495454,1,y3
15,3.81927710843373,0.969214,0,0.969214,0,-0.332948,1,-0.400283,1,y3
15,3.87951807228916,1.03082,0,1.03082,0,-0.238083,0,-0.303893,0,y3
15,3.93975903614458,1.0896,0,1.0896,0,-0.14378,0,-0.20749,0,y3
15,4,1.14567,0,1.14567,0,-0.0506121,0,-0.111796,0,y3
15,4.06024096385542,1.19914,0,1.19914,0,0.0410157,0,-0.0173195,0,y3
15,4.12048192771084,1.25003,0,1.25003,0,0.130765,0,0.075577,0,y3
15,4.18072289156626,1.29846,0,1.29846,0,0.218474,0,0.166646,0,y3
15,4.24096385542169,1.34447,0,1.34447,0,0.304007,0,0.255709,0,y3
15,4.30120481927711,1.38813,0,1.38813,0,0.387259,0,0.342644,0,y3
15,4.36144578313253,1.4295,0,1.4295,0,0.468172,0,0.427364,0,y3
15,4.42168674698795,1.46861,0,1.46861,0,0.546723,0,0.509808,0,y3
15,4.48192771084337,1.50553,0,1.50553,0,0.622827,0,0.589925,0,y3
15,4.54216867469879,1.54027,0,1.54027,0,0.696466,0,0.667666,0,y3
15,4.60240963855422,1.57291,0,1.57291,0,0.767642,0,0.742988,0,y3
15,4.66265060240964,1.60348,0,1.60348,0,0.836252,0,0.81585,0,y3
15,4.72289156626506,1.63201,0,1.63201,0,0.902285,0,0.886196,0,y3
15,4.78313253012048,1.65856,0,1.65856,0,0.965731,0,0.953975,0,y3
15,4.8433734939759,1.68317,0,1.68317,0,1.02647,0,1.01912,0,y3
15,4.90361445783132,1.70588,0,1.70588,0,1.08449,0,1.08156,0,y3
15,4.96385542168675,1.72674,0,1.72674,0,1.13976,0,1.14123,0,y3
15,5,1.73839,0,1.73839,0,1.17154,0,1.17567,0,y3
15,5.02409638554217,1.7458,0,1.7458,0,1.19216,0,1.19805,0,y3
15,5.08433734939759,1.76311,0,1.76311,0,1.24166,0,1.25192,0,y3
15,5.14457831325301,1.77873,0,1.77873,0,1.28821,0,1.30278,0,y3
15,5.20481927710843,1.7927,0,1.7927,0,1.33176,0,1.35055,0,y3
15,5.26506024096386,1.80509,0,1.80509,0,1.37226,0,1.39516,0,y3
15,5.32530120481928,1.81595,0,1.81595,0,1.40969,0,1.43654,0,y3
15,5.3855421686747,1.82533,0,1.82533,0,1.44404,0,1.47465,0,y3
15,5.44578313253012,1.83331,0,1.83331,0,1.47527,0,1.50942,0,y3
15,5.50602409638554,1.83993,0,1.83993,0,1.50343,0,1.54089,0,y3
15,5.56626506024096,1.84526,0,1.84526,0,1.52854,0,1.56905,0,y3
15,5.62650602409639,1.84935,0,1.84935,0,1.55061,0,1.59391,0,y3
15,5.68674698795181,1.85225,0,1.85225,0,1.56973,0,1.61553,0,y3
15,5.74698795180723,1.85404,0,1.85404,0,1.58596,0,1.63397,0,y3
15,5.80722891566265,1.85474,0,1.85474,0,1.59936,0,1.64931,0,y3
15,5.86746987951807,1.85444,0,1.85444,0,1.61006,0,1.66168,0,y3
15,5.92771084337349,1.85316,0,1.85316,0,1.61816,0,1.67123,0,y3
15,5.98795180722892,1.85097,0,1.85097,0,1.62377,0,1.67806,0,y3
15,6,1.85043,0,1.85043,0,1.62461,0,1.6791,0,y3
15,6.04819277108434,1.84791,0,1.84791,0,1.62702,0,1.68224,0,y3
15,6.10843373493976,1.84403,0,1.84403,0,1.628,0,1.68403,0,y3
15,6.16867469879518,1.83937,0,1.83937,0,1.6269,0,1.68374,0,y3
15,6.2289156626506,1.83397,0,1.83397,0,1.62395,0,1.68138,0,y3
15,6.28915662650602,1.82786,0,1.82786,0,1.6193,0,1.67697,0,y3
15,6.34939759036145,1.82108,0,1.82108,0,1.613,0,1.67088,0,y3
15,6.40963855421687,1.81363,0,1.81363,0,1.60517,0,1.66318,0,y3
15,6.46987951807229,1.80554,0,1.80554,0,1.59598,0,1.65397,0,y3
15,6.53012048192771,1.7968,0,1.7968,0,1.58554,0,1.64346,0,y3
15,6.59036144578313,1.78745,0,1.78745,0,1.57393,0,1.63171,0,y3
15,6.65060240963855,1.77749,0,1.77749,0,1.56122,0,1.61876,0,y3
15,6.71084337349398,1.76693,0,1.76693,0,1.54751,0,1.60473,0,y3
15,6.7710843373494,1.75581,0,1.75581,0,1.53293,0,1.58982,0,y3
15,6.83132530120482,1.74411,0,1.74411,0,1.51762,0,1.57411,0,y3
15,6.89156626506024,1.73188,0,1.73188,0,1.50163,0,1.55771,0,y3
15,6.95180722891566,1.7191,0,1.7191,0,1.48503,0,1.54068,0,y3
15,7,1.70851,0,1.70851,0,1.47136,0,1.52666,0,y3
15,7.01204819277108,1.70581,0,1.70581,0,1.46789,0,1.5231,0,y3
15,7.07228915662651,1.69201,0,1.69201,0,1.45026,0,1.50501,0,y3
15,7.13253012048193,1.67771,0,1.67771,0,1.43218,0,1.48648,0,y3
15,7.19277108433735,1.66294,0,1.66294,0,1.4137,0,1.46754,0,y3
15,7.25301204819277,1.64769,0,1.64769,0,1.39487,0,1.44824,0,y3
15,7.31325301204819,1.632,0,1.632,0,1.37571,0,1.42862,0,y3
15,7.37349397590361,1.61585,0,1.61585,0,1.35626,0,1.40871,0,y3
15,7.43373493975904,1.59928,0,1.59928,0,1.33656,0,1.38854,0,y3
15,7.49397590361446,1.5823,0,1.5823,0,1.31663,0,1.36814,0,y3
15,7.55421686746988,1.5649,0,1.5649,0,1.29649,0,1.34754,0,y3
15,7.6144578313253,1.54712,0,1.54712,0,1.27618,0,1.32676,0,y3
15,7.67469879518072,1.52895,0,1.52895,0,1.2557,0,1.30582,0,y3
15,7.73493975903614,1.51042,0,1.51042,0,1.23509,0,1.28473,0,y3
15,7.79518072289157,1.49153,0,1.49153,0,1.21436,0,1.26353,0,y3
15,7.85542168674699,1.47229,0,1.47229,0,1.19352,0,1.24222,0,y3
15,7.91566265060241,1.45273,0,1.45273,0,1.1726,0,1.22081,0,y3
15,7.97590361445783,1.43284,0,1.43284,0,1.15162,0,1.19933,0,y3
15,8,1.4248,0,1.4248,0,1.14321,0,1.19072,0,y3
15,8.03614457831325,1.41265,0,1.41265,0,1.13059,0,1.17778,0,y3
15,8.09638554216867,1.39216,0,1.39216,0,1.10951,0,1.15618,0,y3
15,8.1566265060241,1.3714,0,1.3714,0,1.08841,0,1.13454,0,y3
15,8.21686746987952,1.35037,0,1.35037,0,1.06728,0,1.11287,0,y3
15,8.27710843373494,1.32908,0,1.32908,0,1.04614,0,1.09118,0,y3
15,8.33734939759036,1.30754,0,1.30754,0,1.02499,0,1.06948,0,y3
15,8.39759036144578,1.28578,0,1.28578,0,1.00386,0,1.04778,0,y3
15,8.45783132530121,1.26379,0,1.26379,0,0.982762,0,1.02609,0,y3
15,8.51807228915663,1.24161,0,1.24161,0,0.961703,0,1.00443,0,y3
15,8.57831325301205,1.21922,0,1.21922,0,0.940702,0,0.982798,0,y3
15,8.63855421686747,1.19665,0,1.19665,0,0.919765,0,0.961207,0,y3
15,8.69879518072289,1.17391,0,1.17391,0,0.898897,0,0.93967,0,y3
15,8.75903614457831,1.15102,0,1.15102,0,0.878111,0,0.918195,0,y3
15,8.81927710843373,1.12797,0,1.12797,0,0.857421,0,0.896796,0,y3
15,8.87951807228916,1.10478,0,1.10478,0,0.83684,0,0.875484,0,y3
15,8.93975903614458,1.08147,0,1.08147,0,0.816391,0,0.85427,0,y3
15,9,1.05803,0,1.05803,0,0.796096,0,0.833168,0,y3
15,9.06024096385542,1.03449,0,1.03449,0,0.775966,0,0.81219,0,y3
15,9.12048192771084,1.01085,0,1.01085,0,0.756007,0,0.791352,0,y3
15,9.18072289156627,0.987116,0,0.987116,0,0.736227,0,0.770667,0,y3
15,9.24096385542169,0.963299,0,0.963299,0,0.716646,0,0.750155,0,y3
15,9.30120481927711,0.939405,0,0.939405,0,0.697284,0,0.729832,0,y3
15,9.36144578313253,0.915442,0,0.915442,0,0.678164,0,0.709711,0,y3
15,9.42168674698795,0.891415,0,0.891415,0,0.659323,0,0.689817,0,y3
15,9.48192771084337,0.867331,0,0.867331,0,0.640784,0,0.670173,0,y3
15,9.54216867469879,0.843194,0,0.843194,0,0.622567,0,0.650794,0,y3
15,9.60240963855422,0.81901,0,0.81901,0,0.604688,0,0.631705,0,y3
15,9.66265060240964,0.794784,0,0.794784,0,0.587176,0,0.612937,0,y3
15,9.72289156626506,0.770517,0,0.770517,0,0.570062,0,0.594513,0,y3
15,9.78313253012048,0.746218,0,0.746218,0,0.553379,0,0.576454,0,y3
15,9.8433734939759,0.721888,0,0.721888,0,0.537158,0,0.558802,0,y3
15,9.90361445783133,0.697531,0,0.697531,0,0.521429,0,0.541587,0,y3
15,9.96385542168675,0.673151,0,0.673151,0,0.506225,0,0.524835,0,y3
15,10,0.658511,0,0.658511,0,0.497369,0,0.515023,0,y3
15,10.0240963855422,0.648747,0,0.648747,0,0.491581,0,0.508587,0,y3
15,10.0843373493976,0.624323,0,0.624323,0,0.477535,0,0.492882,0,y3
15,10.144578313253,0.599882,0,0.599882,0,0.464123,0,0.477754,0,y3
15,10.2048192771084,0.575426,0,0.575426,0,0.451383,0,0.463238,0,y3
15,10.2650602409639,0.550955,0,0.550955,0,0.439352,0,0.449386,0,y3
15,10.3253012048193,0.526472,0,0.526472,0,0.428066,0,0.436234,0,y3
15,10.3855421686747,0.501977,0,0.501977,0,0.41756,0,0.42382,0,y3
15,10.4457831325301,0.477473,0,0.477473,0,0.407868,0,0.412191,0,y3
15,10.5060240963855,0.452959,0,0.452959,0,0.399029,0,0.401392,0,y3
15,10.566265060241,0.428438,0,0.428438,0,0.391073,0,0.391456,0,y3
15,10.6265060240964,0.403909,0,0.403909,0,0.384031,0,0.382423,0,y3
15,10.6867469879518,0.379375,0,0.379375,0,0.377927,0,0.374338,0,y3
15,10.7469879518072,0.354834,0,0.354834,0,0.372783,0,0.367233,0,y3
15,10.8072289156626,0.330289,0,0.330289,0,0.368623,0,0.361134,0,y3
15,10.8674698795181,0.30574,0,0.30574,0,0.365461,0,0.356079,0,y3
15,10.9277108433735,0.281187,0,0.281187,0,0.36331,0,0.352091,0,y3
15,10.9879518072289,0.25663,0,0.25663,0,0.362174,0,0.349185,0,y3
15,11,0.251719,0,0.251719,0,0.362069,0,0.348735,0,y3
15,11.0481927710843,0.232071,0,0.232071,0,0.362052,0,0.347379,0,y3
15,11.1084337349398,0.20751,0,0.20751,0,0.362943,0,0.346683,0,y3
15,11.1686746987952,0.182946,0,0.182946,0,0.364838,0,0.347095,0,y3
15,11.2289156626506,0.158381,0,0.158381,0,0.367626,0,0.348611,0,y3
15,11.289156626506,0.133815,0,0.133815,0,0.371081,0,0.35123,0,y3
15,11.3493975903614,0.109247,0,0.109247,0,0.374601,0,0.354739,0,y3
15,11.4096385542169,0.084679,0,0.084679,0,0.377533,0,0.358534,0,y3
15,11.4698795180723,0.0601101,0,0.0601101,0,0.379428,0,0.36191,0,y3
15,11.5301204819277,0.0355412,0,0.0355412,0,0.380149,0,0.364522,0,y3
15,11.5903614457831,0.0109721,0,0.0109721,0,0.379574,0,0.366145,0,y3
15,11.6506024096386,-0.0135959,0,-0.0135959,0,0.377606,0,0.366616,0,y3
15,11.710843373494,-0.0381634,0,-0.0381634,0,0.37417,0,0.365813,0,y3
15,11.7710843373494,-0.0627305,0,-0.0627305,0,0.369233,0,0.363637,0,y3
15,11.8313253012048,-0.0872971,0,-0.0872971,0,0.362792,0,0.360025,0,y3
15,11.8915662650602,-0.111863,0,-0.111863,0,0.354873,0,0.354941,0,y3
15,11.9518072289157,-0.136428,0,-0.136428,0,0.345526,0,0.348379,0,y3
15,12,-0.156079,0,-0.156079,0,0.33701,0,0.342075,0,y3
15,12.0120481927711,-0.160991,0,-0.160991,0,0.334744,0,0.340355,0,y3
15,12.0722891566265,-0.185553,0,-0.185553,0,0.322657,0,0.330907,0,y3
15,12.1325301204819,-0.210112,0,-0.210112,0,0.309319,0,0.32008,0,y3
15,12.1927710843374,-0.23467,0,-0.23467,0,0.29481,0,0.30793,0,y3
15,12.2530120481928,-0.259226,0,-0.259226,0,0.279215,0,0.294536,0,y3
15,12.3132530120482,-0.283781,0,-0.283781,0,0.26262,0,0.279988,0,y3
15,12.3734939759036,-0.308333,0,-0.308333,0,0.245103,0,0.264407,0,y3
15,12.433734939759,-0.332881,1,-0.332881,1,0.22677,0,0.247835,0,y3
15,12.4939759036145,-0.357427,1,-0.357427,1,0.20765,0,0.230338,0,y3
15,12.5542168674699,-0.38197,1,-0.38197,1,0.187856,0,0.212018,0,y3
15,12.6144578313253,-0.406511,1,-0.406511,1,0.167434,0,0.192954,0,y3
15,12.6746987951807,-0.43105,1,-0.43105,1,0.146454,0,0.173187,0,y3
15,12.7349397590361,-0.455585,1,-0.455585,1,0.124997,0,0.152817,0,y3
15,12.7951807228916,-0.480116,1,-0.480116,1,0.103092,0,0.131897,0,y3
15,12.855421686747,-0.504642,1,-0.504642,1,0.0808134,0,0.110467,0,y3
15,12.9156626506024,-0.529166,1,-0.529166,1,0.0581964,0,0.0886021,0,y3
15,12.9759036144578,-0.553687,1,-0.553687,1,0.0352852,0,0.0663615,0,y3
15,13,-0.563494,1,-0.563494,1,0.0260463,0,0.0573667,0,y3
15,13.0361445783133,-0.578203,1,-0.578203,1,0.0121145,0,0.0437786,0,y3
15,13.0963855421687,-0.602715,1,-0.602715,1,-0.0112815,0,0.0208998,0,y3
15,13.1566265060241,-0.627223,1,-0.627223,1,-0.0348732,0,-0.00224037,0,y3
15,13.2168674698795,-0.651728,1,-0.651728,1,-0.0586353,0,-0.0256078,0,y3
15,13.2771084337349,-0.676229,1,-0.676229,1,-0.0825435,0,-0.0491719,0,y3
15,13.3373493975904,-0.700725,1,-0.700725,1,-0.106574,0,-0.0729076,0,y3
15,13.3975903614458,-0.725217,1,-0.725217,1,-0.13071,0,-0.0967895,0,y3
15,13.4578313253012,-0.749705,1,-0.749705,1,-0.154935,0,-0.120799,0,y3
15,13.5180722891566,-0.774188,1,-0.774188,1,-0.179238,0,-0.144915,0,y3
15,13.578313253012,-0.798666,1,-0.798666,1,-0.203606,0,-0.169125,0,y3
15,13.6385542168675,-0.82314,1,-0.82314,1,-0.228029,0,-0.193413,0,y3
15,13.6987951807229,-0.847608,1,-0.847608,1,-0.252498,0,-0.217769,0,y3
15,13.7590361445783,-0.872071,1,-0.872071,1,-0.277006,0,-0.24218,0,y3
15,13.8192771084337,-0.89653,1,-0.89653,1,-0.301547,0,-0.26664,0,y3
15,13.8795180722892,-0.920983,1,-0.920983,1,-0.326114,1,-0.291139,0,y3
15,13.9397590361446,-0.945431,1,-0.945431,1,-0.350703,1,-0.315672,1,y3
15,14,-0.969873,1,-0.969873,1,-0.375312,1,-0.340234,1,y3
16,-1,-0.39794,1,-0.39794,1,-0.232858,0,-0.246119,0,y3
16,-0.9397590361445783,-0.39794,1,-0.39794,1,-0.232858,0,-0.246119,0,y3
16,-0.8795180722891567,-0.39794,1,-0.39794,1,-0.232858,0,-0.246119,0,y3
16,-0.8192771084337349,-0.39794,1,-0.39794,1,-0.232858,0,-0.246119,0,y3
16,-0.7590361445783133,-0.39794,1,-0.39794,1,-0.232858,0,-0.246119,0,y3
16,-0.6987951807228916,-0.39794,1,-0.39794,1,-0.232858,0,-0.246119,0,y3
16,-0.6385542168674698,-0.39794,1,-0.39794,1,-0.232858,0,-0.246119,0,y3
16,-0.5783132530120482,-0.39794,1,-0.39794,1,-0.232858,0,-0.246119,0,y3
16,-0.5180722891566265,-0.39794,1,-0.39794,1,-0.232858,0,-0.246119,0,y3
16,-0.4578313253012049,-0.39794,1,-0.39794,1,-0.232858,0,-0.246119,0,y3
16,-0.3975903614457832,-0.39794,1,-0.39794,1,-0.232858,0,-0.246119,0,y3
16,-0.3373493975903614,-0.39794,1,-0.39794,1,-0.232858,0,-0.246119,0,y3
16,-0.2771084337349398,-0.39794,1,-0.39794,1,-0.232858,0,-0.246119,0,y3
16,-0.2168674698795181,-0.39794,1,-0.39794,1,-0.232858,0,-0.246119,0,y3
16,-0.1566265060240963,-0.39794,1,-0.39794,1,-0.232858,0,-0.246119,0,y3
16,-0.0963855421686747,-0.39794,1,-0.39794,1,-0.232858,0,-0.246119,0,y3
16,-0.036144578313253,-0.39794,1,-0.39794,1,-0.232858,0,-0.246119,0,y3
16,0,-0.39794,1,-0.39794,1,-0.232858,0,-0.246119,0,y3
16,0.0240963855421688,-0.39794,1,-0.39794,1,-0.232858,0,-0.246119,0,y3
16,0.0843373493975903,-0.39794,1,-0.39794,1,-0.232858,0,-0.246119,0,y3
16,0.1445783132530121,-0.39794,1,-0.39794,1,-0.232858,0,-0.246119,0,y3
16,0.2048192771084336,-0.39794,1,-0.39794,1,-0.232858,0,-0.246119,0,y3
16,0.2650602409638554,-0.39794,1,-0.39794,1,-0.232858,0,-0.246119,0,y3
16,0.3253012048192772,-0.39794,1,-0.39794,1,-0.232858,0,-0.246119,0,y3
16,0.3855421686746987,-0.39794,1,-0.39794,1,-0.232858,0,-0.246119,0,y3
16,0.4457831325301205,-0.39794,1,-0.39794,1,-0.232858,0,-0.246119,0,y3
16,0.5060240963855422,-0.39794,1,-0.39794,1,-0.232858,0,-0.246119,0,y3
16,0.5662650602409638,-0.39794,1,-0.39794,1,-0.232858,0,-0.246119,0,y3
16,0.6265060240963856,-0.39794,1,-0.39794,1,-0.232858,0,-0.246119,0,y3
16,0.6867469879518073,-0.39794,1,-0.39794,1,-0.232858,0,-0.246119,0,y3
16,0.7469879518072289,-0.39794,1,-0.39794,1,-0.232858,0,-0.246119,0,y3
16,0.8072289156626506,-0.39794,1,-0.39794,1,-0.232858,0,-0.246119,0,y3
16,0.8674698795180722,-0.39794,1,-0.39794,1,-0.232858,0,-0.246119,0,y3
16,0.927710843373494,-0.39794,1,-0.39794,1,-0.232858,0,-0.246119,0,y3
16,0.9879518072289157,-0.39794,1,-0.39794,1,-0.232858,0,-0.246119,0,y3
16,1,-0.39794,1,-0.39794,1,-0.232858,0,-0.246119,0,y3
16,1.04819277108434,-0.39794,1,-0.39794,1,-0.232858,0,-0.246119,0,y3
16,1.10843373493976,-0.39794,1,-0.39794,1,-0.232858,0,-0.246119,0,y3
16,1.16867469879518,-0.39794,1,-0.39794,1,-0.232858,0,-0.246119,0,y3
16,1.2289156626506,-0.39794,1,-0.39794,1,-0.232858,0,-0.246119,0,y3
16,1.28915662650602,-0.39794,1,-0.39794,1,-0.232858,0,-0.246119,0,y3
16,1.34939759036145,-0.39794,1,-0.39794,1,-0.232858,0,-0.246119,0,y3
16,1.40963855421687,-0.39794,1,-0.39794,1,-0.232858,0,-0.246119,0,y3
16,1.46987951807229,-0.39794,1,-0.39794,1,-0.232858,0,-0.246119,0,y3
16,1.53012048192771,-0.39794,1,-0.39794,1,-0.232858,0,-0.246119,0,y3
16,1.59036144578313,-0.39794,1,-0.39794,1,-0.253357,0,-0.246119,0,y3
16,1.65060240963855,-0.39794,1,-0.39794,1,-0.278053,0,-0.266014,0,y3
16,1.71084337349398,-0.39794,1,-0.39794,1,-0.302747,0,-0.29071,0,y3
16,1.7710843373494,-0.39794,1,-0.39794,1,-0.327438,1,-0.315404,1,y3
16,1.83132530120482,-0.39794,1,-0.39794,1,-0.352123,1,-0.340096,1,y3
16,1.89156626506024,-0.39794,1,-0.39794,1,-0.376795,1,-0.364781,1,y3
16,1.95180722891566,-0.407001,1,-0.407001,1,-0.401442,1,-0.389454,1,y3
16,2,-0.426758,1,-0.426758,1,-0.42113,1,-0.409178,1,y3
16,2.01204819277108,-0.431696,1,-0.431696,1,-0.426047,1,-0.414105,1,y3
16,2.07228915662651,-0.456378,1,-0.456378,1,-0.450577,1,-0.438717,1,y3
16,2.13253012048193,-0.481003,1,-0.481003,1,-0.474986,1,-0.463262,1,y3
16,2.19277108433735,-0.50545,1,-0.50545,1,-0.499199,1,-0.487695,1,y3
16,2.25301204819277,-0.529438,1,-0.529438,1,-0.523108,1,-0.51195,1,y3
16,2.31325301204819,-0.552409,1,-0.552409,1,-0.546555,1,-0.535928,1,y3
16,2.37349397590361,-0.573377,1,-0.573377,1,-0.569318,1,-0.559485,1,y3
16,2.43373493975904,-0.590755,1,-0.590755,1,-0.59109,1,-0.582417,1,y3
16,2.49397590361446,-0.602225,1,-0.602225,1,-0.611461,1,-0.604442,1,y3
16,2.55421686746988,-0.604754,1,-0.604754,1,-0.629898,1,-0.625181,1,y3
16,2.6144578313253,-0.594915,1,-0.594915,1,-0.645721,1,-0.644136,1,y3
16,2.67469879518072,-0.569652,1,-0.569652,1,-0.65811,1,-0.660673,1,y3
16,2.73493975903614,-0.527119,1,-0.527119,1,-0.666115,1,-0.674012,1,y3
16,2.79518072289157,-0.467496,1,-0.467496,1,-0.668707,1,-0.683241,1,y3
16,2.85542168674699,-0.392956,1,-0.392956,1,-0.664863,1,-0.687353,1,y3
16,2.91566265060241,-0.306964,0,-0.306964,0,-0.653676,1,-0.685315,1,y3
16,2.97590361445783,-0.213338,0,-0.213338,0,-0.634492,1,-0.676183,1,y3
16,3,-0.174543,0,-0.174543,0,-0.624499,1,-0.670368,1,y3
16,3.03614457831325,-0.115522,0,-0.115522,0,-0.607017,1,-0.659218,1,y3
16,3.09638554216868,-0.0162881,0,-0.0162881,0,-0.571381,1,-0.634011,1,y3
16,3.1566265060241,0.0822156,0,0.0822156,0,-0.52812,1,-0.600567,1,y3
16,3.21686746987952,0.178876,0,0.178876,0,-0.478111,1,-0.559277,1,y3
16,3.27710843373494,0.272838,0,0.272838,0,-0.422432,1,-0.510855,1,y3
16,3.33734939759036,0.363626,0,0.363626,0,-0.362215,1,-0.456306,1,y3
16,3.39759036144578,0.451056,0,0.451056,0,-0.298626,0,-0.396851,1,y3
16,3.45783132530121,0.535055,0,0.535055,0,-0.232656,0,-0.333725,1,y3
16,3.51807228915663,0.615614,0,0.615614,0,-0.16522,0,-0.267946,0,y3
16,3.57831325301205,0.692779,0,0.692779,0,-0.0970242,0,-0.200304,0,y3
16,3.63855421686747,0.766617,0,0.766617,0,-0.0286707,0,-0.131572,0,y3
16,3.69879518072289,0.837227,0,0.837227,0,0.0394126,0,-0.0625688,0,y3
16,3.75903614457831,0.904736,0,0.904736,0,0.10688,0,0.00609228,0,y3
16,3.81927710843373,0.969214,0,0.969214,0,0.173476,0,0.0741163,0,y3
16,3.87951807228916,1.03082,0,1.03082,0,0.239014,0,0.141309,0,y3
16,3.93975903614458,1.0896,0,1.0896,0,0.303363,0,0.207453,0,y3
16,4,1.14567,0,1.14567,0,0.366434,0,0.272384,0,y3
16,4.06024096385542,1.19914,0,1.19914,0,0.428161,0,0.336029,0,y3
16,4.12048192771084,1.25003,0,1.25003,0,0.48851,0,0.398339,0,y3
16,4.18072289156626,1.29846,0,1.29846,0,0.547467,0,0.459274,0,y3
16,4.24096385542169,1.34447,0,1.34447,0,0.605015,0,0.518831,0,y3
16,4.30120481927711,1.38813,0,1.38813,0,0.661159,0,0.57704,0,y3
16,4.36144578313253,1.4295,0,1.4295,0,0.715915,0,0.633913,0,y3
16,4.42168674698795,1.46861,0,1.46861,0,0.769282,0,0.689438,0,y3
16,4.48192771084337,1.50553,0,1.50553,0,0.821271,0,0.743611,0,y3
16,4.54216867469879,1.54027,0,1.54027,0,0.871906,0,0.796434,0,y3
16,4.60240963855422,1.57291,0,1.57291,0,0.921196,0,0.847916,0,y3
16,4.66265060240964,1.60348,0,1.60348,0,0.969147,0,0.89807,0,y3
16,4.72289156626506,1.63201,0,1.63201,0,1.01578,0,0.94689,0,y3
16,4.78313253012048,1.65856,0,1.65856,0,1.06111,0,0.994389,0,y3
16,4.8433734939759,1.68317,0,1.68317,0,1.10513,0,1.04059,0,y3
16,4.90361445783132,1.70588,0,1.70588,0,1.14785,0,1.08548,0,y3
16,4.96385542168675,1.72674,0,1.72674,0,1.18928,0,1.12907,0,y3
16,5,1.73839,0,1.73839,0,1.21351,0,1.1546,0,y3
16,5.02409638554217,1.7458,0,1.7458,0,1.22941,0,1.17137,0,y3
16,5.08433734939759,1.76311,0,1.76311,0,1.26824,0,1.21237,0,y3
16,5.14457831325301,1.77873,0,1.77873,0,1.30577,0,1.25206,0,y3
16,5.20481927710843,1.7927,0,1.7927,0,1.342,0,1.29047,0,y3
16,5.26506024096386,1.80509,0,1.80509,0,1.37693,0,1.32758,0,y3
16,5.32530120481928,1.81595,0,1.81595,0,1.41057,0,1.36337,0,y3
16,5.3855421686747,1.82533,0,1.82533,0,1.44292,0,1.39789,0,y3
16,5.44578313253012,1.83331,0,1.83331,0,1.47398,0,1.4311,0,y3
16,5.50602409638554,1.83993,0,1.83993,0,1.50375,0,1.46301,0,y3
16,5.56626506024096,1.84526,0,1.84526,0,1.53224,0,1.49364,0,y3
16,5.62650602409639,1.84935,0,1.84935,0,1.55945,0,1.52298,0,y3
16,5.68674698795181,1.85225,0,1.85225,0,1.58538,0,1.55102,0,y3
16,5.74698795180723,1.85404,0,1.85404,0,1.61004,0,1.57779,0,y3
16,5.80722891566265,1.85474,0,1.85474,0,1.63345,0,1.60328,0,y3
16,5.86746987951807,1.85444,0,1.85444,0,1.65561,0,1.6275,0,y3
16,5.92771084337349,1.85316,0,1.85316,0,1.67654,0,1.65047,0,y3
16,5.98795180722892,1.85097,0,1.85097,0,1.69627,0,1.6722,0,y3
16,6,1.85043,0,1.85043,0,1.70007,0,1.6764,0,y3
16,6.04819277108434,1.84791,0,1.84791,0,1.7148,0,1.69271,0,y3
16,6.10843373493976,1.84403,0,1.84403,0,1.73217,0,1.71201,0,y3
16,6.16867469879518,1.83937,0,1.83937,0,1.74838,0,1.73013,0,y3
16,6.2289156626506,1.83397,0,1.83397,0,1.76347,0,1.74709,0,y3
16,6.28915662650602,1.82786,0,1.82786,0,1.77746,0,1.7629,0,y3
16,6.34939759036145,1.82108,0,1.82108,0,1.79037,0,1.77761,0,y3
16,6.40963855421687,1.81363,0,1.81363,0,1.80225,0,1.79124,0,y3
16,6.46987951807229,1.80554,0,1.80554,0,1.81312,0,1.80382,0,y3
16,6.53012048192771,1.7968,0,1.7968,0,1.82302,0,1.81537,0,y3
16,6.59036144578313,1.78745,0,1.78745,0,1.83197,0,1.82594,0,y3
16,6.65060240963855,1.77749,0,1.77749,0,1.84002,0,1.83555,0,y3
16,6.71084337349398,1.76693,0,1.76693,0,1.8472,0,1.84423,0,y3
16,6.7710843373494,1.75581,0,1.75581,0,1.85354,0,1.85204,0,y3
16,6.83132530120482,1.74411,0,1.74411,0,1.85907,0,1.85898,0,y3
16,6.89156626506024,1.73188,0,1.73188,0,1.86384,0,1.86511,0,y3
16,6.95180722891566,1.7191,0,1.7191,0,1.86787,0,1.87045,0,y3
16,7,1.70851,0,1.70851,0,1.87058,0,1.87417,0,y3
16,7.01204819277108,1.70581,0,1.70581,0,1.87119,0,1.87503,0,y3
16,7.07228915662651,1.69201,0,1.69201,0,1.87384,0,1.87889,0,y3
16,7.13253012048193,1.67771,0,1.67771,0,1.87584,0,1.88206,0,y3
16,7.19277108433735,1.66294,0,1.66294,0,1.87722,0,1.88457,0,y3
16,7.25301204819277,1.64769,0,1.64769,0,1.87801,0,1.88646,0,y3
16,7.31325301204819,1.632,0,1.632,0,1.87824,0,1.88775,0,y3
16,7.37349397590361,1.61585,0,1.61585,0,1.87794,0,1.88848,0,y3
16,7.43373493975904,1.59928,0,1.59928,0,1.87713,0,1.88866,0,y3
16,7.49397590361446,1.5823,0,1.5823,0,1.87583,0,1.88833,0,y3
16,7.55421686746988,1.5649,0,1.5649,0,1.87407,0,1.8875,0,y3
16,7.6144578313253,1.54712,0,1.54712,0,1.87187,0,1.88621,0,y3
16,7.67469879518072,1.52895,0,1.52895,0,1.86924,0,1.88447,0,y3
16,7.73493975903614,1.51042,0,1.51042,0,1.86621,0,1.8823,0,y3
16,7.79518072289157,1.49153,0,1.49153,0,1.8628,0,1.87973,0,y3
16,7.85542168674699,1.47229,0,1.47229,0,1.85901,0,1.87677,0,y3
16,7.91566265060241,1.45273,0,1.45273,0,1.85488,0,1.87344,0,y3
16,7.97590361445783,1.43284,0,1.43284,0,1.8504,0,1.86976,0,y3
16,8,1.4248,0,1.4248,0,1.84852,0,1.8682,0,y3
16,8.03614457831325,1.41265,0,1.41265,0,1.8456,0,1.86575,0,y3
16,8.09638554216867,1.39216,0,1.39216,0,1.84049,0,1.8614,0,y3
16,8.1566265060241,1.3714,0,1.3714,0,1.83508,0,1.85675,0,y3
16,8.21686746987952,1.35037,0,1.35037,0,1.82938,0,1.8518,0,y3
16,8.27710843373494,1.32908,0,1.32908,0,1.82341,0,1.84657,0,y3
16,8.33734939759036,1.30754,0,1.30754,0,1.81717,0,1.84106,0,y3
16,8.39759036144578,1.28578,0,1.28578,0,1.81067,0,1.83529,0,y3
16,8.45783132530121,1.26379,0,1.26379,0,1.80392,0,1.82927,0,y3
16,8.51807228915663,1.24161,0,1.24161,0,1.79694,0,1.823,0,y3
16,8.57831325301205,1.21922,0,1.21922,0,1.78972,0,1.8165,0,y3
16,8.63855421686747,1.19665,0,1.19665,0,1.78228,0,1.80977,0,y3
16,8.69879518072289,1.17391,0,1.17391,0,1.77462,0,1.80282,0,y3
16,8.75903614457831,1.15102,0,1.15102,0,1.76675,0,1.79566,0,y3
16,8.81927710843373,1.12797,0,1.12797,0,1.75867,0,1.7883,0,y3
16,8.87951807228916,1.10478,0,1.10478,0,1.7504,0,1.78073,0,y3
16,8.93975903614458,1.08147,0,1.08147,0,1.74193,0,1.77298,0,y3
16,9,1.05803,0,1.05803,0,1.73328,0,1.76503,0,y3
16,9.06024096385542,1.03449,0,1.03449,0,1.72444,0,1.75691,0,y3
16,9.12048192771084,1.01085,0,1.01085,0,1.71542,0,1.74861,0,y3
16,9.18072289156627,0.987116,0,0.987116,0,1.70623,0,1.74013,0,y3
16,9.24096385542169,0.963299,0,0.963299,0,1.69686,0,1.73149,0,y3
16,9.30120481927711,0.939405,0,0.939405,0,1.68733,0,1.72269,0,y3
16,9.36144578313253,0.915442,0,0.915442,0,1.67764,0,1.71372,0,y3
16,9.42168674698795,0.891415,0,0.891415,0,1.66778,0,1.7046,0,y3
16,9.48192771084337,0.867331,0,0.867331,0,1.65777,0,1.69533,0,y3
16,9.54216867469879,0.843194,0,0.843194,0,1.6476,0,1.6859,0,y3
16,9.60240963855422,0.81901,0,0.81901,0,1.63728,0,1.67633,0,y3
16,9.66265060240964,0.794784,0,0.794784,0,1.62681,0,1.66662,0,y3
16,9.72289156626506,0.770517,0,0.770517,0,1.6162,0,1.65677,0,y3
16,9.78313253012048,0.746218,0,0.746218,0,1.60544,0,1.64677,0,y3
16,9.8433734939759,0.721888,0,0.721888,0,1.59454,0,1.63665,0,y3
16,9.90361445783133,0.697531,0,0.697531,0,1.5835,0,1.62639,0,y3
16,9.96385542168675,0.673151,0,0.673151,0,1.57232,0,1.61599,0,y3
16,10,0.658511,0,0.658511,0,1.56554,0,1.6097,0,y3
16,10.0240963855422,0.648747,0,0.648747,0,1.561,0,1.60547,0,y3
16,10.0843373493976,0.624323,0,0.624323,0,1.54955,0,1.59482,0,y3
16,10.144578313253,0.599882,0,0.599882,0,1.53797,0,1.58405,0,y3
16,10.2048192771084,0.575426,0,0.575426,0,1.52626,0,1.57315,0,y3
16,10.2650602409639,0.550955,0,0.550955,0,1.51441,0,1.56213,0,y3
16,10.3253012048193,0.526472,0,0.526472,0,1.50244,0,1.55099,0,y3
16,10.3855421686747,0.501977,0,0.501977,0,1.49034,0,1.53973,0,y3
16,10.4457831325301,0.477473,0,0.477473,0,1.47812,0,1.52835,0,y3
16,10.5060240963855,0.452959,0,0.452959,0,1.46577,0,1.51686,0,y3
16,10.566265060241,0.428438,0,0.428438,0,1.4533,0,1.50525,0,y3
16,10.6265060240964,0.403909,0,0.403909,0,1.44071,0,1.49353,0,y3
16,10.6867469879518,0.379375,0,0.379375,0,1.42799,0,1.48169,0,y3
16,10.7469879518072,0.354834,0,0.354834,0,1.41516,0,1.46974,0,y3
16,10.8072289156626,0.330289,0,0.330289,0,1.4022,0,1.45769,0,y3
16,10.8674698795181,0.30574,0,0.30574,0,1.38913,0,1.44552,0,y3
16,10.9277108433735,0.281187,0,0.281187,0,1.37594,0,1.43324,0,y3
16,10.9879518072289,0.25663,0,0.25663,0,1.36263,0,1.42086,0,y3
16,11,0.251719,0,0.251719,0,1.35996,0,1.41837,0,y3
16,11.0481927710843,0.232071,0,0.232071,0,1.34921,0,1.40836,0,y3
16,11.1084337349398,0.20751,0,0.20751,0,1.33567,0,1.39577,0,y3
16,11.1686746987952,0.182946,0,0.182946,0,1.32202,0,1.38306,0,y3
16,11.2289156626506,0.158381,0,0.158381,0,1.30825,0,1.37025,0,y3
16,11.289156626506,0.133815,0,0.133815,0,1.29437,0,1.35734,0,y3
16,11.3493975903614,0.109247,0,0.109247,0,1.28038,0,1.34433,0,y3
16,11.4096385542169,0.084679,0,0.084679,0,1.26627,0,1.33121,0,y3
16,11.4698795180723,0.0601101,0,0.0601101,0,1.25205,0,1.31799,0,y3
16,11.5301204819277,0.0355412,0,0.0355412,0,1.23771,0,1.30467,0,y3
16,11.5903614457831,0.0109721,0,0.0109721,0,1.22327,0,1.29124,0,y3
16,11.6506024096386,-0.0135959,0,-0.0135959,0,1.20871,0,1.27772,0,y3
16,11.710843373494,-0.0381634,0,-0.0381634,0,1.19404,0,1.2641,0,y3
16,11.7710843373494,-0.0627305,0,-0.0627305,0,1.17928,0,1.25038,0,y3
16,11.8313253012048,-0.0872971,0,-0.0872971,0,1.1644,0,1.23656,0,y3
16,11.8915662650602,-0.111863,0,-0.111863,0,1.14943,0,1.22264,0,y3
16,11.9518072289157,-0.136428,0,-0.136428,0,1.13436,0,1.20862,0,y3
16,12,-0.156079,0,-0.156079,0,1.12223,0,1.19734,0,y3
16,12.0120481927711,-0.160991,0,-0.160991,0,1.11919,0,1.19451,0,y3
16,12.0722891566265,-0.185553,0,-0.185553,0,1.1039,0,1.1803,0,y3
16,12.1325301204819,-0.210112,0,-0.210112,0,1.08851,0,1.16599,0,y3
16,12.1927710843374,-0.23467,0,-0.23467,0,1.07302,0,1.15159,0,y3
16,12.2530120481928,-0.259226,0,-0.259226,0,1.05742,0,1.13709,0,y3
16,12.3132530120482,-0.283781,0,-0.283781,0,1.04171,0,1.1225,0,y3
16,12.3734939759036,-0.308333,0,-0.308333,0,1.02591,0,1.10782,0,y3
16,12.433734939759,-0.332881,1,-0.332881,1,1.01,0,1.09304,0,y3
16,12.4939759036145,-0.357427,1,-0.357427,1,0.994,0,1.07817,0,y3
16,12.5542168674699,-0.38197,1,-0.38197,1,0.977902,0,1.0632,0,y3
16,12.6144578313253,-0.406511,1,-0.406511,1,0.961711,0,1.04814,0,y3
16,12.6746987951807,-0.43105,1,-0.43105,1,0.945424,0,1.03299,0,y3
16,12.7349397590361,-0.455585,1,-0.455585,1,0.929041,0,1.01775,0,y3
16,12.7951807228916,-0.480116,1,-0.480116,1,0.912561,0,1.00242,0,y3
16,12.855421686747,-0.504642,1,-0.504642,1,0.895986,0,0.987,0,y3
16,12.9156626506024,-0.529166,1,-0.529166,1,0.879315,0,0.971488,0,y3
16,12.9759036144578,-0.553687,1,-0.553687,1,0.86255,0,0.955887,0,y3
16,13,-0.563494,1,-0.563494,1,0.855818,0,0.949622,0,y3
16,13.0361445783133,-0.578203,1,-0.578203,1,0.845692,0,0.940197,0,y3
16,13.0963855421687,-0.602715,1,-0.602715,1,0.82874,0,0.924419,0,y3
16,13.1566265060241,-0.627223,1,-0.627223,1,0.811696,0,0.908553,0,y3
16,13.2168674698795,-0.651728,1,-0.651728,1,0.794559,0,0.8926,0,y3
16,13.2771084337349,-0.676229,1,-0.676229,1,0.777329,0,0.87656,0,y3
16,13.3373493975904,-0.700725,1,-0.700725,1,0.760006,0,0.860434,0,y3
16,13.3975903614458,-0.725217,1,-0.725217,1,0.742594,0,0.844222,0,y3
16,13.4578313253012,-0.749705,1,-0.749705,1,0.725095,0,0.827926,0,y3
16,13.5180722891566,-0.774188,1,-0.774188,1,0.707508,0,0.811545,0,y3
16,13.578313253012,-0.798666,1,-0.798666,1,0.689834,0,0.79508,0,y3
16,13.6385542168675,-0.82314,1,-0.82314,1,0.672072,0,0.778533,0,y3
16,13.6987951807229,-0.847608,1,-0.847608,1,0.654221,0,0.761903,0,y3
16,13.7590361445783,-0.872071,1,-0.872071,1,0.63628,0,0.74519,0,y3
16,13.8192771084337,-0.89653,1,-0.89653,1,0.618255,0,0.728398,0,y3
16,13.8795180722892,-0.920983,1,-0.920983,1,0.600148,0,0.711528,0,y3
16,13.9397590361446,-0.945431,1,-0.945431,1,0.58196,0,0.694579,0,y3
16,14,-0.969873,1,-0.969873,1,0.563693,0,0.677553,0,y3
17,-1,-0.39794,1,-0.39794,1,-0.251499,0,-0.262048,0,y3
17,-0.9397590361445783,-0.39794,1,-0.39794,1,-0.251499,0,-0.262048,0,y3
17,-0.8795180722891567,-0.39794,1,-0.39794,1,-0.251499,0,-0.262048,0,y3
17,-0.8192771084337349,-0.39794,1,-0.39794,1,-0.251499,0,-0.262048,0,y3
17,-0.7590361445783133,-0.39794,1,-0.39794,1,-0.251499,0,-0.262048,0,y3
17,-0.6987951807228916,-0.39794,1,-0.39794,1,-0.251499,0,-0.262048,0,y3
17,-0.6385542168674698,-0.39794,1,-0.39794,1,-0.251499,0,-0.262048,0,y3
17,-0.5783132530120482,-0.39794,1,-0.39794,1,-0.251499,0,-0.262048,0,y3
17,-0.5180722891566265,-0.39794,1,-0.39794,1,-0.251499,0,-0.262048,0,y3
17,-0.4578313253012049,-0.39794,1,-0.39794,1,-0.251499,0,-0.262048,0,y3
17,-0.3975903614457832,-0.39794,1,-0.39794,1,-0.251499,0,-0.262048,0,y3
17,-0.3373493975903614,-0.39794,1,-0.39794,1,-0.251499,0,-0.262048,0,y3
17,-0.2771084337349398,-0.39794,1,-0.39794,1,-0.251499,0,-0.262048,0,y3
17,-0.2168674698795181,-0.39794,1,-0.39794,1,-0.251499,0,-0.262048,0,y3
17,-0.1566265060240963,-0.39794,1,-0.39794,1,-0.251499,0,-0.262048,0,y3
17,-0.0963855421686747,-0.39794,1,-0.39794,1,-0.251499,0,-0.262048,0,y3
17,-0.036144578313253,-0.39794,1,-0.39794,1,-0.251499,0,-0.262048,0,y3
17,0,-0.39794,1,-0.39794,1,-0.251499,0,-0.262048,0,y3
17,0.0240963855421688,-0.39794,1,-0.39794,1,-0.251499,0,-0.262048,0,y3
17,0.0843373493975903,-0.39794,1,-0.39794,1,-0.251499,0,-0.262048,0,y3
17,0.1445783132530121,-0.39794,1,-0.39794,1,-0.251499,0,-0.262048,0,y3
17,0.2048192771084336,-0.39794,1,-0.39794,1,-0.251499,0,-0.262048,0,y3
17,0.2650602409638554,-0.39794,1,-0.39794,1,-0.251499,0,-0.262048,0,y3
17,0.3253012048192772,-0.39794,1,-0.39794,1,-0.251499,0,-0.262048,0,y3
17,0.3855421686746987,-0.39794,1,-0.39794,1,-0.251499,0,-0.262048,0,y3
17,0.4457831325301205,-0.39794,1,-0.39794,1,-0.251499,0,-0.262048,0,y3
17,0.5060240963855422,-0.39794,1,-0.39794,1,-0.251499,0,-0.262048,0,y3
17,0.5662650602409638,-0.39794,1,-0.39794,1,-0.251499,0,-0.262048,0,y3
17,0.6265060240963856,-0.39794,1,-0.39794,1,-0.251499,0,-0.262048,0,y3
17,0.6867469879518073,-0.39794,1,-0.39794,1,-0.251499,0,-0.262048,0,y3
17,0.7469879518072289,-0.39794,1,-0.39794,1,-0.251499,0,-0.262048,0,y3
17,0.8072289156626506,-0.39794,1,-0.39794,1,-0.251499,0,-0.262048,0,y3
17,0.8674698795180722,-0.39794,1,-0.39794,1,-0.251499,0,-0.262048,0,y3
17,0.927710843373494,-0.39794,1,-0.39794,1,-0.251499,0,-0.262048,0,y3
17,0.9879518072289157,-0.39794,1,-0.39794,1,-0.251499,0,-0.262048,0,y3
17,1,-0.39794,1,-0.39794,1,-0.251499,0,-0.262048,0,y3
17,1.04819277108434,-0.39794,1,-0.39794,1,-0.251499,0,-0.262048,0,y3
17,1.10843373493976,-0.39794,1,-0.39794,1,-0.251499,0,-0.262048,0,y3
17,1.16867469879518,-0.39794,1,-0.39794,1,-0.251499,0,-0.262048,0,y3
17,1.2289156626506,-0.39794,1,-0.39794,1,-0.251499,0,-0.262048,0,y3
17,1.28915662650602,-0.39794,1,-0.39794,1,-0.251499,0,-0.262048,0,y3
17,1.34939759036145,-0.39794,1,-0.39794,1,-0.251499,0,-0.262048,0,y3
17,1.40963855421687,-0.39794,1,-0.39794,1,-0.251499,0,-0.262048,0,y3
17,1.46987951807229,-0.39794,1,-0.39794,1,-0.251499,0,-0.262048,0,y3
17,1.53012048192771,-0.39794,1,-0.39794,1,-0.251499,0,-0.262048,0,y3
17,1.59036144578313,-0.39794,1,-0.39794,1,-0.251499,0,-0.262048,0,y3
17,1.65060240963855,-0.39794,1,-0.39794,1,-0.251499,0,-0.262048,0,y3
17,1.71084337349398,-0.39794,1,-0.39794,1,-0.251499,0,-0.262048,0,y3
17,1.7710843373494,-0.39794,1,-0.39794,1,-0.251499,0,-0.262048,0,y3
17,1.83132530120482,-0.39794,1,-0.39794,1,-0.251499,0,-0.262048,0,y3
17,1.89156626506024,-0.39794,1,-0.39794,1,-0.251499,0,-0.262048,0,y3
17,1.95180722891566,-0.407001,1,-0.407001,1,-0.251499,0,-0.262048,0,y3
17,2,-0.426758,1,-0.426758,1,-0.251499,0,-0.262048,0,y3
17,2.01204819277108,-0.431696,1,-0.431696,1,-0.251499,0,-0.262048,0,y3
17,2.07228915662651,-0.456378,1,-0.456378,1,-0.251499,0,-0.262048,0,y3
17,2.13253012048193,-0.481003,1,-0.481003,1,-0.251499,0,-0.262048,0,y3
17,2.19277108433735,-0.50545,1,-0.50545,1,-0.251499,0,-0.262048,0,y3
17,2.25301204819277,-0.529438,1,-0.529438,1,-0.251499,0,-0.262048,0,y3
17,2.31325301204819,-0.552409,1,-0.552409,1,-0.251499,0,-0.262048,0,y3
17,2.37349397590361,-0.573377,1,-0.573377,1,-0.251499,0,-0.262048,0,y3
17,2.43373493975904,-0.590755,1,-0.590755,1,-0.251499,0,-0.262048,0,y3
17,2.49397590361446,-0.602225,1,-0.602225,1,-0.251499,0,-0.262048,0,y3
17,2.55421686746988,-0.604754,1,-0.604754,1,-0.251499,0,-0.262048,0,y3
17,2.6144578313253,-0.594915,1,-0.594915,1,-0.251499,0,-0.262048,0,y3
17,2.67469879518072,-0.569652,1,-0.569652,1,-0.264657,0,-0.262048,0,y3
17,2.73493975903614,-0.527119,1,-0.527119,1,-0.289352,0,-0.276718,0,y3
17,2.79518072289157,-0.467496,1,-0.467496,1,-0.31404,1,-0.301412,0,y3
17,2.85542168674699,-0.392956,1,-0.392956,1,-0.338697,1,-0.3261,1,y3
17,2.91566265060241,-0.306964,0,-0.306964,0,-0.363264,1,-0.350758,1,y3
17,2.97590361445783,-0.213338,0,-0.213338,0,-0.38761,1,-0.375334,1,y3
17,3,-0.174543,0,-0.174543,0,-0.397235,1,-0.385118,1,y3
17,3.03614457831325,-0.115522,0,-0.115522,0,-0.411478,1,-0.39971,1,y3
17,3.09638554216868,-0.0162881,0,-0.0162881,0,-0.434409,1,-0.423658,1,y3
17,3.1566265060241,0.0822156,0,0.0822156,0,-0.455655,1,-0.446776,1,y3
17,3.21686746987952,0.178876,0,0.178876,0,-0.474077,1,-0.468409,1,y3
17,3.27710843373494,0.272838,0,0.272838,0,-0.488066,1,-0.487559,1,y3
17,3.33734939759036,0.363626,0,0.363626,0,-0.495534,1,-0.502808,1,y3
17,3.39759036144578,0.451056,0,0.451056,0,-0.49405,1,-0.512292,1,y3
17,3.45783132530121,0.535055,0,0.535055,0,-0.481184,1,-0.513788,1,y3
17,3.51807228915663,0.615614,0,0.615614,0,-0.455014,1,-0.504973,1,y3
17,3.57831325301205,0.692779,0,0.692779,0,-0.41466,1,-0.483857,1,y3
17,3.63855421686747,0.766617,0,0.766617,0,-0.360629,1,-0.449264,1,y3
17,3.69879518072289,0.837227,0,0.837227,0,-0.294648,0,-0.40122,1,y3
17,3.75903614457831,0.904736,0,0.904736,0,-0.219285,0,-0.34099,1,y3
17,3.81927710843373,0.969214,0,0.969214,0,-0.137287,0,-0.270726,0,y3
17,3.87951807228916,1.03082,0,1.03082,0,-0.0512516,0,-0.193032,0,y3
17,3.93975903614458,1.0896,0,1.0896,0,0.0367198,0,-0.110401,0,y3
17,4,1.14567,0,1.14567,0,0.124941,0,-0.0250462,0,y3
17,4.06024096385542,1.19914,0,1.19914,0,0.212176,0,0.0613465,0,y3
17,4.12048192771084,1.25003,0,1.25003,0,0.297763,0,0.147477,0,y3
17,4.18072289156626,1.29846,0,1.29846,0,0.381211,0,0.232331,0,y3
17,4.24096385542169,1.34447,0,1.34447,0,0.462142,0,0.315333,0,y3
17,4.30120481927711,1.38813,0,1.38813,0,0.540291,0,0.39595,0,y3
17,4.36144578313253,1.4295,0,1.4295,0,0.615698,0,0.474166,0,y3
17,4.42168674698795,1.46861,0,1.46861,0,0.688316,0,0.549879,0,y3
17,4.48192771084337,1.50553,0,1.50553,0,0.758187,0,0.622977,0,y3
17,4.54216867469879,1.54027,0,1.54027,0,0.825357,0,0.693421,0,y3
17,4.60240963855422,1.57291,0,1.57291,0,0.889888,0,0.761256,0,y3
17,4.66265060240964,1.60348,0,1.60348,0,0.95191,0,0.82648,0,y3
17,4.72289156626506,1.63201,0,1.63201,0,1.01144,0,0.88917,0,y3
17,4.78313253012048,1.65856,0,1.65856,0,1.06851,0,0.949409,0,y3
17,4.8433734939759,1.68317,0,1.68317,0,1.12322,0,1.00725,0,y3
17,4.90361445783132,1.70588,0,1.70588,0,1.1756,0,1.06276,0,y3
17,4.96385542168675,1.72674,0,1.72674,0,1.2257,0,1.11602,0,y3
17,5,1.73839,0,1.73839,0,1.25469,0,1.14692,0,y3
17,5.02409638554217,1.7458,0,1.7458,0,1.27358,0,1.16708,0,y3
17,5.08433734939759,1.76311,0,1.76311,0,1.31925,0,1.21599,0,y3
17,5.14457831325301,1.77873,0,1.77873,0,1.36276,0,1.26282,0,y3
17,5.20481927710843,1.7927,0,1.7927,0,1.40413,0,1.30764,0,y3
17,5.26506024096386,1.80509,0,1.80509,0,1.44341,0,1.35049,0,y3
17,5.32530120481928,1.81595,0,1.81595,0,1.48068,0,1.39134,0,y3
17,5.3855421686747,1.82533,0,1.82533,0,1.51596,0,1.43016,0,y3
17,5.44578313253012,1.83331,0,1.83331,0,1.54927,0,1.46701,0,y3
17,5.50602409638554,1.83993,0,1.83993,0,1.58054,0,1.50189,0,y3
17,5.56626506024096,1.84526,0,1.84526,0,1.60974,0,1.5348,0,y3
17,5.62650602409639,1.84935,0,1.84935,0,1.63687,0,1.56575,0,y3
17,5.68674698795181,1.85225,0,1.85225,0,1.66202,0,1.5948,0,y3
17,5.74698795180723,1.85404,0,1.85404,0,1.68524,0,1.62195,0,y3
17,5.80722891566265,1.85474,0,1.85474,0,1.70657,0,1.64721,0,y3
17,5.86746987951807,1.85444,0,1.85444,0,1.72604,0,1.67061,0,y3
17,5.92771084337349,1.85316,0,1.85316,0,1.74369,0,1.69219,0,y3
17,5.98795180722892,1.85097,0,1.85097,0,1.75958,0,1.71199,0,y3
17,6,1.85043,0,1.85043,0,1.76255,0,1.71574,0,y3
17,6.04819277108434,1.84791,0,1.84791,0,1.77374,0,1.73004,0,y3
17,6.10843373493976,1.84403,0,1.84403,0,1.78622,0,1.74638,0,y3
17,6.16867469879518,1.83937,0,1.83937,0,1.79706,0,1.76106,0,y3
17,6.2289156626506,1.83397,0,1.83397,0,1.80631,0,1.77413,0,y3
17,6.28915662650602,1.82786,0,1.82786,0,1.81402,0,1.78562,0,y3
17,6.34939759036145,1.82108,0,1.82108,0,1.82024,0,1.79558,0,y3
17,6.40963855421687,1.81363,0,1.81363,0,1.825,0,1.80405,0,y3
17,6.46987951807229,1.80554,0,1.80554,0,1.82838,0,1.81109,0,y3
17,6.53012048192771,1.7968,0,1.7968,0,1.83041,0,1.81673,0,y3
17,6.59036144578313,1.78745,0,1.78745,0,1.83114,0,1.82104,0,y3
17,6.65060240963855,1.77749,0,1.77749,0,1.83063,0,1.82405,0,y3
17,6.71084337349398,1.76693,0,1.76693,0,1.82891,0,1.82581,0,y3
17,6.7710843373494,1.75581,0,1.75581,0,1.82605,0,1.82637,0,y3
17,6.83132530120482,1.74411,0,1.74411,0,1.82207,0,1.82578,0,y3
17,6.89156626506024,1.73188,0,1.73188,0,1.81704,0,1.82408,0,y3
17,6.95180722891566,1.7191,0,1.7191,0,1.81098,0,1.82131,0,y3
17,7,1.70851,0,1.70851,0,1.80544,0,1.81835,0,y3
17,7.01204819277108,1.70581,0,1.70581,0,1.80395,0,1.81751,0,y3
17,7.07228915662651,1.69201,0,1.69201,0,1.79599,0,1.81273,0,y3
17,7.13253012048193,1.67771,0,1.67771,0,1.78712,0,1.80701,0,y3
17,7.19277108433735,1.66294,0,1.66294,0,1.7774,0,1.80038,0,y3
17,7.25301204819277,1.64769,0,1.64769,0,1.76684,0,1.79287,0,y3
17,7.31325301204819,1.632,0,1.632,0,1.7555,0,1.78453,0,y3
17,7.37349397590361,1.61585,0,1.61585,0,1.74341,0,1.77539,0,y3
17,7.43373493975904,1.59928,0,1.59928,0,1.73058,0,1.76547,0,y3
17,7.49397590361446,1.5823,0,1.5823,0,1.71706,0,1.75481,0,y3
17,7.55421686746988,1.5649,0,1.5649,0,1.70288,0,1.74344,0,y3
17,7.6144578313253,1.54712,0,1.54712,0,1.68806,0,1.73139,0,y3
17,7.67469879518072,1.52895,0,1.52895,0,1.67264,0,1.71868,0,y3
17,7.73493975903614,1.51042,0,1.51042,0,1.65663,0,1.70534,0,y3
17,7.79518072289157,1.49153,0,1.49153,0,1.64007,0,1.69139,0,y3
17,7.85542168674699,1.47229,0,1.47229,0,1.62297,0,1.67686,0,y3
17,7.91566265060241,1.45273,0,1.45273,0,1.60537,0,1.66177,0,y3
17,7.97590361445783,1.43284,0,1.43284,0,1.58728,0,1.64614,0,y3
17,8,1.4248,0,1.4248,0,1.57992,0,1.63975,0,y3
17,8.03614457831325,1.41265,0,1.41265,0,1.56874,0,1.63,0,y3
17,8.09638554216867,1.39216,0,1.39216,0,1.54976,0,1.61336,0,y3
17,8.1566265060241,1.3714,0,1.3714,0,1.53036,0,1.59625,0,y3
17,8.21686746987952,1.35037,0,1.35037,0,1.51058,0,1.57868,0,y3
17,8.27710843373494,1.32908,0,1.32908,0,1.49041,0,1.56068,0,y3
17,8.33734939759036,1.30754,0,1.30754,0,1.4699,0,1.54226,0,y3
17,8.39759036144578,1.28578,0,1.28578,0,1.44906,0,1.52343,0,y3
17,8.45783132530121,1.26379,0,1.26379,0,1.4279,0,1.50423,0,y3
17,8.51807228915663,1.24161,0,1.24161,0,1.40644,0,1.48466,0,y3
17,8.57831325301205,1.21922,0,1.21922,0,1.38471,0,1.46475,0,y3
17,8.63855421686747,1.19665,0,1.19665,0,1.36272,0,1.4445,0,y3
17,8.69879518072289,1.17391,0,1.17391,0,1.34049,0,1.42394,0,y3
17,8.75903614457831,1.15102,0,1.15102,0,1.31804,0,1.40308,0,y3
17,8.81927710843373,1.12797,0,1.12797,0,1.29538,0,1.38194,0,y3
17,8.87951807228916,1.10478,0,1.10478,0,1.27252,0,1.36053,0,y3
17,8.93975903614458,1.08147,0,1.08147,0,1.24949,0,1.33887,0,y3
17,9,1.05803,0,1.05803,0,1.22629,0,1.31697,0,y3
17,9.06024096385542,1.03449,0,1.03449,0,1.20294,0,1.29485,0,y3
17,9.12048192771084,1.01085,0,1.01085,0,1.17946,0,1.27251,0,y3
17,9.18072289156627,0.987116,0,0.987116,0,1.15584,0,1.24998,0,y3
17,9.24096385542169,0.963299,0,0.963299,0,1.13212,0,1.22726,0,y3
17,9.30120481927711,0.939405,0,0.939405,0,1.10828,0,1.20438,0,y3
17,9.36144578313253,0.915442,0,0.915442,0,1.08436,0,1.18133,0,y3
17,9.42168674698795,0.891415,0,0.891415,0,1.06035,0,1.15813,0,y3
17,9.48192771084337,0.867331,0,0.867331,0,1.03626,0,1.1348,0,y3
17,9.54216867469879,0.843194,0,0.843194,0,1.01211,0,1.11134,0,y3
17,9.60240963855422,0.81901,0,0.81901,0,0.98789,0,1.08777,0,y3
17,9.66265060240964,0.794784,0,0.794784,0,0.963619,0,1.06408,0,y3
17,9.72289156626506,0.770517,0,0.770517,0,0.9393,0,1.0403,0,y3
17,9.78313253012048,0.746218,0,0.746218,0,0.914939,0,1.01643,0,y3
17,9.8433734939759,0.721888,0,0.721888,0,0.89054,0,0.99248,0,y3
17,9.90361445783133,0.697531,0,0.697531,0,0.866109,0,0.968454,0,y3
17,9.96385542168675,0.673151,0,0.673151,0,0.841648,0,0.944358,0,y3
17,10,0.658511,0,0.658511,0,0.826959,0,0.929872,0,y3
17,10.0240963855422,0.648747,0,0.648747,0,0.817161,0,0.920203,0,y3
17,10.0843373493976,0.624323,0,0.624323,0,0.792651,0,0.895993,0,y3
17,10.144578313253,0.599882,0,0.599882,0,0.768122,0,0.871734,0,y3
17,10.2048192771084,0.575426,0,0.575426,0,0.743576,0,0.847432,0,y3
17,10.2650602409639,0.550955,0,0.550955,0,0.719015,0,0.823091,0,y3
17,10.3253012048193,0.526472,0,0.526472,0,0.694442,0,0.798714,0,y3
17,10.3855421686747,0.501977,0,0.501977,0,0.669856,0,0.774306,0,y3
17,10.4457831325301,0.477473,0,0.477473,0,0.645262,0,0.74987,0,y3
17,10.5060240963855,0.452959,0,0.452959,0,0.620658,0,0.725408,0,y3
17,10.566265060241,0.428438,0,0.428438,0,0.596045,0,0.700924,0,y3
17,10.6265060240964,0.403909,0,0.403909,0,0.571425,0,0.676419,0,y3
17,10.6867469879518,0.379375,0,0.379375,0,0.5468,0,0.651896,0,y3
17,10.7469879518072,0.354834,0,0.354834,0,0.522169,0,0.627357,0,y3
17,10.8072289156626,0.330289,0,0.330289,0,0.497534,0,0.602805,0,y3
17,10.8674698795181,0.30574,0,0.30574,0,0.472895,0,0.578242,0,y3
17,10.9277108433735,0.281187,0,0.281187,0,0.448252,0,0.55367,0,y3
17,10.9879518072289,0.25663,0,0.25663,0,0.423606,0,0.529088,0,y3
17,11,0.251719,0,0.251719,0,0.418677,0,0.52417,0,y3
17,11.0481927710843,0.232071,0,0.232071,0,0.398957,0,0.504498,0,y3
17,11.1084337349398,0.20751,0,0.20751,0,0.374306,0,0.4799,0,y3
17,11.1686746987952,0.182946,0,0.182946,0,0.349654,0,0.455296,0,y3
17,11.2289156626506,0.158381,0,0.158381,0,0.324999,0,0.430687,0,y3
17,11.289156626506,0.133815,0,0.133815,0,0.300342,0,0.406073,0,y3
17,11.3493975903614,0.109247,0,0.109247,0,0.275684,0,0.381454,0,y3
17,11.4096385542169,0.084679,0,0.084679,0,0.251025,0,0.356831,0,y3
17,11.4698795180723,0.0601101,0,0.0601101,0,0.226364,0,0.332205,0,y3
17,11.5301204819277,0.0355412,0,0.0355412,0,0.201703,0,0.307576,0,y3
17,11.5903614457831,0.0109721,0,0.0109721,0,0.177041,0,0.282944,0,y3
17,11.6506024096386,-0.0135959,0,-0.0135959,0,0.152378,0,0.25831,0,y3
17,11.710843373494,-0.0381634,0,-0.0381634,0,0.127714,0,0.233673,0,y3
17,11.7710843373494,-0.0627305,0,-0.0627305,0,0.10305,0,0.209035,0,y3
17,11.8313253012048,-0.0872971,0,-0.0872971,0,0.0783857,0,0.184395,0,y3
17,11.8915662650602,-0.111863,0,-0.111863,0,0.0537209,0,0.159754,0,y3
17,11.9518072289157,-0.136428,0,-0.136428,0,0.029056,0,0.135112,0,y3
17,12,-0.156079,0,-0.156079,0,0.00932374,0,0.115397,0,y3
17,12.0120481927711,-0.160991,0,-0.160991,0,0.00439076,0,0.110469,0,y3
17,12.0722891566265,-0.185553,0,-0.185553,0,-0.0202745,0,0.0858241,0,y3
17,12.1325301204819,-0.210112,0,-0.210112,0,-0.0449397,0,0.061179,0,y3
17,12.1927710843374,-0.23467,0,-0.23467,0,-0.069605,0,0.0365332,0,y3
17,12.2530120481928,-0.259226,0,-0.259226,0,-0.0942705,0,0.0118869,0,y3
17,12.3132530120482,-0.283781,0,-0.283781,0,-0.118936,0,-0.0127596,0,y3
17,12.3734939759036,-0.308333,0,-0.308333,0,-0.143601,0,-0.0374064,0,y3
17,12.433734939759,-0.332881,1,-0.332881,1,-0.168266,0,-0.0620533,0,y3
17,12.4939759036145,-0.357427,1,-0.357427,1,-0.19293,0,-0.0867,0,y3
17,12.5542168674699,-0.38197,1,-0.38197,1,-0.217594,0,-0.111346,0,y3
17,12.6144578313253,-0.406511,1,-0.406511,1,-0.242258,0,-0.135992,0,y3
17,12.6746987951807,-0.43105,1,-0.43105,1,-0.266922,0,-0.160638,0,y3
17,12.7349397590361,-0.455585,1,-0.455585,1,-0.291583,0,-0.185279,0,y3
17,12.7951807228916,-0.480116,1,-0.480116,1,-0.316244,1,-0.20992,0,y3
17,12.855421686747,-0.504642,1,-0.504642,1,-0.340905,1,-0.234563,0,y3
17,12.9156626506024,-0.529166,1,-0.529166,1,-0.365563,1,-0.2592,0,y3
17,12.9759036144578,-0.553687,1,-0.553687,1,-0.390222,1,-0.283838,0,y3
17,13,-0.563494,1,-0.563494,1,-0.400085,1,-0.293694,0,y3
17,13.0361445783133,-0.578203,1,-0.578203,1,-0.414879,1,-0.308478,0,y3
17,13.0963855421687,-0.602715,1,-0.602715,1,-0.439537,1,-0.333112,1,y3
17,13.1566265060241,-0.627223,1,-0.627223,1,-0.464194,1,-0.357747,1,y3
17,13.2168674698795,-0.651728,1,-0.651728,1,-0.488848,1,-0.382384,1,y3
17,13.2771084337349,-0.676229,1,-0.676229,1,-0.513504,1,-0.407016,1,y3
17,13.3373493975904,-0.700725,1,-0.700725,1,-0.538157,1,-0.431647,1,y3
17,13.3975903614458,-0.725217,1,-0.725217,1,-0.562811,1,-0.456282,1,y3
17,13.4578313253012,-0.749705,1,-0.749705,1,-0.587463,1,-0.48091,1,y3
17,13.5180722891566,-0.774188,1,-0.774188,1,-0.612113,1,-0.505537,1,y3
17,13.578313253012,-0.798666,1,-0.798666,1,-0.636765,1,-0.530168,1,y3
17,13.6385542168675,-0.82314,1,-0.82314,1,-0.661413,1,-0.554792,1,y3
17,13.6987951807229,-0.847608,1,-0.847608,1,-0.686062,1,-0.579416,1,y3
17,13.7590361445783,-0.872071,1,-0.872071,1,-0.710709,1,-0.604043,1,y3
17,13.8192771084337,-0.89653,1,-0.89653,1,-0.735355,1,-0.628664,1,y3
17,13.8795180722892,-0.920983,1,-0.920983,1,-0.760001,1,-0.653283,1,y3
17,13.9397590361446,-0.945431,1,-0.945431,1,-0.784643,1,-0.677905,1,y3
17,14,-0.969873,1,-0.969873,1,-0.809287,1,-0.70252,1,y3
18,-1,-0.39794,1,-0.39794,1,-0.302222,0,-0.320733,1,y3
18,-0.9397590361445783,-0.39794,1,-0.39794,1,-0.302222,0,-0.320733,1,y3
18,-0.8795180722891567,-0.39794,1,-0.39794,1,-0.302222,0,-0.320733,1,y3
18,-0.8192771084337349,-0.39794,1,-0.39794,1,-0.302222,0,-0.320733,1,y3
18,-0.7590361445783133,-0.39794,1,-0.39794,1,-0.302222,0,-0.320733,1,y3
18,-0.6987951807228916,-0.39794,1,-0.39794,1,-0.302222,0,-0.320733,1,y3
18,-0.6385542168674698,-0.39794,1,-0.39794,1,-0.302222,0,-0.320733,1,y3
18,-0.5783132530120482,-0.39794,1,-0.39794,1,-0.302222,0,-0.320733,1,y3
18,-0.5180722891566265,-0.39794,1,-0.39794,1,-0.302222,0,-0.320733,1,y3
18,-0.4578313253012049,-0.39794,1,-0.39794,1,-0.302222,0,-0.320733,1,y3
18,-0.3975903614457832,-0.39794,1,-0.39794,1,-0.302222,0,-0.320733,1,y3
18,-0.3373493975903614,-0.39794,1,-0.39794,1,-0.302222,0,-0.320733,1,y3
18,-0.2771084337349398,-0.39794,1,-0.39794,1,-0.302222,0,-0.320733,1,y3
18,-0.2168674698795181,-0.39794,1,-0.39794,1,-0.302222,0,-0.320733,1,y3
18,-0.1566265060240963,-0.39794,1,-0.39794,1,-0.302222,0,-0.320733,1,y3
18,-0.0963855421686747,-0.39794,1,-0.39794,1,-0.302222,0,-0.320733,1,y3
18,-0.036144578313253,-0.39794,1,-0.39794,1,-0.302222,0,-0.320733,1,y3
18,0,-0.39794,1,-0.39794,1,-0.302222,0,-0.320733,1,y3
18,0.0240963855421688,-0.39794,1,-0.39794,1,-0.302222,0,-0.320733,1,y3
18,0.0843373493975903,-0.39794,1,-0.39794,1,-0.302222,0,-0.320733,1,y3
18,0.1445783132530121,-0.39794,1,-0.39794,1,-0.302222,0,-0.320733,1,y3
18,0.2048192771084336,-0.39794,1,-0.39794,1,-0.302222,0,-0.320733,1,y3
18,0.2650602409638554,-0.39794,1,-0.39794,1,-0.302222,0,-0.320733,1,y3
18,0.3253012048192772,-0.39794,1,-0.39794,1,-0.302222,0,-0.320733,1,y3
18,0.3855421686746987,-0.39794,1,-0.39794,1,-0.302222,0,-0.320733,1,y3
18,0.4457831325301205,-0.39794,1,-0.39794,1,-0.302222,0,-0.320733,1,y3
18,0.5060240963855422,-0.39794,1,-0.39794,1,-0.302222,0,-0.320733,1,y3
18,0.5662650602409638,-0.39794,1,-0.39794,1,-0.302222,0,-0.320733,1,y3
18,0.6265060240963856,-0.39794,1,-0.39794,1,-0.302222,0,-0.320733,1,y3
18,0.6867469879518073,-0.39794,1,-0.39794,1,-0.302222,0,-0.320733,1,y3
18,0.7469879518072289,-0.39794,1,-0.39794,1,-0.302222,0,-0.320733,1,y3
18,0.8072289156626506,-0.39794,1,-0.39794,1,-0.302222,0,-0.320733,1,y3
18,0.8674698795180722,-0.39794,1,-0.39794,1,-0.302222,0,-0.320733,1,y3
18,0.927710843373494,-0.39794,1,-0.39794,1,-0.302222,0,-0.320733,1,y3
18,0.9879518072289157,-0.39794,1,-0.39794,1,-0.302222,0,-0.320733,1,y3
18,1,-0.39794,1,-0.39794,1,-0.302222,0,-0.320733,1,y3
18,1.04819277108434,-0.39794,1,-0.39794,1,-0.302222,0,-0.320733,1,y3
18,1.10843373493976,-0.39794,1,-0.39794,1,-0.302222,0,-0.320733,1,y3
18,1.16867469879518,-0.39794,1,-0.39794,1,-0.302222,0,-0.320733,1,y3
18,1.2289156626506,-0.39794,1,-0.39794,1,-0.302222,0,-0.320733,1,y3
18,1.28915662650602,-0.39794,1,-0.39794,1,-0.302222,0,-0.320733,1,y3
18,1.34939759036145,-0.39794,1,-0.39794,1,-0.302222,0,-0.320733,1,y3
18,1.40963855421687,-0.39794,1,-0.39794,1,-0.302222,0,-0.320733,1,y3
18,1.46987951807229,-0.39794,1,-0.39794,1,-0.302222,0,-0.320733,1,y3
18,1.53012048192771,-0.39794,1,-0.39794,1,-0.302222,0,-0.320733,1,y3
18,1.59036144578313,-0.39794,1,-0.39794,1,-0.302222,0,-0.320733,1,y3
18,1.65060240963855,-0.39794,1,-0.39794,1,-0.302222,0,-0.320733,1,y3
18,1.71084337349398,-0.39794,1,-0.39794,1,-0.302222,0,-0.320733,1,y3
18,1.7710843373494,-0.39794,1,-0.39794,1,-0.302222,0,-0.320733,1,y3
18,1.83132530120482,-0.39794,1,-0.39794,1,-0.302222,0,-0.320733,1,y3
18,1.89156626506024,-0.39794,1,-0.39794,1,-0.302222,0,-0.320733,1,y3
18,1.95180722891566,-0.407001,1,-0.407001,1,-0.302222,0,-0.320733,1,y3
18,2,-0.426758,1,-0.426758,1,-0.302222,0,-0.320733,1,y3
18,2.01204819277108,-0.431696,1,-0.431696,1,-0.302222,0,-0.320733,1,y3
18,2.07228915662651,-0.456378,1,-0.456378,1,-0.302222,0,-0.320733,1,y3
18,2.13253012048193,-0.481003,1,-0.481003,1,-0.302222,0,-0.320733,1,y3
18,2.19277108433735,-0.50545,1,-0.50545,1,-0.302222,0,-0.320733,1,y3
18,2.25301204819277,-0.529438,1,-0.529438,1,-0.302222,0,-0.320733,1,y3
18,2.31325301204819,-0.552409,1,-0.552409,1,-0.302222,0,-0.320733,1,y3
18,2.37349397590361,-0.573377,1,-0.573377,1,-0.302222,0,-0.320733,1,y3
18,2.43373493975904,-0.590755,1,-0.590755,1,-0.302222,0,-0.320733,1,y3
18,2.49397590361446,-0.602225,1,-0.602225,1,-0.302222,0,-0.320733,1,y3
18,2.55421686746988,-0.604754,1,-0.604754,1,-0.302222,0,-0.320733,1,y3
18,2.6144578313253,-0.594915,1,-0.594915,1,-0.302222,0,-0.320733,1,y3
18,2.67469879518072,-0.569652,1,-0.569652,1,-0.322768,1,-0.320733,1,y3
18,2.73493975903614,-0.527119,1,-0.527119,1,-0.34742,1,-0.342183,1,y3
18,2.79518072289157,-0.467496,1,-0.467496,1,-0.371794,1,-0.366835,1,y3
18,2.85542168674699,-0.392956,1,-0.392956,1,-0.395198,1,-0.391216,1,y3
18,2.91566265060241,-0.306964,0,-0.306964,0,-0.416199,1,-0.414662,1,y3
18,2.97590361445783,-0.213338,0,-0.213338,0,-0.432355,1,-0.435803,1,y3
18,3,-0.174543,0,-0.174543,0,-0.436716,1,-0.443142,1,y3
18,3.03614457831325,-0.115522,0,-0.115522,0,-0.440208,1,-0.452384,1,y3
18,3.09638554216868,-0.0162881,0,-0.0162881,0,-0.435634,1,-0.461185,1,y3
18,3.1566265060241,0.0822156,0,0.0822156,0,-0.414757,1,-0.458299,1,y3
18,3.21686746987952,0.178876,0,0.178876,0,-0.375263,1,-0.439952,1,y3
18,3.27710843373494,0.272838,0,0.272838,0,-0.317393,1,-0.403735,1,y3
18,3.33734939759036,0.363626,0,0.363626,0,-0.243899,0,-0.349551,1,y3
18,3.39759036144578,0.451056,0,0.451056,0,-0.159023,0,-0.279703,0,y3
18,3.45783132530121,0.535055,0,0.535055,0,-0.0672327,0,-0.198076,0,y3
18,3.51807228915663,0.615614,0,0.615614,0,0.0276795,0,-0.108928,0,y3
18,3.57831325301205,0.692779,0,0.692779,0,0.122842,0,-0.0160503,0,y3
18,3.63855421686747,0.766617,0,0.766617,0,0.21636,0,0.0776669,0,y3
18,3.69879518072289,0.837227,0,0.837227,0,0.307035,0,0.170204,0,y3
18,3.75903614457831,0.904736,0,0.904736,0,0.394219,0,0.260283,0,y3
18,3.81927710843373,0.969214,0,0.969214,0,0.477577,0,0.347159,0,y3
18,3.87951807228916,1.03082,0,1.03082,0,0.55701,0,0.430437,0,y3
18,3.93975903614458,1.0896,0,1.0896,0,0.632512,0,0.509961,0,y3
18,4,1.14567,0,1.14567,0,0.704185,0,0.585722,0,y3
18,4.06024096385542,1.19914,0,1.19914,0,0.772183,0,0.657804,0,y3
18,4.12048192771084,1.25003,0,1.25003,0,0.836688,0,0.726328,0,y3
18,4.18072289156626,1.29846,0,1.29846,0,0.897881,0,0.791445,0,y3
18,4.24096385542169,1.34447,0,1.34447,0,0.955937,0,0.853309,0,y3
18,4.30120481927711,1.38813,0,1.38813,0,1.01098,0,0.912045,0,y3
18,4.36144578313253,1.4295,0,1.4295,0,1.06313,0,0.967747,0,y3
18,4.42168674698795,1.46861,0,1.46861,0,1.11239,0,1.0205,0,y3
18,4.48192771084337,1.50553,0,1.50553,0,1.15878,0,1.07038,0,y3
18,4.54216867469879,1.54027,0,1.54027,0,1.20241,0,1.11751,0,y3
18,4.60240963855422,1.57291,0,1.57291,0,1.24337,0,1.16201,0,y3
18,4.66265060240964,1.60348,0,1.60348,0,1.28182,0,1.20394,0,y3
18,4.72289156626506,1.63201,0,1.63201,0,1.31785,0,1.2434,0,y3
18,4.78313253012048,1.65856,0,1.65856,0,1.35149,0,1.28046,0,y3
18,4.8433734939759,1.68317,0,1.68317,0,1.38274,0,1.31517,0,y3
18,4.90361445783132,1.70588,0,1.70588,0,1.41167,0,1.34763,0,y3
18,4.96385542168675,1.72674,0,1.72674,0,1.43837,0,1.37788,0,y3
18,5,1.73839,0,1.73839,0,1.45333,0,1.39501,0,y3
18,5.02409638554217,1.7458,0,1.7458,0,1.46287,0,1.40601,0,y3
18,5.08433734939759,1.76311,0,1.76311,0,1.4852,0,1.43205,0,y3
18,5.14457831325301,1.77873,0,1.77873,0,1.5054,0,1.45603,0,y3
18,5.20481927710843,1.7927,0,1.7927,0,1.52353,0,1.47803,0,y3
18,5.26506024096386,1.80509,0,1.80509,0,1.53963,0,1.49808,0,y3
18,5.32530120481928,1.81595,0,1.81595,0,1.55377,0,1.51621,0,y3
18,5.3855421686747,1.82533,0,1.82533,0,1.56594,0,1.53248,0,y3
18,5.44578313253012,1.83331,0,1.83331,0,1.57622,0,1.54693,0,y3
18,5.50602409638554,1.83993,0,1.83993,0,1.58464,0,1.55957,0,y3
18,5.56626506024096,1.84526,0,1.84526,0,1.59126,0,1.57044,0,y3
18,5.62650602409639,1.84935,0,1.84935,0,1.59612,0,1.57959,0,y3
18,5.68674698795181,1.85225,0,1.85225,0,1.59924,0,1.58706,0,y3
18,5.74698795180723,1.85404,0,1.85404,0,1.60069,0,1.59289,0,y3
18,5.80722891566265,1.85474,0,1.85474,0,1.60051,0,1.5971,0,y3
18,5.86746987951807,1.85444,0,1.85444,0,1.59876,0,1.59974,0,y3
18,5.92771084337349,1.85316,0,1.85316,0,1.59547,0,1.60086,0,y3
18,5.98795180722892,1.85097,0,1.85097,0,1.59069,0,1.60048,0,y3
18,6,1.85043,0,1.85043,0,1.58956,0,1.60023,0,y3
18,6.04819277108434,1.84791,0,1.84791,0,1.58449,0,1.59865,0,y3
18,6.10843373493976,1.84403,0,1.84403,0,1.57691,0,1.59541,0,y3
18,6.16867469879518,1.83937,0,1.83937,0,1.568,0,1.59081,0,y3
18,6.2289156626506,1.83397,0,1.83397,0,1.55783,0,1.58487,0,y3
18,6.28915662650602,1.82786,0,1.82786,0,1.54644,0,1.57766,0,y3
18,6.34939759036145,1.82108,0,1.82108,0,1.5339,0,1.5692,0,y3
18,6.40963855421687,1.81363,0,1.81363,0,1.52026,0,1.55955,0,y3
18,6.46987951807229,1.80554,0,1.80554,0,1.50558,0,1.54875,0,y3
18,6.53012048192771,1.7968,0,1.7968,0,1.48993,0,1.53684,0,y3
18,6.59036144578313,1.78745,0,1.78745,0,1.47336,0,1.52388,0,y3
18,6.65060240963855,1.77749,0,1.77749,0,1.45596,0,1.50991,0,y3
18,6.71084337349398,1.76693,0,1.76693,0,1.43778,0,1.495,0,y3
18,6.7710843373494,1.75581,0,1.75581,0,1.41886,0,1.47917,0,y3
18,6.83132530120482,1.74411,0,1.74411,0,1.39925,0,1.4625,0,y3
18,6.89156626506024,1.73188,0,1.73188,0,1.37904,0,1.44503,0,y3
18,6.95180722891566,1.7191,0,1.7191,0,1.35826,0,1.42682,0,y3
18,7,1.70851,0,1.70851,0,1.34128,0,1.41175,0,y3
18,7.01204819277108,1.70581,0,1.70581,0,1.33698,0,1.40791,0,y3
18,7.07228915662651,1.69201,0,1.69201,0,1.31524,0,1.38837,0,y3
18,7.13253012048193,1.67771,0,1.67771,0,1.2931,0,1.36824,0,y3
18,7.19277108433735,1.66294,0,1.66294,0,1.2706,0,1.34755,0,y3
18,7.25301204819277,1.64769,0,1.64769,0,1.24779,0,1.32639,0,y3
18,7.31325301204819,1.632,0,1.632,0,1.2247,0,1.30478,0,y3
18,7.37349397590361,1.61585,0,1.61585,0,1.20138,0,1.28275,0,y3
18,7.43373493975904,1.59928,0,1.59928,0,1.17786,0,1.26039,0,y3
18,7.49397590361446,1.5823,0,1.5823,0,1.15417,0,1.23771,0,y3
18,7.55421686746988,1.5649,0,1.5649,0,1.13033,0,1.21474,0,y3
18,7.6144578313253,1.54712,0,1.54712,0,1.10637,0,1.19154,0,y3
18,7.67469879518072,1.52895,0,1.52895,0,1.0823,0,1.16812,0,y3
18,7.73493975903614,1.51042,0,1.51042,0,1.05814,0,1.14452,0,y3
18,7.79518072289157,1.49153,0,1.49153,0,1.03391,0,1.12077,0,y3
18,7.85542168674699,1.47229,0,1.47229,0,1.00961,0,1.09689,0,y3
18,7.91566265060241,1.45273,0,1.45273,0,0.985261,0,1.07289,0,y3
18,7.97590361445783,1.43284,0,1.43284,0,0.960866,0,1.04879,0,y3
18,8,1.4248,0,1.4248,0,0.951097,0,1.03912,0,y3
18,8.03614457831325,1.41265,0,1.41265,0,0.936433,0,1.0246,0,y3
18,8.09638554216867,1.39216,0,1.39216,0,0.911968,0,1.00034,0,y3
18,8.1566265060241,1.3714,0,1.3714,0,0.887476,0,0.976022,0,y3
18,8.21686746987952,1.35037,0,1.35037,0,0.862959,0,0.951653,0,y3
18,8.27710843373494,1.32908,0,1.32908,0,0.838423,0,0.927241,0,y3
18,8.33734939759036,1.30754,0,1.30754,0,0.813869,0,0.902794,0,y3
18,8.39759036144578,1.28578,0,1.28578,0,0.789301,0,0.878317,0,y3
18,8.45783132530121,1.26379,0,1.26379,0,0.76472,0,0.853814,0,y3
18,8.51807228915663,1.24161,0,1.24161,0,0.740129,0,0.829287,0,y3
18,8.57831325301205,1.21922,0,1.21922,0,0.715528,0,0.804742,0,y3
18,8.63855421686747,1.19665,0,1.19665,0,0.690918,0,0.780181,0,y3
18,8.69879518072289,1.17391,0,1.17391,0,0.666301,0,0.755606,0,y3
18,8.75903614457831,1.15102,0,1.15102,0,0.641676,0,0.731019,0,y3
18,8.81927710843373,1.12797,0,1.12797,0,0.617042,0,0.706423,0,y3
18,8.87951807228916,1.10478,0,1.10478,0,0.592403,0,0.681818,0,y3
18,8.93975903614458,1.08147,0,1.08147,0,0.567761,0,0.657205,0,y3
18,9,1.05803,0,1.05803,0,0.543115,0,0.632585,0,y3
18,9.06024096385542,1.03449,0,1.03449,0,0.518464,0,0.60796,0,y3
18,9.12048192771084,1.01085,0,1.01085,0,0.493811,0,0.583329,0,y3
18,9.18072289156627,0.987116,0,0.987116,0,0.469155,0,0.558694,0,y3
18,9.24096385542169,0.963299,0,0.963299,0,0.444497,0,0.534055,0,y3
18,9.30120481927711,0.939405,0,0.939405,0,0.419836,0,0.509412,0,y3
18,9.36144578313253,0.915442,0,0.915442,0,0.395174,0,0.484766,0,y3
18,9.42168674698795,0.891415,0,0.891415,0,0.370509,0,0.460118,0,y3
18,9.48192771084337,0.867331,0,0.867331,0,0.345843,0,0.435467,0,y3
18,9.54216867469879,0.843194,0,0.843194,0,0.321176,0,0.410813,0,y3
18,9.60240963855422,0.81901,0,0.81901,0,0.296508,0,0.386158,0,y3
18,9.66265060240964,0.794784,0,0.794784,0,0.271838,0,0.3615,0,y3
18,9.72289156626506,0.770517,0,0.770517,0,0.247167,0,0.336841,0,y3
18,9.78313253012048,0.746218,0,0.746218,0,0.222493,0,0.312181,0,y3
18,9.8433734939759,0.721888,0,0.721888,0,0.197819,0,0.28752,0,y3
18,9.90361445783133,0.697531,0,0.697531,0,0.173144,0,0.262857,0,y3
18,9.96385542168675,0.673151,0,0.673151,0,0.148468,0,0.238193,0,y3
18,10,0.658511,0,0.658511,0,0.133662,0,0.223394,0,y3
18,10.0240963855422,0.648747,0,0.648747,0,0.123785,0,0.213528,0,y3
18,10.0843373493976,0.624323,0,0.624323,0,0.099105,0,0.188862,0,y3
18,10.144578313253,0.599882,0,0.599882,0,0.0744359,0,0.164196,0,y3
18,10.2048192771084,0.575426,0,0.575426,0,0.0497669,0,0.139529,0,y3
18,10.2650602409639,0.550955,0,0.550955,0,0.0250961,0,0.114861,0,y3
18,10.3253012048193,0.526472,0,0.526472,0,0.000427395,0,0.0901926,0,y3
18,10.3855421686747,0.501977,0,0.501977,0,-0.0242441,0,0.0655236,0,y3
18,10.4457831325301,0.477473,0,0.477473,0,-0.0489141,0,0.0408542,0,y3
18,10.5060240963855,0.452959,0,0.452959,0,-0.0735847,0,0.0161843,0,y3
18,10.566265060241,0.428438,0,0.428438,0,-0.098257,0,-0.00848598,0,y3
18,10.6265060240964,0.403909,0,0.403909,0,-0.122927,0,-0.0331566,0,y3
18,10.6867469879518,0.379375,0,0.379375,0,-0.147601,0,-0.0578276,0,y3
18,10.7469879518072,0.354834,0,0.354834,0,-0.172276,0,-0.0824989,0,y3
18,10.8072289156626,0.330289,0,0.330289,0,-0.196951,0,-0.10717,0,y3
18,10.8674698795181,0.30574,0,0.30574,0,-0.221626,0,-0.131842,0,y3
18,10.9277108433735,0.281187,0,0.281187,0,-0.246302,0,-0.156515,0,y3
18,10.9879518072289,0.25663,0,0.25663,0,-0.270978,0,-0.181187,0,y3
18,11,0.251719,0,0.251719,0,-0.275913,0,-0.186121,0,y3
18,11.0481927710843,0.232071,0,0.232071,0,-0.295654,0,-0.205859,0,y3
18,11.1084337349398,0.20751,0,0.20751,0,-0.320331,1,-0.230532,0,y3
18,11.1686746987952,0.182946,0,0.182946,0,-0.345008,1,-0.255205,0,y3
18,11.2289156626506,0.158381,0,0.158381,0,-0.369684,1,-0.279878,0,y3
18,11.289156626506,0.133815,0,0.133815,0,-0.394361,1,-0.304551,0,y3
18,11.3493975903614,0.109247,0,0.109247,0,-0.419039,1,-0.329225,1,y3
18,11.4096385542169,0.084679,0,0.084679,0,-0.443716,1,-0.353898,1,y3
18,11.4698795180723,0.0601101,0,0.0601101,0,-0.468393,1,-0.378571,1,y3
18,11.5301204819277,0.0355412,0,0.0355412,0,-0.493071,1,-0.403244,1,y3
18,11.5903614457831,0.0109721,0,0.0109721,0,-0.517749,1,-0.427917,1,y3
18,11.6506024096386,-0.0135959,0,-0.0135959,0,-0.542426,1,-0.452591,1,y3
18,11.710843373494,-0.0381634,0,-0.0381634,0,-0.567104,1,-0.477264,1,y3
18,11.7710843373494,-0.0627305,0,-0.0627305,0,-0.591782,1,-0.501938,1,y3
18,11.8313253012048,-0.0872971,0,-0.0872971,0,-0.61646,1,-0.526612,1,y3
18,11.8915662650602,-0.111863,0,-0.111863,0,-0.641139,1,-0.551286,1,y3
18,11.9518072289157,-0.136428,0,-0.136428,0,-0.665817,1,-0.57596,1,y3
18,12,-0.156079,0,-0.156079,0,-0.685565,1,-0.595699,1,y3
18,12.0120481927711,-0.160991,0,-0.160991,0,-0.690504,1,-0.600634,1,y3
18,12.0722891566265,-0.185553,0,-0.185553,0,-0.715199,1,-0.625308,1,y3
18,12.1325301204819,-0.210112,0,-0.210112,0,-0.73995,1,-0.649982,1,y3
18,12.1927710843374,-0.23467,0,-0.23467,0,-0.76471,1,-0.674656,1,y3
18,12.2530120481928,-0.259226,0,-0.259226,0,-0.789416,1,-0.699331,1,y3
18,12.3132530120482,-0.283781,0,-0.283781,0,-0.814167,1,-0.724005,1,y3
18,12.3734939759036,-0.308333,0,-0.308333,0,-0.838927,1,-0.74868,1,y3
18,12.433734939759,-0.332881,1,-0.332881,1,-0.863623,1,-0.773357,1,y3
18,12.4939759036145,-0.357427,1,-0.357427,1,-0.888289,1,-0.798046,1,y3
18,12.5542168674699,-0.38197,1,-0.38197,1,-0.912944,1,-0.822743,1,y3
18,12.6144578313253,-0.406511,1,-0.406511,1,-0.937595,1,-0.847494,1,y3
18,12.6746987951807,-0.43105,1,-0.43105,1,-0.962255,1,-0.872235,1,y3
18,12.7349397590361,-0.455585,1,-0.455585,1,-0.986929,1,-0.896938,1,y3
18,12.7951807228916,-0.480116,1,-0.480116,1,-1.01159,1,-0.921691,1,y3
18,12.855421686747,-0.504642,1,-0.504642,1,-1.03624,1,-0.946428,1,y3
18,12.9156626506024,-0.529166,1,-0.529166,1,-1.06089,1,-0.971134,1,y3
18,12.9759036144578,-0.553687,1,-0.553687,1,-1.08555,1,-0.995889,1,y3
18,13,-0.563494,1,-0.563494,1,-1.09542,1,-1.00579,1,y3
18,13.0361445783133,-0.578203,1,-0.578203,1,-1.11022,1,-1.02062,1,y3
18,13.0963855421687,-0.602715,1,-0.602715,1,-1.13488,1,-1.04533,1,y3
18,13.1566265060241,-0.627223,1,-0.627223,1,-1.15953,1,-1.07009,1,y3
18,13.2168674698795,-0.651728,1,-0.651728,1,-1.18418,1,-1.09481,1,y3
18,13.2771084337349,-0.676229,1,-0.676229,1,-1.20885,1,-1.11953,1,y3
18,13.3373493975904,-0.700725,1,-0.700725,1,-1.23353,1,-1.14428,1,y3
18,13.3975903614458,-0.725217,1,-0.725217,1,-1.2582,1,-1.16901,1,y3
18,13.4578313253012,-0.749705,1,-0.749705,1,-1.28288,1,-1.19372,1,y3
18,13.5180722891566,-0.774188,1,-0.774188,1,-1.30756,1,-1.21848,1,y3
18,13.578313253012,-0.798666,1,-0.798666,1,-1.33223,1,-1.2432,1,y3
18,13.6385542168675,-0.82314,1,-0.82314,1,-1.35691,1,-1.26792,1,y3
18,13.6987951807229,-0.847608,1,-0.847608,1,-1.3816,1,-1.29268,1,y3
18,13.7590361445783,-0.872071,1,-0.872071,1,-1.40628,1,-1.31739,1,y3
18,13.8192771084337,-0.89653,1,-0.89653,1,-1.43096,1,-1.34212,1,y3
18,13.8795180722892,-0.920983,1,-0.920983,1,-1.45564,1,-1.36688,1,y3
18,13.9397590361446,-0.945431,1,-0.945431,1,-1.48033,1,-1.39159,1,y3
18,14,-0.969873,1,-0.969873,1,-1.50503,1,-1.41632,1,y3
