pwRes_abscissa,pwRes_cdf,iwRes_abscissa,iwRes_cdf,npde_abscissa,npde_cdf,split
-4,0,-4,0,-4,0,All
-3.53276,0.00255754,-3.54322,0.000255754,-2.67166,0.00255754,All
-2.39601,0.00511509,-3.50523,0.000511509,-2.33437,0.00511509,All
-2.32656,0.00767263,-3.41981,0.000767263,-2.03547,0.00767263,All
-2.29732,0.0102302,-3.33047,0.00102302,-1.90126,0.0102302,All
-2.28944,0.0127877,-3.32483,0.00127877,-1.80408,0.0127877,All
-1.64428,0.0153453,-3.26602,0.00153453,-1.46942,0.0153453,All
-1.42988,0.0179028,-3.1013,0.00179028,-1.36192,0.0179028,All
-1.39278,0.0204604,-3.08624,0.00204604,-1.32822,0.0204604,All
-1.39125,0.0230179,-3.07271,0.00230179,-1.32741,0.0230179,All
-1.36385,0.0255754,-3.03178,0.00255754,-1.30403,0.0255754,All
-1.36111,0.028133,-3.01651,0.0028133,-1.26519,0.028133,All
-1.25748,0.0306905,-3.01641,0.00306905,-1.20843,0.0306905,All
-1.18577,0.0332481,-2.98215,0.00332481,-1.19557,0.0332481,All
-1.14791,0.0358056,-2.9711,0.00358056,-1.1704,0.0358056,All
-1.11113,0.0383632,-2.9368,0.00383632,-1.14448,0.0383632,All
-1.08117,0.0409207,-2.93529,0.00409207,-1.13555,0.0409207,All
-1.03354,0.0434783,-2.91182,0.00434783,-1.13089,0.0434783,All
-1.03003,0.0460358,-2.87891,0.00460358,-1.13042,0.0460358,All
-1.02191,0.0485934,-2.87725,0.00485934,-1.11289,0.0485934,All
-1.00231,0.0511509,-2.80065,0.00511509,-1.11152,0.0511509,All
-0.99552,0.0537084,-2.75254,0.00537084,-1.09927,0.0537084,All
-0.983584,0.056266,-2.73297,0.0056266,-1.06167,0.056266,All
-0.973768,0.0588235,-2.73242,0.00588235,-1.05134,0.0588235,All
-0.973068,0.0613811,-2.70464,0.00613811,-1.04543,0.0613811,All
-0.968741,0.0639386,-2.68216,0.00639386,-1.01685,0.0639386,All
-0.956957,0.0664962,-2.6521,0.00664962,-1.01336,0.0664962,All
-0.950988,0.0690537,-2.63155,0.00690537,-0.996431,0.0690537,All
-0.934985,0.0716113,-2.61808,0.00716113,-0.993467,0.0716113,All
-0.917765,0.0741688,-2.58458,0.00741688,-0.944263,0.0741688,All
-0.909429,0.0767263,-2.56071,0.00767263,-0.942536,0.0767263,All
-0.862983,0.0792839,-2.53896,0.00792839,-0.916703,0.0792839,All
-0.851442,0.0818414,-2.52804,0.00818414,-0.909338,0.0818414,All
-0.848587,0.084399,-2.49205,0.0084399,-0.906541,0.084399,All
-0.840207,0.0869565,-2.48135,0.00869565,-0.903795,0.0869565,All
-0.834762,0.0895141,-2.47692,0.00895141,-0.895242,0.0895141,All
-0.829902,0.0920716,-2.46918,0.00920716,-0.892134,0.0920716,All
-0.826337,0.0946292,-2.46876,0.00946292,-0.8749,0.0946292,All
-0.812828,0.0971867,-2.46297,0.00971867,-0.870371,0.0971867,All
-0.806482,0.0997442,-2.44955,0.00997442,-0.864507,0.0997442,All
-0.790795,0.102302,-2.41133,0.0102302,-0.854802,0.102302,All
-0.782849,0.104859,-2.4076,0.0104859,-0.850145,0.104859,All
-0.774846,0.107417,-2.40411,0.0107417,-0.843107,0.107417,All
-0.774205,0.109974,-2.40082,0.0109974,-0.841399,0.109974,All
-0.77122,0.112532,-2.39988,0.0112532,-0.839966,0.112532,All
-0.76891,0.11509,-2.39769,0.011509,-0.829282,0.11509,All
-0.756342,0.117647,-2.39228,0.0117647,-0.815964,0.117647,All
-0.75351,0.120205,-2.38932,0.0120205,-0.809706,0.120205,All
-0.753506,0.122762,-2.37944,0.0122762,-0.800309,0.122762,All
-0.747401,0.12532,-2.34506,0.012532,-0.787197,0.12532,All
-0.745262,0.127877,-2.34497,0.0127877,-0.784021,0.127877,All
-0.737444,0.130435,-2.32714,0.0130435,-0.78204,0.130435,All
-0.734925,0.132992,-2.32621,0.0132992,-0.769893,0.132992,All
-0.700122,0.13555,-2.3207,0.013555,-0.766406,0.13555,All
-0.696334,0.138107,-2.31523,0.0138107,-0.756264,0.138107,All
-0.694946,0.140665,-2.31167,0.0140665,-0.753304,0.140665,All
-0.694579,0.143223,-2.28931,0.0143223,-0.74912,0.143223,All
-0.69215,0.14578,-2.28004,0.014578,-0.723167,0.14578,All
-0.660865,0.148338,-2.26485,0.0148338,-0.713593,0.148338,All
-0.652192,0.150895,-2.25668,0.0150895,-0.710939,0.150895,All
-0.638831,0.153453,-2.25279,0.0153453,-0.701842,0.153453,All
-0.631445,0.15601,-2.23903,0.015601,-0.701792,0.15601,All
-0.628637,0.158568,-2.22352,0.0158568,-0.681889,0.158568,All
-0.624901,0.161125,-2.19889,0.0161125,-0.660974,0.161125,All
-0.623179,0.163683,-2.18451,0.0163683,-0.657897,0.163683,All
-0.585098,0.16624,-2.18245,0.016624,-0.645655,0.16624,All
-0.564279,0.168798,-2.17952,0.0168798,-0.645654,0.168798,All
-0.561255,0.171355,-2.17025,0.0171355,-0.631835,0.171355,All
-0.561154,0.173913,-2.1673,0.0173913,-0.622809,0.173913,All
-0.548953,0.176471,-2.1423,0.0176471,-0.618326,0.176471,All
-0.528291,0.179028,-2.1411,0.0179028,-0.611519,0.179028,All
-0.523076,0.181586,-2.13782,0.0181586,-0.600197,0.181586,All
-0.507143,0.184143,-2.13739,0.0184143,-0.599595,0.184143,All
-0.501638,0.186701,-2.12142,0.0186701,-0.597539,0.186701,All
-0.487527,0.189258,-2.11298,0.0189258,-0.590057,0.189258,All
-0.474242,0.191816,-2.1123,0.0191816,-0.589944,0.191816,All
-0.46948,0.194373,-2.10362,0.0194373,-0.588304,0.194373,All
-0.464344,0.196931,-2.0993,0.0196931,-0.575352,0.196931,All
-0.452116,0.199488,-2.09915,0.0199488,-0.573802,0.199488,All
-0.451495,0.202046,-2.09712,0.0202046,-0.573374,0.202046,All
-0.447791,0.204604,-2.09506,0.0204604,-0.572175,0.204604,All
-0.439944,0.207161,-2.09293,0.0207161,-0.562889,0.207161,All
-0.439619,0.209719,-2.07681,0.0209719,-0.555247,0.209719,All
-0.434837,0.212276,-2.07051,0.0212276,-0.533936,0.212276,All
-0.429812,0.214834,-2.06821,0.0214834,-0.514052,0.214834,All
-0.427111,0.217391,-2.05981,0.0217391,-0.510985,0.217391,All
-0.42709,0.219949,-2.0595,0.0219949,-0.502809,0.219949,All
-0.424037,0.222506,-2.0542,0.0222506,-0.501768,0.222506,All
-0.423651,0.225064,-2.05347,0.0225064,-0.500579,0.225064,All
-0.417825,0.227621,-2.05005,0.0227621,-0.49582,0.227621,All
-0.416261,0.230179,-2.03644,0.0230179,-0.481971,0.230179,All
-0.413027,0.232737,-2.03599,0.0232737,-0.48164,0.232737,All
-0.413025,0.235294,-2.03533,0.0235294,-0.476849,0.235294,All
-0.412856,0.237852,-2.03054,0.0237852,-0.467628,0.237852,All
-0.409176,0.240409,-2.02043,0.0240409,-0.466608,0.240409,All
-0.399716,0.242967,-2.01928,0.0242967,-0.464213,0.242967,All
-0.393334,0.245524,-2.00739,0.0245524,-0.459093,0.245524,All
-0.391431,0.248082,-2.00628,0.0248082,-0.425324,0.248082,All
-0.381344,0.250639,-1.9981,0.0250639,-0.418095,0.250639,All
-0.372569,0.253197,-1.99808,0.0253197,-0.416567,0.253197,All
-0.352483,0.255754,-1.99058,0.0255754,-0.416216,0.255754,All
-0.350001,0.258312,-1.98162,0.0258312,-0.408786,0.258312,All
-0.34987,0.26087,-1.97738,0.026087,-0.404539,0.26087,All
-0.34881,0.263427,-1.9759,0.0263427,-0.40212,0.263427,All
-0.342234,0.265985,-1.96921,0.0265985,-0.401855,0.265985,All
-0.338641,0.268542,-1.95272,0.0268542,-0.401202,0.268542,All
-0.338237,0.2711,-1.92255,0.02711,-0.397311,0.2711,All
-0.336847,0.273657,-1.91953,0.0273657,-0.396186,0.273657,All
-0.333768,0.276215,-1.9165,0.0276215,-0.394402,0.276215,All
-0.325167,0.278772,-1.91627,0.0278772,-0.387526,0.278772,All
-0.322277,0.28133,-1.91494,0.028133,-0.379488,0.28133,All
-0.316318,0.283887,-1.89546,0.0283887,-0.370639,0.283887,All
-0.309994,0.286445,-1.889,0.0286445,-0.370265,0.286445,All
-0.307327,0.289003,-1.88835,0.0289003,-0.359578,0.289003,All
-0.298429,0.29156,-1.888,0.029156,-0.359229,0.29156,All
-0.296112,0.294118,-1.88446,0.0294118,-0.354053,0.294118,All
-0.295207,0.296675,-1.88396,0.0296675,-0.349708,0.296675,All
-0.289961,0.299233,-1.8742,0.0299233,-0.348779,0.299233,All
-0.280663,0.30179,-1.86744,0.030179,-0.339636,0.30179,All
-0.278123,0.304348,-1.86512,0.0304348,-0.337169,0.304348,All
-0.277655,0.306905,-1.86026,0.0306905,-0.330696,0.306905,All
-0.274375,0.309463,-1.85641,0.0309463,-0.315244,0.309463,All
-0.274247,0.31202,-1.85077,0.031202,-0.307843,0.31202,All
-0.259507,0.314578,-1.84992,0.0314578,-0.300538,0.314578,All
-0.248864,0.317136,-1.84097,0.0317136,-0.300484,0.317136,All
-0.235318,0.319693,-1.83974,0.0319693,-0.2994,0.319693,All
-0.229569,0.322251,-1.83705,0.0322251,-0.292921,0.322251,All
-0.228083,0.324808,-1.83535,0.0324808,-0.289326,0.324808,All
-0.225826,0.327366,-1.83369,0.0327366,-0.288611,0.327366,All
-0.224103,0.329923,-1.82735,0.0329923,-0.281766,0.329923,All
-0.208376,0.332481,-1.82703,0.0332481,-0.280906,0.332481,All
-0.204944,0.335038,-1.82177,0.0335038,-0.26972,0.335038,All
-0.199977,0.337596,-1.81885,0.0337596,-0.260512,0.337596,All
-0.190721,0.340153,-1.81659,0.0340153,-0.257394,0.340153,All
-0.179948,0.342711,-1.81635,0.0342711,-0.256844,0.342711,All
-0.175447,0.345269,-1.80927,0.0345269,-0.251629,0.345269,All
-0.175236,0.347826,-1.80734,0.0347826,-0.248995,0.347826,All
-0.167908,0.350384,-1.80454,0.0350384,-0.24753,0.350384,All
-0.167609,0.352941,-1.80321,0.0352941,-0.24592,0.352941,All
-0.166377,0.355499,-1.8024,0.0355499,-0.228666,0.355499,All
-0.152561,0.358056,-1.79466,0.0358056,-0.225649,0.358056,All
-0.148583,0.360614,-1.79398,0.0360614,-0.224839,0.360614,All
-0.138735,0.363171,-1.78603,0.0363171,-0.20792,0.363171,All
-0.133756,0.365729,-1.77851,0.0365729,-0.203052,0.365729,All
-0.129332,0.368286,-1.77259,0.0368286,-0.19315,0.368286,All
-0.127944,0.370844,-1.76783,0.0370844,-0.185991,0.370844,All
-0.127315,0.373402,-1.76515,0.0373402,-0.185983,0.373402,All
-0.122874,0.375959,-1.76116,0.0375959,-0.184022,0.375959,All
-0.114964,0.378517,-1.75264,0.0378517,-0.177775,0.378517,All
-0.112886,0.381074,-1.75153,0.0381074,-0.177563,0.381074,All
-0.110438,0.383632,-1.74574,0.0383632,-0.176173,0.383632,All
-0.0949908,0.386189,-1.74515,0.0386189,-0.157325,0.386189,All
-0.0942833,0.388747,-1.74406,0.0388747,-0.150462,0.388747,All
-0.0928068,0.391304,-1.74317,0.0391304,-0.145395,0.391304,All
-0.0887938,0.393862,-1.74216,0.0393862,-0.144799,0.393862,All
-0.0881545,0.396419,-1.72245,0.0396419,-0.139149,0.396419,All
-0.0754275,0.398977,-1.71925,0.0398977,-0.131534,0.398977,All
-0.0727511,0.401535,-1.71696,0.0401535,-0.119021,0.401535,All
-0.0724233,0.404092,-1.71617,0.0404092,-0.112212,0.404092,All
-0.0696911,0.40665,-1.71384,0.040665,-0.0936333,0.40665,All
-0.0684788,0.409207,-1.71288,0.0409207,-0.0930154,0.409207,All
-0.0638523,0.411765,-1.69898,0.0411765,-0.0797778,0.411765,All
-0.0635233,0.414322,-1.69073,0.0414322,-0.0667542,0.414322,All
-0.0570289,0.41688,-1.68932,0.041688,-0.0567414,0.41688,All
-0.0474273,0.419437,-1.6865,0.0419437,-0.0228713,0.419437,All
-0.0295747,0.421995,-1.68585,0.0421995,-0.0221345,0.421995,All
-0.00748887,0.424552,-1.68553,0.0424552,-0.00546029,0.424552,All
-0.00425567,0.42711,-1.68275,0.042711,-0.00343683,0.42711,All
0.00389517,0.429668,-1.68239,0.0429668,-5.35061e-05,0.429668,All
0.0180473,0.432225,-1.67543,0.0432225,0.00023062,0.432225,All
0.0218154,0.434783,-1.67392,0.0434783,0.00538219,0.434783,All
0.0232976,0.43734,-1.67271,0.043734,0.00720163,0.43734,All
0.0467096,0.439898,-1.66401,0.0439898,0.00918206,0.439898,All
0.0477709,0.442455,-1.66292,0.0442455,0.0092445,0.442455,All
0.0558957,0.445013,-1.65947,0.0445013,0.0239317,0.445013,All
0.0605445,0.44757,-1.65298,0.044757,0.030916,0.44757,All
0.0633502,0.450128,-1.64644,0.0450128,0.0334046,0.450128,All
0.0652057,0.452685,-1.63835,0.0452685,0.0353584,0.452685,All
0.0780508,0.455243,-1.63622,0.0455243,0.0367885,0.455243,All
0.0794143,0.457801,-1.63533,0.0457801,0.0450631,0.457801,All
0.0879775,0.460358,-1.63385,0.0460358,0.0470586,0.460358,All
0.0978569,0.462916,-1.63316,0.0462916,0.0492398,0.462916,All
0.103222,0.465473,-1.62821,0.0465473,0.0560662,0.465473,All
0.10572,0.468031,-1.62441,0.0468031,0.0579423,0.468031,All
0.106659,0.470588,-1.62433,0.0470588,0.0598588,0.470588,All
0.1251,0.473146,-1.62373,0.0473146,0.0822156,0.473146,All
0.127325,0.475703,-1.61943,0.0475703,0.0832484,0.475703,All
0.132971,0.478261,-1.61822,0.0478261,0.0893603,0.478261,All
0.137952,0.480818,-1.6162,0.0480818,0.0909389,0.480818,All
0.149158,0.483376,-1.61234,0.0483376,0.0946407,0.483376,All
0.159602,0.485934,-1.61224,0.0485934,0.0969118,0.485934,All
0.165118,0.488491,-1.60626,0.0488491,0.0989552,0.488491,All
0.179197,0.491049,-1.60473,0.0491049,0.10739,0.491049,All
0.179357,0.493606,-1.60065,0.0493606,0.120431,0.493606,All
0.185031,0.496164,-1.59756,0.0496164,0.123443,0.496164,All
0.188192,0.498721,-1.59506,0.0498721,0.137314,0.498721,All
0.192061,0.501279,-1.59443,0.0501279,0.139482,0.501279,All
0.192748,0.503836,-1.5901,0.0503836,0.143861,0.503836,All
0.199568,0.506394,-1.58537,0.0506394,0.149857,0.506394,All
0.209743,0.508951,-1.585,0.0508951,0.150963,0.508951,All
0.220989,0.511509,-1.58464,0.0511509,0.150968,0.511509,All
0.231643,0.514066,-1.58389,0.0514066,0.163674,0.514066,All
0.23202,0.516624,-1.57767,0.0516624,0.166643,0.516624,All
0.232203,0.519182,-1.5761,0.0519182,0.173821,0.519182,All
0.232442,0.521739,-1.57581,0.0521739,0.177321,0.521739,All
0.23814,0.524297,-1.57204,0.0524297,0.180311,0.524297,All
0.243932,0.526854,-1.57085,0.0526854,0.182321,0.526854,All
0.248688,0.529412,-1.56607,0.0529412,0.186003,0.529412,All
0.256316,0.531969,-1.56341,0.0531969,0.202861,0.531969,All
0.26135,0.534527,-1.56128,0.0534527,0.202863,0.534527,All
0.262576,0.537084,-1.56063,0.0537084,0.203732,0.537084,All
0.263089,0.539642,-1.55794,0.0539642,0.204634,0.539642,All
0.277682,0.542199,-1.55728,0.0542199,0.20469,0.542199,All
0.279847,0.544757,-1.55486,0.0544757,0.207039,0.544757,All
0.284093,0.547315,-1.54992,0.0547315,0.239288,0.547315,All
0.284191,0.549872,-1.54737,0.0549872,0.24157,0.549872,All
0.292868,0.55243,-1.54497,0.055243,0.249286,0.55243,All
0.293261,0.554987,-1.54132,0.0554987,0.270941,0.554987,All
0.295811,0.557545,-1.53922,0.0557545,0.274073,0.557545,All
0.301341,0.560102,-1.53736,0.0560102,0.279432,0.560102,All
0.321023,0.56266,-1.53625,0.056266,0.289028,0.56266,All
0.329021,0.565217,-1.53513,0.0565217,0.309687,0.565217,All
0.332799,0.567775,-1.53399,0.0567775,0.311295,0.567775,All
0.352979,0.570332,-1.53276,0.0570332,0.321909,0.570332,All
0.354927,0.57289,-1.53191,0.057289,0.322693,0.57289,All
0.361981,0.575448,-1.53139,0.0575448,0.323661,0.575448,All
0.364102,0.578005,-1.52922,0.0578005,0.328162,0.578005,All
0.365942,0.580563,-1.52798,0.0580563,0.329652,0.580563,All
0.374745,0.58312,-1.52659,0.058312,0.333547,0.58312,All
0.385343,0.585678,-1.52029,0.0585678,0.341738,0.585678,All
0.398202,0.588235,-1.51904,0.0588235,0.344325,0.588235,All
0.402361,0.590793,-1.51816,0.0590793,0.367945,0.590793,All
0.410081,0.59335,-1.51785,0.059335,0.378415,0.59335,All
0.417298,0.595908,-1.51422,0.0595908,0.382272,0.595908,All
0.417396,0.598465,-1.51391,0.0598465,0.382656,0.598465,All
0.421431,0.601023,-1.51345,0.0601023,0.394125,0.601023,All
0.422907,0.603581,-1.50699,0.0603581,0.408305,0.603581,All
0.425629,0.606138,-1.50653,0.0606138,0.41359,0.606138,All
0.443126,0.608696,-1.50334,0.0608696,0.432686,0.608696,All
0.45062,0.611253,-1.50263,0.0611253,0.440229,0.611253,All
0.461859,0.613811,-1.50149,0.0613811,0.443621,0.613811,All
0.463338,0.616368,-1.50014,0.0616368,0.446187,0.616368,All
0.466451,0.618926,-1.49795,0.0618926,0.450677,0.618926,All
0.467509,0.621483,-1.49415,0.0621483,0.451261,0.621483,All
0.473638,0.624041,-1.49328,0.0624041,0.461386,0.624041,All
0.478541,0.626598,-1.49089,0.0626598,0.476305,0.626598,All
0.479209,0.629156,-1.49036,0.0629156,0.477637,0.629156,All
0.483822,0.631714,-1.48618,0.0631714,0.481822,0.631714,All
0.487962,0.634271,-1.48604,0.0634271,0.485288,0.634271,All
0.489404,0.636829,-1.4742,0.0636829,0.488105,0.636829,All
0.490016,0.639386,-1.4704,0.0639386,0.491238,0.639386,All
0.491534,0.641944,-1.46514,0.0641944,0.491816,0.641944,All
0.496108,0.644501,-1.46397,0.0644501,0.494655,0.644501,All
0.507424,0.647059,-1.46394,0.0647059,0.497477,0.647059,All
0.507617,0.649616,-1.46377,0.0649616,0.497636,0.649616,All
0.513338,0.652174,-1.46294,0.0652174,0.5005,0.652174,All
0.518139,0.654731,-1.46144,0.0654731,0.502093,0.654731,All
0.523284,0.657289,-1.45947,0.0657289,0.502609,0.657289,All
0.531082,0.659847,-1.45813,0.0659847,0.510269,0.659847,All
0.532857,0.662404,-1.45556,0.0662404,0.518593,0.662404,All
0.533223,0.664962,-1.4499,0.0664962,0.521768,0.664962,All
0.53509,0.667519,-1.44818,0.0667519,0.524233,0.667519,All
0.536817,0.670077,-1.44635,0.0670077,0.526705,0.670077,All
0.554187,0.672634,-1.44377,0.0672634,0.533902,0.672634,All
0.558463,0.675192,-1.44204,0.0675192,0.54544,0.675192,All
0.561694,0.677749,-1.4412,0.0677749,0.564111,0.677749,All
0.569528,0.680307,-1.43952,0.0680307,0.585319,0.680307,All
0.586479,0.682864,-1.43499,0.0682864,0.592351,0.682864,All
0.587602,0.685422,-1.4342,0.0685422,0.595673,0.685422,All
0.588967,0.68798,-1.43391,0.068798,0.601603,0.68798,All
0.592772,0.690537,-1.42988,0.0690537,0.604065,0.690537,All
0.593645,0.693095,-1.42741,0.0693095,0.615492,0.693095,All
0.600561,0.695652,-1.42567,0.0695652,0.616689,0.695652,All
0.602001,0.69821,-1.42247,0.069821,0.617518,0.69821,All
0.60248,0.700767,-1.41464,0.0700767,0.626049,0.700767,All
0.602847,0.703325,-1.40882,0.0703325,0.630318,0.703325,All
0.619336,0.705882,-1.40831,0.0705882,0.633981,0.705882,All
0.623062,0.70844,-1.40663,0.070844,0.636234,0.70844,All
0.626731,0.710997,-1.4044,0.0710997,0.636266,0.710997,All
0.631898,0.713555,-1.40224,0.0713555,0.641189,0.713555,All
0.632955,0.716113,-1.3997,0.0716113,0.651605,0.716113,All
0.633738,0.71867,-1.39911,0.071867,0.662962,0.71867,All
0.635494,0.721228,-1.39542,0.0721228,0.667031,0.721228,All
0.641188,0.723785,-1.39532,0.0723785,0.668663,0.723785,All
0.642851,0.726343,-1.39048,0.0726343,0.683582,0.726343,All
0.657035,0.7289,-1.38437,0.07289,0.685936,0.7289,All
0.664998,0.731458,-1.3838,0.0731458,0.700443,0.731458,All
0.674739,0.734015,-1.38339,0.0734015,0.702478,0.734015,All
0.678119,0.736573,-1.38279,0.0736573,0.71066,0.736573,All
0.681525,0.73913,-1.38248,0.073913,0.714777,0.73913,All
0.683833,0.741688,-1.38141,0.0741688,0.716497,0.741688,All
0.684469,0.744246,-1.38117,0.0744246,0.719687,0.744246,All
0.691769,0.746803,-1.37366,0.0746803,0.722016,0.746803,All
0.696605,0.749361,-1.37351,0.0749361,0.735843,0.749361,All
0.702208,0.751918,-1.37288,0.0751918,0.736959,0.751918,All
0.726879,0.754476,-1.37116,0.0754476,0.746821,0.754476,All
0.730034,0.757033,-1.36361,0.0757033,0.756684,0.757033,All
0.736482,0.759591,-1.36129,0.0759591,0.772642,0.759591,All
0.739334,0.762148,-1.3602,0.0762148,0.778142,0.762148,All
0.751191,0.764706,-1.35917,0.0764706,0.781171,0.764706,All
0.773044,0.767263,-1.35451,0.0767263,0.784943,0.767263,All
0.77416,0.769821,-1.35166,0.0769821,0.787882,0.769821,All
0.774438,0.772379,-1.35126,0.0772379,0.788924,0.772379,All
0.774495,0.774936,-1.34715,0.0774936,0.796308,0.774936,All
0.775333,0.777494,-1.34687,0.0777494,0.801723,0.777494,All
0.776534,0.780051,-1.34275,0.0780051,0.801971,0.780051,All
0.778071,0.782609,-1.33874,0.0782609,0.803437,0.782609,All
0.780916,0.785166,-1.33829,0.0785166,0.808048,0.785166,All
0.785951,0.787724,-1.3375,0.0787724,0.808324,0.787724,All
0.792152,0.790281,-1.33714,0.0790281,0.809112,0.790281,All
0.794032,0.792839,-1.33634,0.0792839,0.809714,0.792839,All
0.796679,0.795396,-1.33236,0.0795396,0.815217,0.795396,All
0.814774,0.797954,-1.32823,0.0797954,0.825353,0.797954,All
0.815233,0.800512,-1.32699,0.0800512,0.838192,0.800512,All
0.827439,0.803069,-1.32611,0.0803069,0.845688,0.803069,All
0.829309,0.805627,-1.32345,0.0805627,0.850469,0.805627,All
0.840467,0.808184,-1.31266,0.0808184,0.851889,0.808184,All
0.851641,0.810742,-1.31138,0.0810742,0.879322,0.810742,All
0.852976,0.813299,-1.31113,0.0813299,0.88578,0.813299,All
0.857404,0.815857,-1.31048,0.0815857,0.888929,0.815857,All
0.863227,0.818414,-1.31023,0.0818414,0.890881,0.818414,All
0.869032,0.820972,-1.3089,0.0820972,0.893925,0.820972,All
0.902464,0.823529,-1.30662,0.0823529,0.9059,0.823529,All
0.915074,0.826087,-1.30626,0.0826087,0.92144,0.826087,All
0.916639,0.828645,-1.30491,0.0828645,0.923514,0.828645,All
0.918214,0.831202,-1.30253,0.0831202,0.948955,0.831202,All
0.935156,0.83376,-1.30244,0.083376,0.957876,0.83376,All
0.935678,0.836317,-1.30109,0.0836317,0.963185,0.836317,All
0.954135,0.838875,-1.30027,0.0838875,0.983571,0.838875,All
0.971408,0.841432,-1.29133,0.0841432,0.995993,0.841432,All
0.990914,0.84399,-1.2909,0.084399,1.01568,0.84399,All
0.992668,0.846547,-1.29041,0.0846547,1.03996,0.846547,All
1.01568,0.849105,-1.29031,0.0849105,1.05357,0.849105,All
1.02292,0.851662,-1.29003,0.0851662,1.06337,0.851662,All
1.02665,0.85422,-1.2886,0.085422,1.07454,0.85422,All
1.0444,0.856777,-1.28747,0.0856777,1.08675,0.856777,All
1.04911,0.859335,-1.28609,0.0859335,1.10986,0.859335,All
1.06963,0.861893,-1.28358,0.0861893,1.11188,0.861893,All
1.07056,0.86445,-1.28312,0.086445,1.11944,0.86445,All
1.07309,0.867008,-1.27992,0.0867008,1.12756,0.867008,All
1.07792,0.869565,-1.27626,0.0869565,1.13245,0.869565,All
1.09689,0.872123,-1.27465,0.0872123,1.14219,0.872123,All
1.11777,0.87468,-1.2719,0.087468,1.14261,0.87468,All
1.12538,0.877238,-1.27116,0.0877238,1.14881,0.877238,All
1.14187,0.879795,-1.26901,0.0879795,1.16955,0.879795,All
1.14518,0.882353,-1.26897,0.0882353,1.17037,0.882353,All
1.14838,0.88491,-1.26824,0.088491,1.24069,0.88491,All
1.15482,0.887468,-1.26677,0.0887468,1.24325,0.887468,All
1.16267,0.890026,-1.26414,0.0890026,1.24362,0.890026,All
1.17372,0.892583,-1.26175,0.0892583,1.25704,0.892583,All
1.17563,0.895141,-1.26014,0.0895141,1.28065,0.895141,All
1.18234,0.897698,-1.25912,0.0897698,1.32079,0.897698,All
1.18655,0.900256,-1.25799,0.0900256,1.32456,0.900256,All
1.20847,0.902813,-1.25653,0.0902813,1.32569,0.902813,All
1.22933,0.905371,-1.25624,0.0905371,1.34561,0.905371,All
1.2541,0.907928,-1.25328,0.0907928,1.3479,0.907928,All
1.26509,0.910486,-1.25131,0.0910486,1.37174,0.910486,All
1.27489,0.913043,-1.25105,0.0913043,1.38812,0.913043,All
1.28964,0.915601,-1.24973,0.0915601,1.39445,0.915601,All
1.29253,0.918159,-1.24017,0.0918159,1.40704,0.918159,All
1.2942,0.920716,-1.24009,0.0920716,1.41092,0.920716,All
1.295,0.923274,-1.23944,0.0923274,1.43126,0.923274,All
1.30727,0.925831,-1.23928,0.0925831,1.44415,0.925831,All
1.34546,0.928389,-1.2389,0.0928389,1.45455,0.928389,All
1.38899,0.930946,-1.23863,0.0930946,1.45638,0.930946,All
1.39765,0.933504,-1.23804,0.0933504,1.46991,0.933504,All
1.41886,0.936061,-1.23729,0.0936061,1.49178,0.936061,All
1.43076,0.938619,-1.23569,0.0938619,1.50928,0.938619,All
1.43228,0.941176,-1.23547,0.0941176,1.53213,0.941176,All
1.44052,0.943734,-1.23332,0.0943734,1.54528,0.943734,All
1.44993,0.946292,-1.23188,0.0946292,1.55669,0.946292,All
1.46436,0.948849,-1.2299,0.0948849,1.56746,0.948849,All
1.49171,0.951407,-1.22969,0.0951407,1.59389,0.951407,All
1.51777,0.953964,-1.22351,0.0953964,1.64201,0.953964,All
1.53246,0.956522,-1.22116,0.0956522,1.64633,0.956522,All
1.55631,0.959079,-1.21868,0.0959079,1.66534,0.959079,All
1.57464,0.961637,-1.21719,0.0961637,1.68984,0.961637,All
1.61414,0.964194,-1.21517,0.0964194,1.72736,0.964194,All
1.67117,0.966752,-1.21408,0.0966752,1.73986,0.966752,All
1.67573,0.969309,-1.21293,0.0969309,1.79679,0.969309,All
1.68046,0.971867,-1.21247,0.0971867,1.81044,0.971867,All
1.68574,0.974425,-1.21048,0.0974425,1.81651,0.974425,All
1.69548,0.976982,-1.20946,0.0976982,1.84857,0.976982,All
1.69745,0.97954,-1.20941,0.097954,1.88217,0.97954,All
1.72026,0.982097,-1.20929,0.0982097,1.94119,0.982097,All
1.85275,0.984655,-1.20777,0.0984655,2.10778,0.984655,All
1.85535,0.987212,-1.20548,0.0987212,2.16672,0.987212,All
1.97437,0.98977,-1.20188,0.098977,2.21267,0.98977,All
1.99625,0.992327,-1.20087,0.0992327,2.33372,0.992327,All
2.26325,0.994885,-1.20001,0.0994885,2.39293,0.994885,All
2.32968,0.997442,-1.19925,0.0997442,2.52766,0.997442,All
3.10345,1,-1.1987,0.1,2.5753,1,All
4,1,-1.19718,0.100256,4,1,All
,,-1.19456,0.100512,,,All
,,-1.19428,0.100767,,,All
,,-1.19325,0.101023,,,All
,,-1.19146,0.101279,,,All
,,-1.19046,0.101535,,,All
,,-1.19029,0.10179,,,All
,,-1.18895,0.102046,,,All
,,-1.18675,0.102302,,,All
,,-1.18269,0.102558,,,All
,,-1.1808,0.102813,,,All
,,-1.17973,0.103069,,,All
,,-1.17545,0.103325,,,All
,,-1.16909,0.103581,,,All
,,-1.16791,0.103836,,,All
,,-1.16728,0.104092,,,All
,,-1.1659,0.104348,,,All
,,-1.16543,0.104604,,,All
,,-1.16376,0.104859,,,All
,,-1.16262,0.105115,,,All
,,-1.16133,0.105371,,,All
,,-1.16073,0.105627,,,All
,,-1.16014,0.105882,,,All
,,-1.15892,0.106138,,,All
,,-1.15507,0.106394,,,All
,,-1.15484,0.10665,,,All
,,-1.15433,0.106905,,,All
,,-1.15375,0.107161,,,All
,,-1.15108,0.107417,,,All
,,-1.14934,0.107673,,,All
,,-1.14677,0.107928,,,All
,,-1.14673,0.108184,,,All
,,-1.14662,0.10844,,,All
,,-1.14661,0.108696,,,All
,,-1.14611,0.108951,,,All
,,-1.14492,0.109207,,,All
,,-1.14272,0.109463,,,All
,,-1.14205,0.109719,,,All
,,-1.14172,0.109974,,,All
,,-1.14069,0.11023,,,All
,,-1.13882,0.110486,,,All
,,-1.13759,0.110742,,,All
,,-1.13162,0.110997,,,All
,,-1.13136,0.111253,,,All
,,-1.12694,0.111509,,,All
,,-1.12472,0.111765,,,All
,,-1.12281,0.11202,,,All
,,-1.12058,0.112276,,,All
,,-1.12008,0.112532,,,All
,,-1.11905,0.112788,,,All
,,-1.11881,0.113043,,,All
,,-1.11375,0.113299,,,All
,,-1.11326,0.113555,,,All
,,-1.11216,0.113811,,,All
,,-1.107,0.114066,,,All
,,-1.10646,0.114322,,,All
,,-1.10628,0.114578,,,All
,,-1.10584,0.114834,,,All
,,-1.10513,0.11509,,,All
,,-1.10501,0.115345,,,All
,,-1.10446,0.115601,,,All
,,-1.10439,0.115857,,,All
,,-1.10274,0.116113,,,All
,,-1.1023,0.116368,,,All
,,-1.10165,0.116624,,,All
,,-1.10077,0.11688,,,All
,,-1.09609,0.117136,,,All
,,-1.09386,0.117391,,,All
,,-1.08962,0.117647,,,All
,,-1.0875,0.117903,,,All
,,-1.08696,0.118159,,,All
,,-1.08688,0.118414,,,All
,,-1.08576,0.11867,,,All
,,-1.083,0.118926,,,All
,,-1.08201,0.119182,,,All
,,-1.08057,0.119437,,,All
,,-1.08051,0.119693,,,All
,,-1.07999,0.119949,,,All
,,-1.07869,0.120205,,,All
,,-1.07718,0.12046,,,All
,,-1.07698,0.120716,,,All
,,-1.07637,0.120972,,,All
,,-1.07214,0.121228,,,All
,,-1.07107,0.121483,,,All
,,-1.07093,0.121739,,,All
,,-1.06745,0.121995,,,All
,,-1.06677,0.122251,,,All
,,-1.05975,0.122506,,,All
,,-1.05689,0.122762,,,All
,,-1.05601,0.123018,,,All
,,-1.05361,0.123274,,,All
,,-1.05244,0.123529,,,All
,,-1.05172,0.123785,,,All
,,-1.05022,0.124041,,,All
,,-1.0499,0.124297,,,All
,,-1.04911,0.124552,,,All
,,-1.04838,0.124808,,,All
,,-1.04825,0.125064,,,All
,,-1.04579,0.12532,,,All
,,-1.04475,0.125575,,,All
,,-1.04331,0.125831,,,All
,,-1.03834,0.126087,,,All
,,-1.03764,0.126343,,,All
,,-1.03742,0.126598,,,All
,,-1.03183,0.126854,,,All
,,-1.03104,0.12711,,,All
,,-1.028,0.127366,,,All
,,-1.02726,0.127621,,,All
,,-1.02681,0.127877,,,All
,,-1.02586,0.128133,,,All
,,-1.02492,0.128389,,,All
,,-1.02439,0.128645,,,All
,,-1.02358,0.1289,,,All
,,-1.02162,0.129156,,,All
,,-1.02161,0.129412,,,All
,,-1.02041,0.129668,,,All
,,-1.01923,0.129923,,,All
,,-1.01833,0.130179,,,All
,,-1.01563,0.130435,,,All
,,-1.01551,0.130691,,,All
,,-1.01519,0.130946,,,All
,,-1.01514,0.131202,,,All
,,-1.01497,0.131458,,,All
,,-1.01468,0.131714,,,All
,,-1.01179,0.131969,,,All
,,-1.01163,0.132225,,,All
,,-1.01162,0.132481,,,All
,,-1.01012,0.132737,,,All
,,-1.00773,0.132992,,,All
,,-1.00642,0.133248,,,All
,,-1.00391,0.133504,,,All
,,-1.00322,0.13376,,,All
,,-1.0021,0.134015,,,All
,,-0.999318,0.134271,,,All
,,-0.998931,0.134527,,,All
,,-0.998311,0.134783,,,All
,,-0.997877,0.135038,,,All
,,-0.995977,0.135294,,,All
,,-0.995501,0.13555,,,All
,,-0.994978,0.135806,,,All
,,-0.994315,0.136061,,,All
,,-0.992823,0.136317,,,All
,,-0.9916,0.136573,,,All
,,-0.990356,0.136829,,,All
,,-0.986518,0.137084,,,All
,,-0.986268,0.13734,,,All
,,-0.985123,0.137596,,,All
,,-0.983062,0.137852,,,All
,,-0.982804,0.138107,,,All
,,-0.979084,0.138363,,,All
,,-0.978763,0.138619,,,All
,,-0.97628,0.138875,,,All
,,-0.974115,0.13913,,,All
,,-0.971074,0.139386,,,All
,,-0.969737,0.139642,,,All
,,-0.969684,0.139898,,,All
,,-0.969301,0.140153,,,All
,,-0.968359,0.140409,,,All
,,-0.967061,0.140665,,,All
,,-0.963051,0.140921,,,All
,,-0.960982,0.141176,,,All
,,-0.960637,0.141432,,,All
,,-0.960246,0.141688,,,All
,,-0.958992,0.141944,,,All
,,-0.957734,0.142199,,,All
,,-0.956767,0.142455,,,All
,,-0.955838,0.142711,,,All
,,-0.954797,0.142967,,,All
,,-0.954238,0.143223,,,All
,,-0.952927,0.143478,,,All
,,-0.952209,0.143734,,,All
,,-0.95192,0.14399,,,All
,,-0.950572,0.144246,,,All
,,-0.949567,0.144501,,,All
,,-0.947484,0.144757,,,All
,,-0.946561,0.145013,,,All
,,-0.946152,0.145269,,,All
,,-0.945715,0.145524,,,All
,,-0.943952,0.14578,,,All
,,-0.942929,0.146036,,,All
,,-0.942923,0.146292,,,All
,,-0.942622,0.146547,,,All
,,-0.940578,0.146803,,,All
,,-0.938089,0.147059,,,All
,,-0.93555,0.147315,,,All
,,-0.934838,0.14757,,,All
,,-0.929265,0.147826,,,All
,,-0.927887,0.148082,,,All
,,-0.927615,0.148338,,,All
,,-0.921658,0.148593,,,All
,,-0.917977,0.148849,,,All
,,-0.91727,0.149105,,,All
,,-0.916863,0.149361,,,All
,,-0.916832,0.149616,,,All
,,-0.915152,0.149872,,,All
,,-0.914718,0.150128,,,All
,,-0.91388,0.150384,,,All
,,-0.91151,0.150639,,,All
,,-0.910391,0.150895,,,All
,,-0.904595,0.151151,,,All
,,-0.903138,0.151407,,,All
,,-0.902915,0.151662,,,All
,,-0.902806,0.151918,,,All
,,-0.902103,0.152174,,,All
,,-0.900916,0.15243,,,All
,,-0.900239,0.152685,,,All
,,-0.897659,0.152941,,,All
,,-0.897352,0.153197,,,All
,,-0.896591,0.153453,,,All
,,-0.89467,0.153708,,,All
,,-0.894471,0.153964,,,All
,,-0.89366,0.15422,,,All
,,-0.893072,0.154476,,,All
,,-0.891823,0.154731,,,All
,,-0.891018,0.154987,,,All
,,-0.890549,0.155243,,,All
,,-0.889888,0.155499,,,All
,,-0.889563,0.155754,,,All
,,-0.889555,0.15601,,,All
,,-0.888342,0.156266,,,All
,,-0.887018,0.156522,,,All
,,-0.886203,0.156777,,,All
,,-0.88558,0.157033,,,All
,,-0.885515,0.157289,,,All
,,-0.88037,0.157545,,,All
,,-0.880013,0.157801,,,All
,,-0.879116,0.158056,,,All
,,-0.878804,0.158312,,,All
,,-0.87817,0.158568,,,All
,,-0.8777,0.158824,,,All
,,-0.875832,0.159079,,,All
,,-0.874955,0.159335,,,All
,,-0.873372,0.159591,,,All
,,-0.872386,0.159847,,,All
,,-0.8723,0.160102,,,All
,,-0.868897,0.160358,,,All
,,-0.868532,0.160614,,,All
,,-0.868342,0.16087,,,All
,,-0.866688,0.161125,,,All
,,-0.865001,0.161381,,,All
,,-0.863927,0.161637,,,All
,,-0.863753,0.161893,,,All
,,-0.862396,0.162148,,,All
,,-0.862319,0.162404,,,All
,,-0.861986,0.16266,,,All
,,-0.860035,0.162916,,,All
,,-0.85827,0.163171,,,All
,,-0.858106,0.163427,,,All
,,-0.857853,0.163683,,,All
,,-0.857221,0.163939,,,All
,,-0.85605,0.164194,,,All
,,-0.854908,0.16445,,,All
,,-0.854387,0.164706,,,All
,,-0.854353,0.164962,,,All
,,-0.853361,0.165217,,,All
,,-0.852959,0.165473,,,All
,,-0.850252,0.165729,,,All
,,-0.849654,0.165985,,,All
,,-0.849485,0.16624,,,All
,,-0.848027,0.166496,,,All
,,-0.847525,0.166752,,,All
,,-0.847374,0.167008,,,All
,,-0.847039,0.167263,,,All
,,-0.846527,0.167519,,,All
,,-0.846194,0.167775,,,All
,,-0.845591,0.168031,,,All
,,-0.845477,0.168286,,,All
,,-0.844009,0.168542,,,All
,,-0.842924,0.168798,,,All
,,-0.840871,0.169054,,,All
,,-0.839415,0.169309,,,All
,,-0.839362,0.169565,,,All
,,-0.838445,0.169821,,,All
,,-0.838018,0.170077,,,All
,,-0.837489,0.170332,,,All
,,-0.837239,0.170588,,,All
,,-0.836195,0.170844,,,All
,,-0.835843,0.1711,,,All
,,-0.835734,0.171355,,,All
,,-0.833076,0.171611,,,All
,,-0.832877,0.171867,,,All
,,-0.830318,0.172123,,,All
,,-0.829929,0.172379,,,All
,,-0.829119,0.172634,,,All
,,-0.828801,0.17289,,,All
,,-0.827868,0.173146,,,All
,,-0.827205,0.173402,,,All
,,-0.826613,0.173657,,,All
,,-0.826343,0.173913,,,All
,,-0.825676,0.174169,,,All
,,-0.825406,0.174425,,,All
,,-0.824828,0.17468,,,All
,,-0.823051,0.174936,,,All
,,-0.819811,0.175192,,,All
,,-0.818801,0.175448,,,All
,,-0.818734,0.175703,,,All
,,-0.817626,0.175959,,,All
,,-0.81683,0.176215,,,All
,,-0.81413,0.176471,,,All
,,-0.81316,0.176726,,,All
,,-0.812673,0.176982,,,All
,,-0.811391,0.177238,,,All
,,-0.811358,0.177494,,,All
,,-0.810648,0.177749,,,All
,,-0.810101,0.178005,,,All
,,-0.810007,0.178261,,,All
,,-0.809865,0.178517,,,All
,,-0.809056,0.178772,,,All
,,-0.807608,0.179028,,,All
,,-0.807228,0.179284,,,All
,,-0.804774,0.17954,,,All
,,-0.804466,0.179795,,,All
,,-0.804194,0.180051,,,All
,,-0.802384,0.180307,,,All
,,-0.802246,0.180563,,,All
,,-0.801953,0.180818,,,All
,,-0.801606,0.181074,,,All
,,-0.801379,0.18133,,,All
,,-0.800286,0.181586,,,All
,,-0.800039,0.181841,,,All
,,-0.800016,0.182097,,,All
,,-0.799973,0.182353,,,All
,,-0.79938,0.182609,,,All
,,-0.799174,0.182864,,,All
,,-0.798392,0.18312,,,All
,,-0.798002,0.183376,,,All
,,-0.797169,0.183632,,,All
,,-0.796482,0.183887,,,All
,,-0.796164,0.184143,,,All
,,-0.795624,0.184399,,,All
,,-0.795433,0.184655,,,All
,,-0.795035,0.18491,,,All
,,-0.794851,0.185166,,,All
,,-0.792621,0.185422,,,All
,,-0.792086,0.185678,,,All
,,-0.79178,0.185934,,,All
,,-0.791514,0.186189,,,All
,,-0.790532,0.186445,,,All
,,-0.789363,0.186701,,,All
,,-0.788777,0.186957,,,All
,,-0.787705,0.187212,,,All
,,-0.787114,0.187468,,,All
,,-0.786669,0.187724,,,All
,,-0.78649,0.18798,,,All
,,-0.785763,0.188235,,,All
,,-0.785309,0.188491,,,All
,,-0.784359,0.188747,,,All
,,-0.783004,0.189003,,,All
,,-0.782765,0.189258,,,All
,,-0.782523,0.189514,,,All
,,-0.781473,0.18977,,,All
,,-0.780745,0.190026,,,All
,,-0.780483,0.190281,,,All
,,-0.779869,0.190537,,,All
,,-0.778935,0.190793,,,All
,,-0.778912,0.191049,,,All
,,-0.778762,0.191304,,,All
,,-0.777376,0.19156,,,All
,,-0.776153,0.191816,,,All
,,-0.775541,0.192072,,,All
,,-0.775292,0.192327,,,All
,,-0.772309,0.192583,,,All
,,-0.771409,0.192839,,,All
,,-0.770059,0.193095,,,All
,,-0.767635,0.19335,,,All
,,-0.764331,0.193606,,,All
,,-0.762404,0.193862,,,All
,,-0.762334,0.194118,,,All
,,-0.761927,0.194373,,,All
,,-0.760862,0.194629,,,All
,,-0.76059,0.194885,,,All
,,-0.760349,0.195141,,,All
,,-0.757328,0.195396,,,All
,,-0.757323,0.195652,,,All
,,-0.757319,0.195908,,,All
,,-0.757122,0.196164,,,All
,,-0.757043,0.196419,,,All
,,-0.756957,0.196675,,,All
,,-0.753548,0.196931,,,All
,,-0.752237,0.197187,,,All
,,-0.751658,0.197442,,,All
,,-0.751278,0.197698,,,All
,,-0.749007,0.197954,,,All
,,-0.74899,0.19821,,,All
,,-0.748326,0.198465,,,All
,,-0.747958,0.198721,,,All
,,-0.747925,0.198977,,,All
,,-0.747323,0.199233,,,All
,,-0.745494,0.199488,,,All
,,-0.745394,0.199744,,,All
,,-0.744572,0.2,,,All
,,-0.743069,0.200256,,,All
,,-0.741547,0.200512,,,All
,,-0.740506,0.200767,,,All
,,-0.739677,0.201023,,,All
,,-0.738819,0.201279,,,All
,,-0.738013,0.201535,,,All
,,-0.736393,0.20179,,,All
,,-0.734907,0.202046,,,All
,,-0.734891,0.202302,,,All
,,-0.734507,0.202558,,,All
,,-0.732453,0.202813,,,All
,,-0.731381,0.203069,,,All
,,-0.730019,0.203325,,,All
,,-0.729722,0.203581,,,All
,,-0.729537,0.203836,,,All
,,-0.729517,0.204092,,,All
,,-0.729357,0.204348,,,All
,,-0.726996,0.204604,,,All
,,-0.726867,0.204859,,,All
,,-0.726423,0.205115,,,All
,,-0.725686,0.205371,,,All
,,-0.725393,0.205627,,,All
,,-0.724829,0.205882,,,All
,,-0.724478,0.206138,,,All
,,-0.722976,0.206394,,,All
,,-0.721694,0.20665,,,All
,,-0.721694,0.206905,,,All
,,-0.720853,0.207161,,,All
,,-0.720741,0.207417,,,All
,,-0.719971,0.207673,,,All
,,-0.719209,0.207928,,,All
,,-0.717841,0.208184,,,All
,,-0.717143,0.20844,,,All
,,-0.716067,0.208696,,,All
,,-0.715681,0.208951,,,All
,,-0.708999,0.209207,,,All
,,-0.708722,0.209463,,,All
,,-0.707543,0.209719,,,All
,,-0.707067,0.209974,,,All
,,-0.705302,0.21023,,,All
,,-0.704827,0.210486,,,All
,,-0.703073,0.210742,,,All
,,-0.701173,0.210997,,,All
,,-0.69868,0.211253,,,All
,,-0.697651,0.211509,,,All
,,-0.697366,0.211765,,,All
,,-0.696505,0.21202,,,All
,,-0.695718,0.212276,,,All
,,-0.695589,0.212532,,,All
,,-0.695048,0.212788,,,All
,,-0.694452,0.213043,,,All
,,-0.69423,0.213299,,,All
,,-0.693798,0.213555,,,All
,,-0.692409,0.213811,,,All
,,-0.690917,0.214066,,,All
,,-0.690106,0.214322,,,All
,,-0.688687,0.214578,,,All
,,-0.688358,0.214834,,,All
,,-0.68727,0.21509,,,All
,,-0.681106,0.215345,,,All
,,-0.680186,0.215601,,,All
,,-0.679992,0.215857,,,All
,,-0.678951,0.216113,,,All
,,-0.678811,0.216368,,,All
,,-0.677119,0.216624,,,All
,,-0.676946,0.21688,,,All
,,-0.676142,0.217136,,,All
,,-0.675631,0.217391,,,All
,,-0.675469,0.217647,,,All
,,-0.674915,0.217903,,,All
,,-0.67333,0.218159,,,All
,,-0.672753,0.218414,,,All
,,-0.672748,0.21867,,,All
,,-0.672437,0.218926,,,All
,,-0.669409,0.219182,,,All
,,-0.668703,0.219437,,,All
,,-0.668313,0.219693,,,All
,,-0.668168,0.219949,,,All
,,-0.667432,0.220205,,,All
,,-0.666977,0.22046,,,All
,,-0.665442,0.220716,,,All
,,-0.661874,0.220972,,,All
,,-0.661117,0.221228,,,All
,,-0.660599,0.221483,,,All
,,-0.660557,0.221739,,,All
,,-0.659627,0.221995,,,All
,,-0.65961,0.222251,,,All
,,-0.658339,0.222506,,,All
,,-0.657799,0.222762,,,All
,,-0.657649,0.223018,,,All
,,-0.657648,0.223274,,,All
,,-0.656843,0.223529,,,All
,,-0.655037,0.223785,,,All
,,-0.654435,0.224041,,,All
,,-0.654084,0.224297,,,All
,,-0.652396,0.224552,,,All
,,-0.651682,0.224808,,,All
,,-0.649907,0.225064,,,All
,,-0.64711,0.22532,,,All
,,-0.645554,0.225575,,,All
,,-0.644633,0.225831,,,All
,,-0.644532,0.226087,,,All
,,-0.644521,0.226343,,,All
,,-0.643429,0.226598,,,All
,,-0.64317,0.226854,,,All
,,-0.643106,0.22711,,,All
,,-0.641405,0.227366,,,All
,,-0.641152,0.227621,,,All
,,-0.63848,0.227877,,,All
,,-0.63695,0.228133,,,All
,,-0.635439,0.228389,,,All
,,-0.634358,0.228645,,,All
,,-0.634118,0.2289,,,All
,,-0.634103,0.229156,,,All
,,-0.631519,0.229412,,,All
,,-0.631206,0.229668,,,All
,,-0.631183,0.229923,,,All
,,-0.630614,0.230179,,,All
,,-0.63029,0.230435,,,All
,,-0.628887,0.230691,,,All
,,-0.628472,0.230946,,,All
,,-0.626204,0.231202,,,All
,,-0.626065,0.231458,,,All
,,-0.62494,0.231714,,,All
,,-0.623978,0.231969,,,All
,,-0.623642,0.232225,,,All
,,-0.623077,0.232481,,,All
,,-0.622719,0.232737,,,All
,,-0.622398,0.232992,,,All
,,-0.62081,0.233248,,,All
,,-0.620672,0.233504,,,All
,,-0.618813,0.23376,,,All
,,-0.618779,0.234015,,,All
,,-0.618674,0.234271,,,All
,,-0.618544,0.234527,,,All
,,-0.61758,0.234783,,,All
,,-0.616559,0.235038,,,All
,,-0.616353,0.235294,,,All
,,-0.615674,0.23555,,,All
,,-0.615631,0.235806,,,All
,,-0.613894,0.236061,,,All
,,-0.612236,0.236317,,,All
,,-0.611084,0.236573,,,All
,,-0.610657,0.236829,,,All
,,-0.610279,0.237084,,,All
,,-0.607758,0.23734,,,All
,,-0.606319,0.237596,,,All
,,-0.606319,0.237852,,,All
,,-0.605952,0.238107,,,All
,,-0.604192,0.238363,,,All
,,-0.603542,0.238619,,,All
,,-0.603061,0.238875,,,All
,,-0.601872,0.23913,,,All
,,-0.60117,0.239386,,,All
,,-0.600381,0.239642,,,All
,,-0.599978,0.239898,,,All
,,-0.599228,0.240153,,,All
,,-0.599177,0.240409,,,All
,,-0.598839,0.240665,,,All
,,-0.598018,0.240921,,,All
,,-0.596287,0.241176,,,All
,,-0.595477,0.241432,,,All
,,-0.59542,0.241688,,,All
,,-0.594877,0.241944,,,All
,,-0.594425,0.242199,,,All
,,-0.593754,0.242455,,,All
,,-0.593012,0.242711,,,All
,,-0.591372,0.242967,,,All
,,-0.591195,0.243223,,,All
,,-0.590737,0.243478,,,All
,,-0.590449,0.243734,,,All
,,-0.589877,0.24399,,,All
,,-0.588733,0.244246,,,All
,,-0.587716,0.244501,,,All
,,-0.587175,0.244757,,,All
,,-0.585945,0.245013,,,All
,,-0.584212,0.245269,,,All
,,-0.583955,0.245524,,,All
,,-0.579986,0.24578,,,All
,,-0.579858,0.246036,,,All
,,-0.579533,0.246292,,,All
,,-0.575948,0.246547,,,All
,,-0.574803,0.246803,,,All
,,-0.574601,0.247059,,,All
,,-0.574445,0.247315,,,All
,,-0.574019,0.24757,,,All
,,-0.57392,0.247826,,,All
,,-0.573064,0.248082,,,All
,,-0.572814,0.248338,,,All
,,-0.572812,0.248593,,,All
,,-0.571997,0.248849,,,All
,,-0.571743,0.249105,,,All
,,-0.570965,0.249361,,,All
,,-0.570489,0.249616,,,All
,,-0.570097,0.249872,,,All
,,-0.568773,0.250128,,,All
,,-0.56869,0.250384,,,All
,,-0.566988,0.250639,,,All
,,-0.566418,0.250895,,,All
,,-0.564994,0.251151,,,All
,,-0.563411,0.251407,,,All
,,-0.562938,0.251662,,,All
,,-0.559582,0.251918,,,All
,,-0.55936,0.252174,,,All
,,-0.559248,0.25243,,,All
,,-0.557984,0.252685,,,All
,,-0.557082,0.252941,,,All
,,-0.55633,0.253197,,,All
,,-0.55515,0.253453,,,All
,,-0.553382,0.253708,,,All
,,-0.553198,0.253964,,,All
,,-0.552168,0.25422,,,All
,,-0.550591,0.254476,,,All
,,-0.548822,0.254731,,,All
,,-0.548674,0.254987,,,All
,,-0.548242,0.255243,,,All
,,-0.548166,0.255499,,,All
,,-0.548037,0.255754,,,All
,,-0.547929,0.25601,,,All
,,-0.547528,0.256266,,,All
,,-0.547131,0.256522,,,All
,,-0.546959,0.256777,,,All
,,-0.546203,0.257033,,,All
,,-0.543138,0.257289,,,All
,,-0.539825,0.257545,,,All
,,-0.536376,0.257801,,,All
,,-0.535661,0.258056,,,All
,,-0.534929,0.258312,,,All
,,-0.534385,0.258568,,,All
,,-0.533231,0.258824,,,All
,,-0.53314,0.259079,,,All
,,-0.532864,0.259335,,,All
,,-0.531477,0.259591,,,All
,,-0.531394,0.259847,,,All
,,-0.531141,0.260102,,,All
,,-0.531023,0.260358,,,All
,,-0.530758,0.260614,,,All
,,-0.530657,0.26087,,,All
,,-0.530375,0.261125,,,All
,,-0.530025,0.261381,,,All
,,-0.528732,0.261637,,,All
,,-0.527007,0.261893,,,All
,,-0.52616,0.262148,,,All
,,-0.525876,0.262404,,,All
,,-0.524406,0.26266,,,All
,,-0.524098,0.262916,,,All
,,-0.52273,0.263171,,,All
,,-0.522023,0.263427,,,All
,,-0.521147,0.263683,,,All
,,-0.52076,0.263939,,,All
,,-0.514649,0.264194,,,All
,,-0.513118,0.26445,,,All
,,-0.512255,0.264706,,,All
,,-0.511408,0.264962,,,All
,,-0.509473,0.265217,,,All
,,-0.509255,0.265473,,,All
,,-0.50907,0.265729,,,All
,,-0.507162,0.265985,,,All
,,-0.504392,0.26624,,,All
,,-0.502422,0.266496,,,All
,,-0.501145,0.266752,,,All
,,-0.500138,0.267008,,,All
,,-0.50013,0.267263,,,All
,,-0.499071,0.267519,,,All
,,-0.498046,0.267775,,,All
,,-0.497679,0.268031,,,All
,,-0.497517,0.268286,,,All
,,-0.496543,0.268542,,,All
,,-0.491521,0.268798,,,All
,,-0.487206,0.269054,,,All
,,-0.483387,0.269309,,,All
,,-0.482272,0.269565,,,All
,,-0.482251,0.269821,,,All
,,-0.48155,0.270077,,,All
,,-0.481061,0.270332,,,All
,,-0.478557,0.270588,,,All
,,-0.478427,0.270844,,,All
,,-0.476988,0.2711,,,All
,,-0.475693,0.271355,,,All
,,-0.475423,0.271611,,,All
,,-0.473035,0.271867,,,All
,,-0.47296,0.272123,,,All
,,-0.472204,0.272379,,,All
,,-0.468993,0.272634,,,All
,,-0.468232,0.27289,,,All
,,-0.467387,0.273146,,,All
,,-0.466279,0.273402,,,All
,,-0.465344,0.273657,,,All
,,-0.461759,0.273913,,,All
,,-0.461503,0.274169,,,All
,,-0.459556,0.274425,,,All
,,-0.459006,0.27468,,,All
,,-0.458265,0.274936,,,All
,,-0.457437,0.275192,,,All
,,-0.453813,0.275448,,,All
,,-0.453185,0.275703,,,All
,,-0.452639,0.275959,,,All
,,-0.452197,0.276215,,,All
,,-0.451341,0.276471,,,All
,,-0.450828,0.276726,,,All
,,-0.45044,0.276982,,,All
,,-0.448628,0.277238,,,All
,,-0.448104,0.277494,,,All
,,-0.447913,0.277749,,,All
,,-0.446238,0.278005,,,All
,,-0.445778,0.278261,,,All
,,-0.444651,0.278517,,,All
,,-0.443926,0.278772,,,All
,,-0.44292,0.279028,,,All
,,-0.440085,0.279284,,,All
,,-0.438189,0.27954,,,All
,,-0.436776,0.279795,,,All
,,-0.433196,0.280051,,,All
,,-0.432635,0.280307,,,All
,,-0.431159,0.280563,,,All
,,-0.43056,0.280818,,,All
,,-0.428102,0.281074,,,All
,,-0.425823,0.28133,,,All
,,-0.425561,0.281586,,,All
,,-0.425539,0.281841,,,All
,,-0.424982,0.282097,,,All
,,-0.424649,0.282353,,,All
,,-0.424586,0.282609,,,All
,,-0.424022,0.282864,,,All
,,-0.423613,0.28312,,,All
,,-0.423362,0.283376,,,All
,,-0.423353,0.283632,,,All
,,-0.422519,0.283887,,,All
,,-0.422402,0.284143,,,All
,,-0.420779,0.284399,,,All
,,-0.418773,0.284655,,,All
,,-0.418758,0.28491,,,All
,,-0.418754,0.285166,,,All
,,-0.418334,0.285422,,,All
,,-0.418173,0.285678,,,All
,,-0.417253,0.285934,,,All
,,-0.417071,0.286189,,,All
,,-0.416759,0.286445,,,All
,,-0.416172,0.286701,,,All
,,-0.415324,0.286957,,,All
,,-0.41484,0.287212,,,All
,,-0.41473,0.287468,,,All
,,-0.414512,0.287724,,,All
,,-0.414322,0.28798,,,All
,,-0.412859,0.288235,,,All
,,-0.41281,0.288491,,,All
,,-0.411092,0.288747,,,All
,,-0.409181,0.289003,,,All
,,-0.408339,0.289258,,,All
,,-0.404858,0.289514,,,All
,,-0.403413,0.28977,,,All
,,-0.402722,0.290026,,,All
,,-0.401614,0.290281,,,All
,,-0.400133,0.290537,,,All
,,-0.398803,0.290793,,,All
,,-0.396771,0.291049,,,All
,,-0.394951,0.291304,,,All
,,-0.394824,0.29156,,,All
,,-0.393144,0.291816,,,All
,,-0.392548,0.292072,,,All
,,-0.392205,0.292327,,,All
,,-0.392135,0.292583,,,All
,,-0.389328,0.292839,,,All
,,-0.388144,0.293095,,,All
,,-0.387435,0.29335,,,All
,,-0.386676,0.293606,,,All
,,-0.384236,0.293862,,,All
,,-0.3833,0.294118,,,All
,,-0.383006,0.294373,,,All
,,-0.381575,0.294629,,,All
,,-0.38059,0.294885,,,All
,,-0.380226,0.295141,,,All
,,-0.379629,0.295396,,,All
,,-0.379042,0.295652,,,All
,,-0.378247,0.295908,,,All
,,-0.377402,0.296164,,,All
,,-0.376259,0.296419,,,All
,,-0.375436,0.296675,,,All
,,-0.372842,0.296931,,,All
,,-0.371912,0.297187,,,All
,,-0.371493,0.297442,,,All
,,-0.370851,0.297698,,,All
,,-0.370807,0.297954,,,All
,,-0.369962,0.29821,,,All
,,-0.369298,0.298465,,,All
,,-0.368478,0.298721,,,All
,,-0.367147,0.298977,,,All
,,-0.366685,0.299233,,,All
,,-0.366023,0.299488,,,All
,,-0.364647,0.299744,,,All
,,-0.364049,0.3,,,All
,,-0.363738,0.300256,,,All
,,-0.362999,0.300512,,,All
,,-0.362134,0.300767,,,All
,,-0.361478,0.301023,,,All
,,-0.361101,0.301279,,,All
,,-0.361069,0.301535,,,All
,,-0.357783,0.30179,,,All
,,-0.357696,0.302046,,,All
,,-0.35687,0.302302,,,All
,,-0.356335,0.302558,,,All
,,-0.35605,0.302813,,,All
,,-0.355997,0.303069,,,All
,,-0.355896,0.303325,,,All
,,-0.355124,0.303581,,,All
,,-0.35303,0.303836,,,All
,,-0.352164,0.304092,,,All
,,-0.352136,0.304348,,,All
,,-0.351413,0.304604,,,All
,,-0.350939,0.304859,,,All
,,-0.350281,0.305115,,,All
,,-0.35017,0.305371,,,All
,,-0.349935,0.305627,,,All
,,-0.349029,0.305882,,,All
,,-0.34653,0.306138,,,All
,,-0.346414,0.306394,,,All
,,-0.345111,0.30665,,,All
,,-0.3449,0.306905,,,All
,,-0.344502,0.307161,,,All
,,-0.344348,0.307417,,,All
,,-0.343774,0.307673,,,All
,,-0.343648,0.307928,,,All
,,-0.343293,0.308184,,,All
,,-0.342201,0.30844,,,All
,,-0.34084,0.308696,,,All
,,-0.339995,0.308951,,,All
,,-0.33922,0.309207,,,All
,,-0.339218,0.309463,,,All
,,-0.338942,0.309719,,,All
,,-0.3388,0.309974,,,All
,,-0.337315,0.31023,,,All
,,-0.33553,0.310486,,,All
,,-0.335339,0.310742,,,All
,,-0.334877,0.310997,,,All
,,-0.334288,0.311253,,,All
,,-0.334113,0.311509,,,All
,,-0.333869,0.311765,,,All
,,-0.333809,0.31202,,,All
,,-0.333584,0.312276,,,All
,,-0.333055,0.312532,,,All
,,-0.332618,0.312788,,,All
,,-0.331645,0.313043,,,All
,,-0.331587,0.313299,,,All
,,-0.331214,0.313555,,,All
,,-0.331004,0.313811,,,All
,,-0.32943,0.314066,,,All
,,-0.329381,0.314322,,,All
,,-0.32831,0.314578,,,All
,,-0.327633,0.314834,,,All
,,-0.327106,0.31509,,,All
,,-0.326752,0.315345,,,All
,,-0.326573,0.315601,,,All
,,-0.325517,0.315857,,,All
,,-0.325131,0.316113,,,All
,,-0.32372,0.316368,,,All
,,-0.323529,0.316624,,,All
,,-0.323519,0.31688,,,All
,,-0.323456,0.317136,,,All
,,-0.322251,0.317391,,,All
,,-0.319685,0.317647,,,All
,,-0.31696,0.317903,,,All
,,-0.316939,0.318159,,,All
,,-0.316679,0.318414,,,All
,,-0.315242,0.31867,,,All
,,-0.314872,0.318926,,,All
,,-0.314133,0.319182,,,All
,,-0.31386,0.319437,,,All
,,-0.313765,0.319693,,,All
,,-0.311507,0.319949,,,All
,,-0.311373,0.320205,,,All
,,-0.310613,0.32046,,,All
,,-0.310318,0.320716,,,All
,,-0.308967,0.320972,,,All
,,-0.30791,0.321228,,,All
,,-0.307041,0.321483,,,All
,,-0.306454,0.321739,,,All
,,-0.306185,0.321995,,,All
,,-0.306134,0.322251,,,All
,,-0.305799,0.322506,,,All
,,-0.305191,0.322762,,,All
,,-0.304291,0.323018,,,All
,,-0.304139,0.323274,,,All
,,-0.303785,0.323529,,,All
,,-0.303553,0.323785,,,All
,,-0.301022,0.324041,,,All
,,-0.300362,0.324297,,,All
,,-0.300083,0.324552,,,All
,,-0.299682,0.324808,,,All
,,-0.298532,0.325064,,,All
,,-0.29805,0.32532,,,All
,,-0.297275,0.325575,,,All
,,-0.297263,0.325831,,,All
,,-0.296325,0.326087,,,All
,,-0.29606,0.326343,,,All
,,-0.295475,0.326598,,,All
,,-0.295167,0.326854,,,All
,,-0.294775,0.32711,,,All
,,-0.293805,0.327366,,,All
,,-0.293786,0.327621,,,All
,,-0.292089,0.327877,,,All
,,-0.291872,0.328133,,,All
,,-0.29146,0.328389,,,All
,,-0.290901,0.328645,,,All
,,-0.288016,0.3289,,,All
,,-0.287749,0.329156,,,All
,,-0.287149,0.329412,,,All
,,-0.285534,0.329668,,,All
,,-0.284773,0.329923,,,All
,,-0.282407,0.330179,,,All
,,-0.279028,0.330435,,,All
,,-0.277607,0.330691,,,All
,,-0.277511,0.330946,,,All
,,-0.27737,0.331202,,,All
,,-0.277183,0.331458,,,All
,,-0.277012,0.331714,,,All
,,-0.276853,0.331969,,,All
,,-0.276669,0.332225,,,All
,,-0.276544,0.332481,,,All
,,-0.276205,0.332737,,,All
,,-0.275935,0.332992,,,All
,,-0.275853,0.333248,,,All
,,-0.275719,0.333504,,,All
,,-0.274922,0.33376,,,All
,,-0.274437,0.334015,,,All
,,-0.272886,0.334271,,,All
,,-0.269773,0.334527,,,All
,,-0.269288,0.334783,,,All
,,-0.269011,0.335038,,,All
,,-0.268821,0.335294,,,All
,,-0.268171,0.33555,,,All
,,-0.267833,0.335806,,,All
,,-0.266775,0.336061,,,All
,,-0.266176,0.336317,,,All
,,-0.265145,0.336573,,,All
,,-0.264906,0.336829,,,All
,,-0.26474,0.337084,,,All
,,-0.264644,0.33734,,,All
,,-0.263766,0.337596,,,All
,,-0.262815,0.337852,,,All
,,-0.262328,0.338107,,,All
,,-0.26215,0.338363,,,All
,,-0.261406,0.338619,,,All
,,-0.260323,0.338875,,,All
,,-0.259807,0.33913,,,All
,,-0.25938,0.339386,,,All
,,-0.259096,0.339642,,,All
,,-0.258831,0.339898,,,All
,,-0.258573,0.340153,,,All
,,-0.257717,0.340409,,,All
,,-0.257546,0.340665,,,All
,,-0.256933,0.340921,,,All
,,-0.256651,0.341176,,,All
,,-0.256354,0.341432,,,All
,,-0.256219,0.341688,,,All
,,-0.254565,0.341944,,,All
,,-0.25303,0.342199,,,All
,,-0.25281,0.342455,,,All
,,-0.251126,0.342711,,,All
,,-0.250799,0.342967,,,All
,,-0.250645,0.343223,,,All
,,-0.250604,0.343478,,,All
,,-0.250012,0.343734,,,All
,,-0.249739,0.34399,,,All
,,-0.249547,0.344246,,,All
,,-0.248733,0.344501,,,All
,,-0.247704,0.344757,,,All
,,-0.242543,0.345013,,,All
,,-0.242167,0.345269,,,All
,,-0.241629,0.345524,,,All
,,-0.240398,0.34578,,,All
,,-0.239586,0.346036,,,All
,,-0.239186,0.346292,,,All
,,-0.239127,0.346547,,,All
,,-0.238366,0.346803,,,All
,,-0.237243,0.347059,,,All
,,-0.236536,0.347315,,,All
,,-0.23649,0.34757,,,All
,,-0.233405,0.347826,,,All
,,-0.2322,0.348082,,,All
,,-0.232008,0.348338,,,All
,,-0.230272,0.348593,,,All
,,-0.229432,0.348849,,,All
,,-0.229007,0.349105,,,All
,,-0.228828,0.349361,,,All
,,-0.228266,0.349616,,,All
,,-0.226737,0.349872,,,All
,,-0.225383,0.350128,,,All
,,-0.223988,0.350384,,,All
,,-0.223772,0.350639,,,All
,,-0.223682,0.350895,,,All
,,-0.223578,0.351151,,,All
,,-0.222839,0.351407,,,All
,,-0.222556,0.351662,,,All
,,-0.221658,0.351918,,,All
,,-0.220723,0.352174,,,All
,,-0.220666,0.35243,,,All
,,-0.220219,0.352685,,,All
,,-0.219851,0.352941,,,All
,,-0.219272,0.353197,,,All
,,-0.218165,0.353453,,,All
,,-0.216893,0.353708,,,All
,,-0.216259,0.353964,,,All
,,-0.215485,0.35422,,,All
,,-0.215316,0.354476,,,All
,,-0.213914,0.354731,,,All
,,-0.213786,0.354987,,,All
,,-0.213333,0.355243,,,All
,,-0.212517,0.355499,,,All
,,-0.21188,0.355754,,,All
,,-0.211213,0.35601,,,All
,,-0.210877,0.356266,,,All
,,-0.209503,0.356522,,,All
,,-0.209444,0.356777,,,All
,,-0.208804,0.357033,,,All
,,-0.208681,0.357289,,,All
,,-0.20628,0.357545,,,All
,,-0.206223,0.357801,,,All
,,-0.205758,0.358056,,,All
,,-0.205679,0.358312,,,All
,,-0.20567,0.358568,,,All
,,-0.205231,0.358824,,,All
,,-0.205204,0.359079,,,All
,,-0.20302,0.359335,,,All
,,-0.202558,0.359591,,,All
,,-0.202405,0.359847,,,All
,,-0.201934,0.360102,,,All
,,-0.201095,0.360358,,,All
,,-0.19992,0.360614,,,All
,,-0.199004,0.36087,,,All
,,-0.198779,0.361125,,,All
,,-0.197981,0.361381,,,All
,,-0.196741,0.361637,,,All
,,-0.196703,0.361893,,,All
,,-0.196677,0.362148,,,All
,,-0.196485,0.362404,,,All
,,-0.196451,0.36266,,,All
,,-0.196372,0.362916,,,All
,,-0.196115,0.363171,,,All
,,-0.195628,0.363427,,,All
,,-0.194797,0.363683,,,All
,,-0.194118,0.363939,,,All
,,-0.193009,0.364194,,,All
,,-0.193005,0.36445,,,All
,,-0.192746,0.364706,,,All
,,-0.192285,0.364962,,,All
,,-0.191247,0.365217,,,All
,,-0.190529,0.365473,,,All
,,-0.189687,0.365729,,,All
,,-0.189429,0.365985,,,All
,,-0.189169,0.36624,,,All
,,-0.187707,0.366496,,,All
,,-0.186653,0.366752,,,All
,,-0.186438,0.367008,,,All
,,-0.186209,0.367263,,,All
,,-0.185795,0.367519,,,All
,,-0.185659,0.367775,,,All
,,-0.184924,0.368031,,,All
,,-0.184042,0.368286,,,All
,,-0.181667,0.368542,,,All
,,-0.180719,0.368798,,,All
,,-0.180646,0.369054,,,All
,,-0.179931,0.369309,,,All
,,-0.178545,0.369565,,,All
,,-0.177924,0.369821,,,All
,,-0.177891,0.370077,,,All
,,-0.17774,0.370332,,,All
,,-0.177705,0.370588,,,All
,,-0.177304,0.370844,,,All
,,-0.177164,0.3711,,,All
,,-0.177106,0.371355,,,All
,,-0.174758,0.371611,,,All
,,-0.174365,0.371867,,,All
,,-0.173995,0.372123,,,All
,,-0.173566,0.372379,,,All
,,-0.173511,0.372634,,,All
,,-0.172841,0.37289,,,All
,,-0.171854,0.373146,,,All
,,-0.171441,0.373402,,,All
,,-0.170486,0.373657,,,All
,,-0.170326,0.373913,,,All
,,-0.168481,0.374169,,,All
,,-0.167478,0.374425,,,All
,,-0.166551,0.37468,,,All
,,-0.16612,0.374936,,,All
,,-0.165413,0.375192,,,All
,,-0.165388,0.375448,,,All
,,-0.165073,0.375703,,,All
,,-0.159484,0.375959,,,All
,,-0.159281,0.376215,,,All
,,-0.157557,0.376471,,,All
,,-0.157193,0.376726,,,All
,,-0.156791,0.376982,,,All
,,-0.156079,0.377238,,,All
,,-0.155816,0.377494,,,All
,,-0.155691,0.377749,,,All
,,-0.152912,0.378005,,,All
,,-0.152689,0.378261,,,All
,,-0.152247,0.378517,,,All
,,-0.152012,0.378772,,,All
,,-0.150812,0.379028,,,All
,,-0.150286,0.379284,,,All
,,-0.150031,0.37954,,,All
,,-0.149373,0.379795,,,All
,,-0.149258,0.380051,,,All
,,-0.14906,0.380307,,,All
,,-0.148715,0.380563,,,All
,,-0.148358,0.380818,,,All
,,-0.146909,0.381074,,,All
,,-0.146761,0.38133,,,All
,,-0.145519,0.381586,,,All
,,-0.143983,0.381841,,,All
,,-0.1435,0.382097,,,All
,,-0.143278,0.382353,,,All
,,-0.143199,0.382609,,,All
,,-0.142918,0.382864,,,All
,,-0.141596,0.38312,,,All
,,-0.1415,0.383376,,,All
,,-0.14116,0.383632,,,All
,,-0.13992,0.383887,,,All
,,-0.139889,0.384143,,,All
,,-0.139546,0.384399,,,All
,,-0.139387,0.384655,,,All
,,-0.138809,0.38491,,,All
,,-0.137759,0.385166,,,All
,,-0.137145,0.385422,,,All
,,-0.136794,0.385678,,,All
,,-0.135081,0.385934,,,All
,,-0.13391,0.386189,,,All
,,-0.133668,0.386445,,,All
,,-0.133504,0.386701,,,All
,,-0.133442,0.386957,,,All
,,-0.130944,0.387212,,,All
,,-0.128484,0.387468,,,All
,,-0.128448,0.387724,,,All
,,-0.126742,0.38798,,,All
,,-0.126517,0.388235,,,All
,,-0.125802,0.388491,,,All
,,-0.12418,0.388747,,,All
,,-0.12383,0.389003,,,All
,,-0.123611,0.389258,,,All
,,-0.121723,0.389514,,,All
,,-0.120597,0.38977,,,All
,,-0.120573,0.390026,,,All
,,-0.118341,0.390281,,,All
,,-0.117936,0.390537,,,All
,,-0.11661,0.390793,,,All
,,-0.115977,0.391049,,,All
,,-0.114841,0.391304,,,All
,,-0.113819,0.39156,,,All
,,-0.113761,0.391816,,,All
,,-0.112527,0.392072,,,All
,,-0.111444,0.392327,,,All
,,-0.111127,0.392583,,,All
,,-0.110703,0.392839,,,All
,,-0.109364,0.393095,,,All
,,-0.109319,0.39335,,,All
,,-0.108079,0.393606,,,All
,,-0.107409,0.393862,,,All
,,-0.106887,0.394118,,,All
,,-0.106741,0.394373,,,All
,,-0.106143,0.394629,,,All
,,-0.105197,0.394885,,,All
,,-0.104274,0.395141,,,All
,,-0.103871,0.395396,,,All
,,-0.103869,0.395652,,,All
,,-0.103852,0.395908,,,All
,,-0.103584,0.396164,,,All
,,-0.103168,0.396419,,,All
,,-0.102967,0.396675,,,All
,,-0.102202,0.396931,,,All
,,-0.101878,0.397187,,,All
,,-0.101676,0.397442,,,All
,,-0.100068,0.397698,,,All
,,-0.0989574,0.397954,,,All
,,-0.0979161,0.39821,,,All
,,-0.0976287,0.398465,,,All
,,-0.0972383,0.398721,,,All
,,-0.0969835,0.398977,,,All
,,-0.094916,0.399233,,,All
,,-0.094693,0.399488,,,All
,,-0.094198,0.399744,,,All
,,-0.0932724,0.4,,,All
,,-0.093145,0.400256,,,All
,,-0.0924409,0.400512,,,All
,,-0.0921123,0.400767,,,All
,,-0.0911817,0.401023,,,All
,,-0.0906402,0.401279,,,All
,,-0.0902173,0.401535,,,All
,,-0.0897291,0.40179,,,All
,,-0.0886183,0.402046,,,All
,,-0.0858576,0.402302,,,All
,,-0.0855269,0.402558,,,All
,,-0.0850953,0.402813,,,All
,,-0.0835746,0.403069,,,All
,,-0.0832479,0.403325,,,All
,,-0.0830767,0.403581,,,All
,,-0.0829108,0.403836,,,All
,,-0.0820425,0.404092,,,All
,,-0.0809594,0.404348,,,All
,,-0.0809081,0.404604,,,All
,,-0.0807844,0.404859,,,All
,,-0.0803472,0.405115,,,All
,,-0.0803029,0.405371,,,All
,,-0.079328,0.405627,,,All
,,-0.0779426,0.405882,,,All
,,-0.0772917,0.406138,,,All
,,-0.0768431,0.406394,,,All
,,-0.0764563,0.40665,,,All
,,-0.0763595,0.406905,,,All
,,-0.0763039,0.407161,,,All
,,-0.0759263,0.407417,,,All
,,-0.0754515,0.407673,,,All
,,-0.0753351,0.407928,,,All
,,-0.0747467,0.408184,,,All
,,-0.0747452,0.40844,,,All
,,-0.0739235,0.408696,,,All
,,-0.0708849,0.408951,,,All
,,-0.0707647,0.409207,,,All
,,-0.069074,0.409463,,,All
,,-0.0686941,0.409719,,,All
,,-0.0680825,0.409974,,,All
,,-0.066609,0.41023,,,All
,,-0.0663553,0.410486,,,All
,,-0.0657298,0.410742,,,All
,,-0.0653548,0.410997,,,All
,,-0.0642222,0.411253,,,All
,,-0.0636263,0.411509,,,All
,,-0.0635573,0.411765,,,All
,,-0.0631683,0.41202,,,All
,,-0.0618714,0.412276,,,All
,,-0.0618705,0.412532,,,All
,,-0.0618123,0.412788,,,All
,,-0.0612604,0.413043,,,All
,,-0.0609681,0.413299,,,All
,,-0.0603926,0.413555,,,All
,,-0.0591435,0.413811,,,All
,,-0.057314,0.414066,,,All
,,-0.0556024,0.414322,,,All
,,-0.0553554,0.414578,,,All
,,-0.0553263,0.414834,,,All
,,-0.0542551,0.41509,,,All
,,-0.0541709,0.415345,,,All
,,-0.0540338,0.415601,,,All
,,-0.0538624,0.415857,,,All
,,-0.0522038,0.416113,,,All
,,-0.0520354,0.416368,,,All
,,-0.0517153,0.416624,,,All
,,-0.0515782,0.41688,,,All
,,-0.0503109,0.417136,,,All
,,-0.0499402,0.417391,,,All
,,-0.0498294,0.417647,,,All
,,-0.0481947,0.417903,,,All
,,-0.0478713,0.418159,,,All
,,-0.0474012,0.418414,,,All
,,-0.0468444,0.41867,,,All
,,-0.0467845,0.418926,,,All
,,-0.046317,0.419182,,,All
,,-0.0461817,0.419437,,,All
,,-0.0461321,0.419693,,,All
,,-0.0457972,0.419949,,,All
,,-0.0449221,0.420205,,,All
,,-0.0445452,0.42046,,,All
,,-0.0442213,0.420716,,,All
,,-0.0424806,0.420972,,,All
,,-0.0422852,0.421228,,,All
,,-0.0418794,0.421483,,,All
,,-0.0410288,0.421739,,,All
,,-0.0406519,0.421995,,,All
,,-0.039263,0.422251,,,All
,,-0.0362576,0.422506,,,All
,,-0.0358054,0.422762,,,All
,,-0.0340089,0.423018,,,All
,,-0.0324302,0.423274,,,All
,,-0.0298338,0.423529,,,All
,,-0.0293454,0.423785,,,All
,,-0.0286045,0.424041,,,All
,,-0.0280467,0.424297,,,All
,,-0.0279995,0.424552,,,All
,,-0.0278559,0.424808,,,All
,,-0.0275463,0.425064,,,All
,,-0.0273325,0.42532,,,All
,,-0.0268701,0.425575,,,All
,,-0.026745,0.425831,,,All
,,-0.0238643,0.426087,,,All
,,-0.02371,0.426343,,,All
,,-0.0236968,0.426598,,,All
,,-0.0227402,0.426854,,,All
,,-0.0225201,0.42711,,,All
,,-0.0221479,0.427366,,,All
,,-0.022052,0.427621,,,All
,,-0.0206281,0.427877,,,All
,,-0.0203185,0.428133,,,All
,,-0.0199979,0.428389,,,All
,,-0.0178418,0.428645,,,All
,,-0.0170941,0.4289,,,All
,,-0.0170616,0.429156,,,All
,,-0.0162566,0.429412,,,All
,,-0.0161969,0.429668,,,All
,,-0.0154289,0.429923,,,All
,,-0.0144233,0.430179,,,All
,,-0.0140239,0.430435,,,All
,,-0.0133943,0.430691,,,All
,,-0.0132129,0.430946,,,All
,,-0.0122507,0.431202,,,All
,,-0.0122328,0.431458,,,All
,,-0.0100984,0.431714,,,All
,,-0.00999274,0.431969,,,All
,,-0.00996161,0.432225,,,All
,,-0.00835304,0.432481,,,All
,,-0.00648859,0.432737,,,All
,,-0.00572745,0.432992,,,All
,,-0.00564888,0.433248,,,All
,,-0.00498519,0.433504,,,All
,,-0.00428812,0.43376,,,All
,,-0.00390244,0.434015,,,All
,,-0.00285187,0.434271,,,All
,,-0.00191453,0.434527,,,All
,,0.00113651,0.434783,,,All
,,0.00153684,0.435038,,,All
,,0.00196584,0.435294,,,All
,,0.00197361,0.43555,,,All
,,0.00227849,0.435806,,,All
,,0.00238744,0.436061,,,All
,,0.00305716,0.436317,,,All
,,0.00344337,0.436573,,,All
,,0.00357623,0.436829,,,All
,,0.00378747,0.437084,,,All
,,0.00422502,0.43734,,,All
,,0.00431498,0.437596,,,All
,,0.00449196,0.437852,,,All
,,0.00449391,0.438107,,,All
,,0.00463873,0.438363,,,All
,,0.00476512,0.438619,,,All
,,0.00540212,0.438875,,,All
,,0.00650104,0.43913,,,All
,,0.00692094,0.439386,,,All
,,0.00800533,0.439642,,,All
,,0.00883288,0.439898,,,All
,,0.00952477,0.440153,,,All
,,0.0103827,0.440409,,,All
,,0.0109463,0.440665,,,All
,,0.0133146,0.440921,,,All
,,0.0139524,0.441176,,,All
,,0.0154199,0.441432,,,All
,,0.0167624,0.441688,,,All
,,0.0168054,0.441944,,,All
,,0.0172552,0.442199,,,All
,,0.0187499,0.442455,,,All
,,0.0212836,0.442711,,,All
,,0.0213361,0.442967,,,All
,,0.0216727,0.443223,,,All
,,0.0217849,0.443478,,,All
,,0.0224765,0.443734,,,All
,,0.02252,0.44399,,,All
,,0.0225603,0.444246,,,All
,,0.0228322,0.444501,,,All
,,0.0230108,0.444757,,,All
,,0.0230314,0.445013,,,All
,,0.0237482,0.445269,,,All
,,0.0240298,0.445524,,,All
,,0.0252669,0.44578,,,All
,,0.0257991,0.446036,,,All
,,0.0258443,0.446292,,,All
,,0.0270571,0.446547,,,All
,,0.0276307,0.446803,,,All
,,0.0281792,0.447059,,,All
,,0.0285786,0.447315,,,All
,,0.0287814,0.44757,,,All
,,0.0301897,0.447826,,,All
,,0.0308011,0.448082,,,All
,,0.0312659,0.448338,,,All
,,0.0313707,0.448593,,,All
,,0.0320419,0.448849,,,All
,,0.0322482,0.449105,,,All
,,0.0332408,0.449361,,,All
,,0.0340991,0.449616,,,All
,,0.0346006,0.449872,,,All
,,0.034652,0.450128,,,All
,,0.0347458,0.450384,,,All
,,0.0348462,0.450639,,,All
,,0.0352529,0.450895,,,All
,,0.0370214,0.451151,,,All
,,0.0380315,0.451407,,,All
,,0.0382618,0.451662,,,All
,,0.0382649,0.451918,,,All
,,0.0384305,0.452174,,,All
,,0.0386026,0.45243,,,All
,,0.0387998,0.452685,,,All
,,0.039082,0.452941,,,All
,,0.0394949,0.453197,,,All
,,0.0399424,0.453453,,,All
,,0.0402169,0.453708,,,All
,,0.0420111,0.453964,,,All
,,0.0431363,0.45422,,,All
,,0.0434166,0.454476,,,All
,,0.0434606,0.454731,,,All
,,0.0437986,0.454987,,,All
,,0.0453357,0.455243,,,All
,,0.0453595,0.455499,,,All
,,0.0455324,0.455754,,,All
,,0.0460958,0.45601,,,All
,,0.0465128,0.456266,,,All
,,0.0468027,0.456522,,,All
,,0.0474868,0.456777,,,All
,,0.0488154,0.457033,,,All
,,0.0489803,0.457289,,,All
,,0.0493312,0.457545,,,All
,,0.050122,0.457801,,,All
,,0.0501241,0.458056,,,All
,,0.0514368,0.458312,,,All
,,0.051866,0.458568,,,All
,,0.0526901,0.458824,,,All
,,0.0527548,0.459079,,,All
,,0.0542115,0.459335,,,All
,,0.055211,0.459591,,,All
,,0.0572687,0.459847,,,All
,,0.0577095,0.460102,,,All
,,0.0577655,0.460358,,,All
,,0.0584492,0.460614,,,All
,,0.0597004,0.46087,,,All
,,0.0600275,0.461125,,,All
,,0.0602632,0.461381,,,All
,,0.0608239,0.461637,,,All
,,0.0619064,0.461893,,,All
,,0.0628373,0.462148,,,All
,,0.0642275,0.462404,,,All
,,0.0644882,0.46266,,,All
,,0.0648247,0.462916,,,All
,,0.0650212,0.463171,,,All
,,0.0658346,0.463427,,,All
,,0.066239,0.463683,,,All
,,0.066855,0.463939,,,All
,,0.0672517,0.464194,,,All
,,0.0684791,0.46445,,,All
,,0.0688968,0.464706,,,All
,,0.0691879,0.464962,,,All
,,0.0700093,0.465217,,,All
,,0.0704128,0.465473,,,All
,,0.0705365,0.465729,,,All
,,0.0707405,0.465985,,,All
,,0.0716365,0.46624,,,All
,,0.0716683,0.466496,,,All
,,0.0722441,0.466752,,,All
,,0.0731371,0.467008,,,All
,,0.073165,0.467263,,,All
,,0.0738428,0.467519,,,All
,,0.0743288,0.467775,,,All
,,0.0744128,0.468031,,,All
,,0.0747543,0.468286,,,All
,,0.0751772,0.468542,,,All
,,0.075199,0.468798,,,All
,,0.075551,0.469054,,,All
,,0.075994,0.469309,,,All
,,0.0761342,0.469565,,,All
,,0.0762154,0.469821,,,All
,,0.0766448,0.470077,,,All
,,0.0769072,0.470332,,,All
,,0.0789699,0.470588,,,All
,,0.0805211,0.470844,,,All
,,0.0807094,0.4711,,,All
,,0.0811005,0.471355,,,All
,,0.0816764,0.471611,,,All
,,0.0832774,0.471867,,,All
,,0.0833081,0.472123,,,All
,,0.084267,0.472379,,,All
,,0.084313,0.472634,,,All
,,0.0845816,0.47289,,,All
,,0.0847614,0.473146,,,All
,,0.0851092,0.473402,,,All
,,0.0866276,0.473657,,,All
,,0.0871133,0.473913,,,All
,,0.0881839,0.474169,,,All
,,0.0889333,0.474425,,,All
,,0.0906311,0.47468,,,All
,,0.0914199,0.474936,,,All
,,0.0920315,0.475192,,,All
,,0.0922415,0.475448,,,All
,,0.0946342,0.475703,,,All
,,0.0951182,0.475959,,,All
,,0.0953107,0.476215,,,All
,,0.0956453,0.476471,,,All
,,0.0958788,0.476726,,,All
,,0.0976103,0.476982,,,All
,,0.0977485,0.477238,,,All
,,0.0985518,0.477494,,,All
,,0.0985599,0.477749,,,All
,,0.0996829,0.478005,,,All
,,0.0996886,0.478261,,,All
,,0.0998984,0.478517,,,All
,,0.100161,0.478772,,,All
,,0.101254,0.479028,,,All
,,0.102055,0.479284,,,All
,,0.10218,0.47954,,,All
,,0.102751,0.479795,,,All
,,0.103661,0.480051,,,All
,,0.106053,0.480307,,,All
,,0.10608,0.480563,,,All
,,0.106842,0.480818,,,All
,,0.10734,0.481074,,,All
,,0.107594,0.48133,,,All
,,0.107753,0.481586,,,All
,,0.107991,0.481841,,,All
,,0.108145,0.482097,,,All
,,0.10871,0.482353,,,All
,,0.108725,0.482609,,,All
,,0.109414,0.482864,,,All
,,0.110553,0.48312,,,All
,,0.111167,0.483376,,,All
,,0.111218,0.483632,,,All
,,0.111737,0.483887,,,All
,,0.111787,0.484143,,,All
,,0.111941,0.484399,,,All
,,0.11225,0.484655,,,All
,,0.112564,0.48491,,,All
,,0.112612,0.485166,,,All
,,0.112882,0.485422,,,All
,,0.113485,0.485678,,,All
,,0.11355,0.485934,,,All
,,0.114794,0.486189,,,All
,,0.115382,0.486445,,,All
,,0.115958,0.486701,,,All
,,0.115977,0.486957,,,All
,,0.116193,0.487212,,,All
,,0.118008,0.487468,,,All
,,0.118184,0.487724,,,All
,,0.118437,0.48798,,,All
,,0.121199,0.488235,,,All
,,0.121617,0.488491,,,All
,,0.122475,0.488747,,,All
,,0.123024,0.489003,,,All
,,0.123091,0.489258,,,All
,,0.123296,0.489514,,,All
,,0.123575,0.48977,,,All
,,0.123838,0.490026,,,All
,,0.124193,0.490281,,,All
,,0.124275,0.490537,,,All
,,0.124714,0.490793,,,All
,,0.124874,0.491049,,,All
,,0.125697,0.491304,,,All
,,0.125837,0.49156,,,All
,,0.126525,0.491816,,,All
,,0.127529,0.492072,,,All
,,0.127817,0.492327,,,All
,,0.12903,0.492583,,,All
,,0.129296,0.492839,,,All
,,0.129359,0.493095,,,All
,,0.129439,0.49335,,,All
,,0.130115,0.493606,,,All
,,0.130887,0.493862,,,All
,,0.13144,0.494118,,,All
,,0.132098,0.494373,,,All
,,0.132334,0.494629,,,All
,,0.133002,0.494885,,,All
,,0.134586,0.495141,,,All
,,0.134934,0.495396,,,All
,,0.134997,0.495652,,,All
,,0.135089,0.495908,,,All
,,0.135244,0.496164,,,All
,,0.135774,0.496419,,,All
,,0.137191,0.496675,,,All
,,0.137374,0.496931,,,All
,,0.137807,0.497187,,,All
,,0.13792,0.497442,,,All
,,0.138077,0.497698,,,All
,,0.138466,0.497954,,,All
,,0.139095,0.49821,,,All
,,0.139863,0.498465,,,All
,,0.140425,0.498721,,,All
,,0.140587,0.498977,,,All
,,0.140766,0.499233,,,All
,,0.141501,0.499488,,,All
,,0.141568,0.499744,,,All
,,0.141699,0.5,,,All
,,0.142213,0.500256,,,All
,,0.14289,0.500512,,,All
,,0.143463,0.500767,,,All
,,0.143915,0.501023,,,All
,,0.144014,0.501279,,,All
,,0.144034,0.501535,,,All
,,0.145043,0.50179,,,All
,,0.145644,0.502046,,,All
,,0.145684,0.502302,,,All
,,0.145691,0.502558,,,All
,,0.1462,0.502813,,,All
,,0.146281,0.503069,,,All
,,0.146634,0.503325,,,All
,,0.146809,0.503581,,,All
,,0.146866,0.503836,,,All
,,0.147386,0.504092,,,All
,,0.147737,0.504348,,,All
,,0.14786,0.504604,,,All
,,0.148069,0.504859,,,All
,,0.148192,0.505115,,,All
,,0.148274,0.505371,,,All
,,0.150028,0.505627,,,All
,,0.151386,0.505882,,,All
,,0.151784,0.506138,,,All
,,0.152251,0.506394,,,All
,,0.152912,0.50665,,,All
,,0.153665,0.506905,,,All
,,0.153674,0.507161,,,All
,,0.153813,0.507417,,,All
,,0.154892,0.507673,,,All
,,0.154934,0.507928,,,All
,,0.155777,0.508184,,,All
,,0.156373,0.50844,,,All
,,0.157619,0.508696,,,All
,,0.158186,0.508951,,,All
,,0.159601,0.509207,,,All
,,0.160378,0.509463,,,All
,,0.160863,0.509719,,,All
,,0.162877,0.509974,,,All
,,0.162963,0.51023,,,All
,,0.163372,0.510486,,,All
,,0.163905,0.510742,,,All
,,0.164181,0.510997,,,All
,,0.164292,0.511253,,,All
,,0.164459,0.511509,,,All
,,0.165508,0.511765,,,All
,,0.167006,0.51202,,,All
,,0.167282,0.512276,,,All
,,0.167763,0.512532,,,All
,,0.167916,0.512788,,,All
,,0.168322,0.513043,,,All
,,0.168856,0.513299,,,All
,,0.16886,0.513555,,,All
,,0.169283,0.513811,,,All
,,0.170399,0.514066,,,All
,,0.170626,0.514322,,,All
,,0.17082,0.514578,,,All
,,0.17174,0.514834,,,All
,,0.172923,0.51509,,,All
,,0.173283,0.515345,,,All
,,0.174567,0.515601,,,All
,,0.174659,0.515857,,,All
,,0.174877,0.516113,,,All
,,0.175027,0.516368,,,All
,,0.177151,0.516624,,,All
,,0.177231,0.51688,,,All
,,0.177579,0.517136,,,All
,,0.179501,0.517391,,,All
,,0.179628,0.517647,,,All
,,0.179882,0.517903,,,All
,,0.180029,0.518159,,,All
,,0.180071,0.518414,,,All
,,0.182022,0.51867,,,All
,,0.182411,0.518926,,,All
,,0.183622,0.519182,,,All
,,0.183854,0.519437,,,All
,,0.185642,0.519693,,,All
,,0.186008,0.519949,,,All
,,0.187145,0.520205,,,All
,,0.187314,0.52046,,,All
,,0.188466,0.520716,,,All
,,0.188653,0.520972,,,All
,,0.189069,0.521228,,,All
,,0.189293,0.521483,,,All
,,0.190067,0.521739,,,All
,,0.190208,0.521995,,,All
,,0.192486,0.522251,,,All
,,0.192687,0.522506,,,All
,,0.193814,0.522762,,,All
,,0.19404,0.523018,,,All
,,0.194145,0.523274,,,All
,,0.194559,0.523529,,,All
,,0.195429,0.523785,,,All
,,0.198492,0.524041,,,All
,,0.199006,0.524297,,,All
,,0.199405,0.524552,,,All
,,0.199904,0.524808,,,All
,,0.201511,0.525064,,,All
,,0.201914,0.52532,,,All
,,0.202296,0.525575,,,All
,,0.202813,0.525831,,,All
,,0.202946,0.526087,,,All
,,0.203386,0.526343,,,All
,,0.204385,0.526598,,,All
,,0.204549,0.526854,,,All
,,0.205258,0.52711,,,All
,,0.20536,0.527366,,,All
,,0.205373,0.527621,,,All
,,0.205379,0.527877,,,All
,,0.205869,0.528133,,,All
,,0.206411,0.528389,,,All
,,0.206537,0.528645,,,All
,,0.20679,0.5289,,,All
,,0.207601,0.529156,,,All
,,0.207786,0.529412,,,All
,,0.208351,0.529668,,,All
,,0.208361,0.529923,,,All
,,0.208508,0.530179,,,All
,,0.209203,0.530435,,,All
,,0.210306,0.530691,,,All
,,0.211259,0.530946,,,All
,,0.21149,0.531202,,,All
,,0.211506,0.531458,,,All
,,0.212376,0.531714,,,All
,,0.212443,0.531969,,,All
,,0.212845,0.532225,,,All
,,0.213111,0.532481,,,All
,,0.213266,0.532737,,,All
,,0.215247,0.532992,,,All
,,0.21547,0.533248,,,All
,,0.216577,0.533504,,,All
,,0.217115,0.53376,,,All
,,0.21825,0.534015,,,All
,,0.218709,0.534271,,,All
,,0.219017,0.534527,,,All
,,0.219236,0.534783,,,All
,,0.219677,0.535038,,,All
,,0.220235,0.535294,,,All
,,0.220373,0.53555,,,All
,,0.220671,0.535806,,,All
,,0.220892,0.536061,,,All
,,0.221123,0.536317,,,All
,,0.221252,0.536573,,,All
,,0.223725,0.536829,,,All
,,0.224861,0.537084,,,All
,,0.225457,0.53734,,,All
,,0.225691,0.537596,,,All
,,0.225798,0.537852,,,All
,,0.22624,0.538107,,,All
,,0.226732,0.538363,,,All
,,0.228381,0.538619,,,All
,,0.228684,0.538875,,,All
,,0.228699,0.53913,,,All
,,0.229358,0.539386,,,All
,,0.230808,0.539642,,,All
,,0.231079,0.539898,,,All
,,0.231628,0.540153,,,All
,,0.232265,0.540409,,,All
,,0.23264,0.540665,,,All
,,0.232984,0.540921,,,All
,,0.235636,0.541176,,,All
,,0.235683,0.541432,,,All
,,0.235996,0.541688,,,All
,,0.236434,0.541944,,,All
,,0.237561,0.542199,,,All
,,0.237785,0.542455,,,All
,,0.238571,0.542711,,,All
,,0.238612,0.542967,,,All
,,0.240238,0.543223,,,All
,,0.241703,0.543478,,,All
,,0.242176,0.543734,,,All
,,0.242323,0.54399,,,All
,,0.242941,0.544246,,,All
,,0.244091,0.544501,,,All
,,0.244553,0.544757,,,All
,,0.244571,0.545013,,,All
,,0.245201,0.545269,,,All
,,0.246443,0.545524,,,All
,,0.246705,0.54578,,,All
,,0.247252,0.546036,,,All
,,0.247361,0.546292,,,All
,,0.247665,0.546547,,,All
,,0.247781,0.546803,,,All
,,0.248164,0.547059,,,All
,,0.249204,0.547315,,,All
,,0.249614,0.54757,,,All
,,0.249845,0.547826,,,All
,,0.250659,0.548082,,,All
,,0.251494,0.548338,,,All
,,0.251645,0.548593,,,All
,,0.251699,0.548849,,,All
,,0.251754,0.549105,,,All
,,0.253201,0.549361,,,All
,,0.253524,0.549616,,,All
,,0.253757,0.549872,,,All
,,0.254466,0.550128,,,All
,,0.254903,0.550384,,,All
,,0.255008,0.550639,,,All
,,0.255348,0.550895,,,All
,,0.256305,0.551151,,,All
,,0.256527,0.551407,,,All
,,0.256534,0.551662,,,All
,,0.25675,0.551918,,,All
,,0.257617,0.552174,,,All
,,0.258386,0.55243,,,All
,,0.258669,0.552685,,,All
,,0.25921,0.552941,,,All
,,0.259449,0.553197,,,All
,,0.259993,0.553453,,,All
,,0.260088,0.553708,,,All
,,0.260364,0.553964,,,All
,,0.261829,0.55422,,,All
,,0.261926,0.554476,,,All
,,0.262123,0.554731,,,All
,,0.262226,0.554987,,,All
,,0.262969,0.555243,,,All
,,0.262999,0.555499,,,All
,,0.263809,0.555754,,,All
,,0.263822,0.55601,,,All
,,0.264171,0.556266,,,All
,,0.264291,0.556522,,,All
,,0.265655,0.556777,,,All
,,0.266339,0.557033,,,All
,,0.266388,0.557289,,,All
,,0.266477,0.557545,,,All
,,0.268537,0.557801,,,All
,,0.268876,0.558056,,,All
,,0.269147,0.558312,,,All
,,0.270188,0.558568,,,All
,,0.270408,0.558824,,,All
,,0.27084,0.559079,,,All
,,0.270875,0.559335,,,All
,,0.270955,0.559591,,,All
,,0.271597,0.559847,,,All
,,0.27162,0.560102,,,All
,,0.272152,0.560358,,,All
,,0.272679,0.560614,,,All
,,0.274906,0.56087,,,All
,,0.275173,0.561125,,,All
,,0.275717,0.561381,,,All
,,0.277293,0.561637,,,All
,,0.277465,0.561893,,,All
,,0.27779,0.562148,,,All
,,0.278785,0.562404,,,All
,,0.279138,0.56266,,,All
,,0.279265,0.562916,,,All
,,0.280161,0.563171,,,All
,,0.280587,0.563427,,,All
,,0.281283,0.563683,,,All
,,0.284286,0.563939,,,All
,,0.284517,0.564194,,,All
,,0.284778,0.56445,,,All
,,0.285621,0.564706,,,All
,,0.28579,0.564962,,,All
,,0.286527,0.565217,,,All
,,0.286661,0.565473,,,All
,,0.287027,0.565729,,,All
,,0.287821,0.565985,,,All
,,0.28824,0.56624,,,All
,,0.288807,0.566496,,,All
,,0.289274,0.566752,,,All
,,0.289353,0.567008,,,All
,,0.290308,0.567263,,,All
,,0.291021,0.567519,,,All
,,0.291144,0.567775,,,All
,,0.291522,0.568031,,,All
,,0.29157,0.568286,,,All
,,0.292712,0.568542,,,All
,,0.292741,0.568798,,,All
,,0.292937,0.569054,,,All
,,0.293021,0.569309,,,All
,,0.293304,0.569565,,,All
,,0.29398,0.569821,,,All
,,0.294454,0.570077,,,All
,,0.294684,0.570332,,,All
,,0.295298,0.570588,,,All
,,0.296536,0.570844,,,All
,,0.296974,0.5711,,,All
,,0.297288,0.571355,,,All
,,0.297819,0.571611,,,All
,,0.298574,0.571867,,,All
,,0.298683,0.572123,,,All
,,0.299183,0.572379,,,All
,,0.299362,0.572634,,,All
,,0.299644,0.57289,,,All
,,0.30023,0.573146,,,All
,,0.300368,0.573402,,,All
,,0.300766,0.573657,,,All
,,0.301731,0.573913,,,All
,,0.303139,0.574169,,,All
,,0.303892,0.574425,,,All
,,0.304455,0.57468,,,All
,,0.305218,0.574936,,,All
,,0.30552,0.575192,,,All
,,0.306178,0.575448,,,All
,,0.306454,0.575703,,,All
,,0.307057,0.575959,,,All
,,0.307714,0.576215,,,All
,,0.308518,0.576471,,,All
,,0.309089,0.576726,,,All
,,0.309633,0.576982,,,All
,,0.30973,0.577238,,,All
,,0.30977,0.577494,,,All
,,0.309896,0.577749,,,All
,,0.310022,0.578005,,,All
,,0.310896,0.578261,,,All
,,0.31118,0.578517,,,All
,,0.312695,0.578772,,,All
,,0.312986,0.579028,,,All
,,0.313421,0.579284,,,All
,,0.314205,0.57954,,,All
,,0.31422,0.579795,,,All
,,0.315548,0.580051,,,All
,,0.31572,0.580307,,,All
,,0.316026,0.580563,,,All
,,0.316157,0.580818,,,All
,,0.317077,0.581074,,,All
,,0.31717,0.58133,,,All
,,0.317296,0.581586,,,All
,,0.317391,0.581841,,,All
,,0.317469,0.582097,,,All
,,0.317793,0.582353,,,All
,,0.318014,0.582609,,,All
,,0.318427,0.582864,,,All
,,0.319211,0.58312,,,All
,,0.320553,0.583376,,,All
,,0.322531,0.583632,,,All
,,0.322955,0.583887,,,All
,,0.32321,0.584143,,,All
,,0.323863,0.584399,,,All
,,0.32428,0.584655,,,All
,,0.324666,0.58491,,,All
,,0.324768,0.585166,,,All
,,0.325039,0.585422,,,All
,,0.325638,0.585678,,,All
,,0.326772,0.585934,,,All
,,0.326824,0.586189,,,All
,,0.328328,0.586445,,,All
,,0.328824,0.586701,,,All
,,0.329201,0.586957,,,All
,,0.329777,0.587212,,,All
,,0.330398,0.587468,,,All
,,0.331178,0.587724,,,All
,,0.331446,0.58798,,,All
,,0.331563,0.588235,,,All
,,0.331996,0.588491,,,All
,,0.332564,0.588747,,,All
,,0.332745,0.589003,,,All
,,0.332939,0.589258,,,All
,,0.333901,0.589514,,,All
,,0.333989,0.58977,,,All
,,0.33447,0.590026,,,All
,,0.334634,0.590281,,,All
,,0.33541,0.590537,,,All
,,0.335743,0.590793,,,All
,,0.335826,0.591049,,,All
,,0.335884,0.591304,,,All
,,0.336349,0.59156,,,All
,,0.33658,0.591816,,,All
,,0.336757,0.592072,,,All
,,0.337184,0.592327,,,All
,,0.339532,0.592583,,,All
,,0.340072,0.592839,,,All
,,0.341282,0.593095,,,All
,,0.342043,0.59335,,,All
,,0.345008,0.593606,,,All
,,0.345818,0.593862,,,All
,,0.345949,0.594118,,,All
,,0.34647,0.594373,,,All
,,0.347024,0.594629,,,All
,,0.348253,0.594885,,,All
,,0.348792,0.595141,,,All
,,0.348995,0.595396,,,All
,,0.349243,0.595652,,,All
,,0.350613,0.595908,,,All
,,0.351379,0.596164,,,All
,,0.351851,0.596419,,,All
,,0.351918,0.596675,,,All
,,0.351961,0.596931,,,All
,,0.353073,0.597187,,,All
,,0.353901,0.597442,,,All
,,0.353996,0.597698,,,All
,,0.354256,0.597954,,,All
,,0.354517,0.59821,,,All
,,0.355042,0.598465,,,All
,,0.355208,0.598721,,,All
,,0.355352,0.598977,,,All
,,0.355696,0.599233,,,All
,,0.356197,0.599488,,,All
,,0.356599,0.599744,,,All
,,0.356927,0.6,,,All
,,0.35724,0.600256,,,All
,,0.358495,0.600512,,,All
,,0.35853,0.600767,,,All
,,0.359898,0.601023,,,All
,,0.360255,0.601279,,,All
,,0.36035,0.601535,,,All
,,0.360529,0.60179,,,All
,,0.361905,0.602046,,,All
,,0.362503,0.602302,,,All
,,0.364075,0.602558,,,All
,,0.364744,0.602813,,,All
,,0.364934,0.603069,,,All
,,0.365615,0.603325,,,All
,,0.367379,0.603581,,,All
,,0.367892,0.603836,,,All
,,0.368674,0.604092,,,All
,,0.368886,0.604348,,,All
,,0.369317,0.604604,,,All
,,0.369738,0.604859,,,All
,,0.36989,0.605115,,,All
,,0.370365,0.605371,,,All
,,0.370398,0.605627,,,All
,,0.371258,0.605882,,,All
,,0.371328,0.606138,,,All
,,0.372015,0.606394,,,All
,,0.372081,0.60665,,,All
,,0.372237,0.606905,,,All
,,0.373034,0.607161,,,All
,,0.373705,0.607417,,,All
,,0.373798,0.607673,,,All
,,0.374961,0.607928,,,All
,,0.375311,0.608184,,,All
,,0.375538,0.60844,,,All
,,0.375836,0.608696,,,All
,,0.376491,0.608951,,,All
,,0.377054,0.609207,,,All
,,0.377422,0.609463,,,All
,,0.377426,0.609719,,,All
,,0.377524,0.609974,,,All
,,0.37784,0.61023,,,All
,,0.377856,0.610486,,,All
,,0.378171,0.610742,,,All
,,0.3789,0.610997,,,All
,,0.379226,0.611253,,,All
,,0.379726,0.611509,,,All
,,0.380374,0.611765,,,All
,,0.381262,0.61202,,,All
,,0.381324,0.612276,,,All
,,0.381708,0.612532,,,All
,,0.381909,0.612788,,,All
,,0.382583,0.613043,,,All
,,0.38277,0.613299,,,All
,,0.383862,0.613555,,,All
,,0.384178,0.613811,,,All
,,0.385034,0.614066,,,All
,,0.385204,0.614322,,,All
,,0.385397,0.614578,,,All
,,0.385976,0.614834,,,All
,,0.387441,0.61509,,,All
,,0.387887,0.615345,,,All
,,0.388779,0.615601,,,All
,,0.389292,0.615857,,,All
,,0.390634,0.616113,,,All
,,0.391331,0.616368,,,All
,,0.392002,0.616624,,,All
,,0.392709,0.61688,,,All
,,0.392997,0.617136,,,All
,,0.393059,0.617391,,,All
,,0.393411,0.617647,,,All
,,0.393639,0.617903,,,All
,,0.393748,0.618159,,,All
,,0.394756,0.618414,,,All
,,0.394936,0.61867,,,All
,,0.395375,0.618926,,,All
,,0.395868,0.619182,,,All
,,0.395962,0.619437,,,All
,,0.395993,0.619693,,,All
,,0.396155,0.619949,,,All
,,0.396207,0.620205,,,All
,,0.396686,0.62046,,,All
,,0.396957,0.620716,,,All
,,0.397094,0.620972,,,All
,,0.39785,0.621228,,,All
,,0.398263,0.621483,,,All
,,0.398393,0.621739,,,All
,,0.399042,0.621995,,,All
,,0.399643,0.622251,,,All
,,0.399756,0.622506,,,All
,,0.400862,0.622762,,,All
,,0.4009,0.623018,,,All
,,0.40278,0.623274,,,All
,,0.402797,0.623529,,,All
,,0.40485,0.623785,,,All
,,0.405174,0.624041,,,All
,,0.405222,0.624297,,,All
,,0.406681,0.624552,,,All
,,0.408007,0.624808,,,All
,,0.409066,0.625064,,,All
,,0.409196,0.62532,,,All
,,0.409385,0.625575,,,All
,,0.409558,0.625831,,,All
,,0.410129,0.626087,,,All
,,0.410372,0.626343,,,All
,,0.411315,0.626598,,,All
,,0.412577,0.626854,,,All
,,0.414781,0.62711,,,All
,,0.41607,0.627366,,,All
,,0.416261,0.627621,,,All
,,0.416327,0.627877,,,All
,,0.416818,0.628133,,,All
,,0.417147,0.628389,,,All
,,0.418822,0.628645,,,All
,,0.418875,0.6289,,,All
,,0.419729,0.629156,,,All
,,0.419949,0.629412,,,All
,,0.420104,0.629668,,,All
,,0.420345,0.629923,,,All
,,0.420505,0.630179,,,All
,,0.420797,0.630435,,,All
,,0.421514,0.630691,,,All
,,0.423462,0.630946,,,All
,,0.423532,0.631202,,,All
,,0.424538,0.631458,,,All
,,0.424872,0.631714,,,All
,,0.425651,0.631969,,,All
,,0.425798,0.632225,,,All
,,0.425991,0.632481,,,All
,,0.426551,0.632737,,,All
,,0.427645,0.632992,,,All
,,0.427739,0.633248,,,All
,,0.427837,0.633504,,,All
,,0.427851,0.63376,,,All
,,0.428273,0.634015,,,All
,,0.428935,0.634271,,,All
,,0.429197,0.634527,,,All
,,0.430666,0.634783,,,All
,,0.430962,0.635038,,,All
,,0.431047,0.635294,,,All
,,0.43172,0.63555,,,All
,,0.43174,0.635806,,,All
,,0.431958,0.636061,,,All
,,0.433223,0.636317,,,All
,,0.433443,0.636573,,,All
,,0.4335,0.636829,,,All
,,0.433573,0.637084,,,All
,,0.433618,0.63734,,,All
,,0.43428,0.637596,,,All
,,0.434378,0.637852,,,All
,,0.434768,0.638107,,,All
,,0.434998,0.638363,,,All
,,0.435258,0.638619,,,All
,,0.435268,0.638875,,,All
,,0.435922,0.63913,,,All
,,0.436451,0.639386,,,All
,,0.436711,0.639642,,,All
,,0.437577,0.639898,,,All
,,0.438117,0.640153,,,All
,,0.438329,0.640409,,,All
,,0.438521,0.640665,,,All
,,0.439056,0.640921,,,All
,,0.439494,0.641176,,,All
,,0.439775,0.641432,,,All
,,0.440232,0.641688,,,All
,,0.44029,0.641944,,,All
,,0.442441,0.642199,,,All
,,0.442711,0.642455,,,All
,,0.443407,0.642711,,,All
,,0.443999,0.642967,,,All
,,0.444588,0.643223,,,All
,,0.444898,0.643478,,,All
,,0.447609,0.643734,,,All
,,0.447612,0.64399,,,All
,,0.447703,0.644246,,,All
,,0.44776,0.644501,,,All
,,0.447898,0.644757,,,All
,,0.448693,0.645013,,,All
,,0.449343,0.645269,,,All
,,0.450268,0.645524,,,All
,,0.450803,0.64578,,,All
,,0.452012,0.646036,,,All
,,0.452022,0.646292,,,All
,,0.452151,0.646547,,,All
,,0.453347,0.646803,,,All
,,0.453466,0.647059,,,All
,,0.454044,0.647315,,,All
,,0.454416,0.64757,,,All
,,0.456732,0.647826,,,All
,,0.457502,0.648082,,,All
,,0.457768,0.648338,,,All
,,0.45812,0.648593,,,All
,,0.458426,0.648849,,,All
,,0.458974,0.649105,,,All
,,0.459164,0.649361,,,All
,,0.459191,0.649616,,,All
,,0.459199,0.649872,,,All
,,0.460932,0.650128,,,All
,,0.461181,0.650384,,,All
,,0.46175,0.650639,,,All
,,0.462117,0.650895,,,All
,,0.462135,0.651151,,,All
,,0.462878,0.651407,,,All
,,0.462936,0.651662,,,All
,,0.463428,0.651918,,,All
,,0.463584,0.652174,,,All
,,0.463791,0.65243,,,All
,,0.465086,0.652685,,,All
,,0.465109,0.652941,,,All
,,0.465537,0.653197,,,All
,,0.465984,0.653453,,,All
,,0.466386,0.653708,,,All
,,0.466693,0.653964,,,All
,,0.467296,0.65422,,,All
,,0.467675,0.654476,,,All
,,0.467701,0.654731,,,All
,,0.468093,0.654987,,,All
,,0.468222,0.655243,,,All
,,0.468598,0.655499,,,All
,,0.469699,0.655754,,,All
,,0.470269,0.65601,,,All
,,0.470419,0.656266,,,All
,,0.470905,0.656522,,,All
,,0.471268,0.656777,,,All
,,0.471416,0.657033,,,All
,,0.471481,0.657289,,,All
,,0.471707,0.657545,,,All
,,0.472864,0.657801,,,All
,,0.4732,0.658056,,,All
,,0.473294,0.658312,,,All
,,0.475349,0.658568,,,All
,,0.475454,0.658824,,,All
,,0.477728,0.659079,,,All
,,0.477739,0.659335,,,All
,,0.4784,0.659591,,,All
,,0.479143,0.659847,,,All
,,0.480202,0.660102,,,All
,,0.480458,0.660358,,,All
,,0.480541,0.660614,,,All
,,0.481025,0.66087,,,All
,,0.481737,0.661125,,,All
,,0.48357,0.661381,,,All
,,0.48383,0.661637,,,All
,,0.483963,0.661893,,,All
,,0.484002,0.662148,,,All
,,0.484966,0.662404,,,All
,,0.485013,0.66266,,,All
,,0.485247,0.662916,,,All
,,0.485383,0.663171,,,All
,,0.486266,0.663427,,,All
,,0.486341,0.663683,,,All
,,0.486938,0.663939,,,All
,,0.48763,0.664194,,,All
,,0.487776,0.66445,,,All
,,0.487927,0.664706,,,All
,,0.488307,0.664962,,,All
,,0.488553,0.665217,,,All
,,0.489443,0.665473,,,All
,,0.490279,0.665729,,,All
,,0.490997,0.665985,,,All
,,0.491371,0.66624,,,All
,,0.491496,0.666496,,,All
,,0.49196,0.666752,,,All
,,0.493086,0.667008,,,All
,,0.493317,0.667263,,,All
,,0.493624,0.667519,,,All
,,0.495524,0.667775,,,All
,,0.496661,0.668031,,,All
,,0.497632,0.668286,,,All
,,0.497682,0.668542,,,All
,,0.498915,0.668798,,,All
,,0.49917,0.669054,,,All
,,0.499817,0.669309,,,All
,,0.501339,0.669565,,,All
,,0.502253,0.669821,,,All
,,0.503088,0.670077,,,All
,,0.504131,0.670332,,,All
,,0.505861,0.670588,,,All
,,0.506021,0.670844,,,All
,,0.507023,0.6711,,,All
,,0.507448,0.671355,,,All
,,0.508175,0.671611,,,All
,,0.508808,0.671867,,,All
,,0.509447,0.672123,,,All
,,0.509553,0.672379,,,All
,,0.510058,0.672634,,,All
,,0.510087,0.67289,,,All
,,0.510429,0.673146,,,All
,,0.510725,0.673402,,,All
,,0.510975,0.673657,,,All
,,0.512691,0.673913,,,All
,,0.514748,0.674169,,,All
,,0.516201,0.674425,,,All
,,0.516723,0.67468,,,All
,,0.516908,0.674936,,,All
,,0.517013,0.675192,,,All
,,0.518028,0.675448,,,All
,,0.518065,0.675703,,,All
,,0.519165,0.675959,,,All
,,0.519271,0.676215,,,All
,,0.519278,0.676471,,,All
,,0.519779,0.676726,,,All
,,0.519821,0.676982,,,All
,,0.520206,0.677238,,,All
,,0.52095,0.677494,,,All
,,0.521091,0.677749,,,All
,,0.521937,0.678005,,,All
,,0.522407,0.678261,,,All
,,0.52253,0.678517,,,All
,,0.523296,0.678772,,,All
,,0.523834,0.679028,,,All
,,0.524094,0.679284,,,All
,,0.524151,0.67954,,,All
,,0.524233,0.679795,,,All
,,0.524693,0.680051,,,All
,,0.525394,0.680307,,,All
,,0.525455,0.680563,,,All
,,0.525466,0.680818,,,All
,,0.525887,0.681074,,,All
,,0.526012,0.68133,,,All
,,0.526643,0.681586,,,All
,,0.526929,0.681841,,,All
,,0.527657,0.682097,,,All
,,0.528871,0.682353,,,All
,,0.529009,0.682609,,,All
,,0.529635,0.682864,,,All
,,0.531144,0.68312,,,All
,,0.531187,0.683376,,,All
,,0.531346,0.683632,,,All
,,0.531417,0.683887,,,All
,,0.531837,0.684143,,,All
,,0.533244,0.684399,,,All
,,0.533809,0.684655,,,All
,,0.534343,0.68491,,,All
,,0.534987,0.685166,,,All
,,0.535105,0.685422,,,All
,,0.535539,0.685678,,,All
,,0.535557,0.685934,,,All
,,0.536175,0.686189,,,All
,,0.537504,0.686445,,,All
,,0.538196,0.686701,,,All
,,0.5387,0.686957,,,All
,,0.538836,0.687212,,,All
,,0.539403,0.687468,,,All
,,0.540535,0.687724,,,All
,,0.540725,0.68798,,,All
,,0.540791,0.688235,,,All
,,0.542108,0.688491,,,All
,,0.542651,0.688747,,,All
,,0.544056,0.689003,,,All
,,0.54477,0.689258,,,All
,,0.545206,0.689514,,,All
,,0.545663,0.68977,,,All
,,0.546971,0.690026,,,All
,,0.547576,0.690281,,,All
,,0.548368,0.690537,,,All
,,0.548444,0.690793,,,All
,,0.550449,0.691049,,,All
,,0.551438,0.691304,,,All
,,0.551679,0.69156,,,All
,,0.552131,0.691816,,,All
,,0.552332,0.692072,,,All
,,0.55291,0.692327,,,All
,,0.553306,0.692583,,,All
,,0.555274,0.692839,,,All
,,0.555889,0.693095,,,All
,,0.556706,0.69335,,,All
,,0.557044,0.693606,,,All
,,0.557402,0.693862,,,All
,,0.558015,0.694118,,,All
,,0.558468,0.694373,,,All
,,0.558744,0.694629,,,All
,,0.559055,0.694885,,,All
,,0.560009,0.695141,,,All
,,0.560422,0.695396,,,All
,,0.560514,0.695652,,,All
,,0.560847,0.695908,,,All
,,0.561118,0.696164,,,All
,,0.561267,0.696419,,,All
,,0.561317,0.696675,,,All
,,0.563993,0.696931,,,All
,,0.564223,0.697187,,,All
,,0.56425,0.697442,,,All
,,0.565197,0.697698,,,All
,,0.567065,0.697954,,,All
,,0.567088,0.69821,,,All
,,0.568801,0.698465,,,All
,,0.569073,0.698721,,,All
,,0.569821,0.698977,,,All
,,0.570032,0.699233,,,All
,,0.570189,0.699488,,,All
,,0.570221,0.699744,,,All
,,0.570579,0.7,,,All
,,0.573177,0.700256,,,All
,,0.573389,0.700512,,,All
,,0.573852,0.700767,,,All
,,0.574699,0.701023,,,All
,,0.574992,0.701279,,,All
,,0.575576,0.701535,,,All
,,0.577225,0.70179,,,All
,,0.577256,0.702046,,,All
,,0.578642,0.702302,,,All
,,0.57867,0.702558,,,All
,,0.579616,0.702813,,,All
,,0.580046,0.703069,,,All
,,0.580335,0.703325,,,All
,,0.580678,0.703581,,,All
,,0.581263,0.703836,,,All
,,0.582284,0.704092,,,All
,,0.584148,0.704348,,,All
,,0.585015,0.704604,,,All
,,0.586408,0.704859,,,All
,,0.586819,0.705115,,,All
,,0.587276,0.705371,,,All
,,0.587866,0.705627,,,All
,,0.588287,0.705882,,,All
,,0.588306,0.706138,,,All
,,0.589581,0.706394,,,All
,,0.59045,0.70665,,,All
,,0.590569,0.706905,,,All
,,0.590981,0.707161,,,All
,,0.592535,0.707417,,,All
,,0.593001,0.707673,,,All
,,0.593153,0.707928,,,All
,,0.59361,0.708184,,,All
,,0.593632,0.70844,,,All
,,0.594054,0.708696,,,All
,,0.594564,0.708951,,,All
,,0.594663,0.709207,,,All
,,0.595714,0.709463,,,All
,,0.59668,0.709719,,,All
,,0.597098,0.709974,,,All
,,0.597393,0.71023,,,All
,,0.598216,0.710486,,,All
,,0.5983,0.710742,,,All
,,0.598511,0.710997,,,All
,,0.599841,0.711253,,,All
,,0.60035,0.711509,,,All
,,0.601781,0.711765,,,All
,,0.603416,0.71202,,,All
,,0.603634,0.712276,,,All
,,0.605465,0.712532,,,All
,,0.606569,0.712788,,,All
,,0.606908,0.713043,,,All
,,0.607991,0.713299,,,All
,,0.608194,0.713555,,,All
,,0.608527,0.713811,,,All
,,0.608945,0.714066,,,All
,,0.609321,0.714322,,,All
,,0.609448,0.714578,,,All
,,0.610649,0.714834,,,All
,,0.610823,0.71509,,,All
,,0.611256,0.715345,,,All
,,0.611615,0.715601,,,All
,,0.611787,0.715857,,,All
,,0.61202,0.716113,,,All
,,0.612684,0.716368,,,All
,,0.613461,0.716624,,,All
,,0.613838,0.71688,,,All
,,0.614151,0.717136,,,All
,,0.615158,0.717391,,,All
,,0.61587,0.717647,,,All
,,0.616472,0.717903,,,All
,,0.616775,0.718159,,,All
,,0.617904,0.718414,,,All
,,0.621259,0.71867,,,All
,,0.622765,0.718926,,,All
,,0.623128,0.719182,,,All
,,0.623569,0.719437,,,All
,,0.62357,0.719693,,,All
,,0.624738,0.719949,,,All
,,0.625035,0.720205,,,All
,,0.626084,0.72046,,,All
,,0.626317,0.720716,,,All
,,0.62673,0.720972,,,All
,,0.628352,0.721228,,,All
,,0.628783,0.721483,,,All
,,0.629198,0.721739,,,All
,,0.630007,0.721995,,,All
,,0.6306,0.722251,,,All
,,0.630698,0.722506,,,All
,,0.630879,0.722762,,,All
,,0.632087,0.723018,,,All
,,0.632734,0.723274,,,All
,,0.633124,0.723529,,,All
,,0.634104,0.723785,,,All
,,0.635387,0.724041,,,All
,,0.6356,0.724297,,,All
,,0.635648,0.724552,,,All
,,0.636291,0.724808,,,All
,,0.636462,0.725064,,,All
,,0.637171,0.72532,,,All
,,0.637375,0.725575,,,All
,,0.63772,0.725831,,,All
,,0.638428,0.726087,,,All
,,0.639171,0.726343,,,All
,,0.639466,0.726598,,,All
,,0.641181,0.726854,,,All
,,0.642135,0.72711,,,All
,,0.64348,0.727366,,,All
,,0.646557,0.727621,,,All
,,0.647725,0.727877,,,All
,,0.648296,0.728133,,,All
,,0.648687,0.728389,,,All
,,0.648782,0.728645,,,All
,,0.649792,0.7289,,,All
,,0.649805,0.729156,,,All
,,0.650537,0.729412,,,All
,,0.650721,0.729668,,,All
,,0.651429,0.729923,,,All
,,0.651682,0.730179,,,All
,,0.652975,0.730435,,,All
,,0.653362,0.730691,,,All
,,0.654201,0.730946,,,All
,,0.655707,0.731202,,,All
,,0.656276,0.731458,,,All
,,0.656539,0.731714,,,All
,,0.656679,0.731969,,,All
,,0.657133,0.732225,,,All
,,0.657553,0.732481,,,All
,,0.658017,0.732737,,,All
,,0.658905,0.732992,,,All
,,0.659023,0.733248,,,All
,,0.659842,0.733504,,,All
,,0.660427,0.73376,,,All
,,0.660928,0.734015,,,All
,,0.661251,0.734271,,,All
,,0.661304,0.734527,,,All
,,0.664323,0.734783,,,All
,,0.664937,0.735038,,,All
,,0.666265,0.735294,,,All
,,0.666558,0.73555,,,All
,,0.666742,0.735806,,,All
,,0.666743,0.736061,,,All
,,0.666951,0.736317,,,All
,,0.667121,0.736573,,,All
,,0.668874,0.736829,,,All
,,0.670349,0.737084,,,All
,,0.670813,0.73734,,,All
,,0.672383,0.737596,,,All
,,0.672971,0.737852,,,All
,,0.673062,0.738107,,,All
,,0.673296,0.738363,,,All
,,0.673404,0.738619,,,All
,,0.673521,0.738875,,,All
,,0.673539,0.73913,,,All
,,0.673817,0.739386,,,All
,,0.67492,0.739642,,,All
,,0.675341,0.739898,,,All
,,0.675719,0.740153,,,All
,,0.675787,0.740409,,,All
,,0.676622,0.740665,,,All
,,0.677024,0.740921,,,All
,,0.678982,0.741176,,,All
,,0.679184,0.741432,,,All
,,0.679386,0.741688,,,All
,,0.681412,0.741944,,,All
,,0.682546,0.742199,,,All
,,0.682946,0.742455,,,All
,,0.683013,0.742711,,,All
,,0.683043,0.742967,,,All
,,0.683133,0.743223,,,All
,,0.683894,0.743478,,,All
,,0.684027,0.743734,,,All
,,0.684223,0.74399,,,All
,,0.68423,0.744246,,,All
,,0.68455,0.744501,,,All
,,0.684749,0.744757,,,All
,,0.685025,0.745013,,,All
,,0.685902,0.745269,,,All
,,0.686185,0.745524,,,All
,,0.686197,0.74578,,,All
,,0.687813,0.746036,,,All
,,0.687964,0.746292,,,All
,,0.688202,0.746547,,,All
,,0.688334,0.746803,,,All
,,0.689421,0.747059,,,All
,,0.689685,0.747315,,,All
,,0.690949,0.74757,,,All
,,0.691804,0.747826,,,All
,,0.693869,0.748082,,,All
,,0.694108,0.748338,,,All
,,0.69497,0.748593,,,All
,,0.695626,0.748849,,,All
,,0.69608,0.749105,,,All
,,0.696128,0.749361,,,All
,,0.697636,0.749616,,,All
,,0.698071,0.749872,,,All
,,0.698132,0.750128,,,All
,,0.698183,0.750384,,,All
,,0.699724,0.750639,,,All
,,0.70002,0.750895,,,All
,,0.700042,0.751151,,,All
,,0.700105,0.751407,,,All
,,0.701961,0.751662,,,All
,,0.702469,0.751918,,,All
,,0.702516,0.752174,,,All
,,0.702978,0.75243,,,All
,,0.702989,0.752685,,,All
,,0.703402,0.752941,,,All
,,0.703638,0.753197,,,All
,,0.704066,0.753453,,,All
,,0.704435,0.753708,,,All
,,0.704562,0.753964,,,All
,,0.705934,0.75422,,,All
,,0.706285,0.754476,,,All
,,0.706587,0.754731,,,All
,,0.707227,0.754987,,,All
,,0.707241,0.755243,,,All
,,0.707352,0.755499,,,All
,,0.708894,0.755754,,,All
,,0.709064,0.75601,,,All
,,0.709261,0.756266,,,All
,,0.710707,0.756522,,,All
,,0.710949,0.756777,,,All
,,0.710997,0.757033,,,All
,,0.711606,0.757289,,,All
,,0.713127,0.757545,,,All
,,0.714033,0.757801,,,All
,,0.714278,0.758056,,,All
,,0.71474,0.758312,,,All
,,0.715873,0.758568,,,All
,,0.717322,0.758824,,,All
,,0.717703,0.759079,,,All
,,0.717795,0.759335,,,All
,,0.718077,0.759591,,,All
,,0.718858,0.759847,,,All
,,0.719553,0.760102,,,All
,,0.719959,0.760358,,,All
,,0.720337,0.760614,,,All
,,0.720491,0.76087,,,All
,,0.721895,0.761125,,,All
,,0.722571,0.761381,,,All
,,0.725011,0.761637,,,All
,,0.729145,0.761893,,,All
,,0.729577,0.762148,,,All
,,0.729769,0.762404,,,All
,,0.729944,0.76266,,,All
,,0.730059,0.762916,,,All
,,0.730351,0.763171,,,All
,,0.730359,0.763427,,,All
,,0.731544,0.763683,,,All
,,0.731598,0.763939,,,All
,,0.733523,0.764194,,,All
,,0.734347,0.76445,,,All
,,0.735094,0.764706,,,All
,,0.735142,0.764962,,,All
,,0.735817,0.765217,,,All
,,0.736176,0.765473,,,All
,,0.739296,0.765729,,,All
,,0.740103,0.765985,,,All
,,0.740368,0.76624,,,All
,,0.741034,0.766496,,,All
,,0.742936,0.766752,,,All
,,0.743898,0.767008,,,All
,,0.746144,0.767263,,,All
,,0.746947,0.767519,,,All
,,0.747211,0.767775,,,All
,,0.748319,0.768031,,,All
,,0.749134,0.768286,,,All
,,0.749798,0.768542,,,All
,,0.749869,0.768798,,,All
,,0.751254,0.769054,,,All
,,0.751352,0.769309,,,All
,,0.75162,0.769565,,,All
,,0.751654,0.769821,,,All
,,0.752072,0.770077,,,All
,,0.753742,0.770332,,,All
,,0.755026,0.770588,,,All
,,0.755298,0.770844,,,All
,,0.755875,0.7711,,,All
,,0.756419,0.771355,,,All
,,0.756757,0.771611,,,All
,,0.756969,0.771867,,,All
,,0.757472,0.772123,,,All
,,0.757719,0.772379,,,All
,,0.757977,0.772634,,,All
,,0.760293,0.77289,,,All
,,0.760984,0.773146,,,All
,,0.761565,0.773402,,,All
,,0.762489,0.773657,,,All
,,0.762546,0.773913,,,All
,,0.763454,0.774169,,,All
,,0.763707,0.774425,,,All
,,0.764769,0.77468,,,All
,,0.764848,0.774936,,,All
,,0.765921,0.775192,,,All
,,0.766683,0.775448,,,All
,,0.767486,0.775703,,,All
,,0.767786,0.775959,,,All
,,0.768086,0.776215,,,All
,,0.768739,0.776471,,,All
,,0.769036,0.776726,,,All
,,0.771467,0.776982,,,All
,,0.771473,0.777238,,,All
,,0.772143,0.777494,,,All
,,0.77302,0.777749,,,All
,,0.773157,0.778005,,,All
,,0.774027,0.778261,,,All
,,0.774081,0.778517,,,All
,,0.77495,0.778772,,,All
,,0.775112,0.779028,,,All
,,0.775693,0.779284,,,All
,,0.776089,0.77954,,,All
,,0.777479,0.779795,,,All
,,0.777928,0.780051,,,All
,,0.778256,0.780307,,,All
,,0.779468,0.780563,,,All
,,0.779622,0.780818,,,All
,,0.779868,0.781074,,,All
,,0.779909,0.78133,,,All
,,0.782043,0.781586,,,All
,,0.783163,0.781841,,,All
,,0.78352,0.782097,,,All
,,0.78452,0.782353,,,All
,,0.784959,0.782609,,,All
,,0.785126,0.782864,,,All
,,0.785401,0.78312,,,All
,,0.78555,0.783376,,,All
,,0.786118,0.783632,,,All
,,0.787591,0.783887,,,All
,,0.787768,0.784143,,,All
,,0.788479,0.784399,,,All
,,0.788504,0.784655,,,All
,,0.788712,0.78491,,,All
,,0.790438,0.785166,,,All
,,0.791024,0.785422,,,All
,,0.791205,0.785678,,,All
,,0.791635,0.785934,,,All
,,0.792071,0.786189,,,All
,,0.792405,0.786445,,,All
,,0.792719,0.786701,,,All
,,0.793706,0.786957,,,All
,,0.793734,0.787212,,,All
,,0.795048,0.787468,,,All
,,0.795565,0.787724,,,All
,,0.797223,0.78798,,,All
,,0.797393,0.788235,,,All
,,0.798047,0.788491,,,All
,,0.799147,0.788747,,,All
,,0.800127,0.789003,,,All
,,0.800187,0.789258,,,All
,,0.800944,0.789514,,,All
,,0.801983,0.78977,,,All
,,0.802314,0.790026,,,All
,,0.803458,0.790281,,,All
,,0.804071,0.790537,,,All
,,0.804075,0.790793,,,All
,,0.805367,0.791049,,,All
,,0.806151,0.791304,,,All
,,0.806709,0.79156,,,All
,,0.807194,0.791816,,,All
,,0.807502,0.792072,,,All
,,0.807941,0.792327,,,All
,,0.80833,0.792583,,,All
,,0.808959,0.792839,,,All
,,0.809816,0.793095,,,All
,,0.810195,0.79335,,,All
,,0.811393,0.793606,,,All
,,0.811416,0.793862,,,All
,,0.815739,0.794118,,,All
,,0.815792,0.794373,,,All
,,0.819309,0.794629,,,All
,,0.819837,0.794885,,,All
,,0.819914,0.795141,,,All
,,0.820057,0.795396,,,All
,,0.82097,0.795652,,,All
,,0.82231,0.795908,,,All
,,0.822572,0.796164,,,All
,,0.8232,0.796419,,,All
,,0.823837,0.796675,,,All
,,0.824342,0.796931,,,All
,,0.824458,0.797187,,,All
,,0.824915,0.797442,,,All
,,0.826127,0.797698,,,All
,,0.826443,0.797954,,,All
,,0.826478,0.79821,,,All
,,0.826554,0.798465,,,All
,,0.827031,0.798721,,,All
,,0.828307,0.798977,,,All
,,0.829479,0.799233,,,All
,,0.82978,0.799488,,,All
,,0.831035,0.799744,,,All
,,0.834655,0.8,,,All
,,0.834839,0.800256,,,All
,,0.835241,0.800512,,,All
,,0.835336,0.800767,,,All
,,0.835859,0.801023,,,All
,,0.838276,0.801279,,,All
,,0.83911,0.801535,,,All
,,0.839143,0.80179,,,All
,,0.83971,0.802046,,,All
,,0.841366,0.802302,,,All
,,0.843045,0.802558,,,All
,,0.843252,0.802813,,,All
,,0.843842,0.803069,,,All
,,0.844095,0.803325,,,All
,,0.844687,0.803581,,,All
,,0.846382,0.803836,,,All
,,0.846751,0.804092,,,All
,,0.846962,0.804348,,,All
,,0.847474,0.804604,,,All
,,0.847647,0.804859,,,All
,,0.848323,0.805115,,,All
,,0.848505,0.805371,,,All
,,0.848571,0.805627,,,All
,,0.849219,0.805882,,,All
,,0.849301,0.806138,,,All
,,0.850666,0.806394,,,All
,,0.850752,0.80665,,,All
,,0.850814,0.806905,,,All
,,0.85202,0.807161,,,All
,,0.852046,0.807417,,,All
,,0.852463,0.807673,,,All
,,0.85422,0.807928,,,All
,,0.854418,0.808184,,,All
,,0.854777,0.80844,,,All
,,0.856511,0.808696,,,All
,,0.857158,0.808951,,,All
,,0.858171,0.809207,,,All
,,0.85864,0.809463,,,All
,,0.859342,0.809719,,,All
,,0.859472,0.809974,,,All
,,0.859745,0.81023,,,All
,,0.861975,0.810486,,,All
,,0.863158,0.810742,,,All
,,0.863162,0.810997,,,All
,,0.86317,0.811253,,,All
,,0.863254,0.811509,,,All
,,0.86382,0.811765,,,All
,,0.863876,0.81202,,,All
,,0.864086,0.812276,,,All
,,0.864329,0.812532,,,All
,,0.86444,0.812788,,,All
,,0.865517,0.813043,,,All
,,0.866324,0.813299,,,All
,,0.867573,0.813555,,,All
,,0.867853,0.813811,,,All
,,0.869012,0.814066,,,All
,,0.869986,0.814322,,,All
,,0.870123,0.814578,,,All
,,0.870368,0.814834,,,All
,,0.870833,0.81509,,,All
,,0.87097,0.815345,,,All
,,0.871019,0.815601,,,All
,,0.871672,0.815857,,,All
,,0.872208,0.816113,,,All
,,0.873501,0.816368,,,All
,,0.874113,0.816624,,,All
,,0.874393,0.81688,,,All
,,0.875148,0.817136,,,All
,,0.875491,0.817391,,,All
,,0.875871,0.817647,,,All
,,0.876862,0.817903,,,All
,,0.878225,0.818159,,,All
,,0.879461,0.818414,,,All
,,0.880509,0.81867,,,All
,,0.881503,0.818926,,,All
,,0.881692,0.819182,,,All
,,0.882353,0.819437,,,All
,,0.88269,0.819693,,,All
,,0.883889,0.819949,,,All
,,0.886168,0.820205,,,All
,,0.887186,0.82046,,,All
,,0.887478,0.820716,,,All
,,0.888245,0.820972,,,All
,,0.88831,0.821228,,,All
,,0.888734,0.821483,,,All
,,0.889377,0.821739,,,All
,,0.889724,0.821995,,,All
,,0.891402,0.822251,,,All
,,0.891577,0.822506,,,All
,,0.892877,0.822762,,,All
,,0.893806,0.823018,,,All
,,0.893931,0.823274,,,All
,,0.894491,0.823529,,,All
,,0.894606,0.823785,,,All
,,0.89464,0.824041,,,All
,,0.895641,0.824297,,,All
,,0.897185,0.824552,,,All
,,0.897994,0.824808,,,All
,,0.898118,0.825064,,,All
,,0.89879,0.82532,,,All
,,0.899997,0.825575,,,All
,,0.90061,0.825831,,,All
,,0.900664,0.826087,,,All
,,0.90102,0.826343,,,All
,,0.903661,0.826598,,,All
,,0.904255,0.826854,,,All
,,0.906944,0.82711,,,All
,,0.907427,0.827366,,,All
,,0.907456,0.827621,,,All
,,0.907633,0.827877,,,All
,,0.909998,0.828133,,,All
,,0.910037,0.828389,,,All
,,0.910067,0.828645,,,All
,,0.910853,0.8289,,,All
,,0.913733,0.829156,,,All
,,0.914893,0.829412,,,All
,,0.917019,0.829668,,,All
,,0.91776,0.829923,,,All
,,0.920012,0.830179,,,All
,,0.920022,0.830435,,,All
,,0.921046,0.830691,,,All
,,0.922066,0.830946,,,All
,,0.926042,0.831202,,,All
,,0.9276,0.831458,,,All
,,0.92965,0.831714,,,All
,,0.932445,0.831969,,,All
,,0.935122,0.832225,,,All
,,0.93523,0.832481,,,All
,,0.935404,0.832737,,,All
,,0.937115,0.832992,,,All
,,0.937716,0.833248,,,All
,,0.94009,0.833504,,,All
,,0.940959,0.83376,,,All
,,0.94099,0.834015,,,All
,,0.941688,0.834271,,,All
,,0.942914,0.834527,,,All
,,0.944385,0.834783,,,All
,,0.946124,0.835038,,,All
,,0.946358,0.835294,,,All
,,0.946393,0.83555,,,All
,,0.947371,0.835806,,,All
,,0.948256,0.836061,,,All
,,0.950088,0.836317,,,All
,,0.950671,0.836573,,,All
,,0.951603,0.836829,,,All
,,0.95306,0.837084,,,All
,,0.953521,0.83734,,,All
,,0.955855,0.837596,,,All
,,0.957295,0.837852,,,All
,,0.95731,0.838107,,,All
,,0.957466,0.838363,,,All
,,0.9577,0.838619,,,All
,,0.959562,0.838875,,,All
,,0.961901,0.83913,,,All
,,0.962155,0.839386,,,All
,,0.962922,0.839642,,,All
,,0.963058,0.839898,,,All
,,0.968378,0.840153,,,All
,,0.968443,0.840409,,,All
,,0.968499,0.840665,,,All
,,0.970875,0.840921,,,All
,,0.971223,0.841176,,,All
,,0.972391,0.841432,,,All
,,0.974491,0.841688,,,All
,,0.97483,0.841944,,,All
,,0.97539,0.842199,,,All
,,0.977361,0.842455,,,All
,,0.978114,0.842711,,,All
,,0.978122,0.842967,,,All
,,0.979009,0.843223,,,All
,,0.979441,0.843478,,,All
,,0.979657,0.843734,,,All
,,0.980209,0.84399,,,All
,,0.981011,0.844246,,,All
,,0.983558,0.844501,,,All
,,0.983722,0.844757,,,All
,,0.985109,0.845013,,,All
,,0.987313,0.845269,,,All
,,0.987336,0.845524,,,All
,,0.987573,0.84578,,,All
,,0.993391,0.846036,,,All
,,0.994135,0.846292,,,All
,,0.995679,0.846547,,,All
,,0.996595,0.846803,,,All
,,0.997079,0.847059,,,All
,,0.998495,0.847315,,,All
,,0.999093,0.84757,,,All
,,1.00178,0.847826,,,All
,,1.0022,0.848082,,,All
,,1.00223,0.848338,,,All
,,1.00269,0.848593,,,All
,,1.00444,0.848849,,,All
,,1.00669,0.849105,,,All
,,1.00908,0.849361,,,All
,,1.00909,0.849616,,,All
,,1.00969,0.849872,,,All
,,1.01135,0.850128,,,All
,,1.01412,0.850384,,,All
,,1.01463,0.850639,,,All
,,1.01574,0.850895,,,All
,,1.01614,0.851151,,,All
,,1.01764,0.851407,,,All
,,1.01892,0.851662,,,All
,,1.02036,0.851918,,,All
,,1.0205,0.852174,,,All
,,1.02119,0.85243,,,All
,,1.02124,0.852685,,,All
,,1.02168,0.852941,,,All
,,1.02298,0.853197,,,All
,,1.02344,0.853453,,,All
,,1.02405,0.853708,,,All
,,1.02453,0.853964,,,All
,,1.0255,0.85422,,,All
,,1.02584,0.854476,,,All
,,1.02618,0.854731,,,All
,,1.02688,0.854987,,,All
,,1.02696,0.855243,,,All
,,1.02698,0.855499,,,All
,,1.02708,0.855754,,,All
,,1.0283,0.85601,,,All
,,1.02915,0.856266,,,All
,,1.02936,0.856522,,,All
,,1.03243,0.856777,,,All
,,1.03245,0.857033,,,All
,,1.03488,0.857289,,,All
,,1.03622,0.857545,,,All
,,1.0369,0.857801,,,All
,,1.03712,0.858056,,,All
,,1.04289,0.858312,,,All
,,1.043,0.858568,,,All
,,1.04405,0.858824,,,All
,,1.0451,0.859079,,,All
,,1.04754,0.859335,,,All
,,1.04769,0.859591,,,All
,,1.04797,0.859847,,,All
,,1.04826,0.860102,,,All
,,1.05058,0.860358,,,All
,,1.05125,0.860614,,,All
,,1.05167,0.86087,,,All
,,1.05357,0.861125,,,All
,,1.05543,0.861381,,,All
,,1.05676,0.861637,,,All
,,1.05829,0.861893,,,All
,,1.06,0.862148,,,All
,,1.06083,0.862404,,,All
,,1.06143,0.86266,,,All
,,1.06578,0.862916,,,All
,,1.06595,0.863171,,,All
,,1.06616,0.863427,,,All
,,1.06659,0.863683,,,All
,,1.06668,0.863939,,,All
,,1.06689,0.864194,,,All
,,1.06726,0.86445,,,All
,,1.06742,0.864706,,,All
,,1.06756,0.864962,,,All
,,1.06823,0.865217,,,All
,,1.0721,0.865473,,,All
,,1.07283,0.865729,,,All
,,1.07549,0.865985,,,All
,,1.07578,0.86624,,,All
,,1.07599,0.866496,,,All
,,1.07638,0.866752,,,All
,,1.07696,0.867008,,,All
,,1.07741,0.867263,,,All
,,1.08099,0.867519,,,All
,,1.08102,0.867775,,,All
,,1.08305,0.868031,,,All
,,1.08308,0.868286,,,All
,,1.08426,0.868542,,,All
,,1.08454,0.868798,,,All
,,1.08543,0.869054,,,All
,,1.08647,0.869309,,,All
,,1.09403,0.869565,,,All
,,1.09452,0.869821,,,All
,,1.09547,0.870077,,,All
,,1.0973,0.870332,,,All
,,1.09835,0.870588,,,All
,,1.09894,0.870844,,,All
,,1.09931,0.8711,,,All
,,1.10051,0.871355,,,All
,,1.10115,0.871611,,,All
,,1.10279,0.871867,,,All
,,1.105,0.872123,,,All
,,1.10553,0.872379,,,All
,,1.1082,0.872634,,,All
,,1.1089,0.87289,,,All
,,1.10956,0.873146,,,All
,,1.11016,0.873402,,,All
,,1.11107,0.873657,,,All
,,1.1111,0.873913,,,All
,,1.1115,0.874169,,,All
,,1.11289,0.874425,,,All
,,1.11412,0.87468,,,All
,,1.11437,0.874936,,,All
,,1.11465,0.875192,,,All
,,1.11527,0.875448,,,All
,,1.11678,0.875703,,,All
,,1.12027,0.875959,,,All
,,1.12029,0.876215,,,All
,,1.12213,0.876471,,,All
,,1.12384,0.876726,,,All
,,1.12448,0.876982,,,All
,,1.12592,0.877238,,,All
,,1.12596,0.877494,,,All
,,1.12599,0.877749,,,All
,,1.12819,0.878005,,,All
,,1.12944,0.878261,,,All
,,1.12967,0.878517,,,All
,,1.13011,0.878772,,,All
,,1.13059,0.879028,,,All
,,1.13319,0.879284,,,All
,,1.14051,0.87954,,,All
,,1.14096,0.879795,,,All
,,1.14143,0.880051,,,All
,,1.14153,0.880307,,,All
,,1.14213,0.880563,,,All
,,1.14228,0.880818,,,All
,,1.14289,0.881074,,,All
,,1.14314,0.88133,,,All
,,1.14314,0.881586,,,All
,,1.14398,0.881841,,,All
,,1.14417,0.882097,,,All
,,1.14472,0.882353,,,All
,,1.14734,0.882609,,,All
,,1.14815,0.882864,,,All
,,1.15207,0.88312,,,All
,,1.15261,0.883376,,,All
,,1.15328,0.883632,,,All
,,1.1542,0.883887,,,All
,,1.15422,0.884143,,,All
,,1.1558,0.884399,,,All
,,1.15593,0.884655,,,All
,,1.16322,0.88491,,,All
,,1.16559,0.885166,,,All
,,1.16617,0.885422,,,All
,,1.16652,0.885678,,,All
,,1.16682,0.885934,,,All
,,1.16742,0.886189,,,All
,,1.16835,0.886445,,,All
,,1.16856,0.886701,,,All
,,1.16949,0.886957,,,All
,,1.17119,0.887212,,,All
,,1.17165,0.887468,,,All
,,1.17206,0.887724,,,All
,,1.17209,0.88798,,,All
,,1.17586,0.888235,,,All
,,1.17654,0.888491,,,All
,,1.17664,0.888747,,,All
,,1.17671,0.889003,,,All
,,1.1773,0.889258,,,All
,,1.1803,0.889514,,,All
,,1.18449,0.88977,,,All
,,1.1847,0.890026,,,All
,,1.18835,0.890281,,,All
,,1.18843,0.890537,,,All
,,1.18856,0.890793,,,All
,,1.19131,0.891049,,,All
,,1.19464,0.891304,,,All
,,1.19543,0.89156,,,All
,,1.20137,0.891816,,,All
,,1.2034,0.892072,,,All
,,1.20486,0.892327,,,All
,,1.20497,0.892583,,,All
,,1.20542,0.892839,,,All
,,1.209,0.893095,,,All
,,1.21051,0.89335,,,All
,,1.21129,0.893606,,,All
,,1.21208,0.893862,,,All
,,1.21311,0.894118,,,All
,,1.21535,0.894373,,,All
,,1.21655,0.894629,,,All
,,1.21656,0.894885,,,All
,,1.21784,0.895141,,,All
,,1.21834,0.895396,,,All
,,1.22101,0.895652,,,All
,,1.22563,0.895908,,,All
,,1.22602,0.896164,,,All
,,1.22612,0.896419,,,All
,,1.22726,0.896675,,,All
,,1.22964,0.896931,,,All
,,1.22978,0.897187,,,All
,,1.23001,0.897442,,,All
,,1.23253,0.897698,,,All
,,1.23271,0.897954,,,All
,,1.23557,0.89821,,,All
,,1.23868,0.898465,,,All
,,1.23968,0.898721,,,All
,,1.24529,0.898977,,,All
,,1.24651,0.899233,,,All
,,1.24683,0.899488,,,All
,,1.24716,0.899744,,,All
,,1.25253,0.9,,,All
,,1.25989,0.900256,,,All
,,1.26023,0.900512,,,All
,,1.26064,0.900767,,,All
,,1.26202,0.901023,,,All
,,1.26306,0.901279,,,All
,,1.26308,0.901535,,,All
,,1.26332,0.90179,,,All
,,1.26478,0.902046,,,All
,,1.26548,0.902302,,,All
,,1.26642,0.902558,,,All
,,1.26805,0.902813,,,All
,,1.26838,0.903069,,,All
,,1.26875,0.903325,,,All
,,1.27243,0.903581,,,All
,,1.27276,0.903836,,,All
,,1.28385,0.904092,,,All
,,1.28529,0.904348,,,All
,,1.2857,0.904604,,,All
,,1.2872,0.904859,,,All
,,1.28734,0.905115,,,All
,,1.28889,0.905371,,,All
,,1.29078,0.905627,,,All
,,1.29263,0.905882,,,All
,,1.29473,0.906138,,,All
,,1.29556,0.906394,,,All
,,1.29645,0.90665,,,All
,,1.29711,0.906905,,,All
,,1.29873,0.907161,,,All
,,1.30139,0.907417,,,All
,,1.30186,0.907673,,,All
,,1.30335,0.907928,,,All
,,1.30421,0.908184,,,All
,,1.30678,0.90844,,,All
,,1.30861,0.908696,,,All
,,1.30915,0.908951,,,All
,,1.31045,0.909207,,,All
,,1.31767,0.909463,,,All
,,1.31893,0.909719,,,All
,,1.32074,0.909974,,,All
,,1.32584,0.91023,,,All
,,1.32607,0.910486,,,All
,,1.32894,0.910742,,,All
,,1.33416,0.910997,,,All
,,1.33558,0.911253,,,All
,,1.33616,0.911509,,,All
,,1.33708,0.911765,,,All
,,1.33737,0.91202,,,All
,,1.33749,0.912276,,,All
,,1.33785,0.912532,,,All
,,1.33825,0.912788,,,All
,,1.33878,0.913043,,,All
,,1.33906,0.913299,,,All
,,1.34569,0.913555,,,All
,,1.34628,0.913811,,,All
,,1.34737,0.914066,,,All
,,1.34918,0.914322,,,All
,,1.35108,0.914578,,,All
,,1.35163,0.914834,,,All
,,1.35381,0.91509,,,All
,,1.35447,0.915345,,,All
,,1.35574,0.915601,,,All
,,1.35708,0.915857,,,All
,,1.35817,0.916113,,,All
,,1.3593,0.916368,,,All
,,1.35987,0.916624,,,All
,,1.3605,0.91688,,,All
,,1.36081,0.917136,,,All
,,1.36142,0.917391,,,All
,,1.36408,0.917647,,,All
,,1.36409,0.917903,,,All
,,1.36592,0.918159,,,All
,,1.36687,0.918414,,,All
,,1.36976,0.91867,,,All
,,1.37048,0.918926,,,All
,,1.37099,0.919182,,,All
,,1.3712,0.919437,,,All
,,1.37364,0.919693,,,All
,,1.37481,0.919949,,,All
,,1.37529,0.920205,,,All
,,1.37617,0.92046,,,All
,,1.37827,0.920716,,,All
,,1.3791,0.920972,,,All
,,1.38074,0.921228,,,All
,,1.38466,0.921483,,,All
,,1.38471,0.921739,,,All
,,1.38473,0.921995,,,All
,,1.3849,0.922251,,,All
,,1.38612,0.922506,,,All
,,1.38711,0.922762,,,All
,,1.38801,0.923018,,,All
,,1.39138,0.923274,,,All
,,1.39291,0.923529,,,All
,,1.39398,0.923785,,,All
,,1.39524,0.924041,,,All
,,1.39569,0.924297,,,All
,,1.39596,0.924552,,,All
,,1.39697,0.924808,,,All
,,1.40398,0.925064,,,All
,,1.40408,0.92532,,,All
,,1.4077,0.925575,,,All
,,1.40803,0.925831,,,All
,,1.40905,0.926087,,,All
,,1.4125,0.926343,,,All
,,1.4133,0.926598,,,All
,,1.41338,0.926854,,,All
,,1.4138,0.92711,,,All
,,1.41499,0.927366,,,All
,,1.41837,0.927621,,,All
,,1.42369,0.927877,,,All
,,1.42751,0.928133,,,All
,,1.42864,0.928389,,,All
,,1.42999,0.928645,,,All
,,1.43073,0.9289,,,All
,,1.43423,0.929156,,,All
,,1.43602,0.929412,,,All
,,1.43931,0.929668,,,All
,,1.43965,0.929923,,,All
,,1.4403,0.930179,,,All
,,1.44377,0.930435,,,All
,,1.44523,0.930691,,,All
,,1.44566,0.930946,,,All
,,1.44638,0.931202,,,All
,,1.44901,0.931458,,,All
,,1.44943,0.931714,,,All
,,1.45061,0.931969,,,All
,,1.45304,0.932225,,,All
,,1.4562,0.932481,,,All
,,1.45952,0.932737,,,All
,,1.46065,0.932992,,,All
,,1.46238,0.933248,,,All
,,1.46453,0.933504,,,All
,,1.47125,0.93376,,,All
,,1.47292,0.934015,,,All
,,1.47303,0.934271,,,All
,,1.474,0.934527,,,All
,,1.47683,0.934783,,,All
,,1.48545,0.935038,,,All
,,1.48576,0.935294,,,All
,,1.48582,0.93555,,,All
,,1.48756,0.935806,,,All
,,1.49231,0.936061,,,All
,,1.49425,0.936317,,,All
,,1.49556,0.936573,,,All
,,1.49842,0.936829,,,All
,,1.49867,0.937084,,,All
,,1.49888,0.93734,,,All
,,1.50012,0.937596,,,All
,,1.50218,0.937852,,,All
,,1.50404,0.938107,,,All
,,1.50717,0.938363,,,All
,,1.50772,0.938619,,,All
,,1.51345,0.938875,,,All
,,1.51606,0.93913,,,All
,,1.52018,0.939386,,,All
,,1.52298,0.939642,,,All
,,1.52662,0.939898,,,All
,,1.53153,0.940153,,,All
,,1.53398,0.940409,,,All
,,1.53781,0.940665,,,All
,,1.53819,0.940921,,,All
,,1.54469,0.941176,,,All
,,1.55048,0.941432,,,All
,,1.55286,0.941688,,,All
,,1.55291,0.941944,,,All
,,1.55421,0.942199,,,All
,,1.55542,0.942455,,,All
,,1.55598,0.942711,,,All
,,1.55857,0.942967,,,All
,,1.55865,0.943223,,,All
,,1.55895,0.943478,,,All
,,1.55911,0.943734,,,All
,,1.56241,0.94399,,,All
,,1.56538,0.944246,,,All
,,1.56625,0.944501,,,All
,,1.57249,0.944757,,,All
,,1.57388,0.945013,,,All
,,1.57516,0.945269,,,All
,,1.57802,0.945524,,,All
,,1.57954,0.94578,,,All
,,1.58012,0.946036,,,All
,,1.58161,0.946292,,,All
,,1.5837,0.946547,,,All
,,1.58393,0.946803,,,All
,,1.58684,0.947059,,,All
,,1.59033,0.947315,,,All
,,1.59485,0.94757,,,All
,,1.59978,0.947826,,,All
,,1.60018,0.948082,,,All
,,1.60322,0.948338,,,All
,,1.60461,0.948593,,,All
,,1.60547,0.948849,,,All
,,1.60782,0.949105,,,All
,,1.60799,0.949361,,,All
,,1.61616,0.949616,,,All
,,1.6162,0.949872,,,All
,,1.61954,0.950128,,,All
,,1.62095,0.950384,,,All
,,1.62546,0.950639,,,All
,,1.63714,0.950895,,,All
,,1.63998,0.951151,,,All
,,1.64194,0.951407,,,All
,,1.64343,0.951662,,,All
,,1.64509,0.951918,,,All
,,1.64759,0.952174,,,All
,,1.64893,0.95243,,,All
,,1.65105,0.952685,,,All
,,1.65751,0.952941,,,All
,,1.66711,0.953197,,,All
,,1.66822,0.953453,,,All
,,1.66963,0.953708,,,All
,,1.6735,0.953964,,,All
,,1.67514,0.95422,,,All
,,1.67526,0.954476,,,All
,,1.68506,0.954731,,,All
,,1.6858,0.954987,,,All
,,1.6866,0.955243,,,All
,,1.68722,0.955499,,,All
,,1.68731,0.955754,,,All
,,1.68732,0.95601,,,All
,,1.68812,0.956266,,,All
,,1.68916,0.956522,,,All
,,1.69056,0.956777,,,All
,,1.69149,0.957033,,,All
,,1.69246,0.957289,,,All
,,1.69274,0.957545,,,All
,,1.69474,0.957801,,,All
,,1.69485,0.958056,,,All
,,1.70342,0.958312,,,All
,,1.71353,0.958568,,,All
,,1.71469,0.958824,,,All
,,1.7171,0.959079,,,All
,,1.71772,0.959335,,,All
,,1.72492,0.959591,,,All
,,1.72945,0.959847,,,All
,,1.73579,0.960102,,,All
,,1.73616,0.960358,,,All
,,1.73722,0.960614,,,All
,,1.73793,0.96087,,,All
,,1.73964,0.961125,,,All
,,1.7397,0.961381,,,All
,,1.741,0.961637,,,All
,,1.74748,0.961893,,,All
,,1.75076,0.962148,,,All
,,1.7555,0.962404,,,All
,,1.75604,0.96266,,,All
,,1.76134,0.962916,,,All
,,1.76418,0.963171,,,All
,,1.78611,0.963427,,,All
,,1.78729,0.963683,,,All
,,1.79151,0.963939,,,All
,,1.80251,0.964194,,,All
,,1.80299,0.96445,,,All
,,1.80328,0.964706,,,All
,,1.80359,0.964962,,,All
,,1.81578,0.965217,,,All
,,1.81872,0.965473,,,All
,,1.8208,0.965729,,,All
,,1.82216,0.965985,,,All
,,1.82709,0.96624,,,All
,,1.83427,0.966496,,,All
,,1.83465,0.966752,,,All
,,1.84171,0.967008,,,All
,,1.84535,0.967263,,,All
,,1.84871,0.967519,,,All
,,1.85061,0.967775,,,All
,,1.85148,0.968031,,,All
,,1.85237,0.968286,,,All
,,1.85611,0.968542,,,All
,,1.85976,0.968798,,,All
,,1.86805,0.969054,,,All
,,1.86963,0.969309,,,All
,,1.87836,0.969565,,,All
,,1.88023,0.969821,,,All
,,1.88368,0.970077,,,All
,,1.89063,0.970332,,,All
,,1.92681,0.970588,,,All
,,1.92762,0.970844,,,All
,,1.93512,0.9711,,,All
,,1.9441,0.971355,,,All
,,1.94686,0.971611,,,All
,,1.95248,0.971867,,,All
,,1.96294,0.972123,,,All
,,1.96316,0.972379,,,All
,,1.97683,0.972634,,,All
,,1.97759,0.97289,,,All
,,1.98642,0.973146,,,All
,,1.9889,0.973402,,,All
,,1.99288,0.973657,,,All
,,1.99688,0.973913,,,All
,,1.99783,0.974169,,,All
,,1.99997,0.974425,,,All
,,2.00379,0.97468,,,All
,,2.00982,0.974936,,,All
,,2.01937,0.975192,,,All
,,2.02183,0.975448,,,All
,,2.02612,0.975703,,,All
,,2.04325,0.975959,,,All
,,2.04711,0.976215,,,All
,,2.05279,0.976471,,,All
,,2.06027,0.976726,,,All
,,2.06182,0.976982,,,All
,,2.06574,0.977238,,,All
,,2.06727,0.977494,,,All
,,2.07481,0.977749,,,All
,,2.0876,0.978005,,,All
,,2.1028,0.978261,,,All
,,2.10606,0.978517,,,All
,,2.1092,0.978772,,,All
,,2.11783,0.979028,,,All
,,2.12184,0.979284,,,All
,,2.12242,0.97954,,,All
,,2.13096,0.979795,,,All
,,2.13481,0.980051,,,All
,,2.14153,0.980307,,,All
,,2.15274,0.980563,,,All
,,2.17502,0.980818,,,All
,,2.19114,0.981074,,,All
,,2.20908,0.98133,,,All
,,2.21173,0.981586,,,All
,,2.21746,0.981841,,,All
,,2.23455,0.982097,,,All
,,2.23631,0.982353,,,All
,,2.23733,0.982609,,,All
,,2.2509,0.982864,,,All
,,2.25201,0.98312,,,All
,,2.25216,0.983376,,,All
,,2.25439,0.983632,,,All
,,2.26064,0.983887,,,All
,,2.27945,0.984143,,,All
,,2.28517,0.984399,,,All
,,2.29052,0.984655,,,All
,,2.31826,0.98491,,,All
,,2.33335,0.985166,,,All
,,2.33869,0.985422,,,All
,,2.34334,0.985678,,,All
,,2.35706,0.985934,,,All
,,2.37114,0.986189,,,All
,,2.37553,0.986445,,,All
,,2.37601,0.986701,,,All
,,2.40031,0.986957,,,All
,,2.40037,0.987212,,,All
,,2.40742,0.987468,,,All
,,2.41554,0.987724,,,All
,,2.4201,0.98798,,,All
,,2.42769,0.988235,,,All
,,2.43884,0.988491,,,All
,,2.47309,0.988747,,,All
,,2.48823,0.989003,,,All
,,2.49134,0.989258,,,All
,,2.49409,0.989514,,,All
,,2.49424,0.98977,,,All
,,2.49744,0.990026,,,All
,,2.51909,0.990281,,,All
,,2.55622,0.990537,,,All
,,2.57199,0.990793,,,All
,,2.59255,0.991049,,,All
,,2.60136,0.991304,,,All
,,2.60979,0.99156,,,All
,,2.61074,0.991816,,,All
,,2.63602,0.992072,,,All
,,2.64475,0.992327,,,All
,,2.65821,0.992583,,,All
,,2.71889,0.992839,,,All
,,2.71936,0.993095,,,All
,,2.76889,0.99335,,,All
,,2.82345,0.993606,,,All
,,2.86735,0.993862,,,All
,,2.88018,0.994118,,,All
,,3.03303,0.994373,,,All
,,3.05646,0.994629,,,All
,,3.33443,0.994885,,,All
,,3.43804,0.995141,,,All
,,3.49583,0.995396,,,All
,,3.49583,0.995652,,,All
,,3.49583,0.995908,,,All
,,3.49583,0.996164,,,All
,,3.49583,0.996419,,,All
,,3.49583,0.996675,,,All
,,3.49583,0.996931,,,All
,,3.49583,0.997187,,,All
,,3.49583,0.997442,,,All
,,3.69438,0.997698,,,All
,,4.0064,0.997954,,,All
,,4.0064,0.99821,,,All
,,4.0064,0.998465,,,All
,,4.0064,0.998721,,,All
,,4.0064,0.998977,,,All
,,4.0064,0.999233,,,All
,,4.0064,0.999488,,,All
,,4.0064,0.999744,,,All
,,4.0064,1,,,All
