ID,time,pop,popPred,indivPredMean,indivPredMode
7,1,0,0,0,0
7,1.02243,0,0,0,0
7,1.04536,0,0,0,0
7,1.06881,0,0,0,0
7,1.09278,0,0,0,0
7,1.11729,0,0,0,0
7,1.12,0,0,0,0
7,1.14235,0,0,0,0
7,1.16797,0,0,0,0
7,1.19416,0,0,0,0
7,1.22095,0,0,0,0
7,1.24,0,0,0,0
7,1.24833,0,0,0,0
7,1.27633,0,0,0,0
7,1.30495,0,0,0,0
7,1.33422,0,0,0,0
7,1.36,0,0,0,0
7,1.36415,0,0,0,0
7,1.39474,0,0,0,0
7,1.42603,0,0,0,0
7,1.45801,0,0,0,0
7,1.48,0,0,0,0
7,1.49071,0,0,0,0
7,1.5,0,0,0,0
7,1.52414,0,0,0,0
7,1.55833,0,0,0,0
7,1.59328,0,0,0,0
7,1.6,0,0,0,0
7,1.62902,0,0,0,0
7,1.66555,0,0,0,0
7,1.70291,0,0,0,0
7,1.72,0,0,0,0
7,1.7411,0,0,0,0
7,1.78015,0,0,0,0
7,1.82008,0,0,0,0
7,1.84,0,0,0,0
7,1.8609,0,0,0,0
7,1.90264,0,0,0,0
7,1.94531,0,0,0,0
7,1.96,0.208628,0.208628,0,0
7,1.98894,0.916084,0.916084,0,0
7,2,1.13314,1.13314,0,0
7,2.03355,1.70662,1.70662,0,0
7,2.07916,2.33289,2.33289,0,0
7,2.08,2.3432,2.3432,0,0
7,2.12579,2.85284,2.85284,0,0
7,2.17347,3.29788,3.29788,0,0
7,2.2,3.51656,3.51656,0,0
7,2.22222,3.68647,3.68647,0,0
7,2.27206,4.03071,4.03071,0,0
7,2.32,4.32211,4.32211,0,0
7,2.32302,4.33934,4.33934,0,0
7,2.37512,4.61867,4.61867,0,0
7,2.42839,4.87345,4.87345,0,0
7,2.44,4.92542,4.92542,0,0
7,2.48285,5.10741,5.10741,0,0
7,2.5,5.17627,5.17627,0,0
7,2.53854,5.3235,5.3235,0,0
7,2.56,5.40142,5.40142,0,0
7,2.59548,5.52417,5.52417,0,0
7,2.65369,5.71109,5.71109,0,0
7,2.68,5.79012,5.79012,0,0
7,2.71321,5.88577,5.88577,0.046085,0
7,2.77406,6.04966,6.04966,0.760443,0
7,2.8,6.11548,6.11548,0.945177,0
7,2.83628,6.20377,6.20377,1.1655,0
7,2.89989,6.34902,6.34902,1.50322,0.691158
7,2.92,6.39259,6.39259,1.60281,0.846753
7,2.96493,6.48623,6.48623,1.81653,1.13193
7,3,6.55594,6.55594,1.9758,1.32479
7,3.03143,6.61609,6.61609,2.11342,1.48633
7,3.04,6.63212,6.63212,2.15012,1.529
7,3.09942,6.73908,6.73908,2.39566,1.8125
7,3.16,6.8408,6.8408,2.63079,2.08236
7,3.16894,6.85527,6.85527,2.66428,2.12071
7,3.24001,6.96591,6.96591,2.92037,2.41307
7,3.28,7.0247,7.0247,3.05704,2.56838
7,3.31268,7.07104,7.07104,3.16508,2.69078
7,3.38698,7.17122,7.17122,3.39914,2.95505
7,3.4,7.18807,7.18807,3.43861,2.9995
7,3.46295,7.26679,7.26679,3.62341,3.2072
7,3.5,7.31106,7.31106,3.72775,3.3241
7,3.52,7.33434,7.33434,3.78279,3.38564
7,3.54062,7.35789,7.35789,3.83861,3.44798
7,3.62003,7.44462,7.44462,4.04518,3.6784
7,3.64,7.46546,7.46546,4.09519,3.73404
7,3.70122,7.52701,7.52701,4.24402,3.89923
7,3.76,7.58297,7.58297,4.38071,4.05051
7,3.78423,7.60516,7.60516,4.4355,4.11095
7,3.86911,7.67905,7.67905,4.62011,4.31457
7,3.88,7.68811,7.68811,4.64301,4.3398
7,3.95588,7.74863,7.74863,4.79781,4.5106
7,4,7.78178,7.78178,4.88397,4.60581
7,4.04461,7.81384,7.81384,4.96923,4.69919
7,4.12,7.86466,7.86466,5.10838,4.85058
7,4.13532,7.87448,7.87448,5.13598,4.88038
7,4.22807,7.93044,7.93044,5.29679,5.05595
7,4.24,7.93719,7.93719,5.31671,5.07785
7,4.3229,7.98144,7.98144,5.45108,5.22618
7,4.36,7.99972,7.99972,5.50913,5.28991
7,4.41986,8.02725,8.02725,5.60021,5.38944
7,4.48,8.05248,8.05248,5.68884,5.48583
7,4.5,8.06034,8.06034,5.71768,5.51716
7,4.51899,8.06756,8.06756,5.74478,5.54659
7,4.6,8.09569,8.09569,5.85728,5.66873
7,4.62034,8.10208,8.10208,5.88478,5.6986
7,4.72,8.12957,8.12957,6.01534,5.84036
7,4.72397,8.13053,8.13053,6.0204,5.84585
7,4.82992,8.15263,8.15263,6.15164,5.98842
7,4.84,8.15437,8.15437,6.16376,6.00158
7,4.93825,8.16816,8.16816,6.27845,6.12632
7,4.96,8.17044,8.17044,6.30299,6.15311
7,5,8.17394,8.17394,6.34735,6.20165
7,5.04901,8.17698,8.17698,6.40057,6.25975
7,5.08,8.17823,8.17823,6.43366,6.29571
7,5.16225,8.17904,8.17904,6.51937,6.3884
7,5.2,8.17823,8.17823,6.55761,6.42976
7,5.27803,8.17434,8.17434,6.63447,6.51306
7,5.32,8.17104,8.17104,6.67484,6.55653
7,5.39641,8.163,8.163,6.74654,6.63319
7,5.44,8.15729,8.15729,6.78638,6.67583
7,5.5,8.14817,8.14817,6.8398,6.73344
7,5.51744,8.14526,8.14526,6.85495,6.74995
7,5.56,8.13767,8.13767,6.89115,6.78977
7,5.64119,8.12141,8.12141,6.95765,6.86335
7,5.68,8.11286,8.11286,6.98831,6.89742
7,5.76772,8.09183,8.09183,7.05551,6.97192
7,5.8,8.08354,8.08354,7.07945,6.99848
7,5.89708,8.05696,8.05696,7.14891,7.07558
7,5.92,8.05036,8.05036,7.16478,7.0932
7,6,8.02639,8.02639,7.21845,7.15296
7,6.02934,8.01727,8.01727,7.23746,7.1742
7,6.04,8.01392,8.01392,7.24427,7.18182
7,6.16,7.97478,7.97478,7.31782,7.26438
7,6.16457,7.97324,7.97324,7.3205,7.2674
7,6.28,7.93335,7.93335,7.38513,7.34081
7,6.30283,7.9252,7.9252,7.39724,7.35466
7,6.4,7.88946,7.88946,7.4462,7.41109
7,6.44419,7.87251,7.87251,7.46702,7.43536
7,6.5,7.85042,7.85042,7.49206,7.46477
7,6.52,7.84232,7.84232,7.50069,7.47497
7,6.58873,7.81375,7.81375,7.52894,7.50861
7,6.64,7.79169,7.79169,7.5485,7.53227
7,6.7365,7.74848,7.74848,7.58191,7.57347
7,6.76,7.73762,7.73762,7.58938,7.58283
7,6.88,7.68011,7.68011,7.62331,7.62644
7,6.88759,7.67635,7.67635,7.62521,7.62896
7,7,7.61914,7.61914,7.65003,7.66299
7,7.04207,7.59695,7.59695,7.6577,7.67411
7,7.12,7.55471,7.55471,7.6696,7.69237
7,7.20002,7.50982,7.50982,7.6787,7.70799
7,7.24,7.48679,7.48679,7.68206,7.71459
7,7.36,7.41531,7.41531,7.68756,7.72972
7,7.3615,7.41439,7.41439,7.68759,7.72986
7,7.48,7.34021,7.34021,7.68633,7.7379
7,7.5,7.32733,7.32733,7.68549,7.73861
7,7.52661,7.31005,7.31005,7.6841,7.73928
7,7.6,7.26143,7.26143,7.67863,7.73945
7,7.69542,7.19612,7.19612,7.66816,7.7361
7,7.72,7.1789,7.1789,7.66487,7.73462
7,7.84,7.09255,7.09255,7.64545,7.72386
7,7.86802,7.07183,7.07183,7.64014,7.72054
7,7.96,7.0023,7.0023,7.62081,7.70761
7,8,6.97134,6.97134,7.61152,7.70105
7,8.04448,6.9364,6.9364,7.60061,7.69312
7,8.08,6.90811,6.90811,7.59146,7.68634
7,8.2,6.80995,6.80995,7.55781,7.66056
7,8.22491,6.78907,6.78907,7.55029,7.65469
7,8.32,6.70783,6.70783,7.51969,7.63076
7,8.40938,6.62921,6.62921,7.48792,7.60623
7,8.44,6.60179,6.60179,7.47627,7.59736
7,8.5,6.54733,6.54733,7.45216,7.57926
7,8.56,6.49194,6.49194,7.42659,7.56021
7,8.59799,6.45641,6.45641,7.40974,7.54762
7,8.68,6.37849,6.37849,7.37179,7.51893
7,8.79083,6.27072,6.27072,7.31662,7.47666
7,8.8,6.26169,6.26169,7.31187,7.473
7,8.92,6.14191,6.14191,7.24697,7.42286
7,8.988,6.07288,6.07288,7.20798,7.39269
7,9,6.06062,6.06062,7.20093,7.38723
7,9.04,6.01964,6.01964,7.17709,7.36875
7,9.16,5.89543,5.89543,7.10234,7.3107
7,9.18959,5.86462,5.86462,7.08317,7.2958
7,9.28,5.77007,5.77007,7.02277,7.24883
7,9.3957,5.64862,5.64862,6.94152,7.18567
7,9.4,5.64409,5.64409,6.93841,7.18325
7,9.5,5.53899,5.53899,6.86445,7.12583
7,9.52,5.51796,5.51796,6.84926,7.11405
7,9.60643,5.4273,5.4273,6.78209,7.06195
7,9.64,5.39226,5.39226,6.75532,7.0412
7,9.76,5.26817,5.26817,6.65661,6.96471
7,9.82189,5.20552,5.20552,6.60384,6.92382
7,9.88,5.14771,5.14771,6.55312,6.88453
7,10,5.03166,5.03166,6.44482,6.80065
7,10.0422,4.99182,4.99182,6.40561,6.77027
7,10.12,4.91963,4.91963,6.33171,6.713
7,10.24,4.81235,4.81235,6.21388,6.62159
7,10.2674,4.78858,4.78858,6.18632,6.60019
7,10.36,4.71034,4.71034,6.0914,6.52638
7,10.48,4.61381,4.61381,5.96443,6.42733
7,10.4977,4.60005,4.60005,5.94535,6.4124
7,10.5,4.59827,4.59827,5.94285,6.41045
7,10.6,4.52291,4.52291,5.83321,6.32443
7,10.72,4.43757,4.43757,5.69794,6.21777
7,10.7331,4.42856,4.42856,5.68291,6.20586
7,10.84,4.35764,4.35764,5.55906,6.10726
7,10.96,4.283,4.283,5.41681,5.99321
7,10.9739,4.2747,4.2747,5.40019,5.9798
7,11,4.25924,4.25924,5.36878,5.95438
7,11.08,4.21339,4.21339,5.27168,5.87532
7,11.2,4.14839,4.14839,5.12336,5.75373
7,11.22,4.13799,4.13799,5.09824,5.7331
7,11.32,4.08782,4.08782,4.97169,5.62859
7,11.44,4.03149,4.03149,4.81844,5.50021
7,11.4716,4.01708,4.01708,4.77801,5.46589
7,11.5,4.00423,4.00423,4.74177,5.43496
7,11.56,3.9776,3.9776,4.66534,5.36894
7,11.68,3.92828,3.92828,4.51238,5.23513
7,11.7289,3.90961,3.90961,4.44966,5.17978
7,11.8,3.88284,3.88284,4.35861,5.09893
7,11.92,3.83819,3.83819,4.20594,4.96094
7,11.992,3.81308,3.81308,4.11513,4.8777
7,12,3.81037,3.81037,4.10507,4.86843
7,12.04,3.79704,3.79704,4.05494,4.82194
7,12.16,3.75868,3.75868,3.906,4.68249
7,12.261,3.72614,3.72614,3.78255,4.5648
7,12.28,3.71994,3.71994,3.75947,4.54267
7,12.4,3.68253,3.68253,3.61594,4.40308
7,12.5,3.65416,3.65416,3.49898,4.28669
7,12.52,3.64848,3.64848,3.4758,4.26344
7,12.536,3.64385,3.64385,3.45735,4.24489
7,12.64,3.61361,3.61361,3.33749,4.12432
7,12.76,3.58133,3.58133,3.20115,3.98705
7,12.8171,3.56666,3.56666,3.13802,3.9225
7,12.88,3.54965,3.54965,3.07028,3.85205
7,13,3.51736,3.51736,2.9424,3.71924
7,13.1046,3.49107,3.49107,2.83236,3.60556
7,13.12,3.48709,3.48709,2.81635,3.58902
7,13.24,3.45478,3.45478,2.69311,3.46201
7,13.36,3.42433,3.42433,2.57421,3.33797
7,13.3985,3.41583,3.41583,2.53675,3.29877
7,13.48,3.39708,3.39708,2.45839,3.21678
7,13.5,3.39209,3.39209,2.43935,3.19685
7,13.6,3.36627,3.36627,2.34531,3.09844
7,13.699,3.34093,3.34093,2.25411,3.00286
7,13.72,3.33547,3.33547,2.23503,2.98285
7,13.84,3.30673,3.30673,2.12751,2.87073
7,13.96,3.27706,3.27706,2.02274,2.76084
7,14,3.26764,3.26764,1.98841,2.72455
7,14.0063,3.26606,3.26606,1.98306,2.7189
7,14.08,3.2473,3.2473,1.9206,2.6531
7,14.2,3.21726,3.21726,1.82082,2.54862
7,14.32,3.18687,3.18687,1.72342,2.44698
7,14.3204,3.18676,3.18676,1.72309,2.44664
7,14.44,3.1562,3.1562,1.62752,2.34835
7,14.5,3.14075,3.14075,1.58063,2.30057
7,14.56,3.12524,3.12524,1.53438,2.25237
7,14.6416,3.10397,3.10397,1.47189,2.1875
7,14.68,3.09386,3.09386,1.44281,2.15745
7,14.8,3.06226,3.06226,1.35385,2.06554
7,14.92,3.03086,3.03086,1.26602,1.97608
7,14.97,3.0174,3.0174,1.23051,1.93949
7,15,3.00912,3.00912,1.20954,1.91762
7,15.04,2.9981,2.9981,1.18182,1.88843
7,15.16,2.96544,2.96544,1.09898,1.80218
7,15.28,2.93312,2.93312,1.01719,1.71996
7,15.3057,2.92587,2.92587,1.00006,1.7027
7,15.4,2.89944,2.89944,0.937024,1.63932
7,15.5,2.87215,2.87215,0.871091,1.57207
7,15.52,2.86655,2.86655,0.858055,1.55874
7,15.64,2.83162,2.83162,0.780421,1.47941
7,15.649,2.82899,2.82899,0.774632,1.47353
7,15.76,2.79748,2.79748,0.70395,1.40255
7,15.88,2.76366,2.76366,0.628637,1.32811
7,16,2.72837,2.72837,0.554346,1.25405
8,1,0,0,0,0
8,1.02405,0,0,0,0
8,1.04867,0,0,0,0
8,1.07389,0,0,0,0
8,1.09972,0,0,0,0
8,1.12616,0,0,0,0
8,1.148,0,0,0,0
8,1.15325,0,0,0,0
8,1.18098,0,0,0,0
8,1.20938,0,0,0,0
8,1.23846,0,0,0,0
8,1.26824,0,0,0,0
8,1.296,0,0,0,0
8,1.29874,0,0,0,0
8,1.32997,0,0,0,0
8,1.36196,0,0,0,0
8,1.39471,0,0,0,0
8,1.42825,0,0,0,0
8,1.444,0,0,0,0
8,1.4626,0,0,0,0
8,1.49777,0,0,0,0
8,1.5,0,0,0,0
8,1.53379,0,0,0,0
8,1.57067,0,0,0,0
8,1.592,0,0,0,0
8,1.60844,0,0,0,0
8,1.64712,0,0,0,0
8,1.68673,0,0,0,0
8,1.72729,0,0,0,0
8,1.74,0,0,0,0
8,1.76883,0,0,0,0
8,1.81137,0,0,0,0
8,1.85493,0,0,0,0
8,1.888,0,0,0,0
8,1.89954,0,0,0,0
8,1.94522,0,0,0,0
8,1.99199,0.977793,0.977793,0,0
8,2,1.13314,1.13314,0,0
8,2.036,1.74419,1.74419,0,0
8,2.0399,1.80289,1.80289,0,0
8,2.08895,2.45057,2.45057,0,0
8,2.13919,2.98552,2.98552,0,0
8,2.184,3.38688,3.38688,0,0
8,2.19063,3.4414,3.4414,0,0
8,2.24331,3.83792,3.83792,0,0
8,2.29726,4.18819,4.18819,0,0
8,2.332,4.3899,4.3899,0,0
8,2.3525,4.50142,4.50142,0,0
8,2.40907,4.7843,4.7843,0,0
8,2.46701,5.04182,5.04182,1.78078,1.72462
8,2.48,5.09573,5.09573,2.12542,2.07382
8,2.5,5.17627,5.17627,2.57225,2.52559
8,2.52633,5.27791,5.27791,3.05208,3.00939
8,2.58709,5.49575,5.49575,3.87302,3.83522
8,2.628,5.63067,5.63067,4.28919,4.25232
8,2.6493,5.69756,5.69756,4.47664,4.43985
8,2.71301,5.88522,5.88522,4.95073,4.91227
8,2.776,6.05466,6.05466,5.32716,5.28583
8,2.77825,6.06045,6.06045,5.33932,5.29792
8,2.84506,6.22454,6.22454,5.66715,5.62495
8,2.91348,6.37858,6.37858,5.94945,5.90837
8,2.924,6.40113,6.40113,5.98893,5.94816
8,2.98355,6.52358,6.52358,6.19617,6.15776
8,3,6.55594,6.55594,6.24912,6.21128
8,3.05529,6.66036,6.66036,6.41528,6.3787
8,3.072,6.69064,6.69064,6.46223,6.42591
8,3.12877,6.78922,6.78922,6.61186,6.57603
8,3.20401,6.91089,6.91089,6.78956,6.75387
8,3.22,6.93558,6.93558,6.82467,6.78897
8,3.28106,7.02622,7.02622,6.95117,6.91541
8,3.35996,7.13559,7.13559,7.09899,7.0631
8,3.368,7.14628,7.14628,7.11316,7.07726
8,3.44076,7.23956,7.23956,7.23479,7.19882
8,3.5,7.31106,7.31106,7.32579,7.28978
8,3.516,7.32971,7.32971,7.34924,7.31323
8,3.5235,7.33837,7.33837,7.36008,7.32407
8,3.60824,7.43214,7.43214,7.476,7.44002
8,3.664,7.49,7.49,7.54631,7.51037
8,3.69501,7.52092,7.52092,7.58353,7.54762
8,3.78386,7.60483,7.60483,7.68335,7.64765
8,3.812,7.62998,7.62998,7.713,7.67738
8,3.87486,7.68385,7.68385,7.77611,7.74071
8,3.96,7.75179,7.75179,7.85514,7.82013
8,3.96804,7.75791,7.75791,7.86224,7.82727
8,4,7.78179,7.78179,7.88987,7.85508
8,4.06346,7.82694,7.82694,7.94206,7.90766
8,4.108,7.85684,7.85684,7.97664,7.94255
8,4.16118,7.8907,7.8907,8.0158,7.98214
8,4.256,7.9461,7.9461,8.08019,8.04742
8,4.26125,7.94898,7.94898,8.08357,8.05084
8,4.36372,8.0015,8.0015,8.1454,8.11383
8,4.404,8.02019,8.02019,8.16769,8.13665
8,4.46866,8.04791,8.04791,8.20123,8.17109
8,4.5,8.06034,8.06034,8.2165,8.18681
8,4.552,8.07954,8.07954,8.2404,8.21155
8,4.57612,8.08785,8.08785,8.2509,8.22247
8,4.68617,8.12095,8.12095,8.29431,8.26792
8,4.7,8.12456,8.12456,8.29925,8.27313
8,4.79886,8.14686,8.14686,8.3311,8.30718
8,4.848,8.15571,8.15571,8.34487,8.32205
8,4.91426,8.16532,8.16532,8.36128,8.34007
8,4.996,8.17364,8.17364,8.3781,8.35914
8,5,8.17394,8.17394,8.37884,8.35998
8,5.03244,8.17611,8.17611,8.38451,8.36651
8,5.144,8.17917,8.17917,8.39969,8.38496
8,5.15346,8.17912,8.17912,8.40069,8.38625
8,5.27739,8.17438,8.17438,8.40982,8.3993
8,5.292,8.17333,8.17333,8.41041,8.40036
8,5.4043,8.16203,8.16203,8.41173,8.40536
8,5.44,8.15729,8.15729,8.411,8.40587
8,5.5,8.14817,8.14817,8.40858,8.4055
8,5.53426,8.14234,8.14234,8.40653,8.40461
8,5.588,8.13232,8.13232,8.4024,8.40231
8,5.66735,8.1157,8.1157,8.39431,8.39705
8,5.736,8.0997,8.0997,8.38549,8.39074
8,5.80364,8.08259,8.08259,8.37525,8.38296
8,5.884,8.06068,8.06068,8.36118,8.37185
8,5.94321,8.04355,8.04355,8.34956,8.36243
8,6,8.02639,8.02639,8.33745,8.35246
8,6.032,8.01644,8.01644,8.33024,8.34645
8,6.08613,7.99917,7.99917,8.3174,8.33568
8,6.18,7.96803,7.96803,8.29334,8.31527
8,6.23249,7.95003,7.95003,8.27895,8.30295
8,6.328,7.91611,7.91611,8.2511,8.27893
8,6.38236,7.89609,7.89609,8.23434,8.26439
8,6.476,7.86001,7.86001,8.20398,8.23794
8,6.5,7.85042,7.85042,8.1959,8.23088
8,6.53585,7.83583,7.83583,8.18363,8.22013
8,6.624,7.79864,7.79864,8.15235,8.19267
8,6.69302,7.76823,7.76823,8.12681,8.17019
8,6.772,7.73203,7.73203,8.09648,8.14344
8,6.85397,7.69287,7.69287,8.06379,8.11454
8,6.92,7.66017,7.66017,8.03658,8.09045
8,7,7.61914,7.61914,8.00256,8.06029
8,7.0188,7.60928,7.60928,7.9944,8.05305
8,7.068,7.58306,7.58306,7.97274,8.03383
8,7.18758,7.51689,7.51689,7.91829,7.98547
8,7.216,7.50066,7.50066,7.90498,7.97364
8,7.36043,7.41505,7.41505,7.83506,7.91147
8,7.364,7.41286,7.41286,7.83329,7.90989
8,7.5,7.32733,7.32733,7.76388,7.84812
8,7.512,7.31956,7.31956,7.75759,7.84252
8,7.53743,7.30296,7.30296,7.74417,7.83058
8,7.66,7.22064,7.22064,7.67779,7.77148
8,7.71869,7.17982,7.17982,7.64497,7.74227
8,7.808,7.11595,7.11595,7.59375,7.69667
8,7.90431,7.04467,7.04467,7.53673,7.64591
8,7.956,7.00537,7.00537,7.50534,7.61798
8,8,6.97134,6.97134,7.47819,7.59381
8,8.09439,6.89654,6.89654,7.41856,7.54075
8,8.104,6.88879,6.88879,7.41239,7.53525
8,8.252,6.76618,6.76618,7.31472,7.44835
8,8.28905,6.73455,6.73455,7.28952,7.42593
8,8.4,6.63756,6.63756,7.21217,7.35711
8,8.48838,6.55795,6.55795,7.14851,7.30048
8,8.5,6.54733,6.54733,7.14001,7.29291
8,8.548,6.50309,6.50309,7.10453,7.26135
8,8.69251,6.36647,6.36647,6.99436,7.16332
8,8.696,6.36311,6.36311,6.99163,7.1609
8,8.844,6.21808,6.21808,6.87331,7.05557
8,8.90155,6.16051,6.16051,6.82579,7.01327
8,8.992,6.0688,6.0688,6.74938,6.94521
8,9,6.06063,6.06063,6.74252,6.9391
8,9.11561,5.94154,5.94154,6.64147,6.84906
8,9.14,5.91622,5.91622,6.61969,6.82965
8,9.288,5.76169,5.76169,6.48417,6.70872
8,9.33482,5.71262,5.71262,6.44007,6.66933
8,9.436,5.60625,5.60625,6.3428,6.5823
8,9.5,5.539,5.539,6.27985,6.5259
8,9.5593,5.47666,5.47666,6.22055,6.47271
8,9.584,5.45077,5.45077,6.19558,6.45029
8,9.732,5.29686,5.29686,6.04247,6.31269
8,9.78919,5.23851,5.23851,5.98177,6.25803
8,9.88,5.14773,5.14773,5.88378,6.16952
8,10,5.03168,5.03168,5.75213,6.04938
8,10.0246,5.00838,5.00838,5.72492,6.0243
8,10.028,5.00517,5.00517,5.72114,6.02082
8,10.176,4.86894,4.86894,5.55512,5.86675
8,10.2657,4.7901,4.7901,5.45234,5.77109
8,10.324,4.7404,4.7404,5.38445,5.70819
8,10.472,4.6201,4.6201,5.21181,5.54688
8,10.5,4.59829,4.59829,5.17968,5.51601
8,10.5125,4.58862,4.58862,5.16533,5.50215
8,10.62,4.50832,4.50832,5.04277,5.38227
8,10.7653,4.40677,4.40677,4.8755,5.21761
8,10.768,4.40499,4.40499,4.87244,5.21459
8,10.916,4.3098,4.3098,4.70705,5.04935
8,11,4.25926,4.25926,4.61775,4.95707
8,11.0242,4.24515,4.24515,4.59271,4.93038
8,11.064,4.22241,4.22241,4.5523,4.88641
8,11.212,4.14215,4.14215,4.40994,4.72414
8,11.2893,4.10288,4.10288,4.3404,4.64279
8,11.36,4.06868,4.06868,4.27905,4.57096
8,11.5,4.00425,4.00425,4.16492,4.43727
8,11.508,4.00065,4.00065,4.15891,4.42999
8,11.5608,3.97726,3.97726,4.12043,4.38291
8,11.656,3.93768,3.93768,4.05459,4.30192
8,11.804,3.88133,3.88133,3.96154,4.18333
8,11.8388,3.86817,3.86817,3.94146,4.15681
8,11.952,3.82685,3.82685,3.87869,4.07794
8,12,3.81038,3.81038,3.85411,4.0468
8,12.1,3.77763,3.77763,3.80632,3.98487
8,12.1235,3.77017,3.77017,3.79569,3.97103
8,12.248,3.73033,3.73033,3.7437,3.90286
8,12.396,3.68371,3.68371,3.68809,3.82939
8,12.4151,3.67811,3.67811,3.68149,3.82065
8,12.5,3.65415,3.65415,3.65339,3.78362
8,12.544,3.6415,3.6415,3.63962,3.76549
8,12.692,3.59924,3.59924,3.5968,3.71027
8,12.7136,3.59342,3.59342,3.59088,3.70263
8,12.84,3.56065,3.56065,3.55901,3.66043
8,12.988,3.52048,3.52048,3.52548,3.61706
8,13,3.51738,3.51738,3.52292,3.61377
8,13.0194,3.51242,3.51242,3.51883,3.60853
8,13.136,3.48287,3.48287,3.49528,3.57817
8,13.284,3.44312,3.44312,3.46773,3.54342
8,13.3325,3.4307,3.4307,3.45921,3.53304
8,13.432,3.40832,3.40832,3.44235,3.51283
8,13.5,3.39211,3.39211,3.43127,3.49972
8,13.58,3.37143,3.37143,3.41864,3.48494
8,13.6531,3.35271,3.35271,3.40741,3.47162
8,13.728,3.33347,3.33347,3.39613,3.45877
8,13.876,3.29803,3.29803,3.37452,3.43478
8,13.9814,3.27205,3.27205,3.35954,3.41847
8,14,3.26763,3.26763,3.35692,3.41565
8,14.024,3.26153,3.26153,3.35355,3.41203
8,14.172,3.22437,3.22437,3.33292,3.39021
8,14.3176,3.1875,3.1875,3.31268,3.36935
8,14.32,3.18689,3.18689,3.31235,3.36902
8,14.468,3.14895,3.14895,3.29165,3.34842
8,14.5,3.1407,3.1407,3.28722,3.34401
8,14.616,3.11063,3.11063,3.27146,3.32806
8,14.6619,3.09865,3.09865,3.26532,3.32174
8,14.764,3.07184,3.07184,3.25106,3.30772
8,14.912,3.03224,3.03224,3.23022,3.28743
8,15,3.00913,3.00913,3.21845,3.27535
8,15.0145,3.0053,3.0053,3.21645,3.27336
8,15.06,2.99318,2.99318,3.21001,3.26709
8,15.208,2.95269,2.95269,3.18844,3.24669
8,15.356,2.91097,2.91097,3.16686,3.22621
8,15.3756,2.90562,2.90562,3.164,3.22344
8,15.5,2.87143,2.87143,3.14559,3.20517
8,15.504,2.87031,2.87031,3.14499,3.20456
8,15.652,2.82852,2.82852,3.12273,3.18275
8,15.7453,2.80177,2.80177,3.1084,3.16964
8,15.8,2.78637,2.78637,3.09988,3.16157
8,15.948,2.74361,2.74361,3.07752,3.13915
8,16,2.72852,2.72852,3.06978,3.13123
8,16.096,2.70049,2.70049,3.05387,3.1167
8,16.124,2.69225,2.69225,3.04903,3.11244
8,16.244,2.65682,2.65682,3.02939,3.09381
8,16.392,2.61286,2.61286,3.00622,3.07018
8,16.5,2.5804,2.5804,2.98702,3.05279
8,16.5117,2.57681,2.57681,2.985,3.05089
8,16.54,2.56822,2.56822,2.98023,3.0463
8,16.688,2.52316,2.52316,2.95644,3.02218
8,16.836,2.4778,2.4778,2.9304,2.99921
8,16.9088,2.45551,2.45551,2.91766,2.98682
8,16.984,2.43211,2.43211,2.90426,2.97392
8,17,2.42712,2.42712,2.90142,2.97123
8,17.132,2.38586,2.38586,2.87925,2.94948
8,17.28,2.33923,2.33923,2.853,2.92443
8,17.3154,2.32801,2.32801,2.84677,2.91804
8,17.428,2.29221,2.29221,2.82626,2.8982
8,17.5,2.26922,2.26922,2.81359,2.88587
8,17.576,2.24482,2.24482,2.79984,2.87273
8,17.724,2.19709,2.19709,2.77289,2.84623
8,17.7318,2.19457,2.19457,2.77146,2.84484
8,17.872,2.14921,2.14921,2.74562,2.82031
8,18,2.10759,2.10759,2.72178,2.79731
8,18.02,2.10105,2.10105,2.71804,2.79374
8,18.1582,2.05562,2.05562,2.69204,2.76874
8,18.168,2.0524,2.0524,2.69019,2.76697
8,18.316,2.00355,2.00355,2.66213,2.73987
8,18.464,1.95442,1.95442,2.63391,2.71215
8,18.5,1.94241,1.94241,2.62695,2.70532
8,18.5949,1.91059,1.91059,2.60842,2.68836
8,18.612,1.90484,1.90484,2.60508,2.68515
8,18.76,1.85471,1.85471,2.57643,2.65726
8,18.908,1.80415,1.80415,2.54772,2.62915
8,19,1.77288,1.77288,2.52964,2.61168
8,19.0421,1.75857,1.75857,2.52128,2.60342
8,19.056,1.75383,1.75383,2.5185,2.60073
8,19.204,1.70327,1.70327,2.48881,2.57243
8,19.352,1.65263,1.65263,2.45923,2.54373
8,19.5,1.60131,1.60131,2.43006,2.51549
9,1,0,0,0,0
9,1.02316,0,0,0,0
9,1.04686,0,0,0,0
9,1.07111,0,0,0,0
9,1.09592,0,0,0,0
9,1.1213,0,0,0,0
9,1.132,0,0,0,0
9,1.14727,0,0,0,0
9,1.17384,0,0,0,0
9,1.20103,0,0,0,0
9,1.22885,0,0,0,0
9,1.25731,0,0,0,0
9,1.264,0,0,0,0
9,1.28643,0,0,0,0
9,1.31623,0,0,0,0
9,1.34672,0,0,0,0
9,1.37791,0,0,0,0
9,1.396,0,0,0,0
9,1.40982,0,0,0,0
9,1.44248,0,0,0,0
9,1.47589,0,0,0,0
9,1.5,0,0,0,0
9,1.51007,0,0,0,0
9,1.528,0,0,0,0
9,1.54505,0,0,0,0
9,1.58083,0,0,0,0
9,1.61745,0,0,0,0
9,1.65491,0,0,0,0
9,1.66,0,0,0.0444708,0
9,1.69324,0,0,1.09236,0.865517
9,1.73246,0,0,1.94047,1.81716
9,1.77259,0,0,2.59221,2.52488
9,1.792,0,0,2.85624,2.8078
9,1.81364,0,0,3.12101,3.08973
9,1.85565,0,0,3.56513,3.55913
9,1.89863,0,0,3.94727,3.95997
9,1.924,0,0,4.14643,4.16788
9,1.94261,0,0,4.28213,4.30921
9,1.9876,0.888528,0.888528,4.57957,4.61811
9,2,1.13314,1.13314,4.65489,4.69613
9,2.03364,1.70798,1.70798,4.8468,4.89461
9,2.056,2.03281,2.03281,4.96539,5.01702
9,2.08074,2.35223,2.35223,5.08919,5.14463
9,2.12893,2.88455,2.88455,5.3105,5.3726
9,2.17824,3.3386,3.3386,5.51384,5.58162
9,2.188,3.41991,3.41991,5.55169,5.62045
9,2.2287,3.73395,3.73395,5.70205,5.77447
9,2.28032,4.08344,4.08344,5.87711,5.95351
9,2.32,4.32211,4.32211,6.00047,6.08015
9,2.33313,4.39619,4.39619,6.03941,6.12007
9,2.38717,4.67884,4.67884,6.19064,6.27562
9,2.44246,4.93629,4.93629,6.33282,6.42198
9,2.452,4.9779,4.9779,6.35627,6.44601
9,2.49903,5.17245,5.17245,6.46814,6.55907
9,2.5,5.17627,5.17627,6.47036,6.5613
9,2.55692,5.3904,5.3904,6.59633,6.68778
9,2.584,5.4852,5.4852,6.65278,6.74451
9,2.61614,5.59253,5.59253,6.717,6.80933
9,2.67673,5.78048,5.78048,6.83066,6.92447
9,2.716,5.89361,5.89361,6.89964,6.99461
9,2.73873,5.95622,5.95622,6.93801,7.03369
9,2.80216,6.12087,6.12087,7.03961,7.13736
9,2.848,6.23142,6.23142,7.10838,7.20763
9,2.86707,6.27553,6.27553,7.13593,7.23578
9,2.93347,6.4212,6.4212,7.22731,7.32941
9,2.98,6.51652,6.51652,7.28742,7.39137
9,3,6.55594,6.55594,7.31232,7.41704
9,3.00142,6.5587,6.5587,7.31406,7.41883
9,3.07094,6.68873,6.68873,7.39641,7.50334
9,3.112,6.76078,6.76078,7.44227,7.55057
9,3.14207,6.81139,6.81139,7.4746,7.58389
9,3.21484,6.92766,6.92766,7.54884,7.66013
9,3.244,6.97188,6.97188,7.57704,7.68901
9,3.2893,7.03803,7.03803,7.61917,7.73202
9,3.36549,7.14295,7.14295,7.68554,7.79962
9,3.376,7.15684,7.15684,7.69426,7.80849
9,3.44344,7.24287,7.24287,7.74791,7.8629
9,3.5,7.31105,7.31105,7.78983,7.90525
9,3.508,7.32041,7.32041,7.79554,7.91101
9,3.5232,7.33801,7.33801,7.80624,7.92179
9,3.6048,7.42846,7.42846,7.86047,7.97622
9,3.64,7.46545,7.46545,7.88221,7.99793
9,3.68829,7.51429,7.51429,7.91046,8.02602
9,3.772,7.59402,7.59402,7.95519,8.07019
9,3.77372,7.59559,7.59559,7.95606,8.07103
9,3.86113,7.67234,7.67234,7.99705,8.11104
9,3.904,7.70774,7.70774,8.01512,8.12847
9,3.95056,7.74452,7.74452,8.03324,8.1458
9,4,7.78178,7.78178,8.05079,8.16239
9,4.036,7.80776,7.80776,8.06249,8.17331
9,4.04206,7.81204,7.81204,8.06437,8.17506
9,4.13568,7.87471,7.87471,8.09023,8.19862
9,4.168,7.89489,7.89489,8.09777,8.20529
9,4.23147,7.93236,7.93236,8.11057,8.21629
9,4.3,7.96968,7.96968,8.12145,8.2251
9,4.32948,7.98475,7.98475,8.12521,8.22795
9,4.42976,8.03156,8.03156,8.13399,8.23354
9,4.432,8.03253,8.03253,8.13411,8.23359
9,4.5,8.06034,8.06034,8.13656,8.23388
9,4.53236,8.0725,8.0725,8.13679,8.23309
9,4.564,8.08372,8.08372,8.13645,8.23177
9,4.63733,8.10721,8.10721,8.13357,8.22671
9,4.696,8.12352,8.12352,8.12925,8.22075
9,4.74474,8.1354,8.1354,8.12436,8.2146
9,4.828,8.15228,8.15228,8.11343,8.20172
9,4.85464,8.15679,8.15679,8.10928,8.19702
9,4.96,8.17044,8.17044,8.08996,8.17589
9,4.96708,8.17113,8.17113,8.08851,8.17433
9,5,8.17394,8.17394,8.08149,8.16689
9,5.08213,8.17829,8.17829,8.06229,8.14692
9,5.092,8.17857,8.17857,8.05983,8.14439
9,5.19984,8.17823,8.17823,8.03101,8.1152
9,5.224,8.17734,8.17734,8.0241,8.10829
9,5.32028,8.17102,8.17102,7.99502,8.07961
9,5.356,8.16757,8.16757,7.98364,8.06853
9,5.4435,8.1568,8.1568,7.95448,8.04052
9,5.488,8.15011,8.15011,7.93902,8.02578
9,5.5,8.14817,8.14817,7.93478,8.02174
9,5.56958,8.13587,8.13587,7.90961,7.9978
9,5.62,8.12587,8.12587,7.8907,7.9798
9,5.69859,8.1086,8.1086,7.85985,7.9506
9,5.752,8.09577,8.09577,7.83782,7.92998
9,5.83058,8.07543,8.07543,7.80393,7.89854
9,5.884,8.06068,8.06068,7.77987,7.87644
9,5.96562,8.03686,8.03686,7.74164,7.84153
9,6,8.02639,8.02639,7.72501,7.82643
9,6.016,8.02144,8.02144,7.71716,7.81932
9,6.1038,7.99342,7.99342,7.67288,7.77939
9,6.148,7.9788,7.9788,7.64982,7.75871
9,6.24517,7.94561,7.94561,7.59729,7.71192
9,6.28,7.93335,7.93335,7.57787,7.6947
9,6.38982,7.8933,7.8933,7.51463,7.63885
9,6.412,7.8849,7.8849,7.50148,7.62728
9,6.5,7.85042,7.85042,7.44809,7.58044
9,6.53782,7.83502,7.83502,7.42453,7.55984
9,6.544,7.83247,7.83247,7.42065,7.55645
9,6.676,7.77583,7.77583,7.33533,7.48216
9,6.68925,7.76992,7.76992,7.32652,7.47451
9,6.808,7.71503,7.71503,7.24551,7.40435
9,6.84418,7.69763,7.69763,7.2201,7.3824
9,6.94,7.65006,7.65006,7.15116,7.32296
9,7,7.61915,7.61915,7.10674,7.28476
9,7.00271,7.61773,7.61773,7.10472,7.28302
9,7.072,7.58091,7.58091,7.05219,7.23792
9,7.1649,7.52972,7.52972,6.97976,7.17585
9,7.204,7.50754,7.50754,6.94859,7.14916
9,7.33085,7.43302,7.43302,6.84464,7.06031
9,7.336,7.42991,7.42991,6.84033,7.05663
9,7.468,7.34792,7.34792,6.72742,6.96029
9,7.5,7.32738,7.32738,6.69936,6.93635
9,7.50065,7.32696,7.32696,6.69879,6.93587
9,7.6,7.26146,7.26146,6.60994,6.86011
9,7.67438,7.21075,7.21075,6.54178,6.80199
9,7.732,7.17045,7.17045,6.48802,6.75615
9,7.85213,7.08361,7.08361,6.37338,6.65828
9,7.864,7.07481,7.07481,6.36187,6.64845
9,7.996,6.97446,6.97446,6.23184,6.53717
9,8,6.97134,6.97134,6.22785,6.53374
9,8.034,6.94468,6.94468,6.19376,6.50447
9,8.128,6.86932,6.86932,6.0984,6.42245
9,8.22008,6.79313,6.79313,6.00365,6.34057
9,8.26,6.75937,6.75937,5.96222,6.3046
9,8.392,6.64465,6.64465,5.82415,6.18412
9,8.41047,6.62823,6.62823,5.80474,6.16706
9,8.5,6.54731,6.54731,5.71055,6.08379
9,8.524,6.52526,6.52526,5.68528,6.06136
9,8.60527,6.44952,6.44952,5.59985,5.98509
9,8.656,6.4014,6.4014,5.5468,5.93717
9,8.788,6.27339,6.27339,5.4101,5.81239
9,8.80459,6.25703,6.25703,5.39312,5.79672
9,8.92,6.14167,6.14167,5.27737,5.68777
9,9,6.06028,6.06028,5.19911,5.61304
9,9.00852,6.05156,6.05156,5.19086,5.60512
9,9.052,6.00679,6.00679,5.1491,5.56472
9,9.184,5.86927,5.86927,5.02628,5.44426
9,9.21717,5.83436,5.83436,4.99617,5.41457
9,9.316,5.72995,5.72995,4.91082,5.3273
9,9.43065,5.60869,5.60869,4.81652,5.22936
9,9.448,5.59039,5.59039,4.80276,5.21491
9,9.5,5.53561,5.53561,4.76264,5.1722
9,9.58,5.45153,5.45153,4.70349,5.10842
9,9.64909,5.37933,5.37933,4.65464,5.05538
9,9.712,5.31413,5.31413,4.61213,5.00869
9,9.844,5.17972,5.17972,4.52887,4.91533
9,9.87257,5.15114,5.15114,4.51186,4.89604
9,9.976,5.04947,5.04947,4.45315,4.82926
9,10,5.02633,5.02633,4.44016,4.81445
9,10.1012,4.9308,4.9308,4.38784,4.75473
9,10.108,4.92454,4.92454,4.38448,4.7509
9,10.24,4.80573,4.80573,4.32232,4.67955
9,10.3352,4.72412,4.72412,4.28108,4.63219
9,10.372,4.69355,4.69355,4.26592,4.61475
9,10.5,4.59145,4.59145,4.21637,4.55727
9,10.504,4.58837,4.58837,4.2149,4.55554
9,10.5746,4.53504,4.53504,4.18952,4.52568
9,10.636,4.49019,4.49019,4.1685,4.50085
9,10.768,4.39885,4.39885,4.12648,4.45177
9,10.8195,4.36528,4.36528,4.11101,4.43397
9,10.9,4.31465,4.31465,4.08794,4.40762
9,11,4.2539,4.2539,4.06107,4.3773
9,11.032,4.23524,4.23524,4.05271,4.36807
9,11.0701,4.21384,4.21384,4.04281,4.35731
9,11.164,4.16501,4.16501,4.01934,4.33202
9,11.296,4.0973,4.0973,3.98909,4.29975
9,11.3265,4.08224,4.08224,3.98236,4.29284
9,11.428,4.03423,4.03423,3.96129,4.2713
9,11.5,4.00198,4.00198,3.94762,4.2572
9,11.56,3.97595,3.97595,3.93595,4.24561
9,11.5889,3.96374,3.96374,3.93007,4.23995
9,11.692,3.92188,3.92188,3.90926,4.21969
9,11.824,3.87133,3.87133,3.88403,4.19532
9,11.8573,3.85891,3.85891,3.87787,4.18973
9,11.956,3.82244,3.82244,3.85964,4.17392
9,12,3.80676,3.80676,3.85172,4.16699
9,12.088,3.7784,3.7784,3.83736,4.15309
9,12.1319,3.76477,3.76477,3.83021,4.14604
9,12.22,3.73632,3.73632,3.8151,4.13216
9,12.352,3.69536,3.69536,3.79143,4.11236
9,12.4129,3.67852,3.67852,3.78134,4.1033
9,12.484,3.65917,3.65917,3.76936,4.09284
9,12.5,3.65478,3.65478,3.76656,4.09051
9,12.616,3.62237,3.62237,3.74603,4.07367
9,12.7004,3.59875,3.59875,3.73169,4.06139
9,12.748,3.58561,3.58561,3.72391,4.05449
9,12.88,3.5499,3.5499,3.70212,4.03535
9,12.9946,3.52055,3.52055,3.68191,4.0186
9,13,3.51922,3.51922,3.6809,4.0178
9,13.012,3.51629,3.51629,3.67866,4.01604
9,13.144,3.48357,3.48357,3.6546,3.9966
9,13.276,3.44991,3.44991,3.63049,3.97682
9,13.2956,3.445,3.445,3.62693,3.97384
9,13.408,3.41614,3.41614,3.60561,3.95589
9,13.5,3.39353,3.39353,3.58879,3.94084
9,13.54,3.3835,3.3835,3.58129,3.93494
9,13.6035,3.36764,3.36764,3.56923,3.92608
9,13.672,3.35067,3.35067,3.55615,3.91588
9,13.804,3.31778,3.31778,3.53055,3.894
9,13.9186,3.28916,3.28916,3.50797,3.87482
9,13.936,3.28479,3.28479,3.50453,3.87207
9,14,3.26867,3.26867,3.49176,3.86205
9,14.068,3.25148,3.25148,3.47806,3.8511
9,14.2,3.21817,3.21817,3.45138,3.82926
9,14.241,3.20785,3.20785,3.44346,3.82249
9,14.332,3.18527,3.18527,3.42439,3.80694
9,14.464,3.15081,3.15081,3.39644,3.78232
9,14.5,3.14118,3.14118,3.38888,3.77589
9,14.5708,3.12261,3.12261,3.37399,3.7632
9,14.596,3.11608,3.11608,3.36875,3.7586
9,14.728,3.08207,3.08207,3.34012,3.73419
9,14.86,3.04721,3.04721,3.31019,3.70946
9,14.9083,3.03429,3.03429,3.29965,3.7003
9,14.992,3.01204,3.01204,3.28151,3.68429
9,15,3.00992,3.00992,3.27977,3.68276
9,15.124,2.97648,2.97648,3.2526,3.65875
9,15.2536,2.94079,2.94079,3.2222,3.63328
9,15.256,2.94013,2.94013,3.22165,3.63281
9,15.388,2.90347,2.90347,3.19101,3.60649
9,15.5,2.87215,2.87215,3.16505,3.58382
9,15.52,2.86653,2.86653,3.16033,3.57973
9,15.6069,2.84198,2.84198,3.13988,3.56197
9,15.652,2.82923,2.82923,3.12921,3.55278
9,15.784,2.79109,2.79109,3.09775,3.52551
9,15.916,2.75352,2.75352,3.06594,3.49764
9,15.9684,2.73874,2.73874,3.05324,3.48652
9,16,2.72947,2.72947,3.04554,3.4798
9,16.048,2.71485,2.71485,3.03382,3.46961
9,16.18,2.67625,2.67625,3.00139,3.441
9,16.312,2.63718,2.63718,2.96879,3.41211
9,16.3382,2.62921,2.62921,2.96229,3.40636
9,16.444,2.59698,2.59698,2.936,3.38307
9,16.5,2.57981,2.57981,2.92202,3.37063
9,16.576,2.55723,2.55723,2.90295,3.35364
9,16.708,2.51677,2.51677,2.86954,3.32409
9,16.7167,2.51419,2.51419,2.86733,3.32213
9,16.84,2.47625,2.47625,2.83561,3.29372
9,16.972,2.43548,2.43548,2.80134,3.26371
9,17,2.42673,2.42673,2.79408,3.25735
9,17.1038,2.39445,2.39445,2.76714,3.23341
9,17.104,2.3944,2.3944,2.7671,3.23337
9,17.236,2.35295,2.35295,2.73274,3.20243
9,17.368,2.31119,2.31119,2.69822,3.17141
9,17.5,2.2691,2.2691,2.66327,3.14007
10,1,0,0,0,0
10,1.02268,0,0,0,0
10,1.04587,0,0,0,0
10,1.0696,0,0,0,0
10,1.09385,0,0,0,0
10,1.11866,0,0,0,0
10,1.124,0,0,0,0
10,1.14403,0,0,0,0
10,1.16998,0,0,0,0
10,1.19652,0,0,0,0
10,1.22365,0,0,0,0
10,1.248,0,0,0,0
10,1.25141,0,0,0,0
10,1.27979,0,0,0,0
10,1.30882,0,0,0,0
10,1.3385,0,0,0,0
10,1.36886,0,0,0,0
10,1.372,0,0,0,0
10,1.3999,0,0,0,0
10,1.43165,0,0,1.86627,1.16347
10,1.46412,0,0,3.01429,2.58514
10,1.496,0,0,3.79331,3.48828
10,1.49733,0,0,3.82112,3.51986
10,1.5,0,0,3.87599,3.58205
10,1.53129,0,0,4.44164,4.21504
10,1.56602,0,0,4.94463,4.76711
10,1.60154,0,0,5.36631,5.2232
10,1.62,0,0,5.55779,5.42891
10,1.63786,0,0,5.72833,5.61154
10,1.67501,0,0,6.04453,5.94872
10,1.713,0,0,6.3247,6.24585
10,1.744,0,0,6.52725,6.46008
10,1.75185,0,0,6.57534,6.51091
10,1.79158,0,0,6.80169,6.74946
10,1.83222,0,0,7.0076,6.96578
10,1.868,0,0,7.17077,7.13714
10,1.87377,0,0,7.19569,7.16329
10,1.91627,0,0,7.36867,7.34459
10,1.95973,0.20018,0.20018,7.52841,7.5117
10,1.992,0.977912,0.977912,7.63729,7.62541
10,2,1.13314,1.13314,7.66311,7.65236
10,2.00418,1.21099,1.21099,7.67641,7.66624
10,2.04963,1.9442,1.9442,7.81375,7.80956
10,2.09612,2.53359,2.53359,7.9414,7.94273
10,2.116,2.75158,2.75158,7.99245,7.99596
10,2.14366,3.0284,3.0284,8.06022,8.06661
10,2.19228,3.45478,3.45478,8.17082,8.18191
10,2.24,3.81474,3.81474,8.2698,8.2851
10,2.242,3.82876,3.82876,8.27375,8.28922
10,2.29285,4.16136,4.16136,8.36943,8.38899
10,2.34485,4.46041,4.46041,8.4581,8.4815
10,2.364,4.56175,4.56175,8.48857,8.5133
10,2.39803,4.73174,4.73174,8.54,8.56697
10,2.45242,4.97971,4.97971,8.61525,8.64551
10,2.488,5.1283,5.1283,8.66003,8.69229
10,2.5,5.17628,5.17628,8.67438,8.70728
10,2.50804,5.20783,5.20783,8.68378,8.7171
10,2.56492,5.41889,5.41889,8.74561,8.78164
10,2.612,5.57904,5.57904,8.79068,8.8287
10,2.6231,5.615,5.615,8.80051,8.83897
10,2.68259,5.79775,5.79775,8.84831,8.88884
10,2.736,5.9488,5.9488,8.88428,8.92631
10,2.74343,5.96892,5.96892,8.88876,8.93099
10,2.80565,6.12952,6.12952,8.92148,8.96527
10,2.86,6.25931,6.25931,8.94321,8.98803
10,2.86929,6.2806,6.2806,8.94629,8.99125
10,2.93436,6.42307,6.42307,8.96273,9.0084
10,2.984,6.52448,6.52448,8.96952,9.01536
10,3,6.55594,6.55594,8.97067,9.01651
10,3.00092,6.55772,6.55772,8.97072,9.01656
10,3.06898,6.68521,6.68521,8.96983,9.01532
10,3.108,6.75391,6.75391,8.96546,9.01047
10,3.13858,6.80563,6.80563,8.9602,9.00484
10,3.20977,6.91985,6.91985,8.9415,8.98537
10,3.232,6.95386,6.95386,8.93397,8.97744
10,3.28256,7.02842,7.02842,8.91394,8.95622
10,3.356,7.13034,7.13034,8.87796,8.91836
10,3.35701,7.13169,7.13169,8.87741,8.91778
10,3.43315,7.23015,7.23015,8.83242,8.87096
10,3.48,7.2874,7.2874,8.80112,8.83868
10,3.5,7.31111,7.31111,8.78699,8.82424
10,3.51102,7.32399,7.32399,8.77902,8.81611
10,3.59065,7.41332,7.41332,8.71764,8.75392
10,3.604,7.42767,7.42767,8.70674,8.74294
10,3.67208,7.49819,7.49819,8.64867,8.68467
10,3.728,7.55294,7.55294,8.59812,8.6342
10,3.75537,7.57872,7.57872,8.57252,8.60872
10,3.84054,7.65487,7.65487,8.48966,8.5265
10,3.852,7.66466,7.66466,8.47818,8.51513
10,3.92764,7.72668,7.72668,8.40057,8.43846
10,3.976,7.76397,7.76397,8.34951,8.38813
10,4,7.78182,7.78182,8.3238,8.36282
10,4.01672,7.79402,7.79402,8.30575,8.34506
10,4.1,7.85162,7.85162,8.21446,8.25537
10,4.10782,7.85677,7.85677,8.20577,8.24684
10,4.20099,7.91476,7.91476,8.10124,8.14436
10,4.224,7.92814,7.92814,8.07516,8.11882
10,4.29627,7.96777,7.96777,7.99284,8.03823
10,4.348,7.99394,7.99394,7.93369,7.98034
10,4.39371,8.01555,8.01555,7.88138,7.9292
10,4.472,8.04929,8.04929,7.79205,7.84179
10,4.49336,8.05779,8.05779,7.76779,7.81803
10,4.5,8.06037,8.06037,7.76026,7.81066
10,4.59527,8.09419,8.09419,7.65307,7.70567
10,4.596,8.09442,8.09442,7.65226,7.70488
10,4.69949,8.12444,8.12444,7.53846,7.59317
10,4.72,8.12958,8.12958,7.51633,7.57142
10,4.80608,8.14827,8.14827,7.42533,7.48176
10,4.844,8.15506,8.15506,7.38631,7.44321
10,4.91508,8.16543,8.16543,7.31519,7.37285
10,4.968,8.17123,8.17123,7.26412,7.32218
10,5,8.17395,8.17395,7.23407,7.29228
10,5.02656,8.17577,8.17577,7.20965,7.26792
10,5.092,8.17857,8.17857,7.15153,7.20978
10,5.14056,8.17918,8.17918,7.11037,7.16842
10,5.216,8.17768,8.17768,7.04997,7.10744
10,5.25715,8.17567,8.17567,7.01889,7.07604
10,5.34,8.16919,8.16919,6.96047,7.01661
10,5.37639,8.16535,8.16535,6.93658,6.99213
10,5.464,8.15382,8.15382,6.88356,6.93733
10,5.49832,8.14845,8.14845,6.86451,6.91752
10,5.5,8.14817,8.14817,6.8636,6.91658
10,5.588,8.13232,8.13232,6.81928,6.87067
10,5.62303,8.12524,8.12524,6.80337,6.85419
10,5.712,8.10545,8.10545,6.76737,6.81618
10,5.75056,8.09612,8.09612,6.75365,6.80128
10,5.836,8.07396,8.07396,6.72714,6.77218
10,5.88098,8.06153,8.06153,6.71529,6.75937
10,5.96,8.03854,8.03854,6.69792,6.74086
10,6,8.02639,8.02639,6.69068,6.73291
10,6.01436,8.02194,8.02194,6.68833,6.73022
10,6.084,7.99985,7.99985,6.67868,6.71829
10,6.15077,7.97787,7.97787,6.67216,6.70964
10,6.208,7.95848,7.95848,6.66861,6.70491
10,6.29027,7.92969,7.92969,6.66649,6.70124
10,6.332,7.91466,7.91466,6.66667,6.70053
10,6.43294,7.87689,7.87689,6.67043,6.70205
10,6.456,7.86791,7.86791,6.67188,6.703
10,6.5,7.85043,7.85043,6.67508,6.70543
10,6.57884,7.81794,7.81794,6.6817,6.71103
10,6.58,7.81745,7.81745,6.6818,6.71111
10,6.704,7.76329,7.76329,6.68993,6.71884
10,6.72805,7.75236,7.75236,6.69088,6.71965
10,6.828,7.70545,7.70545,6.69284,6.72082
10,6.88064,7.67978,7.67978,6.69271,6.72052
10,6.952,7.64393,7.64393,6.69154,6.71942
10,7,7.61913,7.61913,6.69001,6.71828
10,7.0367,7.59979,7.59979,6.68838,6.71707
10,7.076,7.57873,7.57873,6.68628,6.71538
10,7.19629,7.51193,7.51193,6.67894,6.70852
10,7.2,7.50982,7.50982,6.6787,6.70827
10,7.324,7.43714,7.43714,6.66799,6.69871
10,7.3595,7.41563,7.41563,6.66406,6.69545
10,7.448,7.36062,7.36062,6.65362,6.68638
10,7.5,7.32736,7.32736,6.64698,6.6804
10,7.52642,7.3102,7.3102,6.64338,6.67717
10,7.572,7.28018,7.28018,6.63682,6.67137
10,7.696,7.19575,7.19575,6.61749,6.65476
10,7.69712,7.19497,7.19497,6.61731,6.6546
10,7.82,7.10724,7.10724,6.59604,6.6348
10,7.87169,7.06912,7.06912,6.58659,6.62518
10,7.944,7.01457,7.01457,6.5736,6.61172
10,8,6.97134,6.97134,6.56286,6.60101
10,8.05023,6.93183,6.93183,6.55157,6.59056
10,8.068,6.91768,6.91768,6.54718,6.58668
10,8.192,6.81656,6.81656,6.51615,6.56112
10,8.23281,6.78235,6.78235,6.5066,6.55211
10,8.316,6.7112,6.7112,6.48717,6.53365
10,8.41953,6.62003,6.62003,6.45946,6.5077
10,8.44,6.60166,6.60166,6.45382,6.50219
10,8.5,6.54719,6.54719,6.43739,6.48644
10,8.564,6.48806,6.48806,6.42038,6.46893
10,8.61049,6.44446,6.44446,6.40783,6.4567
10,8.688,6.37057,6.37057,6.38627,6.43611
10,8.80577,6.25565,6.25565,6.34996,6.40294
10,8.812,6.2495,6.2495,6.34791,6.40103
10,8.936,6.1252,6.1252,6.30796,6.36275
10,9,6.05997,6.05997,6.28773,6.34445
10,9.00549,6.05435,6.05435,6.28593,6.34283
10,9.06,5.99824,5.99824,6.26774,6.32646
10,9.184,5.86922,5.86922,6.22731,6.28651
10,9.20974,5.84226,5.84226,6.21861,6.27795
10,9.308,5.739,5.739,6.18524,6.24556
10,9.41862,5.62255,5.62255,6.14684,6.20861
10,9.432,5.60846,5.60846,6.1422,6.20408
10,9.5,5.53708,5.53708,6.11839,6.18083
10,9.556,5.47862,5.47862,6.09805,6.16145
10,9.63223,5.39962,5.39962,6.06993,6.13468
10,9.68,5.3504,5.3504,6.05302,6.11774
10,9.804,5.22404,5.22404,6.00691,6.0732
10,9.8507,5.17725,5.17725,5.98941,6.0562
10,9.928,5.10102,5.10102,5.95989,6.02774
10,10,5.03128,5.03128,5.93231,6.00095
10,10.052,4.98195,4.98195,5.91216,5.98144
10,10.0741,4.96123,4.96123,5.90355,5.97308
10,10.176,4.86797,4.86797,5.8637,5.93408
10,10.3,4.75949,4.75949,5.81444,5.88598
10,10.3026,4.75729,4.75729,5.8134,5.88498
10,10.424,4.657,4.657,5.76463,5.83792
10,10.5,4.59716,4.59716,5.73377,5.808
10,10.5363,4.56941,4.56941,5.71895,5.7935
10,10.548,4.56055,4.56055,5.71414,5.78879
10,10.672,4.47017,4.47017,5.66299,5.73888
10,10.7752,4.39943,4.39943,5.61998,5.69695
10,10.796,4.38567,4.38567,5.61131,5.68845
10,10.92,4.30685,4.30685,5.55941,5.6375
10,11,4.2589,4.2589,5.5256,5.60387
10,11.0196,4.24745,4.24745,5.51725,5.59565
10,11.044,4.2334,4.2334,5.50681,5.58555
10,11.168,4.165,4.165,5.45314,5.53376
10,11.2695,4.11253,4.11253,5.40906,5.49061
10,11.292,4.10131,4.10131,5.39931,5.48101
10,11.416,4.04193,4.04193,5.34502,5.4278
10,11.5,4.00401,4.00401,5.30784,5.39168
10,11.5251,3.99301,3.99301,5.2968,5.38081
10,11.54,3.98657,3.98657,5.29031,5.37436
10,11.664,3.93474,3.93474,5.23492,5.32011
10,11.7865,3.88575,3.88575,5.17999,5.26614
10,11.788,3.88517,3.88517,5.17932,5.26549
10,11.912,3.8397,3.8397,5.12317,5.2102
10,12,3.80954,3.80954,5.08291,5.17098
10,12.036,3.79738,3.79738,5.0663,5.15501
10,12.0538,3.79141,3.79141,5.05809,5.14701
10,12.16,3.75662,3.75662,5.00929,5.09887
10,12.284,3.71797,3.71797,4.95194,5.04243
10,12.3272,3.7054,3.7054,4.93183,5.02268
10,12.408,3.68158,3.68158,4.89412,4.98581
10,12.5,3.6541,3.6541,4.85085,4.94353
10,12.532,3.64477,3.64477,4.83587,4.92878
10,12.6068,3.62355,3.62355,4.80074,4.89415
10,12.656,3.61016,3.61016,4.77741,4.87128
10,12.78,3.57764,3.57764,4.71851,4.81343
10,12.8927,3.54716,3.54716,4.66452,4.76048
10,12.904,3.5442,3.5442,4.65913,4.75518
10,13,3.51987,3.51987,4.61306,4.70992
10,13.028,3.51282,3.51282,4.59956,4.69663
10,13.152,3.48077,3.48077,4.53961,4.63776
10,13.1852,3.47195,3.47195,4.52344,4.62199
10,13.276,3.44884,3.44884,4.47928,4.5785
10,13.4,3.41855,3.41855,4.41871,4.51869
10,13.4842,3.39722,3.39722,4.37745,4.47814
10,13.5,3.39328,3.39328,4.36965,4.47058
10,13.524,3.38732,3.38732,4.35782,4.45903
10,13.648,3.35633,3.35633,4.29665,4.39876
10,13.772,3.32557,3.32557,4.23507,4.33785
10,13.79,3.32112,3.32112,4.2261,4.329
10,13.896,3.2947,3.2947,4.17326,4.27698
10,14,3.26862,3.26862,4.12121,4.22573
10,14.02,3.26361,3.26361,4.11119,4.21589
10,14.1028,3.2428,3.2428,4.06943,4.17489
10,14.144,3.23237,3.23237,4.0487,4.15448
10,14.268,3.20094,3.20094,3.986,4.09284
10,14.392,3.16924,3.16924,3.92331,4.03078
10,14.4226,3.16137,3.16137,3.90779,4.01546
10,14.5,3.14205,3.14205,3.8685,3.97681
10,14.516,3.13811,3.13811,3.86034,3.96875
10,14.64,3.10503,3.10503,3.79672,3.90603
10,14.7497,3.07635,3.07635,3.74038,3.8506
10,14.764,3.07258,3.07258,3.73302,3.84336
10,14.888,3.03934,3.03934,3.66912,3.78033
10,15,3.00983,3.00983,3.61139,3.72313
10,15.012,3.00663,3.00663,3.60517,3.71703
10,15.0843,2.98724,2.98724,3.56756,3.68003
10,15.136,2.97339,2.97339,3.54058,3.6534
10,15.26,2.93892,2.93892,3.47604,3.58975
10,15.384,2.90502,2.90502,3.4112,3.52573
10,15.4264,2.89325,2.89325,3.389,3.50379
10,15.5,2.87202,2.87202,3.3503,3.46567
10,15.508,2.86969,2.86969,3.34608,3.46152
10,15.632,2.83431,2.83431,3.28094,3.39699
10,15.756,2.79932,2.79932,3.21551,3.33258
10,15.7763,2.79347,2.79347,3.20482,3.32204
10,15.88,2.76344,2.76344,3.14989,3.26768
10,16,2.72875,2.72875,3.08616,3.20481
10,16.004,2.72758,2.72758,3.08404,3.20271
10,16.128,2.6913,2.6913,3.01803,3.13755
10,16.1341,2.68952,2.68952,3.0148,3.13433
10,16.252,2.65466,2.65466,2.95188,3.07216
10,16.376,2.61769,2.61769,2.88541,3.00654
10,16.5,2.58086,2.58086,2.81875,2.94101
11,1,0,0,0,0
11,1.02217,0,0,0,0
11,1.04483,0,0,0,0
11,1.06799,0,0,0,0
11,1.09167,0,0,0,0
11,1.11587,0,0,0,0
11,1.116,0,0,0,0
11,1.14061,0,0,0,0
11,1.16589,0,0,0,0
11,1.19174,0,0,0,0
11,1.21816,0,0,0,0
11,1.232,0,0,0,0
11,1.24516,0,0,0,0
11,1.27277,0,0,0,0
11,1.30098,0,0,0,0
11,1.32983,0,0,0,0
11,1.348,0,0,0,0
11,1.35931,0,0,0,0
11,1.38944,0,0,0,0
11,1.42024,0,0,0,0
11,1.45173,0,0,0,0
11,1.464,0,0,0,0
11,1.48391,0,0,0,0
11,1.5,0,0,0,0
11,1.51681,0,0,0,0
11,1.55043,0,0,0,0
11,1.58,0,0,0,0
11,1.5848,0,0,0,0
11,1.61994,0,0,0,0
11,1.65585,0,0,0,0
11,1.69256,0,0,0,0
11,1.696,0,0,0,0
11,1.73008,0,0,0,0
11,1.76843,0,0,1.845,0.395163
11,1.80764,0,0,2.88992,2.12706
11,1.812,0,0,2.97973,2.25549
11,1.84771,0,0,3.59879,3.08958
11,1.88867,0,0,4.13299,3.76058
11,1.928,0,0,4.5375,4.24699
11,1.93054,0,0,4.56094,4.27457
11,1.97334,0.571156,0.571156,4.91638,4.68538
11,2,1.13314,1.13314,5.10756,4.90115
11,2.01709,1.43971,1.43971,5.22014,5.02696
11,2.044,1.86333,1.86333,5.38384,5.20867
11,2.0618,2.11115,2.11115,5.48412,5.31935
11,2.10751,2.66063,2.66063,5.71701,5.57463
11,2.15423,3.12714,3.12714,5.92503,5.8007
11,2.16,3.17948,3.17948,5.94893,5.82655
11,2.20199,3.53224,3.53224,6.11275,6.00316
11,2.25081,3.88962,3.88962,6.28352,6.18617
11,2.276,4.05602,4.05602,6.36458,6.27266
11,2.3007,4.20897,4.20897,6.43994,6.35288
11,2.35171,4.4972,4.4972,6.58405,6.50573
11,2.392,4.70251,4.70251,6.68827,6.61587
11,2.40384,4.75955,4.75955,6.71746,6.64667
11,2.45713,4.99997,4.99997,6.84153,6.77726
11,2.5,5.17627,5.17627,6.93353,6.87381
11,2.508,5.20766,5.20766,6.95,6.89107
11,2.51161,5.22166,5.22166,6.95736,6.89878
11,2.56729,5.4272,5.4272,7.06586,7.0123
11,2.624,5.61789,5.61789,7.16749,7.11834
11,2.6242,5.61853,5.61853,7.16783,7.1187
11,2.68237,5.79711,5.79711,7.26391,7.21869
11,2.74,5.95965,5.95965,7.35194,7.31011
11,2.74184,5.96462,5.96462,7.35464,7.31292
11,2.80262,6.12201,6.12201,7.44049,7.40193
11,2.856,6.25006,6.25006,7.51078,7.47473
11,2.86475,6.27024,6.27024,7.52188,7.48623
11,2.92826,6.41019,6.41019,7.59919,7.56623
11,2.972,6.5005,6.5005,7.64932,7.61807
11,2.99318,6.5426,6.5426,7.67275,7.64228
11,3,6.55594,6.55594,7.68019,7.64996
11,3.05953,6.66811,6.66811,7.74285,7.71464
11,3.088,6.71909,6.71909,7.77148,7.74416
11,3.12736,6.78685,6.78685,7.8097,7.78355
11,3.19669,6.89943,6.89943,7.87348,7.84918
11,3.204,6.91086,6.91086,7.87995,7.85583
11,3.26756,7.00666,7.00666,7.93429,7.91176
11,3.32,7.08119,7.08119,7.97666,7.95543
11,3.34,7.10865,7.10865,7.99227,7.97152
11,3.41404,7.20598,7.20598,8.04758,8.02862
11,3.436,7.2336,7.2336,8.06328,8.04483
11,3.48973,7.29888,7.29888,8.10039,8.08314
11,3.5,7.311,7.311,8.10728,8.09025
11,3.552,7.37066,7.37066,8.14123,8.12522
11,3.56709,7.38745,7.38745,8.15079,8.13505
11,3.64617,7.47176,7.47176,8.19872,8.18435
11,3.668,7.49398,7.49398,8.21131,8.19732
11,3.727,7.55188,7.55188,8.24391,8.231
11,3.784,7.6049,7.6049,8.27347,8.26169
11,3.80962,7.62783,7.62783,8.28614,8.2749
11,3.89408,7.69964,7.69964,8.3253,8.31598
11,3.9,7.70446,7.70446,8.32791,8.31872
11,3.9804,7.7672,7.7672,8.36163,8.35426
11,4,7.78174,7.78174,8.36939,8.36247
11,4.016,7.79341,7.79341,8.3756,8.36904
11,4.06865,7.83045,7.83045,8.39523,8.38986
11,4.132,7.87233,7.87233,8.41722,8.41326
11,4.15884,7.88922,7.88922,8.42599,8.42262
11,4.248,7.94163,7.94163,8.45273,8.45128
11,4.25104,7.94332,7.94332,8.45358,8.45219
11,4.34528,7.99255,7.99255,8.47775,8.47824
11,4.364,8.00161,8.00161,8.4821,8.48296
11,4.44161,8.03663,8.03663,8.49852,8.50106
11,4.48,8.05246,8.05246,8.50567,8.50911
11,4.5,8.06032,8.06032,8.50916,8.51307
11,4.54008,8.07528,8.07528,8.51566,8.5205
11,4.596,8.09438,8.09438,8.52372,8.5298
11,4.64072,8.1082,8.1082,8.52927,8.53636
11,4.712,8.12758,8.12758,8.53646,8.54531
11,4.7436,8.13513,8.13513,8.53899,8.54869
11,4.828,8.15227,8.15227,8.54383,8.55592
11,4.84876,8.15582,8.15582,8.54462,8.55729
11,4.944,8.16878,8.16878,8.54623,8.5616
11,4.95626,8.17006,8.17006,8.5462,8.56193
11,5,8.17394,8.17394,8.54566,8.56271
11,5.06,8.17748,8.17748,8.54383,8.56273
11,5.06613,8.17773,8.17773,8.54357,8.56267
11,5.176,8.17882,8.17882,8.53672,8.55937
11,5.17844,8.17878,8.17878,8.53652,8.55925
11,5.292,8.17333,8.17333,8.52506,8.55162
11,5.29324,8.17324,8.17324,8.52491,8.55152
11,5.408,8.16156,8.16156,8.50898,8.53967
11,5.41059,8.16123,8.16123,8.50857,8.53936
11,5.5,8.14817,8.14817,8.49316,8.52731
11,5.524,8.14413,8.14413,8.4886,8.52368
11,5.53053,8.143,8.143,8.48732,8.52266
11,5.64,8.12167,8.12167,8.46398,8.5037
11,5.65314,8.11883,8.11883,8.46093,8.50119
11,5.756,8.09477,8.09477,8.43517,8.47981
11,5.77846,8.08911,8.08911,8.4291,8.47474
11,5.872,8.06406,8.06406,8.40218,8.45207
11,5.90656,8.05425,8.05425,8.39154,8.44307
11,5.988,8.03008,8.03008,8.36501,8.42051
11,6,8.0264,8.0264,8.36092,8.41703
11,6.03751,8.01471,8.01471,8.34787,8.40588
11,6.104,7.99336,7.99336,8.32362,8.38512
11,6.17135,7.97096,7.97096,8.29762,8.36281
11,6.22,7.95436,7.95436,8.27793,8.34588
11,6.30816,7.92328,7.92328,8.24027,8.31343
11,6.336,7.9132,7.9132,8.22784,8.30271
11,6.44801,7.87101,7.87101,8.17517,8.25721
11,6.452,7.86945,7.86945,8.17321,8.25552
11,6.5,7.85041,7.85041,8.14924,8.2348
11,6.568,7.82248,7.82248,8.11389,8.20418
11,6.59095,7.8128,7.8128,8.10157,8.19353
11,6.684,7.77227,7.77227,8.04964,8.14855
11,6.73707,7.74823,7.74823,8.01856,8.12162
11,6.8,7.71884,7.71884,7.98026,8.08842
11,6.88642,7.67694,7.67694,7.92508,8.04059
11,6.916,7.66219,7.66219,7.90548,8.0236
11,7,7.61916,7.61916,7.84779,7.97359
11,7.032,7.60232,7.60232,7.82501,7.95383
11,7.03908,7.59856,7.59856,7.8199,7.9494
11,7.148,7.5392,7.5392,7.73855,7.87884
11,7.19513,7.51262,7.51262,7.70162,7.84682
11,7.264,7.4728,7.4728,7.64576,7.79835
11,7.35464,7.41861,7.41861,7.5686,7.73141
11,7.38,7.40308,7.40308,7.54626,7.71203
11,7.496,7.32997,7.32997,7.43972,7.61952
11,7.5,7.32739,7.32739,7.43592,7.61622
11,7.51769,7.31592,7.31592,7.41899,7.60152
11,7.612,7.25338,7.25338,7.32575,7.52045
11,7.68434,7.20383,7.20383,7.25072,7.4552
11,7.728,7.17327,7.17327,7.20394,7.41443
11,7.844,7.08958,7.08958,7.074,7.30102
11,7.8547,7.08168,7.08168,7.06159,7.29017
11,7.96,7.00227,7.00227,6.93558,7.17983
11,8,6.97131,6.97131,6.88585,7.13618
11,8.02883,6.94872,6.94872,6.84938,7.10419
11,8.076,6.91127,6.91127,6.78852,7.05061
11,8.192,6.81658,6.81658,6.63271,6.91316
11,8.20682,6.80421,6.80421,6.6122,6.89494
11,8.308,6.71818,6.71818,6.46833,6.7673
11,8.38875,6.64752,6.64752,6.34902,6.66072
11,8.424,6.61611,6.61611,6.29565,6.61276
11,8.5,6.5473,6.5473,6.17734,6.50663
11,8.54,6.51049,6.51049,6.11336,6.44924
11,8.57472,6.47821,6.47821,6.05678,6.39857
11,8.656,6.40146,6.40146,5.92154,6.27704
11,8.76481,6.29631,6.29631,5.73592,6.10785
11,8.772,6.28927,6.28927,5.72352,6.09641
11,8.888,6.17397,6.17397,5.52127,5.9087
11,8.95912,6.10189,6.10189,5.39558,5.78982
11,9,6.06005,6.06005,5.32328,5.72032
11,9.004,6.05594,6.05594,5.31621,5.71352
11,9.12,5.93578,5.93578,5.1132,5.51561
11,9.15773,5.89634,5.89634,5.04838,5.44941
11,9.236,5.81409,5.81409,4.91568,5.31282
11,9.352,5.6915,5.6915,4.72736,5.11217
11,9.36075,5.68224,5.68224,4.7137,5.09722
11,9.468,5.56875,5.56875,4.55377,4.91735
11,9.5,5.53499,5.53499,4.50883,4.86521
11,9.56827,5.46338,5.46338,4.41713,4.75685
11,9.584,5.44698,5.44698,4.39673,4.7325
11,9.7,5.32714,5.32714,4.2541,4.56095
11,9.78039,5.24518,5.24518,4.16183,4.45079
11,9.816,5.2092,5.2092,4.12267,4.40398
11,9.932,5.09382,5.09382,4.00275,4.26175
11,9.99721,5.0305,5.0305,3.9408,4.18876
11,10,5.02781,5.02781,3.93822,4.18574
11,10.048,4.98212,4.98212,3.89511,4.13504
11,10.164,4.87504,4.87504,3.79902,4.02151
11,10.2188,4.82603,4.82603,3.75651,3.97185
11,10.28,4.77261,4.77261,3.71126,3.9192
11,10.396,4.67547,4.67547,3.63053,3.82699
11,10.4454,4.63585,4.63585,3.59801,3.79077
11,10.5,4.59315,4.59315,3.56413,3.75168
11,10.512,4.58393,4.58393,3.55691,3.7433
11,10.628,4.49758,4.49758,3.48952,3.66631
11,10.6769,4.46281,4.46281,3.46261,3.63599
11,10.744,4.4167,4.4167,3.42703,3.59627
11,10.86,4.34084,4.34084,3.36884,3.53215
11,10.9136,4.30742,4.30742,3.3433,3.50431
11,10.976,4.26983,4.26983,3.31449,3.47323
11,11,4.25573,4.25573,3.30366,3.46159
11,11.092,4.20346,4.20346,3.26303,3.41853
11,11.1556,4.1689,4.1689,3.23536,3.39025
11,11.208,4.1413,4.1413,3.21405,3.36776
11,11.324,4.08325,4.08325,3.16898,3.31995
11,11.4029,4.04577,4.04577,3.13833,3.28816
11,11.44,4.02872,4.02872,3.12421,3.2741
11,11.5,4.00207,4.00207,3.10224,3.25214
11,11.556,3.97783,3.97783,3.08219,3.23189
11,11.6557,3.93527,3.93527,3.04639,3.19658
11,11.672,3.92854,3.92854,3.04048,3.19088
11,11.788,3.88469,3.88469,2.99925,3.15086
11,11.904,3.8423,3.8423,2.95955,3.11063
11,11.9141,3.83877,3.83877,2.95621,3.10722
11,12,3.80917,3.80917,2.92816,3.07836
11,12.02,3.80216,3.80216,2.92164,3.07169
11,12.136,3.76326,3.76326,2.88326,3.03477
11,12.1782,3.74975,3.74975,2.86916,3.02133
11,12.252,3.72626,3.72626,2.8448,2.99793
11,12.368,3.69141,3.69141,2.80682,2.96143
11,12.4482,3.66794,3.66794,2.78069,2.93632
11,12.484,3.65763,3.65763,2.76904,2.9251
11,12.5,3.65307,3.65307,2.76385,2.9201
11,12.6,3.62452,3.62452,2.7316,2.88887
11,12.716,3.59314,3.59314,2.69336,2.85272
11,12.7241,3.59096,3.59096,2.69069,2.85019
11,12.832,3.5622,3.5622,2.65595,2.81654
11,12.948,3.53205,3.53205,2.61778,2.78031
11,13,3.5186,3.5186,2.60059,2.76409
11,13.0062,3.51701,3.51701,2.59857,2.76216
11,13.064,3.50218,3.50218,2.57997,2.74419
11,13.18,3.47273,3.47273,2.54242,2.70798
11,13.2945,3.44395,3.44395,2.50417,2.67194
11,13.296,3.44359,3.44359,2.50368,2.67148
11,13.412,3.41466,3.41466,2.46532,2.63466
11,13.5,3.39275,3.39275,2.43589,2.60653
11,13.528,3.38579,3.38579,2.42654,2.59755
11,13.5893,3.37061,3.37061,2.40641,2.57787
11,13.644,3.35712,3.35712,2.38855,2.56037
11,13.76,3.32847,3.32847,2.34912,2.52383
11,13.876,3.29968,3.29968,2.30934,2.4864
11,13.8905,3.29611,3.29611,2.30453,2.48164
11,13.992,3.27108,3.27108,2.27013,2.44851
11,14,3.26908,3.26908,2.26751,2.44589
11,14.108,3.24139,3.24139,2.23082,2.41054
11,14.1985,3.21819,3.21819,2.19939,2.38079
11,14.224,3.21173,3.21173,2.19082,2.37236
11,14.34,3.18256,3.18256,2.15071,2.33397
11,14.456,3.15333,3.15333,2.11052,2.29537
11,14.5,3.14207,3.14207,2.09528,2.28075
11,14.5132,3.13867,3.13867,2.09069,2.27636
11,14.572,3.12343,3.12343,2.07023,2.25679
11,14.688,3.09277,3.09277,2.0297,2.21768
11,14.804,3.06152,3.06152,1.98901,2.17841
11,14.835,3.05327,3.05327,1.97808,2.16793
11,14.92,3.03101,3.03101,1.94821,2.13916
11,15,3.00931,3.00931,1.9197,2.1121
11,15.036,2.99952,2.99952,1.9069,2.09993
11,15.152,2.96812,2.96812,1.86538,2.06004
11,15.1638,2.96491,2.96491,1.86119,2.05591
11,15.268,2.93632,2.93632,1.82397,2.02004
11,15.384,2.90427,2.90427,1.78247,1.97974
11,15.5,2.87129,2.87129,1.74059,1.93936
12,1,0,0,0,0
12,1.02339,0,0,0,0
12,1.04733,0,0,0,0
12,1.07183,0,0,0,0
12,1.0969,0,0,0,0
12,1.12256,0,0,0,0
12,1.136,0,0,0,0
12,1.14882,0,0,0,0
12,1.1757,0,0,0,0
12,1.2032,0,0,0,0
12,1.23134,0,0,0,0
12,1.26015,0,0,0,0
12,1.272,0,0,0,0
12,1.28963,0,0,0,0
12,1.31979,0,0,0,0
12,1.35067,0,0,0,0
12,1.38226,0,0,0,0
12,1.408,0,0,0,0
12,1.4146,0,0,0,0
12,1.44769,0,0,0,0
12,1.48155,0,0,0,0
12,1.5,0,0,0,0
12,1.51621,0,0,0,0
12,1.544,0,0,0,0
12,1.55168,0,0,0,0
12,1.58797,0,0,0,0
12,1.62512,0,0,0,0
12,1.66314,0,0,0,0
12,1.68,0,0,0,0
12,1.70204,0,0,0,0
12,1.74186,0,0,0,0
12,1.7826,0,0,0,0
12,1.816,0,0,0,0
12,1.8243,0,0,0,0
12,1.86698,0,0,0,0
12,1.91065,0,0,0,0
12,1.952,0,0,0,0
12,1.95534,0.0539493,0.0539493,0,0
12,2,1.13314,1.13314,0,0
12,2.00108,1.15355,1.15355,0,0
12,2.04789,1.91951,1.91951,0,0
12,2.088,2.43935,2.43935,0,0
12,2.0958,2.52995,2.52995,0,0
12,2.14483,3.03947,3.03947,0,0
12,2.195,3.47671,3.47671,0,0
12,2.224,3.69963,3.69963,0,0
12,2.24634,3.85897,3.85897,0,0
12,2.29889,4.19807,4.19807,0,0
12,2.35267,4.5023,4.5023,0,0
12,2.36,4.54093,4.54093,0,0
12,2.4077,4.77784,4.77784,0,0
12,2.46402,5.02925,5.02925,0,0
12,2.496,5.1604,5.1604,0,0
12,2.5,5.17627,5.17627,0,0
12,2.52166,5.26023,5.26023,0,0
12,2.58065,5.47371,5.47371,0,0
12,2.632,5.64338,5.64338,0,0
12,2.64102,5.67178,5.67178,0,0
12,2.7028,5.85627,5.85627,0,0
12,2.76602,6.02879,6.02879,0,0
12,2.768,6.03394,6.03394,0,0
12,2.83073,6.19052,6.19052,0,0
12,2.89695,6.34254,6.34254,0,0
12,2.904,6.35801,6.35801,0,0
12,2.96471,6.48577,6.48577,0,0
12,3,6.55594,6.55594,0,0
12,3.03406,6.62103,6.62103,0,0
12,3.04,6.63212,6.63212,0,0
12,3.10504,6.7488,6.7488,0,0
12,3.176,6.86662,6.86662,0,0
12,3.17767,6.8693,6.8693,0,0
12,3.252,6.98382,6.98382,0,0
12,3.312,7.0701,7.0701,0,0
12,3.32808,7.0924,7.0924,0,0
12,3.40593,7.1957,7.1957,0,0
12,3.448,7.24853,7.24853,0,0
12,3.4856,7.29406,7.29406,0,0
12,3.5,7.31108,7.31108,0,0
12,3.56714,7.38758,7.38758,0,0
12,3.584,7.40608,7.40608,0,0
12,3.65058,7.47637,7.47637,0,0
12,3.72,7.54525,7.54525,0,0
12,3.73598,7.5605,7.5605,0,0
12,3.82337,7.63998,7.63998,0,0
12,3.856,7.66803,7.66803,0,0
12,3.91281,7.71486,7.71486,0,0
12,3.992,7.7759,7.7759,0,0
12,4,7.7818,7.7818,0,0
12,4.00434,7.78499,7.78499,0,0
12,4.09801,7.85028,7.85028,0,0
12,4.128,7.86983,7.86983,0.0503158,0
12,4.19387,7.91053,7.91053,1.00156,0
12,4.264,7.9505,7.9505,1.76432,0.848052
12,4.29198,7.9655,7.9655,2.02005,1.1804
12,4.39238,8.01492,8.01492,2.78145,2.13519
12,4.4,8.01839,8.01839,2.83131,2.19638
12,4.49512,8.05846,8.05846,3.38345,2.86192
12,4.5,8.06035,8.06035,3.40871,2.89193
12,4.536,8.07383,8.07383,3.58756,3.10343
12,4.60028,8.09579,8.09579,3.87679,3.44238
12,4.672,8.11713,8.11713,4.16143,3.77278
12,4.70789,8.12657,8.12657,4.2911,3.92237
12,4.808,8.14862,8.14862,4.61546,4.29435
12,4.81802,8.15049,8.15049,4.64523,4.32835
12,4.93072,8.1673,8.1673,4.95183,4.67731
12,4.944,8.16879,8.16879,4.98485,4.71478
12,5,8.17395,8.17395,5.11775,4.86538
12,5.04606,8.17684,8.17684,5.22,4.98096
12,5.08,8.17823,8.17823,5.29155,5.06174
12,5.1641,8.17902,8.17902,5.45621,5.24746
12,5.216,8.17767,8.17767,5.54972,5.3528
12,5.2849,8.17385,8.17385,5.6652,5.48299
12,5.352,8.16799,8.16799,5.76916,5.60025
12,5.40853,8.16149,8.16149,5.85081,5.69242
12,5.488,8.15011,8.15011,5.95718,5.81238
12,5.5,8.14817,8.14817,5.97251,5.82958
12,5.53505,8.1422,8.1422,6.01617,5.87855
12,5.624,8.12504,8.12504,6.11922,5.99496
12,5.66453,8.11633,8.11633,6.16308,6.04445
12,5.76,8.09377,8.09377,6.25808,6.15294
12,5.79703,8.08431,8.08431,6.292,6.19225
12,5.896,8.05727,8.05727,6.37724,6.28923
12,5.93264,8.04666,8.04666,6.4066,6.32205
12,6,8.02639,8.02639,6.45647,6.37931
12,6.032,8.01644,8.01644,6.47854,6.40533
12,6.07142,8.00391,8.00391,6.50412,6.43595
12,6.168,7.97208,7.97208,6.5597,6.50277
12,6.21344,7.95661,7.95661,6.58271,6.53104
12,6.304,7.92478,7.92478,6.62247,6.5824
12,6.35879,7.90485,7.90485,6.64293,6.60931
12,6.44,7.87414,7.87414,6.66811,6.64413
12,6.5,7.85042,7.85042,6.68301,6.66629
12,6.50754,7.84738,7.84738,6.68464,6.66884
12,6.576,7.81913,7.81913,6.69715,6.68941
12,6.65976,7.78303,7.78303,6.70698,6.70881
12,6.712,7.75967,7.75967,6.70998,6.71779
12,6.81555,7.71142,7.71142,6.70915,6.72764
12,6.848,7.69578,7.69578,6.7071,6.72847
12,6.97498,7.63213,7.63213,6.69054,6.72262
12,6.984,7.62747,7.62747,6.68887,6.72172
12,7,7.61914,7.61914,6.68573,6.71994
12,7.12,7.55471,7.55471,6.65564,6.70012
12,7.13814,7.54467,7.54467,6.65012,6.6962
12,7.256,7.47746,7.47746,6.60819,6.66484
12,7.30512,7.44844,7.44844,6.58777,6.64875
12,7.392,7.39564,7.39564,6.54745,6.61619
12,7.47601,7.34277,7.34277,6.50382,6.58003
12,7.5,7.32733,7.32733,6.49053,6.56893
12,7.528,7.30914,7.30914,6.47459,6.5555
12,7.65089,7.2269,7.2269,6.39917,6.49051
12,7.664,7.21789,7.21789,6.39061,6.48301
12,7.8,7.12177,7.12177,6.29656,6.39923
12,7.82986,7.1,7.1,6.27468,6.3794
12,7.936,7.02067,7.02067,6.19351,6.30495
12,8,6.97135,6.97135,6.1422,6.25727
12,8.01302,6.96118,6.96118,6.13156,6.24732
12,8.072,6.91452,6.91452,6.08259,6.20122
12,8.20046,6.80957,6.80957,5.97148,6.09543
12,8.208,6.80327,6.80327,5.96478,6.08902
12,8.344,6.68694,6.68694,5.84107,5.9698
12,8.39229,6.64442,6.64442,5.79604,5.92602
12,8.48,6.5656,6.5656,5.71262,5.84468
12,8.5,6.54734,6.54734,5.69331,5.82584
12,8.58861,6.46523,6.46523,5.607,5.74117
12,8.616,6.43945,6.43945,5.5802,5.71463
12,8.752,6.30882,6.30882,5.44522,5.58051
12,8.78952,6.27205,6.27205,5.40711,5.54292
12,8.888,6.17415,6.17415,5.30705,5.44326
12,8.99512,6.06566,6.06566,5.19942,5.33346
12,9,6.06068,6.06068,5.19447,5.32844
12,9.024,6.03613,6.03613,5.16989,5.30368
12,9.16,5.89553,5.89553,5.03009,5.16273
12,9.20554,5.8481,5.8481,4.9854,5.11536
12,9.296,5.75348,5.75348,4.894,5.02124
12,9.42088,5.6224,5.6224,4.7696,4.89164
12,9.432,5.61072,5.61072,4.75874,4.88013
12,9.5,5.53932,5.53932,4.69202,4.81
12,9.568,5.46791,5.46791,4.62528,4.74025
12,9.64126,5.39138,5.39138,4.55485,4.66572
12,9.704,5.32618,5.32618,4.49603,4.60245
12,9.84,5.18777,5.18777,4.37056,4.46752
12,9.86679,5.16113,5.16113,4.34639,4.44135
12,9.976,5.055,5.055,4.25024,4.33623
12,10,5.0321,5.0321,4.22953,4.31347
12,10.0976,4.94072,4.94072,4.14695,4.22247
12,10.112,4.92748,4.92748,4.135,4.20924
12,10.248,4.80596,4.80596,4.02563,4.08716
12,10.3338,4.73274,4.73274,3.95957,4.01294
12,10.384,4.69119,4.69119,3.92213,3.97053
12,10.5,4.59886,4.59886,3.83874,3.87561
12,10.52,4.58347,4.58347,3.82484,3.85969
12,10.5755,4.54155,4.54155,3.787,3.81618
12,10.656,4.48295,4.48295,3.73386,3.75498
12,10.792,4.38952,4.38952,3.64934,3.65676
12,10.8229,4.36923,4.36923,3.63087,3.63532
12,10.928,4.30292,4.30292,3.5704,3.56497
12,11,4.25973,4.25973,3.53146,3.51904
12,11.064,4.22285,4.22285,3.49829,3.47974
12,11.0761,4.21604,4.21604,3.49215,3.47246
12,11.2,4.14883,4.14883,3.43182,3.40092
12,11.3352,4.08088,4.08088,3.37203,3.3289
12,11.336,4.08049,4.08049,3.37169,3.32849
12,11.472,4.01726,4.01726,3.3171,3.26225
12,11.5,4.00467,4.00467,3.30652,3.24938
12,11.6003,3.9615,3.9615,3.27036,3.20522
12,11.608,3.95839,3.95839,3.26772,3.20198
12,11.744,3.90625,3.90625,3.22327,3.14747
12,11.8717,3.85603,3.85603,3.18577,3.1012
12,11.88,3.85281,3.85281,3.18347,3.09835
12,12,3.80999,3.80999,3.15195,3.05934
12,12.016,3.80469,3.80469,3.14799,3.05442
12,12.1494,3.76146,3.76146,3.11675,3.01597
12,12.152,3.76061,3.76061,3.11619,3.01527
12,12.288,3.71635,3.71635,3.08848,2.98062
12,12.424,3.67611,3.67611,3.0641,2.95015
12,12.4336,3.67345,3.67345,3.06249,2.94814
12,12.5,3.65564,3.65564,3.05182,2.9348
12,12.56,3.63911,3.63911,3.04276,2.92346
12,12.696,3.59888,3.59888,3.02419,2.90035
12,12.7245,3.59127,3.59127,3.02063,2.89591
12,12.832,3.56497,3.56497,3.00808,2.88038
12,12.968,3.52939,3.52939,2.99421,2.86352
12,13,3.5211,3.5211,2.99123,2.8599
12,13.0221,3.5156,3.5156,2.98924,2.85747
12,13.104,3.49544,3.49544,2.98226,2.84907
12,13.24,3.46036,3.46036,2.97208,2.83689
12,13.3267,3.43794,3.43794,2.96639,2.83021
12,13.376,3.42538,3.42538,2.96342,2.82681
12,13.5,3.39427,3.39427,2.95669,2.8192
12,13.512,3.39142,3.39142,2.95609,2.81853
12,13.6385,3.35946,3.35946,2.95028,2.81239
12,13.648,3.35705,3.35705,2.94988,2.81198
12,13.784,3.3234,3.3234,2.94463,2.80685
12,13.92,3.28932,3.28932,2.94019,2.80361
12,13.9575,3.27993,3.27993,2.93911,2.80274
12,14,3.26927,3.26927,2.93796,2.80181
12,14.056,3.25513,3.25513,2.93655,2.80071
12,14.192,3.22069,3.22069,2.93349,2.79849
12,14.284,3.19678,3.19678,2.93158,2.79781
12,14.328,3.1862,3.1862,2.93069,2.79788
12,14.464,3.15111,3.15111,2.92837,2.79772
12,14.5,3.14202,3.14202,2.92791,2.79761
12,14.6,3.11558,3.11558,2.92702,2.79721
12,14.6182,3.11072,3.11072,2.92689,2.79706
12,14.736,3.08012,3.08012,2.92574,2.79598
12,14.872,3.04441,3.04441,2.92333,2.79721
12,14.9601,3.02089,3.02089,2.92167,2.79802
12,15,3.01023,3.01023,2.92104,2.79836
12,15.008,3.00808,3.00808,2.92092,2.79843
12,15.144,2.97107,2.97107,2.91963,2.79941
12,15.28,2.93362,2.93362,2.9184,2.79993
12,15.3101,2.92529,2.92529,2.91803,2.80006
12,15.416,2.89584,2.89584,2.91641,2.80098
12,15.5,2.87231,2.87231,2.91507,2.80169
12,15.552,2.85768,2.85768,2.91426,2.80204
12,15.6682,2.8246,2.8246,2.91258,2.80287
12,15.688,2.81896,2.81896,2.91232,2.80301
12,15.824,2.7797,2.7797,2.91078,2.80385
12,15.96,2.73986,2.73986,2.90946,2.80458
12,16,2.72857,2.72857,2.90894,2.80477
12,16.0347,2.71879,2.71879,2.90839,2.80493
12,16.096,2.70081,2.70081,2.9072,2.80516
12,16.232,2.66089,2.66089,2.90378,2.80554
12,16.368,2.62034,2.62034,2.90016,2.80574
12,16.4098,2.60791,2.60791,2.89907,2.80576
12,16.5,2.58058,2.58058,2.8968,2.80574
12,16.504,2.57936,2.57936,2.8967,2.80574
12,16.64,2.53795,2.53795,2.89357,2.8055
12,16.776,2.49664,2.49664,2.89045,2.80498
12,16.7937,2.49124,2.49124,2.89001,2.80489
12,16.912,2.45475,2.45475,2.88669,2.8042
12,17,2.42742,2.42742,2.88399,2.80358
12,17.048,2.41243,2.41243,2.8825,2.80321
12,17.184,2.36969,2.36969,2.87828,2.80198
12,17.1865,2.36889,2.36889,2.8782,2.80195
12,17.32,2.32672,2.32672,2.87364,2.80045
12,17.456,2.28358,2.28358,2.86825,2.79862
12,17.5,2.26957,2.26957,2.86658,2.79797
12,17.5886,2.24117,2.24117,2.86366,2.79659
12,17.592,2.24006,2.24006,2.86355,2.79653
12,17.728,2.19554,2.19554,2.85855,2.79421
12,17.864,2.15147,2.15147,2.8525,2.79164
12,18,2.10727,2.10727,2.84684,2.7888
13,1,0,0,1.76115,1.82594
13,1.02362,0,0,1.85238,1.91863
13,1.04779,0,0,1.94444,2.01214
13,1.07254,0,0,2.03735,2.10643
13,1.09787,0,0,2.13104,2.20147
13,1.12379,0,0,2.22551,2.29724
13,1.14,0,0,2.28381,2.35633
13,1.15033,0,0,2.32071,2.39371
13,1.1775,0,0,2.41663,2.49084
13,1.20531,0,0,2.51324,2.58863
13,1.23378,0,0,2.61053,2.68706
13,1.26291,0,0,2.70848,2.78609
13,1.28,0,0,2.76515,2.84338
13,1.29274,0,0,2.80705,2.88573
13,1.32327,0,0,2.90626,2.98594
13,1.35452,0,0,3.00606,3.0867
13,1.38651,0,0,3.10643,3.18798
13,1.41926,0,0,3.20737,3.28979
13,1.42,0,0,3.20964,3.29208
13,1.45277,0,0,3.30884,3.39209
13,1.48708,0,0,3.41081,3.49484
13,1.5,0,0,3.44872,3.53302
13,1.5222,0,0,3.51328,3.59801
13,1.55815,0,0,3.61622,3.7016
13,1.56,0,0,3.62146,3.70687
13,1.59495,0,0,3.7196,3.80559
13,1.63262,0,0,3.82338,3.90999
13,1.67118,0,0,3.92754,4.01471
13,1.7,0,0,4.00409,4.09157
13,1.71064,0,0,4.03208,4.11966
13,1.75104,0,0,4.13699,4.22496
13,1.7924,0,0,4.24221,4.33071
13,1.83473,0,0,4.34761,4.43661
13,1.84,0,0,4.36058,4.44962
13,1.87806,0,0,4.45335,4.54257
13,1.92241,0,0,4.55955,4.64892
13,1.96781,0.431657,0.431657,4.66581,4.75527
13,1.98,0.72554,0.72554,4.6939,4.78332
13,2,1.13314,1.13314,4.73967,4.829
13,2.01429,1.39157,1.39157,4.77212,4.8614
13,2.06186,2.11186,2.11186,4.87883,4.96815
13,2.11055,2.69355,2.69355,4.98533,5.07477
13,2.12,2.79341,2.79341,5.00564,5.09503
13,2.1604,3.18305,3.18305,5.09168,5.18062
13,2.21142,3.60528,3.60528,5.19895,5.28715
13,2.26,3.95164,3.95164,5.29858,5.38604
13,2.26364,3.9758,3.9758,5.30593,5.39334
13,2.3171,4.30546,4.30546,5.41266,5.49946
13,2.37183,4.60195,4.60195,5.51989,5.60646
13,2.4,4.7412,4.7412,5.57361,5.66
13,2.42784,4.87097,4.87097,5.62579,5.71204
13,2.48518,5.11687,5.11687,5.73241,5.81838
13,2.5,5.17628,5.17628,5.75973,5.8456
13,2.54,5.32889,5.32889,5.83203,5.91782
13,2.54387,5.34312,5.34312,5.83888,5.9247
13,2.60395,5.55249,5.55249,5.9437,6.0303
13,2.66544,5.7468,5.7468,6.0495,6.1361
13,2.68,5.79013,5.79013,6.07402,6.16063
13,2.72839,5.928,5.928,6.15403,6.24071
13,2.79283,6.09752,6.09752,6.25927,6.34517
13,2.82,6.16467,6.16467,6.30316,6.38928
13,2.85879,6.25651,6.25651,6.36468,6.44987
13,2.9263,6.40603,6.40603,6.46821,6.55222
13,2.96,6.47619,6.47619,6.51902,6.60265
13,2.99541,6.54698,6.54698,6.57176,6.6548
13,3,6.55594,6.55594,6.57854,6.66147
13,3.06615,6.68011,6.68011,6.67477,6.7555
13,3.1,6.74008,6.74008,6.72323,6.80346
13,3.13857,6.8056,6.8056,6.77789,6.85785
13,3.21269,6.92438,6.92438,6.87907,6.95861
13,3.24,6.96593,6.96593,6.91574,6.99473
13,3.28856,7.03702,7.03702,6.97945,7.05819
13,3.36623,7.144,7.144,7.07873,7.15562
13,3.38,7.16216,7.16216,7.09599,7.17259
13,3.44573,7.24578,7.24578,7.17661,7.25155
13,3.5,7.31114,7.31114,7.2412,7.31485
13,3.52,7.33442,7.33442,7.26453,7.33777
13,3.5271,7.34258,7.34258,7.27276,7.34584
13,3.6104,7.43452,7.43452,7.36682,7.43777
13,3.66,7.48602,7.48602,7.42068,7.49025
13,3.69567,7.52165,7.52165,7.45838,7.5269
13,3.78295,7.60407,7.60407,7.54691,7.6126
13,3.8,7.61941,7.61941,7.56356,7.62867
13,3.87229,7.68177,7.68177,7.63168,7.69419
13,3.94,7.7364,7.7364,7.69176,7.75161
13,3.96374,7.75471,7.75471,7.71192,7.77078
13,4,7.78184,7.78184,7.74176,7.79907
13,4.05735,7.82278,7.82278,7.78659,7.84129
13,4.08,7.83827,7.83827,7.80346,7.85709
13,4.15317,7.88578,7.88578,7.85458,7.90456
13,4.22,7.92586,7.92586,7.89656,7.94294
13,4.25126,7.94352,7.94352,7.9146,7.95919
13,4.35166,7.99573,7.99573,7.9653,8.00385
13,4.36,7.99976,7.99976,7.969,8.00703
13,4.45443,8.04208,8.04208,8.00523,8.03711
13,4.5,8.06038,8.06038,8.01888,8.04774
13,4.55963,8.08224,8.08224,8.0329,8.0577
13,4.64,8.10803,8.10803,8.04487,8.06408
13,4.66731,8.11585,8.11585,8.0471,8.06439
13,4.77754,8.14258,8.14258,8.0467,8.05612
13,4.78,8.14309,8.14309,8.04652,8.05577
13,4.89037,8.16217,8.16217,8.03076,8.03246
13,4.92,8.16604,8.16604,8.02405,8.02375
13,5,8.17396,8.17396,8.00092,7.99526
13,5.00586,8.17439,8.17439,7.99894,7.99289
13,5.06,8.17749,8.17749,7.97883,7.96929
13,5.12408,8.17911,8.17911,7.95098,7.93753
13,5.2,8.17824,8.17824,7.91274,7.89498
13,5.2451,8.17634,8.17634,7.88772,7.86726
13,5.34,8.16919,8.16919,7.82972,7.80364
13,5.36897,8.16618,8.16618,7.81047,7.78304
13,5.48,8.15137,8.15137,7.73051,7.70091
13,5.49577,8.14886,8.14886,7.7186,7.68884
13,5.5,8.14817,8.14817,7.71539,7.68558
13,5.62,8.12587,8.12587,7.62026,7.58791
13,5.62556,8.12471,8.12471,7.6157,7.58316
13,5.75842,8.09416,8.09416,7.50501,7.46764
13,5.76,8.09377,8.09377,7.50366,7.46622
13,5.89441,8.05772,8.05772,7.38812,7.34611
13,5.9,8.05612,8.05612,7.38328,7.3411
13,6,8.02639,8.02639,7.2965,7.25143
13,6.03362,8.01592,8.01592,7.26724,7.22155
13,6.04,8.01391,8.01391,7.26168,7.2159
13,6.17611,7.96934,7.96934,7.14391,7.0966
13,6.18,7.96802,7.96802,7.14058,7.09324
13,6.32,7.91902,7.91902,7.02178,6.97405
13,6.32197,7.9183,7.9183,7.02013,6.97241
13,6.46,7.86635,7.86635,6.90683,6.85947
13,6.47128,7.8619,7.8619,6.89779,6.8505
13,6.5,7.85044,7.85044,6.87492,6.82784
13,6.6,7.80897,7.80897,6.79723,6.74971
13,6.62411,7.79861,7.79861,6.77896,6.73122
13,6.74,7.74688,7.74688,6.6938,6.6472
13,6.78055,7.72802,7.72802,6.66508,6.61814
13,6.88,7.6801,7.6801,6.59721,6.55086
13,6.94068,7.6497,7.6497,6.55761,6.5107
13,7,7.61913,7.61913,6.52017,6.47301
13,7.02,7.60863,7.60863,6.50786,6.46072
13,7.1046,7.56316,7.56316,6.45751,6.41036
13,7.16,7.53245,7.53245,6.42602,6.37917
13,7.27238,7.46785,7.46785,6.36578,6.31993
13,7.3,7.4515,7.4515,6.35176,6.3062
13,7.44,7.36567,7.36567,6.28522,6.24141
13,7.44413,7.36306,7.36306,6.28338,6.23962
13,7.5,7.32736,7.32736,6.25907,6.21604
13,7.58,7.27485,7.27485,6.22647,6.18449
13,7.61994,7.24801,7.24801,6.2111,6.16965
13,7.72,7.17894,7.17894,6.1753,6.13536
13,7.7999,7.12187,7.12187,6.14961,6.11076
13,7.86,7.07781,7.07781,6.13181,6.09405
13,7.98411,6.9837,6.9837,6.09948,6.06374
13,8,6.97134,6.97134,6.09577,6.06027
13,8.14,6.85948,6.85948,6.0669,6.03387
13,8.17266,6.83261,6.83261,6.06121,6.02871
13,8.28,6.74223,6.74223,6.04518,6.01444
13,8.36568,6.66782,6.66782,6.03515,6.00593
13,8.42,6.61961,6.61961,6.03014,6.00183
13,8.5,6.54719,6.54719,6.02454,5.99754
13,8.56,6.49179,6.49179,6.02162,5.99566
13,8.56325,6.48877,6.48877,6.0215,5.99559
13,8.7,6.35901,6.35901,6.01932,5.99558
13,8.76548,6.29531,6.29531,6.02024,5.99754
13,8.84,6.2217,6.2217,6.02279,6.00127
13,8.97249,6.08808,6.08808,6.03118,6.01167
13,8.98,6.08042,6.08042,6.0318,6.0124
13,9,6.05996,6.05996,6.03352,6.01441
13,9.12,5.93601,5.93601,6.04601,6.02861
13,9.18439,5.86877,5.86877,6.05422,6.03769
13,9.26,5.78946,5.78946,6.06509,6.0496
13,9.4,5.64207,5.64207,6.08868,6.07498
13,9.4013,5.6407,5.6407,6.08892,6.07523
13,9.5,5.53698,5.53698,6.10806,6.0956
13,9.54,5.49518,5.49518,6.11639,6.10439
13,9.62333,5.40866,5.40866,6.13473,6.12364
13,9.68,5.35014,5.35014,6.1479,6.13745
13,9.82,5.20765,5.20765,6.18289,6.17386
13,9.8506,5.17705,5.17705,6.19095,6.18222
13,9.96,5.06944,5.06944,6.22094,6.21326
13,10,5.0309,5.0309,6.23237,6.22503
13,10.0832,4.95231,4.95231,6.25679,6.25019
13,10.1,4.93676,4.93676,6.26181,6.25536
13,10.24,4.81083,4.81083,6.30518,6.29979
13,10.3214,4.74102,4.74102,6.33134,6.3266
13,10.38,4.69227,4.69227,6.35064,6.34632
13,10.5,4.59678,4.59678,6.39112,6.38766
13,10.52,4.58142,4.58142,6.39797,6.39467
13,10.5651,4.54737,4.54737,6.41357,6.41059
13,10.66,4.47832,4.47832,6.44688,6.44451
13,10.8,4.38273,4.38273,6.49697,6.49552
13,10.8146,4.37317,4.37317,6.50228,6.50091
13,10.94,4.29438,4.29438,6.54801,6.5474
13,11,4.25861,4.25861,6.56992,6.56964
13,11.07,4.21836,4.21836,6.5954,6.59526
13,11.08,4.21278,4.21278,6.59901,6.59885
13,11.22,4.13752,4.13752,6.64739,6.64762
13,11.3315,4.08172,4.08172,6.67765,6.68038
13,11.36,4.06801,4.06801,6.684,6.68741
13,11.5,4.00384,4.00384,6.70774,6.71288
13,11.5,4.00384,4.00384,6.70774,6.71288
13,11.5991,3.96127,3.96127,6.71767,6.72238
13,11.64,3.94434,3.94434,6.72018,6.72512
13,11.78,3.88806,3.88806,6.72186,6.72977
13,11.873,3.85349,3.85349,6.71706,6.72609
13,11.92,3.83698,3.83698,6.71285,6.72218
13,12,3.80951,3.80951,6.70293,6.71259
13,12.06,3.78931,3.78931,6.69323,6.70347
13,12.1534,3.75869,3.75869,6.67431,6.68649
13,12.2,3.74376,3.74376,6.66316,6.67631
13,12.34,3.70146,3.70146,6.62292,6.63574
13,12.4405,3.67201,3.67201,6.58799,6.60018
13,12.48,3.66019,3.66019,6.57291,6.58487
13,12.5,3.65428,3.65428,6.56501,6.57701
13,12.62,3.61967,3.61967,6.51383,6.52914
13,12.7343,3.58772,3.58772,6.45908,6.47434
13,12.76,3.58095,3.58095,6.44583,6.4612
13,12.9,3.54465,3.54465,6.36953,6.38847
13,13,3.51822,3.51822,6.30964,6.32863
13,13.035,3.50913,3.50913,6.28778,6.30634
13,13.04,3.50784,3.50784,6.28463,6.30315
13,13.18,3.4723,3.4723,6.19305,6.2143
13,13.32,3.43684,3.43684,6.09453,6.11785
13,13.3428,3.43129,3.43129,6.07784,6.10179
13,13.46,3.40239,3.40239,5.9897,6.01381
13,13.5,3.39282,3.39282,5.95868,5.98352
13,13.6,3.36816,3.36816,5.87895,5.90547
13,13.658,3.35345,3.35345,5.83174,5.85894
13,13.74,3.33311,3.33311,5.76372,5.79128
13,13.88,3.29832,3.29832,5.64166,5.67194
13,13.9805,3.27318,3.27318,5.55212,5.58333
13,14,3.26831,3.26831,5.53425,5.56591
13,14.02,3.26332,3.26332,5.51582,5.54794
13,14.16,3.22805,3.22805,5.38549,5.41972
13,14.3,3.19286,3.19286,5.25069,5.28681
13,14.3107,3.19024,3.19024,5.24027,5.27641
13,14.44,3.1566,3.1566,5.11298,5.14983
13,14.5,3.1411,3.1411,5.05266,5.09044
13,14.58,3.12045,3.12045,4.97058,5.00996
13,14.6487,3.10219,3.10219,4.89941,4.94001
13,14.72,3.08307,3.08307,4.82543,4.86728
13,14.86,3.04708,3.04708,4.67759,4.7209
13,14.9946,3.01134,3.01134,4.5313,4.57721
13,15,3.00982,3.00982,4.52541,4.57143
13,15,3.00982,3.00982,4.52541,4.57143
13,15.14,2.9712,2.9712,4.37143,4.41936
13,15.28,2.93323,2.93323,4.21445,4.2649
13,15.3487,2.91432,2.91432,4.13636,4.18806
13,15.42,2.89445,2.89445,4.05474,4.10773
13,15.5,2.87209,2.87209,3.96233,4.01679
13,15.56,2.85536,2.85536,3.89253,3.94778
13,15.7,2.81567,2.81567,3.72764,3.78583
13,15.7112,2.81243,2.81243,3.71441,3.77277
13,15.84,2.77532,2.77532,3.56084,3.62137
13,15.98,2.73476,2.73476,3.3921,3.45498
13,16,2.72893,2.72893,3.36779,3.43093
13,16.0823,2.70487,2.70487,3.26724,3.33193
13,16.12,2.69381,2.69381,3.22076,3.28633
13,16.26,2.65235,2.65235,3.0469,3.11572
13,16.4,2.61118,2.61118,2.87163,2.94315
13,16.4621,2.59252,2.59252,2.79325,2.8661
13,16.5,2.58083,2.58083,2.74519,2.81867
13,16.54,2.56847,2.56847,2.69434,2.76872
13,16.68,2.52557,2.52557,2.51513,2.59256
13,16.82,2.48245,2.48245,2.33402,2.4145
13,16.8509,2.47289,2.47289,2.29392,2.375
13,16.96,2.43897,2.43897,2.15137,2.23518
13,17,2.42648,2.42648,2.09872,2.18353
13,17.1,2.39524,2.39524,1.9666,2.05347
13,17.24,2.35173,2.35173,1.78059,1.87018
13,17.2488,2.34897,2.34897,1.76881,1.85851
13,17.38,2.30737,2.30737,1.59293,1.68542
13,17.5,2.26901,2.26901,1.43087,1.52578
13,17.52,2.26262,2.26262,1.40378,1.49907
13,17.6562,2.21888,2.21888,1.2181,1.31639
13,17.66,2.21764,2.21764,1.21287,1.31126
13,17.8,2.17206,2.17206,1.02047,1.122
13,17.94,2.12685,2.12685,0.826514,0.93126
13,18,2.10708,2.10708,0.742954,0.848941
13,18.0732,2.08301,2.08301,0.640588,0.748338
13,18.08,2.08077,2.08077,0.631027,0.738947
13,18.22,2.03465,2.03465,0.434433,0.545599
13,18.36,1.98836,1.98836,0.23652,0.350856
13,18.5,1.94153,1.94153,0.0372669,0.155042
14,1,0,0,0,0
14,1.02316,0,0,0,0
14,1.04686,0,0,0,0
14,1.07111,0,0,0,0
14,1.09592,0,0,0,0
14,1.1213,0,0,0,0
14,1.132,0,0,0,0
14,1.14727,0,0,0,0
14,1.17384,0,0,0,0
14,1.20103,0,0,0,0
14,1.22885,0,0,0,0
14,1.25731,0,0,0,0
14,1.264,0,0,0,0
14,1.28643,0,0,0,0
14,1.31623,0,0,0,0
14,1.34672,0,0,0,0
14,1.37791,0,0,0,0
14,1.396,0,0,0,0
14,1.40982,0,0,0,0
14,1.44248,0,0,0,0
14,1.47589,0,0,0,0
14,1.5,0,0,0,0
14,1.51007,0,0,0,0
14,1.528,0,0,0,0
14,1.54505,0,0,0,0
14,1.58083,0,0,0,0
14,1.61745,0,0,0,0
14,1.65491,0,0,0,0
14,1.66,0,0,0,0
14,1.69324,0,0,0,0
14,1.73246,0,0,0,0
14,1.77259,0,0,1.5014,0
14,1.792,0,0,2.1333,0.204143
14,1.81364,0,0,2.69254,1.29727
14,1.85565,0,0,3.51493,2.61106
14,1.89863,0,0,4.14149,3.48936
14,1.924,0,0,4.44602,3.89065
14,1.94261,0,0,4.64636,4.14752
14,1.9876,0.888528,0.888528,5.06704,4.6725
14,2,1.13314,1.13314,5.16974,4.79844
14,2.03364,1.70798,1.70798,5.42608,5.10667
14,2.056,2.03281,2.03281,5.58122,5.28956
14,2.08074,2.35223,2.35223,5.74074,5.47562
14,2.12893,2.88455,2.88455,6.02016,5.79771
14,2.17824,3.3386,3.3386,6.27074,6.08278
14,2.188,3.41991,3.41991,6.31672,6.13477
14,2.2287,3.73395,3.73395,6.4974,6.33792
14,2.28032,4.08344,4.08344,6.70389,6.56827
14,2.32,4.32211,4.32211,6.84794,6.72783
14,2.33313,4.39619,4.39619,6.89313,6.77768
14,2.38717,4.67884,4.67884,7.06749,6.96927
14,2.44246,4.93629,4.93629,7.22891,7.14542
14,2.452,4.9779,4.9779,7.25521,7.17402
14,2.49903,5.17245,5.17245,7.3789,7.30819
14,2.5,5.17627,5.17627,7.38135,7.31083
14,2.55692,5.3904,5.3904,7.5187,7.45925
14,2.584,5.4852,5.4852,7.57989,7.5252
14,2.61614,5.59253,5.59253,7.64931,7.5999
14,2.67673,5.78048,5.78048,7.7716,7.73118
14,2.716,5.89361,5.89361,7.84536,7.81021
14,2.73873,5.95622,5.95622,7.88624,7.85396
14,2.80216,6.12087,6.12087,7.99379,7.96891
14,2.848,6.23142,6.23142,8.06594,8.04594
14,2.86707,6.27553,6.27553,8.09467,8.07659
14,2.93347,6.4212,6.4212,8.1892,8.1774
14,2.98,6.51652,6.51652,8.25059,8.24285
14,3,6.55594,6.55594,8.27582,8.26975
14,3.00142,6.5587,6.5587,8.27759,8.27163
14,3.07094,6.68873,6.68873,8.35996,8.35948
14,3.112,6.76078,6.76078,8.40499,8.40755
14,3.14207,6.81139,6.81139,8.43632,8.44103
14,3.21484,6.92766,6.92766,8.50662,8.51627
14,3.244,6.97188,6.97188,8.53265,8.54418
14,3.2893,7.03803,7.03803,8.57072,8.58508
14,3.36549,7.14295,7.14295,8.62842,8.64731
14,3.376,7.15684,7.15684,8.63577,8.65526
14,3.44344,7.24287,7.24287,8.6795,8.70272
14,3.5,7.31105,7.31105,8.71165,8.73786
14,3.508,7.32041,7.32041,8.71587,8.74249
14,3.5232,7.33801,7.33801,8.72368,8.75106
14,3.6048,7.42846,7.42846,8.76074,8.79211
14,3.64,7.46545,7.46545,8.77423,8.80726
14,3.68829,7.51429,7.51429,8.79035,8.82563
14,3.772,7.59402,7.59402,8.81205,8.85106
14,3.77372,7.59559,7.59559,8.81241,8.8515
14,3.86113,7.67234,7.67234,8.8267,8.86947
14,3.904,7.70774,7.70774,8.83077,8.87521
14,3.95056,7.74452,7.74452,8.83306,8.87919
14,4,7.78178,7.78178,8.83313,8.88089
14,4.036,7.80776,7.80776,8.8317,8.88052
14,4.04206,7.81204,7.81204,8.83134,8.88033
14,4.13568,7.87471,7.87471,8.82164,8.87332
14,4.168,7.89489,7.89489,8.81658,8.86925
14,4.23147,7.93236,7.93236,8.80437,8.85887
14,4.3,7.96968,7.96968,8.78804,8.84429
14,4.32948,7.98475,7.98475,8.78007,8.83706
14,4.42976,8.03156,8.03156,8.74895,8.80867
14,4.432,8.03253,8.03253,8.74819,8.80797
14,4.5,8.06034,8.06034,8.72379,8.78555
14,4.53236,8.0725,8.0725,8.71136,8.77404
14,4.564,8.08372,8.08372,8.69871,8.7623
14,4.63733,8.10721,8.10721,8.66765,8.73334
14,4.696,8.12352,8.12352,8.6411,8.70847
14,4.74474,8.1354,8.1354,8.61796,8.68676
14,4.828,8.15228,8.15228,8.57633,8.64756
14,4.85464,8.15679,8.15679,8.56248,8.63449
14,4.96,8.17044,8.17044,8.50521,8.58038
14,4.96708,8.17113,8.17113,8.50122,8.57661
14,5,8.17394,8.17394,8.48247,8.55886
14,5.08213,8.17829,8.17829,8.43414,8.51308
14,5.092,8.17857,8.17857,8.42819,8.50744
14,5.19984,8.17823,8.17823,8.3611,8.4438
14,5.224,8.17734,8.17734,8.34557,8.42906
14,5.32028,8.17102,8.17102,8.28185,8.36855
14,5.356,8.16757,8.16757,8.25747,8.34538
14,5.4435,8.1568,8.1568,8.19608,8.28702
14,5.488,8.15011,8.15011,8.16394,8.25645
14,5.5,8.14817,8.14817,8.15516,8.2481
14,5.56958,8.13587,8.13587,8.10339,8.19884
14,5.62,8.12587,8.12587,8.0649,8.16221
14,5.69859,8.1086,8.1086,8.00326,8.10355
14,5.752,8.09577,8.09577,7.96023,8.06256
14,5.83058,8.07543,8.07543,7.89526,8.00062
14,5.884,8.06068,8.06068,7.8499,7.95737
14,5.96562,8.03686,8.03686,7.77868,7.88945
14,6,8.02639,8.02639,7.748,7.86018
14,6.016,8.02144,8.02144,7.73359,7.84642
14,6.1038,7.99342,7.99342,7.65295,7.7694
14,6.148,7.9788,7.9788,7.6113,7.7296
14,6.24517,7.94561,7.94561,7.51723,7.63969
14,6.28,7.93335,7.93335,7.4827,7.60666
14,6.38982,7.8933,7.8933,7.37097,7.49969
14,6.412,7.8849,7.8849,7.34786,7.47755
14,6.5,7.85042,7.85042,7.25421,7.38787
14,6.53782,7.83502,7.83502,7.21301,7.34847
14,6.544,7.83247,7.83247,7.20623,7.34198
14,6.676,7.77583,7.77583,7.05829,7.20014
14,6.68925,7.76992,7.76992,7.0431,7.18554
14,6.808,7.71503,7.71503,6.90433,7.05167
14,6.84418,7.69763,7.69763,6.86118,7.00996
14,6.94,7.65006,7.65006,6.74488,6.89733
14,7,7.61915,7.61915,6.67052,6.82494
14,7.00271,7.61773,7.61773,6.66713,6.82165
14,7.072,7.58091,7.58091,6.57966,6.73651
14,7.1649,7.52972,7.52972,6.46015,6.62077
14,7.204,7.50754,7.50754,6.40927,6.5713
14,7.33085,7.43302,7.43302,6.24303,6.40683
14,7.336,7.42991,7.42991,6.23627,6.4001
14,7.468,7.34792,7.34792,6.06292,6.2277
14,7.5,7.32738,7.32738,6.02051,6.18537
14,7.50065,7.32696,7.32696,6.01964,6.18451
14,7.6,7.26146,7.26146,5.88722,6.05207
14,7.67438,7.21075,7.21075,5.78923,5.95518
14,7.732,7.17045,7.17045,5.71459,5.88049
14,7.85213,7.08361,7.08361,5.56471,5.72616
14,7.864,7.07481,7.07481,5.55036,5.71124
14,7.996,6.97446,6.97446,5.39506,5.54903
14,8,6.97134,6.97134,5.39048,5.54424
14,8.034,6.94468,6.94468,5.35196,5.5039
14,8.128,6.86932,6.86932,5.25001,5.39643
14,8.22008,6.79313,6.79313,5.1572,5.29713
14,8.26,6.75937,6.75937,5.11864,5.25588
14,8.392,6.64465,6.64465,5.00156,5.12761
14,8.41047,6.62823,6.62823,4.9864,5.111
14,8.5,6.54731,6.54731,4.91604,5.03413
14,8.524,6.52526,6.52526,4.89815,5.01445
14,8.60527,6.44952,6.44952,4.83993,4.95096
14,8.656,6.4014,6.4014,4.80626,4.91367
14,8.788,6.27339,6.27339,4.7265,4.82555
14,8.80459,6.25703,6.25703,4.7172,4.81516
14,8.92,6.14167,6.14167,4.65682,4.74788
14,9,6.06028,6.06028,4.61879,4.70595
14,9.00852,6.05156,6.05156,4.61497,4.7017
14,9.052,6.00679,6.00679,4.596,4.68056
14,9.184,5.86927,5.86927,4.54375,4.62191
14,9.21717,5.83436,5.83436,4.53179,4.60865
14,9.316,5.72995,5.72995,4.49869,4.57174
14,9.43065,5.60869,5.60869,4.46462,4.53367
14,9.448,5.59039,5.59039,4.45983,4.52832
14,9.5,5.53561,5.53561,4.446,4.51289
14,9.58,5.45153,5.45153,4.42622,4.49081
14,9.64909,5.37933,5.37933,4.41042,4.47325
14,9.712,5.31413,5.31413,4.397,4.45859
14,9.844,5.17972,5.17972,4.37152,4.43036
14,9.87257,5.15114,5.15114,4.36642,4.42472
14,9.976,5.04947,5.04947,4.34904,4.40558
14,10,5.02633,5.02633,4.34523,4.40141
14,10.1012,4.9308,4.9308,4.32991,4.38474
14,10.108,4.92454,4.92454,4.32892,4.38368
14,10.24,4.80573,4.80573,4.31062,4.364
14,10.3352,4.72412,4.72412,4.29828,4.35095
14,10.372,4.69355,4.69355,4.29356,4.3461
14,10.5,4.59145,4.59145,4.27706,4.32997
14,10.504,4.58837,4.58837,4.27657,4.32948
14,10.5746,4.53504,4.53504,4.26826,4.32094
14,10.636,4.49019,4.49019,4.26186,4.31368
14,10.768,4.39885,4.39885,4.24833,4.29848
14,10.8195,4.36528,4.36528,4.2427,4.29264
14,10.9,4.31465,4.31465,4.23367,4.28352
14,11,4.2539,4.2539,4.22216,4.27212
14,11.032,4.23524,4.23524,4.21853,4.26845
14,11.0701,4.21384,4.21384,4.21429,4.26407
14,11.164,4.16501,4.16501,4.20408,4.25318
14,11.296,4.0973,4.0973,4.18831,4.23819
14,11.3265,4.08224,4.08224,4.18448,4.23485
14,11.428,4.03423,4.03423,4.17205,4.22318
14,11.5,4.00198,4.00198,4.16348,4.21399
14,11.56,3.97595,3.97595,4.15619,4.20635
14,11.5889,3.96374,3.96374,4.15258,4.20278
14,11.692,3.92188,3.92188,4.13974,4.18993
14,11.824,3.87133,3.87133,4.12214,4.17275
14,11.8573,3.85891,3.85891,4.11732,4.16823
14,11.956,3.82244,3.82244,4.10324,4.15451
14,12,3.80676,3.80676,4.09719,4.14828
14,12.088,3.7784,3.7784,4.08543,4.13568
14,12.1319,3.76477,3.76477,4.07955,4.12942
14,12.22,3.73632,3.73632,4.06611,4.11707
14,12.352,3.69536,3.69536,4.04531,4.0973
14,12.4129,3.67852,3.67852,4.03621,4.0872
14,12.484,3.65917,3.65917,4.02505,4.07583
14,12.5,3.65478,3.65478,4.0224,4.07338
14,12.616,3.62237,3.62237,4.00235,4.05592
14,12.7004,3.59875,3.59875,3.98805,4.04089
14,12.748,3.58561,3.58561,3.98024,4.03283
14,12.88,3.5499,3.5499,3.95792,4.0106
14,12.9946,3.52055,3.52055,3.93704,3.98989
14,13,3.51922,3.51922,3.93606,3.98894
14,13.012,3.51629,3.51629,3.93392,3.98686
14,13.144,3.48357,3.48357,3.91053,3.96305
14,13.276,3.44991,3.44991,3.88581,3.93825
14,13.2956,3.445,3.445,3.88197,3.93472
14,13.408,3.41614,3.41614,3.86017,3.91298
14,13.5,3.39353,3.39353,3.84222,3.89512
14,13.54,3.3835,3.3835,3.83443,3.88726
14,13.6035,3.36764,3.36764,3.82212,3.87463
14,13.672,3.35067,3.35067,3.80786,3.86089
14,13.804,3.31778,3.31778,3.78123,3.83394
14,13.9186,3.28916,3.28916,3.75714,3.81015
14,13.936,3.28479,3.28479,3.75349,3.8065
14,14,3.26867,3.26867,3.73993,3.79299
14,14.068,3.25148,3.25148,3.72543,3.77848
14,14.2,3.21817,3.21817,3.697,3.74991
14,14.241,3.20785,3.20785,3.68807,3.74094
14,14.332,3.18527,3.18527,3.66794,3.72088
14,14.464,3.15081,3.15081,3.63858,3.69173
14,14.5,3.14118,3.14118,3.6305,3.68364
14,14.5708,3.12261,3.12261,3.61453,3.66753
14,14.596,3.11608,3.11608,3.60882,3.66176
14,14.728,3.08207,3.08207,3.57861,3.63132
14,14.86,3.04721,3.04721,3.54799,3.60081
14,14.9083,3.03429,3.03429,3.53669,3.5895
14,14.992,3.01204,3.01204,3.51698,3.56964
14,15,3.00992,3.00992,3.51509,3.56772
14,15.124,2.97648,2.97648,3.48559,3.53821
14,15.2536,2.94079,2.94079,3.4544,3.50708
14,15.256,2.94013,2.94013,3.45382,3.50648
14,15.388,2.90347,2.90347,3.42173,3.474
14,15.5,2.87215,2.87215,3.39423,3.44657
14,15.52,2.86653,2.86653,3.38928,3.44153
14,15.6069,2.84198,2.84198,3.36764,3.41971
14,15.652,2.82923,2.82923,3.35638,3.40841
14,15.784,2.79109,2.79109,3.32353,3.37551
14,15.916,2.75352,2.75352,3.29034,3.34185
14,15.9684,2.73874,2.73874,3.27699,3.32835
14,16,2.72947,2.72947,3.2689,3.32016
14,16.048,2.71485,2.71485,3.25657,3.30782
14,16.18,2.67625,2.67625,3.22248,3.27373
14,16.312,2.63718,2.63718,3.18832,3.23927
14,16.3382,2.62921,2.62921,3.18147,3.2324
14,16.444,2.59698,2.59698,3.15367,3.20466
14,16.5,2.57981,2.57981,3.13899,3.18979
14,16.576,2.55723,2.55723,3.11922,3.16965
14,16.708,2.51677,2.51677,3.08447,3.13439
14,16.7167,2.51419,2.51419,3.08216,3.13209
14,16.84,2.47625,2.47625,3.04898,3.09906
14,16.972,2.43548,2.43548,3.01354,3.06315
14,17,2.42673,2.42673,3.00601,3.05541
14,17.1038,2.39445,2.39445,2.97789,3.02738
14,17.104,2.3944,2.3944,2.97785,3.02734
14,17.236,2.35295,2.35295,2.94167,2.99124
14,17.368,2.31119,2.31119,2.90543,2.9548
14,17.5,2.2691,2.2691,2.86915,2.91815
15,1,0,0,0,0
15,1.0219,0,0,0,0
15,1.04428,0,0,0,0
15,1.06715,0,0,0,0
15,1.09052,0,0,0,0
15,1.112,0,0,0,0
15,1.11441,0,0,0,0
15,1.13881,0,0,0,0
15,1.16375,0,0,0,0
15,1.18924,0,0,0,0
15,1.21529,0,0,0,0
15,1.224,0,0,0,0
15,1.2419,0,0,0,0
15,1.2691,0,0,0,0
15,1.29689,0,0,0,0
15,1.3253,0,0,0,0
15,1.336,0,0,0,0
15,1.35432,0,0,0,0
15,1.38398,0,0,0,0
15,1.41429,0,0,0,0
15,1.44527,0,0,0,0
15,1.448,0,0,0,0
15,1.47692,0,0,0,0
15,1.5,0,0,0,0
15,1.50927,0,0,0,0
15,1.54232,0,0,0,0
15,1.56,0,0,0,0
15,1.5761,0,0,0,0
15,1.61062,0,0,0,0
15,1.64589,0,0,0,0
15,1.672,0,0,0,0
15,1.68194,0,0,0,0
15,1.71877,0,0,0,0
15,1.75641,0,0,0,0
15,1.784,0,0,0,0
15,1.79488,0,0,0,0
15,1.83419,0,0,0,0
15,1.87436,0,0,0,0
15,1.896,0,0,0,0
15,1.91541,0,0,0,0
15,1.95736,0.123472,0.123472,0,0
15,2,1.13314,1.13314,0.650776,0.602386
15,2.00023,1.13743,1.13743,0.653578,0.605272
15,2.008,1.28055,1.28055,0.742524,0.696623
15,2.04403,1.86384,1.86384,1.04601,1.00361
15,2.0888,2.44878,2.44878,1.3168,1.26875
15,2.12,2.79341,2.79341,1.48254,1.42756
15,2.13455,2.94029,2.94029,1.55699,1.49845
15,2.18129,3.3643,3.3643,1.78873,1.71881
15,2.22907,3.73665,3.73665,2.01611,1.93555
15,2.232,3.75784,3.75784,2.02978,1.94861
15,2.27788,4.06803,4.06803,2.23932,2.14914
15,2.32777,4.36623,4.36623,2.45826,2.35955
15,2.344,4.45581,4.45581,2.52757,2.42633
15,2.37875,4.63697,4.63697,2.67291,2.5667
15,2.43085,4.88456,4.88456,2.8835,2.77062
15,2.456,4.99511,4.99511,2.98207,2.86637
15,2.48409,5.11243,5.11243,3.09003,2.97129
15,2.5,5.17627,5.17627,3.15014,3.02987
15,2.53849,5.32331,5.32331,3.29248,3.16886
15,2.568,5.42972,5.42972,3.39906,3.27295
15,2.59408,5.51948,5.51948,3.49114,3.36331
15,2.6509,5.70249,5.70249,3.68611,3.5546
15,2.68,5.79013,5.79013,3.7825,3.64997
15,2.70895,5.87377,5.87377,3.87663,3.74292
15,2.76828,6.03468,6.03468,4.06378,3.92832
15,2.792,6.09543,6.09543,4.1368,4.00034
15,2.82891,6.18617,6.18617,4.24768,4.11061
15,2.89086,6.32911,6.32911,4.42814,4.28954
15,2.904,6.35801,6.35801,4.46507,4.32665
15,2.95418,6.46427,6.46427,4.60426,4.46567
15,3,6.55594,6.55594,4.72814,4.58956
15,3.016,6.58682,6.58682,4.77052,4.63211
15,3.01888,6.59231,6.59231,4.77809,4.63971
15,3.08499,6.71378,6.71378,4.94816,4.81063
15,3.128,6.78794,6.78794,5.05499,4.91814
15,3.15256,6.82867,6.82867,5.11473,4.9784
15,3.2216,6.93804,6.93804,5.27802,5.14269
15,3.24,6.96591,6.96591,5.32043,5.18551
15,3.29215,7.04212,7.04212,5.43776,5.30466
15,3.352,7.12496,7.12496,5.568,5.43756
15,3.36425,7.14135,7.14135,5.59415,5.46426
15,3.43793,7.2361,7.2361,5.74756,5.62189
15,3.464,7.26811,7.26811,5.79985,5.67554
15,3.5,7.3111,7.3111,5.87124,5.74848
15,3.51323,7.32655,7.32655,5.89713,5.77496
15,3.576,7.39736,7.39736,6.01895,5.89851
15,3.59017,7.41279,7.41279,6.0457,5.92587
15,3.6688,7.49488,7.49488,6.18921,6.07423
15,3.688,7.51405,7.51405,6.22339,6.1095
15,3.74915,7.57291,7.57291,6.33028,6.21936
15,3.8,7.61937,7.61937,6.41643,6.30779
15,3.83126,7.64685,7.64685,6.46825,6.36157
15,3.912,7.71422,7.71422,6.59804,6.49641
15,3.91516,7.71676,7.71676,6.60302,6.50158
15,4,7.78182,7.78182,6.73318,6.63719
15,4.00091,7.78249,7.78249,6.73454,6.63862
15,4.024,7.79925,7.79925,6.76893,6.6745
15,4.08853,7.84398,7.84398,6.86274,6.77258
15,4.136,7.87494,7.87494,6.92962,6.84269
15,4.17807,7.90106,7.90106,6.98743,6.90341
15,4.248,7.94169,7.94169,7.08051,7.00141
15,4.26958,7.95354,7.95354,7.10847,7.03091
15,4.36,7.99975,7.99975,7.2218,7.15087
15,4.36308,8.00122,8.00122,7.22555,7.15485
15,4.45864,8.04382,8.04382,7.3384,7.27489
15,4.472,8.04928,8.04928,7.35361,7.29114
15,4.5,8.06036,8.06036,7.38505,7.32475
15,4.55629,8.08106,8.08106,7.44642,7.39054
15,4.584,8.09049,8.09049,7.47574,7.42205
15,4.65607,8.11268,8.11268,7.54908,7.50121
15,4.696,8.12354,8.12354,7.58788,7.5433
15,4.75805,8.1384,8.1384,7.64556,7.60612
15,4.808,8.14863,8.14863,7.6896,7.65434
15,4.86225,8.15801,8.15801,7.73491,7.70424
15,4.92,8.16603,8.16603,7.78022,7.75446
15,4.96874,8.17129,8.17129,7.81603,7.79441
15,5,8.17395,8.17395,7.83779,7.81883
15,5.032,8.17609,8.17609,7.85905,7.8428
15,5.07756,8.17815,8.17815,7.88754,7.87511
15,5.144,8.17917,8.17917,7.92525,7.91831
15,5.18876,8.17855,8.17855,7.94803,7.94471
15,5.256,8.17573,8.17573,7.97815,7.98009
15,5.3024,8.17253,8.17253,7.99601,8.00144
15,5.368,8.16629,8.16629,8.01714,8.02718
15,5.41852,8.1602,8.1602,8.03004,8.04331
15,5.48,8.15137,8.15137,8.0417,8.05863
15,5.5,8.14817,8.14817,8.04457,8.06259
15,5.53719,8.14182,8.14182,8.04867,8.06863
15,5.592,8.13153,8.13153,8.0518,8.07438
15,5.65846,8.11766,8.11766,8.05092,8.07621
15,5.704,8.10733,8.10733,8.0474,8.07418
15,5.78239,8.0881,8.0881,8.03577,8.06439
15,5.816,8.07932,8.07932,8.02867,8.05786
15,5.90903,8.05353,8.05353,8.00277,8.03317
15,5.928,8.04802,8.04802,7.99643,8.02703
15,6,8.02639,8.02639,7.96919,7.99989
15,6.03844,8.01441,8.01441,7.95254,7.98272
15,6.04,8.01392,8.01392,7.95183,7.98198
15,6.152,7.97746,7.97746,7.89498,7.9247
15,6.17068,7.97118,7.97118,7.88453,7.91461
15,6.264,7.93901,7.93901,7.83009,7.85793
15,6.30583,7.92412,7.92412,7.8042,7.82971
15,6.376,7.89848,7.89848,7.75744,7.78213
15,6.44393,7.87262,7.87262,7.70947,7.73188
15,6.488,7.85524,7.85524,7.67786,7.69811
15,6.5,7.85043,7.85043,7.66916,7.68897
15,6.58506,7.81531,7.81531,7.60561,7.62257
15,6.6,7.80896,7.80896,7.59404,7.61033
15,6.712,7.75967,7.75967,7.50356,7.51393
15,6.72927,7.7518,7.7518,7.48938,7.49893
15,6.824,7.70737,7.70737,7.41259,7.41638
15,6.87665,7.68175,7.68175,7.37013,7.37133
15,6.936,7.65208,7.65208,7.32255,7.32047
15,7,7.61914,7.61914,7.27182,7.26646
15,7.02725,7.60481,7.60481,7.25033,7.24355
15,7.048,7.59378,7.59378,7.23401,7.22617
15,7.16,7.53246,7.53246,7.14699,7.13367
15,7.18116,7.52053,7.52053,7.1308,7.11648
15,7.272,7.46807,7.46807,7.06227,7.04354
15,7.33843,7.42842,7.42842,7.01331,6.99152
15,7.384,7.40058,7.40058,6.98041,6.9564
15,7.496,7.32992,7.32992,6.90214,6.87287
15,7.49915,7.32789,7.32789,6.89999,6.87058
15,7.5,7.32734,7.32734,6.89941,6.86996
15,7.608,7.25605,7.25605,6.82777,6.79342
15,7.66338,7.21832,7.21832,6.79248,6.75576
15,7.72,7.17892,7.17892,6.75754,6.71834
15,7.83122,7.09901,7.09901,6.69229,6.64835
15,7.832,7.09844,7.09844,6.69185,6.64787
15,7.944,7.01458,7.01458,6.63157,6.58223
15,8,6.97136,6.97136,6.60359,6.55131
15,8.00273,6.96923,6.96923,6.60227,6.54983
15,8.056,6.92728,6.92728,6.57692,6.52164
15,8.168,6.83653,6.83653,6.52687,6.46619
15,8.17799,6.82826,6.82826,6.52261,6.46149
15,8.28,6.74232,6.74232,6.48069,6.4159
15,8.3571,6.67547,6.67547,6.4515,6.38432
15,8.392,6.64468,6.64468,6.43915,6.37084
15,8.5,6.54735,6.54735,6.40453,6.33226
15,8.504,6.54368,6.54368,6.40335,6.33093
15,8.54013,6.51041,6.51041,6.39308,6.31919
15,8.616,6.43946,6.43946,6.37327,6.29609
15,8.72716,6.33301,6.33301,6.34724,6.26645
15,8.728,6.33219,6.33219,6.34705,6.26624
15,8.84,6.22211,6.22211,6.32476,6.24142
15,8.91829,6.1437,6.1437,6.31214,6.22687
15,8.952,6.10959,6.10959,6.30758,6.22131
15,9,6.06072,6.06072,6.30207,6.21412
15,9.064,5.99506,5.99506,6.29611,6.20584
15,9.11361,5.94376,5.94376,6.29204,6.20043
15,9.176,5.87895,5.87895,6.28722,6.19484
15,9.288,5.76196,5.76196,6.28107,6.18812
15,9.31321,5.73557,5.73557,6.28029,6.18718
15,9.4,5.6445,5.6445,6.27958,6.18549
15,9.5,5.53936,5.53936,6.28221,6.18648
15,9.512,5.52675,5.52675,6.28272,6.1868
15,9.51717,5.52131,5.52131,6.28294,6.18696
15,9.624,5.40946,5.40946,6.28875,6.19183
15,9.72561,5.30419,5.30419,6.29676,6.19938
15,9.736,5.29352,5.29352,6.29774,6.2003
15,9.848,5.17981,5.17981,6.31003,6.212
15,9.9386,5.08994,5.08994,6.32192,6.22379
15,9.96,5.06904,5.06904,6.32497,6.22687
15,10,5.03037,5.03037,6.33092,6.2329
15,10.072,4.96215,4.96215,6.34245,6.24465
15,10.1563,4.88458,4.88458,6.35729,6.25976
15,10.184,4.8596,4.8596,6.36247,6.26503
15,10.296,4.76148,4.76148,6.38474,6.28788
15,10.3787,4.69199,4.69199,6.40245,6.30628
15,10.408,4.668,4.668,6.40896,6.31308
15,10.5,4.59535,4.59535,6.43023,6.33535
15,10.52,4.58011,4.58011,6.43501,6.34036
15,10.606,4.51639,4.51639,6.45622,6.36255
15,10.632,4.49758,4.49758,6.4628,6.36946
15,10.744,4.41892,4.41892,6.49193,6.40026
15,10.8383,4.35708,4.35708,6.51747,6.42738
15,10.856,4.34589,4.34589,6.52237,6.43259
15,10.968,4.27675,4.27675,6.55397,6.46626
15,11,4.25759,4.25759,6.56316,6.47609
15,11.0756,4.21525,4.21525,6.58513,6.49968
15,11.08,4.21293,4.21293,6.58641,6.50106
15,11.192,4.15258,4.15258,6.61952,6.53678
15,11.304,4.09407,4.09407,6.64862,6.57324
15,11.3182,4.08707,4.08707,6.65127,6.57768
15,11.416,4.04128,4.04128,6.65781,6.60099
15,11.5,4.00277,4.00277,6.64789,6.60569
15,11.528,3.99017,3.99017,6.64215,6.60446
15,11.5661,3.97376,3.97376,6.63258,6.6008
15,11.64,3.94403,3.94403,6.60849,6.58772
15,11.752,3.90007,3.90007,6.55883,6.55426
15,11.8194,3.8753,3.8753,6.52172,6.5267
15,11.864,3.85957,3.85957,6.49439,6.50549
15,11.976,3.81776,3.81776,6.41654,6.44228
15,12,3.80922,3.80922,6.39792,6.42693
15,12.0782,3.78264,3.78264,6.33399,6.37271
15,12.088,3.77933,3.77933,6.32563,6.36551
15,12.2,3.74315,3.74315,6.22336,6.27583
15,12.312,3.70907,3.70907,6.11064,6.17455
15,12.3428,3.69959,3.69959,6.07792,6.14521
15,12.424,3.67493,3.67493,5.98875,6.06446
15,12.5,3.65407,3.65407,5.90039,5.98352
15,12.536,3.64404,3.64404,5.85745,5.94386
15,12.6131,3.62363,3.62363,5.76251,5.85635
15,12.648,3.61331,3.61331,5.7181,5.81504
15,12.76,3.58153,3.58153,5.57171,5.67828
15,12.872,3.55205,3.55205,5.41868,5.53285
15,12.8893,3.54757,3.54757,5.39453,5.50978
15,12.984,3.52342,3.52342,5.25953,5.38167
15,13,3.51924,3.51924,5.2363,5.35955
15,13.096,3.49452,3.49452,5.0946,5.22432
15,13.1716,3.47553,3.47553,4.98033,5.11491
15,13.208,3.46638,3.46638,4.92436,5.06135
15,13.32,3.43819,3.43819,4.74907,4.89339
15,13.432,3.4102,3.4102,4.56992,4.72019
15,13.4601,3.4032,3.4032,4.52431,4.67617
15,13.5,3.39327,3.39327,4.45899,4.61247
15,13.544,3.38234,3.38234,4.38642,4.54198
15,13.656,3.35453,3.35453,4.19896,4.35988
15,13.7549,3.32992,3.32992,4.03059,4.19593
15,13.768,3.32665,3.32665,4.008,4.17386
15,13.88,3.29886,3.29886,3.81337,3.98407
15,13.992,3.2709,3.2709,3.61582,3.79081
15,14,3.26889,3.26889,3.60161,3.77686
15,14.0561,3.25477,3.25477,3.50132,3.6786
15,14.104,3.2427,3.2427,3.41517,3.59409
15,14.216,3.21386,3.21386,3.21167,3.39438
15,14.328,3.18458,3.18458,3.00528,3.19175
15,14.3639,3.17556,3.17556,2.93853,3.12614
15,14.44,3.15638,3.15638,2.79645,2.98646
15,14.5,3.14066,3.14066,2.68376,2.87562
15,14.552,3.12695,3.12695,2.58553,2.77888
15,14.664,3.09799,3.09799,2.37225,2.5689
15,14.6785,3.09424,3.09424,2.34443,2.5415
15,14.776,3.06863,3.06863,2.15673,2.35662
15,14.888,3.03863,3.03863,1.93943,2.14226
15,15,3.009,3.009,1.7202,1.92581
16,1,0,0,0,0
16,1.02292,0,0,0,0
16,1.04637,0,0,0,0
16,1.07036,0,0,0,0
16,1.0949,0,0,0,0
16,1.12,0,0,0,0
16,1.128,0,0,0,0
16,1.14568,0,0,0,0
16,1.17194,0,0,0,0
16,1.19881,0,0,0,0
16,1.22629,0,0,0,0
16,1.2544,0,0,0,0
16,1.256,0,0,0,0
16,1.28316,0,0,0,0
16,1.31257,0,0,0,0
16,1.34266,0,0,0,0
16,1.37344,0,0,0,0
16,1.384,0,0,0,0
16,1.40493,0,0,0,0
16,1.43713,0,0,0,0
16,1.47008,0,0,0,0
16,1.5,0,0,0,0
16,1.50378,0,0,0,0
16,1.512,0,0,0,0
16,1.53825,0,0,0,0
16,1.57352,0,0,0,0
16,1.60959,0,0,0.0792114,0
16,1.64,0,0,0.384389,0
16,1.64649,0,0,0.439801,0
16,1.68423,0,0,0.726459,0.210832
16,1.72284,0,0,0.983201,0.542817
16,1.76234,0,0,1.22434,0.818726
16,1.768,0,0,1.25751,0.855457
16,1.80274,0,0,1.4545,1.07078
16,1.84407,0,0,1.67533,1.30933
16,1.88634,0,0,1.88778,1.53766
16,1.896,0,0,1.93454,1.58784
16,1.92959,0,0,2.09231,1.75705
16,1.97382,0.582715,0.582715,2.28935,1.96829
16,2,1.13314,1.13314,2.40064,2.08748
16,2.01907,1.47328,1.47328,2.4794,2.17175
16,2.024,1.55503,1.55503,2.49946,2.19319
16,2.06536,2.15802,2.15802,2.66293,2.36788
16,2.1127,2.71662,2.71662,2.84035,2.55721
16,2.152,3.10659,3.10659,2.98037,2.70641
16,2.16114,3.18969,3.18969,3.01204,2.74013
16,2.21068,3.59964,3.59964,3.17839,2.91709
16,2.26136,3.96067,3.96067,3.33968,3.08844
16,2.28,4.08145,4.08145,3.39692,3.14919
16,2.3132,4.28283,4.28283,3.49622,3.25452
16,2.36623,4.57326,4.57326,3.64828,3.41566
16,2.408,4.77924,4.77924,3.76278,3.53685
16,2.42047,4.83732,4.83732,3.79611,3.57212
16,2.47596,5.0791,5.0791,3.93988,3.72415
16,2.5,5.17628,5.17628,3.99999,3.78769
16,2.53272,5.30187,5.30187,4.07977,3.87201
16,2.536,5.31408,5.31408,4.08764,3.88033
16,2.59078,5.50831,5.50831,4.216,4.01588
16,2.65017,5.70026,5.70026,4.34884,4.15589
16,2.664,5.74245,5.74245,4.37887,4.18752
16,2.71093,5.87935,5.87935,4.47837,4.29235
16,2.77307,6.04711,6.04711,4.60478,4.42541
16,2.792,6.09543,6.09543,4.64212,4.46469
16,2.83665,6.20464,6.20464,4.72816,4.5552
16,2.90168,6.35292,6.35292,4.84866,4.68189
16,2.92,6.39259,6.39259,4.88163,4.71654
16,2.96819,6.49283,6.49283,4.96637,4.80558
16,3,6.55594,6.55594,5.02079,4.86274
16,3.03624,6.6251,6.6251,5.08141,4.9264
16,3.048,6.64696,6.64696,5.10077,4.94672
16,3.10584,6.7502,6.7502,5.19388,5.04446
16,3.176,6.86665,6.86665,5.3023,5.15826
16,3.17704,6.86832,6.86832,5.30387,5.15991
16,3.24988,6.98069,6.98069,5.41146,5.27311
16,3.304,7.05893,7.05893,5.48842,5.35432
16,3.32438,7.08735,7.08735,5.51676,5.38426
16,3.40059,7.18892,7.18892,5.61981,5.49292
16,3.432,7.22875,7.22875,5.661,5.53619
16,3.47854,7.2857,7.2857,5.7207,5.59881
16,3.5,7.31116,7.31116,5.7477,5.62715
16,3.55829,7.37784,7.37784,5.81946,5.70269
16,3.56,7.37974,7.37974,5.82154,5.70488
16,3.63986,7.46541,7.46541,5.91615,5.80491
16,3.688,7.5141,7.5141,5.97126,5.86293
16,3.7233,7.54849,7.54849,6.0108,5.90429
16,3.80866,7.62712,7.62712,6.10347,6.00079
16,3.816,7.63359,7.63359,6.11126,6.0089
16,3.89597,7.70131,7.70131,6.19416,6.09535
16,3.944,7.73953,7.73953,6.24238,6.14558
16,3.98528,7.77096,7.77096,6.2829,6.18775
16,4,7.78186,7.78186,6.29714,6.20257
16,4.072,7.83286,7.83286,6.36533,6.27356
16,4.07664,7.83601,7.83601,6.36965,6.27805
16,4.1701,7.89624,7.89624,6.4544,6.36635
16,4.2,7.91421,7.91421,6.4807,6.39377
16,4.2657,7.95147,7.95147,6.53712,6.4527
16,4.328,7.98406,7.98406,6.58894,6.50705
16,4.36348,8.00144,8.00144,6.61774,6.53732
16,4.456,8.04275,8.04275,6.69041,6.61383
16,4.46352,8.04585,8.04585,6.69616,6.61989
16,4.5,8.06039,8.06039,6.72377,6.649
16,4.56584,8.08439,8.08439,6.77226,6.70017
16,4.584,8.09051,8.09051,6.78533,6.71399
16,4.67051,8.11674,8.11674,6.84587,6.77803
16,4.712,8.12762,8.12762,6.87388,6.8077
16,4.77758,8.1426,8.1426,6.91682,6.85322
16,4.84,8.15439,8.15439,6.95614,6.89503
16,4.8871,8.16172,8.16172,6.9848,6.92557
16,4.968,8.17123,8.17123,7.03201,6.97597
16,4.99914,8.17389,8.17389,7.04948,6.99469
16,5,8.17396,8.17396,7.04996,6.99521
16,5.096,8.17868,8.17868,7.10137,7.05049
16,5.11374,8.179,8.179,7.11046,7.0603
16,5.224,8.17735,8.17735,7.16411,7.11847
16,5.23097,8.17704,8.17704,7.16733,7.12198
16,5.35089,8.1681,8.1681,7.21977,7.17931
16,5.352,8.16799,8.16799,7.22023,7.17981
16,5.47355,8.15237,8.15237,7.26736,7.23191
16,5.48,8.15137,8.15137,7.26969,7.2345
16,5.5,8.14817,8.14817,7.2768,7.24244
16,5.59903,8.13013,8.13013,7.30963,7.27931
16,5.608,8.12833,8.12833,7.31241,7.28245
16,5.72739,8.10178,8.10178,7.3462,7.32108
16,5.736,8.09969,8.09969,7.34841,7.32364
16,5.85868,8.06775,8.06775,7.37673,7.35685
16,5.864,8.06628,8.06628,7.37783,7.35815
16,5.992,8.02884,8.02884,7.40087,7.38609
16,5.99299,8.02854,8.02854,7.40103,7.38628
16,6,8.02638,8.02638,7.40211,7.38763
16,6.12,7.98809,7.98809,7.41784,7.40771
16,6.13038,7.98466,7.98466,7.41896,7.40919
16,6.248,7.94462,7.94462,7.42902,7.42333
16,6.27091,7.93657,7.93657,7.43043,7.42551
16,6.376,7.89848,7.89848,7.43476,7.43332
16,6.41467,7.88391,7.88391,7.43552,7.43531
16,6.5,7.85045,7.85045,7.43578,7.43808
16,6.504,7.84884,7.84884,7.43575,7.43816
16,6.56173,7.82513,7.82513,7.43479,7.43879
16,6.632,7.7952,7.7952,7.43248,7.43836
16,6.71215,7.75961,7.75961,7.42841,7.43634
16,6.76,7.73763,7.73763,7.42533,7.43443
16,6.86602,7.68698,7.68698,7.41702,7.42841
16,6.888,7.67614,7.67614,7.41505,7.42688
16,7,7.61913,7.61913,7.40372,7.41772
16,7.016,7.61074,7.61074,7.40193,7.41624
16,7.02342,7.60682,7.60682,7.40109,7.41554
16,7.144,7.5414,7.5414,7.38641,7.40298
16,7.18443,7.51867,7.51867,7.38108,7.39833
16,7.272,7.46808,7.46808,7.36893,7.38756
16,7.34913,7.42194,7.42194,7.3576,7.37739
16,7.4,7.3907,7.3907,7.34983,7.37036
16,7.5,7.32736,7.32736,7.33395,7.35588
16,7.51761,7.31594,7.31594,7.33108,7.35325
16,7.528,7.30917,7.30917,7.32937,7.35168
16,7.656,7.22342,7.22342,7.30777,7.33178
16,7.68994,7.19997,7.19997,7.30187,7.32632
16,7.784,7.13337,7.13337,7.28518,7.31084
16,7.86623,7.07318,7.07318,7.27021,7.29692
16,7.912,7.03889,7.03889,7.26174,7.28903
16,8,6.97134,6.97134,7.24518,7.2736
16,8.04,6.93993,6.93993,7.23754,7.26647
16,8.04656,6.93474,6.93474,7.23628,7.2653
16,8.168,6.83647,6.83647,7.21266,7.24324
16,8.23103,6.78386,6.78386,7.20018,7.23158
16,8.296,6.72849,6.72849,7.18715,7.21942
16,8.41972,6.61987,6.61987,7.16194,7.19587
16,8.424,6.61604,6.61604,7.16105,7.19505
16,8.5,6.5472,6.5472,7.14529,7.18033
16,8.552,6.49924,6.49924,7.13439,7.17016
16,8.61274,6.44234,6.44234,7.12155,7.15818
16,8.68,6.37827,6.37827,7.10718,7.14478
16,8.808,6.25345,6.25345,7.07944,7.11894
16,8.81018,6.25129,6.25129,7.07897,7.11849
16,8.936,6.12518,6.12518,7.05118,7.09263
16,9,6.05994,6.05994,7.03685,7.0793
16,9.01215,6.04748,6.04748,7.03412,7.07676
16,9.064,5.99407,5.99407,7.02239,7.06586
16,9.192,5.86077,5.86077,6.99309,7.03864
16,9.21875,5.83274,5.83274,6.9869,7.0329
16,9.32,5.72626,5.72626,6.96326,7.01097
16,9.43008,5.61029,5.61029,6.93718,6.98681
16,9.448,5.59144,5.59144,6.9329,6.98285
16,9.5,5.5369,5.5369,6.92042,6.97129
16,9.576,5.45759,5.45759,6.90202,6.95427
16,9.64626,5.38478,5.38478,6.88484,6.93839
16,9.704,5.32524,5.32524,6.87061,6.92524
16,9.832,5.19537,5.19537,6.83865,6.89574
16,9.8674,5.16008,5.16008,6.82972,6.8875
16,9.96,5.06911,5.06911,6.80616,6.86578
16,10,5.03058,5.03058,6.79589,6.85632
16,10.088,4.94755,4.94755,6.77312,6.83535
16,10.0936,4.94235,4.94235,6.77166,6.83401
16,10.216,4.83157,4.83157,6.73952,6.80445
16,10.325,4.73761,4.73761,6.71047,6.77777
16,10.344,4.72169,4.72169,6.70537,6.77308
16,10.472,4.61824,4.61824,6.67065,6.74122
16,10.5,4.59647,4.59647,6.66298,6.73419
16,10.5617,4.54963,4.54963,6.64599,6.71861
16,10.6,4.52127,4.52127,6.63537,6.70889
16,10.728,4.4307,4.4307,6.59951,6.67606
16,10.8038,4.37998,4.37998,6.578,6.65639
16,10.856,4.34629,4.34629,6.56308,6.64274
16,10.984,4.26779,4.26779,6.52606,6.60893
16,11,4.25836,4.25836,6.52139,6.60467
16,11.0515,4.22864,4.22864,6.50631,6.59091
16,11.112,4.19482,4.19482,6.48846,6.57462
16,11.24,4.12706,4.12706,6.45028,6.53981
16,11.3048,4.09455,4.09455,6.43071,6.52199
16,11.368,4.06404,4.06404,6.4115,6.5045
16,11.496,4.00545,4.00545,6.37215,6.46868
16,11.5,4.00368,4.00368,6.37091,6.46755
16,11.564,3.97593,3.97593,6.35101,6.44945
16,11.624,3.95077,3.95077,6.33221,6.43235
16,11.752,3.89895,3.89895,6.29168,6.39552
16,11.8291,3.86837,3.86837,6.26698,6.37309
16,11.88,3.84932,3.84932,6.25054,6.35817
16,12,3.80866,3.80866,6.21143,6.3227
16,12.008,3.80604,3.80604,6.2088,6.32032
16,12.1003,3.77594,3.77594,6.17837,6.29272
16,12.136,3.76454,3.76454,6.16651,6.28196
16,12.264,3.72531,3.72531,6.12365,6.24308
16,12.3777,3.69035,3.69035,6.08512,6.20814
16,12.392,3.68587,3.68587,6.08023,6.20371
16,12.5,3.65331,3.65331,6.04312,6.17009
16,12.52,3.64755,3.64755,6.0362,6.16382
16,12.648,3.61141,3.61141,5.99153,6.12344
16,12.6614,3.60761,3.60761,5.98682,6.11918
16,12.776,3.57585,3.57585,5.94632,6.08256
16,12.904,3.542,3.542,5.9006,6.04118
16,12.9517,3.53008,3.53008,5.88345,6.02565
16,13,3.518,3.518,5.86599,6.00983
16,13.032,3.51002,3.51002,5.85439,5.99932
16,13.16,3.47879,3.47879,5.80765,5.95698
16,13.2486,3.45623,3.45623,5.77495,5.9274
16,13.288,3.44586,3.44586,5.7603,5.91416
16,13.416,3.41378,3.41378,5.71232,5.87088
16,13.5,3.39308,3.39308,5.68059,5.84222
16,13.544,3.38202,3.38202,5.66388,5.82714
16,13.5523,3.37993,3.37993,5.66073,5.82429
16,13.672,3.35079,3.35079,5.61497,5.78297
16,13.8,3.31853,3.31853,5.56552,5.73836
16,13.863,3.30282,3.30282,5.54103,5.71627
16,13.928,3.28658,3.28658,5.51566,5.69337
16,14,3.26859,3.26859,5.48747,5.6679
16,14.056,3.2545,3.2545,5.46546,5.64801
16,14.1808,3.22303,3.22303,5.41617,5.60343
16,14.184,3.22221,3.22221,5.4149,5.60227
16,14.312,3.18968,3.18968,5.36402,5.55612
16,14.44,3.15669,3.15669,5.3129,5.50967
16,14.5,3.14077,3.14077,5.28884,5.4878
16,14.5059,3.13929,3.13929,5.28648,5.48566
16,14.568,3.12366,3.12366,5.26148,5.46295
16,14.696,3.09029,3.09029,5.20969,5.41595
16,14.824,3.05676,3.05676,5.15771,5.36856
16,14.8384,3.05285,3.05285,5.15185,5.36321
16,14.952,3.0223,3.0223,5.10551,5.32092
16,15,3.00941,3.00941,5.08586,5.30302
16,15.08,2.98814,2.98814,5.05297,5.27315
16,15.1786,2.96099,2.96099,5.01239,5.23625
16,15.208,2.95279,2.95279,5.00029,5.22522
16,15.336,2.91715,2.91715,4.94766,5.17704
16,15.464,2.88191,2.88191,4.89511,5.12867
16,15.5,2.87197,2.87197,4.88034,5.11507
16,15.5265,2.86458,2.86458,4.86947,5.10505
16,15.592,2.84611,2.84611,4.84268,5.08032
16,15.72,2.81005,2.81005,4.79051,5.03197
16,15.848,2.77308,2.77308,4.7385,4.9835
16,15.8825,2.76296,2.76296,4.72449,4.97041
16,15.976,2.73571,2.73571,4.68644,4.93488
16,16,2.72874,2.72874,4.67667,4.92577
16,16.104,2.6984,2.6984,4.63434,4.88634
16,16.232,2.66063,2.66063,4.58208,4.83788
16,16.2466,2.65631,2.65631,4.57615,4.83236
16,16.36,2.62251,2.62251,4.5302,4.78954
16,16.488,2.58408,2.58408,4.47901,4.74143
16,16.5,2.58046,2.58046,4.47425,4.73693
16,16.616,2.5453,2.5453,4.42838,4.69351
16,16.619,2.54438,2.54438,4.42719,4.69239
16,16.744,2.50615,2.50615,4.37819,4.6459
16,16.872,2.46683,2.46683,4.32848,4.59859
16,17,2.42733,2.42733,4.27925,4.55155
17,1,0,0,0,0
17,1.02217,0,0,0,0
17,1.04483,0,0,0,0
17,1.06799,0,0,0,0
17,1.09167,0,0,0,0
17,1.11587,0,0,0,0
17,1.116,0,0,0,0
17,1.14061,0,0,0,0
17,1.16589,0,0,0,0
17,1.19174,0,0,0,0
17,1.21816,0,0,0,0
17,1.232,0,0,0,0
17,1.24516,0,0,0,0
17,1.27277,0,0,0,0
17,1.30098,0,0,0,0
17,1.32983,0,0,0,0
17,1.348,0,0,0,0
17,1.35931,0,0,0,0
17,1.38944,0,0,0,0
17,1.42024,0,0,0,0
17,1.45173,0,0,0,0
17,1.464,0,0,0,0
17,1.48391,0,0,0,0
17,1.5,0,0,0,0
17,1.51681,0,0,0,0
17,1.55043,0,0,0,0
17,1.58,0,0,0,0
17,1.5848,0,0,0,0
17,1.61994,0,0,0,0
17,1.65585,0,0,0,0
17,1.69256,0,0,0,0
17,1.696,0,0,0,0
17,1.73008,0,0,0,0
17,1.76843,0,0,0,0
17,1.80764,0,0,0,0
17,1.812,0,0,0,0
17,1.84771,0,0,0,0
17,1.88867,0,0,0,0
17,1.928,0,0,0,0
17,1.93054,0,0,0,0
17,1.97334,0.571156,0.571156,0,0
17,2,1.13314,1.13314,0,0
17,2.01709,1.43971,1.43971,0,0
17,2.044,1.86333,1.86333,0,0
17,2.0618,2.11115,2.11115,0,0
17,2.10751,2.66063,2.66063,0,0
17,2.15423,3.12714,3.12714,0,0
17,2.16,3.17948,3.17948,0,0
17,2.20199,3.53224,3.53224,0,0
17,2.25081,3.88962,3.88962,0,0
17,2.276,4.05602,4.05602,0,0
17,2.3007,4.20897,4.20897,0,0
17,2.35171,4.4972,4.4972,0,0
17,2.392,4.70251,4.70251,0,0
17,2.40384,4.75955,4.75955,0,0
17,2.45713,4.99997,4.99997,0,0
17,2.5,5.17627,5.17627,0,0
17,2.508,5.20766,5.20766,0,0
17,2.51161,5.22166,5.22166,0,0
17,2.56729,5.4272,5.4272,0,0
17,2.624,5.61789,5.61789,0,0
17,2.6242,5.61853,5.61853,0,0
17,2.68237,5.79711,5.79711,0.395856,0
17,2.74,5.95965,5.95965,1.43906,0.383148
17,2.74184,5.96462,5.96462,1.46608,0.425525
17,2.80262,6.12201,6.12201,2.24165,1.46185
17,2.856,6.25006,6.25006,2.78354,2.12479
17,2.86475,6.27024,6.27024,2.86307,2.22038
17,2.92826,6.41019,6.41019,3.37993,2.83109
17,2.972,6.5005,6.5005,3.68468,3.18512
17,2.99318,6.5426,6.5426,3.82033,3.34076
17,3,6.55594,6.55594,3.86254,3.38897
17,3.05953,6.66811,6.66811,4.20382,3.77591
17,3.088,6.71909,6.71909,4.35181,3.94223
17,3.12736,6.78685,6.78685,4.54266,4.15554
17,3.19669,6.89943,6.89943,4.84554,4.49149
17,3.204,6.91086,6.91086,4.87529,4.52433
17,3.26756,7.00666,7.00666,5.11882,4.79216
17,3.32,7.08119,7.08119,5.30152,4.99196
17,3.34,7.10865,7.10865,5.36735,5.06373
17,3.41404,7.20598,7.20598,5.59482,5.31094
17,3.436,7.2336,7.2336,5.65779,5.37917
17,3.48973,7.29888,7.29888,5.80415,5.53741
17,3.5,7.311,7.311,5.83098,5.56636
17,3.552,7.37066,7.37066,5.96152,5.70694
17,3.56709,7.38745,7.38745,5.99784,5.74598
17,3.64617,7.47176,7.47176,6.17765,5.93909
17,3.668,7.49398,7.49398,6.22445,5.98924
17,3.727,7.55188,7.55188,6.34526,6.11854
17,3.784,7.6049,7.6049,6.45476,6.23561
17,3.80962,7.62783,7.62783,6.50192,6.28592
17,3.89408,7.69964,7.69964,6.64876,6.44243
17,3.9,7.70446,7.70446,6.6586,6.45291
17,3.9804,7.7672,7.7672,6.78686,6.58938
17,4,7.78174,7.78174,6.81654,6.62104
17,4.016,7.79341,7.79341,6.84034,6.64647
17,4.06865,7.83045,7.83045,6.91639,6.7277
17,4.132,7.87233,7.87233,7.00336,6.82039
17,4.15884,7.88922,7.88922,7.0388,6.858
17,4.248,7.94163,7.94163,7.15087,6.97697
17,4.25104,7.94332,7.94332,7.15452,6.98085
17,4.34528,7.99255,7.99255,7.2635,7.09658
17,4.364,8.00161,8.00161,7.28415,7.1186
17,4.44161,8.03663,8.03663,7.3665,7.20658
17,4.48,8.05246,8.05246,7.40533,7.24809
17,4.5,8.06032,8.06032,7.42507,7.2692
17,4.54008,8.07528,8.07528,7.46373,7.3105
17,4.596,8.09438,8.09438,7.51554,7.36598
17,4.64072,8.1082,8.1082,7.55541,7.40851
17,4.712,8.12758,8.12758,7.61597,7.47314
17,4.7436,8.13513,8.13513,7.64161,7.50064
17,4.828,8.15227,8.15227,7.70675,7.57067
17,4.84876,8.15582,8.15582,7.72204,7.58714
17,4.944,8.16878,8.16878,7.78838,7.65916
17,4.95626,8.17006,8.17006,7.79648,7.66802
17,5,8.17394,8.17394,7.82461,7.69886
17,5.06,8.17748,8.17748,7.86113,7.73917
17,5.06613,8.17773,8.17773,7.86473,7.74316
17,5.176,8.17882,8.17882,7.925,7.81108
17,5.17844,8.17878,8.17878,7.92624,7.81251
17,5.292,8.17333,8.17333,7.98028,7.87526
17,5.29324,8.17324,8.17324,7.98083,7.8759
17,5.408,8.16156,8.16156,8.02753,7.9307
17,5.41059,8.16123,8.16123,8.02849,7.93184
17,5.5,8.14817,8.14817,8.05871,7.96848
17,5.524,8.14413,8.14413,8.06581,7.9774
17,5.53053,8.143,8.143,8.06766,7.97976
17,5.64,8.12167,8.12167,8.09413,8.01519
17,5.65314,8.11883,8.11883,8.09676,8.01894
17,5.756,8.09477,8.09477,8.11373,8.04471
17,5.77846,8.08911,8.08911,8.11656,8.04948
17,5.872,8.06406,8.06406,8.12504,8.06611
17,5.90656,8.05425,8.05425,8.12683,8.07096
17,5.988,8.03008,8.03008,8.12828,8.07963
17,6,8.0264,8.0264,8.12817,8.08058
17,6.03751,8.01471,8.01471,8.12728,8.08303
17,6.104,7.99336,7.99336,8.12373,8.08541
17,6.17135,7.97096,7.97096,8.11762,8.08538
17,6.22,7.95436,7.95436,8.11166,8.08383
17,6.30816,7.92328,7.92328,8.09767,8.07785
17,6.336,7.9132,7.9132,8.09243,8.07514
17,6.44801,7.87101,7.87101,8.06745,8.0604
17,6.452,7.86945,7.86945,8.06645,8.05977
17,6.5,7.85041,7.85041,8.05383,8.05154
17,6.568,7.82248,7.82248,8.03416,8.03809
17,6.59095,7.8128,7.8128,8.02705,8.03309
17,6.684,7.77227,7.77227,7.99595,8.01058
17,6.73707,7.74823,7.74823,7.9766,7.99614
17,6.8,7.71884,7.71884,7.9522,7.97757
17,6.88642,7.67694,7.67694,7.91621,7.94973
17,6.916,7.66219,7.66219,7.90325,7.93956
17,7,7.61916,7.61916,7.86473,7.909
17,7.032,7.60232,7.60232,7.84939,7.89676
17,7.03908,7.59856,7.59856,7.84595,7.89401
17,7.148,7.5392,7.5392,7.79085,7.84955
17,7.19513,7.51262,7.51262,7.76577,7.82914
17,7.264,7.4728,7.4728,7.72782,7.79817
17,7.35464,7.41861,7.41861,7.67553,7.7552
17,7.38,7.40308,7.40308,7.66043,7.74275
17,7.496,7.32997,7.32997,7.58878,7.68359
17,7.5,7.32739,7.32739,7.58624,7.68148
17,7.51769,7.31592,7.31592,7.57492,7.67209
17,7.612,7.25338,7.25338,7.51294,7.62064
17,7.68434,7.20383,7.20383,7.46353,7.57961
17,7.728,7.17327,7.17327,7.43293,7.55411
17,7.844,7.08958,7.08958,7.34876,7.48403
17,7.8547,7.08168,7.08168,7.34079,7.4774
17,7.96,7.00227,7.00227,7.26042,7.41035
17,8,6.97131,6.97131,7.22898,7.38413
17,8.02883,6.94872,6.94872,7.20601,7.365
17,8.076,6.91127,6.91127,7.16786,7.33321
17,8.192,6.81658,6.81658,7.07106,7.25239
17,8.20682,6.80421,6.80421,7.05838,7.24182
17,8.308,6.71818,6.71818,6.96997,7.16808
17,8.38875,6.64752,6.64752,6.89704,7.10723
17,8.424,6.61611,6.61611,6.86455,7.08013
17,8.5,6.5473,6.5473,6.79312,7.02054
17,8.54,6.51049,6.51049,6.75478,6.98854
17,8.57472,6.47821,6.47821,6.72108,6.9604
17,8.656,6.40146,6.40146,6.64065,6.89326
17,8.76481,6.29631,6.29631,6.52963,6.80048
17,8.772,6.28927,6.28927,6.52217,6.79424
17,8.888,6.17397,6.17397,6.3994,6.69148
17,8.95912,6.10189,6.10189,6.32207,6.62664
17,9,6.06005,6.06005,6.2769,6.58874
17,9.004,6.05594,6.05594,6.27245,6.58501
17,9.12,5.93578,5.93578,6.14145,6.47485
17,9.15773,5.89634,5.89634,6.09797,6.43826
17,9.236,5.81409,5.81409,6.00657,6.36115
17,9.352,5.6915,5.6915,5.86825,6.24395
17,9.36075,5.68224,5.68224,5.8577,6.23499
17,9.468,5.56875,5.56875,5.72709,6.12374
17,9.5,5.53499,5.53499,5.68767,6.09007
17,9.56827,5.46338,5.46338,5.60261,6.01743
17,9.584,5.44698,5.44698,5.58291,6.0005
17,9.7,5.32714,5.32714,5.43689,5.87328
17,9.78039,5.24518,5.24518,5.33554,5.78341
17,9.816,5.2092,5.2092,5.2906,5.74313
17,9.932,5.09382,5.09382,5.1444,5.61073
17,9.99721,5.0305,5.0305,5.06193,5.53555
17,10,5.02781,5.02781,5.05841,5.53231
17,10.048,4.98212,4.98212,4.99805,5.47654
17,10.164,4.87504,4.87504,4.85383,5.34118
17,10.2188,4.82603,4.82603,4.78709,5.27718
17,10.28,4.77261,4.77261,4.71406,5.20594
17,10.396,4.67547,4.67547,4.57986,5.07187
17,10.4454,4.63585,4.63585,4.52433,5.0153
17,10.5,4.59315,4.59315,4.46332,4.95292
17,10.512,4.58393,4.58393,4.45001,4.93927
17,10.628,4.49758,4.49758,4.32428,4.80892
17,10.6769,4.46281,4.46281,4.27322,4.75498
17,10.744,4.4167,4.4167,4.20545,4.68217
17,10.86,4.34084,4.34084,4.09393,4.55989
17,10.9136,4.30742,4.30742,4.04444,4.50498
17,10.976,4.26983,4.26983,3.98833,4.44227
17,11,4.25573,4.25573,3.96725,4.41842
17,11.092,4.20346,4.20346,3.88939,4.32841
17,11.1556,4.1689,4.1689,3.83827,4.26843
17,11.208,4.1413,4.1413,3.79748,4.22052
17,11.324,4.08325,4.08325,3.71051,4.11867
17,11.4029,4.04577,4.04577,3.65552,4.05259
17,11.44,4.02872,4.02872,3.63072,4.02255
17,11.5,4.00207,4.00207,3.59187,3.97543
17,11.556,3.97783,3.97783,3.5568,3.9329
17,11.6557,3.93527,3.93527,3.49683,3.86053
17,11.672,3.92854,3.92854,3.48724,3.84905
17,11.788,3.88469,3.88469,3.42144,3.77097
17,11.904,3.8423,3.8423,3.36151,3.69898
17,11.9141,3.83877,3.83877,3.35652,3.6929
17,12,3.80917,3.80917,3.31528,3.64158
17,12.02,3.80216,3.80216,3.30606,3.62978
17,12.136,3.76326,3.76326,3.25455,3.5643
17,12.1782,3.74975,3.74975,3.23606,3.5421
17,12.252,3.72626,3.72626,3.20472,3.50551
17,12.368,3.69141,3.69141,3.15883,3.45085
17,12.4482,3.66794,3.66794,3.12848,3.4138
17,12.484,3.65763,3.65763,3.11536,3.39783
17,12.5,3.65307,3.65307,3.1096,3.39093
17,12.6,3.62452,3.62452,3.07463,3.34929
17,12.716,3.59314,3.59314,3.03621,3.30389
17,12.7241,3.59096,3.59096,3.0336,3.30082
17,12.832,3.5622,3.5622,2.99981,3.26132
17,12.948,3.53205,3.53205,2.96517,3.22132
17,13,3.5186,3.5186,2.95015,3.20415
17,13.0062,3.51701,3.51701,2.94838,3.20213
17,13.064,3.50218,3.50218,2.93202,3.18362
17,13.18,3.47273,3.47273,2.90024,3.14803
17,13.2945,3.44395,3.44395,2.87006,3.11464
17,13.296,3.44359,3.44359,2.86968,3.11423
17,13.412,3.41466,3.41466,2.83989,3.08193
17,13.5,3.39275,3.39275,2.8178,3.05846
17,13.528,3.38579,3.38579,2.8108,3.05116
17,13.5893,3.37061,3.37061,2.79543,3.03545
17,13.644,3.35712,3.35712,2.78183,3.02168
17,13.76,3.32847,3.32847,2.75374,2.99314
17,13.876,3.29968,3.29968,2.7256,2.96543
17,13.8905,3.29611,3.29611,2.72213,2.96203
17,13.992,3.27108,3.27108,2.69915,2.93861
17,14,3.26908,3.26908,2.69739,2.93679
17,14.108,3.24139,3.24139,2.67327,2.91232
17,14.1985,3.21819,3.21819,2.65274,2.89189
17,14.224,3.21173,3.21173,2.64703,2.88614
17,14.34,3.18256,3.18256,2.62124,2.86032
17,14.456,3.15333,3.15333,2.59324,2.83519
17,14.5,3.14207,3.14207,2.58311,2.82595
17,14.5132,3.13867,3.13867,2.58009,2.82321
17,14.572,3.12343,3.12343,2.56669,2.81103
17,14.688,3.09277,3.09277,2.53974,2.78579
17,14.804,3.06152,3.06152,2.51279,2.76074
17,14.835,3.05327,3.05327,2.50557,2.75422
17,14.92,3.03101,3.03101,2.48569,2.73635
17,15,3.00931,3.00931,2.46687,2.7194
17,15.036,2.99952,2.99952,2.45837,2.71167
17,15.152,2.96812,2.96812,2.43086,2.6867
17,15.1638,2.96491,2.96491,2.42804,2.68417
17,15.268,2.93632,2.93632,2.40316,2.66179
17,15.384,2.90427,2.90427,2.37524,2.63666
17,15.5,2.87129,2.87129,2.34701,2.61152
18,1,0,0,0,0
18,1.0219,0,0,0,0
18,1.04428,0,0,0,0
18,1.06715,0,0,0,0
18,1.09052,0,0,0,0
18,1.112,0,0,0,0
18,1.11441,0,0,0,0
18,1.13881,0,0,0,0
18,1.16375,0,0,0,0
18,1.18924,0,0,0,0
18,1.21529,0,0,0,0
18,1.224,0,0,0,0
18,1.2419,0,0,0,0
18,1.2691,0,0,0,0
18,1.29689,0,0,0,0
18,1.3253,0,0,0,0
18,1.336,0,0,0,0
18,1.35432,0,0,0,0
18,1.38398,0,0,0,0
18,1.41429,0,0,0,0
18,1.44527,0,0,0,0
18,1.448,0,0,0,0
18,1.47692,0,0,0,0
18,1.5,0,0,0,0
18,1.50927,0,0,0,0
18,1.54232,0,0,0,0
18,1.56,0,0,0,0
18,1.5761,0,0,0,0
18,1.61062,0,0,0,0
18,1.64589,0,0,0,0
18,1.672,0,0,0,0
18,1.68194,0,0,0,0
18,1.71877,0,0,0,0
18,1.75641,0,0,0,0
18,1.784,0,0,0,0
18,1.79488,0,0,0,0
18,1.83419,0,0,0,0
18,1.87436,0,0,0,0
18,1.896,0,0,0,0
18,1.91541,0,0,0,0
18,1.95736,0.123472,0.123472,0,0
18,2,1.13314,1.13314,0,0
18,2.00023,1.13743,1.13743,0,0
18,2.008,1.28055,1.28055,0,0
18,2.04403,1.86384,1.86384,0,0
18,2.0888,2.44878,2.44878,0,0
18,2.12,2.79341,2.79341,0,0
18,2.13455,2.94029,2.94029,0,0
18,2.18129,3.3643,3.3643,0,0
18,2.22907,3.73665,3.73665,0,0
18,2.232,3.75784,3.75784,0,0
18,2.27788,4.06803,4.06803,0,0
18,2.32777,4.36623,4.36623,0,0
18,2.344,4.45581,4.45581,0,0
18,2.37875,4.63697,4.63697,0,0
18,2.43085,4.88456,4.88456,0,0
18,2.456,4.99511,4.99511,0,0
18,2.48409,5.11243,5.11243,0,0
18,2.5,5.17627,5.17627,0,0
18,2.53849,5.32331,5.32331,0,0
18,2.568,5.42972,5.42972,0,0
18,2.59408,5.51948,5.51948,0,0
18,2.6509,5.70249,5.70249,0.9639,0
18,2.68,5.79013,5.79013,2.11406,0
18,2.70895,5.87377,5.87377,2.86971,0.969235
18,2.76828,6.03468,6.03468,3.89538,2.87912
18,2.792,6.09543,6.09543,4.19719,3.34005
18,2.82891,6.18617,6.18617,4.59238,3.90352
18,2.89086,6.32911,6.32911,5.11649,4.60161
18,2.904,6.35801,6.35801,5.21123,4.72376
18,2.95418,6.46427,6.46427,5.53441,5.12959
18,3,6.55594,6.55594,5.78557,5.43439
18,3.016,6.58682,6.58682,5.86526,5.52953
18,3.01888,6.59231,6.59231,5.8792,5.5461
18,3.08499,6.71378,6.71378,6.17086,5.88853
18,3.128,6.78794,6.78794,6.3357,6.07888
18,3.15256,6.82867,6.82867,6.42257,6.17838
18,3.2216,6.93804,6.93804,6.64309,6.42893
18,3.24,6.96591,6.96591,6.69669,6.4894
18,3.29215,7.04212,7.04212,6.83853,6.6486
18,3.352,7.12496,7.12496,6.98524,6.81212
18,3.36425,7.14135,7.14135,7.01341,6.8434
18,3.43793,7.2361,7.2361,7.17113,7.01785
18,3.464,7.26811,7.26811,7.22259,7.07453
18,3.5,7.3111,7.3111,7.29034,7.14899
18,3.51323,7.32655,7.32655,7.31432,7.1753
18,3.576,7.39736,7.39736,7.42198,7.29322
18,3.59017,7.41279,7.41279,7.44497,7.31836
18,3.6688,7.49488,7.49488,7.56475,7.44903
18,3.688,7.51405,7.51405,7.59214,7.47886
18,3.74915,7.57291,7.57291,7.67501,7.56896
18,3.8,7.61937,7.61937,7.73925,7.63873
18,3.83126,7.64685,7.64685,7.77682,7.67947
18,3.912,7.71422,7.71422,7.8676,7.77791
18,3.91516,7.71676,7.71676,7.87099,7.78158
18,4,7.78182,7.78182,7.95721,7.87518
18,4.00091,7.78249,7.78249,7.95809,7.87614
18,4.024,7.79925,7.79925,7.98012,7.90008
18,4.08853,7.84398,7.84398,8.03879,7.96387
18,4.136,7.87494,7.87494,8.07938,8.00802
18,4.17807,7.90106,7.90106,8.11364,8.04532
18,4.248,7.94169,7.94169,8.16724,8.10372
18,4.26958,7.95354,7.95354,8.18295,8.12085
18,4.36,7.99975,7.99975,8.24462,8.18828
18,4.36308,8.00122,8.00122,8.2466,8.19045
18,4.45864,8.04382,8.04382,8.30372,8.25392
18,4.472,8.04928,8.04928,8.31105,8.26218
18,4.5,8.06036,8.06036,8.32591,8.27899
18,4.55629,8.08106,8.08106,8.3539,8.31081
18,4.584,8.09049,8.09049,8.3668,8.32557
18,4.65607,8.11268,8.11268,8.39774,8.36139
18,4.696,8.12354,8.12354,8.41333,8.37975
18,4.75805,8.1384,8.1384,8.43532,8.40613
18,4.808,8.14863,8.14863,8.45084,8.42537
18,4.86225,8.15801,8.15801,8.46549,8.44433
18,4.92,8.16603,8.16603,8.47873,8.46241
18,4.96874,8.17129,8.17129,8.48814,8.47594
18,5,8.17395,8.17395,8.49328,8.48374
18,5.032,8.17609,8.17609,8.4978,8.49099
18,5.07756,8.17815,8.17815,8.50291,8.5001
18,5.144,8.17917,8.17917,8.50761,8.51093
18,5.18876,8.17855,8.17855,8.50902,8.51663
18,5.256,8.17573,8.17573,8.50856,8.52287
18,5.3024,8.17253,8.17253,8.50641,8.52551
18,5.368,8.16629,8.16629,8.50071,8.5269
18,5.41852,8.1602,8.1602,8.49419,8.52609
18,5.48,8.15137,8.15137,8.48389,8.52292
18,5.5,8.14817,8.14817,8.47999,8.52137
18,5.53719,8.14182,8.14182,8.472,8.51783
18,5.592,8.13153,8.13153,8.45845,8.51101
18,5.65846,8.11766,8.11766,8.43912,8.50018
18,5.704,8.10733,8.10733,8.42405,8.49116
18,5.78239,8.0881,8.0881,8.39476,8.47257
18,5.816,8.07932,8.07932,8.38091,8.46343
18,5.90903,8.05353,8.05353,8.33836,8.4345
18,5.928,8.04802,8.04802,8.32891,8.42794
18,6,8.02639,8.02639,8.29072,8.40096
18,6.03844,8.01441,8.01441,8.26883,8.3852
18,6.04,8.01392,8.01392,8.26791,8.38454
18,6.152,7.97746,7.97746,8.19801,8.33308
18,6.17068,7.97118,7.97118,8.18547,8.32371
18,6.264,7.93901,7.93901,8.11904,8.27349
18,6.30583,7.92412,7.92412,8.08719,8.24915
18,6.376,7.89848,7.89848,8.03088,8.20575
18,6.44393,7.87262,7.87262,7.97291,8.16062
18,6.488,7.85524,7.85524,7.93347,8.12969
18,6.5,7.85043,7.85043,7.92248,8.12106
18,6.58506,7.81531,7.81531,7.84152,8.05708
18,6.6,7.80896,7.80896,7.82674,8.04532
18,6.712,7.75967,7.75967,7.71064,7.95239
18,6.72927,7.7518,7.7518,7.6919,7.9373
18,6.824,7.70737,7.70737,7.58524,7.85083
18,6.87665,7.68175,7.68175,7.52311,7.80017
18,6.936,7.65208,7.65208,7.45082,7.74083
18,7,7.61914,7.61914,7.36999,7.67404
18,7.02725,7.60481,7.60481,7.33482,7.64475
18,7.048,7.59378,7.59378,7.30771,7.62213
18,7.16,7.53246,7.53246,7.15652,7.49483
18,7.18116,7.52053,7.52053,7.12721,7.46977
18,7.272,7.46807,7.46807,6.99884,7.35873
18,7.33843,7.42842,7.42842,6.90256,7.27417
18,7.384,7.40058,7.40058,6.83551,7.21477
18,7.496,7.32992,7.32992,6.66829,7.06428
18,7.49915,7.32789,7.32789,6.66355,7.05993
18,7.5,7.32734,7.32734,6.66227,7.05875
18,7.608,7.25605,7.25605,6.49901,6.90581
18,7.66338,7.21832,7.21832,6.41514,6.8261
18,7.72,7.17892,7.17892,6.32945,6.74388
18,7.83122,7.09901,7.09901,6.16294,6.57971
18,7.832,7.09844,7.09844,6.16178,6.57854
18,7.944,7.01458,7.01458,5.99712,6.41026
18,8,6.97136,6.97136,5.91684,6.32518
18,8.00273,6.96923,6.96923,5.91294,6.32104
18,8.056,6.92728,6.92728,5.83681,6.2402
18,8.168,6.83653,6.83653,5.68324,6.07219
18,8.17799,6.82826,6.82826,5.6695,6.05742
18,8.28,6.74232,6.74232,5.53355,5.90942
18,8.3571,6.67547,6.67547,5.43515,5.80021
18,8.392,6.64468,6.64468,5.39167,5.75136
18,8.5,6.54735,6.54735,5.26125,5.60358
18,8.504,6.54368,6.54368,5.25654,5.59822
18,8.54013,6.51041,6.51041,5.21436,5.55021
18,8.616,6.43946,6.43946,5.12807,5.45148
18,8.72716,6.33301,6.33301,5.00635,5.31327
18,8.728,6.33219,6.33219,5.00546,5.31226
18,8.84,6.22211,6.22211,4.88975,5.18074
18,8.91829,6.1437,6.1437,4.81221,5.09207
18,8.952,6.10959,6.10959,4.77967,5.05547
18,9,6.06072,6.06072,4.73418,5.00467
18,9.064,5.99506,5.99506,4.6751,4.93857
18,9.11361,5.94376,5.94376,4.63054,4.88825
18,9.176,5.87895,5.87895,4.57598,4.82681
18,9.288,5.76196,5.76196,4.4822,4.72208
18,9.31321,5.73557,5.73557,4.46188,4.69926
18,9.4,5.6445,5.6445,4.39336,4.62222
18,9.5,5.53936,5.53936,4.31746,4.53924
18,9.512,5.52675,5.52675,4.30854,4.52964
18,9.51717,5.52131,5.52131,4.30471,4.52551
18,9.624,5.40946,5.40946,4.22774,4.44094
18,9.72561,5.30419,5.30419,4.1571,4.36434
18,9.736,5.29352,5.29352,4.15002,4.35683
18,9.848,5.17981,5.17981,4.076,4.27751
18,9.9386,5.08994,5.08994,4.01849,4.21604
18,9.96,5.06904,5.06904,4.00517,4.20197
18,10,5.03037,5.03037,3.98053,4.17587
18,10.072,4.96215,4.96215,3.93698,4.13
18,10.1563,4.88458,4.88458,3.88746,4.07787
18,10.184,4.8596,4.8596,3.87145,4.06111
18,10.296,4.76148,4.76148,3.80807,3.99516
18,10.3787,4.69199,4.69199,3.76258,3.94819
18,10.408,4.668,4.668,3.74668,3.93191
18,10.5,4.59535,4.59535,3.69731,3.88187
18,10.52,4.58011,4.58011,3.68664,3.87093
18,10.606,4.51639,4.51639,3.64125,3.82516
18,10.632,4.49758,4.49758,3.62768,3.81166
18,10.744,4.41892,4.41892,3.57065,3.75499
18,10.8383,4.35708,4.35708,3.5237,3.70731
18,10.856,4.34589,4.34589,3.5148,3.69855
18,10.968,4.27675,4.27675,3.4594,3.64428
18,11,4.25759,4.25759,3.44401,3.62927
18,11.0756,4.21525,4.21525,3.40825,3.59409
18,11.08,4.21293,4.21293,3.40618,3.59208
18,11.192,4.15258,4.15258,3.35267,3.5402
18,11.304,4.09407,4.09407,3.29996,3.48921
18,11.3182,4.08707,4.08707,3.29351,3.48284
18,11.416,4.04128,4.04128,3.24777,3.43794
18,11.5,4.00277,4.00277,3.20945,3.40059
18,11.528,3.99017,3.99017,3.19629,3.388
18,11.5661,3.97376,3.97376,3.17911,3.37136
18,11.64,3.94403,3.94403,3.14577,3.33892
18,11.752,3.90007,3.90007,3.09462,3.29006
18,11.8194,3.8753,3.8753,3.0638,3.26091
18,11.864,3.85957,3.85957,3.04398,3.24158
18,11.976,3.81776,3.81776,2.99327,3.19362
18,12,3.80922,3.80922,2.98252,3.18329
18,12.0782,3.78264,3.78264,2.9474,3.14978
18,12.088,3.77933,3.77933,2.94307,3.14563
18,12.2,3.74315,3.74315,2.89283,3.09791
18,12.312,3.70907,3.70907,2.84282,3.05039
18,12.3428,3.69959,3.69959,2.82909,3.03729
18,12.424,3.67493,3.67493,2.7929,3.003
18,12.5,3.65407,3.65407,2.75903,2.97091
18,12.536,3.64404,3.64404,2.74307,2.95573
18,12.6131,3.62363,3.62363,2.70874,2.92323
18,12.648,3.61331,3.61331,2.69319,2.90849
18,12.76,3.58153,3.58153,2.64332,2.86129
18,12.872,3.55205,3.55205,2.59342,2.814
18,12.8893,3.54757,3.54757,2.58572,2.80669
18,12.984,3.52342,3.52342,2.54349,2.76678
18,13,3.51924,3.51924,2.53634,2.76006
18,13.096,3.49452,3.49452,2.49353,2.71991
18,13.1716,3.47553,3.47553,2.46002,2.68811
18,13.208,3.46638,3.46638,2.4439,2.67277
18,13.32,3.43819,3.43819,2.39402,2.62538
18,13.432,3.4102,3.4102,2.34389,2.57806
18,13.4601,3.4032,3.4032,2.33133,2.56622
18,13.5,3.39327,3.39327,2.31349,2.54933
18,13.544,3.38234,3.38234,2.29387,2.53065
18,13.656,3.35453,3.35453,2.24362,2.48296
18,13.7549,3.32992,3.32992,2.19907,2.44114
18,13.768,3.32665,3.32665,2.19317,2.43564
18,13.88,3.29886,3.29886,2.14302,2.38826
18,13.992,3.2709,3.2709,2.09297,2.34035
18,14,3.26889,3.26889,2.08938,2.33694
18,14.0561,3.25477,3.25477,2.06412,2.31299
18,14.104,3.2427,3.2427,2.04254,2.29248
18,14.216,3.21386,3.21386,1.99201,2.24469
18,14.328,3.18458,3.18458,1.94159,2.19696
18,14.3639,3.17556,3.17556,1.92534,2.18164
18,14.44,3.15638,3.15638,1.89104,2.14877
18,14.5,3.14066,3.14066,1.86377,2.12295
18,14.552,3.12695,3.12695,1.84023,2.10072
18,14.664,3.09799,3.09799,1.78949,2.05238
18,14.6785,3.09424,3.09424,1.7829,2.04618
18,14.776,3.06863,3.06863,1.73857,2.00424
18,14.888,3.03863,3.03863,1.6876,1.95591
18,15,3.009,3.009,1.63657,1.90747
