ID,time,pop,popPred,indivPredMean,indivPredMode
7,1,0,0,0,0
7,1.02243,0,0,0,0
7,1.04536,0,0,0,0
7,1.06881,0,0,0,0
7,1.09278,0,0,0,0
7,1.11729,0,0,0,0
7,1.12,0,0,0,0
7,1.14235,0,0,0,0
7,1.16797,0,0,0,0
7,1.19416,0,0,0,0
7,1.22095,0,0,0,0
7,1.24,0,0,0,0
7,1.24833,0,0,0,0
7,1.27633,0,0,0,0
7,1.30495,0,0,0,0
7,1.33422,0,0,0,0
7,1.36,0,0,0,0
7,1.36415,0,0,0,0
7,1.39474,0,0,0,0
7,1.42603,0,0,0,0
7,1.45801,0,0,0,0
7,1.48,0,0,0,0
7,1.49071,0,0,0,0
7,1.5,0,0,0,0
7,1.52414,0,0,0,0
7,1.55833,0,0,0,0
7,1.59328,0,0,0,0
7,1.6,0,0,0,0
7,1.62902,0,0,0,0
7,1.66555,0,0,0,0
7,1.70291,0,0,0,0
7,1.72,0,0,0,0
7,1.7411,0,0,0,0
7,1.78015,0,0,0,0
7,1.82008,0,0,0,0
7,1.84,0,0,0,0
7,1.8609,0,0,0,0
7,1.90264,0,0,0,0
7,1.94531,0,0,0,0
7,1.96,0,0,0,0
7,1.98894,0,0,0,0
7,2,0,0,0,0
7,2.03355,0,0,0,0
7,2.07916,0,0,0,0
7,2.08,0,0,0,0
7,2.12579,0,0,0,0
7,2.17347,0,0,0,0
7,2.2,0,0,0,0
7,2.22222,0,0,0,0
7,2.27206,0.132196,0.132196,0,0
7,2.32,0.309247,0.309247,0,0
7,2.32302,0.319713,0.319713,0,0
7,2.37512,0.489431,0.489431,0,0
7,2.42839,0.644236,0.644236,0,0
7,2.44,0.675813,0.675813,0,0
7,2.48285,0.786384,0.786384,0,0
7,2.5,0.828227,0.828227,0,0
7,2.53854,0.917678,0.917678,0,0
7,2.56,0.965021,0.965021,0,0
7,2.59548,1.03961,1.03961,0,0
7,2.65369,1.15318,1.15318,0,0
7,2.68,1.2012,1.2012,0,0
7,2.71321,1.25931,1.25931,0,0
7,2.77406,1.35889,1.35889,0,0
7,2.8,1.39888,1.39888,0,0
7,2.83628,1.45252,1.45252,0,0
7,2.89989,1.54078,1.54078,0,0
7,2.92,1.56725,1.56725,0,0
7,2.96493,1.62414,1.62414,0,0
7,3,1.6665,1.6665,0,0
7,3.03143,1.70304,1.70304,0,0
7,3.04,1.71279,1.71279,0,0
7,3.09942,1.77777,1.77777,0,0
7,3.16,1.83957,1.83957,0,0
7,3.16894,1.84836,1.84836,0,0
7,3.24001,1.91559,1.91559,0,0
7,3.28,1.95131,1.95131,0,0
7,3.31268,1.97947,1.97947,0,0
7,3.38698,2.04033,2.04033,0,0
7,3.4,2.05057,2.05057,0,0
7,3.46295,2.0984,2.0984,0,0
7,3.5,2.1253,2.1253,0,0
7,3.52,2.13944,2.13944,0,0
7,3.54062,2.15375,2.15375,0,0
7,3.62003,2.20645,2.20645,0,0
7,3.64,2.21911,2.21911,0,0
7,3.70122,2.25651,2.25651,0.0448817,0
7,3.76,2.29051,2.29051,0.150681,0
7,3.78423,2.30399,2.30399,0.193097,0
7,3.86911,2.34888,2.34888,0.335991,0.0631062
7,3.88,2.35439,2.35439,0.353718,0.0826462
7,3.95588,2.39116,2.39116,0.473534,0.214922
7,4,2.41131,2.41131,0.540227,0.288654
7,4.04461,2.43078,2.43078,0.606221,0.360974
7,4.12,2.46166,2.46166,0.713929,0.478214
7,4.13532,2.46763,2.46763,0.735293,0.501287
7,4.22807,2.50163,2.50163,0.859767,0.637259
7,4.24,2.50573,2.50573,0.875187,0.654214
7,4.3229,2.53262,2.53262,0.979193,0.769092
7,4.36,2.54372,2.54372,1.02412,0.818442
7,4.41986,2.56045,2.56045,1.09463,0.895521
7,4.48,2.57578,2.57578,1.16323,0.970169
7,4.5,2.58056,2.58056,1.18555,0.994435
7,4.51899,2.58494,2.58494,1.20653,1.01722
7,4.6,2.60203,2.60203,1.2936,1.11181
7,4.62034,2.60592,2.60592,1.31489,1.13494
7,4.72,2.62261,2.62261,1.41595,1.24473
7,4.72397,2.6232,2.6232,1.41987,1.24898
7,4.82992,2.63663,2.63663,1.52145,1.35939
7,4.84,2.63768,2.63768,1.53083,1.36958
7,4.93825,2.64606,2.64606,1.61961,1.46618
7,4.96,2.64745,2.64745,1.6386,1.48693
7,5,2.64958,2.64958,1.67294,1.52452
7,5.04901,2.65143,2.65143,1.71413,1.56951
7,5.08,2.65218,2.65218,1.73975,1.59737
7,5.16225,2.65268,2.65268,1.80609,1.66915
7,5.2,2.65218,2.65218,1.83569,1.70118
7,5.27803,2.64982,2.64982,1.89518,1.76569
7,5.32,2.64781,2.64781,1.92643,1.79936
7,5.39641,2.64293,2.64293,1.98193,1.85872
7,5.44,2.63946,2.63946,2.01276,1.89175
7,5.5,2.63392,2.63392,2.05412,1.93636
7,5.51744,2.63215,2.63215,2.06584,1.94915
7,5.56,2.62754,2.62754,2.09386,1.97998
7,5.64119,2.61766,2.61766,2.14533,2.03696
7,5.68,2.61246,2.61246,2.16906,2.06335
7,5.76772,2.59969,2.59969,2.22108,2.12105
7,5.8,2.59465,2.59465,2.23961,2.14161
7,5.89708,2.5785,2.5785,2.29337,2.20133
7,5.92,2.57449,2.57449,2.30566,2.21497
7,6,2.55993,2.55993,2.34721,2.26125
7,6.02934,2.55439,2.55439,2.36191,2.27769
7,6.04,2.55235,2.55235,2.36719,2.2836
7,6.16,2.52857,2.52857,2.42412,2.34753
7,6.16457,2.52764,2.52764,2.4262,2.34988
7,6.28,2.5034,2.5034,2.47622,2.40672
7,6.30283,2.49844,2.49844,2.4856,2.41745
7,6.4,2.47673,2.47673,2.52349,2.46116
7,6.44419,2.46643,2.46643,2.53961,2.47995
7,6.5,2.45301,2.45301,2.55898,2.50272
7,6.52,2.44809,2.44809,2.56567,2.51062
7,6.58873,2.43073,2.43073,2.58753,2.53668
7,6.64,2.41733,2.41733,2.60268,2.555
7,6.7365,2.39107,2.39107,2.62854,2.58691
7,6.76,2.38447,2.38447,2.63432,2.59415
7,6.88,2.34953,2.34953,2.66058,2.62793
7,6.88759,2.34725,2.34725,2.66205,2.62988
7,7,2.31249,2.31249,2.68126,2.65623
7,7.04207,2.299,2.299,2.6872,2.66484
7,7.12,2.27334,2.27334,2.69641,2.67898
7,7.20002,2.24606,2.24606,2.70346,2.69108
7,7.24,2.23207,2.23207,2.70606,2.6962
7,7.36,2.18864,2.18864,2.71032,2.70791
7,7.3615,2.18808,2.18808,2.71034,2.70802
7,7.48,2.14301,2.14301,2.70936,2.71425
7,7.5,2.13519,2.13519,2.70871,2.7148
7,7.52661,2.12468,2.12468,2.70763,2.71531
7,7.6,2.09514,2.09514,2.7034,2.71544
7,7.69542,2.05546,2.05546,2.6953,2.71285
7,7.72,2.045,2.045,2.69275,2.71171
7,7.84,1.99253,1.99253,2.67772,2.70337
7,7.86802,1.97994,1.97994,2.67361,2.7008
7,7.96,1.9377,1.9377,2.65864,2.69079
7,8,1.91889,1.91889,2.65146,2.68571
7,8.04448,1.89766,1.89766,2.64301,2.67957
7,8.08,1.88047,1.88047,2.63593,2.67431
7,8.2,1.82083,1.82083,2.60988,2.65435
7,8.22491,1.80815,1.80815,2.60406,2.6498
7,8.32,1.75878,1.75878,2.58037,2.63127
7,8.40938,1.71102,1.71102,2.55579,2.61228
7,8.44,1.69436,1.69436,2.54676,2.60541
7,8.5,1.66127,1.66127,2.5281,2.59139
7,8.56,1.62761,1.62761,2.50831,2.57663
7,8.59799,1.60602,1.60602,2.49527,2.56689
7,8.68,1.55868,1.55868,2.4659,2.54467
7,8.79083,1.4932,1.4932,2.42319,2.51194
7,8.8,1.48771,1.48771,2.41951,2.5091
7,8.92,1.41494,1.41494,2.36928,2.47027
7,8.988,1.37299,1.37299,2.3391,2.44691
7,9,1.36555,1.36555,2.33364,2.44268
7,9.04,1.34065,1.34065,2.31519,2.42836
7,9.16,1.26518,1.26518,2.25733,2.38341
7,9.18959,1.24646,1.24646,2.24249,2.37187
7,9.28,1.18901,1.18901,2.19574,2.33549
7,9.3957,1.11522,1.11522,2.13285,2.28658
7,9.4,1.11247,1.11247,2.13044,2.28471
7,9.5,1.04861,1.04861,2.0732,2.24024
7,9.52,1.03583,1.03583,2.06144,2.23112
7,9.60643,0.980745,0.980745,2.00944,2.19077
7,9.64,0.959461,0.959461,1.98873,2.1747
7,9.76,0.884064,0.884064,1.91232,2.11546
7,9.82189,0.845995,0.845995,1.87147,2.0838
7,9.88,0.810876,0.810876,1.83221,2.05337
7,10,0.740362,0.740362,1.74839,1.98841
7,10.0422,0.716157,0.716157,1.71803,1.96488
7,10.12,0.672291,0.672291,1.66083,1.92053
7,10.24,0.607111,0.607111,1.56963,1.84974
7,10.2674,0.592668,0.592668,1.54829,1.83316
7,10.36,0.545132,0.545132,1.47482,1.77601
7,10.48,0.486484,0.486484,1.37655,1.6993
7,10.4977,0.478123,0.478123,1.36178,1.68774
7,10.5,0.477037,0.477037,1.35984,1.68622
7,10.6,0.431249,0.431249,1.27497,1.61961
7,10.72,0.379398,0.379398,1.17027,1.53701
7,10.7331,0.373926,0.373926,1.15864,1.52778
7,10.84,0.330838,0.330838,1.06278,1.45143
7,10.96,0.285487,0.285487,0.952669,1.3631
7,10.9739,0.280444,0.280444,0.939805,1.35271
7,11,0.27105,0.27105,0.915486,1.33303
7,11.08,0.243188,0.243188,0.840333,1.2718
7,11.2,0.203698,0.203698,0.725525,1.17764
7,11.22,0.197378,0.197378,0.706081,1.16167
7,11.32,0.166895,0.166895,0.608126,1.08073
7,11.44,0.13267,0.13267,0.489504,0.981303
7,11.4716,0.123912,0.123912,0.458214,0.954725
7,11.5,0.11611,0.11611,0.430156,0.930777
7,11.56,0.0999271,0.0999271,0.371001,0.879648
7,11.68,0.0699609,0.0699609,0.252602,0.776022
7,11.7289,0.0586172,0.0586172,0.204051,0.733158
7,11.8,0.0423537,0.0423537,0.133579,0.670545
7,11.92,0.0152249,0.0152249,0.0154096,0.563677
7,11.992,0,0,0,0.499218
7,12,0,0,0,0.492034
7,12.04,0,0,0,0.45603
7,12.16,0,0,0,0.34804
7,12.261,0,0,0,0.256893
7,12.28,0,0,0,0.239756
7,12.4,0,0,0,0.131654
7,12.5,0,0,0,0.041521
7,12.52,0,0,0,0.0235125
7,12.536,0,0,0,0.00914976
7,12.64,0,0,0,0
7,12.76,0,0,0,0
7,12.8171,0,0,0,0
7,12.88,0,0,0,0
7,13,0,0,0,0
7,13.1046,0,0,0,0
7,13.12,0,0,0,0
7,13.24,0,0,0,0
7,13.36,0,0,0,0
7,13.3985,0,0,0,0
7,13.48,0,0,0,0
7,13.5,0,0,0,0
7,13.6,0,0,0,0
7,13.699,0,0,0,0
7,13.72,0,0,0,0
7,13.84,0,0,0,0
7,13.96,0,0,0,0
7,14,0,0,0,0
7,14.0063,0,0,0,0
7,14.08,0,0,0,0
7,14.2,0,0,0,0
7,14.32,0,0,0,0
7,14.3204,0,0,0,0
7,14.44,0,0,0,0
7,14.5,0,0,0,0
7,14.56,0,0,0,0
7,14.6416,0,0,0,0
7,14.68,0,0,0,0
7,14.8,0,0,0,0
7,14.92,0,0,0,0
7,14.97,0,0,0,0
7,15,0,0,0,0
7,15.04,0,0,0,0
7,15.16,0,0,0,0
7,15.28,0,0,0,0
7,15.3057,0,0,0,0
7,15.4,0,0,0,0
7,15.5,0,0,0,0
7,15.52,0,0,0,0
7,15.64,0,0,0,0
7,15.649,0,0,0,0
7,15.76,0,0,0,0
7,15.88,0,0,0,0
7,16,0,0,0,0
8,1,0,0,0,0
8,1.02405,0,0,0,0
8,1.04867,0,0,0,0
8,1.07389,0,0,0,0
8,1.09972,0,0,0,0
8,1.12616,0,0,0,0
8,1.148,0,0,0,0
8,1.15325,0,0,0,0
8,1.18098,0,0,0,0
8,1.20938,0,0,0,0
8,1.23846,0,0,0,0
8,1.26824,0,0,0,0
8,1.296,0,0,0,0
8,1.29874,0,0,0,0
8,1.32997,0,0,0,0
8,1.36196,0,0,0,0
8,1.39471,0,0,0,0
8,1.42825,0,0,0,0
8,1.444,0,0,0,0
8,1.4626,0,0,0,0
8,1.49777,0,0,0,0
8,1.5,0,0,0,0
8,1.53379,0,0,0,0
8,1.57067,0,0,0,0
8,1.592,0,0,0,0
8,1.60844,0,0,0,0
8,1.64712,0,0,0,0
8,1.68673,0,0,0,0
8,1.72729,0,0,0,0
8,1.74,0,0,0,0
8,1.76883,0,0,0,0
8,1.81137,0,0,0,0
8,1.85493,0,0,0,0
8,1.888,0,0,0,0
8,1.89954,0,0,0,0
8,1.94522,0,0,0,0
8,1.99199,0,0,0,0
8,2,0,0,0,0
8,2.036,0,0,0,0
8,2.0399,0,0,0,0
8,2.08895,0,0,0,0
8,2.13919,0,0,0,0
8,2.184,0,0,0,0
8,2.19063,0,0,0,0
8,2.24331,0.015058,0.015058,0,0
8,2.29726,0.227882,0.227882,0,0
8,2.332,0.350433,0.350433,0,0
8,2.3525,0.418194,0.418194,0,0
8,2.40907,0.59007,0.59007,0,0
8,2.46701,0.746532,0.746532,0,0
8,2.48,0.779288,0.779288,0,0
8,2.5,0.828227,0.828227,0.050922,0.00612465
8,2.52633,0.88998,0.88998,0.284968,0.241171
8,2.58709,1.02234,1.02234,0.6854,0.642394
8,2.628,1.10431,1.10431,0.888397,0.845035
8,2.6493,1.14496,1.14496,0.979828,0.936143
8,2.71301,1.25897,1.25897,1.21108,1.16566
8,2.776,1.36192,1.36192,1.39469,1.34715
8,2.77825,1.36545,1.36545,1.40062,1.35303
8,2.84506,1.46514,1.46514,1.56052,1.51191
8,2.91348,1.55874,1.55874,1.69822,1.64961
8,2.924,1.57244,1.57244,1.71748,1.66894
8,2.98355,1.64684,1.64684,1.81857,1.77077
8,3,1.6665,1.6665,1.84439,1.79677
8,3.05529,1.72994,1.72994,1.92544,1.87811
8,3.072,1.74834,1.74834,1.94835,1.90105
8,3.12877,1.80824,1.80824,2.02133,1.97398
8,3.20401,1.88216,1.88216,2.10801,2.06038
8,3.22,1.89716,1.89716,2.12513,2.07744
8,3.28106,1.95224,1.95224,2.18684,2.13886
8,3.35996,2.01869,2.01869,2.25894,2.21062
8,3.368,2.02518,2.02518,2.26585,2.2175
8,3.44076,2.08186,2.08186,2.32518,2.27656
8,3.5,2.1253,2.1253,2.36956,2.32075
8,3.516,2.13663,2.13663,2.381,2.33214
8,3.5235,2.14189,2.14189,2.38629,2.33741
8,3.60824,2.19886,2.19886,2.44283,2.39374
8,3.664,2.23402,2.23402,2.47713,2.42792
8,3.69501,2.25281,2.25281,2.49528,2.44602
8,3.78386,2.30379,2.30379,2.54397,2.49461
8,3.812,2.31907,2.31907,2.55843,2.50906
8,3.87486,2.3518,2.3518,2.58922,2.53983
8,3.96,2.39308,2.39308,2.62777,2.57841
8,3.96804,2.3968,2.3968,2.63123,2.58188
8,4,2.41131,2.41131,2.6447,2.59539
8,4.06346,2.43874,2.43874,2.67016,2.62094
8,4.108,2.45691,2.45691,2.68703,2.63789
8,4.16118,2.47748,2.47748,2.70613,2.65713
8,4.256,2.51114,2.51114,2.73754,2.68884
8,4.26125,2.51289,2.51289,2.73919,2.6905
8,4.36372,2.54481,2.54481,2.76935,2.7211
8,4.404,2.55616,2.55616,2.78022,2.73219
8,4.46866,2.573,2.573,2.79658,2.74892
8,4.5,2.58056,2.58056,2.80403,2.75656
8,4.552,2.59222,2.59222,2.81569,2.76858
8,4.57612,2.59727,2.59727,2.82081,2.77389
8,4.68617,2.61738,2.61738,2.84198,2.79597
8,4.7,2.61957,2.61957,2.84439,2.7985
8,4.79886,2.63312,2.63312,2.85992,2.81504
8,4.848,2.6385,2.6385,2.86664,2.82227
8,4.91426,2.64434,2.64434,2.87465,2.83102
8,4.996,2.64939,2.64939,2.88285,2.84028
8,5,2.64958,2.64958,2.88321,2.84069
8,5.03244,2.65089,2.65089,2.88598,2.84387
8,5.144,2.65275,2.65275,2.89338,2.85283
8,5.15346,2.65273,2.65273,2.89387,2.85346
8,5.27739,2.64984,2.64984,2.89832,2.8598
8,5.292,2.64921,2.64921,2.89861,2.86031
8,5.4043,2.64234,2.64234,2.89926,2.86274
8,5.44,2.63946,2.63946,2.8989,2.86299
8,5.5,2.63392,2.63392,2.89772,2.86281
8,5.53426,2.63037,2.63037,2.89672,2.86237
8,5.588,2.62429,2.62429,2.89471,2.86126
8,5.66735,2.61419,2.61419,2.89076,2.85871
8,5.736,2.60447,2.60447,2.88646,2.85564
8,5.80364,2.59407,2.59407,2.88146,2.85186
8,5.884,2.58076,2.58076,2.8746,2.84646
8,5.94321,2.57035,2.57035,2.86893,2.84188
8,6,2.55993,2.55993,2.86303,2.83704
8,6.032,2.55388,2.55388,2.8595,2.83412
8,6.08613,2.54339,2.54339,2.85324,2.82889
8,6.18,2.52447,2.52447,2.84151,2.81897
8,6.23249,2.51353,2.51353,2.83449,2.81298
8,6.328,2.49292,2.49292,2.8209,2.80132
8,6.38236,2.48076,2.48076,2.81273,2.79425
8,6.476,2.45884,2.45884,2.79792,2.7814
8,6.5,2.45301,2.45301,2.79398,2.77797
8,6.53585,2.44415,2.44415,2.78799,2.77275
8,6.624,2.42155,2.42155,2.77274,2.75941
8,6.69302,2.40307,2.40307,2.76028,2.74848
8,6.772,2.38107,2.38107,2.74549,2.73549
8,6.85397,2.35728,2.35728,2.72954,2.72145
8,6.92,2.33741,2.33741,2.71627,2.70974
8,7,2.31249,2.31249,2.69967,2.69509
8,7.0188,2.3065,2.3065,2.69569,2.69158
8,7.068,2.29056,2.29056,2.68513,2.68224
8,7.18758,2.25036,2.25036,2.65857,2.65874
8,7.216,2.2405,2.2405,2.65208,2.65299
8,7.36043,2.18848,2.18848,2.61797,2.62279
8,7.364,2.18715,2.18715,2.61711,2.62202
8,7.5,2.13519,2.13519,2.58325,2.59201
8,7.512,2.13046,2.13046,2.58018,2.58929
8,7.53743,2.12038,2.12038,2.57364,2.58349
8,7.66,2.07036,2.07036,2.54126,2.55478
8,7.71869,2.04556,2.04556,2.52525,2.54059
8,7.808,2.00676,2.00676,2.50027,2.51843
8,7.90431,1.96344,1.96344,2.47245,2.49377
8,7.956,1.93957,1.93957,2.45714,2.4802
8,8,1.91889,1.91889,2.4439,2.46846
8,8.09439,1.87344,1.87344,2.41482,2.44268
8,8.104,1.86874,1.86874,2.4118,2.44001
8,8.252,1.79424,1.79424,2.36417,2.39779
8,8.28905,1.77502,1.77502,2.35187,2.38689
8,8.4,1.71609,1.71609,2.31414,2.35346
8,8.48838,1.66772,1.66772,2.28309,2.32595
8,8.5,1.66127,1.66127,2.27894,2.32227
8,8.548,1.63439,1.63439,2.26164,2.30694
8,8.69251,1.55138,1.55138,2.2079,2.25931
8,8.696,1.54933,1.54933,2.20657,2.25813
8,8.844,1.46122,1.46122,2.14885,2.20696
8,8.90155,1.42624,1.42624,2.12568,2.18641
8,8.992,1.37051,1.37051,2.08841,2.15335
8,9,1.36555,1.36555,2.08506,2.15038
8,9.11561,1.29319,1.29319,2.03577,2.10663
8,9.14,1.27781,1.27781,2.02515,2.0972
8,9.288,1.18392,1.18392,1.95904,2.03845
8,9.33482,1.15411,1.15411,1.93754,2.01931
8,9.436,1.08947,1.08947,1.89009,1.97703
8,9.5,1.04862,1.04862,1.85939,1.94963
8,9.5593,1.01074,1.01074,1.83046,1.92378
8,9.584,0.995007,0.995007,1.81828,1.91289
8,9.732,0.901497,0.901497,1.7436,1.84604
8,9.78919,0.866044,0.866044,1.71399,1.81948
8,9.88,0.810884,0.810884,1.66619,1.77648
8,10,0.740371,0.740371,1.60198,1.71811
8,10.0246,0.72622,0.72622,1.5887,1.70593
8,10.028,0.724269,0.724269,1.58686,1.70424
8,10.176,0.641497,0.641497,1.50588,1.62939
8,10.2657,0.593593,0.593593,1.45575,1.58291
8,10.324,0.563395,0.563395,1.42263,1.55235
8,10.472,0.490302,0.490302,1.33842,1.47398
8,10.5,0.47705,0.47705,1.32275,1.45898
8,10.5125,0.471178,0.471178,1.31575,1.45225
8,10.62,0.422387,0.422387,1.25597,1.39401
8,10.7653,0.360688,0.360688,1.17438,1.31401
8,10.768,0.359603,0.359603,1.17289,1.31254
8,10.916,0.301769,0.301769,1.09222,1.23227
8,11,0.271061,0.271061,1.04866,1.18743
8,11.0242,0.262486,0.262486,1.03645,1.17446
8,11.064,0.248669,0.248669,1.01674,1.1531
8,11.212,0.199905,0.199905,0.947294,1.07426
8,11.2893,0.176045,0.176045,0.913373,1.03474
8,11.36,0.155264,0.155264,0.883449,0.999844
8,11.5,0.116117,0.116117,0.827779,0.934891
8,11.508,0.11393,0.11393,0.824849,0.931356
8,11.5608,0.0997223,0.0997223,0.806078,0.908483
8,11.656,0.075669,0.075669,0.773966,0.869134
8,11.804,0.0414317,0.0414317,0.728579,0.811519
8,11.8388,0.0334393,0.0334393,0.718781,0.798633
8,11.952,0.00833183,0.00833183,0.688164,0.760315
8,12,0,0,0.676177,0.745186
8,12.1,0,0,0.652867,0.715098
8,12.1235,0,0,0.647682,0.708373
8,12.248,0,0,0.62232,0.675254
8,12.396,0,0,0.595196,0.63956
8,12.4151,0,0,0.591974,0.635314
8,12.5,0,0,0.578268,0.617322
8,12.544,0,0,0.571556,0.608514
8,12.692,0,0,0.550667,0.581689
8,12.7136,0,0,0.547782,0.577976
8,12.84,0,0,0.532236,0.557471
8,12.988,0,0,0.515882,0.536401
8,13,0,0,0.514631,0.534804
8,13.0194,0,0,0.512634,0.532261
8,13.136,0,0,0.501151,0.517507
8,13.284,0,0,0.487713,0.500624
8,13.3325,0,0,0.483553,0.495583
8,13.432,0,0,0.475333,0.485764
8,13.5,0,0,0.469927,0.479395
8,13.58,0,0,0.463764,0.472211
8,13.6531,0,0,0.458288,0.465744
8,13.728,0,0,0.452787,0.459497
8,13.876,0,0,0.442245,0.447844
8,13.9814,0,0,0.434937,0.43992
8,14,0,0,0.43366,0.438549
8,14.024,0,0,0.432017,0.436792
8,14.172,0,0,0.421956,0.426191
8,14.3176,0,0,0.41208,0.416058
8,14.32,0,0,0.411919,0.415895
8,14.468,0,0,0.401824,0.405886
8,14.5,0,0,0.399661,0.403744
8,14.616,0,0,0.391974,0.395993
8,14.6619,0,0,0.388979,0.392923
8,14.764,0,0,0.382027,0.386113
8,14.912,0,0,0.37186,0.376257
8,15,0,0,0.366118,0.370388
8,15.0145,0,0,0.365142,0.369418
8,15.06,0,0,0.362002,0.366376
8,15.208,0,0,0.351483,0.356462
8,15.356,0,0,0.340953,0.346511
8,15.3756,0,0,0.339561,0.345166
8,15.5,0,0,0.330581,0.336291
8,15.504,0,0,0.330288,0.335994
8,15.652,0,0,0.319432,0.325399
8,15.7453,0,0,0.312441,0.319027
8,15.8,0,0,0.308284,0.31511
8,15.948,0,0,0.297377,0.304214
8,16,0,0,0.293601,0.300369
8,16.096,0,0,0.285843,0.293307
8,16.124,0,0,0.283483,0.291237
8,16.244,0,0,0.273902,0.282186
8,16.392,0,0,0.262597,0.270706
8,16.5,0,0,0.253234,0.26226
8,16.5117,0,0,0.252249,0.261338
8,16.54,0,0,0.249924,0.259105
8,16.688,0,0,0.238316,0.247387
8,16.836,0,0,0.225614,0.236229
8,16.9088,0,0,0.219402,0.230208
8,16.984,0,0,0.212866,0.223942
8,17,0,0,0.211482,0.222635
8,17.132,0,0,0.200667,0.212066
8,17.28,0,0,0.187864,0.199898
8,17.3154,0,0,0.184823,0.196791
8,17.428,0,0,0.174819,0.187155
8,17.5,0,0,0.168641,0.181162
8,17.576,0,0,0.161933,0.174777
8,17.724,0,0,0.148789,0.161902
8,17.7318,0,0,0.148089,0.161231
8,17.872,0,0,0.135485,0.149311
8,18,0,0,0.123859,0.138139
8,18.02,0,0,0.122033,0.136402
8,18.1582,0,0,0.109349,0.124255
8,18.168,0,0,0.108449,0.123395
8,18.316,0,0,0.0947608,0.110229
8,18.464,0,0,0.0809956,0.0967654
8,18.5,0,0,0.0776011,0.0934458
8,18.5949,0,0,0.068562,0.0852029
8,18.612,0,0,0.0669344,0.0836447
8,18.76,0,0,0.0529605,0.0700973
8,18.908,0,0,0.0389577,0.0564406
8,19,0,0,0.0301372,0.0479486
8,19.0421,0,0,0.0260595,0.0439397
8,19.056,0,0,0.0247042,0.0426331
8,19.204,0,0,0.0102214,0.028882
8,19.352,0,0,0,0.0149401
8,19.5,0,0,0,0.00121894
9,1,0,0,0,0
9,1.02316,0,0,0,0
9,1.04686,0,0,0,0
9,1.07111,0,0,0,0
9,1.09592,0,0,0,0
9,1.1213,0,0,0,0
9,1.132,0,0,0,0
9,1.14727,0,0,0,0
9,1.17384,0,0,0,0
9,1.20103,0,0,0,0
9,1.22885,0,0,0,0
9,1.25731,0,0,0,0
9,1.264,0,0,0,0
9,1.28643,0,0,0,0
9,1.31623,0,0,0,0
9,1.34672,0,0,0,0
9,1.37791,0,0,0,0
9,1.396,0,0,0,0
9,1.40982,0,0,0,0
9,1.44248,0,0,0,0
9,1.47589,0,0,0,0
9,1.5,0,0,0,0
9,1.51007,0,0,0,0
9,1.528,0,0,0,0
9,1.54505,0,0,0,0
9,1.58083,0,0,0,0
9,1.61745,0,0,0,0
9,1.65491,0,0,0,0
9,1.66,0,0,0,0
9,1.69324,0,0,0,0
9,1.73246,0,0,0,0
9,1.77259,0,0,0,0
9,1.792,0,0,0,0
9,1.81364,0,0,0,0
9,1.85565,0,0,0,0
9,1.89863,0,0,0.119768,0.154345
9,1.924,0,0,0.23113,0.270264
9,1.94261,0,0,0.307004,0.34906
9,1.9876,0,0,0.47332,0.521284
9,2,0,0,0.515433,0.564786
9,2.03364,0,0,0.62274,0.675447
9,2.056,0,0,0.689053,0.743698
9,2.08074,0,0,0.758274,0.814843
9,2.12893,0,0,0.882018,0.941948
9,2.17824,0,0,0.995716,1.05849
9,2.188,0,0,1.01688,1.08014
9,2.2287,0,0,1.10095,1.16601
9,2.28032,0.164232,0.164232,1.19884,1.26583
9,2.32,0.309246,0.309246,1.26781,1.33644
9,2.33313,0.354258,0.354258,1.28959,1.3587
9,2.38717,0.52599,0.52599,1.37415,1.44542
9,2.44246,0.682416,0.682416,1.45365,1.52702
9,2.452,0.707695,0.707695,1.46676,1.54042
9,2.49903,0.825905,0.825905,1.52931,1.60346
9,2.5,0.828227,0.828227,1.53056,1.6047
9,2.55692,0.958326,0.958326,1.60099,1.67522
9,2.584,1.01593,1.01593,1.63255,1.70685
9,2.61614,1.08114,1.08114,1.66846,1.74299
9,2.67673,1.19533,1.19533,1.73202,1.80719
9,2.716,1.26407,1.26407,1.77059,1.84629
9,2.73873,1.30211,1.30211,1.79204,1.86808
9,2.80216,1.40215,1.40215,1.84885,1.92588
9,2.848,1.46933,1.46933,1.8873,1.96506
9,2.86707,1.49613,1.49613,1.90271,1.98076
9,2.93347,1.58463,1.58463,1.9538,2.03296
9,2.98,1.64255,1.64255,1.98741,2.0675
9,3,1.6665,1.6665,2.00133,2.08181
9,3.00142,1.66818,1.66818,2.00231,2.08281
9,3.07094,1.74718,1.74718,2.04836,2.12993
9,3.112,1.79095,1.79095,2.074,2.15626
9,3.14207,1.82171,1.82171,2.09207,2.17484
9,3.21484,1.89235,1.89235,2.13358,2.21735
9,3.244,1.91922,1.91922,2.14936,2.23345
9,3.2893,1.95941,1.95941,2.17291,2.25743
9,3.36549,2.02316,2.02316,2.21002,2.29512
9,3.376,2.0316,2.0316,2.2149,2.30007
9,3.44344,2.08387,2.08387,2.2449,2.3304
9,3.5,2.12529,2.12529,2.26834,2.35402
9,3.508,2.13098,2.13098,2.27153,2.35723
9,3.5232,2.14167,2.14167,2.27751,2.36324
9,3.6048,2.19663,2.19663,2.30783,2.39358
9,3.64,2.2191,2.2191,2.31999,2.40568
9,3.68829,2.24878,2.24878,2.33578,2.42135
9,3.772,2.29722,2.29722,2.3608,2.44597
9,3.77372,2.29818,2.29818,2.36128,2.44645
9,3.86113,2.34481,2.34481,2.3842,2.46875
9,3.904,2.36632,2.36632,2.39431,2.47847
9,3.95056,2.38867,2.38867,2.40444,2.48813
9,4,2.4113,2.4113,2.41425,2.49738
9,4.036,2.42709,2.42709,2.42079,2.50347
9,4.04206,2.42969,2.42969,2.42185,2.50444
9,4.13568,2.46776,2.46776,2.43631,2.51758
9,4.168,2.48003,2.48003,2.44052,2.5213
9,4.23147,2.5028,2.5028,2.44768,2.52743
9,4.3,2.52547,2.52547,2.45376,2.53235
9,4.32948,2.53462,2.53462,2.45586,2.53393
9,4.42976,2.56307,2.56307,2.46077,2.53705
9,4.432,2.56366,2.56366,2.46084,2.53708
9,4.5,2.58055,2.58055,2.46221,2.53724
9,4.53236,2.58794,2.58794,2.46234,2.5368
9,4.564,2.59476,2.59476,2.46215,2.53606
9,4.63733,2.60903,2.60903,2.46054,2.53324
9,4.696,2.61894,2.61894,2.45812,2.52992
9,4.74474,2.62616,2.62616,2.45539,2.52649
9,4.828,2.63642,2.63642,2.44927,2.51931
9,4.85464,2.63916,2.63916,2.44696,2.51669
9,4.96,2.64745,2.64745,2.43615,2.50491
9,4.96708,2.64787,2.64787,2.43534,2.50404
9,5,2.64958,2.64958,2.43142,2.49989
9,5.08213,2.65222,2.65222,2.42068,2.48875
9,5.092,2.65239,2.65239,2.41931,2.48735
9,5.19984,2.65218,2.65218,2.40319,2.47107
9,5.224,2.65164,2.65164,2.39933,2.46722
9,5.32028,2.6478,2.6478,2.38307,2.45123
9,5.356,2.64571,2.64571,2.3767,2.44505
9,5.4435,2.63916,2.63916,2.3604,2.42944
9,5.488,2.6351,2.6351,2.35175,2.42121
9,5.5,2.63392,2.63392,2.34938,2.41896
9,5.56958,2.62644,2.62644,2.33531,2.40561
9,5.62,2.62037,2.62037,2.32473,2.39558
9,5.69859,2.60987,2.60987,2.30749,2.3793
9,5.752,2.60208,2.60208,2.29517,2.3678
9,5.83058,2.58972,2.58972,2.27622,2.35028
9,5.884,2.58076,2.58076,2.26277,2.33795
9,5.96562,2.56629,2.56629,2.24139,2.31849
9,6,2.55993,2.55993,2.23209,2.31007
9,6.016,2.55692,2.55692,2.2277,2.3061
9,6.1038,2.5399,2.5399,2.20294,2.28384
9,6.148,2.53101,2.53101,2.19005,2.27231
9,6.24517,2.51085,2.51085,2.16068,2.24622
9,6.28,2.5034,2.5034,2.14982,2.23662
9,6.38982,2.47906,2.47906,2.11446,2.20548
9,6.412,2.47396,2.47396,2.10711,2.19903
9,6.5,2.45301,2.45301,2.07725,2.17292
9,6.53782,2.44365,2.44365,2.06408,2.16143
9,6.544,2.4421,2.4421,2.06191,2.15954
9,6.676,2.40769,2.40769,2.0142,2.11812
9,6.68925,2.4041,2.4041,2.00927,2.11386
9,6.808,2.37075,2.37075,1.96398,2.07474
9,6.84418,2.36018,2.36018,1.94977,2.0625
9,6.94,2.33127,2.33127,1.91122,2.02936
9,7,2.31249,2.31249,1.88639,2.00807
9,7.00271,2.31163,2.31163,1.88526,2.0071
9,7.072,2.28925,2.28925,1.85588,1.98195
9,7.1649,2.25815,2.25815,1.81538,1.94734
9,7.204,2.24468,2.24468,1.79795,1.93246
9,7.33085,2.1994,2.1994,1.73983,1.88292
9,7.336,2.19751,2.19751,1.73742,1.88087
9,7.468,2.1477,2.1477,1.67429,1.82715
9,7.5,2.13521,2.13521,1.6586,1.81381
9,7.50065,2.13496,2.13496,1.65828,1.81354
9,7.6,2.09517,2.09517,1.6086,1.7713
9,7.67438,2.06435,2.06435,1.57049,1.7389
9,7.732,2.03987,2.03987,1.54043,1.71334
9,7.85213,1.9871,1.9871,1.47633,1.65877
9,7.864,1.98176,1.98176,1.46989,1.65329
9,7.996,1.92078,1.92078,1.39719,1.59125
9,8,1.91889,1.91889,1.39495,1.58934
9,8.034,1.90269,1.90269,1.37589,1.57302
9,8.128,1.8569,1.8569,1.32257,1.52728
9,8.22008,1.81061,1.81061,1.26959,1.48164
9,8.26,1.7901,1.7901,1.24643,1.46158
9,8.392,1.7204,1.7204,1.16922,1.39441
9,8.41047,1.71042,1.71042,1.15837,1.3849
9,8.5,1.66125,1.66125,1.10571,1.33847
9,8.524,1.64786,1.64786,1.09158,1.32597
9,8.60527,1.60184,1.60184,1.04381,1.28344
9,8.656,1.5726,1.5726,1.01414,1.25672
9,8.788,1.49482,1.49482,0.937709,1.18715
9,8.80459,1.48488,1.48488,0.928213,1.17841
9,8.92,1.41479,1.41479,0.863493,1.11767
9,9,1.36534,1.36534,0.819736,1.076
9,9.00852,1.36004,1.36004,0.815123,1.07159
9,9.052,1.33284,1.33284,0.791773,1.04907
9,9.184,1.24929,1.24929,0.723097,0.981902
9,9.21717,1.22807,1.22807,0.70626,0.965347
9,9.316,1.16463,1.16463,0.658539,0.916693
9,9.43065,1.09096,1.09096,0.605811,0.862087
9,9.448,1.07984,1.07984,0.598117,0.854029
9,9.5,1.04656,1.04656,0.575685,0.830216
9,9.58,0.99547,0.99547,0.542607,0.794656
9,9.64909,0.951603,0.951603,0.515294,0.765084
9,9.712,0.911991,0.911991,0.491526,0.739054
9,9.844,0.83032,0.83032,0.444969,0.686998
9,9.87257,0.812954,0.812954,0.435458,0.676247
9,9.976,0.751185,0.751185,0.40263,0.63901
9,10,0.737124,0.737124,0.395371,0.630756
9,10.1012,0.67908,0.67908,0.366111,0.597458
9,10.108,0.675279,0.675279,0.364237,0.595322
9,10.24,0.603088,0.603088,0.329478,0.555542
9,10.3352,0.553501,0.553501,0.306419,0.529135
9,10.372,0.53493,0.53493,0.297941,0.51941
9,10.5,0.472898,0.472898,0.270239,0.487364
9,10.504,0.471026,0.471026,0.269415,0.486402
9,10.5746,0.43862,0.43862,0.255225,0.469752
9,10.636,0.411371,0.411371,0.243469,0.45591
9,10.768,0.355872,0.355872,0.219973,0.428544
9,10.8195,0.335476,0.335476,0.211327,0.418621
9,10.9,0.304715,0.304715,0.198422,0.403929
9,11,0.267802,0.267802,0.1834,0.387026
9,11.032,0.256465,0.256465,0.178726,0.38188
9,11.0701,0.243462,0.243462,0.173192,0.375881
9,11.164,0.213793,0.213793,0.160066,0.36178
9,11.296,0.172654,0.172654,0.143151,0.343785
9,11.3265,0.163505,0.163505,0.139387,0.339933
9,11.428,0.134336,0.134336,0.12761,0.327924
9,11.5,0.11474,0.11474,0.119965,0.32006
9,11.56,0.0989219,0.0989219,0.113438,0.313602
9,11.5889,0.0915032,0.0915032,0.110154,0.310446
9,11.692,0.0660725,0.0660725,0.0985154,0.29915
9,11.824,0.0353582,0.0353582,0.0844107,0.285562
9,11.8573,0.0278117,0.0278117,0.0809624,0.282443
9,11.956,0.0056506,0.0056506,0.0707716,0.273628
9,12,0,0,0.0663435,0.269764
9,12.088,0,0,0.0583118,0.262015
9,12.1319,0,0,0.0543167,0.258086
9,12.22,0,0,0.045868,0.250346
9,12.352,0,0,0.0326305,0.239305
9,12.4129,0,0,0.0269904,0.234257
9,12.484,0,0,0.0202894,0.228426
9,12.5,0,0,0.018727,0.227126
9,12.616,0,0,0.0072483,0.217736
9,12.7004,0,0,0,0.210891
9,12.748,0,0,0,0.207044
9,12.88,0,0,0,0.196373
9,12.9946,0,0,0,0.187031
9,13,0,0,0,0.186587
9,13.012,0,0,0,0.185607
9,13.144,0,0,0,0.174768
9,13.276,0,0,0,0.16374
9,13.2956,0,0,0,0.162079
9,13.408,0,0,0,0.152067
9,13.5,0,0,0,0.143676
9,13.54,0,0,0,0.140387
9,13.6035,0,0,0,0.135448
9,13.672,0,0,0,0.12976
9,13.804,0,0,0,0.117563
9,13.9186,0,0,0,0.106867
9,13.936,0,0,0,0.105335
9,14,0,0,0,0.0997484
9,14.068,0,0,0,0.093645
9,14.2,0,0,0,0.0814686
9,14.241,0,0,0,0.0776939
9,14.332,0,0,0,0.0690199
9,14.464,0,0,0,0.0552937
9,14.5,0,0,0,0.0517116
9,14.5708,0,0,0,0.0446329
9,14.596,0,0,0,0.0420683
9,14.728,0,0,0,0.0284636
9,14.86,0,0,0,0.0146727
9,14.9083,0,0,0,0.00956409
9,14.992,0,0,0,0.000641194
9,15,0,0,0,0
9,15.124,0,0,0,0
9,15.2536,0,0,0,0
9,15.256,0,0,0,0
9,15.388,0,0,0,0
9,15.5,0,0,0,0
9,15.52,0,0,0,0
9,15.6069,0,0,0,0
9,15.652,0,0,0,0
9,15.784,0,0,0,0
9,15.916,0,0,0,0
9,15.9684,0,0,0,0
9,16,0,0,0,0
9,16.048,0,0,0,0
9,16.18,0,0,0,0
9,16.312,0,0,0,0
9,16.3382,0,0,0,0
9,16.444,0,0,0,0
9,16.5,0,0,0,0
9,16.576,0,0,0,0
9,16.708,0,0,0,0
9,16.7167,0,0,0,0
9,16.84,0,0,0,0
9,16.972,0,0,0,0
9,17,0,0,0,0
9,17.1038,0,0,0,0
9,17.104,0,0,0,0
9,17.236,0,0,0,0
9,17.368,0,0,0,0
9,17.5,0,0,0,0
10,1,0,0,0,0
10,1.02268,0,0,0,0
10,1.04587,0,0,0,0
10,1.0696,0,0,0,0
10,1.09385,0,0,0,0
10,1.11866,0,0,0,0
10,1.124,0,0,0,0
10,1.14403,0,0,0,0
10,1.16998,0,0,0,0
10,1.19652,0,0,0,0
10,1.22365,0,0,0,0
10,1.248,0,0,0,0
10,1.25141,0,0,0,0
10,1.27979,0,0,0,0
10,1.30882,0,0,0,0
10,1.3385,0,0,0,0
10,1.36886,0,0,0,0
10,1.372,0,0,0,0
10,1.3999,0,0,0,0
10,1.43165,0,0,0,0
10,1.46412,0,0,0,0
10,1.496,0,0,0.315433,0.154652
10,1.49733,0,0,0.330512,0.171815
10,1.5,0,0,0.360261,0.205615
10,1.53129,0,0,0.666974,0.549624
10,1.56602,0,0,0.939709,0.849659
10,1.60154,0,0,1.16836,1.09753
10,1.62,0,0,1.27218,1.20933
10,1.63786,0,0,1.36465,1.30858
10,1.67501,0,0,1.53611,1.49182
10,1.713,0,0,1.68803,1.65331
10,1.744,0,0,1.79786,1.76973
10,1.75185,0,0,1.82393,1.79736
10,1.79158,0,0,1.94666,1.927
10,1.83222,0,0,2.05831,2.04457
10,1.868,0,0,2.14679,2.13769
10,1.87377,0,0,2.1603,2.15191
10,1.91627,0,0,2.2541,2.25044
10,1.95973,0,0,2.34071,2.34125
10,1.992,0,0,2.39975,2.40305
10,2,0,0,2.41375,2.4177
10,2.00418,0,0,2.42096,2.42525
10,2.04963,0,0,2.49543,2.50313
10,2.09612,0,0,2.56464,2.57551
10,2.116,0,0,2.59233,2.60444
10,2.14366,0,0,2.62907,2.64283
10,2.19228,0,0,2.68904,2.7055
10,2.24,0.000976894,0.000976894,2.74271,2.76158
10,2.242,0.00949498,0.00949498,2.74486,2.76382
10,2.29285,0.211578,0.211578,2.79674,2.81803
10,2.34485,0.393278,0.393278,2.84482,2.86831
10,2.364,0.454849,0.454849,2.86134,2.8856
10,2.39803,0.558137,0.558137,2.88923,2.91476
10,2.45242,0.708799,0.708799,2.93002,2.95745
10,2.488,0.799081,0.799081,2.95431,2.98287
10,2.5,0.828228,0.828228,2.96209,2.99102
10,2.50804,0.8474,0.8474,2.96719,2.99635
10,2.56492,0.975637,0.975637,3.00071,3.03143
10,2.612,1.07294,1.07294,3.02515,3.057
10,2.6231,1.09479,1.09479,3.03048,3.06259
10,2.68259,1.20583,1.20583,3.0564,3.08969
10,2.736,1.29761,1.29761,3.0759,3.11005
10,2.74343,1.30983,1.30983,3.07833,3.1126
10,2.80565,1.40741,1.40741,3.09607,3.13123
10,2.86,1.48627,1.48627,3.10785,3.1436
10,2.86929,1.4992,1.4992,3.10952,3.14535
10,2.93436,1.58577,1.58577,3.11844,3.15467
10,2.984,1.64738,1.64738,3.12212,3.15845
10,3,1.6665,1.6665,3.12275,3.15907
10,3.00092,1.66758,1.66758,3.12277,3.1591
10,3.06898,1.74504,1.74504,3.12229,3.15843
10,3.108,1.78678,1.78678,3.11992,3.15579
10,3.13858,1.8182,1.8182,3.11707,3.15273
10,3.20977,1.88761,1.88761,3.10693,3.14215
10,3.232,1.90827,1.90827,3.10284,3.13784
10,3.28256,1.95357,1.95357,3.09198,3.12631
10,3.356,2.01549,2.01549,3.07247,3.10573
10,3.35701,2.01632,2.01632,3.07218,3.10542
10,3.43315,2.07614,2.07614,3.04778,3.07997
10,3.48,2.11092,2.11092,3.03081,3.06243
10,3.5,2.12533,2.12533,3.02315,3.05458
10,3.51102,2.13315,2.13315,3.01883,3.05016
10,3.59065,2.18743,2.18743,2.98554,3.01636
10,3.604,2.19615,2.19615,2.97963,3.0104
10,3.67208,2.239,2.239,2.94815,2.97873
10,3.728,2.27226,2.27226,2.92074,2.9513
10,3.75537,2.28793,2.28793,2.90686,2.93745
10,3.84054,2.3342,2.3342,2.86193,2.89277
10,3.852,2.34015,2.34015,2.8557,2.88659
10,3.92764,2.37783,2.37783,2.81362,2.84492
10,3.976,2.40048,2.40048,2.78594,2.81757
10,4,2.41133,2.41133,2.772,2.80381
10,4.01672,2.41874,2.41874,2.76221,2.79416
10,4.1,2.45374,2.45374,2.71271,2.74542
10,4.10782,2.45686,2.45686,2.708,2.74078
10,4.20099,2.4921,2.4921,2.65131,2.68509
10,4.224,2.50023,2.50023,2.63718,2.67121
10,4.29627,2.52431,2.52431,2.59254,2.62741
10,4.348,2.54021,2.54021,2.56046,2.59595
10,4.39371,2.55334,2.55334,2.5321,2.56815
10,4.472,2.57384,2.57384,2.48366,2.52065
10,4.49336,2.579,2.579,2.47051,2.50774
10,4.5,2.58057,2.58057,2.46643,2.50373
10,4.59527,2.60112,2.60112,2.40831,2.44667
10,4.596,2.60126,2.60126,2.40787,2.44624
10,4.69949,2.6195,2.6195,2.34616,2.38553
10,4.72,2.62262,2.62262,2.33416,2.37371
10,4.80608,2.63398,2.63398,2.28482,2.32498
10,4.844,2.6381,2.6381,2.26366,2.30404
10,4.91508,2.6444,2.6444,2.2251,2.26579
10,4.968,2.64793,2.64793,2.1974,2.23826
10,5,2.64958,2.64958,2.18111,2.22201
10,5.02656,2.65069,2.65069,2.16787,2.20877
10,5.092,2.65239,2.65239,2.13635,2.17718
10,5.14056,2.65276,2.65276,2.11404,2.15469
10,5.216,2.65185,2.65185,2.08129,2.12155
10,5.25715,2.65063,2.65063,2.06443,2.10449
10,5.34,2.64669,2.64669,2.03276,2.07219
10,5.37639,2.64436,2.64436,2.0198,2.05889
10,5.464,2.63735,2.63735,1.99106,2.0291
10,5.49832,2.63409,2.63409,1.98072,2.01834
10,5.5,2.63392,2.63392,1.98023,2.01783
10,5.588,2.62429,2.62429,1.9562,1.99288
10,5.62303,2.61999,2.61999,1.94757,1.98392
10,5.712,2.60796,2.60796,1.92805,1.96326
10,5.75056,2.60229,2.60229,1.92061,1.95517
10,5.836,2.58883,2.58883,1.90624,1.93935
10,5.88098,2.58127,2.58127,1.89982,1.93239
10,5.96,2.56731,2.56731,1.89039,1.92233
10,6,2.55993,2.55993,1.88647,1.91801
10,6.01436,2.55722,2.55722,1.88519,1.91655
10,6.084,2.5438,2.5438,1.87996,1.91006
10,6.15077,2.53045,2.53045,1.87643,1.90536
10,6.208,2.51866,2.51866,1.8745,1.90279
10,6.29027,2.50117,2.50117,1.87335,1.9008
10,6.332,2.49204,2.49204,1.87345,1.90041
10,6.43294,2.46909,2.46909,1.87549,1.90124
10,6.456,2.46364,2.46364,1.87627,1.90175
10,6.5,2.45302,2.45302,1.87801,1.90307
10,6.57884,2.43327,2.43327,1.8816,1.90612
10,6.58,2.43298,2.43298,1.88165,1.90616
10,6.704,2.40007,2.40007,1.88606,1.91036
10,6.72805,2.39343,2.39343,1.88658,1.9108
10,6.828,2.36492,2.36492,1.88764,1.91144
10,6.88064,2.34933,2.34933,1.88757,1.91128
10,6.952,2.32755,2.32755,1.88693,1.91068
10,7,2.31248,2.31248,1.88611,1.91006
10,7.0367,2.30073,2.30073,1.88522,1.9094
10,7.076,2.28793,2.28793,1.88408,1.90848
10,7.19629,2.24735,2.24735,1.88011,1.90475
10,7.2,2.24606,2.24606,1.87997,1.90462
10,7.324,2.2019,2.2019,1.87417,1.89942
10,7.3595,2.18883,2.18883,1.87204,1.89765
10,7.448,2.15541,2.15541,1.86638,1.89272
10,7.5,2.13521,2.13521,1.86277,1.88947
10,7.52642,2.12478,2.12478,1.86082,1.88772
10,7.572,2.10654,2.10654,1.85726,1.88456
10,7.696,2.05524,2.05524,1.84679,1.87554
10,7.69712,2.05476,2.05476,1.84669,1.87545
10,7.82,2.00146,2.00146,1.83515,1.86469
10,7.87169,1.9783,1.9783,1.83003,1.85946
10,7.944,1.94515,1.94515,1.82298,1.85214
10,8,1.91889,1.91889,1.81716,1.84633
10,8.05023,1.89488,1.89488,1.81104,1.84064
10,8.068,1.88629,1.88629,1.80866,1.83854
10,8.192,1.82485,1.82485,1.79183,1.82465
10,8.23281,1.80406,1.80406,1.78666,1.81975
10,8.316,1.76083,1.76083,1.77612,1.80972
10,8.41953,1.70544,1.70544,1.7611,1.79561
10,8.44,1.69428,1.69428,1.75803,1.79262
10,8.5,1.66118,1.66118,1.74913,1.78406
10,8.564,1.62526,1.62526,1.73991,1.77454
10,8.61049,1.59876,1.59876,1.7331,1.7679
10,8.688,1.55387,1.55387,1.72141,1.75671
10,8.80577,1.48405,1.48405,1.70172,1.73868
10,8.812,1.48031,1.48031,1.70061,1.73765
10,8.936,1.40478,1.40478,1.67895,1.71684
10,9,1.36515,1.36515,1.66798,1.7069
10,9.00549,1.36173,1.36173,1.667,1.70602
10,9.06,1.32764,1.32764,1.65714,1.69712
10,9.184,1.24926,1.24926,1.63522,1.6754
10,9.20974,1.23287,1.23287,1.6305,1.67075
10,9.308,1.17013,1.17013,1.61241,1.65315
10,9.41862,1.09938,1.09938,1.59158,1.63307
10,9.432,1.09082,1.09082,1.58907,1.63061
10,9.5,1.04745,1.04745,1.57616,1.61797
10,9.556,1.01193,1.01193,1.56513,1.60744
10,9.63223,0.963932,0.963932,1.54988,1.59289
10,9.68,0.934023,0.934023,1.54071,1.58368
10,9.804,0.85725,0.85725,1.51571,1.55948
10,9.8507,0.828821,0.828821,1.50622,1.55024
10,9.928,0.782503,0.782503,1.49021,1.53477
10,10,0.74013,0.74013,1.47526,1.52021
10,10.052,0.71016,0.71016,1.46433,1.50961
10,10.0741,0.697572,0.697572,1.45967,1.50506
10,10.176,0.640907,0.640907,1.43806,1.48387
10,10.3,0.574997,0.574997,1.41134,1.45773
10,10.3026,0.573657,0.573657,1.41078,1.45718
10,10.424,0.512721,0.512721,1.38434,1.43161
10,10.5,0.476367,0.476367,1.3676,1.41535
10,10.5363,0.459505,0.459505,1.35957,1.40747
10,10.548,0.454119,0.454119,1.35696,1.40491
10,10.672,0.399206,0.399206,1.32922,1.37779
10,10.7752,0.356227,0.356227,1.3059,1.355
10,10.796,0.347867,0.347867,1.3012,1.35038
10,10.92,0.299977,0.299977,1.27306,1.32269
10,11,0.27084,0.27084,1.25473,1.30441
10,11.0196,0.263888,0.263888,1.2502,1.29994
10,11.044,0.255348,0.255348,1.24454,1.29446
10,11.168,0.213787,0.213787,1.21544,1.26631
10,11.2695,0.181907,0.181907,1.19154,1.24286
10,11.292,0.17509,0.17509,1.18625,1.23764
10,11.416,0.139011,0.139011,1.15681,1.20872
10,11.5,0.115974,0.115974,1.13665,1.18909
10,11.5251,0.109289,0.109289,1.13067,1.18318
10,11.54,0.105376,0.105376,1.12715,1.17968
10,11.664,0.0738854,0.0738854,1.09712,1.1502
10,11.7865,0.0441174,0.0441174,1.06733,1.12086
10,11.788,0.0437651,0.0437651,1.06697,1.12051
10,11.912,0.0161417,0.0161417,1.03652,1.09046
10,12,0,0,1.01469,1.06915
10,12.036,0,0,1.00569,1.06047
10,12.0538,0,0,1.00123,1.05612
10,12.16,0,0,0.974771,1.02996
10,12.284,0,0,0.943673,0.999288
10,12.3272,0,0,0.93277,0.98855
10,12.408,0,0,0.912325,0.968517
10,12.5,0,0,0.888859,0.945535
10,12.532,0,0,0.880738,0.937521
10,12.6068,0,0,0.861691,0.918698
10,12.656,0,0,0.84904,0.906269
10,12.78,0,0,0.817103,0.87483
10,12.8927,0,0,0.787829,0.846057
10,12.904,0,0,0.784906,0.843177
10,13,0,0,0.759926,0.818575
10,13.028,0,0,0.752606,0.811355
10,13.152,0,0,0.720096,0.779362
10,13.1852,0,0,0.71133,0.770787
10,13.276,0,0,0.687383,0.747156
10,13.4,0,0,0.654544,0.714648
10,13.4842,0,0,0.632171,0.692612
10,13.5,0,0,0.62794,0.688502
10,13.524,0,0,0.621525,0.682224
10,13.648,0,0,0.58836,0.649471
10,13.772,0,0,0.554966,0.616368
10,13.79,0,0,0.550105,0.611561
10,13.896,0,0,0.52145,0.583285
10,14,0,0,0.493231,0.555436
10,14.02,0,0,0.487796,0.550087
10,14.1028,0,0,0.465151,0.527805
10,14.144,0,0,0.45391,0.516713
10,14.268,0,0,0.419913,0.483212
10,14.392,0,0,0.385922,0.449483
10,14.4226,0,0,0.377509,0.441161
10,14.5,0,0,0.356203,0.420154
10,14.516,0,0,0.351776,0.415774
10,14.64,0,0,0.31728,0.381685
10,14.7497,0,0,0.286729,0.351562
10,14.764,0,0,0.282742,0.34763
10,14.888,0,0,0.248094,0.313373
10,15,0,0,0.216788,0.282286
10,15.012,0,0,0.213418,0.27897
10,15.0843,0,0,0.193026,0.258863
10,15.136,0,0,0.178395,0.244392
10,15.26,0,0,0.143399,0.209798
10,15.384,0,0,0.108243,0.175006
10,15.4264,0,0,0.0962043,0.163083
10,15.5,0,0,0.0752214,0.142366
10,15.508,0,0,0.0729298,0.140112
10,15.632,0,0,0.0376093,0.105041
10,15.756,0,0,0.0021331,0.0700351
10,15.7763,0,0,0,0.0643057
10,15.88,0,0,0,0.0347655
10,16,0,0,0,0.000594758
10,16.004,0,0,0,0
10,16.128,0,0,0,0
10,16.1341,0,0,0,0
10,16.252,0,0,0,0
10,16.376,0,0,0,0
10,16.5,0,0,0,0
11,1,0,0,0,0
11,1.02217,0,0,0,0
11,1.04483,0,0,0,0
11,1.06799,0,0,0,0
11,1.09167,0,0,0,0
11,1.11587,0,0,0,0
11,1.116,0,0,0,0
11,1.14061,0,0,0,0
11,1.16589,0,0,0,0
11,1.19174,0,0,0,0
11,1.21816,0,0,0,0
11,1.232,0,0,0,0
11,1.24516,0,0,0,0
11,1.27277,0,0,0,0
11,1.30098,0,0,0,0
11,1.32983,0,0,0,0
11,1.348,0,0,0,0
11,1.35931,0,0,0,0
11,1.38944,0,0,0,0
11,1.42024,0,0,0,0
11,1.45173,0,0,0,0
11,1.464,0,0,0,0
11,1.48391,0,0,0,0
11,1.5,0,0,0,0
11,1.51681,0,0,0,0
11,1.55043,0,0,0,0
11,1.58,0,0,0,0
11,1.5848,0,0,0,0
11,1.61994,0,0,0,0
11,1.65585,0,0,0,0
11,1.69256,0,0,0,0
11,1.696,0,0,0,0
11,1.73008,0,0,0,0
11,1.76843,0,0,0,0
11,1.80764,0,0,0.408937,0.0835433
11,1.812,0,0,0.448797,0.140226
11,1.84771,0,0,0.723541,0.508342
11,1.88867,0,0,0.960623,0.804479
11,1.928,0,0,1.14015,1.01915
11,1.93054,0,0,1.15055,1.03132
11,1.97334,0,0,1.3083,1.21263
11,2,0,0,1.39315,1.30786
11,2.01709,0,0,1.44311,1.36338
11,2.044,0,0,1.51577,1.44357
11,2.0618,0,0,1.56027,1.49242
11,2.10751,0,0,1.66363,1.60509
11,2.15423,0,0,1.75595,1.70486
11,2.16,0,0,1.76656,1.71627
11,2.20199,0,0,1.83926,1.79421
11,2.25081,0.046474,0.046474,1.91505,1.87498
11,2.276,0.147572,0.147572,1.95103,1.91316
11,2.3007,0.240503,0.240503,1.98447,1.94856
11,2.35171,0.415629,0.415629,2.04843,2.01602
11,2.392,0.540373,0.540373,2.09468,2.06463
11,2.40384,0.575031,0.575031,2.10764,2.07822
11,2.45713,0.721105,0.721105,2.1627,2.13585
11,2.5,0.828226,0.828226,2.20353,2.17846
11,2.508,0.847299,0.847299,2.21084,2.18608
11,2.51161,0.855802,0.855802,2.21411,2.18948
11,2.56729,0.98069,0.98069,2.26226,2.23959
11,2.624,1.09655,1.09655,2.30737,2.28639
11,2.6242,1.09694,1.09694,2.30752,2.28654
11,2.68237,1.20544,1.20544,2.35016,2.33067
11,2.74,1.3042,1.3042,2.38923,2.37102
11,2.74184,1.30722,1.30722,2.39043,2.37226
11,2.80262,1.40285,1.40285,2.42853,2.41155
11,2.856,1.48065,1.48065,2.45972,2.44367
11,2.86475,1.49291,1.49291,2.46465,2.44875
11,2.92826,1.57794,1.57794,2.49896,2.48406
11,2.972,1.63281,1.63281,2.52121,2.50693
11,2.99318,1.65839,1.65839,2.53161,2.51762
11,3,1.6665,1.6665,2.53491,2.52101
11,3.05953,1.73465,1.73465,2.56272,2.54956
11,3.088,1.76562,1.76562,2.57542,2.56258
11,3.12736,1.8068,1.8068,2.59239,2.57997
11,3.19669,1.8752,1.8752,2.62069,2.60893
11,3.204,1.88214,1.88214,2.62356,2.61187
11,3.26756,1.94035,1.94035,2.64768,2.63655
11,3.32,1.98563,1.98563,2.66649,2.65582
11,3.34,2.00232,2.00232,2.67341,2.66293
11,3.41404,2.06145,2.06145,2.69796,2.68813
11,3.436,2.07823,2.07823,2.70493,2.69528
11,3.48973,2.1179,2.1179,2.7214,2.71219
11,3.5,2.12527,2.12527,2.72446,2.71533
11,3.552,2.16151,2.16151,2.73952,2.73076
11,3.56709,2.17171,2.17171,2.74377,2.7351
11,3.64617,2.22294,2.22294,2.76504,2.75685
11,3.668,2.23644,2.23644,2.77063,2.76258
11,3.727,2.27162,2.27162,2.78509,2.77745
11,3.784,2.30384,2.30384,2.79821,2.79099
11,3.80962,2.31777,2.31777,2.80384,2.79682
11,3.89408,2.3614,2.3614,2.82122,2.81495
11,3.9,2.36433,2.36433,2.82237,2.81616
11,3.9804,2.40244,2.40244,2.83734,2.83185
11,4,2.41128,2.41128,2.84078,2.83547
11,4.016,2.41837,2.41837,2.84354,2.83837
11,4.06865,2.44088,2.44088,2.85225,2.84756
11,4.132,2.46632,2.46632,2.86201,2.85788
11,4.15884,2.47658,2.47658,2.8659,2.86201
11,4.248,2.50843,2.50843,2.87777,2.87466
11,4.25104,2.50946,2.50946,2.87815,2.87507
11,4.34528,2.53937,2.53937,2.88888,2.88656
11,4.364,2.54487,2.54487,2.8908,2.88865
11,4.44161,2.56615,2.56615,2.89809,2.89663
11,4.48,2.57577,2.57577,2.90127,2.90019
11,4.5,2.58054,2.58054,2.90281,2.90193
11,4.54008,2.58963,2.58963,2.9057,2.90521
11,4.596,2.60124,2.60124,2.90928,2.90932
11,4.64072,2.60963,2.60963,2.91174,2.91221
11,4.712,2.62141,2.62141,2.91493,2.91616
11,4.7436,2.626,2.626,2.91605,2.91766
11,4.828,2.63641,2.63641,2.9182,2.92084
11,4.84876,2.63857,2.63857,2.91855,2.92145
11,4.944,2.64644,2.64644,2.91927,2.92335
11,4.95626,2.64722,2.64722,2.91925,2.9235
11,5,2.64957,2.64957,2.91902,2.92384
11,5.06,2.65172,2.65172,2.9182,2.92385
11,5.06613,2.65188,2.65188,2.91809,2.92382
11,5.176,2.65254,2.65254,2.91505,2.92237
11,5.17844,2.65251,2.65251,2.91496,2.92231
11,5.292,2.6492,2.6492,2.90987,2.91895
11,5.29324,2.64915,2.64915,2.90981,2.9189
11,5.408,2.64205,2.64205,2.90273,2.91367
11,5.41059,2.64185,2.64185,2.90255,2.91354
11,5.5,2.63392,2.63392,2.89572,2.90822
11,5.524,2.63147,2.63147,2.89369,2.90661
11,5.53053,2.63077,2.63077,2.89312,2.90616
11,5.64,2.61782,2.61782,2.88276,2.8978
11,5.65314,2.61609,2.61609,2.88141,2.89669
11,5.756,2.60148,2.60148,2.86998,2.88726
11,5.77846,2.59803,2.59803,2.86729,2.88502
11,5.872,2.58281,2.58281,2.85534,2.87501
11,5.90656,2.57685,2.57685,2.85061,2.87104
11,5.988,2.56217,2.56217,2.83884,2.86108
11,6,2.55993,2.55993,2.83703,2.85955
11,6.03751,2.55283,2.55283,2.83123,2.85463
11,6.104,2.53986,2.53986,2.82047,2.84546
11,6.17135,2.52625,2.52625,2.80893,2.83562
11,6.22,2.51616,2.51616,2.80019,2.82814
11,6.30816,2.49728,2.49728,2.78348,2.81382
11,6.336,2.49116,2.49116,2.77796,2.80909
11,6.44801,2.46552,2.46552,2.75459,2.78901
11,6.452,2.46457,2.46457,2.75372,2.78827
11,6.5,2.453,2.453,2.74308,2.77912
11,6.568,2.43603,2.43603,2.72739,2.76561
11,6.59095,2.43015,2.43015,2.72192,2.76091
11,6.684,2.40552,2.40552,2.69887,2.74105
11,6.73707,2.39092,2.39092,2.68508,2.72917
11,6.8,2.37306,2.37306,2.66808,2.71452
11,6.88642,2.34761,2.34761,2.64359,2.69341
11,6.916,2.33864,2.33864,2.6349,2.68591
11,7,2.3125,2.3125,2.60929,2.66384
11,7.032,2.30227,2.30227,2.59918,2.65512
11,7.03908,2.29998,2.29998,2.59692,2.65316
11,7.148,2.26391,2.26391,2.56081,2.62203
11,7.19513,2.24776,2.24776,2.54442,2.60789
11,7.264,2.22357,2.22357,2.51963,2.5865
11,7.35464,2.19065,2.19065,2.48538,2.55696
11,7.38,2.18121,2.18121,2.47547,2.5484
11,7.496,2.13679,2.13679,2.42819,2.50758
11,7.5,2.13522,2.13522,2.4265,2.50612
11,7.51769,2.12825,2.12825,2.41898,2.49963
11,7.612,2.09026,2.09026,2.3776,2.46385
11,7.68434,2.06015,2.06015,2.34431,2.43505
11,7.728,2.04158,2.04158,2.32354,2.41706
11,7.844,1.99073,1.99073,2.26588,2.36701
11,7.8547,1.98593,1.98593,2.26037,2.36222
11,7.96,1.93768,1.93768,2.20444,2.31352
11,8,1.91887,1.91887,2.18237,2.29426
11,8.02883,1.90515,1.90515,2.16619,2.28014
11,8.076,1.88239,1.88239,2.13918,2.25649
11,8.192,1.82486,1.82486,2.07003,2.19583
11,8.20682,1.81735,1.81735,2.06092,2.18779
11,8.308,1.76507,1.76507,1.99708,2.13146
11,8.38875,1.72214,1.72214,1.94412,2.08442
11,8.424,1.70306,1.70306,1.92044,2.06326
11,8.5,1.66125,1.66125,1.86793,2.01641
11,8.54,1.63888,1.63888,1.83953,1.99109
11,8.57472,1.61927,1.61927,1.81442,1.96872
11,8.656,1.57264,1.57264,1.7544,1.91509
11,8.76481,1.50875,1.50875,1.67202,1.84042
11,8.772,1.50447,1.50447,1.66652,1.83537
11,8.888,1.43442,1.43442,1.57676,1.75253
11,8.95912,1.39062,1.39062,1.52098,1.70006
11,9,1.3652,1.3652,1.48889,1.66939
11,9.004,1.3627,1.3627,1.48575,1.66638
11,9.12,1.2897,1.2897,1.39565,1.57904
11,9.15773,1.26573,1.26573,1.36689,1.54982
11,9.236,1.21576,1.21576,1.30799,1.48954
11,9.352,1.14128,1.14128,1.22441,1.40099
11,9.36075,1.13565,1.13565,1.21835,1.39439
11,9.468,1.06669,1.06669,1.14737,1.31501
11,9.5,1.04618,1.04618,1.12743,1.29199
11,9.56827,1.00267,1.00267,1.08673,1.24417
11,9.584,0.992703,0.992703,1.07768,1.23342
11,9.7,0.919894,0.919894,1.01437,1.15771
11,9.78039,0.870095,0.870095,0.973425,1.1091
11,9.816,0.848231,0.848231,0.956043,1.08843
11,9.932,0.778133,0.778133,0.902823,1.02567
11,9.99721,0.739657,0.739657,0.875327,0.993453
11,10,0.738025,0.738025,0.874186,0.992118
11,10.048,0.710263,0.710263,0.85505,0.969744
11,10.164,0.645201,0.645201,0.812405,0.91964
11,10.2188,0.615423,0.615423,0.79354,0.897721
11,10.28,0.582964,0.582964,0.773455,0.874484
11,10.396,0.523942,0.523942,0.737628,0.833787
11,10.4454,0.499873,0.499873,0.723196,0.817804
11,10.5,0.47393,0.47393,0.708159,0.800552
11,10.512,0.468325,0.468325,0.704952,0.796854
11,10.628,0.415862,0.415862,0.675045,0.762873
11,10.6769,0.394737,0.394737,0.663103,0.749495
11,10.744,0.366721,0.366721,0.647313,0.731965
11,10.86,0.32063,0.32063,0.621485,0.703663
11,10.9136,0.30032,0.30032,0.610153,0.69138
11,10.976,0.277482,0.277482,0.597364,0.677663
11,11,0.268914,0.268914,0.59256,0.672523
11,11.092,0.237158,0.237158,0.574525,0.653521
11,11.1556,0.216159,0.216159,0.562245,0.641037
11,11.208,0.19939,0.19939,0.552788,0.631112
11,11.324,0.164121,0.164121,0.532785,0.610012
11,11.4029,0.141349,0.141349,0.519185,0.595984
11,11.44,0.130987,0.130987,0.512917,0.589779
11,11.5,0.114797,0.114797,0.503168,0.580087
11,11.556,0.100064,0.100064,0.494269,0.57115
11,11.6557,0.0742071,0.0742071,0.47838,0.555567
11,11.672,0.0701167,0.0701167,0.475755,0.553051
11,11.788,0.0434741,0.0434741,0.457461,0.535388
11,11.904,0.0177222,0.0177222,0.439839,0.517631
11,11.9141,0.0155746,0.0155746,0.438355,0.516128
11,12,0,0,0.425907,0.503392
11,12.02,0,0,0.423016,0.500448
11,12.136,0,0,0.405983,0.484151
11,12.1782,0,0,0.399722,0.47822
11,12.252,0,0,0.388913,0.467892
11,12.368,0,0,0.372057,0.451785
11,12.4482,0,0,0.360461,0.440703
11,12.484,0,0,0.35529,0.435752
11,12.5,0,0,0.352986,0.433544
11,12.6,0,0,0.338672,0.419761
11,12.716,0,0,0.321701,0.403807
11,12.7241,0,0,0.320518,0.402692
11,12.832,0,0,0.305099,0.38784
11,12.948,0,0,0.288159,0.371847
11,13,0,0,0.28053,0.36469
11,13.0062,0,0,0.279631,0.363837
11,13.064,0,0,0.271376,0.35591
11,13.18,0,0,0.254712,0.339926
11,13.2945,0,0,0.237736,0.324022
11,13.296,0,0,0.237521,0.323817
11,13.412,0,0,0.220494,0.30757
11,13.5,0,0,0.207435,0.295154
11,13.528,0,0,0.203284,0.291189
11,13.5893,0,0,0.194352,0.282504
11,13.644,0,0,0.186424,0.274783
11,13.76,0,0,0.168923,0.258653
11,13.876,0,0,0.151268,0.242135
11,13.8905,0,0,0.149133,0.240037
11,13.992,0,0,0.133868,0.225413
11,14,0,0,0.132707,0.224259
11,14.108,0,0,0.116421,0.208654
11,14.1985,0,0,0.102472,0.195526
11,14.224,0,0,0.0986689,0.191807
11,14.34,0,0,0.0808694,0.174864
11,14.456,0,0,0.0630293,0.157827
11,14.5,0,0,0.0562652,0.151374
11,14.5132,0,0,0.0542282,0.149438
11,14.572,0,0,0.04515,0.140801
11,14.688,0,0,0.0271621,0.12354
11,14.804,0,0,0.00910405,0.106207
11,14.835,0,0,0.00425169,0.101581
11,14.92,0,0,0,0.0888846
11,15,0,0,0,0.076943
11,15.036,0,0,0,0.0715705
11,15.152,0,0,0,0.0539649
11,15.1638,0,0,0,0.0521448
11,15.268,0,0,0,0.0363134
11,15.384,0,0,0,0.0185258
11,15.5,0,0,0,0.000704794
12,1,0,0,0,0
12,1.02339,0,0,0,0
12,1.04733,0,0,0,0
12,1.07183,0,0,0,0
12,1.0969,0,0,0,0
12,1.12256,0,0,0,0
12,1.136,0,0,0,0
12,1.14882,0,0,0,0
12,1.1757,0,0,0,0
12,1.2032,0,0,0,0
12,1.23134,0,0,0,0
12,1.26015,0,0,0,0
12,1.272,0,0,0,0
12,1.28963,0,0,0,0
12,1.31979,0,0,0,0
12,1.35067,0,0,0,0
12,1.38226,0,0,0,0
12,1.408,0,0,0,0
12,1.4146,0,0,0,0
12,1.44769,0,0,0,0
12,1.48155,0,0,0,0
12,1.5,0,0,0,0
12,1.51621,0,0,0,0
12,1.544,0,0,0,0
12,1.55168,0,0,0,0
12,1.58797,0,0,0,0
12,1.62512,0,0,0,0
12,1.66314,0,0,0,0
12,1.68,0,0,0,0
12,1.70204,0,0,0,0
12,1.74186,0,0,0,0
12,1.7826,0,0,0,0
12,1.816,0,0,0,0
12,1.8243,0,0,0,0
12,1.86698,0,0,0,0
12,1.91065,0,0,0,0
12,1.952,0,0,0,0
12,1.95534,0,0,0,0
12,2,0,0,0,0
12,2.00108,0,0,0,0
12,2.04789,0,0,0,0
12,2.088,0,0,0,0
12,2.0958,0,0,0,0
12,2.14483,0,0,0,0
12,2.195,0,0,0,0
12,2.224,0,0,0,0
12,2.24634,0.0278509,0.0278509,0,0
12,2.29889,0.23388,0.23388,0,0
12,2.35267,0.418731,0.418731,0,0
12,2.36,0.442202,0.442202,0,0
12,2.4077,0.586142,0.586142,0,0
12,2.46402,0.7389,0.7389,0,0
12,2.496,0.818584,0.818584,0,0
12,2.5,0.828228,0.828228,0,0
12,2.52166,0.879237,0.879237,0,0
12,2.58065,1.00894,1.00894,0,0
12,2.632,1.11203,1.11203,0,0
12,2.64102,1.12929,1.12929,0,0
12,2.7028,1.24139,1.24139,0,0
12,2.76602,1.34621,1.34621,0,0
12,2.768,1.34934,1.34934,0,0
12,2.83073,1.44447,1.44447,0,0
12,2.89695,1.53684,1.53684,0,0
12,2.904,1.54623,1.54623,0,0
12,2.96471,1.62387,1.62387,0,0
12,3,1.6665,1.6665,0,0
12,3.03406,1.70604,1.70604,0,0
12,3.04,1.71279,1.71279,0,0
12,3.10504,1.78368,1.78368,0,0
12,3.176,1.85526,1.85526,0,0
12,3.17767,1.85689,1.85689,0,0
12,3.252,1.92647,1.92647,0,0
12,3.312,1.9789,1.9789,0,0
12,3.32808,1.99244,1.99244,0,0
12,3.40593,2.05521,2.05521,0,0
12,3.448,2.08731,2.08731,0,0
12,3.4856,2.11497,2.11497,0,0
12,3.5,2.12531,2.12531,0,0
12,3.56714,2.17179,2.17179,0,0
12,3.584,2.18303,2.18303,0,0
12,3.65058,2.22574,2.22574,0,0
12,3.72,2.26759,2.26759,0,0
12,3.73598,2.27685,2.27685,0,0
12,3.82337,2.32515,2.32515,0,0
12,3.856,2.34219,2.34219,0,0
12,3.91281,2.37064,2.37064,0,0
12,3.992,2.40773,2.40773,0,0
12,4,2.41132,2.41132,0,0
12,4.00434,2.41325,2.41325,0,0
12,4.09801,2.45292,2.45292,0,0
12,4.128,2.4648,2.4648,0,0
12,4.19387,2.48953,2.48953,0,0
12,4.264,2.51382,2.51382,0,0
12,4.29198,2.52293,2.52293,0,0
12,4.39238,2.55296,2.55296,0.0357558,0
12,4.4,2.55507,2.55507,0.0676769,0
12,4.49512,2.57941,2.57941,0.421209,0.0541014
12,4.5,2.58056,2.58056,0.437387,0.0735524
12,4.536,2.58875,2.58875,0.551905,0.210648
12,4.60028,2.60209,2.60209,0.737098,0.43035
12,4.672,2.61506,2.61506,0.919351,0.644515
12,4.70789,2.62079,2.62079,1.00238,0.741485
12,4.808,2.63419,2.63419,1.21007,0.982602
12,4.81802,2.63533,2.63533,1.22913,1.00464
12,4.93072,2.64554,2.64554,1.42544,1.23084
12,4.944,2.64645,2.64645,1.44658,1.25512
12,5,2.64958,2.64958,1.53168,1.35274
12,5.04606,2.65134,2.65134,1.59715,1.42766
12,5.08,2.65218,2.65218,1.64296,1.48002
12,5.1641,2.65266,2.65266,1.74839,1.60041
12,5.216,2.65184,2.65184,1.80826,1.66869
12,5.2849,2.64952,2.64952,1.88221,1.75307
12,5.352,2.64596,2.64596,1.94877,1.82908
12,5.40853,2.64201,2.64201,2.00105,1.88883
12,5.488,2.6351,2.6351,2.06916,1.96659
12,5.5,2.63392,2.63392,2.07898,1.97774
12,5.53505,2.63029,2.63029,2.10693,2.00948
12,5.624,2.61986,2.61986,2.17291,2.08494
12,5.66453,2.61457,2.61457,2.201,2.11701
12,5.76,2.60087,2.60087,2.26182,2.18734
12,5.79703,2.59512,2.59512,2.28355,2.21282
12,5.896,2.57869,2.57869,2.33812,2.27568
12,5.93264,2.57224,2.57224,2.35692,2.29696
12,6,2.55993,2.55993,2.38885,2.33407
12,6.032,2.55388,2.55388,2.40298,2.35094
12,6.07142,2.54627,2.54627,2.41936,2.37079
12,6.168,2.52693,2.52693,2.45495,2.4141
12,6.21344,2.51753,2.51753,2.46969,2.43242
12,6.304,2.49819,2.49819,2.49515,2.46572
12,6.35879,2.48608,2.48608,2.50825,2.48316
12,6.44,2.46742,2.46742,2.52437,2.50573
12,6.5,2.45301,2.45301,2.5339,2.52009
12,6.50754,2.45116,2.45116,2.53495,2.52174
12,6.576,2.434,2.434,2.54296,2.53508
12,6.65976,2.41206,2.41206,2.54926,2.54765
12,6.712,2.39787,2.39787,2.55117,2.55347
12,6.81555,2.36856,2.36856,2.55064,2.55986
12,6.848,2.35905,2.35905,2.54933,2.5604
12,6.97498,2.32038,2.32038,2.53873,2.5566
12,6.984,2.31755,2.31755,2.53766,2.55602
12,7,2.31249,2.31249,2.53565,2.55487
12,7.12,2.27334,2.27334,2.51638,2.54202
12,7.13814,2.26724,2.26724,2.51285,2.53948
12,7.256,2.2264,2.2264,2.486,2.51915
12,7.30512,2.20877,2.20877,2.47293,2.50872
12,7.392,2.17669,2.17669,2.44711,2.48762
12,7.47601,2.14456,2.14456,2.41917,2.46418
12,7.5,2.13519,2.13519,2.41066,2.45698
12,7.528,2.12413,2.12413,2.40046,2.44827
12,7.65089,2.07417,2.07417,2.35216,2.40615
12,7.664,2.06869,2.06869,2.34668,2.40129
12,7.8,2.01029,2.01029,2.28646,2.34698
12,7.82986,1.99706,1.99706,2.27245,2.33413
12,7.936,1.94886,1.94886,2.22048,2.28587
12,8,1.9189,1.9189,2.18763,2.25497
12,8.01302,1.91272,1.91272,2.18082,2.24852
12,8.072,1.88437,1.88437,2.14946,2.21863
12,8.20046,1.8206,1.8206,2.07832,2.15006
12,8.208,1.81677,1.81677,2.07402,2.14591
12,8.344,1.74609,1.74609,1.99482,2.06863
12,8.39229,1.72026,1.72026,1.96599,2.04025
12,8.48,1.67237,1.67237,1.91257,1.98753
12,8.5,1.66127,1.66127,1.90021,1.97531
12,8.58861,1.61138,1.61138,1.84494,1.92043
12,8.616,1.59572,1.59572,1.82778,1.90323
12,8.752,1.51635,1.51635,1.74136,1.81629
12,8.78952,1.49401,1.49401,1.71695,1.79192
12,8.888,1.43453,1.43453,1.65288,1.72732
12,8.99512,1.36861,1.36861,1.58397,1.65615
12,9,1.36559,1.36559,1.5808,1.65289
12,9.024,1.35066,1.35066,1.56506,1.63685
12,9.16,1.26524,1.26524,1.47555,1.54549
12,9.20554,1.23642,1.23642,1.44694,1.51478
12,9.296,1.17893,1.17893,1.38841,1.45377
12,9.42088,1.09929,1.09929,1.30876,1.36976
12,9.432,1.09219,1.09219,1.3018,1.3623
12,9.5,1.04881,1.04881,1.25908,1.31685
12,9.568,1.00542,1.00542,1.21635,1.27163
12,9.64126,0.958926,0.958926,1.17125,1.22332
12,9.704,0.919311,0.919311,1.13359,1.18231
12,9.84,0.835213,0.835213,1.05326,1.09485
12,9.86679,0.819026,0.819026,1.03778,1.07789
12,9.976,0.754543,0.754543,0.976212,1.00974
12,10,0.740628,0.740628,0.962956,0.994994
12,10.0976,0.68511,0.68511,0.910079,0.936008
12,10.112,0.677063,0.677063,0.902425,0.92743
12,10.248,0.603227,0.603227,0.8324,0.848301
12,10.3338,0.558742,0.558742,0.790098,0.800191
12,10.384,0.533496,0.533496,0.76613,0.772699
12,10.5,0.477397,0.477397,0.712731,0.711174
12,10.52,0.468044,0.468044,0.703834,0.700852
12,10.5755,0.442579,0.442579,0.679603,0.672652
12,10.656,0.406975,0.406975,0.645579,0.632979
12,10.792,0.350204,0.350204,0.591461,0.569311
12,10.8229,0.337875,0.337875,0.579634,0.555417
12,10.928,0.297587,0.297587,0.540917,0.509818
12,11,0.271346,0.271346,0.515985,0.480043
12,11.064,0.248941,0.248941,0.494742,0.45457
12,11.0761,0.244798,0.244798,0.49081,0.449852
12,11.2,0.203963,0.203963,0.452181,0.403481
12,11.3352,0.162681,0.162681,0.413899,0.356796
12,11.336,0.162445,0.162445,0.413682,0.356529
12,11.472,0.124023,0.124023,0.378728,0.313595
12,11.5,0.116372,0.116372,0.371955,0.305247
12,11.6003,0.0901475,0.0901475,0.348799,0.276623
12,11.608,0.0882543,0.0882543,0.347108,0.274526
12,11.744,0.0565736,0.0565736,0.318652,0.23919
12,11.8717,0.0260643,0.0260643,0.294638,0.209197
12,11.88,0.0241079,0.0241079,0.293167,0.207355
12,12,0,0,0.272986,0.182064
12,12.016,0,0,0.270449,0.178877
12,12.1494,0,0,0.250444,0.153953
12,12.152,0,0,0.250089,0.1535
12,12.288,0,0,0.232346,0.131042
12,12.424,0,0,0.216733,0.111287
12,12.4336,0,0,0.215704,0.109988
12,12.5,0,0,0.208871,0.101338
12,12.56,0,0,0.20307,0.0939919
12,12.696,0,0,0.191181,0.0790076
12,12.7245,0,0,0.188898,0.0761321
12,12.832,0,0,0.180868,0.0660661
12,12.968,0,0,0.171983,0.0551367
12,13,0,0,0.170078,0.0527884
12,13.0221,0,0,0.168799,0.0512159
12,13.104,0,0,0.164335,0.0457674
12,13.24,0,0,0.157813,0.037874
12,13.3267,0,0,0.154171,0.0335472
12,13.376,0,0,0.152268,0.0313394
12,13.5,0,0,0.147961,0.0264055
12,13.512,0,0,0.147577,0.0259762
12,13.6385,0,0,0.143859,0.021996
12,13.648,0,0,0.143602,0.0217288
12,13.784,0,0,0.140237,0.0184054
12,13.92,0,0,0.137395,0.0163008
12,13.9575,0,0,0.136703,0.0157365
12,14,0,0,0.135964,0.0151331
12,14.056,0,0,0.135061,0.0144224
12,14.192,0,0,0.133105,0.0129846
12,14.284,0,0,0.131884,0.0125403
12,14.328,0,0,0.131313,0.0125855
12,14.464,0,0,0.129828,0.0124856
12,14.5,0,0,0.129533,0.0124132
12,14.6,0,0,0.128965,0.0121564
12,14.6182,0,0,0.128877,0.0120565
12,14.736,0,0,0.12814,0.0113549
12,14.872,0,0,0.126602,0.0121517
12,14.9601,0,0,0.125539,0.0126779
12,15,0,0,0.125132,0.0129017
12,15.008,0,0,0.125058,0.0129449
12,15.144,0,0,0.124232,0.0135824
12,15.28,0,0,0.123442,0.013919
12,15.3101,0,0,0.123203,0.014
12,15.416,0,0,0.12217,0.0146005
12,15.5,0,0,0.121312,0.0150584
12,15.552,0,0,0.120792,0.0152864
12,15.6682,0,0,0.119719,0.0158234
12,15.688,0,0,0.119551,0.0159118
12,15.824,0,0,0.118562,0.0164576
12,15.96,0,0,0.11772,0.0169335
12,16,0,0,0.117383,0.0170569
12,16.0347,0,0,0.117036,0.0171557
12,16.096,0,0,0.116273,0.017309
12,16.232,0,0,0.114081,0.0175547
12,16.368,0,0,0.111762,0.0176807
12,16.4098,0,0,0.111069,0.0176956
12,16.5,0,0,0.10961,0.0176844
12,16.504,0,0,0.109547,0.0176824
12,16.64,0,0,0.107542,0.0175256
12,16.776,0,0,0.105547,0.0171871
12,16.7937,0,0,0.105264,0.0171305
12,16.912,0,0,0.10314,0.0166859
12,17,0,0,0.10141,0.0162849
12,17.048,0,0,0.100453,0.0160422
12,17.184,0,0,0.0977535,0.0152433
12,17.1865,0,0,0.0977021,0.0152268
12,17.32,0,0,0.0947848,0.0142551
12,17.456,0,0,0.091333,0.0130686
12,17.5,0,0,0.0902648,0.0126482
12,17.5886,0,0,0.0883917,0.0117518
12,17.592,0,0,0.0883222,0.0117157
12,17.728,0,0,0.0851223,0.0102108
12,17.864,0,0,0.0812487,0.00854241
12,18,0,0,0.0776242,0.00670096
13,1,0,0,0,0
13,1.02362,0,0,0,0
13,1.04779,0,0,0,0
13,1.07254,0,0,0,0
13,1.09787,0,0,0,0
13,1.12379,0,0,0,0
13,1.14,0,0,0,0
13,1.15033,0,0,0,0
13,1.1775,0,0,0,0
13,1.20531,0,0,0,0
13,1.23378,0,0,0,0
13,1.26291,0,0,0,0
13,1.28,0,0,0,0
13,1.29274,0,0,0,0
13,1.32327,0,0,0,0
13,1.35452,0,0,0,0
13,1.38651,0,0,0,0
13,1.41926,0,0,0,0
13,1.42,0,0,0,0
13,1.45277,0,0,0,0
13,1.48708,0,0,0,0
13,1.5,0,0,0,0
13,1.5222,0,0,0,0
13,1.55815,0,0,0,0
13,1.56,0,0,0,0
13,1.59495,0,0,0,0
13,1.63262,0,0,0,0
13,1.67118,0,0,0,0
13,1.7,0,0,0,0
13,1.71064,0,0,0,0
13,1.75104,0,0,0,0
13,1.7924,0,0,0,0
13,1.83473,0,0,0,0
13,1.84,0,0,0,0
13,1.87806,0,0,0,0
13,1.92241,0,0,0,0
13,1.96781,0,0,0,0
13,1.98,0,0,0,0
13,2,0,0,0,0
13,2.01429,0,0,0,0
13,2.06186,0,0,0,0
13,2.11055,0,0,0,0
13,2.12,0,0,0,0
13,2.1604,0,0,0,0
13,2.21142,0,0,0,0
13,2.26,0.0841532,0.0841532,0,0
13,2.26364,0.0988328,0.0988328,0,0
13,2.3171,0.299132,0.299132,0,0
13,2.37183,0.479277,0.479277,0,0
13,2.4,0.563882,0.563882,0,0
13,2.42784,0.642727,0.642727,0,0
13,2.48518,0.792134,0.792134,0,0
13,2.5,0.828229,0.828229,0,0.00215504
13,2.54,0.920953,0.920953,0,0.0654673
13,2.54387,0.929599,0.929599,0.00533184,0.0715048
13,2.60395,1.05682,1.05682,0.0975676,0.164085
13,2.66544,1.17488,1.17488,0.190672,0.256846
13,2.68,1.2012,1.2012,0.212246,0.278356
13,2.72839,1.28497,1.28497,0.282651,0.34856
13,2.79283,1.38797,1.38797,0.375256,0.440147
13,2.82,1.42877,1.42877,0.413873,0.478816
13,2.85879,1.48457,1.48457,0.468008,0.531943
13,2.9263,1.57541,1.57541,0.559108,0.62168
13,2.96,1.61804,1.61804,0.603817,0.665889
13,2.99541,1.66105,1.66105,0.650224,0.711612
13,3,1.6665,1.6665,0.656189,0.717461
13,3.06615,1.74194,1.74194,0.740872,0.799902
13,3.1,1.77838,1.77838,0.783511,0.841952
13,3.13857,1.81819,1.81819,0.83161,0.889637
13,3.21269,1.89036,1.89036,0.920637,0.977978
13,3.24,1.9156,1.9156,0.95291,1.00964
13,3.28856,1.9588,1.9588,1.00897,1.06528
13,3.36623,2.02379,2.02379,1.09633,1.1507
13,3.38,2.03483,2.03483,1.11152,1.16558
13,3.44573,2.08564,2.08564,1.18246,1.2348
13,3.5,2.12535,2.12535,1.2393,1.29031
13,3.52,2.13949,2.13949,1.25983,1.3104
13,3.5271,2.14445,2.14445,1.26707,1.31748
13,3.6104,2.20031,2.20031,1.34983,1.39808
13,3.66,2.23161,2.23161,1.39723,1.44409
13,3.69567,2.25325,2.25325,1.4304,1.47622
13,3.78295,2.30333,2.30333,1.5083,1.55136
13,3.8,2.31265,2.31265,1.52295,1.56545
13,3.87229,2.35054,2.35054,1.58289,1.62289
13,3.94,2.38373,2.38373,1.63576,1.67323
13,3.96374,2.39485,2.39485,1.6535,1.69004
13,4,2.41134,2.41134,1.67976,1.71484
13,4.05735,2.43621,2.43621,1.7192,1.75186
13,4.08,2.44563,2.44563,1.73405,1.76571
13,4.15317,2.47449,2.47449,1.77903,1.80733
13,4.22,2.49884,2.49884,1.81598,1.84098
13,4.25126,2.50958,2.50958,1.83185,1.85523
13,4.35166,2.5413,2.5413,1.87646,1.89438
13,4.36,2.54375,2.54375,1.87971,1.89717
13,4.45443,2.56946,2.56946,1.9116,1.92355
13,4.5,2.58058,2.58058,1.92361,1.93286
13,4.55963,2.59386,2.59386,1.93594,1.94159
13,4.64,2.60953,2.60953,1.94648,1.94719
13,4.66731,2.61428,2.61428,1.94844,1.94746
13,4.77754,2.63052,2.63052,1.94809,1.94021
13,4.78,2.63083,2.63083,1.94793,1.9399
13,4.89037,2.64243,2.64243,1.93406,1.91946
13,4.92,2.64478,2.64478,1.92816,1.91183
13,5,2.64959,2.64959,1.90781,1.88685
13,5.00586,2.64985,2.64985,1.90606,1.88477
13,5.06,2.65174,2.65174,1.88837,1.86408
13,5.12408,2.65272,2.65272,1.86386,1.83623
13,5.2,2.65219,2.65219,1.83021,1.79893
13,5.2451,2.65103,2.65103,1.80819,1.77463
13,5.34,2.64669,2.64669,1.75716,1.71885
13,5.36897,2.64486,2.64486,1.74022,1.70079
13,5.48,2.63586,2.63586,1.66986,1.62878
13,5.49577,2.63434,2.63434,1.65938,1.6182
13,5.5,2.63392,2.63392,1.65655,1.61534
13,5.62,2.62037,2.62037,1.57285,1.52971
13,5.62556,2.61967,2.61967,1.56883,1.52555
13,5.75842,2.6011,2.6011,1.47143,1.42426
13,5.76,2.60086,2.60086,1.47025,1.42302
13,5.89441,2.57896,2.57896,1.36857,1.31771
13,5.9,2.57799,2.57799,1.36432,1.31332
13,6,2.55992,2.55992,1.28795,1.2347
13,6.03362,2.55357,2.55357,1.26221,1.20851
13,6.04,2.55234,2.55234,1.25732,1.20355
13,6.17611,2.52526,2.52526,1.15369,1.09896
13,6.18,2.52446,2.52446,1.15075,1.09601
13,6.32,2.49469,2.49469,1.04622,0.991515
13,6.32197,2.49425,2.49425,1.04477,0.990072
13,6.46,2.46269,2.46269,0.945068,0.891053
13,6.47128,2.45999,2.45999,0.937115,0.883195
13,6.5,2.45302,2.45302,0.916993,0.863325
13,6.6,2.42782,2.42782,0.848625,0.794827
13,6.62411,2.42153,2.42153,0.832552,0.778615
13,6.74,2.3901,2.3901,0.757619,0.704949
13,6.78055,2.37864,2.37864,0.732341,0.679469
13,6.88,2.34952,2.34952,0.672619,0.62048
13,6.94068,2.33105,2.33105,0.637773,0.585274
13,7,2.31248,2.31248,0.604834,0.552234
13,7.02,2.3061,2.3061,0.594002,0.541451
13,7.1046,2.27848,2.27848,0.54969,0.497298
13,7.16,2.25982,2.25982,0.521986,0.469954
13,7.27238,2.22057,2.22057,0.468975,0.418015
13,7.3,2.21063,2.21063,0.45664,0.40598
13,7.44,2.15848,2.15848,0.398092,0.349173
13,7.44413,2.15689,2.15689,0.396465,0.347604
13,7.5,2.1352,2.1352,0.37508,0.326929
13,7.58,2.1033,2.1033,0.346391,0.299273
13,7.61994,2.08699,2.08699,0.332863,0.286258
13,7.72,2.04503,2.04503,0.301368,0.256199
13,7.7999,2.01035,2.01035,0.278757,0.234627
13,7.86,1.98358,1.98358,0.263099,0.219983
13,7.98411,1.9264,1.9264,0.234645,0.193406
13,8,1.91889,1.91889,0.231379,0.190367
13,8.14,1.85093,1.85093,0.205977,0.167214
13,8.17266,1.8346,1.8346,0.200971,0.162691
13,8.28,1.77968,1.77968,0.18687,0.150178
13,8.36568,1.73447,1.73447,0.178038,0.142721
13,8.42,1.70518,1.70518,0.173636,0.139127
13,8.5,1.66118,1.66118,0.168703,0.135367
13,8.56,1.62752,1.62752,0.166137,0.133717
13,8.56325,1.62569,1.62569,0.166028,0.133656
13,8.7,1.54684,1.54684,0.16411,0.133646
13,8.76548,1.50814,1.50814,0.164921,0.135368
13,8.84,1.46342,1.46342,0.167166,0.138638
13,8.97249,1.38223,1.38223,0.174547,0.147755
13,8.98,1.37757,1.37757,0.175091,0.148394
13,9,1.36514,1.36514,0.176604,0.150156
13,9.12,1.28984,1.28984,0.1876,0.162604
13,9.18439,1.24898,1.24898,0.194819,0.17057
13,9.26,1.20079,1.20079,0.204388,0.181005
13,9.4,1.11124,1.11124,0.225149,0.203257
13,9.4013,1.11041,1.11041,0.225359,0.20348
13,9.5,1.04739,1.04739,0.242194,0.221341
13,9.54,1.02199,1.02199,0.249523,0.229044
13,9.62333,0.969422,0.969422,0.265666,0.24592
13,9.68,0.933866,0.933866,0.277252,0.258028
13,9.82,0.847292,0.847292,0.308042,0.28995
13,9.8506,0.828697,0.828697,0.31514,0.297281
13,9.96,0.763316,0.763316,0.341529,0.324499
13,10,0.739898,0.739898,0.351583,0.334819
13,10.0832,0.692152,0.692152,0.373073,0.356872
13,10.1,0.682705,0.682705,0.377487,0.361402
13,10.24,0.606185,0.606185,0.415652,0.400362
13,10.3214,0.563771,0.563771,0.438668,0.423866
13,10.38,0.534151,0.534151,0.455657,0.441159
13,10.5,0.476134,0.476134,0.49127,0.477401
13,10.52,0.466801,0.466801,0.497298,0.483544
13,10.5651,0.446111,0.446111,0.511027,0.497501
13,10.66,0.404157,0.404157,0.540338,0.52724
13,10.8,0.346081,0.346081,0.58442,0.571961
13,10.8146,0.340269,0.340269,0.589091,0.576687
13,10.94,0.292398,0.292398,0.629325,0.617447
13,11,0.270665,0.270665,0.648604,0.636953
13,11.07,0.246209,0.246209,0.67103,0.659407
13,11.08,0.242817,0.242817,0.674206,0.662562
13,11.22,0.197093,0.197093,0.716773,0.705317
13,11.3315,0.163187,0.163187,0.743403,0.73404
13,11.36,0.154862,0.154862,0.748987,0.740206
13,11.5,0.115868,0.115868,0.769879,0.762531
13,11.5,0.115868,0.115868,0.769879,0.762531
13,11.5991,0.090004,0.090004,0.778617,0.770862
13,11.64,0.0797166,0.0797166,0.780829,0.773267
13,11.78,0.045522,0.045522,0.782305,0.777343
13,11.873,0.0245219,0.0245219,0.778084,0.774114
13,11.92,0.0144874,0.0144874,0.774375,0.770688
13,12,0,0,0.76565,0.762284
13,12.06,0,0,0.757114,0.754287
13,12.1534,0,0,0.740465,0.7394
13,12.2,0,0,0.730656,0.730471
13,12.34,0,0,0.695243,0.694901
13,12.4405,0,0,0.664512,0.663722
13,12.48,0,0,0.651242,0.650305
13,12.5,0,0,0.644286,0.64341
13,12.62,0,0,0.599254,0.601439
13,12.7343,0,0,0.55107,0.553395
13,12.76,0,0,0.539412,0.541877
13,12.9,0,0,0.472273,0.478114
13,13,0,0,0.419575,0.425645
13,13.035,0,0,0.400338,0.406106
13,13.04,0,0,0.397568,0.403307
13,13.18,0,0,0.316988,0.325406
13,13.32,0,0,0.23029,0.240842
13,13.3428,0,0,0.215603,0.226766
13,13.46,0,0,0.138048,0.149633
13,13.5,0,0,0.110755,0.123076
13,13.6,0,0,0.0405983,0.0546437
13,13.658,0,0,0,0.0138478
13,13.74,0,0,0,0
13,13.88,0,0,0,0
13,13.9805,0,0,0,0
13,14,0,0,0,0
13,14.02,0,0,0,0
13,14.16,0,0,0,0
13,14.3,0,0,0,0
13,14.3107,0,0,0,0
13,14.44,0,0,0,0
13,14.5,0,0,0,0
13,14.58,0,0,0,0
13,14.6487,0,0,0,0
13,14.72,0,0,0,0
13,14.86,0,0,0,0
13,14.9946,0,0,0,0
13,15,0,0,0,0
13,15,0,0,0,0
13,15.14,0,0,0,0
13,15.28,0,0,0,0
13,15.3487,0,0,0,0
13,15.42,0,0,0,0
13,15.5,0,0,0,0
13,15.56,0,0,0,0
13,15.7,0,0,0,0
13,15.7112,0,0,0,0
13,15.84,0,0,0,0
13,15.98,0,0,0,0
13,16,0,0,0,0
13,16.0823,0,0,0,0
13,16.12,0,0,0,0
13,16.26,0,0,0,0
13,16.4,0,0,0,0
13,16.4621,0,0,0,0
13,16.5,0,0,0,0
13,16.54,0,0,0,0
13,16.68,0,0,0,0
13,16.82,0,0,0,0
13,16.8509,0,0,0,0
13,16.96,0,0,0,0
13,17,0,0,0,0
13,17.1,0,0,0,0
13,17.24,0,0,0,0
13,17.2488,0,0,0,0
13,17.38,0,0,0,0
13,17.5,0,0,0,0
13,17.52,0,0,0,0
13,17.6562,0,0,0,0
13,17.66,0,0,0,0
13,17.8,0,0,0,0
13,17.94,0,0,0,0
13,18,0,0,0,0
13,18.0732,0,0,0,0
13,18.08,0,0,0,0
13,18.22,0,0,0,0
13,18.36,0,0,0,0
13,18.5,0,0,0,0
14,1,0,0,0,0
14,1.02316,0,0,0,0
14,1.04686,0,0,0,0
14,1.07111,0,0,0,0
14,1.09592,0,0,0,0
14,1.1213,0,0,0,0
14,1.132,0,0,0,0
14,1.14727,0,0,0,0
14,1.17384,0,0,0,0
14,1.20103,0,0,0,0
14,1.22885,0,0,0,0
14,1.25731,0,0,0,0
14,1.264,0,0,0,0
14,1.28643,0,0,0,0
14,1.31623,0,0,0,0
14,1.34672,0,0,0,0
14,1.37791,0,0,0,0
14,1.396,0,0,0,0
14,1.40982,0,0,0,0
14,1.44248,0,0,0,0
14,1.47589,0,0,0,0
14,1.5,0,0,0,0
14,1.51007,0,0,0,0
14,1.528,0,0,0,0
14,1.54505,0,0,0,0
14,1.58083,0,0,0,0
14,1.61745,0,0,0,0
14,1.65491,0,0,0,0
14,1.66,0,0,0,0
14,1.69324,0,0,0,0
14,1.73246,0,0,0,0
14,1.77259,0,0,0,0
14,1.792,0,0,0,0
14,1.81364,0,0,0,0
14,1.85565,0,0,0.324642,0
14,1.89863,0,0,0.658537,0.303935
14,1.924,0,0,0.820821,0.517531
14,1.94261,0,0,0.927586,0.654254
14,1.9876,0,0,1.15177,0.933684
14,2,0,0,1.2065,1.00072
14,2.03364,0,0,1.3431,1.16478
14,2.056,0,0,1.42578,1.26213
14,2.08074,0,0,1.51078,1.36116
14,2.12893,0,0,1.65969,1.5326
14,2.17824,0,0,1.79322,1.68433
14,2.188,0,0,1.81773,1.71201
14,2.2287,0,0,1.91401,1.82014
14,2.28032,0.164232,0.164232,2.02405,1.94274
14,2.32,0.309246,0.309246,2.10082,2.02767
14,2.33313,0.354258,0.354258,2.1249,2.05421
14,2.38717,0.52599,0.52599,2.21781,2.15619
14,2.44246,0.682416,0.682416,2.30384,2.24995
14,2.452,0.707695,0.707695,2.31785,2.26517
14,2.49903,0.825905,0.825905,2.38377,2.33658
14,2.5,0.828227,0.828227,2.38507,2.33799
14,2.55692,0.958326,0.958326,2.45826,2.41699
14,2.584,1.01593,1.01593,2.49087,2.45209
14,2.61614,1.08114,1.08114,2.52787,2.49185
14,2.67673,1.19533,1.19533,2.59304,2.56173
14,2.716,1.26407,1.26407,2.63234,2.60379
14,2.73873,1.30211,1.30211,2.65413,2.62708
14,2.80216,1.40215,1.40215,2.71144,2.68826
14,2.848,1.46933,1.46933,2.74989,2.72926
14,2.86707,1.49613,1.49613,2.7652,2.74558
14,2.93347,1.58463,1.58463,2.81558,2.79924
14,2.98,1.64255,1.64255,2.8483,2.83407
14,3,1.6665,1.6665,2.86174,2.84839
14,3.00142,1.66818,1.66818,2.86268,2.84939
14,3.07094,1.74718,1.74718,2.90658,2.89615
14,3.112,1.79095,1.79095,2.93058,2.92174
14,3.14207,1.82171,1.82171,2.94727,2.93956
14,3.21484,1.89235,1.89235,2.98474,2.9796
14,3.244,1.91922,1.91922,2.99861,2.99446
14,3.2893,1.95941,1.95941,3.01889,3.01623
14,3.36549,2.02316,2.02316,3.04964,3.04935
14,3.376,2.0316,2.0316,3.05356,3.05358
14,3.44344,2.08387,2.08387,3.07686,3.07884
14,3.5,2.12529,2.12529,3.094,3.09755
14,3.508,2.13098,2.13098,3.09625,3.10002
14,3.5232,2.14167,2.14167,3.1004,3.10458
14,3.6048,2.19663,2.19663,3.12015,3.12642
14,3.64,2.2191,2.2191,3.12734,3.13449
14,3.68829,2.24878,2.24878,3.13594,3.14427
14,3.772,2.29722,2.29722,3.1475,3.1578
14,3.77372,2.29818,2.29818,3.14769,3.15804
14,3.86113,2.34481,2.34481,3.1553,3.1676
14,3.904,2.36632,2.36632,3.15747,3.17066
14,3.95056,2.38867,2.38867,3.15869,3.17278
14,4,2.4113,2.4113,3.15873,3.17368
14,4.036,2.42709,2.42709,3.15797,3.17348
14,4.04206,2.42969,2.42969,3.15778,3.17338
14,4.13568,2.46776,2.46776,3.15261,3.16965
14,4.168,2.48003,2.48003,3.14991,3.16749
14,4.23147,2.5028,2.5028,3.1434,3.16196
14,4.3,2.52547,2.52547,3.13471,3.1542
14,4.32948,2.53462,2.53462,3.13045,3.15035
14,4.42976,2.56307,2.56307,3.11387,3.13524
14,4.432,2.56366,2.56366,3.11347,3.13487
14,4.5,2.58055,2.58055,3.10046,3.12293
14,4.53236,2.58794,2.58794,3.09384,3.11681
14,4.564,2.59476,2.59476,3.0871,3.11056
14,4.63733,2.60903,2.60903,3.07055,3.09515
14,4.696,2.61894,2.61894,3.0564,3.08191
14,4.74474,2.62616,2.62616,3.04407,3.07035
14,4.828,2.63642,2.63642,3.02188,3.04949
14,4.85464,2.63916,2.63916,3.0145,3.04253
14,4.96,2.64745,2.64745,2.98398,3.01373
14,4.96708,2.64787,2.64787,2.98186,3.01172
14,5,2.64958,2.64958,2.97186,3.00228
14,5.08213,2.65222,2.65222,2.94611,2.97791
14,5.092,2.65239,2.65239,2.94294,2.9749
14,5.19984,2.65218,2.65218,2.90719,2.94103
14,5.224,2.65164,2.65164,2.89891,2.93318
14,5.32028,2.6478,2.6478,2.86495,2.90098
14,5.356,2.64571,2.64571,2.85196,2.88865
14,5.4435,2.63916,2.63916,2.81924,2.85758
14,5.488,2.6351,2.6351,2.80212,2.84131
14,5.5,2.63392,2.63392,2.79744,2.83687
14,5.56958,2.62644,2.62644,2.76985,2.81065
14,5.62,2.62037,2.62037,2.74934,2.79115
14,5.69859,2.60987,2.60987,2.71649,2.75993
14,5.752,2.60208,2.60208,2.69356,2.73811
14,5.83058,2.58972,2.58972,2.65894,2.70514
14,5.884,2.58076,2.58076,2.63477,2.68212
14,5.96562,2.56629,2.56629,2.59681,2.64597
14,6,2.55993,2.55993,2.58046,2.63039
14,6.016,2.55692,2.55692,2.57278,2.62307
14,6.1038,2.5399,2.5399,2.52981,2.58207
14,6.148,2.53101,2.53101,2.50761,2.56089
14,6.24517,2.51085,2.51085,2.45749,2.51303
14,6.28,2.5034,2.5034,2.43908,2.49545
14,6.38982,2.47906,2.47906,2.37954,2.43851
14,6.412,2.47396,2.47396,2.36722,2.42673
14,6.5,2.45301,2.45301,2.31732,2.37899
14,6.53782,2.44365,2.44365,2.29536,2.35802
14,6.544,2.4421,2.4421,2.29175,2.35457
14,6.676,2.40769,2.40769,2.21291,2.27907
14,6.68925,2.4041,2.4041,2.20482,2.2713
14,6.808,2.37075,2.37075,2.13087,2.20005
14,6.84418,2.36018,2.36018,2.10787,2.17785
14,6.94,2.33127,2.33127,2.0459,2.1179
14,7,2.31249,2.31249,2.00627,2.07936
14,7.00271,2.31163,2.31163,2.00446,2.07761
14,7.072,2.28925,2.28925,1.95785,2.03229
14,7.1649,2.25815,2.25815,1.89416,1.97069
14,7.204,2.24468,2.24468,1.86705,1.94436
14,7.33085,2.1994,2.1994,1.77846,1.85682
14,7.336,2.19751,2.19751,1.77486,1.85323
14,7.468,2.1477,2.1477,1.68248,1.76147
14,7.5,2.13521,2.13521,1.65987,1.73894
14,7.50065,2.13496,2.13496,1.65941,1.73848
14,7.6,2.09517,2.09517,1.58884,1.66799
14,7.67438,2.06435,2.06435,1.53663,1.61642
14,7.732,2.03987,2.03987,1.49685,1.57666
14,7.85213,1.9871,1.9871,1.41698,1.49452
14,7.864,1.98176,1.98176,1.40933,1.48658
14,7.996,1.92078,1.92078,1.32657,1.40024
14,8,1.91889,1.91889,1.32413,1.39769
14,8.034,1.90269,1.90269,1.3036,1.37622
14,8.128,1.8569,1.8569,1.24927,1.31901
14,8.22008,1.81061,1.81061,1.19981,1.26616
14,8.26,1.7901,1.7901,1.17926,1.2442
14,8.392,1.7204,1.7204,1.11687,1.17593
14,8.41047,1.71042,1.71042,1.10879,1.16708
14,8.5,1.66125,1.66125,1.0713,1.12617
14,8.524,1.64786,1.64786,1.06177,1.1157
14,8.60527,1.60184,1.60184,1.03074,1.0819
14,8.656,1.5726,1.5726,1.01279,1.06205
14,8.788,1.49482,1.49482,0.970292,1.01515
14,8.80459,1.48488,1.48488,0.965336,1.00962
14,8.92,1.41479,1.41479,0.93316,0.973808
14,9,1.36534,1.36534,0.912891,0.951489
14,9.00852,1.36004,1.36004,0.910856,0.949227
14,9.052,1.33284,1.33284,0.900748,0.937977
14,9.184,1.24929,1.24929,0.872903,0.906761
14,9.21717,1.22807,1.22807,0.866531,0.899701
14,9.316,1.16463,1.16463,0.84889,0.880055
14,9.43065,1.09096,1.09096,0.830736,0.859791
14,9.448,1.07984,1.07984,0.828184,0.856945
14,9.5,1.04656,1.04656,0.820811,0.848732
14,9.58,0.99547,0.99547,0.81027,0.836981
14,9.64909,0.951603,0.951603,0.801851,0.827634
14,9.712,0.911991,0.911991,0.794702,0.819829
14,9.844,0.83032,0.83032,0.781119,0.804803
14,9.87257,0.812954,0.812954,0.778404,0.801801
14,9.976,0.751185,0.751185,0.769143,0.791614
14,10,0.737124,0.737124,0.767109,0.789391
14,10.1012,0.67908,0.67908,0.758946,0.780522
14,10.108,0.675279,0.675279,0.758422,0.779956
14,10.24,0.603088,0.603088,0.74867,0.769483
14,10.3352,0.553501,0.553501,0.74209,0.762533
14,10.372,0.53493,0.53493,0.739576,0.759955
14,10.5,0.472898,0.472898,0.730785,0.751367
14,10.504,0.471026,0.471026,0.73052,0.751106
14,10.5746,0.43862,0.43862,0.726093,0.74656
14,10.636,0.411371,0.411371,0.722686,0.742698
14,10.768,0.355872,0.355872,0.715473,0.734609
14,10.8195,0.335476,0.335476,0.712474,0.731499
14,10.9,0.304715,0.304715,0.707663,0.726646
14,11,0.267802,0.267802,0.701527,0.720577
14,11.032,0.256465,0.256465,0.699591,0.718624
14,11.0701,0.243462,0.243462,0.697331,0.716289
14,11.164,0.213793,0.213793,0.69189,0.710493
14,11.296,0.172654,0.172654,0.683488,0.702518
14,11.3265,0.163505,0.163505,0.681447,0.700741
14,11.428,0.134336,0.134336,0.674825,0.694528
14,11.5,0.11474,0.11474,0.670259,0.689633
14,11.56,0.0989219,0.0989219,0.666369,0.68557
14,11.5889,0.0915032,0.0915032,0.66445,0.683667
14,11.692,0.0660725,0.0660725,0.657605,0.676827
14,11.824,0.0353582,0.0353582,0.648227,0.667685
14,11.8573,0.0278117,0.0278117,0.645658,0.665281
14,11.956,0.0056506,0.0056506,0.638157,0.657978
14,12,0,0,0.634929,0.654658
14,12.088,0,0,0.628661,0.647952
14,12.1319,0,0,0.625528,0.644619
14,12.22,0,0,0.618365,0.638048
14,12.352,0,0,0.607284,0.627526
14,12.4129,0,0,0.602436,0.622152
14,12.484,0,0,0.596485,0.616095
14,12.5,0,0,0.595076,0.614795
14,12.616,0,0,0.584388,0.605498
14,12.7004,0,0,0.57677,0.597501
14,12.748,0,0,0.572606,0.59321
14,12.88,0,0,0.560712,0.581378
14,12.9946,0,0,0.549586,0.570356
14,13,0,0,0.549065,0.569851
14,13.012,0,0,0.547923,0.568742
14,13.144,0,0,0.535457,0.55607
14,13.276,0,0,0.522284,0.542869
14,13.2956,0,0,0.520239,0.540991
14,13.408,0,0,0.508622,0.529418
14,13.5,0,0,0.499057,0.519913
14,13.54,0,0,0.494906,0.515727
14,13.6035,0,0,0.488342,0.509003
14,13.672,0,0,0.480746,0.501693
14,13.804,0,0,0.466556,0.487348
14,13.9186,0,0,0.453714,0.474682
14,13.936,0,0,0.45177,0.472739
14,14,0,0,0.444547,0.465551
14,14.068,0,0,0.43682,0.457826
14,14.2,0,0,0.421668,0.44262
14,14.241,0,0,0.416911,0.437847
14,14.332,0,0,0.406179,0.427167
14,14.464,0,0,0.390535,0.411651
14,14.5,0,0,0.38623,0.407348
14,14.5708,0,0,0.37772,0.398773
14,14.596,0,0,0.374674,0.3957
14,14.728,0,0,0.358576,0.379501
14,14.86,0,0,0.34226,0.36326
14,14.9083,0,0,0.336239,0.357241
14,14.992,0,0,0.325734,0.346667
14,15,0,0,0.324726,0.345646
14,15.124,0,0,0.309004,0.32994
14,15.2536,0,0,0.292386,0.31337
14,15.256,0,0,0.292076,0.313052
14,15.388,0,0,0.274977,0.295761
14,15.5,0,0,0.260319,0.281163
14,15.52,0,0,0.25768,0.278478
14,15.6069,0,0,0.246148,0.266864
14,15.652,0,0,0.240149,0.260849
14,15.784,0,0,0.222642,0.243341
14,15.916,0,0,0.204957,0.225423
14,15.9684,0,0,0.197842,0.218237
14,16,0,0,0.193528,0.213879
14,16.048,0,0,0.186959,0.207308
14,16.18,0,0,0.168796,0.189166
14,16.312,0,0,0.15059,0.170821
14,16.3382,0,0,0.146937,0.167164
14,16.444,0,0,0.132125,0.1524
14,16.5,0,0,0.124301,0.144488
14,16.576,0,0,0.113767,0.133764
14,16.708,0,0,0.0952475,0.115
14,16.7167,0,0,0.0940148,0.113773
14,16.84,0,0,0.0763338,0.0961926
14,16.972,0,0,0.0574495,0.0770801
14,17,0,0,0.0534367,0.0729617
14,17.1038,0,0,0.0384512,0.0580393
14,17.104,0,0,0.0384286,0.0580171
14,17.236,0,0,0.0191511,0.0388015
14,17.368,0,0,0,0.0194098
14,17.5,0,0,0,0
15,1,0,0,0,0
15,1.0219,0,0,0,0
15,1.04428,0,0,0,0
15,1.06715,0,0,0,0
15,1.09052,0,0,0,0
15,1.112,0,0,0,0
15,1.11441,0,0,0,0
15,1.13881,0,0,0,0
15,1.16375,0,0,0,0
15,1.18924,0,0,0,0
15,1.21529,0,0,0,0
15,1.224,0,0,0,0
15,1.2419,0,0,0,0
15,1.2691,0,0,0,0
15,1.29689,0,0,0,0
15,1.3253,0,0,0,0
15,1.336,0,0,0,0
15,1.35432,0,0,0,0
15,1.38398,0,0,0,0
15,1.41429,0,0,0,0
15,1.44527,0,0,0,0
15,1.448,0,0,0,0
15,1.47692,0,0,0,0
15,1.5,0,0,0,0
15,1.50927,0,0,0,0
15,1.54232,0,0,0,0
15,1.56,0,0,0,0
15,1.5761,0,0,0,0
15,1.61062,0,0,0,0
15,1.64589,0,0,0,0
15,1.672,0,0,0,0
15,1.68194,0,0,0,0
15,1.71877,0,0,0,0
15,1.75641,0,0,0,0
15,1.784,0,0,0,0
15,1.79488,0,0,0,0
15,1.83419,0,0,0,0
15,1.87436,0,0,0,0
15,1.896,0,0,0,0
15,1.91541,0,0,0,0
15,1.95736,0,0,0,0
15,2,0,0,0,0
15,2.00023,0,0,0,0
15,2.008,0,0,0,0
15,2.04403,0,0,0,0
15,2.0888,0,0,0,0
15,2.12,0,0,0,0
15,2.13455,0,0,0,0
15,2.18129,0,0,0,0
15,2.22907,0,0,0,0
15,2.232,0,0,0,0
15,2.27788,0.154874,0.154874,0,0
15,2.32777,0.336056,0.336056,0,0
15,2.344,0.390482,0.390482,0,0
15,2.37875,0.500553,0.500553,0,0
15,2.43085,0.650986,0.650986,0,0
15,2.456,0.718157,0.718157,0,0
15,2.48409,0.789434,0.789434,0,0
15,2.5,0.828228,0.828228,0,0
15,2.53849,0.917562,0.917562,0,0
15,2.568,0.982218,0.982218,0,0
15,2.59408,1.03676,1.03676,0,0
15,2.6509,1.14795,1.14795,0,0
15,2.68,1.2012,1.2012,0,0
15,2.70895,1.25202,1.25202,0,0
15,2.76828,1.34978,1.34978,0,0
15,2.792,1.3867,1.3867,0,0
15,2.82891,1.44183,1.44183,0,0
15,2.89086,1.52868,1.52868,0,0
15,2.904,1.54623,1.54623,0,0
15,2.95418,1.6108,1.6108,0.0580601,0
15,3,1.6665,1.6665,0.165224,0.0237725
15,3.016,1.68526,1.68526,0.201889,0.0608988
15,3.01888,1.6886,1.6886,0.208437,0.0675257
15,3.08499,1.7624,1.7624,0.355557,0.216655
15,3.128,1.80746,1.80746,0.447976,0.310456
15,3.15256,1.8322,1.8322,0.49965,0.363034
15,3.2216,1.89866,1.89866,0.640911,0.506379
15,3.24,1.91559,1.91559,0.677594,0.543739
15,3.29215,1.9619,1.9619,0.7791,0.647702
15,3.352,2.01223,2.01223,0.891763,0.763659
15,3.36425,2.02218,2.02218,0.914388,0.786951
15,3.43793,2.07975,2.07975,1.04709,0.924486
15,3.464,2.0992,2.0992,1.09233,0.971295
15,3.5,2.12532,2.12532,1.15408,1.03493
15,3.51323,2.13471,2.13471,1.17649,1.05804
15,3.576,2.17773,2.17773,1.28187,1.16584
15,3.59017,2.18711,2.18711,1.30501,1.18971
15,3.6688,2.23699,2.23699,1.42915,1.31915
15,3.688,2.24863,2.24863,1.45872,1.34993
15,3.74915,2.2844,2.2844,1.55118,1.44578
15,3.8,2.31263,2.31263,1.62572,1.52293
15,3.83126,2.32932,2.32932,1.67054,1.56986
15,3.912,2.37026,2.37026,1.78282,1.68751
15,3.91516,2.3718,2.3718,1.78712,1.69202
15,4,2.41133,2.41133,1.89973,1.81034
15,4.00091,2.41173,2.41173,1.90091,1.81158
15,4.024,2.42192,2.42192,1.93065,1.84289
15,4.08853,2.4491,2.4491,2.0118,1.92847
15,4.136,2.46791,2.46791,2.06966,1.98964
15,4.17807,2.48378,2.48378,2.11967,2.04262
15,4.248,2.50847,2.50847,2.20019,2.12812
15,4.26958,2.51567,2.51567,2.22438,2.15387
15,4.36,2.54374,2.54374,2.32241,2.25853
15,4.36308,2.54463,2.54463,2.32567,2.262
15,4.45864,2.57051,2.57051,2.42328,2.36674
15,4.472,2.57384,2.57384,2.43645,2.38091
15,4.5,2.58057,2.58057,2.46364,2.41024
15,4.55629,2.59315,2.59315,2.51673,2.46764
15,4.584,2.59887,2.59887,2.54209,2.49513
15,4.65607,2.61235,2.61235,2.60554,2.5642
15,4.696,2.61895,2.61895,2.6391,2.60093
15,4.75805,2.62798,2.62798,2.689,2.65573
15,4.808,2.6342,2.6342,2.7271,2.69781
15,4.86225,2.6399,2.6399,2.7663,2.74135
15,4.92,2.64477,2.64477,2.80549,2.78517
15,4.96874,2.64797,2.64797,2.83647,2.82002
15,5,2.64958,2.64958,2.85529,2.84132
15,5.032,2.65088,2.65088,2.87369,2.86224
15,5.07756,2.65213,2.65213,2.89833,2.89043
15,5.144,2.65275,2.65275,2.93095,2.92812
15,5.18876,2.65238,2.65238,2.95066,2.95115
15,5.256,2.65067,2.65067,2.97671,2.98203
15,5.3024,2.64872,2.64872,2.99216,3.00065
15,5.368,2.64493,2.64493,3.01045,3.02311
15,5.41852,2.64123,2.64123,3.0216,3.03719
15,5.48,2.63586,2.63586,3.03169,3.05055
15,5.5,2.63392,2.63392,3.03417,3.05401
15,5.53719,2.63006,2.63006,3.03772,3.05928
15,5.592,2.62381,2.62381,3.04042,3.06429
15,5.65846,2.61538,2.61538,3.03967,3.06589
15,5.704,2.60911,2.60911,3.03662,3.06412
15,5.78239,2.59742,2.59742,3.02656,3.05558
15,5.816,2.59209,2.59209,3.02042,3.04988
15,5.90903,2.57642,2.57642,2.99801,3.02834
15,5.928,2.57307,2.57307,2.99252,3.02298
15,6,2.55993,2.55993,2.96896,2.9993
15,6.03844,2.55265,2.55265,2.95455,2.98432
15,6.04,2.55235,2.55235,2.95394,2.98368
15,6.152,2.5302,2.5302,2.90477,2.9337
15,6.17068,2.52638,2.52638,2.89572,2.92489
15,6.264,2.50683,2.50683,2.84863,2.87544
15,6.30583,2.49779,2.49779,2.82623,2.85082
15,6.376,2.48221,2.48221,2.78578,2.8093
15,6.44393,2.4665,2.4665,2.74428,2.76546
15,6.488,2.45594,2.45594,2.71694,2.736
15,6.5,2.45301,2.45301,2.70941,2.72803
15,6.58506,2.43168,2.43168,2.65444,2.67009
15,6.6,2.42782,2.42782,2.64443,2.65941
15,6.712,2.39787,2.39787,2.56616,2.5753
15,6.72927,2.39309,2.39309,2.55389,2.56221
15,6.824,2.3661,2.3661,2.48747,2.49018
15,6.87665,2.35053,2.35053,2.45073,2.45088
15,6.936,2.3325,2.3325,2.40958,2.40651
15,7,2.31248,2.31248,2.36569,2.35938
15,7.02725,2.30378,2.30378,2.34709,2.33939
15,7.048,2.29708,2.29708,2.33298,2.32422
15,7.16,2.25982,2.25982,2.2577,2.24352
15,7.18116,2.25257,2.25257,2.2437,2.22852
15,7.272,2.2207,2.2207,2.18441,2.16488
15,7.33843,2.1966,2.1966,2.14206,2.1195
15,7.384,2.17969,2.17969,2.11359,2.08885
15,7.496,2.13676,2.13676,2.04589,2.01597
15,7.49915,2.13552,2.13552,2.04403,2.01397
15,7.5,2.13519,2.13519,2.04353,2.01343
15,7.608,2.09188,2.09188,1.98155,1.94665
15,7.66338,2.06895,2.06895,1.95103,1.91379
15,7.72,2.04501,2.04501,1.9208,1.88114
15,7.83122,1.99646,1.99646,1.86435,1.82007
15,7.832,1.99611,1.99611,1.86397,1.81966
15,7.944,1.94516,1.94516,1.81182,1.76239
15,8,1.9189,1.9189,1.78763,1.73541
15,8.00273,1.91761,1.91761,1.78648,1.73412
15,8.056,1.89212,1.89212,1.76455,1.70952
15,8.168,1.83698,1.83698,1.72126,1.66114
15,8.17799,1.83196,1.83196,1.71757,1.65704
15,8.28,1.77974,1.77974,1.6813,1.61727
15,8.3571,1.73912,1.73912,1.65605,1.58971
15,8.392,1.72042,1.72042,1.64537,1.57795
15,8.5,1.66128,1.66128,1.61542,1.54429
15,8.504,1.65905,1.65905,1.6144,1.54313
15,8.54013,1.63883,1.63883,1.60551,1.53288
15,8.616,1.59572,1.59572,1.58837,1.51273
15,8.72716,1.53105,1.53105,1.56586,1.48686
15,8.728,1.53055,1.53055,1.5657,1.48669
15,8.84,1.46366,1.46366,1.54642,1.46503
15,8.91829,1.41602,1.41602,1.5355,1.45233
15,8.952,1.3953,1.3953,1.53155,1.44748
15,9,1.36561,1.36561,1.52679,1.44121
15,9.064,1.32571,1.32571,1.52163,1.43399
15,9.11361,1.29454,1.29454,1.51811,1.42927
15,9.176,1.25517,1.25517,1.51394,1.42438
15,9.288,1.18408,1.18408,1.50862,1.41853
15,9.31321,1.16805,1.16805,1.50795,1.41771
15,9.4,1.11272,1.11272,1.50733,1.41623
15,9.5,1.04883,1.04883,1.5096,1.41709
15,9.512,1.04117,1.04117,1.51004,1.41737
15,9.51717,1.03787,1.03787,1.51024,1.41751
15,9.624,0.969909,0.969909,1.51527,1.42176
15,9.72561,0.905951,0.905951,1.5222,1.42834
15,9.736,0.899464,0.899464,1.52304,1.42915
15,9.848,0.830375,0.830375,1.53367,1.43936
15,9.9386,0.77577,0.77577,1.54396,1.44965
15,9.96,0.763076,0.763076,1.5466,1.45233
15,10,0.739578,0.739578,1.55174,1.4576
15,10.072,0.698128,0.698128,1.56172,1.46785
15,10.1563,0.650995,0.650995,1.57456,1.48103
15,10.184,0.635821,0.635821,1.57903,1.48563
15,10.296,0.576206,0.576206,1.5983,1.50557
15,10.3787,0.533981,0.533981,1.61362,1.52162
15,10.408,0.519408,0.519408,1.61925,1.52755
15,10.5,0.475263,0.475263,1.63765,1.54698
15,10.52,0.466008,0.466008,1.64179,1.55136
15,10.606,0.427291,0.427291,1.66013,1.57071
15,10.632,0.415863,0.415863,1.66583,1.57674
15,10.744,0.368066,0.368066,1.69103,1.60361
15,10.8383,0.330494,0.330494,1.71312,1.62728
15,10.856,0.323693,0.323693,1.71736,1.63182
15,10.968,0.281689,0.281689,1.7447,1.6612
15,11,0.270047,0.270047,1.75265,1.66978
15,11.0756,0.244323,0.244323,1.77165,1.69036
15,11.08,0.242909,0.242909,1.77276,1.69156
15,11.192,0.206242,0.206242,1.80141,1.72273
15,11.304,0.170694,0.170694,1.82658,1.75454
15,11.3182,0.16644,0.16644,1.82886,1.75842
15,11.416,0.138619,0.138619,1.83452,1.77875
15,11.5,0.115219,0.115219,1.82594,1.78286
15,11.528,0.107564,0.107564,1.82098,1.78178
15,11.5661,0.0975925,0.0975925,1.8127,1.77859
15,11.64,0.0795301,0.0795301,1.79186,1.76717
15,11.752,0.0528218,0.0528218,1.7489,1.73798
15,11.8194,0.0377695,0.0377695,1.7168,1.71393
15,11.864,0.0282152,0.0282152,1.69316,1.69543
15,11.976,0.00280877,0.00280877,1.62581,1.64028
15,12,0,0,1.6097,1.62689
15,12.0782,0,0,1.5544,1.57958
15,12.088,0,0,1.54717,1.5733
15,12.2,0,0,1.45869,1.49505
15,12.312,0,0,1.36119,1.40669
15,12.3428,0,0,1.33288,1.38108
15,12.424,0,0,1.25574,1.31063
15,12.5,0,0,1.1793,1.24001
15,12.536,0,0,1.14215,1.20541
15,12.6131,0,0,1.06003,1.12905
15,12.648,0,0,1.02161,1.09301
15,12.76,0,0,0.894969,0.973687
15,12.872,0,0,0.76259,0.846794
15,12.8893,0,0,0.741702,0.826664
15,12.984,0,0,0.624913,0.714893
15,13,0,0,0.604818,0.695589
15,13.096,0,0,0.48224,0.577601
15,13.1716,0,0,0.383386,0.482145
15,13.208,0,0,0.334965,0.435413
15,13.32,0,0,0.183335,0.288862
15,13.432,0,0,0.0283542,0.137745
15,13.4601,0,0,0,0.0993357
15,13.5,0,0,0,0.0437567
15,13.544,0,0,0,0
15,13.656,0,0,0,0
15,13.7549,0,0,0,0
15,13.768,0,0,0,0
15,13.88,0,0,0,0
15,13.992,0,0,0,0
15,14,0,0,0,0
15,14.0561,0,0,0,0
15,14.104,0,0,0,0
15,14.216,0,0,0,0
15,14.328,0,0,0,0
15,14.3639,0,0,0,0
15,14.44,0,0,0,0
15,14.5,0,0,0,0
15,14.552,0,0,0,0
15,14.664,0,0,0,0
15,14.6785,0,0,0,0
15,14.776,0,0,0,0
15,14.888,0,0,0,0
15,15,0,0,0,0
16,1,0,0,0,0
16,1.02292,0,0,0,0
16,1.04637,0,0,0,0
16,1.07036,0,0,0,0
16,1.0949,0,0,0,0
16,1.12,0,0,0,0
16,1.128,0,0,0,0
16,1.14568,0,0,0,0
16,1.17194,0,0,0,0
16,1.19881,0,0,0,0
16,1.22629,0,0,0,0
16,1.2544,0,0,0,0
16,1.256,0,0,0,0
16,1.28316,0,0,0,0
16,1.31257,0,0,0,0
16,1.34266,0,0,0,0
16,1.37344,0,0,0,0
16,1.384,0,0,0,0
16,1.40493,0,0,0,0
16,1.43713,0,0,0,0
16,1.47008,0,0,0,0
16,1.5,0,0,0,0
16,1.50378,0,0,0,0
16,1.512,0,0,0,0
16,1.53825,0,0,0,0
16,1.57352,0,0,0,0
16,1.60959,0,0,0,0
16,1.64,0,0,0,0
16,1.64649,0,0,0,0
16,1.68423,0,0,0,0
16,1.72284,0,0,0,0
16,1.76234,0,0,0,0
16,1.768,0,0,0,0
16,1.80274,0,0,0,0
16,1.84407,0,0,0,0
16,1.88634,0,0,0,0
16,1.896,0,0,0,0
16,1.92959,0,0,0,0
16,1.97382,0,0,0,0
16,2,0,0,0,0
16,2.01907,0,0,0,0
16,2.024,0,0,0,0
16,2.06536,0,0,0,0
16,2.1127,0,0,0,0
16,2.152,0,0,0,0
16,2.16114,0,0,0,0
16,2.21068,0,0,0,0
16,2.26136,0.0896408,0.0896408,0,0
16,2.28,0.163024,0.163024,0,0
16,2.3132,0.28538,0.28538,0,0
16,2.36623,0.461845,0.461845,0,0
16,2.408,0.586996,0.586996,0,0
16,2.42047,0.622285,0.622285,0,0
16,2.47596,0.769187,0.769187,0,0
16,2.5,0.82823,0.82823,0,0
16,2.53272,0.904539,0.904539,0,0
16,2.536,0.911958,0.911958,0,0
16,2.59078,1.02997,1.02997,0,0
16,2.65017,1.1466,1.1466,0,0
16,2.664,1.17223,1.17223,0,0
16,2.71093,1.25541,1.25541,0,0
16,2.77307,1.35734,1.35734,0,0
16,2.792,1.3867,1.3867,0,0
16,2.83665,1.45305,1.45305,0.0136647,0
16,2.90168,1.54315,1.54315,0.100633,0
16,2.92,1.56725,1.56725,0.124431,0
16,2.96819,1.62815,1.62815,0.185595,0.0490235
16,3,1.6665,1.6665,0.224875,0.0905788
16,3.03624,1.70852,1.70852,0.268627,0.136853
16,3.048,1.7218,1.7218,0.282603,0.15163
16,3.10584,1.78453,1.78453,0.349807,0.222677
16,3.176,1.85528,1.85528,0.428057,0.305404
16,3.17704,1.85629,1.85629,0.429195,0.306608
16,3.24988,1.92457,1.92457,0.50685,0.388898
16,3.304,1.97211,1.97211,0.562392,0.447937
16,3.32438,1.98938,1.98938,0.582849,0.469696
16,3.40059,2.05109,2.05109,0.657229,0.548691
16,3.432,2.07529,2.07529,0.686959,0.580148
16,3.47854,2.10989,2.10989,0.730044,0.625667
16,3.5,2.12536,2.12536,0.749533,0.646268
16,3.55829,2.16587,2.16587,0.801332,0.70118
16,3.56,2.16703,2.16703,0.802828,0.702771
16,3.63986,2.21908,2.21908,0.871114,0.775494
16,3.688,2.24867,2.24867,0.910895,0.817671
16,3.7233,2.26956,2.26956,0.939435,0.847734
16,3.80866,2.31733,2.31733,1.00632,0.91789
16,3.816,2.32127,2.32127,1.01194,0.923785
16,3.89597,2.36241,2.36241,1.07178,0.986626
16,3.944,2.38564,2.38564,1.10658,1.02314
16,3.98528,2.40473,2.40473,1.13582,1.0538
16,4,2.41135,2.41135,1.1461,1.06457
16,4.072,2.44234,2.44234,1.19532,1.11617
16,4.07664,2.44425,2.44425,1.19844,1.11944
16,4.1701,2.48085,2.48085,1.25961,1.18363
16,4.2,2.49177,2.49177,1.27859,1.20356
16,4.2657,2.51441,2.51441,1.31931,1.2464
16,4.328,2.53421,2.53421,1.35672,1.28591
16,4.36348,2.54477,2.54477,1.3775,1.30792
16,4.456,2.56986,2.56986,1.42995,1.36353
16,4.46352,2.57175,2.57175,1.43411,1.36794
16,4.5,2.58058,2.58058,1.45403,1.3891
16,4.56584,2.59517,2.59517,1.48903,1.42631
16,4.584,2.59889,2.59889,1.49847,1.43635
16,4.67051,2.61482,2.61482,1.54216,1.4829
16,4.712,2.62143,2.62143,1.56238,1.50447
16,4.77758,2.63053,2.63053,1.59337,1.53756
16,4.84,2.6377,2.6377,1.62175,1.56795
16,4.8871,2.64215,2.64215,1.64244,1.59015
16,4.968,2.64793,2.64793,1.67651,1.6268
16,4.99914,2.64955,2.64955,1.68912,1.64041
16,5,2.64959,2.64959,1.68947,1.64078
16,5.096,2.65245,2.65245,1.72657,1.68097
16,5.11374,2.65265,2.65265,1.73313,1.6881
16,5.224,2.65165,2.65165,1.77185,1.73038
16,5.23097,2.65146,2.65146,1.77418,1.73294
16,5.35089,2.64603,2.64603,1.81203,1.77461
16,5.352,2.64596,2.64596,1.81236,1.77498
16,5.47355,2.63647,2.63647,1.84638,1.81285
16,5.48,2.63586,2.63586,1.84806,1.81474
16,5.5,2.63392,2.63392,1.8532,1.8205
16,5.59903,2.62296,2.62296,1.87689,1.84731
16,5.608,2.62186,2.62186,1.87889,1.84959
16,5.72739,2.60573,2.60573,1.90328,1.87768
16,5.736,2.60446,2.60446,1.90488,1.87954
16,5.85868,2.58506,2.58506,1.92532,1.90367
16,5.864,2.58416,2.58416,1.92611,1.90462
16,5.992,2.56142,2.56142,1.94274,1.92493
16,5.99299,2.56123,2.56123,1.94286,1.92507
16,6,2.55992,2.55992,1.94364,1.92605
16,6.12,2.53665,2.53665,1.95499,1.94065
16,6.13038,2.53457,2.53457,1.9558,1.94173
16,6.248,2.51024,2.51024,1.96306,1.952
16,6.27091,2.50535,2.50535,1.96408,1.95359
16,6.376,2.48221,2.48221,1.9672,1.95927
16,6.41467,2.47336,2.47336,1.96775,1.96071
16,6.5,2.45303,2.45303,1.96794,1.96273
16,6.504,2.45205,2.45205,1.96791,1.96278
16,6.56173,2.43765,2.43765,1.96722,1.96324
16,6.632,2.41946,2.41946,1.96556,1.96293
16,6.71215,2.39783,2.39783,1.96262,1.96147
16,6.76,2.38448,2.38448,1.9604,1.96007
16,6.86602,2.3537,2.3537,1.9544,1.9557
16,6.888,2.34712,2.34712,1.95298,1.95459
16,7,2.31248,2.31248,1.9448,1.94793
16,7.016,2.30738,2.30738,1.94351,1.94685
16,7.02342,2.305,2.305,1.9429,1.94634
16,7.144,2.26525,2.26525,1.93231,1.93721
16,7.18443,2.25144,2.25144,1.92846,1.93383
16,7.272,2.2207,2.2207,1.91969,1.92601
16,7.34913,2.19267,2.19267,1.91151,1.91861
16,7.4,2.17369,2.17369,1.9059,1.9135
16,7.5,2.1352,2.1352,1.89444,1.90298
16,7.51761,2.12827,2.12827,1.89237,1.90106
16,7.528,2.12415,2.12415,1.89114,1.89992
16,7.656,2.07205,2.07205,1.87554,1.88545
16,7.68994,2.0578,2.0578,1.87128,1.88148
16,7.784,2.01734,2.01734,1.85924,1.87023
16,7.86623,1.98077,1.98077,1.84844,1.86011
16,7.912,1.95993,1.95993,1.84232,1.85438
16,8,1.91889,1.91889,1.83037,1.84316
16,8.04,1.89981,1.89981,1.82486,1.83798
16,8.04656,1.89665,1.89665,1.82395,1.83712
16,8.168,1.83694,1.83694,1.8069,1.82109
16,8.23103,1.80498,1.80498,1.79789,1.81262
16,8.296,1.77134,1.77134,1.78849,1.80377
16,8.41972,1.70534,1.70534,1.77029,1.78665
16,8.424,1.70301,1.70301,1.76965,1.78605
16,8.5,1.66119,1.66119,1.75827,1.77536
16,8.552,1.63205,1.63205,1.75041,1.76796
16,8.61274,1.59747,1.59747,1.74114,1.75925
16,8.68,1.55855,1.55855,1.73077,1.74952
16,8.808,1.48271,1.48271,1.71075,1.73073
16,8.81018,1.4814,1.4814,1.7104,1.7304
16,8.936,1.40477,1.40477,1.69035,1.7116
16,9,1.36513,1.36513,1.68001,1.70191
16,9.01215,1.35756,1.35756,1.67803,1.70006
16,9.064,1.32511,1.32511,1.66957,1.69214
16,9.192,1.24412,1.24412,1.64842,1.67236
16,9.21875,1.22709,1.22709,1.64395,1.66818
16,9.32,1.1624,1.1624,1.62689,1.65224
16,9.43008,1.09193,1.09193,1.60807,1.63468
16,9.448,1.08048,1.08048,1.60498,1.6318
16,9.5,1.04734,1.04734,1.59597,1.6234
16,9.576,0.99915,0.99915,1.58269,1.61102
16,9.64626,0.954916,0.954916,1.57029,1.59948
16,9.704,0.91874,0.91874,1.56001,1.58991
16,9.832,0.839828,0.839828,1.53695,1.56847
16,9.8674,0.818388,0.818388,1.5305,1.56248
16,9.96,0.763117,0.763117,1.5135,1.54669
16,10,0.739704,0.739704,1.50609,1.53982
16,10.088,0.689257,0.689257,1.48965,1.52457
16,10.0936,0.686098,0.686098,1.48859,1.5236
16,10.216,0.618789,0.618789,1.4654,1.50211
16,10.325,0.561702,0.561702,1.44444,1.48271
16,10.344,0.552027,0.552027,1.44075,1.4793
16,10.472,0.489173,0.489173,1.41569,1.45615
16,10.5,0.475943,0.475943,1.41016,1.45103
16,10.5617,0.447489,0.447489,1.39789,1.43971
16,10.6,0.430252,0.430252,1.39023,1.43264
16,10.728,0.375223,0.375223,1.36435,1.40878
16,10.8038,0.344407,0.344407,1.34882,1.39447
16,10.856,0.32394,0.32394,1.33805,1.38456
16,10.984,0.276244,0.276244,1.31133,1.35998
16,11,0.270516,0.270516,1.30796,1.35688
16,11.0515,0.252456,0.252456,1.29708,1.34687
16,11.112,0.23191,0.23191,1.28419,1.33504
16,11.24,0.190735,0.190735,1.25663,1.30973
16,11.3048,0.170982,0.170982,1.24251,1.29677
16,11.368,0.152446,0.152446,1.22865,1.28406
16,11.496,0.116846,0.116846,1.20024,1.25802
16,11.5,0.115773,0.115773,1.19935,1.2572
16,11.564,0.098914,0.098914,1.18498,1.24404
16,11.624,0.083624,0.083624,1.17142,1.23161
16,11.752,0.0521377,0.0521377,1.14216,1.20484
16,11.8291,0.0335618,0.0335618,1.12433,1.18853
16,11.88,0.0219884,0.0219884,1.11247,1.17769
16,12,0,0,1.08424,1.1519
16,12.008,0,0,1.08235,1.15017
16,12.1003,0,0,1.06038,1.1301
16,12.136,0,0,1.05182,1.12228
16,12.264,0,0,1.02088,1.09402
16,12.3777,0,0,0.993074,1.06862
16,12.392,0,0,0.989542,1.0654
16,12.5,0,0,0.962762,1.04096
16,12.52,0,0,0.957767,1.0364
16,12.648,0,0,0.925526,1.00704
16,12.6614,0,0,0.922123,1.00395
16,12.776,0,0,0.89289,0.977327
16,12.904,0,0,0.859895,0.94725
16,12.9517,0,0,0.847516,0.935957
16,13,0,0,0.834914,0.924458
16,13.032,0,0,0.826541,0.916817
16,13.16,0,0,0.792803,0.886038
16,13.2486,0,0,0.769203,0.864534
16,13.288,0,0,0.758627,0.854911
16,13.416,0,0,0.723999,0.823445
16,13.5,0,0,0.701094,0.802617
16,13.544,0,0,0.689039,0.791652
16,13.5523,0,0,0.68676,0.789579
16,13.672,0,0,0.653733,0.759541
16,13.8,0,0,0.618042,0.727114
16,13.863,0,0,0.600368,0.711055
16,13.928,0,0,0.582057,0.694407
16,14,0,0,0.561706,0.675892
16,14.056,0,0,0.545823,0.661433
16,14.1808,0,0,0.510248,0.629024
16,14.184,0,0,0.509327,0.628184
16,14.312,0,0,0.472603,0.594635
16,14.44,0,0,0.435706,0.560865
16,14.5,0,0,0.418342,0.54497
16,14.5059,0,0,0.41664,0.543413
16,14.568,0,0,0.398594,0.526905
16,14.696,0,0,0.361215,0.492734
16,14.824,0,0,0.323698,0.458288
16,14.8384,0,0,0.319465,0.454395
16,14.952,0,0,0.286024,0.423656
16,15,0,0,0.271837,0.410643
16,15.08,0,0,0.248096,0.388926
16,15.1786,0,0,0.218813,0.362106
16,15.208,0,0,0.210073,0.354084
16,15.336,0,0,0.172093,0.319062
16,15.464,0,0,0.134164,0.283899
16,15.5,0,0,0.123502,0.274011
16,15.5265,0,0,0.115652,0.266724
16,15.592,0,0,0.0963201,0.248748
16,15.72,0,0,0.0586631,0.213597
16,15.848,0,0,0.0211245,0.178368
16,15.8825,0,0,0.0110117,0.168847
16,15.976,0,0,0,0.143017
16,16,0,0,0,0.136396
16,16.104,0,0,0,0.107737
16,16.232,0,0,0,0.0725036
16,16.2466,0,0,0,0.0684948
16,16.36,0,0,0,0.0373628
16,16.488,0,0,0,0.00238944
16,16.5,0,0,0,0
16,16.616,0,0,0,0
16,16.619,0,0,0,0
16,16.744,0,0,0,0
16,16.872,0,0,0,0
16,17,0,0,0,0
17,1,0,0,0,0
17,1.02217,0,0,0,0
17,1.04483,0,0,0,0
17,1.06799,0,0,0,0
17,1.09167,0,0,0,0
17,1.11587,0,0,0,0
17,1.116,0,0,0,0
17,1.14061,0,0,0,0
17,1.16589,0,0,0,0
17,1.19174,0,0,0,0
17,1.21816,0,0,0,0
17,1.232,0,0,0,0
17,1.24516,0,0,0,0
17,1.27277,0,0,0,0
17,1.30098,0,0,0,0
17,1.32983,0,0,0,0
17,1.348,0,0,0,0
17,1.35931,0,0,0,0
17,1.38944,0,0,0,0
17,1.42024,0,0,0,0
17,1.45173,0,0,0,0
17,1.464,0,0,0,0
17,1.48391,0,0,0,0
17,1.5,0,0,0,0
17,1.51681,0,0,0,0
17,1.55043,0,0,0,0
17,1.58,0,0,0,0
17,1.5848,0,0,0,0
17,1.61994,0,0,0,0
17,1.65585,0,0,0,0
17,1.69256,0,0,0,0
17,1.696,0,0,0,0
17,1.73008,0,0,0,0
17,1.76843,0,0,0,0
17,1.80764,0,0,0,0
17,1.812,0,0,0,0
17,1.84771,0,0,0,0
17,1.88867,0,0,0,0
17,1.928,0,0,0,0
17,1.93054,0,0,0,0
17,1.97334,0,0,0,0
17,2,0,0,0,0
17,2.01709,0,0,0,0
17,2.044,0,0,0,0
17,2.0618,0,0,0,0
17,2.10751,0,0,0,0
17,2.15423,0,0,0,0
17,2.16,0,0,0,0
17,2.20199,0,0,0,0
17,2.25081,0.046474,0.046474,0,0
17,2.276,0.147572,0.147572,0,0
17,2.3007,0.240503,0.240503,0,0
17,2.35171,0.415629,0.415629,0,0
17,2.392,0.540373,0.540373,0,0
17,2.40384,0.575031,0.575031,0,0
17,2.45713,0.721105,0.721105,0,0
17,2.5,0.828226,0.828226,0,0
17,2.508,0.847299,0.847299,0,0
17,2.51161,0.855802,0.855802,0,0
17,2.56729,0.98069,0.98069,0,0
17,2.624,1.09655,1.09655,0,0
17,2.6242,1.09694,1.09694,0,0
17,2.68237,1.20544,1.20544,0,0
17,2.74,1.3042,1.3042,0,0
17,2.74184,1.30722,1.30722,0,0
17,2.80262,1.40285,1.40285,0,0
17,2.856,1.48065,1.48065,0,0
17,2.86475,1.49291,1.49291,0,0
17,2.92826,1.57794,1.57794,0,0
17,2.972,1.63281,1.63281,0.1817,0
17,2.99318,1.65839,1.65839,0.265694,0
17,3,1.6665,1.6665,0.291827,0.000609578
17,3.05953,1.73465,1.73465,0.503145,0.240863
17,3.088,1.76562,1.76562,0.594783,0.344129
17,3.12736,1.8068,1.8068,0.712955,0.476574
17,3.19669,1.8752,1.8752,0.900496,0.685172
17,3.204,1.88214,1.88214,0.918917,0.705564
17,3.26756,1.94035,1.94035,1.06971,0.871861
17,3.32,1.98563,1.98563,1.18283,0.995915
17,3.34,2.00232,2.00232,1.22359,1.04048
17,3.41404,2.06145,2.06145,1.36444,1.19397
17,3.436,2.07823,2.07823,1.40344,1.23634
17,3.48973,2.1179,2.1179,1.49406,1.33459
17,3.5,2.12527,2.12527,1.51067,1.35256
17,3.552,2.16151,2.16151,1.59151,1.43985
17,3.56709,2.17171,2.17171,1.61399,1.4641
17,3.64617,2.22294,2.22294,1.72533,1.58399
17,3.668,2.23644,2.23644,1.75431,1.61514
17,3.727,2.27162,2.27162,1.82911,1.69542
17,3.784,2.30384,2.30384,1.89692,1.76811
17,3.80962,2.31777,2.31777,1.92611,1.79935
17,3.89408,2.3614,2.3614,2.01704,1.89652
17,3.9,2.36433,2.36433,2.02313,1.90303
17,3.9804,2.40244,2.40244,2.10254,1.98777
17,4,2.41128,2.41128,2.12092,2.00742
17,4.016,2.41837,2.41837,2.13566,2.02321
17,4.06865,2.44088,2.44088,2.18275,2.07365
17,4.132,2.46632,2.46632,2.2366,2.1312
17,4.15884,2.47658,2.47658,2.25855,2.15456
17,4.248,2.50843,2.50843,2.32794,2.22842
17,4.25104,2.50946,2.50946,2.3302,2.23083
17,4.34528,2.53937,2.53937,2.39768,2.30269
17,4.364,2.54487,2.54487,2.41047,2.31636
17,4.44161,2.56615,2.56615,2.46146,2.37099
17,4.48,2.57577,2.57577,2.4855,2.39677
17,4.5,2.58054,2.58054,2.49773,2.40988
17,4.54008,2.58963,2.58963,2.52166,2.43552
17,4.596,2.60124,2.60124,2.55374,2.46996
17,4.64072,2.60963,2.60963,2.57843,2.49637
17,4.712,2.62141,2.62141,2.61593,2.5365
17,4.7436,2.626,2.626,2.63181,2.55358
17,4.828,2.63641,2.63641,2.67214,2.59706
17,4.84876,2.63857,2.63857,2.6816,2.60729
17,4.944,2.64644,2.64644,2.72268,2.652
17,4.95626,2.64722,2.64722,2.7277,2.6575
17,5,2.64957,2.64957,2.74511,2.67665
17,5.06,2.65172,2.65172,2.76773,2.70168
17,5.06613,2.65188,2.65188,2.76996,2.70416
17,5.176,2.65254,2.65254,2.80727,2.74633
17,5.17844,2.65251,2.65251,2.80805,2.74722
17,5.292,2.6492,2.6492,2.8415,2.78618
17,5.29324,2.64915,2.64915,2.84184,2.78658
17,5.408,2.64205,2.64205,2.87076,2.8206
17,5.41059,2.64185,2.64185,2.87136,2.82131
17,5.5,2.63392,2.63392,2.89007,2.84406
17,5.524,2.63147,2.63147,2.89446,2.8496
17,5.53053,2.63077,2.63077,2.89561,2.85106
17,5.64,2.61782,2.61782,2.912,2.87306
17,5.65314,2.61609,2.61609,2.91363,2.87539
17,5.756,2.60148,2.60148,2.92413,2.8914
17,5.77846,2.59803,2.59803,2.92589,2.89436
17,5.872,2.58281,2.58281,2.93114,2.90468
17,5.90656,2.57685,2.57685,2.93225,2.90769
17,5.988,2.56217,2.56217,2.93315,2.91308
17,6,2.55993,2.55993,2.93308,2.91367
17,6.03751,2.55283,2.55283,2.93253,2.91518
17,6.104,2.53986,2.53986,2.93033,2.91667
17,6.17135,2.52625,2.52625,2.92654,2.91664
17,6.22,2.51616,2.51616,2.92285,2.91568
17,6.30816,2.49728,2.49728,2.91419,2.91197
17,6.336,2.49116,2.49116,2.91095,2.91029
17,6.44801,2.46552,2.46552,2.89548,2.90114
17,6.452,2.46457,2.46457,2.89486,2.90074
17,6.5,2.453,2.453,2.88705,2.89564
17,6.568,2.43603,2.43603,2.87486,2.88728
17,6.59095,2.43015,2.43015,2.87047,2.88418
17,6.684,2.40552,2.40552,2.85121,2.8702
17,6.73707,2.39092,2.39092,2.83923,2.86123
17,6.8,2.37306,2.37306,2.82412,2.84971
17,6.88642,2.34761,2.34761,2.80184,2.83242
17,6.916,2.33864,2.33864,2.79381,2.8261
17,7,2.3125,2.3125,2.76996,2.80713
17,7.032,2.30227,2.30227,2.76046,2.79953
17,7.03908,2.29998,2.29998,2.75833,2.79782
17,7.148,2.26391,2.26391,2.72421,2.77022
17,7.19513,2.24776,2.24776,2.70868,2.75755
17,7.264,2.22357,2.22357,2.68518,2.73832
17,7.35464,2.19065,2.19065,2.6528,2.71163
17,7.38,2.18121,2.18121,2.64346,2.7039
17,7.496,2.13679,2.13679,2.59909,2.66717
17,7.5,2.13522,2.13522,2.59752,2.66586
17,7.51769,2.12825,2.12825,2.59051,2.66003
17,7.612,2.09026,2.09026,2.55213,2.62808
17,7.68434,2.06015,2.06015,2.52154,2.60261
17,7.728,2.04158,2.04158,2.50259,2.58678
17,7.844,1.99073,1.99073,2.45047,2.54326
17,7.8547,1.98593,1.98593,2.44554,2.53914
17,7.96,1.93768,1.93768,2.39577,2.49751
17,8,1.91887,1.91887,2.3763,2.48124
17,8.02883,1.90515,1.90515,2.36208,2.46936
17,8.076,1.88239,1.88239,2.33846,2.44962
17,8.192,1.82486,1.82486,2.27852,2.39943
17,8.20682,1.81735,1.81735,2.27067,2.39287
17,8.308,1.76507,1.76507,2.21593,2.34709
17,8.38875,1.72214,1.72214,2.17077,2.30931
17,8.424,1.70306,1.70306,2.15065,2.29248
17,8.5,1.66125,1.66125,2.10643,2.25548
17,8.54,1.63888,1.63888,2.08269,2.23561
17,8.57472,1.61927,1.61927,2.06181,2.21814
17,8.656,1.57264,1.57264,2.01201,2.17645
17,8.76481,1.50875,1.50875,1.94327,2.11884
17,8.772,1.50447,1.50447,1.93865,2.11497
17,8.888,1.43442,1.43442,1.86263,2.05116
17,8.95912,1.39062,1.39062,1.81475,2.0109
17,9,1.3652,1.3652,1.78678,1.98737
17,9.004,1.3627,1.3627,1.78403,1.98505
17,9.12,1.2897,1.2897,1.70292,1.91665
17,9.15773,1.26573,1.26573,1.67599,1.89393
17,9.236,1.21576,1.21576,1.6194,1.84606
17,9.352,1.14128,1.14128,1.53375,1.77328
17,9.36075,1.13565,1.13565,1.52722,1.76772
17,9.468,1.06669,1.06669,1.44635,1.69865
17,9.5,1.04618,1.04618,1.42193,1.67774
17,9.56827,1.00267,1.00267,1.36927,1.63264
17,9.584,0.992703,0.992703,1.35707,1.62213
17,9.7,0.919894,0.919894,1.26666,1.54314
17,9.78039,0.870095,0.870095,1.2039,1.48733
17,9.816,0.848231,0.848231,1.17607,1.46233
17,9.932,0.778133,0.778133,1.08555,1.38011
17,9.99721,0.739657,0.739657,1.03448,1.33344
17,10,0.738025,0.738025,1.0323,1.33143
17,10.048,0.710263,0.710263,0.994928,1.29679
17,10.164,0.645201,0.645201,0.90563,1.21275
17,10.2188,0.615423,0.615423,0.8643,1.17301
17,10.28,0.582964,0.582964,0.819082,1.12878
17,10.396,0.523942,0.523942,0.735989,1.04553
17,10.4454,0.499873,0.499873,0.701601,1.01041
17,10.5,0.47393,0.47393,0.663826,0.971676
17,10.512,0.468325,0.468325,0.655583,0.963204
17,10.628,0.415862,0.415862,0.577732,0.882267
17,10.6769,0.394737,0.394737,0.546121,0.848774
17,10.744,0.366721,0.366721,0.504157,0.803568
17,10.86,0.32063,0.32063,0.435104,0.72764
17,10.9136,0.30032,0.30032,0.40446,0.693547
17,10.976,0.277482,0.277482,0.369713,0.654611
17,11,0.268914,0.268914,0.356664,0.639798
17,11.092,0.237158,0.237158,0.308454,0.58391
17,11.1556,0.216159,0.216159,0.276801,0.546673
17,11.208,0.19939,0.19939,0.251542,0.516922
17,11.324,0.164121,0.164121,0.197689,0.453683
17,11.4029,0.141349,0.141349,0.16364,0.412653
17,11.44,0.130987,0.130987,0.148288,0.394004
17,11.5,0.114797,0.114797,0.124228,0.364742
17,11.556,0.100064,0.100064,0.102516,0.338336
17,11.6557,0.0742071,0.0742071,0.0653832,0.293403
17,11.672,0.0701167,0.0701167,0.0594428,0.286275
17,11.788,0.0434741,0.0434741,0.0186991,0.237792
17,11.904,0.0177222,0.0177222,0,0.193092
17,11.9141,0.0155746,0.0155746,0,0.189317
17,12,0,0,0,0.157457
17,12.02,0,0,0,0.150129
17,12.136,0,0,0,0.109468
17,12.1782,0,0,0,0.0956858
17,12.252,0,0,0,0.0729663
17,12.368,0,0,0,0.0390286
17,12.4482,0,0,0,0.0160252
17,12.484,0,0,0,0.00610971
17,12.5,0,0,0,0.00182112
17,12.6,0,0,0,0
17,12.716,0,0,0,0
17,12.7241,0,0,0,0
17,12.832,0,0,0,0
17,12.948,0,0,0,0
17,13,0,0,0,0
17,13.0062,0,0,0,0
17,13.064,0,0,0,0
17,13.18,0,0,0,0
17,13.2945,0,0,0,0
17,13.296,0,0,0,0
17,13.412,0,0,0,0
17,13.5,0,0,0,0
17,13.528,0,0,0,0
17,13.5893,0,0,0,0
17,13.644,0,0,0,0
17,13.76,0,0,0,0
17,13.876,0,0,0,0
17,13.8905,0,0,0,0
17,13.992,0,0,0,0
17,14,0,0,0,0
17,14.108,0,0,0,0
17,14.1985,0,0,0,0
17,14.224,0,0,0,0
17,14.34,0,0,0,0
17,14.456,0,0,0,0
17,14.5,0,0,0,0
17,14.5132,0,0,0,0
17,14.572,0,0,0,0
17,14.688,0,0,0,0
17,14.804,0,0,0,0
17,14.835,0,0,0,0
17,14.92,0,0,0,0
17,15,0,0,0,0
17,15.036,0,0,0,0
17,15.152,0,0,0,0
17,15.1638,0,0,0,0
17,15.268,0,0,0,0
17,15.384,0,0,0,0
17,15.5,0,0,0,0
18,1,0,0,0,0
18,1.0219,0,0,0,0
18,1.04428,0,0,0,0
18,1.06715,0,0,0,0
18,1.09052,0,0,0,0
18,1.112,0,0,0,0
18,1.11441,0,0,0,0
18,1.13881,0,0,0,0
18,1.16375,0,0,0,0
18,1.18924,0,0,0,0
18,1.21529,0,0,0,0
18,1.224,0,0,0,0
18,1.2419,0,0,0,0
18,1.2691,0,0,0,0
18,1.29689,0,0,0,0
18,1.3253,0,0,0,0
18,1.336,0,0,0,0
18,1.35432,0,0,0,0
18,1.38398,0,0,0,0
18,1.41429,0,0,0,0
18,1.44527,0,0,0,0
18,1.448,0,0,0,0
18,1.47692,0,0,0,0
18,1.5,0,0,0,0
18,1.50927,0,0,0,0
18,1.54232,0,0,0,0
18,1.56,0,0,0,0
18,1.5761,0,0,0,0
18,1.61062,0,0,0,0
18,1.64589,0,0,0,0
18,1.672,0,0,0,0
18,1.68194,0,0,0,0
18,1.71877,0,0,0,0
18,1.75641,0,0,0,0
18,1.784,0,0,0,0
18,1.79488,0,0,0,0
18,1.83419,0,0,0,0
18,1.87436,0,0,0,0
18,1.896,0,0,0,0
18,1.91541,0,0,0,0
18,1.95736,0,0,0,0
18,2,0,0,0,0
18,2.00023,0,0,0,0
18,2.008,0,0,0,0
18,2.04403,0,0,0,0
18,2.0888,0,0,0,0
18,2.12,0,0,0,0
18,2.13455,0,0,0,0
18,2.18129,0,0,0,0
18,2.22907,0,0,0,0
18,2.232,0,0,0,0
18,2.27788,0.154874,0.154874,0,0
18,2.32777,0.336056,0.336056,0,0
18,2.344,0.390482,0.390482,0,0
18,2.37875,0.500553,0.500553,0,0
18,2.43085,0.650986,0.650986,0,0
18,2.456,0.718157,0.718157,0,0
18,2.48409,0.789434,0.789434,0,0
18,2.5,0.828228,0.828228,0,0
18,2.53849,0.917562,0.917562,0,0
18,2.568,0.982218,0.982218,0,0
18,2.59408,1.03676,1.03676,0,0
18,2.6509,1.14795,1.14795,0,0
18,2.68,1.2012,1.2012,0.108151,0
18,2.70895,1.25202,1.25202,0.461304,0
18,2.76828,1.34978,1.34978,0.940646,0.453253
18,2.792,1.3867,1.3867,1.0817,0.668022
18,2.82891,1.44183,1.44183,1.26639,0.930572
18,2.89086,1.52868,1.52868,1.51133,1.25585
18,2.904,1.54623,1.54623,1.55561,1.31276
18,2.95418,1.6108,1.6108,1.70665,1.50186
18,3,1.6665,1.6665,1.82403,1.64388
18,3.016,1.68526,1.68526,1.86127,1.68821
18,3.01888,1.6886,1.6886,1.86778,1.69593
18,3.08499,1.7624,1.7624,2.00409,1.85549
18,3.128,1.80746,1.80746,2.08113,1.94418
18,3.15256,1.8322,1.8322,2.12172,1.99054
18,3.2216,1.89866,1.89866,2.22478,2.10729
18,3.24,1.91559,1.91559,2.24984,2.13546
18,3.29215,1.9619,1.9619,2.31612,2.20964
18,3.352,2.01223,2.01223,2.38469,2.28583
18,3.36425,2.02218,2.02218,2.39785,2.30041
18,3.43793,2.07975,2.07975,2.47156,2.38169
18,3.464,2.0992,2.0992,2.49561,2.4081
18,3.5,2.12532,2.12532,2.52727,2.4428
18,3.51323,2.13471,2.13471,2.53848,2.45506
18,3.576,2.17773,2.17773,2.5888,2.51
18,3.59017,2.18711,2.18711,2.59954,2.52171
18,3.6688,2.23699,2.23699,2.65552,2.5826
18,3.688,2.24863,2.24863,2.66832,2.5965
18,3.74915,2.2844,2.2844,2.70705,2.63849
18,3.8,2.31263,2.31263,2.73707,2.67099
18,3.83126,2.32932,2.32932,2.75463,2.68998
18,3.912,2.37026,2.37026,2.79706,2.73584
18,3.91516,2.3718,2.3718,2.79864,2.73755
18,4,2.41133,2.41133,2.83893,2.78117
18,4.00091,2.41173,2.41173,2.83934,2.78161
18,4.024,2.42192,2.42192,2.84964,2.79277
18,4.08853,2.4491,2.4491,2.87706,2.82249
18,4.136,2.46791,2.46791,2.89603,2.84306
18,4.17807,2.48378,2.48378,2.91204,2.86044
18,4.248,2.50847,2.50847,2.93709,2.88765
18,4.26958,2.51567,2.51567,2.94443,2.89564
18,4.36,2.54374,2.54374,2.97325,2.92705
18,4.36308,2.54463,2.54463,2.97418,2.92807
18,4.45864,2.57051,2.57051,3.00088,2.95764
18,4.472,2.57384,2.57384,3.0043,2.96149
18,4.5,2.58057,2.58057,3.01125,2.96932
18,4.55629,2.59315,2.59315,3.02433,2.98415
18,4.584,2.59887,2.59887,3.03036,2.99103
18,4.65607,2.61235,2.61235,3.04482,3.00772
18,4.696,2.61895,2.61895,3.0521,3.01627
18,4.75805,2.62798,2.62798,3.06238,3.02856
18,4.808,2.6342,2.6342,3.06963,3.03753
18,4.86225,2.6399,2.6399,3.07648,3.04636
18,4.92,2.64477,2.64477,3.08267,3.05479
18,4.96874,2.64797,2.64797,3.08707,3.06109
18,5,2.64958,2.64958,3.08947,3.06472
18,5.032,2.65088,2.65088,3.09158,3.0681
18,5.07756,2.65213,2.65213,3.09397,3.07235
18,5.144,2.65275,2.65275,3.09616,3.07739
18,5.18876,2.65238,2.65238,3.09682,3.08005
18,5.256,2.65067,2.65067,3.09661,3.08296
18,5.3024,2.64872,2.64872,3.0956,3.08419
18,5.368,2.64493,2.64493,3.09294,3.08483
18,5.41852,2.64123,2.64123,3.08989,3.08446
18,5.48,2.63586,2.63586,3.08508,3.08298
18,5.5,2.63392,2.63392,3.08325,3.08226
18,5.53719,2.63006,2.63006,3.07952,3.08061
18,5.592,2.62381,2.62381,3.07319,3.07743
18,5.65846,2.61538,2.61538,3.06415,3.07239
18,5.704,2.60911,2.60911,3.05711,3.06818
18,5.78239,2.59742,2.59742,3.04343,3.05952
18,5.816,2.59209,2.59209,3.03695,3.05526
18,5.90903,2.57642,2.57642,3.01707,3.04178
18,5.928,2.57307,2.57307,3.01265,3.03872
18,6,2.55993,2.55993,2.9948,3.02615
18,6.03844,2.55265,2.55265,2.98457,3.01881
18,6.04,2.55235,2.55235,2.98414,3.0185
18,6.152,2.5302,2.5302,2.95147,2.99452
18,6.17068,2.52638,2.52638,2.94561,2.99016
18,6.264,2.50683,2.50683,2.91456,2.96676
18,6.30583,2.49779,2.49779,2.89968,2.95542
18,6.376,2.48221,2.48221,2.87336,2.9352
18,6.44393,2.4665,2.4665,2.84627,2.91417
18,6.488,2.45594,2.45594,2.82784,2.89976
18,6.5,2.45301,2.45301,2.8227,2.89573
18,6.58506,2.43168,2.43168,2.78487,2.86592
18,6.6,2.42782,2.42782,2.77796,2.86044
18,6.712,2.39787,2.39787,2.7237,2.81714
18,6.72927,2.39309,2.39309,2.71494,2.81011
18,6.824,2.3661,2.3661,2.66509,2.76982
18,6.87665,2.35053,2.35053,2.63606,2.74621
18,6.936,2.3325,2.3325,2.60227,2.71857
18,7,2.31248,2.31248,2.5645,2.68745
18,7.02725,2.30378,2.30378,2.54806,2.6738
18,7.048,2.29708,2.29708,2.53539,2.66326
18,7.16,2.25982,2.25982,2.46473,2.60394
18,7.18116,2.25257,2.25257,2.45104,2.59227
18,7.272,2.2207,2.2207,2.39104,2.54053
18,7.33843,2.1966,2.1966,2.34605,2.50113
18,7.384,2.17969,2.17969,2.31471,2.47345
18,7.496,2.13676,2.13676,2.23656,2.40333
18,7.49915,2.13552,2.13552,2.23435,2.4013
18,7.5,2.13519,2.13519,2.23375,2.40075
18,7.608,2.09188,2.09188,2.15745,2.32949
18,7.66338,2.06895,2.06895,2.11825,2.29235
18,7.72,2.04501,2.04501,2.0782,2.25403
18,7.83122,1.99646,1.99646,2.00039,2.17754
18,7.832,1.99611,1.99611,1.99984,2.177
18,7.944,1.94516,1.94516,1.92289,2.09859
18,8,1.9189,1.9189,1.88537,2.05895
18,8.00273,1.91761,1.91761,1.88355,2.05701
18,8.056,1.89212,1.89212,1.84797,2.01935
18,8.168,1.83698,1.83698,1.7762,1.94106
18,8.17799,1.83196,1.83196,1.76978,1.93418
18,8.28,1.77974,1.77974,1.70625,1.86522
18,8.3571,1.73912,1.73912,1.66026,1.81433
18,8.392,1.72042,1.72042,1.63994,1.79157
18,8.5,1.66128,1.66128,1.57899,1.72271
18,8.504,1.65905,1.65905,1.57678,1.72022
18,8.54013,1.63883,1.63883,1.55707,1.69785
18,8.616,1.59572,1.59572,1.51674,1.65184
18,8.72716,1.53105,1.53105,1.45986,1.58744
18,8.728,1.53055,1.53055,1.45944,1.58697
18,8.84,1.46366,1.46366,1.40536,1.52569
18,8.91829,1.41602,1.41602,1.36913,1.48438
18,8.952,1.3953,1.3953,1.35392,1.46732
18,9,1.36561,1.36561,1.33266,1.44365
18,9.064,1.32571,1.32571,1.30505,1.41285
18,9.11361,1.29454,1.29454,1.28422,1.38941
18,9.176,1.25517,1.25517,1.25872,1.36078
18,9.288,1.18408,1.18408,1.2149,1.31198
18,9.31321,1.16805,1.16805,1.2054,1.30135
18,9.4,1.11272,1.11272,1.17338,1.26545
18,9.5,1.04883,1.04883,1.1379,1.22679
18,9.512,1.04117,1.04117,1.13374,1.22231
18,9.51717,1.03787,1.03787,1.13195,1.22039
18,9.624,0.969909,0.969909,1.09597,1.18098
18,9.72561,0.905951,0.905951,1.06296,1.14529
18,9.736,0.899464,0.899464,1.05966,1.14179
18,9.848,0.830375,0.830375,1.02506,1.10483
18,9.9386,0.77577,0.77577,0.998183,1.07619
18,9.96,0.763076,0.763076,0.991957,1.06963
18,10,0.739578,0.739578,0.980444,1.05747
18,10.072,0.698128,0.698128,0.960088,1.0361
18,10.1563,0.650995,0.650995,0.936944,1.01181
18,10.184,0.635821,0.635821,0.929462,1.004
18,10.296,0.576206,0.576206,0.899844,0.97327
18,10.3787,0.533981,0.533981,0.878582,0.951384
18,10.408,0.519408,0.519408,0.871152,0.943799
18,10.5,0.475263,0.475263,0.848079,0.920483
18,10.52,0.466008,0.466008,0.843093,0.915388
18,10.606,0.427291,0.427291,0.821879,0.894058
18,10.632,0.415863,0.415863,0.815539,0.887769
18,10.744,0.368066,0.368066,0.788887,0.861364
18,10.8383,0.330494,0.330494,0.766945,0.839145
18,10.856,0.323693,0.323693,0.762784,0.835064
18,10.968,0.281689,0.281689,0.736892,0.809776
18,11,0.270047,0.270047,0.729699,0.802782
18,11.0756,0.244323,0.244323,0.712987,0.78639
18,11.08,0.242909,0.242909,0.712019,0.785453
18,11.192,0.206242,0.206242,0.687014,0.761282
18,11.304,0.170694,0.170694,0.662379,0.737524
18,11.3182,0.16644,0.16644,0.659365,0.734553
18,11.416,0.138619,0.138619,0.637989,0.713632
18,11.5,0.115219,0.115219,0.620081,0.696231
18,11.528,0.107564,0.107564,0.613928,0.690362
18,11.5661,0.0975925,0.0975925,0.605903,0.682611
18,11.64,0.0795301,0.0795301,0.59032,0.667495
18,11.752,0.0528218,0.0528218,0.566412,0.64473
18,11.8194,0.0377695,0.0377695,0.552009,0.631147
18,11.864,0.0282152,0.0282152,0.54275,0.622141
18,11.976,0.00280877,0.00280877,0.519051,0.599791
18,12,0,0,0.514023,0.594979
18,12.0782,0,0,0.497611,0.579366
18,12.088,0,0,0.495588,0.577429
18,12.2,0,0,0.472108,0.555195
18,12.312,0,0,0.448734,0.533056
18,12.3428,0,0,0.442318,0.526949
18,12.424,0,0,0.425404,0.510973
18,12.5,0,0,0.409577,0.496022
18,12.536,0,0,0.402119,0.488949
18,12.6131,0,0,0.386072,0.473804
18,12.648,0,0,0.378805,0.466937
18,12.76,0,0,0.3555,0.444945
18,12.872,0,0,0.332178,0.422909
18,12.8893,0,0,0.328579,0.419501
18,12.984,0,0,0.308844,0.400905
18,13,0,0,0.305504,0.397775
18,13.096,0,0,0.285495,0.379067
18,13.1716,0,0,0.269833,0.364252
18,13.208,0,0,0.262302,0.357103
18,13.32,0,0,0.23899,0.33502
18,13.432,0,0,0.215562,0.31297
18,13.4601,0,0,0.209691,0.307455
18,13.5,0,0,0.201354,0.299585
18,13.544,0,0,0.192184,0.290882
18,13.656,0,0,0.168702,0.268661
18,13.7549,0,0,0.147882,0.249173
18,13.768,0,0,0.145124,0.24661
18,13.88,0,0,0.121686,0.224537
18,13.992,0,0,0.0982975,0.202213
18,14,0,0,0.096618,0.200622
18,14.0561,0,0,0.0848119,0.189464
18,14.104,0,0,0.074729,0.179907
18,14.216,0,0,0.0511117,0.157637
18,14.328,0,0,0.027547,0.1354
18,14.3639,0,0,0.0199518,0.128261
18,14.44,0,0,0.00392547,0.112945
18,14.5,0,0,0,0.100915
18,14.552,0,0,0,0.0905579
18,14.664,0,0,0,0.0680318
18,14.6785,0,0,0,0.0651408
18,14.776,0,0,0,0.0456015
18,14.888,0,0,0,0.02308
18,15,0,0,0,0.000511755
