ID,time,pop,popPred,indivPredMean,indivPredMode
7,1,0,0,0,0
7,1.02243,0,0,0,0
7,1.04536,0,0,0,0
7,1.06881,0,0,0,0
7,1.09278,0,0,0,0
7,1.11729,0,0,0,0
7,1.12,0,0,0,0
7,1.14235,0,0,0,0
7,1.16797,0,0,0,0
7,1.19416,0,0,0,0
7,1.22095,0,0,0,0
7,1.24,0,0,0,0
7,1.24833,0,0,0,0
7,1.27633,0,0,0,0
7,1.30495,0,0,0,0
7,1.33422,0,0,0,0
7,1.36,0,0,0,0
7,1.36415,0,0,0,0
7,1.39474,0,0,0,0
7,1.42603,0,0,0,0
7,1.45801,0,0,0,0
7,1.48,0,0,0,0
7,1.49071,0,0,0,0
7,1.5,0,0,0,0
7,1.52414,0,0,0,0
7,1.55833,0,0,0,0
7,1.59328,0,0,0,0
7,1.6,0,0,0,0
7,1.62902,0,0,0,0
7,1.66555,0,0,0,0
7,1.70291,0,0,0,0
7,1.72,0,0,0,0
7,1.7411,0,0,0,0
7,1.78015,0,0,0,0
7,1.82008,0,0,0,0
7,1.84,0,0,0,0
7,1.8609,0,0,0,0
7,1.90264,0,0,0,0
7,1.94531,0,0,0,0
7,1.96,0,0,0,0
7,1.98894,0,0,0,0
7,2,0.189146,0.189146,0,0
7,2.03355,0.994387,0.994387,0,0
7,2.07916,1.761,1.761,0,0
7,2.08,1.77337,1.77337,0,0
7,2.12579,2.37749,2.37749,0,0
7,2.17347,2.89344,2.89344,0,0
7,2.2,3.14308,3.14308,0,0
7,2.22222,3.33562,3.33562,0,0
7,2.27206,3.72225,3.72225,0,0
7,2.32,4.04613,4.04613,0,0
7,2.32302,4.06518,4.06518,0,0
7,2.37512,4.37258,4.37258,0,0
7,2.42839,4.65075,4.65075,0.223765,0.033874
7,2.44,4.70722,4.70722,0.317943,0.154928
7,2.48285,4.9043,4.9043,0.573701,0.46381
7,2.5,4.97854,4.97854,0.651554,0.552681
7,2.53854,5.13684,5.13684,0.799737,0.715753
7,2.56,5.22021,5.22021,0.87217,0.79288
7,2.59548,5.35127,5.35127,0.983202,0.908461
7,2.65369,5.54987,5.54987,1.15329,1.08158
7,2.68,5.63362,5.63362,1.22777,1.15658
7,2.71321,5.73452,5.73452,1.32061,1.24977
7,2.77406,5.90679,5.90679,1.48835,1.41773
7,2.8,5.9757,5.9757,1.55906,1.48847
7,2.83628,6.06795,6.06795,1.65721,1.58665
7,2.89989,6.2191,6.2191,1.82709,1.75655
7,2.92,6.26428,6.26428,1.88024,1.80968
7,2.96493,6.36114,6.36114,1.99794,1.92739
7,3,6.43303,6.43303,2.08884,2.01823
7,3.03143,6.49489,6.49489,2.16966,2.09898
7,3.04,6.51134,6.51134,2.19156,2.12088
7,3.09942,6.62101,6.62101,2.34213,2.2713
7,3.16,6.72534,6.72534,2.4933,2.42228
7,3.16894,6.74015,6.74015,2.51541,2.44435
7,3.24001,6.8529,6.8529,2.68943,2.61803
7,3.28,6.91267,6.91267,2.78597,2.71437
7,3.31268,6.95969,6.95969,2.86414,2.79237
7,3.38698,7.06082,7.06082,3.03959,2.96733
7,3.4,7.07774,7.07774,3.06998,2.99765
7,3.46295,7.15633,7.15633,3.2157,3.14282
7,3.5,7.20021,7.20021,3.30037,3.22727
7,3.52,7.22322,7.22322,3.34576,3.27248
7,3.54062,7.24648,7.24648,3.39237,3.31886
7,3.62003,7.332,7.332,3.56968,3.49548
7,3.64,7.35254,7.35254,3.61376,3.53935
7,3.70122,7.41317,7.41317,3.74756,3.67253
7,3.76,7.46818,7.46818,3.87423,3.79857
7,3.78423,7.48997,7.48997,3.92595,3.85001
7,3.86911,7.56222,7.56222,4.10486,4.02792
7,3.88,7.57101,7.57101,4.12759,4.05051
7,3.95588,7.62921,7.62921,4.2844,4.20638
7,4,7.66091,7.66091,4.37421,4.29568
7,4.04461,7.69157,7.69157,4.4641,4.38499
7,4.12,7.74005,7.74005,4.61403,4.53387
7,4.13532,7.74935,7.74935,4.64419,4.56383
7,4.22807,7.80138,7.80138,4.82458,4.74291
7,4.24,7.80758,7.80758,4.84751,4.76566
7,4.3229,7.84804,7.84804,5.00532,4.92221
7,4.36,7.86453,7.86453,5.07497,4.99134
7,4.41986,7.88882,7.88882,5.18621,5.10161
7,4.48,7.9107,7.9107,5.29659,5.21103
7,4.5,7.91751,7.91751,5.33295,5.2471
7,4.51899,7.92373,7.92373,5.36732,5.28118
7,4.6,7.94731,7.94731,5.51248,5.42498
7,4.62034,7.95242,7.95242,5.54854,5.46071
7,4.72,7.97335,7.97335,5.72288,5.63341
7,4.72397,7.97404,7.97404,5.72975,5.64021
7,4.82992,7.98849,7.98849,5.91089,5.81956
7,4.84,7.98948,7.98948,5.9279,5.8364
7,4.93825,7.99548,7.99548,6.09177,5.99861
7,4.96,7.99595,7.99595,6.12757,6.03404
7,5,7.99601,7.99601,6.19295,6.09876
7,5.04901,7.99465,7.99465,6.27222,6.17724
7,5.08,7.99298,7.99298,6.32188,6.22638
7,5.16225,7.98565,7.98565,6.45194,6.35511
7,5.2,7.98086,7.98086,6.51073,6.41334
7,5.27803,7.96833,7.96833,6.63047,6.53191
7,5.32,7.96024,7.96024,6.69383,6.59469
7,5.39641,7.94313,7.94313,6.80719,6.7071
7,5.44,7.93196,7.93196,6.87068,6.77009
7,5.5,7.91497,7.91497,6.95655,6.85539
7,5.51744,7.90966,7.90966,6.98117,6.87987
7,5.56,7.89606,7.89606,7.04054,6.93895
7,5.64119,7.86764,7.86764,7.15093,7.04902
7,5.68,7.85293,7.85293,7.20224,7.10033
7,5.76772,7.81729,7.81729,7.31446,7.21283
7,5.8,7.80331,7.80331,7.35431,7.25296
7,5.89708,7.75891,7.75891,7.46891,7.36892
7,5.92,7.74792,7.74792,7.49473,7.39521
7,6,7.7082,7.7082,7.58071,7.4833
7,6.02934,7.69311,7.69311,7.61056,7.51409
7,6.04,7.68756,7.68756,7.62116,7.52507
7,6.16,7.62284,7.62284,7.73116,7.64023
7,6.16457,7.6203,7.6203,7.73499,7.64429
7,6.28,7.55446,7.55446,7.82255,7.73853
7,6.30283,7.54108,7.54108,7.83768,7.75518
7,6.4,7.48298,7.48298,7.89388,7.81831
7,6.44419,7.45598,7.45598,7.91496,7.84279
7,6.5,7.42143,7.42143,7.93768,7.86991
7,6.52,7.40894,7.40894,7.94477,7.87862
7,6.58873,7.36557,7.36557,7.96494,7.90447
7,6.64,7.33283,7.33283,7.97597,7.91975
7,6.7365,7.27043,7.27043,7.98795,7.9396
7,6.76,7.2551,7.2551,7.98924,7.94275
7,6.88,7.17613,7.17613,7.98693,7.94958
7,6.88759,7.1711,7.1711,7.98632,7.94952
7,7,7.09627,7.09627,7.97185,7.94266
7,7.04207,7.06811,7.06811,7.96403,7.93752
7,7.12,7.01582,7.01582,7.9466,7.92471
7,7.20002,6.962,6.962,7.92523,7.90766
7,7.24,6.93508,6.93508,7.9134,7.89787
7,7.36,6.85429,6.85429,7.87383,7.86411
7,7.3615,6.85328,6.85328,7.87331,7.86365
7,7.48,6.77369,6.77369,7.82936,7.82486
7,7.5,6.76029,6.76029,7.82158,7.81789
7,7.52661,6.74248,6.74248,7.81108,7.80843
7,7.6,6.69349,6.69349,7.7814,7.7814
7,7.69542,6.63013,6.63013,7.74134,7.74446
7,7.72,6.61389,6.61389,7.73077,7.73466
7,7.84,6.53506,6.53506,7.67805,7.68544
7,7.86802,6.5168,6.5168,7.66552,7.67367
7,7.96,6.4572,6.4572,7.6239,7.63438
7,8,6.43148,6.43148,7.6056,7.61704
7,8.04448,6.40303,6.40303,7.58514,7.5976
7,8.08,6.38043,6.38043,7.56872,7.58199
7,8.2,6.30491,6.30491,7.51293,7.5288
7,8.22491,6.28941,6.28941,7.50131,7.51767
7,8.32,6.23081,6.23081,7.45686,7.47499
7,8.40938,6.17663,6.17663,7.41506,7.43473
7,8.44,6.15828,6.15828,7.40077,7.42093
7,8.5,6.12264,6.12264,7.3728,7.3939
7,8.56,6.08743,6.08743,7.34493,7.36693
7,8.59799,6.06538,6.06538,7.32734,7.34991
7,8.68,6.01844,6.01844,7.28955,7.31329
7,8.79083,5.95645,5.95645,7.2389,7.26418
7,8.8,5.9514,5.9514,7.23474,7.26014
7,8.92,5.88645,5.88645,7.18072,7.20756
7,8.988,5.85061,5.85061,7.15051,7.17807
7,9,5.84436,5.84436,7.14521,7.17289
7,9.04,5.8237,5.8237,7.12761,7.15568
7,9.16,5.76324,5.76324,7.07555,7.10463
7,9.18959,5.7487,5.7487,7.06288,7.09218
7,9.28,5.70514,5.70514,7.02458,7.05449
7,9.3957,5.65129,5.65129,6.97647,7.00548
7,9.4,5.64933,5.64933,6.97471,7.00361
7,9.5,5.60412,5.60412,6.93417,6.95866
7,9.52,5.59514,5.59514,6.92618,6.94934
7,9.60643,5.55627,5.55627,6.89202,6.9078
7,9.64,5.54109,5.54109,6.87889,6.89112
7,9.76,5.48594,5.48594,6.83228,6.82908
7,9.82189,5.45687,5.45687,6.80821,6.79567
7,9.88,5.42946,5.42946,6.7854,6.76345
7,10,5.37401,5.37401,6.73677,6.6944
7,10.0422,5.3547,5.3547,6.71887,6.66934
7,10.12,5.31831,5.31831,6.68413,6.62206
7,10.24,5.25993,5.25993,6.62575,6.54655
7,10.2674,5.24709,5.24709,6.61168,6.52888
7,10.36,5.20547,5.20547,6.56212,6.46799
7,10.48,5.14956,5.14956,6.49425,6.38643
7,10.4977,5.14119,5.14119,6.48392,6.37414
7,10.5,5.1401,5.1401,6.48257,6.37253
7,10.6,5.0939,5.0939,6.4225,6.30189
7,10.72,5.03984,5.03984,6.34675,6.21449
7,10.7331,5.03396,5.03396,6.3382,6.20478
7,10.84,4.98581,4.98581,6.26685,6.12478
7,10.96,4.93236,4.93236,6.18312,6.03259
7,10.9739,4.92632,4.92632,6.1732,6.02178
7,11,4.91498,4.91498,6.15437,6.0013
7,11.08,4.88051,4.88051,6.09563,5.93783
7,11.2,4.8293,4.8293,6.00453,5.84056
7,11.22,4.82082,4.82082,5.98898,5.82412
7,11.32,4.77899,4.77899,5.90963,5.74094
7,11.44,4.73031,4.73031,5.81094,5.63897
7,11.4716,4.71762,4.71762,5.78434,5.61172
7,11.5,4.70631,4.70631,5.7603,5.58718
7,11.56,4.68257,4.68257,5.70885,5.53487
7,11.68,4.63601,4.63601,5.60345,5.42825
7,11.7289,4.61748,4.61748,5.55938,5.38371
7,11.8,4.59098,4.59098,5.49401,5.31848
7,11.92,4.54705,4.54705,5.38075,5.20858
7,11.992,4.52132,4.52132,5.31171,5.14248
7,12,4.5185,4.5185,5.304,5.13509
7,12.04,4.50445,4.50445,5.26542,5.0979
7,12.16,4.46311,4.46311,5.14876,4.9847
7,12.261,4.4294,4.4294,5.04893,4.88702
7,12.28,4.42315,4.42315,5.02987,4.86843
7,12.4,4.38401,4.38401,4.90812,4.75024
7,12.5,4.35124,4.35124,4.80388,4.6509
7,12.52,4.34498,4.34498,4.78263,4.63094
7,12.536,4.34016,4.34016,4.7656,4.61499
7,12.64,4.30994,4.30994,4.65366,4.51021
7,12.76,4.27479,4.27479,4.52352,4.38939
7,12.8171,4.25847,4.25847,4.461,4.33157
7,12.88,4.24144,4.24144,4.39166,4.26717
7,13,4.20791,4.20791,4.25716,4.14283
7,13.1046,4.17809,4.17809,4.13851,4.0337
7,13.12,4.17392,4.17392,4.12092,4.01752
7,13.24,4.14218,4.14218,3.98221,3.89101
7,13.36,4.1097,4.1097,3.84123,3.76316
7,13.3985,4.10061,4.10061,3.79615,3.72193
7,13.48,4.08236,4.08236,3.69999,3.63434
7,13.5,4.07781,4.07781,3.67615,3.61283
7,13.6,4.05367,4.05367,3.55651,3.50493
7,13.699,4.0288,4.0288,3.43754,3.3976
7,13.72,4.02399,4.02399,3.41171,3.37465
7,13.84,3.99788,3.99788,3.26291,3.24131
7,13.96,3.97075,3.97075,3.11436,3.10839
7,14,3.96186,3.96186,3.06418,3.06408
7,14.0063,3.96049,3.96049,3.05629,3.05713
7,14.08,3.94505,3.94505,2.96385,2.97467
7,14.2,3.918,3.918,2.81367,2.84012
7,14.32,3.89161,3.89161,2.66143,2.70316
7,14.3204,3.89152,3.89152,2.66092,2.7027
7,14.44,3.86567,3.86567,2.50684,2.56559
7,14.5,3.85291,3.85291,2.42958,2.49664
7,14.56,3.84024,3.84024,2.35158,2.42818
7,14.6416,3.82312,3.82312,2.24481,2.3344
7,14.68,3.81511,3.81511,2.19498,2.28992
7,14.8,3.79035,3.79035,2.03719,2.15145
7,14.92,3.76579,3.76579,1.87873,2.01061
7,14.97,3.75559,3.75559,1.81233,1.95209
7,15,3.74948,3.74948,1.77223,1.91655
7,15.04,3.74137,3.74137,1.71873,1.86902
7,15.16,3.7172,3.7172,1.55759,1.72725
7,15.28,3.69302,3.69302,1.39536,1.58446
7,15.3057,3.68786,3.68786,1.36047,1.55375
7,15.4,3.66909,3.66909,1.23187,1.44094
7,15.5,3.64894,3.64894,1.09526,1.32074
7,15.52,3.64483,3.64483,1.0678,1.29664
7,15.64,3.62065,3.62065,0.902365,1.15148
7,15.649,3.6189,3.6189,0.889945,1.14054
7,15.76,3.59769,3.59769,0.736022,1.00572
7,15.88,3.57422,3.57422,0.568498,0.859181
7,16,3.55076,3.55076,0.40016,0.711928
8,1,0,0,0,0
8,1.02405,0,0,0,0
8,1.04867,0,0,0,0
8,1.07389,0,0,0,0
8,1.09972,0,0,0,0
8,1.12616,0,0,0,0
8,1.148,0,0,0,0
8,1.15325,0,0,0,0
8,1.18098,0,0,0,0
8,1.20938,0,0,0,0
8,1.23846,0,0,0,0
8,1.26824,0,0,0,0
8,1.296,0,0,0,0
8,1.29874,0,0,0,0
8,1.32997,0,0,0,0
8,1.36196,0,0,0,0
8,1.39471,0,0,0,0
8,1.42825,0,0,0,0
8,1.444,0,0,0,0
8,1.4626,0,0,0,0
8,1.49777,0,0,0,0
8,1.5,0,0,0,0
8,1.53379,0,0,0,0
8,1.57067,0,0,0,0
8,1.592,0,0,0,0
8,1.60844,0,0,0,0
8,1.64712,0,0,0,0
8,1.68673,0,0,0,0
8,1.72729,0,0,0,0
8,1.74,0,0,0,0
8,1.76883,0,0,0,0
8,1.81137,0,0,0,0
8,1.85493,0,0,0,0
8,1.888,0,0,0,0
8,1.89954,0,0,0,0
8,1.94522,0,0,0,0
8,1.99199,0,0,0,0
8,2,0.189146,0.189146,0,0
8,2.036,1.04157,1.04157,0,0
8,2.0399,1.11482,1.11482,0,0
8,2.08895,1.90193,1.90193,0,0
8,2.13919,2.53239,2.53239,0,0
8,2.184,2.99535,2.99535,0,0
8,2.19063,3.05756,3.05756,0,0
8,2.24331,3.50629,3.50629,0,0
8,2.29726,3.89767,3.89767,0,0
8,2.332,4.12102,4.12102,0,0
8,2.3525,4.24388,4.24388,0.755425,0
8,2.40907,4.55366,4.55366,2.32669,0.77304
8,2.46701,4.8334,4.8334,3.29561,2.29167
8,2.48,4.89169,4.89169,3.46759,2.53257
8,2.5,4.97854,4.97854,3.70945,2.86225
8,2.52633,5.08793,5.08793,3.99293,3.23873
8,2.58709,5.321,5.321,4.53392,3.92321
8,2.628,5.46458,5.46458,4.83308,4.28544
8,2.6493,5.53555,5.53555,4.97307,4.45205
8,2.71301,5.73394,5.73394,5.34109,4.8826
8,2.776,5.91203,5.91203,5.64647,5.23275
8,2.77825,5.9181,5.9181,5.65651,5.24418
8,2.84506,6.0896,6.0896,5.93114,5.55443
8,2.91348,6.24977,6.24977,6.17359,5.82498
8,2.924,6.27313,6.27313,6.20793,5.86308
8,2.98355,6.39969,6.39969,6.38957,6.06398
8,3,6.43303,6.43303,6.43632,6.11545
8,3.05529,6.5403,6.5403,6.5839,6.27725
8,3.072,6.57135,6.57135,6.62576,6.32302
8,3.12877,6.67244,6.67244,6.75966,6.46898
8,3.20401,6.79686,6.79686,6.91979,6.64248
8,3.22,6.82202,6.82202,6.95149,6.6768
8,3.28106,6.91422,6.91422,7.06627,6.80065
8,3.35996,7.02495,7.02495,7.20058,6.94595
8,3.368,7.03573,7.03573,7.21348,6.9599
8,3.44076,7.12924,7.12924,7.32481,7.07919
8,3.5,7.20021,7.20021,7.40764,7.16739
8,3.516,7.21866,7.21866,7.42918,7.18996
8,3.5235,7.22721,7.22721,7.43914,7.20039
8,3.60824,7.3197,7.3197,7.54496,7.31209
8,3.664,7.37673,7.37673,7.60941,7.38011
8,3.69501,7.40718,7.40718,7.64345,7.41605
8,3.78386,7.48965,7.48965,7.73469,7.51257
8,3.812,7.51432,7.51432,7.76181,7.54144
8,3.87486,7.56688,7.56688,7.81945,7.60281
8,3.96,7.63223,7.63223,7.89156,7.67988
8,3.96804,7.63808,7.63808,7.89804,7.68683
8,4,7.66091,7.66091,7.92327,7.71392
8,4.06346,7.7041,7.7041,7.97085,7.76543
8,4.108,7.73263,7.73263,8.0024,7.79968
8,4.16118,7.76458,7.76458,8.03815,7.83871
8,4.256,7.81574,7.81574,8.09693,7.90348
8,4.26125,7.81838,7.81838,8.10001,7.90689
8,4.36372,7.86612,7.86612,8.1567,7.97005
8,4.404,7.88266,7.88266,8.17714,7.99313
8,4.46866,7.90674,7.90674,8.20801,8.02823
8,4.5,7.91751,7.91751,8.22224,8.04443
8,4.552,7.93395,7.93395,8.24445,8.07016
8,4.57612,7.9409,7.9409,8.2542,8.08164
8,4.68617,7.967,7.967,8.29497,8.13036
8,4.7,7.9697,7.9697,8.29964,8.13607
8,4.79886,7.985,7.985,8.33044,8.17444
8,4.848,7.99021,7.99021,8.34385,8.19195
8,4.91426,7.99461,7.99461,8.36007,8.2138
8,4.996,7.99605,7.99605,8.37709,8.23821
8,5,7.99601,7.99601,8.37784,8.23934
8,5.03244,7.99529,7.99529,8.38367,8.24818
8,5.144,7.98763,7.98763,8.39989,8.27534
8,5.15346,7.98663,7.98663,8.40101,8.27744
8,5.27739,7.96845,7.96845,8.41184,8.30162
8,5.292,7.96575,7.96575,8.41267,8.30408
8,5.4043,7.94118,7.94118,8.41594,8.32027
8,5.44,7.93196,7.93196,8.41581,8.32443
8,5.5,7.91497,7.91497,8.41441,8.33032
8,5.53426,7.90439,7.90439,8.41295,8.33307
8,5.588,7.88661,7.88661,8.40966,8.33646
8,5.66735,7.8578,7.8578,8.40263,8.33937
8,5.736,7.83054,7.83054,8.39436,8.33981
8,5.80364,7.80171,7.80171,8.38411,8.33832
8,5.884,7.76509,7.76509,8.3694,8.33417
8,5.94321,7.73661,7.73661,8.35675,8.32952
8,6,7.7082,7.7082,8.34327,8.32378
8,6.032,7.69172,7.69172,8.33509,8.32001
8,6.08613,7.66314,7.66314,8.32031,8.31277
8,6.18,7.61168,7.61168,8.29196,8.29765
8,6.23249,7.58193,7.58193,8.27466,8.2878
8,6.328,7.5262,7.5262,8.24061,8.26741
8,6.38236,7.49365,7.49365,8.2198,8.25439
8,6.476,7.43635,7.43635,8.18161,8.22963
8,6.5,7.42143,7.42143,8.17135,8.22282
8,6.53585,7.399,7.399,8.1557,8.21228
8,6.624,7.34308,7.34308,8.11557,8.18464
8,6.69302,7.29866,7.29866,8.0825,8.16131
8,6.772,7.24725,7.24725,8.04299,8.13286
8,6.85397,7.19334,7.19334,8.00016,8.10136
8,6.92,7.14959,7.14959,7.96436,8.07459
8,7,7.09626,7.09626,7.91956,8.04052
8,7.0188,7.08369,7.08369,7.9088,8.03226
8,7.068,7.05073,7.05073,7.88022,8.01022
8,7.18758,6.97036,6.97036,7.80844,7.95403
8,7.216,6.95124,6.95124,7.79091,7.94014
8,7.36043,6.854,6.854,7.69915,7.86649
8,7.364,6.8516,6.8516,7.69683,7.86461
8,7.5,6.76029,6.76029,7.60646,7.79078
8,7.512,6.75226,6.75226,7.59831,7.78407
8,7.53743,6.73524,6.73524,7.58095,7.76973
8,7.66,6.6536,6.6536,7.49556,7.6987
8,7.71869,6.61475,6.61475,7.45368,7.66356
8,7.808,6.55599,6.55599,7.3888,7.60883
8,7.90431,6.4932,6.4932,7.31731,7.54815
8,7.956,6.45977,6.45977,7.27831,7.51485
8,8,6.43148,6.43148,7.24477,7.48611
8,8.09439,6.3713,6.3713,7.17173,7.42327
8,8.104,6.36522,6.36522,7.16421,7.41678
8,8.252,6.27262,6.27262,7.04659,7.31496
8,8.28905,6.24978,6.24978,7.01663,7.2889
8,8.4,6.18227,6.18227,6.92563,7.20945
8,8.48838,6.1295,6.1295,6.85171,7.14479
8,8.5,6.12264,6.12264,6.84191,7.1362
8,8.548,6.09444,6.09444,6.80118,7.10054
8,8.69251,6.01136,6.01136,6.67655,6.99119
8,8.696,6.00939,6.00939,6.67351,6.98851
8,8.844,5.92734,5.92734,6.5427,6.8731
8,8.90155,5.8963,5.8963,6.49101,6.82749
8,8.992,5.84852,5.84852,6.40885,6.75483
8,9,5.84436,5.84436,6.40153,6.74835
8,9.11561,5.78533,5.78533,6.29482,6.65366
8,9.14,5.77315,5.77315,6.27208,6.63346
8,9.288,5.70135,5.70135,6.13251,6.50932
8,9.33482,5.67936,5.67936,6.08781,6.46948
8,9.436,5.63295,5.63295,5.99033,6.38251
8,9.5,5.60411,5.60411,5.92809,6.32689
8,9.5593,5.57747,5.57747,5.87,6.27495
8,9.584,5.56636,5.56636,5.84572,6.2532
8,9.732,5.49894,5.49894,5.6989,6.12159
8,9.78919,5.47225,5.47225,5.64163,6.07015
8,9.88,5.42946,5.42946,5.55016,5.98786
8,10,5.37398,5.37398,5.42842,5.87803
8,10.0246,5.36272,5.36272,5.40335,5.85537
8,10.028,5.36116,5.36116,5.39988,5.85223
8,10.176,5.29101,5.29101,5.2485,5.71493
8,10.2657,5.24789,5.24789,5.15645,5.63119
8,10.324,5.22152,5.22152,5.09654,5.57651
8,10.472,5.15339,5.15339,4.94461,5.43719
8,10.5,5.14014,5.14014,4.91592,5.41072
8,10.5125,5.13423,5.13423,4.90309,5.39886
8,10.62,5.0848,5.0848,4.79346,5.29692
8,10.7653,5.01952,5.01952,4.6466,5.15897
8,10.768,5.01832,5.01832,4.64393,5.15645
8,10.916,4.95169,4.95169,4.49687,5.01639
8,11,4.91495,4.91495,4.41482,4.93722
8,11.0242,4.90449,4.90449,4.39142,4.91446
8,11.064,4.88737,4.88737,4.35326,4.8772
8,11.212,4.82422,4.82422,4.21437,4.74002
8,11.2893,4.79169,4.79169,4.14393,4.66922
8,11.36,4.7626,4.7626,4.08104,4.60509
8,11.5,4.70631,4.70631,3.96084,4.48024
8,11.508,4.70313,4.70313,3.95416,4.4732
8,11.5608,4.68225,4.68225,3.91062,4.42696
8,11.656,4.64522,4.64522,3.83461,4.34462
8,11.804,4.58949,4.58949,3.72271,4.22012
8,11.8388,4.57665,4.57665,3.6976,4.19181
8,11.952,4.53555,4.53555,3.61912,4.10173
8,12,4.51849,4.51849,3.58726,4.06402
8,12.1,4.48363,4.48363,3.52392,3.98707
8,12.1235,4.47555,4.47555,3.50956,3.96956
8,12.248,4.43365,4.43365,3.43656,3.88249
8,12.396,4.38542,4.38542,3.35769,3.78293
8,12.4151,4.37921,4.37921,3.34812,3.77062
8,12.5,4.35135,4.35135,3.30718,3.71747
8,12.544,4.33757,4.33757,3.28704,3.69092
8,12.692,4.29475,4.29475,3.22412,3.60547
8,12.7136,4.28843,4.28843,3.21552,3.59345
8,12.84,4.25201,4.25201,3.16832,3.52673
8,12.988,4.21177,4.21177,3.11894,3.455
8,13,4.20826,4.20826,3.11521,3.44945
8,13.0194,4.20257,4.20257,3.1093,3.44056
8,13.136,4.16962,4.16962,3.0758,3.38939
8,13.284,4.13042,4.13042,3.03838,3.33027
8,13.3325,4.11701,4.11701,3.02744,3.31219
8,13.432,4.09261,4.09261,3.00596,3.27692
8,13.5,4.07755,4.07755,2.99236,3.25424
8,13.58,4.05882,4.05882,2.97769,3.22903
8,13.6531,4.04039,4.04039,2.96531,3.2073
8,13.728,4.022,4.022,2.95358,3.18628
8,13.876,3.9899,3.9899,2.93316,3.14816
8,13.9814,3.96602,3.96602,2.92059,3.12367
8,14,3.96188,3.96188,2.91853,3.11957
8,14.024,3.95663,3.95663,2.91593,3.11436
8,14.172,3.92486,3.92486,2.90154,3.08452
8,14.3176,3.89227,3.89227,2.88978,3.05865
8,14.32,3.89175,3.89175,2.8896,3.05825
8,14.468,3.85978,3.85978,2.8798,3.03525
8,14.5,3.85298,3.85298,2.87794,3.03067
8,14.616,3.82855,3.82855,2.87186,3.0152
8,14.6619,3.81894,3.81894,2.86973,3.00953
8,14.764,3.79778,3.79778,2.86549,2.99778
8,14.912,3.76748,3.76748,2.86051,2.9826
8,15,3.74953,3.74953,2.85812,2.9746
8,15.0145,3.74658,3.74658,2.85776,2.97335
8,15.06,3.73737,3.73737,2.8567,2.96956
8,15.208,3.70757,3.70757,2.85386,2.95842
8,15.356,3.67787,3.67787,2.85178,2.94883
8,15.3756,3.67398,3.67398,2.85156,2.94765
8,15.5,3.64899,3.64899,2.85041,2.94073
8,15.504,3.64817,3.64817,2.85038,2.94052
8,15.652,3.6184,3.6184,2.84955,2.93352
8,15.7453,3.60055,3.60055,2.84927,2.92971
8,15.8,3.58996,3.58996,2.84917,2.92765
8,15.948,3.5609,3.5609,2.84913,2.92259
8,16,3.55074,3.55074,2.84917,2.92096
8,16.096,3.53168,3.53168,2.84934,2.91822
8,16.124,3.52603,3.52603,2.84941,2.91749
8,16.244,3.50175,3.50175,2.8498,2.91467
8,16.392,3.47252,3.47252,2.85048,2.91185
8,16.5,3.45105,3.45105,2.85114,2.91016
8,16.5117,3.44865,3.44865,2.85122,2.90999
8,16.54,3.44293,3.44293,2.85141,2.9096
8,16.688,3.41406,3.41406,2.85248,2.90771
8,16.836,3.38439,3.38439,2.85316,2.90595
8,16.9088,3.36986,3.36986,2.85323,2.90519
8,16.984,3.3548,3.3548,2.85325,2.90458
8,17,3.35159,3.35159,2.85325,2.90447
8,17.132,3.32505,3.32505,2.8535,2.90396
8,17.28,3.29517,3.29517,2.85437,2.903
8,17.3154,3.288,3.288,2.85459,2.90257
8,17.428,3.26519,3.26519,2.85516,2.90062
8,17.5,3.25053,3.25053,2.85534,2.89938
8,17.576,3.235,3.235,2.85534,2.89834
8,17.724,3.2046,3.2046,2.85528,2.8975
8,17.7318,3.20299,3.20299,2.85529,2.89748
8,17.872,3.17401,3.17401,2.85551,2.89724
8,18,3.14744,3.14744,2.85592,2.89695
8,18.02,3.14327,3.14327,2.85598,2.89687
8,18.1582,3.11438,3.11438,2.85644,2.89591
8,18.168,3.11234,3.11234,2.85648,2.8958
8,18.316,3.08124,3.08124,2.85643,2.89378
8,18.464,3.04997,3.04997,2.85509,2.89185
8,18.5,3.04234,3.04234,2.85478,2.89148
8,18.5949,3.02219,3.02219,2.85436,2.89064
8,18.612,3.01855,3.01855,2.85433,2.8905
8,18.76,2.98695,2.98695,2.85392,2.88941
8,18.908,2.95514,2.95514,2.85295,2.88838
8,19,2.93526,2.93526,2.85216,2.88761
8,19.0421,2.92614,2.92614,2.85177,2.88721
8,19.056,2.92312,2.92312,2.85164,2.88707
8,19.204,2.89091,2.89091,2.85032,2.88551
8,19.352,2.8585,2.8585,2.8489,2.88418
8,19.5,2.8258,2.8258,2.8472,2.88276
9,1,0,0,0,0
9,1.02316,0,0,0,0
9,1.04686,0,0,0,0
9,1.07111,0,0,0,0
9,1.09592,0,0,0,0
9,1.1213,0,0,0,0
9,1.132,0,0,0,0
9,1.14727,0,0,0,0
9,1.17384,0,0,0,0
9,1.20103,0,0,0,0
9,1.22885,0,0,0,0
9,1.25731,0,0,0,0
9,1.264,0,0,0,0
9,1.28643,0,0,0,0
9,1.31623,0,0,0,0
9,1.34672,0,0,0,0
9,1.37791,0,0,0,0
9,1.396,0,0,0,0
9,1.40982,0,0,0,0
9,1.44248,0,0,0,0
9,1.47589,0,0,0,0
9,1.5,0,0,0,0
9,1.51007,0,0,0,0
9,1.528,0,0,0,0
9,1.54505,0,0,0,0
9,1.58083,0,0,0,0
9,1.61745,0,0,0,0
9,1.65491,0,0,0,0
9,1.66,0,0,0,0
9,1.69324,0,0,0,0
9,1.73246,0,0,0,0
9,1.77259,0,0,0.539169,0
9,1.792,0,0,1.36473,0
9,1.81364,0,0,2.03281,0.318104
9,1.85565,0,0,2.94985,1.98925
9,1.89863,0,0,3.61018,2.96203
9,1.924,0,0,3.92189,3.38402
9,1.94261,0,0,4.12429,3.64836
9,1.9876,0,0,4.54447,4.17616
9,2,0.189146,0.189146,4.64632,4.30043
9,2.03364,0.996091,0.996091,4.89917,4.60319
9,2.056,1.39779,1.39779,5.05112,4.78121
9,2.08074,1.78421,1.78421,5.20621,4.96033
9,2.12893,2.4146,2.4146,5.47614,5.26547
9,2.17824,2.94012,2.94012,5.71376,5.53105
9,2.188,3.03305,3.03305,5.75678,5.57912
9,2.2287,3.38921,3.38921,5.92436,5.76617
9,2.28032,3.78108,3.78108,6.11378,5.97655
9,2.32,4.04613,4.04613,6.24494,6.12125
9,2.33313,4.12796,4.12796,6.28592,6.16628
9,2.38717,4.43845,4.43845,6.44341,6.33851
9,2.44246,4.71902,4.71902,6.58823,6.49577
9,2.452,4.76415,4.76415,6.61174,6.5212
9,2.49903,4.97442,4.97442,6.72195,6.64006
9,2.5,4.97854,4.97854,6.72411,6.64239
9,2.55692,5.20843,5.20843,6.84584,6.773
9,2.584,5.30975,5.30975,6.89985,6.83073
9,2.61614,5.42397,5.42397,6.96097,6.89591
9,2.67673,5.62341,5.62341,7.06823,7.00989
9,2.716,5.74277,5.74277,7.13269,7.07818
9,2.73873,5.80867,5.80867,7.16835,7.11589
9,2.80216,5.98133,5.98133,7.26197,7.21471
9,2.848,6.09678,6.09678,7.32467,7.28074
9,2.86707,6.14271,6.14271,7.34963,7.30699
9,2.93347,6.29391,6.29391,7.43179,7.39323
9,2.98,6.39241,6.39241,7.48528,7.44921
9,3,6.43303,6.43303,7.50731,7.47225
9,3.00142,6.43587,6.43587,7.50885,7.47386
9,3.07094,6.56939,6.56939,7.5811,7.54927
9,3.112,6.64326,6.64326,7.62091,7.59076
9,3.14207,6.69519,6.69519,7.64879,7.61979
9,3.21484,6.81395,6.81395,7.71214,7.68569
9,3.244,6.85897,6.85897,7.73596,7.71045
9,3.2893,6.92622,6.92622,7.77132,7.74719
9,3.36549,7.03237,7.03237,7.82644,7.80447
9,3.376,7.04636,7.04636,7.83364,7.81195
9,3.44344,7.13254,7.13254,7.87758,7.85766
9,3.5,7.20021,7.20021,7.91156,7.89298
9,3.508,7.20947,7.20947,7.91616,7.89776
9,3.5232,7.22686,7.22686,7.92477,7.90669
9,3.6048,7.31608,7.31608,7.96799,7.95143
9,3.64,7.35254,7.35254,7.98512,7.96912
9,3.68829,7.40066,7.40066,8.00718,7.99187
9,3.772,7.47904,7.47904,8.04152,8.02733
9,3.77372,7.48058,7.48058,8.04218,8.028
9,3.86113,7.55571,7.55571,8.07292,8.05969
9,3.904,7.58998,7.58998,8.08621,8.07332
9,3.95056,7.62528,7.62528,8.09935,8.0868
9,4,7.66091,7.66091,8.11183,8.09965
9,4.036,7.68577,7.68577,8.11997,8.10809
9,4.04206,7.68986,7.68986,8.12126,8.10944
9,4.13568,7.74956,7.74956,8.1384,8.12751
9,4.168,7.76849,7.76849,8.14311,8.13254
9,4.23147,7.80316,7.80316,8.15054,8.14061
9,4.3,7.83733,7.83733,8.15589,8.14674
9,4.32948,7.85104,7.85104,8.15733,8.14855
9,4.42976,7.89257,7.89257,8.15842,8.15075
9,4.432,7.89341,7.89341,8.15838,8.15073
9,4.5,7.91751,7.91751,8.15601,8.14867
9,4.53236,7.92796,7.92796,8.15414,8.14676
9,4.564,7.93746,7.93746,8.15186,8.14434
9,4.63733,7.95646,7.95646,8.14462,8.13668
9,4.696,7.96893,7.96893,8.13683,8.12861
9,4.74474,7.97746,7.97746,8.1292,8.12066
9,4.828,7.98829,7.98829,8.11366,8.10447
9,4.85464,7.99079,7.99079,8.10793,8.0986
9,4.96,7.99595,7.99595,8.08224,8.07223
9,4.96708,7.99604,7.99604,8.08036,8.07028
9,5,7.99601,7.99601,8.07131,8.06099
9,5.08213,7.99284,7.99284,8.04674,8.03613
9,5.092,7.99216,7.99216,8.04359,8.03298
9,5.19984,7.98088,7.98088,8.00675,7.99647
9,5.224,7.97734,7.97734,7.99795,7.98771
9,5.32028,7.96018,7.96018,7.96105,7.95087
9,5.356,7.95257,7.95257,7.94663,7.93648
9,5.4435,7.93102,7.93102,7.90978,7.89972
9,5.488,7.91853,7.91853,7.89029,7.88027
9,5.5,7.91497,7.91497,7.88495,7.87494
9,5.56958,7.89287,7.89287,7.85332,7.84338
9,5.62,7.87536,7.87536,7.8297,7.81984
9,5.69859,7.84565,7.84565,7.79181,7.7821
9,5.752,7.82391,7.82391,7.76537,7.75579
9,5.83058,7.7897,7.7897,7.72552,7.71618
9,5.884,7.7651,7.7651,7.69783,7.68868
9,5.96562,7.72553,7.72553,7.65467,7.64585
9,6,7.7082,7.7082,7.63621,7.62753
9,6.016,7.7,7.7,7.62756,7.61895
9,6.1038,7.65364,7.65364,7.57951,7.57131
9,6.148,7.62949,7.62949,7.55498,7.547
9,6.24517,7.57465,7.57465,7.50028,7.49286
9,6.28,7.55446,7.55446,7.48045,7.47325
9,6.38982,7.48915,7.48915,7.41723,7.41079
9,6.412,7.47569,7.47569,7.40434,7.39807
9,6.5,7.42144,7.42144,7.35289,7.34729
9,6.53782,7.39776,7.39776,7.33063,7.32533
9,6.544,7.39387,7.39387,7.32698,7.32173
9,6.676,7.30967,7.30967,7.2486,7.2445
9,6.68925,7.30111,7.30111,7.24069,7.23671
9,6.808,7.22364,7.22364,7.16943,7.16656
9,6.84418,7.19981,7.19981,7.14762,7.1451
9,6.94,7.13629,7.13629,7.08965,7.08809
9,7,7.09627,7.09627,7.05322,7.05229
9,7.00271,7.09446,7.09446,7.05157,7.05068
9,7.072,7.04805,7.04805,7.00939,7.00923
9,7.1649,6.98563,6.98563,6.9527,6.95356
9,7.204,6.95932,6.95932,6.9288,6.9301
9,7.33085,6.87391,6.87391,6.85115,6.85389
9,7.336,6.87044,6.87044,6.84799,6.8508
9,7.468,6.78174,6.78174,6.76707,6.77142
9,7.5,6.7603,6.7603,6.74744,6.75217
9,7.50065,6.75986,6.75986,6.74705,6.75178
9,7.6,6.69349,6.69349,6.68612,6.69205
9,7.67438,6.64407,6.64407,6.64053,6.64735
9,7.732,6.60597,6.60597,6.60523,6.61276
9,7.85213,6.52715,6.52715,6.53174,6.54074
9,7.864,6.51941,6.51941,6.52449,6.53364
9,7.996,6.43405,6.43405,6.44396,6.45473
9,8,6.43148,6.43148,6.44153,6.45235
9,8.034,6.40973,6.40973,6.42084,6.43208
9,8.128,6.35006,6.35006,6.36373,6.37613
9,8.22008,6.29241,6.29241,6.30778,6.32151
9,8.26,6.26768,6.26768,6.28343,6.29789
9,8.392,6.18709,6.18709,6.20171,6.2201
9,8.41047,6.17597,6.17597,6.19009,6.20925
9,8.5,6.12264,6.12264,6.13315,6.15682
9,8.524,6.1085,6.1085,6.11771,6.14279
9,8.60527,6.06118,6.06118,6.06481,6.09534
9,8.656,6.03209,6.03209,6.0313,6.0657
9,8.788,5.95801,5.95801,5.94234,5.98806
9,8.80459,5.94888,5.94888,5.93099,5.97821
9,8.92,5.88645,5.88645,5.85089,5.90857
9,9,5.84436,5.84436,5.79428,5.85898
9,9.00852,5.83994,5.83994,5.7882,5.85365
9,9.052,5.81755,5.81755,5.75702,5.8263
9,9.184,5.75143,5.75143,5.66083,5.74289
9,9.21717,5.73527,5.73527,5.63632,5.72185
9,9.316,5.68816,5.68816,5.56249,5.65833
9,9.43065,5.63539,5.63539,5.47548,5.5822
9,9.448,5.62754,5.62754,5.46219,5.57051
9,9.5,5.60413,5.60413,5.42216,5.5354
9,9.58,5.5682,5.5682,5.36009,5.48181
9,9.64909,5.53699,5.53699,5.30605,5.43635
9,9.712,5.50823,5.50823,5.25652,5.3943
9,9.844,5.44643,5.44643,5.1518,5.30236
9,9.87257,5.43295,5.43295,5.12902,5.28254
9,9.976,5.38499,5.38499,5.04637,5.21171
9,10,5.37403,5.37403,5.02716,5.19521
9,10.1012,5.32724,5.32724,4.94612,5.12463
9,10.108,5.32404,5.32404,4.94071,5.11989
9,10.24,5.25992,5.25992,4.83542,5.02682
9,10.3352,5.21658,5.21658,4.76009,4.96068
9,10.372,5.20008,5.20008,4.73112,4.93544
9,10.5,5.14009,5.14009,4.63125,4.8473
9,10.504,5.1382,5.1382,4.62815,4.84453
9,10.5746,5.10551,5.10551,4.57388,4.79591
9,10.636,5.07757,5.07757,4.52728,4.75399
9,10.768,5.01835,5.01835,4.43037,4.66601
9,10.8195,4.99508,4.99508,4.3941,4.63244
9,10.9,4.9588,4.9588,4.33877,4.58022
9,11,4.91499,4.91499,4.27174,4.51636
9,11.032,4.90117,4.90117,4.25048,4.49638
9,11.0701,4.88476,4.88476,4.22533,4.47285
9,11.164,4.84461,4.84461,4.16455,4.41635
9,11.296,4.78891,4.78891,4.08434,4.33993
9,11.3265,4.77632,4.77632,4.06708,4.32265
9,11.428,4.73514,4.73514,4.01162,4.26675
9,11.5,4.70631,4.70631,3.97352,4.22883
9,11.56,4.68257,4.68257,3.94273,4.19828
9,11.5889,4.67126,4.67126,3.9283,4.18391
9,11.692,4.63144,4.63144,3.87903,4.13412
9,11.824,4.58212,4.58212,3.82054,4.07383
9,11.8573,4.56988,4.56988,3.80655,4.05942
9,11.956,4.53412,4.53412,3.76669,4.01842
9,12,4.5185,4.5185,3.74974,4.00088
9,12.088,4.48777,4.48777,3.7177,3.96713
9,12.1319,4.47268,4.47268,3.70274,3.95096
9,12.22,4.44296,4.44296,3.67426,3.91986
9,12.352,4.39964,4.39964,3.63398,3.87662
9,12.4129,4.37972,4.37972,3.61607,3.85805
9,12.484,4.35633,4.35633,3.59564,3.83754
9,12.5,4.35122,4.35122,3.59114,3.83312
9,12.616,4.31697,4.31697,3.56036,3.80303
9,12.7004,4.29232,4.29232,3.54112,3.78166
9,12.748,4.27829,4.27829,3.53096,3.76948
9,12.88,4.24153,4.24153,3.50335,3.73831
9,12.9946,4.20937,4.20937,3.48066,3.71397
9,13,4.20777,4.20777,3.47966,3.71286
9,13.012,4.20426,4.20426,3.47748,3.71042
9,13.144,4.16755,4.16755,3.45427,3.68684
9,13.276,4.13233,4.13233,3.43115,3.66539
9,13.2956,4.12691,4.12691,3.42803,3.66196
9,13.408,4.09866,4.09866,3.41082,3.64352
9,13.5,4.07789,4.07789,3.39874,3.63058
9,13.54,4.06845,4.06845,3.39397,3.62508
9,13.6035,4.05269,4.05269,3.38467,3.61651
9,13.672,4.03532,4.03532,3.37435,3.60776
9,13.804,4.00578,4.00578,3.35721,3.59351
9,13.9186,3.98013,3.98013,3.34317,3.58027
9,13.936,3.97615,3.97615,3.34135,3.57805
9,14,3.96186,3.96186,3.33457,3.57041
9,14.068,3.94756,3.94756,3.3272,3.56312
9,14.2,3.9179,3.9179,3.31357,3.54997
9,14.241,3.90884,3.90884,3.31005,3.54563
9,14.332,3.88893,3.88893,3.29961,3.53749
9,14.464,3.86052,3.86052,3.28592,3.52599
9,14.5,3.85288,3.85288,3.28282,3.523
9,14.5708,3.83794,3.83794,3.27714,3.51743
9,14.596,3.83264,3.83264,3.27427,3.5154
9,14.728,3.80514,3.80514,3.26016,3.50467
9,14.86,3.77804,3.77804,3.2469,3.49442
9,14.9083,3.76817,3.76817,3.24276,3.49053
9,14.992,3.75109,3.75109,3.23533,3.48439
9,15,3.74946,3.74946,3.23463,3.48382
9,15.124,3.72443,3.72443,3.22357,3.47456
9,15.2536,3.69832,3.69832,3.21189,3.4653
9,15.256,3.69783,3.69783,3.21168,3.46513
9,15.388,3.67147,3.67147,3.19983,3.45556
9,15.5,3.64893,3.64893,3.18978,3.44751
9,15.52,3.64482,3.64482,3.18798,3.44617
9,15.6069,3.62715,3.62715,3.18015,3.44069
9,15.652,3.61829,3.61829,3.17609,3.43754
9,15.784,3.59305,3.59305,3.16421,3.42825
9,15.916,3.56715,3.56715,3.15226,3.41782
9,15.9684,3.55693,3.55693,3.14749,3.41435
9,16,3.55079,3.55079,3.14461,3.41262
9,16.048,3.54146,3.54146,3.14024,3.4096
9,16.18,3.51563,3.51563,3.12815,3.39995
9,16.312,3.48893,3.48893,3.11599,3.39041
9,16.3382,3.48359,3.48359,3.11357,3.38851
9,16.444,3.46244,3.46244,3.10375,3.38171
9,16.5,3.45141,3.45141,3.09852,3.37713
9,16.576,3.43641,3.43641,3.09139,3.37125
9,16.708,3.40977,3.40977,3.0789,3.36167
9,16.7167,3.40797,3.40797,3.07807,3.36102
9,16.84,3.38342,3.38342,3.06631,3.35239
9,16.972,3.35724,3.35724,3.05362,3.34207
9,17,3.35158,3.35158,3.05092,3.33996
9,17.1038,3.33066,3.33066,3.04086,3.33209
9,17.104,3.33063,3.33063,3.04085,3.33207
9,17.236,3.30405,3.30405,3.02798,3.32221
9,17.368,3.27732,3.27732,3.015,3.31188
9,17.5,3.25051,3.25051,3.00188,3.30147
10,1,0,0,0,0
10,1.02268,0,0,0,0
10,1.04587,0,0,0,0
10,1.0696,0,0,0,0
10,1.09385,0,0,0,0
10,1.11866,0,0,0,0
10,1.124,0,0,0,0
10,1.14403,0,0,0,0
10,1.16998,0,0,0,0
10,1.19652,0,0,0,0
10,1.22365,0,0,0,0
10,1.248,0,0,0,0
10,1.25141,0,0,0,0
10,1.27979,0,0,0,0
10,1.30882,0,0,0,0
10,1.3385,0,0,0,0
10,1.36886,0,0,0,0
10,1.372,0,0,0,0
10,1.3999,0,0,1.13761,0
10,1.43165,0,0,2.51273,1.15833
10,1.46412,0,0,3.39722,2.54737
10,1.496,0,0,4.02652,3.40875
10,1.49733,0,0,4.04936,3.43874
10,1.5,0,0,4.09449,3.49778
10,1.53129,0,0,4.56472,4.09502
10,1.56602,0,0,4.9898,4.61102
10,1.60154,0,0,5.35085,5.03567
10,1.62,0,0,5.51625,5.22656
10,1.63786,0,0,5.66439,5.39596
10,1.67501,0,0,5.94091,5.70871
10,1.713,0,0,6.18767,5.98428
10,1.744,0,0,6.36731,6.183
10,1.75185,0,0,6.41012,6.23013
10,1.79158,0,0,6.61234,6.4517
10,1.83222,0,0,6.79741,6.65303
10,1.868,0,0,6.94514,6.81279
10,1.87377,0,0,6.96777,6.83719
10,1.91627,0,0,7.12532,7.00661
10,1.95973,0,0,7.27161,7.16321
10,1.992,0,0,7.37179,7.27009
10,2,0.189146,0.189146,7.39562,7.29546
10,2.00418,0.316917,0.316917,7.4079,7.30854
10,2.04963,1.28933,1.28933,7.53524,7.44386
10,2.09612,2.00085,2.00085,7.65445,7.5702
10,2.116,2.25862,2.25862,7.70239,7.62089
10,2.14366,2.58224,2.58224,7.76629,7.68837
10,2.19228,3.07279,3.07279,7.87132,7.79908
10,2.24,3.48022,3.48022,7.96625,7.8989
10,2.242,3.49599,3.49599,7.97006,7.90291
10,2.29285,3.86785,3.86785,8.06283,8.00037
10,2.34485,4.19875,4.19875,8.14984,8.09186
10,2.364,4.31016,4.31016,8.18,8.12362
10,2.39803,4.49627,4.49627,8.23126,8.17765
10,2.45242,4.76611,4.76611,8.30735,8.25786
10,2.488,4.92684,4.92684,8.35347,8.30649
10,2.5,4.97854,4.97854,8.36839,8.32224
10,2.50804,5.01252,5.01252,8.37822,8.33261
10,2.56492,5.23889,5.23889,8.44381,8.40197
10,2.612,5.40961,5.40961,8.49312,8.45426
10,2.6231,5.4479,5.4479,8.5041,8.46594
10,2.68259,5.64168,5.64168,8.55883,8.52435
10,2.736,5.80087,5.80087,8.60203,8.5708
10,2.74343,5.82202,5.82202,8.60761,8.57682
10,2.80565,5.99038,5.99038,8.65038,8.6232
10,2.86,6.12583,6.12583,8.68192,8.65792
10,2.86929,6.14798,6.14798,8.68677,8.66332
10,2.93436,6.29585,6.29585,8.71664,8.69699
10,2.984,6.40062,6.40062,8.73487,8.71795
10,3,6.43303,6.43303,8.73993,8.72386
10,3.00092,6.43486,6.43486,8.74021,8.72418
10,3.06898,6.56577,6.56577,8.75735,8.74471
10,3.108,6.63622,6.63622,8.76408,8.75333
10,3.13858,6.68926,6.68926,8.76777,8.75853
10,3.20977,6.80597,6.80597,8.77133,8.76543
10,3.232,6.84062,6.84062,8.77113,8.76616
10,3.28256,6.91642,6.91642,8.76846,8.76545
10,3.356,7.0196,7.0196,8.7595,8.75908
10,3.35701,7.02097,7.02097,8.75934,8.75895
10,3.43315,7.11979,7.11979,8.74436,8.74629
10,3.48,7.17673,7.17673,8.73263,8.73579
10,3.5,7.20021,7.20021,8.72711,8.73075
10,3.51102,7.21294,7.21294,8.72393,8.72783
10,3.59065,7.30108,7.30108,8.69855,8.70414
10,3.604,7.31524,7.31524,8.6939,8.69975
10,3.67208,7.38475,7.38475,8.66869,8.67574
10,3.728,7.43862,7.43862,8.6463,8.65421
10,3.75537,7.46396,7.46396,8.63485,8.64315
10,3.84054,7.53863,7.53863,8.59745,8.60681
10,3.852,7.54819,7.54819,8.59223,8.60172
10,3.92764,7.60814,7.60814,8.55688,8.56715
10,3.976,7.64383,7.64383,8.53353,8.54424
10,4,7.66091,7.66091,8.52175,8.53266
10,4.01672,7.67257,7.67257,8.51348,8.52452
10,4.1,7.72762,7.72762,8.47154,8.48318
10,4.10782,7.73252,7.73252,8.46754,8.47924
10,4.20099,7.78691,7.78691,8.41931,8.43156
10,4.224,7.79924,7.79924,8.40724,8.41961
10,4.29627,7.83555,7.83555,8.36897,8.3817
10,4.348,7.85931,7.85931,8.3413,8.35426
10,4.39371,7.87856,7.87856,8.31669,8.32983
10,4.472,7.90791,7.90791,8.27424,8.28766
10,4.49336,7.91528,7.91528,8.2626,8.2761
10,4.5,7.91751,7.91751,8.25897,8.2725
10,4.59527,7.94607,7.94607,8.20678,8.22061
10,4.596,7.94627,7.94627,8.20638,8.22021
10,4.69949,7.9696,7.9696,8.14932,8.16345
10,4.72,7.97335,7.97335,8.13798,8.15216
10,4.80608,7.98587,7.98587,8.09028,8.10468
10,4.844,7.98985,7.98985,8.06922,8.08372
10,4.91508,7.99465,7.99465,8.02968,8.04435
10,4.968,7.99605,7.99605,8.00021,8.01501
10,5,7.99601,7.99601,7.98238,7.99725
10,5.02656,7.99547,7.99547,7.96757,7.9825
10,5.092,7.99216,7.99216,7.93106,7.94614
10,5.14056,7.98798,7.98798,7.90396,7.91914
10,5.216,7.97855,7.97855,7.86185,7.87719
10,5.25715,7.97199,7.97199,7.83887,7.8543
10,5.34,7.95606,7.95606,7.79261,7.80821
10,5.37639,7.94793,7.94793,7.7723,7.78797
10,5.464,7.9254,7.9254,7.7234,7.73925
10,5.49832,7.91547,7.91547,7.70425,7.72017
10,5.5,7.91497,7.91497,7.70332,7.71924
10,5.588,7.88661,7.88661,7.65425,7.67034
10,5.62303,7.87427,7.87427,7.63473,7.65089
10,5.712,7.8403,7.8403,7.58519,7.60152
10,5.75056,7.82451,7.82451,7.56374,7.58014
10,5.836,7.78725,7.78725,7.51625,7.53281
10,5.88098,7.76651,7.76651,7.49128,7.50792
10,5.96,7.72832,7.72832,7.44746,7.46425
10,6,7.7082,7.7082,7.4253,7.44216
10,6.01436,7.70084,7.70084,7.41735,7.43424
10,6.084,7.66428,7.66428,7.37884,7.39585
10,6.15077,7.62795,7.62795,7.34196,7.3591
10,6.208,7.59589,7.59589,7.31041,7.32765
10,6.29027,7.54845,7.54845,7.26513,7.28252
10,6.332,7.52383,7.52383,7.24221,7.25966
10,6.43294,7.46289,7.46289,7.18688,7.20451
10,6.456,7.44871,7.44871,7.17426,7.19193
10,6.5,7.42143,7.42143,7.15021,7.16796
10,6.57884,7.37185,7.37185,7.10721,7.1251
10,6.58,7.37111,7.37111,7.10658,7.12447
10,6.704,7.29155,7.29155,7.03922,7.05733
10,6.72805,7.27593,7.27593,7.0262,7.04435
10,6.828,7.21048,7.21048,6.9722,6.99053
10,6.88064,7.1757,7.1757,6.94386,6.96229
10,6.952,7.12829,7.12829,6.90558,6.92413
10,7,7.09626,7.09626,6.87991,6.89853
10,7.0367,7.07171,7.07171,6.86032,6.87901
10,7.076,7.04536,7.04536,6.83938,6.85815
10,7.19629,6.9645,6.9645,6.77562,6.79462
10,7.2,6.96201,6.96201,6.77366,6.79267
10,7.324,6.87851,6.87851,6.70846,6.72771
10,7.3595,6.85462,6.85462,6.6899,6.70922
10,7.448,6.79515,6.79515,6.64388,6.66333
10,7.5,6.76029,6.76029,6.61701,6.63653
10,7.52642,6.74261,6.74261,6.60339,6.62295
10,7.572,6.71215,6.71215,6.57998,6.59962
10,7.696,6.62975,6.62975,6.51673,6.5366
10,7.69712,6.629,6.629,6.51616,6.53603
10,7.82,6.54813,6.54813,6.45421,6.47437
10,7.87169,6.5144,6.5144,6.42841,6.44867
10,7.944,6.46751,6.46751,6.39265,6.41299
10,8,6.43148,6.43148,6.36521,6.38557
10,8.05023,6.39937,6.39937,6.34077,6.36116
10,8.068,6.38805,6.38805,6.33216,6.35256
10,8.192,6.3099,6.3099,6.27255,6.29318
10,8.23281,6.28451,6.28451,6.25312,6.27389
10,8.316,6.23326,6.23326,6.21384,6.23494
10,8.41953,6.17053,6.17053,6.16581,6.18717
10,8.44,6.15828,6.15828,6.15646,6.17781
10,8.5,6.12264,6.12264,6.12933,6.15054
10,8.564,6.0851,6.0851,6.10074,6.12179
10,8.61049,6.05818,6.05818,6.08016,6.10114
10,8.688,6.01391,6.01391,6.04609,6.06719
10,8.80577,5.94823,5.94823,5.99484,6.01698
10,8.812,5.94481,5.94481,5.99216,6.01438
10,8.936,5.87795,5.87795,5.94008,5.96352
10,9,5.84436,5.84436,5.91445,5.93792
10,9.00549,5.84151,5.84151,5.91228,5.93574
10,9.06,5.81346,5.81346,5.89097,5.91422
10,9.184,5.75143,5.75143,5.84309,5.86563
10,9.20974,5.73888,5.73888,5.83324,5.85564
10,9.308,5.69191,5.69191,5.79637,5.81832
10,9.41862,5.64084,5.64084,5.75687,5.77874
10,9.432,5.63476,5.63476,5.75222,5.77415
10,9.5,5.60411,5.60411,5.72893,5.75136
10,9.556,5.57896,5.57896,5.71014,5.73307
10,9.63223,5.54458,5.54458,5.68519,5.70837
10,9.68,5.52285,5.52285,5.66992,5.69272
10,9.804,5.46528,5.46528,5.63169,5.65286
10,9.8507,5.44327,5.44327,5.6179,5.63854
10,9.928,5.407,5.407,5.59592,5.61649
10,10,5.37398,5.37398,5.57628,5.59732
10,10.052,5.35013,5.35013,5.56253,5.58393
10,10.0741,5.33989,5.33989,5.55678,5.57827
10,10.176,5.29101,5.29101,5.53122,5.55279
10,10.3,5.23228,5.23228,5.5022,5.5238
10,10.3026,5.23112,5.23112,5.50162,5.52322
10,10.424,5.17605,5.17605,5.47565,5.49737
10,10.5,5.14014,5.14014,5.46062,5.48249
10,10.5363,5.12316,5.12316,5.45376,5.47569
10,10.548,5.11773,5.11773,5.45158,5.47352
10,10.672,5.06132,5.06132,5.42969,5.45153
10,10.7752,5.01508,5.01508,5.41319,5.43495
10,10.796,5.00573,5.00573,5.41007,5.43185
10,10.92,4.94992,4.94992,5.39279,5.41483
10,11,4.91495,4.91495,5.38278,5.40494
10,11.0196,4.90648,4.90648,5.38041,5.40257
10,11.044,4.89597,4.89597,5.37747,5.39963
10,11.168,4.84291,4.84291,5.3621,5.38379
10,11.2695,4.79996,4.79996,5.34766,5.3693
10,11.292,4.79057,4.79057,5.34406,5.36591
10,11.416,4.73994,4.73994,5.321,5.34548
10,11.5,4.70631,4.70631,5.30275,5.32966
10,11.5251,4.69633,4.69633,5.29694,5.32454
10,11.54,4.69046,4.69046,5.29342,5.32141
10,11.664,4.64214,4.64214,5.26171,5.29171
10,11.7865,4.59595,4.59595,5.22642,5.25552
10,11.788,4.59541,4.59541,5.22597,5.25505
10,11.912,4.54995,4.54995,5.18531,5.21336
10,12,4.51849,4.51849,5.15371,5.18225
10,12.036,4.50584,4.50584,5.1403,5.1692
10,12.0538,4.49961,4.49961,5.13356,5.16266
10,12.16,4.46311,4.46311,5.09192,5.12267
10,12.284,4.42182,4.42182,5.03924,5.07339
10,12.3272,4.40773,4.40773,5.01987,5.0555
10,12.408,4.38151,4.38151,4.98241,5.02104
10,12.5,4.35135,4.35135,4.93823,4.98019
10,12.532,4.34122,4.34122,4.92264,4.9656
10,12.6068,4.3193,4.3193,4.88501,4.93075
10,12.656,4.30516,4.30516,4.85864,4.90728
10,12.78,4.26898,4.26898,4.79015,4.8463
10,12.8927,4.23785,4.23785,4.72857,4.78886
10,12.904,4.2349,4.2349,4.72239,4.78303
10,13,4.20826,4.20826,4.66811,4.73277
10,13.028,4.20004,4.20004,4.65176,4.71793
10,13.152,4.16536,4.16536,4.58001,4.65145
10,13.1852,4.15667,4.15667,4.56094,4.63352
10,13.276,4.1326,4.1326,4.50764,4.58399
10,13.4,4.09981,4.09981,4.43466,4.51554
10,13.4842,4.08108,4.08108,4.38629,4.46905
10,13.5,4.07755,4.07755,4.37712,4.46038
10,13.524,4.0721,4.0721,4.36311,4.44728
10,13.648,4.04169,4.04169,4.29097,4.38055
10,13.772,4.01234,4.01234,4.21858,4.314
10,13.79,4.00849,4.00849,4.20794,4.30427
10,13.896,3.98542,3.98542,4.14624,4.24687
10,14,3.96188,3.96188,4.08703,4.18995
10,14.02,3.9575,3.9575,4.07571,4.179
10,14.1028,3.94024,3.94024,4.02829,4.13399
10,14.144,3.93134,3.93134,4.0046,4.11188
10,14.268,3.90309,3.90309,3.93679,4.04643
10,14.392,3.87607,3.87607,3.86755,3.98133
10,14.4226,3.86948,3.86948,3.85032,3.96528
10,14.5,3.85298,3.85298,3.8078,3.92496
10,14.516,3.8496,3.8496,3.79904,3.91666
10,14.64,3.82352,3.82352,3.73136,3.85273
10,14.7497,3.80072,3.80072,3.67211,3.79664
10,14.764,3.79778,3.79778,3.66451,3.78938
10,14.888,3.77239,3.77239,3.59818,3.72607
10,15,3.74953,3.74953,3.53854,3.66826
10,15.012,3.74709,3.74709,3.53216,3.66208
10,15.0843,3.73248,3.73248,3.49391,3.62514
10,15.136,3.72207,3.72207,3.46667,3.59938
10,15.26,3.69708,3.69708,3.40146,3.53866
10,15.384,3.67231,3.67231,3.33682,3.47744
10,15.4264,3.66386,3.66386,3.31487,3.4566
10,15.5,3.64899,3.64899,3.27687,3.42048
10,15.508,3.64735,3.64735,3.27276,3.41655
10,15.632,3.62229,3.62229,3.20895,3.35554
10,15.756,3.5985,3.5985,3.14529,3.2957
10,15.7763,3.59458,3.59458,3.13493,3.28601
10,15.88,3.57423,3.57423,3.08201,3.23516
10,16,3.55074,3.55074,3.02084,3.17715
10,16.004,3.54995,3.54995,3.0188,3.1752
10,16.128,3.52522,3.52522,2.95566,3.1153
10,16.1341,3.52399,3.52399,2.95257,3.11232
10,16.252,3.50015,3.50015,2.89284,3.05581
10,16.376,3.47561,3.47561,2.83017,2.99641
10,16.5,3.45105,3.45105,2.76737,2.93713
11,1,0,0,0,0
11,1.02217,0,0,0,0
11,1.04483,0,0,0,0
11,1.06799,0,0,0,0
11,1.09167,0,0,0,0
11,1.11587,0,0,0,0
11,1.116,0,0,0,0
11,1.14061,0,0,0,0
11,1.16589,0,0,0,0
11,1.19174,0,0,0,0
11,1.21816,0,0,0,0
11,1.232,0,0,0,0
11,1.24516,0,0,0,0
11,1.27277,0,0,0,0
11,1.30098,0,0,0,0
11,1.32983,0,0,0,0
11,1.348,0,0,0,0
11,1.35931,0,0,0,0
11,1.38944,0,0,0,0
11,1.42024,0,0,0,0
11,1.45173,0,0,0,0
11,1.464,0,0,0,0
11,1.48391,0,0,0,0
11,1.5,0,0,0,0
11,1.51681,0,0,0,0
11,1.55043,0,0,0,0
11,1.58,0,0,0,0
11,1.5848,0,0,0,0
11,1.61994,0,0,0,0
11,1.65585,0,0,0,0
11,1.69256,0,0,0,0
11,1.696,0,0,0,0
11,1.73008,0,0,0,0
11,1.76843,0,0,1.14143,1.07946
11,1.80764,0,0,2.52247,2.41243
11,1.812,0,0,2.6343,2.52125
11,1.84771,0,0,3.38244,3.25235
11,1.88867,0,0,4.00474,3.86367
11,1.928,0,0,4.46374,4.31585
11,1.93054,0,0,4.49009,4.34188
11,1.97334,0,0,4.88606,4.73489
11,2,0.189145,0.189145,5.09724,4.94389
11,2.01709,0.647961,0.647961,5.22082,5.06638
11,2.044,1.18975,1.18975,5.39959,5.24384
11,2.0618,1.49319,1.49319,5.50858,5.35159
11,2.10751,2.15141,2.15141,5.76032,5.59976
11,2.15423,2.6967,2.6967,5.98371,5.82092
11,2.16,2.75718,2.75718,6.00927,5.84631
11,2.20199,3.16091,3.16091,6.18391,6.02021
11,2.25081,3.56437,3.56437,6.36488,6.20098
11,2.276,3.7505,3.7505,6.45041,6.28653
11,2.3007,3.92074,3.92074,6.52969,6.3659
11,2.35171,4.23924,4.23924,6.68067,6.51713
11,2.392,4.46433,4.46433,6.78933,6.62605
11,2.40384,4.52664,4.52664,6.81967,6.65648
11,2.45713,4.78807,4.78807,6.94823,6.78541
11,2.5,4.97854,4.97854,7.04306,6.88057
11,2.508,5.01235,5.01235,7.05999,6.89757
11,2.51161,5.02742,5.02742,7.06754,6.90515
11,2.56729,5.24779,5.24779,7.17864,7.0167
11,2.624,5.45098,5.45098,7.28203,7.12057
11,2.6242,5.45166,5.45166,7.28238,7.12092
11,2.68237,5.64101,5.64101,7.37948,7.21853
11,2.74,5.81228,5.81228,7.46786,7.30744
11,2.74184,5.81751,5.81751,7.47056,7.31016
11,2.80262,5.98252,5.98252,7.55615,7.39634
11,2.856,6.1162,6.1162,7.62571,7.46648
11,2.86475,6.1372,6.1372,7.63666,7.47752
11,2.92826,6.28251,6.28251,7.71245,7.55408
11,2.972,6.37588,6.37588,7.7612,7.60339
11,2.99318,6.41929,6.41929,7.78385,7.62634
11,3,6.43303,6.43303,7.79102,7.63361
11,3.05953,6.54824,6.54824,7.85111,7.69461
11,3.088,6.60051,6.60051,7.87833,7.72231
11,3.12736,6.67001,6.67001,7.91446,7.75915
11,3.19669,6.78521,6.78521,7.97407,7.82016
11,3.204,6.79685,6.79685,7.98007,7.82632
11,3.26756,6.89434,6.89434,8.0301,7.87781
11,3.32,6.97,6.97,8.06859,7.91767
11,3.34,6.99778,6.99778,8.08263,7.93227
11,3.41404,7.09573,7.09573,8.13175,7.98364
11,3.436,7.12334,7.12334,8.14546,7.99808
11,3.48973,7.18821,7.18821,8.17743,8.03195
11,3.5,7.20021,7.20021,8.18329,8.0382
11,3.552,7.25913,7.25913,8.21175,8.06873
11,3.56709,7.27568,7.27568,8.21964,8.07726
11,3.64617,7.35881,7.35881,8.25837,8.11967
11,3.668,7.38071,7.38071,8.26831,8.13072
11,3.727,7.43768,7.43768,8.29359,8.1592
11,3.784,7.48977,7.48977,8.3159,8.18482
11,3.80962,7.51226,7.51226,8.32527,8.19574
11,3.89408,7.58221,7.58221,8.35333,8.22924
11,3.9,7.58686,7.58686,8.35514,8.23145
11,3.9804,7.647,7.647,8.37763,8.25974
11,4,7.66091,7.66091,8.38253,8.26615
11,4.016,7.67207,7.67207,8.38636,8.27125
11,4.06865,7.7075,7.7075,8.39792,8.28715
11,4.132,7.74735,7.74735,8.40968,8.30453
11,4.15884,7.76322,7.76322,8.41395,8.31134
11,4.248,7.81168,7.81168,8.42522,8.33178
11,4.25104,7.81323,7.81323,8.42554,8.33242
11,4.34528,7.85811,7.85811,8.43303,8.3503
11,4.364,7.86624,7.86624,8.43403,8.3534
11,4.44161,7.89697,7.89697,8.43641,8.36469
11,4.48,7.9107,7.9107,8.43654,8.36936
11,4.5,7.91751,7.91751,8.43635,8.37156
11,4.54008,7.93035,7.93035,8.43539,8.37551
11,4.596,7.94626,7.94626,8.43274,8.37994
11,4.64072,7.95725,7.95725,8.42954,8.38255
11,4.712,7.97192,7.97192,8.42264,8.38495
11,4.7436,7.97728,7.97728,8.41889,8.38538
11,4.828,7.98829,7.98829,8.40681,8.38486
11,4.84876,7.99028,7.99028,8.40339,8.3844
11,4.944,7.99564,7.99564,8.38568,8.38049
11,4.95626,7.99589,7.99589,8.38317,8.37978
11,5,7.99601,7.99601,8.3738,8.37686
11,5.06,7.99413,7.99413,8.35995,8.37179
11,5.06613,7.9938,7.9938,8.35848,8.37121
11,5.176,7.98402,7.98402,8.33011,8.35859
11,5.17844,7.98371,7.98371,8.32945,8.35826
11,5.292,7.96575,7.96575,8.29674,8.34118
11,5.29324,7.96552,7.96552,8.29637,8.34097
11,5.408,7.94026,7.94026,8.25984,8.31981
11,5.41059,7.93961,7.93961,8.25898,8.31929
11,5.5,7.91498,7.91498,8.22772,8.30009
11,5.524,7.90763,7.90763,8.21894,8.29449
11,5.53053,7.90558,7.90558,8.21652,8.29293
11,5.64,7.86809,7.86809,8.17414,8.2645
11,5.65314,7.8632,7.8632,8.16882,8.26085
11,5.756,7.82225,7.82225,8.1255,8.23035
11,5.77846,7.8127,7.8127,8.11565,8.22327
11,5.872,7.77073,7.77073,8.07322,8.1921
11,5.90656,7.7544,7.7544,8.05697,8.1799
11,5.988,7.71431,7.71431,8.0175,8.14976
11,6,7.70822,7.70822,8.01155,8.14515
11,6.03751,7.68888,7.68888,7.99271,8.13048
11,6.104,7.65355,7.65355,7.95848,8.10348
11,6.17135,7.61654,7.61654,7.92273,8.07487
11,6.22,7.58909,7.58909,7.89624,8.05343
11,6.30816,7.53797,7.53797,7.84682,8.01296
11,6.336,7.52147,7.52147,7.83084,7.99975
11,6.44801,7.45366,7.45366,7.76473,7.94458
11,6.452,7.4512,7.4512,7.76232,7.94256
11,6.5,7.42146,7.42146,7.73305,7.91789
11,6.568,7.37874,7.37874,7.69067,7.88195
11,6.59095,7.36418,7.36418,7.67612,7.86957
11,6.684,7.30453,7.30453,7.61586,7.81803
11,6.73707,7.27009,7.27009,7.58058,7.78768
11,6.8,7.22892,7.22892,7.53787,7.75081
11,6.88642,7.1719,7.1719,7.47765,7.69863
11,6.916,7.15227,7.15227,7.45662,7.68035
11,7,7.09629,7.09629,7.39573,7.62731
11,7.032,7.07488,7.07488,7.37207,7.60666
11,7.03908,7.07013,7.07013,7.36679,7.60206
11,7.148,6.99702,6.99702,7.28411,7.52975
11,7.19513,6.96531,6.96531,7.24739,7.49757
11,7.264,6.91894,6.91894,7.19268,7.44958
11,7.35464,6.85792,6.85792,7.11874,7.38463
11,7.38,6.84086,6.84086,7.09766,7.3661
11,7.496,6.76299,6.76299,6.99896,7.27927
11,7.5,6.76031,6.76031,6.99549,7.27621
11,7.51769,6.74847,6.74847,6.9801,7.26266
11,7.612,6.68552,6.68552,6.89647,7.18903
11,7.68434,6.63748,6.63748,6.83059,7.131
11,7.728,6.60862,6.60862,6.79009,7.09531
11,7.844,6.53247,6.53247,6.67969,6.99804
11,7.8547,6.52549,6.52549,6.6693,6.98889
11,7.96,6.45721,6.45721,6.56516,6.89716
11,8,6.4315,6.4315,6.5247,6.86151
11,8.02883,6.41304,6.41304,6.49522,6.83553
11,8.076,6.38298,6.38298,6.44641,6.79252
11,8.192,6.30991,6.30991,6.32332,6.68412
11,8.20682,6.30067,6.30067,6.30729,6.67
11,8.308,6.23816,6.23816,6.19583,6.57189
11,8.38875,6.18906,6.18906,6.10442,6.49135
11,8.424,6.16786,6.16786,6.06382,6.45557
11,8.5,6.12264,6.12264,5.97481,6.37719
11,8.54,6.09912,6.09912,5.92718,6.3353
11,8.57472,6.07887,6.07887,5.88541,6.29854
11,8.656,6.03209,6.03209,5.78603,6.21103
11,8.76481,5.97085,5.97085,5.64937,6.09033
11,8.772,5.96686,5.96686,5.64021,6.08222
11,8.888,5.90356,5.90356,5.4898,5.94955
11,8.95912,5.86574,5.86574,5.39547,5.86634
11,9,5.84437,5.84437,5.34076,5.81767
11,9.004,5.84229,5.84229,5.33539,5.81286
11,9.12,5.78313,5.78313,5.17766,5.67074
11,9.15773,5.76436,5.76436,5.12551,5.6237
11,9.236,5.72618,5.72618,5.01602,5.5259
11,9.352,5.67141,5.67141,4.85042,5.37781
11,9.36075,5.66737,5.66737,4.83783,5.36631
11,9.468,5.61859,5.61859,4.6842,5.22375
11,9.5,5.60421,5.60421,4.63834,5.18137
11,9.56827,5.5736,5.5736,4.54034,5.09037
11,9.584,5.56653,5.56653,4.51771,5.06908
11,9.7,5.51392,5.51392,4.3507,4.90885
11,9.78039,5.47649,5.47649,4.23569,4.79714
11,9.816,5.45968,5.45968,4.18542,4.74758
11,9.932,5.40522,5.40522,4.02461,4.58542
11,9.99721,5.3755,5.3755,3.93628,4.49299
11,10,5.37423,5.37423,3.93253,4.48902
11,10.048,5.35226,5.35226,3.86861,4.42107
11,10.164,5.29676,5.29676,3.71904,4.25954
11,10.2188,5.26993,5.26993,3.65176,4.18411
11,10.28,5.24148,5.24148,3.57933,4.10066
11,10.396,5.1891,5.1891,3.44941,3.94646
11,10.4454,5.1658,5.1658,3.39688,3.8821
11,10.5,5.13995,5.13995,3.34094,3.81197
11,10.512,5.13435,5.13435,3.329,3.79676
11,10.628,5.08127,5.08127,3.22187,3.65468
11,10.6769,5.05927,5.05927,3.18052,3.59674
11,10.744,5.02922,5.02922,3.12619,3.51992
11,10.86,4.97667,4.97667,3.03742,3.39493
11,10.9136,4.95279,4.95279,3.00005,3.34046
11,10.976,4.92551,4.92551,2.95882,3.27984
11,11,4.9151,4.9151,2.94345,3.25724
11,11.092,4.87544,4.87544,2.8873,3.17407
11,11.1556,4.8482,4.8482,2.85061,3.12033
11,11.208,4.82584,4.82584,2.82219,3.07796
11,11.324,4.77743,4.77743,2.76461,2.99112
11,11.4029,4.74533,4.74533,2.72864,2.93709
11,11.44,4.73035,4.73035,2.71259,2.91295
11,11.5,4.70633,4.70633,2.68796,2.87558
11,11.556,4.68413,4.68413,2.66641,2.84246
11,11.6557,4.64535,4.64535,2.62961,2.78746
11,11.672,4.63911,4.63911,2.62391,2.77891
11,11.788,4.59547,4.59547,2.58589,2.72103
11,11.904,4.55283,4.55283,2.55162,2.66957
11,11.9141,4.5492,4.5492,2.5488,2.66536
11,12,4.51852,4.51852,2.52594,2.631
11,12.02,4.51147,4.51147,2.52082,2.6234
11,12.136,4.4713,4.4713,2.4925,2.58181
11,12.1782,4.45703,4.45703,2.48282,2.56771
11,12.252,4.43241,4.43241,2.4666,2.54427
11,12.368,4.39394,4.39394,2.44283,2.51031
11,12.4482,4.36766,4.36766,2.42746,2.48874
11,12.484,4.35666,4.35666,2.42084,2.47956
11,12.5,4.35186,4.35186,2.41794,2.47554
11,12.6,4.32219,4.32219,2.40044,2.45157
11,12.716,4.28767,4.28767,2.38135,2.42606
11,12.7241,4.2853,4.2853,2.38006,2.42435
11,12.832,4.25394,4.25394,2.36336,2.40265
11,12.948,4.22063,4.22063,2.34625,2.38104
11,13,4.20651,4.20651,2.33885,2.37187
11,13.0062,4.20481,4.20481,2.33798,2.37079
11,13.064,4.189,4.189,2.32993,2.36097
11,13.18,4.15842,4.15842,2.31426,2.3422
11,13.2945,4.12865,4.12865,2.29926,2.32478
11,13.296,4.12827,4.12827,2.29907,2.32456
11,13.412,4.09909,4.09909,2.28407,2.30774
11,13.5,4.07711,4.07711,2.27266,2.29524
11,13.528,4.07033,4.07033,2.26908,2.29133
11,13.5893,4.05564,4.05564,2.26148,2.28305
11,13.644,4.04244,4.04244,2.255,2.27602
11,13.76,4.01507,4.01507,2.2422,2.2622
11,13.876,3.98834,3.98834,2.2293,2.24848
11,13.8905,3.985,3.985,2.22763,2.24673
11,13.992,3.96185,3.96185,2.21578,2.23456
11,14,3.96007,3.96007,2.21483,2.2336
11,14.108,3.93649,3.93649,2.2019,2.22084
11,14.1985,3.91536,3.91536,2.19109,2.21031
11,14.224,3.90975,3.90975,2.1881,2.20737
11,14.34,3.88471,3.88471,2.17509,2.19421
11,14.456,3.85921,3.85921,2.16228,2.18142
11,14.5,3.85029,3.85029,2.15729,2.17668
11,14.5132,3.84759,3.84759,2.15576,2.17526
11,14.572,3.83547,3.83547,2.14891,2.16905
11,14.688,3.81157,3.81157,2.13536,2.15705
11,14.804,3.78702,3.78702,2.12184,2.14448
11,14.835,3.78045,3.78045,2.11817,2.14091
11,14.92,3.7632,3.7632,2.10789,2.13105
11,15,3.74857,3.74857,2.09821,2.12218
11,15.036,3.74164,3.74164,2.09412,2.11842
11,15.152,3.71766,3.71766,2.08188,2.10638
11,15.1638,3.71526,3.71526,2.0806,2.10513
11,15.268,3.69385,3.69385,2.06892,2.09399
11,15.384,3.67067,3.67067,2.05554,2.08208
11,15.5,3.64719,3.64719,2.04224,2.06856
12,1,0,0,0,0
12,1.02339,0,0,0,0
12,1.04733,0,0,0,0
12,1.07183,0,0,0,0
12,1.0969,0,0,0,0
12,1.12256,0,0,0,0
12,1.136,0,0,0,0
12,1.14882,0,0,0,0
12,1.1757,0,0,0,0
12,1.2032,0,0,0,0
12,1.23134,0,0,0,0
12,1.26015,0,0,0,0
12,1.272,0,0,0,0
12,1.28963,0,0,0,0
12,1.31979,0,0,0,0
12,1.35067,0,0,0,0
12,1.38226,0,0,0,0
12,1.408,0,0,0,0
12,1.4146,0,0,0,0
12,1.44769,0,0,0,0
12,1.48155,0,0,0,0
12,1.5,0,0,0,0
12,1.51621,0,0,0,0
12,1.544,0,0,0,0
12,1.55168,0,0,0,0
12,1.58797,0,0,0,0
12,1.62512,0,0,0,0
12,1.66314,0,0,0,0
12,1.68,0,0,0,0
12,1.70204,0,0,0,0
12,1.74186,0,0,0,0
12,1.7826,0,0,0,0
12,1.816,0,0,0,0
12,1.8243,0,0,0,0
12,1.86698,0,0,0,0
12,1.91065,0,0,0,0
12,1.952,0,0,0,0
12,1.95534,0,0,0,0
12,2,0.189146,0.189146,0,0
12,2.00108,0.223691,0.223691,0,0
12,2.04789,1.25899,1.25899,0,0
12,2.088,1.88852,1.88852,0,0
12,2.0958,1.99653,1.99653,0,0
12,2.14483,2.5951,2.5951,0,0
12,2.195,3.09776,3.09776,0,0
12,2.224,3.35048,3.35048,0,0
12,2.24634,3.52995,3.52995,0,0
12,2.29889,3.90863,3.90863,0,0
12,2.35267,4.24485,4.24485,0,0
12,2.36,4.28731,4.28731,0,0
12,2.4077,4.5466,4.5466,0,0
12,2.46402,4.8198,4.8198,0,0
12,2.496,4.96144,4.96144,0,0
12,2.5,4.97854,4.97854,0,0
12,2.52166,5.06892,5.06892,0,0
12,2.58065,5.29749,5.29749,0,0
12,2.632,5.4781,5.4781,0,0
12,2.64102,5.50825,5.50825,0,0
12,2.7028,5.70345,5.70345,0,0
12,2.76602,5.88491,5.88491,0,0
12,2.768,5.89031,5.89031,0,0
12,2.83073,6.05413,6.05413,0,0
12,2.89695,6.21237,6.21237,0,0
12,2.904,6.22842,6.22842,0,0
12,2.96471,6.36068,6.36068,0,0
12,3,6.43303,6.43303,0,0
12,3.03406,6.49996,6.49996,0,0
12,3.04,6.51134,6.51134,0,0
12,3.10504,6.63098,6.63098,0,0
12,3.176,6.75174,6.75174,0,0
12,3.17767,6.75447,6.75447,0,0
12,3.252,6.87109,6.87109,0,0
12,3.312,6.95872,6.95872,0,0
12,3.32808,6.98129,6.98129,0,0
12,3.40593,7.08537,7.08537,0,0
12,3.448,7.13815,7.13815,0,0
12,3.4856,7.18336,7.18336,0,0
12,3.5,7.20021,7.20021,0,0
12,3.56714,7.27574,7.27574,0,0
12,3.584,7.29397,7.29397,0,0
12,3.65058,7.36327,7.36327,0,0
12,3.72,7.43108,7.43108,0,0
12,3.73598,7.44607,7.44607,0,0
12,3.82337,7.52409,7.52409,0,0
12,3.856,7.55149,7.55149,0,0
12,3.91281,7.59681,7.59681,0,0
12,3.992,7.65526,7.65526,0,0
12,4,7.66091,7.66091,0,0
12,4.00434,7.66396,7.66396,0,0
12,4.09801,7.72636,7.72636,0,0
12,4.128,7.74493,7.74493,0,0
12,4.19387,7.78301,7.78301,0,0
12,4.264,7.81976,7.81976,1.53335,0
12,4.29198,7.83349,7.83349,2.04296,0.597631
12,4.39238,7.87803,7.87803,3.24693,2.51356
12,4.4,7.88108,7.88108,3.31446,2.60775
12,4.49512,7.91587,7.91587,3.99842,3.518
12,4.5,7.91751,7.91751,4.02735,3.55497
12,4.536,7.92909,7.92909,4.22721,3.8061
12,4.60028,7.94738,7.94738,4.53421,4.18074
12,4.672,7.9641,7.9641,4.81901,4.52021
12,4.70789,7.97118,7.97118,4.94357,4.66657
12,4.808,7.98609,7.98609,5.24211,5.01362
12,4.81802,7.98723,7.98723,5.26863,5.04445
12,4.93072,7.99525,7.99525,5.53355,5.3474
12,4.944,7.99564,7.99564,5.56122,5.37863
12,5,7.99601,7.99601,5.67089,5.5019
12,5.04606,7.99478,7.99478,5.7534,5.5941
12,5.08,7.99298,7.99298,5.8102,5.65734
12,5.1641,7.98544,7.98544,5.93804,5.79897
12,5.216,7.97855,7.97855,6.00878,5.877
12,5.2849,7.96708,7.96708,6.0943,5.97102
12,5.352,7.95346,7.95346,6.16933,6.05329
12,5.40853,7.94012,7.94012,6.22684,6.11627
12,5.488,7.91852,7.91852,6.29976,6.19606
12,5.5,7.91496,7.91496,6.31002,6.20728
12,5.53505,7.90414,7.90414,6.33891,6.23892
12,5.624,7.87391,7.87391,6.4055,6.31195
12,5.66453,7.85887,7.85887,6.43282,6.34201
12,5.76,7.82054,7.82054,6.49032,6.40557
12,5.79703,7.8046,7.8046,6.51021,6.42764
12,5.896,7.75941,7.75941,6.55717,6.48009
12,5.93264,7.74178,7.74178,6.57233,6.49722
12,6,7.70819,7.70819,6.59715,6.52564
12,6.032,7.69171,7.69171,6.60757,6.5378
12,6.07142,7.67099,7.67099,6.6192,6.55163
12,6.168,7.61838,7.61838,6.6421,6.58027
12,6.21344,7.59279,7.59279,6.65025,6.59127
12,6.304,7.54038,7.54038,6.66184,6.6086
12,6.35879,7.50782,7.50782,6.66604,6.6162
12,6.44,7.45855,7.45855,6.66878,6.62358
12,6.5,7.42142,7.42142,6.66813,6.62611
12,6.50754,7.41672,7.41672,6.66786,6.62626
12,6.576,7.37364,7.37364,6.66318,6.62584
12,6.65976,7.32012,7.32012,6.6526,6.6211
12,6.712,7.28635,7.28635,6.64345,6.61583
12,6.81555,7.21866,7.21866,6.61936,6.60019
12,6.848,7.19727,7.19727,6.61016,6.59389
12,6.97498,7.11296,7.11296,6.56712,6.56307
12,6.984,7.10694,7.10694,6.56368,6.56051
12,7,7.09625,7.09625,6.55745,6.55585
12,7.12,7.01581,7.01581,6.50574,6.51603
12,7.13814,7.00361,7.00361,6.49717,6.50927
12,7.256,6.92429,6.92429,6.43682,6.46081
12,7.30512,6.89121,6.89121,6.40936,6.4384
12,7.392,6.83276,6.83276,6.3576,6.39557
12,7.47601,6.77636,6.77636,6.30374,6.35028
12,7.5,6.76028,6.76028,6.28764,6.33669
12,7.528,6.74154,6.74154,6.26844,6.32049
12,7.65089,6.65964,6.65964,6.17914,6.24568
12,7.664,6.65094,6.65094,6.16914,6.23734
12,7.8,6.56123,6.56123,6.06089,6.14533
12,7.82986,6.54168,6.54168,6.0361,6.12387
12,7.936,6.47267,6.47267,5.94521,6.04594
12,8,6.43148,6.43148,5.8883,5.99708
12,8.01302,6.42313,6.42313,5.87653,5.98686
12,8.072,6.38551,6.38551,5.8224,5.9397
12,8.20046,6.30461,6.30461,5.70031,5.83337
12,8.208,6.29992,6.29992,5.69299,5.82696
12,8.344,6.21617,6.21617,5.55832,5.70802
12,8.39229,6.18691,6.18691,5.50937,5.66462
12,8.48,6.13447,6.13447,5.41914,5.58418
12,8.5,6.12263,6.12263,5.39834,5.56554
12,8.58861,6.07081,6.07081,5.30533,5.48179
12,8.616,6.055,6.055,5.27633,5.45554
12,8.752,5.97797,5.97797,5.13077,5.32306
12,8.78952,5.95717,5.95717,5.09023,5.286
12,8.888,5.90356,5.90356,4.98321,5.18795
12,8.99512,5.84689,5.84689,4.86622,5.08037
12,9,5.84436,5.84436,4.86089,5.07545
12,9.024,5.83193,5.83193,4.83465,5.05117
12,9.16,5.76324,5.76324,4.6861,4.91216
12,9.20554,5.74092,5.74092,4.63662,4.86626
12,9.296,5.69756,5.69756,4.53901,4.7754
12,9.42088,5.63979,5.63979,4.40611,4.64928
12,9.432,5.63474,5.63474,4.3944,4.63814
12,9.5,5.60406,5.60406,4.32324,4.57034
12,9.568,5.5735,5.5735,4.25309,4.50297
12,9.64126,5.5404,5.5404,4.17885,4.43112
12,9.704,5.51176,5.51176,4.11687,4.37031
12,9.84,5.4483,5.4483,3.98707,4.24116
12,9.86679,5.43568,5.43568,3.96212,4.21619
12,9.976,5.38487,5.38487,3.86324,4.11625
12,10,5.37388,5.37388,3.84234,4.09472
12,10.0976,5.32881,5.32881,3.76003,4.00902
12,10.112,5.32202,5.32202,3.74819,3.99654
12,10.248,5.25622,5.25622,3.6397,3.88199
12,10.3338,5.21702,5.21702,3.57645,3.81271
12,10.384,5.19451,5.19451,3.54138,3.77331
12,10.5,5.14024,5.14024,3.46308,3.68553
12,10.52,5.13082,5.13082,3.4503,3.67086
12,10.5755,5.10508,5.10508,3.41633,3.63083
12,10.656,5.06848,5.06848,3.36959,3.57476
12,10.792,5.00751,5.00751,3.29564,3.48522
12,10.8229,4.99359,4.99359,3.27983,3.46577
12,10.928,4.94638,4.94638,3.22949,3.40219
12,11,4.91488,4.91488,3.19735,3.3609
12,11.064,4.88732,4.88732,3.17035,3.32571
12,11.0761,4.88213,4.88213,3.16543,3.31922
12,11.2,4.82932,4.82932,3.11883,3.25553
12,11.3352,4.77271,4.77271,3.07228,3.19178
12,11.336,4.77237,4.77237,3.07202,3.19142
12,11.472,4.71746,4.71746,3.03149,3.13322
12,11.5,4.7063,4.7063,3.0238,3.1219
12,11.6003,4.66678,4.66678,2.99802,3.08293
12,11.608,4.6638,4.6638,2.99616,3.08007
12,11.744,4.61177,4.61177,2.96559,3.03281
12,11.8717,4.56461,4.56461,2.94003,2.9924
12,11.88,4.56159,4.56159,2.93847,2.98984
12,12,4.51848,4.51848,2.9176,2.95549
12,12.016,4.51283,4.51283,2.91503,2.95146
12,12.1494,4.46672,4.46672,2.89513,2.91846
12,12.152,4.46584,4.46584,2.89477,2.91778
12,12.288,4.42046,4.42046,2.87708,2.88449
12,12.424,4.37658,4.37658,2.86181,2.85644
12,12.4336,4.37349,4.37349,2.86082,2.85456
12,12.5,4.35198,4.35198,2.85422,2.84191
12,12.56,4.33257,4.33257,2.84861,2.83121
12,12.696,4.29325,4.29325,2.83707,2.80906
12,12.7245,4.28515,4.28515,2.83484,2.80449
12,12.832,4.25406,4.25406,2.82698,2.78721
12,12.968,4.21759,4.21759,2.81784,2.76838
12,13,4.20908,4.20908,2.81596,2.76463
12,13.0221,4.20284,4.20284,2.81464,2.76201
12,13.104,4.17901,4.17901,2.81011,2.75181
12,13.24,4.14225,4.14225,2.80322,2.73652
12,13.3267,4.11951,4.11951,2.7992,2.7266
12,13.376,4.10666,4.10666,2.79702,2.72152
12,13.5,4.07652,4.07652,2.79188,2.70911
12,13.512,4.07357,4.07357,2.79141,2.70802
12,13.6385,4.04344,4.04344,2.78662,2.69715
12,13.648,4.04119,4.04119,2.78627,2.69633
12,13.784,4.00925,4.00925,2.78151,2.68513
12,13.92,3.97789,3.97789,2.77708,2.6748
12,13.9575,3.96941,3.96941,2.7759,2.67196
12,14,3.95997,3.95997,2.77459,2.66884
12,14.056,3.94751,3.94751,2.77289,2.66485
12,14.192,3.9175,3.9175,2.76887,2.65555
12,14.284,3.89763,3.89763,2.76619,2.64988
12,14.328,3.88812,3.88812,2.76492,2.64708
12,14.464,3.85931,3.85931,2.76101,2.63842
12,14.5,3.85189,3.85189,2.76,2.63621
12,14.6,3.82985,3.82985,2.75722,2.63018
12,14.6182,3.82591,3.82591,2.75672,2.6291
12,14.736,3.8017,3.8017,2.75352,2.62228
12,14.872,3.77307,3.77307,2.74975,2.61459
12,14.9601,3.75567,3.75567,2.74721,2.60969
12,15,3.74766,3.74766,2.74602,2.60749
12,15.008,3.74605,3.74605,2.74578,2.60705
12,15.144,3.71951,3.71951,2.74184,2.59965
12,15.28,3.69232,3.69232,2.73828,2.59236
12,15.3101,3.68639,3.68639,2.73757,2.59076
12,15.416,3.66554,3.66554,2.73511,2.58515
12,15.5,3.64832,3.64832,2.73301,2.5807
12,15.552,3.63802,3.63802,2.7316,2.57795
12,15.6682,3.61541,3.61541,2.728,2.5718
12,15.688,3.61141,3.61141,2.72734,2.57075
12,15.824,3.58456,3.58456,2.72281,2.56357
12,15.96,3.55778,3.55778,2.71852,2.55637
12,16,3.54986,3.54986,2.71734,2.55426
12,16.0347,3.543,3.543,2.71631,2.55243
12,16.096,3.53093,3.53093,2.71448,2.54922
12,16.232,3.50398,3.50398,2.71026,2.54217
12,16.368,3.47718,3.47718,2.70564,2.53509
12,16.4098,3.46892,3.46892,2.70411,2.5329
12,16.5,3.45107,3.45107,2.70059,2.52813
12,16.504,3.45028,3.45028,2.70042,2.52792
12,16.64,3.4233,3.4233,2.69509,2.52059
12,16.776,3.39625,3.39625,2.69066,2.51319
12,16.7937,3.39273,3.39273,2.69009,2.51222
12,16.912,3.36914,3.36914,2.68585,2.5057
12,17,3.35154,3.35154,2.68225,2.50075
12,17.048,3.34191,3.34191,2.6802,2.49802
12,17.184,3.31452,3.31452,2.67419,2.49007
12,17.1865,3.31401,3.31401,2.67408,2.48992
12,17.32,3.28695,3.28695,2.66842,2.48188
12,17.456,3.25932,3.25932,2.66359,2.47378
12,17.5,3.25039,3.25039,2.66186,2.47119
12,17.5886,3.23242,3.23242,2.65794,2.46597
12,17.592,3.23172,3.23172,2.65777,2.46577
12,17.728,3.20384,3.20384,2.65084,2.45774
12,17.864,3.17566,3.17566,2.64557,2.44951
12,18,3.14736,3.14736,2.63888,2.44106
13,1,0,0,0,0
13,1.02362,0,0,0,0
13,1.04779,0,0,0,0
13,1.07254,0,0,0,0
13,1.09787,0,0,0,0
13,1.12379,0,0,0,0
13,1.14,0,0,0,0
13,1.15033,0,0,0,0
13,1.1775,0,0,0,0
13,1.20531,0,0,0,0
13,1.23378,0,0,0,0
13,1.26291,0,0,0,0
13,1.28,0,0,0,0
13,1.29274,0,0,0,0
13,1.32327,0,0,0,0
13,1.35452,0,0,0.281279,0.313424
13,1.38651,0,0,0.7784,0.7924
13,1.41926,0,0,1.17843,1.18221
13,1.42,0,0,1.1869,1.19047
13,1.45277,0,0,1.5401,1.53588
13,1.48708,0,0,1.87581,1.86502
13,1.5,0,0,1.99445,1.98152
13,1.5222,0,0,2.18948,2.17324
13,1.55815,0,0,2.48375,2.46276
13,1.56,0,0,2.49821,2.47699
13,1.59495,0,0,2.76077,2.73554
13,1.63262,0,0,3.02225,2.99357
13,1.67118,0,0,3.26984,3.23812
13,1.7,0,0,3.44311,3.4094
13,1.71064,0,0,3.50473,3.47037
13,1.75104,0,0,3.72829,3.69157
13,1.7924,0,0,3.94155,3.9029
13,1.83473,0,0,4.14519,4.10482
13,1.84,0,0,4.16961,4.129
13,1.87806,0,0,4.3395,4.29769
13,1.92241,0,0,4.52628,4.48224
13,1.96781,0,0,4.70616,4.65978
13,1.98,0,0,4.75238,4.70569
13,2,0.189303,0.189303,4.82667,4.77941
13,2.01429,0.582259,0.582259,4.87866,4.83082
13,2.06186,1.49407,1.49407,5.04545,4.99463
13,2.11055,2.19021,2.19021,5.20561,5.15219
13,2.12,2.30776,2.30776,5.23551,5.18192
13,2.1604,2.76145,2.76145,5.35902,5.3058
13,2.21142,3.2447,3.2447,5.50624,5.45402
13,2.26,3.63454,3.63454,5.6382,5.58702
13,2.26364,3.66156,3.66156,5.6478,5.59669
13,2.3171,4.02809,4.02809,5.78418,5.73401
13,2.37183,4.35457,4.35457,5.91577,5.8663
13,2.4,4.50687,4.50687,5.98061,5.93141
13,2.42784,4.64829,4.64829,6.04282,5.9939
13,2.48518,4.91472,4.91472,6.16548,6.11715
13,2.5,4.97876,4.97876,6.19605,6.14787
13,2.54,5.14283,5.14283,6.27636,6.22859
13,2.54387,5.15807,5.15807,6.28395,6.23624
13,2.60395,5.3816,5.3816,6.39849,6.35136
13,2.66544,5.58793,5.58793,6.50914,6.46265
13,2.68,5.63383,5.63383,6.5344,6.48807
13,2.72839,5.77914,5.77914,6.61599,6.57023
13,2.79283,5.95707,5.95707,6.71917,6.6742
13,2.82,6.02731,6.02731,6.7609,6.71628
13,2.85879,6.12308,6.12308,6.81874,6.77464
13,2.9263,6.27839,6.27839,6.91479,6.8716
13,2.96,6.35096,6.35096,6.96063,6.9179
13,2.99541,6.42395,6.42395,7.00735,6.96513
13,3,6.43318,6.43318,7.0133,6.97114
13,3.06615,6.5608,6.5608,7.09641,7.05521
13,3.1,6.62226,6.62226,7.13707,7.09639
13,3.13857,6.6895,6.6895,7.18193,7.14185
13,3.21269,6.81075,6.81075,7.26385,7.22499
13,3.24,6.85282,6.85282,7.29265,7.25426
13,3.28856,6.92497,6.92497,7.34207,7.30454
13,3.36623,7.03298,7.03298,7.41645,7.38035
13,3.38,7.05135,7.05135,7.42905,7.39321
13,3.44573,7.13498,7.13498,7.48677,7.45225
13,3.5,7.19991,7.19991,7.53147,7.49809
13,3.52,7.22301,7.22301,7.54727,7.51432
13,3.5271,7.2311,7.2311,7.55279,7.52
13,3.6104,7.32189,7.32189,7.61416,7.58329
13,3.66,7.37253,7.37253,7.64774,7.61808
13,3.69567,7.4074,7.4074,7.67052,7.64176
13,3.78295,7.48819,7.48819,7.72143,7.69499
13,3.8,7.50322,7.50322,7.73057,7.7046
13,3.87229,7.56398,7.56398,7.76636,7.74245
13,3.94,7.61681,7.61681,7.79554,7.7737
13,3.96374,7.63432,7.63432,7.80478,7.78369
13,4,7.6604,7.6604,7.81787,7.79795
13,4.05735,7.69926,7.69926,7.83611,7.81804
13,4.08,7.71384,7.71384,7.84247,7.82514
13,4.15317,7.75838,7.75838,7.85975,7.84495
13,4.22,7.79565,7.79565,7.8712,7.85883
13,4.25126,7.8119,7.8119,7.87516,7.86391
13,4.35166,7.85939,7.85939,7.88185,7.87415
13,4.36,7.86297,7.86297,7.882,7.8746
13,4.45443,7.8995,7.8995,7.87928,7.87553
13,4.5,7.91471,7.91471,7.87522,7.87314
13,4.55963,7.93246,7.93246,7.86731,7.86714
13,4.64,7.95284,7.95284,7.85209,7.85451
13,4.66731,7.95877,7.95877,7.84574,7.84916
13,4.77754,7.97796,7.97796,7.81467,7.82167
13,4.78,7.97829,7.97829,7.81389,7.82095
13,4.89037,7.98921,7.98921,7.7748,7.78472
13,4.92,7.9908,7.9908,7.76296,7.77386
13,5,7.99198,7.99198,7.72835,7.74186
13,5.00586,7.99196,7.99196,7.72568,7.73935
13,5.06,7.99046,7.99046,7.70042,7.71527
13,5.12408,7.98575,7.98575,7.66912,7.68486
13,5.2,7.97777,7.97777,7.62969,7.64631
13,5.2451,7.97072,7.97072,7.60504,7.62245
13,5.34,7.95291,7.95291,7.5514,7.5702
13,5.36897,7.94594,7.94594,7.53473,7.55375
13,5.48,7.91709,7.91709,7.46932,7.48913
13,5.49577,7.91211,7.91211,7.45991,7.47977
13,5.5,7.91078,7.91078,7.45738,7.47725
13,5.62,7.87098,7.87098,7.3845,7.40486
13,5.62556,7.86897,7.86897,7.38108,7.40147
13,5.75842,7.81686,7.81686,7.29874,7.31983
13,5.76,7.81619,7.81619,7.29776,7.31885
13,5.89441,7.75604,7.75604,7.21388,7.2358
13,5.9,7.7534,7.7534,7.2104,7.23236
13,6,7.70425,7.70425,7.14839,7.17092
13,6.03362,7.68701,7.68701,7.12771,7.1504
13,6.04,7.6837,7.6837,7.12379,7.14651
13,6.17611,7.61033,7.61033,7.04131,7.06458
13,6.18,7.60816,7.60816,7.03899,7.06227
13,6.32,7.52776,7.52776,6.95692,6.98041
13,6.32197,7.5266,7.5266,6.95579,6.97928
13,6.46,7.4434,7.4434,6.87821,6.90156
13,6.47128,7.43645,7.43645,6.87204,6.89536
13,6.5,7.41868,7.41868,6.85641,6.87965
13,6.6,7.35587,7.35587,6.80334,6.82617
13,6.62411,7.34053,7.34053,6.79087,6.81357
13,6.74,7.26589,7.26589,6.73267,6.75459
13,6.78055,7.23947,7.23947,6.71301,6.73461
13,6.88,7.1741,7.1741,6.6664,6.68708
13,6.94068,7.1339,7.1339,6.63907,6.65912
13,7,7.09442,7.09442,6.61315,6.63257
13,7.02,7.08107,7.08107,6.60461,6.6238
13,7.1046,7.02446,7.02446,6.5695,6.58766
13,7.16,6.98728,6.98728,6.5474,6.56486
13,7.27238,6.91175,6.91175,6.50474,6.52072
13,7.3,6.89318,6.89318,6.49471,6.51031
13,7.44,6.79916,6.79916,6.44652,6.46014
13,7.44413,6.79639,6.79639,6.44516,6.45872
13,7.5,6.75898,6.75898,6.42724,6.43997
13,7.58,6.70558,6.70558,6.4028,6.41431
13,7.61994,6.67901,6.67901,6.3911,6.40203
13,7.72,6.61275,6.61275,6.36338,6.37278
13,7.7999,6.56025,6.56025,6.34282,6.35097
13,7.86,6.52101,6.52101,6.32821,6.33545
13,7.98411,6.44077,6.44077,6.3005,6.30576
13,8,6.43059,6.43059,6.29718,6.30219
13,8.14,6.34177,6.34177,6.27007,6.27288
13,8.17266,6.32129,6.32129,6.26433,6.2666
13,8.28,6.25475,6.25475,6.24684,6.24739
13,8.36568,6.20253,6.20253,6.23444,6.2336
13,8.42,6.16986,6.16986,6.22728,6.22556
13,8.5,6.12236,6.12236,6.21769,6.21468
13,8.56,6.08723,6.08723,6.21121,6.20727
13,8.56325,6.08534,6.08534,6.21088,6.20688
13,8.7,6.00708,6.00708,6.19849,6.19234
13,8.76548,5.97059,5.97059,6.19364,6.18648
13,8.84,5.92979,5.92979,6.18894,6.18064
13,8.97249,5.85912,5.85912,6.1827,6.1724
13,8.98,5.85519,5.85519,6.18243,6.17201
13,9,5.84477,5.84477,6.18174,6.17102
13,9.12,5.78376,5.78376,6.17879,6.1663
13,9.18439,5.75206,5.75206,6.178,6.16459
13,9.26,5.71567,5.71567,6.17778,6.1633
13,9.4,5.65038,5.65038,6.17932,6.1629
13,9.4013,5.64979,5.64979,6.17935,6.1629
13,9.5,5.60536,5.60536,6.18187,6.16409
13,9.54,5.58753,5.58753,6.1832,6.16489
13,9.62333,5.55011,5.55011,6.18655,6.16718
13,9.68,5.52406,5.52406,6.18925,6.16917
13,9.82,5.45907,5.45907,6.19735,6.17557
13,9.8506,5.44511,5.44511,6.19937,6.17724
13,9.96,5.39501,5.39501,6.20731,6.18396
13,10,5.37629,5.37629,6.21048,6.1867
13,10.0832,5.33639,5.33639,6.21753,6.19287
13,10.1,5.32837,5.32837,6.21902,6.19418
13,10.24,5.26353,5.26353,6.23235,6.20611
13,10.3214,5.22574,5.22574,6.24078,6.21377
13,10.38,5.19837,5.19837,6.24715,6.21961
13,10.5,5.14297,5.14297,6.26092,6.23233
13,10.52,5.13381,5.13381,6.26331,6.23455
13,10.5651,5.11321,5.11321,6.26878,6.23965
13,10.66,5.07007,5.07007,6.28069,6.25081
13,10.8,5.00686,5.00686,6.29917,6.26825
13,10.8146,5.00033,5.00033,6.30116,6.27014
13,10.94,4.94499,4.94499,6.31863,6.28676
13,11,4.91882,4.91882,6.32724,6.295
13,11.07,4.8885,4.8885,6.33748,6.30483
13,11.08,4.88421,4.88421,6.33895,6.30624
13,11.22,4.82483,4.82483,6.36004,6.32657
13,11.3315,4.77866,4.77866,6.37732,6.34332
13,11.36,4.767,4.767,6.3818,6.34767
13,11.5,4.7107,4.7107,6.40413,6.36944
13,11.5,4.7107,4.7107,6.40413,6.36944
13,11.5991,4.67188,4.67188,6.42022,6.3852
13,11.64,4.65612,4.65612,6.42693,6.39178
13,11.78,4.60324,4.60324,6.45009,6.41459
13,11.873,4.56901,4.56901,6.4651,6.42956
13,11.92,4.55206,4.55206,6.47177,6.43646
13,12,4.52367,4.52367,6.48111,6.44663
13,12.06,4.50267,4.50267,6.48588,6.45252
13,12.1534,4.47058,4.47058,6.48744,6.45726
13,12.2,4.45505,4.45505,6.48545,6.45699
13,12.34,4.41018,4.41018,6.47027,6.44465
13,12.4405,4.37713,4.37713,6.45128,6.42764
13,12.48,4.3645,4.3645,6.44197,6.41945
13,12.5,4.35822,4.35822,6.43686,6.41495
13,12.62,4.32161,4.32161,6.40074,6.38328
13,12.7343,4.28823,4.28823,6.3579,6.34433
13,12.76,4.2812,4.2812,6.34714,6.33421
13,12.9,4.24136,4.24136,6.28169,6.27264
13,13,4.21216,4.21216,6.22808,6.22284
13,13.035,4.20254,4.20254,6.20805,6.2043
13,13.04,4.20119,4.20119,6.20513,6.2016
13,13.18,4.16317,4.16317,6.11799,6.12104
13,13.32,4.12791,4.12791,6.02076,6.02687
13,13.3428,4.12221,4.12221,6.00426,6.01061
13,13.46,4.09308,4.09308,5.91812,5.92472
13,13.5,4.08325,4.08325,5.88768,5.89519
13,13.6,4.06059,4.06059,5.80865,5.81942
13,13.658,4.04604,4.04604,5.76074,5.77224
13,13.74,4.02556,4.02556,5.69115,5.70266
13,13.88,3.99163,3.99163,5.56803,5.58395
13,13.9805,3.97016,3.97016,5.47632,5.49601
13,14,3.96607,3.96607,5.45842,5.47896
13,14.02,3.96178,3.96178,5.43999,5.46138
13,14.16,3.9323,3.9323,5.30954,5.33171
13,14.3,3.9001,3.9001,5.17528,5.19918
13,14.3107,3.89766,3.89766,5.16486,5.18898
13,14.44,3.86991,3.86991,5.0384,5.06414
13,14.5,3.8573,3.8573,4.97925,5.00486
13,14.58,3.84058,3.84058,4.89976,4.92498
13,14.6487,3.82635,3.82635,4.82945,4.85709
13,14.72,3.8116,3.8116,4.75661,4.78519
13,14.86,3.78292,3.78292,4.61328,4.64421
13,14.9946,3.7556,3.7556,4.47374,4.50614
13,15,3.75451,3.75451,4.46813,4.50058
13,15,3.75451,3.75451,4.46813,4.50058
13,15.14,3.72623,3.72623,4.32142,4.35544
13,15.28,3.69814,3.69814,4.17388,4.20912
13,15.3487,3.68445,3.68445,4.10119,4.13691
13,15.42,3.67026,3.67026,4.02527,4.06189
13,15.5,3.65435,3.65435,3.93976,3.97724
13,15.56,3.64247,3.64247,3.87579,3.91355
13,15.7,3.61457,3.61457,3.72552,3.76438
13,15.7112,3.6123,3.6123,3.71343,3.75239
13,15.84,3.58634,3.58634,3.57442,3.61433
13,15.98,3.55841,3.55841,3.4225,3.4634
13,16,3.55434,3.55434,3.40076,3.44182
13,16.0823,3.53757,3.53757,3.3114,3.35293
13,16.12,3.5301,3.5301,3.27036,3.312
13,16.26,3.50388,3.50388,3.11734,3.16025
13,16.4,3.47677,3.47677,2.96387,3.00813
13,16.4621,3.46478,3.46478,2.89557,2.94036
13,16.5,3.45758,3.45758,2.85398,2.89892
13,16.54,3.45003,3.45003,2.81018,2.85526
13,16.68,3.42159,3.42159,2.65606,2.70197
13,16.82,3.39317,3.39317,2.50126,2.54838
13,16.8509,3.38712,3.38712,2.46709,2.51444
13,16.96,3.36516,3.36516,2.3462,2.39406
13,17,3.35708,3.35708,2.30184,2.34989
13,17.1,3.33695,3.33695,2.19076,2.23922
13,17.24,3.30869,3.30869,2.03495,2.08433
13,17.2488,3.3069,3.3069,2.02512,2.07455
13,17.38,3.28026,3.28026,1.87873,1.9288
13,17.5,3.25578,3.25578,1.74461,1.79532
13,17.52,3.25169,3.25169,1.7222,1.77309
13,17.6562,3.22384,3.22384,1.56957,1.62162
13,17.66,3.22306,3.22306,1.5653,1.61737
13,17.8,3.19431,3.19431,1.40803,1.46121
13,17.94,3.16532,3.16532,1.25066,1.30448
13,18,3.15277,3.15277,1.18306,1.23711
13,18.0732,3.13738,3.13738,1.10052,1.15517
13,18.08,3.13593,3.13593,1.09282,1.14752
13,18.22,3.1063,3.1063,0.93468,0.99028
13,18.36,3.07697,3.07697,0.776088,0.832787
13,18.5,3.04771,3.04771,0.617444,0.674936
14,1,0,0,0,0
14,1.02316,0,0,0,0
14,1.04686,0,0,0,0
14,1.07111,0,0,0,0
14,1.09592,0,0,0,0
14,1.1213,0,0,0,0
14,1.132,0,0,0,0
14,1.14727,0,0,0,0
14,1.17384,0,0,0,0
14,1.20103,0,0,0,0
14,1.22885,0,0,0,0
14,1.25731,0,0,0,0
14,1.264,0,0,0,0
14,1.28643,0,0,0,0
14,1.31623,0,0,0,0
14,1.34672,0,0,0,0
14,1.37791,0,0,0,0
14,1.396,0,0,0,0
14,1.40982,0,0,0,0
14,1.44248,0,0,0,0
14,1.47589,0,0,0,0
14,1.5,0,0,0,0
14,1.51007,0,0,0,0
14,1.528,0,0,0,0
14,1.54505,0,0,0,0
14,1.58083,0,0,0,0
14,1.61745,0,0,0,0
14,1.65491,0,0,1.17751,0.464264
14,1.66,0,0,1.30307,0.628929
14,1.69324,0,0,2.02574,1.46505
14,1.73246,0,0,2.72085,2.22886
14,1.77259,0,0,3.30938,2.86713
14,1.792,0,0,3.5605,3.13731
14,1.81364,0,0,3.81934,3.41462
14,1.85565,0,0,4.26875,3.89359
14,1.89863,0,0,4.67019,4.31875
14,1.924,0,0,4.88452,4.54493
14,1.94261,0,0,5.03253,4.70081
14,1.9876,0,0,5.36255,5.04747
14,2,0.189146,0.189146,5.44729,5.13629
14,2.03364,0.996091,0.996091,5.66528,5.36446
14,2.056,1.39779,1.39779,5.8014,5.50671
14,2.08074,1.78421,1.78421,5.94461,5.65617
14,2.12893,2.4146,2.4146,6.20365,5.92611
14,2.17824,2.94012,2.94012,6.44488,6.17705
14,2.188,3.03305,3.03305,6.49007,6.22401
14,2.2287,3.38921,3.38921,6.67037,6.41123
14,2.28032,3.78108,3.78108,6.88181,6.63052
14,2.32,4.04613,4.04613,7.03268,6.78687
14,2.33313,4.12796,4.12796,7.08056,6.83648
14,2.38717,4.43845,4.43845,7.26777,7.03039
14,2.44246,4.71902,4.71902,7.44447,7.21332
14,2.452,4.76415,4.76415,7.47357,7.24343
14,2.49903,4.97442,4.97442,7.61153,7.38615
14,2.5,4.97854,4.97854,7.61427,7.38898
14,2.55692,5.20843,5.20843,7.76967,7.54979
14,2.584,5.30975,5.30975,7.83961,7.62221
14,2.61614,5.42397,5.42397,7.91941,7.70492
14,2.67673,5.62341,5.62341,8.06094,7.85203
14,2.716,5.74277,5.74277,8.14686,7.94166
14,2.73873,5.80867,5.80867,8.19466,7.99158
14,2.80216,5.98133,5.98133,8.32098,8.12365
14,2.848,6.09678,6.09678,8.40614,8.21283
14,2.86707,6.14271,6.14271,8.44012,8.24843
14,2.93347,6.29391,6.29391,8.55182,8.36597
14,2.98,6.39241,6.39241,8.62365,8.44301
14,3,6.43303,6.43303,8.65297,8.47473
14,3.00142,6.43587,6.43587,8.65502,8.47695
14,3.07094,6.56939,6.56939,8.75065,8.58103
14,3.112,6.64326,6.64326,8.80276,8.63808
14,3.14207,6.69519,6.69519,8.83892,8.67761
14,3.21484,6.81395,6.81395,8.91846,8.7663
14,3.244,6.85897,6.85897,8.94714,8.79862
14,3.2893,6.92622,6.92622,8.98804,8.84515
14,3.36549,7.03237,7.03237,9.04641,8.91495
14,3.376,7.04636,7.04636,9.05345,8.92375
14,3.44344,7.13254,7.13254,9.0929,8.97567
14,3.5,7.20021,7.20021,9.11852,9.01282
14,3.508,7.20947,7.20947,9.1216,9.01761
14,3.5232,7.22686,7.22686,9.1271,9.02639
14,3.6048,7.31608,7.31608,9.14861,9.06615
14,3.64,7.35254,7.35254,9.15385,9.07953
14,3.68829,7.40066,7.40066,9.15721,9.09419
14,3.772,7.47904,7.47904,9.15312,9.10978
14,3.77372,7.48058,7.48058,9.15291,9.10997
14,3.86113,7.55571,7.55571,9.13595,9.11319
14,3.904,7.58998,7.58998,9.1234,9.11023
14,3.95056,7.62528,7.62528,9.10686,9.1038
14,4,7.66091,7.66091,9.08623,9.09349
14,4.036,7.68577,7.68577,9.06935,9.08385
14,4.04206,7.68986,7.68986,9.06636,9.08206
14,4.13568,7.74956,7.74956,9.01526,9.04845
14,4.168,7.76849,7.76849,8.99564,9.03444
14,4.23147,7.80316,7.80316,8.95447,9.00363
14,4.3,7.83733,7.83733,8.90651,8.96591
14,4.32948,7.85104,7.85104,8.88489,8.94839
14,4.42976,7.89257,7.89257,8.80737,8.88359
14,4.432,7.89341,7.89341,8.80557,8.88205
14,4.5,7.91751,7.91751,8.7499,8.83396
14,4.53236,7.92796,7.92796,8.72267,8.81007
14,4.564,7.93746,7.93746,8.69562,8.78614
14,4.63733,7.95646,7.95646,8.63149,8.72867
14,4.696,7.96893,7.96893,8.57888,8.6809
14,4.74474,7.97746,7.97746,8.53441,8.64014
14,4.828,7.98829,7.98829,8.45705,8.56852
14,4.85464,7.99079,7.99079,8.43196,8.54514
14,4.96,7.99595,7.99595,8.33141,8.45072
14,4.96708,7.99604,7.99604,8.32458,8.44427
14,5,7.99601,7.99601,8.29274,8.41416
14,5.08213,7.99284,7.99284,8.21264,8.33805
14,5.092,7.99216,7.99216,8.20295,8.32881
14,5.19984,7.98088,7.98088,8.09647,8.2269
14,5.224,7.97734,7.97734,8.07246,8.20384
14,5.32028,7.96018,7.96018,7.97634,8.11124
14,5.356,7.95257,7.95257,7.94053,8.07662
14,5.4435,7.93102,7.93102,7.85252,7.99134
14,5.488,7.91853,7.91853,7.80766,7.94775
14,5.5,7.91497,7.91497,7.79555,7.93598
14,5.56958,7.89287,7.89287,7.72524,7.86753
14,5.62,7.87536,7.87536,7.67425,7.8178
14,5.69859,7.84565,7.84565,7.59473,7.74006
14,5.752,7.82391,7.82391,7.54068,7.68713
14,5.83058,7.7897,7.7897,7.46122,7.60919
14,5.884,7.7651,7.7651,7.40725,7.55615
14,5.96562,7.72553,7.72553,7.32497,7.47508
14,6,7.7082,7.7082,7.29037,7.44097
14,6.016,7.7,7.7,7.27428,7.4251
14,6.1038,7.65364,7.65364,7.18619,7.33812
14,6.148,7.62949,7.62949,7.142,7.29439
14,6.24517,7.57465,7.57465,7.04526,7.19847
14,6.28,7.55446,7.55446,7.01071,7.16418
14,6.38982,7.48915,7.48915,6.90239,7.05646
14,6.412,7.47569,7.47569,6.88064,7.03478
14,6.5,7.42144,7.42144,6.79474,6.94904
14,6.53782,7.39776,7.39776,6.75801,6.91236
14,6.544,7.39387,7.39387,6.75202,6.90637
14,6.676,7.30967,7.30967,6.62521,6.77922
14,6.68925,7.30111,7.30111,6.61259,6.76654
14,6.808,7.22364,7.22364,6.50023,6.65351
14,6.84418,7.19981,7.19981,6.46641,6.61934
14,6.94,7.13629,7.13629,6.37769,6.52951
14,7,7.09627,7.09627,6.32264,6.47376
14,7.00271,7.09446,7.09446,6.32017,6.47126
14,7.072,7.04805,7.04805,6.25743,6.40741
14,7.1649,6.98563,6.98563,6.17461,6.32275
14,7.204,6.95932,6.95932,6.14004,6.28745
14,7.33085,6.87391,6.87391,6.03007,6.17439
14,7.336,6.87044,6.87044,6.02569,6.16985
14,7.468,6.78174,6.78174,5.91442,6.05487
14,7.5,6.7603,6.7603,5.88792,6.0274
14,7.50065,6.75986,6.75986,5.88739,6.02684
14,7.6,6.69349,6.69349,5.80675,5.94265
14,7.67438,6.64407,6.64407,5.74764,5.88071
14,7.732,6.60597,6.60597,5.70265,5.83348
14,7.85213,6.52715,6.52715,5.6114,5.73712
14,7.864,6.51941,6.51941,5.60256,5.72775
14,7.996,6.43405,6.43405,5.5065,5.62541
14,8,6.43148,6.43148,5.50365,5.62236
14,8.034,6.40973,6.40973,5.47963,5.59663
14,8.128,6.35006,6.35006,5.41471,5.52684
14,8.22008,6.29241,6.29241,5.35326,5.4604
14,8.26,6.26768,6.26768,5.32729,5.43219
14,8.392,6.18709,6.18709,5.24437,5.3415
14,8.41047,6.17597,6.17597,5.23313,5.32914
14,8.5,6.12264,6.12264,5.17991,5.27044
14,8.524,6.1085,6.1085,5.166,5.25509
14,8.60527,6.06118,6.06118,5.12008,5.20424
14,8.656,6.03209,6.03209,5.09231,5.17322
14,8.788,5.95801,5.95801,5.02336,5.09488
14,8.80459,5.94888,5.94888,5.01503,5.0854
14,8.92,5.88645,5.88645,4.9591,5.02259
14,9,5.84436,5.84436,4.92241,4.98057
14,9.00852,5.83994,5.83994,4.91861,4.97608
14,9.052,5.81755,5.81755,4.89949,4.95327
14,9.184,5.75143,5.75143,4.84461,4.8888
14,9.21717,5.73527,5.73527,4.83154,4.87407
14,9.316,5.68816,5.68816,4.79424,4.82999
14,9.43065,5.63539,5.63539,4.75417,4.78137
14,9.448,5.62754,5.62754,4.74842,4.77451
14,9.5,5.60413,5.60413,4.73167,4.75429
14,9.58,5.5682,5.5682,4.70718,4.72403
14,9.64909,5.53699,5.53699,4.68721,4.699
14,9.712,5.50823,5.50823,4.66999,4.67732
14,9.844,5.44643,5.44643,4.63706,4.63553
14,9.87257,5.43295,5.43295,4.6305,4.62698
14,9.976,5.38499,5.38499,4.60822,4.59762
14,10,5.37403,5.37403,4.60337,4.59117
14,10.1012,5.32724,5.32724,4.58434,4.56555
14,10.108,5.32404,5.32404,4.58316,4.56393
14,10.24,5.25992,5.25992,4.56211,4.53419
14,10.3352,5.21658,5.21658,4.54911,4.51513
14,10.372,5.20008,5.20008,4.54451,4.50829
14,10.5,5.14009,5.14009,4.53062,4.48674
14,10.504,5.1382,5.1382,4.53024,4.48612
14,10.5746,5.10551,5.10551,4.52409,4.47571
14,10.636,5.07757,5.07757,4.51952,4.46747
14,10.768,5.01835,5.01835,4.51197,4.45225
14,10.8195,4.99508,4.99508,4.5098,4.44721
14,10.9,4.9588,4.9588,4.50717,4.44031
14,11,4.91499,4.91499,4.50532,4.43332
14,11.032,4.90117,4.90117,4.50509,4.43145
14,11.0701,4.88476,4.88476,4.50503,4.42946
14,11.164,4.84461,4.84461,4.50482,4.42549
14,11.296,4.78891,4.78891,4.50173,4.42128
14,11.3265,4.77632,4.77632,4.50047,4.42042
14,11.428,4.73514,4.73514,4.49494,4.41754
14,11.5,4.70631,4.70631,4.4899,4.41509
14,11.56,4.68257,4.68257,4.48518,4.41255
14,11.5889,4.67126,4.67126,4.48281,4.41112
14,11.692,4.63144,4.63144,4.47316,4.40452
14,11.824,4.58212,4.58212,4.45695,4.39346
14,11.8573,4.56988,4.56988,4.4525,4.39031
14,11.956,4.53412,4.53412,4.44008,4.38014
14,12,4.5185,4.5185,4.43477,4.37522
14,12.088,4.48777,4.48777,4.42279,4.36468
14,12.1319,4.47268,4.47268,4.41543,4.35907
14,12.22,4.44296,4.44296,4.39956,4.34712
14,12.352,4.39964,4.39964,4.37606,4.32743
14,12.4129,4.37972,4.37972,4.36434,4.31752
14,12.484,4.35633,4.35633,4.35002,4.30537
14,12.5,4.35122,4.35122,4.34672,4.30258
14,12.616,4.31697,4.31697,4.32215,4.28209
14,12.7004,4.29232,4.29232,4.3036,4.2667
14,12.748,4.27829,4.27829,4.29276,4.25768
14,12.88,4.24153,4.24153,4.26146,4.23123
14,12.9946,4.20937,4.20937,4.23311,4.20722
14,13,4.20777,4.20777,4.23174,4.20607
14,13.012,4.20426,4.20426,4.22871,4.2035
14,13.144,4.16755,4.16755,4.19454,4.17468
14,13.276,4.13233,4.13233,4.15894,4.14461
14,13.2956,4.12691,4.12691,4.15356,4.14003
14,13.408,4.09866,4.09866,4.12217,4.11291
14,13.5,4.07789,4.07789,4.09588,4.08977
14,13.54,4.06845,4.06845,4.08427,4.07947
14,13.6035,4.05269,4.05269,4.06564,4.06307
14,13.672,4.03532,4.03532,4.04524,4.04558
14,13.804,4.00578,4.00578,4.00508,4.01215
14,13.9186,3.98013,3.98013,3.96948,3.98172
14,13.936,3.97615,3.97615,3.96403,3.977
14,14,3.96186,3.96186,3.94393,3.95954
14,14.068,3.94756,3.94756,3.92242,3.94093
14,14.2,3.9179,3.9179,3.88011,3.90436
14,14.241,3.90884,3.90884,3.86688,3.89286
14,14.332,3.88893,3.88893,3.83758,3.86651
14,14.464,3.86052,3.86052,3.79538,3.82713
14,14.5,3.85288,3.85288,3.78366,3.81661
14,14.5708,3.83794,3.83794,3.76002,3.79587
14,14.596,3.83264,3.83264,3.7514,3.78845
14,14.728,3.80514,3.80514,3.70612,3.74893
14,14.86,3.77804,3.77804,3.66192,3.70889
14,14.9083,3.76817,3.76817,3.64577,3.69423
14,14.992,3.75109,3.75109,3.61748,3.66867
14,15,3.74946,3.74946,3.61477,3.66622
14,15.124,3.72443,3.72443,3.57324,3.62793
14,15.2536,3.69832,3.69832,3.52814,3.58772
14,15.256,3.69783,3.69783,3.52728,3.58697
14,15.388,3.67147,3.67147,3.48043,3.54562
14,15.5,3.64893,3.64893,3.4423,3.51036
14,15.52,3.64482,3.64482,3.43557,3.50405
14,15.6069,3.62715,3.62715,3.40537,3.47652
14,15.652,3.61829,3.61829,3.38919,3.46219
14,15.784,3.59305,3.59305,3.34258,3.42022
14,15.916,3.56715,3.56715,3.29524,3.37791
14,15.9684,3.55693,3.55693,3.27708,3.361
14,16,3.55079,3.55079,3.26636,3.35077
14,16.048,3.54146,3.54146,3.24993,3.33523
14,16.18,3.51563,3.51563,3.20411,3.29236
14,16.312,3.48893,3.48893,3.15661,3.24959
14,16.3382,3.48359,3.48359,3.14715,3.24112
14,16.444,3.46244,3.46244,3.11019,3.20687
14,16.5,3.45141,3.45141,3.09054,3.18868
14,16.576,3.43641,3.43641,3.06288,3.16382
14,16.708,3.40977,3.40977,3.01538,3.12034
14,16.7167,3.40797,3.40797,3.01225,3.11748
14,16.84,3.38342,3.38342,2.96784,3.0769
14,16.972,3.35724,3.35724,2.92025,3.03334
14,17,3.35158,3.35158,2.91014,3.02407
14,17.1038,3.33066,3.33066,2.87263,2.98965
14,17.104,3.33063,3.33063,2.87257,2.9896
14,17.236,3.30405,3.30405,2.82477,2.9458
14,17.368,3.27732,3.27732,2.77638,2.90199
14,17.5,3.25051,3.25051,2.72774,2.85806
15,1,0,0,0,0
15,1.0219,0,0,0,0
15,1.04428,0,0,0,0
15,1.06715,0,0,0,0
15,1.09052,0,0,0,0
15,1.112,0,0,0,0
15,1.11441,0,0,0,0
15,1.13881,0,0,0,0
15,1.16375,0,0,0,0
15,1.18924,0,0,0,0
15,1.21529,0,0,0,0
15,1.224,0,0,0,0
15,1.2419,0,0,0,0
15,1.2691,0,0,0,0
15,1.29689,0,0,0,0
15,1.3253,0,0,0,0
15,1.336,0,0,0,0
15,1.35432,0,0,0,0
15,1.38398,0,0,0,0
15,1.41429,0,0,0,0
15,1.44527,0,0,0,0
15,1.448,0,0,0,0
15,1.47692,0,0,0,0
15,1.5,0,0,0,0
15,1.50927,0,0,0,0
15,1.54232,0,0,0,0
15,1.56,0,0,0,0
15,1.5761,0,0,0,0
15,1.61062,0,0,0,0
15,1.64589,0,0,0,0
15,1.672,0,0,0,0
15,1.68194,0,0,0,0
15,1.71877,0,0,0,0
15,1.75641,0,0,0,0
15,1.784,0,0,0,0
15,1.79488,0,0,0,0
15,1.83419,0,0,0,0
15,1.87436,0,0,0,0
15,1.896,0,0,0,0
15,1.91541,0,0,0,0
15,1.95736,0,0,0,0
15,2,0.189146,0.189146,0,0
15,2.00023,0.196477,0.196477,0,0
15,2.008,0.423258,0.423258,0,0
15,2.04403,1.19036,1.19036,0,0
15,2.0888,1.89978,1.89978,0,0
15,2.12,2.30778,2.30778,0,0
15,2.13455,2.47969,2.47969,0,0
15,2.18129,2.96953,2.96953,0,0
15,2.22907,3.39225,3.39225,0,0
15,2.232,3.41614,3.41614,0,0
15,2.27788,3.7639,3.7639,0.0702029,0
15,2.32777,4.0949,4.0949,0.719989,0
15,2.344,4.19368,4.19368,0.894984,0.16378
15,2.37875,4.39263,4.39263,1.24348,0.607016
15,2.43085,4.66282,4.66282,1.71557,1.14629
15,2.456,4.78281,4.78281,1.92522,1.38133
15,2.48409,4.90971,4.90971,2.14687,1.62888
15,2.5,4.97854,4.97854,2.26706,1.76275
15,2.53849,5.13663,5.13663,2.54296,2.0691
15,2.568,5.25048,5.25048,2.74158,2.28874
15,2.59408,5.34627,5.34627,2.90883,2.4729
15,2.6509,5.54077,5.54077,3.24905,2.84529
15,2.68,5.63362,5.63362,3.41157,3.02272
15,2.70895,5.72188,5.72188,3.56607,3.19117
15,2.76828,5.89108,5.89108,3.86294,3.51324
15,2.792,5.95471,5.95471,3.97496,3.63415
15,2.82891,6.04958,6.04958,4.14215,3.81442
15,2.89086,6.19842,6.19842,4.4037,4.09755
15,2.904,6.22842,6.22842,4.45631,4.15456
15,2.95418,6.33846,6.33846,4.64962,4.3629
15,3,6.43303,6.43303,4.81706,4.54126
15,3.016,6.46481,6.46481,4.87354,4.60123
15,3.01888,6.47046,6.47046,4.88358,4.6119
15,3.08499,6.59507,6.59507,5.10489,4.84838
15,3.128,6.67111,6.67111,5.24011,4.99307
15,3.15256,6.7129,6.7129,5.315,5.07238
15,3.2216,6.82451,6.82451,5.51682,5.28434
15,3.24,6.85288,6.85288,5.56829,5.33867
15,3.29215,6.93034,6.93034,5.70918,5.48792
15,3.352,7.01418,7.01418,5.86354,5.64996
15,3.36425,7.03072,7.03072,5.89402,5.682
15,3.43793,7.12574,7.12574,6.06901,5.86832
15,3.464,7.1576,7.1576,6.12793,5.93111
15,3.5,7.20021,7.20021,6.20661,6.01484
15,3.51323,7.21548,7.21548,6.23492,6.04496
15,3.576,7.28536,7.28536,6.36498,6.1825
15,3.59017,7.30057,7.30057,6.39357,6.21235
15,3.6688,7.3815,7.3815,6.54688,6.37189
15,3.688,7.40037,7.40037,6.58302,6.40944
15,3.74915,7.45826,7.45826,6.69393,6.52524
15,3.8,7.50388,7.50388,6.7819,6.6174
15,3.83126,7.5308,7.5308,6.83381,6.67223
15,3.912,7.59618,7.59618,6.96229,6.8074
15,3.91516,7.59862,7.59862,6.96714,6.81251
15,4,7.66091,7.66091,7.09283,6.94454
15,4.00091,7.66155,7.66155,7.09412,6.9459
15,4.024,7.67759,7.67759,7.12653,6.98011
15,4.08853,7.72035,7.72035,7.21326,7.072
15,4.136,7.74976,7.74976,7.27322,7.13625
15,4.17807,7.77421,7.77421,7.32375,7.19074
15,4.248,7.81168,7.81168,7.40232,7.27625
15,4.26958,7.82254,7.82254,7.42521,7.30138
15,4.36,7.86453,7.86453,7.51418,7.40011
15,4.36308,7.86585,7.86585,7.51702,7.40329
15,4.45864,7.90317,7.90317,7.59825,7.49552
15,4.472,7.90791,7.90791,7.60857,7.50745
15,4.5,7.91751,7.91751,7.62939,7.53167
15,4.55629,7.93522,7.93522,7.66786,7.5771
15,4.584,7.94306,7.94306,7.68511,7.59786
15,4.65607,7.96069,7.96069,7.72483,7.64687
15,4.696,7.96893,7.96893,7.74364,7.67092
15,4.75805,7.9795,7.9795,7.76837,7.70389
15,4.808,7.98609,7.98609,7.78446,7.72656
15,4.86225,7.99141,7.99141,7.79821,7.74731
15,4.92,7.99486,7.99486,7.80874,7.76513
15,4.96874,7.99605,7.99605,7.81447,7.77683
15,5,7.99601,7.99601,7.81668,7.78277
15,5.032,7.99531,7.99531,7.8178,7.7876
15,5.07756,7.99313,7.99313,7.81749,7.79239
15,5.144,7.98763,7.98763,7.81329,7.7953
15,5.18876,7.98238,7.98238,7.80815,7.7947
15,5.256,7.97219,7.97219,7.79736,7.79018
15,5.3024,7.96375,7.96375,7.78804,7.78474
15,5.368,7.94987,7.94987,7.77249,7.77425
15,5.41852,7.93758,7.93758,7.75887,7.76414
15,5.48,7.92085,7.92085,7.74059,7.7496
15,5.5,7.91496,7.91496,7.73426,7.74438
15,5.53719,7.90345,7.90345,7.72206,7.73411
15,5.592,7.88523,7.88523,7.70311,7.71786
15,5.65846,7.86117,7.86117,7.67882,7.69648
15,5.704,7.84349,7.84349,7.66148,7.6808
15,5.78239,7.81098,7.81098,7.63051,7.65218
15,5.816,7.79622,7.79622,7.61687,7.63946
15,5.90903,7.7532,7.7532,7.57817,7.60291
15,5.928,7.74403,7.74403,7.57014,7.59524
15,6,7.70819,7.70819,7.53938,7.56568
15,6.03844,7.68836,7.68836,7.5228,7.54966
15,6.04,7.68754,7.68754,7.52212,7.549
15,6.152,7.62726,7.62726,7.47335,7.50159
15,6.17068,7.61688,7.61688,7.46518,7.4936
15,6.264,7.56376,7.56376,7.42436,7.45352
15,6.30583,7.53931,7.53931,7.40608,7.43547
15,6.376,7.49748,7.49748,7.37555,7.40518
15,6.44393,7.45613,7.45613,7.34619,7.37596
15,6.488,7.42889,7.42889,7.32727,7.35708
15,6.5,7.42142,7.42142,7.32214,7.35196
15,6.58506,7.36789,7.36789,7.28606,7.31579
15,6.6,7.35839,7.35839,7.27978,7.30947
15,6.712,7.28635,7.28635,7.23329,7.26258
15,6.72927,7.27512,7.27512,7.22623,7.25543
15,6.824,7.2131,7.2131,7.18803,7.21666
15,6.87665,7.17833,7.17833,7.16721,7.19548
15,6.936,7.13894,7.13894,7.14412,7.17193
15,7,7.09625,7.09625,7.11966,7.14695
15,7.02725,7.07802,7.07802,7.1094,7.13646
15,7.048,7.06413,7.06413,7.10166,7.12852
15,7.16,6.98891,6.98891,7.06082,7.08658
15,7.18116,6.97468,6.97468,7.05329,7.07883
15,7.272,6.91352,6.91352,7.02157,7.04618
15,7.33843,6.86879,6.86879,6.99909,7.02298
15,7.384,6.83814,6.83814,6.98404,7.00741
15,7.496,6.76296,6.76296,6.94834,6.97033
15,7.49915,6.76085,6.76085,6.94736,6.96931
15,7.5,6.76028,6.76028,6.9471,6.96903
15,7.608,6.68815,6.68815,6.91441,6.935
15,7.66338,6.65134,6.65134,6.89833,6.91818
15,7.72,6.61388,6.61388,6.88237,6.90144
15,7.83122,6.54079,6.54079,6.85233,6.86991
15,7.832,6.54028,6.54028,6.85213,6.8697
15,7.944,6.46751,6.46751,6.82371,6.83977
15,8,6.43148,6.43148,6.81022,6.8255
15,8.00273,6.42973,6.42973,6.80958,6.82481
15,8.056,6.39568,6.39568,6.79721,6.81168
15,8.168,6.32491,6.32491,6.77256,6.78541
15,8.17799,6.31865,6.31865,6.77045,6.78315
15,8.28,6.25534,6.25534,6.74976,6.76091
15,8.3571,6.20821,6.20821,6.73509,6.74505
15,8.392,6.18709,6.18709,6.7287,6.73813
15,8.5,6.12263,6.12263,6.71,6.71783
15,8.504,6.12027,6.12027,6.70934,6.71711
15,8.54013,6.09904,6.09904,6.70349,6.7107
15,8.616,6.055,6.055,6.69182,6.69783
15,8.72716,5.99185,5.99185,6.67624,6.68041
15,8.728,5.99138,5.99138,6.67613,6.68028
15,8.84,5.92951,5.92951,6.66215,6.66449
15,8.91829,5.88735,5.88735,6.65329,6.65451
15,8.952,5.86949,5.86949,6.64969,6.65048
15,9,5.84436,5.84436,6.64477,6.64501
15,9.064,5.81142,5.81142,6.63866,6.6382
15,9.11361,5.78633,5.78633,6.63429,6.63328
15,9.176,5.75536,5.75536,6.62926,6.62752
15,9.288,5.70135,5.70135,6.62154,6.61834
15,9.31321,5.68946,5.68946,6.62002,6.61648
15,9.4,5.6493,5.6493,6.61536,6.61059
15,9.5,5.60406,5.60406,6.61095,6.60486
15,9.512,5.59867,5.59867,6.61048,6.60425
15,9.51717,5.59635,5.59635,6.61028,6.60399
15,9.624,5.54822,5.54822,6.60676,6.59932
15,9.72561,5.50181,5.50181,6.60452,6.59599
15,9.736,5.497,5.497,6.60436,6.59571
15,9.848,5.44453,5.44453,6.60333,6.5934
15,9.9386,5.40206,5.40206,6.60346,6.59242
15,9.96,5.3922,5.3922,6.6036,6.59231
15,10,5.37388,5.37388,6.60397,6.59221
15,10.072,5.34076,5.34076,6.60496,6.59241
15,10.1563,5.30072,5.30072,6.60662,6.59324
15,10.184,5.28716,5.28716,6.60728,6.59365
15,10.296,5.23401,5.23401,6.61059,6.59595
15,10.3787,5.1969,5.1969,6.61366,6.59829
15,10.408,5.18354,5.18354,6.61487,6.59925
15,10.5,5.14024,5.14024,6.6191,6.60266
15,10.52,5.13082,5.13082,6.6201,6.60348
15,10.606,5.09115,5.09115,6.62473,6.60735
15,10.632,5.07933,5.07933,6.62624,6.60862
15,10.744,5.02899,5.02899,6.63323,6.61461
15,10.8383,4.98666,4.98666,6.63967,6.62026
15,10.856,4.97866,4.97866,6.64092,6.62138
15,10.968,4.9288,4.9288,6.64916,6.62889
15,11,4.91488,4.91488,6.65159,6.63116
15,11.0756,4.88232,4.88232,6.65751,6.63673
15,11.08,4.88046,4.88046,6.65786,6.63706
15,11.192,4.83271,4.83271,6.66724,6.64584
15,11.304,4.78561,4.78561,6.67743,6.65516
15,11.3182,4.77971,4.77971,6.67878,6.65638
15,11.416,4.73988,4.73988,6.68812,6.66499
15,11.5,4.7063,4.7063,6.69599,6.67174
15,11.528,4.6952,4.6952,6.69834,6.67348
15,11.5661,4.68018,4.68018,6.70114,6.67529
15,11.64,4.65139,4.65139,6.70376,6.67632
15,11.752,4.60877,4.60877,6.69487,6.66658
15,11.8194,4.58376,4.58376,6.68003,6.65132
15,11.864,4.56742,4.56742,6.66628,6.63712
15,11.976,4.52699,4.52699,6.6176,6.58656
15,12,4.51848,4.51848,6.6045,6.57307
15,12.0782,4.49113,4.49113,6.55516,6.52265
15,12.088,4.48776,4.48776,6.54829,6.51567
15,12.2,4.44962,4.44962,6.45814,6.42442
15,12.312,4.41264,4.41264,6.3478,6.31289
15,12.3428,4.40268,4.40268,6.3141,6.27899
15,12.424,4.37658,4.37658,6.21872,6.18362
15,12.5,4.35198,4.35198,6.12179,6.08722
15,12.536,4.34023,4.34023,6.07347,6.03926
15,12.6131,4.31672,4.31672,5.96519,5.9321
15,12.648,4.30683,4.30683,5.91433,5.88175
15,12.76,4.27492,4.27492,5.74726,5.71363
15,12.872,4.24286,4.24286,5.57189,5.53702
15,12.8893,4.23813,4.23813,5.54409,5.50916
15,12.984,4.21339,4.21339,5.38944,5.35526
15,13,4.20908,4.20908,5.36289,5.32887
15,13.096,4.1813,4.1813,5.20109,5.16767
15,13.1716,4.16012,4.16012,5.07117,5.03745
15,13.208,4.15052,4.15052,5.00786,4.97435
15,13.32,4.1213,4.1213,4.81037,4.77707
15,13.432,4.09313,4.09313,4.60968,4.57645
15,13.4601,4.08631,4.08631,4.5585,4.52587
15,13.5,4.07652,4.07652,4.48574,4.45366
15,13.544,4.06574,4.06574,4.40538,4.37361
15,13.656,4.03929,4.03929,4.19828,4.1661
15,13.7549,4.01596,4.01596,4.01298,3.9808
15,13.768,4.01293,4.01293,3.98823,3.95599
15,13.88,3.98711,3.98711,3.77568,3.74387
15,13.992,3.96175,3.96175,3.56092,3.52947
15,14,3.95997,3.95997,3.54549,3.51407
15,14.0561,3.94749,3.94749,3.43696,3.40577
15,14.104,3.93677,3.93677,3.34391,3.31293
15,14.216,3.91232,3.91232,3.12488,3.09424
15,14.328,3.88812,3.88812,2.90394,2.87365
15,14.3639,3.88033,3.88033,2.83256,2.80249
15,14.44,3.86422,3.86422,2.68099,2.6513
15,14.5,3.85189,3.85189,2.561,2.53148
15,14.552,3.8406,3.8406,2.45669,2.42724
15,14.664,3.81664,3.81664,2.2306,2.20151
15,14.6785,3.81377,3.81377,2.20118,2.17208
15,14.776,3.79245,3.79245,2.00304,1.97403
15,14.888,3.76995,3.76995,1.77381,1.7453
15,15,3.74766,3.74766,1.54279,1.51516
16,1,0,0,0,0
16,1.02292,0,0,0,0
16,1.04637,0,0,0,0
16,1.07036,0,0,0,0
16,1.0949,0,0,0,0
16,1.12,0,0,0,0
16,1.128,0,0,0,0
16,1.14568,0,0,0,0
16,1.17194,0,0,0,0
16,1.19881,0,0,0,0
16,1.22629,0,0,0,0
16,1.2544,0,0,0,0
16,1.256,0,0,0,0
16,1.28316,0,0,0,0
16,1.31257,0,0,0,0
16,1.34266,0,0,0,0
16,1.37344,0,0,0,0
16,1.384,0,0,0,0
16,1.40493,0,0,0,0
16,1.43713,0,0,0,0
16,1.47008,0,0,0,0
16,1.5,0,0,0,0
16,1.50378,0,0,0,0
16,1.512,0,0,0,0
16,1.53825,0,0,0,0
16,1.57352,0,0,0,0
16,1.60959,0,0,0,0
16,1.64,0,0,0,0
16,1.64649,0,0,0,0
16,1.68423,0,0,0,0
16,1.72284,0,0,0,0
16,1.76234,0,0,0.0615219,0
16,1.768,0,0,0.207291,0
16,1.80274,0,0,0.758629,0.382152
16,1.84407,0,0,1.13307,0.923476
16,1.88634,0,0,1.42107,1.2646
16,1.896,0,0,1.48082,1.33115
16,1.92959,0,0,1.67839,1.5459
16,1.97382,0,0,1.92123,1.80404
16,2,0.189145,0.189145,2.05769,1.94793
16,2.01907,0.693051,0.693051,2.15404,2.0493
16,2.024,0.800666,0.800666,2.17855,2.07506
16,2.06536,1.55002,1.55002,2.378,2.28434
16,2.1127,2.21745,2.21745,2.5936,2.51
16,2.152,2.6729,2.6729,2.76306,2.68693
16,2.16114,2.76894,2.76894,2.80131,2.7268
16,2.21068,3.23737,3.23737,3.00165,2.93538
16,2.26136,3.64397,3.64397,3.19498,3.13623
16,2.28,3.77886,3.77886,3.26334,3.20714
16,2.3132,4.00264,4.00264,3.38162,3.32969
16,2.36623,4.32279,4.32279,3.562,3.51624
16,2.408,4.54813,4.54813,3.6972,3.65583
16,2.42047,4.61144,4.61144,3.73646,3.69632
16,2.47596,4.87373,4.87373,3.90527,3.87026
16,2.5,4.97854,4.97854,3.9756,3.94263
16,2.53272,5.11365,5.11365,4.06874,4.0384
16,2.536,5.12674,5.12674,4.07792,4.04783
16,2.59078,5.33438,5.33438,4.22714,4.20103
16,2.65017,5.5384,5.5384,4.38085,4.35859
16,2.664,5.58311,5.58311,4.41552,4.39411
16,2.71093,5.72776,5.72776,4.5301,4.51143
16,2.77307,5.90412,5.90412,4.67472,4.65935
16,2.792,5.95471,5.95471,4.71731,4.70283
16,2.83665,6.06886,6.06886,4.81531,4.80276
16,2.90168,6.22315,6.22315,4.95133,4.9416
16,2.92,6.26428,6.26428,4.98817,4.97933
16,2.96819,6.36796,6.36796,5.08206,5.07601
16,3,6.43303,6.43303,5.14188,5.13789
16,3.03624,6.50414,6.50414,5.20836,5.2064
16,3.048,6.52656,6.52656,5.22961,5.22817
16,3.10584,6.6324,6.6324,5.33213,5.33198
16,3.176,6.75174,6.75174,5.45024,5.45125
16,3.17704,6.75345,6.75345,5.45194,5.45298
16,3.24988,6.86788,6.86788,5.56765,5.57134
16,3.304,6.94735,6.94735,5.65037,5.65554
16,3.32438,6.97613,6.97613,5.68064,5.68616
16,3.40059,7.0785,7.0785,5.79068,5.79695
16,3.432,7.11836,7.11836,5.83492,5.84115
16,3.47854,7.175,7.175,5.89851,5.90472
16,3.5,7.20021,7.20021,5.92699,5.93345
16,3.55829,7.26606,7.26606,6.00257,6.01025
16,3.56,7.26793,7.26793,6.00475,6.01246
16,3.63986,7.3524,7.3524,6.1038,6.1125
16,3.688,7.40037,7.40037,6.16135,6.17032
16,3.7233,7.4342,7.4342,6.20243,6.21166
16,3.80866,7.51142,7.51142,6.29835,6.30819
16,3.816,7.51777,7.51777,6.30636,6.31627
16,3.89597,7.5837,7.5837,6.39144,6.40204
16,3.944,7.62042,7.62042,6.44055,6.45161
16,3.98528,7.65048,7.65048,6.48171,6.49315
16,4,7.66091,7.66091,6.49614,6.50777
16,4.072,7.70968,7.70968,6.56478,6.57702
16,4.07664,7.7127,7.7127,6.5691,6.58139
16,4.1701,7.76969,7.76969,6.6537,6.66684
16,4.2,7.78637,7.78637,6.67981,6.69322
16,4.2657,7.8206,7.8206,6.73564,6.74957
16,4.328,7.85037,7.85037,6.78668,6.80106
16,4.36348,7.86602,7.86602,6.81493,6.82956
16,4.456,7.90221,7.90221,6.88591,6.90113
16,4.46352,7.90491,7.90491,6.89152,6.90678
16,4.5,7.91751,7.91751,6.91837,6.93383
16,4.56584,7.93799,7.93799,6.96538,6.98123
16,4.584,7.94306,7.94306,6.97803,6.99398
16,4.67051,7.96379,7.96379,7.03646,7.05287
16,4.712,7.97192,7.97192,7.06342,7.08007
16,4.77758,7.98227,7.98227,7.10468,7.1217
16,4.84,7.98948,7.98948,7.14246,7.15981
16,4.8871,7.99317,7.99317,7.17001,7.18762
16,4.968,7.99604,7.99604,7.21544,7.23351
16,4.99914,7.99602,7.99602,7.2323,7.25054
16,5,7.99601,7.99601,7.23276,7.25101
16,5.096,7.99187,7.99187,7.28258,7.30139
16,5.11374,7.99046,7.99046,7.29143,7.31035
16,5.224,7.97734,7.97734,7.34404,7.36364
16,5.23097,7.97626,7.97626,7.34723,7.36687
16,5.35089,7.9537,7.9537,7.39947,7.41994
16,5.352,7.95346,7.95346,7.39994,7.42041
16,5.47355,7.92271,7.92271,7.44793,7.46931
16,5.48,7.92086,7.92086,7.45034,7.47176
16,5.5,7.91498,7.91498,7.45772,7.4793
16,5.59903,7.8828,7.8828,7.4923,7.5147
16,5.608,7.87965,7.87965,7.49527,7.51775
16,5.72739,7.83409,7.83409,7.53224,7.55582
16,5.736,7.83056,7.83056,7.53472,7.55838
16,5.85868,7.7769,7.7769,7.56738,7.5923
16,5.864,7.77445,7.77445,7.56868,7.59366
16,5.992,7.71228,7.71228,7.5971,7.62357
16,5.99299,7.71178,7.71178,7.5973,7.62378
16,6,7.70822,7.70822,7.59869,7.62526
16,6.12,7.64486,7.64486,7.61995,7.64805
16,6.13038,7.63919,7.63919,7.62155,7.64979
16,6.248,7.57304,7.57304,7.63717,7.66709
16,6.27091,7.55978,7.55978,7.63966,7.66993
16,6.376,7.49751,7.49751,7.64876,7.68068
16,6.41467,7.47408,7.47408,7.65115,7.68371
16,6.5,7.42146,7.42146,7.65461,7.68865
16,6.504,7.41896,7.41896,7.65471,7.68883
16,6.56173,7.38271,7.38271,7.65554,7.69073
16,6.632,7.33798,7.33798,7.65503,7.69157
16,6.71215,7.28629,7.28629,7.65239,7.69054
16,6.76,7.25512,7.25512,7.64977,7.68893
16,6.86602,7.1854,7.1854,7.64124,7.68271
16,6.888,7.17085,7.17085,7.63901,7.68096
16,7,7.09629,7.09629,7.62517,7.66966
16,7.016,7.08559,7.08559,7.62286,7.66772
16,7.02342,7.08062,7.08062,7.62176,7.66679
16,7.144,6.99971,6.99971,7.60146,7.64931
16,7.18443,6.97251,6.97251,7.59363,7.64244
16,7.272,6.91355,6.91355,7.57498,7.6259
16,7.34913,6.86162,6.86162,7.55671,7.60949
16,7.4,6.82741,6.82741,7.54371,7.59778
16,7.5,6.76031,6.76031,7.51609,7.57283
16,7.51761,6.74852,6.74852,7.51095,7.56818
16,7.528,6.74157,6.74157,7.50788,7.5654
16,7.656,6.65627,6.65627,7.46795,7.52883
16,7.68994,6.63377,6.63377,7.45672,7.51842
16,7.784,6.57175,6.57175,7.42428,7.48801
16,7.86623,6.51797,6.51797,7.39452,7.45967
16,7.912,6.48823,6.48823,7.37744,7.44326
16,8,6.4315,6.4315,7.34351,7.41059
16,8.04,6.4059,6.4059,7.32759,7.39533
16,8.04656,6.40171,6.40171,7.32495,7.3928
16,8.168,6.32492,6.32492,7.27441,7.34487
16,8.23103,6.28562,6.28562,7.24701,7.31917
16,8.296,6.24552,6.24552,7.21827,7.29225
16,8.41972,6.17043,6.17043,7.16298,7.24036
16,8.424,6.16786,6.16786,7.16105,7.23855
16,8.5,6.12264,6.12264,7.12665,7.20615
16,8.552,6.09211,6.09211,7.10284,7.18356
16,8.61274,6.05689,6.05689,7.0748,7.1568
16,8.68,6.01845,6.01845,7.0435,7.12679
16,8.808,5.94701,5.94701,6.98343,7.06937
16,8.81018,5.94582,5.94582,6.9824,7.0684
16,8.936,5.87795,5.87795,6.92343,7.01232
16,9,5.84437,5.84437,6.89361,6.98359
16,9.01215,5.83806,5.83806,6.88796,6.97813
16,9.064,5.81142,5.81142,6.86388,6.95482
16,9.192,5.74752,5.74752,6.80419,6.89759
16,9.21875,5.73451,5.73451,6.79169,6.88571
16,9.32,5.6863,5.6863,6.74464,6.8409
16,9.43008,5.6357,5.6357,6.69417,6.79231
16,9.448,5.6276,5.6276,6.68603,6.78445
16,9.5,5.60421,5.60421,6.66246,6.76177
16,9.576,5.57012,5.57012,6.62816,6.72904
16,9.64626,5.53843,5.53843,6.59675,6.69916
16,9.704,5.51208,5.51208,6.57126,6.6748
16,9.832,5.45212,5.45212,6.51601,6.62164
16,9.8674,5.43539,5.43539,6.50094,6.60722
16,9.96,5.39243,5.39243,6.46149,6.57015
16,10,5.37422,5.37422,6.44427,6.5544
16,10.088,5.33365,5.33365,6.40572,6.52029
16,10.0936,5.331,5.331,6.40324,6.51814
16,10.216,5.2713,5.2713,6.34894,6.47211
16,10.325,5.22135,5.22135,6.30064,6.43266
16,10.344,5.21287,5.21287,6.2922,6.42593
16,10.472,5.15317,5.15317,6.23464,6.38169
16,10.5,5.13996,5.13996,6.22194,6.37225
16,10.5617,5.11143,5.11143,6.19394,6.35169
16,10.6,5.09394,5.09394,6.17659,6.33907
16,10.728,5.0364,5.0364,6.11919,6.29726
16,10.8038,5.00212,5.00212,6.08539,6.27244
16,10.856,4.97847,4.97847,6.06213,6.25519
16,10.984,4.92203,4.92203,6.00508,6.21236
16,11,4.9151,4.9151,5.99799,6.20705
16,11.0515,4.89285,4.89285,5.97529,6.19022
16,11.112,4.86686,4.86686,5.94882,6.171
16,11.24,4.8123,4.8123,5.89352,6.13004
16,11.3048,4.78531,4.78531,5.86564,6.10861
16,11.368,4.75947,4.75947,5.83861,6.08794
16,11.496,4.70792,4.70792,5.78454,6.04815
16,11.5,4.70633,4.70633,5.78287,6.04692
16,11.564,4.68098,4.68098,5.75632,6.02705
16,11.624,4.65755,4.65755,5.73164,6.00785
16,11.752,4.60891,4.60891,5.67953,5.96755
16,11.8291,4.58023,4.58023,5.64866,5.94457
16,11.88,4.56155,4.56155,5.62851,5.9294
16,12,4.51852,4.51852,5.58167,5.89227
16,12.008,4.5157,4.5157,5.57858,5.88977
16,12.1003,4.48353,4.48353,5.54315,5.86144
16,12.136,4.4713,4.4713,5.5296,5.85082
16,12.264,4.42843,4.42843,5.48179,5.81258
16,12.3777,4.39074,4.39074,5.44019,5.77995
16,12.392,4.38596,4.38596,5.43502,5.77596
16,12.5,4.35183,4.35183,5.3965,5.74624
16,12.52,4.34589,4.34589,5.38942,5.74077
16,12.648,4.30787,4.30787,5.34489,5.70628
16,12.6614,4.30386,4.30386,5.34032,5.70276
16,12.776,4.27023,4.27023,5.30125,5.6732
16,12.904,4.23279,4.23279,5.25844,5.64077
16,12.9517,4.21962,4.21962,5.24314,5.62889
16,13,4.20651,4.20651,5.22766,5.61699
16,13.032,4.19775,4.19775,5.21736,5.6092
16,13.16,4.1636,4.1636,5.17752,5.57857
16,13.2486,4.14049,4.14049,5.14958,5.55775
16,13.288,4.13031,4.13031,5.13736,5.5486
16,13.416,4.09808,4.09808,5.10021,5.51948
16,13.5,4.0771,4.0771,5.07531,5.50082
16,13.544,4.06648,4.06648,5.06263,5.49116
16,13.5523,4.06449,4.06449,5.06029,5.48934
16,13.672,4.03572,4.03572,5.02683,5.46341
16,13.8,4.00585,4.00585,4.99154,5.43645
16,13.863,3.99134,3.99134,4.97461,5.42346
16,13.928,3.97638,3.97638,4.95725,5.41021
16,14,3.96007,3.96007,4.93829,5.39568
16,14.056,3.94793,3.94793,4.92374,5.38452
16,14.1808,3.91942,3.91942,4.89185,5.36013
16,14.184,3.91867,3.91867,4.89104,5.35951
16,14.312,3.8913,3.8913,4.8591,5.33513
16,14.44,3.86242,3.86242,4.8279,5.31128
16,14.5,3.8503,3.8503,4.81351,5.30028
16,14.5059,3.8491,3.8491,4.81211,5.29921
16,14.568,3.83631,3.83631,4.79738,5.28793
16,14.696,3.80992,3.80992,4.76748,5.26515
16,14.824,3.78276,3.78276,4.73815,5.24292
16,14.8384,3.77973,3.77973,4.73488,5.24043
16,14.952,3.75714,3.75714,4.70931,5.22089
16,15,3.74858,3.74858,4.69864,5.21275
16,15.08,3.73248,3.73248,4.68103,5.19946
16,15.1786,3.71228,3.71228,4.65963,5.18339
16,15.208,3.7063,3.7063,4.6533,5.17855
16,15.336,3.68014,3.68014,4.62608,5.15702
16,15.464,3.65377,3.65377,4.59927,5.13618
16,15.5,3.6472,3.6472,4.59179,5.13058
16,15.5265,3.64253,3.64253,4.58628,5.12645
16,15.592,3.63038,3.63038,4.57277,5.11617
16,15.72,3.60544,3.60544,4.54674,5.09543
16,15.848,3.57998,3.57998,4.52126,5.07572
16,15.8825,3.57377,3.57377,4.51449,5.07072
16,15.976,3.5543,3.5543,4.49616,5.05716
16,16,3.54943,3.54943,4.49146,5.05364
16,16.104,3.52897,3.52897,4.47096,5.03818
16,16.232,3.5048,3.5048,4.44532,5.01958
16,16.2466,3.50169,3.50169,4.44239,5.01751
16,16.36,3.47888,3.47888,4.41977,5.00134
16,16.488,3.45351,3.45351,4.39477,4.98289
16,16.5,3.45113,3.45113,4.39247,4.98116
16,16.616,3.4281,3.4281,4.37035,4.96437
16,16.619,3.4275,3.4275,4.36978,4.96393
16,16.744,3.40264,3.40264,4.34596,4.9463
16,16.872,3.3771,3.3771,4.32131,4.92876
16,17,3.35148,3.35148,4.29675,4.90929
17,1,0,0,0,0
17,1.02217,0,0,0,0
17,1.04483,0,0,0,0
17,1.06799,0,0,0,0
17,1.09167,0,0,0,0
17,1.11587,0,0,0,0
17,1.116,0,0,0,0
17,1.14061,0,0,0,0
17,1.16589,0,0,0,0
17,1.19174,0,0,0,0
17,1.21816,0,0,0,0
17,1.232,0,0,0,0
17,1.24516,0,0,0,0
17,1.27277,0,0,0,0
17,1.30098,0,0,0,0
17,1.32983,0,0,0,0
17,1.348,0,0,0,0
17,1.35931,0,0,0,0
17,1.38944,0,0,0,0
17,1.42024,0,0,0,0
17,1.45173,0,0,0,0
17,1.464,0,0,0,0
17,1.48391,0,0,0,0
17,1.5,0,0,0,0
17,1.51681,0,0,0,0
17,1.55043,0,0,0,0
17,1.58,0,0,0,0
17,1.5848,0,0,0,0
17,1.61994,0,0,0,0
17,1.65585,0,0,0,0
17,1.69256,0,0,0,0
17,1.696,0,0,0,0
17,1.73008,0,0,0,0
17,1.76843,0,0,0,0
17,1.80764,0,0,0,0
17,1.812,0,0,0,0
17,1.84771,0,0,0,0
17,1.88867,0,0,0,0
17,1.928,0,0,0,0
17,1.93054,0,0,0,0
17,1.97334,0,0,0,0
17,2,0.189145,0.189145,0,0
17,2.01709,0.647961,0.647961,0,0
17,2.044,1.18975,1.18975,0,0
17,2.0618,1.49319,1.49319,0,0
17,2.10751,2.15141,2.15141,0,0
17,2.15423,2.6967,2.6967,0,0
17,2.16,2.75718,2.75718,0,0
17,2.20199,3.16091,3.16091,0,0
17,2.25081,3.56437,3.56437,0,0
17,2.276,3.7505,3.7505,0,0
17,2.3007,3.92074,3.92074,0,0
17,2.35171,4.23924,4.23924,0.844242,0
17,2.392,4.46433,4.46433,1.20848,0.0739714
17,2.40384,4.52664,4.52664,1.2957,0.370114
17,2.45713,4.78807,4.78807,1.64223,1.05354
17,2.5,4.97854,4.97854,1.89301,1.37748
17,2.508,5.01235,5.01235,1.9381,1.43062
17,2.51161,5.02742,5.02742,1.95827,1.4541
17,2.56729,5.24779,5.24779,2.2585,1.79178
17,2.624,5.45098,5.45098,2.54452,2.10583
17,2.6242,5.45166,5.45166,2.5455,2.10689
17,2.68237,5.64101,5.64101,2.82013,2.4067
17,2.74,5.81228,5.81228,3.07542,2.68408
17,2.74184,5.81751,5.81751,3.08332,2.69263
17,2.80262,5.98252,5.98252,3.33573,2.96568
17,2.856,6.1162,6.1162,3.5449,3.19098
17,2.86475,6.1372,6.1372,3.57816,3.22673
17,2.92826,6.28251,6.28251,3.81125,3.47676
17,2.972,6.37588,6.37588,3.96382,3.63996
17,2.99318,6.41929,6.41929,4.03553,3.71652
17,3,6.43303,6.43303,4.05834,3.74085
17,3.05953,6.54824,6.54824,4.25164,3.94662
17,3.088,6.60051,6.60051,4.34054,4.04105
17,3.12736,6.67001,6.67001,4.46002,4.1678
17,3.19669,6.78521,6.78521,4.66102,4.38061
17,3.204,6.79685,6.79685,4.68157,4.4023
17,3.26756,6.89434,6.89434,4.8549,4.58541
17,3.32,6.97,6.97,4.9917,4.72939
17,3.34,6.99778,6.99778,5.04232,4.78275
17,3.41404,7.09573,7.09573,5.22356,4.97347
17,3.436,7.12334,7.12334,5.27537,5.02778
17,3.48973,7.18821,7.18821,5.39913,5.15698
17,3.5,7.20021,7.20021,5.42226,5.18107
17,3.552,7.25913,7.25913,5.53657,5.30004
17,3.56709,7.27568,7.27568,5.56896,5.33384
17,3.64617,7.35881,7.35881,5.73347,5.50545
17,3.668,7.38071,7.38071,5.77727,5.55099
17,3.727,7.43768,7.43768,5.89261,5.67051
17,3.784,7.48977,7.48977,5.99986,5.78159
17,3.80962,7.51226,7.51226,6.04677,5.83015
17,3.89408,7.58221,7.58221,6.19617,5.9848
17,3.9,7.58686,7.58686,6.20635,5.99533
17,3.9804,7.647,7.647,6.34096,6.13452
17,4,7.66091,7.66091,6.37278,6.16742
17,4.016,7.67207,7.67207,6.39849,6.19398
17,4.06865,7.7075,7.7075,6.48136,6.27945
17,4.132,7.74735,7.74735,6.57765,6.37868
17,4.15884,7.76322,7.76322,6.6174,6.4196
17,4.248,7.81168,7.81168,6.74516,6.55095
17,4.25104,7.81323,7.81323,6.7494,6.5553
17,4.34528,7.85811,7.85811,6.87691,6.68657
17,4.364,7.86624,7.86624,6.90139,6.71182
17,4.44161,7.89697,7.89697,7.00045,6.81361
17,4.48,7.9107,7.9107,7.04788,6.8623
17,4.5,7.91751,7.91751,7.07215,6.8873
17,4.54008,7.93035,7.93035,7.11985,6.93646
17,4.596,7.94626,7.94626,7.18447,7.00342
17,4.64072,7.95725,7.95725,7.2348,7.0554
17,4.712,7.97192,7.97192,7.31252,7.13561
17,4.7436,7.97728,7.97728,7.34597,7.17012
17,4.828,7.98829,7.98829,7.43243,7.2593
17,4.84876,7.99028,7.99028,7.45306,7.28059
17,4.944,7.99564,7.99564,7.54441,7.37504
17,4.95626,7.99589,7.99589,7.55579,7.38682
17,5,7.99601,7.99601,7.59571,7.42819
17,5.06,7.99413,7.99413,7.64868,7.48321
17,5.06613,7.9938,7.9938,7.65397,7.48872
17,5.176,7.98402,7.98402,7.74531,7.58407
17,5.17844,7.98371,7.98371,7.74726,7.58612
17,5.292,7.96575,7.96575,7.83431,7.67776
17,5.29324,7.96552,7.96552,7.83522,7.67872
17,5.408,7.94026,7.94026,7.91553,7.76431
17,5.41059,7.93961,7.93961,7.91726,7.76616
17,5.5,7.91498,7.91498,7.97433,7.82788
17,5.524,7.90763,7.90763,7.98882,7.84371
17,5.53053,7.90558,7.90558,7.99271,7.84797
17,5.64,7.86809,7.86809,8.05391,7.91578
17,5.65314,7.8632,7.8632,8.06075,7.92347
17,5.756,7.82225,7.82225,8.11045,7.98031
17,5.77846,7.8127,7.8127,8.12038,7.99192
17,5.872,7.77073,7.77073,8.15809,8.03708
17,5.90656,7.7544,7.7544,8.17052,8.05246
17,5.988,7.71431,7.71431,8.1965,8.08583
17,6,7.70822,7.70822,8.19993,8.09041
17,6.03751,7.68888,7.68888,8.21,8.10412
17,6.104,7.65355,7.65355,8.22537,8.12626
17,6.17135,7.61654,7.61654,8.23765,8.14582
17,6.22,7.58909,7.58909,8.24447,8.1581
17,6.30816,7.53797,7.53797,8.25236,8.17636
17,6.336,7.52147,7.52147,8.25367,8.18107
17,6.44801,7.45366,7.45366,8.25315,8.19475
17,6.452,7.4512,7.4512,8.25296,8.19509
17,6.5,7.42146,7.42146,8.24977,8.19824
17,6.568,7.37874,7.37874,8.24232,8.20006
17,6.59095,7.36418,7.36418,8.23902,8.19997
17,6.684,7.30453,7.30453,8.22147,8.1959
17,6.73707,7.27009,7.27009,8.20838,8.19087
17,6.8,7.22892,7.22892,8.19,8.18228
17,6.88642,7.1719,7.1719,8.15967,8.16571
17,6.916,7.15227,7.15227,8.14799,8.15873
17,7,7.09629,7.09629,8.11151,8.13505
17,7.032,7.07488,7.07488,8.09634,8.1245
17,7.03908,7.07013,7.07013,8.09289,8.12206
17,7.148,6.99702,6.99702,8.03559,8.08021
17,7.19513,6.96531,6.96531,8.0084,8.06007
17,7.264,6.91894,6.91894,7.96616,8.02888
17,7.35464,6.85792,6.85792,7.90631,7.98288
17,7.38,6.84086,6.84086,7.88873,7.96903
17,7.496,6.76299,6.76299,7.80402,7.90188
17,7.5,6.76031,6.76031,7.80098,7.89942
17,7.51769,6.74847,6.74847,7.78744,7.88847
17,7.612,6.68552,6.68552,7.71277,7.82728
17,7.68434,6.63748,6.63748,7.6528,7.77754
17,7.728,6.60862,6.60862,7.61556,7.74637
17,7.844,6.53247,6.53247,7.51295,7.65912
17,7.8547,6.52549,6.52549,7.50324,7.65078
17,7.96,6.45721,6.45721,7.40562,7.56636
17,8,6.4315,6.4315,7.36758,7.53322
17,8.02883,6.41304,6.41304,7.33988,7.50898
17,8.076,6.38298,6.38298,7.29403,7.46868
17,8.192,6.30991,6.30991,7.17863,7.36638
17,8.20682,6.30067,6.30067,7.16364,7.35302
17,8.308,6.23816,6.23816,7.05993,7.2602
17,8.38875,6.18906,6.18906,6.97567,7.18415
17,8.424,6.16786,6.16786,6.93851,7.15044
17,8.5,6.12264,6.12264,6.85775,7.07683
17,8.54,6.09912,6.09912,6.81487,7.03761
17,8.57472,6.07887,6.07887,6.77746,7.00331
17,8.656,6.03209,6.03209,6.68937,6.92214
17,8.76481,5.97085,5.97085,6.5702,6.81173
17,8.772,5.96686,5.96686,6.5623,6.80438
17,8.888,5.90356,5.90356,6.43411,6.68478
17,8.95912,5.86574,5.86574,6.3552,6.61068
17,9,5.84437,5.84437,6.30968,6.56786
17,9.004,5.84229,5.84229,6.30522,6.56366
17,9.12,5.78313,5.78313,6.17598,6.44142
17,9.15773,5.76436,5.76436,6.13383,6.40147
17,9.236,5.72618,5.72618,6.04661,6.3184
17,9.352,5.67141,5.67141,5.91752,6.19495
17,9.36075,5.66737,5.66737,5.90782,6.18563
17,9.468,5.61859,5.61859,5.78911,6.0714
17,9.5,5.60421,5.60421,5.75382,6.03735
17,9.56827,5.5736,5.5736,5.67892,5.96477
17,9.584,5.56653,5.56653,5.66168,5.94806
17,9.7,5.51392,5.51392,5.53537,5.82524
17,9.78039,5.47649,5.47649,5.44862,5.74063
17,9.816,5.45968,5.45968,5.41048,5.70328
17,9.932,5.40522,5.40522,5.28731,5.58219
17,9.99721,5.3755,5.3755,5.21898,5.51471
17,10,5.37423,5.37423,5.21607,5.51183
17,10.048,5.35226,5.35226,5.16613,5.4625
17,10.164,5.29676,5.29676,5.047,5.34415
17,10.2188,5.26993,5.26993,4.99137,5.28887
17,10.28,5.24148,5.24148,4.93002,5.22807
17,10.396,5.1891,5.1891,4.81544,5.11393
17,10.4454,5.1658,5.1658,4.7675,5.0659
17,10.5,5.13995,5.13995,4.71491,5.01338
17,10.512,5.13435,5.13435,4.70342,5.00187
17,10.628,5.08127,5.08127,4.59429,4.8914
17,10.6769,5.05927,5.05927,4.54918,4.84578
17,10.744,5.02922,5.02922,4.48844,4.78408
17,10.86,4.97667,4.97667,4.38555,4.67897
17,10.9136,4.95279,4.95279,4.33868,4.63143
17,10.976,4.92551,4.92551,4.28481,4.57693
17,11,4.9151,4.9151,4.26429,4.55617
17,11.092,4.87544,4.87544,4.18678,4.47757
17,11.1556,4.8482,4.8482,4.13425,4.42432
17,11.208,4.82584,4.82584,4.09158,4.38108
17,11.324,4.77743,4.77743,3.9991,4.28741
17,11.4029,4.74533,4.74533,3.93781,4.22529
17,11.44,4.73035,4.73035,3.90942,4.19652
17,11.5,4.70633,4.70633,3.86414,4.15068
17,11.556,4.68413,4.68413,3.82257,4.10858
17,11.6557,4.64535,4.64535,3.75023,4.03524
17,11.672,4.63911,4.63911,3.73858,4.02342
17,11.788,4.59547,4.59547,3.65734,3.94119
17,11.904,4.55283,4.55283,3.57901,3.86171
17,11.9141,4.5492,4.5492,3.57235,3.85494
17,12,4.51852,4.51852,3.51636,3.79796
17,12.02,4.51147,4.51147,3.50353,3.78497
17,12.136,4.4713,4.4713,3.43074,3.71179
17,12.1782,4.45703,4.45703,3.405,3.68568
17,12.252,4.43241,4.43241,3.36087,3.64027
17,12.368,4.39394,4.39394,3.29364,3.57232
17,12.4482,4.36766,4.36766,3.24881,3.52791
17,12.484,4.35666,4.35666,3.22919,3.50807
17,12.5,4.35186,4.35186,3.22052,3.49912
17,12.6,4.32219,4.32219,3.16746,3.44438
17,12.716,4.28767,4.28767,3.10829,3.38676
17,12.7241,4.2853,4.2853,3.10425,3.38272
17,12.832,4.25394,4.25394,3.05177,3.32844
17,12.948,4.22063,4.22063,2.99774,3.27403
17,13,4.20651,4.20651,2.97433,3.25037
17,13.0062,4.20481,4.20481,2.97157,3.24757
17,13.064,4.189,4.189,2.94618,3.22179
17,13.18,4.15842,4.15842,2.89707,3.17212
17,13.2945,4.12865,4.12865,2.85086,3.12548
17,13.296,4.12827,4.12827,2.85028,3.12489
17,13.412,4.09909,4.09909,2.80575,3.07989
17,13.5,4.07711,4.07711,2.77348,3.04746
17,13.528,4.07033,4.07033,2.76348,3.03736
17,13.5893,4.05564,4.05564,2.74201,3.01572
17,13.644,4.04244,4.04244,2.7233,2.99695
17,13.76,4.01507,4.01507,2.68521,2.95869
17,13.876,3.98834,3.98834,2.64916,2.92263
17,13.8905,3.985,3.985,2.64477,2.91823
17,13.992,3.96185,3.96185,2.61492,2.88792
17,14,3.96007,3.96007,2.61263,2.8856
17,14.108,3.93649,3.93649,2.58269,2.85616
17,14.1985,3.91536,3.91536,2.5587,2.8325
17,14.224,3.90975,3.90975,2.55208,2.82597
17,14.34,3.88471,3.88471,2.52325,2.79743
17,14.456,3.85921,3.85921,2.49615,2.77063
17,14.5,3.85029,3.85029,2.48615,2.76091
17,14.5132,3.84759,3.84759,2.48319,2.75804
17,14.572,3.83547,3.83547,2.47036,2.7455
17,14.688,3.81157,3.81157,2.44687,2.72196
17,14.804,3.78702,3.78702,2.42405,2.69951
17,14.835,3.78045,3.78045,2.41804,2.69405
17,14.92,3.7632,3.7632,2.40213,2.67925
17,15,3.74857,3.74857,2.388,2.66586
17,15.036,3.74164,3.74164,2.38185,2.66005
17,15.152,3.71766,3.71766,2.36283,2.64213
17,15.1638,3.71526,3.71526,2.36097,2.64037
17,15.268,3.69385,3.69385,2.34514,2.62545
17,15.384,3.67067,3.67067,2.32855,2.60995
17,15.5,3.64719,3.64719,2.31293,2.59557
18,1,0,0,0,0
18,1.0219,0,0,0,0
18,1.04428,0,0,0,0
18,1.06715,0,0,0,0
18,1.09052,0,0,0,0
18,1.112,0,0,0,0
18,1.11441,0,0,0,0
18,1.13881,0,0,0,0
18,1.16375,0,0,0,0
18,1.18924,0,0,0,0
18,1.21529,0,0,0,0
18,1.224,0,0,0,0
18,1.2419,0,0,0,0
18,1.2691,0,0,0,0
18,1.29689,0,0,0,0
18,1.3253,0,0,0,0
18,1.336,0,0,0,0
18,1.35432,0,0,0,0
18,1.38398,0,0,0,0
18,1.41429,0,0,0,0
18,1.44527,0,0,0,0
18,1.448,0,0,0,0
18,1.47692,0,0,0,0
18,1.5,0,0,0,0
18,1.50927,0,0,0,0
18,1.54232,0,0,0,0
18,1.56,0,0,0,0
18,1.5761,0,0,0,0
18,1.61062,0,0,0,0
18,1.64589,0,0,0,0
18,1.672,0,0,0,0
18,1.68194,0,0,0,0
18,1.71877,0,0,0,0
18,1.75641,0,0,0,0
18,1.784,0,0,0,0
18,1.79488,0,0,0,0
18,1.83419,0,0,0,0
18,1.87436,0,0,0,0
18,1.896,0,0,0,0
18,1.91541,0,0,0,0
18,1.95736,0,0,0,0
18,2,0.189146,0.189146,0,0
18,2.00023,0.196477,0.196477,0,0
18,2.008,0.423258,0.423258,0,0
18,2.04403,1.19036,1.19036,0,0
18,2.0888,1.89978,1.89978,0,0
18,2.12,2.30778,2.30778,0,0
18,2.13455,2.47969,2.47969,0,0
18,2.18129,2.96953,2.96953,0,0
18,2.22907,3.39225,3.39225,0,0
18,2.232,3.41614,3.41614,0,0
18,2.27788,3.7639,3.7639,0,0
18,2.32777,4.0949,4.0949,0,0
18,2.344,4.19368,4.19368,0,0
18,2.37875,4.39263,4.39263,0,0
18,2.43085,4.66282,4.66282,0,0
18,2.456,4.78281,4.78281,0,0
18,2.48409,4.90971,4.90971,0,0
18,2.5,4.97854,4.97854,0,0
18,2.53849,5.13663,5.13663,0.311019,0
18,2.568,5.25048,5.25048,1.43585,0
18,2.59408,5.34627,5.34627,2.11897,1.05827
18,2.6509,5.54077,5.54077,3.16441,2.48458
18,2.68,5.63362,5.63362,3.56304,2.98576
18,2.70895,5.72188,5.72188,3.90213,3.39657
18,2.76828,5.89108,5.89108,4.46654,4.05995
18,2.792,5.95471,5.95471,4.65628,4.27927
18,2.82891,6.04958,6.04958,4.92182,4.58253
18,2.89086,6.19842,6.19842,5.3033,5.01076
18,2.904,6.22842,6.22842,5.37566,5.09112
18,2.95418,6.33846,6.33846,5.62937,5.37128
18,3,6.43303,6.43303,5.83428,5.59588
18,3.016,6.46481,6.46481,5.90076,5.66838
18,3.01888,6.47046,6.47046,5.91246,5.68111
18,3.08499,6.59507,6.59507,6.162,5.95159
18,3.128,6.67111,6.67111,6.30684,6.10764
18,3.15256,6.7129,6.7129,6.3842,6.19074
18,3.2216,6.82451,6.82451,6.58372,6.40434
18,3.24,6.85288,6.85288,6.63288,6.45681
18,3.29215,6.93034,6.93034,6.76414,6.5966
18,3.352,7.01418,7.01418,6.90165,6.74266
18,3.36425,7.03072,7.03072,6.92825,6.77089
18,3.43793,7.12574,7.12574,7.07825,6.92998
18,3.464,7.1576,7.1576,7.12756,6.98228
18,3.5,7.20021,7.20021,7.19275,7.05138
18,3.51323,7.21548,7.21548,7.21589,7.07586
18,3.576,7.28536,7.28536,7.32022,7.18556
18,3.59017,7.30057,7.30057,7.34258,7.20889
18,3.6688,7.3815,7.3815,7.4594,7.32971
18,3.688,7.40037,7.40037,7.48616,7.35719
18,3.74915,7.45826,7.45826,7.56714,7.44037
18,3.8,7.50388,7.50388,7.62986,7.50532
18,3.83126,7.5308,7.5308,7.66649,7.5435
18,3.912,7.59618,7.59618,7.75489,7.6354
18,3.91516,7.59862,7.59862,7.75819,7.6388
18,4,7.66091,7.66091,7.84189,7.72526
18,4.00091,7.66155,7.66155,7.84274,7.72614
18,4.024,7.67759,7.67759,7.86405,7.74829
18,4.08853,7.72035,7.72035,7.92047,7.80723
18,4.136,7.74976,7.74976,7.9592,7.84787
18,4.17807,7.77421,7.77421,7.99165,7.88226
18,4.248,7.81168,7.81168,8.04187,7.93579
18,4.26958,7.82254,7.82254,8.05646,7.95135
18,4.36,7.86453,7.86453,8.11311,8.01273
18,4.36308,7.86585,7.86585,8.11492,8.01472
18,4.45864,7.90317,7.90317,8.16699,8.07188
18,4.472,7.90791,7.90791,8.17368,8.07931
18,4.5,7.91751,7.91751,8.18723,8.09444
18,4.55629,7.93522,7.93522,8.21258,8.12308
18,4.584,7.94306,7.94306,8.22415,8.1364
18,4.65607,7.96069,7.96069,8.25145,8.1684
18,4.696,7.96893,7.96893,8.26487,8.18459
18,4.75805,7.9795,7.9795,8.28343,8.20752
18,4.808,7.98609,7.98609,8.29642,8.2241
18,4.86225,7.99141,7.99141,8.30858,8.24018
18,4.92,7.99486,7.99486,8.31925,8.25517
18,4.96874,7.99605,7.99605,8.32641,8.26612
18,5,7.99601,7.99601,8.33013,8.2723
18,5.032,7.99531,7.99531,8.33324,8.27802
18,5.07756,7.99313,7.99313,8.33646,8.28497
18,5.144,7.98763,7.98763,8.33861,8.2928
18,5.18876,7.98238,7.98238,8.33831,8.29647
18,5.256,7.97219,7.97219,8.33514,8.29969
18,5.3024,7.96375,7.96375,8.33104,8.3003
18,5.368,7.94987,7.94987,8.32292,8.29893
18,5.41852,7.93758,7.93758,8.31504,8.29614
18,5.48,7.92085,7.92085,8.3036,8.29072
18,5.5,7.91496,7.91496,8.29942,8.28848
18,5.53719,7.90345,7.90345,8.29106,8.28368
18,5.592,7.88523,7.88523,8.27738,8.27516
18,5.65846,7.86117,7.86117,8.25834,8.26257
18,5.704,7.84349,7.84349,8.24376,8.25253
18,5.78239,7.81098,7.81098,8.21588,8.23258
18,5.816,7.79622,7.79622,8.20285,8.22303
18,5.90903,7.7532,7.7532,8.16345,8.19354
18,5.928,7.74403,7.74403,8.15485,8.18699
18,6,7.70819,7.70819,8.12052,8.16048
18,6.03844,7.68836,7.68836,8.10114,8.14529
18,6.04,7.68754,7.68754,8.10034,8.14466
18,6.152,7.62726,7.62726,8.03977,8.09636
18,6.17068,7.61688,7.61688,8.02911,8.08774
18,6.264,7.56376,7.56376,7.97361,8.04236
18,6.30583,7.53931,7.53931,7.94754,8.02083
18,6.376,7.49748,7.49748,7.90222,7.98302
18,6.44393,7.45613,7.45613,7.85655,7.94454
18,6.488,7.42889,7.42889,7.826,7.91864
18,6.5,7.42142,7.42142,7.81757,7.91146
18,6.58506,7.36789,7.36789,7.75631,7.85897
18,6.6,7.35839,7.35839,7.74528,7.84947
18,6.712,7.28635,7.28635,7.66037,7.77589
18,6.72927,7.27512,7.27512,7.64691,7.76416
18,6.824,7.2131,7.2131,7.5715,7.69809
18,6.87665,7.17833,7.17833,7.52842,7.66018
18,6.936,7.13894,7.13894,7.47891,7.61641
18,7,7.09625,7.09625,7.42441,7.56808
18,7.02725,7.07802,7.07802,7.40086,7.54717
18,7.048,7.06413,7.06413,7.3828,7.53111
18,7.16,6.98891,6.98891,7.28336,7.44238
18,7.18116,6.97468,6.97468,7.26421,7.42526
18,7.272,6.91352,6.91352,7.18075,7.35044
18,7.33843,6.86879,6.86879,7.11844,7.29441
18,7.384,6.83814,6.83814,7.0751,7.25535
18,7.496,6.76296,6.76296,6.9666,7.15735
18,7.49915,6.76085,6.76085,6.96352,7.15456
18,7.5,6.76028,6.76028,6.96268,7.1538
18,7.608,6.68815,6.68815,6.85533,7.05661
18,7.66338,6.65134,6.65134,6.79933,7.00578
18,7.72,6.61388,6.61388,6.7414,6.95314
18,7.83122,6.54079,6.54079,6.62575,6.84782
18,7.832,6.54028,6.54028,6.62493,6.84707
18,7.944,6.46751,6.46751,6.50598,6.73853
18,8,6.43148,6.43148,6.44561,6.68335
18,8.00273,6.42973,6.42973,6.44265,6.68065
18,8.056,6.39568,6.39568,6.38465,6.6276
18,8.168,6.32491,6.32491,6.26106,6.51437
18,8.17799,6.31865,6.31865,6.24992,6.50415
18,8.28,6.25534,6.25534,6.13532,6.39894
18,8.3571,6.20821,6.20821,6.04753,6.31824
18,8.392,6.18709,6.18709,6.0075,6.2814
18,8.5,6.12263,6.12263,5.88236,6.16616
18,8.504,6.12027,6.12027,5.8777,6.16186
18,8.54013,6.09904,6.09904,5.83546,6.12288
18,8.616,6.055,6.055,5.74606,6.04041
18,8.72716,5.99185,5.99185,5.6138,5.91811
18,8.728,5.99138,5.99138,5.6128,5.91718
18,8.84,5.92951,5.92951,5.47811,5.79229
18,8.91829,5.88735,5.88735,5.38317,5.70406
18,8.952,5.86949,5.86949,5.34218,5.66588
18,9,5.84436,5.84436,5.28352,5.61129
18,9.064,5.81142,5.81142,5.20519,5.53813
18,9.11361,5.78633,5.78633,5.14431,5.48117
18,9.176,5.75536,5.75536,5.06751,5.40923
18,9.288,5.70135,5.70135,4.92954,5.27939
18,9.31321,5.68946,5.68946,4.89849,5.25008
18,9.4,5.6493,5.6493,4.7917,5.14886
18,9.5,5.60406,5.60406,4.66906,5.03197
18,9.512,5.59867,5.59867,4.6544,5.01794
18,9.51717,5.59635,5.59635,4.64808,5.0119
18,9.624,5.54822,5.54822,4.51808,4.88696
18,9.72561,5.50181,5.50181,4.39579,4.76839
18,9.736,5.497,5.497,4.38338,4.75628
18,9.848,5.44453,5.44453,4.25098,4.62624
18,9.9386,5.40206,5.40206,4.14607,4.52167
18,9.96,5.3922,5.3922,4.12154,4.49707
18,10,5.37388,5.37388,4.07604,4.45127
18,10.072,5.34076,5.34076,3.99559,4.36941
18,10.1563,5.30072,5.30072,3.90339,4.27494
18,10.184,5.28716,5.28716,3.87366,4.24415
18,10.296,5.23401,5.23401,3.75606,4.1218
18,10.3787,5.1969,5.1969,3.67237,4.03363
18,10.408,5.18354,5.18354,3.6433,4.00283
18,10.5,5.14024,5.14024,3.55502,3.908
18,10.52,5.13082,5.13082,3.53638,3.88771
18,10.606,5.09115,5.09115,3.4588,3.80219
18,10.632,5.07933,5.07933,3.43614,3.77685
18,10.744,5.02899,5.02899,3.34239,3.67073
18,10.8383,4.98666,4.98666,3.26842,3.58526
18,10.856,4.97866,4.97866,3.25502,3.56961
18,10.968,4.9288,4.9288,3.17395,3.47389
18,11,4.91488,4.91488,3.15191,3.44749
18,11.0756,4.88232,4.88232,3.10177,3.38699
18,11.08,4.88046,4.88046,3.09895,3.38359
18,11.192,4.83271,4.83271,3.02981,3.29903
18,11.304,4.78561,4.78561,2.96654,3.21996
18,11.3182,4.77971,4.77971,2.95892,3.21035
18,11.416,4.73988,4.73988,2.90872,3.1467
18,11.5,4.7063,4.7063,2.86894,3.09514
18,11.528,4.6952,4.6952,2.85634,3.07868
18,11.5661,4.68018,4.68018,2.83971,3.05689
18,11.64,4.65139,4.65139,2.80898,3.01635
18,11.752,4.60877,4.60877,2.7662,2.95879
18,11.8194,4.58376,4.58376,2.74274,2.92684
18,11.864,4.56742,4.56742,2.72805,2.90652
18,11.976,4.52699,4.52699,2.69369,2.85753
18,12,4.51848,4.51848,2.68683,2.84768
18,12.0782,4.49113,4.49113,2.66583,2.81738
18,12.088,4.48776,4.48776,2.66335,2.81375
18,12.2,4.44962,4.44962,2.63643,2.77409
18,12.312,4.41264,4.41264,2.61301,2.73926
18,12.3428,4.40268,4.40268,2.60728,2.73041
18,12.424,4.37658,4.37658,2.59268,2.70814
18,12.5,4.35198,4.35198,2.57996,2.68892
18,12.536,4.34023,4.34023,2.5743,2.68034
18,12.6131,4.31672,4.31672,2.56303,2.66302
18,12.648,4.30683,4.30683,2.55829,2.65564
18,12.76,4.27492,4.27492,2.54454,2.63383
18,12.872,4.24286,4.24286,2.53281,2.61465
18,12.8893,4.23813,4.23813,2.53116,2.61191
18,12.984,4.21339,4.21339,2.52286,2.5979
18,13,4.20908,4.20908,2.52158,2.59569
18,13.096,4.1813,4.1813,2.51424,2.58333
18,13.1716,4.16012,4.16012,2.50911,2.57464
18,13.208,4.15052,4.15052,2.50694,2.57076
18,13.32,4.1213,4.1213,2.50133,2.55997
18,13.432,4.09313,4.09313,2.4969,2.55083
18,13.4601,4.08631,4.08631,2.49595,2.54877
18,13.5,4.07652,4.07652,2.49468,2.546
18,13.544,4.06574,4.06574,2.49341,2.54315
18,13.656,4.03929,4.03929,2.49076,2.53675
18,13.7549,4.01596,4.01596,2.48901,2.5321
18,13.768,4.01293,4.01293,2.48882,2.53154
18,13.88,3.98711,3.98711,2.48755,2.5274
18,13.992,3.96175,3.96175,2.48696,2.52419
18,14,3.95997,3.95997,2.48696,2.52399
18,14.0561,3.94749,3.94749,2.48732,2.52273
18,14.104,3.93677,3.93677,2.48765,2.5218
18,14.216,3.91232,3.91232,2.4875,2.52011
18,14.328,3.88812,3.88812,2.48794,2.51903
18,14.3639,3.88033,3.88033,2.48817,2.51881
18,14.44,3.86422,3.86422,2.48876,2.51853
18,14.5,3.85189,3.85189,2.48932,2.51847
18,14.552,3.8406,3.8406,2.48986,2.51854
18,14.664,3.81664,3.81664,2.49122,2.51896
18,14.6785,3.81377,3.81377,2.49141,2.51904
18,14.776,3.79245,3.79245,2.49276,2.51972
18,14.888,3.76995,3.76995,2.49445,2.52074
18,15,3.74766,3.74766,2.49625,2.52207
