ID,time,pop,popPred,indivPredMean,indivPredMode
7,1,0,0,0,0
7,1.02243,0,0,0,0
7,1.04536,0,0,0,0
7,1.06881,0,0,0,0
7,1.09278,0,0,0,0
7,1.11729,0,0,0,0
7,1.12,0,0,0,0
7,1.14235,0,0,0,0
7,1.16797,0,0,0,0
7,1.19416,0,0,0,0
7,1.22095,0,0,0,0
7,1.24,0,0,0,0
7,1.24833,0,0,0,0
7,1.27633,0,0,0,0
7,1.30495,0,0,0,0
7,1.33422,0,0,0,0
7,1.36,0,0,0,0
7,1.36415,0,0,0,0
7,1.39474,0,0,0,0
7,1.42603,0,0,0,0
7,1.45801,0,0,0,0
7,1.48,0,0,0,0
7,1.49071,0,0,0,0
7,1.5,0,0,0,0
7,1.52414,0,0,0,0
7,1.55833,0,0,0,0
7,1.59328,0,0,0,0
7,1.6,0,0,0,0
7,1.62902,0,0,0,0
7,1.66555,0,0,0,0
7,1.70291,0,0,0,0
7,1.72,0,0,0,0
7,1.7411,0,0,0,0
7,1.78015,0,0,0,0
7,1.82008,0,0,0,0
7,1.84,0,0,0,0
7,1.8609,0,0,0,0
7,1.90264,0,0,0,0
7,1.94531,0,0,0,0
7,1.96,0,0,0,0
7,1.98894,0,0,0,0
7,2,0,0,0,0
7,2.03355,0,0,0,0
7,2.07916,0,0,0,0
7,2.08,0,0,0,0
7,2.12579,0,0,0,0
7,2.17347,0,0,0,0
7,2.2,0,0,0,0
7,2.22222,0,0,0,0
7,2.27206,0,0,0,0
7,2.32,0.0627476,0.0627476,0,0
7,2.32302,0.0745137,0.0745137,0,0
7,2.37512,0.264378,0.264378,0,0
7,2.42839,0.436188,0.436188,0,0
7,2.44,0.471065,0.471065,0,0
7,2.48285,0.592791,0.592791,0,0
7,2.5,0.638645,0.638645,0,0
7,2.53854,0.736417,0.736417,0,0
7,2.56,0.787912,0.787912,0,0
7,2.59548,0.868859,0.868859,0,0
7,2.65369,0.991522,0.991522,0,0
7,2.68,1.04325,1.04325,0,0
7,2.71321,1.10557,1.10557,0,0
7,2.77406,1.21197,1.21197,0,0
7,2.8,1.25453,1.25453,0,0
7,2.83628,1.31151,1.31151,0,0
7,2.89989,1.40487,1.40487,0,0
7,2.92,1.43278,1.43278,0,0
7,2.96493,1.4926,1.4926,0,0
7,3,1.537,1.537,0,0
7,3.03143,1.57521,1.57521,0,0
7,3.04,1.58537,1.58537,0,0
7,3.09942,1.6531,1.6531,0,0
7,3.16,1.71755,1.71755,0,0
7,3.16894,1.72669,1.72669,0,0
7,3.24001,1.79633,1.79633,0,0
7,3.28,1.83325,1.83325,0,0
7,3.31268,1.86229,1.86229,0,0
7,3.38698,1.92475,1.92475,0,0
7,3.4,1.9352,1.9352,0,0
7,3.46295,1.98374,1.98374,0,0
7,3.5,2.01084,2.01084,0,0
7,3.52,2.02506,2.02506,0,0
7,3.54062,2.03942,2.03942,0,0
7,3.62003,2.09224,2.09224,0,0
7,3.64,2.10493,2.10493,0,0
7,3.70122,2.14238,2.14238,0,0
7,3.76,2.17636,2.17636,0,0
7,3.78423,2.18981,2.18981,0,0
7,3.86911,2.23444,2.23444,0,0
7,3.88,2.23987,2.23987,0,0
7,3.95588,2.27581,2.27581,0,0
7,4,2.29539,2.29539,0,0
7,4.04461,2.31433,2.31433,0,0
7,4.12,2.34427,2.34427,0.0225758,0
7,4.13532,2.35002,2.35002,0.0506037,0
7,4.22807,2.38215,2.38215,0.218188,0.0880882
7,4.24,2.38598,2.38598,0.239496,0.109176
7,4.3229,2.41097,2.41097,0.386111,0.254285
7,4.36,2.42116,2.42116,0.450817,0.318361
7,4.41986,2.43616,2.43616,0.554166,0.420575
7,4.48,2.44968,2.44968,0.656707,0.521995
7,4.5,2.45388,2.45388,0.69049,0.555427
7,4.51899,2.45772,2.45772,0.722427,0.587022
7,4.6,2.47228,2.47228,0.857285,0.72031
7,4.62034,2.47544,2.47544,0.890789,0.753426
7,4.72,2.48837,2.48837,1.05275,0.913505
7,4.72397,2.4888,2.4888,1.05914,0.91981
7,4.82992,2.49772,2.49772,1.22743,1.08605
7,4.84,2.49833,2.49833,1.24323,1.10166
7,4.93825,2.50204,2.50204,1.39547,1.25202
7,4.96,2.50233,2.50233,1.42873,1.28486
7,5,2.50237,2.50237,1.48948,1.34484
7,5.04901,2.50153,2.50153,1.56311,1.41759
7,5.08,2.50049,2.50049,1.60926,1.46314
7,5.16225,2.49597,2.49597,1.73009,1.58247
7,5.2,2.493,2.493,1.78471,1.63644
7,5.27803,2.48527,2.48527,1.89595,1.74634
7,5.32,2.48027,2.48027,1.95482,1.80454
7,5.39641,2.46971,2.46971,2.06014,1.90873
7,5.44,2.46281,2.46281,2.11912,1.96711
7,5.5,2.45231,2.45231,2.19889,2.04618
7,5.51744,2.44903,2.44903,2.22177,2.06887
7,5.56,2.44063,2.44063,2.27692,2.12364
7,5.64119,2.42308,2.42308,2.37949,2.22566
7,5.68,2.414,2.414,2.42716,2.27322
7,5.76772,2.39198,2.39198,2.53141,2.37749
7,5.8,2.38335,2.38335,2.56843,2.41469
7,5.89708,2.35592,2.35592,2.6749,2.52218
7,5.92,2.34914,2.34914,2.69889,2.54655
7,6,2.3246,2.3246,2.77877,2.6282
7,6.02934,2.31528,2.31528,2.8065,2.65674
7,6.04,2.31185,2.31185,2.81635,2.66691
7,6.16,2.27188,2.27188,2.91855,2.77366
7,6.16457,2.27031,2.27031,2.92211,2.77742
7,6.28,2.22965,2.22965,3.00345,2.86478
7,6.30283,2.22138,2.22138,3.01751,2.88021
7,6.4,2.1855,2.1855,3.06972,2.93873
7,6.44419,2.16882,2.16882,3.08931,2.96142
7,6.5,2.14748,2.14748,3.11042,2.98656
7,6.52,2.13977,2.13977,3.117,2.99463
7,6.58873,2.11298,2.11298,3.13574,3.01859
7,6.64,2.09276,2.09276,3.14599,3.03275
7,6.7365,2.05422,2.05422,3.15712,3.05115
7,6.76,2.04475,2.04475,3.15831,3.05407
7,6.88,1.99597,1.99597,3.15617,3.0604
7,6.88759,1.99286,1.99286,3.1556,3.06035
7,7,1.94665,1.94665,3.14216,3.05399
7,7.04207,1.92926,1.92926,3.13489,3.04922
7,7.12,1.89696,1.89696,3.1187,3.03735
7,7.20002,1.86372,1.86372,3.09884,3.02154
7,7.24,1.84709,1.84709,3.08785,3.01247
7,7.36,1.79719,1.79719,3.0511,2.98118
7,7.3615,1.79657,1.79657,3.05061,2.98075
7,7.48,1.74741,1.74741,3.00978,2.9448
7,7.5,1.73913,1.73913,3.00255,2.93833
7,7.52661,1.72813,1.72813,2.9928,2.92957
7,7.6,1.69787,1.69787,2.96522,2.90451
7,7.69542,1.65874,1.65874,2.928,2.87027
7,7.72,1.64871,1.64871,2.91818,2.86119
7,7.84,1.60002,1.60002,2.86921,2.81557
7,7.86802,1.58874,1.58874,2.85756,2.80465
7,7.96,1.55193,1.55193,2.8189,2.76823
7,8,1.53605,1.53605,2.8019,2.75216
7,8.04448,1.51847,1.51847,2.78288,2.73415
7,8.08,1.50451,1.50451,2.76763,2.71968
7,8.2,1.45787,1.45787,2.7158,2.67037
7,8.22491,1.44829,1.44829,2.705,2.66006
7,8.32,1.4121,1.4121,2.6637,2.62049
7,8.40938,1.37864,1.37864,2.62488,2.58318
7,8.44,1.3673,1.3673,2.61159,2.57039
7,8.5,1.34529,1.34529,2.58561,2.54533
7,8.56,1.32355,1.32355,2.55971,2.52034
7,8.59799,1.30993,1.30993,2.54337,2.50456
7,8.68,1.28093,1.28093,2.50827,2.47061
7,8.79083,1.24265,1.24265,2.46122,2.42509
7,8.8,1.23953,1.23953,2.45735,2.42135
7,8.92,1.19941,1.19941,2.40716,2.37262
7,8.988,1.17727,1.17727,2.37909,2.34528
7,9,1.17341,1.17341,2.37417,2.34048
7,9.04,1.16065,1.16065,2.35782,2.32452
7,9.16,1.12331,1.12331,2.30945,2.2772
7,9.18959,1.11433,1.11433,2.29768,2.26566
7,9.28,1.08742,1.08742,2.2621,2.23072
7,9.3957,1.05417,1.05417,2.2174,2.1853
7,9.4,1.05295,1.05295,2.21576,2.18356
7,9.5,1.02503,1.02503,2.17811,2.1419
7,9.52,1.01949,1.01949,2.17068,2.13326
7,9.60643,0.99548,0.99548,2.13894,2.09476
7,9.64,0.986103,0.986103,2.12674,2.0793
7,9.76,0.952041,0.952041,2.08344,2.02179
7,9.82189,0.934081,0.934081,2.06108,1.99082
7,9.88,0.917151,0.917151,2.03989,1.96096
7,10,0.882908,0.882908,1.9947,1.89696
7,10.0422,0.870977,0.870977,1.97808,1.87373
7,10.12,0.848503,0.848503,1.9458,1.8299
7,10.24,0.812447,0.812447,1.89157,1.75991
7,10.2674,0.804516,0.804516,1.87849,1.74354
7,10.36,0.778808,0.778808,1.83245,1.6871
7,10.48,0.744274,0.744274,1.7694,1.6115
7,10.4977,0.739107,0.739107,1.7598,1.60011
7,10.5,0.738434,0.738434,1.75854,1.59861
7,10.6,0.709896,0.709896,1.70274,1.53314
7,10.72,0.676505,0.676505,1.63236,1.45212
7,10.7331,0.672876,0.672876,1.62442,1.44312
7,10.84,0.643138,0.643138,1.55813,1.36896
7,10.96,0.610125,0.610125,1.48034,1.28351
7,10.9739,0.606392,0.606392,1.47113,1.27349
7,11,0.599388,0.599388,1.45363,1.25451
7,11.08,0.578098,0.578098,1.39905,1.19568
7,11.2,0.546468,0.546468,1.31442,1.10552
7,11.22,0.541232,0.541232,1.29998,1.09028
7,11.32,0.515394,0.515394,1.22625,1.01318
7,11.44,0.485327,0.485327,1.13457,0.918658
7,11.4716,0.477492,0.477492,1.10985,0.893403
7,11.5,0.470507,0.470507,1.08752,0.870658
7,11.56,0.455845,0.455845,1.03972,0.822174
7,11.68,0.427088,0.427088,0.941799,0.723346
7,11.7289,0.415639,0.415639,0.900858,0.682053
7,11.8,0.399273,0.399273,0.840128,0.621591
7,11.92,0.372142,0.372142,0.734897,0.519731
7,11.992,0.35625,0.35625,0.670756,0.458461
7,12,0.354503,0.354503,0.663597,0.451607
7,12.04,0.345827,0.345827,0.62775,0.417132
7,12.16,0.320297,0.320297,0.519371,0.312207
7,12.261,0.299476,0.299476,0.426623,0.221672
7,12.28,0.295613,0.295613,0.408918,0.204434
7,12.4,0.271439,0.271439,0.295806,0.0948859
7,12.5,0.251199,0.251199,0.198958,0.0028062
7,12.52,0.247333,0.247333,0.179215,0
7,12.536,0.244355,0.244355,0.163397,0
7,12.64,0.225693,0.225693,0.0593962,0
7,12.76,0.203977,0.203977,0,0
7,12.8171,0.193902,0.193902,0,0
7,12.88,0.183383,0.183383,0,0
7,13,0.162673,0.162673,0,0
7,13.1046,0.144257,0.144257,0,0
7,13.12,0.141677,0.141677,0,0
7,13.24,0.122076,0.122076,0,0
7,13.36,0.102016,0.102016,0,0
7,13.3985,0.096398,0.096398,0,0
7,13.48,0.0851264,0.0851264,0,0
7,13.5,0.0823149,0.0823149,0,0
7,13.6,0.0674038,0.0674038,0,0
7,13.699,0.0520478,0.0520478,0,0
7,13.72,0.049075,0.049075,0,0
7,13.84,0.0329474,0.0329474,0,0
7,13.96,0.0161894,0.0161894,0,0
7,14,0.0107,0.0107,0,0
7,14.0063,0.00985627,0.00985627,0,0
7,14.08,0.000316429,0.000316429,0,0
7,14.2,0,0,0,0
7,14.32,0,0,0,0
7,14.3204,0,0,0,0
7,14.44,0,0,0,0
7,14.5,0,0,0,0
7,14.56,0,0,0,0
7,14.6416,0,0,0,0
7,14.68,0,0,0,0
7,14.8,0,0,0,0
7,14.92,0,0,0,0
7,14.97,0,0,0,0
7,15,0,0,0,0
7,15.04,0,0,0,0
7,15.16,0,0,0,0
7,15.28,0,0,0,0
7,15.3057,0,0,0,0
7,15.4,0,0,0,0
7,15.5,0,0,0,0
7,15.52,0,0,0,0
7,15.64,0,0,0,0
7,15.649,0,0,0,0
7,15.76,0,0,0,0
7,15.88,0,0,0,0
7,16,0,0,0,0
8,1,0,0,0,0
8,1.02405,0,0,0,0
8,1.04867,0,0,0,0
8,1.07389,0,0,0,0
8,1.09972,0,0,0,0
8,1.12616,0,0,0,0
8,1.148,0,0,0,0
8,1.15325,0,0,0,0
8,1.18098,0,0,0,0
8,1.20938,0,0,0,0
8,1.23846,0,0,0,0
8,1.26824,0,0,0,0
8,1.296,0,0,0,0
8,1.29874,0,0,0,0
8,1.32997,0,0,0,0
8,1.36196,0,0,0,0
8,1.39471,0,0,0,0
8,1.42825,0,0,0,0
8,1.444,0,0,0,0
8,1.4626,0,0,0,0
8,1.49777,0,0,0,0
8,1.5,0,0,0,0
8,1.53379,0,0,0,0
8,1.57067,0,0,0,0
8,1.592,0,0,0,0
8,1.60844,0,0,0,0
8,1.64712,0,0,0,0
8,1.68673,0,0,0,0
8,1.72729,0,0,0,0
8,1.74,0,0,0,0
8,1.76883,0,0,0,0
8,1.81137,0,0,0,0
8,1.85493,0,0,0,0
8,1.888,0,0,0,0
8,1.89954,0,0,0,0
8,1.94522,0,0,0,0
8,1.99199,0,0,0,0
8,2,0,0,0,0
8,2.036,0,0,0,0
8,2.0399,0,0,0,0
8,2.08895,0,0,0,0
8,2.13919,0,0,0,0
8,2.184,0,0,0,0
8,2.19063,0,0,0,0
8,2.24331,0,0,0,0
8,2.29726,0,0,0,0
8,2.332,0.109003,0.109003,0,0
8,2.3525,0.184888,0.184888,0,0
8,2.40907,0.37622,0.37622,0,0
8,2.46701,0.549005,0.549005,0.297665,0
8,2.48,0.585005,0.585005,0.38803,0
8,2.5,0.638645,0.638645,0.51512,0.00280804
8,2.52633,0.706208,0.706208,0.664078,0.201012
8,2.58709,0.850165,0.850165,0.948349,0.561377
8,2.628,0.938848,0.938848,1.10555,0.752081
8,2.6493,0.982679,0.982679,1.17911,0.839798
8,2.71301,1.10521,1.10521,1.37249,1.06647
8,2.776,1.21521,1.21521,1.53296,1.25082
8,2.77825,1.21896,1.21896,1.53823,1.25683
8,2.84506,1.32489,1.32489,1.68254,1.42017
8,2.91348,1.42381,1.42381,1.80994,1.56261
8,2.924,1.43824,1.43824,1.82799,1.58267
8,2.98355,1.51641,1.51641,1.92343,1.68844
8,3,1.537,1.537,1.948,1.71554
8,3.05529,1.60326,1.60326,2.02554,1.80072
8,3.072,1.62243,1.62243,2.04754,1.82482
8,3.12877,1.68487,1.68487,2.1179,1.90166
8,3.20401,1.76172,1.76172,2.20204,1.99301
8,3.22,1.77726,1.77726,2.2187,2.01108
8,3.28106,1.8342,1.8342,2.27901,2.07628
8,3.35996,1.90259,1.90259,2.34958,2.15277
8,3.368,1.90925,1.90925,2.35637,2.16012
8,3.44076,1.96701,1.96701,2.41486,2.22292
8,3.5,2.01084,2.01084,2.45839,2.26936
8,3.516,2.02224,2.02224,2.46971,2.28124
8,3.5235,2.02752,2.02752,2.47494,2.28673
8,3.60824,2.08464,2.08464,2.53054,2.34554
8,3.664,2.11987,2.11987,2.56441,2.38135
8,3.69501,2.13868,2.13868,2.5823,2.40027
8,3.78386,2.18961,2.18961,2.63024,2.45109
8,3.812,2.20485,2.20485,2.64449,2.46629
8,3.87486,2.23731,2.23731,2.67478,2.4986
8,3.96,2.27768,2.27768,2.71267,2.53917
8,3.96804,2.28129,2.28129,2.71608,2.54283
8,4,2.29539,2.29539,2.72933,2.55709
8,4.06346,2.32207,2.32207,2.75434,2.58421
8,4.108,2.33969,2.33969,2.77091,2.60224
8,4.16118,2.35942,2.35942,2.7897,2.62279
8,4.256,2.39102,2.39102,2.82059,2.65689
8,4.26125,2.39265,2.39265,2.8222,2.65869
8,4.36372,2.42214,2.42214,2.85199,2.69194
8,4.404,2.43236,2.43236,2.86274,2.70409
8,4.46866,2.44723,2.44723,2.87896,2.72257
8,4.5,2.45388,2.45388,2.88643,2.7311
8,4.552,2.46403,2.46403,2.8981,2.74465
8,4.57612,2.46833,2.46833,2.90323,2.75069
8,4.68617,2.48445,2.48445,2.92465,2.77634
8,4.7,2.48611,2.48611,2.9271,2.77934
8,4.79886,2.49557,2.49557,2.94329,2.79954
8,4.848,2.49879,2.49879,2.95033,2.80876
8,4.91426,2.5015,2.5015,2.95886,2.82027
8,4.996,2.50239,2.50239,2.9678,2.83312
8,5,2.50237,2.50237,2.9682,2.83371
8,5.03244,2.50192,2.50192,2.97126,2.83837
8,5.144,2.49719,2.49719,2.97978,2.85267
8,5.15346,2.49657,2.49657,2.98037,2.85377
8,5.27739,2.48534,2.48534,2.98606,2.8665
8,5.292,2.48368,2.48368,2.9865,2.8678
8,5.4043,2.4685,2.4685,2.98821,2.87632
8,5.44,2.46281,2.46281,2.98815,2.87851
8,5.5,2.45231,2.45231,2.98741,2.88161
8,5.53426,2.44578,2.44578,2.98664,2.88306
8,5.588,2.4348,2.4348,2.98492,2.88484
8,5.66735,2.417,2.417,2.98122,2.88638
8,5.736,2.40017,2.40017,2.97688,2.88661
8,5.80364,2.38236,2.38236,2.97149,2.88582
8,5.884,2.35974,2.35974,2.96376,2.88364
8,5.94321,2.34215,2.34215,2.95712,2.88119
8,6,2.3246,2.3246,2.95003,2.87817
8,6.032,2.31442,2.31442,2.94573,2.87618
8,6.08613,2.29677,2.29677,2.93796,2.87237
8,6.18,2.26499,2.26499,2.92307,2.86441
8,6.23249,2.24661,2.24661,2.91398,2.85923
8,6.328,2.21219,2.21219,2.89608,2.84849
8,6.38236,2.19209,2.19209,2.88515,2.84164
8,6.476,2.15669,2.15669,2.86508,2.8286
8,6.5,2.14748,2.14748,2.85969,2.82501
8,6.53585,2.13362,2.13362,2.85147,2.81947
8,6.624,2.09909,2.09909,2.83038,2.80491
8,6.69302,2.07165,2.07165,2.813,2.79263
8,6.772,2.0399,2.0399,2.79224,2.77765
8,6.85397,2.0066,2.0066,2.76974,2.76107
8,6.92,1.97958,1.97958,2.75093,2.74698
8,7,1.94664,1.94664,2.72739,2.72904
8,7.0188,1.93888,1.93888,2.72173,2.72469
8,7.068,1.91852,1.91852,2.70672,2.71309
8,7.18758,1.86888,1.86888,2.669,2.6835
8,7.216,1.85707,1.85707,2.65978,2.67619
8,7.36043,1.79701,1.79701,2.61157,2.63742
8,7.364,1.79553,1.79553,2.61035,2.63643
8,7.5,1.73913,1.73913,2.56286,2.59756
8,7.512,1.73417,1.73417,2.55858,2.59402
8,7.53743,1.72366,1.72366,2.54946,2.58648
8,7.66,1.67323,1.67323,2.50459,2.54908
8,7.71869,1.64924,1.64924,2.48258,2.53058
8,7.808,1.61295,1.61295,2.44849,2.50177
8,7.90431,1.57416,1.57416,2.41092,2.46982
8,7.956,1.55352,1.55352,2.39043,2.45229
8,8,1.53605,1.53605,2.37281,2.43716
8,8.09439,1.49887,1.49887,2.33443,2.40407
8,8.104,1.49512,1.49512,2.33048,2.40066
8,8.252,1.43793,1.43793,2.26867,2.34705
8,8.28905,1.42382,1.42382,2.25293,2.33333
8,8.4,1.38212,1.38212,2.20511,2.2915
8,8.48838,1.34953,1.34953,2.16627,2.25746
8,8.5,1.34529,1.34529,2.16112,2.25294
8,8.548,1.32787,1.32787,2.13972,2.23416
8,8.69251,1.27656,1.27656,2.07423,2.17659
8,8.696,1.27534,1.27534,2.07263,2.17518
8,8.844,1.22467,1.22467,2.00389,2.11442
8,8.90155,1.20549,1.20549,1.97673,2.09041
8,8.992,1.17599,1.17599,1.93356,2.05216
8,9,1.17341,1.17341,1.92971,2.04874
8,9.11561,1.13696,1.13696,1.87364,1.99889
8,9.14,1.12943,1.12943,1.86169,1.98826
8,9.288,1.08508,1.08508,1.78836,1.9229
8,9.33482,1.0715,1.0715,1.76487,1.90192
8,9.436,1.04284,1.04284,1.71364,1.85614
8,9.5,1.02502,1.02502,1.68094,1.82686
8,9.5593,1.00857,1.00857,1.65041,1.79951
8,9.584,1.00171,1.00171,1.63765,1.78806
8,9.732,0.960069,0.960069,1.56051,1.71877
8,9.78919,0.943581,0.943581,1.53041,1.69169
8,9.88,0.917151,0.917151,1.48235,1.64836
8,10,0.882885,0.882885,1.41838,1.59054
8,10.0246,0.875932,0.875932,1.40521,1.57861
8,10.028,0.874968,0.874968,1.40338,1.57696
8,10.176,0.831641,0.831641,1.32384,1.50467
8,10.2657,0.805011,0.805011,1.27547,1.46059
8,10.324,0.788722,0.788722,1.24399,1.4318
8,10.472,0.746638,0.746638,1.16416,1.35845
8,10.5,0.738457,0.738457,1.14908,1.34451
8,10.5125,0.73481,0.73481,1.14234,1.33827
8,10.62,0.704275,0.704275,1.08473,1.2846
8,10.7653,0.663955,0.663955,1.00756,1.21198
8,10.768,0.663218,0.663218,1.00616,1.21065
8,10.916,0.622064,0.622064,0.928883,1.13691
8,11,0.599372,0.599372,0.88577,1.09523
8,11.0242,0.592909,0.592909,0.873473,1.08325
8,11.064,0.582335,0.582335,0.853423,1.06363
8,11.212,0.54333,0.54333,0.780438,0.991409
8,11.2893,0.523237,0.523237,0.743424,0.954133
8,11.36,0.505271,0.505271,0.71038,0.920369
8,11.5,0.470505,0.470505,0.64722,0.85464
8,11.508,0.468541,0.468541,0.64371,0.850935
8,11.5608,0.455647,0.455647,0.620829,0.826588
8,11.656,0.432771,0.432771,0.580891,0.783239
8,11.804,0.39835,0.39835,0.52209,0.71769
8,11.8388,0.390424,0.390424,0.508897,0.702788
8,11.952,0.365036,0.365036,0.467656,0.655361
8,12,0.354499,0.354499,0.450916,0.63551
8,12.1,0.332971,0.332971,0.417632,0.594999
8,12.1235,0.327977,0.327977,0.410089,0.585778
8,12.248,0.302101,0.302101,0.371728,0.539939
8,12.396,0.272307,0.272307,0.330284,0.487524
8,12.4151,0.268474,0.268474,0.325257,0.481039
8,12.5,0.251267,0.251267,0.303745,0.453058
8,12.544,0.242758,0.242758,0.293161,0.43908
8,12.692,0.21631,0.21631,0.2601,0.394096
8,12.7136,0.212406,0.212406,0.255579,0.387767
8,12.84,0.189909,0.189909,0.230778,0.352642
8,12.988,0.165056,0.165056,0.204827,0.314877
8,13,0.16289,0.16289,0.202872,0.311951
8,13.0194,0.159375,0.159375,0.199766,0.307271
8,13.136,0.139022,0.139022,0.18216,0.280333
8,13.284,0.114809,0.114809,0.162497,0.249209
8,13.3325,0.106527,0.106527,0.156749,0.239691
8,13.432,0.091459,0.091459,0.145464,0.22112
8,13.5,0.0821543,0.0821543,0.138317,0.20918
8,13.58,0.070588,0.070588,0.130608,0.195907
8,13.6531,0.0592021,0.0592021,0.124102,0.184467
8,13.728,0.0478471,0.0478471,0.117941,0.173401
8,13.876,0.0280175,0.0280175,0.107207,0.153334
8,13.9814,0.0132691,0.0132691,0.100601,0.140441
8,14,0.0107144,0.0107144,0.0995186,0.138279
8,14.024,0.00747224,0.00747224,0.0981572,0.135539
8,14.172,0,0,0.0905923,0.119826
8,14.3176,0,0,0.084413,0.106205
8,14.32,0,0,0.0843216,0.105998
8,14.468,0,0,0.0791712,0.0938851
8,14.5,0,0,0.0781923,0.091478
8,14.616,0,0,0.0750002,0.0833329
8,14.6619,0,0,0.0738764,0.0803489
8,14.764,0,0,0.0716504,0.0741623
8,14.912,0,0,0.0690357,0.0661681
8,15,0,0,0.0677767,0.0619579
8,15.0145,0,0,0.067588,0.0613
8,15.06,0,0,0.0670311,0.0593048
8,15.208,0,0,0.0655381,0.0534394
8,15.356,0,0,0.0644481,0.048389
8,15.3756,0,0,0.0643311,0.0477705
8,15.5,0,0,0.0637278,0.0441226
8,15.504,0,0,0.0637122,0.0440136
8,15.652,0,0,0.0632763,0.0403286
8,15.7453,0,0,0.0631273,0.0383239
8,15.8,0,0,0.0630775,0.0372411
8,15.948,0,0,0.0630522,0.0345756
8,16,0,0,0.0630762,0.0337193
8,16.096,0,0,0.0631662,0.0322758
8,16.124,0,0,0.0632028,0.0318888
8,16.244,0,0,0.0634061,0.0304041
8,16.392,0,0,0.0637627,0.0289185
8,16.5,0,0,0.0641079,0.0280295
8,16.5117,0,0,0.0641498,0.0279416
8,16.54,0,0,0.0642543,0.0277355
8,16.688,0,0,0.0648145,0.0267435
8,16.836,0,0,0.06517,0.025814
8,16.9088,0,0,0.0652109,0.0254155
8,16.984,0,0,0.0652166,0.0250923
8,17,0,0,0.065221,0.0250372
8,17.132,0,0,0.0653526,0.024765
8,17.28,0,0,0.065805,0.0242601
8,17.3154,0,0,0.0659237,0.0240344
8,17.428,0,0,0.0662232,0.0230085
8,17.5,0,0,0.0663181,0.0223565
8,17.576,0,0,0.0663165,0.0218074
8,17.724,0,0,0.0662878,0.0213649
8,17.7318,0,0,0.0662889,0.021355
8,17.872,0,0,0.0664063,0.0212308
8,18,0,0,0.0666203,0.0210743
8,18.02,0,0,0.0666556,0.021033
8,18.1582,0,0,0.0668974,0.0205265
8,18.168,0,0,0.0669136,0.0204724
8,18.316,0,0,0.0668904,0.0194082
8,18.464,0,0,0.0661832,0.0183901
8,18.5,0,0,0.0660211,0.0181951
8,18.5949,0,0,0.0657998,0.0177558
8,18.612,0,0,0.0657843,0.0176824
8,18.76,0,0,0.0655709,0.0171056
8,18.908,0,0,0.0650597,0.016562
8,19,0,0,0.0646451,0.0161612
8,19.0421,0,0,0.0644419,0.0159497
8,19.056,0,0,0.0643743,0.015875
8,19.204,0,0,0.0636772,0.0150507
8,19.352,0,0,0.0629304,0.0143521
8,19.5,0,0,0.0620395,0.0136077
9,1,0,0,0,0
9,1.02316,0,0,0,0
9,1.04686,0,0,0,0
9,1.07111,0,0,0,0
9,1.09592,0,0,0,0
9,1.1213,0,0,0,0
9,1.132,0,0,0,0
9,1.14727,0,0,0,0
9,1.17384,0,0,0,0
9,1.20103,0,0,0,0
9,1.22885,0,0,0,0
9,1.25731,0,0,0,0
9,1.264,0,0,0,0
9,1.28643,0,0,0,0
9,1.31623,0,0,0,0
9,1.34672,0,0,0,0
9,1.37791,0,0,0,0
9,1.396,0,0,0,0
9,1.40982,0,0,0,0
9,1.44248,0,0,0,0
9,1.47589,0,0,0,0
9,1.5,0,0,0,0
9,1.51007,0,0,0,0
9,1.528,0,0,0,0
9,1.54505,0,0,0,0
9,1.58083,0,0,0,0
9,1.61745,0,0,0,0
9,1.65491,0,0,0,0
9,1.66,0,0,0,0
9,1.69324,0,0,0,0
9,1.73246,0,0,0,0
9,1.77259,0,0,0,0
9,1.792,0,0,0,0
9,1.81364,0,0,0,0
9,1.85565,0,0,0,0
9,1.89863,0,0,0.123815,0
9,1.924,0,0,0.276028,0.0404262
9,1.94261,0,0,0.374862,0.167723
9,1.9876,0,0,0.580043,0.421894
9,2,0,0,0.629778,0.481738
9,2.03364,0,0,0.753248,0.627537
9,2.056,0,0,0.827448,0.713265
9,2.08074,0,0,0.903177,0.799524
9,2.12893,0,0,1.03499,0.946466
9,2.17824,0,0,1.15102,1.07436
9,2.188,0,0,1.17203,1.09751
9,2.2287,0,0,1.25386,1.18759
9,2.28032,0,0,1.34636,1.2889
9,2.32,0.0627476,0.0627476,1.41041,1.35858
9,2.33313,0.113293,0.113293,1.43042,1.38027
9,2.38717,0.305062,0.305062,1.50732,1.4632
9,2.44246,0.478353,0.478353,1.57804,1.53894
9,2.452,0.506227,0.506227,1.58952,1.55118
9,2.49903,0.636102,0.636102,1.64334,1.60842
9,2.5,0.638645,0.638645,1.6444,1.60954
9,2.55692,0.780634,0.780634,1.70384,1.67244
9,2.584,0.843218,0.843218,1.73021,1.70024
9,2.61614,0.913765,0.913765,1.76006,1.73163
9,2.67673,1.03695,1.03695,1.81243,1.78652
9,2.716,1.11067,1.11067,1.84391,1.81941
9,2.73873,1.15137,1.15137,1.86132,1.83757
9,2.80216,1.25801,1.25801,1.90704,1.88515
9,2.848,1.32932,1.32932,1.93766,1.91695
9,2.86707,1.35769,1.35769,1.94984,1.92959
9,2.93347,1.45108,1.45108,1.98997,1.97112
9,2.98,1.51191,1.51191,2.01608,1.99808
9,3,1.537,1.537,2.02684,2.00917
9,3.00142,1.53876,1.53876,2.02759,2.00995
9,3.07094,1.62122,1.62122,2.06287,2.04627
9,3.112,1.66685,1.66685,2.08231,2.06625
9,3.14207,1.69892,1.69892,2.09593,2.08023
9,3.21484,1.77228,1.77228,2.12686,2.11196
9,3.244,1.80008,1.80008,2.1385,2.12389
9,3.2893,1.84161,1.84161,2.15576,2.14158
9,3.36549,1.90718,1.90718,2.18268,2.16916
9,3.376,1.91582,1.91582,2.18619,2.17277
9,3.44344,1.96905,1.96905,2.20765,2.19478
9,3.5,2.01084,2.01084,2.22424,2.21179
9,3.508,2.01656,2.01656,2.22649,2.21409
9,3.5232,2.0273,2.0273,2.23069,2.21839
9,3.6048,2.08241,2.08241,2.2518,2.23993
9,3.64,2.10493,2.10493,2.26016,2.24845
9,3.68829,2.13465,2.13465,2.27093,2.25941
9,3.772,2.18306,2.18306,2.2877,2.27648
9,3.77372,2.18402,2.18402,2.28802,2.27681
9,3.86113,2.23042,2.23042,2.30304,2.29207
9,3.904,2.25159,2.25159,2.30953,2.29863
9,3.95056,2.27339,2.27339,2.31594,2.30512
9,4,2.29539,2.29539,2.32204,2.31131
9,4.036,2.31075,2.31075,2.32601,2.31538
9,4.04206,2.31327,2.31327,2.32664,2.31603
9,4.13568,2.35015,2.35015,2.33501,2.32473
9,4.168,2.36184,2.36184,2.33731,2.32715
9,4.23147,2.38325,2.38325,2.34094,2.33104
9,4.3,2.40436,2.40436,2.34355,2.33399
9,4.32948,2.41282,2.41282,2.34426,2.33486
9,4.42976,2.43848,2.43848,2.34479,2.33592
9,4.432,2.43899,2.43899,2.34477,2.33591
9,4.5,2.45388,2.45388,2.34361,2.33492
9,4.53236,2.46034,2.46034,2.3427,2.334
9,4.564,2.46621,2.46621,2.34159,2.33283
9,4.63733,2.47794,2.47794,2.33805,2.32914
9,4.696,2.48564,2.48564,2.33425,2.32526
9,4.74474,2.49091,2.49091,2.33052,2.32143
9,4.828,2.4976,2.4976,2.32293,2.31363
9,4.85464,2.49914,2.49914,2.32013,2.31081
9,4.96,2.50233,2.50233,2.30759,2.29811
9,4.96708,2.50238,2.50238,2.30667,2.29717
9,5,2.50237,2.50237,2.30225,2.29269
9,5.08213,2.50041,2.50041,2.29025,2.28072
9,5.092,2.49999,2.49999,2.28872,2.27921
9,5.19984,2.49302,2.49302,2.27073,2.26162
9,5.224,2.49084,2.49084,2.26643,2.2574
9,5.32028,2.48024,2.48024,2.24841,2.23966
9,5.356,2.47554,2.47554,2.24137,2.23273
9,5.4435,2.46223,2.46223,2.22337,2.21503
9,5.488,2.45451,2.45451,2.21386,2.20566
9,5.5,2.45231,2.45231,2.21125,2.2031
9,5.56958,2.43866,2.43866,2.1958,2.1879
9,5.62,2.42785,2.42785,2.18427,2.17656
9,5.69859,2.4095,2.4095,2.16577,2.15839
9,5.752,2.39607,2.39607,2.15286,2.14572
9,5.83058,2.37494,2.37494,2.1334,2.12664
9,5.884,2.35974,2.35974,2.11988,2.1134
9,5.96562,2.3353,2.3353,2.0988,2.09278
9,6,2.3246,2.3246,2.08978,2.08395
9,6.016,2.31954,2.31954,2.08556,2.07982
9,6.1038,2.2909,2.2909,2.0621,2.05688
9,6.148,2.27599,2.27599,2.05012,2.04517
9,6.24517,2.24212,2.24212,2.02341,2.0191
9,6.28,2.22965,2.22965,2.01372,2.00966
9,6.38982,2.18931,2.18931,1.98285,1.97958
9,6.412,2.18099,2.18099,1.97656,1.97345
9,6.5,2.14748,2.14748,1.95144,1.949
9,6.53782,2.13286,2.13286,1.94056,1.93842
9,6.544,2.13046,2.13046,1.93878,1.93669
9,6.676,2.07845,2.07845,1.90051,1.8995
9,6.68925,2.07317,2.07317,1.89665,1.89575
9,6.808,2.02532,2.02532,1.86185,1.86197
9,6.84418,2.0106,2.0106,1.8512,1.85163
9,6.94,1.97137,1.97137,1.82289,1.82418
9,7,1.94665,1.94665,1.8051,1.80694
9,7.00271,1.94553,1.94553,1.8043,1.80616
9,7.072,1.91686,1.91686,1.7837,1.7862
9,7.1649,1.87831,1.87831,1.75602,1.75939
9,7.204,1.86206,1.86206,1.74435,1.74809
9,7.33085,1.80931,1.80931,1.70643,1.7114
9,7.336,1.80717,1.80717,1.70489,1.70991
9,7.468,1.75238,1.75238,1.66537,1.67168
9,7.5,1.73913,1.73913,1.65579,1.66241
9,7.50065,1.73887,1.73887,1.65559,1.66222
9,7.6,1.69787,1.69787,1.62584,1.63346
9,7.67438,1.66735,1.66735,1.60358,1.61194
9,7.732,1.64382,1.64382,1.58634,1.59528
9,7.85213,1.59513,1.59513,1.55046,1.5606
9,7.864,1.59036,1.59036,1.54691,1.55717
9,7.996,1.53763,1.53763,1.50759,1.51918
9,8,1.53605,1.53605,1.5064,1.51803
9,8.034,1.52261,1.52261,1.4963,1.50826
9,8.128,1.48576,1.48576,1.46841,1.48132
9,8.22008,1.45015,1.45015,1.44109,1.45502
9,8.26,1.43487,1.43487,1.4292,1.44365
9,8.392,1.3851,1.3851,1.3893,1.40618
9,8.41047,1.37823,1.37823,1.38362,1.40096
9,8.5,1.34529,1.34529,1.35582,1.37571
9,8.524,1.33656,1.33656,1.34828,1.36895
9,8.60527,1.30733,1.30733,1.32245,1.3461
9,8.656,1.28936,1.28936,1.30608,1.33183
9,8.788,1.24361,1.24361,1.26264,1.29444
9,8.80459,1.23797,1.23797,1.2571,1.2897
9,8.92,1.19941,1.19941,1.21799,1.25616
9,9,1.17341,1.17341,1.19034,1.23228
9,9.00852,1.17069,1.17069,1.18737,1.22971
9,9.052,1.15685,1.15685,1.17215,1.21654
9,9.184,1.11602,1.11602,1.12518,1.17638
9,9.21717,1.10604,1.10604,1.11321,1.16624
9,9.316,1.07694,1.07694,1.07715,1.13566
9,9.43065,1.04434,1.04434,1.03467,1.09899
9,9.448,1.0395,1.0395,1.02818,1.09337
9,9.5,1.02504,1.02504,1.00863,1.07646
9,9.58,1.00284,1.00284,0.978321,1.05065
9,9.64909,0.983567,0.983567,0.951931,1.02876
9,9.712,0.965805,0.965805,0.927747,1.00851
9,9.844,0.927636,0.927636,0.876612,0.96423
9,9.87257,0.91931,0.91931,0.865487,0.954689
9,9.976,0.889688,0.889688,0.825125,0.920578
9,10,0.882919,0.882919,0.815747,0.912632
9,10.1012,0.85402,0.85402,0.776171,0.878645
9,10.108,0.852043,0.852043,0.77353,0.87636
9,10.24,0.812441,0.812441,0.722117,0.831543
9,10.3352,0.785673,0.785673,0.685331,0.799691
9,10.372,0.775481,0.775481,0.671187,0.787537
9,10.5,0.738424,0.738424,0.622417,0.745089
9,10.504,0.73726,0.73726,0.620906,0.743758
9,10.5746,0.717068,0.717068,0.594403,0.720341
9,10.636,0.699812,0.699812,0.571649,0.700156
9,10.768,0.663235,0.663235,0.524325,0.657786
9,10.8195,0.64886,0.64886,0.506612,0.641623
9,10.9,0.626455,0.626455,0.479594,0.616475
9,11,0.599395,0.599395,0.446863,0.585723
9,11.032,0.590861,0.590861,0.436484,0.576098
9,11.0701,0.580726,0.580726,0.424199,0.56477
9,11.164,0.555927,0.555927,0.394522,0.537558
9,11.296,0.52152,0.52152,0.355353,0.50076
9,11.3265,0.513744,0.513744,0.346925,0.49244
9,11.428,0.488309,0.488309,0.319845,0.465518
9,11.5,0.470508,0.470508,0.30124,0.447259
9,11.56,0.455844,0.455844,0.286203,0.432546
9,11.5889,0.448854,0.448854,0.279158,0.425626
9,11.692,0.424265,0.424265,0.255097,0.401648
9,11.824,0.3938,0.3938,0.226534,0.372614
9,11.8573,0.38624,0.38624,0.219703,0.365673
9,11.956,0.364153,0.364153,0.200238,0.345928
9,12,0.354505,0.354505,0.191964,0.337483
9,12.088,0.335526,0.335526,0.176318,0.32123
9,12.1319,0.326204,0.326204,0.169012,0.313444
9,12.22,0.30785,0.30785,0.155106,0.298466
9,12.352,0.281092,0.281092,0.135435,0.277645
9,12.4129,0.268788,0.268788,0.126691,0.2687
9,12.484,0.254343,0.254343,0.116715,0.258825
9,12.5,0.251189,0.251189,0.114517,0.256694
9,12.616,0.230034,0.230034,0.0994874,0.242206
9,12.7004,0.214805,0.214805,0.0900925,0.231914
9,12.748,0.20614,0.20614,0.085129,0.226049
9,12.88,0.183438,0.183438,0.0716459,0.21104
9,12.9946,0.163572,0.163572,0.0605685,0.19932
9,13,0.162587,0.162587,0.06008,0.198784
9,13.012,0.160415,0.160415,0.0590132,0.19761
9,13.144,0.137741,0.137741,0.0476815,0.186255
9,13.276,0.115993,0.115993,0.0363927,0.175923
9,13.2956,0.11264,0.11264,0.0348683,0.174272
9,13.408,0.0951924,0.0951924,0.0264609,0.16539
9,13.5,0.0823641,0.0823641,0.0205657,0.159158
9,13.54,0.0765359,0.0765359,0.0182349,0.15651
9,13.6035,0.0668009,0.0668009,0.0136933,0.152383
9,13.672,0.0560709,0.0560709,0.00865167,0.148171
9,13.804,0.0378252,0.0378252,0.000286772,0.141309
9,13.9186,0.0219867,0.0219867,0,0.134931
9,13.936,0.0195266,0.0195266,0,0.133862
9,14,0.0106993,0.0106993,0,0.130184
9,14.068,0.00187104,0.00187104,0,0.126675
9,14.2,0,0,0,0.120343
9,14.241,0,0,0,0.118249
9,14.332,0,0,0,0.114331
9,14.464,0,0,0,0.108795
9,14.5,0,0,0,0.107354
9,14.5708,0,0,0,0.104673
9,14.596,0,0,0,0.103696
9,14.728,0,0,0,0.0985245
9,14.86,0,0,0,0.093589
9,14.9083,0,0,0,0.0917165
9,14.992,0,0,0,0.088758
9,15,0,0,0,0.0884874
9,15.124,0,0,0,0.084027
9,15.2536,0,0,0,0.0795651
9,15.256,0,0,0,0.0794856
9,15.388,0,0,0,0.074876
9,15.5,0,0,0,0.070998
9,15.52,0,0,0,0.070355
9,15.6069,0,0,0,0.0677133
9,15.652,0,0,0,0.0661999
9,15.784,0,0,0,0.0617235
9,15.916,0,0,0,0.0567032
9,15.9684,0,0,0,0.0550307
9,16,0,0,0,0.0541976
9,16.048,0,0,0,0.0527436
9,16.18,0,0,0,0.0480951
9,16.312,0,0,0,0.0435037
9,16.3382,0,0,0,0.0425892
9,16.444,0,0,0,0.0393141
9,16.5,0,0,0,0.037107
9,16.576,0,0,0,0.0342776
9,16.708,0,0,0,0.0296608
9,16.7167,0,0,0,0.0293512
9,16.84,0,0,0,0.0251923
9,16.972,0,0,0,0.0202226
9,17,0,0,0,0.0192082
9,17.1038,0,0,0,0.015416
9,17.104,0,0,0,0.0154103
9,17.236,0,0,0,0.0106577
9,17.368,0,0,0,0.00568565
9,17.5,0,0,0,0.000673707
10,1,0,0,0,0
10,1.02268,0,0,0,0
10,1.04587,0,0,0,0
10,1.0696,0,0,0,0
10,1.09385,0,0,0,0
10,1.11866,0,0,0,0
10,1.124,0,0,0,0
10,1.14403,0,0,0,0
10,1.16998,0,0,0,0
10,1.19652,0,0,0,0
10,1.22365,0,0,0,0
10,1.248,0,0,0,0
10,1.25141,0,0,0,0
10,1.27979,0,0,0,0
10,1.30882,0,0,0,0
10,1.3385,0,0,0,0
10,1.36886,0,0,0,0
10,1.372,0,0,0,0
10,1.3999,0,0,0,0
10,1.43165,0,0,0,0
10,1.46412,0,0,0.217677,0
10,1.496,0,0,0.529716,0.234387
10,1.49733,0,0,0.541041,0.249238
10,1.5,0,0,0.563418,0.278476
10,1.53129,0,0,0.796585,0.574225
10,1.56602,0,0,1.00736,0.829745
10,1.60154,0,0,1.18639,1.04002
10,1.62,0,0,1.2684,1.13455
10,1.63786,0,0,1.34186,1.21844
10,1.67501,0,0,1.47897,1.37331
10,1.713,0,0,1.60133,1.50977
10,1.744,0,0,1.6904,1.60818
10,1.75185,0,0,1.71163,1.63152
10,1.79158,0,0,1.8119,1.74123
10,1.83222,0,0,1.90367,1.84093
10,1.868,0,0,1.97692,1.92004
10,1.87377,0,0,1.98814,1.93213
10,1.91627,0,0,2.06626,2.01602
10,1.95973,0,0,2.1388,2.09357
10,1.992,0,0,2.18848,2.14649
10,2,0,0,2.20029,2.15906
10,2.00418,0,0,2.20638,2.16553
10,2.04963,0,0,2.26952,2.23254
10,2.09612,0,0,2.32864,2.29511
10,2.116,0,0,2.35241,2.32021
10,2.14366,0,0,2.38409,2.35362
10,2.19228,0,0,2.43617,2.40844
10,2.24,0,0,2.48324,2.45788
10,2.242,0,0,2.48513,2.45986
10,2.29285,0,0,2.53113,2.50812
10,2.34485,0.157012,0.157012,2.57428,2.55343
10,2.364,0.225825,0.225825,2.58923,2.56916
10,2.39803,0.340775,0.340775,2.61465,2.59591
10,2.45242,0.507442,0.507442,2.65238,2.63563
10,2.488,0.606712,0.606712,2.67524,2.65971
10,2.5,0.638645,0.638645,2.68264,2.66751
10,2.50804,0.659635,0.659635,2.68752,2.67265
10,2.56492,0.799453,0.799453,2.72004,2.70699
10,2.612,0.904895,0.904895,2.74449,2.73289
10,2.6231,0.928541,0.928541,2.74994,2.73867
10,2.68259,1.04823,1.04823,2.77707,2.76759
10,2.736,1.14655,1.14655,2.79849,2.79059
10,2.74343,1.15962,1.15962,2.80126,2.79358
10,2.80565,1.2636,1.2636,2.82247,2.81654
10,2.86,1.34726,1.34726,2.83811,2.83373
10,2.86929,1.36094,1.36094,2.84051,2.83641
10,2.93436,1.45227,1.45227,2.85533,2.85308
10,2.984,1.51698,1.51698,2.86436,2.86346
10,3,1.537,1.537,2.86687,2.86639
10,3.00092,1.53813,1.53813,2.86701,2.86655
10,3.06898,1.61899,1.61899,2.87551,2.87671
10,3.108,1.6625,1.6625,2.87885,2.88098
10,3.13858,1.69526,1.69526,2.88068,2.88356
10,3.20977,1.76735,1.76735,2.88245,2.88698
10,3.232,1.78874,1.78874,2.88234,2.88734
10,3.28256,1.83556,1.83556,2.88102,2.88698
10,3.356,1.89929,1.89929,2.87658,2.88383
10,3.35701,1.90014,1.90014,2.8765,2.88376
10,3.43315,1.96118,1.96118,2.86907,2.8775
10,3.48,1.99634,1.99634,2.86326,2.8723
10,3.5,2.01084,2.01084,2.86051,2.8698
10,3.51102,2.01871,2.01871,2.85894,2.86836
10,3.59065,2.07315,2.07315,2.84635,2.85663
10,3.604,2.08189,2.08189,2.84405,2.85445
10,3.67208,2.12482,2.12482,2.83155,2.84256
10,3.728,2.15809,2.15809,2.82045,2.8319
10,3.75537,2.17375,2.17375,2.81477,2.82642
10,3.84054,2.21987,2.21987,2.79622,2.80843
10,3.852,2.22577,2.22577,2.79364,2.80591
10,3.92764,2.2628,2.2628,2.77611,2.78879
10,3.976,2.28485,2.28485,2.76453,2.77744
10,4,2.29539,2.29539,2.75869,2.77171
10,4.01672,2.3026,2.3026,2.75459,2.76768
10,4.1,2.33659,2.33659,2.73379,2.74721
10,4.10782,2.33962,2.33962,2.73181,2.74525
10,4.20099,2.37322,2.37322,2.70789,2.72164
10,4.224,2.38083,2.38083,2.70191,2.71573
10,4.29627,2.40326,2.40326,2.68293,2.69695
10,4.348,2.41793,2.41793,2.66921,2.68337
10,4.39371,2.42983,2.42983,2.65701,2.67127
10,4.472,2.44795,2.44795,2.63596,2.65039
10,4.49336,2.4525,2.4525,2.63019,2.64466
10,4.5,2.45388,2.45388,2.62839,2.64288
10,4.59527,2.47152,2.47152,2.60251,2.61718
10,4.596,2.47164,2.47164,2.60231,2.61699
10,4.69949,2.48605,2.48605,2.57402,2.58888
10,4.72,2.48837,2.48837,2.5684,2.58329
10,4.80608,2.4961,2.4961,2.54474,2.55978
10,4.844,2.49856,2.49856,2.5343,2.5494
10,4.91508,2.50153,2.50153,2.5147,2.5299
10,4.968,2.50239,2.50239,2.50008,2.51537
10,5,2.50237,2.50237,2.49124,2.50658
10,5.02656,2.50203,2.50203,2.4839,2.49927
10,5.092,2.49999,2.49999,2.4658,2.48127
10,5.14056,2.49741,2.49741,2.45236,2.4679
10,5.216,2.49158,2.49158,2.43147,2.44712
10,5.25715,2.48753,2.48753,2.42008,2.43579
10,5.34,2.47769,2.47769,2.39714,2.41297
10,5.37639,2.47267,2.47267,2.38707,2.40294
10,5.464,2.45875,2.45875,2.36282,2.37882
10,5.49832,2.45262,2.45262,2.35333,2.36937
10,5.5,2.45231,2.45231,2.35287,2.36891
10,5.588,2.4348,2.4348,2.32854,2.3447
10,5.62303,2.42717,2.42717,2.31886,2.33506
10,5.712,2.40619,2.40619,2.29429,2.31062
10,5.75056,2.39644,2.39644,2.28366,2.30003
10,5.836,2.37342,2.37342,2.26011,2.27659
10,5.88098,2.36062,2.36062,2.24773,2.26427
10,5.96,2.33703,2.33703,2.226,2.24264
10,6,2.3246,2.3246,2.21501,2.2317
10,6.01436,2.32006,2.32006,2.21107,2.22778
10,6.084,2.29748,2.29748,2.19197,2.20877
10,6.15077,2.27504,2.27504,2.17369,2.19057
10,6.208,2.25524,2.25524,2.15804,2.175
10,6.29027,2.22593,2.22593,2.13559,2.15265
10,6.332,2.21073,2.21073,2.12422,2.14133
10,6.43294,2.17309,2.17309,2.09679,2.11402
10,6.456,2.16433,2.16433,2.09053,2.10779
10,6.5,2.14748,2.14748,2.07861,2.09592
10,6.57884,2.11686,2.11686,2.05729,2.0747
10,6.58,2.1164,2.1164,2.05697,2.07438
10,6.704,2.06726,2.06726,2.02357,2.04114
10,6.72805,2.05761,2.05761,2.01712,2.03471
10,6.828,2.01719,2.01719,1.99034,2.00806
10,6.88064,1.99571,1.99571,1.97629,1.99408
10,6.952,1.96643,1.96643,1.95731,1.97518
10,7,1.94664,1.94664,1.94458,1.9625
10,7.0367,1.93148,1.93148,1.93486,1.95283
10,7.076,1.9152,1.9152,1.92448,1.94251
10,7.19629,1.86526,1.86526,1.89287,1.91105
10,7.2,1.86372,1.86372,1.89189,1.91008
10,7.324,1.81215,1.81215,1.85956,1.87791
10,7.3595,1.7974,1.7974,1.85036,1.86875
10,7.448,1.76066,1.76066,1.82754,1.84603
10,7.5,1.73913,1.73913,1.81422,1.83276
10,7.52642,1.72821,1.72821,1.80747,1.82604
10,7.572,1.7094,1.7094,1.79585,1.81448
10,7.696,1.6585,1.6585,1.76449,1.78328
10,7.69712,1.65804,1.65804,1.76421,1.783
10,7.82,1.6081,1.6081,1.73349,1.75246
10,7.87169,1.58726,1.58726,1.7207,1.73973
10,7.944,1.5583,1.5583,1.70297,1.72206
10,8,1.53605,1.53605,1.68936,1.70849
10,8.05023,1.51621,1.51621,1.67724,1.6964
10,8.068,1.50922,1.50922,1.67297,1.69214
10,8.192,1.46095,1.46095,1.64342,1.66274
10,8.23281,1.44527,1.44527,1.63378,1.65318
10,8.316,1.41361,1.41361,1.61431,1.6339
10,8.41953,1.37487,1.37487,1.59049,1.61024
10,8.44,1.3673,1.3673,1.58585,1.60561
10,8.5,1.34529,1.34529,1.5724,1.5921
10,8.564,1.32211,1.32211,1.55822,1.57787
10,8.61049,1.30548,1.30548,1.54802,1.56764
10,8.688,1.27814,1.27814,1.53113,1.55083
10,8.80577,1.23757,1.23757,1.50571,1.52597
10,8.812,1.23546,1.23546,1.50439,1.52468
10,8.936,1.19416,1.19416,1.47856,1.49949
10,9,1.17341,1.17341,1.46585,1.48681
10,9.00549,1.17165,1.17165,1.46478,1.48573
10,9.06,1.15433,1.15433,1.45421,1.47508
10,9.184,1.11602,1.11602,1.43047,1.45101
10,9.20974,1.10826,1.10826,1.42558,1.44607
10,9.308,1.07926,1.07926,1.4073,1.42759
10,9.41862,1.04771,1.04771,1.38772,1.40799
10,9.432,1.04396,1.04396,1.38541,1.40572
10,9.5,1.02502,1.02502,1.37386,1.39443
10,9.556,1.00949,1.00949,1.36454,1.38538
10,9.63223,0.988255,0.988255,1.35217,1.37314
10,9.68,0.974838,0.974838,1.3446,1.36539
10,9.804,0.939279,0.939279,1.32564,1.34566
10,9.8507,0.925683,0.925683,1.31881,1.33856
10,9.928,0.903279,0.903279,1.30791,1.32765
10,10,0.882885,0.882885,1.29817,1.31815
10,10.052,0.868153,0.868153,1.29135,1.31152
10,10.0741,0.861832,0.861832,1.2885,1.30872
10,10.176,0.831641,0.831641,1.27582,1.2961
10,10.3,0.795369,0.795369,1.26144,1.28175
10,10.3026,0.794648,0.794648,1.26115,1.28146
10,10.424,0.760634,0.760634,1.24827,1.26866
10,10.5,0.738457,0.738457,1.24082,1.26129
10,10.5363,0.727967,0.727967,1.23742,1.25792
10,10.548,0.724618,0.724618,1.23634,1.25685
10,10.672,0.689774,0.689774,1.22548,1.24596
10,10.7752,0.661216,0.661216,1.2173,1.23775
10,10.796,0.655441,0.655441,1.21575,1.23621
10,10.92,0.620968,0.620968,1.20718,1.22778
10,11,0.599371,0.599371,1.20222,1.22288
10,11.0196,0.594138,0.594138,1.20104,1.22171
10,11.044,0.587648,0.587648,1.19959,1.22026
10,11.168,0.554873,0.554873,1.19197,1.21241
10,11.2695,0.528346,0.528346,1.18481,1.20524
10,11.292,0.522551,0.522551,1.18302,1.20356
10,11.416,0.491275,0.491275,1.17159,1.19344
10,11.5,0.470505,0.470505,1.16254,1.18561
10,11.5251,0.464344,0.464344,1.15966,1.18307
10,11.54,0.460713,0.460713,1.15791,1.18152
10,11.664,0.430872,0.430872,1.14219,1.16682
10,11.7865,0.402345,0.402345,1.12469,1.1489
10,11.788,0.402008,0.402008,1.12447,1.14866
10,11.912,0.373932,0.373932,1.10431,1.12802
10,12,0.354499,0.354499,1.08864,1.11261
10,12.036,0.346687,0.346687,1.08199,1.10615
10,12.0538,0.342841,0.342841,1.07865,1.10291
10,12.16,0.320297,0.320297,1.058,1.08311
10,12.284,0.294794,0.294794,1.03188,1.05871
10,12.3272,0.286088,0.286088,1.02227,1.04985
10,12.408,0.269898,0.269898,1.0037,1.03278
10,12.5,0.251268,0.251268,0.981787,1.01255
10,12.532,0.245011,0.245011,0.974059,1.00533
10,12.6068,0.231472,0.231472,0.955398,0.98807
10,12.656,0.222741,0.222741,0.942324,0.976449
10,12.78,0.200393,0.200393,0.908361,0.946255
10,12.8927,0.181165,0.181165,0.877831,0.917807
10,12.904,0.179341,0.179341,0.874764,0.914921
10,13,0.162891,0.162891,0.84785,0.890032
10,13.028,0.157811,0.157811,0.839741,0.882685
10,13.152,0.136393,0.136393,0.804166,0.849766
10,13.1852,0.131022,0.131022,0.79471,0.840886
10,13.276,0.116156,0.116156,0.76828,0.81636
10,13.4,0.0959034,0.0959034,0.732091,0.782462
10,13.4842,0.0843392,0.0843392,0.708106,0.759442
10,13.5,0.0821531,0.0821531,0.70356,0.75515
10,13.524,0.078792,0.078792,0.696614,0.74866
10,13.648,0.060006,0.060006,0.660844,0.715615
10,13.772,0.0418774,0.0418774,0.624948,0.682661
10,13.79,0.0394998,0.0394998,0.619673,0.677844
10,13.896,0.0252541,0.0252541,0.58908,0.649422
10,14,0.0107146,0.0107146,0.559719,0.621236
10,14.02,0.00800741,0.00800741,0.554107,0.615813
10,14.1028,0,0,0.530595,0.593521
10,14.144,0,0,0.518845,0.582575
10,14.268,0,0,0.485223,0.550165
10,14.392,0,0,0.45089,0.517924
10,14.4226,0,0,0.442345,0.509979
10,14.5,0,0,0.421261,0.490013
10,14.516,0,0,0.416917,0.485902
10,14.64,0,0,0.383362,0.454244
10,14.7497,0,0,0.353979,0.426471
10,14.764,0,0,0.350211,0.422872
10,14.888,0,0,0.317319,0.391523
10,15,0,0,0.28775,0.362898
10,15.012,0,0,0.284587,0.359835
10,15.0843,0,0,0.265621,0.341543
10,15.136,0,0,0.252112,0.328789
10,15.26,0,0,0.219778,0.298722
10,15.384,0,0,0.187726,0.268405
10,15.4264,0,0,0.176842,0.258082
10,15.5,0,0,0.157997,0.240196
10,15.508,0,0,0.155959,0.238254
10,15.632,0,0,0.124319,0.208039
10,15.756,0,0,0.0927559,0.178409
10,15.7763,0,0,0.0876191,0.173611
10,15.88,0,0,0.0613765,0.148428
10,16,0,0,0.0310445,0.119703
10,16.004,0,0,0.0300324,0.118735
10,16.128,0,0,0,0.0890775
10,16.1341,0,0,0,0.087598
10,16.252,0,0,0,0.0596154
10,16.376,0,0,0,0.0302039
10,16.5,0,0,0,0.000844421
11,1,0,0,0,0
11,1.02217,0,0,0,0
11,1.04483,0,0,0,0
11,1.06799,0,0,0,0
11,1.09167,0,0,0,0
11,1.11587,0,0,0,0
11,1.116,0,0,0,0
11,1.14061,0,0,0,0
11,1.16589,0,0,0,0
11,1.19174,0,0,0,0
11,1.21816,0,0,0,0
11,1.232,0,0,0,0
11,1.24516,0,0,0,0
11,1.27277,0,0,0,0
11,1.30098,0,0,0,0
11,1.32983,0,0,0,0
11,1.348,0,0,0,0
11,1.35931,0,0,0,0
11,1.38944,0,0,0,0
11,1.42024,0,0,0,0
11,1.45173,0,0,0,0
11,1.464,0,0,0,0
11,1.48391,0,0,0,0
11,1.5,0,0,0,0
11,1.51681,0,0,0,0
11,1.55043,0,0,0,0
11,1.58,0,0,0,0
11,1.5848,0,0,0,0
11,1.61994,0,0,0,0
11,1.65585,0,0,0,0
11,1.69256,0,0,0,0
11,1.696,0,0,0,0
11,1.73008,0,0,0,0
11,1.76843,0,0,0,0
11,1.80764,0,0,0.309487,0.162121
11,1.812,0,0,0.361097,0.212396
11,1.84771,0,0,0.706357,0.550153
11,1.88867,0,0,0.993544,0.832577
11,1.928,0,0,1.20537,1.04148
11,1.93054,0,0,1.21753,1.05351
11,1.97334,0,0,1.40027,1.23507
11,2,0,0,1.49772,1.33162
11,2.01709,0,0,1.55475,1.38821
11,2.044,0,0,1.63726,1.4702
11,2.0618,0,0,1.68755,1.51998
11,2.10751,0,0,1.80373,1.63463
11,2.15423,0,0,1.90682,1.7368
11,2.16,0,0,1.91862,1.74853
11,2.20199,0,0,1.99921,1.82887
11,2.25081,0,0,2.08273,1.91238
11,2.276,0,0,2.1222,1.95191
11,2.3007,0,0,2.15879,1.98857
11,2.35171,0.182021,0.182021,2.22846,2.05844
11,2.392,0.321047,0.321047,2.27861,2.10876
11,2.40384,0.359535,0.359535,2.29261,2.12282
11,2.45713,0.521006,0.521006,2.35194,2.18238
11,2.5,0.638645,0.638645,2.3957,2.22635
11,2.508,0.659527,0.659527,2.40352,2.2342
11,2.51161,0.668835,0.668835,2.407,2.2377
11,2.56729,0.804948,0.804948,2.45827,2.28923
11,2.624,0.930444,0.930444,2.50599,2.33722
11,2.6242,0.930863,0.930863,2.50615,2.33738
11,2.68237,1.04782,1.04782,2.55096,2.38248
11,2.74,1.1536,1.1536,2.59175,2.42355
11,2.74184,1.15683,1.15683,2.59299,2.42481
11,2.80262,1.25875,1.25875,2.63249,2.46462
11,2.856,1.34131,1.34131,2.66459,2.49703
11,2.86475,1.35429,1.35429,2.66965,2.50213
11,2.92826,1.44404,1.44404,2.70463,2.5375
11,2.972,1.5017,1.5017,2.72712,2.56028
11,2.99318,1.52851,1.52851,2.73758,2.57088
11,3,1.537,1.537,2.74089,2.57424
11,3.05953,1.60816,1.60816,2.76862,2.60242
11,3.088,1.64044,1.64044,2.78118,2.61522
11,3.12736,1.68337,1.68337,2.79785,2.63224
11,3.19669,1.75452,1.75452,2.82536,2.66042
11,3.204,1.76171,1.76171,2.82813,2.66327
11,3.26756,1.82193,1.82193,2.85121,2.68706
11,3.32,1.86866,1.86866,2.86898,2.70547
11,3.34,1.88582,1.88582,2.87546,2.71222
11,3.41404,1.94631,1.94631,2.89813,2.73595
11,3.436,1.96336,1.96336,2.90446,2.74262
11,3.48973,2.00343,2.00343,2.91921,2.75827
11,3.5,2.01084,2.01084,2.92191,2.76116
11,3.552,2.04723,2.04723,2.93505,2.77526
11,3.56709,2.05746,2.05746,2.93869,2.7792
11,3.64617,2.1088,2.1088,2.95656,2.79879
11,3.668,2.12233,2.12233,2.96115,2.8039
11,3.727,2.15752,2.15752,2.97282,2.81706
11,3.784,2.18969,2.18969,2.98311,2.82889
11,3.80962,2.20358,2.20358,2.98743,2.83394
11,3.89408,2.24678,2.24678,3.00039,2.84941
11,3.9,2.24966,2.24966,3.00122,2.85043
11,3.9804,2.2868,2.2868,3.0116,2.8635
11,4,2.29539,2.29539,3.01386,2.86647
11,4.016,2.30229,2.30229,3.01563,2.86882
11,4.06865,2.32417,2.32417,3.02096,2.87617
11,4.132,2.34878,2.34878,3.02639,2.88419
11,4.15884,2.35859,2.35859,3.02836,2.88734
11,4.248,2.38852,2.38852,3.03356,2.89679
11,4.25104,2.38947,2.38947,3.03371,2.89708
11,4.34528,2.41719,2.41719,3.03716,2.90534
11,4.364,2.42221,2.42221,3.03763,2.90677
11,4.44161,2.4412,2.4412,3.03873,2.91199
11,4.48,2.44968,2.44968,3.03879,2.91415
11,4.5,2.45388,2.45388,3.0387,2.91516
11,4.54008,2.46181,2.46181,3.03826,2.91699
11,4.596,2.47164,2.47164,3.03703,2.91903
11,4.64072,2.47842,2.47842,3.03556,2.92024
11,4.712,2.48749,2.48749,3.03237,2.92135
11,4.7436,2.4908,2.4908,3.03064,2.92155
11,4.828,2.4976,2.4976,3.02506,2.92131
11,4.84876,2.49883,2.49883,3.02349,2.92109
11,4.944,2.50213,2.50213,3.01531,2.91929
11,4.95626,2.50229,2.50229,3.01416,2.91896
11,5,2.50237,2.50237,3.00983,2.91761
11,5.06,2.5012,2.5012,3.00344,2.91527
11,5.06613,2.501,2.501,3.00276,2.915
11,5.176,2.49496,2.49496,2.98967,2.90917
11,5.17844,2.49477,2.49477,2.98936,2.90902
11,5.292,2.48368,2.48368,2.97427,2.90113
11,5.29324,2.48353,2.48353,2.9741,2.90103
11,5.408,2.46793,2.46793,2.95724,2.89126
11,5.41059,2.46753,2.46753,2.95684,2.89102
11,5.5,2.45232,2.45232,2.94242,2.88215
11,5.524,2.44778,2.44778,2.93836,2.87956
11,5.53053,2.44651,2.44651,2.93725,2.87884
11,5.64,2.42335,2.42335,2.91769,2.8657
11,5.65314,2.42033,2.42033,2.91524,2.86401
11,5.756,2.39504,2.39504,2.89524,2.84993
11,5.77846,2.38914,2.38914,2.8907,2.84666
11,5.872,2.36322,2.36322,2.87112,2.83225
11,5.90656,2.35314,2.35314,2.86362,2.82662
11,5.988,2.32837,2.32837,2.8454,2.81269
11,6,2.32461,2.32461,2.84265,2.81056
11,6.03751,2.31267,2.31267,2.83396,2.80379
11,6.104,2.29084,2.29084,2.81816,2.79131
11,6.17135,2.26799,2.26799,2.80166,2.77809
11,6.22,2.25104,2.25104,2.78944,2.76819
11,6.30816,2.21946,2.21946,2.76664,2.74949
11,6.336,2.20927,2.20927,2.75926,2.74339
11,6.44801,2.16739,2.16739,2.72875,2.7179
11,6.452,2.16587,2.16587,2.72764,2.71697
11,6.5,2.1475,2.1475,2.71413,2.70557
11,6.568,2.12112,2.12112,2.69457,2.68897
11,6.59095,2.11212,2.11212,2.68786,2.68325
11,6.684,2.07527,2.07527,2.66005,2.65944
11,6.73707,2.054,2.054,2.64377,2.64542
11,6.8,2.02858,2.02858,2.62406,2.62838
11,6.88642,1.99336,1.99336,2.59627,2.60428
11,6.916,1.98124,1.98124,2.58656,2.59583
11,7,1.94666,1.94666,2.55846,2.57133
11,7.032,1.93344,1.93344,2.54754,2.56179
11,7.03908,1.9305,1.9305,2.54511,2.55966
11,7.148,1.88534,1.88534,2.50695,2.52626
11,7.19513,1.86576,1.86576,2.49,2.51139
11,7.264,1.83712,1.83712,2.46475,2.48922
11,7.35464,1.79943,1.79943,2.43063,2.45921
11,7.38,1.78889,1.78889,2.4209,2.45065
11,7.496,1.7408,1.7408,2.37536,2.41054
11,7.5,1.73914,1.73914,2.37375,2.40913
11,7.51769,1.73183,1.73183,2.36665,2.40287
11,7.612,1.69295,1.69295,2.32806,2.36885
11,7.68434,1.66328,1.66328,2.29765,2.34204
11,7.728,1.64546,1.64546,2.27896,2.32555
11,7.844,1.59842,1.59842,2.22801,2.28061
11,7.8547,1.59411,1.59411,2.22322,2.27639
11,7.96,1.55194,1.55194,2.17516,2.23401
11,8,1.53605,1.53605,2.15648,2.21754
11,8.02883,1.52465,1.52465,2.14288,2.20554
11,8.076,1.50609,1.50609,2.12036,2.18567
11,8.192,1.46096,1.46096,2.06355,2.13559
11,8.20682,1.45525,1.45525,2.05615,2.12906
11,8.308,1.41664,1.41664,2.00472,2.08374
11,8.38875,1.38631,1.38631,1.96253,2.04653
11,8.424,1.37322,1.37322,1.94379,2.03
11,8.5,1.34529,1.34529,1.90272,1.99379
11,8.54,1.33077,1.33077,1.88074,1.97444
11,8.57472,1.31826,1.31826,1.86146,1.95746
11,8.656,1.28937,1.28937,1.8156,1.91703
11,8.76481,1.25154,1.25154,1.75253,1.86126
11,8.772,1.24908,1.24908,1.7483,1.85752
11,8.888,1.20998,1.20998,1.67889,1.79622
11,8.95912,1.18662,1.18662,1.63535,1.75779
11,9,1.17342,1.17342,1.61011,1.7353
11,9.004,1.17213,1.17213,1.60763,1.73308
11,9.12,1.1356,1.1356,1.53484,1.66742
11,9.15773,1.124,1.124,1.51077,1.64569
11,9.236,1.10042,1.10042,1.46024,1.6005
11,9.352,1.06659,1.06659,1.38382,1.53209
11,9.36075,1.0641,1.0641,1.37801,1.52678
11,9.468,1.03397,1.03397,1.30711,1.46092
11,9.5,1.02509,1.02509,1.28595,1.44133
11,9.56827,1.00618,1.00618,1.24072,1.3993
11,9.584,1.00181,1.00181,1.23027,1.38946
11,9.7,0.969321,0.969321,1.1532,1.31544
11,9.78039,0.9462,0.9462,1.10013,1.26383
11,9.816,0.935821,0.935821,1.07693,1.24093
11,9.932,0.902184,0.902184,1.00271,1.16602
11,9.99721,0.883825,0.883825,0.961951,1.12331
11,10,0.883038,0.883038,0.960221,1.12148
11,10.048,0.869472,0.869472,0.930721,1.09009
11,10.164,0.835191,0.835191,0.861696,1.01546
11,10.2188,0.818622,0.818622,0.830644,0.980616
11,10.28,0.801052,0.801052,0.797222,0.942062
11,10.396,0.768698,0.768698,0.737261,0.870827
11,10.4454,0.754304,0.754304,0.713022,0.841092
11,10.5,0.738341,0.738341,0.687204,0.808692
11,10.512,0.734879,0.734879,0.681696,0.801664
11,10.628,0.702094,0.702094,0.632257,0.736026
11,10.6769,0.688511,0.688511,0.613171,0.709256
11,10.744,0.66995,0.66995,0.588098,0.673767
11,10.86,0.63749,0.63749,0.547131,0.616024
11,10.9136,0.622741,0.622741,0.529888,0.590862
11,10.976,0.605893,0.605893,0.510859,0.562853
11,11,0.599464,0.599464,0.503766,0.552414
11,11.092,0.574966,0.574966,0.477853,0.51399
11,11.1556,0.558142,0.558142,0.460919,0.489163
11,11.208,0.544331,0.544331,0.447806,0.469588
11,11.324,0.514434,0.514434,0.421233,0.42947
11,11.4029,0.494604,0.494604,0.404631,0.404508
11,11.44,0.485351,0.485351,0.397225,0.393355
11,11.5,0.470516,0.470516,0.385857,0.376091
11,11.556,0.456807,0.456807,0.375914,0.36079
11,11.6557,0.432853,0.432853,0.35893,0.335384
11,11.672,0.429,0.429,0.356302,0.331433
11,11.788,0.402047,0.402047,0.338755,0.304694
11,11.904,0.375712,0.375712,0.322939,0.280919
11,11.9141,0.373466,0.373466,0.321639,0.278975
11,12,0.354517,0.354517,0.311088,0.263101
11,12.02,0.350164,0.350164,0.308727,0.259587
11,12.136,0.325353,0.325353,0.295657,0.240373
11,12.1782,0.316541,0.316541,0.291187,0.233861
11,12.252,0.301331,0.301331,0.283704,0.223029
11,12.368,0.277571,0.277571,0.272735,0.207343
11,12.4482,0.261339,0.261339,0.26564,0.197378
11,12.484,0.254544,0.254544,0.262587,0.193135
11,12.5,0.251584,0.251584,0.261247,0.19128
11,12.6,0.233255,0.233255,0.253171,0.180204
11,12.716,0.211937,0.211937,0.244363,0.168417
11,12.7241,0.210471,0.210471,0.243766,0.167629
11,12.832,0.1911,0.1911,0.236059,0.157605
11,12.948,0.170529,0.170529,0.228164,0.147622
11,13,0.161807,0.161807,0.224747,0.143384
11,13.0062,0.16076,0.16076,0.224344,0.142888
11,13.064,0.150991,0.150991,0.220632,0.13835
11,13.18,0.132104,0.132104,0.213398,0.129676
11,13.2945,0.113715,0.113715,0.206476,0.121629
11,13.296,0.113485,0.113485,0.206388,0.121529
11,13.412,0.0954583,0.0954583,0.199468,0.113757
11,13.5,0.0818833,0.0818833,0.194201,0.107982
11,13.528,0.077696,0.077696,0.192552,0.106178
11,13.5893,0.0686243,0.0686243,0.189041,0.10235
11,13.644,0.0604728,0.0604728,0.186053,0.099103
11,13.76,0.0435682,0.0435682,0.180144,0.0927165
11,13.876,0.0270585,0.0270585,0.174193,0.0863798
11,13.8905,0.0249949,0.0249949,0.173421,0.0855721
11,13.992,0.0106936,0.0106936,0.16795,0.0799485
11,14,0.00959648,0.00959648,0.167514,0.0795077
11,14.108,0,0,0.161545,0.0736085
11,14.1985,0,0,0.156557,0.0687456
11,14.224,0,0,0.155177,0.0673868
11,14.34,0,0,0.149174,0.0613087
11,14.456,0,0,0.143263,0.0553997
11,14.5,0,0,0.140957,0.0532077
11,14.5132,0,0,0.140253,0.0525547
11,14.572,0,0,0.137094,0.0496832
11,14.688,0,0,0.130841,0.0441387
11,14.804,0,0,0.124597,0.0383352
11,14.835,0,0,0.122906,0.0366821
11,14.92,0,0,0.118163,0.0321284
11,15,0,0,0.113692,0.0280322
11,15.036,0,0,0.111808,0.0262925
11,15.152,0,0,0.106158,0.0207302
11,15.1638,0,0,0.10557,0.0201544
11,15.268,0,0,0.100176,0.0150071
11,15.384,0,0,0.0940043,0.00950449
11,15.5,0,0,0.0878625,0.00325808
12,1,0,0,0,0
12,1.02339,0,0,0,0
12,1.04733,0,0,0,0
12,1.07183,0,0,0,0
12,1.0969,0,0,0,0
12,1.12256,0,0,0,0
12,1.136,0,0,0,0
12,1.14882,0,0,0,0
12,1.1757,0,0,0,0
12,1.2032,0,0,0,0
12,1.23134,0,0,0,0
12,1.26015,0,0,0,0
12,1.272,0,0,0,0
12,1.28963,0,0,0,0
12,1.31979,0,0,0,0
12,1.35067,0,0,0,0
12,1.38226,0,0,0,0
12,1.408,0,0,0,0
12,1.4146,0,0,0,0
12,1.44769,0,0,0,0
12,1.48155,0,0,0,0
12,1.5,0,0,0,0
12,1.51621,0,0,0,0
12,1.544,0,0,0,0
12,1.55168,0,0,0,0
12,1.58797,0,0,0,0
12,1.62512,0,0,0,0
12,1.66314,0,0,0,0
12,1.68,0,0,0,0
12,1.70204,0,0,0,0
12,1.74186,0,0,0,0
12,1.7826,0,0,0,0
12,1.816,0,0,0,0
12,1.8243,0,0,0,0
12,1.86698,0,0,0,0
12,1.91065,0,0,0,0
12,1.952,0,0,0,0
12,1.95534,0,0,0,0
12,2,0,0,0,0
12,2.00108,0,0,0,0
12,2.04789,0,0,0,0
12,2.088,0,0,0,0
12,2.0958,0,0,0,0
12,2.14483,0,0,0,0
12,2.195,0,0,0,0
12,2.224,0,0,0,0
12,2.24634,0,0,0,0
12,2.29889,0,0,0,0
12,2.35267,0.185489,0.185489,0,0
12,2.36,0.211711,0.211711,0,0
12,2.4077,0.371863,0.371863,0,0
12,2.46402,0.540604,0.540604,0,0
12,2.496,0.628083,0.628083,0,0
12,2.5,0.638645,0.638645,0,0
12,2.52166,0.69447,0.69447,0,0
12,2.58065,0.835641,0.835641,0,0
12,2.632,0.947196,0.947196,0,0
12,2.64102,0.965818,0.965818,0,0
12,2.7028,1.08638,1.08638,0,0
12,2.76602,1.19846,1.19846,0,0
12,2.768,1.2018,1.2018,0,0
12,2.83073,1.30298,1.30298,0,0
12,2.89695,1.40071,1.40071,0,0
12,2.904,1.41063,1.41063,0,0
12,2.96471,1.49231,1.49231,0,0
12,3,1.537,1.537,0,0
12,3.03406,1.57834,1.57834,0,0
12,3.04,1.58537,1.58537,0,0
12,3.10504,1.65926,1.65926,0,0
12,3.176,1.73385,1.73385,0,0
12,3.17767,1.73554,1.73554,0,0
12,3.252,1.80757,1.80757,0,0
12,3.312,1.86169,1.86169,0,0
12,3.32808,1.87563,1.87563,0,0
12,3.40593,1.93992,1.93992,0,0
12,3.448,1.97251,1.97251,0,0
12,3.4856,2.00043,2.00043,0,0
12,3.5,2.01084,2.01084,0,0
12,3.56714,2.05749,2.05749,0,0
12,3.584,2.06876,2.06876,0,0
12,3.65058,2.11156,2.11156,0,0
12,3.72,2.15344,2.15344,0,0
12,3.73598,2.1627,2.1627,0,0
12,3.82337,2.21089,2.21089,0,0
12,3.856,2.22781,2.22781,0,0
12,3.91281,2.2558,2.2558,0,0
12,3.992,2.2919,2.2919,0,0
12,4,2.29539,2.29539,0,0
12,4.00434,2.29727,2.29727,0,0
12,4.09801,2.33582,2.33582,0,0
12,4.128,2.34729,2.34729,0,0
12,4.19387,2.37081,2.37081,0,0
12,4.264,2.39351,2.39351,0,0
12,4.29198,2.40198,2.40198,0,0
12,4.39238,2.42949,2.42949,0.437458,0.0426515
12,4.4,2.43138,2.43138,0.469851,0.0881474
12,4.49512,2.45287,2.45287,0.797907,0.527822
12,4.5,2.45388,2.45388,0.811782,0.54568
12,4.536,2.46103,2.46103,0.907644,0.666983
12,4.60028,2.47233,2.47233,1.0549,0.847947
12,4.672,2.48266,2.48266,1.1915,1.01192
12,4.70789,2.48703,2.48703,1.25125,1.08262
12,4.808,2.49624,2.49624,1.39444,1.25025
12,4.81802,2.49694,2.49694,1.40716,1.26514
12,4.93072,2.5019,2.5019,1.53423,1.41147
12,4.944,2.50213,2.50213,1.5475,1.42656
12,5,2.50237,2.50237,1.6001,1.4861
12,5.04606,2.50161,2.50161,1.63968,1.53064
12,5.08,2.50049,2.50049,1.66692,1.56118
12,5.1641,2.49584,2.49584,1.72824,1.6296
12,5.216,2.49158,2.49158,1.76217,1.66729
12,5.2849,2.4845,2.4845,1.80319,1.7127
12,5.352,2.47608,2.47608,1.83918,1.75244
12,5.40853,2.46785,2.46785,1.86676,1.78286
12,5.488,2.4545,2.4545,1.90174,1.8214
12,5.5,2.45231,2.45231,1.90666,1.82682
12,5.53505,2.44562,2.44562,1.92052,1.8421
12,5.624,2.42695,2.42695,1.95245,1.87738
12,5.66453,2.41766,2.41766,1.96556,1.8919
12,5.76,2.39399,2.39399,1.99314,1.9226
12,5.79703,2.38415,2.38415,2.00268,1.93326
12,5.896,2.35623,2.35623,2.0252,1.9586
12,5.93264,2.34534,2.34534,2.03247,1.96687
12,6,2.32459,2.32459,2.04438,1.9806
12,6.032,2.31442,2.31442,2.04937,1.98647
12,6.07142,2.30162,2.30162,2.05495,1.99315
12,6.168,2.26912,2.26912,2.06594,2.00699
12,6.21344,2.25332,2.25332,2.06985,2.0123
12,6.304,2.22095,2.22095,2.0754,2.02067
12,6.35879,2.20084,2.20084,2.07742,2.02434
12,6.44,2.1704,2.1704,2.07873,2.02791
12,6.5,2.14747,2.14747,2.07843,2.02913
12,6.50754,2.14457,2.14457,2.07829,2.0292
12,6.576,2.11796,2.11796,2.07605,2.029
12,6.65976,2.08491,2.08491,2.07097,2.02671
12,6.712,2.06405,2.06405,2.06659,2.02416
12,6.81555,2.02224,2.02224,2.05503,2.01661
12,6.848,2.00903,2.00903,2.05062,2.01356
12,6.97498,1.95696,1.95696,2.02997,1.99868
12,6.984,1.95324,1.95324,2.02832,1.99744
12,7,1.94664,1.94664,2.02534,1.99519
12,7.12,1.89695,1.89695,2.00053,1.97596
12,7.13814,1.88942,1.88942,1.99642,1.97269
12,7.256,1.84043,1.84043,1.96748,1.94929
12,7.30512,1.81999,1.81999,1.95431,1.93846
12,7.392,1.78389,1.78389,1.92948,1.91777
12,7.47601,1.74906,1.74906,1.90365,1.89589
12,7.5,1.73913,1.73913,1.89592,1.88933
12,7.528,1.72755,1.72755,1.88672,1.88151
12,7.65089,1.67697,1.67697,1.84388,1.84537
12,7.664,1.67159,1.67159,1.83909,1.84134
12,7.8,1.61618,1.61618,1.78716,1.7969
12,7.82986,1.60411,1.60411,1.77527,1.78653
12,7.936,1.56149,1.56149,1.73168,1.74889
12,8,1.53604,1.53604,1.70438,1.72529
12,8.01302,1.53089,1.53089,1.69874,1.72035
12,8.072,1.50765,1.50765,1.67277,1.69757
12,8.20046,1.45769,1.45769,1.61421,1.64621
12,8.208,1.45479,1.45479,1.6107,1.64312
12,8.344,1.40306,1.40306,1.54611,1.58567
12,8.39229,1.38499,1.38499,1.52263,1.5647
12,8.48,1.3526,1.3526,1.47935,1.52585
12,8.5,1.34529,1.34529,1.46938,1.51684
12,8.58861,1.31328,1.31328,1.42476,1.47639
12,8.616,1.30351,1.30351,1.41085,1.46371
12,8.752,1.25594,1.25594,1.34104,1.39972
12,8.78952,1.24309,1.24309,1.32159,1.38182
12,8.888,1.20998,1.20998,1.27026,1.33446
12,8.99512,1.17498,1.17498,1.21414,1.28249
12,9,1.17341,1.17341,1.21159,1.28011
12,9.024,1.16574,1.16574,1.199,1.26839
12,9.16,1.12331,1.12331,1.12775,1.20124
12,9.20554,1.10952,1.10952,1.10402,1.17907
12,9.296,1.08275,1.08275,1.0572,1.13518
12,9.42088,1.04706,1.04706,0.993456,1.07426
12,9.432,1.04394,1.04394,0.987836,1.06888
12,9.5,1.025,1.025,0.953709,1.03613
12,9.568,1.00612,1.00612,0.920057,1.00359
12,9.64126,0.985676,0.985676,0.88445,0.968887
12,9.704,0.967988,0.967988,0.854722,0.939511
12,9.84,0.928793,0.928793,0.792463,0.877128
12,9.86679,0.920996,0.920996,0.780499,0.86507
12,9.976,0.889616,0.889616,0.733068,0.816795
12,10,0.882827,0.882827,0.723043,0.806397
12,10.0976,0.85499,0.85499,0.683567,0.765001
12,10.112,0.850797,0.850797,0.677886,0.758971
12,10.248,0.810155,0.810155,0.62585,0.703639
12,10.3338,0.785944,0.785944,0.595513,0.670177
12,10.384,0.772037,0.772037,0.57869,0.651146
12,10.5,0.738521,0.738521,0.541136,0.608745
12,10.52,0.732698,0.732698,0.535004,0.601657
12,10.5755,0.7168,0.7168,0.518711,0.582324
12,10.656,0.694195,0.694195,0.496291,0.555239
12,10.792,0.656541,0.656541,0.460822,0.511988
12,10.8229,0.647943,0.647943,0.453241,0.502596
12,10.928,0.618786,0.618786,0.429091,0.471884
12,11,0.599329,0.599329,0.413678,0.451942
12,11.064,0.582305,0.582305,0.400725,0.434942
12,11.0761,0.5791,0.5791,0.398368,0.431806
12,11.2,0.54648,0.54648,0.376016,0.401045
12,11.3352,0.511514,0.511514,0.353688,0.370251
12,11.336,0.511309,0.511309,0.353564,0.370076
12,11.472,0.47739,0.47739,0.334123,0.341962
12,11.5,0.4705,0.4705,0.330435,0.336495
12,11.6003,0.446088,0.446088,0.31807,0.317671
12,11.608,0.444248,0.444248,0.317176,0.316291
12,11.744,0.412114,0.412114,0.302514,0.293461
12,11.8717,0.382983,0.382983,0.290257,0.273945
12,11.88,0.381117,0.381117,0.289506,0.272705
12,12,0.354491,0.354491,0.279497,0.256113
12,12.016,0.351007,0.351007,0.278263,0.254168
12,12.1494,0.322524,0.322524,0.268719,0.23823
12,12.152,0.321982,0.321982,0.268547,0.237901
12,12.288,0.29395,0.29395,0.260062,0.221822
12,12.424,0.266848,0.266848,0.252737,0.208271
12,12.4336,0.26494,0.26494,0.252261,0.207361
12,12.5,0.251657,0.251657,0.249094,0.201253
12,12.56,0.23967,0.23967,0.246404,0.196085
12,12.696,0.215383,0.215383,0.24087,0.185385
12,12.7245,0.210379,0.210379,0.239801,0.18318
12,12.832,0.191175,0.191175,0.23603,0.174832
12,12.968,0.168649,0.168649,0.231646,0.165735
12,13,0.163394,0.163394,0.230744,0.163926
12,13.0221,0.159542,0.159542,0.230114,0.162657
12,13.104,0.14482,0.14482,0.227937,0.157732
12,13.24,0.122119,0.122119,0.224636,0.150345
12,13.3267,0.108071,0.108071,0.222705,0.145554
12,13.376,0.100135,0.100135,0.221663,0.143102
12,13.5,0.0815225,0.0815225,0.219197,0.137107
12,13.512,0.0796983,0.0796983,0.21897,0.136581
12,13.6385,0.0610869,0.0610869,0.216672,0.13133
12,13.648,0.0597012,0.0597012,0.216506,0.130936
12,13.784,0.0399734,0.0399734,0.214223,0.125522
12,13.92,0.0206012,0.0206012,0.212095,0.120536
12,13.9575,0.015364,0.015364,0.21153,0.119162
12,14,0.00953608,0.00953608,0.210902,0.117655
12,14.056,0.00183893,0.00183893,0.210088,0.115726
12,14.192,0,0,0.208159,0.111234
12,14.284,0,0,0.206875,0.108499
12,14.328,0,0,0.206263,0.107145
12,14.464,0,0,0.204391,0.102961
12,14.5,0,0,0.203904,0.101892
12,14.6,0,0,0.202571,0.0989816
12,14.6182,0,0,0.202332,0.098462
12,14.736,0,0,0.200797,0.0951642
12,14.872,0,0,0.198989,0.091449
12,14.9601,0,0,0.197769,0.0890833
12,15,0,0,0.1972,0.0880215
12,15.008,0,0,0.197086,0.0878091
12,15.144,0,0,0.195194,0.0842325
12,15.28,0,0,0.193487,0.0807109
12,15.3101,0,0,0.193146,0.0799392
12,15.416,0,0,0.191967,0.077231
12,15.5,0,0,0.190961,0.0750831
12,15.552,0,0,0.190283,0.0737533
12,15.6682,0,0,0.188556,0.0707828
12,15.688,0,0,0.188241,0.0702773
12,15.824,0,0,0.186069,0.0668052
12,15.96,0,0,0.184008,0.0633303
12,16,0,0,0.183442,0.0623089
12,16.0347,0,0,0.182949,0.0614256
12,16.096,0,0,0.182071,0.0598756
12,16.232,0,0,0.180045,0.0564687
12,16.368,0,0,0.177832,0.053049
12,16.4098,0,0,0.177098,0.0519911
12,16.5,0,0,0.175408,0.0496879
12,16.504,0,0,0.175329,0.0495849
12,16.64,0,0,0.172769,0.0460478
12,16.776,0,0,0.170645,0.0424703
12,16.7937,0,0,0.17037,0.0420033
12,16.912,0,0,0.168337,0.0388521
12,17,0,0,0.166613,0.0364628
12,17.048,0,0,0.16563,0.0351421
12,17.184,0,0,0.162745,0.0313042
12,17.1865,0,0,0.162691,0.0312314
12,17.32,0,0,0.159981,0.0273462
12,17.456,0,0,0.157663,0.0234356
12,17.5,0,0,0.156834,0.0221831
12,17.5886,0,0,0.154951,0.0196633
12,17.592,0,0,0.154871,0.0195655
12,17.728,0,0,0.151546,0.0156896
12,17.864,0,0,0.149017,0.0117135
12,18,0,0,0.145809,0.00763054
13,1,0,0,0,0
13,1.02362,0,0,0,0
13,1.04779,0,0,0,0
13,1.07254,0,0,0,0
13,1.09787,0,0,0,0
13,1.12379,0,0,0,0
13,1.14,0,0,0,0
13,1.15033,0,0,0,0
13,1.1775,0,0,0,0
13,1.20531,0,0,0,0
13,1.23378,0,0,0,0
13,1.26291,0,0,0,0
13,1.28,0,0,0,0
13,1.29274,0,0,0,0
13,1.32327,0,0,0,0
13,1.35452,0,0,0,0
13,1.38651,0,0,0,0
13,1.41926,0,0,0,0
13,1.42,0,0,0,0
13,1.45277,0,0,0,0
13,1.48708,0,0,0,0
13,1.5,0,0,0,0
13,1.5222,0,0,0,0
13,1.55815,0,0,0,0
13,1.56,0,0,0,0
13,1.59495,0,0,0,0
13,1.63262,0,0,0,0
13,1.67118,0,0,0,0
13,1.7,0,0,0,0
13,1.71064,0,0,0,0
13,1.75104,0,0,0,0
13,1.7924,0,0,0,0
13,1.83473,0,0,0,0
13,1.84,0,0,0,0
13,1.87806,0,0,0,0
13,1.92241,0,0,0,0
13,1.96781,0,0,0,0
13,1.98,0,0,0,0
13,2,0,0,0,0
13,2.01429,0,0,0,0
13,2.06186,0,0,0,0
13,2.11055,0,0,0,0
13,2.12,0,0,0,0
13,2.1604,0,0,0,0
13,2.21142,0,0,0,0
13,2.26,0,0,0.0778282,0.0800332
13,2.26364,0,0,0.0846599,0.0869288
13,2.3171,0.0516059,0.0516059,0.181674,0.184789
13,2.37183,0.253253,0.253253,0.27528,0.279063
13,2.4,0.347322,0.347322,0.321408,0.325465
13,2.42784,0.434668,0.434668,0.365662,0.370001
13,2.48518,0.599231,0.599231,0.452921,0.457835
13,2.5,0.638781,0.638781,0.474665,0.479729
13,2.54,0.740117,0.740117,0.531799,0.537257
13,2.54387,0.749529,0.749529,0.537197,0.542705
13,2.60395,0.887595,0.887595,0.618678,0.624748
13,2.66544,1.01503,1.01503,0.697391,0.704056
13,2.68,1.04338,1.04338,0.715362,0.722176
13,2.72839,1.13313,1.13313,0.773401,0.780725
13,2.79283,1.24303,1.24303,0.846798,0.854821
13,2.82,1.28641,1.28641,0.876485,0.884811
13,2.85879,1.34556,1.34556,0.917631,0.926401
13,2.9263,1.44149,1.44149,0.98596,0.995499
13,2.96,1.48631,1.48631,1.01857,1.0285
13,2.99541,1.53139,1.53139,1.0518,1.06215
13,3,1.53709,1.53709,1.05603,1.06643
13,3.06615,1.61592,1.61592,1.11516,1.12635
13,3.1,1.65388,1.65388,1.14409,1.1557
13,3.13857,1.69541,1.69541,1.17599,1.18809
13,3.21269,1.7703,1.7703,1.23427,1.24734
13,3.24,1.79628,1.79628,1.25476,1.2682
13,3.28856,1.84085,1.84085,1.28991,1.30403
13,3.36623,1.90756,1.90756,1.34283,1.35806
13,3.38,1.9189,1.9189,1.35179,1.36723
13,3.44573,1.97055,1.97055,1.39285,1.4093
13,3.5,2.01066,2.01066,1.42465,1.44197
13,3.52,2.02493,2.02493,1.43588,1.45354
13,3.5271,2.02992,2.02992,1.43981,1.45759
13,3.6104,2.086,2.086,1.48347,1.50269
13,3.66,2.11728,2.11728,1.50736,1.52748
13,3.69567,2.13881,2.13881,1.52356,1.54436
13,3.78295,2.18871,2.18871,1.55978,1.58229
13,3.8,2.198,2.198,1.56628,1.58914
13,3.87229,2.23552,2.23552,1.59174,1.61612
13,3.94,2.26816,2.26816,1.6125,1.63839
13,3.96374,2.27897,2.27897,1.61907,1.6455
13,4,2.29508,2.29508,1.62839,1.65566
13,4.05735,2.31908,2.31908,1.64136,1.66998
13,4.08,2.32809,2.32809,1.64589,1.67504
13,4.15317,2.3556,2.3556,1.65818,1.68916
13,4.22,2.37862,2.37862,1.66633,1.69905
13,4.25126,2.38865,2.38865,1.66914,1.70267
13,4.35166,2.41798,2.41798,1.6739,1.70997
13,4.36,2.4202,2.4202,1.67401,1.71029
13,4.45443,2.44276,2.44276,1.67207,1.71095
13,4.5,2.45215,2.45215,1.66918,1.70925
13,4.55963,2.46311,2.46311,1.66356,1.70498
13,4.64,2.4757,2.4757,1.65273,1.69598
13,4.66731,2.47936,2.47936,1.64821,1.69216
13,4.77754,2.49121,2.49121,1.62611,1.67257
13,4.78,2.49142,2.49142,1.62555,1.67206
13,4.89037,2.49816,2.49816,1.59775,1.64624
13,4.92,2.49915,2.49915,1.58933,1.6385
13,5,2.49988,2.49988,1.5647,1.61569
13,5.00586,2.49986,2.49986,1.56281,1.6139
13,5.06,2.49894,2.49894,1.54484,1.59674
13,5.12408,2.49603,2.49603,1.52257,1.57507
13,5.2,2.4911,2.4911,1.49452,1.5476
13,5.2451,2.48675,2.48675,1.47698,1.5306
13,5.34,2.47574,2.47574,1.43883,1.49336
13,5.36897,2.47144,2.47144,1.42697,1.48164
13,5.48,2.45362,2.45362,1.38044,1.43558
13,5.49577,2.45054,2.45054,1.37374,1.42891
13,5.5,2.44972,2.44972,1.37194,1.42712
13,5.62,2.42514,2.42514,1.3201,1.37553
13,5.62556,2.4239,2.4239,1.31766,1.37311
13,5.75842,2.39171,2.39171,1.25909,1.31493
13,5.76,2.3913,2.3913,1.25839,1.31423
13,5.89441,2.35415,2.35415,1.19872,1.25505
13,5.9,2.35252,2.35252,1.19624,1.25259
13,6,2.32216,2.32216,1.15214,1.20881
13,6.03362,2.31152,2.31152,1.13742,1.19419
13,6.04,2.30947,2.30947,1.13464,1.19142
13,6.17611,2.26415,2.26415,1.07597,1.13303
13,6.18,2.26281,2.26281,1.07431,1.13138
13,6.32,2.21316,2.21316,1.01593,1.07304
13,6.32197,2.21244,2.21244,1.01512,1.07224
13,6.46,2.16105,2.16105,0.95994,1.01685
13,6.47128,2.15676,2.15676,0.955546,1.01243
13,6.5,2.14578,2.14578,0.944432,1.00124
13,6.6,2.10699,2.10699,0.906677,0.963123
13,6.62411,2.09751,2.09751,0.897805,0.95414
13,6.74,2.05141,2.05141,0.856407,0.912111
13,6.78055,2.03509,2.03509,0.84242,0.89787
13,6.88,1.99472,1.99472,0.809258,0.863996
13,6.94068,1.96989,1.96989,0.789816,0.844074
13,7,1.9455,1.9455,0.771384,0.825155
13,7.02,1.93726,1.93726,0.765303,0.818901
13,7.1046,1.90229,1.90229,0.740329,0.79315
13,7.16,1.87933,1.87933,0.724607,0.776899
13,7.27238,1.83268,1.83268,0.694258,0.745442
13,7.3,1.82121,1.82121,0.687126,0.738022
13,7.44,1.76314,1.76314,0.652843,0.702266
13,7.44413,1.76143,1.76143,0.651879,0.701257
13,7.5,1.73832,1.73832,0.639128,0.687892
13,7.58,1.70534,1.70534,0.621741,0.669611
13,7.61994,1.68893,1.68893,0.613423,0.660856
13,7.72,1.648,1.648,0.5937,0.640009
13,7.7999,1.61558,1.61558,0.579072,0.62447
13,7.86,1.59134,1.59134,0.568679,0.613408
13,7.98411,1.54178,1.54178,0.548968,0.592248
13,8,1.53549,1.53549,0.546606,0.589702
13,8.14,1.48063,1.48063,0.527324,0.568817
13,8.17266,1.46799,1.46799,0.523236,0.564342
13,8.28,1.42689,1.42689,0.510799,0.550652
13,8.36568,1.39464,1.39464,0.501973,0.540826
13,8.42,1.37446,1.37446,0.496885,0.535097
13,8.5,1.34512,1.34512,0.490059,0.527342
13,8.56,1.32342,1.32342,0.485454,0.522057
13,8.56325,1.32225,1.32225,0.485218,0.521783
13,8.7,1.27392,1.27392,0.476401,0.511422
13,8.76548,1.25138,1.25138,0.472952,0.507243
13,8.84,1.22618,1.22618,0.469609,0.503084
13,8.97249,1.18253,1.18253,0.465173,0.497207
13,8.98,1.1801,1.1801,0.464978,0.496931
13,9,1.17367,1.17367,0.464487,0.496226
13,9.12,1.13598,1.13598,0.462387,0.492861
13,9.18439,1.11641,1.11641,0.46183,0.491642
13,9.26,1.09393,1.09393,0.461673,0.490723
13,9.4,1.05361,1.05361,0.462769,0.490437
13,9.4013,1.05324,1.05324,0.462787,0.490442
13,9.5,1.02579,1.02579,0.46458,0.491285
13,9.54,1.01478,1.01478,0.465528,0.49186
13,9.62333,0.991673,0.991673,0.467907,0.493486
13,9.68,0.975581,0.975581,0.469832,0.494911
13,9.82,0.935444,0.935444,0.475592,0.499472
13,9.8506,0.926821,0.926821,0.477032,0.50066
13,9.96,0.895874,0.895874,0.482676,0.505447
13,10,0.884313,0.884313,0.484932,0.507401
13,10.0832,0.859667,0.859667,0.489946,0.511796
13,10.1,0.854717,0.854717,0.491006,0.512734
13,10.24,0.814665,0.814665,0.500487,0.521232
13,10.3214,0.791325,0.791325,0.506484,0.526695
13,10.38,0.774423,0.774423,0.511017,0.530855
13,10.5,0.740206,0.740206,0.520814,0.539922
13,10.52,0.734548,0.734548,0.522512,0.541503
13,10.5651,0.721826,0.721826,0.526407,0.545138
13,10.66,0.695179,0.695179,0.534875,0.553086
13,10.8,0.65614,0.65614,0.54802,0.565516
13,10.8146,0.652106,0.652106,0.549437,0.566862
13,10.94,0.617921,0.617921,0.561864,0.578712
13,11,0.601762,0.601762,0.56799,0.584581
13,11.07,0.583033,0.583033,0.575276,0.591584
13,11.08,0.580386,0.580386,0.576323,0.592592
13,11.22,0.543708,0.543708,0.591326,0.607083
13,11.3315,0.515192,0.515192,0.603617,0.619014
13,11.36,0.50799,0.50799,0.606804,0.622116
13,11.5,0.473216,0.473216,0.622686,0.63763
13,11.5,0.473216,0.473216,0.622686,0.63763
13,11.5991,0.449242,0.449242,0.634137,0.648861
13,11.64,0.439505,0.439505,0.638906,0.65355
13,11.78,0.406846,0.406846,0.655386,0.669808
13,11.873,0.385705,0.385705,0.666058,0.680477
13,11.92,0.375235,0.375235,0.670808,0.685392
13,12,0.357701,0.357701,0.677449,0.692643
13,12.06,0.344726,0.344726,0.680843,0.696841
13,12.1534,0.324908,0.324908,0.681956,0.700216
13,12.2,0.315314,0.315314,0.680539,0.700025
13,12.34,0.287605,0.287605,0.669739,0.691229
13,12.4405,0.267188,0.267188,0.65623,0.679111
13,12.48,0.259387,0.259387,0.649607,0.673269
13,12.5,0.255512,0.255512,0.645974,0.670066
13,12.62,0.232895,0.232895,0.620281,0.647491
13,12.7343,0.212278,0.212278,0.589802,0.619737
13,12.76,0.207938,0.207938,0.582152,0.612527
13,12.9,0.183329,0.183329,0.535591,0.568649
13,13,0.165298,0.165298,0.497448,0.533158
13,13.035,0.159358,0.159358,0.4832,0.51994
13,13.04,0.158523,0.158523,0.481127,0.518021
13,13.18,0.135039,0.135039,0.41914,0.460609
13,13.32,0.113259,0.113259,0.34997,0.393498
13,13.3428,0.109737,0.109737,0.338234,0.381909
13,13.46,0.0917479,0.0917479,0.276958,0.320699
13,13.5,0.0856741,0.0856741,0.255301,0.299653
13,13.6,0.0716833,0.0716833,0.199081,0.245653
13,13.658,0.0626963,0.0626963,0.165001,0.212032
13,13.74,0.0500454,0.0500454,0.115492,0.16245
13,13.88,0.029086,0.029086,0.0279074,0.077847
13,13.9805,0.0158249,0.0158249,0,0.015179
13,14,0.0132994,0.0132994,0,0.00302667
13,14.02,0.01065,0.01065,0,0
13,14.16,0,0,0,0
13,14.3,0,0,0,0
13,14.3107,0,0,0,0
13,14.44,0,0,0,0
13,14.5,0,0,0,0
13,14.58,0,0,0,0
13,14.6487,0,0,0,0
13,14.72,0,0,0,0
13,14.86,0,0,0,0
13,14.9946,0,0,0,0
13,15,0,0,0,0
13,15,0,0,0,0
13,15.14,0,0,0,0
13,15.28,0,0,0,0
13,15.3487,0,0,0,0
13,15.42,0,0,0,0
13,15.5,0,0,0,0
13,15.56,0,0,0,0
13,15.7,0,0,0,0
13,15.7112,0,0,0,0
13,15.84,0,0,0,0
13,15.98,0,0,0,0
13,16,0,0,0,0
13,16.0823,0,0,0,0
13,16.12,0,0,0,0
13,16.26,0,0,0,0
13,16.4,0,0,0,0
13,16.4621,0,0,0,0
13,16.5,0,0,0,0
13,16.54,0,0,0,0
13,16.68,0,0,0,0
13,16.82,0,0,0,0
13,16.8509,0,0,0,0
13,16.96,0,0,0,0
13,17,0,0,0,0
13,17.1,0,0,0,0
13,17.24,0,0,0,0
13,17.2488,0,0,0,0
13,17.38,0,0,0,0
13,17.5,0,0,0,0
13,17.52,0,0,0,0
13,17.6562,0,0,0,0
13,17.66,0,0,0,0
13,17.8,0,0,0,0
13,17.94,0,0,0,0
13,18,0,0,0,0
13,18.0732,0,0,0,0
13,18.08,0,0,0,0
13,18.22,0,0,0,0
13,18.36,0,0,0,0
13,18.5,0,0,0,0
14,1,0,0,0,0
14,1.02316,0,0,0,0
14,1.04686,0,0,0,0
14,1.07111,0,0,0,0
14,1.09592,0,0,0,0
14,1.1213,0,0,0,0
14,1.132,0,0,0,0
14,1.14727,0,0,0,0
14,1.17384,0,0,0,0
14,1.20103,0,0,0,0
14,1.22885,0,0,0,0
14,1.25731,0,0,0,0
14,1.264,0,0,0,0
14,1.28643,0,0,0,0
14,1.31623,0,0,0,0
14,1.34672,0,0,0,0
14,1.37791,0,0,0,0
14,1.396,0,0,0,0
14,1.40982,0,0,0,0
14,1.44248,0,0,0,0
14,1.47589,0,0,0,0
14,1.5,0,0,0,0
14,1.51007,0,0,0,0
14,1.528,0,0,0,0
14,1.54505,0,0,0,0
14,1.58083,0,0,0,0
14,1.61745,0,0,0,0
14,1.65491,0,0,0,0
14,1.66,0,0,0,0
14,1.69324,0,0,0,0
14,1.73246,0,0,0,0
14,1.77259,0,0,0,0
14,1.792,0,0,0,0
14,1.81364,0,0,0.125343,0
14,1.85565,0,0,0.425959,0.156233
14,1.89863,0,0,0.694492,0.44145
14,1.924,0,0,0.837858,0.593182
14,1.94261,0,0,0.936867,0.697758
14,1.9876,0,0,1.15762,0.930315
14,2,0,0,1.2143,0.989903
14,2.03364,0,0,1.36012,1.14297
14,2.056,0,0,1.45117,1.2384
14,2.08074,0,0,1.54697,1.33867
14,2.12893,0,0,1.72024,1.51975
14,2.17824,0,0,1.8816,1.6881
14,2.188,0,0,1.91183,1.7196
14,2.2287,0,0,2.03243,1.8452
14,2.28032,0,0,2.17387,1.99231
14,2.32,0.0627476,0.0627476,2.27479,2.0972
14,2.33313,0.113293,0.113293,2.30681,2.13048
14,2.38717,0.305062,0.305062,2.43204,2.26057
14,2.44246,0.478353,0.478353,2.55024,2.38329
14,2.452,0.506227,0.506227,2.5697,2.40348
14,2.49903,0.636102,0.636102,2.66199,2.49923
14,2.5,0.638645,0.638645,2.66382,2.50113
14,2.55692,0.780634,0.780634,2.76777,2.60901
14,2.584,0.843218,0.843218,2.81456,2.65759
14,2.61614,0.913765,0.913765,2.86794,2.71307
14,2.67673,1.03695,1.03695,2.96261,2.81177
14,2.716,1.11067,1.11067,3.02008,2.87189
14,2.73873,1.15137,1.15137,3.05205,2.90538
14,2.80216,1.25801,1.25801,3.13655,2.99398
14,2.848,1.32932,1.32932,3.19352,3.05381
14,2.86707,1.35769,1.35769,3.21624,3.07769
14,2.93347,1.45108,1.45108,3.29096,3.15654
14,2.98,1.51191,1.51191,3.33901,3.20822
14,3,1.537,1.537,3.35863,3.22951
14,3.00142,1.53876,1.53876,3.36,3.23099
14,3.07094,1.62122,1.62122,3.42396,3.30082
14,3.112,1.66685,1.66685,3.45882,3.33909
14,3.14207,1.69892,1.69892,3.48301,3.36561
14,3.21484,1.77228,1.77228,3.53622,3.42511
14,3.244,1.80008,1.80008,3.55539,3.44679
14,3.2893,1.84161,1.84161,3.58276,3.47801
14,3.36549,1.90718,1.90718,3.6218,3.52483
14,3.376,1.91582,1.91582,3.62651,3.53074
14,3.44344,1.96905,1.96905,3.6529,3.56556
14,3.5,2.01084,2.01084,3.67003,3.59049
14,3.508,2.01656,2.01656,3.6721,3.5937
14,3.5232,2.0273,2.0273,3.67577,3.59959
14,3.6048,2.08241,2.08241,3.69016,3.62626
14,3.64,2.10493,2.10493,3.69366,3.63524
14,3.68829,2.13465,2.13465,3.69592,3.64508
14,3.772,2.18306,2.18306,3.69318,3.65553
14,3.77372,2.18402,2.18402,3.69304,3.65566
14,3.86113,2.23042,2.23042,3.68169,3.65782
14,3.904,2.25159,2.25159,3.6733,3.65583
14,3.95056,2.27339,2.27339,3.66224,3.65152
14,4,2.29539,2.29539,3.64843,3.6446
14,4.036,2.31075,2.31075,3.63714,3.63814
14,4.04206,2.31327,2.31327,3.63515,3.63694
14,4.13568,2.35015,2.35015,3.60097,3.61439
14,4.168,2.36184,2.36184,3.58784,3.60499
14,4.23147,2.38325,2.38325,3.5603,3.58432
14,4.3,2.40436,2.40436,3.52822,3.55902
14,4.32948,2.41282,2.41282,3.51375,3.54726
14,4.42976,2.43848,2.43848,3.4619,3.50379
14,4.432,2.43899,2.43899,3.4607,3.50276
14,4.5,2.45388,2.45388,3.42346,3.4705
14,4.53236,2.46034,2.46034,3.40525,3.45447
14,4.564,2.46621,2.46621,3.38715,3.43842
14,4.63733,2.47794,2.47794,3.34425,3.39986
14,4.696,2.48564,2.48564,3.30906,3.36782
14,4.74474,2.49091,2.49091,3.27932,3.34047
14,4.828,2.4976,2.4976,3.22757,3.29243
14,4.85464,2.49914,2.49914,3.21079,3.27674
14,4.96,2.50233,2.50233,3.14352,3.2134
14,4.96708,2.50238,2.50238,3.13896,3.20907
14,5,2.50237,2.50237,3.11766,3.18887
14,5.08213,2.50041,2.50041,3.06408,3.13781
14,5.092,2.49999,2.49999,3.0576,3.13162
14,5.19984,2.49302,2.49302,2.98637,3.06325
14,5.224,2.49084,2.49084,2.97031,3.04778
14,5.32028,2.48024,2.48024,2.90602,2.98566
14,5.356,2.47554,2.47554,2.88206,2.96243
14,5.4435,2.46223,2.46223,2.82319,2.90522
14,5.488,2.45451,2.45451,2.79318,2.87598
14,5.5,2.45231,2.45231,2.78508,2.86808
14,5.56958,2.43866,2.43866,2.73805,2.82217
14,5.62,2.42785,2.42785,2.70395,2.7888
14,5.69859,2.4095,2.4095,2.65075,2.73665
14,5.752,2.39607,2.39607,2.6146,2.70114
14,5.83058,2.37494,2.37494,2.56145,2.64886
14,5.884,2.35974,2.35974,2.52535,2.61327
14,5.96562,2.3353,2.3353,2.4703,2.55889
14,6,2.3246,2.3246,2.44716,2.536
14,6.016,2.31954,2.31954,2.4364,2.52536
14,6.1038,2.2909,2.2909,2.37748,2.46701
14,6.148,2.27599,2.27599,2.34791,2.43767
14,6.24517,2.24212,2.24212,2.2832,2.37332
14,6.28,2.22965,2.22965,2.2601,2.35032
14,6.38982,2.18931,2.18931,2.18764,2.27805
14,6.412,2.18099,2.18099,2.17309,2.26351
14,6.5,2.14748,2.14748,2.11563,2.20599
14,6.53782,2.13286,2.13286,2.09106,2.18138
14,6.544,2.13046,2.13046,2.08705,2.17737
14,6.676,2.07845,2.07845,2.00223,2.09207
14,6.68925,2.07317,2.07317,1.99379,2.08356
14,6.808,2.02532,2.02532,1.91863,2.00774
14,6.84418,2.0106,2.0106,1.896,1.98481
14,6.94,1.97137,1.97137,1.83666,1.92455
14,7,1.94665,1.94665,1.79984,1.88715
14,7.00271,1.94553,1.94553,1.79818,1.88547
14,7.072,1.91686,1.91686,1.75622,1.84264
14,7.1649,1.87831,1.87831,1.70082,1.78585
14,7.204,1.86206,1.86206,1.67769,1.76216
14,7.33085,1.80931,1.80931,1.60413,1.68631
14,7.336,1.80717,1.80717,1.6012,1.68327
14,7.468,1.75238,1.75238,1.52677,1.60613
14,7.5,1.73913,1.73913,1.50905,1.58771
14,7.50065,1.73887,1.73887,1.50869,1.58733
14,7.6,1.69787,1.69787,1.45475,1.53085
14,7.67438,1.66735,1.66735,1.41521,1.4893
14,7.732,1.64382,1.64382,1.38512,1.45761
14,7.85213,1.59513,1.59513,1.32408,1.39297
14,7.864,1.59036,1.59036,1.31816,1.38668
14,7.996,1.53763,1.53763,1.25391,1.31803
14,8,1.53605,1.53605,1.252,1.31599
14,8.034,1.52261,1.52261,1.23594,1.29872
14,8.128,1.48576,1.48576,1.19251,1.2519
14,8.22008,1.45015,1.45015,1.1514,1.20733
14,8.26,1.43487,1.43487,1.13403,1.18841
14,8.392,1.3851,1.3851,1.07856,1.12757
14,8.41047,1.37823,1.37823,1.07105,1.11927
14,8.5,1.34529,1.34529,1.03545,1.07989
14,8.524,1.33656,1.33656,1.02615,1.0696
14,8.60527,1.30733,1.30733,0.99543,1.03549
14,8.656,1.28936,1.28936,0.976852,1.01468
14,8.788,1.24361,1.24361,0.930728,0.962119
14,8.80459,1.23797,1.23797,0.925156,0.955763
14,8.92,1.19941,1.19941,0.887743,0.913621
14,9,1.17341,1.17341,0.863205,0.885437
14,9.00852,1.17069,1.17069,0.86066,0.882421
14,9.052,1.15685,1.15685,0.847871,0.86712
14,9.184,1.11602,1.11602,0.811164,0.823872
14,9.21717,1.10604,1.10604,0.802418,0.813992
14,9.316,1.07694,1.07694,0.777466,0.784418
14,9.43065,1.04434,1.04434,0.750662,0.751804
14,9.448,1.0395,1.0395,0.746819,0.747197
14,9.5,1.02504,1.02504,0.735611,0.733633
14,9.58,1.00284,1.00284,0.719235,0.713331
14,9.64909,0.983567,0.983567,0.705877,0.696546
14,9.712,0.965805,0.965805,0.694357,0.682
14,9.844,0.927636,0.927636,0.672332,0.653966
14,9.87257,0.91931,0.91931,0.667938,0.648229
14,9.976,0.889688,0.889688,0.653038,0.628531
14,10,0.882919,0.882919,0.649796,0.624208
14,10.1012,0.85402,0.85402,0.637065,0.607019
14,10.108,0.852043,0.852043,0.636271,0.60593
14,10.24,0.812441,0.812441,0.622195,0.585982
14,10.3352,0.785673,0.785673,0.613496,0.573191
14,10.372,0.775481,0.775481,0.610423,0.568604
14,10.5,0.738424,0.738424,0.601127,0.554149
14,10.504,0.73726,0.73726,0.600874,0.553734
14,10.5746,0.717068,0.717068,0.596759,0.546749
14,10.636,0.699812,0.699812,0.593702,0.541219
14,10.768,0.663235,0.663235,0.588655,0.531012
14,10.8195,0.64886,0.64886,0.587201,0.527632
14,10.9,0.626455,0.626455,0.585446,0.523
14,11,0.599395,0.599395,0.584208,0.518311
14,11.032,0.590861,0.590861,0.584055,0.517059
14,11.0701,0.580726,0.580726,0.584009,0.515719
14,11.164,0.555927,0.555927,0.583869,0.513055
14,11.296,0.52152,0.52152,0.581806,0.510234
14,11.3265,0.513744,0.513744,0.58096,0.509658
14,11.428,0.488309,0.488309,0.57726,0.507723
14,11.5,0.470508,0.470508,0.57389,0.506082
14,11.56,0.455844,0.455844,0.570735,0.504378
14,11.5889,0.448854,0.448854,0.569147,0.503415
14,11.692,0.424265,0.424265,0.562692,0.498988
14,11.824,0.3938,0.3938,0.551853,0.491569
14,11.8573,0.38624,0.38624,0.548876,0.489455
14,11.956,0.364153,0.364153,0.540565,0.482634
14,12,0.354505,0.354505,0.537017,0.479336
14,12.088,0.335526,0.335526,0.528999,0.472261
14,12.1319,0.326204,0.326204,0.524074,0.468497
14,12.22,0.30785,0.30785,0.513461,0.460485
14,12.352,0.281092,0.281092,0.497744,0.447272
14,12.4129,0.268788,0.268788,0.4899,0.440625
14,12.484,0.254343,0.254343,0.480324,0.432476
14,12.5,0.251189,0.251189,0.478117,0.430606
14,12.616,0.230034,0.230034,0.461679,0.416857
14,12.7004,0.214805,0.214805,0.449274,0.406535
14,12.748,0.20614,0.20614,0.442022,0.400481
14,12.88,0.183438,0.183438,0.421082,0.38274
14,12.9946,0.163572,0.163572,0.402122,0.366632
14,13,0.162587,0.162587,0.401208,0.365857
14,13.012,0.160415,0.160415,0.399178,0.364136
14,13.144,0.137741,0.137741,0.376322,0.344799
14,13.276,0.115993,0.115993,0.35251,0.324629
14,13.2956,0.11264,0.11264,0.348912,0.321553
14,13.408,0.0951924,0.0951924,0.32791,0.303361
14,13.5,0.0823641,0.0823641,0.310323,0.287838
14,13.54,0.0765359,0.0765359,0.302561,0.280926
14,13.6035,0.0668009,0.0668009,0.290096,0.269929
14,13.672,0.0560709,0.0560709,0.276452,0.258191
14,13.804,0.0378252,0.0378252,0.249586,0.235765
14,13.9186,0.0219867,0.0219867,0.225774,0.215354
14,13.936,0.0195266,0.0195266,0.222128,0.212186
14,14,0.0106993,0.0106993,0.208688,0.200477
14,14.068,0.00187104,0.00187104,0.1943,0.187986
14,14.2,0,0,0.165993,0.163457
14,14.241,0,0,0.157145,0.155739
14,14.332,0,0,0.137545,0.138062
14,14.464,0,0,0.109316,0.111648
14,14.5,0,0,0.101475,0.104589
14,14.5708,0,0,0.0856663,0.0906765
14,14.596,0,0,0.0798999,0.0856967
14,14.728,0,0,0.0496137,0.0591854
14,14.86,0,0,0.0200461,0.0323258
14,14.9083,0,0,0.00924039,0.0224913
14,14.992,0,0,0,0.00534448
14,15,0,0,0,0.00369748
14,15.124,0,0,0,0
14,15.2536,0,0,0,0
14,15.256,0,0,0,0
14,15.388,0,0,0,0
14,15.5,0,0,0,0
14,15.52,0,0,0,0
14,15.6069,0,0,0,0
14,15.652,0,0,0,0
14,15.784,0,0,0,0
14,15.916,0,0,0,0
14,15.9684,0,0,0,0
14,16,0,0,0,0
14,16.048,0,0,0,0
14,16.18,0,0,0,0
14,16.312,0,0,0,0
14,16.3382,0,0,0,0
14,16.444,0,0,0,0
14,16.5,0,0,0,0
14,16.576,0,0,0,0
14,16.708,0,0,0,0
14,16.7167,0,0,0,0
14,16.84,0,0,0,0
14,16.972,0,0,0,0
14,17,0,0,0,0
14,17.1038,0,0,0,0
14,17.104,0,0,0,0
14,17.236,0,0,0,0
14,17.368,0,0,0,0
14,17.5,0,0,0,0
15,1,0,0,0,0
15,1.0219,0,0,0,0
15,1.04428,0,0,0,0
15,1.06715,0,0,0,0
15,1.09052,0,0,0,0
15,1.112,0,0,0,0
15,1.11441,0,0,0,0
15,1.13881,0,0,0,0
15,1.16375,0,0,0,0
15,1.18924,0,0,0,0
15,1.21529,0,0,0,0
15,1.224,0,0,0,0
15,1.2419,0,0,0,0
15,1.2691,0,0,0,0
15,1.29689,0,0,0,0
15,1.3253,0,0,0,0
15,1.336,0,0,0,0
15,1.35432,0,0,0,0
15,1.38398,0,0,0,0
15,1.41429,0,0,0,0
15,1.44527,0,0,0,0
15,1.448,0,0,0,0
15,1.47692,0,0,0,0
15,1.5,0,0,0,0
15,1.50927,0,0,0,0
15,1.54232,0,0,0,0
15,1.56,0,0,0,0
15,1.5761,0,0,0,0
15,1.61062,0,0,0,0
15,1.64589,0,0,0,0
15,1.672,0,0,0,0
15,1.68194,0,0,0,0
15,1.71877,0,0,0,0
15,1.75641,0,0,0,0
15,1.784,0,0,0,0
15,1.79488,0,0,0,0
15,1.83419,0,0,0,0
15,1.87436,0,0,0,0
15,1.896,0,0,0,0
15,1.91541,0,0,0,0
15,1.95736,0,0,0,0
15,2,0,0,0,0
15,2.00023,0,0,0,0
15,2.008,0,0,0,0
15,2.04403,0,0,0,0
15,2.0888,0,0,0,0
15,2.12,0,0,0,0
15,2.13455,0,0,0,0
15,2.18129,0,0,0,0
15,2.22907,0,0,0,0
15,2.232,0,0,0,0
15,2.27788,0,0,0,0
15,2.32777,0.0928695,0.0928695,0,0
15,2.344,0.153882,0.153882,0,0
15,2.37875,0.276761,0.276761,0,0
15,2.43085,0.443646,0.443646,0,0
15,2.456,0.517756,0.517756,0,0
15,2.48409,0.596135,0.596135,0,0
15,2.5,0.638645,0.638645,0,0
15,2.53849,0.73629,0.73629,0,0
15,2.568,0.806608,0.806608,0,0
15,2.59408,0.865774,0.865774,0,0
15,2.6509,0.985901,0.985901,0,0
15,2.68,1.04325,1.04325,0,0
15,2.70895,1.09777,1.09777,0,0
15,2.76828,1.20227,1.20227,0,0
15,2.792,1.24157,1.24157,0,0
15,2.82891,1.30017,1.30017,0,0
15,2.89086,1.39209,1.39209,0,0
15,2.904,1.41063,1.41063,0.0327214,0
15,2.95418,1.47859,1.47859,0.177095,0
15,3,1.537,1.537,0.302145,0.0709491
15,3.016,1.55663,1.55663,0.344332,0.115825
15,3.01888,1.56012,1.56012,0.351828,0.123805
15,3.08499,1.63708,1.63708,0.517118,0.300762
15,3.128,1.68405,1.68405,0.618109,0.409037
15,3.15256,1.70986,1.70986,0.674039,0.468387
15,3.2216,1.7788,1.7788,0.824772,0.626995
15,3.24,1.79632,1.79632,0.863213,0.66765
15,3.29215,1.84416,1.84416,0.968438,0.779328
15,3.352,1.89595,1.89595,1.08372,0.900583
15,3.36425,1.90616,1.90616,1.10649,0.924556
15,3.43793,1.96485,1.96485,1.23718,1.06398
15,3.464,1.98453,1.98453,1.28118,1.11097
15,3.5,2.01084,2.01084,1.33995,1.17362
15,3.51323,2.02028,2.02028,1.36109,1.19616
15,3.576,2.06343,2.06343,1.45823,1.29908
15,3.59017,2.07283,2.07283,1.47958,1.32142
15,3.6688,2.12281,2.12281,1.59408,1.4408
15,3.688,2.13447,2.13447,1.62107,1.4689
15,3.74915,2.17023,2.17023,1.70391,1.55555
15,3.8,2.1984,2.1984,1.76961,1.62452
15,3.83126,2.21503,2.21503,1.80838,1.66554
15,3.912,2.25541,2.25541,1.90433,1.76669
15,3.91516,2.25692,2.25692,1.90796,1.77051
15,4,2.29539,2.29539,2.00183,1.86931
15,4.00091,2.29579,2.29579,2.00279,1.87033
15,4.024,2.30569,2.30569,2.027,1.89593
15,4.08853,2.3321,2.3321,2.09178,1.96469
15,4.136,2.35027,2.35027,2.13656,2.01277
15,4.17807,2.36537,2.36537,2.17429,2.05354
15,4.248,2.38852,2.38852,2.23297,2.11753
15,4.26958,2.39522,2.39522,2.25007,2.13633
15,4.36,2.42116,2.42116,2.31652,2.21021
15,4.36308,2.42197,2.42197,2.31864,2.21259
15,4.45864,2.44502,2.44502,2.3793,2.28161
15,4.472,2.44795,2.44795,2.38702,2.29053
15,4.5,2.45388,2.45388,2.40257,2.30865
15,4.55629,2.46482,2.46482,2.43129,2.34265
15,4.584,2.46966,2.46966,2.44418,2.35819
15,4.65607,2.48055,2.48055,2.47384,2.39486
15,4.696,2.48564,2.48564,2.4879,2.41285
15,4.75805,2.49217,2.49217,2.50636,2.43753
15,4.808,2.49624,2.49624,2.51838,2.45449
15,4.86225,2.49953,2.49953,2.52865,2.47002
15,4.92,2.50165,2.50165,2.53651,2.48335
15,4.96874,2.50239,2.50239,2.54079,2.49211
15,5,2.50237,2.50237,2.54245,2.49655
15,5.032,2.50193,2.50193,2.54328,2.50016
15,5.07756,2.50059,2.50059,2.54305,2.50375
15,5.144,2.49719,2.49719,2.53991,2.50593
15,5.18876,2.49395,2.49395,2.53608,2.50548
15,5.256,2.48765,2.48765,2.52801,2.50209
15,5.3024,2.48244,2.48244,2.52105,2.49802
15,5.368,2.47387,2.47387,2.50944,2.49017
15,5.41852,2.46628,2.46628,2.49927,2.48261
15,5.48,2.45594,2.45594,2.48561,2.47173
15,5.5,2.45231,2.45231,2.48089,2.46782
15,5.53719,2.4452,2.4452,2.47177,2.46014
15,5.592,2.43394,2.43394,2.45762,2.44798
15,5.65846,2.41908,2.41908,2.43948,2.43198
15,5.704,2.40816,2.40816,2.42653,2.42025
15,5.78239,2.38808,2.38808,2.4034,2.39883
15,5.816,2.37897,2.37897,2.39321,2.38931
15,5.90903,2.35239,2.35239,2.36431,2.36197
15,5.928,2.34673,2.34673,2.35831,2.35623
15,6,2.32459,2.32459,2.33534,2.33411
15,6.03844,2.31235,2.31235,2.32295,2.32211
15,6.04,2.31184,2.31184,2.32245,2.32163
15,6.152,2.27461,2.27461,2.28602,2.28614
15,6.17068,2.2682,2.2682,2.27992,2.28017
15,6.264,2.23539,2.23539,2.24943,2.25017
15,6.30583,2.22028,2.22028,2.23579,2.23667
15,6.376,2.19445,2.19445,2.21298,2.214
15,6.44393,2.16891,2.16891,2.19105,2.19214
15,6.488,2.15209,2.15209,2.17692,2.17801
15,6.5,2.14747,2.14747,2.17309,2.17418
15,6.58506,2.11441,2.11441,2.14614,2.14711
15,6.6,2.10854,2.10854,2.14145,2.14239
15,6.712,2.06405,2.06405,2.10674,2.1073
15,6.72927,2.05711,2.05711,2.10146,2.10195
15,6.824,2.01881,2.01881,2.07293,2.07294
15,6.87665,1.99733,1.99733,2.05738,2.05708
15,6.936,1.973,1.973,2.04013,2.03946
15,7,1.94664,1.94664,2.02187,2.02077
15,7.02725,1.93538,1.93538,2.01421,2.01292
15,7.048,1.92679,1.92679,2.00842,2.00698
15,7.16,1.88034,1.88034,1.97792,1.9756
15,7.18116,1.87155,1.87155,1.9723,1.96979
15,7.272,1.83377,1.83377,1.94861,1.94536
15,7.33843,1.80615,1.80615,1.93182,1.92801
15,7.384,1.78721,1.78721,1.92058,1.91635
15,7.496,1.74078,1.74078,1.89392,1.88861
15,7.49915,1.73948,1.73948,1.89319,1.88784
15,7.5,1.73913,1.73913,1.89299,1.88764
15,7.608,1.69458,1.69458,1.86857,1.86217
15,7.66338,1.67184,1.67184,1.85656,1.84958
15,7.72,1.6487,1.6487,1.84464,1.83706
15,7.83122,1.60356,1.60356,1.82221,1.81347
15,7.832,1.60324,1.60324,1.82206,1.81331
15,7.944,1.5583,1.5583,1.80083,1.79091
15,8,1.53604,1.53604,1.79076,1.78023
15,8.00273,1.53496,1.53496,1.79028,1.77972
15,8.056,1.51394,1.51394,1.78104,1.76989
15,8.168,1.47022,1.47022,1.76263,1.75023
15,8.17799,1.46636,1.46636,1.76106,1.74854
15,8.28,1.42725,1.42725,1.74561,1.7319
15,8.3571,1.39814,1.39814,1.73465,1.72003
15,8.392,1.3851,1.3851,1.72988,1.71486
15,8.5,1.34529,1.34529,1.71591,1.69966
15,8.504,1.34383,1.34383,1.71541,1.69912
15,8.54013,1.33072,1.33072,1.71104,1.69433
15,8.616,1.30351,1.30351,1.70233,1.6847
15,8.72716,1.26451,1.26451,1.6907,1.67166
15,8.728,1.26422,1.26422,1.69061,1.67157
15,8.84,1.22601,1.22601,1.68017,1.65975
15,8.91829,1.19997,1.19997,1.67356,1.65228
15,8.952,1.18893,1.18893,1.67087,1.64926
15,9,1.17341,1.17341,1.66719,1.64518
15,9.064,1.15307,1.15307,1.66263,1.64008
15,9.11361,1.13757,1.13757,1.65936,1.63639
15,9.176,1.11844,1.11844,1.6556,1.63208
15,9.288,1.08508,1.08508,1.64984,1.62521
15,9.31321,1.07774,1.07774,1.64871,1.62382
15,9.4,1.05294,1.05294,1.64522,1.61942
15,9.5,1.025,1.025,1.64193,1.61513
15,9.512,1.02167,1.02167,1.64158,1.61467
15,9.51717,1.02023,1.02023,1.64143,1.61448
15,9.624,0.990507,0.990507,1.6388,1.61099
15,9.72561,0.961841,0.961841,1.63713,1.60849
15,9.736,0.958872,0.958872,1.63701,1.60828
15,9.848,0.926464,0.926464,1.63624,1.60655
15,9.9386,0.90023,0.90023,1.63634,1.60582
15,9.96,0.894143,0.894143,1.63644,1.60574
15,10,0.882827,0.882827,1.63672,1.60566
15,10.072,0.862366,0.862366,1.63746,1.60581
15,10.1563,0.837636,0.837636,1.6387,1.60643
15,10.184,0.829264,0.829264,1.63919,1.60674
15,10.296,0.796438,0.796438,1.64166,1.60846
15,10.3787,0.773517,0.773517,1.64395,1.61021
15,10.408,0.765265,0.765265,1.64486,1.61093
15,10.5,0.738521,0.738521,1.64802,1.61348
15,10.52,0.732698,0.732698,1.64877,1.6141
15,10.606,0.708196,0.708196,1.65223,1.61699
15,10.632,0.700898,0.700898,1.65335,1.61794
15,10.744,0.669808,0.669808,1.65857,1.62242
15,10.8383,0.643662,0.643662,1.66338,1.62665
15,10.856,0.638723,0.638723,1.66432,1.62749
15,10.968,0.607923,0.607923,1.67047,1.63311
15,11,0.599329,0.599329,1.67228,1.63481
15,11.0756,0.579219,0.579219,1.6767,1.63898
15,11.08,0.578066,0.578066,1.67696,1.63922
15,11.192,0.548574,0.548574,1.68398,1.64579
15,11.304,0.519483,0.519483,1.69158,1.65277
15,11.3182,0.515842,0.515842,1.69259,1.65368
15,11.416,0.491237,0.491237,1.69957,1.66012
15,11.5,0.4705,0.4705,1.70545,1.66518
15,11.528,0.463642,0.463642,1.7072,1.66648
15,11.5661,0.454369,0.454369,1.70929,1.66783
15,11.64,0.436587,0.436587,1.71125,1.6686
15,11.752,0.410262,0.410262,1.70461,1.66131
15,11.8194,0.394816,0.394816,1.69353,1.6499
15,11.864,0.38472,0.38472,1.68325,1.63927
15,11.976,0.35975,0.35975,1.6469,1.60143
15,12,0.354491,0.354491,1.63711,1.59134
15,12.0782,0.3376,0.3376,1.60026,1.55361
15,12.088,0.33552,0.33552,1.59513,1.54839
15,12.2,0.311962,0.311962,1.52781,1.4801
15,12.312,0.289122,0.289122,1.4454,1.39665
15,12.3428,0.282969,0.282969,1.42022,1.37128
15,12.424,0.266848,0.266848,1.34899,1.29992
15,12.5,0.251657,0.251657,1.2766,1.22778
15,12.536,0.244398,0.244398,1.24051,1.1919
15,12.6131,0.229876,0.229876,1.15964,1.11171
15,12.648,0.223767,0.223767,1.12165,1.07403
15,12.76,0.204059,0.204059,0.996877,0.948226
15,12.872,0.184257,0.184257,0.865904,0.816073
15,12.8893,0.181335,0.181335,0.84514,0.795226
15,12.984,0.166057,0.166057,0.729637,0.680063
15,13,0.163394,0.163394,0.709805,0.660313
15,13.096,0.146237,0.146237,0.588968,0.539688
15,13.1716,0.133157,0.133157,0.491933,0.442245
15,13.208,0.127225,0.127225,0.444648,0.395028
15,13.32,0.109181,0.109181,0.297153,0.247401
15,13.432,0.0917805,0.0917805,0.147263,0.0972811
15,13.4601,0.0875688,0.0875688,0.109037,0.0594369
15,13.5,0.0815225,0.0815225,0.0547004,0.00540145
15,13.544,0.0748626,0.0748626,0,0
15,13.656,0.0585272,0.0585272,0,0
15,13.7549,0.0441131,0.0441131,0,0
15,13.768,0.042244,0.042244,0,0
15,13.88,0.0262971,0.0262971,0,0
15,13.992,0.0106308,0.0106308,0,0
15,14,0.00953608,0.00953608,0,0
15,14.0561,0.00182405,0.00182405,0,0
15,14.104,0,0,0,0
15,14.216,0,0,0,0
15,14.328,0,0,0,0
15,14.3639,0,0,0,0
15,14.44,0,0,0,0
15,14.5,0,0,0,0
15,14.552,0,0,0,0
15,14.664,0,0,0,0
15,14.6785,0,0,0,0
15,14.776,0,0,0,0
15,14.888,0,0,0,0
15,15,0,0,0,0
16,1,0,0,0,0
16,1.02292,0,0,0,0
16,1.04637,0,0,0,0
16,1.07036,0,0,0,0
16,1.0949,0,0,0,0
16,1.12,0,0,0,0
16,1.128,0,0,0,0
16,1.14568,0,0,0,0
16,1.17194,0,0,0,0
16,1.19881,0,0,0,0
16,1.22629,0,0,0,0
16,1.2544,0,0,0,0
16,1.256,0,0,0,0
16,1.28316,0,0,0,0
16,1.31257,0,0,0,0
16,1.34266,0,0,0,0
16,1.37344,0,0,0,0
16,1.384,0,0,0,0
16,1.40493,0,0,0,0
16,1.43713,0,0,0,0
16,1.47008,0,0,0,0
16,1.5,0,0,0,0
16,1.50378,0,0,0,0
16,1.512,0,0,0,0
16,1.53825,0,0,0,0
16,1.57352,0,0,0,0
16,1.60959,0,0,0,0
16,1.64,0,0,0,0
16,1.64649,0,0,0,0
16,1.68423,0,0,0,0
16,1.72284,0,0,0,0
16,1.76234,0,0,0,0
16,1.768,0,0,0,0
16,1.80274,0,0,0,0
16,1.84407,0,0,0,0
16,1.88634,0,0,0,0
16,1.896,0,0,0,0
16,1.92959,0,0,0,0
16,1.97382,0,0,0,0
16,2,0,0,0,0
16,2.01907,0,0,0,0
16,2.024,0,0,0,0
16,2.06536,0,0,0,0
16,2.1127,0,0,0,0
16,2.152,0,0,0,0
16,2.16114,0,0,0,0
16,2.21068,0,0,0,0
16,2.26136,0,0,0,0
16,2.28,0,0,0,0
16,2.3132,0.0358872,0.0358872,0,0
16,2.36623,0.233627,0.233627,0,0
16,2.408,0.372808,0.372808,0,0
16,2.42047,0.411909,0.411909,0,0
16,2.47596,0.573911,0.573911,0,0
16,2.5,0.638645,0.638645,0,0
16,2.53272,0.722096,0.722096,0,0
16,2.536,0.730183,0.730183,0,0
16,2.59078,0.858429,0.858429,0,0
16,2.65017,0.984442,0.984442,0,0
16,2.664,1.01205,1.01205,0,0
16,2.71093,1.1014,1.1014,0,0
16,2.77307,1.21032,1.21032,0,0
16,2.792,1.24157,1.24157,0,0
16,2.83665,1.31207,1.31207,0,0
16,2.90168,1.40737,1.40737,0.0335869,0.0253017
16,2.92,1.43278,1.43278,0.0615879,0.0538017
16,2.96819,1.49681,1.49681,0.132955,0.126823
16,3,1.537,1.537,0.178428,0.173553
16,3.03624,1.58092,1.58092,0.228957,0.225303
16,3.048,1.59477,1.59477,0.245112,0.241745
16,3.10584,1.66014,1.66014,0.323035,0.32015
16,3.176,1.73385,1.73385,0.412813,0.410229
16,3.17704,1.73491,1.73491,0.414104,0.411534
16,3.24988,1.80558,1.80558,0.502061,0.500933
16,3.304,1.85467,1.85467,0.564939,0.56453
16,3.32438,1.87244,1.87244,0.587948,0.587653
16,3.40059,1.93567,1.93567,0.671584,0.671335
16,3.432,1.96029,1.96029,0.705216,0.704716
16,3.47854,1.99528,1.99528,0.753548,0.752725
16,3.5,2.01084,2.01084,0.775195,0.774426
16,3.55829,2.05151,2.05151,0.832647,0.832431
16,3.56,2.05267,2.05267,0.834301,0.834104
16,3.63986,2.10485,2.10485,0.909597,0.909662
16,3.688,2.13447,2.13447,0.953339,0.953331
16,3.7233,2.15537,2.15537,0.984564,0.984554
16,3.80866,2.20306,2.20306,1.05748,1.05746
16,3.816,2.20698,2.20698,1.06356,1.06356
16,3.89597,2.2477,2.2477,1.12824,1.12834
16,3.944,2.27039,2.27039,1.16556,1.16579
16,3.98528,2.28895,2.28895,1.19685,1.19716
16,4,2.29539,2.29539,1.20781,1.2082
16,4.072,2.32552,2.32552,1.25999,1.2605
16,4.07664,2.32738,2.32738,1.26328,1.2638
16,4.1701,2.36258,2.36258,1.32758,1.32834
16,4.2,2.37288,2.37288,1.34742,1.34826
16,4.2657,2.39403,2.39403,1.38986,1.39083
16,4.328,2.41241,2.41241,1.42866,1.42971
16,4.36348,2.42208,2.42208,1.45013,1.45124
16,4.456,2.44443,2.44443,1.50409,1.5053
16,4.46352,2.4461,2.4461,1.50835,1.50956
16,4.5,2.45388,2.45388,1.52876,1.53
16,4.56584,2.46653,2.46653,1.56449,1.56579
16,4.584,2.46966,2.46966,1.57411,1.57542
16,4.67051,2.48246,2.48246,1.61852,1.6199
16,4.712,2.48749,2.48749,1.63902,1.64045
16,4.77758,2.49388,2.49388,1.67038,1.67189
16,4.84,2.49833,2.49833,1.69909,1.70067
16,4.8871,2.50061,2.50061,1.72004,1.72168
16,4.968,2.50239,2.50239,1.75456,1.75633
16,4.99914,2.50237,2.50237,1.76738,1.7692
16,5,2.50237,2.50237,1.76773,1.76955
16,5.096,2.49981,2.49981,1.8056,1.8076
16,5.11374,2.49894,2.49894,1.81233,1.81437
16,5.224,2.49084,2.49084,1.85232,1.85462
16,5.23097,2.49017,2.49017,1.85474,1.85706
16,5.35089,2.47623,2.47623,1.89445,1.89714
16,5.352,2.47608,2.47608,1.89481,1.8975
16,5.47355,2.45709,2.45709,1.93129,1.93443
16,5.48,2.45595,2.45595,1.93312,1.93628
16,5.5,2.45232,2.45232,1.93873,1.94198
16,5.59903,2.43244,2.43244,1.96501,1.96871
16,5.608,2.4305,2.4305,1.96727,1.97101
16,5.72739,2.40235,2.40235,1.99537,1.99977
16,5.736,2.40018,2.40018,1.99726,2.00171
16,5.85868,2.36703,2.36703,2.02208,2.02733
16,5.864,2.36552,2.36552,2.02307,2.02835
16,5.992,2.32712,2.32712,2.04467,2.05094
16,5.99299,2.32681,2.32681,2.04482,2.0511
16,6,2.32461,2.32461,2.04588,2.05222
16,6.12,2.28548,2.28548,2.06204,2.06943
16,6.13038,2.28198,2.28198,2.06326,2.07075
16,6.248,2.24112,2.24112,2.07513,2.08381
16,6.27091,2.23293,2.23293,2.07702,2.08596
16,6.376,2.19447,2.19447,2.08394,2.09408
16,6.41467,2.18,2.18,2.08576,2.09637
16,6.5,2.1475,2.1475,2.08839,2.1001
16,6.504,2.14596,2.14596,2.08846,2.10023
16,6.56173,2.12357,2.12357,2.08909,2.10167
16,6.632,2.09594,2.09594,2.0887,2.1023
16,6.71215,2.06401,2.06401,2.0867,2.10152
16,6.76,2.04476,2.04476,2.08471,2.10031
16,6.86602,2.0017,2.0017,2.07823,2.0956
16,6.888,1.99271,1.99271,2.07653,2.09429
16,7,1.94666,1.94666,2.06601,2.08575
16,7.016,1.94005,1.94005,2.06425,2.08429
16,7.02342,1.93698,1.93698,2.06342,2.08358
16,7.144,1.88701,1.88701,2.04799,2.07038
16,7.18443,1.87021,1.87021,2.04204,2.06519
16,7.272,1.83379,1.83379,2.02786,2.0527
16,7.34913,1.80172,1.80172,2.01397,2.04031
16,7.4,1.78059,1.78059,2.00409,2.03146
16,7.5,1.73914,1.73914,1.98309,2.01262
16,7.51761,1.73186,1.73186,1.97919,2.00911
16,7.528,1.72757,1.72757,1.97686,2.00701
16,7.656,1.67488,1.67488,1.9465,1.97938
16,7.68994,1.66099,1.66099,1.93797,1.97152
16,7.784,1.62268,1.62268,1.91331,1.94855
16,7.86623,1.58946,1.58946,1.89069,1.92715
16,7.912,1.57109,1.57109,1.87771,1.91476
16,8,1.53605,1.53605,1.85191,1.89008
16,8.04,1.52025,1.52025,1.83981,1.87856
16,8.04656,1.51766,1.51766,1.8378,1.87665
16,8.168,1.47023,1.47023,1.79939,1.84044
16,8.23103,1.44595,1.44595,1.77856,1.82103
16,8.296,1.42119,1.42119,1.75672,1.8007
16,8.41972,1.37481,1.37481,1.71469,1.76151
16,8.424,1.37322,1.37322,1.71323,1.76014
16,8.5,1.34529,1.34529,1.68708,1.73567
16,8.552,1.32643,1.32643,1.66898,1.71861
16,8.61274,1.30468,1.30468,1.64766,1.6984
16,8.68,1.28094,1.28094,1.62387,1.67573
16,8.808,1.23682,1.23682,1.57821,1.63237
16,8.81018,1.23608,1.23608,1.57743,1.63163
16,8.936,1.19416,1.19416,1.53261,1.58928
16,9,1.17342,1.17342,1.50994,1.56758
16,9.01215,1.16952,1.16952,1.50565,1.56345
16,9.064,1.15307,1.15307,1.48734,1.54584
16,9.192,1.1136,1.1136,1.44197,1.50262
16,9.21875,1.10556,1.10556,1.43247,1.49365
16,9.32,1.07579,1.07579,1.3967,1.4598
16,9.43008,1.04453,1.04453,1.35834,1.42311
16,9.448,1.03953,1.03953,1.35215,1.41717
16,9.5,1.02509,1.02509,1.33424,1.40004
16,9.576,1.00403,1.00403,1.30816,1.37532
16,9.64626,0.984459,0.984459,1.28429,1.35275
16,9.704,0.968181,0.968181,1.26492,1.33435
16,9.832,0.931148,0.931148,1.22292,1.2942
16,9.8674,0.920816,0.920816,1.21147,1.28332
16,9.96,0.894282,0.894282,1.18148,1.25531
16,10,0.883033,0.883033,1.16839,1.24342
16,10.088,0.857976,0.857976,1.13909,1.21766
16,10.0936,0.856343,0.856343,1.1372,1.21603
16,10.216,0.819469,0.819469,1.09593,1.18126
16,10.325,0.788619,0.788619,1.05921,1.15147
16,10.344,0.783378,0.783378,1.0528,1.14639
16,10.472,0.746505,0.746505,1.00905,1.11298
16,10.5,0.738344,0.738344,0.999395,1.10584
16,10.5617,0.720723,0.720723,0.978113,1.09032
16,10.6,0.709923,0.709923,0.96492,1.08078
16,10.728,0.674385,0.674385,0.921291,1.0492
16,10.8038,0.653211,0.653211,0.895597,1.03046
16,10.856,0.638606,0.638606,0.87792,1.01743
16,10.984,0.603744,0.603744,0.834554,0.985082
16,11,0.599461,0.599461,0.829163,0.981069
16,11.0515,0.585721,0.585721,0.81191,0.96836
16,11.112,0.569668,0.569668,0.791793,0.953844
16,11.24,0.535971,0.535971,0.749756,0.922911
16,11.3048,0.519297,0.519297,0.728565,0.906722
16,11.368,0.503339,0.503339,0.708016,0.891111
16,11.496,0.4715,0.4715,0.666922,0.861057
16,11.5,0.470516,0.470516,0.665652,0.860129
16,11.564,0.454863,0.454863,0.645472,0.845125
16,11.624,0.440387,0.440387,0.626709,0.830623
16,11.752,0.410348,0.410348,0.587101,0.800181
16,11.8291,0.392635,0.392635,0.563638,0.782825
16,11.88,0.381097,0.381097,0.548319,0.771369
16,12,0.354517,0.354517,0.512718,0.743323
16,12.008,0.352773,0.352773,0.510364,0.741435
16,12.1003,0.332909,0.332909,0.483433,0.72004
16,12.136,0.325352,0.325352,0.473137,0.712017
16,12.264,0.298875,0.298875,0.436793,0.68314
16,12.3777,0.275595,0.275595,0.405172,0.658492
16,12.392,0.272643,0.272643,0.401245,0.655478
16,12.5,0.251562,0.251562,0.371969,0.633032
16,12.52,0.247897,0.247897,0.366583,0.628898
16,12.648,0.224409,0.224409,0.332735,0.602849
16,12.6614,0.221933,0.221933,0.329261,0.600195
16,12.776,0.201161,0.201161,0.299568,0.577864
16,12.904,0.178038,0.178038,0.267025,0.553372
16,12.9517,0.169907,0.169907,0.255395,0.544396
16,13,0.161805,0.161805,0.243628,0.535408
16,13.032,0.156398,0.156398,0.235795,0.529526
16,13.16,0.135302,0.135302,0.205513,0.506396
16,13.2486,0.12103,0.12103,0.184276,0.490671
16,13.288,0.114742,0.114742,0.17499,0.48376
16,13.416,0.0948351,0.0948351,0.146751,0.461764
16,13.5,0.0818809,0.0818809,0.12782,0.447673
16,13.544,0.0753178,0.0753178,0.118186,0.440372
16,13.5523,0.0740889,0.0740889,0.11641,0.439
16,13.672,0.0563189,0.0563189,0.0909732,0.419415
16,13.8,0.0378705,0.0378705,0.0641523,0.399051
16,13.863,0.0289084,0.0289084,0.0512773,0.389245
16,13.928,0.0196665,0.0196665,0.0380866,0.379234
16,14,0.00959622,0.00959622,0.0236717,0.368262
16,14.056,0.0020964,0.0020964,0.0126121,0.359831
16,14.1808,0,0,0,0.341408
16,14.184,0,0,0,0.34094
16,14.312,0,0,0,0.322528
16,14.44,0,0,0,0.304517
16,14.5,0,0,0,0.296205
16,14.5059,0,0,0,0.295396
16,14.568,0,0,0,0.286881
16,14.696,0,0,0,0.269676
16,14.824,0,0,0,0.252883
16,14.8384,0,0,0,0.251005
16,14.952,0,0,0,0.236247
16,15,0,0,0,0.230099
16,15.08,0,0,0,0.220063
16,15.1786,0,0,0,0.207921
16,15.208,0,0,0,0.204265
16,15.336,0,0,0,0.188008
16,15.464,0,0,0,0.172265
16,15.5,0,0,0,0.168035
16,15.5265,0,0,0,0.164916
16,15.592,0,0,0,0.157156
16,15.72,0,0,0,0.141489
16,15.848,0,0,0,0.126604
16,15.8825,0,0,0,0.122822
16,15.976,0,0,0,0.112582
16,16,0,0,0,0.109922
16,16.104,0,0,0,0.0982459
16,16.232,0,0,0,0.0842029
16,16.2466,0,0,0,0.0826346
16,16.36,0,0,0,0.070427
16,16.488,0,0,0,0.0564906
16,16.5,0,0,0,0.0551796
16,16.616,0,0,0,0.0424976
16,16.619,0,0,0,0.0421692
16,16.744,0,0,0,0.0288528
16,16.872,0,0,0,0.0156064
16,17,0,0,0,0.00090193
17,1,0,0,0,0
17,1.02217,0,0,0,0
17,1.04483,0,0,0,0
17,1.06799,0,0,0,0
17,1.09167,0,0,0,0
17,1.11587,0,0,0,0
17,1.116,0,0,0,0
17,1.14061,0,0,0,0
17,1.16589,0,0,0,0
17,1.19174,0,0,0,0
17,1.21816,0,0,0,0
17,1.232,0,0,0,0
17,1.24516,0,0,0,0
17,1.27277,0,0,0,0
17,1.30098,0,0,0,0
17,1.32983,0,0,0,0
17,1.348,0,0,0,0
17,1.35931,0,0,0,0
17,1.38944,0,0,0,0
17,1.42024,0,0,0,0
17,1.45173,0,0,0,0
17,1.464,0,0,0,0
17,1.48391,0,0,0,0
17,1.5,0,0,0,0
17,1.51681,0,0,0,0
17,1.55043,0,0,0,0
17,1.58,0,0,0,0
17,1.5848,0,0,0,0
17,1.61994,0,0,0,0
17,1.65585,0,0,0,0
17,1.69256,0,0,0,0
17,1.696,0,0,0,0
17,1.73008,0,0,0,0
17,1.76843,0,0,0,0
17,1.80764,0,0,0,0
17,1.812,0,0,0,0
17,1.84771,0,0,0,0
17,1.88867,0,0,0,0
17,1.928,0,0,0,0
17,1.93054,0,0,0,0
17,1.97334,0,0,0,0
17,2,0,0,0,0
17,2.01709,0,0,0,0
17,2.044,0,0,0,0
17,2.0618,0,0,0,0
17,2.10751,0,0,0,0
17,2.15423,0,0,0,0
17,2.16,0,0,0,0
17,2.20199,0,0,0,0
17,2.25081,0,0,0,0
17,2.276,0,0,0,0
17,2.3007,0,0,0,0
17,2.35171,0.182021,0.182021,0,0
17,2.392,0.321047,0.321047,0,0
17,2.40384,0.359535,0.359535,0,0
17,2.45713,0.521006,0.521006,0,0
17,2.5,0.638645,0.638645,0,0
17,2.508,0.659527,0.659527,0,0
17,2.51161,0.668835,0.668835,0,0
17,2.56729,0.804948,0.804948,0,0
17,2.624,0.930444,0.930444,0,0
17,2.6242,0.930863,0.930863,0,0
17,2.68237,1.04782,1.04782,0,0
17,2.74,1.1536,1.1536,0,0
17,2.74184,1.15683,1.15683,0,0
17,2.80262,1.25875,1.25875,0,0
17,2.856,1.34131,1.34131,0,0
17,2.86475,1.35429,1.35429,0,0
17,2.92826,1.44404,1.44404,0,0
17,2.972,1.5017,1.5017,0,0
17,2.99318,1.52851,1.52851,0,0
17,3,1.537,1.537,0,0
17,3.05953,1.60816,1.60816,0.097029,0
17,3.088,1.64044,1.64044,0.167378,0
17,3.12736,1.68337,1.68337,0.261928,0.0127037
17,3.19669,1.75452,1.75452,0.420985,0.180175
17,3.204,1.76171,1.76171,0.437248,0.197242
17,3.26756,1.82193,1.82193,0.574412,0.341341
17,3.32,1.86866,1.86866,0.682669,0.454644
17,3.34,1.88582,1.88582,0.722725,0.496636
17,3.41404,1.94631,1.94631,0.866154,0.646725
17,3.436,1.96336,1.96336,0.907148,0.689461
17,3.48973,2.00343,2.00343,1.00509,0.791135
17,3.5,2.01084,2.01084,1.02339,0.810095
17,3.552,2.04723,2.04723,1.11385,0.903716
17,3.56709,2.05746,2.05746,1.13948,0.930318
17,3.64617,2.1088,2.1088,1.26966,1.06536
17,3.668,2.12233,2.12233,1.30433,1.1012
17,3.727,2.15752,2.15752,1.3956,1.19526
17,3.784,2.18969,2.18969,1.48047,1.28267
17,3.80962,2.20358,2.20358,1.51759,1.32089
17,3.89408,2.24678,2.24678,1.63582,1.44259
17,3.9,2.24966,2.24966,1.64388,1.45088
17,3.9804,2.2868,2.2868,1.7504,1.56041
17,4,2.29539,2.29539,1.77558,1.5863
17,4.016,2.30229,2.30229,1.79593,1.6072
17,4.06865,2.32417,2.32417,1.8615,1.67446
17,4.132,2.34878,2.34878,1.93771,1.75255
17,4.15884,2.35859,2.35859,1.96916,1.78475
17,4.248,2.38852,2.38852,2.07026,1.88812
17,4.25104,2.38947,2.38947,2.07361,1.89155
17,4.34528,2.41719,2.41719,2.17452,1.99485
17,4.364,2.42221,2.42221,2.1939,2.01471
17,4.44161,2.4412,2.4412,2.27228,2.09482
17,4.48,2.44968,2.44968,2.30982,2.13313
17,4.5,2.45388,2.45388,2.32902,2.15281
17,4.54008,2.46181,2.46181,2.36677,2.1915
17,4.596,2.47164,2.47164,2.41791,2.24419
17,4.64072,2.47842,2.47842,2.45774,2.2851
17,4.712,2.48749,2.48749,2.51924,2.34821
17,4.7436,2.4908,2.4908,2.54571,2.37538
17,4.828,2.4976,2.4976,2.61413,2.44555
17,4.84876,2.49883,2.49883,2.63045,2.46231
17,4.944,2.50213,2.50213,2.70275,2.53664
17,4.95626,2.50229,2.50229,2.71175,2.54591
17,5,2.50237,2.50237,2.74334,2.57846
17,5.06,2.5012,2.5012,2.78525,2.62176
17,5.06613,2.501,2.501,2.78945,2.6261
17,5.176,2.49496,2.49496,2.86173,2.70113
17,5.17844,2.49477,2.49477,2.86327,2.70274
17,5.292,2.48368,2.48368,2.93215,2.77486
17,5.29324,2.48353,2.48353,2.93287,2.77562
17,5.408,2.46793,2.46793,2.99643,2.84297
17,5.41059,2.46753,2.46753,2.9978,2.84443
17,5.5,2.45232,2.45232,3.04296,2.893
17,5.524,2.44778,2.44778,3.05443,2.90546
17,5.53053,2.44651,2.44651,3.05751,2.90881
17,5.64,2.42335,2.42335,3.10594,2.96217
17,5.65314,2.42033,2.42033,3.11135,2.96822
17,5.756,2.39504,2.39504,3.15068,3.01296
17,5.77846,2.38914,2.38914,3.15854,3.02209
17,5.872,2.36322,2.36322,3.18838,3.05763
17,5.90656,2.35314,2.35314,3.19821,3.06973
17,5.988,2.32837,2.32837,3.21877,3.09599
17,6,2.32461,2.32461,3.22149,3.09959
17,6.03751,2.31267,2.31267,3.22946,3.11039
17,6.104,2.29084,2.29084,3.24162,3.12781
17,6.17135,2.26799,2.26799,3.25134,3.1432
17,6.22,2.25104,2.25104,3.25674,3.15287
17,6.30816,2.21946,2.21946,3.26298,3.16724
17,6.336,2.20927,2.20927,3.26401,3.17094
17,6.44801,2.16739,2.16739,3.2636,3.18171
17,6.452,2.16587,2.16587,3.26345,3.18197
17,6.5,2.1475,2.1475,3.26093,3.18446
17,6.568,2.12112,2.12112,3.25503,3.18589
17,6.59095,2.11212,2.11212,3.25242,3.18581
17,6.684,2.07527,2.07527,3.23854,3.18261
17,6.73707,2.054,2.054,3.22818,3.17865
17,6.8,2.02858,2.02858,3.21363,3.1719
17,6.88642,1.99336,1.99336,3.18963,3.15886
17,6.916,1.98124,1.98124,3.18039,3.15336
17,7,1.94666,1.94666,3.15152,3.13473
17,7.032,1.93344,1.93344,3.13952,3.12643
17,7.03908,1.9305,1.9305,3.13678,3.1245
17,7.148,1.88534,1.88534,3.09144,3.09157
17,7.19513,1.86576,1.86576,3.06992,3.07572
17,7.264,1.83712,1.83712,3.03649,3.05117
17,7.35464,1.79943,1.79943,2.98913,3.01498
17,7.38,1.78889,1.78889,2.97522,3.00408
17,7.496,1.7408,1.7408,2.90819,2.95123
17,7.5,1.73914,1.73914,2.90578,2.9493
17,7.51769,1.73183,1.73183,2.89506,2.94068
17,7.612,1.69295,1.69295,2.83598,2.89253
17,7.68434,1.66328,1.66328,2.78852,2.85339
17,7.728,1.64546,1.64546,2.75905,2.82885
17,7.844,1.59842,1.59842,2.67785,2.76019
17,7.8547,1.59411,1.59411,2.67017,2.75363
17,7.96,1.55194,1.55194,2.59291,2.68719
17,8,1.53605,1.53605,2.56281,2.66112
17,8.02883,1.52465,1.52465,2.54089,2.64204
17,8.076,1.50609,1.50609,2.5046,2.61032
17,8.192,1.46096,1.46096,2.41328,2.52982
17,8.20682,1.45525,1.45525,2.40142,2.51931
17,8.308,1.41664,1.41664,2.31935,2.44626
17,8.38875,1.38631,1.38631,2.25267,2.38641
17,8.424,1.37322,1.37322,2.22327,2.35989
17,8.5,1.34529,1.34529,2.15936,2.30196
17,8.54,1.33077,1.33077,2.12543,2.27109
17,8.57472,1.31826,1.31826,2.09582,2.2441
17,8.656,1.28937,1.28937,2.02611,2.18023
17,8.76481,1.25154,1.25154,1.93181,2.09334
17,8.772,1.24908,1.24908,1.92556,2.08755
17,8.888,1.20998,1.20998,1.82411,1.99343
17,8.95912,1.18662,1.18662,1.76167,1.93512
17,9,1.17342,1.17342,1.72565,1.90143
17,9.004,1.17213,1.17213,1.72212,1.89812
17,9.12,1.1356,1.1356,1.61984,1.80193
17,9.15773,1.124,1.124,1.58649,1.77049
17,9.236,1.10042,1.10042,1.51747,1.70512
17,9.352,1.06659,1.06659,1.41531,1.60797
17,9.36075,1.0641,1.0641,1.40764,1.60063
17,9.468,1.03397,1.03397,1.31369,1.51074
17,9.5,1.02509,1.02509,1.28577,1.48394
17,9.56827,1.00618,1.00618,1.2265,1.42682
17,9.584,1.00181,1.00181,1.21286,1.41367
17,9.7,0.969321,0.969321,1.1129,1.31702
17,9.78039,0.9462,0.9462,1.04425,1.25044
17,9.816,0.935821,0.935821,1.01407,1.22104
17,9.932,0.902184,0.902184,0.916601,1.12576
17,9.99721,0.883825,0.883825,0.862529,1.07265
17,10,0.883038,0.883038,0.860224,1.07038
17,10.048,0.869472,0.869472,0.820699,1.03156
17,10.164,0.835191,0.835191,0.726428,0.93843
17,10.2188,0.818622,0.818622,0.682404,0.894925
17,10.28,0.801052,0.801052,0.633862,0.847083
17,10.396,0.768698,0.768698,0.54319,0.757257
17,10.4454,0.754304,0.754304,0.505248,0.719463
17,10.5,0.738341,0.738341,0.463635,0.678126
17,10.512,0.734879,0.734879,0.454538,0.669072
17,10.628,0.702094,0.702094,0.368176,0.582134
17,10.6769,0.688511,0.688511,0.332486,0.546241
17,10.744,0.66995,0.66995,0.284412,0.497684
17,10.86,0.63749,0.63749,0.202992,0.414966
17,10.9136,0.622741,0.622741,0.165906,0.377551
17,10.976,0.605893,0.605893,0.123272,0.334668
17,11,0.599464,0.599464,0.107035,0.318327
17,11.092,0.574966,0.574966,0.0456954,0.25647
17,11.1556,0.558142,0.558142,0.00413264,0.214566
17,11.208,0.544331,0.544331,0,0.180543
17,11.324,0.514434,0.514434,0,0.106825
17,11.4029,0.494604,0.494604,0,0.057941
17,11.44,0.485351,0.485351,0,0.0353041
17,11.5,0.470516,0.470516,0,0
17,11.556,0.456807,0.456807,0,0
17,11.6557,0.432853,0.432853,0,0
17,11.672,0.429,0.429,0,0
17,11.788,0.402047,0.402047,0,0
17,11.904,0.375712,0.375712,0,0
17,11.9141,0.373466,0.373466,0,0
17,12,0.354517,0.354517,0,0
17,12.02,0.350164,0.350164,0,0
17,12.136,0.325353,0.325353,0,0
17,12.1782,0.316541,0.316541,0,0
17,12.252,0.301331,0.301331,0,0
17,12.368,0.277571,0.277571,0,0
17,12.4482,0.261339,0.261339,0,0
17,12.484,0.254544,0.254544,0,0
17,12.5,0.251584,0.251584,0,0
17,12.6,0.233255,0.233255,0,0
17,12.716,0.211937,0.211937,0,0
17,12.7241,0.210471,0.210471,0,0
17,12.832,0.1911,0.1911,0,0
17,12.948,0.170529,0.170529,0,0
17,13,0.161807,0.161807,0,0
17,13.0062,0.16076,0.16076,0,0
17,13.064,0.150991,0.150991,0,0
17,13.18,0.132104,0.132104,0,0
17,13.2945,0.113715,0.113715,0,0
17,13.296,0.113485,0.113485,0,0
17,13.412,0.0954583,0.0954583,0,0
17,13.5,0.0818833,0.0818833,0,0
17,13.528,0.077696,0.077696,0,0
17,13.5893,0.0686243,0.0686243,0,0
17,13.644,0.0604728,0.0604728,0,0
17,13.76,0.0435682,0.0435682,0,0
17,13.876,0.0270585,0.0270585,0,0
17,13.8905,0.0249949,0.0249949,0,0
17,13.992,0.0106936,0.0106936,0,0
17,14,0.00959648,0.00959648,0,0
17,14.108,0,0,0,0
17,14.1985,0,0,0,0
17,14.224,0,0,0,0
17,14.34,0,0,0,0
17,14.456,0,0,0,0
17,14.5,0,0,0,0
17,14.5132,0,0,0,0
17,14.572,0,0,0,0
17,14.688,0,0,0,0
17,14.804,0,0,0,0
17,14.835,0,0,0,0
17,14.92,0,0,0,0
17,15,0,0,0,0
17,15.036,0,0,0,0
17,15.152,0,0,0,0
17,15.1638,0,0,0,0
17,15.268,0,0,0,0
17,15.384,0,0,0,0
17,15.5,0,0,0,0
18,1,0,0,0,0
18,1.0219,0,0,0,0
18,1.04428,0,0,0,0
18,1.06715,0,0,0,0
18,1.09052,0,0,0,0
18,1.112,0,0,0,0
18,1.11441,0,0,0,0
18,1.13881,0,0,0,0
18,1.16375,0,0,0,0
18,1.18924,0,0,0,0
18,1.21529,0,0,0,0
18,1.224,0,0,0,0
18,1.2419,0,0,0,0
18,1.2691,0,0,0,0
18,1.29689,0,0,0,0
18,1.3253,0,0,0,0
18,1.336,0,0,0,0
18,1.35432,0,0,0,0
18,1.38398,0,0,0,0
18,1.41429,0,0,0,0
18,1.44527,0,0,0,0
18,1.448,0,0,0,0
18,1.47692,0,0,0,0
18,1.5,0,0,0,0
18,1.50927,0,0,0,0
18,1.54232,0,0,0,0
18,1.56,0,0,0,0
18,1.5761,0,0,0,0
18,1.61062,0,0,0,0
18,1.64589,0,0,0,0
18,1.672,0,0,0,0
18,1.68194,0,0,0,0
18,1.71877,0,0,0,0
18,1.75641,0,0,0,0
18,1.784,0,0,0,0
18,1.79488,0,0,0,0
18,1.83419,0,0,0,0
18,1.87436,0,0,0,0
18,1.896,0,0,0,0
18,1.91541,0,0,0,0
18,1.95736,0,0,0,0
18,2,0,0,0,0
18,2.00023,0,0,0,0
18,2.008,0,0,0,0
18,2.04403,0,0,0,0
18,2.0888,0,0,0,0
18,2.12,0,0,0,0
18,2.13455,0,0,0,0
18,2.18129,0,0,0,0
18,2.22907,0,0,0,0
18,2.232,0,0,0,0
18,2.27788,0,0,0,0
18,2.32777,0.0928695,0.0928695,0,0
18,2.344,0.153882,0.153882,0,0
18,2.37875,0.276761,0.276761,0,0
18,2.43085,0.443646,0.443646,0,0
18,2.456,0.517756,0.517756,0,0
18,2.48409,0.596135,0.596135,0,0
18,2.5,0.638645,0.638645,0,0
18,2.53849,0.73629,0.73629,0,0
18,2.568,0.806608,0.806608,0,0
18,2.59408,0.865774,0.865774,0,0
18,2.6509,0.985901,0.985901,0.492296,0.0918416
18,2.68,1.04325,1.04325,0.703711,0.358178
18,2.70895,1.09777,1.09777,0.883545,0.57649
18,2.76828,1.20227,1.20227,1.18288,0.929025
18,2.792,1.24157,1.24157,1.28351,1.04558
18,2.82891,1.30017,1.30017,1.42435,1.20673
18,2.89086,1.39209,1.39209,1.62666,1.4343
18,2.904,1.41063,1.41063,1.66504,1.47701
18,2.95418,1.47859,1.47859,1.7996,1.62589
18,3,1.537,1.537,1.90827,1.74525
18,3.016,1.55663,1.55663,1.94353,1.78377
18,3.01888,1.56012,1.56012,1.94973,1.79054
18,3.08499,1.63708,1.63708,2.08208,1.93428
18,3.128,1.68405,1.68405,2.15889,2.01721
18,3.15256,1.70986,1.70986,2.19992,2.06137
18,3.2216,1.7788,1.7788,2.30574,2.17488
18,3.24,1.79632,1.79632,2.33181,2.20276
18,3.29215,1.84416,1.84416,2.40142,2.27705
18,3.352,1.89595,1.89595,2.47435,2.35467
18,3.36425,1.90616,1.90616,2.48846,2.36967
18,3.43793,1.96485,1.96485,2.56801,2.45421
18,3.464,1.98453,1.98453,2.59417,2.48201
18,3.5,2.01084,2.01084,2.62874,2.51873
18,3.51323,2.02028,2.02028,2.64101,2.53174
18,3.576,2.06343,2.06343,2.69634,2.59003
18,3.59017,2.07283,2.07283,2.7082,2.60243
18,3.6688,2.12281,2.12281,2.77016,2.66664
18,3.688,2.13447,2.13447,2.78435,2.68124
18,3.74915,2.17023,2.17023,2.8273,2.72545
18,3.8,2.1984,2.1984,2.86057,2.75996
18,3.83126,2.21503,2.21503,2.87999,2.78025
18,3.912,2.25541,2.25541,2.92688,2.82909
18,3.91516,2.25692,2.25692,2.92862,2.8309
18,4,2.29539,2.29539,2.97302,2.87684
18,4.00091,2.29579,2.29579,2.97347,2.87731
18,4.024,2.30569,2.30569,2.98476,2.88908
18,4.08853,2.3321,2.3321,3.01469,2.9204
18,4.136,2.35027,2.35027,3.03523,2.942
18,4.17807,2.36537,2.36537,3.05244,2.96027
18,4.248,2.38852,2.38852,3.07907,2.98872
18,4.26958,2.39522,2.39522,3.08681,2.99699
18,4.36,2.42116,2.42116,3.11686,3.02961
18,4.36308,2.42197,2.42197,3.11781,3.03066
18,4.45864,2.44502,2.44502,3.14543,3.06104
18,4.472,2.44795,2.44795,3.14898,3.06499
18,4.5,2.45388,2.45388,3.15616,3.07303
18,4.55629,2.46482,2.46482,3.16961,3.08825
18,4.584,2.46966,2.46966,3.17575,3.09533
18,4.65607,2.48055,2.48055,3.19022,3.11233
18,4.696,2.48564,2.48564,3.19734,3.12094
18,4.75805,2.49217,2.49217,3.20719,3.13312
18,4.808,2.49624,2.49624,3.21408,3.14193
18,4.86225,2.49953,2.49953,3.22052,3.15048
18,4.92,2.50165,2.50165,3.22618,3.15845
18,4.96874,2.50239,2.50239,3.22998,3.16426
18,5,2.50237,2.50237,3.23196,3.16755
18,5.032,2.50193,2.50193,3.23361,3.17059
18,5.07756,2.50059,2.50059,3.23531,3.17428
18,5.144,2.49719,2.49719,3.23645,3.17844
18,5.18876,2.49395,2.49395,3.23629,3.18039
18,5.256,2.48765,2.48765,3.23461,3.1821
18,5.3024,2.48244,2.48244,3.23244,3.18243
18,5.368,2.47387,2.47387,3.22813,3.1817
18,5.41852,2.46628,2.46628,3.22395,3.18022
18,5.48,2.45594,2.45594,3.21789,3.17734
18,5.5,2.45231,2.45231,3.21567,3.17615
18,5.53719,2.4452,2.4452,3.21123,3.1736
18,5.592,2.43394,2.43394,3.20398,3.16907
18,5.65846,2.41908,2.41908,3.19388,3.16238
18,5.704,2.40816,2.40816,3.18615,3.15704
18,5.78239,2.38808,2.38808,3.17136,3.14644
18,5.816,2.37897,2.37897,3.16445,3.14137
18,5.90903,2.35239,2.35239,3.14356,3.1257
18,5.928,2.34673,2.34673,3.13899,3.12221
18,6,2.32459,2.32459,3.12079,3.10812
18,6.03844,2.31235,2.31235,3.11051,3.10005
18,6.04,2.31184,2.31184,3.11008,3.09972
18,6.152,2.27461,2.27461,3.07796,3.07405
18,6.17068,2.2682,2.2682,3.07231,3.06947
18,6.264,2.23539,2.23539,3.04287,3.04536
18,6.30583,2.22028,2.22028,3.02905,3.03391
18,6.376,2.19445,2.19445,3.00501,3.01382
18,6.44393,2.16891,2.16891,2.98079,2.99337
18,6.488,2.15209,2.15209,2.96459,2.97961
18,6.5,2.14747,2.14747,2.96011,2.97579
18,6.58506,2.11441,2.11441,2.92762,2.94789
18,6.6,2.10854,2.10854,2.92178,2.94285
18,6.712,2.06405,2.06405,2.87674,2.90375
18,6.72927,2.05711,2.05711,2.86961,2.89751
18,6.824,2.01881,2.01881,2.82961,2.8624
18,6.87665,1.99733,1.99733,2.80677,2.84226
18,6.936,1.973,1.973,2.78051,2.819
18,7,1.94664,1.94664,2.7516,2.79331
18,7.02725,1.93538,1.93538,2.73911,2.7822
18,7.048,1.92679,1.92679,2.72953,2.77367
18,7.16,1.88034,1.88034,2.67679,2.72651
18,7.18116,1.87155,1.87155,2.66664,2.71741
18,7.272,1.83377,1.83377,2.62237,2.67766
18,7.33843,1.80615,1.80615,2.58933,2.64788
18,7.384,1.78721,1.78721,2.56635,2.62712
18,7.496,1.74078,1.74078,2.5088,2.57504
18,7.49915,1.73948,1.73948,2.50716,2.57356
18,7.5,1.73913,1.73913,2.50672,2.57316
18,7.608,1.69458,1.69458,2.44979,2.52151
18,7.66338,1.67184,1.67184,2.42009,2.49449
18,7.72,1.6487,1.6487,2.38937,2.46652
18,7.83122,1.60356,1.60356,2.32803,2.41055
18,7.832,1.60324,1.60324,2.32759,2.41016
18,7.944,1.5583,1.5583,2.26451,2.35248
18,8,1.53604,1.53604,2.23249,2.32315
18,8.00273,1.53496,1.53496,2.23092,2.32172
18,8.056,1.51394,1.51394,2.20016,2.29352
18,8.168,1.47022,1.47022,2.13461,2.23335
18,8.17799,1.46636,1.46636,2.12871,2.22792
18,8.28,1.42725,1.42725,2.06793,2.17201
18,8.3571,1.39814,1.39814,2.02137,2.12912
18,8.392,1.3851,1.3851,2.00014,2.10955
18,8.5,1.34529,1.34529,1.93377,2.04831
18,8.504,1.34383,1.34383,1.9313,2.04602
18,8.54013,1.33072,1.33072,1.9089,2.0253
18,8.616,1.30351,1.30351,1.86148,1.98148
18,8.72716,1.26451,1.26451,1.79134,1.91649
18,8.728,1.26422,1.26422,1.79081,1.91599
18,8.84,1.22601,1.22601,1.71938,1.84962
18,8.91829,1.19997,1.19997,1.66902,1.80274
18,8.952,1.18893,1.18893,1.64728,1.78245
18,9,1.17341,1.17341,1.61617,1.75344
18,9.064,1.15307,1.15307,1.57463,1.71456
18,9.11361,1.13757,1.13757,1.54234,1.68429
18,9.176,1.11844,1.11844,1.50161,1.64606
18,9.288,1.08508,1.08508,1.42844,1.57706
18,9.31321,1.07774,1.07774,1.41197,1.56148
18,9.4,1.05294,1.05294,1.35534,1.50769
18,9.5,1.025,1.025,1.29029,1.44558
18,9.512,1.02167,1.02167,1.28252,1.43812
18,9.51717,1.02023,1.02023,1.27917,1.43491
18,9.624,0.990507,0.990507,1.21022,1.36851
18,9.72561,0.961841,0.961841,1.14536,1.3055
18,9.736,0.958872,0.958872,1.13878,1.29907
18,9.848,0.926464,0.926464,1.06856,1.22996
18,9.9386,0.90023,0.90023,1.01292,1.17439
18,9.96,0.894143,0.894143,0.99991,1.16132
18,10,0.882827,0.882827,0.975778,1.13698
18,10.072,0.862366,0.862366,0.933115,1.09348
18,10.1563,0.837636,0.837636,0.884216,1.04327
18,10.184,0.829264,0.829264,0.868446,1.02691
18,10.296,0.796438,0.796438,0.806079,0.961895
18,10.3787,0.773517,0.773517,0.76169,0.915036
18,10.408,0.765265,0.765265,0.746277,0.89867
18,10.5,0.738521,0.738521,0.699453,0.848275
18,10.52,0.732698,0.732698,0.689568,0.837491
18,10.606,0.708196,0.708196,0.648423,0.792046
18,10.632,0.700898,0.700898,0.636408,0.77858
18,10.744,0.669808,0.669808,0.586687,0.722186
18,10.8383,0.643662,0.643662,0.547454,0.676766
18,10.856,0.638723,0.638723,0.540349,0.668451
18,10.968,0.607923,0.607923,0.497351,0.617584
18,11,0.599329,0.599329,0.485664,0.60355
18,11.0756,0.579219,0.579219,0.45907,0.571402
18,11.08,0.578066,0.578066,0.457578,0.569594
18,11.192,0.548574,0.548574,0.42091,0.524659
18,11.304,0.519483,0.519483,0.387354,0.482636
18,11.3182,0.515842,0.515842,0.383312,0.477531
18,11.416,0.491237,0.491237,0.35669,0.443706
18,11.5,0.4705,0.4705,0.335592,0.416306
18,11.528,0.463642,0.463642,0.328908,0.407559
18,11.5661,0.454369,0.454369,0.320088,0.395981
18,11.64,0.436587,0.436587,0.303788,0.374438
18,11.752,0.410262,0.410262,0.281102,0.343846
18,11.8194,0.394816,0.394816,0.268659,0.32687
18,11.864,0.38472,0.38472,0.260869,0.316071
18,11.976,0.35975,0.35975,0.242643,0.290035
18,12,0.354491,0.354491,0.239008,0.284799
18,12.0782,0.3376,0.3376,0.22787,0.2687
18,12.088,0.33552,0.33552,0.226553,0.266772
18,12.2,0.311962,0.311962,0.212275,0.245695
18,12.312,0.289122,0.289122,0.199858,0.227186
18,12.3428,0.282969,0.282969,0.196817,0.22248
18,12.424,0.266848,0.266848,0.189077,0.210649
18,12.5,0.251657,0.251657,0.182326,0.200433
18,12.536,0.244398,0.244398,0.179325,0.195873
18,12.6131,0.229876,0.229876,0.17335,0.186671
18,12.648,0.223767,0.223767,0.170838,0.182749
18,12.76,0.204059,0.204059,0.163541,0.171159
18,12.872,0.184257,0.184257,0.157321,0.160965
18,12.8893,0.181335,0.181335,0.156447,0.159507
18,12.984,0.166057,0.166057,0.152048,0.152065
18,13,0.163394,0.163394,0.151364,0.15089
18,13.096,0.146237,0.146237,0.147471,0.144322
18,13.1716,0.133157,0.133157,0.144752,0.139703
18,13.208,0.127225,0.127225,0.143604,0.137639
18,13.32,0.109181,0.109181,0.140625,0.131909
18,13.432,0.0917805,0.0917805,0.138277,0.127049
18,13.4601,0.0875688,0.0875688,0.137771,0.125956
18,13.5,0.0815225,0.0815225,0.137102,0.124483
18,13.544,0.0748626,0.0748626,0.136428,0.122966
18,13.656,0.0585272,0.0585272,0.135018,0.119568
18,13.7549,0.0441131,0.0441131,0.134092,0.117095
18,13.768,0.042244,0.042244,0.133992,0.116801
18,13.88,0.0262971,0.0262971,0.133321,0.114599
18,13.992,0.0106308,0.0106308,0.133003,0.112891
18,14,0.00953608,0.00953608,0.133008,0.112787
18,14.0561,0.00182405,0.00182405,0.133198,0.112116
18,14.104,0,0,0.13337,0.111622
18,14.216,0,0,0.133291,0.110722
18,14.328,0,0,0.133527,0.110149
18,14.3639,0,0,0.133645,0.110032
18,14.44,0,0,0.13396,0.109884
18,14.5,0,0,0.134256,0.109855
18,14.552,0,0,0.134545,0.109888
18,14.664,0,0,0.135265,0.110115
18,14.6785,0,0,0.135366,0.110158
18,14.776,0,0,0.136081,0.110517
18,14.888,0,0,0.136978,0.11106
18,15,0,0,0.13793,0.111765
