rep,ID,time,prediction_iwRes,iwRes_simulated,iwRes_simulated_simBlq,censored,split,color,filter
1,7,1,0,5.71957e+15,1.39345,1,All,#4682B4,0
2,7,1,0,5.71957e+15,1.11724,1,All,#4682B4,0
3,7,1,0,5.71957e+15,0,1,All,#4682B4,0
4,7,1,0,5.71957e+15,0,1,All,#4682B4,0
5,7,1,0,5.71957e+15,1.07444,1,All,#4682B4,0
6,7,1,0,5.71957e+15,0,1,All,#4682B4,0
7,7,1,0,5.71957e+15,0,1,All,#4682B4,0
8,7,1,0,5.71957e+15,0,1,All,#4682B4,0
9,7,1,0,5.71957e+15,0,1,All,#4682B4,0
10,7,1,0,5.71957e+15,0,1,All,#4682B4,0
1,7,1.5,0,5.71957e+15,1.15663,1,All,#4682B4,0
2,7,1.5,0,5.71957e+15,0,1,All,#4682B4,0
3,7,1.5,0,5.71957e+15,0,1,All,#4682B4,0
4,7,1.5,0,5.71957e+15,1.09262,1,All,#4682B4,0
5,7,1.5,0,5.71957e+15,1.14981,1,All,#4682B4,0
6,7,1.5,0,5.71957e+15,0,1,All,#4682B4,0
7,7,1.5,0,5.71957e+15,0,1,All,#4682B4,0
8,7,1.5,0,5.71957e+15,0,1,All,#4682B4,0
9,7,1.5,0,5.71957e+15,0,1,All,#4682B4,0
10,7,1.5,0,5.71957e+15,0,1,All,#4682B4,0
1,7,2,0,5.71957e+15,0,1,All,#4682B4,0
2,7,2,0,5.71957e+15,0,1,All,#4682B4,0
3,7,2,0,5.71957e+15,0,1,All,#4682B4,0
4,7,2,0,5.71957e+15,0,1,All,#4682B4,0
5,7,2,0,5.71957e+15,0,1,All,#4682B4,0
6,7,2,0,5.71957e+15,0,1,All,#4682B4,0
7,7,2,0,5.71957e+15,1.73519,1,All,#4682B4,0
8,7,2,0,5.71957e+15,0,1,All,#4682B4,0
9,7,2,0,5.71957e+15,0,1,All,#4682B4,0
10,7,2,0,5.71957e+15,1.73087,1,All,#4682B4,0
1,7,2.5,0,5.71957e+15,1.02933,1,All,#4682B4,0
2,7,2.5,0,5.71957e+15,0,1,All,#4682B4,0
3,7,2.5,0,5.71957e+15,0,1,All,#4682B4,0
4,7,2.5,0,5.71957e+15,0,1,All,#4682B4,0
5,7,2.5,0,5.71957e+15,0,1,All,#4682B4,0
6,7,2.5,0,5.71957e+15,1.92656,1,All,#4682B4,0
7,7,2.5,0,5.71957e+15,0,1,All,#4682B4,0
8,7,2.5,0,5.71957e+15,0,1,All,#4682B4,0
9,7,2.5,0,5.71957e+15,1.49282,1,All,#4682B4,0
10,7,2.5,0,5.71957e+15,0,1,All,#4682B4,0
1,7,3,0,5.71957e+15,1.04011,1,All,#4682B4,0
2,7,3,0,5.71957e+15,0,1,All,#4682B4,0
3,7,3,0,5.71957e+15,0,1,All,#4682B4,0
4,7,3,0,5.71957e+15,0,1,All,#4682B4,0
5,7,3,0,5.71957e+15,0,1,All,#4682B4,0
6,7,3,0,5.71957e+15,0,1,All,#4682B4,0
7,7,3,0,5.71957e+15,0,1,All,#4682B4,0
8,7,3,0,5.71957e+15,0,1,All,#4682B4,0
9,7,3,0,5.71957e+15,0,1,All,#4682B4,0
10,7,3,0,5.71957e+15,0,1,All,#4682B4,0
1,7,3.5,0,5.71957e+15,0,1,All,#4682B4,0
2,7,3.5,0,5.71957e+15,1.01913,1,All,#4682B4,0
3,7,3.5,0,5.71957e+15,0,1,All,#4682B4,0
4,7,3.5,0,5.71957e+15,0,1,All,#4682B4,0
5,7,3.5,0,5.71957e+15,0,1,All,#4682B4,0
6,7,3.5,0,5.71957e+15,1.33886,1,All,#4682B4,0
7,7,3.5,0,5.71957e+15,2.27532,1,All,#4682B4,0
8,7,3.5,0,5.71957e+15,1.25815,1,All,#4682B4,0
9,7,3.5,0,5.71957e+15,0,1,All,#4682B4,0
10,7,3.5,0,5.71957e+15,0,1,All,#4682B4,0
1,7,4,0,5.71957e+15,0,1,All,#4682B4,0
2,7,4,0,5.71957e+15,0,1,All,#4682B4,0
3,7,4,0.029803,100.808,0.195411,1,All,#4682B4,0
4,7,4,0,5.71957e+15,0,1,All,#4682B4,0
5,7,4,0,5.71957e+15,0,1,All,#4682B4,0
6,7,4,0,5.71957e+15,2.69619,1,All,#4682B4,0
7,7,4,0,5.71957e+15,1.20243,1,All,#4682B4,0
8,7,4,0,5.71957e+15,3.24702,1,All,#4682B4,0
9,7,4,0.185271,14.1833,-0.6405,1,All,#4682B4,0
10,7,4,0.0945125,30.1295,0.479734,1,All,#4682B4,0
1,7,4.5,0,5.71957e+15,0,1,All,#4682B4,0
2,7,4.5,0.719621,1.85277,0.661189,1,All,#4682B4,0
3,7,4.5,0.736185,1.75657,-0.234301,1,All,#4682B4,0
4,7,4.5,0.191892,13.6103,-0.342574,1,All,#4682B4,0
5,7,4.5,0.0226312,133.521,-0.0792504,1,All,#4682B4,0
6,7,4.5,0.0127258,239.335,-0.636967,1,All,#4682B4,0
7,7,4.5,0.134671,20.4225,-0.276544,1,All,#4682B4,0
8,7,4.5,0.435537,4.64136,0.388937,1,All,#4682B4,0
9,7,4.5,0.965208,0.764972,0.220484,1,All,#4682B4,0
10,7,4.5,0.834661,1.26352,-0.447995,1,All,#4682B4,0
1,7,5,0.199938,12.9651,1.21338,1,All,#4682B4,0
2,7,5,1.64964,-0.557498,-1.11197,1,All,#4682B4,0
3,7,5,1.44161,-0.288369,-0.471118,1,All,#4682B4,0
4,7,5,1.08393,0.415857,0.116849,1,All,#4682B4,0
5,7,5,1.04405,0.524276,0.169072,1,All,#4682B4,0
6,7,5,1.56328,-0.454475,-0.961559,1,All,#4682B4,0
7,7,5,1.04765,0.514142,0.00456781,1,All,#4682B4,0
8,7,5,1.19376,0.154716,-0.00964132,1,All,#4682B4,0
9,7,5,1.72433,-0.638284,-1.79097,1,All,#4682B4,0
10,7,5,1.54649,-0.433111,-1.59642,1,All,#4682B4,0
1,7,5.5,1.80729,1.277,1.277,0,All,#4682B4,0
2,7,5.5,2.59111,0.157901,0.157901,0,All,#4682B4,0
3,7,5.5,2.11169,0.743724,0.743724,0,All,#4682B4,0
4,7,5.5,2.04261,0.850809,0.850809,0,All,#4682B4,0
5,7,5.5,2.18016,0.644285,0.644285,0,All,#4682B4,0
6,7,5.5,3.15442,-0.302901,-0.302901,0,All,#4682B4,0
7,7,5.5,2.02108,0.885674,0.885674,0,All,#4682B4,0
8,7,5.5,1.87871,1.13638,1.13638,0,All,#4682B4,0
9,7,5.5,2.4175,0.343202,0.343202,0,All,#4682B4,0
10,7,5.5,2.20395,0.611193,0.611193,0,All,#4682B4,0
1,7,6,3.49919,0.118252,0.118252,0,All,#4682B4,0
2,7,6,3.32128,0.254352,0.254352,0,All,#4682B4,0
3,7,6,2.62237,0.967785,0.967785,0,All,#4682B4,0
4,7,6,2.95355,0.587632,0.587632,0,All,#4682B4,0
5,7,6,3.22129,0.337441,0.337441,0,All,#4682B4,0
6,7,6,3.13813,0.410578,0.410578,0,All,#4682B4,0
7,7,6,2.76528,0.792569,0.792569,0,All,#4682B4,0
8,7,6,2.4177,1.25478,1.25478,0,All,#4682B4,0
9,7,6,2.89506,0.64844,0.64844,0,All,#4682B4,0
10,7,6,2.71267,0.854922,0.854922,0,All,#4682B4,0
1,7,6.5,3.59097,-0.479627,-0.479627,0,All,#4682B4,0
2,7,6.5,3.44872,-0.399488,-0.399488,0,All,#4682B4,0
3,7,6.5,2.79187,0.0764703,0.0764703,0,All,#4682B4,0
4,7,6.5,3.36947,-0.351909,-0.351909,0,All,#4682B4,0
5,7,6.5,3.48039,-0.417894,-0.417894,0,All,#4682B4,0
6,7,6.5,2.60393,0.256837,0.256837,0,All,#4682B4,0
7,7,6.5,2.85961,0.0172715,0.0172715,0,All,#4682B4,0
8,7,6.5,2.65732,0.203006,0.203006,0,All,#4682B4,0
9,7,6.5,3.02069,-0.112826,-0.112826,0,All,#4682B4,0
10,7,6.5,2.92323,-0.0358261,-0.0358261,0,All,#4682B4,0
1,7,7,3.19988,-0.772107,-0.772107,0,All,#4682B4,0
2,7,7,3.17307,-0.758161,-0.758161,0,All,#4682B4,0
3,7,7,2.64987,-0.429554,-0.429554,0,All,#4682B4,0
4,7,7,3.20439,-0.774431,-0.774431,0,All,#4682B4,0
5,7,7,3.27175,-0.808363,-0.808363,0,All,#4682B4,0
6,7,7,2.22833,-0.0525424,-0.0525424,0,All,#4682B4,0
7,7,7,2.61348,-0.401799,-0.401799,0,All,#4682B4,0
8,7,7,2.56856,-0.366464,-0.366464,0,All,#4682B4,0
9,7,7,2.9121,-0.609016,-0.609016,0,All,#4682B4,0
10,7,7,2.84785,-0.568103,-0.568103,0,All,#4682B4,0
1,7,7.5,2.8598,0.686306,0.686306,0,All,#4682B4,0
2,7,7.5,2.82059,0.72953,0.72953,0,All,#4682B4,0
3,7,7.5,2.39818,1.28472,1.28472,0,All,#4682B4,0
4,7,7.5,2.86901,0.676333,0.676333,0,All,#4682B4,0
5,7,7.5,3.0833,0.460959,0.460959,0,All,#4682B4,0
6,7,7.5,2.02614,1.96543,1.96543,0,All,#4682B4,0
7,7,7.5,2.35389,1.35447,1.35447,0,All,#4682B4,0
8,7,7.5,2.32653,1.39889,1.39889,0,All,#4682B4,0
9,7,7.5,2.701,0.869082,0.869082,0,All,#4682B4,0
10,7,7.5,2.64184,0.942799,0.942799,0,All,#4682B4,0
1,7,8,2.59809,-0.445775,-0.445775,0,All,#4682B4,0
2,7,8,2.52818,-0.391118,-0.391118,0,All,#4682B4,0
3,7,8,2.16957,-0.0553504,-0.0553504,0,All,#4682B4,0
4,7,8,2.57192,-0.425662,-0.425662,0,All,#4682B4,0
5,7,8,2.97401,-0.695635,-0.695635,0,All,#4682B4,0
6,7,8,1.94263,0.221184,0.221184,0,All,#4682B4,0
7,7,8,2.17639,-0.0627686,-0.0627686,0,All,#4682B4,0
8,7,8,2.08951,0.0353444,0.0353444,0,All,#4682B4,0
9,7,8,2.45735,-0.332563,-0.332563,0,All,#4682B4,0
10,7,8,2.42163,-0.30174,-0.30174,0,All,#4682B4,0
1,7,8.5,2.38191,-0.510465,-0.510465,0,All,#4682B4,0
2,7,8.5,2.32505,-0.463701,-0.463701,0,All,#4682B4,0
3,7,8.5,2.00835,-0.154821,-0.154821,0,All,#4682B4,0
4,7,8.5,2.36354,-0.495598,-0.495598,0,All,#4682B4,0
5,7,8.5,2.86133,-0.830828,-0.830828,0,All,#4682B4,0
6,7,8.5,1.91891,-0.0491223,-0.0491223,0,All,#4682B4,0
7,7,8.5,2.07981,-0.232737,-0.232737,0,All,#4682B4,0
8,7,8.5,1.91853,-0.0486518,-0.0486518,0,All,#4682B4,0
9,7,8.5,2.2117,-0.363316,-0.363316,0,All,#4682B4,0
10,7,8.5,2.2382,-0.387696,-0.387696,0,All,#4682B4,0
1,7,9,2.18265,-1.01294,-2.151,1,All,#4682B4,0
2,7,9,2.20049,-1.02437,-1.2355,1,All,#4682B4,0
3,7,9,1.91544,-0.816304,-1.07597,1,All,#4682B4,0
4,7,9,2.18291,-1.0131,-1.09312,1,All,#4682B4,0
5,7,9,2.67355,-1.27175,-2.0124,1,All,#4682B4,0
6,7,9,1.9184,-0.818782,-1.68229,1,All,#4682B4,0
7,7,9,1.99592,-0.881067,-0.983892,1,All,#4682B4,0
8,7,9,1.81938,-0.731498,-1.72547,1,All,#4682B4,0
9,7,9,1.97635,-0.865801,-1.91804,1,All,#4682B4,0
10,7,9,2.05453,-0.925035,-1.012,1,All,#4682B4,0
1,7,9.5,1.99394,1.47742,1.47742,0,All,#4682B4,0
2,7,9.5,2.06925,1.33549,1.33549,0,All,#4682B4,0
3,7,9.5,1.87936,1.71519,1.71519,0,All,#4682B4,0
4,7,9.5,2.00316,1.45947,1.45947,0,All,#4682B4,0
5,7,9.5,2.43364,0.772808,0.772808,0,All,#4682B4,0
6,7,9.5,1.92065,1.62624,1.62624,0,All,#4682B4,0
7,7,9.5,1.87667,1.72112,1.72112,0,All,#4682B4,0
8,7,9.5,1.78032,1.94539,1.94539,0,All,#4682B4,0
9,7,9.5,1.75428,2.0102,2.0102,0,All,#4682B4,0
10,7,9.5,1.84795,1.78552,1.78552,0,All,#4682B4,0
1,7,10,1.80156,0.455095,0.455095,0,All,#4682B4,0
2,7,10,1.90528,0.298438,0.298438,0,All,#4682B4,0
3,7,10,1.83368,0.40468,0.40468,0,All,#4682B4,0
4,7,10,1.81584,0.432452,0.432452,0,All,#4682B4,0
5,7,10,2.15224,-0.0137775,-0.0137775,0,All,#4682B4,0
6,7,10,1.829,0.411913,0.411913,0,All,#4682B4,0
7,7,10,1.72079,0.590162,0.590162,0,All,#4682B4,0
8,7,10,1.78634,0.479605,0.479605,0,All,#4682B4,0
9,7,10,1.54292,0.937463,0.937463,0,All,#4682B4,0
10,7,10,1.61823,0.781082,0.781082,0,All,#4682B4,0
1,7,10.5,1.60573,0.0969566,0.0969566,0,All,#4682B4,0
2,7,10.5,1.69809,-0.0400786,-0.0400786,0,All,#4682B4,0
3,7,10.5,1.72036,-0.0709086,-0.0709086,0,All,#4682B4,0
4,7,10.5,1.60903,0.0917875,0.0917875,0,All,#4682B4,0
5,7,10.5,1.83087,-0.212858,-0.212858,0,All,#4682B4,0
6,7,10.5,1.63034,0.0589332,0.0589332,0,All,#4682B4,0
7,7,10.5,1.52629,0.228089,0.228089,0,All,#4682B4,0
8,7,10.5,1.80363,-0.179479,-0.179479,0,All,#4682B4,0
9,7,10.5,1.33368,0.61089,0.61089,0,All,#4682B4,0
10,7,10.5,1.36127,0.549409,0.549409,0,All,#4682B4,0
1,7,11,1.39776,-0.221419,-1.27442,1,All,#4682B4,0
2,7,11,1.44086,-0.287264,-2.14348,1,All,#4682B4,0
3,7,11,1.53694,-0.420743,-0.952158,1,All,#4682B4,0
4,7,11,1.3758,-0.186286,-0.190907,1,All,#4682B4,0
5,7,11,1.45422,-0.306887,-0.493515,1,All,#4682B4,0
6,7,11,1.34987,-0.14333,-0.496304,1,All,#4682B4,0
7,7,11,1.29174,-0.0407742,-0.816088,1,All,#4682B4,0
8,7,11,1.68275,-0.594193,-0.64061,1,All,#4682B4,0
9,7,11,1.11728,0.331138,-1.67369,1,All,#4682B4,0
10,7,11,1.07111,0.44981,-0.248725,1,All,#4682B4,0
1,7,11.5,1.1872,0.168965,-0.982472,1,All,#4682B4,0
2,7,11.5,1.11885,0.327273,-0.00744073,1,All,#4682B4,0
3,7,11.5,1.28193,-0.0225464,-1.17631,1,All,#4682B4,0
4,7,11.5,1.10769,0.354961,-0.541468,1,All,#4682B4,0
5,7,11.5,1.00686,0.633125,-0.802292,1,All,#4682B4,0
6,7,11.5,0.999144,0.656708,-0.822553,1,All,#4682B4,0
7,7,11.5,1.01503,0.608504,-0.104336,1,All,#4682B4,0
8,7,11.5,1.4215,-0.258181,-0.329764,1,All,#4682B4,0
9,7,11.5,0.888772,1.0391,-1.8333,1,All,#4682B4,0
10,7,11.5,0.742187,1.72278,0.474127,1,All,#4682B4,0
1,7,12,0.881886,1.06613,0.964534,1,All,#4682B4,0
2,7,12,0.735787,1.75883,0.259558,1,All,#4682B4,0
3,7,12,0.957977,0.789029,-0.304446,1,All,#4682B4,0
4,7,12,0.794303,1.4508,-0.571079,1,All,#4682B4,0
5,7,12,0.479495,3.99377,1.76342,1,All,#4682B4,0
6,7,12,0.579826,2.88352,-0.248515,1,All,#4682B4,0
7,7,12,0.686743,2.05744,1.22037,1,All,#4682B4,0
8,7,12,1.04175,0.53078,0.24338,1,All,#4682B4,0
9,7,12,0.641644,2.37232,-0.079108,1,All,#4682B4,0
10,7,12,0.370718,5.87645,0.614212,1,All,#4682B4,0
1,7,12.5,0.381139,5.64954,-1.06662,1,All,#4682B4,0
2,7,12.5,0.285348,8.35931,1.17278,1,All,#4682B4,0
3,7,12.5,0.566409,3.00921,0.537112,1,All,#4682B4,0
4,7,12.5,0.428158,4.7631,0.969232,1,All,#4682B4,0
5,7,12.5,0,5.71957e+15,0,1,All,#4682B4,0
6,7,12.5,0.0880151,32.5325,1.3087,1,All,#4682B4,0
7,7,12.5,0.300737,7.80759,-0.0971579,1,All,#4682B4,0
8,7,12.5,0.562988,3.04222,-0.00509368,1,All,#4682B4,0
9,7,12.5,0.370308,5.88564,1.33729,1,All,#4682B4,0
10,7,12.5,0,5.71957e+15,0,1,All,#4682B4,0
1,7,13,0,5.71957e+15,0,1,All,#4682B4,0
2,7,13,0,5.71957e+15,1.75402,1,All,#4682B4,0
3,7,13,0.105843,26.6448,-0.392735,1,All,#4682B4,0
4,7,13,0.00236725,1297.21,-0.238917,1,All,#4682B4,0
5,7,13,0,5.71957e+15,1.01811,1,All,#4682B4,0
6,7,13,0,5.71957e+15,0,1,All,#4682B4,0
7,7,13,0,5.71957e+15,0,1,All,#4682B4,0
8,7,13,0.0031205,983.499,-1.25233,1,All,#4682B4,0
9,7,13,0.0693614,41.9331,1.09055,1,All,#4682B4,0
10,7,13,0,5.71957e+15,0,1,All,#4682B4,0
1,7,13.5,0,5.71957e+15,0,1,All,#4682B4,0
2,7,13.5,0,5.71957e+15,0,1,All,#4682B4,0
3,7,13.5,0,5.71957e+15,0,1,All,#4682B4,0
4,7,13.5,0,5.71957e+15,2.21635,1,All,#4682B4,0
5,7,13.5,0,5.71957e+15,0,1,All,#4682B4,0
6,7,13.5,0,5.71957e+15,1.67312,1,All,#4682B4,0
7,7,13.5,0,5.71957e+15,0,1,All,#4682B4,0
8,7,13.5,0,5.71957e+15,2.08665,1,All,#4682B4,0
9,7,13.5,0,5.71957e+15,0,1,All,#4682B4,0
10,7,13.5,0,5.71957e+15,0,1,All,#4682B4,0
1,7,14,0,5.71957e+15,1.82692,1,All,#4682B4,0
2,7,14,0,5.71957e+15,1.41,1,All,#4682B4,0
3,7,14,0,5.71957e+15,0,1,All,#4682B4,0
4,7,14,0,5.71957e+15,0,1,All,#4682B4,0
5,7,14,0,5.71957e+15,1.2893,1,All,#4682B4,0
6,7,14,0,5.71957e+15,1.65311,1,All,#4682B4,0
7,7,14,0,5.71957e+15,1.70465,1,All,#4682B4,0
8,7,14,0,5.71957e+15,0,1,All,#4682B4,0
9,7,14,0,5.71957e+15,0,1,All,#4682B4,0
10,7,14,0,5.71957e+15,0,1,All,#4682B4,0
1,7,14.5,0,5.71957e+15,1.07571,1,All,#4682B4,0
2,7,14.5,0,5.71957e+15,0,1,All,#4682B4,0
3,7,14.5,0,5.71957e+15,0,1,All,#4682B4,0
4,7,14.5,0,5.71957e+15,1.25114,1,All,#4682B4,0
5,7,14.5,0,5.71957e+15,1.72552,1,All,#4682B4,0
6,7,14.5,0,5.71957e+15,1.29403,1,All,#4682B4,0
7,7,14.5,0,5.71957e+15,0,1,All,#4682B4,0
8,7,14.5,0,5.71957e+15,0,1,All,#4682B4,0
9,7,14.5,0,5.71957e+15,0,1,All,#4682B4,0
10,7,14.5,0,5.71957e+15,0,1,All,#4682B4,0
1,7,15,0,5.71957e+15,0,1,All,#4682B4,0
2,7,15,0,5.71957e+15,0,1,All,#4682B4,0
3,7,15,0,5.71957e+15,0,1,All,#4682B4,0
4,7,15,0,5.71957e+15,0,1,All,#4682B4,0
5,7,15,0,5.71957e+15,1.82961,1,All,#4682B4,0
6,7,15,0,5.71957e+15,0,1,All,#4682B4,0
7,7,15,0,5.71957e+15,0,1,All,#4682B4,0
8,7,15,0,5.71957e+15,1.08799,1,All,#4682B4,0
9,7,15,0,5.71957e+15,0,1,All,#4682B4,0
10,7,15,0,5.71957e+15,0,1,All,#4682B4,0
1,7,15.5,0,5.71957e+15,1.14212,1,All,#4682B4,0
2,7,15.5,0,5.71957e+15,0,1,All,#4682B4,0
3,7,15.5,0,5.71957e+15,2.16512,1,All,#4682B4,0
4,7,15.5,0,5.71957e+15,1.07828,1,All,#4682B4,0
5,7,15.5,0,5.71957e+15,1.32786,1,All,#4682B4,0
6,7,15.5,0,5.71957e+15,0,1,All,#4682B4,0
7,7,15.5,0,5.71957e+15,0,1,All,#4682B4,0
8,7,15.5,0,5.71957e+15,0,1,All,#4682B4,0
9,7,15.5,0,5.71957e+15,0,1,All,#4682B4,0
10,7,15.5,0,5.71957e+15,0,1,All,#4682B4,0
1,7,16,0,5.71957e+15,0,1,All,#4682B4,0
2,7,16,0,5.71957e+15,1.72582,1,All,#4682B4,0
3,7,16,0,5.71957e+15,3.09618,1,All,#4682B4,0
4,7,16,0,5.71957e+15,1.09141,1,All,#4682B4,0
5,7,16,0,5.71957e+15,0,1,All,#4682B4,0
6,7,16,0,5.71957e+15,0,1,All,#4682B4,0
7,7,16,0,5.71957e+15,0,1,All,#4682B4,0
8,7,16,0,5.71957e+15,0,1,All,#4682B4,0
9,7,16,0,5.71957e+15,0,1,All,#4682B4,0
10,7,16,0,5.71957e+15,0,1,All,#4682B4,0
1,8,1,0,5.71957e+15,1.2505,1,All,#4682B4,0
2,8,1,0,5.71957e+15,0,1,All,#4682B4,0
3,8,1,0,5.71957e+15,0,1,All,#4682B4,0
4,8,1,0,5.71957e+15,0,1,All,#4682B4,0
5,8,1,0,5.71957e+15,1.25247,1,All,#4682B4,0
6,8,1,0,5.71957e+15,1.22194,1,All,#4682B4,0
7,8,1,0,5.71957e+15,0,1,All,#4682B4,0
8,8,1,0,5.71957e+15,1.46075,1,All,#4682B4,0
9,8,1,0,5.71957e+15,0,1,All,#4682B4,0
10,8,1,0,5.71957e+15,0,1,All,#4682B4,0
1,8,1.5,0,5.71957e+15,0,1,All,#4682B4,0
2,8,1.5,0,5.71957e+15,0,1,All,#4682B4,0
3,8,1.5,0,5.71957e+15,2.2934,1,All,#4682B4,0
4,8,1.5,0,5.71957e+15,0,1,All,#4682B4,0
5,8,1.5,0,5.71957e+15,0,1,All,#4682B4,0
6,8,1.5,0,5.71957e+15,0,1,All,#4682B4,0
7,8,1.5,0,5.71957e+15,1.25352,1,All,#4682B4,0
8,8,1.5,0,5.71957e+15,2.3557,1,All,#4682B4,0
9,8,1.5,0,5.71957e+15,1.58336,1,All,#4682B4,0
10,8,1.5,0,5.71957e+15,0,1,All,#4682B4,0
1,8,2,0,5.71957e+15,0,1,All,#4682B4,0
2,8,2,0,5.71957e+15,1.12633,1,All,#4682B4,0
3,8,2,0,5.71957e+15,0,1,All,#4682B4,0
4,8,2,0,5.71957e+15,0,1,All,#4682B4,0
5,8,2,0,5.71957e+15,0,1,All,#4682B4,0
6,8,2,0,5.71957e+15,0,1,All,#4682B4,0
7,8,2,0,5.71957e+15,0,1,All,#4682B4,0
8,8,2,0,5.71957e+15,1.46394,1,All,#4682B4,0
9,8,2,0,5.71957e+15,0,1,All,#4682B4,0
10,8,2,0,5.71957e+15,0,1,All,#4682B4,0
1,8,2.5,0,5.71957e+15,0,1,All,#4682B4,0
2,8,2.5,0.580798,2.87464,0.996942,1,All,#4682B4,0
3,8,2.5,0,5.71957e+15,0,1,All,#4682B4,0
4,8,2.5,0,5.71957e+15,1.71714,1,All,#4682B4,0
5,8,2.5,0,5.71957e+15,1.05061,1,All,#4682B4,0
6,8,2.5,0,5.71957e+15,1.61438,1,All,#4682B4,0
7,8,2.5,0,5.71957e+15,0,1,All,#4682B4,0
8,8,2.5,0,5.71957e+15,0,1,All,#4682B4,0
9,8,2.5,0,5.71957e+15,0,1,All,#4682B4,0
10,8,2.5,0,5.71957e+15,0,1,All,#4682B4,0
1,8,3,1.52015,0.541577,0.541577,0,All,#4682B4,0
2,8,3,2.3743,-0.52474,-0.52474,0,All,#4682B4,0
3,8,3,1.54713,0.489886,0.489886,0,All,#4682B4,0
4,8,3,1.72655,0.187247,0.187247,0,All,#4682B4,0
5,8,3,1.64333,0.319397,0.319397,0,All,#4682B4,0
6,8,3,1.72749,0.18582,0.18582,0,All,#4682B4,0
7,8,3,1.88747,-0.0352554,-0.0352554,0,All,#4682B4,0
8,8,3,1.43468,0.718159,0.718159,0,All,#4682B4,0
9,8,3,1.37272,0.859923,0.859923,0,All,#4682B4,0
10,8,3,2.04655,-0.220819,-0.220819,0,All,#4682B4,0
1,8,3.5,2.28481,-1.07596,-1.11772,1,All,#4682B4,0
2,8,3.5,2.73479,-1.29752,-1.4165,1,All,#4682B4,0
3,8,3.5,2.49728,-1.19053,-1.4093,1,All,#4682B4,0
4,8,3.5,2.53071,-1.2068,-2.42019,1,All,#4682B4,0
5,8,3.5,2.26593,-1.06474,-1.21014,1,All,#4682B4,0
6,8,3.5,2.35556,-1.11641,-1.40709,1,All,#4682B4,0
7,8,3.5,2.50661,-1.19511,-2.13867,1,All,#4682B4,0
8,8,3.5,2.23931,-1.0486,-2.03321,1,All,#4682B4,0
9,8,3.5,2.51328,-1.19837,-1.23989,1,All,#4682B4,0
10,8,3.5,2.48222,-1.18305,-1.70669,1,All,#4682B4,0
1,8,4,2.61696,0.900733,0.900733,0,All,#4682B4,0
2,8,4,2.87277,0.604809,0.604809,0,All,#4682B4,0
3,8,4,2.76004,0.728458,0.728458,0,All,#4682B4,0
4,8,4,2.87723,0.600121,0.600121,0,All,#4682B4,0
5,8,4,2.52046,1.02796,1.02796,0,All,#4682B4,0
6,8,4,2.64062,0.870952,0.870952,0,All,#4682B4,0
7,8,4,2.80246,0.680762,0.680762,0,All,#4682B4,0
8,8,4,2.52223,1.02554,1.02554,0,All,#4682B4,0
9,8,4,2.94524,0.530322,0.530322,0,All,#4682B4,0
10,8,4,2.63161,0.882234,0.882234,0,All,#4682B4,0
1,8,4.5,2.7606,-1.30804,-1.61958,1,All,#4682B4,0
2,8,4.5,2.90715,-1.36422,-1.58449,1,All,#4682B4,0
3,8,4.5,2.80298,-1.32489,-1.41497,1,All,#4682B4,0
4,8,4.5,3.02753,-1.4063,-1.65886,1,All,#4682B4,0
5,8,4.5,2.64069,-1.25743,-1.49517,1,All,#4682B4,0
6,8,4.5,2.78209,-1.31665,-1.44577,1,All,#4682B4,0
7,8,4.5,2.93346,-1.37371,-1.53407,1,All,#4682B4,0
8,8,4.5,2.62269,-1.24943,-2.03056,1,All,#4682B4,0
9,8,4.5,3.11938,-1.43622,-2.12231,1,All,#4682B4,0
10,8,4.5,2.64874,-1.26097,-1.9954,1,All,#4682B4,0
1,8,5,2.79198,0.98742,0.98742,0,All,#4682B4,0
2,8,5,2.89822,0.862421,0.862421,0,All,#4682B4,0
3,8,5,2.76835,1.01652,1.01652,0,All,#4682B4,0
4,8,5,3.06198,0.686736,0.686736,0,All,#4682B4,0
5,8,5,2.68249,1.1266,1.1266,0,All,#4682B4,0
6,8,5,2.83678,0.933568,0.933568,0,All,#4682B4,0
7,8,5,2.96436,0.78913,0.78913,0,All,#4682B4,0
8,8,5,2.63165,1.19516,1.19516,0,All,#4682B4,0
9,8,5,3.1474,0.602356,0.602356,0,All,#4682B4,0
10,8,5,2.61174,1.22273,1.22273,0,All,#4682B4,0
1,8,5.5,2.76499,-1.30981,-1.318,1,All,#4682B4,0
2,8,5.5,2.87424,-1.3521,-2.3095,1,All,#4682B4,0
3,8,5.5,2.71338,-1.28864,-1.738,1,All,#4682B4,0
4,8,5.5,3.03755,-1.40965,-1.4797,1,All,#4682B4,0
5,8,5.5,2.67881,-1.27401,-1.32609,1,All,#4682B4,0
6,8,5.5,2.84013,-1.33924,-1.96198,1,All,#4682B4,0
7,8,5.5,2.94236,-1.37688,-1.90997,1,All,#4682B4,0
8,8,5.5,2.60252,-1.24035,-1.59695,1,All,#4682B4,0
9,8,5.5,3.10097,-1.43036,-1.5783,1,All,#4682B4,0
10,8,5.5,2.55714,-1.21936,-2.28968,1,All,#4682B4,0
1,8,6,2.71043,1.1347,1.1347,0,All,#4682B4,0
2,8,6,2.84027,0.972083,0.972083,0,All,#4682B4,0
3,8,6,2.65368,1.21077,1.21077,0,All,#4682B4,0
4,8,6,2.98598,0.806442,0.806442,0,All,#4682B4,0
5,8,6,2.65017,1.21558,1.21558,0,All,#4682B4,0
6,8,6,2.81582,1.00156,1.00156,0,All,#4682B4,0
7,8,6,2.89176,0.911646,0.911646,0,All,#4682B4,0
8,8,6,2.56044,1.34308,1.34308,0,All,#4682B4,0
9,8,6,3.02034,0.769706,0.769706,0,All,#4682B4,0
10,8,6,2.49729,1.4383,1.4383,0,All,#4682B4,0
1,8,6.5,2.64067,-1.25742,-1.87333,1,All,#4682B4,0
2,8,6.5,2.79675,-1.32244,-2.05586,1,All,#4682B4,0
3,8,6.5,2.59295,-1.23598,-1.75974,1,All,#4682B4,0
4,8,6.5,2.91914,-1.36856,-1.73534,1,All,#4682B4,0
5,8,6.5,2.60571,-1.24179,-1.46391,1,All,#4682B4,0
6,8,6.5,2.77544,-1.31399,-1.55913,1,All,#4682B4,0
7,8,6.5,2.82314,-1.33273,-2.04618,1,All,#4682B4,0
8,8,6.5,2.51392,-1.19868,-1.31533,1,All,#4682B4,0
9,8,6.5,2.92115,-1.36929,-1.63457,1,All,#4682B4,0
10,8,6.5,2.43593,-1.1595,-1.23675,1,All,#4682B4,0
1,8,7,2.55944,1.28777,1.28777,0,All,#4682B4,0
2,8,7,2.74234,1.0403,1.0403,0,All,#4682B4,0
3,8,7,2.53199,1.32798,1.32798,0,All,#4682B4,0
4,8,7,2.84006,0.921159,0.921159,0,All,#4682B4,0
5,8,7,2.54821,1.30411,1.30411,0,All,#4682B4,0
6,8,7,2.72281,1.06515,1.06515,0,All,#4682B4,0
7,8,7,2.73961,1.04375,1.04375,0,All,#4682B4,0
8,8,7,2.45878,1.43966,1.43966,0,All,#4682B4,0
9,8,7,2.80822,0.95907,0.95907,0,All,#4682B4,0
10,8,7,2.37306,1.57916,1.57916,0,All,#4682B4,0
1,8,7.5,2.46728,0.405223,0.405223,0,All,#4682B4,0
2,8,7.5,2.67469,0.185952,0.185952,0,All,#4682B4,0
3,8,7.5,2.46481,0.408061,0.408061,0,All,#4682B4,0
4,8,7.5,2.74867,0.115749,0.115749,0,All,#4682B4,0
5,8,7.5,2.47741,0.39366,0.39366,0,All,#4682B4,0
6,8,7.5,2.65825,0.202084,0.202084,0,All,#4682B4,0
7,8,7.5,2.64088,0.219341,0.219341,0,All,#4682B4,0
8,8,7.5,2.39059,0.495945,0.495945,0,All,#4682B4,0
9,8,7.5,2.6825,0.178359,0.178359,0,All,#4682B4,0
10,8,7.5,2.29941,0.61167,0.61167,0,All,#4682B4,0
1,8,8,2.36365,1.11339,1.11339,0,All,#4682B4,0
2,8,8,2.59072,0.803486,0.803486,0,All,#4682B4,0
3,8,8,2.38195,1.08624,1.08624,0,All,#4682B4,0
4,8,8,2.64382,0.738689,0.738689,0,All,#4682B4,0
5,8,8,2.39163,1.07203,1.07203,0,All,#4682B4,0
6,8,8,2.58054,0.816204,0.816204,0,All,#4682B4,0
7,8,8,2.52538,0.886956,0.886956,0,All,#4682B4,0
8,8,8,2.30673,1.20064,1.20064,0,All,#4682B4,0
9,8,8,2.54372,0.863083,0.863083,0,All,#4682B4,0
10,8,8,2.20998,1.35927,1.35927,0,All,#4682B4,0
1,8,8.5,2.24757,-0.0620504,-0.0620504,0,All,#4682B4,0
2,8,8.5,2.48664,-0.288985,-0.288985,0,All,#4682B4,0
3,8,8.5,2.27949,-0.0951039,-0.0951039,0,All,#4682B4,0
4,8,8.5,2.52397,-0.320543,-0.320543,0,All,#4682B4,0
5,8,8.5,2.28836,-0.104128,-0.104128,0,All,#4682B4,0
6,8,8.5,2.48767,-0.289875,-0.289875,0,All,#4682B4,0
7,8,8.5,2.39097,-0.203621,-0.203621,0,All,#4682B4,0
8,8,8.5,2.2039,-0.0152819,-0.0152819,0,All,#4682B4,0
9,8,8.5,2.39108,-0.203719,-0.203719,0,All,#4682B4,0
10,8,8.5,2.1015,0.102019,0.102019,0,All,#4682B4,0
1,8,9,2.11791,-0.420821,-0.420821,0,All,#4682B4,0
2,8,9,2.358,-0.624628,-0.624628,0,All,#4682B4,0
3,8,9,2.15311,-0.453541,-0.453541,0,All,#4682B4,0
4,8,9,2.3874,-0.646768,-0.646768,0,All,#4682B4,0
5,8,9,2.16459,-0.463986,-0.463986,0,All,#4682B4,0
6,8,9,2.37712,-0.63909,-0.63909,0,All,#4682B4,0
7,8,9,2.2354,-0.526028,-0.526028,0,All,#4682B4,0
8,8,9,2.0781,-0.382478,-0.382478,0,All,#4682B4,0
9,8,9,2.22389,-0.516211,-0.516211,0,All,#4682B4,0
10,8,9,1.97059,-0.271174,-0.271174,0,All,#4682B4,0
1,8,9.5,1.97355,0.265689,0.265689,0,All,#4682B4,0
2,8,9.5,2.19999,-0.0109955,-0.0109955,0,All,#4682B4,0
3,8,9.5,1.9979,0.232921,0.232921,0,All,#4682B4,0
4,8,9.5,2.23248,-0.0461001,-0.0461001,0,All,#4682B4,0
5,8,9.5,2.01704,0.207732,0.207732,0,All,#4682B4,0
6,8,9.5,2.24597,-0.0603718,-0.0603718,0,All,#4682B4,0
7,8,9.5,2.05684,0.156828,0.156828,0,All,#4682B4,0
8,8,9.5,1.92492,0.333598,0.333598,0,All,#4682B4,0
9,8,9.5,2.04169,0.175968,0.175968,0,All,#4682B4,0
10,8,9.5,1.8145,0.501325,0.501325,0,All,#4682B4,0
1,8,10,1.8136,-0.72611,-0.842778,1,All,#4682B4,0
2,8,10,2.00605,-0.88885,-1.08963,1,All,#4682B4,0
3,8,10,1.80919,-0.721976,-1.87111,1,All,#4682B4,0
4,8,10,2.0581,-0.927638,-1.53997,1,All,#4682B4,0
5,8,10,1.84206,-0.752317,-1.47221,1,All,#4682B4,0
6,8,10,2.09118,-0.951283,-1.5545,1,All,#4682B4,0
7,8,10,1.85505,-0.764015,-0.978452,1,All,#4682B4,0
8,8,10,1.74077,-0.655139,-0.858529,1,All,#4682B4,0
9,8,10,1.84529,-0.755238,-1.36148,1,All,#4682B4,0
10,8,10,1.63157,-0.536848,-0.726571,1,All,#4682B4,0
1,8,10.5,1.63803,-0.544283,-1.35189,1,All,#4682B4,0
2,8,10.5,1.77688,-0.691053,-1.00018,1,All,#4682B4,0
3,8,10.5,1.58589,-0.482526,-1.83863,1,All,#4682B4,0
4,8,10.5,1.86459,-0.772499,-1.20912,1,All,#4682B4,0
5,8,10.5,1.63946,-0.545917,-0.662369,1,All,#4682B4,0
6,8,10.5,1.91026,-0.811943,-0.842217,1,All,#4682B4,0
7,8,10.5,1.63098,-0.53616,-0.603285,1,All,#4682B4,0
8,8,10.5,1.52139,-0.400289,-2.12962,1,All,#4682B4,0
9,8,10.5,1.63594,-0.541883,-0.876838,1,All,#4682B4,0
10,8,10.5,1.42647,-0.265731,-0.544145,1,All,#4682B4,0
1,8,11,1.44874,-0.298884,-0.587536,1,All,#4682B4,0
2,8,11,1.52407,-0.403838,-0.773996,1,All,#4682B4,0
3,8,11,1.33505,-0.118041,-1.1159,1,All,#4682B4,0
4,8,11,1.65615,-0.564836,-1.47528,1,All,#4682B4,0
5,8,11,1.41029,-0.24098,-0.260916,1,All,#4682B4,0
6,8,11,1.70259,-0.615499,-0.883049,1,All,#4682B4,0
7,8,11,1.39556,-0.217955,-0.342982,1,All,#4682B4,0
8,8,11,1.26863,0.00260835,-0.815727,1,All,#4682B4,0
9,8,11,1.41904,-0.254437,-0.537009,1,All,#4682B4,0
10,8,11,1.21751,0.104439,-1.93971,1,All,#4682B4,0
1,8,11.5,1.24944,0.0398614,-0.137369,1,All,#4682B4,0
2,8,11.5,1.29267,-0.042478,-0.102942,1,All,#4682B4,0
3,8,11.5,1.09531,0.38635,-1.86069,1,All,#4682B4,0
4,8,11.5,1.44087,-0.287282,-0.422713,1,All,#4682B4,0
5,8,11.5,1.17475,0.196424,-1.85281,1,All,#4682B4,0
6,8,11.5,1.47352,-0.334595,-2.07336,1,All,#4682B4,0
7,8,11.5,1.16733,0.21306,-1.10205,1,All,#4682B4,0
8,8,11.5,1.01167,0.618573,0.249799,1,All,#4682B4,0
9,8,11.5,1.19889,0.14369,-0.135273,1,All,#4682B4,0
10,8,11.5,1.03727,0.54354,-1.02748,1,All,#4682B4,0
1,8,12,1.04828,0.512371,-0.557474,1,All,#4682B4,0
2,8,12,1.13384,0.290915,-0.516925,1,All,#4682B4,0
3,8,12,0.911179,0.953976,-1.32159,1,All,#4682B4,0
4,8,12,1.23537,0.0679087,-1.07872,1,All,#4682B4,0
5,8,12,0.968772,0.753245,-1.3846,1,All,#4682B4,0
6,8,12,1.23973,0.0591483,-1.1631,1,All,#4682B4,0
7,8,12,0.969638,0.750408,-0.487953,1,All,#4682B4,0
8,8,12,0.796624,1.43951,0.243713,1,All,#4682B4,0
9,8,12,0.991081,0.681761,0.126839,1,All,#4682B4,0
10,8,12,0.907712,0.966869,-0.979007,1,All,#4682B4,0
1,8,12.5,0.859664,1.15631,-0.00858251,1,All,#4682B4,0
2,8,12.5,1.03497,0.550111,0.0983814,1,All,#4682B4,0
3,8,12.5,0.789421,1.47475,-1.17582,1,All,#4682B4,0
4,8,12.5,1.0582,0.484876,0.242363,1,All,#4682B4,0
5,8,12.5,0.814808,1.35333,-0.406249,1,All,#4682B4,0
6,8,12.5,1.03253,0.557154,-0.269122,1,All,#4682B4,0
7,8,12.5,0.811802,1.36731,-0.168684,1,All,#4682B4,0
8,8,12.5,0.649598,2.31362,-0.386663,1,All,#4682B4,0
9,8,12.5,0.808831,1.38123,0.102114,1,All,#4682B4,0
10,8,12.5,0.819497,1.33172,0.803187,1,All,#4682B4,0
1,8,13,0.69769,1.98715,0.346457,1,All,#4682B4,0
2,8,13,0.968779,0.753221,-0.547501,1,All,#4682B4,0
3,8,13,0.70759,1.92546,-0.362359,1,All,#4682B4,0
4,8,13,0.919878,0.922045,0.0389593,1,All,#4682B4,0
5,8,13,0.70861,1.9192,1.26639,1,All,#4682B4,0
6,8,13,0.873105,1.10121,0.0624862,1,All,#4682B4,0
7,8,13,0.694578,2.00691,-1.68946,1,All,#4682B4,0
8,8,13,0.550972,3.1614,-0.347485,1,All,#4682B4,0
9,8,13,0.660402,2.23614,0.51374,1,All,#4682B4,0
10,8,13,0.756254,1.64567,-0.1214,1,All,#4682B4,0
1,8,13.5,0.569646,2.97834,-1.60085,1,All,#4682B4,0
2,8,13.5,0.918661,0.926475,-0.232059,1,All,#4682B4,0
3,8,13.5,0.646609,2.33551,1.19525,1,All,#4682B4,0
4,8,13.5,0.817197,1.34229,0.0139561,1,All,#4682B4,0
5,8,13.5,0.631153,2.45203,-0.702148,1,All,#4682B4,0
6,8,13.5,0.760179,1.62467,-0.000667268,1,All,#4682B4,0
7,8,13.5,0.606205,2.65263,-0.541373,1,All,#4682B4,0
8,8,13.5,0.481042,3.97313,1.84524,1,All,#4682B4,0
9,8,13.5,0.545076,3.22179,0.525279,1,All,#4682B4,0
10,8,13.5,0.706175,1.93417,0.236189,1,All,#4682B4,0
1,8,14,0.473608,4.07353,-1.29822,1,All,#4682B4,0
2,8,14,0.874613,1.09514,-1.30807,1,All,#4682B4,0
3,8,14,0.595206,2.74642,-1.76179,1,All,#4682B4,0
4,8,14,0.742114,1.72319,0.765361,1,All,#4682B4,0
5,8,14,0.570396,2.97124,-0.134674,1,All,#4682B4,0
6,8,14,0.678187,2.11396,0.486393,1,All,#4682B4,0
7,8,14,0.537024,3.30642,-0.0806141,1,All,#4682B4,0
8,8,14,0.425605,4.8062,0.920011,1,All,#4682B4,0
9,8,14,0.459289,4.27605,-0.604976,1,All,#4682B4,0
10,8,14,0.661494,2.22844,1.77565,1,All,#4682B4,0
1,8,14.5,0.402391,5.22321,-0.143577,1,All,#4682B4,0
2,8,14.5,0.832531,1.27295,0.974453,1,All,#4682B4,0
3,8,14.5,0.54723,3.19958,0.050268,1,All,#4682B4,0
4,8,14.5,0.68511,2.06812,-0.142232,1,All,#4682B4,0
5,8,14.5,0.518079,3.51592,1.19393,1,All,#4682B4,0
6,8,14.5,0.61507,2.57948,-0.327772,1,All,#4682B4,0
7,8,14.5,0.479373,3.9954,0.579085,1,All,#4682B4,0
8,8,14.5,0.376495,5.7491,0.042441,1,All,#4682B4,0
9,8,14.5,0.394439,5.37735,-2.23721,1,All,#4682B4,0
10,8,14.5,0.61886,2.54885,-0.406581,1,All,#4682B4,0
1,8,15,0.348444,6.40694,0.0220171,1,All,#4682B4,0
2,8,15,0.790032,1.47174,-1.15331,1,All,#4682B4,0
3,8,15,0.500076,3.7297,-0.105048,1,All,#4682B4,0
4,8,15,0.638871,2.39314,-0.465465,1,All,#4682B4,0
5,8,15,0.469623,4.12864,-0.751161,1,All,#4682B4,0
6,8,15,0.562452,3.04742,-1.00736,1,All,#4682B4,0
7,8,15,0.427648,4.77167,-0.876864,1,All,#4682B4,0
8,8,15,0.329874,6.90399,-0.776966,1,All,#4682B4,0
9,8,15,0.344108,6.5182,0.941515,1,All,#4682B4,0
10,8,15,0.57645,2.9146,0.634706,1,All,#4682B4,0
1,8,15.5,0.305439,7.65011,1.43079,1,All,#4682B4,0
2,8,15.5,0.747232,1.69479,-0.0516263,1,All,#4682B4,0
3,8,15.5,0.452546,4.37586,-0.126736,1,All,#4682B4,0
4,8,15.5,0.598388,2.71893,0.504524,1,All,#4682B4,0
5,8,15.5,0.422984,4.85099,-1.10667,1,All,#4682B4,0
6,8,15.5,0.513097,3.57357,-0.446603,1,All,#4682B4,0
7,8,15.5,0.379416,5.6862,1.0894,1,All,#4682B4,0
8,8,15.5,0.282713,8.45979,0.231909,1,All,#4682B4,0
9,8,15.5,0.303161,7.7258,-0.683294,1,All,#4682B4,0
10,8,15.5,0.533812,3.34089,-0.0895353,1,All,#4682B4,0
1,8,16,0.268928,9.01762,-0.626053,1,All,#4682B4,0
2,8,16,0.703342,1.95172,-0.286211,1,All,#4682B4,0
3,8,16,0.404159,5.18977,-0.719272,1,All,#4682B4,0
4,8,16,0.560626,3.06524,1.30767,1,All,#4682B4,0
5,8,16,0.377151,5.73489,-0.72235,1,All,#4682B4,0
6,8,16,0.467131,4.1636,0.423147,1,All,#4682B4,0
7,8,16,0.331673,6.85341,-0.253037,1,All,#4682B4,0
8,8,16,0.23534,10.6504,2.06584,1,All,#4682B4,0
9,8,16,0.267939,9.05986,-1.38373,1,All,#4682B4,0
10,8,16,0.490349,3.85174,0.945266,1,All,#4682B4,0
1,8,16.5,0.235705,10.6301,0.821479,1,All,#4682B4,0
2,8,16.5,0.658883,2.24687,-0.919789,1,All,#4682B4,0
3,8,16.5,0.354884,6.24673,-0.88041,1,All,#4682B4,0
4,8,16.5,0.523818,3.45085,1.40133,1,All,#4682B4,0
5,8,16.5,0.331473,6.85901,1.42525,1,All,#4682B4,0
6,8,16.5,0.42118,4.88214,-0.282222,1,All,#4682B4,0
7,8,16.5,0.283693,8.42223,0.601175,1,All,#4682B4,0
8,8,16.5,0.187172,14.0146,0.412494,1,All,#4682B4,0
9,8,16.5,0.235847,10.6222,-1.67092,1,All,#4682B4,0
10,8,16.5,0.446467,4.46842,-0.0487897,1,All,#4682B4,0
1,8,17,0.204116,12.6501,0.180259,1,All,#4682B4,0
2,8,17,0.61358,2.59163,1.48796,1,All,#4682B4,0
3,8,17,0.304508,7.68092,-0.341921,1,All,#4682B4,0
4,8,17,0.486877,3.89649,1.01101,1,All,#4682B4,0
5,8,17,0.28561,8.34943,-0.469466,1,All,#4682B4,0
6,8,17,0.375323,5.77463,-0.275084,1,All,#4682B4,0
7,8,17,0.235432,10.6453,1.0085,1,All,#4682B4,0
8,8,17,0.138619,19.7719,0.656343,1,All,#4682B4,0
9,8,17,0.205497,12.5489,0.817801,1,All,#4682B4,0
10,8,17,0.401724,5.23591,0.268016,1,All,#4682B4,0
1,8,17.5,0.173353,15.325,-0.536993,1,All,#4682B4,0
2,8,17.5,0.567189,3.00174,-0.439759,1,All,#4682B4,0
3,8,17.5,0.253216,9.72746,-0.37805,1,All,#4682B4,0
4,8,17.5,0.449456,4.42259,0.888433,1,All,#4682B4,0
5,8,17.5,0.23947,10.4249,-0.968669,1,All,#4682B4,0
6,8,17.5,0.328276,6.9494,-1.18099,1,All,#4682B4,0
7,8,17.5,0.186531,14.0711,-0.156851,1,All,#4682B4,0
8,8,17.5,0.0887952,32.2254,0.834248,1,All,#4682B4,0
9,8,17.5,0.176744,14.9844,1.09915,1,All,#4682B4,0
10,8,17.5,0.356008,6.21936,1.16411,1,All,#4682B4,0
1,8,18,0.142254,19.2047,1.03422,1,All,#4682B4,0
2,8,18,0.520218,3.4915,1.54802,1,All,#4682B4,0
3,8,18,0.201426,12.8514,-0.767997,1,All,#4682B4,0
4,8,18,0.411188,5.05964,-1.39855,1,All,#4682B4,0
5,8,18,0.193483,13.4785,-0.883621,1,All,#4682B4,0
6,8,18,0.281177,8.51927,-0.562314,1,All,#4682B4,0
7,8,18,0.136574,20.1042,-0.559534,1,All,#4682B4,0
8,8,18,0.0384308,77.6323,-0.713106,1,All,#4682B4,0
9,8,18,0.146835,18.53,-0.105567,1,All,#4682B4,0
10,8,18,0.309867,7.50617,0.178122,1,All,#4682B4,0
1,8,18.5,0.111249,25.2323,-0.773137,1,All,#4682B4,0
2,8,18.5,0.472678,4.0863,-0.708609,1,All,#4682B4,0
3,8,18.5,0.148563,18.2864,-1.07108,1,All,#4682B4,0
4,8,18.5,0.372318,5.84078,-0.238647,1,All,#4682B4,0
5,8,18.5,0.146818,18.5324,0.650932,1,All,#4682B4,0
6,8,18.5,0.233407,10.7586,-0.559638,1,All,#4682B4,0
7,8,18.5,0.0861066,33.3072,-0.755388,1,All,#4682B4,0
8,8,18.5,0,5.71957e+15,1.12627,1,All,#4682B4,0
9,8,18.5,0.117585,23.7421,-1.8286,1,All,#4682B4,0
10,8,18.5,0.263159,9.2684,0.41379,1,All,#4682B4,0
1,8,19,0.0794974,36.2777,0.108762,1,All,#4682B4,0
2,8,19,0.424458,4.82573,1.30687,1,All,#4682B4,0
3,8,19,0.0950144,29.9575,0.460854,1,All,#4682B4,0
4,8,19,0.332752,6.82333,0.786988,1,All,#4682B4,0
5,8,19,0.100426,28.2128,0.854876,1,All,#4682B4,0
6,8,19,0.185044,14.2036,0.545158,1,All,#4682B4,0
7,8,19,0.034515,86.7145,-1.61095,1,All,#4682B4,0
8,8,19,0,5.71957e+15,0,1,All,#4682B4,0
9,8,19,0.0872384,32.8437,-0.729769,1,All,#4682B4,0
10,8,19,0.215849,11.8308,-0.674607,1,All,#4682B4,0
1,8,19.5,0.0475901,62.2248,1.14828,1,All,#4682B4,0
2,8,19.5,0.375835,5.76346,-1.16953,1,All,#4682B4,0
3,8,19.5,0.0411151,72.4056,-1.30961,1,All,#4682B4,0
4,8,19.5,0.291659,8.12603,-0.155061,1,All,#4682B4,0
5,8,19.5,0.0531912,55.4173,0.711741,1,All,#4682B4,0
6,8,19.5,0.13608,20.1859,1.151,1,All,#4682B4,0
7,8,19.5,0,5.71957e+15,0,1,All,#4682B4,0
8,8,19.5,0,5.71957e+15,0,1,All,#4682B4,0
9,8,19.5,0.0576704,50.9249,-1.92161,1,All,#4682B4,0
10,8,19.5,0.167974,15.8932,0.575436,1,All,#4682B4,0
1,9,1,0,5.71957e+15,0,1,All,#4682B4,0
2,9,1,0,5.71957e+15,0,1,All,#4682B4,0
3,9,1,0,5.71957e+15,0,1,All,#4682B4,0
4,9,1,0,5.71957e+15,0,1,All,#4682B4,0
5,9,1,0,5.71957e+15,0,1,All,#4682B4,0
6,9,1,0,5.71957e+15,0,1,All,#4682B4,0
7,9,1,0,5.71957e+15,1.86822,1,All,#4682B4,0
8,9,1,0,5.71957e+15,0,1,All,#4682B4,0
9,9,1,0,5.71957e+15,2.24888,1,All,#4682B4,0
10,9,1,0,5.71957e+15,2.06712,1,All,#4682B4,0
1,9,1.5,0,5.71957e+15,1.77857,1,All,#4682B4,0
2,9,1.5,0,5.71957e+15,1.86668,1,All,#4682B4,0
3,9,1.5,0,5.71957e+15,0,1,All,#4682B4,0
4,9,1.5,0,5.71957e+15,1.22859,1,All,#4682B4,0
5,9,1.5,0,5.71957e+15,0,1,All,#4682B4,0
6,9,1.5,0,5.71957e+15,0,1,All,#4682B4,0
7,9,1.5,0,5.71957e+15,1.68011,1,All,#4682B4,0
8,9,1.5,0,5.71957e+15,0,1,All,#4682B4,0
9,9,1.5,0,5.71957e+15,0,1,All,#4682B4,0
10,9,1.5,0,5.71957e+15,0,1,All,#4682B4,0
1,9,2,0.728492,1.8007,-0.0978901,1,All,#4682B4,0
2,9,2,0,5.71957e+15,0,1,All,#4682B4,0
3,9,2,0.538111,3.29485,0.41288,1,All,#4682B4,0
4,9,2,0.571316,2.96256,1.01333,1,All,#4682B4,0
5,9,2,0.293891,8.04589,-1.32491,1,All,#4682B4,0
6,9,2,0.832247,1.27421,-0.635223,1,All,#4682B4,0
7,9,2,0,5.71957e+15,0,1,All,#4682B4,0
8,9,2,0.641792,2.37122,0.211517,1,All,#4682B4,0
9,9,2,0.597935,2.72283,0.0581284,1,All,#4682B4,0
10,9,2,0,5.71957e+15,0,1,All,#4682B4,0
1,9,2.5,1.70942,-0.622718,-0.978913,1,All,#4682B4,0
2,9,2.5,0.92672,0.89735,0.694985,1,All,#4682B4,0
3,9,2.5,1.35017,-0.143848,-0.738153,1,All,#4682B4,0
4,9,2.5,1.16523,0.21781,0.0833106,1,All,#4682B4,0
5,9,2.5,1.19417,0.153823,-0.268328,1,All,#4682B4,0
6,9,2.5,1.7216,-0.635449,-0.970908,1,All,#4682B4,0
7,9,2.5,0.993097,0.675457,-0.191167,1,All,#4682B4,0
8,9,2.5,1.39077,-0.210369,-0.592974,1,All,#4682B4,0
9,9,2.5,1.60474,-0.505319,-1.34644,1,All,#4682B4,0
10,9,2.5,1.32314,-0.097291,-0.322962,1,All,#4682B4,0
1,9,3,2.06715,0.729914,0.729914,0,All,#4682B4,0
2,9,3,1.77528,1.24819,1.24819,0,All,#4682B4,0
3,9,3,1.68862,1.43658,1.43658,0,All,#4682B4,0
4,9,3,1.4529,2.06267,2.06267,0,All,#4682B4,0
5,9,3,1.68418,1.44676,1.44676,0,All,#4682B4,0
6,9,3,2.05036,0.755733,0.755733,0,All,#4682B4,0
7,9,3,1.89787,1.01109,1.01109,0,All,#4682B4,0
8,9,3,1.72856,1.34742,1.34742,0,All,#4682B4,0
9,9,3,1.99838,0.838394,0.838394,0,All,#4682B4,0
10,9,3,1.9869,0.857242,0.857242,0,All,#4682B4,0
1,9,3.5,2.22369,0.856606,0.856606,0,All,#4682B4,0
2,9,3.5,2.40613,0.60798,0.60798,0,All,#4682B4,0
3,9,3.5,1.86968,1.47749,1.47749,0,All,#4682B4,0
4,9,3.5,1.60575,2.1185,2.1185,0,All,#4682B4,0
5,9,3.5,1.96284,1.29238,1.29238,0,All,#4682B4,0
6,9,3.5,2.21075,0.8758,0.8758,0,All,#4682B4,0
7,9,3.5,2.52258,0.468081,0.468081,0,All,#4682B4,0
8,9,3.5,1.92016,1.37495,1.37495,0,All,#4682B4,0
9,9,3.5,2.17022,0.937392,0.937392,0,All,#4682B4,0
10,9,3.5,2.31368,0.729067,0.729067,0,All,#4682B4,0
1,9,4,2.26662,0.869319,0.869319,0,All,#4682B4,0
2,9,4,2.79378,0.248183,0.248183,0,All,#4682B4,0
3,9,4,1.95855,1.3871,1.3871,0,All,#4682B4,0
4,9,4,1.68301,2.0108,2.0108,0,All,#4682B4,0
5,9,4,2.08373,1.15823,1.15823,0,All,#4682B4,0
6,9,4,2.27796,0.852924,0.852924,0,All,#4682B4,0
7,9,4,2.83219,0.211964,0.211964,0,All,#4682B4,0
8,9,4,2.02969,1.25358,1.25358,0,All,#4682B4,0
9,9,4,2.21243,0.949945,0.949945,0,All,#4682B4,0
10,9,4,2.39941,0.687143,0.687143,0,All,#4682B4,0
1,9,4.5,2.24927,0.625458,0.625458,0,All,#4682B4,0
2,9,4.5,2.89074,-0.0509008,-0.0509008,0,All,#4682B4,0
3,9,4.5,1.98553,1.03031,1.03031,0,All,#4682B4,0
4,9,4.5,1.70767,1.59213,1.59213,0,All,#4682B4,0
5,9,4.5,2.08974,0.858136,0.858136,0,All,#4682B4,0
6,9,4.5,2.28389,0.579251,0.579251,0,All,#4682B4,0
7,9,4.5,2.81865,0.00975273,0.00975273,0,All,#4682B4,0
8,9,4.5,2.08171,0.870786,0.870786,0,All,#4682B4,0
9,9,4.5,2.18789,0.710966,0.710966,0,All,#4682B4,0
10,9,4.5,2.32872,0.521471,0.521471,0,All,#4682B4,0
1,9,5,2.20429,0.676665,0.676665,0,All,#4682B4,0
2,9,5,2.75225,0.0596337,0.0596337,0,All,#4682B4,0
3,9,5,1.97196,1.04179,1.04179,0,All,#4682B4,0
4,9,5,1.69559,1.60644,1.60644,0,All,#4682B4,0
5,9,5,2.02888,0.944602,0.944602,0,All,#4682B4,0
6,9,5,2.24694,0.617834,0.617834,0,All,#4682B4,0
7,9,5,2.60988,0.195032,0.195032,0,All,#4682B4,0
8,9,5,2.09115,0.844344,0.844344,0,All,#4682B4,0
9,9,5,2.13587,0.775934,0.775934,0,All,#4682B4,0
10,9,5,2.18253,0.707556,0.707556,0,All,#4682B4,0
1,9,5.5,2.14583,-0.98875,-1.22179,1,All,#4682B4,0
2,9,5.5,2.49058,-1.18721,-1.40878,1,All,#4682B4,0
3,9,5.5,1.93256,-0.830528,-1.21267,1,All,#4682B4,0
4,9,5.5,1.65903,-0.568055,-1.23396,1,All,#4682B4,0
5,9,5.5,1.93202,-0.830086,-1.12465,1,All,#4682B4,0
6,9,5.5,2.17989,-1.01115,-1.1693,1,All,#4682B4,0
7,9,5.5,2.32043,-1.09664,-1.90083,1,All,#4682B4,0
8,9,5.5,2.0689,-0.93544,-1.8311,1,All,#4682B4,0
9,9,5.5,2.07393,-0.939049,-1.50714,1,All,#4682B4,0
10,9,5.5,2.0085,-0.890719,-1.34474,1,All,#4682B4,0
1,9,6,2.07888,-0.94258,-1.38411,1,All,#4682B4,0
2,9,6,2.18691,-1.01568,-1.17173,1,All,#4682B4,0
3,9,6,1.87577,-0.782331,-2.21744,1,All,#4682B4,0
4,9,6,1.60767,-0.508813,-0.983021,1,All,#4682B4,0
5,9,6,1.80583,-0.718811,-1.45974,1,All,#4682B4,0
6,9,6,2.09009,-0.950514,-1.30829,1,All,#4682B4,0
7,9,6,2.01352,-0.894539,-1.64247,1,All,#4682B4,0
8,9,6,2.02275,-0.901513,-1.41469,1,All,#4682B4,0
9,9,6,2.00423,-0.887458,-1.82593,1,All,#4682B4,0
10,9,6,1.83198,-0.743123,-1.05575,1,All,#4682B4,0
1,9,6.5,2.00499,-0.320164,-0.320164,0,All,#4682B4,0
2,9,6.5,1.88954,-0.191715,-0.191715,0,All,#4682B4,0
3,9,6.5,1.80516,-0.0874424,-0.0874424,0,All,#4682B4,0
4,9,6.5,1.54883,0.298998,0.298998,0,All,#4682B4,0
5,9,6.5,1.65619,0.122594,0.122594,0,All,#4682B4,0
6,9,6.5,1.98148,-0.295229,-0.295229,0,All,#4682B4,0
7,9,6.5,1.72459,0.0216513,0.0216513,0,All,#4682B4,0
8,9,6.5,1.9567,-0.268284,-0.268284,0,All,#4682B4,0
9,9,6.5,1.91949,-0.22653,-0.22653,0,All,#4682B4,0
10,9,6.5,1.66083,0.11548,0.11548,0,All,#4682B4,0
1,9,7,1.92441,-0.823787,-0.824748,1,All,#4682B4,0
2,9,7,1.62476,-0.52894,-1.27235,1,All,#4682B4,0
3,9,7,1.72207,-0.635942,-1.08962,1,All,#4682B4,0
4,9,7,1.4859,-0.351991,-1.07259,1,All,#4682B4,0
5,9,7,1.48572,-0.35174,-0.714306,1,All,#4682B4,0
6,9,7,1.85701,-0.765762,-1.87607,1,All,#4682B4,0
7,9,7,1.47303,-0.333891,-1.00052,1,All,#4682B4,0
8,9,7,1.8725,-0.779471,-1.8101,1,All,#4682B4,0
9,9,7,1.81746,-0.729712,-1.43138,1,All,#4682B4,0
10,9,7,1.48202,-0.34656,-1.84612,1,All,#4682B4,0
1,9,7.5,1.83701,-0.338928,-0.338928,0,All,#4682B4,0
2,9,7.5,1.40313,0.305364,0.305364,0,All,#4682B4,0
3,9,7.5,1.62672,-0.0695686,-0.0695686,0,All,#4682B4,0
4,9,7.5,1.3947,0.321849,0.321849,0,All,#4682B4,0
5,9,7.5,1.29645,0.529822,0.529822,0,All,#4682B4,0
6,9,7.5,1.72047,-0.197791,-0.197791,0,All,#4682B4,0
7,9,7.5,1.26669,0.599188,0.599188,0,All,#4682B4,0
8,9,7.5,1.7705,-0.260658,-0.260658,0,All,#4682B4,0
9,9,7.5,1.69574,-0.165338,-0.165338,0,All,#4682B4,0
10,9,7.5,1.3049,0.510719,0.510719,0,All,#4682B4,0
1,9,8,1.74253,-0.656923,-1.31823,1,All,#4682B4,0
2,9,8,1.22457,0.0898659,-0.450103,1,All,#4682B4,0
3,9,8,1.51897,-0.397069,-0.909056,1,All,#4682B4,0
4,9,8,1.26917,0.00158938,-0.489099,1,All,#4682B4,0
5,9,8,1.09077,0.398044,0.216047,1,All,#4682B4,0
6,9,8,1.57801,-0.472838,-2.23459,1,All,#4682B4,0
7,9,8,1.10609,0.358978,-1.7099,1,All,#4682B4,0
8,9,8,1.6507,-0.558701,-1.3454,1,All,#4682B4,0
9,9,8,1.55197,-0.440137,-0.718903,1,All,#4682B4,0
10,9,8,1.14039,0.275316,0.0655045,1,All,#4682B4,0
1,9,8.5,1.64065,-0.547286,-0.852959,1,All,#4682B4,0
2,9,8.5,1.04734,0.515011,0.396787,1,All,#4682B4,0
3,9,8.5,1.39884,-0.223118,-0.784524,1,All,#4682B4,0
4,9,8.5,1.1168,0.332313,-0.509911,1,All,#4682B4,0
5,9,8.5,0.873198,1.10084,-0.501658,1,All,#4682B4,0
6,9,8.5,1.43827,-0.283418,-0.29269,1,All,#4682B4,0
7,9,8.5,0.988217,0.690756,-0.96955,1,All,#4682B4,0
8,9,8.5,1.5134,-0.389603,-0.958301,1,All,#4682B4,0
9,9,8.5,1.38489,-0.200976,-0.66727,1,All,#4682B4,0
10,9,8.5,0.994825,0.670078,0.481562,1,All,#4682B4,0
1,9,9,1.5312,-0.413236,-1.22749,1,All,#4682B4,0
2,9,9,0.865039,1.13407,-1.23295,1,All,#4682B4,0
3,9,9,1.26715,0.00544671,-0.0370281,1,All,#4682B4,0
4,9,9,0.949481,0.817769,0.469543,1,All,#4682B4,0
5,9,9,0.651227,2.30177,0.643215,1,All,#4682B4,0
6,9,9,1.30975,-0.0735198,-0.912815,1,All,#4682B4,0
7,9,9,0.906253,0.972328,0.823972,1,All,#4682B4,0
8,9,9,1.36066,-0.161405,-1.42728,1,All,#4682B4,0
9,9,9,1.19629,0.149272,-0.616256,1,All,#4682B4,0
10,9,9,0.869521,1.11574,0.140258,1,All,#4682B4,0
1,9,9.5,1.41416,-0.246944,-0.378333,1,All,#4682B4,0
2,9,9.5,0.679625,2.10437,-0.206174,1,All,#4682B4,0
3,9,9.5,1.12584,0.310187,-1.87842,1,All,#4682B4,0
4,9,9.5,0.780472,1.51944,-1.95159,1,All,#4682B4,0
5,9,9.5,0.434412,4.65965,0.280136,1,All,#4682B4,0
6,9,9.5,1.1975,0.146654,-0.384527,1,All,#4682B4,0
7,9,9.5,0.814931,1.35276,-0.15863,1,All,#4682B4,0
8,9,9.5,1.19784,0.145926,-0.0799619,1,All,#4682B4,0
9,9,9.5,0.994245,0.671881,-0.562736,1,All,#4682B4,0
10,9,9.5,0.762234,1.61376,1.07142,1,All,#4682B4,0
1,9,10,1.29001,-0.0375726,-0.106859,1,All,#4682B4,0
2,9,10,0.490472,3.85017,-1.51863,1,All,#4682B4,0
3,9,10,0.979503,0.718453,-1.21956,1,All,#4682B4,0
4,9,10,0.624122,2.50694,-1.7017,1,All,#4682B4,0
5,9,10,0.233137,10.7739,-0.0356587,1,All,#4682B4,0
6,9,10,1.10409,0.364033,-1.26474,1,All,#4682B4,0
7,9,10,0.704763,1.9429,0.725629,1,All,#4682B4,0
8,9,10,1.03391,0.553181,0.134719,1,All,#4682B4,0
9,9,10,0.795313,1.44588,1.38883,1,All,#4682B4,0
10,9,10,0.668885,2.17705,1.8661,1,All,#4682B4,0
1,9,10.5,1.15991,0.229932,-0.772294,1,All,#4682B4,0
2,9,10.5,0.298134,7.89693,-0.774371,1,All,#4682B4,0
3,9,10.5,0.835133,1.26143,0.168814,1,All,#4682B4,0
4,9,10.5,0.474072,4.06717,-0.692163,1,All,#4682B4,0
5,9,10.5,0.0535471,55.0329,0.157284,1,All,#4682B4,0
6,9,10.5,1.02541,0.57782,-1.41898,1,All,#4682B4,0
7,9,10.5,0.575355,2.92475,1.1322,1,All,#4682B4,0
8,9,10.5,0.879272,1.0765,-1.2973,1,All,#4682B4,0
9,9,10.5,0.621003,2.5317,-0.811379,1,All,#4682B4,0
10,9,10.5,0.586566,2.82255,0.959461,1,All,#4682B4,0
1,9,11,1.02613,0.575723,-0.168843,1,All,#4682B4,0
2,9,11,0.100329,28.2422,-0.348703,1,All,#4682B4,0
3,9,11,0.700307,1.97068,0.301732,1,All,#4682B4,0
4,9,11,0.334025,6.78809,-0.684902,1,All,#4682B4,0
5,9,11,0,5.71957e+15,0,1,All,#4682B4,0
6,9,11,0.957691,0.789989,-1.29198,1,All,#4682B4,0
7,9,11,0.42639,4.79289,-1.22223,1,All,#4682B4,0
8,9,11,0.740357,1.73303,-0.587412,1,All,#4682B4,0
9,9,11,0.48286,3.94906,0.868237,1,All,#4682B4,0
10,9,11,0.508315,3.62999,-0.65269,1,All,#4682B4,0
1,9,11.5,0.892555,1.02443,0.601157,1,All,#4682B4,0
2,9,11.5,0,5.71957e+15,0,1,All,#4682B4,0
3,9,11.5,0.582196,2.86192,0.499181,1,All,#4682B4,0
4,9,11.5,0.204352,12.6327,0.802983,1,All,#4682B4,0
5,9,11.5,0,5.71957e+15,0,1,All,#4682B4,0
6,9,11.5,0.897432,1.0057,-1.33545,1,All,#4682B4,0
7,9,11.5,0.258696,9.4701,0.735725,1,All,#4682B4,0
8,9,11.5,0.621206,2.53008,-1.11086,1,All,#4682B4,0
9,9,11.5,0.377919,5.71833,-1.14525,1,All,#4682B4,0
10,9,11.5,0.432945,4.68364,-0.596195,1,All,#4682B4,0
1,9,12,0.763935,1.60477,-1.60095,1,All,#4682B4,0
2,9,12,0,5.71957e+15,1.26564,1,All,#4682B4,0
3,9,12,0.484725,3.92454,1.00736,1,All,#4682B4,0
4,9,12,0.0777028,37.1715,-0.03498,1,All,#4682B4,0
5,9,12,0,5.71957e+15,0,1,All,#4682B4,0
6,9,12,0.842129,1.23083,0.164641,1,All,#4682B4,0
7,9,12,0.0743477,38.9583,0.0118942,1,All,#4682B4,0
8,9,12,0.519859,3.49558,0.755933,1,All,#4682B4,0
9,9,12,0.296859,7.94124,-0.314269,1,All,#4682B4,0
10,9,12,0.359721,6.13015,-0.317445,1,All,#4682B4,0
1,9,12.5,0.647395,2.32973,0.0912668,1,All,#4682B4,0
2,9,12.5,0,5.71957e+15,0,1,All,#4682B4,0
3,9,12.5,0.406237,5.15084,-0.00149221,1,All,#4682B4,0
4,9,12.5,0,5.71957e+15,0,1,All,#4682B4,0
5,9,12.5,0,5.71957e+15,0,1,All,#4682B4,0
6,9,12.5,0.789333,1.47519,-0.578159,1,All,#4682B4,0
7,9,12.5,0,5.71957e+15,0,1,All,#4682B4,0
8,9,12.5,0.432141,4.69686,0.758276,1,All,#4682B4,0
9,9,12.5,0.229962,10.9561,1.12886,1,All,#4682B4,0
10,9,12.5,0.285915,8.33794,1.0432,1,All,#4682B4,0
1,9,13,0.548047,3.1912,0.840272,1,All,#4682B4,0
2,9,13,0,5.71957e+15,0,1,All,#4682B4,0
3,9,13,0.341359,6.59019,1.75314,1,All,#4682B4,0
4,9,13,0,5.71957e+15,1.66572,1,All,#4682B4,0
5,9,13,0,5.71957e+15,0,1,All,#4682B4,0
6,9,13,0.73918,1.73964,0.660412,1,All,#4682B4,0
7,9,13,0,5.71957e+15,0,1,All,#4682B4,0
8,9,13,0.354015,6.26801,1.07947,1,All,#4682B4,0
9,9,13,0.171699,15.4959,-0.876155,1,All,#4682B4,0
10,9,13,0.210776,12.1739,-0.192862,1,All,#4682B4,0
1,9,13.5,0.468322,4.14684,1.31432,1,All,#4682B4,0
2,9,13.5,0,5.71957e+15,2.50489,1,All,#4682B4,0
3,9,13.5,0.287682,8.27185,1.65885,1,All,#4682B4,0
4,9,13.5,0,5.71957e+15,0,1,All,#4682B4,0
5,9,13.5,0,5.71957e+15,0,1,All,#4682B4,0
6,9,13.5,0.689551,2.0392,-0.744135,1,All,#4682B4,0
7,9,13.5,0,5.71957e+15,1.24494,1,All,#4682B4,0
8,9,13.5,0.281562,8.5043,-0.96166,1,All,#4682B4,0
9,9,13.5,0.117897,23.673,1.22528,1,All,#4682B4,0
10,9,13.5,0.134255,20.4933,1.1646,1,All,#4682B4,0
1,9,14,0.407318,5.13073,-0.468603,1,All,#4682B4,0
2,9,14,0,5.71957e+15,1.79213,1,All,#4682B4,0
3,9,14,0.240931,10.347,1.49874,1,All,#4682B4,0
4,9,14,0,5.71957e+15,0,1,All,#4682B4,0
5,9,14,0,5.71957e+15,0,1,All,#4682B4,0
6,9,14,0.640757,2.37896,0.395782,1,All,#4682B4,0
7,9,14,0,5.71957e+15,0,1,All,#4682B4,0
8,9,14,0.21486,11.8965,0.972206,1,All,#4682B4,0
9,9,14,0.0638406,45.7689,-0.532346,1,All,#4682B4,0
10,9,14,0.056048,52.4691,1.08881,1,All,#4682B4,0
1,9,14.5,0.361863,6.07952,-0.0648238,1,All,#4682B4,0
2,9,14.5,0,5.71957e+15,2.3547,1,All,#4682B4,0
3,9,14.5,0.199642,12.9879,0.0336238,1,All,#4682B4,0
4,9,14.5,0,5.71957e+15,0,1,All,#4682B4,0
5,9,14.5,0,5.71957e+15,0,1,All,#4682B4,0
6,9,14.5,0.592792,2.76747,-0.818302,1,All,#4682B4,0
7,9,14.5,0,5.71957e+15,1.37285,1,All,#4682B4,0
8,9,14.5,0.149038,18.2203,0.406581,1,All,#4682B4,0
9,9,14.5,0.0102124,298.834,-0.802262,1,All,#4682B4,0
10,9,14.5,0,5.71957e+15,0,1,All,#4682B4,0
1,9,15,0.327605,6.9686,0.307103,1,All,#4682B4,0
2,9,15,0,5.71957e+15,1.15323,1,All,#4682B4,0
3,9,15,0.159209,16.9015,0.151496,1,All,#4682B4,0
4,9,15,0,5.71957e+15,1.17352,1,All,#4682B4,0
5,9,15,0,5.71957e+15,0,1,All,#4682B4,0
6,9,15,0.544867,3.22396,1.16947,1,All,#4682B4,0
7,9,15,0,5.71957e+15,0,1,All,#4682B4,0
8,9,15,0.085594,33.5212,-0.438659,1,All,#4682B4,0
9,9,15,0,5.71957e+15,0,1,All,#4682B4,0
10,9,15,0,5.71957e+15,0,1,All,#4682B4,0
1,9,15.5,0.302492,7.74824,0.432994,1,All,#4682B4,0
2,9,15.5,0,5.71957e+15,0,1,All,#4682B4,0
3,9,15.5,0.120396,23.1312,1.05258,1,All,#4682B4,0
4,9,15.5,0,5.71957e+15,1.66273,1,All,#4682B4,0
5,9,15.5,0,5.71957e+15,0,1,All,#4682B4,0
6,9,15.5,0.497005,3.76772,-0.0741401,1,All,#4682B4,0
7,9,15.5,0,5.71957e+15,0,1,All,#4682B4,0
8,9,15.5,0.0225771,133.847,-1.2283,1,All,#4682B4,0
9,9,15.5,0,5.71957e+15,0,1,All,#4682B4,0
10,9,15.5,0,5.71957e+15,0,1,All,#4682B4,0
1,9,16,0.282583,8.4648,0.780526,1,All,#4682B4,0
2,9,16,0,5.71957e+15,0,1,All,#4682B4,0
3,9,16,0.0824635,34.8857,-1.456,1,All,#4682B4,0
4,9,16,0,5.71957e+15,0,1,All,#4682B4,0
5,9,16,0,5.71957e+15,0,1,All,#4682B4,0
6,9,16,0.449207,4.42639,1.21571,1,All,#4682B4,0
7,9,16,0,5.71957e+15,1.98534,1,All,#4682B4,0
8,9,16,0,5.71957e+15,1.64138,1,All,#4682B4,0
9,9,16,0,5.71957e+15,0,1,All,#4682B4,0
10,9,16,0,5.71957e+15,0,1,All,#4682B4,0
1,9,16.5,0.264585,9.20538,-1.14777,1,All,#4682B4,0
2,9,16.5,0,5.71957e+15,0,1,All,#4682B4,0
3,9,16.5,0.0447657,66.3035,-0.741144,1,All,#4682B4,0
4,9,16.5,0,5.71957e+15,1.24931,1,All,#4682B4,0
5,9,16.5,0,5.71957e+15,0,1,All,#4682B4,0
6,9,16.5,0.402167,5.22748,0.225168,1,All,#4682B4,0
7,9,16.5,0,5.71957e+15,0,1,All,#4682B4,0
8,9,16.5,0,5.71957e+15,0,1,All,#4682B4,0
9,9,16.5,0,5.71957e+15,0,1,All,#4682B4,0
10,9,16.5,0,5.71957e+15,0,1,All,#4682B4,0
1,9,17,0.248511,9.95749,-0.249113,1,All,#4682B4,0
2,9,17,0,5.71957e+15,1.05839,1,All,#4682B4,0
3,9,17,0.00743793,411.209,0.982211,1,All,#4682B4,0
4,9,17,0,5.71957e+15,0,1,All,#4682B4,0
5,9,17,0,5.71957e+15,1.15373,1,All,#4682B4,0
6,9,17,0.355106,6.24132,1.04536,1,All,#4682B4,0
7,9,17,0,5.71957e+15,1.43918,1,All,#4682B4,0
8,9,17,0,5.71957e+15,0,1,All,#4682B4,0
9,9,17,0,5.71957e+15,0,1,All,#4682B4,0
10,9,17,0,5.71957e+15,0,1,All,#4682B4,0
1,9,17.5,0.232647,10.8017,-0.357869,1,All,#4682B4,0
2,9,17.5,0,5.71957e+15,0,1,All,#4682B4,0
3,9,17.5,0,5.71957e+15,0,1,All,#4682B4,0
4,9,17.5,0,5.71957e+15,0,1,All,#4682B4,0
5,9,17.5,0,5.71957e+15,0,1,All,#4682B4,0
6,9,17.5,0.308082,7.56371,0.380406,1,All,#4682B4,0
7,9,17.5,0,5.71957e+15,0,1,All,#4682B4,0
8,9,17.5,0,5.71957e+15,1.95711,1,All,#4682B4,0
9,9,17.5,0,5.71957e+15,0,1,All,#4682B4,0
10,9,17.5,0,5.71957e+15,0,1,All,#4682B4,0
1,10,1,0,5.71957e+15,0,1,All,#4682B4,0
2,10,1,0,5.71957e+15,0,1,All,#4682B4,0
3,10,1,0,5.71957e+15,1.20708,1,All,#4682B4,0
4,10,1,0,5.71957e+15,0,1,All,#4682B4,0
5,10,1,0,5.71957e+15,0,1,All,#4682B4,0
6,10,1,0,5.71957e+15,0,1,All,#4682B4,0
7,10,1,0,5.71957e+15,1.39134,1,All,#4682B4,0
8,10,1,0,5.71957e+15,1.52217,1,All,#4682B4,0
9,10,1,0,5.71957e+15,0,1,All,#4682B4,0
10,10,1,0,5.71957e+15,0,1,All,#4682B4,0
1,10,1.5,0.603306,2.67702,-2.14366,1,All,#4682B4,0
2,10,1.5,0.391745,5.431,-0.0182212,1,All,#4682B4,0
3,10,1.5,0.51864,3.5095,-0.132996,1,All,#4682B4,0
4,10,1.5,0,5.71957e+15,2.21395,1,All,#4682B4,0
5,10,1.5,0.491016,3.84322,1.85408,1,All,#4682B4,0
6,10,1.5,0.203398,12.7034,-1.43458,1,All,#4682B4,0
7,10,1.5,0.0701894,41.4099,-1.64613,1,All,#4682B4,0
8,10,1.5,0.260382,9.39311,2.89216,1,All,#4682B4,0
9,10,1.5,0.338681,6.66146,0.56922,1,All,#4682B4,0
10,10,1.5,0,5.71957e+15,0,1,All,#4682B4,0
1,10,2,2.29626,0.541982,0.541982,0,All,#4682B4,0
2,10,2,2.14243,0.754838,0.754838,0,All,#4682B4,0
3,10,2,1.91431,1.13347,1.13347,0,All,#4682B4,0
4,10,2,2.11955,0.789134,0.789134,0,All,#4682B4,0
5,10,2,2.13168,0.770865,0.770865,0,All,#4682B4,0
6,10,2,1.86922,1.21924,1.21924,0,All,#4682B4,0
7,10,2,2.08291,0.845627,0.845627,0,All,#4682B4,0
8,10,2,2.21675,0.648306,0.648306,0,All,#4682B4,0
9,10,2,2.23729,0.62012,0.62012,0,All,#4682B4,0
10,10,2,2.39789,0.416337,0.416337,0,All,#4682B4,0
1,10,2.5,2.98143,0.705732,0.705732,0,All,#4682B4,0
2,10,2.5,2.57975,1.19282,1.19282,0,All,#4682B4,0
3,10,2.5,2.54231,1.24606,1.24606,0,All,#4682B4,0
4,10,2.5,2.66154,1.08172,1.08172,0,All,#4682B4,0
5,10,2.5,2.64298,1.10632,1.10632,0,All,#4682B4,0
6,10,2.5,2.45227,1.38076,1.38076,0,All,#4682B4,0
7,10,2.5,2.72135,1.0047,1.0047,0,All,#4682B4,0
8,10,2.5,2.73557,0.986883,0.986883,0,All,#4682B4,0
9,10,2.5,2.76885,0.94591,0.94591,0,All,#4682B4,0
10,10,2.5,2.93788,0.752109,0.752109,0,All,#4682B4,0
1,10,3,3.15557,1.00908,1.00908,0,All,#4682B4,0
2,10,3,2.72293,1.5543,1.5543,0,All,#4682B4,0
3,10,3,2.86188,1.36122,1.36122,0,All,#4682B4,0
4,10,3,2.76898,1.48817,1.48817,0,All,#4682B4,0
5,10,3,2.82477,1.41094,1.41094,0,All,#4682B4,0
6,10,3,2.69733,1.59205,1.59205,0,All,#4682B4,0
7,10,3,2.95927,1.23671,1.23671,0,All,#4682B4,0
8,10,3,2.87945,1.33814,1.33814,0,All,#4682B4,0
9,10,3,2.95015,1.24801,1.24801,0,All,#4682B4,0
10,10,3,2.95387,1.24339,1.24339,0,All,#4682B4,0
1,10,3.5,3.09239,0.930338,0.930338,0,All,#4682B4,0
2,10,3.5,2.70927,1.40447,1.40447,0,All,#4682B4,0
3,10,3.5,2.97053,1.06789,1.06789,0,All,#4682B4,0
4,10,3.5,2.69789,1.42061,1.42061,0,All,#4682B4,0
5,10,3.5,2.81389,1.26219,1.26219,0,All,#4682B4,0
6,10,3.5,2.73939,1.36239,1.36239,0,All,#4682B4,0
7,10,3.5,2.96681,1.07226,1.07226,0,All,#4682B4,0
8,10,3.5,2.8439,1.22331,1.22331,0,All,#4682B4,0
9,10,3.5,2.94153,1.10229,1.10229,0,All,#4682B4,0
10,10,3.5,2.81555,1.26001,1.26001,0,All,#4682B4,0
1,10,4,2.96531,-0.0370167,-0.0370167,0,All,#4682B4,0
2,10,4,2.61449,0.283072,0.283072,0,All,#4682B4,0
3,10,4,2.92849,-0.00701932,-0.00701932,0,All,#4682B4,0
4,10,4,2.57613,0.323366,0.323366,0,All,#4682B4,0
5,10,4,2.69964,0.19774,0.19774,0,All,#4682B4,0
6,10,4,2.67957,0.217364,0.217364,0,All,#4682B4,0
7,10,4,2.86939,0.0427246,0.0427246,0,All,#4682B4,0
8,10,4,2.74458,0.154835,0.154835,0,All,#4682B4,0
9,10,4,2.84651,0.0625437,0.0625437,0,All,#4682B4,0
10,10,4,2.63901,0.257939,0.257939,0,All,#4682B4,0
1,10,4.5,2.82414,-1.00716,-1.00716,0,All,#4682B4,0
2,10,4.5,2.48682,-0.815174,-0.815174,0,All,#4682B4,0
3,10,4.5,2.80085,-0.995383,-0.995383,0,All,#4682B4,0
4,10,4.5,2.44117,-0.785116,-0.785116,0,All,#4682B4,0
5,10,4.5,2.54118,-0.849559,-0.849559,0,All,#4682B4,0
6,10,4.5,2.58111,-0.873889,-0.873889,0,All,#4682B4,0
7,10,4.5,2.7361,-0.961613,-0.961613,0,All,#4682B4,0
8,10,4.5,2.62588,-0.900291,-0.900291,0,All,#4682B4,0
9,10,4.5,2.71895,-0.952401,-0.952401,0,All,#4682B4,0
10,10,4.5,2.4537,-0.793477,-0.793477,0,All,#4682B4,0
1,10,5,2.68106,-0.624413,-0.624413,0,All,#4682B4,0
2,10,5,2.34779,-0.369177,-0.369177,0,All,#4682B4,0
3,10,5,2.63571,-0.593477,-0.593477,0,All,#4682B4,0
4,10,5,2.30357,-0.329756,-0.329756,0,All,#4682B4,0
5,10,5,2.37235,-0.390434,-0.390434,0,All,#4682B4,0
6,10,5,2.46974,-0.470561,-0.470561,0,All,#4682B4,0
7,10,5,2.59179,-0.562482,-0.562482,0,All,#4682B4,0
8,10,5,2.50156,-0.495392,-0.495392,0,All,#4682B4,0
9,10,5,2.58052,-0.554361,-0.554361,0,All,#4682B4,0
10,10,5,2.26973,-0.29856,-0.29856,0,All,#4682B4,0
1,10,5.5,2.53983,-1.21116,-1.62297,1,All,#4682B4,0
2,10,5.5,2.2095,-1.03007,-1.73821,1,All,#4682B4,0
3,10,5.5,2.46273,-1.17324,-1.43476,1,All,#4682B4,0
4,10,5.5,2.1671,-1.00282,-2.02864,1,All,#4682B4,0
5,10,5.5,2.21347,-1.03257,-1.40408,1,All,#4682B4,0
6,10,5.5,2.35466,-1.11591,-1.89899,1,All,#4682B4,0
7,10,5.5,2.44537,-1.16437,-1.9842,1,All,#4682B4,0
8,10,5.5,2.3759,-1.12759,-1.18583,1,All,#4682B4,0
9,10,5.5,2.43995,-1.16158,-1.43991,1,All,#4682B4,0
10,10,5.5,2.09375,-0.953091,-2.30238,1,All,#4682B4,0
1,10,6,2.40258,-0.587406,-0.587406,0,All,#4682B4,0
2,10,6,2.07872,-0.301505,-0.301505,0,All,#4682B4,0
3,10,6,2.30033,-0.505838,-0.505838,0,All,#4682B4,0
4,10,6,2.03435,-0.255247,-0.255247,0,All,#4682B4,0
5,10,6,2.07689,-0.299634,-0.299634,0,All,#4682B4,0
6,10,6,2.23946,-0.453744,-0.453744,0,All,#4682B4,0
7,10,6,2.30071,-0.506153,-0.506153,0,All,#4682B4,0
8,10,6,2.25047,-0.463373,-0.463373,0,All,#4682B4,0
9,10,6,2.30157,-0.506875,-0.506875,0,All,#4682B4,0
10,10,6,1.93266,-0.141218,-0.141218,0,All,#4682B4,0
1,10,6.5,2.27016,0.789483,0.789483,0,All,#4682B4,0
2,10,6.5,1.96116,1.29556,1.29556,0,All,#4682B4,0
3,10,6.5,2.16014,0.95308,0.95308,0,All,#4682B4,0
4,10,6.5,1.90753,1.4001,1.4001,0,All,#4682B4,0
5,10,6.5,1.96849,1.28171,1.28171,0,All,#4682B4,0
6,10,6.5,2.126,1.00728,1.00728,0,All,#4682B4,0
7,10,6.5,2.16061,0.952342,0.952342,0,All,#4682B4,0
8,10,6.5,2.12628,1.00683,1.00683,0,All,#4682B4,0
9,10,6.5,2.16881,0.939589,0.939589,0,All,#4682B4,0
10,10,6.5,1.79438,1.64114,1.64114,0,All,#4682B4,0
1,10,7,2.13108,1.3856,1.3856,0,All,#4682B4,0
2,10,7,1.85962,1.94148,1.94148,0,All,#4682B4,0
3,10,7,2.04694,1.54214,1.54214,0,All,#4682B4,0
4,10,7,1.79056,2.1098,2.1098,0,All,#4682B4,0
5,10,7,1.88837,1.87504,1.87504,0,All,#4682B4,0
6,10,7,2.0158,1.60337,1.60337,0,All,#4682B4,0
7,10,7,2.02789,1.57938,1.57938,0,All,#4682B4,0
8,10,7,2.00423,1.62663,1.62663,0,All,#4682B4,0
9,10,7,2.04514,1.54563,1.54563,0,All,#4682B4,0
10,10,7,1.68574,2.39162,2.39162,0,All,#4682B4,0
1,10,7.5,1.98179,-0.19777,-0.19777,0,All,#4682B4,0
2,10,7.5,1.77542,0.0608252,0.0608252,0,All,#4682B4,0
3,10,7.5,1.96195,-0.175276,-0.175276,0,All,#4682B4,0
4,10,7.5,1.68679,0.191306,0.191306,0,All,#4682B4,0
5,10,7.5,1.83336,-0.0176557,-0.0176557,0,All,#4682B4,0
6,10,7.5,1.91048,-0.11473,-0.11473,0,All,#4682B4,0
7,10,7.5,1.90567,-0.108907,-0.108907,0,All,#4682B4,0
8,10,7.5,1.88541,-0.0840391,-0.0840391,0,All,#4682B4,0
9,10,7.5,1.93399,-0.142783,-0.142783,0,All,#4682B4,0
10,10,7.5,1.61,0.315985,0.315985,0,All,#4682B4,0
1,10,8,1.82622,0.164195,0.164195,0,All,#4682B4,0
2,10,8,1.70823,0.342869,0.342869,0,All,#4682B4,0
3,10,8,1.90248,0.0605093,0.0605093,0,All,#4682B4,0
4,10,8,1.59998,0.52995,0.52995,0,All,#4682B4,0
5,10,8,1.79888,0.20351,0.20351,0,All,#4682B4,0
6,10,8,1.81179,0.184797,0.184797,0,All,#4682B4,0
7,10,8,1.79709,0.206117,0.206117,0,All,#4682B4,0
8,10,8,1.77128,0.244428,0.244428,0,All,#4682B4,0
9,10,8,1.8384,0.147064,0.147064,0,All,#4682B4,0
10,10,8,1.56363,0.59859,0.59859,0,All,#4682B4,0
1,10,8.5,1.66967,-0.579876,-0.883456,1,All,#4682B4,0
2,10,8.5,1.65612,-0.564794,-1.02788,1,All,#4682B4,0
3,10,8.5,1.86516,-0.773002,-0.806628,1,All,#4682B4,0
4,10,8.5,1.51916,-0.397322,-1.02862,1,All,#4682B4,0
5,10,8.5,1.77987,-0.693963,-1.189,1,All,#4682B4,0
6,10,8.5,1.72161,-0.63546,-0.859916,1,All,#4682B4,0
7,10,8.5,1.70483,-0.617871,-1.18201,1,All,#4682B4,0
8,10,8.5,1.66362,-0.573177,-1.55326,1,All,#4682B4,0
9,10,8.5,1.76018,-0.674627,-1.40977,1,All,#4682B4,0
10,10,8.5,1.5198,-0.398169,-0.6908,1,All,#4682B4,0
1,10,9,1.51538,-0.39226,-0.888406,1,All,#4682B4,0
2,10,9,1.61675,-0.519564,-0.832444,1,All,#4682B4,0
3,10,9,1.8105,-0.723203,-2.10126,1,All,#4682B4,0
4,10,9,1.42978,-0.270722,-0.454329,1,All,#4682B4,0
5,10,9,1.76798,-0.682336,-1.71989,1,All,#4682B4,0
6,10,9,1.6409,-0.547569,-1.045,1,All,#4682B4,0
7,10,9,1.63051,-0.535625,-0.85464,1,All,#4682B4,0
8,10,9,1.56446,-0.455954,-0.643343,1,All,#4682B4,0
9,10,9,1.69977,-0.6125,-0.621977,1,All,#4682B4,0
10,10,9,1.4528,-0.304819,-0.411368,1,All,#4682B4,0
1,10,9.5,1.37288,-0.181531,-1.26393,1,All,#4682B4,0
2,10,9.5,1.5882,-0.485355,-0.736968,1,All,#4682B4,0
3,10,9.5,1.70516,-0.618223,-0.741712,1,All,#4682B4,0
4,10,9.5,1.33436,-0.116837,-1.5642,1,All,#4682B4,0
5,10,9.5,1.71903,-0.632787,-1.03758,1,All,#4682B4,0
6,10,9.5,1.55551,-0.444649,-1.36831,1,All,#4682B4,0
7,10,9.5,1.57262,-0.466164,-0.562159,1,All,#4682B4,0
8,10,9.5,1.47583,-0.337855,-2.35735,1,All,#4682B4,0
9,10,9.5,1.65661,-0.565352,-0.953083,1,All,#4682B4,0
10,10,9.5,1.36409,-0.167102,-1.36957,1,All,#4682B4,0
1,10,10,1.24509,1.07965,1.07965,0,All,#4682B4,0
2,10,10,1.55313,0.385047,0.385047,0,All,#4682B4,0
3,10,10,1.55886,0.374731,0.374731,0,All,#4682B4,0
4,10,10,1.23655,1.10383,1.10383,0,All,#4682B4,0
5,10,10,1.6325,0.248551,0.248551,0,All,#4682B4,0
6,10,10,1.45578,0.572807,0.572807,0,All,#4682B4,0
7,10,10,1.50464,0.475534,0.475534,0,All,#4682B4,0
8,10,10,1.39951,0.693235,0.693235,0,All,#4682B4,0
9,10,10,1.6289,0.254464,0.254464,0,All,#4682B4,0
10,10,10,1.25777,1.04435,1.04435,0,All,#4682B4,0
1,10,10.5,1.13358,0.291534,-0.318186,1,All,#4682B4,0
2,10,10.5,1.47136,-0.331527,-0.640466,1,All,#4682B4,0
3,10,10.5,1.38292,-0.197806,-0.977268,1,All,#4682B4,0
4,10,10.5,1.13996,0.276348,-0.564391,1,All,#4682B4,0
5,10,10.5,1.51918,-0.397342,-1.48775,1,All,#4682B4,0
6,10,10.5,1.3438,-0.133042,-0.194792,1,All,#4682B4,0
7,10,10.5,1.41564,-0.249218,-0.368374,1,All,#4682B4,0
8,10,10.5,1.33664,-0.12078,-0.724653,1,All,#4682B4,0
9,10,10.5,1.60367,-0.50404,-1.70863,1,All,#4682B4,0
10,10,10.5,1.13893,0.278786,0.0955494,1,All,#4682B4,0
1,10,11,1.03648,1.41058,1.41058,0,All,#4682B4,0
2,10,11,1.34683,0.527323,0.527323,0,All,#4682B4,0
3,10,11,1.18731,0.923633,0.923633,0,All,#4682B4,0
4,10,11,1.04722,1.37127,1.37127,0,All,#4682B4,0
5,10,11,1.39074,0.434181,0.434181,0,All,#4682B4,0
6,10,11,1.22126,0.830614,0.830614,0,All,#4682B4,0
7,10,11,1.30702,0.61717,0.61717,0,All,#4682B4,0
8,10,11,1.28154,0.677587,0.677587,0,All,#4682B4,0
9,10,11,1.53774,0.161099,0.161099,0,All,#4682B4,0
10,10,11,1.01546,1.48993,1.48993,0,All,#4682B4,0
1,10,11.5,0.952045,0.80904,0.582346,1,All,#4682B4,0
2,10,11.5,1.19468,0.152732,-1.55647,1,All,#4682B4,0
3,10,11.5,0.986156,0.697262,-0.307383,1,All,#4682B4,0
4,10,11.5,0.958555,0.787093,-0.454239,1,All,#4682B4,0
5,10,11.5,1.25521,0.0285419,-0.271227,1,All,#4682B4,0
6,10,11.5,1.09314,0.391946,-2.05072,1,All,#4682B4,0
7,10,11.5,1.18261,0.179003,-0.0380554,1,All,#4682B4,0
8,10,11.5,1.20676,0.126946,-0.461607,1,All,#4682B4,0
9,10,11.5,1.42253,-0.259744,-2.02781,1,All,#4682B4,0
10,10,11.5,0.888059,1.04188,0.61509,1,All,#4682B4,0
1,10,12,0.877538,1.08341,-0.429159,1,All,#4682B4,0
2,10,12,1.03172,0.559484,-0.0190779,1,All,#4682B4,0
3,10,12,0.779241,1.52566,0.26629,1,All,#4682B4,0
4,10,12,0.873693,1.09884,0.532828,1,All,#4682B4,0
5,10,12,1.1188,0.32739,-0.211794,1,All,#4682B4,0
6,10,12,0.964374,0.767726,0.416866,1,All,#4682B4,0
7,10,12,1.048,0.51315,0.314417,1,All,#4682B4,0
8,10,12,1.10822,0.353651,-0.123772,1,All,#4682B4,0
9,10,12,1.26495,0.00967966,-1.30677,1,All,#4682B4,0
10,10,12,0.761032,1.62013,-0.481109,1,All,#4682B4,0
1,10,12.5,0.808886,1.38097,0.357818,1,All,#4682B4,0
2,10,12.5,0.86905,1.11765,0.268949,1,All,#4682B4,0
3,10,12.5,0.572956,2.94714,0.0751974,1,All,#4682B4,0
4,10,12.5,0.792215,1.46101,-1.09609,1,All,#4682B4,0
5,10,12.5,0.982649,0.708396,-0.667768,1,All,#4682B4,0
6,10,12.5,0.841,1.23573,0.565391,1,All,#4682B4,0
7,10,12.5,0.908842,0.962656,-0.0793123,1,All,#4682B4,0
8,10,12.5,0.987951,0.691594,0.341107,1,All,#4682B4,0
9,10,12.5,1.08249,0.41962,-2.23335,1,All,#4682B4,0
10,10,12.5,0.634016,2.43001,-0.134155,1,All,#4682B4,0
1,10,13,0.744742,1.70856,0.25482,1,All,#4682B4,0
2,10,13,0.713397,1.89006,-0.269021,1,All,#4682B4,0
3,10,13,0.367655,5.94558,0.853438,1,All,#4682B4,0
4,10,13,0.712219,1.8972,-1.076,1,All,#4682B4,0
5,10,13,0.847532,1.20754,0.0639166,1,All,#4682B4,0
6,10,13,0.725083,1.82056,0.117873,1,All,#4682B4,0
7,10,13,0.771394,1.56583,0.329844,1,All,#4682B4,0
8,10,13,0.851365,1.19119,0.306855,1,All,#4682B4,0
9,10,13,0.895229,1.01413,-1.37485,1,All,#4682B4,0
10,10,13,0.507435,3.64048,-0.569503,1,All,#4682B4,0
1,10,13.5,0.682317,2.08651,-0.46074,1,All,#4682B4,0
2,10,13.5,0.560583,3.06566,-0.157224,1,All,#4682B4,0
3,10,13.5,0.163458,16.3992,0.489769,1,All,#4682B4,0
4,10,13.5,0.632253,2.44354,-0.577782,1,All,#4682B4,0
5,10,13.5,0.714344,1.88435,1.20616,1,All,#4682B4,0
6,10,13.5,0.614979,2.58023,-0.581041,1,All,#4682B4,0
7,10,13.5,0.635988,2.41497,-0.247224,1,All,#4682B4,0
8,10,13.5,0.711546,1.90128,0.287145,1,All,#4682B4,0
9,10,13.5,0.710392,1.90831,1.19606,1,All,#4682B4,0
10,10,13.5,0.38069,5.65905,-0.707304,1,All,#4682B4,0
1,10,14,0.621287,2.52943,1.60538,1,All,#4682B4,0
2,10,14,0.411195,5.05952,0.809259,1,All,#4682B4,0
3,10,14,0,5.71957e+15,1.06441,1,All,#4682B4,0
4,10,14,0.553424,3.13666,0.352271,1,All,#4682B4,0
5,10,14,0.582658,2.85773,0.48943,1,All,#4682B4,0
6,10,14,0.511609,3.59101,-0.498061,1,All,#4682B4,0
7,10,14,0.50321,3.69138,-0.305166,1,All,#4682B4,0
8,10,14,0.572067,2.95549,1.27793,1,All,#4682B4,0
9,10,14,0.529287,3.39017,-0.0349037,1,All,#4682B4,0
10,10,14,0.253375,9.71987,-0.553978,1,All,#4682B4,0
1,10,14.5,0.558231,3.08878,1.65074,1,All,#4682B4,0
2,10,14.5,0.265192,9.17877,0.67761,1,All,#4682B4,0
3,10,14.5,0,5.71957e+15,1.67175,1,All,#4682B4,0
4,10,14.5,0.474079,4.06707,-1.5953,1,All,#4682B4,0
5,10,14.5,0.451402,4.39309,2.08098,1,All,#4682B4,0
6,10,14.5,0.410634,5.06975,1.55865,1,All,#4682B4,0
7,10,14.5,0.37328,5.81948,-0.768963,1,All,#4682B4,0
8,10,14.5,0.43758,4.60838,0.149724,1,All,#4682B4,0
9,10,14.5,0.352699,6.30044,-1.08467,1,All,#4682B4,0
10,10,14.5,0.125528,22.0866,-0.799461,1,All,#4682B4,0
1,10,15,0.495184,3.79048,1.47703,1,All,#4682B4,0
2,10,15,0.12111,22.9806,0.693931,1,All,#4682B4,0
3,10,15,0,5.71957e+15,1.83963,1,All,#4682B4,0
4,10,15,0.39451,5.37596,-0.232613,1,All,#4682B4,0
5,10,15,0.320937,7.1637,-0.67604,1,All,#4682B4,0
6,10,15,0.313917,7.37809,-0.559914,1,All,#4682B4,0
7,10,15,0.244925,10.1388,1.36915,1,All,#4682B4,0
8,10,15,0.308404,7.55327,-0.782622,1,All,#4682B4,0
9,10,15,0.178603,14.8032,0.993046,1,All,#4682B4,0
10,10,15,0,5.71957e+15,0,1,All,#4682B4,0
1,10,15.5,0.430953,4.71649,-0.369436,1,All,#4682B4,0
2,10,15.5,0,5.71957e+15,1.09612,1,All,#4682B4,0
3,10,15.5,0,5.71957e+15,0,1,All,#4682B4,0
4,10,15.5,0.313492,7.39136,0.437278,1,All,#4682B4,0
5,10,15.5,0.19065,13.7148,-1.31072,1,All,#4682B4,0
6,10,15.5,0.218449,11.6612,0.683719,1,All,#4682B4,0
7,10,15.5,0.117941,23.6631,-0.191712,1,All,#4682B4,0
8,10,15.5,0.183479,14.3454,1.08705,1,All,#4682B4,0
9,10,15.5,0.006835,447.697,0.0429429,1,All,#4682B4,0
10,10,15.5,0,5.71957e+15,1.21015,1,All,#4682B4,0
1,10,16,0.363541,6.04027,0.0131724,1,All,#4682B4,0
2,10,16,0,5.71957e+15,0,1,All,#4682B4,0
3,10,16,0,5.71957e+15,0,1,All,#4682B4,0
4,10,16,0.233108,10.7755,1.15479,1,All,#4682B4,0
5,10,16,0.0603672,48.5417,-0.19841,1,All,#4682B4,0
6,10,16,0.124119,22.3648,0.240008,1,All,#4682B4,0
7,10,16,0,5.71957e+15,1.59974,1,All,#4682B4,0
8,10,16,0.0626378,46.6943,-0.347605,1,All,#4682B4,0
9,10,16,0,5.71957e+15,0,1,All,#4682B4,0
10,10,16,0,5.71957e+15,0,1,All,#4682B4,0
1,10,16.5,0.295515,7.98838,0.264333,1,All,#4682B4,0
2,10,16.5,0,5.71957e+15,0,1,All,#4682B4,0
3,10,16.5,0,5.71957e+15,1.73673,1,All,#4682B4,0
4,10,16.5,0.151548,17.8784,0.731544,1,All,#4682B4,0
5,10,16.5,0,5.71957e+15,0,1,All,#4682B4,0
6,10,16.5,0.0296805,101.234,-0.00708922,1,All,#4682B4,0
7,10,16.5,0,5.71957e+15,0,1,All,#4682B4,0
8,10,16.5,0,5.71957e+15,0,1,All,#4682B4,0
9,10,16.5,0,5.71957e+15,0,1,All,#4682B4,0
10,10,16.5,0,5.71957e+15,0,1,All,#4682B4,0
1,11,1,0,5.71957e+15,0,1,All,#4682B4,0
2,11,1,0,5.71957e+15,1.08001,1,All,#4682B4,0
3,11,1,0,5.71957e+15,1.89917,1,All,#4682B4,0
4,11,1,0,5.71957e+15,0,1,All,#4682B4,0
5,11,1,0,5.71957e+15,0,1,All,#4682B4,0
6,11,1,0,5.71957e+15,0,1,All,#4682B4,0
7,11,1,0,5.71957e+15,0,1,All,#4682B4,0
8,11,1,0,5.71957e+15,1.73018,1,All,#4682B4,0
9,11,1,0,5.71957e+15,0,1,All,#4682B4,0
10,11,1,0,5.71957e+15,0,1,All,#4682B4,0
1,11,1.5,0,5.71957e+15,1.68833,1,All,#4682B4,0
2,11,1.5,0,5.71957e+15,0,1,All,#4682B4,0
3,11,1.5,0,5.71957e+15,0,1,All,#4682B4,0
4,11,1.5,0,5.71957e+15,0,1,All,#4682B4,0
5,11,1.5,0,5.71957e+15,0,1,All,#4682B4,0
6,11,1.5,0,5.71957e+15,3.18812,1,All,#4682B4,0
7,11,1.5,0,5.71957e+15,0,1,All,#4682B4,0
8,11,1.5,0,5.71957e+15,0,1,All,#4682B4,0
9,11,1.5,0,5.71957e+15,0,1,All,#4682B4,0
10,11,1.5,0,5.71957e+15,0,1,All,#4682B4,0
1,11,2,1.66475,0.86619,0.86619,0,All,#4682B4,0
2,11,2,1.38082,1.54242,1.54242,0,All,#4682B4,0
3,11,2,1.54436,1.12257,1.12257,0,All,#4682B4,0
4,11,2,1.40507,1.47398,1.47398,0,All,#4682B4,0
5,11,2,1.45398,1.34291,1.34291,0,All,#4682B4,0
6,11,2,1.71029,0.778631,0.778631,0,All,#4682B4,0
7,11,2,1.35985,1.60356,1.60356,0,All,#4682B4,0
8,11,2,1.2942,1.80778,1.80778,0,All,#4682B4,0
9,11,2,1.7082,0.782542,0.782542,0,All,#4682B4,0
10,11,2,1.23797,1.99995,1.99995,0,All,#4682B4,0
1,11,2.5,2.25868,-1.06039,-1.72818,1,All,#4682B4,0
2,11,2.5,2.463,-1.17338,-1.68682,1,All,#4682B4,0
3,11,2.5,2.01865,-0.898425,-0.954877,1,All,#4682B4,0
4,11,2.5,2.29541,-1.08218,-1.14996,1,All,#4682B4,0
5,11,2.5,2.32952,-1.10181,-1.93039,1,All,#4682B4,0
6,11,2.5,2.38576,-1.13294,-1.30847,1,All,#4682B4,0
7,11,2.5,2.19142,-1.01858,-1.67491,1,All,#4682B4,0
8,11,2.5,2.25254,-1.05667,-1.25129,1,All,#4682B4,0
9,11,2.5,2.46714,-1.17547,-1.37125,1,All,#4682B4,0
10,11,2.5,2.22703,-1.04103,-1.0707,1,All,#4682B4,0
1,11,3,2.57043,0.0844183,0.0844183,0,All,#4682B4,0
2,11,3,2.90864,-0.207083,-0.207083,0,All,#4682B4,0
3,11,3,2.22234,0.477082,0.477082,0,All,#4682B4,0
4,11,3,2.67816,-0.0164303,-0.0164303,0,All,#4682B4,0
5,11,3,2.68927,-0.0263694,-0.0263694,0,All,#4682B4,0
6,11,3,2.62931,0.0282774,0.0282774,0,All,#4682B4,0
7,11,3,2.47693,0.179042,0.179042,0,All,#4682B4,0
8,11,3,2.59964,0.056248,0.056248,0,All,#4682B4,0
9,11,3,2.809,-0.128498,-0.128498,0,All,#4682B4,0
10,11,3,2.53896,0.115484,0.115484,0,All,#4682B4,0
1,11,3.5,2.75502,0.531957,0.531957,0,All,#4682B4,0
2,11,3.5,3.13035,0.17772,0.17772,0,All,#4682B4,0
3,11,3.5,2.32918,1.07212,1.07212,0,All,#4682B4,0
4,11,3.5,2.88595,0.39792,0.39792,0,All,#4682B4,0
5,11,3.5,2.88075,0.40301,0.40301,0,All,#4682B4,0
6,11,3.5,2.75158,0.535655,0.535655,0,All,#4682B4,0
7,11,3.5,2.61595,0.689027,0.689027,0,All,#4682B4,0
8,11,3.5,2.77631,0.509303,0.509303,0,All,#4682B4,0
9,11,3.5,2.9828,0.306343,0.306343,0,All,#4682B4,0
10,11,3.5,2.68911,0.604376,0.604376,0,All,#4682B4,0
1,11,4,2.85988,-0.0676672,-0.0676672,0,All,#4682B4,0
2,11,4,3.21647,-0.328729,-0.328729,0,All,#4682B4,0
3,11,4,2.38254,0.404129,0.404129,0,All,#4682B4,0
4,11,4,2.98901,-0.169399,-0.169399,0,All,#4682B4,0
5,11,4,2.9757,-0.159317,-0.159317,0,All,#4682B4,0
6,11,4,2.81106,-0.0267707,-0.0267707,0,All,#4682B4,0
7,11,4,2.68082,0.0896274,0.0896274,0,All,#4682B4,0
8,11,4,2.86297,-0.0702065,-0.0702065,0,All,#4682B4,0
9,11,4,3.0513,-0.215394,-0.215394,0,All,#4682B4,0
10,11,4,2.75655,0.0206103,0.0206103,0,All,#4682B4,0
1,11,4.5,2.90792,0.459918,0.459918,0,All,#4682B4,0
2,11,4.5,3.22335,0.177856,0.177856,0,All,#4682B4,0
3,11,4.5,2.40167,1.0675,1.0675,0,All,#4682B4,0
4,11,4.5,3.0225,0.350655,0.350655,0,All,#4682B4,0
5,11,4.5,3.00781,0.364198,0.364198,0,All,#4682B4,0
6,11,4.5,2.83265,0.536517,0.536517,0,All,#4682B4,0
7,11,4.5,2.70026,0.681593,0.681593,0,All,#4682B4,0
8,11,4.5,2.89117,0.476618,0.476618,0,All,#4682B4,0
9,11,4.5,3.05368,0.322338,0.322338,0,All,#4682B4,0
10,11,4.5,2.77622,0.596655,0.596655,0,All,#4682B4,0
1,11,5,2.91744,0.267834,0.267834,0,All,#4682B4,0
2,11,5,3.18867,0.0390001,0.0390001,0,All,#4682B4,0
3,11,5,2.39962,0.848395,0.848395,0,All,#4682B4,0
4,11,5,3.01438,0.181322,0.181322,0,All,#4682B4,0
5,11,5,3.00548,0.189033,0.189033,0,All,#4682B4,0
6,11,5,2.83232,0.348692,0.348692,0,All,#4682B4,0
7,11,5,2.69242,0.492682,0.492682,0,All,#4682B4,0
8,11,5,2.88284,0.300129,0.300129,0,All,#4682B4,0
9,11,5,3.0179,0.178283,0.178283,0,All,#4682B4,0
10,11,5,2.76858,0.412494,0.412494,0,All,#4682B4,0
1,11,5.5,2.90336,-0.561838,-0.561838,0,All,#4682B4,0
2,11,5.5,3.13039,-0.696779,-0.696779,0,All,#4682B4,0
3,11,5.5,2.38469,-0.157147,-0.157147,0,All,#4682B4,0
4,11,5.5,2.98115,-0.610386,-0.610386,0,All,#4682B4,0
5,11,5.5,2.98692,-0.613889,-0.613889,0,All,#4682B4,0
6,11,5.5,2.82043,-0.507126,-0.507126,0,All,#4682B4,0
7,11,5.5,2.66965,-0.398945,-0.398945,0,All,#4682B4,0
8,11,5.5,2.85216,-0.528435,-0.528435,0,All,#4682B4,0
9,11,5.5,2.95722,-0.595721,-0.595721,0,All,#4682B4,0
10,11,5.5,2.74047,-0.451242,-0.451242,0,All,#4682B4,0
1,11,6,2.87596,0.374022,0.374022,0,All,#4682B4,0
2,11,6,3.05318,0.2117,0.2117,0,All,#4682B4,0
3,11,6,2.36233,0.982066,0.982066,0,All,#4682B4,0
4,11,6,2.92859,0.323766,0.323766,0,All,#4682B4,0
5,11,6,2.96105,0.293661,0.293661,0,All,#4682B4,0
6,11,6,2.80269,0.447139,0.447139,0,All,#4682B4,0
7,11,6,2.63918,0.624925,0.624925,0,All,#4682B4,0
8,11,6,2.8049,0.444873,0.444873,0,All,#4682B4,0
9,11,6,2.87497,0.374988,0.374988,0,All,#4682B4,0
10,11,6,2.69545,0.561307,0.561307,0,All,#4682B4,0
1,11,6.5,2.83071,0.974998,0.974998,0,All,#4682B4,0
2,11,6.5,2.95591,0.83109,0.83109,0,All,#4682B4,0
3,11,6.5,2.33375,1.69848,1.69848,0,All,#4682B4,0
4,11,6.5,2.85614,0.944739,0.944739,0,All,#4682B4,0
5,11,6.5,2.92257,0.868209,0.868209,0,All,#4682B4,0
6,11,6.5,2.77696,1.04076,1.04076,0,All,#4682B4,0
7,11,6.5,2.60453,1.27003,1.27003,0,All,#4682B4,0
8,11,6.5,2.74173,1.08526,1.08526,0,All,#4682B4,0
9,11,6.5,2.76958,1.04998,1.04998,0,All,#4682B4,0
10,11,6.5,2.63234,1.23102,1.23102,0,All,#4682B4,0
1,11,7,2.7549,0.567265,0.567265,0,All,#4682B4,0
2,11,7,2.83508,0.482712,0.482712,0,All,#4682B4,0
3,11,7,2.28708,1.17881,1.17881,0,All,#4682B4,0
4,11,7,2.75978,0.561979,0.561979,0,All,#4682B4,0
5,11,7,2.86279,0.454584,0.454584,0,All,#4682B4,0
6,11,7,2.73313,0.59108,0.59108,0,All,#4682B4,0
7,11,7,2.55669,0.799044,0.799044,0,All,#4682B4,0
8,11,7,2.66063,0.673188,0.673188,0,All,#4682B4,0
9,11,7,2.63697,0.700973,0.700973,0,All,#4682B4,0
10,11,7,2.54712,0.811146,0.811146,0,All,#4682B4,0
1,11,7.5,2.6381,1.4618,1.4618,0,All,#4682B4,0
2,11,7.5,2.68598,1.39255,1.39255,0,All,#4682B4,0
3,11,7.5,2.21206,2.2099,2.2099,0,All,#4682B4,0
4,11,7.5,2.63312,1.46914,1.46914,0,All,#4682B4,0
5,11,7.5,2.7727,1.27323,1.27323,0,All,#4682B4,0
6,11,7.5,2.66194,1.42701,1.42701,0,All,#4682B4,0
7,11,7.5,2.47935,1.71051,1.71051,0,All,#4682B4,0
8,11,7.5,2.55802,1.5834,1.5834,0,All,#4682B4,0
9,11,7.5,2.4717,1.7233,1.7233,0,All,#4682B4,0
10,11,7.5,2.43364,1.78814,1.78814,0,All,#4682B4,0
1,11,8,2.46459,-0.269904,-0.269904,0,All,#4682B4,0
2,11,8,2.50341,-0.303277,-0.303277,0,All,#4682B4,0
3,11,8,2.09586,0.108811,0.108811,0,All,#4682B4,0
4,11,8,2.46766,-0.272582,-0.272582,0,All,#4682B4,0
5,11,8,2.63861,-0.411866,-0.411866,0,All,#4682B4,0
6,11,8,2.54862,-0.340876,-0.340876,0,All,#4682B4,0
7,11,8,2.35756,-0.172171,-0.172171,0,All,#4682B4,0
8,11,8,2.42907,-0.23842,-0.23842,0,All,#4682B4,0
9,11,8,2.26804,-0.0833591,-0.0833591,0,All,#4682B4,0
10,11,8,2.28345,-0.0991364,-0.0991364,0,All,#4682B4,0
1,11,8.5,2.21483,-1.03342,-1.18814,1,All,#4682B4,0
2,11,8.5,2.28253,-1.07462,-1.70255,1,All,#4682B4,0
3,11,8.5,1.91999,-0.820109,-1.07453,1,All,#4682B4,0
4,11,8.5,2.25316,-1.05705,-1.89139,1,All,#4682B4,0
5,11,8.5,2.44122,-1.16224,-1.35495,1,All,#4682B4,0
6,11,8.5,2.37092,-1.12487,-1.14046,1,All,#4682B4,0
7,11,8.5,2.17016,-1.00483,-1.67635,1,All,#4682B4,0
8,11,8.5,2.26794,-1.06595,-1.19112,1,All,#4682B4,0
9,11,8.5,2.02333,-0.901944,-1.29033,1,All,#4682B4,0
10,11,8.5,2.08622,-0.947785,-0.972271,1,All,#4682B4,0
1,11,9,1.8804,-0.786372,-1.57677,1,All,#4682B4,0
2,11,9,2.02215,-0.901057,-2.33058,1,All,#4682B4,0
3,11,9,1.66433,-0.57396,-0.924538,1,All,#4682B4,0
4,11,9,1.98014,-0.868783,-1.30134,1,All,#4682B4,0
5,11,9,2.16061,-0.998561,-1.31345,1,All,#4682B4,0
6,11,9,2.10145,-0.958476,-1.34841,1,All,#4682B4,0
7,11,9,1.89488,-0.79887,-1.33574,1,All,#4682B4,0
8,11,9,2.06739,-0.934352,-1.00635,1,All,#4682B4,0
9,11,9,1.74065,-0.655009,-2.03754,1,All,#4682B4,0
10,11,9,1.83468,-0.745599,-0.957224,1,All,#4682B4,0
1,11,9.5,1.51227,-0.388087,-1.41261,1,All,#4682B4,0
2,11,9.5,1.73193,-0.646115,-1.53032,1,All,#4682B4,0
3,11,9.5,1.34705,-0.138561,-1.24564,1,All,#4682B4,0
4,11,9.5,1.65094,-0.558966,-0.654106,1,All,#4682B4,0
5,11,9.5,1.79462,-0.708169,-1.83769,1,All,#4682B4,0
6,11,9.5,1.73626,-0.650541,-1.121,1,All,#4682B4,0
7,11,9.5,1.55427,-0.443061,-1.36676,1,All,#4682B4,0
8,11,9.5,1.82316,-0.735005,-1.46576,1,All,#4682B4,0
9,11,9.5,1.44727,-0.296727,-1.38936,1,All,#4682B4,0
10,11,9.5,1.53719,-0.421066,-0.738958,1,All,#4682B4,0
1,11,10,1.19874,0.144002,-1.42382,1,All,#4682B4,0
2,11,10,1.44925,-0.29962,-1.08669,1,All,#4682B4,0
3,11,10,1.06468,0.467162,0.413636,1,All,#4682B4,0
4,11,10,1.2963,-0.0491479,-0.123973,1,All,#4682B4,0
5,11,10,1.42642,-0.265656,-1.94417,1,All,#4682B4,0
6,11,10,1.40777,-0.237077,-0.318783,1,All,#4682B4,0
7,11,10,1.26404,0.0114187,-1.41894,1,All,#4682B4,0
8,11,10,1.53871,-0.423052,-0.556846,1,All,#4682B4,0
9,11,10,1.18641,0.170686,-1.60622,1,All,#4682B4,0
10,11,10,1.25379,0.031317,-0.128501,1,All,#4682B4,0
1,11,10.5,0.951091,0.812283,-1.09032,1,All,#4682B4,0
2,11,10.5,1.21014,0.119835,-0.673789,1,All,#4682B4,0
3,11,10.5,0.86475,1.13526,0.00942836,1,All,#4682B4,0
4,11,10.5,0.993775,0.673346,-0.877816,1,All,#4682B4,0
5,11,10.5,1.15577,0.239422,-0.601009,1,All,#4682B4,0
6,11,10.5,1.20677,0.126928,-0.522571,1,All,#4682B4,0
7,11,10.5,1.065,0.466289,-1.50465,1,All,#4682B4,0
8,11,10.5,1.24288,0.0528597,-1.55979,1,All,#4682B4,0
9,11,10.5,0.988187,0.690853,0.312509,1,All,#4682B4,0
10,11,10.5,1.05603,0.490834,-0.103344,1,All,#4682B4,0
1,11,11,0.746635,1.69808,-1.0355,1,All,#4682B4,0
2,11,11,1.0287,0.568246,-0.248948,1,All,#4682B4,0
3,11,11,0.710401,1.90825,1.60806,1,All,#4682B4,0
4,11,11,0.773775,1.55356,0.902307,1,All,#4682B4,0
5,11,11,0.958294,0.787968,-1.54995,1,All,#4682B4,0
6,11,11,1.06281,0.472252,-0.689328,1,All,#4682B4,0
7,11,11,0.912821,0.947902,-2.17314,1,All,#4682B4,0
8,11,11,0.991016,0.681964,0.321752,1,All,#4682B4,0
9,11,11,0.844612,1.22008,0.848052,1,All,#4682B4,0
10,11,11,0.923545,0.908765,-0.0142415,1,All,#4682B4,0
1,11,11.5,0.569253,2.98208,1.60595,1,All,#4682B4,0
2,11,11.5,0.896184,1.01047,0.110537,1,All,#4682B4,0
3,11,11.5,0.579856,2.88325,-0.016146,1,All,#4682B4,0
4,11,11.5,0.613626,2.59125,0.355712,1,All,#4682B4,0
5,11,11.5,0.799876,1.42381,-0.248111,1,All,#4682B4,0
6,11,11.5,0.944621,0.834439,-0.216211,1,All,#4682B4,0
7,11,11.5,0.783323,1.50509,-0.262518,1,All,#4682B4,0
8,11,11.5,0.809788,1.37673,0.543992,1,All,#4682B4,0
9,11,11.5,0.734917,1.76378,0.946553,1,All,#4682B4,0
10,11,11.5,0.825218,1.30569,-0.344127,1,All,#4682B4,0
1,11,12,0.406415,5.14753,0.268843,1,All,#4682B4,0
2,11,12,0.793218,1.4561,0.212854,1,All,#4682B4,0
3,11,12,0.460971,4.25161,-0.365276,1,All,#4682B4,0
4,11,12,0.491202,3.84085,-1.26801,1,All,#4682B4,0
5,11,12,0.662295,2.22282,-0.428314,1,All,#4682B4,0
6,11,12,0.837827,1.24958,-0.140516,1,All,#4682B4,0
7,11,12,0.664974,2.2041,1.09906,1,All,#4682B4,0
8,11,12,0.680494,2.09858,0.0279692,1,All,#4682B4,0
9,11,12,0.64511,2.34656,1.91724,1,All,#4682B4,0
10,11,12,0.744339,1.71079,-0.0963492,1,All,#4682B4,0
1,11,12.5,0.251197,9.82514,0.511665,1,All,#4682B4,0
2,11,12.5,0.707264,1.92746,-0.179855,1,All,#4682B4,0
3,11,12.5,0.347749,6.4246,-0.466871,1,All,#4682B4,0
4,11,12.5,0.387245,5.52226,0.320493,1,All,#4682B4,0
5,11,12.5,0.533449,3.34482,-0.837087,1,All,#4682B4,0
6,11,12.5,0.734964,1.76352,0.485193,1,All,#4682B4,0
7,11,12.5,0.550866,3.16247,0.0396442,1,All,#4682B4,0
8,11,12.5,0.582439,2.85972,1.16088,1,All,#4682B4,0
9,11,12.5,0.566685,3.00656,-1.27015,1,All,#4682B4,0
10,11,12.5,0.671375,2.15999,-0.625144,1,All,#4682B4,0
1,11,13,0.0990186,28.6481,0.254977,1,All,#4682B4,0
2,11,13,0.630251,2.459,-0.945662,1,All,#4682B4,0
3,11,13,0.23734,10.5402,-1.25374,1,All,#4682B4,0
4,11,13,0.29355,8.05807,-1.3168,1,All,#4682B4,0
5,11,13,0.408053,5.11714,-0.622043,1,All,#4682B4,0
6,11,13,0.6331,2.43703,1.06357,1,All,#4682B4,0
7,11,13,0.438317,4.59656,-1.699,1,All,#4682B4,0
8,11,13,0.500363,3.72617,-0.0347179,1,All,#4682B4,0
9,11,13,0.492956,3.81856,-0.0080286,1,All,#4682B4,0
10,11,13,0.601757,2.69014,0.087816,1,All,#4682B4,0
1,11,13.5,0,5.71957e+15,0,1,All,#4682B4,0
2,11,13.5,0.557171,3.09927,0.434313,1,All,#4682B4,0
3,11,13.5,0.128315,21.5542,0.116434,1,All,#4682B4,0
4,11,13.5,0.204144,12.648,-0.400598,1,All,#4682B4,0
5,11,13.5,0.282892,8.45291,-0.0643446,1,All,#4682B4,0
6,11,13.5,0.531256,3.36863,-1.09989,1,All,#4682B4,0
7,11,13.5,0.326338,7.00507,-0.398665,1,All,#4682B4,0
8,11,13.5,0.427375,4.77625,-0.0388044,1,All,#4682B4,0
9,11,13.5,0.421415,4.87806,0.889519,1,All,#4682B4,0
10,11,13.5,0.533024,3.34941,1.88028,1,All,#4682B4,0
1,11,14,0,5.71957e+15,0,1,All,#4682B4,0
2,11,14,0.485644,3.91253,0.450812,1,All,#4682B4,0
3,11,14,0.0199099,152.102,0.575413,1,All,#4682B4,0
4,11,14,0.116684,23.9441,0.615766,1,All,#4682B4,0
5,11,14,0.157142,17.1558,0.0834268,1,All,#4682B4,0
6,11,14,0.42876,4.753,-1.1609,1,All,#4682B4,0
7,11,14,0.214004,11.9537,0.466839,1,All,#4682B4,0
8,11,14,0.359111,6.14468,0.224061,1,All,#4682B4,0
9,11,14,0.350044,6.36659,-0.616251,1,All,#4682B4,0
10,11,14,0.464909,4.19507,2.42507,1,All,#4682B4,0
1,11,14.5,0,5.71957e+15,0,1,All,#4682B4,0
2,11,14.5,0.413509,5.01765,-1.45468,1,All,#4682B4,0
3,11,14.5,0,5.71957e+15,0,1,All,#4682B4,0
4,11,14.5,0.0288001,104.402,1.86609,1,All,#4682B4,0
5,11,14.5,0.0299937,100.151,0.448851,1,All,#4682B4,0
6,11,14.5,0.325656,7.0248,1.43327,1,All,#4682B4,0
7,11,14.5,0.101254,27.9621,-0.240374,1,All,#4682B4,0
8,11,14.5,0.291946,8.11563,1.7871,1,All,#4682B4,0
9,11,14.5,0.278569,8.62171,0.825162,1,All,#4682B4,0
10,11,14.5,0.396509,5.33664,1.88123,1,All,#4682B4,0
1,11,15,0,5.71957e+15,0,1,All,#4682B4,0
2,11,15,0.3409,6.60233,-0.496283,1,All,#4682B4,0
3,11,15,0,5.71957e+15,0,1,All,#4682B4,0
4,11,15,0,5.71957e+15,0,1,All,#4682B4,0
5,11,15,0,5.71957e+15,0,1,All,#4682B4,0
6,11,15,0.221791,11.449,-0.2622,1,All,#4682B4,0
7,11,15,0,5.71957e+15,0,1,All,#4682B4,0
8,11,15,0.226218,11.1775,-0.389527,1,All,#4682B4,0
9,11,15,0.20654,12.4732,1.84521,1,All,#4682B4,0
10,11,15,0.327793,6.9632,1.03731,1,All,#4682B4,0
1,11,15.5,0,5.71957e+15,1.17315,1,All,#4682B4,0
2,11,15.5,0.266986,9.10084,0.311629,1,All,#4682B4,0
3,11,15.5,0,5.71957e+15,1.53192,1,All,#4682B4,0
4,11,15.5,0,5.71957e+15,0,1,All,#4682B4,0
5,11,15.5,0,5.71957e+15,0,1,All,#4682B4,0
6,11,15.5,0.117268,23.8128,0.329594,1,All,#4682B4,0
7,11,15.5,0,5.71957e+15,0,1,All,#4682B4,0
8,11,15.5,0.160441,16.7532,-0.362662,1,All,#4682B4,0
9,11,15.5,0.133613,20.6035,-1.49306,1,All,#4682B4,0
10,11,15.5,0.258631,9.47311,0.566858,1,All,#4682B4,0
1,12,1,0,5.71957e+15,0,1,All,#4682B4,0
2,12,1,0,5.71957e+15,0,1,All,#4682B4,0
3,12,1,0,5.71957e+15,0,1,All,#4682B4,0
4,12,1,0,5.71957e+15,0,1,All,#4682B4,0
5,12,1,0,5.71957e+15,0,1,All,#4682B4,0
6,12,1,0,5.71957e+15,0,1,All,#4682B4,0
7,12,1,0,5.71957e+15,0,1,All,#4682B4,0
8,12,1,0,5.71957e+15,0,1,All,#4682B4,0
9,12,1,0,5.71957e+15,0,1,All,#4682B4,0
10,12,1,0,5.71957e+15,0,1,All,#4682B4,0
1,12,1.5,0,5.71957e+15,1.53315,1,All,#4682B4,0
2,12,1.5,0,5.71957e+15,0,1,All,#4682B4,0
3,12,1.5,0,5.71957e+15,0,1,All,#4682B4,0
4,12,1.5,0,5.71957e+15,1.46466,1,All,#4682B4,0
5,12,1.5,0,5.71957e+15,0,1,All,#4682B4,0
6,12,1.5,0,5.71957e+15,0,1,All,#4682B4,0
7,12,1.5,0,5.71957e+15,0,1,All,#4682B4,0
8,12,1.5,0,5.71957e+15,0,1,All,#4682B4,0
9,12,1.5,0,5.71957e+15,0,1,All,#4682B4,0
10,12,1.5,0,5.71957e+15,0,1,All,#4682B4,0
1,12,2,0,5.71957e+15,0,1,All,#4682B4,0
2,12,2,0,5.71957e+15,0,1,All,#4682B4,0
3,12,2,0,5.71957e+15,2.2771,1,All,#4682B4,0
4,12,2,0,5.71957e+15,0,1,All,#4682B4,0
5,12,2,0,5.71957e+15,2.18913,1,All,#4682B4,0
6,12,2,0,5.71957e+15,0,1,All,#4682B4,0
7,12,2,0,5.71957e+15,1.39586,1,All,#4682B4,0
8,12,2,0,5.71957e+15,0,1,All,#4682B4,0
9,12,2,0,5.71957e+15,0,1,All,#4682B4,0
10,12,2,0,5.71957e+15,1.20874,1,All,#4682B4,0
1,12,2.5,0,5.71957e+15,1.17251,1,All,#4682B4,0
2,12,2.5,0,5.71957e+15,0,1,All,#4682B4,0
3,12,2.5,0,5.71957e+15,0,1,All,#4682B4,0
4,12,2.5,0,5.71957e+15,0,1,All,#4682B4,0
5,12,2.5,0,5.71957e+15,0,1,All,#4682B4,0
6,12,2.5,0,5.71957e+15,0,1,All,#4682B4,0
7,12,2.5,0,5.71957e+15,0,1,All,#4682B4,0
8,12,2.5,0,5.71957e+15,1.94632,1,All,#4682B4,0
9,12,2.5,0,5.71957e+15,1.83802,1,All,#4682B4,0
10,12,2.5,0,5.71957e+15,0,1,All,#4682B4,0
1,12,3,0,5.71957e+15,1.0417,1,All,#4682B4,0
2,12,3,0,5.71957e+15,0,1,All,#4682B4,0
3,12,3,0,5.71957e+15,1.05067,1,All,#4682B4,0
4,12,3,0,5.71957e+15,0,1,All,#4682B4,0
5,12,3,0,5.71957e+15,0,1,All,#4682B4,0
6,12,3,0,5.71957e+15,0,1,All,#4682B4,0
7,12,3,0,5.71957e+15,0,1,All,#4682B4,0
8,12,3,0,5.71957e+15,0,1,All,#4682B4,0
9,12,3,0,5.71957e+15,0,1,All,#4682B4,0
10,12,3,0,5.71957e+15,0,1,All,#4682B4,0
1,12,3.5,0,5.71957e+15,0,1,All,#4682B4,0
2,12,3.5,0,5.71957e+15,0,1,All,#4682B4,0
3,12,3.5,0,5.71957e+15,0,1,All,#4682B4,0
4,12,3.5,0,5.71957e+15,0,1,All,#4682B4,0
5,12,3.5,0,5.71957e+15,0,1,All,#4682B4,0
6,12,3.5,0,5.71957e+15,1.69812,1,All,#4682B4,0
7,12,3.5,0,5.71957e+15,0,1,All,#4682B4,0
8,12,3.5,0,5.71957e+15,0,1,All,#4682B4,0
9,12,3.5,0,5.71957e+15,0,1,All,#4682B4,0
10,12,3.5,0,5.71957e+15,0,1,All,#4682B4,0
1,12,4,0,5.71957e+15,0,1,All,#4682B4,0
2,12,4,0,5.71957e+15,1.56874,1,All,#4682B4,0
3,12,4,0,5.71957e+15,0,1,All,#4682B4,0
4,12,4,0,5.71957e+15,0,1,All,#4682B4,0
5,12,4,0,5.71957e+15,1.1669,1,All,#4682B4,0
6,12,4,0,5.71957e+15,1.37302,1,All,#4682B4,0
7,12,4,0,5.71957e+15,0,1,All,#4682B4,0
8,12,4,0,5.71957e+15,0,1,All,#4682B4,0
9,12,4,0,5.71957e+15,1.47025,1,All,#4682B4,0
10,12,4,0,5.71957e+15,1.66792,1,All,#4682B4,0
1,12,4.5,0.00495584,618.374,1.51124,1,All,#4682B4,0
2,12,4.5,0.709089,1.91627,0.768449,1,All,#4682B4,0
3,12,4.5,0.552787,3.14307,-0.208703,1,All,#4682B4,0
4,12,4.5,0.687591,2.05192,0.0612934,1,All,#4682B4,0
5,12,4.5,0,5.71957e+15,1.05367,1,All,#4682B4,0
6,12,4.5,1.1833,0.177502,-0.886246,1,All,#4682B4,0
7,12,4.5,0,5.71957e+15,0,1,All,#4682B4,0
8,12,4.5,1.07606,0.436618,0.0743576,1,All,#4682B4,0
9,12,4.5,0.346912,6.44595,-0.283392,1,All,#4682B4,0
10,12,4.5,0.485436,3.91524,0.853202,1,All,#4682B4,0
1,12,5,1.3234,-0.0977447,-1.12113,1,All,#4682B4,0
2,12,5,1.65691,-0.565678,-0.949584,1,All,#4682B4,0
3,12,5,1.52825,-0.40936,-0.490879,1,All,#4682B4,0
4,12,5,1.57036,-0.463344,-1.42793,1,All,#4682B4,0
5,12,5,1.39098,-0.210698,-0.566565,1,All,#4682B4,0
6,12,5,1.74167,-0.656047,-1.50448,1,All,#4682B4,0
7,12,5,1.5685,-0.461025,-0.643577,1,All,#4682B4,0
8,12,5,1.91555,-0.816392,-1.09259,1,All,#4682B4,0
9,12,5,1.35832,-0.157514,-2.36321,1,All,#4682B4,0
10,12,5,1.59615,-0.495002,-0.839449,1,All,#4682B4,0
1,12,5.5,1.78212,2.63424,2.63424,0,All,#4682B4,0
2,12,5.5,1.99474,2.09522,2.09522,0,All,#4682B4,0
3,12,5.5,1.85344,2.43964,2.43964,0,All,#4682B4,0
4,12,5.5,1.85152,2.44468,2.44468,0,All,#4682B4,0
5,12,5.5,1.89603,2.33041,2.33041,0,All,#4682B4,0
6,12,5.5,1.9376,2.22844,2.22844,0,All,#4682B4,0
7,12,5.5,2.1291,1.81013,1.81013,0,All,#4682B4,0
8,12,5.5,2.20227,1.6695,1.6695,0,All,#4682B4,0
9,12,5.5,1.74815,2.73248,2.73248,0,All,#4682B4,0
10,12,5.5,2.09707,1.87477,1.87477,0,All,#4682B4,0
1,12,6,1.96829,0.359023,0.359023,0,All,#4682B4,0
2,12,6,2.07025,0.222037,0.222037,0,All,#4682B4,0
3,12,6,1.94058,0.398741,0.398741,0,All,#4682B4,0
4,12,6,1.90325,0.454071,0.454071,0,All,#4682B4,0
5,12,6,2.10969,0.172603,0.172603,0,All,#4682B4,0
6,12,6,1.95004,0.385057,0.385057,0,All,#4682B4,0
7,12,6,2.32304,-0.0657366,-0.0657366,0,All,#4682B4,0
8,12,6,2.23393,0.0282758,0.0282758,0,All,#4682B4,0
9,12,6,1.88118,0.48783,0.48783,0,All,#4682B4,0
10,12,6,2.33112,-0.0739058,-0.0739058,0,All,#4682B4,0
1,12,6.5,1.9939,-0.879503,-1.40994,1,All,#4682B4,0
2,12,6.5,2.02808,-0.90551,-1.6189,1,All,#4682B4,0
3,12,6.5,1.90743,-0.809559,-1.1846,1,All,#4682B4,0
4,12,6.5,1.86206,-0.770259,-1.23632,1,All,#4682B4,0
5,12,6.5,2.15452,-0.994534,-2.17324,1,All,#4682B4,0
6,12,6.5,1.88789,-0.79286,-1.34073,1,All,#4682B4,0
7,12,6.5,2.30698,-1.08891,-1.7815,1,All,#4682B4,0
8,12,6.5,2.16588,-1.00203,-1.42609,1,All,#4682B4,0
9,12,6.5,1.8676,-0.775156,-1.00597,1,All,#4682B4,0
10,12,6.5,2.38443,-1.13222,-1.58925,1,All,#4682B4,0
1,12,7,1.93672,-0.108466,-0.108466,0,All,#4682B4,0
2,12,7,1.94349,-0.116538,-0.116538,0,All,#4682B4,0
3,12,7,1.82042,0.0393667,0.0393667,0,All,#4682B4,0
4,12,7,1.78943,0.0819918,0.0819918,0,All,#4682B4,0
5,12,7,2.09958,-0.28797,-0.28797,0,All,#4682B4,0
6,12,7,1.79709,0.0713198,0.0713198,0,All,#4682B4,0
7,12,7,2.20297,-0.388142,-0.388142,0,All,#4682B4,0
8,12,7,2.06234,-0.249424,-0.249424,0,All,#4682B4,0
9,12,7,1.7855,0.0875115,0.0875115,0,All,#4682B4,0
10,12,7,2.32729,-0.496817,-0.496817,0,All,#4682B4,0
1,12,7.5,1.8404,-0.750805,-1.50755,1,All,#4682B4,0
2,12,7.5,1.84039,-0.750798,-0.794877,1,All,#4682B4,0
3,12,7.5,1.70449,-0.617513,-0.976502,1,All,#4682B4,0
4,12,7.5,1.70301,-0.61595,-0.652598,1,All,#4682B4,0
5,12,7.5,1.98922,-0.875875,-0.94465,1,All,#4682B4,0
6,12,7.5,1.69046,-0.602538,-0.695373,1,All,#4682B4,0
7,12,7.5,2.0614,-0.930027,-1.89136,1,All,#4682B4,0
8,12,7.5,1.93975,-0.836427,-1.47797,1,All,#4682B4,0
9,12,7.5,1.67045,-0.580732,-1.22408,1,All,#4682B4,0
10,12,7.5,2.21268,-1.03207,-1.59264,1,All,#4682B4,0
1,12,8,1.72264,-0.636528,-0.750501,1,All,#4682B4,0
2,12,8,1.72471,-0.638672,-1.01488,1,All,#4682B4,0
3,12,8,1.56651,-0.458526,-0.77453,1,All,#4682B4,0
4,12,8,1.60681,-0.507788,-0.749427,1,All,#4682B4,0
5,12,8,1.84552,-0.755451,-1.5849,1,All,#4682B4,0
6,12,8,1.57078,-0.463869,-1.63418,1,All,#4682B4,0
7,12,8,1.89869,-0.802132,-0.835041,1,All,#4682B4,0
8,12,8,1.80125,-0.714478,-1.30386,1,All,#4682B4,0
9,12,8,1.53374,-0.416575,-0.626729,1,All,#4682B4,0
10,12,8,2.06708,-0.934131,-1.98777,1,All,#4682B4,0
1,12,8.5,1.58944,-0.486869,-0.601243,1,All,#4682B4,0
2,12,8.5,1.59756,-0.496707,-1.05927,1,All,#4682B4,0
3,12,8.5,1.40776,-0.237053,-0.860714,1,All,#4682B4,0
4,12,8.5,1.50142,-0.373384,-0.406909,1,All,#4682B4,0
5,12,8.5,1.67848,-0.58955,-1.602,1,All,#4682B4,0
6,12,8.5,1.43846,-0.283706,-0.618016,1,All,#4682B4,0
7,12,8.5,1.72,-0.633796,-2.07511,1,All,#4682B4,0
8,12,8.5,1.64698,-0.554485,-0.588646,1,All,#4682B4,0
9,12,8.5,1.37868,-0.190962,-0.430124,1,All,#4682B4,0
10,12,8.5,1.90146,-0.804494,-0.968518,1,All,#4682B4,0
1,12,9,1.44307,-0.29054,-1.59549,1,All,#4682B4,0
2,12,9,1.45907,-0.313918,-1.12268,1,All,#4682B4,0
3,12,9,1.22868,0.0814617,-0.768211,1,All,#4682B4,0
4,12,9,1.38672,-0.203906,-0.894838,1,All,#4682B4,0
5,12,9,1.4951,-0.364732,-1.21577,1,All,#4682B4,0
6,12,9,1.29391,-0.0447619,-1.06136,1,All,#4682B4,0
7,12,9,1.52808,-0.409144,-1.53602,1,All,#4682B4,0
8,12,9,1.47686,-0.339318,-0.492437,1,All,#4682B4,0
9,12,9,1.20701,0.126424,-0.585463,1,All,#4682B4,0
10,12,9,1.72149,-0.635337,-1.09134,1,All,#4682B4,0
1,12,9.5,1.28523,-0.0287144,-0.636435,1,All,#4682B4,0
2,12,9.5,1.30958,-0.0732083,-1.42129,1,All,#4682B4,0
3,12,9.5,1.03201,0.558641,-1.10754,1,All,#4682B4,0
4,12,9.5,1.26275,0.0139162,-0.536024,1,All,#4682B4,0
5,12,9.5,1.3042,-0.0635194,-0.720072,1,All,#4682B4,0
6,12,9.5,1.1387,0.279331,-0.00184946,1,All,#4682B4,0
7,12,9.5,1.32488,-0.100355,-0.821466,1,All,#4682B4,0
8,12,9.5,1.29228,-0.0417615,-0.537402,1,All,#4682B4,0
9,12,9.5,1.02186,0.58827,0.45312,1,All,#4682B4,0
10,12,9.5,1.53148,-0.41361,-1.03472,1,All,#4682B4,0
1,12,10,1.11872,0.327587,-0.299698,1,All,#4682B4,0
2,12,10,1.15058,0.251435,0.0704131,1,All,#4682B4,0
3,12,10,0.826008,1.30213,0.50835,1,All,#4682B4,0
4,12,10,1.13014,0.299793,-1.14684,1,All,#4682B4,0
5,12,10,1.11804,0.329257,-0.446269,1,All,#4682B4,0
6,12,10,0.976559,0.727924,-1.3636,1,All,#4682B4,0
7,12,10,1.11693,0.331986,0.0451315,1,All,#4682B4,0
8,12,10,1.09671,0.382777,-0.33424,1,All,#4682B4,0
9,12,10,0.830316,1.2828,1.10917,1,All,#4682B4,0
10,12,10,1.33661,-0.120729,-0.316917,1,All,#4682B4,0
1,12,10.5,0.948616,0.820721,0.267789,1,All,#4682B4,0
2,12,10.5,0.985456,0.699479,-0.443357,1,All,#4682B4,0
3,12,10.5,0.629155,2.46751,1.18711,1,All,#4682B4,0
4,12,10.5,0.990843,0.682506,0.369919,1,All,#4682B4,0
5,12,10.5,0.951737,0.810086,-0.253272,1,All,#4682B4,0
6,12,10.5,0.814565,1.35445,0.204426,1,All,#4682B4,0
7,12,10.5,0.912102,0.950556,0.296144,1,All,#4682B4,0
8,12,10.5,0.900463,0.994155,-0.351922,1,All,#4682B4,0
9,12,10.5,0.647049,2.33227,-0.962225,1,All,#4682B4,0
10,12,10.5,1.14377,0.267356,-0.336487,1,All,#4682B4,0
1,12,11,0.783198,1.50572,0.0090294,1,All,#4682B4,0
2,12,11,0.820596,1.32669,-1.34481,1,All,#4682B4,0
3,12,11,0.463759,4.21148,1.07266,1,All,#4682B4,0
4,12,11,0.848903,1.20167,-0.719548,1,All,#4682B4,0
5,12,11,0.815028,1.35231,-0.0903618,1,All,#4682B4,0
6,12,11,0.664336,2.20855,1.02166,1,All,#4682B4,0
7,12,11,0.722364,1.83653,0.00102897,1,All,#4682B4,0
8,12,11,0.716576,1.87093,-0.729902,1,All,#4682B4,0
9,12,11,0.486628,3.89972,0.613522,1,All,#4682B4,0
10,12,11,0.961918,0.775872,-1.22005,1,All,#4682B4,0
1,12,11.5,0.633148,2.43667,0.319256,1,All,#4682B4,0
2,12,11.5,0.66517,2.20274,-0.551868,1,All,#4682B4,0
3,12,11.5,0.34261,6.55729,-1.25505,1,All,#4682B4,0
4,12,11.5,0.711587,1.90104,-0.569496,1,All,#4682B4,0
5,12,11.5,0.709454,1.91404,-1.35153,1,All,#4682B4,0
6,12,11.5,0.53604,3.31694,0.304534,1,All,#4682B4,0
7,12,11.5,0.559281,3.07844,-0.888073,1,All,#4682B4,0
8,12,11.5,0.56411,3.03135,1.75798,1,All,#4682B4,0
9,12,11.5,0.360091,6.12137,-1.42993,1,All,#4682B4,0
10,12,11.5,0.800033,1.42306,0.59978,1,All,#4682B4,0
1,12,12,0.508268,3.63055,1.69265,1,All,#4682B4,0
2,12,12,0.528369,3.40027,0.646553,1,All,#4682B4,0
3,12,12,0.260205,9.40113,-0.616478,1,All,#4682B4,0
4,12,12,0.587895,2.8107,-1.53481,1,All,#4682B4,0
5,12,12,0.63064,2.45599,-0.0666661,1,All,#4682B4,0
6,12,12,0.436057,4.63293,-0.982979,1,All,#4682B4,0
7,12,12,0.42944,4.74164,0.559045,1,All,#4682B4,0
8,12,12,0.446796,4.46335,0.548423,1,All,#4682B4,0
9,12,12,0.267208,9.09126,-0.107439,1,All,#4682B4,0
10,12,12,0.663513,2.21429,0.409551,1,All,#4682B4,0
1,12,12.5,0.411379,5.05617,-0.936077,1,All,#4682B4,0
2,12,12.5,0.418392,4.93082,1.43536,1,All,#4682B4,0
3,12,12.5,0.204151,12.6476,-0.520111,1,All,#4682B4,0
4,12,12.5,0.486532,3.90097,0.672073,1,All,#4682B4,0
5,12,12.5,0.570293,2.97222,-0.734647,1,All,#4682B4,0
6,12,12.5,0.363376,6.04413,0.656129,1,All,#4682B4,0
7,12,12.5,0.332296,6.83602,1.22726,1,All,#4682B4,0
8,12,12.5,0.364885,6.00912,-0.355481,1,All,#4682B4,0
9,12,12.5,0.201734,12.8281,-0.246323,1,All,#4682B4,0
10,12,12.5,0.553209,3.13882,0.137095,1,All,#4682B4,0
1,12,13,0.340199,6.62094,-0.900731,1,All,#4682B4,0
2,12,13,0.337097,6.70416,-0.338983,1,All,#4682B4,0
3,12,13,0.163159,16.4337,-0.0889164,1,All,#4682B4,0
4,12,13,0.411144,5.06044,-0.830884,1,All,#4682B4,0
5,12,13,0.522408,3.46671,-1.07517,1,All,#4682B4,0
6,12,13,0.313115,7.40318,-0.295792,1,All,#4682B4,0
7,12,13,0.263141,9.26923,-0.213787,1,All,#4682B4,0
8,12,13,0.30855,7.54855,-0.766538,1,All,#4682B4,0
9,12,13,0.155028,17.4228,-1.57057,1,All,#4682B4,0
10,12,13,0.466858,4.16745,-1.27589,1,All,#4682B4,0
1,12,13.5,0.288828,8.22941,5.88999e-05,1,All,#4682B4,0
2,12,13.5,0.280225,8.55642,0.30431,1,All,#4682B4,0
3,12,13.5,0.130878,21.0846,0.0601008,1,All,#4682B4,0
4,12,13.5,0.359198,6.14262,-0.765854,1,All,#4682B4,0
5,12,13.5,0.482358,3.95568,-0.357267,1,All,#4682B4,0
6,12,13.5,0.277969,8.64553,0.722507,1,All,#4682B4,0
7,12,13.5,0.214923,11.8922,0.534698,1,All,#4682B4,0
8,12,13.5,0.269772,8.98183,-0.809946,1,All,#4682B4,0
9,12,13.5,0.119684,23.2833,-0.426018,1,All,#4682B4,0
10,12,13.5,0.400349,5.26221,-0.42118,1,All,#4682B4,0
1,12,14,0.252979,9.73884,0.807579,1,All,#4682B4,0
2,12,14,0.241484,10.3178,0.427246,1,All,#4682B4,0
3,12,14,0.101478,27.8952,-0.10291,1,All,#4682B4,0
4,12,14,0.325178,7.03867,1.47198,1,All,#4682B4,0
5,12,14,0.446018,4.47536,-0.848201,1,All,#4682B4,0
6,12,14,0.252218,9.77556,1.39659,1,All,#4682B4,0
7,12,14,0.181253,14.5514,2.35405,1,All,#4682B4,0
8,12,14,0.240896,10.3488,-0.19315,1,All,#4682B4,0
9,12,14,0.0907209,31.49,-0.113788,1,All,#4682B4,0
10,12,14,0.348962,6.39383,-0.656501,1,All,#4682B4,0
1,12,14.5,0.225777,11.2041,0.0997096,1,All,#4682B4,0
2,12,14.5,0.214777,11.902,0.43049,1,All,#4682B4,0
3,12,14.5,0.0729626,39.7439,0.339584,1,All,#4682B4,0
4,12,14.5,0.303129,7.72686,0.581194,1,All,#4682B4,0
5,12,14.5,0.411822,5.04812,0.761413,1,All,#4682B4,0
6,12,14.5,0.231371,10.8746,0.00921034,1,All,#4682B4,0
7,12,14.5,0.156786,17.2002,0.0813667,1,All,#4682B4,0
8,12,14.5,0.217329,11.7337,0.40951,1,All,#4682B4,0
9,12,14.5,0.0641694,45.5219,2.00557,1,All,#4682B4,0
10,12,14.5,0.308348,7.5551,1.37688,1,All,#4682B4,0
1,12,15,0.203822,12.6719,1.14161,1,All,#4682B4,0
2,12,15,0.195459,13.3177,0.494233,1,All,#4682B4,0
3,12,15,0.044257,67.0934,-1.71098,1,All,#4682B4,0
4,12,15,0.288109,8.25597,-0.567256,1,All,#4682B4,0
5,12,15,0.378196,5.71236,-1.44652,1,All,#4682B4,0
6,12,15,0.212529,12.0535,-1.07163,1,All,#4682B4,0
7,12,15,0.137542,19.9457,-1.04511,1,All,#4682B4,0
8,12,15,0.195648,13.3025,0.517575,1,All,#4682B4,0
9,12,15,0.0380657,78.4,-1.8251,1,All,#4682B4,0
10,12,15,0.275197,8.75701,1.35472,1,All,#4682B4,0
1,12,15.5,0.184385,14.2631,-2.33556,1,All,#4682B4,0
2,12,15.5,0.179496,14.7176,0.0693832,1,All,#4682B4,0
3,12,15.5,0.0147768,205.779,-0.579583,1,All,#4682B4,0
4,12,15.5,0.276597,8.70043,0.364998,1,All,#4682B4,0
5,12,15.5,0.344444,6.5095,0.0412198,1,All,#4682B4,0
6,12,15.5,0.193931,13.4417,1.14755,1,All,#4682B4,0
7,12,15.5,0.120778,23.0503,0.99758,1,All,#4682B4,0
8,12,15.5,0.174437,15.2146,0.561517,1,All,#4682B4,0
9,12,15.5,0.01121,272.026,-0.841359,1,All,#4682B4,0
10,12,15.5,0.246016,10.0831,-0.725793,1,All,#4682B4,0
1,12,16,0.165752,16.1387,-0.186445,1,All,#4682B4,0
2,12,16,0.164678,16.2599,1.11599,1,All,#4682B4,0
3,12,16,0,5.71957e+15,0,1,All,#4682B4,0
4,12,16,0.266421,9.12528,1.35733,1,All,#4682B4,0
5,12,16,0.310271,7.49323,0.727539,1,All,#4682B4,0
6,12,16,0.173968,15.2622,-0.595538,1,All,#4682B4,0
7,12,16,0.105132,26.8413,1.03988,1,All,#4682B4,0
8,12,16,0.152148,17.7984,0.198871,1,All,#4682B4,0
9,12,16,0,5.71957e+15,0,1,All,#4682B4,0
10,12,16,0.219931,11.5663,-1.26325,1,All,#4682B4,0
1,12,16.5,0.146863,18.5261,-0.20661,1,All,#4682B4,0
2,12,16.5,0.151673,17.8618,0.323642,1,All,#4682B4,0
3,12,16.5,0,5.71957e+15,0,1,All,#4682B4,0
4,12,16.5,0.256375,9.57776,1.08853,1,All,#4682B4,0
5,12,16.5,0.275345,8.75099,-0.834966,1,All,#4682B4,0
6,12,16.5,0.154217,17.5271,-2.00832,1,All,#4682B4,0
7,12,16.5,0.0892013,32.0676,-0.605575,1,All,#4682B4,0
8,12,16.5,0.128494,21.5208,0.338714,1,All,#4682B4,0
9,12,16.5,0,5.71957e+15,1.41769,1,All,#4682B4,0
10,12,16.5,0.194155,13.4234,1.95253,1,All,#4682B4,0
1,12,17,0.127481,21.711,-0.88894,1,All,#4682B4,0
2,12,17,0.135576,20.2701,-1.97088,1,All,#4682B4,0
3,12,17,0,5.71957e+15,0,1,All,#4682B4,0
4,12,17,0.246147,10.0764,-0.102819,1,All,#4682B4,0
5,12,17,0.239625,10.4166,0.956029,1,All,#4682B4,0
6,12,17,0.132929,20.7219,-1.04671,1,All,#4682B4,0
7,12,17,0.072725,39.8816,0.874674,1,All,#4682B4,0
8,12,17,0.103504,27.3015,-1.7512,1,All,#4682B4,0
9,12,17,0,5.71957e+15,0,1,All,#4682B4,0
10,12,17,0.169354,15.744,0.321832,1,All,#4682B4,0
1,12,17.5,0.107317,26.2456,1.7665,1,All,#4682B4,0
2,12,17.5,0.119785,23.2616,-0.571833,1,All,#4682B4,0
3,12,17.5,0,5.71957e+15,0,1,All,#4682B4,0
4,12,17.5,0.234911,10.6742,-0.671237,1,All,#4682B4,0
5,12,17.5,0.203545,12.6924,-0.0926141,1,All,#4682B4,0
6,12,17.5,0.10882,25.8496,-0.0951394,1,All,#4682B4,0
7,12,17.5,0.0543667,54.1667,1.31951,1,All,#4682B4,0
8,12,17.5,0.0770291,37.5178,1.01775,1,All,#4682B4,0
9,12,17.5,0,5.71957e+15,0,1,All,#4682B4,0
10,12,17.5,0.142463,19.1731,1.62998,1,All,#4682B4,0
1,12,18,0.0862096,33.2646,0.0274571,1,All,#4682B4,0
2,12,18,0.102468,27.6022,0.413172,1,All,#4682B4,0
3,12,18,0,5.71957e+15,1.49888,1,All,#4682B4,0
4,12,18,0.221433,11.4714,0.198866,1,All,#4682B4,0
5,12,18,0.16645,16.061,1.3704,1,All,#4682B4,0
6,12,18,0.0839034,34.2455,0.694472,1,All,#4682B4,0
7,12,18,0.0349607,85.5781,1.07726,1,All,#4682B4,0
8,12,18,0.049313,59.966,0.971444,1,All,#4682B4,0
9,12,18,0,5.71957e+15,0,1,All,#4682B4,0
10,12,18,0.115776,24.151,0.265765,1,All,#4682B4,0
1,13,1,0,5.71957e+15,2.08212,1,All,#4682B4,0
2,13,1,0,5.71957e+15,0,1,All,#4682B4,0
3,13,1,0,5.71957e+15,0,1,All,#4682B4,0
4,13,1,0,5.71957e+15,0,1,All,#4682B4,0
5,13,1,0,5.71957e+15,2.79083,1,All,#4682B4,0
6,13,1,0,5.71957e+15,0,1,All,#4682B4,0
7,13,1,0,5.71957e+15,0,1,All,#4682B4,0
8,13,1,0,5.71957e+15,0,1,All,#4682B4,0
9,13,1,0,5.71957e+15,2.06468,1,All,#4682B4,0
10,13,1,0,5.71957e+15,0,1,All,#4682B4,0
1,13,1.5,0,5.71957e+15,1.26979,1,All,#4682B4,0
2,13,1.5,0,5.71957e+15,1.83553,1,All,#4682B4,0
3,13,1.5,0,5.71957e+15,0,1,All,#4682B4,0
4,13,1.5,0,5.71957e+15,0,1,All,#4682B4,0
5,13,1.5,0,5.71957e+15,1.84879,1,All,#4682B4,0
6,13,1.5,0,5.71957e+15,0,1,All,#4682B4,0
7,13,1.5,0,5.71957e+15,0,1,All,#4682B4,0
8,13,1.5,0,5.71957e+15,0,1,All,#4682B4,0
9,13,1.5,0,5.71957e+15,0,1,All,#4682B4,0
10,13,1.5,0,5.71957e+15,0,1,All,#4682B4,0
1,13,2,0,5.71957e+15,1.39822,1,All,#4682B4,0
2,13,2,0,5.71957e+15,0,1,All,#4682B4,0
3,13,2,0,5.71957e+15,1.0363,1,All,#4682B4,0
4,13,2,0,5.71957e+15,0,1,All,#4682B4,0
5,13,2,0,5.71957e+15,1.08753,1,All,#4682B4,0
6,13,2,0,5.71957e+15,1.21722,1,All,#4682B4,0
7,13,2,0,5.71957e+15,0,1,All,#4682B4,0
8,13,2,0,5.71957e+15,2.5208,1,All,#4682B4,0
9,13,2,0,5.71957e+15,0,1,All,#4682B4,0
10,13,2,0,5.71957e+15,1.41816,1,All,#4682B4,0
1,13,2.5,0,5.71957e+15,0,1,All,#4682B4,0
2,13,2.5,0.0400937,74.3119,0.466564,1,All,#4682B4,0
3,13,2.5,0,5.71957e+15,0,1,All,#4682B4,0
4,13,2.5,0.218702,11.6449,-0.221123,1,All,#4682B4,0
5,13,2.5,0,5.71957e+15,1.21623,1,All,#4682B4,0
6,13,2.5,0.0191214,158.474,-0.844731,1,All,#4682B4,0
7,13,2.5,0.142754,19.1291,-1.42567,1,All,#4682B4,0
8,13,2.5,0.325844,7.01934,0.399831,1,All,#4682B4,0
9,13,2.5,0,5.71957e+15,0,1,All,#4682B4,0
10,13,2.5,0,5.71957e+15,0,1,All,#4682B4,0
1,13,3,0.746781,1.69728,-0.329819,1,All,#4682B4,0
2,13,3,0.677285,2.12001,0.692018,1,All,#4682B4,0
3,13,3,0.695104,2.00356,0.494948,1,All,#4682B4,0
4,13,3,0.885766,1.05085,-0.388182,1,All,#4682B4,0
5,13,3,0.525776,3.42899,-0.311772,1,All,#4682B4,0
6,13,3,0.848726,1.20243,-1.68605,1,All,#4682B4,0
7,13,3,0.817063,1.3429,-1.35169,1,All,#4682B4,0
8,13,3,0.821525,1.32245,-1.33817,1,All,#4682B4,0
9,13,3,0.565636,3.01663,0.796431,1,All,#4682B4,0
10,13,3,0.676581,2.12473,0.934684,1,All,#4682B4,0
1,13,3.5,1.37912,0.423127,0.423127,0,All,#4682B4,0
2,13,3.5,1.13778,1.02672,1.02672,0,All,#4682B4,0
3,13,3.5,1.24533,0.728831,0.728831,0,All,#4682B4,0
4,13,3.5,1.41489,0.351182,0.351182,0,All,#4682B4,0
5,13,3.5,1.31799,0.555105,0.555105,0,All,#4682B4,0
6,13,3.5,1.49613,0.200563,0.200563,0,All,#4682B4,0
7,13,3.5,1.33587,0.515256,0.515256,0,All,#4682B4,0
8,13,3.5,1.16921,0.934005,0.934005,0,All,#4682B4,0
9,13,3.5,1.19351,0.865659,0.865659,0,All,#4682B4,0
10,13,3.5,1.47897,0.231002,0.231002,0,All,#4682B4,0
1,13,4,1.76333,0.476264,0.476264,0,All,#4682B4,0
2,13,4,1.40772,1.20852,1.20852,0,All,#4682B4,0
3,13,4,1.57642,0.819963,0.819963,0,All,#4682B4,0
4,13,4,1.76983,0.465617,0.465617,0,All,#4682B4,0
5,13,4,1.90434,0.261617,0.261617,0,All,#4682B4,0
6,13,4,1.86654,0.315981,0.315981,0,All,#4682B4,0
7,13,4,1.66186,0.65326,0.65326,0,All,#4682B4,0
8,13,4,1.37039,1.30743,1.30743,0,All,#4682B4,0
9,13,4,1.68423,0.612393,0.612393,0,All,#4682B4,0
10,13,4,1.97048,0.171528,0.171528,0,All,#4682B4,0
1,13,4.5,1.80819,-0.721031,-0.977998,1,All,#4682B4,0
2,13,4.5,1.47293,-0.333751,-0.597845,1,All,#4682B4,0
3,13,4.5,1.63294,-0.538427,-1.74964,1,All,#4682B4,0
4,13,4.5,1.89372,-0.797875,-1.64634,1,All,#4682B4,0
5,13,4.5,2.11874,-0.970417,-1.75684,1,All,#4682B4,0
6,13,4.5,1.87425,-0.781004,-1.2965,1,All,#4682B4,0
7,13,4.5,1.74321,-0.65761,-1.17849,1,All,#4682B4,0
8,13,4.5,1.42486,-0.263291,-1.87417,1,All,#4682B4,0
9,13,4.5,1.96784,-0.859068,-0.972932,1,All,#4682B4,0
10,13,4.5,1.96756,-0.858847,-1.64298,1,All,#4682B4,0
1,13,5,1.59589,0.613413,0.613413,0,All,#4682B4,0
2,13,5,1.37218,1.10838,1.10838,0,All,#4682B4,0
3,13,5,1.47409,0.864265,0.864265,0,All,#4682B4,0
4,13,5,1.80023,0.268822,0.268822,0,All,#4682B4,0
5,13,5,1.95052,0.0614572,0.0614572,0,All,#4682B4,0
6,13,5,1.62254,0.563562,0.563562,0,All,#4682B4,0
7,13,5,1.61437,0.578674,0.578674,0,All,#4682B4,0
8,13,5,1.36002,1.13996,1.13996,0,All,#4682B4,0
9,13,5,1.99153,0.0103017,0.0103017,0,All,#4682B4,0
10,13,5,1.6428,0.526729,0.526729,0,All,#4682B4,0
1,13,5.5,1.28254,-0.0236938,-0.308327,1,All,#4682B4,0
2,13,5.5,1.18652,0.170433,-0.657695,1,All,#4682B4,0
3,13,5.5,1.22355,0.0919751,-0.511626,1,All,#4682B4,0
4,13,5.5,1.58055,-0.475975,-0.490174,1,All,#4682B4,0
5,13,5.5,1.61879,-0.521964,-1.04112,1,All,#4682B4,0
6,13,5.5,1.28832,-0.0344553,-0.0502957,1,All,#4682B4,0
7,13,5.5,1.37272,-0.181266,-0.621559,1,All,#4682B4,0
8,13,5.5,1.22169,0.0957918,-0.362527,1,All,#4682B4,0
9,13,5.5,1.8175,-0.729747,-0.77691,1,All,#4682B4,0
10,13,5.5,1.24096,0.0566815,-0.879241,1,All,#4682B4,0
1,13,6,0.971255,0.745127,-0.876299,1,All,#4682B4,0
2,13,6,0.984781,0.701618,-1.41343,1,All,#4682B4,0
3,13,6,0.969532,0.750755,-1.54289,1,All,#4682B4,0
4,13,6,1.32395,-0.0987111,-1.27851,1,All,#4682B4,0
5,13,6,1.27511,-0.00971534,-1.68456,1,All,#4682B4,0
6,13,6,0.972828,0.740005,-2.1148,1,All,#4682B4,0
7,13,6,1.10064,0.372748,-0.802632,1,All,#4682B4,0
8,13,6,1.05338,0.498168,0.140512,1,All,#4682B4,0
9,13,6,1.56164,-0.452407,-0.785366,1,All,#4682B4,0
10,13,6,0.889069,1.03794,0.975387,1,All,#4682B4,0
1,13,6.5,0.709834,1.91171,0.67937,1,All,#4682B4,0
2,13,6.5,0.805399,1.39743,-0.79891,1,All,#4682B4,0
3,13,6.5,0.753143,1.66248,-0.0871363,1,All,#4682B4,0
4,13,6.5,1.0843,0.414874,-0.171338,1,All,#4682B4,0
5,13,6.5,0.988861,0.688729,-1.34326,1,All,#4682B4,0
6,13,6.5,0.71286,1.89332,-0.328192,1,All,#4682B4,0
7,13,6.5,0.846695,1.21112,-0.18093,1,All,#4682B4,0
8,13,6.5,0.885962,1.05008,-1.24437,1,All,#4682B4,0
9,13,6.5,1.30681,-0.0682441,-2.07827,1,All,#4682B4,0
10,13,6.5,0.623395,2.51269,-1.57104,1,All,#4682B4,0
1,13,7,0.511476,3.59258,-1.05141,1,All,#4682B4,0
2,13,7,0.664568,2.20693,0.735476,1,All,#4682B4,0
3,13,7,0.588093,2.80893,0.00383828,1,All,#4682B4,0
4,13,7,0.88471,1.05499,-1.016,1,All,#4682B4,0
5,13,7,0.775299,1.54574,0.897568,1,All,#4682B4,0
6,13,7,0.518008,3.51673,-0.174555,1,All,#4682B4,0
7,13,7,0.630771,2.45498,-0.0261267,1,All,#4682B4,0
8,13,7,0.735634,1.7597,-0.854755,1,All,#4682B4,0
9,13,7,1.09121,0.396924,-0.593963,1,All,#4682B4,0
10,13,7,0.440019,4.5694,0.709444,1,All,#4682B4,0
1,13,7.5,0.374518,5.79224,0.221883,1,All,#4682B4,0
2,13,7.5,0.565596,3.01701,0.392038,1,All,#4682B4,0
3,13,7.5,0.475369,4.04946,-1.4179,1,All,#4682B4,0
4,13,7.5,0.732174,1.77947,0.485933,1,All,#4682B4,0
5,13,7.5,0.632263,2.44347,-0.254584,1,All,#4682B4,0
6,13,7.5,0.385421,5.55986,-1.38269,1,All,#4682B4,0
7,13,7.5,0.46043,4.25945,-0.357911,1,All,#4682B4,0
8,13,7.5,0.612579,2.59982,-1.07685,1,All,#4682B4,0
9,13,7.5,0.930338,0.884442,-1.66018,1,All,#4682B4,0
10,13,7.5,0.328828,6.93367,0.31978,1,All,#4682B4,0
1,13,8,0.292295,8.10307,0.826299,1,All,#4682B4,0
2,13,8,0.505427,3.66457,1.82928,1,All,#4682B4,0
3,13,8,0.410475,5.07265,1.90324,1,All,#4682B4,0
4,13,8,0.625117,2.49909,1.17319,1,All,#4682B4,0
5,13,8,0.551555,3.1555,0.775139,1,All,#4682B4,0
6,13,8,0.308202,7.5598,0.0450275,1,All,#4682B4,0
7,13,8,0.334777,6.7674,0.773,1,All,#4682B4,0
8,13,8,0.522446,3.46628,-0.923643,1,All,#4682B4,0
9,13,8,0.820069,1.3291,1.05868,1,All,#4682B4,0
10,13,8,0.28049,8.54604,-0.274191,1,All,#4682B4,0
1,13,8.5,0.257059,9.54583,0.195331,1,All,#4682B4,0
2,13,8.5,0.479045,3.99979,-0.900112,1,All,#4682B4,0
3,13,8.5,0.386417,5.53928,-0.611756,1,All,#4682B4,0
4,13,8.5,0.559573,3.07557,-1.10253,1,All,#4682B4,0
5,13,8.5,0.524139,3.44726,1.87536,1,All,#4682B4,0
6,13,8.5,0.278225,8.63536,1.04899,1,All,#4682B4,0
7,13,8.5,0.249525,9.9072,0.953339,1,All,#4682B4,0
8,13,8.5,0.457714,4.2991,-1.90471,1,All,#4682B4,0
9,13,8.5,0.756732,1.6431,0.144972,1,All,#4682B4,0
10,13,8.5,0.28419,8.40324,-1.10659,1,All,#4682B4,0
1,13,9,0.261079,9.36155,-0.135584,1,All,#4682B4,0
2,13,9,0.47885,4.00242,0.406411,1,All,#4682B4,0
3,13,9,0.395848,5.3496,-0.224113,1,All,#4682B4,0
4,13,9,0.529546,3.38733,0.480474,1,All,#4682B4,0
5,13,9,0.540229,3.27244,-0.198712,1,All,#4682B4,0
6,13,9,0.287544,8.27698,-1.79146,1,All,#4682B4,0
7,13,9,0.199301,13.0143,0.578027,1,All,#4682B4,0
8,13,9,0.417794,4.94133,1.15952,1,All,#4682B4,0
9,13,9,0.734881,1.76399,0.824926,1,All,#4682B4,0
10,13,9,0.330738,6.87962,-0.132815,1,All,#4682B4,0
1,13,9.5,0.296747,7.94516,0.952319,1,All,#4682B4,0
2,13,9.5,0.498977,3.74326,0.221866,1,All,#4682B4,0
3,13,9.5,0.430995,4.71579,-0.00411516,1,All,#4682B4,0
4,13,9.5,0.530348,3.37854,-0.811018,1,All,#4682B4,0
5,13,9.5,0.590876,2.7843,0.32111,1,All,#4682B4,0
6,13,9.5,0.328804,6.93435,-0.0758476,1,All,#4682B4,0
7,13,9.5,0.179858,14.683,0.45962,1,All,#4682B4,0
8,13,9.5,0.399539,5.2778,-1.63397,1,All,#4682B4,0
9,13,9.5,0.746504,1.69881,-0.589641,1,All,#4682B4,0
10,13,9.5,0.411748,5.04948,-0.845813,1,All,#4682B4,0
1,13,10,0.357146,6.19182,-0.265609,1,All,#4682B4,0
2,13,10,0.533153,3.34801,-2.06996,1,All,#4682B4,0
3,13,10,0.484893,3.92235,0.437425,1,All,#4682B4,0
4,13,10,0.554637,3.1245,-0.321266,1,All,#4682B4,0
5,13,10,0.667272,2.18817,-0.819724,1,All,#4682B4,0
6,13,10,0.39447,5.37675,0.0527755,1,All,#4682B4,0
7,13,10,0.186052,14.1136,1.57954,1,All,#4682B4,0
8,13,10,0.398982,5.28855,-1.65152,1,All,#4682B4,0
9,13,10,0.784565,1.49887,1.04849,1,All,#4682B4,0
10,13,10,0.518721,3.50857,-0.10157,1,All,#4682B4,0
1,13,10.5,0.43577,4.63758,0.0834061,1,All,#4682B4,0
2,13,10.5,0.575788,2.92073,-1.3498,1,All,#4682B4,0
3,13,10.5,0.551069,3.16041,0.400128,1,All,#4682B4,0
4,13,10.5,0.597849,2.72357,0.458739,1,All,#4682B4,0
5,13,10.5,0.760567,1.6226,0.491901,1,All,#4682B4,0
6,13,10.5,0.477732,4.01745,0.134856,1,All,#4682B4,0
7,13,10.5,0.212768,12.0372,-0.1982,1,All,#4682B4,0
8,13,10.5,0.412141,5.04234,1.06574,1,All,#4682B4,0
9,13,10.5,0.842374,1.22976,0.805436,1,All,#4682B4,0
10,13,10.5,0.643097,2.36149,0.671148,1,All,#4682B4,0
1,13,11,0.526119,3.42517,-1.048,1,All,#4682B4,0
2,13,11,0.621906,2.5245,-0.287497,1,All,#4682B4,0
3,13,11,0.623026,2.51561,0.329858,1,All,#4682B4,0
4,13,11,0.654652,2.27705,0.680091,1,All,#4682B4,0
5,13,11,0.86254,1.14437,-1.92278,1,All,#4682B4,0
6,13,11,0.572342,2.95291,-1.59082,1,All,#4682B4,0
7,13,11,0.255688,9.61002,-0.642816,1,All,#4682B4,0
8,13,11,0.433152,4.68025,1.5002,1,All,#4682B4,0
9,13,11,0.899772,0.996781,-0.593006,1,All,#4682B4,0
10,13,11,0.761056,1.62,-1.92866,1,All,#4682B4,0
1,13,11.5,0.606289,2.65193,1.27812,1,All,#4682B4,0
2,13,11.5,0.667256,2.18828,0.581842,1,All,#4682B4,0
3,13,11.5,0.694397,2.00806,0.411317,1,All,#4682B4,0
4,13,11.5,0.719782,1.85181,1.06473,1,All,#4682B4,0
5,13,11.5,0.965591,0.763707,0.271724,1,All,#4682B4,0
6,13,11.5,0.640036,2.38437,0.114682,1,All,#4682B4,0
7,13,11.5,0.310814,7.47593,-1.48637,1,All,#4682B4,0
8,13,11.5,0.414171,5.00576,-1.44124,1,All,#4682B4,0
9,13,11.5,0.8749,1.09398,0.704804,1,All,#4682B4,0
10,13,11.5,0.789604,1.47385,-0.526914,1,All,#4682B4,0
1,13,12,0.604342,2.66828,-0.143889,1,All,#4682B4,0
2,13,12,0.652918,2.28953,0.0300151,1,All,#4682B4,0
3,13,12,0.701783,1.96143,-0.209852,1,All,#4682B4,0
4,13,12,0.721514,1.84155,-0.00326577,1,All,#4682B4,0
5,13,12,0.97861,0.721318,-0.706625,1,All,#4682B4,0
6,13,12,0.576282,2.91616,0.12584,1,All,#4682B4,0
7,13,12,0.343257,6.54037,-1.22177,1,All,#4682B4,0
8,13,12,0.338433,6.66813,-1.63734,1,All,#4682B4,0
9,13,12,0.769487,1.57571,-0.0387162,1,All,#4682B4,0
10,13,12,0.726404,1.81285,1.35103,1,All,#4682B4,0
1,13,12.5,0.521024,3.48236,-0.824379,1,All,#4682B4,0
2,13,12.5,0.521386,3.47825,-0.144076,1,All,#4682B4,0
3,13,12.5,0.5873,2.816,0.573813,1,All,#4682B4,0
4,13,12.5,0.631965,2.44576,-0.279214,1,All,#4682B4,0
5,13,12.5,0.839469,1.2424,0.692876,1,All,#4682B4,0
6,13,12.5,0.398854,5.29102,-0.359135,1,All,#4682B4,0
7,13,12.5,0.293723,8.05189,1.92575,1,All,#4682B4,0
8,13,12.5,0.211126,12.1497,-0.872114,1,All,#4682B4,0
9,13,12.5,0.591652,2.77747,0.14467,1,All,#4682B4,0
10,13,12.5,0.576248,2.91646,0.0395436,1,All,#4682B4,0
1,13,13,0.363235,6.04742,-0.801129,1,All,#4682B4,0
2,13,13,0.30474,7.6732,-1.58753,1,All,#4682B4,0
3,13,13,0.379639,5.68142,-0.505156,1,All,#4682B4,0
4,13,13,0.466714,4.16948,0.345135,1,All,#4682B4,0
5,13,13,0.581575,2.86756,-1.34189,1,All,#4682B4,0
6,13,13,0.124283,22.3321,0.555368,1,All,#4682B4,0
7,13,13,0.173103,15.3505,-2.16784,1,All,#4682B4,0
8,13,13,0.040473,73.5927,-0.257327,1,All,#4682B4,0
9,13,13,0.350793,6.34783,-0.0866307,1,All,#4682B4,0
10,13,13,0.35445,6.25735,-0.713943,1,All,#4682B4,0
1,13,13.5,0.140862,19.4186,0.590954,1,All,#4682B4,0
2,13,13.5,0.0247426,121.92,-1.33838,1,All,#4682B4,0
3,13,13.5,0.100967,28.0487,0.0892252,1,All,#4682B4,0
4,13,13.5,0.234551,10.6943,0.330165,1,All,#4682B4,0
5,13,13.5,0.229015,11.0114,-0.365888,1,All,#4682B4,0
6,13,13.5,0,5.71957e+15,0,1,All,#4682B4,0
7,13,13.5,0,5.71957e+15,0,1,All,#4682B4,0
8,13,13.5,0,5.71957e+15,0,1,All,#4682B4,0
9,13,13.5,0.0568577,51.6874,-1.55778,1,All,#4682B4,0
10,13,13.5,0.0708629,40.9933,1.64761,1,All,#4682B4,0
1,13,14,0,5.71957e+15,0,1,All,#4682B4,0
2,13,14,0,5.71957e+15,1.25766,1,All,#4682B4,0
3,13,14,0,5.71957e+15,1.23547,1,All,#4682B4,0
4,13,14,0,5.71957e+15,0,1,All,#4682B4,0
5,13,14,0,5.71957e+15,0,1,All,#4682B4,0
6,13,14,0,5.71957e+15,0,1,All,#4682B4,0
7,13,14,0,5.71957e+15,0,1,All,#4682B4,0
8,13,14,0,5.71957e+15,0,1,All,#4682B4,0
9,13,14,0,5.71957e+15,0,1,All,#4682B4,0
10,13,14,0,5.71957e+15,1.37908,1,All,#4682B4,0
1,13,14.5,0,5.71957e+15,0,1,All,#4682B4,0
2,13,14.5,0,5.71957e+15,1.44669,1,All,#4682B4,0
3,13,14.5,0,5.71957e+15,0,1,All,#4682B4,0
4,13,14.5,0,5.71957e+15,0,1,All,#4682B4,0
5,13,14.5,0,5.71957e+15,1.72103,1,All,#4682B4,0
6,13,14.5,0,5.71957e+15,0,1,All,#4682B4,0
7,13,14.5,0,5.71957e+15,0,1,All,#4682B4,0
8,13,14.5,0,5.71957e+15,1.60551,1,All,#4682B4,0
9,13,14.5,0,5.71957e+15,2.11447,1,All,#4682B4,0
10,13,14.5,0,5.71957e+15,1.51474,1,All,#4682B4,0
1,13,15,0,5.71957e+15,0,1,All,#4682B4,0
2,13,15,0,5.71957e+15,0,1,All,#4682B4,0
3,13,15,0,5.71957e+15,0,1,All,#4682B4,0
4,13,15,0,5.71957e+15,1.45495,1,All,#4682B4,0
5,13,15,0,5.71957e+15,2.73228,1,All,#4682B4,0
6,13,15,0,5.71957e+15,0,1,All,#4682B4,0
7,13,15,0,5.71957e+15,0,1,All,#4682B4,0
8,13,15,0,5.71957e+15,0,1,All,#4682B4,0
9,13,15,0,5.71957e+15,0,1,All,#4682B4,0
10,13,15,0,5.71957e+15,0,1,All,#4682B4,0
1,13,15.5,0,5.71957e+15,0,1,All,#4682B4,0
2,13,15.5,0,5.71957e+15,0,1,All,#4682B4,0
3,13,15.5,0,5.71957e+15,2.03211,1,All,#4682B4,0
4,13,15.5,0,5.71957e+15,1.06932,1,All,#4682B4,0
5,13,15.5,0,5.71957e+15,0,1,All,#4682B4,0
6,13,15.5,0,5.71957e+15,0,1,All,#4682B4,0
7,13,15.5,0,5.71957e+15,0,1,All,#4682B4,0
8,13,15.5,0,5.71957e+15,1.29532,1,All,#4682B4,0
9,13,15.5,0,5.71957e+15,0,1,All,#4682B4,0
10,13,15.5,0,5.71957e+15,0,1,All,#4682B4,0
1,13,16,0,5.71957e+15,0,1,All,#4682B4,0
2,13,16,0,5.71957e+15,1.165,1,All,#4682B4,0
3,13,16,0,5.71957e+15,0,1,All,#4682B4,0
4,13,16,0,5.71957e+15,0,1,All,#4682B4,0
5,13,16,0,5.71957e+15,1.92977,1,All,#4682B4,0
6,13,16,0,5.71957e+15,1.63668,1,All,#4682B4,0
7,13,16,0,5.71957e+15,0,1,All,#4682B4,0
8,13,16,0,5.71957e+15,0,1,All,#4682B4,0
9,13,16,0,5.71957e+15,0,1,All,#4682B4,0
10,13,16,0,5.71957e+15,0,1,All,#4682B4,0
1,13,16.5,0,5.71957e+15,0,1,All,#4682B4,0
2,13,16.5,0,5.71957e+15,0,1,All,#4682B4,0
3,13,16.5,0,5.71957e+15,0,1,All,#4682B4,0
4,13,16.5,0,5.71957e+15,0,1,All,#4682B4,0
5,13,16.5,0,5.71957e+15,0,1,All,#4682B4,0
6,13,16.5,0,5.71957e+15,2.03228,1,All,#4682B4,0
7,13,16.5,0,5.71957e+15,0,1,All,#4682B4,0
8,13,16.5,0,5.71957e+15,0,1,All,#4682B4,0
9,13,16.5,0,5.71957e+15,0,1,All,#4682B4,0
10,13,16.5,0,5.71957e+15,1.20717,1,All,#4682B4,0
1,13,17,0,5.71957e+15,1.63102,1,All,#4682B4,0
2,13,17,0,5.71957e+15,1.02714,1,All,#4682B4,0
3,13,17,0,5.71957e+15,0,1,All,#4682B4,0
4,13,17,0,5.71957e+15,0,1,All,#4682B4,0
5,13,17,0,5.71957e+15,0,1,All,#4682B4,0
6,13,17,0,5.71957e+15,1.40354,1,All,#4682B4,0
7,13,17,0,5.71957e+15,2.89354,1,All,#4682B4,0
8,13,17,0,5.71957e+15,1.49078,1,All,#4682B4,0
9,13,17,0,5.71957e+15,1.44754,1,All,#4682B4,0
10,13,17,0,5.71957e+15,0,1,All,#4682B4,0
1,13,17.5,0,5.71957e+15,0,1,All,#4682B4,0
2,13,17.5,0,5.71957e+15,1.37314,1,All,#4682B4,0
3,13,17.5,0,5.71957e+15,0,1,All,#4682B4,0
4,13,17.5,0,5.71957e+15,0,1,All,#4682B4,0
5,13,17.5,0,5.71957e+15,0,1,All,#4682B4,0
6,13,17.5,0,5.71957e+15,0,1,All,#4682B4,0
7,13,17.5,0,5.71957e+15,1.35424,1,All,#4682B4,0
8,13,17.5,0,5.71957e+15,0,1,All,#4682B4,0
9,13,17.5,0,5.71957e+15,1.29694,1,All,#4682B4,0
10,13,17.5,0,5.71957e+15,0,1,All,#4682B4,0
1,13,18,0,5.71957e+15,0,1,All,#4682B4,0
2,13,18,0,5.71957e+15,0,1,All,#4682B4,0
3,13,18,0,5.71957e+15,0,1,All,#4682B4,0
4,13,18,0,5.71957e+15,0,1,All,#4682B4,0
5,13,18,0,5.71957e+15,0,1,All,#4682B4,0
6,13,18,0,5.71957e+15,0,1,All,#4682B4,0
7,13,18,0,5.71957e+15,1.06585,1,All,#4682B4,0
8,13,18,0,5.71957e+15,0,1,All,#4682B4,0
9,13,18,0,5.71957e+15,0,1,All,#4682B4,0
10,13,18,0,5.71957e+15,0,1,All,#4682B4,0
1,13,18.5,0,5.71957e+15,0,1,All,#4682B4,0
2,13,18.5,0,5.71957e+15,0,1,All,#4682B4,0
3,13,18.5,0,5.71957e+15,0,1,All,#4682B4,0
4,13,18.5,0,5.71957e+15,0,1,All,#4682B4,0
5,13,18.5,0,5.71957e+15,0,1,All,#4682B4,0
6,13,18.5,0,5.71957e+15,0,1,All,#4682B4,0
7,13,18.5,0,5.71957e+15,0,1,All,#4682B4,0
8,13,18.5,0,5.71957e+15,1.06395,1,All,#4682B4,0
9,13,18.5,0,5.71957e+15,0,1,All,#4682B4,0
10,13,18.5,0,5.71957e+15,1.34836,1,All,#4682B4,0
1,14,1,0,5.71957e+15,1.78027,1,All,#4682B4,0
2,14,1,0,5.71957e+15,0,1,All,#4682B4,0
3,14,1,0,5.71957e+15,0,1,All,#4682B4,0
4,14,1,0,5.71957e+15,1.34762,1,All,#4682B4,0
5,14,1,0,5.71957e+15,0,1,All,#4682B4,0
6,14,1,0,5.71957e+15,0,1,All,#4682B4,0
7,14,1,0,5.71957e+15,0,1,All,#4682B4,0
8,14,1,0,5.71957e+15,1.0969,1,All,#4682B4,0
9,14,1,0,5.71957e+15,0,1,All,#4682B4,0
10,14,1,0,5.71957e+15,0,1,All,#4682B4,0
1,14,1.5,0,5.71957e+15,0,1,All,#4682B4,0
2,14,1.5,0,5.71957e+15,0,1,All,#4682B4,0
3,14,1.5,0,5.71957e+15,0,1,All,#4682B4,0
4,14,1.5,0,5.71957e+15,0,1,All,#4682B4,0
5,14,1.5,0,5.71957e+15,2.53098,1,All,#4682B4,0
6,14,1.5,0,5.71957e+15,0,1,All,#4682B4,0
7,14,1.5,0,5.71957e+15,1.64014,1,All,#4682B4,0
8,14,1.5,0,5.71957e+15,0,1,All,#4682B4,0
9,14,1.5,0,5.71957e+15,0,1,All,#4682B4,0
10,14,1.5,0,5.71957e+15,0,1,All,#4682B4,0
1,14,2,1.0348,0.550602,-0.463547,1,All,#4682B4,0
2,14,2,0.839607,1.2418,0.406532,1,All,#4682B4,0
3,14,2,1.11373,0.339901,-0.450583,1,All,#4682B4,0
4,14,2,1.16986,0.207365,-0.138857,1,All,#4682B4,0
5,14,2,1.85554,-0.764448,-0.778612,1,All,#4682B4,0
6,14,2,1.3572,-0.155639,-0.333949,1,All,#4682B4,0
7,14,2,1.08902,0.402579,-2.00137,1,All,#4682B4,0
8,14,2,0.603037,2.67929,-0.398184,1,All,#4682B4,0
9,14,2,0.534236,3.33632,0.431766,1,All,#4682B4,0
10,14,2,0.518898,3.50655,0.164292,1,All,#4682B4,0
1,14,2.5,2.07979,1.31645,1.31645,0,All,#4682B4,0
2,14,2.5,2.31795,0.932278,0.932278,0,All,#4682B4,0
3,14,2.5,2.16221,1.17393,1.17393,0,All,#4682B4,0
4,14,2.5,2.49478,0.694499,0.694499,0,All,#4682B4,0
5,14,2.5,2.87988,0.277691,0.277691,0,All,#4682B4,0
6,14,2.5,2.57964,0.591964,0.591964,0,All,#4682B4,0
7,14,2.5,2.57046,0.602725,0.602725,0,All,#4682B4,0
8,14,2.5,2.26958,1.00378,1.00378,0,All,#4682B4,0
9,14,2.5,2.4765,0.717506,0.717506,0,All,#4682B4,0
10,14,2.5,2.11937,1.24663,1.24663,0,All,#4682B4,0
1,14,3,2.44846,1.42626,1.42626,0,All,#4682B4,0
2,14,3,2.75263,1.00096,1.00096,0,All,#4682B4,0
3,14,3,2.58586,1.22175,1.22175,0,All,#4682B4,0
4,14,3,3.17313,0.547285,0.547285,0,All,#4682B4,0
5,14,3,3.35677,0.38482,0.38482,0,All,#4682B4,0
6,14,3,3.03715,0.680247,0.680247,0,All,#4682B4,0
7,14,3,3.1578,0.561703,0.561703,0,All,#4682B4,0
8,14,3,2.87007,0.860873,0.860873,0,All,#4682B4,0
9,14,3,2.98673,0.73263,0.73263,0,All,#4682B4,0
10,14,3,2.56646,1.24929,1.24929,0,All,#4682B4,0
1,14,3.5,2.55998,2.20489,2.20489,0,All,#4682B4,0
2,14,3.5,2.9061,1.65376,1.65376,0,All,#4682B4,0
3,14,3.5,2.76192,1.86654,1.86654,0,All,#4682B4,0
4,14,3.5,3.36592,1.0969,1.0969,0,All,#4682B4,0
5,14,3.5,3.45976,1.00144,1.00144,0,All,#4682B4,0
6,14,3.5,3.16182,1.32408,1.32408,0,All,#4682B4,0
7,14,3.5,3.38544,1.07661,1.07661,0,All,#4682B4,0
8,14,3.5,3.01806,1.50255,1.50255,0,All,#4682B4,0
9,14,3.5,3.08409,1.41851,1.41851,0,All,#4682B4,0
10,14,3.5,2.74555,1.89212,1.89212,0,All,#4682B4,0
1,14,4,2.54013,1.71652,1.71652,0,All,#4682B4,0
2,14,4,2.92012,1.17792,1.17792,0,All,#4682B4,0
3,14,4,2.79207,1.34303,1.34303,0,All,#4682B4,0
4,14,4,3.31554,0.748523,0.748523,0,All,#4682B4,0
5,14,4,3.39298,0.676144,0.676144,0,All,#4682B4,0
6,14,4,3.14014,0.925649,0.925649,0,All,#4682B4,0
7,14,4,3.3977,0.671839,0.671839,0,All,#4682B4,0
8,14,4,2.97452,1.11207,1.11207,0,All,#4682B4,0
9,14,4,3.03388,1.04291,1.04291,0,All,#4682B4,0
10,14,4,2.78259,1.35586,1.35586,0,All,#4682B4,0
1,14,4.5,2.46541,1.63561,1.63561,0,All,#4682B4,0
2,14,4.5,2.87465,1.0579,1.0579,0,All,#4682B4,0
3,14,4.5,2.75018,1.21541,1.21541,0,All,#4682B4,0
4,14,4.5,3.20219,0.701899,0.701899,0,All,#4682B4,0
5,14,4.5,3.26916,0.637899,0.637899,0,All,#4682B4,0
6,14,4.5,3.07231,0.833985,0.833985,0,All,#4682B4,0
7,14,4.5,3.31684,0.593899,0.593899,0,All,#4682B4,0
8,14,4.5,2.87191,1.06122,1.06122,0,All,#4682B4,0
9,14,4.5,2.94875,0.97043,0.97043,0,All,#4682B4,0
10,14,4.5,2.74779,1.21858,1.21858,0,All,#4682B4,0
1,14,5,2.36713,0.596505,0.596505,0,All,#4682B4,0
2,14,5,2.80287,0.127161,0.127161,0,All,#4682B4,0
3,14,5,2.67499,0.249053,0.249053,0,All,#4682B4,0
4,14,5,3.06147,-0.0882016,-0.0882016,0,All,#4682B4,0
5,14,5,3.1187,-0.131037,-0.131037,0,All,#4682B4,0
6,14,5,2.9806,-0.0248728,-0.0248728,0,All,#4682B4,0
7,14,5,3.19619,-0.186594,-0.186594,0,All,#4682B4,0
8,14,5,2.74309,0.182725,0.182725,0,All,#4682B4,0
9,14,5,2.85629,0.0794814,0.0794814,0,All,#4682B4,0
10,14,5,2.675,0.249044,0.249044,0,All,#4682B4,0
1,14,5.5,2.25477,0.983303,0.983303,0,All,#4682B4,0
2,14,5.5,2.71302,0.408048,0.408048,0,All,#4682B4,0
3,14,5.5,2.57857,0.555632,0.555632,0,All,#4682B4,0
4,14,5.5,2.88985,0.234841,0.234841,0,All,#4682B4,0
5,14,5.5,2.94768,0.18271,0.18271,0,All,#4682B4,0
6,14,5.5,2.86883,0.25431,0.25431,0,All,#4682B4,0
7,14,5.5,3.0496,0.0956394,0.0956394,0,All,#4682B4,0
8,14,5.5,2.5934,0.538603,0.538603,0,All,#4682B4,0
9,14,5.5,2.75922,0.360651,0.360651,0,All,#4682B4,0
10,14,5.5,2.57841,0.555822,0.555822,0,All,#4682B4,0
1,14,6,2.13072,1.75007,1.75007,0,All,#4682B4,0
2,14,6,2.60518,0.990145,0.990145,0,All,#4682B4,0
3,14,6,2.46275,1.18751,1.18751,0,All,#4682B4,0
4,14,6,2.68683,0.886441,0.886441,0,All,#4682B4,0
5,14,6,2.75687,0.802373,0.802373,0,All,#4682B4,0
6,14,6,2.73522,0.827904,0.827904,0,All,#4682B4,0
7,14,6,2.87874,0.665858,0.665858,0,All,#4682B4,0
8,14,6,2.42271,1.24718,1.24718,0,All,#4682B4,0
9,14,6,2.64581,0.937739,0.937739,0,All,#4682B4,0
10,14,6,2.46161,1.18918,1.18918,0,All,#4682B4,0
1,14,6.5,1.99523,-0.880529,-1.43128,1,All,#4682B4,0
2,14,6.5,2.47718,-1.18053,-1.33883,1,All,#4682B4,0
3,14,6.5,2.32612,-1.09987,-1.37213,1,All,#4682B4,0
4,14,6.5,2.45372,-1.16866,-1.25531,1,All,#4682B4,0
5,14,6.5,2.54671,-1.21444,-1.32058,1,All,#4682B4,0
6,14,6.5,2.57659,-1.22845,-1.89448,1,All,#4682B4,0
7,14,6.5,2.68212,-1.27543,-1.58896,1,All,#4682B4,0
8,14,6.5,2.23066,-1.04328,-1.75161,1,All,#4682B4,0
9,14,6.5,2.51185,-1.19767,-1.3433,1,All,#4682B4,0
10,14,6.5,2.32421,-1.09879,-1.32252,1,All,#4682B4,0
1,14,7,1.84808,0.579275,0.579275,0,All,#4682B4,0
2,14,7,2.32616,-0.0376589,-0.0376589,0,All,#4682B4,0
3,14,7,2.16644,0.13816,0.13816,0,All,#4682B4,0
4,14,7,2.19749,0.101978,0.101978,0,All,#4682B4,0
5,14,7,2.31917,-0.0304648,-0.0304648,0,All,#4682B4,0
6,14,7,2.38971,-0.101075,-0.101075,0,All,#4682B4,0
7,14,7,2.45797,-0.165542,-0.165542,0,All,#4682B4,0
8,14,7,2.01892,0.325263,0.325263,0,All,#4682B4,0
9,14,7,2.35451,-0.0663763,-0.0663763,0,All,#4682B4,0
10,14,7,2.16439,0.140595,0.140595,0,All,#4682B4,0
1,14,7.5,1.68918,0.589158,0.589158,0,All,#4682B4,0
2,14,7.5,2.14964,-0.055943,-0.055943,0,All,#4682B4,0
3,14,7.5,1.98205,0.14416,0.14416,0,All,#4682B4,0
4,14,7.5,1.93364,0.208416,0.208416,0,All,#4682B4,0
5,14,7.5,2.07926,0.0241633,0.0241633,0,All,#4682B4,0
6,14,7.5,2.17278,-0.0811438,-0.0811438,0,All,#4682B4,0
7,14,7.5,2.20594,-0.11634,-0.11634,0,All,#4682B4,0
8,14,7.5,1.79326,0.414371,0.414371,0,All,#4682B4,0
9,14,7.5,2.17179,-0.0800748,-0.0800748,0,All,#4682B4,0
10,14,7.5,1.9805,0.146168,0.146168,0,All,#4682B4,0
1,14,8,1.51905,-0.397164,-0.449501,1,All,#4682B4,0
2,14,8,1.94699,-0.842328,-1.08362,1,All,#4682B4,0
3,14,8,1.77357,-0.687818,-1.20166,1,All,#4682B4,0
4,14,8,1.67674,-0.587649,-0.784657,1,All,#4682B4,0
5,14,8,1.83611,-0.746905,-1.3081,1,All,#4682B4,0
6,14,8,1.92702,-0.825954,-0.921166,1,All,#4682B4,0
7,14,8,1.92985,-0.828291,-0.927386,1,All,#4682B4,0
8,14,8,1.56605,-0.457956,-0.916181,1,All,#4682B4,0
9,14,8,1.96469,-0.856565,-1.66036,1,All,#4682B4,0
10,14,8,1.77243,-0.686704,-1.45146,1,All,#4682B4,0
1,14,8.5,1.33944,-0.125587,-0.376439,1,All,#4682B4,0
2,14,8.5,1.72344,-0.637362,-1.44859,1,All,#4682B4,0
3,14,8.5,1.54675,-0.433437,-2.11031,1,All,#4682B4,0
4,14,8.5,1.44625,-0.295224,-0.905967,1,All,#4682B4,0
5,14,8.5,1.60233,-0.502432,-1.77445,1,All,#4682B4,0
6,14,8.5,1.66331,-0.572826,-0.901086,1,All,#4682B4,0
7,14,8.5,1.64172,-0.548504,-1.01364,1,All,#4682B4,0
8,14,8.5,1.35529,-0.152445,-0.771729,1,All,#4682B4,0
9,14,8.5,1.73761,-0.65192,-0.736598,1,All,#4682B4,0
10,14,8.5,1.54444,-0.430472,-0.917377,1,All,#4682B4,0
1,14,9,1.15459,0.242142,-0.635465,1,All,#4682B4,0
2,14,9,1.49187,-0.360266,-1.00077,1,All,#4682B4,0
3,14,9,1.31616,-0.0849527,-0.126767,1,All,#4682B4,0
4,14,9,1.24408,0.0504639,-0.408601,1,All,#4682B4,0
5,14,9,1.39047,-0.209887,-0.253679,1,All,#4682B4,0
6,14,9,1.40675,-0.235493,-0.577803,1,All,#4682B4,0
7,14,9,1.36543,-0.169314,-0.189093,1,All,#4682B4,0
8,14,9,1.17437,0.19727,-0.443403,1,All,#4682B4,0
9,14,9,1.50798,-0.382304,-0.818078,1,All,#4682B4,0
10,14,9,1.30981,-0.0736374,-1.46032,1,All,#4682B4,0
1,14,9.5,0.972127,0.742285,0.615152,1,All,#4682B4,0
2,14,9.5,1.2844,-0.0271613,-1.1954,1,All,#4682B4,0
3,14,9.5,1.10407,0.364078,-0.701202,1,All,#4682B4,0
4,14,9.5,1.06934,0.454583,-1.90463,1,All,#4682B4,0
5,14,9.5,1.20867,0.122923,-1.55245,1,All,#4682B4,0
6,14,9.5,1.18499,0.173783,-1.32898,1,All,#4682B4,0
7,14,9.5,1.1253,0.311514,0.247148,1,All,#4682B4,0
8,14,9.5,1.03442,0.551704,-0.184135,1,All,#4682B4,0
9,14,9.5,1.2995,-0.0549911,-0.755119,1,All,#4682B4,0
10,14,9.5,1.09181,0.395372,-0.777996,1,All,#4682B4,0
1,14,10,0.804413,1.40212,0.0897602,1,All,#4682B4,0
2,14,10,1.12436,0.31378,-0.381784,1,All,#4682B4,0
3,14,10,0.931998,0.878551,-0.156973,1,All,#4682B4,0
4,14,10,0.912863,0.947746,-1.03822,1,All,#4682B4,0
5,14,10,1.05885,0.483082,-0.257737,1,All,#4682B4,0
6,14,10,1.01363,0.61271,-0.704355,1,All,#4682B4,0
7,14,10,0.934588,0.869404,-0.0731019,1,All,#4682B4,0
8,14,10,0.927622,0.894124,-0.166948,1,All,#4682B4,0
9,14,10,1.13288,0.293204,0.198075,1,All,#4682B4,0
10,14,10,0.916484,0.934431,-1.82744,1,All,#4682B4,0
1,14,10.5,0.660259,2.23715,-1.73287,1,All,#4682B4,0
2,14,10.5,1.01307,0.614381,-0.532228,1,All,#4682B4,0
3,14,10.5,0.802624,1.41064,0.589131,1,All,#4682B4,0
4,14,10.5,0.76778,1.5846,-1.04748,1,All,#4682B4,0
5,14,10.5,0.938175,0.856817,0.0824984,1,All,#4682B4,0
6,14,10.5,0.885744,1.05093,0.200837,1,All,#4682B4,0
7,14,10.5,0.79038,1.47002,0.129155,1,All,#4682B4,0
8,14,10.5,0.848783,1.20219,-0.058054,1,All,#4682B4,0
9,14,10.5,1.00882,0.627175,0.376027,1,All,#4682B4,0
10,14,10.5,0.78799,1.48183,-1.44893,1,All,#4682B4,0
1,14,11,0.548296,3.18864,-1.08259,1,All,#4682B4,0
2,14,11,0.935468,0.866305,-1.05898,1,All,#4682B4,0
3,14,11,0.707304,1.92722,-1.16587,1,All,#4682B4,0
4,14,11,0.635981,2.41502,-1.28402,1,All,#4682B4,0
5,14,11,0.841423,1.23389,1.20538,1,All,#4682B4,0
6,14,11,0.789074,1.47647,-1.90402,1,All,#4682B4,0
7,14,11,0.680491,2.0986,0.140019,1,All,#4682B4,0
8,14,11,0.785356,1.49492,0.859308,1,All,#4682B4,0
9,14,11,0.918977,0.925322,-1.66384,1,All,#4682B4,0
10,14,11,0.69626,1.99621,0.800043,1,All,#4682B4,0
1,14,11.5,0.465493,4.18678,-1.63619,1,All,#4682B4,0
2,14,11.5,0.878192,1.0808,-0.00424158,1,All,#4682B4,0
3,14,11.5,0.635438,2.41916,1.48102,1,All,#4682B4,0
4,14,11.5,0.501517,3.71203,-0.560044,1,All,#4682B4,0
5,14,11.5,0.76259,1.61187,-0.855151,1,All,#4682B4,0
6,14,11.5,0.711817,1.89964,1.40997,1,All,#4682B4,0
7,14,11.5,0.598058,2.72177,-0.201146,1,All,#4682B4,0
8,14,11.5,0.734723,1.76489,-0.409635,1,All,#4682B4,0
9,14,11.5,0.850283,1.19579,-0.0118541,1,All,#4682B4,0
10,14,11.5,0.62891,2.46941,0.599217,1,All,#4682B4,0
1,14,12,0.407595,5.1256,0.319991,1,All,#4682B4,0
2,14,12,0.831323,1.27831,1.14258,1,All,#4682B4,0
3,14,12,0.576073,2.91809,-0.14544,1,All,#4682B4,0
4,14,12,0.371887,5.85036,0.688629,1,All,#4682B4,0
5,14,12,0.696511,1.99462,0.871099,1,All,#4682B4,0
6,14,12,0.646031,2.33976,-0.890777,1,All,#4682B4,0
7,14,12,0.53031,3.37895,-0.75488,1,All,#4682B4,0
8,14,12,0.686513,2.05895,0.705773,1,All,#4682B4,0
9,14,12,0.79232,1.46049,-0.298003,1,All,#4682B4,0
10,14,12,0.574737,2.9305,-0.0892178,1,All,#4682B4,0
1,14,12.5,0.367723,5.94404,0.408023,1,All,#4682B4,0
2,14,12.5,0.789039,1.47664,0.53705,1,All,#4682B4,0
3,14,12.5,0.524293,3.44553,-1.47901,1,All,#4682B4,0
4,14,12.5,0.239164,10.4414,1.83993,1,All,#4682B4,0
5,14,12.5,0.639638,2.38736,0.947878,1,All,#4682B4,0
6,14,12.5,0.583879,2.84669,-0.167272,1,All,#4682B4,0
7,14,12.5,0.472173,4.09326,0.117766,1,All,#4682B4,0
8,14,12.5,0.642713,2.36435,-1.28361,1,All,#4682B4,0
9,14,12.5,0.741489,1.72668,0.647384,1,All,#4682B4,0
10,14,12.5,0.528397,3.39996,0.272046,1,All,#4682B4,0
1,14,13,0.339118,6.64976,1.50512,1,All,#4682B4,0
2,14,13,0.747806,1.69163,-1.38751,1,All,#4682B4,0
3,14,13,0.474571,4.06034,0.895522,1,All,#4682B4,0
4,14,13,0.104534,27.0089,0.341921,1,All,#4682B4,0
5,14,13,0.586019,2.82745,-1.8464,1,All,#4682B4,0
6,14,13,0.524942,3.43828,-0.318994,1,All,#4682B4,0
7,14,13,0.418591,4.92732,0.665361,1,All,#4682B4,0
8,14,13,0.598048,2.72186,-0.518039,1,All,#4682B4,0
9,14,13,0.692574,2.01973,0.58437,1,All,#4682B4,0
10,14,13,0.487048,3.89426,0.616274,1,All,#4682B4,0
1,14,13.5,0.317486,7.26792,0.67463,1,All,#4682B4,0
2,14,13.5,0.706156,1.93428,-0.744822,1,All,#4682B4,0
3,14,13.5,0.426414,4.79249,1.68594,1,All,#4682B4,0
4,14,13.5,0,5.71957e+15,0,1,All,#4682B4,0
5,14,13.5,0.533272,3.34673,-0.397434,1,All,#4682B4,0
6,14,13.5,0.465383,4.18834,0.36796,1,All,#4682B4,0
7,14,13.5,0.366623,5.96914,0.696589,1,All,#4682B4,0
8,14,13.5,0.552081,3.15018,0.383667,1,All,#4682B4,0
9,14,13.5,0.643423,2.35907,-1.89188,1,All,#4682B4,0
10,14,13.5,0.445498,4.48341,0.294171,1,All,#4682B4,0
1,14,14,0.299596,7.84655,0.82833,1,All,#4682B4,0
2,14,14,0.663501,2.21438,-0.251155,1,All,#4682B4,0
3,14,14,0.377528,5.72676,-1.21372,1,All,#4682B4,0
4,14,14,0,5.71957e+15,0,1,All,#4682B4,0
5,14,14,0.482572,3.95286,0.964272,1,All,#4682B4,0
6,14,14,0.40492,5.17547,-0.153056,1,All,#4682B4,0
7,14,14,0.315174,7.33899,-1.52399,1,All,#4682B4,0
8,14,14,0.504224,3.6791,0.770224,1,All,#4682B4,0
9,14,14,0.59267,2.76854,-0.724514,1,All,#4682B4,0
10,14,14,0.404062,5.19159,-0.569016,1,All,#4682B4,0
1,14,14.5,0.283432,8.4322,-1.05122,1,All,#4682B4,0
2,14,14.5,0.619736,2.54183,0.289289,1,All,#4682B4,0
3,14,14.5,0.327655,6.96715,-0.714773,1,All,#4682B4,0
4,14,14.5,0,5.71957e+15,0,1,All,#4682B4,0
5,14,14.5,0.429821,4.73529,1.49088,1,All,#4682B4,0
6,14,14.5,0.342884,6.55012,-1.85919,1,All,#4682B4,0
7,14,14.5,0.262604,9.2931,-2.01496,1,All,#4682B4,0
8,14,14.5,0.454452,4.34735,-0.923707,1,All,#4682B4,0
9,14,14.5,0.541529,3.25877,0.0939908,1,All,#4682B4,0
10,14,14.5,0.362979,6.05338,2.60486,1,All,#4682B4,0
1,14,15,0.267749,9.06799,1.36103,1,All,#4682B4,0
2,14,15,0.574419,2.93347,1.40354,1,All,#4682B4,0
3,14,15,0.276386,8.7089,0.904832,1,All,#4682B4,0
4,14,15,0,5.71957e+15,1.12305,1,All,#4682B4,0
5,14,15,0.376841,5.7416,0.242113,1,All,#4682B4,0
6,14,15,0.278921,8.60777,0.371626,1,All,#4682B4,0
7,14,15,0.20888,12.3064,1.32079,1,All,#4682B4,0
8,14,15,0.402892,5.21372,0.341801,1,All,#4682B4,0
9,14,15,0.488568,3.87462,-0.235821,1,All,#4682B4,0
10,14,15,0.321152,7.15728,-0.916377,1,All,#4682B4,0
1,14,15.5,0.251809,9.79535,-0.859849,1,All,#4682B4,0
2,14,15.5,0.528239,3.40171,0.279771,1,All,#4682B4,0
3,14,15.5,0.223845,11.3217,-0.814253,1,All,#4682B4,0
4,14,15.5,0,5.71957e+15,0,1,All,#4682B4,0
5,14,15.5,0.322538,7.11611,-0.00768738,1,All,#4682B4,0
6,14,15.5,0.213778,11.9689,0.0920951,1,All,#4682B4,0
7,14,15.5,0.15356,17.6124,-1.01051,1,All,#4682B4,0
8,14,15.5,0.349159,6.38886,0.62546,1,All,#4682B4,0
9,14,15.5,0.433992,4.6665,0.270578,1,All,#4682B4,0
10,14,15.5,0.278731,8.61525,-0.0596664,1,All,#4682B4,0
1,14,16,0.235109,10.6632,0.436874,1,All,#4682B4,0
2,14,16,0.48088,3.97529,0.729318,1,All,#4682B4,0
3,14,16,0.170327,15.6402,-1.10276,1,All,#4682B4,0
4,14,16,0,5.71957e+15,0,1,All,#4682B4,0
5,14,16,0.2649,9.19159,0.103016,1,All,#4682B4,0
6,14,16,0.146811,18.5335,-0.552734,1,All,#4682B4,0
7,14,16,0.096727,29.3842,0.00504427,1,All,#4682B4,0
8,14,16,0.293575,8.05718,1.32053,1,All,#4682B4,0
9,14,16,0.377612,5.72494,0.0770164,1,All,#4682B4,0
10,14,16,0.23567,10.6321,-0.0788948,1,All,#4682B4,0
1,14,16.5,0.217739,11.7071,0.109016,1,All,#4682B4,0
2,14,16.5,0.432554,4.69007,-0.618195,1,All,#4682B4,0
3,14,16.5,0.115057,24.317,0.794508,1,All,#4682B4,0
4,14,16.5,0,5.71957e+15,0,1,All,#4682B4,0
5,14,16.5,0.205868,12.5219,0.809466,1,All,#4682B4,0
6,14,16.5,0.0787896,36.6254,0.147425,1,All,#4682B4,0
7,14,16.5,0.0381356,78.252,-1.43162,1,All,#4682B4,0
8,14,16.5,0.236461,10.5884,-0.18958,1,All,#4682B4,0
9,14,16.5,0.320228,7.18493,-1.24686,1,All,#4682B4,0
10,14,16.5,0.192047,13.5974,1.68455,1,All,#4682B4,0
1,14,17,0.200138,12.9497,1.15386,1,All,#4682B4,0
2,14,17,0.383451,5.60087,0.0648563,1,All,#4682B4,0
3,14,17,0.0591163,49.6201,-0.182829,1,All,#4682B4,0
4,14,17,0,5.71957e+15,0,1,All,#4682B4,0
5,14,17,0.145288,18.7532,0.376576,1,All,#4682B4,0
6,14,17,0.00942924,323.857,-0.247043,1,All,#4682B4,0
7,14,17,0,5.71957e+15,0,1,All,#4682B4,0
8,14,17,0.177863,14.8749,0.225635,1,All,#4682B4,0
9,14,17,0.261741,9.33173,-0.163412,1,All,#4682B4,0
10,14,17,0.148003,18.3647,-1.1443,1,All,#4682B4,0
1,14,17.5,0.180887,14.5857,0.621533,1,All,#4682B4,0
2,14,17.5,0.333137,6.81265,-1.30573,1,All,#4682B4,0
3,14,17.5,0.00220564,1392.44,1.0248,1,All,#4682B4,0
4,14,17.5,0,5.71957e+15,1.05422,1,All,#4682B4,0
5,14,17.5,0.082952,34.666,0.864302,1,All,#4682B4,0
6,14,17.5,0,5.71957e+15,0,1,All,#4682B4,0
7,14,17.5,0,5.71957e+15,0,1,All,#4682B4,0
8,14,17.5,0.118237,23.5978,-0.356725,1,All,#4682B4,0
9,14,17.5,0.202155,12.7964,1.39092,1,All,#4682B4,0
10,14,17.5,0.103156,27.402,0.717052,1,All,#4682B4,0
1,15,1,0,5.71957e+15,0,1,All,#4682B4,0
2,15,1,0,5.71957e+15,0,1,All,#4682B4,0
3,15,1,0,5.71957e+15,0,1,All,#4682B4,0
4,15,1,0,5.71957e+15,1.514,1,All,#4682B4,0
5,15,1,0,5.71957e+15,1.57964,1,All,#4682B4,0
6,15,1,0,5.71957e+15,0,1,All,#4682B4,0
7,15,1,0,5.71957e+15,2.38392,1,All,#4682B4,0
8,15,1,0,5.71957e+15,2.45035,1,All,#4682B4,0
9,15,1,0,5.71957e+15,0,1,All,#4682B4,0
10,15,1,0,5.71957e+15,1.62983,1,All,#4682B4,0
1,15,1.5,0,5.71957e+15,1.24912,1,All,#4682B4,0
2,15,1.5,0,5.71957e+15,1.30535,1,All,#4682B4,0
3,15,1.5,0,5.71957e+15,1.13755,1,All,#4682B4,0
4,15,1.5,0,5.71957e+15,0,1,All,#4682B4,0
5,15,1.5,0,5.71957e+15,0,1,All,#4682B4,0
6,15,1.5,0,5.71957e+15,2.02893,1,All,#4682B4,0
7,15,1.5,0,5.71957e+15,1.4639,1,All,#4682B4,0
8,15,1.5,0,5.71957e+15,0,1,All,#4682B4,0
9,15,1.5,0,5.71957e+15,1.09426,1,All,#4682B4,0
10,15,1.5,0,5.71957e+15,0,1,All,#4682B4,0
1,15,2,0,5.71957e+15,0,1,All,#4682B4,0
2,15,2,0,5.71957e+15,0,1,All,#4682B4,0
3,15,2,0,5.71957e+15,1.33757,1,All,#4682B4,0
4,15,2,0,5.71957e+15,0,1,All,#4682B4,0
5,15,2,0,5.71957e+15,0,1,All,#4682B4,0
6,15,2,0,5.71957e+15,0,1,All,#4682B4,0
7,15,2,0,5.71957e+15,0,1,All,#4682B4,0
8,15,2,0,5.71957e+15,1.20978,1,All,#4682B4,0
9,15,2,0,5.71957e+15,0,1,All,#4682B4,0
10,15,2,0,5.71957e+15,1.35602,1,All,#4682B4,0
1,15,2.5,0,5.71957e+15,0,1,All,#4682B4,0
2,15,2.5,0,5.71957e+15,0,1,All,#4682B4,0
3,15,2.5,0,5.71957e+15,0,1,All,#4682B4,0
4,15,2.5,0,5.71957e+15,0,1,All,#4682B4,0
5,15,2.5,0,5.71957e+15,0,1,All,#4682B4,0
6,15,2.5,0,5.71957e+15,1.02411,1,All,#4682B4,0
7,15,2.5,0,5.71957e+15,0,1,All,#4682B4,0
8,15,2.5,0,5.71957e+15,0,1,All,#4682B4,0
9,15,2.5,0,5.71957e+15,0,1,All,#4682B4,0
10,15,2.5,0,5.71957e+15,0,1,All,#4682B4,0
1,15,3,0,5.71957e+15,2.21109,1,All,#4682B4,0
2,15,3,0.21447,11.9225,-1.42868,1,All,#4682B4,0
3,15,3,0,5.71957e+15,1.48374,1,All,#4682B4,0
4,15,3,0.314547,7.35845,2.12697,1,All,#4682B4,0
5,15,3,0,5.71957e+15,0,1,All,#4682B4,0
6,15,3,0.311724,7.44703,-0.205783,1,All,#4682B4,0
7,15,3,0.0719158,40.3576,0.0722407,1,All,#4682B4,0
8,15,3,0.072985,39.7309,-0.704562,1,All,#4682B4,0
9,15,3,0.727987,1.80363,0.0826357,1,All,#4682B4,0
10,15,3,0.527865,3.40583,0.509127,1,All,#4682B4,0
1,15,3.5,1.23563,0.733963,0.733963,0,All,#4682B4,0
2,15,3.5,1.07619,1.20159,1.20159,0,All,#4682B4,0
3,15,3.5,1.27571,0.634807,0.634807,0,All,#4682B4,0
4,15,3.5,1.16881,0.914405,0.914405,0,All,#4682B4,0
5,15,3.5,1.07633,1.20114,1.20114,0,All,#4682B4,0
6,15,3.5,1.68126,-0.10267,-0.10267,0,All,#4682B4,0
7,15,3.5,1.19068,0.853122,0.853122,0,All,#4682B4,0
8,15,3.5,1.13402,1.01679,1.01679,0,All,#4682B4,0
9,15,3.5,1.40536,0.352743,0.352743,0,All,#4682B4,0
10,15,3.5,1.26929,0.65027,0.65027,0,All,#4682B4,0
1,15,4,2.24245,-1.05053,-1.27269,1,All,#4682B4,0
2,15,4,1.64415,-0.551272,-1.64621,1,All,#4682B4,0
3,15,4,2.06034,-0.929261,-1.39732,1,All,#4682B4,0
4,15,4,1.83038,-0.741655,-0.801947,1,All,#4682B4,0
5,15,4,1.64153,-0.548285,-1.45023,1,All,#4682B4,0
6,15,4,2.6104,-1.24391,-2.37865,1,All,#4682B4,0
7,15,4,1.66821,-0.578262,-1.18475,1,All,#4682B4,0
8,15,4,1.86217,-0.77035,-1.24298,1,All,#4682B4,0
9,15,4,1.87838,-0.784606,-0.883035,1,All,#4682B4,0
10,15,4,1.70086,-0.613665,-1.05505,1,All,#4682B4,0
1,15,4.5,2.9065,-1.36398,-1.7166,1,All,#4682B4,0
2,15,4.5,2.03637,-0.911685,-2.0923,1,All,#4682B4,0
3,15,4.5,2.48442,-1.18415,-1.30788,1,All,#4682B4,0
4,15,4.5,2.33757,-1.10636,-1.85369,1,All,#4682B4,0
5,15,4.5,1.95556,-0.84925,-1.26259,1,All,#4682B4,0
6,15,4.5,3.09578,-1.4287,-1.79247,1,All,#4682B4,0
7,15,4.5,1.92071,-0.820707,-1.9088,1,All,#4682B4,0
8,15,4.5,2.37389,-1.12649,-2.10479,1,All,#4682B4,0
9,15,4.5,2.19916,-1.02352,-1.11229,1,All,#4682B4,0
10,15,4.5,1.96743,-0.858747,-1.82846,1,All,#4682B4,0
1,15,5,3.15064,-0.131201,-0.131201,0,All,#4682B4,0
2,15,5,2.29573,0.722052,0.722052,0,All,#4682B4,0
3,15,5,2.62501,0.327606,0.327606,0,All,#4682B4,0
4,15,5,2.66664,0.284672,0.284672,0,All,#4682B4,0
5,15,5,2.13053,0.965877,0.965877,0,All,#4682B4,0
6,15,5,3.09128,-0.0872081,-0.0872081,0,All,#4682B4,0
7,15,5,2.05385,1.09239,1.09239,0,All,#4682B4,0
8,15,5,2.69381,0.257362,0.257362,0,All,#4682B4,0
9,15,5,2.38294,0.606964,0.606964,0,All,#4682B4,0
10,15,5,2.11831,0.985431,0.985431,0,All,#4682B4,0
1,15,5.5,3.02105,0.464246,0.464246,0,All,#4682B4,0
2,15,5.5,2.43616,1.15731,1.15731,0,All,#4682B4,0
3,15,5.5,2.55145,0.995557,0.995557,0,All,#4682B4,0
4,15,5.5,2.77828,0.716495,0.716495,0,All,#4682B4,0
5,15,5.5,2.21807,1.50929,1.50929,0,All,#4682B4,0
6,15,5.5,2.82027,0.669757,0.669757,0,All,#4682B4,0
7,15,5.5,2.1093,1.71204,1.71204,0,All,#4682B4,0
8,15,5.5,2.81731,0.673004,0.673004,0,All,#4682B4,0
9,15,5.5,2.43835,1.15409,1.15409,0,All,#4682B4,0
10,15,5.5,2.18061,1.57684,1.57684,0,All,#4682B4,0
1,15,6,2.71523,0.566337,0.566337,0,All,#4682B4,0
2,15,6,2.46979,0.863354,0.863354,0,All,#4682B4,0
3,15,6,2.36476,1.00929,1.00929,0,All,#4682B4,0
4,15,6,2.69833,0.585053,0.585053,0,All,#4682B4,0
5,15,6,2.24147,1.19805,1.19805,0,All,#4682B4,0
6,15,6,2.47051,0.862393,0.862393,0,All,#4682B4,0
7,15,6,2.11008,1.4235,1.4235,0,All,#4682B4,0
8,15,6,2.77282,0.504259,0.504259,0,All,#4682B4,0
9,15,6,2.38827,0.975518,0.975518,0,All,#4682B4,0
10,15,6,2.17479,1.30906,1.30906,0,All,#4682B4,0
1,15,6.5,2.36876,0.543285,0.543285,0,All,#4682B4,0
2,15,6.5,2.41993,0.480576,0.480576,0,All,#4682B4,0
3,15,6.5,2.14031,0.859854,0.859854,0,All,#4682B4,0
4,15,6.5,2.51274,0.373354,0.373354,0,All,#4682B4,0
5,15,6.5,2.22027,0.74164,0.74164,0,All,#4682B4,0
6,15,6.5,2.14047,0.859597,0.859597,0,All,#4682B4,0
7,15,6.5,2.07518,0.962865,0.962865,0,All,#4682B4,0
8,15,6.5,2.62842,0.250304,0.250304,0,All,#4682B4,0
9,15,6.5,2.27681,0.663071,0.663071,0,All,#4682B4,0
10,15,6.5,2.12299,0.886634,0.886634,0,All,#4682B4,0
1,15,7,2.05551,-0.501476,-0.501476,0,All,#4682B4,0
2,15,7,2.31682,-0.718147,-0.718147,0,All,#4682B4,0
3,15,7,1.92792,-0.374347,-0.374347,0,All,#4682B4,0
4,15,7,2.30355,-0.708329,-0.708329,0,All,#4682B4,0
5,15,7,2.17124,-0.60387,-0.60387,0,All,#4682B4,0
6,15,7,1.87979,-0.321904,-0.321904,0,All,#4682B4,0
7,15,7,2.017,-0.464797,-0.464797,0,All,#4682B4,0
8,15,7,2.45163,-0.811865,-0.811865,0,All,#4682B4,0
9,15,7,2.14185,-0.578918,-0.578918,0,All,#4682B4,0
10,15,7,2.0467,-0.493206,-0.493206,0,All,#4682B4,0
1,15,7.5,1.8104,-0.723108,-1.49454,1,All,#4682B4,0
2,15,7.5,2.1892,-1.01715,-1.44289,1,All,#4682B4,0
3,15,7.5,1.7526,-0.667067,-0.692624,1,All,#4682B4,0
4,15,7.5,2.11954,-0.970968,-1.4976,1,All,#4682B4,0
5,15,7.5,2.10795,-0.962986,-2.15006,1,All,#4682B4,0
6,15,7.5,1.6998,-0.612538,-0.955301,1,All,#4682B4,0
7,15,7.5,1.95378,-0.847819,-1.68911,1,All,#4682B4,0
8,15,7.5,2.28684,-1.07716,-1.32103,1,All,#4682B4,0
9,15,7.5,2.00909,-0.891167,-1.77405,1,All,#4682B4,0
10,15,7.5,1.96272,-0.854993,-1.12574,1,All,#4682B4,0
1,15,8,1.63631,-0.542312,-1.18484,1,All,#4682B4,0
2,15,8,2.05917,-0.928409,-1.67509,1,All,#4682B4,0
3,15,8,1.62164,-0.525299,-0.656889,1,All,#4682B4,0
4,15,8,1.9811,-0.869532,-1.06064,1,All,#4682B4,0
5,15,8,2.04048,-0.914729,-1.4248,1,All,#4682B4,0
6,15,8,1.59133,-0.489159,-1.12711,1,All,#4682B4,0
7,15,8,1.8916,-0.796059,-2.22277,1,All,#4682B4,0
8,15,8,2.15702,-0.996189,-2.17219,1,All,#4682B4,0
9,15,8,1.89477,-0.798775,-0.843743,1,All,#4682B4,0
10,15,8,1.88333,-0.788912,-1.43368,1,All,#4682B4,0
1,15,8.5,1.52582,-0.406158,-1.64759,1,All,#4682B4,0
2,15,8.5,1.94037,-0.836937,-1.18269,1,All,#4682B4,0
3,15,8.5,1.53294,-0.415517,-1.07218,1,All,#4682B4,0
4,15,8.5,1.89254,-0.796869,-2.03214,1,All,#4682B4,0
5,15,8.5,1.9754,-0.86505,-1.30438,1,All,#4682B4,0
6,15,8.5,1.54224,-0.427626,-1.65734,1,All,#4682B4,0
7,15,8.5,1.83479,-0.745694,-1.96267,1,All,#4682B4,0
8,15,8.5,2.06865,-0.935256,-1.78998,1,All,#4682B4,0
9,15,8.5,1.80486,-0.717895,-1.60268,1,All,#4682B4,0
10,15,8.5,1.81504,-0.727457,-1.18703,1,All,#4682B4,0
1,15,9,1.46929,0.281464,0.281464,0,All,#4682B4,0
2,15,9,1.84114,-0.264653,-0.264653,0,All,#4682B4,0
3,15,9,1.48033,0.261284,0.261284,0,All,#4682B4,0
4,15,9,1.84764,-0.272242,-0.272242,0,All,#4682B4,0
5,15,9,1.91626,-0.349243,-0.349243,0,All,#4682B4,0
6,15,9,1.54024,0.156897,0.156897,0,All,#4682B4,0
7,15,9,1.78565,-0.197592,-0.197592,0,All,#4682B4,0
8,15,9,2.01836,-0.454115,-0.454115,0,All,#4682B4,0
9,15,9,1.7405,-0.139879,-0.139879,0,All,#4682B4,0
10,15,9,1.76233,-0.168156,-0.168156,0,All,#4682B4,0
1,15,9.5,1.45672,-0.310509,-0.927843,1,All,#4682B4,0
2,15,9.5,1.76392,-0.678326,-1.15889,1,All,#4682B4,0
3,15,9.5,1.45637,-0.310006,-0.711051,1,All,#4682B4,0
4,15,9.5,1.83814,-0.748758,-0.80345,1,All,#4682B4,0
5,15,9.5,1.86485,-0.772723,-1.19184,1,All,#4682B4,0
6,15,9.5,1.57385,-0.467687,-0.544055,1,All,#4682B4,0
7,15,9.5,1.74505,-0.659466,-1.70776,1,All,#4682B4,0
8,15,9.5,1.9992,-0.883597,-1.98771,1,All,#4682B4,0
9,15,9.5,1.69925,-0.611948,-0.795848,1,All,#4682B4,0
10,15,9.5,1.72435,-0.638308,-0.723406,1,All,#4682B4,0
1,15,10,1.47856,1.03455,1.03455,0,All,#4682B4,0
2,15,10,1.70719,0.57159,0.57159,0,All,#4682B4,0
3,15,10,1.45379,1.09346,1.09346,0,All,#4682B4,0
4,15,10,1.85504,0.332957,0.332957,0,All,#4682B4,0
5,15,10,1.82133,0.383953,0.383953,0,All,#4682B4,0
6,15,10,1.6327,0.708183,0.708183,0,All,#4682B4,0
7,15,10,1.71228,0.56269,0.56269,0,All,#4682B4,0
8,15,10,2.00363,0.128612,0.128612,0,All,#4682B4,0
9,15,10,1.67753,0.624524,0.624524,0,All,#4682B4,0
10,15,10,1.69855,0.586819,0.586819,0,All,#4682B4,0
1,15,10.5,1.52653,0.259416,0.259416,0,All,#4682B4,0
2,15,10.5,1.66956,0.0296538,0.0296538,0,All,#4682B4,0
3,15,10.5,1.46647,0.369253,0.369253,0,All,#4682B4,0
4,15,10.5,1.8909,-0.257377,-0.257377,0,All,#4682B4,0
5,15,10.5,1.78484,-0.128721,-0.128721,0,All,#4682B4,0
6,15,10.5,1.70801,-0.0255393,-0.0255393,0,All,#4682B4,0
7,15,10.5,1.68662,0.00485005,0.00485005,0,All,#4682B4,0
8,15,10.5,2.02443,-0.400184,-0.400184,0,All,#4682B4,0
9,15,10.5,1.67144,0.026901,0.026901,0,All,#4682B4,0
10,15,10.5,1.6843,0.0081921,0.0081921,0,All,#4682B4,0
1,15,11,1.5911,0.805265,0.805265,0,All,#4682B4,0
2,15,11,1.64869,0.692514,0.692514,0,All,#4682B4,0
3,15,11,1.48936,1.02577,1.02577,0,All,#4682B4,0
4,15,11,1.93722,0.228572,0.228572,0,All,#4682B4,0
5,15,11,1.75513,0.503599,0.503599,0,All,#4682B4,0
6,15,11,1.79232,0.442895,0.442895,0,All,#4682B4,0
7,15,11,1.66697,0.658356,0.658356,0,All,#4682B4,0
8,15,11,2.05465,0.0770472,0.0770472,0,All,#4682B4,0
9,15,11,1.677,0.639924,0.639924,0,All,#4682B4,0
10,15,11,1.67801,0.63808,0.63808,0,All,#4682B4,0
1,15,11.5,1.61263,0.852312,0.852312,0,All,#4682B4,0
2,15,11.5,1.642,0.793731,0.793731,0,All,#4682B4,0
3,15,11.5,1.51829,1.05579,1.05579,0,All,#4682B4,0
4,15,11.5,1.96022,0.271614,0.271614,0,All,#4682B4,0
5,15,11.5,1.7308,0.628719,0.628719,0,All,#4682B4,0
6,15,11.5,1.80179,0.508504,0.508504,0,All,#4682B4,0
7,15,11.5,1.65232,0.773642,0.773642,0,All,#4682B4,0
8,15,11.5,2.00265,0.214536,0.214536,0,All,#4682B4,0
9,15,11.5,1.69074,0.701007,0.701007,0,All,#4682B4,0
10,15,11.5,1.67568,0.729088,0.729088,0,All,#4682B4,0
1,15,12,1.46518,1.44641,1.44641,0,All,#4682B4,0
2,15,12,1.60144,1.11721,1.11721,0,All,#4682B4,0
3,15,12,1.4605,1.45879,1.45879,0,All,#4682B4,0
4,15,12,1.73192,0.850533,0.850533,0,All,#4682B4,0
5,15,12,1.59913,1.12232,1.12232,0,All,#4682B4,0
6,15,12,1.60114,1.11788,1.11788,0,All,#4682B4,0
7,15,12,1.58854,1.14596,1.14596,0,All,#4682B4,0
8,15,12,1.75031,0.816156,0.816156,0,All,#4682B4,0
9,15,12,1.64583,1.02176,1.02176,0,All,#4682B4,0
10,15,12,1.56216,1.20621,1.20621,0,All,#4682B4,0
1,15,12.5,1.16083,0.227833,-0.199301,1,All,#4682B4,0
2,15,12.5,1.2132,0.113418,-1.13022,1,All,#4682B4,0
3,15,12.5,1.21823,0.102951,-0.892033,1,All,#4682B4,0
4,15,12.5,1.26178,0.0157796,-0.0502256,1,All,#4682B4,0
5,15,12.5,1.24457,0.0495046,-0.244343,1,All,#4682B4,0
6,15,12.5,1.20818,0.123951,-0.280878,1,All,#4682B4,0
7,15,12.5,1.25342,0.0320466,0.00621187,1,All,#4682B4,0
8,15,12.5,1.33166,-0.112166,-1.26942,1,All,#4682B4,0
9,15,12.5,1.31631,-0.0852273,-1.0625,1,All,#4682B4,0
10,15,12.5,1.24075,0.0571024,-0.102449,1,All,#4682B4,0
1,15,13,0.732905,1.77528,0.169772,1,All,#4682B4,0
2,15,13,0.51336,3.5705,0.507617,1,All,#4682B4,0
3,15,13,0.855287,1.17462,-0.684234,1,All,#4682B4,0
4,15,13,0.640216,2.38302,-0.567656,1,All,#4682B4,0
5,15,13,0.789778,1.47299,-0.722646,1,All,#4682B4,0
6,15,13,0.691743,2.02507,-0.299579,1,All,#4682B4,0
7,15,13,0.770894,1.56841,-0.537417,1,All,#4682B4,0
8,15,13,0.812836,1.36248,0.68276,1,All,#4682B4,0
9,15,13,0.798248,1.43165,0.832589,1,All,#4682B4,0
10,15,13,0.80011,1.42268,1.11172,1,All,#4682B4,0
1,15,13.5,0.226621,11.1534,0.261148,1,All,#4682B4,0
2,15,13.5,0,5.71957e+15,0,1,All,#4682B4,0
3,15,13.5,0.425759,4.80358,-1.06038,1,All,#4682B4,0
4,15,13.5,0,5.71957e+15,0,1,All,#4682B4,0
5,15,13.5,0.295522,7.98814,0.121205,1,All,#4682B4,0
6,15,13.5,0.0947693,30.0412,-0.742422,1,All,#4682B4,0
7,15,13.5,0.251352,9.81759,-0.760197,1,All,#4682B4,0
8,15,13.5,0.235593,10.6363,-0.919198,1,All,#4682B4,0
9,15,13.5,0.173603,15.2993,-0.0120221,1,All,#4682B4,0
10,15,13.5,0.31184,7.44337,-0.512818,1,All,#4682B4,0
1,15,14,0,5.71957e+15,1.05303,1,All,#4682B4,0
2,15,14,0,5.71957e+15,0,1,All,#4682B4,0
3,15,14,0,5.71957e+15,0,1,All,#4682B4,0
4,15,14,0,5.71957e+15,0,1,All,#4682B4,0
5,15,14,0,5.71957e+15,0,1,All,#4682B4,0
6,15,14,0,5.71957e+15,0,1,All,#4682B4,0
7,15,14,0,5.71957e+15,0,1,All,#4682B4,0
8,15,14,0,5.71957e+15,1.27718,1,All,#4682B4,0
9,15,14,0,5.71957e+15,0,1,All,#4682B4,0
10,15,14,0,5.71957e+15,0,1,All,#4682B4,0
1,15,14.5,0,5.71957e+15,0,1,All,#4682B4,0
2,15,14.5,0,5.71957e+15,0,1,All,#4682B4,0
3,15,14.5,0,5.71957e+15,1.78876,1,All,#4682B4,0
4,15,14.5,0,5.71957e+15,1.03611,1,All,#4682B4,0
5,15,14.5,0,5.71957e+15,1.70283,1,All,#4682B4,0
6,15,14.5,0,5.71957e+15,1.71635,1,All,#4682B4,0
7,15,14.5,0,5.71957e+15,0,1,All,#4682B4,0
8,15,14.5,0,5.71957e+15,0,1,All,#4682B4,0
9,15,14.5,0,5.71957e+15,2.09479,1,All,#4682B4,0
10,15,14.5,0,5.71957e+15,2.05755,1,All,#4682B4,0
1,15,15,0,5.71957e+15,0,1,All,#4682B4,0
2,15,15,0,5.71957e+15,0,1,All,#4682B4,0
3,15,15,0,5.71957e+15,1.01906,1,All,#4682B4,0
4,15,15,0,5.71957e+15,0,1,All,#4682B4,0
5,15,15,0,5.71957e+15,0,1,All,#4682B4,0
6,15,15,0,5.71957e+15,0,1,All,#4682B4,0
7,15,15,0,5.71957e+15,2.93677,1,All,#4682B4,0
8,15,15,0,5.71957e+15,0,1,All,#4682B4,0
9,15,15,0,5.71957e+15,0,1,All,#4682B4,0
10,15,15,0,5.71957e+15,0,1,All,#4682B4,0
1,16,1,0,5.71957e+15,0,1,All,#4682B4,0
2,16,1,0,5.71957e+15,0,1,All,#4682B4,0
3,16,1,0,5.71957e+15,1.44686,1,All,#4682B4,0
4,16,1,0,5.71957e+15,0,1,All,#4682B4,0
5,16,1,0,5.71957e+15,0,1,All,#4682B4,0
6,16,1,0,5.71957e+15,0,1,All,#4682B4,0
7,16,1,0,5.71957e+15,0,1,All,#4682B4,0
8,16,1,0,5.71957e+15,0,1,All,#4682B4,0
9,16,1,0,5.71957e+15,0,1,All,#4682B4,0
10,16,1,0,5.71957e+15,0,1,All,#4682B4,0
1,16,1.5,0,5.71957e+15,1.69156,1,All,#4682B4,0
2,16,1.5,0,5.71957e+15,2.07891,1,All,#4682B4,0
3,16,1.5,0,5.71957e+15,0,1,All,#4682B4,0
4,16,1.5,0,5.71957e+15,1.0295,1,All,#4682B4,0
5,16,1.5,0,5.71957e+15,1.40575,1,All,#4682B4,0
6,16,1.5,0,5.71957e+15,0,1,All,#4682B4,0
7,16,1.5,0,5.71957e+15,0,1,All,#4682B4,0
8,16,1.5,0,5.71957e+15,1.87069,1,All,#4682B4,0
9,16,1.5,0,5.71957e+15,0,1,All,#4682B4,0
10,16,1.5,0,5.71957e+15,0,1,All,#4682B4,0
1,16,2,0,5.71957e+15,1.30362,1,All,#4682B4,0
2,16,2,0,5.71957e+15,0,1,All,#4682B4,0
3,16,2,0,5.71957e+15,0,1,All,#4682B4,0
4,16,2,0,5.71957e+15,0,1,All,#4682B4,0
5,16,2,0,5.71957e+15,0,1,All,#4682B4,0
6,16,2,0,5.71957e+15,0,1,All,#4682B4,0
7,16,2,0,5.71957e+15,0,1,All,#4682B4,0
8,16,2,0,5.71957e+15,1.02599,1,All,#4682B4,0
9,16,2,0,5.71957e+15,0,1,All,#4682B4,0
10,16,2,0,5.71957e+15,0,1,All,#4682B4,0
1,16,2.5,0,5.71957e+15,0,1,All,#4682B4,0
2,16,2.5,0,5.71957e+15,0,1,All,#4682B4,0
3,16,2.5,0,5.71957e+15,0,1,All,#4682B4,0
4,16,2.5,0,5.71957e+15,0,1,All,#4682B4,0
5,16,2.5,0,5.71957e+15,1.33434,1,All,#4682B4,0
6,16,2.5,0,5.71957e+15,1.35548,1,All,#4682B4,0
7,16,2.5,0,5.71957e+15,1.03516,1,All,#4682B4,0
8,16,2.5,0,5.71957e+15,0,1,All,#4682B4,0
9,16,2.5,0,5.71957e+15,0,1,All,#4682B4,0
10,16,2.5,0,5.71957e+15,0,1,All,#4682B4,0
1,16,3,0,5.71957e+15,0,1,All,#4682B4,0
2,16,3,0,5.71957e+15,0,1,All,#4682B4,0
3,16,3,0,5.71957e+15,0,1,All,#4682B4,0
4,16,3,0,5.71957e+15,0,1,All,#4682B4,0
5,16,3,0.444745,4.4951,-0.365662,1,All,#4682B4,0
6,16,3,0,5.71957e+15,0,1,All,#4682B4,0
7,16,3,0,5.71957e+15,1.68063,1,All,#4682B4,0
8,16,3,0.167349,15.9616,0.122366,1,All,#4682B4,0
9,16,3,0,5.71957e+15,0,1,All,#4682B4,0
10,16,3,0.198325,13.0902,1.12436,1,All,#4682B4,0
1,16,3.5,0.237254,10.5449,-0.388174,1,All,#4682B4,0
2,16,3.5,0.544601,3.22672,1.77757,1,All,#4682B4,0
3,16,3.5,0.112934,24.8197,-1.77878,1,All,#4682B4,0
4,16,3.5,0.338865,6.65654,-0.472277,1,All,#4682B4,0
5,16,3.5,0.965523,0.76393,-0.361579,1,All,#4682B4,0
6,16,3.5,0.0237439,127.15,-0.524774,1,All,#4682B4,0
7,16,3.5,0.377609,5.72499,0.768368,1,All,#4682B4,0
8,16,3.5,0.678252,2.11353,-1.12478,1,All,#4682B4,0
9,16,3.5,0.486242,3.90474,-0.56157,1,All,#4682B4,0
10,16,3.5,0.747619,1.69266,-2.20343,1,All,#4682B4,0
1,16,4,0.888634,1.03964,-0.265781,1,All,#4682B4,0
2,16,4,1.08514,0.412676,-1.16882,1,All,#4682B4,0
3,16,4,0.688514,2.04592,0.498743,1,All,#4682B4,0
4,16,4,0.909286,0.961003,0.935757,1,All,#4682B4,0
5,16,4,1.32318,-0.0973566,-0.245329,1,All,#4682B4,0
6,16,4,0.758215,1.63515,-0.221711,1,All,#4682B4,0
7,16,4,0.770183,1.5721,1.14218,1,All,#4682B4,0
8,16,4,1.11218,0.343757,-0.49777,1,All,#4682B4,0
9,16,4,1.07391,0.442341,-0.374603,1,All,#4682B4,0
10,16,4,1.12686,0.307724,0.0876216,1,All,#4682B4,0
1,16,4.5,1.45206,1.14769,1.14769,0,All,#4682B4,0
2,16,4.5,1.52394,0.979304,0.979304,0,All,#4682B4,0
3,16,4.5,1.1862,1.94789,1.94789,0,All,#4682B4,0
4,16,4.5,1.4035,1.27122,1.27122,0,All,#4682B4,0
5,16,4.5,1.5751,0.868816,0.868816,0,All,#4682B4,0
6,16,4.5,1.43858,1.18115,1.18115,0,All,#4682B4,0
7,16,4.5,1.10157,2.28365,2.28365,0,All,#4682B4,0
8,16,4.5,1.48108,1.07775,1.07775,0,All,#4682B4,0
9,16,4.5,1.5804,0.857766,0.857766,0,All,#4682B4,0
10,16,4.5,1.394,1.29639,1.29639,0,All,#4682B4,0
1,16,5,1.86547,-0.175917,-0.175917,0,All,#4682B4,0
2,16,5,1.87364,-0.185723,-0.185723,0,All,#4682B4,0
3,16,5,1.59688,0.201949,0.201949,0,All,#4682B4,0
4,16,5,1.79527,-0.0880784,-0.0880784,0,All,#4682B4,0
5,16,5,1.74418,-0.0196916,-0.0196916,0,All,#4682B4,0
6,16,5,2.01986,-0.347638,-0.347638,0,All,#4682B4,0
7,16,5,1.37461,0.626309,0.626309,0,All,#4682B4,0
8,16,5,1.78786,-0.0783995,-0.0783995,0,All,#4682B4,0
9,16,5,1.96604,-0.290836,-0.290836,0,All,#4682B4,0
10,16,5,1.5654,0.254725,0.254725,0,All,#4682B4,0
1,16,5.5,2.05242,-0.215314,-0.215314,0,All,#4682B4,0
2,16,5.5,2.12967,-0.295373,-0.295373,0,All,#4682B4,0
3,16,5.5,1.89092,-0.0267969,-0.0267969,0,All,#4682B4,0
4,16,5.5,2.03448,-0.195844,-0.195844,0,All,#4682B4,0
5,16,5.5,1.84116,0.0379456,0.0379456,0,All,#4682B4,0
6,16,5.5,2.39115,-0.527985,-0.527985,0,All,#4682B4,0
7,16,5.5,1.58749,0.431101,0.431101,0,All,#4682B4,0
8,16,5.5,2.02867,-0.189477,-0.189477,0,All,#4682B4,0
9,16,5.5,2.17666,-0.341296,-0.341296,0,All,#4682B4,0
10,16,5.5,1.65465,0.315282,0.315282,0,All,#4682B4,0
1,16,6,2.04119,0.959903,0.959903,0,All,#4682B4,0
2,16,6,2.27916,0.606735,0.606735,0,All,#4682B4,0
3,16,6,2.04311,0.956724,0.956724,0,All,#4682B4,0
4,16,6,2.09546,0.872298,0.872298,0,All,#4682B4,0
5,16,6,1.88011,1.24968,1.24968,0,All,#4682B4,0
6,16,6,2.47776,0.363941,0.363941,0,All,#4682B4,0
7,16,6,1.73563,1.55537,1.55537,0,All,#4682B4,0
8,16,6,2.19478,0.723197,0.723197,0,All,#4682B4,0
9,16,6,2.2175,0.690964,0.690964,0,All,#4682B4,0
10,16,6,1.68195,1.68234,1.68234,0,All,#4682B4,0
1,16,6.5,1.9302,0.991235,0.991235,0,All,#4682B4,0
2,16,6.5,2.32637,0.409889,0.409889,0,All,#4682B4,0
3,16,6.5,2.0733,0.755621,0.755621,0,All,#4682B4,0
4,16,6.5,2.02105,0.83779,0.83779,0,All,#4682B4,0
5,16,6.5,1.87655,1.08883,1.08883,0,All,#4682B4,0
6,16,6.5,2.36811,0.359974,0.359974,0,All,#4682B4,0
7,16,6.5,1.81667,1.20458,1.20458,0,All,#4682B4,0
8,16,6.5,2.28222,0.464683,0.464683,0,All,#4682B4,0
9,16,6.5,2.15398,0.636582,0.636582,0,All,#4682B4,0
10,16,6.5,1.67054,1.52184,1.52184,0,All,#4682B4,0
1,16,7,1.78765,1.16859,1.16859,0,All,#4682B4,0
2,16,7,2.29464,0.375166,0.375166,0,All,#4682B4,0
3,16,7,2.03106,0.738217,0.738217,0,All,#4682B4,0
4,16,7,1.88277,0.987165,0.987165,0,All,#4682B4,0
5,16,7,1.8457,1.05565,1.05565,0,All,#4682B4,0
6,16,7,2.18113,0.520752,0.520752,0,All,#4682B4,0
7,16,7,1.83403,1.07777,1.07777,0,All,#4682B4,0
8,16,7,2.2981,0.37095,0.37095,0,All,#4682B4,0
9,16,7,2.0429,0.719898,0.719898,0,All,#4682B4,0
10,16,7,1.63784,1.49707,1.49707,0,All,#4682B4,0
1,16,7.5,1.64592,1.88994,1.88994,0,All,#4682B4,0
2,16,7.5,2.21243,0.785707,0.785707,0,All,#4682B4,0
3,16,7.5,1.95421,1.20962,1.20962,0,All,#4682B4,0
4,16,7.5,1.73747,1.66271,1.66271,0,All,#4682B4,0
5,16,7.5,1.798,1.52518,1.52518,0,All,#4682B4,0
6,16,7.5,1.98035,1.16167,1.16167,0,All,#4682B4,0
7,16,7.5,1.79862,1.52382,1.52382,0,All,#4682B4,0
8,16,7.5,2.25851,0.720239,0.720239,0,All,#4682B4,0
9,16,7.5,1.91179,1.2902,1.2902,0,All,#4682B4,0
10,16,7.5,1.59372,2.03118,2.03118,0,All,#4682B4,0
1,16,8,1.51982,1.27543,1.27543,0,All,#4682B4,0
2,16,8,2.1008,0.252772,0.252772,0,All,#4682B4,0
3,16,8,1.86091,0.597628,0.597628,0,All,#4682B4,0
4,16,8,1.61553,1.05635,1.05635,0,All,#4682B4,0
5,16,8,1.73955,0.808338,0.808338,0,All,#4682B4,0
6,16,8,1.79466,0.70912,0.70912,0,All,#4682B4,0
7,16,8,1.72596,0.833768,0.833768,0,All,#4682B4,0
8,16,8,2.18178,0.153468,0.153468,0,All,#4682B4,0
9,16,8,1.77223,0.748753,0.748753,0,All,#4682B4,0
10,16,8,1.5429,1.22012,1.22012,0,All,#4682B4,0
1,16,8.5,1.41171,1.07813,1.07813,0,All,#4682B4,0
2,16,8.5,1.97274,0.0825914,0.0825914,0,All,#4682B4,0
3,16,8.5,1.75827,0.388164,0.388164,0,All,#4682B4,0
4,16,8.5,1.52127,0.82604,0.82604,0,All,#4682B4,0
5,16,8.5,1.67361,0.530344,0.530344,0,All,#4682B4,0
6,16,8.5,1.63348,0.602879,0.602879,0,All,#4682B4,0
7,16,8.5,1.62785,0.613345,0.613345,0,All,#4682B4,0
8,16,8.5,2.08102,-0.0477559,-0.0477559,0,All,#4682B4,0
9,16,8.5,1.62988,0.609558,0.609558,0,All,#4682B4,0
10,16,8.5,1.48747,0.899855,0.899855,0,All,#4682B4,0
1,16,9,1.32217,-0.0955848,-1.18075,1,All,#4682B4,0
2,16,9,1.83594,-0.746751,-0.983175,1,All,#4682B4,0
3,16,9,1.64879,-0.556544,-1.07422,1,All,#4682B4,0
4,16,9,1.43085,-0.272329,-0.359739,1,All,#4682B4,0
5,16,9,1.60185,-0.50186,-1.03035,1,All,#4682B4,0
6,16,9,1.49679,-0.36705,-0.806183,1,All,#4682B4,0
7,16,9,1.51239,-0.388246,-1.76304,1,All,#4682B4,0
8,16,9,1.96514,-0.856923,-1.63486,1,All,#4682B4,0
9,16,9,1.48827,-0.355277,-1.13984,1,All,#4682B4,0
10,16,9,1.42833,-0.268531,-0.543773,1,All,#4682B4,0
1,16,9.5,1.24948,0.0397828,-0.63789,1,All,#4682B4,0
2,16,9.5,1.69543,-0.607865,-1.33302,1,All,#4682B4,0
3,16,9.5,1.53338,-0.416103,-1.76285,1,All,#4682B4,0
4,16,9.5,1.34259,-0.13097,-0.189067,1,All,#4682B4,0
5,16,9.5,1.52515,-0.405267,-0.437351,1,All,#4682B4,0
6,16,9.5,1.3795,-0.192286,-0.34814,1,All,#4682B4,0
7,16,9.5,1.38907,-0.207651,-0.874595,1,All,#4682B4,0
8,16,9.5,1.83936,-0.749868,-0.899734,1,All,#4682B4,0
9,16,9.5,1.35006,-0.143658,-1.00276,1,All,#4682B4,0
10,16,9.5,1.36587,-0.170026,-0.988364,1,All,#4682B4,0
1,16,10,1.18918,0.164641,-0.0703558,1,All,#4682B4,0
2,16,10,1.55502,-0.444017,-1.30925,1,All,#4682B4,0
3,16,10,1.41241,-0.244251,-0.603745,1,All,#4682B4,0
4,16,10,1.25504,0.0288674,-0.999181,1,All,#4682B4,0
5,16,10,1.44404,-0.291968,-0.494322,1,All,#4682B4,0
6,16,10,1.27718,-0.0136278,-0.709277,1,All,#4682B4,0
7,16,10,1.26125,0.0168092,-1.13073,1,All,#4682B4,0
8,16,10,1.70724,-0.620418,-1.1069,1,All,#4682B4,0
9,16,10,1.21737,0.104721,-0.453335,1,All,#4682B4,0
10,16,10,1.30025,-0.0563676,-0.728414,1,All,#4682B4,0
1,16,10.5,1.13794,0.281127,-1.85829,1,All,#4682B4,0
2,16,10.5,1.4177,-0.252375,-0.933719,1,All,#4682B4,0
3,16,10.5,1.28609,-0.0303052,-1.8581,1,All,#4682B4,0
4,16,10.5,1.16603,0.216014,-1.50184,1,All,#4682B4,0
5,16,10.5,1.359,-0.158641,-0.59488,1,All,#4682B4,0
6,16,10.5,1.18462,0.174608,-1.04724,1,All,#4682B4,0
7,16,10.5,1.13172,0.295986,-0.681473,1,All,#4682B4,0
8,16,10.5,1.57127,-0.464483,-1.82674,1,All,#4682B4,0
9,16,10.5,1.09166,0.395752,-0.35761,1,All,#4682B4,0
10,16,10.5,1.2316,0.0755394,-0.352621,1,All,#4682B4,0
1,16,11,1.0921,0.394623,-0.488483,1,All,#4682B4,0
2,16,11,1.28585,-0.0298589,-0.0881892,1,All,#4682B4,0
3,16,11,1.15462,0.24207,-1.18113,1,All,#4682B4,0
4,16,11,1.07345,0.443572,-1.28828,1,All,#4682B4,0
5,16,11,1.26971,0.000553896,-1.75847,1,All,#4682B4,0
6,16,11,1.09682,0.382499,-0.0165265,1,All,#4682B4,0
7,16,11,1.00573,0.636531,-0.794244,1,All,#4682B4,0
8,16,11,1.43362,-0.276487,-0.40241,1,All,#4682B4,0
9,16,11,0.974037,0.736079,-1.02042,1,All,#4682B4,0
10,16,11,1.15997,0.229796,-0.619388,1,All,#4682B4,0
1,16,11.5,1.04794,0.51332,-0.667559,1,All,#4682B4,0
2,16,11.5,1.16125,0.226869,-1.25822,1,All,#4682B4,0
3,16,11.5,1.0182,0.59908,0.478814,1,All,#4682B4,0
4,16,11.5,0.975479,0.731411,0.346419,1,All,#4682B4,0
5,16,11.5,1.1772,0.190959,-2.33089,1,All,#4682B4,0
6,16,11.5,1.00829,0.628769,-0.272984,1,All,#4682B4,0
7,16,11.5,0.885855,1.0505,0.126253,1,All,#4682B4,0
8,16,11.5,1.296,-0.0486013,-0.676255,1,All,#4682B4,0
9,16,11.5,0.864615,1.13582,-1.12682,1,All,#4682B4,0
10,16,11.5,1.08546,0.41185,0.362539,1,All,#4682B4,0
1,16,12,1.0037,0.642736,-1.13925,1,All,#4682B4,0
2,16,12,1.04504,0.521463,-2.02636,1,All,#4682B4,0
3,16,12,0.877115,1.0851,0.665642,1,All,#4682B4,0
4,16,12,0.870684,1.11101,0.105016,1,All,#4682B4,0
5,16,12,1.08138,0.42255,0.0946536,1,All,#4682B4,0
6,16,12,0.916089,0.935878,-0.757833,1,All,#4682B4,0
7,16,12,0.772598,1.55961,0.126536,1,All,#4682B4,0
8,16,12,1.15976,0.230267,-1.56278,1,All,#4682B4,0
9,16,12,0.763301,1.60812,-0.692679,1,All,#4682B4,0
10,16,12,1.0082,0.629044,-1.48181,1,All,#4682B4,0
1,16,12.5,0.957855,0.789439,-0.877738,1,All,#4682B4,0
2,16,12.5,0.937815,0.858075,-1.18321,1,All,#4682B4,0
3,16,12.5,0.731594,1.7828,1.45128,1,All,#4682B4,0
4,16,12.5,0.757638,1.63824,-1.26382,1,All,#4682B4,0
5,16,12.5,0.983492,0.705713,-1.27095,1,All,#4682B4,0
6,16,12.5,0.816828,1.34399,-0.475004,1,All,#4682B4,0
7,16,12.5,0.666633,2.19259,1.24333,1,All,#4682B4,0
8,16,12.5,1.02625,0.575384,-0.200258,1,All,#4682B4,0
9,16,12.5,0.669916,2.16997,0.139868,1,All,#4682B4,0
10,16,12.5,0.928361,0.891484,-0.991602,1,All,#4682B4,0
1,16,13,0.908121,0.965346,-0.615863,1,All,#4682B4,0
2,16,13,0.839636,1.24167,-0.432452,1,All,#4682B4,0
3,16,13,0.581846,2.86511,-0.291763,1,All,#4682B4,0
4,16,13,0.63388,2.43105,-0.91866,1,All,#4682B4,0
5,16,13,0.882616,1.06324,-0.40932,1,All,#4682B4,0
6,16,13,0.707833,1.92397,-1.44743,1,All,#4682B4,0
7,16,13,0.568159,2.99248,0.211892,1,All,#4682B4,0
8,16,13,0.896574,1.00898,0.0483905,1,All,#4682B4,0
9,16,13,0.583694,2.84836,-0.174897,1,All,#4682B4,0
10,16,13,0.846181,1.21333,-0.0356587,1,All,#4682B4,0
1,16,13.5,0.853496,1.18217,0.0342103,1,All,#4682B4,0
2,16,13.5,0.750186,1.67858,-0.0487558,1,All,#4682B4,0
3,16,13.5,0.428176,4.76279,-1.04497,1,All,#4682B4,0
4,16,13.5,0.499479,3.73706,-1.3625,1,All,#4682B4,0
5,16,13.5,0.780353,1.52004,-0.686995,1,All,#4682B4,0
6,16,13.5,0.58672,2.82118,-1.81003,1,All,#4682B4,0
7,16,13.5,0.477106,4.0259,-0.690534,1,All,#4682B4,0
8,16,13.5,0.771441,1.56558,-1.42954,1,All,#4682B4,0
9,16,13.5,0.503651,3.68604,-0.610307,1,All,#4682B4,0
10,16,13.5,0.762009,1.61495,-0.653868,1,All,#4682B4,0
1,16,14,0.793512,1.45466,0.490549,1,All,#4682B4,0
2,16,14,0.668842,2.17735,-0.940419,1,All,#4682B4,0
3,16,14,0.271155,8.92365,0.132904,1,All,#4682B4,0
4,16,14,0.354745,6.25011,-0.663865,1,All,#4682B4,0
5,16,14,0.677319,2.11978,1.82506,1,All,#4682B4,0
6,16,14,0.452561,4.37563,0.798889,1,All,#4682B4,0
7,16,14,0.393082,5.40429,0.248017,1,All,#4682B4,0
8,16,14,0.651197,2.30198,-0.0169656,1,All,#4682B4,0
9,16,14,0.42878,4.75267,-0.0308834,1,All,#4682B4,0
10,16,14,0.676237,2.12705,-1.0069,1,All,#4682B4,0
1,16,14.5,0.72862,1.79996,-0.581374,1,All,#4682B4,0
2,16,14.5,0.594817,2.7498,-0.681167,1,All,#4682B4,0
3,16,14.5,0.111122,25.2639,0.435675,1,All,#4682B4,0
4,16,14.5,0.197171,13.181,-1.65644,1,All,#4682B4,0
5,16,14.5,0.574457,2.93311,-1.92356,1,All,#4682B4,0
6,16,14.5,0.302225,7.75723,0.0235086,1,All,#4682B4,0
7,16,14.5,0.315465,7.32998,-1.01543,1,All,#4682B4,0
8,16,14.5,0.536471,3.31233,0.127892,1,All,#4682B4,0
9,16,14.5,0.357864,6.17454,-0.751677,1,All,#4682B4,0
10,16,14.5,0.589413,2.79722,-1.0369,1,All,#4682B4,0
1,16,15,0.65604,2.26711,0.0498106,1,All,#4682B4,0
2,16,15,0.527009,3.4153,-0.608936,1,All,#4682B4,0
3,16,15,0,5.71957e+15,0,1,All,#4682B4,0
4,16,15,0.0256829,117.368,-1.27292,1,All,#4682B4,0
5,16,15,0.472798,4.08466,1.19439,1,All,#4682B4,0
6,16,15,0.136077,20.1865,0.692785,1,All,#4682B4,0
7,16,15,0.243526,10.2109,-0.43641,1,All,#4682B4,0
8,16,15,0.427693,4.77091,0.638615,1,All,#4682B4,0
9,16,15,0.29,8.18636,1.79556,1,All,#4682B4,0
10,16,15,0.502088,3.70505,0.433688,1,All,#4682B4,0
1,16,15.5,0.577789,2.90223,-0.776896,1,All,#4682B4,0
2,16,15.5,0.464535,4.2004,1.01839,1,All,#4682B4,0
3,16,15.5,0,5.71957e+15,0,1,All,#4682B4,0
4,16,15.5,0,5.71957e+15,0,1,All,#4682B4,0
5,16,15.5,0.37343,5.81617,1.03102,1,All,#4682B4,0
6,16,15.5,0,5.71957e+15,0,1,All,#4682B4,0
7,16,15.5,0.176448,15.0136,1.00592,1,All,#4682B4,0
8,16,15.5,0.324753,7.05105,-0.81485,1,All,#4682B4,0
9,16,15.5,0.223671,11.3324,0.636959,1,All,#4682B4,0
10,16,15.5,0.414661,4.99698,-0.219224,1,All,#4682B4,0
1,16,16,0.493128,3.81639,-0.692884,1,All,#4682B4,0
2,16,16,0.406327,5.14915,2.51416,1,All,#4682B4,0
3,16,16,0,5.71957e+15,0,1,All,#4682B4,0
4,16,16,0,5.71957e+15,1.20885,1,All,#4682B4,0
5,16,16,0.277512,8.66374,0.278926,1,All,#4682B4,0
6,16,16,0,5.71957e+15,0,1,All,#4682B4,0
7,16,16,0.113384,24.7117,-2.08486,1,All,#4682B4,0
8,16,16,0.227484,11.1018,-0.0512598,1,All,#4682B4,0
9,16,16,0.158394,17.001,-0.279055,1,All,#4682B4,0
10,16,16,0.327949,6.95875,0.0554991,1,All,#4682B4,0
1,16,16.5,0.401683,5.23669,-0.528206,1,All,#4682B4,0
2,16,16.5,0.351366,6.33352,0.969188,1,All,#4682B4,0
3,16,16.5,0,5.71957e+15,0,1,All,#4682B4,0
4,16,16.5,0,5.71957e+15,1.68514,1,All,#4682B4,0
5,16,16.5,0.186064,14.1125,-0.92896,1,All,#4682B4,0
6,16,16.5,0,5.71957e+15,0,1,All,#4682B4,0
7,16,16.5,0.0532453,55.3585,-1.37949,1,All,#4682B4,0
8,16,16.5,0.13568,20.2526,0.398405,1,All,#4682B4,0
9,16,16.5,0.0925887,30.8058,0.0718256,1,All,#4682B4,0
10,16,16.5,0.243125,10.2318,-0.560503,1,All,#4682B4,0
1,16,17,0.303605,7.71096,-1.19298,1,All,#4682B4,0
2,16,17,0.298726,7.87645,-1.41764,1,All,#4682B4,0
3,16,17,0,5.71957e+15,1.28962,1,All,#4682B4,0
4,16,17,0,5.71957e+15,1.16916,1,All,#4682B4,0
5,16,17,0.0999916,28.3457,-0.993786,1,All,#4682B4,0
6,16,17,0,5.71957e+15,2.15787,1,All,#4682B4,0
7,16,17,0,5.71957e+15,0,1,All,#4682B4,0
8,16,17,0.0491707,60.1466,0.360271,1,All,#4682B4,0
9,16,17,0.0254139,118.636,-0.478211,1,All,#4682B4,0
10,16,17,0.160813,16.7088,-1.72648,1,All,#4682B4,0
1,17,1,0,5.71957e+15,0,1,All,#4682B4,0
2,17,1,0,5.71957e+15,0,1,All,#4682B4,0
3,17,1,0,5.71957e+15,0,1,All,#4682B4,0
4,17,1,0,5.71957e+15,1.60434,1,All,#4682B4,0
5,17,1,0,5.71957e+15,0,1,All,#4682B4,0
6,17,1,0,5.71957e+15,0,1,All,#4682B4,0
7,17,1,0,5.71957e+15,0,1,All,#4682B4,0
8,17,1,0,5.71957e+15,1.13859,1,All,#4682B4,0
9,17,1,0,5.71957e+15,0,1,All,#4682B4,0
10,17,1,0,5.71957e+15,1.65107,1,All,#4682B4,0
1,17,1.5,0,5.71957e+15,1.26158,1,All,#4682B4,0
2,17,1.5,0,5.71957e+15,0,1,All,#4682B4,0
3,17,1.5,0,5.71957e+15,1.74864,1,All,#4682B4,0
4,17,1.5,0,5.71957e+15,1.93628,1,All,#4682B4,0
5,17,1.5,0,5.71957e+15,2.10298,1,All,#4682B4,0
6,17,1.5,0,5.71957e+15,0,1,All,#4682B4,0
7,17,1.5,0,5.71957e+15,0,1,All,#4682B4,0
8,17,1.5,0,5.71957e+15,0,1,All,#4682B4,0
9,17,1.5,0,5.71957e+15,0,1,All,#4682B4,0
10,17,1.5,0,5.71957e+15,1.32157,1,All,#4682B4,0
1,17,2,0,5.71957e+15,0,1,All,#4682B4,0
2,17,2,0,5.71957e+15,0,1,All,#4682B4,0
3,17,2,0,5.71957e+15,0,1,All,#4682B4,0
4,17,2,0,5.71957e+15,0,1,All,#4682B4,0
5,17,2,0,5.71957e+15,0,1,All,#4682B4,0
6,17,2,0,5.71957e+15,0,1,All,#4682B4,0
7,17,2,0,5.71957e+15,0,1,All,#4682B4,0
8,17,2,0,5.71957e+15,0,1,All,#4682B4,0
9,17,2,0,5.71957e+15,0,1,All,#4682B4,0
10,17,2,0,5.71957e+15,1.52229,1,All,#4682B4,0
1,17,2.5,0,5.71957e+15,0,1,All,#4682B4,0
2,17,2.5,0,5.71957e+15,0,1,All,#4682B4,0
3,17,2.5,0,5.71957e+15,1.14634,1,All,#4682B4,0
4,17,2.5,0,5.71957e+15,0,1,All,#4682B4,0
5,17,2.5,0,5.71957e+15,0,1,All,#4682B4,0
6,17,2.5,0,5.71957e+15,0,1,All,#4682B4,0
7,17,2.5,0,5.71957e+15,0,1,All,#4682B4,0
8,17,2.5,0,5.71957e+15,1.25905,1,All,#4682B4,0
9,17,2.5,0,5.71957e+15,2.61514,1,All,#4682B4,0
10,17,2.5,0,5.71957e+15,0,1,All,#4682B4,0
1,17,3,0.599386,2.71037,0.348504,1,All,#4682B4,0
2,17,3,0,5.71957e+15,0,1,All,#4682B4,0
3,17,3,0,5.71957e+15,2.21439,1,All,#4682B4,0
4,17,3,0.122366,22.7198,-1.07268,1,All,#4682B4,0
5,17,3,0,5.71957e+15,1.19637,1,All,#4682B4,0
6,17,3,0.234022,10.724,0.669716,1,All,#4682B4,0
7,17,3,0,5.71957e+15,0,1,All,#4682B4,0
8,17,3,0.189753,13.791,-0.0570242,1,All,#4682B4,0
9,17,3,0.991761,0.679633,-1.35054,1,All,#4682B4,0
10,17,3,0.233701,10.742,1.12658,1,All,#4682B4,0
1,17,3.5,1.48512,-0.350897,-1.35209,1,All,#4682B4,0
2,17,3.5,0.569737,2.97748,-1.25419,1,All,#4682B4,0
3,17,3.5,0.922606,0.912154,-1.27904,1,All,#4682B4,0
4,17,3.5,1.28064,-0.0201192,-1.37849,1,All,#4682B4,0
5,17,3.5,0.550513,3.16605,-0.751005,1,All,#4682B4,0
6,17,3.5,1.15659,0.237545,-0.959008,1,All,#4682B4,0
7,17,3.5,0.518402,3.51222,-0.7791,1,All,#4682B4,0
8,17,3.5,0.842876,1.22759,-1.23826,1,All,#4682B4,0
9,17,3.5,1.70937,-0.622674,-1.76267,1,All,#4682B4,0
10,17,3.5,1.20774,0.12489,-2.38063,1,All,#4682B4,0
1,17,4,2.11604,-0.396159,-0.396159,0,All,#4682B4,0
2,17,4,1.15127,1.30193,1.30193,0,All,#4682B4,0
3,17,4,1.67789,0.132979,0.132979,0,All,#4682B4,0
4,17,4,1.84744,-0.101543,-0.101543,0,All,#4682B4,0
5,17,4,1.12226,1.3982,1.3982,0,All,#4682B4,0
6,17,4,1.86126,-0.118774,-0.118774,0,All,#4682B4,0
7,17,4,1.24488,1.02186,1.02186,0,All,#4682B4,0
8,17,4,1.37882,0.687279,0.687279,0,All,#4682B4,0
9,17,4,2.09742,-0.378164,-0.378164,0,All,#4682B4,0
10,17,4,1.90317,-0.16951,-0.16951,0,All,#4682B4,0
1,17,4.5,2.56669,-0.431034,-0.431034,0,All,#4682B4,0
2,17,4.5,1.64566,0.683524,0.683524,0,All,#4682B4,0
3,17,4.5,2.29129,-0.191671,-0.191671,0,All,#4682B4,0
4,17,4.5,2.19847,-0.0974851,-0.0974851,0,All,#4682B4,0
5,17,4.5,1.56772,0.837953,0.837953,0,All,#4682B4,0
6,17,4.5,2.41387,-0.304953,-0.304953,0,All,#4682B4,0
7,17,4.5,1.86194,0.322744,0.322744,0,All,#4682B4,0
8,17,4.5,1.82025,0.385619,0.385619,0,All,#4682B4,0
9,17,4.5,2.34172,-0.239717,-0.239717,0,All,#4682B4,0
10,17,4.5,2.41724,-0.307906,-0.307906,0,All,#4682B4,0
1,17,5,2.84748,-0.491293,-0.491293,0,All,#4682B4,0
2,17,5,2.06203,0.244332,0.244332,0,All,#4682B4,0
3,17,5,2.73969,-0.415308,-0.415308,0,All,#4682B4,0
4,17,5,2.4385,-0.167396,-0.167396,0,All,#4682B4,0
5,17,5,1.9119,0.453739,0.453739,0,All,#4682B4,0
6,17,5,2.83806,-0.484882,-0.484882,0,All,#4682B4,0
7,17,5,2.37178,-0.103953,-0.103953,0,All,#4682B4,0
8,17,5,2.18093,0.0989334,0.0989334,0,All,#4682B4,0
9,17,5,2.5018,-0.224449,-0.224449,0,All,#4682B4,0
10,17,5,2.77349,-0.439769,-0.439769,0,All,#4682B4,0
1,17,5.5,2.9621,0.268163,0.268163,0,All,#4682B4,0
2,17,5.5,2.39546,0.904641,0.904641,0,All,#4682B4,0
3,17,5.5,2.96555,0.265033,0.265033,0,All,#4682B4,0
4,17,5.5,2.61029,0.630805,0.630805,0,All,#4682B4,0
5,17,5.5,2.17029,1.24983,1.24983,0,All,#4682B4,0
6,17,5.5,3.13673,0.11837,0.11837,0,All,#4682B4,0
7,17,5.5,2.73787,0.488534,0.488534,0,All,#4682B4,0
8,17,5.5,2.45907,0.818573,0.818573,0,All,#4682B4,0
9,17,5.5,2.59373,0.650306,0.650306,0,All,#4682B4,0
10,17,5.5,2.96338,0.267,0.267,0,All,#4682B4,0
1,17,6,2.95189,-0.182095,-0.182095,0,All,#4682B4,0
2,17,6,2.62729,0.0947023,0.0947023,0,All,#4682B4,0
3,17,6,2.99165,-0.211873,-0.211873,0,All,#4682B4,0
4,17,6,2.73444,-0.00393445,-0.00393445,0,All,#4682B4,0
5,17,6,2.34786,0.394285,0.394285,0,All,#4682B4,0
6,17,6,3.29599,-0.41599,-0.41599,0,All,#4682B4,0
7,17,6,2.91868,-0.156607,-0.156607,0,All,#4682B4,0
8,17,6,2.64177,0.0809045,0.0809045,0,All,#4682B4,0
9,17,6,2.62495,0.0969478,0.0969478,0,All,#4682B4,0
10,17,6,3.00355,-0.220633,-0.220633,0,All,#4682B4,0
1,17,6.5,2.87056,0.708412,0.708412,0,All,#4682B4,0
2,17,6.5,2.73936,0.858358,0.858358,0,All,#4682B4,0
3,17,6.5,2.91222,0.663619,0.663619,0,All,#4682B4,0
4,17,6.5,2.82158,0.762766,0.762766,0,All,#4682B4,0
5,17,6.5,2.44422,1.25453,1.25453,0,All,#4682B4,0
6,17,6.5,3.31279,0.29046,0.29046,0,All,#4682B4,0
7,17,6.5,2.92429,0.650887,0.650887,0,All,#4682B4,0
8,17,6.5,2.70828,0.896016,0.896016,0,All,#4682B4,0
9,17,6.5,2.60006,1.03414,1.03414,0,All,#4682B4,0
10,17,6.5,2.9485,0.625647,0.625647,0,All,#4682B4,0
1,17,7,2.74824,1.68516,1.68516,0,All,#4682B4,0
2,17,7,2.73341,1.70745,1.70745,0,All,#4682B4,0
3,17,7,2.77082,1.65168,1.65168,0,All,#4682B4,0
4,17,7,2.86687,1.51519,1.51519,0,All,#4682B4,0
5,17,7,2.45955,2.16729,2.16729,0,All,#4682B4,0
6,17,7,3.20853,1.09589,1.09589,0,All,#4682B4,0
7,17,7,2.82202,1.57777,1.57777,0,All,#4682B4,0
8,17,7,2.66144,1.81912,1.81912,0,All,#4682B4,0
9,17,7,2.52468,2.0489,2.0489,0,All,#4682B4,0
10,17,7,2.8389,1.55398,1.55398,0,All,#4682B4,0
1,17,7.5,2.59594,1.67419,1.67419,0,All,#4682B4,0
2,17,7.5,2.61915,1.63788,1.63788,0,All,#4682B4,0
3,17,7.5,2.58108,1.69777,1.69777,0,All,#4682B4,0
4,17,7.5,2.85531,1.30206,1.30206,0,All,#4682B4,0
5,17,7.5,2.3993,2.00994,2.00994,0,All,#4682B4,0
6,17,7.5,3.01423,1.10569,1.10569,0,All,#4682B4,0
7,17,7.5,2.67187,1.55777,1.55777,0,All,#4682B4,0
8,17,7.5,2.52489,1.78948,1.78948,0,All,#4682B4,0
9,17,7.5,2.40157,2.00575,2.00575,0,All,#4682B4,0
10,17,7.5,2.69014,1.53073,1.53073,0,All,#4682B4,0
1,17,8,2.41624,1.1768,1.1768,0,All,#4682B4,0
2,17,8,2.40879,1.18793,1.18793,0,All,#4682B4,0
3,17,8,2.34889,1.28,1.28,0,All,#4682B4,0
4,17,8,2.78074,0.705,0.705,0,All,#4682B4,0
5,17,8,2.27357,1.40265,1.40265,0,All,#4682B4,0
6,17,8,2.75739,0.731484,0.731484,0,All,#4682B4,0
7,17,8,2.47545,1.09071,1.09071,0,All,#4682B4,0
8,17,8,2.32053,1.32525,1.32525,0,All,#4682B4,0
9,17,8,2.23204,1.47384,1.47384,0,All,#4682B4,0
10,17,8,2.50509,1.04913,1.04913,0,All,#4682B4,0
1,17,8.5,2.2091,-0.503449,-0.503449,0,All,#4682B4,0
2,17,8.5,2.13488,-0.436727,-0.436727,0,All,#4682B4,0
3,17,8.5,2.07748,-0.381861,-0.381861,0,All,#4682B4,0
4,17,8.5,2.63532,-0.813825,-0.813825,0,All,#4682B4,0
5,17,8.5,2.09343,-0.397417,-0.397417,0,All,#4682B4,0
6,17,8.5,2.4611,-0.699947,-0.699947,0,All,#4682B4,0
7,17,8.5,2.23838,-0.528551,-0.528551,0,All,#4682B4,0
8,17,8.5,2.06522,-0.369755,-0.369755,0,All,#4682B4,0
9,17,8.5,2.0245,-0.328467,-0.328467,0,All,#4682B4,0
10,17,8.5,2.28215,-0.564877,-0.564877,0,All,#4682B4,0
1,17,9,1.97467,-0.864474,-1.10605,1,All,#4682B4,0
2,17,9,1.82061,-0.732643,-1.04779,1,All,#4682B4,0
3,17,9,1.77148,-0.68577,-0.890829,1,All,#4682B4,0
4,17,9,2.41413,-1.1481,-1.60196,1,All,#4682B4,0
5,17,9,1.86948,-0.776811,-0.806027,1,All,#4682B4,0
6,17,9,2.14701,-0.98954,-1.29287,1,All,#4682B4,0
7,17,9,1.97014,-0.860896,-1.49357,1,All,#4682B4,0
8,17,9,1.77356,-0.687807,-1.43608,1,All,#4682B4,0
9,17,9,1.79628,-0.709745,-0.788884,1,All,#4682B4,0
10,17,9,2.01951,-0.899074,-1.85668,1,All,#4682B4,0
1,17,9.5,1.71481,-0.628381,-0.802499,1,All,#4682B4,0
2,17,9.5,1.48839,-0.355449,-0.810152,1,All,#4682B4,0
3,17,9.5,1.43793,-0.282908,-0.524586,1,All,#4682B4,0
4,17,9.5,2.13011,-0.97817,-2.38064,1,All,#4682B4,0
5,17,9.5,1.61451,-0.516924,-0.70718,1,All,#4682B4,0
6,17,9.5,1.82936,-0.740725,-0.845092,1,All,#4682B4,0
7,17,9.5,1.68026,-0.591482,-1.4345,1,All,#4682B4,0
8,17,9.5,1.46086,-0.316504,-0.479123,1,All,#4682B4,0
9,17,9.5,1.56635,-0.458332,-1.00494,1,All,#4682B4,0
10,17,9.5,1.71795,-0.631653,-2.39566,1,All,#4682B4,0
1,17,10,1.43325,-0.275931,-1.02207,1,All,#4682B4,0
2,17,10,1.14994,0.252931,-0.834568,1,All,#4682B4,0
3,17,10,1.08861,0.403651,-0.974118,1,All,#4682B4,0
4,17,10,1.8132,-0.725732,-2.03661,1,All,#4682B4,0
5,17,10,1.34129,-0.128757,-0.936322,1,All,#4682B4,0
6,17,10,1.51679,-0.394157,-1.88882,1,All,#4682B4,0
7,17,10,1.37703,-0.18829,-1.41412,1,All,#4682B4,0
8,17,10,1.13664,0.284217,-1.52018,1,All,#4682B4,0
9,17,10,1.34881,-0.14155,-0.502633,1,All,#4682B4,0
10,17,10,1.38334,-0.198486,-0.454951,1,All,#4682B4,0
1,17,10.5,1.13854,0.279699,-0.591521,1,All,#4682B4,0
2,17,10.5,0.809876,1.37632,0.633274,1,All,#4682B4,0
3,17,10.5,0.726836,1.81033,-0.151414,1,All,#4682B4,0
4,17,10.5,1.49704,-0.36739,-1.34432,1,All,#4682B4,0
5,17,10.5,1.05793,0.485609,-0.478799,1,All,#4682B4,0
6,17,10.5,1.21285,0.114148,-0.932296,1,All,#4682B4,0
7,17,10.5,1.05967,0.480823,-0.540724,1,All,#4682B4,0
8,17,10.5,0.805691,1.39605,-0.203841,1,All,#4682B4,0
9,17,10.5,1.14825,0.256855,0.081791,1,All,#4682B4,0
10,17,10.5,1.02808,0.570032,-0.914619,1,All,#4682B4,0
1,17,11,0.838909,1.24485,0.115948,1,All,#4682B4,0
2,17,11,0.469998,4.12343,-0.47724,1,All,#4682B4,0
3,17,11,0.36575,5.98918,0.883962,1,All,#4682B4,0
4,17,11,1.19391,0.154389,-1.3726,1,All,#4682B4,0
5,17,11,0.775116,1.54668,0.254215,1,All,#4682B4,0
6,17,11,0.91902,0.925168,-1.68543,1,All,#4682B4,0
7,17,11,0.730519,1.78899,0.0744412,1,All,#4682B4,0
8,17,11,0.478052,4.01314,-0.27366,1,All,#4682B4,0
9,17,11,0.964705,0.766633,-0.446961,1,All,#4682B4,0
10,17,11,0.669218,2.17476,1.26033,1,All,#4682B4,0
1,17,11.5,0.545575,3.21663,-0.324369,1,All,#4682B4,0
2,17,11.5,0.12889,21.4473,-0.69708,1,All,#4682B4,0
3,17,11.5,0,5.71957e+15,0,1,All,#4682B4,0
4,17,11.5,0.905359,0.975679,-0.264953,1,All,#4682B4,0
5,17,11.5,0.492703,3.82177,-0.492657,1,All,#4682B4,0
6,17,11.5,0.63371,2.43236,0.10763,1,All,#4682B4,0
7,17,11.5,0.395048,5.36533,-0.15021,1,All,#4682B4,0
8,17,11.5,0.151944,17.8255,-0.648887,1,All,#4682B4,0
9,17,11.5,0.795869,1.44318,0.407483,1,All,#4682B4,0
10,17,11.5,0.320957,7.16312,0.592068,1,All,#4682B4,0
1,17,12,0.267724,9.06907,0.666141,1,All,#4682B4,0
2,17,12,0,5.71957e+15,0,1,All,#4682B4,0
3,17,12,0,5.71957e+15,0,1,All,#4682B4,0
4,17,12,0.629922,2.46155,0.389046,1,All,#4682B4,0
5,17,12,0.215249,11.8706,-0.656087,1,All,#4682B4,0
6,17,12,0.356944,6.19669,0.0968011,1,All,#4682B4,0
7,17,12,0.050429,58.5854,-1.00209,1,All,#4682B4,0
8,17,12,0,5.71957e+15,1.36173,1,All,#4682B4,0
9,17,12,0.63776,2.40153,0.419695,1,All,#4682B4,0
10,17,12,0,5.71957e+15,1.54247,1,All,#4682B4,0
1,17,12.5,0.00807274,378.683,0.090862,1,All,#4682B4,0
2,17,12.5,0,5.71957e+15,0,1,All,#4682B4,0
3,17,12.5,0,5.71957e+15,0,1,All,#4682B4,0
4,17,12.5,0.365676,5.99086,0.939356,1,All,#4682B4,0
5,17,12.5,0,5.71957e+15,0,1,All,#4682B4,0
6,17,12.5,0.0872987,32.8193,0.177141,1,All,#4682B4,0
7,17,12.5,0,5.71957e+15,0,1,All,#4682B4,0
8,17,12.5,0,5.71957e+15,0,1,All,#4682B4,0
9,17,12.5,0.487179,3.89257,-1.81197,1,All,#4682B4,0
10,17,12.5,0,5.71957e+15,1.37753,1,All,#4682B4,0
1,17,13,0,5.71957e+15,0,1,All,#4682B4,0
2,17,13,0,5.71957e+15,0,1,All,#4682B4,0
3,17,13,0,5.71957e+15,0,1,All,#4682B4,0
4,17,13,0.109701,25.6225,-1.42869,1,All,#4682B4,0
5,17,13,0,5.71957e+15,1.153,1,All,#4682B4,0
6,17,13,0,5.71957e+15,0,1,All,#4682B4,0
7,17,13,0,5.71957e+15,1.78821,1,All,#4682B4,0
8,17,13,0,5.71957e+15,0,1,All,#4682B4,0
9,17,13,0.342433,6.56194,-0.466829,1,All,#4682B4,0
10,17,13,0,5.71957e+15,0,1,All,#4682B4,0
1,17,13.5,0,5.71957e+15,0,1,All,#4682B4,0
2,17,13.5,0,5.71957e+15,1.14996,1,All,#4682B4,0
3,17,13.5,0,5.71957e+15,0,1,All,#4682B4,0
4,17,13.5,0,5.71957e+15,2.53465,1,All,#4682B4,0
5,17,13.5,0,5.71957e+15,0,1,All,#4682B4,0
6,17,13.5,0,5.71957e+15,1.55021,1,All,#4682B4,0
7,17,13.5,0,5.71957e+15,1.57719,1,All,#4682B4,0
8,17,13.5,0,5.71957e+15,3.2094,1,All,#4682B4,0
9,17,13.5,0.200931,12.889,0.194366,1,All,#4682B4,0
10,17,13.5,0,5.71957e+15,1.67482,1,All,#4682B4,0
1,17,14,0,5.71957e+15,1.03648,1,All,#4682B4,0
2,17,14,0,5.71957e+15,0,1,All,#4682B4,0
3,17,14,0,5.71957e+15,1.04162,1,All,#4682B4,0
4,17,14,0,5.71957e+15,0,1,All,#4682B4,0
5,17,14,0,5.71957e+15,1.49865,1,All,#4682B4,0
6,17,14,0,5.71957e+15,1.04216,1,All,#4682B4,0
7,17,14,0,5.71957e+15,0,1,All,#4682B4,0
8,17,14,0,5.71957e+15,0,1,All,#4682B4,0
9,17,14,0.0622835,46.9737,-0.176731,1,All,#4682B4,0
10,17,14,0,5.71957e+15,0,1,All,#4682B4,0
1,17,14.5,0,5.71957e+15,2.47802,1,All,#4682B4,0
2,17,14.5,0,5.71957e+15,2.70089,1,All,#4682B4,0
3,17,14.5,0,5.71957e+15,0,1,All,#4682B4,0
4,17,14.5,0,5.71957e+15,0,1,All,#4682B4,0
5,17,14.5,0,5.71957e+15,1.99084,1,All,#4682B4,0
6,17,14.5,0,5.71957e+15,0,1,All,#4682B4,0
7,17,14.5,0,5.71957e+15,0,1,All,#4682B4,0
8,17,14.5,0,5.71957e+15,0,1,All,#4682B4,0
9,17,14.5,0,5.71957e+15,1.07706,1,All,#4682B4,0
10,17,14.5,0,5.71957e+15,0,1,All,#4682B4,0
1,17,15,0,5.71957e+15,0,1,All,#4682B4,0
2,17,15,0,5.71957e+15,0,1,All,#4682B4,0
3,17,15,0,5.71957e+15,0,1,All,#4682B4,0
4,17,15,0,5.71957e+15,0,1,All,#4682B4,0
5,17,15,0,5.71957e+15,0,1,All,#4682B4,0
6,17,15,0,5.71957e+15,1.21916,1,All,#4682B4,0
7,17,15,0,5.71957e+15,1.34911,1,All,#4682B4,0
8,17,15,0,5.71957e+15,0,1,All,#4682B4,0
9,17,15,0,5.71957e+15,0,1,All,#4682B4,0
10,17,15,0,5.71957e+15,2.45168,1,All,#4682B4,0
1,17,15.5,0,5.71957e+15,0,1,All,#4682B4,0
2,17,15.5,0,5.71957e+15,1.26856,1,All,#4682B4,0
3,17,15.5,0,5.71957e+15,0,1,All,#4682B4,0
4,17,15.5,0,5.71957e+15,0,1,All,#4682B4,0
5,17,15.5,0,5.71957e+15,0,1,All,#4682B4,0
6,17,15.5,0,5.71957e+15,1.47187,1,All,#4682B4,0
7,17,15.5,0,5.71957e+15,0,1,All,#4682B4,0
8,17,15.5,0,5.71957e+15,3.07059,1,All,#4682B4,0
9,17,15.5,0,5.71957e+15,1.85742,1,All,#4682B4,0
10,17,15.5,0,5.71957e+15,0,1,All,#4682B4,0
1,18,1,0,5.71957e+15,1.55345,1,All,#4682B4,0
2,18,1,0,5.71957e+15,1.46895,1,All,#4682B4,0
3,18,1,0,5.71957e+15,0,1,All,#4682B4,0
4,18,1,0,5.71957e+15,0,1,All,#4682B4,0
5,18,1,0,5.71957e+15,0,1,All,#4682B4,0
6,18,1,0,5.71957e+15,0,1,All,#4682B4,0
7,18,1,0,5.71957e+15,1.5452,1,All,#4682B4,0
8,18,1,0,5.71957e+15,1.0718,1,All,#4682B4,0
9,18,1,0,5.71957e+15,0,1,All,#4682B4,0
10,18,1,0,5.71957e+15,0,1,All,#4682B4,0
1,18,1.5,0,5.71957e+15,0,1,All,#4682B4,0
2,18,1.5,0,5.71957e+15,0,1,All,#4682B4,0
3,18,1.5,0,5.71957e+15,0,1,All,#4682B4,0
4,18,1.5,0,5.71957e+15,0,1,All,#4682B4,0
5,18,1.5,0,5.71957e+15,0,1,All,#4682B4,0
6,18,1.5,0,5.71957e+15,0,1,All,#4682B4,0
7,18,1.5,0,5.71957e+15,0,1,All,#4682B4,0
8,18,1.5,0,5.71957e+15,0,1,All,#4682B4,0
9,18,1.5,0,5.71957e+15,2.47592,1,All,#4682B4,0
10,18,1.5,0,5.71957e+15,0,1,All,#4682B4,0
1,18,2,0,5.71957e+15,0,1,All,#4682B4,0
2,18,2,0,5.71957e+15,0,1,All,#4682B4,0
3,18,2,0,5.71957e+15,0,1,All,#4682B4,0
4,18,2,0,5.71957e+15,0,1,All,#4682B4,0
5,18,2,0,5.71957e+15,0,1,All,#4682B4,0
6,18,2,0,5.71957e+15,0,1,All,#4682B4,0
7,18,2,0,5.71957e+15,0,1,All,#4682B4,0
8,18,2,0,5.71957e+15,0,1,All,#4682B4,0
9,18,2,0,5.71957e+15,0,1,All,#4682B4,0
10,18,2,0,5.71957e+15,2.02252,1,All,#4682B4,0
1,18,2.5,0,5.71957e+15,0,1,All,#4682B4,0
2,18,2.5,0,5.71957e+15,0,1,All,#4682B4,0
3,18,2.5,0,5.71957e+15,2.52641,1,All,#4682B4,0
4,18,2.5,0,5.71957e+15,2.23827,1,All,#4682B4,0
5,18,2.5,0,5.71957e+15,1.1248,1,All,#4682B4,0
6,18,2.5,0,5.71957e+15,1.21612,1,All,#4682B4,0
7,18,2.5,0,5.71957e+15,0,1,All,#4682B4,0
8,18,2.5,0,5.71957e+15,0,1,All,#4682B4,0
9,18,2.5,0,5.71957e+15,1.26111,1,All,#4682B4,0
10,18,2.5,0,5.71957e+15,1.18112,1,All,#4682B4,0
1,18,3,1.68123,1.25182,1.25182,0,All,#4682B4,0
2,18,3,1.49853,1.69979,1.69979,0,All,#4682B4,0
3,18,3,1.38547,2.03618,2.03618,0,All,#4682B4,0
4,18,3,1.96189,0.726182,0.726182,0,All,#4682B4,0
5,18,3,2.0017,0.663567,0.663567,0,All,#4682B4,0
6,18,3,1.95739,0.733418,0.733418,0,All,#4682B4,0
7,18,3,1.70804,1.19414,1.19414,0,All,#4682B4,0
8,18,3,1.54435,1.57748,1.57748,0,All,#4682B4,0
9,18,3,1.33061,2.22002,2.22002,0,All,#4682B4,0
10,18,3,1.45758,1.81559,1.81559,0,All,#4682B4,0
1,18,3.5,2.23293,0.322286,0.322286,0,All,#4682B4,0
2,18,3.5,2.45319,0.07585,0.07585,0,All,#4682B4,0
3,18,3.5,2.41203,0.11848,0.11848,0,All,#4682B4,0
4,18,3.5,2.57896,-0.0459937,-0.0459937,0,All,#4682B4,0
5,18,3.5,2.61391,-0.0777692,-0.0777692,0,All,#4682B4,0
6,18,3.5,2.59313,-0.0589748,-0.0589748,0,All,#4682B4,0
7,18,3.5,2.23867,0.315257,0.315257,0,All,#4682B4,0
8,18,3.5,2.57877,-0.0458132,-0.0458132,0,All,#4682B4,0
9,18,3.5,2.59585,-0.0614492,-0.0614492,0,All,#4682B4,0
10,18,3.5,2.33621,0.200946,0.200946,0,All,#4682B4,0
1,18,4,2.51622,-0.227424,-0.227424,0,All,#4682B4,0
2,18,4,2.82767,-0.469196,-0.469196,0,All,#4682B4,0
3,18,4,2.80462,-0.453142,-0.453142,0,All,#4682B4,0
4,18,4,2.81458,-0.460107,-0.460107,0,All,#4682B4,0
5,18,4,2.87206,-0.499382,-0.499382,0,All,#4682B4,0
6,18,4,2.90639,-0.522099,-0.522099,0,All,#4682B4,0
7,18,4,2.46787,-0.184414,-0.184414,0,All,#4682B4,0
8,18,4,2.89817,-0.51671,-0.51671,0,All,#4682B4,0
9,18,4,3.02903,-0.599041,-0.599041,0,All,#4682B4,0
10,18,4,2.66012,-0.346165,-0.346165,0,All,#4682B4,0
1,18,4.5,2.69055,0.845851,0.845851,0,All,#4682B4,0
2,18,4.5,3.01776,0.491471,0.491471,0,All,#4682B4,0
3,18,4.5,2.97737,0.531001,0.531001,0,All,#4682B4,0
4,18,4.5,2.93833,0.570241,0.570241,0,All,#4682B4,0
5,18,4.5,3.00947,0.499501,0.499501,0,All,#4682B4,0
6,18,4.5,3.06539,0.446197,0.446197,0,All,#4682B4,0
7,18,4.5,2.5904,0.972219,0.972219,0,All,#4682B4,0
8,18,4.5,3.01173,0.497308,0.497308,0,All,#4682B4,0
9,18,4.5,3.25726,0.277217,0.277217,0,All,#4682B4,0
10,18,4.5,2.80695,0.710322,0.710322,0,All,#4682B4,0
1,18,5,2.80245,0.646192,0.646192,0,All,#4682B4,0
2,18,5,3.09774,0.353678,0.353678,0,All,#4682B4,0
3,18,5,3.01794,0.427084,0.427084,0,All,#4682B4,0
4,18,5,2.99709,0.446905,0.446905,0,All,#4682B4,0
5,18,5,3.08024,0.369447,0.369447,0,All,#4682B4,0
6,18,5,3.12177,0.332305,0.332305,0,All,#4682B4,0
7,18,5,2.65371,0.818197,0.818197,0,All,#4682B4,0
8,18,5,3.02569,0.419781,0.419781,0,All,#4682B4,0
9,18,5,3.37585,0.124967,0.124967,0,All,#4682B4,0
10,18,5,2.84924,0.595803,0.595803,0,All,#4682B4,0
1,18,5.5,2.85754,0.875271,0.875271,0,All,#4682B4,0
2,18,5.5,3.10053,0.616826,0.616826,0,All,#4682B4,0
3,18,5.5,2.9784,0.741456,0.741456,0,All,#4682B4,0
4,18,5.5,3.00068,0.71796,0.71796,0,All,#4682B4,0
5,18,5.5,3.10591,0.611565,0.611565,0,All,#4682B4,0
6,18,5.5,3.11263,0.605014,0.605014,0,All,#4682B4,0
7,18,5.5,2.67482,1.10055,1.10055,0,All,#4682B4,0
8,18,5.5,3,0.718677,0.718677,0,All,#4682B4,0
9,18,5.5,3.4174,0.335008,0.335008,0,All,#4682B4,0
10,18,5.5,2.82398,0.914458,0.914458,0,All,#4682B4,0
1,18,6,2.85153,1.33248,1.33248,0,All,#4682B4,0
2,18,6,3.04623,1.09248,1.09248,0,All,#4682B4,0
3,18,6,2.89675,1.27386,1.27386,0,All,#4682B4,0
4,18,6,2.94898,1.20839,1.20839,0,All,#4682B4,0
5,18,6,3.08962,1.04311,1.04311,0,All,#4682B4,0
6,18,6,3.06393,1.07218,1.07218,0,All,#4682B4,0
7,18,6,2.65012,1.61786,1.61786,0,All,#4682B4,0
8,18,6,2.95355,1.20278,1.20278,0,All,#4682B4,0
9,18,6,3.39916,0.727526,0.727526,0,All,#4682B4,0
10,18,6,2.75172,1.46869,1.46869,0,All,#4682B4,0
1,18,6.5,2.77989,0.880246,0.880246,0,All,#4682B4,0
2,18,6.5,2.94286,0.697345,0.697345,0,All,#4682B4,0
3,18,6.5,2.77643,0.884356,0.884356,0,All,#4682B4,0
4,18,6.5,2.83095,0.82068,0.82068,0,All,#4682B4,0
5,18,6.5,3.03082,0.606799,0.606799,0,All,#4682B4,0
6,18,6.5,2.98746,0.650767,0.650767,0,All,#4682B4,0
7,18,6.5,2.57726,1.13991,1.13991,0,All,#4682B4,0
8,18,6.5,2.87908,0.766464,0.766464,0,All,#4682B4,0
9,18,6.5,3.32826,0.336083,0.336083,0,All,#4682B4,0
10,18,6.5,2.63918,1.05633,1.05633,0,All,#4682B4,0
1,18,7,2.63378,0.704748,0.704748,0,All,#4682B4,0
2,18,7,2.78897,0.530738,0.530738,0,All,#4682B4,0
3,18,7,2.60712,0.736734,0.736734,0,All,#4682B4,0
4,18,7,2.63392,0.704588,0.704588,0,All,#4682B4,0
5,18,7,2.92113,0.397125,0.397125,0,All,#4682B4,0
6,18,7,2.8859,0.431551,0.431551,0,All,#4682B4,0
7,18,7,2.44676,0.943792,0.943792,0,All,#4682B4,0
8,18,7,2.76669,0.554525,0.554525,0,All,#4682B4,0
9,18,7,3.20074,0.150814,0.150814,0,All,#4682B4,0
10,18,7,2.48462,0.892494,0.892494,0,All,#4682B4,0
1,18,7.5,2.41536,-1.14874,-1.2292,1,All,#4682B4,0
2,18,7.5,2.57977,-1.22992,-1.55155,1,All,#4682B4,0
3,18,7.5,2.3894,-1.13491,-1.43027,1,All,#4682B4,0
4,18,7.5,2.38478,-1.13241,-2.07506,1,All,#4682B4,0
5,18,7.5,2.74432,-1.30142,-1.5453,1,All,#4682B4,0
6,18,7.5,2.75722,-1.30667,-1.57682,1,All,#4682B4,0
7,18,7.5,2.24606,-1.05273,-1.25082,1,All,#4682B4,0
8,18,7.5,2.59982,-1.23912,-1.3786,1,All,#4682B4,0
9,18,7.5,3.00363,-1.39821,-2.40478,1,All,#4682B4,0
10,18,7.5,2.28315,-1.07498,-2.26461,1,All,#4682B4,0
1,18,8,2.15697,-0.996155,-1.09996,1,All,#4682B4,0
2,18,8,2.31491,-1.09347,-1.31665,1,All,#4682B4,0
3,18,8,2.13104,-0.978798,-1.07504,1,All,#4682B4,0
4,18,8,2.1592,-0.997629,-2.12802,1,All,#4682B4,0
5,18,8,2.4834,-1.18364,-1.61802,1,All,#4682B4,0
6,18,8,2.59708,-1.23787,-1.64232,1,All,#4682B4,0
7,18,8,1.98063,-0.869164,-1.12689,1,All,#4682B4,0
8,18,8,2.35576,-1.11652,-2.13618,1,All,#4682B4,0
9,18,8,2.72285,-1.29259,-1.36569,1,All,#4682B4,0
10,18,8,2.03526,-0.910861,-1.11142,1,All,#4682B4,0
1,18,8.5,1.90144,-0.804472,-0.845595,1,All,#4682B4,0
2,18,8.5,2.02025,-0.899628,-1.51472,1,All,#4682B4,0
3,18,8.5,1.8573,-0.766018,-1.14982,1,All,#4682B4,0
4,18,8.5,1.97484,-0.86461,-1.13397,1,All,#4682B4,0
5,18,8.5,2.15758,-0.996559,-1.89392,1,All,#4682B4,0
6,18,8.5,2.39995,-1.14056,-1.15666,1,All,#4682B4,0
7,18,8.5,1.71574,-0.62935,-0.926993,1,All,#4682B4,0
8,18,8.5,2.01007,-0.891913,-1.28461,1,All,#4682B4,0
9,18,8.5,2.37163,-1.12526,-1.69445,1,All,#4682B4,0
10,18,8.5,1.76056,-0.674996,-1.07367,1,All,#4682B4,0
1,18,9,1.66584,-0.575634,-1.36941,1,All,#4682B4,0
2,18,9,1.74914,-0.663595,-1.02,1,All,#4682B4,0
3,18,9,1.60326,-0.503552,-1.23851,1,All,#4682B4,0
4,18,9,1.81406,-0.72654,-1.01895,1,All,#4682B4,0
5,18,9,1.86383,-0.771822,-1.76691,1,All,#4682B4,0
6,18,9,2.16056,-0.998525,-1.2261,1,All,#4682B4,0
7,18,9,1.50207,-0.374281,-0.406943,1,All,#4682B4,0
8,18,9,1.5916,-0.489486,-0.561142,1,All,#4682B4,0
9,18,9,2.02962,-0.906662,-0.916707,1,All,#4682B4,0
10,18,9,1.50683,-0.380749,-0.93768,1,All,#4682B4,0
1,18,9.5,1.44659,-0.295724,-1.03439,1,All,#4682B4,0
2,18,9.5,1.53117,-0.4132,-1.57838,1,All,#4682B4,0
3,18,9.5,1.38614,-0.202965,-0.6701,1,All,#4682B4,0
4,18,9.5,1.66648,-0.576344,-0.888654,1,All,#4682B4,0
5,18,9.5,1.63856,-0.544886,-1.08513,1,All,#4682B4,0
6,18,9.5,1.87708,-0.783478,-1.08477,1,All,#4682B4,0
7,18,9.5,1.32698,-0.104029,-1.74575,1,All,#4682B4,0
8,18,9.5,1.27334,-0.00636193,-0.728874,1,All,#4682B4,0
9,18,9.5,1.75468,-0.669147,-0.938236,1,All,#4682B4,0
10,18,9.5,1.30704,-0.068655,-1.01288,1,All,#4682B4,0
1,18,10,1.24063,0.760302,0.760302,0,All,#4682B4,0
2,18,10,1.35621,0.48904,0.48904,0,All,#4682B4,0
3,18,10,1.20459,0.855535,0.855535,0,All,#4682B4,0
4,18,10,1.52545,0.166025,0.166025,0,All,#4682B4,0
5,18,10,1.45432,0.29264,0.29264,0,All,#4682B4,0
6,18,10,1.55963,0.109304,0.109304,0,All,#4682B4,0
7,18,10,1.17431,0.940049,0.940049,0,All,#4682B4,0
8,18,10,1.07801,1.24041,1.24041,0,All,#4682B4,0
9,18,10,1.52967,0.158884,0.158884,0,All,#4682B4,0
10,18,10,1.15235,1.00413,1.00413,0,All,#4682B4,0
1,18,10.5,1.04311,0.526937,0.305063,1,All,#4682B4,0
2,18,10.5,1.20869,0.122871,-0.695647,1,All,#4682B4,0
3,18,10.5,1.04871,0.511173,-1.48044,1,All,#4682B4,0
4,18,10.5,1.38798,-0.205911,-0.599545,1,All,#4682B4,0
5,18,10.5,1.29464,-0.0461068,-0.441886,1,All,#4682B4,0
6,18,10.5,1.2441,0.0504252,-0.59861,1,All,#4682B4,0
7,18,10.5,1.03373,0.553678,0.0833587,1,All,#4682B4,0
8,18,10.5,0.940407,0.849035,0.238244,1,All,#4682B4,0
9,18,10.5,1.33716,-0.121676,-0.948892,1,All,#4682B4,0
10,18,10.5,1.02474,0.5798,0.491269,1,All,#4682B4,0
1,18,11,0.851284,1.19154,-1.15736,1,All,#4682B4,0
2,18,11,1.07932,0.42798,0.050371,1,All,#4682B4,0
3,18,11,0.910851,0.955192,-0.999567,1,All,#4682B4,0
4,18,11,1.25231,0.0342157,-0.882257,1,All,#4682B4,0
5,18,11,1.14717,0.25938,-0.0578956,1,All,#4682B4,0
6,18,11,0.976529,0.728018,-0.169844,1,All,#4682B4,0
7,18,11,0.89929,0.998613,-0.327389,1,All,#4682B4,0
8,18,11,0.829221,1.28769,-2.20365e-05,1,All,#4682B4,0
9,18,11,1.16431,0.219903,-0.736806,1,All,#4682B4,0
10,18,11,0.914486,0.941766,0.0914289,1,All,#4682B4,0
1,18,11.5,0.663154,2.2168,-1.30905,1,All,#4682B4,0
2,18,11.5,0.95917,0.785038,0.0904273,1,All,#4682B4,0
3,18,11.5,0.784473,1.49933,-1.48984,1,All,#4682B4,0
4,18,11.5,1.11766,0.3302,-0.709977,1,All,#4682B4,0
5,18,11.5,1.00652,0.634151,-0.131147,1,All,#4682B4,0
6,18,11.5,0.769506,1.57561,-1.10649,1,All,#4682B4,0
7,18,11.5,0.768733,1.57963,-1.96466,1,All,#4682B4,0
8,18,11.5,0.728538,1.80044,0.374834,1,All,#4682B4,0
9,18,11.5,1.00309,0.64461,-1.29387,1,All,#4682B4,0
10,18,11.5,0.812944,1.36198,0.487477,1,All,#4682B4,0
1,18,12,0.477412,4.02177,-0.315689,1,All,#4682B4,0
2,18,12,0.844678,1.2198,0.334408,1,All,#4682B4,0
3,18,12,0.664705,2.20598,-1.04391,1,All,#4682B4,0
4,18,12,0.983472,0.705777,-0.750066,1,All,#4682B4,0
5,18,12,0.869299,1.11664,0.753039,1,All,#4682B4,0
6,18,12,0.611518,2.60854,0.577697,1,All,#4682B4,0
7,18,12,0.639825,2.38596,-0.647051,1,All,#4682B4,0
8,18,12,0.630392,2.45791,2.31312,1,All,#4682B4,0
9,18,12,0.848765,1.20226,1.05668,1,All,#4682B4,0
10,18,12,0.716934,1.86879,-0.281343,1,All,#4682B4,0
1,18,12.5,0.293006,8.07751,-0.39077,1,All,#4682B4,0
2,18,12.5,0.732671,1.77662,-0.551266,1,All,#4682B4,0
3,18,12.5,0.549307,3.17833,0.62533,1,All,#4682B4,0
4,18,12.5,0.849713,1.19822,0.267695,1,All,#4682B4,0
5,18,12.5,0.733922,1.76946,0.370445,1,All,#4682B4,0
6,18,12.5,0.485322,3.91674,0.649371,1,All,#4682B4,0
7,18,12.5,0.511952,3.58698,1.13151,1,All,#4682B4,0
8,18,12.5,0.531965,3.3609,-0.277536,1,All,#4682B4,0
9,18,12.5,0.697969,1.98539,0.0743955,1,All,#4682B4,0
10,18,12.5,0.62335,2.51304,-0.513869,1,All,#4682B4,0
1,18,13,0.109456,25.6852,0.0808884,1,All,#4682B4,0
2,18,13,0.622676,2.51839,-0.703663,1,All,#4682B4,0
3,18,13,0.436815,4.62069,0.5781,1,All,#4682B4,0
4,18,13,0.715934,1.87479,-1.76882,1,All,#4682B4,0
5,18,13,0.599548,2.70898,-0.160869,1,All,#4682B4,0
6,18,13,0.379628,5.68168,-2.13045,1,All,#4682B4,0
7,18,13,0.384645,5.57597,-1.45959,1,All,#4682B4,0
8,18,13,0.432172,4.69635,0.966613,1,All,#4682B4,0
9,18,13,0.549132,3.18011,-0.316902,1,All,#4682B4,0
10,18,13,0.531526,3.36569,-1.44275,1,All,#4682B4,0
1,18,13.5,0,5.71957e+15,0,1,All,#4682B4,0
2,18,13.5,0.512999,3.57473,-2.23072,1,All,#4682B4,0
3,18,13.5,0.325653,7.02489,-0.0622499,1,All,#4682B4,0
4,18,13.5,0.582401,2.86007,0.684458,1,All,#4682B4,0
5,18,13.5,0.46573,4.18341,-0.016762,1,All,#4682B4,0
6,18,13.5,0.287195,8.28998,-0.428961,1,All,#4682B4,0
7,18,13.5,0.257635,9.5191,0.445269,1,All,#4682B4,0
8,18,13.5,0.330737,6.87967,-0.603683,1,All,#4682B4,0
9,18,13.5,0.401296,5.24408,1.11806,1,All,#4682B4,0
10,18,13.5,0.440419,4.56305,-0.186867,1,All,#4682B4,0
1,18,14,0,5.71957e+15,1.05349,1,All,#4682B4,0
2,18,14,0.40405,5.19182,-1.10863,1,All,#4682B4,0
3,18,14,0.215629,11.8454,-2.05828,1,All,#4682B4,0
4,18,14,0.448784,4.43284,0.186598,1,All,#4682B4,0
5,18,14,0.331972,6.84506,-0.964319,1,All,#4682B4,0
6,18,14,0.200221,12.9434,-0.822389,1,All,#4682B4,0
7,18,14,0.130803,21.0982,-0.235356,1,All,#4682B4,0
8,18,14,0.227674,11.0905,0.0405086,1,All,#4682B4,0
9,18,14,0.254245,9.67831,-1.71241,1,All,#4682B4,0
10,18,14,0.350137,6.36426,0.621592,1,All,#4682B4,0
1,18,14.5,0,5.71957e+15,0,1,All,#4682B4,0
2,18,14.5,0.295207,7.99923,0.321457,1,All,#4682B4,0
3,18,14.5,0.106086,26.5782,-1.38265,1,All,#4682B4,0
4,18,14.5,0.315269,7.33606,-0.537876,1,All,#4682B4,0
5,18,14.5,0.198505,13.0762,2.28276,1,All,#4682B4,0
6,18,14.5,0.11816,23.6147,0.0677939,1,All,#4682B4,0
7,18,14.5,0.00406285,754.821,-0.648165,1,All,#4682B4,0
8,18,14.5,0.123004,22.5895,-1.4657,1,All,#4682B4,0
9,18,14.5,0.107732,26.1352,1.31292,1,All,#4682B4,0
10,18,14.5,0.260075,9.40705,-1.2442,1,All,#4682B4,0
1,18,15,0,5.71957e+15,0,1,All,#4682B4,0
2,18,15,0.186192,14.1011,-0.805986,1,All,#4682B4,0
3,18,15,0,5.71957e+15,0,1,All,#4682B4,0
4,18,15,0.181798,14.5005,0.0486082,1,All,#4682B4,0
5,18,15,0.0651572,44.7951,1.33192,1,All,#4682B4,0
6,18,15,0.0371357,80.424,1.49237,1,All,#4682B4,0
7,18,15,0,5.71957e+15,0,1,All,#4682B4,0
8,18,15,0.0169378,179.217,0.691351,1,All,#4682B4,0
9,18,15,0,5.71957e+15,0,1,All,#4682B4,0
10,18,15,0.170224,15.6512,1.47079,1,All,#4682B4,0
