rep,ID,time,prediction_iwRes,iwRes_simulated,iwRes_simulated_simBlq,censored,split,color,filter
1,7,1,0,3.48459,1.30464,1,All,#4682B4,0
2,7,1,0,3.48459,1.05608,1,All,#4682B4,0
3,7,1,0,3.48459,0.112272,1,All,#4682B4,0
4,7,1,0,3.48459,0.942136,1,All,#4682B4,0
5,7,1,0,3.48459,1.01698,1,All,#4682B4,0
6,7,1,0,3.48459,0.142188,1,All,#4682B4,0
7,7,1,0,3.48459,0.683381,1,All,#4682B4,0
8,7,1,0,3.48459,0.790527,1,All,#4682B4,0
9,7,1,0,3.48459,0.653933,1,All,#4682B4,0
10,7,1,0,3.48459,0.671243,1,All,#4682B4,0
1,7,1.5,0,3.48459,1.09194,1,All,#4682B4,0
2,7,1.5,0,3.48459,0.043617,1,All,#4682B4,0
3,7,1.5,0,3.48459,0.0387804,1,All,#4682B4,0
4,7,1.5,0,3.48459,1.03361,1,All,#4682B4,0
5,7,1.5,0,3.48459,1.08574,1,All,#4682B4,0
6,7,1.5,0,3.48459,0.377899,1,All,#4682B4,0
7,7,1.5,0,3.48459,0.317706,1,All,#4682B4,0
8,7,1.5,0,3.48459,0.422087,1,All,#4682B4,0
9,7,1.5,0,3.48459,0.498424,1,All,#4682B4,0
10,7,1.5,0,3.48459,0.8146,1,All,#4682B4,0
1,7,2,0,3.48459,0.540723,1,All,#4682B4,0
2,7,2,0,3.48459,0.111698,1,All,#4682B4,0
3,7,2,0,3.48459,0.371337,1,All,#4682B4,0
4,7,2,0,3.48459,0.657534,1,All,#4682B4,0
5,7,2,0,3.48459,0.512559,1,All,#4682B4,0
6,7,2,0,3.48459,0.530067,1,All,#4682B4,0
7,7,2,0,3.48459,1.60135,1,All,#4682B4,0
8,7,2,0,3.48459,0.411847,1,All,#4682B4,0
9,7,2,0,3.48459,0.521098,1,All,#4682B4,0
10,7,2,0,3.48459,1.59769,1,All,#4682B4,0
1,7,2.5,0,3.48459,0.975625,1,All,#4682B4,0
2,7,2.5,0,3.48459,0.832264,1,All,#4682B4,0
3,7,2.5,0,3.48459,0.139799,1,All,#4682B4,0
4,7,2.5,0,3.48459,0.91724,1,All,#4682B4,0
5,7,2.5,0,3.48459,0.156539,1,All,#4682B4,0
6,7,2.5,0,3.48459,1.76114,1,All,#4682B4,0
7,7,2.5,0,3.48459,0.38336,1,All,#4682B4,0
8,7,2.5,0,3.48459,0.412494,1,All,#4682B4,0
9,7,2.5,1.30731,1.96611,0.0245542,1,All,#4682B4,0
10,7,2.5,0.473058,2.93511,0.867794,1,All,#4682B4,0
1,7,3,0.700255,2.67122,-0.784298,1,All,#4682B4,0
2,7,3,1.77801,1.41938,0.539008,1,All,#4682B4,0
3,7,3,0,3.48459,0.00607198,1,All,#4682B4,0
4,7,3,1.23141,2.05427,-0.41118,1,All,#4682B4,0
5,7,3,0,3.48459,0.0727734,1,All,#4682B4,0
6,7,3,2.39748,0.699841,0.36436,1,All,#4682B4,0
7,7,3,1.69546,1.51526,0.154394,1,All,#4682B4,0
8,7,3,0,3.48459,0.149141,1,All,#4682B4,0
9,7,3,2.74993,0.290461,-0.444163,1,All,#4682B4,0
10,7,3,2.19434,0.935796,0.40806,1,All,#4682B4,0
1,7,3.5,3.34008,0.707277,0.707277,0,All,#4682B4,0
2,7,3.5,3.88953,0.0690737,0.0690737,0,All,#4682B4,0
3,7,3.5,3.11513,0.968566,0.968566,0,All,#4682B4,0
4,7,3.5,2.73359,1.41173,1.41173,0,All,#4682B4,0
5,7,3.5,2.63733,1.52354,1.52354,0,All,#4682B4,0
6,7,3.5,3.88452,0.074895,0.074895,0,All,#4682B4,0
7,7,3.5,3.65021,0.347053,0.347053,0,All,#4682B4,0
8,7,3.5,2.44497,1.74697,1.74697,0,All,#4682B4,0
9,7,3.5,3.89648,0.0609995,0.0609995,0,All,#4682B4,0
10,7,3.5,3.42074,0.613588,0.613588,0,All,#4682B4,0
1,7,4,4.77213,-2.05837,-2.48033,1,All,#4682B4,0
2,7,4,5.05607,-2.38818,-2.43161,1,All,#4682B4,0
3,7,4,4.80058,-2.09142,-2.36693,1,All,#4682B4,0
4,7,4,3.89709,-1.042,-1.06522,1,All,#4682B4,0
5,7,4,4.12618,-1.30809,-1.7886,1,All,#4682B4,0
6,7,4,4.90597,-2.21384,-2.72893,1,All,#4682B4,0
7,7,4,4.86673,-2.16826,-2.24302,1,All,#4682B4,0
8,7,4,4.26995,-1.47509,-2.1092,1,All,#4682B4,0
9,7,4,4.83426,-2.13054,-2.34523,1,All,#4682B4,0
10,7,4,4.40493,-1.63187,-1.75025,1,All,#4682B4,0
1,7,4.5,5.70871,-0.537453,-0.537453,0,All,#4682B4,0
2,7,4.5,5.82098,-0.667858,-0.667858,0,All,#4682B4,0
3,7,4.5,5.73407,-0.566902,-0.566902,0,All,#4682B4,0
4,7,4.5,4.82794,0.485592,0.485592,0,All,#4682B4,0
5,7,4.5,5.14749,0.114421,0.114421,0,All,#4682B4,0
6,7,4.5,5.66163,-0.482762,-0.482762,0,All,#4682B4,0
7,7,4.5,5.71671,-0.546747,-0.546747,0,All,#4682B4,0
8,7,4.5,5.28626,-0.0467649,-0.0467649,0,All,#4682B4,0
9,7,4.5,5.61591,-0.429656,-0.429656,0,All,#4682B4,0
10,7,4.5,5.21684,0.0338728,0.0338728,0,All,#4682B4,0
1,7,5,6.37403,-0.80846,-0.80846,0,All,#4682B4,0
2,7,5,6.36286,-0.795484,-0.795484,0,All,#4682B4,0
3,7,5,6.34899,-0.779373,-0.779373,0,All,#4682B4,0
4,7,5,5.58911,0.103249,0.103249,0,All,#4682B4,0
5,7,5,5.90042,-0.258345,-0.258345,0,All,#4682B4,0
6,7,5,6.24107,-0.654027,-0.654027,0,All,#4682B4,0
7,7,5,6.35066,-0.78131,-0.78131,0,All,#4682B4,0
8,7,5,5.95782,-0.325021,-0.325021,0,All,#4682B4,0
9,7,5,6.27607,-0.694679,-0.694679,0,All,#4682B4,0
10,7,5,5.89953,-0.257314,-0.257314,0,All,#4682B4,0
1,7,5.5,6.86804,0.554002,0.554002,0,All,#4682B4,0
2,7,5.5,6.76858,0.66953,0.66953,0,All,#4682B4,0
3,7,5.5,6.78917,0.645613,0.645613,0,All,#4682B4,0
4,7,5.5,6.22036,1.3063,1.3063,0,All,#4682B4,0
5,7,5.5,6.47961,1.00518,1.00518,0,All,#4682B4,0
6,7,5.5,6.69792,0.751607,0.751607,0,All,#4682B4,0
7,7,5.5,6.83969,0.58693,0.58693,0,All,#4682B4,0
8,7,5.5,6.44225,1.04857,1.04857,0,All,#4682B4,0
9,7,5.5,6.83506,0.592308,0.592308,0,All,#4682B4,0
10,7,5.5,6.47922,1.00563,1.00563,0,All,#4682B4,0
1,7,6,7.23197,1.48796,1.48796,0,All,#4682B4,0
2,7,6,7.0758,1.66935,1.66935,0,All,#4682B4,0
3,7,6,7.10841,1.63147,1.63147,0,All,#4682B4,0
4,7,6,6.74545,2.05306,2.05306,0,All,#4682B4,0
5,7,6,6.93176,1.83665,1.83665,0,All,#4682B4,0
6,7,6,7.05538,1.69307,1.69307,0,All,#4682B4,0
7,7,6,7.21733,1.50495,1.50495,0,All,#4682B4,0
8,7,6,6.80905,1.97919,1.97919,0,All,#4682B4,0
9,7,6,7.2964,1.41312,1.41312,0,All,#4682B4,0
10,7,6,6.96675,1.79601,1.79601,0,All,#4682B4,0
1,7,6.5,7.47612,0.413362,0.413362,0,All,#4682B4,0
2,7,6.5,7.30308,0.614358,0.614358,0,All,#4682B4,0
3,7,6.5,7.33626,0.575818,0.575818,0,All,#4682B4,0
4,7,6.5,7.16884,0.770278,0.770278,0,All,#4682B4,0
5,7,6.5,7.27355,0.648651,0.648651,0,All,#4682B4,0
6,7,6.5,7.31834,0.596631,0.596631,0,All,#4682B4,0
7,7,6.5,7.49214,0.39476,0.39476,0,All,#4682B4,0
8,7,6.5,7.08743,0.864843,0.864843,0,All,#4682B4,0
9,7,6.5,7.63785,0.225516,0.225516,0,All,#4682B4,0
10,7,6.5,7.35327,0.556061,0.556061,0,All,#4682B4,0
1,7,7,7.59581,-0.747803,-0.747803,0,All,#4682B4,0
2,7,7,7.45718,-0.586782,-0.586782,0,All,#4682B4,0
3,7,7,7.47698,-0.609783,-0.609783,0,All,#4682B4,0
4,7,7,7.47444,-0.606833,-0.606833,0,All,#4682B4,0
5,7,7,7.50007,-0.636602,-0.636602,0,All,#4682B4,0
6,7,7,7.47995,-0.61323,-0.61323,0,All,#4682B4,0
7,7,7,7.65923,-0.821463,-0.821463,0,All,#4682B4,0
8,7,7,7.28413,-0.385783,-0.385783,0,All,#4682B4,0
9,7,7,7.81375,-1.00094,-1.00094,0,All,#4682B4,0
10,7,7,7.59557,-0.747529,-0.747529,0,All,#4682B4,0
1,7,7.5,7.59221,0.782625,0.782625,0,All,#4682B4,0
2,7,7.5,7.54032,0.842896,0.842896,0,All,#4682B4,0
3,7,7.5,7.53777,0.845861,0.845861,0,All,#4682B4,0
4,7,7.5,7.62193,0.74811,0.74811,0,All,#4682B4,0
5,7,7.5,7.59995,0.773635,0.773635,0,All,#4682B4,0
6,7,7.5,7.53501,0.849061,0.849061,0,All,#4682B4,0
7,7,7.5,7.71519,0.639776,0.639776,0,All,#4682B4,0
8,7,7.5,7.40266,1.00279,1.00279,0,All,#4682B4,0
9,7,7.5,7.79384,0.548424,0.548424,0,All,#4682B4,0
10,7,7.5,7.65307,0.711935,0.711935,0,All,#4682B4,0
1,7,8,7.48569,0.0898027,0.0898027,0,All,#4682B4,0
2,7,8,7.55636,0.0077089,0.0077089,0,All,#4682B4,0
3,7,8,7.51326,0.057775,0.057775,0,All,#4682B4,0
4,7,8,7.58229,-0.0224101,-0.0224101,0,All,#4682B4,0
5,7,8,7.57836,-0.0178382,-0.0178382,0,All,#4682B4,0
6,7,8,7.49248,0.0819091,0.0819091,0,All,#4682B4,0
7,7,8,7.65976,-0.112391,-0.112391,0,All,#4682B4,0
8,7,8,7.44351,0.13879,0.13879,0,All,#4682B4,0
9,7,8,7.60432,-0.0479982,-0.0479982,0,All,#4682B4,0
10,7,8,7.5447,0.0212527,0.0212527,0,All,#4682B4,0
1,7,8.5,7.31104,-0.173116,-0.173116,0,All,#4682B4,0
2,7,8.5,7.49852,-0.390876,-0.390876,0,All,#4682B4,0
3,7,8.5,7.40777,-0.285473,-0.285473,0,All,#4682B4,0
4,7,8.5,7.37203,-0.243962,-0.243962,0,All,#4682B4,0
5,7,8.5,7.46023,-0.346404,-0.346404,0,All,#4682B4,0
6,7,8.5,7.37392,-0.246151,-0.246151,0,All,#4682B4,0
7,7,8.5,7.51746,-0.412871,-0.412871,0,All,#4682B4,0
8,7,8.5,7.40605,-0.283469,-0.283469,0,All,#4682B4,0
9,7,8.5,7.30961,-0.171458,-0.171458,0,All,#4682B4,0
10,7,8.5,7.32742,-0.192144,-0.192144,0,All,#4682B4,0
1,7,9,7.09939,-0.951747,-0.951747,0,All,#4682B4,0
2,7,9,7.35269,-1.24596,-1.24596,0,All,#4682B4,0
3,7,9,7.22321,-1.09557,-1.09557,0,All,#4682B4,0
4,7,9,7.0477,-0.891704,-0.891704,0,All,#4682B4,0
5,7,9,7.25767,-1.13559,-1.13559,0,All,#4682B4,0
6,7,9,7.19193,-1.05923,-1.05923,0,All,#4682B4,0
7,7,9,7.31418,-1.20122,-1.20122,0,All,#4682B4,0
8,7,9,7.3001,-1.18487,-1.18487,0,All,#4682B4,0
9,7,9,6.97749,-0.810151,-0.810151,0,All,#4682B4,0
10,7,9,7.04501,-0.888576,-0.888576,0,All,#4682B4,0
1,7,9.5,6.87338,1.39921,1.39921,0,All,#4682B4,0
2,7,9.5,7.12687,1.10477,1.10477,0,All,#4682B4,0
3,7,9.5,6.96025,1.2983,1.2983,0,All,#4682B4,0
4,7,9.5,6.67394,1.63086,1.63086,0,All,#4682B4,0
5,7,9.5,6.98815,1.26589,1.26589,0,All,#4682B4,0
6,7,9.5,6.95355,1.30608,1.30608,0,All,#4682B4,0
7,7,9.5,7.06434,1.1774,1.1774,0,All,#4682B4,0
8,7,9.5,7.12852,1.10285,1.10285,0,All,#4682B4,0
9,7,9.5,6.65922,1.64796,1.64796,0,All,#4682B4,0
10,7,9.5,6.71844,1.57917,1.57917,0,All,#4682B4,0
1,7,10,6.64514,0.894209,0.894209,0,All,#4682B4,0
2,7,10,6.82267,0.68801,0.68801,0,All,#4682B4,0
3,7,10,6.61831,0.92538,0.92538,0,All,#4682B4,0
4,7,10,6.29913,1.29612,1.29612,0,All,#4682B4,0
5,7,10,6.65885,0.878284,0.878284,0,All,#4682B4,0
6,7,10,6.66813,0.867511,0.867511,0,All,#4682B4,0
7,7,10,6.77318,0.745489,0.745489,0,All,#4682B4,0
8,7,10,6.89383,0.605356,0.605356,0,All,#4682B4,0
9,7,10,6.38183,1.20006,1.20006,0,All,#4682B4,0
10,7,10,6.35603,1.23002,1.23002,0,All,#4682B4,0
1,7,10.5,6.38526,0.739596,0.739596,0,All,#4682B4,0
2,7,10.5,6.44065,0.67526,0.67526,0,All,#4682B4,0
3,7,10.5,6.19884,0.956127,0.956127,0,All,#4682B4,0
4,7,10.5,5.95973,1.23385,1.23385,0,All,#4682B4,0
5,7,10.5,6.26968,0.873847,0.873847,0,All,#4682B4,0
6,7,10.5,6.34041,0.79169,0.79169,0,All,#4682B4,0
7,7,10.5,6.4415,0.674264,0.674264,0,All,#4682B4,0
8,7,10.5,6.59585,0.494985,0.494985,0,All,#4682B4,0
9,7,10.5,6.14569,1.01786,1.01786,0,All,#4682B4,0
10,7,10.5,5.96252,1.23061,1.23061,0,All,#4682B4,0
1,7,11,6.04791,0.401994,0.401994,0,All,#4682B4,0
2,7,11,5.98405,0.47617,0.47617,0,All,#4682B4,0
3,7,11,5.71136,0.79291,0.79291,0,All,#4682B4,0
4,7,11,5.66102,0.851374,0.851374,0,All,#4682B4,0
5,7,11,5.81853,0.668422,0.668422,0,All,#4682B4,0
6,7,11,5.97401,0.487828,0.487828,0,All,#4682B4,0
7,7,11,6.06868,0.377872,0.377872,0,All,#4682B4,0
8,7,11,6.23149,0.188755,0.188755,0,All,#4682B4,0
9,7,11,5.87919,0.597964,0.597964,0,All,#4682B4,0
10,7,11,5.54296,0.988513,0.988513,0,All,#4682B4,0
1,7,11.5,5.62523,-0.0989926,-0.0989926,0,All,#4682B4,0
2,7,11.5,5.46563,0.0863883,0.0863883,0,All,#4682B4,0
3,7,11.5,5.17074,0.428909,0.428909,0,All,#4682B4,0
4,7,11.5,5.30456,0.27347,0.27347,0,All,#4682B4,0
5,7,11.5,5.3058,0.272026,0.272026,0,All,#4682B4,0
6,7,11.5,5.57465,-0.0402522,-0.0402522,0,All,#4682B4,0
7,7,11.5,5.65465,-0.133174,-0.133174,0,All,#4682B4,0
8,7,11.5,5.80137,-0.303586,-0.303586,0,All,#4682B4,0
9,7,11.5,5.57609,-0.0419231,-0.0419231,0,All,#4682B4,0
10,7,11.5,5.10523,0.505,0.505,0,All,#4682B4,0
1,7,12,5.12521,-0.360315,-0.360315,0,All,#4682B4,0
2,7,12,4.91114,-0.111666,-0.111666,0,All,#4682B4,0
3,7,12,4.61652,0.230544,0.230544,0,All,#4682B4,0
4,7,12,4.89347,-0.0911401,-0.0911401,0,All,#4682B4,0
5,7,12,4.73908,0.0881848,0.0881848,0,All,#4682B4,0
6,7,12,5.15237,-0.39186,-0.39186,0,All,#4682B4,0
7,7,12,5.20105,-0.448413,-0.448413,0,All,#4682B4,0
8,7,12,5.30239,-0.566119,-0.566119,0,All,#4682B4,0
9,7,12,5.24342,-0.497622,-0.497622,0,All,#4682B4,0
10,7,12,4.66019,0.179822,0.179822,0,All,#4682B4,0
1,7,12.5,4.57966,1.69739,1.69739,0,All,#4682B4,0
2,7,12.5,4.37175,1.93888,1.93888,0,All,#4682B4,0
3,7,12.5,4.08134,2.2762,2.2762,0,All,#4682B4,0
4,7,12.5,4.44351,1.85552,1.85552,0,All,#4682B4,0
5,7,12.5,4.13341,2.21572,2.21572,0,All,#4682B4,0
6,7,12.5,4.71981,1.5346,1.5346,0,All,#4682B4,0
7,7,12.5,4.7115,1.54425,1.54425,0,All,#4682B4,0
8,7,12.5,4.74468,1.50571,1.50571,0,All,#4682B4,0
9,7,12.5,4.88399,1.3439,1.3439,0,All,#4682B4,0
10,7,12.5,4.22051,2.11455,2.11455,0,All,#4682B4,0
1,7,13,4.02358,-0.896214,-0.896214,0,All,#4682B4,0
2,7,13,3.87432,-0.722839,-0.722839,0,All,#4682B4,0
3,7,13,3.59855,-0.402533,-0.402533,0,All,#4682B4,0
4,7,13,3.96388,-0.826865,-0.826865,0,All,#4682B4,0
5,7,13,3.52024,-0.311564,-0.311564,0,All,#4682B4,0
6,7,13,4.29362,-1.20987,-1.20987,0,All,#4682B4,0
7,7,13,4.20013,-1.10128,-1.10128,0,All,#4682B4,0
8,7,13,4.16081,-1.0556,-1.0556,0,All,#4682B4,0
9,7,13,4.50007,-1.44967,-1.44967,0,All,#4682B4,0
10,7,13,3.79738,-0.633473,-0.633473,0,All,#4682B4,0
1,7,13.5,3.49365,-0.57339,-1.04185,1,All,#4682B4,0
2,7,13.5,3.43434,-0.504499,-1.28288,1,All,#4682B4,0
3,7,13.5,3.17246,-0.200319,-1.98125,1,All,#4682B4,0
4,7,13.5,3.4565,-0.530241,-0.607659,1,All,#4682B4,0
5,7,13.5,2.93467,0.075888,-0.664691,1,All,#4682B4,0
6,7,13.5,3.89044,-1.03427,-2.74023,1,All,#4682B4,0
7,7,13.5,3.68779,-0.798891,-1.03482,1,All,#4682B4,0
8,7,13.5,3.5836,-0.677872,-2.88019,1,All,#4682B4,0
9,7,13.5,4.0945,-1.27129,-1.92914,1,All,#4682B4,0
10,7,13.5,3.39807,-0.46237,-1.7952,1,All,#4682B4,0
1,7,14,2.99751,0.609214,0.609214,0,All,#4682B4,0
2,7,14,3.05032,0.547866,0.547866,0,All,#4682B4,0
3,7,14,2.79914,0.839622,0.839622,0,All,#4682B4,0
4,7,14,2.92747,0.690563,0.690563,0,All,#4682B4,0
5,7,14,2.39907,1.30431,1.30431,0,All,#4682B4,0
6,7,14,3.52192,9.2771e-05,9.2771e-05,0,All,#4682B4,0
7,7,14,3.19761,0.376792,0.376792,0,All,#4682B4,0
8,7,14,3.05456,0.542949,0.542949,0,All,#4682B4,0
9,7,14,3.66674,-0.168119,-0.168119,0,All,#4682B4,0
10,7,14,3.02646,0.575582,0.575582,0,All,#4682B4,0
1,7,14.5,2.53686,0.537948,0.162155,1,All,#4682B4,0
2,7,14.5,2.71532,0.330669,-0.497994,1,All,#4682B4,0
3,7,14.5,2.47129,0.614111,-0.243502,1,All,#4682B4,0
4,7,14.5,2.37719,0.723415,-1.89335,1,All,#4682B4,0
5,7,14.5,1.91918,1.2554,-0.270193,1,All,#4682B4,0
6,7,14.5,3.19003,-0.220731,-2.41284,1,All,#4682B4,0
7,7,14.5,2.74752,0.293265,0.00288579,1,All,#4682B4,0
8,7,14.5,2.58512,0.481898,-2.31987,1,All,#4682B4,0
9,7,14.5,3.21507,-0.249808,-0.647887,1,All,#4682B4,0
10,7,14.5,2.68378,0.367295,0.200193,1,All,#4682B4,0
1,7,15,2.10361,1.04118,-0.409893,1,All,#4682B4,0
2,7,15,2.41999,0.673703,-1.0464,1,All,#4682B4,0
3,7,15,2.18163,0.950566,0.136182,1,All,#4682B4,0
4,7,15,1.80902,1.38335,-0.223209,1,All,#4682B4,0
5,7,15,1.49359,1.74973,-0.108107,1,All,#4682B4,0
6,7,15,2.89569,0.121164,-0.0581122,1,All,#4682B4,0
7,7,15,2.34582,0.759845,-0.163052,1,All,#4682B4,0
8,7,15,2.17788,0.954913,-0.945931,1,All,#4682B4,0
9,7,15,2.74514,0.296032,-1.79172,1,All,#4682B4,0
10,7,15,2.36976,0.732039,-1.65337,1,All,#4682B4,0
1,7,15.5,1.69147,1.5199,-1.21338,1,All,#4682B4,0
2,7,15.5,2.15371,0.982987,-0.65027,1,All,#4682B4,0
3,7,15.5,1.91867,1.256,-0.0150894,1,All,#4682B4,0
4,7,15.5,1.2215,2.06577,-0.714157,1,All,#4682B4,0
5,7,15.5,1.11658,2.18765,-0.950565,1,All,#4682B4,0
6,7,15.5,2.63256,0.426793,0.0395197,1,All,#4682B4,0
7,7,15.5,1.99317,1.16946,-0.777119,1,All,#4682B4,0
8,7,15.5,1.82623,1.36337,-0.255804,1,All,#4682B4,0
9,7,15.5,2.25294,0.867729,0.715358,1,All,#4682B4,0
10,7,15.5,2.08093,1.06753,-0.296687,1,All,#4682B4,0
1,7,16,1.29551,1.97981,-0.890721,1,All,#4682B4,0
2,7,16,1.90815,1.26821,-2.13879,1,All,#4682B4,0
3,7,16,1.67587,1.53801,0.104269,1,All,#4682B4,0
4,7,16,0.616599,2.76839,0.448783,1,All,#4682B4,0
5,7,16,0.780966,2.57747,0.219854,1,All,#4682B4,0
6,7,16,2.39791,0.699342,-1.67611,1,All,#4682B4,0
7,7,16,1.68762,1.52437,0.339551,1,All,#4682B4,0
8,7,16,1.52154,1.71727,-0.210027,1,All,#4682B4,0
9,7,16,1.74036,1.46311,1.26383,1,All,#4682B4,0
10,7,16,1.81489,1.37654,0.733483,1,All,#4682B4,0
1,8,1,0,3.48459,1.17686,1,All,#4682B4,0
2,8,1,0,3.48459,0.762601,1,All,#4682B4,0
3,8,1,0,3.48459,0.27303,1,All,#4682B4,0
4,8,1,0,3.48459,0.711896,1,All,#4682B4,0
5,8,1,0,3.48459,1.17863,1,All,#4682B4,0
6,8,1,0,3.48459,1.1511,1,All,#4682B4,0
7,8,1,0,3.48459,0.0133752,1,All,#4682B4,0
8,8,1,0,3.48459,1.36409,1,All,#4682B4,0
9,8,1,0,3.48459,0.324935,1,All,#4682B4,0
10,8,1,0,3.48459,0.375847,1,All,#4682B4,0
1,8,1.5,0,3.48459,0.167827,1,All,#4682B4,0
2,8,1.5,0,3.48459,0.627486,1,All,#4682B4,0
3,8,1.5,0,3.48459,2.05187,1,All,#4682B4,0
4,8,1.5,0,3.48459,0.0621948,1,All,#4682B4,0
5,8,1.5,0,3.48459,0.211364,1,All,#4682B4,0
6,8,1.5,0,3.48459,0.536431,1,All,#4682B4,0
7,8,1.5,0,3.48459,1.17957,1,All,#4682B4,0
8,8,1.5,0,3.48459,2.09895,1,All,#4682B4,0
9,8,1.5,0,3.48459,1.47117,1,All,#4682B4,0
10,8,1.5,0,3.48459,0.530801,1,All,#4682B4,0
1,8,2,0,4.16524,4.16524,0,All,#4682B4,0
2,8,2,0,4.16524,4.16524,0,All,#4682B4,0
3,8,2,4.13603,-0.638876,-0.638876,0,All,#4682B4,0
4,8,2,0,4.16524,4.16524,0,All,#4682B4,0
5,8,2,0,4.16524,4.16524,0,All,#4682B4,0
6,8,2,2.71489,1.01182,1.01182,0,All,#4682B4,0
7,8,2,0,4.16524,4.16524,0,All,#4682B4,0
8,8,2,0,4.16524,4.16524,0,All,#4682B4,0
9,8,2,0,4.16524,4.16524,0,All,#4682B4,0
10,8,2,0,4.16524,4.16524,0,All,#4682B4,0
1,8,2.5,2.68801,0.362389,-0.390534,1,All,#4682B4,0
2,8,2.5,3.15436,-0.179291,-1.16794,1,All,#4682B4,0
3,8,2.5,6.52062,-4.0893,-4.14187,1,All,#4682B4,0
4,8,2.5,2.70836,0.33875,-0.605083,1,All,#4682B4,0
5,8,2.5,0,3.48459,0.451324,1,All,#4682B4,0
6,8,2.5,5.93361,-3.40747,-3.46195,1,All,#4682B4,0
7,8,2.5,0,3.48459,0.264068,1,All,#4682B4,0
8,8,2.5,1.28605,1.9908,-0.744481,1,All,#4682B4,0
9,8,2.5,3.14428,-0.16758,-0.539791,1,All,#4682B4,0
10,8,2.5,1.00166,2.32113,0.354766,1,All,#4682B4,0
1,8,3,6.29884,0.00947359,0.00947359,0,All,#4682B4,0
2,8,3,6.39723,-0.104807,-0.104807,0,All,#4682B4,0
3,8,3,7.33328,-1.19205,-1.19205,0,All,#4682B4,0
4,8,3,6.23926,0.0786847,0.0786847,0,All,#4682B4,0
5,8,3,5.70379,0.700647,0.700647,0,All,#4682B4,0
6,8,3,6.94665,-0.742967,-0.742967,0,All,#4682B4,0
7,8,3,4.95931,1.56539,1.56539,0,All,#4682B4,0
8,8,3,6.00842,0.346813,0.346813,0,All,#4682B4,0
9,8,3,6.29801,0.0104454,0.0104454,0,All,#4682B4,0
10,8,3,6.36505,-0.0674273,-0.0674273,0,All,#4682B4,0
1,8,3.5,7.36235,0.174982,0.174982,0,All,#4682B4,0
2,8,3.5,7.47948,0.0389325,0.0389325,0,All,#4682B4,0
3,8,3.5,7.78259,-0.31314,-0.31314,0,All,#4682B4,0
4,8,3.5,7.23986,0.317257,0.317257,0,All,#4682B4,0
5,8,3.5,7.03394,0.556439,0.556439,0,All,#4682B4,0
6,8,3.5,7.49251,0.0238029,0.0238029,0,All,#4682B4,0
7,8,3.5,7.02281,0.569372,0.569372,0,All,#4682B4,0
8,8,3.5,7.02701,0.564491,0.564491,0,All,#4682B4,0
9,8,3.5,7.33894,0.202177,0.202177,0,All,#4682B4,0
10,8,3.5,7.4891,0.0277654,0.0277654,0,All,#4682B4,0
1,8,4,7.92485,0.547259,0.547259,0,All,#4682B4,0
2,8,4,8.06,0.390278,0.390278,0,All,#4682B4,0
3,8,4,8.06654,0.382676,0.382676,0,All,#4682B4,0
4,8,4,7.75708,0.742121,0.742121,0,All,#4682B4,0
5,8,4,7.71122,0.795394,0.795394,0,All,#4682B4,0
6,8,4,7.82655,0.661434,0.661434,0,All,#4682B4,0
7,8,4,7.9079,0.566944,0.566944,0,All,#4682B4,0
8,8,4,7.54171,0.992283,0.992283,0,All,#4682B4,0
9,8,4,7.89829,0.578099,0.578099,0,All,#4682B4,0
10,8,4,8.05382,0.39745,0.39745,0,All,#4682B4,0
1,8,4.5,8.26181,0.340545,0.340545,0,All,#4682B4,0
2,8,4.5,8.39239,0.188871,0.188871,0,All,#4682B4,0
3,8,4.5,8.25289,0.35091,0.35091,0,All,#4682B4,0
4,8,4.5,8.05818,0.577074,0.577074,0,All,#4682B4,0
5,8,4.5,8.10669,0.520728,0.520728,0,All,#4682B4,0
6,8,4.5,8.0264,0.61398,0.61398,0,All,#4682B4,0
7,8,4.5,8.37185,0.212731,0.212731,0,All,#4682B4,0
8,8,4.5,7.84557,0.824022,0.824022,0,All,#4682B4,0
9,8,4.5,8.22412,0.384332,0.384332,0,All,#4682B4,0
10,8,4.5,8.37693,0.206838,0.206838,0,All,#4682B4,0
1,8,5,8.4497,0.0421636,0.0421636,0,All,#4682B4,0
2,8,5,8.54265,-0.0657973,-0.0657973,0,All,#4682B4,0
3,8,5,8.3675,0.137636,0.137636,0,All,#4682B4,0
4,8,5,8.215,0.314769,0.314769,0,All,#4682B4,0
5,8,5,8.31345,0.200421,0.200421,0,All,#4682B4,0
6,8,5,8.11533,0.430539,0.430539,0,All,#4682B4,0
7,8,5,8.55432,-0.0793598,-0.0793598,0,All,#4682B4,0
8,8,5,8.02015,0.541094,0.541094,0,All,#4682B4,0
9,8,5,8.38331,0.119277,0.119277,0,All,#4682B4,0
10,8,5,8.53858,-0.0610712,-0.0610712,0,All,#4682B4,0
1,8,5.5,8.51664,-1.00547,-1.00547,0,All,#4682B4,0
2,8,5.5,8.54356,-1.03674,-1.03674,0,All,#4682B4,0
3,8,5.5,8.42201,-0.895553,-0.895553,0,All,#4682B4,0
4,8,5.5,8.25669,-0.703522,-0.703522,0,All,#4682B4,0
5,8,5.5,8.36663,-0.831221,-0.831221,0,All,#4682B4,0
6,8,5.5,8.11656,-0.540758,-0.540758,0,All,#4682B4,0
7,8,5.5,8.54136,-1.03417,-1.03417,0,All,#4682B4,0
8,8,5.5,8.09371,-0.514223,-0.514223,0,All,#4682B4,0
9,8,5.5,8.41118,-0.882965,-0.882965,0,All,#4682B4,0
10,8,5.5,8.57515,-1.07343,-1.07343,0,All,#4682B4,0
1,8,6,8.48885,0.325401,0.325401,0,All,#4682B4,0
2,8,6,8.43499,0.387958,0.387958,0,All,#4682B4,0
3,8,6,8.42281,0.402104,0.402104,0,All,#4682B4,0
4,8,6,8.20629,0.6536,0.6536,0,All,#4682B4,0
5,8,6,8.30353,0.540659,0.540659,0,All,#4682B4,0
6,8,6,8.05323,0.831386,0.831386,0,All,#4682B4,0
7,8,6,8.43278,0.390529,0.390529,0,All,#4682B4,0
8,8,6,8.08702,0.79214,0.79214,0,All,#4682B4,0
9,8,6,8.34858,0.488329,0.488329,0,All,#4682B4,0
10,8,6,8.51608,0.293775,0.293775,0,All,#4682B4,0
1,8,6.5,8.39245,-1.62086,-1.62086,0,All,#4682B4,0
2,8,6.5,8.25265,-1.45848,-1.45848,0,All,#4682B4,0
3,8,6.5,8.37409,-1.59953,-1.59953,0,All,#4682B4,0
4,8,6.5,8.0874,-1.26653,-1.26653,0,All,#4682B4,0
5,8,6.5,8.16483,-1.35647,-1.35647,0,All,#4682B4,0
6,8,6.5,7.94457,-1.10063,-1.10063,0,All,#4682B4,0
7,8,6.5,8.28299,-1.49372,-1.49372,0,All,#4682B4,0
8,8,6.5,8.02045,-1.18877,-1.18877,0,All,#4682B4,0
9,8,6.5,8.22982,-1.43196,-1.43196,0,All,#4682B4,0
10,8,6.5,8.38812,-1.61583,-1.61583,0,All,#4682B4,0
1,8,7,8.24679,1.48584,1.48584,0,All,#4682B4,0
2,8,7,8.01472,1.7554,1.7554,0,All,#4682B4,0
3,8,7,8.27801,1.44957,1.44957,0,All,#4682B4,0
4,8,7,7.91799,1.86774,1.86774,0,All,#4682B4,0
5,8,7,7.97738,1.79876,1.79876,0,All,#4682B4,0
6,8,7,7.80142,2.00315,2.00315,0,All,#4682B4,0
7,8,7,8.10611,1.64925,1.64925,0,All,#4682B4,0
8,8,7,7.90843,1.87885,1.87885,0,All,#4682B4,0
9,8,7,8.07244,1.68836,1.68836,0,All,#4682B4,0
10,8,7,8.2073,1.53171,1.53171,0,All,#4682B4,0
1,8,7.5,8.06104,-0.427492,-0.427492,0,All,#4682B4,0
2,8,7.5,7.72486,-0.0370012,-0.0370012,0,All,#4682B4,0
3,8,7.5,8.13419,-0.512455,-0.512455,0,All,#4682B4,0
4,8,7.5,7.70636,-0.0155222,-0.0155222,0,All,#4682B4,0
5,8,7.5,7.75182,-0.0683162,-0.0683162,0,All,#4682B4,0
6,8,7.5,7.62697,0.0766999,0.0766999,0,All,#4682B4,0
7,8,7.5,7.90272,-0.243596,-0.243596,0,All,#4682B4,0
8,8,7.5,7.75722,-0.0745893,-0.0745893,0,All,#4682B4,0
9,8,7.5,7.87986,-0.217045,-0.217045,0,All,#4682B4,0
10,8,7.5,7.97742,-0.330358,-0.330358,0,All,#4682B4,0
1,8,8,7.83625,0.448063,0.448063,0,All,#4682B4,0
2,8,8,7.37913,0.979018,0.979018,0,All,#4682B4,0
3,8,8,7.93991,0.327658,0.327658,0,All,#4682B4,0
4,8,8,7.4541,0.891935,0.891935,0,All,#4682B4,0
5,8,8,7.48933,0.851012,0.851012,0,All,#4682B4,0
6,8,8,7.41989,0.931671,0.931671,0,All,#4682B4,0
7,8,8,7.67006,0.64109,0.64109,0,All,#4682B4,0
8,8,8,7.56652,0.761354,0.761354,0,All,#4682B4,0
9,8,8,7.64889,0.665685,0.665685,0,All,#4682B4,0
10,8,8,7.69442,0.612798,0.612798,0,All,#4682B4,0
1,8,8.5,7.56895,-0.441319,-0.441319,0,All,#4682B4,0
2,8,8.5,6.97123,0.252941,0.252941,0,All,#4682B4,0
3,8,8.5,7.68987,-0.581779,-0.581779,0,All,#4682B4,0
4,8,8.5,7.159,0.0348473,0.0348473,0,All,#4682B4,0
5,8,8.5,7.18751,0.00173608,0.00173608,0,All,#4682B4,0
6,8,8.5,7.17649,0.0145287,0.0145287,0,All,#4682B4,0
7,8,8.5,7.40439,-0.250185,-0.250185,0,All,#4682B4,0
8,8,8.5,7.33156,-0.165586,-0.165586,0,All,#4682B4,0
9,8,8.5,7.37342,-0.214214,-0.214214,0,All,#4682B4,0
10,8,8.5,7.35009,-0.187113,-0.187113,0,All,#4682B4,0
1,8,9,7.25329,0.824345,0.824345,0,All,#4682B4,0
2,8,9,6.49684,1.70299,1.70299,0,All,#4682B4,0
3,8,9,7.37704,0.680611,0.680611,0,All,#4682B4,0
4,8,9,6.81698,1.33113,1.33113,0,All,#4682B4,0
5,8,9,6.84291,1.30101,1.30101,0,All,#4682B4,0
6,8,9,6.89167,1.24438,1.24438,0,All,#4682B4,0
7,8,9,7.10157,1.00057,1.00057,0,All,#4682B4,0
8,8,9,7.04468,1.06665,1.06665,0,All,#4682B4,0
9,8,9,7.04585,1.0653,1.0653,0,All,#4682B4,0
10,8,9,6.93378,1.19546,1.19546,0,All,#4682B4,0
1,8,9.5,6.88221,0.586331,0.586331,0,All,#4682B4,0
2,8,9.5,5.96113,1.65619,1.65619,0,All,#4682B4,0
3,8,9.5,6.99378,0.456738,0.456738,0,All,#4682B4,0
4,8,9.5,6.42388,1.11869,1.11869,0,All,#4682B4,0
5,8,9.5,6.45303,1.08483,1.08483,0,All,#4682B4,0
6,8,9.5,6.55975,0.960872,0.960872,0,All,#4682B4,0
7,8,9.5,6.75743,0.731269,0.731269,0,All,#4682B4,0
8,8,9.5,6.69632,0.802242,0.802242,0,All,#4682B4,0
9,8,9.5,6.65782,0.846962,0.846962,0,All,#4682B4,0
10,8,9.5,6.43809,1.10219,1.10219,0,All,#4682B4,0
1,8,10,6.44863,0.966823,0.966823,0,All,#4682B4,0
2,8,10,5.39247,2.19358,2.19358,0,All,#4682B4,0
3,8,10,6.53713,0.864028,0.864028,0,All,#4682B4,0
4,8,10,5.97711,1.51451,1.51451,0,All,#4682B4,0
5,8,10,6.01943,1.46535,1.46535,0,All,#4682B4,0
6,8,10,6.17526,1.28435,1.28435,0,All,#4682B4,0
7,8,10,6.3685,1.05989,1.05989,0,All,#4682B4,0
8,8,10,6.27619,1.16711,1.16711,0,All,#4682B4,0
9,8,10,6.20078,1.25471,1.25471,0,All,#4682B4,0
10,8,10,5.86005,1.65048,1.65048,0,All,#4682B4,0
1,8,10.5,5.94824,-0.369643,-0.369643,0,All,#4682B4,0
2,8,10.5,4.85853,0.896083,0.896083,0,All,#4682B4,0
3,8,10.5,6.01885,-0.451662,-0.451662,0,All,#4682B4,0
4,8,10.5,5.48181,0.172127,0.172127,0,All,#4682B4,0
5,8,10.5,5.55377,0.0885478,0.0885478,0,All,#4682B4,0
6,8,10.5,5.73482,-0.121757,-0.121757,0,All,#4682B4,0
7,8,10.5,5.93673,-0.356274,-0.356274,0,All,#4682B4,0
8,8,10.5,5.77734,-0.171144,-0.171144,0,All,#4682B4,0
9,8,10.5,5.67227,-0.0490961,-0.0490961,0,All,#4682B4,0
10,8,10.5,5.2307,0.463799,0.463799,0,All,#4682B4,0
1,8,11,5.3823,-0.68681,-0.68681,0,All,#4682B4,0
2,8,11,4.43857,0.409356,0.409356,0,All,#4682B4,0
3,8,11,5.50037,-0.823953,-0.823953,0,All,#4682B4,0
4,8,11,4.95836,-0.194388,-0.194388,0,All,#4682B4,0
5,8,11,5.08524,-0.341764,-0.341764,0,All,#4682B4,0
6,8,11,5.2446,-0.526868,-0.526868,0,All,#4682B4,0
7,8,11,5.46502,-0.782898,-0.782898,0,All,#4682B4,0
8,8,11,5.20272,-0.478219,-0.478219,0,All,#4682B4,0
9,8,11,5.08802,-0.345002,-0.345002,0,All,#4682B4,0
10,8,11,4.65009,0.163669,0.163669,0,All,#4682B4,0
1,8,11.5,4.7856,1.47909,1.47909,0,All,#4682B4,0
2,8,11.5,4.15099,2.21621,2.21621,0,All,#4682B4,0
3,8,11.5,5.04193,1.18135,1.18135,0,All,#4682B4,0
4,8,11.5,4.46177,1.85523,1.85523,0,All,#4682B4,0
5,8,11.5,4.66364,1.62075,1.62075,0,All,#4682B4,0
6,8,11.5,4.72382,1.55085,1.55085,0,All,#4682B4,0
7,8,11.5,4.98151,1.25153,1.25153,0,All,#4682B4,0
8,8,11.5,4.60582,1.68792,1.68792,0,All,#4682B4,0
9,8,11.5,4.49033,1.82205,1.82205,0,All,#4682B4,0
10,8,11.5,4.22393,2.13149,2.13149,0,All,#4682B4,0
1,8,12,4.23038,-0.857653,-0.857653,0,All,#4682B4,0
2,8,12,3.96391,-0.548141,-0.548141,0,All,#4682B4,0
3,8,12,4.68872,-1.39003,-1.39003,0,All,#4682B4,0
4,8,12,4.05987,-0.659594,-0.659594,0,All,#4682B4,0
5,8,12,4.33479,-0.978919,-0.978919,0,All,#4682B4,0
6,8,12,4.23108,-0.85846,-0.85846,0,All,#4682B4,0
7,8,12,4.52953,-1.20512,-1.20512,0,All,#4682B4,0
8,8,12,4.09222,-0.697176,-0.697176,0,All,#4682B4,0
9,8,12,3.97834,-0.564903,-0.564903,0,All,#4682B4,0
10,8,12,3.95792,-0.541184,-0.541184,0,All,#4682B4,0
1,8,12.5,3.80432,0.00892594,0.00892594,0,All,#4682B4,0
2,8,12.5,3.84045,-0.0330411,-0.0330411,0,All,#4682B4,0
3,8,12.5,4.41361,-0.69879,-0.69879,0,All,#4682B4,0
4,8,12.5,3.78021,0.0369192,0.0369192,0,All,#4682B4,0
5,8,12.5,4.10242,-0.337326,-0.337326,0,All,#4682B4,0
6,8,12.5,3.83291,-0.0242852,-0.0242852,0,All,#4682B4,0
7,8,12.5,4.16442,-0.409341,-0.409341,0,All,#4682B4,0
8,8,12.5,3.7451,0.0777028,0.0777028,0,All,#4682B4,0
9,8,12.5,3.61458,0.229313,0.229313,0,All,#4682B4,0
10,8,12.5,3.79047,0.0250035,0.0250035,0,All,#4682B4,0
1,8,13,3.51507,-0.598263,-1.12566,1,All,#4682B4,0
2,8,13,3.75116,-0.872495,-1.32866,1,All,#4682B4,0
3,8,13,4.19774,-1.39121,-1.50257,1,All,#4682B4,0
4,8,13,3.59879,-0.695515,-1.89261,1,All,#4682B4,0
5,8,13,3.94693,-1.09989,-1.71809,1,All,#4682B4,0
6,8,13,3.55183,-0.640964,-1.7945,1,All,#4682B4,0
7,8,13,3.90446,-1.05056,-1.08396,1,All,#4682B4,0
8,8,13,3.53213,-0.618083,-2.41403,1,All,#4682B4,0
9,8,13,3.37575,-0.436447,-0.938251,1,All,#4682B4,0
10,8,13,3.67713,-0.786503,-1.09877,1,All,#4682B4,0
1,8,13.5,3.32619,0.733871,0.733871,0,All,#4682B4,0
2,8,13.5,3.6767,0.326743,0.326743,0,All,#4682B4,0
3,8,13.5,4.01344,-0.0643958,-0.0643958,0,All,#4682B4,0
4,8,13.5,3.48065,0.554461,0.554461,0,All,#4682B4,0
5,8,13.5,3.84416,0.132234,0.132234,0,All,#4682B4,0
6,8,13.5,3.36437,0.689519,0.689519,0,All,#4682B4,0
7,8,13.5,3.73407,0.260103,0.260103,0,All,#4682B4,0
8,8,13.5,3.39495,0.654002,0.654002,0,All,#4682B4,0
9,8,13.5,3.21962,0.857654,0.857654,0,All,#4682B4,0
10,8,13.5,3.58868,0.428978,0.428978,0,All,#4682B4,0
1,8,14,3.19884,-0.230959,-0.299389,1,All,#4682B4,0
2,8,14,3.60544,-0.703241,-0.849667,1,All,#4682B4,0
3,8,14,3.8491,-0.986256,-1.26321,1,All,#4682B4,0
4,8,14,3.39654,-0.460596,-0.926168,1,All,#4682B4,0
5,8,14,3.77278,-0.897602,-1.07436,1,All,#4682B4,0
6,8,14,3.23753,-0.275899,-0.765528,1,All,#4682B4,0
7,8,14,3.62635,-0.727523,-2.40904,1,All,#4682B4,0
8,8,14,3.2943,-0.341838,-0.578539,1,All,#4682B4,0
9,8,14,3.10953,-0.127223,-0.204039,1,All,#4682B4,0
10,8,14,3.50557,-0.587233,-1.42045,1,All,#4682B4,0
1,8,14.5,3.10386,0.777222,0.777222,0,All,#4682B4,0
2,8,14.5,3.53339,0.278309,0.278309,0,All,#4682B4,0
3,8,14.5,3.69279,0.0931611,0.0931611,0,All,#4682B4,0
4,8,14.5,3.33069,0.513753,0.513753,0,All,#4682B4,0
5,8,14.5,3.71615,0.0660319,0.0660319,0,All,#4682B4,0
6,8,14.5,3.14395,0.730664,0.730664,0,All,#4682B4,0
7,8,14.5,3.55598,0.252073,0.252073,0,All,#4682B4,0
8,8,14.5,3.20751,0.65683,0.65683,0,All,#4682B4,0
9,8,14.5,3.02211,0.872179,0.872179,0,All,#4682B4,0
10,8,14.5,3.42452,0.40477,0.40477,0,All,#4682B4,0
1,8,15,3.02423,-0.0281493,-0.686556,1,All,#4682B4,0
2,8,15,3.45716,-0.531004,-0.802388,1,All,#4682B4,0
3,8,15,3.5408,-0.628159,-1.37001,1,All,#4682B4,0
4,8,15,3.26908,-0.312542,-1.03455,1,All,#4682B4,0
5,8,15,3.66463,-0.771988,-1.11726,1,All,#4682B4,0
6,8,15,3.06512,-0.0756415,-0.337242,1,All,#4682B4,0
7,8,15,3.50496,-0.586526,-0.854906,1,All,#4682B4,0
8,8,15,3.12492,-0.145094,-1.39524,1,All,#4682B4,0
9,8,15,2.94271,0.0665462,-1.80469,1,All,#4682B4,0
10,8,15,3.33985,-0.394745,-1.83123,1,All,#4682B4,0
1,8,15.5,2.94684,0.0617419,-0.0168159,1,All,#4682B4,0
2,8,15.5,3.37579,-0.436487,-1.36025,1,All,#4682B4,0
3,8,15.5,3.39238,-0.455761,-1.3715,1,All,#4682B4,0
4,8,15.5,3.20892,-0.242663,-1.2223,1,All,#4682B4,0
5,8,15.5,3.61298,-0.711991,-0.788329,1,All,#4682B4,0
6,8,15.5,2.99621,0.00439969,-1.46243,1,All,#4682B4,0
7,8,15.5,3.46071,-0.535123,-1.54137,1,All,#4682B4,0
8,8,15.5,3.03927,-0.0456092,-0.227109,1,All,#4682B4,0
9,8,15.5,2.86514,0.156643,-0.331265,1,All,#4682B4,0
10,8,15.5,3.24992,-0.29029,-2.83755,1,All,#4682B4,0
1,8,16,2.8717,0.14903,-1.33799,1,All,#4682B4,0
2,8,16,3.28798,-0.334491,-0.479547,1,All,#4682B4,0
3,8,16,3.2453,-0.28492,-2.13592,1,All,#4682B4,0
4,8,16,3.14758,-0.17142,-0.8188,1,All,#4682B4,0
5,8,16,3.55852,-0.648735,-0.98566,1,All,#4682B4,0
6,8,16,2.92587,0.0861072,-0.518887,1,All,#4682B4,0
7,8,16,3.41892,-0.486583,-0.756379,1,All,#4682B4,0
8,8,16,2.95059,0.0573957,-0.682459,1,All,#4682B4,0
9,8,16,2.78551,0.249139,-0.9577,1,All,#4682B4,0
10,8,16,3.15588,-0.181058,-0.316874,1,All,#4682B4,0
1,8,16.5,2.79366,0.89709,0.89709,0,All,#4682B4,0
2,8,16.5,3.19627,0.429452,0.429452,0,All,#4682B4,0
3,8,16.5,3.09889,0.542563,0.542563,0,All,#4682B4,0
4,8,16.5,3.08294,0.561086,0.561086,0,All,#4682B4,0
5,8,16.5,3.49896,0.0778679,0.0778679,0,All,#4682B4,0
6,8,16.5,2.85155,0.829857,0.829857,0,All,#4682B4,0
7,8,16.5,3.37517,0.22166,0.22166,0,All,#4682B4,0
8,8,16.5,2.85842,0.821876,0.821876,0,All,#4682B4,0
9,8,16.5,2.69906,1.00698,1.00698,0,All,#4682B4,0
10,8,16.5,3.05711,0.591086,0.591086,0,All,#4682B4,0
1,8,17,2.71271,1.5533,1.5533,0,All,#4682B4,0
2,8,17,3.10038,1.10301,1.10301,0,All,#4682B4,0
3,8,17,2.9541,1.27292,1.27292,0,All,#4682B4,0
4,8,17,3.01632,1.20065,1.20065,0,All,#4682B4,0
5,8,17,3.43555,0.7137,0.7137,0,All,#4682B4,0
6,8,17,2.77544,1.48043,1.48043,0,All,#4682B4,0
7,8,17,3.32477,0.842374,0.842374,0,All,#4682B4,0
8,8,17,2.7627,1.49524,1.49524,0,All,#4682B4,0
9,8,17,2.60994,1.67267,1.67267,0,All,#4682B4,0
10,8,17,2.95494,1.27195,1.27195,0,All,#4682B4,0
1,8,17.5,2.62673,1.08634,1.08634,0,All,#4682B4,0
2,8,17.5,3.00008,0.652682,0.652682,0,All,#4682B4,0
3,8,17.5,2.80881,0.874855,0.874855,0,All,#4682B4,0
4,8,17.5,2.94413,0.717676,0.717676,0,All,#4682B4,0
5,8,17.5,3.36798,0.225361,0.225361,0,All,#4682B4,0
6,8,17.5,2.6965,1.0053,1.0053,0,All,#4682B4,0
7,8,17.5,3.27045,0.338645,0.338645,0,All,#4682B4,0
8,8,17.5,2.664,1.04306,1.04306,0,All,#4682B4,0
9,8,17.5,2.51646,1.21442,1.21442,0,All,#4682B4,0
10,8,17.5,2.84899,0.828178,0.828178,0,All,#4682B4,0
1,8,18,2.53994,0.903739,0.903739,0,All,#4682B4,0
2,8,18,2.89662,0.489445,0.489445,0,All,#4682B4,0
3,8,18,2.66345,0.760278,0.760278,0,All,#4682B4,0
4,8,18,2.87182,0.518252,0.518252,0,All,#4682B4,0
5,8,18,3.2972,0.0241606,0.0241606,0,All,#4682B4,0
6,8,18,2.61487,0.816703,0.816703,0,All,#4682B4,0
7,8,18,3.21133,0.123899,0.123899,0,All,#4682B4,0
8,8,18,2.56176,0.878396,0.878396,0,All,#4682B4,0
9,8,18,2.41934,1.04382,1.04382,0,All,#4682B4,0
10,8,18,2.74002,0.671339,0.671339,0,All,#4682B4,0
1,8,18.5,2.44931,0.639637,-0.172605,1,All,#4682B4,0
2,8,18.5,2.7904,0.243454,-1.37586,1,All,#4682B4,0
3,8,18.5,2.51829,0.559517,-1.12917,1,All,#4682B4,0
4,8,18.5,2.79613,0.236801,-1.33085,1,All,#4682B4,0
5,8,18.5,3.22194,-0.257785,-1.3067,1,All,#4682B4,0
6,8,18.5,2.52995,0.545979,-1.0369,1,All,#4682B4,0
7,8,18.5,3.14877,-0.172798,-0.258866,1,All,#4682B4,0
8,8,18.5,2.45707,0.63063,-1.03785,1,All,#4682B4,0
9,8,18.5,2.31936,0.790579,-0.448657,1,All,#4682B4,0
10,8,18.5,2.62846,0.431557,-0.259203,1,All,#4682B4,0
1,8,19,2.35577,0.748288,0.471446,1,All,#4682B4,0
2,8,19,2.68078,0.37078,-0.291394,1,All,#4682B4,0
3,8,19,2.37312,0.728134,-2.02322,1,All,#4682B4,0
4,8,19,2.71843,0.327047,-0.164178,1,All,#4682B4,0
5,8,19,3.14375,-0.166972,-0.317772,1,All,#4682B4,0
6,8,19,2.44248,0.647579,-0.0466268,1,All,#4682B4,0
7,8,19,3.08142,-0.0945718,-0.236892,1,All,#4682B4,0
8,8,19,2.3502,0.754762,-0.746738,1,All,#4682B4,0
9,8,19,2.2164,0.910172,0.197574,1,All,#4682B4,0
10,8,19,2.51431,0.564144,-0.330751,1,All,#4682B4,0
1,8,19.5,2.25985,0.859709,0.197751,1,All,#4682B4,0
2,8,19.5,2.56868,0.50099,-0.480833,1,All,#4682B4,0
3,8,19.5,2.22703,0.897823,-1.36298,1,All,#4682B4,0
4,8,19.5,2.63955,0.418673,0.284669,1,All,#4682B4,0
5,8,19.5,3.0639,-0.0742204,-0.0972866,1,All,#4682B4,0
6,8,19.5,2.35301,0.7515,-0.372628,1,All,#4682B4,0
7,8,19.5,3.01066,-0.0123794,-1.24542,1,All,#4682B4,0
8,8,19.5,2.24108,0.881509,-0.151859,1,All,#4682B4,0
9,8,19.5,2.11056,1.03311,-0.135676,1,All,#4682B4,0
10,8,19.5,2.3977,0.699584,-2.13365,1,All,#4682B4,0
1,9,1,0,3.48459,0.164174,1,All,#4682B4,0
2,9,1,0,3.48459,0.10254,1,All,#4682B4,0
3,9,1,0,3.48459,0.752242,1,All,#4682B4,0
4,9,1,0,3.48459,0.489098,1,All,#4682B4,0
5,9,1,0,3.48459,0.232806,1,All,#4682B4,0
6,9,1,0,3.48459,0.664072,1,All,#4682B4,0
7,9,1,0,3.48459,1.71297,1,All,#4682B4,0
8,9,1,0,3.48459,0.809663,1,All,#4682B4,0
9,9,1,0,3.48459,2.0178,1,All,#4682B4,0
10,9,1,0,3.48459,1.87513,1,All,#4682B4,0
1,9,1.5,0,3.48459,1.63801,1,All,#4682B4,0
2,9,1.5,0,3.48459,1.71169,1,All,#4682B4,0
3,9,1.5,0,3.48459,0.171662,1,All,#4682B4,0
4,9,1.5,0,3.48459,1.1571,1,All,#4682B4,0
5,9,1.5,0,3.48459,0.255775,1,All,#4682B4,0
6,9,1.5,0,3.48459,0.381311,1,All,#4682B4,0
7,9,1.5,0,3.48459,1.55446,1,All,#4682B4,0
8,9,1.5,0,3.48459,0.118574,1,All,#4682B4,0
9,9,1.5,0,3.48459,0.482989,1,All,#4682B4,0
10,9,1.5,0,3.48459,0.253048,1,All,#4682B4,0
1,9,2,3.14656,1.80669,1.80669,0,All,#4682B4,0
2,9,2,3.336,1.58665,1.58665,0,All,#4682B4,0
3,9,2,5.61188,-1.05685,-1.05685,0,All,#4682B4,0
4,9,2,3.6729,1.19533,1.19533,0,All,#4682B4,0
5,9,2,4.70409,-0.00242425,-0.00242425,0,All,#4682B4,0
6,9,2,4.31317,0.451639,0.451639,0,All,#4682B4,0
7,9,2,4.34139,0.418857,0.418857,0,All,#4682B4,0
8,9,2,5.13482,-0.502734,-0.502734,0,All,#4682B4,0
9,9,2,4.40782,0.341703,0.341703,0,All,#4682B4,0
10,9,2,4.42344,0.323558,0.323558,0,All,#4682B4,0
1,9,2.5,6.02084,-1.49819,-1.49819,0,All,#4682B4,0
2,9,2.5,5.95638,-1.42331,-1.42331,0,All,#4682B4,0
3,9,2.5,7.08128,-2.72992,-2.72992,0,All,#4682B4,0
4,9,2.5,6.36498,-1.89791,-1.89791,0,All,#4682B4,0
5,9,2.5,6.66475,-2.24611,-2.24611,0,All,#4682B4,0
6,9,2.5,6.2425,-1.75565,-1.75565,0,All,#4682B4,0
7,9,2.5,6.34932,-1.87972,-1.87972,0,All,#4682B4,0
8,9,2.5,6.58663,-2.15537,-2.15537,0,All,#4682B4,0
9,9,2.5,6.29652,-1.8184,-1.8184,0,All,#4682B4,0
10,9,2.5,6.32125,-1.84713,-1.84713,0,All,#4682B4,0
1,9,3,7.02673,0.40336,0.40336,0,All,#4682B4,0
2,9,3,6.98593,0.450754,0.450754,0,All,#4682B4,0
3,9,3,7.7657,-0.454965,-0.454965,0,All,#4682B4,0
4,9,3,7.31485,0.0687071,0.0687071,0,All,#4682B4,0
5,9,3,7.68551,-0.361826,-0.361826,0,All,#4682B4,0
6,9,3,7.07456,0.347805,0.347805,0,All,#4682B4,0
7,9,3,7.37253,0.0017033,0.0017033,0,All,#4682B4,0
8,9,3,7.27207,0.118391,0.118391,0,All,#4682B4,0
9,9,3,7.1339,0.278882,0.278882,0,All,#4682B4,0
10,9,3,7.1758,0.230214,0.230214,0,All,#4682B4,0
1,9,3.5,7.5606,0.588193,0.588193,0,All,#4682B4,0
2,9,3.5,7.54605,0.605101,0.605101,0,All,#4682B4,0
3,9,3.5,8.14928,-0.0955688,-0.0955688,0,All,#4682B4,0
4,9,3.5,7.82643,0.279427,0.279427,0,All,#4682B4,0
5,9,3.5,8.28354,-0.251514,-0.251514,0,All,#4682B4,0
6,9,3.5,7.5489,0.601792,0.601792,0,All,#4682B4,0
7,9,3.5,7.97985,0.10123,0.10123,0,All,#4682B4,0
8,9,3.5,7.66896,0.462338,0.462338,0,All,#4682B4,0
9,9,3.5,7.60346,0.538411,0.538411,0,All,#4682B4,0
10,9,3.5,7.64843,0.486183,0.486183,0,All,#4682B4,0
1,9,4,7.85582,0.787731,0.787731,0,All,#4682B4,0
2,9,4,7.85049,0.793919,0.793919,0,All,#4682B4,0
3,9,4,8.33306,0.233401,0.233401,0,All,#4682B4,0
4,9,4,8.1111,0.49121,0.49121,0,All,#4682B4,0
5,9,4,8.56022,-0.0304585,-0.0304585,0,All,#4682B4,0
6,9,4,7.82855,0.819395,0.819395,0,All,#4682B4,0
7,9,4,8.31617,0.253018,0.253018,0,All,#4682B4,0
8,9,4,7.9088,0.726191,0.726191,0,All,#4682B4,0
9,9,4,7.84851,0.796217,0.796217,0,All,#4682B4,0
10,9,4,7.90634,0.729047,0.729047,0,All,#4682B4,0
1,9,4.5,7.97552,0.482593,0.482593,0,All,#4682B4,0
2,9,4.5,7.95359,0.508064,0.508064,0,All,#4682B4,0
3,9,4.5,8.35137,0.0460345,0.0460345,0,All,#4682B4,0
4,9,4.5,8.22235,0.195896,0.195896,0,All,#4682B4,0
5,9,4.5,8.54178,-0.175135,-0.175135,0,All,#4682B4,0
6,9,4.5,7.95936,0.501358,0.501358,0,All,#4682B4,0
7,9,4.5,8.41013,-0.0222145,-0.0222145,0,All,#4682B4,0
8,9,4.5,8.03741,0.4107,0.4107,0,All,#4682B4,0
9,9,4.5,7.91587,0.551872,0.551872,0,All,#4682B4,0
10,9,4.5,7.99626,0.458501,0.458501,0,All,#4682B4,0
1,9,5,7.95178,0.820296,0.820296,0,All,#4682B4,0
2,9,5,7.89745,0.883397,0.883397,0,All,#4682B4,0
3,9,5,8.24633,0.478167,0.478167,0,All,#4682B4,0
4,9,5,8.19794,0.534378,0.534378,0,All,#4682B4,0
5,9,5,8.30562,0.409301,0.409301,0,All,#4682B4,0
6,9,5,7.96086,0.80975,0.80975,0,All,#4682B4,0
7,9,5,8.27611,0.443572,0.443572,0,All,#4682B4,0
8,9,5,8.07154,0.681188,0.681188,0,All,#4682B4,0
9,9,5,7.84845,0.940318,0.940318,0,All,#4682B4,0
10,9,5,7.94183,0.831857,0.831857,0,All,#4682B4,0
1,9,5.5,7.82243,-0.677676,-0.677676,0,All,#4682B4,0
2,9,5.5,7.73705,-0.578497,-0.578497,0,All,#4682B4,0
3,9,5.5,8.05674,-0.949834,-0.949834,0,All,#4682B4,0
4,9,5.5,8.08369,-0.981128,-0.981128,0,All,#4682B4,0
5,9,5.5,7.95822,-0.835393,-0.835393,0,All,#4682B4,0
6,9,5.5,7.86536,-0.72754,-0.72754,0,All,#4682B4,0
7,9,5.5,7.98173,-0.862706,-0.862706,0,All,#4682B4,0
8,9,5.5,7.99965,-0.88352,-0.88352,0,All,#4682B4,0
9,9,5.5,7.70109,-0.536729,-0.536729,0,All,#4682B4,0
10,9,5.5,7.77473,-0.622266,-0.622266,0,All,#4682B4,0
1,9,6,7.62234,0.697679,0.697679,0,All,#4682B4,0
2,9,6,7.5128,0.82492,0.82492,0,All,#4682B4,0
3,9,6,7.80181,0.489229,0.489229,0,All,#4682B4,0
4,9,6,7.91555,0.35711,0.35711,0,All,#4682B4,0
5,9,6,7.57807,0.749102,0.749102,0,All,#4682B4,0
6,9,6,7.70471,0.602011,0.602011,0,All,#4682B4,0
7,9,6,7.59974,0.723931,0.723931,0,All,#4682B4,0
8,9,6,7.83031,0.456115,0.456115,0,All,#4682B4,0
9,9,6,7.50783,0.830688,0.830688,0,All,#4682B4,0
10,9,6,7.53313,0.801298,0.801298,0,All,#4682B4,0
1,9,6.5,7.37688,0.633174,0.633174,0,All,#4682B4,0
2,9,6.5,7.23236,0.801035,0.801035,0,All,#4682B4,0
3,9,6.5,7.48485,0.507759,0.507759,0,All,#4682B4,0
4,9,6.5,7.70839,0.248119,0.248119,0,All,#4682B4,0
5,9,6.5,7.2149,0.821313,0.821313,0,All,#4682B4,0
6,9,6.5,7.49839,0.49203,0.49203,0,All,#4682B4,0
7,9,6.5,7.18655,0.854246,0.854246,0,All,#4682B4,0
8,9,6.5,7.57415,0.404036,0.404036,0,All,#4682B4,0
9,9,6.5,7.28014,0.745539,0.745539,0,All,#4682B4,0
10,9,6.5,7.25172,0.778551,0.778551,0,All,#4682B4,0
1,9,7,7.09718,0.822152,0.822152,0,All,#4682B4,0
2,9,7,6.9032,1.04746,1.04746,0,All,#4682B4,0
3,9,7,7.10231,0.816193,0.816193,0,All,#4682B4,0
4,9,7,7.46465,0.395323,0.395323,0,All,#4682B4,0
5,9,7,6.90522,1.04512,1.04512,0,All,#4682B4,0
6,9,7,7.25435,0.639599,0.639599,0,All,#4682B4,0
7,9,7,6.78542,1.18428,1.18428,0,All,#4682B4,0
8,9,7,7.24024,0.655983,0.655983,0,All,#4682B4,0
9,9,7,7.01928,0.912633,0.912633,0,All,#4682B4,0
10,9,7,6.95808,0.983724,0.983724,0,All,#4682B4,0
1,9,7.5,6.7876,0.13056,0.13056,0,All,#4682B4,0
2,9,7.5,6.52725,0.432959,0.432959,0,All,#4682B4,0
3,9,7.5,6.65243,0.287555,0.287555,0,All,#4682B4,0
4,9,7.5,7.18183,-0.327356,-0.327356,0,All,#4682B4,0
5,9,7.5,6.67563,0.260612,0.260612,0,All,#4682B4,0
6,9,7.5,6.97404,-0.0860022,-0.0860022,0,All,#4682B4,0
7,9,7.5,6.43242,0.543109,0.543109,0,All,#4682B4,0
8,9,7.5,6.839,0.0708535,0.0708535,0,All,#4682B4,0
9,9,7.5,6.72335,0.205186,0.205186,0,All,#4682B4,0
10,9,7.5,6.67413,0.262356,0.262356,0,All,#4682B4,0
1,9,8,6.45013,0.692116,0.692116,0,All,#4682B4,0
2,9,8,6.10722,1.09042,1.09042,0,All,#4682B4,0
3,9,8,6.14734,1.04382,1.04382,0,All,#4682B4,0
4,9,8,6.85577,0.220957,0.220957,0,All,#4682B4,0
5,9,8,6.53319,0.595645,0.595645,0,All,#4682B4,0
6,9,8,6.65678,0.452085,0.452085,0,All,#4682B4,0
7,9,8,6.15515,1.03475,1.03475,0,All,#4682B4,0
8,9,8,6.39357,0.757819,0.757819,0,All,#4682B4,0
9,9,8,6.39025,0.761673,0.761673,0,All,#4682B4,0
10,9,8,6.41755,0.72996,0.72996,0,All,#4682B4,0
1,9,8.5,6.08739,0.14242,0.14242,0,All,#4682B4,0
2,9,8.5,5.65361,0.646263,0.646263,0,All,#4682B4,0
3,9,8.5,5.63283,0.670395,0.670395,0,All,#4682B4,0
4,9,8.5,6.48264,-0.316683,-0.316683,0,All,#4682B4,0
5,9,8.5,6.41271,-0.235459,-0.235459,0,All,#4682B4,0
6,9,8.5,6.30252,-0.107459,-0.107459,0,All,#4682B4,0
7,9,8.5,5.96607,0.283329,0.283329,0,All,#4682B4,0
8,9,8.5,5.94806,0.304253,0.304253,0,All,#4682B4,0
9,9,8.5,6.01975,0.220981,0.220981,0,All,#4682B4,0
10,9,8.5,6.20464,0.00622732,0.00622732,0,All,#4682B4,0
1,9,9,5.70494,-0.168347,-0.168347,0,All,#4682B4,0
2,9,9,5.19363,0.425552,0.425552,0,All,#4682B4,0
3,9,9,5.20409,0.413405,0.413405,0,All,#4682B4,0
4,9,9,6.06142,-0.58241,-0.58241,0,All,#4682B4,0
5,9,9,6.24638,-0.797249,-0.797249,0,All,#4682B4,0
6,9,9,5.91517,-0.412539,-0.412539,0,All,#4682B4,0
7,9,9,5.86123,-0.349884,-0.349884,0,All,#4682B4,0
8,9,9,5.545,0.0174227,0.0174227,0,All,#4682B4,0
9,9,9,5.61653,-0.0656669,-0.0656669,0,All,#4682B4,0
10,9,9,5.99924,-0.510186,-0.510186,0,All,#4682B4,0
1,9,9.5,5.3148,1.13853,1.13853,0,All,#4682B4,0
2,9,9.5,4.77402,1.76666,1.76666,0,All,#4682B4,0
3,9,9.5,4.91149,1.60699,1.60699,0,All,#4682B4,0
4,9,9.5,5.59882,0.808634,0.808634,0,All,#4682B4,0
5,9,9.5,6.03923,0.297087,0.297087,0,All,#4682B4,0
6,9,9.5,5.5074,0.914815,0.914815,0,All,#4682B4,0
7,9,9.5,5.78512,0.592238,0.592238,0,All,#4682B4,0
8,9,9.5,5.21959,1.24912,1.24912,0,All,#4682B4,0
9,9,9.5,5.19481,1.2779,1.2779,0,All,#4682B4,0
10,9,9.5,5.76505,0.615547,0.615547,0,All,#4682B4,0
1,9,10,4.93924,1.42027,1.42027,0,All,#4682B4,0
2,9,10,4.4393,2.00097,2.00097,0,All,#4682B4,0
3,9,10,4.73217,1.66079,1.66079,0,All,#4682B4,0
4,9,10,5.12155,1.20851,1.20851,0,All,#4682B4,0
5,9,10,5.80146,0.418777,0.418777,0,All,#4682B4,0
6,9,10,5.10629,1.22624,1.22624,0,All,#4682B4,0
7,9,10,5.67935,0.560607,0.560607,0,All,#4682B4,0
8,9,10,4.97291,1.38116,1.38116,0,All,#4682B4,0
9,9,10,4.79487,1.58796,1.58796,0,All,#4682B4,0
10,9,10,5.51996,0.745743,0.745743,0,All,#4682B4,0
1,9,10.5,4.60916,0.949949,0.949949,0,All,#4682B4,0
2,9,10.5,4.20261,1.42216,1.42216,0,All,#4682B4,0
3,9,10.5,4.62228,0.934706,0.934706,0,All,#4682B4,0
4,9,10.5,4.68066,0.866896,0.866896,0,All,#4682B4,0
5,9,10.5,5.53674,-0.127471,-0.127471,0,All,#4682B4,0
6,9,10.5,4.75728,0.777903,0.777903,0,All,#4682B4,0
7,9,10.5,5.55306,-0.146427,-0.146427,0,All,#4682B4,0
8,9,10.5,4.7856,0.745004,0.745004,0,All,#4682B4,0
9,9,10.5,4.45224,1.13221,1.13221,0,All,#4682B4,0
10,9,10.5,5.27665,0.174639,0.174639,0,All,#4682B4,0
1,9,11,4.34767,-0.126225,-0.126225,0,All,#4682B4,0
2,9,11,4.04579,0.224414,0.224414,0,All,#4682B4,0
3,9,11,4.54386,-0.3541,-0.3541,0,All,#4682B4,0
4,9,11,4.33717,-0.114033,-0.114033,0,All,#4682B4,0
5,9,11,5.24676,-1.17054,-1.17054,0,All,#4682B4,0
6,9,11,4.48593,-0.286812,-0.286812,0,All,#4682B4,0
7,9,11,5.40327,-1.35234,-1.35234,0,All,#4682B4,0
8,9,11,4.63952,-0.465218,-0.465218,0,All,#4682B4,0
9,9,11,4.19675,0.0490745,0.0490745,0,All,#4682B4,0
10,9,11,5.04328,-0.934191,-0.934191,0,All,#4682B4,0
1,9,11.5,4.16454,0.288589,0.288589,0,All,#4682B4,0
2,9,11.5,3.94565,0.54284,0.54284,0,All,#4682B4,0
3,9,11.5,4.48022,-0.0780808,-0.0780808,0,All,#4682B4,0
4,9,11.5,4.10299,0.360087,0.360087,0,All,#4682B4,0
5,9,11.5,4.94387,-0.616618,-0.616618,0,All,#4682B4,0
6,9,11.5,4.29521,0.136812,0.136812,0,All,#4682B4,0
7,9,11.5,5.23387,-0.953467,-0.953467,0,All,#4682B4,0
8,9,11.5,4.51713,-0.120947,-0.120947,0,All,#4682B4,0
9,9,11.5,4.02373,0.452147,0.452147,0,All,#4682B4,0
10,9,11.5,4.8234,-0.476695,-0.476695,0,All,#4682B4,0
1,9,12,4.04763,-1.21685,-1.36694,1,All,#4682B4,0
2,9,12,3.88009,-1.02225,-1.0681,1,All,#4682B4,0
3,9,12,4.41557,-1.64422,-3.03857,1,All,#4682B4,0
4,9,12,3.95564,-1.11,-1.19184,1,All,#4682B4,0
5,9,12,4.62791,-1.89087,-2.18358,1,All,#4682B4,0
6,9,12,4.17391,-1.36353,-1.74623,1,All,#4682B4,0
7,9,12,5.04509,-2.37544,-2.4685,1,All,#4682B4,0
8,9,12,4.4082,-1.63566,-1.69269,1,All,#4682B4,0
9,9,12,3.91469,-1.06244,-1.44702,1,All,#4682B4,0
10,9,12,4.61105,-1.87129,-2.10424,1,All,#4682B4,0
1,9,12.5,3.97809,0.297247,0.297247,0,All,#4682B4,0
2,9,12.5,3.83114,0.467934,0.467934,0,All,#4682B4,0
3,9,12.5,4.3459,-0.129979,-0.129979,0,All,#4682B4,0
4,9,12.5,3.86009,0.434303,0.434303,0,All,#4682B4,0
5,9,12.5,4.30025,-0.0769508,-0.0769508,0,All,#4682B4,0
6,9,12.5,4.09483,0.161654,0.161654,0,All,#4682B4,0
7,9,12.5,4.84109,-0.705158,-0.705158,0,All,#4682B4,0
8,9,12.5,4.30281,-0.0799233,-0.0799233,0,All,#4682B4,0
9,9,12.5,3.8453,0.45149,0.45149,0,All,#4682B4,0
10,9,12.5,4.40223,-0.195406,-0.195406,0,All,#4682B4,0
1,9,13,3.93965,0.00505613,0.00505613,0,All,#4682B4,0
2,9,13,3.78851,0.180611,0.180611,0,All,#4682B4,0
3,9,13,4.27049,-0.379223,-0.379223,0,All,#4682B4,0
4,9,13,3.79936,0.168002,0.168002,0,All,#4682B4,0
5,9,13,3.96249,-0.0214811,-0.0214811,0,All,#4682B4,0
6,9,13,4.03961,-0.111058,-0.111058,0,All,#4682B4,0
7,9,13,4.62372,-0.789509,-0.789509,0,All,#4682B4,0
8,9,13,4.19873,-0.295873,-0.295873,0,All,#4682B4,0
9,9,13,3.79931,0.168063,0.168063,0,All,#4682B4,0
10,9,13,4.19652,-0.293307,-0.293307,0,All,#4682B4,0
1,9,13.5,3.91873,-1.06713,-1.33629,1,All,#4682B4,0
2,9,13.5,3.74536,-0.865757,-2.07534,1,All,#4682B4,0
3,9,13.5,4.18586,-1.37741,-1.82567,1,All,#4682B4,0
4,9,13.5,3.74924,-0.870269,-1.11845,1,All,#4682B4,0
5,9,13.5,3.61451,-0.713771,-2.09292,1,All,#4682B4,0
6,9,13.5,3.99932,-1.16074,-1.45669,1,All,#4682B4,0
7,9,13.5,4.39735,-1.62306,-1.72391,1,All,#4682B4,0
8,9,13.5,4.09296,-1.26951,-1.27669,1,All,#4682B4,0
9,9,13.5,3.76281,-0.886029,-1.12816,1,All,#4682B4,0
10,9,13.5,3.98782,-1.14738,-1.29913,1,All,#4682B4,0
1,9,14,3.90527,0.345821,0.345821,0,All,#4682B4,0
2,9,14,3.69831,0.586208,0.586208,0,All,#4682B4,0
3,9,14,4.09504,0.125397,0.125397,0,All,#4682B4,0
4,9,14,3.70098,0.583107,0.583107,0,All,#4682B4,0
5,9,14,3.25778,1.0979,1.0979,0,All,#4682B4,0
6,9,14,3.96027,0.281934,0.281934,0,All,#4682B4,0
7,9,14,4.16149,0.0482185,0.0482185,0,All,#4682B4,0
8,9,14,3.98556,0.252567,0.252567,0,All,#4682B4,0
9,9,14,3.72793,0.551804,0.551804,0,All,#4682B4,0
10,9,14,3.78034,0.490932,0.490932,0,All,#4682B4,0
1,9,14.5,3.89528,-0.374341,-0.374341,0,All,#4682B4,0
2,9,14.5,3.64535,-0.0840317,-0.0840317,0,All,#4682B4,0
3,9,14.5,3.99772,-0.493322,-0.493322,0,All,#4682B4,0
4,9,14.5,3.65244,-0.0922661,-0.0922661,0,All,#4682B4,0
5,9,14.5,2.89331,0.789485,0.789485,0,All,#4682B4,0
6,9,14.5,3.91924,-0.402165,-0.402165,0,All,#4682B4,0
7,9,14.5,3.91805,-0.400789,-0.400789,0,All,#4682B4,0
8,9,14.5,3.87577,-0.351675,-0.351675,0,All,#4682B4,0
9,9,14.5,3.69057,-0.136562,-0.136562,0,All,#4682B4,0
10,9,14.5,3.56877,0.00491629,0.00491629,0,All,#4682B4,0
1,9,15,3.8844,-1.02726,-1.31965,1,All,#4682B4,0
2,9,15,3.58695,-0.681756,-1.00244,1,All,#4682B4,0
3,9,15,3.89578,-1.04047,-1.18991,1,All,#4682B4,0
4,9,15,3.59906,-0.695824,-1.19905,1,All,#4682B4,0
5,9,15,2.52155,0.555733,0.203608,1,All,#4682B4,0
6,9,15,3.8741,-1.01529,-1.15966,1,All,#4682B4,0
7,9,15,3.66812,-0.776046,-1.97453,1,All,#4682B4,0
8,9,15,3.76175,-0.884792,-1.34019,1,All,#4682B4,0
9,9,15,3.64889,-0.753704,-1.14188,1,All,#4682B4,0
10,9,15,3.35386,-0.411013,-1.05811,1,All,#4682B4,0
1,9,15.5,3.8696,-0.0285782,-0.0285782,0,All,#4682B4,0
2,9,15.5,3.52241,0.374701,0.374701,0,All,#4682B4,0
3,9,15.5,3.78804,0.0661595,0.0661595,0,All,#4682B4,0
4,9,15.5,3.54068,0.353481,0.353481,0,All,#4682B4,0
5,9,15.5,2.14312,1.97678,1.97678,0,All,#4682B4,0
6,9,15.5,3.8292,0.0183573,0.0183573,0,All,#4682B4,0
7,9,15.5,3.41273,0.502094,0.502094,0,All,#4682B4,0
8,9,15.5,3.64669,0.23034,0.23034,0,All,#4682B4,0
9,9,15.5,3.60249,0.28168,0.28168,0,All,#4682B4,0
10,9,15.5,3.13635,0.823121,0.823121,0,All,#4682B4,0
1,9,16,3.85397,0.0627611,0.0627611,0,All,#4682B4,0
2,9,16,3.45361,0.527792,0.527792,0,All,#4682B4,0
3,9,16,3.67709,0.268206,0.268206,0,All,#4682B4,0
4,9,16,3.47812,0.499313,0.499313,0,All,#4682B4,0
5,9,16,1.75769,2.49764,2.49764,0,All,#4682B4,0
6,9,16,3.77613,0.15317,0.15317,0,All,#4682B4,0
7,9,16,3.15254,0.877491,0.877491,0,All,#4682B4,0
8,9,16,3.52842,0.440892,0.440892,0,All,#4682B4,0
9,9,16,3.54874,0.417289,0.417289,0,All,#4682B4,0
10,9,16,2.91515,1.15323,1.15323,0,All,#4682B4,0
1,9,16.5,3.83289,-0.967429,-1.36989,1,All,#4682B4,0
2,9,16.5,3.37786,-0.438897,-0.666509,1,All,#4682B4,0
3,9,16.5,3.56222,-0.653032,-1.11143,1,All,#4682B4,0
4,9,16.5,3.4103,-0.476575,-1.2434,1,All,#4682B4,0
5,9,16.5,1.3667,1.89712,0.876854,1,All,#4682B4,0
6,9,16.5,3.71901,-0.835147,-1.0275,1,All,#4682B4,0
7,9,16.5,2.88746,0.130713,-1.30843,1,All,#4682B4,0
8,9,16.5,3.40793,-0.473823,-0.636129,1,All,#4682B4,0
9,9,16.5,3.49147,-0.570858,-0.669107,1,All,#4682B4,0
10,9,16.5,2.69112,0.358772,-0.478392,1,All,#4682B4,0
1,9,17,3.80683,-0.937153,-1.3001,1,All,#4682B4,0
2,9,17,3.29913,-0.347451,-1.27089,1,All,#4682B4,0
3,9,17,3.44437,-0.516154,-0.824,1,All,#4682B4,0
4,9,17,3.3393,-0.394106,-0.947652,1,All,#4682B4,0
5,9,17,0.970459,2.35737,0.426123,1,All,#4682B4,0
6,9,17,3.65759,-0.763814,-1.20865,1,All,#4682B4,0
7,9,17,2.61785,0.443882,-1.9371,1,All,#4682B4,0
8,9,17,3.28522,-0.331286,-1.29905,1,All,#4682B4,0
9,9,17,3.43104,-0.500661,-0.946631,1,All,#4682B4,0
10,9,17,2.46377,0.622852,0.130262,1,All,#4682B4,0
1,9,17.5,3.77947,-0.90538,-1.8232,1,All,#4682B4,0
2,9,17.5,3.21794,-0.253138,-0.688935,1,All,#4682B4,0
3,9,17.5,3.3235,-0.375756,-2.09423,1,All,#4682B4,0
4,9,17.5,3.26453,-0.307256,-0.630163,1,All,#4682B4,0
5,9,17.5,0.569623,2.82295,-0.337418,1,All,#4682B4,0
6,9,17.5,3.59288,-0.688642,-2.16306,1,All,#4682B4,0
7,9,17.5,2.34504,0.760751,-1.01188,1,All,#4682B4,0
8,9,17.5,3.16105,-0.187063,-0.396756,1,All,#4682B4,0
9,9,17.5,3.36442,-0.423279,-1.12281,1,All,#4682B4,0
10,9,17.5,2.23445,0.889212,0.618011,1,All,#4682B4,0
1,10,1,0,3.48459,0.351133,1,All,#4682B4,0
2,10,1,0,3.48459,0.146993,1,All,#4682B4,0
3,10,1,0,3.48459,1.13767,1,All,#4682B4,0
4,10,1,0,3.48459,0.529017,1,All,#4682B4,0
5,10,1,0,3.48459,0.461826,1,All,#4682B4,0
6,10,1,0,3.48459,0.817059,1,All,#4682B4,0
7,10,1,0,3.48459,1.30276,1,All,#4682B4,0
8,10,1,0,3.48459,1.41795,1,All,#4682B4,0
9,10,1,0,3.48459,0.199485,1,All,#4682B4,0
10,10,1,0,3.48459,0.188245,1,All,#4682B4,0
1,10,1.5,3.64669,-0.205229,-0.205229,0,All,#4682B4,0
2,10,1.5,2.8957,0.667064,0.667064,0,All,#4682B4,0
3,10,1.5,3.06624,0.468973,0.468973,0,All,#4682B4,0
4,10,1.5,2.73905,0.84902,0.84902,0,All,#4682B4,0
5,10,1.5,2.7696,0.813529,0.813529,0,All,#4682B4,0
6,10,1.5,4.30979,-0.975443,-0.975443,0,All,#4682B4,0
7,10,1.5,3.62091,-0.175281,-0.175281,0,All,#4682B4,0
8,10,1.5,3.4769,-0.00801281,-0.00801281,0,All,#4682B4,0
9,10,1.5,3.97233,-0.583474,-0.583474,0,All,#4682B4,0
10,10,1.5,4.35573,-1.02881,-1.02881,0,All,#4682B4,0
1,10,2,7.79589,-0.688663,-0.688663,0,All,#4682B4,0
2,10,2,7.84447,-0.745083,-0.745083,0,All,#4682B4,0
3,10,2,7.38437,-0.210668,-0.210668,0,All,#4682B4,0
4,10,2,6.72904,0.550513,0.550513,0,All,#4682B4,0
5,10,2,7.63282,-0.499247,-0.499247,0,All,#4682B4,0
6,10,2,7.51943,-0.367546,-0.367546,0,All,#4682B4,0
7,10,2,7.00308,0.232208,0.232208,0,All,#4682B4,0
8,10,2,7.25915,-0.0652256,-0.0652256,0,All,#4682B4,0
9,10,2,7.19911,0.00451855,0.00451855,0,All,#4682B4,0
10,10,2,7.44377,-0.279659,-0.279659,0,All,#4682B4,0
1,10,2.5,8.70757,-0.26665,-0.26665,0,All,#4682B4,0
2,10,2.5,9.16474,-0.79767,-0.79767,0,All,#4682B4,0
3,10,2.5,8.56189,-0.0974462,-0.0974462,0,All,#4682B4,0
4,10,2.5,7.9927,0.563686,0.563686,0,All,#4682B4,0
5,10,2.5,8.74667,-0.312063,-0.312063,0,All,#4682B4,0
6,10,2.5,8.4803,-0.00267471,-0.00267471,0,All,#4682B4,0
7,10,2.5,8.11987,0.415981,0.415981,0,All,#4682B4,0
8,10,2.5,8.53971,-0.0716748,-0.0716748,0,All,#4682B4,0
9,10,2.5,8.21456,0.305988,0.305988,0,All,#4682B4,0
10,10,2.5,8.588,-0.127764,-0.127764,0,All,#4682B4,0
1,10,3,8.97069,0.300038,0.300038,0,All,#4682B4,0
2,10,3,9.31341,-0.098048,-0.098048,0,All,#4682B4,0
3,10,3,8.88807,0.396002,0.396002,0,All,#4682B4,0
4,10,3,8.53503,0.806063,0.806063,0,All,#4682B4,0
5,10,3,9.06354,0.192191,0.192191,0,All,#4682B4,0
6,10,3,8.80664,0.490579,0.490579,0,All,#4682B4,0
7,10,3,8.65016,0.672344,0.672344,0,All,#4682B4,0
8,10,3,9.08854,0.163147,0.163147,0,All,#4682B4,0
9,10,3,8.66369,0.656628,0.656628,0,All,#4682B4,0
10,10,3,9.02564,0.23621,0.23621,0,All,#4682B4,0
1,10,3.5,8.81338,-0.0236661,-0.0236661,0,All,#4682B4,0
2,10,3.5,8.81274,-0.0229284,-0.0229284,0,All,#4682B4,0
3,10,3.5,8.64952,0.166654,0.166654,0,All,#4682B4,0
4,10,3.5,8.58734,0.238879,0.238879,0,All,#4682B4,0
5,10,3.5,8.85395,-0.0707994,-0.0707994,0,All,#4682B4,0
6,10,3.5,8.70503,0.102179,0.102179,0,All,#4682B4,0
7,10,3.5,8.81556,-0.0262093,-0.0262093,0,All,#4682B4,0
8,10,3.5,9.12196,-0.382092,-0.382092,0,All,#4682B4,0
9,10,3.5,8.77361,0.02252,0.02252,0,All,#4682B4,0
10,10,3.5,8.95565,-0.188923,-0.188923,0,All,#4682B4,0
1,10,4,8.39658,-0.134251,-0.134251,0,All,#4682B4,0
2,10,4,8.11384,0.194166,0.194166,0,All,#4682B4,0
3,10,4,8.14874,0.153625,0.153625,0,All,#4682B4,0
4,10,4,8.27766,0.00387952,0.00387952,0,All,#4682B4,0
5,10,4,8.35036,-0.0805635,-0.0805635,0,All,#4682B4,0
6,10,4,8.3488,-0.0787473,-0.0787473,0,All,#4682B4,0
7,10,4,8.70328,-0.490493,-0.490493,0,All,#4682B4,0
8,10,4,8.86366,-0.676772,-0.676772,0,All,#4682B4,0
9,10,4,8.60691,-0.378555,-0.378555,0,All,#4682B4,0
10,10,4,8.64851,-0.426878,-0.426878,0,All,#4682B4,0
1,10,4.5,7.87098,-1.1255,-1.1255,0,All,#4682B4,0
2,10,4.5,7.40844,-0.58824,-0.58824,0,All,#4682B4,0
3,10,4.5,7.578,-0.785198,-0.785198,0,All,#4682B4,0
4,10,4.5,7.78606,-1.02687,-1.02687,0,All,#4682B4,0
5,10,4.5,7.7482,-0.98288,-0.98288,0,All,#4682B4,0
6,10,4.5,7.8879,-1.14515,-1.14515,0,All,#4682B4,0
7,10,4.5,8.43641,-1.78226,-1.78226,0,All,#4682B4,0
8,10,4.5,8.50804,-1.86546,-1.86546,0,All,#4682B4,0
9,10,4.5,8.25877,-1.57592,-1.57592,0,All,#4682B4,0
10,10,4.5,8.2733,-1.59281,-1.59281,0,All,#4682B4,0
1,10,5,7.38102,-0.192842,-0.192842,0,All,#4682B4,0
2,10,5,6.82416,0.453975,0.453975,0,All,#4682B4,0
3,10,5,7.04948,0.192262,0.192262,0,All,#4682B4,0
4,10,5,7.24753,-0.0377829,-0.0377829,0,All,#4682B4,0
5,10,5,7.20086,0.0164252,0.0164252,0,All,#4682B4,0
6,10,5,7.4106,-0.227196,-0.227196,0,All,#4682B4,0
7,10,5,8.11008,-1.03966,-1.03966,0,All,#4682B4,0
8,10,5,8.13202,-1.06514,-1.06514,0,All,#4682B4,0
9,10,5,7.8342,-0.719217,-0.719217,0,All,#4682B4,0
10,10,5,7.89076,-0.784911,-0.784911,0,All,#4682B4,0
1,10,5.5,7.04774,-1.00906,-1.00906,0,All,#4682B4,0
2,10,5.5,6.44715,-0.311462,-0.311462,0,All,#4682B4,0
3,10,5.5,6.65983,-0.558501,-0.558501,0,All,#4682B4,0
4,10,5.5,6.76433,-0.679878,-0.679878,0,All,#4682B4,0
5,10,5.5,6.83342,-0.760122,-0.760122,0,All,#4682B4,0
6,10,5.5,6.98514,-0.93636,-0.93636,0,All,#4682B4,0
7,10,5.5,7.77126,-1.84945,-1.84945,0,All,#4682B4,0
8,10,5.5,7.76808,-1.84577,-1.84577,0,All,#4682B4,0
9,10,5.5,7.41594,-1.43674,-1.43674,0,All,#4682B4,0
10,10,5.5,7.53194,-1.57148,-1.57148,0,All,#4682B4,0
1,10,6,6.90603,-0.922283,-0.922283,0,All,#4682B4,0
2,10,6,6.28261,-0.198165,-0.198165,0,All,#4682B4,0
3,10,6,6.45308,-0.396177,-0.396177,0,All,#4682B4,0
4,10,6,6.41454,-0.351409,-0.351409,0,All,#4682B4,0
5,10,6,6.67577,-0.654837,-0.654837,0,All,#4682B4,0
6,10,6,6.67488,-0.653798,-0.653798,0,All,#4682B4,0
7,10,6,7.44487,-1.54817,-1.54817,0,All,#4682B4,0
8,10,6,7.44148,-1.54423,-1.54423,0,All,#4682B4,0
9,10,6,7.08223,-1.12695,-1.12695,0,All,#4682B4,0
10,10,6,7.20123,-1.26517,-1.26517,0,All,#4682B4,0
1,10,6.5,6.90954,1.43503,1.43503,0,All,#4682B4,0
2,10,6.5,6.28036,2.16583,2.16583,0,All,#4682B4,0
3,10,6.5,6.40748,2.01818,2.01818,0,All,#4682B4,0
4,10,6.5,6.22473,2.23045,2.23045,0,All,#4682B4,0
5,10,6.5,6.67746,1.70459,1.70459,0,All,#4682B4,0
6,10,6.5,6.50965,1.8995,1.8995,0,All,#4682B4,0
7,10,6.5,7.15139,1.1541,1.1541,0,All,#4682B4,0
8,10,6.5,7.17625,1.12523,1.12523,0,All,#4682B4,0
9,10,6.5,6.87895,1.47055,1.47055,0,All,#4682B4,0
10,10,6.5,6.85939,1.49327,1.49327,0,All,#4682B4,0
1,10,7,6.98891,1.77144,1.77144,0,All,#4682B4,0
2,10,7,6.28827,2.58525,2.58525,0,All,#4682B4,0
3,10,7,6.47459,2.36883,2.36883,0,All,#4682B4,0
4,10,7,6.1743,2.71763,2.71763,0,All,#4682B4,0
5,10,7,6.74441,2.05543,2.05543,0,All,#4682B4,0
6,10,7,6.47261,2.37113,2.37113,0,All,#4682B4,0
7,10,7,6.86885,1.91089,1.91089,0,All,#4682B4,0
8,10,7,6.99792,1.76097,1.76097,0,All,#4682B4,0
9,10,7,6.80248,1.98798,1.98798,0,All,#4682B4,0
10,10,7,6.54323,2.2891,2.2891,0,All,#4682B4,0
1,10,7.5,6.99069,-0.2424,-0.2424,0,All,#4682B4,0
2,10,7.5,6.27007,0.594625,0.594625,0,All,#4682B4,0
3,10,7.5,6.54121,0.279686,0.279686,0,All,#4682B4,0
4,10,7.5,6.18886,0.688949,0.688949,0,All,#4682B4,0
5,10,7.5,6.73295,0.05697,0.05697,0,All,#4682B4,0
6,10,7.5,6.51987,0.304475,0.304475,0,All,#4682B4,0
7,10,7.5,6.56457,0.25255,0.25255,0,All,#4682B4,0
8,10,7.5,6.88162,-0.115715,-0.115715,0,All,#4682B4,0
9,10,7.5,6.81987,-0.0439899,-0.0439899,0,All,#4682B4,0
10,10,7.5,6.2909,0.570429,0.570429,0,All,#4682B4,0
1,10,8,6.90376,0.0862322,0.0862322,0,All,#4682B4,0
2,10,8,6.22052,0.879836,0.879836,0,All,#4682B4,0
3,10,8,6.54001,0.508737,0.508737,0,All,#4682B4,0
4,10,8,6.17358,0.934357,0.934357,0,All,#4682B4,0
5,10,8,6.65777,0.371955,0.371955,0,All,#4682B4,0
6,10,8,6.52393,0.527411,0.527411,0,All,#4682B4,0
7,10,8,6.27259,0.819359,0.819359,0,All,#4682B4,0
8,10,8,6.76193,0.250968,0.250968,0,All,#4682B4,0
9,10,8,6.87481,0.119858,0.119858,0,All,#4682B4,0
10,10,8,6.1072,1.01146,1.01146,0,All,#4682B4,0
1,10,8.5,6.76191,-1.37399,-1.37399,0,All,#4682B4,0
2,10,8.5,6.13835,-0.649703,-0.649703,0,All,#4682B4,0
3,10,8.5,6.48177,-1.04859,-1.04859,0,All,#4682B4,0
4,10,8.5,6.12883,-0.638642,-0.638642,0,All,#4682B4,0
5,10,8.5,6.53552,-1.11103,-1.11103,0,All,#4682B4,0
6,10,8.5,6.46798,-1.03258,-1.03258,0,All,#4682B4,0
7,10,8.5,6.02141,-0.51387,-0.51387,0,All,#4682B4,0
8,10,8.5,6.63736,-1.22931,-1.22931,0,All,#4682B4,0
9,10,8.5,6.83296,-1.45651,-1.45651,0,All,#4682B4,0
10,10,8.5,5.97318,-0.457851,-0.457851,0,All,#4682B4,0
1,10,9,6.5856,-0.37935,-0.37935,0,All,#4682B4,0
2,10,9,6.02614,0.270471,0.270471,0,All,#4682B4,0
3,10,9,6.37514,-0.134906,-0.134906,0,All,#4682B4,0
4,10,9,6.05302,0.239256,0.239256,0,All,#4682B4,0
5,10,9,6.37827,-0.138536,-0.138536,0,All,#4682B4,0
6,10,9,6.35964,-0.116899,-0.116899,0,All,#4682B4,0
7,10,9,5.81672,0.513719,0.513719,0,All,#4682B4,0
8,10,9,6.50577,-0.286632,-0.286632,0,All,#4682B4,0
9,10,9,6.71333,-0.527717,-0.527717,0,All,#4682B4,0
10,10,9,5.867,0.45532,0.45532,0,All,#4682B4,0
1,10,9.5,6.39488,-0.303018,-0.303018,0,All,#4682B4,0
2,10,9.5,5.88765,0.286138,0.286138,0,All,#4682B4,0
3,10,9.5,6.23318,-0.115204,-0.115204,0,All,#4682B4,0
4,10,9.5,5.94909,0.214772,0.214772,0,All,#4682B4,0
5,10,9.5,6.19721,-0.0734197,-0.0734197,0,All,#4682B4,0
6,10,9.5,6.21047,-0.0888203,-0.0888203,0,All,#4682B4,0
7,10,9.5,5.64292,0.570404,0.570404,0,All,#4682B4,0
8,10,9.5,6.36547,-0.268859,-0.268859,0,All,#4682B4,0
9,10,9.5,6.53526,-0.466069,-0.466069,0,All,#4682B4,0
10,10,9.5,5.76916,0.423774,0.423774,0,All,#4682B4,0
1,10,10,6.18957,-0.198126,-0.198126,0,All,#4682B4,0
2,10,10,5.72574,0.340629,0.340629,0,All,#4682B4,0
3,10,10,6.06411,-0.0523911,-0.0523911,0,All,#4682B4,0
4,10,10,5.8218,0.229048,0.229048,0,All,#4682B4,0
5,10,10,5.99787,0.0245385,0.0245385,0,All,#4682B4,0
6,10,10,6.03357,-0.0169266,-0.0169266,0,All,#4682B4,0
7,10,10,5.48473,0.620574,0.620574,0,All,#4682B4,0
8,10,10,6.21285,-0.225166,-0.225166,0,All,#4682B4,0
9,10,10,6.31716,-0.346321,-0.346321,0,All,#4682B4,0
10,10,10,5.6671,0.408742,0.408742,0,All,#4682B4,0
1,10,10.5,5.9751,-0.374127,-0.374127,0,All,#4682B4,0
2,10,10.5,5.54507,0.12536,0.12536,0,All,#4682B4,0
3,10,10.5,5.87582,-0.258809,-0.258809,0,All,#4682B4,0
4,10,10.5,5.67117,-0.0211104,-0.0211104,0,All,#4682B4,0
5,10,10.5,5.78685,-0.155468,-0.155468,0,All,#4682B4,0
6,10,10.5,5.83865,-0.215635,-0.215635,0,All,#4682B4,0
7,10,10.5,5.33211,0.372729,0.372729,0,All,#4682B4,0
8,10,10.5,6.04708,-0.457739,-0.457739,0,All,#4682B4,0
9,10,10.5,6.08276,-0.499178,-0.499178,0,All,#4682B4,0
10,10,10.5,5.55435,0.114587,0.114587,0,All,#4682B4,0
1,10,11,5.75407,0.414585,0.414585,0,All,#4682B4,0
2,10,11,5.34773,0.886565,0.886565,0,All,#4682B4,0
3,10,11,5.67395,0.507645,0.507645,0,All,#4682B4,0
4,10,11,5.5055,0.703306,0.703306,0,All,#4682B4,0
5,10,11,5.56444,0.634849,0.634849,0,All,#4682B4,0
6,10,11,5.63222,0.556121,0.556121,0,All,#4682B4,0
7,10,11,5.1778,1.08393,1.08393,0,All,#4682B4,0
8,10,11,5.86781,0.282469,0.282469,0,All,#4682B4,0
9,10,11,5.82998,0.326413,0.326413,0,All,#4682B4,0
10,10,11,5.42929,0.791829,0.791829,0,All,#4682B4,0
1,10,11.5,5.52629,0.335342,0.335342,0,All,#4682B4,0
2,10,11.5,5.13588,0.788821,0.788821,0,All,#4682B4,0
3,10,11.5,5.46111,0.411056,0.411056,0,All,#4682B4,0
4,10,11.5,5.32611,0.567854,0.567854,0,All,#4682B4,0
5,10,11.5,5.33357,0.559199,0.559199,0,All,#4682B4,0
6,10,11.5,5.41706,0.462219,0.462219,0,All,#4682B4,0
7,10,11.5,5.01644,0.927552,0.927552,0,All,#4682B4,0
8,10,11.5,5.67617,0.161258,0.161258,0,All,#4682B4,0
9,10,11.5,5.57004,0.284526,0.284526,0,All,#4682B4,0
10,10,11.5,5.28972,0.610127,0.610127,0,All,#4682B4,0
1,10,12,5.29345,1.13429,1.13429,0,All,#4682B4,0
2,10,12,4.91209,1.57726,1.57726,0,All,#4682B4,0
3,10,12,5.23975,1.19666,1.19666,0,All,#4682B4,0
4,10,12,5.13612,1.31703,1.31703,0,All,#4682B4,0
5,10,12,5.09503,1.36477,1.36477,0,All,#4682B4,0
6,10,12,5.19461,1.2491,1.2491,0,All,#4682B4,0
7,10,12,4.84668,1.65322,1.65322,0,All,#4682B4,0
8,10,12,5.47336,0.925322,0.925322,0,All,#4682B4,0
9,10,12,5.30324,1.12292,1.12292,0,All,#4682B4,0
10,10,12,5.13786,1.31502,1.31502,0,All,#4682B4,0
1,10,12.5,5.0554,-0.238579,-0.238579,0,All,#4682B4,0
2,10,12.5,4.67814,0.199615,0.199615,0,All,#4682B4,0
3,10,12.5,5.01072,-0.186676,-0.186676,0,All,#4682B4,0
4,10,12.5,4.93586,-0.0997267,-0.0997267,0,All,#4682B4,0
5,10,12.5,4.84965,0.000401507,0.000401507,0,All,#4682B4,0
6,10,12.5,4.96627,-0.135048,-0.135048,0,All,#4682B4,0
7,10,12.5,4.66906,0.210164,0.210164,0,All,#4682B4,0
8,10,12.5,5.26001,-0.476236,-0.476236,0,All,#4682B4,0
9,10,12.5,5.03101,-0.210252,-0.210252,0,All,#4682B4,0
10,10,12.5,4.97301,-0.142878,-0.142878,0,All,#4682B4,0
1,10,13,4.81267,-1.35048,-1.35048,0,All,#4682B4,0
2,10,13,4.43459,-0.91132,-0.91132,0,All,#4682B4,0
3,10,13,4.7753,-1.30706,-1.30706,0,All,#4682B4,0
4,10,13,4.72772,-1.2518,-1.2518,0,All,#4682B4,0
5,10,13,4.59804,-1.10117,-1.10117,0,All,#4682B4,0
6,10,13,4.73253,-1.25739,-1.25739,0,All,#4682B4,0
7,10,13,4.48424,-0.968998,-0.968998,0,All,#4682B4,0
8,10,13,5.03744,-1.61156,-1.61156,0,All,#4682B4,0
9,10,13,4.7541,-1.28245,-1.28245,0,All,#4682B4,0
10,10,13,4.79754,-1.33291,-1.33291,0,All,#4682B4,0
1,10,13.5,4.56571,0.75882,0.75882,0,All,#4682B4,0
2,10,13.5,4.18276,1.20363,1.20363,0,All,#4682B4,0
3,10,13.5,4.53359,0.79612,0.79612,0,All,#4682B4,0
4,10,13.5,4.51311,0.819917,0.819917,0,All,#4682B4,0
5,10,13.5,4.34079,1.02006,1.02006,0,All,#4682B4,0
6,10,13.5,4.49388,0.842243,0.842243,0,All,#4682B4,0
7,10,13.5,4.29103,1.07786,1.07786,0,All,#4682B4,0
8,10,13.5,4.80708,0.478455,0.478455,0,All,#4682B4,0
9,10,13.5,4.47233,0.867276,0.867276,0,All,#4682B4,0
10,10,13.5,4.61301,0.703876,0.703876,0,All,#4682B4,0
1,10,14,4.31456,1.16901,1.16901,0,All,#4682B4,0
2,10,14,3.92374,1.62296,1.62296,0,All,#4682B4,0
3,10,14,4.28626,1.20188,1.20188,0,All,#4682B4,0
4,10,14,4.29215,1.19504,1.19504,0,All,#4682B4,0
5,10,14,4.07852,1.44318,1.44318,0,All,#4682B4,0
6,10,14,4.25079,1.24308,1.24308,0,All,#4682B4,0
7,10,14,4.09169,1.42788,1.42788,0,All,#4682B4,0
8,10,14,4.56858,0.873961,0.873961,0,All,#4682B4,0
9,10,14,4.18634,1.31794,1.31794,0,All,#4682B4,0
10,10,14,4.41961,1.04699,1.04699,0,All,#4682B4,0
1,10,14.5,4.05967,0.471966,0.471966,0,All,#4682B4,0
2,10,14.5,3.65851,0.937919,0.937919,0,All,#4682B4,0
3,10,14.5,4.03373,0.502098,0.502098,0,All,#4682B4,0
4,10,14.5,4.06563,0.465036,0.465036,0,All,#4682B4,0
5,10,14.5,3.8117,0.759993,0.759993,0,All,#4682B4,0
6,10,14.5,4.00285,0.537966,0.537966,0,All,#4682B4,0
7,10,14.5,3.88647,0.673137,0.673137,0,All,#4682B4,0
8,10,14.5,4.32348,0.165544,0.165544,0,All,#4682B4,0
9,10,14.5,3.89606,0.662006,0.662006,0,All,#4682B4,0
10,10,14.5,4.2197,0.286082,0.286082,0,All,#4682B4,0
1,10,15,3.80152,-0.930984,-1.31272,1,All,#4682B4,0
2,10,15,3.38722,-0.449762,-0.920165,1,All,#4682B4,0
3,10,15,3.77673,-0.902194,-1.22939,1,All,#4682B4,0
4,10,15,3.83395,-0.96866,-2.33696,1,All,#4682B4,0
5,10,15,3.54064,-0.627973,-0.660939,1,All,#4682B4,0
6,10,15,3.75112,-0.872442,-1.07637,1,All,#4682B4,0
7,10,15,3.67655,-0.785832,-1.98927,1,All,#4682B4,0
8,10,15,4.07233,-1.24555,-1.6356,1,All,#4682B4,0
9,10,15,3.60182,-0.699027,-1.00683,1,All,#4682B4,0
10,10,15,4.0134,-1.17709,-1.29918,1,All,#4682B4,0
1,10,15.5,3.54022,0.25296,0.25296,0,All,#4682B4,0
2,10,15.5,3.11109,0.751409,0.751409,0,All,#4682B4,0
3,10,15.5,3.5149,0.282367,0.282367,0,All,#4682B4,0
4,10,15.5,3.59783,0.186045,0.186045,0,All,#4682B4,0
5,10,15.5,3.26589,0.571597,0.571597,0,All,#4682B4,0
6,10,15.5,3.49568,0.304697,0.304697,0,All,#4682B4,0
7,10,15.5,3.46154,0.344351,0.344351,0,All,#4682B4,0
8,10,15.5,3.81554,-0.0668314,-0.0668314,0,All,#4682B4,0
9,10,15.5,3.3038,0.527571,0.527571,0,All,#4682B4,0
10,10,15.5,3.80067,-0.0495593,-0.0495593,0,All,#4682B4,0
1,10,16,3.27585,-0.320407,-0.719728,1,All,#4682B4,0
2,10,16,2.83026,0.197154,-1.36328,1,All,#4682B4,0
3,10,16,3.24928,-0.289546,-0.491945,1,All,#4682B4,0
4,10,16,3.35778,-0.415569,-2.19728,1,All,#4682B4,0
5,10,16,2.98759,0.0144148,-0.318539,1,All,#4682B4,0
6,10,16,3.23699,-0.275274,-1.29969,1,All,#4682B4,0
7,10,16,3.24264,-0.281838,-0.482241,1,All,#4682B4,0
8,10,16,3.55353,-0.642946,-0.963861,1,All,#4682B4,0
9,10,16,3.00274,-0.00318807,-0.927796,1,All,#4682B4,0
10,10,16,3.58301,-0.677181,-0.959309,1,All,#4682B4,0
1,10,16.5,3.00897,-0.0104232,-0.151512,1,All,#4682B4,0
2,10,16.5,2.54522,0.528235,0.0981502,1,All,#4682B4,0
3,10,16.5,2.9798,0.0234639,-0.1753,1,All,#4682B4,0
4,10,16.5,3.11451,-0.13301,-0.927362,1,All,#4682B4,0
5,10,16.5,2.70621,0.341249,0.191478,1,All,#4682B4,0
6,10,16.5,2.97543,0.0285388,-0.377071,1,All,#4682B4,0
7,10,16.5,3.0199,-0.0231196,-2.43079,1,All,#4682B4,0
8,10,16.5,3.28703,-0.333392,-0.46093,1,All,#4682B4,0
9,10,16.5,2.69878,0.349874,-0.339976,1,All,#4682B4,0
10,10,16.5,3.3611,-0.419431,-0.528541,1,All,#4682B4,0
1,11,1,0,3.48459,0.00695231,1,All,#4682B4,0
2,11,1,0,3.48459,1.02208,1,All,#4682B4,0
3,11,1,0,3.48459,1.73859,1,All,#4682B4,0
4,11,1,0,3.48459,0.407107,1,All,#4682B4,0
5,11,1,0,3.48459,0.172587,1,All,#4682B4,0
6,11,1,0,3.48459,0.148996,1,All,#4682B4,0
7,11,1,0,3.48459,0.245341,1,All,#4682B4,0
8,11,1,0,3.48459,1.5971,1,All,#4682B4,0
9,11,1,0,3.48459,0.330963,1,All,#4682B4,0
10,11,1,0,3.48459,0.554767,1,All,#4682B4,0
1,11,1.5,0,3.48459,1.56148,1,All,#4682B4,0
2,11,1.5,0,3.48459,0.206409,1,All,#4682B4,0
3,11,1.5,0,3.48459,0.336431,1,All,#4682B4,0
4,11,1.5,0,3.48459,0.299387,1,All,#4682B4,0
5,11,1.5,0,3.48459,0.500598,1,All,#4682B4,0
6,11,1.5,0,3.48459,2.65001,1,All,#4682B4,0
7,11,1.5,0,3.48459,0.0214335,1,All,#4682B4,0
8,11,1.5,0,3.48459,0.428956,1,All,#4682B4,0
9,11,1.5,0,3.48459,0.756728,1,All,#4682B4,0
10,11,1.5,0,3.48459,0.14879,1,All,#4682B4,0
1,11,2,4.58098,-0.684122,-0.684122,0,All,#4682B4,0
2,11,2,4.59701,-0.702733,-0.702733,0,All,#4682B4,0
3,11,2,3.89592,0.1116,0.1116,0,All,#4682B4,0
4,11,2,5.3006,-1.51997,-1.51997,0,All,#4682B4,0
5,11,2,4.72244,-0.848431,-0.848431,0,All,#4682B4,0
6,11,2,5.03607,-1.21271,-1.21271,0,All,#4682B4,0
7,11,2,3.94752,0.0516674,0.0516674,0,All,#4682B4,0
8,11,2,5.4015,-1.63717,-1.63717,0,All,#4682B4,0
9,11,2,5.6392,-1.91327,-1.91327,0,All,#4682B4,0
10,11,2,5.09029,-1.27569,-1.27569,0,All,#4682B4,0
1,11,2.5,6.61703,-0.793362,-0.793362,0,All,#4682B4,0
2,11,2.5,6.82334,-1.03299,-1.03299,0,All,#4682B4,0
3,11,2.5,6.55826,-0.725097,-0.725097,0,All,#4682B4,0
4,11,2.5,6.79975,-1.00559,-1.00559,0,All,#4682B4,0
5,11,2.5,6.66689,-0.851276,-0.851276,0,All,#4682B4,0
6,11,2.5,7.12244,-1.38041,-1.38041,0,All,#4682B4,0
7,11,2.5,6.44233,-0.590437,-0.590437,0,All,#4682B4,0
8,11,2.5,7.05833,-1.30594,-1.30594,0,All,#4682B4,0
9,11,2.5,7.18194,-1.44952,-1.44952,0,All,#4682B4,0
10,11,2.5,6.8591,-1.07453,-1.07453,0,All,#4682B4,0
1,11,3,7.41959,-0.44323,-0.44323,0,All,#4682B4,0
2,11,3,7.61586,-0.671203,-0.671203,0,All,#4682B4,0
3,11,3,7.4299,-0.455208,-0.455208,0,All,#4682B4,0
4,11,3,7.43403,-0.459996,-0.459996,0,All,#4682B4,0
5,11,3,7.44503,-0.472776,-0.472776,0,All,#4682B4,0
6,11,3,7.90909,-1.0118,-1.0118,0,All,#4682B4,0
7,11,3,7.33115,-0.340503,-0.340503,0,All,#4682B4,0
8,11,3,7.76399,-0.843254,-0.843254,0,All,#4682B4,0
9,11,3,7.84075,-0.932421,-0.932421,0,All,#4682B4,0
10,11,3,7.59549,-0.647542,-0.647542,0,All,#4682B4,0
1,11,3.5,7.87373,0.208232,0.208232,0,All,#4682B4,0
2,11,3.5,8.05426,-0.00145775,-0.00145775,0,All,#4682B4,0
3,11,3.5,7.90188,0.175529,0.175529,0,All,#4682B4,0
4,11,3.5,7.79884,0.295216,0.295216,0,All,#4682B4,0
5,11,3.5,7.88246,0.198085,0.198085,0,All,#4682B4,0
6,11,3.5,8.35061,-0.345681,-0.345681,0,All,#4682B4,0
7,11,3.5,7.81483,0.276647,0.276647,0,All,#4682B4,0
8,11,3.5,8.16389,-0.128802,-0.128802,0,All,#4682B4,0
9,11,3.5,8.22318,-0.197665,-0.197665,0,All,#4682B4,0
10,11,3.5,8.02051,0.0377438,0.0377438,0,All,#4682B4,0
1,11,4,8.15549,-0.476799,-0.476799,0,All,#4682B4,0
2,11,4,8.32991,-0.679388,-0.679388,0,All,#4682B4,0
3,11,4,8.18777,-0.514284,-0.514284,0,All,#4682B4,0
4,11,4,8.03204,-0.33341,-0.33341,0,All,#4682B4,0
5,11,4,8.14675,-0.466646,-0.466646,0,All,#4682B4,0
6,11,4,8.62738,-1.02491,-1.02491,0,All,#4682B4,0
7,11,4,8.10176,-0.414387,-0.414387,0,All,#4682B4,0
8,11,4,8.40082,-0.761759,-0.761759,0,All,#4682B4,0
9,11,4,8.46132,-0.832022,-0.832022,0,All,#4682B4,0
10,11,4,8.29206,-0.635427,-0.635427,0,All,#4682B4,0
1,11,4.5,8.31994,-0.0417424,-0.0417424,0,All,#4682B4,0
2,11,4.5,8.49953,-0.250345,-0.250345,0,All,#4682B4,0
3,11,4.5,8.34404,-0.0697416,-0.0697416,0,All,#4682B4,0
4,11,4.5,8.17634,0.125049,0.125049,0,All,#4682B4,0
5,11,4.5,8.29381,-0.0113906,-0.0113906,0,All,#4682B4,0
6,11,4.5,8.78864,-0.586157,-0.586157,0,All,#4682B4,0
7,11,4.5,8.2615,0.0261327,0.0261327,0,All,#4682B4,0
8,11,4.5,8.51947,-0.27351,-0.27351,0,All,#4682B4,0
9,11,4.5,8.59108,-0.356682,-0.356682,0,All,#4682B4,0
10,11,4.5,8.45499,-0.198613,-0.198613,0,All,#4682B4,0
1,11,5,8.38767,-0.220306,-0.220306,0,All,#4682B4,0
2,11,5,8.57895,-0.442482,-0.442482,0,All,#4682B4,0
3,11,5,8.39766,-0.231915,-0.231915,0,All,#4682B4,0
4,11,5,8.24346,-0.0528033,-0.0528033,0,All,#4682B4,0
5,11,5,8.33991,-0.164837,-0.164837,0,All,#4682B4,0
6,11,5,8.85347,-0.761342,-0.761342,0,All,#4682B4,0
7,11,5,8.30327,-0.122279,-0.122279,0,All,#4682B4,0
8,11,5,8.53979,-0.396996,-0.396996,0,All,#4682B4,0
9,11,5,8.63146,-0.503473,-0.503473,0,All,#4682B4,0
10,11,5,8.52595,-0.380923,-0.380923,0,All,#4682B4,0
1,11,5.5,8.37031,-1.2188,-1.2188,0,All,#4682B4,0
2,11,5.5,8.57966,-1.46197,-1.46197,0,All,#4682B4,0
3,11,5.5,8.36927,-1.2176,-1.2176,0,All,#4682B4,0
4,11,5.5,8.24251,-1.07036,-1.07036,0,All,#4682B4,0
5,11,5.5,8.29558,-1.13201,-1.13201,0,All,#4682B4,0
6,11,5.5,8.83604,-1.75976,-1.75976,0,All,#4682B4,0
7,11,5.5,8.23762,-1.06468,-1.06468,0,All,#4682B4,0
8,11,5.5,8.47722,-1.34298,-1.34298,0,All,#4682B4,0
9,11,5.5,8.59237,-1.47674,-1.47674,0,All,#4682B4,0
10,11,5.5,8.51088,-1.38208,-1.38208,0,All,#4682B4,0
1,11,6,8.27762,0.19674,0.19674,0,All,#4682B4,0
2,11,6,8.50739,-0.0701399,-0.0701399,0,All,#4682B4,0
3,11,6,8.27587,0.198775,0.198775,0,All,#4682B4,0
4,11,6,8.17831,0.312095,0.312095,0,All,#4682B4,0
5,11,6,8.1751,0.315822,0.315822,0,All,#4682B4,0
6,11,6,8.74453,-0.345592,-0.345592,0,All,#4682B4,0
7,11,6,8.08087,0.425275,0.425275,0,All,#4682B4,0
8,11,6,8.34318,0.12059,0.12059,0,All,#4682B4,0
9,11,6,8.47783,-0.0358111,-0.0358111,0,All,#4682B4,0
10,11,6,8.41629,0.0356667,0.0356667,0,All,#4682B4,0
1,11,6.5,8.11429,1.0311,1.0311,0,All,#4682B4,0
2,11,6.5,8.36076,0.744815,0.744815,0,All,#4682B4,0
3,11,6.5,8.12592,1.01759,1.01759,0,All,#4682B4,0
4,11,6.5,8.05025,1.10549,1.10549,0,All,#4682B4,0
5,11,6.5,7.98567,1.18049,1.18049,0,All,#4682B4,0
6,11,6.5,8.58001,0.490155,0.490155,0,All,#4682B4,0
7,11,6.5,7.84,1.3497,1.3497,0,All,#4682B4,0
8,11,6.5,8.14078,1.00033,1.00033,0,All,#4682B4,0
9,11,6.5,8.28412,0.833842,0.833842,0,All,#4682B4,0
10,11,6.5,8.2445,0.879857,0.879857,0,All,#4682B4,0
1,11,7,7.87702,-0.291572,-0.291572,0,All,#4682B4,0
2,11,7,8.12823,-0.583359,-0.583359,0,All,#4682B4,0
3,11,7,7.91724,-0.338284,-0.338284,0,All,#4682B4,0
4,11,7,7.85084,-0.26116,-0.26116,0,All,#4682B4,0
5,11,7,7.72258,-0.112177,-0.112177,0,All,#4682B4,0
6,11,7,8.33217,-0.820241,-0.820241,0,All,#4682B4,0
7,11,7,7.50992,0.134827,0.134827,0,All,#4682B4,0
8,11,7,7.86359,-0.275965,-0.275965,0,All,#4682B4,0
9,11,7,8.00108,-0.435664,-0.435664,0,All,#4682B4,0
10,11,7,7.98903,-0.421671,-0.421671,0,All,#4682B4,0
1,11,7.5,7.55416,1.82341,1.82341,0,All,#4682B4,0
2,11,7.5,7.78559,1.5546,1.5546,0,All,#4682B4,0
3,11,7.5,7.63892,1.72496,1.72496,0,All,#4682B4,0
4,11,7.5,7.56378,1.81224,1.81224,0,All,#4682B4,0
5,11,7.5,7.37161,2.03545,2.03545,0,All,#4682B4,0
6,11,7.5,7.97855,1.33048,1.33048,0,All,#4682B4,0
7,11,7.5,7.07649,2.37824,2.37824,0,All,#4682B4,0
8,11,7.5,7.49672,1.89014,1.89014,0,All,#4682B4,0
9,11,7.5,7.61251,1.75564,1.75564,0,All,#4682B4,0
10,11,7.5,7.63515,1.72934,1.72934,0,All,#4682B4,0
1,11,8,7.12701,-0.0499555,-0.0499555,0,All,#4682B4,0
2,11,8,7.29417,-0.244124,-0.244124,0,All,#4682B4,0
3,11,8,7.27329,-0.219864,-0.219864,0,All,#4682B4,0
4,11,8,7.16428,-0.0932456,-0.0932456,0,All,#4682B4,0
5,11,8,6.91254,0.19916,0.19916,0,All,#4682B4,0
6,11,8,7.48636,-0.467352,-0.467352,0,All,#4682B4,0
7,11,8,6.52236,0.65236,0.65236,0,All,#4682B4,0
8,11,8,7.01893,0.0755771,0.0755771,0,All,#4682B4,0
9,11,8,7.09786,-0.0161041,-0.0161041,0,All,#4682B4,0
10,11,8,7.16226,-0.0908972,-0.0908972,0,All,#4682B4,0
1,11,8.5,6.57377,0.258132,0.258132,0,All,#4682B4,0
2,11,8.5,6.60628,0.220361,0.220361,0,All,#4682B4,0
3,11,8.5,6.79734,-0.00155151,-0.00155151,0,All,#4682B4,0
4,11,8.5,6.62068,0.203634,0.203634,0,All,#4682B4,0
5,11,8.5,6.32532,0.54671,0.54671,0,All,#4682B4,0
6,11,8.5,6.81926,-0.0270228,-0.0270228,0,All,#4682B4,0
7,11,8.5,5.84174,1.10841,1.10841,0,All,#4682B4,0
8,11,8.5,6.4087,0.44986,0.44986,0,All,#4682B4,0
9,11,8.5,6.44971,0.402226,0.402226,0,All,#4682B4,0
10,11,8.5,6.55155,0.283935,0.283935,0,All,#4682B4,0
1,11,9,5.88535,-0.45921,-0.45921,0,All,#4682B4,0
2,11,9,5.72289,-0.270511,-0.270511,0,All,#4682B4,0
3,11,9,6.18598,-0.808404,-0.808404,0,All,#4682B4,0
4,11,9,5.90864,-0.486259,-0.486259,0,All,#4682B4,0
5,11,9,5.61049,-0.139952,-0.139952,0,All,#4682B4,0
6,11,9,5.95296,-0.537738,-0.537738,0,All,#4682B4,0
7,11,9,5.08788,0.467074,0.467074,0,All,#4682B4,0
8,11,9,5.6567,-0.193624,-0.193624,0,All,#4682B4,0
9,11,9,5.72,-0.267148,-0.267148,0,All,#4682B4,0
10,11,9,5.82053,-0.383919,-0.383919,0,All,#4682B4,0
1,11,9.5,5.09493,0.907234,0.907234,0,All,#4682B4,0
2,11,9.5,4.80429,1.24482,1.24482,0,All,#4682B4,0
3,11,9.5,5.41917,0.530616,0.530616,0,All,#4682B4,0
4,11,9.5,5.06738,0.939233,0.939233,0,All,#4682B4,0
5,11,9.5,4.86058,1.17943,1.17943,0,All,#4682B4,0
6,11,9.5,5.03979,0.971284,0.971284,0,All,#4682B4,0
7,11,9.5,4.4378,1.6705,1.6705,0,All,#4682B4,0
8,11,9.5,4.83918,1.2043,1.2043,0,All,#4682B4,0
9,11,9.5,5.06746,0.939146,0.939146,0,All,#4682B4,0
10,11,9.5,5.07873,0.926056,0.926056,0,All,#4682B4,0
1,11,10,4.36619,0.348232,0.348232,0,All,#4682B4,0
2,11,10,4.15753,0.590601,0.590601,0,All,#4682B4,0
3,11,10,4.58998,0.0882974,0.0882974,0,All,#4682B4,0
4,11,10,4.30762,0.416274,0.416274,0,All,#4682B4,0
5,11,10,4.27369,0.455682,0.455682,0,All,#4682B4,0
6,11,10,4.38934,0.321349,0.321349,0,All,#4682B4,0
7,11,10,3.9944,0.780078,0.780078,0,All,#4682B4,0
8,11,10,4.17262,0.573069,0.573069,0,All,#4682B4,0
9,11,10,4.59325,0.0844982,0.0844982,0,All,#4682B4,0
10,11,10,4.49678,0.196559,0.196559,0,All,#4682B4,0
1,11,10.5,3.85004,0.124242,0.124242,0,All,#4682B4,0
2,11,10.5,3.74093,0.250966,0.250966,0,All,#4682B4,0
3,11,10.5,3.91305,0.0510436,0.0510436,0,All,#4682B4,0
4,11,10.5,3.78584,0.198808,0.198808,0,All,#4682B4,0
5,11,10.5,3.89727,0.0693813,0.0693813,0,All,#4682B4,0
6,11,10.5,3.97299,-0.0185698,-0.0185698,0,All,#4682B4,0
7,11,10.5,3.70323,0.294766,0.294766,0,All,#4682B4,0
8,11,10.5,3.74441,0.246924,0.246924,0,All,#4682B4,0
9,11,10.5,4.25716,-0.348645,-0.348645,0,All,#4682B4,0
10,11,10.5,4.09226,-0.157107,-0.157107,0,All,#4682B4,0
1,11,11,3.49568,-0.575741,-1.59227,1,All,#4682B4,0
2,11,11,3.44596,-0.517996,-1.35292,1,All,#4682B4,0
3,11,11,3.5076,-0.589592,-0.661289,1,All,#4682B4,0
4,11,11,3.42936,-0.498711,-0.597522,1,All,#4682B4,0
5,11,11,3.65173,-0.757,-2.01795,1,All,#4682B4,0
6,11,11,3.68879,-0.800044,-1.0322,1,All,#4682B4,0
7,11,11,3.50209,-0.583188,-1.5495,1,All,#4682B4,0
8,11,11,3.47059,-0.5466,-0.82401,1,All,#4682B4,0
9,11,11,4.00366,-1.16578,-1.39243,1,All,#4682B4,0
10,11,11,3.79594,-0.924513,-0.959296,1,All,#4682B4,0
1,11,11.5,3.2434,-0.282711,-0.527264,1,All,#4682B4,0
2,11,11.5,3.21299,-0.247392,-1.34854,1,All,#4682B4,0
3,11,11.5,3.25032,-0.290758,-0.652008,1,All,#4682B4,0
4,11,11.5,3.16106,-0.187078,-0.857758,1,All,#4682B4,0
5,11,11.5,3.47241,-0.54872,-0.839593,1,All,#4682B4,0
6,11,11.5,3.47279,-0.549164,-0.571772,1,All,#4682B4,0
7,11,11.5,3.34602,-0.401915,-1.46515,1,All,#4682B4,0
8,11,11.5,3.27722,-0.321996,-0.519197,1,All,#4682B4,0
9,11,11.5,3.79443,-0.922755,-1.36266,1,All,#4682B4,0
10,11,11.5,3.56836,-0.660166,-0.690969,1,All,#4682B4,0
1,11,12,3.04646,2.88702,2.88702,0,All,#4682B4,0
2,11,12,3.00609,2.93391,2.93391,0,All,#4682B4,0
3,11,12,3.07448,2.85448,2.85448,0,All,#4682B4,0
4,11,12,2.93932,3.01148,3.01148,0,All,#4682B4,0
5,11,12,3.32589,2.56246,2.56246,0,All,#4682B4,0
6,11,12,3.28512,2.60982,2.60982,0,All,#4682B4,0
7,11,12,3.20851,2.6988,2.6988,0,All,#4682B4,0
8,11,12,3.12225,2.799,2.799,0,All,#4682B4,0
9,11,12,3.6085,2.2342,2.2342,0,All,#4682B4,0
10,11,12,3.37513,2.50527,2.50527,0,All,#4682B4,0
1,11,12.5,2.87596,0.144078,-1.30265,1,All,#4682B4,0
2,11,12.5,2.80919,0.221628,-1.3504,1,All,#4682B4,0
3,11,12.5,2.9321,0.0788725,-0.500165,1,All,#4682B4,0
4,11,12.5,2.73875,0.303449,-0.131864,1,All,#4682B4,0
5,11,12.5,3.19111,-0.221981,-0.731956,1,All,#4682B4,0
6,11,12.5,3.10525,-0.12225,-0.772629,1,All,#4682B4,0
7,11,12.5,3.07573,-0.0879639,-0.932657,1,All,#4682B4,0
8,11,12.5,2.98184,0.0210959,-1.17187,1,All,#4682B4,0
9,11,12.5,3.43231,-0.502146,-1.66907,1,All,#4682B4,0
10,11,12.5,3.19703,-0.228854,-0.525229,1,All,#4682B4,0
1,11,13,2.716,0.329874,-1.36298,1,All,#4682B4,0
2,11,13,2.61243,0.450171,-0.97597,1,All,#4682B4,0
3,11,13,2.80125,0.230858,-0.0133823,1,All,#4682B4,0
4,11,13,2.54702,0.526153,0.0336703,1,All,#4682B4,0
5,11,13,3.05541,-0.0643627,-2.36218,1,All,#4682B4,0
6,11,13,2.92667,0.0851712,-0.702949,1,All,#4682B4,0
7,11,13,2.94239,0.0669204,-1.28209,1,All,#4682B4,0
8,11,13,2.84524,0.179759,0.0277362,1,All,#4682B4,0
9,11,13,3.25906,-0.300901,-2.00478,1,All,#4682B4,0
10,11,13,3.02451,-0.028465,-0.16402,1,All,#4682B4,0
1,11,13.5,2.55933,0.511853,-1.56294,1,All,#4682B4,0
2,11,13.5,2.41377,0.680927,-0.703903,1,All,#4682B4,0
3,11,13.5,2.67101,0.382129,-0.028543,1,All,#4682B4,0
4,11,13.5,2.35888,0.744678,-0.915736,1,All,#4682B4,0
5,11,13.5,2.91542,0.0982472,-0.651891,1,All,#4682B4,0
6,11,13.5,2.74491,0.296299,-0.0966314,1,All,#4682B4,0
7,11,13.5,2.80459,0.226971,-1.60845,1,All,#4682B4,0
8,11,13.5,2.70741,0.339853,-1.7682,1,All,#4682B4,0
9,11,13.5,3.08677,-0.100783,-0.807128,1,All,#4682B4,0
10,11,13.5,2.8529,0.170864,-0.585697,1,All,#4682B4,0
1,11,14,2.40148,0.695194,-1.15118,1,All,#4682B4,0
2,11,14,2.21118,0.916239,-0.252689,1,All,#4682B4,0
3,11,14,2.53742,0.537305,0.129042,1,All,#4682B4,0
4,11,14,2.17108,0.962815,0.764225,1,All,#4682B4,0
5,11,14,2.77084,0.266181,-1.77091,1,All,#4682B4,0
6,11,14,2.55839,0.512942,0.197494,1,All,#4682B4,0
7,11,14,2.66171,0.392939,-1.68655,1,All,#4682B4,0
8,11,14,2.56627,0.503795,0.248776,1,All,#4682B4,0
9,11,14,2.91372,0.100215,-1.53124,1,All,#4682B4,0
10,11,14,2.68002,0.37167,-0.108643,1,All,#4682B4,0
1,11,14.5,2.24212,0.880298,-1.17547,1,All,#4682B4,0
2,11,14.5,2.00546,1.15518,0.119592,1,All,#4682B4,0
3,11,14.5,2.39952,0.697474,0.365268,1,All,#4682B4,0
4,11,14.5,1.98245,1.18191,0.899508,1,All,#4682B4,0
5,11,14.5,2.62078,0.440476,-0.26088,1,All,#4682B4,0
6,11,14.5,2.36802,0.734064,-0.716712,1,All,#4682B4,0
7,11,14.5,2.51357,0.565007,-2.52531,1,All,#4682B4,0
8,11,14.5,2.42166,0.67176,0.32096,1,All,#4682B4,0
9,11,14.5,2.73932,0.302785,-1.55088,1,All,#4682B4,0
10,11,14.5,2.50532,0.574585,-0.0147803,1,All,#4682B4,0
1,11,15,2.07937,1.06934,1.06611,1,All,#4682B4,0
2,11,15,1.79577,1.39875,-1.02804,1,All,#4682B4,0
3,11,15,2.25689,0.863147,-0.441587,1,All,#4682B4,0
4,11,15,1.79266,1.40236,-0.20809,1,All,#4682B4,0
5,11,15,2.46616,0.620069,-0.224738,1,All,#4682B4,0
6,11,15,2.17375,0.959709,-0.2185,1,All,#4682B4,0
7,11,15,2.36146,0.741686,-0.432854,1,All,#4682B4,0
8,11,15,2.27318,0.844222,-0.953777,1,All,#4682B4,0
9,11,15,2.56332,0.507211,-0.846543,1,All,#4682B4,0
10,11,15,2.32805,0.780491,-0.353987,1,All,#4682B4,0
1,11,15.5,1.9138,1.26166,1.2038,1,All,#4682B4,0
2,11,15.5,1.58265,1.64629,0.272795,1,All,#4682B4,0
3,11,15.5,2.11001,1.03375,-0.443793,1,All,#4682B4,0
4,11,15.5,1.6015,1.6244,0.400598,1,All,#4682B4,0
5,11,15.5,2.30693,0.805016,-0.980056,1,All,#4682B4,0
6,11,15.5,1.9752,1.19034,-0.138509,1,All,#4682B4,0
7,11,15.5,2.20512,0.92327,0.481405,1,All,#4682B4,0
8,11,15.5,2.12172,1.02015,0.824293,1,All,#4682B4,0
9,11,15.5,2.38559,0.713654,-0.895315,1,All,#4682B4,0
10,11,15.5,2.14868,0.988834,-1.64945,1,All,#4682B4,0
1,12,1,0,3.48459,0.611778,1,All,#4682B4,0
2,12,1,0,3.48459,0.639667,1,All,#4682B4,0
3,12,1,0,3.48459,0.391444,1,All,#4682B4,0
4,12,1,0,3.48459,0.517793,1,All,#4682B4,0
5,12,1,0,3.48459,0.456643,1,All,#4682B4,0
6,12,1,0,3.48459,0.428393,1,All,#4682B4,0
7,12,1,0,3.48459,0.756324,1,All,#4682B4,0
8,12,1,0,3.48459,0.494835,1,All,#4682B4,0
9,12,1,0,3.48459,0.470372,1,All,#4682B4,0
10,12,1,0,3.48459,2.44666,1,All,#4682B4,0
1,12,1.5,0,3.48459,1.42752,1,All,#4682B4,0
2,12,1.5,0,3.48459,0.265174,1,All,#4682B4,0
3,12,1.5,0,3.48459,0.855279,1,All,#4682B4,0
4,12,1.5,0,3.48459,1.36753,1,All,#4682B4,0
5,12,1.5,0,3.48459,0.395236,1,All,#4682B4,0
6,12,1.5,0,3.48459,0.830259,1,All,#4682B4,0
7,12,1.5,0,3.48459,0.374052,1,All,#4682B4,0
8,12,1.5,0,3.48459,0.3489,1,All,#4682B4,0
9,12,1.5,0,3.48459,0.227387,1,All,#4682B4,0
10,12,1.5,0,3.48459,1.81434,1,All,#4682B4,0
1,12,2,0,3.48459,0.440059,1,All,#4682B4,0
2,12,2,0,3.48459,0.460126,1,All,#4682B4,0
3,12,2,0,3.48459,2.03944,1,All,#4682B4,0
4,12,2,0,3.48459,0.74001,1,All,#4682B4,0
5,12,2,0,3.48459,1.97152,1,All,#4682B4,0
6,12,2,0,3.48459,0.419488,1,All,#4682B4,0
7,12,2,0,3.48459,1.30677,1,All,#4682B4,0
8,12,2,0,3.48459,0.567421,1,All,#4682B4,0
9,12,2,0,3.48459,0.512452,1,All,#4682B4,0
10,12,2,0,3.48459,0.216556,1,All,#4682B4,0
1,12,2.5,0,3.48459,1.10636,1,All,#4682B4,0
2,12,2.5,0,3.48459,0.0287096,1,All,#4682B4,0
3,12,2.5,0,3.48459,0.34687,1,All,#4682B4,0
4,12,2.5,0,3.48459,0.108107,1,All,#4682B4,0
5,12,2.5,0,3.48459,2.42059,1,All,#4682B4,0
6,12,2.5,0,3.48459,0.00380461,1,All,#4682B4,0
7,12,2.5,0,3.48459,0.394884,1,All,#4682B4,0
8,12,2.5,0,3.48459,1.77735,1,All,#4682B4,0
9,12,2.5,0,3.48459,1.68784,1,All,#4682B4,0
10,12,2.5,0,3.48459,0.175521,1,All,#4682B4,0
1,12,3,0,3.48459,0.98698,1,All,#4682B4,0
2,12,3,0,3.48459,0.86265,1,All,#4682B4,0
3,12,3,0,3.48459,0.995211,1,All,#4682B4,0
4,12,3,0,3.48459,0.373291,1,All,#4682B4,0
5,12,3,0,3.48459,0.232254,1,All,#4682B4,0
6,12,3,0,3.48459,0.59193,1,All,#4682B4,0
7,12,3,0,3.48459,0.450453,1,All,#4682B4,0
8,12,3,0,3.48459,0.927898,1,All,#4682B4,0
9,12,3,0,3.48459,0.107852,1,All,#4682B4,0
10,12,3,0,3.48459,1.13917,1,All,#4682B4,0
1,12,3.5,0,3.48459,0.0470191,1,All,#4682B4,0
2,12,3.5,0,3.48459,0.277152,1,All,#4682B4,0
3,12,3.5,0,3.48459,0.783589,1,All,#4682B4,0
4,12,3.5,0,3.48459,0.491154,1,All,#4682B4,0
5,12,3.5,0,3.48459,0.0855105,1,All,#4682B4,0
6,12,3.5,0,3.48459,2.1358,1,All,#4682B4,0
7,12,3.5,0,3.48459,0.877264,1,All,#4682B4,0
8,12,3.5,0,3.48459,2.785,1,All,#4682B4,0
9,12,3.5,0,3.48459,0.233446,1,All,#4682B4,0
10,12,3.5,0,3.48459,0.292671,1,All,#4682B4,0
1,12,4,0.488162,2.91757,-0.182924,1,All,#4682B4,0
2,12,4,0.298947,3.13735,1.41607,1,All,#4682B4,0
3,12,4,0,3.48459,0.596663,1,All,#4682B4,0
4,12,4,0,3.48459,0.310152,1,All,#4682B4,0
5,12,4,0,3.48459,0.856891,1,All,#4682B4,0
6,12,4,0,3.48459,1.56983,1,All,#4682B4,0
7,12,4,0,3.48459,0.468218,1,All,#4682B4,0
8,12,4,0,3.48459,0.450314,1,All,#4682B4,0
9,12,4,0,3.48459,1.37245,1,All,#4682B4,0
10,12,4,0,3.48459,0.795892,1,All,#4682B4,0
1,12,4.5,3.29727,0.458486,0.458486,0,All,#4682B4,0
2,12,4.5,3.22496,0.542481,0.542481,0,All,#4682B4,0
3,12,4.5,3.4074,0.330569,0.330569,0,All,#4682B4,0
4,12,4.5,2.70725,1.14381,1.14381,0,All,#4682B4,0
5,12,4.5,2.3357,1.57538,1.57538,0,All,#4682B4,0
6,12,4.5,3.44709,0.284466,0.284466,0,All,#4682B4,0
7,12,4.5,3.53576,0.18148,0.18148,0,All,#4682B4,0
8,12,4.5,2.86085,0.9654,0.9654,0,All,#4682B4,0
9,12,4.5,3.82877,-0.158861,-0.158861,0,All,#4682B4,0
10,12,4.5,3.2832,0.474829,0.474829,0,All,#4682B4,0
1,12,5,4.6518,-1.91861,-2.01807,1,All,#4682B4,0
2,12,5,4.59532,-1.85301,-2.10963,1,All,#4682B4,0
3,12,5,4.99042,-2.31193,-3.38789,1,All,#4682B4,0
4,12,5,5.15696,-2.50537,-2.78661,1,All,#4682B4,0
5,12,5,4.9989,-2.32178,-2.755,1,All,#4682B4,0
6,12,5,4.97763,-2.29707,-2.37397,1,All,#4682B4,0
7,12,5,5.20189,-2.55756,-3.16397,1,All,#4682B4,0
8,12,5,4.71502,-1.99204,-2.14115,1,All,#4682B4,0
9,12,5,5.31268,-2.68625,-3.28122,1,All,#4682B4,0
10,12,5,5.73727,-3.17941,-3.27882,1,All,#4682B4,0
1,12,5.5,5.46198,3.5241,3.5241,0,All,#4682B4,0
2,12,5.5,5.40609,3.58902,3.58902,0,All,#4682B4,0
3,12,5.5,5.78965,3.14351,3.14351,0,All,#4682B4,0
4,12,5.5,6.23727,2.62358,2.62358,0,All,#4682B4,0
5,12,5.5,6.03891,2.85398,2.85398,0,All,#4682B4,0
6,12,5.5,5.77444,3.16116,3.16116,0,All,#4682B4,0
7,12,5.5,6.06565,2.82292,2.82292,0,All,#4682B4,0
8,12,5.5,5.69214,3.25676,3.25676,0,All,#4682B4,0
9,12,5.5,6.06648,2.82196,2.82196,0,All,#4682B4,0
10,12,5.5,6.73506,2.04538,2.04538,0,All,#4682B4,0
1,12,6,5.97882,1.13154,1.13154,0,All,#4682B4,0
2,12,6,5.92896,1.18945,1.18945,0,All,#4682B4,0
3,12,6,6.24966,0.816947,0.816947,0,All,#4682B4,0
4,12,6,6.82086,0.153483,0.153483,0,All,#4682B4,0
5,12,6,6.58798,0.423985,0.423985,0,All,#4682B4,0
6,12,6,6.23584,0.833004,0.833004,0,All,#4682B4,0
7,12,6,6.57288,0.441521,0.441521,0,All,#4682B4,0
8,12,6,6.2752,0.787284,0.787284,0,All,#4682B4,0
9,12,6,6.5024,0.523385,0.523385,0,All,#4682B4,0
10,12,6,7.26549,-0.362963,-0.362963,0,All,#4682B4,0
1,12,6.5,6.28888,-2.10339,-2.10339,0,All,#4682B4,0
2,12,6.5,6.25124,-2.05966,-2.05966,0,All,#4682B4,0
3,12,6.5,6.4787,-2.32387,-2.32387,0,All,#4682B4,0
4,12,6.5,7.08938,-3.03319,-3.03319,0,All,#4682B4,0
5,12,6.5,6.86715,-2.77507,-2.77507,0,All,#4682B4,0
6,12,6.5,6.46559,-2.30864,-2.30864,0,All,#4682B4,0
7,12,6.5,6.83941,-2.74285,-2.74285,0,All,#4682B4,0
8,12,6.5,6.59747,-2.46182,-2.46182,0,All,#4682B4,0
9,12,6.5,6.72906,-2.61467,-2.61467,0,All,#4682B4,0
10,12,6.5,7.50964,-3.52133,-3.52133,0,All,#4682B4,0
1,12,7,6.40951,0.509318,0.509318,0,All,#4682B4,0
2,12,7,6.39864,0.521939,0.521939,0,All,#4682B4,0
3,12,7,6.51134,0.391045,0.391045,0,All,#4682B4,0
4,12,7,7.07877,-0.268048,-0.268048,0,All,#4682B4,0
5,12,7,6.93293,-0.0986446,-0.0986446,0,All,#4682B4,0
6,12,7,6.50742,0.395597,0.395597,0,All,#4682B4,0
7,12,7,6.89175,-0.0508188,-0.0508188,0,All,#4682B4,0
8,12,7,6.68707,0.186926,0.186926,0,All,#4682B4,0
9,12,7,6.77444,0.0854388,0.0854388,0,All,#4682B4,0
10,12,7,7.5179,-0.778103,-0.778103,0,All,#4682B4,0
1,12,7.5,6.34289,0.332325,0.332325,0,All,#4682B4,0
2,12,7.5,6.375,0.295026,0.295026,0,All,#4682B4,0
3,12,7.5,6.3758,0.2941,0.2941,0,All,#4682B4,0
4,12,7.5,6.82616,-0.22901,-0.22901,0,All,#4682B4,0
5,12,7.5,6.81002,-0.210265,-0.210265,0,All,#4682B4,0
6,12,7.5,6.37683,0.292901,0.292901,0,All,#4682B4,0
7,12,7.5,6.74521,-0.134979,-0.134979,0,All,#4682B4,0
8,12,7.5,6.55576,0.085074,0.085074,0,All,#4682B4,0
9,12,7.5,6.66273,-0.0391808,-0.0391808,0,All,#4682B4,0
10,12,7.5,7.28433,-0.761187,-0.761187,0,All,#4682B4,0
1,12,8,6.11315,0.517864,0.517864,0,All,#4682B4,0
2,12,8,6.19608,0.421537,0.421537,0,All,#4682B4,0
3,12,8,6.11673,0.513714,0.513714,0,All,#4682B4,0
4,12,8,6.39779,0.187247,0.187247,0,All,#4682B4,0
5,12,8,6.53464,0.0282995,0.0282995,0,All,#4682B4,0
6,12,8,6.10546,0.526805,0.526805,0,All,#4682B4,0
7,12,8,6.4376,0.141005,0.141005,0,All,#4682B4,0
8,12,8,6.24496,0.364769,0.364769,0,All,#4682B4,0
9,12,8,6.43211,0.147382,0.147382,0,All,#4682B4,0
10,12,8,6.85974,-0.349319,-0.349319,0,All,#4682B4,0
1,12,8.5,5.76416,-0.90385,-0.90385,0,All,#4682B4,0
2,12,8.5,5.89853,-1.05993,-1.05993,0,All,#4682B4,0
3,12,8.5,5.77754,-0.919397,-0.919397,0,All,#4682B4,0
4,12,8.5,5.85781,-1.01263,-1.01263,0,All,#4682B4,0
5,12,8.5,6.14729,-1.34887,-1.34887,0,All,#4682B4,0
6,12,8.5,5.73738,-0.872747,-0.872747,0,All,#4682B4,0
7,12,8.5,6.01493,-1.19513,-1.19513,0,All,#4682B4,0
8,12,8.5,5.79997,-0.945452,-0.945452,0,All,#4682B4,0
9,12,8.5,6.1212,-1.31856,-1.31856,0,All,#4682B4,0
10,12,8.5,6.29649,-1.52217,-1.52217,0,All,#4682B4,0
1,12,9,5.3441,1.98145,1.98145,0,All,#4682B4,0
2,12,9,5.51954,1.77768,1.77768,0,All,#4682B4,0
3,12,9,5.39029,1.9278,1.9278,0,All,#4682B4,0
4,12,9,5.25849,2.08089,2.08089,0,All,#4682B4,0
5,12,9,5.68167,1.58936,1.58936,0,All,#4682B4,0
6,12,9,5.31767,2.01215,2.01215,0,All,#4682B4,0
7,12,9,5.51985,1.77732,1.77732,0,All,#4682B4,0
8,12,9,5.28296,2.05247,2.05247,0,All,#4682B4,0
9,12,9,5.7571,1.50175,1.50175,0,All,#4682B4,0
10,12,9,5.65116,1.6248,1.6248,0,All,#4682B4,0
1,12,9.5,4.89117,0.23676,0.23676,0,All,#4682B4,0
2,12,9.5,5.09588,-0.00101645,-0.00101645,0,All,#4682B4,0
3,12,9.5,4.97651,0.137626,0.137626,0,All,#4682B4,0
4,12,9.5,4.64691,0.520472,0.520472,0,All,#4682B4,0
5,12,9.5,5.1722,-0.0896692,-0.0896692,0,All,#4682B4,0
6,12,9.5,4.88479,0.244164,0.244164,0,All,#4682B4,0
7,12,9.5,4.99319,0.118255,0.118255,0,All,#4682B4,0
8,12,9.5,4.74733,0.40383,0.40383,0,All,#4682B4,0
9,12,9.5,5.35713,-0.30447,-0.30447,0,All,#4682B4,0
10,12,9.5,5.00101,0.109173,0.109173,0,All,#4682B4,0
1,12,10,4.44171,-0.767435,-0.767435,0,All,#4682B4,0
2,12,10,4.66812,-1.03041,-1.03041,0,All,#4682B4,0
3,12,10,4.55414,-0.898022,-0.898022,0,All,#4682B4,0
4,12,10,4.07662,-0.343373,-0.343373,0,All,#4682B4,0
5,12,10,4.65651,-1.01692,-1.01692,0,All,#4682B4,0
6,12,10,4.47254,-0.803246,-0.803246,0,All,#4682B4,0
7,12,10,4.47884,-0.810566,-0.810566,0,All,#4682B4,0
8,12,10,4.23954,-0.532612,-0.532612,0,All,#4682B4,0
9,12,10,4.93574,-1.34126,-1.34126,0,All,#4682B4,0
10,12,10,4.43032,-0.754205,-0.754205,0,All,#4682B4,0
1,12,10.5,4.02817,-0.505466,-0.505466,0,All,#4682B4,0
2,12,10.5,4.27113,-0.787669,-0.787669,0,All,#4682B4,0
3,12,10.5,4.1444,-0.640471,-0.640471,0,All,#4682B4,0
4,12,10.5,3.59661,-0.00418782,-0.00418782,0,All,#4682B4,0
5,12,10.5,4.17451,-0.675444,-0.675444,0,All,#4682B4,0
6,12,10.5,4.11322,-0.604253,-0.604253,0,All,#4682B4,0
7,12,10.5,4.01873,-0.494498,-0.494498,0,All,#4682B4,0
8,12,10.5,3.7977,-0.237765,-0.237765,0,All,#4682B4,0
9,12,10.5,4.50826,-1.0631,-1.0631,0,All,#4682B4,0
10,12,10.5,3.99343,-0.465115,-0.465115,0,All,#4682B4,0
1,12,11,3.67366,0.314004,0.314004,0,All,#4682B4,0
2,12,11,3.92931,0.0170666,0.0170666,0,All,#4682B4,0
3,12,11,3.76776,0.204703,0.204703,0,All,#4682B4,0
4,12,11,3.2266,0.833286,0.833286,0,All,#4682B4,0
5,12,11,3.76298,0.210258,0.210258,0,All,#4682B4,0
6,12,11,3.81976,0.144308,0.144308,0,All,#4682B4,0
7,12,11,3.64034,0.352709,0.352709,0,All,#4682B4,0
8,12,11,3.4414,0.583781,0.583781,0,All,#4682B4,0
9,12,11,4.09389,-0.174103,-0.174103,0,All,#4682B4,0
10,12,11,3.68807,0.297268,0.297268,0,All,#4682B4,0
1,12,11.5,3.38848,-0.451229,-0.643478,1,All,#4682B4,0
2,12,11.5,3.65465,-0.760398,-0.901388,1,All,#4682B4,0
3,12,11.5,3.45051,-0.523279,-1.31296,1,All,#4682B4,0
4,12,11.5,2.96452,0.0412122,-0.581601,1,All,#4682B4,0
5,12,11.5,3.44269,-0.514195,-1.31521,1,All,#4682B4,0
6,12,11.5,3.5947,-0.690763,-1.65353,1,All,#4682B4,0
7,12,11.5,3.35602,-0.413524,-1.0951,1,All,#4682B4,0
8,12,11.5,3.17538,-0.203707,-0.403334,1,All,#4682B4,0
9,12,11.5,3.71566,-0.831259,-1.80247,1,All,#4682B4,0
10,12,11.5,3.48644,-0.565019,-1.79517,1,All,#4682B4,0
1,12,12,3.17181,0.973578,0.973578,0,All,#4682B4,0
2,12,12,3.4481,0.652664,0.652664,0,All,#4682B4,0
3,12,12,3.20449,0.935625,0.935625,0,All,#4682B4,0
4,12,12,2.79972,1.40578,1.40578,0,All,#4682B4,0
5,12,12,3.2117,0.927254,0.927254,0,All,#4682B4,0
6,12,12,3.43125,0.672231,0.672231,0,All,#4682B4,0
7,12,12,3.15773,0.989938,0.989938,0,All,#4682B4,0
8,12,12,2.99137,1.18317,1.18317,0,All,#4682B4,0
9,12,12,3.39775,0.711152,0.711152,0,All,#4682B4,0
10,12,12,3.35616,0.759452,0.759452,0,All,#4682B4,0
1,12,12.5,3.02371,-0.0275422,-1.55825,1,All,#4682B4,0
2,12,12.5,3.30324,-0.352219,-1.56937,1,All,#4682B4,0
3,12,12.5,3.03023,-0.0351158,-1.17351,1,All,#4682B4,0
4,12,12.5,2.70793,0.339249,-0.67267,1,All,#4682B4,0
5,12,12.5,3.05459,-0.0634087,-0.476813,1,All,#4682B4,0
6,12,12.5,3.32051,-0.372281,-1.21047,1,All,#4682B4,0
7,12,12.5,3.02812,-0.0326632,-0.274031,1,All,#4682B4,0
8,12,12.5,2.87455,0.14571,-0.442974,1,All,#4682B4,0
9,12,12.5,3.15421,-0.179114,-1.2616,1,All,#4682B4,0
10,12,12.5,3.26997,-0.313576,-1.81935,1,All,#4682B4,0
1,12,13,2.9248,0.0873524,-0.665863,1,All,#4682B4,0
2,12,13,3.2061,-0.239395,-1.36862,1,All,#4682B4,0
3,12,13,2.92082,0.0919644,0.0385361,1,All,#4682B4,0
4,12,13,2.6636,0.390732,0.286125,1,All,#4682B4,0
5,12,13,2.95256,0.0550984,-2.45902,1,All,#4682B4,0
6,12,13,3.24953,-0.289841,-1.46417,1,All,#4682B4,0
7,12,13,2.94697,0.0615965,-1.36559,1,All,#4682B4,0
8,12,13,2.80885,0.222021,-0.757136,1,All,#4682B4,0
9,12,13,2.98169,0.0212679,-0.157438,1,All,#4682B4,0
10,12,13,3.20362,-0.236509,-0.868354,1,All,#4682B4,0
1,12,13.5,2.86915,0.151992,-0.308881,1,All,#4682B4,0
2,12,13.5,3.15037,-0.174658,-2.01175,1,All,#4682B4,0
3,12,13.5,2.86353,0.158518,-1.19337,1,All,#4682B4,0
4,12,13.5,2.65035,0.406125,-0.470563,1,All,#4682B4,0
5,12,13.5,2.8875,0.130667,-1.35014,1,All,#4682B4,0
6,12,13.5,3.20739,-0.240887,-1.04664,1,All,#4682B4,0
7,12,13.5,2.89874,0.117618,-1.78229,1,All,#4682B4,0
8,12,13.5,2.77901,0.256687,-1.06252,1,All,#4682B4,0
9,12,13.5,2.86955,0.151523,-1.9102,1,All,#4682B4,0
10,12,13.5,3.14554,-0.169054,-0.255076,1,All,#4682B4,0
1,12,14,2.84501,0.180027,-0.756824,1,All,#4682B4,0
2,12,14,3.12174,-0.141407,-1.21465,1,All,#4682B4,0
3,12,14,2.84446,0.180667,-0.377465,1,All,#4682B4,0
4,12,14,2.65509,0.400618,0.226421,1,All,#4682B4,0
5,12,14,2.84815,0.176382,-1.52351,1,All,#4682B4,0
6,12,14,3.18446,-0.214258,-0.335152,1,All,#4682B4,0
7,12,14,2.87324,0.147233,-2.39411,1,All,#4682B4,0
8,12,14,2.7725,0.264252,-0.90876,1,All,#4682B4,0
9,12,14,2.80372,0.22799,0.166343,1,All,#4682B4,0
10,12,14,3.08704,-0.101098,-1.38113,1,All,#4682B4,0
1,12,14.5,2.84328,0.182032,-0.19746,1,All,#4682B4,0
2,12,14.5,3.11149,-0.129501,-1.39156,1,All,#4682B4,0
3,12,14.5,2.85113,0.172918,-1.02812,1,All,#4682B4,0
4,12,14.5,2.66853,0.385008,-1.70065,1,All,#4682B4,0
5,12,14.5,2.81653,0.213103,0.144005,1,All,#4682B4,0
6,12,14.5,3.17376,-0.201823,-1.77507,1,All,#4682B4,0
7,12,14.5,2.85471,0.16876,-0.823297,1,All,#4682B4,0
8,12,14.5,2.78017,0.255333,-0.047243,1,All,#4682B4,0
9,12,14.5,2.77062,0.266427,-0.223626,1,All,#4682B4,0
10,12,14.5,3.02489,-0.0289087,-0.975534,1,All,#4682B4,0
1,12,15,2.85598,0.764309,0.764309,0,All,#4682B4,0
2,12,15,3.11259,0.466255,0.466255,0,All,#4682B4,0
3,12,15,2.87383,0.743576,0.743576,0,All,#4682B4,0
4,12,15,2.68361,0.964524,0.964524,0,All,#4682B4,0
5,12,15,2.78983,0.841142,0.841142,0,All,#4682B4,0
6,12,15,3.17003,0.399531,0.399531,0,All,#4682B4,0
7,12,15,2.8443,0.777878,0.777878,0,All,#4682B4,0
8,12,15,2.79445,0.83578,0.83578,0,All,#4682B4,0
9,12,15,2.75905,0.876892,0.876892,0,All,#4682B4,0
10,12,15,2.95693,0.64705,0.64705,0,All,#4682B4,0
1,12,15.5,2.87759,0.142188,0.034319,1,All,#4682B4,0
2,12,15.5,3.11933,-0.138601,-1.81417,1,All,#4682B4,0
3,12,15.5,2.90442,0.111019,-0.930626,1,All,#4682B4,0
4,12,15.5,2.69693,0.352019,-1.85486,1,All,#4682B4,0
5,12,15.5,2.76469,0.273316,-0.729281,1,All,#4682B4,0
6,12,15.5,3.1696,-0.196992,-0.576162,1,All,#4682B4,0
7,12,15.5,2.83106,0.196231,0.0282269,1,All,#4682B4,0
8,12,15.5,2.8109,0.219647,-0.191478,1,All,#4682B4,0
9,12,15.5,2.7602,0.278536,-0.833461,1,All,#4682B4,0
10,12,15.5,2.88165,0.137464,-0.269822,1,All,#4682B4,0
1,12,16,2.90278,0.777313,0.777313,0,All,#4682B4,0
2,12,16,3.12811,0.515586,0.515586,0,All,#4682B4,0
3,12,16,2.93937,0.734823,0.734823,0,All,#4682B4,0
4,12,16,2.70653,1.00526,1.00526,0,All,#4682B4,0
5,12,16,2.74003,0.966354,0.966354,0,All,#4682B4,0
6,12,16,3.16985,0.467112,0.467112,0,All,#4682B4,0
7,12,16,2.81704,0.876902,0.876902,0,All,#4682B4,0
8,12,16,2.82648,0.865941,0.865941,0,All,#4682B4,0
9,12,16,2.76791,0.93397,0.93397,0,All,#4682B4,0
10,12,16,2.80075,0.895825,0.895825,0,All,#4682B4,0
1,12,16.5,2.92981,0.0815325,0.0221459,1,All,#4682B4,0
2,12,16.5,3.13592,-0.157877,-0.370277,1,All,#4682B4,0
3,12,16.5,2.97599,0.0278881,-0.566663,1,All,#4682B4,0
4,12,16.5,2.71154,0.335049,-0.760494,1,All,#4682B4,0
5,12,16.5,2.71223,0.334252,-0.474984,1,All,#4682B4,0
6,12,16.5,3.16947,-0.196845,-1.26881,1,All,#4682B4,0
7,12,16.5,2.79887,0.233619,0.0910704,1,All,#4682B4,0
8,12,16.5,2.83927,0.186695,-0.543626,1,All,#4682B4,0
9,12,16.5,2.77797,0.25789,-0.835328,1,All,#4682B4,0
10,12,16.5,2.71309,0.333251,-0.346789,1,All,#4682B4,0
1,12,17,2.9555,0.587157,0.587157,0,All,#4682B4,0
2,12,17,3.14182,0.370731,0.370731,0,All,#4682B4,0
3,12,17,3.01033,0.523461,0.523461,0,All,#4682B4,0
4,12,17,2.71112,0.871002,0.871002,0,All,#4682B4,0
5,12,17,2.68314,0.903511,0.903511,0,All,#4682B4,0
6,12,17,3.16666,0.341887,0.341887,0,All,#4682B4,0
7,12,17,2.77636,0.795223,0.795223,0,All,#4682B4,0
8,12,17,2.84825,0.71173,0.71173,0,All,#4682B4,0
9,12,17,2.78784,0.781897,0.781897,0,All,#4682B4,0
10,12,17,2.62003,0.976813,0.976813,0,All,#4682B4,0
1,12,17.5,2.97966,0.0236243,-0.0123115,1,All,#4682B4,0
2,12,17.5,3.14423,-0.167531,-0.487255,1,All,#4682B4,0
3,12,17.5,3.04181,-0.0485671,-0.29474,1,All,#4682B4,0
4,12,17.5,2.70671,0.34066,-1.96139,1,All,#4682B4,0
5,12,17.5,2.65069,0.405739,-1.0516,1,All,#4682B4,0
6,12,17.5,3.16379,-0.190247,-0.192053,1,All,#4682B4,0
7,12,17.5,2.74965,0.290785,-0.0500928,1,All,#4682B4,0
8,12,17.5,2.85281,0.170962,-0.357288,1,All,#4682B4,0
9,12,17.5,2.79688,0.235932,-1.14662,1,All,#4682B4,0
10,12,17.5,2.52218,0.555001,-0.0249215,1,All,#4682B4,0
1,12,18,3.00115,-0.00133927,-0.139173,1,All,#4682B4,0
2,12,18,3.14278,-0.165847,-0.824966,1,All,#4682B4,0
3,12,18,3.06981,-0.0810826,-0.686712,1,All,#4682B4,0
4,12,18,2.69678,0.352204,-0.258406,1,All,#4682B4,0
5,12,18,2.61383,0.448548,-0.266221,1,All,#4682B4,0
6,12,18,3.15709,-0.182459,-1.64602,1,All,#4682B4,0
7,12,18,2.71885,0.326564,-0.489986,1,All,#4682B4,0
8,12,18,2.85373,0.169895,-0.376453,1,All,#4682B4,0
9,12,18,2.80282,0.229029,-0.827925,1,All,#4682B4,0
10,12,18,2.41997,0.673716,0.00328293,1,All,#4682B4,0
1,13,1,2.0427,1.26177,1.26177,0,All,#4682B4,0
2,13,1,2.17906,1.10338,1.10338,0,All,#4682B4,0
3,13,1,1.30152,2.12267,2.12267,0,All,#4682B4,0
4,13,1,0.836832,2.66242,2.66242,0,All,#4682B4,0
5,13,1,1.71218,1.64568,1.64568,0,All,#4682B4,0
6,13,1,1.2627,2.16776,2.16776,0,All,#4682B4,0
7,13,1,1.35681,2.05845,2.05845,0,All,#4682B4,0
8,13,1,1.90582,1.42076,1.42076,0,All,#4682B4,0
9,13,1,0.734374,2.78143,2.78143,0,All,#4682B4,0
10,13,1,1.90098,1.42638,1.42638,0,All,#4682B4,0
1,13,1.5,3.74387,-0.864022,-2.21001,1,All,#4682B4,0
2,13,1.5,3.75117,-0.8725,-0.948204,1,All,#4682B4,0
3,13,1.5,3.32038,-0.372132,-1.07022,1,All,#4682B4,0
4,13,1.5,2.79569,0.237314,-0.556076,1,All,#4682B4,0
5,13,1.5,3.32619,-0.378882,-2.52064,1,All,#4682B4,0
6,13,1.5,3.06775,-0.0786945,-0.385165,1,All,#4682B4,0
7,13,1.5,3.25747,-0.299053,-0.484348,1,All,#4682B4,0
8,13,1.5,3.51906,-0.602899,-1.19753,1,All,#4682B4,0
9,13,1.5,2.57063,0.498731,-1.76639,1,All,#4682B4,0
10,13,1.5,3.57445,-0.667235,-0.848708,1,All,#4682B4,0
1,13,2,5.00154,0.317633,0.317633,0,All,#4682B4,0
2,13,2,4.97773,0.345289,0.345289,0,All,#4682B4,0
3,13,2,4.72113,0.643334,0.643334,0,All,#4682B4,0
4,13,2,4.23876,1.20362,1.20362,0,All,#4682B4,0
5,13,2,4.57112,0.817572,0.817572,0,All,#4682B4,0
6,13,2,4.47652,0.927461,0.927461,0,All,#4682B4,0
7,13,2,4.69236,0.676749,0.676749,0,All,#4682B4,0
8,13,2,4.77869,0.576475,0.576475,0,All,#4682B4,0
9,13,2,3.99843,1.48278,1.48278,0,All,#4682B4,0
10,13,2,4.83706,0.508675,0.508675,0,All,#4682B4,0
1,13,2.5,5.97041,-1.74626,-1.74626,0,All,#4682B4,0
2,13,2.5,5.96264,-1.73722,-1.73722,0,All,#4682B4,0
3,13,2.5,5.75737,-1.4988,-1.4988,0,All,#4682B4,0
4,13,2.5,5.36048,-1.0378,-1.0378,0,All,#4682B4,0
5,13,2.5,5.55589,-1.26477,-1.26477,0,All,#4682B4,0
6,13,2.5,5.61827,-1.33723,-1.33723,0,All,#4682B4,0
7,13,2.5,5.83194,-1.58542,-1.58542,0,All,#4682B4,0
8,13,2.5,5.7904,-1.53717,-1.53717,0,All,#4682B4,0
9,13,2.5,5.16904,-0.815436,-0.815436,0,All,#4682B4,0
10,13,2.5,5.82542,-1.57784,-1.57784,0,All,#4682B4,0
1,13,3,6.73413,0.129945,0.129945,0,All,#4682B4,0
2,13,3,6.7657,0.0932751,0.0932751,0,All,#4682B4,0
3,13,3,6.55179,0.341734,0.341734,0,All,#4682B4,0
4,13,3,6.25522,0.68621,0.68621,0,All,#4682B4,0
5,13,3,6.35121,0.574717,0.574717,0,All,#4682B4,0
6,13,3,6.56153,0.330419,0.330419,0,All,#4682B4,0
7,13,3,6.75688,0.103518,0.103518,0,All,#4682B4,0
8,13,3,6.61865,0.264074,0.264074,0,All,#4682B4,0
9,13,3,6.14285,0.816731,0.816731,0,All,#4682B4,0
10,13,3,6.61589,0.267274,0.267274,0,All,#4682B4,0
1,13,3.5,7.34085,-0.0404798,-0.0404798,0,All,#4682B4,0
2,13,3.5,7.41943,-0.13175,-0.13175,0,All,#4682B4,0
3,13,3.5,7.16975,0.158258,0.158258,0,All,#4682B4,0
4,13,3.5,6.97358,0.386114,0.386114,0,All,#4682B4,0
5,13,3.5,6.98976,0.367316,0.367316,0,All,#4682B4,0
6,13,3.5,7.34308,-0.0430663,-0.0430663,0,All,#4682B4,0
7,13,3.5,7.51075,-0.237818,-0.237818,0,All,#4682B4,0
8,13,3.5,7.29582,0.011828,0.011828,0,All,#4682B4,0
9,13,3.5,6.95609,0.406427,0.406427,0,All,#4682B4,0
10,13,3.5,7.24789,0.0675006,0.0675006,0,All,#4682B4,0
1,13,4,7.79803,0.768898,0.768898,0,All,#4682B4,0
2,13,4,7.91056,0.638194,0.638194,0,All,#4682B4,0
3,13,4,7.63438,0.95898,0.95898,0,All,#4682B4,0
4,13,4,7.51853,1.09355,1.09355,0,All,#4682B4,0
5,13,4,7.46072,1.16069,1.16069,0,All,#4682B4,0
6,13,4,7.95265,0.589306,0.589306,0,All,#4682B4,0
7,13,4,8.09238,0.427005,0.427005,0,All,#4682B4,0
8,13,4,7.81198,0.752689,0.752689,0,All,#4682B4,0
9,13,4,7.59469,1.00508,1.00508,0,All,#4682B4,0
10,13,4,7.71835,0.861448,0.861448,0,All,#4682B4,0
1,13,4.5,8.06767,0.375553,0.375553,0,All,#4682B4,0
2,13,4.5,8.16442,0.263181,0.263181,0,All,#4682B4,0
3,13,4.5,7.91295,0.555272,0.555272,0,All,#4682B4,0
4,13,4.5,7.82408,0.658495,0.658495,0,All,#4682B4,0
5,13,4.5,7.69556,0.807774,0.807774,0,All,#4682B4,0
6,13,4.5,8.29124,0.115871,0.115871,0,All,#4682B4,0
7,13,4.5,8.41895,-0.0324634,-0.0324634,0,All,#4682B4,0
8,13,4.5,8.09343,0.345635,0.345635,0,All,#4682B4,0
9,13,4.5,7.94679,0.515961,0.515961,0,All,#4682B4,0
10,13,4.5,7.96949,0.489591,0.489591,0,All,#4682B4,0
1,13,5,8.09768,1.45693,1.45693,0,All,#4682B4,0
2,13,5,8.11118,1.44125,1.44125,0,All,#4682B4,0
3,13,5,7.96668,1.60909,1.60909,0,All,#4682B4,0
4,13,5,7.81171,1.78909,1.78909,0,All,#4682B4,0
5,13,5,7.62964,2.00058,2.00058,0,All,#4682B4,0
6,13,5,8.24444,1.28647,1.28647,0,All,#4682B4,0
7,13,5,8.39163,1.1155,1.1155,0,All,#4682B4,0
8,13,5,8.06594,1.49379,1.49379,0,All,#4682B4,0
9,13,5,7.88393,1.7052,1.7052,0,All,#4682B4,0
10,13,5,7.9445,1.63485,1.63485,0,All,#4682B4,0
1,13,5.5,7.8973,-0.30235,-0.30235,0,All,#4682B4,0
2,13,5.5,7.80427,-0.194295,-0.194295,0,All,#4682B4,0
3,13,5.5,7.80039,-0.189778,-0.189778,0,All,#4682B4,0
4,13,5.5,7.51236,0.144776,0.144776,0,All,#4682B4,0
5,13,5.5,7.31179,0.377743,0.377743,0,All,#4682B4,0
6,13,5.5,7.88897,-0.292675,-0.292675,0,All,#4682B4,0
7,13,5.5,8.05348,-0.483758,-0.483758,0,All,#4682B4,0
8,13,5.5,7.7655,-0.149252,-0.149252,0,All,#4682B4,0
9,13,5.5,7.5127,0.14438,0.14438,0,All,#4682B4,0
10,13,5.5,7.67838,-0.0480646,-0.0480646,0,All,#4682B4,0
1,13,6,7.55596,-0.105651,-0.105651,0,All,#4682B4,0
2,13,6,7.38406,0.0940162,0.0940162,0,All,#4682B4,0
3,13,6,7.48947,-0.0284235,-0.0284235,0,All,#4682B4,0
4,13,6,7.07679,0.450917,0.450917,0,All,#4682B4,0
5,13,6,6.87711,0.682853,0.682853,0,All,#4682B4,0
6,13,6,7.41223,0.0612911,0.0612911,0,All,#4682B4,0
7,13,6,7.57707,-0.130178,-0.130178,0,All,#4682B4,0
8,13,6,7.33298,0.153349,0.153349,0,All,#4682B4,0
9,13,6,7.05063,0.481305,0.481305,0,All,#4682B4,0
10,13,6,7.29946,0.192277,0.192277,0,All,#4682B4,0
1,13,6.5,7.17882,0.666923,0.666923,0,All,#4682B4,0
2,13,6.5,6.96751,0.912373,0.912373,0,All,#4682B4,0
3,13,6.5,7.1325,0.720728,0.720728,0,All,#4682B4,0
4,13,6.5,6.6438,1.28836,1.28836,0,All,#4682B4,0
5,13,6.5,6.4521,1.51103,1.51103,0,All,#4682B4,0
6,13,6.5,6.95673,0.924894,0.924894,0,All,#4682B4,0
7,13,6.5,7.10024,0.758197,0.758197,0,All,#4682B4,0
8,13,6.5,6.88616,1.00686,1.00686,0,All,#4682B4,0
9,13,6.5,6.63143,1.30273,1.30273,0,All,#4682B4,0
10,13,6.5,6.91799,0.969893,0.969893,0,All,#4682B4,0
1,13,7,6.83962,0.36864,0.36864,0,All,#4682B4,0
2,13,7,6.61547,0.629007,0.629007,0,All,#4682B4,0
3,13,7,6.80791,0.405474,0.405474,0,All,#4682B4,0
4,13,7,6.27458,1.02495,1.02495,0,All,#4682B4,0
5,13,7,6.0959,1.2325,1.2325,0,All,#4682B4,0
6,13,7,6.59196,0.656312,0.656312,0,All,#4682B4,0
7,13,7,6.69468,0.536994,0.536994,0,All,#4682B4,0
8,13,7,6.49274,0.771553,0.771553,0,All,#4682B4,0
9,13,7,6.30807,0.986051,0.986051,0,All,#4682B4,0
10,13,7,6.59641,0.65114,0.65114,0,All,#4682B4,0
1,13,7.5,6.57924,-1.24544,-1.24544,0,All,#4682B4,0
2,13,7.5,6.35465,-0.984572,-0.984572,0,All,#4682B4,0
3,13,7.5,6.55492,-1.21719,-1.21719,0,All,#4682B4,0
4,13,7.5,6.00485,-0.578265,-0.578265,0,All,#4682B4,0
5,13,7.5,5.8357,-0.381791,-0.381791,0,All,#4682B4,0
6,13,7.5,6.32832,-0.953988,-0.953988,0,All,#4682B4,0
7,13,7.5,6.39131,-1.02715,-1.02715,0,All,#4682B4,0
8,13,7.5,6.18375,-0.786062,-0.786062,0,All,#4682B4,0
9,13,7.5,6.09268,-0.680285,-0.680285,0,All,#4682B4,0
10,13,7.5,6.36496,-0.996547,-0.996547,0,All,#4682B4,0
1,13,8,6.40729,-0.174566,-0.174566,0,All,#4682B4,0
2,13,8,6.19002,0.0778017,0.0778017,0,All,#4682B4,0
3,13,8,6.39017,-0.154685,-0.154685,0,All,#4682B4,0
4,13,8,5.83906,0.48545,0.48545,0,All,#4682B4,0
5,13,8,5.6747,0.676356,0.676356,0,All,#4682B4,0
6,13,8,6.16631,0.10534,0.10534,0,All,#4682B4,0
7,13,8,6.19163,0.0759256,0.0759256,0,All,#4682B4,0
8,13,8,5.97166,0.331432,0.331432,0,All,#4682B4,0
9,13,8,5.98224,0.319147,0.319147,0,All,#4682B4,0
10,13,8,6.22745,0.0343275,0.0343275,0,All,#4682B4,0
1,13,8.5,6.32082,-0.773369,-0.773369,0,All,#4682B4,0
2,13,8.5,6.1157,-0.535115,-0.535115,0,All,#4682B4,0
3,13,8.5,6.31059,-0.761485,-0.761485,0,All,#4682B4,0
4,13,8.5,5.76959,-0.133098,-0.133098,0,All,#4682B4,0
5,13,8.5,5.60524,0.0578008,0.0578008,0,All,#4682B4,0
6,13,8.5,6.10054,-0.517506,-0.517506,0,All,#4682B4,0
7,13,8.5,6.08876,-0.503827,-0.503827,0,All,#4682B4,0
8,13,8.5,5.85215,-0.228996,-0.228996,0,All,#4682B4,0
9,13,8.5,5.96774,-0.363252,-0.363252,0,All,#4682B4,0
10,13,8.5,6.17629,-0.605494,-0.605494,0,All,#4682B4,0
1,13,9,6.31049,-1.06569,-1.06569,0,All,#4682B4,0
2,13,9,6.12085,-0.845417,-0.845417,0,All,#4682B4,0
3,13,9,6.30562,-1.06004,-1.06004,0,All,#4682B4,0
4,13,9,5.78289,-0.452869,-0.452869,0,All,#4682B4,0
5,13,9,5.61565,-0.25861,-0.25861,0,All,#4682B4,0
6,13,9,6.11951,-0.843861,-0.843861,0,All,#4682B4,0
7,13,9,6.07296,-0.789796,-0.789796,0,All,#4682B4,0
8,13,9,5.81458,-0.48968,-0.48968,0,All,#4682B4,0
9,13,9,6.03346,-0.743916,-0.743916,0,All,#4682B4,0
10,13,9,6.19829,-0.935369,-0.935369,0,All,#4682B4,0
1,13,9.5,6.36262,-0.0982937,-0.0982937,0,All,#4682B4,0
2,13,9.5,6.19151,0.10046,0.10046,0,All,#4682B4,0
3,13,9.5,6.36071,-0.0960648,-0.0960648,0,All,#4682B4,0
4,13,9.5,5.86348,0.481471,0.481471,0,All,#4682B4,0
5,13,9.5,5.69084,0.682009,0.682009,0,All,#4682B4,0
6,13,9.5,6.20883,0.0803396,0.0803396,0,All,#4682B4,0
7,13,9.5,6.13066,0.171135,0.171135,0,All,#4682B4,0
8,13,9.5,5.84755,0.499978,0.499978,0,All,#4682B4,0
9,13,9.5,6.16223,0.134473,0.134473,0,All,#4682B4,0
10,13,9.5,6.27952,-0.00176033,-0.00176033,0,All,#4682B4,0
1,13,10,6.46299,-1.44958,-1.44958,0,All,#4682B4,0
2,13,10,6.31296,-1.27531,-1.27531,0,All,#4682B4,0
3,13,10,6.46052,-1.4467,-1.4467,0,All,#4682B4,0
4,13,10,5.99517,-0.906191,-0.906191,0,All,#4682B4,0
5,13,10,5.81484,-0.696729,-0.696729,0,All,#4682B4,0
6,13,10,6.35286,-1.32165,-1.32165,0,All,#4682B4,0
7,13,10,6.24691,-1.1986,-1.1986,0,All,#4682B4,0
8,13,10,5.93822,-0.84004,-0.84004,0,All,#4682B4,0
9,13,10,6.33635,-1.30248,-1.30248,0,All,#4682B4,0
10,13,10,6.40519,-1.38243,-1.38243,0,All,#4682B4,0
1,13,10.5,6.59655,-0.684778,-0.684778,0,All,#4682B4,0
2,13,10.5,6.47077,-0.538677,-0.538677,0,All,#4682B4,0
3,13,10.5,6.58064,-0.666302,-0.666302,0,All,#4682B4,0
4,13,10.5,6.16215,-0.180208,-0.180208,0,All,#4682B4,0
5,13,10.5,5.97299,0.0395,0.0395,0,All,#4682B4,0
6,13,10.5,6.5359,-0.614338,-0.614338,0,All,#4682B4,0
7,13,10.5,6.40709,-0.464721,-0.464721,0,All,#4682B4,0
8,13,10.5,6.07352,-0.0772689,-0.0772689,0,All,#4682B4,0
9,13,10.5,6.53753,-0.61623,-0.61623,0,All,#4682B4,0
10,13,10.5,6.55949,-0.641736,-0.641736,0,All,#4682B4,0
1,13,11,6.749,-0.188172,-0.188172,0,All,#4682B4,0
2,13,11,6.6512,-0.0745734,-0.0745734,0,All,#4682B4,0
3,13,11,6.62061,-0.0390444,-0.0390444,0,All,#4682B4,0
4,13,11,6.33086,0.297516,0.297516,0,All,#4682B4,0
5,13,11,6.15179,0.505506,0.505506,0,All,#4682B4,0
6,13,11,6.74255,-0.180673,-0.180673,0,All,#4682B4,0
7,13,11,6.58616,0.000979491,0.000979491,0,All,#4682B4,0
8,13,11,6.23797,0.40541,0.40541,0,All,#4682B4,0
9,13,11,6.71458,-0.148186,-0.148186,0,All,#4682B4,0
10,13,11,6.72811,-0.163903,-0.163903,0,All,#4682B4,0
1,13,11.5,6.83593,0.798048,0.798048,0,All,#4682B4,0
2,13,11.5,6.82503,0.810716,0.810716,0,All,#4682B4,0
3,13,11.5,6.56378,1.11416,1.11416,0,All,#4682B4,0
4,13,11.5,6.41176,1.29073,1.29073,0,All,#4682B4,0
5,13,11.5,6.32375,1.39297,1.39297,0,All,#4682B4,0
6,13,11.5,6.94894,0.66679,0.66679,0,All,#4682B4,0
7,13,11.5,6.67203,0.988423,0.988423,0,All,#4682B4,0
8,13,11.5,6.34735,1.36556,1.36556,0,All,#4682B4,0
9,13,11.5,6.78526,0.856912,0.856912,0,All,#4682B4,0
10,13,11.5,6.89461,0.729896,0.729896,0,All,#4682B4,0
1,13,12,6.80084,0.170925,0.170925,0,All,#4682B4,0
2,13,12,6.86748,0.0935286,0.0935286,0,All,#4682B4,0
3,13,12,6.41712,0.616633,0.616633,0,All,#4682B4,0
4,13,12,6.40357,0.632375,0.632375,0,All,#4682B4,0
5,13,12,6.3659,0.67613,0.67613,0,All,#4682B4,0
6,13,12,7.0259,-0.0904847,-0.0904847,0,All,#4682B4,0
7,13,12,6.6489,0.347418,0.347418,0,All,#4682B4,0
8,13,12,6.36448,0.677779,0.677779,0,All,#4682B4,0
9,13,12,6.74445,0.236428,0.236428,0,All,#4682B4,0
10,13,12,6.94161,0.00741849,0.00741849,0,All,#4682B4,0
1,13,12.5,6.65173,-0.288903,-0.288903,0,All,#4682B4,0
2,13,12.5,6.7668,-0.422559,-0.422559,0,All,#4682B4,0
3,13,12.5,6.19331,0.243565,0.243565,0,All,#4682B4,0
4,13,12.5,6.30528,0.113505,0.113505,0,All,#4682B4,0
5,13,12.5,6.27494,0.14875,0.14875,0,All,#4682B4,0
6,13,12.5,6.9481,-0.633146,-0.633146,0,All,#4682B4,0
7,13,12.5,6.51961,-0.135444,-0.135444,0,All,#4682B4,0
8,13,12.5,6.28837,0.133143,0.133143,0,All,#4682B4,0
9,13,12.5,6.59505,-0.223066,-0.223066,0,All,#4682B4,0
10,13,12.5,6.81456,-0.478034,-0.478034,0,All,#4682B4,0
1,13,13,6.40174,0.397539,0.397539,0,All,#4682B4,0
2,13,13,6.52955,0.249093,0.249093,0,All,#4682B4,0
3,13,13,5.90339,0.976387,0.976387,0,All,#4682B4,0
4,13,13,6.12647,0.71728,0.71728,0,All,#4682B4,0
5,13,13,6.06552,0.78807,0.78807,0,All,#4682B4,0
6,13,13,6.72666,0.0201441,0.0201441,0,All,#4682B4,0
7,13,13,6.2876,0.530124,0.530124,0,All,#4682B4,0
8,13,13,6.12217,0.722279,0.722279,0,All,#4682B4,0
9,13,13,6.35539,0.451386,0.451386,0,All,#4682B4,0
10,13,13,6.53009,0.248462,0.248462,0,All,#4682B4,0
1,13,13.5,6.06923,-0.91671,-0.91671,0,All,#4682B4,0
2,13,13.5,6.17918,-1.04443,-1.04443,0,All,#4682B4,0
3,13,13.5,5.56178,-0.3273,-0.3273,0,All,#4682B4,0
4,13,13.5,5.88346,-0.70094,-0.70094,0,All,#4682B4,0
5,13,13.5,5.75882,-0.556168,-0.556168,0,All,#4682B4,0
6,13,13.5,6.38267,-1.28078,-1.28078,0,All,#4682B4,0
7,13,13.5,5.97494,-0.807192,-0.807192,0,All,#4682B4,0
8,13,13.5,5.87092,-0.686366,-0.686366,0,All,#4682B4,0
9,13,13.5,6.04743,-0.891393,-0.891393,0,All,#4682B4,0
10,13,13.5,6.12047,-0.976229,-0.976229,0,All,#4682B4,0
1,13,14,5.67404,0.715453,0.715453,0,All,#4682B4,0
2,13,14,5.74179,0.636759,0.636759,0,All,#4682B4,0
3,13,14,5.17902,1.29043,1.29043,0,All,#4682B4,0
4,13,14,5.58327,0.820886,0.820886,0,All,#4682B4,0
5,13,14,5.37846,1.05878,1.05878,0,All,#4682B4,0
6,13,14,5.94653,0.398952,0.398952,0,All,#4682B4,0
7,13,14,5.59262,0.810022,0.810022,0,All,#4682B4,0
8,13,14,5.55184,0.857389,0.857389,0,All,#4682B4,0
9,13,14,5.68921,0.697839,0.697839,0,All,#4682B4,0
10,13,14,5.62242,0.775417,0.775417,0,All,#4682B4,0
1,13,14.5,5.22965,-1.51422,-1.51422,0,All,#4682B4,0
2,13,14.5,5.23771,-1.52359,-1.52359,0,All,#4682B4,0
3,13,14.5,4.76378,-0.973104,-0.973104,0,All,#4682B4,0
4,13,14.5,5.23753,-1.52338,-1.52338,0,All,#4682B4,0
5,13,14.5,4.93692,-1.17421,-1.17421,0,All,#4682B4,0
6,13,14.5,5.44183,-1.76068,-1.76068,0,All,#4682B4,0
7,13,14.5,5.15238,-1.42448,-1.42448,0,All,#4682B4,0
8,13,14.5,5.17298,-1.4484,-1.4484,0,All,#4682B4,0
9,13,14.5,5.29789,-1.59348,-1.59348,0,All,#4682B4,0
10,13,14.5,5.06496,-1.32293,-1.32293,0,All,#4682B4,0
1,13,15,4.74869,-1.81859,-1.81859,0,All,#4682B4,0
2,13,15,4.68297,-1.74226,-1.74226,0,All,#4682B4,0
3,13,15,4.32129,-1.32216,-1.32216,0,All,#4682B4,0
4,13,15,4.86041,-1.94836,-1.94836,0,All,#4682B4,0
5,13,15,4.44865,-1.47009,-1.47009,0,All,#4682B4,0
6,13,15,4.88549,-1.97749,-1.97749,0,All,#4682B4,0
7,13,15,4.66519,-1.72161,-1.72161,0,All,#4682B4,0
8,13,15,4.74725,-1.81692,-1.81692,0,All,#4682B4,0
9,13,15,4.88023,-1.97139,-1.97139,0,All,#4682B4,0
10,13,15,4.46267,-1.48637,-1.48637,0,All,#4682B4,0
1,13,15.5,4.23565,-0.161045,-0.161045,0,All,#4682B4,0
2,13,15.5,4.09004,0.00808226,0.00808226,0,All,#4682B4,0
3,13,15.5,3.85473,0.281409,0.281409,0,All,#4682B4,0
4,13,15.5,4.45349,-0.414071,-0.414071,0,All,#4682B4,0
5,13,15.5,3.92103,0.204393,0.204393,0,All,#4682B4,0
6,13,15.5,4.28856,-0.222502,-0.222502,0,All,#4682B4,0
7,13,15.5,4.13814,-0.0477889,-0.0477889,0,All,#4682B4,0
8,13,15.5,4.28036,-0.212973,-0.212973,0,All,#4682B4,0
9,13,15.5,4.4394,-0.39771,-0.39771,0,All,#4682B4,0
10,13,15.5,3.82652,0.314169,0.314169,0,All,#4682B4,0
1,13,16,3.69626,-0.808723,-1.65518,1,All,#4682B4,0
2,13,16,3.46297,-0.537748,-0.942089,1,All,#4682B4,0
3,13,16,3.36812,-0.427577,-0.490274,1,All,#4682B4,0
4,13,16,4.0218,-1.18684,-1.24625,1,All,#4682B4,0
5,13,16,3.35985,-0.417972,-1.8627,1,All,#4682B4,0
6,13,16,3.65719,-0.763341,-0.890706,1,All,#4682B4,0
7,13,16,3.57655,-0.669675,-1.35251,1,All,#4682B4,0
8,13,16,3.77831,-0.90403,-1.42694,1,All,#4682B4,0
9,13,16,3.97717,-1.13501,-2.28143,1,All,#4682B4,0
10,13,16,3.16091,-0.1869,-1.0629,1,All,#4682B4,0
1,13,16.5,3.13496,-0.156765,-1.94767,1,All,#4682B4,0
2,13,16.5,2.80774,0.223318,-1.65155,1,All,#4682B4,0
3,13,16.5,2.86339,0.158677,-0.972981,1,All,#4682B4,0
4,13,16.5,3.56811,-0.659873,-1.19093,1,All,#4682B4,0
5,13,16.5,2.77038,0.266715,-1.01172,1,All,#4682B4,0
6,13,16.5,2.99593,0.00472847,-1.14652,1,All,#4682B4,0
7,13,16.5,2.98439,0.0181274,-0.278876,1,All,#4682B4,0
8,13,16.5,3.24891,-0.289115,-2.31066,1,All,#4682B4,0
9,13,16.5,3.49763,-0.578015,-0.893067,1,All,#4682B4,0
10,13,16.5,2.47092,0.614543,0.42761,1,All,#4682B4,0
1,13,17,2.55361,0.94477,0.94477,0,All,#4682B4,0
2,13,17,2.12658,1.44078,1.44078,0,All,#4682B4,0
3,13,17,2.34225,1.19028,1.19028,0,All,#4682B4,0
4,13,17,3.09478,0.31619,0.31619,0,All,#4682B4,0
5,13,17,2.15552,1.40717,1.40717,0,All,#4682B4,0
6,13,17,2.30783,1.23025,1.23025,0,All,#4682B4,0
7,13,17,2.36589,1.16282,1.16282,0,All,#4682B4,0
8,13,17,2.69328,0.78254,0.78254,0,All,#4682B4,0
9,13,17,2.99773,0.428916,0.428916,0,All,#4682B4,0
10,13,17,1.75911,1.86761,1.86761,0,All,#4682B4,0
1,13,17.5,1.95392,1.21505,-1.48333,1,All,#4682B4,0
2,13,17.5,1.42349,1.83116,0.687694,1,All,#4682B4,0
3,13,17.5,1.80627,1.38655,-0.0774426,1,All,#4682B4,0
4,13,17.5,2.60468,0.459172,-0.044948,1,All,#4682B4,0
5,13,17.5,1.51802,1.72136,0.085182,1,All,#4682B4,0
6,13,17.5,1.5948,1.63218,0.844731,1,All,#4682B4,0
7,13,17.5,1.72389,1.48224,1.42567,1,All,#4682B4,0
8,13,17.5,2.11486,1.02811,0.569213,1,All,#4682B4,0
9,13,17.5,2.4787,0.605504,0.131545,1,All,#4682B4,0
10,13,17.5,1.02705,2.29164,0.078214,1,All,#4682B4,0
1,13,18,1.3375,1.93104,0.466917,1,All,#4682B4,0
2,13,18,0.700167,2.67132,-0.730864,1,All,#4682B4,0
3,13,18,1.25694,2.02461,0.778762,1,All,#4682B4,0
4,13,18,2.09757,1.0482,-0.506401,1,All,#4682B4,0
5,13,18,0.859087,2.48673,0.520104,1,All,#4682B4,0
6,13,18,0.861535,2.48389,1.71187,1,All,#4682B4,0
7,13,18,1.06029,2.25303,1.3015,1,All,#4682B4,0
8,13,18,1.51568,1.72408,-0.665367,1,All,#4682B4,0
9,13,18,1.9419,1.22901,0.573763,1,All,#4682B4,0
10,13,18,0.277623,3.16212,1.69229,1,All,#4682B4,0
1,13,18.5,0.706912,2.66349,0.213259,1,All,#4682B4,0
2,13,18.5,0,3.48459,0.643805,1,All,#4682B4,0
3,13,18.5,0.694894,2.67745,1.21778,1,All,#4682B4,0
4,13,18.5,1.57626,1.65372,0.796053,1,All,#4682B4,0
5,13,18.5,0.181797,3.27342,0.903273,1,All,#4682B4,0
6,13,18.5,0.107543,3.35967,0.826201,1,All,#4682B4,0
7,13,18.5,0.378091,3.04542,0.766557,1,All,#4682B4,0
8,13,18.5,0.898191,2.44131,-0.904509,1,All,#4682B4,0
9,13,18.5,1.3882,1.87215,-0.351198,1,All,#4682B4,0
10,13,18.5,0,3.48459,0.395997,1,All,#4682B4,0
1,14,1,0,3.48459,1.63944,1,All,#4682B4,0
2,14,1,0,3.48459,0.858111,1,All,#4682B4,0
3,14,1,0,3.48459,0.295525,1,All,#4682B4,0
4,14,1,0,3.48459,1.26388,1,All,#4682B4,0
5,14,1,0,3.48459,0.578213,1,All,#4682B4,0
6,14,1,0,3.48459,0.51001,1,All,#4682B4,0
7,14,1,0,3.48459,0.0846641,1,All,#4682B4,0
8,14,1,0,3.48459,1.03752,1,All,#4682B4,0
9,14,1,0,3.48459,0.513068,1,All,#4682B4,0
10,14,1,0,3.48459,0.382466,1,All,#4682B4,0
1,14,1.5,0,3.48459,0.33763,1,All,#4682B4,0
2,14,1.5,0,3.48459,0.20639,1,All,#4682B4,0
3,14,1.5,0,3.48459,0.58424,1,All,#4682B4,0
4,14,1.5,0,3.48459,0.166321,1,All,#4682B4,0
5,14,1.5,0,3.48459,2.26314,1,All,#4682B4,0
6,14,1.5,0,3.48459,0.11675,1,All,#4682B4,0
7,14,1.5,0,3.48459,1.52019,1,All,#4682B4,0
8,14,1.5,0,3.48459,0.155649,1,All,#4682B4,0
9,14,1.5,0,3.48459,0.0354149,1,All,#4682B4,0
10,14,1.5,0,3.48459,0.719162,1,All,#4682B4,0
1,14,2,5.59559,-0.375857,-0.375857,0,All,#4682B4,0
2,14,2,5.53215,-0.302177,-0.302177,0,All,#4682B4,0
3,14,2,5.30735,-0.0410573,-0.0410573,0,All,#4682B4,0
4,14,2,4.67849,0.689374,0.689374,0,All,#4682B4,0
5,14,2,5.29169,-0.0228701,-0.0228701,0,All,#4682B4,0
6,14,2,4.70429,0.659415,0.659415,0,All,#4682B4,0
7,14,2,5.16903,0.119608,0.119608,0,All,#4682B4,0
8,14,2,5.2226,0.0573831,0.0573831,0,All,#4682B4,0
9,14,2,6.38391,-1.29151,-1.29151,0,All,#4682B4,0
10,14,2,4.75721,0.597938,0.597938,0,All,#4682B4,0
1,14,2.5,7.26199,0.465789,0.465789,0,All,#4682B4,0
2,14,2.5,7.52707,0.157891,0.157891,0,All,#4682B4,0
3,14,2.5,7.24309,0.487741,0.487741,0,All,#4682B4,0
4,14,2.5,7.28651,0.437305,0.437305,0,All,#4682B4,0
5,14,2.5,7.18096,0.559899,0.559899,0,All,#4682B4,0
6,14,2.5,7.16196,0.58197,0.58197,0,All,#4682B4,0
7,14,2.5,7.22363,0.510343,0.510343,0,All,#4682B4,0
8,14,2.5,7.55943,0.120298,0.120298,0,All,#4682B4,0
9,14,2.5,7.77909,-0.134841,-0.134841,0,All,#4682B4,0
10,14,2.5,7.43423,0.265725,0.265725,0,All,#4682B4,0
1,14,3,8.021,0.462283,0.462283,0,All,#4682B4,0
2,14,3,8.34224,0.0891569,0.0891569,0,All,#4682B4,0
3,14,3,8.08937,0.382874,0.382874,0,All,#4682B4,0
4,14,3,8.21017,0.242561,0.242561,0,All,#4682B4,0
5,14,3,8.06403,0.412307,0.412307,0,All,#4682B4,0
6,14,3,8.03714,0.443541,0.443541,0,All,#4682B4,0
7,14,3,8.03149,0.450109,0.450109,0,All,#4682B4,0
8,14,3,8.42738,-0.00972782,-0.00972782,0,All,#4682B4,0
9,14,3,8.4274,-0.00975551,-0.00975551,0,All,#4682B4,0
10,14,3,8.51426,-0.110652,-0.110652,0,All,#4682B4,0
1,14,3.5,8.358,1.74113,1.74113,0,All,#4682B4,0
2,14,3.5,8.7244,1.31555,1.31555,0,All,#4682B4,0
3,14,3.5,8.48776,1.59041,1.59041,0,All,#4682B4,0
4,14,3.5,8.65584,1.39519,1.39519,0,All,#4682B4,0
5,14,3.5,8.52839,1.54322,1.54322,0,All,#4682B4,0
6,14,3.5,8.47534,1.60484,1.60484,0,All,#4682B4,0
7,14,3.5,8.41624,1.67348,1.67348,0,All,#4682B4,0
8,14,3.5,8.82142,1.20285,1.20285,0,All,#4682B4,0
9,14,3.5,8.71246,1.32941,1.32941,0,All,#4682B4,0
10,14,3.5,9.06362,0.921531,0.921531,0,All,#4682B4,0
1,14,4,8.39634,0.514161,0.514161,0,All,#4682B4,0
2,14,4,8.80679,0.0374084,0.0374084,0,All,#4682B4,0
3,14,4,8.55674,0.327848,0.327848,0,All,#4682B4,0
4,14,4,8.80513,0.0393373,0.0393373,0,All,#4682B4,0
5,14,4,8.68376,0.180318,0.180318,0,All,#4682B4,0
6,14,4,8.66322,0.204172,0.204172,0,All,#4682B4,0
7,14,4,8.52033,0.370146,0.370146,0,All,#4682B4,0
8,14,4,8.8875,-0.0563361,-0.0563361,0,All,#4682B4,0
9,14,4,8.73072,0.125765,0.125765,0,All,#4682B4,0
10,14,4,9.25923,-0.488108,-0.488108,0,All,#4682B4,0
1,14,4.5,8.27422,1.2902,1.2902,0,All,#4682B4,0
2,14,4.5,8.68509,0.812968,0.812968,0,All,#4682B4,0
3,14,4.5,8.40368,1.13983,1.13983,0,All,#4682B4,0
4,14,4.5,8.72012,0.772282,0.772282,0,All,#4682B4,0
5,14,4.5,8.59415,0.918591,0.918591,0,All,#4682B4,0
6,14,4.5,8.66311,0.838496,0.838496,0,All,#4682B4,0
7,14,4.5,8.42575,1.11419,1.11419,0,All,#4682B4,0
8,14,4.5,8.73127,0.759331,0.759331,0,All,#4682B4,0
9,14,4.5,8.57559,0.940152,0.940152,0,All,#4682B4,0
10,14,4.5,9.20058,0.214215,0.214215,0,All,#4682B4,0
1,14,5,8.07771,0.850571,0.850571,0,All,#4682B4,0
2,14,5,8.46361,0.402347,0.402347,0,All,#4682B4,0
3,14,5,8.14658,0.770584,0.770584,0,All,#4682B4,0
4,14,5,8.47335,0.391029,0.391029,0,All,#4682B4,0
5,14,5,8.35719,0.525949,0.525949,0,All,#4682B4,0
6,14,5,8.53699,0.317108,0.317108,0,All,#4682B4,0
7,14,5,8.22722,0.676913,0.676913,0,All,#4682B4,0
8,14,5,8.45562,0.411623,0.411623,0,All,#4682B4,0
9,14,5,8.31651,0.573204,0.573204,0,All,#4682B4,0
10,14,5,8.99466,-0.21449,-0.21449,0,All,#4682B4,0
1,14,5.5,7.83339,-1.90535,-1.90535,0,All,#4682B4,0
2,14,5.5,8.1622,-2.28728,-2.28728,0,All,#4682B4,0
3,14,5.5,7.81818,-1.88769,-1.88769,0,All,#4682B4,0
4,14,5.5,8.11422,-2.23155,-2.23155,0,All,#4682B4,0
5,14,5.5,8.03721,-2.1421,-2.1421,0,All,#4682B4,0
6,14,5.5,8.30407,-2.45207,-2.45207,0,All,#4682B4,0
7,14,5.5,7.95714,-2.0491,-2.0491,0,All,#4682B4,0
8,14,5.5,8.10491,-2.22074,-2.22074,0,All,#4682B4,0
9,14,5.5,7.97404,-2.06873,-2.06873,0,All,#4682B4,0
10,14,5.5,8.69346,-2.90436,-2.90436,0,All,#4682B4,0
1,14,6,7.54244,1.24697,1.24697,0,All,#4682B4,0
2,14,6,7.77623,0.975413,0.975413,0,All,#4682B4,0
3,14,6,7.424,1.38454,1.38454,0,All,#4682B4,0
4,14,6,7.65626,1.11476,1.11476,0,All,#4682B4,0
5,14,6,7.6505,1.12146,1.12146,0,All,#4682B4,0
6,14,6,7.96892,0.751597,0.751597,0,All,#4682B4,0
7,14,6,7.61979,1.15713,1.15713,0,All,#4682B4,0
8,14,6,7.68814,1.07774,1.07774,0,All,#4682B4,0
9,14,6,7.54426,1.24485,1.24485,0,All,#4682B4,0
10,14,6,8.30437,0.361966,0.361966,0,All,#4682B4,0
1,14,6.5,7.19972,-1.36563,-1.36563,0,All,#4682B4,0
2,14,6.5,7.29992,-1.48201,-1.48201,0,All,#4682B4,0
3,14,6.5,6.96611,-1.09429,-1.09429,0,All,#4682B4,0
4,14,6.5,7.09916,-1.24883,-1.24883,0,All,#4682B4,0
5,14,6.5,7.19909,-1.3649,-1.3649,0,All,#4682B4,0
6,14,6.5,7.52591,-1.74451,-1.74451,0,All,#4682B4,0
7,14,6.5,7.2148,-1.38314,-1.38314,0,All,#4682B4,0
8,14,6.5,7.20392,-1.37051,-1.37051,0,All,#4682B4,0
9,14,6.5,7.01963,-1.15645,-1.15645,0,All,#4682B4,0
10,14,6.5,7.81675,-2.08233,-2.08233,0,All,#4682B4,0
1,14,7,6.79943,0.799798,0.799798,0,All,#4682B4,0
2,14,7,6.7335,0.87637,0.87637,0,All,#4682B4,0
3,14,7,6.44975,1.20596,1.20596,0,All,#4682B4,0
4,14,7,6.45376,1.2013,1.2013,0,All,#4682B4,0
5,14,7,6.6881,0.929112,0.929112,0,All,#4682B4,0
6,14,7,6.96284,0.609986,0.609986,0,All,#4682B4,0
7,14,7,6.73909,0.869883,0.869883,0,All,#4682B4,0
8,14,7,6.65454,0.968086,0.968086,0,All,#4682B4,0
9,14,7,6.41207,1.24973,1.24973,0,All,#4682B4,0
10,14,7,7.22135,0.309722,0.309722,0,All,#4682B4,0
1,14,7.5,6.34025,0.0031989,0.0031989,0,All,#4682B4,0
2,14,7.5,6.10945,0.271281,0.271281,0,All,#4682B4,0
3,14,7.5,5.89932,0.515348,0.515348,0,All,#4682B4,0
4,14,7.5,5.79016,0.642134,0.642134,0,All,#4682B4,0
5,14,7.5,6.13943,0.236455,0.236455,0,All,#4682B4,0
6,14,7.5,6.28932,0.0623525,0.0623525,0,All,#4682B4,0
7,14,7.5,6.1986,0.167726,0.167726,0,All,#4682B4,0
8,14,7.5,6.06291,0.325334,0.325334,0,All,#4682B4,0
9,14,7.5,5.79154,0.640532,0.640532,0,All,#4682B4,0
10,14,7.5,6.53737,-0.225764,-0.225764,0,All,#4682B4,0
1,14,8,5.82877,0.283682,0.283682,0,All,#4682B4,0
2,14,8,5.53786,0.621577,0.621577,0,All,#4682B4,0
3,14,8,5.37631,0.809223,0.809223,0,All,#4682B4,0
4,14,8,5.25688,0.947942,0.947942,0,All,#4682B4,0
5,14,8,5.61738,0.529215,0.529215,0,All,#4682B4,0
6,14,8,5.60336,0.5455,0.5455,0,All,#4682B4,0
7,14,8,5.62863,0.516147,0.516147,0,All,#4682B4,0
8,14,8,5.50158,0.663722,0.663722,0,All,#4682B4,0
9,14,8,5.3059,0.891003,0.891003,0,All,#4682B4,0
10,14,8,5.85741,0.250418,0.250418,0,All,#4682B4,0
1,14,8.5,5.30635,0.499052,0.499052,0,All,#4682B4,0
2,14,8.5,5.13074,0.703031,0.703031,0,All,#4682B4,0
3,14,8.5,4.96431,0.896335,0.896335,0,All,#4682B4,0
4,14,8.5,4.9243,0.942809,0.942809,0,All,#4682B4,0
5,14,8.5,5.19487,0.628537,0.628537,0,All,#4682B4,0
6,14,8.5,5.08372,0.757642,0.757642,0,All,#4682B4,0
7,14,8.5,5.12406,0.710783,0.710783,0,All,#4682B4,0
8,14,8.5,5.0753,0.767423,0.767423,0,All,#4682B4,0
9,14,8.5,5.0031,0.851282,0.851282,0,All,#4682B4,0
10,14,8.5,5.31411,0.490037,0.490037,0,All,#4682B4,0
1,14,9,4.84758,0.688117,0.688117,0,All,#4682B4,0
2,14,9,4.87328,0.658259,0.658259,0,All,#4682B4,0
3,14,9,4.68731,0.874266,0.874266,0,All,#4682B4,0
4,14,9,4.73575,0.818005,0.818005,0,All,#4682B4,0
5,14,9,4.90406,0.62251,0.62251,0,All,#4682B4,0
6,14,9,4.76031,0.789483,0.789483,0,All,#4682B4,0
7,14,9,4.76658,0.782193,0.782193,0,All,#4682B4,0
8,14,9,4.81616,0.724611,0.724611,0,All,#4682B4,0
9,14,9,4.83089,0.707502,0.707502,0,All,#4682B4,0
10,14,9,4.94541,0.574483,0.574483,0,All,#4682B4,0
1,14,9.5,4.51666,0.203668,0.203668,0,All,#4682B4,0
2,14,9.5,4.71888,-0.0312257,-0.0312257,0,All,#4682B4,0
3,14,9.5,4.52052,0.199175,0.199175,0,All,#4682B4,0
4,14,9.5,4.63142,0.070363,0.070363,0,All,#4682B4,0
5,14,9.5,4.72347,-0.0365569,-0.0365569,0,All,#4682B4,0
6,14,9.5,4.55944,0.153973,0.153973,0,All,#4682B4,0
7,14,9.5,4.55031,0.164581,0.164581,0,All,#4682B4,0
8,14,9.5,4.68023,0.0136703,0.0136703,0,All,#4682B4,0
9,14,9.5,4.72898,-0.0429544,-0.0429544,0,All,#4682B4,0
10,14,9.5,4.70601,-0.0162742,-0.0162742,0,All,#4682B4,0
1,14,10,4.30687,0.126754,0.126754,0,All,#4682B4,0
2,14,10,4.61663,-0.23304,-0.23304,0,All,#4682B4,0
3,14,10,4.42657,-0.0122736,-0.0122736,0,All,#4682B4,0
4,14,10,4.56674,-0.175094,-0.175094,0,All,#4682B4,0
5,14,10,4.61822,-0.234879,-0.234879,0,All,#4682B4,0
6,14,10,4.42258,-0.00764344,-0.00764344,0,All,#4682B4,0
7,14,10,4.42719,-0.0130023,-0.0130023,0,All,#4682B4,0
8,14,10,4.617,-0.233467,-0.233467,0,All,#4682B4,0
9,14,10,4.6582,-0.281323,-0.281323,0,All,#4682B4,0
10,14,10,4.54767,-0.152933,-0.152933,0,All,#4682B4,0
1,14,10.5,4.1873,0.0147511,0.0147511,0,All,#4682B4,0
2,14,10.5,4.539,-0.393755,-0.393755,0,All,#4682B4,0
3,14,10.5,4.37305,-0.201008,-0.201008,0,All,#4682B4,0
4,14,10.5,4.51463,-0.365449,-0.365449,0,All,#4682B4,0
5,14,10.5,4.5561,-0.413622,-0.413622,0,All,#4682B4,0
6,14,10.5,4.30999,-0.127751,-0.127751,0,All,#4682B4,0
7,14,10.5,4.3564,-0.181665,-0.181665,0,All,#4682B4,0
8,14,10.5,4.5884,-0.451135,-0.451135,0,All,#4682B4,0
9,14,10.5,4.59431,-0.458004,-0.458004,0,All,#4682B4,0
10,14,10.5,4.43426,-0.272105,-0.272105,0,All,#4682B4,0
1,14,11,4.12138,-0.753113,-0.753113,0,All,#4682B4,0
2,14,11,4.46305,-1.14997,-1.14997,0,All,#4682B4,0
3,14,11,4.33744,-1.00407,-1.00407,0,All,#4682B4,0
4,14,11,4.45938,-1.14571,-1.14571,0,All,#4682B4,0
5,14,11,4.51413,-1.2093,-1.2093,0,All,#4682B4,0
6,14,11,4.20326,-0.84822,-0.84822,0,All,#4682B4,0
7,14,11,4.30498,-0.966367,-0.966367,0,All,#4682B4,0
8,14,11,4.57128,-1.27568,-1.27568,0,All,#4682B4,0
9,14,11,4.52506,-1.222,-1.222,0,All,#4682B4,0
10,14,11,4.33663,-1.00314,-1.00314,0,All,#4682B4,0
1,14,11.5,4.0771,0.41223,0.41223,0,All,#4682B4,0
2,14,11.5,4.3829,0.0570311,0.0570311,0,All,#4682B4,0
3,14,11.5,4.30536,0.147101,0.147101,0,All,#4682B4,0
4,14,11.5,4.3956,0.0422817,0.0422817,0,All,#4682B4,0
5,14,11.5,4.47653,-0.0517234,-0.0517234,0,All,#4682B4,0
6,14,11.5,4.0919,0.395039,0.395039,0,All,#4682B4,0
7,14,11.5,4.25818,0.201897,0.201897,0,All,#4682B4,0
8,14,11.5,4.55374,-0.14141,-0.14141,0,All,#4682B4,0
9,14,11.5,4.44739,-0.017874,-0.017874,0,All,#4682B4,0
10,14,11.5,4.23905,0.22412,0.22412,0,All,#4682B4,0
1,14,12,4.04129,-0.0769986,-0.0769986,0,All,#4682B4,0
2,14,12,4.29301,-0.369377,-0.369377,0,All,#4682B4,0
3,14,12,4.26958,-0.342158,-0.342158,0,All,#4682B4,0
4,14,12,4.32361,-0.404922,-0.404922,0,All,#4682B4,0
5,14,12,4.43593,-0.535384,-0.535384,0,All,#4682B4,0
6,14,12,3.97265,0.00272912,0.00272912,0,All,#4682B4,0
7,14,12,4.20813,-0.270786,-0.270786,0,All,#4682B4,0
8,14,12,4.52774,-0.642026,-0.642026,0,All,#4682B4,0
9,14,12,4.35862,-0.445585,-0.445585,0,All,#4682B4,0
10,14,12,4.13763,-0.188897,-0.188897,0,All,#4682B4,0
1,14,12.5,4.00303,0.865307,0.865307,0,All,#4682B4,0
2,14,12.5,4.19398,0.643512,0.643512,0,All,#4682B4,0
3,14,12.5,4.22346,0.609265,0.609265,0,All,#4682B4,0
4,14,12.5,4.2405,0.589474,0.589474,0,All,#4682B4,0
5,14,12.5,4.38698,0.41934,0.41934,0,All,#4682B4,0
6,14,12.5,3.84512,1.04872,1.04872,0,All,#4682B4,0
7,14,12.5,4.15065,0.69384,0.69384,0,All,#4682B4,0
8,14,12.5,4.49308,0.296099,0.296099,0,All,#4682B4,0
9,14,12.5,4.25998,0.566844,0.566844,0,All,#4682B4,0
10,14,12.5,4.02351,0.841518,0.841518,0,All,#4682B4,0
1,14,13,3.95674,1.92263,1.92263,0,All,#4682B4,0
2,14,13,4.08675,1.77162,1.77162,0,All,#4682B4,0
3,14,13,4.17023,1.67465,1.67465,0,All,#4682B4,0
4,14,13,4.14985,1.69833,1.69833,0,All,#4682B4,0
5,14,13,4.32791,1.49151,1.49151,0,All,#4682B4,0
6,14,13,3.71061,2.20852,2.20852,0,All,#4682B4,0
7,14,13,4.08484,1.77384,1.77384,0,All,#4682B4,0
8,14,13,4.44936,1.35043,1.35043,0,All,#4682B4,0
9,14,13,4.15201,1.69582,1.69582,0,All,#4682B4,0
10,14,13,3.90001,1.98853,1.98853,0,All,#4682B4,0
1,14,13.5,3.90164,0.516142,0.516142,0,All,#4682B4,0
2,14,13.5,3.97046,0.436199,0.436199,0,All,#4682B4,0
3,14,13.5,4.10859,0.27576,0.27576,0,All,#4682B4,0
4,14,13.5,4.04969,0.344173,0.344173,0,All,#4682B4,0
5,14,13.5,4.25996,0.099937,0.099937,0,All,#4682B4,0
6,14,13.5,3.56709,0.904731,0.904731,0,All,#4682B4,0
7,14,13.5,4.01117,0.388917,0.388917,0,All,#4682B4,0
8,14,13.5,4.39691,-0.0591367,-0.0591367,0,All,#4682B4,0
9,14,13.5,4.03626,0.359766,0.359766,0,All,#4682B4,0
10,14,13.5,3.76615,0.67351,0.67351,0,All,#4682B4,0
1,14,14,3.83877,1.71701,1.71701,0,All,#4682B4,0
2,14,14,3.84626,1.7083,1.7083,0,All,#4682B4,0
3,14,14,4.03757,1.4861,1.4861,0,All,#4682B4,0
4,14,14,3.94418,1.59457,1.59457,0,All,#4682B4,0
5,14,14,4.18227,1.31802,1.31802,0,All,#4682B4,0
6,14,14,3.41747,2.20636,2.20636,0,All,#4682B4,0
7,14,14,3.93085,1.61005,1.61005,0,All,#4682B4,0
8,14,14,4.33763,1.13756,1.13756,0,All,#4682B4,0
9,14,14,3.91296,1.63083,1.63083,0,All,#4682B4,0
10,14,14,3.62365,1.96688,1.96688,0,All,#4682B4,0
1,14,14.5,3.76642,-0.890215,-1.55199,1,All,#4682B4,0
2,14,14.5,3.71557,-0.831155,-1.25131,1,All,#4682B4,0
3,14,14.5,3.95802,-1.11276,-1.41017,1,All,#4682B4,0
4,14,14.5,3.83359,-0.968239,-0.969391,1,All,#4682B4,0
5,14,14.5,4.0979,-1.27524,-2.65222,1,All,#4682B4,0
6,14,14.5,3.26178,-0.304069,-0.483602,1,All,#4682B4,0
7,14,14.5,3.844,-0.980333,-2.79423,1,All,#4682B4,0
8,14,14.5,4.27153,-1.47692,-1.60824,1,All,#4682B4,0
9,14,14.5,3.78452,-0.911246,-2.3267,1,All,#4682B4,0
10,14,14.5,3.47225,-0.548533,-0.644481,1,All,#4682B4,0
1,14,15,3.68654,-0.797437,-1.149,1,All,#4682B4,0
2,14,15,3.57946,-0.673059,-0.900215,1,All,#4682B4,0
3,14,15,3.87429,-1.01551,-1.34113,1,All,#4682B4,0
4,14,15,3.71741,-0.833288,-0.935005,1,All,#4682B4,0
5,14,15,4.00491,-1.16723,-1.1802,1,All,#4682B4,0
6,14,15,3.1011,-0.117426,-1.50235,1,All,#4682B4,0
7,14,15,3.75173,-0.873152,-1.31958,1,All,#4682B4,0
8,14,15,4.19997,-1.3938,-1.8284,1,All,#4682B4,0
9,14,15,3.65004,-0.755044,-0.789508,1,All,#4682B4,0
10,14,15,3.31365,-0.364308,-0.424139,1,All,#4682B4,0
1,14,15.5,3.60054,-0.697548,-1.39359,1,All,#4682B4,0
2,14,15.5,3.43858,-0.509421,-0.823011,1,All,#4682B4,0
3,14,15.5,3.78418,-0.910849,-1.43949,1,All,#4682B4,0
4,14,15.5,3.59685,-0.693259,-0.814592,1,All,#4682B4,0
5,14,15.5,3.90624,-1.05262,-1.18286,1,All,#4682B4,0
6,14,15.5,2.93608,0.0742398,-0.152304,1,All,#4682B4,0
7,14,15.5,3.6542,-0.759871,-0.872645,1,All,#4682B4,0
8,14,15.5,4.12341,-1.30487,-1.35239,1,All,#4682B4,0
9,14,15.5,3.51124,-0.59382,-0.858519,1,All,#4682B4,0
10,14,15.5,3.14864,-0.172644,-0.859172,1,All,#4682B4,0
1,14,16,3.51023,0.976578,0.976578,0,All,#4682B4,0
2,14,16,3.29325,1.22861,1.22861,0,All,#4682B4,0
3,14,16,3.68912,0.768797,0.768797,0,All,#4682B4,0
4,14,16,3.47242,1.0205,1.0205,0,All,#4682B4,0
5,14,16,3.80191,0.637782,0.637782,0,All,#4682B4,0
6,14,16,2.76712,1.83973,1.83973,0,All,#4682B4,0
7,14,16,3.55245,0.927542,0.927542,0,All,#4682B4,0
8,14,16,4.04253,0.358299,0.358299,0,All,#4682B4,0
9,14,16,3.36838,1.14134,1.14134,0,All,#4682B4,0
10,14,16,2.97822,1.59452,1.59452,0,All,#4682B4,0
1,14,16.5,3.41369,-0.480514,-0.534903,1,All,#4682B4,0
2,14,16.5,3.14437,-0.167687,-1.33073,1,All,#4682B4,0
3,14,16.5,3.58946,-0.684672,-2.80934,1,All,#4682B4,0
4,14,16.5,3.34445,-0.400087,-0.635526,1,All,#4682B4,0
5,14,16.5,3.69307,-0.805018,-1.43327,1,All,#4682B4,0
6,14,16.5,2.59479,0.470659,-0.457733,1,All,#4682B4,0
7,14,16.5,3.44704,-0.519255,-1.04596,1,All,#4682B4,0
8,14,16.5,3.958,-1.11275,-1.29142,1,All,#4682B4,0
9,14,16.5,3.22239,-0.258311,-1.54145,1,All,#4682B4,0
10,14,16.5,2.8022,0.229745,-0.186829,1,All,#4682B4,0
1,14,17,3.31314,-0.363725,-0.606817,1,All,#4682B4,0
2,14,17,2.99161,0.0097452,-0.8364,1,All,#4682B4,0
3,14,17,3.48601,-0.564515,-0.600395,1,All,#4682B4,0
4,14,17,3.21335,-0.247811,-0.940879,1,All,#4682B4,0
5,14,17,3.57991,-0.673583,-2.15248,1,All,#4682B4,0
6,14,17,2.41921,0.674602,-0.398037,1,All,#4682B4,0
7,14,17,3.33846,-0.393127,-0.412238,1,All,#4682B4,0
8,14,17,3.87037,-1.01096,-1.01895,1,All,#4682B4,0
9,14,17,3.07285,-0.0846171,-0.493097,1,All,#4682B4,0
10,14,17,2.62186,0.439219,-0.902356,1,All,#4682B4,0
1,14,17.5,3.20895,-0.242697,-0.867478,1,All,#4682B4,0
2,14,17.5,2.83612,0.190346,-0.381471,1,All,#4682B4,0
3,14,17.5,3.37916,-0.440401,-1.07478,1,All,#4682B4,0
4,14,17.5,3.07955,-0.092404,-0.516305,1,All,#4682B4,0
5,14,17.5,3.46304,-0.537835,-0.578258,1,All,#4682B4,0
6,14,17.5,2.24087,0.881751,-1.37461,1,All,#4682B4,0
7,14,17.5,3.22694,-0.263594,-0.578001,1,All,#4682B4,0
8,14,17.5,3.77955,-0.905473,-1.44627,1,All,#4682B4,0
9,14,17.5,2.92025,0.0926285,-0.110179,1,All,#4682B4,0
10,14,17.5,2.43768,0.653151,-0.676345,1,All,#4682B4,0
1,15,1,0,3.48459,0.148913,1,All,#4682B4,0
2,15,1,0,3.48459,1.56739,1,All,#4682B4,0
3,15,1,0,3.48459,0.881487,1,All,#4682B4,0
4,15,1,0,3.48459,1.41081,1,All,#4682B4,0
5,15,1,0,3.48459,1.46795,1,All,#4682B4,0
6,15,1,0,3.48459,0.470923,1,All,#4682B4,0
7,15,1,0,3.48459,2.12003,1,All,#4682B4,0
8,15,1,0,3.48459,2.16906,1,All,#4682B4,0
9,15,1,0,3.48459,0.793196,1,All,#4682B4,0
10,15,1,0,3.48459,1.51131,1,All,#4682B4,0
1,15,1.5,0,3.48459,1.17561,1,All,#4682B4,0
2,15,1.5,0,3.48459,0.856829,1,All,#4682B4,0
3,15,1.5,0,3.48459,1.07459,1,All,#4682B4,0
4,15,1.5,0,3.48459,0.475937,1,All,#4682B4,0
5,15,1.5,0,3.48459,0.074189,1,All,#4682B4,0
6,15,1.5,0,3.48459,1.84446,1,All,#4682B4,0
7,15,1.5,0,3.48459,1.36687,1,All,#4682B4,0
8,15,1.5,1.41182,1.84471,-1.1117,1,All,#4682B4,0
9,15,1.5,0,3.48459,1.03511,1,All,#4682B4,0
10,15,1.5,0,3.48459,0.729832,1,All,#4682B4,0
1,15,2,0,3.48459,0.21257,1,All,#4682B4,0
2,15,2,0,3.48459,1.22612,1,All,#4682B4,0
3,15,2,2.14645,0.991418,-1.12875,1,All,#4682B4,0
4,15,2,1.67425,1.5399,-0.498211,1,All,#4682B4,0
5,15,2,1.49054,1.75328,0.72432,1,All,#4682B4,0
6,15,2,2.52244,0.554703,-0.00529896,1,All,#4682B4,0
7,15,2,1.53727,1.699,-1.73402,1,All,#4682B4,0
8,15,2,2.75431,0.285375,-0.113582,1,All,#4682B4,0
9,15,2,1.94703,1.22305,-0.6069,1,All,#4682B4,0
10,15,2,1.35766,1.90762,0.187356,1,All,#4682B4,0
1,15,2.5,2.114,1.02911,-0.705857,1,All,#4682B4,0
2,15,2.5,2.06362,1.08763,-1.82703,1,All,#4682B4,0
3,15,2.5,3.41203,-0.478587,-1.1358,1,All,#4682B4,0
4,15,2.5,3.75035,-0.87155,-1.30047,1,All,#4682B4,0
5,15,2.5,3.26352,-0.306081,-1.21543,1,All,#4682B4,0
6,15,2.5,4.2158,-1.41219,-2.55746,1,All,#4682B4,0
7,15,2.5,3.4492,-0.521754,-0.607394,1,All,#4682B4,0
8,15,2.5,3.91301,-1.06048,-1.08676,1,All,#4682B4,0
9,15,2.5,3.77636,-0.901766,-0.917121,1,All,#4682B4,0
10,15,2.5,3.64687,-0.751358,-2.00845,1,All,#4682B4,0
1,15,3,4.53632,-0.397611,-0.397611,0,All,#4682B4,0
2,15,3,4.13447,0.0691514,0.0691514,0,All,#4682B4,0
3,15,3,4.59223,-0.462553,-0.462553,0,All,#4682B4,0
4,15,3,5.1003,-1.0527,-1.0527,0,All,#4682B4,0
5,15,3,4.62345,-0.498818,-0.498818,0,All,#4682B4,0
6,15,3,5.46392,-1.47505,-1.47505,0,All,#4682B4,0
7,15,3,4.84039,-0.750806,-0.750806,0,All,#4682B4,0
8,15,3,4.92135,-0.844837,-0.844837,0,All,#4682B4,0
9,15,3,5.13517,-1.09319,-1.09319,0,All,#4682B4,0
10,15,3,5.13657,-1.09482,-1.09482,0,All,#4682B4,0
1,15,3.5,6.02863,0.648563,0.648563,0,All,#4682B4,0
2,15,3.5,5.51106,1.24973,1.24973,0,All,#4682B4,0
3,15,3.5,5.69524,1.03581,1.03581,0,All,#4682B4,0
4,15,3.5,6.04564,0.628808,0.628808,0,All,#4682B4,0
5,15,3.5,5.6966,1.03423,1.03423,0,All,#4682B4,0
6,15,3.5,6.4199,0.194088,0.194088,0,All,#4682B4,0
7,15,3.5,5.90059,0.797286,0.797286,0,All,#4682B4,0
8,15,3.5,5.80509,0.908212,0.908212,0,All,#4682B4,0
9,15,3.5,6.18217,0.470217,0.470217,0,All,#4682B4,0
10,15,3.5,6.18822,0.463193,0.463193,0,All,#4682B4,0
1,15,4,7.03917,-0.700603,-0.700603,0,All,#4682B4,0
2,15,4,6.49009,-0.062824,-0.062824,0,All,#4682B4,0
3,15,4,6.72609,-0.336944,-0.336944,0,All,#4682B4,0
4,15,4,6.72084,-0.33085,-0.33085,0,All,#4682B4,0
5,15,4,6.55942,-0.143353,-0.143353,0,All,#4682B4,0
6,15,4,7.1693,-0.851748,-0.851748,0,All,#4682B4,0
7,15,4,6.73064,-0.342232,-0.342232,0,All,#4682B4,0
8,15,4,6.58187,-0.169432,-0.169432,0,All,#4682B4,0
9,15,4,7.00697,-0.663203,-0.663203,0,All,#4682B4,0
10,15,4,6.96139,-0.610252,-0.610252,0,All,#4682B4,0
1,15,4.5,7.74408,-1.28358,-1.28358,0,All,#4682B4,0
2,15,4.5,7.20454,-0.656887,-0.656887,0,All,#4682B4,0
3,15,4.5,7.67071,-1.19836,-1.19836,0,All,#4682B4,0
4,15,4.5,7.2255,-0.681242,-0.681242,0,All,#4682B4,0
5,15,4.5,7.25085,-0.710686,-0.710686,0,All,#4682B4,0
6,15,4.5,7.75406,-1.29518,-1.29518,0,All,#4682B4,0
7,15,4.5,7.37816,-0.858551,-0.858551,0,All,#4682B4,0
8,15,4.5,7.25475,-0.715207,-0.715207,0,All,#4682B4,0
9,15,4.5,7.6536,-1.17849,-1.17849,0,All,#4682B4,0
10,15,4.5,7.53894,-1.0453,-1.0453,0,All,#4682B4,0
1,15,5,8.17746,-0.325765,-0.325765,0,All,#4682B4,0
2,15,5,7.7072,0.220452,0.220452,0,All,#4682B4,0
3,15,5,8.39649,-0.580169,-0.580169,0,All,#4682B4,0
4,15,5,7.56033,0.391058,0.391058,0,All,#4682B4,0
5,15,5,7.75453,0.165485,0.165485,0,All,#4682B4,0
6,15,5,8.16961,-0.316647,-0.316647,0,All,#4682B4,0
7,15,5,7.84312,0.0625877,0.0625877,0,All,#4682B4,0
8,15,5,7.78611,0.128801,0.128801,0,All,#4682B4,0
9,15,5,8.11734,-0.255926,-0.255926,0,All,#4682B4,0
10,15,5,7.93544,-0.0446463,-0.0446463,0,All,#4682B4,0
1,15,5.5,8.28902,0.0685025,0.0685025,0,All,#4682B4,0
2,15,5.5,7.97137,0.437467,0.437467,0,All,#4682B4,0
3,15,5.5,8.54825,-0.2326,-0.2326,0,All,#4682B4,0
4,15,5.5,7.72222,0.726858,0.726858,0,All,#4682B4,0
5,15,5.5,7.99941,0.4049,0.4049,0,All,#4682B4,0
6,15,5.5,8.36809,-0.0233375,-0.0233375,0,All,#4682B4,0
7,15,5.5,8.05208,0.34372,0.34372,0,All,#4682B4,0
8,15,5.5,8.06517,0.328521,0.328521,0,All,#4682B4,0
9,15,5.5,8.32482,0.0269295,0.0269295,0,All,#4682B4,0
10,15,5.5,8.12237,0.262073,0.262073,0,All,#4682B4,0
1,15,6,8.07735,0.370126,0.370126,0,All,#4682B4,0
2,15,6,7.95694,0.509984,0.509984,0,All,#4682B4,0
3,15,6,8.16001,0.274109,0.274109,0,All,#4682B4,0
4,15,6,7.70496,0.802666,0.802666,0,All,#4682B4,0
5,15,6,7.92088,0.551867,0.551867,0,All,#4682B4,0
6,15,6,8.30991,0.0999912,0.0999912,0,All,#4682B4,0
7,15,6,7.95832,0.508373,0.508373,0,All,#4682B4,0
8,15,6,7.99477,0.466038,0.466038,0,All,#4682B4,0
9,15,6,8.23768,0.183892,0.183892,0,All,#4682B4,0
10,15,6,8.07107,0.377413,0.377413,0,All,#4682B4,0
1,15,6.5,7.66672,0.586898,0.586898,0,All,#4682B4,0
2,15,6.5,7.70214,0.545757,0.545757,0,All,#4682B4,0
3,15,6.5,7.6598,0.594936,0.594936,0,All,#4682B4,0
4,15,6.5,7.54106,0.73286,0.73286,0,All,#4682B4,0
5,15,6.5,7.60699,0.656274,0.656274,0,All,#4682B4,0
6,15,6.5,8.03433,0.15991,0.15991,0,All,#4682B4,0
7,15,6.5,7.64018,0.617721,0.617721,0,All,#4682B4,0
8,15,6.5,7.67506,0.577214,0.577214,0,All,#4682B4,0
9,15,6.5,7.91294,0.300909,0.300909,0,All,#4682B4,0
10,15,6.5,7.81392,0.415917,0.415917,0,All,#4682B4,0
1,15,7,7.2131,0.352993,0.352993,0,All,#4682B4,0
2,15,7,7.32763,0.219964,0.219964,0,All,#4682B4,0
3,15,7,7.21538,0.350346,0.350346,0,All,#4682B4,0
4,15,7,7.29239,0.26089,0.26089,0,All,#4682B4,0
5,15,7,7.20819,0.358694,0.358694,0,All,#4682B4,0
6,15,7,7.65645,-0.161974,-0.161974,0,All,#4682B4,0
7,15,7,7.24093,0.320667,0.320667,0,All,#4682B4,0
8,15,7,7.27753,0.27815,0.27815,0,All,#4682B4,0
9,15,7,7.50665,0.0120206,0.0120206,0,All,#4682B4,0
10,15,7,7.44053,0.088818,0.088818,0,All,#4682B4,0
1,15,7.5,6.82355,-0.73705,-0.73705,0,All,#4682B4,0
2,15,7.5,6.94644,-0.879783,-0.879783,0,All,#4682B4,0
3,15,7.5,6.85827,-0.777375,-0.777375,0,All,#4682B4,0
4,15,7.5,7.03495,-0.982595,-0.982595,0,All,#4682B4,0
5,15,7.5,6.8301,-0.744657,-0.744657,0,All,#4682B4,0
6,15,7.5,7.28165,-1.26915,-1.26915,0,All,#4682B4,0
7,15,7.5,6.86958,-0.790518,-0.790518,0,All,#4682B4,0
8,15,7.5,6.91309,-0.841048,-0.841048,0,All,#4682B4,0
9,15,7.5,7.1245,-1.08661,-1.08661,0,All,#4682B4,0
10,15,7.5,7.05027,-1.00039,-1.00039,0,All,#4682B4,0
1,15,8,6.54291,-0.993007,-0.993007,0,All,#4682B4,0
2,15,8,6.62689,-1.09055,-1.09055,0,All,#4682B4,0
3,15,8,6.5983,-1.05734,-1.05734,0,All,#4682B4,0
4,15,8,6.81255,-1.3062,-1.3062,0,All,#4682B4,0
5,15,8,6.52445,-0.971566,-0.971566,0,All,#4682B4,0
6,15,8,6.97189,-1.49128,-1.49128,0,All,#4682B4,0
7,15,8,6.58051,-1.03667,-1.03667,0,All,#4682B4,0
8,15,8,6.62597,-1.08948,-1.08948,0,All,#4682B4,0
9,15,8,6.82004,-1.3149,-1.3149,0,All,#4682B4,0
10,15,8,6.71126,-1.18855,-1.18855,0,All,#4682B4,0
1,15,8.5,6.37591,-0.483092,-0.483092,0,All,#4682B4,0
2,15,8.5,6.40226,-0.513703,-0.513703,0,All,#4682B4,0
3,15,8.5,6.42808,-0.543694,-0.543694,0,All,#4682B4,0
4,15,8.5,6.65003,-0.801493,-0.801493,0,All,#4682B4,0
5,15,8.5,6.30913,-0.405524,-0.405524,0,All,#4682B4,0
6,15,8.5,6.75177,-0.91966,-0.91966,0,All,#4682B4,0
7,15,8.5,6.3897,-0.499111,-0.499111,0,All,#4682B4,0
8,15,8.5,6.4288,-0.544522,-0.544522,0,All,#4682B4,0
9,15,8.5,6.61239,-0.757771,-0.757771,0,All,#4682B4,0
10,15,8.5,6.45434,-0.574191,-0.574191,0,All,#4682B4,0
1,15,9,6.31521,0.748941,0.748941,0,All,#4682B4,0
2,15,9,6.27677,0.793596,0.793596,0,All,#4682B4,0
3,15,9,6.34459,0.714814,0.714814,0,All,#4682B4,0
4,15,9,6.55371,0.471922,0.471922,0,All,#4682B4,0
5,15,9,6.18445,0.90082,0.90082,0,All,#4682B4,0
6,15,9,6.62536,0.388689,0.388689,0,All,#4682B4,0
7,15,9,6.29292,0.774833,0.774833,0,All,#4682B4,0
8,15,9,6.31959,0.743854,0.743854,0,All,#4682B4,0
9,15,9,6.50182,0.53219,0.53219,0,All,#4682B4,0
10,15,9,6.28766,0.780943,0.780943,0,All,#4682B4,0
1,15,9.5,6.34268,-0.0820953,-0.0820953,0,All,#4682B4,0
2,15,9.5,6.24165,0.0352491,0.0352491,0,All,#4682B4,0
3,15,9.5,6.33125,-0.068821,-0.068821,0,All,#4682B4,0
4,15,9.5,6.51857,-0.286397,-0.286397,0,All,#4682B4,0
5,15,9.5,6.14129,0.151827,0.151827,0,All,#4682B4,0
6,15,9.5,6.58476,-0.363283,-0.363283,0,All,#4682B4,0
7,15,9.5,6.28264,-0.0123632,-0.0123632,0,All,#4682B4,0
8,15,9.5,6.28908,-0.0198408,-0.0198408,0,All,#4682B4,0
9,15,9.5,6.47793,-0.239196,-0.239196,0,All,#4682B4,0
10,15,9.5,6.20793,0.0744188,0.0744188,0,All,#4682B4,0
1,15,10,6.4372,0.783801,0.783801,0,All,#4682B4,0
2,15,10,6.27999,0.966406,0.966406,0,All,#4682B4,0
3,15,10,6.37739,0.853266,0.853266,0,All,#4682B4,0
4,15,10,6.53315,0.672356,0.672356,0,All,#4682B4,0
5,15,10,6.16591,1.09891,1.09891,0,All,#4682B4,0
6,15,10,6.61624,0.575835,0.575835,0,All,#4682B4,0
7,15,10,6.34262,0.893656,0.893656,0,All,#4682B4,0
8,15,10,6.32408,0.915188,0.915188,0,All,#4682B4,0
9,15,10,6.52468,0.682191,0.682191,0,All,#4682B4,0
10,15,10,6.20456,1.05401,1.05401,0,All,#4682B4,0
1,15,10.5,6.57654,-0.289854,-0.289854,0,All,#4682B4,0
2,15,10.5,6.37254,-0.0528914,-0.0528914,0,All,#4682B4,0
3,15,10.5,6.46748,-0.16317,-0.16317,0,All,#4682B4,0
4,15,10.5,6.5841,-0.298623,-0.298623,0,All,#4682B4,0
5,15,10.5,6.24262,0.0980052,0.0980052,0,All,#4682B4,0
6,15,10.5,6.70366,-0.4375,-0.4375,0,All,#4682B4,0
7,15,10.5,6.4553,-0.149029,-0.149029,0,All,#4682B4,0
8,15,10.5,6.41031,-0.0967715,-0.0967715,0,All,#4682B4,0
9,15,10.5,6.62503,-0.346166,-0.346166,0,All,#4682B4,0
10,15,10.5,6.26206,0.0754252,0.0754252,0,All,#4682B4,0
1,15,11,6.74142,-0.190976,-0.190976,0,All,#4682B4,0
2,15,11,6.50067,0.0886567,0.0886567,0,All,#4682B4,0
3,15,11,6.58858,-0.0134474,-0.0134474,0,All,#4682B4,0
4,15,11,6.65807,-0.0941603,-0.0941603,0,All,#4682B4,0
5,15,11,6.35571,0.25704,0.25704,0,All,#4682B4,0
6,15,11,6.83072,-0.294697,-0.294697,0,All,#4682B4,0
7,15,11,6.60364,-0.0309456,-0.0309456,0,All,#4682B4,0
8,15,11,6.53286,0.0512722,0.0512722,0,All,#4682B4,0
9,15,11,6.76188,-0.21474,-0.21474,0,All,#4682B4,0
10,15,11,6.36232,0.249362,0.249362,0,All,#4682B4,0
1,15,11.5,6.91495,0.418203,0.418203,0,All,#4682B4,0
2,15,11.5,6.50338,0.896261,0.896261,0,All,#4682B4,0
3,15,11.5,6.7281,0.635245,0.635245,0,All,#4682B4,0
4,15,11.5,6.7416,0.619554,0.619554,0,All,#4682B4,0
5,15,11.5,6.49086,0.910795,0.910795,0,All,#4682B4,0
6,15,11.5,6.98228,0.340002,0.340002,0,All,#4682B4,0
7,15,11.5,6.66823,0.704785,0.704785,0,All,#4682B4,0
8,15,11.5,6.66627,0.707059,0.707059,0,All,#4682B4,0
9,15,11.5,6.91608,0.416897,0.416897,0,All,#4682B4,0
10,15,11.5,6.48763,0.914557,0.914557,0,All,#4682B4,0
1,15,12,6.84677,1.67867,1.67867,0,All,#4682B4,0
2,15,12,6.21979,2.40693,2.40693,0,All,#4682B4,0
3,15,12,6.71454,1.83226,1.83226,0,All,#4682B4,0
4,15,12,6.50478,2.07591,2.07591,0,All,#4682B4,0
5,15,12,6.43843,2.15298,2.15298,0,All,#4682B4,0
6,15,12,6.97146,1.53384,1.53384,0,All,#4682B4,0
7,15,12,6.38244,2.218,2.218,0,All,#4682B4,0
8,15,12,6.56751,2.00304,2.00304,0,All,#4682B4,0
9,15,12,6.80964,1.7218,1.7218,0,All,#4682B4,0
10,15,12,6.32665,2.28281,2.28281,0,All,#4682B4,0
1,15,12.5,6.27866,-0.581529,-0.581529,0,All,#4682B4,0
2,15,12.5,5.74255,0.0411747,0.0411747,0,All,#4682B4,0
3,15,12.5,6.16967,-0.454931,-0.454931,0,All,#4682B4,0
4,15,12.5,5.89745,-0.138745,-0.138745,0,All,#4682B4,0
5,15,12.5,6.09788,-0.371548,-0.371548,0,All,#4682B4,0
6,15,12.5,6.51736,-0.858787,-0.858787,0,All,#4682B4,0
7,15,12.5,5.81076,-0.0380541,-0.0380541,0,All,#4682B4,0
8,15,12.5,6.23137,-0.526604,-0.526604,0,All,#4682B4,0
9,15,12.5,6.39661,-0.718537,-0.718537,0,All,#4682B4,0
10,15,12.5,5.80578,-0.0322674,-0.0322674,0,All,#4682B4,0
1,15,13,5.44296,-0.462241,-0.462241,0,All,#4682B4,0
2,15,13,5.12996,-0.0986876,-0.0986876,0,All,#4682B4,0
3,15,13,5.30722,-0.304579,-0.304579,0,All,#4682B4,0
4,15,13,5.08631,-0.0479808,-0.0479808,0,All,#4682B4,0
5,15,13,5.56468,-0.603625,-0.603625,0,All,#4682B4,0
6,15,13,5.77891,-0.852459,-0.852459,0,All,#4682B4,0
7,15,13,5.05727,-0.0142566,-0.0142566,0,All,#4682B4,0
8,15,13,5.71452,-0.777662,-0.777662,0,All,#4682B4,0
9,15,13,5.77626,-0.849382,-0.849382,0,All,#4682B4,0
10,15,13,5.07079,-0.0299516,-0.0299516,0,All,#4682B4,0
1,15,13.5,4.46092,-0.299586,-0.299586,0,All,#4682B4,0
2,15,13.5,4.42187,-0.254228,-0.254228,0,All,#4682B4,0
3,15,13.5,4.26491,-0.0719116,-0.0719116,0,All,#4682B4,0
4,15,13.5,4.15044,0.0610446,0.0610446,0,All,#4682B4,0
5,15,13.5,4.89277,-0.801189,-0.801189,0,All,#4682B4,0
6,15,13.5,4.87614,-0.781869,-0.781869,0,All,#4682B4,0
7,15,13.5,4.19044,0.0145861,0.0145861,0,All,#4682B4,0
8,15,13.5,5.06252,-0.998359,-0.998359,0,All,#4682B4,0
9,15,13.5,5.01815,-0.946819,-0.946819,0,All,#4682B4,0
10,15,13.5,4.2032,-0.000229392,-0.000229392,0,All,#4682B4,0
1,15,14,3.38869,0.349978,0.349978,0,All,#4682B4,0
2,15,14,3.64298,0.0546165,0.0546165,0,All,#4682B4,0
3,15,14,3.12204,0.659703,0.659703,0,All,#4682B4,0
4,15,14,3.13174,0.648433,0.648433,0,All,#4682B4,0
5,15,14,4.11954,-0.498918,-0.498918,0,All,#4682B4,0
6,15,14,3.87043,-0.209578,-0.209578,0,All,#4682B4,0
7,15,14,3.246,0.515716,0.515716,0,All,#4682B4,0
8,15,14,4.31138,-0.721749,-0.721749,0,All,#4682B4,0
9,15,14,4.16312,-0.549546,-0.549546,0,All,#4682B4,0
10,15,14,3.24663,0.514985,0.514985,0,All,#4682B4,0
1,15,14.5,2.25548,0.864786,-1.74629,1,All,#4682B4,0
2,15,14.5,2.80938,0.221414,-0.44294,1,All,#4682B4,0
3,15,14.5,1.92509,1.24854,0.801534,1,All,#4682B4,0
4,15,14.5,2.05569,1.09684,-0.489463,1,All,#4682B4,0
5,15,14.5,3.27172,-0.315605,-2.07175,1,All,#4682B4,0
6,15,14.5,2.79829,0.234287,-0.957221,1,All,#4682B4,0
7,15,14.5,2.24746,0.8741,0.43545,1,All,#4682B4,0
8,15,14.5,3.48479,-0.563095,-1.32104,1,All,#4682B4,0
9,15,14.5,3.23886,-0.277437,-0.810368,1,All,#4682B4,0
10,15,14.5,2.22778,0.896957,-0.607334,1,All,#4682B4,0
1,15,15,1.081,2.22897,0.365481,1,All,#4682B4,0
2,15,15,1.93271,1.23969,-0.612825,1,All,#4682B4,0
3,15,15,0.699564,2.67202,0.766695,1,All,#4682B4,0
4,15,15,0.938842,2.39409,1.46804,1,All,#4682B4,0
5,15,15,2.36551,0.736976,0.621845,1,All,#4682B4,0
6,15,15,1.67791,1.53565,0.205783,1,All,#4682B4,0
7,15,15,1.20726,2.08232,1.48526,1,All,#4682B4,0
8,15,15,2.60053,0.463991,-0.203967,1,All,#4682B4,0
9,15,15,2.26311,0.855917,0.155161,1,All,#4682B4,0
10,15,15,1.1634,2.13326,1.38227,1,All,#4682B4,0
1,16,1,0,3.48459,0.849041,1,All,#4682B4,0
2,16,1,0,3.48459,0.597725,1,All,#4682B4,0
3,16,1,0,3.48459,1.35186,1,All,#4682B4,0
4,16,1,0,3.48459,0.472984,1,All,#4682B4,0
5,16,1,0,3.48459,0.0875245,1,All,#4682B4,0
6,16,1,0,3.48459,0.254503,1,All,#4682B4,0
7,16,1,0,3.48459,0.478207,1,All,#4682B4,0
8,16,1,0,3.48459,0.302352,1,All,#4682B4,0
9,16,1,0,3.48459,0.78025,1,All,#4682B4,0
10,16,1,0,3.48459,0.335693,1,All,#4682B4,0
1,16,1.5,0,3.48459,1.56423,1,All,#4682B4,0
2,16,1.5,0,3.48459,1.88455,1,All,#4682B4,0
3,16,1.5,0,3.48459,0.519326,1,All,#4682B4,0
4,16,1.5,0,3.48459,0.975783,1,All,#4682B4,0
5,16,1.5,1.34663,1.92044,-1.48758,1,All,#4682B4,0
6,16,1.5,1.64092,1.57861,-1.38043,1,All,#4682B4,0
7,16,1.5,0,3.48459,0.152994,1,All,#4682B4,0
8,16,1.5,0.63006,2.75275,-0.57811,1,All,#4682B4,0
9,16,1.5,0,3.48459,0.785217,1,All,#4682B4,0
10,16,1.5,0,3.48459,0.420604,1,All,#4682B4,0
1,16,2,1.58106,1.64814,0.362285,1,All,#4682B4,0
2,16,2,1.8766,1.30486,-0.0355984,1,All,#4682B4,0
3,16,2,1.05501,2.25916,-0.307403,1,All,#4682B4,0
4,16,2,0,3.48459,0.670835,1,All,#4682B4,0
5,16,2,3.54426,-0.632177,-1.66122,1,All,#4682B4,0
6,16,2,3.35517,-0.412541,-0.827307,1,All,#4682B4,0
7,16,2,0.210134,3.24051,0.730518,1,All,#4682B4,0
8,16,2,3.01255,-0.0145815,-0.981371,1,All,#4682B4,0
9,16,2,2.83086,0.196458,-0.345355,1,All,#4682B4,0
10,16,2,2.13852,1.00064,-0.638707,1,All,#4682B4,0
1,16,2.5,3.28242,2.04381,2.04381,0,All,#4682B4,0
2,16,2.5,3.98931,1.22273,1.22273,0,All,#4682B4,0
3,16,2.5,3.97332,1.24131,1.24131,0,All,#4682B4,0
4,16,2.5,4.14247,1.04483,1.04483,0,All,#4682B4,0
5,16,2.5,4.74527,0.344659,0.344659,0,All,#4682B4,0
6,16,2.5,4.48055,0.652135,0.652135,0,All,#4682B4,0
7,16,2.5,3.07787,2.28139,2.28139,0,All,#4682B4,0
8,16,2.5,4.37999,0.768939,0.768939,0,All,#4682B4,0
9,16,2.5,4.31769,0.841304,0.841304,0,All,#4682B4,0
10,16,2.5,3.53362,1.75203,1.75203,0,All,#4682B4,0
1,16,3,4.46067,-1.6966,-1.97419,1,All,#4682B4,0
2,16,3,5.0969,-2.43561,-2.58133,1,All,#4682B4,0
3,16,3,5.27293,-2.64007,-2.78096,1,All,#4682B4,0
4,16,3,5.55755,-2.97067,-3.15843,1,All,#4682B4,0
5,16,3,5.5439,-2.95481,-3.91269,1,All,#4682B4,0
6,16,3,5.29503,-2.66574,-2.81118,1,All,#4682B4,0
7,16,3,4.49738,-1.73925,-2.21049,1,All,#4682B4,0
8,16,3,5.30779,-2.68056,-2.95183,1,All,#4682B4,0
9,16,3,5.2536,-2.61762,-2.87758,1,All,#4682B4,0
10,16,3,4.51734,-1.76244,-2.16796,1,All,#4682B4,0
1,16,3.5,5.3399,1.39163,1.39163,0,All,#4682B4,0
2,16,3.5,5.81916,0.834957,0.834957,0,All,#4682B4,0
3,16,3.5,6.06544,0.54889,0.54889,0,All,#4682B4,0
4,16,3.5,6.3199,0.253334,0.253334,0,All,#4682B4,0
5,16,3.5,6.12174,0.483502,0.483502,0,All,#4682B4,0
6,16,3.5,5.91889,0.719119,0.719119,0,All,#4682B4,0
7,16,3.5,5.40255,1.31886,1.31886,0,All,#4682B4,0
8,16,3.5,5.98667,0.640381,0.640381,0,All,#4682B4,0
9,16,3.5,5.91756,0.720658,0.720658,0,All,#4682B4,0
10,16,3.5,5.2627,1.4813,1.4813,0,All,#4682B4,0
1,16,4,6.0274,-0.0736445,-0.0736445,0,All,#4682B4,0
2,16,4,6.33379,-0.429517,-0.429517,0,All,#4682B4,0
3,16,4,6.61282,-0.753625,-0.753625,0,All,#4682B4,0
4,16,4,6.81172,-0.984648,-0.984648,0,All,#4682B4,0
5,16,4,6.56232,-0.694967,-0.694967,0,All,#4682B4,0
6,16,4,6.41254,-0.52099,-0.52099,0,All,#4682B4,0
7,16,4,6.04306,-0.0918267,-0.0918267,0,All,#4682B4,0
8,16,4,6.50763,-0.631444,-0.631444,0,All,#4682B4,0
9,16,4,6.41603,-0.525048,-0.525048,0,All,#4682B4,0
10,16,4,5.84701,0.135883,0.135883,0,All,#4682B4,0
1,16,4.5,6.57952,0.297906,0.297906,0,All,#4682B4,0
2,16,4.5,6.71562,0.139827,0.139827,0,All,#4682B4,0
3,16,4.5,7.01402,-0.206773,-0.206773,0,All,#4682B4,0
4,16,4.5,7.1537,-0.369012,-0.369012,0,All,#4682B4,0
5,16,4.5,6.90585,-0.0811282,-0.0811282,0,All,#4682B4,0
6,16,4.5,6.80585,0.0350251,0.0350251,0,All,#4682B4,0
7,16,4.5,6.52105,0.365829,0.365829,0,All,#4682B4,0
8,16,4.5,6.91281,-0.0892187,-0.0892187,0,All,#4682B4,0
9,16,4.5,6.79989,0.0419426,0.0419426,0,All,#4682B4,0
10,16,4.5,6.31859,0.600986,0.600986,0,All,#4682B4,0
1,16,5,7.0223,-0.733269,-0.733269,0,All,#4682B4,0
2,16,5,6.99521,-0.701812,-0.701812,0,All,#4682B4,0
3,16,5,7.3101,-1.06757,-1.06757,0,All,#4682B4,0
4,16,5,7.39147,-1.16208,-1.16208,0,All,#4682B4,0
5,16,5,7.17066,-0.905601,-0.905601,0,All,#4682B4,0
6,16,5,7.10784,-0.832634,-0.832634,0,All,#4682B4,0
7,16,5,6.8805,-0.568568,-0.568568,0,All,#4682B4,0
8,16,5,7.21616,-0.958441,-0.958441,0,All,#4682B4,0
9,16,5,7.09009,-0.812008,-0.812008,0,All,#4682B4,0
10,16,5,6.70061,-0.359624,-0.359624,0,All,#4682B4,0
1,16,5.5,7.35581,-0.84421,-0.84421,0,All,#4682B4,0
2,16,5.5,7.17997,-0.639971,-0.639971,0,All,#4682B4,0
3,16,5.5,7.51831,-1.03296,-1.03296,0,All,#4682B4,0
4,16,5.5,7.54337,-1.06206,-1.06206,0,All,#4682B4,0
5,16,5.5,7.36303,-0.852591,-0.852591,0,All,#4682B4,0
6,16,5.5,7.31468,-0.796436,-0.796436,0,All,#4682B4,0
7,16,5.5,7.13631,-0.589252,-0.589252,0,All,#4682B4,0
8,16,5.5,7.41589,-0.913992,-0.913992,0,All,#4682B4,0
9,16,5.5,7.29274,-0.770948,-0.770948,0,All,#4682B4,0
10,16,5.5,6.99895,-0.429703,-0.429703,0,All,#4682B4,0
1,16,6,7.56432,0.593172,0.593172,0,All,#4682B4,0
2,16,6,7.27822,0.925482,0.925482,0,All,#4682B4,0
3,16,6,7.64574,0.498596,0.498596,0,All,#4682B4,0
4,16,6,7.61923,0.529393,0.529393,0,All,#4682B4,0
5,16,6,7.48535,0.684891,0.684891,0,All,#4682B4,0
6,16,6,7.42289,0.757444,0.757444,0,All,#4682B4,0
7,16,6,7.29152,0.910032,0.910032,0,All,#4682B4,0
8,16,6,7.51109,0.655,0.655,0,All,#4682B4,0
9,16,6,7.40973,0.772728,0.772728,0,All,#4682B4,0
10,16,6,7.20589,1.0095,1.0095,0,All,#4682B4,0
1,16,6.5,7.64278,-0.318002,-0.318002,0,All,#4682B4,0
2,16,6.5,7.29902,0.081278,0.081278,0,All,#4682B4,0
3,16,6.5,7.69958,-0.383975,-0.383975,0,All,#4682B4,0
4,16,6.5,7.63277,-0.306371,-0.306371,0,All,#4682B4,0
5,16,6.5,7.54371,-0.202929,-0.202929,0,All,#4682B4,0
6,16,6.5,7.44485,-0.0880975,-0.0880975,0,All,#4682B4,0
7,16,6.5,7.34911,0.0231071,0.0231071,0,All,#4682B4,0
8,16,6.5,7.5172,-0.172144,-0.172144,0,All,#4682B4,0
9,16,6.5,7.449,-0.0929233,-0.0929233,0,All,#4682B4,0
10,16,6.5,7.31572,0.0618846,0.0618846,0,All,#4682B4,0
1,16,7,7.62058,0.690439,0.690439,0,All,#4682B4,0
2,16,7,7.26412,1.10448,1.10448,0,All,#4682B4,0
3,16,7,7.69449,0.604584,0.604584,0,All,#4682B4,0
4,16,7,7.60298,0.710876,0.710876,0,All,#4682B4,0
5,16,7,7.55024,0.772137,0.772137,0,All,#4682B4,0
6,16,7,7.40632,0.939304,0.939304,0,All,#4682B4,0
7,16,7,7.33494,1.02222,1.02222,0,All,#4682B4,0
8,16,7,7.46494,0.87122,0.87122,0,All,#4682B4,0
9,16,7,7.43052,0.911202,0.911202,0,All,#4682B4,0
10,16,7,7.33791,1.01877,1.01877,0,All,#4682B4,0
1,16,7.5,7.54594,0.138293,0.138293,0,All,#4682B4,0
2,16,7.5,7.19707,0.543515,0.543515,0,All,#4682B4,0
3,16,7.5,7.64901,0.0185734,0.0185734,0,All,#4682B4,0
4,16,7.5,7.54585,0.138397,0.138397,0,All,#4682B4,0
5,16,7.5,7.52358,0.164261,0.164261,0,All,#4682B4,0
6,16,7.5,7.33762,0.380257,0.380257,0,All,#4682B4,0
7,16,7.5,7.27979,0.447438,0.447438,0,All,#4682B4,0
8,16,7.5,7.3826,0.32801,0.32801,0,All,#4682B4,0
9,16,7.5,7.37748,0.333966,0.333966,0,All,#4682B4,0
10,16,7.5,7.29795,0.426334,0.426334,0,All,#4682B4,0
1,16,8,7.45239,0.57334,0.57334,0,All,#4682B4,0
2,16,8,7.11285,0.967725,0.967725,0,All,#4682B4,0
3,16,8,7.57847,0.426902,0.426902,0,All,#4682B4,0
4,16,8,7.47204,0.550521,0.550521,0,All,#4682B4,0
5,16,8,7.4785,0.543011,0.543011,0,All,#4682B4,0
6,16,8,7.25707,0.800207,0.800207,0,All,#4682B4,0
7,16,8,7.20434,0.861455,0.861455,0,All,#4682B4,0
8,16,8,7.28604,0.766566,0.766566,0,All,#4682B4,0
9,16,8,7.30647,0.742832,0.742832,0,All,#4682B4,0
10,16,8,7.22374,0.838929,0.838929,0,All,#4682B4,0
1,16,8.5,7.35389,-0.16016,-0.16016,0,All,#4682B4,0
2,16,8.5,7.01855,0.229342,0.229342,0,All,#4682B4,0
3,16,8.5,7.49143,-0.319921,-0.319921,0,All,#4682B4,0
4,16,8.5,7.38669,-0.198262,-0.198262,0,All,#4682B4,0
5,16,8.5,7.41993,-0.236866,-0.236866,0,All,#4682B4,0
6,16,8.5,7.16889,0.0547236,0.0547236,0,All,#4682B4,0
7,16,8.5,7.119,0.112671,0.112671,0,All,#4682B4,0
8,16,8.5,7.18149,0.0400836,0.0400836,0,All,#4682B4,0
9,16,8.5,7.22579,-0.0113715,-0.0113715,0,All,#4682B4,0
10,16,8.5,7.13272,0.0967345,0.0967345,0,All,#4682B4,0
1,16,9,7.25106,0.335607,0.335607,0,All,#4682B4,0
2,16,9,6.91688,0.723769,0.723769,0,All,#4682B4,0
3,16,9,7.39196,0.171956,0.171956,0,All,#4682B4,0
4,16,9,7.29169,0.288414,0.288414,0,All,#4682B4,0
5,16,9,7.3497,0.221034,0.221034,0,All,#4682B4,0
6,16,9,7.07361,0.541726,0.541726,0,All,#4682B4,0
7,16,9,7.02769,0.595064,0.595064,0,All,#4682B4,0
8,16,9,7.07091,0.54486,0.54486,0,All,#4682B4,0
9,16,9,7.13876,0.466047,0.466047,0,All,#4682B4,0
10,16,9,7.03293,0.588977,0.588977,0,All,#4682B4,0
1,16,9.5,7.13669,-1.04502,-1.04502,0,All,#4682B4,0
2,16,9.5,6.80868,-0.664025,-0.664025,0,All,#4682B4,0
3,16,9.5,7.28128,-1.21296,-1.21296,0,All,#4682B4,0
4,16,9.5,7.1874,-1.10391,-1.10391,0,All,#4682B4,0
5,16,9.5,7.26861,-1.19825,-1.19825,0,All,#4682B4,0
6,16,9.5,6.97189,-0.8536,-0.8536,0,All,#4682B4,0
7,16,9.5,6.93162,-0.80682,-0.80682,0,All,#4682B4,0
8,16,9.5,6.95475,-0.833684,-0.833684,0,All,#4682B4,0
9,16,9.5,7.04648,-0.940234,-0.940234,0,All,#4682B4,0
10,16,9.5,6.92731,-0.801819,-0.801819,0,All,#4682B4,0
1,16,10,7.00953,-0.0389449,-0.0389449,0,All,#4682B4,0
2,16,10,6.6941,0.327436,0.327436,0,All,#4682B4,0
3,16,10,7.15937,-0.212988,-0.212988,0,All,#4682B4,0
4,16,10,7.07348,-0.113225,-0.113225,0,All,#4682B4,0
5,16,10,7.1762,-0.232535,-0.232535,0,All,#4682B4,0
6,16,10,6.86385,0.130263,0.130263,0,All,#4682B4,0
7,16,10,6.83106,0.168351,0.168351,0,All,#4682B4,0
8,16,10,6.833,0.166104,0.166104,0,All,#4682B4,0
9,16,10,6.94918,0.0311475,0.0311475,0,All,#4682B4,0
10,16,10,6.81688,0.184823,0.184823,0,All,#4682B4,0
1,16,10.5,6.86875,0.0699847,0.0699847,0,All,#4682B4,0
2,16,10.5,6.57306,0.413436,0.413436,0,All,#4682B4,0
3,16,10.5,7.0257,-0.112314,-0.112314,0,All,#4682B4,0
4,16,10.5,6.94934,-0.0236201,-0.0236201,0,All,#4682B4,0
5,16,10.5,7.07139,-0.165387,-0.165387,0,All,#4682B4,0
6,16,10.5,6.74948,0.208518,0.208518,0,All,#4682B4,0
7,16,10.5,6.72601,0.235776,0.235776,0,All,#4682B4,0
8,16,10.5,6.70553,0.259566,0.259566,0,All,#4682B4,0
9,16,10.5,6.84684,0.0954361,0.0954361,0,All,#4682B4,0
10,16,10.5,6.70201,0.263658,0.263658,0,All,#4682B4,0
1,16,11,6.71363,0.96798,0.96798,0,All,#4682B4,0
2,16,11,6.44543,1.2795,1.2795,0,All,#4682B4,0
3,16,11,6.87952,0.775296,0.775296,0,All,#4682B4,0
4,16,11,6.81426,0.851097,0.851097,0,All,#4682B4,0
5,16,11,6.95279,0.690191,0.690191,0,All,#4682B4,0
6,16,11,6.6288,1.06652,1.06652,0,All,#4682B4,0
7,16,11,6.6164,1.08092,1.08092,0,All,#4682B4,0
8,16,11,6.57217,1.13229,1.13229,0,All,#4682B4,0
9,16,11,6.7393,0.938163,0.938163,0,All,#4682B4,0
10,16,11,6.58294,1.11978,1.11978,0,All,#4682B4,0
1,16,11.5,6.54376,0.413787,0.413787,0,All,#4682B4,0
2,16,11.5,6.31112,0.683997,0.683997,0,All,#4682B4,0
3,16,11.5,6.72007,0.208989,0.208989,0,All,#4682B4,0
4,16,11.5,6.66754,0.270013,0.270013,0,All,#4682B4,0
5,16,11.5,6.81878,0.0943391,0.0943391,0,All,#4682B4,0
6,16,11.5,6.50193,0.462368,0.462368,0,All,#4682B4,0
7,16,11.5,6.50208,0.462198,0.462198,0,All,#4682B4,0
8,16,11.5,6.43259,0.542911,0.542911,0,All,#4682B4,0
9,16,11.5,6.62643,0.317757,0.317757,0,All,#4682B4,0
10,16,11.5,6.45995,0.511129,0.511129,0,All,#4682B4,0
1,16,12,6.35913,0.36225,0.36225,0,All,#4682B4,0
2,16,12,6.17019,0.58171,0.58171,0,All,#4682B4,0
3,16,12,6.54668,0.144403,0.144403,0,All,#4682B4,0
4,16,12,6.50839,0.188881,0.188881,0,All,#4682B4,0
5,16,12,6.66758,0.00397774,0.00397774,0,All,#4682B4,0
6,16,12,6.36916,0.350596,0.350596,0,All,#4682B4,0
7,16,12,6.38272,0.334845,0.334845,0,All,#4682B4,0
8,16,12,6.2868,0.446261,0.446261,0,All,#4682B4,0
9,16,12,6.50808,0.189232,0.189232,0,All,#4682B4,0
10,16,12,6.33338,0.392157,0.392157,0,All,#4682B4,0
1,16,12.5,6.16043,0.862516,0.862516,0,All,#4682B4,0
2,16,12.5,6.02263,1.02258,1.02258,0,All,#4682B4,0
3,16,12.5,6.35885,0.632044,0.632044,0,All,#4682B4,0
4,16,12.5,6.33667,0.657807,0.657807,0,All,#4682B4,0
5,16,12.5,6.49726,0.471282,0.471282,0,All,#4682B4,0
6,16,12.5,6.23095,0.780605,0.780605,0,All,#4682B4,0
7,16,12.5,6.25823,0.748919,0.748919,0,All,#4682B4,0
8,16,12.5,6.13492,0.892148,0.892148,0,All,#4682B4,0
9,16,12.5,6.38414,0.602676,0.602676,0,All,#4682B4,0
10,16,12.5,6.20368,0.812279,0.812279,0,All,#4682B4,0
1,16,13,5.94923,-1.29305,-1.29305,0,All,#4682B4,0
2,16,13,5.86897,-1.19982,-1.19982,0,All,#4682B4,0
3,16,13,6.1565,-1.53379,-1.53379,0,All,#4682B4,0
4,16,13,6.15211,-1.5287,-1.5287,0,All,#4682B4,0
5,16,13,6.306,-1.70744,-1.70744,0,All,#4682B4,0
6,16,13,6.088,-1.45423,-1.45423,0,All,#4682B4,0
7,16,13,6.13112,-1.50432,-1.50432,0,All,#4682B4,0
8,16,13,5.97716,-1.32549,-1.32549,0,All,#4682B4,0
9,16,13,6.25452,-1.64765,-1.64765,0,All,#4682B4,0
10,16,13,6.07156,-1.43513,-1.43513,0,All,#4682B4,0
1,16,13.5,5.72793,0.313697,0.313697,0,All,#4682B4,0
2,16,13.5,5.70974,0.334826,0.334826,0,All,#4682B4,0
3,16,13.5,5.93999,0.0673753,0.0673753,0,All,#4682B4,0
4,16,13.5,5.95488,0.0500846,0.0500846,0,All,#4682B4,0
5,16,13.5,6.09056,-0.107506,-0.107506,0,All,#4682B4,0
6,16,13.5,5.94127,0.065889,0.065889,0,All,#4682B4,0
7,16,13.5,5.99846,-0.000537155,-0.000537155,0,All,#4682B4,0
8,16,13.5,5.81342,0.214394,0.214394,0,All,#4682B4,0
9,16,13.5,6.1192,-0.140779,-0.140779,0,All,#4682B4,0
10,16,13.5,5.93772,0.0700219,0.0700219,0,All,#4682B4,0
1,16,14,5.49939,-0.728733,-0.728733,0,All,#4682B4,0
2,16,14,5.54472,-0.781384,-0.781384,0,All,#4682B4,0
3,16,14,5.71061,-0.974071,-0.974071,0,All,#4682B4,0
4,16,14,5.74498,-1.01399,-1.01399,0,All,#4682B4,0
5,16,14,5.85219,-1.13852,-1.13852,0,All,#4682B4,0
6,16,14,5.79196,-1.06855,-1.06855,0,All,#4682B4,0
7,16,14,5.86104,-1.1488,-1.1488,0,All,#4682B4,0
8,16,14,5.64388,-0.896566,-0.896566,0,All,#4682B4,0
9,16,14,5.9782,-1.28488,-1.28488,0,All,#4682B4,0
10,16,14,5.80322,-1.08164,-1.08164,0,All,#4682B4,0
1,16,14.5,5.26996,1.69936,1.69936,0,All,#4682B4,0
2,16,14.5,5.37568,1.57657,1.57657,0,All,#4682B4,0
3,16,14.5,5.46955,1.46753,1.46753,0,All,#4682B4,0
4,16,14.5,5.52513,1.40298,1.40298,0,All,#4682B4,0
5,16,14.5,5.58468,1.33381,1.33381,0,All,#4682B4,0
6,16,14.5,5.64131,1.26802,1.26802,0,All,#4682B4,0
7,16,14.5,5.71989,1.17675,1.17675,0,All,#4682B4,0
8,16,14.5,5.4688,1.4684,1.4684,0,All,#4682B4,0
9,16,14.5,5.83187,1.04669,1.04669,0,All,#4682B4,0
10,16,14.5,5.66893,1.23595,1.23595,0,All,#4682B4,0
1,16,15,5.04021,-0.874872,-0.874872,0,All,#4682B4,0
2,16,15,5.20382,-1.06491,-1.06491,0,All,#4682B4,0
3,16,15,5.22803,-1.09303,-1.09303,0,All,#4682B4,0
4,16,15,5.29391,-1.16955,-1.16955,0,All,#4682B4,0
5,16,15,5.29068,-1.1658,-1.1658,0,All,#4682B4,0
6,16,15,5.49089,-1.39836,-1.39836,0,All,#4682B4,0
7,16,15,5.57485,-1.49587,-1.49587,0,All,#4682B4,0
8,16,15,5.28874,-1.16355,-1.16355,0,All,#4682B4,0
9,16,15,5.68022,-1.61827,-1.61827,0,All,#4682B4,0
10,16,15,5.53579,-1.45051,-1.45051,0,All,#4682B4,0
1,16,15.5,4.81712,-0.79695,-0.79695,0,All,#4682B4,0
2,16,15.5,5.03082,-1.04516,-1.04516,0,All,#4682B4,0
3,16,15.5,4.97694,-0.982581,-0.982581,0,All,#4682B4,0
4,16,15.5,5.06032,-1.07943,-1.07943,0,All,#4682B4,0
5,16,15.5,4.97107,-0.975768,-0.975768,0,All,#4682B4,0
6,16,15.5,5.34268,-1.4074,-1.4074,0,All,#4682B4,0
7,16,15.5,5.42692,-1.50525,-1.50525,0,All,#4682B4,0
8,16,15.5,5.10402,-1.13019,-1.13019,0,All,#4682B4,0
9,16,15.5,5.52239,-1.61614,-1.61614,0,All,#4682B4,0
10,16,15.5,5.40551,-1.48038,-1.48038,0,All,#4682B4,0
1,16,16,4.60381,-0.241372,-0.241372,0,All,#4682B4,0
2,16,16,4.8594,-0.538255,-0.538255,0,All,#4682B4,0
3,16,16,4.73005,-0.388003,-0.388003,0,All,#4682B4,0
4,16,16,4.82826,-0.502079,-0.502079,0,All,#4682B4,0
5,16,16,4.62829,-0.269807,-0.269807,0,All,#4682B4,0
6,16,16,5.1993,-0.933053,-0.933053,0,All,#4682B4,0
7,16,16,5.27662,-1.02286,-1.02286,0,All,#4682B4,0
8,16,16,4.91536,-0.603255,-0.603255,0,All,#4682B4,0
9,16,16,5.3613,-1.12122,-1.12122,0,All,#4682B4,0
10,16,16,5.27964,-1.02637,-1.02637,0,All,#4682B4,0
1,16,16.5,4.3999,0.160409,0.160409,0,All,#4682B4,0
2,16,16.5,4.69151,-0.178305,-0.178305,0,All,#4682B4,0
3,16,16.5,4.49667,0.0480004,0.0480004,0,All,#4682B4,0
4,16,16.5,4.60503,-0.0778604,-0.0778604,0,All,#4682B4,0
5,16,16.5,4.27039,0.310836,0.310836,0,All,#4682B4,0
6,16,16.5,5.06389,-0.610838,-0.610838,0,All,#4682B4,0
7,16,16.5,5.12492,-0.681727,-0.681727,0,All,#4682B4,0
8,16,16.5,4.72314,-0.21505,-0.21505,0,All,#4682B4,0
9,16,16.5,5.19764,-0.766186,-0.766186,0,All,#4682B4,0
10,16,16.5,5.15779,-0.719899,-0.719899,0,All,#4682B4,0
1,16,17,4.21294,0.974594,0.974594,0,All,#4682B4,0
2,16,17,4.52978,0.606574,0.606574,0,All,#4682B4,0
3,16,17,4.28188,0.894516,0.894516,0,All,#4682B4,0
4,16,17,4.39786,0.759797,0.759797,0,All,#4682B4,0
5,16,17,3.90719,1.32973,1.32973,0,All,#4682B4,0
6,16,17,4.9319,0.139501,0.139501,0,All,#4682B4,0
7,16,17,4.97291,0.09186,0.09186,0,All,#4682B4,0
8,16,17,4.5304,0.605853,0.605853,0,All,#4682B4,0
9,16,17,5.02876,0.0269988,0.0269988,0,All,#4682B4,0
10,16,17,5.04378,0.0095434,0.0095434,0,All,#4682B4,0
1,17,1,0,3.48459,0.812327,1,All,#4682B4,0
2,17,1,0,3.48459,0.576892,1,All,#4682B4,0
3,17,1,0,3.48459,0.840562,1,All,#4682B4,0
4,17,1,0,3.48459,1.48933,1,All,#4682B4,0
5,17,1,0,3.48459,0.0703369,1,All,#4682B4,0
6,17,1,0,3.48459,0.926862,1,All,#4682B4,0
7,17,1,0,3.48459,0.906611,1,All,#4682B4,0
8,17,1,0,3.48459,1.07554,1,All,#4682B4,0
9,17,1,0,3.48459,0.869368,1,All,#4682B4,0
10,17,1,0,3.48459,1.52957,1,All,#4682B4,0
1,17,1.5,0,3.48459,1.18683,1,All,#4682B4,0
2,17,1.5,0,3.48459,0.292547,1,All,#4682B4,0
3,17,1.5,0,3.48459,1.61274,1,All,#4682B4,0
4,17,1.5,0,3.48459,1.76912,1,All,#4682B4,0
5,17,1.5,0,3.48459,1.90371,1,All,#4682B4,0
6,17,1.5,0,3.48459,0.175429,1,All,#4682B4,0
7,17,1.5,0,3.48459,0.317398,1,All,#4682B4,0
8,17,1.5,0,3.48459,0.874114,1,All,#4682B4,0
9,17,1.5,0,3.48459,0.671033,1,All,#4682B4,0
10,17,1.5,0,3.48459,1.24063,1,All,#4682B4,0
1,17,2,0,3.48459,0.323201,1,All,#4682B4,0
2,17,2,0,3.48459,0.688471,1,All,#4682B4,0
3,17,2,0,3.48459,0.863303,1,All,#4682B4,0
4,17,2,0,3.48459,0.578508,1,All,#4682B4,0
5,17,2,0,3.48459,0.532024,1,All,#4682B4,0
6,17,2,0,3.48459,0.156431,1,All,#4682B4,0
7,17,2,0,3.48459,0.903768,1,All,#4682B4,0
8,17,2,0,3.48459,0.926852,1,All,#4682B4,0
9,17,2,0,3.48459,0.736426,1,All,#4682B4,0
10,17,2,0,3.48459,1.41805,1,All,#4682B4,0
1,17,2.5,1.39847,1.86023,0.202474,1,All,#4682B4,0
2,17,2.5,0,3.48459,0.742958,1,All,#4682B4,0
3,17,2.5,0,3.48459,1.08259,1,All,#4682B4,0
4,17,2.5,2.45801,0.629534,-0.24403,1,All,#4682B4,0
5,17,2.5,0,3.48459,0.826543,1,All,#4682B4,0
6,17,2.5,0,3.48459,0.242254,1,All,#4682B4,0
7,17,2.5,0,3.48459,0.0795898,1,All,#4682B4,0
8,17,2.5,0,3.48459,1.18455,1,All,#4682B4,0
9,17,2.5,1.23098,2.05476,1.81481,1,All,#4682B4,0
10,17,2.5,0,3.48459,0.863049,1,All,#4682B4,0
1,17,3,4.93873,-1.36332,-1.36332,0,All,#4682B4,0
2,17,3,2.84831,1.06477,1.06477,0,All,#4682B4,0
3,17,3,3.44081,0.376554,0.376554,0,All,#4682B4,0
4,17,3,4.25917,-0.573988,-0.573988,0,All,#4682B4,0
5,17,3,3.35887,0.471731,0.471731,0,All,#4682B4,0
6,17,3,4.20391,-0.509803,-0.509803,0,All,#4682B4,0
7,17,3,3.62152,0.16666,0.16666,0,All,#4682B4,0
8,17,3,2.5453,1.41671,1.41671,0,All,#4682B4,0
9,17,3,4.18809,-0.491432,-0.491432,0,All,#4682B4,0
10,17,3,3.16092,0.701651,0.701651,0,All,#4682B4,0
1,17,3.5,6.38108,-0.950219,-0.950219,0,All,#4682B4,0
2,17,3.5,5.46843,0.109841,0.109841,0,All,#4682B4,0
3,17,3.5,6.06399,-0.581912,-0.581912,0,All,#4682B4,0
4,17,3.5,5.44755,0.134101,0.134101,0,All,#4682B4,0
5,17,3.5,5.51903,0.0510763,0.0510763,0,All,#4682B4,0
6,17,3.5,6.28351,-0.836887,-0.836887,0,All,#4682B4,0
7,17,3.5,5.47068,0.10723,0.10723,0,All,#4682B4,0
8,17,3.5,6.08924,-0.611237,-0.611237,0,All,#4682B4,0
9,17,3.5,5.74379,-0.209991,-0.209991,0,All,#4682B4,0
10,17,3.5,5.83448,-0.31533,-0.31533,0,All,#4682B4,0
1,17,4,7.22064,-1.19712,-1.19712,0,All,#4682B4,0
2,17,4,6.55917,-0.4288,-0.4288,0,All,#4682B4,0
3,17,4,7.09069,-1.04618,-1.04618,0,All,#4682B4,0
4,17,4,6.30472,-0.133254,-0.133254,0,All,#4682B4,0
5,17,4,6.57247,-0.44425,-0.44425,0,All,#4682B4,0
6,17,4,7.22698,-1.20448,-1.20448,0,All,#4682B4,0
7,17,4,6.59229,-0.467275,-0.467275,0,All,#4682B4,0
8,17,4,7.25545,-1.23755,-1.23755,0,All,#4682B4,0
9,17,4,6.75883,-0.660715,-0.660715,0,All,#4682B4,0
10,17,4,6.90254,-0.827641,-0.827641,0,All,#4682B4,0
1,17,4.5,7.77605,-1.40318,-1.40318,0,All,#4682B4,0
2,17,4.5,7.19101,-0.723641,-0.723641,0,All,#4682B4,0
3,17,4.5,7.66448,-1.27359,-1.27359,0,All,#4682B4,0
4,17,4.5,6.95227,-0.446342,-0.446342,0,All,#4682B4,0
5,17,4.5,7.21101,-0.74688,-0.74688,0,All,#4682B4,0
6,17,4.5,7.77516,-1.40216,-1.40216,0,All,#4682B4,0
7,17,4.5,7.35818,-0.917814,-0.917814,0,All,#4682B4,0
8,17,4.5,7.88018,-1.52413,-1.52413,0,All,#4682B4,0
9,17,4.5,7.47417,-1.05255,-1.05255,0,All,#4682B4,0
10,17,4.5,7.50713,-1.09083,-1.09083,0,All,#4682B4,0
1,17,5,8.15667,-1.07171,-1.07171,0,All,#4682B4,0
2,17,5,7.59633,-0.420859,-0.420859,0,All,#4682B4,0
3,17,5,8.0126,-0.904368,-0.904368,0,All,#4682B4,0
4,17,5,7.44005,-0.239338,-0.239338,0,All,#4682B4,0
5,17,5,7.61565,-0.443294,-0.443294,0,All,#4682B4,0
6,17,5,8.10165,-1.0078,-1.0078,0,All,#4682B4,0
7,17,5,7.9017,-0.775549,-0.775549,0,All,#4682B4,0
8,17,5,8.2457,-1.17512,-1.17512,0,All,#4682B4,0
9,17,5,7.97402,-0.859554,-0.859554,0,All,#4682B4,0
10,17,5,7.87779,-0.74778,-0.74778,0,All,#4682B4,0
1,17,5.5,8.39976,-0.47711,-0.47711,0,All,#4682B4,0
2,17,5.5,7.83194,0.182425,0.182425,0,All,#4682B4,0
3,17,5.5,8.19798,-0.242733,-0.242733,0,All,#4682B4,0
4,17,5.5,7.76601,0.259006,0.259006,0,All,#4682B4,0
5,17,5.5,7.83631,0.177357,0.177357,0,All,#4682B4,0
6,17,5.5,8.25303,-0.306675,-0.306675,0,All,#4682B4,0
7,17,5.5,8.26586,-0.321576,-0.321576,0,All,#4682B4,0
8,17,5.5,8.42785,-0.50974,-0.50974,0,All,#4682B4,0
9,17,5.5,8.25914,-0.313773,-0.313773,0,All,#4682B4,0
10,17,5.5,8.07275,-0.0972751,-0.0972751,0,All,#4682B4,0
1,17,6,8.51544,-1.20038,-1.20038,0,All,#4682B4,0
2,17,6,7.90675,-0.49336,-0.49336,0,All,#4682B4,0
3,17,6,8.24335,-0.884328,-0.884328,0,All,#4682B4,0
4,17,6,7.89687,-0.481881,-0.481881,0,All,#4682B4,0
5,17,6,7.8876,-0.471121,-0.471121,0,All,#4682B4,0
6,17,6,8.25404,-0.896752,-0.896752,0,All,#4682B4,0
7,17,6,8.44611,-1.11984,-1.11984,0,All,#4682B4,0
8,17,6,8.45215,-1.12685,-1.12685,0,All,#4682B4,0
9,17,6,8.31969,-0.973005,-0.973005,0,All,#4682B4,0
10,17,6,8.11525,-0.735541,-0.735541,0,All,#4682B4,0
1,17,6.5,8.51626,0.321442,0.321442,0,All,#4682B4,0
2,17,6.5,7.84819,1.09742,1.09742,0,All,#4682B4,0
3,17,6.5,8.17156,0.721818,0.721818,0,All,#4682B4,0
4,17,6.5,7.84052,1.10633,1.10633,0,All,#4682B4,0
5,17,6.5,7.8053,1.14724,1.14724,0,All,#4682B4,0
6,17,6.5,8.12309,0.778115,0.778115,0,All,#4682B4,0
7,17,6.5,8.44251,0.407105,0.407105,0,All,#4682B4,0
8,17,6.5,8.34346,0.522152,0.522152,0,All,#4682B4,0
9,17,6.5,8.20764,0.679913,0.679913,0,All,#4682B4,0
10,17,6.5,8.0295,0.886822,0.886822,0,All,#4682B4,0
1,17,7,8.43025,1.63282,1.63282,0,All,#4682B4,0
2,17,7,7.68583,2.49748,2.49748,0,All,#4682B4,0
3,17,7,8.00908,2.12202,2.12202,0,All,#4682B4,0
4,17,7,7.65347,2.53507,2.53507,0,All,#4682B4,0
5,17,7,7.64472,2.54523,2.54523,0,All,#4682B4,0
6,17,7,7.89262,2.2573,2.2573,0,All,#4682B4,0
7,17,7,8.29742,1.78711,1.78711,0,All,#4682B4,0
8,17,7,8.13186,1.97941,1.97941,0,All,#4682B4,0
9,17,7,8.00286,2.12924,2.12924,0,All,#4682B4,0
10,17,7,7.84801,2.30911,2.30911,0,All,#4682B4,0
1,17,7.5,8.26027,0.737263,0.737263,0,All,#4682B4,0
2,17,7.5,7.44478,1.68447,1.68447,0,All,#4682B4,0
3,17,7.5,7.77398,1.3021,1.3021,0,All,#4682B4,0
4,17,7.5,7.39055,1.74747,1.74747,0,All,#4682B4,0
5,17,7.5,7.43147,1.69993,1.69993,0,All,#4682B4,0
6,17,7.5,7.58028,1.52709,1.52709,0,All,#4682B4,0
7,17,7.5,8.07478,0.952712,0.952712,0,All,#4682B4,0
8,17,7.5,7.83917,1.22638,1.22638,0,All,#4682B4,0
9,17,7.5,7.74247,1.3387,1.3387,0,All,#4682B4,0
10,17,7.5,7.59653,1.50821,1.50821,0,All,#4682B4,0
1,17,8,7.99323,0.610692,0.610692,0,All,#4682B4,0
2,17,8,7.13784,1.60426,1.60426,0,All,#4682B4,0
3,17,8,7.47121,1.21703,1.21703,0,All,#4682B4,0
4,17,8,7.08046,1.6709,1.6709,0,All,#4682B4,0
5,17,8,7.15927,1.57936,1.57936,0,All,#4682B4,0
6,17,8,7.18707,1.54708,1.54708,0,All,#4682B4,0
7,17,8,7.80351,0.831058,0.831058,0,All,#4682B4,0
8,17,8,7.47448,1.21324,1.21324,0,All,#4682B4,0
9,17,8,7.43442,1.25977,1.25977,0,All,#4682B4,0
10,17,8,7.28916,1.42849,1.42849,0,All,#4682B4,0
1,17,8.5,7.62212,-0.403191,-0.403191,0,All,#4682B4,0
2,17,8.5,6.76818,0.588686,0.588686,0,All,#4682B4,0
3,17,8.5,7.09689,0.206875,0.206875,0,All,#4682B4,0
4,17,8.5,6.73461,0.627683,0.627683,0,All,#4682B4,0
5,17,8.5,6.82861,0.518498,0.518498,0,All,#4682B4,0
6,17,8.5,6.70693,0.659825,0.659825,0,All,#4682B4,0
7,17,8.5,7.46101,-0.216061,-0.216061,0,All,#4682B4,0
8,17,8.5,7.03904,0.274074,0.274074,0,All,#4682B4,0
9,17,8.5,7.07713,0.229837,0.229837,0,All,#4682B4,0
10,17,8.5,6.92971,0.401069,0.401069,0,All,#4682B4,0
1,17,9,7.13388,-0.858225,-0.858225,0,All,#4682B4,0
2,17,9,6.33603,0.0684933,0.0684933,0,All,#4682B4,0
3,17,9,6.64293,-0.287972,-0.287972,0,All,#4682B4,0
4,17,9,6.35847,0.0424313,0.0424313,0,All,#4682B4,0
5,17,9,6.43639,-0.0480735,-0.0480735,0,All,#4682B4,0
6,17,9,6.13782,0.298726,0.298726,0,All,#4682B4,0
7,17,9,7.04253,-0.752122,-0.752122,0,All,#4682B4,0
8,17,9,6.53277,-0.160029,-0.160029,0,All,#4682B4,0
9,17,9,6.66752,-0.316539,-0.316539,0,All,#4682B4,0
10,17,9,6.51913,-0.144175,-0.144175,0,All,#4682B4,0
1,17,9.5,6.52709,-0.695865,-0.695865,0,All,#4682B4,0
2,17,9.5,5.84644,0.0947394,0.0947394,0,All,#4682B4,0
3,17,9.5,6.10295,-0.203211,-0.203211,0,All,#4682B4,0
4,17,9.5,5.95774,-0.0345462,-0.0345462,0,All,#4682B4,0
5,17,9.5,5.98171,-0.0623889,-0.0623889,0,All,#4682B4,0
6,17,9.5,5.50426,0.49219,0.49219,0,All,#4682B4,0
7,17,9.5,6.5453,-0.717017,-0.717017,0,All,#4682B4,0
8,17,9.5,5.96099,-0.038315,-0.038315,0,All,#4682B4,0
9,17,9.5,6.20445,-0.3211,-0.3211,0,All,#4682B4,0
10,17,9.5,6.06053,-0.153932,-0.153932,0,All,#4682B4,0
1,17,10,5.84295,-1.05112,-1.05112,0,All,#4682B4,0
2,17,10,5.31781,-0.441161,-0.441161,0,All,#4682B4,0
3,17,10,5.48293,-0.632953,-0.632953,0,All,#4682B4,0
4,17,10,5.5416,-0.7011,-0.7011,0,All,#4682B4,0
5,17,10,5.47415,-0.622748,-0.622748,0,All,#4682B4,0
6,17,10,4.86205,0.0882225,0.0882225,0,All,#4682B4,0
7,17,10,5.97579,-1.20542,-1.20542,0,All,#4682B4,0
8,17,10,5.34883,-0.477192,-0.477192,0,All,#4682B4,0
9,17,10,5.69277,-0.876682,-0.876682,0,All,#4682B4,0
10,17,10,5.55967,-0.722092,-0.722092,0,All,#4682B4,0
1,17,10.5,5.18452,0.822922,0.822922,0,All,#4682B4,0
2,17,10.5,4.81024,1.25765,1.25765,0,All,#4682B4,0
3,17,10.5,4.82404,1.24163,1.24163,0,All,#4682B4,0
4,17,10.5,5.12406,0.893145,0.893145,0,All,#4682B4,0
5,17,10.5,4.94527,1.10081,1.10081,0,All,#4682B4,0
6,17,10.5,4.32785,1.81797,1.81797,0,All,#4682B4,0
7,17,10.5,5.36161,0.617227,0.617227,0,All,#4682B4,0
8,17,10.5,4.76316,1.31234,1.31234,0,All,#4682B4,0
9,17,10.5,5.15525,0.856919,0.856919,0,All,#4682B4,0
10,17,10.5,5.04216,0.988273,0.988273,0,All,#4682B4,0
1,17,11,4.62324,-0.593815,-0.593815,0,All,#4682B4,0
2,17,11,4.37758,-0.308482,-0.308482,0,All,#4682B4,0
3,17,11,4.22879,-0.135656,-0.135656,0,All,#4682B4,0
4,17,11,4.72313,-0.709845,-0.709845,0,All,#4682B4,0
5,17,11,4.44146,-0.382675,-0.382675,0,All,#4682B4,0
6,17,11,3.93828,0.201784,0.201784,0,All,#4682B4,0
7,17,11,4.75027,-0.741363,-0.741363,0,All,#4682B4,0
8,17,11,4.2839,-0.199664,-0.199664,0,All,#4682B4,0
9,17,11,4.62406,-0.594771,-0.594771,0,All,#4682B4,0
10,17,11,4.55497,-0.514518,-0.514518,0,All,#4682B4,0
1,17,11.5,4.16707,0.421549,0.421549,0,All,#4682B4,0
2,17,11.5,4.05178,0.555463,0.555463,0,All,#4682B4,0
3,17,11.5,3.77862,0.872746,0.872746,0,All,#4682B4,0
4,17,11.5,4.35489,0.203398,0.203398,0,All,#4682B4,0
5,17,11.5,4.01293,0.600591,0.600591,0,All,#4682B4,0
6,17,11.5,3.66644,1.00305,1.00305,0,All,#4682B4,0
7,17,11.5,4.19548,0.388549,0.388549,0,All,#4682B4,0
8,17,11.5,3.93684,0.688974,0.688974,0,All,#4682B4,0
9,17,11.5,4.13895,0.454214,0.454214,0,All,#4682B4,0
10,17,11.5,4.14957,0.441884,0.441884,0,All,#4682B4,0
1,17,12,3.78798,0.043005,0.043005,0,All,#4682B4,0
2,17,12,3.82011,0.00568268,0.00568268,0,All,#4682B4,0
3,17,12,3.46618,0.416781,0.416781,0,All,#4682B4,0
4,17,12,4.03005,-0.238174,-0.238174,0,All,#4682B4,0
5,17,12,3.67886,0.169751,0.169751,0,All,#4682B4,0
6,17,12,3.47536,0.406117,0.406117,0,All,#4682B4,0
7,17,12,3.71195,0.131313,0.131313,0,All,#4682B4,0
8,17,12,3.69829,0.147174,0.147174,0,All,#4682B4,0
9,17,12,3.71981,0.12218,0.12218,0,All,#4682B4,0
10,17,12,3.84545,-0.023755,-0.023755,0,All,#4682B4,0
1,17,12.5,3.4643,-0.539297,-0.957392,1,All,#4682B4,0
2,17,12.5,3.65741,-0.763604,-1.39195,1,All,#4682B4,0
3,17,12.5,3.25176,-0.292422,-2.08969,1,All,#4682B4,0
4,17,12.5,3.75272,-0.874309,-1.52775,1,All,#4682B4,0
5,17,12.5,3.42461,-0.493194,-1.40951,1,All,#4682B4,0
6,17,12.5,3.33279,-0.386551,-1.84468,1,All,#4682B4,0
7,17,12.5,3.29742,-0.345466,-0.856804,1,All,#4682B4,0
8,17,12.5,3.53832,-0.625274,-1.06506,1,All,#4682B4,0
9,17,12.5,3.36654,-0.425749,-2.4149,1,All,#4682B4,0
10,17,12.5,3.63244,-0.734593,-1.65134,1,All,#4682B4,0
1,17,13,3.17725,-0.205876,-0.850215,1,All,#4682B4,0
2,17,13,3.53919,-0.626283,-0.732126,1,All,#4682B4,0
3,17,13,3.09858,-0.114502,-1.51135,1,All,#4682B4,0
4,17,13,3.52143,-0.605659,-1.31426,1,All,#4682B4,0
5,17,13,3.22891,-0.265884,-1.60084,1,All,#4682B4,0
6,17,13,3.21245,-0.246764,-0.516502,1,All,#4682B4,0
7,17,13,2.94604,0.0626756,-0.40296,1,All,#4682B4,0
8,17,13,3.42474,-0.493348,-1.64494,1,All,#4682B4,0
9,17,13,3.07795,-0.0905442,-1.59035,1,All,#4682B4,0
10,17,13,3.48824,-0.567108,-1.02245,1,All,#4682B4,0
1,17,13.5,2.91168,0.102591,-1.3286,1,All,#4682B4,0
2,17,13.5,3.44499,-0.516869,-0.630026,1,All,#4682B4,0
3,17,13.5,2.97727,0.0263976,-0.307876,1,All,#4682B4,0
4,17,13.5,3.33141,-0.384944,-0.418741,1,All,#4682B4,0
5,17,13.5,3.07494,-0.0870502,-0.244207,1,All,#4682B4,0
6,17,13.5,3.10361,-0.120342,-1.2237,1,All,#4682B4,0
7,17,13.5,2.64105,0.416933,-1.12133,1,All,#4682B4,0
8,17,13.5,3.33567,-0.389887,-1.38691,1,All,#4682B4,0
9,17,13.5,2.83732,0.188956,-1.77389,1,All,#4682B4,0
10,17,13.5,3.38823,-0.450935,-1.73881,1,All,#4682B4,0
1,17,14,2.65548,0.400173,-0.391218,1,All,#4682B4,0
2,17,14,3.36089,-0.419188,-0.4906,1,All,#4682B4,0
3,17,14,2.87217,0.148481,-0.295803,1,All,#4682B4,0
4,17,14,3.17598,-0.204401,-0.696811,1,All,#4682B4,0
5,17,14,2.9437,0.065394,-1.81505,1,All,#4682B4,0
6,17,14,2.99512,0.00566803,-0.604486,1,All,#4682B4,0
7,17,14,2.3706,0.731064,0.495962,1,All,#4682B4,0
8,17,14,3.25789,-0.299542,-0.476953,1,All,#4682B4,0
9,17,14,2.64157,0.41633,-0.117531,1,All,#4682B4,0
10,17,14,3.31421,-0.364962,-1.04374,1,All,#4682B4,0
1,17,14.5,2.40238,2.3412,2.3412,0,All,#4682B4,0
2,17,14.5,3.28028,1.3215,1.3215,0,All,#4682B4,0
3,17,14.5,2.77119,1.91281,1.91281,0,All,#4682B4,0
4,17,14.5,3.04831,1.59094,1.59094,0,All,#4682B4,0
5,17,14.5,2.82395,1.85153,1.85153,0,All,#4682B4,0
6,17,14.5,2.88151,1.78468,1.78468,0,All,#4682B4,0
7,17,14.5,2.12508,2.6633,2.6633,0,All,#4682B4,0
8,17,14.5,3.18304,1.43444,1.43444,0,All,#4682B4,0
9,17,14.5,2.47039,2.26221,2.26221,0,All,#4682B4,0
10,17,14.5,3.2528,1.35342,1.35342,0,All,#4682B4,0
1,17,15,2.14582,1.11876,1.11876,0,All,#4682B4,0
2,17,15,3.19657,-0.10171,-0.10171,0,All,#4682B4,0
3,17,15,2.66778,0.512489,0.512489,0,All,#4682B4,0
4,17,15,2.94208,0.193886,0.193886,0,All,#4682B4,0
5,17,15,2.70731,0.466575,0.466575,0,All,#4682B4,0
6,17,15,2.76321,0.401642,0.401642,0,All,#4682B4,0
7,17,15,1.89527,1.40978,1.40978,0,All,#4682B4,0
8,17,15,3.10655,0.00284367,0.00284367,0,All,#4682B4,0
9,17,15,2.32105,0.915229,0.915229,0,All,#4682B4,0
10,17,15,3.19566,-0.100658,-0.100658,0,All,#4682B4,0
1,17,15.5,1.88556,1.29446,-0.229882,1,All,#4682B4,0
2,17,15.5,3.10877,-0.126339,-1.00923,1,All,#4682B4,0
3,17,15.5,2.56103,0.509871,-1.04465,1,All,#4682B4,0
4,17,15.5,2.84918,0.175187,0.0427869,1,All,#4682B4,0
5,17,15.5,2.59112,0.474923,-0.380463,1,All,#4682B4,0
6,17,15.5,2.6385,0.419896,-0.624987,1,All,#4682B4,0
7,17,15.5,1.67394,1.54026,0.384487,1,All,#4682B4,0
8,17,15.5,3.02679,-0.0311121,-1.79019,1,All,#4682B4,0
9,17,15.5,2.18075,0.95158,0.852309,1,All,#4682B4,0
10,17,15.5,3.13774,-0.159987,-0.316036,1,All,#4682B4,0
1,18,1,0,3.48459,1.44521,1,All,#4682B4,0
2,18,1,0,3.48459,1.37131,1,All,#4682B4,0
3,18,1,0,3.48459,0.49957,1,All,#4682B4,0
4,18,1,0,3.48459,0.141106,1,All,#4682B4,0
5,18,1,0,3.48459,0.812817,1,All,#4682B4,0
6,18,1,0,3.48459,0.537,1,All,#4682B4,0
7,18,1,0,3.48459,1.43803,1,All,#4682B4,0
8,18,1,0,3.48459,1.01457,1,All,#4682B4,0
9,18,1,0,3.48459,0.0645272,1,All,#4682B4,0
10,18,1,0,3.48459,0.454606,1,All,#4682B4,0
1,18,1.5,0,3.48459,0.2931,1,All,#4682B4,0
2,18,1.5,0,3.48459,0.311665,1,All,#4682B4,0
3,18,1.5,0,3.48459,0.154416,1,All,#4682B4,0
4,18,1.5,0,3.48459,0.534315,1,All,#4682B4,0
5,18,1.5,0,3.48459,0.543778,1,All,#4682B4,0
6,18,1.5,0,3.48459,0.686977,1,All,#4682B4,0
7,18,1.5,0,3.48459,0.309343,1,All,#4682B4,0
8,18,1.5,0,3.48459,2.33145,1,All,#4682B4,0
9,18,1.5,0,3.48459,2.18771,1,All,#4682B4,0
10,18,1.5,0,3.48459,0.587738,1,All,#4682B4,0
1,18,2,0,3.48459,0.478101,1,All,#4682B4,0
2,18,2,0,3.48459,2.62815,1,All,#4682B4,0
3,18,2,0,3.48459,0.338389,1,All,#4682B4,0
4,18,2,0,3.48459,0.0808998,1,All,#4682B4,0
5,18,2,0,3.48459,0.212322,1,All,#4682B4,0
6,18,2,0,3.48459,0.303323,1,All,#4682B4,0
7,18,2,0,3.48459,0.560417,1,All,#4682B4,0
8,18,2,0,3.48459,0.858558,1,All,#4682B4,0
9,18,2,0,3.48459,0.907646,1,All,#4682B4,0
10,18,2,0,3.48459,1.83929,1,All,#4682B4,0
1,18,2.5,0,3.48459,0.751976,1,All,#4682B4,0
2,18,2.5,0,3.48459,0.465147,1,All,#4682B4,0
3,18,2.5,1.85508,1.32986,-1.67872,1,All,#4682B4,0
4,18,2.5,0,3.48459,2.00962,1,All,#4682B4,0
5,18,2.5,0,3.48459,1.06298,1,All,#4682B4,0
6,18,2.5,3.35329,-0.410359,-1.37571,1,All,#4682B4,0
7,18,2.5,0,3.48459,0.572309,1,All,#4682B4,0
8,18,2.5,0,3.48459,0.0836697,1,All,#4682B4,0
9,18,2.5,2.59794,0.467009,-1.14446,1,All,#4682B4,0
10,18,2.5,1.84155,1.34558,-0.94531,1,All,#4682B4,0
1,18,3,5.12333,-0.679876,-0.679876,0,All,#4682B4,0
2,18,3,5.60873,-1.24368,-1.24368,0,All,#4682B4,0
3,18,3,6.38877,-2.14973,-2.14973,0,All,#4682B4,0
4,18,3,5.82742,-1.4977,-1.4977,0,All,#4682B4,0
5,18,3,4.90687,-0.42845,-0.42845,0,All,#4682B4,0
6,18,3,6.02921,-1.73208,-1.73208,0,All,#4682B4,0
7,18,3,5.70179,-1.35178,-1.35178,0,All,#4682B4,0
8,18,3,5.77507,-1.43689,-1.43689,0,All,#4682B4,0
9,18,3,6.48438,-2.26077,-2.26077,0,All,#4682B4,0
10,18,3,6.53188,-2.31595,-2.31595,0,All,#4682B4,0
1,18,3.5,7.14491,0.132523,0.132523,0,All,#4682B4,0
2,18,3.5,7.0766,0.211867,0.211867,0,All,#4682B4,0
3,18,3.5,7.47311,-0.248699,-0.248699,0,All,#4682B4,0
4,18,3.5,7.4527,-0.224985,-0.224985,0,All,#4682B4,0
5,18,3.5,7.01286,0.285897,0.285897,0,All,#4682B4,0
6,18,3.5,7.05562,0.236231,0.236231,0,All,#4682B4,0
7,18,3.5,7.59263,-0.387521,-0.387521,0,All,#4682B4,0
8,18,3.5,7.33615,-0.0896162,-0.0896162,0,All,#4682B4,0
9,18,3.5,7.55424,-0.342927,-0.342927,0,All,#4682B4,0
10,18,3.5,7.65824,-0.463731,-0.463731,0,All,#4682B4,0
1,18,4,7.93664,-0.867247,-0.867247,0,All,#4682B4,0
2,18,4,7.78989,-0.69679,-0.69679,0,All,#4682B4,0
3,18,4,8.01163,-0.954351,-0.954351,0,All,#4682B4,0
4,18,4,8.11915,-1.07923,-1.07923,0,All,#4682B4,0
5,18,4,7.77549,-0.680063,-0.680063,0,All,#4682B4,0
6,18,4,7.61589,-0.494678,-0.494678,0,All,#4682B4,0
7,18,4,8.41617,-1.42423,-1.42423,0,All,#4682B4,0
8,18,4,8.01789,-0.961621,-0.961621,0,All,#4682B4,0
9,18,4,8.10627,-1.06427,-1.06427,0,All,#4682B4,0
10,18,4,8.20756,-1.18193,-1.18193,0,All,#4682B4,0
1,18,4.5,8.36925,-0.139673,-0.139673,0,All,#4682B4,0
2,18,4.5,8.19487,0.0628716,0.0628716,0,All,#4682B4,0
3,18,4.5,8.32634,-0.0898373,-0.0898373,0,All,#4682B4,0
4,18,4.5,8.46407,-0.249811,-0.249811,0,All,#4682B4,0
5,18,4.5,8.14702,0.118452,0.118452,0,All,#4682B4,0
6,18,4.5,7.94264,0.355848,0.355848,0,All,#4682B4,0
7,18,4.5,8.82203,-0.665589,-0.665589,0,All,#4682B4,0
8,18,4.5,8.3804,-0.152622,-0.152622,0,All,#4682B4,0
9,18,4.5,8.41023,-0.187274,-0.187274,0,All,#4682B4,0
10,18,4.5,8.49412,-0.284717,-0.284717,0,All,#4682B4,0
1,18,5,8.59352,0.164328,0.164328,0,All,#4682B4,0
2,18,5,8.40089,0.388073,0.388073,0,All,#4682B4,0
3,18,5,8.51013,0.261196,0.261196,0,All,#4682B4,0
4,18,5,8.6058,0.150069,0.150069,0,All,#4682B4,0
5,18,5,8.30307,0.501704,0.501704,0,All,#4682B4,0
6,18,5,8.10618,0.73039,0.73039,0,All,#4682B4,0
7,18,5,8.93534,-0.232704,-0.232704,0,All,#4682B4,0
8,18,5,8.54747,0.217823,0.217823,0,All,#4682B4,0
9,18,5,8.53858,0.228146,0.228146,0,All,#4682B4,0
10,18,5,8.59514,0.162454,0.162454,0,All,#4682B4,0
1,18,5.5,8.64695,-0.232244,-0.232244,0,All,#4682B4,0
2,18,5.5,8.43907,0.00921206,0.00921206,0,All,#4682B4,0
3,18,5.5,8.59384,-0.170561,-0.170561,0,All,#4682B4,0
4,18,5.5,8.57578,-0.149583,-0.149583,0,All,#4682B4,0
5,18,5.5,8.29563,0.175815,0.175815,0,All,#4682B4,0
6,18,5.5,8.12607,0.372769,0.372769,0,All,#4682B4,0
7,18,5.5,8.80794,-0.419245,-0.419245,0,All,#4682B4,0
8,18,5.5,8.55289,-0.122996,-0.122996,0,All,#4682B4,0
9,18,5.5,8.51563,-0.0797104,-0.0797104,0,All,#4682B4,0
10,18,5.5,8.55011,-0.119767,-0.119767,0,All,#4682B4,0
1,18,6,8.53775,1.16531,1.16531,0,All,#4682B4,0
2,18,6,8.31805,1.42049,1.42049,0,All,#4682B4,0
3,18,6,8.54881,1.15246,1.15246,0,All,#4682B4,0
4,18,6,8.38192,1.34631,1.34631,0,All,#4682B4,0
5,18,6,8.16173,1.60206,1.60206,0,All,#4682B4,0
6,18,6,8.01193,1.77606,1.77606,0,All,#4682B4,0
7,18,6,8.52055,1.18528,1.18528,0,All,#4682B4,0
8,18,6,8.41114,1.31237,1.31237,0,All,#4682B4,0
9,18,6,8.35962,1.37221,1.37221,0,All,#4682B4,0
10,18,6,8.3954,1.33065,1.33065,0,All,#4682B4,0
1,18,6.5,8.25769,0.59042,0.59042,0,All,#4682B4,0
2,18,6.5,8.04328,0.839463,0.839463,0,All,#4682B4,0
3,18,6.5,8.34536,0.488584,0.488584,0,All,#4682B4,0
4,18,6.5,8.02344,0.862503,0.862503,0,All,#4682B4,0
5,18,6.5,7.92127,0.981173,0.981173,0,All,#4682B4,0
6,18,6.5,7.77449,1.15166,1.15166,0,All,#4682B4,0
7,18,6.5,8.13882,0.728486,0.728486,0,All,#4682B4,0
8,18,6.5,8.13337,0.73482,0.73482,0,All,#4682B4,0
9,18,6.5,8.08534,0.790603,0.790603,0,All,#4682B4,0
10,18,6.5,8.11043,0.76146,0.76146,0,All,#4682B4,0
1,18,7,7.78881,1.05373,1.05373,0,All,#4682B4,0
2,18,7,7.62593,1.24292,1.24292,0,All,#4682B4,0
3,18,7,7.9569,0.858487,0.858487,0,All,#4682B4,0
4,18,7,7.49499,1.39501,1.39501,0,All,#4682B4,0
5,18,7,7.52282,1.36268,1.36268,0,All,#4682B4,0
6,18,7,7.42478,1.47655,1.47655,0,All,#4682B4,0
7,18,7,7.60842,1.26325,1.26325,0,All,#4682B4,0
8,18,7,7.72654,1.12605,1.12605,0,All,#4682B4,0
9,18,7,7.69806,1.15914,1.15914,0,All,#4682B4,0
10,18,7,7.687,1.17198,1.17198,0,All,#4682B4,0
1,18,7.5,7.13787,-0.631721,-0.631721,0,All,#4682B4,0
2,18,7.5,7.07275,-0.556087,-0.556087,0,All,#4682B4,0
3,18,7.5,7.38925,-0.923704,-0.923704,0,All,#4682B4,0
4,18,7.5,6.81381,-0.25531,-0.25531,0,All,#4682B4,0
5,18,7.5,6.96106,-0.426351,-0.426351,0,All,#4682B4,0
6,18,7.5,6.97077,-0.43763,-0.43763,0,All,#4682B4,0
7,18,7.5,6.93798,-0.399541,-0.399541,0,All,#4682B4,0
8,18,7.5,7.19838,-0.702004,-0.702004,0,All,#4682B4,0
9,18,7.5,7.19276,-0.695473,-0.695473,0,All,#4682B4,0
10,18,7.5,7.11391,-0.603889,-0.603889,0,All,#4682B4,0
1,18,8,6.3712,-0.0699293,-0.0699293,0,All,#4682B4,0
2,18,8,6.41258,-0.117986,-0.117986,0,All,#4682B4,0
3,18,8,6.7041,-0.456595,-0.456595,0,All,#4682B4,0
4,18,8,6.06034,0.291147,0.291147,0,All,#4682B4,0
5,18,8,6.26722,0.0508553,0.0508553,0,All,#4682B4,0
6,18,8,6.42514,-0.132574,-0.132574,0,All,#4682B4,0
7,18,8,6.2591,0.0602788,0.0602788,0,All,#4682B4,0
8,18,8,6.57579,-0.307562,-0.307562,0,All,#4682B4,0
9,18,8,6.56517,-0.29522,-0.29522,0,All,#4682B4,0
10,18,8,6.40605,-0.110401,-0.110401,0,All,#4682B4,0
1,18,8.5,5.64295,-0.385573,-0.385573,0,All,#4682B4,0
2,18,8.5,5.72585,-0.481854,-0.481854,0,All,#4682B4,0
3,18,8.5,6.03843,-0.844933,-0.844933,0,All,#4682B4,0
4,18,8.5,5.38367,-0.0844086,-0.0844086,0,All,#4682B4,0
5,18,8.5,5.55632,-0.284949,-0.284949,0,All,#4682B4,0
6,18,8.5,5.82307,-0.594788,-0.594788,0,All,#4682B4,0
7,18,8.5,5.70585,-0.458634,-0.458634,0,All,#4682B4,0
8,18,8.5,5.91936,-0.70663,-0.70663,0,All,#4682B4,0
9,18,8.5,5.84223,-0.617037,-0.617037,0,All,#4682B4,0
10,18,8.5,5.68068,-0.429392,-0.429392,0,All,#4682B4,0
1,18,9,5.04687,1.15703,1.15703,0,All,#4682B4,0
2,18,9,5.12319,1.06839,1.06839,0,All,#4682B4,0
3,18,9,5.46639,0.669754,0.669754,0,All,#4682B4,0
4,18,9,4.85239,1.38293,1.38293,0,All,#4682B4,0
5,18,9,4.96775,1.24894,1.24894,0,All,#4682B4,0
6,18,9,5.2262,0.948734,0.948734,0,All,#4682B4,0
7,18,9,5.30237,0.860265,0.860265,0,All,#4682B4,0
8,18,9,5.33042,0.827687,0.827687,0,All,#4682B4,0
9,18,9,5.12534,1.06589,1.06589,0,All,#4682B4,0
10,18,9,5.12027,1.07178,1.07178,0,All,#4682B4,0
1,18,9.5,4.57484,0.478734,0.478734,0,All,#4682B4,0
2,18,9.5,4.64477,0.397512,0.397512,0,All,#4682B4,0
3,18,9.5,4.98323,0.00437631,0.00437631,0,All,#4682B4,0
4,18,9.5,4.44258,0.632363,0.632363,0,All,#4682B4,0
5,18,9.5,4.53159,0.528973,0.528973,0,All,#4682B4,0
6,18,9.5,4.70233,0.330647,0.330647,0,All,#4682B4,0
7,18,9.5,5.00828,-0.0247197,-0.0247197,0,All,#4682B4,0
8,18,9.5,4.85931,0.148317,0.148317,0,All,#4682B4,0
9,18,9.5,4.55767,0.498684,0.498684,0,All,#4682B4,0
10,18,9.5,4.74781,0.277823,0.277823,0,All,#4682B4,0
1,18,10,4.19602,0.580739,0.580739,0,All,#4682B4,0
2,18,10,4.27412,0.490024,0.490024,0,All,#4682B4,0
3,18,10,4.57778,0.13732,0.13732,0,All,#4682B4,0
4,18,10,4.12045,0.668522,0.668522,0,All,#4682B4,0
5,18,10,4.21145,0.562817,0.562817,0,All,#4682B4,0
6,18,10,4.27884,0.48454,0.48454,0,All,#4682B4,0
7,18,10,4.78009,-0.0976762,-0.0976762,0,All,#4682B4,0
8,18,10,4.4991,0.228703,0.228703,0,All,#4682B4,0
9,18,10,4.16153,0.620803,0.620803,0,All,#4682B4,0
10,18,10,4.49302,0.235773,0.235773,0,All,#4682B4,0
1,18,10.5,3.88056,0.811257,0.811257,0,All,#4682B4,0
2,18,10.5,3.98527,0.689637,0.689637,0,All,#4682B4,0
3,18,10.5,4.22148,0.41527,0.41527,0,All,#4682B4,0
4,18,10.5,3.85665,0.839025,0.839025,0,All,#4682B4,0
5,18,10.5,3.96425,0.714055,0.714055,0,All,#4682B4,0
6,18,10.5,3.94469,0.736775,0.736775,0,All,#4682B4,0
7,18,10.5,4.5847,-0.00662308,-0.00662308,0,All,#4682B4,0
8,18,10.5,4.21802,0.419293,0.419293,0,All,#4682B4,0
9,18,10.5,3.88943,0.80096,0.80096,0,All,#4682B4,0
10,18,10.5,4.30391,0.319524,0.319524,0,All,#4682B4,0
1,18,11,3.60412,0.168285,0.168285,0,All,#4682B4,0
2,18,11,3.74909,-0.0001081,-0.0001081,0,All,#4682B4,0
3,18,11,3.89803,-0.173099,-0.173099,0,All,#4682B4,0
4,18,11,3.62542,0.143543,0.143543,0,All,#4682B4,0
5,18,11,3.7577,-0.0101053,-0.0101053,0,All,#4682B4,0
6,18,11,3.6804,0.0796765,0.0796765,0,All,#4682B4,0
7,18,11,4.401,-0.757312,-0.757312,0,All,#4682B4,0
8,18,11,3.99316,-0.283594,-0.283594,0,All,#4682B4,0
9,18,11,3.69396,0.0639336,0.0639336,0,All,#4682B4,0
10,18,11,4.14212,-0.45662,-0.45662,0,All,#4682B4,0
1,18,11.5,3.34871,1.06081,1.06081,0,All,#4682B4,0
2,18,11.5,3.54689,0.830619,0.830619,0,All,#4682B4,0
3,18,11.5,3.59443,0.775396,0.775396,0,All,#4682B4,0
4,18,11.5,3.41154,0.987828,0.987828,0,All,#4682B4,0
5,18,11.5,3.56973,0.804095,0.804095,0,All,#4682B4,0
6,18,11.5,3.46479,0.925978,0.925978,0,All,#4682B4,0
7,18,11.5,4.21676,0.0525504,0.0525504,0,All,#4682B4,0
8,18,11.5,3.80045,0.536104,0.536104,0,All,#4682B4,0
9,18,11.5,3.54099,0.837472,0.837472,0,All,#4682B4,0
10,18,11.5,3.98883,0.3173,0.3173,0,All,#4682B4,0
1,18,12,3.10456,0.23398,0.23398,0,All,#4682B4,0
2,18,12,3.36267,-0.0658219,-0.0658219,0,All,#4682B4,0
3,18,12,3.30173,0.00495978,0.00495978,0,All,#4682B4,0
4,18,12,3.20654,0.115529,0.115529,0,All,#4682B4,0
5,18,12,3.38881,-0.0961867,-0.0961867,0,All,#4682B4,0
6,18,12,3.28039,0.0297448,0.0297448,0,All,#4682B4,0
7,18,12,4.02523,-0.835405,-0.835405,0,All,#4682B4,0
8,18,12,3.62578,-0.37143,-0.37143,0,All,#4682B4,0
9,18,12,3.40678,-0.117063,-0.117063,0,All,#4682B4,0
10,18,12,3.8339,-0.613168,-0.613168,0,All,#4682B4,0
1,18,12.5,2.86523,0.156534,-0.180737,1,All,#4682B4,0
2,18,12.5,3.18701,-0.217214,-0.917495,1,All,#4682B4,0
3,18,12.5,3.01486,-0.0172562,-0.580648,1,All,#4682B4,0
4,18,12.5,3.00576,-0.00668651,-2.06069,1,All,#4682B4,0
5,18,12.5,3.20856,-0.242245,-0.704593,1,All,#4682B4,0
6,18,12.5,3.11725,-0.136184,-0.67695,1,All,#4682B4,0
7,18,12.5,3.82527,-0.95857,-1.1929,1,All,#4682B4,0
8,18,12.5,3.46204,-0.536676,-1.28405,1,All,#4682B4,0
9,18,12.5,3.27792,-0.32281,-1.31047,1,All,#4682B4,0
10,18,12.5,3.67293,-0.781622,-1.01961,1,All,#4682B4,0
1,18,13,2.62749,0.432676,-0.0639038,1,All,#4682B4,0
2,18,13,3.01402,-0.0162884,-0.667753,1,All,#4682B4,0
3,18,13,2.73064,0.312866,0.0435504,1,All,#4682B4,0
4,18,13,2.80609,0.225235,-2.26811,1,All,#4682B4,0
5,18,13,3.02548,-0.0296005,-0.894213,1,All,#4682B4,0
6,18,13,2.96201,0.0441311,-0.837639,1,All,#4682B4,0
7,18,13,3.61561,-0.715046,-1.02504,1,All,#4682B4,0
8,18,13,3.30188,-0.350648,-0.58966,1,All,#4682B4,0
9,18,13,3.15135,-0.1758,-0.191233,1,All,#4682B4,0
10,18,13,3.50488,-0.586438,-1.05151,1,All,#4682B4,0
1,18,13.5,2.38983,0.708731,-1.10419,1,All,#4682B4,0
2,18,13.5,2.84042,0.185352,-0.412505,1,All,#4682B4,0
3,18,13.5,2.44751,0.641729,-0.584371,1,All,#4682B4,0
4,18,13.5,2.6066,0.456943,-0.435361,1,All,#4682B4,0
5,18,13.5,2.83909,0.186896,-1.70853,1,All,#4682B4,0
6,18,13.5,2.81209,0.218264,-0.399033,1,All,#4682B4,0
7,18,13.5,3.39696,-0.461076,-0.816938,1,All,#4682B4,0
8,18,13.5,3.1432,-0.166326,-0.786052,1,All,#4682B4,0
9,18,13.5,3.02116,-0.0245784,-0.422759,1,All,#4682B4,0
10,18,13.5,3.32902,-0.382163,-1.00181,1,All,#4682B4,0
1,18,14,2.1511,0.986026,0.501008,1,All,#4682B4,0
2,18,14,2.66557,0.388446,-1.04237,1,All,#4682B4,0
3,18,14,2.16377,0.9713,-0.950278,1,All,#4682B4,0
4,18,14,2.40637,0.689518,-0.433235,1,All,#4682B4,0
5,18,14,2.64893,0.407776,-0.752596,1,All,#4682B4,0
6,18,14,2.66345,0.390916,-0.638391,1,All,#4682B4,0
7,18,14,3.16971,-0.197129,-0.235307,1,All,#4682B4,0
8,18,14,2.9855,0.0168384,-0.0969658,1,All,#4682B4,0
9,18,14,2.88721,0.131004,-0.96228,1,All,#4682B4,0
10,18,14,3.14663,-0.170312,-1.18319,1,All,#4682B4,0
1,18,14.5,1.91129,1.26457,0.617418,1,All,#4682B4,0
2,18,14.5,2.48816,0.594514,-0.516319,1,All,#4682B4,0
3,18,14.5,1.87938,1.30163,-0.497187,1,All,#4682B4,0
4,18,14.5,2.20487,0.923568,-0.419974,1,All,#4682B4,0
5,18,14.5,2.45487,0.633181,0.187867,1,All,#4682B4,0
6,18,14.5,2.51499,0.563349,-0.176945,1,All,#4682B4,0
7,18,14.5,2.93423,0.0763992,-2.04896,1,All,#4682B4,0
8,18,14.5,2.82735,0.20054,-0.78635,1,All,#4682B4,0
9,18,14.5,2.74942,0.291055,-0.795477,1,All,#4682B4,0
10,18,14.5,2.95782,0.0489948,-0.220576,1,All,#4682B4,0
1,18,15,1.66951,1.54541,-0.359795,1,All,#4682B4,0
2,18,15,2.30868,0.802983,0.614181,1,All,#4682B4,0
3,18,15,1.59409,1.63301,-1.00328,1,All,#4682B4,0
4,18,15,2.00203,1.15917,-0.429084,1,All,#4682B4,0
5,18,15,2.25694,0.863089,0.0363392,1,All,#4682B4,0
6,18,15,2.36584,0.73659,-1.27439,1,All,#4682B4,0
7,18,15,2.69265,0.357001,0.0581338,1,All,#4682B4,0
8,18,15,2.66827,0.385318,0.1261,1,All,#4682B4,0
9,18,15,2.60794,0.455384,-1.41851,1,All,#4682B4,0
10,18,15,2.76365,0.274523,0.237979,1,All,#4682B4,0
