rep,ID,time,prediction_iwRes,iwRes_simulated,iwRes_simulated_simBlq,censored,split,color,filter
1,7,1,0,5.71957e+15,1.39345,1,All,#4682B4,0
2,7,1,0,5.71957e+15,1.11724,1,All,#4682B4,0
3,7,1,0,5.71957e+15,0,1,All,#4682B4,0
4,7,1,0,5.71957e+15,0,1,All,#4682B4,0
5,7,1,0,5.71957e+15,1.07444,1,All,#4682B4,0
6,7,1,0,5.71957e+15,0,1,All,#4682B4,0
7,7,1,0,5.71957e+15,0,1,All,#4682B4,0
8,7,1,0,5.71957e+15,0,1,All,#4682B4,0
9,7,1,0,5.71957e+15,0,1,All,#4682B4,0
10,7,1,0,5.71957e+15,0,1,All,#4682B4,0
1,7,1.5,0,5.71957e+15,1.15663,1,All,#4682B4,0
2,7,1.5,0,5.71957e+15,0,1,All,#4682B4,0
3,7,1.5,0,5.71957e+15,0,1,All,#4682B4,0
4,7,1.5,0,5.71957e+15,1.09262,1,All,#4682B4,0
5,7,1.5,0,5.71957e+15,1.14981,1,All,#4682B4,0
6,7,1.5,0,5.71957e+15,0,1,All,#4682B4,0
7,7,1.5,0,5.71957e+15,0,1,All,#4682B4,0
8,7,1.5,0,5.71957e+15,0,1,All,#4682B4,0
9,7,1.5,0,5.71957e+15,0,1,All,#4682B4,0
10,7,1.5,0,5.71957e+15,0,1,All,#4682B4,0
1,7,2,0,5.71957e+15,0,1,All,#4682B4,0
2,7,2,0,5.71957e+15,0,1,All,#4682B4,0
3,7,2,0,5.71957e+15,0,1,All,#4682B4,0
4,7,2,0,5.71957e+15,0,1,All,#4682B4,0
5,7,2,0,5.71957e+15,0,1,All,#4682B4,0
6,7,2,0,5.71957e+15,0,1,All,#4682B4,0
7,7,2,0,5.71957e+15,1.73519,1,All,#4682B4,0
8,7,2,0,5.71957e+15,0,1,All,#4682B4,0
9,7,2,0,5.71957e+15,0,1,All,#4682B4,0
10,7,2,0,5.71957e+15,1.73087,1,All,#4682B4,0
1,7,2.5,0,5.71957e+15,1.02933,1,All,#4682B4,0
2,7,2.5,0,5.71957e+15,0,1,All,#4682B4,0
3,7,2.5,0,5.71957e+15,0,1,All,#4682B4,0
4,7,2.5,0,5.71957e+15,0,1,All,#4682B4,0
5,7,2.5,0,5.71957e+15,0,1,All,#4682B4,0
6,7,2.5,0,5.71957e+15,1.92656,1,All,#4682B4,0
7,7,2.5,0,5.71957e+15,0,1,All,#4682B4,0
8,7,2.5,0,5.71957e+15,0,1,All,#4682B4,0
9,7,2.5,0,5.71957e+15,1.49282,1,All,#4682B4,0
10,7,2.5,0,5.71957e+15,0,1,All,#4682B4,0
1,7,3,0,5.71957e+15,1.04011,1,All,#4682B4,0
2,7,3,0,5.71957e+15,0,1,All,#4682B4,0
3,7,3,0,5.71957e+15,0,1,All,#4682B4,0
4,7,3,0,5.71957e+15,0,1,All,#4682B4,0
5,7,3,0,5.71957e+15,0,1,All,#4682B4,0
6,7,3,0,5.71957e+15,0,1,All,#4682B4,0
7,7,3,0,5.71957e+15,0,1,All,#4682B4,0
8,7,3,0,5.71957e+15,0,1,All,#4682B4,0
9,7,3,0,5.71957e+15,0,1,All,#4682B4,0
10,7,3,0,5.71957e+15,0,1,All,#4682B4,0
1,7,3.5,0,5.71957e+15,0,1,All,#4682B4,0
2,7,3.5,0.0110684,281.906,-0.650595,1,All,#4682B4,0
3,7,3.5,0,5.71957e+15,0,1,All,#4682B4,0
4,7,3.5,0,5.71957e+15,0,1,All,#4682B4,0
5,7,3.5,0,5.71957e+15,0,1,All,#4682B4,0
6,7,3.5,0,5.71957e+15,1.33886,1,All,#4682B4,0
7,7,3.5,0,5.71957e+15,2.27532,1,All,#4682B4,0
8,7,3.5,0,5.71957e+15,1.25815,1,All,#4682B4,0
9,7,3.5,0,5.71957e+15,0,1,All,#4682B4,0
10,7,3.5,0,5.71957e+15,0,1,All,#4682B4,0
1,7,4,0.64384,2.41043,-1.04237,1,All,#4682B4,0
2,7,4,0.824772,1.33793,0.964697,1,All,#4682B4,0
3,7,4,0.781403,1.54975,-0.195411,1,All,#4682B4,0
4,7,4,0,5.71957e+15,0,1,All,#4682B4,0
5,7,4,0.157759,17.4739,0.0221479,1,All,#4682B4,0
6,7,4,0.603954,2.73329,0.0855509,1,All,#4682B4,0
7,7,4,0.49381,3.89578,-1.22761,1,All,#4682B4,0
8,7,4,0.301508,7.96129,1.07216,1,All,#4682B4,0
9,7,4,0.302451,7.92873,-0.6405,1,All,#4682B4,0
10,7,4,0.111595,25.7278,0.479734,1,All,#4682B4,0
1,7,4.5,1.33533,-0.121263,-1.09638,1,All,#4682B4,0
2,7,4.5,1.35833,-0.161166,-0.839917,1,All,#4682B4,0
3,7,4.5,1.37568,-0.19039,-0.383262,1,All,#4682B4,0
4,7,4.5,0.538563,3.3661,-0.342574,1,All,#4682B4,0
5,7,4.5,0.94522,0.851615,0.24661,1,All,#4682B4,0
6,7,4.5,1.18805,0.17096,-0.048079,1,All,#4682B4,0
7,7,4.5,1.13106,0.304457,-0.31611,1,All,#4682B4,0
8,7,4.5,0.972453,0.758355,-0.0226595,1,All,#4682B4,0
9,7,4.5,0.986336,0.712796,0.20905,1,All,#4682B4,0
10,7,4.5,0.80564,1.42857,-0.450995,1,All,#4682B4,0
1,7,5,1.82655,-0.755191,-0.814189,1,All,#4682B4,0
2,7,5,1.73631,-0.665627,-0.921532,1,All,#4682B4,0
3,7,5,1.76714,-0.697264,-0.975533,1,All,#4682B4,0
4,7,5,1.19986,0.144892,-0.352333,1,All,#4682B4,0
5,7,5,1.52575,-0.41545,-1.63781,1,All,#4682B4,0
6,7,5,1.63594,-0.554412,-0.92415,1,All,#4682B4,0
7,7,5,1.60634,-0.518954,-0.527071,1,All,#4682B4,0
8,7,5,1.4158,-0.255241,-0.263811,1,All,#4682B4,0
9,7,5,1.56393,-0.465817,-1.74464,1,All,#4682B4,0
10,7,5,1.38923,-0.212713,-1.52373,1,All,#4682B4,0
1,7,5.5,2.19128,0.643263,0.643263,0,All,#4682B4,0
2,7,5.5,2.01931,0.909117,0.909117,0,All,#4682B4,0
3,7,5.5,2.04737,0.862688,0.862688,0,All,#4682B4,0
4,7,5.5,1.74828,1.43429,1.43429,0,All,#4682B4,0
5,7,5.5,1.97232,0.989822,0.989822,0,All,#4682B4,0
6,7,5.5,1.98907,0.960625,0.960625,0,All,#4682B4,0
7,7,5.5,1.97298,0.988664,0.988664,0,All,#4682B4,0
8,7,5.5,1.73561,1.46284,1.46284,0,All,#4682B4,0
9,7,5.5,2.05301,0.853518,0.853518,0,All,#4682B4,0
10,7,5.5,1.88477,1.15094,1.15094,0,All,#4682B4,0
1,7,6,2.45997,1.21914,1.21914,0,All,#4682B4,0
2,7,6,2.23361,1.59387,1.59387,0,All,#4682B4,0
3,7,6,2.2506,1.56311,1.56311,0,All,#4682B4,0
4,7,6,2.20446,1.64771,1.64771,0,All,#4682B4,0
5,7,6,2.32095,1.44062,1.44062,0,All,#4682B4,0
6,7,6,2.26537,1.53677,1.53677,0,All,#4682B4,0
7,7,6,2.25611,1.55326,1.55326,0,All,#4682B4,0
8,7,6,1.97776,2.12067,2.12067,0,All,#4682B4,0
9,7,6,2.45664,1.22415,1.22415,0,All,#4682B4,0
10,7,6,2.30153,1.47369,1.47369,0,All,#4682B4,0
1,7,6.5,2.64023,0.225078,0.225078,0,All,#4682B4,0
2,7,6.5,2.39214,0.505466,0.505466,0,All,#4682B4,0
3,7,6.5,2.39566,0.501091,0.501091,0,All,#4682B4,0
4,7,6.5,2.5723,0.296479,0.296479,0,All,#4682B4,0
5,7,6.5,2.58448,0.2834,0.2834,0,All,#4682B4,0
6,7,6.5,2.46863,0.413008,0.413008,0,All,#4682B4,0
7,7,6.5,2.46213,0.420641,0.420641,0,All,#4682B4,0
8,7,6.5,2.16154,0.8238,0.8238,0,All,#4682B4,0
9,7,6.5,2.75538,0.112097,0.112097,0,All,#4682B4,0
10,7,6.5,2.63193,0.233604,0.233604,0,All,#4682B4,0
1,7,7,2.7286,-0.498312,-0.498312,0,All,#4682B4,0
2,7,7,2.49964,-0.316931,-0.316931,0,All,#4682B4,0
3,7,7,2.48524,-0.304413,-0.304413,0,All,#4682B4,0
4,7,7,2.8378,-0.574512,-0.574512,0,All,#4682B4,0
5,7,7,2.75913,-0.520226,-0.520226,0,All,#4682B4,0
6,7,7,2.59355,-0.395205,-0.395205,0,All,#4682B4,0
7,7,7,2.5874,-0.390253,-0.390253,0,All,#4682B4,0
8,7,7,2.29141,-0.120502,-0.120502,0,All,#4682B4,0
9,7,7,2.90928,-0.621292,-0.621292,0,All,#4682B4,0
10,7,7,2.83906,-0.575359,-0.575359,0,All,#4682B4,0
1,7,7.5,2.72594,0.858357,0.858357,0,All,#4682B4,0
2,7,7.5,2.55763,1.07795,1.07795,0,All,#4682B4,0
3,7,7.5,2.52394,1.12542,1.12542,0,All,#4682B4,0
4,7,7.5,2.96593,0.588356,0.588356,0,All,#4682B4,0
5,7,7.5,2.83614,0.728703,0.728703,0,All,#4682B4,0
6,7,7.5,2.63612,0.972063,0.972063,0,All,#4682B4,0
7,7,7.5,2.62936,0.980922,0.980922,0,All,#4682B4,0
8,7,7.5,2.36965,1.36007,1.36007,0,All,#4682B4,0
9,7,7.5,2.89187,0.666904,0.666904,0,All,#4682B4,0
10,7,7.5,2.88821,0.67088,0.67088,0,All,#4682B4,0
1,7,8,2.64729,-0.49367,-0.49367,0,All,#4682B4,0
2,7,8,2.56882,-0.433036,-0.433036,0,All,#4682B4,0
3,7,8,2.50834,-0.383716,-0.383716,0,All,#4682B4,0
4,7,8,2.9315,-0.686096,-0.686096,0,All,#4682B4,0
5,7,8,2.81949,-0.614892,-0.614892,0,All,#4682B4,0
6,7,8,2.60324,-0.460081,-0.460081,0,All,#4682B4,0
7,7,8,2.5878,-0.448043,-0.448043,0,All,#4682B4,0
8,7,8,2.39662,-0.286072,-0.286072,0,All,#4682B4,0
9,7,8,2.72605,-0.551012,-0.551012,0,All,#4682B4,0
10,7,8,2.79558,-0.598949,-0.598949,0,All,#4682B4,0
1,7,8.5,2.51835,-0.628246,-0.628246,0,All,#4682B4,0
2,7,8.5,2.52847,-0.635651,-0.635651,0,All,#4682B4,0
3,7,8.5,2.44118,-0.569758,-0.569758,0,All,#4682B4,0
4,7,8.5,2.74883,-0.783381,-0.783381,0,All,#4682B4,0
5,7,8.5,2.72841,-0.770697,-0.770697,0,All,#4682B4,0
6,7,8.5,2.51159,-0.623268,-0.623268,0,All,#4682B4,0
7,7,8.5,2.48111,-0.600478,-0.600478,0,All,#4682B4,0
8,7,8.5,2.37189,-0.513997,-0.513997,0,All,#4682B4,0
9,7,8.5,2.4682,-0.590653,-0.590653,0,All,#4682B4,0
10,7,8.5,2.60984,-0.693107,-0.693107,0,All,#4682B4,0
1,7,9,2.36209,-1.1459,-2.22118,1,All,#4682B4,0
2,7,9,2.42675,-1.18141,-2.32543,1,All,#4682B4,0
3,7,9,2.32369,-1.12388,-1.49889,1,All,#4682B4,0
4,7,9,2.46705,-1.2026,-1.27591,1,All,#4682B4,0
5,7,9,2.57223,-1.25477,-1.37147,1,All,#4682B4,0
6,7,9,2.37092,-1.15087,-1.50948,1,All,#4682B4,0
7,7,9,2.32871,-1.1268,-1.2184,1,All,#4682B4,0
8,7,9,2.30194,-1.11109,-1.92998,1,All,#4682B4,0
9,7,9,2.17762,-1.03302,-2.00954,1,All,#4682B4,0
10,7,9,2.36842,-1.14947,-1.22777,1,All,#4682B4,0
1,7,9.5,2.19522,1.14573,1.14573,0,All,#4682B4,0
2,7,9.5,2.26923,1.02752,1.02752,0,All,#4682B4,0
3,7,9.5,2.15628,1.21117,1.21117,0,All,#4682B4,0
4,7,9.5,2.14234,1.23519,1.23519,0,All,#4682B4,0
5,7,9.5,2.36442,0.886367,0.886367,0,All,#4682B4,0
6,7,9.5,2.18666,1.15991,1.15991,0,All,#4682B4,0
7,7,9.5,2.1414,1.23681,1.23681,0,All,#4682B4,0
8,7,9.5,2.18867,1.15657,1.15657,0,All,#4682B4,0
9,7,9.5,1.89915,1.71071,1.71071,0,All,#4682B4,0
10,7,9.5,2.08926,1.32954,1.32954,0,All,#4682B4,0
1,7,10,2.02671,0.138541,0.138541,0,All,#4682B4,0
2,7,10,2.05704,0.0999576,0.0999576,0,All,#4682B4,0
3,7,10,1.9386,0.257491,0.257491,0,All,#4682B4,0
4,7,10,1.81671,0.44106,0.44106,0,All,#4682B4,0
5,7,10,2.11053,0.0346109,0.0346109,0,All,#4682B4,0
6,7,10,1.96604,0.219298,0.219298,0,All,#4682B4,0
7,7,10,1.92312,0.279514,0.279514,0,All,#4682B4,0
8,7,10,2.03373,0.129504,0.129504,0,All,#4682B4,0
9,7,10,1.65646,0.723495,0.723495,0,All,#4682B4,0
10,7,10,1.77946,0.502165,0.502165,0,All,#4682B4,0
1,7,10.5,1.83483,-0.222656,-0.222656,0,All,#4682B4,0
2,7,10.5,1.79056,-0.166885,-0.166885,0,All,#4682B4,0
3,7,10.5,1.67156,-0.00230691,-0.00230691,0,All,#4682B4,0
4,7,10.5,1.52185,0.241283,0.241283,0,All,#4682B4,0
5,7,10.5,1.81046,-0.192285,-0.192285,0,All,#4682B4,0
6,7,10.5,1.71272,-0.0618266,-0.0618266,0,All,#4682B4,0
7,7,10.5,1.67445,-0.00658814,-0.00658814,0,All,#4682B4,0
8,7,10.5,1.83702,-0.225336,-0.225336,0,All,#4682B4,0
9,7,10.5,1.44986,0.376324,0.376324,0,All,#4682B4,0
10,7,10.5,1.44308,0.389742,0.389742,0,All,#4682B4,0
1,7,11,1.58577,-0.493529,-1.42676,1,All,#4682B4,0
2,7,11,1.47207,-0.340222,-0.346568,1,All,#4682B4,0
3,7,11,1.36122,-0.166089,-1.2563,1,All,#4682B4,0
4,7,11,1.26233,0.0150533,-0.00508275,1,All,#4682B4,0
5,7,11,1.46261,-0.326395,-1.01898,1,All,#4682B4,0
6,7,11,1.42951,-0.276565,-1.42767,1,All,#4682B4,0
7,7,11,1.39494,-0.221982,-0.93931,1,All,#4682B4,0
8,7,11,1.59648,-0.506845,-0.555635,1,All,#4682B4,0
9,7,11,1.21669,0.108593,-1.86154,1,All,#4682B4,0
10,7,11,1.08442,0.424161,-0.250223,1,All,#4682B4,0
1,7,11.5,1.27369,-0.00718823,-0.995264,1,All,#4682B4,0
2,7,11.5,1.11045,0.356105,0.0488692,1,All,#4682B4,0
3,7,11.5,1.01705,0.616417,-0.306334,1,All,#4682B4,0
4,7,11.5,0.952645,0.825657,0.298233,1,All,#4682B4,0
5,7,11.5,1.06728,0.470756,0.0932057,1,All,#4682B4,0
6,7,11.5,1.12082,0.329872,0.1021,1,All,#4682B4,0
7,7,11.5,1.08453,0.423846,-0.104919,1,All,#4682B4,0
8,7,11.5,1.31252,-0.0802838,-0.158758,1,All,#4682B4,0
9,7,11.5,0.951503,0.829625,-1.60894,1,All,#4682B4,0
10,7,11.5,0.710232,1.95341,0.474127,1,All,#4682B4,0
1,7,12,0.904524,1.00144,0.909119,1,All,#4682B4,0
2,7,12,0.723676,1.87108,0.663975,1,All,#4682B4,0
3,7,12,0.664226,2.26038,-0.537112,1,All,#4682B4,0
4,7,12,0.595494,2.80734,0.571079,1,All,#4682B4,0
5,7,12,0.630321,2.51528,-0.068433,1,All,#4682B4,0
6,7,12,0.79441,1.4838,-0.544012,1,All,#4682B4,0
7,7,12,0.744461,1.74965,1.22037,1,All,#4682B4,0
8,7,12,0.983102,0.723295,0.314779,1,All,#4682B4,0
9,7,12,0.660439,2.28755,-0.703286,1,All,#4682B4,0
10,7,12,0.329794,7.06587,0.614212,1,All,#4682B4,0
1,7,12.5,0.501737,3.79507,-1.06662,1,All,#4682B4,0
2,7,12.5,0.347433,6.58132,1.03779,1,All,#4682B4,0
3,7,12.5,0.323528,7.25075,-0.392735,1,All,#4682B4,0
4,7,12.5,0.204584,12.9072,0.969232,1,All,#4682B4,0
5,7,12.5,0.163334,16.7929,3.62383,1,All,#4682B4,0
6,7,12.5,0.460059,4.36341,1.11129,1,All,#4682B4,0
7,7,12.5,0.377435,5.86116,-0.0971579,1,All,#4682B4,0
8,7,12.5,0.614916,2.64039,-0.00509368,1,All,#4682B4,0
9,7,12.5,0.345966,6.61975,0.459014,1,All,#4682B4,0
10,7,12.5,0,5.71957e+15,0,1,All,#4682B4,0
1,7,13,0.0911806,32.0429,1.677,1,All,#4682B4,0
2,7,13,0.000455614,6906.17,0.566084,1,All,#4682B4,0
3,7,13,0.0161756,192.115,-1.01718,1,All,#4682B4,0
4,7,13,0,5.71957e+15,0,1,All,#4682B4,0
5,7,13,0,5.71957e+15,1.24547,1,All,#4682B4,0
6,7,13,0.130629,21.6179,-0.248515,1,All,#4682B4,0
7,7,13,0,5.71957e+15,0,1,All,#4682B4,0
8,7,13,0.229452,11.2398,-1.25233,1,All,#4682B4,0
9,7,13,0.0100648,310.263,-0.711796,1,All,#4682B4,0
10,7,13,0,5.71957e+15,0,1,All,#4682B4,0
1,7,13.5,0,5.71957e+15,0,1,All,#4682B4,0
2,7,13.5,0,5.71957e+15,0,1,All,#4682B4,0
3,7,13.5,0,5.71957e+15,0,1,All,#4682B4,0
4,7,13.5,0,5.71957e+15,0,1,All,#4682B4,0
5,7,13.5,0,5.71957e+15,0,1,All,#4682B4,0
6,7,13.5,0,5.71957e+15,0,1,All,#4682B4,0
7,7,13.5,0,5.71957e+15,0,1,All,#4682B4,0
8,7,13.5,0,5.71957e+15,2.08665,1,All,#4682B4,0
9,7,13.5,0,5.71957e+15,0,1,All,#4682B4,0
10,7,13.5,0,5.71957e+15,0,1,All,#4682B4,0
1,7,14,0,5.71957e+15,1.5148,1,All,#4682B4,0
2,7,14,0,5.71957e+15,1.23988,1,All,#4682B4,0
3,7,14,0,5.71957e+15,0,1,All,#4682B4,0
4,7,14,0,5.71957e+15,0,1,All,#4682B4,0
5,7,14,0,5.71957e+15,0,1,All,#4682B4,0
6,7,14,0,5.71957e+15,0,1,All,#4682B4,0
7,7,14,0,5.71957e+15,1.70465,1,All,#4682B4,0
8,7,14,0,5.71957e+15,0,1,All,#4682B4,0
9,7,14,0,5.71957e+15,0,1,All,#4682B4,0
10,7,14,0,5.71957e+15,0,1,All,#4682B4,0
1,7,14.5,0,5.71957e+15,1.4006,1,All,#4682B4,0
2,7,14.5,0,5.71957e+15,1.15535,1,All,#4682B4,0
3,7,14.5,0,5.71957e+15,0,1,All,#4682B4,0
4,7,14.5,0,5.71957e+15,1.95007,1,All,#4682B4,0
5,7,14.5,0,5.71957e+15,0,1,All,#4682B4,0
6,7,14.5,0,5.71957e+15,0,1,All,#4682B4,0
7,7,14.5,0,5.71957e+15,0,1,All,#4682B4,0
8,7,14.5,0,5.71957e+15,0,1,All,#4682B4,0
9,7,14.5,0,5.71957e+15,0,1,All,#4682B4,0
10,7,14.5,0,5.71957e+15,0,1,All,#4682B4,0
1,7,15,0,5.71957e+15,0,1,All,#4682B4,0
2,7,15,0,5.71957e+15,0,1,All,#4682B4,0
3,7,15,0,5.71957e+15,0,1,All,#4682B4,0
4,7,15,0,5.71957e+15,0,1,All,#4682B4,0
5,7,15,0,5.71957e+15,0,1,All,#4682B4,0
6,7,15,0,5.71957e+15,0,1,All,#4682B4,0
7,7,15,0,5.71957e+15,0,1,All,#4682B4,0
8,7,15,0,5.71957e+15,1.08799,1,All,#4682B4,0
9,7,15,0,5.71957e+15,0,1,All,#4682B4,0
10,7,15,0,5.71957e+15,0,1,All,#4682B4,0
1,7,15.5,0,5.71957e+15,1.31323,1,All,#4682B4,0
2,7,15.5,0,5.71957e+15,0,1,All,#4682B4,0
3,7,15.5,0,5.71957e+15,1.32386,1,All,#4682B4,0
4,7,15.5,0,5.71957e+15,0,1,All,#4682B4,0
5,7,15.5,0,5.71957e+15,0,1,All,#4682B4,0
6,7,15.5,0,5.71957e+15,0,1,All,#4682B4,0
7,7,15.5,0,5.71957e+15,0,1,All,#4682B4,0
8,7,15.5,0,5.71957e+15,0,1,All,#4682B4,0
9,7,15.5,0,5.71957e+15,1.04042,1,All,#4682B4,0
10,7,15.5,0,5.71957e+15,0,1,All,#4682B4,0
1,7,16,0,5.71957e+15,0,1,All,#4682B4,0
2,7,16,0,5.71957e+15,0,1,All,#4682B4,0
3,7,16,0,5.71957e+15,0,1,All,#4682B4,0
4,7,16,0,5.71957e+15,1.55577,1,All,#4682B4,0
5,7,16,0,5.71957e+15,0,1,All,#4682B4,0
6,7,16,0,5.71957e+15,0,1,All,#4682B4,0
7,7,16,0,5.71957e+15,0,1,All,#4682B4,0
8,7,16,0,5.71957e+15,0,1,All,#4682B4,0
9,7,16,0,5.71957e+15,1.79288,1,All,#4682B4,0
10,7,16,0,5.71957e+15,0,1,All,#4682B4,0
1,8,1,0,5.71957e+15,1.2505,1,All,#4682B4,0
2,8,1,0,5.71957e+15,0,1,All,#4682B4,0
3,8,1,0,5.71957e+15,0,1,All,#4682B4,0
4,8,1,0,5.71957e+15,0,1,All,#4682B4,0
5,8,1,0,5.71957e+15,1.25247,1,All,#4682B4,0
6,8,1,0,5.71957e+15,1.22194,1,All,#4682B4,0
7,8,1,0,5.71957e+15,0,1,All,#4682B4,0
8,8,1,0,5.71957e+15,1.46075,1,All,#4682B4,0
9,8,1,0,5.71957e+15,0,1,All,#4682B4,0
10,8,1,0,5.71957e+15,0,1,All,#4682B4,0
1,8,1.5,0,5.71957e+15,0,1,All,#4682B4,0
2,8,1.5,0,5.71957e+15,0,1,All,#4682B4,0
3,8,1.5,0,5.71957e+15,2.2934,1,All,#4682B4,0
4,8,1.5,0,5.71957e+15,0,1,All,#4682B4,0
5,8,1.5,0,5.71957e+15,0,1,All,#4682B4,0
6,8,1.5,0,5.71957e+15,0,1,All,#4682B4,0
7,8,1.5,0,5.71957e+15,1.25352,1,All,#4682B4,0
8,8,1.5,0,5.71957e+15,2.3557,1,All,#4682B4,0
9,8,1.5,0,5.71957e+15,1.58336,1,All,#4682B4,0
10,8,1.5,0,5.71957e+15,0,1,All,#4682B4,0
1,8,2,0,5.71957e+15,0,1,All,#4682B4,0
2,8,2,0,5.71957e+15,1.12633,1,All,#4682B4,0
3,8,2,0.824482,1.33928,0.162444,1,All,#4682B4,0
4,8,2,0,5.71957e+15,0,1,All,#4682B4,0
5,8,2,0,5.71957e+15,0,1,All,#4682B4,0
6,8,2,0.159305,17.2803,0.205407,1,All,#4682B4,0
7,8,2,0,5.71957e+15,0,1,All,#4682B4,0
8,8,2,0,5.71957e+15,1.46394,1,All,#4682B4,0
9,8,2,0,5.71957e+15,0,1,All,#4682B4,0
10,8,2,0,5.71957e+15,0,1,All,#4682B4,0
1,8,2.5,0.204809,12.8903,1.19863,1,All,#4682B4,0
2,8,2.5,0.27,9.1796,0.996942,1,All,#4682B4,0
3,8,2.5,1.80493,-0.73455,-0.870001,1,All,#4682B4,0
4,8,2.5,0.167364,16.3289,-0.907203,1,All,#4682B4,0
5,8,2.5,0,5.71957e+15,1.05061,1,All,#4682B4,0
6,8,2.5,1.69544,-0.621935,-0.925455,1,All,#4682B4,0
7,8,2.5,0,5.71957e+15,0,1,All,#4682B4,0
8,8,2.5,0,5.71957e+15,0,1,All,#4682B4,0
9,8,2.5,0.439669,4.6807,-0.70749,1,All,#4682B4,0
10,8,2.5,0,5.71957e+15,0,1,All,#4682B4,0
1,8,3,1.94829,-0.112316,-0.112316,0,All,#4682B4,0
2,8,3,1.951,-0.1156,-0.1156,0,All,#4682B4,0
3,8,3,2.13906,-0.323338,-0.323338,0,All,#4682B4,0
4,8,3,1.77955,0.112048,0.112048,0,All,#4682B4,0
5,8,3,1.48287,0.630336,0.630336,0,All,#4682B4,0
6,8,3,2.17892,-0.362762,-0.362762,0,All,#4682B4,0
7,8,3,1.16021,1.49491,1.49491,0,All,#4682B4,0
8,8,3,1.95016,-0.11458,-0.11458,0,All,#4682B4,0
9,8,3,2.00615,-0.18056,-0.18056,0,All,#4682B4,0
10,8,3,1.7965,0.0876071,0.0876071,0,All,#4682B4,0
1,8,3.5,2.4618,-1.19988,-1.25936,1,All,#4682B4,0
2,8,3.5,2.512,-1.22543,-1.35114,1,All,#4682B4,0
3,8,3.5,2.3238,-1.12395,-1.35402,1,All,#4682B4,0
4,8,3.5,2.23642,-1.07102,-2.01511,1,All,#4682B4,0
5,8,3.5,2.1797,-1.0344,-1.18382,1,All,#4682B4,0
6,8,3.5,2.43943,-1.18815,-1.58981,1,All,#4682B4,0
7,8,3.5,2.2511,-1.0802,-2.12965,1,All,#4682B4,0
8,8,3.5,2.37617,-1.1538,-2.1,1,All,#4682B4,0
9,8,3.5,2.52319,-1.23099,-1.45039,1,All,#4682B4,0
10,8,3.5,2.3121,-1.11709,-1.67158,1,All,#4682B4,0
1,8,4,2.7334,0.776715,0.776715,0,All,#4682B4,0
2,8,4,2.81292,0.684693,0.684693,0,All,#4682B4,0
3,8,4,2.44054,1.16732,1.16732,0,All,#4682B4,0
4,8,4,2.47258,1.12009,1.12009,0,All,#4682B4,0
5,8,4,2.53451,1.03216,1.03216,0,All,#4682B4,0
6,8,4,2.59885,0.945246,0.945246,0,All,#4682B4,0
7,8,4,2.71901,0.793941,0.793941,0,All,#4682B4,0
8,8,4,2.59144,0.955038,0.955038,0,All,#4682B4,0
9,8,4,2.80102,0.698126,0.698126,0,All,#4682B4,0
10,8,4,2.57114,0.982141,0.982141,0,All,#4682B4,0
1,8,4.5,2.8961,-1.39162,-1.41373,1,All,#4682B4,0
2,8,4.5,2.98522,-1.42407,-1.64072,1,All,#4682B4,0
3,8,4.5,2.51716,-1.228,-1.32449,1,All,#4682B4,0
4,8,4.5,2.61006,-1.27251,-1.29967,1,All,#4682B4,0
5,8,4.5,2.74169,-1.33041,-1.5623,1,All,#4682B4,0
6,8,4.5,2.69423,-1.31018,-1.46491,1,All,#4682B4,0
7,8,4.5,2.96428,-1.41662,-1.57589,1,All,#4682B4,0
8,8,4.5,2.71852,-1.32062,-2.08684,1,All,#4682B4,0
9,8,4.5,2.96286,-1.41611,-1.91197,1,All,#4682B4,0
10,8,4.5,2.71935,-1.32098,-2.0466,1,All,#4682B4,0
1,8,5,2.98682,0.782654,0.782654,0,All,#4682B4,0
2,8,5,3.06311,0.701437,0.701437,0,All,#4682B4,0
3,8,5,2.56429,1.32001,1.32001,0,All,#4682B4,0
4,8,5,2.68166,1.15376,1.15376,0,All,#4682B4,0
5,8,5,2.85001,0.939209,0.939209,0,All,#4682B4,0
6,8,5,2.73667,1.08074,1.08074,0,All,#4682B4,0
7,8,5,3.06075,0.703889,0.703889,0,All,#4682B4,0
8,8,5,2.79154,1.01079,1.01079,0,All,#4682B4,0
9,8,5,3.04193,0.723572,0.723572,0,All,#4682B4,0
10,8,5,2.7935,1.00834,1.00834,0,All,#4682B4,0
1,8,5.5,3.01915,-1.43591,-1.80346,1,All,#4682B4,0
2,8,5.5,3.06358,-1.45104,-2.37008,1,All,#4682B4,0
3,8,5.5,2.5867,-1.26162,-1.72827,1,All,#4682B4,0
4,8,5.5,2.70069,-1.31298,-1.32148,1,All,#4682B4,0
5,8,5.5,2.87786,-1.38473,-1.43443,1,All,#4682B4,0
6,8,5.5,2.73726,-1.32855,-2.06159,1,All,#4682B4,0
7,8,5.5,3.05389,-1.44778,-1.96976,1,All,#4682B4,0
8,8,5.5,2.82231,-1.3632,-1.70099,1,All,#4682B4,0
9,8,5.5,3.05577,-1.44841,-1.48395,1,All,#4682B4,0
10,8,5.5,2.81028,-1.35843,-2.3567,1,All,#4682B4,0
1,8,6,3.00573,0.803373,0.803373,0,All,#4682B4,0
2,8,6,3.0073,0.801652,0.801652,0,All,#4682B4,0
3,8,6,2.58703,1.33453,1.33453,0,All,#4682B4,0
4,8,6,2.67769,1.20543,1.20543,0,All,#4682B4,0
5,8,6,2.84481,0.989015,0.989015,0,All,#4682B4,0
6,8,6,2.70703,1.16549,1.16549,0,All,#4682B4,0
7,8,6,2.99649,0.813486,0.813486,0,All,#4682B4,0
8,8,6,2.81951,1.02013,1.02013,0,All,#4682B4,0
9,8,6,3.02468,0.782805,0.782805,0,All,#4682B4,0
10,8,6,2.78318,1.06579,1.06579,0,All,#4682B4,0
1,8,6.5,2.95918,-1.41479,-1.43821,1,All,#4682B4,0
2,8,6.5,2.91279,-1.39784,-2.11491,1,All,#4682B4,0
3,8,6.5,2.567,-1.25228,-1.78217,1,All,#4682B4,0
4,8,6.5,2.6234,-1.27864,-1.94315,1,All,#4682B4,0
5,8,6.5,2.77215,-1.34302,-1.55615,1,All,#4682B4,0
6,8,6.5,2.65518,-1.293,-2.13443,1,All,#4682B4,0
7,8,6.5,2.91731,-1.39952,-2.10138,1,All,#4682B4,0
8,8,6.5,2.79167,-1.35096,-1.45974,1,All,#4682B4,0
9,8,6.5,2.9657,-1.41712,-1.66721,1,All,#4682B4,0
10,8,6.5,2.72449,-1.32316,-1.3948,1,All,#4682B4,0
1,8,7,2.88885,0.884677,0.884677,0,All,#4682B4,0
2,8,7,2.78945,1.00452,1.00452,0,All,#4682B4,0
3,8,7,2.52749,1.36551,1.36551,0,All,#4682B4,0
4,8,7,2.54605,1.33749,1.33749,0,All,#4682B4,0
5,8,7,2.67395,1.15497,1.15497,0,All,#4682B4,0
6,8,7,2.58686,1.2773,1.2773,0,All,#4682B4,0
7,8,7,2.8238,0.962155,0.962155,0,All,#4682B4,0
8,8,7,2.74481,1.06116,1.06116,0,All,#4682B4,0
9,8,7,2.88752,0.886222,0.886222,0,All,#4682B4,0
10,8,7,2.64154,1.19954,1.19954,0,All,#4682B4,0
1,8,7.5,2.79916,0.0715774,0.0715774,0,All,#4682B4,0
2,8,7.5,2.63919,0.226144,0.226144,0,All,#4682B4,0
3,8,7.5,2.46836,0.41333,0.41333,0,All,#4682B4,0
4,8,7.5,2.44942,0.435688,0.435688,0,All,#4682B4,0
5,8,7.5,2.55578,0.314415,0.314415,0,All,#4682B4,0
6,8,7.5,2.5036,0.372626,0.372626,0,All,#4682B4,0
7,8,7.5,2.71627,0.149394,0.149394,0,All,#4682B4,0
8,8,7.5,2.68157,0.183401,0.183401,0,All,#4682B4,0
9,8,7.5,2.79187,0.0782394,0.0782394,0,All,#4682B4,0
10,8,7.5,2.5361,0.336092,0.336092,0,All,#4682B4,0
1,8,8,2.69062,0.699509,0.699509,0,All,#4682B4,0
2,8,8,2.45998,0.997468,0.997468,0,All,#4682B4,0
3,8,8,2.38848,1.10152,1.10152,0,All,#4682B4,0
4,8,8,2.33424,1.18471,1.18471,0,All,#4682B4,0
5,8,8,2.41827,1.05742,1.05742,0,All,#4682B4,0
6,8,8,2.40477,1.07727,1.07727,0,All,#4682B4,0
7,8,8,2.59328,0.818799,0.818799,0,All,#4682B4,0
8,8,8,2.60182,0.807979,0.807979,0,All,#4682B4,0
9,8,8,2.67714,0.715508,0.715508,0,All,#4682B4,0
10,8,8,2.40628,1.07503,1.07503,0,All,#4682B4,0
1,8,8.5,2.56155,-0.359505,-0.359505,0,All,#4682B4,0
2,8,8.5,2.24854,-0.0645271,-0.0645271,0,All,#4682B4,0
3,8,8.5,2.28567,-0.103745,-0.103745,0,All,#4682B4,0
4,8,8.5,2.1995,-0.0107022,-0.0107022,0,All,#4682B4,0
5,8,8.5,2.26015,-0.0769289,-0.0769289,0,All,#4682B4,0
6,8,8.5,2.28861,-0.106791,-0.106791,0,All,#4682B4,0
7,8,8.5,2.45283,-0.265578,-0.265578,0,All,#4682B4,0
8,8,8.5,2.50354,-0.310406,-0.310406,0,All,#4682B4,0
9,8,8.5,2.54032,-0.34179,-0.34179,0,All,#4682B4,0
10,8,8.5,2.24834,-0.0643118,-0.0643118,0,All,#4682B4,0
1,8,9,2.40914,-0.678115,-0.678115,0,All,#4682B4,0
2,8,9,2.00263,-0.312659,-0.312659,0,All,#4682B4,0
3,8,9,2.15705,-0.467707,-0.467707,0,All,#4682B4,0
4,8,9,2.04334,-0.355805,-0.355805,0,All,#4682B4,0
5,8,9,2.07963,-0.392849,-0.392849,0,All,#4682B4,0
6,8,9,2.15268,-0.463623,-0.463623,0,All,#4682B4,0
7,8,9,2.29274,-0.586711,-0.586711,0,All,#4682B4,0
8,8,9,2.38356,-0.658792,-0.658792,0,All,#4682B4,0
9,8,9,2.37761,-0.654236,-0.654236,0,All,#4682B4,0
10,8,9,2.05738,-0.370294,-0.370294,0,All,#4682B4,0
1,8,9.5,2.22997,-0.044419,-0.044419,0,All,#4682B4,0
2,8,9.5,1.72494,0.668229,0.668229,0,All,#4682B4,0
3,8,9.5,1.99947,0.236177,0.236177,0,All,#4682B4,0
4,8,9.5,1.86385,0.43371,0.43371,0,All,#4682B4,0
5,8,9.5,1.87538,0.415801,0.415801,0,All,#4682B4,0
6,8,9.5,1.99427,0.243254,0.243254,0,All,#4682B4,0
7,8,9.5,2.1108,0.0929909,0.0929909,0,All,#4682B4,0
8,8,9.5,2.23786,-0.0530108,-0.0530108,0,All,#4682B4,0
9,8,9.5,2.18487,0.0058175,0.0058175,0,All,#4682B4,0
10,8,9.5,1.83,0.487568,0.487568,0,All,#4682B4,0
1,8,10,2.02061,-0.920702,-0.926232,1,All,#4682B4,0
2,8,10,1.43016,-0.277565,-0.55169,1,All,#4682B4,0
3,8,10,1.81171,-0.741082,-1.90047,1,All,#4682B4,0
4,8,10,1.65985,-0.582127,-0.649937,1,All,#4682B4,0
5,8,10,1.64823,-0.568751,-1.3692,1,All,#4682B4,0
6,8,10,1.81077,-0.740179,-1.31321,1,All,#4682B4,0
7,8,10,1.9052,-0.826332,-1.03609,1,All,#4682B4,0
8,8,10,2.06215,-0.95208,-1.12888,1,All,#4682B4,0
9,8,10,1.95785,-0.870768,-1.83091,1,All,#4682B4,0
10,8,10,1.56485,-0.467002,-0.664802,1,All,#4682B4,0
1,8,10.5,1.779,-0.709135,-1.777,1,All,#4682B4,0
2,8,10.5,1.15339,0.250589,0.089438,1,All,#4682B4,0
3,8,10.5,1.59862,-0.509489,-1.8707,1,All,#4682B4,0
4,8,10.5,1.4337,-0.283,-1.42147,1,All,#4682B4,0
5,8,10.5,1.40428,-0.236995,-0.373358,1,All,#4682B4,0
6,8,10.5,1.60057,-0.511892,-1.55642,1,All,#4682B4,0
7,8,10.5,1.67694,-0.601446,-0.666902,1,All,#4682B4,0
8,8,10.5,1.85351,-0.780263,-2.23021,1,All,#4682B4,0
9,8,10.5,1.69534,-0.621823,-1.53143,1,All,#4682B4,0
10,8,10.5,1.27617,-0.0119817,-0.32859,1,All,#4682B4,0
1,8,11,1.50574,-0.388032,-0.758469,1,All,#4682B4,0
2,8,11,0.935693,0.885521,-0.062046,1,All,#4682B4,0
3,8,11,1.38544,-0.206518,-1.17295,1,All,#4682B4,0
4,8,11,1.1947,0.156219,-0.44621,1,All,#4682B4,0
5,8,11,1.15883,0.237773,0.00515715,1,All,#4682B4,0
6,8,11,1.36661,-0.175216,-1.95576,1,All,#4682B4,0
7,8,11,1.42757,-0.27356,-0.396001,1,All,#4682B4,0
8,8,11,1.61318,-0.527261,-1.1657,1,All,#4682B4,0
9,8,11,1.40514,-0.238374,-1.3114,1,All,#4682B4,0
10,8,11,1.00984,0.63851,-1.97179,1,All,#4682B4,0
1,8,11.5,1.21763,0.106607,-0.62189,1,All,#4682B4,0
2,8,11.5,0.78662,1.52303,-0.467981,1,All,#4682B4,0
3,8,11.5,1.19695,0.151261,-1.88988,1,All,#4682B4,0
4,8,11.5,0.96796,0.773382,0.771116,1,All,#4682B4,0
5,8,11.5,0.937964,0.877375,0.77757,1,All,#4682B4,0
6,8,11.5,1.11807,0.336788,-1.17344,1,All,#4682B4,0
7,8,11.5,1.17195,0.207353,-1.11276,1,All,#4682B4,0
8,8,11.5,1.36353,-0.170015,-0.70323,1,All,#4682B4,0
9,8,11.5,1.10826,0.3617,-0.121334,1,All,#4682B4,0
10,8,11.5,0.81436,1.38673,-1.03703,1,All,#4682B4,0
1,8,12,0.94954,0.836462,0.251749,1,All,#4682B4,0
2,8,12,0.689646,2.08571,0.275055,1,All,#4682B4,0
3,8,12,1.05173,0.514382,-1.33627,1,All,#4682B4,0
4,8,12,0.784454,1.53408,-0.305501,1,All,#4682B4,0
5,8,12,0.765686,1.63244,-0.0803755,1,All,#4682B4,0
6,8,12,0.882909,1.08664,-0.459207,1,All,#4682B4,0
7,8,12,0.933008,0.895199,-0.491293,1,All,#4682B4,0
8,8,12,1.14873,0.261652,-0.300713,1,All,#4682B4,0
9,8,12,0.853957,1.2075,0.382358,1,All,#4682B4,0
10,8,12,0.692344,2.06792,0.494884,1,All,#4682B4,0
1,8,12.5,0.743815,1.75331,1.20019,1,All,#4682B4,0
2,8,12.5,0.625645,2.55261,1.87215,1,All,#4682B4,0
3,8,12.5,0.938612,0.875059,0.744688,1,All,#4682B4,0
4,8,12.5,0.656767,2.3142,0.633403,1,All,#4682B4,0
5,8,12.5,0.643954,2.40956,0.837853,1,All,#4682B4,0
6,8,12.5,0.692882,2.06439,0.708908,1,All,#4682B4,0
7,8,12.5,0.739989,1.7752,0.434648,1,All,#4682B4,0
8,8,12.5,1.00355,0.658055,0.480239,1,All,#4682B4,0
9,8,12.5,0.673271,2.19671,1.05627,1,All,#4682B4,0
10,8,12.5,0.615534,2.63524,-1.46987,1,All,#4682B4,0
1,8,13,0.604152,2.73159,0.169476,1,All,#4682B4,0
2,8,13,0.579362,2.95452,-0.463375,1,All,#4682B4,0
3,8,13,0.849854,1.2253,0.688043,1,All,#4682B4,0
4,8,13,0.573931,3.00593,-0.282422,1,All,#4682B4,0
5,8,13,0.562499,3.11739,-0.608263,1,All,#4682B4,0
6,8,13,0.558736,3.15508,-0.88693,1,All,#4682B4,0
7,8,13,0.602561,2.74534,-0.618544,1,All,#4682B4,0
8,8,13,0.914477,0.963567,-0.712287,1,All,#4682B4,0
9,8,13,0.554646,3.19663,-0.0495288,1,All,#4682B4,0
10,8,13,0.563542,3.10703,1.31422,1,All,#4682B4,0
1,8,13.5,0.512951,3.65792,-0.346457,1,All,#4682B4,0
2,8,13.5,0.540762,3.34233,-0.799072,1,All,#4682B4,0
3,8,13.5,0.774078,1.58787,-0.050268,1,All,#4682B4,0
4,8,13.5,0.519986,3.57491,1.95154,1,All,#4682B4,0
5,8,13.5,0.508658,3.70971,-1.26639,1,All,#4682B4,0
6,8,13.5,0.469271,4.2291,0.000667268,1,All,#4682B4,0
7,8,13.5,0.512483,3.66353,-1.6973,1,All,#4682B4,0
8,8,13.5,0.857102,1.19398,0.497235,1,All,#4682B4,0
9,8,13.5,0.477092,4.11915,-0.51374,1,All,#4682B4,0
10,8,13.5,0.52297,3.54036,-1.40049,1,All,#4682B4,0
1,8,14,0.451463,4.49368,-1.60085,1,All,#4682B4,0
2,8,14,0.503828,3.76904,-0.652895,1,All,#4682B4,0
3,8,14,0.706508,1.97677,0.105048,1,All,#4682B4,0
4,8,14,0.481585,4.05759,0.736975,1,All,#4682B4,0
5,8,14,0.471264,4.20073,-0.702148,1,All,#4682B4,0
6,8,14,0.408738,5.22248,-0.486393,1,All,#4682B4,0
7,8,14,0.455536,4.43135,0.17879,1,All,#4682B4,0
8,8,14,0.815007,1.38366,0.292367,1,All,#4682B4,0
9,8,14,0.422411,4.9732,0.525279,1,All,#4682B4,0
10,8,14,0.484848,4.0136,0.745168,1,All,#4682B4,0
1,8,14.5,0.405604,5.28198,-1.29822,1,All,#4682B4,0
2,8,14.5,0.466479,4.26925,0.905559,1,All,#4682B4,0
3,8,14.5,0.642241,2.4226,0.126736,1,All,#4682B4,0
4,8,14.5,0.451518,4.49284,1.65395,1,All,#4682B4,0
5,8,14.5,0.4416,4.64941,-0.134674,1,All,#4682B4,0
6,8,14.5,0.364074,6.16721,-0.327772,1,All,#4682B4,0
7,8,14.5,0.418336,5.0458,0.919373,1,All,#4682B4,0
8,8,14.5,0.778709,1.56369,-1.00453,1,All,#4682B4,0
9,8,14.5,0.378989,5.82696,-0.604976,1,All,#4682B4,0
10,8,14.5,0.447671,4.55275,-0.306405,1,All,#4682B4,0
1,8,15,0.367156,6.09465,-0.143577,1,All,#4682B4,0
2,8,15,0.426962,4.89379,0.210693,1,All,#4682B4,0
3,8,15,0.579749,2.95089,-0.719272,1,All,#4682B4,0
4,8,15,0.423385,4.95606,-0.777167,1,All,#4682B4,0
5,8,15,0.41461,5.11341,1.19393,1,All,#4682B4,0
6,8,15,0.326456,7.16349,-1.00736,1,All,#4682B4,0
7,8,15,0.391363,5.56437,0.107484,1,All,#4682B4,0
8,8,15,0.744165,1.75133,0.374661,1,All,#4682B4,0
9,8,15,0.339549,6.79167,-2.23721,1,All,#4682B4,0
10,8,15,0.408832,5.22071,-0.0278418,1,All,#4682B4,0
1,8,15.5,0.329788,7.06606,0.0220171,1,All,#4682B4,0
2,8,15.5,0.384781,5.70196,1.65709,1,All,#4682B4,0
3,8,15.5,0.518724,3.58963,-0.88041,1,All,#4682B4,0
4,8,15.5,0.395916,5.47188,0.138688,1,All,#4682B4,0
5,8,15.5,0.38755,5.6435,-0.751161,1,All,#4682B4,0
6,8,15.5,0.293568,8.24364,-0.446603,1,All,#4682B4,0
7,8,15.5,0.367967,6.07575,-0.979282,1,All,#4682B4,0
8,8,15.5,0.708342,1.96524,-0.240796,1,All,#4682B4,0
9,8,15.5,0.301021,7.97818,0.941515,1,All,#4682B4,0
10,8,15.5,0.367581,6.08473,-1.74269,1,All,#4682B4,0
1,8,16,0.293503,8.24604,1.43079,1,All,#4682B4,0
2,8,16,0.339262,6.79952,1.15331,1,All,#4682B4,0
3,8,16,0.458249,4.39044,-0.341921,1,All,#4682B4,0
4,8,16,0.367911,6.07706,-1.0921,1,All,#4682B4,0
5,8,16,0.35902,6.28892,-1.10667,1,All,#4682B4,0
6,8,16,0.259996,9.62814,0.423147,1,All,#4682B4,0
7,8,16,0.345875,6.62215,0.750327,1,All,#4682B4,0
8,8,16,0.671253,2.21077,0.231025,1,All,#4682B4,0
9,8,16,0.261467,9.56005,-0.683294,1,All,#4682B4,0
10,8,16,0.324444,7.22326,-0.0798962,1,All,#4682B4,0
1,8,16.5,0.255825,9.82552,-0.626053,1,All,#4682B4,0
2,8,16.5,0.291725,8.31138,0.0516263,1,All,#4682B4,0
3,8,16.5,0.398052,5.42922,-0.37805,1,All,#4682B4,0
4,8,16.5,0.338396,6.82326,1.90126,1,All,#4682B4,0
5,8,16.5,0.32782,7.12337,-0.72235,1,All,#4682B4,0
6,8,16.5,0.224527,11.5407,-0.282222,1,All,#4682B4,0
7,8,16.5,0.322746,7.27433,0.825419,1,All,#4682B4,0
8,8,16.5,0.632705,2.49647,-1.52141,1,All,#4682B4,0
9,8,16.5,0.218526,11.9256,-1.38373,1,All,#4682B4,0
10,8,16.5,0.279141,8.79783,0.416279,1,All,#4682B4,0
1,8,17,0.216738,12.0445,0.821479,1,All,#4682B4,0
2,8,17,0.242019,10.5274,0.286211,1,All,#4682B4,0
3,8,17,0.338522,6.81982,-0.767997,1,All,#4682B4,0
4,8,17,0.307979,7.74195,0.443813,1,All,#4682B4,0
5,8,17,0.294601,8.20606,1.42525,1,All,#4682B4,0
6,8,17,0.188206,14.2462,-0.275084,1,All,#4682B4,0
7,8,17,0.296104,8.15181,-0.0226231,1,All,#4682B4,0
8,8,17,0.59267,2.83253,0.834248,1,All,#4682B4,0
9,8,17,0.174262,15.5844,-1.67092,1,All,#4682B4,0
10,8,17,0.232272,11.0732,-1.36022,1,All,#4682B4,0
1,8,17.5,0.175223,15.4853,0.180259,1,All,#4682B4,0
2,8,17.5,0.190029,14.0857,0.919789,1,All,#4682B4,0
3,8,17.5,0.278782,8.81232,-1.07108,1,All,#4682B4,0
4,8,17.5,0.275015,8.96699,-0.739268,1,All,#4682B4,0
5,8,17.5,0.259201,9.66526,-0.469466,1,All,#4682B4,0
6,8,17.5,0.15053,18.4321,-1.18099,1,All,#4682B4,0
7,8,17.5,0.267386,9.29353,-0.977228,1,All,#4682B4,0
8,8,17.5,0.55139,3.23014,-0.713106,1,All,#4682B4,0
9,8,17.5,0.127831,22.1453,0.817801,1,All,#4682B4,0
10,8,17.5,0.183675,14.6587,-1.6959,1,All,#4682B4,0
1,8,18,0.133316,21.1322,-0.536993,1,All,#4682B4,0
2,8,18,0.136397,20.5989,1.48796,1,All,#4682B4,0
3,8,18,0.219018,11.8933,0.460854,1,All,#4682B4,0
4,8,18,0.241999,10.5285,1.36519,1,All,#4682B4,0
5,8,18,0.222122,11.6925,-0.968669,1,All,#4682B4,0
6,8,18,0.111574,25.7332,-0.562314,1,All,#4682B4,0
7,8,18,0.236133,10.8516,-1.72704,1,All,#4682B4,0
8,8,18,0.50863,3.71005,-0.975309,1,All,#4682B4,0
9,8,18,0.0795874,37.0715,1.09915,1,All,#4682B4,0
10,8,18,0.133689,21.0663,0.949649,1,All,#4682B4,0
1,8,18.5,0.0895574,32.6685,1.03422,1,All,#4682B4,0
2,8,18.5,0.081337,36.2207,-0.439759,1,All,#4682B4,0
3,8,18.5,0.159335,17.2766,-1.30961,1,All,#4682B4,0
4,8,18.5,0.20744,12.6954,-0.641082,1,All,#4682B4,0
5,8,18.5,0.182694,14.7508,-0.883621,1,All,#4682B4,0
6,8,18.5,0.0710431,41.8281,-0.559638,1,All,#4682B4,0
7,8,18.5,0.203059,13.0228,0.792286,1,All,#4682B4,0
8,8,18.5,0.464845,4.29297,-0.937206,1,All,#4682B4,0
9,8,18.5,0.0299297,102.691,-0.105567,1,All,#4682B4,0
10,8,18.5,0.0825147,35.6684,-0.750783,1,All,#4682B4,0
1,8,19,0.0443911,68.4293,-0.773137,1,All,#4682B4,0
2,8,19,0.0245139,125.925,1.54802,1,All,#4682B4,0
3,8,19,0.0996477,29.1096,0.819902,1,All,#4682B4,0
4,8,19,0.171965,15.8257,-0.232355,1,All,#4682B4,0
5,8,19,0.141735,19.7298,0.650932,1,All,#4682B4,0
6,8,19,0.0292976,104.959,0.545158,1,All,#4682B4,0
7,8,19,0.167455,16.3187,0.729659,1,All,#4682B4,0
8,8,19,0.420148,5.01334,-1.06603,1,All,#4682B4,0
9,8,19,0,5.71957e+15,1.1867,1,All,#4682B4,0
10,8,19,0.0301547,101.906,-0.293014,1,All,#4682B4,0
1,8,19.5,0,5.71957e+15,0,1,All,#4682B4,0
2,8,19.5,0,5.71957e+15,0,1,All,#4682B4,0
3,8,19.5,0.0395812,77.0461,-0.0642965,1,All,#4682B4,0
4,8,19.5,0.135947,20.6753,-1.34002,1,All,#4682B4,0
5,8,19.5,0.0999019,29.0292,0.854876,1,All,#4682B4,0
6,8,19.5,0,5.71957e+15,0,1,All,#4682B4,0
7,8,19.5,0.130046,21.7259,-0.311044,1,All,#4682B4,0
8,8,19.5,0.37451,5.92631,-1.56553,1,All,#4682B4,0
9,8,19.5,0,5.71957e+15,0,1,All,#4682B4,0
10,8,19.5,0,5.71957e+15,1.62275,1,All,#4682B4,0
1,9,1,0,5.71957e+15,0,1,All,#4682B4,0
2,9,1,0,5.71957e+15,0,1,All,#4682B4,0
3,9,1,0,5.71957e+15,0,1,All,#4682B4,0
4,9,1,0,5.71957e+15,0,1,All,#4682B4,0
5,9,1,0,5.71957e+15,0,1,All,#4682B4,0
6,9,1,0,5.71957e+15,0,1,All,#4682B4,0
7,9,1,0,5.71957e+15,1.86822,1,All,#4682B4,0
8,9,1,0,5.71957e+15,0,1,All,#4682B4,0
9,9,1,0,5.71957e+15,2.24888,1,All,#4682B4,0
10,9,1,0,5.71957e+15,2.06712,1,All,#4682B4,0
1,9,1.5,0,5.71957e+15,1.77857,1,All,#4682B4,0
2,9,1.5,0,5.71957e+15,1.86668,1,All,#4682B4,0
3,9,1.5,0,5.71957e+15,0,1,All,#4682B4,0
4,9,1.5,0,5.71957e+15,1.22859,1,All,#4682B4,0
5,9,1.5,0,5.71957e+15,0,1,All,#4682B4,0
6,9,1.5,0,5.71957e+15,0,1,All,#4682B4,0
7,9,1.5,0,5.71957e+15,1.68011,1,All,#4682B4,0
8,9,1.5,0,5.71957e+15,0,1,All,#4682B4,0
9,9,1.5,0,5.71957e+15,0,1,All,#4682B4,0
10,9,1.5,0,5.71957e+15,0,1,All,#4682B4,0
1,9,2,0,5.71957e+15,0,1,All,#4682B4,0
2,9,2,0.0793377,37.1959,0.103127,1,All,#4682B4,0
3,9,2,1.25855,0.0225523,-2.03095,1,All,#4682B4,0
4,9,2,0.292239,8.29241,1.01333,1,All,#4682B4,0
5,9,2,0.101327,28.586,-1.32491,1,All,#4682B4,0
6,9,2,0.406803,5.25912,-0.622521,1,All,#4682B4,0
7,9,2,0,5.71957e+15,0,1,All,#4682B4,0
8,9,2,0.764249,1.64017,0.211517,1,All,#4682B4,0
9,9,2,0.543935,3.30838,0.0581284,1,All,#4682B4,0
10,9,2,0.119417,23.8803,-0.930052,1,All,#4682B4,0
1,9,2.5,1.36778,-0.177182,-0.548242,1,All,#4682B4,0
2,9,2.5,1.54894,-0.446342,-0.791475,1,All,#4682B4,0
3,9,2.5,1.97535,-0.885011,-1.36956,1,All,#4682B4,0
4,9,2.5,1.61986,-0.53531,-0.897203,1,All,#4682B4,0
5,9,2.5,1.4247,-0.269124,-2.16425,1,All,#4682B4,0
6,9,2.5,1.39722,-0.225664,-1.40838,1,All,#4682B4,0
7,9,2.5,1.03556,0.561092,-0.192284,1,All,#4682B4,0
8,9,2.5,1.50669,-0.389354,-0.742638,1,All,#4682B4,0
9,9,2.5,1.54496,-0.441106,-1.31936,1,All,#4682B4,0
10,9,2.5,1.20738,0.128555,-0.255245,1,All,#4682B4,0
1,9,3,1.88246,1.06322,1.06322,0,All,#4682B4,0
2,9,3,2.12636,0.656985,0.656985,0,All,#4682B4,0
3,9,3,2.30923,0.408685,0.408685,0,All,#4682B4,0
4,9,3,2.0883,0.714127,0.714127,0,All,#4682B4,0
5,9,3,2.11367,0.6758,0.6758,0,All,#4682B4,0
6,9,3,1.82435,1.17604,1.17604,0,All,#4682B4,0
7,9,3,1.72159,1.39418,1.39418,0,All,#4682B4,0
8,9,3,1.85722,1.11136,1.11136,0,All,#4682B4,0
9,9,3,1.98878,0.873883,0.873883,0,All,#4682B4,0
10,9,3,1.69726,1.44968,1.44968,0,All,#4682B4,0
1,9,3.5,2.15562,0.98234,0.98234,0,All,#4682B4,0
2,9,3.5,2.44049,0.578376,0.578376,0,All,#4682B4,0
3,9,3.5,2.49635,0.50998,0.50998,0,All,#4682B4,0
4,9,3.5,2.34059,0.708848,0.708848,0,All,#4682B4,0
5,9,3.5,2.51732,0.485081,0.485081,0,All,#4682B4,0
6,9,3.5,2.06785,1.12925,1.12925,0,All,#4682B4,0
7,9,3.5,2.12876,1.02601,1.02601,0,All,#4682B4,0
8,9,3.5,2.06018,1.14267,1.14267,0,All,#4682B4,0
9,9,3.5,2.23765,0.855474,0.855474,0,All,#4682B4,0
10,9,3.5,1.9682,1.3119,1.3119,0,All,#4682B4,0
1,9,4,2.30667,0.830926,0.830926,0,All,#4682B4,0
2,9,4,2.61123,0.444938,0.444938,0,All,#4682B4,0
3,9,4,2.586,0.473466,0.473466,0,All,#4682B4,0
4,9,4,2.48098,0.598422,0.598422,0,All,#4682B4,0
5,9,4,2.70407,0.344568,0.344568,0,All,#4682B4,0
6,9,4,2.21141,0.973495,0.973495,0,All,#4682B4,0
7,9,4,2.35425,0.764047,0.764047,0,All,#4682B4,0
8,9,4,2.18283,1.01868,1.01868,0,All,#4682B4,0
9,9,4,2.36753,0.745862,0.745862,0,All,#4682B4,0
10,9,4,2.11605,1.12905,1.12905,0,All,#4682B4,0
1,9,4.5,2.36792,0.483652,0.483652,0,All,#4682B4,0
2,9,4.5,2.66906,0.149453,0.149453,0,All,#4682B4,0
3,9,4.5,2.59493,0.224523,0.224523,0,All,#4682B4,0
4,9,4.5,2.53584,0.287508,0.287508,0,All,#4682B4,0
5,9,4.5,2.69162,0.12742,0.12742,0,All,#4682B4,0
6,9,4.5,2.27856,0.599828,0.599828,0,All,#4682B4,0
7,9,4.5,2.41725,0.423212,0.423212,0,All,#4682B4,0
8,9,4.5,2.24861,0.640831,0.640831,0,All,#4682B4,0
9,9,4.5,2.40323,0.440131,0.440131,0,All,#4682B4,0
10,9,4.5,2.1676,0.757397,0.757397,0,All,#4682B4,0
1,9,5,2.35578,0.488405,0.488405,0,All,#4682B4,0
2,9,5,2.63757,0.171425,0.171425,0,All,#4682B4,0
3,9,5,2.54369,0.269229,0.269229,0,All,#4682B4,0
4,9,5,2.5238,0.290881,0.290881,0,All,#4682B4,0
5,9,5,2.53222,0.28167,0.28167,0,All,#4682B4,0
6,9,5,2.27932,0.587918,0.587918,0,All,#4682B4,0
7,9,5,2.3274,0.524583,0.524583,0,All,#4682B4,0
8,9,5,2.26606,0.60587,0.60587,0,All,#4682B4,0
9,9,5,2.3675,0.473718,0.473718,0,All,#4682B4,0
10,9,5,2.1364,0.793062,0.793062,0,All,#4682B4,0
1,9,5.5,2.28959,-1.10371,-1.35313,1,All,#4682B4,0
2,9,5.5,2.54761,-1.24294,-1.55993,1,All,#4682B4,0
3,9,5.5,2.45121,-1.19435,-1.31828,1,All,#4682B4,0
4,9,5.5,2.46746,-1.20281,-1.68495,1,All,#4682B4,0
5,9,5.5,2.29774,-1.10859,-1.26485,1,All,#4682B4,0
6,9,5.5,2.2303,-1.06716,-2.05891,1,All,#4682B4,0
7,9,5.5,2.13003,-1.00072,-1.87072,1,All,#4682B4,0
8,9,5.5,2.2293,-1.06653,-1.91433,1,All,#4682B4,0
9,9,5.5,2.28939,-1.10359,-1.63096,1,All,#4682B4,0
10,9,5.5,2.04061,-0.935966,-1.27226,1,All,#4682B4,0
1,9,6,2.18721,-1.03936,-1.3818,1,All,#4682B4,0
2,9,6,2.42184,-1.17878,-1.2126,1,All,#4682B4,0
3,9,6,2.32684,-1.12572,-2.433,1,All,#4682B4,0
4,9,6,2.38454,-1.15845,-1.50165,1,All,#4682B4,0
5,9,6,2.04116,-0.936381,-1.21837,1,All,#4682B4,0
6,9,6,2.14783,-1.01297,-1.19353,1,All,#4682B4,0
7,9,6,1.87392,-0.798756,-1.59836,1,All,#4682B4,0
8,9,6,2.1427,-1.00946,-1.5008,1,All,#4682B4,0
9,9,6,2.18697,-1.0392,-1.91757,1,All,#4682B4,0
10,9,6,1.90211,-0.82365,-1.54724,1,All,#4682B4,0
1,9,6.5,2.06162,-0.386651,-0.386651,0,All,#4682B4,0
2,9,6.5,2.26456,-0.574116,-0.574116,0,All,#4682B4,0
3,9,6.5,2.17222,-0.493163,-0.493163,0,All,#4682B4,0
4,9,6.5,2.28237,-0.588978,-0.588978,0,All,#4682B4,0
5,9,6.5,1.79603,-0.0773223,-0.0773223,0,All,#4682B4,0
6,9,6.5,2.04192,-0.366472,-0.366472,0,All,#4682B4,0
7,9,6.5,1.59689,0.222114,0.222114,0,All,#4682B4,0
8,9,6.5,2.0117,-0.334742,-0.334742,0,All,#4682B4,0
9,9,6.5,2.06629,-0.391378,-0.391378,0,All,#4682B4,0
10,9,6.5,1.74078,-0.00111257,-0.00111257,0,All,#4682B4,0
1,9,7,1.91851,-0.837794,-1.17732,1,All,#4682B4,0
2,9,7,2.07996,-0.96515,-1.44521,1,All,#4682B4,0
3,9,7,1.98561,-0.893244,-1.2593,1,All,#4682B4,0
4,9,7,2.16218,-1.02269,-1.54094,1,All,#4682B4,0
5,9,7,1.58701,-0.49508,-1.33486,1,All,#4682B4,0
6,9,7,1.91664,-0.836197,-1.29029,1,All,#4682B4,0
7,9,7,1.32795,-0.108155,-0.857593,1,All,#4682B4,0
8,9,7,1.84094,-0.768665,-1.82438,1,All,#4682B4,0
9,9,7,1.92803,-0.8459,-1.51543,1,All,#4682B4,0
10,9,7,1.57245,-0.476716,-1.47116,1,All,#4682B4,0
1,9,7.5,1.7601,-0.25361,-0.25361,0,All,#4682B4,0
2,9,7.5,1.86911,-0.383368,-0.383368,0,All,#4682B4,0
3,9,7.5,1.76615,-0.261233,-0.261233,0,All,#4682B4,0
4,9,7.5,2.0227,-0.542456,-0.542456,0,All,#4682B4,0
5,9,7.5,1.43204,0.256074,0.256074,0,All,#4682B4,0
6,9,7.5,1.77275,-0.269481,-0.269481,0,All,#4682B4,0
7,9,7.5,1.09128,1.10997,1.10997,0,All,#4682B4,0
8,9,7.5,1.63575,-0.0844706,-0.0844706,0,All,#4682B4,0
9,9,7.5,1.77118,-0.267531,-0.267531,0,All,#4682B4,0
10,9,7.5,1.40967,0.29948,0.29948,0,All,#4682B4,0
1,9,8,1.58743,-0.495614,-1.44277,1,All,#4682B4,0
2,9,8,1.63354,-0.551582,-0.902871,1,All,#4682B4,0
3,9,8,1.51976,-0.407314,-0.704928,1,All,#4682B4,0
4,9,8,1.8619,-0.787913,-1.12338,1,All,#4682B4,0
5,9,8,1.3359,-0.122264,-0.530319,1,All,#4682B4,0
6,9,8,1.60989,-0.523268,-0.684049,1,All,#4682B4,0
7,9,8,0.905381,0.998148,-1.7342,1,All,#4682B4,0
8,9,8,1.40796,-0.242855,-1.17114,1,All,#4682B4,0
9,9,8,1.59464,-0.504574,-0.7767,1,All,#4682B4,0
10,9,8,1.26258,0.0145656,-0.531852,1,All,#4682B4,0
1,9,8.5,1.40183,-0.233075,-0.998144,1,All,#4682B4,0
2,9,8.5,1.37914,-0.19614,-2.4071,1,All,#4682B4,0
3,9,8.5,1.26877,0.00240034,-1.67598,1,All,#4682B4,0
4,9,8.5,1.67789,-0.602511,-0.986121,1,All,#4682B4,0
5,9,8.5,1.25459,0.0304524,-0.781094,1,All,#4682B4,0
6,9,8.5,1.42802,-0.274266,-0.821528,1,All,#4682B4,0
7,9,8.5,0.778614,1.56418,-0.532867,1,All,#4682B4,0
8,9,8.5,1.18013,0.188743,-0.691213,1,All,#4682B4,0
9,9,8.5,1.39827,-0.227366,-0.691177,1,All,#4682B4,0
10,9,8.5,1.14052,0.281367,-0.403905,1,All,#4682B4,0
1,9,9,1.20614,0.131226,-1.77618,1,All,#4682B4,0
2,9,9,1.12117,0.329018,0.227358,1,All,#4682B4,0
3,9,9,1.05962,0.492088,-0.319239,1,All,#4682B4,0
4,9,9,1.47016,-0.337438,-1.14995,1,All,#4682B4,0
5,9,9,1.14231,0.277039,-0.505116,1,All,#4682B4,0
6,9,9,1.22918,0.0823065,-0.0931225,1,All,#4682B4,0
7,9,9,0.70832,1.96538,0.180087,1,All,#4682B4,0
8,9,9,0.974011,0.75318,0.0456471,1,All,#4682B4,0
9,9,9,1.18456,0.178757,-0.620782,1,All,#4682B4,0
10,9,9,1.02277,0.599106,-2.27955,1,All,#4682B4,0
1,9,9.5,1.00652,0.648803,-0.400149,1,All,#4682B4,0
2,9,9.5,0.885835,1.07486,-0.307387,1,All,#4682B4,0
3,9,9.5,0.916884,0.954531,0.120574,1,All,#4682B4,0
4,9,9.5,1.24202,0.0558278,-0.334254,1,All,#4682B4,0
5,9,9.5,1.0025,0.661354,0.00241013,1,All,#4682B4,0
6,9,9.5,1.01986,0.607904,-0.624728,1,All,#4682B4,0
7,9,9.5,0.657294,2.31035,0.321152,1,All,#4682B4,0
8,9,9.5,0.807597,1.4191,0.878298,1,All,#4682B4,0
9,9,9.5,0.961049,0.796766,-0.566748,1,All,#4682B4,0
10,9,9.5,0.888523,1.06411,0.519445,1,All,#4682B4,0
1,9,10,0.81436,1.38673,0.301958,1,All,#4682B4,0
2,9,10,0.69811,2.03037,0.195349,1,All,#4682B4,0
3,9,10,0.829409,1.3166,-0.311066,1,All,#4682B4,0
4,9,10,1.00665,0.648385,-0.124262,1,All,#4682B4,0
5,9,10,0.842012,1.2598,-1.36561,1,All,#4682B4,0
6,9,10,0.813948,1.38869,-1.79593,1,All,#4682B4,0
7,9,10,0.586382,2.88948,-1.14042,1,All,#4682B4,0
8,9,10,0.681452,2.14059,-0.83929,1,All,#4682B4,0
9,9,10,0.749074,1.7236,1.38883,1,All,#4682B4,0
10,9,10,0.748021,1.72952,-1.48216,1,All,#4682B4,0
1,9,10.5,0.645465,2.39812,-0.5847,1,All,#4682B4,0
2,9,10.5,0.565367,3.089,-0.000503659,1,All,#4682B4,0
3,9,10.5,0.775802,1.57883,-1.00736,1,All,#4682B4,0
4,9,10.5,0.789225,1.50983,0.386319,1,All,#4682B4,0
5,9,10.5,0.663339,2.26672,1.48172,1,All,#4682B4,0
6,9,10.5,0.634783,2.48018,-0.670716,1,All,#4682B4,0
7,9,10.5,0.50171,3.79541,-0.278547,1,All,#4682B4,0
8,9,10.5,0.585661,2.89609,-1.28244,1,All,#4682B4,0
9,9,10.5,0.567482,3.06826,-0.811379,1,All,#4682B4,0
10,9,10.5,0.608535,2.69406,-1.36697,1,All,#4682B4,0
1,9,11,0.511672,3.67326,-0.330725,1,All,#4682B4,0
2,9,11,0.477418,4.11464,0.120692,1,All,#4682B4,0
3,9,11,0.737546,1.78928,0.00149221,1,All,#4682B4,0
4,9,11,0.619832,2.59978,-1.9249,1,All,#4682B4,0
5,9,11,0.467611,4.25291,-1.15442,1,All,#4682B4,0
6,9,11,0.495487,3.8742,-1.03939,1,All,#4682B4,0
7,9,11,0.401281,5.36558,0.714923,1,All,#4682B4,0
8,9,11,0.510958,3.68186,0.333186,1,All,#4682B4,0
9,9,11,0.432068,4.80666,0.868237,1,All,#4682B4,0
10,9,11,0.474751,4.15168,0.771846,1,All,#4682B4,0
1,9,11.5,0.417972,5.05235,-1.09782,1,All,#4682B4,0
2,9,11.5,0.421254,4.99368,-0.88468,1,All,#4682B4,0
3,9,11.5,0.706504,1.9768,-1.75314,1,All,#4682B4,0
4,9,11.5,0.504342,3.76267,0.389126,1,All,#4682B4,0
5,9,11.5,0.26317,9.48215,0.546159,1,All,#4682B4,0
6,9,11.5,0.397586,5.43849,-0.391058,1,All,#4682B4,0
7,9,11.5,0.287706,8.46212,0.0814227,1,All,#4682B4,0
8,9,11.5,0.448367,4.54183,0.587412,1,All,#4682B4,0
9,9,11.5,0.340367,6.76942,-1.14525,1,All,#4682B4,0
10,9,11.5,0.348704,6.54829,0.248028,1,All,#4682B4,0
1,9,12,0.35815,6.31023,1.17877,1,All,#4682B4,0
2,9,12,0.384484,5.70827,-0.286177,1,All,#4682B4,0
3,9,12,0.674964,2.18499,-1.65885,1,All,#4682B4,0
4,9,12,0.431675,4.81328,-0.458663,1,All,#4682B4,0
5,9,12,0.0499127,60.5852,-0.369676,1,All,#4682B4,0
6,9,12,0.335314,6.90877,0.885773,1,All,#4682B4,0
7,9,12,0.161138,17.0555,-1.21122,1,All,#4682B4,0
8,9,12,0.392661,5.53778,-1.11086,1,All,#4682B4,0
9,9,12,0.282574,8.66083,-0.314269,1,All,#4682B4,0
10,9,12,0.226972,11.3897,-1.8661,1,All,#4682B4,0
1,9,12.5,0.322569,7.27966,-0.144101,1,All,#4682B4,0
2,9,12.5,0.357031,6.33776,0.515612,1,All,#4682B4,0
3,9,12.5,0.64098,2.43224,-1.49874,1,All,#4682B4,0
4,9,12.5,0.384556,5.70675,-0.780718,1,All,#4682B4,0
5,9,12.5,0,5.71957e+15,0,1,All,#4682B4,0
6,9,12.5,0.294718,8.2018,0.645713,1,All,#4682B4,0
7,9,12.5,0.0243653,126.708,0.0400094,1,All,#4682B4,0
8,9,12.5,0.338766,6.8131,0.755933,1,All,#4682B4,0
9,9,12.5,0.245795,10.3276,1.12886,1,All,#4682B4,0
10,9,12.5,0.10726,26.8678,0.959461,1,All,#4682B4,0
1,9,13,0.302899,7.91335,0.548462,1,All,#4682B4,0
2,9,13,0.333121,6.97057,-0.48862,1,All,#4682B4,0
3,9,13,0.60419,2.73126,0.0336238,1,All,#4682B4,0
4,9,13,0.354605,6.39809,1.96014,1,All,#4682B4,0
5,9,13,0,5.71957e+15,0,1,All,#4682B4,0
6,9,13,0.266375,9.33823,-0.974492,1,All,#4682B4,0
7,9,13,0,5.71957e+15,1.06999,1,All,#4682B4,0
8,9,13,0.28554,8.5451,0.758276,1,All,#4682B4,0
9,9,13,0.221421,11.7373,-0.876155,1,All,#4682B4,0
10,9,13,0,5.71957e+15,0,1,All,#4682B4,0
1,9,13.5,0.292197,8.29394,0.927869,1,All,#4682B4,0
2,9,13.5,0.308923,7.7107,1.08968,1,All,#4682B4,0
3,9,13.5,0.562906,3.11335,0.151496,1,All,#4682B4,0
4,9,13.5,0.329889,7.06313,-2.25968,1,All,#4682B4,0
5,9,13.5,0,5.71957e+15,0,1,All,#4682B4,0
6,9,13.5,0.245689,10.3331,-1.87907,1,All,#4682B4,0
7,9,13.5,0,5.71957e+15,1.7753,1,All,#4682B4,0
8,9,13.5,0.231453,11.1212,1.07947,1,All,#4682B4,0
9,9,13.5,0.202078,13.098,1.22528,1,All,#4682B4,0
10,9,13.5,0,5.71957e+15,0,1,All,#4682B4,0
1,9,14,0.28531,8.554,1.60095,1,All,#4682B4,0
2,9,14,0.282538,8.66224,0.742675,1,All,#4682B4,0
3,9,14,0.518604,3.59103,1.05258,1,All,#4682B4,0
4,9,14,0.306089,7.80505,0.317464,1,All,#4682B4,0
5,9,14,0,5.71957e+15,0,1,All,#4682B4,0
6,9,14,0.225646,11.4711,-0.429144,1,All,#4682B4,0
7,9,14,0,5.71957e+15,1.02209,1,All,#4682B4,0
8,9,14,0.176527,15.3527,-0.96166,1,All,#4682B4,0
9,9,14,0.183591,14.6665,-0.532346,1,All,#4682B4,0
10,9,14,0,5.71957e+15,0,1,All,#4682B4,0
1,9,14.5,0.280199,8.75522,-0.0912668,1,All,#4682B4,0
2,9,14.5,0.252831,9.97122,-0.680212,1,All,#4682B4,0
3,9,14.5,0.471128,4.20266,-1.456,1,All,#4682B4,0
4,9,14.5,0.282147,8.67767,-0.605183,1,All,#4682B4,0
5,9,14.5,0,5.71957e+15,0,1,All,#4682B4,0
6,9,14.5,0.204581,12.9075,1.12632,1,All,#4682B4,0
7,9,14.5,0,5.71957e+15,0,1,All,#4682B4,0
8,9,14.5,0.120383,23.6688,0.972206,1,All,#4682B4,0
9,9,14.5,0.163789,16.7394,-0.802262,1,All,#4682B4,0
10,9,14.5,0,5.71957e+15,2.07403,1,All,#4682B4,0
1,9,15,0.274633,8.98291,0.840272,1,All,#4682B4,0
2,9,15,0.220079,11.824,0.254094,1,All,#4682B4,0
3,9,15,0.421398,4.99111,-0.741144,1,All,#4682B4,0
4,9,15,0.255824,9.82559,-0.0551365,1,All,#4682B4,0
5,9,15,0,5.71957e+15,0,1,All,#4682B4,0
6,9,15,0.181408,14.8729,0.882347,1,All,#4682B4,0
7,9,15,0,5.71957e+15,0,1,All,#4682B4,0
8,9,15,0.0620734,48.2304,0.406581,1,All,#4682B4,0
9,9,15,0.141698,19.7355,0.620629,1,All,#4682B4,0
10,9,15,0,5.71957e+15,0,1,All,#4682B4,0
1,9,15.5,0.26706,9.3079,1.31432,1,All,#4682B4,0
2,9,15.5,0.183883,14.6394,0.277482,1,All,#4682B4,0
3,9,15.5,0.368843,6.05542,0.982211,1,All,#4682B4,0
4,9,15.5,0.227032,11.386,0.397643,1,All,#4682B4,0
5,9,15.5,0,5.71957e+15,0,1,All,#4682B4,0
6,9,15.5,0.158358,17.3985,0.437922,1,All,#4682B4,0
7,9,15.5,0,5.71957e+15,0,1,All,#4682B4,0
8,9,15.5,0.00323524,970.456,-0.438659,1,All,#4682B4,0
9,9,15.5,0.117107,24.4003,-0.0773096,1,All,#4682B4,0
10,9,15.5,0,5.71957e+15,0,1,All,#4682B4,0
1,9,16,0.259059,9.67192,-0.468603,1,All,#4682B4,0
2,9,16,0.145297,19.1853,1.53991,1,All,#4682B4,0
3,9,16,0.31472,7.52302,-1.10009,1,All,#4682B4,0
4,9,16,0.196184,13.566,-1.16659,1,All,#4682B4,0
5,9,16,0,5.71957e+15,0,1,All,#4682B4,0
6,9,16,0.131117,21.5281,-0.742201,1,All,#4682B4,0
7,9,16,0,5.71957e+15,0,1,All,#4682B4,0
8,9,16,0,5.71957e+15,0,1,All,#4682B4,0
9,9,16,0.0886185,33.0409,0.687673,1,All,#4682B4,0
10,9,16,0,5.71957e+15,1.27864,1,All,#4682B4,0
1,9,16.5,0.248277,10.1996,-0.0648238,1,All,#4682B4,0
2,9,16.5,0.102816,28.1361,-0.382648,1,All,#4682B4,0
3,9,16.5,0.258682,9.68965,0.0295957,1,All,#4682B4,0
4,9,16.5,0.162736,16.8638,-0.48486,1,All,#4682B4,0
5,9,16.5,0,5.71957e+15,0,1,All,#4682B4,0
6,9,16.5,0.101794,28.4437,0.559678,1,All,#4682B4,0
7,9,16.5,0,5.71957e+15,2.85078,1,All,#4682B4,0
8,9,16.5,0,5.71957e+15,0,1,All,#4682B4,0
9,9,16.5,0.0582647,51.5452,-1.70653,1,All,#4682B4,0
10,9,16.5,0,5.71957e+15,0,1,All,#4682B4,0
1,9,17,0.23494,10.9193,0.307103,1,All,#4682B4,0
2,9,17,0.058662,51.1793,0.428181,1,All,#4682B4,0
3,9,17,0.201196,13.1664,-0.170078,1,All,#4682B4,0
4,9,17,0.127722,22.1663,0.306573,1,All,#4682B4,0
5,9,17,0,5.71957e+15,1.15373,1,All,#4682B4,0
6,9,17,0.0702673,42.3173,-0.0723744,1,All,#4682B4,0
7,9,17,0,5.71957e+15,1.04502,1,All,#4682B4,0
8,9,17,0,5.71957e+15,0,1,All,#4682B4,0
9,9,17,0.026234,117.506,-0.760558,1,All,#4682B4,0
10,9,17,0,5.71957e+15,0,1,All,#4682B4,0
1,9,17.5,0.220943,11.768,0.432994,1,All,#4682B4,0
2,9,17.5,0.0131239,237.365,-0.378157,1,All,#4682B4,0
3,9,17.5,0.142231,19.6522,-0.792388,1,All,#4682B4,0
4,9,17.5,0.0908467,32.1697,-1.00575,1,All,#4682B4,0
5,9,17.5,0,5.71957e+15,0,1,All,#4682B4,0
6,9,17.5,0.0370444,82.492,-0.962204,1,All,#4682B4,0
7,9,17.5,0,5.71957e+15,0,1,All,#4682B4,0
8,9,17.5,0,5.71957e+15,0,1,All,#4682B4,0
9,9,17.5,0,5.71957e+15,1.4098,1,All,#4682B4,0
10,9,17.5,0,5.71957e+15,0,1,All,#4682B4,0
1,10,1,0,5.71957e+15,0,1,All,#4682B4,0
2,10,1,0,5.71957e+15,0,1,All,#4682B4,0
3,10,1,0,5.71957e+15,1.20708,1,All,#4682B4,0
4,10,1,0,5.71957e+15,0,1,All,#4682B4,0
5,10,1,0,5.71957e+15,0,1,All,#4682B4,0
6,10,1,0,5.71957e+15,0,1,All,#4682B4,0
7,10,1,0,5.71957e+15,1.39134,1,All,#4682B4,0
8,10,1,0,5.71957e+15,1.52217,1,All,#4682B4,0
9,10,1,0,5.71957e+15,0,1,All,#4682B4,0
10,10,1,0,5.71957e+15,0,1,All,#4682B4,0
1,10,1.5,0.267843,9.27345,-2.14366,1,All,#4682B4,0
2,10,1.5,0,5.71957e+15,0,1,All,#4682B4,0
3,10,1.5,0,5.71957e+15,0,1,All,#4682B4,0
4,10,1.5,0,5.71957e+15,2.21395,1,All,#4682B4,0
5,10,1.5,0,5.71957e+15,0,1,All,#4682B4,0
6,10,1.5,0.726455,1.85444,1.43458,1,All,#4682B4,0
7,10,1.5,0.235199,10.9046,-1.64613,1,All,#4682B4,0
8,10,1.5,0,5.71957e+15,0,1,All,#4682B4,0
9,10,1.5,0.115206,24.8437,0.56922,1,All,#4682B4,0
10,10,1.5,0.348888,6.54355,-1.42482,1,All,#4682B4,0
1,10,2,2.35159,0.483142,0.483142,0,All,#4682B4,0
2,10,2,2.70385,0.0973041,0.0973041,0,All,#4682B4,0
3,10,2,2.44569,0.369196,0.369196,0,All,#4682B4,0
4,10,2,1.93213,1.12611,1.12611,0,All,#4682B4,0
5,10,2,2.27715,0.579957,0.579957,0,All,#4682B4,0
6,10,2,2.42156,0.397568,0.397568,0,All,#4682B4,0
7,10,2,2.12294,0.802121,0.802121,0,All,#4682B4,0
8,10,2,2.12486,0.799158,0.799158,0,All,#4682B4,0
9,10,2,1.90344,1.18044,1.18044,0,All,#4682B4,0
10,10,2,2.2253,0.651222,0.651222,0,All,#4682B4,0
1,10,2.5,2.80944,0.91798,0.91798,0,All,#4682B4,0
2,10,2.5,3.54389,0.214081,0.214081,0,All,#4682B4,0
3,10,2.5,3.129,0.571102,0.571102,0,All,#4682B4,0
4,10,2.5,2.69861,1.05747,1.05747,0,All,#4682B4,0
5,10,2.5,2.89095,0.822213,0.822213,0,All,#4682B4,0
6,10,2.5,2.92903,0.779309,0.779309,0,All,#4682B4,0
7,10,2.5,2.74627,0.996107,0.996107,0,All,#4682B4,0
8,10,2.5,2.90218,0.809447,0.809447,0,All,#4682B4,0
9,10,2.5,2.46619,1.3907,1.3907,0,All,#4682B4,0
10,10,2.5,2.92058,0.78873,0.78873,0,All,#4682B4,0
1,10,3,2.94158,1.2878,1.2878,0,All,#4682B4,0
2,10,3,3.63849,0.566413,0.566413,0,All,#4682B4,0
3,10,3,3.31828,0.86024,0.86024,0,All,#4682B4,0
4,10,3,3.02756,1.18084,1.18084,0,All,#4682B4,0
5,10,3,3.06557,1.13547,1.13547,0,All,#4682B4,0
6,10,3,3.10138,1.09374,1.09374,0,All,#4682B4,0
7,10,3,3.04225,1.16317,1.16317,0,All,#4682B4,0
8,10,3,3.23533,0.945841,0.945841,0,All,#4682B4,0
9,10,3,2.71509,1.60198,1.60198,0,All,#4682B4,0
10,10,3,3.18651,0.998304,0.998304,0,All,#4682B4,0
1,10,3.5,2.86258,1.22724,1.22724,0,All,#4682B4,0
2,10,3.5,3.31993,0.716741,0.716741,0,All,#4682B4,0
3,10,3.5,3.17985,0.857492,0.857492,0,All,#4682B4,0
4,10,3.5,3.05929,0.988958,0.988958,0,All,#4682B4,0
5,10,3.5,2.95008,1.11733,1.11733,0,All,#4682B4,0
6,10,3.5,3.04771,1.00213,1.00213,0,All,#4682B4,0
7,10,3.5,3.13457,0.905685,0.905685,0,All,#4682B4,0
8,10,3.5,3.25561,0.779861,0.779861,0,All,#4682B4,0
9,10,3.5,2.77601,1.3428,1.3428,0,All,#4682B4,0
10,10,3.5,3.14398,0.895552,0.895552,0,All,#4682B4,0
1,10,4,2.65326,0.249167,0.249167,0,All,#4682B4,0
2,10,4,2.87524,0.0385853,0.0385853,0,All,#4682B4,0
3,10,4,2.88925,0.0263783,0.0263783,0,All,#4682B4,0
4,10,4,2.87145,0.041904,0.041904,0,All,#4682B4,0
5,10,4,2.67256,0.229467,0.229467,0,All,#4682B4,0
6,10,4,2.85958,0.0523721,0.0523721,0,All,#4682B4,0
7,10,4,3.0719,-0.122557,-0.122557,0,All,#4682B4,0
8,10,4,3.09882,-0.143025,-0.143025,0,All,#4682B4,0
9,10,4,2.68363,0.218305,0.218305,0,All,#4682B4,0
10,10,4,2.95735,-0.0313063,-0.0313063,0,All,#4682B4,0
1,10,4.5,2.3893,-0.766899,-0.766899,0,All,#4682B4,0
2,10,4.5,2.42642,-0.793078,-0.793078,0,All,#4682B4,0
3,10,4.5,2.55805,-0.879809,-0.879809,0,All,#4682B4,0
4,10,4.5,2.57327,-0.889263,-0.889263,0,All,#4682B4,0
5,10,4.5,2.34073,-0.731383,-0.731383,0,All,#4682B4,0
6,10,4.5,2.61616,-0.915317,-0.915317,0,All,#4682B4,0
7,10,4.5,2.92295,-1.07938,-1.07938,0,All,#4682B4,0
8,10,4.5,2.88296,-1.05998,-1.05998,0,All,#4682B4,0
9,10,4.5,2.49069,-0.83657,-0.83657,0,All,#4682B4,0
10,10,4.5,2.72936,-0.980149,-0.980149,0,All,#4682B4,0
1,10,5,2.14324,-0.177215,-0.177215,0,All,#4682B4,0
2,10,5,2.05466,-0.0779965,-0.0779965,0,All,#4682B4,0
3,10,5,2.25135,-0.287717,-0.287717,0,All,#4682B4,0
4,10,5,2.24662,-0.283105,-0.283105,0,All,#4682B4,0
5,10,5,2.03912,-0.0596997,-0.0596997,0,All,#4682B4,0
6,10,5,2.36409,-0.392188,-0.392188,0,All,#4682B4,0
7,10,5,2.74081,-0.678946,-0.678946,0,All,#4682B4,0
8,10,5,2.6547,-0.620581,-0.620581,0,All,#4682B4,0
9,10,5,2.2554,-0.291651,-0.291651,0,All,#4682B4,0
10,10,5,2.49691,-0.503171,-0.503171,0,All,#4682B4,0
1,10,5.5,1.97587,-0.885424,-1.38536,1,All,#4682B4,0
2,10,5.5,1.81478,-0.744019,-1.60268,1,All,#4682B4,0
3,10,5.5,2.02524,-0.924263,-1.06186,1,All,#4682B4,0
4,10,5.5,1.95353,-0.867212,-2.00442,1,All,#4682B4,0
5,10,5.5,1.83663,-0.764655,-1.31849,1,All,#4682B4,0
6,10,5.5,2.13939,-1.00719,-1.86099,1,All,#4682B4,0
7,10,5.5,2.5517,-1.24492,-2.0441,1,All,#4682B4,0
8,10,5.5,2.43379,-1.18516,-1.40662,1,All,#4682B4,0
9,10,5.5,2.0236,-0.923005,-1.24319,1,All,#4682B4,0
10,10,5.5,2.27888,-1.09725,-1.33543,1,All,#4682B4,0
1,10,6,1.9047,-0.110213,-0.110213,0,All,#4682B4,0
2,10,6,1.71009,0.159297,0.159297,0,All,#4682B4,0
3,10,6,1.90526,-0.110918,-0.110918,0,All,#4682B4,0
4,10,6,1.74137,0.111919,0.111919,0,All,#4682B4,0
5,10,6,1.74976,0.0994928,0.0994928,0,All,#4682B4,0
6,10,6,1.97553,-0.195124,-0.195124,0,All,#4682B4,0
7,10,6,2.36952,-0.574794,-0.574794,0,All,#4682B4,0
8,10,6,2.23554,-0.460698,-0.460698,0,All,#4682B4,0
9,10,6,1.83867,-0.0251678,-0.0251678,0,All,#4682B4,0
10,10,6,2.07792,-0.307644,-0.307644,0,All,#4682B4,0
1,10,6.5,1.90646,1.43465,1.43465,0,All,#4682B4,0
2,10,6.5,1.70866,1.88765,1.88765,0,All,#4682B4,0
3,10,6.5,1.8788,1.49226,1.49226,0,All,#4682B4,0
4,10,6.5,1.62623,2.10895,2.10895,0,All,#4682B4,0
5,10,6.5,1.75069,1.78282,1.78282,0,All,#4682B4,0
6,10,6.5,1.88827,1.47235,1.47235,0,All,#4682B4,0
7,10,6.5,2.20572,0.903738,0.903738,0,All,#4682B4,0
8,10,6.5,2.07454,1.11761,1.11761,0,All,#4682B4,0
9,10,6.5,1.72602,1.84375,1.84375,0,All,#4682B4,0
10,10,6.5,1.87021,1.5105,1.5105,0,All,#4682B4,0
1,10,7,1.94632,1.78747,1.78747,0,All,#4682B4,0
2,10,7,1.71369,2.36656,2.36656,0,All,#4682B4,0
3,10,7,1.91775,1.85103,1.85103,0,All,#4682B4,0
4,10,7,1.59565,2.725,2.725,0,All,#4682B4,0
5,10,7,1.78758,2.16629,2.16629,0,All,#4682B4,0
6,10,7,1.86871,1.96466,1.96466,0,All,#4682B4,0
7,10,7,2.04802,1.57563,1.57563,0,All,#4682B4,0
8,10,7,1.96629,1.74416,1.74416,0,All,#4682B4,0
9,10,7,1.68363,2.45307,2.45307,0,All,#4682B4,0
10,10,7,1.6781,2.46933,2.46933,0,All,#4682B4,0
1,10,7.5,1.94722,-0.161926,-0.161926,0,All,#4682B4,0
2,10,7.5,1.70211,0.171663,0.171663,0,All,#4682B4,0
3,10,7.5,1.9564,-0.172805,-0.172805,0,All,#4682B4,0
4,10,7.5,1.60448,0.332922,0.332922,0,All,#4682B4,0
5,10,7.5,1.78127,0.0538889,0.0538889,0,All,#4682B4,0
6,10,7.5,1.89366,-0.0964113,-0.0964113,0,All,#4682B4,0
7,10,7.5,1.87819,-0.0767883,-0.0767883,0,All,#4682B4,0
8,10,7.5,1.8957,-0.0989663,-0.0989663,0,All,#4682B4,0
9,10,7.5,1.69327,0.185492,0.185492,0,All,#4682B4,0
10,10,7.5,1.52477,0.479888,0.479888,0,All,#4682B4,0
1,10,8,1.90356,0.0604662,0.0604662,0,All,#4682B4,0
2,10,8,1.67058,0.414542,0.414542,0,All,#4682B4,0
3,10,8,1.95571,-0.00723511,-0.00723511,0,All,#4682B4,0
4,10,8,1.59521,0.551237,0.551237,0,All,#4682B4,0
5,10,8,1.73984,0.299382,0.299382,0,All,#4682B4,0
6,10,8,1.89581,0.0708458,0.0708458,0,All,#4682B4,0
7,10,8,1.71522,0.339257,0.339257,0,All,#4682B4,0
8,10,8,1.82304,0.172604,0.172604,0,All,#4682B4,0
9,10,8,1.72372,0.325362,0.325362,0,All,#4682B4,0
10,10,8,1.41315,0.941571,0.941571,0,All,#4682B4,0
1,10,8.5,1.83232,-0.760626,-1.0405,1,All,#4682B4,0
2,10,8.5,1.6183,-0.533439,-0.714243,1,All,#4682B4,0
3,10,8.5,1.92191,-0.840699,-0.95016,1,All,#4682B4,0
4,10,8.5,1.56807,-0.471124,-1.08567,1,All,#4682B4,0
5,10,8.5,1.67247,-0.596438,-2.11215,1,All,#4682B4,0
6,10,8.5,1.86626,-0.791864,-1.00127,1,All,#4682B4,0
7,10,8.5,1.57503,-0.479995,-1.09022,1,All,#4682B4,0
8,10,8.5,1.74742,-0.67716,-0.777504,1,All,#4682B4,0
9,10,8.5,1.70053,-0.627483,-1.38979,1,All,#4682B4,0
10,10,8.5,1.33171,-0.114855,-1.08399,1,All,#4682B4,0
1,10,9,1.74378,-0.673393,-1.10901,1,All,#4682B4,0
2,10,9,1.54691,-0.443668,-0.666975,1,All,#4682B4,0
3,10,9,1.86004,-0.786221,-1.28763,1,All,#4682B4,0
4,10,9,1.52208,-0.410479,-0.583116,1,All,#4682B4,0
5,10,9,1.58582,-0.493594,-1.17189,1,All,#4682B4,0
6,10,9,1.80904,-0.738517,-1.1951,1,All,#4682B4,0
7,10,9,1.46078,-0.323697,-0.68041,1,All,#4682B4,0
8,10,9,1.66755,-0.590877,-1.56764,1,All,#4682B4,0
9,10,9,1.63423,-0.552393,-0.562222,1,All,#4682B4,0
10,10,9,1.26719,0.0054896,-1.67972,1,All,#4682B4,0
1,10,9.5,1.648,-0.568485,-1.47542,1,All,#4682B4,0
2,10,9.5,1.45879,-0.32076,-0.745032,1,All,#4682B4,0
3,10,9.5,1.77766,-0.707798,-1.96783,1,All,#4682B4,0
4,10,9.5,1.45905,-0.321136,-1.65375,1,All,#4682B4,0
5,10,9.5,1.48604,-0.360324,-1.22448,1,All,#4682B4,0
6,10,9.5,1.73026,-0.659292,-1.49923,1,All,#4682B4,0
7,10,9.5,1.36378,-0.170425,-0.282017,1,All,#4682B4,0
8,10,9.5,1.58238,-0.489283,-0.817802,1,All,#4682B4,0
9,10,9.5,1.53554,-0.428607,-0.846891,1,All,#4682B4,0
10,10,9.5,1.20774,0.127765,-1.07045,1,All,#4682B4,0
1,10,10,1.54489,0.409272,0.409272,0,All,#4682B4,0
2,10,10,1.35577,0.812089,0.812089,0,All,#4682B4,0
3,10,10,1.67954,0.177758,0.177758,0,All,#4682B4,0
4,10,10,1.38184,0.750018,0.750018,0,All,#4682B4,0
5,10,10,1.3762,0.763259,0.763259,0,All,#4682B4,0
6,10,10,1.63684,0.247063,0.247063,0,All,#4682B4,0
7,10,10,1.27548,1.01923,1.01923,0,All,#4682B4,0
8,10,10,1.48974,0.516179,0.516179,0,All,#4682B4,0
9,10,10,1.41468,0.675078,0.675078,0,All,#4682B4,0
10,10,10,1.14573,1.41535,1.41535,0,All,#4682B4,0
1,10,10.5,1.43718,-0.288313,-0.567103,1,All,#4682B4,0
2,10,10.5,1.24082,0.0582846,-0.237874,1,All,#4682B4,0
3,10,10.5,1.57028,-0.473952,-2.11806,1,All,#4682B4,0
4,10,10.5,1.29047,-0.0393225,-0.597298,1,All,#4682B4,0
5,10,10.5,1.25991,0.0198553,-0.238519,1,All,#4682B4,0
6,10,10.5,1.53389,-0.426397,-0.48025,1,All,#4682B4,0
7,10,10.5,1.1903,0.165964,-0.13516,1,All,#4682B4,0
8,10,10.5,1.38912,-0.212528,-0.77648,1,All,#4682B4,0
9,10,10.5,1.28478,-0.0285041,-1.56029,1,All,#4682B4,0
10,10,10.5,1.07721,0.443568,-0.516537,1,All,#4682B4,0
1,10,11,1.32618,0.586495,0.586495,0,All,#4682B4,0
2,10,11,1.11526,1.16617,1.16617,0,All,#4682B4,0
3,10,11,1.45314,0.318716,0.318716,0,All,#4682B4,0
4,10,11,1.18998,0.937292,0.937292,0,All,#4682B4,0
5,10,11,1.13734,1.09538,1.09538,0,All,#4682B4,0
6,10,11,1.42487,0.374214,0.374214,0,All,#4682B4,0
7,10,11,1.10417,1.20275,1.20275,0,All,#4682B4,0
8,10,11,1.2803,0.69634,0.69634,0,All,#4682B4,0
9,10,11,1.14469,1.07245,1.07245,0,All,#4682B4,0
10,10,11,1.00122,1.58127,1.58127,0,All,#4682B4,0
1,10,11.5,1.21179,0.119059,-1.30567,1,All,#4682B4,0
2,10,11.5,0.980463,0.731914,-1.68013,1,All,#4682B4,0
3,10,11.5,1.32962,-0.111142,-0.745864,1,All,#4682B4,0
4,10,11.5,1.08118,0.43286,-0.457291,1,All,#4682B4,0
5,10,11.5,1.01012,0.637656,0.478422,1,All,#4682B4,0
6,10,11.5,1.31124,-0.0779435,-2.09627,1,All,#4682B4,0
7,10,11.5,1.01411,0.625401,-0.038261,1,All,#4682B4,0
8,10,11.5,1.16396,0.225789,-1.40708,1,All,#4682B4,0
9,10,11.5,1.00063,0.667194,-2.02259,1,All,#4682B4,0
10,10,11.5,0.916416,0.956285,0.772747,1,All,#4682B4,0
1,10,12,1.09486,0.396483,-0.432004,1,All,#4682B4,0
2,10,12,0.838073,1.27737,-0.422389,1,All,#4682B4,0
3,10,12,1.20117,0.142017,-0.129029,1,All,#4682B4,0
4,10,12,0.965935,0.780197,-0.545761,1,All,#4682B4,0
5,10,12,0.878669,1.10384,0.58951,1,All,#4682B4,0
6,10,12,1.19375,0.158306,-0.874004,1,All,#4682B4,0
7,10,12,0.91936,0.945285,0.529255,1,All,#4682B4,0
8,10,12,1.04086,0.54564,-0.236162,1,All,#4682B4,0
9,10,12,0.852774,1.21262,-1.32115,1,All,#4682B4,0
10,10,12,0.824136,1.34088,1.03972,1,All,#4682B4,0
1,10,12.5,0.975305,0.748891,0.237981,1,All,#4682B4,0
2,10,12.5,0.689223,2.08851,-0.998982,1,All,#4682B4,0
3,10,12.5,1.06826,0.468053,0.30269,1,All,#4682B4,0
4,10,12.5,0.844464,1.24894,-0.396276,1,All,#4682B4,0
5,10,12.5,0.743454,1.75537,-2.08098,1,All,#4682B4,0
6,10,12.5,1.07316,0.454609,0.251534,1,All,#4682B4,0
7,10,12.5,0.820222,1.3591,-0.0797499,1,All,#4682B4,0
8,10,12.5,0.911348,0.975384,0.251752,1,All,#4682B4,0
9,10,12.5,0.701912,2.00594,0.116627,1,All,#4682B4,0
10,10,12.5,0.723968,1.86932,-0.377958,1,All,#4682B4,0
1,10,13,0.853407,1.20988,-1.05599,1,All,#4682B4,0
2,10,13,0.534255,3.41322,0.541297,1,All,#4682B4,0
3,10,13,0.931649,0.900122,-0.118833,1,All,#4682B4,0
4,10,13,0.718217,1.90414,0.577782,1,All,#4682B4,0
5,10,13,0.604797,2.72603,-0.67604,1,All,#4682B4,0
6,10,13,0.949717,0.835846,-1.52489,1,All,#4682B4,0
7,10,13,0.717067,1.91117,0.329844,1,All,#4682B4,0
8,10,13,0.776248,1.5765,0.0778171,1,All,#4682B4,0
9,10,13,0.548452,3.26072,-0.539102,1,All,#4682B4,0
10,10,13,0.617349,2.62021,0.443473,1,All,#4682B4,0
1,10,13.5,0.729378,1.83708,-1.65074,1,All,#4682B4,0
2,10,13.5,0.374025,5.9372,-0.232727,1,All,#4682B4,0
3,10,13.5,0.791389,1.49892,-1.792,1,All,#4682B4,0
4,10,13.5,0.58804,2.87434,0.352271,1,All,#4682B4,0
5,10,13.5,0.463038,4.31939,-1.31072,1,All,#4682B4,0
6,10,13.5,0.823679,1.343,0.988558,1,All,#4682B4,0
7,10,13.5,0.609228,2.68818,0.247224,1,All,#4682B4,0
8,10,13.5,0.636414,2.46747,0.287145,1,All,#4682B4,0
9,10,13.5,0.392299,5.54519,-1.92351,1,All,#4682B4,0
10,10,13.5,0.505218,3.75185,0.481109,1,All,#4682B4,0
1,10,14,0.603252,2.73936,1.47703,1,All,#4682B4,0
2,10,14,0.209219,12.5664,-2.03256,1,All,#4682B4,0
3,10,14,0.647863,2.38006,-0.768491,1,All,#4682B4,0
4,10,14,0.454017,4.45447,-1.5953,1,All,#4682B4,0
5,10,14,0.318508,7.40408,-0.19841,1,All,#4682B4,0
6,10,14,0.695293,2.04864,-1.55865,1,All,#4682B4,0
7,10,14,0.497963,3.84262,-0.305166,1,All,#4682B4,0
8,10,14,0.491638,3.92394,1.27793,1,All,#4682B4,0
9,10,14,0.233803,10.9844,-1.19606,1,All,#4682B4,0
10,10,14,0.387702,5.64032,-0.134155,1,All,#4682B4,0
1,10,14.5,0.475243,4.14481,-0.369436,1,All,#4682B4,0
2,10,14.5,0.0404662,75.3069,0.269021,1,All,#4682B4,0
3,10,14.5,0.501318,3.80032,1.75168,1,All,#4682B4,0
4,10,14.5,0.316625,7.46286,-0.232613,1,All,#4682B4,0
5,10,14.5,0.171473,15.8782,-1.11891,1,All,#4682B4,0
6,10,14.5,0.564347,3.09907,-0.559914,1,All,#4682B4,0
7,10,14.5,0.383424,5.7309,-0.768963,1,All,#4682B4,0
8,10,14.5,0.342859,6.7022,0.149724,1,All,#4682B4,0
9,10,14.5,0.0729341,40.6793,-0.0349037,1,All,#4682B4,0
10,10,14.5,0.266229,9.34473,-0.569503,1,All,#4682B4,0
1,10,15,0.345598,6.62942,0.0131724,1,All,#4682B4,0
2,10,15,0,5.71957e+15,2.52223,1,All,#4682B4,0
3,10,15,0.352184,6.45911,0.806828,1,All,#4682B4,0
4,10,15,0.176097,15.3962,0.437278,1,All,#4682B4,0
5,10,15,0.0221057,139.913,0.0100068,1,All,#4682B4,0
6,10,15,0.4314,4.81793,0.683719,1,All,#4682B4,0
7,10,15,0.266257,9.34348,1.36915,1,All,#4682B4,0
8,10,15,0.190411,14.0525,-0.782622,1,All,#4682B4,0
9,10,15,0,5.71957e+15,0,1,All,#4682B4,0
10,10,15,0.14087,19.866,-0.707304,1,All,#4682B4,0
1,10,15.5,0.214373,12.2047,0.264333,1,All,#4682B4,0
2,10,15.5,0,5.71957e+15,0,1,All,#4682B4,0
3,10,15.5,0.200245,13.2407,1.04876,1,All,#4682B4,0
4,10,15.5,0.032874,93.2713,1.15479,1,All,#4682B4,0
5,10,15.5,0,5.71957e+15,0,1,All,#4682B4,0
6,10,15.5,0.296495,8.13781,0.240008,1,All,#4682B4,0
7,10,15.5,0.146248,19.0444,-0.191712,1,All,#4682B4,0
8,10,15.5,0.0345308,88.6771,1.08705,1,All,#4682B4,0
9,10,15.5,0,5.71957e+15,0,1,All,#4682B4,0
10,10,15.5,0.0116059,268.735,-0.553978,1,All,#4682B4,0
1,10,16,0.0816057,36.0933,0.0967377,1,All,#4682B4,0
2,10,16,0,5.71957e+15,1.78463,1,All,#4682B4,0
3,10,16,0.046106,65.7919,0.757479,1,All,#4682B4,0
4,10,16,0,5.71957e+15,0,1,All,#4682B4,0
5,10,16,0,5.71957e+15,0,1,All,#4682B4,0
6,10,16,0.159876,17.2097,-0.00708922,1,All,#4682B4,0
7,10,16,0.0240743,128.27,-0.718025,1,All,#4682B4,0
8,10,16,0,5.71957e+15,0,1,All,#4682B4,0
9,10,16,0,5.71957e+15,0,1,All,#4682B4,0
10,10,16,0,5.71957e+15,1.52088,1,All,#4682B4,0
1,10,16.5,0,5.71957e+15,0,1,All,#4682B4,0
2,10,16.5,0,5.71957e+15,0,1,All,#4682B4,0
3,10,16.5,0,5.71957e+15,2.48081,1,All,#4682B4,0
4,10,16.5,0,5.71957e+15,1.46047,1,All,#4682B4,0
5,10,16.5,0,5.71957e+15,1.26035,1,All,#4682B4,0
6,10,16.5,0.0217372,142.328,0.759697,1,All,#4682B4,0
7,10,16.5,0,5.71957e+15,0,1,All,#4682B4,0
8,10,16.5,0,5.71957e+15,1.20704,1,All,#4682B4,0
9,10,16.5,0,5.71957e+15,0,1,All,#4682B4,0
10,10,16.5,0,5.71957e+15,0,1,All,#4682B4,0
1,11,1,0,5.71957e+15,0,1,All,#4682B4,0
2,11,1,0,5.71957e+15,1.08001,1,All,#4682B4,0
3,11,1,0,5.71957e+15,1.89917,1,All,#4682B4,0
4,11,1,0,5.71957e+15,0,1,All,#4682B4,0
5,11,1,0,5.71957e+15,0,1,All,#4682B4,0
6,11,1,0,5.71957e+15,0,1,All,#4682B4,0
7,11,1,0,5.71957e+15,0,1,All,#4682B4,0
8,11,1,0,5.71957e+15,1.73018,1,All,#4682B4,0
9,11,1,0,5.71957e+15,0,1,All,#4682B4,0
10,11,1,0,5.71957e+15,0,1,All,#4682B4,0
1,11,1.5,0,5.71957e+15,1.68833,1,All,#4682B4,0
2,11,1.5,0,5.71957e+15,0,1,All,#4682B4,0
3,11,1.5,0,5.71957e+15,0,1,All,#4682B4,0
4,11,1.5,0,5.71957e+15,0,1,All,#4682B4,0
5,11,1.5,0,5.71957e+15,0,1,All,#4682B4,0
6,11,1.5,0,5.71957e+15,3.18812,1,All,#4682B4,0
7,11,1.5,0,5.71957e+15,0,1,All,#4682B4,0
8,11,1.5,0,5.71957e+15,0,1,All,#4682B4,0
9,11,1.5,0,5.71957e+15,0,1,All,#4682B4,0
10,11,1.5,0,5.71957e+15,0,1,All,#4682B4,0
1,11,2,1.25545,1.98318,1.98318,0,All,#4682B4,0
2,11,2,1.28351,1.88561,1.88561,0,All,#4682B4,0
3,11,2,0.924799,3.57838,3.57838,0,All,#4682B4,0
4,11,2,1.47527,1.31836,1.31836,0,All,#4682B4,0
5,11,2,1.12986,2.47909,2.47909,0,All,#4682B4,0
6,11,2,1.32233,1.75751,1.75751,0,All,#4682B4,0
7,11,2,0.951689,3.40724,3.40724,0,All,#4682B4,0
8,11,2,1.35218,1.66399,1.66399,0,All,#4682B4,0
9,11,2,1.55984,1.11251,1.11251,0,All,#4682B4,0
10,11,2,1.21707,2.12386,2.12386,0,All,#4682B4,0
1,11,2.5,2.17454,-1.03097,-1.7228,1,All,#4682B4,0
2,11,2.5,2.2074,-1.05252,-1.61252,1,All,#4682B4,0
3,11,2.5,2.06622,-0.955085,-1.01046,1,All,#4682B4,0
4,11,2.5,2.06247,-0.952316,-1.02552,1,All,#4682B4,0
5,11,2.5,2.01294,-0.914761,-1.85959,1,All,#4682B4,0
6,11,2.5,2.21851,-1.05966,-1.24444,1,All,#4682B4,0
7,11,2.5,2.12652,-0.998284,-1.67377,1,All,#4682B4,0
8,11,2.5,2.06566,-0.954675,-1.16223,1,All,#4682B4,0
9,11,2.5,2.20033,-1.04794,-1.26028,1,All,#4682B4,0
10,11,2.5,2.00686,-0.910023,-0.942039,1,All,#4682B4,0
1,11,3,2.53683,0.120341,0.120341,0,All,#4682B4,0
2,11,3,2.53628,0.120896,0.120896,0,All,#4682B4,0
3,11,3,2.43991,0.223565,0.223565,0,All,#4682B4,0
4,11,3,2.31091,0.374409,0.374409,0,All,#4682B4,0
5,11,3,2.36633,0.307593,0.307593,0,All,#4682B4,0
6,11,3,2.55641,0.100431,0.100431,0,All,#4682B4,0
7,11,3,2.54507,0.111918,0.111918,0,All,#4682B4,0
8,11,3,2.36954,0.303819,0.303819,0,All,#4682B4,0
9,11,3,2.47385,0.186503,0.186503,0,All,#4682B4,0
10,11,3,2.33566,0.344175,0.344175,0,All,#4682B4,0
1,11,3.5,2.74183,0.558799,0.558799,0,All,#4682B4,0
2,11,3.5,2.71821,0.585189,0.585189,0,All,#4682B4,0
3,11,3.5,2.64226,0.673248,0.673248,0,All,#4682B4,0
4,11,3.5,2.4538,0.915319,0.915319,0,All,#4682B4,0
5,11,3.5,2.56499,0.768202,0.768202,0,All,#4682B4,0
6,11,3.5,2.74606,0.554117,0.554117,0,All,#4682B4,0
7,11,3.5,2.77284,0.524828,0.524828,0,All,#4682B4,0
8,11,3.5,2.54175,0.797889,0.797889,0,All,#4682B4,0
9,11,3.5,2.63261,0.6848,0.6848,0,All,#4682B4,0
10,11,3.5,2.52543,0.819056,0.819056,0,All,#4682B4,0
1,11,4,2.86902,-0.0769026,-0.0769026,0,All,#4682B4,0
2,11,4,2.8326,-0.0460253,-0.0460253,0,All,#4682B4,0
3,11,4,2.76483,0.0135986,0.0135986,0,All,#4682B4,0
4,11,4,2.54514,0.228708,0.228708,0,All,#4682B4,0
5,11,4,2.68501,0.0876798,0.0876798,0,All,#4682B4,0
6,11,4,2.86494,-0.0734862,-0.0734862,0,All,#4682B4,0
7,11,4,2.90796,-0.109063,-0.109063,0,All,#4682B4,0
8,11,4,2.64378,0.127707,0.127707,0,All,#4682B4,0
9,11,4,2.73148,0.044024,0.044024,0,All,#4682B4,0
10,11,4,2.64668,0.124846,0.124846,0,All,#4682B4,0
1,11,4.5,2.94325,0.435148,0.435148,0,All,#4682B4,0
2,11,4.5,2.90299,0.475557,0.475557,0,All,#4682B4,0
3,11,4.5,2.83183,0.549788,0.549788,0,All,#4682B4,0
4,11,4.5,2.60166,0.817702,0.817702,0,All,#4682B4,0
5,11,4.5,2.7518,0.637861,0.637861,0,All,#4682B4,0
6,11,4.5,2.93421,0.444124,0.444124,0,All,#4682B4,0
7,11,4.5,2.98319,0.396146,0.396146,0,All,#4682B4,0
8,11,4.5,2.69487,0.703694,0.703694,0,All,#4682B4,0
9,11,4.5,2.78535,0.600318,0.600318,0,All,#4682B4,0
10,11,4.5,2.71943,0.674953,0.674953,0,All,#4682B4,0
1,11,5,2.97383,0.221837,0.221837,0,All,#4682B4,0
2,11,5,2.93595,0.256676,0.256676,0,All,#4682B4,0
3,11,5,2.85482,0.334404,0.334404,0,All,#4682B4,0
4,11,5,2.62795,0.57724,0.57724,0,All,#4682B4,0
5,11,5,2.77274,0.417674,0.417674,0,All,#4682B4,0
6,11,5,2.96206,0.232566,0.232566,0,All,#4682B4,0
7,11,5,3.00286,0.195732,0.195732,0,All,#4682B4,0
8,11,5,2.70362,0.491718,0.491718,0,All,#4682B4,0
9,11,5,2.80212,0.387308,0.387308,0,All,#4682B4,0
10,11,5,2.75111,0.440438,0.440438,0,All,#4682B4,0
1,11,5.5,2.96599,-0.615019,-0.615019,0,All,#4682B4,0
2,11,5.5,2.93624,-0.596141,-0.596141,0,All,#4682B4,0
3,11,5.5,2.84265,-0.534163,-0.534163,0,All,#4682B4,0
4,11,5.5,2.62758,-0.37502,-0.37502,0,All,#4682B4,0
5,11,5.5,2.75261,-0.470562,-0.470562,0,All,#4682B4,0
6,11,5.5,2.95457,-0.607818,-0.607818,0,All,#4682B4,0
7,11,5.5,2.97194,-0.618749,-0.618749,0,All,#4682B4,0
8,11,5.5,2.67667,-0.4136,-0.4136,0,All,#4682B4,0
9,11,5.5,2.78589,-0.494553,-0.494553,0,All,#4682B4,0
10,11,5.5,2.74439,-0.464548,-0.464548,0,All,#4682B4,0
1,11,6,2.92415,0.335519,0.335519,0,All,#4682B4,0
2,11,6,2.90625,0.35285,0.35285,0,All,#4682B4,0
3,11,6,2.8026,0.457561,0.457561,0,All,#4682B4,0
4,11,6,2.60243,0.683394,0.683394,0,All,#4682B4,0
5,11,6,2.69789,0.57152,0.57152,0,All,#4682B4,0
6,11,6,2.91527,0.344094,0.344094,0,All,#4682B4,0
7,11,6,2.89812,0.360791,0.360791,0,All,#4682B4,0
8,11,6,2.61895,0.663447,0.663447,0,All,#4682B4,0
9,11,6,2.73834,0.526465,0.526465,0,All,#4682B4,0
10,11,6,2.70215,0.566706,0.566706,0,All,#4682B4,0
1,11,6.5,2.85042,0.973493,0.973493,0,All,#4682B4,0
2,11,6.5,2.84541,0.979576,0.979576,0,All,#4682B4,0
3,11,6.5,2.73832,1.11481,1.11481,0,All,#4682B4,0
4,11,6.5,2.55227,1.37674,1.37674,0,All,#4682B4,0
5,11,6.5,2.61186,1.28879,1.28879,0,All,#4682B4,0
6,11,6.5,2.8446,0.980559,0.980559,0,All,#4682B4,0
7,11,6.5,2.7847,1.05497,1.05497,0,All,#4682B4,0
8,11,6.5,2.53179,1.40793,1.40793,0,All,#4682B4,0
9,11,6.5,2.65791,1.22351,1.22351,0,All,#4682B4,0
10,11,6.5,2.62545,1.26929,1.26929,0,All,#4682B4,0
1,11,7,2.74332,0.59329,0.59329,0,All,#4682B4,0
2,11,7,2.74891,0.587039,0.587039,0,All,#4682B4,0
3,11,7,2.64885,0.70284,0.70284,0,All,#4682B4,0
4,11,7,2.47417,0.927449,0.927449,0,All,#4682B4,0
5,11,7,2.49238,0.902567,0.902567,0,All,#4682B4,0
6,11,7,2.73814,0.599094,0.599094,0,All,#4682B4,0
7,11,7,2.62926,0.726542,0.726542,0,All,#4682B4,0
8,11,7,2.41243,1.01462,1.01462,0,All,#4682B4,0
9,11,7,2.54041,0.83864,0.83864,0,All,#4682B4,0
10,11,7,2.51138,0.876985,0.876985,0,All,#4682B4,0
1,11,7.5,2.59757,1.55759,1.55759,0,All,#4682B4,0
2,11,7.5,2.60672,1.54343,1.54343,0,All,#4682B4,0
3,11,7.5,2.52953,1.66616,1.66616,0,All,#4682B4,0
4,11,7.5,2.36173,1.96063,1.96063,0,All,#4682B4,0
5,11,7.5,2.33298,2.01533,2.01533,0,All,#4682B4,0
6,11,7.5,2.58624,1.57527,1.57527,0,All,#4682B4,0
7,11,7.5,2.42515,1.84454,1.84454,0,All,#4682B4,0
8,11,7.5,2.25444,2.17189,2.17189,0,All,#4682B4,0
9,11,7.5,2.37909,1.92824,1.92824,0,All,#4682B4,0
10,11,7.5,2.35337,1.9764,1.9764,0,All,#4682B4,0
1,11,8,2.40475,-0.221335,-0.221335,0,All,#4682B4,0
2,11,8,2.40279,-0.219494,-0.219494,0,All,#4682B4,0
3,11,8,2.37277,-0.190912,-0.190912,0,All,#4682B4,0
4,11,8,2.20525,-0.0171394,-0.0171394,0,All,#4682B4,0
5,11,8,2.12449,0.0764201,0.0764201,0,All,#4682B4,0
6,11,8,2.37483,-0.192898,-0.192898,0,All,#4682B4,0
7,11,8,2.16421,0.0295381,0.0295381,0,All,#4682B4,0
8,11,8,2.04869,0.170949,0.170949,0,All,#4682B4,0
9,11,8,2.16542,0.0281279,0.0281279,0,All,#4682B4,0
10,11,8,2.14222,0.0552839,0.0552839,0,All,#4682B4,0
1,11,8.5,2.15501,-1.01785,-1.17559,1,All,#4682B4,0
2,11,8.5,2.11733,-0.991858,-1.6615,1,All,#4682B4,0
3,11,8.5,2.16872,-1.02708,-1.25835,1,All,#4682B4,0
4,11,8.5,1.99233,-0.89859,-1.83165,1,All,#4682B4,0
5,11,8.5,1.85781,-0.784191,-1.02135,1,All,#4682B4,0
6,11,8.5,2.08829,-0.971184,-0.988233,1,All,#4682B4,0
7,11,8.5,1.84369,-0.77122,-1.54492,1,All,#4682B4,0
8,11,8.5,1.78591,-0.715981,-0.866945,1,All,#4682B4,0
9,11,8.5,1.89633,-0.818611,-1.22871,1,All,#4682B4,0
10,11,8.5,1.86953,-0.794815,-0.821482,1,All,#4682B4,0
1,11,9,1.84425,-0.771736,-1.58007,1,All,#4682B4,0
2,11,9,1.75074,-0.680569,-2.35906,1,All,#4682B4,0
3,11,9,1.90661,-0.827558,-1.13921,1,All,#4682B4,0
4,11,9,1.71343,-0.641427,-1.13234,1,All,#4682B4,0
5,11,9,1.53317,-0.425433,-0.850215,1,All,#4682B4,0
6,11,9,1.71617,-0.644358,-1.10743,1,All,#4682B4,0
7,11,9,1.4887,-0.364102,-1.03845,1,All,#4682B4,0
8,11,9,1.46208,-0.325607,-1.23271,1,All,#4682B4,0
9,11,9,1.59338,-0.503018,-2.03003,1,All,#4682B4,0
10,11,9,1.54313,-0.438681,-0.68704,1,All,#4682B4,0
1,11,9.5,1.48745,-0.362326,-1.41233,1,All,#4682B4,0
2,11,9.5,1.36953,-0.180129,-1.30535,1,All,#4682B4,0
3,11,9.5,1.57786,-0.483582,-1.43161,1,All,#4682B4,0
4,11,9.5,1.38393,-0.204031,-0.317954,1,All,#4682B4,0
5,11,9.5,1.1926,0.160855,-1.92493,1,All,#4682B4,0
6,11,9.5,1.32393,-0.100957,-0.721736,1,All,#4682B4,0
7,11,9.5,1.18257,0.18324,-1.15323,1,All,#4682B4,0
8,11,9.5,1.11003,0.357181,0.051228,1,All,#4682B4,0
9,11,9.5,1.32247,-0.0983386,-1.31222,1,All,#4682B4,0
10,11,9.5,1.21191,0.118807,-0.129228,1,All,#4682B4,0
1,11,10,1.15849,0.23857,-1.44068,1,All,#4682B4,0
2,11,10,1.10114,0.380079,-0.915685,1,All,#4682B4,0
3,11,10,1.22236,0.096592,-1.78103,1,All,#4682B4,0
4,11,10,1.08634,0.419031,0.0280939,1,All,#4682B4,0
5,11,10,0.92606,0.920513,-0.605385,1,All,#4682B4,0
6,11,10,1.04453,0.53499,0.0406187,1,All,#4682B4,0
7,11,10,0.973768,0.753985,-1.43568,1,All,#4682B4,0
8,11,10,0.822995,1.34618,-1.57991,1,All,#4682B4,0
9,11,10,1.1256,0.317961,-1.62756,1,All,#4682B4,0
10,11,10,0.952062,0.827682,-0.103922,1,All,#4682B4,0
1,11,10.5,0.925488,0.922613,-1.10085,1,All,#4682B4,0
2,11,10.5,0.928259,0.912462,-0.678899,1,All,#4682B4,0
3,11,10.5,0.932145,0.898325,0.00822988,1,All,#4682B4,0
4,11,10.5,0.881964,1.09046,-0.885294,1,All,#4682B4,0
5,11,10.5,0.755109,1.69002,-0.453059,1,All,#4682B4,0
6,11,10.5,0.865694,1.15753,0.365666,1,All,#4682B4,0
7,11,10.5,0.83665,1.28375,-1.52339,1,All,#4682B4,0
8,11,10.5,0.638596,2.45057,0.511308,1,All,#4682B4,0
9,11,10.5,0.986065,0.713673,0.320859,1,All,#4682B4,0
10,11,10.5,0.771442,1.60176,-0.204193,1,All,#4682B4,0
1,11,11,0.765526,1.6333,-1.0355,1,All,#4682B4,0
2,11,11,0.80585,1.42755,0.203115,1,All,#4682B4,0
3,11,11,0.758315,1.67239,1.60806,1,All,#4682B4,0
4,11,11,0.742335,1.76175,0.902307,1,All,#4682B4,0
5,11,11,0.643597,2.41227,-1.78648,1,All,#4682B4,0
6,11,11,0.743617,1.75444,-0.291616,1,All,#4682B4,0
7,11,11,0.741931,1.76406,-0.0508133,1,All,#4682B4,0
8,11,11,0.520678,3.56686,-0.193955,1,All,#4682B4,0
9,11,11,0.88082,1.09509,0.77624,1,All,#4682B4,0
10,11,11,0.639136,2.44641,0.0146923,1,All,#4682B4,0
1,11,11.5,0.651644,2.35188,-1.60595,1,All,#4682B4,0
2,11,11.5,0.70917,1.96005,0.0834658,1,All,#4682B4,0
3,11,11.5,0.648014,2.37894,0.016146,1,All,#4682B4,0
4,11,11.5,0.637247,2.461,-0.355712,1,All,#4682B4,0
5,11,11.5,0.56216,3.12076,-0.761987,1,All,#4682B4,0
6,11,11.5,0.65084,2.35784,0.567585,1,All,#4682B4,0
7,11,11.5,0.668439,2.23051,0.853697,1,All,#4682B4,0
8,11,11.5,0.437408,4.71772,-0.671844,1,All,#4682B4,0
9,11,11.5,0.793957,1.48606,0.946553,1,All,#4682B4,0
10,11,11.5,0.537518,3.37746,0.466462,1,All,#4682B4,0
1,11,12,0.562747,3.11493,0.268843,1,All,#4682B4,0
2,11,12,0.623313,2.57143,0.179855,1,All,#4682B4,0
3,11,12,0.572623,3.01846,-0.365276,1,All,#4682B4,0
4,11,12,0.550393,3.24048,-1.26801,1,All,#4682B4,0
5,11,12,0.495618,3.87253,0.311411,1,All,#4682B4,0
6,11,12,0.570226,3.04156,1.57965,1,All,#4682B4,0
7,11,12,0.603684,2.73563,-0.00704717,1,All,#4682B4,0
8,11,12,0.370674,6.01329,-0.0279692,1,All,#4682B4,0
9,11,12,0.716766,1.91301,1.27015,1,All,#4682B4,0
10,11,12,0.451238,4.49716,0.0963492,1,All,#4682B4,0
1,11,12.5,0.485778,4.00117,0.511665,1,All,#4682B4,0
2,11,12.5,0.541603,3.3333,-0.945662,1,All,#4682B4,0
3,11,12.5,0.511581,3.67436,-0.466871,1,All,#4682B4,0
4,11,12.5,0.471834,4.19267,0.320493,1,All,#4682B4,0
5,11,12.5,0.434407,4.76743,-0.563007,1,All,#4682B4,0
6,11,12.5,0.492965,3.90671,1.16046,1,All,#4682B4,0
7,11,12.5,0.541156,3.33809,1.15865,1,All,#4682B4,0
8,11,12.5,0.310209,7.66847,1.16088,1,All,#4682B4,0
9,11,12.5,0.643618,2.41211,0.0080286,1,All,#4682B4,0
10,11,12.5,0.371716,5.98947,0.625144,1,All,#4682B4,0
1,11,13,0.413572,5.13247,0.254977,1,All,#4682B4,0
2,11,13,0.45995,4.36503,0.434313,1,All,#4682B4,0
3,11,13,0.455482,4.43216,-1.25374,1,All,#4682B4,0
4,11,13,0.396735,5.45548,-1.3168,1,All,#4682B4,0
5,11,13,0.37278,5.96532,2.12188,1,All,#4682B4,0
6,11,13,0.416259,5.08334,-0.262217,1,All,#4682B4,0
7,11,13,0.478363,4.10162,-0.00103697,1,All,#4682B4,0
8,11,13,0.251386,10.0428,-0.0347179,1,All,#4682B4,0
9,11,13,0.571687,3.02745,0.889519,1,All,#4682B4,0
10,11,13,0.294684,8.20304,0.087816,1,All,#4682B4,0
1,11,13.5,0.342848,6.70248,1.79482,1,All,#4682B4,0
2,11,13.5,0.377508,5.85956,0.450812,1,All,#4682B4,0
3,11,13.5,0.399647,5.39766,0.116434,1,All,#4682B4,0
4,11,13.5,0.323045,7.2653,-0.400598,1,All,#4682B4,0
5,11,13.5,0.3092,7.70158,0.428314,1,All,#4682B4,0
6,11,13.5,0.338183,6.82914,-1.58717,1,All,#4682B4,0
7,11,13.5,0.413475,5.13425,-0.991356,1,All,#4682B4,0
8,11,13.5,0.192032,13.9129,-0.0388044,1,All,#4682B4,0
9,11,13.5,0.500159,3.81486,-0.616251,1,All,#4682B4,0
10,11,13.5,0.218059,11.9565,1.88028,1,All,#4682B4,0
1,11,14,0.271595,9.1111,0.510461,1,All,#4682B4,0
2,11,14,0.293437,8.24843,-1.45468,1,All,#4682B4,0
3,11,14,0.342371,6.71528,0.575413,1,All,#4682B4,0
4,11,14,0.249485,10.1382,0.615766,1,All,#4682B4,0
5,11,14,0.243539,10.4462,-0.837087,1,All,#4682B4,0
6,11,14,0.258067,9.71866,-0.485193,1,All,#4682B4,0
7,11,14,0.346188,6.61392,-1.00993,1,All,#4682B4,0
8,11,14,0.131252,21.5035,0.224061,1,All,#4682B4,0
9,11,14,0.428317,4.87046,0.825162,1,All,#4682B4,0
10,11,14,0.140867,19.8666,2.42507,1,All,#4682B4,0
1,11,14.5,0.199657,13.2869,1.9986,1,All,#4682B4,0
2,11,14.5,0.208069,12.6495,-0.496283,1,All,#4682B4,0
3,11,14.5,0.283251,8.63419,0.800491,1,All,#4682B4,0
4,11,14.5,0.175603,15.4464,1.86609,1,All,#4682B4,0
5,11,14.5,0.175391,15.4682,-0.622043,1,All,#4682B4,0
6,11,14.5,0.176294,15.3762,1.06357,1,All,#4682B4,0
7,11,14.5,0.276428,8.9085,0.161658,1,All,#4682B4,0
8,11,14.5,0.0689802,43.1531,1.7871,1,All,#4682B4,0
9,11,14.5,0.355912,6.36548,1.84521,1,All,#4682B4,0
10,11,14.5,0.062864,47.5927,1.88123,1,All,#4682B4,0
1,11,15,0.126188,22.4659,-1.22616,1,All,#4682B4,0
2,11,15,0.12105,23.5246,0.311629,1,All,#4682B4,0
3,11,15,0.2221,11.6939,0.172787,1,All,#4682B4,0
4,11,15,0.101263,28.6055,0.587628,1,All,#4682B4,0
5,11,15,0.105171,27.4506,-0.0643446,1,All,#4682B4,0
6,11,15,0.0928491,31.4225,-1.09989,1,All,#4682B4,0
7,11,15,0.204798,12.8912,2.6475,1,All,#4682B4,0
8,11,15,0.00504099,621.938,-0.389527,1,All,#4682B4,0
9,11,15,0.282844,8.65017,-1.49306,1,All,#4682B4,0
10,11,15,0,5.71957e+15,0,1,All,#4682B4,0
1,11,15.5,0.051447,58.7044,0.679056,1,All,#4682B4,0
2,11,15.5,0.0326093,94.0484,-0.719999,1,All,#4682B4,0
3,11,15.5,0.159129,17.3021,1.35419,1,All,#4682B4,0
4,11,15.5,0.0263901,116.797,-0.80577,1,All,#4682B4,0
5,11,15.5,0.0328579,93.3182,0.0834268,1,All,#4682B4,0
6,11,15.5,0.00756147,413.8,-1.1609,1,All,#4682B4,0
7,11,15.5,0.131179,21.5167,-0.114638,1,All,#4682B4,0
8,11,15.5,0,5.71957e+15,2.91123,1,All,#4682B4,0
9,11,15.5,0.209055,12.5782,0.546069,1,All,#4682B4,0
10,11,15.5,0,5.71957e+15,1.01716,1,All,#4682B4,0
1,12,1,0,5.71957e+15,0,1,All,#4682B4,0
2,12,1,0,5.71957e+15,0,1,All,#4682B4,0
3,12,1,0,5.71957e+15,0,1,All,#4682B4,0
4,12,1,0,5.71957e+15,0,1,All,#4682B4,0
5,12,1,0,5.71957e+15,0,1,All,#4682B4,0
6,12,1,0,5.71957e+15,0,1,All,#4682B4,0
7,12,1,0,5.71957e+15,0,1,All,#4682B4,0
8,12,1,0,5.71957e+15,0,1,All,#4682B4,0
9,12,1,0,5.71957e+15,0,1,All,#4682B4,0
10,12,1,0,5.71957e+15,0,1,All,#4682B4,0
1,12,1.5,0,5.71957e+15,1.53315,1,All,#4682B4,0
2,12,1.5,0,5.71957e+15,0,1,All,#4682B4,0
3,12,1.5,0,5.71957e+15,0,1,All,#4682B4,0
4,12,1.5,0,5.71957e+15,1.46466,1,All,#4682B4,0
5,12,1.5,0,5.71957e+15,0,1,All,#4682B4,0
6,12,1.5,0,5.71957e+15,0,1,All,#4682B4,0
7,12,1.5,0,5.71957e+15,0,1,All,#4682B4,0
8,12,1.5,0,5.71957e+15,0,1,All,#4682B4,0
9,12,1.5,0,5.71957e+15,0,1,All,#4682B4,0
10,12,1.5,0,5.71957e+15,0,1,All,#4682B4,0
1,12,2,0,5.71957e+15,0,1,All,#4682B4,0
2,12,2,0,5.71957e+15,0,1,All,#4682B4,0
3,12,2,0,5.71957e+15,2.2771,1,All,#4682B4,0
4,12,2,0,5.71957e+15,0,1,All,#4682B4,0
5,12,2,0,5.71957e+15,2.18913,1,All,#4682B4,0
6,12,2,0,5.71957e+15,0,1,All,#4682B4,0
7,12,2,0,5.71957e+15,1.39586,1,All,#4682B4,0
8,12,2,0,5.71957e+15,0,1,All,#4682B4,0
9,12,2,0,5.71957e+15,0,1,All,#4682B4,0
10,12,2,0,5.71957e+15,1.20874,1,All,#4682B4,0
1,12,2.5,0,5.71957e+15,1.17251,1,All,#4682B4,0
2,12,2.5,0,5.71957e+15,0,1,All,#4682B4,0
3,12,2.5,0,5.71957e+15,0,1,All,#4682B4,0
4,12,2.5,0,5.71957e+15,0,1,All,#4682B4,0
5,12,2.5,0,5.71957e+15,0,1,All,#4682B4,0
6,12,2.5,0,5.71957e+15,0,1,All,#4682B4,0
7,12,2.5,0,5.71957e+15,0,1,All,#4682B4,0
8,12,2.5,0,5.71957e+15,1.94632,1,All,#4682B4,0
9,12,2.5,0,5.71957e+15,1.83802,1,All,#4682B4,0
10,12,2.5,0,5.71957e+15,0,1,All,#4682B4,0
1,12,3,0,5.71957e+15,1.0417,1,All,#4682B4,0
2,12,3,0,5.71957e+15,0,1,All,#4682B4,0
3,12,3,0,5.71957e+15,1.05067,1,All,#4682B4,0
4,12,3,0,5.71957e+15,0,1,All,#4682B4,0
5,12,3,0,5.71957e+15,0,1,All,#4682B4,0
6,12,3,0,5.71957e+15,0,1,All,#4682B4,0
7,12,3,0,5.71957e+15,0,1,All,#4682B4,0
8,12,3,0,5.71957e+15,0,1,All,#4682B4,0
9,12,3,0,5.71957e+15,0,1,All,#4682B4,0
10,12,3,0,5.71957e+15,0,1,All,#4682B4,0
1,12,3.5,0,5.71957e+15,0,1,All,#4682B4,0
2,12,3.5,0,5.71957e+15,0,1,All,#4682B4,0
3,12,3.5,0,5.71957e+15,0,1,All,#4682B4,0
4,12,3.5,0,5.71957e+15,0,1,All,#4682B4,0
5,12,3.5,0,5.71957e+15,0,1,All,#4682B4,0
6,12,3.5,0,5.71957e+15,1.69812,1,All,#4682B4,0
7,12,3.5,0,5.71957e+15,0,1,All,#4682B4,0
8,12,3.5,0,5.71957e+15,0,1,All,#4682B4,0
9,12,3.5,0,5.71957e+15,0,1,All,#4682B4,0
10,12,3.5,0,5.71957e+15,0,1,All,#4682B4,0
1,12,4,0,5.71957e+15,0,1,All,#4682B4,0
2,12,4,0,5.71957e+15,1.56874,1,All,#4682B4,0
3,12,4,0,5.71957e+15,0,1,All,#4682B4,0
4,12,4,0,5.71957e+15,0,1,All,#4682B4,0
5,12,4,0,5.71957e+15,1.1669,1,All,#4682B4,0
6,12,4,0,5.71957e+15,1.37302,1,All,#4682B4,0
7,12,4,0,5.71957e+15,0,1,All,#4682B4,0
8,12,4,0,5.71957e+15,0,1,All,#4682B4,0
9,12,4,0,5.71957e+15,1.47025,1,All,#4682B4,0
10,12,4,0,5.71957e+15,1.66792,1,All,#4682B4,0
1,12,4.5,0.368933,6.05335,1.51124,1,All,#4682B4,0
2,12,4.5,0.0831776,35.3644,-0.768449,1,All,#4682B4,0
3,12,4.5,0.473905,4.16352,-0.208703,1,All,#4682B4,0
4,12,4.5,0.0703591,42.2588,-0.0612934,1,All,#4682B4,0
5,12,4.5,0,5.71957e+15,1.05367,1,All,#4682B4,0
6,12,4.5,0.517131,3.60832,0.252986,1,All,#4682B4,0
7,12,4.5,0.488368,3.96681,1.27974,1,All,#4682B4,0
8,12,4.5,0.208935,12.5869,1.40931,1,All,#4682B4,0
9,12,4.5,0.727262,1.84964,0.283392,1,All,#4682B4,0
10,12,4.5,0.593665,2.82362,0.853202,1,All,#4682B4,0
1,12,5,1.32509,-0.103038,-1.13392,1,All,#4682B4,0
2,12,5,1.03739,0.555735,-0.509003,1,All,#4682B4,0
3,12,5,1.42754,-0.273513,-0.361172,1,All,#4682B4,0
4,12,5,1.63029,-0.547735,-1.4844,1,All,#4682B4,0
5,12,5,1.42165,-0.264392,-0.613557,1,All,#4682B4,0
6,12,5,1.50329,-0.384628,-1.48927,1,All,#4682B4,0
7,12,5,1.54923,-0.446722,-1.67308,1,All,#4682B4,0
8,12,5,1.47926,-0.350618,-1.03409,1,All,#4682B4,0
9,12,5,1.60345,-0.515417,-2.42425,1,All,#4682B4,0
10,12,5,2.04269,-0.937537,-1.216,1,All,#4682B4,0
1,12,5.5,1.89699,2.38183,2.38183,0,All,#4682B4,0
2,12,5.5,1.60194,3.277,3.277,0,All,#4682B4,0
3,12,5.5,1.909,2.35124,2.35124,0,All,#4682B4,0
4,12,5.5,2.31821,1.4987,1.4987,0,All,#4682B4,0
5,12,5.5,2.02154,2.08237,2.08237,0,All,#4682B4,0
6,12,5.5,2.0167,2.09333,2.09333,0,All,#4682B4,0
7,12,5.5,2.09921,1.91363,1.91363,0,All,#4682B4,0
8,12,5.5,2.14871,1.81245,1.81245,0,All,#4682B4,0
9,12,5.5,2.04853,2.02229,2.02229,0,All,#4682B4,0
10,12,5.5,2.63184,1.02475,1.02475,0,All,#4682B4,0
1,12,6,2.26182,-0.00199978,-0.00199978,0,All,#4682B4,0
2,12,6,1.96603,0.370589,0.370589,0,All,#4682B4,0
3,12,6,2.18612,0.083757,0.083757,0,All,#4682B4,0
4,12,6,2.68983,-0.396058,-0.396058,0,All,#4682B4,0
5,12,6,2.33825,-0.0829386,-0.0829386,0,All,#4682B4,0
6,12,6,2.31398,-0.0578206,-0.0578206,0,All,#4682B4,0
7,12,6,2.42217,-0.16594,-0.16594,0,All,#4682B4,0
8,12,6,2.54818,-0.280295,-0.280295,0,All,#4682B4,0
9,12,6,2.30592,-0.0493569,-0.0493569,0,All,#4682B4,0
10,12,6,2.94504,-0.576514,-0.576514,0,All,#4682B4,0
1,12,6.5,2.4807,-1.20962,-1.6591,1,All,#4682B4,0
2,12,6.5,2.19044,-1.04148,-1.71468,1,All,#4682B4,0
3,12,6.5,2.3241,-1.12412,-1.44612,1,All,#4682B4,0
4,12,6.5,2.86082,-1.37821,-1.71666,1,All,#4682B4,0
5,12,6.5,2.49928,-1.21905,-2.26516,1,All,#4682B4,0
6,12,6.5,2.46202,-1.19999,-2.34258,1,All,#4682B4,0
7,12,6.5,2.59188,-1.26405,-1.38494,1,All,#4682B4,0
8,12,6.5,2.76897,-1.34172,-1.69302,1,All,#4682B4,0
9,12,6.5,2.43975,-1.18832,-1.37675,1,All,#4682B4,0
10,12,6.5,3.0892,-1.45956,-1.84104,1,All,#4682B4,0
1,12,7,2.56585,-0.691475,-0.691475,0,All,#4682B4,0
2,12,7,2.29308,-0.478908,-0.478908,0,All,#4682B4,0
3,12,7,2.34376,-0.522142,-0.522142,0,All,#4682B4,0
4,12,7,2.85406,-0.871935,-0.871935,0,All,#4682B4,0
5,12,7,2.53722,-0.671308,-0.671308,0,All,#4682B4,0
6,12,7,2.48897,-0.636276,-0.636276,0,All,#4682B4,0
7,12,7,2.6252,-0.731878,-0.731878,0,All,#4682B4,0
8,12,7,2.83036,-0.858478,-0.858478,0,All,#4682B4,0
9,12,7,2.46655,-0.619533,-0.619533,0,All,#4682B4,0
10,12,7,3.09407,-0.996556,-0.996556,0,All,#4682B4,0
1,12,7.5,2.51882,-1.22882,-1.81884,1,All,#4682B4,0
2,12,7.5,2.27662,-1.09588,-1.13325,1,All,#4682B4,0
3,12,7.5,2.26211,-1.08701,-1.37238,1,All,#4682B4,0
4,12,7.5,2.69321,-1.30974,-1.33571,1,All,#4682B4,0
5,12,7.5,2.46632,-1.20222,-1.26098,1,All,#4682B4,0
6,12,7.5,2.40483,-1.16959,-1.31773,1,All,#4682B4,0
7,12,7.5,2.5319,-1.23528,-1.93752,1,All,#4682B4,0
8,12,7.5,2.74039,-1.32986,-1.57242,1,All,#4682B4,0
9,12,7.5,2.40059,-1.16728,-1.64587,1,All,#4682B4,0
10,12,7.5,2.95616,-1.4137,-1.86807,1,All,#4682B4,0
1,12,8,2.35665,-1.14283,-1.23188,1,All,#4682B4,0
2,12,8,2.15204,-1.01584,-1.32953,1,All,#4682B4,0
3,12,8,2.10604,-0.983891,-1.22894,1,All,#4682B4,0
4,12,8,2.42043,-1.17802,-1.35162,1,All,#4682B4,0
5,12,8,2.30748,-1.11437,-1.80691,1,All,#4682B4,0
6,12,8,2.22997,-1.06695,-1.08217,1,All,#4682B4,0
7,12,8,2.33604,-1.13104,-1.69646,1,All,#4682B4,0
8,12,8,2.52746,-1.23309,-1.30346,1,All,#4682B4,0
9,12,8,2.26442,-1.08843,-1.2398,1,All,#4682B4,0
10,12,8,2.70546,-1.31503,-2.16135,1,All,#4682B4,0
1,12,8.5,2.11029,-0.986904,-1.07679,1,All,#4682B4,0
2,12,8.5,1.94484,-0.860013,-1.33342,1,All,#4682B4,0
3,12,8.5,1.90171,-0.823303,-1.29417,1,All,#4682B4,0
4,12,8.5,2.07658,-0.962686,-0.987917,1,All,#4682B4,0
5,12,8.5,2.08406,-0.968124,-1.80971,1,All,#4682B4,0
6,12,8.5,1.99281,-0.898972,-1.08887,1,All,#4682B4,0
7,12,8.5,2.06691,-0.955594,-1.53964,1,All,#4682B4,0
8,12,8.5,2.22259,-1.06226,-1.36083,1,All,#4682B4,0
9,12,8.5,2.08084,-0.965789,-1.13009,1,All,#4682B4,0
10,12,8.5,2.37288,-1.15197,-1.29063,1,All,#4682B4,0
1,12,9,1.81378,-0.74306,-1.79888,1,All,#4682B4,0
2,12,9,1.68094,-0.605918,-1.31369,1,All,#4682B4,0
3,12,9,1.66843,-0.591873,-1.17397,1,All,#4682B4,0
4,12,9,1.69494,-0.621385,-1.18979,1,All,#4682B4,0
5,12,9,1.81548,-0.744687,-0.771458,1,All,#4682B4,0
6,12,9,1.72239,-0.650977,-0.732009,1,All,#4682B4,0
7,12,9,1.75168,-0.68154,-0.958344,1,All,#4682B4,0
8,12,9,1.86837,-0.793769,-0.837489,1,All,#4682B4,0
9,12,9,1.86585,-0.791494,-1.19249,1,All,#4682B4,0
10,12,9,1.99184,-0.898201,-1.30151,1,All,#4682B4,0
1,12,9.5,1.49405,-0.371684,-0.891096,1,All,#4682B4,0
2,12,9.5,1.38594,-0.207331,-1.48915,1,All,#4682B4,0
3,12,9.5,1.41916,-0.260499,-1.25028,1,All,#4682B4,0
4,12,9.5,1.3055,-0.0673913,-0.590257,1,All,#4682B4,0
5,12,9.5,1.52162,-0.409844,-1.25119,1,All,#4682B4,0
6,12,9.5,1.44347,-0.297857,-1.10982,1,All,#4682B4,0
7,12,9.5,1.41635,-0.256095,-1.92802,1,All,#4682B4,0
8,12,9.5,1.5014,-0.38199,-0.714844,1,All,#4682B4,0
9,12,9.5,1.62969,-0.547028,-1.61766,1,All,#4682B4,0
10,12,9.5,1.60796,-0.520923,-1.11566,1,All,#4682B4,0
1,12,10,1.17679,0.196321,-0.301551,1,All,#4682B4,0
2,12,10,1.08808,0.414389,0.109542,1,All,#4682B4,0
3,12,10,1.16472,0.224044,0.116386,1,All,#4682B4,0
4,12,10,0.942349,0.861759,-1.1583,1,All,#4682B4,0
5,12,10,1.22416,0.0928098,-0.681696,1,All,#4682B4,0
6,12,10,1.17785,0.193904,-1.49651,1,All,#4682B4,0
7,12,10,1.08885,0.412336,0.359579,1,All,#4682B4,0
8,12,10,1.1535,0.250308,0.0270147,1,All,#4682B4,0
9,12,10,1.38088,-0.199009,-1.93176,1,All,#4682B4,0
10,12,10,1.27099,-0.00193025,-0.210854,1,All,#4682B4,0
1,12,10.5,0.884872,1.07873,0.324246,1,All,#4682B4,0
2,12,10.5,0.81165,1.39963,-0.446319,1,All,#4682B4,0
3,12,10.5,0.917885,0.950786,-1.17571,1,All,#4682B4,0
4,12,10.5,0.636684,2.46538,2.15302,1,All,#4682B4,0
5,12,10.5,0.946143,0.848365,-0.449254,1,All,#4682B4,0
6,12,10.5,0.946333,0.847698,0.720234,1,All,#4682B4,0
7,12,10.5,0.795888,1.47644,0.227435,1,All,#4682B4,0
8,12,10.5,0.850788,1.22123,-1.06236,1,All,#4682B4,0
9,12,10.5,1.12847,0.310845,0.181462,1,All,#4682B4,0
10,12,10.5,1.01303,0.628716,0.281146,1,All,#4682B4,0
1,12,11,0.634625,2.48142,-0.0090294,1,All,#4682B4,0
2,12,11,0.57363,3.00881,1.01626,1,All,#4682B4,0
3,12,11,0.690992,2.07681,-0.365781,1,All,#4682B4,0
4,12,11,0.401068,5.36975,0.151028,1,All,#4682B4,0
5,12,11,0.708769,1.96256,0.552397,1,All,#4682B4,0
6,12,11,0.757248,1.67824,0.0262085,1,All,#4682B4,0
7,12,11,0.554958,3.19343,-1.2421,1,All,#4682B4,0
8,12,11,0.606681,2.70987,-0.160865,1,All,#4682B4,0
9,12,11,0.883805,1.08302,-0.66217,1,All,#4682B4,0
10,12,11,0.832723,1.3015,-0.33861,1,All,#4682B4,0
1,12,11.5,0.433314,4.7857,0.319256,1,All,#4682B4,0
2,12,11.5,0.382382,5.75327,0.382918,1,All,#4682B4,0
3,12,11.5,0.499873,3.81847,0.028244,1,All,#4682B4,0
4,12,11.5,0.234183,10.9626,0.697635,1,All,#4682B4,0
5,12,11.5,0.524022,3.52828,0.839116,1,All,#4682B4,0
6,12,11.5,0.612238,2.66278,1.6192,1,All,#4682B4,0
7,12,11.5,0.373923,5.93949,-1.24231,1,All,#4682B4,0
8,12,11.5,0.424423,4.93789,-1.16916,1,All,#4682B4,0
9,12,11.5,0.660476,2.28729,0.90365,1,All,#4682B4,0
10,12,11.5,0.71367,1.93206,-0.194127,1,All,#4682B4,0
1,12,12,0.280371,8.74832,1.69265,1,All,#4682B4,0
2,12,12,0.238555,10.7163,1.13161,1,All,#4682B4,0
3,12,12,0.351667,6.47225,1.29633,1,All,#4682B4,0
4,12,12,0.12924,21.8769,0.569496,1,All,#4682B4,0
5,12,12,0.390783,5.57631,0.931249,1,All,#4682B4,0
6,12,12,0.506925,3.73087,-0.348486,1,All,#4682B4,0
7,12,12,0.247668,10.2308,-1.50274,1,All,#4682B4,0
8,12,12,0.298354,8.07166,2.45215,1,All,#4682B4,0
9,12,12,0.472762,4.17958,1.4265,1,All,#4682B4,0
10,12,12,0.636744,2.46491,0.412227,1,All,#4682B4,0
1,12,12.5,0.175827,15.4236,-0.936077,1,All,#4682B4,0
2,12,12.5,0.137684,20.383,-0.111089,1,All,#4682B4,0
3,12,12.5,0.246692,10.281,-0.535737,1,All,#4682B4,0
4,12,12.5,0.0707905,41.9862,-1.53481,1,All,#4682B4,0
5,12,12.5,0.300164,8.00803,-0.317413,1,All,#4682B4,0
6,12,12.5,0.43557,4.74808,0.20391,1,All,#4682B4,0
7,12,12.5,0.165145,16.5816,-1.33431,1,All,#4682B4,0
8,12,12.5,0.218321,11.9392,0.410108,1,All,#4682B4,0
9,12,12.5,0.328962,7.09001,1.83829,1,All,#4682B4,0
10,12,12.5,0.58585,2.89435,0.201617,1,All,#4682B4,0
1,12,13,0.106002,27.2159,-0.900731,1,All,#4682B4,0
2,12,13,0.0700477,42.4577,-1.21692,1,All,#4682B4,0
3,12,13,0.180784,14.9328,-0.739942,1,All,#4682B4,0
4,12,13,0.042566,71.4696,0.672073,1,All,#4682B4,0
5,12,13,0.241314,10.5654,0.210749,1,All,#4682B4,0
6,12,13,0.389839,5.59581,0.880906,1,All,#4682B4,0
7,12,13,0.113474,25.2608,-0.355797,1,All,#4682B4,0
8,12,13,0.173309,15.6837,0.433526,1,All,#4682B4,0
9,12,13,0.2271,11.3818,2.26017,1,All,#4682B4,0
10,12,13,0.546673,3.27939,0.79225,1,All,#4682B4,0
1,12,13.5,0.0667193,44.6995,5.88999e-05,1,All,#4682B4,0
2,12,13.5,0.0312389,98.283,-0.225882,1,All,#4682B4,0
3,12,13.5,0.146266,19.0417,-0.249124,1,All,#4682B4,0
4,12,13.5,0.0341276,89.754,-0.830884,1,All,#4682B4,0
5,12,13.5,0.203788,12.9674,-1.94854,1,All,#4682B4,0
6,12,13.5,0.362683,6.20037,-0.894348,1,All,#4682B4,0
7,12,13.5,0.082764,35.5535,0.35334,1,All,#4682B4,0
8,12,13.5,0.152862,18.1132,-1.11165,1,All,#4682B4,0
9,12,13.5,0.160885,17.0862,1.69352,1,All,#4682B4,0
10,12,13.5,0.512383,3.66472,-0.928705,1,All,#4682B4,0
1,12,14,0.0496814,60.8788,0.807579,1,All,#4682B4,0
2,12,14,0.0113054,275.943,-0.22156,1,All,#4682B4,0
3,12,14,0.134779,20.8759,0.680814,1,All,#4682B4,0
4,12,14,0.0371467,82.2579,-0.765854,1,All,#4682B4,0
5,12,14,0.181086,14.9038,1.35153,1,All,#4682B4,0
6,12,14,0.347912,6.56886,0.638896,1,All,#4682B4,0
7,12,14,0.0665299,44.8337,-0.462642,1,All,#4682B4,0
8,12,14,0.148399,18.7323,0.628771,1,All,#4682B4,0
9,12,14,0.122014,23.3192,-0.497145,1,All,#4682B4,0
10,12,14,0.477838,4.10884,-1.64051,1,All,#4682B4,0
1,12,14.5,0.0484628,62.4718,0.0997096,1,All,#4682B4,0
2,12,14.5,0.00416776,752.765,0.523752,1,All,#4682B4,0
3,12,14.5,0.138798,20.1996,-1.15955,1,All,#4682B4,0
4,12,14.5,0.0457044,66.3919,1.47198,1,All,#4682B4,0
5,12,14.5,0.16285,16.8502,-0.0666661,1,All,#4682B4,0
6,12,14.5,0.341014,6.75187,0.958026,1,All,#4682B4,0
7,12,14.5,0.0547295,55.0349,0.974156,1,All,#4682B4,0
8,12,14.5,0.15366,18.0062,2.62304,1,All,#4682B4,0
9,12,14.5,0.102475,28.238,-0.841359,1,All,#4682B4,0
10,12,14.5,0.441141,4.65682,0.523773,1,All,#4682B4,0
1,12,15,0.0574259,52.3344,1.14161,1,All,#4682B4,0
2,12,15,0.00492892,636.135,-0.098637,1,All,#4682B4,0
3,12,15,0.152473,18.1656,-1.71098,1,All,#4682B4,0
4,12,15,0.0553036,54.4378,0.581194,1,All,#4682B4,0
5,12,15,0.14745,18.869,-0.734647,1,All,#4682B4,0
6,12,15,0.338613,6.81732,1.15093,1,All,#4682B4,0
7,12,15,0.0481009,62.9606,-0.081359,1,All,#4682B4,0
8,12,15,0.163439,16.7806,0.0906444,1,All,#4682B4,0
9,12,15,0.095643,30.4322,0.776266,1,All,#4682B4,0
10,12,15,0.401016,5.37078,0.42808,1,All,#4682B4,0
1,12,15.5,0.0726774,40.8318,-2.33556,1,All,#4682B4,0
2,12,15.5,0.00962283,324.626,-0.663441,1,All,#4682B4,0
3,12,15.5,0.170901,15.9397,-0.579583,1,All,#4682B4,0
4,12,15.5,0.0637895,46.8662,-0.567256,1,All,#4682B4,0
5,12,15.5,0.132949,21.1973,-1.07517,1,All,#4682B4,0
6,12,15.5,0.338334,6.82497,0.0537541,1,All,#4682B4,0
7,12,15.5,0.0396702,76.8676,0.595297,1,All,#4682B4,0
8,12,15.5,0.174709,15.5382,2.22763,1,All,#4682B4,0
9,12,15.5,0.0963194,30.2011,-0.0827412,1,All,#4682B4,0
10,12,15.5,0.356566,6.34927,-0.282259,1,All,#4682B4,0
1,12,16,0.0904653,32.3158,-0.186445,1,All,#4682B4,0
2,12,16,0.0157424,197.47,1.08304,1,All,#4682B4,0
3,12,16,0.191953,13.9197,1.60191,1,All,#4682B4,0
4,12,16,0.0699018,42.5515,0.364998,1,All,#4682B4,0
5,12,16,0.118725,24.0339,-0.357267,1,All,#4682B4,0
6,12,16,0.338495,6.82055,-0.822823,1,All,#4682B4,0
7,12,16,0.0307477,99.8926,-0.213787,1,All,#4682B4,0
8,12,16,0.185386,14.5006,1.21669,1,All,#4682B4,0
9,12,16,0.100874,28.7255,0.105152,1,All,#4682B4,0
10,12,16,0.308799,7.71482,0.670886,1,All,#4682B4,0
1,12,16.5,0.109539,26.2571,-0.20661,1,All,#4682B4,0
2,12,16.5,0.021179,146.144,-0.228584,1,All,#4682B4,0
3,12,16.5,0.214016,12.2292,-1.20325,1,All,#4682B4,0
4,12,16.5,0.0730932,40.5854,1.35733,1,All,#4682B4,0
5,12,16.5,0.102689,28.1741,-0.848201,1,All,#4682B4,0
6,12,16.5,0.338252,6.82722,-1.57667,1,All,#4682B4,0
7,12,16.5,0.0191751,161.676,0.534698,1,All,#4682B4,0
8,12,16.5,0.194146,13.7345,0.166782,1,All,#4682B4,0
9,12,16.5,0.106814,26.9902,-0.67014,1,All,#4682B4,0
10,12,16.5,0.257038,9.76745,-0.464241,1,All,#4682B4,0
1,12,17,0.127674,22.1755,-0.88894,1,All,#4682B4,0
2,12,17,0.025289,121.99,0.385267,1,All,#4682B4,0
3,12,17,0.234705,10.9327,-0.696819,1,All,#4682B4,0
4,12,17,0.0728256,40.7436,1.08853,1,All,#4682B4,0
5,12,17,0.0859066,34.1622,0.761413,1,All,#4682B4,0
6,12,17,0.33644,6.87736,1.21425,1,All,#4682B4,0
7,12,17,0.00484602,647.06,2.35405,1,All,#4682B4,0
8,12,17,0.200298,13.2365,-0.227189,1,All,#4682B4,0
9,12,17,0.112639,25.4664,0.374954,1,All,#4682B4,0
10,12,17,0.202088,13.0973,0.695104,1,All,#4682B4,0
1,12,17.5,0.144732,19.2698,1.7665,1,All,#4682B4,0
2,12,17.5,0.0269663,114.248,-0.238065,1,All,#4682B4,0
3,12,17.5,0.253669,9.93013,-0.626509,1,All,#4682B4,0
4,12,17.5,0.0700169,42.4775,-0.102819,1,All,#4682B4,0
5,12,17.5,0.0671888,44.3698,-1.44652,1,All,#4682B4,0
6,12,17.5,0.334592,6.92901,-0.765399,1,All,#4682B4,0
7,12,17.5,0,5.71957e+15,0,1,All,#4682B4,0
8,12,17.5,0.203426,12.9949,-1.78794,1,All,#4682B4,0
9,12,17.5,0.117977,24.202,-0.661715,1,All,#4682B4,0
10,12,17.5,0.144313,19.3329,-2.02415,1,All,#4682B4,0
1,12,18,0.159903,17.2064,0.0274571,1,All,#4682B4,0
2,12,18,0.0259568,118.788,0.490684,1,All,#4682B4,0
3,12,18,0.270533,9.15663,-0.771108,1,All,#4682B4,0
4,12,18,0.0636883,46.9446,-0.671237,1,All,#4682B4,0
5,12,18,0.0459299,66.0537,0.0412198,1,All,#4682B4,0
6,12,18,0.330272,7.05207,-0.829769,1,All,#4682B4,0
7,12,18,0,5.71957e+15,0,1,All,#4682B4,0
8,12,18,0.204055,12.9471,1.04586,1,All,#4682B4,0
9,12,18,0.121486,23.4313,-2.12365,1,All,#4682B4,0
10,12,18,0.0839646,35.0096,-0.282398,1,All,#4682B4,0
1,13,1,0,5.71957e+15,2.08212,1,All,#4682B4,0
2,13,1,0,5.71957e+15,0,1,All,#4682B4,0
3,13,1,0,5.71957e+15,0,1,All,#4682B4,0
4,13,1,0,5.71957e+15,0,1,All,#4682B4,0
5,13,1,0,5.71957e+15,2.79083,1,All,#4682B4,0
6,13,1,0,5.71957e+15,0,1,All,#4682B4,0
7,13,1,0,5.71957e+15,0,1,All,#4682B4,0
8,13,1,0,5.71957e+15,0,1,All,#4682B4,0
9,13,1,0,5.71957e+15,2.06468,1,All,#4682B4,0
10,13,1,0,5.71957e+15,0,1,All,#4682B4,0
1,13,1.5,0,5.71957e+15,1.26979,1,All,#4682B4,0
2,13,1.5,0,5.71957e+15,1.83553,1,All,#4682B4,0
3,13,1.5,0,5.71957e+15,0,1,All,#4682B4,0
4,13,1.5,0,5.71957e+15,0,1,All,#4682B4,0
5,13,1.5,0,5.71957e+15,1.84879,1,All,#4682B4,0
6,13,1.5,0,5.71957e+15,0,1,All,#4682B4,0
7,13,1.5,0,5.71957e+15,0,1,All,#4682B4,0
8,13,1.5,0,5.71957e+15,0,1,All,#4682B4,0
9,13,1.5,0,5.71957e+15,0,1,All,#4682B4,0
10,13,1.5,0,5.71957e+15,0,1,All,#4682B4,0
1,13,2,0,5.71957e+15,1.39822,1,All,#4682B4,0
2,13,2,0,5.71957e+15,0,1,All,#4682B4,0
3,13,2,0,5.71957e+15,1.0363,1,All,#4682B4,0
4,13,2,0,5.71957e+15,0,1,All,#4682B4,0
5,13,2,0,5.71957e+15,1.08753,1,All,#4682B4,0
6,13,2,0,5.71957e+15,1.21722,1,All,#4682B4,0
7,13,2,0,5.71957e+15,0,1,All,#4682B4,0
8,13,2,0,5.71957e+15,2.5208,1,All,#4682B4,0
9,13,2,0,5.71957e+15,0,1,All,#4682B4,0
10,13,2,0,5.71957e+15,1.41816,1,All,#4682B4,0
1,13,2.5,0,5.71957e+15,0,1,All,#4682B4,0
2,13,2.5,0,5.71957e+15,2.24116,1,All,#4682B4,0
3,13,2.5,0.163272,16.8003,-2.2221,1,All,#4682B4,0
4,13,2.5,0,5.71957e+15,0,1,All,#4682B4,0
5,13,2.5,0,5.71957e+15,1.21623,1,All,#4682B4,0
6,13,2.5,0,5.71957e+15,0,1,All,#4682B4,0
7,13,2.5,0,5.71957e+15,0,1,All,#4682B4,0
8,13,2.5,0.0738867,40.1229,0.399831,1,All,#4682B4,0
9,13,2.5,0,5.71957e+15,0,1,All,#4682B4,0
10,13,2.5,0,5.71957e+15,0,1,All,#4682B4,0
1,13,3,0.433908,4.77577,0.329819,1,All,#4682B4,0
2,13,3,0.633203,2.49255,1.17198,1,All,#4682B4,0
3,13,3,0.835664,1.28819,1.08742,1,All,#4682B4,0
4,13,3,0.53809,3.37123,0.562642,1,All,#4682B4,0
5,13,3,0.613363,2.65335,-0.311772,1,All,#4682B4,0
6,13,3,0.65439,2.33161,0.263691,1,All,#4682B4,0
7,13,3,0.718698,1.90121,-1.07589,1,All,#4682B4,0
8,13,3,0.802915,1.44182,0.655982,1,All,#4682B4,0
9,13,3,0.58433,2.90833,0.796431,1,All,#4682B4,0
10,13,3,0.508169,3.71567,-0.934684,1,All,#4682B4,0
1,13,3.5,0.95549,1.7237,1.7237,0,All,#4682B4,0
2,13,3.5,1.20856,0.843773,0.843773,0,All,#4682B4,0
3,13,3.5,1.3587,0.476653,0.476653,0,All,#4682B4,0
4,13,3.5,1.16835,0.958096,0.958096,0,All,#4682B4,0
5,13,3.5,1.17985,0.924602,0.924602,0,All,#4682B4,0
6,13,3.5,1.35475,0.485274,0.485274,0,All,#4682B4,0
7,13,3.5,1.38668,0.417017,0.417017,0,All,#4682B4,0
8,13,3.5,1.39896,0.391608,0.391608,0,All,#4682B4,0
9,13,3.5,1.3196,0.56422,0.56422,0,All,#4682B4,0
10,13,3.5,1.05636,1.32244,1.32244,0,All,#4682B4,0
1,13,4,1.34851,1.39957,1.39957,0,All,#4682B4,0
2,13,4,1.64081,0.708731,0.708731,0,All,#4682B4,0
3,13,4,1.75196,0.506519,0.506519,0,All,#4682B4,0
4,13,4,1.64647,0.69777,0.69777,0,All,#4682B4,0
5,13,4,1.59766,0.794812,0.794812,0,All,#4682B4,0
6,13,4,1.90099,0.272499,0.272499,0,All,#4682B4,0
7,13,4,1.90205,0.270965,0.270965,0,All,#4682B4,0
8,13,4,1.85329,0.343306,0.343306,0,All,#4682B4,0
9,13,4,1.89696,0.278345,0.278345,0,All,#4682B4,0
10,13,4,1.46444,1.09257,1.09257,0,All,#4682B4,0
1,13,4.5,1.58032,-0.486685,-0.777749,1,All,#4682B4,0
2,13,4.5,1.86423,-0.790029,-1.69435,1,All,#4682B4,0
3,13,4.5,1.98773,-0.894935,-1.38331,1,All,#4682B4,0
4,13,4.5,1.91455,-0.834403,-1.09441,1,All,#4682B4,0
5,13,4.5,1.80599,-0.73558,-1.64382,1,All,#4682B4,0
6,13,4.5,2.20442,-1.05059,-1.50387,1,All,#4682B4,0
7,13,4.5,2.19142,-1.04212,-1.47417,1,All,#4682B4,0
8,13,4.5,2.10102,-0.980321,-1.23749,1,All,#4682B4,0
9,13,4.5,2.2153,-1.05761,-1.16155,1,All,#4682B4,0
10,13,4.5,1.68229,-0.607415,-1.51452,1,All,#4682B4,0
1,13,5,1.60612,0.607825,0.607825,0,All,#4682B4,0
2,13,5,1.81738,0.249058,0.249058,0,All,#4682B4,0
3,13,5,2.03322,-0.0404896,-0.0404896,0,All,#4682B4,0
4,13,5,1.9037,0.125381,0.125381,0,All,#4682B4,0
5,13,5,1.74751,0.358106,0.358106,0,All,#4682B4,0
6,13,5,2.16247,-0.186216,-0.186216,0,All,#4682B4,0
7,13,5,2.16722,-0.191233,-0.191233,0,All,#4682B4,0
8,13,5,2.07683,-0.0916853,-0.0916853,0,All,#4682B4,0
9,13,5,2.15847,-0.181966,-0.181966,0,All,#4682B4,0
10,13,5,1.6606,0.506554,0.506554,0,All,#4682B4,0
1,13,5.5,1.43386,-0.283232,-0.536033,1,All,#4682B4,0
2,13,5.5,1.54727,-0.444139,-0.926858,1,All,#4682B4,0
3,13,5.5,1.89246,-0.815217,-1.88148,1,All,#4682B4,0
4,13,5.5,1.64106,-0.560406,-1.53362,1,All,#4682B4,0
5,13,5.5,1.46553,-0.330684,-0.906011,1,All,#4682B4,0
6,13,5.5,1.84394,-0.771443,-0.782561,1,All,#4682B4,0
7,13,5.5,1.86759,-0.793066,-1.12154,1,All,#4682B4,0
8,13,5.5,1.81237,-0.741715,-1.43403,1,All,#4682B4,0
9,13,5.5,1.82283,-0.75168,-0.798698,1,All,#4682B4,0
10,13,5.5,1.42977,-0.276964,-1.05482,1,All,#4682B4,0
1,13,6,1.14041,0.281636,-0.883757,1,All,#4682B4,0
2,13,6,1.17743,0.19486,-0.515414,1,All,#4682B4,0
3,13,6,1.62931,-0.546576,-0.94225,1,All,#4682B4,0
4,13,6,1.25891,0.0218412,-0.0179987,1,All,#4682B4,0
5,13,6,1.07991,0.436268,-1.70561,1,All,#4682B4,0
6,13,6,1.41672,-0.256678,-2.18053,1,All,#4682B4,0
7,13,6,1.44546,-0.300851,-1.00233,1,All,#4682B4,0
8,13,6,1.43167,-0.279877,-0.954502,1,All,#4682B4,0
9,13,6,1.40507,-0.238254,-0.610631,1,All,#4682B4,0
10,13,6,1.1011,0.380185,0.363942,1,All,#4682B4,0
1,13,6.5,0.8162,1.37802,0.80316,1,All,#4682B4,0
2,13,6.5,0.810819,1.40361,-0.683664,1,All,#4682B4,0
3,13,6.5,1.32717,-0.106769,-1.5957,1,All,#4682B4,0
4,13,6.5,0.87902,1.10241,-1.24804,1,All,#4682B4,0
5,13,6.5,0.702871,1.99983,-0.212661,1,All,#4682B4,0
6,13,6.5,1.00853,0.642563,0.411198,1,All,#4682B4,0
7,13,6.5,1.02295,0.598587,-0.181982,1,All,#4682B4,0
8,13,6.5,1.03838,0.552843,-0.540928,1,All,#4682B4,0
9,13,6.5,1.02607,0.589223,-2.10815,1,All,#4682B4,0
10,13,6.5,0.770204,1.60832,1.57104,1,All,#4682B4,0
1,13,7,0.524602,3.52164,0.778728,1,All,#4682B4,0
2,13,7,0.500984,3.8045,1.82928,1,All,#4682B4,0
3,13,7,1.05244,0.512337,-1.01515,1,All,#4682B4,0
4,13,7,0.555082,3.19217,0.251322,1,All,#4682B4,0
5,13,7,0.386869,5.6578,1.48928,1,All,#4682B4,0
6,13,7,0.681656,2.1392,-1.33232,1,All,#4682B4,0
7,13,7,0.663588,2.26493,0.0261267,1,All,#4682B4,0
8,13,7,0.692092,2.06957,0.0543372,1,All,#4682B4,0
9,13,7,0.733714,1.81157,-1.23464,1,All,#4682B4,0
10,13,7,0.491269,3.92875,0.709444,1,All,#4682B4,0
1,13,7.5,0.300758,7.98731,0.359154,1,All,#4682B4,0
2,13,7.5,0.271439,9.11777,-0.900112,1,All,#4682B4,0
3,13,7.5,0.838316,1.27628,-0.759862,1,All,#4682B4,0
4,13,7.5,0.318425,7.40665,-0.846064,1,All,#4682B4,0
5,13,7.5,0.156033,17.6947,-0.0143217,1,All,#4682B4,0
6,13,7.5,0.445407,4.58849,2.2221,1,All,#4682B4,0
7,13,7.5,0.394773,5.49491,-0.357911,1,All,#4682B4,0
8,13,7.5,0.420114,5.01396,-0.211195,1,All,#4682B4,0
9,13,7.5,0.538973,3.36166,-0.594028,1,All,#4682B4,0
10,13,7.5,0.290509,8.35655,0.31978,1,All,#4682B4,0
1,13,8,0.152937,18.103,-0.220874,1,All,#4682B4,0
2,13,8,0.126543,22.3959,0.406411,1,All,#4682B4,0
3,13,8,0.698874,2.02544,-1.90324,1,All,#4682B4,0
4,13,8,0.172968,15.7195,-1.37154,1,All,#4682B4,0
5,13,8,0.0132073,235.849,1.41222,1,All,#4682B4,0
6,13,8,0.300224,8.00593,1.04899,1,All,#4682B4,0
7,13,8,0.217847,11.9706,0.773,1,All,#4682B4,0
8,13,8,0.233432,11.0059,0.878547,1,All,#4682B4,0
9,13,8,0.439118,4.6897,0.228657,1,All,#4682B4,0
10,13,8,0.171228,15.9045,-0.274191,1,All,#4682B4,0
1,13,8.5,0.0786019,37.5673,0.244286,1,All,#4682B4,0
2,13,8.5,0.0611339,49.0097,0.221866,1,All,#4682B4,0
3,13,8.5,0.631514,2.50584,-0.611756,1,All,#4682B4,0
4,13,8.5,0.112017,25.6214,-0.485933,1,All,#4682B4,0
5,13,8.5,0,5.71957e+15,1.06961,1,All,#4682B4,0
6,13,8.5,0.241287,10.5669,-1.79146,1,All,#4682B4,0
7,13,8.5,0.126695,22.3661,0.953339,1,All,#4682B4,0
8,13,8.5,0.12824,22.0667,0.6043,1,All,#4682B4,0
9,13,8.5,0.426009,4.91028,0.269881,1,All,#4682B4,0
10,13,8.5,0.126855,22.3347,-1.10659,1,All,#4682B4,0
1,13,9,0.0697203,42.6687,0.634316,1,All,#4682B4,0
2,13,9,0.065666,45.4561,-2.06996,1,All,#4682B4,0
3,13,9,0.627311,2.53924,-0.224113,1,All,#4682B4,0
4,13,9,0.123688,22.97,1.17319,1,All,#4682B4,0
5,13,9,0,5.71957e+15,1.25147,1,All,#4682B4,0
6,13,9,0.258286,9.70828,-0.0758476,1,All,#4682B4,0
7,13,9,0.112695,25.4524,0.578027,1,All,#4682B4,0
8,13,9,0.0951726,30.5949,1.12769,1,All,#4682B4,0
9,13,9,0.485433,4.00578,-0.286561,1,All,#4682B4,0
10,13,9,0.145939,19.09,-0.132815,1,All,#4682B4,0
1,13,9.5,0.11454,25.0026,-0.0710074,1,All,#4682B4,0
2,13,9.5,0.127856,22.1404,-1.3498,1,All,#4682B4,0
3,13,9.5,0.673933,2.19212,0.00411516,1,All,#4682B4,0
4,13,9.5,0.194398,13.7134,-1.10253,1,All,#4682B4,0
5,13,9.5,0.0275199,111.9,-1.34796,1,All,#4682B4,0
6,13,9.5,0.338331,6.82506,0.0527755,1,All,#4682B4,0
7,13,9.5,0.163824,16.7353,0.45962,1,All,#4682B4,0
8,13,9.5,0.124192,22.8667,-1.65152,1,All,#4682B4,0
9,13,9.5,0.601851,2.75151,2.09594,1,All,#4682B4,0
10,13,9.5,0.216393,12.0676,-0.845813,1,All,#4682B4,0
1,13,10,0.200825,13.1953,-0.133438,1,All,#4682B4,0
2,13,10,0.234746,10.9304,-0.287497,1,All,#4682B4,0
3,13,10,0.758412,1.67186,-0.437425,1,All,#4682B4,0
4,13,10,0.309934,7.67746,0.480474,1,All,#4682B4,0
5,13,10,0.137528,20.4091,1.8529,1,All,#4682B4,0
6,13,10,0.467393,4.25606,0.134856,1,All,#4682B4,0
7,13,10,0.26683,9.31809,1.57954,1,All,#4682B4,0
8,13,10,0.203998,12.9515,1.06574,1,All,#4682B4,0
9,13,10,0.759276,1.66714,-0.388085,1,All,#4682B4,0
10,13,10,0.325399,7.19479,-0.10157,1,All,#4682B4,0
1,13,10.5,0.315637,7.49396,0.0192394,1,All,#4682B4,0
2,13,10.5,0.373632,5.94606,-0.581842,1,All,#4682B4,0
3,13,10.5,0.860085,1.18124,0.0698098,1,All,#4682B4,0
4,13,10.5,0.456434,4.41776,-0.811018,1,All,#4682B4,0
5,13,10.5,0.277834,8.85086,1.67729,1,All,#4682B4,0
6,13,10.5,0.631426,2.50654,-1.59082,1,All,#4682B4,0
7,13,10.5,0.408762,5.22202,-0.1982,1,All,#4682B4,0
8,13,10.5,0.323093,7.26383,1.5002,1,All,#4682B4,0
9,13,10.5,0.941171,0.865939,0.602993,1,All,#4682B4,0
10,13,10.5,0.459246,4.37553,-0.671148,1,All,#4682B4,0
1,13,11,0.446698,4.56805,1.27812,1,All,#4682B4,0
2,13,11,0.532436,3.43335,-0.0300151,1,All,#4682B4,0
3,13,11,0.893917,1.04273,0.469523,1,All,#4682B4,0
4,13,11,0.604454,2.72899,-0.321266,1,All,#4682B4,0
5,13,11,0.436454,4.73344,-0.355533,1,All,#4682B4,0
6,13,11,0.816602,1.37612,-1.52146,1,All,#4682B4,0
7,13,11,0.567426,3.06881,-0.642816,1,All,#4682B4,0
8,13,11,0.467839,4.24964,-1.44124,1,All,#4682B4,0
9,13,11,1.10124,0.379817,-0.597305,1,All,#4682B4,0
10,13,11,0.605505,2.71994,1.92866,1,All,#4682B4,0
1,13,11.5,0.521428,3.55816,-0.143889,1,All,#4682B4,0
2,13,11.5,0.68542,2.11384,0.144076,1,All,#4682B4,0
3,13,11.5,0.845815,1.24299,-0.449903,1,All,#4682B4,0
4,13,11.5,0.675437,2.18173,-0.458739,1,All,#4682B4,0
5,13,11.5,0.589001,2.8656,1.61931,1,All,#4682B4,0
6,13,11.5,1.00155,0.664312,0.473768,1,All,#4682B4,0
7,13,11.5,0.643519,2.41287,1.48637,1,All,#4682B4,0
8,13,11.5,0.564113,3.10139,-1.63734,1,All,#4682B4,0
9,13,11.5,1.16514,0.223058,-0.629685,1,All,#4682B4,0
10,13,11.5,0.749926,1.71883,-0.526914,1,All,#4682B4,0
1,13,12,0.491264,3.92881,-0.824379,1,All,#4682B4,0
2,13,12,0.722782,1.87646,1.58753,1,All,#4682B4,0
3,13,12,0.721681,1.8831,-0.864692,1,All,#4682B4,0
4,13,12,0.668245,2.23188,0.680091,1,All,#4682B4,0
5,13,12,0.626395,2.54658,1.27225,1,All,#4682B4,0
6,13,12,1.07052,0.461837,-1.33325,1,All,#4682B4,0
7,13,12,0.623018,2.57382,-1.22177,1,All,#4682B4,0
8,13,12,0.579192,2.95612,-0.872114,1,All,#4682B4,0
9,13,12,1.12825,0.311394,0.227501,1,All,#4682B4,0
10,13,12,0.790699,1.5024,1.35103,1,All,#4682B4,0
1,13,12.5,0.363071,6.19109,-0.801129,1,All,#4682B4,0
2,13,12.5,0.634171,2.48497,-1.33838,1,All,#4682B4,0
3,13,12.5,0.532248,3.43544,0.0789024,1,All,#4682B4,0
4,13,12.5,0.582013,2.92978,-1.06473,1,All,#4682B4,0
5,13,12.5,0.5457,3.28966,0.106445,1,All,#4682B4,0
6,13,12.5,1.0008,0.666677,0.0122147,1,All,#4682B4,0
7,13,12.5,0.508459,3.71214,1.92575,1,All,#4682B4,0
8,13,12.5,0.512204,3.66687,-0.257327,1,All,#4682B4,0
9,13,12.5,0.993168,0.690843,-0.132385,1,All,#4682B4,0
10,13,12.5,0.680489,2.14712,-0.0395436,1,All,#4682B4,0
1,13,13,0.14817,18.7652,0.590954,1,All,#4682B4,0
2,13,13,0.425366,4.92144,-0.365335,1,All,#4682B4,0
3,13,13,0.28687,8.49401,1.29643,1,All,#4682B4,0
4,13,13,0.42513,4.92555,0.00326577,1,All,#4682B4,0
5,13,13,0.359921,6.26697,1.56556,1,All,#4682B4,0
6,13,13,0.802363,1.44452,-0.652145,1,All,#4682B4,0
7,13,13,0.302879,7.91403,-2.16784,1,All,#4682B4,0
8,13,13,0.365908,6.12389,-1.03457,1,All,#4682B4,0
9,13,13,0.776489,1.57525,1.55778,1,All,#4682B4,0
10,13,13,0.433743,4.77853,-0.713943,1,All,#4682B4,0
1,13,13.5,0,5.71957e+15,0,1,All,#4682B4,0
2,13,13.5,0.117008,24.423,-1.15869,1,All,#4682B4,0
3,13,13.5,0,5.71957e+15,0,1,All,#4682B4,0
4,13,13.5,0.211926,12.3742,-0.279214,1,All,#4682B4,0
5,13,13.5,0.0878355,33.3576,-1.06963,1,All,#4682B4,0
6,13,13.5,0.49411,3.89191,-0.545747,1,All,#4682B4,0
7,13,13.5,0.0258391,119.34,0.726527,1,All,#4682B4,0
8,13,13.5,0.144758,19.266,0.27032,1,All,#4682B4,0
9,13,13.5,0.498062,3.84136,-0.422566,1,All,#4682B4,0
10,13,13.5,0.0784351,37.6525,1.64761,1,All,#4682B4,0
1,13,14,0,5.71957e+15,0,1,All,#4682B4,0
2,13,14,0,5.71957e+15,0,1,All,#4682B4,0
3,13,14,0,5.71957e+15,0,1,All,#4682B4,0
4,13,14,0,5.71957e+15,0,1,All,#4682B4,0
5,13,14,0,5.71957e+15,0,1,All,#4682B4,0
6,13,14,0.103276,28,-0.221331,1,All,#4682B4,0
7,13,14,0,5.71957e+15,1.20476,1,All,#4682B4,0
8,13,14,0,5.71957e+15,1.09127,1,All,#4682B4,0
9,13,14,0.174186,15.5923,0.0838709,1,All,#4682B4,0
10,13,14,0,5.71957e+15,1.37908,1,All,#4682B4,0
1,13,14.5,0,5.71957e+15,0,1,All,#4682B4,0
2,13,14.5,0,5.71957e+15,0,1,All,#4682B4,0
3,13,14.5,0,5.71957e+15,1.48539,1,All,#4682B4,0
4,13,14.5,0,5.71957e+15,0,1,All,#4682B4,0
5,13,14.5,0,5.71957e+15,0,1,All,#4682B4,0
6,13,14.5,0,5.71957e+15,0,1,All,#4682B4,0
7,13,14.5,0,5.71957e+15,0,1,All,#4682B4,0
8,13,14.5,0,5.71957e+15,0,1,All,#4682B4,0
9,13,14.5,0,5.71957e+15,0,1,All,#4682B4,0
10,13,14.5,0,5.71957e+15,1.51474,1,All,#4682B4,0
1,13,15,0,5.71957e+15,0,1,All,#4682B4,0
2,13,15,0,5.71957e+15,0,1,All,#4682B4,0
3,13,15,0,5.71957e+15,0,1,All,#4682B4,0
4,13,15,0,5.71957e+15,0,1,All,#4682B4,0
5,13,15,0,5.71957e+15,1.0514,1,All,#4682B4,0
6,13,15,0,5.71957e+15,1.25337,1,All,#4682B4,0
7,13,15,0,5.71957e+15,1.31226,1,All,#4682B4,0
8,13,15,0,5.71957e+15,0,1,All,#4682B4,0
9,13,15,0,5.71957e+15,0,1,All,#4682B4,0
10,13,15,0,5.71957e+15,0,1,All,#4682B4,0
1,13,15.5,0,5.71957e+15,0,1,All,#4682B4,0
2,13,15.5,0,5.71957e+15,0,1,All,#4682B4,0
3,13,15.5,0,5.71957e+15,0,1,All,#4682B4,0
4,13,15.5,0,5.71957e+15,0,1,All,#4682B4,0
5,13,15.5,0,5.71957e+15,0,1,All,#4682B4,0
6,13,15.5,0,5.71957e+15,0,1,All,#4682B4,0
7,13,15.5,0,5.71957e+15,2.13275,1,All,#4682B4,0
8,13,15.5,0,5.71957e+15,0,1,All,#4682B4,0
9,13,15.5,0,5.71957e+15,2.19064,1,All,#4682B4,0
10,13,15.5,0,5.71957e+15,0,1,All,#4682B4,0
1,13,16,0,5.71957e+15,0,1,All,#4682B4,0
2,13,16,0,5.71957e+15,1.46579,1,All,#4682B4,0
3,13,16,0,5.71957e+15,0,1,All,#4682B4,0
4,13,16,0,5.71957e+15,0,1,All,#4682B4,0
5,13,16,0,5.71957e+15,1.72103,1,All,#4682B4,0
6,13,16,0,5.71957e+15,0,1,All,#4682B4,0
7,13,16,0,5.71957e+15,0,1,All,#4682B4,0
8,13,16,0,5.71957e+15,0,1,All,#4682B4,0
9,13,16,0,5.71957e+15,0,1,All,#4682B4,0
10,13,16,0,5.71957e+15,0,1,All,#4682B4,0
1,13,16.5,0,5.71957e+15,1.63102,1,All,#4682B4,0
2,13,16.5,0,5.71957e+15,0,1,All,#4682B4,0
3,13,16.5,0,5.71957e+15,0,1,All,#4682B4,0
4,13,16.5,0,5.71957e+15,0,1,All,#4682B4,0
5,13,16.5,0,5.71957e+15,2.73228,1,All,#4682B4,0
6,13,16.5,0,5.71957e+15,2.12615,1,All,#4682B4,0
7,13,16.5,0,5.71957e+15,0,1,All,#4682B4,0
8,13,16.5,0,5.71957e+15,1.01539,1,All,#4682B4,0
9,13,16.5,0,5.71957e+15,0,1,All,#4682B4,0
10,13,16.5,0,5.71957e+15,1.20717,1,All,#4682B4,0
1,13,17,0,5.71957e+15,0,1,All,#4682B4,0
2,13,17,0,5.71957e+15,1.16754,1,All,#4682B4,0
3,13,17,0,5.71957e+15,1.89382,1,All,#4682B4,0
4,13,17,0,5.71957e+15,0,1,All,#4682B4,0
5,13,17,0,5.71957e+15,0,1,All,#4682B4,0
6,13,17,0,5.71957e+15,0,1,All,#4682B4,0
7,13,17,0,5.71957e+15,1.39579,1,All,#4682B4,0
8,13,17,0,5.71957e+15,1.71595,1,All,#4682B4,0
9,13,17,0,5.71957e+15,0,1,All,#4682B4,0
10,13,17,0,5.71957e+15,0,1,All,#4682B4,0
1,13,17.5,0,5.71957e+15,0,1,All,#4682B4,0
2,13,17.5,0,5.71957e+15,0,1,All,#4682B4,0
3,13,17.5,0,5.71957e+15,0,1,All,#4682B4,0
4,13,17.5,0,5.71957e+15,1.61702,1,All,#4682B4,0
5,13,17.5,0,5.71957e+15,1.92977,1,All,#4682B4,0
6,13,17.5,0,5.71957e+15,0,1,All,#4682B4,0
7,13,17.5,0,5.71957e+15,0,1,All,#4682B4,0
8,13,17.5,0,5.71957e+15,0,1,All,#4682B4,0
9,13,17.5,0,5.71957e+15,0,1,All,#4682B4,0
10,13,17.5,0,5.71957e+15,0,1,All,#4682B4,0
1,13,18,0,5.71957e+15,0,1,All,#4682B4,0
2,13,18,0,5.71957e+15,0,1,All,#4682B4,0
3,13,18,0,5.71957e+15,1.96632,1,All,#4682B4,0
4,13,18,0,5.71957e+15,0,1,All,#4682B4,0
5,13,18,0,5.71957e+15,0,1,All,#4682B4,0
6,13,18,0,5.71957e+15,0,1,All,#4682B4,0
7,13,18,0,5.71957e+15,0,1,All,#4682B4,0
8,13,18,0,5.71957e+15,0,1,All,#4682B4,0
9,13,18,0,5.71957e+15,0,1,All,#4682B4,0
10,13,18,0,5.71957e+15,0,1,All,#4682B4,0
1,13,18.5,0,5.71957e+15,2.55392,1,All,#4682B4,0
2,13,18.5,0,5.71957e+15,0,1,All,#4682B4,0
3,13,18.5,0,5.71957e+15,0,1,All,#4682B4,0
4,13,18.5,0,5.71957e+15,0,1,All,#4682B4,0
5,13,18.5,0,5.71957e+15,0,1,All,#4682B4,0
6,13,18.5,0,5.71957e+15,1.43872,1,All,#4682B4,0
7,13,18.5,0,5.71957e+15,1.09644,1,All,#4682B4,0
8,13,18.5,0,5.71957e+15,0,1,All,#4682B4,0
9,13,18.5,0,5.71957e+15,0,1,All,#4682B4,0
10,13,18.5,0,5.71957e+15,1.34836,1,All,#4682B4,0
1,14,1,0,5.71957e+15,1.78027,1,All,#4682B4,0
2,14,1,0,5.71957e+15,0,1,All,#4682B4,0
3,14,1,0,5.71957e+15,0,1,All,#4682B4,0
4,14,1,0,5.71957e+15,1.34762,1,All,#4682B4,0
5,14,1,0,5.71957e+15,0,1,All,#4682B4,0
6,14,1,0,5.71957e+15,0,1,All,#4682B4,0
7,14,1,0,5.71957e+15,0,1,All,#4682B4,0
8,14,1,0,5.71957e+15,1.0969,1,All,#4682B4,0
9,14,1,0,5.71957e+15,0,1,All,#4682B4,0
10,14,1,0,5.71957e+15,0,1,All,#4682B4,0
1,14,1.5,0,5.71957e+15,0,1,All,#4682B4,0
2,14,1.5,0,5.71957e+15,0,1,All,#4682B4,0
3,14,1.5,0,5.71957e+15,0,1,All,#4682B4,0
4,14,1.5,0,5.71957e+15,0,1,All,#4682B4,0
5,14,1.5,0,5.71957e+15,2.53098,1,All,#4682B4,0
6,14,1.5,0,5.71957e+15,0,1,All,#4682B4,0
7,14,1.5,0,5.71957e+15,1.64014,1,All,#4682B4,0
8,14,1.5,0,5.71957e+15,0,1,All,#4682B4,0
9,14,1.5,0,5.71957e+15,0,1,All,#4682B4,0
10,14,1.5,0,5.71957e+15,0,1,All,#4682B4,0
1,14,2,1.36464,-0.171884,-0.462801,1,All,#4682B4,0
2,14,2,1.63333,-0.551333,-0.982575,1,All,#4682B4,0
3,14,2,1.30041,-0.057965,-0.499283,1,All,#4682B4,0
4,14,2,0.927252,0.916145,-0.139647,1,All,#4682B4,0
5,14,2,1.06369,0.480713,-0.020715,1,All,#4682B4,0
6,14,2,1.30007,-0.0573178,-0.245391,1,All,#4682B4,0
7,14,2,1.08013,0.435668,-2.03588,1,All,#4682B4,0
8,14,2,1.03761,0.555092,-0.235859,1,All,#4682B4,0
9,14,2,1.72457,-0.653292,-1.90145,1,All,#4682B4,0
10,14,2,0.768725,1.61618,-0.164292,1,All,#4682B4,0
1,14,2.5,2.2679,1.02958,1.02958,0,All,#4682B4,0
2,14,2.5,2.68049,0.489609,0.489609,0,All,#4682B4,0
3,14,2.5,2.3932,0.845907,0.845907,0,All,#4682B4,0
4,14,2.5,2.22287,1.10064,1.10064,0,All,#4682B4,0
5,14,2.5,2.16767,1.19179,1.19179,0,All,#4682B4,0
6,14,2.5,2.49519,0.710027,0.710027,0,All,#4682B4,0
7,14,2.5,2.11756,1.27864,1.27864,0,All,#4682B4,0
8,14,2.5,2.2157,1.11222,1.11222,0,All,#4682B4,0
9,14,2.5,2.42196,0.806437,0.806437,0,All,#4682B4,0
10,14,2.5,2.32291,0.946498,0.946498,0,All,#4682B4,0
1,14,3,2.67932,1.11993,1.11993,0,All,#4682B4,0
2,14,3,3.10838,0.623225,0.623225,0,All,#4682B4,0
3,14,3,2.87096,0.879738,0.879738,0,All,#4682B4,0
4,14,3,2.68173,1.1167,1.1167,0,All,#4682B4,0
5,14,3,2.68368,1.11408,1.11408,0,All,#4682B4,0
6,14,3,2.92077,0.822461,0.822461,0,All,#4682B4,0
7,14,3,2.52547,1.33914,1.33914,0,All,#4682B4,0
8,14,3,2.65327,1.15527,1.15527,0,All,#4682B4,0
9,14,3,2.74602,1.03253,1.03253,0,All,#4682B4,0
10,14,3,2.94995,0.789814,0.789814,0,All,#4682B4,0
1,14,3.5,2.86198,1.75627,1.75627,0,All,#4682B4,0
2,14,3.5,3.30898,1.18421,1.18421,0,All,#4682B4,0
3,14,3.5,3.09586,1.43636,1.43636,0,All,#4682B4,0
4,14,3.5,2.90313,1.69625,1.69625,0,All,#4682B4,0
5,14,3.5,2.95502,1.62294,1.62294,0,All,#4682B4,0
6,14,3.5,3.13386,1.38889,1.38889,0,All,#4682B4,0
7,14,3.5,2.71975,1.97773,1.97773,0,All,#4682B4,0
8,14,3.5,2.85192,1.77121,1.77121,0,All,#4682B4,0
9,14,3.5,2.8885,1.71739,1.71739,0,All,#4682B4,0
10,14,3.5,3.26889,1.22914,1.22914,0,All,#4682B4,0
1,14,4,2.88277,1.25287,1.25287,0,All,#4682B4,0
2,14,4,3.35223,0.730308,0.730308,0,All,#4682B4,0
3,14,4,3.1348,0.952871,0.952871,0,All,#4682B4,0
4,14,4,2.9773,1.1344,1.1344,0,All,#4682B4,0
5,14,4,3.04581,1.05313,1.05313,0,All,#4682B4,0
6,14,4,3.22522,0.856672,0.856672,0,All,#4682B4,0
7,14,4,2.7723,1.40155,1.40155,0,All,#4682B4,0
8,14,4,2.88523,1.24968,1.24968,0,All,#4682B4,0
9,14,4,2.89763,1.23373,1.23373,0,All,#4682B4,0
10,14,4,3.38245,0.701645,0.701645,0,All,#4682B4,0
1,14,4.5,2.81657,1.15577,1.15577,0,All,#4682B4,0
2,14,4.5,3.28835,0.634367,0.634367,0,All,#4682B4,0
3,14,4.5,3.04839,0.879397,0.879397,0,All,#4682B4,0
4,14,4.5,2.93506,1.00905,1.00905,0,All,#4682B4,0
5,14,4.5,2.99345,0.941025,0.941025,0,All,#4682B4,0
6,14,4.5,3.22517,0.695347,0.695347,0,All,#4682B4,0
7,14,4.5,2.72455,1.27852,1.27852,0,All,#4682B4,0
8,14,4.5,2.80647,1.16885,1.16885,0,All,#4682B4,0
9,14,4.5,2.82009,1.15124,1.15124,0,All,#4682B4,0
10,14,4.5,3.3484,0.578544,0.578544,0,All,#4682B4,0
1,14,5,2.71006,0.219438,0.219438,0,All,#4682B4,0
2,14,5,3.17209,-0.173528,-0.173528,0,All,#4682B4,0
3,14,5,2.90325,0.0399096,0.0399096,0,All,#4682B4,0
4,14,5,2.81247,0.121195,0.121195,0,All,#4682B4,0
5,14,5,2.85499,0.0824826,0.0824826,0,All,#4682B4,0
6,14,5,3.16384,-0.167517,-0.167517,0,All,#4682B4,0
7,14,5,2.62431,0.307596,0.307596,0,All,#4682B4,0
8,14,5,2.66751,0.262477,0.262477,0,All,#4682B4,0
9,14,5,2.69059,0.238964,0.238964,0,All,#4682B4,0
10,14,5,3.22885,-0.214047,-0.214047,0,All,#4682B4,0
1,14,5.5,2.57762,0.569595,0.569595,0,All,#4682B4,0
2,14,5.5,3.01388,0.128388,0.128388,0,All,#4682B4,0
3,14,5.5,2.71786,0.41232,0.41232,0,All,#4682B4,0
4,14,5.5,2.63406,0.504282,0.504282,0,All,#4682B4,0
5,14,5.5,2.66801,0.466334,0.466334,0,All,#4682B4,0
6,14,5.5,3.05058,0.0970283,0.0970283,0,All,#4682B4,0
7,14,5.5,2.48793,0.679476,0.679476,0,All,#4682B4,0
8,14,5.5,2.4907,0.675971,0.675971,0,All,#4682B4,0
9,14,5.5,2.5194,0.640032,0.640032,0,All,#4682B4,0
10,14,5.5,3.05398,0.0941538,0.0941538,0,All,#4682B4,0
1,14,6,2.41992,1.28034,1.28034,0,All,#4682B4,0
2,14,6,2.81128,0.757069,0.757069,0,All,#4682B4,0
3,14,6,2.49533,1.16674,1.16674,0,All,#4682B4,0
4,14,6,2.40656,1.3012,1.3012,0,All,#4682B4,0
5,14,6,2.44204,1.24629,1.24629,0,All,#4682B4,0
6,14,6,2.8876,0.671551,0.671551,0,All,#4682B4,0
7,14,6,2.3176,1.44629,1.44629,0,All,#4682B4,0
8,14,6,2.28059,1.50998,1.50998,0,All,#4682B4,0
9,14,6,2.30458,1.46846,1.46846,0,All,#4682B4,0
10,14,6,2.82809,0.737835,0.737835,0,All,#4682B4,0
1,14,6.5,2.23415,-1.06959,-1.59066,1,All,#4682B4,0
2,14,6.5,2.56125,-1.24953,-1.40415,1,All,#4682B4,0
3,14,6.5,2.23684,-1.07129,-1.35149,1,All,#4682B4,0
4,14,6.5,2.1298,-1.00056,-1.09625,1,All,#4682B4,0
5,14,6.5,2.17826,-1.03345,-1.1517,1,All,#4682B4,0
6,14,6.5,2.67217,-1.30054,-1.95257,1,All,#4682B4,0
7,14,6.5,2.1131,-0.988886,-1.36211,1,All,#4682B4,0
8,14,6.5,2.03647,-0.932836,-1.39483,1,All,#4682B4,0
9,14,6.5,2.04234,-0.937274,-0.966287,1,All,#4682B4,0
10,14,6.5,2.54499,-1.24167,-1.4516,1,All,#4682B4,0
1,14,7,2.01717,0.335223,0.335223,0,All,#4682B4,0
2,14,7,2.26393,0.0285358,0.0285358,0,All,#4682B4,0
3,14,7,1.94534,0.439123,0.439123,0,All,#4682B4,0
4,14,7,1.80917,0.658709,0.658709,0,All,#4682B4,0
5,14,7,1.87967,0.541054,0.541054,0,All,#4682B4,0
6,14,7,2.39836,-0.11198,-0.11198,0,All,#4682B4,0
7,14,7,1.8729,0.551959,0.551959,0,All,#4682B4,0
8,14,7,1.75951,0.747258,0.747258,0,All,#4682B4,0
9,14,7,1.73865,0.785968,0.785968,0,All,#4682B4,0
10,14,7,2.19932,0.102187,0.102187,0,All,#4682B4,0
1,14,7.5,1.76828,0.464959,0.464959,0,All,#4682B4,0
2,14,7.5,1.93636,0.209458,0.209458,0,All,#4682B4,0
3,14,7.5,1.6346,0.705669,0.705669,0,All,#4682B4,0
4,14,7.5,1.47951,1.03945,1.03945,0,All,#4682B4,0
5,14,7.5,1.55906,0.859951,0.859951,0,All,#4682B4,0
6,14,7.5,2.07084,0.0349034,0.0349034,0,All,#4682B4,0
7,14,7.5,1.6,0.774535,0.774535,0,All,#4682B4,0
8,14,7.5,1.46125,1.08342,1.08342,0,All,#4682B4,0
9,14,7.5,1.42848,1.16513,1.16513,0,All,#4682B4,0
10,14,7.5,1.80222,0.409511,0.409511,0,All,#4682B4,0
1,14,8,1.49103,-0.367413,-0.75863,1,All,#4682B4,0
2,14,8,1.63633,-0.554861,-0.835948,1,All,#4682B4,0
3,14,8,1.33935,-0.128326,-0.810596,1,All,#4682B4,0
4,14,8,1.21459,0.113077,-0.263978,1,All,#4682B4,0
5,14,8,1.25401,0.0316102,-0.816254,1,All,#4682B4,0
6,14,8,1.73727,-0.666631,-0.770554,1,All,#4682B4,0
7,14,8,1.3122,-0.0797115,-0.668669,1,All,#4682B4,0
8,14,8,1.17826,0.192982,-0.080202,1,All,#4682B4,0
9,14,8,1.18573,0.176148,-0.323196,1,All,#4682B4,0
10,14,8,1.40746,-0.242064,-1.20596,1,All,#4682B4,0
1,14,8.5,1.20786,0.127514,-0.859296,1,All,#4682B4,0
2,14,8.5,1.42262,-0.265893,-1.25178,1,All,#4682B4,0
3,14,8.5,1.10676,0.365562,0.346393,1,All,#4682B4,0
4,14,8.5,1.04937,0.521114,-0.70886,1,All,#4682B4,0
5,14,8.5,1.00712,0.646947,-1.63735,1,All,#4682B4,0
6,14,8.5,1.48458,-0.358234,-0.725946,1,All,#4682B4,0
7,14,8.5,1.05743,0.498236,-0.0215785,1,All,#4682B4,0
8,14,8.5,0.963353,0.788931,-0.275374,1,All,#4682B4,0
9,14,8.5,1.03437,0.564593,-1.26191,1,All,#4682B4,0
10,14,8.5,1.09204,0.403894,-0.603777,1,All,#4682B4,0
1,14,9,0.959183,0.803138,-0.0638214,1,All,#4682B4,0
2,14,9,1.28748,-0.0336473,-0.789079,1,All,#4682B4,0
3,14,9,0.950384,0.833519,-0.0437935,1,All,#4682B4,0
4,14,9,0.955696,0.81511,0.22962,1,All,#4682B4,0
5,14,9,0.837185,1.28135,0.0382203,1,All,#4682B4,0
6,14,9,1.32731,-0.10701,-0.47366,1,All,#4682B4,0
7,14,9,0.876929,1.11095,0.79572,1,All,#4682B4,0
8,14,9,0.83271,1.30155,1.29695,1,All,#4682B4,0
9,14,9,0.94829,0.840832,-0.395237,1,All,#4682B4,0
10,14,9,0.877984,1.10663,0.819728,1,All,#4682B4,0
1,14,9.5,0.779809,1.55799,-1.9129,1,All,#4682B4,0
2,14,9.5,1.20643,0.130593,-1.19506,1,All,#4682B4,0
3,14,9.5,0.856226,1.19774,-0.706603,1,All,#4682B4,0
4,14,9.5,0.903867,1.00397,0.895851,1,All,#4682B4,0
5,14,9.5,0.731661,1.82361,0.806482,1,All,#4682B4,0
6,14,9.5,1.22963,0.0813735,-1.34381,1,All,#4682B4,0
7,14,9.5,0.767725,1.62152,1.37127,1,All,#4682B4,0
8,14,9.5,0.764184,1.64052,0.942421,1,All,#4682B4,0
9,14,9.5,0.897352,1.02925,-0.104143,1,All,#4682B4,0
10,14,9.5,0.738998,1.7809,0.662868,1,All,#4682B4,0
1,14,10,0.666098,2.24706,0.273477,1,All,#4682B4,0
2,14,10,1.15276,0.252073,-0.384251,1,All,#4682B4,0
3,14,10,0.803184,1.44051,-0.106707,1,All,#4682B4,0
4,14,10,0.871736,1.13233,-1.04794,1,All,#4682B4,0
5,14,10,0.670154,2.21846,-0.961528,1,All,#4682B4,0
6,14,10,1.16308,0.227851,-0.70979,1,All,#4682B4,0
7,14,10,0.705562,1.98275,0.249408,1,All,#4682B4,0
8,14,10,0.732307,1.81982,0.627703,1,All,#4682B4,0
9,14,10,0.861973,1.17323,-0.00318059,1,All,#4682B4,0
10,14,10,0.647068,2.38604,-0.314033,1,All,#4682B4,0
1,14,10.5,0.601284,2.75644,0.140575,1,All,#4682B4,0
2,14,10.5,1.11201,0.352139,-0.53596,1,All,#4682B4,0
3,14,10.5,0.772975,1.59367,-1.861,1,All,#4682B4,0
4,14,10.5,0.845845,1.24285,0.280308,1,All,#4682B4,0
5,14,10.5,0.633859,2.48741,1.66292,1,All,#4682B4,0
6,14,10.5,1.10832,0.361548,-0.296115,1,All,#4682B4,0
7,14,10.5,0.669816,2.22083,0.359228,1,All,#4682B4,0
8,14,10.5,0.717887,1.90615,0.761763,1,All,#4682B4,0
9,14,10.5,0.830038,1.31372,-0.13293,1,All,#4682B4,0
10,14,10.5,0.581231,2.93705,-0.292771,1,All,#4682B4,0
1,14,11,0.565553,3.08718,1.19828,1,All,#4682B4,0
2,14,11,1.07214,0.457388,-1.06901,1,All,#4682B4,0
3,14,11,0.752868,1.70243,1.04189,1,All,#4682B4,0
4,14,11,0.818398,1.36766,-0.655641,1,All,#4682B4,0
5,14,11,0.609332,2.6873,-0.278319,1,All,#4682B4,0
6,14,11,1.05643,0.501067,-0.693358,1,All,#4682B4,0
7,14,11,0.643852,2.41034,0.0981097,1,All,#4682B4,0
8,14,11,0.709255,1.95952,1.1013,1,All,#4682B4,0
9,14,11,0.795422,1.47875,1.04799,1,All,#4682B4,0
10,14,11,0.52455,3.52223,1.44893,1,All,#4682B4,0
1,14,11.5,0.541549,3.33387,0.79155,1,All,#4682B4,0
2,14,11.5,1.03007,0.577304,-0.00426411,1,All,#4682B4,0
3,14,11.5,0.734756,1.80549,-1.16587,1,All,#4682B4,0
4,14,11.5,0.786714,1.52256,-0.124622,1,All,#4682B4,0
5,14,11.5,0.587362,2.88052,-0.23003,1,All,#4682B4,0
6,14,11.5,1.00227,0.662058,0.393166,1,All,#4682B4,0
7,14,11.5,0.620222,2.5966,-0.75488,1,All,#4682B4,0
8,14,11.5,0.700417,2.01552,-0.343656,1,All,#4682B4,0
9,14,11.5,0.756598,1.68182,-0.379602,1,All,#4682B4,0
10,14,11.5,0.467894,4.24884,-0.800043,1,All,#4682B4,0
1,14,12,0.522141,3.54992,-0.176411,1,All,#4682B4,0
2,14,12,0.982885,0.724001,-2.0004,1,All,#4682B4,0
3,14,12,0.714557,1.92659,1.48102,1,All,#4682B4,0
4,14,12,0.750952,1.7131,-0.252467,1,All,#4682B4,0
5,14,12,0.563638,3.10609,-0.79533,1,All,#4682B4,0
6,14,12,0.944284,0.854915,0.216215,1,All,#4682B4,0
7,14,12,0.594949,2.81218,0.117766,1,All,#4682B4,0
8,14,12,0.687309,2.10123,0.700974,1,All,#4682B4,0
9,14,12,0.712226,1.94101,0.251088,1,All,#4682B4,0
10,14,12,0.409014,5.21729,0.599217,1,All,#4682B4,0
1,14,12.5,0.5014,3.79929,1.33578,1,All,#4682B4,0
2,14,12.5,0.930902,0.902833,-2.19445,1,All,#4682B4,0
3,14,12.5,0.688525,2.09314,0.14544,1,All,#4682B4,0
4,14,12.5,0.709664,1.95696,0.366631,1,All,#4682B4,0
5,14,12.5,0.535032,3.40467,-0.460333,1,All,#4682B4,0
6,14,12.5,0.88227,1.08922,-1.04716,1,All,#4682B4,0
7,14,12.5,0.565926,3.0835,0.665361,1,All,#4682B4,0
8,14,12.5,0.669833,2.22071,-0.5534,1,All,#4682B4,0
9,14,12.5,0.662923,2.26969,-0.185649,1,All,#4682B4,0
10,14,12.5,0.342759,6.70487,-0.0892178,1,All,#4682B4,0
1,14,13,0.476312,4.12995,1.73287,1,All,#4682B4,0
2,14,13,0.874619,1.12043,-1.86374,1,All,#4682B4,0
3,14,13,0.658474,2.30177,1.47901,1,All,#4682B4,0
4,14,13,0.664632,2.25749,0.0175383,1,All,#4682B4,0
5,14,13,0.500517,3.81036,0.0827887,1,All,#4682B4,0
6,14,13,0.816858,1.37491,1.04929,1,All,#4682B4,0
7,14,13,0.532699,3.43044,0.696589,1,All,#4682B4,0
8,14,13,0.647795,2.38058,-1.13441,1,All,#4682B4,0
9,14,13,0.608952,2.69052,-1.20574,1,All,#4682B4,0
10,14,13,0.271059,9.13401,0.272046,1,All,#4682B4,0
1,14,13.5,0.446441,4.57211,-1.08259,1,All,#4682B4,0
2,14,13.5,0.813575,1.39046,0.407192,1,All,#4682B4,0
3,14,13.5,0.623675,2.5685,0.895522,1,All,#4682B4,0
4,14,13.5,0.614872,2.64075,-1.63699,1,All,#4682B4,0
5,14,13.5,0.460812,4.35223,0.3706,1,All,#4682B4,0
6,14,13.5,0.747066,1.7349,-0.371626,1,All,#4682B4,0
7,14,13.5,0.495498,3.87406,-1.52399,1,All,#4682B4,0
8,14,13.5,0.621352,2.58736,-0.376961,1,All,#4682B4,0
9,14,13.5,0.551096,3.23318,0.0976618,1,All,#4682B4,0
10,14,13.5,0.193347,13.8015,0.616274,1,All,#4682B4,0
1,14,14,0.412365,5.15474,-1.63619,1,All,#4682B4,0
2,14,14,0.748382,1.72749,-0.279771,1,All,#4682B4,0
3,14,14,0.583582,2.91523,1.68594,1,All,#4682B4,0
4,14,14,0.562455,3.11783,-0.600868,1,All,#4682B4,0
5,14,14,0.415416,5.09868,0.6608,1,All,#4682B4,0
6,14,14,0.674308,2.18953,-0.0920951,1,All,#4682B4,0
7,14,14,0.454944,4.44033,-2.01496,1,All,#4682B4,0
8,14,14,0.591466,2.84333,-0.0377544,1,All,#4682B4,0
9,14,14,0.489464,3.95238,-1.12743,1,All,#4682B4,0
10,14,14,0.110613,25.9781,0.294171,1,All,#4682B4,0
1,14,14.5,0.373147,5.957,0.319991,1,All,#4682B4,0
2,14,14.5,0.679779,2.15195,-0.729318,1,All,#4682B4,0
3,14,14.5,0.538671,3.36492,-1.21372,1,All,#4682B4,0
4,14,14.5,0.507518,3.72362,0.421138,1,All,#4682B4,0
5,14,14.5,0.366111,6.11912,0.27308,1,All,#4682B4,0
6,14,14.5,0.598602,2.77989,-0.552734,1,All,#4682B4,0
7,14,14.5,0.411091,5.17839,1.32079,1,All,#4682B4,0
8,14,14.5,0.558144,3.16106,0.931429,1,All,#4682B4,0
9,14,14.5,0.425263,4.92323,-0.94017,1,All,#4682B4,0
10,14,14.5,0.0227171,136.081,-0.569016,1,All,#4682B4,0
1,14,15,0.329851,7.06424,0.408023,1,All,#4682B4,0
2,14,15,0.608333,2.69578,-0.618195,1,All,#4682B4,0
3,14,15,0.491407,3.92696,-0.714773,1,All,#4682B4,0
4,14,15,0.449799,4.51947,0.414935,1,All,#4682B4,0
5,14,15,0.311776,7.61747,0.0421475,1,All,#4682B4,0
6,14,15,0.520463,3.56935,0.147425,1,All,#4682B4,0
7,14,15,0.364499,6.15715,-1.01051,1,All,#4682B4,0
8,14,15,0.522066,3.55078,-1.2899,1,All,#4682B4,0
9,14,15,0.358043,6.31286,-0.323871,1,All,#4682B4,0
10,14,15,0,5.71957e+15,1.41566,1,All,#4682B4,0
1,14,15.5,0.283236,8.63478,1.50512,1,All,#4682B4,0
2,14,15.5,0.534382,3.41182,0.0648563,1,All,#4682B4,0
3,14,15.5,0.440537,4.66661,0.904832,1,All,#4682B4,0
4,14,15.5,0.389909,5.59437,-0.140768,1,All,#4682B4,0
5,14,15.5,0.254117,9.90826,-1.03681,1,All,#4682B4,0
6,14,15.5,0.440221,4.67174,-0.247043,1,All,#4682B4,0
7,14,15.5,0.315254,7.50608,0.00504427,1,All,#4682B4,0
8,14,15.5,0.48347,4.03211,-0.337807,1,All,#4682B4,0
9,14,15.5,0.288662,8.4259,-0.833295,1,All,#4682B4,0
10,14,15.5,0,5.71957e+15,1.95582,1,All,#4682B4,0
1,14,16,0.234283,10.9569,0.67463,1,All,#4682B4,0
2,14,16,0.458098,4.3927,-1.30573,1,All,#4682B4,0
3,14,16,0.386869,5.6578,-0.814253,1,All,#4682B4,0
4,14,16,0.328092,7.11539,1.18982,1,All,#4682B4,0
5,14,16,0.193156,13.8176,1.31668,1,All,#4682B4,0
6,14,16,0.358054,6.31257,-0.964058,1,All,#4682B4,0
7,14,16,0.263876,9.45011,-1.43162,1,All,#4682B4,0
8,14,16,0.442693,4.63181,1.98535,1,All,#4682B4,0
9,14,16,0.217252,12.0101,-0.146843,1,All,#4682B4,0
10,14,16,0,5.71957e+15,0,1,All,#4682B4,0
1,14,16.5,0.181954,14.8208,0.82833,1,All,#4682B4,0
2,14,16.5,0.379947,5.80603,0.205448,1,All,#4682B4,0
3,14,16.5,0.330609,7.04237,-1.10276,1,All,#4682B4,0
4,14,16.5,0.26452,9.4211,-0.667761,1,All,#4682B4,0
5,14,16.5,0.129554,21.8178,1.99711,1,All,#4682B4,0
6,14,16.5,0.274257,8.99862,-0.753922,1,All,#4682B4,0
7,14,16.5,0.210656,12.4638,0.396894,1,All,#4682B4,0
8,14,16.5,0.40008,5.38912,-0.923707,1,All,#4682B4,0
9,14,16.5,0.144278,19.3382,0.515437,1,All,#4682B4,0
10,14,16.5,0,5.71957e+15,0,1,All,#4682B4,0
1,14,17,0.127453,22.2183,-1.05122,1,All,#4682B4,0
2,14,17,0.299762,8.02209,-0.382685,1,All,#4682B4,0
3,14,17,0.27221,9.08495,0.794508,1,All,#4682B4,0
4,14,17,0.199392,13.3079,1.02619,1,All,#4682B4,0
5,14,17,0.0634315,47.1448,-0.457655,1,All,#4682B4,0
6,14,17,0.188875,14.1869,-0.574178,1,All,#4682B4,0
7,14,17,0.155827,17.7214,0.0901201,1,All,#4682B4,0
8,14,17,0.355903,6.36571,0.341801,1,All,#4682B4,0
9,14,17,0.0695311,42.7916,0.480153,1,All,#4682B4,0
10,14,17,0,5.71957e+15,0,1,All,#4682B4,0
1,14,17.5,0.0709735,41.8716,1.36103,1,All,#4682B4,0
2,14,17.5,0.218146,11.9508,0.81068,1,All,#4682B4,0
3,14,17.5,0.211887,12.377,-0.182829,1,All,#4682B4,0
4,14,17.5,0.132924,21.2017,-1.29525,1,All,#4682B4,0
5,14,17.5,0,5.71957e+15,0,1,All,#4682B4,0
6,14,17.5,0.102151,28.3355,0.687449,1,All,#4682B4,0
7,14,17.5,0.099517,29.151,-0.457635,1,All,#4682B4,0
8,14,17.5,0.310117,7.67147,0.62546,1,All,#4682B4,0
9,14,17.5,0,5.71957e+15,1.41317,1,All,#4682B4,0
10,14,17.5,0,5.71957e+15,0,1,All,#4682B4,0
1,15,1,0,5.71957e+15,0,1,All,#4682B4,0
2,15,1,0,5.71957e+15,0,1,All,#4682B4,0
3,15,1,0,5.71957e+15,0,1,All,#4682B4,0
4,15,1,0,5.71957e+15,1.514,1,All,#4682B4,0
5,15,1,0,5.71957e+15,1.57964,1,All,#4682B4,0
6,15,1,0,5.71957e+15,0,1,All,#4682B4,0
7,15,1,0,5.71957e+15,2.38392,1,All,#4682B4,0
8,15,1,0,5.71957e+15,2.45035,1,All,#4682B4,0
9,15,1,0,5.71957e+15,0,1,All,#4682B4,0
10,15,1,0,5.71957e+15,1.62983,1,All,#4682B4,0
1,15,1.5,0,5.71957e+15,1.24912,1,All,#4682B4,0
2,15,1.5,0,5.71957e+15,1.30535,1,All,#4682B4,0
3,15,1.5,0,5.71957e+15,1.13755,1,All,#4682B4,0
4,15,1.5,0,5.71957e+15,0,1,All,#4682B4,0
5,15,1.5,0,5.71957e+15,0,1,All,#4682B4,0
6,15,1.5,0,5.71957e+15,2.02893,1,All,#4682B4,0
7,15,1.5,0,5.71957e+15,1.4639,1,All,#4682B4,0
8,15,1.5,0,5.71957e+15,0,1,All,#4682B4,0
9,15,1.5,0,5.71957e+15,1.09426,1,All,#4682B4,0
10,15,1.5,0,5.71957e+15,0,1,All,#4682B4,0
1,15,2,0,5.71957e+15,0,1,All,#4682B4,0
2,15,2,0,5.71957e+15,0,1,All,#4682B4,0
3,15,2,0,5.71957e+15,1.33757,1,All,#4682B4,0
4,15,2,0,5.71957e+15,0,1,All,#4682B4,0
5,15,2,0,5.71957e+15,0,1,All,#4682B4,0
6,15,2,0,5.71957e+15,0,1,All,#4682B4,0
7,15,2,0,5.71957e+15,0,1,All,#4682B4,0
8,15,2,0,5.71957e+15,1.20978,1,All,#4682B4,0
9,15,2,0,5.71957e+15,0,1,All,#4682B4,0
10,15,2,0,5.71957e+15,1.35602,1,All,#4682B4,0
1,15,2.5,0,5.71957e+15,0,1,All,#4682B4,0
2,15,2.5,0,5.71957e+15,0,1,All,#4682B4,0
3,15,2.5,0,5.71957e+15,0,1,All,#4682B4,0
4,15,2.5,0,5.71957e+15,0,1,All,#4682B4,0
5,15,2.5,0,5.71957e+15,0,1,All,#4682B4,0
6,15,2.5,0,5.71957e+15,1.02411,1,All,#4682B4,0
7,15,2.5,0,5.71957e+15,0,1,All,#4682B4,0
8,15,2.5,0,5.71957e+15,0,1,All,#4682B4,0
9,15,2.5,0,5.71957e+15,0,1,All,#4682B4,0
10,15,2.5,0,5.71957e+15,0,1,All,#4682B4,0
1,15,3,0.0316793,96.8823,0.269525,1,All,#4682B4,0
2,15,3,0,5.71957e+15,0,1,All,#4682B4,0
3,15,3,0,5.71957e+15,1.48374,1,All,#4682B4,0
4,15,3,0.358631,6.29843,2.12697,1,All,#4682B4,0
5,15,3,0.209436,12.5508,-1.12144,1,All,#4682B4,0
6,15,3,0.279109,8.79912,-0.205783,1,All,#4682B4,0
7,15,3,0.124815,22.7403,0.0722407,1,All,#4682B4,0
8,15,3,0,5.71957e+15,0,1,All,#4682B4,0
9,15,3,0.113947,25.1455,-0.0826357,1,All,#4682B4,0
10,15,3,0.431665,4.81345,0.509127,1,All,#4682B4,0
1,15,3.5,1.25917,0.690546,0.690546,0,All,#4682B4,0
2,15,3.5,0.916868,1.87368,1.87368,0,All,#4682B4,0
3,15,3.5,0.792608,2.55598,2.55598,0,All,#4682B4,0
4,15,3.5,1.1593,0.96356,0.96356,0,All,#4682B4,0
5,15,3.5,1.17883,0.90653,0.90653,0,All,#4682B4,0
6,15,3.5,1.10604,1.12929,1.12929,0,All,#4682B4,0
7,15,3.5,1.03774,1.36676,1.36676,0,All,#4682B4,0
8,15,3.5,0.759919,2.77255,2.77255,0,All,#4682B4,0
9,15,3.5,1.03949,1.36027,1.36027,0,All,#4682B4,0
10,15,3.5,1.31476,0.55657,0.55657,0,All,#4682B4,0
1,15,4,2.09039,-0.972702,-2.35511,1,All,#4682B4,0
2,15,4,1.74469,-0.674337,-1.34823,1,All,#4682B4,0
3,15,4,1.79302,-0.722967,-1.24997,1,All,#4682B4,0
4,15,4,1.73117,-0.660253,-0.723511,1,All,#4682B4,0
5,15,4,1.95823,-0.871078,-0.929576,1,All,#4682B4,0
6,15,4,1.75428,-0.684206,-2.39336,1,All,#4682B4,0
7,15,4,1.75249,-0.682369,-1.26417,1,All,#4682B4,0
8,15,4,1.48735,-0.362193,-1.19248,1,All,#4682B4,0
9,15,4,1.76861,-0.698739,-0.802307,1,All,#4682B4,0
10,15,4,1.964,-0.875797,-1.26641,1,All,#4682B4,0
1,15,4.5,2.67021,-1.29967,-1.80459,1,All,#4682B4,0
2,15,4.5,2.3488,-1.13836,-1.53561,1,All,#4682B4,0
3,15,4.5,2.70975,-1.31687,-1.43355,1,All,#4682B4,0
4,15,4.5,2.15861,-1.02029,-1.8231,1,All,#4682B4,0
5,15,4.5,2.58282,-1.25979,-1.39018,1,All,#4682B4,0
6,15,4.5,2.26011,-1.08578,-1.54228,1,All,#4682B4,0
7,15,4.5,2.31006,-1.11589,-2.05191,1,All,#4682B4,0
8,15,4.5,2.11749,-0.991969,-2.14382,1,All,#4682B4,0
9,15,4.5,2.34022,-1.13345,-1.21824,1,All,#4682B4,0
10,15,4.5,2.44898,-1.19318,-2.0066,1,All,#4682B4,0
1,15,5,3.02669,-0.0382296,-0.0382296,0,All,#4682B4,0
2,15,5,2.77383,0.184219,0.184219,0,All,#4682B4,0
3,15,5,3.4141,-0.315135,-0.315135,0,All,#4682B4,0
4,15,5,2.44219,0.545802,0.545802,0,All,#4682B4,0
5,15,5,3.0378,-0.0471563,-0.0471563,0,All,#4682B4,0
6,15,5,2.61957,0.341018,0.341018,0,All,#4682B4,0
7,15,5,2.71044,0.246495,0.246495,0,All,#4682B4,0
8,15,5,2.6151,0.345843,0.345843,0,All,#4682B4,0
9,15,5,2.75016,0.207135,0.207135,0,All,#4682B4,0
10,15,5,2.78192,0.176472,0.176472,0,All,#4682B4,0
1,15,5.5,3.11845,0.382727,0.382727,0,All,#4682B4,0
2,15,5.5,2.9972,0.49848,0.49848,0,All,#4682B4,0
3,15,5.5,3.56138,0.0268762,0.0268762,0,All,#4682B4,0
4,15,5.5,2.57931,0.980788,0.980788,0,All,#4682B4,0
5,15,5.5,3.259,0.259331,0.259331,0,All,#4682B4,0
6,15,5.5,2.79126,0.71812,0.71812,0,All,#4682B4,0
7,15,5.5,2.89037,0.608503,0.608503,0,All,#4682B4,0
8,15,5.5,2.87642,0.623475,0.623475,0,All,#4682B4,0
9,15,5.5,2.93357,0.563046,0.563046,0,All,#4682B4,0
10,15,5.5,2.9389,0.557535,0.557535,0,All,#4682B4,0
1,15,6,2.94434,0.341481,0.341481,0,All,#4682B4,0
2,15,6,2.98499,0.303072,0.303072,0,All,#4682B4,0
3,15,6,3.1846,0.128725,0.128725,0,All,#4682B4,0
4,15,6,2.56469,0.758915,0.758915,0,All,#4682B4,0
5,15,6,3.18806,0.125893,0.125893,0,All,#4682B4,0
6,15,6,2.74093,0.550749,0.550749,0,All,#4682B4,0
7,15,6,2.80964,0.47667,0.47667,0,All,#4682B4,0
8,15,6,2.8105,0.475766,0.475766,0,All,#4682B4,0
9,15,6,2.85654,0.428147,0.428147,0,All,#4682B4,0
10,15,6,2.89582,0.388727,0.388727,0,All,#4682B4,0
1,15,6.5,2.60658,0.279004,0.279004,0,All,#4682B4,0
2,15,6.5,2.76955,0.116744,0.116744,0,All,#4682B4,0
3,15,6.5,2.69916,0.18442,0.18442,0,All,#4682B4,0
4,15,6.5,2.42587,0.484414,0.484414,0,All,#4682B4,0
5,15,6.5,2.90452,-0.0038609,-0.0038609,0,All,#4682B4,0
6,15,6.5,2.50255,0.393632,0.393632,0,All,#4682B4,0
7,15,6.5,2.53569,0.35609,0.35609,0,All,#4682B4,0
8,15,6.5,2.5111,0.383854,0.383854,0,All,#4682B4,0
9,15,6.5,2.56947,0.318822,0.318822,0,All,#4682B4,0
10,15,6.5,2.67989,0.203573,0.203573,0,All,#4682B4,0
1,15,7,2.23345,-0.669656,-0.669656,0,All,#4682B4,0
2,15,7,2.45287,-0.831466,-0.831466,0,All,#4682B4,0
3,15,7,2.26786,-0.6971,-0.6971,0,All,#4682B4,0
4,15,7,2.21526,-0.654802,-0.654802,0,All,#4682B4,0
5,15,7,2.54428,-0.890636,-0.890636,0,All,#4682B4,0
6,15,7,2.17568,-0.621623,-0.621623,0,All,#4682B4,0
7,15,7,2.1919,-0.635363,-0.635363,0,All,#4682B4,0
8,15,7,2.13882,-0.589628,-0.589628,0,All,#4682B4,0
9,15,7,2.21032,-0.650727,-0.650727,0,All,#4682B4,0
10,15,7,2.36634,-0.77124,-0.77124,0,All,#4682B4,0
1,15,7.5,1.91303,-0.8331,-1.06868,1,All,#4682B4,0
2,15,7.5,2.13056,-1.00109,-1.54408,1,All,#4682B4,0
3,15,7.5,1.9213,-0.840177,-0.863812,1,All,#4682B4,0
4,15,7.5,1.99721,-0.902453,-1.45645,1,All,#4682B4,0
5,15,7.5,2.20275,-1.04951,-2.47113,1,All,#4682B4,0
6,15,7.5,1.85147,-0.77839,-1.09679,1,All,#4682B4,0
7,15,7.5,1.87214,-0.797156,-1.67587,1,All,#4682B4,0
8,15,7.5,1.79753,-0.727375,-1.3173,1,All,#4682B4,0
9,15,7.5,1.8725,-0.797487,-1.74311,1,All,#4682B4,0
10,15,7.5,2.03864,-0.934474,-1.19722,1,All,#4682B4,0
1,15,8,1.6822,-0.607314,-1.04403,1,All,#4682B4,0
2,15,8,1.86036,-0.786515,-0.932455,1,All,#4682B4,0
3,15,8,1.66901,-0.592529,-0.720754,1,All,#4682B4,0
4,15,8,1.80885,-0.738331,-0.944376,1,All,#4682B4,0
5,15,8,1.92665,-0.844729,-1.01849,1,All,#4682B4,0
6,15,8,1.58353,-0.49072,-1.13451,1,All,#4682B4,0
7,15,8,1.62321,-0.539323,-2.22283,1,All,#4682B4,0
8,15,8,1.52866,-0.419371,-0.649455,1,All,#4682B4,0
9,15,8,1.60336,-0.515312,-0.567436,1,All,#4682B4,0
10,15,8,1.75396,-0.683875,-1.37302,1,All,#4682B4,0
1,15,8.5,1.54483,-0.440927,-2.23994,1,All,#4682B4,0
2,15,8.5,1.67043,-0.594134,-2.23226,1,All,#4682B4,0
3,15,8.5,1.50381,-0.385358,-1.05808,1,All,#4682B4,0
4,15,8.5,1.6712,-0.595006,-0.654467,1,All,#4682B4,0
5,15,8.5,1.73214,-0.661269,-0.966308,1,All,#4682B4,0
6,15,8.5,1.39311,-0.219029,-1.59779,1,All,#4682B4,0
7,15,8.5,1.45891,-0.320935,-1.85978,1,All,#4682B4,0
8,15,8.5,1.34401,-0.136476,-0.971736,1,All,#4682B4,0
9,15,8.5,1.4198,-0.261503,-1.38667,1,All,#4682B4,0
10,15,8.5,1.53822,-0.432178,-0.969727,1,All,#4682B4,0
1,15,9,1.4949,0.240571,0.240571,0,All,#4682B4,0
2,15,9,1.56431,0.119918,0.119918,0,All,#4682B4,0
3,15,9,1.42279,0.378383,0.378383,0,All,#4682B4,0
4,15,9,1.58962,0.0785556,0.0785556,0,All,#4682B4,0
5,15,9,1.61952,0.0313429,0.0313429,0,All,#4682B4,0
6,15,9,1.28377,0.687744,0.687744,0,All,#4682B4,0
7,15,9,1.37557,0.476439,0.476439,0,All,#4682B4,0
8,15,9,1.24174,0.794926,0.794926,0,All,#4682B4,0
9,15,9,1.32206,0.596052,0.596052,0,All,#4682B4,0
10,15,9,1.39826,0.428503,0.428503,0,All,#4682B4,0
1,15,9.5,1.51749,-0.404225,-0.725336,1,All,#4682B4,0
2,15,9.5,1.53462,-0.427378,-0.443506,1,All,#4682B4,0
3,15,9.5,1.40984,-0.245837,-0.662633,1,All,#4682B4,0
4,15,9.5,1.55986,-0.46056,-0.50096,1,All,#4682B4,0
5,15,9.5,1.58053,-0.486949,-2.23728,1,All,#4682B4,0
6,15,9.5,1.24865,0.0423761,-0.0964145,1,All,#4682B4,0
7,15,9.5,1.36672,-0.175406,-1.52453,1,All,#4682B4,0
8,15,9.5,1.21317,0.116111,-1.30099,1,All,#4682B4,0
9,15,9.5,1.30094,-0.0589484,-0.301444,1,All,#4682B4,0
10,15,9.5,1.33131,-0.114136,-0.224819,1,All,#4682B4,0
1,15,10,1.59524,0.799769,0.799769,0,All,#4682B4,0
2,15,10,1.56704,0.85877,0.85877,0,All,#4682B4,0
3,15,10,1.45462,1.11668,1.11668,0,All,#4682B4,0
4,15,10,1.5722,0.847806,0.847806,0,All,#4682B4,0
5,15,10,1.60277,0.784376,0.784376,0,All,#4682B4,0
6,15,10,1.27588,1.62033,1.62033,0,All,#4682B4,0
7,15,10,1.41837,1.20857,1.20857,0,All,#4682B4,0
8,15,10,1.24594,1.71882,1.71882,0,All,#4682B4,0
9,15,10,1.34226,1.41762,1.41762,0,All,#4682B4,0
10,15,10,1.32848,1.45805,1.45805,0,All,#4682B4,0
1,15,10.5,1.70986,-0.0287859,-0.0287859,0,All,#4682B4,0
2,15,10.5,1.64529,0.0673482,0.0673482,0,All,#4682B4,0
3,15,10.5,1.54205,0.237803,0.237803,0,All,#4682B4,0
4,15,10.5,1.61536,0.114529,0.114529,0,All,#4682B4,0
5,15,10.5,1.67207,0.0265829,0.0265829,0,All,#4682B4,0
6,15,10.5,1.3515,0.620773,0.620773,0,All,#4682B4,0
7,15,10.5,1.5154,0.285561,0.285561,0,All,#4682B4,0
8,15,10.5,1.3267,0.678709,0.678709,0,All,#4682B4,0
9,15,10.5,1.43097,0.448645,0.448645,0,All,#4682B4,0
10,15,10.5,1.37676,0.563895,0.563895,0,All,#4682B4,0
1,15,11,1.84547,0.36869,0.36869,0,All,#4682B4,0
2,15,11,1.75364,0.517793,0.517793,0,All,#4682B4,0
3,15,11,1.65957,0.687632,0.687632,0,All,#4682B4,0
4,15,11,1.67801,0.652843,0.652843,0,All,#4682B4,0
5,15,11,1.77421,0.483044,0.483044,0,All,#4682B4,0
6,15,11,1.4614,1.11695,1.11695,0,All,#4682B4,0
7,15,11,1.64313,0.719299,0.719299,0,All,#4682B4,0
8,15,11,1.44146,1.16671,1.16671,0,All,#4682B4,0
9,15,11,1.55195,0.907191,0.907191,0,All,#4682B4,0
10,15,11,1.46095,1.11808,1.11808,0,All,#4682B4,0
1,15,11.5,1.98822,0.239076,0.239076,0,All,#4682B4,0
2,15,11.5,1.75593,0.598578,0.598578,0,All,#4682B4,0
3,15,11.5,1.79497,0.531652,0.531652,0,All,#4682B4,0
4,15,11.5,1.74876,0.611188,0.611188,0,All,#4682B4,0
5,15,11.5,1.89631,0.370789,0.370789,0,All,#4682B4,0
6,15,11.5,1.59251,0.914333,0.914333,0,All,#4682B4,0
7,15,11.5,1.69875,0.702152,0.702152,0,All,#4682B4,0
8,15,11.5,1.56639,0.970905,0.970905,0,All,#4682B4,0
9,15,11.5,1.68826,0.72191,0.72191,0,All,#4682B4,0
10,15,11.5,1.56617,0.971388,0.971388,0,All,#4682B4,0
1,15,12,1.93213,0.523201,0.523201,0,All,#4682B4,0
2,15,12,1.51614,1.3468,1.3468,0,All,#4682B4,0
3,15,12,1.78182,0.776428,0.776428,0,All,#4682B4,0
4,15,12,1.54818,1.26764,1.26764,0,All,#4682B4,0
5,15,12,1.84894,0.658266,0.658266,0,All,#4682B4,0
6,15,12,1.58315,1.18488,1.18488,0,All,#4682B4,0
7,15,12,1.45266,1.51395,1.51395,0,All,#4682B4,0
8,15,12,1.47391,1.4564,1.4564,0,All,#4682B4,0
9,15,12,1.59417,1.15956,1.15956,0,All,#4682B4,0
10,15,12,1.431,1.57439,1.57439,0,All,#4682B4,0
1,15,12.5,1.46483,-0.329657,-0.947206,1,All,#4682B4,0
2,15,12.5,1.1126,0.35062,0.261163,1,All,#4682B4,0
3,15,12.5,1.25303,0.0335734,-0.899695,1,All,#4682B4,0
4,15,12.5,1.03379,0.566309,-1.38315,1,All,#4682B4,0
5,15,12.5,1.54131,-0.436283,-0.995382,1,All,#4682B4,0
6,15,12.5,1.19035,0.165851,-0.282598,1,All,#4682B4,0
7,15,12.5,0.960391,0.799009,0.114331,1,All,#4682B4,0
8,15,12.5,1.15912,0.237085,-1.19931,1,All,#4682B4,0
9,15,12.5,1.22906,0.0825658,-1.02639,1,All,#4682B4,0
10,15,12.5,0.993615,0.689417,0.0546959,1,All,#4682B4,0
1,15,13,0.777434,1.57032,0.73453,1,All,#4682B4,0
2,15,13,0.594628,2.81504,0.969457,1,All,#4682B4,0
3,15,13,0.416048,5.08717,0.130373,1,All,#4682B4,0
4,15,13,0.346779,6.59842,1.5154,1,All,#4682B4,0
5,15,13,1.05967,0.49195,-0.016295,1,All,#4682B4,0
6,15,13,0.551578,3.22819,0.299579,1,All,#4682B4,0
7,15,13,0.311568,7.62421,0.537417,1,All,#4682B4,0
8,15,13,0.6751,2.18405,-0.441242,1,All,#4682B4,0
9,15,13,0.680671,2.14588,-1.56613,1,All,#4682B4,0
10,15,13,0.376429,5.88345,-0.126183,1,All,#4682B4,0
1,15,13.5,0,5.71957e+15,0,1,All,#4682B4,0
2,15,13.5,0,5.71957e+15,1.35844,1,All,#4682B4,0
3,15,13.5,0,5.71957e+15,0,1,All,#4682B4,0
4,15,13.5,0,5.71957e+15,0,1,All,#4682B4,0
5,15,13.5,0.452719,4.47434,-0.371639,1,All,#4682B4,0
6,15,13.5,0,5.71957e+15,0,1,All,#4682B4,0
7,15,13.5,0,5.71957e+15,1.6009,1,All,#4682B4,0
8,15,13.5,0.0645246,46.3041,0.748908,1,All,#4682B4,0
9,15,13.5,0.0105058,297.134,-0.868154,1,All,#4682B4,0
10,15,13.5,0,5.71957e+15,0,1,All,#4682B4,0
1,15,14,0,5.71957e+15,2.56333,1,All,#4682B4,0
2,15,14,0,5.71957e+15,1.36734,1,All,#4682B4,0
3,15,14,0,5.71957e+15,0,1,All,#4682B4,0
4,15,14,0,5.71957e+15,0,1,All,#4682B4,0
5,15,14,0,5.71957e+15,1.4184,1,All,#4682B4,0
6,15,14,0,5.71957e+15,0,1,All,#4682B4,0
7,15,14,0,5.71957e+15,0,1,All,#4682B4,0
8,15,14,0,5.71957e+15,0,1,All,#4682B4,0
9,15,14,0,5.71957e+15,0,1,All,#4682B4,0
10,15,14,0,5.71957e+15,0,1,All,#4682B4,0
1,15,14.5,0,5.71957e+15,1.05303,1,All,#4682B4,0
2,15,14.5,0,5.71957e+15,3.47972,1,All,#4682B4,0
3,15,14.5,0,5.71957e+15,1.78876,1,All,#4682B4,0
4,15,14.5,0,5.71957e+15,1.03611,1,All,#4682B4,0
5,15,14.5,0,5.71957e+15,0,1,All,#4682B4,0
6,15,14.5,0,5.71957e+15,2.02821,1,All,#4682B4,0
7,15,14.5,0,5.71957e+15,1.08629,1,All,#4682B4,0
8,15,14.5,0,5.71957e+15,0,1,All,#4682B4,0
9,15,14.5,0,5.71957e+15,0,1,All,#4682B4,0
10,15,14.5,0,5.71957e+15,2.05755,1,All,#4682B4,0
1,15,15,0,5.71957e+15,0,1,All,#4682B4,0
2,15,15,0,5.71957e+15,1.14139,1,All,#4682B4,0
3,15,15,0,5.71957e+15,1.01906,1,All,#4682B4,0
4,15,15,0,5.71957e+15,0,1,All,#4682B4,0
5,15,15,0,5.71957e+15,1.70283,1,All,#4682B4,0
6,15,15,0,5.71957e+15,0,1,All,#4682B4,0
7,15,15,0,5.71957e+15,1.52274,1,All,#4682B4,0
8,15,15,0,5.71957e+15,0,1,All,#4682B4,0
9,15,15,0,5.71957e+15,1.05389,1,All,#4682B4,0
10,15,15,0,5.71957e+15,0,1,All,#4682B4,0
1,16,1,0,5.71957e+15,0,1,All,#4682B4,0
2,16,1,0,5.71957e+15,0,1,All,#4682B4,0
3,16,1,0,5.71957e+15,1.44686,1,All,#4682B4,0
4,16,1,0,5.71957e+15,0,1,All,#4682B4,0
5,16,1,0,5.71957e+15,0,1,All,#4682B4,0
6,16,1,0,5.71957e+15,0,1,All,#4682B4,0
7,16,1,0,5.71957e+15,0,1,All,#4682B4,0
8,16,1,0,5.71957e+15,0,1,All,#4682B4,0
9,16,1,0,5.71957e+15,0,1,All,#4682B4,0
10,16,1,0,5.71957e+15,0,1,All,#4682B4,0
1,16,1.5,0,5.71957e+15,1.69156,1,All,#4682B4,0
2,16,1.5,0,5.71957e+15,2.07891,1,All,#4682B4,0
3,16,1.5,0,5.71957e+15,0,1,All,#4682B4,0
4,16,1.5,0,5.71957e+15,1.0295,1,All,#4682B4,0
5,16,1.5,0,5.71957e+15,1.40575,1,All,#4682B4,0
6,16,1.5,0,5.71957e+15,0,1,All,#4682B4,0
7,16,1.5,0,5.71957e+15,0,1,All,#4682B4,0
8,16,1.5,0,5.71957e+15,1.87069,1,All,#4682B4,0
9,16,1.5,0,5.71957e+15,0,1,All,#4682B4,0
10,16,1.5,0,5.71957e+15,0,1,All,#4682B4,0
1,16,2,0,5.71957e+15,1.30362,1,All,#4682B4,0
2,16,2,0,5.71957e+15,0,1,All,#4682B4,0
3,16,2,0,5.71957e+15,0,1,All,#4682B4,0
4,16,2,0,5.71957e+15,0,1,All,#4682B4,0
5,16,2,0,5.71957e+15,0,1,All,#4682B4,0
6,16,2,0,5.71957e+15,0,1,All,#4682B4,0
7,16,2,0,5.71957e+15,0,1,All,#4682B4,0
8,16,2,0,5.71957e+15,1.02599,1,All,#4682B4,0
9,16,2,0,5.71957e+15,0,1,All,#4682B4,0
10,16,2,0,5.71957e+15,0,1,All,#4682B4,0
1,16,2.5,0,5.71957e+15,0,1,All,#4682B4,0
2,16,2.5,0,5.71957e+15,0,1,All,#4682B4,0
3,16,2.5,0,5.71957e+15,0,1,All,#4682B4,0
4,16,2.5,0,5.71957e+15,0,1,All,#4682B4,0
5,16,2.5,0,5.71957e+15,1.33434,1,All,#4682B4,0
6,16,2.5,0,5.71957e+15,1.35548,1,All,#4682B4,0
7,16,2.5,0,5.71957e+15,1.03516,1,All,#4682B4,0
8,16,2.5,0,5.71957e+15,0,1,All,#4682B4,0
9,16,2.5,0,5.71957e+15,0,1,All,#4682B4,0
10,16,2.5,0,5.71957e+15,0,1,All,#4682B4,0
1,16,3,0,5.71957e+15,0,1,All,#4682B4,0
2,16,3,0.385208,5.69289,1.01226,1,All,#4682B4,0
3,16,3,0.562575,3.11664,-0.373543,1,All,#4682B4,0
4,16,3,0.679595,2.15321,1.09722,1,All,#4682B4,0
5,16,3,0.499178,3.82723,-0.365662,1,All,#4682B4,0
6,16,3,0.298061,8.08202,0.758109,1,All,#4682B4,0
7,16,3,0,5.71957e+15,1.68063,1,All,#4682B4,0
8,16,3,0.305315,7.83112,0.122366,1,All,#4682B4,0
9,16,3,0.384825,5.70101,0.33494,1,All,#4682B4,0
10,16,3,0,5.71957e+15,0,1,All,#4682B4,0
1,16,3.5,0.195116,13.6539,-0.388174,1,All,#4682B4,0
2,16,3.5,0.862066,1.17283,1.12844,1,All,#4682B4,0
3,16,3.5,1.06928,0.465248,0.346069,1,All,#4682B4,0
4,16,3.5,1.11218,0.351711,-0.0452764,1,All,#4682B4,0
5,16,3.5,0.897747,1.02771,-0.36389,1,All,#4682B4,0
6,16,3.5,0.769323,1.61301,-0.221711,1,All,#4682B4,0
7,16,3.5,0.549217,3.25272,0.768368,1,All,#4682B4,0
8,16,3.5,0.804559,1.43381,1.12611,1,All,#4682B4,0
9,16,3.5,0.849317,1.22764,0.417151,1,All,#4682B4,0
10,16,3.5,0.504978,3.75481,-2.09405,1,All,#4682B4,0
1,16,4,0.737195,1.79132,0.27284,1,All,#4682B4,0
2,16,4,1.20184,0.140563,-1.18064,1,All,#4682B4,0
3,16,4,1.41926,-0.260653,-0.864435,1,All,#4682B4,0
4,16,4,1.39125,-0.216008,-2.32912,1,All,#4682B4,0
5,16,4,1.20165,0.140987,-0.155939,1,All,#4682B4,0
6,16,4,1.14223,0.277248,-0.527794,1,All,#4682B4,0
7,16,4,0.994568,0.686384,0.143816,1,All,#4682B4,0
8,16,4,1.18767,0.171815,-0.250288,1,All,#4682B4,0
9,16,4,1.19804,0.148878,-0.377015,1,All,#4682B4,0
10,16,4,0.953379,0.823117,0.00888423,1,All,#4682B4,0
1,16,4.5,1.17253,2.04505,2.04505,0,All,#4682B4,0
2,16,4.5,1.45394,1.16951,1.16951,0,All,#4682B4,0
3,16,4.5,1.67577,0.686602,0.686602,0,All,#4682B4,0
4,16,4.5,1.5853,0.867223,0.867223,0,All,#4682B4,0
5,16,4.5,1.4386,1.20841,1.20841,0,All,#4682B4,0
6,16,4.5,1.43933,1.20653,1.20653,0,All,#4682B4,0
7,16,4.5,1.32692,1.51871,1.51871,0,All,#4682B4,0
8,16,4.5,1.48563,1.09168,1.09168,0,All,#4682B4,0
9,16,4.5,1.46658,1.13808,1.13808,0,All,#4682B4,0
10,16,4.5,1.31526,1.55414,1.55414,0,All,#4682B4,0
1,16,5,1.52164,0.339381,0.339381,0,All,#4682B4,0
2,16,5,1.63853,0.138353,0.138353,0,All,#4682B4,0
3,16,5,1.86508,-0.179504,-0.179504,0,All,#4682B4,0
4,16,5,1.72023,0.0140826,0.0140826,0,All,#4682B4,0
5,16,5,1.62126,0.166241,0.166241,0,All,#4682B4,0
6,16,5,1.66746,0.0929547,0.0929547,0,All,#4682B4,0
7,16,5,1.57685,0.240717,0.240717,0,All,#4682B4,0
8,16,5,1.70871,0.0308826,0.0308826,0,All,#4682B4,0
9,16,5,1.66959,0.0896785,0.0896785,0,All,#4682B4,0
10,16,5,1.60842,0.18734,0.18734,0,All,#4682B4,0
1,16,5.5,1.78461,0.118596,0.118596,0,All,#4682B4,0
2,16,5.5,1.76052,0.154131,0.154131,0,All,#4682B4,0
3,16,5.5,1.9982,-0.159013,-0.159013,0,All,#4682B4,0
4,16,5.5,1.80642,0.0872413,0.0872413,0,All,#4682B4,0
5,16,5.5,1.75394,0.164002,0.164002,0,All,#4682B4,0
6,16,5.5,1.82371,0.0629148,0.0629148,0,All,#4682B4,0
7,16,5.5,1.75472,0.162832,0.162832,0,All,#4682B4,0
8,16,5.5,1.85559,0.0192467,0.0192467,0,All,#4682B4,0
9,16,5.5,1.81136,0.0802382,0.0802382,0,All,#4682B4,0
10,16,5.5,1.83736,0.0440244,0.0440244,0,All,#4682B4,0
1,16,6,1.94901,1.14576,1.14576,0,All,#4682B4,0
2,16,6,1.82538,1.39121,1.39121,0,All,#4682B4,0
3,16,6,2.07967,0.918048,0.918048,0,All,#4682B4,0
4,16,6,1.84946,1.34084,1.34084,0,All,#4682B4,0
5,16,6,1.83832,1.36398,1.36398,0,All,#4682B4,0
6,16,6,1.90545,1.22861,1.22861,0,All,#4682B4,0
7,16,6,1.86264,1.31381,1.31381,0,All,#4682B4,0
8,16,6,1.9256,1.18982,1.18982,0,All,#4682B4,0
9,16,6,1.89321,1.25258,1.25258,0,All,#4682B4,0
10,16,6,1.99617,1.06014,1.06014,0,All,#4682B4,0
1,16,6.5,2.01087,0.874028,0.874028,0,All,#4682B4,0
2,16,6.5,1.83912,1.18712,1.18712,0,All,#4682B4,0
3,16,6.5,2.1141,0.71034,0.71034,0,All,#4682B4,0
4,16,6.5,1.85714,1.15154,1.15154,0,All,#4682B4,0
5,16,6.5,1.87857,1.11014,1.11014,0,All,#4682B4,0
6,16,6.5,1.92203,1.02899,1.02899,0,All,#4682B4,0
7,16,6.5,1.90268,1.06467,1.06467,0,All,#4682B4,0
8,16,6.5,1.9301,1.01433,1.01433,0,All,#4682B4,0
9,16,6.5,1.92068,1.03146,1.03146,0,All,#4682B4,0
10,16,6.5,2.08045,0.761903,0.761903,0,All,#4682B4,0
1,16,7,1.99337,0.816433,0.816433,0,All,#4682B4,0
2,16,7,1.81607,1.1381,1.1381,0,All,#4682B4,0
3,16,7,2.11084,0.633059,0.633059,0,All,#4682B4,0
4,16,7,1.84024,1.0906,1.0906,0,All,#4682B4,0
5,16,7,1.88308,1.00942,1.00942,0,All,#4682B4,0
6,16,7,1.89293,0.991256,0.991256,0,All,#4682B4,0
7,16,7,1.89283,0.991449,0.991449,0,All,#4682B4,0
8,16,7,1.89166,0.99359,0.99359,0,All,#4682B4,0
9,16,7,1.90775,0.964313,0.964313,0,All,#4682B4,0
10,16,7,2.09748,0.652883,0.652883,0,All,#4682B4,0
1,16,7.5,1.93452,1.2754,1.2754,0,All,#4682B4,0
2,16,7.5,1.77181,1.62014,1.62014,0,All,#4682B4,0
3,16,7.5,2.08176,1.00988,1.00988,0,All,#4682B4,0
4,16,7.5,1.80782,1.53848,1.53848,0,All,#4682B4,0
5,16,7.5,1.86469,1.41598,1.41598,0,All,#4682B4,0
6,16,7.5,1.84104,1.46601,1.46601,0,All,#4682B4,0
7,16,7.5,1.85448,1.43742,1.43742,0,All,#4682B4,0
8,16,7.5,1.83111,1.48738,1.48738,0,All,#4682B4,0
9,16,7.5,1.87064,1.40358,1.40358,0,All,#4682B4,0
10,16,7.5,2.06682,1.03511,1.03511,0,All,#4682B4,0
1,16,8,1.86076,0.611698,0.611698,0,All,#4682B4,0
2,16,8,1.7162,0.871985,0.871985,0,All,#4682B4,0
3,16,8,2.03666,0.344807,0.344807,0,All,#4682B4,0
4,16,8,1.76594,0.777619,0.777619,0,All,#4682B4,0
5,16,8,1.83359,0.657481,0.657481,0,All,#4682B4,0
6,16,8,1.78019,0.751554,0.751554,0,All,#4682B4,0
7,16,8,1.80202,0.712418,0.712418,0,All,#4682B4,0
8,16,8,1.7601,0.788425,0.788425,0,All,#4682B4,0
9,16,8,1.82097,0.679224,0.679224,0,All,#4682B4,0
10,16,8,2.00987,0.382444,0.382444,0,All,#4682B4,0
1,16,8.5,1.78309,0.357103,0.357103,0,All,#4682B4,0
2,16,8.5,1.65394,0.578519,0.578519,0,All,#4682B4,0
3,16,8.5,1.98101,0.0737995,0.0737995,0,All,#4682B4,0
4,16,8.5,1.71751,0.465372,0.465372,0,All,#4682B4,0
5,16,8.5,1.79319,0.341134,0.341134,0,All,#4682B4,0
6,16,8.5,1.71357,0.472137,0.472137,0,All,#4682B4,0
7,16,8.5,1.74268,0.422853,0.422853,0,All,#4682B4,0
8,16,8.5,1.68322,0.525352,0.525352,0,All,#4682B4,0
9,16,8.5,1.76453,0.386937,0.386937,0,All,#4682B4,0
10,16,8.5,1.94002,0.127731,0.127731,0,All,#4682B4,0
1,16,9,1.70202,-0.629106,-1.84763,1,All,#4682B4,0
2,16,9,1.58682,-0.494845,-0.765005,1,All,#4682B4,0
3,16,9,1.91741,-0.836858,-1.93883,1,All,#4682B4,0
4,16,9,1.66361,-0.586406,-0.661838,1,All,#4682B4,0
5,16,9,1.74475,-0.674403,-1.1641,1,All,#4682B4,0
6,16,9,1.6416,-0.561043,-0.692054,1,All,#4682B4,0
7,16,9,1.67919,-0.603969,-1.367,1,All,#4682B4,0
8,16,9,1.6019,-0.513519,-1.10524,1,All,#4682B4,0
9,16,9,1.70364,-0.630872,-1.32274,1,All,#4682B4,0
10,16,9,1.86344,-0.789312,-1.03569,1,All,#4682B4,0
1,16,9.5,1.61184,-0.525635,-1.28768,1,All,#4682B4,0
2,16,9.5,1.51538,-0.401333,-1.21365,1,All,#4682B4,0
3,16,9.5,1.84665,-0.77395,-1.05308,1,All,#4682B4,0
4,16,9.5,1.60442,-0.516613,-0.565043,1,All,#4682B4,0
5,16,9.5,1.68882,-0.614653,-0.643792,1,All,#4682B4,0
6,16,9.5,1.56477,-0.466889,-1.0308,1,All,#4682B4,0
7,16,9.5,1.6124,-0.526311,-1.44033,1,All,#4682B4,0
8,16,9.5,1.51647,-0.402828,-0.999044,1,All,#4682B4,0
9,16,9.5,1.63908,-0.558098,-1.26737,1,All,#4682B4,0
10,16,9.5,1.78239,-0.712502,-0.969229,1,All,#4682B4,0
1,16,10,1.51157,-0.396102,-0.649318,1,All,#4682B4,0
2,16,10,1.43973,-0.292188,-1.23403,1,All,#4682B4,0
3,16,10,1.7687,-0.698833,-2.04459,1,All,#4682B4,0
4,16,10,1.53978,-0.434254,-1.25431,1,All,#4682B4,0
5,16,10,1.62507,-0.541542,-0.721855,1,All,#4682B4,0
6,16,10,1.48315,-0.356195,-1.24943,1,All,#4682B4,0
7,16,10,1.54248,-0.437821,-1.7122,1,All,#4682B4,0
8,16,10,1.42694,-0.272588,-0.588044,1,All,#4682B4,0
9,16,10,1.57102,-0.474895,-0.837902,1,All,#4682B4,0
10,16,10,1.69765,-0.624344,-0.701449,1,All,#4682B4,0
1,16,10.5,1.40057,-0.231063,-1.91204,1,All,#4682B4,0
2,16,10.5,1.35981,-0.163702,-0.880741,1,All,#4682B4,0
3,16,10.5,1.68324,-0.608471,-1.49954,1,All,#4682B4,0
4,16,10.5,1.46934,-0.336249,-1.63714,1,All,#4682B4,0
5,16,10.5,1.55278,-0.451363,-0.832604,1,All,#4682B4,0
6,16,10.5,1.39675,-0.22492,-0.239829,1,All,#4682B4,0
7,16,10.5,1.46943,-0.336385,-0.733415,1,All,#4682B4,0
8,16,10.5,1.3332,-0.117492,-0.764674,1,All,#4682B4,0
9,16,10.5,1.49942,-0.379219,-0.679081,1,All,#4682B4,0
10,16,10.5,1.60949,-0.522793,-2.05861,1,All,#4682B4,0
1,16,11,1.27827,-0.0160303,-0.154156,1,All,#4682B4,0
2,16,11,1.27555,-0.0107891,-0.0699777,1,All,#4682B4,0
3,16,11,1.58978,-0.498537,-1.15689,1,All,#4682B4,0
4,16,11,1.3927,-0.218353,-1.39526,1,All,#4682B4,0
5,16,11,1.47098,-0.338631,-1.86662,1,All,#4682B4,0
6,16,11,1.30559,-0.0675641,-0.333515,1,All,#4682B4,0
7,16,11,1.39322,-0.219199,-0.794099,1,All,#4682B4,0
8,16,11,1.23513,0.0699692,-1.38295,1,All,#4682B4,0
9,16,11,1.42419,-0.268333,-1.17604,1,All,#4682B4,0
10,16,11,1.51813,-0.405089,-1.14605,1,All,#4682B4,0
1,16,11.5,1.14433,0.272198,-0.398641,1,All,#4682B4,0
2,16,11.5,1.18688,0.17358,-1.27166,1,All,#4682B4,0
3,16,11.5,1.48783,-0.362872,-0.48399,1,All,#4682B4,0
4,16,11.5,1.30944,-0.0746495,-0.777394,1,All,#4682B4,0
5,16,11.5,1.37854,-0.195147,-2.38679,1,All,#4682B4,0
6,16,11.5,1.20976,0.123425,-0.76386,1,All,#4682B4,0
7,16,11.5,1.31373,-0.082502,-0.607619,1,All,#4682B4,0
8,16,11.5,1.13248,0.300964,-0.961978,1,All,#4682B4,0
9,16,11.5,1.34523,-0.138602,-1.20563,1,All,#4682B4,0
10,16,11.5,1.42374,-0.267639,-0.382496,1,All,#4682B4,0
1,16,12,0.99875,0.673132,0.196315,1,All,#4682B4,0
2,16,12,1.09383,0.399191,-2.0619,1,All,#4682B4,0
3,16,12,1.37697,-0.192538,-1.55184,1,All,#4682B4,0
4,16,12,1.21913,0.103415,-0.146362,1,All,#4682B4,0
5,16,12,1.27425,-0.0082586,-0.281724,1,All,#4682B4,0
6,16,12,1.10946,0.35864,-0.478231,1,All,#4682B4,0
7,16,12,1.23074,0.079063,-0.540863,1,All,#4682B4,0
8,16,12,1.02527,0.591614,-0.649652,1,All,#4682B4,0
9,16,12,1.26243,0.0148545,-0.278331,1,All,#4682B4,0
10,16,12,1.32661,-0.105767,-0.505524,1,All,#4682B4,0
1,16,12.5,0.842083,1.25948,-0.736198,1,All,#4682B4,0
2,16,12.5,0.996404,0.680551,-1.19529,1,All,#4682B4,0
3,16,12.5,1.25688,0.0258772,-1.11629,1,All,#4682B4,0
4,16,12.5,1.12169,0.327695,0.178832,1,All,#4682B4,0
5,16,12.5,1.15677,0.242613,-1.28464,1,All,#4682B4,0
6,16,12.5,1.00506,0.653355,0.365038,1,All,#4682B4,0
7,16,12.5,1.14418,0.272547,-0.0302206,1,All,#4682B4,0
8,16,12.5,0.913577,0.966955,0.00565681,1,All,#4682B4,0
9,16,12.5,1.17572,0.198742,-2.21399,1,All,#4682B4,0
10,16,12.5,1.22708,0.0866854,-1.47959,1,All,#4682B4,0
1,16,13,0.675557,2.18089,0.317174,1,All,#4682B4,0
2,16,13,0.894954,1.03865,-0.435323,1,All,#4682B4,0
3,16,13,1.1275,0.313252,-0.961975,1,All,#4682B4,0
4,16,13,1.01697,0.616667,0.256933,1,All,#4682B4,0
5,16,13,1.02484,0.592893,-0.412004,1,All,#4682B4,0
6,16,13,0.897072,1.03035,-1.45928,1,All,#4682B4,0
7,16,13,1.0558,0.50283,0.000958553,1,All,#4682B4,0
8,16,13,0.797562,1.46814,-1.10194,1,All,#4682B4,0
9,16,13,1.08504,0.422479,-0.706381,1,All,#4682B4,0
10,16,13,1.12569,0.317733,-0.596084,1,All,#4682B4,0
1,16,13.5,0.501067,3.80347,0.00866857,1,All,#4682B4,0
2,16,13.5,0.789823,1.50681,-0.0487558,1,All,#4682B4,0
3,16,13.5,0.989073,0.703964,-0.574944,1,All,#4682B4,0
4,16,13.5,0.905053,0.999405,-0.260372,1,All,#4682B4,0
5,16,13.5,0.87624,1.11377,-0.188934,1,All,#4682B4,0
6,16,13.5,0.786235,1.525,-0.0235086,1,All,#4682B4,0
7,16,13.5,0.963561,0.788228,-1.50654,1,All,#4682B4,0
8,16,13.5,0.677151,2.16993,-0.135398,1,All,#4682B4,0
9,16,13.5,0.990381,0.699764,-0.512072,1,All,#4682B4,0
10,16,13.5,1.02298,0.598475,-1.11791,1,All,#4682B4,0
1,16,14,0.320873,7.33125,0.569909,1,All,#4682B4,0
2,16,14,0.680874,2.14451,-0.940419,1,All,#4682B4,0
3,16,14,0.842413,1.25801,-1.26649,1,All,#4682B4,0
4,16,14,0.78595,1.52645,-2.03436,1,All,#4682B4,0
5,16,14,0.711824,1.9435,0.767319,1,All,#4682B4,0
6,16,14,0.67344,2.19554,-0.692785,1,All,#4682B4,0
7,16,14,0.868009,1.14783,0.0717239,1,All,#4682B4,0
8,16,14,0.552476,3.21892,-0.328735,1,All,#4682B4,0
9,16,14,0.891738,1.05134,-0.208478,1,All,#4682B4,0
10,16,14,0.91977,0.943758,0.71619,1,All,#4682B4,0
1,16,14.5,0.139973,20.0093,0.21416,1,All,#4682B4,0
2,16,14.5,0.569268,3.05086,-0.681167,1,All,#4682B4,0
3,16,14.5,0.688286,2.09473,0.79607,1,All,#4682B4,0
4,16,14.5,0.661198,2.28208,-1.4073,1,All,#4682B4,0
5,16,14.5,0.527304,3.49089,0.415568,1,All,#4682B4,0
6,16,14.5,0.559645,3.14593,0.400116,1,All,#4682B4,0
7,16,14.5,0.769868,1.61011,-2.34196,1,All,#4682B4,0
8,16,14.5,0.423722,4.95016,-0.923582,1,All,#4682B4,0
9,16,14.5,0.78937,1.5091,-1.17121,1,All,#4682B4,0
10,16,14.5,0.816719,1.37556,0.176648,1,All,#4682B4,0
1,16,15,0,5.71957e+15,0,1,All,#4682B4,0
2,16,15,0.455801,4.42732,-0.608936,1,All,#4682B4,0
3,16,15,0.533863,3.41755,-0.994555,1,All,#4682B4,0
4,16,15,0.529996,3.46057,1.05824,1,All,#4682B4,0
5,16,15,0.324515,7.22116,-0.852976,1,All,#4682B4,0
6,16,15,0.446018,4.5788,2.0285,1,All,#4682B4,0
7,16,15,0.669018,2.22643,0.368638,1,All,#4682B4,0
8,16,15,0.291304,8.32698,-0.937081,1,All,#4682B4,0
9,16,15,0.683279,2.12824,0.344158,1,All,#4682B4,0
10,16,15,0.714551,1.92663,0.628344,1,All,#4682B4,0
1,16,15.5,0,5.71957e+15,0,1,All,#4682B4,0
2,16,15.5,0.341579,6.73659,1.01839,1,All,#4682B4,0
3,16,15.5,0.373326,5.95296,2.04256,1,All,#4682B4,0
4,16,15.5,0.397447,5.44126,-0.06699,1,All,#4682B4,0
5,16,15.5,0.104062,27.7695,-0.334205,1,All,#4682B4,0
6,16,15.5,0.334056,6.94413,-0.919761,1,All,#4682B4,0
7,16,15.5,0.566159,3.08122,0.939186,1,All,#4682B4,0
8,16,15.5,0.155467,17.7682,0.59749,1,All,#4682B4,0
9,16,15.5,0.572866,3.01612,-0.75496,1,All,#4682B4,0
10,16,15.5,0.614569,2.64328,2.34477,1,All,#4682B4,0
1,16,16,0,5.71957e+15,0,1,All,#4682B4,0
2,16,16,0.228407,11.3025,2.51416,1,All,#4682B4,0
3,16,16,0.21547,12.1299,2.34023,1,All,#4682B4,0
4,16,16,0.265768,9.36519,1.07626,1,All,#4682B4,0
5,16,16,0,5.71957e+15,0,1,All,#4682B4,0
6,16,16,0.225745,11.465,-1.26386,1,All,#4682B4,0
7,16,16,0.461654,4.33978,1.58618,1,All,#4682B4,0
8,16,16,0.0167273,185.697,0.0147102,1,All,#4682B4,0
9,16,16,0.460167,4.3618,0.753169,1,All,#4682B4,0
10,16,16,0.51798,3.59835,-2.30598,1,All,#4682B4,0
1,16,16.5,0,5.71957e+15,0,1,All,#4682B4,0
2,16,16.5,0.117558,24.297,0.969188,1,All,#4682B4,0
3,16,16.5,0.0662607,45.026,-0.626849,1,All,#4682B4,0
4,16,16.5,0.139104,20.1498,-1.23607,1,All,#4682B4,0
5,16,16.5,0,5.71957e+15,1.96143,1,All,#4682B4,0
6,16,16.5,0.123459,23.0172,0.634534,1,All,#4682B4,0
7,16,16.5,0.356178,6.35889,0.989309,1,All,#4682B4,0
8,16,16.5,0,5.71957e+15,0,1,All,#4682B4,0
9,16,16.5,0.345674,6.62743,0.967913,1,All,#4682B4,0
10,16,16.5,0.42447,4.93706,0.0353827,1,All,#4682B4,0
1,16,17,0,5.71957e+15,0,1,All,#4682B4,0
2,16,17,0.0107796,289.525,-1.41764,1,All,#4682B4,0
3,16,17,0,5.71957e+15,0,1,All,#4682B4,0
4,16,17,0.0215494,143.589,-0.138162,1,All,#4682B4,0
5,16,17,0,5.71957e+15,0,1,All,#4682B4,0
6,16,17,0.0237521,130.043,0.353734,1,All,#4682B4,0
7,16,17,0.250485,10.0879,-0.0489518,1,All,#4682B4,0
8,16,17,0,5.71957e+15,0,1,All,#4682B4,0
9,16,17,0.227529,11.3557,0.0327049,1,All,#4682B4,0
10,16,17,0.336985,6.86221,-1.5969,1,All,#4682B4,0
1,17,1,0,5.71957e+15,0,1,All,#4682B4,0
2,17,1,0,5.71957e+15,0,1,All,#4682B4,0
3,17,1,0,5.71957e+15,0,1,All,#4682B4,0
4,17,1,0,5.71957e+15,1.60434,1,All,#4682B4,0
5,17,1,0,5.71957e+15,0,1,All,#4682B4,0
6,17,1,0,5.71957e+15,0,1,All,#4682B4,0
7,17,1,0,5.71957e+15,0,1,All,#4682B4,0
8,17,1,0,5.71957e+15,1.13859,1,All,#4682B4,0
9,17,1,0,5.71957e+15,0,1,All,#4682B4,0
10,17,1,0,5.71957e+15,1.65107,1,All,#4682B4,0
1,17,1.5,0,5.71957e+15,1.26158,1,All,#4682B4,0
2,17,1.5,0,5.71957e+15,0,1,All,#4682B4,0
3,17,1.5,0,5.71957e+15,1.74864,1,All,#4682B4,0
4,17,1.5,0,5.71957e+15,1.93628,1,All,#4682B4,0
5,17,1.5,0,5.71957e+15,2.10298,1,All,#4682B4,0
6,17,1.5,0,5.71957e+15,0,1,All,#4682B4,0
7,17,1.5,0,5.71957e+15,0,1,All,#4682B4,0
8,17,1.5,0,5.71957e+15,0,1,All,#4682B4,0
9,17,1.5,0,5.71957e+15,0,1,All,#4682B4,0
10,17,1.5,0,5.71957e+15,1.32157,1,All,#4682B4,0
1,17,2,0,5.71957e+15,0,1,All,#4682B4,0
2,17,2,0,5.71957e+15,0,1,All,#4682B4,0
3,17,2,0,5.71957e+15,0,1,All,#4682B4,0
4,17,2,0,5.71957e+15,0,1,All,#4682B4,0
5,17,2,0,5.71957e+15,0,1,All,#4682B4,0
6,17,2,0,5.71957e+15,0,1,All,#4682B4,0
7,17,2,0,5.71957e+15,0,1,All,#4682B4,0
8,17,2,0,5.71957e+15,0,1,All,#4682B4,0
9,17,2,0,5.71957e+15,0,1,All,#4682B4,0
10,17,2,0,5.71957e+15,1.52229,1,All,#4682B4,0
1,17,2.5,0,5.71957e+15,0,1,All,#4682B4,0
2,17,2.5,0,5.71957e+15,0,1,All,#4682B4,0
3,17,2.5,0,5.71957e+15,1.14634,1,All,#4682B4,0
4,17,2.5,0,5.71957e+15,0,1,All,#4682B4,0
5,17,2.5,0,5.71957e+15,0,1,All,#4682B4,0
6,17,2.5,0,5.71957e+15,0,1,All,#4682B4,0
7,17,2.5,0,5.71957e+15,0,1,All,#4682B4,0
8,17,2.5,0,5.71957e+15,1.25905,1,All,#4682B4,0
9,17,2.5,0,5.71957e+15,2.61514,1,All,#4682B4,0
10,17,2.5,0,5.71957e+15,0,1,All,#4682B4,0
1,17,3,0.639278,2.44531,-0.348504,1,All,#4682B4,0
2,17,3,0,5.71957e+15,0,1,All,#4682B4,0
3,17,3,0.558632,3.15613,-0.197189,1,All,#4682B4,0
4,17,3,0.01911,162.235,-1.07268,1,All,#4682B4,0
5,17,3,0.190606,14.0356,-0.400959,1,All,#4682B4,0
6,17,3,0.666339,2.24535,-0.669716,1,All,#4682B4,0
7,17,3,0,5.71957e+15,0,1,All,#4682B4,0
8,17,3,0.0613421,48.835,-0.0570242,1,All,#4682B4,0
9,17,3,0.0841458,34.9289,0.934623,1,All,#4682B4,0
10,17,3,0.0665163,44.8434,1.12658,1,All,#4682B4,0
1,17,3.5,1.5837,-0.490937,-1.43684,1,All,#4682B4,0
2,17,3.5,1.39787,-0.226717,-0.345422,1,All,#4682B4,0
3,17,3.5,1.96755,-0.878688,-1.45271,1,All,#4682B4,0
4,17,3.5,0.938534,0.875337,-1.38662,1,All,#4682B4,0
5,17,3.5,1.55617,-0.455784,-0.635427,1,All,#4682B4,0
6,17,3.5,1.8627,-0.788636,-1.44762,1,All,#4682B4,0
7,17,3.5,0.891091,1.0539,-2.10199,1,All,#4682B4,0
8,17,3.5,1.98679,-0.894182,-1.70021,1,All,#4682B4,0
9,17,3.5,1.23203,0.0763795,-0.345647,1,All,#4682B4,0
10,17,3.5,1.5741,-0.478815,-2.44125,1,All,#4682B4,0
1,17,4,2.13343,-0.422208,-0.422208,0,All,#4682B4,0
2,17,4,2.03155,-0.319091,-0.319091,0,All,#4682B4,0
3,17,4,2.51899,-0.736949,-0.736949,0,All,#4682B4,0
4,17,4,1.60171,0.26041,0.26041,0,All,#4682B4,0
5,17,4,2.22212,-0.504282,-0.504282,0,All,#4682B4,0
6,17,4,2.40546,-0.654752,-0.654752,0,All,#4682B4,0
7,17,4,1.7145,0.0802298,0.0802298,0,All,#4682B4,0
8,17,4,2.6204,-0.804345,-0.804345,0,All,#4682B4,0
9,17,4,1.98099,-0.263979,-0.263979,0,All,#4682B4,0
10,17,4,2.17637,-0.462777,-0.462777,0,All,#4682B4,0
1,17,4.5,2.4971,-0.384212,-0.384212,0,All,#4682B4,0
2,17,4.5,2.39863,-0.298238,-0.298238,0,All,#4682B4,0
3,17,4.5,2.82718,-0.628722,-0.628722,0,All,#4682B4,0
4,17,4.5,2.1027,0.00859904,0.00859904,0,All,#4682B4,0
5,17,4.5,2.62578,-0.486851,-0.486851,0,All,#4682B4,0
6,17,4.5,2.72082,-0.556418,-0.556418,0,All,#4682B4,0
7,17,4.5,2.27676,-0.181535,-0.181535,0,All,#4682B4,0
8,17,4.5,2.95982,-0.711621,-0.711621,0,All,#4682B4,0
9,17,4.5,2.50881,-0.393992,-0.393992,0,All,#4682B4,0
10,17,4.5,2.51729,-0.401008,-0.401008,0,All,#4682B4,0
1,17,5,2.74632,-0.42987,-0.42987,0,All,#4682B4,0
2,17,5,2.63411,-0.342598,-0.342598,0,All,#4682B4,0
3,17,5,3.01415,-0.611904,-0.611904,0,All,#4682B4,0
4,17,5,2.48009,-0.209956,-0.209956,0,All,#4682B4,0
5,17,5,2.88158,-0.526027,-0.526027,0,All,#4682B4,0
6,17,5,2.90864,-0.544195,-0.544195,0,All,#4682B4,0
7,17,5,2.67577,-0.375855,-0.375855,0,All,#4682B4,0
8,17,5,3.15841,-0.69716,-0.69716,0,All,#4682B4,0
9,17,5,2.87763,-0.523348,-0.523348,0,All,#4682B4,0
10,17,5,2.72629,-0.414819,-0.414819,0,All,#4682B4,0
1,17,5.5,2.9055,0.327996,0.327996,0,All,#4682B4,0
2,17,5.5,2.77099,0.464221,0.464221,0,All,#4682B4,0
3,17,5.5,3.11372,0.140318,0.140318,0,All,#4682B4,0
4,17,5.5,2.73228,0.505917,0.505917,0,All,#4682B4,0
5,17,5.5,3.02107,0.220629,0.220629,0,All,#4682B4,0
6,17,5.5,2.99573,0.243462,0.243462,0,All,#4682B4,0
7,17,5.5,2.94311,0.292123,0.292123,0,All,#4682B4,0
8,17,5.5,3.25738,0.0248213,0.0248213,0,All,#4682B4,0
9,17,5.5,3.08801,0.162123,0.162123,0,All,#4682B4,0
10,17,5.5,2.83623,0.396536,0.396536,0,All,#4682B4,0
1,17,6,2.98124,-0.208873,-0.208873,0,All,#4682B4,0
2,17,6,2.81445,-0.0743713,-0.0743713,0,All,#4682B4,0
3,17,6,3.13809,-0.32231,-0.32231,0,All,#4682B4,0
4,17,6,2.83352,-0.0905474,-0.0905474,0,All,#4682B4,0
5,17,6,3.0535,-0.26258,-0.26258,0,All,#4682B4,0
6,17,6,2.99631,-0.220289,-0.220289,0,All,#4682B4,0
7,17,6,3.07544,-0.278389,-0.278389,0,All,#4682B4,0
8,17,6,3.27058,-0.409656,-0.409656,0,All,#4682B4,0
9,17,6,3.13269,-0.318594,-0.318594,0,All,#4682B4,0
10,17,6,2.8602,-0.112821,-0.112821,0,All,#4682B4,0
1,17,6.5,2.98178,0.605308,0.605308,0,All,#4682B4,0
2,17,6.5,2.78043,0.828621,0.828621,0,All,#4682B4,0
3,17,6.5,3.09953,0.488151,0.488151,0,All,#4682B4,0
4,17,6.5,2.78992,0.817368,0.817368,0,All,#4682B4,0
5,17,6.5,3.00147,0.585075,0.585075,0,All,#4682B4,0
6,17,6.5,2.92098,0.669492,0.669492,0,All,#4682B4,0
7,17,6.5,3.0728,0.513958,0.513958,0,All,#4682B4,0
8,17,6.5,3.21153,0.384694,0.384694,0,All,#4682B4,0
9,17,6.5,3.05001,0.53632,0.53632,0,All,#4682B4,0
10,17,6.5,2.81184,0.791675,0.791675,0,All,#4682B4,0
1,17,7,2.92546,1.46953,1.46953,0,All,#4682B4,0
2,17,7,2.68611,1.82132,1.82132,0,All,#4682B4,0
3,17,7,3.01226,1.35576,1.35576,0,All,#4682B4,0
4,17,7,2.64521,1.8878,1.8878,0,All,#4682B4,0
5,17,7,2.89996,1.50424,1.50424,0,All,#4682B4,0
6,17,7,2.78839,1.6636,1.6636,0,All,#4682B4,0
7,17,7,2.96629,1.41519,1.41519,0,All,#4682B4,0
8,17,7,3.09656,1.25137,1.25137,0,All,#4682B4,0
9,17,7,2.89891,1.50568,1.50568,0,All,#4682B4,0
10,17,7,2.7095,1.7842,1.7842,0,All,#4682B4,0
1,17,7.5,2.81416,1.38788,1.38788,0,All,#4682B4,0
2,17,7.5,2.54607,1.79499,1.79499,0,All,#4682B4,0
3,17,7.5,2.88599,1.29164,1.29164,0,All,#4682B4,0
4,17,7.5,2.44179,1.97749,1.97749,0,All,#4682B4,0
5,17,7.5,2.76515,1.45641,1.45641,0,All,#4682B4,0
6,17,7.5,2.60871,1.69237,1.69237,0,All,#4682B4,0
7,17,7.5,2.80284,1.40349,1.40349,0,All,#4682B4,0
8,17,7.5,2.93754,1.22548,1.22548,0,All,#4682B4,0
9,17,7.5,2.70678,1.54126,1.54126,0,All,#4682B4,0
10,17,7.5,2.5677,1.75899,1.75899,0,All,#4682B4,0
1,17,8,2.63931,0.892762,0.892762,0,All,#4682B4,0
2,17,8,2.36774,1.27943,1.27943,0,All,#4682B4,0
3,17,8,2.72337,0.788701,0.788701,0,All,#4682B4,0
4,17,8,2.20188,1.5625,1.5625,0,All,#4682B4,0
5,17,8,2.59308,0.952869,0.952869,0,All,#4682B4,0
6,17,8,2.3825,1.25615,1.25615,0,All,#4682B4,0
7,17,8,2.60369,0.938875,0.938875,0,All,#4682B4,0
8,17,8,2.7394,0.769582,0.769582,0,All,#4682B4,0
9,17,8,2.47948,1.11007,1.11007,0,All,#4682B4,0
10,17,8,2.39438,1.23762,1.23762,0,All,#4682B4,0
1,17,8.5,2.39631,-0.668474,-0.668474,0,All,#4682B4,0
2,17,8.5,2.15298,-0.463905,-0.463905,0,All,#4682B4,0
3,17,8.5,2.52232,-0.758901,-0.758901,0,All,#4682B4,0
4,17,8.5,1.9343,-0.236153,-0.236153,0,All,#4682B4,0
5,17,8.5,2.38404,-0.659159,-0.659159,0,All,#4682B4,0
6,17,8.5,2.10629,-0.419247,-0.419247,0,All,#4682B4,0
7,17,8.5,2.35226,-0.634574,-0.634574,0,All,#4682B4,0
8,17,8.5,2.50283,-0.745504,-0.745504,0,All,#4682B4,0
9,17,8.5,2.21585,-0.521063,-0.521063,0,All,#4682B4,0
10,17,8.5,2.19168,-0.499481,-0.499481,0,All,#4682B4,0
1,17,9,2.07662,-0.962714,-1.19489,1,All,#4682B4,0
2,17,9,1.90192,-0.823482,-0.913566,1,All,#4682B4,0
3,17,9,2.2785,-1.09701,-1.44509,1,All,#4682B4,0
4,17,9,1.64329,-0.563017,-1.18874,1,All,#4682B4,0
5,17,9,2.1361,-1.00492,-1.24381,1,All,#4682B4,0
6,17,9,1.77888,-0.709019,-1.06298,1,All,#4682B4,0
7,17,9,2.04503,-0.939303,-1.17726,1,All,#4682B4,0
8,17,9,2.22777,-1.06556,-1.68648,1,All,#4682B4,0
9,17,9,1.91362,-0.833601,-1.01589,1,All,#4682B4,0
10,17,9,1.96016,-0.87266,-1.86393,1,All,#4682B4,0
1,17,9.5,1.67931,-0.604096,-0.781699,1,All,#4682B4,0
2,17,9.5,1.61748,-0.532443,-0.595327,1,All,#4682B4,0
3,17,9.5,1.98847,-0.895525,-1.17728,1,All,#4682B4,0
4,17,9.5,1.33326,-0.117598,-2.4012,1,All,#4682B4,0
5,17,9.5,1.84867,-0.775812,-0.805275,1,All,#4682B4,0
6,17,9.5,1.41441,-0.253049,-0.386658,1,All,#4682B4,0
7,17,9.5,1.68001,-0.604874,-1.38499,1,All,#4682B4,0
8,17,9.5,1.91711,-0.836599,-2.20954,1,All,#4682B4,0
9,17,9.5,1.57193,-0.476061,-2.16376,1,All,#4682B4,0
10,17,9.5,1.70156,-0.628611,-0.83786,1,All,#4682B4,0
1,17,10,1.23134,0.0778135,-0.858086,1,All,#4682B4,0
2,17,10,1.31036,-0.0763411,-0.896112,1,All,#4682B4,0
3,17,10,1.65546,-0.577094,-0.775998,1,All,#4682B4,0
4,17,10,1.0113,0.634017,0.572567,1,All,#4682B4,0
5,17,10,1.5278,-0.418221,-0.619369,1,All,#4682B4,0
6,17,10,1.04496,0.533773,-1.82341,1,All,#4682B4,0
7,17,10,1.26191,0.0158986,-1.17358,1,All,#4682B4,0
8,17,10,1.58452,-0.491969,-0.64221,1,All,#4682B4,0
9,17,10,1.19438,0.15691,-0.078776,1,All,#4682B4,0
10,17,10,1.41914,-0.260468,-1.07631,1,All,#4682B4,0
1,17,10.5,0.800214,1.45506,0.209877,1,All,#4682B4,0
2,17,10.5,1.01548,0.621208,-0.483592,1,All,#4682B4,0
3,17,10.5,1.30157,-0.0601108,-0.191006,1,All,#4682B4,0
4,17,10.5,0.688259,2.0949,1.2336,1,All,#4682B4,0
5,17,10.5,1.19347,0.158932,-0.865357,1,All,#4682B4,0
6,17,10.5,0.737642,1.78873,0.582008,1,All,#4682B4,0
7,17,10.5,0.811017,1.40266,-1.04988,1,All,#4682B4,0
8,17,10.5,1.26632,0.00719552,-1.5393,1,All,#4682B4,0
9,17,10.5,0.797773,1.46709,0.722532,1,All,#4682B4,0
10,17,10.5,1.12732,0.313689,0.30107,1,All,#4682B4,0
1,17,11,0.432696,4.79608,-1.15844,1,All,#4682B4,0
2,17,11,0.764119,1.64087,-0.00897317,1,All,#4682B4,0
3,17,11,0.981858,0.727351,0.408127,1,All,#4682B4,0
4,17,11,0.378069,5.84719,-0.634502,1,All,#4682B4,0
5,17,11,0.874976,1.11896,-0.48206,1,All,#4682B4,0
6,17,11,0.513527,3.65103,2.12893,1,All,#4682B4,0
7,17,11,0.362212,6.21168,0.32366,1,All,#4682B4,0
8,17,11,1.00593,0.650622,-0.20504,1,All,#4682B4,0
9,17,11,0.405829,5.27768,-1.53335,1,All,#4682B4,0
10,17,11,0.852598,1.21338,-0.574248,1,All,#4682B4,0
1,17,11.5,0.13401,21.01,-2.32713,1,All,#4682B4,0
2,17,11.5,0.574839,2.99726,-0.47724,1,All,#4682B4,0
3,17,11.5,0.740071,1.77472,-0.989514,1,All,#4682B4,0
4,17,11.5,0.0931673,31.3067,0.879284,1,All,#4682B4,0
5,17,11.5,0.604078,2.73223,-0.254215,1,All,#4682B4,0
6,17,11.5,0.357143,6.33499,0.225984,1,All,#4682B4,0
7,17,11.5,0,5.71957e+15,0,1,All,#4682B4,0
8,17,11.5,0.817374,1.37248,-2.28024,1,All,#4682B4,0
9,17,11.5,0.047888,63.2515,1.91872,1,All,#4682B4,0
10,17,11.5,0.623998,2.56588,0.453442,1,All,#4682B4,0
1,17,12,0,5.71957e+15,0,1,All,#4682B4,0
2,17,12,0.440244,4.67137,-0.69708,1,All,#4682B4,0
3,17,12,0.572257,3.02198,0.614022,1,All,#4682B4,0
4,17,12,0,5.71957e+15,0,1,All,#4682B4,0
5,17,12,0.392888,5.53315,-0.492657,1,All,#4682B4,0
6,17,12,0.247219,10.2538,0.10763,1,All,#4682B4,0
7,17,12,0,5.71957e+15,0,1,All,#4682B4,0
8,17,12,0.687771,2.09815,0.646902,1,All,#4682B4,0
9,17,12,0,5.71957e+15,1.30993,1,All,#4682B4,0
10,17,12,0.452512,4.47752,0.34112,1,All,#4682B4,0
1,17,12.5,0,5.71957e+15,0,1,All,#4682B4,0
2,17,12.5,0.345723,6.62613,0.315432,1,All,#4682B4,0
3,17,12.5,0.45709,4.40786,-0.612224,1,All,#4682B4,0
4,17,12.5,0,5.71957e+15,0,1,All,#4682B4,0
5,17,12.5,0.232162,11.0796,-0.656087,1,All,#4682B4,0
6,17,12.5,0.165204,16.5748,0.0968011,1,All,#4682B4,0
7,17,12.5,0,5.71957e+15,0,1,All,#4682B4,0
8,17,12.5,0.600856,2.76017,-1.56819,1,All,#4682B4,0
9,17,12.5,0,5.71957e+15,0,1,All,#4682B4,0
10,17,12.5,0.332396,6.99118,0.91649,1,All,#4682B4,0
1,17,13,0,5.71957e+15,0,1,All,#4682B4,0
2,17,13,0.277039,8.88338,1.81811,1,All,#4682B4,0
3,17,13,0.374818,5.9194,-0.00547318,1,All,#4682B4,0
4,17,13,0,5.71957e+15,1.19278,1,All,#4682B4,0
5,17,13,0.108449,26.5461,-0.503142,1,All,#4682B4,0
6,17,13,0.0959703,30.32,0.177141,1,All,#4682B4,0
7,17,13,0,5.71957e+15,0,1,All,#4682B4,0
8,17,13,0.539147,3.35977,0.701417,1,All,#4682B4,0
9,17,13,0,5.71957e+15,1.58002,1,All,#4682B4,0
10,17,13,0.251087,10.0577,0.19221,1,All,#4682B4,0
1,17,13.5,0,5.71957e+15,0,1,All,#4682B4,0
2,17,13.5,0.222313,11.6803,0.289463,1,All,#4682B4,0
3,17,13.5,0.309665,7.68631,-1.5823,1,All,#4682B4,0
4,17,13.5,0,5.71957e+15,2.53465,1,All,#4682B4,0
5,17,13.5,0.0111186,280.623,-0.443701,1,All,#4682B4,0
6,17,13.5,0.0333558,91.8883,1.35125,1,All,#4682B4,0
7,17,13.5,0,5.71957e+15,1.78821,1,All,#4682B4,0
8,17,13.5,0.490753,3.93549,-1.25811,1,All,#4682B4,0
9,17,13.5,0,5.71957e+15,0,1,All,#4682B4,0
10,17,13.5,0.194689,13.6893,1.0986,1,All,#4682B4,0
1,17,14,0,5.71957e+15,1.03648,1,All,#4682B4,0
2,17,14,0.173455,15.6685,0.930499,1,All,#4682B4,0
3,17,14,0.253212,9.95252,0.0925507,1,All,#4682B4,0
4,17,14,0,5.71957e+15,0,1,All,#4682B4,0
5,17,14,0,5.71957e+15,0,1,All,#4682B4,0
6,17,14,0,5.71957e+15,0,1,All,#4682B4,0
7,17,14,0,5.71957e+15,1.57719,1,All,#4682B4,0
8,17,14,0.448494,4.53984,-1.7304,1,All,#4682B4,0
9,17,14,0,5.71957e+15,1.63008,1,All,#4682B4,0
10,17,14,0.152951,18.1012,1.28106,1,All,#4682B4,0
1,17,14.5,0,5.71957e+15,2.47802,1,All,#4682B4,0
2,17,14.5,0.126618,22.3811,-0.596052,1,All,#4682B4,0
3,17,14.5,0.198978,13.3407,1.06002,1,All,#4682B4,0
4,17,14.5,0,5.71957e+15,0,1,All,#4682B4,0
5,17,14.5,0,5.71957e+15,1.31916,1,All,#4682B4,0
6,17,14.5,0,5.71957e+15,0,1,All,#4682B4,0
7,17,14.5,0,5.71957e+15,0,1,All,#4682B4,0
8,17,14.5,0.407828,5.23966,0.0556058,1,All,#4682B4,0
9,17,14.5,0,5.71957e+15,1.04222,1,All,#4682B4,0
10,17,14.5,0.118322,24.1241,0.994423,1,All,#4682B4,0
1,17,15,0,5.71957e+15,0,1,All,#4682B4,0
2,17,15,0.0779854,37.8839,-0.694402,1,All,#4682B4,0
3,17,15,0.143435,19.4665,-1.08899,1,All,#4682B4,0
4,17,15,0,5.71957e+15,0,1,All,#4682B4,0
5,17,15,0,5.71957e+15,1.41002,1,All,#4682B4,0
6,17,15,0,5.71957e+15,0,1,All,#4682B4,0
7,17,15,0,5.71957e+15,0,1,All,#4682B4,0
8,17,15,0.366273,6.11532,-0.513317,1,All,#4682B4,0
9,17,15,0,5.71957e+15,0,1,All,#4682B4,0
10,17,15,0.0861031,34.0786,-0.808525,1,All,#4682B4,0
1,17,15.5,0,5.71957e+15,0,1,All,#4682B4,0
2,17,15.5,0.026979,114.193,0.546183,1,All,#4682B4,0
3,17,15.5,0.0861014,34.0793,-0.76257,1,All,#4682B4,0
4,17,15.5,0,5.71957e+15,0,1,All,#4682B4,0
5,17,15.5,0,5.71957e+15,0,1,All,#4682B4,0
6,17,15.5,0,5.71957e+15,1.46189,1,All,#4682B4,0
7,17,15.5,0,5.71957e+15,1.34911,1,All,#4682B4,0
8,17,15.5,0.322935,7.2686,2.38834,1,All,#4682B4,0
9,17,15.5,0,5.71957e+15,0,1,All,#4682B4,0
10,17,15.5,0.0534419,56.4206,0.382422,1,All,#4682B4,0
1,18,1,0,5.71957e+15,1.55345,1,All,#4682B4,0
2,18,1,0,5.71957e+15,1.46895,1,All,#4682B4,0
3,18,1,0,5.71957e+15,0,1,All,#4682B4,0
4,18,1,0,5.71957e+15,0,1,All,#4682B4,0
5,18,1,0,5.71957e+15,0,1,All,#4682B4,0
6,18,1,0,5.71957e+15,0,1,All,#4682B4,0
7,18,1,0,5.71957e+15,1.5452,1,All,#4682B4,0
8,18,1,0,5.71957e+15,1.0718,1,All,#4682B4,0
9,18,1,0,5.71957e+15,0,1,All,#4682B4,0
10,18,1,0,5.71957e+15,0,1,All,#4682B4,0
1,18,1.5,0,5.71957e+15,0,1,All,#4682B4,0
2,18,1.5,0,5.71957e+15,0,1,All,#4682B4,0
3,18,1.5,0,5.71957e+15,0,1,All,#4682B4,0
4,18,1.5,0,5.71957e+15,0,1,All,#4682B4,0
5,18,1.5,0,5.71957e+15,0,1,All,#4682B4,0
6,18,1.5,0,5.71957e+15,0,1,All,#4682B4,0
7,18,1.5,0,5.71957e+15,0,1,All,#4682B4,0
8,18,1.5,0,5.71957e+15,0,1,All,#4682B4,0
9,18,1.5,0,5.71957e+15,2.47592,1,All,#4682B4,0
10,18,1.5,0,5.71957e+15,0,1,All,#4682B4,0
1,18,2,0,5.71957e+15,0,1,All,#4682B4,0
2,18,2,0,5.71957e+15,0,1,All,#4682B4,0
3,18,2,0,5.71957e+15,0,1,All,#4682B4,0
4,18,2,0,5.71957e+15,0,1,All,#4682B4,0
5,18,2,0,5.71957e+15,0,1,All,#4682B4,0
6,18,2,0,5.71957e+15,0,1,All,#4682B4,0
7,18,2,0,5.71957e+15,0,1,All,#4682B4,0
8,18,2,0,5.71957e+15,0,1,All,#4682B4,0
9,18,2,0,5.71957e+15,0,1,All,#4682B4,0
10,18,2,0,5.71957e+15,2.02252,1,All,#4682B4,0
1,18,2.5,0,5.71957e+15,0,1,All,#4682B4,0
2,18,2.5,0,5.71957e+15,0,1,All,#4682B4,0
3,18,2.5,0,5.71957e+15,2.52641,1,All,#4682B4,0
4,18,2.5,0,5.71957e+15,2.23827,1,All,#4682B4,0
5,18,2.5,0,5.71957e+15,1.1248,1,All,#4682B4,0
6,18,2.5,0.624147,2.56468,0.708522,1,All,#4682B4,0
7,18,2.5,0,5.71957e+15,0,1,All,#4682B4,0
8,18,2.5,0,5.71957e+15,0,1,All,#4682B4,0
9,18,2.5,0.198404,13.3865,0.546203,1,All,#4682B4,0
10,18,2.5,0,5.71957e+15,1.18112,1,All,#4682B4,0
1,18,3,1.41909,1.97516,1.97516,0,All,#4682B4,0
2,18,3,1.79695,1.03867,1.03867,0,All,#4682B4,0
3,18,3,1.98083,0.712158,0.712158,0,All,#4682B4,0
4,18,3,1.90425,0.840475,0.840475,0,All,#4682B4,0
5,18,3,1.36743,2.14343,2.14343,0,All,#4682B4,0
6,18,3,2.0617,0.587018,0.587018,0,All,#4682B4,0
7,18,3,1.47686,1.80095,1.80095,0,All,#4682B4,0
8,18,3,1.81658,1.00065,1.00065,0,All,#4682B4,0
9,18,3,2.0695,0.575456,0.575456,0,All,#4682B4,0
10,18,3,2.0893,0.546514,0.546514,0,All,#4682B4,0
1,18,3.5,2.3528,0.186661,0.186661,0,All,#4682B4,0
2,18,3.5,2.56079,-0.0298019,-0.0298019,0,All,#4682B4,0
3,18,3.5,2.49859,0.0311539,0.0311539,0,All,#4682B4,0
4,18,3.5,2.61285,-0.0785904,-0.0785904,0,All,#4682B4,0
5,18,3.5,2.3728,0.164205,0.164205,0,All,#4682B4,0
6,18,3.5,2.6131,-0.0788233,-0.0788233,0,All,#4682B4,0
7,18,3.5,2.55808,-0.0272098,-0.0272098,0,All,#4682B4,0
8,18,3.5,2.54918,-0.0186439,-0.0186439,0,All,#4682B4,0
9,18,3.5,2.58458,-0.0523382,-0.0523382,0,All,#4682B4,0
10,18,3.5,2.64805,-0.110494,-0.110494,0,All,#4682B4,0
1,18,4,2.71849,-0.399775,-0.399775,0,All,#4682B4,0
2,18,4,2.93197,-0.551133,-0.551133,0,All,#4682B4,0
3,18,4,2.75573,-0.427868,-0.427868,0,All,#4682B4,0
4,18,4,2.90341,-0.532174,-0.532174,0,All,#4682B4,0
5,18,4,2.73686,-0.413733,-0.413733,0,All,#4682B4,0
6,18,4,2.91409,-0.539304,-0.539304,0,All,#4682B4,0
7,18,4,3.029,-0.612873,-0.612873,0,All,#4682B4,0
8,18,4,2.8691,-0.508899,-0.508899,0,All,#4682B4,0
9,18,4,2.85035,-0.495941,-0.495941,0,All,#4682B4,0
10,18,4,2.92055,-0.543597,-0.543597,0,All,#4682B4,0
1,18,4.5,2.9183,0.604445,0.604445,0,All,#4682B4,0
2,18,4.5,3.14272,0.384293,0.384293,0,All,#4682B4,0
3,18,4.5,2.906,0.617489,0.617489,0,All,#4682B4,0
4,18,4.5,3.0538,0.467651,0.467651,0,All,#4682B4,0
5,18,4.5,2.91423,0.608749,0.608749,0,All,#4682B4,0
6,18,4.5,3.08963,0.433486,0.433486,0,All,#4682B4,0
7,18,4.5,3.26108,0.280386,0.280386,0,All,#4682B4,0
8,18,4.5,3.03922,0.481781,0.481781,0,All,#4682B4,0
9,18,4.5,2.99669,0.523795,0.523795,0,All,#4682B4,0
10,18,4.5,3.06271,0.459079,0.459079,0,All,#4682B4,0
1,18,5,3.02188,0.433151,0.433151,0,All,#4682B4,0
2,18,5,3.24993,0.228844,0.228844,0,All,#4682B4,0
3,18,5,2.99375,0.460508,0.460508,0,All,#4682B4,0
4,18,5,3.11559,0.345579,0.345579,0,All,#4682B4,0
5,18,5,2.98872,0.465458,0.465458,0,All,#4682B4,0
6,18,5,3.17748,0.290567,0.290567,0,All,#4682B4,0
7,18,5,3.32588,0.16702,0.16702,0,All,#4682B4,0
8,18,5,3.11762,0.343735,0.343735,0,All,#4682B4,0
9,18,5,3.05848,0.398308,0.398308,0,All,#4682B4,0
10,18,5,3.11282,0.348093,0.348093,0,All,#4682B4,0
1,18,5.5,3.04656,0.686172,0.686172,0,All,#4682B4,0
2,18,5.5,3.26979,0.470115,0.470115,0,All,#4682B4,0
3,18,5.5,3.03373,0.699556,0.699556,0,All,#4682B4,0
4,18,5.5,3.1025,0.629107,0.629107,0,All,#4682B4,0
5,18,5.5,2.98517,0.751247,0.751247,0,All,#4682B4,0
6,18,5.5,3.18817,0.545604,0.545604,0,All,#4682B4,0
7,18,5.5,3.25303,0.485312,0.485312,0,All,#4682B4,0
8,18,5.5,3.12017,0.61151,0.61151,0,All,#4682B4,0
9,18,5.5,3.04743,0.685264,0.685264,0,All,#4682B4,0
10,18,5.5,3.09048,0.641192,0.641192,0,All,#4682B4,0
1,18,6,2.99612,1.17788,1.17788,0,All,#4682B4,0
2,18,6,3.20681,0.937647,0.937647,0,All,#4682B4,0
3,18,6,3.01222,1.15833,1.15833,0,All,#4682B4,0
4,18,6,3.01798,1.1514,1.1514,0,All,#4682B4,0
5,18,6,2.92125,1.27159,1.27159,0,All,#4682B4,0
6,18,6,3.12685,1.02501,1.02501,0,All,#4682B4,0
7,18,6,3.08869,1.0683,1.0683,0,All,#4682B4,0
8,18,6,3.05365,1.109,1.109,0,All,#4682B4,0
9,18,6,2.97232,1.20715,1.20715,0,All,#4682B4,0
10,18,6,3.01373,1.15651,1.15651,0,All,#4682B4,0
1,18,6.5,2.86677,0.798187,0.798187,0,All,#4682B4,0
2,18,6.5,3.06383,0.587435,0.587435,0,All,#4682B4,0
3,18,6.5,2.91508,0.743882,0.743882,0,All,#4682B4,0
4,18,6.5,2.86169,0.804004,0.804004,0,All,#4682B4,0
5,18,6.5,2.80646,0.8686,0.8686,0,All,#4682B4,0
6,18,6.5,2.9993,0.653404,0.653404,0,All,#4682B4,0
7,18,6.5,2.87041,0.794032,0.794032,0,All,#4682B4,0
8,18,6.5,2.92329,0.734828,0.734828,0,All,#4682B4,0
9,18,6.5,2.84027,0.828751,0.828751,0,All,#4682B4,0
10,18,6.5,2.87237,0.791795,0.791795,0,All,#4682B4,0
1,18,7,2.6502,0.701212,0.701212,0,All,#4682B4,0
2,18,7,2.84665,0.481782,0.481782,0,All,#4682B4,0
3,18,7,2.72959,0.608731,0.608731,0,All,#4682B4,0
4,18,7,2.63129,0.72407,0.72407,0,All,#4682B4,0
5,18,7,2.61624,0.742486,0.742486,0,All,#4682B4,0
6,18,7,2.81143,0.518873,0.518873,0,All,#4682B4,0
7,18,7,2.56711,0.804131,0.804131,0,All,#4682B4,0
8,18,7,2.73238,0.605586,0.605586,0,All,#4682B4,0
9,18,7,2.65382,0.696882,0.696882,0,All,#4682B4,0
10,18,7,2.66232,0.686744,0.686744,0,All,#4682B4,0
1,18,7.5,2.34955,-1.13879,-1.22067,1,All,#4682B4,0
2,18,7.5,2.55879,-1.24834,-1.57218,1,All,#4682B4,0
3,18,7.5,2.45855,-1.19819,-1.48777,1,All,#4682B4,0
4,18,7.5,2.3343,-1.13004,-2.10125,1,All,#4682B4,0
5,18,7.5,2.34807,-1.13795,-1.40968,1,All,#4682B4,0
6,18,7.5,2.56752,-1.25253,-1.60483,1,All,#4682B4,0
7,18,7.5,2.18374,-1.03707,-1.23919,1,All,#4682B4,0
8,18,7.5,2.48452,-1.21157,-1.35523,1,All,#4682B4,0
9,18,7.5,2.41055,-1.17269,-1.83937,1,All,#4682B4,0
10,18,7.5,2.37803,-1.15484,-2.32015,1,All,#4682B4,0
1,18,8,1.99545,-0.90106,-1.0111,1,All,#4682B4,0
2,18,8,2.21525,-1.05757,-1.28794,1,All,#4682B4,0
3,18,8,2.1314,-1.00167,-1.09778,1,All,#4682B4,0
4,18,8,2.0058,-0.9092,-2.13425,1,All,#4682B4,0
5,18,8,2.01684,-0.917787,-1.42837,1,All,#4682B4,0
6,18,8,2.2744,-1.09452,-1.21905,1,All,#4682B4,0
7,18,8,1.79554,-0.725437,-1.00527,1,All,#4682B4,0
8,18,8,2.19235,-1.04273,-2.14368,1,All,#4682B4,0
9,18,8,2.1084,-0.985562,-1.74002,1,All,#4682B4,0
10,18,8,2.02688,-0.925519,-1.12666,1,All,#4682B4,0
1,18,8.5,1.65909,-0.581258,-0.627539,1,All,#4682B4,0
2,18,8.5,1.85789,-0.784265,-1.44686,1,All,#4682B4,0
3,18,8.5,1.81355,-0.742844,-1.13516,1,All,#4682B4,0
4,18,8.5,1.71078,-0.63858,-0.94326,1,All,#4682B4,0
5,18,8.5,1.67747,-0.602042,-1.73494,1,All,#4682B4,0
6,18,8.5,1.95096,-0.865085,-1.69497,1,All,#4682B4,0
7,18,8.5,1.47918,-0.350503,-0.694698,1,All,#4682B4,0
8,18,8.5,1.8843,-0.808011,-1.22273,1,All,#4682B4,0
9,18,8.5,1.76034,-0.690383,-1.15736,1,All,#4682B4,0
10,18,8.5,1.66705,-0.59031,-1.0101,1,All,#4682B4,0
1,18,9,1.38378,-0.20379,-1.1663,1,All,#4682B4,0
2,18,9,1.54428,-0.440207,-0.841759,1,All,#4682B4,0
3,18,9,1.54041,-0.43508,-1.20336,1,All,#4682B4,0
4,18,9,1.47915,-0.350453,-0.705552,1,All,#4682B4,0
5,18,9,1.39649,-0.224497,-0.862005,1,All,#4682B4,0
6,18,9,1.63031,-0.547761,-1.38355,1,All,#4682B4,0
7,18,9,1.24846,0.0427583,-0.0393833,1,All,#4682B4,0
8,18,9,1.60792,-0.520876,-0.591913,1,All,#4682B4,0
9,18,9,1.4152,-0.254296,-0.455862,1,All,#4682B4,0
10,18,9,1.38904,-0.212411,-0.821776,1,All,#4682B4,0
1,18,9.5,1.16576,0.22162,-0.85768,1,All,#4682B4,0
2,18,9.5,1.29532,-0.0484528,-1.45123,1,All,#4682B4,0
3,18,9.5,1.30971,-0.0751432,-0.575378,1,All,#4682B4,0
4,18,9.5,1.30048,-0.0580847,-0.462999,1,All,#4682B4,0
5,18,9.5,1.18828,0.170455,-0.407205,1,All,#4682B4,0
6,18,9.5,1.34888,-0.144932,-0.187046,1,All,#4682B4,0
7,18,9.5,1.0803,0.435229,-1.7452,1,All,#4682B4,0
8,18,9.5,1.38684,-0.208805,-0.218463,1,All,#4682B4,0
9,18,9.5,1.1419,0.278036,-1.15532,1,All,#4682B4,0
10,18,9.5,1.20428,0.135254,0.090427,1,All,#4682B4,0
1,18,10,0.990794,1.59898,1.59898,0,All,#4682B4,0
2,18,10,1.10245,1.18603,1.18603,0,All,#4682B4,0
3,18,10,1.11611,1.14117,1.14117,0,All,#4682B4,0
4,18,10,1.16003,1.00412,1.00412,0,All,#4682B4,0
5,18,10,1.03545,1.42314,1.42314,0,All,#4682B4,0
6,18,10,1.12137,1.12419,1.12419,0,All,#4682B4,0
7,18,10,0.949813,1.77491,1.77491,0,All,#4682B4,0
8,18,10,1.2178,0.838922,0.838922,0,All,#4682B4,0
9,18,10,0.951185,1.76878,1.76878,0,All,#4682B4,0
10,18,10,1.07788,1.26953,1.26953,0,All,#4682B4,0
1,18,10.5,0.845091,1.24617,0.611199,1,All,#4682B4,0
2,18,10.5,0.952134,0.827433,0.370451,1,All,#4682B4,0
3,18,10.5,0.945981,0.848934,0.66352,1,All,#4682B4,0
4,18,10.5,1.04502,0.533579,-0.437357,1,All,#4682B4,0
5,18,10.5,0.917437,0.952461,0.0386506,1,All,#4682B4,0
6,18,10.5,0.941854,0.863514,-0.429383,1,All,#4682B4,0
7,18,10.5,0.838085,1.27731,0.145799,1,All,#4682B4,0
8,18,10.5,1.08589,0.420223,-0.730332,1,All,#4682B4,0
9,18,10.5,0.820183,1.35929,-0.871261,1,All,#4682B4,0
10,18,10.5,0.984076,0.720127,0.110917,1,All,#4682B4,0
1,18,11,0.71741,1.90907,-0.359795,1,All,#4682B4,0
2,18,11,0.829234,1.3174,0.109034,1,All,#4682B4,0
3,18,11,0.791537,1.49818,0.0712157,1,All,#4682B4,0
4,18,11,0.944207,0.855186,-0.889792,1,All,#4682B4,0
5,18,11,0.818835,1.3656,0.105862,1,All,#4682B4,0
6,18,11,0.799877,1.45671,-1.36044,1,All,#4682B4,0
7,18,11,0.733037,1.81553,-0.658329,1,All,#4682B4,0
8,18,11,0.980366,0.732229,0.213627,1,All,#4682B4,0
9,18,11,0.726076,1.8567,0.988978,1,All,#4682B4,0
10,18,11,0.903816,1.00417,0.818697,1,All,#4682B4,0
1,18,11.5,0.599443,2.77252,-0.755726,1,All,#4682B4,0
2,18,11.5,0.724013,1.86906,1.81462,1,All,#4682B4,0
3,18,11.5,0.646575,2.38974,-0.0235895,1,All,#4682B4,0
4,18,11.5,0.850961,1.22048,0.499584,1,All,#4682B4,0
5,18,11.5,0.7291,1.83872,-0.25956,1,All,#4682B4,0
6,18,11.5,0.684048,2.12306,-0.368425,1,All,#4682B4,0
7,18,11.5,0.627686,2.53625,1.62356,1,All,#4682B4,0
8,18,11.5,0.889933,1.0585,-2.21533e-05,1,All,#4682B4,0
9,18,11.5,0.652431,2.34605,0.45903,1,All,#4682B4,0
10,18,11.5,0.827772,1.32411,0.111064,1,All,#4682B4,0
1,18,12,0.486677,3.98921,-0.404381,1,All,#4682B4,0
2,18,12,0.628147,2.53257,0.172857,1,All,#4682B4,0
3,18,12,0.506813,3.73224,-1.10991,1,All,#4682B4,0
4,18,12,0.76158,1.6546,-0.171394,1,All,#4682B4,0
5,18,12,0.642733,2.41884,-0.266772,1,All,#4682B4,0
6,18,12,0.584984,2.90231,0.177397,1,All,#4682B4,0
7,18,12,0.518166,3.59617,0.967148,1,All,#4682B4,0
8,18,12,0.807962,1.41734,-0.0879874,1,All,#4682B4,0
9,18,12,0.587818,2.87636,-0.634527,1,All,#4682B4,0
10,18,12,0.750917,1.71329,0.573181,1,All,#4682B4,0
1,18,12.5,0.376139,5.88989,0.651196,1,All,#4682B4,0
2,18,12.5,0.536737,3.38598,-0.427355,1,All,#4682B4,0
3,18,12.5,0.369834,6.03256,-0.374808,1,All,#4682B4,0
4,18,12.5,0.674043,2.19136,-0.448704,1,All,#4682B4,0
5,18,12.5,0.556683,3.17586,1.60839,1,All,#4682B4,0
6,18,12.5,0.497339,3.85056,-0.733718,1,All,#4682B4,0
7,18,12.5,0.403823,5.31622,-0.957033,1,All,#4682B4,0
8,18,12.5,0.731125,1.82677,0.43063,1,All,#4682B4,0
9,18,12.5,0.525777,3.50823,-1.48693,1,All,#4682B4,0
10,18,12.5,0.671064,2.21209,-1.16541,1,All,#4682B4,0
1,18,13,0.266334,9.34006,-1.27446,1,All,#4682B4,0
2,18,13,0.44672,4.56771,0.551266,1,All,#4682B4,0
3,18,13,0.234126,10.9659,0.74229,1,All,#4682B4,0
4,18,13,0.586989,2.88392,0.250655,1,All,#4682B4,0
5,18,13,0.469287,4.22887,1.21707,1,All,#4682B4,0
6,18,13,0.413941,5.12568,-0.73722,1,All,#4682B4,0
7,18,13,0.283936,8.6074,-0.290914,1,All,#4682B4,0
8,18,13,0.655965,2.32006,0.753813,1,All,#4682B4,0
9,18,13,0.464843,4.293,0.582822,1,All,#4682B4,0
10,18,13,0.587704,2.8774,1.22356,1,All,#4682B4,0
1,18,13.5,0.156563,17.6264,0.0430539,1,All,#4682B4,0
2,18,13.5,0.356383,6.35381,-0.703663,1,All,#4682B4,0
3,18,13.5,0.0989355,29.3369,-0.0652904,1,All,#4682B4,0
4,18,13.5,0.500017,3.81666,1.76882,1,All,#4682B4,0
5,18,13.5,0.380308,5.79817,-0.510726,1,All,#4682B4,0
6,18,13.5,0.333403,6.96256,-0.122472,1,All,#4682B4,0
7,18,13.5,0.158906,17.33,0.205388,1,All,#4682B4,0
8,18,13.5,0.581495,2.93459,-0.782128,1,All,#4682B4,0
9,18,13.5,0.402163,5.34838,-0.0743955,1,All,#4682B4,0
10,18,13.5,0.500462,3.81106,-0.0126857,1,All,#4682B4,0
1,18,14,0.0462983,65.5084,0.703595,1,All,#4682B4,0
2,18,14,0.265394,9.38189,-2.23072,1,All,#4682B4,0
3,18,14,0,5.71957e+15,0,1,All,#4682B4,0
4,18,14,0.412718,5.14821,0.684458,1,All,#4682B4,0
5,18,14,0.289527,8.39331,-1.97403,1,All,#4682B4,0
6,18,14,0.25355,9.93594,1.33704,1,All,#4682B4,0
7,18,14,0.0289641,106.197,-0.467306,1,All,#4682B4,0
8,18,14,0.507493,3.72392,-0.603683,1,All,#4682B4,0
9,18,14,0.337676,6.84311,-0.316902,1,All,#4682B4,0
10,18,14,0.409984,5.19908,-0.270937,1,All,#4682B4,0
1,18,14.5,0,5.71957e+15,1.05349,1,All,#4682B4,0
2,18,14.5,0.173074,15.7084,-1.10863,1,All,#4682B4,0
3,18,14.5,0,5.71957e+15,0,1,All,#4682B4,0
4,18,14.5,0.324866,7.21068,0.186598,1,All,#4682B4,0
5,18,14.5,0.196886,13.5088,-0.130785,1,All,#4682B4,0
6,18,14.5,0.173798,15.6326,1.24451,1,All,#4682B4,0
7,18,14.5,0,5.71957e+15,0,1,All,#4682B4,0
8,18,14.5,0.433274,4.78638,0.0405086,1,All,#4682B4,0
9,18,14.5,0.271336,9.12218,1.11806,1,All,#4682B4,0
10,18,14.5,0.316322,7.47239,-0.66761,1,All,#4682B4,0
1,18,15,0,5.71957e+15,0,1,All,#4682B4,0
2,18,15,0.0796773,37.0268,0.321457,1,All,#4682B4,0
3,18,15,0,5.71957e+15,0,1,All,#4682B4,0
4,18,15,0.23643,10.8349,-0.537876,1,All,#4682B4,0
5,18,15,0.102395,28.262,0.706523,1,All,#4682B4,0
6,18,15,0.0936724,31.1245,-1.04035,1,All,#4682B4,0
7,18,15,0,5.71957e+15,0,1,All,#4682B4,0
8,18,15,0.358619,6.29872,-1.4657,1,All,#4682B4,0
9,18,15,0.203223,13.0103,-1.71241,1,All,#4682B4,0
10,18,15,0.220003,11.829,0.833671,1,All,#4682B4,0
