ID,TIME,popPred_medianCOV,cens_popPred_medianCOV,popPred,cens_popPred,indivPred_mean,cens_indivPred_mean,indivPred_mode,cens_indivPred_mode,obsid
7,1,0,1,0,1,0,1,0,1,y1
7,1.02242853060992,0,1,0,1,0,1,0,1,y1
7,1.04536010020516,0,1,0,1,0,1,0,1,y1
7,1.06880599121101,0,1,0,1,0,1,0,1,y1
7,1.09277773910095,0,1,0,1,0,1,0,1,y1
7,1.11728713807222,0,1,0,1,0,1,0,1,y1
7,1.12,0,1,0,1,0,1,0,1,y1
7,1.14234624684855,0,1,0,1,0,1,0,1,y1
7,1.16796739461312,0,1,0,1,0,1,0,1,y1
7,1.19416318707459,0,1,0,1,0,1,0,1,y1
7,1.22094651266913,0,1,0,1,0,1,0,1,y1
7,1.24,0,1,0,1,0,1,0,1,y1
7,1.24833054890161,0,1,0,1,0,1,0,1,y1
7,1.27632876882895,0,1,0,1,0,1,0,1,y1
7,1.30495494768896,0,1,0,1,0,1,0,1,y1
7,1.33422316967777,0,1,0,1,0,1,0,1,y1
7,1.36,0,1,0,1,0,1,0,1,y1
7,1.36414783487935,0,1,0,1,0,1,0,1,y1
7,1.39474366635041,0,1,0,1,0,1,0,1,y1
7,1.42602571736414,0,1,0,1,0,1,0,1,y1
7,1.45800937881658,0,1,0,1,0,1,0,1,y1
7,1.48,0,1,0,1,0,1,0,1,y1
7,1.49071038679892,0,1,0,1,0,1,0,1,y1
7,1.5,0,1,0,1,0,1,0,1,y1
7,1.52414483033977,0,1,0,1,0,1,0,1,y1
7,1.558329159321,0,1,0,1,0,1,0,1,y1
7,1.59328019257117,0,1,0,1,0,1,0,1,y1
7,1.6,0,1,0,1,0,1,0,1,y1
7,1.62901512614043,0,1,0,1,0,1,0,1,y1
7,1.6655515417611,0,1,0,1,0,1,0,1,y1
7,1.70290741549789,0,1,0,1,0,1,0,1,y1
7,1.72,0,1,0,1,0,1,0,1,y1
7,1.74110112659225,0,1,0,1,0,1,0,1,y1
7,1.78015146650499,0,1,0,1,0,1,0,1,y1
7,1.8200776481618,0,1,0,1,0,1,0,1,y1
7,1.84,0,1,0,1,0,1,0,1,y1
7,1.86089931540603,0,1,0,1,0,1,0,1,y1
7,1.9026365526636,0,1,0,1,0,1,0,1,y1
7,1.94530989482457,0,1,0,1,0,1,0,1,y1
7,1.96,0.0548602,1,0.0548602,1,0,1,0,1,y1
7,1.98894033734643,0.834363,1,0.834363,1,0,1,0,1,y1
7,2,1.06928,1,1.06928,1,0,1,0,1,y1
7,2.03354934658391,1.68049,1,1.68049,1,0,1,0,1,y1
7,2.07915887035056,2.34546,1,2.34546,1,0,1,0,1,y1
7,2.08,2.35637,1,2.35637,1,0,1,0,1,y1
7,2.12579134871711,2.89326,1,2.89326,1,0,1,0,1,y1
7,2.17346972505212,3.35788,0,3.35788,0,0,1,0,1,y1
7,2.2,3.58513,0,3.58513,0,0,1,0,1,y1
7,2.22221745731019,3.76131,0,3.76131,0,0,1,0,1,y1
7,2.27205852957337,4.1164,0,4.1164,0,0,1,0,1,y1
7,2.32,4.41672,0,4.41672,0,0,1,0,1,y1
7,2.32301746385144,4.43444,0,4.43444,0,0,1,0,1,y1
7,2.37511933214682,4.72101,0,4.72101,0,0,1,0,1,y1
7,2.42838976879009,4.98184,0,4.98184,0,0.263808,1,0.424053,1,y1
7,2.44,5.03488,0,5.03488,0,0.395928,1,0.529442,1,y1
7,2.48285498305222,5.22045,0,5.22045,0,0.723084,1,0.808177,1,y1
7,2.5,5.29048,0,5.29048,0,0.815104,1,0.891375,1,y1
7,2.53854177203961,5.43996,0,5.43996,0,0.982706,1,1.04848,1,y1
7,2.56,5.51872,0,5.51872,0,1.06177,1,1.12497,1,y1
7,2.59547753387837,5.64269,0,5.64269,0,1.18056,1,1.24207,1,y1
7,2.65369028119432,5.83068,0,5.83068,0,1.35955,1,1.42148,1,y1
7,2.68,5.91021,0,5.91021,0,1.43742,1,1.50001,1,y1
7,2.71320865489534,6.00635,0,6.00635,0,1.53432,1,1.5978,1,y1
7,2.77406193826277,6.17128,0,6.17128,0,1.70896,1,1.77399,1,y1
7,2.8,6.23754,0,6.23754,0,1.78241,1,1.84802,1,y1
7,2.83628007135892,6.32645,0,6.32645,0,1.88418,1,1.95051,1,y1
7,2.8998936657577,6.47252,0,6.47252,0,2.05983,1,2.1272,1,y1
7,2.92,6.51627,0,6.51627,0,2.11459,1,2.18223,1,y1
7,2.96493401960567,6.61018,0,6.61018,0,2.2357,1,2.30388,1,y1
7,3,6.67998,0,6.67998,0,2.32902,1,2.39753,1,y1
7,3.0314331330208,6.74011,0,6.74011,0,2.41177,1,2.48052,1,y1
7,3.04,6.75611,0,6.75611,0,2.43417,1,2.50298,1,y1
7,3.09942372383669,6.86285,0,6.86285,0,2.58787,1,2.65699,1,y1
7,3.16,6.96446,0,6.96446,0,2.74164,1,2.81089,1,y1
7,3.16893924369988,6.97888,0,6.97888,0,2.76408,1,2.83334,1,y1
7,3.24001389452818,7.08856,0,7.08856,0,2.94024,1,3.00944,0,y1
7,3.28,7.14658,0,7.14658,0,3.03766,0,3.10672,0,y1
7,3.31268264533818,7.19215,0,7.19215,0,3.1164,0,3.18531,0,y1
7,3.38698124945011,7.28987,0,7.28987,0,3.29246,0,3.3609,0,y1
7,3.4,7.30618,0,7.30618,0,3.32289,0,3.39123,0,y1
7,3.46294626207863,7.38183,0,7.38183,0,3.46843,0,3.53617,0,y1
7,3.5,7.42394,0,7.42394,0,3.55281,0,3.62015,0,y1
7,3.52,7.44595,0,7.44595,0,3.59795,0,3.66507,0,y1
7,3.54061505831818,7.46812,0,7.46812,0,3.6442,0,3.71106,0,y1
7,3.62002585153162,7.54874,0,7.54874,0,3.81982,0,3.88554,0,y1
7,3.64,7.56785,0,7.56785,0,3.86334,0,3.92877,0,y1
7,3.70121771215141,7.62362,0,7.62362,0,3.99514,0,4.05963,0,y1
7,3.76,7.67329,0,7.67329,0,4.11954,0,4.18294,0,y1
7,3.78423058690238,7.69268,0,7.69268,0,4.17021,0,4.23313,0,y1
7,3.86910531845573,7.75578,0,7.75578,0,4.34489,0,4.40611,0,y1
7,3.88,7.76334,0,7.76334,0,4.36701,0,4.428,0,y1
7,3.95588366552373,7.81276,0,7.81276,0,4.51927,0,4.57856,0,y1
7,4,7.83891,0,7.83891,0,4.60623,0,4.66454,0,y1
7,4.04460832340522,7.86348,0,7.86348,0,4.69315,0,4.75032,0,y1
7,4.12,7.9008,0,7.9008,0,4.83761,0,4.89284,0,y1
7,4.13532294499186,7.90776,0,7.90776,0,4.86659,0,4.92146,0,y1
7,4.22807216224552,7.94551,0,7.94551,0,5.03948,0,5.092,0,y1
7,4.24,7.94983,0,7.94983,0,5.0614,0,5.11358,0,y1
7,4.32290160815741,7.9766,0,7.9766,0,5.21179,0,5.26159,0,y1
7,4.36,7.98682,0,7.98682,0,5.27801,0,5.32679,0,y1
7,4.41985793919965,8.00113,0,8.00113,0,5.38346,0,5.43059,0,y1
7,4.48,8.01289,0,8.01289,0,5.48771,0,5.53307,0,y1
7,4.5,8.01623,0,8.01623,0,5.52201,0,5.56676,0,y1
7,4.51898885828049,8.01915,0,8.01915,0,5.5544,0,5.59857,0,y1
7,4.6,8.02889,0,8.02889,0,5.69077,0,5.73245,0,y1
7,4.62034313821434,8.03066,0,8.03066,0,5.72455,0,5.76561,0,y1
7,4.72,8.03562,0,8.03562,0,5.88738,0,5.9255,0,y1
7,4.72397064571812,8.03569,0,8.03569,0,5.89378,0,5.93177,0,y1
7,4.82992236594598,8.03451,0,8.03451,0,6.06194,0,6.09641,0,y1
7,4.84,8.0341,0,8.0341,0,6.07769,0,6.11184,0,y1
7,4.93825042757415,8.02767,0,8.02767,0,6.22902,0,6.26021,0,y1
7,4.96,8.02567,0,8.02567,0,6.26194,0,6.29243,0,y1
7,5,8.02147,0,8.02147,0,6.3219,0,6.35103,0,y1
7,5.04900812844846,8.01544,0,8.01544,0,6.39444,0,6.42191,0,y1
7,5.08,8.01114,0,8.01114,0,6.43982,0,6.46629,0,y1
7,5.16224996180711,7.99804,0,7.99804,0,6.55835,0,6.58222,0,y1
7,5.2,7.99127,0,7.99127,0,6.61171,0,6.63438,0,y1
7,5.27803164309158,7.97596,0,7.97596,0,6.71982,0,6.73997,0,y1
7,5.32,7.96705,0,7.96705,0,6.7768,0,6.79551,0,y1
7,5.39641013735879,7.9497,0,7.9497,0,6.87841,0,6.89481,0,y1
7,5.44,7.93919,0,7.93919,0,6.93509,0,6.95043,0,y1
7,5.5,7.92402,0,7.92402,0,7.01144,0,7.02537,0,y1
7,5.51744368730824,7.91946,0,7.91946,0,7.03324,0,7.04677,0,y1
7,5.56,7.9081,0,7.9081,0,7.08562,0,7.09815,0,y1
7,5.64119184193756,7.88555,0,7.88555,0,7.18261,0,7.19281,0,y1
7,5.68,7.87441,0,7.87441,0,7.22768,0,7.23665,0,y1
7,5.7677154858409,7.8484,0,7.8484,0,7.32591,0,7.33256,0,y1
7,5.8,7.83857,0,7.83857,0,7.36063,0,7.36638,0,y1
7,5.8970768691644,7.80825,0,7.80825,0,7.45982,0,7.46321,0,y1
7,5.92,7.80094,0,7.80094,0,7.48208,0,7.48518,0,y1
7,6,7.77504,0,7.77504,0,7.55688,0,7.55846,0,y1
7,6.02933963823352,7.7654,0,7.7654,0,7.58312,0,7.58373,0,y1
7,6.04,7.76188,0,7.76188,0,7.59239,0,7.59271,0,y1
7,6.16,7.72161,0,7.72161,0,7.68489,0,7.68664,0,y1
7,6.16456886686726,7.72006,0,7.72006,0,7.68808,0,7.68995,0,y1
7,6.28,7.6804,0,7.6804,0,7.76156,0,7.76606,0,y1
7,6.30283108839477,7.67245,0,7.67245,0,7.7743,0,7.77937,0,y1
7,6.4,7.63808,0,7.63808,0,7.82071,0,7.82955,0,y1
7,6.44419432839,7.62208,0,7.62208,0,7.8379,0,7.84879,0,y1
7,6.5,7.60136,0,7.60136,0,7.85674,0,7.86985,0,y1
7,6.52,7.59378,0,7.59378,0,7.86259,0,7.87653,0,y1
7,6.58872813814059,7.56713,0,7.56713,0,7.87854,0,7.89599,0,y1
7,6.64,7.54661,0,7.54661,0,7.88639,0,7.90698,0,y1
7,6.73650362886733,7.50655,0,7.50655,0,7.89343,0,7.91964,0,y1
7,6.76,7.4965,0,7.4965,0,7.8936,0,7.92121,0,y1
7,6.88,7.4433,0,7.4433,0,7.88464,0,7.92047,0,y1
7,6.88759350671123,7.43983,0,7.43983,0,7.88358,0,7.91994,0,y1
7,7,7.38696,0,7.38696,0,7.86195,0,7.90595,0,y1
7,7.04207210850521,7.36646,0,7.36646,0,7.85097,0,7.89798,0,y1
7,7.12,7.32742,0,7.32742,0,7.82698,0,7.87951,0,y1
7,7.2000154383481,7.28591,0,7.28591,0,7.79783,0,7.85604,0,y1
7,7.24,7.26462,0,7.26462,0,7.78186,0,7.84291,0,y1
7,7.36,7.19857,0,7.19857,0,7.72874,0,7.79801,0,y1
7,7.361501204999,7.19772,0,7.19772,0,7.72803,0,7.7974,0,y1
7,7.48,7.1292,0,7.1292,0,7.66924,0,7.74648,0,y1
7,7.5,7.11732,0,7.11732,0,7.65894,0,7.73738,0,y1
7,7.5266088601103,7.10136,0,7.10136,0,7.64498,0,7.72506,0,y1
7,7.6,7.05649,0,7.05649,0,7.60538,0,7.68997,0,y1
7,7.6954196373182,6.9963,0,6.9963,0,7.55219,0,7.64242,0,y1
7,7.72,6.98045,0,6.98045,0,7.53829,0,7.62991,0,y1
7,7.84,6.90102,0,6.90102,0,7.46982,0,7.5678,0,y1
7,7.86801659220999,6.882,0,6.882,0,7.45371,0,7.55313,0,y1
7,7.96,6.81827,0,6.81827,0,7.40104,0,7.50475,0,y1
7,8,6.78994,0,6.78994,0,7.37821,0,7.48368,0,y1
7,8.04448464318775,6.75801,0,6.75801,0,7.35295,0,7.46031,0,y1
7,8.08,6.7322,0,6.7322,0,7.33295,0,7.44172,0,y1
7,8.2,6.64289,0,6.64289,0,7.26636,0,7.37959,0,y1
7,8.22491061324853,6.62395,0,6.62395,0,7.25284,0,7.36688,0,y1
7,8.32,6.55037,0,6.55037,0,7.20196,0,7.319,0,y1
7,8.40938327270165,6.47946,0,6.47946,0,7.15583,0,7.27547,0,y1
7,8.44,6.45479,0,6.45479,0,7.14034,0,7.26083,0,y1
7,8.5,6.40591,0,6.40591,0,7.11057,0,7.23265,0,y1
7,8.56,6.35636,0,6.35636,0,7.08175,0,7.20534,0,y1
7,8.59799338284401,6.32465,0,6.32465,0,7.06382,0,7.18842,0,y1
7,8.68,6.25545,0,6.25545,0,7.02646,0,7.15262,0,y1
7,8.79083374061504,6.16044,0,6.16044,0,6.97839,0,7.10717,0,y1
7,8.8,6.15251,0,6.15251,0,6.97458,0,7.10351,0,y1
7,8.92,6.04792,0,6.04792,0,6.92579,0,7.05702,0,y1
7,8.98799922425316,5.98807,0,5.98807,0,6.89773,0,7.03221,0,y1
7,9,5.97748,0,5.97748,0,6.89263,0,7.02789,0,y1
7,9.04,5.94211,0,5.94211,0,6.8752,0,7.01368,0,y1
7,9.16,5.83561,0,5.83561,0,6.82025,0,6.97027,0,y1
7,9.18958683997628,5.80931,0,5.80931,0,6.80596,0,6.95896,0,y1
7,9.28,5.72902,0,5.72902,0,6.76104,0,6.92307,0,y1
7,9.39569576970923,5.62665,0,5.62665,0,6.70063,0,6.87422,0,y1
7,9.4,5.62285,0,5.62285,0,6.69832,0,6.87234,0,y1
7,9.5,5.53503,0,5.53503,0,6.64379,0,6.82747,0,y1
7,9.52,5.51758,0,5.51758,0,6.63264,0,6.81825,0,y1
7,9.60642741988167,5.4426,0,5.4426,0,6.58362,0,6.7775,0,y1
7,9.64,5.41372,0,5.41372,0,6.56425,0,6.76128,0,y1
7,9.76,5.31166,0,5.31166,0,6.49323,0,6.7016,0,y1
7,9.82188547132048,5.25987,0,5.25987,0,6.45582,0,6.66983,0,y1
7,9.88,5.21181,0,5.21181,0,6.42004,0,6.63938,0,y1
7,10,5.11423,0,5.11423,0,6.34373,0,6.57461,0,y1
7,10.0421759302611,5.0806,0,5.0806,0,6.31666,0,6.55124,0,y1
7,10.12,5.01959,0,5.01959,0,6.26397,0,6.50732,0,y1
7,10.24,4.92784,0,4.92784,0,6.18297,0,6.43764,0,y1
7,10.2674071805032,4.90691,0,4.90691,0,6.16356,0,6.42138,0,y1
7,10.36,4.83706,0,4.83706,0,6.10017,0,6.36546,0,y1
7,10.48,4.74902,0,4.74902,0,6.01336,0,6.29065,0,y1
7,10.4976900367357,4.73627,0,4.73627,0,6.00062,0,6.27941,0,y1
7,10.5,4.73461,0,4.73461,0,5.99895,0,6.27794,0,y1
7,10.6,4.66377,0,4.66377,0,5.92438,0,6.21344,0,y1
7,10.72,4.58147,0,4.58147,0,5.83327,0,6.13385,0,y1
7,10.7331377990581,4.57265,0,4.57265,0,5.82302,0,6.12498,0,y1
7,10.84,4.50213,0,4.50213,0,5.73937,0,6.05159,0,y1
7,10.96,4.42571,0,4.42571,0,5.64298,0,5.96691,0,y1
7,10.9738663087248,4.41706,0,4.41706,0,5.63179,0,5.95698,0,y1
7,11,4.40086,0,4.40086,0,5.61048,0,5.93821,0,y1
7,11.08,4.35197,0,4.35197,0,5.54456,0,5.87993,0,y1
7,11.2,4.28073,0,4.28073,0,5.44273,0,5.78954,0,y1
7,11.2199940051392,4.26911,0,4.26911,0,5.42542,0,5.77412,0,y1
7,11.32,4.21201,0,4.21201,0,5.33894,0,5.69633,0,y1
7,11.44,4.14535,0,4.14535,0,5.23276,0,5.60308,0,y1
7,11.4716419841266,4.12818,0,4.12818,0,5.20433,0,5.57838,0,y1
7,11.5,4.11297,0,4.11297,0,5.17873,0,5.5561,0,y1
7,11.56,4.08133,0,4.08133,0,5.12408,0,5.50834,0,y1
7,11.68,4.0191,0,4.0191,0,5.01295,0,5.40938,0,y1
7,11.7289340575137,3.99387,0,3.99387,0,4.96707,0,5.36781,0,y1
7,11.8,3.95782,0,3.95782,0,4.89954,0,5.3068,0,y1
7,11.92,3.8989,0,3.8989,0,4.78381,0,5.20284,0,y1
7,11.9919968140444,3.86423,0,3.86423,0,4.71329,0,5.13956,0,y1
7,12,3.8604,0,3.8604,0,4.7054,0,5.13247,0,y1
7,12.04,3.84133,0,3.84133,0,4.66582,0,5.09679,0,y1
7,12.16,3.78499,0,3.78499,0,4.54562,0,4.98816,0,y1
7,12.2609596816623,3.73899,0,3.73899,0,4.44277,0,4.89515,0,y1
7,12.28,3.73052,0,3.73052,0,4.42319,0,4.87745,0,y1
7,12.4,3.67806,0,3.67806,0,4.29802,0,4.76451,0,y1
7,12.5,3.63461,0,3.63461,0,4.19191,0,4.66879,0,y1
7,12.52,3.62593,0,3.62593,0,4.17058,0,4.6495,0,y1
7,12.5359549911895,3.61901,0,3.61901,0,4.15353,0,4.63408,0,y1
7,12.64,3.57409,0,3.57409,0,4.04129,0,4.53263,0,y1
7,12.76,3.52444,0,3.52444,0,3.91065,0,4.41231,0,y1
7,12.817118041434,3.50088,0,3.50088,0,3.84718,0,4.35417,0,y1
7,12.88,3.47498,0,3.47498,0,3.7771,0,4.28979,0,y1
7,13,3.42609,0,3.42609,0,3.64203,0,4.16603,0,y1
7,13.1045871657572,3.38404,0,3.38404,0,3.52253,0,4.05769,0,y1
7,13.12,3.37788,0,3.37788,0,3.50479,0,4.04152,0,y1
7,13.24,3.33018,0,3.33018,0,3.36586,0,3.91354,0,y1
7,13.36,3.28295,0,3.28295,0,3.2244,0,3.7843,0,y1
7,13.3985038001348,3.26789,0,3.26789,0,3.17872,0,3.74214,0,y1
7,13.48,3.23602,0,3.23602,0,3.08121,0,3.65245,0,y1
7,13.5,3.22819,0,3.22819,0,3.05733,0,3.63038,0,y1
7,13.6,3.18895,0,3.18895,0,2.93673,1,3.51918,0,y1
7,13.6990125527433,3.1504,0,3.1504,0,2.81596,1,3.40773,0,y1
7,13.72,3.14222,0,3.14222,0,2.79014,1,3.38395,0,y1
7,13.84,3.09672,0,3.09672,0,2.64198,1,3.24694,0,y1
7,13.96,3.05232,0,3.05232,0,2.49157,1,3.10812,0,y1
7,14,3.03712,0,3.03712,0,2.44133,1,3.06112,0,y1
7,14.0062612751082,3.03471,0,3.03471,0,2.43346,1,3.05376,0,y1
7,14.08,3.00602,0,3.00602,0,2.3406,1,2.9677,1,y1
7,14.2,2.95969,1,2.95969,1,2.187,1,2.82569,1,y1
7,14.32,2.91463,1,2.91463,1,2.03232,1,2.68166,1,y1
7,14.3204011348476,2.91447,1,2.91447,1,2.0318,1,2.68118,1,y1
7,14.44,2.86974,1,2.86974,1,1.87549,1,2.53615,1,y1
7,14.5,2.84744,1,2.84744,1,1.7966,1,2.46279,1,y1
7,14.56,2.82474,1,2.82474,1,1.71735,1,2.38903,1,y1
7,14.6415866900469,2.79439,1,2.79439,1,1.609,1,2.28826,1,y1
7,14.68,2.78003,1,2.78003,1,1.55775,1,2.24052,1,y1
7,14.8,2.73508,1,2.73508,1,1.39665,1,2.09004,1,y1
7,14.92,2.69021,1,2.69021,1,1.23412,1,1.93852,1,y1
7,14.9699759653024,2.67151,1,2.67151,1,1.16602,1,1.87491,1,y1
7,15,2.66027,1,2.66027,1,1.12489,1,1.83652,1,y1
7,15.04,2.64529,1,2.64529,1,1.07005,1,1.78527,1,y1
7,15.16,2.60038,1,2.60038,1,0.904786,1,1.63047,1,y1
7,15.28,2.55537,1,2.55537,1,0.73819,1,1.47427,1,y1
7,15.30573052947,2.54571,1,2.54571,1,0.70228,1,1.44061,1,y1
7,15.4,2.51031,1,2.51031,1,0.570048,1,1.31675,1,y1
7,15.5,2.47291,1,2.47291,1,0.428822,1,1.18454,1,y1
7,15.52,2.46544,1,2.46544,1,0.400493,1,1.15796,1,y1
7,15.64,2.42043,1,2.42043,1,0.22966,1,0.99775,1,y1
7,15.6490155751574,2.41704,1,2.41704,1,0.216793,1,0.985724,1,y1
7,15.76,2.37525,1,2.37525,1,0.0576426,1,0.836666,1,y1
7,15.88,2.33007,1,2.33007,1,0,1,0.673952,1,y1
7,16,2.28496,1,2.28496,1,0,1,0.510225,1,y1
8,1,0,1,0,1,0,1,0,1,y1
8,1.02404791316671,0,1,0,1,0,1,0,1,y1
8,1.0486741284611,0,1,0,1,0,1,0,1,y1
8,1.07389255284251,0,1,0,1,0,1,0,1,y1
8,1.09971742770365,0,1,0,1,0,1,0,1,y1
8,1.12616333691299,0,1,0,1,0,1,0,1,y1
8,1.148,0,1,0,1,0,1,0,1,y1
8,1.15324521505061,0,1,0,1,0,1,0,1,y1
8,1.18097835584208,0,1,0,1,0,1,0,1,y1
8,1.20937842079513,0,1,0,1,0,1,0,1,y1
8,1.23846144804411,0,1,0,1,0,1,0,1,y1
8,1.268243861407,0,1,0,1,0,1,0,1,y1
8,1.296,0,1,0,1,0,1,0,1,y1
8,1.29874247966033,0,1,0,1,0,1,0,1,y1
8,1.32997452603713,0,1,0,1,0,1,0,1,y1
8,1.36195763795321,0,1,0,1,0,1,0,1,y1
8,1.39470987696745,0,1,0,1,0,1,0,1,y1
8,1.42824973898152,0,1,0,1,0,1,0,1,y1
8,1.444,0,1,0,1,0,1,0,1,y1
8,1.46259616468493,0,1,0,1,0,1,0,1,y1
8,1.49776855025124,0,1,0,1,0,1,0,1,y1
8,1.5,0,1,0,1,0,1,0,1,y1
8,1.53378675829152,0,1,0,1,0,1,0,1,y1
8,1.57067112907117,0,1,0,1,0,1,0,1,y1
8,1.592,0,1,0,1,0,1,0,1,y1
8,1.60844249199654,0,1,0,1,0,1,0,1,y1
8,1.64712217737772,0,1,0,1,0,1,0,1,y1
8,1.68673202847427,0,1,0,1,0,1,0,1,y1
8,1.72729441383054,0,1,0,1,0,1,0,1,y1
8,1.74,0,1,0,1,0,1,0,1,y1
8,1.76883223990768,0,1,0,1,0,1,0,1,y1
8,1.81136896401947,0,1,0,1,0,1,0,1,y1
8,1.85492860757909,0,1,0,1,0,1,0,1,y1
8,1.888,0,1,0,1,0,1,0,1,y1
8,1.8995357696646,0,1,0,1,0,1,0,1,y1
8,1.94521564091056,0,1,0,1,0,1,0,1,y1
8,1.99199401773371,0.901379,1,0.901379,1,0,1,0,1,y1
8,2,1.06928,1,1.06928,1,0,1,0,1,y1
8,2.036,1.72044,1,1.72044,1,0,1,0,1,y1
8,2.03989731690079,1.78286,1,1.78286,1,0,1,0,1,y1
8,2.08895259044663,2.46991,1,2.46991,1,0,1,0,1,y1
8,2.13918754095107,3.03216,0,3.03216,0,0,1,0,1,y1
8,2.184,3.45044,0,3.45044,0,0,1,0,1,y1
8,2.19063053718318,3.50709,0,3.50709,0,0,1,0,1,y1
8,2.24331063012171,3.91786,0,3.91786,0,0,1,0,1,y1
8,2.29725756936084,4.27861,0,4.27861,0,0,1,0,1,y1
8,2.332,4.4864,0,4.4864,0,0,1,0,1,y1
8,2.35250181991041,4.60076,0,4.60076,0,0,1,0,1,y1
8,2.40907457940015,4.89064,0,4.89064,0,0,1,0,1,y1
8,2.4670077956977,5.15367,0,5.15367,0,0,1,0.871893,1,y1
8,2.48,5.20857,0,5.20857,0,0,1,1.50242,1,y1
8,2.5,5.29048,0,5.29048,0,0,1,2.22174,1,y1
8,2.52633418495025,5.39377,0,5.39377,0,0.91599,1,2.91139,1,y1
8,2.58708725006003,5.61407,0,5.61407,0,3.00179,0,3.96475,0,y1
8,2.628,5.74985,0,5.74985,0,3.75869,0,4.45688,0,y1
8,2.64930129960419,5.8171,0,5.8171,0,4.06582,0,4.67198,0,y1
8,2.71301146720953,6.00579,0,6.00579,0,4.77622,0,5.20015,0,y1
8,2.776,6.17631,0,6.17631,0,5.28978,0,5.6061,0,y1
8,2.77825373139329,6.18214,0,6.18214,0,5.30584,0,5.61903,0,y1
8,2.84506493588093,6.34734,0,6.34734,0,5.725,0,5.96411,0,y1
8,2.91348281041266,6.50221,0,6.50221,0,6.06855,0,6.25645,0,y1
8,2.924,6.52484,0,6.52484,0,6.11578,0,6.29704,0,y1
8,2.98354599205017,6.64759,0,6.64759,0,6.36061,0,6.50906,0,y1
8,3,6.67998,0,6.67998,0,6.42224,0,6.5628,0,y1
8,3.05529404699589,6.78429,0,6.78429,0,6.6133,0,6.73044,0,y1
8,3.072,6.8145,0,6.8145,0,6.66662,0,6.77753,0,y1
8,3.12876749293683,6.91294,0,6.91294,0,6.83461,0,6.92675,0,y1
8,3.20400782192581,7.03407,0,7.03407,0,7.03045,0,7.10237,0,y1
8,3.22,7.05854,0,7.05854,0,7.06869,0,7.13686,0,y1
8,3.28105752381295,7.14808,0,7.14808,0,7.20522,0,7.26054,0,y1
8,3.3599601102406,7.25525,0,7.25525,0,7.36219,0,7.40367,0,y1
8,3.368,7.26566,0,7.26566,0,7.37709,0,7.41731,0,y1
8,3.44076013921529,7.35577,0,7.35577,0,7.50374,0,7.53353,0,y1
8,3.5,7.42394,0,7.42394,0,7.59691,0,7.61938,0,y1
8,3.516,7.44159,0,7.44159,0,7.62068,0,7.64133,0,y1
8,3.52350324027063,7.44976,0,7.44976,0,7.63163,0,7.65145,0,y1
8,3.60823614023529,7.53724,0,7.53724,0,7.74705,0,7.75847,0,y1
8,3.664,7.59022,0,7.59022,0,7.81535,0,7.82212,0,y1
8,3.69500668962067,7.61815,0,7.61815,0,7.85089,0,7.85537,0,y1
8,3.78386388964309,7.69239,0,7.69239,0,7.94383,0,7.94269,0,y1
8,3.812,7.71414,0,7.71414,0,7.97066,0,7.96801,0,y1
8,3.87485791989589,7.75979,0,7.75979,0,8.02634,0,8.0208,0,y1
8,3.96,7.81528,0,7.81528,0,8.09301,0,8.08447,0,y1
8,3.9680401666869,7.82015,0,7.82015,0,8.09881,0,8.09003,0,y1
8,4,7.83891,0,7.83891,0,8.12106,0,8.11145,0,y1
8,4.06346325205742,7.8733,0,7.8733,0,8.16153,0,8.15063,0,y1
8,4.108,7.89521,0,7.89521,0,8.18711,0,8.17559,0,y1
8,4.16118106349903,7.91903,0,7.91903,0,8.21479,0,8.2028,0,y1
8,4.256,7.95543,0,7.95543,0,8.25686,0,8.2447,0,y1
8,4.26124878438503,7.95722,0,7.95722,0,8.25893,0,8.24679,0,y1
8,4.36372292513368,7.98779,0,7.98779,0,8.29432,0,8.28278,0,y1
8,4.404,7.9976,0,7.9976,0,8.30575,0,8.29463,0,y1
8,4.4686613551209,8.01087,0,8.01087,0,8.32141,0,8.31113,0,y1
8,4.5,8.01623,0,8.01623,0,8.32787,0,8.31806,0,y1
8,4.552,8.02365,0,8.02365,0,8.33705,0,8.32811,0,y1
8,4.57612333536029,8.02647,0,8.02647,0,8.34069,0,8.33219,0,y1
8,4.68616955196921,8.03461,0,8.03461,0,8.35271,0,8.34641,0,y1
8,4.7,8.0351,0,8.0351,0,8.35372,0,8.34772,0,y1
8,4.79886215043946,8.03546,0,8.03546,0,8.35801,0,8.35427,0,y1
8,4.848,8.03374,0,8.03374,0,8.35838,0,8.35575,0,y1
8,4.91426477073226,8.02964,0,8.02964,0,8.35718,0,8.3561,0,y1
8,4.996,8.02192,0,8.02192,0,8.35328,0,8.3542,0,y1
8,5,8.02147,0,8.02147,0,8.35303,0,8.35404,0,y1
8,5.03244258321707,8.01759,0,8.01759,0,8.35075,0,8.35255,0,y1
8,5.144,8.00114,0,8.00114,0,8.3403,0,8.34479,0,y1
8,5.15346232547475,7.99955,0,7.99955,0,8.33924,0,8.34396,0,y1
8,5.2773923399857,7.97609,0,7.97609,0,8.32309,0,8.33088,0,y1
8,5.292,7.97304,0,7.97304,0,8.32093,0,8.32908,0,y1
8,5.40430261272435,7.94783,0,7.94783,0,8.30268,0,8.3136,0,y1
8,5.44,7.93919,0,7.93919,0,8.29631,0,8.30811,0,y1
8,5.5,7.92402,0,7.92402,0,8.28505,0,8.29831,0,y1
8,5.53426481268179,7.91501,0,7.91501,0,8.27831,0,8.2924,0,y1
8,5.588,7.90045,0,7.90045,0,8.26732,0,8.28271,0,y1
8,5.66735233233876,7.87806,0,7.87806,0,8.25021,0,8.26749,0,y1
8,5.736,7.85793,0,7.85793,0,8.23459,0,8.25349,0,y1
8,5.80364032911202,7.83745,0,7.83745,0,8.21851,0,8.23899,0,y1
8,5.884,7.81239,0,7.81239,0,8.19854,0,8.2209,0,y1
8,5.94320576779734,7.79349,0,7.79349,0,8.18326,0,8.207,0,y1
8,6,7.77504,0,7.77504,0,8.16815,0,8.19321,0,y1
8,6.032,7.76452,0,7.76452,0,8.15944,0,8.18526,0,y1
8,6.08612746403324,7.74652,0,7.74652,0,8.14442,0,8.1715,0,y1
8,6.18,7.71481,0,7.71481,0,8.11747,0,8.14676,0,y1
8,6.23248612880987,7.69682,0,7.69682,0,8.10191,0,8.13244,0,y1
8,6.328,7.66363,0,7.66363,0,8.07269,0,8.10553,0,y1
8,6.38236441404823,7.64439,0,7.64439,0,8.05555,0,8.08971,0,y1
8,6.476,7.61035,0,7.61035,0,8.02515,0,8.06163,0,y1
8,6.5,7.60136,0,7.60136,0,8.01718,0,8.05427,0,y1
8,6.53584695927559,7.58772,0,7.58772,0,8.00514,0,8.04313,0,y1
8,6.624,7.55307,0,7.55307,0,7.97482,0,8.01508,0,y1
8,6.69302043942318,7.52484,0,7.52484,0,7.95038,0,7.99246,0,y1
8,6.772,7.49132,0,7.49132,0,7.92165,0,7.96586,0,y1
8,6.85397361377347,7.4551,0,7.4551,0,7.89095,0,7.93742,0,y1
8,6.92,7.42487,0,7.42487,0,7.86556,0,7.9139,0,y1
8,7,7.38696,0,7.38696,0,7.83398,0,7.88465,0,y1
8,7.01879737608444,7.37785,0,7.37785,0,7.82644,0,7.87766,0,y1
8,7.068,7.35362,0,7.35362,0,7.80644,0,7.85914,0,y1
8,7.18758480591928,7.29245,0,7.29245,0,7.7564,0,7.81279,0,y1
8,7.216,7.27744,0,7.27744,0,7.7442,0,7.80149,0,y1
8,7.36043122121042,7.19832,0,7.19832,0,7.68031,0,7.74235,0,y1
8,7.364,7.19631,0,7.19631,0,7.67869,0,7.74086,0,y1
8,7.5,7.11732,0,7.11732,0,7.6155,0,7.6824,0,y1
8,7.512,7.11014,0,7.11014,0,7.60978,0,7.67711,0,y1
8,7.53743423208766,7.09482,0,7.09482,0,7.59759,0,7.66584,0,y1
8,7.66,7.01888,0,7.01888,0,7.53733,0,7.61014,0,y1
8,7.71869379600071,6.98129,0,6.98129,0,7.50759,0,7.58265,0,y1
8,7.808,6.92253,0,6.92253,0,7.46118,0,7.5398,0,y1
8,7.90431227416739,6.85709,0,6.85709,0,7.40956,0,7.49215,0,y1
8,7.956,6.82108,0,6.82108,0,7.38117,0,7.46595,0,y1
8,8,6.78994,0,6.78994,0,7.35661,0,7.4433,0,y1
8,8.09439448937916,6.72166,0,6.72166,0,7.30271,0,7.3936,0,y1
8,8.104,6.7146,0,6.7146,0,7.29713,0,7.38845,0,y1
8,8.252,6.60319,0,6.60319,0,7.2089,0,7.30716,0,y1
8,8.28904778519687,6.57454,0,6.57454,0,7.18613,0,7.2862,0,y1
8,8.4,6.48698,0,6.48698,0,7.11629,0,7.22191,0,y1
8,8.48838208657003,6.41543,0,6.41543,0,7.05883,0,7.16906,0,y1
8,8.5,6.40591,0,6.40591,0,7.05116,0,7.162,0,y1
8,8.548,6.36632,0,6.36632,0,7.01914,0,7.13256,0,y1
8,8.69250996191376,6.24481,0,6.24481,0,6.91974,0,7.04122,0,y1
8,8.696,6.24183,0,6.24183,0,6.91728,0,7.03896,0,y1
8,8.844,6.11434,0,6.11434,0,6.81054,0,6.94094,0,y1
8,8.90154668667865,6.0641,0,6.0641,0,6.76769,0,6.90161,0,y1
8,8.992,5.98454,0,5.98454,0,6.69878,0,6.83838,0,y1
8,9,5.97748,0,5.97748,0,6.6926,0,6.83271,0,y1
8,9.11561030844935,5.87504,0,5.87504,0,6.6015,0,6.74915,0,y1
8,9.14,5.85338,0,5.85338,0,6.58188,0,6.73115,0,y1
8,9.288,5.72193,0,5.72193,0,6.45973,0,6.61918,0,y1
8,9.33482171360854,5.68042,0,5.68042,0,6.41999,0,6.58276,0,y1
8,9.436,5.59114,0,5.59114,0,6.33228,0,6.50238,0,y1
8,9.5,5.53503,0,5.53503,0,6.2755,0,6.45036,0,y1
8,9.55930469560415,5.48338,0,5.48338,0,6.222,0,6.40132,0,y1
8,9.584,5.46197,0,5.46197,0,6.19948,0,6.38065,0,y1
8,9.732,5.33528,0,5.33528,0,6.06154,0,6.25374,0,y1
8,9.7891860248582,5.28717,0,5.28717,0,6.0069,0,6.20336,0,y1
8,9.88,5.21181,0,5.21181,0,5.9186,0,6.12193,0,y1
8,10,5.11423,0,5.11423,0,5.79897,0,6.01198,0,y1
8,10.0245955203568,5.09458,0,5.09458,0,5.77407,0,5.9891,0,y1
8,10.028,5.09186,0,5.09186,0,5.77061,0,5.98592,0,y1
8,10.176,4.97668,0,4.97668,0,5.61859,0,5.84544,0,y1
8,10.2656661229618,4.90823,0,4.90823,0,5.52525,0,5.75768,0,y1
8,10.324,4.86403,0,4.86403,0,5.46399,0,5.69963,0,y1
8,10.472,4.75481,0,4.75481,0,5.30631,0,5.55012,0,y1
8,10.5,4.73461,0,4.73461,0,5.27618,0,5.52181,0,y1
8,10.5125339704852,4.72561,0,4.72561,0,5.26267,0,5.50913,0,y1
8,10.62,4.64984,0,4.64984,0,5.14698,0,5.40008,0,y1
8,10.7653384745696,4.55116,0,4.55116,0,4.99269,0,5.25124,0,y1
8,10.768,4.54939,0,4.54939,0,4.98986,0,5.2485,0,y1
8,10.916,4.45342,0,4.45342,0,4.83184,0,5.09733,0,y1
8,11,4.40086,0,4.40086,0,4.74659,0,5.01235,0,y1
8,11.0242223994163,4.38595,0,4.38595,0,4.72273,0,4.98797,0,y1
8,11.064,4.36167,0,4.36167,0,4.68367,0,4.94807,0,y1
8,11.212,4.27375,0,4.27375,0,4.54077,0,4.80148,0,y1
8,11.289331942408,4.22935,0,4.22935,0,4.46987,0,4.72658,0,y1
8,11.36,4.18958,0,4.18958,0,4.40704,0,4.65999,0,y1
8,11.5,4.11297,0,4.11297,0,4.28897,0,4.53481,0,y1
8,11.508,4.10871,0,4.10871,0,4.28253,0,4.52788,0,y1
8,11.5608168166693,4.0809,0,4.0809,0,4.24083,0,4.48251,0,y1
8,11.656,4.03153,0,4.03153,0,4.16897,0,4.40294,0,y1
8,11.804,3.95582,0,3.95582,0,4.06477,0,4.28673,0,y1
8,11.8388303356128,3.93853,0,3.93853,0,4.04171,0,4.26126,0,y1
8,11.952,3.88345,0,3.88345,0,3.97207,0,4.18228,0,y1
8,12,3.8604,0,3.8604,0,3.9441,0,4.14952,0,y1
8,12.1,3.81301,0,3.81301,0,3.88847,0,4.08424,0,y1
8,12.1235294995191,3.80198,0,3.80198,0,3.87593,0,4.0696,0,y1
8,12.248,3.74479,0,3.74479,0,3.81237,0,3.9967,0,y1
8,12.396,3.6798,0,3.6798,0,3.74494,0,3.91648,0,y1
8,12.4150750841976,3.67151,0,3.67151,0,3.73671,0,3.90664,0,y1
8,12.5,3.63461,0,3.63461,0,3.7013,0,3.86566,0,y1
8,12.544,3.61553,0,3.61553,0,3.68375,0,3.84575,0,y1
8,12.692,3.55235,0,3.55235,0,3.62808,0,3.78174,0,y1
8,12.7136317317806,3.54346,0,3.54346,0,3.62024,0,3.7729,0,y1
8,12.84,3.49144,0,3.49144,0,3.57776,0,3.72503,0,y1
8,12.988,3.43094,0,3.43094,0,3.53166,0,3.66883,0,y1
8,13,3.42609,0,3.42609,0,3.52809,0,3.66459,0,y1
8,13.0193680437001,3.41827,0,3.41827,0,3.52236,0,3.65788,0,y1
8,13.136,3.37149,0,3.37149,0,3.48911,0,3.62062,0,y1
8,13.284,3.3128,0,3.3128,0,3.44984,0,3.57414,0,y1
8,13.3324566759004,3.29374,0,3.29374,0,3.43742,0,3.55983,0,y1
8,13.432,3.2548,0,3.2548,0,3.41269,0,3.5319,0,y1
8,13.5,3.22819,0,3.22819,0,3.39634,0,3.51298,0,y1
8,13.58,3.19678,0,3.19678,0,3.37762,0,3.49227,0,y1
8,13.6530744363415,3.16828,0,3.16828,0,3.36096,0,3.47495,0,y1
8,13.728,3.1391,0,3.1391,0,3.34424,0,3.45722,0,y1
8,13.876,3.08352,0,3.08352,0,3.31222,0,3.42224,0,y1
8,13.9814023848453,3.04422,0,3.04422,0,3.2901,0,3.39674,0,y1
8,14,3.03711,0,3.03711,0,3.28625,0,3.39236,0,y1
8,14.024,3.02786,0,3.02786,0,3.2813,0,3.38704,0,y1
8,14.172,2.9702,1,2.9702,1,3.2512,0,3.35724,0,y1
8,14.3176259353449,2.91553,1,2.91553,1,3.22216,0,3.32681,0,y1
8,14.32,2.91463,1,2.91463,1,3.22169,0,3.3263,0,y1
8,14.468,2.85936,1,2.85936,1,3.19269,0,3.29525,0,y1
8,14.5,2.84744,1,2.84744,1,3.18646,0,3.28875,0,y1
8,14.616,2.80387,1,2.80387,1,3.16397,0,3.26546,0,y1
8,14.6619349605916,2.78679,1,2.78679,1,3.15508,0,3.25589,0,y1
8,14.764,2.74854,1,2.74854,1,3.13531,0,3.23553,0,y1
8,14.912,2.6932,1,2.6932,1,3.10665,0,3.20671,0,y1
8,15,2.66027,1,2.66027,1,3.09018,0,3.18946,0,y1
8,15.0145238993799,2.65483,1,2.65483,1,3.08752,0,3.18685,0,y1
8,15.06,2.63779,1,2.63779,1,3.07917,0,3.17889,0,y1
8,15.208,2.5824,1,2.5824,1,3.05071,0,3.14947,0,y1
8,15.356,2.52684,1,2.52684,1,3.02251,0,3.12099,0,y1
8,15.3755918663517,2.51948,1,2.51948,1,3.01882,0,3.11716,0,y1
8,15.5,2.47292,1,2.47292,1,2.99537,1,3.09387,0,y1
8,15.504,2.47142,1,2.47142,1,2.99461,1,3.0931,0,y1
8,15.652,2.41592,1,2.41592,1,2.96633,1,3.06504,0,y1
8,15.7453427644406,2.38078,1,2.38078,1,2.94852,1,3.04728,0,y1
8,15.8,2.36018,1,2.36018,1,2.93808,1,3.03689,0,y1
8,15.948,2.3045,1,2.3045,1,2.90964,1,3.00873,0,y1
8,16,2.28498,1,2.28498,1,2.89974,1,2.99881,1,y1
8,16.096,2.24896,1,2.24896,1,2.88166,1,2.9805,1,y1
8,16.12398540002,2.23844,1,2.23844,1,2.87637,1,2.97516,1,y1
8,16.244,2.19331,1,2.19331,1,2.85259,1,2.95224,1,y1
8,16.392,2.13753,1,2.13753,1,2.82367,1,2.92394,1,y1
8,16.5,2.09642,1,2.09642,1,2.8034,1,2.90322,1,y1
8,16.5117336008211,2.09192,1,2.09192,1,2.80113,1,2.90097,1,y1
8,16.54,2.08107,1,2.08107,1,2.79553,1,2.89553,1,y1
8,16.688,2.02445,1,2.02445,1,2.76543,1,2.86679,1,y1
8,16.836,1.96828,1,1.96828,1,2.73707,1,2.83761,1,y1
8,16.9088063366855,1.94062,1,1.94062,1,2.72281,1,2.8233,1,y1
8,16.984,1.91195,1,1.91195,1,2.7074,1,2.80873,1,y1
8,17,1.90584,1,1.90584,1,2.70415,1,2.80568,1,y1
8,17.132,1.85536,1,1.85536,1,2.67757,1,2.78063,1,y1
8,17.28,1.79897,1,1.79897,1,2.64824,1,2.75085,1,y1
8,17.3154278432229,1.78544,1,1.78544,1,2.64129,1,2.744,1,y1
8,17.428,1.74225,1,1.74225,1,2.61886,1,2.72223,1,y1
8,17.5,1.71449,1,1.71449,1,2.60447,1,2.708,1,y1
8,17.576,1.68515,1,1.68515,1,2.58921,1,2.69284,1,y1
8,17.724,1.62818,1,1.62818,1,2.55942,1,2.66357,1,y1
8,17.7318277484412,1.62516,1,1.62516,1,2.55784,1,2.66201,1,y1
8,17.872,1.57088,1,1.57088,1,2.52947,1,2.63439,1,y1
8,18,1.52163,1,1.52163,1,2.50342,1,2.60887,1,y1
8,18.02,1.51395,1,1.51395,1,2.49934,1,2.6047,1,y1
8,18.1582412024229,1.46055,1,1.46055,1,2.47111,1,2.57697,1,y1
8,18.168,1.45674,1,1.45674,1,2.46912,1,2.5751,1,y1
8,18.316,1.39902,1,1.39902,1,2.43891,1,2.5453,1,y1
8,18.464,1.34153,1,1.34153,1,2.40848,1,2.51585,1,y1
8,18.5,1.32748,1,1.32748,1,2.40104,1,2.50866,1,y1
8,18.594909010119,1.29038,1,1.29038,1,2.38136,1,2.48977,1,y1
8,18.612,1.28372,1,1.28372,1,2.37781,1,2.48625,1,y1
8,18.76,1.22585,1,1.22585,1,2.347,1,2.45533,1,y1
8,18.908,1.16812,1,1.16812,1,2.31609,1,2.42587,1,y1
8,19,1.13189,1,1.13189,1,2.29687,1,2.40648,1,y1
8,19.0420777673373,1.11544,1,1.11544,1,2.28809,1,2.39796,1,y1
8,19.056,1.10999,1,1.10999,1,2.28519,1,2.39521,1,y1
8,19.204,1.05197,1,1.05197,1,2.25445,1,2.36586,1,y1
8,19.352,0.99348,1,0.99348,1,2.22361,1,2.33471,1,y1
8,19.5,0.935179,1,0.935179,1,2.19256,1,2.30398,1,y1
9,1,0,1,0,1,0,1,0,1,y1
9,1.02316176962892,0,1,0,1,0,1,0,1,y1
9,1.04686000683017,0,1,0,1,0,1,0,1,y1
9,1.0711071371421,0,1,0,1,0,1,0,1,y1
9,1.09591587390047,0,1,0,1,0,1,0,1,y1
9,1.12129922490442,0,1,0,1,0,1,0,1,y1
9,1.132,0,1,0,1,0,1,0,1,y1
9,1.14727049923674,0,1,0,1,0,1,0,1,y1
9,1.17384331424211,0,1,0,1,0,1,0,1,y1
9,1.20103160266703,0,1,0,1,0,1,0,1,y1
9,1.22884961996505,0,1,0,1,0,1,0,1,y1
9,1.25731195177126,0,1,0,1,0,1,0,1,y1
9,1.264,0,1,0,1,0,1,0,1,y1
9,1.28643352154987,0,1,0,1,0,1,0,1,y1
9,1.31622959841892,0,1,0,1,0,1,0,1,y1
9,1.34671580515626,0,1,0,1,0,1,0,1,y1
9,1.37790812639091,0,1,0,1,0,1,0,1,y1
9,1.396,0,1,0,1,0,1,0,1,y1
9,1.40982291698419,0,1,0,1,0,1,0,1,y1
9,1.44247691060494,0,1,0,1,0,1,0,1,y1
9,1.4758872285034,0,1,0,1,0,1,0,1,y1
9,1.5,0,1,0,1,0,1,0,1,y1
9,1.51007138848825,0,1,0,1,0,1,0,1,y1
9,1.528,0,1,0,1,0,1,0,1,y1
9,1.54504731411164,0,1,0,1,0,1,0,1,y1
9,1.58083334406686,0,1,0,1,0,1,0,1,y1
9,1.61744824180385,0,1,0,1,0,1,0,1,y1
9,1.6549112053672,0,1,0,1,0,1,0,1,y1
9,1.66,0,1,0,1,0,1,0,1,y1
9,1.69324187746223,0,1,0,1,0,1,0,1,y1
9,1.73246035575404,0,1,0,1,0.197963,1,0,1,y1
9,1.77258720340524,0,1,0,1,1.72053,1,0.395232,1,y1
9,1.792,0,1,0,1,2.21162,1,1.20286,1,y1
9,1.81364345985768,0,1,0,1,2.66039,1,1.86295,1,y1
9,1.85565065186389,0,1,0,1,3.3407,0,2.7725,1,y1
9,1.89863080477411,0,1,0,1,3.87211,0,3.42904,0,y1
9,1.924,0,1,0,1,4.13373,0,3.74071,0,y1
9,1.94260645408465,0,1,0,1,4.3069,0,3.94352,0,y1
9,1.9876006572538,0.804372,1,0.804372,1,4.67392,0,4.36489,0,y1
9,2,1.06928,1,1.06928,1,4.76437,0,4.46702,0,y1
9,2.03363700579139,1.68193,1,1.68193,1,4.99074,0,4.72002,0,y1
9,2.056,2.02721,1,2.02721,1,5.12786,0,4.8716,0,y1
9,2.08073963762837,2.36592,1,2.36592,1,5.26886,0,5.0263,0,y1
9,2.12893324977287,2.92649,1,2.92649,1,5.5162,0,5.29502,0,y1
9,2.17824311125945,3.40024,0,3.40024,0,5.73844,0,5.53395,0,y1
9,2.188,3.48476,0,3.48476,0,5.77927,0,5.5776,0,y1
9,2.22869507639821,3.81046,0,3.81046,0,5.93982,0,5.74861,0,y1
9,2.28031559833084,4.17068,0,4.17068,0,6.12365,0,5.94311,0,y1
9,2.32,4.41672,0,4.41672,0,6.25216,0,6.07829,0,y1
9,2.33313174290061,4.49286,0,4.49286,0,6.29252,0,6.1206,0,y1
9,2.38717120284358,4.78264,0,4.78264,0,6.44837,0,6.28359,0,y1
9,2.44246231230862,5.04598,0,5.04598,0,6.59268,0,6.43408,0,y1
9,2.452,5.08844,0,5.08844,0,6.6162,0,6.45857,0,y1
9,2.49903406171362,5.2866,0,5.2866,0,6.72687,0,6.57359,0,y1
9,2.5,5.29048,0,5.29048,0,6.72906,0,6.57586,0,y1
9,2.55691611294585,5.50758,0,5.50758,0,6.85209,0,6.70322,0,y1
9,2.584,5.60343,0,5.60343,0,6.90695,0,6.75988,0,y1
9,2.61613881491436,5.71142,0,5.71142,0,6.96916,0,6.82413,0,y1
9,2.67673321946267,5.9005,0,5.9005,0,7.07843,0,6.93713,0,y1
9,2.716,6.01422,0,6.01422,0,7.14437,0,7.00521,0,y1
9,2.73873109764993,6.0772,0,6.0772,0,7.18093,0,7.04295,0,y1
9,2.80216495640924,6.24297,0,6.24297,0,7.27679,0,7.14217,0,y1
9,2.848,6.35427,0,6.35427,0,7.34126,0,7.20873,0,y1
9,2.86706805559181,6.39864,0,6.39864,0,7.36704,0,7.23531,0,y1
9,2.93347442540585,6.54498,0,6.54498,0,7.45224,0,7.32295,0,y1
9,2.98,6.64053,0,6.64053,0,7.50755,0,7.37997,0,y1
9,3,6.67998,0,6.67998,0,7.53016,0,7.40353,0,y1
9,3.00141888425942,6.68274,0,6.68274,0,7.53174,0,7.40518,0,y1
9,3.07093705701651,6.81259,0,6.81259,0,7.60568,0,7.48271,0,y1
9,3.112,6.88452,0,6.88452,0,7.64618,0,7.52515,0,y1
9,3.14206539367602,6.9351,0,6.9351,0,7.67435,0,7.55489,0,y1
9,3.21484118848333,7.05069,0,7.05069,0,7.73775,0,7.62296,0,y1
9,3.244,7.09445,0,7.09445,0,7.76124,0,7.64874,0,y1
9,3.28930259948453,7.15972,0,7.15972,0,7.79579,0,7.68694,0,y1
9,3.36548866853358,7.26241,0,7.26241,0,7.8486,0,7.74612,0,y1
9,3.376,7.27592,0,7.27592,0,7.85538,0,7.75379,0,y1
9,3.44343934176288,7.35895,0,7.35895,0,7.89615,0,7.8002,0,y1
9,3.5,7.42394,0,7.42394,0,7.92679,0,7.83565,0,y1
9,3.508,7.43281,0,7.43281,0,7.93087,0,7.84042,0,y1
9,3.52319549052794,7.44942,0,7.44942,0,7.93844,0,7.84931,0,y1
9,3.60479893283718,7.53386,0,7.53386,0,7.97533,0,7.89346,0,y1
9,3.64,7.56785,0,7.56785,0,7.98939,0,7.91076,0,y1
9,3.68829245527811,7.6122,0,7.6122,0,8.00695,0,7.9328,0,y1
9,3.772,7.68297,0,7.68297,0,8.03281,0,7.96679,0,y1
9,3.77371983545133,7.68434,0,7.68434,0,8.03328,0,7.96743,0,y1
9,3.86112586492412,7.75016,0,7.75016,0,8.05442,0,7.99736,0,y1
9,3.904,7.77959,0,7.77959,0,8.06284,0,8.01015,0,y1
9,3.95055637271574,7.80947,0,7.80947,0,8.07058,0,8.02268,0,y1
9,4,7.83891,0,7.83891,0,8.07725,0,8.0345,0,y1
9,4.036,7.85888,0,7.85888,0,8.08116,0,8.04218,0,y1
9,4.04205824932663,7.86213,0,7.86213,0,8.08174,0,8.0434,0,y1
9,4.13567947132419,7.90792,0,7.90792,0,8.08814,0,8.0597,0,y1
9,4.168,7.92191,0,7.92191,0,8.08927,0,8.06423,0,y1
9,4.23146912649803,7.94675,0,7.94675,0,8.08999,0,8.07148,0,y1
9,4.3,7.96976,0,7.96976,0,8.0886,0,8.07696,0,y1
9,4.32947743959785,7.97849,0,7.97849,0,8.08729,0,8.07858,0,y1
9,4.4297557986674,8.00324,0,8.00324,0,8.0798,0,8.08103,0,y1
9,4.432,8.00371,0,8.00371,0,8.07958,0,8.08103,0,y1
9,4.5,8.01623,0,8.01623,0,8.07182,0,8.08006,0,y1
9,4.53235678198848,8.02106,0,8.02106,0,8.06744,0,8.07892,0,y1
9,4.564,8.0251,0,8.0251,0,8.06273,0,8.0774,0,y1
9,4.63733418564895,8.03194,0,8.03194,0,8.0503,0,8.07237,0,y1
9,4.696,8.03497,0,8.03497,0,8.03888,0,8.06694,0,y1
9,4.74474305174925,8.03593,0,8.03593,0,8.02846,0,8.06152,0,y1
9,4.828,8.03458,0,8.03458,0,8.00882,0,8.05048,0,y1
9,4.85463969726226,8.03342,0,8.03342,0,8.00206,0,8.04649,0,y1
9,4.96,8.02567,0,8.02567,0,7.97319,0,8.0287,0,y1
9,4.96708174356163,8.02498,0,8.02498,0,7.97113,0,8.02739,0,y1
9,5,8.02147,0,8.02147,0,7.96138,0,8.02114,0,y1
9,5.082128146634,8.01083,0,8.01083,0,7.93574,0,8.00432,0,y1
9,5.092,8.00938,0,8.00938,0,7.93253,0,8.00218,0,y1
9,5.19983922799096,7.9913,0,7.9913,0,7.89588,0,7.97734,0,y1
9,5.224,7.98675,0,7.98675,0,7.88726,0,7.97141,0,y1
9,5.32027670629708,7.96699,0,7.96699,0,7.85154,0,7.9465,0,y1
9,5.356,7.95905,0,7.95905,0,7.83772,0,7.93675,0,y1
9,5.44350372973042,7.93832,0,7.93832,0,7.80262,0,7.91179,0,y1
9,5.488,7.92711,0,7.92711,0,7.78411,0,7.89853,0,y1
9,5.5,7.92402,0,7.92402,0,7.77904,0,7.89488,0,y1
9,5.56958490909258,7.9055,0,7.9055,0,7.74903,0,7.87322,0,y1
9,5.62,7.89154,0,7.89154,0,7.72664,0,7.85697,0,y1
9,5.69858635168566,7.86899,0,7.86899,0,7.69063,0,7.83072,0,y1
9,5.752,7.85314,0,7.85314,0,7.6654,0,7.81225,0,y1
9,5.83057569597389,7.82913,0,7.82913,0,7.62719,0,7.78418,0,y1
9,5.884,7.8124,0,7.8124,0,7.60048,0,7.7645,0,y1
9,5.96562214704798,7.78625,0,7.78625,0,7.55854,0,7.7335,0,y1
9,6,7.77505,0,7.77505,0,7.54046,0,7.72011,0,y1
9,6.016,7.76979,0,7.76979,0,7.53196,0,7.71381,0,y1
9,6.10379651291106,7.7406,0,7.7406,0,7.48437,0,7.67849,0,y1
9,6.148,7.72569,0,7.72569,0,7.45981,0,7.66024,0,y1
9,6.24517124160489,7.69245,0,7.69245,0,7.40442,0,7.61898,0,y1
9,6.28,7.6804,0,7.6804,0,7.38411,0,7.60383,0,y1
9,6.38982045919606,7.64173,0,7.64173,0,7.31841,0,7.55473,0,y1
9,6.412,7.63377,0,7.63377,0,7.30482,0,7.54458,0,y1
9,6.5,7.60136,0,7.60136,0,7.24992,0,7.50351,0,y1
9,6.53782000864209,7.58697,0,7.58697,0,7.22585,0,7.48548,0,y1
9,6.544,7.58459,0,7.58459,0,7.22189,0,7.48251,0,y1
9,6.676,7.53189,0,7.53189,0,7.13554,0,7.41762,0,y1
9,6.68924748955757,7.52641,0,7.52641,0,7.12667,0,7.41095,0,y1
9,6.808,7.47559,0,7.47559,0,7.04545,0,7.34986,0,y1
9,6.84418229890151,7.4595,0,7.4595,0,7.02012,0,7.33078,0,y1
9,6.94,7.41552,0,7.41552,0,6.95192,0,7.27924,0,y1
9,7,7.38696,0,7.38696,0,6.9084,0,7.24621,0,y1
9,7.00270567260696,7.38566,0,7.38566,0,6.90642,0,7.24471,0,y1
9,7.072,7.35163,0,7.35163,0,6.85514,0,7.20579,0,y1
9,7.16490072817498,7.3043,0,7.3043,0,6.78456,0,7.1523,0,y1
9,7.204,7.2838,0,7.2838,0,6.75437,0,7.12934,0,y1
9,7.33085250825502,7.21492,0,7.21492,0,6.65532,0,7.0532,0,y1
9,7.336,7.21205,0,7.21205,0,6.65126,0,7.05006,0,y1
9,7.468,7.13628,0,7.13628,0,6.54466,0,6.96802,0,y1
9,7.5,7.11732,0,7.11732,0,6.51811,0,6.94766,0,y1
9,7.50064802523477,7.11693,0,7.11693,0,6.51757,0,6.94724,0,y1
9,7.6,7.05649,0,7.05649,0,6.43449,0,6.88279,0,y1
9,7.67437630686284,7.00975,0,7.00975,0,6.37242,0,6.83354,0,y1
9,7.732,6.97266,0,6.97266,0,6.32371,0,6.79491,0,y1
9,7.852128442928,6.89281,0,6.89281,0,6.21833,0,6.71272,0,y1
9,7.864,6.88474,0,6.88474,0,6.20784,0,6.70444,0,y1
9,7.996,6.7928,0,6.7928,0,6.0935,0,6.61054,0,y1
9,8,6.78995,0,6.78995,0,6.09001,0,6.60766,0,y1
9,8.03399763301975,6.76558,0,6.76558,0,6.05996,0,6.58309,0,y1
9,8.128,6.69687,0,6.69687,0,5.9757,0,6.51502,0,y1
9,8.22007923539501,6.62764,0,6.62764,0,5.89395,0,6.44699,0,y1
9,8.26,6.59703,0,6.59703,0,5.85873,0,6.41678,0,y1
9,8.392,6.49339,0,6.49339,0,5.74238,0,6.31609,0,y1
9,8.41047081697666,6.47859,0,6.47859,0,5.726,0,6.30199,0,y1
9,8.5,6.40592,0,6.40592,0,5.64698,0,6.23296,0,y1
9,8.524,6.38618,0,6.38618,0,5.6261,0,6.21423,0,y1
9,8.60527220451018,6.31856,0,6.31856,0,5.55601,0,6.15028,0,y1
9,8.656,6.27581,0,6.27581,0,5.51262,0,6.11005,0,y1
9,8.788,6.16289,0,6.16289,0,5.40141,0,6.00504,0,y1
9,8.80458553690516,6.14855,0,6.14855,0,5.38777,0,5.99185,0,y1
9,8.92,6.04793,0,6.04793,0,5.29435,0,5.8996,0,y1
9,9,5.97749,0,5.97749,0,5.23011,0,5.83532,0,y1
9,9.00851531878903,5.96996,0,5.96996,0,5.22339,0,5.82848,0,y1
9,9.052,5.93148,0,5.93148,0,5.18941,0,5.79363,0,y1
9,9.184,5.81428,0,5.81428,0,5.0897,0,5.68841,0,y1
9,9.21716847530138,5.78481,0,5.78481,0,5.06539,0,5.66215,0,y1
9,9.316,5.6971,0,5.6971,0,4.99543,0,5.58434,0,y1
9,9.43065440815721,5.59586,0,5.59586,0,4.91648,0,5.49599,0,y1
9,9.448,5.58061,0,5.58061,0,4.90488,0,5.48271,0,y1
9,9.5,5.53505,0,5.53505,0,4.87067,0,5.44272,0,y1
9,9.58,5.46545,0,5.46545,0,4.81955,0,5.38177,0,y1
9,9.64908505300886,5.40594,0,5.40594,0,4.77684,0,5.33027,0,y1
9,9.712,5.35225,0,5.35225,0,4.73907,0,5.28433,0,y1
9,9.844,5.24154,0,5.24154,0,4.66365,0,5.19038,0,y1
9,9.87257493813646,5.21795,0,5.21795,0,4.64775,0,5.17058,0,y1
9,9.976,5.13358,0,5.13358,0,4.59197,0,5.10011,0,y1
9,10,5.11427,0,5.11427,0,4.57943,0,5.08389,0,y1
9,10.1012412444978,5.03418,0,5.03418,0,4.528,0,5.01824,0,y1
9,10.108,5.02892,0,5.02892,0,4.52465,0,5.01398,0,y1
9,10.24,4.92791,0,4.92791,0,4.46122,0,4.9325,0,y1
9,10.3352038671689,4.85569,0,4.85569,0,4.4177,0,4.87626,0,y1
9,10.372,4.82821,0,4.82821,0,4.40135,0,4.85514,0,y1
9,10.5,4.73469,0,4.73469,0,4.34619,0,4.78424,0,y1
9,10.504,4.73181,0,4.73181,0,4.34452,0,4.78209,0,y1
9,10.5745854782082,4.68166,0,4.68166,0,4.31548,0,4.74448,0,y1
9,10.636,4.63882,0,4.63882,0,4.2909,0,4.71283,0,y1
9,10.768,4.54945,0,4.54945,0,4.24004,0,4.64799,0,y1
9,10.8195115909757,4.51552,0,4.51552,0,4.22086,0,4.62381,0,y1
9,10.9,4.46363,0,4.46363,0,4.1916,0,4.58707,0,y1
9,11,4.40089,0,4.40089,0,4.15631,0,4.54328,0,y1
9,11.032,4.38121,0,4.38121,0,4.14526,0,4.52963,0,y1
9,11.0701106259433,4.35797,0,4.35797,0,4.13226,0,4.51374,0,y1
9,11.164,4.30184,0,4.30184,0,4.10089,0,4.47561,0,y1
9,11.296,4.22557,0,4.22557,0,4.0582,0,4.42465,0,y1
9,11.326513978028,4.20834,0,4.20834,0,4.04856,0,4.41323,0,y1
9,11.428,4.15189,0,4.15189,0,4.01698,0,4.37642,0,y1
9,11.5,4.1129,0,4.1129,0,3.99504,0,4.35118,0,y1
9,11.56,4.08105,0,4.08105,0,3.97702,0,4.33068,0,y1
9,11.5888560854857,4.06585,0,4.06585,0,3.96843,0,4.32101,0,y1
9,11.692,4.01161,0,4.01161,0,3.93814,0,4.28727,0,y1
9,11.824,3.94478,0,3.94478,0,3.90031,0,4.24595,0,y1
9,11.8572745004004,3.92869,0,3.92869,0,3.89089,0,4.23571,0,y1
9,11.956,3.88163,0,3.88163,0,3.86304,0,4.20637,0,y1
9,12,3.86076,0,3.86076,0,3.85061,0,4.19353,0,y1
9,12.088,3.81934,0,3.81934,0,3.8259,0,4.16823,0,y1
9,12.1319099608055,3.79877,0,3.79877,0,3.81382,0,4.15622,0,y1
9,12.22,3.75801,0,3.75801,0,3.79036,0,4.13126,0,y1
9,12.352,3.69866,0,3.69866,0,3.75637,0,4.09637,0,y1
9,12.4129064644764,3.67199,0,3.67199,0,3.74062,0,4.08073,0,y1
9,12.484,3.64145,0,3.64145,0,3.7221,0,4.06298,0,y1
9,12.5,3.63467,0,3.63467,0,3.71795,0,4.05881,0,y1
9,12.616,3.58615,0,3.58615,0,3.68828,0,4.02915,0,y1
9,12.7004113444319,3.55005,0,3.55005,0,3.66718,0,4.00804,0,y1
9,12.748,3.52994,0,3.52994,0,3.65537,0,3.99644,0,y1
9,12.88,3.47533,0,3.47533,0,3.62112,0,3.96459,0,y1
9,12.9945753461841,3.4286,0,3.4286,0,3.59133,0,3.9375,0,y1
9,13,3.4264,0,3.4264,0,3.58996,0,3.9363,0,y1
9,13.012,3.42153,0,3.42153,0,3.58693,0,3.93368,0,y1
9,13.144,3.36841,0,3.36841,0,3.5536,0,3.90259,0,y1
9,13.276,3.31595,0,3.31595,0,3.5205,0,3.87219,0,y1
9,13.295552706778,3.30824,0,3.30824,0,3.51561,0,3.86784,0,y1
9,13.408,3.26422,0,3.26422,0,3.48752,0,3.84245,0,y1
9,13.5,3.22852,0,3.22852,0,3.46464,0,3.82167,0,y1
9,13.54,3.21307,0,3.21307,0,3.45473,0,3.81272,0,y1
9,13.6035012356615,3.18863,0,3.18863,0,3.43897,0,3.79855,0,y1
9,13.672,3.16233,0,3.16233,0,3.42196,0,3.78356,0,y1
9,13.804,3.11177,0,3.11177,0,3.38921,0,3.75428,0,y1
9,13.9185823974285,3.06826,0,3.06826,0,3.36086,0,3.72907,0,y1
9,13.936,3.06168,0,3.06168,0,3.35656,0,3.72525,0,y1
9,14,3.03756,0,3.03756,0,3.34079,0,3.71126,0,y1
9,14.068,3.01196,0,3.01196,0,3.32413,0,3.69623,0,y1
9,14.2,2.96206,1,2.96206,1,3.29177,0,3.66755,0,y1
9,14.2409613964788,2.94648,1,2.94648,1,3.2817,0,3.65869,0,y1
9,14.332,2.91166,1,2.91166,1,3.25932,0,3.63899,0,y1
9,14.464,2.86186,1,2.86186,1,3.22684,0,3.61048,0,y1
9,14.5,2.84858,1,2.84858,1,3.21797,0,3.60271,0,y1
9,14.5708072636384,2.82247,1,2.82247,1,3.20054,0,3.58743,0,y1
9,14.596,2.81312,1,2.81312,1,3.19435,0,3.582,0,y1
9,14.728,2.76383,1,2.76383,1,3.16192,0,3.55358,0,y1
9,14.86,2.71313,1,2.71313,1,3.1296,0,3.52521,0,y1
9,14.9082929447861,2.69466,1,2.69466,1,3.11783,0,3.51478,0,y1
9,14.992,2.66306,1,2.66306,1,3.09737,0,3.49667,0,y1
9,15,2.66014,1,2.66014,1,3.09541,0,3.49494,0,y1
9,15.124,2.61437,1,2.61437,1,3.06502,0,3.46832,0,y1
9,15.2535953915336,2.56589,1,2.56589,1,3.03315,0,3.44052,0,y1
9,15.256,2.56501,1,2.56501,1,3.03255,0,3.44001,0,y1
9,15.388,2.51514,1,2.51514,1,2.99972,1,3.41217,0,y1
9,15.5,2.47388,1,2.47388,1,2.97172,1,3.38891,0,y1
9,15.52,2.46648,1,2.46648,1,2.96674,1,3.38463,0,y1
9,15.606895654005,2.43377,1,2.43377,1,2.94526,1,3.36546,0,y1
9,15.652,2.41692,1,2.41692,1,2.93419,1,3.35545,0,y1
9,15.784,2.36786,1,2.36786,1,2.90206,1,3.32693,0,y1
9,15.916,2.31739,1,2.31739,1,2.86965,1,3.29838,0,y1
9,15.9683789757655,2.29753,1,2.29753,1,2.85673,1,3.28706,0,y1
9,16,2.28544,1,2.28544,1,2.84893,1,3.28029,0,y1
9,16.048,2.26758,1,2.26758,1,2.83708,1,3.27017,0,y1
9,16.18,2.21775,1,2.21775,1,2.80453,1,3.24157,0,y1
9,16.312,2.16774,1,2.16774,1,2.77201,1,3.21292,0,y1
9,16.3382348909494,2.15782,1,2.15782,1,2.76554,1,3.20729,0,y1
9,16.444,2.11776,1,2.11776,1,2.73931,1,3.18449,0,y1
9,16.5,2.09644,1,2.09644,1,2.72536,1,3.17233,0,y1
9,16.576,2.06767,1,2.06767,1,2.70645,1,3.15588,0,y1
9,16.708,2.01737,1,2.01737,1,2.67374,1,3.12754,0,y1
9,16.7166573236367,2.0141,1,2.0141,1,2.6716,1,3.12568,0,y1
9,16.84,1.96721,1,1.96721,1,2.64104,1,3.09891,0,y1
9,16.972,1.91699,1,1.91699,1,2.60812,1,3.07022,0,y1
9,17,1.90628,1,1.90628,1,2.60124,1,3.06434,0,y1
9,17.1038446895323,1.86658,1,1.86658,1,2.57594,1,3.04175,0,y1
9,17.104,1.86652,1,1.86652,1,2.5759,1,3.04172,0,y1
9,17.236,1.81593,1,1.81593,1,2.54264,1,3.01264,0,y1
9,17.368,1.76527,1,1.76527,1,2.50976,1,2.98377,1,y1
9,17.5,1.71454,1,1.71454,1,2.4772,1,2.95535,1,y1
10,1,0,1,0,1,0,1,0,1,y1
10,1.02268025616674,0,1,0,1,0,1,0,1,y1
10,1.04587490635328,0,1,0,1,0,1,0,1,y1
10,1.06959561714774,0,1,0,1,0,1,0,1,y1
10,1.09385431973947,0,1,0,1,0,1,0,1,y1
10,1.11866321592026,0,1,0,1,0,1,0,1,y1
10,1.124,0,1,0,1,0,1,0,1,y1
10,1.14403478422165,0,1,0,1,0,1,0,1,y1
10,1.16998178619146,0,1,0,1,0,1,0,1,y1
10,1.19651727281271,0,1,0,1,0,1,0,1,y1
10,1.22365459106803,0,1,0,1,0,1,0,1,y1
10,1.248,0,1,0,1,0,1,0,1,y1
10,1.25140739065307,0,1,0,1,0,1,0,1,y1
10,1.27978963084203,0,1,0,1,0,1,0,1,y1
10,1.30881558750907,0,1,0,1,0,1,0,1,y1
10,1.33849986030881,0,1,0,1,0.689056,1,0,1,y1
10,1.36885738001976,0,1,0,1,1.68479,1,0.812875,1,y1
10,1.372,0,1,0,1,1.77184,1,0.926682,1,y1
10,1.39990341605435,0,1,0,1,2.45391,1,1.78544,1,y1
10,1.43165358413916,0,1,0,1,3.08121,0,2.53941,1,y1
10,1.46412385416947,0,1,0,1,3.61143,0,3.15528,0,y1
10,1.496,0,1,0,1,4.05296,0,3.65662,0,y1
10,1.49733055824187,0,1,0,1,4.07001,0,3.67577,0,y1
10,1.5,0,1,0,1,4.1039,0,3.71383,0,y1
10,1.53129039886909,0,1,0,1,4.47342,0,4.12713,0,y1
10,1.56602045738112,0,1,0,1,4.83427,0,4.52458,0,y1
10,1.60153820251688,0,1,0,1,5.15798,0,4.87952,0,y1
10,1.62,0,1,0,1,5.3121,0,5.04692,0,y1
10,1.63786149921079,0,1,0,1,5.45327,0,5.19945,0,y1
10,1.67500861757854,0,1,0,1,5.72471,0,5.49088,0,y1
10,1.71299824210672,0,1,0,1,5.97563,0,5.75839,0,y1
10,1.744,0,1,0,1,6.16332,0,5.95723,0,y1
10,1.75184948105088,0,1,0,1,6.20867,0,6.00513,0,y1
10,1.79158187604669,0,1,0,1,6.42613,0,6.2342,0,y1
10,1.83221541193913,0,1,0,1,6.62966,0,6.44778,0,y1
10,1.868,0,1,0,1,6.79504,0,6.62093,0,y1
10,1.87377052683456,0,1,0,1,6.8206,0,6.64767,0,y1
10,1.91626812238086,0,1,0,1,7.00012,0,6.83529,0,y1
10,1.95972957428063,0.0453467,1,0.0453467,1,7.16924,0,7.0118,0,y1
10,1.992,0.901505,1,0.901505,1,7.28631,0,7.13389,0,y1
10,2,1.06928,1,1.06928,1,7.31428,0,7.16306,0,y1
10,2.00417674304285,1.1529,1,1.1529,1,7.32873,0,7.17812,0,y1
10,2.04963198497849,1.93306,1,1.93306,1,7.47915,0,7.33501,0,y1
10,2.09611816344536,2.55754,1,2.55754,1,7.6209,0,7.483,0,y1
10,2.116,2.78699,1,2.78699,1,7.67803,0,7.54274,0,y1
10,2.14365866034806,3.07696,0,3.07696,0,7.75418,0,7.62249,0,y1
10,2.19227738789881,3.52098,0,3.52098,0,7.87907,0,7.75372,0,y1
10,2.24,3.89395,0,3.89395,0,7.99099,0,7.87202,0,y1
10,2.24199880064492,3.90842,0,3.90842,0,7.99546,0,7.87676,0,y1
10,2.29284790776908,4.25095,0,4.25095,0,8.10316,0,7.99152,0,y1
10,2.34485028566866,4.55872,0,4.55872,0,8.20186,0,8.09784,0,y1
10,2.364,4.66264,0,4.66264,0,8.23536,0,8.13426,0,y1
10,2.39803209082029,4.8368,0,4.8368,0,8.2912,0,8.19549,0,y1
10,2.45242007293616,5.09029,0,5.09029,0,8.37083,0,8.28419,0,y1
10,2.488,5.24169,0,5.24169,0,8.41671,0,8.33627,0,y1
10,2.5,5.29048,0,5.29048,0,8.43111,0,8.35279,0,y1
10,2.50804158841882,5.32257,0,5.32257,0,8.44046,0,8.36357,0,y1
10,2.564924614121,5.5364,0,5.5364,0,8.49987,0,8.4332,0,y1
10,2.612,5.69785,0,5.69785,0,8.54053,0,8.48251,0,y1
10,2.62309776141765,5.73405,0,5.73405,0,8.54904,0,8.49308,0,y1
10,2.68259029059702,5.91788,0,5.91788,0,8.58808,0,8.54316,0,y1
10,2.736,6.06974,0,6.06974,0,8.61428,0,8.57909,0,y1
10,2.74343212557818,6.08998,0,6.08998,0,8.6173,0,8.58344,0,y1
10,2.80565386896236,6.25168,0,6.25168,0,8.6372,0,8.61407,0,y1
10,2.86,6.38232,0,6.38232,0,8.64735,0,8.63295,0,y1
10,2.86928681742564,6.40373,0,6.40373,0,8.64847,0,8.63551,0,y1
10,2.93436297746072,6.54685,0,6.54685,0,8.65174,0,8.64848,0,y1
10,2.984,6.64849,0,6.64849,0,8.64933,0,8.65278,0,y1
10,3,6.67998,0,6.67998,0,8.64774,0,8.65325,0,y1
10,3.00091508147573,6.68176,0,6.68176,0,8.64764,0,8.65327,0,y1
10,3.06897660425825,6.80907,0,6.80907,0,8.63688,0,8.65094,0,y1
10,3.108,6.87766,0,6.87766,0,8.62813,0,8.6467,0,y1
10,3.13858177981257,6.92933,0,6.92933,0,8.62011,0,8.64209,0,y1
10,3.20976561857899,7.04293,0,7.04293,0,8.59792,0,8.62744,0,y1
10,3.232,7.07661,0,7.07661,0,8.5901,0,8.62185,0,y1
10,3.28256392504357,7.15021,0,7.15021,0,8.5709,0,8.60754,0,y1
10,3.356,7.25009,0,7.25009,0,8.53998,0,8.58324,0,y1
10,3.35701331574726,7.25141,0,7.25141,0,8.53953,0,8.58288,0,y1
10,3.43315123770358,7.34668,0,7.34668,0,8.50426,0,8.55396,0,y1
10,3.48,7.40143,0,7.40143,0,8.48121,0,8.53459,0,y1
10,3.5,7.42394,0,7.42394,0,8.4711,0,8.526,0,y1
10,3.51101598723387,7.43613,0,7.43613,0,8.46546,0,8.52119,0,y1
10,3.59064672922987,7.51978,0,7.51978,0,8.42348,0,8.48497,0,y1
10,3.604,7.53307,0,7.53307,0,8.41624,0,8.47866,0,y1
10,3.67208351685308,7.59761,0,7.59761,0,8.37859,0,8.44564,0,y1
10,3.728,7.64672,0,7.64672,0,8.34684,0,8.41753,0,y1
10,3.75536731168098,7.66951,0,7.66951,0,8.33106,0,8.4035,0,y1
10,3.84054000431012,7.73537,0,7.73537,0,8.2811,0,8.35882,0,y1
10,3.852,7.74366,0,7.74366,0,8.27429,0,8.3527,0,y1
10,3.9276444354265,7.79503,0,7.79503,0,8.22889,0,8.3118,0,y1
10,3.976,7.82492,0,7.82492,0,8.19952,0,8.28524,0,y1
10,4,7.83891,0,7.83891,0,8.18486,0,8.27195,0,y1
10,4.01672441735386,7.84834,0,7.84834,0,8.17461,0,8.26265,0,y1
10,4.1,7.89141,0,7.89141,0,8.12324,0,8.21592,0,y1
10,4.10782475609066,7.89512,0,7.89512,0,8.11839,0,8.2115,0,y1
10,4.20099127384688,7.93525,0,7.93525,0,8.06036,0,8.15851,0,y1
10,4.224,7.944,0,7.944,0,8.04597,0,8.14534,0,y1
10,4.29627083209198,7.9686,0,7.9686,0,8.00064,0,8.10379,0,y1
10,4.348,7.98363,0,7.98363,0,7.96811,0,8.07392,0,y1
10,4.39371135512554,7.99521,0,7.99521,0,7.93933,0,8.04746,0,y1
10,4.472,8.01147,0,8.01147,0,7.89,0,8.00203,0,y1
10,4.49336185418252,8.01515,0,8.01515,0,7.87654,0,7.98961,0,y1
10,4.5,8.01623,0,8.01623,0,7.87236,0,7.98576,0,y1
10,4.59527245208525,8.02844,0,8.02844,0,7.81237,0,7.93034,0,y1
10,4.596,8.02851,0,8.02851,0,7.81192,0,7.92992,0,y1
10,4.69949440845452,8.03509,0,8.03509,0,7.74693,0,7.86974,0,y1
10,4.72,8.03562,0,8.03562,0,7.73409,0,7.85782,0,y1
10,4.80608014549245,8.03528,0,8.03528,0,7.68032,0,7.80787,0,y1
10,4.844,8.03393,0,8.03393,0,7.65672,0,7.78591,0,y1
10,4.91508327435011,8.02958,0,8.02958,0,7.61266,0,7.74484,0,y1
10,4.968,8.02489,0,8.02489,0,7.58002,0,7.71436,0,y1
10,5,8.02147,0,8.02147,0,7.56036,0,7.69597,0,y1
10,5.02655862209325,8.01832,0,8.01832,0,7.54408,0,7.68074,0,y1
10,5.092,8.00938,0,8.00938,0,7.50417,0,7.64332,0,y1
10,5.14056225927948,8.00172,0,8.00172,0,7.47473,0,7.61567,0,y1
10,5.216,7.98828,0,7.98828,0,7.42935,0,7.57293,0,y1
10,5.25715152816103,7.98023,0,7.98023,0,7.40478,0,7.54974,0,y1
10,5.34,7.96264,0,7.96264,0,7.35577,0,7.50333,0,y1
10,5.37638507152711,7.95438,0,7.95438,0,7.33444,0,7.48308,0,y1
10,5.464,7.93321,0,7.93321,0,7.28362,0,7.43467,0,y1
10,5.4983228622004,7.92445,0,7.92445,0,7.26392,0,7.41585,0,y1
10,5.5,7.92402,0,7.92402,0,7.26296,0,7.41493,0,y1
10,5.588,7.90045,0,7.90045,0,7.21304,0,7.36708,0,y1
10,5.62302623320257,7.89069,0,7.89069,0,7.19342,0,7.3482,0,y1
10,5.712,7.86505,0,7.86505,0,7.14426,0,7.30071,0,y1
10,5.75055790860392,7.85357,0,7.85357,0,7.12329,0,7.28034,0,y1
10,5.836,7.82745,0,7.82745,0,7.07754,0,7.2357,0,y1
10,5.88098203507275,7.81335,0,7.81335,0,7.05387,0,7.21248,0,y1
10,5.96,7.78807,0,7.78807,0,7.01298,0,7.1722,0,y1
10,6,7.77505,0,7.77505,0,6.9926,0,7.15206,0,y1
10,6.01436421414021,7.77033,0,7.77033,0,6.98534,0,7.14487,0,y1
10,6.084,7.74724,0,7.74724,0,6.95059,0,7.11034,0,y1
10,6.15077153519701,7.72475,0,7.72475,0,6.91804,0,7.07778,0,y1
10,6.208,7.70523,0,7.70523,0,6.8908,0,7.0503,0,y1
10,6.29027260923839,7.67683,0,7.67683,0,6.85274,0,7.01152,0,y1
10,6.332,7.66223,0,7.66223,0,6.83391,0,6.9922,0,y1
10,6.43293760337457,7.62619,0,7.62619,0,6.78947,0,6.94644,0,y1
10,6.456,7.61775,0,7.61775,0,6.77949,0,6.93619,0,y1
10,6.5,7.60136,0,7.60136,0,6.76071,0,6.91683,0,y1
10,6.57883827612378,7.57103,0,7.57103,0,6.72794,0,6.88287,0,y1
10,6.58,7.57057,0,7.57057,0,6.72747,0,6.88238,0,y1
10,6.704,7.52026,0,7.52026,0,6.67913,0,6.83091,0,y1
10,6.72804801350584,7.51014,0,7.51014,0,6.67024,0,6.8212,0,y1
10,6.828,7.46673,0,7.46673,0,6.63449,0,6.78187,0,y1
10,6.8806418659543,7.44301,0,7.44301,0,6.61614,0,6.76181,0,y1
10,6.952,7.40988,0,7.40988,0,6.59199,0,6.73536,0,y1
10,7,7.38696,0,7.38696,0,6.5764,0,6.71805,0,y1
10,7.03669658606576,7.3691,0,7.3691,0,6.56495,0,6.70508,0,y1
10,7.076,7.34963,0,7.34963,0,6.55308,0,6.69146,0,y1
10,7.19629066720539,7.28787,0,7.28787,0,6.51876,0,6.65141,0,y1
10,7.2,7.28591,0,7.28591,0,6.51773,0,6.65022,0,y1
10,7.324,7.21873,0,7.21873,0,6.48483,0,6.61168,0,y1
10,7.35950438298795,7.19885,0,7.19885,0,6.47596,0,6.60115,0,y1
10,7.448,7.14802,0,7.14802,0,6.45511,0,6.57589,0,y1
10,7.5,7.11732,0,7.11732,0,6.44366,0,6.56169,0,y1
10,7.52641982765439,7.10148,0,7.10148,0,6.43808,0,6.55467,0,y1
10,7.572,7.07376,0,7.07376,0,6.42883,0,6.54284,0,y1
10,7.696,6.99592,0,6.99592,0,6.40563,0,6.51256,0,y1
10,7.69712095736404,6.9952,0,6.9952,0,6.40543,0,6.5123,0,y1
10,7.82,6.9145,0,6.9145,0,6.3845,0,6.48501,0,y1
10,7.87169363242347,6.8795,0,6.8795,0,6.37656,0,6.47431,0,y1
10,7.944,6.8295,0,6.8295,0,6.36662,0,6.46008,0,y1
10,8,6.78995,0,6.78995,0,6.35958,0,6.4496,0,y1
10,8.05022566047296,6.75386,0,6.75386,0,6.35358,0,6.44055,0,y1
10,8.068,6.74096,0,6.74096,0,6.35147,0,6.43741,0,y1
10,8.192,6.64895,0,6.64895,0,6.33672,0,6.41627,0,y1
10,8.23280684065258,6.61792,0,6.61792,0,6.33152,0,6.40946,0,y1
10,8.316,6.55351,0,6.55351,0,6.32011,0,6.39546,0,y1
10,8.41952900876989,6.47131,0,6.47131,0,6.30488,0,6.37729,0,y1
10,8.44,6.4548,0,6.4548,0,6.30173,0,6.37352,0,y1
10,8.5,6.40592,0,6.40592,0,6.29215,0,6.36194,0,y1
10,8.564,6.35304,0,6.35304,0,6.28135,0,6.34859,0,y1
10,8.61048608349212,6.31418,0,6.31418,0,6.27318,0,6.33843,0,y1
10,8.688,6.24865,0,6.24865,0,6.25901,0,6.32102,0,y1
10,8.8057741135859,6.14752,0,6.14752,0,6.23602,0,6.29527,0,y1
10,8.812,6.14213,0,6.14213,0,6.23476,0,6.29393,0,y1
10,8.936,6.03388,0,6.03388,0,6.20834,0,6.26664,0,y1
10,9,5.97749,0,5.97749,0,6.19389,0,6.25092,0,y1
10,9.00549132622851,5.97264,0,5.97264,0,6.19263,0,6.24947,0,y1
10,9.06,5.92439,0,5.92439,0,6.17993,0,6.23477,0,y1
10,9.184,5.81429,0,5.81429,0,6.14964,0,6.2012,0,y1
10,9.20973817641476,5.79141,0,5.79141,0,6.1431,0,6.19449,0,y1
10,9.308,5.7042,0,5.7042,0,6.11723,0,6.16837,0,y1
10,9.41861739748448,5.60647,0,5.60647,0,6.08668,0,6.13567,0,y1
10,9.432,5.59468,0,5.59468,0,6.0829,0,6.13155,0,y1
10,9.5,5.53506,0,5.53506,0,6.06333,0,6.11068,0,y1
10,9.556,5.48628,0,5.48628,0,6.04671,0,6.09377,0,y1
10,9.63223405279597,5.42041,0,5.42041,0,6.02344,0,6.07064,0,y1
10,9.68,5.37951,0,5.37951,0,6.00856,0,6.05582,0,y1
10,9.804,5.27483,0,5.27483,0,5.96946,0,6.01521,0,y1
10,9.85069558857141,5.23602,0,5.23602,0,5.95459,0,5.99918,0,y1
10,9.928,5.17256,0,5.17256,0,5.9291,0,5.97325,0,y1
10,10,5.11429,0,5.11429,0,5.9047,0,5.94915,0,y1
10,10.052,5.07287,0,5.07287,0,5.88742,0,5.9309,0,y1
10,10.0741118879408,5.05543,0,5.05543,0,5.88002,0,5.92297,0,y1
10,10.176,4.97674,0,4.97674,0,5.84273,0,5.88604,0,y1
10,10.3,4.88228,0,4.88228,0,5.79658,0,5.84162,0,y1
10,10.3025953262118,4.88031,0,4.88031,0,5.7956,0,5.84068,0,y1
10,10.424,4.7899,0,4.7899,0,5.74866,0,5.79504,0,y1
10,10.5,4.73474,0,4.73474,0,5.71862,0,5.7654,0,y1
10,10.5362608273925,4.70881,0,4.70881,0,5.70435,0,5.75126,0,y1
10,10.548,4.70048,0,4.70048,0,5.6997,0,5.74669,0,y1
10,10.672,4.61413,0,4.61413,0,5.64903,0,5.69809,0,y1
10,10.7752259219974,4.54469,0,4.54469,0,5.60664,0,5.65664,0,y1
10,10.796,4.53097,0,4.53097,0,5.59825,0,5.64873,0,y1
10,10.92,4.45095,0,4.45095,0,5.54872,0,5.59945,0,y1
10,11,4.40091,0,4.40091,0,5.51417,0,5.56774,0,y1
10,11.0196108061629,4.38882,0,4.38882,0,5.5058,0,5.55958,0,y1
10,11.044,4.37388,0,4.37388,0,5.4954,0,5.54926,0,y1
10,11.168,4.29949,0,4.29949,0,5.44136,0,5.49741,0,y1
10,11.2695384021044,4.24064,0,4.24064,0,5.39702,0,5.45506,0,y1
10,11.292,4.22785,0,4.22785,0,5.38714,0,5.44587,0,y1
10,11.416,4.15847,0,4.15847,0,5.33246,0,5.39398,0,y1
10,11.5,4.11292,0,4.11292,0,5.29512,0,5.35855,0,y1
10,11.5251344199451,4.09952,0,4.09952,0,5.28389,0,5.34794,0,y1
10,11.54,4.09163,0,4.09163,0,5.27724,0,5.34166,0,y1
10,11.664,4.02627,0,4.02627,0,5.22178,0,5.28897,0,y1
10,11.7865274209456,3.96344,0,3.96344,0,5.1666,0,5.23674,0,y1
10,11.788,3.96271,0,3.96271,0,5.16593,0,5.23611,0,y1
10,11.912,3.90269,0,3.90269,0,5.10997,0,5.18301,0,y1
10,12,3.86079,0,3.86079,0,5.07014,0,5.14526,0,y1
10,12.036,3.84379,0,3.84379,0,5.05395,0,5.12979,0,y1
10,12.053848882169,3.83539,0,3.83539,0,5.04587,0,5.12212,0,y1
10,12.16,3.78577,0,3.78577,0,4.99773,0,5.07638,0,y1
10,12.284,3.72924,0,3.72924,0,4.94086,0,5.02278,0,y1
10,12.3272332626118,3.70993,0,3.70993,0,4.9207,0,5.00409,0,y1
10,12.408,3.6744,0,3.6744,0,4.88433,0,4.9692,0,y1
10,12.5,3.63474,0,3.63474,0,4.8429,0,4.92946,0,y1
10,12.532,3.62113,0,3.62113,0,4.82765,0,4.91562,0,y1
10,12.6068180708351,3.58945,0,3.58945,0,4.7934,0,4.8832,0,y1
10,12.656,3.56852,0,3.56852,0,4.77092,0,4.86188,0,y1
10,12.78,3.51596,0,3.51596,0,4.7135,0,4.80819,0,y1
10,12.8927439341291,3.46995,0,3.46995,0,4.66313,0,4.75941,0,y1
10,12.904,3.46535,0,3.46535,0,4.65796,0,4.75454,0,y1
10,13,3.42624,0,3.42624,0,4.61339,0,4.71274,0,y1
10,13.028,3.41491,0,3.41491,0,4.60031,0,4.70049,0,y1
10,13.152,3.36521,0,3.36521,0,4.54276,0,4.64617,0,y1
10,13.1851546692474,3.35202,0,3.35202,0,4.52709,0,4.63165,0,y1
10,13.276,3.31606,0,3.31606,0,4.4851,0,4.59196,0,y1
10,13.4,3.26737,0,3.26737,0,4.42794,0,4.53839,0,y1
10,13.4841973547441,3.23457,0,3.23457,0,4.39005,0,4.50233,0,y1
10,13.5,3.22842,0,3.22842,0,4.38298,0,4.4955,0,y1
10,13.524,3.21908,0,3.21908,0,4.37186,0,4.48506,0,y1
10,13.648,3.1708,0,3.1708,0,4.31264,0,4.4305,0,y1
10,13.772,3.12309,0,3.12309,0,4.25582,0,4.37692,0,y1
10,13.7900224049526,3.1163,0,3.1163,0,4.24738,0,4.36913,0,y1
10,13.896,3.07715,0,3.07715,0,4.19876,0,4.32306,0,y1
10,14,3.03706,0,3.03706,0,4.1516,0,4.27742,0,y1
10,14.02,3.02913,0,3.02913,0,4.14237,0,4.26869,0,y1
10,14.102783645642,2.99753,1,2.99753,1,4.10329,0,4.23304,0,y1
10,14.144,2.9823,1,2.9823,1,4.08387,0,4.21542,0,y1
10,14.268,2.93567,1,2.93567,1,4.02596,0,4.16053,0,y1
10,14.392,2.8883,1,2.8883,1,3.96816,0,4.10633,0,y1
10,14.4226383913894,2.87688,1,2.87688,1,3.95365,0,4.0928,0,y1
10,14.5,2.84779,1,2.84779,1,3.91741,0,4.05856,0,y1
10,14.516,2.84172,1,2.84172,1,3.91017,0,4.05162,0,y1
10,14.64,2.79541,1,2.79541,1,3.85203,0,3.9976,0,y1
10,14.7497475247064,2.75426,1,2.75426,1,3.80077,0,3.94861,0,y1
10,14.764,2.74891,1,2.74891,1,3.79408,0,3.94226,0,y1
10,14.888,2.70247,1,2.70247,1,3.73597,0,3.8877,0,y1
10,15,2.66052,1,2.66052,1,3.68346,0,3.83896,0,y1
10,15.012,2.65602,1,2.65602,1,3.67782,0,3.83363,0,y1
10,15.0842755769615,2.62894,1,2.62894,1,3.64386,0,3.80149,0,y1
10,15.136,2.60959,1,2.60959,1,3.61948,0,3.77903,0,y1
10,15.26,2.56322,1,2.56322,1,3.56115,0,3.72435,0,y1
10,15.384,2.51689,1,2.51689,1,3.50269,0,3.66952,0,y1
10,15.4263908111368,2.50105,1,2.50105,1,3.48269,0,3.65088,0,y1
10,15.5,2.47351,1,2.47351,1,3.44795,0,3.61825,0,y1
10,15.508,2.47052,1,2.47052,1,3.44417,0,3.6147,0,y1
10,15.632,2.42392,1,2.42392,1,3.38559,0,3.55961,0,y1
10,15.756,2.37716,1,2.37716,1,3.32684,0,3.50464,0,y1
10,15.7762653064616,2.36952,1,2.36952,1,3.31724,0,3.49578,0,y1
10,15.88,2.33043,1,2.33043,1,3.26823,0,3.44949,0,y1
10,16,2.28527,1,2.28527,1,3.21145,0,3.39622,0,y1
10,16.004,2.28376,1,2.28376,1,3.20955,0,3.3944,0,y1
10,16.128,2.23713,1,2.23713,1,3.15068,0,3.33872,0,y1
10,16.1340750449667,2.23485,1,2.23485,1,3.14778,0,3.33605,0,y1
10,16.252,2.19036,1,2.19036,1,3.0913,0,3.28366,0,y1
10,16.376,2.14318,1,2.14318,1,3.03211,0,3.22832,0,y1
10,16.5,2.09644,1,2.09644,1,2.97277,1,3.17274,0,y1
11,1,0,1,0,1,0,1,0,1,y1
11,1.02216887738619,0,1,0,1,0,1,0,1,y1
11,1.04482921389695,0,1,0,1,0,1,0,1,y1
11,1.06799190462934,0,1,0,1,0,1,0,1,y1
11,1.09166808621252,0,1,0,1,0,1,0,1,y1
11,1.11586914216219,0,1,0,1,0,1,0,1,y1
11,1.116,0,1,0,1,0,1,0,1,y1
11,1.14060670835382,0,1,0,1,0,1,0,1,y1
11,1.16589267861718,0,1,0,1,0,1,0,1,y1
11,1.19173921045491,0,1,0,1,0,1,0,1,y1
11,1.2181587308878,0,1,0,1,0,1,0,1,y1
11,1.232,0,1,0,1,0,1,0,1,y1
11,1.24516394242977,0,1,0,1,0,1,0,1,y1
11,1.27276782919521,0,1,0,1,0,1,0,1,y1
11,1.30098366314173,0,1,0,1,0,1,0,1,y1
11,1.32982501045136,0,1,0,1,0,1,0,1,y1
11,1.348,0,1,0,1,0,1,0,1,y1
11,1.35930573805314,0,1,0,1,0,1,0,1,y1
11,1.38944002029039,0,1,0,1,0,1,0,1,y1
11,1.42024234573568,0,1,0,1,0,1,0,1,y1
11,1.45172752415698,0,1,0,1,0,1,0,1,y1
11,1.464,0,1,0,1,0,1,0,1,y1
11,1.48391069363817,0,1,0,1,0,1,0,1,y1
11,1.5,0,1,0,1,0,1,0,1,y1
11,1.5168073278575,0,1,0,1,0,1,0,1,y1
11,1.55043324352725,0,1,0,1,0,1,0,1,y1
11,1.58,0,1,0,1,0,1,0,1,y1
11,1.58480460799848,0,1,0,1,0,1,0,1,y1
11,1.61993794703428,0,1,0,1,0,1,0,1,y1
11,1.65585015275532,0,1,0,1,0,1,0,1,y1
11,1.69255849176166,0,1,0,1,0,1,0,1,y1
11,1.696,0,1,0,1,0,1,0,1,y1
11,1.73008061343449,0,1,0,1,0,1,0,1,y1
11,1.76843455842195,0,1,0,1,0,1,0,1,y1
11,1.80763876731311,0,1,0,1,0.23137,1,0,1,y1
11,1.812,0,1,0,1,0.639638,1,0,1,y1
11,1.8477120895042,0,1,0,1,2.52674,1,1.41602,1,y1
11,1.88867379226141,0,1,0,1,3.60983,0,3.01793,0,y1
11,1.928,0,1,0,1,4.28196,0,3.86779,0,y1
11,1.93054356998457,0,1,0,1,4.31826,0,3.91193,0,y1
11,1.97334155367626,0.45725,1,0.45725,1,4.84199,0,4.53264,0,y1
11,2,1.06927,1,1.06927,1,5.10553,0,4.83421,0,y1
11,2.01708832062079,1.39679,1,1.39679,1,5.25595,0,5.00384,0,y1
11,2.044,1.84712,1,1.84712,1,5.46922,0,5.2416,0,y1
11,2.06180490427776,2.11039,1,2.11039,1,5.59694,0,5.38263,0,y1
11,2.10751280439494,2.69138,1,2.69138,1,5.88586,0,5.69837,0,y1
11,2.1542339973454,3.18003,0,3.18003,0,6.13582,0,5.96812,0,y1
11,2.16,3.2346,0,3.2346,0,6.16408,0,5.99843,0,y1
11,2.20199094669372,3.60142,0,3.60142,0,6.35542,0,6.20287,0,y1
11,2.25080661399648,3.97116,0,3.97116,0,6.5505,0,6.41013,0,y1
11,2.276,4.14245,0,4.14245,0,6.64159,0,6.50659,0,y1
11,2.30070446984221,4.30004,0,4.30004,0,6.72548,0,6.5952,0,y1
11,2.351708505136,4.59643,0,4.59643,0,6.88414,0,6.76195,0,y1
11,2.392,4.80687,0,4.80687,0,6.9976,0,6.88045,0,y1
11,2.40384324263443,4.86529,0,4.86529,0,7.02917,0,6.91334,0,y1
11,2.45713374873602,5.11097,0,5.11097,0,7.16216,0,7.05162,0,y1
11,2.5,5.29048,0,5.29048,0,7.25948,0,7.15263,0,y1
11,2.508,5.32241,0,5.32241,0,7.2768,0,7.17058,0,y1
11,2.51160564553323,5.33664,0,5.33664,0,7.28453,0,7.17858,0,y1
11,2.56728512313153,5.54481,0,5.54481,0,7.39766,0,7.2956,0,y1
11,2.624,5.73697,0,5.73697,0,7.50191,0,7.40344,0,y1
11,2.62419895224163,5.73761,0,5.73761,0,7.50226,0,7.4038,0,y1
11,2.68237449705085,5.91724,0,5.91724,0,7.59898,0,7.50411,0,y1
11,2.74,6.08065,0,6.08065,0,7.68622,0,7.59453,0,y1
11,2.74183972837982,6.08566,0,6.08566,0,7.68887,0,7.59728,0,y1
11,2.80262323713087,6.24411,0,6.24411,0,7.77214,0,7.68389,0,y1
11,2.856,6.37302,0,6.37302,0,7.83889,0,7.75352,0,y1
11,2.86475424803452,6.39331,0,6.39331,0,7.84932,0,7.7644,0,y1
11,2.92826263370077,6.53393,0,6.53393,0,7.92068,0,7.83919,0,y1
11,2.972,6.62448,0,6.62448,0,7.96569,0,7.88667,0,y1
11,2.99317892898186,6.66663,0,6.66663,0,7.98639,0,7.90857,0,y1
11,3,6.67998,0,6.67998,0,7.99291,0,7.91547,0,y1
11,3.05953434565339,6.79201,0,6.79201,0,8.04674,0,7.9728,0,y1
11,3.088,6.84289,0,6.84289,0,8.0706,0,7.99844,0,y1
11,3.12736078742103,6.91058,0,6.91058,0,8.10175,0,8.0321,0,y1
11,3.19669086525975,7.02273,0,7.02273,0,8.15173,0,8.08659,0,y1
11,3.204,7.03406,0,7.03406,0,8.15664,0,8.09199,0,y1
11,3.26755791309326,7.1288,0,7.1288,0,8.19672,0,8.13635,0,y1
11,3.32,7.20213,0,7.20213,0,8.22634,0,8.16954,0,y1
11,3.33999600382091,7.229,0,7.229,0,8.23682,0,8.18143,0,y1
11,3.41403996569999,7.32351,0,7.32351,0,8.2721,0,8.22198,0,y1
11,3.436,7.35009,0,7.35009,0,8.28154,0,8.233,0,y1
11,3.48972539909116,7.41244,0,7.41244,0,8.30275,0,8.25819,0,y1
11,3.5,7.42394,0,7.42394,0,8.30652,0,8.26274,0,y1
11,3.552,7.48014,0,7.48014,0,8.32421,0,8.28459,0,y1
11,3.5670886935751,7.49583,0,7.49583,0,8.32893,0,8.29058,0,y1
11,3.64616704544864,7.57366,0,7.57366,0,8.3508,0,8.31946,0,y1
11,3.668,7.59388,0,7.59388,0,8.35605,0,8.32671,0,y1
11,3.72699847560877,7.64587,0,7.64587,0,8.36861,0,8.34474,0,y1
11,3.784,7.6925,0,7.6925,0,8.37868,0,8.36001,0,y1
11,3.80962184783307,7.71234,0,7.71234,0,8.3826,0,8.36617,0,y1
11,3.89407688746544,7.77294,0,7.77294,0,8.39305,0,8.3835,0,y1
11,3.9,7.77692,0,7.77692,0,8.39366,0,8.38455,0,y1
11,3.98040420051607,7.82753,0,7.82753,0,8.40026,0,8.397,0,y1
11,4,7.83891,0,7.83891,0,8.40146,0,8.39956,0,y1
11,4.016,7.84794,0,7.84794,0,8.40233,0,8.40151,0,y1
11,4.0686452931848,7.87595,0,7.87595,0,8.40451,0,8.40715,0,y1
11,4.132,7.90627,0,7.90627,0,8.40589,0,8.41239,0,y1
11,4.15884259181733,7.91803,0,7.91803,0,8.40609,0,8.41414,0,y1
11,4.248,7.95266,0,7.95266,0,8.40534,0,8.41816,0,y1
11,4.25103946330381,7.95372,0,7.95372,0,8.40528,0,8.41825,0,y1
11,4.34528023592966,7.98289,0,7.98289,0,8.40235,0,8.41976,0,y1
11,4.364,7.98786,0,7.98786,0,8.40156,0,8.41977,0,y1
11,4.44161022068863,8.00568,0,8.00568,0,8.39756,0,8.41895,0,y1
11,4.48,8.01288,0,8.01288,0,8.39522,0,8.41806,0,y1
11,4.5,8.01623,0,8.01623,0,8.39392,0,8.41748,0,y1
11,4.54007573306834,8.02211,0,8.02211,0,8.39114,0,8.4161,0,y1
11,4.596,8.02851,0,8.02851,0,8.38692,0,8.41371,0,y1
11,4.64072411531876,8.03217,0,8.03217,0,8.38329,0,8.41145,0,y1
11,4.712,8.03544,0,8.03544,0,8.37709,0,8.40729,0,y1
11,4.74360375921441,8.03593,0,8.03593,0,8.3742,0,8.40524,0,y1
11,4.828,8.03458,0,8.03458,0,8.3661,0,8.39923,0,y1
11,4.84876412932112,8.03371,0,8.03371,0,8.36403,0,8.39764,0,y1
11,4.944,8.02717,0,8.02717,0,8.35407,0,8.38968,0,y1
11,4.95625578677862,8.02603,0,8.02603,0,8.35272,0,8.38857,0,y1
11,5,8.02147,0,8.02147,0,8.3478,0,8.38443,0,y1
11,5.06,8.01396,0,8.01396,0,8.34067,0,8.37835,0,y1
11,5.06613041361032,8.01311,0,8.01311,0,8.33991,0,8.3777,0,y1
11,5.176,7.99563,0,7.99563,0,8.32552,0,8.36519,0,y1
11,5.17844083757211,7.99519,0,7.99519,0,8.32518,0,8.36489,0,y1
11,5.292,7.97305,0,7.97305,0,8.30867,0,8.35021,0,y1
11,5.2932410575519,7.97278,0,7.97278,0,8.30848,0,8.35004,0,y1
11,5.408,7.94695,0,7.94695,0,8.29002,0,8.33343,0,y1
11,5.41058626953234,7.94633,0,7.94633,0,8.28958,0,8.33303,0,y1
11,5.5,7.92402,0,7.92402,0,8.27392,0,8.31882,0,y1
11,5.524,7.91774,0,7.91774,0,8.26953,0,8.31482,0,y1
11,5.53053289312902,7.91601,0,7.91601,0,8.26832,0,8.31372,0,y1
11,5.64,7.8859,0,7.8859,0,8.2471,0,8.29435,0,y1
11,5.65313859871711,7.88215,0,7.88215,0,8.24444,0,8.29191,0,y1
11,5.756,7.85194,0,7.85194,0,8.22265,0,8.27195,0,y1
11,5.77846233515922,7.84514,0,7.84514,0,8.21766,0,8.26738,0,y1
11,5.872,7.81618,0,7.81618,0,8.19602,0,8.24752,0,y1
11,5.9065643581481,7.80524,0,7.80524,0,8.18765,0,8.23983,0,y1
11,5.988,7.77897,0,7.77897,0,8.16708,0,8.22095,0,y1
11,6,7.77505,0,7.77505,0,8.16395,0,8.21808,0,y1
11,6.03750625917755,7.7627,0,7.7627,0,8.15399,0,8.20893,0,y1
11,6.104,7.74054,0,7.74054,0,8.13566,0,8.19211,0,y1
11,6.17135099515563,7.71776,0,7.71776,0,8.11621,0,8.17426,0,y1
11,6.22,7.70111,0,7.70111,0,8.10157,0,8.16084,0,y1
11,6.3081629186744,7.67059,0,7.67059,0,8.07375,0,8.13534,0,y1
11,6.336,7.66082,0,7.66082,0,8.0646,0,8.12696,0,y1
11,6.44800780895062,7.62069,0,7.62069,0,8.02596,0,8.09161,0,y1
11,6.452,7.61923,0,7.61923,0,8.02452,0,8.0903,0,y1
11,6.5,7.60137,0,7.60137,0,8.00697,0,8.07426,0,y1
11,6.568,7.57527,0,7.57527,0,7.98109,0,8.05063,0,y1
11,6.59095290345246,7.56625,0,7.56625,0,7.97208,0,8.04241,0,y1
11,6.684,7.52859,0,7.52859,0,7.93404,0,8.00774,0,y1
11,6.73706693022727,7.50631,0,7.50631,0,7.91123,0,7.98697,0,y1
11,6.8,7.47911,0,7.47911,0,7.88307,0,7.96137,0,y1
11,6.88642014094606,7.44037,0,7.44037,0,7.84237,0,7.92441,0,y1
11,6.916,7.42673,0,7.42673,0,7.82788,0,7.91126,0,y1
11,7,7.38697,0,7.38697,0,7.78507,0,7.87246,0,y1
11,7.032,7.37141,0,7.37141,0,7.76811,0,7.85711,0,y1
11,7.03908434468051,7.36793,0,7.36793,0,7.7643,0,7.85366,0,y1
11,7.148,7.31306,0,7.31306,0,7.7034,0,7.7986,0,y1
11,7.1951329424288,7.28848,0,7.28848,0,7.6756,0,7.77352,0,y1
11,7.264,7.25168,0,7.25168,0,7.63335,0,7.73542,0,y1
11,7.35464096240686,7.20159,0,7.20159,0,7.5746,0,7.68254,0,y1
11,7.38,7.18724,0,7.18724,0,7.55751,0,7.66718,0,y1
11,7.496,7.1197,0,7.1197,0,7.47545,0,7.59349,0,y1
11,7.5,7.11732,0,7.11732,0,7.4725,0,7.59085,0,y1
11,7.51768509612194,7.10673,0,7.10673,0,7.45937,0,7.57908,0,y1
11,7.612,7.04904,0,7.04904,0,7.38665,0,7.51395,0,y1
11,7.68434373524588,7.00339,0,7.00339,0,7.32764,0,7.46117,0,y1
11,7.728,6.97526,0,6.97526,0,7.29061,0,7.4281,0,y1
11,7.844,6.89832,0,6.89832,0,7.18686,0,7.33546,0,y1
11,7.85469700930591,6.89107,0,6.89107,0,7.17688,0,7.32656,0,y1
11,7.96,6.81828,0,6.81828,0,7.07486,0,7.23559,0,y1
11,8,6.78995,0,6.78995,0,7.03425,0,7.19938,0,y1
11,8.02882682421091,6.76931,0,6.76931,0,7.0043,0,7.17271,0,y1
11,8.076,6.73513,0,6.73513,0,6.95406,0,7.12799,0,y1
11,8.192,6.64896,0,6.64896,0,6.8238,0,7.01218,0,y1
11,8.20681690163182,6.63773,0,6.63773,0,6.80644,0,6.99678,0,y1
11,8.308,6.55978,0,6.55978,0,6.6833,0,6.8878,0,y1
11,8.38875281925503,6.49599,0,6.49599,0,6.57912,0,6.79594,0,y1
11,8.424,6.46772,0,6.46772,0,6.53194,0,6.75442,0,y1
11,8.5,6.40593,0,6.40593,0,6.42667,0,6.66181,0,y1
11,8.54,6.37297,0,6.37297,0,6.36934,0,6.61134,0,y1
11,8.57472205192818,6.34412,0,6.34412,0,6.31853,0,6.56652,0,y1
11,8.656,6.27582,0,6.27582,0,6.19597,0,6.45747,0,y1
11,8.76481401371806,6.1829,0,6.1829,0,6.02379,0,6.30221,0,y1
11,8.772,6.17671,0,6.17671,0,6.01203,0,6.29159,0,y1
11,8.888,6.07597,0,6.07597,0,5.8152,0,6.11403,0,y1
11,8.95912010090097,6.01354,0,6.01354,0,5.68871,0,5.99961,0,y1
11,9,5.9775,0,5.9775,0,5.61427,0,5.93198,0,y1
11,9.004,5.97396,0,5.97396,0,5.60693,0,5.92529,0,y1
11,9.12,5.87116,0,5.87116,0,5.39034,0,5.72576,0,y1
11,9.15773373590602,5.83765,0,5.83765,0,5.31875,0,5.65852,0,y1
11,9.236,5.7681,0,5.7681,0,5.16896,0,5.51603,0,y1
11,9.352,5.66525,0,5.66525,0,4.94484,0,5.30154,0,y1
11,9.36075041223273,5.65752,0,5.65752,0,4.92785,0,5.28524,0,y1
11,9.468,5.56308,0,5.56308,0,4.72212,0,5.0827,0,y1
11,9.5,5.53508,0,5.53508,0,4.66229,0,5.02173,0,y1
11,9.56826774036427,5.47565,0,5.47565,0,4.53794,0,4.89258,0,y1
11,9.584,5.46203,0,5.46203,0,4.50993,0,4.86312,0,y1
11,9.7,5.3625,0,5.3625,0,4.31345,0,4.65241,0,y1
11,9.78038549469867,5.29462,0,5.29462,0,4.18964,0,4.51391,0,y1
11,9.816,5.26486,0,5.26486,0,4.1378,0,4.45505,0,y1
11,9.932,5.16936,0,5.16936,0,3.98202,0,4.27601,0,y1
11,9.99720566152035,5.11658,0,5.11658,0,3.9042,0,4.18254,0,y1
11,10,5.11434,0,5.11434,0,3.90101,0,4.17867,0,y1
11,10.048,5.07609,0,5.07609,0,3.84736,0,4.11386,0,y1
11,10.164,4.98593,0,4.98593,0,3.72716,0,3.97144,0,y1
11,10.2188324880352,4.94423,0,4.94423,0,3.6753,0,3.91034,0,y1
11,10.28,4.89757,0,4.89757,0,3.62024,0,3.84582,0,y1
11,10.396,4.81062,0,4.81062,0,3.52202,0,3.73302,0,y1
11,10.4453725324925,4.77442,0,4.77442,0,3.48318,0,3.68962,0,y1
11,10.5,4.73487,0,4.73487,0,3.44263,0,3.64357,0,y1
11,10.512,4.72626,0,4.72626,0,3.43401,0,3.63379,0,y1
11,10.628,4.64452,0,4.64452,0,3.35353,0,3.54546,0,y1
11,10.6769347154184,4.61087,0,4.61087,0,3.32146,0,3.50969,0,y1
11,10.744,4.56558,0,4.56558,0,3.27925,0,3.46324,0,y1
11,10.86,4.48937,0,4.48937,0,3.21049,0,3.38766,0,y1
11,10.9136303719849,4.45505,0,4.45505,0,3.1803,0,3.35519,0,y1
11,10.976,4.41585,0,4.41585,0,3.14628,0,3.31775,0,y1
11,11,4.40096,0,4.40096,0,3.13349,0,3.30391,0,y1
11,11.092,4.34477,0,4.34477,0,3.08593,0,3.25362,0,y1
11,11.1555733055397,4.30686,0,4.30686,0,3.05424,0,3.22045,0,y1
11,11.208,4.27613,0,4.27613,0,3.02875,0,3.19429,0,y1
11,11.324,4.20974,0,4.20974,0,2.97372,1,3.13733,0,y1
11,11.4028798423229,4.16571,0,4.16571,0,2.93756,1,3.10079,0,y1
11,11.44,4.14536,0,4.14536,0,2.92076,1,3.08281,0,y1
11,11.5,4.11296,0,4.11296,0,2.894,1,3.05629,0,y1
11,11.556,4.08316,0,4.08316,0,2.87004,1,3.0312,0,y1
11,11.6556688873968,4.03058,0,4.03058,0,2.82801,1,2.98871,1,y1
11,11.672,4.02205,0,4.02205,0,2.82109,1,2.98169,1,y1
11,11.788,3.96293,0,3.96293,0,2.77252,1,2.93337,1,y1
11,11.904,3.90564,0,3.90564,0,2.72508,1,2.886,1,y1
11,11.9140619818156,3.90069,0,3.90069,0,2.72099,1,2.88195,1,y1
11,12,3.85896,0,3.85896,0,2.6862,1,2.84759,1,y1
11,12.02,3.84946,0,3.84946,0,2.67815,1,2.83964,1,y1
11,12.136,3.79604,0,3.79604,0,2.63155,1,2.79397,1,y1
11,12.178183361062,3.77696,0,3.77696,0,2.61457,1,2.77751,1,y1
11,12.252,3.74365,0,3.74365,0,2.58523,1,2.74885,1,y1
11,12.368,3.69159,0,3.69159,0,2.53981,1,2.70354,1,y1
11,12.4481600147799,3.65601,0,3.65601,0,2.50782,1,2.67333,1,y1
11,12.484,3.64034,0,3.64034,0,2.49361,1,2.65994,1,y1
11,12.5,3.63339,0,3.63339,0,2.48719,1,2.65389,1,y1
11,12.6,3.59057,0,3.59057,0,2.44717,1,2.61572,1,y1
11,12.716,3.54206,0,3.54206,0,2.40158,1,2.5717,1,y1
11,12.7241217478313,3.53872,0,3.53872,0,2.39842,1,2.56856,1,y1
11,12.832,3.49494,0,3.49494,0,2.35588,1,2.52733,1,y1
11,12.948,3.44752,0,3.44752,0,2.31037,1,2.48326,1,y1
11,13,3.42604,0,3.42604,0,2.28962,1,2.46348,1,y1
11,13.006201242706,3.42349,0,3.42349,0,2.28715,1,2.46113,1,y1
11,13.064,3.39975,0,3.39975,0,2.26456,1,2.43915,1,y1
11,13.18,3.35317,0,3.35317,0,2.21854,1,2.39508,1,y1
11,13.2945341233157,3.30864,0,3.30864,0,2.17283,1,2.35152,1,y1
11,13.296,3.30806,0,3.30806,0,2.17225,1,2.35096,1,y1
11,13.412,3.26228,0,3.26228,0,2.12584,1,2.30637,1,y1
11,13.5,3.22808,0,3.22808,0,2.09102,1,2.27287,1,y1
11,13.528,3.21726,0,3.21726,0,2.07957,1,2.26186,1,y1
11,13.589259020202,3.19359,0,3.19359,0,2.05497,1,2.23796,1,y1
11,13.644,3.17249,0,3.17249,0,2.03288,1,2.21716,1,y1
11,13.76,3.12796,0,3.12796,0,1.9861,1,2.17229,1,y1
11,13.876,3.08326,0,3.08326,0,1.9393,1,2.12761,1,y1
11,13.8905176371901,3.07766,0,3.07766,0,1.93342,1,2.122,1,y1
11,13.992,3.03871,0,3.03871,0,1.8923,1,2.08264,1,y1
11,14,3.03564,0,3.03564,0,1.88906,1,2.07953,1,y1
11,14.108,2.99463,1,2.99463,1,1.84518,1,2.03748,1,y1
11,14.1984548195197,2.96126,1,2.96126,1,1.80786,1,2.00223,1,y1
11,14.224,2.95158,1,2.95158,1,1.79736,1,1.99225,1,y1
11,14.34,2.90779,1,2.90779,1,1.75003,1,1.94697,1,y1
11,14.456,2.86478,1,2.86478,1,1.70233,1,1.90134,1,y1
11,14.5,2.84795,1,2.84795,1,1.68426,1,1.88397,1,y1
11,14.513218623487,2.84287,1,2.84287,1,1.67884,1,1.87875,1,y1
11,14.572,2.82045,1,2.82045,1,1.65467,1,1.85555,1,y1
11,14.688,2.77761,1,2.77761,1,1.60657,1,1.80976,1,y1
11,14.804,2.73374,1,2.73374,1,1.55837,1,1.76374,1,y1
11,14.8349603876301,2.72178,1,2.72178,1,1.54564,1,1.75142,1,y1
11,14.92,2.68932,1,2.68932,1,1.51034,1,1.71754,1,y1
11,15,2.65959,1,2.65959,1,1.4769,1,1.68548,1,y1
11,15.036,2.64615,1,2.64615,1,1.46191,1,1.67099,1,y1
11,15.152,2.60329,1,2.60329,1,1.41326,1,1.62436,1,y1
11,15.1638348054925,2.59892,1,2.59892,1,1.4083,1,1.61964,1,y1
11,15.268,2.5599,1,2.5599,1,1.36459,1,1.57817,1,y1
11,15.384,2.51617,1,2.51617,1,1.31581,1,1.53155,1,y1
11,15.5,2.47322,1,2.47322,1,1.26676,1,1.48489,1,y1
12,1,0,1,0,1,0,1,0,1,y1
12,1.02339238252884,0,1,0,1,0,1,0,1,y1
12,1.04733196861806,0,1,0,1,0,1,0,1,y1
12,1.07183155866266,0,1,0,1,0,1,0,1,y1
12,1.09690425248939,0,1,0,1,0,1,0,1,y1
12,1.12256345636113,0,1,0,1,0,1,0,1,y1
12,1.136,0,1,0,1,0,1,0,1,y1
12,1.14882289014523,0,1,0,1,0,1,0,1,y1
12,1.1756965946494,0,1,0,1,0,1,0,1,y1
12,1.2031989391293,0,1,0,1,0,1,0,1,y1
12,1.23134462897171,0,1,0,1,0,1,0,1,y1
12,1.26014871355746,0,1,0,1,0,1,0,1,y1
12,1.272,0,1,0,1,0,1,0,1,y1
12,1.28962659430822,0,1,0,1,0,1,0,1,y1
12,1.31979403292165,0,1,0,1,0,1,0,1,y1
12,1.35066715979904,0,1,0,1,0,1,0,1,y1
12,1.3822624826702,0,1,0,1,0,1,0,1,y1
12,1.408,0,1,0,1,0,1,0,1,y1
12,1.41459689542009,0,1,0,1,0,1,0,1,y1
12,1.44768768712188,0,1,0,1,0,1,0,1,y1
12,1.48155255128133,0,1,0,1,0,1,0,1,y1
12,1.5,0,1,0,1,0,1,0,1,y1
12,1.51620959529748,0,1,0,1,0,1,0,1,y1
12,1.544,0,1,0,1,0,1,0,1,y1
12,1.55167735014459,0,1,0,1,0,1,0,1,y1
12,1.58797478028051,0,1,0,1,0,1,0,1,y1
12,1.62512129378699,0,1,0,1,0,1,0,1,y1
12,1.66313675274702,0,1,0,1,0,1,0,1,y1
12,1.68,0,1,0,1,0,1,0,1,y1
12,1.70204148386506,0,1,0,1,0,1,0,1,y1
12,1.74185628933559,0,1,0,1,0,1,0,1,y1
12,1.782602457966,0,1,0,1,0,1,0,1,y1
12,1.816,0,1,0,1,0,1,0,1,y1
12,1.8243017765596,0,1,0,1,0,1,0,1,y1
12,1.86697654156493,0,1,0,1,0,1,0,1,y1
12,1.9106495709976,0,1,0,1,0,1,0,1,y1
12,1.952,0,1,0,1,0,1,0,1,y1
12,1.95534421664094,0,1,0,1,0,1,0,1,y1
12,2,1.06928,1,1.06928,1,0,1,0,1,y1
12,2.00108437653217,1.09123,1,1.09123,1,0,1,0,1,y1
12,2.0478945077405,1.90682,1,1.90682,1,0,1,0,1,y1
12,2.088,2.45804,1,2.45804,1,0,1,0,1,y1
12,2.09579963944429,2.5537,1,2.5537,1,0,1,0,1,y1
12,2.14482538631398,3.08853,0,3.08853,0,0,1,0,1,y1
12,2.19499796220821,3.54376,0,3.54376,0,0,1,0,1,y1
12,2.224,3.77494,0,3.77494,0,0,1,0,1,y1
12,2.24634419419022,3.93957,0,3.93957,0,0,1,0,1,y1
12,2.29889153687216,4.28879,0,4.28879,0,0,1,0,1,y1
12,2.352668087095,4.60167,0,4.60167,0,0,1,0,1,y1
12,2.36,4.64129,0,4.64129,0,0,1,0,1,y1
12,2.40770259895173,4.88402,0,4.88402,0,0,1,0,1,y1
12,2.4640244991621,5.14086,0,5.14086,0,0,1,0,1,y1
12,2.496,5.27434,0,5.27434,0,0,1,0,1,y1
12,2.5,5.29048,0,5.29048,0,0,1,0,1,y1
12,2.52166390280694,5.37582,0,5.37582,0,0,1,0,1,y1
12,2.58065162943057,5.59183,0,5.59183,0,0,1,0,1,y1
12,2.632,5.76265,0,5.76265,0,0,1,0,1,y1
12,2.6410192195199,5.79122,0,5.79122,0,0,1,0,1,y1
12,2.70279895136894,5.97671,0,5.97671,0,0,1,0,1,y1
12,2.76602385833792,6.15027,0,6.15027,0,0,1,0,1,y1
12,2.768,6.15545,0,6.15545,0,0,1,0,1,y1
12,2.83072774651606,6.31312,0,6.31312,0,0,1,0,1,y1
12,2.89694521279758,6.46601,0,6.46601,0,0,1,0,1,y1
12,2.904,6.48154,0,6.48154,0,0,1,0,1,y1
12,2.96471166338044,6.60973,0,6.60973,0,0,1,0,1,y1
12,3,6.67998,0,6.67998,0,0,1,0,1,y1
12,3.03406333269796,6.74504,0,6.74504,0,0,1,0,1,y1
12,3.04,6.75611,0,6.75611,0,0,1,0,1,y1
12,3.10503730279317,6.87256,0,6.87256,0,0,1,0,1,y1
12,3.176,6.99016,0,6.99016,0,0,1,0,1,y1
12,3.17767152314644,6.99282,0,6.99282,0,0,1,0,1,y1
12,3.25200483096689,7.10622,0,7.10622,0,0,1,0,1,y1
12,3.312,7.19121,0,7.19121,0,0,1,0,1,y1
12,3.32807697195852,7.21305,0,7.21305,0,0,1,0,1,y1
12,3.40592862157201,7.31353,0,7.31353,0,0,1,0,1,y1
12,3.448,7.36434,0,7.36434,0,0,1,0,1,y1
12,3.48560140675375,7.40779,0,7.40779,0,0,1,0,1,y1
12,3.5,7.42394,0,7.42394,0,0,1,0,1,y1
12,3.56713792820361,7.49588,0,7.49588,0,0,1,0,1,y1
12,3.584,7.51309,0,7.51309,0,0,1,0,1,y1
12,3.6505817831533,7.57779,0,7.57779,0,0,1,0,1,y1
12,3.72,7.6399,0,7.6399,0,0,1,0,1,y1
12,3.73597758867765,7.65344,0,7.65344,0,0,1,0,1,y1
12,3.82337100555118,7.7227,0,7.7227,0,0,1,0,1,y1
12,3.856,7.74652,0,7.74652,0,0,1,0,1,y1
12,3.91280876266273,7.78541,0,7.78541,0,0,1,0,1,y1
12,3.992,7.83431,0,7.83431,0,0,1,0,1,y1
12,4,7.83891,0,7.83891,0,0,1,0,1,y1
12,4.00433868200114,7.84138,0,7.84138,0,0,1,0,1,y1
12,4.09800970422556,7.89045,0,7.89045,0,0,1,0,1,y1
12,4.128,7.90446,0,7.90446,0,0,1,0,1,y1
12,4.19387191483372,7.93245,0,7.93245,0,0,1,0,1,y1
12,4.264,7.95815,0,7.95815,0,0.106282,1,0,1,y1
12,4.29197657094248,7.96726,0,7.96726,0,0.996003,1,0,1,y1
12,4.3923761286948,7.99489,0,7.99489,0,2.77081,1,1.89404,1,y1
12,4.4,7.99668,0,7.99668,0,2.86227,1,2.02973,1,y1
12,4.49512427130779,8.01544,0,8.01544,0,3.76015,0,3.26157,0,y1
12,4.5,8.01623,0,8.01623,0,3.79715,0,3.30922,0,y1
12,4.536,8.02156,0,8.02156,0,4.05086,0,3.63087,0,y1
12,4.60027593777691,8.02892,0,8.02892,0,4.43478,0,4.10259,0,y1
12,4.672,8.03398,0,8.03398,0,4.78627,0,4.5213,0,y1
12,4.70788735225163,8.03533,0,8.03533,0,4.93905,0,4.69994,0,y1
12,4.808,8.03523,0,8.03523,0,5.30323,0,5.11972,0,y1
12,4.8180160540982,8.03493,0,8.03493,0,5.33545,0,5.15645,0,y1
12,4.93072092866578,8.02832,0,8.02832,0,5.65637,0,5.51947,0,y1
12,4.944,8.02717,0,8.02717,0,5.68977,0,5.557,0,y1
12,5,8.02147,0,8.02147,0,5.82182,0,5.70513,0,y1
12,5.0460622387721,8.01583,0,8.01583,0,5.92066,0,5.81584,0,y1
12,5.08,8.01114,0,8.01114,0,5.98833,0,5.89161,0,y1
12,5.16410165692581,7.99772,0,7.99772,0,6.13889,0,6.06051,0,y1
12,5.216,7.98828,0,7.98828,0,6.22063,0,6.15263,0,y1
12,5.28490229830245,7.97453,0,7.97453,0,6.31715,0,6.26214,0,y1
12,5.352,7.95995,0,7.95995,0,6.39887,0,6.35589,0,y1
12,5.40852875449191,7.94682,0,7.94682,0,6.45893,0,6.42571,0,y1
12,5.488,7.92711,0,7.92711,0,6.53066,0,6.51069,0,y1
12,5.5,7.92402,0,7.92402,0,6.54025,0,6.52224,0,y1
12,5.53504712803523,7.91481,0,7.91481,0,6.56651,0,6.55411,0,y1
12,5.624,7.89042,0,7.89042,0,6.62192,0,6.62333,0,y1
12,5.66452506776941,7.87888,0,7.87888,0,6.64212,0,6.64957,0,y1
12,5.76,7.85073,0,7.85073,0,6.67829,0,6.69934,0,y1
12,5.7970318049989,7.83948,0,7.83948,0,6.6883,0,6.71437,0,y1
12,5.896,7.80859,0,7.80859,0,6.70515,0,6.74385,0,y1
12,5.9326381905133,7.79689,0,7.79689,0,6.70802,0,6.75111,0,y1
12,6,7.77504,0,7.77504,0,6.70903,0,6.75978,0,y1
12,6.032,7.76452,0,7.76452,0,6.70769,0,6.76192,0,y1
12,6.07141673247102,7.75144,0,7.75144,0,6.70457,0,6.76291,0,y1
12,6.168,7.7189,0,7.7189,0,6.69056,0,6.75834,0,y1
12,6.213441635169,7.70336,0,7.70336,0,6.68116,0,6.75306,0,y1
12,6.304,7.67204,0,7.67204,0,6.65768,0,6.73724,0,y1
12,6.35878883871952,7.65277,0,7.65277,0,6.64071,0,6.72462,0,y1
12,6.44,7.62361,0,7.62361,0,6.61216,0,6.70216,0,y1
12,6.5,7.60136,0,7.60136,0,6.58871,0,6.68296,0,y1
12,6.50753605965499,7.59851,0,7.59851,0,6.58563,0,6.6804,0,y1
12,6.576,7.57214,0,7.57214,0,6.55641,0,6.65578,0,y1
12,6.65976283248268,7.53857,0,7.53857,0,6.51777,0,6.62253,0,y1
12,6.712,7.51691,0,7.51691,0,6.4922,0,6.60022,0,y1
12,6.81555055221149,7.47225,0,7.47225,0,6.43848,0,6.55273,0,y1
12,6.848,7.45779,0,7.45779,0,6.42087,0,6.53702,0,y1
12,6.97498251787349,7.39897,0,7.39897,0,6.34868,0,6.47217,0,y1
12,6.984,7.39466,0,7.39466,0,6.34336,0,6.46737,0,y1
12,7,7.38696,0,7.38696,0,6.33387,0,6.45879,0,y1
12,7.12,7.32742,0,7.32742,0,6.2604,0,6.3921,0,y1
12,7.13814397706359,7.31813,0,7.31813,0,6.24894,0,6.38167,0,y1
12,7.256,7.25601,0,7.25601,0,6.17249,0,6.31187,0,y1
12,7.30512217152102,7.22919,0,7.22919,0,6.1396,0,6.28176,0,y1
12,7.392,7.18039,0,7.18039,0,6.08002,0,6.22712,0,y1
12,7.47600638377717,7.13156,0,7.13156,0,6.02079,0,6.17268,0,y1
12,7.5,7.11732,0,7.11732,0,6.0036,0,6.15685,0,y1
12,7.528,7.10052,0,7.10052,0,5.98337,0,6.13822,0,y1
12,7.65088798489457,7.02465,0,7.02465,0,5.89248,0,6.05451,0,y1
12,7.664,7.01635,0,7.01635,0,5.88258,0,6.0454,0,y1
12,7.8,6.92787,0,6.92787,0,5.7781,0,5.94887,0,y1
12,7.82986048332255,6.90787,0,6.90787,0,5.7547,0,5.9272,0,y1
12,7.936,6.83509,0,6.83509,0,5.66992,0,5.8488,0,y1
12,8,6.78995,0,6.78995,0,5.61789,0,5.80052,0,y1
12,8.01301957489591,6.78065,0,6.78065,0,5.60721,0,5.79062,0,y1
12,8.072,6.73804,0,6.73804,0,5.55843,0,5.74535,0,y1
12,8.20046319400299,6.64254,0,6.64254,0,5.45015,0,5.6447,0,y1
12,8.208,6.63683,0,6.63683,0,5.44371,0,5.63871,0,y1
12,8.344,6.5315,0,6.5315,0,5.32607,0,5.52901,0,y1
12,8.39229156595081,6.49315,0,6.49315,0,5.28368,0,5.48938,0,y1
12,8.48,6.42229,0,6.42229,0,5.20592,0,5.41655,0,y1
12,8.5,6.40592,0,6.40592,0,5.18806,0,5.39979,0,y1
12,8.58860726055512,6.33251,0,6.33251,0,5.10843,0,5.32485,0,y1
12,8.616,6.30955,0,6.30955,0,5.08366,0,5.30148,0,y1
12,8.752,6.19391,0,6.19391,0,4.95981,0,5.18432,0,y1
12,8.78951524698403,6.16158,0,6.16158,0,4.92545,0,5.15166,0,y1
12,8.888,6.07596,0,6.07596,0,4.835,0,5.0652,0,y1
12,8.99512294988458,5.98179,0,5.98179,0,4.7365,0,4.97064,0,y1
12,9,5.97748,0,5.97748,0,4.73202,0,4.96632,0,y1
12,9.024,5.95627,0,5.95627,0,4.70999,0,4.945,0,y1
12,9.16,5.83562,0,5.83562,0,4.58562,0,4.824,0,y1
12,9.20554030682226,5.79514,0,5.79514,0,4.5443,0,4.78351,0,y1
12,9.296,5.71484,0,5.71484,0,4.46291,0,4.7032,0,y1
12,9.42087982706414,5.60446,0,5.60446,0,4.35253,0,4.59298,0,y1
12,9.432,5.59467,0,5.59467,0,4.34282,0,4.58322,0,y1
12,9.5,5.53504,0,5.53504,0,4.28404,0,4.52385,0,y1
12,9.568,5.47584,0,5.47584,0,4.22655,0,4.46504,0,y1
12,9.64125665173709,5.41265,0,5.41265,0,4.16571,0,4.40244,0,y1
12,9.704,5.35904,0,5.35904,0,4.11459,0,4.34956,0,y1
12,9.84,5.24485,0,5.24485,0,4.00831,0,4.23777,0,y1
12,9.86678861539328,5.2227,0,5.2227,0,3.98813,0,4.21625,0,y1
12,9.976,5.13357,0,5.13357,0,3.90823,0,4.13051,0,y1
12,10,5.11426,0,5.11426,0,3.89127,0,4.11212,0,y1
12,10.0975963090158,5.03701,0,5.03701,0,3.82454,0,4.03911,0,y1
12,10.112,5.02581,0,5.02581,0,3.81496,0,4.02859,0,y1
12,10.248,4.92178,0,4.92178,0,3.72885,0,3.93261,0,y1
12,10.3338031444981,4.85672,0,4.85672,0,3.678,0,3.87535,0,y1
12,10.384,4.81929,0,4.81929,0,3.64951,0,3.84302,0,y1
12,10.5,4.73467,0,4.73467,0,3.58744,0,3.77191,0,y1
12,10.52,4.72033,0,4.72033,0,3.5772,0,3.76022,0,y1
12,10.575535420632,4.68097,0,4.68097,0,3.5495,0,3.72843,0,y1
12,10.656,4.62502,0,4.62502,0,3.51134,0,3.68387,0,y1
12,10.792,4.53355,0,4.53355,0,3.45174,0,3.614,0,y1
12,10.8229223906388,4.51328,0,4.51328,0,3.43899,0,3.59895,0,y1
12,10.928,4.44585,0,4.44585,0,3.39781,0,3.55028,0,y1
12,11,4.40088,0,4.40088,0,3.37138,0,3.51897,0,y1
12,11.064,4.36168,0,4.36168,0,3.34904,0,3.49248,0,y1
12,11.0760963312806,4.35434,0,4.35434,0,3.34493,0,3.48761,0,y1
12,11.2,4.28074,0,4.28074,0,3.30495,0,3.44019,0,y1
12,11.3351926135882,4.20346,0,4.20346,0,3.26531,0,3.39313,0,y1
12,11.336,4.20301,0,4.20301,0,3.26509,0,3.39286,0,y1
12,11.472,4.12794,0,4.12794,0,3.22896,0,3.35005,0,y1
12,11.5,4.11289,0,4.11289,0,3.22194,0,3.34176,0,y1
12,11.6003497752434,4.05981,0,4.05981,0,3.19793,0,3.31338,0,y1
12,11.608,4.05579,0,4.05579,0,3.19616,0,3.3113,0,y1
12,11.744,3.98465,0,3.98465,0,3.16629,0,3.2762,0,y1
12,11.8717095946543,3.92167,0,3.92167,0,3.14048,0,3.2461,0,y1
12,11.88,3.91771,0,3.91771,0,3.13887,0,3.24424,0,y1
12,12,3.86093,0,3.86093,0,3.11644,0,3.21839,0,y1
12,12.016,3.85343,0,3.85343,0,3.11356,0,3.2151,0,y1
12,12.1494171667638,3.79195,0,3.79195,0,3.09046,0,3.18887,0,y1
12,12.152,3.79079,0,3.79079,0,3.09003,0,3.18838,0,y1
12,12.288,3.72996,0,3.72996,0,3.06808,0,3.16372,0,y1
12,12.424,3.66829,0,3.66829,0,3.04735,0,3.14093,0,y1
12,12.4336209806312,3.66405,0,3.66405,0,3.04592,0,3.13938,0,y1
12,12.5,3.63497,0,3.63497,0,3.03622,0,3.1288,0,y1
12,12.56,3.60866,0,3.60866,0,3.02776,0,3.11954,0,y1
12,12.696,3.55098,0,3.55098,0,3.0097,0,3.09955,0,y1
12,12.7244729988288,3.53932,0,3.53932,0,3.00599,0,3.0955,0,y1
12,12.832,3.49467,0,3.49467,0,2.99169,1,3.08047,0,y1
12,12.968,3.43887,0,3.43887,0,2.97317,1,3.06235,0,y1
12,13,3.42624,0,3.42624,0,2.96895,1,3.05822,0,y1
12,13.0221287386953,3.41756,0,3.41756,0,2.96608,1,3.05538,0,y1
12,13.104,3.38487,0,3.38487,0,2.95576,1,3.04488,0,y1
12,13.24,3.32956,0,3.32956,0,2.93882,1,3.02806,0,y1
12,13.3267473554907,3.29544,0,3.29544,0,2.92812,1,3.01801,0,y1
12,13.376,3.27628,0,3.27628,0,2.9222,1,3.01227,0,y1
12,13.5,3.22821,0,3.22821,0,2.90801,1,2.99744,1,y1
12,13.512,3.22353,0,3.22353,0,2.9067,1,2.99601,1,y1
12,13.6384917274956,3.17444,0,3.17444,0,2.89265,1,2.98112,1,y1
12,13.648,3.17084,0,3.17084,0,2.89146,1,2.97997,1,y1
12,13.784,3.11887,0,3.11887,0,2.87346,1,2.96265,1,y1
12,13.92,3.06699,0,3.06699,0,2.85699,1,2.94681,1,y1
12,13.9575285431017,3.05269,0,3.05269,0,2.85249,1,2.94282,1,y1
12,14,3.03659,0,3.03659,0,2.8473,1,2.93829,1,y1
12,14.056,3.0154,0,3.0154,0,2.84033,1,2.93212,1,y1
12,14.192,2.96425,1,2.96425,1,2.82345,1,2.91674,1,y1
12,14.2840283899392,2.92914,1,2.92914,1,2.81204,1,2.90626,1,y1
12,14.328,2.9126,1,2.9126,1,2.80657,1,2.90129,1,y1
12,14.464,2.86154,1,2.86154,1,2.78952,1,2.88526,1,y1
12,14.5,2.84773,1,2.84773,1,2.78498,1,2.88058,1,y1
12,14.6,2.81048,1,2.81048,1,2.77231,1,2.86787,1,y1
12,14.6181658460895,2.80371,1,2.80371,1,2.77,1,2.86565,1,y1
12,14.736,2.75949,1,2.75949,1,2.75494,1,2.85197,1,y1
12,14.872,2.7086,1,2.7086,1,2.73739,1,2.83622,1,y1
12,14.9601195734313,2.67541,1,2.67541,1,2.72593,1,2.8251,1,y1
12,15,2.66024,1,2.66024,1,2.72072,1,2.8201,1,y1
12,15.008,2.65729,1,2.65729,1,2.71967,1,2.81909,1,y1
12,15.144,2.6068,1,2.6068,1,2.70177,1,2.80178,1,y1
12,15.28,2.55562,1,2.55562,1,2.68369,1,2.78468,1,y1
12,15.3100724131702,2.54432,1,2.54432,1,2.67966,1,2.78117,1,y1
12,15.416,2.50457,1,2.50457,1,2.66543,1,2.76834,1,y1
12,15.5,2.47314,1,2.47314,1,2.65408,1,2.75732,1,y1
12,15.552,2.45367,1,2.45367,1,2.64701,1,2.75042,1,y1
12,15.6682114836034,2.41005,1,2.41005,1,2.63111,1,2.7356,1,y1
12,15.688,2.40262,1,2.40262,1,2.62839,1,2.73318,1,y1
12,15.824,2.35155,1,2.35155,1,2.60956,1,2.71694,1,y1
12,15.96,2.30049,1,2.30049,1,2.59053,1,2.69838,1,y1
12,16,2.28543,1,2.28543,1,2.58489,1,2.69283,1,y1
12,16.0347282801707,2.27229,1,2.27229,1,2.57999,1,2.68819,1,y1
12,16.096,2.24899,1,2.24899,1,2.57131,1,2.6805,1,y1
12,16.232,2.19743,1,2.19743,1,2.55192,1,2.66312,1,y1
12,16.368,2.14639,1,2.14639,1,2.53237,1,2.64401,1,y1
12,16.4098187778465,2.1306,1,2.1306,1,2.52634,1,2.63837,1,y1
12,16.5,2.09653,1,2.09653,1,2.51328,1,2.62633,1,y1
12,16.504,2.09502,1,2.09502,1,2.5127,1,2.62578,1,y1
12,16.64,2.04315,1,2.04315,1,2.49291,1,2.60649,1,y1
12,16.776,1.9915,1,1.9915,1,2.47301,1,2.58844,1,y1
12,16.7936835359269,1.98479,1,1.98479,1,2.47041,1,2.58596,1,y1
12,16.912,1.93969,1,1.93969,1,2.45293,1,2.56955,1,y1
12,17,1.90607,1,1.90607,1,2.43985,1,2.55717,1,y1
12,17.048,1.88788,1,1.88788,1,2.43269,1,2.55043,1,y1
12,17.184,1.83574,1,1.83574,1,2.41229,1,2.53125,1,y1
12,17.1865278052676,1.83477,1,1.83477,1,2.41191,1,2.53089,1,y1
12,17.32,1.78346,1,1.78346,1,2.39176,1,2.51195,1,y1
12,17.456,1.73145,1,1.73145,1,2.37109,1,2.49242,1,y1
12,17.5,1.71458,1,1.71458,1,2.36437,1,2.48612,1,y1
12,17.588561638031,1.68037,1,1.68037,1,2.3508,1,2.47335,1,y1
12,17.592,1.67904,1,1.67904,1,2.35027,1,2.47287,1,y1
12,17.728,1.62631,1,1.62631,1,2.32934,1,2.45313,1,y1
12,17.864,1.57398,1,1.57398,1,2.30832,1,2.43305,1,y1
12,18,1.52151,1,1.52151,1,2.28721,1,2.41308,1,y1
13,1,0,1,0,1,1.89002,1,1.91866,1,y1
13,1.02361672632689,0,1,0,1,1.98226,1,2.01073,1,y1
13,1.04779120241618,0,1,0,1,2.07499,1,2.10331,1,y1
13,1.07253660049137,0,1,0,1,2.16847,1,2.19663,1,y1
13,1.09786640386075,0,1,0,1,2.2628,1,2.29081,1,y1
13,1.12379441426421,0,1,0,1,2.35796,1,2.38578,1,y1
13,1.14,0,1,0,1,2.41675,1,2.44443,1,y1
13,1.15033475939358,0,1,0,1,2.45397,1,2.48155,1,y1
13,1.17750190059049,0,1,0,1,2.55078,1,2.57811,1,y1
13,1.20531064072613,0,1,0,1,2.64828,1,2.67539,1,y1
13,1.23377613226705,0,1,0,1,2.74642,1,2.77332,1,y1
13,1.26291388553145,0,1,0,1,2.84525,1,2.87192,1,y1
13,1.28,0,1,0,1,2.90244,1,2.92899,1,y1
13,1.29273977714047,0,1,0,1,2.94472,1,2.97119,1,y1
13,1.32327005866909,0,1,0,1,3.04477,0,3.07107,0,y1
13,1.35452136550124,0,1,0,1,3.14542,0,3.17153,0,y1
13,1.38651072589421,0,1,0,1,3.24665,0,3.27252,0,y1
13,1.41925557025695,0,1,0,1,3.34845,0,3.3741,0,y1
13,1.42,0,1,0,1,3.35074,0,3.37639,0,y1
13,1.45277374064763,0,1,0,1,3.45078,0,3.47625,0,y1
13,1.4870835004954,0,1,0,1,3.55361,0,3.57882,0,y1
13,1.5,0,1,0,1,3.59184,0,3.61693,0,y1
13,1.52220354455183,0,1,0,1,3.65695,0,3.68189,0,y1
13,1.55815300907734,0,1,0,1,3.76075,0,3.7855,0,y1
13,1.56,0,1,0,1,3.76603,0,3.79077,0,y1
13,1.59495148226814,0,1,0,1,3.86498,0,3.88945,0,y1
13,1.63261901492953,0,1,0,1,3.96963,0,3.99381,0,y1
13,1.6711761314012,0,1,0,1,4.07466,0,4.09861,0,y1
13,1.7,0,1,0,1,4.15183,0,4.17561,0,y1
13,1.71064384074053,0,1,0,1,4.18004,0,4.20375,0,y1
13,1.75104364817009,0,1,0,1,4.28576,0,4.30914,0,y1
13,1.79239756679536,0,1,0,1,4.39178,0,4.41493,0,y1
13,1.83472812959935,0,1,0,1,4.49805,0,4.52096,0,y1
13,1.84,0,1,0,1,4.51113,0,4.534,0,y1
13,1.87805840172035,0,1,0,1,4.60457,0,4.62713,0,y1
13,1.92241199301969,0,1,0,1,4.71131,0,4.73372,0,y1
13,1.96781307094637,0.303475,1,0.303475,1,4.81826,0,4.84027,0,y1
13,1.98,0.626514,1,0.626514,1,4.84658,0,4.86848,0,y1
13,2,1.06927,1,1.06927,1,4.8927,0,4.91447,0,y1
13,2.01428637370539,1.3456,1,1.3456,1,4.92537,0,4.94707,0,y1
13,2.06185722373718,2.11113,1,2.11113,1,5.03255,0,5.05404,0,y1
13,2.1105515415153,2.726,1,2.726,1,5.13978,0,5.16102,0,y1
13,2.12,2.83091,1,2.83091,1,5.16032,0,5.1815,0,y1
13,2.16039585967007,3.2383,0,3.2383,0,5.24719,0,5.26814,0,y1
13,2.21141733744564,3.67717,0,3.67717,0,5.35456,0,5.37518,0,y1
13,2.26,4.03501,0,4.03501,0,5.45436,0,5.47479,0,y1
13,2.26364377549864,4.05988,0,4.05988,0,5.46176,0,5.48218,0,y1
13,2.31710363104616,4.39957,0,4.39957,0,5.56908,0,5.58915,0,y1
13,2.37182603337162,4.70388,0,4.70388,0,5.67633,0,5.69598,0,y1
13,2.4,4.84648,0,4.84648,0,5.73044,0,5.74998,0,y1
13,2.42784079969675,4.9793,0,4.9793,0,5.78323,0,5.80269,0,y1
13,2.48517845142845,5.23007,0,5.23007,0,5.88996,0,5.90916,0,y1
13,2.5,5.29048,0,5.29048,0,5.91712,0,5.93624,0,y1
13,2.54,5.4454,0,5.4454,0,5.98957,0,6.00848,0,y1
13,2.54387023078932,5.45979,0,5.45979,0,5.99651,0,6.0154,0,y1
13,2.603948117841,5.67116,0,5.67116,0,6.1027,0,6.1213,0,y1
13,2.66544484790947,5.86659,0,5.86659,0,6.20835,0,6.22683,0,y1
13,2.68,5.91021,0,5.91021,0,6.23298,0,6.25139,0,y1
13,2.72839392942197,6.0488,0,6.0488,0,6.31396,0,6.33189,0,y1
13,2.79282966216508,6.21945,0,6.21945,0,6.41868,0,6.43635,0,y1
13,2.82,6.28708,0,6.28708,0,6.46176,0,6.47951,0,y1
13,2.85878715597406,6.3795,0,6.3795,0,6.5226,0,6.54022,0,y1
13,2.92630234986353,6.52976,0,6.52976,0,6.62647,0,6.64325,0,y1
13,2.96,6.60012,0,6.60012,0,6.67685,0,6.69344,0,y1
13,2.99541203160999,6.67101,0,6.67101,0,6.72883,0,6.7453,0,y1
13,3,6.67998,0,6.67998,0,6.7355,0,6.75195,0,y1
13,3.0661538577968,6.80399,0,6.80399,0,6.83019,0,6.84615,0,y1
13,3.1,6.86385,0,6.86385,0,6.87754,0,6.8931,0,y1
13,3.13856637433253,6.9293,0,6.9293,0,6.93053,0,6.94556,0,y1
13,3.21268903745392,7.0474,0,7.0474,0,7.02872,0,7.0432,0,y1
13,3.24,7.08853,0,7.08853,0,7.06362,0,7.0781,0,y1
13,3.28856223522488,7.15868,0,7.15868,0,7.12404,0,7.13872,0,y1
13,3.36622730954313,7.26337,0,7.26337,0,7.21693,0,7.23162,0,y1
13,3.38,7.28102,0,7.28102,0,7.23292,0,7.24757,0,y1
13,3.44572657866672,7.36166,0,7.36166,0,7.30669,0,7.32141,0,y1
13,3.5,7.42394,0,7.42394,0,7.36468,0,7.37939,0,y1
13,3.52,7.44595,0,7.44595,0,7.38544,0,7.40006,0,y1
13,3.52710336027238,7.45365,0,7.45365,0,7.39273,0,7.4073,0,y1
13,3.61040199505859,7.53936,0,7.53936,0,7.47441,0,7.48857,0,y1
13,3.66,7.58654,0,7.58654,0,7.51969,0,7.53354,0,y1
13,3.69566787090595,7.61874,0,7.61874,0,7.55073,0,7.56426,0,y1
13,3.78294744760822,7.69167,0,7.69167,0,7.62078,0,7.63345,0,y1
13,3.8,7.70497,0,7.70497,0,7.63346,0,7.64595,0,y1
13,3.8722882821874,7.758,0,7.758,0,7.68349,0,7.69512,0,y1
13,3.94,7.80288,0,7.80288,0,7.72463,0,7.73537,0,y1
13,3.96373905480664,7.81755,0,7.81755,0,7.73772,0,7.74811,0,y1
13,4,7.83891,0,7.83891,0,7.75638,0,7.7662,0,y1
13,4.05734959529522,7.87016,0,7.87016,0,7.78252,0,7.79144,0,y1
13,4.08,7.88165,0,7.88165,0,7.79167,0,7.80026,0,y1
13,4.15317091029983,7.9156,0,7.9156,0,7.81682,0,7.82429,0,y1
13,4.22,7.94251,0,7.94251,0,7.83388,0,7.84029,0,y1
13,4.25125521107718,7.95379,0,7.95379,0,7.83993,0,7.84581,0,y1
13,4.35165594194296,7.98461,0,7.98461,0,7.85128,0,7.85548,0,y1
13,4.36,7.98682,0,7.98682,0,7.85169,0,7.85575,0,y1
13,4.45442780939262,8.0082,0,8.0082,0,7.85063,0,7.85317,0,y1
13,4.5,8.01623,0,8.01623,0,7.84661,0,7.84828,0,y1
13,4.55962681190993,8.02458,0,8.02458,0,7.83808,0,7.83848,0,y1
13,4.64,8.03212,0,8.03212,0,7.82107,0,7.81981,0,y1
13,4.66731027047957,8.03375,0,8.03375,0,7.81395,0,7.81221,0,y1
13,4.77753685982017,8.03583,0,8.03583,0,7.77893,0,7.7748,0,y1
13,4.78,8.0358,0,8.0358,0,7.77804,0,7.77384,0,y1
13,4.89036664035518,8.03135,0,8.03135,0,7.73382,0,7.72615,0,y1
13,4.92,8.0292,0,8.0292,0,7.72065,0,7.71215,0,y1
13,5,8.02147,0,8.02147,0,7.68253,0,7.67216,0,y1
13,5.0058610909386,8.0208,0,8.0208,0,7.67961,0,7.66907,0,y1
13,5.06,8.01396,0,8.01396,0,7.65203,0,7.63959,0,y1
13,5.12408314235373,8.00441,0,8.00441,0,7.61768,0,7.6035,0,y1
13,5.2,7.99128,0,7.99128,0,7.57505,0,7.55945,0,y1
13,5.24509721160293,7.98264,0,7.98264,0,7.54898,0,7.53233,0,y1
13,5.34,7.96265,0,7.96265,0,7.49232,0,7.47341,0,y1
13,5.36896923700729,7.95609,0,7.95609,0,7.47481,0,7.4552,0,y1
13,5.48,7.92916,0,7.92916,0,7.40614,0,7.38486,0,y1
13,5.49576671413519,7.92512,0,7.92512,0,7.39629,0,7.37479,0,y1
13,5.5,7.92402,0,7.92402,0,7.39365,0,7.37209,0,y1
13,5.62,7.89155,0,7.89155,0,7.31826,0,7.29545,0,y1
13,5.62555873257936,7.88998,0,7.88998,0,7.31474,0,7.29191,0,y1
13,5.75841601360254,7.85121,0,7.85121,0,7.23094,0,7.20756,0,y1
13,5.76,7.85073,0,7.85073,0,7.22995,0,7.20656,0,y1
13,5.89441094867218,7.8091,0,7.8091,0,7.14639,0,7.12264,0,y1
13,5.9,7.80732,0,7.80732,0,7.14292,0,7.1192,0,y1
13,6,7.77505,0,7.77505,0,7.08187,0,7.05826,0,y1
13,6.03361763890519,7.76399,0,7.76399,0,7.06163,0,7.03808,0,y1
13,6.04,7.76188,0,7.76188,0,7.0578,0,7.03426,0,y1
13,6.17611193544432,7.71613,0,7.71613,0,6.97751,0,6.95464,0,y1
13,6.18,7.71481,0,7.71481,0,6.97526,0,6.95242,0,y1
13,6.32,7.66644,0,7.66644,0,6.89605,0,6.87441,0,y1
13,6.32197148078795,7.66575,0,7.66575,0,6.89495,0,6.87334,0,y1
13,6.46,7.61628,0,7.61628,0,6.82067,0,6.80047,0,y1
13,6.47127575109613,7.61211,0,7.61211,0,6.81474,0,6.79469,0,y1
13,6.5,7.60136,0,7.60136,0,6.79974,0,6.78009,0,y1
13,6.6,7.56267,0,7.56267,0,6.74922,0,6.73076,0,y1
13,6.62410609949561,7.55304,0,7.55304,0,6.73732,0,6.7192,0,y1
13,6.74,7.50506,0,7.50506,0,6.68192,0,6.66565,0,y1
13,6.78054580040769,7.48761,0,7.48761,0,6.66327,0,6.64778,0,y1
13,6.88,7.4433,0,7.4433,0,6.61901,0,6.60578,0,y1
13,6.94068009492287,7.41521,0,7.41521,0,6.59309,0,6.58133,0,y1
13,7,7.38696,0,7.38696,0,6.56843,0,6.55819,0,y1
13,7.02,7.37727,0,7.37727,0,6.56028,0,6.55055,0,y1
13,7.10459623724716,7.33525,0,7.33525,0,6.52706,0,6.51907,0,y1
13,7.16,7.30685,0,7.30685,0,6.50611,0,6.49918,0,y1
13,7.27238354224529,7.24713,0,7.24713,0,6.46574,0,6.461,0,y1
13,7.3,7.23201,0,7.23201,0,6.45629,0,6.45209,0,y1
13,7.44,7.15269,0,7.15269,0,6.41058,0,6.41001,0,y1
13,7.44413343410668,7.15028,0,7.15028,0,6.4093,0,6.40884,0,y1
13,7.5,7.11732,0,7.11732,0,6.39252,0,6.39344,0,y1
13,7.58,7.06884,0,7.06884,0,6.36966,0,6.37237,0,y1
13,7.61993949616083,7.04409,0,7.04409,0,6.35845,0,6.36222,0,y1
13,7.72,6.98045,0,6.98045,0,6.33227,0,6.33804,0,y1
13,7.79989752186913,6.92794,0,6.92794,0,6.31327,0,6.32005,0,y1
13,7.86,6.88747,0,6.88747,0,6.29906,0,6.30757,0,y1
13,7.98410556702091,6.80125,0,6.80125,0,6.27297,0,6.28493,0,y1
13,8,6.78995,0,6.78995,0,6.26992,0,6.28225,0,y1
13,8.14,6.68796,0,6.68796,0,6.24425,0,6.26017,0,y1
13,8.17266400316225,6.66353,0,6.66353,0,6.23898,0,6.25538,0,y1
13,8.28,6.58157,0,6.58157,0,6.22287,0,6.24062,0,y1
13,8.36567557228656,6.51435,0,6.51435,0,6.21093,0,6.23039,0,y1
13,8.42,6.47094,0,6.47094,0,6.20402,0,6.22477,0,y1
13,8.5,6.40593,0,6.40593,0,6.19537,0,6.21754,0,y1
13,8.56,6.35637,0,6.35637,0,6.1896,0,6.21287,0,y1
13,8.56324544281681,6.35367,0,6.35367,0,6.18927,0,6.21263,0,y1
13,8.7,6.23844,0,6.23844,0,6.1766,0,6.20352,0,y1
13,8.76548126690981,6.18232,0,6.18232,0,6.17363,0,6.19977,0,y1
13,8.84,6.11782,0,6.11782,0,6.16803,0,6.19661,0,y1
13,8.97249323911391,6.00176,0,6.00176,0,6.16244,0,6.19403,0,y1
13,8.98,5.99514,0,5.99514,0,6.16217,0,6.19396,0,y1
13,9,5.97749,0,5.97749,0,6.16145,0,6.1938,0,y1
13,9.12,5.87116,0,5.87116,0,6.1586,0,6.19378,0,y1
13,9.18439415641194,5.81394,0,5.81394,0,6.15803,0,6.19438,0,y1
13,9.26,5.74679,0,5.74679,0,6.15784,0,6.19553,0,y1
13,9.4,5.62288,0,5.62288,0,6.15944,0,6.19965,0,y1
13,9.40129947968222,5.62173,0,5.62173,0,6.15947,0,6.1997,0,y1
13,9.5,5.53507,0,5.53507,0,6.16196,0,6.20418,0,y1
13,9.54,5.5002,0,5.5002,0,6.16328,0,6.20628,0,y1
13,9.62332739661101,5.42809,0,5.42809,0,6.16662,0,6.21113,0,y1
13,9.68,5.37953,0,5.37953,0,6.16932,0,6.21483,0,y1
13,9.82,5.26151,0,5.26151,0,6.17729,0,6.22539,0,y1
13,9.85059888609085,5.23612,0,5.23612,0,6.17928,0,6.22794,0,y1
13,9.96,5.14657,0,5.14657,0,6.18713,0,6.23769,0,y1
13,10,5.11432,0,5.11432,0,6.19029,0,6.24151,0,y1
13,10.0832377841396,5.0483,0,5.0483,0,6.1973,0,6.2499,0,y1
13,10.1,5.0352,0,5.0352,0,6.19878,0,6.25165,0,y1
13,10.24,4.92803,0,4.92803,0,6.21196,0,6.26715,0,y1
13,10.3213708513766,4.86622,0,4.86622,0,6.22029,0,6.27681,0,y1
13,10.38,4.8224,0,4.8224,0,6.22661,0,6.28404,0,y1
13,10.5,4.73481,0,4.73481,0,6.24034,0,6.2995,0,y1
13,10.52,4.72048,0,4.72048,0,6.24272,0,6.30216,0,y1
13,10.5651278420919,4.68844,0,4.68844,0,6.24819,0,6.30825,0,y1
13,10.66,4.62241,0,4.62241,0,6.26006,0,6.32143,0,y1
13,10.8,4.52839,0,4.52839,0,6.27847,0,6.34168,0,y1
13,10.8146415749472,4.51879,0,4.51879,0,6.28045,0,6.34385,0,y1
13,10.94,4.43836,0,4.43836,0,6.2979,0,6.36282,0,y1
13,11,4.40094,0,4.40094,0,6.30653,0,6.37212,0,y1
13,11.0700480053462,4.35803,0,4.35803,0,6.3168,0,6.38315,0,y1
13,11.08,4.352,0,4.352,0,6.31828,0,6.38473,0,y1
13,11.22,4.26915,0,4.26915,0,6.33942,0,6.4073,0,y1
13,11.331486299514,4.20553,0,4.20553,0,6.35605,0,6.42499,0,y1
13,11.36,4.18952,0,4.18952,0,6.3598,0,6.42936,0,y1
13,11.5,4.11295,0,4.11295,0,6.37131,0,6.44759,0,y1
13,11.5,4.11295,0,4.11295,0,6.37131,0,6.44759,0,y1
13,11.5990989103265,4.0604,0,4.0604,0,6.37025,0,6.45417,0,y1
13,11.64,4.03884,0,4.03884,0,6.36828,0,6.45486,0,y1
13,11.78,3.96698,0,3.96698,0,6.3557,0,6.44941,0,y1
13,11.8730316549302,3.92158,0,3.92158,0,6.34236,0,6.44105,0,y1
13,11.92,3.89899,0,3.89899,0,6.33418,0,6.43544,0,y1
13,12,3.86083,0,3.86083,0,6.318,0,6.42361,0,y1
13,12.06,3.83251,0,3.83251,0,6.30406,0,6.41292,0,y1
13,12.1534337941952,3.78892,0,3.78892,0,6.27931,0,6.39325,0,y1
13,12.2,3.76753,0,3.76753,0,6.26561,0,6.3821,0,y1
13,12.34,3.70457,0,3.70457,0,6.21913,0,6.34321,0,y1
13,12.4404581140447,3.66048,0,3.66048,0,6.18082,0,6.31052,0,y1
13,12.48,3.64332,0,3.64332,0,6.16468,0,6.29662,0,y1
13,12.5,3.63468,0,3.63468,0,6.15631,0,6.28937,0,y1
13,12.62,3.58308,0,3.58308,0,6.10305,0,6.2428,0,y1
13,12.7342610087053,3.5344,0,3.5344,0,6.04733,0,6.19392,0,y1
13,12.76,3.52369,0,3.52369,0,6.03426,0,6.18238,0,y1
13,12.9,3.46717,0,3.46717,0,5.9604,0,6.11565,0,y1
13,13,3.4264,0,3.4264,0,5.90366,0,6.06377,0,y1
13,13.0350025659231,3.41216,0,3.41216,0,5.88295,0,6.04486,0,y1
13,13.04,3.41013,0,3.41013,0,5.87996,0,6.04214,0,y1
13,13.18,3.35383,0,3.35383,0,5.79287,0,5.96242,0,y1
13,13.32,3.29856,0,3.29856,0,5.70075,0,5.87645,0,y1
13,13.3428466541928,3.28975,0,3.28975,0,5.68505,0,5.86211,0,y1
13,13.46,3.24421,0,3.24421,0,5.60214,0,5.78712,0,y1
13,13.5,3.22857,0,3.22857,0,5.57332,0,5.76048,0,y1
13,13.6,3.19008,0,3.19008,0,5.49944,0,5.69184,0,y1
13,13.6579610120465,3.16833,0,3.16833,0,5.45514,0,5.65114,0,y1
13,13.74,3.13661,0,3.13661,0,5.39206,0,5.5914,0,y1
13,13.88,3.08248,0,3.08248,0,5.28113,0,5.48622,0,y1
13,13.9805173394514,3.04409,0,3.04409,0,5.19854,0,5.40942,0,y1
13,14,3.03652,0,3.03652,0,5.18231,0,5.39436,0,y1
13,14.02,3.02875,0,3.02875,0,5.1656,0,5.3787,0,y1
13,14.16,2.97643,1,2.97643,1,5.04523,0,5.26501,0,y1
13,14.3,2.92346,1,2.92346,1,4.92134,0,5.14811,0,y1
13,14.3106913913656,2.91934,1,2.91934,1,4.91171,0,5.13902,0,y1
13,14.44,2.87104,1,2.87104,1,4.79408,0,5.02754,0,y1
13,14.5,2.84895,1,2.84895,1,4.73906,0,4.97497,0,y1
13,14.58,2.81893,1,2.81893,1,4.66374,0,4.9038,0,y1
13,14.648663073504,2.79292,1,2.79292,1,4.59763,0,4.84176,0,y1
13,14.72,2.766,1,2.766,1,4.52856,0,4.77652,0,y1
13,14.86,2.71392,1,2.71392,1,4.39128,0,4.64623,0,y1
13,14.9946165403658,2.66312,1,2.66312,1,4.25651,0,4.51781,0,y1
13,15,2.66111,1,2.66111,1,4.25105,0,4.51261,0,y1
13,15,2.66111,1,2.66111,1,4.25105,0,4.51261,0,y1
13,15.14,2.6086,1,2.6086,1,4.10773,0,4.37621,0,y1
13,15.28,2.55611,1,2.55611,1,3.96153,0,4.23735,0,y1
13,15.3487402955763,2.53034,1,2.53034,1,3.88875,0,4.16845,0,y1
13,15.42,2.50352,1,2.50352,1,3.81267,0,4.09614,0,y1
13,15.5,2.47313,1,2.47313,1,3.72647,0,4.0143,0,y1
13,15.56,2.45032,1,2.45032,1,3.66129,0,3.95242,0,y1
13,15.7,2.39809,1,2.39809,1,3.50813,0,3.80601,0,y1
13,15.7112272945994,2.39382,1,2.39382,1,3.4957,0,3.79421,0,y1
13,15.84,2.34533,1,2.34533,1,3.35225,0,3.65724,0,y1
13,15.98,2.29298,1,2.29298,1,3.19466,0,3.50594,0,y1
13,16,2.28544,1,2.28544,1,3.1719,0,3.48421,0,y1
13,16.0822750498756,2.25444,1,2.25444,1,3.07753,0,3.39443,0,y1
13,16.12,2.24023,1,2.24023,1,3.03404,0,3.35303,0,y1
13,16.26,2.18715,1,2.18715,1,2.87194,1,3.19794,0,y1
13,16.4,2.13412,1,2.13412,1,2.70744,1,3.04077,0,y1
13,16.4620857384423,2.11069,1,2.11069,1,2.634,1,2.97046,1,y1
13,16.5,2.09635,1,2.09635,1,2.58895,1,2.92733,1,y1
13,16.54,2.08119,1,2.08119,1,2.54128,1,2.88169,1,y1
13,16.68,2.02792,1,2.02792,1,2.37321,1,2.72106,1,y1
13,16.82,1.975,1,1.975,1,2.20332,1,2.55806,1,y1
13,16.8508663120969,1.96331,1,1.96331,1,2.16563,1,2.52201,1,y1
13,16.96,1.92137,1,1.92137,1,2.03185,1,2.39409,1,y1
13,17,1.90601,1,1.90601,1,1.98254,1,2.34689,1,y1
13,17.1,1.86794,1,1.86794,1,1.85855,1,2.22797,1,y1
13,17.24,1.81409,1,1.81409,1,1.68364,1,2.06013,1,y1
13,17.2488286101607,1.81069,1,1.81069,1,1.67257,1,2.04949,1,y1
13,17.38,1.7606,1,1.7606,1,1.50745,1,1.89099,1,y1
13,17.5,1.71483,1,1.71483,1,1.35513,1,1.74484,1,y1
13,17.52,1.70715,1,1.70715,1,1.32967,1,1.72039,1,y1
13,17.6561894749063,1.65464,1,1.65464,1,1.15511,1,1.55303,1,y1
13,17.66,1.65317,1,1.65317,1,1.15022,1,1.54833,1,y1
13,17.8,1.59904,1,1.59904,1,0.969543,1,1.37486,1,y1
13,17.94,1.54494,1,1.54494,1,0.787426,1,1.20016,1,y1
13,18,1.52176,1,1.52176,1,0.708953,1,1.12477,1,y1
13,18.0731708697109,1.4933,1,1.4933,1,0.612847,1,1.03284,1,y1
13,18.08,1.49063,1,1.49063,1,0.603842,1,1.02427,1,y1
13,18.22,1.43665,1,1.43665,1,0.418946,1,0.846877,1,y1
13,18.36,1.38207,1,1.38207,1,0.233016,1,0.668177,1,y1
13,18.5,1.32734,1,1.32734,1,0.0458925,1,0.488267,1,y1
14,1,0,1,0,1,0,1,0,1,y1
14,1.02316176962892,0,1,0,1,0,1,0,1,y1
14,1.04686000683017,0,1,0,1,0,1,0,1,y1
14,1.0711071371421,0,1,0,1,0,1,0,1,y1
14,1.09591587390047,0,1,0,1,0,1,0,1,y1
14,1.12129922490442,0,1,0,1,0,1,0,1,y1
14,1.132,0,1,0,1,0,1,0,1,y1
14,1.14727049923674,0,1,0,1,0,1,0,1,y1
14,1.17384331424211,0,1,0,1,0,1,0,1,y1
14,1.20103160266703,0,1,0,1,0,1,0,1,y1
14,1.22884961996505,0,1,0,1,0,1,0,1,y1
14,1.25731195177126,0,1,0,1,0,1,0,1,y1
14,1.264,0,1,0,1,0,1,0,1,y1
14,1.28643352154987,0,1,0,1,0,1,0,1,y1
14,1.31622959841892,0,1,0,1,0,1,0,1,y1
14,1.34671580515626,0,1,0,1,0,1,0,1,y1
14,1.37790812639091,0,1,0,1,0,1,0,1,y1
14,1.396,0,1,0,1,0,1,0,1,y1
14,1.40982291698419,0,1,0,1,0,1,0,1,y1
14,1.44247691060494,0,1,0,1,0,1,0,1,y1
14,1.4758872285034,0,1,0,1,0,1,0,1,y1
14,1.5,0,1,0,1,0,1,0,1,y1
14,1.51007138848825,0,1,0,1,0,1,0,1,y1
14,1.528,0,1,0,1,0,1,0,1,y1
14,1.54504731411164,0,1,0,1,0,1,0,1,y1
14,1.58083334406686,0,1,0,1,0,1,0,1,y1
14,1.61744824180385,0,1,0,1,0,1,0,1,y1
14,1.6549112053672,0,1,0,1,0,1,0,1,y1
14,1.66,0,1,0,1,0,1,0,1,y1
14,1.69324187746223,0,1,0,1,0,1,0,1,y1
14,1.73246035575404,0,1,0,1,0,1,0,1,y1
14,1.77258720340524,0,1,0,1,1.55528,1,0.296164,1,y1
14,1.792,0,1,0,1,2.16378,1,1.18016,1,y1
14,1.81364345985768,0,1,0,1,2.71494,1,1.9199,1,y1
14,1.85565065186389,0,1,0,1,3.54465,0,2.96286,1,y1
14,1.89863080477411,0,1,0,1,4.18907,0,3.73399,0,y1
14,1.924,0,1,0,1,4.50507,0,4.10174,0,y1
14,1.94260645408465,0,1,0,1,4.71422,0,4.34258,0,y1
14,1.9876006572538,0.804372,1,0.804372,1,5.15795,0,4.84574,0,y1
14,2,1.06928,1,1.06928,1,5.26732,0,4.96782,0,y1
14,2.03363700579139,1.68193,1,1.68193,1,5.54096,0,5.27053,0,y1
14,2.056,2.02721,1,2.02721,1,5.70664,0,5.45233,0,y1
14,2.08073963762837,2.36592,1,2.36592,1,5.87705,0,5.63833,0,y1
14,2.12893324977287,2.92649,1,2.92649,1,6.17611,0,5.96262,0,y1
14,2.17824311125945,3.40024,0,3.40024,0,6.44506,0,6.25225,0,y1
14,2.188,3.48476,0,3.48476,0,6.4945,0,6.3053,0,y1
14,2.22869507639821,3.81046,0,3.81046,0,6.68899,0,6.5135,0,y1
14,2.28031559833084,4.17068,0,4.17068,0,6.91177,0,6.75104,0,y1
14,2.32,4.41672,0,4.41672,0,7.06748,0,6.91652,0,y1
14,2.33313174290061,4.49286,0,4.49286,0,7.11635,0,6.96839,0,y1
14,2.38717120284358,4.78264,0,4.78264,0,7.305,0,7.16831,0,y1
14,2.44246231230862,5.04598,0,5.04598,0,7.47946,0,7.35293,0,y1
14,2.452,5.08844,0,5.08844,0,7.50784,0,7.38296,0,y1
14,2.49903406171362,5.2866,0,5.2866,0,7.6411,0,7.5239,0,y1
14,2.5,5.29048,0,5.29048,0,7.64373,0,7.52668,0,y1
14,2.55691611294585,5.50758,0,5.50758,0,7.79103,0,7.68252,0,y1
14,2.584,5.60343,0,5.60343,0,7.85634,0,7.75166,0,y1
14,2.61613881491436,5.71142,0,5.71142,0,7.9301,0,7.82983,0,y1
14,2.67673321946267,5.9005,0,5.9005,0,8.05869,0,7.96656,0,y1
14,2.716,6.01422,0,6.01422,0,8.13513,0,8.04825,0,y1
14,2.73873109764993,6.0772,0,6.0772,0,8.17706,0,8.09318,0,y1
14,2.80216495640924,6.24297,0,6.24297,0,8.28545,0,8.20991,0,y1
14,2.848,6.35427,0,6.35427,0,8.35622,0,8.28675,0,y1
14,2.86706805559181,6.39864,0,6.39864,0,8.3839,0,8.31696,0,y1
14,2.93347442540585,6.54498,0,6.54498,0,8.47253,0,8.41441,0,y1
14,2.98,6.64053,0,6.64053,0,8.52729,0,8.47577,0,y1
14,3,6.67998,0,6.67998,0,8.54912,0,8.50044,0,y1
14,3.00141888425942,6.68274,0,6.68274,0,8.55063,0,8.50216,0,y1
14,3.07093705701651,6.81259,0,6.81259,0,8.61856,0,8.57992,0,y1
14,3.112,6.88452,0,6.88452,0,8.65301,0,8.62031,0,y1
14,3.14206539367602,6.9351,0,6.9351,0,8.67582,0,8.64744,0,y1
14,3.21484118848333,7.05069,0,7.05069,0,8.72258,0,8.70518,0,y1
14,3.244,7.09445,0,7.09445,0,8.73801,0,8.72517,0,y1
14,3.28930259948453,7.15972,0,7.15972,0,8.75857,0,8.75284,0,y1
14,3.36548866853358,7.26241,0,7.26241,0,8.78451,0,8.79025,0,y1
14,3.376,7.27592,0,7.27592,0,8.7873,0,8.79455,0,y1
14,3.44343934176288,7.35895,0,7.35895,0,8.80105,0,8.81769,0,y1
14,3.5,7.42394,0,7.42394,0,8.80741,0,8.83143,0,y1
14,3.508,7.43281,0,7.43281,0,8.80796,0,8.83297,0,y1
14,3.52319549052794,7.44942,0,7.44942,0,8.80877,0,8.83565,0,y1
14,3.60479893283718,7.53386,0,7.53386,0,8.80831,0,8.84454,0,y1
14,3.64,7.56785,0,7.56785,0,8.8058,0,8.84572,0,y1
14,3.68829245527811,7.6122,0,7.6122,0,8.80029,0,8.84499,0,y1
14,3.772,7.68297,0,7.68297,0,8.78573,0,8.8379,0,y1
14,3.77371983545133,7.68434,0,7.68434,0,8.78537,0,8.83768,0,y1
14,3.86112586492412,7.75016,0,7.75016,0,8.7641,0,8.82331,0,y1
14,3.904,7.77959,0,7.77959,0,8.75174,0,8.81404,0,y1
14,3.95055637271574,7.80947,0,7.80947,0,8.73702,0,8.80249,0,y1
14,4,7.83891,0,7.83891,0,8.72005,0,8.78869,0,y1
14,4.036,7.85888,0,7.85888,0,8.70688,0,8.77771,0,y1
14,4.04205824932663,7.86213,0,7.86213,0,8.7046,0,8.77579,0,y1
14,4.13567947132419,7.90792,0,7.90792,0,8.66722,0,8.74368,0,y1
14,4.168,7.92191,0,7.92191,0,8.65343,0,8.7316,0,y1
14,4.23146912649803,7.94675,0,7.94675,0,8.62518,0,8.70656,0,y1
14,4.3,7.96976,0,7.96976,0,8.59304,0,8.67771,0,y1
14,4.32947743959785,7.97849,0,7.97849,0,8.57872,0,8.66476,0,y1
14,4.4297557986674,8.00324,0,8.00324,0,8.52802,0,8.61853,0,y1
14,4.432,8.00371,0,8.00371,0,8.52685,0,8.61746,0,y1
14,4.5,8.01623,0,8.01623,0,8.49077,0,8.58429,0,y1
14,4.53235678198848,8.02106,0,8.02106,0,8.47317,0,8.56804,0,y1
14,4.564,8.0251,0,8.0251,0,8.45569,0,8.55188,0,y1
14,4.63733418564895,8.03194,0,8.03194,0,8.41423,0,8.51341,0,y1
14,4.696,8.03497,0,8.03497,0,8.38013,0,8.48168,0,y1
14,4.74474305174925,8.03593,0,8.03593,0,8.35119,0,8.4547,0,y1
14,4.828,8.03458,0,8.03458,0,8.30053,0,8.40738,0,y1
14,4.85463969726226,8.03342,0,8.03342,0,8.284,0,8.39192,0,y1
14,4.96,8.02567,0,8.02567,0,8.21716,0,8.3293,0,y1
14,4.96708174356163,8.02498,0,8.02498,0,8.21258,0,8.32501,0,y1
14,5,8.02147,0,8.02147,0,8.19118,0,8.30493,0,y1
14,5.082128146634,8.01083,0,8.01083,0,8.1368,0,8.25389,0,y1
14,5.092,8.00938,0,8.00938,0,8.13018,0,8.24767,0,y1
14,5.19983922799096,7.9913,0,7.9913,0,8.0565,0,8.17846,0,y1
14,5.224,7.98675,0,7.98675,0,8.03967,0,8.16265,0,y1
14,5.32027670629708,7.96699,0,7.96699,0,7.97149,0,8.09854,0,y1
14,5.356,7.95905,0,7.95905,0,7.94573,0,8.07431,0,y1
14,5.44350372973042,7.93832,0,7.93832,0,7.88154,0,8.01395,0,y1
14,5.488,7.92711,0,7.92711,0,7.84832,0,7.98272,0,y1
14,5.5,7.92402,0,7.92402,0,7.8393,0,7.97423,0,y1
14,5.56958490909258,7.9055,0,7.9055,0,7.78642,0,7.9245,0,y1
14,5.62,7.89154,0,7.89154,0,7.74754,0,7.8879,0,y1
14,5.69858635168566,7.86899,0,7.86899,0,7.68593,0,7.8299,0,y1
14,5.752,7.85314,0,7.85314,0,7.64331,0,7.78982,0,y1
14,5.83057569597389,7.82913,0,7.82913,0,7.57958,0,7.72997,0,y1
14,5.884,7.8124,0,7.8124,0,7.53564,0,7.68865,0,y1
14,5.96562214704798,7.78625,0,7.78625,0,7.46758,0,7.62443,0,y1
14,6,7.77505,0,7.77505,0,7.43849,0,7.59697,0,y1
14,6.016,7.76979,0,7.76979,0,7.42484,0,7.5841,0,y1
14,6.10379651291106,7.7406,0,7.7406,0,7.34872,0,7.51274,0,y1
14,6.148,7.72569,0,7.72569,0,7.30986,0,7.47646,0,y1
14,6.24517124160489,7.69245,0,7.69245,0,7.22438,0,7.39561,0,y1
14,6.28,7.6804,0,7.6804,0,7.19351,0,7.36605,0,y1
14,6.38982045919606,7.64173,0,7.64173,0,7.09272,0,7.27025,0,y1
14,6.412,7.63377,0,7.63377,0,7.07178,0,7.25063,0,y1
14,6.5,7.60136,0,7.60136,0,6.98936,0,7.17334,0,y1
14,6.53782000864209,7.58697,0,7.58697,0,6.95481,0,7.14013,0,y1
14,6.544,7.58459,0,7.58459,0,6.94914,0,7.13468,0,y1
14,6.676,7.53189,0,7.53189,0,6.82037,0,7.01434,0,y1
14,6.68924748955757,7.52641,0,7.52641,0,6.80719,0,7.00207,0,y1
14,6.808,7.47559,0,7.47559,0,6.69115,0,6.89267,0,y1
14,6.84418229890151,7.4595,0,7.4595,0,6.6549,0,6.85872,0,y1
14,6.94,7.41552,0,7.41552,0,6.55939,0,6.767,0,y1
14,7,7.38696,0,7.38696,0,6.49868,0,6.70882,0,y1
14,7.00270567260696,7.38566,0,7.38566,0,6.49593,0,6.70619,0,y1
14,7.072,7.35163,0,7.35163,0,6.42517,0,6.63887,0,y1
14,7.16490072817498,7.3043,0,7.3043,0,6.33042,0,6.54918,0,y1
14,7.204,7.2838,0,7.2838,0,6.29015,0,6.51073,0,y1
14,7.33085250825502,7.21492,0,7.21492,0,6.15945,0,6.38328,0,y1
14,7.336,7.21205,0,7.21205,0,6.15416,0,6.37815,0,y1
14,7.468,7.13628,0,7.13628,0,6.01807,0,6.24734,0,y1
14,7.5,7.11732,0,7.11732,0,5.98523,0,6.21557,0,y1
14,7.50064802523477,7.11693,0,7.11693,0,5.98457,0,6.21493,0,y1
14,7.6,7.05649,0,7.05649,0,5.88309,0,6.11467,0,y1
14,7.67437630686284,7.00975,0,7.00975,0,5.80753,0,6.0406,0,y1
14,7.732,6.97266,0,6.97266,0,5.74965,0,5.98321,0,y1
14,7.852128442928,6.89281,0,6.89281,0,5.63062,0,5.86356,0,y1
14,7.864,6.88474,0,6.88474,0,5.61899,0,5.85186,0,y1
14,7.996,6.7928,0,6.7928,0,5.49212,0,5.72372,0,y1
14,8,6.78995,0,6.78995,0,5.48834,0,5.71984,0,y1
14,8.03399763301975,6.76558,0,6.76558,0,5.45633,0,5.68693,0,y1
14,8.128,6.69687,0,6.69687,0,5.36979,0,5.59772,0,y1
14,8.22007923539501,6.62764,0,6.62764,0,5.28701,0,5.51265,0,y1
14,8.26,6.59703,0,6.59703,0,5.25243,0,5.47605,0,y1
14,8.392,6.49339,0,6.49339,0,5.14186,0,5.35909,0,y1
14,8.41047081697666,6.47859,0,6.47859,0,5.1269,0,5.3433,0,y1
14,8.5,6.40592,0,6.40592,0,5.05578,0,5.26674,0,y1
14,8.524,6.38618,0,6.38618,0,5.03716,0,5.24663,0,y1
14,8.60527220451018,6.31856,0,6.31856,0,4.97639,0,5.18059,0,y1
14,8.656,6.27581,0,6.27581,0,4.9396,0,5.14024,0,y1
14,8.788,6.16289,0,6.16289,0,4.84855,0,5.04018,0,y1
14,8.80458553690516,6.14855,0,6.14855,0,4.83756,0,5.02807,0,y1
14,8.92,6.04793,0,6.04793,0,4.76386,0,4.94652,0,y1
14,9,5.97749,0,5.97749,0,4.71579,0,4.89285,0,y1
14,9.00851531878903,5.96996,0,5.96996,0,4.71087,0,4.88725,0,y1
14,9.052,5.93148,0,5.93148,0,4.68611,0,4.85925,0,y1
14,9.184,5.81428,0,5.81428,0,4.61397,0,4.77831,0,y1
14,9.21716847530138,5.78481,0,5.78481,0,4.5968,0,4.75869,0,y1
14,9.316,5.6971,0,5.6971,0,4.5478,0,4.70303,0,y1
14,9.43065440815721,5.59586,0,5.59586,0,4.49479,0,4.64257,0,y1
14,9.448,5.58061,0,5.58061,0,4.4871,0,4.63377,0,y1
14,9.5,5.53505,0,5.53505,0,4.46458,0,4.60798,0,y1
14,9.58,5.46545,0,5.46545,0,4.43142,0,4.56996,0,y1
14,9.64908505300886,5.40594,0,5.40594,0,4.40418,0,4.53859,0,y1
14,9.712,5.35225,0,5.35225,0,4.38039,0,4.51124,0,y1
14,9.844,5.24154,0,5.24154,0,4.33344,0,4.4573,0,y1
14,9.87257493813646,5.21795,0,5.21795,0,4.32385,0,4.44623,0,y1
14,9.976,5.13358,0,5.13358,0,4.29071,0,4.40777,0,y1
14,10,5.11427,0,5.11427,0,4.28329,0,4.39921,0,y1
14,10.1012412444978,5.03418,0,5.03418,0,4.25292,0,4.36453,0,y1
14,10.108,5.02892,0,5.02892,0,4.25096,0,4.36229,0,y1
14,10.24,4.92791,0,4.92791,0,4.21469,0,4.32041,0,y1
14,10.3352038671689,4.85569,0,4.85569,0,4.19001,0,4.29221,0,y1
14,10.372,4.82821,0,4.82821,0,4.18063,0,4.28175,0,y1
14,10.5,4.73469,0,4.73469,0,4.15049,0,4.24716,0,y1
14,10.504,4.73181,0,4.73181,0,4.14962,0,4.24612,0,y1
14,10.5745854782082,4.68166,0,4.68166,0,4.13448,0,4.22816,0,y1
14,10.636,4.63882,0,4.63882,0,4.12103,0,4.21308,0,y1
14,10.768,4.54945,0,4.54945,0,4.09284,0,4.1824,0,y1
14,10.8195115909757,4.51552,0,4.51552,0,4.08314,0,4.17104,0,y1
14,10.9,4.46363,0,4.46363,0,4.06794,0,4.15389,0,y1
14,11,4.40089,0,4.40089,0,4.04785,0,4.1334,0,y1
14,11.032,4.38121,0,4.38121,0,4.04201,0,4.12704,0,y1
14,11.0701106259433,4.35797,0,4.35797,0,4.03547,0,4.11961,0,y1
14,11.164,4.30184,0,4.30184,0,4.01992,0,4.10193,0,y1
14,11.296,4.22557,0,4.22557,0,3.99836,0,4.07813,0,y1
14,11.326513978028,4.20834,0,4.20834,0,3.9934,0,4.07276,0,y1
14,11.428,4.15189,0,4.15189,0,3.97708,0,4.05552,0,y1
14,11.5,4.1129,0,4.1129,0,3.96621,0,4.04398,0,y1
14,11.56,4.08105,0,4.08105,0,3.95752,0,4.03459,0,y1
14,11.5888560854857,4.06585,0,4.06585,0,3.95296,0,4.03009,0,y1
14,11.692,4.01161,0,4.01161,0,3.93644,0,4.01394,0,y1
14,11.824,3.94478,0,3.94478,0,3.91695,0,3.99424,0,y1
14,11.8572745004004,3.92869,0,3.92869,0,3.91218,0,3.98946,0,y1
14,11.956,3.88163,0,3.88163,0,3.89869,0,3.97505,0,y1
14,12,3.86076,0,3.86076,0,3.89199,0,3.96836,0,y1
14,12.088,3.81934,0,3.81934,0,3.87911,0,3.95499,0,y1
14,12.1319099608055,3.79877,0,3.79877,0,3.87285,0,3.94847,0,y1
14,12.22,3.75801,0,3.75801,0,3.8602,0,3.93584,0,y1
14,12.352,3.69866,0,3.69866,0,3.84078,0,3.91732,0,y1
14,12.4129064644764,3.67199,0,3.67199,0,3.83235,0,3.90889,0,y1
14,12.484,3.64145,0,3.64145,0,3.82255,0,3.89911,0,y1
14,12.5,3.63467,0,3.63467,0,3.82034,0,3.89692,0,y1
14,12.616,3.58615,0,3.58615,0,3.80464,0,3.88095,0,y1
14,12.7004113444319,3.55005,0,3.55005,0,3.79261,0,3.86912,0,y1
14,12.748,3.52994,0,3.52994,0,3.78577,0,3.86237,0,y1
14,12.88,3.47533,0,3.47533,0,3.76714,0,3.84353,0,y1
14,12.9945753461841,3.4286,0,3.4286,0,3.75094,0,3.82846,0,y1
14,13,3.4264,0,3.4264,0,3.75018,0,3.82776,0,y1
14,13.012,3.42153,0,3.42153,0,3.74856,0,3.82618,0,y1
14,13.144,3.36841,0,3.36841,0,3.72993,0,3.8079,0,y1
14,13.276,3.31595,0,3.31595,0,3.71082,0,3.78966,0,y1
14,13.295552706778,3.30824,0,3.30824,0,3.70799,0,3.78699,0,y1
14,13.408,3.26422,0,3.26422,0,3.69163,0,3.77153,0,y1
14,13.5,3.22852,0,3.22852,0,3.67819,0,3.75863,0,y1
14,13.54,3.21307,0,3.21307,0,3.67233,0,3.75301,0,y1
14,13.6035012356615,3.18863,0,3.18863,0,3.663,0,3.74411,0,y1
14,13.672,3.16233,0,3.16233,0,3.65286,0,3.73451,0,y1
14,13.804,3.11177,0,3.11177,0,3.63319,0,3.71578,0,y1
14,13.9185823974285,3.06826,0,3.06826,0,3.61598,0,3.69938,0,y1
14,13.936,3.06168,0,3.06168,0,3.61334,0,3.69689,0,y1
14,14,3.03756,0,3.03756,0,3.60357,0,3.68774,0,y1
14,14.068,3.01196,0,3.01196,0,3.59315,0,3.67795,0,y1
14,14.2,2.96206,1,2.96206,1,3.57295,0,3.65871,0,y1
14,14.2409613964788,2.94648,1,2.94648,1,3.56665,0,3.65271,0,y1
14,14.332,2.91166,1,2.91166,1,3.55259,0,3.63937,0,y1
14,14.464,2.86186,1,2.86186,1,3.53243,0,3.61987,0,y1
14,14.5,2.84858,1,2.84858,1,3.52687,0,3.61451,0,y1
14,14.5708072636384,2.82247,1,2.82247,1,3.5156,0,3.604,0,y1
14,14.596,2.81312,1,2.81312,1,3.51146,0,3.60029,0,y1
14,14.728,2.76383,1,2.76383,1,3.48982,0,3.58084,0,y1
14,14.86,2.71313,1,2.71313,1,3.46865,0,3.56024,0,y1
14,14.9082929447861,2.69466,1,2.69466,1,3.46089,0,3.55257,0,y1
14,14.992,2.66306,1,2.66306,1,3.44754,0,3.53951,0,y1
14,15,2.66014,1,2.66014,1,3.44627,0,3.53827,0,y1
14,15.124,2.61437,1,2.61437,1,3.42666,0,3.51905,0,y1
14,15.2535953915336,2.56589,1,2.56589,1,3.40472,0,3.49848,0,y1
14,15.256,2.56501,1,2.56501,1,3.40431,0,3.49809,0,y1
14,15.388,2.51514,1,2.51514,1,3.38195,0,3.47709,0,y1
14,15.5,2.47388,1,2.47388,1,3.36338,0,3.4597,0,y1
14,15.52,2.46648,1,2.46648,1,3.36008,0,3.45666,0,y1
14,15.606895654005,2.43377,1,2.43377,1,3.34555,0,3.44337,0,y1
14,15.652,2.41692,1,2.41692,1,3.33782,0,3.43633,0,y1
14,15.784,2.36786,1,2.36786,1,3.3154,0,3.41513,0,y1
14,15.916,2.31739,1,2.31739,1,3.29354,0,3.39356,0,y1
14,15.9683789757655,2.29753,1,2.29753,1,3.28445,0,3.38503,0,y1
14,16,2.28544,1,2.28544,1,3.27889,0,3.37992,0,y1
14,16.048,2.26758,1,2.26758,1,3.27047,0,3.37219,0,y1
14,16.18,2.21775,1,2.21775,1,3.24744,0,3.35024,0,y1
14,16.312,2.16774,1,2.16774,1,3.22451,0,3.32794,0,y1
14,16.3382348909494,2.15782,1,2.15782,1,3.22015,0,3.3237,0,y1
14,16.444,2.11776,1,2.11776,1,3.20183,0,3.30617,0,y1
14,16.5,2.09644,1,2.09644,1,3.19174,0,3.29675,0,y1
14,16.576,2.06767,1,2.06767,1,3.1784,0,3.284,0,y1
14,16.708,2.01737,1,2.01737,1,3.15485,0,3.2616,0,y1
14,16.7166573236367,2.0141,1,2.0141,1,3.15325,0,3.26011,0,y1
14,16.84,1.96721,1,1.96721,1,3.13113,0,3.23901,0,y1
14,16.972,1.91699,1,1.91699,1,3.10809,0,3.21623,0,y1
14,17,1.90628,1,1.90628,1,3.10271,0,3.21126,0,y1
14,17.1038446895323,1.86658,1,1.86658,1,3.08355,0,3.19279,0,y1
14,17.104,1.86652,1,1.86652,1,3.08352,0,3.19276,0,y1
14,17.236,1.81593,1,1.81593,1,3.05952,0,3.17068,0,y1
14,17.368,1.76527,1,1.76527,1,3.03586,0,3.14711,0,y1
14,17.5,1.71454,1,1.71454,1,3.01102,0,3.12448,0,y1
15,1,0,1,0,1,0,1,0,1,y1
15,1.02190077866029,0,1,0,1,0,1,0,1,y1
15,1.04428120142651,0,1,0,1,0,1,0,1,y1
15,1.06715177287806,0,1,0,1,0,1,0,1,y1
15,1.0905232276528,0,1,0,1,0,1,0,1,y1
15,1.112,0,1,0,1,0,1,0,1,y1
15,1.11440653548553,0,1,0,1,0,1,0,1,y1
15,1.13881290635678,0,1,0,1,0,1,0,1,y1
15,1.16375379575438,0,1,0,1,0,1,0,1,y1
15,1.18924091005028,0,1,0,1,0,1,0,1,y1
15,1.21528621199505,0,1,0,1,0,1,0,1,y1
15,1.224,0,1,0,1,0,1,0,1,y1
15,1.24190192633286,0,1,0,1,0,1,0,1,y1
15,1.26910054553927,0,1,0,1,0,1,0,1,y1
15,1.29689483568478,0,1,0,1,0,1,0,1,y1
15,1.32529784242679,0,1,0,1,0,1,0,1,y1
15,1.336,0,1,0,1,0,1,0,1,y1
15,1.35432289713274,0,1,0,1,0,1,0,1,y1
15,1.38398362313741,0,1,0,1,0,1,0,1,y1
15,1.41429394213721,0,1,0,1,0,1,0,1,y1
15,1.44526808072455,0,1,0,1,0,1,0,1,y1
15,1.448,0,1,0,1,0,1,0,1,y1
15,1.47692057706528,0,1,0,1,0,1,0,1,y1
15,1.5,0,1,0,1,0,1,0,1,y1
15,1.50926628772242,0,1,0,1,0,1,0,1,y1
15,1.54232039462927,0,1,0,1,0,1,0,1,y1
15,1.56,0,1,0,1,0,1,0,1,y1
15,1.5760984122153,0,1,0,1,0,1,0,1,y1
15,1.61061619468806,0,1,0,1,0,1,0,1,y1
15,1.64588994347461,0,1,0,1,0,1,0,1,y1
15,1.672,0,1,0,1,0,1,0,1,y1
15,1.68193621482585,0,1,0,1,0,1,0,1,y1
15,1.71877192758748,0,1,0,1,0,1,0,1,y1
15,1.7564143711411,0,1,0,1,0,1,0,1,y1
15,1.784,0,1,0,1,0,1,0,1,y1
15,1.79488121351921,0,1,0,1,0,1,0,1,y1
15,1.83419050969801,0,1,0,1,0,1,0,1,y1
15,1.87436071007172,0,1,0,1,0,1,0,1,y1
15,1.896,0,1,0,1,0,1,0,1,y1
15,1.91541066911255,0,1,0,1,0,1,0.0592903,1,y1
15,1.95735965422034,0,1,0,1,0.550498,1,0.605354,1,y1
15,2,1.06928,1,1.06928,1,0.904727,1,0.937466,1,y1
15,2.00022735476601,1.0739,1,1.0739,1,0.906338,1,0.939007,1,y1
15,2.008,1.22732,1,1.22732,1,0.960365,1,0.990772,1,y1
15,2.044033891333,1.84765,1,1.84765,1,1.19203,1,1.21454,1,y1
15,2.08879982516122,2.46801,1,2.46801,1,1.45644,1,1.47166,1,y1
15,2.12,2.83091,1,2.83091,1,1.63197,1,1.64269,1,y1
15,2.13454616779773,2.98485,1,2.98485,1,1.7118,1,1.72054,1,y1
15,2.18129439095885,3.42696,0,3.42696,0,1.96047,1,1.96321,1,y1
15,2.22906643660817,3.81325,0,3.81325,0,2.20277,1,2.19994,1,y1
15,2.232,3.83517,0,3.83517,0,2.21727,1,2.21412,1,y1
15,2.27788472725541,4.15482,0,4.15482,0,2.43882,1,2.43084,1,y1
15,2.3277721764807,4.46209,0,4.46209,0,2.6688,1,2.65605,1,y1
15,2.344,4.554,0,4.554,0,2.7413,1,2.7271,1,y1
15,2.37875219968939,4.73977,0,4.73977,0,2.89296,1,2.87581,1,y1
15,2.43084872510247,4.99318,0,4.99318,0,3.11153,0,3.09031,0,y1
15,2.456,5.10601,0,5.10601,0,3.21348,0,3.19044,0,y1
15,2.48408620498759,5.22555,0,5.22555,0,3.32472,0,3.29975,0,y1
15,2.5,5.29048,0,5.29048,0,3.38657,0,3.36055,0,y1
15,2.53848962713611,5.43976,0,5.43976,0,3.53275,0,3.50433,0,y1
15,2.568,5.54736,0,5.54736,0,3.64168,0,3.61153,0,y1
15,2.59408452659146,5.63796,0,5.63796,0,3.73579,0,3.70419,0,y1
15,2.65089699763443,5.82205,0,5.82205,0,3.93404,0,3.89952,0,y1
15,2.68,5.91021,0,5.91021,0,4.03216,0,3.99629,0,y1
15,2.70895370603086,5.99429,0,5.99429,0,4.12759,0,4.09043,0,y1
15,2.76828190154762,6.15619,0,6.15619,0,4.31666,0,4.27703,0,y1
15,2.792,6.21735,0,6.21735,0,4.3899,0,4.34938,0,y1
15,2.8289094307427,6.30873,0,6.30873,0,4.50131,0,4.45951,0,y1
15,2.89086475003541,6.4525,0,6.4525,0,4.68169,0,4.63791,0,y1
15,2.904,6.48154,0,6.48154,0,4.71891,0,4.67474,0,y1
15,2.95417693906278,6.58817,0,6.58817,0,4.85796,0,4.81237,0,y1
15,3,6.67998,0,6.67998,0,4.98072,0,4.934,0,y1
15,3.016,6.71086,0,6.71086,0,5.02268,0,4.97559,0,y1
15,3.01887571432853,6.71635,0,6.71635,0,5.03017,0,4.98302,0,y1
15,3.08499144315097,6.83759,0,6.83759,0,5.19839,0,5.14989,0,y1
15,3.128,6.91165,0,6.91165,0,5.30388,0,5.2546,0,y1
15,3.15255515791632,6.95235,0,6.95235,0,5.36277,0,5.31308,0,y1
15,3.2215985706442,7.06096,0,7.06096,0,5.5234,0,5.47274,0,y1
15,3.24,7.08853,0,7.08853,0,5.56499,0,5.51413,0,y1
15,3.2921540878722,7.16372,0,7.16372,0,5.68028,0,5.62883,0,y1
15,3.352,7.24485,0,7.24485,0,5.80819,0,5.75599,0,y1
15,3.36425482586626,7.26082,0,7.26082,0,5.83379,0,5.78149,0,y1
15,3.43793462616438,7.3524,0,7.3524,0,5.98338,0,5.93083,0,y1
15,3.464,7.38305,0,7.38305,0,6.03472,0,5.98202,0,y1
15,3.5,7.42394,0,7.42394,0,6.10432,0,6.05143,0,y1
15,3.51322807146056,7.43856,0,7.43856,0,6.1295,0,6.07657,0,y1
15,3.576,7.50497,0,7.50497,0,6.24595,0,6.19303,0,y1
15,3.59017050183674,7.5193,0,7.5193,0,6.27158,0,6.21866,0,y1
15,3.66879803135018,7.59461,0,7.59461,0,6.40973,0,6.35684,0,y1
15,3.688,7.61194,0,7.61194,0,6.44249,0,6.38959,0,y1
15,3.74914756498409,7.6644,0,7.6644,0,6.54436,0,6.49139,0,y1
15,3.8,7.70497,0,7.70497,0,6.62626,0,6.57324,0,y1
15,3.83125681596958,7.72856,0,7.72856,0,6.67531,0,6.62228,0,y1
15,3.912,7.78488,0,7.78488,0,6.79809,0,6.7445,0,y1
15,3.91516432348687,7.78695,0,7.78695,0,6.80279,0,6.74917,0,y1
15,4,7.83891,0,7.83891,0,6.92553,0,6.87129,0,y1
15,4.00090947075423,7.83943,0,7.83943,0,6.92682,0,6.87257,0,y1
15,4.024,7.85236,0,7.85236,0,6.9591,0,6.90468,0,y1
15,4.08853250351308,7.88586,0,7.88586,0,7.04681,0,6.99215,0,y1
15,4.136,7.90806,0,7.90806,0,7.10886,0,7.05439,0,y1
15,4.17807454891793,7.92608,0,7.92608,0,7.16199,0,7.10761,0,y1
15,4.248,7.95266,0,7.95266,0,7.24627,0,7.19222,0,y1
15,4.26957763483998,7.96002,0,7.96002,0,7.27123,0,7.21737,0,y1
15,4.36,7.98682,0,7.98682,0,7.37022,0,7.31713,0,y1
15,4.36308470959355,7.98762,0,7.98762,0,7.37343,0,7.32039,0,y1
15,4.45863966209446,8.00901,0,8.00901,0,7.46758,0,7.41651,0,y1
15,4.472,8.01147,0,8.01147,0,7.47989,0,7.42907,0,y1
15,4.5,8.01623,0,8.01623,0,7.50499,0,7.45476,0,y1
15,4.55628734245999,8.02418,0,8.02418,0,7.55256,0,7.50396,0,y1
15,4.584,8.02731,0,8.02731,0,7.57453,0,7.52684,0,y1
15,4.6560735830599,8.03313,0,8.03313,0,7.62713,0,7.58184,0,y1
15,4.696,8.03497,0,8.03497,0,7.65339,0,7.60973,0,y1
15,4.75804522002853,8.03596,0,8.03596,0,7.69008,0,7.6491,0,y1
15,4.808,8.03523,0,8.03523,0,7.71593,0,7.67725,0,y1
15,4.86225011524803,8.03303,0,8.03303,0,7.74027,0,7.70442,0,y1
15,4.92,8.0292,0,8.0292,0,7.76191,0,7.72915,0,y1
15,4.96873717881306,8.02481,0,8.02481,0,7.77676,0,7.7468,0,y1
15,5,8.02147,0,8.02147,0,7.7847,0,7.75662,0,y1
15,5.032,8.01764,0,8.01764,0,7.79155,0,7.76539,0,y1
15,5.07755639198741,8.01149,0,8.01149,0,7.79913,0,7.77566,0,y1
15,5.144,8.00115,0,8.00115,0,7.80569,0,7.78633,0,y1
15,5.18875883066347,7.99333,0,7.99333,0,7.80718,0,7.79062,0,y1
15,5.256,7.98046,0,7.98046,0,7.80516,0,7.79284,0,y1
15,5.30239668933547,7.97084,0,7.97084,0,7.80089,0,7.7916,0,y1
15,5.368,7.95631,0,7.95631,0,7.79112,0,7.78613,0,y1
15,5.41852330559767,7.94442,0,7.94442,0,7.78085,0,7.77907,0,y1
15,5.48,7.92916,0,7.92916,0,7.76546,0,7.76754,0,y1
15,5.5,7.92402,0,7.92402,0,7.75977,0,7.76313,0,y1
15,5.5371931851792,7.91423,0,7.91423,0,7.74832,0,7.75402,0,y1
15,5.592,7.89935,0,7.89935,0,7.72938,0,7.7384,0,y1
15,5.65846202752709,7.88062,0,7.88062,0,7.70364,0,7.71682,0,y1
15,5.704,7.8674,0,7.8674,0,7.68465,0,7.70032,0,y1
15,5.78238675194963,7.84395,0,7.84395,0,7.64956,0,7.6692,0,y1
15,5.816,7.83364,0,7.83364,0,7.63349,0,7.65484,0,y1
15,5.90902552433228,7.80445,0,7.80445,0,7.5864,0,7.61257,0,y1
15,5.928,7.79838,0,7.79838,0,7.57654,0,7.60354,0,y1
15,6,7.77505,0,7.77505,0,7.53808,0,7.56802,0,y1
15,6.0384377844387,7.76239,0,7.76239,0,7.51682,0,7.54846,0,y1
15,6.04,7.76188,0,7.76188,0,7.51594,0,7.54766,0,y1
15,6.152,7.72433,0,7.72433,0,7.45315,0,7.48858,0,y1
15,6.17068427380964,7.71798,0,7.71798,0,7.44263,0,7.47849,0,y1
15,6.264,7.68594,0,7.68594,0,7.38971,0,7.42742,0,y1
15,6.30582706427289,7.6714,0,7.6714,0,7.36572,0,7.40428,0,y1
15,6.376,7.64666,0,7.64666,0,7.32553,0,7.36522,0,y1
15,6.44392958707761,7.62218,0,7.62218,0,7.28701,0,7.32739,0,y1
15,6.488,7.60587,0,7.60587,0,7.2623,0,7.30291,0,y1
15,6.5,7.60136,0,7.60136,0,7.25561,0,7.29626,0,y1
15,6.5850566626667,7.56858,0,7.56858,0,7.2087,0,7.24941,0,y1
15,6.6,7.56267,0,7.56267,0,7.20054,0,7.24125,0,y1
15,6.712,7.51691,0,7.51691,0,7.14039,0,7.18091,0,y1
15,6.72927453110125,7.50962,0,7.50962,0,7.13133,0,7.17176,0,y1
15,6.824,7.46851,0,7.46851,0,7.08294,0,7.12247,0,y1
15,6.87665088315124,7.44483,0,7.44483,0,7.05693,0,7.09578,0,y1
15,6.936,7.4174,0,7.4174,0,7.02825,0,7.06637,0,y1
15,7,7.38696,0,7.38696,0,6.99825,0,7.03551,0,y1
15,7.02725489206724,7.37373,0,7.37373,0,6.98581,0,7.02263,0,y1
15,7.048,7.36354,0,7.36354,0,6.97648,0,7.01295,0,y1
15,7.16,7.30685,0,7.30685,0,6.92824,0,6.96255,0,y1
15,7.18115724604786,7.29582,0,7.29582,0,6.91953,0,6.95337,0,y1
15,7.272,7.24733,0,7.24733,0,6.8835,0,6.91524,0,y1
15,7.33843018141831,7.21069,0,7.21069,0,6.85857,0,6.88873,0,y1
15,7.384,7.18496,0,7.18496,0,6.84213,0,6.8712,0,y1
15,7.496,7.1197,0,7.1197,0,6.80425,0,6.83048,0,y1
15,7.49914751653556,7.11783,0,7.11783,0,6.80324,0,6.82939,0,y1
15,7.5,7.11732,0,7.11732,0,6.80296,0,6.82909,0,y1
15,7.608,7.05153,0,7.05153,0,6.76996,0,6.79309,0,y1
15,7.66338468643608,7.01674,0,7.01674,0,6.75426,0,6.77573,0,y1
15,7.72,6.98045,0,6.98045,0,6.73906,0,6.75884,0,y1
15,7.83121877824239,6.90695,0,6.90695,0,6.71161,0,6.72844,0,y1
15,7.832,6.90642,0,6.90642,0,6.71143,0,6.72824,0,y1
15,7.944,6.8295,0,6.8295,0,6.68695,0,6.7003,0,y1
15,8,6.78995,0,6.78995,0,6.67588,0,6.68761,0,y1
15,8.002728567345,6.788,0,6.788,0,6.67536,0,6.68702,0,y1
15,8.056,6.74968,0,6.74968,0,6.66556,0,6.676,0,y1
15,8.168,6.66703,0,6.66703,0,6.64736,0,6.65443,0,y1
15,8.17799455437682,6.65952,0,6.65952,0,6.6459,0,6.65259,0,y1
15,8.28,6.58157,0,6.58157,0,6.63242,0,6.63567,0,y1
15,8.3570990029973,6.52115,0,6.52115,0,6.62378,0,6.62498,0,y1
15,8.392,6.49339,0,6.49339,0,6.62025,0,6.62038,0,y1
15,8.5,6.40592,0,6.40592,0,6.6107,0,6.60725,0,y1
15,8.504,6.40264,0,6.40264,0,6.61039,0,6.60682,0,y1
15,8.54012597850409,6.37285,0,6.37285,0,6.60769,0,6.60317,0,y1
15,8.616,6.30955,0,6.30955,0,6.60275,0,6.59641,0,y1
15,8.72716138729032,6.21522,0,6.21522,0,6.59726,0,6.58798,0,y1
15,8.728,6.21451,0,6.21451,0,6.59723,0,6.58793,0,y1
15,8.84,6.11782,0,6.11782,0,6.59392,0,6.58202,0,y1
15,8.91829301716601,6.04943,0,6.04943,0,6.59292,0,6.57931,0,y1
15,8.952,6.0198,0,6.0198,0,6.59283,0,6.57842,0,y1
15,9,5.97749,0,5.97749,0,6.59305,0,6.57742,0,y1
15,9.064,5.92084,0,5.92084,0,6.59395,0,6.57651,0,y1
15,9.11361057856259,5.87683,0,5.87683,0,6.59503,0,6.57626,0,y1
15,9.176,5.8214,0,5.8214,0,6.59679,0,6.57674,0,y1
15,9.288,5.72194,0,5.72194,0,6.60086,0,6.57889,0,y1
15,9.31320574663979,5.69958,0,5.69958,0,6.60198,0,6.57936,0,y1
15,9.4,5.62287,0,5.62287,0,6.6064,0,6.58182,0,y1
15,9.5,5.53505,0,5.53505,0,6.61264,0,6.58706,0,y1
15,9.512,5.52458,0,5.52458,0,6.61347,0,6.58772,0,y1
15,9.51717220431471,5.52007,0,5.52007,0,6.61383,0,6.588,0,y1
15,9.624,5.42749,0,5.42749,0,6.62194,0,6.59328,0,y1
15,9.72560568623329,5.34072,0,5.34072,0,6.63069,0,6.60068,0,y1
15,9.736,5.33193,0,5.33193,0,6.63163,0,6.60156,0,y1
15,9.848,5.23824,0,5.23824,0,6.64228,0,6.61025,0,y1
15,9.93860402370477,5.16391,0,5.16391,0,6.65141,0,6.61757,0,y1
15,9.96,5.14653,0,5.14653,0,6.65362,0,6.6196,0,y1
15,10,5.11428,0,5.11428,0,6.65778,0,6.62357,0,y1
15,10.072,5.05708,0,5.05708,0,6.66541,0,6.63099,0,y1
15,10.1562671906202,4.99177,0,4.99177,0,6.67483,0,6.63981,0,y1
15,10.184,4.97064,0,4.97064,0,6.67807,0,6.64273,0,y1
15,10.296,4.88528,0,4.88528,0,6.69179,0,6.65479,0,y1
15,10.3786973503768,4.82327,0,4.82327,0,6.70216,0,6.66434,0,y1
15,10.408,4.80163,0,4.80163,0,6.70584,0,6.6678,0,y1
15,10.5,4.73472,0,4.73472,0,6.71738,0,6.67869,0,y1
15,10.52,4.72038,0,4.72038,0,6.7199,0,6.68109,0,y1
15,10.6059989038295,4.65968,0,4.65968,0,6.73084,0,6.69166,0,y1
15,10.632,4.64161,0,4.64161,0,6.73417,0,6.69492,0,y1
15,10.744,4.56546,0,4.56546,0,6.74857,0,6.7091,0,y1
15,10.8382785382936,4.50332,0,4.50332,0,6.76065,0,6.72115,0,y1
15,10.856,4.49185,0,4.49185,0,6.76292,0,6.72344,0,y1
15,10.968,4.42076,0,4.42076,0,6.77743,0,6.73798,0,y1
15,11,4.4009,0,4.4009,0,6.78165,0,6.74216,0,y1
15,11.0756452776194,4.35462,0,4.35462,0,6.79163,0,6.75203,0,y1
15,11.08,4.35198,0,4.35198,0,6.79219,0,6.7526,0,y1
15,11.192,4.28542,0,4.28542,0,6.80521,0,6.76716,0,y1
15,11.304,4.22104,0,4.22104,0,6.81346,0,6.78047,0,y1
15,11.3182105333644,4.21301,0,4.21301,0,6.81374,0,6.78177,0,y1
15,11.416,4.15847,0,4.15847,0,6.80837,0,6.7849,0,y1
15,11.5,4.11291,0,4.11291,0,6.7913,0,6.77713,0,y1
15,11.528,4.09799,0,4.09799,0,6.78334,0,6.77231,0,y1
15,11.5660881570862,4.07783,0,4.07783,0,6.7708,0,6.76407,0,y1
15,11.64,4.03893,0,4.03893,0,6.7411,0,6.7426,0,y1
15,11.752,3.98069,0,3.98069,0,6.68294,0,6.69677,0,y1
15,11.81939449378,3.94719,0,3.94719,0,6.64032,0,6.66177,0,y1
15,11.864,3.9256,0,3.9256,0,6.60914,0,6.63565,0,y1
15,11.976,3.87215,0,3.87215,0,6.52082,0,6.56,0,y1
15,12,3.86078,0,3.86078,0,6.50011,0,6.54196,0,y1
15,12.0782484364869,3.82392,0,3.82392,0,6.42873,0,6.47896,0,y1
15,12.088,3.81935,0,3.81935,0,6.41944,0,6.47069,0,y1
15,12.2,3.76728,0,3.76728,0,6.30674,0,6.3697,0,y1
15,12.312,3.7166,0,3.7166,0,6.18266,0,6.25591,0,y1
15,12.3427714820985,3.70293,0,3.70293,0,6.14699,0,6.22279,0,y1
15,12.424,3.66734,0,3.66734,0,6.04968,0,6.13208,0,y1
15,12.5,3.63468,0,3.63468,0,5.95456,0,6.04317,0,y1
15,12.536,3.61941,0,3.61941,0,5.90827,0,5.99955,0,y1
15,12.6130877883825,3.58673,0,3.58673,0,5.80666,0,5.90329,0,y1
15,12.648,3.57171,0,3.57171,0,5.75963,0,5.85887,0,y1
15,12.76,3.52465,0,3.52465,0,5.60487,0,5.71133,0,y1
15,12.872,3.47857,0,3.47857,0,5.44312,0,5.55731,0,y1
15,12.8893242322587,3.47146,0,3.47146,0,5.41765,0,5.53293,0,y1
15,12.984,3.43277,0,3.43277,0,5.27668,0,5.39753,0,y1
15,13,3.42629,0,3.42629,0,5.25264,0,5.37426,0,y1
15,13.096,3.38748,0,3.38748,0,5.10597,0,5.23294,0,y1
15,13.1716104693501,3.35715,0,3.35715,0,4.98817,0,5.11929,0,y1
15,13.208,3.34269,0,3.34269,0,4.93078,0,5.06387,0,y1
15,13.32,3.29845,0,3.29845,0,4.75177,0,4.89014,0,y1
15,13.432,3.25458,0,3.25458,0,4.56871,0,4.71254,0,y1
15,13.4600789948389,3.24368,0,3.24368,0,4.52207,0,4.66748,0,y1
15,13.5,3.22817,0,3.22817,0,4.45555,0,4.60299,0,y1
15,13.544,3.2111,0,3.2111,0,4.38152,0,4.5313,0,y1
15,13.656,3.16789,0,3.16789,0,4.19202,0,4.34659,0,y1
15,13.7548652056549,3.13,0,3.13,0,4.02212,0,4.18173,0,y1
15,13.768,3.12496,0,3.12496,0,3.99942,0,4.15964,0,y1
15,13.88,3.08227,0,3.08227,0,3.80419,0,3.96965,0,y1
15,13.992,3.03968,0,3.03968,0,3.60625,0,3.77676,0,y1
15,14,3.03663,0,3.03663,0,3.59201,0,3.76288,0,y1
15,14.0561074640261,3.01524,0,3.01524,0,3.49174,0,3.66517,0,y1
15,14.104,2.99701,1,2.99701,1,3.4056,0,3.58121,0,y1
15,14.216,2.95444,1,2.95444,1,3.2027,0,3.3832,0,y1
15,14.328,2.91225,1,2.91225,1,2.99744,1,3.18301,0,y1
15,14.3639471624211,2.89881,1,2.89881,1,2.93109,1,3.11818,0,y1
15,14.44,2.87038,1,2.87038,1,2.79002,1,2.98039,1,y1
15,14.5,2.84792,1,2.84792,1,2.67823,1,2.87117,1,y1
15,14.552,2.82837,1,2.82837,1,2.58092,1,2.77598,1,y1
15,14.664,2.78625,1,2.78625,1,2.36967,1,2.56961,1,y1
15,14.6785287899134,2.78081,1,2.78081,1,2.34211,1,2.54272,1,y1
15,14.776,2.7443,1,2.7443,1,2.15657,1,2.36148,1,y1
15,14.888,2.70236,1,2.70236,1,1.94191,1,2.15139,1,y1
15,15,2.66043,1,2.66043,1,1.72554,1,1.93967,1,y1
16,1,0,1,0,1,0,1,0,1,y1
16,1.02292452562226,0,1,0,1,0,1,0,1,y1
16,1.04637458511953,0,1,0,1,0,1,0,1,y1
16,1.07036222610658,0,1,0,1,0,1,0,1,y1
16,1.09489977238406,0,1,0,1,0,1,0,1,y1
16,1.11999983026989,0,1,0,1,0,1,0,1,y1
16,1.128,0,1,0,1,0,1,0,1,y1
16,1.14567529507584,0,1,0,1,0,1,0,1,y1
16,1.17193935773259,0,1,0,1,0,1,0,1,y1
16,1.19880551156667,0,1,0,1,0,1,0,1,y1
16,1.22628755923269,0,1,0,1,0,1,0,1,y1
16,1.25439961980458,0,1,0,1,0,1,0,1,y1
16,1.256,0,1,0,1,0,1,0,1,y1
16,1.28315613602934,0,1,0,1,0,1,0,1,y1
16,1.31257188174711,0,1,0,1,0,1,0,1,y1
16,1.34266196948128,0,1,0,1,0,1,0,1,y1
16,1.37344185820269,0,1,0,1,0,1,0,1,y1
16,1.384,0,1,0,1,0,1,0,1,y1
16,1.40492736127174,0,1,0,1,0,1,0,1,y1
16,1.43713465456263,0,1,0,1,0,1,0,1,y1
16,1.47008028477379,0,1,0,1,0,1,0,1,y1
16,1.5,0,1,0,1,0,1,0,1,y1
16,1.50378117792886,0,1,0,1,0,1,0,1,y1
16,1.512,0,1,0,1,0,1,0,1,y1
16,1.53825464807257,0,1,0,1,0,1,0,1,y1
16,1.57351840616587,0,1,0,1,0,1,0,1,y1
16,1.60959056918512,0,1,0,1,0,1,0,1,y1
16,1.64,0,1,0,1,0,1,0,1,y1
16,1.64648966942975,0,1,0,1,0,1,0,1,y1
16,1.68423466404338,0,1,0,1,0,1,0,1,y1
16,1.72284494475314,0,1,0,1,0,1,0,1,y1
16,1.76234034783232,0,1,0,1,0,1,0,1,y1
16,1.768,0,1,0,1,0,1,0,1,y1
16,1.80274116429134,0,1,0,1,0,1,0,1,y1
16,1.84406815030244,0,1,0,1,0,1,0,1,y1
16,1.88634253786325,0,1,0,1,0,1,0,1,y1
16,1.896,0,1,0,1,0,1,0,1,y1
16,1.92958604570485,0,1,0,1,0.218988,1,0,1,y1
16,1.97382089044997,0.469952,1,0.469952,1,0.900171,1,0.75418,1,y1
16,2,1.06927,1,1.06927,1,1.16503,1,1.04344,1,y1
16,2.01906979802684,1.43245,1,1.43245,1,1.33489,1,1.22221,1,y1
16,2.024,1.51931,1,1.51931,1,1.37672,1,1.26571,1,y1
16,2.06535601534484,2.16011,1,2.16011,1,1.70398,1,1.60198,1,y1
16,2.11270332223771,2.75025,1,2.75025,1,2.04081,1,1.94489,1,y1
16,2.152,3.15858,0,3.15858,0,2.29613,1,2.20433,1,y1
16,2.16113604368058,3.24522,0,3.24522,0,2.35269,1,2.26177,1,y1
16,2.21067906228713,3.67132,0,3.67132,0,2.64283,1,2.55632,1,y1
16,2.26135783109312,4.04431,0,4.04431,0,2.91359,1,2.83102,1,y1
16,2.28,4.16863,0,4.16863,0,3.00733,0,2.9261,1,y1
16,2.31319838663312,4.37623,0,4.37623,0,3.1672,0,3.08817,0,y1
16,2.36622736231686,4.67445,0,4.67445,0,3.40529,0,3.32947,0,y1
16,2.408,4.88546,0,4.88546,0,3.57985,0,3.5062,0,y1
16,2.42047200211239,4.94491,0,4.94491,0,3.6299,0,3.55693,0,y1
16,2.47596017454278,5.19165,0,5.19165,0,3.84198,0,3.77172,0,y1
16,2.5,5.29048,0,5.29048,0,3.92898,0,3.85968,0,y1
16,2.53272038700378,5.41806,0,5.41806,0,4.04344,0,3.97534,0,y1
16,2.536,5.43043,0,5.43043,0,4.05467,0,3.9867,0,y1
16,2.59078180040967,5.62672,0,5.62672,0,4.23507,0,4.1694,0,y1
16,2.65017424417485,5.81981,0,5.81981,0,4.4174,0,4.35384,0,y1
16,2.664,5.86221,0,5.86221,0,4.45795,0,4.39495,0,y1
16,2.71092823153889,5.99989,0,5.99989,0,4.59065,0,4.52925,0,y1
16,2.77307497524291,6.1687,0,6.1687,0,4.75616,0,4.69681,0,y1
16,2.792,6.21734,0,6.21734,0,4.80419,0,4.74545,0,y1
16,2.83664640356532,6.32732,0,6.32732,0,4.91398,0,4.85649,0,y1
16,2.90167517672514,6.47644,0,6.47644,0,5.06521,0,5.00956,0,y1
16,2.92,6.51627,0,6.51627,0,5.10607,0,5.05093,0,y1
16,2.96819470366146,6.61679,0,6.61679,0,5.21007,0,5.15623,0,y1
16,3,6.67998,0,6.67998,0,5.27609,0,5.22309,0,y1
16,3.0362391591974,6.7491,0,6.7491,0,5.34892,0,5.29686,0,y1
16,3.048,6.77091,0,6.77091,0,5.37204,0,5.32027,0,y1
16,3.10584350159773,6.87395,0,6.87395,0,5.48214,0,5.43182,0,y1
16,3.176,6.99016,0,6.99016,0,5.60822,0,5.55961,0,y1
16,3.17704349052884,6.99182,0,6.99182,0,5.61004,0,5.56146,0,y1
16,3.24987570543051,7.1031,0,7.1031,0,5.73293,0,5.68607,0,y1
16,3.304,7.1802,0,7.1802,0,5.81947,0,5.77387,0,y1
16,3.32437756430881,7.20806,0,7.20806,0,5.85107,0,5.80593,0,y1
16,3.40058734295987,7.30691,0,7.30691,0,5.96471,0,5.9213,0,y1
16,3.432,7.3453,0,7.3453,0,6.00958,0,5.96687,0,y1
16,3.47854419463429,7.39977,0,7.39977,0,6.07407,0,6.0324,0,y1
16,3.5,7.42394,0,7.42394,0,6.10303,0,6.06183,0,y1
16,3.55828817015235,7.48671,0,7.48671,0,6.17934,0,6.13941,0,y1
16,3.56,7.48849,0,7.48849,0,6.18153,0,6.14164,0,y1
16,3.6398602384804,7.56772,0,7.56772,0,6.2807,0,6.24253,0,y1
16,3.688,7.61194,0,7.61194,0,6.33772,0,6.30059,0,y1
16,3.72330230777889,7.64272,0,7.64272,0,6.3783,0,6.34191,0,y1
16,3.80865724693299,7.7116,0,7.7116,0,6.47228,0,6.4377,0,y1
16,3.816,7.71717,0,7.71717,0,6.4801,0,6.44568,0,y1
16,3.89596890757671,7.77422,0,7.77422,0,6.56279,0,6.53004,0,y1
16,3.944,7.80539,0,7.80539,0,6.61031,0,6.57855,0,y1
16,3.98528214662199,7.83039,0,7.83039,0,6.64993,0,6.61902,0,y1
16,4,7.83891,0,7.83891,0,6.66379,0,6.63319,0,y1
16,4.072,7.87764,0,7.87764,0,6.72967,0,6.70055,0,y1
16,4.07664284930416,7.87998,0,7.87998,0,6.73381,0,6.70478,0,y1
16,4.17009795275584,7.92278,0,7.92278,0,6.81451,0,6.78739,0,y1
16,4.2,7.93486,0,7.93486,0,6.83931,0,6.8128,0,y1
16,4.26569547012113,7.95872,0,7.95872,0,6.89213,0,6.86695,0,y1
16,4.328,7.97807,0,7.97807,0,6.94021,0,6.91623,0,y1
16,4.36348451522268,7.98773,0,7.98773,0,6.96674,0,6.94342,0,y1
16,4.456,8.0085,0,8.0085,0,7.03317,0,7.01142,0,y1
16,4.46351532779424,8.00992,0,8.00992,0,7.0384,0,7.01676,0,y1
16,4.5,8.01623,0,8.01623,0,7.06342,0,7.04231,0,y1
16,4.56583929929161,8.02531,0,8.02531,0,7.10709,0,7.08677,0,y1
16,4.584,8.02731,0,8.02731,0,7.11879,0,7.09866,0,y1
16,4.67050899929535,8.03391,0,8.03391,0,7.17242,0,7.15315,0,y1
16,4.712,8.03544,0,8.03544,0,7.19693,0,7.17802,0,y1
16,4.77757820251869,8.03583,0,8.03583,0,7.23405,0,7.21574,0,y1
16,4.84,8.0341,0,8.0341,0,7.26753,0,7.24984,0,y1
16,4.88710191643468,8.03157,0,8.03157,0,7.29161,0,7.27444,0,y1
16,4.968,8.02489,0,8.02489,0,7.33058,0,7.3146,0,y1
16,4.99913640953659,8.02157,0,8.02157,0,7.34484,0,7.3294,0,y1
16,5,8.02147,0,8.02147,0,7.34523,0,7.3298,0,y1
16,5.096,8.00878,0,8.00878,0,7.38688,0,7.37324,0,y1
16,5.11373924024619,8.00605,0,8.00605,0,7.39422,0,7.38091,0,y1
16,5.224,7.98675,0,7.98675,0,7.43752,0,7.42602,0,y1
16,5.23096928648477,7.98541,0,7.98541,0,7.44011,0,7.42872,0,y1
16,5.35088677592205,7.96021,0,7.96021,0,7.48175,0,7.47235,0,y1
16,5.352,7.95996,0,7.95996,0,7.4821,0,7.47273,0,y1
16,5.47355331691849,7.9308,0,7.9308,0,7.51855,0,7.51151,0,y1
16,5.48,7.92916,0,7.92916,0,7.52034,0,7.51341,0,y1
16,5.5,7.92402,0,7.92402,0,7.52581,0,7.51923,0,y1
16,5.599031930177,7.8974,0,7.8974,0,7.55084,0,7.54605,0,y1
16,5.608,7.89491,0,7.89491,0,7.55293,0,7.54833,0,y1
16,5.72738708112019,7.86049,0,7.86049,0,7.57806,0,7.57652,0,y1
16,5.736,7.85793,0,7.85793,0,7.57971,0,7.57841,0,y1
16,5.85868471300994,7.82037,0,7.82037,0,7.60122,0,7.60302,0,y1
16,5.864,7.8187,0,7.8187,0,7.60206,0,7.60399,0,y1
16,5.992,7.77766,0,7.77766,0,7.61978,0,7.6248,0,y1
16,5.99299228082608,7.77734,0,7.77734,0,7.6199,0,7.62494,0,y1
16,6,7.77505,0,7.77505,0,7.62071,0,7.62593,0,y1
16,6.12,7.73515,0,7.73515,0,7.63218,0,7.64019,0,y1
16,6.13037878592189,7.73165,0,7.73165,0,7.63296,0,7.64117,0,y1
16,6.248,7.69147,0,7.69147,0,7.64001,0,7.65012,0,y1
16,6.27091481147392,7.68355,0,7.68355,0,7.64101,0,7.65152,0,y1
16,6.376,7.64666,0,7.64666,0,7.64398,0,7.65657,0,y1
16,6.41467255874457,7.63281,0,7.63281,0,7.64439,0,7.65772,0,y1
16,6.5,7.60137,0,7.60137,0,7.64384,0,7.65875,0,y1
16,6.504,7.59986,0,7.59986,0,7.64377,0,7.65874,0,y1
16,6.56172588417592,7.57772,0,7.57772,0,7.6422,0,7.65824,0,y1
16,6.632,7.54986,0,7.54986,0,7.63913,0,7.65646,0,y1
16,6.71215033733396,7.51685,0,7.51685,0,7.63422,0,7.65309,0,y1
16,6.76,7.4965,0,7.4965,0,7.63072,0,7.65048,0,y1
16,6.86602319972264,7.44966,0,7.44966,0,7.62145,0,7.64319,0,y1
16,6.888,7.43965,0,7.43965,0,7.61924,0,7.64139,0,y1
16,7,7.38697,0,7.38697,0,7.60634,0,7.6307,0,y1
16,7.016,7.37921,0,7.37921,0,7.60424,0,7.62897,0,y1
16,7.02342352448771,7.3756,0,7.3756,0,7.60325,0,7.62815,0,y1
16,7.144,7.31512,0,7.31512,0,7.58546,0,7.6135,0,y1
16,7.18443217703082,7.29411,0,7.29411,0,7.57896,0,7.60801,0,y1
16,7.272,7.24734,0,7.24734,0,7.56407,0,7.59509,0,y1
16,7.34913187655456,7.20469,0,7.20469,0,7.55008,0,7.58257,0,y1
16,7.4,7.17581,0,7.17581,0,7.54034,0,7.57376,0,y1
16,7.5,7.11732,0,7.11732,0,7.51967,0,7.55525,0,y1
16,7.51760723856,7.10678,0,7.10678,0,7.51584,0,7.55183,0,y1
16,7.528,7.10052,0,7.10052,0,7.51355,0,7.54979,0,y1
16,7.656,7.02142,0,7.02142,0,7.48401,0,7.52334,0,y1
16,7.68994481831846,6.99981,0,6.99981,0,7.47586,0,7.51592,0,y1
16,7.784,6.93851,0,6.93851,0,7.45283,0,7.49454,0,y1
16,7.86623315533978,6.88322,0,6.88322,0,7.43193,0,7.47491,0,y1
16,7.912,6.85178,0,6.85178,0,7.41991,0,7.46364,0,y1
16,8,6.78995,0,6.78995,0,7.39585,0,7.44133,0,y1
16,8.04,6.76126,0,6.76126,0,7.38452,0,7.43091,0,y1
16,8.04656281886004,6.75652,0,6.75652,0,7.38264,0,7.42918,0,y1
16,8.168,6.66703,0,6.66703,0,7.34733,0,7.39627,0,y1
16,8.23102645437213,6.61929,0,6.61929,0,7.32875,0,7.37852,0,y1
16,8.296,6.56914,0,6.56914,0,7.30948,0,7.35976,0,y1
16,8.41971883122288,6.47117,0,6.47117,0,7.2719,0,7.32278,0,y1
16,8.424,6.46772,0,6.46772,0,7.27057,0,7.32148,0,y1
16,8.5,6.40593,0,6.40593,0,7.24663,0,7.29801,0,y1
16,8.552,6.36302,0,6.36302,0,7.22997,0,7.2817,0,y1
16,8.61273689130148,6.3123,0,6.3123,0,7.21032,0,7.26248,0,y1
16,8.68,6.25546,0,6.25546,0,7.18854,0,7.24105,0,y1
16,8.808,6.1456,0,6.1456,0,7.14668,0,7.19985,0,y1
16,8.81017979884391,6.14371,0,6.14371,0,7.14596,0,7.19914,0,y1
16,8.936,6.03388,0,6.03388,0,7.10327,0,7.15767,0,y1
16,9,5.9775,0,5.9775,0,7.08115,0,7.13612,0,y1
16,9.01214899137923,5.96676,0,5.96676,0,7.07693,0,7.13199,0,y1
16,9.064,5.92085,0,5.92085,0,7.05896,0,7.11419,0,y1
16,9.192,5.80719,0,5.80719,0,7.01465,0,7.06965,0,y1
16,9.21874823184374,5.78342,0,5.78342,0,7.00532,0,7.06039,0,y1
16,9.32,5.69358,0,5.69358,0,6.96991,0,7.02542,0,y1
16,9.43008366188981,5.59639,0,5.59639,0,6.93122,0,6.98736,0,y1
16,9.448,5.58063,0,5.58063,0,6.92489,0,6.98114,0,y1
16,9.5,5.53508,0,5.53508,0,6.90648,0,6.96302,0,y1
16,9.576,5.46895,0,5.46895,0,6.87948,0,6.93644,0,y1
16,9.64626385641686,5.4084,0,5.4084,0,6.85442,0,6.91184,0,y1
16,9.704,5.3591,0,5.3591,0,6.83381,0,6.89164,0,y1
16,9.832,5.25155,0,5.25155,0,6.78805,0,6.84706,0,y1
16,9.86739987935238,5.22227,0,5.22227,0,6.77537,0,6.83475,0,y1
16,9.96,5.14659,0,5.14659,0,6.74235,0,6.80255,0,y1
16,10,5.11434,0,5.11434,0,6.72828,0,6.78863,0,y1
16,10.088,5.04459,0,5.04459,0,6.6975,0,6.75797,0,y1
16,10.0936053407117,5.0402,0,5.0402,0,6.69552,0,6.75601,0,y1
16,10.216,4.94639,0,4.94639,0,6.65189,0,6.71339,0,y1
16,10.3249964549658,4.86354,0,4.86354,0,6.61326,0,6.67559,0,y1
16,10.344,4.84928,0,4.84928,0,6.60673,0,6.66902,0,y1
16,10.472,4.75507,0,4.75507,0,6.56234,0,6.62481,0,y1
16,10.5,4.73487,0,4.73487,0,6.55204,0,6.61515,0,y1
16,10.5616921007474,4.69091,0,4.69091,0,6.52952,0,6.59391,0,y1
16,10.6,4.66401,0,4.66401,0,6.51582,0,6.58076,0,y1
16,10.728,4.5763,0,4.5763,0,6.47165,0,6.5369,0,y1
16,10.8038138819254,4.52592,0,4.52592,0,6.44532,0,6.511,0,y1
16,10.856,4.49195,0,4.49195,0,6.4273,0,6.49329,0,y1
16,10.984,4.41087,0,4.41087,0,6.3831,0,6.45075,0,y1
16,11,4.40096,0,4.40096,0,6.37753,0,6.44557,0,y1
16,11.0514861900798,4.36934,0,4.36934,0,6.35977,0,6.42895,0,y1
16,11.112,4.33276,0,4.33276,0,6.33906,0,6.40916,0,y1
16,11.24,4.2576,0,4.2576,0,6.29506,0,6.36599,0,y1
16,11.3048362684083,4.22058,0,4.22058,0,6.27321,0,6.3443,0,y1
16,11.368,4.18505,0,4.18505,0,6.25187,0,6.32349,0,y1
16,11.496,4.11511,0,4.11511,0,6.20843,0,6.28241,0,y1
16,11.5,4.11296,0,4.11296,0,6.20711,0,6.28113,0,y1
16,11.5639942770989,4.07892,0,4.07892,0,6.18595,0,6.26064,0,y1
16,11.624,4.04723,0,4.04723,0,6.16565,0,6.24135,0,y1
16,11.752,3.98097,0,3.98097,0,6.12325,0,6.20011,0,y1
16,11.8290933601999,3.94254,0,3.94254,0,6.09786,0,6.1756,0,y1
16,11.88,3.91746,0,3.91746,0,6.08074,0,6.15957,0,y1
16,12,3.85896,0,3.85896,0,6.04159,0,6.12129,0,y1
16,12.008,3.85515,0,3.85515,0,6.039,0,6.11872,0,y1
16,12.1002697140239,3.81229,0,3.81229,0,6.009,0,6.08927,0,y1
16,12.136,3.79604,0,3.79604,0,5.9974,0,6.07801,0,y1
16,12.264,3.73826,0,3.73826,0,5.95663,0,6.03789,0,y1
16,12.3776626571194,3.68727,0,3.68727,0,5.92015,0,6.00256,0,y1
16,12.392,3.68087,0,3.68087,0,5.91538,0,5.99813,0,y1
16,12.5,3.6334,0,3.6334,0,5.88213,0,5.9649,0,y1
16,12.52,3.62476,0,3.62476,0,5.87587,0,5.95877,0,y1
16,12.648,3.57033,0,3.57033,0,5.83483,0,5.91976,0,y1
16,12.6614147018462,3.56472,0,3.56472,0,5.83065,0,5.9157,0,y1
16,12.776,3.51756,0,3.51756,0,5.79511,0,5.88112,0,y1
16,12.904,3.46566,0,3.46566,0,5.75551,0,5.84283,0,y1
16,12.9516716275927,3.446,0,3.446,0,5.74084,0,5.82866,0,y1
16,13,3.42604,0,3.42604,0,5.726,0,5.81433,0,y1
16,13.032,3.41286,0,3.41286,0,5.71619,0,5.80487,0,y1
16,13.16,3.36105,0,3.36105,0,5.67716,0,5.76724,0,y1
16,13.2485825556706,3.3266,0,3.3266,0,5.65019,0,5.74139,0,y1
16,13.288,3.31121,0,3.31121,0,5.63797,0,5.72992,0,y1
16,13.416,3.26072,0,3.26072,0,5.59987,0,5.69291,0,y1
16,13.5,3.22808,0,3.22808,0,5.57476,0,5.6688,0,y1
16,13.544,3.21107,0,3.21107,0,5.56163,0,5.65622,0,y1
16,13.5523000259267,3.20787,0,3.20787,0,5.55915,0,5.65385,0,y1
16,13.672,3.16173,0,3.16173,0,5.5236,0,5.61981,0,y1
16,13.8,3.11258,0,3.11258,0,5.48583,0,5.58364,0,y1
16,13.8629800751116,3.08828,0,3.08828,0,5.46732,0,5.56593,0,y1
16,13.928,3.06324,0,3.06324,0,5.44842,0,5.54774,0,y1
16,14,3.03563,0,3.03563,0,5.42747,0,5.52772,0,y1
16,14.056,3.01414,0,3.01414,0,5.41103,0,5.51225,0,y1
16,14.1807823170444,2.96787,1,2.96787,1,5.3748,0,5.47796,0,y1
16,14.184,2.96667,1,2.96667,1,5.37387,0,5.47708,0,y1
16,14.312,2.91827,1,2.91827,1,5.33693,0,5.44197,0,y1
16,14.44,2.87079,1,2.87079,1,5.30019,0,5.40706,0,y1
16,14.5,2.84797,1,2.84797,1,5.28304,0,5.39089,0,y1
16,14.5058700246152,2.84572,1,2.84572,1,5.28136,0,5.38932,0,y1
16,14.568,2.82196,1,2.82196,1,5.26364,0,5.37277,0,y1
16,14.696,2.77468,1,2.77468,1,5.22746,0,5.33873,0,y1
16,14.824,2.72603,1,2.72603,1,5.19119,0,5.30404,0,y1
16,14.8384102136676,2.72046,1,2.72046,1,5.18711,0,5.30009,0,y1
16,14.952,2.67735,1,2.67735,1,5.15507,0,5.26906,0,y1
16,15,2.65954,1,2.65954,1,5.14157,0,5.25613,0,y1
16,15.08,2.62973,1,2.62973,1,5.11914,0,5.235,0,y1
16,15.1785737288045,2.59344,1,2.59344,1,5.09158,0,5.20931,0,y1
16,15.208,2.58245,1,2.58245,1,5.08337,0,5.20164,0,y1
16,15.336,2.53436,1,2.53436,1,5.04775,0,5.16792,0,y1
16,15.464,2.48663,1,2.48663,1,5.01226,0,5.13393,0,y1
16,15.5,2.47322,1,2.47322,1,5.0023,0,5.12443,0,y1
16,15.5265353311598,2.46321,1,2.46321,1,4.99497,0,5.11747,0,y1
16,15.592,2.43869,1,2.43869,1,4.9769,0,5.10057,0,y1
16,15.72,2.39046,1,2.39046,1,4.94164,0,5.06861,0,y1
16,15.848,2.34275,1,2.34275,1,4.90646,0,5.03557,0,y1
16,15.8824737881839,2.32977,1,2.32977,1,4.89701,0,5.02651,0,y1
16,15.976,2.29441,1,2.29441,1,4.87144,0,5.00213,0,y1
16,16,2.28548,1,2.28548,1,4.86489,0,4.99592,0,y1
16,16.104,2.24635,1,2.24635,1,4.83658,0,4.96907,0,y1
16,16.232,2.19793,1,2.19793,1,4.80184,0,4.93645,0,y1
16,16.246571965486,2.19249,1,2.19249,1,4.79788,0,4.93283,0,y1
16,16.36,2.1495,1,2.1495,1,4.76714,0,4.90535,0,y1
16,16.488,2.10097,1,2.10097,1,4.73235,0,4.87323,0,y1
16,16.5,2.09641,1,2.09641,1,4.72908,0,4.87004,0,y1
16,16.616,2.05236,1,2.05236,1,4.69751,0,4.83948,0,y1
16,16.6190169207827,2.05122,1,2.05122,1,4.69669,0,4.83871,0,y1
16,16.744,2.00363,1,2.00363,1,4.66282,0,4.8072,0,y1
16,16.872,1.95484,1,1.95484,1,4.62835,0,4.77439,0,y1
16,17,1.9059,1,1.9059,1,4.5942,0,4.7432,0,y1
17,1,0,1,0,1,0,1,0,1,y1
17,1.02216887738619,0,1,0,1,0,1,0,1,y1
17,1.04482921389695,0,1,0,1,0,1,0,1,y1
17,1.06799190462934,0,1,0,1,0,1,0,1,y1
17,1.09166808621252,0,1,0,1,0,1,0,1,y1
17,1.11586914216219,0,1,0,1,0,1,0,1,y1
17,1.116,0,1,0,1,0,1,0,1,y1
17,1.14060670835382,0,1,0,1,0,1,0,1,y1
17,1.16589267861718,0,1,0,1,0,1,0,1,y1
17,1.19173921045491,0,1,0,1,0,1,0,1,y1
17,1.2181587308878,0,1,0,1,0,1,0,1,y1
17,1.232,0,1,0,1,0,1,0,1,y1
17,1.24516394242977,0,1,0,1,0,1,0,1,y1
17,1.27276782919521,0,1,0,1,0,1,0,1,y1
17,1.30098366314173,0,1,0,1,0,1,0,1,y1
17,1.32982501045136,0,1,0,1,0,1,0,1,y1
17,1.348,0,1,0,1,0,1,0,1,y1
17,1.35930573805314,0,1,0,1,0,1,0,1,y1
17,1.38944002029039,0,1,0,1,0,1,0,1,y1
17,1.42024234573568,0,1,0,1,0,1,0,1,y1
17,1.45172752415698,0,1,0,1,0,1,0,1,y1
17,1.464,0,1,0,1,0,1,0,1,y1
17,1.48391069363817,0,1,0,1,0,1,0,1,y1
17,1.5,0,1,0,1,0,1,0,1,y1
17,1.5168073278575,0,1,0,1,0,1,0,1,y1
17,1.55043324352725,0,1,0,1,0,1,0,1,y1
17,1.58,0,1,0,1,0,1,0,1,y1
17,1.58480460799848,0,1,0,1,0,1,0,1,y1
17,1.61993794703428,0,1,0,1,0,1,0,1,y1
17,1.65585015275532,0,1,0,1,0,1,0,1,y1
17,1.69255849176166,0,1,0,1,0,1,0,1,y1
17,1.696,0,1,0,1,0,1,0,1,y1
17,1.73008061343449,0,1,0,1,0,1,0,1,y1
17,1.76843455842195,0,1,0,1,0,1,0,1,y1
17,1.80763876731311,0,1,0,1,0,1,0,1,y1
17,1.812,0,1,0,1,0,1,0,1,y1
17,1.8477120895042,0,1,0,1,0,1,0,1,y1
17,1.88867379226141,0,1,0,1,0,1,0,1,y1
17,1.928,0,1,0,1,0,1,0,1,y1
17,1.93054356998457,0,1,0,1,0,1,0,1,y1
17,1.97334155367626,0.45725,1,0.45725,1,0,1,0,1,y1
17,2,1.06927,1,1.06927,1,0,1,0,1,y1
17,2.01708832062079,1.39679,1,1.39679,1,0,1,0,1,y1
17,2.044,1.84712,1,1.84712,1,0,1,0,1,y1
17,2.06180490427776,2.11039,1,2.11039,1,0,1,0,1,y1
17,2.10751280439494,2.69138,1,2.69138,1,0,1,0,1,y1
17,2.1542339973454,3.18003,0,3.18003,0,0,1,0,1,y1
17,2.16,3.2346,0,3.2346,0,0,1,0,1,y1
17,2.20199094669372,3.60142,0,3.60142,0,0,1,0,1,y1
17,2.25080661399648,3.97116,0,3.97116,0,0,1,0,1,y1
17,2.276,4.14245,0,4.14245,0,0,1,0,1,y1
17,2.30070446984221,4.30004,0,4.30004,0,0,1,0,1,y1
17,2.351708505136,4.59643,0,4.59643,0,0,1,0,1,y1
17,2.392,4.80687,0,4.80687,0,0,1,0,1,y1
17,2.40384324263443,4.86529,0,4.86529,0,0,1,0,1,y1
17,2.45713374873602,5.11097,0,5.11097,0,0,1,0,1,y1
17,2.5,5.29048,0,5.29048,0,0,1,0,1,y1
17,2.508,5.32241,0,5.32241,0,0,1,0,1,y1
17,2.51160564553323,5.33664,0,5.33664,0,0,1,0,1,y1
17,2.56728512313153,5.54481,0,5.54481,0,0.675712,1,0,1,y1
17,2.624,5.73697,0,5.73697,0,1.34115,1,0,1,y1
17,2.62419895224163,5.73761,0,5.73761,0,1.34324,1,0,1,y1
17,2.68237449705085,5.91724,0,5.91724,0,1.90679,1,0.838571,1,y1
17,2.74,6.08065,0,6.08065,0,2.38808,1,1.47906,1,y1
17,2.74183972837982,6.08566,0,6.08566,0,2.40239,1,1.4975,1,y1
17,2.80262323713087,6.24411,0,6.24411,0,2.84391,1,2.05667,1,y1
17,2.856,6.37302,0,6.37302,0,3.1883,0,2.48439,1,y1
17,2.86475424803452,6.39331,0,6.39331,0,3.24154,0,2.5498,1,y1
17,2.92826263370077,6.53393,0,6.53393,0,3.60331,0,2.98881,1,y1
17,2.972,6.62448,0,6.62448,0,3.82995,0,3.25811,0,y1
17,2.99317892898186,6.66663,0,6.66663,0,3.93401,0,3.38063,0,y1
17,3,6.67998,0,6.67998,0,3.96673,0,3.41907,0,y1
17,3.05953434565339,6.79201,0,6.79201,0,4.23823,0,3.7352,0,y1
17,3.088,6.84289,0,6.84289,0,4.3597,0,3.87517,0,y1
17,3.12736078742103,6.91058,0,6.91058,0,4.52016,0,4.05843,0,y1
17,3.19669086525975,7.02273,0,7.02273,0,4.78254,0,4.35561,0,y1
17,3.204,7.03406,0,7.03406,0,4.80881,0,4.38514,0,y1
17,3.26755791309326,7.1288,0,7.1288,0,5.02715,0,4.62952,0,y1
17,3.32,7.20213,0,7.20213,0,5.1949,0,4.81627,0,y1
17,3.33999600382091,7.229,0,7.229,0,5.25618,0,4.8843,0,y1
17,3.41403996569999,7.32351,0,7.32351,0,5.47136,0,5.12229,0,y1
17,3.436,7.35009,0,7.35009,0,5.53188,0,5.18894,0,y1
17,3.48972539909116,7.41244,0,7.41244,0,5.67409,0,5.34513,0,y1
17,3.5,7.42394,0,7.42394,0,5.7004,0,5.37394,0,y1
17,3.552,7.48014,0,7.48014,0,5.82936,0,5.51488,0,y1
17,3.5670886935751,7.49583,0,7.49583,0,5.86554,0,5.55433,0,y1
17,3.64616704544864,7.57366,0,7.57366,0,6.04668,0,5.75121,0,y1
17,3.668,7.59388,0,7.59388,0,6.09433,0,5.80284,0,y1
17,3.72699847560877,7.64587,0,7.64587,0,6.21838,0,5.93694,0,y1
17,3.784,7.6925,0,7.6925,0,6.3321,0,6.05951,0,y1
17,3.80962184783307,7.71234,0,7.71234,0,6.38137,0,6.11251,0,y1
17,3.89407688746544,7.77294,0,7.77294,0,6.53626,0,6.27876,0,y1
17,3.9,7.77692,0,7.77692,0,6.54671,0,6.28996,0,y1
17,3.98040420051607,7.82753,0,7.82753,0,6.68358,0,6.4364,0,y1
17,4,7.83891,0,7.83891,0,6.71559,0,6.4706,0,y1
17,4.016,7.84794,0,7.84794,0,6.74135,0,6.49811,0,y1
17,4.0686452931848,7.87595,0,7.87595,0,6.82379,0,6.5861,0,y1
17,4.132,7.90627,0,7.90627,0,6.91855,0,6.6871,0,y1
17,4.15884259181733,7.91803,0,7.91803,0,6.95733,0,6.72836,0,y1
17,4.248,7.95266,0,7.95266,0,7.08049,0,6.85932,0,y1
17,4.25103946330381,7.95372,0,7.95372,0,7.08454,0,6.86363,0,y1
17,4.34528023592966,7.98289,0,7.98289,0,7.20546,0,6.9923,0,y1
17,4.364,7.98786,0,7.98786,0,7.22846,0,7.01679,0,y1
17,4.44161022068863,8.00568,0,8.00568,0,7.32048,0,7.11466,0,y1
17,4.48,8.01288,0,8.01288,0,7.36403,0,7.16098,0,y1
17,4.5,8.01623,0,8.01623,0,7.3862,0,7.18457,0,y1
17,4.54007573306834,8.02211,0,8.02211,0,7.42957,0,7.23078,0,y1
17,4.596,8.02851,0,8.02851,0,7.48784,0,7.29295,0,y1
17,4.64072411531876,8.03217,0,8.03217,0,7.5327,0,7.34081,0,y1
17,4.712,8.03544,0,8.03544,0,7.60108,0,7.41381,0,y1
17,4.74360375921441,8.03593,0,8.03593,0,7.63011,0,7.44494,0,y1
17,4.828,8.03458,0,8.03458,0,7.70373,0,7.52444,0,y1
17,4.84876412932112,8.03371,0,8.03371,0,7.72105,0,7.54321,0,y1
17,4.944,8.02717,0,8.02717,0,7.79701,0,7.62547,0,y1
17,4.95625578677862,8.02603,0,8.02603,0,7.80633,0,7.63561,0,y1
17,5,8.02147,0,8.02147,0,7.83865,0,7.67098,0,y1
17,5.06,8.01396,0,8.01396,0,7.88052,0,7.71743,0,y1
17,5.06613041361032,8.01311,0,8.01311,0,7.88466,0,7.72203,0,y1
17,5.176,7.99563,0,7.99563,0,7.95547,0,7.80013,0,y1
17,5.17844083757211,7.99519,0,7.99519,0,7.95697,0,7.80177,0,y1
17,5.292,7.97305,0,7.97305,0,8.02116,0,7.87339,0,y1
17,5.2932410575519,7.97278,0,7.97278,0,8.02181,0,7.87412,0,y1
17,5.408,7.94695,0,7.94695,0,8.07699,0,7.93864,0,y1
17,5.41058626953234,7.94633,0,7.94633,0,8.07812,0,7.94001,0,y1
17,5.5,7.92402,0,7.92402,0,8.1152,0,7.98432,0,y1
17,5.524,7.91774,0,7.91774,0,8.12439,0,7.9953,0,y1
17,5.53053289312902,7.91601,0,7.91601,0,8.12682,0,7.99823,0,y1
17,5.64,7.8859,0,7.8859,0,8.16389,0,8.04418,0,y1
17,5.65313859871711,7.88215,0,7.88215,0,8.16793,0,8.04928,0,y1
17,5.756,7.85194,0,7.85194,0,8.19634,0,8.08517,0,y1
17,5.77846233515922,7.84514,0,7.84514,0,8.20178,0,8.092,0,y1
17,5.872,7.81618,0,7.81618,0,8.22128,0,8.11665,0,y1
17,5.9065643581481,7.80524,0,7.80524,0,8.22701,0,8.12435,0,y1
17,5.988,7.77897,0,7.77897,0,8.23723,0,8.13959,0,y1
17,6,7.77505,0,7.77505,0,8.23834,0,8.14148,0,y1
17,6.03750625917755,7.7627,0,7.7627,0,8.24114,0,8.14678,0,y1
17,6.104,7.74054,0,7.74054,0,8.24365,0,8.15411,0,y1
17,6.17135099515563,7.71776,0,7.71776,0,8.24313,0,8.15879,0,y1
17,6.22,7.70111,0,7.70111,0,8.24083,0,8.16039,0,y1
17,6.3081629186744,7.67059,0,7.67059,0,8.23276,0,8.15974,0,y1
17,6.336,7.66082,0,7.66082,0,8.22922,0,8.15858,0,y1
17,6.44800780895062,7.62069,0,7.62069,0,8.21006,0,8.14933,0,y1
17,6.452,7.61923,0,7.61923,0,8.20923,0,8.14887,0,y1
17,6.5,7.60137,0,7.60137,0,8.19861,0,8.14267,0,y1
17,6.568,7.57527,0,7.57527,0,8.18138,0,8.13173,0,y1
17,6.59095290345246,7.56625,0,7.56625,0,8.17494,0,8.12744,0,y1
17,6.684,7.52859,0,7.52859,0,8.146,0,8.10735,0,y1
17,6.73706693022727,7.50631,0,7.50631,0,8.12741,0,8.09393,0,y1
17,6.8,7.47911,0,7.47911,0,8.10348,0,8.07616,0,y1
17,6.88642014094606,7.44037,0,7.44037,0,8.06741,0,8.0487,0,y1
17,6.916,7.42673,0,7.42673,0,8.05421,0,8.03851,0,y1
17,7,7.38697,0,7.38697,0,8.01451,0,8.00735,0,y1
17,7.032,7.37141,0,7.37141,0,7.99851,0,7.99469,0,y1
17,7.03908434468051,7.36793,0,7.36793,0,7.99491,0,7.99183,0,y1
17,7.148,7.31306,0,7.31306,0,7.9367,0,7.94496,0,y1
17,7.1951329424288,7.28848,0,7.28848,0,7.9099,0,7.92311,0,y1
17,7.264,7.25168,0,7.25168,0,7.86907,0,7.88958,0,y1
17,7.35464096240686,7.20159,0,7.20159,0,7.81236,0,7.8426,0,y1
17,7.38,7.18724,0,7.18724,0,7.79591,0,7.82888,0,y1
17,7.496,7.1197,0,7.1197,0,7.71754,0,7.76304,0,y1
17,7.5,7.11732,0,7.11732,0,7.71475,0,7.76068,0,y1
17,7.51768509612194,7.10673,0,7.10673,0,7.70234,0,7.75019,0,y1
17,7.612,7.04904,0,7.04904,0,7.63423,0,7.69238,0,y1
17,7.68434373524588,7.00339,0,7.00339,0,7.5799,0,7.64596,0,y1
17,7.728,6.97526,0,6.97526,0,7.54631,0,7.61709,0,y1
17,7.844,6.89832,0,6.89832,0,7.45413,0,7.53731,0,y1
17,7.85469700930591,6.89107,0,6.89107,0,7.44542,0,7.52975,0,y1
17,7.96,6.81828,0,6.81828,0,7.35805,0,7.45343,0,y1
17,8,6.78995,0,6.78995,0,7.32409,0,7.42356,0,y1
17,8.02882682421091,6.76931,0,6.76931,0,7.29937,0,7.40175,0,y1
17,8.076,6.73513,0,6.73513,0,7.25847,0,7.36557,0,y1
17,8.192,6.64896,0,6.64896,0,7.15567,0,7.27403,0,y1
17,8.20681690163182,6.63773,0,6.63773,0,7.14234,0,7.26209,0,y1
17,8.308,6.55978,0,6.55978,0,7.05023,0,7.17918,0,y1
17,8.38875281925503,6.49599,0,6.49599,0,6.97546,0,7.11137,0,y1
17,8.424,6.46772,0,6.46772,0,6.94249,0,7.08137,0,y1
17,8.5,6.40593,0,6.40593,0,6.8708,0,7.01588,0,y1
17,8.54,6.37297,0,6.37297,0,6.83277,0,6.98098,0,y1
17,8.57472205192818,6.34412,0,6.34412,0,6.79961,0,6.95045,0,y1
17,8.656,6.27582,0,6.27582,0,6.72156,0,6.87824,0,y1
17,8.76481401371806,6.1829,0,6.1829,0,6.61646,0,6.78034,0,y1
17,8.772,6.17671,0,6.17671,0,6.6095,0,6.77383,0,y1
17,8.888,6.07597,0,6.07597,0,6.49673,0,6.66814,0,y1
17,8.95912010090097,6.01354,0,6.01354,0,6.42739,0,6.60257,0,y1
17,9,5.9775,0,5.9775,0,6.38769,0,6.56471,0,y1
17,9.004,5.97396,0,5.97396,0,6.38382,0,6.561,0,y1
17,9.12,5.87116,0,5.87116,0,6.2719,0,6.45352,0,y1
17,9.15773373590602,5.83765,0,5.83765,0,6.23515,0,6.41859,0,y1
17,9.236,5.7681,0,5.7681,0,6.15793,0,6.34619,0,y1
17,9.352,5.66525,0,5.66525,0,6.04666,0,6.23825,0,y1
17,9.36075041223273,5.65752,0,5.65752,0,6.03838,0,6.23013,0,y1
17,9.468,5.56308,0,5.56308,0,5.9365,0,6.13175,0,y1
17,9.5,5.53508,0,5.53508,0,5.90624,0,6.10283,0,y1
17,9.56826774036427,5.47565,0,5.47565,0,5.84206,0,6.04063,0,y1
17,9.584,5.46203,0,5.46203,0,5.82733,0,6.02608,0,y1
17,9.7,5.3625,0,5.3625,0,5.71967,0,5.91836,0,y1
17,9.78038549469867,5.29462,0,5.29462,0,5.64651,0,5.84426,0,y1
17,9.816,5.26486,0,5.26486,0,5.61462,0,5.81171,0,y1
17,9.932,5.16936,0,5.16936,0,5.50862,0,5.70668,0,y1
17,9.99720566152035,5.11658,0,5.11658,0,5.44987,0,5.64828,0,y1
17,10,5.11434,0,5.11434,0,5.4474,0,5.64579,0,y1
17,10.048,5.07609,0,5.07609,0,5.40547,0,5.60306,0,y1
17,10.164,4.98593,0,4.98593,0,5.30435,0,5.50066,0,y1
17,10.2188324880352,4.94423,0,4.94423,0,5.25658,0,5.45293,0,y1
17,10.28,4.89757,0,4.89757,0,5.20379,0,5.40029,0,y1
17,10.396,4.81062,0,4.81062,0,5.1058,0,5.30168,0,y1
17,10.4453725324925,4.77442,0,4.77442,0,5.06432,0,5.25992,0,y1
17,10.5,4.73487,0,4.73487,0,5.0189,0,5.21384,0,y1
17,10.512,4.72626,0,4.72626,0,5.00906,0,5.20377,0,y1
17,10.628,4.64452,0,4.64452,0,4.91296,0,5.10753,0,y1
17,10.6769347154184,4.61087,0,4.61087,0,4.87301,0,5.06747,0,y1
17,10.744,4.56558,0,4.56558,0,4.81831,0,5.0132,0,y1
17,10.86,4.48937,0,4.48937,0,4.72605,0,4.92064,0,y1
17,10.9136303719849,4.45505,0,4.45505,0,4.6838,0,4.8786,0,y1
17,10.976,4.41585,0,4.41585,0,4.63485,0,4.8307,0,y1
17,11,4.40096,0,4.40096,0,4.61618,0,4.81245,0,y1
17,11.092,4.34477,0,4.34477,0,4.54518,0,4.74287,0,y1
17,11.1555733055397,4.30686,0,4.30686,0,4.49668,0,4.69481,0,y1
17,11.208,4.27613,0,4.27613,0,4.45699,0,4.65539,0,y1
17,11.324,4.20974,0,4.20974,0,4.37018,0,4.56955,0,y1
17,11.4028798423229,4.16571,0,4.16571,0,4.31187,0,4.51238,0,y1
17,11.44,4.14536,0,4.14536,0,4.28462,0,4.48585,0,y1
17,11.5,4.11296,0,4.11296,0,4.24087,0,4.4434,0,y1
17,11.556,4.08316,0,4.08316,0,4.20035,0,4.40407,0,y1
17,11.6556688873968,4.03058,0,4.03058,0,4.12893,0,4.33394,0,y1
17,11.672,4.02205,0,4.02205,0,4.11731,0,4.32256,0,y1
17,11.788,3.96293,0,3.96293,0,4.03539,0,4.2433,0,y1
17,11.904,3.90564,0,3.90564,0,3.95457,0,4.16394,0,y1
17,11.9140619818156,3.90069,0,3.90069,0,3.94761,0,4.15717,0,y1
17,12,3.85896,0,3.85896,0,3.88847,0,4.09977,0,y1
17,12.02,3.84946,0,3.84946,0,3.87479,0,4.08648,0,y1
17,12.136,3.79604,0,3.79604,0,3.79666,0,4.01031,0,y1
17,12.178183361062,3.77696,0,3.77696,0,3.76864,0,3.9829,0,y1
17,12.252,3.74365,0,3.74365,0,3.71924,0,3.93518,0,y1
17,12.368,3.69159,0,3.69159,0,3.64159,0,3.8612,0,y1
17,12.4481600147799,3.65601,0,3.65601,0,3.58887,0,3.81055,0,y1
17,12.484,3.64034,0,3.64034,0,3.56535,0,3.7881,0,y1
17,12.5,3.63339,0,3.63339,0,3.55485,0,3.7781,0,y1
17,12.6,3.59057,0,3.59057,0,3.49008,0,3.71551,0,y1
17,12.716,3.54206,0,3.54206,0,3.41555,0,3.64492,0,y1
17,12.7241217478313,3.53872,0,3.53872,0,3.41032,0,3.63998,0,y1
17,12.832,3.49494,0,3.49494,0,3.34158,0,3.5746,0,y1
17,12.948,3.44752,0,3.44752,0,3.26842,0,3.50523,0,y1
17,13,3.42604,0,3.42604,0,3.23581,0,3.47446,0,y1
17,13.006201242706,3.42349,0,3.42349,0,3.23194,0,3.47076,0,y1
17,13.064,3.39975,0,3.39975,0,3.19585,0,3.4363,0,y1
17,13.18,3.35317,0,3.35317,0,3.12398,0,3.36815,0,y1
17,13.2945341233157,3.30864,0,3.30864,0,3.05381,0,3.30135,0,y1
17,13.296,3.30806,0,3.30806,0,3.05291,0,3.30048,0,y1
17,13.412,3.26228,0,3.26228,0,2.98138,1,3.23387,0,y1
17,13.5,3.22808,0,3.22808,0,2.92776,1,3.18354,0,y1
17,13.528,3.21726,0,3.21726,0,2.91102,1,3.16746,0,y1
17,13.589259020202,3.19359,0,3.19359,0,2.87421,1,3.13278,0,y1
17,13.644,3.17249,0,3.17249,0,2.84137,1,3.10227,0,y1
17,13.76,3.12796,0,3.12796,0,2.77267,1,3.03685,0,y1
17,13.876,3.08326,0,3.08326,0,2.7026,1,2.97157,1,y1
17,13.8905176371901,3.07766,0,3.07766,0,2.69395,1,2.96355,1,y1
17,13.992,3.03871,0,3.03871,0,2.63419,1,2.90772,1,y1
17,14,3.03564,0,3.03564,0,2.62938,1,2.90338,1,y1
17,14.108,2.99463,1,2.99463,1,2.56514,1,2.84392,1,y1
17,14.1984548195197,2.96126,1,2.96126,1,2.5129,1,2.79431,1,y1
17,14.224,2.95158,1,2.95158,1,2.4977,1,2.78035,1,y1
17,14.34,2.90779,1,2.90779,1,2.42945,1,2.71713,1,y1
17,14.456,2.86478,1,2.86478,1,2.36173,1,2.65437,1,y1
17,14.5,2.84795,1,2.84795,1,2.33623,1,2.63062,1,y1
17,14.513218623487,2.84287,1,2.84287,1,2.32855,1,2.62348,1,y1
17,14.572,2.82045,1,2.82045,1,2.29445,1,2.59177,1,y1
17,14.688,2.77761,1,2.77761,1,2.2273,1,2.52934,1,y1
17,14.804,2.73374,1,2.73374,1,2.16031,1,2.46736,1,y1
17,14.8349603876301,2.72178,1,2.72178,1,2.14243,1,2.45083,1,y1
17,14.92,2.68932,1,2.68932,1,2.0935,1,2.40547,1,y1
17,15,2.65959,1,2.65959,1,2.04745,1,2.36301,1,y1
17,15.036,2.64615,1,2.64615,1,2.02676,1,2.34386,1,y1
17,15.152,2.60329,1,2.60329,1,1.96031,1,2.28237,1,y1
17,15.1638348054925,2.59892,1,2.59892,1,1.95354,1,2.2761,1,y1
17,15.268,2.5599,1,2.5599,1,1.89425,1,2.22086,1,y1
17,15.384,2.51617,1,2.51617,1,1.82805,1,2.15966,1,y1
17,15.5,2.47322,1,2.47322,1,1.76194,1,2.09867,1,y1
18,1,0,1,0,1,0,1,0,1,y1
18,1.02190077866029,0,1,0,1,0,1,0,1,y1
18,1.04428120142651,0,1,0,1,0,1,0,1,y1
18,1.06715177287806,0,1,0,1,0,1,0,1,y1
18,1.0905232276528,0,1,0,1,0,1,0,1,y1
18,1.112,0,1,0,1,0,1,0,1,y1
18,1.11440653548553,0,1,0,1,0,1,0,1,y1
18,1.13881290635678,0,1,0,1,0,1,0,1,y1
18,1.16375379575438,0,1,0,1,0,1,0,1,y1
18,1.18924091005028,0,1,0,1,0,1,0,1,y1
18,1.21528621199505,0,1,0,1,0,1,0,1,y1
18,1.224,0,1,0,1,0,1,0,1,y1
18,1.24190192633286,0,1,0,1,0,1,0,1,y1
18,1.26910054553927,0,1,0,1,0,1,0,1,y1
18,1.29689483568478,0,1,0,1,0,1,0,1,y1
18,1.32529784242679,0,1,0,1,0,1,0,1,y1
18,1.336,0,1,0,1,0,1,0,1,y1
18,1.35432289713274,0,1,0,1,0,1,0,1,y1
18,1.38398362313741,0,1,0,1,0,1,0,1,y1
18,1.41429394213721,0,1,0,1,0,1,0,1,y1
18,1.44526808072455,0,1,0,1,0,1,0,1,y1
18,1.448,0,1,0,1,0,1,0,1,y1
18,1.47692057706528,0,1,0,1,0,1,0,1,y1
18,1.5,0,1,0,1,0,1,0,1,y1
18,1.50926628772242,0,1,0,1,0,1,0,1,y1
18,1.54232039462927,0,1,0,1,0,1,0,1,y1
18,1.56,0,1,0,1,0,1,0,1,y1
18,1.5760984122153,0,1,0,1,0,1,0,1,y1
18,1.61061619468806,0,1,0,1,0,1,0,1,y1
18,1.64588994347461,0,1,0,1,0,1,0,1,y1
18,1.672,0,1,0,1,0,1,0,1,y1
18,1.68193621482585,0,1,0,1,0,1,0,1,y1
18,1.71877192758748,0,1,0,1,0,1,0,1,y1
18,1.7564143711411,0,1,0,1,0,1,0,1,y1
18,1.784,0,1,0,1,0,1,0,1,y1
18,1.79488121351921,0,1,0,1,0,1,0,1,y1
18,1.83419050969801,0,1,0,1,0,1,0,1,y1
18,1.87436071007172,0,1,0,1,0,1,0,1,y1
18,1.896,0,1,0,1,0,1,0,1,y1
18,1.91541066911255,0,1,0,1,0,1,0,1,y1
18,1.95735965422034,0,1,0,1,0,1,0,1,y1
18,2,1.06928,1,1.06928,1,0,1,0,1,y1
18,2.00022735476601,1.0739,1,1.0739,1,0,1,0,1,y1
18,2.008,1.22732,1,1.22732,1,0,1,0,1,y1
18,2.044033891333,1.84765,1,1.84765,1,0,1,0,1,y1
18,2.08879982516122,2.46801,1,2.46801,1,0,1,0,1,y1
18,2.12,2.83091,1,2.83091,1,0,1,0,1,y1
18,2.13454616779773,2.98485,1,2.98485,1,0,1,0,1,y1
18,2.18129439095885,3.42696,0,3.42696,0,0,1,0,1,y1
18,2.22906643660817,3.81325,0,3.81325,0,0,1,0,1,y1
18,2.232,3.83517,0,3.83517,0,0,1,0,1,y1
18,2.27788472725541,4.15482,0,4.15482,0,0,1,0,1,y1
18,2.3277721764807,4.46209,0,4.46209,0,0,1,0,1,y1
18,2.344,4.554,0,4.554,0,0,1,0,1,y1
18,2.37875219968939,4.73977,0,4.73977,0,0,1,0,1,y1
18,2.43084872510247,4.99318,0,4.99318,0,0,1,0,1,y1
18,2.456,5.10601,0,5.10601,0,0,1,0,1,y1
18,2.48408620498759,5.22555,0,5.22555,0,0,1,0,1,y1
18,2.5,5.29048,0,5.29048,0,0,1,0,1,y1
18,2.53848962713611,5.43976,0,5.43976,0,0,1,0,1,y1
18,2.568,5.54736,0,5.54736,0,0,1,0,1,y1
18,2.59408452659146,5.63796,0,5.63796,0,0,1,0,1,y1
18,2.65089699763443,5.82205,0,5.82205,0,1.17322,1,0,1,y1
18,2.68,5.91021,0,5.91021,0,2.19917,1,1.10581,1,y1
18,2.70895370603086,5.99429,0,5.99429,0,2.90617,1,2.15888,1,y1
18,2.76828190154762,6.15619,0,6.15619,0,3.89611,0,3.44606,0,y1
18,2.792,6.21735,0,6.21735,0,4.19302,0,3.80487,0,y1
18,2.8289094307427,6.30873,0,6.30873,0,4.58472,0,4.26581,0,y1
18,2.89086475003541,6.4525,0,6.4525,0,5.10897,0,4.86407,0,y1
18,2.904,6.48154,0,6.48154,0,5.20525,0,4.97015,0,y1
18,2.95417693906278,6.58817,0,6.58817,0,5.53391,0,5.3286,0,y1
18,3,6.67998,0,6.67998,0,5.78994,0,5.6052,0,y1
18,3.016,6.71086,0,6.71086,0,5.87135,0,5.6927,0,y1
18,3.01887571432853,6.71635,0,6.71635,0,5.88559,0,5.708,0,y1
18,3.08499144315097,6.83759,0,6.83759,0,6.18439,0,6.02801,0,y1
18,3.128,6.91165,0,6.91165,0,6.3539,0,6.20833,0,y1
18,3.15255515791632,6.95235,0,6.95235,0,6.44344,0,6.30316,0,y1
18,3.2215985706442,7.06096,0,7.06096,0,6.67161,0,6.54335,0,y1
18,3.24,7.08853,0,7.08853,0,6.72722,0,6.60163,0,y1
18,3.2921540878722,7.16372,0,7.16372,0,6.87459,0,6.75566,0,y1
18,3.352,7.24485,0,7.24485,0,7.02725,0,6.91472,0,y1
18,3.36425482586626,7.26082,0,7.26082,0,7.0566,0,6.94524,0,y1
18,3.43793462616438,7.3524,0,7.3524,0,7.22098,0,7.11585,0,y1
18,3.464,7.38305,0,7.38305,0,7.27461,0,7.17143,0,y1
18,3.5,7.42394,0,7.42394,0,7.3452,0,7.24453,0,y1
18,3.51322807146056,7.43856,0,7.43856,0,7.37018,0,7.27038,0,y1
18,3.576,7.50497,0,7.50497,0,7.48221,0,7.38628,0,y1
18,3.59017050183674,7.5193,0,7.5193,0,7.5061,0,7.411,0,y1
18,3.66879803135018,7.59461,0,7.59461,0,7.63017,0,7.53942,0,y1
18,3.688,7.61194,0,7.61194,0,7.65842,0,7.5687,0,y1
18,3.74914756498409,7.6644,0,7.6644,0,7.74349,0,7.65698,0,y1
18,3.8,7.70497,0,7.70497,0,7.80892,0,7.72508,0,y1
18,3.83125681596958,7.72856,0,7.72856,0,7.8469,0,7.76471,0,y1
18,3.912,7.78488,0,7.78488,0,7.93765,0,7.85987,0,y1
18,3.91516432348687,7.78695,0,7.78695,0,7.941,0,7.8634,0,y1
18,4,7.83891,0,7.83891,0,8.02542,0,7.95273,0,y1
18,4.00090947075423,7.83943,0,7.83943,0,8.02627,0,7.95364,0,y1
18,4.024,7.85236,0,7.85236,0,8.04747,0,7.97625,0,y1
18,4.08853250351308,7.88586,0,7.88586,0,8.10301,0,8.03587,0,y1
18,4.136,7.90806,0,7.90806,0,8.1405,0,8.07651,0,y1
18,4.17807454891793,7.92608,0,7.92608,0,8.17148,0,8.11033,0,y1
18,4.248,7.95266,0,7.95266,0,8.2184,0,8.16215,0,y1
18,4.26957763483998,7.96002,0,7.96002,0,8.23175,0,8.17706,0,y1
18,4.36,7.98682,0,7.98682,0,8.28208,0,8.23422,0,y1
18,4.36308470959355,7.98762,0,7.98762,0,8.28364,0,8.23602,0,y1
18,4.45863966209446,8.00901,0,8.00901,0,8.32698,0,8.28706,0,y1
18,4.472,8.01147,0,8.01147,0,8.33228,0,8.29349,0,y1
18,4.5,8.01623,0,8.01623,0,8.3428,0,8.30646,0,y1
18,4.55628734245999,8.02418,0,8.02418,0,8.36173,0,8.33043,0,y1
18,4.584,8.02731,0,8.02731,0,8.37002,0,8.34126,0,y1
18,4.6560735830599,8.03313,0,8.03313,0,8.38865,0,8.36652,0,y1
18,4.696,8.03497,0,8.03497,0,8.39718,0,8.37874,0,y1
18,4.75804522002853,8.03596,0,8.03596,0,8.4079,0,8.39534,0,y1
18,4.808,8.03523,0,8.03523,0,8.41431,0,8.40667,0,y1
18,4.86225011524803,8.03303,0,8.03303,0,8.41916,0,8.41693,0,y1
18,4.92,8.0292,0,8.0292,0,8.42202,0,8.4254,0,y1
18,4.96873717881306,8.02481,0,8.02481,0,8.42264,0,8.43075,0,y1
18,5,8.02147,0,8.02147,0,8.42221,0,8.43341,0,y1
18,5.032,8.01764,0,8.01764,0,8.42114,0,8.43551,0,y1
18,5.07755639198741,8.01149,0,8.01149,0,8.4186,0,8.43746,0,y1
18,5.144,8.00115,0,8.00115,0,8.41282,0,8.43794,0,y1
18,5.18875883066347,7.99333,0,7.99333,0,8.40757,0,8.43679,0,y1
18,5.256,7.98046,0,7.98046,0,8.39766,0,8.43302,0,y1
18,5.30239668933547,7.97084,0,7.97084,0,8.38947,0,8.429,0,y1
18,5.368,7.95631,0,7.95631,0,8.37615,0,8.42141,0,y1
18,5.41852330559767,7.94442,0,7.94442,0,8.36457,0,8.41416,0,y1
18,5.48,7.92916,0,7.92916,0,8.34894,0,8.40374,0,y1
18,5.5,7.92402,0,7.92402,0,8.3435,0,8.39996,0,y1
18,5.5371931851792,7.91423,0,7.91423,0,8.33293,0,8.39245,0,y1
18,5.592,7.89935,0,7.89935,0,8.3163,0,8.38031,0,y1
18,5.65846202752709,7.88062,0,7.88062,0,8.29446,0,8.36387,0,y1
18,5.704,7.8674,0,7.8674,0,8.27845,0,8.35152,0,y1
18,5.78238675194963,7.84395,0,7.84395,0,8.24895,0,8.32828,0,y1
18,5.816,7.83364,0,7.83364,0,8.23555,0,8.31756,0,y1
18,5.90902552433228,7.80445,0,7.80445,0,8.19611,0,8.28555,0,y1
18,5.928,7.79838,0,7.79838,0,8.18765,0,8.2786,0,y1
18,6,7.77505,0,7.77505,0,8.15422,0,8.25094,0,y1
18,6.0384377844387,7.76239,0,7.76239,0,8.13552,0,8.23534,0,y1
18,6.04,7.76188,0,7.76188,0,8.13475,0,8.2347,0,y1
18,6.152,7.72433,0,7.72433,0,8.07679,0,8.1859,0,y1
18,6.17068427380964,7.71798,0,7.71798,0,8.06662,0,8.17728,0,y1
18,6.264,7.68594,0,7.68594,0,8.01366,0,8.13219,0,y1
18,6.30582706427289,7.6714,0,7.6714,0,7.98874,0,8.11086,0,y1
18,6.376,7.64666,0,7.64666,0,7.94522,0,8.07351,0,y1
18,6.44392958707761,7.62218,0,7.62218,0,7.90103,0,8.03545,0,y1
18,6.488,7.60587,0,7.60587,0,7.87125,0,8.00975,0,y1
18,6.5,7.60136,0,7.60136,0,7.86299,0,8.00261,0,y1
18,6.5850566626667,7.56858,0,7.56858,0,7.80251,0,7.9503,0,y1
18,6.6,7.56267,0,7.56267,0,7.79153,0,7.94079,0,y1
18,6.712,7.51691,0,7.51691,0,7.70582,0,7.86648,0,y1
18,6.72927453110125,7.50962,0,7.50962,0,7.69205,0,7.85453,0,y1
18,6.824,7.46851,0,7.46851,0,7.61386,0,7.78665,0,y1
18,6.87665088315124,7.44483,0,7.44483,0,7.5684,0,7.74717,0,y1
18,6.936,7.4174,0,7.4174,0,7.5154,0,7.70112,0,y1
18,7,7.38696,0,7.38696,0,7.45611,0,7.64962,0,y1
18,7.02725489206724,7.37373,0,7.37373,0,7.43018,0,7.62709,0,y1
18,7.048,7.36354,0,7.36354,0,7.41016,0,7.6097,0,y1
18,7.16,7.30685,0,7.30685,0,7.29792,0,7.51221,0,y1
18,7.18115724604786,7.29582,0,7.29582,0,7.27591,0,7.49311,0,y1
18,7.272,7.24733,0,7.24733,0,7.17845,0,7.4085,0,y1
18,7.33843018141831,7.21069,0,7.21069,0,7.10412,0,7.34399,0,y1
18,7.384,7.18496,0,7.18496,0,7.05162,0,7.29847,0,y1
18,7.496,7.1197,0,7.1197,0,6.91738,0,7.18201,0,y1
18,7.49914751653556,7.11783,0,7.11783,0,6.9135,0,7.17865,0,y1
18,7.5,7.11732,0,7.11732,0,6.91245,0,7.17773,0,y1
18,7.608,7.05153,0,7.05153,0,6.77585,0,7.05924,0,y1
18,7.66338468643608,7.01674,0,7.01674,0,6.70323,0,6.99626,0,y1
18,7.72,6.98045,0,6.98045,0,6.62729,0,6.93042,0,y1
18,7.83121877824239,6.90695,0,6.90695,0,6.47336,0,6.797,0,y1
18,7.832,6.90642,0,6.90642,0,6.47225,0,6.79605,0,y1
18,7.944,6.8295,0,6.8295,0,6.3116,0,6.65645,0,y1
18,8,6.78995,0,6.78995,0,6.2295,0,6.58504,0,y1
18,8.002728567345,6.788,0,6.788,0,6.22547,0,6.58154,0,y1
18,8.056,6.74968,0,6.74968,0,6.14622,0,6.51282,0,y1
18,8.168,6.66703,0,6.66703,0,5.97752,0,6.36589,0,y1
18,8.17799455437682,6.65952,0,6.65952,0,5.96239,0,6.35262,0,y1
18,8.28,6.58157,0,6.58157,0,5.8077,0,6.2157,0,y1
18,8.3570990029973,6.52115,0,6.52115,0,5.69128,0,6.11172,0,y1
18,8.392,6.49339,0,6.49339,0,5.63904,0,6.06479,0,y1
18,8.5,6.40592,0,6.40592,0,5.47974,0,5.92072,0,y1
18,8.504,6.40264,0,6.40264,0,5.47393,0,5.91543,0,y1
18,8.54012597850409,6.37285,0,6.37285,0,5.42174,0,5.86776,0,y1
18,8.616,6.30955,0,6.30955,0,5.31455,0,5.76896,0,y1
18,8.72716138729032,6.21522,0,6.21522,0,5.16365,0,5.62778,0,y1
18,8.728,6.21451,0,6.21451,0,5.16254,0,5.62673,0,y1
18,8.84,6.11782,0,6.11782,0,5.0189,0,5.48961,0,y1
18,8.91829301716601,6.04943,0,6.04943,0,4.9237,0,5.39758,0,y1
18,8.952,6.0198,0,6.0198,0,4.88392,0,5.35898,0,y1
18,9,5.97749,0,5.97749,0,4.82872,0,5.30492,0,y1
18,9.064,5.92084,0,5.92084,0,4.75735,0,5.23434,0,y1
18,9.11361057856259,5.87683,0,5.87683,0,4.7039,0,5.18115,0,y1
18,9.176,5.8214,0,5.8214,0,4.63868,0,5.11643,0,y1
18,9.288,5.72194,0,5.72194,0,4.52728,0,5.00643,0,y1
18,9.31320574663979,5.69958,0,5.69958,0,4.50316,0,4.98257,0,y1
18,9.4,5.62287,0,5.62287,0,4.42254,0,4.90218,0,y1
18,9.5,5.53505,0,5.53505,0,4.3342,0,4.81248,0,y1
18,9.512,5.52458,0,5.52458,0,4.32391,0,4.80201,0,y1
18,9.51717220431471,5.52007,0,5.52007,0,4.3195,0,4.79751,0,y1
18,9.624,5.42749,0,5.42749,0,4.23085,0,4.70726,0,y1
18,9.72560568623329,5.34072,0,5.34072,0,4.15201,0,4.62584,0,y1
18,9.736,5.33193,0,5.33193,0,4.14414,0,4.61774,0,y1
18,9.848,5.23824,0,5.23824,0,4.05943,0,4.53285,0,y1
18,9.93860402370477,5.16391,0,5.16391,0,3.99434,0,4.46723,0,y1
18,9.96,5.14653,0,5.14653,0,3.97935,0,4.45205,0,y1
18,10,5.11428,0,5.11428,0,3.95154,0,4.42406,0,y1
18,10.072,5.05708,0,5.05708,0,3.90273,0,4.37484,0,y1
18,10.1562671906202,4.99177,0,4.99177,0,3.84802,0,4.31929,0,y1
18,10.184,4.97064,0,4.97064,0,3.83072,0,4.30163,0,y1
18,10.296,4.88528,0,4.88528,0,3.76246,0,4.2313,0,y1
18,10.3786973503768,4.82327,0,4.82327,0,3.71243,0,4.18074,0,y1
18,10.408,4.80163,0,4.80163,0,3.69493,0,4.16339,0,y1
18,10.5,4.73472,0,4.73472,0,3.64271,0,4.11013,0,y1
18,10.52,4.72038,0,4.72038,0,3.63153,0,4.09865,0,y1
18,10.6059989038295,4.65968,0,4.65968,0,3.58334,0,4.04935,0,y1
18,10.632,4.64161,0,4.64161,0,3.56907,0,4.03456,0,y1
18,10.744,4.56546,0,4.56546,0,3.50872,0,3.97209,0,y1
18,10.8382785382936,4.50332,0,4.50332,0,3.45863,0,3.92113,0,y1
18,10.856,4.49185,0,4.49185,0,3.44934,0,3.91175,0,y1
18,10.968,4.42076,0,4.42076,0,3.39211,0,3.85285,0,y1
18,11,4.4009,0,4.4009,0,3.37592,0,3.83621,0,y1
18,11.0756452776194,4.35462,0,4.35462,0,3.33789,0,3.79724,0,y1
18,11.08,4.35198,0,4.35198,0,3.33572,0,3.79502,0,y1
18,11.192,4.28542,0,4.28542,0,3.2803,0,3.73827,0,y1
18,11.304,4.22104,0,4.22104,0,3.22575,0,3.68248,0,y1
18,11.3182105333644,4.21301,0,4.21301,0,3.21888,0,3.67545,0,y1
18,11.416,4.15847,0,4.15847,0,3.17181,0,3.62707,0,y1
18,11.5,4.11291,0,4.11291,0,3.13204,0,3.58679,0,y1
18,11.528,4.09799,0,4.09799,0,3.11877,0,3.57331,0,y1
18,11.5660881570862,4.07783,0,4.07783,0,3.10081,0,3.55498,0,y1
18,11.64,4.03893,0,4.03893,0,3.0658,0,3.51904,0,y1
18,11.752,3.98069,0,3.98069,0,3.01386,0,3.46661,0,y1
18,11.81939449378,3.94719,0,3.94719,0,2.98252,1,3.43516,0,y1
18,11.864,3.9256,0,3.9256,0,2.96169,1,3.41419,0,y1
18,11.976,3.87215,0,3.87215,0,2.91053,1,3.36154,0,y1
18,12,3.86078,0,3.86078,0,2.8995,1,3.3504,0,y1
18,12.0782484364869,3.82392,0,3.82392,0,2.86375,1,3.31352,0,y1
18,12.088,3.81935,0,3.81935,0,2.8593,1,3.30906,0,y1
18,12.2,3.76728,0,3.76728,0,2.8083,1,3.2575,0,y1
18,12.312,3.7166,0,3.7166,0,2.75747,1,3.20664,0,y1
18,12.3427714820985,3.70293,0,3.70293,0,2.74353,1,3.19227,0,y1
18,12.424,3.66734,0,3.66734,0,2.70682,1,3.15493,0,y1
18,12.5,3.63468,0,3.63468,0,2.6725,1,3.12055,0,y1
18,12.536,3.61941,0,3.61941,0,2.65623,1,3.10411,0,y1
18,12.6130877883825,3.58673,0,3.58673,0,2.62145,1,3.06946,0,y1
18,12.648,3.57171,0,3.57171,0,2.60573,1,3.05371,0,y1
18,12.76,3.52465,0,3.52465,0,2.55554,1,3.00319,0,y1
18,12.872,3.47857,0,3.47857,0,2.50541,1,2.95268,1,y1
18,12.8893242322587,3.47146,0,3.47146,0,2.49763,1,2.94495,1,y1
18,12.984,3.43277,0,3.43277,0,2.455,1,2.90239,1,y1
18,13,3.42629,0,3.42629,0,2.4478,1,2.89519,1,y1
18,13.096,3.38748,0,3.38748,0,2.40452,1,2.85188,1,y1
18,13.1716104693501,3.35715,0,3.35715,0,2.37056,1,2.8181,1,y1
18,13.208,3.34269,0,3.34269,0,2.35424,1,2.80191,1,y1
18,13.32,3.29845,0,3.29845,0,2.30396,1,2.75166,1,y1
18,13.432,3.25458,0,3.25458,0,2.2537,1,2.70152,1,y1
18,13.4600789948389,3.24368,0,3.24368,0,2.24108,1,2.68901,1,y1
18,13.5,3.22817,0,3.22817,0,2.22316,1,2.6713,1,y1
18,13.544,3.2111,0,3.2111,0,2.20339,1,2.65149,1,y1
18,13.656,3.16789,0,3.16789,0,2.15277,1,2.60127,1,y1
18,13.7548652056549,3.13,0,3.13,0,2.10822,1,2.55712,1,y1
18,13.768,3.12496,0,3.12496,0,2.10236,1,2.5513,1,y1
18,13.88,3.08227,0,3.08227,0,2.05297,1,2.50134,1,y1
18,13.992,3.03968,0,3.03968,0,2.00244,1,2.45136,1,y1
18,14,3.03663,0,3.03663,0,1.99883,1,2.44779,1,y1
18,14.0561074640261,3.01524,0,3.01524,0,1.97348,1,2.42276,1,y1
18,14.104,2.99701,1,2.99701,1,1.95186,1,2.40138,1,y1
18,14.216,2.95444,1,2.95444,1,1.90134,1,2.3514,1,y1
18,14.328,2.91225,1,2.91225,1,1.85079,1,2.30141,1,y1
18,14.3639471624211,2.89881,1,2.89881,1,1.83459,1,2.28539,1,y1
18,14.44,2.87038,1,2.87038,1,1.80038,1,2.25144,1,y1
18,14.5,2.84792,1,2.84792,1,1.77314,1,2.22455,1,y1
18,14.552,2.82837,1,2.82837,1,1.74946,1,2.20125,1,y1
18,14.664,2.78625,1,2.78625,1,1.69859,1,2.15134,1,y1
18,14.6785287899134,2.78081,1,2.78081,1,1.69199,1,2.14488,1,y1
18,14.776,2.7443,1,2.7443,1,1.64782,1,2.1014,1,y1
18,14.888,2.70236,1,2.70236,1,1.59716,1,2.05127,1,y1
18,15,2.66043,1,2.66043,1,1.54649,1,2.00116,1,y1
7,1,0,1,0,1,0,1,0,1,y2
7,1.02242853060992,0,1,0,1,0,1,0,1,y2
7,1.04536010020516,0,1,0,1,0,1,0,1,y2
7,1.06880599121101,0,1,0,1,0,1,0,1,y2
7,1.09277773910095,0,1,0,1,0,1,0,1,y2
7,1.11728713807222,0,1,0,1,0,1,0,1,y2
7,1.12,0,1,0,1,0,1,0,1,y2
7,1.14234624684855,0,1,0,1,0,1,0,1,y2
7,1.16796739461312,0,1,0,1,0,1,0,1,y2
7,1.19416318707459,0,1,0,1,0,1,0,1,y2
7,1.22094651266913,0,1,0,1,0,1,0,1,y2
7,1.24,0,1,0,1,0,1,0,1,y2
7,1.24833054890161,0,1,0,1,0,1,0,1,y2
7,1.27632876882895,0,1,0,1,0,1,0,1,y2
7,1.30495494768896,0,1,0,1,0,1,0,1,y2
7,1.33422316967777,0,1,0,1,0,1,0,1,y2
7,1.36,0,1,0,1,0,1,0,1,y2
7,1.36414783487935,0,1,0,1,0,1,0,1,y2
7,1.39474366635041,0,1,0,1,0,1,0,1,y2
7,1.42602571736414,0,1,0,1,0,1,0,1,y2
7,1.45800937881658,0,1,0,1,0,1,0,1,y2
7,1.48,0,1,0,1,0,1,0,1,y2
7,1.49071038679892,0,1,0,1,0,1,0,1,y2
7,1.5,0,1,0,1,0,1,0,1,y2
7,1.52414483033977,0,1,0,1,0,1,0,1,y2
7,1.558329159321,0,1,0,1,0,1,0,1,y2
7,1.59328019257117,0,1,0,1,0,1,0,1,y2
7,1.6,0,1,0,1,0,1,0,1,y2
7,1.62901512614043,0,1,0,1,0,1,0,1,y2
7,1.6655515417611,0,1,0,1,0,1,0,1,y2
7,1.70290741549789,0,1,0,1,0,1,0,1,y2
7,1.72,0,1,0,1,0,1,0,1,y2
7,1.74110112659225,0,1,0,1,0,1,0,1,y2
7,1.78015146650499,0,1,0,1,0,1,0,1,y2
7,1.8200776481618,0,1,0,1,0,1,0,1,y2
7,1.84,0,1,0,1,0,1,0,1,y2
7,1.86089931540603,0,1,0,1,0,1,0,1,y2
7,1.9026365526636,0,1,0,1,0,1,0,1,y2
7,1.94530989482457,0,1,0,1,0,1,0,1,y2
7,1.96,0,1,0,1,0,1,0,1,y2
7,1.98894033734643,0,1,0,1,0,1,0,1,y2
7,2,0,1,0,1,0,1,0,1,y2
7,2.03354934658391,0,1,0,1,0,1,0,1,y2
7,2.07915887035056,0,1,0,1,0,1,0,1,y2
7,2.08,0,1,0,1,0,1,0,1,y2
7,2.12579134871711,0,1,0,1,0,1,0,1,y2
7,2.17346972505212,0,1,0,1,0,1,0,1,y2
7,2.2,0,1,0,1,0,1,0,1,y2
7,2.22221745731019,0,1,0,1,0,1,0,1,y2
7,2.27205852957337,0.0839138,1,0.0839138,1,0,1,0,1,y2
7,2.32,0.265343,1,0.265343,1,0,1,0,1,y2
7,2.32301746385144,0.276052,1,0.276052,1,0,1,0,1,y2
7,2.37511933214682,0.449178,1,0.449178,1,0,1,0,1,y2
7,2.42838976879009,0.606749,1,0.606749,1,0,1,0,1,y2
7,2.44,0.638796,1,0.638796,1,0,1,0,1,y2
7,2.48285498305222,0.750901,1,0.750901,1,0,1,0,1,y2
7,2.5,0.793211,1,0.793211,1,0,1,0,1,y2
7,2.53854177203961,0.883511,1,0.883511,1,0,1,0,1,y2
7,2.56,0.931096,1,0.931096,1,0,1,0,1,y2
7,2.59547753387837,1.00599,1,1.00599,1,0,1,0,1,y2
7,2.65369028119432,1.11956,1,1.11956,1,0,1,0,1,y2
7,2.68,1.16761,1,1.16761,1,0,1,0,1,y2
7,2.71320865489534,1.22569,1,1.22569,1,0,1,0,1,y2
7,2.77406193826277,1.32532,0,1.32532,0,0,1,0,1,y2
7,2.8,1.36536,0,1.36536,0,0,1,0,1,y2
7,2.83628007135892,1.41907,0,1.41907,0,0,1,0,1,y2
7,2.8998936657577,1.50731,0,1.50731,0,0,1,0,1,y2
7,2.92,1.53374,0,1.53374,0,0,1,0,1,y2
7,2.96493401960567,1.59048,0,1.59048,0,0,1,0,1,y2
7,3,1.63265,0,1.63265,0,0,1,0,1,y2
7,3.0314331330208,1.66897,0,1.66897,0,0,1,0,1,y2
7,3.04,1.67864,0,1.67864,0,0,1,0,1,y2
7,3.09942372383669,1.74312,0,1.74312,0,0,1,0,1,y2
7,3.16,1.80451,0,1.80451,0,0,1,0,1,y2
7,3.16893924369988,1.81322,0,1.81322,0,0,1,0,1,y2
7,3.24001389452818,1.87948,0,1.87948,0,0,1,0,1,y2
7,3.28,1.91453,0,1.91453,0,0,1,0,1,y2
7,3.31268264533818,1.94206,0,1.94206,0,0,1,0,1,y2
7,3.38698124945011,2.0011,0,2.0011,0,0,1,0,1,y2
7,3.4,2.01095,0,2.01095,0,0,1,0,1,y2
7,3.46294626207863,2.05666,0,2.05666,0,0,1,0,1,y2
7,3.5,2.0821,0,2.0821,0,0,1,0,1,y2
7,3.52,2.09539,0,2.09539,0,0,1,0,1,y2
7,3.54061505831818,2.10878,0,2.10878,0,0,1,0,1,y2
7,3.62002585153162,2.15749,0,2.15749,0,0,1,0,1,y2
7,3.64,2.16904,0,2.16904,0,0,1,0,1,y2
7,3.70121771215141,2.20273,0,2.20273,0,0,1,0,1,y2
7,3.76,2.23273,0,2.23273,0,0,1,0,1,y2
7,3.78423058690238,2.24445,0,2.24445,0,0,1,0,1,y2
7,3.86910531845573,2.28257,0,2.28257,0,0,1,0,1,y2
7,3.88,2.28714,0,2.28714,0,0,1,0,1,y2
7,3.95588366552373,2.31699,0,2.31699,0,0,1,0,1,y2
7,4,2.33279,0,2.33279,0,0,1,0.000579238,1,y2
7,4.04460832340522,2.34763,0,2.34763,0,0.0694269,1,0.0786534,1,y2
7,4.12,2.37018,0,2.37018,0,0.201894,1,0.208373,1,y2
7,4.13532294499186,2.37438,0,2.37438,0,0.228472,1,0.234417,1,y2
7,4.22807216224552,2.39719,0,2.39719,0,0.387015,1,0.389643,1,y2
7,4.24,2.3998,0,2.3998,0,0.407118,1,0.409286,1,y2
7,4.32290160815741,2.41597,0,2.41597,0,0.545023,1,0.543998,1,y2
7,4.36,2.42215,0,2.42215,0,0.605743,1,0.603341,1,y2
7,4.41985793919965,2.43079,0,2.43079,0,0.702448,1,0.697826,1,y2
7,4.48,2.4379,0,2.4379,0,0.798046,1,0.791098,1,y2
7,4.5,2.43992,0,2.43992,0,0.829496,1,0.82176,1,y2
7,4.51898885828049,2.44168,0,2.44168,0,0.859201,1,0.850713,1,y2
7,4.6,2.44756,0,2.44756,0,0.984251,1,0.972565,1,y2
7,4.62034313821434,2.44863,0,2.44863,0,1.01523,1,1.00275,1,y2
7,4.72,2.45163,0,2.45163,0,1.16455,1,1.14828,1,y2
7,4.72397064571812,2.45167,0,2.45167,0,1.17041,1,1.15399,1,y2
7,4.82992236594598,2.45096,0,2.45096,0,1.32462,0,1.30384,0,y2
7,4.84,2.45071,0,2.45071,0,1.33906,0,1.31788,0,y2
7,4.93825042757415,2.44683,0,2.44683,0,1.47783,0,1.45292,0,y2
7,4.96,2.44562,0,2.44562,0,1.50802,0,1.48225,0,y2
7,5,2.44308,0,2.44308,0,1.56301,0,1.53559,0,y2
7,5.04900812844846,2.43944,0,2.43944,0,1.62952,0,1.6001,0,y2
7,5.08,2.43684,0,2.43684,0,1.67114,0,1.6405,0,y2
7,5.16224996180711,2.42892,0,2.42892,0,1.77984,0,1.74601,0,y2
7,5.2,2.42484,0,2.42484,0,1.82877,0,1.79349,0,y2
7,5.27803164309158,2.41559,0,2.41559,0,1.9279,0,1.88959,0,y2
7,5.32,2.4102,0,2.4102,0,1.98015,0,1.94015,0,y2
7,5.39641013735879,2.39972,0,2.39972,0,2.07333,0,2.03053,0,y2
7,5.44,2.39337,0,2.39337,0,2.12531,0,2.08115,0,y2
7,5.5,2.38421,0,2.38421,0,2.19532,0,2.14936,0,y2
7,5.51744368730824,2.38145,0,2.38145,0,2.21531,0,2.16884,0,y2
7,5.56,2.37459,0,2.37459,0,2.26335,0,2.21561,0,y2
7,5.64119184193756,2.36097,0,2.36097,0,2.35228,0,2.30176,0,y2
7,5.68,2.35423,0,2.35423,0,2.39361,0,2.34167,0,y2
7,5.7677154858409,2.33852,0,2.33852,0,2.4837,0,2.42896,0,y2
7,5.8,2.33258,0,2.33258,0,2.51553,0,2.45974,0,y2
7,5.8970768691644,2.31427,0,2.31427,0,2.60649,0,2.54787,0,y2
7,5.92,2.30985,0,2.30985,0,2.62691,0,2.56788,0,y2
7,6,2.29421,0,2.29421,0,2.69549,0,2.63457,0,y2
7,6.02933963823352,2.28838,0,2.28838,0,2.71956,0,2.65757,0,y2
7,6.04,2.28625,0,2.28625,0,2.72806,0,2.66574,0,y2
7,6.16,2.26193,0,2.26193,0,2.81288,0,2.75123,0,y2
7,6.16456886686726,2.26099,0,2.26099,0,2.81581,0,2.75425,0,y2
7,6.28,2.23703,0,2.23703,0,2.88319,0,2.82352,0,y2
7,6.30283108839477,2.23223,0,2.23223,0,2.89487,0,2.83564,0,y2
7,6.4,2.21146,0,2.21146,0,2.93743,0,2.88131,0,y2
7,6.44419432839,2.2018,0,2.2018,0,2.95319,0,2.89882,0,y2
7,6.5,2.18928,0,2.18928,0,2.97047,0,2.91799,0,y2
7,6.52,2.1847,0,2.1847,0,2.97584,0,2.92407,0,y2
7,6.58872813814059,2.1686,0,2.1686,0,2.99046,0,2.94179,0,y2
7,6.64,2.15621,0,2.15621,0,2.99766,0,2.95178,0,y2
7,6.73650362886733,2.132,0,2.132,0,3.00411,0,2.96331,0,y2
7,6.76,2.12593,0,2.12593,0,3.00427,0,2.96474,0,y2
7,6.88,2.09379,0,2.09379,0,2.99605,0,2.96406,0,y2
7,6.88759350671123,2.09169,0,2.09169,0,2.99508,0,2.96359,0,y2
7,7,2.05976,0,2.05976,0,2.97525,0,2.95085,0,y2
7,7.04207210850521,2.04737,0,2.04737,0,2.96518,0,2.94359,0,y2
7,7.12,2.02378,0,2.02378,0,2.94318,0,2.92679,0,y2
7,7.2000154383481,1.9987,0,1.9987,0,2.91645,0,2.90542,0,y2
7,7.24,1.98585,0,1.98585,0,2.9018,0,2.89347,0,y2
7,7.36,1.94594,0,1.94594,0,2.8531,0,2.8526,0,y2
7,7.361501204999,1.94543,0,1.94543,0,2.85244,0,2.85205,0,y2
7,7.48,1.90403,0,1.90403,0,2.79853,0,2.80571,0,y2
7,7.5,1.89685,0,1.89685,0,2.78908,0,2.79742,0,y2
7,7.5266088601103,1.88721,0,1.88721,0,2.77628,0,2.78621,0,y2
7,7.6,1.86011,0,1.86011,0,2.73997,0,2.75427,0,y2
7,7.6954196373182,1.82374,0,1.82374,0,2.69119,0,2.71099,0,y2
7,7.72,1.81417,0,1.81417,0,2.67845,0,2.6996,0,y2
7,7.84,1.76619,0,1.76619,0,2.61566,0,2.64307,0,y2
7,7.86801659220999,1.75469,0,1.75469,0,2.60088,0,2.62972,0,y2
7,7.96,1.71619,0,1.71619,0,2.55259,0,2.58568,0,y2
7,8,1.69908,0,1.69908,0,2.53165,0,2.56651,0,y2
7,8.04448464318775,1.67979,0,1.67979,0,2.50849,0,2.54524,0,y2
7,8.08,1.6642,0,1.6642,0,2.49015,0,2.52831,0,y2
7,8.2,1.61024,0,1.61024,0,2.42909,0,2.47177,0,y2
7,8.22491061324853,1.5988,0,1.5988,0,2.41668,0,2.4602,0,y2
7,8.32,1.55435,0,1.55435,0,2.37003,0,2.41662,0,y2
7,8.40938327270165,1.51151,0,1.51151,0,2.32773,0,2.377,0,y2
7,8.44,1.4966,0,1.4966,0,2.31353,0,2.36367,0,y2
7,8.5,1.46707,0,1.46707,0,2.28623,0,2.33802,0,y2
7,8.56,1.43714,0,1.43714,0,2.2598,0,2.31317,0,y2
7,8.59799338284401,1.41798,0,1.41798,0,2.24336,0,2.29777,0,y2
7,8.68,1.37617,0,1.37617,0,2.20909,0,2.26519,0,y2
7,8.79083374061504,1.31878,0,1.31878,0,2.16502,0,2.22382,0,y2
7,8.8,1.31399,0,1.31399,0,2.16152,0,2.22048,0,y2
7,8.92,1.2508,1,1.2508,1,2.11678,0,2.17816,0,y2
7,8.98799922425316,1.21465,1,1.21465,1,2.09105,0,2.15559,0,y2
7,9,1.20825,1,1.20825,1,2.08637,0,2.15166,0,y2
7,9.04,1.18687,1,1.18687,1,2.07038,0,2.13872,0,y2
7,9.16,1.12254,1,1.12254,1,2.01999,0,2.09921,0,y2
7,9.18958683997628,1.10665,1,1.10665,1,2.00689,0,2.08892,0,y2
7,9.28,1.05815,1,1.05815,1,1.9657,0,2.05625,0,y2
7,9.39569576970923,0.996297,1,0.996297,1,1.9103,0,2.01179,0,y2
7,9.4,0.994004,1,0.994004,1,1.90819,0,2.01007,0,y2
7,9.5,0.940951,1,0.940951,1,1.85818,0,1.96923,0,y2
7,9.52,0.930406,1,0.930406,1,1.84796,0,1.96084,0,y2
7,9.60642741988167,0.885106,1,0.885106,1,1.80301,0,1.92375,0,y2
7,9.64,0.867659,1,0.867659,1,1.78525,0,1.90899,0,y2
7,9.76,0.806003,1,0.806003,1,1.72012,0,1.85467,0,y2
7,9.82188547132048,0.774719,1,0.774719,1,1.68581,0,1.82576,0,y2
7,9.88,0.74568,1,0.74568,1,1.653,0,1.79804,0,y2
7,10,0.686733,1,0.686733,1,1.58303,0,1.73909,0,y2
7,10.0421759302611,0.666414,1,0.666414,1,1.5582,0,1.71782,0,y2
7,10.12,0.629558,1,0.629558,1,1.50988,0,1.67784,0,y2
7,10.24,0.574125,1,0.574125,1,1.4356,0,1.61442,0,y2
7,10.2674071805032,0.561479,1,0.561479,1,1.41781,0,1.59962,0,y2
7,10.36,0.519285,1,0.519285,1,1.35968,0,1.54872,0,y2
7,10.48,0.466096,1,0.466096,1,1.28007,0,1.48063,0,y2
7,10.4976900367357,0.458392,1,0.458392,1,1.26839,1,1.4704,0,y2
7,10.5,0.457389,1,0.457389,1,1.26686,1,1.46907,0,y2
7,10.6,0.414594,1,0.414594,1,1.19847,1,1.41036,0,y2
7,10.72,0.364874,1,0.364874,1,1.11493,1,1.33792,0,y2
7,10.7331377990581,0.359544,1,0.359544,1,1.10553,1,1.32984,0,y2
7,10.84,0.316942,1,0.316942,1,1.02882,1,1.26305,1,y2
7,10.96,0.270775,1,0.270775,1,0.940425,1,1.18597,1,y2
7,10.9738663087248,0.265549,1,0.265549,1,0.930165,1,1.17694,1,y2
7,11,0.25576,1,0.25576,1,0.910629,1,1.15985,1,y2
7,11.08,0.226227,1,0.226227,1,0.850179,1,1.1068,1,y2
7,11.2,0.183187,1,0.183187,1,0.756801,1,1.02454,1,y2
7,11.2199940051392,0.17617,1,0.17617,1,0.740924,1,1.0105,1,y2
7,11.32,0.141674,1,0.141674,1,0.661619,1,0.939691,1,y2
7,11.44,0.101398,1,0.101398,1,0.564252,1,0.85482,1,y2
7,11.4716419841266,0.0910287,1,0.0910287,1,0.538178,1,0.832335,1,y2
7,11.5,0.081841,1,0.081841,1,0.514709,1,0.812061,1,y2
7,11.56,0.0627255,1,0.0627255,1,0.464593,1,0.768584,1,y2
7,11.68,0.0251309,1,0.0251309,1,0.362687,1,0.67852,1,y2
7,11.7289340575137,0.00988536,1,0.00988536,1,0.320613,1,0.640677,1,y2
7,11.8,0,1,0,1,0.258685,1,0.585148,1,y2
7,11.92,0,1,0,1,0.152559,1,0.490531,1,y2
7,11.9919968140444,0,1,0,1,0.0878907,1,0.432932,1,y2
7,12,0,1,0,1,0.0806556,1,0.426476,1,y2
7,12.04,0,1,0,1,0.0443655,1,0.394004,1,y2
7,12.16,0,1,0,1,0,1,0.295126,1,y2
7,12.2609596816623,0,1,0,1,0,1,0.210476,1,y2
7,12.28,0,1,0,1,0,1,0.194362,1,y2
7,12.4,0,1,0,1,0,1,0.0915725,1,y2
7,12.5,0,1,0,1,0,1,0.00444765,1,y2
7,12.52,0,1,0,1,0,1,0,1,y2
7,12.5359549911895,0,1,0,1,0,1,0,1,y2
7,12.64,0,1,0,1,0,1,0,1,y2
7,12.76,0,1,0,1,0,1,0,1,y2
7,12.817118041434,0,1,0,1,0,1,0,1,y2
7,12.88,0,1,0,1,0,1,0,1,y2
7,13,0,1,0,1,0,1,0,1,y2
7,13.1045871657572,0,1,0,1,0,1,0,1,y2
7,13.12,0,1,0,1,0,1,0,1,y2
7,13.24,0,1,0,1,0,1,0,1,y2
7,13.36,0,1,0,1,0,1,0,1,y2
7,13.3985038001348,0,1,0,1,0,1,0,1,y2
7,13.48,0,1,0,1,0,1,0,1,y2
7,13.5,0,1,0,1,0,1,0,1,y2
7,13.6,0,1,0,1,0,1,0,1,y2
7,13.6990125527433,0,1,0,1,0,1,0,1,y2
7,13.72,0,1,0,1,0,1,0,1,y2
7,13.84,0,1,0,1,0,1,0,1,y2
7,13.96,0,1,0,1,0,1,0,1,y2
7,14,0,1,0,1,0,1,0,1,y2
7,14.0062612751082,0,1,0,1,0,1,0,1,y2
7,14.08,0,1,0,1,0,1,0,1,y2
7,14.2,0,1,0,1,0,1,0,1,y2
7,14.32,0,1,0,1,0,1,0,1,y2
7,14.3204011348476,0,1,0,1,0,1,0,1,y2
7,14.44,0,1,0,1,0,1,0,1,y2
7,14.5,0,1,0,1,0,1,0,1,y2
7,14.56,0,1,0,1,0,1,0,1,y2
7,14.6415866900469,0,1,0,1,0,1,0,1,y2
7,14.68,0,1,0,1,0,1,0,1,y2
7,14.8,0,1,0,1,0,1,0,1,y2
7,14.92,0,1,0,1,0,1,0,1,y2
7,14.9699759653024,0,1,0,1,0,1,0,1,y2
7,15,0,1,0,1,0,1,0,1,y2
7,15.04,0,1,0,1,0,1,0,1,y2
7,15.16,0,1,0,1,0,1,0,1,y2
7,15.28,0,1,0,1,0,1,0,1,y2
7,15.30573052947,0,1,0,1,0,1,0,1,y2
7,15.4,0,1,0,1,0,1,0,1,y2
7,15.5,0,1,0,1,0,1,0,1,y2
7,15.52,0,1,0,1,0,1,0,1,y2
7,15.64,0,1,0,1,0,1,0,1,y2
7,15.6490155751574,0,1,0,1,0,1,0,1,y2
7,15.76,0,1,0,1,0,1,0,1,y2
7,15.88,0,1,0,1,0,1,0,1,y2
7,16,0,1,0,1,0,1,0,1,y2
8,1,0,1,0,1,0,1,0,1,y2
8,1.02404791316671,0,1,0,1,0,1,0,1,y2
8,1.0486741284611,0,1,0,1,0,1,0,1,y2
8,1.07389255284251,0,1,0,1,0,1,0,1,y2
8,1.09971742770365,0,1,0,1,0,1,0,1,y2
8,1.12616333691299,0,1,0,1,0,1,0,1,y2
8,1.148,0,1,0,1,0,1,0,1,y2
8,1.15324521505061,0,1,0,1,0,1,0,1,y2
8,1.18097835584208,0,1,0,1,0,1,0,1,y2
8,1.20937842079513,0,1,0,1,0,1,0,1,y2
8,1.23846144804411,0,1,0,1,0,1,0,1,y2
8,1.268243861407,0,1,0,1,0,1,0,1,y2
8,1.296,0,1,0,1,0,1,0,1,y2
8,1.29874247966033,0,1,0,1,0,1,0,1,y2
8,1.32997452603713,0,1,0,1,0,1,0,1,y2
8,1.36195763795321,0,1,0,1,0,1,0,1,y2
8,1.39470987696745,0,1,0,1,0,1,0,1,y2
8,1.42824973898152,0,1,0,1,0,1,0,1,y2
8,1.444,0,1,0,1,0,1,0,1,y2
8,1.46259616468493,0,1,0,1,0,1,0,1,y2
8,1.49776855025124,0,1,0,1,0,1,0,1,y2
8,1.5,0,1,0,1,0,1,0,1,y2
8,1.53378675829152,0,1,0,1,0,1,0,1,y2
8,1.57067112907117,0,1,0,1,0,1,0,1,y2
8,1.592,0,1,0,1,0,1,0,1,y2
8,1.60844249199654,0,1,0,1,0,1,0,1,y2
8,1.64712217737772,0,1,0,1,0,1,0,1,y2
8,1.68673202847427,0,1,0,1,0,1,0,1,y2
8,1.72729441383054,0,1,0,1,0,1,0,1,y2
8,1.74,0,1,0,1,0,1,0,1,y2
8,1.76883223990768,0,1,0,1,0,1,0,1,y2
8,1.81136896401947,0,1,0,1,0,1,0,1,y2
8,1.85492860757909,0,1,0,1,0,1,0,1,y2
8,1.888,0,1,0,1,0,1,0,1,y2
8,1.8995357696646,0,1,0,1,0,1,0,1,y2
8,1.94521564091056,0,1,0,1,0,1,0,1,y2
8,1.99199401773371,0,1,0,1,0,1,0,1,y2
8,2,0,1,0,1,0,1,0,1,y2
8,2.036,0,1,0,1,0,1,0,1,y2
8,2.03989731690079,0,1,0,1,0,1,0,1,y2
8,2.08895259044663,0,1,0,1,0,1,0,1,y2
8,2.13918754095107,0,1,0,1,0,1,0,1,y2
8,2.184,0,1,0,1,0,1,0,1,y2
8,2.19063053718318,0,1,0,1,0,1,0,1,y2
8,2.24331063012171,0,1,0,1,0,1,0,1,y2
8,2.29725756936084,0.18191,1,0.18191,1,0,1,0,1,y2
8,2.332,0.307438,1,0.307438,1,0,1,0,1,y2
8,2.35250181991041,0.37653,1,0.37653,1,0,1,0,1,y2
8,2.40907457940015,0.551655,1,0.551655,1,0,1,0,1,y2
8,2.4670077956977,0.710557,1,0.710557,1,0,1,0,1,y2
8,2.48,0.743725,1,0.743725,1,0,1,0,1,y2
8,2.5,0.793211,1,0.793211,1,0,1,0.00822898,1,y2
8,2.52633418495025,0.855612,1,0.855612,1,0,1,0.322285,1,y2
8,2.58708725006003,0.988696,1,0.988696,1,0.375152,1,0.801975,1,y2
8,2.628,1.07073,1,1.07073,1,0.720187,1,1.02608,1,y2
8,2.64930129960419,1.11136,1,1.11136,1,0.860196,1,1.12404,1,y2
8,2.71301146720953,1.22535,1,1.22535,1,1.18404,1,1.36456,0,y2
8,2.776,1.32836,0,1.32836,0,1.41815,0,1.54942,0,y2
8,2.77825373139329,1.33189,0,1.33189,0,1.42546,0,1.55531,0,y2
8,2.84506493588093,1.43169,0,1.43169,0,1.61654,0,1.71246,0,y2
8,2.91348281041266,1.52525,0,1.52525,0,1.77315,0,1.84558,0,y2
8,2.924,1.53892,0,1.53892,0,1.79468,0,1.86407,0,y2
8,2.98354599205017,1.61308,0,1.61308,0,1.90629,0,1.96062,0,y2
8,3,1.63265,0,1.63265,0,1.93438,0,1.98509,0,y2
8,3.05529404699589,1.69566,0,1.69566,0,2.02148,0,2.06143,0,y2
8,3.072,1.71391,0,1.71391,0,2.04578,0,2.08288,0,y2
8,3.12876749293683,1.77339,0,1.77339,0,2.12237,0,2.15083,0,y2
8,3.20400782192581,1.84656,0,1.84656,0,2.21164,0,2.23081,0,y2
8,3.22,1.86134,0,1.86134,0,2.22907,0,2.24651,0,y2
8,3.28105752381295,1.91544,0,1.91544,0,2.29131,0,2.30283,0,y2
8,3.3599601102406,1.98018,0,1.98018,0,2.36286,0,2.36801,0,y2
8,3.368,1.98647,0,1.98647,0,2.36966,0,2.37422,0,y2
8,3.44076013921529,2.04091,0,2.04091,0,2.42739,0,2.42715,0,y2
8,3.5,2.0821,0,2.0821,0,2.46986,0,2.46625,0,y2
8,3.516,2.09276,0,2.09276,0,2.4807,0,2.47624,0,y2
8,3.52350324027063,2.09769,0,2.09769,0,2.48569,0,2.48085,0,y2
8,3.60823614023529,2.15054,0,2.15054,0,2.5383,0,2.52959,0,y2
8,3.664,2.18255,0,2.18255,0,2.56944,0,2.55857,0,y2
8,3.69500668962067,2.19943,0,2.19943,0,2.58564,0,2.57371,0,y2
8,3.78386388964309,2.24427,0,2.24427,0,2.62801,0,2.61348,0,y2
8,3.812,2.25742,0,2.25742,0,2.64024,0,2.62501,0,y2
8,3.87485791989589,2.28499,0,2.28499,0,2.66562,0,2.64905,0,y2
8,3.96,2.31851,0,2.31851,0,2.69601,0,2.67804,0,y2
8,3.9680401666869,2.32146,0,2.32146,0,2.69866,0,2.68058,0,y2
8,4,2.33279,0,2.33279,0,2.7088,0,2.69033,0,y2
8,4.06346325205742,2.35357,0,2.35357,0,2.72725,0,2.70817,0,y2
8,4.108,2.3668,0,2.3668,0,2.73891,0,2.71954,0,y2
8,4.16118106349903,2.38119,0,2.38119,0,2.75153,0,2.73193,0,y2
8,4.256,2.40318,0,2.40318,0,2.7707,0,2.75101,0,y2
8,4.26124878438503,2.40427,0,2.40427,0,2.77165,0,2.75196,0,y2
8,4.36372292513368,2.42273,0,2.42273,0,2.78778,0,2.76835,0,y2
8,4.404,2.42866,0,2.42866,0,2.79299,0,2.77374,0,y2
8,4.4686613551209,2.43667,0,2.43667,0,2.80013,0,2.78126,0,y2
8,4.5,2.43992,0,2.43992,0,2.80308,0,2.78442,0,y2
8,4.552,2.4444,0,2.4444,0,2.80726,0,2.78899,0,y2
8,4.57612333536029,2.4461,0,2.4461,0,2.80892,0,2.79085,0,y2
8,4.68616955196921,2.45102,0,2.45102,0,2.8144,0,2.79732,0,y2
8,4.7,2.45132,0,2.45132,0,2.81486,0,2.79792,0,y2
8,4.79886215043946,2.45153,0,2.45153,0,2.81682,0,2.8009,0,y2
8,4.848,2.45049,0,2.45049,0,2.81698,0,2.80158,0,y2
8,4.91426477073226,2.44802,0,2.44802,0,2.81644,0,2.80174,0,y2
8,4.996,2.44335,0,2.44335,0,2.81466,0,2.80087,0,y2
8,5,2.44308,0,2.44308,0,2.81455,0,2.8008,0,y2
8,5.03244258321707,2.44073,0,2.44073,0,2.81351,0,2.80012,0,y2
8,5.144,2.4308,0,2.4308,0,2.80874,0,2.79659,0,y2
8,5.15346232547475,2.42984,0,2.42984,0,2.80826,0,2.79621,0,y2
8,5.2773923399857,2.41567,0,2.41567,0,2.8009,0,2.79025,0,y2
8,5.292,2.41382,0,2.41382,0,2.79991,0,2.78943,0,y2
8,5.40430261272435,2.39859,0,2.39859,0,2.79159,0,2.78238,0,y2
8,5.44,2.39337,0,2.39337,0,2.78869,0,2.77988,0,y2
8,5.5,2.38421,0,2.38421,0,2.78355,0,2.77542,0,y2
8,5.53426481268179,2.37877,0,2.37877,0,2.78048,0,2.77273,0,y2
8,5.588,2.36997,0,2.36997,0,2.77547,0,2.76832,0,y2
8,5.66735233233876,2.35644,0,2.35644,0,2.76767,0,2.76138,0,y2
8,5.736,2.34428,0,2.34428,0,2.76056,0,2.75501,0,y2
8,5.80364032911202,2.33191,0,2.33191,0,2.75323,0,2.74841,0,y2
8,5.884,2.31677,0,2.31677,0,2.74412,0,2.74017,0,y2
8,5.94320576779734,2.30535,0,2.30535,0,2.73715,0,2.73384,0,y2
8,6,2.29421,0,2.29421,0,2.73027,0,2.72756,0,y2
8,6.032,2.28785,0,2.28785,0,2.7263,0,2.72394,0,y2
8,6.08612746403324,2.27698,0,2.27698,0,2.71945,0,2.71767,0,y2
8,6.18,2.25782,0,2.25782,0,2.70716,0,2.70641,0,y2
8,6.23248612880987,2.24695,0,2.24695,0,2.70007,0,2.69989,0,y2
8,6.328,2.2269,0,2.2269,0,2.68675,0,2.68763,0,y2
8,6.38236441404823,2.21527,0,2.21527,0,2.67894,0,2.68043,0,y2
8,6.476,2.19471,0,2.19471,0,2.66508,0,2.66764,0,y2
8,6.5,2.18928,0,2.18928,0,2.66145,0,2.66429,0,y2
8,6.53584695927559,2.18104,0,2.18104,0,2.65596,0,2.65922,0,y2
8,6.624,2.16011,0,2.16011,0,2.64214,0,2.64644,0,y2
8,6.69302043942318,2.14305,0,2.14305,0,2.631,0,2.63614,0,y2
8,6.772,2.1228,0,2.1228,0,2.6179,0,2.62403,0,y2
8,6.85397361377347,2.10092,0,2.10092,0,2.6039,0,2.61108,0,y2
8,6.92,2.08266,0,2.08266,0,2.59233,0,2.60036,0,y2
8,7,2.05976,0,2.05976,0,2.57794,0,2.58705,0,y2
8,7.01879737608444,2.05425,0,2.05425,0,2.5745,0,2.58386,0,y2
8,7.068,2.03961,0,2.03961,0,2.56538,0,2.57543,0,y2
8,7.18758480591928,2.00266,0,2.00266,0,2.54257,0,2.55432,0,y2
8,7.216,1.99359,0,1.99359,0,2.53701,0,2.54918,0,y2
8,7.36043122121042,1.94579,0,1.94579,0,2.50788,0,2.52225,0,y2
8,7.364,1.94457,0,1.94457,0,2.50714,0,2.52156,0,y2
8,7.5,1.89685,0,1.89685,0,2.47834,0,2.49494,0,y2
8,7.512,1.89252,0,1.89252,0,2.47573,0,2.49254,0,y2
8,7.53743423208766,1.88326,0,1.88326,0,2.47017,0,2.4874,0,y2
8,7.66,1.83739,0,1.83739,0,2.44271,0,2.46204,0,y2
8,7.71869379600071,1.81468,0,1.81468,0,2.42915,0,2.44952,0,y2
8,7.808,1.77918,0,1.77918,0,2.40799,0,2.43,0,y2
8,7.90431227416739,1.73964,0,1.73964,0,2.38446,0,2.4083,0,y2
8,7.956,1.71789,0,1.71789,0,2.37152,0,2.39638,0,y2
8,8,1.69908,0,1.69908,0,2.36032,0,2.38606,0,y2
8,8.09439448937916,1.65783,0,1.65783,0,2.33575,0,2.36343,0,y2
8,8.104,1.65356,0,1.65356,0,2.33321,0,2.36108,0,y2
8,8.252,1.58625,0,1.58625,0,2.29299,0,2.32406,0,y2
8,8.28904778519687,1.56895,0,1.56895,0,2.28261,0,2.31452,0,y2
8,8.4,1.51605,0,1.51605,0,2.25077,0,2.28524,0,y2
8,8.48838208657003,1.47282,0,1.47282,0,2.22458,0,2.26117,0,y2
8,8.5,1.46707,0,1.46707,0,2.22108,0,2.25796,0,y2
8,8.548,1.44315,0,1.44315,0,2.20648,0,2.24455,0,y2
8,8.69250996191376,1.36975,0,1.36975,0,2.16117,0,2.20296,0,y2
8,8.696,1.36795,0,1.36795,0,2.16005,0,2.20193,0,y2
8,8.844,1.29092,0,1.29092,0,2.11139,0,2.15729,0,y2
8,8.90154668667865,1.26058,1,1.26058,1,2.09186,0,2.13938,0,y2
8,8.992,1.21251,1,1.21251,1,2.06045,0,2.11059,0,y2
8,9,1.20825,1,1.20825,1,2.05763,0,2.10801,0,y2
8,9.11561030844935,1.14636,1,1.14636,1,2.0161,0,2.06995,0,y2
8,9.14,1.13328,1,1.13328,1,2.00715,0,2.06176,0,y2
8,9.288,1.05386,1,1.05386,1,1.95147,0,2.01077,0,y2
8,9.33482171360854,1.02878,1,1.02878,1,1.93336,0,1.99418,0,y2
8,9.436,0.974848,1,0.974848,1,1.89338,0,1.95758,0,y2
8,9.5,0.94095,1,0.94095,1,1.86749,0,1.93389,0,y2
8,9.55930469560415,0.909744,1,0.909744,1,1.8431,0,1.91156,0,y2
8,9.584,0.89681,1,0.89681,1,1.83284,0,1.90214,0,y2
8,9.732,0.820272,1,0.820272,1,1.76995,0,1.84435,0,y2
8,9.7891860248582,0.791208,1,0.791208,1,1.74505,0,1.82141,0,y2
8,9.88,0.74568,1,0.74568,1,1.7048,0,1.78433,0,y2
8,10,0.686733,1,0.686733,1,1.65026,0,1.73425,0,y2
8,10.0245955203568,0.674856,1,0.674856,1,1.63891,0,1.72384,0,y2
8,10.028,0.673219,1,0.673219,1,1.63733,0,1.72239,0,y2
8,10.176,0.603633,1,0.603633,1,1.56804,0,1.65842,0,y2
8,10.2656661229618,0.562281,1,0.562281,1,1.52549,0,1.61845,0,y2
8,10.324,0.535578,1,0.535578,1,1.49756,0,1.59201,0,y2
8,10.472,0.469593,1,0.469593,1,1.42568,0,1.52393,0,y2
8,10.5,0.457388,1,0.457388,1,1.41194,0,1.51104,0,y2
8,10.5125339704852,0.451957,1,0.451957,1,1.40579,0,1.50526,0,y2
8,10.62,0.406177,1,0.406177,1,1.35305,0,1.45561,0,y2
8,10.7653384745696,0.346561,1,0.346561,1,1.28272,0,1.38782,0,y2
8,10.768,0.345493,1,0.345493,1,1.28142,0,1.38658,0,y2
8,10.916,0.287516,1,0.287516,1,1.20939,1,1.31774,0,y2
8,11,0.25576,1,0.25576,1,1.17053,1,1.27904,0,y2
8,11.0242223994163,0.246754,1,0.246754,1,1.15965,1,1.26793,1,y2
8,11.064,0.232089,1,0.232089,1,1.14184,1,1.24977,1,y2
8,11.212,0.178971,1,0.178971,1,1.0767,1,1.18301,1,y2
8,11.289331942408,0.15215,1,0.15215,1,1.04438,1,1.1489,1,y2
8,11.36,0.128121,1,0.128121,1,1.01574,1,1.11858,1,y2
8,11.5,0.081841,1,0.081841,1,0.96192,1,1.06157,1,y2
8,11.508,0.0792678,1,0.0792678,1,0.958985,1,1.05841,1,y2
8,11.5608168166693,0.0624677,1,0.0624677,1,0.939975,1,1.03775,1,y2
8,11.656,0.0326381,1,0.0326381,1,0.907219,1,1.00152,1,y2
8,11.804,0,1,0,1,0.859715,1,0.9486,1,y2
8,11.8388303356128,0,1,0,1,0.849203,1,0.936999,1,y2
8,11.952,0,1,0,1,0.81746,1,0.901034,1,y2
8,12,0,1,0,1,0.804706,1,0.886118,1,y2
8,12.1,0,1,0,1,0.779347,1,0.856386,1,y2
8,12.1235294995191,0,1,0,1,0.773633,1,0.849719,1,y2
8,12.248,0,1,0,1,0.744658,1,0.816521,1,y2
8,12.396,0,1,0,1,0.713919,1,0.779994,1,y2
8,12.4150750841976,0,1,0,1,0.710168,1,0.77551,1,y2
8,12.5,0,1,0,1,0.694027,1,0.756851,1,y2
8,12.544,0,1,0,1,0.686026,1,0.747781,1,y2
8,12.692,0,1,0,1,0.660647,1,0.718633,1,y2
8,12.7136317317806,0,1,0,1,0.657076,1,0.714606,1,y2
8,12.84,0,1,0,1,0.637712,1,0.692809,1,y2
8,12.988,0,1,0,1,0.616697,1,0.667218,1,y2
8,13,0,1,0,1,0.615066,1,0.665283,1,y2
8,13.0193680437001,0,1,0,1,0.612456,1,0.66223,1,y2
8,13.136,0,1,0,1,0.5973,1,0.645263,1,y2
8,13.284,0,1,0,1,0.579397,1,0.624093,1,y2
8,13.3324566759004,0,1,0,1,0.573733,1,0.617577,1,y2
8,13.432,0,1,0,1,0.562462,1,0.604859,1,y2
8,13.5,0,1,0,1,0.555008,1,0.596243,1,y2
8,13.58,0,1,0,1,0.546475,1,0.586813,1,y2
8,13.6530744363415,0,1,0,1,0.53888,1,0.578924,1,y2
8,13.728,0,1,0,1,0.531259,1,0.570849,1,y2
8,13.876,0,1,0,1,0.516661,1,0.554924,1,y2
8,13.9814023848453,0,1,0,1,0.506579,1,0.543307,1,y2
8,14,0,1,0,1,0.504823,1,0.541315,1,y2
8,14.024,0,1,0,1,0.502567,1,0.538893,1,y2
8,14.172,0,1,0,1,0.488846,1,0.525323,1,y2
8,14.3176259353449,0,1,0,1,0.475607,1,0.511462,1,y2
8,14.32,0,1,0,1,0.475393,1,0.511231,1,y2
8,14.468,0,1,0,1,0.462172,1,0.497092,1,y2
8,14.5,0,1,0,1,0.459335,1,0.494132,1,y2
8,14.616,0,1,0,1,0.449082,1,0.483526,1,y2
8,14.6619349605916,0,1,0,1,0.445027,1,0.479168,1,y2
8,14.764,0,1,0,1,0.436019,1,0.469895,1,y2
8,14.912,0,1,0,1,0.422952,1,0.456772,1,y2
8,15,0,1,0,1,0.415443,1,0.448915,1,y2
8,15.0145238993799,0,1,0,1,0.414232,1,0.447729,1,y2
8,15.06,0,1,0,1,0.410423,1,0.444104,1,y2
8,15.208,0,1,0,1,0.39745,1,0.430705,1,y2
8,15.356,0,1,0,1,0.384594,1,0.417736,1,y2
8,15.3755918663517,0,1,0,1,0.382916,1,0.41599,1,y2
8,15.5,0,1,0,1,0.372225,1,0.405386,1,y2
8,15.504,0,1,0,1,0.37188,1,0.405036,1,y2
8,15.652,0,1,0,1,0.358987,1,0.392255,1,y2
8,15.7453427644406,0,1,0,1,0.350867,1,0.384171,1,y2
8,15.8,0,1,0,1,0.346108,1,0.37944,1,y2
8,15.948,0,1,0,1,0.333142,1,0.366613,1,y2
8,16,0,1,0,1,0.32863,1,0.362099,1,y2
8,16.096,0,1,0,1,0.320389,1,0.353759,1,y2
8,16.12398540002,0,1,0,1,0.317977,1,0.351327,1,y2
8,16.244,0,1,0,1,0.307139,1,0.34089,1,y2
8,16.392,0,1,0,1,0.293955,1,0.328002,1,y2
8,16.5,0,1,0,1,0.284713,1,0.318568,1,y2
8,16.5117336008211,0,1,0,1,0.283681,1,0.317541,1,y2
8,16.54,0,1,0,1,0.281126,1,0.315064,1,y2
8,16.688,0,1,0,1,0.267405,1,0.301977,1,y2
8,16.836,0,1,0,1,0.254475,1,0.288687,1,y2
8,16.9088063366855,0,1,0,1,0.247974,1,0.282174,1,y2
8,16.984,0,1,0,1,0.240949,1,0.275537,1,y2
8,17,0,1,0,1,0.239471,1,0.274148,1,y2
8,17.132,0,1,0,1,0.227352,1,0.262739,1,y2
8,17.28,0,1,0,1,0.213982,1,0.249178,1,y2
8,17.3154278432229,0,1,0,1,0.210813,1,0.246059,1,y2
8,17.428,0,1,0,1,0.200591,1,0.236144,1,y2
8,17.5,0,1,0,1,0.194032,1,0.229667,1,y2
8,17.576,0,1,0,1,0.187073,1,0.222761,1,y2
8,17.724,0,1,0,1,0.173492,1,0.209432,1,y2
8,17.7318277484412,0,1,0,1,0.172772,1,0.20872,1,y2
8,17.872,0,1,0,1,0.15984,1,0.196146,1,y2
8,18,0,1,0,1,0.147967,1,0.184522,1,y2
8,18.02,0,1,0,1,0.146107,1,0.182626,1,y2
8,18.1582412024229,0,1,0,1,0.133237,1,0.169997,1,y2
8,18.168,0,1,0,1,0.132329,1,0.169145,1,y2
8,18.316,0,1,0,1,0.118557,1,0.155573,1,y2
8,18.464,0,1,0,1,0.104689,1,0.142162,1,y2
8,18.5,0,1,0,1,0.101296,1,0.138887,1,y2
8,18.594909010119,0,1,0,1,0.0923259,1,0.130285,1,y2
8,18.612,0,1,0,1,0.0907071,1,0.128684,1,y2
8,18.76,0,1,0,1,0.076662,1,0.114604,1,y2
8,18.908,0,1,0,1,0.0625712,1,0.10119,1,y2
8,19,0,1,0,1,0.0538089,1,0.0923566,1,y2
8,19.0420777673373,0,1,0,1,0.0498065,1,0.088477,1,y2
8,19.056,0,1,0,1,0.0484835,1,0.0872263,1,y2
8,19.204,0,1,0,1,0.0344719,1,0.0738617,1,y2
8,19.352,0,1,0,1,0.0204144,1,0.0596752,1,y2
8,19.5,0,1,0,1,0.00625746,1,0.0456814,1,y2
9,1,0,1,0,1,0,1,0,1,y2
9,1.02316176962892,0,1,0,1,0,1,0,1,y2
9,1.04686000683017,0,1,0,1,0,1,0,1,y2
9,1.0711071371421,0,1,0,1,0,1,0,1,y2
9,1.09591587390047,0,1,0,1,0,1,0,1,y2
9,1.12129922490442,0,1,0,1,0,1,0,1,y2
9,1.132,0,1,0,1,0,1,0,1,y2
9,1.14727049923674,0,1,0,1,0,1,0,1,y2
9,1.17384331424211,0,1,0,1,0,1,0,1,y2
9,1.20103160266703,0,1,0,1,0,1,0,1,y2
9,1.22884961996505,0,1,0,1,0,1,0,1,y2
9,1.25731195177126,0,1,0,1,0,1,0,1,y2
9,1.264,0,1,0,1,0,1,0,1,y2
9,1.28643352154987,0,1,0,1,0,1,0,1,y2
9,1.31622959841892,0,1,0,1,0,1,0,1,y2
9,1.34671580515626,0,1,0,1,0,1,0,1,y2
9,1.37790812639091,0,1,0,1,0,1,0,1,y2
9,1.396,0,1,0,1,0,1,0,1,y2
9,1.40982291698419,0,1,0,1,0,1,0,1,y2
9,1.44247691060494,0,1,0,1,0,1,0,1,y2
9,1.4758872285034,0,1,0,1,0,1,0,1,y2
9,1.5,0,1,0,1,0,1,0,1,y2
9,1.51007138848825,0,1,0,1,0,1,0,1,y2
9,1.528,0,1,0,1,0,1,0,1,y2
9,1.54504731411164,0,1,0,1,0,1,0,1,y2
9,1.58083334406686,0,1,0,1,0,1,0,1,y2
9,1.61744824180385,0,1,0,1,0,1,0,1,y2
9,1.6549112053672,0,1,0,1,0,1,0,1,y2
9,1.66,0,1,0,1,0,1,0,1,y2
9,1.69324187746223,0,1,0,1,0,1,0,1,y2
9,1.73246035575404,0,1,0,1,0,1,0,1,y2
9,1.77258720340524,0,1,0,1,0,1,0,1,y2
9,1.792,0,1,0,1,0,1,0,1,y2
9,1.81364345985768,0,1,0,1,0,1,0,1,y2
9,1.85565065186389,0,1,0,1,0,1,0,1,y2
9,1.89863080477411,0,1,0,1,0.188068,1,0.0720611,1,y2
9,1.924,0,1,0,1,0.319164,1,0.223911,1,y2
9,1.94260645408465,0,1,0,1,0.405934,1,0.322718,1,y2
9,1.9876006572538,0,1,0,1,0.589842,1,0.528009,1,y2
9,2,0,1,0,1,0.635165,1,0.577768,1,y2
9,2.03363700579139,0,1,0,1,0.748597,1,0.701033,1,y2
9,2.056,0,1,0,1,0.817302,1,0.774882,1,y2
9,2.08073963762837,0,1,0,1,0.887957,1,0.85025,1,y2
9,2.12893324977287,0,1,0,1,1.01189,1,0.981173,1,y2
9,2.17824311125945,0,1,0,1,1.12325,1,1.09758,1,y2
9,2.188,0,1,0,1,1.14371,1,1.11885,1,y2
9,2.22869507639821,0,1,0,1,1.22416,1,1.20216,1,y2
9,2.28031559833084,0.116705,1,0.116705,1,1.31627,0,1.29692,0,y2
9,2.32,0.265342,1,0.265342,1,1.38067,0,1.36278,0,y2
9,2.33313174290061,0.311342,1,0.311342,1,1.40089,0,1.3834,0,y2
9,2.38717120284358,0.486405,1,0.486405,1,1.47899,0,1.4628,0,y2
9,2.44246231230862,0.645496,1,0.645496,1,1.5513,0,1.53612,0,y2
9,2.452,0.671149,1,0.671149,1,1.56308,0,1.54806,0,y2
9,2.49903406171362,0.790862,1,0.790862,1,1.61854,0,1.60409,0,y2
9,2.5,0.793211,1,0.793211,1,1.61964,0,1.6052,0,y2
9,2.55691611294585,0.924364,1,0.924364,1,1.68129,0,1.66725,0,y2
9,2.584,0.98227,1,0.98227,1,1.70877,0,1.69485,0,y2
9,2.61613881491436,1.04751,1,1.04751,1,1.73995,0,1.72615,0,y2
9,2.67673321946267,1.16174,1,1.16174,1,1.7947,0,1.78121,0,y2
9,2.716,1.23044,1,1.23044,1,1.82774,0,1.81438,0,y2
9,2.73873109764993,1.26849,1,1.26849,1,1.84606,0,1.83277,0,y2
9,2.80216495640924,1.36863,0,1.36863,0,1.89409,0,1.8811,0,y2
9,2.848,1.43588,0,1.43588,0,1.9264,0,1.91354,0,y2
9,2.86706805559181,1.46268,0,1.46268,0,1.93932,0,1.92648,0,y2
9,2.93347442540585,1.55109,0,1.55109,0,1.98201,0,1.96918,0,y2
9,2.98,1.60881,0,1.60881,0,2.00972,0,1.99696,0,y2
9,3,1.63264,0,1.63264,0,2.02105,0,2.00844,0,y2
9,3.00141888425942,1.63431,0,1.63431,0,2.02184,0,2.00924,0,y2
9,3.07093705701651,1.71276,0,1.71276,0,2.05889,0,2.04702,0,y2
9,3.112,1.75622,0,1.75622,0,2.07919,0,2.06769,0,y2
9,3.14206539367602,1.78677,0,1.78677,0,2.09331,0,2.08218,0,y2
9,3.21484118848333,1.8566,0,1.8566,0,2.12507,0,2.11535,0,y2
9,3.244,1.88304,0,1.88304,0,2.13684,0,2.12791,0,y2
9,3.28930259948453,1.92247,0,1.92247,0,2.15416,0,2.14652,0,y2
9,3.36548866853358,1.98451,0,1.98451,0,2.18062,0,2.17535,0,y2
9,3.376,1.99267,0,1.99267,0,2.18402,0,2.17909,0,y2
9,3.44343934176288,2.04283,0,2.04283,0,2.20444,0,2.2017,0,y2
9,3.5,2.0821,0,2.0821,0,2.2198,0,2.21897,0,y2
9,3.508,2.08745,0,2.08745,0,2.22184,0,2.22129,0,y2
9,3.52319549052794,2.09749,0,2.09749,0,2.22564,0,2.22562,0,y2
9,3.60479893283718,2.1485,0,2.1485,0,2.24412,0,2.24714,0,y2
9,3.64,2.16904,0,2.16904,0,2.25117,0,2.25556,0,y2
9,3.68829245527811,2.19583,0,2.19583,0,2.25996,0,2.2663,0,y2
9,3.772,2.23858,0,2.23858,0,2.27292,0,2.28286,0,y2
9,3.77371983545133,2.23941,0,2.23941,0,2.27316,0,2.28317,0,y2
9,3.86112586492412,2.27917,0,2.27917,0,2.28375,0,2.29775,0,y2
9,3.904,2.29695,0,2.29695,0,2.28797,0,2.30399,0,y2
9,3.95055637271574,2.31501,0,2.31501,0,2.29185,0,2.31009,0,y2
9,4,2.33279,0,2.33279,0,2.29519,0,2.31585,0,y2
9,4.036,2.34486,0,2.34486,0,2.29715,0,2.31959,0,y2
9,4.04205824932663,2.34682,0,2.34682,0,2.29744,0,2.32019,0,y2
9,4.13567947132419,2.37448,0,2.37448,0,2.30065,0,2.32813,0,y2
9,4.168,2.38293,0,2.38293,0,2.30121,0,2.33033,0,y2
9,4.23146912649803,2.39794,0,2.39794,0,2.30158,0,2.33387,0,y2
9,4.3,2.41184,0,2.41184,0,2.30088,0,2.33653,0,y2
9,4.32947743959785,2.41711,0,2.41711,0,2.30022,0,2.33733,0,y2
9,4.4297557986674,2.43207,0,2.43207,0,2.29647,0,2.33852,0,y2
9,4.432,2.43235,0,2.43235,0,2.29636,0,2.33852,0,y2
9,4.5,2.43992,0,2.43992,0,2.29247,0,2.33805,0,y2
9,4.53235678198848,2.44283,0,2.44283,0,2.29027,0,2.33749,0,y2
9,4.564,2.44527,0,2.44527,0,2.28792,0,2.33675,0,y2
9,4.63733418564895,2.4494,0,2.4494,0,2.28169,0,2.3343,0,y2
9,4.696,2.45124,0,2.45124,0,2.27596,0,2.33165,0,y2
9,4.74474305174925,2.45182,0,2.45182,0,2.27074,0,2.32902,0,y2
9,4.828,2.451,0,2.451,0,2.2609,0,2.32363,0,y2
9,4.85463969726226,2.4503,0,2.4503,0,2.25751,0,2.32169,0,y2
9,4.96,2.44562,0,2.44562,0,2.24305,0,2.31302,0,y2
9,4.96708174356163,2.4452,0,2.4452,0,2.24201,0,2.31239,0,y2
9,5,2.44308,0,2.44308,0,2.23713,0,2.30934,0,y2
9,5.082128146634,2.43665,0,2.43665,0,2.22428,0,2.30115,0,y2
9,5.092,2.43577,0,2.43577,0,2.22268,0,2.3001,0,y2
9,5.19983922799096,2.42486,0,2.42486,0,2.20431,0,2.288,0,y2
9,5.224,2.42211,0,2.42211,0,2.19999,0,2.28511,0,y2
9,5.32027670629708,2.41017,0,2.41017,0,2.18209,0,2.27297,0,y2
9,5.356,2.40537,0,2.40537,0,2.17517,0,2.26823,0,y2
9,5.44350372973042,2.39285,0,2.39285,0,2.15758,0,2.25607,0,y2
9,5.488,2.38608,0,2.38608,0,2.1483,0,2.2496,0,y2
9,5.5,2.38421,0,2.38421,0,2.14576,0,2.24783,0,y2
9,5.56958490909258,2.37302,0,2.37302,0,2.13073,0,2.23728,0,y2
9,5.62,2.36459,0,2.36459,0,2.1195,0,2.22936,0,y2
9,5.69858635168566,2.35096,0,2.35096,0,2.10146,0,2.21657,0,y2
9,5.752,2.34139,0,2.34139,0,2.08882,0,2.20757,0,y2
9,5.83057569597389,2.32688,0,2.32688,0,2.06967,0,2.19389,0,y2
9,5.884,2.31677,0,2.31677,0,2.05629,0,2.18431,0,y2
9,5.96562214704798,2.30098,0,2.30098,0,2.03527,0,2.1692,0,y2
9,6,2.29421,0,2.29421,0,2.02622,0,2.16268,0,y2
9,6.016,2.29104,0,2.29104,0,2.02196,0,2.15961,0,y2
9,6.10379651291106,2.2734,0,2.2734,0,1.99811,0,2.1424,0,y2
9,6.148,2.26439,0,2.26439,0,1.9858,0,2.13351,0,y2
9,6.24517124160489,2.24431,0,2.24431,0,1.95805,0,2.11341,0,y2
9,6.28,2.23703,0,2.23703,0,1.94787,0,2.10603,0,y2
9,6.38982045919606,2.21367,0,2.21367,0,1.91495,0,2.08211,0,y2
9,6.412,2.20886,0,2.20886,0,1.90814,0,2.07716,0,y2
9,6.5,2.18928,0,2.18928,0,1.88063,0,2.05715,0,y2
9,6.53782000864209,2.18058,0,2.18058,0,1.86857,0,2.04836,0,y2
9,6.544,2.17915,0,2.17915,0,1.86659,0,2.04692,0,y2
9,6.676,2.14731,0,2.14731,0,1.82331,0,2.01531,0,y2
9,6.68924748955757,2.144,0,2.144,0,1.81887,0,2.01206,0,y2
9,6.808,2.1133,0,2.1133,0,1.77817,0,1.98229,0,y2
9,6.84418229890151,2.10358,0,2.10358,0,1.76548,0,1.973,0,y2
9,6.94,2.07701,0,2.07701,0,1.73131,0,1.94788,0,y2
9,7,2.05976,0,2.05976,0,1.7095,0,1.9318,0,y2
9,7.00270567260696,2.05897,0,2.05897,0,1.70851,0,1.93106,0,y2
9,7.072,2.03841,0,2.03841,0,1.68281,0,1.9121,0,y2
9,7.16490072817498,2.00982,0,2.00982,0,1.64744,0,1.88604,0,y2
9,7.204,1.99743,0,1.99743,0,1.63232,0,1.87486,0,y2
9,7.33085250825502,1.95582,0,1.95582,0,1.58269,0,1.83776,0,y2
9,7.336,1.95408,0,1.95408,0,1.58065,0,1.83623,0,y2
9,7.468,1.90831,0,1.90831,0,1.52724,0,1.79626,0,y2
9,7.5,1.89685,0,1.89685,0,1.51393,0,1.78634,0,y2
9,7.50064802523477,1.89662,0,1.89662,0,1.51366,0,1.78614,0,y2
9,7.6,1.86011,0,1.86011,0,1.47203,0,1.75474,0,y2
9,7.67437630686284,1.83187,0,1.83187,0,1.44093,0,1.73074,0,y2
9,7.732,1.80946,0,1.80946,0,1.41652,0,1.71192,0,y2
9,7.852128442928,1.76123,0,1.76123,0,1.36372,0,1.67188,0,y2
9,7.864,1.75635,0,1.75635,0,1.35846,0,1.66784,0,y2
9,7.996,1.7008,0,1.7008,0,1.30117,0,1.62209,0,y2
9,8,1.69908,0,1.69908,0,1.29942,0,1.62069,0,y2
9,8.03399763301975,1.68436,0,1.68436,0,1.28436,0,1.60872,0,y2
9,8.128,1.64285,0,1.64285,0,1.24214,1,1.57556,0,y2
9,8.22007923539501,1.60102,0,1.60102,0,1.20118,1,1.54241,0,y2
9,8.26,1.58253,0,1.58253,0,1.18353,1,1.52769,0,y2
9,8.392,1.51992,0,1.51992,0,1.12523,1,1.47864,0,y2
9,8.41047081697666,1.51098,0,1.51098,0,1.11702,1,1.47177,0,y2
9,8.5,1.46708,0,1.46708,0,1.07743,1,1.43814,0,y2
9,8.524,1.45515,0,1.45515,0,1.06696,1,1.42901,0,y2
9,8.60527220451018,1.4143,0,1.4143,0,1.03184,1,1.39785,0,y2
9,8.656,1.38848,0,1.38848,0,1.0101,1,1.37825,0,y2
9,8.788,1.32026,0,1.32026,0,0.954375,1,1.3271,0,y2
9,8.80458553690516,1.31159,0,1.31159,0,0.947537,1,1.32067,0,y2
9,8.92,1.2508,1,1.2508,1,0.900729,1,1.27572,0,y2
9,9,1.20825,1,1.20825,1,0.868541,1,1.2444,1,y2
9,9.00851531878903,1.2037,1,1.2037,1,0.86517,1,1.24108,1,y2
9,9.052,1.18045,1,1.18045,1,0.848145,1,1.22409,1,y2
9,9.184,1.10965,1,1.10965,1,0.79818,1,1.17283,1,y2
9,9.21716847530138,1.09185,1,1.09185,1,0.786002,1,1.16004,1,y2
9,9.316,1.03886,1,1.03886,1,0.750947,1,1.12213,1,y2
9,9.43065440815721,0.977697,1,0.977697,1,0.711384,1,1.07909,1,y2
9,9.448,0.968482,1,0.968482,1,0.705574,1,1.07261,1,y2
9,9.5,0.940959,1,0.940959,1,0.688431,1,1.05313,1,y2
9,9.58,0.898912,1,0.898912,1,0.662816,1,1.02343,1,y2
9,9.64908505300886,0.862963,1,0.862963,1,0.641415,1,0.998343,1,y2
9,9.712,0.830524,1,0.830524,1,0.622488,1,0.975963,1,y2
9,9.844,0.763643,1,0.763643,1,0.584697,1,0.930191,1,y2
9,9.87257493813646,0.749388,1,0.749388,1,0.57673,1,0.920546,1,y2
9,9.976,0.698418,1,0.698418,1,0.548778,1,0.88621,1,y2
9,10,0.686753,1,0.686753,1,0.542493,1,0.878311,1,y2
9,10.1012412444978,0.638371,1,0.638371,1,0.516724,1,0.846326,1,y2
9,10.108,0.635195,1,0.635195,1,0.515045,1,0.844248,1,y2
9,10.24,0.57417,1,0.57417,1,0.48326,1,0.804553,1,y2
9,10.3352038671689,0.530541,1,0.530541,1,0.461456,1,0.777149,1,y2
9,10.372,0.513938,1,0.513938,1,0.453262,1,0.76686,1,y2
9,10.5,0.457438,1,0.457438,1,0.425621,1,0.732318,1,y2
9,10.504,0.455702,1,0.455702,1,0.424785,1,0.731271,1,y2
9,10.5745854782082,0.4254,1,0.4254,1,0.410233,1,0.712945,1,y2
9,10.636,0.399522,1,0.399522,1,0.39792,1,0.697526,1,y2
9,10.768,0.345528,1,0.345528,1,0.372432,1,0.665935,1,y2
9,10.8195115909757,0.32503,1,0.32503,1,0.362821,1,0.654158,1,y2
9,10.9,0.293684,1,0.293684,1,0.348159,1,0.636256,1,y2
9,11,0.255779,1,0.255779,1,0.330477,1,0.61492,1,y2
9,11.032,0.243889,1,0.243889,1,0.324942,1,0.608274,1,y2
9,11.0701106259433,0.229852,1,0.229852,1,0.318427,1,0.600529,1,y2
9,11.164,0.195939,1,0.195939,1,0.302707,1,0.581953,1,y2
9,11.296,0.149867,1,0.149867,1,0.281318,1,0.557125,1,y2
9,11.326513978028,0.139454,1,0.139454,1,0.276485,1,0.551563,1,y2
9,11.428,0.10535,1,0.10535,1,0.260661,1,0.533628,1,y2
9,11.5,0.081796,1,0.081796,1,0.249667,1,0.521331,1,y2
9,11.56,0.0625539,1,0.0625539,1,0.240639,1,0.511346,1,y2
9,11.5888560854857,0.0533714,1,0.0533714,1,0.236335,1,0.506633,1,y2
9,11.692,0.0206076,1,0.0206076,1,0.221158,1,0.490193,1,y2
9,11.824,0,1,0,1,0.202198,1,0.470061,1,y2
9,11.8572745004004,0,1,0,1,0.197479,1,0.465075,1,y2
9,11.956,0,1,0,1,0.183526,1,0.450781,1,y2
9,12,0,1,0,1,0.177298,1,0.444523,1,y2
9,12.088,0,1,0,1,0.164916,1,0.432197,1,y2
9,12.1319099608055,0,1,0,1,0.158864,1,0.426348,1,y2
9,12.22,0,1,0,1,0.147108,1,0.414184,1,y2
9,12.352,0,1,0,1,0.130073,1,0.397188,1,y2
9,12.4129064644764,0,1,0,1,0.122182,1,0.38957,1,y2
9,12.484,0,1,0,1,0.112903,1,0.380921,1,y2
9,12.5,0,1,0,1,0.110824,1,0.378889,1,y2
9,12.616,0,1,0,1,0.095954,1,0.36444,1,y2
9,12.7004113444319,0,1,0,1,0.0853814,1,0.354153,1,y2
9,12.748,0,1,0,1,0.0794626,1,0.348504,1,y2
9,12.88,0,1,0,1,0.0623002,1,0.332985,1,y2
9,12.9945753461841,0,1,0,1,0.0473731,1,0.319788,1,y2
9,13,0,1,0,1,0.0466871,1,0.3192,1,y2
9,13.012,0,1,0,1,0.0451684,1,0.317925,1,y2
9,13.144,0,1,0,1,0.0284695,1,0.302778,1,y2
9,13.276,0,1,0,1,0.0118847,1,0.287967,1,y2
9,13.295552706778,0,1,0,1,0.0094344,1,0.285848,1,y2
9,13.408,0,1,0,1,0,1,0.273478,1,y2
9,13.5,0,1,0,1,0,1,0.263352,1,y2
9,13.54,0,1,0,1,0,1,0.25899,1,y2
9,13.6035012356615,0,1,0,1,0,1,0.25209,1,y2
9,13.672,0,1,0,1,0,1,0.244785,1,y2
9,13.804,0,1,0,1,0,1,0.230522,1,y2
9,13.9185823974285,0,1,0,1,0,1,0.21824,1,y2
9,13.936,0,1,0,1,0,1,0.216378,1,y2
9,14,0,1,0,1,0,1,0.209561,1,y2
9,14.068,0,1,0,1,0,1,0.202238,1,y2
9,14.2,0,1,0,1,0,1,0.188267,1,y2
9,14.2409613964788,0,1,0,1,0,1,0.183947,1,y2
9,14.332,0,1,0,1,0,1,0.174352,1,y2
9,14.464,0,1,0,1,0,1,0.160459,1,y2
9,14.5,0,1,0,1,0,1,0.156674,1,y2
9,14.5708072636384,0,1,0,1,0,1,0.149231,1,y2
9,14.596,0,1,0,1,0,1,0.146584,1,y2
9,14.728,0,1,0,1,0,1,0.13274,1,y2
9,14.86,0,1,0,1,0,1,0.118918,1,y2
9,14.9082929447861,0,1,0,1,0,1,0.113836,1,y2
9,14.992,0,1,0,1,0,1,0.105013,1,y2
9,15,0,1,0,1,0,1,0.104171,1,y2
9,15.124,0,1,0,1,0,1,0.0912022,1,y2
9,15.2535953915336,0,1,0,1,0,1,0.0776584,1,y2
9,15.256,0,1,0,1,0,1,0.0774071,1,y2
9,15.388,0,1,0,1,0,1,0.0638456,1,y2
9,15.5,0,1,0,1,0,1,0.0525127,1,y2
9,15.52,0,1,0,1,0,1,0.0504288,1,y2
9,15.606895654005,0,1,0,1,0,1,0.0410851,1,y2
9,15.652,0,1,0,1,0,1,0.0362104,1,y2
9,15.784,0,1,0,1,0,1,0.0223142,1,y2
9,15.916,0,1,0,1,0,1,0.00840715,1,y2
9,15.9683789757655,0,1,0,1,0,1,0.00288938,1,y2
9,16,0,1,0,1,0,1,0,1,y2
9,16.048,0,1,0,1,0,1,0,1,y2
9,16.18,0,1,0,1,0,1,0,1,y2
9,16.312,0,1,0,1,0,1,0,1,y2
9,16.3382348909494,0,1,0,1,0,1,0,1,y2
9,16.444,0,1,0,1,0,1,0,1,y2
9,16.5,0,1,0,1,0,1,0,1,y2
9,16.576,0,1,0,1,0,1,0,1,y2
9,16.708,0,1,0,1,0,1,0,1,y2
9,16.7166573236367,0,1,0,1,0,1,0,1,y2
9,16.84,0,1,0,1,0,1,0,1,y2
9,16.972,0,1,0,1,0,1,0,1,y2
9,17,0,1,0,1,0,1,0,1,y2
9,17.1038446895323,0,1,0,1,0,1,0,1,y2
9,17.104,0,1,0,1,0,1,0,1,y2
9,17.236,0,1,0,1,0,1,0,1,y2
9,17.368,0,1,0,1,0,1,0,1,y2
9,17.5,0,1,0,1,0,1,0,1,y2
10,1,0,1,0,1,0,1,0,1,y2
10,1.02268025616674,0,1,0,1,0,1,0,1,y2
10,1.04587490635328,0,1,0,1,0,1,0,1,y2
10,1.06959561714774,0,1,0,1,0,1,0,1,y2
10,1.09385431973947,0,1,0,1,0,1,0,1,y2
10,1.11866321592026,0,1,0,1,0,1,0,1,y2
10,1.124,0,1,0,1,0,1,0,1,y2
10,1.14403478422165,0,1,0,1,0,1,0,1,y2
10,1.16998178619146,0,1,0,1,0,1,0,1,y2
10,1.19651727281271,0,1,0,1,0,1,0,1,y2
10,1.22365459106803,0,1,0,1,0,1,0,1,y2
10,1.248,0,1,0,1,0,1,0,1,y2
10,1.25140739065307,0,1,0,1,0,1,0,1,y2
10,1.27978963084203,0,1,0,1,0,1,0,1,y2
10,1.30881558750907,0,1,0,1,0,1,0,1,y2
10,1.33849986030881,0,1,0,1,0,1,0,1,y2
10,1.36885738001976,0,1,0,1,0,1,0,1,y2
10,1.372,0,1,0,1,0,1,0,1,y2
10,1.39990341605435,0,1,0,1,0,1,0,1,y2
10,1.43165358413916,0,1,0,1,0,1,0,1,y2
10,1.46412385416947,0,1,0,1,0,1,0,1,y2
10,1.496,0,1,0,1,0.262469,1,0.0306539,1,y2
10,1.49733055824187,0,1,0,1,0.273015,1,0.0424322,1,y2
10,1.5,0,1,0,1,0.293982,1,0.0658386,1,y2
10,1.53129039886909,0,1,0,1,0.522576,1,0.319993,1,y2
10,1.56602045738112,0,1,0,1,0.745812,1,0.564406,1,y2
10,1.60153820251688,0,1,0,1,0.946069,1,0.782675,1,y2
10,1.62,0,1,0,1,1.04141,1,0.885616,1,y2
10,1.63786149921079,0,1,0,1,1.12874,1,0.979418,1,y2
10,1.67500861757854,0,1,0,1,1.29666,0,1.15863,1,y2
10,1.71299824210672,0,1,0,1,1.45189,0,1.32314,0,y2
10,1.744,0,1,0,1,1.568,0,1.44541,0,y2
10,1.75184948105088,0,1,0,1,1.59605,0,1.47487,0,y2
10,1.79158187604669,0,1,0,1,1.73058,0,1.61573,0,y2
10,1.83221541193913,0,1,0,1,1.85649,0,1.74708,0,y2
10,1.868,0,1,0,1,1.9588,0,1.85356,0,y2
10,1.87377052683456,0,1,0,1,1.97461,0,1.87,0,y2
10,1.91626812238086,0,1,0,1,2.08567,0,1.98538,0,y2
10,1.95972957428063,0,1,0,1,2.19029,0,2.09392,0,y2
10,1.992,0,1,0,1,2.26271,0,2.169,0,y2
10,2,0,1,0,1,2.28002,0,2.18694,0,y2
10,2.00417674304285,0,1,0,1,2.28896,0,2.1962,0,y2
10,2.04963198497849,0,1,0,1,2.38201,0,2.29267,0,y2
10,2.09611816344536,0,1,0,1,2.4697,0,2.38368,0,y2
10,2.116,0,1,0,1,2.50504,0,2.42042,0,y2
10,2.14365866034806,0,1,0,1,2.55215,0,2.46946,0,y2
10,2.19227738789881,0,1,0,1,2.62941,0,2.55016,0,y2
10,2.24,0,1,0,1,2.69865,0,2.62291,0,y2
10,2.24199880064492,0,1,0,1,2.70141,0,2.62583,0,y2
10,2.29284790776908,0.165196,1,0.165196,1,2.76804,0,2.6964,0,y2
10,2.34485028566866,0.35113,1,0.35113,1,2.8291,0,2.76178,0,y2
10,2.364,0.413912,1,0.413912,1,2.84982,0,2.78418,0,y2
10,2.39803209082029,0.519127,1,0.519127,1,2.88437,0,2.82183,0,y2
10,2.45242007293616,0.672268,1,0.672268,1,2.93363,0,2.87638,0,y2
10,2.488,0.763735,1,0.763735,1,2.96201,0,2.9084,0,y2
10,2.5,0.793211,1,0.793211,1,2.97092,0,2.91856,0,y2
10,2.50804158841882,0.812597,1,0.812597,1,2.9767,0,2.92519,0,y2
10,2.564924614121,0.941774,1,0.941774,1,3.01346,0,2.96801,0,y2
10,2.612,1.03931,1,1.03931,1,3.03861,0,2.99833,0,y2
10,2.62309776141765,1.06118,1,1.06118,1,3.04388,0,3.00483,0,y2
10,2.68259029059702,1.17224,1,1.17224,1,3.06803,0,3.03563,0,y2
10,2.736,1.26398,1,1.26398,1,3.08423,0,3.05772,0,y2
10,2.74343212557818,1.27621,0,1.27621,0,3.0861,0,3.0604,0,y2
10,2.80565386896236,1.3739,0,1.3739,0,3.09842,0,3.07923,0,y2
10,2.86,1.45282,0,1.45282,0,3.10469,0,3.09085,0,y2
10,2.86928681742564,1.46576,0,1.46576,0,3.10539,0,3.09242,0,y2
10,2.93436297746072,1.55222,0,1.55222,0,3.10741,0,3.1004,0,y2
10,2.984,1.61363,0,1.61363,0,3.10592,0,3.10304,0,y2
10,3,1.63264,0,1.63264,0,3.10494,0,3.10333,0,y2
10,3.00091508147573,1.63372,0,1.63372,0,3.10487,0,3.10334,0,y2
10,3.06897660425825,1.71064,0,1.71064,0,3.09822,0,3.10191,0,y2
10,3.108,1.75207,0,1.75207,0,3.09281,0,3.0993,0,y2
10,3.13858177981257,1.78329,0,1.78329,0,3.08784,0,3.09646,0,y2
10,3.20976561857899,1.85191,0,1.85191,0,3.07411,0,3.08746,0,y2
10,3.232,1.87226,0,1.87226,0,3.06927,0,3.08402,0,y2
10,3.28256392504357,1.91673,0,1.91673,0,3.0574,0,3.07522,0,y2
10,3.356,1.97706,0,1.97706,0,3.03827,0,3.06028,0,y2
10,3.35701331574726,1.97786,0,1.97786,0,3.03799,0,3.06005,0,y2
10,3.43315123770358,2.03542,0,2.03542,0,3.01617,0,3.04227,0,y2
10,3.48,2.0685,0,2.0685,0,3.00191,0,3.03035,0,y2
10,3.5,2.0821,0,2.0821,0,2.99566,0,3.02507,0,y2
10,3.51101598723387,2.08946,0,2.08946,0,2.99217,0,3.02212,0,y2
10,3.59064672922987,2.14,0,2.14,0,2.9662,0,2.99984,0,y2
10,3.604,2.14802,0,2.14802,0,2.96172,0,2.99597,0,y2
10,3.67208351685308,2.18701,0,2.18701,0,2.93843,0,2.97566,0,y2
10,3.728,2.21668,0,2.21668,0,2.91879,0,2.95837,0,y2
10,3.75536731168098,2.23045,0,2.23045,0,2.90903,0,2.94974,0,y2
10,3.84054000431012,2.27024,0,2.27024,0,2.87812,0,2.92227,0,y2
10,3.852,2.27525,0,2.27525,0,2.8739,0,2.9185,0,y2
10,3.9276444354265,2.30628,0,2.30628,0,2.84582,0,2.89336,0,y2
10,3.976,2.32434,0,2.32434,0,2.82765,0,2.87702,0,y2
10,4,2.33279,0,2.33279,0,2.81858,0,2.86885,0,y2
10,4.01672441735386,2.33849,0,2.33849,0,2.81224,0,2.86313,0,y2
10,4.1,2.3645,0,2.3645,0,2.78046,0,2.83439,0,y2
10,4.10782475609066,2.36675,0,2.36675,0,2.77746,0,2.83167,0,y2
10,4.20099127384688,2.39099,0,2.39099,0,2.74156,0,2.79909,0,y2
10,4.224,2.39628,0,2.39628,0,2.73266,0,2.79099,0,y2
10,4.29627083209198,2.41114,0,2.41114,0,2.70462,0,2.76544,0,y2
10,4.348,2.42022,0,2.42022,0,2.68449,0,2.74707,0,y2
10,4.39371135512554,2.42721,0,2.42721,0,2.66669,0,2.7308,0,y2
10,4.472,2.43704,0,2.43704,0,2.63618,0,2.70286,0,y2
10,4.49336185418252,2.43926,0,2.43926,0,2.62785,0,2.69523,0,y2
10,4.5,2.43992,0,2.43992,0,2.62526,0,2.69285,0,y2
10,4.59527245208525,2.44729,0,2.44729,0,2.58815,0,2.65878,0,y2
10,4.596,2.44733,0,2.44733,0,2.58787,0,2.65852,0,y2
10,4.69949440845452,2.45131,0,2.45131,0,2.54767,0,2.62151,0,y2
10,4.72,2.45163,0,2.45163,0,2.53972,0,2.61418,0,y2
10,4.80608014549245,2.45142,0,2.45142,0,2.50646,0,2.58346,0,y2
10,4.844,2.4506,0,2.4506,0,2.49186,0,2.56996,0,y2
10,4.91508327435011,2.44798,0,2.44798,0,2.4646,0,2.5447,0,y2
10,4.968,2.44514,0,2.44514,0,2.44441,0,2.52596,0,y2
10,5,2.44308,0,2.44308,0,2.43225,0,2.51465,0,y2
10,5.02655862209325,2.44118,0,2.44118,0,2.42218,0,2.50528,0,y2
10,5.092,2.43578,0,2.43578,0,2.39749,0,2.48227,0,y2
10,5.14056225927948,2.43115,0,2.43115,0,2.37928,0,2.46527,0,y2
10,5.216,2.42303,0,2.42303,0,2.3512,0,2.43898,0,y2
10,5.25715152816103,2.41816,0,2.41816,0,2.336,0,2.42472,0,y2
10,5.34,2.40754,0,2.40754,0,2.30568,0,2.39619,0,y2
10,5.37638507152711,2.40255,0,2.40255,0,2.29249,0,2.38373,0,y2
10,5.464,2.38976,0,2.38976,0,2.26105,0,2.35396,0,y2
10,5.4983228622004,2.38447,0,2.38447,0,2.24886,0,2.34239,0,y2
10,5.5,2.38421,0,2.38421,0,2.24827,0,2.34183,0,y2
10,5.588,2.36997,0,2.36997,0,2.21739,0,2.3124,0,y2
10,5.62302623320257,2.36407,0,2.36407,0,2.20525,0,2.30079,0,y2
10,5.712,2.34858,0,2.34858,0,2.17484,0,2.27158,0,y2
10,5.75055790860392,2.34165,0,2.34165,0,2.16186,0,2.25906,0,y2
10,5.836,2.32587,0,2.32587,0,2.13356,0,2.2316,0,y2
10,5.88098203507275,2.31735,0,2.31735,0,2.11892,0,2.21732,0,y2
10,5.96,2.30208,0,2.30208,0,2.09362,0,2.19255,0,y2
10,6,2.29421,0,2.29421,0,2.08101,0,2.18017,0,y2
10,6.01436421414021,2.29136,0,2.29136,0,2.07652,0,2.17575,0,y2
10,6.084,2.27741,0,2.27741,0,2.05503,0,2.15452,0,y2
10,6.15077153519701,2.26382,0,2.26382,0,2.03489,0,2.13449,0,y2
10,6.208,2.25203,0,2.25203,0,2.01804,0,2.1176,0,y2
10,6.29027260923839,2.23487,0,2.23487,0,1.99449,0,2.09375,0,y2
10,6.332,2.22605,0,2.22605,0,1.98284,0,2.08186,0,y2
10,6.43293760337457,2.20428,0,2.20428,0,1.95535,0,2.05373,0,y2
10,6.456,2.19918,0,2.19918,0,1.94918,0,2.04742,0,y2
10,6.5,2.18928,0,2.18928,0,1.93756,0,2.03552,0,y2
10,6.57883827612378,2.17095,0,2.17095,0,1.91729,0,2.01463,0,y2
10,6.58,2.17068,0,2.17068,0,1.917,0,2.01433,0,y2
10,6.704,2.14029,0,2.14029,0,1.88709,0,1.98268,0,y2
10,6.72804801350584,2.13417,0,2.13417,0,1.8816,0,1.97671,0,y2
10,6.828,2.10795,0,2.10795,0,1.85948,0,1.95252,0,y2
10,6.8806418659543,2.09361,0,2.09361,0,1.84813,0,1.94019,0,y2
10,6.952,2.0736,0,2.0736,0,1.83319,0,1.92392,0,y2
10,7,2.05976,0,2.05976,0,1.82354,0,1.91328,0,y2
10,7.03669658606576,2.04896,0,2.04896,0,1.81646,0,1.9053,0,y2
10,7.076,2.0372,0,2.0372,0,1.80912,0,1.89692,0,y2
10,7.19629066720539,1.99989,0,1.99989,0,1.78788,0,1.8723,0,y2
10,7.2,1.99871,0,1.99871,0,1.78725,0,1.87156,0,y2
10,7.324,1.95812,0,1.95812,0,1.76689,0,1.84787,0,y2
10,7.35950438298795,1.94611,0,1.94611,0,1.76141,0,1.84139,0,y2
10,7.448,1.9154,0,1.9154,0,1.74851,0,1.82585,0,y2
10,7.5,1.89685,0,1.89685,0,1.74142,0,1.81713,0,y2
10,7.52641982765439,1.88728,0,1.88728,0,1.73797,0,1.81281,0,y2
10,7.572,1.87054,0,1.87054,0,1.73225,0,1.80554,0,y2
10,7.696,1.82352,0,1.82352,0,1.7179,0,1.78692,0,y2
10,7.69712095736404,1.82308,0,1.82308,0,1.71777,0,1.78675,0,y2
10,7.82,1.77432,0,1.77432,0,1.70483,0,1.76997,0,y2
10,7.87169363242347,1.75318,0,1.75318,0,1.69992,0,1.76339,0,y2
10,7.944,1.72298,0,1.72298,0,1.69376,0,1.75464,0,y2
10,8,1.69908,0,1.69908,0,1.68941,0,1.74819,0,y2
10,8.05022566047296,1.67728,0,1.67728,0,1.6857,0,1.74263,0,y2
10,8.068,1.66949,0,1.66949,0,1.6844,0,1.7407,0,y2
10,8.192,1.6139,0,1.6139,0,1.67527,0,1.7277,0,y2
10,8.23280684065258,1.59515,0,1.59515,0,1.67205,0,1.72351,0,y2
10,8.316,1.55624,0,1.55624,0,1.66499,0,1.7149,0,y2
10,8.41952900876989,1.50658,0,1.50658,0,1.65558,0,1.70373,0,y2
10,8.44,1.49661,0,1.49661,0,1.65363,0,1.70141,0,y2
10,8.5,1.46708,0,1.46708,0,1.6477,0,1.69429,0,y2
10,8.564,1.43513,0,1.43513,0,1.64102,0,1.68608,0,y2
10,8.61048608349212,1.41166,0,1.41166,0,1.63596,0,1.67983,0,y2
10,8.688,1.37207,0,1.37207,0,1.62719,0,1.66913,0,y2
10,8.8057741135859,1.31097,0,1.31097,0,1.61298,0,1.65329,0,y2
10,8.812,1.30771,0,1.30771,0,1.61219,0,1.65247,0,y2
10,8.936,1.24232,1,1.24232,1,1.59585,0,1.63568,0,y2
10,9,1.20825,1,1.20825,1,1.58691,0,1.62601,0,y2
10,9.00549132622851,1.20532,1,1.20532,1,1.58613,0,1.62512,0,y2
10,9.06,1.17617,1,1.17617,1,1.57828,0,1.61609,0,y2
10,9.184,1.10966,1,1.10966,1,1.55954,0,1.59544,0,y2
10,9.20973817641476,1.09584,1,1.09584,1,1.55549,0,1.59131,0,y2
10,9.308,1.04315,1,1.04315,1,1.53949,0,1.57526,0,y2
10,9.41861739748448,0.984105,1,0.984105,1,1.52059,0,1.55514,0,y2
10,9.432,0.976987,1,0.976987,1,1.51825,0,1.55261,0,y2
10,9.5,0.940964,1,0.940964,1,1.50614,0,1.53978,0,y2
10,9.556,0.911496,1,0.911496,1,1.49586,0,1.52938,0,y2
10,9.63223405279597,0.871705,1,0.871705,1,1.48146,0,1.51515,0,y2
10,9.68,0.846996,1,0.846996,1,1.47226,0,1.50604,0,y2
10,9.804,0.783752,1,0.783752,1,1.44807,0,1.48107,0,y2
10,9.85069558857141,0.760306,1,0.760306,1,1.43887,0,1.47121,0,y2
10,9.928,0.721972,1,0.721972,1,1.42311,0,1.45527,0,y2
10,10,0.686766,1,0.686766,1,1.40801,0,1.44045,0,y2
10,10.052,0.661745,1,0.661745,1,1.39732,0,1.42922,0,y2
10,10.0741118879408,0.651209,1,0.651209,1,1.39274,0,1.42435,0,y2
10,10.176,0.60367,1,0.60367,1,1.36967,0,1.40163,0,y2
10,10.3,0.5466,1,0.5466,1,1.34112,0,1.37432,0,y2
10,10.3025953262118,0.545413,1,0.545413,1,1.34052,0,1.37374,0,y2
10,10.424,0.490795,1,0.490795,1,1.31148,0,1.34568,0,y2
10,10.5,0.457469,1,0.457469,1,1.29289,0,1.32745,0,y2
10,10.5362608273925,0.441807,1,0.441807,1,1.28406,0,1.31875,0,y2
10,10.548,0.436771,1,0.436771,1,1.28119,0,1.31594,0,y2
10,10.672,0.384604,1,0.384604,1,1.24984,1,1.28606,0,y2
10,10.7752259219974,0.342653,1,0.342653,1,1.22362,1,1.26057,1,y2
10,10.796,0.334364,1,0.334364,1,1.21843,1,1.2557,1,y2
10,10.92,0.286023,1,0.286023,1,1.18779,1,1.2254,1,y2
10,11,0.255791,1,0.255791,1,1.16641,1,1.2059,1,y2
10,11.0196108061629,0.248491,1,0.248491,1,1.16124,1,1.20088,1,y2
10,11.044,0.239464,1,0.239464,1,1.1548,1,1.19453,1,y2
10,11.168,0.194525,1,0.194525,1,1.12138,1,1.16264,1,y2
10,11.2695384021044,0.158966,1,0.158966,1,1.09394,1,1.1366,1,y2
10,11.292,0.15124,1,0.15124,1,1.08783,1,1.13095,1,y2
10,11.416,0.10933,1,0.10933,1,1.054,1,1.09904,1,y2
10,11.5,0.0818092,1,0.0818092,1,1.03091,1,1.07725,1,y2
10,11.5251344199451,0.0737138,1,0.0737138,1,1.02396,1,1.07073,1,y2
10,11.54,0.068947,1,0.068947,1,1.01984,1,1.06687,1,y2
10,11.664,0.0294605,1,0.0294605,1,0.985533,1,1.03447,1,y2
10,11.7865274209456,0,1,0,1,0.951396,1,1.00235,1,y2
10,11.788,0,1,0,1,0.950986,1,1.00196,1,y2
10,11.912,0,1,0,1,0.916369,1,0.969306,1,y2
10,12,0,1,0,1,0.891729,1,0.94609,1,y2
10,12.036,0,1,0,1,0.88171,1,0.936581,1,y2
10,12.053848882169,0,1,0,1,0.876714,1,0.931863,1,y2
10,12.16,0,1,0,1,0.846934,1,0.903736,1,y2
10,12.284,0,1,0,1,0.811747,1,0.870773,1,y2
10,12.3272332626118,0,1,0,1,0.799281,1,0.859281,1,y2
10,12.408,0,1,0,1,0.776776,1,0.837828,1,y2
10,12.5,0,1,0,1,0.751149,1,0.813386,1,y2
10,12.532,0,1,0,1,0.741712,1,0.804875,1,y2
10,12.6068180708351,0,1,0,1,0.720529,1,0.784939,1,y2
10,12.656,0,1,0,1,0.70662,1,0.771827,1,y2
10,12.78,0,1,0,1,0.671098,1,0.738812,1,y2
10,12.8927439341291,0,1,0,1,0.639939,1,0.708818,1,y2
10,12.904,0,1,0,1,0.636741,1,0.705817,1,y2
10,13,0,1,0,1,0.609166,1,0.680118,1,y2
10,13.028,0,1,0,1,0.601073,1,0.672582,1,y2
10,13.152,0,1,0,1,0.565475,1,0.639175,1,y2
10,13.1851546692474,0,1,0,1,0.55578,1,0.630247,1,y2
10,13.276,0,1,0,1,0.529803,1,0.605845,1,y2
10,13.4,0,1,0,1,0.494441,1,0.572897,1,y2
10,13.4841973547441,0,1,0,1,0.471005,1,0.550724,1,y2
10,13.5,0,1,0,1,0.466627,1,0.546524,1,y2
10,13.524,0,1,0,1,0.459752,1,0.540105,1,y2
10,13.648,0,1,0,1,0.423112,1,0.506554,1,y2
10,13.772,0,1,0,1,0.387965,1,0.473603,1,y2
10,13.7900224049526,0,1,0,1,0.38274,1,0.468814,1,y2
10,13.896,0,1,0,1,0.352666,1,0.440479,1,y2
10,14,0,1,0,1,0.323491,1,0.412413,1,y2
10,14.02,0,1,0,1,0.317782,1,0.407049,1,y2
10,14.102783645642,0,1,0,1,0.293604,1,0.385125,1,y2
10,14.144,0,1,0,1,0.281588,1,0.374288,1,y2
10,14.268,0,1,0,1,0.245768,1,0.340537,1,y2
10,14.392,0,1,0,1,0.210011,1,0.307207,1,y2
10,14.4226383913894,0,1,0,1,0.201032,1,0.298882,1,y2
10,14.5,0,1,0,1,0.178613,1,0.277825,1,y2
10,14.516,0,1,0,1,0.174136,1,0.27356,1,y2
10,14.64,0,1,0,1,0.13817,1,0.240338,1,y2
10,14.7497475247064,0,1,0,1,0.106456,1,0.210217,1,y2
10,14.764,0,1,0,1,0.10232,1,0.206311,1,y2
10,14.888,0,1,0,1,0.0663665,1,0.17276,1,y2
10,15,0,1,0,1,0.0338848,1,0.142783,1,y2
10,15.012,0,1,0,1,0.0303965,1,0.139507,1,y2
10,15.0842755769615,0,1,0,1,0.00938576,1,0.119741,1,y2
10,15.136,0,1,0,1,0,1,0.105929,1,y2
10,15.26,0,1,0,1,0,1,0.0723078,1,y2
10,15.384,0,1,0,1,0,1,0.0385894,1,y2
10,15.4263908111368,0,1,0,1,0,1,0.0271235,1,y2
10,15.5,0,1,0,1,0,1,0.00705758,1,y2
10,15.508,0,1,0,1,0,1,0.00487777,1,y2
10,15.632,0,1,0,1,0,1,0,1,y2
10,15.756,0,1,0,1,0,1,0,1,y2
10,15.7762653064616,0,1,0,1,0,1,0,1,y2
10,15.88,0,1,0,1,0,1,0,1,y2
10,16,0,1,0,1,0,1,0,1,y2
10,16.004,0,1,0,1,0,1,0,1,y2
10,16.128,0,1,0,1,0,1,0,1,y2
10,16.1340750449667,0,1,0,1,0,1,0,1,y2
10,16.252,0,1,0,1,0,1,0,1,y2
10,16.376,0,1,0,1,0,1,0,1,y2
10,16.5,0,1,0,1,0,1,0,1,y2
11,1,0,1,0,1,0,1,0,1,y2
11,1.02216887738619,0,1,0,1,0,1,0,1,y2
11,1.04482921389695,0,1,0,1,0,1,0,1,y2
11,1.06799190462934,0,1,0,1,0,1,0,1,y2
11,1.09166808621252,0,1,0,1,0,1,0,1,y2
11,1.11586914216219,0,1,0,1,0,1,0,1,y2
11,1.116,0,1,0,1,0,1,0,1,y2
11,1.14060670835382,0,1,0,1,0,1,0,1,y2
11,1.16589267861718,0,1,0,1,0,1,0,1,y2
11,1.19173921045491,0,1,0,1,0,1,0,1,y2
11,1.2181587308878,0,1,0,1,0,1,0,1,y2
11,1.232,0,1,0,1,0,1,0,1,y2
11,1.24516394242977,0,1,0,1,0,1,0,1,y2
11,1.27276782919521,0,1,0,1,0,1,0,1,y2
11,1.30098366314173,0,1,0,1,0,1,0,1,y2
11,1.32982501045136,0,1,0,1,0,1,0,1,y2
11,1.348,0,1,0,1,0,1,0,1,y2
11,1.35930573805314,0,1,0,1,0,1,0,1,y2
11,1.38944002029039,0,1,0,1,0,1,0,1,y2
11,1.42024234573568,0,1,0,1,0,1,0,1,y2
11,1.45172752415698,0,1,0,1,0,1,0,1,y2
11,1.464,0,1,0,1,0,1,0,1,y2
11,1.48391069363817,0,1,0,1,0,1,0,1,y2
11,1.5,0,1,0,1,0,1,0,1,y2
11,1.5168073278575,0,1,0,1,0,1,0,1,y2
11,1.55043324352725,0,1,0,1,0,1,0,1,y2
11,1.58,0,1,0,1,0,1,0,1,y2
11,1.58480460799848,0,1,0,1,0,1,0,1,y2
11,1.61993794703428,0,1,0,1,0,1,0,1,y2
11,1.65585015275532,0,1,0,1,0,1,0,1,y2
11,1.69255849176166,0,1,0,1,0,1,0,1,y2
11,1.696,0,1,0,1,0,1,0,1,y2
11,1.73008061343449,0,1,0,1,0,1,0,1,y2
11,1.76843455842195,0,1,0,1,0,1,0,1,y2
11,1.80763876731311,0,1,0,1,0,1,0,1,y2
11,1.812,0,1,0,1,0,1,0,1,y2
11,1.8477120895042,0,1,0,1,0.428573,1,0,1,y2
11,1.88867379226141,0,1,0,1,0.872538,1,0.621703,1,y2
11,1.928,0,1,0,1,1.14805,1,0.965406,1,y2
11,1.93054356998457,0,1,0,1,1.16293,1,0.983255,1,y2
11,1.97334155367626,0,1,0,1,1.37761,0,1.23429,1,y2
11,2,0,1,0,1,1.48564,0,1.35625,0,y2
11,2.01708832062079,0,1,0,1,1.5473,0,1.42485,0,y2
11,2.044,0,1,0,1,1.63472,0,1.52101,0,y2
11,2.06180490427776,0,1,0,1,1.68707,0,1.57805,0,y2
11,2.10751280439494,0,1,0,1,1.8055,0,1.70574,0,y2
11,2.1542339973454,0,1,0,1,1.90796,0,1.81483,0,y2
11,2.16,0,1,0,1,1.91954,0,1.82709,0,y2
11,2.20199094669372,0,1,0,1,1.99798,0,1.90977,0,y2
11,2.25080661399648,0,1,0,1,2.07794,0,1.99359,0,y2
11,2.276,0.0996519,1,0.0996519,1,2.11528,0,2.0326,0,y2
11,2.30070446984221,0.194852,1,0.194852,1,2.14967,0,2.06844,0,y2
11,2.351708505136,0.373915,1,0.373915,1,2.2147,0,2.13588,0,y2
11,2.392,0.501046,1,0.501046,1,2.26121,0,2.1838,0,y2
11,2.40384324263443,0.536336,1,0.536336,1,2.27416,0,2.1971,0,y2
11,2.45713374873602,0.684761,1,0.684761,1,2.32867,0,2.25303,0,y2
11,2.5,0.79321,1,0.79321,1,2.36856,0,2.29388,0,y2
11,2.508,0.812497,1,0.812497,1,2.37566,0,2.30113,0,y2
11,2.51160564553323,0.821092,1,0.821092,1,2.37883,0,2.30437,0,y2
11,2.56728512313153,0.946859,1,0.946859,1,2.4252,0,2.35169,0,y2
11,2.624,1.06294,1,1.06294,1,2.46793,0,2.39531,0,y2
11,2.62419895224163,1.06333,1,1.06333,1,2.46808,0,2.39545,0,y2
11,2.68237449705085,1.17185,1,1.17185,1,2.50772,0,2.43602,0,y2
11,2.74,1.27058,0,1.27058,0,2.54348,0,2.47259,0,y2
11,2.74183972837982,1.2736,0,1.2736,0,2.54457,0,2.4737,0,y2
11,2.80262323713087,1.36932,0,1.36932,0,2.5787,0,2.50873,0,y2
11,2.856,1.4472,0,1.4472,0,2.60607,0,2.53689,0,y2
11,2.86475424803452,1.45946,0,1.45946,0,2.61034,0,2.54129,0,y2
11,2.92826263370077,1.54441,0,1.54441,0,2.63959,0,2.57154,0,y2
11,2.972,1.59912,0,1.59912,0,2.65804,0,2.59074,0,y2
11,2.99317892898186,1.62458,0,1.62458,0,2.66652,0,2.5996,0,y2
11,3,1.63264,0,1.63264,0,2.6692,0,2.60239,0,y2
11,3.05953434565339,1.70033,0,1.70033,0,2.69126,0,2.62557,0,y2
11,3.088,1.73107,0,1.73107,0,2.70104,0,2.63594,0,y2
11,3.12736078742103,1.77196,0,1.77196,0,2.71381,0,2.64955,0,y2
11,3.19669086525975,1.83971,0,1.83971,0,2.7343,0,2.67159,0,y2
11,3.204,1.84655,0,1.84655,0,2.73631,0,2.67378,0,y2
11,3.26755791309326,1.90379,0,1.90379,0,2.75274,0,2.69172,0,y2
11,3.32,1.94809,0,1.94809,0,2.76488,0,2.70514,0,y2
11,3.33999600382091,1.96432,0,1.96432,0,2.76918,0,2.70995,0,y2
11,3.41403996569999,2.02142,0,2.02142,0,2.78364,0,2.72635,0,y2
11,3.436,2.03748,0,2.03748,0,2.78751,0,2.7308,0,y2
11,3.48972539909116,2.07515,0,2.07515,0,2.79621,0,2.74099,0,y2
11,3.5,2.0821,0,2.0821,0,2.79775,0,2.74283,0,y2
11,3.552,2.11605,0,2.11605,0,2.805,0,2.75167,0,y2
11,3.5670886935751,2.12552,0,2.12552,0,2.80694,0,2.75409,0,y2
11,3.64616704544864,2.17255,0,2.17255,0,2.8159,0,2.76577,0,y2
11,3.668,2.18476,0,2.18476,0,2.81805,0,2.7687,0,y2
11,3.72699847560877,2.21617,0,2.21617,0,2.8232,0,2.776,0,y2
11,3.784,2.24434,0,2.24434,0,2.82733,0,2.78217,0,y2
11,3.80962184783307,2.25632,0,2.25632,0,2.82894,0,2.78466,0,y2
11,3.89407688746544,2.29294,0,2.29294,0,2.83322,0,2.79167,0,y2
11,3.9,2.29534,0,2.29534,0,2.83347,0,2.79209,0,y2
11,3.98040420051607,2.32591,0,2.32591,0,2.83618,0,2.79713,0,y2
11,4,2.33279,0,2.33279,0,2.83667,0,2.79816,0,y2
11,4.016,2.33824,0,2.33824,0,2.83702,0,2.79895,0,y2
11,4.0686452931848,2.35517,0,2.35517,0,2.83792,0,2.80123,0,y2
11,4.132,2.37348,0,2.37348,0,2.83848,0,2.80335,0,y2
11,4.15884259181733,2.38059,0,2.38059,0,2.83856,0,2.80406,0,y2
11,4.248,2.40151,0,2.40151,0,2.83826,0,2.80569,0,y2
11,4.25103946330381,2.40215,0,2.40215,0,2.83823,0,2.80572,0,y2
11,4.34528023592966,2.41977,0,2.41977,0,2.83703,0,2.80633,0,y2
11,4.364,2.42278,0,2.42278,0,2.83671,0,2.80634,0,y2
11,4.44161022068863,2.43354,0,2.43354,0,2.83507,0,2.80601,0,y2
11,4.48,2.43789,0,2.43789,0,2.83411,0,2.80565,0,y2
11,4.5,2.43991,0,2.43991,0,2.83358,0,2.80541,0,y2
11,4.54007573306834,2.44346,0,2.44346,0,2.83244,0,2.80485,0,y2
11,4.596,2.44733,0,2.44733,0,2.83071,0,2.80389,0,y2
11,4.64072411531876,2.44954,0,2.44954,0,2.82922,0,2.80297,0,y2
11,4.712,2.45152,0,2.45152,0,2.82668,0,2.80129,0,y2
11,4.74360375921441,2.45181,0,2.45181,0,2.82549,0,2.80046,0,y2
11,4.828,2.451,0,2.451,0,2.82217,0,2.79803,0,y2
11,4.84876412932112,2.45047,0,2.45047,0,2.82132,0,2.79739,0,y2
11,4.944,2.44652,0,2.44652,0,2.81724,0,2.79417,0,y2
11,4.95625578677862,2.44584,0,2.44584,0,2.81669,0,2.79372,0,y2
11,5,2.44308,0,2.44308,0,2.81467,0,2.79205,0,y2
11,5.06,2.43854,0,2.43854,0,2.81175,0,2.78959,0,y2
11,5.06613041361032,2.43803,0,2.43803,0,2.81144,0,2.78932,0,y2
11,5.176,2.42747,0,2.42747,0,2.80554,0,2.78426,0,y2
11,5.17844083757211,2.4272,0,2.4272,0,2.8054,0,2.78414,0,y2
11,5.292,2.41383,0,2.41383,0,2.79863,0,2.77821,0,y2
11,5.2932410575519,2.41367,0,2.41367,0,2.79855,0,2.77814,0,y2
11,5.408,2.39806,0,2.39806,0,2.79098,0,2.77142,0,y2
11,5.41058626953234,2.39769,0,2.39769,0,2.79081,0,2.77126,0,y2
11,5.5,2.38421,0,2.38421,0,2.78439,0,2.76551,0,y2
11,5.524,2.38041,0,2.38041,0,2.78259,0,2.76389,0,y2
11,5.53053289312902,2.37937,0,2.37937,0,2.78209,0,2.76345,0,y2
11,5.64,2.36118,0,2.36118,0,2.77339,0,2.75562,0,y2
11,5.65313859871711,2.35891,0,2.35891,0,2.7723,0,2.75463,0,y2
11,5.756,2.34066,0,2.34066,0,2.76337,0,2.74656,0,y2
11,5.77846233515922,2.33656,0,2.33656,0,2.76133,0,2.74471,0,y2
11,5.872,2.31906,0,2.31906,0,2.75246,0,2.73668,0,y2
11,5.9065643581481,2.31245,0,2.31245,0,2.74902,0,2.73357,0,y2
11,5.988,2.29658,0,2.29658,0,2.74059,0,2.72593,0,y2
11,6,2.29421,0,2.29421,0,2.73931,0,2.72477,0,y2
11,6.03750625917755,2.28675,0,2.28675,0,2.73523,0,2.72107,0,y2
11,6.104,2.27336,0,2.27336,0,2.72771,0,2.71427,0,y2
11,6.17135099515563,2.2596,0,2.2596,0,2.71974,0,2.70705,0,y2
11,6.22,2.24954,0,2.24954,0,2.71374,0,2.70162,0,y2
11,6.3081629186744,2.2311,0,2.2311,0,2.70233,0,2.69131,0,y2
11,6.336,2.2252,0,2.2252,0,2.69858,0,2.68792,0,y2
11,6.44800780895062,2.20096,0,2.20096,0,2.68274,0,2.67362,0,y2
11,6.452,2.20007,0,2.20007,0,2.68216,0,2.67309,0,y2
11,6.5,2.18928,0,2.18928,0,2.67496,0,2.66661,0,y2
11,6.568,2.17352,0,2.17352,0,2.66435,0,2.65705,0,y2
11,6.59095290345246,2.16807,0,2.16807,0,2.66066,0,2.65372,0,y2
11,6.684,2.14532,0,2.14532,0,2.64507,0,2.6397,0,y2
11,6.73706693022727,2.13186,0,2.13186,0,2.63572,0,2.6313,0,y2
11,6.8,2.11542,0,2.11542,0,2.62418,0,2.62095,0,y2
11,6.88642014094606,2.09202,0,2.09202,0,2.60749,0,2.606,0,y2
11,6.916,2.08378,0,2.08378,0,2.60155,0,2.60068,0,y2
11,7,2.05976,0,2.05976,0,2.58401,0,2.58499,0,y2
11,7.032,2.05036,0,2.05036,0,2.57705,0,2.57878,0,y2
11,7.03908434468051,2.04826,0,2.04826,0,2.57549,0,2.57739,0,y2
11,7.148,2.01511,0,2.01511,0,2.55052,0,2.55512,0,y2
11,7.1951329424288,2.00026,0,2.00026,0,2.53913,0,2.54498,0,y2
11,7.264,1.97803,0,1.97803,0,2.52181,0,2.52957,0,y2
11,7.35464096240686,1.94777,0,1.94777,0,2.49773,0,2.50819,0,y2
11,7.38,1.93909,0,1.93909,0,2.49072,0,2.50197,0,y2
11,7.496,1.8983,0,1.8983,0,2.45709,0,2.47217,0,y2
11,7.5,1.89686,0,1.89686,0,2.45588,0,2.4711,0,y2
11,7.51768509612194,1.89046,0,1.89046,0,2.4505,0,2.46634,0,y2
11,7.612,1.8556,0,1.8556,0,2.42069,0,2.44,0,y2
11,7.68434373524588,1.82803,0,1.82803,0,2.3965,0,2.41866,0,y2
11,7.728,1.81103,0,1.81103,0,2.38132,0,2.40528,0,y2
11,7.844,1.76455,0,1.76455,0,2.33879,0,2.36782,0,y2
11,7.85469700930591,1.76017,0,1.76017,0,2.3347,0,2.36422,0,y2
11,7.96,1.7162,0,1.7162,0,2.29288,0,2.32743,0,y2
11,8,1.69908,0,1.69908,0,2.27624,0,2.31278,0,y2
11,8.02882682421091,1.68661,0,1.68661,0,2.26396,0,2.302,0,y2
11,8.076,1.66596,0,1.66596,0,2.24337,0,2.28391,0,y2
11,8.192,1.6139,0,1.6139,0,2.18997,0,2.23707,0,y2
11,8.20681690163182,1.60712,0,1.60712,0,2.18286,0,2.23084,0,y2
11,8.308,1.56003,0,1.56003,0,2.13238,0,2.18677,0,y2
11,8.38875281925503,1.52149,0,1.52149,0,2.08967,0,2.14962,0,y2
11,8.424,1.50441,0,1.50441,0,2.07034,0,2.13283,0,y2
11,8.5,1.46709,0,1.46709,0,2.02719,0,2.09537,0,y2
11,8.54,1.44717,0,1.44717,0,2.00368,0,2.07497,0,y2
11,8.57472205192818,1.42974,0,1.42974,0,1.98286,0,2.05684,0,y2
11,8.656,1.38848,0,1.38848,0,1.93262,0,2.01273,0,y2
11,8.76481401371806,1.33235,0,1.33235,0,1.86204,0,1.94995,0,y2
11,8.772,1.32861,0,1.32861,0,1.85722,0,1.94565,0,y2
11,8.888,1.26775,1,1.26775,1,1.77654,0,1.87384,0,y2
11,8.95912010090097,1.23003,1,1.23003,1,1.72469,0,1.82757,0,y2
11,9,1.20825,1,1.20825,1,1.69418,0,1.80021,0,y2
11,9.004,1.20612,1,1.20612,1,1.69117,0,1.79751,0,y2
11,9.12,1.14402,1,1.14402,1,1.60238,0,1.71681,0,y2
11,9.15773373590602,1.12377,1,1.12377,1,1.57304,0,1.68962,0,y2
11,9.236,1.08175,1,1.08175,1,1.51164,0,1.63199,0,y2
11,9.352,1.01962,1,1.01962,1,1.41977,0,1.54525,0,y2
11,9.36075041223273,1.01495,1,1.01495,1,1.41281,0,1.53866,0,y2
11,9.468,0.957894,1,0.957894,1,1.32847,0,1.45675,0,y2
11,9.5,0.940976,1,0.940976,1,1.30395,0,1.43209,0,y2
11,9.56826774036427,0.905078,1,0.905078,1,1.25298,1,1.37986,0,y2
11,9.584,0.896844,1,0.896844,1,1.2415,1,1.36794,0,y2
11,9.7,0.836716,1,0.836716,1,1.16096,1,1.28272,0,y2
11,9.78038549469867,0.795706,1,0.795706,1,1.11021,1,1.22671,1,y2
11,9.816,0.777731,1,0.777731,1,1.08896,1,1.20291,1,y2
11,9.932,0.720034,1,0.720034,1,1.0251,1,1.1305,1,y2
11,9.99720566152035,0.688152,1,0.688152,1,0.993204,1,1.0927,1,y2
11,10,0.686797,1,0.686797,1,0.991896,1,1.09113,1,y2
11,10.048,0.663688,1,0.663688,1,0.969906,1,1.06492,1,y2
11,10.164,0.609222,1,0.609222,1,0.920635,1,1.00732,1,y2
11,10.2188324880352,0.58403,1,0.58403,1,0.899377,1,0.982614,1,y2
11,10.28,0.555842,1,0.555842,1,0.876806,1,0.956521,1,y2
11,10.396,0.503309,1,0.503309,1,0.836544,1,0.910902,1,y2
11,10.4453725324925,0.481439,1,0.481439,1,0.820623,1,0.893348,1,y2
11,10.5,0.457546,1,0.457546,1,0.804001,1,0.874724,1,y2
11,10.512,0.452344,1,0.452344,1,0.800469,1,0.87077,1,y2
11,10.628,0.402965,1,0.402965,1,0.767478,1,0.835048,1,y2
11,10.6769347154184,0.382636,1,0.382636,1,0.754333,1,0.820583,1,y2
11,10.744,0.355273,1,0.355273,1,0.737033,1,0.801797,1,y2
11,10.86,0.309236,1,0.309236,1,0.708848,1,0.771231,1,y2
11,10.9136303719849,0.288503,1,0.288503,1,0.696472,1,0.758099,1,y2
11,10.976,0.264817,1,0.264817,1,0.682525,1,0.742954,1,y2
11,11,0.255824,1,0.255824,1,0.677285,1,0.73736,1,y2
11,11.092,0.221879,1,0.221879,1,0.657787,1,0.717021,1,y2
11,11.1555733055397,0.198973,1,0.198973,1,0.644796,1,0.703604,1,y2
11,11.208,0.180407,1,0.180407,1,0.634348,1,0.693024,1,y2
11,11.324,0.140302,1,0.140302,1,0.611792,1,0.669991,1,y2
11,11.4028798423229,0.113701,1,0.113701,1,0.596968,1,0.655212,1,y2
11,11.44,0.101407,1,0.101407,1,0.590082,1,0.647942,1,y2
11,11.5,0.0818366,1,0.0818366,1,0.579114,1,0.637216,1,y2
11,11.556,0.0638278,1,0.0638278,1,0.569294,1,0.62707,1,y2
11,11.6556688873968,0.0320674,1,0.0320674,1,0.552066,1,0.609884,1,y2
11,11.672,0.0269141,1,0.0269141,1,0.549227,1,0.607044,1,y2
11,11.788,0,1,0,1,0.529319,1,0.587501,1,y2
11,11.904,0,1,0,1,0.509874,1,0.568347,1,y2
11,11.9140619818156,0,1,0,1,0.508195,1,0.566708,1,y2
11,12,0,1,0,1,0.493937,1,0.552813,1,y2
11,12.02,0,1,0,1,0.490635,1,0.549597,1,y2
11,12.136,0,1,0,1,0.471535,1,0.531126,1,y2
11,12.178183361062,0,1,0,1,0.464574,1,0.524471,1,y2
11,12.252,0,1,0,1,0.452547,1,0.512877,1,y2
11,12.368,0,1,0,1,0.433928,1,0.494555,1,y2
11,12.4481600147799,0,1,0,1,0.420815,1,0.482337,1,y2
11,12.484,0,1,0,1,0.414992,1,0.47692,1,y2
11,12.5,0,1,0,1,0.41236,1,0.474474,1,y2
11,12.6,0,1,0,1,0.395953,1,0.459039,1,y2
11,12.716,0,1,0,1,0.377268,1,0.441233,1,y2
11,12.7241217478313,0,1,0,1,0.37597,1,0.439965,1,y2
11,12.832,0,1,0,1,0.358534,1,0.423292,1,y2
11,12.948,0,1,0,1,0.339881,1,0.405466,1,y2
11,13,0,1,0,1,0.331375,1,0.397466,1,y2
11,13.006201242706,0,1,0,1,0.330362,1,0.396516,1,y2
11,13.064,0,1,0,1,0.321102,1,0.38763,1,y2
11,13.18,0,1,0,1,0.302236,1,0.369805,1,y2
11,13.2945341233157,0,1,0,1,0.283499,1,0.352187,1,y2
11,13.296,0,1,0,1,0.283262,1,0.351964,1,y2
11,13.412,0,1,0,1,0.26424,1,0.33393,1,y2
11,13.5,0,1,0,1,0.249965,1,0.320382,1,y2
11,13.528,0,1,0,1,0.245271,1,0.31593,1,y2
11,13.589259020202,0,1,0,1,0.235189,1,0.306263,1,y2
11,13.644,0,1,0,1,0.226133,1,0.297852,1,y2
11,13.76,0,1,0,1,0.206957,1,0.279705,1,y2
11,13.876,0,1,0,1,0.187774,1,0.261636,1,y2
11,13.8905176371901,0,1,0,1,0.185363,1,0.259364,1,y2
11,13.992,0,1,0,1,0.168511,1,0.243449,1,y2
11,14,0,1,0,1,0.167182,1,0.242191,1,y2
11,14.108,0,1,0,1,0.149194,1,0.225184,1,y2
11,14.1984548195197,0,1,0,1,0.133898,1,0.210926,1,y2
11,14.224,0,1,0,1,0.129592,1,0.206893,1,y2
11,14.34,0,1,0,1,0.11019,1,0.188577,1,y2
11,14.456,0,1,0,1,0.090637,1,0.170124,1,y2
11,14.5,0,1,0,1,0.0832316,1,0.163099,1,y2
11,14.513218623487,0,1,0,1,0.0810083,1,0.160988,1,y2
11,14.572,0,1,0,1,0.0711011,1,0.151605,1,y2
11,14.688,0,1,0,1,0.0513882,1,0.133086,1,y2
11,14.804,0,1,0,1,0.0316283,1,0.114477,1,y2
11,14.8349603876301,0,1,0,1,0.0264099,1,0.109493,1,y2
11,14.92,0,1,0,1,0.011939,1,0.0957909,1,y2
11,15,0,1,0,1,0,1,0.0828239,1,y2
11,15.036,0,1,0,1,0,1,0.0769642,1,y2
11,15.152,0,1,0,1,0,1,0.0581093,1,y2
11,15.1638348054925,0,1,0,1,0,1,0.056197,1,y2
11,15.268,0,1,0,1,0,1,0.0394249,1,y2
11,15.384,0,1,0,1,0,1,0.0205726,1,y2
11,15.5,0,1,0,1,0,1,0.0017004,1,y2
12,1,0,1,0,1,0,1,0,1,y2
12,1.02339238252884,0,1,0,1,0,1,0,1,y2
12,1.04733196861806,0,1,0,1,0,1,0,1,y2
12,1.07183155866266,0,1,0,1,0,1,0,1,y2
12,1.09690425248939,0,1,0,1,0,1,0,1,y2
12,1.12256345636113,0,1,0,1,0,1,0,1,y2
12,1.136,0,1,0,1,0,1,0,1,y2
12,1.14882289014523,0,1,0,1,0,1,0,1,y2
12,1.1756965946494,0,1,0,1,0,1,0,1,y2
12,1.2031989391293,0,1,0,1,0,1,0,1,y2
12,1.23134462897171,0,1,0,1,0,1,0,1,y2
12,1.26014871355746,0,1,0,1,0,1,0,1,y2
12,1.272,0,1,0,1,0,1,0,1,y2
12,1.28962659430822,0,1,0,1,0,1,0,1,y2
12,1.31979403292165,0,1,0,1,0,1,0,1,y2
12,1.35066715979904,0,1,0,1,0,1,0,1,y2
12,1.3822624826702,0,1,0,1,0,1,0,1,y2
12,1.408,0,1,0,1,0,1,0,1,y2
12,1.41459689542009,0,1,0,1,0,1,0,1,y2
12,1.44768768712188,0,1,0,1,0,1,0,1,y2
12,1.48155255128133,0,1,0,1,0,1,0,1,y2
12,1.5,0,1,0,1,0,1,0,1,y2
12,1.51620959529748,0,1,0,1,0,1,0,1,y2
12,1.544,0,1,0,1,0,1,0,1,y2
12,1.55167735014459,0,1,0,1,0,1,0,1,y2
12,1.58797478028051,0,1,0,1,0,1,0,1,y2
12,1.62512129378699,0,1,0,1,0,1,0,1,y2
12,1.66313675274702,0,1,0,1,0,1,0,1,y2
12,1.68,0,1,0,1,0,1,0,1,y2
12,1.70204148386506,0,1,0,1,0,1,0,1,y2
12,1.74185628933559,0,1,0,1,0,1,0,1,y2
12,1.782602457966,0,1,0,1,0,1,0,1,y2
12,1.816,0,1,0,1,0,1,0,1,y2
12,1.8243017765596,0,1,0,1,0,1,0,1,y2
12,1.86697654156493,0,1,0,1,0,1,0,1,y2
12,1.9106495709976,0,1,0,1,0,1,0,1,y2
12,1.952,0,1,0,1,0,1,0,1,y2
12,1.95534421664094,0,1,0,1,0,1,0,1,y2
12,2,0,1,0,1,0,1,0,1,y2
12,2.00108437653217,0,1,0,1,0,1,0,1,y2
12,2.0478945077405,0,1,0,1,0,1,0,1,y2
12,2.088,0,1,0,1,0,1,0,1,y2
12,2.09579963944429,0,1,0,1,0,1,0,1,y2
12,2.14482538631398,0,1,0,1,0,1,0,1,y2
12,2.19499796220821,0,1,0,1,0,1,0,1,y2
12,2.224,0,1,0,1,0,1,0,1,y2
12,2.24634419419022,0,1,0,1,0,1,0,1,y2
12,2.29889153687216,0.188059,1,0.188059,1,0,1,0,1,y2
12,2.352668087095,0.377077,1,0.377077,1,0,1,0,1,y2
12,2.36,0.401013,1,0.401013,1,0,1,0,1,y2
12,2.40770259895173,0.547654,1,0.547654,1,0,1,0,1,y2
12,2.4640244991621,0.702817,1,0.702817,1,0,1,0,1,y2
12,2.496,0.783457,1,0.783457,1,0,1,0,1,y2
12,2.5,0.793211,1,0.793211,1,0,1,0,1,y2
12,2.52166390280694,0.844767,1,0.844767,1,0,1,0,1,y2
12,2.58065162943057,0.975261,1,0.975261,1,0,1,0,1,y2
12,2.632,1.07846,1,1.07846,1,0,1,0,1,y2
12,2.6410192195199,1.09572,1,1.09572,1,0,1,0,1,y2
12,2.70279895136894,1.20778,1,1.20778,1,0,1,0,1,y2
12,2.76602385833792,1.31263,0,1.31263,0,0,1,0,1,y2
12,2.768,1.31576,0,1.31576,0,0,1,0,1,y2
12,2.83072774651606,1.41101,0,1.41101,0,0,1,0,1,y2
12,2.89694521279758,1.50338,0,1.50338,0,0,1,0,1,y2
12,2.904,1.51276,0,1.51276,0,0,1,0,1,y2
12,2.96471166338044,1.5902,0,1.5902,0,0,1,0,1,y2
12,3,1.63265,0,1.63265,0,0,1,0,1,y2
12,3.03406333269796,1.67195,0,1.67195,0,0,1,0,1,y2
12,3.04,1.67864,0,1.67864,0,0,1,0,1,y2
12,3.10503730279317,1.74899,0,1.74899,0,0,1,0,1,y2
12,3.176,1.82004,0,1.82004,0,0,1,0,1,y2
12,3.17767152314644,1.82164,0,1.82164,0,0,1,0,1,y2
12,3.25200483096689,1.89015,0,1.89015,0,0,1,0,1,y2
12,3.312,1.9415,0,1.9415,0,0,1,0,1,y2
12,3.32807697195852,1.95469,0,1.95469,0,0,1,0,1,y2
12,3.40592862157201,2.01539,0,2.01539,0,0,1,0,1,y2
12,3.448,2.04609,0,2.04609,0,0,1,0,1,y2
12,3.48560140675375,2.07234,0,2.07234,0,0,1,0,1,y2
12,3.5,2.0821,0,2.0821,0,0,1,0,1,y2
12,3.56713792820361,2.12556,0,2.12556,0,0,1,0,1,y2
12,3.584,2.13595,0,2.13595,0,0,1,0,1,y2
12,3.6505817831533,2.17504,0,2.17504,0,0,1,0,1,y2
12,3.72,2.21256,0,2.21256,0,0,1,0,1,y2
12,3.73597758867765,2.22074,0,2.22074,0,0,1,0,1,y2
12,3.82337100555118,2.26259,0,2.26259,0,0,1,0,1,y2
12,3.856,2.27697,0,2.27697,0,0,1,0,1,y2
12,3.91280876266273,2.30047,0,2.30047,0,0,1,0,1,y2
12,3.992,2.33001,0,2.33001,0,0,1,0,1,y2
12,4,2.33279,0,2.33279,0,0,1,0,1,y2
12,4.00433868200114,2.33428,0,2.33428,0,0,1,0,1,y2
12,4.09800970422556,2.36393,0,2.36393,0,0,1,0,1,y2
12,4.128,2.37239,0,2.37239,0,0,1,0,1,y2
12,4.19387191483372,2.3893,0,2.3893,0,0,1,0,1,y2
12,4.264,2.40483,0,2.40483,0,0,1,0,1,y2
12,4.29197657094248,2.41033,0,2.41033,0,0,1,0,1,y2
12,4.3923761286948,2.42702,0,2.42702,0,0.17699,1,0,1,y2
12,4.4,2.4281,0,2.4281,0,0.222895,1,0,1,y2
12,4.49512427130779,2.43944,0,2.43944,0,0.673588,1,0.424763,1,y2
12,4.5,2.43992,0,2.43992,0,0.692158,1,0.448615,1,y2
12,4.536,2.44314,0,2.44314,0,0.819508,1,0.609602,1,y2
12,4.60027593777691,2.44758,0,2.44758,0,1.01222,1,0.845708,1,y2
12,4.672,2.45064,0,2.45064,0,1.18865,1,1.05528,1,y2
12,4.70788735225163,2.45146,0,2.45146,0,1.26534,1,1.14469,1,y2
12,4.808,2.45139,0,2.45139,0,1.44814,0,1.3548,0,y2
12,4.8180160540982,2.45121,0,2.45121,0,1.46431,0,1.37318,0,y2
12,4.93072092866578,2.44722,0,2.44722,0,1.6254,0,1.55488,0,y2
12,4.944,2.44652,0,2.44652,0,1.64216,0,1.57366,0,y2
12,5,2.44308,0,2.44308,0,1.70844,0,1.64781,0,y2
12,5.0460622387721,2.43967,0,2.43967,0,1.75806,0,1.70322,0,y2
12,5.08,2.43684,0,2.43684,0,1.79202,0,1.74115,0,y2
12,5.16410165692581,2.42873,0,2.42873,0,1.8676,0,1.82568,0,y2
12,5.216,2.42303,0,2.42303,0,1.90863,0,1.87179,0,y2
12,5.28490229830245,2.41472,0,2.41472,0,1.95707,0,1.9266,0,y2
12,5.352,2.40592,0,2.40592,0,1.9981,0,1.97353,0,y2
12,5.40852875449191,2.39798,0,2.39798,0,2.02824,0,2.00847,0,y2
12,5.488,2.38608,0,2.38608,0,2.06424,0,2.05101,0,y2
12,5.5,2.38421,0,2.38421,0,2.06906,0,2.05679,0,y2
12,5.53504712803523,2.37864,0,2.37864,0,2.08224,0,2.07274,0,y2
12,5.624,2.36391,0,2.36391,0,2.11006,0,2.10738,0,y2
12,5.66452506776941,2.35694,0,2.35694,0,2.1202,0,2.12052,0,y2
12,5.76,2.33993,0,2.33993,0,2.13835,0,2.14543,0,y2
12,5.7970318049989,2.33313,0,2.33313,0,2.14337,0,2.15295,0,y2
12,5.896,2.31447,0,2.31447,0,2.15183,0,2.16771,0,y2
12,5.9326381905133,2.30741,0,2.30741,0,2.15327,0,2.17134,0,y2
12,6,2.29421,0,2.29421,0,2.15378,0,2.17568,0,y2
12,6.032,2.28785,0,2.28785,0,2.15311,0,2.17675,0,y2
12,6.07141673247102,2.27995,0,2.27995,0,2.15154,0,2.17725,0,y2
12,6.168,2.26029,0,2.26029,0,2.14451,0,2.17496,0,y2
12,6.213441635169,2.2509,0,2.2509,0,2.13979,0,2.17231,0,y2
12,6.304,2.23198,0,2.23198,0,2.128,0,2.1644,0,y2
12,6.35878883871952,2.22034,0,2.22034,0,2.11949,0,2.15808,0,y2
12,6.44,2.20272,0,2.20272,0,2.10516,0,2.14684,0,y2
12,6.5,2.18928,0,2.18928,0,2.09339,0,2.13723,0,y2
12,6.50753605965499,2.18756,0,2.18756,0,2.09184,0,2.13595,0,y2
12,6.576,2.17163,0,2.17163,0,2.07717,0,2.12362,0,y2
12,6.65976283248268,2.15134,0,2.15134,0,2.05778,0,2.10698,0,y2
12,6.712,2.13826,0,2.13826,0,2.04494,0,2.09582,0,y2
12,6.81555055221149,2.11128,0,2.11128,0,2.01798,0,2.07205,0,y2
12,6.848,2.10254,0,2.10254,0,2.00914,0,2.06419,0,y2
12,6.97498251787349,2.06701,0,2.06701,0,1.9729,0,2.03172,0,y2
12,6.984,2.0644,0,2.0644,0,1.97023,0,2.02932,0,y2
12,7,2.05976,0,2.05976,0,1.96547,0,2.02503,0,y2
12,7.12,2.02378,0,2.02378,0,1.92859,0,1.99165,0,y2
12,7.13814397706359,2.01817,0,2.01817,0,1.92284,0,1.98643,0,y2
12,7.256,1.98064,0,1.98064,0,1.88446,0,1.95149,0,y2
12,7.30512217152102,1.96444,0,1.96444,0,1.86795,0,1.93642,0,y2
12,7.392,1.93496,0,1.93496,0,1.83805,0,1.90908,0,y2
12,7.47600638377717,1.90546,0,1.90546,0,1.80832,0,1.88183,0,y2
12,7.5,1.89685,0,1.89685,0,1.79969,0,1.8739,0,y2
12,7.528,1.88671,0,1.88671,0,1.78953,0,1.86458,0,y2
12,7.65088798489457,1.84087,0,1.84087,0,1.74391,0,1.82268,0,y2
12,7.664,1.83586,0,1.83586,0,1.73894,0,1.81812,0,y2
12,7.8,1.78241,0,1.78241,0,1.6865,0,1.7698,0,y2
12,7.82986048332255,1.77032,0,1.77032,0,1.67475,0,1.75896,0,y2
12,7.936,1.72635,0,1.72635,0,1.6322,0,1.71972,0,y2
12,8,1.69908,0,1.69908,0,1.60608,0,1.69556,0,y2
12,8.01301957489591,1.69346,0,1.69346,0,1.60072,0,1.6906,0,y2
12,8.072,1.66772,0,1.66772,0,1.57623,0,1.66794,0,y2
12,8.20046319400299,1.61003,0,1.61003,0,1.52188,0,1.61756,0,y2
12,8.208,1.60658,0,1.60658,0,1.51865,0,1.61456,0,y2
12,8.344,1.54295,0,1.54295,0,1.4596,0,1.55966,0,y2
12,8.39229156595081,1.51978,0,1.51978,0,1.43833,0,1.53982,0,y2
12,8.48,1.47697,0,1.47697,0,1.3993,0,1.50337,0,y2
12,8.5,1.46708,0,1.46708,0,1.39033,0,1.49498,0,y2
12,8.58860726055512,1.42273,0,1.42273,0,1.35036,0,1.45747,0,y2
12,8.616,1.40886,0,1.40886,0,1.33792,0,1.44578,0,y2
12,8.752,1.339,0,1.339,0,1.27576,0,1.38713,0,y2
12,8.78951524698403,1.31947,0,1.31947,0,1.25851,1,1.37078,0,y2
12,8.888,1.26774,1,1.26774,1,1.21311,1,1.32751,0,y2
12,8.99512294988458,1.21085,1,1.21085,1,1.16367,1,1.28019,0,y2
12,9,1.20825,1,1.20825,1,1.16142,1,1.27802,0,y2
12,9.024,1.19543,1,1.19543,1,1.15036,1,1.26735,1,y2
12,9.16,1.12254,1,1.12254,1,1.08793,1,1.20679,1,y2
12,9.20554030682226,1.09809,1,1.09809,1,1.06719,1,1.18652,1,y2
12,9.296,1.04957,1,1.04957,1,1.02634,1,1.14633,1,y2
12,9.42087982706414,0.982895,1,0.982895,1,0.970932,1,1.09116,1,y2
12,9.432,0.97698,1,0.97698,1,0.966058,1,1.08627,1,y2
12,9.5,0.940957,1,0.940957,1,0.936553,1,1.05656,1,y2
12,9.568,0.905193,1,0.905193,1,0.907697,1,1.02712,1,y2
12,9.64125665173709,0.867015,1,0.867015,1,0.877161,1,0.99579,1,y2
12,9.704,0.834627,1,0.834627,1,0.851501,1,0.969324,1,y2
12,9.84,0.765641,1,0.765641,1,0.798151,1,0.913367,1,y2
12,9.86678861539328,0.752263,1,0.752263,1,0.788021,1,0.902598,1,y2
12,9.976,0.698413,1,0.698413,1,0.747916,1,0.859685,1,y2
12,10,0.686748,1,0.686748,1,0.739404,1,0.850478,1,y2
12,10.0975963090158,0.640082,1,0.640082,1,0.705907,1,0.813935,1,y2
12,10.112,0.633314,1,0.633314,1,0.7011,1,0.808671,1,y2
12,10.248,0.570463,1,0.570463,1,0.657874,1,0.76063,1,y2
12,10.3338031444981,0.531163,1,0.531163,1,0.63235,1,0.731969,1,y2
12,10.384,0.508547,1,0.508547,1,0.618052,1,0.715791,1,y2
12,10.5,0.457425,1,0.457425,1,0.586896,1,0.680198,1,y2
12,10.52,0.448767,1,0.448767,1,0.581758,1,0.674344,1,y2
12,10.575535420632,0.424985,1,0.424985,1,0.567852,1,0.658436,1,y2
12,10.656,0.391186,1,0.391186,1,0.548696,1,0.636133,1,y2
12,10.792,0.335924,1,0.335924,1,0.518781,1,0.601159,1,y2
12,10.8229223906388,0.323677,1,0.323677,1,0.512382,1,0.593628,1,y2
12,10.928,0.282944,1,0.282944,1,0.491709,1,0.569269,1,y2
12,11,0.255774,1,0.255774,1,0.478445,1,0.553595,1,y2
12,11.064,0.232093,1,0.232093,1,0.467229,1,0.540336,1,y2
12,11.0760963312806,0.227658,1,0.227658,1,0.465169,1,0.5379,1,y2
12,11.2,0.183195,1,0.183195,1,0.445098,1,0.514166,1,y2
12,11.3351926135882,0.136507,1,0.136507,1,0.425203,1,0.49061,1,y2
12,11.336,0.136233,1,0.136233,1,0.42509,1,0.490476,1,y2
12,11.472,0.0908857,1,0.0908857,1,0.406955,1,0.469048,1,y2
12,11.5,0.081791,1,0.081791,1,0.403433,1,0.464898,1,y2
12,11.6003497752434,0.049726,1,0.049726,1,0.39138,1,0.450695,1,y2
12,11.608,0.0472985,1,0.0472985,1,0.390495,1,0.449655,1,y2
12,11.744,0.00431564,1,0.00431564,1,0.375498,1,0.432086,1,y2
12,11.8717095946543,0,1,0,1,0.362545,1,0.417022,1,y2
12,11.88,0,1,0,1,0.361737,1,0.416088,1,y2
12,12,0,1,0,1,0.350477,1,0.403149,1,y2
12,12.016,0,1,0,1,0.349031,1,0.401502,1,y2
12,12.1494171667638,0,1,0,1,0.337437,1,0.388376,1,y2
12,12.152,0,1,0,1,0.33722,1,0.388132,1,y2
12,12.288,0,1,0,1,0.326201,1,0.375786,1,y2
12,12.424,0,1,0,1,0.3158,1,0.364382,1,y2
12,12.4336209806312,0,1,0,1,0.315082,1,0.363603,1,y2
12,12.5,0,1,0,1,0.310212,1,0.358311,1,y2
12,12.56,0,1,0,1,0.305964,1,0.353672,1,y2
12,12.696,0,1,0,1,0.296897,1,0.343669,1,y2
12,12.7244729988288,0,1,0,1,0.295037,1,0.341641,1,y2
12,12.832,0,1,0,1,0.287858,1,0.334118,1,y2
12,12.968,0,1,0,1,0.27856,1,0.325052,1,y2
12,13,0,1,0,1,0.276443,1,0.322984,1,y2
12,13.0221287386953,0,1,0,1,0.275004,1,0.321561,1,y2
12,13.104,0,1,0,1,0.269822,1,0.316307,1,y2
12,13.24,0,1,0,1,0.261323,1,0.307889,1,y2
12,13.3267473554907,0,1,0,1,0.25595,1,0.302858,1,y2
12,13.376,0,1,0,1,0.252978,1,0.299985,1,y2
12,13.5,0,1,0,1,0.245856,1,0.292562,1,y2
12,13.512,0,1,0,1,0.245197,1,0.291847,1,y2
12,13.6384917274956,0,1,0,1,0.238148,1,0.284391,1,y2
12,13.648,0,1,0,1,0.237548,1,0.283817,1,y2
12,13.784,0,1,0,1,0.228511,1,0.275147,1,y2
12,13.92,0,1,0,1,0.220244,1,0.267221,1,y2
12,13.9575285431017,0,1,0,1,0.217988,1,0.265225,1,y2
12,14,0,1,0,1,0.215384,1,0.262954,1,y2
12,14.056,0,1,0,1,0.211886,1,0.259868,1,y2
12,14.192,0,1,0,1,0.20341,1,0.25217,1,y2
12,14.2840283899392,0,1,0,1,0.197684,1,0.246923,1,y2
12,14.328,0,1,0,1,0.194935,1,0.244435,1,y2
12,14.464,0,1,0,1,0.18638,1,0.236415,1,y2
12,14.5,0,1,0,1,0.184102,1,0.23407,1,y2
12,14.6,0,1,0,1,0.177743,1,0.227709,1,y2
12,14.6181658460895,0,1,0,1,0.176583,1,0.226597,1,y2
12,14.736,0,1,0,1,0.169021,1,0.219749,1,y2
12,14.872,0,1,0,1,0.160214,1,0.211868,1,y2
12,14.9601195734313,0,1,0,1,0.154463,1,0.206303,1,y2
12,15,0,1,0,1,0.151846,1,0.203797,1,y2
12,15.008,0,1,0,1,0.151321,1,0.203293,1,y2
12,15.144,0,1,0,1,0.142333,1,0.194629,1,y2
12,15.28,0,1,0,1,0.133256,1,0.186072,1,y2
12,15.3100724131702,0,1,0,1,0.131237,1,0.184312,1,y2
12,15.416,0,1,0,1,0.124094,1,0.177891,1,y2
12,15.5,0,1,0,1,0.118395,1,0.172378,1,y2
12,15.552,0,1,0,1,0.114849,1,0.168924,1,y2
12,15.6682114836034,0,1,0,1,0.106867,1,0.161504,1,y2
12,15.688,0,1,0,1,0.1055,1,0.160296,1,y2
12,15.824,0,1,0,1,0.0960471,1,0.152168,1,y2
12,15.96,0,1,0,1,0.0864946,1,0.142874,1,y2
12,16,0,1,0,1,0.0836669,1,0.140096,1,y2
12,16.0347282801707,0,1,0,1,0.0812054,1,0.137774,1,y2
12,16.096,0,1,0,1,0.0768482,1,0.133925,1,y2
12,16.232,0,1,0,1,0.0671154,1,0.125227,1,y2
12,16.368,0,1,0,1,0.057305,1,0.11566,1,y2
12,16.4098187778465,0,1,0,1,0.0542743,1,0.112841,1,y2
12,16.5,0,1,0,1,0.0477185,1,0.106814,1,y2
12,16.504,0,1,0,1,0.0474271,1,0.10654,1,y2
12,16.64,0,1,0,1,0.0374936,1,0.0968852,1,y2
12,16.776,0,1,0,1,0.0275068,1,0.0878475,1,y2
12,16.7936835359269,0,1,0,1,0.0262018,1,0.086606,1,y2
12,16.912,0,1,0,1,0.01743,1,0.0783931,1,y2
12,17,0,1,0,1,0.0108628,1,0.0721968,1,y2
12,17.048,0,1,0,1,0.00726645,1,0.0688216,1,y2
12,17.184,0,1,0,1,0,1,0.0592228,1,y2
12,17.1865278052676,0,1,0,1,0,1,0.0590426,1,y2
12,17.32,0,1,0,1,0,1,0.0495634,1,y2
12,17.456,0,1,0,1,0,1,0.0397874,1,y2
12,17.5,0,1,0,1,0,1,0.0366349,1,y2
12,17.588561638031,0,1,0,1,0,1,0.0302467,1,y2
12,17.592,0,1,0,1,0,1,0.0300037,1,y2
12,17.728,0,1,0,1,0,1,0.0201234,1,y2
12,17.864,0,1,0,1,0,1,0.0100733,1,y2
12,18,0,1,0,1,0,1,7.99602e-05,1,y2
13,1,0,1,0,1,0,1,0,1,y2
13,1.02361672632689,0,1,0,1,0,1,0,1,y2
13,1.04779120241618,0,1,0,1,0,1,0,1,y2
13,1.07253660049137,0,1,0,1,0,1,0,1,y2
13,1.09786640386075,0,1,0,1,0,1,0,1,y2
13,1.12379441426421,0,1,0,1,0,1,0,1,y2
13,1.14,0,1,0,1,0,1,0,1,y2
13,1.15033475939358,0,1,0,1,0,1,0,1,y2
13,1.17750190059049,0,1,0,1,0,1,0,1,y2
13,1.20531064072613,0,1,0,1,0,1,0,1,y2
13,1.23377613226705,0,1,0,1,0,1,0,1,y2
13,1.26291388553145,0,1,0,1,0,1,0,1,y2
13,1.28,0,1,0,1,0,1,0,1,y2
13,1.29273977714047,0,1,0,1,0,1,0,1,y2
13,1.32327005866909,0,1,0,1,0,1,0,1,y2
13,1.35452136550124,0,1,0,1,0,1,0,1,y2
13,1.38651072589421,0,1,0,1,0,1,0,1,y2
13,1.41925557025695,0,1,0,1,0,1,0,1,y2
13,1.42,0,1,0,1,0,1,0,1,y2
13,1.45277374064763,0,1,0,1,0,1,0,1,y2
13,1.4870835004954,0,1,0,1,0,1,0,1,y2
13,1.5,0,1,0,1,0,1,0,1,y2
13,1.52220354455183,0,1,0,1,0,1,0,1,y2
13,1.55815300907734,0,1,0,1,0,1,0,1,y2
13,1.56,0,1,0,1,0,1,0,1,y2
13,1.59495148226814,0,1,0,1,0,1,0,1,y2
13,1.63261901492953,0,1,0,1,0,1,0,1,y2
13,1.6711761314012,0,1,0,1,0,1,0,1,y2
13,1.7,0,1,0,1,0,1,0,1,y2
13,1.71064384074053,0,1,0,1,0,1,0,1,y2
13,1.75104364817009,0,1,0,1,0,1,0,1,y2
13,1.79239756679536,0,1,0,1,0,1,0,1,y2
13,1.83472812959935,0,1,0,1,0,1,0,1,y2
13,1.84,0,1,0,1,0,1,0,1,y2
13,1.87805840172035,0,1,0,1,0,1,0,1,y2
13,1.92241199301969,0,1,0,1,0,1,0,1,y2
13,1.96781307094637,0,1,0,1,0,1,0,1,y2
13,1.98,0,1,0,1,0,1,0,1,y2
13,2,0,1,0,1,0,1,0,1,y2
13,2.01428637370539,0,1,0,1,0,1,0,1,y2
13,2.06185722373718,0,1,0,1,0,1,0,1,y2
13,2.1105515415153,0,1,0,1,0,1,0,1,y2
13,2.12,0,1,0,1,0,1,0,1,y2
13,2.16039585967007,0,1,0,1,0,1,0,1,y2
13,2.21141733744564,0,1,0,1,0,1,0,1,y2
13,2.26,0.0347431,1,0.0347431,1,0,1,0,1,y2
13,2.26364377549864,0.0497661,1,0.0497661,1,0,1,0,1,y2
13,2.31710363104616,0.25498,1,0.25498,1,0,1,0,1,y2
13,2.37182603337162,0.438824,1,0.438824,1,0,1,0,1,y2
13,2.4,0.524977,1,0.524977,1,0,1,0,1,y2
13,2.42784079969675,0.605214,1,0.605214,1,0.0459864,1,0.0389562,1,y2
13,2.48517845142845,0.756711,1,0.756711,1,0.140274,1,0.132768,1,y2
13,2.5,0.793211,1,0.793211,1,0.164271,1,0.156633,1,y2
13,2.54,0.886802,1,0.886802,1,0.228271,1,0.220277,1,y2
13,2.54387023078932,0.895494,1,0.895494,1,0.234405,1,0.226376,1,y2
13,2.603948117841,1.02319,1,1.02319,1,0.328217,1,0.319689,1,y2
13,2.66544484790947,1.14125,1,1.14125,1,0.421548,1,0.412663,1,y2
13,2.68,1.1676,1,1.1676,1,0.443309,1,0.434303,1,y2
13,2.72839392942197,1.25133,1,1.25133,1,0.514849,1,0.505239,1,y2
13,2.79282966216508,1.35443,0,1.35443,0,0.607355,1,0.597275,1,y2
13,2.82,1.39528,0,1.39528,0,0.645416,1,0.635304,1,y2
13,2.85878715597406,1.45112,0,1.45112,0,0.699164,1,0.688791,1,y2
13,2.92630234986353,1.54189,0,1.54189,0,0.790928,1,0.779579,1,y2
13,2.96,1.5844,0,1.5844,0,0.835429,1,0.823797,1,y2
13,2.99541203160999,1.62723,0,1.62723,0,0.881348,1,0.869489,1,y2
13,3,1.63264,0,1.63264,0,0.887241,1,0.87535,1,y2
13,3.0661538577968,1.70757,0,1.70757,0,0.970892,1,0.958353,1,y2
13,3.1,1.74373,0,1.74373,0,1.01273,1,0.99972,1,y2
13,3.13856637433253,1.78327,0,1.78327,0,1.05954,1,1.04594,1,y2
13,3.21268903745392,1.85462,0,1.85462,0,1.14628,1,1.13197,1,y2
13,3.24,1.87947,0,1.87947,0,1.17711,1,1.16272,1,y2
13,3.28856223522488,1.92184,0,1.92184,0,1.23048,1,1.21614,1,y2
13,3.36622730954313,1.98509,0,1.98509,0,1.31255,0,1.29799,0,y2
13,3.38,1.99575,0,1.99575,0,1.32667,0,1.31204,0,y2
13,3.44572657866672,2.04447,0,2.04447,0,1.39185,0,1.3771,0,y2
13,3.5,2.0821,0,2.0821,0,1.44307,0,1.42819,0,y2
13,3.52,2.09539,0,2.09539,0,1.46142,0,1.4464,0,y2
13,3.52710336027238,2.10004,0,2.10004,0,1.46786,0,1.45278,0,y2
13,3.61040199505859,2.15183,0,2.15183,0,1.54001,0,1.52439,0,y2
13,3.66,2.18032,0,2.18032,0,1.58001,0,1.56401,0,y2
13,3.69566787090595,2.19978,0,2.19978,0,1.60743,0,1.59108,0,y2
13,3.78294744760822,2.24384,0,2.24384,0,1.66932,0,1.65204,0,y2
13,3.8,2.25187,0,2.25187,0,1.68052,0,1.66306,0,y2
13,3.8722882821874,2.28391,0,2.28391,0,1.72472,0,1.70638,0,y2
13,3.94,2.31103,0,2.31103,0,1.76106,0,1.74185,0,y2
13,3.96373905480664,2.31989,0,2.31989,0,1.77263,0,1.75307,0,y2
13,4,2.33279,0,2.33279,0,1.78912,0,1.76901,0,y2
13,4.05734959529522,2.35167,0,2.35167,0,1.8122,0,1.79125,0,y2
13,4.08,2.35861,0,2.35861,0,1.82029,0,1.79902,0,y2
13,4.15317091029983,2.37912,0,2.37912,0,1.8425,0,1.82019,0,y2
13,4.22,2.39538,0,2.39538,0,1.85758,0,1.83429,0,y2
13,4.25125521107718,2.40219,0,2.40219,0,1.86292,0,1.83915,0,y2
13,4.35165594194296,2.42081,0,2.42081,0,1.87295,0,1.84767,0,y2
13,4.36,2.42215,0,2.42215,0,1.87331,0,1.84791,0,y2
13,4.45442780939262,2.43506,0,2.43506,0,1.87237,0,1.84563,0,y2
13,4.5,2.43991,0,2.43991,0,1.86883,0,1.84133,0,y2
13,4.55962681190993,2.44496,0,2.44496,0,1.86129,0,1.83269,0,y2
13,4.64,2.44951,0,2.44951,0,1.84626,0,1.81624,0,y2
13,4.66731027047957,2.4505,0,2.4505,0,1.83997,0,1.80954,0,y2
13,4.77753685982017,2.45176,0,2.45176,0,1.80903,0,1.77659,0,y2
13,4.78,2.45174,0,2.45174,0,1.80824,0,1.77574,0,y2
13,4.89036664035518,2.44905,0,2.44905,0,1.76918,0,1.73372,0,y2
13,4.92,2.44775,0,2.44775,0,1.75755,0,1.72139,0,y2
13,5,2.44308,0,2.44308,0,1.72387,0,1.68615,0,y2
13,5.0058610909386,2.44268,0,2.44268,0,1.7213,0,1.68343,0,y2
13,5.06,2.43854,0,2.43854,0,1.69692,0,1.65745,0,y2
13,5.12408314235373,2.43277,0,2.43277,0,1.66658,0,1.62565,0,y2
13,5.2,2.42484,0,2.42484,0,1.62892,0,1.58684,0,y2
13,5.24509721160293,2.41962,0,2.41962,0,1.60589,0,1.56295,0,y2
13,5.34,2.40754,0,2.40754,0,1.55583,0,1.51103,0,y2
13,5.36896923700729,2.40358,0,2.40358,0,1.54036,0,1.49498,0,y2
13,5.48,2.38731,0,2.38731,0,1.4797,0,1.43301,0,y2
13,5.49576671413519,2.38487,0,2.38487,0,1.471,0,1.42414,0,y2
13,5.5,2.38421,0,2.38421,0,1.46867,0,1.42176,0,y2
13,5.62,2.36459,0,2.36459,0,1.40207,0,1.35423,0,y2
13,5.62555873257936,2.36364,0,2.36364,0,1.39896,0,1.35111,0,y2
13,5.75841601360254,2.34022,0,2.34022,0,1.32493,0,1.27679,0,y2
13,5.76,2.33993,0,2.33993,0,1.32405,0,1.27591,0,y2
13,5.89441094867218,2.31478,0,2.31478,0,1.25024,1,1.20197,1,y2
13,5.9,2.31371,0,2.31371,0,1.24717,1,1.19893,1,y2
13,6,2.29421,0,2.29421,0,1.19324,1,1.14524,1,y2
13,6.03361763890519,2.28753,0,2.28753,0,1.17536,1,1.12746,1,y2
13,6.04,2.28625,0,2.28625,0,1.17197,1,1.1241,1,y2
13,6.17611193544432,2.25862,0,2.25862,0,1.10104,1,1.05394,1,y2
13,6.18,2.25782,0,2.25782,0,1.09906,1,1.05198,1,y2
13,6.32,2.2286,0,2.2286,0,1.02907,1,0.983248,1,y2
13,6.32197148078795,2.22818,0,2.22818,0,1.02811,1,0.982304,1,y2
13,6.46,2.19829,0,2.19829,0,0.962484,1,0.918098,1,y2
13,6.47127575109613,2.19577,0,2.19577,0,0.957243,1,0.913006,1,y2
13,6.5,2.18928,0,2.18928,0,0.943995,1,0.900149,1,y2
13,6.6,2.1659,0,2.1659,0,0.899362,1,0.856682,1,y2
13,6.62410609949561,2.16009,0,2.16009,0,0.888852,1,0.846493,1,y2
13,6.74,2.1311,0,2.1311,0,0.839906,1,0.799316,1,y2
13,6.78054580040769,2.12056,0,2.12056,0,0.823432,1,0.783567,1,y2
13,6.88,2.09379,0,2.09379,0,0.784331,1,0.746563,1,y2
13,6.94068009492287,2.07682,0,2.07682,0,0.761439,1,0.725015,1,y2
13,7,2.05976,0,2.05976,0,0.739646,1,0.704626,1,y2
13,7.02,2.0539,0,2.0539,0,0.732453,1,0.6979,1,y2
13,7.10459623724716,2.02851,0,2.02851,0,0.703106,1,0.670165,1,y2
13,7.16,2.01136,0,2.01136,0,0.684599,1,0.652632,1,y2
13,7.27238354224529,1.97528,0,1.97528,0,0.648927,1,0.618991,1,y2
13,7.3,1.96615,0,1.96615,0,0.640581,1,0.611143,1,y2
13,7.44,1.91822,0,1.91822,0,0.600205,1,0.574065,1,y2
13,7.44413343410668,1.91677,0,1.91677,0,0.599072,1,0.573038,1,y2
13,7.5,1.89685,0,1.89685,0,0.584246,1,0.55947,1,y2
13,7.58,1.86757,0,1.86757,0,0.564055,1,0.540905,1,y2
13,7.61993949616083,1.85261,0,1.85261,0,0.554148,1,0.531964,1,y2
13,7.72,1.81417,0,1.81417,0,0.531023,1,0.510652,1,y2
13,7.79989752186913,1.78245,0,1.78245,0,0.51424,1,0.494799,1,y2
13,7.86,1.758,0,1.758,0,0.501679,1,0.483805,1,y2
13,7.98410556702091,1.70591,0,1.70591,0,0.478632,1,0.463856,1,y2
13,8,1.69908,0,1.69908,0,0.475942,1,0.4615,1,y2
13,8.14,1.63747,0,1.63747,0,0.453262,1,0.44204,1,y2
13,8.17266400316225,1.62271,0,1.62271,0,0.448608,1,0.437825,1,y2
13,8.28,1.5732,0,1.5732,0,0.43437,1,0.424818,1,y2
13,8.36567557228656,1.53259,0,1.53259,0,0.423824,1,0.415803,1,y2
13,8.42,1.50636,0,1.50636,0,0.417721,1,0.410853,1,y2
13,8.5,1.46708,0,1.46708,0,0.410084,1,0.404484,1,y2
13,8.56,1.43714,0,1.43714,0,0.404979,1,0.400366,1,y2
13,8.56324544281681,1.43551,0,1.43551,0,0.404694,1,0.400157,1,y2
13,8.7,1.3659,0,1.3659,0,0.393498,1,0.392131,1,y2
13,8.76548126690981,1.332,0,1.332,0,0.390871,1,0.388826,1,y2
13,8.84,1.29303,0,1.29303,0,0.38593,1,0.386044,1,y2
13,8.97249323911391,1.22291,1,1.22291,1,0.380993,1,0.383767,1,y2
13,8.98,1.21892,1,1.21892,1,0.380753,1,0.383705,1,y2
13,9,1.20825,1,1.20825,1,0.380116,1,0.383568,1,y2
13,9.12,1.14401,1,1.14401,1,0.377598,1,0.383544,1,y2
13,9.18439415641194,1.10945,1,1.10945,1,0.377091,1,0.384076,1,y2
13,9.26,1.06888,1,1.06888,1,0.376927,1,0.385085,1,y2
13,9.4,0.99402,1,0.99402,1,0.378339,1,0.388721,1,y2
13,9.40129947968222,0.993328,1,0.993328,1,0.378362,1,0.388766,1,y2
13,9.5,0.940971,1,0.940971,1,0.380568,1,0.39271,1,y2
13,9.54,0.919907,1,0.919907,1,0.381734,1,0.394564,1,y2
13,9.62332739661101,0.87634,1,0.87634,1,0.384683,1,0.398835,1,y2
13,9.68,0.847008,1,0.847008,1,0.387068,1,0.402095,1,y2
13,9.82,0.775708,1,0.775708,1,0.394107,1,0.411401,1,y2
13,9.85059888609085,0.760369,1,0.760369,1,0.395863,1,0.413645,1,y2
13,9.96,0.706269,1,0.706269,1,0.402798,1,0.422234,1,y2
13,10,0.686784,1,0.686784,1,0.405589,1,0.425603,1,y2
13,10.0832377841396,0.646898,1,0.646898,1,0.411785,1,0.43299,1,y2
13,10.1,0.638983,1,0.638983,1,0.413093,1,0.434537,1,y2
13,10.24,0.574239,1,0.574239,1,0.424738,1,0.448192,1,y2
13,10.3213708513766,0.536899,1,0.536899,1,0.432099,1,0.456702,1,y2
13,10.38,0.510426,1,0.510426,1,0.43768,1,0.463074,1,y2
13,10.5,0.457514,1,0.457514,1,0.449807,1,0.476696,1,y2
13,10.52,0.448855,1,0.448855,1,0.451912,1,0.479041,1,y2
13,10.5651278420919,0.429498,1,0.429498,1,0.456741,1,0.484408,1,y2
13,10.66,0.389607,1,0.389607,1,0.467229,1,0.496015,1,y2
13,10.8,0.332807,1,0.332807,1,0.483491,1,0.513864,1,y2
13,10.8146415749472,0.327007,1,0.327007,1,0.485246,1,0.515776,1,y2
13,10.94,0.278415,1,0.278415,1,0.500661,1,0.532488,1,y2
13,11,0.25581,1,0.25581,1,0.508279,1,0.540685,1,y2
13,11.0700480053462,0.229889,1,0.229889,1,0.517358,1,0.550403,1,y2
13,11.08,0.226247,1,0.226247,1,0.518664,1,0.551796,1,y2
13,11.22,0.176191,1,0.176191,1,0.537339,1,0.571681,1,y2
13,11.331486299514,0.137755,1,0.137755,1,0.55203,1,0.587264,1,y2
13,11.36,0.128086,1,0.128086,1,0.555345,1,0.591117,1,y2
13,11.5,0.0818266,1,0.0818266,1,0.565511,1,0.607183,1,y2
13,11.5,0.0818266,1,0.0818266,1,0.565511,1,0.607183,1,y2
13,11.5990989103265,0.0500819,1,0.0500819,1,0.564569,1,0.612973,1,y2
13,11.64,0.0370543,1,0.0370543,1,0.562831,1,0.613589,1,y2
13,11.78,0,1,0,1,0.551715,1,0.608779,1,y2
13,11.8730316549302,0,1,0,1,0.539937,1,0.601417,1,y2
13,11.92,0,1,0,1,0.532704,1,0.596472,1,y2
13,12,0,1,0,1,0.518419,1,0.586046,1,y2
13,12.06,0,1,0,1,0.506102,1,0.576628,1,y2
13,12.1534337941952,0,1,0,1,0.484232,1,0.559304,1,y2
13,12.2,0,1,0,1,0.472134,1,0.549476,1,y2
13,12.34,0,1,0,1,0.431069,1,0.515207,1,y2
13,12.4404581140447,0,1,0,1,0.397229,1,0.48641,1,y2
13,12.48,0,1,0,1,0.382971,1,0.474162,1,y2
13,12.5,0,1,0,1,0.375573,1,0.467772,1,y2
13,12.62,0,1,0,1,0.328526,1,0.426737,1,y2
13,12.7342610087053,0,1,0,1,0.279302,1,0.383673,1,y2
13,12.76,0,1,0,1,0.267749,1,0.373499,1,y2
13,12.9,0,1,0,1,0.202506,1,0.314708,1,y2
13,13,0,1,0,1,0.152377,1,0.268992,1,y2
13,13.0350025659231,0,1,0,1,0.134081,1,0.252338,1,y2
13,13.04,0,1,0,1,0.131437,1,0.249935,1,y2
13,13.18,0,1,0,1,0.0544991,1,0.179694,1,y2
13,13.32,0,1,0,1,0,1,0.103944,1,y2
13,13.3428466541928,0,1,0,1,0,1,0.0913126,1,y2
13,13.46,0,1,0,1,0,1,0.0252356,1,y2
13,13.5,0,1,0,1,0,1,0.00176248,1,y2
13,13.6,0,1,0,1,0,1,0,1,y2
13,13.6579610120465,0,1,0,1,0,1,0,1,y2
13,13.74,0,1,0,1,0,1,0,1,y2
13,13.88,0,1,0,1,0,1,0,1,y2
13,13.9805173394514,0,1,0,1,0,1,0,1,y2
13,14,0,1,0,1,0,1,0,1,y2
13,14.02,0,1,0,1,0,1,0,1,y2
13,14.16,0,1,0,1,0,1,0,1,y2
13,14.3,0,1,0,1,0,1,0,1,y2
13,14.3106913913656,0,1,0,1,0,1,0,1,y2
13,14.44,0,1,0,1,0,1,0,1,y2
13,14.5,0,1,0,1,0,1,0,1,y2
13,14.58,0,1,0,1,0,1,0,1,y2
13,14.648663073504,0,1,0,1,0,1,0,1,y2
13,14.72,0,1,0,1,0,1,0,1,y2
13,14.86,0,1,0,1,0,1,0,1,y2
13,14.9946165403658,0,1,0,1,0,1,0,1,y2
13,15,0,1,0,1,0,1,0,1,y2
13,15,0,1,0,1,0,1,0,1,y2
13,15.14,0,1,0,1,0,1,0,1,y2
13,15.28,0,1,0,1,0,1,0,1,y2
13,15.3487402955763,0,1,0,1,0,1,0,1,y2
13,15.42,0,1,0,1,0,1,0,1,y2
13,15.5,0,1,0,1,0,1,0,1,y2
13,15.56,0,1,0,1,0,1,0,1,y2
13,15.7,0,1,0,1,0,1,0,1,y2
13,15.7112272945994,0,1,0,1,0,1,0,1,y2
13,15.84,0,1,0,1,0,1,0,1,y2
13,15.98,0,1,0,1,0,1,0,1,y2
13,16,0,1,0,1,0,1,0,1,y2
13,16.0822750498756,0,1,0,1,0,1,0,1,y2
13,16.12,0,1,0,1,0,1,0,1,y2
13,16.26,0,1,0,1,0,1,0,1,y2
13,16.4,0,1,0,1,0,1,0,1,y2
13,16.4620857384423,0,1,0,1,0,1,0,1,y2
13,16.5,0,1,0,1,0,1,0,1,y2
13,16.54,0,1,0,1,0,1,0,1,y2
13,16.68,0,1,0,1,0,1,0,1,y2
13,16.82,0,1,0,1,0,1,0,1,y2
13,16.8508663120969,0,1,0,1,0,1,0,1,y2
13,16.96,0,1,0,1,0,1,0,1,y2
13,17,0,1,0,1,0,1,0,1,y2
13,17.1,0,1,0,1,0,1,0,1,y2
13,17.24,0,1,0,1,0,1,0,1,y2
13,17.2488286101607,0,1,0,1,0,1,0,1,y2
13,17.38,0,1,0,1,0,1,0,1,y2
13,17.5,0,1,0,1,0,1,0,1,y2
13,17.52,0,1,0,1,0,1,0,1,y2
13,17.6561894749063,0,1,0,1,0,1,0,1,y2
13,17.66,0,1,0,1,0,1,0,1,y2
13,17.8,0,1,0,1,0,1,0,1,y2
13,17.94,0,1,0,1,0,1,0,1,y2
13,18,0,1,0,1,0,1,0,1,y2
13,18.0731708697109,0,1,0,1,0,1,0,1,y2
13,18.08,0,1,0,1,0,1,0,1,y2
13,18.22,0,1,0,1,0,1,0,1,y2
13,18.36,0,1,0,1,0,1,0,1,y2
13,18.5,0,1,0,1,0,1,0,1,y2
14,1,0,1,0,1,0,1,0,1,y2
14,1.02316176962892,0,1,0,1,0,1,0,1,y2
14,1.04686000683017,0,1,0,1,0,1,0,1,y2
14,1.0711071371421,0,1,0,1,0,1,0,1,y2
14,1.09591587390047,0,1,0,1,0,1,0,1,y2
14,1.12129922490442,0,1,0,1,0,1,0,1,y2
14,1.132,0,1,0,1,0,1,0,1,y2
14,1.14727049923674,0,1,0,1,0,1,0,1,y2
14,1.17384331424211,0,1,0,1,0,1,0,1,y2
14,1.20103160266703,0,1,0,1,0,1,0,1,y2
14,1.22884961996505,0,1,0,1,0,1,0,1,y2
14,1.25731195177126,0,1,0,1,0,1,0,1,y2
14,1.264,0,1,0,1,0,1,0,1,y2
14,1.28643352154987,0,1,0,1,0,1,0,1,y2
14,1.31622959841892,0,1,0,1,0,1,0,1,y2
14,1.34671580515626,0,1,0,1,0,1,0,1,y2
14,1.37790812639091,0,1,0,1,0,1,0,1,y2
14,1.396,0,1,0,1,0,1,0,1,y2
14,1.40982291698419,0,1,0,1,0,1,0,1,y2
14,1.44247691060494,0,1,0,1,0,1,0,1,y2
14,1.4758872285034,0,1,0,1,0,1,0,1,y2
14,1.5,0,1,0,1,0,1,0,1,y2
14,1.51007138848825,0,1,0,1,0,1,0,1,y2
14,1.528,0,1,0,1,0,1,0,1,y2
14,1.54504731411164,0,1,0,1,0,1,0,1,y2
14,1.58083334406686,0,1,0,1,0,1,0,1,y2
14,1.61744824180385,0,1,0,1,0,1,0,1,y2
14,1.6549112053672,0,1,0,1,0,1,0,1,y2
14,1.66,0,1,0,1,0,1,0,1,y2
14,1.69324187746223,0,1,0,1,0,1,0,1,y2
14,1.73246035575404,0,1,0,1,0,1,0,1,y2
14,1.77258720340524,0,1,0,1,0,1,0,1,y2
14,1.792,0,1,0,1,0,1,0,1,y2
14,1.81364345985768,0,1,0,1,0,1,0,1,y2
14,1.85565065186389,0,1,0,1,0.268467,1,0,1,y2
14,1.89863080477411,0,1,0,1,0.636072,1,0.350102,1,y2
14,1.924,0,1,0,1,0.81633,1,0.560473,1,y2
14,1.94260645408465,0,1,0,1,0.935638,1,0.698241,1,y2
14,1.9876006572538,0,1,0,1,1.18876,1,0.986069,1,y2
14,2,0,1,0,1,1.25115,1,1.05591,1,y2
14,2.03363700579139,0,1,0,1,1.40724,0,1.22907,1,y2
14,2.056,0,1,0,1,1.50176,0,1.33307,0,y2
14,2.08073963762837,0,1,0,1,1.59897,0,1.43946,0,y2
14,2.12893324977287,0,1,0,1,1.76956,0,1.62497,0,y2
14,2.17824311125945,0,1,0,1,1.92298,0,1.79065,0,y2
14,2.188,0,1,0,1,1.95119,0,1.821,0,y2
14,2.22869507639821,0,1,0,1,2.06213,0,1.9401,0,y2
14,2.28031559833084,0.116705,1,0.116705,1,2.18921,0,2.07598,0,y2
14,2.32,0.265342,1,0.265342,1,2.27804,0,2.17065,0,y2
14,2.33313174290061,0.311342,1,0.311342,1,2.30591,0,2.20032,0,y2
14,2.38717120284358,0.486405,1,0.486405,1,2.41353,0,2.31468,0,y2
14,2.44246231230862,0.645496,1,0.645496,1,2.51305,0,2.42029,0,y2
14,2.452,0.671149,1,0.671149,1,2.52924,0,2.43747,0,y2
14,2.49903406171362,0.790862,1,0.790862,1,2.60526,0,2.5181,0,y2
14,2.5,0.793211,1,0.793211,1,2.60676,0,2.51968,0,y2
14,2.55691611294585,0.924364,1,0.924364,1,2.69078,0,2.60884,0,y2
14,2.584,0.98227,1,0.98227,1,2.72804,0,2.64838,0,y2
14,2.61613881491436,1.04751,1,1.04751,1,2.77012,0,2.6931,0,y2
14,2.67673321946267,1.16174,1,1.16174,1,2.84347,0,2.77131,0,y2
14,2.716,1.23044,1,1.23044,1,2.88707,0,2.81804,0,y2
14,2.73873109764993,1.26849,1,1.26849,1,2.91099,0,2.84375,0,y2
14,2.80216495640924,1.36863,0,1.36863,0,2.97282,0,2.91052,0,y2
14,2.848,1.43588,0,1.43588,0,3.01319,0,2.95448,0,y2
14,2.86706805559181,1.46268,0,1.46268,0,3.02898,0,2.97176,0,y2
14,2.93347442540585,1.55109,0,1.55109,0,3.07954,0,3.0275,0,y2
14,2.98,1.60881,0,1.60881,0,3.11078,0,3.0626,0,y2
14,3,1.63264,0,1.63264,0,3.12323,0,3.07672,0,y2
14,3.00141888425942,1.63431,0,1.63431,0,3.12409,0,3.0777,0,y2
14,3.07093705701651,1.71276,0,1.71276,0,3.16284,0,3.12219,0,y2
14,3.112,1.75622,0,1.75622,0,3.18249,0,3.14529,0,y2
14,3.14206539367602,1.78677,0,1.78677,0,3.19551,0,3.16081,0,y2
14,3.21484118848333,1.8566,0,1.8566,0,3.22218,0,3.19384,0,y2
14,3.244,1.88304,0,1.88304,0,3.23098,0,3.20527,0,y2
14,3.28930259948453,1.92247,0,1.92247,0,3.24271,0,3.2211,0,y2
14,3.36548866853358,1.98451,0,1.98451,0,3.2575,0,3.2425,0,y2
14,3.376,1.99267,0,1.99267,0,3.2591,0,3.24496,0,y2
14,3.44343934176288,2.04283,0,2.04283,0,3.26694,0,3.2582,0,y2
14,3.5,2.0821,0,2.0821,0,3.27057,0,3.26606,0,y2
14,3.508,2.08745,0,2.08745,0,3.27088,0,3.26694,0,y2
14,3.52319549052794,2.09749,0,2.09749,0,3.27135,0,3.26847,0,y2
14,3.60479893283718,2.1485,0,2.1485,0,3.27108,0,3.27356,0,y2
14,3.64,2.16904,0,2.16904,0,3.26965,0,3.27423,0,y2
14,3.68829245527811,2.19583,0,2.19583,0,3.26651,0,3.27381,0,y2
14,3.772,2.23858,0,2.23858,0,3.2582,0,3.26976,0,y2
14,3.77371983545133,2.23941,0,2.23941,0,3.258,0,3.26963,0,y2
14,3.86112586492412,2.27917,0,2.27917,0,3.24586,0,3.26141,0,y2
14,3.904,2.29695,0,2.29695,0,3.23881,0,3.25611,0,y2
14,3.95055637271574,2.31501,0,2.31501,0,3.23042,0,3.2495,0,y2
14,4,2.33279,0,2.33279,0,3.22074,0,3.24161,0,y2
14,4.036,2.34486,0,2.34486,0,3.21322,0,3.23533,0,y2
14,4.04205824932663,2.34682,0,2.34682,0,3.21192,0,3.23423,0,y2
14,4.13567947132419,2.37448,0,2.37448,0,3.1906,0,3.21586,0,y2
14,4.168,2.38293,0,2.38293,0,3.18274,0,3.20895,0,y2
14,4.23146912649803,2.39794,0,2.39794,0,3.16662,0,3.19463,0,y2
14,4.3,2.41184,0,2.41184,0,3.14828,0,3.17812,0,y2
14,4.32947743959785,2.41711,0,2.41711,0,3.14012,0,3.17072,0,y2
14,4.4297557986674,2.43207,0,2.43207,0,3.11119,0,3.14427,0,y2
14,4.432,2.43235,0,2.43235,0,3.11053,0,3.14366,0,y2
14,4.5,2.43992,0,2.43992,0,3.08995,0,3.12468,0,y2
14,4.53235678198848,2.44283,0,2.44283,0,3.07991,0,3.11539,0,y2
14,4.564,2.44527,0,2.44527,0,3.06994,0,3.10614,0,y2
14,4.63733418564895,2.4494,0,2.4494,0,3.04628,0,3.08414,0,y2
14,4.696,2.45124,0,2.45124,0,3.02683,0,3.06599,0,y2
14,4.74474305174925,2.45182,0,2.45182,0,3.01032,0,3.05055,0,y2
14,4.828,2.451,0,2.451,0,2.98143,0,3.02348,0,y2
14,4.85463969726226,2.4503,0,2.4503,0,2.972,0,3.01464,0,y2
14,4.96,2.44562,0,2.44562,0,2.93387,0,2.97882,0,y2
14,4.96708174356163,2.4452,0,2.4452,0,2.93126,0,2.97636,0,y2
14,5,2.44308,0,2.44308,0,2.91905,0,2.96488,0,y2
14,5.082128146634,2.43665,0,2.43665,0,2.88803,0,2.93568,0,y2
14,5.092,2.43577,0,2.43577,0,2.88425,0,2.93212,0,y2
14,5.19983922799096,2.42486,0,2.42486,0,2.84222,0,2.89253,0,y2
14,5.224,2.42211,0,2.42211,0,2.83262,0,2.88349,0,y2
14,5.32027670629708,2.41017,0,2.41017,0,2.79373,0,2.84681,0,y2
14,5.356,2.40537,0,2.40537,0,2.77903,0,2.83295,0,y2
14,5.44350372973042,2.39285,0,2.39285,0,2.74242,0,2.79842,0,y2
14,5.488,2.38608,0,2.38608,0,2.72346,0,2.78056,0,y2
14,5.5,2.38421,0,2.38421,0,2.71832,0,2.7757,0,y2
14,5.56958490909258,2.37302,0,2.37302,0,2.68815,0,2.74726,0,y2
14,5.62,2.36459,0,2.36459,0,2.66597,0,2.72632,0,y2
14,5.69858635168566,2.35096,0,2.35096,0,2.63083,0,2.69314,0,y2
14,5.752,2.34139,0,2.34139,0,2.60652,0,2.67021,0,y2
14,5.83057569597389,2.32688,0,2.32688,0,2.57016,0,2.63598,0,y2
14,5.884,2.31677,0,2.31677,0,2.5451,0,2.61234,0,y2
14,5.96562214704798,2.30098,0,2.30098,0,2.50628,0,2.57561,0,y2
14,6,2.29421,0,2.29421,0,2.48968,0,2.55989,0,y2
14,6.016,2.29104,0,2.29104,0,2.48189,0,2.55253,0,y2
14,6.10379651291106,2.2734,0,2.2734,0,2.43847,0,2.51171,0,y2
14,6.148,2.26439,0,2.26439,0,2.4163,0,2.49096,0,y2
14,6.24517124160489,2.24431,0,2.24431,0,2.36754,0,2.44471,0,y2
14,6.28,2.23703,0,2.23703,0,2.34993,0,2.4278,0,y2
14,6.38982045919606,2.21367,0,2.21367,0,2.29244,0,2.37299,0,y2
14,6.412,2.20886,0,2.20886,0,2.28049,0,2.36177,0,y2
14,6.5,2.18928,0,2.18928,0,2.23348,0,2.31756,0,y2
14,6.53782000864209,2.18058,0,2.18058,0,2.21377,0,2.29856,0,y2
14,6.544,2.17915,0,2.17915,0,2.21053,0,2.29544,0,y2
14,6.676,2.14731,0,2.14731,0,2.13708,0,2.2266,0,y2
14,6.68924748955757,2.144,0,2.144,0,2.12956,0,2.21959,0,y2
14,6.808,2.1133,0,2.1133,0,2.06337,0,2.157,0,y2
14,6.84418229890151,2.10358,0,2.10358,0,2.04269,0,2.13758,0,y2
14,6.94,2.07701,0,2.07701,0,1.9882,0,2.08512,0,y2
14,7,2.05976,0,2.05976,0,1.95357,0,2.05184,0,y2
14,7.00270567260696,2.05897,0,2.05897,0,1.952,0,2.05033,0,y2
14,7.072,2.03841,0,2.03841,0,1.91164,0,2.01182,0,y2
14,7.16490072817498,2.00982,0,2.00982,0,1.85759,0,1.96051,0,y2
14,7.204,1.99743,0,1.99743,0,1.83462,0,1.93852,0,y2
14,7.33085250825502,1.95582,0,1.95582,0,1.76006,0,1.86561,0,y2
14,7.336,1.95408,0,1.95408,0,1.75704,0,1.86267,0,y2
14,7.468,1.90831,0,1.90831,0,1.67941,0,1.78785,0,y2
14,7.5,1.89685,0,1.89685,0,1.66068,0,1.76967,0,y2
14,7.50064802523477,1.89662,0,1.89662,0,1.6603,0,1.7693,0,y2
14,7.6,1.86011,0,1.86011,0,1.60241,0,1.71195,0,y2
14,7.67437630686284,1.83187,0,1.83187,0,1.55931,0,1.66958,0,y2
14,7.732,1.80946,0,1.80946,0,1.52629,0,1.63675,0,y2
14,7.852128442928,1.76123,0,1.76123,0,1.45839,0,1.56831,0,y2
14,7.864,1.75635,0,1.75635,0,1.45176,0,1.56162,0,y2
14,7.996,1.7008,0,1.7008,0,1.37939,0,1.48831,0,y2
14,8,1.69908,0,1.69908,0,1.37723,0,1.48609,0,y2
14,8.03399763301975,1.68436,0,1.68436,0,1.35897,0,1.46727,0,y2
14,8.128,1.64285,0,1.64285,0,1.3096,0,1.41624,0,y2
14,8.22007923539501,1.60102,0,1.60102,0,1.26238,1,1.36758,0,y2
14,8.26,1.58253,0,1.58253,0,1.24265,1,1.34664,0,y2
14,8.392,1.51992,0,1.51992,0,1.17958,1,1.27973,0,y2
14,8.41047081697666,1.51098,0,1.51098,0,1.17105,1,1.2707,0,y2
14,8.5,1.46708,0,1.46708,0,1.13048,1,1.2269,1,y2
14,8.524,1.45515,0,1.45515,0,1.11986,1,1.2154,1,y2
14,8.60527220451018,1.4143,0,1.4143,0,1.08519,1,1.17762,1,y2
14,8.656,1.38848,0,1.38848,0,1.06421,1,1.15454,1,y2
14,8.788,1.32026,0,1.32026,0,1.01226,1,1.0973,1,y2
14,8.80458553690516,1.31159,0,1.31159,0,1.006,1,1.09037,1,y2
14,8.92,1.2508,1,1.2508,1,0.963954,1,1.04372,1,y2
14,9,1.20825,1,1.20825,1,0.936531,1,1.01302,1,y2
14,9.00851531878903,1.2037,1,1.2037,1,0.933728,1,1.00982,1,y2
14,9.052,1.18045,1,1.18045,1,0.919606,1,0.993799,1,y2
14,9.184,1.10965,1,1.10965,1,0.878452,1,0.947498,1,y2
14,9.21716847530138,1.09185,1,1.09185,1,0.868659,1,0.936277,1,y2
14,9.316,1.03886,1,1.03886,1,0.840706,1,0.904436,1,y2
14,9.43065440815721,0.977697,1,0.977697,1,0.810465,1,0.869849,1,y2
14,9.448,0.968482,1,0.968482,1,0.806082,1,0.864815,1,y2
14,9.5,0.940959,1,0.940959,1,0.793234,1,0.850063,1,y2
14,9.58,0.898912,1,0.898912,1,0.774315,1,0.828313,1,y2
14,9.64908505300886,0.862963,1,0.862963,1,0.758778,1,0.810369,1,y2
14,9.712,0.830524,1,0.830524,1,0.745205,1,0.79472,1,y2
14,9.844,0.763643,1,0.763643,1,0.718425,1,0.763864,1,y2
14,9.87257493813646,0.749388,1,0.749388,1,0.712954,1,0.757532,1,y2
14,9.976,0.698418,1,0.698418,1,0.694048,1,0.735535,1,y2
14,10,0.686753,1,0.686753,1,0.689818,1,0.730638,1,y2
14,10.1012412444978,0.638371,1,0.638371,1,0.672495,1,0.710796,1,y2
14,10.108,0.635195,1,0.635195,1,0.671375,1,0.709514,1,y2
14,10.24,0.57417,1,0.57417,1,0.650687,1,0.685562,1,y2
14,10.3352038671689,0.530541,1,0.530541,1,0.636605,1,0.669428,1,y2
14,10.372,0.513938,1,0.513938,1,0.631257,1,0.663446,1,y2
14,10.5,0.457438,1,0.457438,1,0.61406,1,0.643655,1,y2
14,10.504,0.455702,1,0.455702,1,0.613564,1,0.64306,1,y2
14,10.5745854782082,0.4254,1,0.4254,1,0.604929,1,0.632791,1,y2
14,10.636,0.399522,1,0.399522,1,0.597257,1,0.624163,1,y2
14,10.768,0.345528,1,0.345528,1,0.581177,1,0.606611,1,y2
14,10.8195115909757,0.32503,1,0.32503,1,0.575643,1,0.600115,1,y2
14,10.9,0.293684,1,0.293684,1,0.566974,1,0.590301,1,y2
14,11,0.255779,1,0.255779,1,0.555512,1,0.57858,1,y2
14,11.032,0.243889,1,0.243889,1,0.55218,1,0.574945,1,y2
14,11.0701106259433,0.229852,1,0.229852,1,0.548452,1,0.570694,1,y2
14,11.164,0.195939,1,0.195939,1,0.53958,1,0.56058,1,y2
14,11.296,0.149867,1,0.149867,1,0.527283,1,0.546967,1,y2
14,11.326513978028,0.139454,1,0.139454,1,0.524449,1,0.543892,1,y2
14,11.428,0.10535,1,0.10535,1,0.515145,1,0.53403,1,y2
14,11.5,0.081796,1,0.081796,1,0.508943,1,0.52743,1,y2
14,11.56,0.0625539,1,0.0625539,1,0.503987,1,0.522059,1,y2
14,11.5888560854857,0.0533714,1,0.0533714,1,0.501384,1,0.519485,1,y2
14,11.692,0.0206076,1,0.0206076,1,0.491959,1,0.510246,1,y2
14,11.824,0,1,0,1,0.480841,1,0.498974,1,y2
14,11.8572745004004,0,1,0,1,0.478118,1,0.496244,1,y2
14,11.956,0,1,0,1,0.470427,1,0.488001,1,y2
14,12,0,1,0,1,0.466601,1,0.484173,1,y2
14,12.088,0,1,0,1,0.459253,1,0.476521,1,y2
14,12.1319099608055,0,1,0,1,0.455685,1,0.472795,1,y2
14,12.22,0,1,0,1,0.448468,1,0.465566,1,y2
14,12.352,0,1,0,1,0.437391,1,0.454977,1,y2
14,12.4129064644764,0,1,0,1,0.432579,1,0.450152,1,y2
14,12.484,0,1,0,1,0.426993,1,0.44456,1,y2
14,12.5,0,1,0,1,0.425733,1,0.443305,1,y2
14,12.616,0,1,0,1,0.416774,1,0.43417,1,y2
14,12.7004113444319,0,1,0,1,0.409912,1,0.427402,1,y2
14,12.748,0,1,0,1,0.406009,1,0.423543,1,y2
14,12.88,0,1,0,1,0.395382,1,0.412765,1,y2
14,12.9945753461841,0,1,0,1,0.386142,1,0.404144,1,y2
14,13,0,1,0,1,0.38571,1,0.40374,1,y2
14,13.012,0,1,0,1,0.384786,1,0.402839,1,y2
14,13.144,0,1,0,1,0.374158,1,0.392384,1,y2
14,13.276,0,1,0,1,0.363257,1,0.381945,1,y2
14,13.295552706778,0,1,0,1,0.361642,1,0.380419,1,y2
14,13.408,0,1,0,1,0.352311,1,0.371578,1,y2
14,13.5,0,1,0,1,0.344643,1,0.364196,1,y2
14,13.54,0,1,0,1,0.341302,1,0.360981,1,y2
14,13.6035012356615,0,1,0,1,0.335977,1,0.355892,1,y2
14,13.672,0,1,0,1,0.330193,1,0.3504,1,y2
14,13.804,0,1,0,1,0.31897,1,0.339683,1,y2
14,13.9185823974285,0,1,0,1,0.309154,1,0.330301,1,y2
14,13.936,0,1,0,1,0.307647,1,0.328878,1,y2
14,14,0,1,0,1,0.302075,1,0.323644,1,y2
14,14.068,0,1,0,1,0.296132,1,0.318046,1,y2
14,14.2,0,1,0,1,0.284609,1,0.307037,1,y2
14,14.2409613964788,0,1,0,1,0.281015,1,0.303605,1,y2
14,14.332,0,1,0,1,0.272995,1,0.295976,1,y2
14,14.464,0,1,0,1,0.261492,1,0.284819,1,y2
14,14.5,0,1,0,1,0.258323,1,0.281752,1,y2
14,14.5708072636384,0,1,0,1,0.251893,1,0.275743,1,y2
14,14.596,0,1,0,1,0.249531,1,0.273619,1,y2
14,14.728,0,1,0,1,0.23719,1,0.262494,1,y2
14,14.86,0,1,0,1,0.225113,1,0.250708,1,y2
14,14.9082929447861,0,1,0,1,0.220682,1,0.24632,1,y2
14,14.992,0,1,0,1,0.213067,1,0.238848,1,y2
14,15,0,1,0,1,0.212347,1,0.238144,1,y2
14,15.124,0,1,0,1,0.201156,1,0.227149,1,y2
14,15.2535953915336,0,1,0,1,0.188643,1,0.215378,1,y2
14,15.256,0,1,0,1,0.188407,1,0.215158,1,y2
14,15.388,0,1,0,1,0.175657,1,0.203142,1,y2
14,15.5,0,1,0,1,0.165064,1,0.193198,1,y2
14,15.52,0,1,0,1,0.163178,1,0.191458,1,y2
14,15.606895654005,0,1,0,1,0.154889,1,0.183852,1,y2
14,15.652,0,1,0,1,0.150482,1,0.179827,1,y2
14,15.784,0,1,0,1,0.137693,1,0.1677,1,y2
14,15.916,0,1,0,1,0.125222,1,0.155362,1,y2
14,15.9683789757655,0,1,0,1,0.120035,1,0.150482,1,y2
14,16,0,1,0,1,0.116867,1,0.147556,1,y2
14,16.048,0,1,0,1,0.112062,1,0.143138,1,y2
14,16.18,0,1,0,1,0.0989232,1,0.130582,1,y2
14,16.312,0,1,0,1,0.0858459,1,0.117823,1,y2
14,16.3382348909494,0,1,0,1,0.0833557,1,0.115398,1,y2
14,16.444,0,1,0,1,0.0729072,1,0.105373,1,y2
14,16.5,0,1,0,1,0.0671482,1,0.0999819,1,y2
14,16.576,0,1,0,1,0.0595389,1,0.0926907,1,y2
14,16.708,0,1,0,1,0.0461047,1,0.0798716,1,y2
14,16.7166573236367,0,1,0,1,0.0451937,1,0.079023,1,y2
14,16.84,0,1,0,1,0.0325783,1,0.0669528,1,y2
14,16.972,0,1,0,1,0.0194335,1,0.0539182,1,y2
14,17,0,1,0,1,0.0163629,1,0.0510778,1,y2
14,17.1038446895323,0,1,0,1,0.00543243,1,0.0405095,1,y2
14,17.104,0,1,0,1,0.00541708,1,0.0404944,1,y2
14,17.236,0,1,0,1,0,1,0.0278641,1,y2
14,17.368,0,1,0,1,0,1,0.0143785,1,y2
14,17.5,0,1,0,1,0,1,0.00143834,1,y2
15,1,0,1,0,1,0,1,0,1,y2
15,1.02190077866029,0,1,0,1,0,1,0,1,y2
15,1.04428120142651,0,1,0,1,0,1,0,1,y2
15,1.06715177287806,0,1,0,1,0,1,0,1,y2
15,1.0905232276528,0,1,0,1,0,1,0,1,y2
15,1.112,0,1,0,1,0,1,0,1,y2
15,1.11440653548553,0,1,0,1,0,1,0,1,y2
15,1.13881290635678,0,1,0,1,0,1,0,1,y2
15,1.16375379575438,0,1,0,1,0,1,0,1,y2
15,1.18924091005028,0,1,0,1,0,1,0,1,y2
15,1.21528621199505,0,1,0,1,0,1,0,1,y2
15,1.224,0,1,0,1,0,1,0,1,y2
15,1.24190192633286,0,1,0,1,0,1,0,1,y2
15,1.26910054553927,0,1,0,1,0,1,0,1,y2
15,1.29689483568478,0,1,0,1,0,1,0,1,y2
15,1.32529784242679,0,1,0,1,0,1,0,1,y2
15,1.336,0,1,0,1,0,1,0,1,y2
15,1.35432289713274,0,1,0,1,0,1,0,1,y2
15,1.38398362313741,0,1,0,1,0,1,0,1,y2
15,1.41429394213721,0,1,0,1,0,1,0,1,y2
15,1.44526808072455,0,1,0,1,0,1,0,1,y2
15,1.448,0,1,0,1,0,1,0,1,y2
15,1.47692057706528,0,1,0,1,0,1,0,1,y2
15,1.5,0,1,0,1,0,1,0,1,y2
15,1.50926628772242,0,1,0,1,0,1,0,1,y2
15,1.54232039462927,0,1,0,1,0,1,0,1,y2
15,1.56,0,1,0,1,0,1,0,1,y2
15,1.5760984122153,0,1,0,1,0,1,0,1,y2
15,1.61061619468806,0,1,0,1,0,1,0,1,y2
15,1.64588994347461,0,1,0,1,0,1,0,1,y2
15,1.672,0,1,0,1,0,1,0,1,y2
15,1.68193621482585,0,1,0,1,0,1,0,1,y2
15,1.71877192758748,0,1,0,1,0,1,0,1,y2
15,1.7564143711411,0,1,0,1,0,1,0,1,y2
15,1.784,0,1,0,1,0,1,0,1,y2
15,1.79488121351921,0,1,0,1,0,1,0,1,y2
15,1.83419050969801,0,1,0,1,0,1,0,1,y2
15,1.87436071007172,0,1,0,1,0,1,0,1,y2
15,1.896,0,1,0,1,0,1,0,1,y2
15,1.91541066911255,0,1,0,1,0,1,0,1,y2
15,1.95735965422034,0,1,0,1,0,1,0,1,y2
15,2,0,1,0,1,0,1,0,1,y2
15,2.00022735476601,0,1,0,1,0,1,0,1,y2
15,2.008,0,1,0,1,0,1,0,1,y2
15,2.044033891333,0,1,0,1,0,1,0,1,y2
15,2.08879982516122,0,1,0,1,0,1,0,1,y2
15,2.12,0,1,0,1,0,1,0,1,y2
15,2.13454616779773,0,1,0,1,0,1,0,1,y2
15,2.18129439095885,0,1,0,1,0,1,0,1,y2
15,2.22906643660817,0,1,0,1,0,1,0,1,y2
15,2.232,0,1,0,1,0,1,0,1,y2
15,2.27788472725541,0.107123,1,0.107123,1,0,1,0,1,y2
15,2.3277721764807,0.292755,1,0.292755,1,0,1,0,1,y2
15,2.344,0.34828,1,0.34828,1,0,1,0,1,y2
15,2.37875219968939,0.460506,1,0.460506,1,0,1,0,1,y2
15,2.43084872510247,0.6136,1,0.6136,1,0,1,0,1,y2
15,2.456,0.681767,1,0.681767,1,0,1,0,1,y2
15,2.48408620498759,0.753983,1,0.753983,1,0,1,0,1,y2
15,2.5,0.793211,1,0.793211,1,0,1,0,1,y2
15,2.53848962713611,0.883393,1,0.883393,1,0,1,0,1,y2
15,2.568,0.948396,1,0.948396,1,0,1,0,1,y2
15,2.59408452659146,1.00313,1,1.00313,1,0,1,0,1,y2
15,2.65089699763443,1.11434,1,1.11434,1,0,1,0,1,y2
15,2.68,1.1676,1,1.1676,1,0,1,0,1,y2
15,2.70895370603086,1.2184,1,1.2184,1,0,1,0,1,y2
15,2.76828190154762,1.31621,0,1.31621,0,0,1,0,1,y2
15,2.792,1.35316,0,1.35316,0,0,1,0,1,y2
15,2.8289094307427,1.40836,0,1.40836,0,0,1,0,1,y2
15,2.89086475003541,1.49522,0,1.49522,0,0.0752327,1,0.0314399,1,y2
15,2.904,1.51276,0,1.51276,0,0.106112,1,0.0619802,1,y2
15,2.95417693906278,1.57718,0,1.57718,0,0.221457,1,0.176113,1,y2
15,3,1.63264,0,1.63264,0,0.323289,1,0.276975,1,y2
15,3.016,1.6513,0,1.6513,0,0.358088,1,0.311463,1,y2
15,3.01887571432853,1.65462,0,1.65462,0,0.364302,1,0.317622,1,y2
15,3.08499144315097,1.72786,0,1.72786,0,0.503849,1,0.455999,1,y2
15,3.128,1.77261,0,1.77261,0,0.591351,1,0.542823,1,y2
15,3.15255515791632,1.79719,0,1.79719,0,0.640204,1,0.591324,1,y2
15,3.2215985706442,1.86281,0,1.86281,0,0.773443,1,0.72372,1,y2
15,3.24,1.87947,0,1.87947,0,0.807949,1,0.758044,1,y2
15,3.2921540878722,1.92489,0,1.92489,0,0.90358,1,0.853156,1,y2
15,3.352,1.9739,0,1.9739,0,1.00968,1,0.9586,1,y2
15,3.36425482586626,1.98355,0,1.98355,0,1.03092,1,0.979749,1,y2
15,3.43793462616438,2.03888,0,2.03888,0,1.15501,1,1.10359,1,y2
15,3.464,2.05739,0,2.05739,0,1.19759,1,1.14604,1,y2
15,3.5,2.0821,0,2.0821,0,1.25533,1,1.20359,1,y2
15,3.51322807146056,2.09093,0,2.09093,0,1.27621,0,1.22444,1,y2
15,3.576,2.13105,0,2.13105,0,1.37281,0,1.32101,0,y2
15,3.59017050183674,2.13971,0,2.13971,0,1.39407,0,1.34227,0,y2
15,3.66879803135018,2.1852,0,2.1852,0,1.50867,0,1.45685,0,y2
15,3.688,2.19567,0,2.19567,0,1.53584,0,1.48401,0,y2
15,3.74914756498409,2.22736,0,2.22736,0,1.62034,0,1.56843,0,y2
15,3.8,2.25187,0,2.25187,0,1.68828,0,1.63629,0,y2
15,3.83125681596958,2.26612,0,2.26612,0,1.72897,0,1.67696,0,y2
15,3.912,2.30015,0,2.30015,0,1.83082,0,1.77831,0,y2
15,3.91516432348687,2.3014,0,2.3014,0,1.83472,0,1.78218,0,y2
15,4,2.33279,0,2.33279,0,1.93654,0,1.88346,0,y2
15,4.00090947075423,2.33311,0,2.33311,0,1.9376,0,1.88451,0,y2
15,4.024,2.34092,0,2.34092,0,1.96438,0,1.91114,0,y2
15,4.08853250351308,2.36115,0,2.36115,0,2.03714,0,1.98368,0,y2
15,4.136,2.37457,0,2.37457,0,2.08861,0,2.03528,0,y2
15,4.17807454891793,2.38545,0,2.38545,0,2.13268,0,2.07942,0,y2
15,4.248,2.40151,0,2.40151,0,2.20259,0,2.14958,0,y2
15,4.26957763483998,2.40596,0,2.40596,0,2.2233,0,2.17043,0,y2
15,4.36,2.42215,0,2.42215,0,2.30541,0,2.25316,0,y2
15,4.36308470959355,2.42263,0,2.42263,0,2.30807,0,2.25587,0,y2
15,4.45863966209446,2.43555,0,2.43555,0,2.38617,0,2.33557,0,y2
15,4.472,2.43704,0,2.43704,0,2.39638,0,2.34599,0,y2
15,4.5,2.43992,0,2.43992,0,2.41721,0,2.36729,0,y2
15,4.55628734245999,2.44472,0,2.44472,0,2.45666,0,2.40809,0,y2
15,4.584,2.44661,0,2.44661,0,2.47489,0,2.42706,0,y2
15,4.6560735830599,2.45013,0,2.45013,0,2.51852,0,2.47267,0,y2
15,4.696,2.45124,0,2.45124,0,2.5403,0,2.4958,0,y2
15,4.75804522002853,2.45184,0,2.45184,0,2.57074,0,2.52844,0,y2
15,4.808,2.45139,0,2.45139,0,2.59218,0,2.55179,0,y2
15,4.86225011524803,2.45007,0,2.45007,0,2.61237,0,2.57432,0,y2
15,4.92,2.44775,0,2.44775,0,2.63032,0,2.59482,0,y2
15,4.96873717881306,2.4451,0,2.4451,0,2.64264,0,2.60946,0,y2
15,5,2.44308,0,2.44308,0,2.64923,0,2.6176,0,y2
15,5.032,2.44077,0,2.44077,0,2.65491,0,2.62487,0,y2
15,5.07755639198741,2.43705,0,2.43705,0,2.66119,0,2.63339,0,y2
15,5.144,2.4308,0,2.4308,0,2.66664,0,2.64224,0,y2
15,5.18875883066347,2.42608,0,2.42608,0,2.66788,0,2.6458,0,y2
15,5.256,2.4183,0,2.4183,0,2.6662,0,2.64764,0,y2
15,5.30239668933547,2.41249,0,2.41249,0,2.66266,0,2.64661,0,y2
15,5.368,2.40372,0,2.40372,0,2.65455,0,2.64207,0,y2
15,5.41852330559767,2.39653,0,2.39653,0,2.64603,0,2.63622,0,y2
15,5.48,2.38731,0,2.38731,0,2.63327,0,2.62666,0,y2
15,5.5,2.38421,0,2.38421,0,2.62855,0,2.62301,0,y2
15,5.5371931851792,2.3783,0,2.3783,0,2.61905,0,2.61545,0,y2
15,5.592,2.3693,0,2.3693,0,2.60334,0,2.6025,0,y2
15,5.65846202752709,2.35799,0,2.35799,0,2.58199,0,2.5846,0,y2
15,5.704,2.35,0,2.35,0,2.56624,0,2.57092,0,y2
15,5.78238675194963,2.33583,0,2.33583,0,2.53713,0,2.54512,0,y2
15,5.816,2.32961,0,2.32961,0,2.5238,0,2.5332,0,y2
15,5.90902552433228,2.31197,0,2.31197,0,2.48474,0,2.49815,0,y2
15,5.928,2.30831,0,2.30831,0,2.47656,0,2.49066,0,y2
15,6,2.29421,0,2.29421,0,2.44465,0,2.46121,0,y2
15,6.0384377844387,2.28656,0,2.28656,0,2.42701,0,2.44499,0,y2
15,6.04,2.28625,0,2.28625,0,2.42629,0,2.44432,0,y2
15,6.152,2.26357,0,2.26357,0,2.3742,0,2.39534,0,y2
15,6.17068427380964,2.25973,0,2.25973,0,2.36547,0,2.38697,0,y2
15,6.264,2.24038,0,2.24038,0,2.32157,0,2.34462,0,y2
15,6.30582706427289,2.23159,0,2.23159,0,2.30168,0,2.32543,0,y2
15,6.376,2.21665,0,2.21665,0,2.26834,0,2.29304,0,y2
15,6.44392958707761,2.20186,0,2.20186,0,2.23638,0,2.26167,0,y2
15,6.488,2.192,0,2.192,0,2.21589,0,2.24137,0,y2
15,6.5,2.18928,0,2.18928,0,2.21034,0,2.23585,0,y2
15,6.5850566626667,2.16947,0,2.16947,0,2.17143,0,2.197,0,y2
15,6.6,2.1659,0,2.1659,0,2.16466,0,2.19024,0,y2
15,6.712,2.13826,0,2.13826,0,2.11477,0,2.1402,0,y2
15,6.72927453110125,2.13386,0,2.13386,0,2.10725,0,2.13262,0,y2
15,6.824,2.10902,0,2.10902,0,2.06711,0,2.09174,0,y2
15,6.87665088315124,2.09471,0,2.09471,0,2.04553,0,2.06961,0,y2
15,6.936,2.07814,0,2.07814,0,2.02174,0,2.04522,0,y2
15,7,2.05976,0,2.05976,0,1.99686,0,2.01963,0,y2
15,7.02725489206724,2.05176,0,2.05176,0,1.98654,0,2.00895,0,y2
15,7.048,2.0456,0,2.0456,0,1.97879,0,2.00092,0,y2
15,7.16,2.01136,0,2.01136,0,1.93878,0,1.95913,0,y2
15,7.18115724604786,2.00469,0,2.00469,0,1.93155,0,1.95152,0,y2
15,7.272,1.9754,0,1.9754,0,1.90167,0,1.9199,0,y2
15,7.33843018141831,1.95326,0,1.95326,0,1.88099,0,1.89792,0,y2
15,7.384,1.93772,0,1.93772,0,1.86735,0,1.88338,0,y2
15,7.496,1.89829,0,1.89829,0,1.83593,0,1.84961,0,y2
15,7.49914751653556,1.89716,0,1.89716,0,1.83509,0,1.8487,0,y2
15,7.5,1.89685,0,1.89685,0,1.83486,0,1.84846,0,y2
15,7.608,1.85711,0,1.85711,0,1.80749,0,1.81861,0,y2
15,7.66338468643608,1.83609,0,1.83609,0,1.79446,0,1.80421,0,y2
15,7.72,1.81417,0,1.81417,0,1.78185,0,1.79021,0,y2
15,7.83121877824239,1.76977,0,1.76977,0,1.75908,0,1.765,0,y2
15,7.832,1.76945,0,1.76945,0,1.75893,0,1.76483,0,y2
15,7.944,1.72298,0,1.72298,0,1.73863,0,1.74166,0,y2
15,8,1.69908,0,1.69908,0,1.72945,0,1.73114,0,y2
15,8.002728567345,1.69791,0,1.69791,0,1.72902,0,1.73065,0,y2
15,8.056,1.67475,0,1.67475,0,1.72088,0,1.72151,0,y2
15,8.168,1.62482,0,1.62482,0,1.70579,0,1.70362,0,y2
15,8.17799455437682,1.62028,0,1.62028,0,1.70457,0,1.7021,0,y2
15,8.28,1.57319,0,1.57319,0,1.69339,0,1.68807,0,y2
15,8.3570990029973,1.53669,0,1.53669,0,1.68623,0,1.6792,0,y2
15,8.392,1.51992,0,1.51992,0,1.6833,0,1.67539,0,y2
15,8.5,1.46708,0,1.46708,0,1.67538,0,1.6645,0,y2
15,8.504,1.4651,0,1.4651,0,1.67512,0,1.66415,0,y2
15,8.54012597850409,1.4471,0,1.4471,0,1.67288,0,1.66112,0,y2
15,8.616,1.40886,0,1.40886,0,1.66878,0,1.65551,0,y2
15,8.72716138729032,1.35187,0,1.35187,0,1.66423,0,1.64852,0,y2
15,8.728,1.35144,0,1.35144,0,1.6642,0,1.64848,0,y2
15,8.84,1.29303,0,1.29303,0,1.66146,0,1.64358,0,y2
15,8.91829301716601,1.25171,1,1.25171,1,1.66063,0,1.64133,0,y2
15,8.952,1.23381,1,1.23381,1,1.66056,0,1.64059,0,y2
15,9,1.20825,1,1.20825,1,1.66074,0,1.63976,0,y2
15,9.064,1.17403,1,1.17403,1,1.66149,0,1.63901,0,y2
15,9.11361057856259,1.14744,1,1.14744,1,1.66238,0,1.6388,0,y2
15,9.176,1.11395,1,1.11395,1,1.66384,0,1.6392,0,y2
15,9.288,1.05386,1,1.05386,1,1.66722,0,1.64098,0,y2
15,9.31320574663979,1.04036,1,1.04036,1,1.66814,0,1.64137,0,y2
15,9.4,0.994013,1,0.994013,1,1.67181,0,1.64341,0,y2
15,9.5,0.940962,1,0.940962,1,1.67699,0,1.64776,0,y2
15,9.512,0.934633,1,0.934633,1,1.67767,0,1.64831,0,y2
15,9.51717220431471,0.931907,1,0.931907,1,1.67797,0,1.64854,0,y2
15,9.624,0.875978,1,0.875978,1,1.6847,0,1.65292,0,y2
15,9.72560568623329,0.823559,1,0.823559,1,1.69196,0,1.65906,0,y2
15,9.736,0.818247,1,0.818247,1,1.69274,0,1.65978,0,y2
15,9.848,0.761648,1,0.761648,1,1.70157,0,1.66698,0,y2
15,9.93860402370477,0.716746,1,0.716746,1,1.70915,0,1.67306,0,y2
15,9.96,0.706243,1,0.706243,1,1.71098,0,1.67474,0,y2
15,10,0.686761,1,0.686761,1,1.71443,0,1.67803,0,y2
15,10.072,0.652207,1,0.652207,1,1.72076,0,1.68419,0,y2
15,10.1562671906202,0.612751,1,0.612751,1,1.72858,0,1.6915,0,y2
15,10.184,0.599985,1,0.599985,1,1.73126,0,1.69392,0,y2
15,10.296,0.548416,1,0.548416,1,1.74264,0,1.70392,0,y2
15,10.3786973503768,0.510952,1,0.510952,1,1.75125,0,1.71184,0,y2
15,10.408,0.497877,1,0.497877,1,1.7543,0,1.71471,0,y2
15,10.5,0.457456,1,0.457456,1,1.76387,0,1.72374,0,y2
15,10.52,0.448797,1,0.448797,1,1.76596,0,1.72573,0,y2
15,10.6059989038295,0.412126,1,0.412126,1,1.77503,0,1.73449,0,y2
15,10.632,0.40121,1,0.40121,1,1.7778,0,1.7372,0,y2
15,10.744,0.355203,1,0.355203,1,1.78974,0,1.74896,0,y2
15,10.8382785382936,0.317662,1,0.317662,1,1.79976,0,1.75895,0,y2
15,10.856,0.310734,1,0.310734,1,1.80164,0,1.76085,0,y2
15,10.968,0.267786,1,0.267786,1,1.81368,0,1.77291,0,y2
15,11,0.255786,1,0.255786,1,1.81719,0,1.77637,0,y2
15,11.0756452776194,0.227827,1,0.227827,1,1.82546,0,1.78456,0,y2
15,11.08,0.226234,1,0.226234,1,1.82593,0,1.78503,0,y2
15,11.192,0.186021,1,0.186021,1,1.83672,0,1.7971,0,y2
15,11.304,0.14713,1,0.14713,1,1.84357,0,1.80814,0,y2
15,11.3182105333644,0.14228,1,0.14228,1,1.8438,0,1.80922,0,y2
15,11.416,0.10933,1,0.10933,1,1.83935,0,1.81181,0,y2
15,11.5,0.0818035,1,0.0818035,1,1.82519,0,1.80537,0,y2
15,11.528,0.07279,1,0.07279,1,1.81858,0,1.80138,0,y2
15,11.5660881570862,0.0606131,1,0.0606131,1,1.80818,0,1.79454,0,y2
15,11.64,0.037112,1,0.037112,1,1.78355,0,1.77674,0,y2
15,11.752,0.00192696,1,0.00192696,1,1.7353,0,1.73873,0,y2
15,11.81939449378,0,1,0,1,1.69995,0,1.70971,0,y2
15,11.864,0,1,0,1,1.67408,0,1.68805,0,y2
15,11.976,0,1,0,1,1.60082,0,1.62532,0,y2
15,12,0,1,0,1,1.58364,0,1.61036,0,y2
15,12.0782484364869,0,1,0,1,1.52443,0,1.55812,0,y2
15,12.088,0,1,0,1,1.51673,0,1.55126,0,y2
15,12.2,0,1,0,1,1.42324,0,1.46751,0,y2
15,12.312,0,1,0,1,1.32031,0,1.37315,0,y2
15,12.3427714820985,0,1,0,1,1.29072,0,1.34569,0,y2
15,12.424,0,1,0,1,1.21,1,1.27047,0,y2
15,12.5,0,1,0,1,1.1311,1,1.19674,1,y2
15,12.536,0,1,0,1,1.0927,1,1.16057,1,y2
15,12.6130877883825,0,1,0,1,1.00841,1,1.08075,1,y2
15,12.648,0,1,0,1,0.969405,1,1.04392,1,y2
15,12.76,0,1,0,1,0.84103,1,0.921564,1,y2
15,12.872,0,1,0,1,0.706854,1,0.793848,1,y2
15,12.8893242322587,0,1,0,1,0.685725,1,0.773633,1,y2
15,12.984,0,1,0,1,0.568787,1,0.661347,1,y2
15,13,0,1,0,1,0.548843,1,0.642056,1,y2
15,13.096,0,1,0,1,0.427183,1,0.524868,1,y2
15,13.1716104693501,0,1,0,1,0.329464,1,0.430627,1,y2
15,13.208,0,1,0,1,0.281859,1,0.384668,1,y2
15,13.32,0,1,0,1,0.133365,1,0.240602,1,y2
15,13.432,0,1,0,1,0,1,0.093328,1,y2
15,13.4600789948389,0,1,0,1,0,1,0.0559675,1,y2
15,13.5,0,1,0,1,0,1,0.00248247,1,y2
15,13.544,0,1,0,1,0,1,0,1,y2
15,13.656,0,1,0,1,0,1,0,1,y2
15,13.7548652056549,0,1,0,1,0,1,0,1,y2
15,13.768,0,1,0,1,0,1,0,1,y2
15,13.88,0,1,0,1,0,1,0,1,y2
15,13.992,0,1,0,1,0,1,0,1,y2
15,14,0,1,0,1,0,1,0,1,y2
15,14.0561074640261,0,1,0,1,0,1,0,1,y2
15,14.104,0,1,0,1,0,1,0,1,y2
15,14.216,0,1,0,1,0,1,0,1,y2
15,14.328,0,1,0,1,0,1,0,1,y2
15,14.3639471624211,0,1,0,1,0,1,0,1,y2
15,14.44,0,1,0,1,0,1,0,1,y2
15,14.5,0,1,0,1,0,1,0,1,y2
15,14.552,0,1,0,1,0,1,0,1,y2
15,14.664,0,1,0,1,0,1,0,1,y2
15,14.6785287899134,0,1,0,1,0,1,0,1,y2
15,14.776,0,1,0,1,0,1,0,1,y2
15,14.888,0,1,0,1,0,1,0,1,y2
15,15,0,1,0,1,0,1,0,1,y2
16,1,0,1,0,1,0,1,0,1,y2
16,1.02292452562226,0,1,0,1,0,1,0,1,y2
16,1.04637458511953,0,1,0,1,0,1,0,1,y2
16,1.07036222610658,0,1,0,1,0,1,0,1,y2
16,1.09489977238406,0,1,0,1,0,1,0,1,y2
16,1.11999983026989,0,1,0,1,0,1,0,1,y2
16,1.128,0,1,0,1,0,1,0,1,y2
16,1.14567529507584,0,1,0,1,0,1,0,1,y2
16,1.17193935773259,0,1,0,1,0,1,0,1,y2
16,1.19880551156667,0,1,0,1,0,1,0,1,y2
16,1.22628755923269,0,1,0,1,0,1,0,1,y2
16,1.25439961980458,0,1,0,1,0,1,0,1,y2
16,1.256,0,1,0,1,0,1,0,1,y2
16,1.28315613602934,0,1,0,1,0,1,0,1,y2
16,1.31257188174711,0,1,0,1,0,1,0,1,y2
16,1.34266196948128,0,1,0,1,0,1,0,1,y2
16,1.37344185820269,0,1,0,1,0,1,0,1,y2
16,1.384,0,1,0,1,0,1,0,1,y2
16,1.40492736127174,0,1,0,1,0,1,0,1,y2
16,1.43713465456263,0,1,0,1,0,1,0,1,y2
16,1.47008028477379,0,1,0,1,0,1,0,1,y2
16,1.5,0,1,0,1,0,1,0,1,y2
16,1.50378117792886,0,1,0,1,0,1,0,1,y2
16,1.512,0,1,0,1,0,1,0,1,y2
16,1.53825464807257,0,1,0,1,0,1,0,1,y2
16,1.57351840616587,0,1,0,1,0,1,0,1,y2
16,1.60959056918512,0,1,0,1,0,1,0,1,y2
16,1.64,0,1,0,1,0,1,0,1,y2
16,1.64648966942975,0,1,0,1,0,1,0,1,y2
16,1.68423466404338,0,1,0,1,0,1,0,1,y2
16,1.72284494475314,0,1,0,1,0,1,0,1,y2
16,1.76234034783232,0,1,0,1,0,1,0,1,y2
16,1.768,0,1,0,1,0,1,0,1,y2
16,1.80274116429134,0,1,0,1,0,1,0,1,y2
16,1.84406815030244,0,1,0,1,0,1,0,1,y2
16,1.88634253786325,0,1,0,1,0,1,0,1,y2
16,1.896,0,1,0,1,0,1,0,1,y2
16,1.92958604570485,0,1,0,1,0,1,0,1,y2
16,1.97382089044997,0,1,0,1,0,1,0,1,y2
16,2,0,1,0,1,0,1,0,1,y2
16,2.01906979802684,0,1,0,1,0,1,0,1,y2
16,2.024,0,1,0,1,0,1,0,1,y2
16,2.06535601534484,0,1,0,1,0,1,0,1,y2
16,2.11270332223771,0,1,0,1,0,1,0,1,y2
16,2.152,0,1,0,1,0,1,0,1,y2
16,2.16113604368058,0,1,0,1,0,1,0,1,y2
16,2.21067906228713,0,1,0,1,0,1,0,1,y2
16,2.26135783109312,0.0403583,1,0.0403583,1,0,1,0,1,y2
16,2.28,0.115463,1,0.115463,1,0,1,0,1,y2
16,2.31319838663312,0.240884,1,0.240884,1,0,1,0,1,y2
16,2.36622736231686,0.421046,1,0.421046,1,0,1,0,1,y2
16,2.408,0.548521,1,0.548521,1,0,1,0,1,y2
16,2.42047200211239,0.584441,1,0.584441,1,0,1,0,1,y2
16,2.47596017454278,0.733504,1,0.733504,1,0,1,0,1,y2
16,2.5,0.79321,1,0.79321,1,0,1,0,1,y2
16,2.53272038700378,0.870286,1,0.870286,1,0,1,0,1,y2
16,2.536,0.877754,1,0.877754,1,0,1,0,1,y2
16,2.59078180040967,0.996341,1,0.996341,1,0,1,0,1,y2
16,2.65017424417485,1.11299,1,1.11299,1,0,1,0,1,y2
16,2.664,1.13861,1,1.13861,1,0,1,0,1,y2
16,2.71092823153889,1.22178,1,1.22178,1,0,1,0,1,y2
16,2.77307497524291,1.32377,0,1.32377,0,0,1,0,1,y2
16,2.792,1.35315,0,1.35315,0,0,1,0,1,y2
16,2.83664640356532,1.41959,0,1.41959,0,0.0378263,1,0,1,y2
16,2.90167517672514,1.50968,0,1.50968,0,0.143199,1,0.103243,1,y2
16,2.92,1.53374,0,1.53374,0,0.171667,1,0.131998,1,y2
16,2.96819470366146,1.59447,0,1.59447,0,0.244126,1,0.20519,1,y2
16,3,1.63264,0,1.63264,0,0.290123,1,0.251661,1,y2
16,3.0362391591974,1.67441,0,1.67441,0,0.340869,1,0.302938,1,y2
16,3.048,1.68758,0,1.68758,0,0.356972,1,0.319211,1,y2
16,3.10584350159773,1.74983,0,1.74983,0,0.433683,1,0.396749,1,y2
16,3.176,1.82004,0,1.82004,0,0.52153,1,0.485575,1,y2
16,3.17704349052884,1.82104,0,1.82104,0,0.522796,1,0.486856,1,y2
16,3.24987570543051,1.88827,0,1.88827,0,0.608415,1,0.573469,1,y2
16,3.304,1.93484,0,1.93484,0,0.668715,1,0.634499,1,y2
16,3.32437756430881,1.95168,0,1.95168,0,0.690728,1,0.656785,1,y2
16,3.40058734295987,2.01139,0,2.01139,0,0.769909,1,0.736976,1,y2
16,3.432,2.03458,0,2.03458,0,0.80117,1,0.768652,1,y2
16,3.47854419463429,2.0675,0,2.0675,0,0.846101,1,0.814196,1,y2
16,3.5,2.0821,0,2.0821,0,0.866277,1,0.834652,1,y2
16,3.55828817015235,2.12002,0,2.12002,0,0.919448,1,0.888581,1,y2
16,3.56,2.12109,0,2.12109,0,0.920974,1,0.89013,1,y2
16,3.6398602384804,2.16896,0,2.16896,0,0.990065,1,0.960258,1,y2
16,3.688,2.19567,0,2.19567,0,1.0298,1,1.00061,1,y2
16,3.72330230777889,2.21427,0,2.21427,0,1.05807,1,1.02933,1,y2
16,3.80865724693299,2.25588,0,2.25588,0,1.12354,1,1.09591,1,y2
16,3.816,2.25924,0,2.25924,0,1.129,1,1.10146,1,y2
16,3.89596890757671,2.29371,0,2.29371,0,1.18661,1,1.1601,1,y2
16,3.944,2.31254,0,2.31254,0,1.21972,1,1.19382,1,y2
16,3.98528214662199,2.32765,0,2.32765,0,1.24732,1,1.22195,1,y2
16,4,2.33279,0,2.33279,0,1.25698,1,1.23179,1,y2
16,4.072,2.35619,0,2.35619,0,1.30288,0,1.27861,0,y2
16,4.07664284930416,2.3576,0,2.3576,0,1.30576,0,1.28156,0,y2
16,4.17009795275584,2.38346,0,2.38346,0,1.36199,0,1.33898,0,y2
16,4.2,2.39076,0,2.39076,0,1.37927,0,1.35664,0,y2
16,4.26569547012113,2.40517,0,2.40517,0,1.41607,0,1.39428,0,y2
16,4.328,2.41686,0,2.41686,0,1.44957,0,1.42853,0,y2
16,4.36348451522268,2.4227,0,2.4227,0,1.46805,0,1.44743,0,y2
16,4.456,2.43525,0,2.43525,0,1.51434,0,1.49469,0,y2
16,4.46351532779424,2.4361,0,2.4361,0,1.51798,0,1.49841,0,y2
16,4.5,2.43991,0,2.43991,0,1.53542,0,1.51616,0,y2
16,4.56583929929161,2.4454,0,2.4454,0,1.56584,0,1.54707,0,y2
16,4.584,2.44661,0,2.44661,0,1.57399,0,1.55534,0,y2
16,4.67050899929535,2.45059,0,2.45059,0,1.61136,0,1.5932,0,y2
16,4.712,2.45152,0,2.45152,0,1.62843,0,1.6105,0,y2
16,4.77757820251869,2.45176,0,2.45176,0,1.65429,0,1.63671,0,y2
16,4.84,2.45071,0,2.45071,0,1.67763,0,1.66041,0,y2
16,4.88710191643468,2.44918,0,2.44918,0,1.6944,0,1.67751,0,y2
16,4.968,2.44514,0,2.44514,0,1.72155,0,1.70543,0,y2
16,4.99913640953659,2.44314,0,2.44314,0,1.73149,0,1.71571,0,y2
16,5,2.44308,0,2.44308,0,1.73176,0,1.716,0,y2
16,5.096,2.43541,0,2.43541,0,1.76078,0,1.74619,0,y2
16,5.11373924024619,2.43377,0,2.43377,0,1.76589,0,1.75152,0,y2
16,5.224,2.42211,0,2.42211,0,1.79606,0,1.78287,0,y2
16,5.23096928648477,2.42129,0,2.42129,0,1.79787,0,1.78475,0,y2
16,5.35088677592205,2.40607,0,2.40607,0,1.82687,0,1.81508,0,y2
16,5.352,2.40592,0,2.40592,0,1.82712,0,1.81534,0,y2
16,5.47355331691849,2.3883,0,2.3883,0,1.85252,0,1.8423,0,y2
16,5.48,2.38731,0,2.38731,0,1.85377,0,1.84362,0,y2
16,5.5,2.38421,0,2.38421,0,1.85757,0,1.84766,0,y2
16,5.599031930177,2.36813,0,2.36813,0,1.87501,0,1.8663,0,y2
16,5.608,2.36662,0,2.36662,0,1.87647,0,1.86789,0,y2
16,5.72738708112019,2.34583,0,2.34583,0,1.89398,0,1.88749,0,y2
16,5.736,2.34428,0,2.34428,0,1.89513,0,1.8888,0,y2
16,5.85868471300994,2.32159,0,2.32159,0,1.91012,0,1.9059,0,y2
16,5.864,2.32058,0,2.32058,0,1.9107,0,1.90658,0,y2
16,5.992,2.29579,0,2.29579,0,1.92305,0,1.92104,0,y2
16,5.99299228082608,2.29559,0,2.29559,0,1.92313,0,1.92114,0,y2
16,6,2.29421,0,2.29421,0,1.9237,0,1.92183,0,y2
16,6.12,2.27011,0,2.27011,0,1.93168,0,1.93174,0,y2
16,6.13037878592189,2.26799,0,2.26799,0,1.93223,0,1.93242,0,y2
16,6.248,2.24372,0,2.24372,0,1.93714,0,1.93864,0,y2
16,6.27091481147392,2.23893,0,2.23893,0,1.93784,0,1.93961,0,y2
16,6.376,2.21665,0,2.21665,0,1.93991,0,1.94313,0,y2
16,6.41467255874457,2.20828,0,2.20828,0,1.94019,0,1.94392,0,y2
16,6.5,2.18928,0,2.18928,0,1.93981,0,1.94464,0,y2
16,6.504,2.18837,0,2.18837,0,1.93976,0,1.94464,0,y2
16,6.56172588417592,2.175,0,2.175,0,1.93867,0,1.94429,0,y2
16,6.632,2.15816,0,2.15816,0,1.93653,0,1.94305,0,y2
16,6.71215033733396,2.13822,0,2.13822,0,1.93311,0,1.9407,0,y2
16,6.76,2.12593,0,2.12593,0,1.93067,0,1.93889,0,y2
16,6.86602319972264,2.09763,0,2.09763,0,1.92421,0,1.93383,0,y2
16,6.888,2.09158,0,2.09158,0,1.92267,0,1.93257,0,y2
16,7,2.05976,0,2.05976,0,1.91368,0,1.92514,0,y2
16,7.016,2.05507,0,2.05507,0,1.91222,0,1.92394,0,y2
16,7.02342352448771,2.05289,0,2.05289,0,1.91153,0,1.92337,0,y2
16,7.144,2.01635,0,2.01635,0,1.89914,0,1.91319,0,y2
16,7.18443217703082,2.00366,0,2.00366,0,1.89461,0,1.90937,0,y2
16,7.272,1.9754,0,1.9754,0,1.88423,0,1.90039,0,y2
16,7.34913187655456,1.94964,0,1.94964,0,1.87449,0,1.89169,0,y2
16,7.4,1.93219,0,1.93219,0,1.86769,0,1.88556,0,y2
16,7.5,1.89686,0,1.89686,0,1.8533,0,1.8727,0,y2
16,7.51760723856,1.89049,0,1.89049,0,1.85063,0,1.87032,0,y2
16,7.528,1.88671,0,1.88671,0,1.84903,0,1.86891,0,y2
16,7.656,1.83892,0,1.83892,0,1.82845,0,1.85052,0,y2
16,7.68994481831846,1.82586,0,1.82586,0,1.82277,0,1.84536,0,y2
16,7.784,1.78883,0,1.78883,0,1.80673,0,1.8305,0,y2
16,7.86623315533978,1.75543,0,1.75543,0,1.79216,0,1.81685,0,y2
16,7.912,1.73644,0,1.73644,0,1.78379,0,1.80902,0,y2
16,8,1.69908,0,1.69908,0,1.76703,0,1.79352,0,y2
16,8.04,1.68175,0,1.68175,0,1.75913,0,1.78627,0,y2
16,8.04656281886004,1.67888,0,1.67888,0,1.75782,0,1.78507,0,y2
16,8.168,1.62483,0,1.62483,0,1.73322,0,1.7622,0,y2
16,8.23102645437213,1.59598,0,1.59598,0,1.72027,0,1.74986,0,y2
16,8.296,1.56568,0,1.56568,0,1.70685,0,1.73682,0,y2
16,8.41971883122288,1.5065,0,1.5065,0,1.68067,0,1.71112,0,y2
16,8.424,1.50441,0,1.50441,0,1.67974,0,1.71021,0,y2
16,8.5,1.46709,0,1.46709,0,1.66306,0,1.69389,0,y2
16,8.552,1.44116,0,1.44116,0,1.65145,0,1.68256,0,y2
16,8.61273689130148,1.41052,0,1.41052,0,1.63777,0,1.6692,0,y2
16,8.68,1.37618,0,1.37618,0,1.62258,0,1.65431,0,y2
16,8.808,1.30981,0,1.30981,0,1.59343,0,1.62567,0,y2
16,8.81017979884391,1.30867,0,1.30867,0,1.59292,0,1.62518,0,y2
16,8.936,1.24232,1,1.24232,1,1.56318,0,1.59635,0,y2
16,9,1.20825,1,1.20825,1,1.54776,0,1.58137,0,y2
16,9.01214899137923,1.20177,1,1.20177,1,1.54483,0,1.5785,0,y2
16,9.064,1.17404,1,1.17404,1,1.5323,0,1.56613,0,y2
16,9.192,1.10537,1,1.10537,1,1.50143,0,1.53517,0,y2
16,9.21874823184374,1.09101,1,1.09101,1,1.49493,0,1.52873,0,y2
16,9.32,1.03673,1,1.03673,1,1.47026,0,1.50443,0,y2
16,9.43008366188981,0.978018,1,0.978018,1,1.44331,0,1.47797,0,y2
16,9.448,0.968499,1,0.968499,1,1.4389,0,1.47365,0,y2
16,9.5,0.940976,1,0.940976,1,1.42607,0,1.46105,0,y2
16,9.576,0.901028,1,0.901028,1,1.40725,0,1.44258,0,y2
16,9.64626385641686,0.864449,1,0.864449,1,1.3898,0,1.42548,0,y2
16,9.704,0.834661,1,0.834661,1,1.37543,0,1.41144,0,y2
16,9.832,0.769691,1,0.769691,1,1.34355,0,1.38045,0,y2
16,9.86739987935238,0.752,1,0.752,1,1.33472,0,1.37189,0,y2
16,9.96,0.706283,1,0.706283,1,1.31171,0,1.34951,0,y2
16,10,0.686797,1,0.686797,1,1.30191,0,1.33983,0,y2
16,10.088,0.644657,1,0.644657,1,1.28046,0,1.31852,0,y2
16,10.0936053407117,0.642009,1,0.642009,1,1.27909,0,1.31717,0,y2
16,10.216,0.585333,1,0.585333,1,1.24869,1,1.28754,0,y2
16,10.3249964549658,0.535282,1,0.535282,1,1.22177,1,1.26126,1,y2
16,10.344,0.526665,1,0.526665,1,1.21722,1,1.2567,1,y2
16,10.472,0.469752,1,0.469752,1,1.1863,1,1.22597,1,y2
16,10.5,0.457546,1,0.457546,1,1.17912,1,1.21925,1,y2
16,10.5616921007474,0.430993,1,0.430993,1,1.16343,1,1.20449,1,y2
16,10.6,0.414738,1,0.414738,1,1.15388,1,1.19535,1,y2
16,10.728,0.361753,1,0.361753,1,1.12311,1,1.16486,1,y2
16,10.8038138819254,0.331316,1,0.331316,1,1.10476,1,1.14686,1,y2
16,10.856,0.310795,1,0.310795,1,1.09221,1,1.13455,1,y2
16,10.984,0.261813,1,0.261813,1,1.06141,1,1.10499,1,y2
16,11,0.255824,1,0.255824,1,1.05753,1,1.10139,1,y2
16,11.0514861900798,0.23672,1,0.23672,1,1.04516,1,1.08984,1,y2
16,11.112,0.214624,1,0.214624,1,1.03073,1,1.07608,1,y2
16,11.24,0.169216,1,0.169216,1,1.00007,1,1.04607,1,y2
16,11.3048362684083,0.146847,1,0.146847,1,0.984846,1,1.031,1,y2
16,11.368,0.125385,1,0.125385,1,0.969982,1,1.01653,1,y2
16,11.496,0.0831312,1,0.0831312,1,0.939714,1,0.987974,1,y2
16,11.5,0.0818367,1,0.0818367,1,0.938793,1,0.987087,1,y2
16,11.5639942770989,0.0612708,1,0.0612708,1,0.924049,1,0.972845,1,y2
16,11.624,0.0421263,1,0.0421263,1,0.90991,1,0.959433,1,y2
16,11.752,0.00209488,1,0.00209488,1,0.880363,1,0.930768,1,y2
16,11.8290933601999,0,1,0,1,0.862673,1,0.913735,1,y2
16,11.88,0,1,0,1,0.850751,1,0.902593,1,y2
16,12,0,1,0,1,0.823469,1,0.875983,1,y2
16,12.008,0,1,0,1,0.82167,1,0.874196,1,y2
16,12.1002697140239,0,1,0,1,0.800766,1,0.853728,1,y2
16,12.136,0,1,0,1,0.792683,1,0.845899,1,y2
16,12.264,0,1,0,1,0.764277,1,0.818014,1,y2
16,12.3776626571194,0,1,0,1,0.738862,1,0.793457,1,y2
16,12.392,0,1,0,1,0.735534,1,0.790376,1,y2
16,12.5,0,1,0,1,0.712372,1,0.767277,1,y2
16,12.52,0,1,0,1,0.708012,1,0.763018,1,y2
16,12.648,0,1,0,1,0.679418,1,0.735908,1,y2
16,12.6614147018462,0,1,0,1,0.676502,1,0.733081,1,y2
16,12.776,0,1,0,1,0.651738,1,0.709047,1,y2
16,12.904,0,1,0,1,0.624149,1,0.68243,1,y2
16,12.9516716275927,0,1,0,1,0.61393,1,0.67258,1,y2
16,13,0,1,0,1,0.603588,1,0.662625,1,y2
16,13.032,0,1,0,1,0.596752,1,0.656049,1,y2
16,13.16,0,1,0,1,0.569561,1,0.629893,1,y2
16,13.2485825556706,0,1,0,1,0.550768,1,0.611921,1,y2
16,13.288,0,1,0,1,0.542259,1,0.603954,1,y2
16,13.416,0,1,0,1,0.515714,1,0.578228,1,y2
16,13.5,0,1,0,1,0.498214,1,0.561467,1,y2
16,13.544,0,1,0,1,0.489065,1,0.552723,1,y2
16,13.5523000259267,0,1,0,1,0.48734,1,0.551076,1,y2
16,13.672,0,1,0,1,0.462574,1,0.527418,1,y2
16,13.8,0,1,0,1,0.436258,1,0.502273,1,y2
16,13.8629800751116,0,1,0,1,0.423362,1,0.489963,1,y2
16,13.928,0,1,0,1,0.410193,1,0.47732,1,y2
16,14,0,1,0,1,0.395592,1,0.463406,1,y2
16,14.056,0,1,0,1,0.384141,1,0.452651,1,y2
16,14.1807823170444,0,1,0,1,0.358897,1,0.428819,1,y2
16,14.184,0,1,0,1,0.358249,1,0.428206,1,y2
16,14.312,0,1,0,1,0.332514,1,0.403804,1,y2
16,14.44,0,1,0,1,0.306918,1,0.379539,1,y2
16,14.5,0,1,0,1,0.294965,1,0.368299,1,y2
16,14.5058700246152,0,1,0,1,0.293796,1,0.367206,1,y2
16,14.568,0,1,0,1,0.281449,1,0.355703,1,y2
16,14.696,0,1,0,1,0.256239,1,0.332046,1,y2
16,14.824,0,1,0,1,0.230968,1,0.307933,1,y2
16,14.8384102136676,0,1,0,1,0.22813,1,0.305184,1,y2
16,14.952,0,1,0,1,0.205804,1,0.283619,1,y2
16,15,0,1,0,1,0.196402,1,0.274632,1,y2
16,15.08,0,1,0,1,0.180772,1,0.259946,1,y2
16,15.1785737288045,0,1,0,1,0.161571,1,0.242086,1,y2
16,15.208,0,1,0,1,0.155851,1,0.236752,1,y2
16,15.336,0,1,0,1,0.131034,1,0.213314,1,y2
16,15.464,0,1,0,1,0.106303,1,0.189693,1,y2
16,15.5,0,1,0,1,0.0993641,1,0.183086,1,y2
16,15.5265353311598,0,1,0,1,0.0942545,1,0.178251,1,y2
16,15.592,0,1,0,1,0.081665,1,0.166506,1,y2
16,15.72,0,1,0,1,0.0571006,1,0.14429,1,y2
16,15.848,0,1,0,1,0.0325909,1,0.121325,1,y2
16,15.8824737881839,0,1,0,1,0.0260079,1,0.115028,1,y2
16,15.976,0,1,0,1,0.00819016,1,0.0980801,1,y2
16,16,0,1,0,1,0.00362767,1,0.0937663,1,y2
16,16.104,0,1,0,1,0,1,0.0751023,1,y2
16,16.232,0,1,0,1,0,1,0.0524274,1,y2
16,16.246571965486,0,1,0,1,0,1,0.0499085,1,y2
16,16.36,0,1,0,1,0,1,0.0308092,1,y2
16,16.488,0,1,0,1,0,1,0.00848746,1,y2
16,16.5,0,1,0,1,0,1,0.00626527,1,y2
16,16.616,0,1,0,1,0,1,0,1,y2
16,16.6190169207827,0,1,0,1,0,1,0,1,y2
16,16.744,0,1,0,1,0,1,0,1,y2
16,16.872,0,1,0,1,0,1,0,1,y2
16,17,0,1,0,1,0,1,0,1,y2
17,1,0,1,0,1,0,1,0,1,y2
17,1.02216887738619,0,1,0,1,0,1,0,1,y2
17,1.04482921389695,0,1,0,1,0,1,0,1,y2
17,1.06799190462934,0,1,0,1,0,1,0,1,y2
17,1.09166808621252,0,1,0,1,0,1,0,1,y2
17,1.11586914216219,0,1,0,1,0,1,0,1,y2
17,1.116,0,1,0,1,0,1,0,1,y2
17,1.14060670835382,0,1,0,1,0,1,0,1,y2
17,1.16589267861718,0,1,0,1,0,1,0,1,y2
17,1.19173921045491,0,1,0,1,0,1,0,1,y2
17,1.2181587308878,0,1,0,1,0,1,0,1,y2
17,1.232,0,1,0,1,0,1,0,1,y2
17,1.24516394242977,0,1,0,1,0,1,0,1,y2
17,1.27276782919521,0,1,0,1,0,1,0,1,y2
17,1.30098366314173,0,1,0,1,0,1,0,1,y2
17,1.32982501045136,0,1,0,1,0,1,0,1,y2
17,1.348,0,1,0,1,0,1,0,1,y2
17,1.35930573805314,0,1,0,1,0,1,0,1,y2
17,1.38944002029039,0,1,0,1,0,1,0,1,y2
17,1.42024234573568,0,1,0,1,0,1,0,1,y2
17,1.45172752415698,0,1,0,1,0,1,0,1,y2
17,1.464,0,1,0,1,0,1,0,1,y2
17,1.48391069363817,0,1,0,1,0,1,0,1,y2
17,1.5,0,1,0,1,0,1,0,1,y2
17,1.5168073278575,0,1,0,1,0,1,0,1,y2
17,1.55043324352725,0,1,0,1,0,1,0,1,y2
17,1.58,0,1,0,1,0,1,0,1,y2
17,1.58480460799848,0,1,0,1,0,1,0,1,y2
17,1.61993794703428,0,1,0,1,0,1,0,1,y2
17,1.65585015275532,0,1,0,1,0,1,0,1,y2
17,1.69255849176166,0,1,0,1,0,1,0,1,y2
17,1.696,0,1,0,1,0,1,0,1,y2
17,1.73008061343449,0,1,0,1,0,1,0,1,y2
17,1.76843455842195,0,1,0,1,0,1,0,1,y2
17,1.80763876731311,0,1,0,1,0,1,0,1,y2
17,1.812,0,1,0,1,0,1,0,1,y2
17,1.8477120895042,0,1,0,1,0,1,0,1,y2
17,1.88867379226141,0,1,0,1,0,1,0,1,y2
17,1.928,0,1,0,1,0,1,0,1,y2
17,1.93054356998457,0,1,0,1,0,1,0,1,y2
17,1.97334155367626,0,1,0,1,0,1,0,1,y2
17,2,0,1,0,1,0,1,0,1,y2
17,2.01708832062079,0,1,0,1,0,1,0,1,y2
17,2.044,0,1,0,1,0,1,0,1,y2
17,2.06180490427776,0,1,0,1,0,1,0,1,y2
17,2.10751280439494,0,1,0,1,0,1,0,1,y2
17,2.1542339973454,0,1,0,1,0,1,0,1,y2
17,2.16,0,1,0,1,0,1,0,1,y2
17,2.20199094669372,0,1,0,1,0,1,0,1,y2
17,2.25080661399648,0,1,0,1,0,1,0,1,y2
17,2.276,0.0996519,1,0.0996519,1,0,1,0,1,y2
17,2.30070446984221,0.194852,1,0.194852,1,0,1,0,1,y2
17,2.351708505136,0.373915,1,0.373915,1,0,1,0,1,y2
17,2.392,0.501046,1,0.501046,1,0,1,0,1,y2
17,2.40384324263443,0.536336,1,0.536336,1,0,1,0,1,y2
17,2.45713374873602,0.684761,1,0.684761,1,0,1,0,1,y2
17,2.5,0.79321,1,0.79321,1,0,1,0,1,y2
17,2.508,0.812497,1,0.812497,1,0,1,0,1,y2
17,2.51160564553323,0.821092,1,0.821092,1,0,1,0,1,y2
17,2.56728512313153,0.946859,1,0.946859,1,0,1,0,1,y2
17,2.624,1.06294,1,1.06294,1,0,1,0,1,y2
17,2.62419895224163,1.06333,1,1.06333,1,0,1,0,1,y2
17,2.68237449705085,1.17185,1,1.17185,1,0,1,0,1,y2
17,2.74,1.27058,0,1.27058,0,0,1,0,1,y2
17,2.74183972837982,1.2736,0,1.2736,0,0,1,0,1,y2
17,2.80262323713087,1.36932,0,1.36932,0,0,1,0,1,y2
17,2.856,1.4472,0,1.4472,0,0,1,0,1,y2
17,2.86475424803452,1.45946,0,1.45946,0,0,1,0,1,y2
17,2.92826263370077,1.54441,0,1.54441,0,0,1,0,1,y2
17,2.972,1.59912,0,1.59912,0,0,1,0,1,y2
17,2.99317892898186,1.62458,0,1.62458,0,0,1,0,1,y2
17,3,1.63264,0,1.63264,0,0,1,0,1,y2
17,3.05953434565339,1.70033,0,1.70033,0,0.147742,1,0,1,y2
17,3.088,1.73107,0,1.73107,0,0.233069,1,0,1,y2
17,3.12736078742103,1.77196,0,1.77196,0,0.345775,1,0,1,y2
17,3.19669086525975,1.83971,0,1.83971,0,0.530069,1,0.195896,1,y2
17,3.204,1.84655,0,1.84655,0,0.548521,1,0.216391,1,y2
17,3.26755791309326,1.90379,0,1.90379,0,0.701891,1,0.385969,1,y2
17,3.32,1.94809,0,1.94809,0,0.819717,1,0.515554,1,y2
17,3.33999600382091,1.96432,0,1.96432,0,0.86276,1,0.562763,1,y2
17,3.41403996569999,2.02142,0,2.02142,0,1.01391,1,0.727901,1,y2
17,3.436,2.03748,0,2.03748,0,1.05641,1,0.774155,1,y2
17,3.48972539909116,2.07515,0,2.07515,0,1.15631,1,0.882533,1,y2
17,3.5,2.0821,0,2.0821,0,1.17478,1,0.902523,1,y2
17,3.552,2.11605,0,2.11605,0,1.26537,1,1.00033,1,y2
17,3.5670886935751,2.12552,0,2.12552,0,1.29078,0,1.0277,1,y2
17,3.64616704544864,2.17255,0,2.17255,0,1.41802,0,1.16432,1,y2
17,3.668,2.18476,0,2.18476,0,1.45149,0,1.20014,1,y2
17,3.72699847560877,2.21617,0,2.21617,0,1.53862,0,1.2932,0,y2
17,3.784,2.24434,0,2.24434,0,1.61849,0,1.37824,0,y2
17,3.80962184783307,2.25632,0,2.25632,0,1.6531,0,1.41503,0,y2
17,3.89407688746544,2.29294,0,2.29294,0,1.7619,0,1.53038,0,y2
17,3.9,2.29534,0,2.29534,0,1.76924,0,1.53815,0,y2
17,3.98040420051607,2.32591,0,2.32591,0,1.86538,0,1.63977,0,y2
17,4,2.33279,0,2.33279,0,1.88786,0,1.6635,0,y2
17,4.016,2.33824,0,2.33824,0,1.90595,0,1.68259,0,y2
17,4.0686452931848,2.35517,0,2.35517,0,1.96386,0,1.74365,0,y2
17,4.132,2.37348,0,2.37348,0,2.03043,0,1.81373,0,y2
17,4.15884259181733,2.38059,0,2.38059,0,2.05766,0,1.84237,0,y2
17,4.248,2.40151,0,2.40151,0,2.14417,0,1.93324,0,y2
17,4.25103946330381,2.40215,0,2.40215,0,2.14702,0,1.93623,0,y2
17,4.34528023592966,2.41977,0,2.41977,0,2.23195,0,2.02552,0,y2
17,4.364,2.42278,0,2.42278,0,2.24811,0,2.04251,0,y2
17,4.44161022068863,2.43354,0,2.43354,0,2.31274,0,2.11042,0,y2
17,4.48,2.43789,0,2.43789,0,2.34333,0,2.14256,0,y2
17,4.5,2.43991,0,2.43991,0,2.35891,0,2.15893,0,y2
17,4.54007573306834,2.44346,0,2.44346,0,2.38937,0,2.191,0,y2
17,4.596,2.44733,0,2.44733,0,2.4303,0,2.23414,0,y2
17,4.64072411531876,2.44954,0,2.44954,0,2.4618,0,2.26735,0,y2
17,4.712,2.45152,0,2.45152,0,2.50984,0,2.318,0,y2
17,4.74360375921441,2.45181,0,2.45181,0,2.53023,0,2.3396,0,y2
17,4.828,2.451,0,2.451,0,2.58194,0,2.39477,0,y2
17,4.84876412932112,2.45047,0,2.45047,0,2.59411,0,2.40779,0,y2
17,4.944,2.44652,0,2.44652,0,2.64746,0,2.46488,0,y2
17,4.95625578677862,2.44584,0,2.44584,0,2.65401,0,2.47191,0,y2
17,5,2.44308,0,2.44308,0,2.67671,0,2.49645,0,y2
17,5.06,2.43854,0,2.43854,0,2.70612,0,2.52868,0,y2
17,5.06613041361032,2.43803,0,2.43803,0,2.70903,0,2.53188,0,y2
17,5.176,2.42747,0,2.42747,0,2.75877,0,2.58607,0,y2
17,5.17844083757211,2.4272,0,2.4272,0,2.75982,0,2.58721,0,y2
17,5.292,2.41383,0,2.41383,0,2.80491,0,2.63691,0,y2
17,5.2932410575519,2.41367,0,2.41367,0,2.80536,0,2.63742,0,y2
17,5.408,2.39806,0,2.39806,0,2.84412,0,2.68219,0,y2
17,5.41058626953234,2.39769,0,2.39769,0,2.84492,0,2.68314,0,y2
17,5.5,2.38421,0,2.38421,0,2.87096,0,2.71389,0,y2
17,5.524,2.38041,0,2.38041,0,2.87741,0,2.72151,0,y2
17,5.53053289312902,2.37937,0,2.37937,0,2.87912,0,2.72354,0,y2
17,5.64,2.36118,0,2.36118,0,2.90516,0,2.75542,0,y2
17,5.65313859871711,2.35891,0,2.35891,0,2.908,0,2.75896,0,y2
17,5.756,2.34066,0,2.34066,0,2.92795,0,2.78387,0,y2
17,5.77846233515922,2.33656,0,2.33656,0,2.93178,0,2.7886,0,y2
17,5.872,2.31906,0,2.31906,0,2.94547,0,2.80571,0,y2
17,5.9065643581481,2.31245,0,2.31245,0,2.9495,0,2.81106,0,y2
17,5.988,2.29658,0,2.29658,0,2.95667,0,2.82163,0,y2
17,6,2.29421,0,2.29421,0,2.95745,0,2.82294,0,y2
17,6.03750625917755,2.28675,0,2.28675,0,2.95942,0,2.82661,0,y2
17,6.104,2.27336,0,2.27336,0,2.96118,0,2.8317,0,y2
17,6.17135099515563,2.2596,0,2.2596,0,2.96082,0,2.83495,0,y2
17,6.22,2.24954,0,2.24954,0,2.9592,0,2.83606,0,y2
17,6.3081629186744,2.2311,0,2.2311,0,2.95353,0,2.83561,0,y2
17,6.336,2.2252,0,2.2252,0,2.95105,0,2.8348,0,y2
17,6.44800780895062,2.20096,0,2.20096,0,2.93759,0,2.82839,0,y2
17,6.452,2.20007,0,2.20007,0,2.93701,0,2.82807,0,y2
17,6.5,2.18928,0,2.18928,0,2.92955,0,2.82376,0,y2
17,6.568,2.17352,0,2.17352,0,2.91745,0,2.81617,0,y2
17,6.59095290345246,2.16807,0,2.16807,0,2.91292,0,2.8132,0,y2
17,6.684,2.14532,0,2.14532,0,2.89259,0,2.79926,0,y2
17,6.73706693022727,2.13186,0,2.13186,0,2.87954,0,2.78994,0,y2
17,6.8,2.11542,0,2.11542,0,2.86273,0,2.77761,0,y2
17,6.88642014094606,2.09202,0,2.09202,0,2.83739,0,2.75856,0,y2
17,6.916,2.08378,0,2.08378,0,2.82812,0,2.75149,0,y2
17,7,2.05976,0,2.05976,0,2.80024,0,2.72986,0,y2
17,7.032,2.05036,0,2.05036,0,2.789,0,2.72108,0,y2
17,7.03908434468051,2.04826,0,2.04826,0,2.78647,0,2.7191,0,y2
17,7.148,2.01511,0,2.01511,0,2.74558,0,2.68657,0,y2
17,7.1951329424288,2.00026,0,2.00026,0,2.72676,0,2.67141,0,y2
17,7.264,1.97803,0,1.97803,0,2.69807,0,2.64815,0,y2
17,7.35464096240686,1.94777,0,1.94777,0,2.65824,0,2.61554,0,y2
17,7.38,1.93909,0,1.93909,0,2.64669,0,2.60602,0,y2
17,7.496,1.8983,0,1.8983,0,2.59164,0,2.56034,0,y2
17,7.5,1.89686,0,1.89686,0,2.58968,0,2.5587,0,y2
17,7.51768509612194,1.89046,0,1.89046,0,2.58096,0,2.55142,0,y2
17,7.612,1.8556,0,1.8556,0,2.53312,0,2.5113,0,y2
17,7.68434373524588,1.82803,0,1.82803,0,2.49496,0,2.4791,0,y2
17,7.728,1.81103,0,1.81103,0,2.47137,0,2.45906,0,y2
17,7.844,1.76455,0,1.76455,0,2.40662,0,2.4037,0,y2
17,7.85469700930591,1.76017,0,1.76017,0,2.4005,0,2.39845,0,y2
17,7.96,1.7162,0,1.7162,0,2.33913,0,2.3455,0,y2
17,8,1.69908,0,1.69908,0,2.31528,0,2.32477,0,y2
17,8.02882682421091,1.68661,0,1.68661,0,2.29792,0,2.30964,0,y2
17,8.076,1.66596,0,1.66596,0,2.26918,0,2.28453,0,y2
17,8.192,1.6139,0,1.6139,0,2.19698,0,2.22101,0,y2
17,8.20681690163182,1.60712,0,1.60712,0,2.18762,0,2.21272,0,y2
17,8.308,1.56003,0,1.56003,0,2.12291,0,2.15519,0,y2
17,8.38875281925503,1.52149,0,1.52149,0,2.0704,0,2.10814,0,y2
17,8.424,1.50441,0,1.50441,0,2.04724,0,2.08732,0,y2
17,8.5,1.46709,0,1.46709,0,1.99688,0,2.04188,0,y2
17,8.54,1.44717,0,1.44717,0,1.97017,0,2.01766,0,y2
17,8.57472205192818,1.42974,0,1.42974,0,1.94688,0,1.99648,0,y2
17,8.656,1.38848,0,1.38848,0,1.89206,0,1.94637,0,y2
17,8.76481401371806,1.33235,0,1.33235,0,1.81824,0,1.87844,0,y2
17,8.772,1.32861,0,1.32861,0,1.81335,0,1.87392,0,y2
17,8.888,1.26775,1,1.26775,1,1.73413,0,1.80058,0,y2
17,8.95912010090097,1.23003,1,1.23003,1,1.68543,0,1.75508,0,y2
17,9,1.20825,1,1.20825,1,1.65754,0,1.72881,0,y2
17,9.004,1.20612,1,1.20612,1,1.65482,0,1.72624,0,y2
17,9.12,1.14402,1,1.14402,1,1.57621,0,1.65165,0,y2
17,9.15773373590602,1.12377,1,1.12377,1,1.5504,0,1.62742,0,y2
17,9.236,1.08175,1,1.08175,1,1.49616,0,1.57718,0,y2
17,9.352,1.01962,1,1.01962,1,1.418,0,1.50227,0,y2
17,9.36075041223273,1.01495,1,1.01495,1,1.41219,0,1.49664,0,y2
17,9.468,0.957894,1,0.957894,1,1.34062,0,1.42837,0,y2
17,9.5,0.940976,1,0.940976,1,1.31937,0,1.40831,0,y2
17,9.56826774036427,0.905078,1,0.905078,1,1.27428,0,1.36515,0,y2
17,9.584,0.896844,1,0.896844,1,1.26394,1,1.35505,0,y2
17,9.7,0.836716,1,0.836716,1,1.18832,1,1.2803,0,y2
17,9.78038549469867,0.795706,1,0.795706,1,1.13693,1,1.22888,1,y2
17,9.816,0.777731,1,0.777731,1,1.11453,1,1.2063,1,y2
17,9.932,0.720034,1,0.720034,1,1.04008,1,1.13342,1,y2
17,9.99720566152035,0.688152,1,0.688152,1,0.998811,1,1.09289,1,y2
17,10,0.686797,1,0.686797,1,0.997072,1,1.09116,1,y2
17,10.048,0.663688,1,0.663688,1,0.967621,1,1.06151,1,y2
17,10.164,0.609222,1,0.609222,1,0.896593,1,0.990456,1,y2
17,10.2188324880352,0.58403,1,0.58403,1,0.863039,1,0.957339,1,y2
17,10.28,0.555842,1,0.555842,1,0.825959,1,0.92081,1,y2
17,10.396,0.503309,1,0.503309,1,0.757133,1,0.852386,1,y2
17,10.4453725324925,0.481439,1,0.481439,1,0.727999,1,0.823407,1,y2
17,10.5,0.457546,1,0.457546,1,0.696095,1,0.791433,1,y2
17,10.512,0.452344,1,0.452344,1,0.689184,1,0.784444,1,y2
17,10.628,0.402965,1,0.402965,1,0.621679,1,0.717662,1,y2
17,10.6769347154184,0.382636,1,0.382636,1,0.593616,1,0.689864,1,y2
17,10.744,0.355273,1,0.355273,1,0.555198,1,0.652202,1,y2
17,10.86,0.309236,1,0.309236,1,0.490391,1,0.587978,1,y2
17,10.9136303719849,0.288503,1,0.288503,1,0.460714,1,0.558808,1,y2
17,10.976,0.264817,1,0.264817,1,0.426337,1,0.525566,1,y2
17,11,0.255824,1,0.255824,1,0.413219,1,0.512901,1,y2
17,11.092,0.221879,1,0.221879,1,0.36335,1,0.46462,1,y2
17,11.1555733055397,0.198973,1,0.198973,1,0.32928,1,0.43127,1,y2
17,11.208,0.180407,1,0.180407,1,0.301406,1,0.403921,1,y2
17,11.324,0.140302,1,0.140302,1,0.240424,1,0.344353,1,y2
17,11.4028798423229,0.113701,1,0.113701,1,0.19947,1,0.30468,1,y2
17,11.44,0.101407,1,0.101407,1,0.180329,1,0.286271,1,y2
17,11.5,0.0818366,1,0.0818366,1,0.149601,1,0.256816,1,y2
17,11.556,0.0638278,1,0.0638278,1,0.121137,1,0.229525,1,y2
17,11.6556688873968,0.0320674,1,0.0320674,1,0.0709728,1,0.18086,1,y2
17,11.672,0.0269141,1,0.0269141,1,0.0628074,1,0.172968,1,y2
17,11.788,0,1,0,1,0.00526901,1,0.117964,1,y2
17,11.904,0,1,0,1,0,1,0.0628961,1,y2
17,11.9140619818156,0,1,0,1,0,1,0.0582017,1,y2
17,12,0,1,0,1,0,1,0.0183678,1,y2
17,12.02,0,1,0,1,0,1,0.00914689,1,y2
17,12.136,0,1,0,1,0,1,0,1,y2
17,12.178183361062,0,1,0,1,0,1,0,1,y2
17,12.252,0,1,0,1,0,1,0,1,y2
17,12.368,0,1,0,1,0,1,0,1,y2
17,12.4481600147799,0,1,0,1,0,1,0,1,y2
17,12.484,0,1,0,1,0,1,0,1,y2
17,12.5,0,1,0,1,0,1,0,1,y2
17,12.6,0,1,0,1,0,1,0,1,y2
17,12.716,0,1,0,1,0,1,0,1,y2
17,12.7241217478313,0,1,0,1,0,1,0,1,y2
17,12.832,0,1,0,1,0,1,0,1,y2
17,12.948,0,1,0,1,0,1,0,1,y2
17,13,0,1,0,1,0,1,0,1,y2
17,13.006201242706,0,1,0,1,0,1,0,1,y2
17,13.064,0,1,0,1,0,1,0,1,y2
17,13.18,0,1,0,1,0,1,0,1,y2
17,13.2945341233157,0,1,0,1,0,1,0,1,y2
17,13.296,0,1,0,1,0,1,0,1,y2
17,13.412,0,1,0,1,0,1,0,1,y2
17,13.5,0,1,0,1,0,1,0,1,y2
17,13.528,0,1,0,1,0,1,0,1,y2
17,13.589259020202,0,1,0,1,0,1,0,1,y2
17,13.644,0,1,0,1,0,1,0,1,y2
17,13.76,0,1,0,1,0,1,0,1,y2
17,13.876,0,1,0,1,0,1,0,1,y2
17,13.8905176371901,0,1,0,1,0,1,0,1,y2
17,13.992,0,1,0,1,0,1,0,1,y2
17,14,0,1,0,1,0,1,0,1,y2
17,14.108,0,1,0,1,0,1,0,1,y2
17,14.1984548195197,0,1,0,1,0,1,0,1,y2
17,14.224,0,1,0,1,0,1,0,1,y2
17,14.34,0,1,0,1,0,1,0,1,y2
17,14.456,0,1,0,1,0,1,0,1,y2
17,14.5,0,1,0,1,0,1,0,1,y2
17,14.513218623487,0,1,0,1,0,1,0,1,y2
17,14.572,0,1,0,1,0,1,0,1,y2
17,14.688,0,1,0,1,0,1,0,1,y2
17,14.804,0,1,0,1,0,1,0,1,y2
17,14.8349603876301,0,1,0,1,0,1,0,1,y2
17,14.92,0,1,0,1,0,1,0,1,y2
17,15,0,1,0,1,0,1,0,1,y2
17,15.036,0,1,0,1,0,1,0,1,y2
17,15.152,0,1,0,1,0,1,0,1,y2
17,15.1638348054925,0,1,0,1,0,1,0,1,y2
17,15.268,0,1,0,1,0,1,0,1,y2
17,15.384,0,1,0,1,0,1,0,1,y2
17,15.5,0,1,0,1,0,1,0,1,y2
18,1,0,1,0,1,0,1,0,1,y2
18,1.02190077866029,0,1,0,1,0,1,0,1,y2
18,1.04428120142651,0,1,0,1,0,1,0,1,y2
18,1.06715177287806,0,1,0,1,0,1,0,1,y2
18,1.0905232276528,0,1,0,1,0,1,0,1,y2
18,1.112,0,1,0,1,0,1,0,1,y2
18,1.11440653548553,0,1,0,1,0,1,0,1,y2
18,1.13881290635678,0,1,0,1,0,1,0,1,y2
18,1.16375379575438,0,1,0,1,0,1,0,1,y2
18,1.18924091005028,0,1,0,1,0,1,0,1,y2
18,1.21528621199505,0,1,0,1,0,1,0,1,y2
18,1.224,0,1,0,1,0,1,0,1,y2
18,1.24190192633286,0,1,0,1,0,1,0,1,y2
18,1.26910054553927,0,1,0,1,0,1,0,1,y2
18,1.29689483568478,0,1,0,1,0,1,0,1,y2
18,1.32529784242679,0,1,0,1,0,1,0,1,y2
18,1.336,0,1,0,1,0,1,0,1,y2
18,1.35432289713274,0,1,0,1,0,1,0,1,y2
18,1.38398362313741,0,1,0,1,0,1,0,1,y2
18,1.41429394213721,0,1,0,1,0,1,0,1,y2
18,1.44526808072455,0,1,0,1,0,1,0,1,y2
18,1.448,0,1,0,1,0,1,0,1,y2
18,1.47692057706528,0,1,0,1,0,1,0,1,y2
18,1.5,0,1,0,1,0,1,0,1,y2
18,1.50926628772242,0,1,0,1,0,1,0,1,y2
18,1.54232039462927,0,1,0,1,0,1,0,1,y2
18,1.56,0,1,0,1,0,1,0,1,y2
18,1.5760984122153,0,1,0,1,0,1,0,1,y2
18,1.61061619468806,0,1,0,1,0,1,0,1,y2
18,1.64588994347461,0,1,0,1,0,1,0,1,y2
18,1.672,0,1,0,1,0,1,0,1,y2
18,1.68193621482585,0,1,0,1,0,1,0,1,y2
18,1.71877192758748,0,1,0,1,0,1,0,1,y2
18,1.7564143711411,0,1,0,1,0,1,0,1,y2
18,1.784,0,1,0,1,0,1,0,1,y2
18,1.79488121351921,0,1,0,1,0,1,0,1,y2
18,1.83419050969801,0,1,0,1,0,1,0,1,y2
18,1.87436071007172,0,1,0,1,0,1,0,1,y2
18,1.896,0,1,0,1,0,1,0,1,y2
18,1.91541066911255,0,1,0,1,0,1,0,1,y2
18,1.95735965422034,0,1,0,1,0,1,0,1,y2
18,2,0,1,0,1,0,1,0,1,y2
18,2.00022735476601,0,1,0,1,0,1,0,1,y2
18,2.008,0,1,0,1,0,1,0,1,y2
18,2.044033891333,0,1,0,1,0,1,0,1,y2
18,2.08879982516122,0,1,0,1,0,1,0,1,y2
18,2.12,0,1,0,1,0,1,0,1,y2
18,2.13454616779773,0,1,0,1,0,1,0,1,y2
18,2.18129439095885,0,1,0,1,0,1,0,1,y2
18,2.22906643660817,0,1,0,1,0,1,0,1,y2
18,2.232,0,1,0,1,0,1,0,1,y2
18,2.27788472725541,0.107123,1,0.107123,1,0,1,0,1,y2
18,2.3277721764807,0.292755,1,0.292755,1,0,1,0,1,y2
18,2.344,0.34828,1,0.34828,1,0,1,0,1,y2
18,2.37875219968939,0.460506,1,0.460506,1,0,1,0,1,y2
18,2.43084872510247,0.6136,1,0.6136,1,0,1,0,1,y2
18,2.456,0.681767,1,0.681767,1,0,1,0,1,y2
18,2.48408620498759,0.753983,1,0.753983,1,0,1,0,1,y2
18,2.5,0.793211,1,0.793211,1,0,1,0,1,y2
18,2.53848962713611,0.883393,1,0.883393,1,0,1,0,1,y2
18,2.568,0.948396,1,0.948396,1,0,1,0,1,y2
18,2.59408452659146,1.00313,1,1.00313,1,0,1,0,1,y2
18,2.65089699763443,1.11434,1,1.11434,1,0,1,0,1,y2
18,2.68,1.1676,1,1.1676,1,0.113244,1,0,1,y2
18,2.70895370603086,1.2184,1,1.2184,1,0.455707,1,0.0767295,1,y2
18,2.76828190154762,1.31621,0,1.31621,0,0.935221,1,0.689915,1,y2
18,2.792,1.35316,0,1.35316,0,1.07904,1,0.860843,1,y2
18,2.8289094307427,1.40836,0,1.40836,0,1.26877,1,1.08042,1,y2
18,2.89086475003541,1.49522,0,1.49522,0,1.52271,0,1.36542,0,y2
18,2.904,1.51276,0,1.51276,0,1.56935,0,1.41595,0,y2
18,2.95417693906278,1.57718,0,1.57718,0,1.72855,0,1.58671,0,y2
18,3,1.63264,0,1.63264,0,1.85256,0,1.71847,0,y2
18,3.016,1.6513,0,1.6513,0,1.892,0,1.76016,0,y2
18,3.01887571432853,1.65462,0,1.65462,0,1.8989,0,1.76745,0,y2
18,3.08499144315097,1.72786,0,1.72786,0,2.04363,0,1.91989,0,y2
18,3.128,1.77261,0,1.77261,0,2.12574,0,2.00579,0,y2
18,3.15255515791632,1.79719,0,1.79719,0,2.16911,0,2.05097,0,y2
18,3.2215985706442,1.86281,0,1.86281,0,2.27963,0,2.16539,0,y2
18,3.24,1.87947,0,1.87947,0,2.30657,0,2.19315,0,y2
18,3.2921540878722,1.92489,0,1.92489,0,2.37795,0,2.26653,0,y2
18,3.352,1.9739,0,1.9739,0,2.4519,0,2.3423,0,y2
18,3.36425482586626,1.98355,0,1.98355,0,2.46612,0,2.35684,0,y2
18,3.43793462616438,2.03888,0,2.03888,0,2.54574,0,2.43811,0,y2
18,3.464,2.05739,0,2.05739,0,2.57172,0,2.46459,0,y2
18,3.5,2.0821,0,2.0821,0,2.60591,0,2.49941,0,y2
18,3.51322807146056,2.09093,0,2.09093,0,2.61801,0,2.51173,0,y2
18,3.576,2.13105,0,2.13105,0,2.67228,0,2.56694,0,y2
18,3.59017050183674,2.13971,0,2.13971,0,2.68385,0,2.57872,0,y2
18,3.66879803135018,2.1852,0,2.1852,0,2.74394,0,2.63989,0,y2
18,3.688,2.19567,0,2.19567,0,2.75763,0,2.65384,0,y2
18,3.74914756498409,2.22736,0,2.22736,0,2.79884,0,2.6959,0,y2
18,3.8,2.25187,0,2.25187,0,2.83053,0,2.72834,0,y2
18,3.83125681596958,2.26612,0,2.26612,0,2.84893,0,2.74722,0,y2
18,3.912,2.30015,0,2.30015,0,2.89288,0,2.79255,0,y2
18,3.91516432348687,2.3014,0,2.3014,0,2.89451,0,2.79423,0,y2
18,4,2.33279,0,2.33279,0,2.9354,0,2.83679,0,y2
18,4.00090947075423,2.33311,0,2.33311,0,2.93581,0,2.83722,0,y2
18,4.024,2.34092,0,2.34092,0,2.94608,0,2.84799,0,y2
18,4.08853250351308,2.36115,0,2.36115,0,2.97298,0,2.87639,0,y2
18,4.136,2.37457,0,2.37457,0,2.99114,0,2.89575,0,y2
18,4.17807454891793,2.38545,0,2.38545,0,3.00615,0,2.91186,0,y2
18,4.248,2.40151,0,2.40151,0,3.02887,0,2.93655,0,y2
18,4.26957763483998,2.40596,0,2.40596,0,3.03534,0,2.94365,0,y2
18,4.36,2.42215,0,2.42215,0,3.05972,0,2.97088,0,y2
18,4.36308470959355,2.42263,0,2.42263,0,3.06048,0,2.97173,0,y2
18,4.45863966209446,2.43555,0,2.43555,0,3.08147,0,2.99605,0,y2
18,4.472,2.43704,0,2.43704,0,3.08404,0,2.99912,0,y2
18,4.5,2.43992,0,2.43992,0,3.08913,0,3.00529,0,y2
18,4.55628734245999,2.44472,0,2.44472,0,3.0983,0,3.01671,0,y2
18,4.584,2.44661,0,2.44661,0,3.10232,0,3.02187,0,y2
18,4.6560735830599,2.45013,0,2.45013,0,3.11134,0,3.0339,0,y2
18,4.696,2.45124,0,2.45124,0,3.11547,0,3.03973,0,y2
18,4.75804522002853,2.45184,0,2.45184,0,3.12067,0,3.04763,0,y2
18,4.808,2.45139,0,2.45139,0,3.12377,0,3.05303,0,y2
18,4.86225011524803,2.45007,0,2.45007,0,3.12612,0,3.05792,0,y2
18,4.92,2.44775,0,2.44775,0,3.12751,0,3.06195,0,y2
18,4.96873717881306,2.4451,0,2.4451,0,3.12781,0,3.0645,0,y2
18,5,2.44308,0,2.44308,0,3.1276,0,3.06577,0,y2
18,5.032,2.44077,0,2.44077,0,3.12708,0,3.06677,0,y2
18,5.07755639198741,2.43705,0,2.43705,0,3.12585,0,3.0677,0,y2
18,5.144,2.4308,0,2.4308,0,3.12305,0,3.06792,0,y2
18,5.18875883066347,2.42608,0,2.42608,0,3.12051,0,3.06738,0,y2
18,5.256,2.4183,0,2.4183,0,3.11571,0,3.06558,0,y2
18,5.30239668933547,2.41249,0,2.41249,0,3.11174,0,3.06367,0,y2
18,5.368,2.40372,0,2.40372,0,3.10529,0,3.06005,0,y2
18,5.41852330559767,2.39653,0,2.39653,0,3.09968,0,3.0566,0,y2
18,5.48,2.38731,0,2.38731,0,3.09211,0,3.05163,0,y2
18,5.5,2.38421,0,2.38421,0,3.08948,0,3.04983,0,y2
18,5.5371931851792,2.3783,0,2.3783,0,3.08435,0,3.04625,0,y2
18,5.592,2.3693,0,2.3693,0,3.0763,0,3.04047,0,y2
18,5.65846202752709,2.35799,0,2.35799,0,3.06572,0,3.03264,0,y2
18,5.704,2.35,0,2.35,0,3.05797,0,3.02676,0,y2
18,5.78238675194963,2.33583,0,2.33583,0,3.04367,0,3.01569,0,y2
18,5.816,2.32961,0,2.32961,0,3.03718,0,3.01058,0,y2
18,5.90902552433228,2.31197,0,2.31197,0,3.01808,0,2.99533,0,y2
18,5.928,2.30831,0,2.30831,0,3.01398,0,2.99202,0,y2
18,6,2.29421,0,2.29421,0,2.99779,0,2.97884,0,y2
18,6.0384377844387,2.28656,0,2.28656,0,2.98873,0,2.97141,0,y2
18,6.04,2.28625,0,2.28625,0,2.98836,0,2.97111,0,y2
18,6.152,2.26357,0,2.26357,0,2.96028,0,2.94786,0,y2
18,6.17068427380964,2.25973,0,2.25973,0,2.95536,0,2.94375,0,y2
18,6.264,2.24038,0,2.24038,0,2.9297,0,2.92227,0,y2
18,6.30582706427289,2.23159,0,2.23159,0,2.91763,0,2.91211,0,y2
18,6.376,2.21665,0,2.21665,0,2.89655,0,2.89432,0,y2
18,6.44392958707761,2.20186,0,2.20186,0,2.87515,0,2.87619,0,y2
18,6.488,2.192,0,2.192,0,2.86072,0,2.86395,0,y2
18,6.5,2.18928,0,2.18928,0,2.85672,0,2.86055,0,y2
18,6.5850566626667,2.16947,0,2.16947,0,2.82742,0,2.83563,0,y2
18,6.6,2.1659,0,2.1659,0,2.82211,0,2.8311,0,y2
18,6.712,2.13826,0,2.13826,0,2.78059,0,2.7957,0,y2
18,6.72927453110125,2.13386,0,2.13386,0,2.77392,0,2.79,0,y2
18,6.824,2.10902,0,2.10902,0,2.73605,0,2.75767,0,y2
18,6.87665088315124,2.09471,0,2.09471,0,2.71403,0,2.73886,0,y2
18,6.936,2.07814,0,2.07814,0,2.68835,0,2.71692,0,y2
18,7,2.05976,0,2.05976,0,2.65963,0,2.69239,0,y2
18,7.02725489206724,2.05176,0,2.05176,0,2.64707,0,2.68166,0,y2
18,7.048,2.0456,0,2.0456,0,2.63738,0,2.67337,0,y2
18,7.16,2.01136,0,2.01136,0,2.58301,0,2.62693,0,y2
18,7.18115724604786,2.00469,0,2.00469,0,2.57235,0,2.61783,0,y2
18,7.272,1.9754,0,1.9754,0,2.52514,0,2.57752,0,y2
18,7.33843018141831,1.95326,0,1.95326,0,2.48913,0,2.5468,0,y2
18,7.384,1.93772,0,1.93772,0,2.4637,0,2.52511,0,y2
18,7.496,1.89829,0,1.89829,0,2.39868,0,2.46963,0,y2
18,7.49914751653556,1.89716,0,1.89716,0,2.3968,0,2.46803,0,y2
18,7.5,1.89685,0,1.89685,0,2.39629,0,2.46759,0,y2
18,7.608,1.85711,0,1.85711,0,2.33012,0,2.41115,0,y2
18,7.66338468643608,1.83609,0,1.83609,0,2.29495,0,2.38115,0,y2
18,7.72,1.81417,0,1.81417,0,2.25817,0,2.34978,0,y2
18,7.83121877824239,1.76977,0,1.76977,0,2.1836,0,2.28622,0,y2
18,7.832,1.76945,0,1.76945,0,2.18307,0,2.28577,0,y2
18,7.944,1.72298,0,1.72298,0,2.10525,0,2.21927,0,y2
18,8,1.69908,0,1.69908,0,2.06548,0,2.18525,0,y2
18,8.002728567345,1.69791,0,1.69791,0,2.06353,0,2.18358,0,y2
18,8.056,1.67475,0,1.67475,0,2.02514,0,2.15084,0,y2
18,8.168,1.62482,0,1.62482,0,1.94343,0,2.08085,0,y2
18,8.17799455437682,1.62028,0,1.62028,0,1.9361,0,2.07453,0,y2
18,8.28,1.57319,0,1.57319,0,1.86116,0,2.00931,0,y2
18,8.3570990029973,1.53669,0,1.53669,0,1.80478,0,1.95977,0,y2
18,8.392,1.51992,0,1.51992,0,1.77947,0,1.93741,0,y2
18,8.5,1.46708,0,1.46708,0,1.70231,0,1.86878,0,y2
18,8.504,1.4651,0,1.4651,0,1.69949,0,1.86626,0,y2
18,8.54012597850409,1.4471,0,1.4471,0,1.67421,0,1.84355,0,y2
18,8.616,1.40886,0,1.40886,0,1.62229,0,1.79649,0,y2
18,8.72716138729032,1.35187,0,1.35187,0,1.5492,0,1.72923,0,y2
18,8.728,1.35144,0,1.35144,0,1.54866,0,1.72873,0,y2
18,8.84,1.29303,0,1.29303,0,1.47908,0,1.66341,0,y2
18,8.91829301716601,1.25171,1,1.25171,1,1.43297,0,1.61957,0,y2
18,8.952,1.23381,1,1.23381,1,1.4137,0,1.60118,0,y2
18,9,1.20825,1,1.20825,1,1.38696,0,1.57543,0,y2
18,9.064,1.17403,1,1.17403,1,1.35239,0,1.54181,0,y2
18,9.11361057856259,1.14744,1,1.14744,1,1.3265,0,1.51647,0,y2
18,9.176,1.11395,1,1.11395,1,1.29491,0,1.48564,0,y2
18,9.288,1.05386,1,1.05386,1,1.24095,1,1.43324,0,y2
18,9.31320574663979,1.04036,1,1.04036,1,1.22927,1,1.42187,0,y2
18,9.4,0.994013,1,0.994013,1,1.19021,1,1.38357,0,y2
18,9.5,0.940962,1,0.940962,1,1.14743,1,1.34084,0,y2
18,9.512,0.934633,1,0.934633,1,1.14244,1,1.33585,0,y2
18,9.51717220431471,0.931907,1,0.931907,1,1.1403,1,1.33371,0,y2
18,9.624,0.875978,1,0.875978,1,1.09736,1,1.29072,0,y2
18,9.72560568623329,0.823559,1,0.823559,1,1.05917,1,1.25193,1,y2
18,9.736,0.818247,1,0.818247,1,1.05536,1,1.24807,1,y2
18,9.848,0.761648,1,0.761648,1,1.01433,1,1.20763,1,y2
18,9.93860402370477,0.716746,1,0.716746,1,0.9828,1,1.17637,1,y2
18,9.96,0.706243,1,0.706243,1,0.975538,1,1.16914,1,y2
18,10,0.686761,1,0.686761,1,0.962067,1,1.15581,1,y2
18,10.072,0.652207,1,0.652207,1,0.938426,1,1.13236,1,y2
18,10.1562671906202,0.612751,1,0.612751,1,0.911923,1,1.1059,1,y2
18,10.184,0.599985,1,0.599985,1,0.903544,1,1.09749,1,y2
18,10.296,0.548416,1,0.548416,1,0.870482,1,1.06398,1,y2
18,10.3786973503768,0.510952,1,0.510952,1,0.846249,1,1.0399,1,y2
18,10.408,0.497877,1,0.497877,1,0.837772,1,1.03163,1,y2
18,10.5,0.457456,1,0.457456,1,0.812476,1,1.00626,1,y2
18,10.52,0.448797,1,0.448797,1,0.807061,1,1.00079,1,y2
18,10.6059989038295,0.412126,1,0.412126,1,0.783716,1,0.977306,1,y2
18,10.632,0.40121,1,0.40121,1,0.776805,1,0.970259,1,y2
18,10.744,0.355203,1,0.355203,1,0.747572,1,0.940501,1,y2
18,10.8382785382936,0.317662,1,0.317662,1,0.72331,1,0.916227,1,y2
18,10.856,0.310734,1,0.310734,1,0.718809,1,0.911759,1,y2
18,10.968,0.267786,1,0.267786,1,0.691088,1,0.883698,1,y2
18,11,0.255786,1,0.255786,1,0.683248,1,0.875772,1,y2
18,11.0756452776194,0.227827,1,0.227827,1,0.664825,1,0.857208,1,y2
18,11.08,0.226234,1,0.226234,1,0.663772,1,0.856148,1,y2
18,11.192,0.186021,1,0.186021,1,0.636931,1,0.829115,1,y2
18,11.304,0.14713,1,0.14713,1,0.610506,1,0.802536,1,y2
18,11.3182105333644,0.14228,1,0.14228,1,0.607181,1,0.79919,1,y2
18,11.416,0.10933,1,0.10933,1,0.584381,1,0.776142,1,y2
18,11.5,0.0818035,1,0.0818035,1,0.565114,1,0.756952,1,y2
18,11.528,0.07279,1,0.07279,1,0.558687,1,0.750533,1,y2
18,11.5660881570862,0.0606131,1,0.0606131,1,0.549988,1,0.741799,1,y2
18,11.64,0.037112,1,0.037112,1,0.533027,1,0.72468,1,y2
18,11.752,0.00192696,1,0.00192696,1,0.507869,1,0.699705,1,y2
18,11.81939449378,0,1,0,1,0.492691,1,0.684722,1,y2
18,11.864,0,1,0,1,0.482601,1,0.674731,1,y2
18,11.976,0,1,0,1,0.457817,1,0.649651,1,y2
18,12,0,1,0,1,0.452476,1,0.644342,1,y2
18,12.0782484364869,0,1,0,1,0.435159,1,0.626776,1,y2
18,12.088,0,1,0,1,0.433005,1,0.624652,1,y2
18,12.2,0,1,0,1,0.4083,1,0.60009,1,y2
18,12.312,0,1,0,1,0.383678,1,0.575859,1,y2
18,12.3427714820985,0,1,0,1,0.376928,1,0.569014,1,y2
18,12.424,0,1,0,1,0.359142,1,0.551226,1,y2
18,12.5,0,1,0,1,0.342518,1,0.534849,1,y2
18,12.536,0,1,0,1,0.334639,1,0.527018,1,y2
18,12.6130877883825,0,1,0,1,0.31779,1,0.510509,1,y2
18,12.648,0,1,0,1,0.310177,1,0.503005,1,y2
18,12.76,0,1,0,1,0.285866,1,0.478943,1,y2
18,12.872,0,1,0,1,0.261583,1,0.454877,1,y2
18,12.8893242322587,0,1,0,1,0.257813,1,0.451194,1,y2
18,12.984,0,1,0,1,0.237167,1,0.430923,1,y2
18,13,0,1,0,1,0.233677,1,0.42749,1,y2
18,13.096,0,1,0,1,0.212713,1,0.40686,1,y2
18,13.1716104693501,0,1,0,1,0.196266,1,0.390769,1,y2
18,13.208,0,1,0,1,0.188359,1,0.383057,1,y2
18,13.32,0,1,0,1,0.164003,1,0.359116,1,y2
18,13.432,0,1,0,1,0.139658,1,0.335231,1,y2
18,13.4600789948389,0,1,0,1,0.133544,1,0.329274,1,y2
18,13.5,0,1,0,1,0.124864,1,0.320836,1,y2
18,13.544,0,1,0,1,0.115287,1,0.311399,1,y2
18,13.656,0,1,0,1,0.0907705,1,0.287473,1,y2
18,13.7548652056549,0,1,0,1,0.0691917,1,0.266443,1,y2
18,13.768,0,1,0,1,0.0663498,1,0.26367,1,y2
18,13.88,0,1,0,1,0.0424294,1,0.23987,1,y2
18,13.992,0,1,0,1,0.0179541,1,0.216063,1,y2
18,14,0,1,0,1,0.0162029,1,0.214363,1,y2
18,14.0561074640261,0,1,0,1,0.00392266,1,0.202437,1,y2
18,14.104,0,1,0,1,0,1,0.192254,1,y2
18,14.216,0,1,0,1,0,1,0.168445,1,y2
18,14.328,0,1,0,1,0,1,0.144628,1,y2
18,14.3639471624211,0,1,0,1,0,1,0.136997,1,y2
18,14.44,0,1,0,1,0,1,0.120824,1,y2
18,14.5,0,1,0,1,0,1,0.108015,1,y2
18,14.552,0,1,0,1,0,1,0.0969128,1,y2
18,14.664,0,1,0,1,0,1,0.0731393,1,y2
18,14.6785287899134,0,1,0,1,0,1,0.0700601,1,y2
18,14.776,0,1,0,1,0,1,0.0493483,1,y2
18,14.888,0,1,0,1,0,1,0.0254669,1,y2
18,15,0,1,0,1,0,1,0.00159545,1,y2
