pwRes_abscissa,pwRes_cdf,iwRes_abscissa,iwRes_cdf,npde_abscissa,npde_cdf,split
-4,0,-4.14187,0.000255754,-4,0,All
-2.74193,0.00255754,-3.91269,0.000511509,-1.9821,0.00255754,All
-2.05881,0.00511509,-3.52133,0.000767263,-1.98163,0.00511509,All
-1.84369,0.00767263,-3.46195,0.00102302,-1.8138,0.00767263,All
-1.80215,0.0102302,-3.38789,0.00127877,-1.75184,0.0102302,All
-1.77743,0.0127877,-3.28122,0.00153453,-1.68597,0.0127877,All
-1.70768,0.0153453,-3.27882,0.00179028,-1.68249,0.0153453,All
-1.67501,0.0179028,-3.16397,0.00204604,-1.61794,0.0179028,All
-1.65,0.0204604,-3.15843,0.00230179,-1.52155,0.0204604,All
-1.58796,0.0230179,-3.03857,0.00255754,-1.46523,0.0230179,All
-1.50343,0.0255754,-3.03319,0.0028133,-1.46495,0.0255754,All
-1.46929,0.028133,-2.95183,0.00306905,-1.38828,0.028133,All
-1.39858,0.0306905,-2.90436,0.00332481,-1.37285,0.0306905,All
-1.34333,0.0332481,-2.88019,0.00358056,-1.36894,0.0332481,All
-1.30256,0.0358056,-2.87758,0.00383632,-1.34863,0.0358056,All
-1.28259,0.0383632,-2.83755,0.00409207,-1.31287,0.0383632,All
-1.27889,0.0409207,-2.81118,0.00434783,-1.27996,0.0409207,All
-1.26666,0.0434783,-2.80934,0.00460358,-1.27968,0.0434783,All
-1.2574,0.0460358,-2.79423,0.00485934,-1.2793,0.0460358,All
-1.23391,0.0485934,-2.78661,0.00511509,-1.22674,0.0485934,All
-1.22572,0.0511509,-2.78096,0.00537084,-1.21734,0.0511509,All
-1.2175,0.0537084,-2.77507,0.0056266,-1.19648,0.0537084,All
-1.16269,0.056266,-2.755,0.00588235,-1.19452,0.056266,All
-1.15165,0.0588235,-2.74285,0.00613811,-1.15416,0.0588235,All
-1.1117,0.0613811,-2.74023,0.00639386,-1.15338,0.0613811,All
-1.08133,0.0639386,-2.72992,0.00664962,-1.14956,0.0639386,All
-1.04685,0.0664962,-2.72893,0.00690537,-1.13543,0.0664962,All
-1.03244,0.0690537,-2.65222,0.00716113,-1.13235,0.0690537,All
-1.01812,0.0716113,-2.61467,0.00741688,-1.1224,0.0716113,All
-1.00929,0.0741688,-2.58133,0.00767263,-1.07572,0.0741688,All
-1.00781,0.0767263,-2.55746,0.00792839,-1.06595,0.0767263,All
-1.0074,0.0792839,-2.52531,0.00818414,-1.06308,0.0792839,All
-1.00137,0.0818414,-2.52064,0.0084399,-1.06117,0.0818414,All
-1.00037,0.084399,-2.48033,0.00869565,-1.05257,0.084399,All
-0.991767,0.0869565,-2.4685,0.00895141,-1.0523,0.0869565,All
-0.968061,0.0895141,-2.46182,0.00920716,-1.04876,0.0895141,All
-0.955445,0.0920716,-2.45902,0.00946292,-1.04698,0.0920716,All
-0.934789,0.0946292,-2.45207,0.00971867,-1.02963,0.0946292,All
-0.929652,0.0971867,-2.43161,0.00997442,-1.02322,0.0971867,All
-0.923931,0.0997442,-2.43079,0.0102302,-1.01928,0.0997442,All
-0.915664,0.102302,-2.4149,0.0104859,-1.01098,0.102302,All
-0.906402,0.104859,-2.41403,0.0107417,-0.979679,0.104859,All
-0.901055,0.107417,-2.41284,0.0109974,-0.967963,0.107417,All
-0.900449,0.109974,-2.40904,0.0112532,-0.961317,0.109974,All
-0.867679,0.112532,-2.39411,0.011509,-0.950348,0.112532,All
-0.864689,0.11509,-2.37397,0.0117647,-0.950173,0.11509,All
-0.858153,0.117647,-2.36693,0.0120205,-0.942939,0.117647,All
-0.849773,0.120205,-2.36218,0.0122762,-0.937948,0.120205,All
-0.841234,0.122762,-2.34523,0.012532,-0.92981,0.122762,All
-0.838677,0.12532,-2.33696,0.0127877,-0.922362,0.12532,All
-0.823912,0.127877,-2.3267,0.0130435,-0.917859,0.127877,All
-0.822002,0.130435,-2.32387,0.0132992,-0.901041,0.130435,All
-0.821121,0.132992,-2.31987,0.013555,-0.891118,0.132992,All
-0.813344,0.13555,-2.31595,0.0138107,-0.89051,0.13555,All
-0.809472,0.138107,-2.31066,0.0140665,-0.862156,0.138107,All
-0.80707,0.140665,-2.30864,0.0143223,-0.8596,0.140665,All
-0.774034,0.143223,-2.28728,0.014578,-0.834957,0.143223,All
-0.759452,0.14578,-2.28143,0.0148338,-0.829365,0.14578,All
-0.74234,0.148338,-2.26811,0.0150895,-0.827247,0.148338,All
-0.73494,0.150895,-2.26077,0.0153453,-0.784307,0.150895,All
-0.730673,0.153453,-2.24611,0.015601,-0.780853,0.153453,All
-0.697846,0.15601,-2.24302,0.0158568,-0.756688,0.15601,All
-0.694718,0.158568,-2.23155,0.0161125,-0.754376,0.158568,All
-0.689009,0.161125,-2.22074,0.0163683,-0.747801,0.161125,All
-0.68515,0.163683,-2.21049,0.016624,-0.735049,0.163683,All
-0.682212,0.16624,-2.21001,0.0168798,-0.723076,0.16624,All
-0.663063,0.168798,-2.19728,0.0171355,-0.712493,0.168798,All
-0.662935,0.171355,-2.18358,0.0173913,-0.709133,0.171355,All
-0.659049,0.173913,-2.16796,0.0176471,-0.701204,0.173913,All
-0.65395,0.176471,-2.16306,0.0179028,-0.697678,0.176471,All
-0.65241,0.179028,-2.15537,0.0181586,-0.695397,0.179028,All
-0.643924,0.181586,-2.15248,0.0184143,-0.695276,0.181586,All
-0.640516,0.184143,-2.14973,0.0186701,-0.686073,0.184143,All
-0.63994,0.186701,-2.1421,0.0189258,-0.680423,0.186701,All
-0.638626,0.189258,-2.14115,0.0191816,-0.673087,0.189258,All
-0.638007,0.191816,-2.13879,0.0194373,-0.658475,0.191816,All
-0.636254,0.194373,-2.13592,0.0196931,-0.657185,0.194373,All
-0.631268,0.196931,-2.13365,0.0199488,-0.644485,0.196931,All
-0.629883,0.199488,-2.10963,0.0202046,-0.64017,0.199488,All
-0.624318,0.202046,-2.1092,0.0204604,-0.629247,0.202046,All
-0.602968,0.204604,-2.10424,0.0207161,-0.627726,0.204604,All
-0.577253,0.207161,-2.10339,0.0209719,-0.626316,0.207161,All
-0.569534,0.209719,-2.09423,0.0212276,-0.622447,0.209719,All
-0.568748,0.212276,-2.09292,0.0214834,-0.621968,0.212276,All
-0.568557,0.214834,-2.08969,0.0217391,-0.621317,0.214834,All
-0.545818,0.217391,-2.08233,0.0219949,-0.598822,0.217391,All
-0.541993,0.219949,-2.07534,0.0222506,-0.595934,0.219949,All
-0.540914,0.222506,-2.07175,0.0225064,-0.59288,0.222506,All
-0.536738,0.225064,-2.06873,0.0227621,-0.582584,0.225064,All
-0.53596,0.227621,-2.06069,0.0230179,-0.579934,0.227621,All
-0.534211,0.230179,-2.05966,0.0232737,-0.569038,0.230179,All
-0.532807,0.232737,-2.0491,0.0235294,-0.567464,0.232737,All
-0.519946,0.235294,-2.04896,0.0237852,-0.559502,0.235294,All
-0.517599,0.237852,-2.02322,0.0240409,-0.559294,0.237852,All
-0.516582,0.240409,-2.01807,0.0242967,-0.554129,0.240409,All
-0.516396,0.242967,-2.01795,0.0245524,-0.551183,0.242967,All
-0.508332,0.245524,-2.01175,0.0248082,-0.543424,0.245524,All
-0.493393,0.248082,-2.00845,0.0250639,-0.527291,0.248082,All
-0.49181,0.250639,-2.00478,0.0253197,-0.52001,0.250639,All
-0.48844,0.253197,-1.98927,0.0255754,-0.518092,0.253197,All
-0.487706,0.255754,-1.98125,0.0258312,-0.516471,0.255754,All
-0.481339,0.258312,-1.97749,0.026087,-0.512488,0.258312,All
-0.480152,0.26087,-1.97453,0.0263427,-0.511587,0.26087,All
-0.474206,0.263427,-1.97419,0.0265985,-0.506923,0.263427,All
-0.471962,0.265985,-1.97139,0.0268542,-0.503928,0.265985,All
-0.466838,0.268542,-1.96139,0.02711,-0.501615,0.268542,All
-0.458726,0.2711,-1.94836,0.0273657,-0.498585,0.2711,All
-0.455213,0.273657,-1.94767,0.0276215,-0.498107,0.273657,All
-0.454555,0.276215,-1.9371,0.0278772,-0.496244,0.276215,All
-0.435465,0.278772,-1.92914,0.028133,-0.489917,0.278772,All
-0.43222,0.28133,-1.91327,0.0283887,-0.48417,0.28133,All
-0.413401,0.283887,-1.9102,0.0286445,-0.479196,0.283887,All
-0.410208,0.286445,-1.90535,0.0289003,-0.478267,0.286445,All
-0.40282,0.289003,-1.89791,0.029156,-0.476629,0.289003,All
-0.397984,0.29156,-1.89335,0.0294118,-0.464062,0.29156,All
-0.390243,0.294118,-1.89261,0.0296675,-0.462026,0.294118,All
-0.388131,0.296675,-1.88769,0.0299233,-0.451959,0.296675,All
-0.378744,0.299233,-1.87972,0.030179,-0.451587,0.299233,All
-0.375978,0.30179,-1.86546,0.0304348,-0.43843,0.30179,All
-0.371407,0.304348,-1.8627,0.0306905,-0.431982,0.304348,All
-0.367389,0.306905,-1.85486,0.0309463,-0.429423,0.306905,All
-0.367322,0.309463,-1.84945,0.031202,-0.416961,0.309463,All
-0.366902,0.31202,-1.84713,0.0314578,-0.414701,0.31202,All
-0.361176,0.314578,-1.84577,0.0317136,-0.411409,0.314578,All
-0.352606,0.317136,-1.84468,0.0319693,-0.402398,0.317136,All
-0.348057,0.319693,-1.83123,0.0322251,-0.398839,0.319693,All
-0.337483,0.322251,-1.8284,0.0324808,-0.396848,0.322251,All
-0.333213,0.324808,-1.82703,0.0327366,-0.392094,0.324808,All
-0.327657,0.327366,-1.82567,0.0329923,-0.388749,0.327366,All
-0.326591,0.329923,-1.8232,0.0332481,-0.388003,0.329923,All
-0.323626,0.332481,-1.81935,0.0335038,-0.384285,0.332481,All
-0.323625,0.335038,-1.81859,0.0337596,-0.380252,0.335038,All
-0.323444,0.337596,-1.8184,0.0340153,-0.370007,0.337596,All
-0.321703,0.340153,-1.81692,0.0342711,-0.363523,0.340153,All
-0.302669,0.342711,-1.81505,0.0345269,-0.361322,0.342711,All
-0.283893,0.345269,-1.81417,0.0347826,-0.35544,0.345269,All
-0.281466,0.347826,-1.80469,0.0350384,-0.348902,0.347826,All
-0.278333,0.350384,-1.80247,0.0352941,-0.336234,0.350384,All
-0.26831,0.352941,-1.7952,0.0355499,-0.315584,0.352941,All
-0.259057,0.355499,-1.79517,0.0358056,-0.314884,0.355499,All
-0.254345,0.358056,-1.7945,0.0360614,-0.311855,0.358056,All
-0.254312,0.360614,-1.79172,0.0363171,-0.305011,0.360614,All
-0.252783,0.363171,-1.79019,0.0365729,-0.30461,0.363171,All
-0.246279,0.365729,-1.7886,0.0368286,-0.301803,0.365729,All
-0.237995,0.368286,-1.78229,0.0370844,-0.295115,0.368286,All
-0.234014,0.370844,-1.78226,0.0373402,-0.281273,0.370844,All
-0.231062,0.373402,-1.77507,0.0375959,-0.275275,0.373402,All
-0.227671,0.375959,-1.77389,0.0378517,-0.274678,0.375959,All
-0.219877,0.378517,-1.77091,0.0381074,-0.272459,0.378517,All
-0.217872,0.381074,-1.7682,0.0383632,-0.2648,0.381074,All
-0.212252,0.383632,-1.76639,0.0386189,-0.261414,0.383632,All
-0.209642,0.386189,-1.76068,0.0388747,-0.24368,0.386189,All
-0.204895,0.388747,-1.75976,0.0391304,-0.237258,0.388747,All
-0.202429,0.391304,-1.75565,0.0393862,-0.2314,0.391304,All
-0.188144,0.393862,-1.75025,0.0396419,-0.217396,0.393862,All
-0.187114,0.396419,-1.74629,0.0398977,-0.215948,0.396419,All
-0.170808,0.398977,-1.74626,0.0401535,-0.208715,0.398977,All
-0.165594,0.401535,-1.74623,0.0404092,-0.208202,0.401535,All
-0.161866,0.404092,-1.74451,0.040665,-0.204065,0.404092,All
-0.159475,0.40665,-1.74226,0.0409207,-0.200714,0.40665,All
-0.15648,0.409207,-1.73881,0.0411765,-0.19785,0.409207,All
-0.152207,0.411765,-1.73722,0.0414322,-0.190264,0.411765,All
-0.149523,0.414322,-1.73402,0.041688,-0.178968,0.414322,All
-0.145006,0.41688,-1.73208,0.0419437,-0.176097,0.41688,All
-0.141783,0.419437,-1.72391,0.0421995,-0.173784,0.419437,All
-0.122661,0.421995,-1.72161,0.0424552,-0.161364,0.421995,All
-0.121454,0.424552,-1.71809,0.042711,-0.155592,0.424552,All
-0.120384,0.42711,-1.70853,0.0429668,-0.152519,0.42711,All
-0.120029,0.429668,-1.70744,0.0432225,-0.15072,0.429668,All
-0.116634,0.432225,-1.70065,0.0434783,-0.146714,0.432225,All
-0.108588,0.434783,-1.69269,0.043734,-0.142996,0.434783,All
-0.104422,0.43734,-1.68655,0.0439898,-0.134999,0.43734,All
-0.0924787,0.439898,-1.67872,0.0442455,-0.129934,0.439898,All
-0.0923963,0.442455,-1.67611,0.0445013,-0.12685,0.442455,All
-0.0916297,0.445013,-1.66907,0.044757,-0.112258,0.445013,All
-0.0908947,0.44757,-1.66122,0.0450128,-0.102756,0.44757,All
-0.0879266,0.450128,-1.65518,0.0452685,-0.0988857,0.450128,All
-0.0772621,0.452685,-1.65353,0.0455243,-0.0960195,0.452685,All
-0.0724979,0.455243,-1.65337,0.0457801,-0.0949763,0.455243,All
-0.0723883,0.457801,-1.65155,0.0460358,-0.0936864,0.457801,All
-0.0611107,0.460358,-1.65134,0.0462916,-0.0931251,0.460358,All
-0.0514233,0.462916,-1.64945,0.0465473,-0.0880096,0.462916,All
-0.0510477,0.465473,-1.64765,0.0468031,-0.0867884,0.465473,All
-0.0501827,0.468031,-1.64602,0.0470588,-0.0732434,0.468031,All
-0.0436267,0.470588,-1.64494,0.0473146,-0.0508165,0.470588,All
-0.0312108,0.473146,-1.63717,0.0475703,-0.0417901,0.473146,All
-0.0176837,0.475703,-1.6356,0.0478261,-0.0399021,0.475703,All
-0.0160501,0.478261,-1.62086,0.0480818,-0.035855,0.478261,All
-0.0126139,0.480818,-1.61827,0.0483376,-0.0282268,0.480818,All
-0.0071228,0.483376,-1.61614,0.0485934,-0.0251043,0.483376,All
0.00130931,0.485934,-1.61583,0.0488491,-0.0250355,0.485934,All
0.0119688,0.488491,-1.61156,0.0491049,-0.0243601,0.488491,All
0.016314,0.491049,-1.60845,0.0493606,-0.0191226,0.491049,All
0.0218146,0.493606,-1.60824,0.0496164,-0.010806,0.493606,All
0.0266882,0.496164,-1.60084,0.0498721,0.0121651,0.496164,All
0.0397452,0.498721,-1.59953,0.0501279,0.0127363,0.498721,All
0.0422938,0.501279,-1.59348,0.0503836,0.0300724,0.501279,All
0.0445832,0.503836,-1.59281,0.0506394,0.0448283,0.503836,All
0.050349,0.506394,-1.59227,0.0508951,0.0508223,0.506394,All
0.054711,0.508951,-1.59035,0.0511509,0.0520206,0.508951,All
0.0571348,0.511509,-1.58542,0.0514066,0.0572653,0.511509,All
0.0730969,0.514066,-1.57784,0.0516624,0.0601377,0.514066,All
0.0844645,0.516624,-1.57592,0.0519182,0.0622796,0.516624,All
0.0886221,0.519182,-1.57148,0.0521739,0.0664393,0.519182,All
0.0921427,0.521739,-1.56937,0.0524297,0.0685886,0.521739,All
0.0987298,0.524297,-1.56294,0.0526854,0.0780019,0.524297,All
0.102215,0.526854,-1.55825,0.0529412,0.079418,0.526854,All
0.111836,0.529412,-1.55199,0.0531969,0.0910878,0.529412,All
0.118826,0.531969,-1.55088,0.0534527,0.0956726,0.531969,All
0.128223,0.534527,-1.5495,0.0537084,0.10225,0.534527,All
0.128352,0.537084,-1.54817,0.0539642,0.105281,0.537084,All
0.131954,0.539642,-1.54423,0.0542199,0.107323,0.539642,All
0.133187,0.542199,-1.54145,0.0544757,0.109477,0.542199,All
0.144914,0.544757,-1.54137,0.0547315,0.129536,0.544757,All
0.145092,0.547315,-1.53717,0.0549872,0.138307,0.547315,All
0.148277,0.549872,-1.53379,0.055243,0.139617,0.549872,All
0.14884,0.55243,-1.53124,0.0554987,0.141532,0.55243,All
0.1556,0.554987,-1.5287,0.0557545,0.141705,0.554987,All
0.160548,0.557545,-1.52775,0.0560102,0.142103,0.557545,All
0.165988,0.560102,-1.52413,0.056266,0.159482,0.560102,All
0.174432,0.56266,-1.52359,0.0565217,0.168321,0.56266,All
0.176472,0.565217,-1.52351,0.0567775,0.180172,0.565217,All
0.198827,0.567775,-1.52338,0.0570332,0.184601,0.567775,All
0.204438,0.570332,-1.52217,0.057289,0.184759,0.570332,All
0.204482,0.57289,-1.51997,0.0575448,0.199584,0.57289,All
0.213798,0.575448,-1.51422,0.0578005,0.200188,0.575448,All
0.217653,0.578005,-1.51135,0.0580563,0.20311,0.578005,All
0.224935,0.580563,-1.50525,0.058312,0.205832,0.580563,All
0.229929,0.58312,-1.50432,0.0585678,0.207818,0.58312,All
0.2385,0.585678,-1.50257,0.0588235,0.208489,0.585678,All
0.24237,0.588235,-1.50235,0.0590793,0.224064,0.588235,All
0.246873,0.590793,-1.4988,0.059335,0.236215,0.590793,All
0.252033,0.59335,-1.49819,0.0595908,0.23954,0.59335,All
0.268471,0.595908,-1.4977,0.0598465,0.240287,0.595908,All
0.274568,0.598465,-1.49587,0.0601023,0.265514,0.598465,All
0.290901,0.601023,-1.49372,0.0603581,0.269328,0.601023,All
0.29133,0.603581,-1.49128,0.0606138,0.269759,0.603581,All
0.292635,0.606138,-1.48758,0.0608696,0.271109,0.606138,All
0.293977,0.608696,-1.48637,0.0611253,0.27473,0.608696,All
0.296779,0.611253,-1.48333,0.0613811,0.284715,0.611253,All
0.320276,0.613811,-1.48201,0.0616368,0.293573,0.613811,All
0.327198,0.616368,-1.48038,0.0618926,0.31772,0.616368,All
0.333993,0.618926,-1.47674,0.0621483,0.325773,0.618926,All
0.334058,0.621483,-1.47505,0.0624041,0.33001,0.621483,All
0.335038,0.624041,-1.47009,0.0626598,0.349943,0.624041,All
0.341883,0.626598,-1.46515,0.0629156,0.356184,0.626598,All
0.366006,0.629156,-1.46417,0.0631714,0.356419,0.629156,All
0.373032,0.631714,-1.46243,0.0634271,0.364999,0.631714,All
0.384246,0.634271,-1.46197,0.0636829,0.375878,0.634271,All
0.387695,0.636829,-1.45848,0.0639386,0.376852,0.636829,All
0.392626,0.639386,-1.45669,0.0641944,0.380334,0.639386,All
0.402005,0.641944,-1.45651,0.0644501,0.384886,0.641944,All
0.410269,0.644501,-1.45423,0.0647059,0.386084,0.644501,All
0.413788,0.647059,-1.45051,0.0649616,0.395167,0.647059,All
0.417511,0.649616,-1.44967,0.0652174,0.406347,0.649616,All
0.41878,0.652174,-1.44958,0.0654731,0.413589,0.652174,All
0.419699,0.654731,-1.44952,0.0657289,0.414742,0.654731,All
0.436371,0.657289,-1.4484,0.0659847,0.416683,0.657289,All
0.454058,0.659847,-1.44702,0.0662404,0.419617,0.659847,All
0.454469,0.662404,-1.4467,0.0664962,0.42803,0.662404,All
0.456249,0.664962,-1.44627,0.0667519,0.428461,0.664962,All
0.456418,0.667519,-1.43949,0.0670077,0.430597,0.667519,All
0.456494,0.670077,-1.43689,0.0672634,0.43251,0.670077,All
0.45797,0.672634,-1.43674,0.0675192,0.433849,0.672634,All
0.460177,0.675192,-1.43513,0.0677749,0.441222,0.675192,All
0.46235,0.677749,-1.43327,0.0680307,0.441257,0.677749,All
0.463607,0.680307,-1.43196,0.0682864,0.442949,0.680307,All
0.467399,0.682864,-1.42694,0.0685422,0.445165,0.682864,All
0.468334,0.685422,-1.42448,0.068798,0.451936,0.685422,All
0.468456,0.68798,-1.42423,0.0690537,0.460244,0.68798,All
0.479974,0.690537,-1.42331,0.0693095,0.461702,0.690537,All
0.482328,0.693095,-1.42045,0.0695652,0.466709,0.693095,All
0.482681,0.695652,-1.41851,0.069821,0.470378,0.695652,All
0.488192,0.69821,-1.41017,0.0700767,0.472134,0.69821,All
0.496292,0.700767,-1.40951,0.0703325,0.488777,0.700767,All
0.497765,0.703325,-1.4074,0.0705882,0.490323,0.703325,All
0.500748,0.705882,-1.40318,0.070844,0.492425,0.705882,All
0.506004,0.70844,-1.40216,0.0710997,0.495683,0.70844,All
0.512447,0.710997,-1.39836,0.0713555,0.509279,0.710997,All
0.531731,0.713555,-1.39524,0.0716113,0.527316,0.713555,All
0.536068,0.716113,-1.39359,0.071867,0.527725,0.716113,All
0.545416,0.71867,-1.39243,0.0721228,0.528748,0.71867,All
0.548399,0.721228,-1.39195,0.0723785,0.529459,0.721228,All
0.549717,0.723785,-1.39156,0.0726343,0.533719,0.723785,All
0.550213,0.726343,-1.39003,0.07289,0.53752,0.726343,All
0.568002,0.7289,-1.38691,0.0731458,0.554341,0.7289,All
0.577806,0.731458,-1.38314,0.0734015,0.5688,0.731458,All
0.578302,0.734015,-1.38243,0.0736573,0.572128,0.734015,All
0.579415,0.736573,-1.38208,0.073913,0.584347,0.736573,All
0.580169,0.73913,-1.38113,0.0741688,0.586425,0.73913,All
0.592831,0.741688,-1.38043,0.0744246,0.602551,0.741688,All
0.596362,0.744246,-1.38041,0.0746803,0.605763,0.744246,All
0.596924,0.746803,-1.37586,0.0749361,0.616368,0.746803,All
0.603658,0.749361,-1.37571,0.0751918,0.632697,0.749361,All
0.605159,0.751918,-1.37461,0.0754476,0.637563,0.751918,All
0.611081,0.754476,-1.37399,0.0757033,0.640206,0.754476,All
0.614651,0.757033,-1.3715,0.0759591,0.64227,0.757033,All
0.623267,0.759591,-1.37051,0.0762148,0.642867,0.759591,All
0.624904,0.762148,-1.37001,0.0764706,0.646169,0.762148,All
0.626379,0.764706,-1.36989,0.0767263,0.647346,0.764706,All
0.628711,0.767263,-1.36862,0.0769821,0.65759,0.767263,All
0.632901,0.769821,-1.36694,0.0772379,0.67106,0.769821,All
0.637232,0.772379,-1.36563,0.0774936,0.676467,0.772379,All
0.641216,0.774936,-1.36559,0.0777494,0.678991,0.774936,All
0.647452,0.777494,-1.3649,0.0780051,0.68478,0.777494,All
0.662808,0.780051,-1.36332,0.0782609,0.686134,0.780051,All
0.66589,0.782609,-1.36328,0.0785166,0.688922,0.782609,All
0.666499,0.785166,-1.36298,0.0787724,0.696408,0.785166,All
0.666538,0.787724,-1.36298,0.0790281,0.705159,0.787724,All
0.680483,0.790281,-1.36266,0.0792839,0.708463,0.790281,All
0.684327,0.792839,-1.36025,0.0795396,0.720626,0.792839,All
0.685961,0.795396,-1.35647,0.0797954,0.721708,0.795396,All
0.688575,0.797954,-1.35292,0.0800512,0.722012,0.797954,All
0.691031,0.800512,-1.35251,0.0803069,0.752394,0.800512,All
0.691892,0.803069,-1.35239,0.0805627,0.760202,0.803069,All
0.698339,0.805627,-1.35234,0.0808184,0.768979,0.805627,All
0.704647,0.808184,-1.35178,0.0810742,0.775374,0.808184,All
0.725975,0.810742,-1.35048,0.0813299,0.778302,0.810742,All
0.731128,0.813299,-1.3504,0.0815857,0.78023,0.813299,All
0.735228,0.815857,-1.35014,0.0818414,0.791142,0.815857,All
0.742211,0.818414,-1.34887,0.0820972,0.793033,0.818414,All
0.748767,0.820972,-1.34854,0.0823529,0.80947,0.820972,All
0.758452,0.823529,-1.34298,0.0826087,0.817158,0.823529,All
0.759905,0.826087,-1.34126,0.0828645,0.827455,0.826087,All
0.763568,0.828645,-1.34113,0.0831202,0.831307,0.828645,All
0.77766,0.831202,-1.34019,0.083376,0.833596,0.831202,All
0.7831,0.83376,-1.33799,0.0836317,0.834358,0.83376,All
0.786573,0.836317,-1.33723,0.0838875,0.835132,0.836317,All
0.820865,0.838875,-1.33629,0.0841432,0.837676,0.838875,All
0.829035,0.841432,-1.33291,0.084399,0.852046,0.841432,All
0.83805,0.84399,-1.33085,0.0846547,0.859811,0.84399,All
0.852789,0.846547,-1.33073,0.0849105,0.8611,0.846547,All
0.860666,0.849105,-1.32866,0.0851662,0.874545,0.849105,All
0.861703,0.851662,-1.3286,0.085422,0.876927,0.851662,All
0.867337,0.85422,-1.32549,0.0856777,0.903209,0.85422,All
0.870395,0.856777,-1.32293,0.0859335,0.919058,0.856777,All
0.887536,0.859335,-1.32216,0.0861893,0.932284,0.859335,All
0.895142,0.861893,-1.32165,0.086445,0.951548,0.861893,All
0.904257,0.86445,-1.32104,0.0867008,0.964598,0.86445,All
0.94257,0.867008,-1.31965,0.0869565,0.975034,0.867008,All
0.943445,0.869565,-1.31958,0.0872123,0.981611,0.869565,All
0.946764,0.872123,-1.31856,0.087468,0.997917,0.872123,All
0.950701,0.87468,-1.31521,0.0877238,1.00867,0.87468,All
0.9517,0.877238,-1.3149,0.0879795,1.01488,0.877238,All
0.955828,0.879795,-1.31426,0.0882353,1.01713,0.879795,All
0.971461,0.882353,-1.31296,0.088491,1.01809,0.882353,All
0.974233,0.88491,-1.31272,0.0887468,1.05741,0.88491,All
0.982697,0.887468,-1.31047,0.0890026,1.05996,0.887468,All
0.99638,0.890026,-1.30843,0.0892583,1.07447,0.890026,All
0.997282,0.892583,-1.30706,0.0895141,1.08002,0.892583,All
1.0052,0.895141,-1.3067,0.0897698,1.10021,0.895141,All
1.00854,0.897698,-1.3062,0.0900256,1.10319,0.897698,All
1.01459,0.900256,-1.30594,0.0902813,1.1199,0.900256,All
1.01506,0.902813,-1.30265,0.0905371,1.13307,0.902813,All
1.0287,0.905371,-1.30248,0.0907928,1.13937,0.905371,All
1.03406,0.907928,-1.30047,0.0910486,1.14321,0.907928,All
1.04813,0.910486,-1.3001,0.0913043,1.14771,0.910486,All
1.05168,0.913043,-1.29969,0.0915601,1.15323,0.913043,All
1.05852,0.915601,-1.29918,0.0918159,1.17093,0.915601,All
1.06894,0.918159,-1.29913,0.0920716,1.17439,0.918159,All
1.09551,0.920716,-1.29905,0.0923274,1.17761,0.920716,All
1.09633,0.923274,-1.29518,0.0925831,1.19046,0.923274,All
1.17437,0.925831,-1.29305,0.0928389,1.21843,0.925831,All
1.20387,0.928389,-1.29151,0.0930946,1.24415,0.928389,All
1.20553,0.930946,-1.29142,0.0933504,1.25213,0.930946,All
1.20638,0.933504,-1.28488,0.0936061,1.25357,0.933504,All
1.20902,0.936061,-1.28405,0.0938619,1.27378,0.936061,All
1.21259,0.938619,-1.28358,0.0941176,1.29943,0.938619,All
1.23118,0.941176,-1.28288,0.0943734,1.30218,0.941176,All
1.24116,0.943734,-1.28245,0.0946292,1.31784,0.943734,All
1.29112,0.946292,-1.28209,0.0948849,1.3379,0.946292,All
1.3239,0.948849,-1.28078,0.0951407,1.38812,0.948849,All
1.37064,0.951407,-1.27669,0.0953964,1.40335,0.951407,All
1.38487,0.953964,-1.27569,0.0956522,1.43027,0.953964,All
1.39999,0.956522,-1.27568,0.0959079,1.48293,0.956522,All
1.4103,0.959079,-1.27531,0.0961637,1.48414,0.959079,All
1.41388,0.961637,-1.27439,0.0964194,1.49085,0.961637,All
1.41467,0.964194,-1.27359,0.0966752,1.52304,0.964194,All
1.42706,0.966752,-1.27089,0.0969309,1.53213,0.966752,All
1.47799,0.969309,-1.26915,0.0971867,1.54026,0.969309,All
1.50037,0.971867,-1.26881,0.0974425,1.56926,0.971867,All
1.50346,0.974425,-1.26653,0.0976982,1.60606,0.974425,All
1.51011,0.976982,-1.26517,0.097954,1.61196,0.976982,All
1.51485,0.97954,-1.26477,0.0982097,1.68414,0.97954,All
1.57185,0.982097,-1.26321,0.0984655,1.71252,0.982097,All
1.58225,0.984655,-1.2616,0.0987212,1.72867,0.984655,All
1.69368,0.987212,-1.25739,0.098977,1.87621,0.987212,All
1.75643,0.98977,-1.2518,0.0992327,1.91346,0.98977,All
1.93858,0.992327,-1.25131,0.0994885,1.9481,0.992327,All
1.95242,0.994885,-1.24883,0.0997442,2.10216,0.994885,All
2.16433,0.997442,-1.24625,0.1,2.11714,0.997442,All
2.44432,1,-1.24596,0.100256,2.22646,1,All
4,1,-1.24544,0.100512,4,1,All
,,-1.24542,0.100767,,,All
,,-1.24368,0.101023,,,All
,,-1.2434,0.101279,,,All
,,-1.23755,0.101535,,,All
,,-1.22939,0.10179,,,All
,,-1.22931,0.102046,,,All
,,-1.2237,0.102302,,,All
,,-1.2223,0.102558,,,All
,,-1.222,0.102813,,,All
,,-1.2188,0.103069,,,All
,,-1.2176,0.103325,,,All
,,-1.21719,0.103581,,,All
,,-1.21543,0.103836,,,All
,,-1.21465,0.104092,,,All
,,-1.21338,0.104348,,,All
,,-1.21296,0.104604,,,All
,,-1.21271,0.104859,,,All
,,-1.21047,0.105115,,,All
,,-1.20987,0.105371,,,All
,,-1.2093,0.105627,,,All
,,-1.20865,0.105882,,,All
,,-1.20542,0.106138,,,All
,,-1.20512,0.106394,,,All
,,-1.20448,0.10665,,,All
,,-1.20122,0.106905,,,All
,,-1.20038,0.107161,,,All
,,-1.19982,0.107417,,,All
,,-1.19905,0.107673,,,All
,,-1.1986,0.107928,,,All
,,-1.19836,0.108184,,,All
,,-1.19825,0.10844,,,All
,,-1.19753,0.108696,,,All
,,-1.19712,0.108951,,,All
,,-1.19513,0.109207,,,All
,,-1.19337,0.109463,,,All
,,-1.1929,0.109719,,,All
,,-1.19205,0.109974,,,All
,,-1.19184,0.11023,,,All
,,-1.19093,0.110486,,,All
,,-1.18991,0.110742,,,All
,,-1.18877,0.110997,,,All
,,-1.18855,0.111253,,,All
,,-1.18487,0.111509,,,All
,,-1.18319,0.111765,,,All
,,-1.18286,0.11202,,,All
,,-1.18193,0.112276,,,All
,,-1.1802,0.112532,,,All
,,-1.17849,0.112788,,,All
,,-1.17547,0.113043,,,All
,,-1.17512,0.113299,,,All
,,-1.17421,0.113555,,,All
,,-1.17351,0.113811,,,All
,,-1.17187,0.114066,,,All
,,-1.17054,0.114322,,,All
,,-1.16955,0.114578,,,All
,,-1.16794,0.114834,,,All
,,-1.1658,0.11509,,,All
,,-1.16355,0.115345,,,All
,,-1.16208,0.115601,,,All
,,-1.15966,0.115857,,,All
,,-1.15645,0.116113,,,All
,,-1.15118,0.116368,,,All
,,-1.14997,0.116624,,,All
,,-1.149,0.11688,,,All
,,-1.1488,0.117136,,,All
,,-1.14662,0.117391,,,All
,,-1.14652,0.117647,,,All
,,-1.14571,0.117903,,,All
,,-1.14515,0.118159,,,All
,,-1.14446,0.118414,,,All
,,-1.14188,0.11867,,,All
,,-1.13852,0.118926,,,All
,,-1.1358,0.119182,,,All
,,-1.13559,0.119437,,,All
,,-1.13201,0.119693,,,All
,,-1.13019,0.119949,,,All
,,-1.12917,0.120205,,,All
,,-1.12875,0.12046,,,All
,,-1.12816,0.120716,,,All
,,-1.12695,0.120972,,,All
,,-1.12685,0.121228,,,All
,,-1.12566,0.121483,,,All
,,-1.1255,0.121739,,,All
,,-1.12281,0.121995,,,All
,,-1.12133,0.122251,,,All
,,-1.12122,0.122506,,,All
,,-1.11984,0.122762,,,All
,,-1.11845,0.123018,,,All
,,-1.11726,0.123274,,,All
,,-1.1117,0.123529,,,All
,,-1.11143,0.123785,,,All
,,-1.11103,0.124041,,,All
,,-1.10419,0.124297,,,All
,,-1.10391,0.124552,,,All
,,-1.10128,0.124808,,,All
,,-1.10117,0.125064,,,All
,,-1.10063,0.12532,,,All
,,-1.09877,0.125575,,,All
,,-1.09557,0.125831,,,All
,,-1.0951,0.126087,,,All
,,-1.09482,0.126343,,,All
,,-1.09429,0.126598,,,All
,,-1.09319,0.126854,,,All
,,-1.09303,0.12711,,,All
,,-1.09083,0.127366,,,All
,,-1.09055,0.127621,,,All
,,-1.08948,0.127877,,,All
,,-1.08676,0.128133,,,All
,,-1.08661,0.128389,,,All
,,-1.08396,0.128645,,,All
,,-1.08164,0.1289,,,All
,,-1.07943,0.129156,,,All
,,-1.07923,0.129412,,,All
,,-1.07637,0.129668,,,All
,,-1.07478,0.129923,,,All
,,-1.07453,0.130179,,,All
,,-1.07436,0.130435,,,All
,,-1.07343,0.130691,,,All
,,-1.07171,0.130946,,,All
,,-1.07036,0.131202,,,All
,,-1.07022,0.131458,,,All
,,-1.06855,0.131714,,,All
,,-1.0681,0.131969,,,All
,,-1.06757,0.132225,,,All
,,-1.06569,0.132481,,,All
,,-1.06522,0.132737,,,All
,,-1.06514,0.132992,,,All
,,-1.06506,0.133248,,,All
,,-1.06491,0.133504,,,All
,,-1.06468,0.13376,,,All
,,-1.06427,0.134015,,,All
,,-1.0631,0.134271,,,All
,,-1.0629,0.134527,,,All
,,-1.06252,0.134783,,,All
,,-1.06206,0.135038,,,All
,,-1.06004,0.135294,,,All
,,-1.05993,0.13555,,,All
,,-1.05923,0.135806,,,All
,,-1.05811,0.136061,,,All
,,-1.05734,0.136317,,,All
,,-1.05685,0.136573,,,All
,,-1.0556,0.136829,,,All
,,-1.0527,0.137084,,,All
,,-1.05255,0.13734,,,All
,,-1.0516,0.137596,,,All
,,-1.05151,0.137852,,,All
,,-1.05112,0.138107,,,All
,,-1.04859,0.138363,,,All
,,-1.04664,0.138619,,,All
,,-1.0464,0.138875,,,All
,,-1.04618,0.13913,,,All
,,-1.04596,0.139386,,,All
,,-1.0453,0.139642,,,All
,,-1.04516,0.139898,,,All
,,-1.04502,0.140153,,,All
,,-1.04465,0.140409,,,All
,,-1.04443,0.140665,,,All
,,-1.04374,0.140921,,,All
,,-1.04237,0.141176,,,All
,,-1.04185,0.141432,,,All
,,-1.03966,0.141688,,,All
,,-1.03785,0.141944,,,All
,,-1.0378,0.142199,,,All
,,-1.0369,0.142455,,,All
,,-1.03674,0.142711,,,All
,,-1.03667,0.142967,,,All
,,-1.03482,0.143223,,,All
,,-1.03455,0.143478,,,All
,,-1.03417,0.143734,,,All
,,-1.03299,0.14399,,,All
,,-1.03296,0.144246,,,All
,,-1.03258,0.144501,,,All
,,-1.0322,0.144757,,,All
,,-1.03041,0.145013,,,All
,,-1.02881,0.145269,,,All
,,-1.02812,0.145524,,,All
,,-1.02804,0.14578,,,All
,,-1.0275,0.146036,,,All
,,-1.02715,0.146292,,,All
,,-1.02687,0.146547,,,All
,,-1.02637,0.146803,,,All
,,-1.02504,0.147059,,,All
,,-1.02491,0.147315,,,All
,,-1.02286,0.14757,,,All
,,-1.02245,0.147826,,,All
,,-1.01961,0.148082,,,All
,,-1.01895,0.148338,,,All
,,-1.01692,0.148593,,,All
,,-1.01399,0.148849,,,All
,,-1.01263,0.149105,,,All
,,-1.01188,0.149361,,,All
,,-1.0118,0.149616,,,All
,,-1.01172,0.149872,,,All
,,-1.00923,0.150128,,,All
,,-1.00906,0.150384,,,All
,,-1.0078,0.150639,,,All
,,-1.00683,0.150895,,,All
,,-1.00559,0.151151,,,All
,,-1.00547,0.151407,,,All
,,-1.00407,0.151662,,,All
,,-1.00328,0.151918,,,All
,,-1.00314,0.152174,,,All
,,-1.00244,0.15243,,,All
,,-1.00181,0.152685,,,All
,,-1.00094,0.152941,,,All
,,-1.00039,0.153197,,,All
,,-0.998359,0.153453,,,All
,,-0.996547,0.153708,,,All
,,-0.993007,0.153964,,,All
,,-0.98566,0.15422,,,All
,,-0.984648,0.154476,,,All
,,-0.984572,0.154731,,,All
,,-0.98288,0.154987,,,All
,,-0.982595,0.155243,,,All
,,-0.982581,0.155499,,,All
,,-0.981371,0.155754,,,All
,,-0.981128,0.15601,,,All
,,-0.980056,0.156266,,,All
,,-0.978919,0.156522,,,All
,,-0.976229,0.156777,,,All
,,-0.97597,0.157033,,,All
,,-0.975768,0.157289,,,All
,,-0.975534,0.157545,,,All
,,-0.975443,0.157801,,,All
,,-0.974071,0.158056,,,All
,,-0.973104,0.158312,,,All
,,-0.973005,0.158568,,,All
,,-0.972981,0.158824,,,All
,,-0.971566,0.159079,,,All
,,-0.969391,0.159335,,,All
,,-0.968998,0.159591,,,All
,,-0.966367,0.159847,,,All
,,-0.963861,0.160102,,,All
,,-0.96228,0.160358,,,All
,,-0.961621,0.160614,,,All
,,-0.959309,0.16087,,,All
,,-0.959296,0.161125,,,All
,,-0.958441,0.161381,,,All
,,-0.9577,0.161637,,,All
,,-0.957392,0.161893,,,All
,,-0.957221,0.162148,,,All
,,-0.954351,0.162404,,,All
,,-0.953988,0.16266,,,All
,,-0.953777,0.162916,,,All
,,-0.953467,0.163171,,,All
,,-0.951747,0.163427,,,All
,,-0.950565,0.163683,,,All
,,-0.950278,0.163939,,,All
,,-0.950219,0.164194,,,All
,,-0.949834,0.16445,,,All
,,-0.948204,0.164706,,,All
,,-0.947652,0.164962,,,All
,,-0.946819,0.165217,,,All
,,-0.946631,0.165473,,,All
,,-0.945931,0.165729,,,All
,,-0.945452,0.165985,,,All
,,-0.94531,0.16624,,,All
,,-0.942089,0.166496,,,All
,,-0.940879,0.166752,,,All
,,-0.940234,0.167008,,,All
,,-0.938251,0.167263,,,All
,,-0.93636,0.167519,,,All
,,-0.935369,0.167775,,,All
,,-0.935005,0.168031,,,All
,,-0.934191,0.168286,,,All
,,-0.933053,0.168542,,,All
,,-0.932657,0.168798,,,All
,,-0.932421,0.169054,,,All
,,-0.930626,0.169309,,,All
,,-0.927796,0.169565,,,All
,,-0.927362,0.169821,,,All
,,-0.926168,0.170077,,,All
,,-0.923704,0.170332,,,All
,,-0.922283,0.170588,,,All
,,-0.920165,0.170844,,,All
,,-0.91966,0.1711,,,All
,,-0.919397,0.171355,,,All
,,-0.917814,0.171611,,,All
,,-0.917495,0.171867,,,All
,,-0.917121,0.172123,,,All
,,-0.91671,0.172379,,,All
,,-0.915736,0.172634,,,All
,,-0.913992,0.17289,,,All
,,-0.91132,0.173146,,,All
,,-0.90876,0.173402,,,All
,,-0.906191,0.173657,,,All
,,-0.905601,0.173913,,,All
,,-0.904509,0.174169,,,All
,,-0.904368,0.174425,,,All
,,-0.90385,0.17468,,,All
,,-0.902356,0.174936,,,All
,,-0.901388,0.175192,,,All
,,-0.900215,0.175448,,,All
,,-0.898022,0.175703,,,All
,,-0.896752,0.175959,,,All
,,-0.896566,0.176215,,,All
,,-0.896214,0.176471,,,All
,,-0.895553,0.176726,,,All
,,-0.895315,0.176982,,,All
,,-0.894213,0.177238,,,All
,,-0.893067,0.177494,,,All
,,-0.891704,0.177749,,,All
,,-0.891393,0.178005,,,All
,,-0.890721,0.178261,,,All
,,-0.890706,0.178517,,,All
,,-0.888576,0.178772,,,All
,,-0.884328,0.179028,,,All
,,-0.88352,0.179284,,,All
,,-0.882965,0.17954,,,All
,,-0.879783,0.179795,,,All
,,-0.876682,0.180051,,,All
,,-0.874872,0.180307,,,All
,,-0.872747,0.180563,,,All
,,-0.872645,0.180818,,,All
,,-0.868354,0.181074,,,All
,,-0.867478,0.18133,,,All
,,-0.867247,0.181586,,,All
,,-0.862706,0.181841,,,All
,,-0.859554,0.182097,,,All
,,-0.859172,0.182353,,,All
,,-0.858787,0.182609,,,All
,,-0.858551,0.182864,,,All
,,-0.858519,0.18312,,,All
,,-0.85846,0.183376,,,All
,,-0.858225,0.183632,,,All
,,-0.857758,0.183887,,,All
,,-0.857653,0.184143,,,All
,,-0.856804,0.184399,,,All
,,-0.854906,0.184655,,,All
,,-0.8536,0.18491,,,All
,,-0.852591,0.185166,,,All
,,-0.852459,0.185422,,,All
,,-0.851748,0.185678,,,All
,,-0.851276,0.185934,,,All
,,-0.850215,0.186189,,,All
,,-0.849667,0.186445,,,All
,,-0.849382,0.186701,,,All
,,-0.848708,0.186957,,,All
,,-0.848431,0.187212,,,All
,,-0.84822,0.187468,,,All
,,-0.846543,0.187724,,,All
,,-0.845417,0.18798,,,All
,,-0.844933,0.188235,,,All
,,-0.844837,0.188491,,,All
,,-0.84421,0.188747,,,All
,,-0.843861,0.189003,,,All
,,-0.843254,0.189258,,,All
,,-0.841048,0.189514,,,All
,,-0.84004,0.18977,,,All
,,-0.839593,0.190026,,,All
,,-0.837639,0.190281,,,All
,,-0.836887,0.190537,,,All
,,-0.8364,0.190793,,,All
,,-0.835405,0.191049,,,All
,,-0.835393,0.191304,,,All
,,-0.835328,0.19156,,,All
,,-0.833684,0.191816,,,All
,,-0.833461,0.192072,,,All
,,-0.832634,0.192327,,,All
,,-0.832022,0.192583,,,All
,,-0.831221,0.192839,,,All
,,-0.827925,0.193095,,,All
,,-0.827641,0.19335,,,All
,,-0.827307,0.193606,,,All
,,-0.826865,0.193862,,,All
,,-0.824966,0.194118,,,All
,,-0.82401,0.194373,,,All
,,-0.824,0.194629,,,All
,,-0.823953,0.194885,,,All
,,-0.823297,0.195141,,,All
,,-0.823011,0.195396,,,All
,,-0.821463,0.195652,,,All
,,-0.820241,0.195908,,,All
,,-0.8188,0.196164,,,All
,,-0.816938,0.196419,,,All
,,-0.815436,0.196675,,,All
,,-0.814592,0.196931,,,All
,,-0.812008,0.197187,,,All
,,-0.810566,0.197442,,,All
,,-0.810368,0.197698,,,All
,,-0.810151,0.197954,,,All
,,-0.80846,0.19821,,,All
,,-0.808404,0.198465,,,All
,,-0.807192,0.198721,,,All
,,-0.807128,0.198977,,,All
,,-0.80682,0.199233,,,All
,,-0.803246,0.199488,,,All
,,-0.802388,0.199744,,,All
,,-0.801819,0.2,,,All
,,-0.801493,0.200256,,,All
,,-0.801189,0.200512,,,All
,,-0.79767,0.200767,,,All
,,-0.797249,0.201023,,,All
,,-0.79695,0.201279,,,All
,,-0.796436,0.201535,,,All
,,-0.795484,0.20179,,,All
,,-0.795477,0.202046,,,All
,,-0.793362,0.202302,,,All
,,-0.790518,0.202558,,,All
,,-0.789796,0.202813,,,All
,,-0.789509,0.203069,,,All
,,-0.789508,0.203325,,,All
,,-0.788329,0.203581,,,All
,,-0.787669,0.203836,,,All
,,-0.78635,0.204092,,,All
,,-0.786062,0.204348,,,All
,,-0.786052,0.204604,,,All
,,-0.785198,0.204859,,,All
,,-0.784911,0.205115,,,All
,,-0.784298,0.205371,,,All
,,-0.782898,0.205627,,,All
,,-0.781869,0.205882,,,All
,,-0.781384,0.206138,,,All
,,-0.78131,0.206394,,,All
,,-0.779373,0.20665,,,All
,,-0.778103,0.206905,,,All
,,-0.777662,0.207161,,,All
,,-0.777375,0.207417,,,All
,,-0.777119,0.207673,,,All
,,-0.775549,0.207928,,,All
,,-0.773369,0.208184,,,All
,,-0.772629,0.20844,,,All
,,-0.770948,0.208696,,,All
,,-0.767435,0.208951,,,All
,,-0.766186,0.209207,,,All
,,-0.765528,0.209463,,,All
,,-0.761759,0.209719,,,All
,,-0.761485,0.209974,,,All
,,-0.761342,0.21023,,,All
,,-0.761187,0.210486,,,All
,,-0.760494,0.210742,,,All
,,-0.760122,0.210997,,,All
,,-0.757771,0.211253,,,All
,,-0.757312,0.211509,,,All
,,-0.757136,0.211765,,,All
,,-0.756824,0.21202,,,All
,,-0.756379,0.212276,,,All
,,-0.754205,0.212532,,,All
,,-0.753625,0.212788,,,All
,,-0.753113,0.213043,,,All
,,-0.752596,0.213299,,,All
,,-0.752122,0.213555,,,All
,,-0.750806,0.213811,,,All
,,-0.747803,0.214066,,,All
,,-0.74778,0.214322,,,All
,,-0.747529,0.214578,,,All
,,-0.74688,0.214834,,,All
,,-0.746738,0.21509,,,All
,,-0.745083,0.215345,,,All
,,-0.744657,0.215601,,,All
,,-0.744481,0.215857,,,All
,,-0.743916,0.216113,,,All
,,-0.742967,0.216368,,,All
,,-0.741363,0.216624,,,All
,,-0.73705,0.21688,,,All
,,-0.735541,0.217136,,,All
,,-0.733269,0.217391,,,All
,,-0.732126,0.217647,,,All
,,-0.731956,0.217903,,,All
,,-0.730864,0.218159,,,All
,,-0.729281,0.218414,,,All
,,-0.728733,0.21867,,,All
,,-0.72754,0.218926,,,All
,,-0.725097,0.219182,,,All
,,-0.723641,0.219437,,,All
,,-0.722839,0.219693,,,All
,,-0.722092,0.219949,,,All
,,-0.721749,0.220205,,,All
,,-0.719899,0.22046,,,All
,,-0.719728,0.220716,,,All
,,-0.719217,0.220972,,,All
,,-0.718537,0.221228,,,All
,,-0.717017,0.221483,,,All
,,-0.716712,0.221739,,,All
,,-0.715207,0.221995,,,All
,,-0.714157,0.222251,,,All
,,-0.710686,0.222506,,,All
,,-0.709845,0.222762,,,All
,,-0.70663,0.223018,,,All
,,-0.705857,0.223274,,,All
,,-0.705158,0.223529,,,All
,,-0.704593,0.223785,,,All
,,-0.703903,0.224041,,,All
,,-0.703522,0.224297,,,All
,,-0.702949,0.224552,,,All
,,-0.702733,0.224808,,,All
,,-0.702004,0.225064,,,All
,,-0.701812,0.22532,,,All
,,-0.7011,0.225575,,,All
,,-0.70094,0.225831,,,All
,,-0.700603,0.226087,,,All
,,-0.69879,0.226343,,,All
,,-0.697176,0.226598,,,All
,,-0.696811,0.226854,,,All
,,-0.69679,0.22711,,,All
,,-0.696729,0.227366,,,All
,,-0.695865,0.227621,,,All
,,-0.695473,0.227877,,,All
,,-0.694967,0.228133,,,All
,,-0.694679,0.228389,,,All
,,-0.690969,0.228645,,,All
,,-0.688935,0.2289,,,All
,,-0.688663,0.229156,,,All
,,-0.68681,0.229412,,,All
,,-0.686712,0.229668,,,All
,,-0.686556,0.229923,,,All
,,-0.686366,0.230179,,,All
,,-0.684778,0.230435,,,All
,,-0.684122,0.230691,,,All
,,-0.682459,0.230946,,,All
,,-0.681727,0.231202,,,All
,,-0.681242,0.231458,,,All
,,-0.680285,0.231714,,,All
,,-0.680063,0.231969,,,All
,,-0.679878,0.232225,,,All
,,-0.679876,0.232481,,,All
,,-0.679388,0.232737,,,All
,,-0.677676,0.232992,,,All
,,-0.67695,0.233248,,,All
,,-0.676772,0.233504,,,All
,,-0.676345,0.23376,,,All
,,-0.675444,0.234015,,,All
,,-0.67267,0.234271,,,All
,,-0.671203,0.234527,,,All
,,-0.669107,0.234783,,,All
,,-0.667858,0.235038,,,All
,,-0.667753,0.235294,,,All
,,-0.666509,0.23555,,,All
,,-0.666302,0.235806,,,All
,,-0.665863,0.236061,,,All
,,-0.665589,0.236317,,,All
,,-0.665367,0.236573,,,All
,,-0.664691,0.236829,,,All
,,-0.664025,0.237084,,,All
,,-0.663203,0.23734,,,All
,,-0.661289,0.237596,,,All
,,-0.660939,0.237852,,,All
,,-0.660715,0.238107,,,All
,,-0.659594,0.238363,,,All
,,-0.656887,0.238619,,,All
,,-0.654837,0.238875,,,All
,,-0.654027,0.23913,,,All
,,-0.653798,0.239386,,,All
,,-0.652008,0.239642,,,All
,,-0.651891,0.239898,,,All
,,-0.65027,0.240153,,,All
,,-0.649703,0.240409,,,All
,,-0.647887,0.240665,,,All
,,-0.647542,0.240921,,,All
,,-0.644481,0.241176,,,All
,,-0.643478,0.241432,,,All
,,-0.642026,0.241688,,,All
,,-0.641736,0.241944,,,All
,,-0.640471,0.242199,,,All
,,-0.639971,0.242455,,,All
,,-0.638876,0.242711,,,All
,,-0.638707,0.242967,,,All
,,-0.638642,0.243223,,,All
,,-0.638391,0.243478,,,All
,,-0.636602,0.243734,,,All
,,-0.636129,0.24399,,,All
,,-0.635526,0.244246,,,All
,,-0.635427,0.244501,,,All
,,-0.633473,0.244757,,,All
,,-0.633146,0.245013,,,All
,,-0.632953,0.245269,,,All
,,-0.631721,0.245524,,,All
,,-0.631444,0.24578,,,All
,,-0.630163,0.246036,,,All
,,-0.630026,0.246292,,,All
,,-0.624987,0.246547,,,All
,,-0.622748,0.246803,,,All
,,-0.622266,0.247059,,,All
,,-0.617037,0.247315,,,All
,,-0.616618,0.24757,,,All
,,-0.61623,0.247826,,,All
,,-0.614338,0.248082,,,All
,,-0.61323,0.248338,,,All
,,-0.613168,0.248593,,,All
,,-0.612825,0.248849,,,All
,,-0.611237,0.249105,,,All
,,-0.610838,0.249361,,,All
,,-0.610252,0.249616,,,All
,,-0.609783,0.249872,,,All
,,-0.607659,0.250128,,,All
,,-0.607394,0.250384,,,All
,,-0.607334,0.250639,,,All
,,-0.6069,0.250895,,,All
,,-0.606833,0.251151,,,All
,,-0.606817,0.251407,,,All
,,-0.605494,0.251662,,,All
,,-0.605083,0.251918,,,All
,,-0.604486,0.252174,,,All
,,-0.604253,0.25243,,,All
,,-0.603889,0.252685,,,All
,,-0.603625,0.252941,,,All
,,-0.603255,0.253197,,,All
,,-0.600395,0.253453,,,All
,,-0.597522,0.253708,,,All
,,-0.594788,0.253964,,,All
,,-0.594771,0.25422,,,All
,,-0.593815,0.254476,,,All
,,-0.590437,0.254731,,,All
,,-0.58966,0.254987,,,All
,,-0.589252,0.255243,,,All
,,-0.58824,0.255499,,,All
,,-0.586782,0.255754,,,All
,,-0.586157,0.25601,,,All
,,-0.585697,0.256266,,,All
,,-0.584371,0.256522,,,All
,,-0.583474,0.256777,,,All
,,-0.583359,0.257033,,,All
,,-0.58241,0.257289,,,All
,,-0.581912,0.257545,,,All
,,-0.581779,0.257801,,,All
,,-0.581601,0.258056,,,All
,,-0.581529,0.258312,,,All
,,-0.580648,0.258568,,,All
,,-0.580169,0.258824,,,All
,,-0.578539,0.259079,,,All
,,-0.578497,0.259335,,,All
,,-0.578265,0.259591,,,All
,,-0.578258,0.259847,,,All
,,-0.57811,0.260102,,,All
,,-0.578001,0.260358,,,All
,,-0.576162,0.260614,,,All
,,-0.574191,0.26087,,,All
,,-0.573988,0.261125,,,All
,,-0.571772,0.261381,,,All
,,-0.568568,0.261637,,,All
,,-0.566902,0.261893,,,All
,,-0.566663,0.262148,,,All
,,-0.566119,0.262404,,,All
,,-0.564903,0.26266,,,All
,,-0.558501,0.262916,,,All
,,-0.556168,0.263171,,,All
,,-0.556087,0.263427,,,All
,,-0.556076,0.263683,,,All
,,-0.549546,0.263939,,,All
,,-0.548141,0.264194,,,All
,,-0.546747,0.26445,,,All
,,-0.544522,0.264706,,,All
,,-0.543694,0.264962,,,All
,,-0.543626,0.265217,,,All
,,-0.541184,0.265473,,,All
,,-0.540758,0.265729,,,All
,,-0.539791,0.265985,,,All
,,-0.538677,0.26624,,,All
,,-0.538255,0.266496,,,All
,,-0.537738,0.266752,,,All
,,-0.537453,0.267008,,,All
,,-0.536729,0.267263,,,All
,,-0.535384,0.267519,,,All
,,-0.535115,0.267775,,,All
,,-0.534903,0.268031,,,All
,,-0.532612,0.268286,,,All
,,-0.528541,0.268542,,,All
,,-0.527717,0.268798,,,All
,,-0.527264,0.269054,,,All
,,-0.526868,0.269309,,,All
,,-0.526604,0.269565,,,All
,,-0.525229,0.269821,,,All
,,-0.525048,0.270077,,,All
,,-0.52099,0.270332,,,All
,,-0.519197,0.270588,,,All
,,-0.518887,0.270844,,,All
,,-0.517506,0.2711,,,All
,,-0.516502,0.271355,,,All
,,-0.516319,0.271611,,,All
,,-0.516305,0.271867,,,All
,,-0.514518,0.272123,,,All
,,-0.514284,0.272379,,,All
,,-0.514223,0.272634,,,All
,,-0.51387,0.27289,,,All
,,-0.513703,0.273146,,,All
,,-0.512455,0.273402,,,All
,,-0.510186,0.273657,,,All
,,-0.509803,0.273913,,,All
,,-0.50974,0.274169,,,All
,,-0.506401,0.274425,,,All
,,-0.505466,0.27468,,,All
,,-0.503827,0.274936,,,All
,,-0.503473,0.275192,,,All
,,-0.502734,0.275448,,,All
,,-0.502079,0.275703,,,All
,,-0.500165,0.275959,,,All
,,-0.499247,0.276215,,,All
,,-0.499178,0.276471,,,All
,,-0.499111,0.276726,,,All
,,-0.498918,0.276982,,,All
,,-0.498818,0.277238,,,All
,,-0.498211,0.277494,,,All
,,-0.497994,0.277749,,,All
,,-0.497622,0.278005,,,All
,,-0.497187,0.278261,,,All
,,-0.494678,0.278517,,,All
,,-0.494498,0.278772,,,All
,,-0.49336,0.279028,,,All
,,-0.493322,0.279284,,,All
,,-0.493097,0.27954,,,All
,,-0.491945,0.279795,,,All
,,-0.491432,0.280051,,,All
,,-0.4906,0.280307,,,All
,,-0.490493,0.280563,,,All
,,-0.490274,0.280818,,,All
,,-0.489986,0.281074,,,All
,,-0.48968,0.28133,,,All
,,-0.489463,0.281586,,,All
,,-0.488108,0.281841,,,All
,,-0.487255,0.282097,,,All
,,-0.486259,0.282353,,,All
,,-0.484348,0.282609,,,All
,,-0.483758,0.282864,,,All
,,-0.483602,0.28312,,,All
,,-0.483092,0.283376,,,All
,,-0.482762,0.283632,,,All
,,-0.482241,0.283887,,,All
,,-0.481881,0.284143,,,All
,,-0.481854,0.284399,,,All
,,-0.480833,0.284655,,,All
,,-0.479547,0.28491,,,All
,,-0.478392,0.285166,,,All
,,-0.478219,0.285422,,,All
,,-0.478034,0.285678,,,All
,,-0.477192,0.285934,,,All
,,-0.47711,0.286189,,,All
,,-0.476953,0.286445,,,All
,,-0.476813,0.286701,,,All
,,-0.476799,0.286957,,,All
,,-0.476695,0.287212,,,All
,,-0.476236,0.287468,,,All
,,-0.474984,0.287724,,,All
,,-0.472776,0.28798,,,All
,,-0.471121,0.288235,,,All
,,-0.470563,0.288491,,,All
,,-0.467352,0.288747,,,All
,,-0.467275,0.289003,,,All
,,-0.466646,0.289258,,,All
,,-0.466069,0.289514,,,All
,,-0.465218,0.28977,,,All
,,-0.465115,0.290026,,,All
,,-0.464721,0.290281,,,All
,,-0.463731,0.290537,,,All
,,-0.462553,0.290793,,,All
,,-0.462241,0.291049,,,All
,,-0.46093,0.291304,,,All
,,-0.459996,0.29156,,,All
,,-0.45921,0.291816,,,All
,,-0.458634,0.292072,,,All
,,-0.458004,0.292327,,,All
,,-0.457851,0.292583,,,All
,,-0.457739,0.292839,,,All
,,-0.457733,0.293095,,,All
,,-0.45662,0.29335,,,All
,,-0.456595,0.293606,,,All
,,-0.455208,0.293862,,,All
,,-0.454965,0.294118,,,All
,,-0.454931,0.294373,,,All
,,-0.452869,0.294629,,,All
,,-0.451662,0.294885,,,All
,,-0.451135,0.295141,,,All
,,-0.448657,0.295396,,,All
,,-0.448413,0.295652,,,All
,,-0.446342,0.295908,,,All
,,-0.445585,0.296164,,,All
,,-0.44425,0.296419,,,All
,,-0.444163,0.296675,,,All
,,-0.443793,0.296931,,,All
,,-0.443294,0.297187,,,All
,,-0.44323,0.297442,,,All
,,-0.442974,0.297698,,,All
,,-0.44294,0.297954,,,All
,,-0.442482,0.29821,,,All
,,-0.441587,0.298465,,,All
,,-0.441319,0.298721,,,All
,,-0.441161,0.298977,,,All
,,-0.43763,0.299233,,,All
,,-0.4375,0.299488,,,All
,,-0.435664,0.299744,,,All
,,-0.435361,0.3,,,All
,,-0.433235,0.300256,,,All
,,-0.432854,0.300512,,,All
,,-0.429703,0.300767,,,All
,,-0.429656,0.301023,,,All
,,-0.429517,0.301279,,,All
,,-0.429392,0.301535,,,All
,,-0.429084,0.30179,,,All
,,-0.4288,0.302046,,,All
,,-0.42845,0.302302,,,All
,,-0.427492,0.302558,,,All
,,-0.426878,0.302813,,,All
,,-0.426351,0.303069,,,All
,,-0.424139,0.303325,,,All
,,-0.422759,0.303581,,,All
,,-0.422559,0.303836,,,All
,,-0.421671,0.304092,,,All
,,-0.420859,0.304348,,,All
,,-0.419974,0.304604,,,All
,,-0.419245,0.304859,,,All
,,-0.418741,0.305115,,,All
,,-0.414387,0.305371,,,All
,,-0.414071,0.305627,,,All
,,-0.413622,0.305882,,,All
,,-0.412871,0.306138,,,All
,,-0.412539,0.306394,,,All
,,-0.412505,0.30665,,,All
,,-0.412238,0.306905,,,All
,,-0.41118,0.307161,,,All
,,-0.409893,0.307417,,,All
,,-0.409341,0.307673,,,All
,,-0.405524,0.307928,,,All
,,-0.404922,0.308184,,,All
,,-0.403334,0.30844,,,All
,,-0.403191,0.308696,,,All
,,-0.40296,0.308951,,,All
,,-0.402533,0.309207,,,All
,,-0.402165,0.309463,,,All
,,-0.400789,0.309719,,,All
,,-0.399541,0.309974,,,All
,,-0.399033,0.31023,,,All
,,-0.398037,0.310486,,,All
,,-0.39771,0.310742,,,All
,,-0.397611,0.310997,,,All
,,-0.396996,0.311253,,,All
,,-0.396756,0.311509,,,All
,,-0.396177,0.311765,,,All
,,-0.393755,0.31202,,,All
,,-0.39186,0.312276,,,All
,,-0.391218,0.312532,,,All
,,-0.390876,0.312788,,,All
,,-0.390534,0.313043,,,All
,,-0.388003,0.313299,,,All
,,-0.387521,0.313555,,,All
,,-0.385783,0.313811,,,All
,,-0.385573,0.314066,,,All
,,-0.385165,0.314322,,,All
,,-0.383975,0.314578,,,All
,,-0.383919,0.314834,,,All
,,-0.382675,0.31509,,,All
,,-0.382092,0.315345,,,All
,,-0.381791,0.315601,,,All
,,-0.381471,0.315857,,,All
,,-0.380923,0.316113,,,All
,,-0.380463,0.316368,,,All
,,-0.37935,0.316624,,,All
,,-0.379223,0.31688,,,All
,,-0.378555,0.317136,,,All
,,-0.377465,0.317391,,,All
,,-0.377071,0.317647,,,All
,,-0.376453,0.317903,,,All
,,-0.375857,0.318159,,,All
,,-0.374341,0.318414,,,All
,,-0.374127,0.31867,,,All
,,-0.372628,0.318926,,,All
,,-0.371548,0.319182,,,All
,,-0.37143,0.319437,,,All
,,-0.370277,0.319693,,,All
,,-0.369643,0.319949,,,All
,,-0.369377,0.320205,,,All
,,-0.369012,0.32046,,,All
,,-0.367546,0.320716,,,All
,,-0.365449,0.320972,,,All
,,-0.363283,0.321228,,,All
,,-0.363252,0.321483,,,All
,,-0.362963,0.321739,,,All
,,-0.361826,0.321995,,,All
,,-0.360315,0.322251,,,All
,,-0.359795,0.322506,,,All
,,-0.359624,0.322762,,,All
,,-0.357288,0.323018,,,All
,,-0.356682,0.323274,,,All
,,-0.356274,0.323529,,,All
,,-0.3541,0.323785,,,All
,,-0.353987,0.324041,,,All
,,-0.351675,0.324297,,,All
,,-0.351409,0.324552,,,All
,,-0.351198,0.324808,,,All
,,-0.349884,0.325064,,,All
,,-0.349319,0.32532,,,All
,,-0.348645,0.325575,,,All
,,-0.346789,0.325831,,,All
,,-0.346404,0.326087,,,All
,,-0.346321,0.326343,,,All
,,-0.346166,0.326598,,,All
,,-0.345681,0.326854,,,All
,,-0.345592,0.32711,,,All
,,-0.345355,0.327366,,,All
,,-0.345002,0.327621,,,All
,,-0.343373,0.327877,,,All
,,-0.342927,0.328133,,,All
,,-0.342232,0.328389,,,All
,,-0.342158,0.328645,,,All
,,-0.341764,0.3289,,,All
,,-0.340503,0.329156,,,All
,,-0.339976,0.329412,,,All
,,-0.338284,0.329668,,,All
,,-0.337418,0.329923,,,All
,,-0.337326,0.330179,,,All
,,-0.337242,0.330435,,,All
,,-0.336944,0.330691,,,All
,,-0.335152,0.330946,,,All
,,-0.33341,0.331202,,,All
,,-0.331265,0.331458,,,All
,,-0.33085,0.331714,,,All
,,-0.330751,0.331969,,,All
,,-0.330358,0.332225,,,All
,,-0.327356,0.332481,,,All
,,-0.3273,0.332737,,,All
,,-0.325765,0.332992,,,All
,,-0.325021,0.333248,,,All
,,-0.321576,0.333504,,,All
,,-0.3211,0.33376,,,All
,,-0.319921,0.334015,,,All
,,-0.318539,0.334271,,,All
,,-0.318002,0.334527,,,All
,,-0.317772,0.334783,,,All
,,-0.316874,0.335038,,,All
,,-0.316683,0.335294,,,All
,,-0.316647,0.33555,,,All
,,-0.316539,0.335806,,,All
,,-0.316036,0.336061,,,All
,,-0.31533,0.336317,,,All
,,-0.313773,0.336573,,,All
,,-0.31314,0.336829,,,All
,,-0.312063,0.337084,,,All
,,-0.311564,0.33734,,,All
,,-0.311462,0.337596,,,All
,,-0.308881,0.337852,,,All
,,-0.308482,0.338107,,,All
,,-0.307876,0.338363,,,All
,,-0.307562,0.338619,,,All
,,-0.307403,0.338875,,,All
,,-0.306675,0.33913,,,All
,,-0.306371,0.339386,,,All
,,-0.304579,0.339642,,,All
,,-0.30447,0.339898,,,All
,,-0.303586,0.340153,,,All
,,-0.303018,0.340409,,,All
,,-0.30235,0.340665,,,All
,,-0.302177,0.340921,,,All
,,-0.299586,0.341176,,,All
,,-0.299389,0.341432,,,All
,,-0.298623,0.341688,,,All
,,-0.296687,0.341944,,,All
,,-0.295873,0.342199,,,All
,,-0.295803,0.342455,,,All
,,-0.29522,0.342711,,,All
,,-0.29474,0.342967,,,All
,,-0.294697,0.343223,,,All
,,-0.293307,0.343478,,,All
,,-0.292675,0.343734,,,All
,,-0.291572,0.34399,,,All
,,-0.291394,0.344246,,,All
,,-0.289854,0.344501,,,All
,,-0.288903,0.344757,,,All
,,-0.287972,0.345013,,,All
,,-0.286812,0.345269,,,All
,,-0.286632,0.345524,,,All
,,-0.286397,0.34578,,,All
,,-0.285473,0.346036,,,All
,,-0.284949,0.346292,,,All
,,-0.284717,0.346547,,,All
,,-0.283594,0.346803,,,All
,,-0.283469,0.347059,,,All
,,-0.281323,0.347315,,,All
,,-0.279659,0.34757,,,All
,,-0.278876,0.347826,,,All
,,-0.275965,0.348082,,,All
,,-0.274031,0.348338,,,All
,,-0.27351,0.348593,,,All
,,-0.272105,0.348849,,,All
,,-0.270786,0.349105,,,All
,,-0.270511,0.349361,,,All
,,-0.270193,0.349616,,,All
,,-0.269822,0.349872,,,All
,,-0.269807,0.350128,,,All
,,-0.268859,0.350384,,,All
,,-0.268048,0.350639,,,All
,,-0.267148,0.350895,,,All
,,-0.26665,0.351151,,,All
,,-0.266221,0.351407,,,All
,,-0.26116,0.351662,,,All
,,-0.26088,0.351918,,,All
,,-0.259203,0.352174,,,All
,,-0.258866,0.35243,,,All
,,-0.258809,0.352685,,,All
,,-0.25861,0.352941,,,All
,,-0.258406,0.353197,,,All
,,-0.258345,0.353453,,,All
,,-0.257314,0.353708,,,All
,,-0.255926,0.353964,,,All
,,-0.255804,0.35422,,,All
,,-0.25531,0.354476,,,All
,,-0.255076,0.354731,,,All
,,-0.254228,0.354987,,,All
,,-0.252689,0.355243,,,All
,,-0.251514,0.355499,,,All
,,-0.250345,0.355754,,,All
,,-0.250185,0.35601,,,All
,,-0.249811,0.356266,,,All
,,-0.248699,0.356522,,,All
,,-0.246151,0.356777,,,All
,,-0.244207,0.357033,,,All
,,-0.244124,0.357289,,,All
,,-0.24403,0.357545,,,All
,,-0.243962,0.357801,,,All
,,-0.243596,0.358056,,,All
,,-0.243502,0.358312,,,All
,,-0.242733,0.358568,,,All
,,-0.2424,0.358824,,,All
,,-0.241372,0.359079,,,All
,,-0.239338,0.359335,,,All
,,-0.239196,0.359591,,,All
,,-0.238579,0.359847,,,All
,,-0.238174,0.360102,,,All
,,-0.237818,0.360358,,,All
,,-0.237765,0.360614,,,All
,,-0.236892,0.36087,,,All
,,-0.236866,0.361125,,,All
,,-0.235459,0.361381,,,All
,,-0.235307,0.361637,,,All
,,-0.234879,0.361893,,,All
,,-0.233467,0.362148,,,All
,,-0.23304,0.362404,,,All
,,-0.232704,0.36266,,,All
,,-0.2326,0.362916,,,All
,,-0.232535,0.363171,,,All
,,-0.232244,0.363427,,,All
,,-0.231915,0.363683,,,All
,,-0.229882,0.363939,,,All
,,-0.22901,0.364194,,,All
,,-0.228996,0.36445,,,All
,,-0.227196,0.364706,,,All
,,-0.227109,0.364962,,,All
,,-0.225764,0.365217,,,All
,,-0.225166,0.365473,,,All
,,-0.224985,0.365729,,,All
,,-0.224738,0.365985,,,All
,,-0.223626,0.36624,,,All
,,-0.223209,0.366496,,,All
,,-0.223066,0.366752,,,All
,,-0.222502,0.367008,,,All
,,-0.220576,0.367263,,,All
,,-0.220306,0.367519,,,All
,,-0.219864,0.367775,,,All
,,-0.2185,0.368031,,,All
,,-0.217045,0.368286,,,All
,,-0.216061,0.368542,,,All
,,-0.215635,0.368798,,,All
,,-0.21505,0.369054,,,All
,,-0.21474,0.369309,,,All
,,-0.21449,0.369565,,,All
,,-0.214214,0.369821,,,All
,,-0.212988,0.370077,,,All
,,-0.212973,0.370332,,,All
,,-0.210668,0.370588,,,All
,,-0.210265,0.370844,,,All
,,-0.210252,0.3711,,,All
,,-0.210027,0.371355,,,All
,,-0.209991,0.371611,,,All
,,-0.209578,0.371867,,,All
,,-0.20809,0.372123,,,All
,,-0.206773,0.372379,,,All
,,-0.205229,0.372634,,,All
,,-0.204039,0.37289,,,All
,,-0.203967,0.373146,,,All
,,-0.203211,0.373402,,,All
,,-0.202929,0.373657,,,All
,,-0.201008,0.373913,,,All
,,-0.199664,0.374169,,,All
,,-0.198613,0.374425,,,All
,,-0.198262,0.37468,,,All
,,-0.198165,0.374936,,,All
,,-0.198126,0.375192,,,All
,,-0.197665,0.375448,,,All
,,-0.19746,0.375703,,,All
,,-0.195406,0.375959,,,All
,,-0.194388,0.376215,,,All
,,-0.194295,0.376471,,,All
,,-0.193624,0.376726,,,All
,,-0.192842,0.376982,,,All
,,-0.192144,0.377238,,,All
,,-0.192053,0.377494,,,All
,,-0.191478,0.377749,,,All
,,-0.191233,0.378005,,,All
,,-0.190976,0.378261,,,All
,,-0.189778,0.378517,,,All
,,-0.188923,0.378772,,,All
,,-0.188897,0.379028,,,All
,,-0.188172,0.379284,,,All
,,-0.187274,0.37954,,,All
,,-0.187113,0.379795,,,All
,,-0.186829,0.380051,,,All
,,-0.186676,0.380307,,,All
,,-0.182924,0.380563,,,All
,,-0.181665,0.380818,,,All
,,-0.180737,0.381074,,,All
,,-0.180673,0.38133,,,All
,,-0.180208,0.381586,,,All
,,-0.178305,0.381841,,,All
,,-0.176945,0.382097,,,All
,,-0.1753,0.382353,,,All
,,-0.175281,0.382609,,,All
,,-0.175135,0.382864,,,All
,,-0.175094,0.38312,,,All
,,-0.174566,0.383376,,,All
,,-0.174103,0.383632,,,All
,,-0.173116,0.383887,,,All
,,-0.173099,0.384143,,,All
,,-0.172605,0.384399,,,All
,,-0.172144,0.384655,,,All
,,-0.171458,0.38491,,,All
,,-0.171144,0.385166,,,All
,,-0.170561,0.385422,,,All
,,-0.169432,0.385678,,,All
,,-0.168347,0.385934,,,All
,,-0.168119,0.386189,,,All
,,-0.165586,0.386445,,,All
,,-0.165387,0.386701,,,All
,,-0.164837,0.386957,,,All
,,-0.164178,0.387212,,,All
,,-0.16402,0.387468,,,All
,,-0.163903,0.387724,,,All
,,-0.16317,0.38798,,,All
,,-0.163052,0.388235,,,All
,,-0.161974,0.388491,,,All
,,-0.161045,0.388747,,,All
,,-0.16016,0.389003,,,All
,,-0.160029,0.389258,,,All
,,-0.158861,0.389514,,,All
,,-0.157438,0.38977,,,All
,,-0.157107,0.390026,,,All
,,-0.155468,0.390281,,,All
,,-0.154685,0.390537,,,All
,,-0.153932,0.390793,,,All
,,-0.152933,0.391049,,,All
,,-0.152622,0.391304,,,All
,,-0.152304,0.39156,,,All
,,-0.151859,0.391816,,,All
,,-0.151512,0.392072,,,All
,,-0.149583,0.392327,,,All
,,-0.149252,0.392583,,,All
,,-0.149029,0.392839,,,All
,,-0.148186,0.393095,,,All
,,-0.146427,0.39335,,,All
,,-0.144175,0.393606,,,All
,,-0.143353,0.393862,,,All
,,-0.142878,0.394118,,,All
,,-0.14141,0.394373,,,All
,,-0.140779,0.394629,,,All
,,-0.139952,0.394885,,,All
,,-0.139673,0.395141,,,All
,,-0.139173,0.395396,,,All
,,-0.138745,0.395652,,,All
,,-0.138536,0.395908,,,All
,,-0.138509,0.396164,,,All
,,-0.136562,0.396419,,,All
,,-0.135676,0.396675,,,All
,,-0.135656,0.396931,,,All
,,-0.135444,0.397187,,,All
,,-0.135048,0.397442,,,All
,,-0.134979,0.397698,,,All
,,-0.134906,0.397954,,,All
,,-0.134841,0.39821,,,All
,,-0.134251,0.398465,,,All
,,-0.133254,0.398721,,,All
,,-0.133174,0.398977,,,All
,,-0.133098,0.399233,,,All
,,-0.132574,0.399488,,,All
,,-0.131864,0.399744,,,All
,,-0.13175,0.4,,,All
,,-0.130178,0.400256,,,All
,,-0.129979,0.400512,,,All
,,-0.128802,0.400767,,,All
,,-0.127764,0.401023,,,All
,,-0.127751,0.401279,,,All
,,-0.127471,0.401535,,,All
,,-0.126225,0.40179,,,All
,,-0.122996,0.402046,,,All
,,-0.122279,0.402302,,,All
,,-0.121757,0.402558,,,All
,,-0.120947,0.402813,,,All
,,-0.119767,0.403069,,,All
,,-0.117986,0.403325,,,All
,,-0.117531,0.403581,,,All
,,-0.117063,0.403836,,,All
,,-0.116899,0.404092,,,All
,,-0.115715,0.404348,,,All
,,-0.115204,0.404604,,,All
,,-0.114033,0.404859,,,All
,,-0.113582,0.405115,,,All
,,-0.113225,0.405371,,,All
,,-0.112391,0.405627,,,All
,,-0.112314,0.405882,,,All
,,-0.112177,0.406138,,,All
,,-0.111666,0.406394,,,All
,,-0.111058,0.40665,,,All
,,-0.110652,0.406905,,,All
,,-0.110401,0.407161,,,All
,,-0.110179,0.407417,,,All
,,-0.108643,0.407673,,,All
,,-0.108107,0.407928,,,All
,,-0.107506,0.408184,,,All
,,-0.107459,0.40844,,,All
,,-0.105651,0.408696,,,All
,,-0.104807,0.408951,,,All
,,-0.10171,0.409207,,,All
,,-0.100658,0.409463,,,All
,,-0.0997267,0.409719,,,All
,,-0.0989926,0.409974,,,All
,,-0.0986876,0.41023,,,All
,,-0.0986446,0.410486,,,All
,,-0.0982937,0.410742,,,All
,,-0.098048,0.410997,,,All
,,-0.0976762,0.411253,,,All
,,-0.0974462,0.411509,,,All
,,-0.0972866,0.411765,,,All
,,-0.0972751,0.41202,,,All
,,-0.0969658,0.412276,,,All
,,-0.0967715,0.412532,,,All
,,-0.0966314,0.412788,,,All
,,-0.0961867,0.413043,,,All
,,-0.0960648,0.413299,,,All
,,-0.0955688,0.413555,,,All
,,-0.0941603,0.413811,,,All
,,-0.0932456,0.414066,,,All
,,-0.0929233,0.414322,,,All
,,-0.0922661,0.414578,,,All
,,-0.0918267,0.414834,,,All
,,-0.0911401,0.41509,,,All
,,-0.0908972,0.415345,,,All
,,-0.0904847,0.415601,,,All
,,-0.0898373,0.415857,,,All
,,-0.0896692,0.416113,,,All
,,-0.0896162,0.416368,,,All
,,-0.0892187,0.416624,,,All
,,-0.0888203,0.41688,,,All
,,-0.0880975,0.417136,,,All
,,-0.0860022,0.417391,,,All
,,-0.0844086,0.417647,,,All
,,-0.0840317,0.417903,,,All
,,-0.0820953,0.418159,,,All
,,-0.0811282,0.418414,,,All
,,-0.0805635,0.41867,,,All
,,-0.0799233,0.418926,,,All
,,-0.0797104,0.419182,,,All
,,-0.0793598,0.419437,,,All
,,-0.0787473,0.419693,,,All
,,-0.0780808,0.419949,,,All
,,-0.0778604,0.420205,,,All
,,-0.0774426,0.42046,,,All
,,-0.0772689,0.420716,,,All
,,-0.0769986,0.420972,,,All
,,-0.0769508,0.421228,,,All
,,-0.0745893,0.421483,,,All
,,-0.0745734,0.421739,,,All
,,-0.0736445,0.421995,,,All
,,-0.0734197,0.422251,,,All
,,-0.0719116,0.422506,,,All
,,-0.0716748,0.422762,,,All
,,-0.0707994,0.423018,,,All
,,-0.0701399,0.423274,,,All
,,-0.0699293,0.423529,,,All
,,-0.0697416,0.423785,,,All
,,-0.068821,0.424041,,,All
,,-0.0683162,0.424297,,,All
,,-0.0674273,0.424552,,,All
,,-0.0668314,0.424808,,,All
,,-0.0658219,0.425064,,,All
,,-0.0657973,0.42532,,,All
,,-0.0656669,0.425575,,,All
,,-0.0652256,0.425831,,,All
,,-0.0643958,0.426087,,,All
,,-0.0639038,0.426343,,,All
,,-0.062824,0.426598,,,All
,,-0.0623889,0.426854,,,All
,,-0.0610712,0.42711,,,All
,,-0.0591367,0.427366,,,All
,,-0.0581122,0.427621,,,All
,,-0.0563361,0.427877,,,All
,,-0.0528914,0.428133,,,All
,,-0.0528033,0.428389,,,All
,,-0.0523911,0.428645,,,All
,,-0.0517234,0.4289,,,All
,,-0.0508188,0.429156,,,All
,,-0.0500928,0.429412,,,All
,,-0.0499555,0.429668,,,All
,,-0.0495593,0.429923,,,All
,,-0.0490961,0.430179,,,All
,,-0.0480735,0.430435,,,All
,,-0.0480646,0.430691,,,All
,,-0.0479982,0.430946,,,All
,,-0.0479808,0.431202,,,All
,,-0.0477889,0.431458,,,All
,,-0.047243,0.431714,,,All
,,-0.0467649,0.431969,,,All
,,-0.0466268,0.432225,,,All
,,-0.044948,0.432481,,,All
,,-0.0446463,0.432737,,,All
,,-0.0439899,0.432992,,,All
,,-0.0430663,0.433248,,,All
,,-0.0429544,0.433504,,,All
,,-0.0419231,0.43376,,,All
,,-0.0417424,0.434015,,,All
,,-0.0410573,0.434271,,,All
,,-0.0404798,0.434527,,,All
,,-0.0402522,0.434783,,,All
,,-0.0391808,0.435038,,,All
,,-0.0390444,0.435294,,,All
,,-0.0389449,0.43555,,,All
,,-0.038315,0.435806,,,All
,,-0.0380541,0.436061,,,All
,,-0.0377829,0.436317,,,All
,,-0.0370012,0.436573,,,All
,,-0.0365569,0.436829,,,All
,,-0.0358111,0.437084,,,All
,,-0.0355984,0.43734,,,All
,,-0.0345462,0.437596,,,All
,,-0.0330411,0.437852,,,All
,,-0.0324634,0.438107,,,All
,,-0.0322674,0.438363,,,All
,,-0.0312257,0.438619,,,All
,,-0.0309456,0.438875,,,All
,,-0.0304585,0.43913,,,All
,,-0.0299516,0.439386,,,All
,,-0.0285782,0.439642,,,All
,,-0.028543,0.439898,,,All
,,-0.0284235,0.440153,,,All
,,-0.0270228,0.440409,,,All
,,-0.0262093,0.440665,,,All
,,-0.0249215,0.440921,,,All
,,-0.0247197,0.441176,,,All
,,-0.0242852,0.441432,,,All
,,-0.023755,0.441688,,,All
,,-0.0236661,0.441944,,,All
,,-0.0236201,0.442199,,,All
,,-0.0233375,0.442455,,,All
,,-0.0229284,0.442711,,,All
,,-0.0228701,0.442967,,,All
,,-0.0224101,0.443223,,,All
,,-0.0222145,0.443478,,,All
,,-0.0214811,0.443734,,,All
,,-0.0211104,0.44399,,,All
,,-0.0198408,0.444246,,,All
,,-0.0185698,0.444501,,,All
,,-0.017874,0.444757,,,All
,,-0.0178382,0.445013,,,All
,,-0.0169266,0.445269,,,All
,,-0.0168159,0.445524,,,All
,,-0.0162742,0.44578,,,All
,,-0.0161041,0.446036,,,All
,,-0.0155222,0.446292,,,All
,,-0.0150894,0.446547,,,All
,,-0.0147803,0.446803,,,All
,,-0.0142566,0.447059,,,All
,,-0.0134474,0.447315,,,All
,,-0.0133823,0.44757,,,All
,,-0.0130023,0.447826,,,All
,,-0.0123632,0.448082,,,All
,,-0.0123115,0.448338,,,All
,,-0.0122736,0.448593,,,All
,,-0.0113906,0.448849,,,All
,,-0.0113715,0.449105,,,All
,,-0.0101053,0.449361,,,All
,,-0.00975551,0.449616,,,All
,,-0.00972782,0.449872,,,All
,,-0.00801281,0.450128,,,All
,,-0.00764344,0.450384,,,All
,,-0.00662308,0.450639,,,All
,,-0.00529896,0.450895,,,All
,,-0.00418782,0.451151,,,All
,,-0.00267471,0.451407,,,All
,,-0.00242425,0.451662,,,All
,,-0.00176033,0.451918,,,All
,,-0.00155151,0.452174,,,All
,,-0.00145775,0.45243,,,All
,,-0.00101645,0.452685,,,All
,,-0.000537155,0.452941,,,All
,,-0.000229392,0.453197,,,All
,,-0.0001081,0.453453,,,All
,,9.2771e-05,0.453708,,,All
,,0.000401507,0.453964,,,All
,,0.000979491,0.45422,,,All
,,0.0017033,0.454476,,,All
,,0.00173608,0.454731,,,All
,,0.00272912,0.454987,,,All
,,0.00284367,0.455243,,,All
,,0.00288579,0.455499,,,All
,,0.0031989,0.455754,,,All
,,0.00328293,0.45601,,,All
,,0.00380461,0.456266,,,All
,,0.00387952,0.456522,,,All
,,0.00397774,0.456777,,,All
,,0.00437631,0.457033,,,All
,,0.00451855,0.457289,,,All
,,0.00491629,0.457545,,,All
,,0.00495978,0.457801,,,All
,,0.00505613,0.458056,,,All
,,0.00568268,0.458312,,,All
,,0.00607198,0.458568,,,All
,,0.00622732,0.458824,,,All
,,0.00695231,0.459079,,,All
,,0.00741849,0.459335,,,All
,,0.0077089,0.459591,,,All
,,0.00808226,0.459847,,,All
,,0.00892594,0.460102,,,All
,,0.00921206,0.460358,,,All
,,0.00947359,0.460614,,,All
,,0.0095434,0.46087,,,All
,,0.0104454,0.461125,,,All
,,0.011828,0.461381,,,All
,,0.0120206,0.461637,,,All
,,0.0133752,0.461893,,,All
,,0.0136703,0.462148,,,All
,,0.0145287,0.462404,,,All
,,0.0145861,0.46266,,,All
,,0.0147511,0.462916,,,All
,,0.0164252,0.463171,,,All
,,0.0170666,0.463427,,,All
,,0.0174227,0.463683,,,All
,,0.0183573,0.463939,,,All
,,0.0185734,0.464194,,,All
,,0.0201441,0.46445,,,All
,,0.0212527,0.464706,,,All
,,0.0214335,0.464962,,,All
,,0.0221459,0.465217,,,All
,,0.02252,0.465473,,,All
,,0.0231071,0.465729,,,All
,,0.0238029,0.465985,,,All
,,0.0241606,0.46624,,,All
,,0.0245385,0.466496,,,All
,,0.0245542,0.466752,,,All
,,0.0250035,0.467008,,,All
,,0.0261327,0.467263,,,All
,,0.0269295,0.467519,,,All
,,0.0269988,0.467775,,,All
,,0.0277362,0.468031,,,All
,,0.0277654,0.468286,,,All
,,0.0282269,0.468542,,,All
,,0.0282995,0.468798,,,All
,,0.0287096,0.469054,,,All
,,0.0297448,0.469309,,,All
,,0.0311475,0.469565,,,All
,,0.0336703,0.469821,,,All
,,0.0338728,0.470077,,,All
,,0.034319,0.470332,,,All
,,0.0343275,0.470588,,,All
,,0.0348473,0.470844,,,All
,,0.0350251,0.4711,,,All
,,0.0352491,0.471355,,,All
,,0.0354149,0.471611,,,All
,,0.0356667,0.471867,,,All
,,0.0363392,0.472123,,,All
,,0.0369192,0.472379,,,All
,,0.0374084,0.472634,,,All
,,0.0377438,0.47289,,,All
,,0.0385361,0.473146,,,All
,,0.0387804,0.473402,,,All
,,0.0389325,0.473657,,,All
,,0.0393373,0.473913,,,All
,,0.0395,0.474169,,,All
,,0.0395197,0.474425,,,All
,,0.0400836,0.47468,,,All
,,0.0411747,0.474936,,,All
,,0.0419426,0.475192,,,All
,,0.0421636,0.475448,,,All
,,0.0422817,0.475703,,,All
,,0.0424313,0.475959,,,All
,,0.0427869,0.476215,,,All
,,0.043005,0.476471,,,All
,,0.0435504,0.476726,,,All
,,0.043617,0.476982,,,All
,,0.0460345,0.477238,,,All
,,0.0470191,0.477494,,,All
,,0.0480004,0.477749,,,All
,,0.0482185,0.478005,,,All
,,0.0490745,0.478261,,,All
,,0.0500846,0.478517,,,All
,,0.0508553,0.478772,,,All
,,0.0510436,0.479028,,,All
,,0.0510763,0.479284,,,All
,,0.0512722,0.47954,,,All
,,0.0516674,0.479795,,,All
,,0.0525504,0.480051,,,All
,,0.0546165,0.480307,,,All
,,0.0547236,0.480563,,,All
,,0.05697,0.480818,,,All
,,0.0570311,0.481074,,,All
,,0.0573831,0.48133,,,All
,,0.057775,0.481586,,,All
,,0.0578008,0.481841,,,All
,,0.0581338,0.482097,,,All
,,0.0602788,0.482353,,,All
,,0.0609995,0.482609,,,All
,,0.0610446,0.482864,,,All
,,0.0612911,0.48312,,,All
,,0.0618846,0.483376,,,All
,,0.0621948,0.483632,,,All
,,0.0623525,0.483887,,,All
,,0.0625877,0.484143,,,All
,,0.0627611,0.484399,,,All
,,0.0628716,0.484655,,,All
,,0.0639336,0.48491,,,All
,,0.0645272,0.485166,,,All
,,0.065889,0.485422,,,All
,,0.0660319,0.485678,,,All
,,0.0661595,0.485934,,,All
,,0.0673753,0.486189,,,All
,,0.0675006,0.486445,,,All
,,0.0684933,0.486701,,,All
,,0.0685025,0.486957,,,All
,,0.0687071,0.487212,,,All
,,0.0690737,0.487468,,,All
,,0.0691514,0.487724,,,All
,,0.0693813,0.48798,,,All
,,0.0699847,0.488235,,,All
,,0.0700219,0.488491,,,All
,,0.0703369,0.488747,,,All
,,0.070363,0.489003,,,All
,,0.0708535,0.489258,,,All
,,0.0727734,0.489514,,,All
,,0.074189,0.48977,,,All
,,0.0744188,0.490026,,,All
,,0.074895,0.490281,,,All
,,0.0754252,0.490537,,,All
,,0.0755771,0.490793,,,All
,,0.0759256,0.491049,,,All
,,0.0766999,0.491304,,,All
,,0.0777028,0.49156,,,All
,,0.0778017,0.491816,,,All
,,0.0778679,0.492072,,,All
,,0.078214,0.492327,,,All
,,0.0786847,0.492583,,,All
,,0.0795898,0.492839,,,All
,,0.0796765,0.493095,,,All
,,0.0803396,0.49335,,,All
,,0.0808998,0.493606,,,All
,,0.081278,0.493862,,,All
,,0.0819091,0.494118,,,All
,,0.0836697,0.494373,,,All
,,0.0844982,0.494629,,,All
,,0.0846641,0.494885,,,All
,,0.085074,0.495141,,,All
,,0.085182,0.495396,,,All
,,0.0854388,0.495652,,,All
,,0.0855105,0.495908,,,All
,,0.0862322,0.496164,,,All
,,0.0863883,0.496419,,,All
,,0.0875245,0.496675,,,All
,,0.0881848,0.496931,,,All
,,0.0882225,0.497187,,,All
,,0.0882974,0.497442,,,All
,,0.0885478,0.497698,,,All
,,0.0886567,0.497954,,,All
,,0.088818,0.49821,,,All
,,0.0891569,0.498465,,,All
,,0.0898027,0.498721,,,All
,,0.0910704,0.498977,,,All
,,0.09186,0.499233,,,All
,,0.0931611,0.499488,,,All
,,0.0932751,0.499744,,,All
,,0.0935286,0.5,,,All
,,0.0940162,0.500256,,,All
,,0.0943391,0.500512,,,All
,,0.0947394,0.500767,,,All
,,0.0954361,0.501023,,,All
,,0.0967345,0.501279,,,All
,,0.0980052,0.501535,,,All
,,0.0981502,0.50179,,,All
,,0.099937,0.502046,,,All
,,0.0999912,0.502302,,,All
,,0.10046,0.502558,,,All
,,0.10123,0.502813,,,All
,,0.102179,0.503069,,,All
,,0.10254,0.503325,,,All
,,0.103249,0.503581,,,All
,,0.103518,0.503836,,,All
,,0.104269,0.504092,,,All
,,0.10534,0.504348,,,All
,,0.10723,0.504604,,,All
,,0.107852,0.504859,,,All
,,0.108107,0.505115,,,All
,,0.109173,0.505371,,,All
,,0.109841,0.505627,,,All
,,0.1116,0.505882,,,All
,,0.111698,0.506138,,,All
,,0.112272,0.506394,,,All
,,0.112671,0.50665,,,All
,,0.113505,0.506905,,,All
,,0.114421,0.507161,,,All
,,0.114587,0.507417,,,All
,,0.115529,0.507673,,,All
,,0.115871,0.507928,,,All
,,0.11675,0.508184,,,All
,,0.118255,0.50844,,,All
,,0.118391,0.508696,,,All
,,0.118452,0.508951,,,All
,,0.118574,0.509207,,,All
,,0.119277,0.509463,,,All
,,0.119592,0.509719,,,All
,,0.119608,0.509974,,,All
,,0.119858,0.51023,,,All
,,0.120298,0.510486,,,All
,,0.12059,0.510742,,,All
,,0.12218,0.510997,,,All
,,0.123899,0.511253,,,All
,,0.124242,0.511509,,,All
,,0.125049,0.511765,,,All
,,0.12536,0.51202,,,All
,,0.125397,0.512276,,,All
,,0.125765,0.512532,,,All
,,0.1261,0.512788,,,All
,,0.126754,0.513043,,,All
,,0.128801,0.513299,,,All
,,0.129042,0.513555,,,All
,,0.129945,0.513811,,,All
,,0.130262,0.514066,,,All
,,0.130263,0.514322,,,All
,,0.13056,0.514578,,,All
,,0.131313,0.514834,,,All
,,0.131545,0.51509,,,All
,,0.132234,0.515345,,,All
,,0.132523,0.515601,,,All
,,0.133143,0.515857,,,All
,,0.134101,0.516113,,,All
,,0.134473,0.516368,,,All
,,0.134827,0.516624,,,All
,,0.135883,0.51688,,,All
,,0.136182,0.517136,,,All
,,0.136812,0.517391,,,All
,,0.13732,0.517647,,,All
,,0.137626,0.517903,,,All
,,0.137636,0.518159,,,All
,,0.138293,0.518414,,,All
,,0.138397,0.51867,,,All
,,0.13879,0.518926,,,All
,,0.139501,0.519182,,,All
,,0.139799,0.519437,,,All
,,0.139827,0.519693,,,All
,,0.141005,0.519949,,,All
,,0.141106,0.520205,,,All
,,0.142188,0.52046,,,All
,,0.14242,0.520716,,,All
,,0.143543,0.520972,,,All
,,0.144005,0.521228,,,All
,,0.144308,0.521483,,,All
,,0.14438,0.521739,,,All
,,0.144403,0.521995,,,All
,,0.144776,0.522251,,,All
,,0.146993,0.522506,,,All
,,0.147101,0.522762,,,All
,,0.147174,0.523018,,,All
,,0.147382,0.523274,,,All
,,0.148317,0.523529,,,All
,,0.14875,0.523785,,,All
,,0.14879,0.524041,,,All
,,0.148913,0.524297,,,All
,,0.148996,0.524552,,,All
,,0.149141,0.524808,,,All
,,0.150069,0.525064,,,All
,,0.151827,0.52532,,,All
,,0.152994,0.525575,,,All
,,0.15317,0.525831,,,All
,,0.153349,0.526087,,,All
,,0.153483,0.526343,,,All
,,0.153625,0.526598,,,All
,,0.153973,0.526854,,,All
,,0.154394,0.52711,,,All
,,0.154416,0.527366,,,All
,,0.155161,0.527621,,,All
,,0.155649,0.527877,,,All
,,0.156431,0.528133,,,All
,,0.156539,0.528389,,,All
,,0.157891,0.528645,,,All
,,0.158258,0.5289,,,All
,,0.15991,0.529156,,,All
,,0.160409,0.529412,,,All
,,0.161258,0.529668,,,All
,,0.161654,0.529923,,,All
,,0.162155,0.530179,,,All
,,0.162454,0.530435,,,All
,,0.163147,0.530691,,,All
,,0.163669,0.530946,,,All
,,0.164174,0.531202,,,All
,,0.164261,0.531458,,,All
,,0.164328,0.531714,,,All
,,0.164581,0.531969,,,All
,,0.165485,0.532225,,,All
,,0.165544,0.532481,,,All
,,0.166104,0.532737,,,All
,,0.166321,0.532992,,,All
,,0.166343,0.533248,,,All
,,0.166654,0.533504,,,All
,,0.16666,0.53376,,,All
,,0.167726,0.534015,,,All
,,0.167827,0.534271,,,All
,,0.168002,0.534527,,,All
,,0.168063,0.534783,,,All
,,0.168285,0.535038,,,All
,,0.168351,0.535294,,,All
,,0.169751,0.53555,,,All
,,0.170925,0.535806,,,All
,,0.171135,0.536061,,,All
,,0.171662,0.536317,,,All
,,0.171956,0.536573,,,All
,,0.172127,0.536829,,,All
,,0.172587,0.537084,,,All
,,0.174639,0.53734,,,All
,,0.174982,0.537596,,,All
,,0.175429,0.537852,,,All
,,0.175521,0.538107,,,All
,,0.175529,0.538363,,,All
,,0.175815,0.538619,,,All
,,0.177357,0.538875,,,All
,,0.179822,0.53913,,,All
,,0.180318,0.539386,,,All
,,0.180611,0.539642,,,All
,,0.18148,0.539898,,,All
,,0.182425,0.540153,,,All
,,0.183892,0.540409,,,All
,,0.184823,0.540665,,,All
,,0.186045,0.540921,,,All
,,0.186926,0.541176,,,All
,,0.187247,0.541432,,,All
,,0.187356,0.541688,,,All
,,0.187867,0.541944,,,All
,,0.188245,0.542199,,,All
,,0.188755,0.542455,,,All
,,0.188871,0.542711,,,All
,,0.188881,0.542967,,,All
,,0.189232,0.543223,,,All
,,0.191478,0.543478,,,All
,,0.192191,0.543734,,,All
,,0.192262,0.54399,,,All
,,0.192277,0.544246,,,All
,,0.193886,0.544501,,,All
,,0.194088,0.544757,,,All
,,0.194166,0.545013,,,All
,,0.195896,0.545269,,,All
,,0.196559,0.545524,,,All
,,0.19674,0.54578,,,All
,,0.197494,0.546036,,,All
,,0.197574,0.546292,,,All
,,0.197751,0.546547,,,All
,,0.198085,0.546803,,,All
,,0.198775,0.547059,,,All
,,0.198808,0.547315,,,All
,,0.19916,0.54757,,,All
,,0.199175,0.547826,,,All
,,0.199485,0.548082,,,All
,,0.199615,0.548338,,,All
,,0.200193,0.548593,,,All
,,0.200421,0.548849,,,All
,,0.201784,0.549105,,,All
,,0.201897,0.549361,,,All
,,0.202177,0.549616,,,All
,,0.202474,0.549872,,,All
,,0.203398,0.550128,,,All
,,0.203608,0.550384,,,All
,,0.203634,0.550639,,,All
,,0.203668,0.550895,,,All
,,0.204172,0.551151,,,All
,,0.204393,0.551407,,,All
,,0.204703,0.551662,,,All
,,0.205186,0.551918,,,All
,,0.205783,0.552174,,,All
,,0.20639,0.55243,,,All
,,0.206409,0.552685,,,All
,,0.206838,0.552941,,,All
,,0.206875,0.553197,,,All
,,0.208232,0.553453,,,All
,,0.208518,0.553708,,,All
,,0.208989,0.553964,,,All
,,0.210164,0.55422,,,All
,,0.210258,0.554476,,,All
,,0.211364,0.554731,,,All
,,0.211867,0.554987,,,All
,,0.212322,0.555243,,,All
,,0.21257,0.555499,,,All
,,0.212731,0.555754,,,All
,,0.213259,0.55601,,,All
,,0.214215,0.556266,,,All
,,0.214394,0.556522,,,All
,,0.214772,0.556777,,,All
,,0.216556,0.557033,,,All
,,0.217823,0.557289,,,All
,,0.219854,0.557545,,,All
,,0.219964,0.557801,,,All
,,0.220361,0.558056,,,All
,,0.220452,0.558312,,,All
,,0.220957,0.558568,,,All
,,0.220981,0.558824,,,All
,,0.221034,0.559079,,,All
,,0.22166,0.559335,,,All
,,0.22412,0.559591,,,All
,,0.224414,0.559847,,,All
,,0.225361,0.560102,,,All
,,0.225516,0.560358,,,All
,,0.226421,0.560614,,,All
,,0.227387,0.56087,,,All
,,0.228146,0.561125,,,All
,,0.228703,0.561381,,,All
,,0.229048,0.561637,,,All
,,0.229313,0.561893,,,All
,,0.229342,0.562148,,,All
,,0.229837,0.562404,,,All
,,0.230214,0.56266,,,All
,,0.23034,0.562916,,,All
,,0.230544,0.563171,,,All
,,0.232208,0.563427,,,All
,,0.232254,0.563683,,,All
,,0.232806,0.563939,,,All
,,0.233401,0.564194,,,All
,,0.233446,0.56445,,,All
,,0.23398,0.564706,,,All
,,0.235773,0.564962,,,All
,,0.235776,0.565217,,,All
,,0.23621,0.565473,,,All
,,0.236231,0.565729,,,All
,,0.236428,0.565985,,,All
,,0.236455,0.56624,,,All
,,0.23676,0.566496,,,All
,,0.237979,0.566752,,,All
,,0.238879,0.567008,,,All
,,0.239256,0.567263,,,All
,,0.242254,0.567519,,,All
,,0.242561,0.567775,,,All
,,0.243565,0.568031,,,All
,,0.244164,0.568286,,,All
,,0.245341,0.568542,,,All
,,0.246924,0.568798,,,All
,,0.248119,0.569054,,,All
,,0.248462,0.569309,,,All
,,0.248776,0.569565,,,All
,,0.249093,0.569821,,,All
,,0.249362,0.570077,,,All
,,0.250418,0.570332,,,All
,,0.250966,0.570588,,,All
,,0.250968,0.570844,,,All
,,0.252073,0.5711,,,All
,,0.25255,0.571355,,,All
,,0.252567,0.571611,,,All
,,0.252941,0.571867,,,All
,,0.25296,0.572123,,,All
,,0.253018,0.572379,,,All
,,0.253048,0.572634,,,All
,,0.253334,0.57289,,,All
,,0.254503,0.573146,,,All
,,0.255775,0.573402,,,All
,,0.25704,0.573657,,,All
,,0.258132,0.573913,,,All
,,0.259006,0.574169,,,All
,,0.259566,0.574425,,,All
,,0.260103,0.57468,,,All
,,0.260612,0.574936,,,All
,,0.26089,0.575192,,,All
,,0.261196,0.575448,,,All
,,0.262073,0.575703,,,All
,,0.262356,0.575959,,,All
,,0.263181,0.576215,,,All
,,0.263658,0.576471,,,All
,,0.264068,0.576726,,,All
,,0.264074,0.576982,,,All
,,0.265174,0.577238,,,All
,,0.265725,0.577494,,,All
,,0.267274,0.577749,,,All
,,0.268206,0.578005,,,All
,,0.270013,0.578261,,,All
,,0.270471,0.578517,,,All
,,0.271281,0.578772,,,All
,,0.272026,0.579028,,,All
,,0.272795,0.579284,,,All
,,0.27303,0.57954,,,All
,,0.27347,0.579795,,,All
,,0.274074,0.580051,,,All
,,0.274109,0.580307,,,All
,,0.27576,0.580563,,,All
,,0.276647,0.580818,,,All
,,0.277152,0.581074,,,All
,,0.277823,0.58133,,,All
,,0.27815,0.581586,,,All
,,0.278309,0.581841,,,All
,,0.278882,0.582097,,,All
,,0.279427,0.582353,,,All
,,0.279686,0.582609,,,All
,,0.281409,0.582864,,,All
,,0.28168,0.58312,,,All
,,0.281934,0.583376,,,All
,,0.282367,0.583632,,,All
,,0.282469,0.583887,,,All
,,0.283329,0.584143,,,All
,,0.283682,0.584399,,,All
,,0.283935,0.584655,,,All
,,0.284466,0.58491,,,All
,,0.284526,0.585166,,,All
,,0.284669,0.585422,,,All
,,0.285897,0.585678,,,All
,,0.286082,0.585934,,,All
,,0.286125,0.586189,,,All
,,0.286138,0.586445,,,All
,,0.287555,0.586701,,,All
,,0.288414,0.586957,,,All
,,0.288589,0.587212,,,All
,,0.291147,0.587468,,,All
,,0.292547,0.587724,,,All
,,0.292671,0.58798,,,All
,,0.292901,0.588235,,,All
,,0.2931,0.588491,,,All
,,0.293775,0.588747,,,All
,,0.2941,0.589003,,,All
,,0.294766,0.589258,,,All
,,0.295026,0.589514,,,All
,,0.295216,0.58977,,,All
,,0.295525,0.590026,,,All
,,0.296099,0.590281,,,All
,,0.297087,0.590537,,,All
,,0.297247,0.590793,,,All
,,0.297268,0.591049,,,All
,,0.297516,0.591304,,,All
,,0.297906,0.59156,,,All
,,0.298726,0.591816,,,All
,,0.299387,0.592072,,,All
,,0.300038,0.592327,,,All
,,0.300909,0.592583,,,All
,,0.302352,0.592839,,,All
,,0.303323,0.593095,,,All
,,0.304253,0.59335,,,All
,,0.304475,0.593606,,,All
,,0.304697,0.593862,,,All
,,0.305988,0.594118,,,All
,,0.309343,0.594373,,,All
,,0.309722,0.594629,,,All
,,0.310152,0.594885,,,All
,,0.310836,0.595141,,,All
,,0.311665,0.595396,,,All
,,0.312095,0.595652,,,All
,,0.313697,0.595908,,,All
,,0.314004,0.596164,,,All
,,0.314169,0.596419,,,All
,,0.314769,0.596675,,,All
,,0.315822,0.596931,,,All
,,0.31619,0.597187,,,All
,,0.317108,0.597442,,,All
,,0.317257,0.597698,,,All
,,0.3173,0.597954,,,All
,,0.317398,0.59821,,,All
,,0.317633,0.598465,,,All
,,0.317706,0.598721,,,All
,,0.317757,0.598977,,,All
,,0.319147,0.599233,,,All
,,0.319524,0.599488,,,All
,,0.320667,0.599744,,,All
,,0.32096,0.6,,,All
,,0.321349,0.600256,,,All
,,0.321442,0.600512,,,All
,,0.323201,0.600767,,,All
,,0.323558,0.601023,,,All
,,0.324935,0.601279,,,All
,,0.325334,0.601535,,,All
,,0.325401,0.60179,,,All
,,0.326413,0.602046,,,All
,,0.326743,0.602302,,,All
,,0.327436,0.602558,,,All
,,0.327658,0.602813,,,All
,,0.327848,0.603069,,,All
,,0.32801,0.603325,,,All
,,0.328521,0.603581,,,All
,,0.330419,0.603836,,,All
,,0.330569,0.604092,,,All
,,0.330647,0.604348,,,All
,,0.330963,0.604604,,,All
,,0.331432,0.604859,,,All
,,0.332325,0.605115,,,All
,,0.333966,0.605371,,,All
,,0.334826,0.605627,,,All
,,0.334845,0.605882,,,All
,,0.335342,0.606138,,,All
,,0.335607,0.606394,,,All
,,0.335693,0.60665,,,All
,,0.336431,0.606905,,,All
,,0.33763,0.607161,,,All
,,0.338389,0.607417,,,All
,,0.338645,0.607673,,,All
,,0.339551,0.607928,,,All
,,0.340002,0.608184,,,All
,,0.340545,0.60844,,,All
,,0.340629,0.608696,,,All
,,0.341703,0.608951,,,All
,,0.341734,0.609207,,,All
,,0.341887,0.609463,,,All
,,0.34372,0.609719,,,All
,,0.344173,0.609974,,,All
,,0.344351,0.61023,,,All
,,0.344659,0.610486,,,All
,,0.345289,0.610742,,,All
,,0.345635,0.610997,,,All
,,0.345821,0.611253,,,All
,,0.346813,0.611509,,,All
,,0.34687,0.611765,,,All
,,0.347053,0.61202,,,All
,,0.347418,0.612276,,,All
,,0.347805,0.612532,,,All
,,0.348232,0.612788,,,All
,,0.3489,0.613043,,,All
,,0.349978,0.613299,,,All
,,0.350346,0.613555,,,All
,,0.350596,0.613811,,,All
,,0.35091,0.614066,,,All
,,0.351133,0.614322,,,All
,,0.352709,0.614578,,,All
,,0.352993,0.614834,,,All
,,0.353481,0.61509,,,All
,,0.354766,0.615345,,,All
,,0.355848,0.615601,,,All
,,0.35711,0.615857,,,All
,,0.358299,0.616113,,,All
,,0.358694,0.616368,,,All
,,0.359766,0.616624,,,All
,,0.360087,0.61688,,,All
,,0.361966,0.617136,,,All
,,0.36225,0.617391,,,All
,,0.362285,0.617647,,,All
,,0.36436,0.617903,,,All
,,0.364769,0.618159,,,All
,,0.365268,0.618414,,,All
,,0.365481,0.61867,,,All
,,0.365829,0.618926,,,All
,,0.367316,0.619182,,,All
,,0.36864,0.619437,,,All
,,0.370126,0.619693,,,All
,,0.370146,0.619949,,,All
,,0.370731,0.620205,,,All
,,0.371337,0.62046,,,All
,,0.371955,0.620716,,,All
,,0.372729,0.620972,,,All
,,0.372769,0.621228,,,All
,,0.373291,0.621483,,,All
,,0.374052,0.621739,,,All
,,0.374701,0.621995,,,All
,,0.375553,0.622251,,,All
,,0.375847,0.622506,,,All
,,0.376554,0.622762,,,All
,,0.376792,0.623018,,,All
,,0.377413,0.623274,,,All
,,0.377743,0.623529,,,All
,,0.377872,0.623785,,,All
,,0.377899,0.624041,,,All
,,0.380257,0.624297,,,All
,,0.381311,0.624552,,,All
,,0.382466,0.624808,,,All
,,0.382676,0.625064,,,All
,,0.382874,0.62532,,,All
,,0.38336,0.625575,,,All
,,0.384332,0.625831,,,All
,,0.384487,0.626087,,,All
,,0.386114,0.626343,,,All
,,0.387958,0.626598,,,All
,,0.388073,0.626854,,,All
,,0.388549,0.62711,,,All
,,0.388689,0.627366,,,All
,,0.388917,0.627621,,,All
,,0.390278,0.627877,,,All
,,0.390529,0.628133,,,All
,,0.391029,0.628389,,,All
,,0.391045,0.628645,,,All
,,0.391058,0.6289,,,All
,,0.391444,0.629156,,,All
,,0.392157,0.629412,,,All
,,0.39476,0.629668,,,All
,,0.394884,0.629923,,,All
,,0.395039,0.630179,,,All
,,0.395236,0.630435,,,All
,,0.395323,0.630691,,,All
,,0.395597,0.630946,,,All
,,0.395997,0.631202,,,All
,,0.396002,0.631458,,,All
,,0.39745,0.631714,,,All
,,0.397512,0.631969,,,All
,,0.397539,0.632225,,,All
,,0.398952,0.632481,,,All
,,0.399531,0.632737,,,All
,,0.400598,0.632992,,,All
,,0.401069,0.633248,,,All
,,0.401642,0.633504,,,All
,,0.401994,0.63376,,,All
,,0.402104,0.634015,,,All
,,0.402226,0.634271,,,All
,,0.402347,0.634527,,,All
,,0.40336,0.634783,,,All
,,0.40383,0.635038,,,All
,,0.404036,0.635294,,,All
,,0.40477,0.63555,,,All
,,0.4049,0.635806,,,All
,,0.40541,0.636061,,,All
,,0.405474,0.636317,,,All
,,0.406117,0.636573,,,All
,,0.406427,0.636829,,,All
,,0.407105,0.637084,,,All
,,0.407107,0.63734,,,All
,,0.40806,0.637596,,,All
,,0.408742,0.637852,,,All
,,0.409301,0.638107,,,All
,,0.409356,0.638363,,,All
,,0.4107,0.638619,,,All
,,0.411056,0.638875,,,All
,,0.411623,0.63913,,,All
,,0.411847,0.639386,,,All
,,0.41223,0.639642,,,All
,,0.412307,0.639898,,,All
,,0.412494,0.640153,,,All
,,0.413362,0.640409,,,All
,,0.413405,0.640665,,,All
,,0.413436,0.640921,,,All
,,0.413787,0.641176,,,All
,,0.414585,0.641432,,,All
,,0.41527,0.641688,,,All
,,0.415917,0.641944,,,All
,,0.415981,0.642199,,,All
,,0.416274,0.642455,,,All
,,0.416781,0.642711,,,All
,,0.416897,0.642967,,,All
,,0.417289,0.643223,,,All
,,0.418203,0.643478,,,All
,,0.418777,0.643734,,,All
,,0.418857,0.64399,,,All
,,0.419293,0.644246,,,All
,,0.41934,0.644501,,,All
,,0.419488,0.644757,,,All
,,0.420604,0.645013,,,All
,,0.421537,0.645269,,,All
,,0.421549,0.645524,,,All
,,0.422087,0.64578,,,All
,,0.423774,0.646036,,,All
,,0.423985,0.646292,,,All
,,0.425275,0.646547,,,All
,,0.425552,0.646803,,,All
,,0.426123,0.647059,,,All
,,0.426334,0.647315,,,All
,,0.426902,0.64757,,,All
,,0.427005,0.647826,,,All
,,0.42761,0.648082,,,All
,,0.428393,0.648338,,,All
,,0.428909,0.648593,,,All
,,0.428916,0.648849,,,All
,,0.428956,0.649105,,,All
,,0.428978,0.649361,,,All
,,0.429452,0.649616,,,All
,,0.430539,0.649872,,,All
,,0.432959,0.650128,,,All
,,0.434303,0.650384,,,All
,,0.43545,0.650639,,,All
,,0.436199,0.650895,,,All
,,0.437305,0.651151,,,All
,,0.437467,0.651407,,,All
,,0.440059,0.651662,,,All
,,0.440892,0.651918,,,All
,,0.441521,0.652174,,,All
,,0.441884,0.65243,,,All
,,0.443541,0.652685,,,All
,,0.443572,0.652941,,,All
,,0.446261,0.653197,,,All
,,0.447438,0.653453,,,All
,,0.448063,0.653708,,,All
,,0.448783,0.653964,,,All
,,0.44986,0.65422,,,All
,,0.450109,0.654476,,,All
,,0.450314,0.654731,,,All
,,0.450453,0.654987,,,All
,,0.450754,0.655243,,,All
,,0.450917,0.655499,,,All
,,0.451324,0.655754,,,All
,,0.451386,0.65601,,,All
,,0.45149,0.656266,,,All
,,0.451639,0.656522,,,All
,,0.452085,0.656777,,,All
,,0.452147,0.657033,,,All
,,0.453975,0.657289,,,All
,,0.454214,0.657545,,,All
,,0.454606,0.657801,,,All
,,0.45532,0.658056,,,All
,,0.455682,0.658312,,,All
,,0.456115,0.658568,,,All
,,0.456643,0.658824,,,All
,,0.456738,0.659079,,,All
,,0.458486,0.659335,,,All
,,0.458501,0.659591,,,All
,,0.460126,0.659847,,,All
,,0.461826,0.660102,,,All
,,0.462198,0.660358,,,All
,,0.462219,0.660614,,,All
,,0.462283,0.66087,,,All
,,0.462338,0.661125,,,All
,,0.462368,0.661381,,,All
,,0.463193,0.661637,,,All
,,0.463799,0.661893,,,All
,,0.465036,0.662148,,,All
,,0.465147,0.662404,,,All
,,0.465789,0.66266,,,All
,,0.466038,0.662916,,,All
,,0.466047,0.663171,,,All
,,0.466255,0.663427,,,All
,,0.466575,0.663683,,,All
,,0.466917,0.663939,,,All
,,0.467074,0.664194,,,All
,,0.467112,0.66445,,,All
,,0.467934,0.664706,,,All
,,0.468218,0.664962,,,All
,,0.468973,0.665217,,,All
,,0.470217,0.665473,,,All
,,0.470372,0.665729,,,All
,,0.470923,0.665985,,,All
,,0.471282,0.66624,,,All
,,0.471446,0.666496,,,All
,,0.471731,0.666752,,,All
,,0.471922,0.667008,,,All
,,0.471966,0.667263,,,All
,,0.472984,0.667519,,,All
,,0.474829,0.667775,,,All
,,0.475937,0.668031,,,All
,,0.47617,0.668286,,,All
,,0.478101,0.668542,,,All
,,0.478167,0.668798,,,All
,,0.478207,0.669054,,,All
,,0.478455,0.669309,,,All
,,0.478734,0.669565,,,All
,,0.481305,0.669821,,,All
,,0.481405,0.670077,,,All
,,0.481471,0.670332,,,All
,,0.482593,0.670588,,,All
,,0.482989,0.670844,,,All
,,0.483502,0.6711,,,All
,,0.48454,0.671355,,,All
,,0.48545,0.671611,,,All
,,0.485592,0.671867,,,All
,,0.486183,0.672123,,,All
,,0.487741,0.672379,,,All
,,0.487828,0.672634,,,All
,,0.488329,0.67289,,,All
,,0.488584,0.673146,,,All
,,0.489098,0.673402,,,All
,,0.489229,0.673657,,,All
,,0.489445,0.673913,,,All
,,0.489591,0.674169,,,All
,,0.490024,0.674425,,,All
,,0.490037,0.67468,,,All
,,0.490155,0.674936,,,All
,,0.490579,0.675192,,,All
,,0.490932,0.675448,,,All
,,0.491154,0.675703,,,All
,,0.49121,0.675959,,,All
,,0.49203,0.676215,,,All
,,0.49219,0.676471,,,All
,,0.494835,0.676726,,,All
,,0.494985,0.676982,,,All
,,0.495962,0.677238,,,All
,,0.498424,0.677494,,,All
,,0.498596,0.677749,,,All
,,0.498684,0.678005,,,All
,,0.499052,0.678261,,,All
,,0.499313,0.678517,,,All
,,0.49957,0.678772,,,All
,,0.499978,0.679028,,,All
,,0.500598,0.679284,,,All
,,0.501008,0.67954,,,All
,,0.501358,0.679795,,,All
,,0.501704,0.680051,,,All
,,0.502094,0.680307,,,All
,,0.502098,0.680563,,,All
,,0.505,0.680818,,,All
,,0.505506,0.681074,,,All
,,0.507645,0.68133,,,All
,,0.507759,0.681586,,,All
,,0.508064,0.681841,,,All
,,0.508373,0.682097,,,All
,,0.508675,0.682353,,,All
,,0.508737,0.682609,,,All
,,0.509318,0.682864,,,All
,,0.509984,0.68312,,,All
,,0.51001,0.683376,,,All
,,0.510343,0.683632,,,All
,,0.511129,0.683887,,,All
,,0.512452,0.684143,,,All
,,0.512489,0.684399,,,All
,,0.512559,0.684655,,,All
,,0.513068,0.68491,,,All
,,0.513714,0.685166,,,All
,,0.513719,0.685422,,,All
,,0.513753,0.685678,,,All
,,0.514161,0.685934,,,All
,,0.514985,0.686189,,,All
,,0.515348,0.686445,,,All
,,0.515586,0.686701,,,All
,,0.515716,0.686957,,,All
,,0.515961,0.687212,,,All
,,0.516142,0.687468,,,All
,,0.516147,0.687724,,,All
,,0.517793,0.68798,,,All
,,0.517864,0.688235,,,All
,,0.518252,0.688491,,,All
,,0.518498,0.688747,,,All
,,0.519326,0.689003,,,All
,,0.520104,0.689258,,,All
,,0.520472,0.689514,,,All
,,0.520728,0.68977,,,All
,,0.521098,0.690026,,,All
,,0.521939,0.690281,,,All
,,0.522152,0.690537,,,All
,,0.523385,0.690793,,,All
,,0.523461,0.691049,,,All
,,0.525949,0.691304,,,All
,,0.526805,0.69156,,,All
,,0.527411,0.691816,,,All
,,0.527571,0.692072,,,All
,,0.527792,0.692327,,,All
,,0.528973,0.692583,,,All
,,0.529017,0.692839,,,All
,,0.529215,0.693095,,,All
,,0.529393,0.69335,,,All
,,0.530067,0.693606,,,All
,,0.530124,0.693862,,,All
,,0.530616,0.694118,,,All
,,0.530801,0.694373,,,All
,,0.532024,0.694629,,,All
,,0.53219,0.694885,,,All
,,0.534315,0.695141,,,All
,,0.534378,0.695396,,,All
,,0.536104,0.695652,,,All
,,0.536431,0.695908,,,All
,,0.536994,0.696164,,,All
,,0.537,0.696419,,,All
,,0.537966,0.696675,,,All
,,0.538411,0.696931,,,All
,,0.539008,0.697187,,,All
,,0.540659,0.697442,,,All
,,0.540723,0.697698,,,All
,,0.541094,0.697954,,,All
,,0.541726,0.69821,,,All
,,0.542481,0.698465,,,All
,,0.542563,0.698721,,,All
,,0.54284,0.698977,,,All
,,0.542911,0.699233,,,All
,,0.542949,0.699488,,,All
,,0.543011,0.699744,,,All
,,0.543109,0.7,,,All
,,0.543515,0.700256,,,All
,,0.543778,0.700512,,,All
,,0.54486,0.700767,,,All
,,0.5455,0.701023,,,All
,,0.545757,0.701279,,,All
,,0.54671,0.701535,,,All
,,0.547259,0.70179,,,All
,,0.547866,0.702046,,,All
,,0.548424,0.702302,,,All
,,0.54889,0.702558,,,All
,,0.550513,0.702813,,,All
,,0.550521,0.703069,,,All
,,0.551804,0.703325,,,All
,,0.551867,0.703581,,,All
,,0.551872,0.703836,,,All
,,0.554002,0.704092,,,All
,,0.554461,0.704348,,,All
,,0.554767,0.704604,,,All
,,0.555272,0.704859,,,All
,,0.555463,0.705115,,,All
,,0.556061,0.705371,,,All
,,0.556121,0.705627,,,All
,,0.556439,0.705882,,,All
,,0.559199,0.706138,,,All
,,0.559899,0.706394,,,All
,,0.560417,0.70665,,,All
,,0.560607,0.706905,,,All
,,0.561086,0.707161,,,All
,,0.562817,0.707417,,,All
,,0.563686,0.707673,,,All
,,0.564491,0.707928,,,All
,,0.566844,0.708184,,,All
,,0.566944,0.70844,,,All
,,0.567421,0.708696,,,All
,,0.567854,0.708951,,,All
,,0.569213,0.709207,,,All
,,0.569372,0.709463,,,All
,,0.570404,0.709719,,,All
,,0.570429,0.709974,,,All
,,0.571597,0.71023,,,All
,,0.572309,0.710486,,,All
,,0.573069,0.710742,,,All
,,0.573204,0.710997,,,All
,,0.57334,0.711253,,,All
,,0.573763,0.711509,,,All
,,0.574483,0.711765,,,All
,,0.574717,0.71202,,,All
,,0.575582,0.712276,,,All
,,0.575818,0.712532,,,All
,,0.575835,0.712788,,,All
,,0.576475,0.713043,,,All
,,0.576892,0.713299,,,All
,,0.577074,0.713555,,,All
,,0.577214,0.713811,,,All
,,0.578099,0.714066,,,All
,,0.578213,0.714322,,,All
,,0.578508,0.714578,,,All
,,0.580739,0.714834,,,All
,,0.58171,0.71509,,,All
,,0.58197,0.715345,,,All
,,0.583107,0.715601,,,All
,,0.583781,0.715857,,,All
,,0.58424,0.716113,,,All
,,0.586208,0.716368,,,All
,,0.586331,0.716624,,,All
,,0.586898,0.71688,,,All
,,0.58693,0.717136,,,All
,,0.587157,0.717391,,,All
,,0.587738,0.717647,,,All
,,0.588193,0.717903,,,All
,,0.588686,0.718159,,,All
,,0.588977,0.718414,,,All
,,0.589306,0.71867,,,All
,,0.589474,0.718926,,,All
,,0.59042,0.719182,,,All
,,0.590601,0.719437,,,All
,,0.591086,0.719693,,,All
,,0.59193,0.719949,,,All
,,0.592238,0.720205,,,All
,,0.592308,0.72046,,,All
,,0.593172,0.720716,,,All
,,0.594625,0.720972,,,All
,,0.594936,0.721228,,,All
,,0.595064,0.721483,,,All
,,0.595645,0.721739,,,All
,,0.596631,0.721995,,,All
,,0.596663,0.722251,,,All
,,0.597725,0.722506,,,All
,,0.597938,0.722762,,,All
,,0.597964,0.723018,,,All
,,0.600591,0.723274,,,All
,,0.600986,0.723529,,,All
,,0.601792,0.723785,,,All
,,0.602011,0.724041,,,All
,,0.602676,0.724297,,,All
,,0.604584,0.724552,,,All
,,0.605101,0.724808,,,All
,,0.605356,0.725064,,,All
,,0.605853,0.72532,,,All
,,0.606574,0.725575,,,All
,,0.609214,0.725831,,,All
,,0.609265,0.726087,,,All
,,0.609986,0.726343,,,All
,,0.610127,0.726598,,,All
,,0.610692,0.726854,,,All
,,0.611778,0.72711,,,All
,,0.612798,0.727366,,,All
,,0.613588,0.727621,,,All
,,0.61398,0.727877,,,All
,,0.614181,0.728133,,,All
,,0.614358,0.728389,,,All
,,0.615547,0.728645,,,All
,,0.616633,0.7289,,,All
,,0.617227,0.729156,,,All
,,0.617418,0.729412,,,All
,,0.617721,0.729668,,,All
,,0.618011,0.729923,,,All
,,0.619554,0.730179,,,All
,,0.620574,0.730435,,,All
,,0.620803,0.730691,,,All
,,0.621577,0.730946,,,All
,,0.621845,0.731202,,,All
,,0.62251,0.731458,,,All
,,0.627486,0.731714,,,All
,,0.627683,0.731969,,,All
,,0.628537,0.732225,,,All
,,0.628808,0.732481,,,All
,,0.629007,0.732737,,,All
,,0.632044,0.732992,,,All
,,0.632363,0.733248,,,All
,,0.632375,0.733504,,,All
,,0.633174,0.73376,,,All
,,0.634849,0.734015,,,All
,,0.635245,0.734271,,,All
,,0.636759,0.734527,,,All
,,0.637782,0.734783,,,All
,,0.638194,0.735038,,,All
,,0.639599,0.735294,,,All
,,0.639667,0.73555,,,All
,,0.639776,0.735806,,,All
,,0.640381,0.736061,,,All
,,0.640532,0.736317,,,All
,,0.64109,0.736573,,,All
,,0.642134,0.736829,,,All
,,0.643334,0.737084,,,All
,,0.643512,0.73734,,,All
,,0.643805,0.737596,,,All
,,0.645613,0.737852,,,All
,,0.646263,0.738107,,,All
,,0.64705,0.738363,,,All
,,0.648433,0.738619,,,All
,,0.648563,0.738875,,,All
,,0.648651,0.73913,,,All
,,0.65114,0.739386,,,All
,,0.652135,0.739642,,,All
,,0.65236,0.739898,,,All
,,0.652664,0.740153,,,All
,,0.652682,0.740409,,,All
,,0.6536,0.740665,,,All
,,0.653933,0.740921,,,All
,,0.654002,0.741176,,,All
,,0.655,0.741432,,,All
,,0.655983,0.741688,,,All
,,0.656274,0.741944,,,All
,,0.656312,0.742199,,,All
,,0.656628,0.742455,,,All
,,0.65683,0.742711,,,All
,,0.657534,0.742967,,,All
,,0.657807,0.743223,,,All
,,0.658259,0.743478,,,All
,,0.658495,0.743734,,,All
,,0.659415,0.74399,,,All
,,0.659703,0.744246,,,All
,,0.659825,0.744501,,,All
,,0.661434,0.744757,,,All
,,0.662006,0.745013,,,All
,,0.663722,0.745269,,,All
,,0.664072,0.745524,,,All
,,0.665685,0.74578,,,All
,,0.66679,0.746036,,,All
,,0.666923,0.746292,,,All
,,0.667064,0.746547,,,All
,,0.668422,0.746803,,,All
,,0.668522,0.747059,,,All
,,0.66953,0.747315,,,All
,,0.669754,0.74757,,,All
,,0.670395,0.747826,,,All
,,0.670835,0.748082,,,All
,,0.671033,0.748338,,,All
,,0.671243,0.748593,,,All
,,0.671339,0.748849,,,All
,,0.672231,0.749105,,,All
,,0.672344,0.749361,,,All
,,0.672356,0.749616,,,All
,,0.673137,0.749872,,,All
,,0.67351,0.750128,,,All
,,0.674264,0.750384,,,All
,,0.67526,0.750639,,,All
,,0.67613,0.750895,,,All
,,0.676356,0.751151,,,All
,,0.676749,0.751407,,,All
,,0.676913,0.751662,,,All
,,0.677779,0.751918,,,All
,,0.679913,0.752174,,,All
,,0.680611,0.75243,,,All
,,0.681188,0.752685,,,All
,,0.682009,0.752941,,,All
,,0.682191,0.753197,,,All
,,0.682853,0.753453,,,All
,,0.683381,0.753708,,,All
,,0.683997,0.753964,,,All
,,0.684891,0.75422,,,All
,,0.68621,0.754476,,,All
,,0.686977,0.754731,,,All
,,0.687694,0.754987,,,All
,,0.68801,0.755243,,,All
,,0.688117,0.755499,,,All
,,0.688471,0.755754,,,All
,,0.688949,0.75601,,,All
,,0.688974,0.756266,,,All
,,0.689374,0.756522,,,All
,,0.689519,0.756777,,,All
,,0.689637,0.757033,,,All
,,0.690191,0.757289,,,All
,,0.690439,0.757545,,,All
,,0.690563,0.757801,,,All
,,0.692116,0.758056,,,All
,,0.69384,0.758312,,,All
,,0.697679,0.758568,,,All
,,0.697839,0.758824,,,All
,,0.700647,0.759079,,,All
,,0.701651,0.759335,,,All
,,0.703031,0.759591,,,All
,,0.703306,0.759847,,,All
,,0.703876,0.760102,,,All
,,0.704785,0.760358,,,All
,,0.707059,0.760614,,,All
,,0.707277,0.76087,,,All
,,0.707502,0.761125,,,All
,,0.710783,0.761381,,,All
,,0.710876,0.761637,,,All
,,0.711152,0.761893,,,All
,,0.71173,0.762148,,,All
,,0.711896,0.762404,,,All
,,0.711935,0.76266,,,All
,,0.7137,0.762916,,,All
,,0.714055,0.763171,,,All
,,0.714814,0.763427,,,All
,,0.715358,0.763683,,,All
,,0.715453,0.763939,,,All
,,0.71728,0.764194,,,All
,,0.717676,0.76445,,,All
,,0.719119,0.764706,,,All
,,0.719162,0.764962,,,All
,,0.720658,0.765217,,,All
,,0.720728,0.765473,,,All
,,0.721818,0.765729,,,All
,,0.722279,0.765985,,,All
,,0.723769,0.76624,,,All
,,0.723931,0.766496,,,All
,,0.72432,0.766752,,,All
,,0.724611,0.767008,,,All
,,0.726191,0.767263,,,All
,,0.726858,0.767519,,,All
,,0.728486,0.767775,,,All
,,0.729047,0.768031,,,All
,,0.729832,0.768286,,,All
,,0.729896,0.768542,,,All
,,0.72996,0.768798,,,All
,,0.73039,0.769054,,,All
,,0.730518,0.769309,,,All
,,0.730664,0.769565,,,All
,,0.731269,0.769821,,,All
,,0.73286,0.770077,,,All
,,0.733483,0.770332,,,All
,,0.733871,0.770588,,,All
,,0.73482,0.770844,,,All
,,0.734823,0.7711,,,All
,,0.736426,0.771355,,,All
,,0.736775,0.771611,,,All
,,0.737263,0.771867,,,All
,,0.739596,0.772123,,,All
,,0.74001,0.772379,,,All
,,0.742121,0.772634,,,All
,,0.742832,0.77289,,,All
,,0.742958,0.773146,,,All
,,0.743576,0.773402,,,All
,,0.743854,0.773657,,,All
,,0.744815,0.773913,,,All
,,0.745004,0.774169,,,All
,,0.745489,0.774425,,,All
,,0.745539,0.77468,,,All
,,0.745743,0.774936,,,All
,,0.74811,0.775192,,,All
,,0.748919,0.775448,,,All
,,0.748941,0.775703,,,All
,,0.749102,0.775959,,,All
,,0.751409,0.776215,,,All
,,0.751597,0.776471,,,All
,,0.751607,0.776726,,,All
,,0.751976,0.776982,,,All
,,0.752242,0.777238,,,All
,,0.752689,0.777494,,,All
,,0.756324,0.777749,,,All
,,0.756728,0.778005,,,All
,,0.757444,0.778261,,,All
,,0.757642,0.778517,,,All
,,0.757819,0.778772,,,All
,,0.758197,0.779028,,,All
,,0.75882,0.779284,,,All
,,0.759331,0.77954,,,All
,,0.759452,0.779795,,,All
,,0.759797,0.780051,,,All
,,0.759993,0.780307,,,All
,,0.760278,0.780563,,,All
,,0.761354,0.780818,,,All
,,0.76146,0.781074,,,All
,,0.761673,0.78133,,,All
,,0.762601,0.781586,,,All
,,0.764225,0.781841,,,All
,,0.764309,0.782097,,,All
,,0.766557,0.782353,,,All
,,0.766566,0.782609,,,All
,,0.766695,0.782864,,,All
,,0.767423,0.78312,,,All
,,0.768797,0.783376,,,All
,,0.768898,0.783632,,,All
,,0.768939,0.783887,,,All
,,0.770278,0.784143,,,All
,,0.770584,0.784399,,,All
,,0.771553,0.784655,,,All
,,0.772137,0.78491,,,All
,,0.772282,0.785166,,,All
,,0.772728,0.785422,,,All
,,0.773635,0.785678,,,All
,,0.774833,0.785934,,,All
,,0.775296,0.786189,,,All
,,0.775396,0.786445,,,All
,,0.775417,0.786701,,,All
,,0.777222,0.786957,,,All
,,0.777313,0.787212,,,All
,,0.777878,0.787468,,,All
,,0.777903,0.787724,,,All
,,0.778115,0.78798,,,All
,,0.778551,0.788235,,,All
,,0.778762,0.788491,,,All
,,0.780078,0.788747,,,All
,,0.78025,0.789003,,,All
,,0.780605,0.789258,,,All
,,0.780943,0.789514,,,All
,,0.781897,0.78977,,,All
,,0.782193,0.790026,,,All
,,0.78254,0.790281,,,All
,,0.782625,0.790537,,,All
,,0.783589,0.790793,,,All
,,0.783801,0.791049,,,All
,,0.785217,0.791304,,,All
,,0.787284,0.79156,,,All
,,0.787731,0.791816,,,All
,,0.78807,0.792072,,,All
,,0.788821,0.792327,,,All
,,0.789483,0.792583,,,All
,,0.789485,0.792839,,,All
,,0.790527,0.793095,,,All
,,0.790603,0.79335,,,All
,,0.79169,0.793606,,,All
,,0.791829,0.793862,,,All
,,0.79214,0.794118,,,All
,,0.79291,0.794373,,,All
,,0.793196,0.794629,,,All
,,0.793596,0.794885,,,All
,,0.793919,0.795141,,,All
,,0.795223,0.795396,,,All
,,0.795394,0.795652,,,All
,,0.795892,0.795908,,,All
,,0.796053,0.796164,,,All
,,0.79612,0.796419,,,All
,,0.796217,0.796675,,,All
,,0.797286,0.796931,,,All
,,0.798048,0.797187,,,All
,,0.799798,0.797442,,,All
,,0.800207,0.797698,,,All
,,0.80096,0.797954,,,All
,,0.801035,0.79821,,,All
,,0.801298,0.798465,,,All
,,0.801534,0.798721,,,All
,,0.802242,0.798977,,,All
,,0.802666,0.799233,,,All
,,0.804095,0.799488,,,All
,,0.806063,0.799744,,,All
,,0.807774,0.8,,,All
,,0.808634,0.800256,,,All
,,0.809223,0.800512,,,All
,,0.809663,0.800767,,,All
,,0.80975,0.801023,,,All
,,0.810022,0.801279,,,All
,,0.810716,0.801535,,,All
,,0.811257,0.80179,,,All
,,0.812279,0.802046,,,All
,,0.812327,0.802302,,,All
,,0.812817,0.802558,,,All
,,0.812968,0.802813,,,All
,,0.813529,0.803069,,,All
,,0.8146,0.803325,,,All
,,0.816193,0.803581,,,All
,,0.816703,0.803836,,,All
,,0.816731,0.804092,,,All
,,0.816947,0.804348,,,All
,,0.817059,0.804604,,,All
,,0.817572,0.804859,,,All
,,0.818005,0.805115,,,All
,,0.819359,0.805371,,,All
,,0.819395,0.805627,,,All
,,0.819917,0.805882,,,All
,,0.820296,0.806138,,,All
,,0.820886,0.806394,,,All
,,0.821313,0.80665,,,All
,,0.821876,0.806905,,,All
,,0.822152,0.807161,,,All
,,0.822922,0.807417,,,All
,,0.823121,0.807673,,,All
,,0.824022,0.807928,,,All
,,0.824293,0.808184,,,All
,,0.824345,0.80844,,,All
,,0.82492,0.808696,,,All
,,0.826201,0.808951,,,All
,,0.826543,0.809207,,,All
,,0.827687,0.809463,,,All
,,0.828178,0.809719,,,All
,,0.829857,0.809974,,,All
,,0.830259,0.81023,,,All
,,0.830619,0.810486,,,All
,,0.830688,0.810742,,,All
,,0.831058,0.810997,,,All
,,0.831386,0.811253,,,All
,,0.831857,0.811509,,,All
,,0.832264,0.811765,,,All
,,0.833004,0.81202,,,All
,,0.833286,0.812276,,,All
,,0.833842,0.812532,,,All
,,0.834957,0.812788,,,All
,,0.83578,0.813043,,,All
,,0.837472,0.813299,,,All
,,0.838496,0.813555,,,All
,,0.838929,0.813811,,,All
,,0.839025,0.814066,,,All
,,0.839463,0.814322,,,All
,,0.839622,0.814578,,,All
,,0.840562,0.814834,,,All
,,0.841142,0.81509,,,All
,,0.841304,0.815345,,,All
,,0.841518,0.815601,,,All
,,0.842243,0.815857,,,All
,,0.842374,0.816113,,,All
,,0.842896,0.816368,,,All
,,0.844731,0.816624,,,All
,,0.845861,0.81688,,,All
,,0.846962,0.817136,,,All
,,0.84902,0.817391,,,All
,,0.849041,0.817647,,,All
,,0.849061,0.817903,,,All
,,0.850571,0.818159,,,All
,,0.851012,0.818414,,,All
,,0.851097,0.81867,,,All
,,0.851282,0.818926,,,All
,,0.851374,0.819182,,,All
,,0.852309,0.819437,,,All
,,0.853266,0.819693,,,All
,,0.854246,0.819949,,,All
,,0.855279,0.820205,,,All
,,0.856829,0.82046,,,All
,,0.856891,0.820716,,,All
,,0.856912,0.820972,,,All
,,0.856919,0.821228,,,All
,,0.857389,0.821483,,,All
,,0.857654,0.821739,,,All
,,0.858111,0.821995,,,All
,,0.858487,0.822251,,,All
,,0.858558,0.822506,,,All
,,0.860265,0.822762,,,All
,,0.861448,0.823018,,,All
,,0.861455,0.823274,,,All
,,0.862503,0.823529,,,All
,,0.862516,0.823785,,,All
,,0.86265,0.824041,,,All
,,0.863049,0.824297,,,All
,,0.863303,0.824552,,,All
,,0.864028,0.824808,,,All
,,0.864843,0.825064,,,All
,,0.865307,0.82532,,,All
,,0.865941,0.825575,,,All
,,0.866896,0.825831,,,All
,,0.867276,0.826087,,,All
,,0.867511,0.826343,,,All
,,0.867794,0.826598,,,All
,,0.869368,0.826854,,,All
,,0.869883,0.82711,,,All
,,0.871002,0.827366,,,All
,,0.87122,0.827621,,,All
,,0.872179,0.827877,,,All
,,0.872746,0.828133,,,All
,,0.873847,0.828389,,,All
,,0.873961,0.828645,,,All
,,0.874114,0.8289,,,All
,,0.874266,0.829156,,,All
,,0.874855,0.829412,,,All
,,0.87637,0.829668,,,All
,,0.876854,0.829923,,,All
,,0.876892,0.830179,,,All
,,0.876902,0.830435,,,All
,,0.877264,0.830691,,,All
,,0.877491,0.830946,,,All
,,0.878284,0.831202,,,All
,,0.878396,0.831458,,,All
,,0.879836,0.831714,,,All
,,0.879857,0.831969,,,All
,,0.881487,0.832225,,,All
,,0.883397,0.832481,,,All
,,0.886565,0.832737,,,All
,,0.886822,0.832992,,,All
,,0.891003,0.833248,,,All
,,0.891935,0.833504,,,All
,,0.892148,0.83376,,,All
,,0.893145,0.834015,,,All
,,0.893656,0.834271,,,All
,,0.894209,0.834527,,,All
,,0.894516,0.834783,,,All
,,0.895825,0.835038,,,All
,,0.896083,0.835294,,,All
,,0.896261,0.83555,,,All
,,0.896335,0.835806,,,All
,,0.89709,0.836061,,,All
,,0.899508,0.836317,,,All
,,0.90082,0.836573,,,All
,,0.903273,0.836829,,,All
,,0.903511,0.837084,,,All
,,0.903739,0.83734,,,All
,,0.903768,0.837596,,,All
,,0.904731,0.837852,,,All
,,0.906611,0.838107,,,All
,,0.907234,0.838363,,,All
,,0.907646,0.838619,,,All
,,0.908212,0.838875,,,All
,,0.910032,0.83913,,,All
,,0.910795,0.839386,,,All
,,0.911202,0.839642,,,All
,,0.912373,0.839898,,,All
,,0.912633,0.840153,,,All
,,0.914557,0.840409,,,All
,,0.914815,0.840665,,,All
,,0.915188,0.840921,,,All
,,0.915229,0.841176,,,All
,,0.91724,0.841432,,,All
,,0.918591,0.841688,,,All
,,0.921531,0.841944,,,All
,,0.924894,0.842199,,,All
,,0.925322,0.842455,,,All
,,0.92538,0.842711,,,All
,,0.925482,0.842967,,,All
,,0.925978,0.843223,,,All
,,0.926056,0.843478,,,All
,,0.926852,0.843734,,,All
,,0.926862,0.84399,,,All
,,0.927254,0.844246,,,All
,,0.927461,0.844501,,,All
,,0.927542,0.844757,,,All
,,0.927552,0.845013,,,All
,,0.927898,0.845269,,,All
,,0.929112,0.845524,,,All
,,0.931671,0.84578,,,All
,,0.93397,0.846036,,,All
,,0.934357,0.846292,,,All
,,0.934706,0.846547,,,All
,,0.935625,0.846803,,,All
,,0.937919,0.847059,,,All
,,0.938163,0.847315,,,All
,,0.939146,0.84757,,,All
,,0.939233,0.847826,,,All
,,0.939304,0.848082,,,All
,,0.940152,0.848338,,,All
,,0.940318,0.848593,,,All
,,0.942136,0.848849,,,All
,,0.942809,0.849105,,,All
,,0.94477,0.849361,,,All
,,0.947942,0.849616,,,All
,,0.948734,0.849872,,,All
,,0.949949,0.850128,,,All
,,0.952712,0.850384,,,All
,,0.956127,0.850639,,,All
,,0.95898,0.850895,,,All
,,0.960872,0.851151,,,All
,,0.964524,0.851407,,,All
,,0.9654,0.851662,,,All
,,0.966354,0.851918,,,All
,,0.966406,0.852174,,,All
,,0.966823,0.85243,,,All
,,0.967725,0.852685,,,All
,,0.96798,0.852941,,,All
,,0.968086,0.853197,,,All
,,0.968566,0.853453,,,All
,,0.969893,0.853708,,,All
,,0.971284,0.853964,,,All
,,0.973578,0.85422,,,All
,,0.974594,0.854476,,,All
,,0.975413,0.854731,,,All
,,0.975625,0.854987,,,All
,,0.975783,0.855243,,,All
,,0.976387,0.855499,,,All
,,0.976578,0.855754,,,All
,,0.976813,0.85601,,,All
,,0.979018,0.856266,,,All
,,0.981173,0.856522,,,All
,,0.983724,0.856777,,,All
,,0.986051,0.857033,,,All
,,0.98698,0.857289,,,All
,,0.987828,0.857545,,,All
,,0.988273,0.857801,,,All
,,0.988423,0.858056,,,All
,,0.988513,0.858312,,,All
,,0.989938,0.858568,,,All
,,0.992283,0.858824,,,All
,,0.995211,0.859079,,,All
,,1.00033,0.859335,,,All
,,1.00057,0.859591,,,All
,,1.00279,0.859847,,,All
,,1.00305,0.860102,,,All
,,1.00508,0.860358,,,All
,,1.00518,0.860614,,,All
,,1.00526,0.86087,,,All
,,1.0053,0.861125,,,All
,,1.00563,0.861381,,,All
,,1.00686,0.861637,,,All
,,1.00698,0.861893,,,All
,,1.0095,0.862148,,,All
,,1.01146,0.862404,,,All
,,1.01182,0.86266,,,All
,,1.01457,0.862916,,,All
,,1.01698,0.863171,,,All
,,1.01759,0.863427,,,All
,,1.01786,0.863683,,,All
,,1.01877,0.863939,,,All
,,1.02006,0.864194,,,All
,,1.0205,0.86445,,,All
,,1.02208,0.864706,,,All
,,1.02222,0.864962,,,All
,,1.02258,0.865217,,,All
,,1.02495,0.865473,,,All
,,1.0311,0.865729,,,All
,,1.03361,0.865985,,,All
,,1.03423,0.86624,,,All
,,1.03475,0.866496,,,All
,,1.03511,0.866752,,,All
,,1.03581,0.867008,,,All
,,1.03752,0.867263,,,All
,,1.04306,0.867519,,,All
,,1.04382,0.867775,,,All
,,1.04382,0.868031,,,All
,,1.04483,0.868286,,,All
,,1.04512,0.868542,,,All
,,1.04669,0.868798,,,All
,,1.04699,0.869054,,,All
,,1.04746,0.869309,,,All
,,1.04857,0.869565,,,All
,,1.04872,0.869821,,,All
,,1.05373,0.870077,,,All
,,1.05401,0.870332,,,All
,,1.05608,0.870588,,,All
,,1.05878,0.870844,,,All
,,1.05989,0.8711,,,All
,,1.06081,0.871355,,,All
,,1.06298,0.871611,,,All
,,1.06477,0.871867,,,All
,,1.0653,0.872123,,,All
,,1.06589,0.872379,,,All
,,1.06611,0.872634,,,All
,,1.06652,0.87289,,,All
,,1.06665,0.873146,,,All
,,1.06839,0.873402,,,All
,,1.07178,0.873657,,,All
,,1.07459,0.873913,,,All
,,1.07554,0.874169,,,All
,,1.07774,0.874425,,,All
,,1.07786,0.87468,,,All
,,1.08092,0.874936,,,All
,,1.08259,0.875192,,,All
,,1.08393,0.875448,,,All
,,1.08483,0.875703,,,All
,,1.08574,0.875959,,,All
,,1.08634,0.876215,,,All
,,1.09042,0.876471,,,All
,,1.09194,0.876726,,,All
,,1.09355,0.876982,,,All
,,1.09742,0.877238,,,All
,,1.0979,0.877494,,,All
,,1.09891,0.877749,,,All
,,1.10081,0.878005,,,All
,,1.10219,0.878261,,,All
,,1.10285,0.878517,,,All
,,1.10301,0.878772,,,All
,,1.10338,0.879028,,,All
,,1.10448,0.879284,,,All
,,1.10477,0.87954,,,All
,,1.10549,0.879795,,,All
,,1.10633,0.880051,,,All
,,1.10636,0.880307,,,All
,,1.10841,0.880563,,,All
,,1.11416,0.880818,,,All
,,1.11419,0.881074,,,All
,,1.11476,0.88133,,,All
,,1.1155,0.881586,,,All
,,1.11869,0.881841,,,All
,,1.11876,0.882097,,,All
,,1.11978,0.882353,,,All
,,1.12146,0.882609,,,All
,,1.12292,0.882864,,,All
,,1.12523,0.88312,,,All
,,1.12605,0.883376,,,All
,,1.13154,0.883632,,,All
,,1.13221,0.883887,,,All
,,1.13229,0.884143,,,All
,,1.13429,0.884399,,,All
,,1.13756,0.884655,,,All
,,1.13767,0.88491,,,All
,,1.13853,0.885166,,,All
,,1.13917,0.885422,,,All
,,1.13983,0.885678,,,All
,,1.14134,0.885934,,,All
,,1.14381,0.886189,,,All
,,1.14724,0.886445,,,All
,,1.1511,0.886701,,,All
,,1.15166,0.886957,,,All
,,1.15246,0.887212,,,All
,,1.15323,0.887468,,,All
,,1.1541,0.887724,,,All
,,1.15703,0.88798,,,All
,,1.1571,0.888235,,,All
,,1.15713,0.888491,,,All
,,1.15914,0.888747,,,All
,,1.16069,0.889003,,,All
,,1.16282,0.889258,,,All
,,1.16531,0.889514,,,All
,,1.16711,0.88977,,,All
,,1.16901,0.890026,,,All
,,1.17198,0.890281,,,All
,,1.17561,0.890537,,,All
,,1.17675,0.890793,,,All
,,1.17686,0.891049,,,All
,,1.1774,0.891304,,,All
,,1.17863,0.89156,,,All
,,1.17943,0.891816,,,All
,,1.17957,0.892072,,,All
,,1.18049,0.892327,,,All
,,1.18135,0.892583,,,All
,,1.18317,0.892839,,,All
,,1.18428,0.893095,,,All
,,1.18455,0.89335,,,All
,,1.18528,0.893606,,,All
,,1.18683,0.893862,,,All
,,1.18945,0.894118,,,All
,,1.19028,0.894373,,,All
,,1.19504,0.894629,,,All
,,1.19533,0.894885,,,All
,,1.19546,0.895141,,,All
,,1.19666,0.895396,,,All
,,1.20006,0.895652,,,All
,,1.20065,0.895908,,,All
,,1.2013,0.896164,,,All
,,1.20188,0.896419,,,All
,,1.20285,0.896675,,,All
,,1.20362,0.896931,,,All
,,1.20363,0.897187,,,All
,,1.2038,0.897442,,,All
,,1.2043,0.897698,,,All
,,1.20596,0.897954,,,All
,,1.20851,0.89821,,,All
,,1.21324,0.898465,,,All
,,1.21442,0.898721,,,All
,,1.21703,0.898977,,,All
,,1.21778,0.899233,,,All
,,1.22273,0.899488,,,All
,,1.22612,0.899744,,,All
,,1.22624,0.9,,,All
,,1.22638,0.900256,,,All
,,1.22861,0.900512,,,All
,,1.23002,0.900767,,,All
,,1.23025,0.901023,,,All
,,1.23061,0.901279,,,All
,,1.2325,0.901535,,,All
,,1.23385,0.90179,,,All
,,1.23595,0.902046,,,All
,,1.24063,0.902302,,,All
,,1.24131,0.902558,,,All
,,1.24163,0.902813,,,All
,,1.24292,0.903069,,,All
,,1.24308,0.903325,,,All
,,1.24438,0.903581,,,All
,,1.24482,0.903836,,,All
,,1.24485,0.904092,,,All
,,1.24697,0.904348,,,All
,,1.24894,0.904604,,,All
,,1.2491,0.904859,,,All
,,1.24912,0.905115,,,All
,,1.24973,0.905371,,,All
,,1.24973,0.905627,,,All
,,1.25153,0.905882,,,All
,,1.25471,0.906138,,,All
,,1.25765,0.906394,,,All
,,1.25977,0.90665,,,All
,,1.26177,0.906905,,,All
,,1.26325,0.907161,,,All
,,1.26383,0.907417,,,All
,,1.26388,0.907673,,,All
,,1.26589,0.907928,,,All
,,1.26802,0.908184,,,All
,,1.27195,0.90844,,,All
,,1.27292,0.908696,,,All
,,1.2779,0.908951,,,All
,,1.2795,0.909207,,,All
,,1.28435,0.909463,,,All
,,1.28647,0.909719,,,All
,,1.28836,0.909974,,,All
,,1.2902,0.91023,,,All
,,1.29043,0.910486,,,All
,,1.29073,0.910742,,,All
,,1.29612,0.910997,,,All
,,1.2983,0.911253,,,All
,,1.30101,0.911509,,,All
,,1.3015,0.911765,,,All
,,1.3021,0.91202,,,All
,,1.30273,0.912276,,,All
,,1.30276,0.912532,,,All
,,1.30431,0.912788,,,All
,,1.30464,0.913043,,,All
,,1.30608,0.913299,,,All
,,1.3063,0.913555,,,All
,,1.30677,0.913811,,,All
,,1.31234,0.914066,,,All
,,1.31237,0.914322,,,All
,,1.31502,0.914578,,,All
,,1.31555,0.914834,,,All
,,1.31703,0.91509,,,All
,,1.31794,0.915345,,,All
,,1.31802,0.915601,,,All
,,1.31886,0.915857,,,All
,,1.3215,0.916113,,,All
,,1.32941,0.916368,,,All
,,1.32973,0.916624,,,All
,,1.33048,0.91688,,,All
,,1.33065,0.917136,,,All
,,1.33113,0.917391,,,All
,,1.33381,0.917647,,,All
,,1.3387,0.917903,,,All
,,1.3439,0.918159,,,All
,,1.34631,0.918414,,,All
,,1.3497,0.91867,,,All
,,1.35043,0.918926,,,All
,,1.35186,0.919182,,,All
,,1.35342,0.919437,,,All
,,1.36268,0.919693,,,All
,,1.36409,0.919949,,,All
,,1.36477,0.920205,,,All
,,1.36556,0.92046,,,All
,,1.36687,0.920716,,,All
,,1.36753,0.920972,,,All
,,1.37131,0.921228,,,All
,,1.37221,0.921483,,,All
,,1.37245,0.921739,,,All
,,1.38116,0.921995,,,All
,,1.38227,0.922251,,,All
,,1.38293,0.922506,,,All
,,1.38454,0.922762,,,All
,,1.39163,0.923018,,,All
,,1.39297,0.923274,,,All
,,1.39501,0.923529,,,All
,,1.39519,0.923785,,,All
,,1.39921,0.924041,,,All
,,1.40298,0.924297,,,All
,,1.40578,0.924552,,,All
,,1.40717,0.924808,,,All
,,1.40978,0.925064,,,All
,,1.41081,0.92532,,,All
,,1.41173,0.925575,,,All
,,1.41312,0.925831,,,All
,,1.41607,0.926087,,,All
,,1.41671,0.926343,,,All
,,1.41795,0.926598,,,All
,,1.41805,0.926854,,,All
,,1.42027,0.92711,,,All
,,1.42049,0.927366,,,All
,,1.42076,0.927621,,,All
,,1.42216,0.927877,,,All
,,1.42567,0.928133,,,All
,,1.42638,0.928389,,,All
,,1.42752,0.928645,,,All
,,1.42788,0.9289,,,All
,,1.42849,0.929156,,,All
,,1.43444,0.929412,,,All
,,1.43503,0.929668,,,All
,,1.43803,0.929923,,,All
,,1.44078,0.930179,,,All
,,1.44125,0.930435,,,All
,,1.44318,0.930691,,,All
,,1.44521,0.930946,,,All
,,1.44957,0.931202,,,All
,,1.45693,0.931458,,,All
,,1.46535,0.931714,,,All
,,1.46753,0.931969,,,All
,,1.46795,0.932225,,,All
,,1.46804,0.932481,,,All
,,1.4684,0.932737,,,All
,,1.47055,0.932992,,,All
,,1.47117,0.933248,,,All
,,1.47655,0.933504,,,All
,,1.47909,0.93376,,,All
,,1.48043,0.934015,,,All
,,1.4813,0.934271,,,All
,,1.48278,0.934527,,,All
,,1.48526,0.934783,,,All
,,1.48584,0.935038,,,All
,,1.4861,0.935294,,,All
,,1.48796,0.93555,,,All
,,1.48933,0.935806,,,All
,,1.49151,0.936061,,,All
,,1.49327,0.936317,,,All
,,1.49379,0.936573,,,All
,,1.49524,0.936829,,,All
,,1.50175,0.937084,,,All
,,1.50495,0.93734,,,All
,,1.50571,0.937596,,,All
,,1.50821,0.937852,,,All
,,1.51103,0.938107,,,All
,,1.51131,0.938363,,,All
,,1.51451,0.938619,,,All
,,1.52019,0.938875,,,All
,,1.52354,0.93913,,,All
,,1.52709,0.939386,,,All
,,1.52957,0.939642,,,All
,,1.53171,0.939898,,,All
,,1.53384,0.940153,,,All
,,1.5346,0.940409,,,All
,,1.54322,0.940665,,,All
,,1.54425,0.940921,,,All
,,1.54708,0.941176,,,All
,,1.55085,0.941432,,,All
,,1.5533,0.941688,,,All
,,1.55446,0.941944,,,All
,,1.5546,0.942199,,,All
,,1.56148,0.942455,,,All
,,1.56423,0.942711,,,All
,,1.56539,0.942967,,,All
,,1.56739,0.943223,,,All
,,1.56983,0.943478,,,All
,,1.57538,0.943734,,,All
,,1.57657,0.94399,,,All
,,1.57726,0.944246,,,All
,,1.57917,0.944501,,,All
,,1.57936,0.944757,,,All
,,1.58665,0.945013,,,All
,,1.58796,0.945269,,,All
,,1.58936,0.945524,,,All
,,1.59041,0.94578,,,All
,,1.59094,0.946036,,,All
,,1.59452,0.946292,,,All
,,1.59457,0.946547,,,All
,,1.5971,0.946803,,,All
,,1.59769,0.947059,,,All
,,1.60135,0.947315,,,All
,,1.60206,0.94757,,,All
,,1.60426,0.947826,,,All
,,1.60484,0.948082,,,All
,,1.60699,0.948338,,,All
,,1.60909,0.948593,,,All
,,1.61005,0.948849,,,All
,,1.61274,0.949105,,,All
,,1.62075,0.949361,,,All
,,1.62296,0.949616,,,All
,,1.6248,0.949872,,,All
,,1.63083,0.950128,,,All
,,1.63086,0.950384,,,All
,,1.63147,0.950639,,,All
,,1.63282,0.950895,,,All
,,1.63485,0.951151,,,All
,,1.63801,0.951407,,,All
,,1.63944,0.951662,,,All
,,1.64568,0.951918,,,All
,,1.64796,0.952174,,,All
,,1.64925,0.95243,,,All
,,1.65048,0.952685,,,All
,,1.65322,0.952941,,,All
,,1.65619,0.953197,,,All
,,1.66079,0.953453,,,All
,,1.66935,0.953708,,,All
,,1.6705,0.953964,,,All
,,1.6709,0.95422,,,All
,,1.67267,0.954476,,,All
,,1.67348,0.954731,,,All
,,1.67465,0.954987,,,All
,,1.67867,0.955243,,,All
,,1.68447,0.955499,,,All
,,1.68784,0.955754,,,All
,,1.68792,0.95601,,,All
,,1.68836,0.956266,,,All
,,1.69229,0.956522,,,All
,,1.69307,0.956777,,,All
,,1.69582,0.957033,,,All
,,1.69739,0.957289,,,All
,,1.69833,0.957545,,,All
,,1.69936,0.957801,,,All
,,1.69993,0.958056,,,All
,,1.70299,0.958312,,,All
,,1.70459,0.958568,,,All
,,1.7052,0.958824,,,All
,,1.7083,0.959079,,,All
,,1.71169,0.959335,,,All
,,1.71187,0.959591,,,All
,,1.71297,0.959847,,,All
,,1.71701,0.960102,,,All
,,1.7218,0.960358,,,All
,,1.72496,0.960614,,,All
,,1.72934,0.96087,,,All
,,1.73859,0.961125,,,All
,,1.74113,0.961381,,,All
,,1.74697,0.961637,,,All
,,1.74747,0.961893,,,All
,,1.75203,0.962148,,,All
,,1.7554,0.962404,,,All
,,1.75564,0.96266,,,All
,,1.76097,0.962916,,,All
,,1.76114,0.963171,,,All
,,1.76666,0.963427,,,All
,,1.76912,0.963683,,,All
,,1.77144,0.963939,,,All
,,1.77162,0.964194,,,All
,,1.77384,0.96445,,,All
,,1.77606,0.964706,,,All
,,1.77732,0.964962,,,All
,,1.77735,0.965217,,,All
,,1.77768,0.965473,,,All
,,1.78468,0.965729,,,All
,,1.78711,0.965985,,,All
,,1.78909,0.96624,,,All
,,1.79601,0.966496,,,All
,,1.79876,0.966752,,,All
,,1.80669,0.967008,,,All
,,1.81224,0.967263,,,All
,,1.81434,0.967519,,,All
,,1.81481,0.967775,,,All
,,1.81797,0.968031,,,All
,,1.82205,0.968286,,,All
,,1.82341,0.968542,,,All
,,1.83226,0.968798,,,All
,,1.83665,0.969054,,,All
,,1.83929,0.969309,,,All
,,1.83973,0.969565,,,All
,,1.84446,0.969821,,,All
,,1.85153,0.970077,,,All
,,1.85523,0.970332,,,All
,,1.85552,0.970588,,,All
,,1.86761,0.970844,,,All
,,1.86774,0.9711,,,All
,,1.87513,0.971355,,,All
,,1.87885,0.971611,,,All
,,1.88455,0.971867,,,All
,,1.89014,0.972123,,,All
,,1.8995,0.972379,,,All
,,1.90371,0.972634,,,All
,,1.91089,0.97289,,,All
,,1.91281,0.973146,,,All
,,1.92263,0.973402,,,All
,,1.9278,0.973657,,,All
,,1.93888,0.973913,,,All
,,1.96688,0.974169,,,All
,,1.97152,0.974425,,,All
,,1.97678,0.97468,,,All
,,1.97919,0.974936,,,All
,,1.97941,0.975192,,,All
,,1.98145,0.975448,,,All
,,1.98798,0.975703,,,All
,,1.98853,0.975959,,,All
,,2.00058,0.976215,,,All
,,2.00097,0.976471,,,All
,,2.00304,0.976726,,,All
,,2.00315,0.976982,,,All
,,2.00962,0.977238,,,All
,,2.01215,0.977494,,,All
,,2.0178,0.977749,,,All
,,2.01818,0.978005,,,All
,,2.03545,0.978261,,,All
,,2.03944,0.978517,,,All
,,2.04381,0.978772,,,All
,,2.04538,0.979028,,,All
,,2.05187,0.979284,,,All
,,2.05247,0.97954,,,All
,,2.05306,0.979795,,,All
,,2.05543,0.980051,,,All
,,2.05845,0.980307,,,All
,,2.07591,0.980563,,,All
,,2.08089,0.980818,,,All
,,2.09895,0.981074,,,All
,,2.11455,0.98133,,,All
,,2.12003,0.981586,,,All
,,2.12202,0.981841,,,All
,,2.12267,0.982097,,,All
,,2.12924,0.982353,,,All
,,2.13149,0.982609,,,All
,,2.1358,0.982864,,,All
,,2.15298,0.98312,,,All
,,2.16583,0.983376,,,All
,,2.16776,0.983632,,,All
,,2.16906,0.983887,,,All
,,2.18771,0.984143,,,All
,,2.19358,0.984399,,,All
,,2.20636,0.984655,,,All
,,2.20852,0.98491,,,All
,,2.21572,0.985166,,,All
,,2.21621,0.985422,,,All
,,2.218,0.985678,,,All
,,2.23045,0.985934,,,All
,,2.2342,0.986189,,,All
,,2.2573,0.986445,,,All
,,2.26221,0.986701,,,All
,,2.26314,0.986957,,,All
,,2.2762,0.987212,,,All
,,2.28139,0.987468,,,All
,,2.28281,0.987724,,,All
,,2.2891,0.98798,,,All
,,2.30911,0.988235,,,All
,,2.33145,0.988491,,,All
,,2.3412,0.988747,,,All
,,2.36883,0.989003,,,All
,,2.37113,0.989258,,,All
,,2.37824,0.989514,,,All
,,2.40693,0.98977,,,All
,,2.42059,0.990026,,,All
,,2.44666,0.990281,,,All
,,2.49748,0.990537,,,All
,,2.49764,0.990793,,,All
,,2.50527,0.991049,,,All
,,2.53507,0.991304,,,All
,,2.54523,0.99156,,,All
,,2.56246,0.991816,,,All
,,2.58525,0.992072,,,All
,,2.60982,0.992327,,,All
,,2.62358,0.992583,,,All
,,2.62815,0.992839,,,All
,,2.65001,0.993095,,,All
,,2.66242,0.99335,,,All
,,2.6633,0.993606,,,All
,,2.6988,0.993862,,,All
,,2.71763,0.994118,,,All
,,2.78143,0.994373,,,All
,,2.785,0.994629,,,All
,,2.799,0.994885,,,All
,,2.82196,0.995141,,,All
,,2.82292,0.995396,,,All
,,2.85398,0.995652,,,All
,,2.85448,0.995908,,,All
,,2.88702,0.996164,,,All
,,2.93391,0.996419,,,All
,,3.01148,0.996675,,,All
,,3.14351,0.996931,,,All
,,3.16116,0.997187,,,All
,,3.25676,0.997442,,,All
,,3.5241,0.997698,,,All
,,3.58902,0.997954,,,All
,,4.16524,0.99821,,,All
,,4.16524,0.998465,,,All
,,4.16524,0.998721,,,All
,,4.16524,0.998977,,,All
,,4.16524,0.999233,,,All
,,4.16524,0.999488,,,All
,,4.16524,0.999744,,,All
,,4.16524,1,,,All
