rep,ID,time,y1,y1_simBlq_simulated,indivPredSimulated,censored,split,color,filter
1,7,1,3,1.15699,0,1,All,#4682B4,0
2,7,1,3,0.937752,0,1,All,#4682B4,0
3,7,1,3,0.100013,0,1,All,#4682B4,0
4,7,1,3,0.836998,0,1,All,#4682B4,0
5,7,1,3,0.903195,0,1,All,#4682B4,0
6,7,1,3,0.126653,0,1,All,#4682B4,0
7,7,1,3,0.607735,0,1,All,#4682B4,0
8,7,1,3,0.702741,0,1,All,#4682B4,0
9,7,1,3,0.581607,0,1,All,#4682B4,0
10,7,1,3,0.596966,0,1,All,#4682B4,0
1,7,1.5,3,0.969427,0,1,All,#4682B4,0
2,7,1.5,3,0.0388608,0,1,All,#4682B4,0
3,7,1.5,3,0.0345519,0,1,All,#4682B4,0
4,7,1.5,3,0.917894,0,1,All,#4682B4,0
5,7,1.5,3,0.963952,0,1,All,#4682B4,0
6,7,1.5,3,0.336399,0,1,All,#4682B4,0
7,7,1.5,3,0.282865,0,1,All,#4682B4,0
8,7,1.5,3,0.375686,0,1,All,#4682B4,0
9,7,1.5,3,0.443527,0,1,All,#4682B4,0
10,7,1.5,3,0.724073,0,1,All,#4682B4,0
1,7,2,3,0.481102,0,1,All,#4682B4,0
2,7,2,3,0.0995015,0,1,All,#4682B4,0
3,7,2,3,0.330564,0,1,All,#4682B4,0
4,7,2,3,0.584803,0,1,All,#4682B4,0
5,7,2,3,0.456084,0,1,All,#4682B4,0
6,7,2,3,0.471637,0,1,All,#4682B4,0
7,7,2,3,1.41752,0,1,All,#4682B4,0
8,7,2,3,0.366582,0,1,All,#4682B4,0
9,7,2,3,0.46367,0,1,All,#4682B4,0
10,7,2,3,1.41431,0,1,All,#4682B4,0
1,7,2.5,3,1.78485,1.02532,1,All,#4682B4,0
2,7,2.5,3,0.739722,0,1,All,#4682B4,0
3,7,2.5,3,0.634423,0.513648,1,All,#4682B4,0
4,7,2.5,3,1.78141,1.39559,1,All,#4682B4,0
5,7,2.5,3,0.139431,0,1,All,#4682B4,0
6,7,2.5,3,1.55715,0,1,All,#4682B4,0
7,7,2.5,3,0.341255,0,1,All,#4682B4,0
8,7,2.5,3,0.768149,1.00876,1,All,#4682B4,0
9,7,2.5,3,2.1741,1.16761,1,All,#4682B4,0
10,7,2.5,3,1.60651,0.881334,1,All,#4682B4,0
1,7,3,3,2.97334,2.25962,1,All,#4682B4,0
2,7,3,3,1.23248,1.70778,1,All,#4682B4,0
3,7,3,3,2.07382,2.07887,1,All,#4682B4,0
4,7,3,3,2.15716,2.23372,1,All,#4682B4,0
5,7,3,3,2.73303,0.404638,1,All,#4682B4,0
6,7,3,3,2.79231,1.56499,1,All,#4682B4,0
7,7,3,3,0.355773,0.288465,1,All,#4682B4,0
8,7,3,3,1.94077,2.06408,1,All,#4682B4,0
9,7,3,3,1.92671,2.27519,1,All,#4682B4,0
10,7,3,3,2.42762,2.01789,1,All,#4682B4,0
1,7,3.5,3.949,3.949,3.42282,0,All,#4682B4,0
2,7,3.5,3.949,3.949,3.16996,0,All,#4682B4,0
3,7,3.5,3.949,3.949,3.30825,0,All,#4682B4,0
4,7,3.5,3.949,3.949,3.09595,0,All,#4682B4,0
5,7,3.5,3.949,3.949,2.1608,0,All,#4682B4,0
6,7,3.5,3.949,3.949,2.81631,0,All,#4682B4,0
7,7,3.5,3.949,3.949,2.47802,0,All,#4682B4,0
8,7,3.5,3.949,3.949,3.08781,0,All,#4682B4,0
9,7,3.5,3.949,3.949,3.32794,0,All,#4682B4,0
10,7,3.5,3.949,3.949,3.10675,0,All,#4682B4,0
1,7,4,3,2.56985,4.52066,1,All,#4682B4,0
2,7,4,3,2.18955,4.39926,1,All,#4682B4,0
3,7,4,3,2.69556,4.36061,1,All,#4682B4,0
4,7,4,3,2.96559,3.98491,1,All,#4682B4,0
5,7,4,3,2.95156,3.57916,1,All,#4682B4,0
6,7,4,3,2.91511,3.9805,1,All,#4682B4,0
7,7,4,3,1.8645,4.08548,1,All,#4682B4,0
8,7,4,3,2.3682,4.08219,1,All,#4682B4,0
9,7,4,3,2.90224,4.32936,1,All,#4682B4,0
10,7,4,3,2.87985,4.1776,1,All,#4682B4,0
1,7,4.5,5.246,5.246,5.5584,0,All,#4682B4,0
2,7,4.5,5.246,5.246,5.45098,0,All,#4682B4,0
3,7,4.5,5.246,5.246,5.27227,0,All,#4682B4,0
4,7,4.5,5.246,5.246,4.90104,0,All,#4682B4,0
5,7,4.5,5.246,5.246,4.76196,0,All,#4682B4,0
6,7,4.5,5.246,5.246,5.06707,0,All,#4682B4,0
7,7,4.5,5.246,5.246,5.33557,0,All,#4682B4,0
8,7,4.5,5.246,5.246,5.04848,0,All,#4682B4,0
9,7,4.5,5.246,5.246,5.28348,0,All,#4682B4,0
10,7,4.5,5.246,5.246,5.231,0,All,#4682B4,0
1,7,5,5.678,5.678,6.53354,0,All,#4682B4,0
2,7,5,5.678,5.678,6.35878,0,All,#4682B4,0
3,7,5,5.678,5.678,6.06894,0,All,#4682B4,0
4,7,5,5.678,5.678,5.84601,0,All,#4682B4,0
5,7,5,5.678,5.678,5.76296,0,All,#4682B4,0
6,7,5,5.678,5.678,6.08314,0,All,#4682B4,0
7,7,5,5.678,5.678,6.33263,0,All,#4682B4,0
8,7,5,5.678,5.678,5.98671,0,All,#4682B4,0
9,7,5,5.678,5.678,6.19217,0,All,#4682B4,0
10,7,5,5.678,5.678,6.26592,0,All,#4682B4,0
1,7,5.5,7.345,7.345,7.39906,0,All,#4682B4,0
2,7,5.5,7.345,7.345,7.1236,0,All,#4682B4,0
3,7,5.5,7.345,7.345,6.7643,0,All,#4682B4,0
4,7,5.5,7.345,7.345,6.81844,0,All,#4682B4,0
5,7,5.5,7.345,7.345,6.60361,0,All,#4682B4,0
6,7,5.5,7.345,7.345,7.02823,0,All,#4682B4,0
7,7,5.5,7.345,7.345,7.09636,0,All,#4682B4,0
8,7,5.5,7.345,7.345,6.88958,0,All,#4682B4,0
9,7,5.5,7.345,7.345,7.04784,0,All,#4682B4,0
10,7,5.5,7.345,7.345,7.2654,0,All,#4682B4,0
1,7,6,8.513,8.513,7.95526,0,All,#4682B4,0
2,7,6,8.513,8.513,7.66591,0,All,#4682B4,0
3,7,6,8.513,8.513,7.34817,0,All,#4682B4,0
4,7,6,8.513,8.513,7.79385,0,All,#4682B4,0
5,7,6,8.513,8.513,7.23427,0,All,#4682B4,0
6,7,6,8.513,8.513,7.85128,0,All,#4682B4,0
7,7,6,8.513,8.513,7.55037,0,All,#4682B4,0
8,7,6,8.513,8.513,7.70077,0,All,#4682B4,0
9,7,6,8.513,8.513,7.78949,0,All,#4682B4,0
10,7,6,8.513,8.513,8.09105,0,All,#4682B4,0
1,7,6.5,7.832,7.832,8.08757,0,All,#4682B4,0
2,7,6.5,7.832,7.832,7.88056,0,All,#4682B4,0
3,7,6.5,7.832,7.832,7.76132,0,All,#4682B4,0
4,7,6.5,7.832,7.832,8.57484,0,All,#4682B4,0
5,7,6.5,7.832,7.832,7.54902,0,All,#4682B4,0
6,7,6.5,7.832,7.832,8.32995,0,All,#4682B4,0
7,7,6.5,7.832,7.832,7.69433,0,All,#4682B4,0
8,7,6.5,7.832,7.832,8.20629,0,All,#4682B4,0
9,7,6.5,7.832,7.832,8.21314,0,All,#4682B4,0
10,7,6.5,7.832,7.832,8.38564,0,All,#4682B4,0
1,7,7,6.952,6.952,7.98586,0,All,#4682B4,0
2,7,7,6.952,6.952,7.86428,0,All,#4682B4,0
3,7,7,6.952,6.952,7.9249,0,All,#4682B4,0
4,7,7,6.952,6.952,8.7337,0,All,#4682B4,0
5,7,7,6.952,6.952,7.59258,0,All,#4682B4,0
6,7,7,6.952,6.952,8.3184,0,All,#4682B4,0
7,7,7,6.952,6.952,7.65082,0,All,#4682B4,0
8,7,7,6.952,6.952,8.26233,0,All,#4682B4,0
9,7,7,6.952,6.952,8.21103,0,All,#4682B4,0
10,7,7,6.952,6.952,8.26143,0,All,#4682B4,0
1,7,7.5,8.266,8.266,7.78609,0,All,#4682B4,0
2,7,7.5,8.266,8.266,7.75297,0,All,#4682B4,0
3,7,7.5,8.266,8.266,7.86779,0,All,#4682B4,0
4,7,7.5,8.266,8.266,8.48009,0,All,#4682B4,0
5,7,7.5,8.266,8.266,7.49227,0,All,#4682B4,0
6,7,7.5,8.266,8.266,8.07525,0,All,#4682B4,0
7,7,7.5,8.266,8.266,7.52217,0,All,#4682B4,0
8,7,7.5,8.266,8.266,8.05746,0,All,#4682B4,0
9,7,7.5,8.266,8.266,7.99281,0,All,#4682B4,0
10,7,7.5,8.266,8.266,8.00224,0,All,#4682B4,0
1,7,8,7.563,7.563,7.54756,0,All,#4682B4,0
2,7,8,7.563,7.563,7.60488,0,All,#4682B4,0
3,7,8,7.563,7.563,7.69987,0,All,#4682B4,0
4,7,8,7.563,7.563,8.1212,0,All,#4682B4,0
5,7,8,7.563,7.563,7.32829,0,All,#4682B4,0
6,7,8,7.563,7.563,7.77066,0,All,#4682B4,0
7,7,8,7.563,7.563,7.35858,0,All,#4682B4,0
8,7,8,7.563,7.563,7.74978,0,All,#4682B4,0
9,7,8,7.563,7.563,7.7037,0,All,#4682B4,0
10,7,8,7.563,7.563,7.7027,0,All,#4682B4,0
1,7,8.5,7.162,7.162,7.29867,0,All,#4682B4,0
2,7,8.5,7.162,7.162,7.44383,0,All,#4682B4,0
3,7,8.5,7.162,7.162,7.49394,0,All,#4682B4,0
4,7,8.5,7.162,7.162,7.74121,0,All,#4682B4,0
5,7,8.5,7.162,7.162,7.14184,0,All,#4682B4,0
6,7,8.5,7.162,7.162,7.45884,0,All,#4682B4,0
7,7,8.5,7.162,7.162,7.18605,0,All,#4682B4,0
8,7,8.5,7.162,7.162,7.40898,0,All,#4682B4,0
9,7,8.5,7.162,7.162,7.39809,0,All,#4682B4,0
10,7,8.5,7.162,7.162,7.39598,0,All,#4682B4,0
1,7,9,6.28,6.28,7.04473,0,All,#4682B4,0
2,7,9,6.28,6.28,7.28163,0,All,#4682B4,0
3,7,9,6.28,6.28,7.28254,0,All,#4682B4,0
4,7,9,6.28,6.28,7.36251,0,All,#4682B4,0
5,7,9,6.28,6.28,6.95448,0,All,#4682B4,0
6,7,9,6.28,6.28,7.15968,0,All,#4682B4,0
7,7,9,6.28,6.28,7.01879,0,All,#4682B4,0
8,7,9,6.28,6.28,7.06767,0,All,#4682B4,0
9,7,9,6.28,6.28,7.09912,0,All,#4682B4,0
10,7,9,6.28,6.28,7.09873,0,All,#4682B4,0
1,7,9.5,8.078,8.078,6.75964,0,All,#4682B4,0
2,7,9.5,8.078,8.078,7.09491,0,All,#4682B4,0
3,7,9.5,8.078,8.078,7.08189,0,All,#4682B4,0
4,7,9.5,8.078,8.078,6.99381,0,All,#4682B4,0
5,7,9.5,8.078,8.078,6.7796,0,All,#4682B4,0
6,7,9.5,8.078,8.078,6.88205,0,All,#4682B4,0
7,7,9.5,8.078,8.078,6.86452,0,All,#4682B4,0
8,7,9.5,8.078,8.078,6.74055,0,All,#4682B4,0
9,7,9.5,8.078,8.078,6.81772,0,All,#4682B4,0
10,7,9.5,8.078,8.078,6.81681,0,All,#4682B4,0
1,7,10,7.415,7.415,6.44744,0,All,#4682B4,0
2,7,10,7.415,7.415,6.84831,0,All,#4682B4,0
3,7,10,7.415,7.415,6.89012,0,All,#4682B4,0
4,7,10,7.415,7.415,6.62523,0,All,#4682B4,0
5,7,10,7.415,7.415,6.62386,0,All,#4682B4,0
6,7,10,7.415,7.415,6.63104,0,All,#4682B4,0
7,7,10,7.415,7.415,6.66394,0,All,#4682B4,0
8,7,10,7.415,7.415,6.43448,0,All,#4682B4,0
9,7,10,7.415,7.415,6.55945,0,All,#4682B4,0
10,7,10,7.415,7.415,6.55613,0,All,#4682B4,0
1,7,10.5,7.022,7.022,6.11284,0,All,#4682B4,0
2,7,10.5,7.022,7.022,6.53971,0,All,#4682B4,0
3,7,10.5,7.022,7.022,6.62512,0,All,#4682B4,0
4,7,10.5,7.022,7.022,6.23715,0,All,#4682B4,0
5,7,10.5,7.022,7.022,6.48729,0,All,#4682B4,0
6,7,10.5,7.022,7.022,6.36717,0,All,#4682B4,0
7,7,10.5,7.022,7.022,6.3462,0,All,#4682B4,0
8,7,10.5,7.022,7.022,6.15269,0,All,#4682B4,0
9,7,10.5,7.022,7.022,6.32735,0,All,#4682B4,0
10,7,10.5,7.022,7.022,6.31901,0,All,#4682B4,0
1,7,11,6.394,6.394,5.76441,0,All,#4682B4,0
2,7,11,6.394,6.394,6.16876,0,All,#4682B4,0
3,7,11,6.394,6.394,6.27317,0,All,#4682B4,0
4,7,11,6.394,6.394,5.83658,0,All,#4682B4,0
5,7,11,6.394,6.394,6.27247,0,All,#4682B4,0
6,7,11,6.394,6.394,6.0313,0,All,#4682B4,0
7,7,11,6.394,6.394,5.91466,0,All,#4682B4,0
8,7,11,6.394,6.394,5.89699,0,All,#4682B4,0
9,7,11,6.394,6.394,6.10984,0,All,#4682B4,0
10,7,11,6.394,6.394,6.10531,0,All,#4682B4,0
1,7,11.5,5.54,5.54,5.39841,0,All,#4682B4,0
2,7,11.5,5.54,5.54,5.74048,0,All,#4682B4,0
3,7,11.5,5.54,5.54,5.84432,0,All,#4682B4,0
4,7,11.5,5.54,5.54,5.42176,0,All,#4682B4,0
5,7,11.5,5.54,5.54,5.89815,0,All,#4682B4,0
6,7,11.5,5.54,5.54,5.63297,0,All,#4682B4,0
7,7,11.5,5.54,5.54,5.3897,0,All,#4682B4,0
8,7,11.5,5.54,5.54,5.66887,0,All,#4682B4,0
9,7,11.5,5.54,5.54,5.78764,0,All,#4682B4,0
10,7,11.5,5.54,5.54,5.85599,0,All,#4682B4,0
1,7,12,4.815,4.815,5.02111,0,All,#4682B4,0
2,7,12,4.815,4.815,5.26046,0,All,#4682B4,0
3,7,12,4.815,4.815,5.35202,0,All,#4682B4,0
4,7,12,4.815,4.815,4.99499,0,All,#4682B4,0
5,7,12,4.815,4.815,5.3779,0,All,#4682B4,0
6,7,12,4.815,4.815,5.17546,0,All,#4682B4,0
7,7,12,4.815,4.815,4.79374,0,All,#4682B4,0
8,7,12,4.815,4.815,5.46021,0,All,#4682B4,0
9,7,12,4.815,4.815,5.34745,0,All,#4682B4,0
10,7,12,4.815,4.815,5.5179,0,All,#4682B4,0
1,7,12.5,6.041,6.041,4.62536,0,All,#4682B4,0
2,7,12.5,6.041,6.041,4.74366,0,All,#4682B4,0
3,7,12.5,6.041,6.041,4.80515,0,All,#4682B4,0
4,7,12.5,6.041,6.041,4.55741,0,All,#4682B4,0
5,7,12.5,6.041,6.041,4.74404,0,All,#4682B4,0
6,7,12.5,6.041,6.041,4.66798,0,All,#4682B4,0
7,7,12.5,6.041,6.041,4.15593,0,All,#4682B4,0
8,7,12.5,6.041,6.041,5.11471,0,All,#4682B4,0
9,7,12.5,6.041,6.041,4.79864,0,All,#4682B4,0
10,7,12.5,6.041,6.041,5.09799,0,All,#4682B4,0
1,7,13,3.252,3.252,4.22135,0,All,#4682B4,0
2,7,13,3.252,3.252,4.19799,0,All,#4682B4,0
3,7,13,3.252,3.252,4.21866,0,All,#4682B4,0
4,7,13,3.252,3.252,4.10837,0,All,#4682B4,0
5,7,13,3.252,3.252,4.03277,0,All,#4682B4,0
6,7,13,3.252,3.252,4.114,0,All,#4682B4,0
7,7,13,3.252,3.252,3.48724,0,All,#4682B4,0
8,7,13,3.252,3.252,4.57151,0,All,#4682B4,0
9,7,13,3.252,3.252,4.16062,0,All,#4682B4,0
10,7,13,3.252,3.252,4.59759,0,All,#4682B4,0
1,7,13.5,3,2.63849,3.80768,1,All,#4682B4,0
2,7,13.5,3,1.87394,3.63652,1,All,#4682B4,0
3,7,13.5,3,1.68187,3.59829,1,All,#4682B4,0
4,7,13.5,3,2.93111,3.64308,1,All,#4682B4,0
5,7,13.5,3,2.33617,3.27,1,All,#4682B4,0
6,7,13.5,3,1.63955,3.52243,1,All,#4682B4,0
7,7,13.5,3,1.80778,2.79684,1,All,#4682B4,0
8,7,13.5,3,1.24351,3.87079,1,All,#4682B4,0
9,7,13.5,3,2.92466,3.45022,1,All,#4682B4,0
10,7,13.5,3,2.10887,4.02637,1,All,#4682B4,0
1,7,14,3.522,3.522,3.38772,0,All,#4682B4,0
2,7,14,3.522,3.522,3.0583,0,All,#4682B4,0
3,7,14,3.522,3.522,2.9512,0,All,#4682B4,0
4,7,14,3.522,3.522,3.16317,0,All,#4682B4,0
5,7,14,3.522,3.522,2.46555,0,All,#4682B4,0
6,7,14,3.522,3.522,2.89757,0,All,#4682B4,0
7,7,14,3.522,3.522,2.08701,0,All,#4682B4,0
8,7,14,3.522,3.522,3.05559,0,All,#4682B4,0
9,7,14,3.522,3.522,2.68268,0,All,#4682B4,0
10,7,14,3.522,3.522,3.39218,0,All,#4682B4,0
1,7,14.5,3,2.57829,2.9592,1,All,#4682B4,0
2,7,14.5,3,1.79253,2.47005,1,All,#4682B4,0
3,7,14.5,3,2.06925,2.2816,1,All,#4682B4,0
4,7,14.5,3,2.87396,2.66926,1,All,#4682B4,0
5,7,14.5,3,1.61002,1.62984,1,All,#4682B4,0
6,7,14.5,3,2.19853,2.24167,1,All,#4682B4,0
7,7,14.5,3,1.11594,1.36346,1,All,#4682B4,0
8,7,14.5,3,0.377111,2.16553,1,All,#4682B4,0
9,7,14.5,3,2.42372,1.87194,1,All,#4682B4,0
10,7,14.5,3,2.86611,2.70284,1,All,#4682B4,0
1,7,15,3,2.13968,2.52007,1,All,#4682B4,0
2,7,15,3,1.57472,1.87505,1,All,#4682B4,0
3,7,15,3,1.31004,1.59349,1,All,#4682B4,0
4,7,15,3,2.35738,2.16076,1,All,#4682B4,0
5,7,15,3,0.545255,0.766967,1,All,#4682B4,0
6,7,15,3,2.2964,1.56306,1,All,#4682B4,0
7,7,15,3,0.622022,0.627148,1,All,#4682B4,0
8,7,15,3,1.98472,1.22208,1,All,#4682B4,0
9,7,15,3,2.06028,1.02718,1,All,#4682B4,0
10,7,15,3,2.39235,1.96872,1,All,#4682B4,0
1,7,15.5,3,1.19134,2.07125,1,All,#4682B4,0
2,7,15.5,3,2.83109,1.274,1,All,#4682B4,0
3,7,15.5,3,0.662191,0.886672,1,All,#4682B4,0
4,7,15.5,3,0.243911,1.63838,1,All,#4682B4,0
5,7,15.5,3,1.50891,0,1,All,#4682B4,0
6,7,15.5,3,2.154,0.859394,1,All,#4682B4,0
7,7,15.5,3,0.151138,0,1,All,#4682B4,0
8,7,15.5,3,0.494716,0.243572,1,All,#4682B4,0
9,7,15.5,3,0.489054,0.150565,1,All,#4682B4,0
10,7,15.5,3,2.43338,1.19899,1,All,#4682B4,0
1,7,16,3,1.20396,1.61414,1,All,#4682B4,0
2,7,16,3,0.664397,0.668235,1,All,#4682B4,0
3,7,16,3,0.0820697,0.16481,1,All,#4682B4,0
4,7,16,3,1.06352,1.10137,1,All,#4682B4,0
5,7,16,3,0.206589,0,1,All,#4682B4,0
6,7,16,3,0.369395,0.134777,1,All,#4682B4,0
7,7,16,3,0.773227,0,1,All,#4682B4,0
8,7,16,3,0.532175,0,1,All,#4682B4,0
9,7,16,3,0.633015,0,1,All,#4682B4,0
10,7,16,3,0.674447,0.397069,1,All,#4682B4,0
1,8,1,3,1.04438,0,1,All,#4682B4,0
2,8,1,3,0.677988,0,1,All,#4682B4,0
3,8,1,3,0.243118,0,1,All,#4682B4,0
4,8,1,3,0.633028,0,1,All,#4682B4,0
5,8,1,3,1.04594,0,1,All,#4682B4,0
6,8,1,3,1.02166,0,1,All,#4682B4,0
7,8,1,3,0.0119175,0,1,All,#4682B4,0
8,8,1,3,1.20931,0,1,All,#4682B4,0
9,8,1,3,0.289295,0,1,All,#4682B4,0
10,8,1,3,0.334575,0,1,All,#4682B4,0
1,8,1.5,3,0.149482,0,1,All,#4682B4,0
2,8,1.5,3,0.558137,0,1,All,#4682B4,0
3,8,1.5,3,1.80968,0,1,All,#4682B4,0
4,8,1.5,3,0.0554104,0,1,All,#4682B4,0
5,8,1.5,3,0.188238,0,1,All,#4682B4,0
6,8,1.5,3,0.477289,0,1,All,#4682B4,0
7,8,1.5,3,1.04678,0,1,All,#4682B4,0
8,8,1.5,3,1.85035,0,1,All,#4682B4,0
9,8,1.5,3,1.3034,0,1,All,#4682B4,0
10,8,1.5,3,0.472289,0,1,All,#4682B4,0
1,8,2,3.586,3.586,0,0,All,#4682B4,0
2,8,2,3.586,3.586,0,0,All,#4682B4,0
3,8,2,3.586,3.586,0,0,All,#4682B4,0
4,8,2,3.586,3.586,0,0,All,#4682B4,0
5,8,2,3.586,3.586,3.26013,0,All,#4682B4,0
6,8,2,3.586,3.586,0,0,All,#4682B4,0
7,8,2,3.586,3.586,0,0,All,#4682B4,0
8,8,2,3.586,3.586,0,0,All,#4682B4,0
9,8,2,3.586,3.586,0,0,All,#4682B4,0
10,8,2,3.586,3.586,0,0,All,#4682B4,0
1,8,2.5,3,2.30371,2.64981,1,All,#4682B4,0
2,8,2.5,3,1.37563,2.24322,1,All,#4682B4,0
3,8,2.5,3,2.81864,3.15153,1,All,#4682B4,0
4,8,2.5,3,2.48982,3.15039,1,All,#4682B4,0
5,8,2.5,3,2.88488,6.0223,1,All,#4682B4,0
6,8,2.5,3,0.172468,0,1,All,#4682B4,0
7,8,2.5,3,2.87338,4.26509,1,All,#4682B4,0
8,8,2.5,3,2.90475,2.64583,1,All,#4682B4,0
9,8,2.5,3,0.356589,0,1,All,#4682B4,0
10,8,2.5,3,0.344631,0,1,All,#4682B4,0
1,8,3,6.307,6.307,6.50729,0,All,#4682B4,0
2,8,3,6.307,6.307,6.10675,0,All,#4682B4,0
3,8,3,6.307,6.307,6.11315,0,All,#4682B4,0
4,8,3,6.307,6.307,6.0716,0,All,#4682B4,0
5,8,3,6.307,6.307,6.95074,0,All,#4682B4,0
6,8,3,6.307,6.307,6.30426,0,All,#4682B4,0
7,8,3,6.307,6.307,6.90518,0,All,#4682B4,0
8,8,3,6.307,6.307,6.36794,0,All,#4682B4,0
9,8,3,6.307,6.307,5.2181,0,All,#4682B4,0
10,8,3,6.307,6.307,5.87688,0,All,#4682B4,0
1,8,3.5,7.513,7.513,7.60867,0,All,#4682B4,0
2,8,3.5,7.513,7.513,7.22153,0,All,#4682B4,0
3,8,3.5,7.513,7.513,7.10202,0,All,#4682B4,0
4,8,3.5,7.513,7.513,7.13572,0,All,#4682B4,0
5,8,3.5,7.513,7.513,7.43729,0,All,#4682B4,0
6,8,3.5,7.513,7.513,7.72703,0,All,#4682B4,0
7,8,3.5,7.513,7.513,7.77002,0,All,#4682B4,0
8,8,3.5,7.513,7.513,7.34275,0,All,#4682B4,0
9,8,3.5,7.513,7.513,6.69221,0,All,#4682B4,0
10,8,3.5,7.513,7.513,7.27448,0,All,#4682B4,0
1,8,4,8.396,8.396,8.16296,0,All,#4682B4,0
2,8,4,8.396,8.396,7.78182,0,All,#4682B4,0
3,8,4,8.396,8.396,7.62058,0,All,#4682B4,0
4,8,4,8.396,8.396,7.70905,0,All,#4682B4,0
5,8,4,8.396,8.396,7.7262,0,All,#4682B4,0
6,8,4,8.396,8.396,8.29934,0,All,#4682B4,0
7,8,4,8.396,8.396,8.20167,0,All,#4682B4,0
8,8,4,8.396,8.396,7.8221,0,All,#4682B4,0
9,8,4,8.396,8.396,7.40893,0,All,#4682B4,0
10,8,4,8.396,8.396,7.9076,0,All,#4682B4,0
1,8,4.5,8.555,8.555,8.45342,0,All,#4682B4,0
2,8,4.5,8.555,8.555,8.09844,0,All,#4682B4,0
3,8,4.5,8.555,8.555,7.92579,0,All,#4682B4,0
4,8,4.5,8.555,8.555,8.05744,0,All,#4682B4,0
5,8,4.5,8.555,8.555,7.89845,0,All,#4682B4,0
6,8,4.5,8.555,8.555,8.59521,0,All,#4682B4,0
7,8,4.5,8.555,8.555,8.39847,0,All,#4682B4,0
8,8,4.5,8.555,8.555,8.08872,0,All,#4682B4,0
9,8,4.5,8.555,8.555,7.83687,0,All,#4682B4,0
10,8,4.5,8.555,8.555,8.25983,0,All,#4682B4,0
1,8,5,8.486,8.486,8.54783,0,All,#4682B4,0
2,8,5,8.486,8.486,8.26258,0,All,#4682B4,0
3,8,5,8.486,8.486,8.09788,0,All,#4682B4,0
4,8,5,8.486,8.486,8.26237,0,All,#4682B4,0
5,8,5,8.486,8.486,7.98561,0,All,#4682B4,0
6,8,5,8.486,8.486,8.73394,0,All,#4682B4,0
7,8,5,8.486,8.486,8.4194,0,All,#4682B4,0
8,8,5,8.486,8.486,8.224,0,All,#4682B4,0
9,8,5,8.486,8.486,8.09824,0,All,#4682B4,0
10,8,5,8.486,8.486,8.4549,0,All,#4682B4,0
1,8,5.5,7.651,7.651,8.47163,0,All,#4682B4,0
2,8,5.5,7.651,7.651,8.30442,0,All,#4682B4,0
3,8,5.5,7.651,7.651,8.15849,0,All,#4682B4,0
4,8,5.5,7.651,7.651,8.35858,0,All,#4682B4,0
5,8,5.5,7.651,7.651,8.00236,0,All,#4682B4,0
6,8,5.5,7.651,7.651,8.74612,0,All,#4682B4,0
7,8,5.5,7.651,7.651,8.3199,0,All,#4682B4,0
8,8,5.5,7.651,7.651,8.25707,0,All,#4682B4,0
9,8,5.5,7.651,7.651,8.23645,0,All,#4682B4,0
10,8,5.5,7.651,7.651,8.53275,0,All,#4682B4,0
1,8,6,8.769,8.769,8.28139,0,All,#4682B4,0
2,8,6,8.769,8.769,8.23809,0,All,#4682B4,0
3,8,6,8.769,8.769,8.11555,0,All,#4682B4,0
4,8,6,8.769,8.769,8.3557,0,All,#4682B4,0
5,8,6,8.769,8.769,7.95372,0,All,#4682B4,0
6,8,6,8.769,8.769,8.65575,0,All,#4682B4,0
7,8,6,8.769,8.769,8.16338,0,All,#4682B4,0
8,8,6,8.769,8.769,8.20457,0,All,#4682B4,0
9,8,6,8.769,8.769,8.267,0,All,#4682B4,0
10,8,6,8.769,8.769,8.5105,0,All,#4682B4,0
1,8,6.5,6.997,6.997,8.02574,0,All,#4682B4,0
2,8,6.5,6.997,6.997,8.07955,0,All,#4682B4,0
3,8,6.5,6.997,6.997,7.9855,0,All,#4682B4,0
4,8,6.5,6.997,6.997,8.2632,0,All,#4682B4,0
5,8,6.5,6.997,6.997,7.84693,0,All,#4682B4,0
6,8,6.5,6.997,6.997,8.4864,0,All,#4682B4,0
7,8,6.5,6.997,6.997,7.9872,0,All,#4682B4,0
8,8,6.5,6.997,6.997,8.08369,0,All,#4682B4,0
9,8,6.5,6.997,6.997,8.20254,0,All,#4682B4,0
10,8,6.5,6.997,6.997,8.40772,0,All,#4682B4,0
1,8,7,9.526,9.526,7.73247,0,All,#4682B4,0
2,8,7,9.526,9.526,7.85256,0,All,#4682B4,0
3,8,7,9.526,9.526,7.78343,0,All,#4682B4,0
4,8,7,9.526,9.526,8.09373,0,All,#4682B4,0
5,8,7,9.526,9.526,7.67702,0,All,#4682B4,0
6,8,7,9.526,9.526,8.25949,0,All,#4682B4,0
7,8,7,9.526,9.526,7.79394,0,All,#4682B4,0
8,8,7,9.526,9.526,7.91167,0,All,#4682B4,0
9,8,7,9.526,9.526,8.0513,0,All,#4682B4,0
10,8,7,9.526,9.526,8.24226,0,All,#4682B4,0
1,8,7.5,7.693,7.693,7.41312,0,All,#4682B4,0
2,8,7.5,7.693,7.693,7.57885,0,All,#4682B4,0
3,8,7.5,7.693,7.693,7.52288,0,All,#4682B4,0
4,8,7.5,7.693,7.693,7.86232,0,All,#4682B4,0
5,8,7.5,7.693,7.693,7.45264,0,All,#4682B4,0
6,8,7.5,7.693,7.693,7.98979,0,All,#4682B4,0
7,8,7.5,7.693,7.693,7.57395,0,All,#4682B4,0
8,8,7.5,7.693,7.693,7.69649,0,All,#4682B4,0
9,8,7.5,7.693,7.693,7.82906,0,All,#4682B4,0
10,8,7.5,7.693,7.693,8.02281,0,All,#4682B4,0
1,8,8,8.222,8.222,7.07121,0,All,#4682B4,0
2,8,8,8.222,8.222,7.27476,0,All,#4682B4,0
3,8,8,8.222,8.222,7.21609,0,All,#4682B4,0
4,8,8,8.222,8.222,7.5837,0,All,#4682B4,0
5,8,8,8.222,8.222,7.18084,0,All,#4682B4,0
6,8,8,8.222,8.222,7.6851,0,All,#4682B4,0
7,8,8,8.222,8.222,7.32452,0,All,#4682B4,0
8,8,8,8.222,8.222,7.42564,0,All,#4682B4,0
9,8,8,8.222,8.222,7.54884,0,All,#4682B4,0
10,8,8,8.222,8.222,7.75673,0,All,#4682B4,0
1,8,8.5,7.189,7.189,6.70728,0,All,#4682B4,0
2,8,8.5,7.189,7.189,6.95255,0,All,#4682B4,0
3,8,8.5,7.189,7.189,6.87215,0,All,#4682B4,0
4,8,8.5,7.189,7.189,7.27013,0,All,#4682B4,0
5,8,8.5,7.189,7.189,6.8663,0,All,#4682B4,0
6,8,8.5,7.189,7.189,7.34822,0,All,#4682B4,0
7,8,8.5,7.189,7.189,7.04229,0,All,#4682B4,0
8,8,8.5,7.189,7.189,7.10078,0,All,#4682B4,0
9,8,8.5,7.189,7.189,7.22145,0,All,#4682B4,0
10,8,8.5,7.189,7.189,7.45423,0,All,#4682B4,0
1,8,9,7.963,7.963,6.32086,0,All,#4682B4,0
2,8,9,7.963,7.963,6.61678,0,All,#4682B4,0
3,8,9,7.963,7.963,6.49765,0,All,#4682B4,0
4,8,9,7.963,7.963,6.92991,0,All,#4682B4,0
5,8,9,7.963,7.963,6.51639,0,All,#4682B4,0
6,8,9,7.963,7.963,6.97937,0,All,#4682B4,0
7,8,9,7.963,7.963,6.72357,0,All,#4682B4,0
8,8,9,7.963,7.963,6.72233,0,All,#4682B4,0
9,8,9,7.963,7.963,6.8543,0,All,#4682B4,0
10,8,9,7.963,7.963,7.12013,0,All,#4682B4,0
1,8,9.5,7.387,7.387,5.9111,0,All,#4682B4,0
2,8,9.5,7.387,7.387,6.25901,0,All,#4682B4,0
3,8,9.5,7.387,7.387,6.09872,0,All,#4682B4,0
4,8,9.5,7.387,7.387,6.56915,0,All,#4682B4,0
5,8,9.5,7.387,7.387,6.13752,0,All,#4682B4,0
6,8,9.5,7.387,7.387,6.57763,0,All,#4682B4,0
7,8,9.5,7.387,7.387,6.36471,0,All,#4682B4,0
8,8,9.5,7.387,7.387,6.28954,0,All,#4682B4,0
9,8,9.5,7.387,7.387,6.45251,0,All,#4682B4,0
10,8,9.5,7.387,7.387,6.75648,0,All,#4682B4,0
1,8,10,7.281,7.281,5.47353,0,All,#4682B4,0
2,8,10,7.281,7.281,5.88254,0,All,#4682B4,0
3,8,10,7.281,7.281,5.68126,0,All,#4682B4,0
4,8,10,7.281,7.281,6.19211,0,All,#4682B4,0
5,8,10,7.281,7.281,5.73708,0,All,#4682B4,0
6,8,10,7.281,7.281,6.14179,0,All,#4682B4,0
7,8,10,7.281,7.281,5.96254,0,All,#4682B4,0
8,8,10,7.281,7.281,5.8032,0,All,#4682B4,0
9,8,10,7.281,7.281,6.02101,0,All,#4682B4,0
10,8,10,7.281,7.281,6.36398,0,All,#4682B4,0
1,8,10.5,5.63,5.63,5.02512,0,All,#4682B4,0
2,8,10.5,5.63,5.63,5.4945,0,All,#4682B4,0
3,8,10.5,5.63,5.63,5.25376,0,All,#4682B4,0
4,8,10.5,5.63,5.63,5.80275,0,All,#4682B4,0
5,8,10.5,5.63,5.63,5.3282,0,All,#4682B4,0
6,8,10.5,5.63,5.63,5.67099,0,All,#4682B4,0
7,8,10.5,5.63,5.63,5.51939,0,All,#4682B4,0
8,8,10.5,5.63,5.63,5.2712,0,All,#4682B4,0
9,8,10.5,5.63,5.63,5.56534,0,All,#4682B4,0
10,8,10.5,5.63,5.63,5.94322,0,All,#4682B4,0
1,8,11,4.791,4.791,4.56119,0,All,#4682B4,0
2,8,11,4.791,4.791,5.10511,0,All,#4682B4,0
3,8,11,4.791,4.791,4.82902,0,All,#4682B4,0
4,8,11,4.791,4.791,5.40615,0,All,#4682B4,0
5,8,11,4.791,4.791,4.92411,0,All,#4682B4,0
6,8,11,4.791,4.791,5.16763,0,All,#4682B4,0
7,8,11,4.791,4.791,5.03939,0,All,#4682B4,0
8,8,11,4.791,4.791,4.72971,0,All,#4682B4,0
9,8,11,4.791,4.791,5.09438,0,All,#4682B4,0
10,8,11,4.791,4.791,5.49552,0,All,#4682B4,0
1,8,11.5,6.059,6.059,4.09778,0,All,#4682B4,0
2,8,11.5,6.059,6.059,4.72942,0,All,#4682B4,0
3,8,11.5,6.059,6.059,4.42364,0,All,#4682B4,0
4,8,11.5,6.059,6.059,5.00992,0,All,#4682B4,0
5,8,11.5,6.059,6.059,4.54583,0,All,#4682B4,0
6,8,11.5,6.059,6.059,4.64127,0,All,#4682B4,0
7,8,11.5,6.059,6.059,4.54709,0,All,#4682B4,0
8,8,11.5,6.059,6.059,4.23015,0,All,#4682B4,0
9,8,11.5,6.059,6.059,4.62276,0,All,#4682B4,0
10,8,11.5,6.059,6.059,5.02448,0,All,#4682B4,0
1,8,12,3.492,3.492,3.65673,0,All,#4682B4,0
2,8,12,3.492,3.492,4.38611,0,All,#4682B4,0
3,8,12,3.492,3.492,4.05725,0,All,#4682B4,0
4,8,12,3.492,3.492,4.62349,0,All,#4682B4,0
5,8,12,3.492,3.492,4.21616,0,All,#4682B4,0
6,8,12,3.492,3.492,4.11644,0,All,#4682B4,0
7,8,12,3.492,3.492,4.08762,0,All,#4682B4,0
8,8,12,3.492,3.492,3.83056,0,All,#4682B4,0
9,8,12,3.492,3.492,4.17256,0,All,#4682B4,0
10,8,12,3.492,3.492,4.53842,0,All,#4682B4,0
1,8,12.5,3.812,3.812,3.26878,0,All,#4682B4,0
2,8,12.5,3.812,3.812,4.09293,0,All,#4682B4,0
3,8,12.5,3.812,3.812,3.75181,0,All,#4682B4,0
4,8,12.5,3.812,3.812,4.25778,0,All,#4682B4,0
5,8,12.5,3.812,3.812,3.9457,0,All,#4682B4,0
6,8,12.5,3.812,3.812,3.64744,0,All,#4682B4,0
7,8,12.5,3.812,3.812,3.7152,0,All,#4682B4,0
8,8,12.5,3.812,3.812,3.54844,0,All,#4682B4,0
9,8,12.5,3.812,3.812,3.77074,0,All,#4682B4,0
10,8,12.5,3.812,3.812,4.05278,0,All,#4682B4,0
1,8,13,3,2.35081,2.95963,1,All,#4682B4,0
2,8,13,3,2.60788,3.86071,1,All,#4682B4,0
3,8,13,3,2.85811,3.51589,1,All,#4682B4,0
4,8,13,3,2.0745,3.92568,1,All,#4682B4,0
5,8,13,3,2.3773,3.73588,1,All,#4682B4,0
6,8,13,3,1.82795,3.29036,1,All,#4682B4,0
7,8,13,3,2.96189,3.45313,1,All,#4682B4,0
8,8,13,3,2.45448,3.3601,1,All,#4682B4,0
9,8,13,3,2.56236,3.43619,1,All,#4682B4,0
10,8,13,3,2.70564,3.59668,1,All,#4682B4,0
1,8,13.5,3.958,3.958,2.73706,0,All,#4682B4,0
2,8,13.5,3.958,3.958,3.69005,0,All,#4682B4,0
3,8,13.5,3.958,3.958,3.34587,0,All,#4682B4,0
4,8,13.5,3.958,3.958,3.63853,0,All,#4682B4,0
5,8,13.5,3.958,3.958,3.57891,0,All,#4682B4,0
6,8,13.5,3.958,3.958,3.06094,0,All,#4682B4,0
7,8,13.5,3.958,3.958,3.28335,0,All,#4682B4,0
8,8,13.5,3.958,3.958,3.23523,0,All,#4682B4,0
9,8,13.5,3.958,3.958,3.1793,0,All,#4682B4,0
10,8,13.5,3.958,3.958,3.20492,0,All,#4682B4,0
1,8,14,3,2.52586,2.59203,1,All,#4682B4,0
2,8,14,3,2.86545,3.57391,1,All,#4682B4,0
3,8,14,3,2.65813,3.23404,1,All,#4682B4,0
4,8,14,3,2.58275,3.40341,1,All,#4682B4,0
5,8,14,3,2.81265,3.46325,1,All,#4682B4,0
6,8,14,3,2.44149,2.93105,1,All,#4682B4,0
7,8,14,3,1.18827,3.17847,1,All,#4682B4,0
8,8,14,3,1.50752,3.14879,1,All,#4682B4,0
9,8,14,3,2.92145,2.99387,1,All,#4682B4,0
10,8,14,3,1.95642,2.89947,1,All,#4682B4,0
1,8,14.5,3.773,3.773,2.50755,0,All,#4682B4,0
2,8,14.5,3.773,3.773,3.501,0,All,#4682B4,0
3,8,14.5,3.773,3.773,3.16163,0,All,#4682B4,0
4,8,14.5,3.773,3.773,3.22239,0,All,#4682B4,0
5,8,14.5,3.773,3.773,3.37937,0,All,#4682B4,0
6,8,14.5,3.773,3.773,2.86484,0,All,#4682B4,0
7,8,14.5,3.773,3.773,3.11407,0,All,#4682B4,0
8,8,14.5,3.773,3.773,3.08493,0,All,#4682B4,0
9,8,14.5,3.773,3.773,2.86778,0,All,#4682B4,0
10,8,14.5,3.773,3.773,2.68296,0,All,#4682B4,0
1,8,15,3,2.6949,2.46635,1,All,#4682B4,0
2,8,15,3,2.75581,3.45993,1,All,#4682B4,0
3,8,15,3,2.18285,3.12286,1,All,#4682B4,0
4,8,15,3,2.29663,3.09176,1,All,#4682B4,0
5,8,15,3,2.6283,3.31755,1,All,#4682B4,0
6,8,15,3,2.59554,2.83432,1,All,#4682B4,0
7,8,15,3,2.69971,3.07221,1,All,#4682B4,0
8,8,15,3,2.35581,3.03348,1,All,#4682B4,0
9,8,15,3,1.22444,2.78646,1,All,#4682B4,0
10,8,15,3,2.9076,2.54051,1,All,#4682B4,0
1,8,15.5,3,2.4384,2.45295,1,All,#4682B4,0
2,8,15.5,3,2.19658,3.44116,1,All,#4682B4,0
3,8,15.5,3,2.05961,3.10441,1,All,#4682B4,0
4,8,15.5,3,2.04009,3.00406,1,All,#4682B4,0
5,8,15.5,3,2.64854,3.27013,1,All,#4682B4,0
6,8,15.5,3,1.54912,2.82232,1,All,#4682B4,0
7,8,15.5,3,1.90433,3.0421,1,All,#4682B4,0
8,8,15.5,3,2.78382,2.98676,1,All,#4682B4,0
9,8,15.5,3,2.44484,2.7373,1,All,#4682B4,0
10,8,15.5,3,0.372125,2.45507,1,All,#4682B4,0
1,8,16,3,1.33212,2.4581,1,All,#4682B4,0
2,8,16,3,2.87927,3.43697,1,All,#4682B4,0
3,8,16,3,1.26094,3.09959,1,All,#4682B4,0
4,8,16,3,2.33288,2.95057,1,All,#4682B4,0
5,8,16,3,2.0668,3.23063,1,All,#4682B4,0
6,8,16,3,2.36038,2.81888,1,All,#4682B4,0
7,8,16,3,2.70373,3.01725,1,All,#4682B4,0
8,8,16,3,2.67537,2.94257,1,All,#4682B4,0
9,8,16,3,1.86619,2.7099,1,All,#4682B4,0
10,8,16,3,2.27941,2.40576,1,All,#4682B4,0
1,8,16.5,3.566,3.566,2.47311,0,All,#4682B4,0
2,8,16.5,3.566,3.566,3.44255,0,All,#4682B4,0
3,8,16.5,3.566,3.566,3.10397,0,All,#4682B4,0
4,8,16.5,3.566,3.566,2.92327,0,All,#4682B4,0
5,8,16.5,3.566,3.566,3.19986,0,All,#4682B4,0
6,8,16.5,3.566,3.566,2.81876,0,All,#4682B4,0
7,8,16.5,3.566,3.566,2.99456,0,All,#4682B4,0
8,8,16.5,3.566,3.566,2.89815,0,All,#4682B4,0
9,8,16.5,3.566,3.566,2.69564,0,All,#4682B4,0
10,8,16.5,3.566,3.566,2.37929,0,All,#4682B4,0
1,8,17,4.05,4.05,2.49507,0,All,#4682B4,0
2,8,17,4.05,4.05,3.45288,0,All,#4682B4,0
3,8,17,4.05,4.05,3.112,0,All,#4682B4,0
4,8,17,4.05,4.05,2.91438,0,All,#4682B4,0
5,8,17,4.05,4.05,3.17265,0,All,#4682B4,0
6,8,17,4.05,4.05,2.8205,0,All,#4682B4,0
7,8,17,4.05,4.05,2.97157,0,All,#4682B4,0
8,8,17,4.05,4.05,2.85296,0,All,#4682B4,0
9,8,17,4.05,4.05,2.68934,0,All,#4682B4,0
10,8,17,4.05,4.05,2.36707,0,All,#4682B4,0
1,8,17.5,3.562,3.562,2.51708,0,All,#4682B4,0
2,8,17.5,3.562,3.562,3.46407,0,All,#4682B4,0
3,8,17.5,3.562,3.562,3.12219,0,All,#4682B4,0
4,8,17.5,3.562,3.562,2.91857,0,All,#4682B4,0
5,8,17.5,3.562,3.562,3.14688,0,All,#4682B4,0
6,8,17.5,3.562,3.562,2.81956,0,All,#4682B4,0
7,8,17.5,3.562,3.562,2.94636,0,All,#4682B4,0
8,8,17.5,3.562,3.562,2.80595,0,All,#4682B4,0
9,8,17.5,3.562,3.562,2.68651,0,All,#4682B4,0
10,8,17.5,3.562,3.562,2.36485,0,All,#4682B4,0
1,8,18,3.318,3.318,2.54146,0,All,#4682B4,0
2,8,18,3.318,3.318,3.47706,0,All,#4682B4,0
3,8,18,3.318,3.318,3.13291,0,All,#4682B4,0
4,8,18,3.318,3.318,2.93226,0,All,#4682B4,0
5,8,18,3.318,3.318,3.12177,0,All,#4682B4,0
6,8,18,3.318,3.318,2.81854,0,All,#4682B4,0
7,8,18,3.318,3.318,2.92174,0,All,#4682B4,0
8,8,18,3.318,3.318,2.75855,0,All,#4682B4,0
9,8,18,3.318,3.318,2.68556,0,All,#4682B4,0
10,8,18,3.318,3.318,2.36405,0,All,#4682B4,0
1,8,18.5,3,2.41007,2.56477,1,All,#4682B4,0
2,8,18.5,3,2.00161,3.49004,1,All,#4682B4,0
3,8,18.5,3,2.01611,3.14402,1,All,#4682B4,0
4,8,18.5,3,1.7555,2.95161,1,All,#4682B4,0
5,8,18.5,3,2.86198,3.09663,1,All,#4682B4,0
6,8,18.5,3,1.86934,2.81455,1,All,#4682B4,0
7,8,18.5,3,2.81157,2.89402,1,All,#4682B4,0
8,8,18.5,3,0.517041,2.70956,1,All,#4682B4,0
9,8,18.5,3,2.27437,2.6857,1,All,#4682B4,0
10,8,18.5,3,2.47961,2.36315,1,All,#4682B4,0
1,8,19,3,2.69535,2.58572,1,All,#4682B4,0
2,8,19,3,2.79425,3.50026,1,All,#4682B4,0
3,8,19,3,1.7422,3.15432,1,All,#4682B4,0
4,8,19,3,2.82636,2.9744,1,All,#4682B4,0
5,8,19,3,2.97949,3.07096,1,All,#4682B4,0
6,8,19,3,2.76708,2.80951,1,All,#4682B4,0
7,8,19,3,2.73332,2.86468,1,All,#4682B4,0
8,8,19,3,1.88115,2.65887,1,All,#4682B4,0
9,8,19,3,2.77135,2.68878,1,All,#4682B4,0
10,8,19,3,2.07288,2.36246,1,All,#4682B4,0
1,8,19.5,3,2.47709,2.60501,1,All,#4682B4,0
2,8,19.5,3,2.65824,3.51234,1,All,#4682B4,0
3,8,19.5,3,1.2833,3.16231,1,All,#4682B4,0
4,8,19.5,3,1.92482,2.99892,1,All,#4682B4,0
5,8,19.5,3,1.0282,3.0446,1,All,#4682B4,0
6,8,19.5,3,2.46031,2.80313,1,All,#4682B4,0
7,8,19.5,3,1.75146,2.83492,1,All,#4682B4,0
8,8,19.5,3,2.06601,2.60622,1,All,#4682B4,0
9,8,19.5,3,2.56106,2.68771,1,All,#4682B4,0
10,8,19.5,3,0.518749,2.36214,1,All,#4682B4,0
1,9,1,3,0.146229,0,1,All,#4682B4,0
2,9,1,3,0.0913459,0,1,All,#4682B4,0
3,9,1,3,0.668804,0,1,All,#4682B4,0
4,9,1,3,0.435241,0,1,All,#4682B4,0
5,9,1,3,0.207323,0,1,All,#4682B4,0
6,9,1,3,0.590603,0,1,All,#4682B4,0
7,9,1,3,1.51512,0,1,All,#4682B4,0
8,9,1,3,0.719698,0,1,All,#4682B4,0
9,9,1,3,1.7802,0,1,All,#4682B4,0
10,9,1,3,1.65642,0,1,All,#4682B4,0
1,9,1.5,3,1.4496,0,1,All,#4682B4,0
2,9,1.5,3,1.514,0,1,All,#4682B4,0
3,9,1.5,3,0.152895,0,1,All,#4682B4,0
4,9,1.5,3,1.02695,0,1,All,#4682B4,0
5,9,1.5,3,0.227764,0,1,All,#4682B4,0
6,9,1.5,3,0.339433,0,1,All,#4682B4,0
7,9,1.5,3,1.37645,0,1,All,#4682B4,0
8,9,1.5,3,0.105625,0,1,All,#4682B4,0
9,9,1.5,3,0.429813,0,1,All,#4682B4,0
10,9,1.5,3,0.225337,0,1,All,#4682B4,0
1,9,2,4.702,4.702,3.92837,0,All,#4682B4,0
2,9,2,4.702,4.702,4.54082,0,All,#4682B4,0
3,9,2,4.702,4.702,5.86998,0,All,#4682B4,0
4,9,2,4.702,4.702,4.86369,0,All,#4682B4,0
5,9,2,4.702,4.702,3.54836,0,All,#4682B4,0
6,9,2,4.702,4.702,5.12178,0,All,#4682B4,0
7,9,2,4.702,4.702,5.19731,0,All,#4682B4,0
8,9,2,4.702,4.702,4.36607,0,All,#4682B4,0
9,9,2,4.702,4.702,4.03702,0,All,#4682B4,0
10,9,2,4.702,4.702,3.47023,0,All,#4682B4,0
1,9,2.5,4.731,4.731,6.359,0,All,#4682B4,0
2,9,2.5,4.731,4.731,6.8001,0,All,#4682B4,0
3,9,2.5,4.731,4.731,7.33727,0,All,#4682B4,0
4,9,2.5,4.731,4.731,6.87709,0,All,#4682B4,0
5,9,2.5,4.731,4.731,6.86076,0,All,#4682B4,0
6,9,2.5,4.731,4.731,6.67352,0,All,#4682B4,0
7,9,2.5,4.731,4.731,6.87905,0,All,#4682B4,0
8,9,2.5,4.731,4.731,6.60431,0,All,#4682B4,0
9,9,2.5,4.731,4.731,6.55334,0,All,#4682B4,0
10,9,2.5,4.731,4.731,6.24054,0,All,#4682B4,0
1,9,3,7.374,7.374,7.38781,0,All,#4682B4,0
2,9,3,7.374,7.374,7.54954,0,All,#4682B4,0
3,9,3,7.374,7.374,7.90005,0,All,#4682B4,0
4,9,3,7.374,7.374,7.59663,0,All,#4682B4,0
5,9,3,7.374,7.374,7.66886,0,All,#4682B4,0
6,9,3,7.374,7.374,7.4253,0,All,#4682B4,0
7,9,3,7.374,7.374,7.5577,0,All,#4682B4,0
8,9,3,7.374,7.374,7.33539,0,All,#4682B4,0
9,9,3,7.374,7.374,7.37262,0,All,#4682B4,0
10,9,3,7.374,7.374,7.07968,0,All,#4682B4,0
1,9,3.5,8.067,8.067,7.94595,0,All,#4682B4,0
2,9,3.5,8.067,8.067,7.92114,0,All,#4682B4,0
3,9,3.5,8.067,8.067,8.17492,0,All,#4682B4,0
4,9,3.5,8.067,8.067,7.95259,0,All,#4682B4,0
5,9,3.5,8.067,8.067,8.04681,0,All,#4682B4,0
6,9,3.5,8.067,8.067,7.85609,0,All,#4682B4,0
7,9,3.5,8.067,8.067,7.91548,0,All,#4682B4,0
8,9,3.5,8.067,8.067,7.70919,0,All,#4682B4,0
9,9,3.5,8.067,8.067,7.76917,0,All,#4682B4,0
10,9,3.5,8.067,8.067,7.49732,0,All,#4682B4,0
1,9,4,8.534,8.534,8.21607,0,All,#4682B4,0
2,9,4,8.534,8.534,8.1064,0,All,#4682B4,0
3,9,4,8.534,8.534,8.2931,0,All,#4682B4,0
4,9,4,8.534,8.534,8.11538,0,All,#4682B4,0
5,9,4,8.534,8.534,8.23379,0,All,#4682B4,0
6,9,4,8.534,8.534,8.09967,0,All,#4682B4,0
7,9,4,8.534,8.534,8.10082,0,All,#4682B4,0
8,9,4,8.534,8.534,7.90087,0,All,#4682B4,0
9,9,4,8.534,8.534,7.93089,0,All,#4682B4,0
10,9,4,8.534,8.534,7.71946,0,All,#4682B4,0
1,9,4.5,8.391,8.391,8.23022,0,All,#4682B4,0
2,9,4.5,8.391,8.391,8.16138,0,All,#4682B4,0
3,9,4.5,8.391,8.391,8.29145,0,All,#4682B4,0
4,9,4.5,8.391,8.391,8.13923,0,All,#4682B4,0
5,9,4.5,8.391,8.391,8.29368,0,All,#4682B4,0
6,9,4.5,8.391,8.391,8.18631,0,All,#4682B4,0
7,9,4.5,8.391,8.391,8.15829,0,All,#4682B4,0
8,9,4.5,8.391,8.391,7.96213,0,All,#4682B4,0
9,9,4.5,8.391,8.391,7.91164,0,All,#4682B4,0
10,9,4.5,8.391,8.391,7.80938,0,All,#4682B4,0
1,9,5,8.658,8.658,8.0451,0,All,#4682B4,0
2,9,5,8.658,8.658,8.10857,0,All,#4682B4,0
3,9,5,8.658,8.658,8.1889,0,All,#4682B4,0
4,9,5,8.658,8.658,8.04655,0,All,#4682B4,0
5,9,5,8.658,8.658,8.25329,0,All,#4682B4,0
6,9,5,8.658,8.658,8.13235,0,All,#4682B4,0
7,9,5,8.658,8.658,8.10961,0,All,#4682B4,0
8,9,5,8.658,8.658,7.91965,0,All,#4682B4,0
9,9,5,8.658,8.658,7.76428,0,All,#4682B4,0
10,9,5,8.658,8.658,7.79113,0,All,#4682B4,0
1,9,5.5,7.239,7.239,7.74963,0,All,#4682B4,0
2,9,5.5,7.239,7.239,7.97188,0,All,#4682B4,0
3,9,5.5,7.239,7.239,8.01227,0,All,#4682B4,0
4,9,5.5,7.239,7.239,7.86038,0,All,#4682B4,0
5,9,5.5,7.239,7.239,8.13595,0,All,#4682B4,0
6,9,5.5,7.239,7.239,7.96152,0,All,#4682B4,0
7,9,5.5,7.239,7.239,7.97887,0,All,#4682B4,0
8,9,5.5,7.239,7.239,7.79937,0,All,#4682B4,0
9,9,5.5,7.239,7.239,7.54659,0,All,#4682B4,0
10,9,5.5,7.239,7.239,7.68665,0,All,#4682B4,0
1,9,6,8.223,8.223,7.41122,0,All,#4682B4,0
2,9,6,8.223,8.223,7.77563,0,All,#4682B4,0
3,9,6,8.223,8.223,7.78654,0,All,#4682B4,0
4,9,6,8.223,8.223,7.60881,0,All,#4682B4,0
5,9,6,8.223,8.223,7.96642,0,All,#4682B4,0
6,9,6,8.223,8.223,7.70382,0,All,#4682B4,0
7,9,6,8.223,8.223,7.79181,0,All,#4682B4,0
8,9,6,8.223,8.223,7.62622,0,All,#4682B4,0
9,9,6,8.223,8.223,7.29891,0,All,#4682B4,0
10,9,6,8.223,8.223,7.52202,0,All,#4682B4,0
1,9,6.5,7.922,7.922,7.06479,0,All,#4682B4,0
2,9,6.5,7.922,7.922,7.54201,0,All,#4682B4,0
3,9,6.5,7.922,7.922,7.53111,0,All,#4682B4,0
4,9,6.5,7.922,7.922,7.31752,0,All,#4682B4,0
5,9,6.5,7.922,7.922,7.75908,0,All,#4682B4,0
6,9,6.5,7.922,7.922,7.39066,0,All,#4682B4,0
7,9,6.5,7.922,7.922,7.57173,0,All,#4682B4,0
8,9,6.5,7.922,7.922,7.41698,0,All,#4682B4,0
9,9,6.5,7.922,7.922,7.04165,0,All,#4682B4,0
10,9,6.5,7.922,7.922,7.31914,0,All,#4682B4,0
1,9,7,7.805,7.805,6.72787,0,All,#4682B4,0
2,9,7,7.805,7.805,7.28705,0,All,#4682B4,0
3,9,7,7.805,7.805,7.25843,0,All,#4682B4,0
4,9,7,7.805,7.805,7.00487,0,All,#4682B4,0
5,9,7,7.805,7.805,7.51431,0,All,#4682B4,0
6,9,7,7.805,7.805,7.05023,0,All,#4682B4,0
7,9,7,7.805,7.805,7.33474,0,All,#4682B4,0
8,9,7,7.805,7.805,7.18008,0,All,#4682B4,0
9,9,7,7.805,7.805,6.78325,0,All,#4682B4,0
10,9,7,7.805,7.805,7.09458,0,All,#4682B4,0
1,9,7.5,6.9,6.9,6.412,0,All,#4682B4,0
2,9,7.5,6.9,6.9,7.02091,0,All,#4682B4,0
3,9,7.5,6.9,6.9,6.97617,0,All,#4682B4,0
4,9,7.5,6.9,6.9,6.68109,0,All,#4682B4,0
5,9,7.5,6.9,6.9,7.23678,0,All,#4682B4,0
6,9,7.5,6.9,6.9,6.70196,0,All,#4682B4,0
7,9,7.5,6.9,6.9,7.09022,0,All,#4682B4,0
8,9,7.5,6.9,6.9,6.91846,0,All,#4682B4,0
9,9,7.5,6.9,6.9,6.52759,0,All,#4682B4,0
10,9,7.5,6.9,6.9,6.85631,0,All,#4682B4,0
1,9,8,7.046,7.046,6.12687,0,All,#4682B4,0
2,9,8,7.046,7.046,6.74957,0,All,#4682B4,0
3,9,8,7.046,7.046,6.68883,0,All,#4682B4,0
4,9,8,7.046,7.046,6.35315,0,All,#4682B4,0
5,9,8,7.046,7.046,6.92835,0,All,#4682B4,0
6,9,8,7.046,7.046,6.36756,0,All,#4682B4,0
7,9,8,7.046,7.046,6.84306,0,All,#4682B4,0
8,9,8,7.046,7.046,6.63236,0,All,#4682B4,0
9,9,8,7.046,7.046,6.27746,0,All,#4682B4,0
10,9,8,7.046,7.046,6.5957,0,All,#4682B4,0
1,9,8.5,6.21,6.21,5.88071,0,All,#4682B4,0
2,9,8.5,6.21,6.21,6.46779,0,All,#4682B4,0
3,9,8.5,6.21,6.21,6.39905,0,All,#4682B4,0
4,9,8.5,6.21,6.21,6.03152,0,All,#4682B4,0
5,9,8.5,6.21,6.21,6.58894,0,All,#4682B4,0
6,9,8.5,6.21,6.21,6.0628,0,All,#4682B4,0
7,9,8.5,6.21,6.21,6.58483,0,All,#4682B4,0
8,9,8.5,6.21,6.21,6.32084,0,All,#4682B4,0
9,9,8.5,6.21,6.21,6.03623,0,All,#4682B4,0
10,9,8.5,6.21,6.21,6.31188,0,All,#4682B4,0
1,9,9,5.56,5.56,5.67986,0,All,#4682B4,0
2,9,9,5.56,5.56,6.15917,0,All,#4682B4,0
3,9,9,5.56,5.56,6.1027,0,All,#4682B4,0
4,9,9,5.56,5.56,5.71852,0,All,#4682B4,0
5,9,9,5.56,5.56,6.21743,0,All,#4682B4,0
6,9,9,5.56,5.56,5.80103,0,All,#4682B4,0
7,9,9,5.56,5.56,6.29282,0,All,#4682B4,0
8,9,9,5.56,5.56,5.98265,0,All,#4682B4,0
9,9,9,5.56,5.56,5.8078,0,All,#4682B4,0
10,9,9,5.56,5.56,6.00531,0,All,#4682B4,0
1,9,9.5,6.295,6.295,5.52347,0,All,#4682B4,0
2,9,9.5,6.295,6.295,5.82362,0,All,#4682B4,0
3,9,9.5,6.295,6.295,5.79263,0,All,#4682B4,0
4,9,9.5,6.295,6.295,5.41872,0,All,#4682B4,0
5,9,9.5,6.295,6.295,5.81283,0,All,#4682B4,0
6,9,9.5,6.295,6.295,5.59137,0,All,#4682B4,0
7,9,9.5,6.295,6.295,5.9635,0,All,#4682B4,0
8,9,9.5,6.295,6.295,5.61746,0,All,#4682B4,0
9,9,9.5,6.295,6.295,5.58924,0,All,#4682B4,0
10,9,9.5,6.295,6.295,5.67655,0,All,#4682B4,0
1,9,10,6.162,6.162,5.35812,0,All,#4682B4,0
2,9,10,6.162,6.162,5.46419,0,All,#4682B4,0
3,9,10,6.162,6.162,5.46997,0,All,#4682B4,0
4,9,10,6.162,6.162,5.10824,0,All,#4682B4,0
5,9,10,6.162,6.162,5.37482,0,All,#4682B4,0
6,9,10,6.162,6.162,5.43716,0,All,#4682B4,0
7,9,10,6.162,6.162,5.59624,0,All,#4682B4,0
8,9,10,6.162,6.162,5.22656,0,All,#4682B4,0
9,9,10,6.162,6.162,5.34979,0,All,#4682B4,0
10,9,10,6.162,6.162,5.3274,0,All,#4682B4,0
1,9,10.5,5.427,5.427,5.16447,0,All,#4682B4,0
2,9,10.5,5.427,5.427,5.08879,0,All,#4682B4,0
3,9,10.5,5.427,5.427,5.13712,0,All,#4682B4,0
4,9,10.5,5.427,5.427,4.79778,0,All,#4682B4,0
5,9,10.5,5.427,5.427,4.90673,0,All,#4682B4,0
6,9,10.5,5.427,5.427,5.33503,0,All,#4682B4,0
7,9,10.5,5.427,5.427,5.19478,0,All,#4682B4,0
8,9,10.5,5.427,5.427,4.81428,0,All,#4682B4,0
9,9,10.5,5.427,5.427,5.09087,0,All,#4682B4,0
10,9,10.5,5.427,5.427,4.96221,0,All,#4682B4,0
1,9,11,4.239,4.239,4.95503,0,All,#4682B4,0
2,9,11,4.239,4.239,4.71341,0,All,#4682B4,0
3,9,11,4.239,4.239,4.79836,0,All,#4682B4,0
4,9,11,4.239,4.239,4.51091,0,All,#4682B4,0
5,9,11,4.239,4.239,4.42017,0,All,#4682B4,0
6,9,11,4.239,4.239,5.27847,0,All,#4682B4,0
7,9,11,4.239,4.239,4.77199,0,All,#4682B4,0
8,9,11,4.239,4.239,4.39435,0,All,#4682B4,0
9,9,11,4.239,4.239,4.82764,0,All,#4682B4,0
10,9,11,4.239,4.239,4.58999,0,All,#4682B4,0
1,9,11.5,4.413,4.413,4.73885,0,All,#4682B4,0
2,9,11.5,4.413,4.413,4.36448,0,All,#4682B4,0
3,9,11.5,4.413,4.413,4.46136,0,All,#4682B4,0
4,9,11.5,4.413,4.413,4.26902,0,All,#4682B4,0
5,9,11.5,4.413,4.413,3.94336,0,All,#4682B4,0
6,9,11.5,4.413,4.413,5.25488,0,All,#4682B4,0
7,9,11.5,4.413,4.413,4.35676,0,All,#4682B4,0
8,9,11.5,4.413,4.413,3.99259,0,All,#4682B4,0
9,9,11.5,4.413,4.413,4.57967,0,All,#4682B4,0
10,9,11.5,4.413,4.413,4.22825,0,All,#4682B4,0
1,9,12,3,2.88946,4.52478,1,All,#4682B4,0
2,9,12,3,2.96195,4.07118,1,All,#4682B4,0
3,9,12,3,1.56415,4.13949,1,All,#4682B4,0
4,9,12,3,2.92977,4.08091,1,All,#4682B4,0
5,9,12,3,2.55173,3.52512,1,All,#4682B4,0
6,9,12,3,2.7665,5.16721,1,All,#4682B4,0
7,9,12,3,2.8661,3.9931,1,All,#4682B4,0
8,9,12,3,2.92489,3.64308,1,All,#4682B4,0
9,9,12,3,2.71556,4.36336,1,All,#4682B4,0
10,9,12,3,2.70566,3.90281,1,All,#4682B4,0
1,9,12.5,4.234,4.234,4.31332,0,All,#4682B4,0
2,9,12.5,4.234,4.234,3.85106,0,All,#4682B4,0
3,9,12.5,4.234,4.234,3.85104,0,All,#4682B4,0
4,9,12.5,4.234,4.234,3.94147,0,All,#4682B4,0
5,9,12.5,4.234,4.234,3.21277,0,All,#4682B4,0
6,9,12.5,4.234,4.234,4.98361,0,All,#4682B4,0
7,9,12.5,4.234,4.234,3.71037,0,All,#4682B4,0
8,9,12.5,4.234,4.234,3.38225,0,All,#4682B4,0
9,9,12.5,4.234,4.234,4.18684,0,All,#4682B4,0
10,9,12.5,4.234,4.234,3.63765,0,All,#4682B4,0
1,9,13,3.944,3.944,4.11378,0,All,#4682B4,0
2,9,13,3.944,3.944,3.70155,0,All,#4682B4,0
3,9,13,3.944,3.944,3.61401,0,All,#4682B4,0
4,9,13,3.944,3.944,3.84125,0,All,#4682B4,0
5,9,13,3.944,3.944,3.01591,0,All,#4682B4,0
6,9,13,3.944,3.944,4.72139,0,All,#4682B4,0
7,9,13,3.944,3.944,3.51079,0,All,#4682B4,0
8,9,13,3.944,3.944,3.21381,0,All,#4682B4,0
9,9,13,3.944,3.944,4.04837,0,All,#4682B4,0
10,9,13,3.944,3.944,3.44389,0,All,#4682B4,0
1,9,13.5,3,2.75533,3.92111,1,All,#4682B4,0
2,9,13.5,3,1.83282,3.6065,1,All,#4682B4,0
3,9,13.5,3,2.41306,3.43936,1,All,#4682B4,0
4,9,13.5,3,2.77673,3.76589,1,All,#4682B4,0
5,9,13.5,3,1.31236,2.90424,1,All,#4682B4,0
6,9,13.5,3,2.77657,4.41217,1,All,#4682B4,0
7,9,13.5,3,2.84878,3.37574,1,All,#4682B4,0
8,9,13.5,3,2.98933,3.1175,1,All,#4682B4,0
9,9,13.5,3,2.7979,3.93375,1,All,#4682B4,0
10,9,13.5,3,2.80684,3.31593,1,All,#4682B4,0
1,9,14,4.203,4.203,3.73413,0,All,#4682B4,0
2,9,14,4.203,4.203,3.54928,0,All,#4682B4,0
3,9,14,4.203,4.203,3.3225,0,All,#4682B4,0
4,9,14,4.203,4.203,3.70775,0,All,#4682B4,0
5,9,14,4.203,4.203,2.84602,0,All,#4682B4,0
6,9,14,4.203,4.203,4.07965,0,All,#4682B4,0
7,9,14,4.203,4.203,3.2845,0,All,#4682B4,0
8,9,14,4.203,4.203,3.06801,0,All,#4682B4,0
9,9,14,4.203,4.203,3.83657,0,All,#4682B4,0
10,9,14,4.203,4.203,3.23864,0,All,#4682B4,0
1,9,14.5,3.573,3.573,3.55038,0,All,#4682B4,0
2,9,14.5,3.573,3.573,3.51528,0,All,#4682B4,0
3,9,14.5,3.573,3.573,3.25568,0,All,#4682B4,0
4,9,14.5,3.573,3.573,3.65731,0,All,#4682B4,0
5,9,14.5,3.573,3.573,2.81748,0,All,#4682B4,0
6,9,14.5,3.573,3.573,3.74007,0,All,#4682B4,0
7,9,14.5,3.573,3.573,3.21911,0,All,#4682B4,0
8,9,14.5,3.573,3.573,3.04528,0,All,#4682B4,0
9,9,14.5,3.573,3.573,3.74884,0,All,#4682B4,0
10,9,14.5,3.573,3.573,3.19698,0,All,#4682B4,0
1,9,15,3,2.65692,3.37119,1,All,#4682B4,0
2,9,15,3,2.69618,3.49269,1,All,#4682B4,0
3,9,15,3,2.80962,3.22293,1,All,#4682B4,0
4,9,15,3,2.54771,3.60993,1,All,#4682B4,0
5,9,15,3,2.3266,2.80379,1,All,#4682B4,0
6,9,15,3,2.79528,3.39987,1,All,#4682B4,0
7,9,15,3,1.9112,3.16823,1,All,#4682B4,0
8,9,15,3,2.41119,3.03656,1,All,#4682B4,0
9,9,15,3,2.65137,3.66402,1,All,#4682B4,0
10,9,15,3,2.36705,3.17672,1,All,#4682B4,0
1,9,15.5,3.845,3.845,3.19237,0,All,#4682B4,0
2,9,15.5,3.845,3.845,3.47769,0,All,#4682B4,0
3,9,15.5,3.845,3.845,3.21314,0,All,#4682B4,0
4,9,15.5,3.845,3.845,3.56447,0,All,#4682B4,0
5,9,15.5,3.845,3.845,2.7967,0,All,#4682B4,0
6,9,15.5,3.845,3.845,3.06236,0,All,#4682B4,0
7,9,15.5,3.845,3.845,3.12414,0,All,#4682B4,0
8,9,15.5,3.845,3.845,3.03616,0,All,#4682B4,0
9,9,15.5,3.845,3.845,3.58273,0,All,#4682B4,0
10,9,15.5,3.845,3.845,3.16896,0,All,#4682B4,0
1,9,16,3.908,3.908,3.01374,0,All,#4682B4,0
2,9,16,3.908,3.908,3.46617,0,All,#4682B4,0
3,9,16,3.908,3.908,3.21749,0,All,#4682B4,0
4,9,16,3.908,3.908,3.51885,0,All,#4682B4,0
5,9,16,3.908,3.908,2.7917,0,All,#4682B4,0
6,9,16,3.908,3.908,2.72747,0,All,#4682B4,0
7,9,16,3.908,3.908,3.08269,0,All,#4682B4,0
8,9,16,3.908,3.908,3.03576,0,All,#4682B4,0
9,9,16,3.908,3.908,3.50342,0,All,#4682B4,0
10,9,16,3.908,3.908,3.16775,0,All,#4682B4,0
1,9,16.5,3,2.29055,2.83454,1,All,#4682B4,0
2,9,16.5,3,2.80298,3.45369,1,All,#4682B4,0
3,9,16.5,3,2.51211,3.22991,1,All,#4682B4,0
4,9,16.5,3,2.33129,3.47218,1,All,#4682B4,0
5,9,16.5,3,1.89438,2.78755,1,All,#4682B4,0
6,9,16.5,3,1.86566,2.39415,1,All,#4682B4,0
7,9,16.5,3,2.24955,3.04215,1,All,#4682B4,0
8,9,16.5,3,2.82432,3.03877,1,All,#4682B4,0
9,9,16.5,3,2.90818,3.42188,1,All,#4682B4,0
10,9,16.5,3,2.60052,3.16928,1,All,#4682B4,0
1,9,17,3,2.17565,2.65445,1,All,#4682B4,0
2,9,17,3,2.22649,3.43887,1,All,#4682B4,0
3,9,17,3,2.69374,3.2456,1,All,#4682B4,0
4,9,17,3,2.52388,3.42586,1,All,#4682B4,0
5,9,17,3,2.81956,2.78196,1,All,#4682B4,0
6,9,17,3,0.655445,2.06146,1,All,#4682B4,0
7,9,17,3,1.19227,3.00069,1,All,#4682B4,0
8,9,17,3,2.03074,3.03943,1,All,#4682B4,0
9,9,17,3,2.58013,3.34063,1,All,#4682B4,0
10,9,17,3,2.75853,3.17161,1,All,#4682B4,0
1,9,17.5,3,2.84376,2.47251,1,All,#4682B4,0
2,9,17.5,3,2.64773,3.42348,1,All,#4682B4,0
3,9,17.5,3,1.42965,3.26458,1,All,#4682B4,0
4,9,17.5,3,2.72615,3.37569,1,All,#4682B4,0
5,9,17.5,3,1.62584,2.77431,1,All,#4682B4,0
6,9,17.5,3,0.122746,1.72848,1,All,#4682B4,0
7,9,17.5,3,2.24689,2.95903,1,All,#4682B4,0
8,9,17.5,3,2.80087,3.03912,1,All,#4682B4,0
9,9,17.5,3,2.33853,3.2576,1,All,#4682B4,0
10,9,17.5,3,1.83002,3.17395,1,All,#4682B4,0
1,10,1,3,0.312596,0,1,All,#4682B4,0
2,10,1,3,0.130931,0,1,All,#4682B4,0
3,10,1,3,1.0098,0,1,All,#4682B4,0
4,10,1,3,0.470704,0,1,All,#4682B4,0
5,10,1,3,0.411007,0,1,All,#4682B4,0
6,10,1,3,0.726251,0,1,All,#4682B4,0
7,10,1,3,1.15534,0,1,All,#4682B4,0
8,10,1,3,1.25666,0,1,All,#4682B4,0
9,10,1,3,0.177664,0,1,All,#4682B4,0
10,10,1,3,0.167659,0,1,All,#4682B4,0
1,10,1.5,3.47,3.47,4.23979,0,All,#4682B4,0
2,10,1.5,3.47,3.47,3.73419,0,All,#4682B4,0
3,10,1.5,3.47,3.47,3.13764,0,All,#4682B4,0
4,10,1.5,3.47,3.47,3.34401,0,All,#4682B4,0
5,10,1.5,3.47,3.47,5.1854,0,All,#4682B4,0
6,10,1.5,3.47,3.47,3.23556,0,All,#4682B4,0
7,10,1.5,3.47,3.47,3.98271,0,All,#4682B4,0
8,10,1.5,3.47,3.47,3.73607,0,All,#4682B4,0
9,10,1.5,3.47,3.47,4.84302,0,All,#4682B4,0
10,10,1.5,3.47,3.47,3.35884,0,All,#4682B4,0
1,10,2,7.203,7.203,7.46799,0,All,#4682B4,0
2,10,2,7.203,7.203,6.90623,0,All,#4682B4,0
3,10,2,7.203,7.203,7.11551,0,All,#4682B4,0
4,10,2,7.203,7.203,7.65882,0,All,#4682B4,0
5,10,2,7.203,7.203,7.47701,0,All,#4682B4,0
6,10,2,7.203,7.203,6.91275,0,All,#4682B4,0
7,10,2,7.203,7.203,7.50492,0,All,#4682B4,0
8,10,2,7.203,7.203,7.15916,0,All,#4682B4,0
9,10,2,7.203,7.203,7.43085,0,All,#4682B4,0
10,10,2,7.203,7.203,7.09123,0,All,#4682B4,0
1,10,2.5,8.478,8.478,8.35754,0,All,#4682B4,0
2,10,2.5,8.478,8.478,7.86809,0,All,#4682B4,0
3,10,2.5,8.478,8.478,8.32528,0,All,#4682B4,0
4,10,2.5,8.478,8.478,8.5365,0,All,#4682B4,0
5,10,2.5,8.478,8.478,8.41816,0,All,#4682B4,0
6,10,2.5,8.478,8.478,7.87526,0,All,#4682B4,0
7,10,2.5,8.478,8.478,8.48692,0,All,#4682B4,0
8,10,2.5,8.478,8.478,8.20915,0,All,#4682B4,0
9,10,2.5,8.478,8.478,8.24599,0,All,#4682B4,0
10,10,2.5,8.478,8.478,8.18707,0,All,#4682B4,0
1,10,3,9.229,9.229,8.63714,0,All,#4682B4,0
2,10,3,9.229,9.229,8.27346,0,All,#4682B4,0
3,10,3,9.229,9.229,8.90236,0,All,#4682B4,0
4,10,3,9.229,9.229,8.79241,0,All,#4682B4,0
5,10,3,9.229,9.229,8.82681,0,All,#4682B4,0
6,10,3,9.229,9.229,8.30784,0,All,#4682B4,0
7,10,3,9.229,9.229,8.89451,0,All,#4682B4,0
8,10,3,9.229,9.229,8.64003,0,All,#4682B4,0
9,10,3,9.229,9.229,8.55788,0,All,#4682B4,0
10,10,3,9.229,9.229,8.66143,0,All,#4682B4,0
1,10,3.5,8.793,8.793,8.5679,0,All,#4682B4,0
2,10,3.5,8.793,8.793,8.32738,0,All,#4682B4,0
3,10,3.5,8.793,8.793,9.09158,0,All,#4682B4,0
4,10,3.5,8.793,8.793,8.70154,0,All,#4682B4,0
5,10,3.5,8.793,8.793,8.83434,0,All,#4682B4,0
6,10,3.5,8.793,8.793,8.41992,0,All,#4682B4,0
7,10,3.5,8.793,8.793,8.93575,0,All,#4682B4,0
8,10,3.5,8.793,8.793,8.66066,0,All,#4682B4,0
9,10,3.5,8.793,8.793,8.55058,0,All,#4682B4,0
10,10,3.5,8.793,8.793,8.73371,0,All,#4682B4,0
1,10,4,8.281,8.281,8.37397,0,All,#4682B4,0
2,10,4,8.281,8.281,8.19135,0,All,#4682B4,0
3,10,4,8.281,8.281,8.98305,0,All,#4682B4,0
4,10,4,8.281,8.281,8.47387,0,All,#4682B4,0
5,10,4,8.281,8.281,8.60862,0,All,#4682B4,0
6,10,4,8.281,8.281,8.3257,0,All,#4682B4,0
7,10,4,8.281,8.281,8.75271,0,All,#4682B4,0
8,10,4,8.281,8.281,8.46174,0,All,#4682B4,0
9,10,4,8.281,8.281,8.38172,0,All,#4682B4,0
10,10,4,8.281,8.281,8.54778,0,All,#4682B4,0
1,10,4.5,6.902,6.902,8.1509,0,All,#4682B4,0
2,10,4.5,6.902,6.902,7.99502,0,All,#4682B4,0
3,10,4.5,6.902,6.902,8.71947,0,All,#4682B4,0
4,10,4.5,6.902,6.902,8.21009,0,All,#4682B4,0
5,10,4.5,6.902,6.902,8.29945,0,All,#4682B4,0
6,10,4.5,6.902,6.902,8.14111,0,All,#4682B4,0
7,10,4.5,6.902,6.902,8.47073,0,All,#4682B4,0
8,10,4.5,6.902,6.902,8.19273,0,All,#4682B4,0
9,10,4.5,6.902,6.902,8.16299,0,All,#4682B4,0
10,10,4.5,6.902,6.902,8.26086,0,All,#4682B4,0
1,10,5,7.215,7.215,7.92153,0,All,#4682B4,0
2,10,5,7.215,7.215,7.78511,0,All,#4682B4,0
3,10,5,7.215,7.215,8.40196,0,All,#4682B4,0
4,10,5,7.215,7.215,7.93786,0,All,#4682B4,0
5,10,5,7.215,7.215,7.96764,0,All,#4682B4,0
6,10,5,7.215,7.215,7.93131,0,All,#4682B4,0
7,10,5,7.215,7.215,8.157,0,All,#4682B4,0
8,10,5,7.215,7.215,7.90627,0,All,#4682B4,0
9,10,5,7.215,7.215,7.93249,0,All,#4682B4,0
10,10,5,7.215,7.215,7.94612,0,All,#4682B4,0
1,10,5.5,6.179,6.179,7.69106,0,All,#4682B4,0
2,10,5.5,6.179,6.179,7.57287,0,All,#4682B4,0
3,10,5.5,6.179,6.179,8.07026,0,All,#4682B4,0
4,10,5.5,6.179,6.179,7.66433,0,All,#4682B4,0
5,10,5.5,6.179,6.179,7.63235,0,All,#4682B4,0
6,10,5.5,6.179,6.179,7.7158,0,All,#4682B4,0
7,10,5.5,6.179,6.179,7.8348,0,All,#4682B4,0
8,10,5.5,6.179,6.179,7.61671,0,All,#4682B4,0
9,10,5.5,6.179,6.179,7.6997,0,All,#4682B4,0
10,10,5.5,6.179,6.179,7.62741,0,All,#4682B4,0
1,10,6,6.112,6.112,7.46086,0,All,#4682B4,0
2,10,6,6.112,6.112,7.36099,0,All,#4682B4,0
3,10,6,6.112,6.112,7.73797,0,All,#4682B4,0
4,10,6,6.112,6.112,7.39184,0,All,#4682B4,0
5,10,6,6.112,6.112,7.30086,0,All,#4682B4,0
6,10,6,6.112,6.112,7.49929,0,All,#4682B4,0
7,10,6,6.112,6.112,7.51136,0,All,#4682B4,0
8,10,6,6.112,6.112,7.32855,0,All,#4682B4,0
9,10,6,6.112,6.112,7.46705,0,All,#4682B4,0
10,10,6,6.112,6.112,7.31385,0,All,#4682B4,0
1,10,6.5,8.145,8.145,7.23159,0,All,#4682B4,0
2,10,6.5,8.145,8.145,7.15052,0,All,#4682B4,0
3,10,6.5,8.145,8.145,7.41099,0,All,#4682B4,0
4,10,6.5,8.145,8.145,7.12182,0,All,#4682B4,0
5,10,6.5,8.145,8.145,6.97764,0,All,#4682B4,0
6,10,6.5,8.145,8.145,7.283,0,All,#4682B4,0
7,10,6.5,8.145,8.145,7.18973,0,All,#4682B4,0
8,10,6.5,8.145,8.145,7.04426,0,All,#4682B4,0
9,10,6.5,8.145,8.145,7.23548,0,All,#4682B4,0
10,10,6.5,8.145,8.145,7.01147,0,All,#4682B4,0
1,10,7,8.514,8.514,7.00382,0,All,#4682B4,0
2,10,7,8.514,8.514,6.94223,0,All,#4682B4,0
3,10,7,8.514,8.514,7.09367,0,All,#4682B4,0
4,10,7,8.514,8.514,6.85601,0,All,#4682B4,0
5,10,7,8.514,8.514,6.66853,0,All,#4682B4,0
6,10,7,8.514,8.514,7.06743,0,All,#4682B4,0
7,10,7,8.514,8.514,6.8722,0,All,#4682B4,0
8,10,7,8.514,8.514,6.7664,0,All,#4682B4,0
9,10,7,8.514,8.514,7.00576,0,All,#4682B4,0
10,10,7,8.514,8.514,6.72666,0,All,#4682B4,0
1,10,7.5,6.782,6.782,6.77822,0,All,#4682B4,0
2,10,7.5,6.782,6.782,6.73714,0,All,#4682B4,0
3,10,7.5,6.782,6.782,6.79104,0,All,#4682B4,0
4,10,7.5,6.782,6.782,6.59714,0,All,#4682B4,0
5,10,7.5,6.782,6.782,6.37898,0,All,#4682B4,0
6,10,7.5,6.782,6.782,6.853,0,All,#4682B4,0
7,10,7.5,6.782,6.782,6.56142,0,All,#4682B4,0
8,10,7.5,6.782,6.782,6.4982,0,All,#4682B4,0
9,10,7.5,6.782,6.782,6.7788,0,All,#4682B4,0
10,10,7.5,6.782,6.782,6.46697,0,All,#4682B4,0
1,10,8,6.978,6.978,6.55579,0,All,#4682B4,0
2,10,8,6.978,6.978,6.53665,0,All,#4682B4,0
3,10,8,6.978,6.978,6.50961,0,All,#4682B4,0
4,10,8,6.978,6.978,6.3492,0,All,#4682B4,0
5,10,8,6.978,6.978,6.11612,0,All,#4682B4,0
6,10,8,6.978,6.978,6.64018,0,All,#4682B4,0
7,10,8,6.978,6.978,6.26017,0,All,#4682B4,0
8,10,8,6.978,6.978,6.24419,0,All,#4682B4,0
9,10,8,6.978,6.978,6.55599,0,All,#4682B4,0
10,10,8,6.978,6.978,6.24061,0,All,#4682B4,0
1,10,8.5,5.579,5.579,6.33804,0,All,#4682B4,0
2,10,8.5,5.579,5.579,6.34282,0,All,#4682B4,0
3,10,8.5,5.579,5.579,6.25685,0,All,#4682B4,0
4,10,8.5,5.579,5.579,6.11709,0,All,#4682B4,0
5,10,8.5,5.579,5.579,5.88721,0,All,#4682B4,0
6,10,8.5,5.579,5.579,6.42983,0,All,#4682B4,0
7,10,8.5,5.579,5.579,5.97841,0,All,#4682B4,0
8,10,8.5,5.579,5.579,6.01002,0,All,#4682B4,0
9,10,8.5,5.579,5.579,6.33935,0,All,#4682B4,0
10,10,8.5,5.579,5.579,6.05463,0,All,#4682B4,0
1,10,9,6.259,6.259,6.12708,0,All,#4682B4,0
2,10,9,6.259,6.259,6.15825,0,All,#4682B4,0
3,10,9,6.259,6.259,6.04011,0,All,#4682B4,0
4,10,9,6.259,6.259,5.90667,0,All,#4682B4,0
5,10,9,6.259,6.259,5.69861,0,All,#4682B4,0
6,10,9,6.259,6.259,6.22325,0,All,#4682B4,0
7,10,9,6.259,6.259,5.71871,0,All,#4682B4,0
8,10,9,6.259,6.259,5.80011,0,All,#4682B4,0
9,10,9,6.259,6.259,6.13171,0,All,#4682B4,0
10,10,9,6.259,6.259,5.91221,0,All,#4682B4,0
1,10,9.5,6.134,6.134,5.92577,0,All,#4682B4,0
2,10,9.5,6.134,6.134,5.98427,0,All,#4682B4,0
3,10,9.5,6.134,6.134,5.86527,0,All,#4682B4,0
4,10,9.5,6.134,6.134,5.72822,0,All,#4682B4,0
5,10,9.5,6.134,6.134,5.55424,0,All,#4682B4,0
6,10,9.5,6.134,6.134,6.02149,0,All,#4682B4,0
7,10,9.5,6.134,6.134,5.49153,0,All,#4682B4,0
8,10,9.5,6.134,6.134,5.62361,0,All,#4682B4,0
9,10,9.5,6.134,6.134,5.93675,0,All,#4682B4,0
10,10,9.5,6.134,6.134,5.81518,0,All,#4682B4,0
1,10,10,6.019,6.019,5.73777,0,All,#4682B4,0
2,10,10,6.019,6.019,5.82187,0,All,#4682B4,0
3,10,10,6.019,6.019,5.73511,0,All,#4682B4,0
4,10,10,6.019,6.019,5.58488,0,All,#4682B4,0
5,10,10,6.019,6.019,5.45432,0,All,#4682B4,0
6,10,10,6.019,6.019,5.82849,0,All,#4682B4,0
7,10,10,6.019,6.019,5.30469,0,All,#4682B4,0
8,10,10,6.019,6.019,5.48165,0,All,#4682B4,0
9,10,10,6.019,6.019,5.75807,0,All,#4682B4,0
10,10,10,6.019,6.019,5.76138,0,All,#4682B4,0
1,10,10.5,5.653,5.653,5.56739,0,All,#4682B4,0
2,10,10.5,5.653,5.653,5.6335,0,All,#4682B4,0
3,10,10.5,5.653,5.653,5.64898,0,All,#4682B4,0
4,10,10.5,5.653,5.653,5.48071,0,All,#4682B4,0
5,10,10.5,5.653,5.653,5.39609,0,All,#4682B4,0
6,10,10.5,5.653,5.653,5.64447,0,All,#4682B4,0
7,10,10.5,5.653,5.653,5.16288,0,All,#4682B4,0
8,10,10.5,5.653,5.653,5.37895,0,All,#4682B4,0
9,10,10.5,5.653,5.653,5.59927,0,All,#4682B4,0
10,10,10.5,5.653,5.653,5.74419,0,All,#4682B4,0
1,10,11,6.111,6.111,5.41909,0,All,#4682B4,0
2,10,11,6.111,6.111,5.4088,0,All,#4682B4,0
3,10,11,6.111,6.111,5.60078,0,All,#4682B4,0
4,10,11,6.111,6.111,5.41819,0,All,#4682B4,0
5,10,11,6.111,6.111,5.37474,0,All,#4682B4,0
6,10,11,6.111,6.111,5.45765,0,All,#4682B4,0
7,10,11,6.111,6.111,5.06688,0,All,#4682B4,0
8,10,11,6.111,6.111,5.31665,0,All,#4682B4,0
9,10,11,6.111,6.111,5.42266,0,All,#4682B4,0
10,10,11,6.111,6.111,5.75751,0,All,#4682B4,0
1,10,11.5,5.815,5.815,5.28976,0,All,#4682B4,0
2,10,11.5,5.815,5.815,5.15232,0,All,#4682B4,0
3,10,11.5,5.815,5.815,5.51927,0,All,#4682B4,0
4,10,11.5,5.815,5.815,5.3868,0,All,#4682B4,0
5,10,11.5,5.815,5.815,5.38445,0,All,#4682B4,0
6,10,11.5,5.815,5.815,5.21458,0,All,#4682B4,0
7,10,11.5,5.815,5.815,5.00043,0,All,#4682B4,0
8,10,11.5,5.815,5.815,5.28603,0,All,#4682B4,0
9,10,11.5,5.815,5.815,5.17887,0,All,#4682B4,0
10,10,11.5,5.815,5.815,5.79456,0,All,#4682B4,0
1,10,12,6.27,6.27,5.13471,0,All,#4682B4,0
2,10,12,6.27,6.27,4.87887,0,All,#4682B4,0
3,10,12,6.27,6.27,5.35553,0,All,#4682B4,0
4,10,12,6.27,6.27,5.31386,0,All,#4682B4,0
5,10,12,6.27,6.27,5.41314,0,All,#4682B4,0
6,10,12,6.27,6.27,4.90357,0,All,#4682B4,0
7,10,12,6.27,6.27,4.87498,0,All,#4682B4,0
8,10,12,6.27,6.27,5.25848,0,All,#4682B4,0
9,10,12,6.27,6.27,4.87463,0,All,#4682B4,0
10,10,12,6.27,6.27,5.83469,0,All,#4682B4,0
1,10,12.5,4.85,4.85,4.93764,0,All,#4682B4,0
2,10,12.5,4.85,4.85,4.60816,0,All,#4682B4,0
3,10,12.5,4.85,4.85,5.11608,0,All,#4682B4,0
4,10,12.5,4.85,4.85,5.14905,0,All,#4682B4,0
5,10,12.5,4.85,4.85,5.35571,0,All,#4682B4,0
6,10,12.5,4.85,4.85,4.53292,0,All,#4682B4,0
7,10,12.5,4.85,4.85,4.66847,0,All,#4682B4,0
8,10,12.5,4.85,4.85,5.18114,0,All,#4682B4,0
9,10,12.5,4.85,4.85,4.53507,0,All,#4682B4,0
10,10,12.5,4.85,4.85,5.76617,0,All,#4682B4,0
1,10,13,3.65,3.65,4.70594,0,All,#4682B4,0
2,10,13,3.65,3.65,4.36607,0,All,#4682B4,0
3,10,13,3.65,3.65,4.82355,0,All,#4682B4,0
4,10,13,3.65,3.65,4.9051,0,All,#4682B4,0
5,10,13,3.65,3.65,5.15895,0,All,#4682B4,0
6,10,13,3.65,3.65,4.13972,0,All,#4682B4,0
7,10,13,3.65,3.65,4.40133,0,All,#4682B4,0
8,10,13,3.65,3.65,5.05708,0,All,#4682B4,0
9,10,13,3.65,3.65,4.20375,0,All,#4682B4,0
10,10,13,3.65,3.65,5.56311,0,All,#4682B4,0
1,10,13.5,5.219,5.219,4.46045,0,All,#4682B4,0
2,10,13.5,5.219,5.219,4.15881,0,All,#4682B4,0
3,10,13.5,5.219,5.219,4.51082,0,All,#4682B4,0
4,10,13.5,5.219,5.219,4.61899,0,All,#4682B4,0
5,10,13.5,5.219,5.219,4.83567,0,All,#4682B4,0
6,10,13.5,5.219,5.219,3.77974,0,All,#4682B4,0
7,10,13.5,5.219,5.219,4.10438,0,All,#4682B4,0
8,10,13.5,5.219,5.219,4.89017,0,All,#4682B4,0
9,10,13.5,5.219,5.219,3.91008,0,All,#4682B4,0
10,10,13.5,5.219,5.219,5.2441,0,All,#4682B4,0
1,10,14,5.321,5.321,4.22252,0,All,#4682B4,0
2,10,14,5.321,5.321,3.97829,0,All,#4682B4,0
3,10,14,5.321,5.321,4.19264,0,All,#4682B4,0
4,10,14,5.321,5.321,4.32733,0,All,#4682B4,0
5,10,14,5.321,5.321,4.4298,0,All,#4682B4,0
6,10,14,5.321,5.321,3.47692,0,All,#4682B4,0
7,10,14,5.321,5.321,3.804,0,All,#4682B4,0
8,10,14,5.321,5.321,4.69618,0,All,#4682B4,0
9,10,14,5.321,5.321,3.64897,0,All,#4682B4,0
10,10,14,5.321,5.321,4.8585,0,All,#4682B4,0
1,10,14.5,4.466,4.466,4.00076,0,All,#4682B4,0
2,10,14.5,4.466,4.466,3.82125,0,All,#4682B4,0
3,10,14.5,4.466,4.466,3.87782,0,All,#4682B4,0
4,10,14.5,4.466,4.466,4.04657,0,All,#4682B4,0
5,10,14.5,4.466,4.466,3.9983,0,All,#4682B4,0
6,10,14.5,4.466,4.466,3.22642,0,All,#4682B4,0
7,10,14.5,4.466,4.466,3.51172,0,All,#4682B4,0
8,10,14.5,4.466,4.466,4.48616,0,All,#4682B4,0
9,10,14.5,4.466,4.466,3.41352,0,All,#4682B4,0
10,10,14.5,4.466,4.466,4.46386,0,All,#4682B4,0
1,10,15,3,2.65295,3.79857,1,All,#4682B4,0
2,10,15,3,2.63397,3.67753,1,All,#4682B4,0
3,10,15,3,2.67079,3.56874,1,All,#4682B4,0
4,10,15,3,1.72839,3.77748,1,All,#4682B4,0
5,10,15,3,2.9705,3.55914,1,All,#4682B4,0
6,10,15,3,2.73208,3.00768,1,All,#4682B4,0
7,10,15,3,1.66836,3.22861,1,All,#4682B4,0
8,10,15,3,2.67562,4.27423,1,All,#4682B4,0
9,10,15,3,2.65858,3.1923,1,All,#4682B4,0
10,10,15,3,2.89135,4.06432,1,All,#4682B4,0
1,10,15.5,3.758,3.758,3.61221,0,All,#4682B4,0
2,10,15.5,3.758,3.758,3.54166,0,All,#4682B4,0
3,10,15.5,3.758,3.758,3.26421,0,All,#4682B4,0
4,10,15.5,3.758,3.758,3.51597,0,All,#4682B4,0
5,10,15.5,3.758,3.758,3.12165,0,All,#4682B4,0
6,10,15.5,3.758,3.758,2.80849,0,All,#4682B4,0
7,10,15.5,3.758,3.758,2.95423,0,All,#4682B4,0
8,10,15.5,3.758,3.758,4.06635,0,All,#4682B4,0
9,10,15.5,3.758,3.758,2.97918,0,All,#4682B4,0
10,10,15.5,3.758,3.758,3.67063,0,All,#4682B4,0
1,10,16,3,2.66974,3.4378,1,All,#4682B4,0
2,10,16,3,1.97776,3.41045,1,All,#4682B4,0
3,10,16,3,2.75875,2.96357,1,All,#4682B4,0
4,10,16,3,1.34585,3.25934,1,All,#4682B4,0
5,10,16,3,2.40831,2.68701,1,All,#4682B4,0
6,10,16,3,2.86982,2.61986,1,All,#4682B4,0
7,10,16,3,0.894675,2.68311,1,All,#4682B4,0
8,10,16,3,2.75098,3.85964,1,All,#4682B4,0
9,10,16,3,1.96224,2.77061,1,All,#4682B4,0
10,10,16,3,2.70337,3.28118,1,All,#4682B4,0
1,10,16.5,3,2.88956,3.26965,1,All,#4682B4,0
2,10,16.5,3,2.80666,3.28207,1,All,#4682B4,0
3,10,16.5,3,2.51126,2.66472,1,All,#4682B4,0
4,10,16.5,3,2.25518,3.00526,1,All,#4682B4,0
5,10,16.5,3,2.62762,2.25497,1,All,#4682B4,0
6,10,16.5,3,2.11431,2.43749,1,All,#4682B4,0
7,10,16.5,3,2.50997,2.41502,1,All,#4682B4,0
8,10,16.5,3,2.90504,3.65632,1,All,#4682B4,0
9,10,16.5,3,2.26509,2.5643,1,All,#4682B4,0
10,10,16.5,3,1.59222,2.89504,1,All,#4682B4,0
1,11,1,3,0.00619471,0,1,All,#4682B4,0
2,11,1,3,0.907702,0,1,All,#4682B4,0
3,11,1,3,1.53748,0,1,All,#4682B4,0
4,11,1,3,0.362368,0,1,All,#4682B4,0
5,11,1,3,0.153719,0,1,All,#4682B4,0
6,11,1,3,0.132715,0,1,All,#4682B4,0
7,11,1,3,0.218478,0,1,All,#4682B4,0
8,11,1,3,1.4138,0,1,All,#4682B4,0
9,11,1,3,0.294657,0,1,All,#4682B4,0
10,11,1,3,0.493575,0,1,All,#4682B4,0
1,11,1.5,3,1.3826,0,1,All,#4682B4,0
2,11,1.5,3,0.183828,0,1,All,#4682B4,0
3,11,1.5,3,0.29952,0,1,All,#4682B4,0
4,11,1.5,3,0.266568,0,1,All,#4682B4,0
5,11,1.5,3,0.445459,0,1,All,#4682B4,0
6,11,1.5,3,2.3205,0,1,All,#4682B4,0
7,11,1.5,3,0.0190972,0,1,All,#4682B4,0
8,11,1.5,3,0.381792,0,1,All,#4682B4,0
9,11,1.5,3,0.672781,0,1,All,#4682B4,0
10,11,1.5,3,0.132531,0,1,All,#4682B4,0
1,11,2,3.992,3.992,5.3627,0,All,#4682B4,0
2,11,2,3.992,3.992,4.19631,0,All,#4682B4,0
3,11,2,3.992,3.992,5.45843,0,All,#4682B4,0
4,11,2,3.992,3.992,4.90642,0,All,#4682B4,0
5,11,2,3.992,3.992,4.71701,0,All,#4682B4,0
6,11,2,3.992,3.992,5.52515,0,All,#4682B4,0
7,11,2,3.992,3.992,5.36705,0,All,#4682B4,0
8,11,2,3.992,3.992,5.32645,0,All,#4682B4,0
9,11,2,3.992,3.992,4.76354,0,All,#4682B4,0
10,11,2,3.992,3.992,4.29562,0,All,#4682B4,0
1,11,2.5,5.934,5.934,7.24436,0,All,#4682B4,0
2,11,2.5,5.934,5.934,6.38965,0,All,#4682B4,0
3,11,2.5,5.934,5.934,7.14383,0,All,#4682B4,0
4,11,2.5,5.934,5.934,6.89268,0,All,#4682B4,0
5,11,2.5,5.934,5.934,7.16128,0,All,#4682B4,0
6,11,2.5,5.934,5.934,7.30516,0,All,#4682B4,0
7,11,2.5,5.934,5.934,7.17024,0,All,#4682B4,0
8,11,2.5,5.934,5.934,6.82457,0,All,#4682B4,0
9,11,2.5,5.934,5.934,6.80198,0,All,#4682B4,0
10,11,2.5,5.934,5.934,6.77365,0,All,#4682B4,0
1,11,3,7.038,7.038,7.92947,0,All,#4682B4,0
2,11,3,7.038,7.038,7.22167,0,All,#4682B4,0
3,11,3,7.038,7.038,7.87474,0,All,#4682B4,0
4,11,3,7.038,7.038,7.6713,0,All,#4682B4,0
5,11,3,7.038,7.038,7.89003,0,All,#4682B4,0
6,11,3,7.038,7.038,7.89261,0,All,#4682B4,0
7,11,3,7.038,7.038,7.89749,0,All,#4682B4,0
8,11,3,7.038,7.038,7.58458,0,All,#4682B4,0
9,11,3,7.038,7.038,7.5743,0,All,#4682B4,0
10,11,3,7.038,7.038,7.6284,0,All,#4682B4,0
1,11,3.5,8.053,8.053,8.28245,0,All,#4682B4,0
2,11,3.5,8.053,8.053,7.67023,0,All,#4682B4,0
3,11,3.5,8.053,8.053,8.25051,0,All,#4682B4,0
4,11,3.5,8.053,8.053,8.08972,0,All,#4682B4,0
5,11,3.5,8.053,8.053,8.18579,0,All,#4682B4,0
6,11,3.5,8.053,8.053,8.1656,0,All,#4682B4,0
7,11,3.5,8.053,8.053,8.29032,0,All,#4682B4,0
8,11,3.5,8.053,8.053,8.03395,0,All,#4682B4,0
9,11,3.5,8.053,8.053,7.98498,0,All,#4682B4,0
10,11,3.5,8.053,8.053,8.06827,0,All,#4682B4,0
1,11,4,7.745,7.745,8.46505,0,All,#4682B4,0
2,11,4,7.745,7.745,7.93247,0,All,#4682B4,0
3,11,4,7.745,7.745,8.39011,0,All,#4682B4,0
4,11,4,7.745,7.745,8.32671,0,All,#4682B4,0
5,11,4,7.745,7.745,8.22071,0,All,#4682B4,0
6,11,4,7.745,7.745,8.26791,0,All,#4682B4,0
7,11,4,7.745,7.745,8.5097,0,All,#4682B4,0
8,11,4,7.745,7.745,8.27645,0,All,#4682B4,0
9,11,4,7.745,7.745,8.22195,0,All,#4682B4,0
10,11,4,7.745,7.745,8.28737,0,All,#4682B4,0
1,11,4.5,8.284,8.284,8.52547,0,All,#4682B4,0
2,11,4.5,8.284,8.284,8.06232,0,All,#4682B4,0
3,11,4.5,8.284,8.284,8.34362,0,All,#4682B4,0
4,11,4.5,8.284,8.284,8.43782,0,All,#4682B4,0
5,11,4.5,8.284,8.284,8.10986,0,All,#4682B4,0
6,11,4.5,8.284,8.284,8.248,0,All,#4682B4,0
7,11,4.5,8.284,8.284,8.59743,0,All,#4682B4,0
8,11,4.5,8.284,8.284,8.35318,0,All,#4682B4,0
9,11,4.5,8.284,8.284,8.34734,0,All,#4682B4,0
10,11,4.5,8.284,8.284,8.34089,0,All,#4682B4,0
1,11,5,8.198,8.198,8.48644,0,All,#4682B4,0
2,11,5,8.198,8.198,8.08085,0,All,#4682B4,0
3,11,5,8.198,8.198,8.18122,0,All,#4682B4,0
4,11,5,8.198,8.198,8.44407,0,All,#4682B4,0
5,11,5,8.198,8.198,7.94847,0,All,#4682B4,0
6,11,5,8.198,8.198,8.14568,0,All,#4682B4,0
7,11,5,8.198,8.198,8.56595,0,All,#4682B4,0
8,11,5,8.198,8.198,8.2728,0,All,#4682B4,0
9,11,5,8.198,8.198,8.3793,0,All,#4682B4,0
10,11,5,8.198,8.198,8.26678,0,All,#4682B4,0
1,11,5.5,7.321,7.321,8.37311,0,All,#4682B4,0
2,11,5.5,7.321,7.321,7.9986,0,All,#4682B4,0
3,11,5.5,7.321,7.321,7.96946,0,All,#4682B4,0
4,11,5.5,7.321,7.321,8.35466,0,All,#4682B4,0
5,11,5.5,7.321,7.321,7.77494,0,All,#4682B4,0
6,11,5.5,7.321,7.321,7.99886,0,All,#4682B4,0
7,11,5.5,7.321,7.321,8.43038,0,All,#4682B4,0
8,11,5.5,7.321,7.321,8.08921,0,All,#4682B4,0
9,11,5.5,7.321,7.321,8.30207,0,All,#4682B4,0
10,11,5.5,7.321,7.321,8.12089,0,All,#4682B4,0
1,11,6,8.447,8.447,8.21163,0,All,#4682B4,0
2,11,6,8.447,8.447,7.83089,0,All,#4682B4,0
3,11,6,8.447,8.447,7.74205,0,All,#4682B4,0
4,11,6,8.447,8.447,8.17449,0,All,#4682B4,0
5,11,6,8.447,8.447,7.59904,0,All,#4682B4,0
6,11,6,8.447,8.447,7.83307,0,All,#4682B4,0
7,11,6,8.447,8.447,8.20293,0,All,#4682B4,0
8,11,6,8.447,8.447,7.85184,0,All,#4682B4,0
9,11,6,8.447,8.447,8.12921,0,All,#4682B4,0
10,11,6,8.447,8.447,7.94538,0,All,#4682B4,0
1,11,6.5,9.002,9.002,8.02233,0,All,#4682B4,0
2,11,6.5,9.002,9.002,7.59452,0,All,#4682B4,0
3,11,6.5,9.002,9.002,7.50982,0,All,#4682B4,0
4,11,6.5,9.002,9.002,7.9171,0,All,#4682B4,0
5,11,6.5,9.002,9.002,7.42294,0,All,#4682B4,0
6,11,6.5,9.002,9.002,7.66059,0,All,#4682B4,0
7,11,6.5,9.002,9.002,7.89864,0,All,#4682B4,0
8,11,6.5,9.002,9.002,7.59213,0,All,#4682B4,0
9,11,6.5,9.002,9.002,7.86309,0,All,#4682B4,0
10,11,6.5,9.002,9.002,7.76045,0,All,#4682B4,0
1,11,7,7.626,7.626,7.81695,0,All,#4682B4,0
2,11,7,7.626,7.626,7.30154,0,All,#4682B4,0
3,11,7,7.626,7.626,7.24184,0,All,#4682B4,0
4,11,7,7.626,7.626,7.59548,0,All,#4682B4,0
5,11,7,7.626,7.626,7.24697,0,All,#4682B4,0
6,11,7,7.626,7.626,7.48604,0,All,#4682B4,0
7,11,7,7.626,7.626,7.5287,0,All,#4682B4,0
8,11,7,7.626,7.626,7.31589,0,All,#4682B4,0
9,11,7,7.626,7.626,7.51021,0,All,#4682B4,0
10,11,7,7.626,7.626,7.56287,0,All,#4682B4,0
1,11,7.5,9.124,9.124,7.57002,0,All,#4682B4,0
2,11,7.5,9.124,9.124,6.96193,0,All,#4682B4,0
3,11,7.5,9.124,9.124,6.91042,0,All,#4682B4,0
4,11,7.5,9.124,9.124,7.21665,0,All,#4682B4,0
5,11,7.5,9.124,9.124,7.04901,0,All,#4682B4,0
6,11,7.5,9.124,9.124,7.28662,0,All,#4682B4,0
7,11,7.5,9.124,9.124,7.10058,0,All,#4682B4,0
8,11,7.5,9.124,9.124,7.00167,0,All,#4682B4,0
9,11,7.5,9.124,9.124,7.07862,0,All,#4682B4,0
10,11,7.5,9.124,9.124,7.31049,0,All,#4682B4,0
1,11,8,7.084,7.084,7.25836,0,All,#4682B4,0
2,11,8,7.084,7.084,6.58275,0,All,#4682B4,0
3,11,8,7.084,7.084,6.50373,0,All,#4682B4,0
4,11,8,7.084,7.084,6.78336,0,All,#4682B4,0
5,11,8,7.084,7.084,6.79493,0,All,#4682B4,0
6,11,8,7.084,7.084,7.01089,0,All,#4682B4,0
7,11,8,7.084,7.084,6.61931,0,All,#4682B4,0
8,11,8,7.084,7.084,6.64517,0,All,#4682B4,0
9,11,8,7.084,7.084,6.57896,0,All,#4682B4,0
10,11,8,7.084,7.084,6.98072,0,All,#4682B4,0
1,11,8.5,6.796,6.796,6.86846,0,All,#4682B4,0
2,11,8.5,6.796,6.796,6.16942,0,All,#4682B4,0
3,11,8.5,6.796,6.796,6.01532,0,All,#4682B4,0
4,11,8.5,6.796,6.796,6.29709,0,All,#4682B4,0
5,11,8.5,6.796,6.796,6.46582,0,All,#4682B4,0
6,11,8.5,6.796,6.796,6.62677,0,All,#4682B4,0
7,11,8.5,6.796,6.796,6.09026,0,All,#4682B4,0
8,11,8.5,6.796,6.796,6.24475,0,All,#4682B4,0
9,11,8.5,6.796,6.796,6.02683,0,All,#4682B4,0
10,11,8.5,6.796,6.796,6.5529,0,All,#4682B4,0
1,11,9,5.49,5.49,6.38356,0,All,#4682B4,0
2,11,9,5.49,5.49,5.72711,0,All,#4682B4,0
3,11,9,5.49,5.49,5.4511,0,All,#4682B4,0
4,11,9,5.49,5.49,5.7617,0,All,#4682B4,0
5,11,9,5.49,5.49,6.04738,0,All,#4682B4,0
6,11,9,5.49,5.49,6.09268,0,All,#4682B4,0
7,11,9,5.49,5.49,5.51394,0,All,#4682B4,0
8,11,9,5.49,5.49,5.80006,0,All,#4682B4,0
9,11,9,5.49,5.49,5.44942,0,All,#4682B4,0
10,11,9,5.49,5.49,6.00449,0,All,#4682B4,0
1,11,9.5,5.876,5.876,5.78537,0,All,#4682B4,0
2,11,9.5,5.876,5.876,5.26286,0,All,#4682B4,0
3,11,9.5,5.876,5.876,4.85517,0,All,#4682B4,0
4,11,9.5,5.876,5.876,5.19141,0,All,#4682B4,0
5,11,9.5,5.876,5.876,5.52159,0,All,#4682B4,0
6,11,9.5,5.876,5.876,5.35932,0,All,#4682B4,0
7,11,9.5,5.876,5.876,4.91291,0,All,#4682B4,0
8,11,9.5,5.876,5.876,5.31786,0,All,#4682B4,0
9,11,9.5,5.876,5.876,4.88648,0,All,#4682B4,0
10,11,9.5,5.876,5.876,5.32394,0,All,#4682B4,0
1,11,10,4.666,4.666,5.06334,0,All,#4682B4,0
2,11,10,4.666,4.666,4.78844,0,All,#4682B4,0
3,11,10,4.666,4.666,4.31267,0,All,#4682B4,0
4,11,10,4.666,4.666,4.6235,0,All,#4682B4,0
5,11,10,4.666,4.666,4.89228,0,All,#4682B4,0
6,11,10,4.666,4.666,4.40058,0,All,#4682B4,0
7,11,10,4.666,4.666,4.32242,0,All,#4682B4,0
8,11,10,4.666,4.666,4.8168,0,All,#4682B4,0
9,11,10,4.666,4.666,4.3754,0,All,#4682B4,0
10,11,10,4.666,4.666,4.55999,0,All,#4682B4,0
1,11,10.5,3.957,3.957,4.23355,0,All,#4682B4,0
2,11,10.5,3.957,3.957,4.32324,0,All,#4682B4,0
3,11,10.5,3.957,3.957,3.89047,0,All,#4682B4,0
4,11,10.5,3.957,3.957,4.12388,0,All,#4682B4,0
5,11,10.5,3.957,3.957,4.23817,0,All,#4682B4,0
6,11,10.5,3.957,3.957,3.39603,0,All,#4682B4,0
7,11,10.5,3.957,3.957,3.79084,0,All,#4682B4,0
8,11,10.5,3.957,3.957,4.33047,0,All,#4682B4,0
9,11,10.5,3.957,3.957,3.93688,0,All,#4682B4,0
10,11,10.5,3.957,3.957,3.87517,0,All,#4682B4,0
1,11,11,3,2.0636,3.44645,1,All,#4682B4,0
2,11,11,3,2.39565,3.89393,1,All,#4682B4,0
3,11,11,3,2.93783,3.5866,1,All,#4682B4,0
4,11,11,3,2.92385,3.73871,1,All,#4682B4,0
5,11,11,3,1.89838,3.72113,1,All,#4682B4,0
6,11,11,3,2.49241,2.78519,1,All,#4682B4,0
7,11,11,3,2.06879,3.35876,1,All,#4682B4,0
8,11,11,3,2.79786,3.8987,1,All,#4682B4,0
9,11,11,3,2.74507,3.57534,1,All,#4682B4,0
10,11,11,3,2.96104,3.38014,1,All,#4682B4,0
1,11,11.5,3,2.64298,2.88862,1,All,#4682B4,0
2,11,11.5,3,2.1529,3.52894,1,All,#4682B4,0
3,11,11.5,3,2.6942,3.3646,1,All,#4682B4,0
4,11,11.5,3,2.4853,3.47194,1,All,#4682B4,0
5,11,11.5,3,2.72666,3.38947,1,All,#4682B4,0
6,11,11.5,3,2.42475,2.44981,1,All,#4682B4,0
7,11,11.5,3,1.90567,3.03952,1,All,#4682B4,0
8,11,11.5,3,2.84557,3.54641,1,All,#4682B4,0
9,11,11.5,3,2.48616,3.28368,1,All,#4682B4,0
10,11,11.5,3,2.96365,3.0405,1,All,#4682B4,0
1,11,12,5.532,5.532,2.54746,0,All,#4682B4,0
2,11,12,5.532,5.532,3.24401,0,All,#4682B4,0
3,11,12,5.532,5.532,3.19606,0,All,#4682B4,0
4,11,12,5.532,5.532,3.29962,0,All,#4682B4,0
5,11,12,5.532,5.532,3.17258,0,All,#4682B4,0
6,11,12,5.532,5.532,2.22528,0,All,#4682B4,0
7,11,12,5.532,5.532,2.81723,0,All,#4682B4,0
8,11,12,5.532,5.532,3.27724,0,All,#4682B4,0
9,11,12,5.532,5.532,3.05365,0,All,#4682B4,0
10,11,12,5.532,5.532,2.79627,0,All,#4682B4,0
1,11,12.5,3,1.25568,2.33054,1,All,#4682B4,0
2,11,12.5,3,1.80199,3.03844,1,All,#4682B4,0
3,11,12.5,3,2.565,3.05543,1,All,#4682B4,0
4,11,12.5,3,2.8918,3.19064,1,All,#4682B4,0
5,11,12.5,3,2.50401,3.01598,1,All,#4682B4,0
6,11,12.5,3,1.49592,2.04699,1,All,#4682B4,0
7,11,12.5,3,1.90876,2.66735,1,All,#4682B4,0
8,11,12.5,3,1.99416,3.0794,1,All,#4682B4,0
9,11,12.5,3,1.61667,2.86897,1,All,#4682B4,0
10,11,12.5,3,2.48543,2.60507,1,All,#4682B4,0
1,11,13,3,2.7407,2.1768,1,All,#4682B4,0
2,11,13,3,2.01219,2.89974,1,All,#4682B4,0
3,11,13,3,2.9204,2.93239,1,All,#4682B4,0
4,11,13,3,2.93144,3.12109,1,All,#4682B4,0
5,11,13,3,0.868162,2.88804,1,All,#4682B4,0
6,11,13,3,1.33583,1.8853,1,All,#4682B4,0
7,11,13,3,1.19337,2.56742,1,All,#4682B4,0
8,11,13,3,2.78002,2.93608,1,All,#4682B4,0
9,11,13,3,1.10552,2.71879,1,All,#4682B4,0
10,11,13,3,2.3473,2.4423,1,All,#4682B4,0
1,11,13.5,3,0.817886,2.05648,1,All,#4682B4,0
2,11,13.5,3,2.16476,2.81188,1,All,#4682B4,0
3,11,13.5,3,2.79268,2.81828,1,All,#4682B4,0
4,11,13.5,3,2.16534,3.0744,1,All,#4682B4,0
5,11,13.5,3,2.19822,2.77209,1,All,#4682B4,0
6,11,13.5,3,1.79979,1.73217,1,All,#4682B4,0
7,11,13.5,3,1.05332,2.49993,1,All,#4682B4,0
8,11,13.5,3,1.24625,2.83284,1,All,#4682B4,0
9,11,13.5,3,2.7891,2.59334,1,All,#4682B4,0
10,11,13.5,3,2.28027,2.29318,1,All,#4682B4,0
1,11,14,3,1.01969,1.94908,1,All,#4682B4,0
2,11,14,3,2.5241,2.7589,1,All,#4682B4,0
3,11,14,3,2.78438,2.70891,1,All,#4682B4,0
4,11,14,3,1.45972,3.03965,1,All,#4682B4,0
5,11,14,3,1.12588,2.66196,1,All,#4682B4,0
6,11,14,3,0.236253,1.57702,1,All,#4682B4,0
7,11,14,3,0.300768,2.45261,1,All,#4682B4,0
8,11,14,3,2.88259,2.75418,1,All,#4682B4,0
9,11,14,3,2.87733,2.48482,1,All,#4682B4,0
10,11,14,3,1.84254,2.14981,1,All,#4682B4,0
1,11,14.5,3,2.54338,1.84708,1,All,#4682B4,0
2,11,14.5,3,2.57574,2.72834,1,All,#4682B4,0
3,11,14.5,3,2.82174,2.59962,1,All,#4682B4,0
4,11,14.5,3,2.79333,3.01043,1,All,#4682B4,0
5,11,14.5,3,2.32153,2.5522,1,All,#4682B4,0
6,11,14.5,3,2.20279,1.42333,1,All,#4682B4,0
7,11,14.5,3,2.02932,2.41524,1,All,#4682B4,0
8,11,14.5,3,2.00727,2.68961,1,All,#4682B4,0
9,11,14.5,3,1.09156,2.38779,1,All,#4682B4,0
10,11,14.5,3,0.624733,2.00973,1,All,#4682B4,0
1,11,15,3,2.99539,1.74655,1,All,#4682B4,0
2,11,15,3,1.64073,2.71228,1,All,#4682B4,0
3,11,15,3,2.08994,2.49103,1,All,#4682B4,0
4,11,15,3,1.61564,2.98328,1,All,#4682B4,0
5,11,15,3,2.24482,2.44403,1,All,#4682B4,0
6,11,15,3,1.44957,1.2692,1,All,#4682B4,0
7,11,15,3,1.58454,2.38164,1,All,#4682B4,0
8,11,15,3,1.75323,2.63623,1,All,#4682B4,0
9,11,15,3,2.65255,2.29797,1,All,#4682B4,0
10,11,15,3,2.66937,1.86936,1,All,#4682B4,0
1,11,15.5,3,1.71103,1.64688,1,All,#4682B4,0
2,11,15.5,3,0.828256,2.70714,1,All,#4682B4,0
3,11,15.5,3,1.97515,2.38134,1,All,#4682B4,0
4,11,15.5,3,2.5769,2.95643,1,All,#4682B4,0
5,11,15.5,3,1.46566,2.33484,1,All,#4682B4,0
6,11,15.5,3,1.23478,1.11387,1,All,#4682B4,0
7,11,15.5,3,2.46944,2.35395,1,All,#4682B4,0
8,11,15.5,3,1.00585,2.58818,1,All,#4682B4,0
9,11,15.5,3,1.44228,2.21418,1,All,#4682B4,0
10,11,15.5,3,1.9602,1.72867,1,All,#4682B4,0
1,12,1,3,0.544193,0,1,All,#4682B4,0
2,12,1,3,0.568948,0,1,All,#4682B4,0
3,12,1,3,0.348442,0,1,All,#4682B4,0
4,12,1,3,0.460734,0,1,All,#4682B4,0
5,12,1,3,0.4064,0,1,All,#4682B4,0
6,12,1,3,0.381291,0,1,All,#4682B4,0
7,12,1,3,0.672423,0,1,All,#4682B4,0
8,12,1,3,0.440338,0,1,All,#4682B4,0
9,12,1,3,0.418601,0,1,All,#4682B4,0
10,12,1,3,2.14844,0,1,All,#4682B4,0
1,12,1.5,3,1.26507,0,1,All,#4682B4,0
2,12,1.5,3,0.236127,0,1,All,#4682B4,0
3,12,1.5,3,0.760108,0,1,All,#4682B4,0
4,12,1.5,3,1.21234,0,1,All,#4682B4,0
5,12,1.5,3,0.351814,0,1,All,#4682B4,0
6,12,1.5,3,0.737946,0,1,All,#4682B4,0
7,12,1.5,3,0.332978,0,1,All,#4682B4,0
8,12,1.5,3,0.31061,0,1,All,#4682B4,0
9,12,1.5,3,0.2025,0,1,All,#4682B4,0
10,12,1.5,3,1.60352,0,1,All,#4682B4,0
1,12,2,3,0.391661,0,1,All,#4682B4,0
2,12,2,3,0.409495,0,1,All,#4682B4,0
3,12,2,3,1.79892,0,1,All,#4682B4,0
4,12,2,3,0.657959,0,1,All,#4682B4,0
5,12,2,3,1.74011,0,1,All,#4682B4,0
6,12,2,3,0.373375,0,1,All,#4682B4,0
7,12,2,3,1.15887,0,1,All,#4682B4,0
8,12,2,3,0.504812,0,1,All,#4682B4,0
9,12,2,3,0.455989,0,1,All,#4682B4,0
10,12,2,3,0.19286,0,1,All,#4682B4,0
1,12,2.5,3,0.982158,0,1,All,#4682B4,0
2,12,2.5,3,0.0255798,0,1,All,#4682B4,0
3,12,2.5,3,0.308805,0,1,All,#4682B4,0
4,12,2.5,3,0.0963036,0,1,All,#4682B4,0
5,12,2.5,3,2.12626,0,1,All,#4682B4,0
6,12,2.5,3,0.00339004,0,1,All,#4682B4,0
7,12,2.5,3,0.351501,0,1,All,#4682B4,0
8,12,2.5,3,1.57129,0,1,All,#4682B4,0
9,12,2.5,3,1.49317,0,1,All,#4682B4,0
10,12,2.5,3,0.156332,0,1,All,#4682B4,0
1,12,3,3,0.876666,0,1,All,#4682B4,0
2,12,3,3,0.766635,0,1,All,#4682B4,0
3,12,3,3,0.883944,0,1,All,#4682B4,0
4,12,3,3,0.332301,0,1,All,#4682B4,0
5,12,3,3,0.206832,0,1,All,#4682B4,0
6,12,3,3,0.526574,0,1,All,#4682B4,0
7,12,3,3,0.400899,0,1,All,#4682B4,0
8,12,3,3,0.824398,0,1,All,#4682B4,0
9,12,3,3,0.0960768,0,1,All,#4682B4,0
10,12,3,3,1.01113,0,1,All,#4682B4,0
1,12,3.5,3,0.0418916,0,1,All,#4682B4,0
2,12,3.5,3,0.246785,0,1,All,#4682B4,0
3,12,3.5,3,0.696591,0,1,All,#4682B4,0
4,12,3.5,3,0.437068,0,1,All,#4682B4,0
5,12,3.5,3,0.0761785,0,1,All,#4682B4,0
6,12,3.5,3,1.88214,0,1,All,#4682B4,0
7,12,3.5,3,0.779577,0,1,All,#4682B4,0
8,12,3.5,3,2.43359,0,1,All,#4682B4,0
9,12,3.5,3,0.207893,0,1,All,#4682B4,0
10,12,3.5,3,0.260593,0,1,All,#4682B4,0
1,12,4,3,0.417447,0,1,All,#4682B4,0
2,12,4,3,1.29227,0,1,All,#4682B4,0
3,12,4,3,0.530776,0,1,All,#4682B4,0
4,12,4,3,0.276144,0,1,All,#4682B4,0
5,12,4,3,0.761536,0,1,All,#4682B4,0
6,12,4,3,1.38992,0,1,All,#4682B4,0
7,12,4,3,0.416687,0,1,All,#4682B4,0
8,12,4,3,0.400776,0,1,All,#4682B4,0
9,12,4,3,1.21666,0,1,All,#4682B4,0
10,12,4,3,0.707495,0,1,All,#4682B4,0
1,12,4.5,3.692,3.692,3.46239,0,All,#4682B4,0
2,12,4.5,3.692,3.692,4.4007,0,All,#4682B4,0
3,12,4.5,3.692,3.692,2.4822,0,All,#4682B4,0
4,12,4.5,3.692,3.692,3.4899,0,All,#4682B4,0
5,12,4.5,3.692,3.692,4.47593,0,All,#4682B4,0
6,12,4.5,3.692,3.692,2.96573,0,All,#4682B4,0
7,12,4.5,3.692,3.692,3.68785,0,All,#4682B4,0
8,12,4.5,3.692,3.692,3.30652,0,All,#4682B4,0
9,12,4.5,3.692,3.692,3.78471,0,All,#4682B4,0
10,12,4.5,3.692,3.692,3.30558,0,All,#4682B4,0
1,12,5,3,2.93579,5.63577,1,All,#4682B4,0
2,12,5,3,2.84469,5.76799,1,All,#4682B4,0
3,12,5,3,2.0523,5.11326,1,All,#4682B4,0
4,12,5,3,2.77073,5.52101,1,All,#4682B4,0
5,12,5,3,2.7012,5.87262,1,All,#4682B4,0
6,12,5,3,2.9447,5.70709,1,All,#4682B4,0
7,12,5,3,2.48923,5.47022,1,All,#4682B4,0
8,12,5,3,2.89768,5.52632,1,All,#4682B4,0
9,12,5,3,2.47577,5.45171,1,All,#4682B4,0
10,12,5,3,2.90289,5.56223,1,All,#4682B4,0
1,12,5.5,8.496,8.496,6.3412,0,All,#4682B4,0
2,12,5.5,8.496,8.496,6.34751,0,All,#4682B4,0
3,12,5.5,8.496,8.496,5.92953,0,All,#4682B4,0
4,12,5.5,8.496,8.496,6.26062,0,All,#4682B4,0
5,12,5.5,8.496,8.496,6.38627,0,All,#4682B4,0
6,12,5.5,8.496,8.496,6.48017,0,All,#4682B4,0
7,12,5.5,8.496,8.496,6.11672,0,All,#4682B4,0
8,12,5.5,8.496,8.496,6.26887,0,All,#4682B4,0
9,12,5.5,8.496,8.496,6.12877,0,All,#4682B4,0
10,12,5.5,8.496,8.496,6.26608,0,All,#4682B4,0
1,12,6,6.953,6.953,6.66052,0,All,#4682B4,0
2,12,6,6.953,6.953,6.59837,0,All,#4682B4,0
3,12,6,6.953,6.953,6.29929,0,All,#4682B4,0
4,12,6,6.953,6.953,6.61135,0,All,#4682B4,0
5,12,6,6.953,6.953,6.57271,0,All,#4682B4,0
6,12,6,6.953,6.953,6.80605,0,All,#4682B4,0
7,12,6,6.953,6.953,6.40391,0,All,#4682B4,0
8,12,6,6.953,6.953,6.5969,0,All,#4682B4,0
9,12,6,6.953,6.953,6.45881,0,All,#4682B4,0
10,12,6,6.953,6.953,6.55506,0,All,#4682B4,0
1,12,6.5,4.478,4.478,6.77001,0,All,#4682B4,0
2,12,6.5,4.478,4.478,6.61925,0,All,#4682B4,0
3,12,6.5,4.478,4.478,6.41788,0,All,#4682B4,0
4,12,6.5,4.478,4.478,6.74077,0,All,#4682B4,0
5,12,6.5,4.478,4.478,6.55029,0,All,#4682B4,0
6,12,6.5,4.478,4.478,6.89884,0,All,#4682B4,0
7,12,6.5,4.478,4.478,6.48209,0,All,#4682B4,0
8,12,6.5,4.478,4.478,6.69501,0,All,#4682B4,0
9,12,6.5,4.478,4.478,6.57699,0,All,#4682B4,0
10,12,6.5,4.478,4.478,6.6166,0,All,#4682B4,0
1,12,7,6.848,6.848,6.71908,0,All,#4682B4,0
2,12,7,6.848,6.848,6.44212,0,All,#4682B4,0
3,12,7,6.848,6.848,6.34044,0,All,#4682B4,0
4,12,7,6.848,6.848,6.6929,0,All,#4682B4,0
5,12,7,6.848,6.848,6.34576,0,All,#4682B4,0
6,12,7,6.848,6.848,6.81486,0,All,#4682B4,0
7,12,7,6.848,6.848,6.39315,0,All,#4682B4,0
8,12,7,6.848,6.848,6.61186,0,All,#4682B4,0
9,12,7,6.848,6.848,6.52153,0,All,#4682B4,0
10,12,7,6.848,6.848,6.50539,0,All,#4682B4,0
1,12,7.5,6.629,6.629,6.53255,0,All,#4682B4,0
2,12,7.5,6.629,6.629,6.1004,0,All,#4682B4,0
3,12,7.5,6.629,6.629,6.10782,0,All,#4682B4,0
4,12,7.5,6.629,6.629,6.49314,0,All,#4682B4,0
5,12,7.5,6.629,6.629,5.99261,0,All,#4682B4,0
6,12,7.5,6.629,6.629,6.57735,0,All,#4682B4,0
7,12,7.5,6.629,6.629,6.15985,0,All,#4682B4,0
8,12,7.5,6.629,6.629,6.37455,0,All,#4682B4,0
9,12,7.5,6.629,6.629,6.31298,0,All,#4682B4,0
10,12,7.5,6.629,6.629,6.24801,0,All,#4682B4,0
1,12,8,6.559,6.559,6.23687,0,All,#4682B4,0
2,12,8,6.559,6.559,5.63151,0,All,#4682B4,0
3,12,8,6.559,6.559,5.75285,0,All,#4682B4,0
4,12,8,6.559,6.559,6.17029,0,All,#4682B4,0
5,12,8,6.559,6.559,5.52673,0,All,#4682B4,0
6,12,8,6.559,6.559,6.20813,0,All,#4682B4,0
7,12,8,6.559,6.559,5.8074,0,All,#4682B4,0
8,12,8,6.559,6.559,6.01188,0,All,#4682B4,0
9,12,8,6.559,6.559,5.9757,0,All,#4682B4,0
10,12,8,6.559,6.559,5.87787,0,All,#4682B4,0
1,12,8.5,4.986,4.986,5.8579,0,All,#4682B4,0
2,12,8.5,4.986,4.986,5.08154,0,All,#4682B4,0
3,12,8.5,4.986,4.986,5.31091,0,All,#4682B4,0
4,12,8.5,4.986,4.986,5.75327,0,All,#4682B4,0
5,12,8.5,4.986,4.986,4.99855,0,All,#4682B4,0
6,12,8.5,4.986,4.986,5.7437,0,All,#4682B4,0
7,12,8.5,4.986,4.986,5.36516,0,All,#4682B4,0
8,12,8.5,4.986,4.986,5.55379,0,All,#4682B4,0
9,12,8.5,4.986,4.986,5.54167,0,All,#4682B4,0
10,12,8.5,4.986,4.986,5.4357,0,All,#4682B4,0
1,12,9,7.05,7.05,5.41905,0,All,#4682B4,0
2,12,9,7.05,7.05,4.52282,0,All,#4682B4,0
3,12,9,7.05,7.05,4.81749,0,All,#4682B4,0
4,12,9,7.05,7.05,5.26624,0,All,#4682B4,0
5,12,9,7.05,7.05,4.47205,0,All,#4682B4,0
6,12,9,7.05,7.05,5.2177,0,All,#4682B4,0
7,12,9,7.05,7.05,4.86708,0,All,#4682B4,0
8,12,9,7.05,7.05,5.0353,0,All,#4682B4,0
9,12,9,7.05,7.05,5.04993,0,All,#4682B4,0
10,12,9,7.05,7.05,4.95255,0,All,#4682B4,0
1,12,9.5,5.095,5.095,4.94248,0,All,#4682B4,0
2,12,9.5,5.095,5.095,4.03128,0,All,#4682B4,0
3,12,9.5,5.095,5.095,4.31261,0,All,#4682B4,0
4,12,9.5,5.095,5.095,4.73957,0,All,#4682B4,0
5,12,9.5,5.095,5.095,4.01647,0,All,#4682B4,0
6,12,9.5,5.095,5.095,4.67318,0,All,#4682B4,0
7,12,9.5,5.095,5.095,4.35556,0,All,#4682B4,0
8,12,9.5,5.095,5.095,4.49839,0,All,#4682B4,0
9,12,9.5,5.095,5.095,4.54193,0,All,#4682B4,0
10,12,9.5,5.095,5.095,4.47769,0,All,#4682B4,0
1,12,10,3.781,3.781,4.45047,0,All,#4682B4,0
2,12,10,3.781,3.781,3.65219,0,All,#4682B4,0
3,12,10,3.781,3.781,3.84935,0,All,#4682B4,0
4,12,10,3.781,3.781,4.21265,0,All,#4682B4,0
5,12,10,3.781,3.781,3.66837,0,All,#4682B4,0
6,12,10,3.781,3.781,4.16103,0,All,#4682B4,0
7,12,10,3.781,3.781,3.88282,0,All,#4682B4,0
8,12,10,3.781,3.781,3.99272,0,All,#4682B4,0
9,12,10,3.781,3.781,4.06468,0,All,#4682B4,0
10,12,10,3.781,3.781,4.04225,0,All,#4682B4,0
1,12,10.5,3.593,3.593,3.97108,0,All,#4682B4,0
2,12,10.5,3.593,3.593,3.39173,0,All,#4682B4,0
3,12,10.5,3.593,3.593,3.48283,0,All,#4682B4,0
4,12,10.5,3.593,3.593,3.74106,0,All,#4682B4,0
5,12,10.5,3.593,3.593,3.42414,0,All,#4682B4,0
6,12,10.5,3.593,3.593,3.72729,0,All,#4682B4,0
7,12,10.5,3.593,3.593,3.49808,0,All,#4682B4,0
8,12,10.5,3.593,3.593,3.56181,0,All,#4682B4,0
9,12,10.5,3.593,3.593,3.66043,0,All,#4682B4,0
10,12,10.5,3.593,3.593,3.66531,0,All,#4682B4,0
1,12,11,3.944,3.944,3.55465,0,All,#4682B4,0
2,12,11,3.944,3.944,3.22778,0,All,#4682B4,0
3,12,11,3.944,3.944,3.23355,0,All,#4682B4,0
4,12,11,3.944,3.944,3.37529,0,All,#4682B4,0
5,12,11,3.944,3.944,3.26152,0,All,#4682B4,0
6,12,11,3.944,3.944,3.3985,0,All,#4682B4,0
7,12,11,3.944,3.944,3.22244,0,All,#4682B4,0
8,12,11,3.944,3.944,3.23543,0,All,#4682B4,0
9,12,11,3.944,3.944,3.35242,0,All,#4682B4,0
10,12,11,3.944,3.944,3.3571,0,All,#4682B4,0
1,12,11.5,3,2.81405,3.24463,1,All,#4682B4,0
2,12,11.5,3,2.83377,3.13004,1,All,#4682B4,0
3,12,11.5,3,2.15474,3.0835,1,All,#4682B4,0
4,12,11.5,3,2.51235,3.12877,1,All,#4682B4,0
5,12,11.5,3,2.17244,3.15152,1,All,#4682B4,0
6,12,11.5,3,1.94006,3.16945,1,All,#4682B4,0
7,12,11.5,3,2.29042,3.04489,1,All,#4682B4,0
8,12,11.5,3,2.8067,3.01453,1,All,#4682B4,0
9,12,11.5,3,1.85136,3.13983,1,All,#4682B4,0
10,12,11.5,3,1.69496,3.11397,1,All,#4682B4,0
1,12,12,4.01,4.01,3.04657,0,All,#4682B4,0
2,12,12,4.01,4.01,3.07174,0,All,#4682B4,0
3,12,12,4.01,4.01,3.00219,0,All,#4682B4,0
4,12,12,4.01,4.01,2.97536,0,All,#4682B4,0
5,12,12,4.01,4.01,3.07238,0,All,#4682B4,0
6,12,12,4.01,4.01,3.01809,0,All,#4682B4,0
7,12,12,4.01,4.01,2.94072,0,All,#4682B4,0
8,12,12,4.01,4.01,2.87794,0,All,#4682B4,0
9,12,12,4.01,4.01,3.00222,0,All,#4682B4,0
10,12,12,4.01,4.01,2.92652,0,All,#4682B4,0
1,12,12.5,3,1.57552,2.93628,1,All,#4682B4,0
2,12,12.5,3,1.77627,3.0368,1,All,#4682B4,0
3,12,12.5,3,1.94423,2.96615,1,All,#4682B4,0
4,12,12.5,3,2.28502,2.89021,1,All,#4682B4,0
5,12,12.5,3,2.62334,3.00872,1,All,#4682B4,0
6,12,12.5,3,2.05271,2.91946,1,All,#4682B4,0
7,12,12.5,3,2.66293,2.87968,1,All,#4682B4,0
8,12,12.5,3,2.40814,2.80035,1,All,#4682B4,0
9,12,12.5,3,1.89103,2.91743,1,All,#4682B4,0
10,12,12.5,3,1.32006,2.78185,1,All,#4682B4,0
1,12,13,3,2.29393,2.88434,1,All,#4682B4,0
2,12,13,3,1.90089,3.00978,1,All,#4682B4,0
3,12,13,3,2.97198,2.95138,1,All,#4682B4,0
4,12,13,3,1.65134,2.84817,1,All,#4682B4,0
5,12,13,3,0.79687,2.95517,1,All,#4682B4,0
6,12,13,3,1.69926,2.85427,1,All,#4682B4,0
7,12,13,3,1.64692,2.84518,1,All,#4682B4,0
8,12,13,3,2.08998,2.75978,1,All,#4682B4,0
9,12,13,3,2.72943,2.8689,1,All,#4682B4,0
10,12,13,3,2.06062,2.6682,1,All,#4682B4,0
1,12,13.5,3,2.59279,2.86761,1,All,#4682B4,0
2,12,13.5,3,1.2715,2.99231,1,All,#4682B4,0
3,12,13.5,3,1.88161,2.94715,1,All,#4682B4,0
4,12,13.5,3,2.40923,2.83256,1,All,#4682B4,0
5,12,13.5,3,1.70659,2.90445,1,All,#4682B4,0
6,12,13.5,3,2.02617,2.8079,1,All,#4682B4,0
7,12,13.5,3,1.26768,2.82703,1,All,#4682B4,0
8,12,13.5,3,1.80103,2.73941,1,All,#4682B4,0
9,12,13.5,3,1.16361,2.84114,1,All,#4682B4,0
10,12,13.5,3,2.49427,2.57502,1,All,#4682B4,0
1,12,14,3,2.19382,2.86713,1,All,#4682B4,0
2,12,14,3,1.96506,2.97176,1,All,#4682B4,0
3,12,14,3,2.61622,2.95402,1,All,#4682B4,0
4,12,14,3,2.03539,2.8286,1,All,#4682B4,0
5,12,14,3,1.50666,2.85511,1,All,#4682B4,0
6,12,14,3,2.65498,2.77218,1,All,#4682B4,0
7,12,14,3,0.741113,2.8183,1,All,#4682B4,0
8,12,14,3,1.92639,2.72958,1,All,#4682B4,0
9,12,14,3,1.68739,2.82582,1,All,#4682B4,0
10,12,14,3,2.85031,2.49598,1,All,#4682B4,0
1,12,14.5,3,2.70212,2.87818,1,All,#4682B4,0
2,12,14.5,3,1.77963,2.95237,1,All,#4682B4,0
3,12,14.5,3,2.04243,2.96256,1,All,#4682B4,0
4,12,14.5,3,1.29763,2.83164,1,All,#4682B4,0
5,12,14.5,3,2.93735,2.80694,1,All,#4682B4,0
6,12,14.5,3,1.2877,2.74159,1,All,#4682B4,0
7,12,14.5,3,2.08252,2.81122,1,All,#4682B4,0
8,12,14.5,3,2.68535,2.72728,1,All,#4682B4,0
9,12,14.5,3,2.616,2.81546,1,All,#4682B4,0
10,12,14.5,3,1.62061,2.42638,1,All,#4682B4,0
1,12,15,3.514,3.514,2.89479,0,All,#4682B4,0
2,12,15,3.514,3.514,2.93156,0,All,#4682B4,0
3,12,15,3.514,3.514,2.96933,0,All,#4682B4,0
4,12,15,3.514,3.514,2.83579,0,All,#4682B4,0
5,12,15,3.514,3.514,2.75643,0,All,#4682B4,0
6,12,15,3.514,3.514,2.71337,0,All,#4682B4,0
7,12,15,3.514,3.514,2.80504,0,All,#4682B4,0
8,12,15,3.514,3.514,2.73038,0,All,#4682B4,0
9,12,15,3.514,3.514,2.80805,0,All,#4682B4,0
10,12,15,3.514,3.514,2.36174,0,All,#4682B4,0
1,12,15.5,3,2.93386,2.91235,1,All,#4682B4,0
2,12,15.5,3,1.37002,2.91174,1,All,#4682B4,0
3,12,15.5,3,2.1451,2.97562,1,All,#4682B4,0
4,12,15.5,3,1.17241,2.84182,1,All,#4682B4,0
5,12,15.5,3,2.06115,2.70557,1,All,#4682B4,0
6,12,15.5,3,2.32485,2.68594,1,All,#4682B4,0
7,12,15.5,3,2.82685,2.79817,1,All,#4682B4,0
8,12,15.5,3,2.55684,2.72639,1,All,#4682B4,0
9,12,15.5,3,2.05929,2.80141,1,All,#4682B4,0
10,12,15.5,3,2.07121,2.30093,1,All,#4682B4,0
1,12,16,3.572,3.572,2.92995,0,All,#4682B4,0
2,12,16,3.572,3.572,2.88843,0,All,#4682B4,0
3,12,16,3.572,3.572,2.98087,0,All,#4682B4,0
4,12,16,3.572,3.572,2.84884,0,All,#4682B4,0
5,12,16,3.572,3.572,2.6528,0,All,#4682B4,0
6,12,16,3.572,3.572,2.65797,0,All,#4682B4,0
7,12,16,3.572,3.572,2.79016,0,All,#4682B4,0
8,12,16,3.572,3.572,2.72803,0,All,#4682B4,0
9,12,16,3.572,3.572,2.79418,0,All,#4682B4,0
10,12,16,3.572,3.572,2.24209,0,All,#4682B4,0
1,12,16.5,3,2.6635,2.94434,1,All,#4682B4,0
2,12,16.5,3,2.89047,2.86344,1,All,#4682B4,0
3,12,16.5,3,2.47935,2.98364,1,All,#4682B4,0
4,12,16.5,3,2.17074,2.85314,1,All,#4682B4,0
5,12,16.5,3,2.18027,2.59862,1,All,#4682B4,0
6,12,16.5,3,1.63407,2.62952,1,All,#4682B4,0
7,12,16.5,3,2.866,2.78086,1,All,#4682B4,0
8,12,16.5,3,2.24552,2.72497,1,All,#4682B4,0
9,12,16.5,3,2.04375,2.78558,1,All,#4682B4,0
10,12,16.5,3,2.36487,2.1838,1,All,#4682B4,0
1,12,17,3.461,3.461,2.9593,0,All,#4682B4,0
2,12,17,3.461,3.461,2.83612,0,All,#4682B4,0
3,12,17,3.461,3.461,2.98497,0,All,#4682B4,0
4,12,17,3.461,3.461,2.85308,0,All,#4682B4,0
5,12,17,3.461,3.461,2.5428,0,All,#4682B4,0
6,12,17,3.461,3.461,2.60003,0,All,#4682B4,0
7,12,17,3.461,3.461,2.76988,0,All,#4682B4,0
8,12,17,3.461,3.461,2.72418,0,All,#4682B4,0
9,12,17,3.461,3.461,2.77545,0,All,#4682B4,0
10,12,17,3.461,3.461,2.12528,0,All,#4682B4,0
1,12,17.5,3,2.96075,2.97171,1,All,#4682B4,0
2,12,17.5,3,2.50349,2.80674,1,All,#4682B4,0
3,12,17.5,3,2.7604,2.98417,1,All,#4682B4,0
4,12,17.5,3,2.61894,2.85085,1,All,#4682B4,0
5,12,17.5,3,1.57205,2.48539,1,All,#4682B4,0
6,12,17.5,3,2.5676,2.56932,1,All,#4682B4,0
7,12,17.5,3,2.71268,2.75728,1,All,#4682B4,0
8,12,17.5,3,2.40439,2.7196,1,All,#4682B4,0
9,12,17.5,3,1.75111,2.76398,1,All,#4682B4,0
10,12,17.5,3,2.04527,2.06648,1,All,#4682B4,0
1,12,18,3,2.85971,2.98246,1,All,#4682B4,0
2,12,18,3,2.15534,2.77509,1,All,#4682B4,0
3,12,18,3,2.42427,2.98135,1,All,#4682B4,0
4,12,18,3,0.476722,2.85053,1,All,#4682B4,0
5,12,18,3,2.1933,2.42631,1,All,#4682B4,0
6,12,18,3,1.22529,2.53547,1,All,#4682B4,0
7,12,18,3,2.30594,2.74202,1,All,#4682B4,0
8,12,18,3,2.38081,2.7127,1,All,#4682B4,0
9,12,18,3,2.01869,2.75052,1,All,#4682B4,0
10,12,18,3,2.01085,2.00683,1,All,#4682B4,0
1,13,1,3.129,3.129,0,0,All,#4682B4,0
2,13,1,3.129,3.129,0,0,All,#4682B4,0
3,13,1,3.129,3.129,0,0,All,#4682B4,0
4,13,1,3.129,3.129,0,0,All,#4682B4,0
5,13,1,3.129,3.129,0,0,All,#4682B4,0
6,13,1,3.129,3.129,0,0,All,#4682B4,0
7,13,1,3.129,3.129,1.18221,0,All,#4682B4,0
8,13,1,3.129,3.129,0,0,All,#4682B4,0
9,13,1,3.129,3.129,0,0,All,#4682B4,0
10,13,1,3.129,3.129,0,0,All,#4682B4,0
1,13,1.5,3,1.1109,1.43411,1,All,#4682B4,0
2,13,1.5,3,0.456869,0,1,All,#4682B4,0
3,13,1.5,3,1.43136,2.09048,1,All,#4682B4,0
4,13,1.5,3,2.52855,3.12554,1,All,#4682B4,0
5,13,1.5,3,0.561387,2.43661,1,All,#4682B4,0
6,13,1.5,3,0.282436,0,1,All,#4682B4,0
7,13,1.5,3,2.86476,3.66555,1,All,#4682B4,0
8,13,1.5,3,1.32783,1.93374,1,All,#4682B4,0
9,13,1.5,3,1.65472,0,1,All,#4682B4,0
10,13,1.5,3,2.67343,2.59756,1,All,#4682B4,0
1,13,2,5.275,5.275,4.3584,0,All,#4682B4,0
2,13,2,5.275,5.275,3.6612,0,All,#4682B4,0
3,13,2,5.275,5.275,5.43425,0,All,#4682B4,0
4,13,2,5.275,5.275,5.96209,0,All,#4682B4,0
5,13,2,5.275,5.275,4.96329,0,All,#4682B4,0
6,13,2,5.275,5.275,3.98142,0,All,#4682B4,0
7,13,2,5.275,5.275,5.24027,0,All,#4682B4,0
8,13,2,5.275,5.275,4.95246,0,All,#4682B4,0
9,13,2,5.275,5.275,3.37529,0,All,#4682B4,0
10,13,2,5.275,5.275,5.19388,0,All,#4682B4,0
1,13,2.5,4.467,4.467,5.80436,0,All,#4682B4,0
2,13,2.5,4.467,4.467,5.50021,0,All,#4682B4,0
3,13,2.5,4.467,4.467,6.73954,0,All,#4682B4,0
4,13,2.5,4.467,4.467,7.16689,0,All,#4682B4,0
5,13,2.5,4.467,4.467,6.28876,0,All,#4682B4,0
6,13,2.5,4.467,4.467,5.93073,0,All,#4682B4,0
7,13,2.5,4.467,4.467,6.34406,0,All,#4682B4,0
8,13,2.5,4.467,4.467,6.13848,0,All,#4682B4,0
9,13,2.5,4.467,4.467,5.54599,0,All,#4682B4,0
10,13,2.5,4.467,4.467,6.43515,0,All,#4682B4,0
1,13,3,6.846,6.846,6.68165,0,All,#4682B4,0
2,13,3,6.846,6.846,6.62422,0,All,#4682B4,0
3,13,3,6.846,6.846,7.44788,0,All,#4682B4,0
4,13,3,6.846,6.846,7.84245,0,All,#4682B4,0
5,13,3,6.846,6.846,7.10896,0,All,#4682B4,0
6,13,3,6.846,6.846,6.87066,0,All,#4682B4,0
7,13,3,6.846,6.846,7.1549,0,All,#4682B4,0
8,13,3,6.846,6.846,6.79996,0,All,#4682B4,0
9,13,3,6.846,6.846,6.71929,0,All,#4682B4,0
10,13,3,6.846,6.846,7.16616,0,All,#4682B4,0
1,13,3.5,7.306,7.306,7.25206,0,All,#4682B4,0
2,13,3.5,7.306,7.306,7.3743,0,All,#4682B4,0
3,13,3.5,7.306,7.306,7.85878,0,All,#4682B4,0
4,13,3.5,7.306,7.306,8.22041,0,All,#4682B4,0
5,13,3.5,7.306,7.306,7.63421,0,All,#4682B4,0
6,13,3.5,7.306,7.306,7.40981,0,All,#4682B4,0
7,13,3.5,7.306,7.306,7.74594,0,All,#4682B4,0
8,13,3.5,7.306,7.306,7.20022,0,All,#4682B4,0
9,13,3.5,7.306,7.306,7.44099,0,All,#4682B4,0
10,13,3.5,7.306,7.306,7.6137,0,All,#4682B4,0
1,13,4,8.46,8.46,7.591,0,All,#4682B4,0
2,13,4,8.46,8.46,7.85817,0,All,#4682B4,0
3,13,4,8.46,8.46,8.05936,0,All,#4682B4,0
4,13,4,8.46,8.46,8.34989,0,All,#4682B4,0
5,13,4,8.46,8.46,7.91807,0,All,#4682B4,0
6,13,4,8.46,8.46,7.69524,0,All,#4682B4,0
7,13,4,8.46,8.46,8.12906,0,All,#4682B4,0
8,13,4,8.46,8.46,7.41129,0,All,#4682B4,0
9,13,4,8.46,8.46,7.84292,0,All,#4682B4,0
10,13,4,8.46,8.46,7.83696,0,All,#4682B4,0
1,13,4.5,8.391,8.391,7.70048,0,All,#4682B4,0
2,13,4.5,8.391,8.391,8.07263,0,All,#4682B4,0
3,13,4.5,8.391,8.391,8.07012,0,All,#4682B4,0
4,13,4.5,8.391,8.391,8.2596,0,All,#4682B4,0
5,13,4.5,8.391,8.391,7.95794,0,All,#4682B4,0
6,13,4.5,8.391,8.391,7.7627,0,All,#4682B4,0
7,13,4.5,8.391,8.391,8.24815,0,All,#4682B4,0
8,13,4.5,8.391,8.391,7.45745,0,All,#4682B4,0
9,13,4.5,8.391,8.391,7.92383,0,All,#4682B4,0
10,13,4.5,8.391,8.391,7.84341,0,All,#4682B4,0
1,13,5,9.352,9.352,7.59484,0,All,#4682B4,0
2,13,5,9.352,9.352,8.01082,0,All,#4682B4,0
3,13,5,9.352,9.352,7.915,0,All,#4682B4,0
4,13,5,9.352,9.352,8.02214,0,All,#4682B4,0
5,13,5,9.352,9.352,7.78496,0,All,#4682B4,0
6,13,5,9.352,9.352,7.62665,0,All,#4682B4,0
7,13,5,9.352,9.352,8.11259,0,All,#4682B4,0
8,13,5,9.352,9.352,7.37473,0,All,#4682B4,0
9,13,5,9.352,9.352,7.73794,0,All,#4682B4,0
10,13,5,9.352,9.352,7.66598,0,All,#4682B4,0
1,13,5.5,7.637,7.637,7.35686,0,All,#4682B4,0
2,13,5.5,7.637,7.637,7.752,0,All,#4682B4,0
3,13,5.5,7.637,7.637,7.63496,0,All,#4682B4,0
4,13,5.5,7.637,7.637,7.72037,0,All,#4682B4,0
5,13,5.5,7.637,7.637,7.48586,0,All,#4682B4,0
6,13,5.5,7.637,7.637,7.3627,0,All,#4682B4,0
7,13,5.5,7.637,7.637,7.82847,0,All,#4682B4,0
8,13,5.5,7.637,7.637,7.21803,0,All,#4682B4,0
9,13,5.5,7.637,7.637,7.42417,0,All,#4682B4,0
10,13,5.5,7.637,7.637,7.37801,0,All,#4682B4,0
1,13,6,7.465,7.465,7.06436,0,All,#4682B4,0
2,13,6,7.465,7.465,7.41156,0,All,#4682B4,0
3,13,6,7.465,7.465,7.29631,0,All,#4682B4,0
4,13,6,7.465,7.465,7.41056,0,All,#4682B4,0
5,13,6,7.465,7.465,7.15049,0,All,#4682B4,0
6,13,6,7.465,7.465,7.04728,0,All,#4682B4,0
7,13,6,7.465,7.465,7.50629,0,All,#4682B4,0
8,13,6,7.465,7.465,7.03496,0,All,#4682B4,0
9,13,6,7.465,7.465,7.09242,0,All,#4682B4,0
10,13,6,7.465,7.465,7.05419,0,All,#4682B4,0
1,13,6.5,7.753,7.753,6.78252,0,All,#4682B4,0
2,13,6.5,7.753,7.753,7.07249,0,All,#4682B4,0
3,13,6.5,7.753,7.753,6.96293,0,All,#4682B4,0
4,13,6.5,7.753,7.753,7.12424,0,All,#4682B4,0
5,13,6.5,7.753,7.753,6.84214,0,All,#4682B4,0
6,13,6.5,7.753,7.753,6.73872,0,All,#4682B4,0
7,13,6.5,7.753,7.753,7.2052,0,All,#4682B4,0
8,13,6.5,7.753,7.753,6.85395,0,All,#4682B4,0
9,13,6.5,7.753,7.753,6.79275,0,All,#4682B4,0
10,13,6.5,7.753,7.753,6.7534,0,All,#4682B4,0
1,13,7,7.157,7.157,6.54457,0,All,#4682B4,0
2,13,7,7.157,7.157,6.77307,0,All,#4682B4,0
3,13,7,7.157,7.157,6.67804,0,All,#4682B4,0
4,13,7,7.157,7.157,6.87873,0,All,#4682B4,0
5,13,7,7.157,7.157,6.5881,0,All,#4682B4,0
6,13,7,7.157,7.157,6.46978,0,All,#4682B4,0
7,13,7,7.157,7.157,6.94538,0,All,#4682B4,0
8,13,7,7.157,7.157,6.68941,0,All,#4682B4,0
9,13,7,7.157,7.157,6.54457,0,All,#4682B4,0
10,13,7,7.157,7.157,6.51211,0,All,#4682B4,0
1,13,7.5,5.507,5.507,6.35993,0,All,#4682B4,0
2,13,7.5,5.507,5.507,6.52522,0,All,#4682B4,0
3,13,7.5,5.507,5.507,6.46183,0,All,#4682B4,0
4,13,7.5,5.507,5.507,6.68192,0,All,#4682B4,0
5,13,7.5,5.507,5.507,6.39564,0,All,#4682B4,0
6,13,7.5,5.507,5.507,6.25504,0,All,#4682B4,0
7,13,7.5,5.507,5.507,6.73582,0,All,#4682B4,0
8,13,7.5,5.507,5.507,6.54864,0,All,#4682B4,0
9,13,7.5,5.507,5.507,6.35348,0,All,#4682B4,0
10,13,7.5,5.507,5.507,6.32802,0,All,#4682B4,0
1,13,8,6.257,6.257,6.22814,0,All,#4682B4,0
2,13,8,6.257,6.257,6.33136,0,All,#4682B4,0
3,13,8,6.257,6.257,6.31583,0,All,#4682B4,0
4,13,8,6.257,6.257,6.53582,0,All,#4682B4,0
5,13,8,6.257,6.257,6.26281,0,All,#4682B4,0
6,13,8,6.257,6.257,6.09806,0,All,#4682B4,0
7,13,8,6.257,6.257,6.57564,0,All,#4682B4,0
8,13,8,6.257,6.257,6.43512,0,All,#4682B4,0
9,13,8,6.257,6.257,6.2178,0,All,#4682B4,0
10,13,8,6.257,6.257,6.1988,0,All,#4682B4,0
1,13,8.5,5.655,5.655,6.14507,0,All,#4682B4,0
2,13,8.5,5.655,5.655,6.19027,0,All,#4682B4,0
3,13,8.5,5.655,5.655,6.23199,0,All,#4682B4,0
4,13,8.5,5.655,5.655,6.43814,0,All,#4682B4,0
5,13,8.5,5.655,5.655,6.18298,0,All,#4682B4,0
6,13,8.5,5.655,5.655,5.99565,0,All,#4682B4,0
7,13,8.5,5.655,5.655,6.46317,0,All,#4682B4,0
8,13,8.5,5.655,5.655,6.34971,0,All,#4682B4,0
9,13,8.5,5.655,5.655,6.13331,0,All,#4682B4,0
10,13,8.5,5.655,5.655,6.12225,0,All,#4682B4,0
1,13,9,5.393,5.393,6.10461,0,All,#4682B4,0
2,13,9,5.393,5.393,6.09805,0,All,#4682B4,0
3,13,9,5.393,5.393,6.19938,0,All,#4682B4,0
4,13,9,5.393,5.393,6.38384,0,All,#4682B4,0
5,13,9,5.393,5.393,6.14844,0,All,#4682B4,0
6,13,9,5.393,5.393,5.94099,0,All,#4682B4,0
7,13,9,5.393,5.393,6.39441,0,All,#4682B4,0
8,13,9,5.393,5.393,6.29157,0,All,#4682B4,0
9,13,9,5.393,5.393,6.09363,0,All,#4682B4,0
10,13,9,5.393,5.393,6.0902,0,All,#4682B4,0
1,13,9.5,6.278,6.278,6.09988,0,All,#4682B4,0
2,13,9.5,6.278,6.278,6.04984,0,All,#4682B4,0
3,13,9.5,6.278,6.278,6.20576,0,All,#4682B4,0
4,13,9.5,6.278,6.278,6.36657,0,All,#4682B4,0
5,13,9.5,6.278,6.278,6.15117,0,All,#4682B4,0
6,13,9.5,6.278,6.278,5.92624,0,All,#4682B4,0
7,13,9.5,6.278,6.278,6.36481,0,All,#4682B4,0
8,13,9.5,6.278,6.278,6.2586,0,All,#4682B4,0
9,13,9.5,6.278,6.278,6.0915,0,All,#4682B4,0
10,13,9.5,6.278,6.278,6.09428,0,All,#4682B4,0
1,13,10,5.215,5.215,6.12367,0,All,#4682B4,0
2,13,10,5.215,5.215,6.03995,0,All,#4682B4,0
3,13,10,5.215,5.215,6.24085,0,All,#4682B4,0
4,13,10,5.215,5.215,6.37957,0,All,#4682B4,0
5,13,10,5.215,5.215,6.18347,0,All,#4682B4,0
6,13,10,5.215,5.215,5.94283,0,All,#4682B4,0
7,13,10,5.215,5.215,6.36966,0,All,#4682B4,0
8,13,10,5.215,5.215,6.24768,0,All,#4682B4,0
9,13,10,5.215,5.215,6.12048,0,All,#4682B4,0
10,13,10,5.215,5.215,6.12647,0,All,#4682B4,0
1,13,10.5,6.007,6.007,6.1696,0,All,#4682B4,0
2,13,10.5,6.007,6.007,6.06238,0,All,#4682B4,0
3,13,10.5,6.007,6.007,6.29675,0,All,#4682B4,0
4,13,10.5,6.007,6.007,6.41644,0,All,#4682B4,0
5,13,10.5,6.007,6.007,6.23844,0,All,#4682B4,0
6,13,10.5,6.007,6.007,5.98278,0,All,#4682B4,0
7,13,10.5,6.007,6.007,6.40344,0,All,#4682B4,0
8,13,10.5,6.007,6.007,6.25526,0,All,#4682B4,0
9,13,10.5,6.007,6.007,6.1733,0,All,#4682B4,0
10,13,10.5,6.007,6.007,6.17976,0,All,#4682B4,0
1,13,11,6.587,6.587,6.23194,0,All,#4682B4,0
2,13,11,6.587,6.587,6.11141,0,All,#4682B4,0
3,13,11,6.587,6.587,6.36618,0,All,#4682B4,0
4,13,11,6.587,6.587,6.47127,0,All,#4682B4,0
5,13,11,6.587,6.587,6.30977,0,All,#4682B4,0
6,13,11,6.587,6.587,6.04027,0,All,#4682B4,0
7,13,11,6.587,6.587,6.46116,0,All,#4682B4,0
8,13,11,6.587,6.587,6.27747,0,All,#4682B4,0
9,13,11,6.587,6.587,6.24456,0,All,#4682B4,0
10,13,11,6.587,6.587,6.24786,0,All,#4682B4,0
1,13,11.5,7.523,7.523,6.30526,0,All,#4682B4,0
2,13,11.5,7.523,7.523,6.1814,0,All,#4682B4,0
3,13,11.5,7.523,7.523,6.44406,0,All,#4682B4,0
4,13,11.5,7.523,7.523,6.53905,0,All,#4682B4,0
5,13,11.5,7.523,7.523,6.39246,0,All,#4682B4,0
6,13,11.5,7.523,7.523,6.11056,0,All,#4682B4,0
7,13,11.5,7.523,7.523,6.53797,0,All,#4682B4,0
8,13,11.5,7.523,7.523,6.30832,0,All,#4682B4,0
9,13,11.5,7.523,7.523,6.32884,0,All,#4682B4,0
10,13,11.5,7.523,7.523,6.32553,0,All,#4682B4,0
1,13,12,6.948,6.948,6.37204,0,All,#4682B4,0
2,13,12,6.948,6.948,6.25032,0,All,#4682B4,0
3,13,12,6.948,6.948,6.52475,0,All,#4682B4,0
4,13,12,6.948,6.948,6.60981,0,All,#4682B4,0
5,13,12,6.948,6.948,6.47768,0,All,#4682B4,0
6,13,12,6.948,6.948,6.17871,0,All,#4682B4,0
7,13,12,6.948,6.948,6.62825,0,All,#4682B4,0
8,13,12,6.948,6.948,6.30125,0,All,#4682B4,0
9,13,12,6.948,6.948,6.41248,0,All,#4682B4,0
10,13,12,6.948,6.948,6.4079,0,All,#4682B4,0
1,13,12.5,6.403,6.403,6.3183,0,All,#4682B4,0
2,13,12.5,6.403,6.403,6.22006,0,All,#4682B4,0
3,13,12.5,6.403,6.403,6.49974,0,All,#4682B4,0
4,13,12.5,6.403,6.403,6.55942,0,All,#4682B4,0
5,13,12.5,6.403,6.403,6.45255,0,All,#4682B4,0
6,13,12.5,6.403,6.403,6.1348,0,All,#4682B4,0
7,13,12.5,6.403,6.403,6.64303,0,All,#4682B4,0
8,13,12.5,6.403,6.403,6.13521,0,All,#4682B4,0
9,13,12.5,6.403,6.403,6.39371,0,All,#4682B4,0
10,13,12.5,6.403,6.403,6.41194,0,All,#4682B4,0
1,13,13,6.744,6.744,6.12137,0,All,#4682B4,0
2,13,13,6.744,6.744,6.08072,0,All,#4682B4,0
3,13,13,6.744,6.744,6.29527,0,All,#4682B4,0
4,13,13,6.744,6.744,6.32294,0,All,#4682B4,0
5,13,13,6.744,6.744,6.23364,0,All,#4682B4,0
6,13,13,6.744,6.744,5.95082,0,All,#4682B4,0
7,13,13,6.744,6.744,6.49565,0,All,#4682B4,0
8,13,13,6.744,6.744,5.7844,0,All,#4682B4,0
9,13,13,6.744,6.744,6.25703,0,All,#4682B4,0
10,13,13,6.744,6.744,6.26994,0,All,#4682B4,0
1,13,13.5,5.28,5.28,5.80875,0,All,#4682B4,0
2,13,13.5,5.28,5.28,5.84415,0,All,#4682B4,0
3,13,13.5,5.28,5.28,5.96198,0,All,#4682B4,0
4,13,13.5,5.28,5.28,5.92928,0,All,#4682B4,0
5,13,13.5,5.28,5.28,5.86394,0,All,#4682B4,0
6,13,13.5,5.28,5.28,5.65893,0,All,#4682B4,0
7,13,13.5,5.28,5.28,6.20355,0,All,#4682B4,0
8,13,13.5,5.28,5.28,5.2979,0,All,#4682B4,0
9,13,13.5,5.28,5.28,6.01963,0,All,#4682B4,0
10,13,13.5,5.28,5.28,6.00488,0,All,#4682B4,0
1,13,14,6.29,6.29,5.41452,0,All,#4682B4,0
2,13,14,6.29,6.29,5.5313,0,All,#4682B4,0
3,13,14,6.29,6.29,5.55216,0,All,#4682B4,0
4,13,14,6.29,6.29,5.44315,0,All,#4682B4,0
5,13,14,6.29,6.29,5.39334,0,All,#4682B4,0
6,13,14,6.29,6.29,5.29175,0,All,#4682B4,0
7,13,14,6.29,6.29,5.79511,0,All,#4682B4,0
8,13,14,6.29,6.29,4.75523,0,All,#4682B4,0
9,13,14,6.29,6.29,5.70693,0,All,#4682B4,0
10,13,14,6.29,6.29,5.65783,0,All,#4682B4,0
1,13,14.5,3.926,3.926,4.97136,0,All,#4682B4,0
2,13,14.5,3.926,3.926,5.16342,0,All,#4682B4,0
3,13,14.5,3.926,3.926,5.09978,0,All,#4682B4,0
4,13,14.5,3.926,3.926,4.9158,0,All,#4682B4,0
5,13,14.5,3.926,3.926,4.86206,0,All,#4682B4,0
6,13,14.5,3.926,3.926,4.88564,0,All,#4682B4,0
7,13,14.5,3.926,3.926,5.30371,0,All,#4682B4,0
8,13,14.5,3.926,3.926,4.19822,0,All,#4682B4,0
9,13,14.5,3.926,3.926,5.34468,0,All,#4682B4,0
10,13,14.5,3.926,3.926,5.2561,0,All,#4682B4,0
1,13,15,3.183,3.183,4.49911,0,All,#4682B4,0
2,13,15,3.183,3.183,4.75936,0,All,#4682B4,0
3,13,15,3.183,3.183,4.62606,0,All,#4682B4,0
4,13,15,3.183,3.183,4.37074,0,All,#4682B4,0
5,13,15,3.183,3.183,4.29304,0,All,#4682B4,0
6,13,15,3.183,3.183,4.46644,0,All,#4682B4,0
7,13,15,3.183,3.183,4.75074,0,All,#4682B4,0
8,13,15,3.183,3.183,3.64365,0,All,#4682B4,0
9,13,15,3.183,3.183,4.95289,0,All,#4682B4,0
10,13,15,3.183,3.183,4.82576,0,All,#4682B4,0
1,13,15.5,4.097,4.097,4.00778,0,All,#4682B4,0
2,13,15.5,4.097,4.097,4.32867,0,All,#4682B4,0
3,13,15.5,4.097,4.097,4.13846,0,All,#4682B4,0
4,13,15.5,4.097,4.097,3.81847,0,All,#4682B4,0
5,13,15.5,4.097,4.097,3.69959,0,All,#4682B4,0
6,13,15.5,4.097,4.097,4.03807,0,All,#4682B4,0
7,13,15.5,4.097,4.097,4.15395,0,All,#4682B4,0
8,13,15.5,4.097,4.097,3.09428,0,All,#4682B4,0
9,13,15.5,4.097,4.097,4.5437,0,All,#4682B4,0
10,13,15.5,4.097,4.097,4.37916,0,All,#4682B4,0
1,13,16,3,2.71946,3.50506,1,All,#4682B4,0
2,13,16,3,1.99108,3.88173,1,All,#4682B4,0
3,13,16,3,2.951,3.64516,1,All,#4682B4,0
4,13,16,3,2.92088,3.26242,1,All,#4682B4,0
5,13,16,3,1.55072,3.08956,1,All,#4682B4,0
6,13,16,3,2.88186,3.60926,1,All,#4682B4,0
7,13,16,3,2.3672,3.52302,1,All,#4682B4,0
8,13,16,3,1.88254,2.54972,1,All,#4682B4,0
9,13,16,3,2.02515,4.12405,1,All,#4682B4,0
10,13,16,3,2.45939,3.92392,1,All,#4682B4,0
1,13,16.5,3,2.24646,2.99459,1,All,#4682B4,0
2,13,16.5,3,2.88572,3.42207,1,All,#4682B4,0
3,13,16.5,3,2.18428,3.14771,1,All,#4682B4,0
4,13,16.5,3,2.08547,2.70388,1,All,#4682B4,0
5,13,16.5,3,1.59831,2.46624,1,All,#4682B4,0
6,13,16.5,3,2.06081,3.18059,1,All,#4682B4,0
7,13,16.5,3,2.61772,2.8645,1,All,#4682B4,0
8,13,16.5,3,2.86467,2.00767,1,All,#4682B4,0
9,13,16.5,3,2.74302,3.69846,1,All,#4682B4,0
10,13,16.5,3,2.04566,3.46403,1,All,#4682B4,0
1,13,17,3.367,3.367,2.47785,0,All,#4682B4,0
2,13,17,3.367,3.367,2.95264,0,All,#4682B4,0
3,13,17,3.367,3.367,2.6473,0,All,#4682B4,0
4,13,17,3.367,3.367,2.14441,0,All,#4682B4,0
5,13,17,3.367,3.367,1.83327,0,All,#4682B4,0
6,13,17,3.367,3.367,2.75123,0,All,#4682B4,0
7,13,17,3.367,3.367,2.18485,0,All,#4682B4,0
8,13,17,3.367,3.367,1.46781,0,All,#4682B4,0
9,13,17,3.367,3.367,3.26805,0,All,#4682B4,0
10,13,17,3.367,3.367,3.00074,0,All,#4682B4,0
1,13,17.5,3,0.650078,1.9564,1,All,#4682B4,0
2,13,17.5,3,0.849046,2.4748,1,All,#4682B4,0
3,13,17.5,3,2.07251,2.14443,1,All,#4682B4,0
4,13,17.5,3,1.78103,1.58311,1,All,#4682B4,0
5,13,17.5,3,0.53897,1.19195,1,All,#4682B4,0
6,13,17.5,3,1.60687,2.32148,1,All,#4682B4,0
7,13,17.5,3,0.209382,1.48545,1,All,#4682B4,0
8,13,17.5,3,0.415392,0.928323,1,All,#4682B4,0
9,13,17.5,3,2.56479,2.83422,1,All,#4682B4,0
10,13,17.5,3,2.46163,2.53507,1,All,#4682B4,0
1,13,18,3,1.3774,1.43033,1,All,#4682B4,0
2,13,18,3,2.4764,1.99069,1,All,#4682B4,0
3,13,18,3,0.942615,1.63966,1,All,#4682B4,0
4,13,18,3,1.35791,1.02008,1,All,#4682B4,0
5,13,18,3,1.02039,0.542116,1,All,#4682B4,0
6,13,18,3,1.13328,1.89144,1,All,#4682B4,0
7,13,18,3,1.99654,0.769869,1,All,#4682B4,0
8,13,18,3,0.976016,0.388244,1,All,#4682B4,0
9,13,18,3,2.71952,2.39706,1,All,#4682B4,0
10,13,18,3,0.761694,2.06682,1,All,#4682B4,0
1,13,18.5,3,0.622288,0.900043,1,All,#4682B4,0
2,13,18.5,3,0.834073,1.50051,1,All,#4682B4,0
3,13,18.5,3,2.10394,1.13241,1,All,#4682B4,0
4,13,18.5,3,1.65966,0.454645,1,All,#4682B4,0
5,13,18.5,3,0.812392,0,1,All,#4682B4,0
6,13,18.5,3,2.48195,1.45953,1,All,#4682B4,0
7,13,18.5,3,0.737793,0.0397221,1,All,#4682B4,0
8,13,18.5,3,0.108855,0,1,All,#4682B4,0
9,13,18.5,3,0.312532,1.95682,1,All,#4682B4,0
10,13,18.5,3,1.79814,1.59613,1,All,#4682B4,0
1,14,1,3,1.45086,0,1,All,#4682B4,0
2,14,1,3,0.762616,0,1,All,#4682B4,0
3,14,1,3,0.263132,0,1,All,#4682B4,0
4,14,1,3,1.1211,0,1,All,#4682B4,0
5,14,1,3,0.514394,0,1,All,#4682B4,0
6,14,1,3,0.45382,0,1,All,#4682B4,0
7,14,1,3,0.0754246,0,1,All,#4682B4,0
8,14,1,3,0.921346,0,1,All,#4682B4,0
9,14,1,3,0.456536,0,1,All,#4682B4,0
10,14,1,3,0.34046,0,1,All,#4682B4,0
1,14,1.5,3,0.300587,0,1,All,#4682B4,0
2,14,1.5,3,0.183811,0,1,All,#4682B4,0
3,14,1.5,3,0.519746,0,1,All,#4682B4,0
4,14,1.5,3,0.148141,0,1,All,#4682B4,0
5,14,1.5,3,1.06749,3.09468,1,All,#4682B4,0
6,14,1.5,3,0.104001,0,1,All,#4682B4,0
7,14,1.5,3,1.2815,1.60093,1,All,#4682B4,0
8,14,1.5,3,0.138638,0,1,All,#4682B4,0
9,14,1.5,3,0.0315537,0,1,All,#4682B4,0
10,14,1.5,3,1.47175,1.3247,1,All,#4682B4,0
1,14,2,5.272,5.272,5.16819,0,All,#4682B4,0
2,14,2,5.272,5.272,5.39724,0,All,#4682B4,0
3,14,2,5.272,5.272,5.56152,0,All,#4682B4,0
4,14,2,5.272,5.272,4.90934,0,All,#4682B4,0
5,14,2,5.272,5.272,6.06821,0,All,#4682B4,0
6,14,2,5.272,5.272,4.83392,0,All,#4682B4,0
7,14,2,5.272,5.272,5.58217,0,All,#4682B4,0
8,14,2,5.272,5.272,6.07261,0,All,#4682B4,0
9,14,2,5.272,5.272,5.80494,0,All,#4682B4,0
10,14,2,5.272,5.272,4.74351,0,All,#4682B4,0
1,14,2.5,7.663,7.663,7.27492,0,All,#4682B4,0
2,14,2.5,7.663,7.663,7.36406,0,All,#4682B4,0
3,14,2.5,7.663,7.663,7.78776,0,All,#4682B4,0
4,14,2.5,7.663,7.663,7.00981,0,All,#4682B4,0
5,14,2.5,7.663,7.663,7.79124,0,All,#4682B4,0
6,14,2.5,7.663,7.663,7.40315,0,All,#4682B4,0
7,14,2.5,7.663,7.663,7.40098,0,All,#4682B4,0
8,14,2.5,7.663,7.663,8.0864,0,All,#4682B4,0
9,14,2.5,7.663,7.663,8.15815,0,All,#4682B4,0
10,14,2.5,7.663,7.663,6.86695,0,All,#4682B4,0
1,14,3,8.419,8.419,8.3673,0,All,#4682B4,0
2,14,3,8.419,8.419,8.26044,0,All,#4682B4,0
3,14,3,8.419,8.419,8.64833,0,All,#4682B4,0
4,14,3,8.419,8.419,7.99751,0,All,#4682B4,0
5,14,3,8.419,8.419,8.90971,0,All,#4682B4,0
6,14,3,8.419,8.419,8.49931,0,All,#4682B4,0
7,14,3,8.419,8.419,8.46558,0,All,#4682B4,0
8,14,3,8.419,8.419,8.79344,0,All,#4682B4,0
9,14,3,8.419,8.419,9.16839,0,All,#4682B4,0
10,14,3,8.419,8.419,8.31521,0,All,#4682B4,0
1,14,3.5,9.857,9.857,8.90695,0,All,#4682B4,0
2,14,3.5,9.857,9.857,8.72647,0,All,#4682B4,0
3,14,3.5,9.857,9.857,9.03811,0,All,#4682B4,0
4,14,3.5,9.857,9.857,8.53514,0,All,#4682B4,0
5,14,3.5,9.857,9.857,9.51951,0,All,#4682B4,0
6,14,3.5,9.857,9.857,9.00609,0,All,#4682B4,0
7,14,3.5,9.857,9.857,8.99018,0,All,#4682B4,0
8,14,3.5,9.857,9.857,9.06196,0,All,#4682B4,0
9,14,3.5,9.857,9.857,9.29248,0,All,#4682B4,0
10,14,3.5,9.857,9.857,9.09242,0,All,#4682B4,0
1,14,4,8.839,8.839,8.95244,0,All,#4682B4,0
2,14,4,8.839,8.839,8.87414,0,All,#4682B4,0
3,14,4,8.839,8.839,9.11136,0,All,#4682B4,0
4,14,4,8.839,8.839,8.76007,0,All,#4682B4,0
5,14,4,8.839,8.839,9.55431,0,All,#4682B4,0
6,14,4,8.839,8.839,9.06548,0,All,#4682B4,0
7,14,4,8.839,8.839,8.98157,0,All,#4682B4,0
8,14,4,8.839,8.839,9.03611,0,All,#4682B4,0
9,14,4,8.839,8.839,9.01152,0,All,#4682B4,0
10,14,4,8.839,8.839,9.04073,0,All,#4682B4,0
1,14,4.5,9.385,9.385,8.67574,0,All,#4682B4,0
2,14,4.5,9.385,9.385,8.74095,0,All,#4682B4,0
3,14,4.5,9.385,9.385,8.93208,0,All,#4682B4,0
4,14,4.5,9.385,9.385,8.70247,0,All,#4682B4,0
5,14,4.5,9.385,9.385,9.21749,0,All,#4682B4,0
6,14,4.5,9.385,9.385,8.78631,0,All,#4682B4,0
7,14,4.5,9.385,9.385,8.68188,0,All,#4682B4,0
8,14,4.5,9.385,9.385,8.80054,0,All,#4682B4,0
9,14,4.5,9.385,9.385,8.6297,0,All,#4682B4,0
10,14,4.5,9.385,9.385,8.61992,0,All,#4682B4,0
1,14,5,8.81,8.81,8.27593,0,All,#4682B4,0
2,14,5,8.81,8.81,8.4065,0,All,#4682B4,0
3,14,5,8.81,8.81,8.58471,0,All,#4682B4,0
4,14,5,8.81,8.81,8.43412,0,All,#4682B4,0
5,14,5,8.81,8.81,8.74454,0,All,#4682B4,0
6,14,5,8.81,8.81,8.33455,0,All,#4682B4,0
7,14,5,8.81,8.81,8.29208,0,All,#4682B4,0
8,14,5,8.81,8.81,8.44599,0,All,#4682B4,0
9,14,5,8.81,8.81,8.22145,0,All,#4682B4,0
10,14,5,8.81,8.81,8.11002,0,All,#4682B4,0
1,14,5.5,6.193,6.193,7.83969,0,All,#4682B4,0
2,14,5.5,6.193,6.193,7.96156,0,All,#4682B4,0
3,14,5.5,6.193,6.193,8.14829,0,All,#4682B4,0
4,14,5.5,6.193,6.193,8.05189,0,All,#4682B4,0
5,14,5.5,6.193,6.193,8.23379,0,All,#4682B4,0
6,14,5.5,6.193,6.193,7.81242,0,All,#4682B4,0
7,14,5.5,6.193,6.193,7.87927,0,All,#4682B4,0
8,14,5.5,6.193,6.193,8.03667,0,All,#4682B4,0
9,14,5.5,6.193,6.193,7.80819,0,All,#4682B4,0
10,14,5.5,6.193,6.193,7.59474,0,All,#4682B4,0
1,14,6,8.616,8.616,7.39744,0,All,#4682B4,0
2,14,6,8.616,8.616,7.46686,0,All,#4682B4,0
3,14,6,8.616,8.616,7.67132,0,All,#4682B4,0
4,14,6,8.616,8.616,7.62113,0,All,#4682B4,0
5,14,6,8.616,8.616,7.72355,0,All,#4682B4,0
6,14,6,8.616,8.616,7.26649,0,All,#4682B4,0
7,14,6,8.616,8.616,7.46557,0,All,#4682B4,0
8,14,6,8.616,8.616,7.60507,0,All,#4682B4,0
9,14,6,8.616,8.616,7.39882,0,All,#4682B4,0
10,14,6,8.616,8.616,7.10575,0,All,#4682B4,0
1,14,6.5,6.024,6.024,6.96303,0,All,#4682B4,0
2,14,6.5,6.024,6.024,6.95912,0,All,#4682B4,0
3,14,6.5,6.024,6.024,7.17944,0,All,#4682B4,0
4,14,6.5,6.024,6.024,7.17637,0,All,#4682B4,0
5,14,6.5,6.024,6.024,7.23347,0,All,#4682B4,0
6,14,6.5,6.024,6.024,6.72204,0,All,#4682B4,0
7,14,6.5,6.024,6.024,7.06131,0,All,#4682B4,0
8,14,6.5,6.024,6.024,7.16634,0,All,#4682B4,0
9,14,6.5,6.024,6.024,6.99929,0,All,#4682B4,0
10,14,6.5,6.024,6.024,6.65687,0,All,#4682B4,0
1,14,7,7.488,7.488,6.54669,0,All,#4682B4,0
2,14,7,7.488,7.488,6.46406,0,All,#4682B4,0
3,14,7,7.488,7.488,6.68881,0,All,#4682B4,0
4,14,7,7.488,7.488,6.73769,0,All,#4682B4,0
5,14,7,7.488,7.488,6.77592,0,All,#4682B4,0
6,14,7,7.488,7.488,6.19883,0,All,#4682B4,0
7,14,7,7.488,7.488,6.67349,0,All,#4682B4,0
8,14,7,7.488,7.488,6.72853,0,All,#4682B4,0
9,14,7,7.488,7.488,6.61546,0,All,#4682B4,0
10,14,7,7.488,7.488,6.25435,0,All,#4682B4,0
1,14,7.5,6.343,6.343,6.15702,0,All,#4682B4,0
2,14,7.5,6.343,6.343,6.00509,0,All,#4682B4,0
3,14,7.5,6.343,6.343,6.2141,0,All,#4682B4,0
4,14,7.5,6.343,6.343,6.31987,0,All,#4682B4,0
5,14,7.5,6.343,6.343,6.35897,0,All,#4682B4,0
6,14,7.5,6.343,6.343,5.71636,0,All,#4682B4,0
7,14,7.5,6.343,6.343,6.3086,0,All,#4682B4,0
8,14,7.5,6.343,6.343,6.29814,0,All,#4682B4,0
9,14,7.5,6.343,6.343,6.25377,0,All,#4682B4,0
10,14,7.5,6.343,6.343,5.90145,0,All,#4682B4,0
1,14,8,6.073,6.073,5.80167,0,All,#4682B4,0
2,14,8,6.073,6.073,5.60267,0,All,#4682B4,0
3,14,8,6.073,6.073,5.77249,0,All,#4682B4,0
4,14,8,6.073,6.073,5.93613,0,All,#4682B4,0
5,14,8,6.073,6.073,5.98718,0,All,#4682B4,0
6,14,8,6.073,6.073,5.29279,0,All,#4682B4,0
7,14,8,6.073,6.073,5.97294,0,All,#4682B4,0
8,14,8,6.073,6.073,5.8837,0,All,#4682B4,0
9,14,8,6.073,6.073,5.92234,0,All,#4682B4,0
10,14,8,6.073,6.073,5.5995,0,All,#4682B4,0
1,14,8.5,5.736,5.736,5.4897,0,All,#4682B4,0
2,14,8.5,5.736,5.736,5.27324,0,All,#4682B4,0
3,14,8.5,5.736,5.736,5.38387,0,All,#4682B4,0
4,14,8.5,5.736,5.736,5.59845,0,All,#4682B4,0
5,14,8.5,5.736,5.736,5.66716,0,All,#4682B4,0
6,14,8.5,5.736,5.736,4.94191,0,All,#4682B4,0
7,14,8.5,5.736,5.736,5.67268,0,All,#4682B4,0
8,14,8.5,5.736,5.736,5.49756,0,All,#4682B4,0
9,14,8.5,5.736,5.736,5.62752,0,All,#4682B4,0
10,14,8.5,5.736,5.736,5.34937,0,All,#4682B4,0
1,14,9,5.44,5.44,5.22737,0,All,#4682B4,0
2,14,9,5.44,5.44,5.02372,0,All,#4682B4,0
3,14,9,5.44,5.44,5.06508,0,All,#4682B4,0
4,14,9,5.44,5.44,5.31641,0,All,#4682B4,0
5,14,9,5.44,5.44,5.39837,0,All,#4682B4,0
6,14,9,5.44,5.44,4.67047,0,All,#4682B4,0
7,14,9,5.44,5.44,5.41243,0,All,#4682B4,0
8,14,9,5.44,5.44,5.156,0,All,#4682B4,0
9,14,9,5.44,5.44,5.37588,0,All,#4682B4,0
10,14,9,5.44,5.44,5.14612,0,All,#4682B4,0
1,14,9.5,4.692,4.692,5.01757,0,All,#4682B4,0
2,14,9.5,4.692,4.692,4.8507,0,All,#4682B4,0
3,14,9.5,4.692,4.692,4.8256,0,All,#4682B4,0
4,14,9.5,4.692,4.692,5.09517,0,All,#4682B4,0
5,14,9.5,4.692,4.692,5.18253,0,All,#4682B4,0
6,14,9.5,4.692,4.692,4.47697,0,All,#4682B4,0
7,14,9.5,4.692,4.692,5.19587,0,All,#4682B4,0
8,14,9.5,4.692,4.692,4.87617,0,All,#4682B4,0
9,14,9.5,4.692,4.692,5.17209,0,All,#4682B4,0
10,14,9.5,4.692,4.692,4.99078,0,All,#4682B4,0
1,14,10,4.416,4.416,4.86044,0,All,#4682B4,0
2,14,10,4.416,4.416,4.74655,0,All,#4682B4,0
3,14,10,4.416,4.416,4.6641,0,All,#4682B4,0
4,14,10,4.416,4.416,4.93501,0,All,#4682B4,0
5,14,10,4.416,4.416,5.01815,0,All,#4682B4,0
6,14,10,4.416,4.416,4.35407,0,All,#4682B4,0
7,14,10,4.416,4.416,5.02371,0,All,#4682B4,0
8,14,10,4.416,4.416,4.66877,0,All,#4682B4,0
9,14,10,4.416,4.416,5.01816,0,All,#4682B4,0
10,14,10,4.416,4.416,4.88388,0,All,#4682B4,0
1,14,10.5,4.2,4.2,4.75388,0,All,#4682B4,0
2,14,10.5,4.2,4.2,4.6969,0,All,#4682B4,0
3,14,10.5,4.2,4.2,4.57121,0,All,#4682B4,0
4,14,10.5,4.2,4.2,4.83129,0,All,#4682B4,0
5,14,10.5,4.2,4.2,4.90331,0,All,#4682B4,0
6,14,10.5,4.2,4.2,4.29101,0,All,#4682B4,0
7,14,10.5,4.2,4.2,4.89718,0,All,#4682B4,0
8,14,10.5,4.2,4.2,4.53372,0,All,#4682B4,0
9,14,10.5,4.2,4.2,4.91291,0,All,#4682B4,0
10,14,10.5,4.2,4.2,4.82342,0,All,#4682B4,0
1,14,11,3.473,3.473,4.69353,0,All,#4682B4,0
2,14,11,3.473,3.473,4.65757,0,All,#4682B4,0
3,14,11,3.473,3.473,4.53159,0,All,#4682B4,0
4,14,11,3.473,3.473,4.76527,0,All,#4682B4,0
5,14,11,3.473,3.473,4.83265,0,All,#4682B4,0
6,14,11,3.473,3.473,4.27647,0,All,#4682B4,0
7,14,11,3.473,3.473,4.81572,0,All,#4682B4,0
8,14,11,3.473,3.473,4.46156,0,All,#4682B4,0
9,14,11,3.473,3.473,4.85259,0,All,#4682B4,0
10,14,11,3.473,3.473,4.80323,0,All,#4682B4,0
1,14,11.5,4.432,4.432,4.66252,0,All,#4682B4,0
2,14,11.5,4.432,4.432,4.61094,0,All,#4682B4,0
3,14,11.5,4.432,4.432,4.4989,0,All,#4682B4,0
4,14,11.5,4.432,4.432,4.66887,0,All,#4682B4,0
5,14,11.5,4.432,4.432,4.80285,0,All,#4682B4,0
6,14,11.5,4.432,4.432,4.28845,0,All,#4682B4,0
7,14,11.5,4.432,4.432,4.77233,0,All,#4682B4,0
8,14,11.5,4.432,4.432,4.43455,0,All,#4682B4,0
9,14,11.5,4.432,4.432,4.83355,0,All,#4682B4,0
10,14,11.5,4.432,4.432,4.81974,0,All,#4682B4,0
1,14,12,3.975,3.975,4.59113,0,All,#4682B4,0
2,14,12,3.975,3.975,4.56076,0,All,#4682B4,0
3,14,12,3.975,3.975,4.45818,0,All,#4682B4,0
4,14,12,3.975,3.975,4.5491,0,All,#4682B4,0
5,14,12,3.975,3.975,4.76187,0,All,#4682B4,0
6,14,12,3.975,3.975,4.28129,0,All,#4682B4,0
7,14,12,3.975,3.975,4.72066,0,All,#4682B4,0
8,14,12,3.975,3.975,4.38063,0,All,#4682B4,0
9,14,12,3.975,3.975,4.83514,0,All,#4682B4,0
10,14,12,3.975,3.975,4.83483,0,All,#4682B4,0
1,14,12.5,4.748,4.748,4.47454,0,All,#4682B4,0
2,14,12.5,4.748,4.748,4.50734,0,All,#4682B4,0
3,14,12.5,4.748,4.748,4.41411,0,All,#4682B4,0
4,14,12.5,4.748,4.748,4.40669,0,All,#4682B4,0
5,14,12.5,4.748,4.748,4.66269,0,All,#4682B4,0
6,14,12.5,4.748,4.748,4.25717,0,All,#4682B4,0
7,14,12.5,4.748,4.748,4.62955,0,All,#4682B4,0
8,14,12.5,4.748,4.748,4.27878,0,All,#4682B4,0
9,14,12.5,4.748,4.748,4.77844,0,All,#4682B4,0
10,14,12.5,4.748,4.748,4.78787,0,All,#4682B4,0
1,14,13,5.612,5.612,4.31803,0,All,#4682B4,0
2,14,13,5.612,5.612,4.451,0,All,#4682B4,0
3,14,13,5.612,5.612,4.36662,0,All,#4682B4,0
4,14,13,5.612,5.612,4.24883,0,All,#4682B4,0
5,14,13,5.612,5.612,4.51106,0,All,#4682B4,0
6,14,13,5.612,5.612,4.21929,0,All,#4682B4,0
7,14,13,5.612,5.612,4.5024,0,All,#4682B4,0
8,14,13,5.612,5.612,4.14235,0,All,#4682B4,0
9,14,13,5.612,5.612,4.65725,0,All,#4682B4,0
10,14,13,5.612,5.612,4.6837,0,All,#4682B4,0
1,14,13.5,4.346,4.346,4.12855,0,All,#4682B4,0
2,14,13.5,4.346,4.346,4.39229,0,All,#4682B4,0
3,14,13.5,4.346,4.346,4.31625,0,All,#4682B4,0
4,14,13.5,4.346,4.346,4.08019,0,All,#4682B4,0
5,14,13.5,4.346,4.346,4.31102,0,All,#4682B4,0
6,14,13.5,4.346,4.346,4.17108,0,All,#4682B4,0
7,14,13.5,4.346,4.346,4.34214,0,All,#4682B4,0
8,14,13.5,4.346,4.346,3.98548,0,All,#4682B4,0
9,14,13.5,4.346,4.346,4.47749,0,All,#4682B4,0
10,14,13.5,4.346,4.346,4.52204,0,All,#4682B4,0
1,14,14,5.317,5.317,3.9151,0,All,#4682B4,0
2,14,14,5.317,5.317,4.3314,0,All,#4682B4,0
3,14,14,5.317,5.317,4.26376,0,All,#4682B4,0
4,14,14,5.317,5.317,3.90827,0,All,#4682B4,0
5,14,14,5.317,5.317,4.07025,0,All,#4682B4,0
6,14,14,5.317,5.317,4.11102,0,All,#4682B4,0
7,14,14,5.317,5.317,4.15659,0,All,#4682B4,0
8,14,14,5.317,5.317,3.81763,0,All,#4682B4,0
9,14,14,5.317,5.317,4.2507,0,All,#4682B4,0
10,14,14,5.317,5.317,4.31427,0,All,#4682B4,0
1,14,14.5,3,2.37668,3.68808,1,All,#4682B4,0
2,14,14.5,3,2.70701,4.26806,1,All,#4682B4,0
3,14,14.5,3,2.75914,4.20864,1,All,#4682B4,0
4,14,14.5,3,2.9989,3.73269,1,All,#4682B4,0
5,14,14.5,3,1.56563,3.79618,1,All,#4682B4,0
6,14,14.5,3,2.89094,4.04585,1,All,#4682B4,0
7,14,14.5,3,2.87879,3.94775,1,All,#4682B4,0
8,14,14.5,3,2.83782,3.6459,1,All,#4682B4,0
9,14,14.5,3,1.83315,3.98812,1,All,#4682B4,0
10,14,14.5,3,2.77861,4.05624,1,All,#4682B4,0
1,14,15,3,2.64152,3.44897,1,All,#4682B4,0
2,14,15,3,2.84816,4.2028,1,All,#4682B4,0
3,14,15,3,2.74032,4.15077,1,All,#4682B4,0
4,14,15,3,2.89996,3.55556,1,All,#4682B4,0
5,14,15,3,2.98478,3.49583,1,All,#4682B4,0
6,14,15,3,2.17851,3.97426,1,All,#4682B4,0
7,14,15,3,2.97506,3.72351,1,All,#4682B4,0
8,14,15,3,2.43801,3.47863,1,All,#4682B4,0
9,14,15,3,2.9697,3.70874,1,All,#4682B4,0
10,14,15,3,2.25528,3.76395,1,All,#4682B4,0
1,14,15.5,3,2.2382,3.20371,1,All,#4682B4,0
2,14,15.5,3,2.79919,4.13578,1,All,#4682B4,0
3,14,15.5,3,2.58597,4.09215,1,All,#4682B4,0
4,14,15.5,3,2.87736,3.37679,1,All,#4682B4,0
5,14,15.5,3,2.82926,3.17667,1,All,#4682B4,0
6,14,15.5,3,2.91319,3.89845,1,All,#4682B4,0
7,14,15.5,3,1.97572,3.48904,1,All,#4682B4,0
8,14,15.5,3,2.93508,3.30989,1,All,#4682B4,0
9,14,15.5,3,2.74987,3.41932,1,All,#4682B4,0
10,14,15.5,3,2.53002,3.43823,1,All,#4682B4,0
1,14,16,4.351,4.351,2.95549,0,All,#4682B4,0
2,14,16,4.351,4.351,4.06599,0,All,#4682B4,0
3,14,16,4.351,4.351,4.03182,0,All,#4682B4,0
4,14,16,4.351,4.351,3.19887,0,All,#4682B4,0
5,14,16,4.351,4.351,2.84074,0,All,#4682B4,0
6,14,16,4.351,4.351,3.8178,0,All,#4682B4,0
7,14,16,4.351,4.351,3.2478,0,All,#4682B4,0
8,14,16,4.351,4.351,3.1434,0,All,#4682B4,0
9,14,16,4.351,4.351,3.12388,0,All,#4682B4,0
10,14,16,4.351,4.351,3.08671,0,All,#4682B4,0
1,14,16.5,3,2.64573,2.70513,1,All,#4682B4,0
2,14,16.5,3,2.30647,3.99319,1,All,#4682B4,0
3,14,16.5,3,2.96632,3.96932,1,All,#4682B4,0
4,14,16.5,3,2.75157,3.0198,1,All,#4682B4,0
5,14,16.5,3,1.73578,2.49424,1,All,#4682B4,0
6,14,16.5,3,2.70976,3.73606,1,All,#4682B4,0
7,14,16.5,3,2.15528,3.00215,1,All,#4682B4,0
8,14,16.5,3,2.71471,2.97615,1,All,#4682B4,0
9,14,16.5,3,1.58897,2.8272,1,All,#4682B4,0
10,14,16.5,3,2.94619,2.7134,1,All,#4682B4,0
1,14,17,3,2.56529,2.45366,1,All,#4682B4,0
2,14,17,3,2.52279,3.91965,1,All,#4682B4,0
3,14,17,3,1.32787,3.9047,1,All,#4682B4,0
4,14,17,3,2.16257,2.84042,1,All,#4682B4,0
5,14,17,3,2.83994,2.13735,1,All,#4682B4,0
6,14,17,3,2.7332,3.6501,1,All,#4682B4,0
7,14,17,3,2.68034,2.75222,1,All,#4682B4,0
8,14,17,3,0.0334851,2.80936,1,All,#4682B4,0
9,14,17,3,2.16367,2.52916,1,All,#4682B4,0
10,14,17,3,1.60869,2.32131,1,All,#4682B4,0
1,14,17.5,3,1.62855,2.20003,1,All,#4682B4,0
2,14,17.5,3,2.77449,3.84253,1,All,#4682B4,0
3,14,17.5,3,2.97288,3.83847,1,All,#4682B4,0
4,14,17.5,3,2.7703,2.65946,1,All,#4682B4,0
5,14,17.5,3,1.80889,1.77354,1,All,#4682B4,0
6,14,17.5,3,1.94709,3.56109,1,All,#4682B4,0
7,14,17.5,3,2.88901,2.50099,1,All,#4682B4,0
8,14,17.5,3,1.9456,2.6414,1,All,#4682B4,0
9,14,17.5,3,2.13686,2.23019,1,All,#4682B4,0
10,14,17.5,3,0.416197,1.91338,1,All,#4682B4,0
1,15,1,3,0.132642,0,1,All,#4682B4,0
2,15,1,3,1.38778,0,1,All,#4682B4,0
3,15,1,3,0.783316,0,1,All,#4682B4,0
4,15,1,3,1.25038,0,1,All,#4682B4,0
5,15,1,3,2.43401,0,1,All,#4682B4,0
6,15,1,3,0.41909,0,1,All,#4682B4,0
7,15,1,3,1.86854,0,1,All,#4682B4,0
8,15,1,3,1.9108,0,1,All,#4682B4,0
9,15,1,3,0.705106,0,1,All,#4682B4,0
10,15,1,3,1.33862,0,1,All,#4682B4,0
1,15,1.5,3,1.04328,0,1,All,#4682B4,0
2,15,1.5,3,0.761481,0,1,All,#4682B4,0
3,15,1.5,3,0.9541,0,1,All,#4682B4,0
4,15,1.5,3,0.423546,0,1,All,#4682B4,0
5,15,1.5,3,1.30057,0,1,All,#4682B4,0
6,15,1.5,3,1.62974,0,1,All,#4682B4,0
7,15,1.5,3,1.21175,0,1,All,#4682B4,0
8,15,1.5,3,0.733878,0,1,All,#4682B4,0
9,15,1.5,3,0.919215,0,1,All,#4682B4,0
10,15,1.5,3,0.648934,0,1,All,#4682B4,0
1,15,2,3,0.189312,0,1,All,#4682B4,0
2,15,2,3,1.08782,0,1,All,#4682B4,0
3,15,2,3,1.31612,0.225622,1,All,#4682B4,0
4,15,2,3,0.015042,0,1,All,#4682B4,0
5,15,2,3,0.0660943,0,1,All,#4682B4,0
6,15,2,3,0.00483526,0,1,All,#4682B4,0
7,15,2,3,0.788114,0,1,All,#4682B4,0
8,15,2,3,1.01196,0,1,All,#4682B4,0
9,15,2,3,0.602847,0,1,All,#4682B4,0
10,15,2,3,1.12769,0,1,All,#4682B4,0
1,15,2.5,3,1.49767,2.12186,1,All,#4682B4,0
2,15,2.5,3,1.56625,1.59118,1,All,#4682B4,0
3,15,2.5,3,2.36924,3.27819,1,All,#4682B4,0
4,15,2.5,3,1.66676,1.26003,1,All,#4682B4,0
5,15,2.5,3,2.49845,3.0523,1,All,#4682B4,0
6,15,2.5,3,2.23888,0.680569,1,All,#4682B4,0
7,15,2.5,3,2.50008,3.66593,1,All,#4682B4,0
8,15,2.5,3,1.68813,1.28741,1,All,#4682B4,0
9,15,2.5,3,0.0206146,0,1,All,#4682B4,0
10,15,2.5,3,1.54763,2.2471,1,All,#4682B4,0
1,15,3,4.194,4.194,4.85606,0,All,#4682B4,0
2,15,3,4.194,4.194,4.37858,0,All,#4682B4,0
3,15,3,4.194,4.194,5.09481,0,All,#4682B4,0
4,15,3,4.194,4.194,4.49415,0,All,#4682B4,0
5,15,3,4.194,4.194,5.31842,0,All,#4682B4,0
6,15,3,4.194,4.194,4.06314,0,All,#4682B4,0
7,15,3,4.194,4.194,5.34738,0,All,#4682B4,0
8,15,3,4.194,4.194,4.56574,0,All,#4682B4,0
9,15,3,4.194,4.194,4.36018,0,All,#4682B4,0
10,15,3,4.194,4.194,4.70779,0,All,#4682B4,0
1,15,3.5,6.587,6.587,6.26609,0,All,#4682B4,0
2,15,3.5,6.587,6.587,5.81433,0,All,#4682B4,0
3,15,3.5,6.587,6.587,6.3321,0,All,#4682B4,0
4,15,3.5,6.587,6.587,5.98102,0,All,#4682B4,0
5,15,3.5,6.587,6.587,6.69815,0,All,#4682B4,0
6,15,3.5,6.587,6.587,5.67371,0,All,#4682B4,0
7,15,3.5,6.587,6.587,6.32091,0,All,#4682B4,0
8,15,3.5,6.587,6.587,6.17206,0,All,#4682B4,0
9,15,3.5,6.587,6.587,6.57451,0,All,#4682B4,0
10,15,3.5,6.587,6.587,6.00473,0,All,#4682B4,0
1,15,4,6.436,6.436,7.14745,0,All,#4682B4,0
2,15,4,6.436,6.436,6.71402,0,All,#4682B4,0
3,15,4,6.436,6.436,7.19286,0,All,#4682B4,0
4,15,4,6.436,6.436,6.86422,0,All,#4682B4,0
5,15,4,6.436,6.436,7.58489,0,All,#4682B4,0
6,15,4,6.436,6.436,6.66031,0,All,#4682B4,0
7,15,4,6.436,6.436,6.94871,0,All,#4682B4,0
8,15,4,6.436,6.436,7.14545,0,All,#4682B4,0
9,15,4,6.436,6.436,7.66552,0,All,#4682B4,0
10,15,4,6.436,6.436,6.81418,0,All,#4682B4,0
1,15,4.5,6.639,6.639,7.70543,0,All,#4682B4,0
2,15,4.5,6.639,6.639,7.2736,0,All,#4682B4,0
3,15,4.5,6.639,6.639,7.66543,0,All,#4682B4,0
4,15,4.5,6.639,6.639,7.41984,0,All,#4682B4,0
5,15,4.5,6.639,6.639,8.00775,0,All,#4682B4,0
6,15,4.5,6.639,6.639,7.2892,0,All,#4682B4,0
7,15,4.5,6.639,6.639,7.34797,0,All,#4682B4,0
8,15,4.5,6.639,6.639,7.7214,0,All,#4682B4,0
9,15,4.5,6.639,6.639,8.13862,0,All,#4682B4,0
10,15,4.5,6.639,6.639,7.35252,0,All,#4682B4,0
1,15,5,7.897,7.897,7.97121,0,All,#4682B4,0
2,15,5,7.897,7.897,7.51588,0,All,#4682B4,0
3,15,5,7.897,7.897,7.78114,0,All,#4682B4,0
4,15,5,7.897,7.897,7.70975,0,All,#4682B4,0
5,15,5,7.897,7.897,8.06818,0,All,#4682B4,0
6,15,5,7.897,7.897,7.61128,0,All,#4682B4,0
7,15,5,7.897,7.897,7.5417,0,All,#4682B4,0
8,15,5,7.897,7.897,7.88983,0,All,#4682B4,0
9,15,5,7.897,7.897,8.0954,0,All,#4682B4,0
10,15,5,7.897,7.897,7.68346,0,All,#4682B4,0
1,15,5.5,8.348,8.348,7.95199,0,All,#4682B4,0
2,15,5.5,8.348,8.348,7.49116,0,All,#4682B4,0
3,15,5.5,8.348,8.348,7.70867,0,All,#4682B4,0
4,15,5.5,8.348,8.348,7.7439,0,All,#4682B4,0
5,15,5.5,8.348,8.348,7.96514,0,All,#4682B4,0
6,15,5.5,8.348,8.348,7.6467,0,All,#4682B4,0
7,15,5.5,8.348,8.348,7.54727,0,All,#4682B4,0
8,15,5.5,8.348,8.348,7.71349,0,All,#4682B4,0
9,15,5.5,8.348,8.348,7.83134,0,All,#4682B4,0
10,15,5.5,8.348,8.348,7.81574,0,All,#4682B4,0
1,15,6,8.396,8.396,7.74986,0,All,#4682B4,0
2,15,6,8.396,8.396,7.33562,0,All,#4682B4,0
3,15,6,8.396,8.396,7.55875,0,All,#4682B4,0
4,15,6,8.396,8.396,7.59524,0,All,#4682B4,0
5,15,6,8.396,8.396,7.80139,0,All,#4682B4,0
6,15,6,8.396,8.396,7.51227,0,All,#4682B4,0
7,15,6,8.396,8.396,7.4266,0,All,#4682B4,0
8,15,6,8.396,8.396,7.39162,0,All,#4682B4,0
9,15,6,8.396,8.396,7.5212,0,All,#4682B4,0
10,15,6,8.396,8.396,7.77473,0,All,#4682B4,0
1,15,6.5,8.172,8.172,7.48866,0,All,#4682B4,0
2,15,6.5,8.172,8.172,7.14433,0,All,#4682B4,0
3,15,6.5,8.172,8.172,7.383,0,All,#4682B4,0
4,15,6.5,8.172,8.172,7.37398,0,All,#4682B4,0
5,15,6.5,8.172,8.172,7.62229,0,All,#4682B4,0
6,15,6.5,8.172,8.172,7.32161,0,All,#4682B4,0
7,15,6.5,8.172,8.172,7.2516,0,All,#4682B4,0
8,15,6.5,8.172,8.172,7.05629,0,All,#4682B4,0
9,15,6.5,8.172,8.172,7.22323,0,All,#4682B4,0
10,15,6.5,8.172,8.172,7.62908,0,All,#4682B4,0
1,15,7,7.517,7.517,7.23974,0,All,#4682B4,0
2,15,7,7.517,7.517,6.95782,0,All,#4682B4,0
3,15,7,7.517,7.517,7.20735,0,All,#4682B4,0
4,15,7,7.517,7.517,7.14213,0,All,#4682B4,0
5,15,7,7.517,7.517,7.45009,0,All,#4682B4,0
6,15,7,7.517,7.517,7.12682,0,All,#4682B4,0
7,15,7,7.517,7.517,7.07044,0,All,#4682B4,0
8,15,7,7.517,7.517,6.7591,0,All,#4682B4,0
9,15,7,7.517,7.517,6.96093,0,All,#4682B4,0
10,15,7,7.517,7.517,7.44971,0,All,#4682B4,0
1,15,7.5,6.189,6.189,7.02638,0,All,#4682B4,0
2,15,7.5,6.189,6.189,6.79374,0,All,#4682B4,0
3,15,7.5,6.189,6.189,7.04624,0,All,#4682B4,0
4,15,7.5,6.189,6.189,6.93219,0,All,#4682B4,0
5,15,7.5,6.189,6.189,7.29646,0,All,#4682B4,0
6,15,7.5,6.189,6.189,6.95246,0,All,#4682B4,0
7,15,7.5,6.189,6.189,6.90509,0,All,#4682B4,0
8,15,7.5,6.189,6.189,6.51762,0,All,#4682B4,0
9,15,7.5,6.189,6.189,6.74454,0,All,#4682B4,0
10,15,7.5,6.189,6.189,7.27004,0,All,#4682B4,0
1,15,8,5.688,5.688,6.85751,0,All,#4682B4,0
2,15,8,5.688,5.688,6.65983,0,All,#4682B4,0
3,15,8,5.688,5.688,6.90645,0,All,#4682B4,0
4,15,8,5.688,5.688,6.75721,0,All,#4682B4,0
5,15,8,5.688,5.688,7.16753,0,All,#4682B4,0
6,15,8,5.688,5.688,6.808,0,All,#4682B4,0
7,15,8,5.688,5.688,6.76376,0,All,#4682B4,0
8,15,8,5.688,5.688,6.33396,0,All,#4682B4,0
9,15,8,5.688,5.688,6.57798,0,All,#4682B4,0
10,15,8,5.688,5.688,7.11125,0,All,#4682B4,0
1,15,8.5,5.96,5.96,6.73423,0,All,#4682B4,0
2,15,8.5,5.96,5.96,6.55853,0,All,#4682B4,0
3,15,8.5,5.96,5.96,6.79176,0,All,#4682B4,0
4,15,8.5,5.96,5.96,6.62129,0,All,#4682B4,0
5,15,8.5,5.96,5.96,7.06603,0,All,#4682B4,0
6,15,8.5,5.96,5.96,6.69669,0,All,#4682B4,0
7,15,8.5,5.96,5.96,6.65046,0,All,#4682B4,0
8,15,8.5,5.96,5.96,6.20848,0,All,#4682B4,0
9,15,8.5,5.96,5.96,6.46086,0,All,#4682B4,0
10,15,8.5,5.96,5.96,6.98099,0,All,#4682B4,0
1,15,9,6.96,6.96,6.65385,0,All,#4682B4,0
2,15,9,6.96,6.96,6.48918,0,All,#4682B4,0
3,15,9,6.96,6.96,6.70354,0,All,#4682B4,0
4,15,9,6.96,6.96,6.52416,0,All,#4682B4,0
5,15,9,6.96,6.96,6.99205,0,All,#4682B4,0
6,15,9,6.96,6.96,6.61817,0,All,#4682B4,0
7,15,9,6.96,6.96,6.56596,0,All,#4682B4,0
8,15,9,6.96,6.96,6.13113,0,All,#4682B4,0
9,15,9,6.96,6.96,6.38969,0,All,#4682B4,0
10,15,9,6.96,6.96,6.88246,0,All,#4682B4,0
1,15,9.5,6.272,6.272,6.61179,0,All,#4682B4,0
2,15,9.5,6.272,6.272,6.44921,0,All,#4682B4,0
3,15,9.5,6.272,6.272,6.64154,0,All,#4682B4,0
4,15,9.5,6.272,6.272,6.46335,0,All,#4682B4,0
5,15,9.5,6.272,6.272,6.94444,0,All,#4682B4,0
6,15,9.5,6.272,6.272,6.57011,0,All,#4682B4,0
7,15,9.5,6.272,6.272,6.50896,0,All,#4682B4,0
8,15,9.5,6.272,6.272,6.09852,0,All,#4682B4,0
9,15,9.5,6.272,6.272,6.35938,0,All,#4682B4,0
10,15,9.5,6.272,6.272,6.8147,0,All,#4682B4,0
1,15,10,7.112,7.112,6.60264,0,All,#4682B4,0
2,15,10,7.112,7.112,6.43495,0,All,#4682B4,0
3,15,10,7.112,7.112,6.60442,0,All,#4682B4,0
4,15,10,7.112,7.112,6.43465,0,All,#4682B4,0
5,15,10,7.112,7.112,6.92111,0,All,#4682B4,0
6,15,10,7.112,7.112,6.54958,0,All,#4682B4,0
7,15,10,7.112,7.112,6.47716,0,All,#4682B4,0
8,15,10,7.112,7.112,6.10416,0,All,#4682B4,0
9,15,10,7.112,7.112,6.36385,0,All,#4682B4,0
10,15,10,7.112,7.112,6.77501,0,All,#4682B4,0
1,15,10.5,6.327,6.327,6.62025,0,All,#4682B4,0
2,15,10.5,6.327,6.327,6.44197,0,All,#4682B4,0
3,15,10.5,6.327,6.327,6.58998,0,All,#4682B4,0
4,15,10.5,6.327,6.327,6.43292,0,All,#4682B4,0
5,15,10.5,6.327,6.327,6.91874,0,All,#4682B4,0
6,15,10.5,6.327,6.327,6.55134,0,All,#4682B4,0
7,15,10.5,6.327,6.327,6.46734,0,All,#4682B4,0
8,15,10.5,6.327,6.327,6.14037,0,All,#4682B4,0
9,15,10.5,6.327,6.327,6.39676,0,All,#4682B4,0
10,15,10.5,6.327,6.327,6.75966,0,All,#4682B4,0
1,15,11,6.577,6.577,6.65861,0,All,#4682B4,0
2,15,11,6.577,6.577,6.46577,0,All,#4682B4,0
3,15,11,6.577,6.577,6.59519,0,All,#4682B4,0
4,15,11,6.577,6.577,6.45404,0,All,#4682B4,0
5,15,11,6.577,6.577,6.93396,0,All,#4682B4,0
6,15,11,6.577,6.577,6.57118,0,All,#4682B4,0
7,15,11,6.577,6.577,6.47596,0,All,#4682B4,0
8,15,11,6.577,6.577,6.20036,0,All,#4682B4,0
9,15,11,6.577,6.577,6.45181,0,All,#4682B4,0
10,15,11,6.577,6.577,6.76452,0,All,#4682B4,0
1,15,11.5,7.275,7.275,6.7122,0,All,#4682B4,0
2,15,11.5,7.275,7.275,6.5003,0,All,#4682B4,0
3,15,11.5,7.275,7.275,6.61639,0,All,#4682B4,0
4,15,11.5,7.275,7.275,6.42795,0,All,#4682B4,0
5,15,11.5,7.275,7.275,6.96281,0,All,#4682B4,0
6,15,11.5,7.275,7.275,6.60447,0,All,#4682B4,0
7,15,11.5,7.275,7.275,6.47713,0,All,#4682B4,0
8,15,11.5,7.275,7.275,6.27779,0,All,#4682B4,0
9,15,11.5,7.275,7.275,6.50182,0,All,#4682B4,0
10,15,11.5,7.275,7.275,6.78063,0,All,#4682B4,0
1,15,12,8.292,8.292,6.71548,0,All,#4682B4,0
2,15,12,8.292,8.292,6.3964,0,All,#4682B4,0
3,15,12,8.292,8.292,6.64029,0,All,#4682B4,0
4,15,12,8.292,8.292,6.20349,0,All,#4682B4,0
5,15,12,8.292,8.292,6.94298,0,All,#4682B4,0
6,15,12,8.292,8.292,6.50189,0,All,#4682B4,0
7,15,12,8.292,8.292,6.25174,0,All,#4682B4,0
8,15,12,8.292,8.292,6.2763,0,All,#4682B4,0
9,15,12,8.292,8.292,6.29035,0,All,#4682B4,0
10,15,12,8.292,8.292,6.51402,0,All,#4682B4,0
1,15,12.5,5.778,5.778,6.24412,0,All,#4682B4,0
2,15,12.5,5.778,5.778,5.93709,0,All,#4682B4,0
3,15,12.5,5.778,5.778,6.36677,0,All,#4682B4,0
4,15,12.5,5.778,5.778,5.78548,0,All,#4682B4,0
5,15,12.5,5.778,5.778,6.43579,0,All,#4682B4,0
6,15,12.5,5.778,5.778,5.97072,0,All,#4682B4,0
7,15,12.5,5.778,5.778,5.71251,0,All,#4682B4,0
8,15,12.5,5.778,5.778,5.75224,0,All,#4682B4,0
9,15,12.5,5.778,5.778,5.71633,0,All,#4682B4,0
10,15,12.5,5.778,5.778,5.71998,0,All,#4682B4,0
1,15,13,5.045,5.045,5.36369,0,All,#4682B4,0
2,15,13,5.045,5.045,5.21875,0,All,#4682B4,0
3,15,13,5.045,5.045,5.59124,0,All,#4682B4,0
4,15,13,5.045,5.045,5.23857,0,All,#4682B4,0
5,15,13,5.045,5.045,5.46235,0,All,#4682B4,0
6,15,13,5.045,5.045,5.14409,0,All,#4682B4,0
7,15,13,5.045,5.045,4.97678,0,All,#4682B4,0
8,15,13,5.045,5.045,4.85485,0,All,#4682B4,0
9,15,13,5.045,5.045,4.95222,0,All,#4682B4,0
10,15,13,5.045,5.045,4.70512,0,All,#4682B4,0
1,15,13.5,4.203,4.203,4.33642,0,All,#4682B4,0
2,15,13.5,4.203,4.203,4.38763,0,All,#4682B4,0
3,15,13.5,4.203,4.203,4.57431,0,All,#4682B4,0
4,15,13.5,4.203,4.203,4.62994,0,All,#4682B4,0
5,15,13.5,4.203,4.203,4.33927,0,All,#4682B4,0
6,15,13.5,4.203,4.203,4.20746,0,All,#4682B4,0
7,15,13.5,4.203,4.203,4.16875,0,All,#4682B4,0
8,15,13.5,4.203,4.203,3.81504,0,All,#4682B4,0
9,15,13.5,4.203,4.203,4.11358,0,All,#4682B4,0
10,15,13.5,4.203,4.203,3.61313,0,All,#4682B4,0
1,15,14,3.69,3.69,3.23287,0,All,#4682B4,0
2,15,14,3.69,3.69,3.49991,0,All,#4682B4,0
3,15,14,3.69,3.69,3.46059,0,All,#4682B4,0
4,15,14,3.69,3.69,3.98772,0,All,#4682B4,0
5,15,14,3.69,3.69,3.14495,0,All,#4682B4,0
6,15,14,3.69,3.69,3.21115,0,All,#4682B4,0
7,15,14,3.69,3.69,3.32481,0,All,#4682B4,0
8,15,14,3.69,3.69,2.69549,0,All,#4682B4,0
9,15,14,3.69,3.69,3.23264,0,All,#4682B4,0
10,15,14,3.69,3.69,2.46905,0,All,#4682B4,0
1,15,14.5,3,0.623196,2.07716,1,All,#4682B4,0
2,15,14.5,3,2.48145,2.57362,1,All,#4682B4,0
3,15,14.5,3,1.17246,2.29105,1,All,#4682B4,0
4,15,14.5,3,1.66932,3.32589,1,All,#4682B4,0
5,15,14.5,3,2.84356,1.90262,1,All,#4682B4,0
6,15,14.5,3,2.61029,2.173,1,All,#4682B4,0
7,15,14.5,3,2.14264,2.45718,1,All,#4682B4,0
8,15,14.5,3,2.15305,1.52242,1,All,#4682B4,0
9,15,14.5,3,2.57676,2.3221,1,All,#4682B4,0
10,15,14.5,3,1.95819,1.287,1,All,#4682B4,0
1,15,15,3,1.21702,0.883846,1,All,#4682B4,0
2,15,15,3,0.26238,1.61771,1,All,#4682B4,0
3,15,15,3,1.71439,1.07973,1,All,#4682B4,0
4,15,15,3,2.1767,2.65142,1,All,#4682B4,0
5,15,15,3,0.756698,0.625242,1,All,#4682B4,0
6,15,15,3,0.741841,1.10131,1,All,#4682B4,0
7,15,15,3,0.399494,1.57105,1,All,#4682B4,0
8,15,15,3,0.153304,0.309041,1,All,#4682B4,0
9,15,15,3,1.03545,1.38896,1,All,#4682B4,0
10,15,15,3,0.815012,0.07519,1,All,#4682B4,0
1,16,1,3,0.754583,0,1,All,#4682B4,0
2,16,1,3,0.531719,0,1,All,#4682B4,0
3,16,1,3,1.19855,0,1,All,#4682B4,0
4,16,1,3,0.420923,0,1,All,#4682B4,0
5,16,1,3,0.0779723,0,1,All,#4682B4,0
6,16,1,3,0.226632,0,1,All,#4682B4,0
7,16,1,3,0.425564,0,1,All,#4682B4,0
8,16,1,3,0.269206,0,1,All,#4682B4,0
9,16,1,3,0.693632,0,1,All,#4682B4,0
10,16,1,3,0.298864,0,1,All,#4682B4,0
1,16,1.5,3,1.91564,0.650643,1,All,#4682B4,0
2,16,1.5,3,1.66461,0,1,All,#4682B4,0
3,16,1.5,3,0.55892,0.816475,1,All,#4682B4,0
4,16,1.5,3,0.866763,0,1,All,#4682B4,0
5,16,1.5,3,1.16658,0,1,All,#4682B4,0
6,16,1.5,3,0.264311,0,1,All,#4682B4,0
7,16,1.5,3,0.136275,0,1,All,#4682B4,0
8,16,1.5,3,1.5169,0,1,All,#4682B4,0
9,16,1.5,3,0.698034,0,1,All,#4682B4,0
10,16,1.5,3,2.24999,2.00747,1,All,#4682B4,0
1,16,2,3,1.92858,3.03248,1,All,#4682B4,0
2,16,2,3,0.414826,0.380785,1,All,#4682B4,0
3,16,2,3,2.7436,2.6191,1,All,#4682B4,0
4,16,2,3,1.62211,2.17314,1,All,#4682B4,0
5,16,2,3,2.31202,1.87795,1,All,#4682B4,0
6,16,2,3,2.50355,2.37319,1,All,#4682B4,0
7,16,2,3,0.658002,0,1,All,#4682B4,0
8,16,2,3,0.0265088,0.710637,1,All,#4682B4,0
9,16,2,3,1.91536,2.20638,1,All,#4682B4,0
10,16,2,3,2.54453,3.61795,1,All,#4682B4,0
1,16,2.5,5.042,5.042,4.36949,0,All,#4682B4,0
2,16,2.5,5.042,5.042,3.39355,0,All,#4682B4,0
3,16,2.5,5.042,5.042,3.91124,0,All,#4682B4,0
4,16,2.5,5.042,5.042,4.36544,0,All,#4682B4,0
5,16,2.5,5.042,5.042,3.56953,0,All,#4682B4,0
6,16,2.5,5.042,5.042,3.94498,0,All,#4682B4,0
7,16,2.5,5.042,5.042,3.28504,0,All,#4682B4,0
8,16,2.5,5.042,5.042,2.87584,0,All,#4682B4,0
9,16,2.5,5.042,5.042,3.48835,0,All,#4682B4,0
10,16,2.5,5.042,5.042,4.68553,0,All,#4682B4,0
1,16,3,3,2.94768,5.29104,1,All,#4682B4,0
2,16,3,3,2.8464,4.74522,1,All,#4682B4,0
3,16,3,3,2.85307,4.93518,1,All,#4682B4,0
4,16,3,3,2.82275,5.49198,1,All,#4682B4,0
5,16,3,3,2.48696,4.69704,1,All,#4682B4,0
6,16,3,3,2.54531,5.05208,1,All,#4682B4,0
7,16,3,3,2.66188,5.12559,1,All,#4682B4,0
8,16,3,3,2.54348,4.35087,1,All,#4682B4,0
9,16,3,3,2.68205,4.52005,1,All,#4682B4,0
10,16,3,3,2.73762,5.45126,1,All,#4682B4,0
1,16,3.5,6.538,6.538,5.96751,0,All,#4682B4,0
2,16,3.5,6.538,6.538,5.58259,0,All,#4682B4,0
3,16,3.5,6.538,6.538,5.76541,0,All,#4682B4,0
4,16,3.5,6.538,6.538,6.18356,0,All,#4682B4,0
5,16,3.5,6.538,6.538,5.50682,0,All,#4682B4,0
6,16,3.5,6.538,6.538,5.87216,0,All,#4682B4,0
7,16,3.5,6.538,6.538,6.05401,0,All,#4682B4,0
8,16,3.5,6.538,6.538,5.44063,0,All,#4682B4,0
9,16,3.5,6.538,6.538,5.36834,0,All,#4682B4,0
10,16,3.5,6.538,6.538,6.02889,0,All,#4682B4,0
1,16,4,5.964,5.964,6.48313,0,All,#4682B4,0
2,16,4,5.964,5.964,6.15275,0,All,#4682B4,0
3,16,4,5.964,5.964,6.45015,0,All,#4682B4,0
4,16,4,5.964,5.964,6.64502,0,All,#4682B4,0
5,16,4,5.964,5.964,6.1139,0,All,#4682B4,0
6,16,4,5.964,5.964,6.5,0,All,#4682B4,0
7,16,4,5.964,5.964,6.60652,0,All,#4682B4,0
8,16,4,5.964,5.964,6.27919,0,All,#4682B4,0
9,16,4,5.964,5.964,6.07724,0,All,#4682B4,0
10,16,4,5.964,5.964,6.47831,0,All,#4682B4,0
1,16,4.5,6.836,6.836,6.87885,0,All,#4682B4,0
2,16,4.5,6.836,6.836,6.56116,0,All,#4682B4,0
3,16,4.5,6.836,6.836,7.0201,0,All,#4682B4,0
4,16,4.5,6.836,6.836,6.96444,0,All,#4682B4,0
5,16,4.5,6.836,6.836,6.5878,0,All,#4682B4,0
6,16,4.5,6.836,6.836,6.99705,0,All,#4682B4,0
7,16,4.5,6.836,6.836,6.96024,0,All,#4682B4,0
8,16,4.5,6.836,6.836,6.93575,0,All,#4682B4,0
9,16,4.5,6.836,6.836,6.67533,0,All,#4682B4,0
10,16,4.5,6.836,6.836,6.83423,0,All,#4682B4,0
1,16,5,6.391,6.391,7.18722,0,All,#4682B4,0
2,16,5,6.391,6.391,6.86038,0,All,#4682B4,0
3,16,5,6.391,6.391,7.49166,0,All,#4682B4,0
4,16,5,6.391,6.391,7.18494,0,All,#4682B4,0
5,16,5,6.391,6.391,6.95353,0,All,#4682B4,0
6,16,5,6.391,6.391,7.38788,0,All,#4682B4,0
7,16,5,6.391,6.391,7.19351,0,All,#4682B4,0
8,16,5,6.391,6.391,7.42993,0,All,#4682B4,0
9,16,5,6.391,6.391,7.17899,0,All,#4682B4,0
10,16,5,6.391,6.391,7.11609,0,All,#4682B4,0
1,16,5.5,6.629,6.629,7.41559,0,All,#4682B4,0
2,16,5.5,6.629,6.629,7.08047,0,All,#4682B4,0
3,16,5.5,6.629,6.629,7.86669,0,All,#4682B4,0
4,16,5.5,6.629,6.629,7.32758,0,All,#4682B4,0
5,16,5.5,6.629,6.629,7.23309,0,All,#4682B4,0
6,16,5.5,6.629,6.629,7.68589,0,All,#4682B4,0
7,16,5.5,6.629,6.629,7.3445,0,All,#4682B4,0
8,16,5.5,6.629,6.629,7.73161,0,All,#4682B4,0
9,16,5.5,6.629,6.629,7.58755,0,All,#4682B4,0
10,16,5.5,6.629,6.629,7.33296,0,All,#4682B4,0
1,16,6,8.075,8.075,7.56429,0,All,#4682B4,0
2,16,6,8.075,8.075,7.23791,0,All,#4682B4,0
3,16,6,8.075,8.075,8.12983,0,All,#4682B4,0
4,16,6,8.075,8.075,7.40225,0,All,#4682B4,0
5,16,6,8.075,8.075,7.43059,0,All,#4682B4,0
6,16,6,8.075,8.075,7.89073,0,All,#4682B4,0
7,16,6,8.075,8.075,7.43526,0,All,#4682B4,0
8,16,6,8.075,8.075,7.79834,0,All,#4682B4,0
9,16,6,8.075,8.075,7.87896,0,All,#4682B4,0
10,16,6,8.075,8.075,7.48735,0,All,#4682B4,0
1,16,6.5,7.369,7.369,7.62938,0,All,#4682B4,0
2,16,6.5,7.369,7.369,7.34092,0,All,#4682B4,0
3,16,6.5,7.369,7.369,8.25544,0,All,#4682B4,0
4,16,6.5,7.369,7.369,7.41403,0,All,#4682B4,0
5,16,6.5,7.369,7.369,7.54111,0,All,#4682B4,0
6,16,6.5,7.369,7.369,7.9916,0,All,#4682B4,0
7,16,6.5,7.369,7.369,7.47694,0,All,#4682B4,0
8,16,6.5,7.369,7.369,7.66286,0,All,#4682B4,0
9,16,6.5,7.369,7.369,8.01496,0,All,#4682B4,0
10,16,6.5,7.369,7.369,7.57791,0,All,#4682B4,0
1,16,7,8.215,8.215,7.61019,0,All,#4682B4,0
2,16,7,8.215,8.215,7.39354,0,All,#4682B4,0
3,16,7,8.215,8.215,8.2295,0,All,#4682B4,0
4,16,7,8.215,8.215,7.36971,0,All,#4682B4,0
5,16,7,8.215,8.215,7.56198,0,All,#4682B4,0
6,16,7,8.215,8.215,7.98065,0,All,#4682B4,0
7,16,7,8.215,8.215,7.47525,0,All,#4682B4,0
8,16,7,8.215,8.215,7.42583,0,All,#4682B4,0
9,16,7,8.215,8.215,7.97661,0,All,#4682B4,0
10,16,7,8.215,8.215,7.60372,0,All,#4682B4,0
1,16,7.5,7.665,7.665,7.51484,0,All,#4682B4,0
2,16,7.5,7.665,7.665,7.39766,0,All,#4682B4,0
3,16,7.5,7.665,7.665,8.06852,0,All,#4682B4,0
4,16,7.5,7.665,7.665,7.27541,0,All,#4682B4,0
5,16,7.5,7.665,7.665,7.49851,0,All,#4682B4,0
6,16,7.5,7.665,7.665,7.86256,0,All,#4682B4,0
7,16,7.5,7.665,7.665,7.43675,0,All,#4682B4,0
8,16,7.5,7.665,7.665,7.16258,0,All,#4682B4,0
9,16,7.5,7.665,7.665,7.79525,0,All,#4682B4,0
10,16,7.5,7.665,7.665,7.56937,0,All,#4682B4,0
1,16,8,7.946,7.946,7.36045,0,All,#4682B4,0
2,16,8,7.946,7.946,7.35624,0,All,#4682B4,0
3,16,8,7.946,7.946,7.8156,0,All,#4682B4,0
4,16,8,7.946,7.946,7.14434,0,All,#4682B4,0
5,16,8,7.946,7.946,7.36729,0,All,#4682B4,0
6,16,8,7.946,7.946,7.66191,0,All,#4682B4,0
7,16,8,7.946,7.946,7.36538,0,All,#4682B4,0
8,16,8,7.946,7.946,6.91433,0,All,#4682B4,0
9,16,8,7.946,7.946,7.53499,0,All,#4682B4,0
10,16,8,7.946,7.946,7.48333,0,All,#4682B4,0
1,16,8.5,7.216,7.216,7.16958,0,All,#4682B4,0
2,16,8.5,7.216,7.216,7.27057,0,All,#4682B4,0
3,16,8.5,7.216,7.216,7.52107,0,All,#4682B4,0
4,16,8.5,7.216,7.216,6.98908,0,All,#4682B4,0
5,16,8.5,7.216,7.216,7.19291,0,All,#4682B4,0
6,16,8.5,7.216,7.216,7.41226,0,All,#4682B4,0
7,16,8.5,7.216,7.216,7.26552,0,All,#4682B4,0
8,16,8.5,7.216,7.216,6.6972,0,All,#4682B4,0
9,16,8.5,7.216,7.216,7.25558,0,All,#4682B4,0
10,16,8.5,7.216,7.216,7.35535,0,All,#4682B4,0
1,16,9,7.54,7.54,6.96525,0,All,#4682B4,0
2,16,9,7.54,7.54,7.15041,0,All,#4682B4,0
3,16,9,7.54,7.54,7.22618,0,All,#4682B4,0
4,16,9,7.54,7.54,6.82383,0,All,#4682B4,0
5,16,9,7.54,7.54,7.00137,0,All,#4682B4,0
6,16,9,7.54,7.54,7.1512,0,All,#4682B4,0
7,16,9,7.54,7.54,7.12721,0,All,#4682B4,0
8,16,9,7.54,7.54,6.5154,0,All,#4682B4,0
9,16,9,7.54,7.54,6.99256,0,All,#4682B4,0
10,16,9,7.54,7.54,7.18757,0,All,#4682B4,0
1,16,9.5,6.237,6.237,6.76632,0,All,#4682B4,0
2,16,9.5,6.237,6.237,7.00484,0,All,#4682B4,0
3,16,9.5,6.237,6.237,6.95506,0,All,#4682B4,0
4,16,9.5,6.237,6.237,6.66534,0,All,#4682B4,0
5,16,9.5,6.237,6.237,6.81389,0,All,#4682B4,0
6,16,9.5,6.237,6.237,6.90073,0,All,#4682B4,0
7,16,9.5,6.237,6.237,6.95681,0,All,#4682B4,0
8,16,9.5,6.237,6.237,6.37152,0,All,#4682B4,0
9,16,9.5,6.237,6.237,6.75968,0,All,#4682B4,0
10,16,9.5,6.237,6.237,6.9944,0,All,#4682B4,0
1,16,10,6.976,6.976,6.58535,0,All,#4682B4,0
2,16,10,6.976,6.976,6.83732,0,All,#4682B4,0
3,16,10,6.976,6.976,6.71801,0,All,#4682B4,0
4,16,10,6.976,6.976,6.51122,0,All,#4682B4,0
5,16,10,6.976,6.976,6.64447,0,All,#4682B4,0
6,16,10,6.976,6.976,6.67663,0,All,#4682B4,0
7,16,10,6.976,6.976,6.76477,0,All,#4682B4,0
8,16,10,6.976,6.976,6.26438,0,All,#4682B4,0
9,16,10,6.976,6.976,6.5612,0,All,#4682B4,0
10,16,10,6.976,6.976,6.79018,0,All,#4682B4,0
1,16,10.5,6.929,6.929,6.42913,0,All,#4682B4,0
2,16,10.5,6.929,6.929,6.64436,0,All,#4682B4,0
3,16,10.5,6.929,6.929,6.51868,0,All,#4682B4,0
4,16,10.5,6.929,6.929,6.33709,0,All,#4682B4,0
5,16,10.5,6.929,6.929,6.50139,0,All,#4682B4,0
6,16,10.5,6.929,6.929,6.48952,0,All,#4682B4,0
7,16,10.5,6.929,6.929,6.55972,0,All,#4682B4,0
8,16,10.5,6.929,6.929,6.19298,0,All,#4682B4,0
9,16,10.5,6.929,6.929,6.39768,0,All,#4682B4,0
10,16,10.5,6.929,6.929,6.58353,0,All,#4682B4,0
1,16,11,7.547,7.547,6.29777,0,All,#4682B4,0
2,16,11,7.547,7.547,6.44108,0,All,#4682B4,0
3,16,11,7.547,7.547,6.35751,0,All,#4682B4,0
4,16,11,7.547,7.547,6.1519,0,All,#4682B4,0
5,16,11,7.547,7.547,6.38455,0,All,#4682B4,0
6,16,11,7.547,7.547,6.34252,0,All,#4682B4,0
7,16,11,7.547,7.547,6.34918,0,All,#4682B4,0
8,16,11,7.547,7.547,6.1548,0,All,#4682B4,0
9,16,11,7.547,7.547,6.27746,0,All,#4682B4,0
10,16,11,7.547,7.547,6.38174,0,All,#4682B4,0
1,16,11.5,6.9,6.9,6.16986,0,All,#4682B4,0
2,16,11.5,6.9,6.9,6.23756,0,All,#4682B4,0
3,16,11.5,6.9,6.9,6.21548,0,All,#4682B4,0
4,16,11.5,6.9,6.9,5.96654,0,All,#4682B4,0
5,16,11.5,6.9,6.9,6.27344,0,All,#4682B4,0
6,16,11.5,6.9,6.9,6.2057,0,All,#4682B4,0
7,16,11.5,6.9,6.9,6.14069,0,All,#4682B4,0
8,16,11.5,6.9,6.9,6.1386,0,All,#4682B4,0
9,16,11.5,6.9,6.9,6.19198,0,All,#4682B4,0
10,16,11.5,6.9,6.9,6.19046,0,All,#4682B4,0
1,16,12,6.671,6.671,6.0447,0,All,#4682B4,0
2,16,12,6.671,6.671,6.0412,0,All,#4682B4,0
3,16,12,6.671,6.671,6.0629,0,All,#4682B4,0
4,16,12,6.671,6.671,5.78729,0,All,#4682B4,0
5,16,12,6.671,6.671,6.16511,0,All,#4682B4,0
6,16,12,6.671,6.671,6.05966,0,All,#4682B4,0
7,16,12,6.671,6.671,5.93618,0,All,#4682B4,0
8,16,12,6.671,6.671,6.09863,0,All,#4682B4,0
9,16,12,6.671,6.671,6.13656,0,All,#4682B4,0
10,16,12,6.671,6.671,6.01371,0,All,#4682B4,0
1,16,12.5,6.903,6.903,5.92377,0,All,#4682B4,0
2,16,12.5,6.903,6.903,5.8592,0,All,#4682B4,0
3,16,12.5,6.903,6.903,5.90557,0,All,#4682B4,0
4,16,12.5,6.903,6.903,5.61767,0,All,#4682B4,0
5,16,12.5,6.903,6.903,6.06156,0,All,#4682B4,0
6,16,12.5,6.903,6.903,5.91046,0,All,#4682B4,0
7,16,12.5,6.903,6.903,5.74339,0,All,#4682B4,0
8,16,12.5,6.903,6.903,6.02614,0,All,#4682B4,0
9,16,12.5,6.903,6.903,6.05425,0,All,#4682B4,0
10,16,12.5,6.903,6.903,5.8539,0,All,#4682B4,0
1,16,13,4.836,4.836,5.80883,0,All,#4682B4,0
2,16,13,4.836,4.836,5.69436,0,All,#4682B4,0
3,16,13,4.836,4.836,5.74447,0,All,#4682B4,0
4,16,13,4.836,4.836,5.45871,0,All,#4682B4,0
5,16,13,4.836,4.836,5.96535,0,All,#4682B4,0
6,16,13,4.836,4.836,5.75885,0,All,#4682B4,0
7,16,13,4.836,4.836,5.56158,0,All,#4682B4,0
8,16,13,4.836,4.836,5.92366,0,All,#4682B4,0
9,16,13,4.836,4.836,5.94413,0,All,#4682B4,0
10,16,13,4.836,4.836,5.71206,0,All,#4682B4,0
1,16,13.5,5.998,5.998,5.70033,0,All,#4682B4,0
2,16,13.5,5.998,5.998,5.55121,0,All,#4682B4,0
3,16,13.5,5.998,5.998,5.57974,0,All,#4682B4,0
4,16,13.5,5.998,5.998,5.31051,0,All,#4682B4,0
5,16,13.5,5.998,5.998,5.87521,0,All,#4682B4,0
6,16,13.5,5.998,5.998,5.60502,0,All,#4682B4,0
7,16,13.5,5.998,5.998,5.39535,0,All,#4682B4,0
8,16,13.5,5.998,5.998,5.79271,0,All,#4682B4,0
9,16,13.5,5.998,5.998,5.80534,0,All,#4682B4,0
10,16,13.5,5.998,5.998,5.58795,0,All,#4682B4,0
1,16,14,4.872,4.872,5.59822,0,All,#4682B4,0
2,16,14,4.872,4.872,5.4305,0,All,#4682B4,0
3,16,14,4.872,4.872,5.41279,0,All,#4682B4,0
4,16,14,4.872,4.872,5.17174,0,All,#4682B4,0
5,16,14,4.872,4.872,5.78937,0,All,#4682B4,0
6,16,14,4.872,4.872,5.4489,0,All,#4682B4,0
7,16,14,4.872,4.872,5.24302,0,All,#4682B4,0
8,16,14,4.872,4.872,5.6372,0,All,#4682B4,0
9,16,14,4.872,4.872,5.63822,0,All,#4682B4,0
10,16,14,4.872,4.872,5.48064,0,All,#4682B4,0
1,16,14.5,6.733,6.733,5.50202,0,All,#4682B4,0
2,16,14.5,6.733,6.733,5.33188,0,All,#4682B4,0
3,16,14.5,6.733,6.733,5.23856,0,All,#4682B4,0
4,16,14.5,6.733,6.733,5.04076,0,All,#4682B4,0
5,16,14.5,6.733,6.733,5.70889,0,All,#4682B4,0
6,16,14.5,6.733,6.733,5.29389,0,All,#4682B4,0
7,16,14.5,6.733,6.733,5.10513,0,All,#4682B4,0
8,16,14.5,6.733,6.733,5.45529,0,All,#4682B4,0
9,16,14.5,6.733,6.733,5.44441,0,All,#4682B4,0
10,16,14.5,6.733,6.733,5.38845,0,All,#4682B4,0
1,16,15,4.287,4.287,5.41168,0,All,#4682B4,0
2,16,15,4.287,4.287,5.25413,0,All,#4682B4,0
3,16,15,4.287,4.287,5.06012,0,All,#4682B4,0
4,16,15,4.287,4.287,4.91787,0,All,#4682B4,0
5,16,15,4.287,4.287,5.63196,0,All,#4682B4,0
6,16,15,4.287,4.287,5.13506,0,All,#4682B4,0
7,16,15,4.287,4.287,4.98094,0,All,#4682B4,0
8,16,15,4.287,4.287,5.25418,0,All,#4682B4,0
9,16,15,4.287,4.287,5.22525,0,All,#4682B4,0
10,16,15,4.287,4.287,5.30921,0,All,#4682B4,0
1,16,15.5,4.131,4.131,5.32355,0,All,#4682B4,0
2,16,15.5,4.131,4.131,5.19519,0,All,#4682B4,0
3,16,15.5,4.131,4.131,4.87648,0,All,#4682B4,0
4,16,15.5,4.131,4.131,4.79827,0,All,#4682B4,0
5,16,15.5,4.131,4.131,5.55869,0,All,#4682B4,0
6,16,15.5,4.131,4.131,4.97498,0,All,#4682B4,0
7,16,15.5,4.131,4.131,4.86928,0,All,#4682B4,0
8,16,15.5,4.131,4.131,5.03513,0,All,#4682B4,0
9,16,15.5,4.131,4.131,4.98329,0,All,#4682B4,0
10,16,15.5,4.131,4.131,5.24097,0,All,#4682B4,0
1,16,16,4.396,4.396,5.23998,0,All,#4682B4,0
2,16,16,4.396,4.396,5.15276,0,All,#4682B4,0
3,16,16,4.396,4.396,4.68736,0,All,#4682B4,0
4,16,16,4.396,4.396,4.68214,0,All,#4682B4,0
5,16,16,4.396,4.396,5.48546,0,All,#4682B4,0
6,16,16,4.396,4.396,4.81251,0,All,#4682B4,0
7,16,16,4.396,4.396,4.76903,0,All,#4682B4,0
8,16,16,4.396,4.396,4.80075,0,All,#4682B4,0
9,16,16,4.396,4.396,4.72013,0,All,#4682B4,0
10,16,16,4.396,4.396,5.18202,0,All,#4682B4,0
1,16,16.5,4.538,4.538,5.159,0,All,#4682B4,0
2,16,16.5,4.538,4.538,5.1243,0,All,#4682B4,0
3,16,16.5,4.538,4.538,4.49385,0,All,#4682B4,0
4,16,16.5,4.538,4.538,4.5647,0,All,#4682B4,0
5,16,16.5,4.538,4.538,5.41435,0,All,#4682B4,0
6,16,16.5,4.538,4.538,4.64695,0,All,#4682B4,0
7,16,16.5,4.538,4.538,4.67902,0,All,#4682B4,0
8,16,16.5,4.538,4.538,4.5533,0,All,#4682B4,0
9,16,16.5,4.538,4.538,4.43753,0,All,#4682B4,0
10,16,16.5,4.538,4.538,5.12924,0,All,#4682B4,0
1,16,17,5.052,5.052,5.07646,0,All,#4682B4,0
2,16,17,5.052,5.052,5.10733,0,All,#4682B4,0
3,16,17,5.052,5.052,4.29182,0,All,#4682B4,0
4,16,17,5.052,5.052,4.44956,0,All,#4682B4,0
5,16,17,5.052,5.052,5.34157,0,All,#4682B4,0
6,16,17,5.052,5.052,4.4799,0,All,#4682B4,0
7,16,17,5.052,5.052,4.5978,0,All,#4682B4,0
8,16,17,5.052,5.052,4.29391,0,All,#4682B4,0
9,16,17,5.052,5.052,4.13637,0,All,#4682B4,0
10,16,17,5.052,5.052,5.08103,0,All,#4682B4,0
1,17,1,3,0.722059,0,1,All,#4682B4,0
2,17,1,3,0.513222,0,1,All,#4682B4,0
3,17,1,3,0.747073,0,1,All,#4682B4,0
4,17,1,3,1.31933,0,1,All,#4682B4,0
5,17,1,3,0.0626631,0,1,All,#4682B4,0
6,17,1,3,0.823482,0,1,All,#4682B4,0
7,17,1,3,0.805558,0,1,All,#4682B4,0
8,17,1,3,0.954937,0,1,All,#4682B4,0
9,17,1,3,0.772585,0,1,All,#4682B4,0
10,17,1,3,1.35464,0,1,All,#4682B4,0
1,17,1.5,3,1.05317,0,1,All,#4682B4,0
2,17,1.5,3,0.260483,0,1,All,#4682B4,0
3,17,1.5,3,1.42749,0,1,All,#4682B4,0
4,17,1.5,3,1.56412,0,1,All,#4682B4,0
5,17,1.5,3,1.68126,0,1,All,#4682B4,0
6,17,1.5,3,0.15625,0,1,All,#4682B4,0
7,17,1.5,3,0.282591,0,1,All,#4682B4,0
8,17,1.5,3,0.776787,0,1,All,#4682B4,0
9,17,1.5,3,0.596779,0,1,All,#4682B4,0
10,17,1.5,3,1.10061,0,1,All,#4682B4,0
1,17,2,3,0.991317,1.20299,1,All,#4682B4,0
2,17,2,3,0.61225,0,1,All,#4682B4,0
3,17,2,3,0.767214,0,1,All,#4682B4,0
4,17,2,3,0.514657,0,1,All,#4682B4,0
5,17,2,3,0.473375,0,1,All,#4682B4,0
6,17,2,3,1.99561,1.89541,1,All,#4682B4,0
7,17,2,3,0.803041,0,1,All,#4682B4,0
8,17,2,3,0.823473,0,1,All,#4682B4,0
9,17,2,3,0.654781,0,1,All,#4682B4,0
10,17,2,3,1.25674,0,1,All,#4682B4,0
1,17,2.5,3,2.92797,2.9964,1,All,#4682B4,0
2,17,2.5,3,0.214017,0.414134,1,All,#4682B4,0
3,17,2.5,3,2.71029,2.2932,1,All,#4682B4,0
4,17,2.5,3,0.224357,0,1,All,#4682B4,0
5,17,2.5,3,1.03945,0.32255,1,All,#4682B4,0
6,17,2.5,3,2.7987,3.14178,1,All,#4682B4,0
7,17,2.5,3,0.938695,0.987182,1,All,#4682B4,0
8,17,2.5,3,1.15161,1.41545,1,All,#4682B4,0
9,17,2.5,3,2.33679,0,1,All,#4682B4,0
10,17,2.5,3,2.79709,1.68109,1,All,#4682B4,0
1,17,3,3.765,3.765,4.28372,0,All,#4682B4,0
2,17,3,3.765,3.765,3.32508,0,All,#4682B4,0
3,17,3,3.765,3.765,4.0487,0,All,#4682B4,0
4,17,3,3.765,3.765,4.03871,0,All,#4682B4,0
5,17,3,3.765,3.765,3.72425,0,All,#4682B4,0
6,17,3,3.765,3.765,4.22274,0,All,#4682B4,0
7,17,3,3.765,3.765,3.49776,0,All,#4682B4,0
8,17,3,3.765,3.765,3.35243,0,All,#4682B4,0
9,17,3,3.765,3.765,3.77595,0,All,#4682B4,0
10,17,3,3.765,3.765,3.68263,0,All,#4682B4,0
1,17,3.5,5.563,5.563,5.36529,0,All,#4682B4,0
2,17,3.5,5.563,5.563,4.88135,0,All,#4682B4,0
3,17,3.5,5.563,5.563,5.27855,0,All,#4682B4,0
4,17,3.5,5.563,5.563,6.06998,0,All,#4682B4,0
5,17,3.5,5.563,5.563,5.24494,0,All,#4682B4,0
6,17,3.5,5.563,5.563,5.16962,0,All,#4682B4,0
7,17,3.5,5.563,5.563,4.99666,0,All,#4682B4,0
8,17,3.5,5.563,5.563,4.77693,0,All,#4682B4,0
9,17,3.5,5.563,5.563,5.60973,0,All,#4682B4,0
10,17,3.5,5.563,5.563,4.99983,0,All,#4682B4,0
1,17,4,6.19,6.19,6.28614,0,All,#4682B4,0
2,17,4,6.19,6.19,5.95344,0,All,#4682B4,0
3,17,4,6.19,6.19,6.18898,0,All,#4682B4,0
4,17,4,6.19,6.19,7.01165,0,All,#4682B4,0
5,17,4,6.19,6.19,6.18824,0,All,#4682B4,0
6,17,4,6.19,6.19,6.00618,0,All,#4682B4,0
7,17,4,6.19,6.19,6.02899,0,All,#4682B4,0
8,17,4,6.19,6.19,5.88894,0,All,#4682B4,0
9,17,4,6.19,6.19,6.55238,0,All,#4682B4,0
10,17,4,6.19,6.19,5.94394,0,All,#4682B4,0
1,17,4.5,6.568,6.568,7.07828,0,All,#4682B4,0
2,17,4.5,6.568,6.568,6.74592,0,All,#4682B4,0
3,17,4.5,6.568,6.568,6.88824,0,All,#4682B4,0
4,17,4.5,6.568,6.568,7.55503,0,All,#4682B4,0
5,17,4.5,6.568,6.568,6.82888,0,All,#4682B4,0
6,17,4.5,6.568,6.568,6.74972,0,All,#4682B4,0
7,17,4.5,6.568,6.568,6.78427,0,All,#4682B4,0
8,17,4.5,6.568,6.568,6.78135,0,All,#4682B4,0
9,17,4.5,6.568,6.568,7.13295,0,All,#4682B4,0
10,17,4.5,6.568,6.568,6.65503,0,All,#4682B4,0
1,17,5,7.234,7.234,7.76316,0,All,#4682B4,0
2,17,5,7.234,7.234,7.34464,0,All,#4682B4,0
3,17,5,7.234,7.234,7.43421,0,All,#4682B4,0
4,17,5,7.234,7.234,7.88715,0,All,#4682B4,0
5,17,5,7.234,7.234,7.28221,0,All,#4682B4,0
6,17,5,7.234,7.234,7.40977,0,All,#4682B4,0
7,17,5,7.234,7.234,7.35344,0,All,#4682B4,0
8,17,5,7.234,7.234,7.50717,0,All,#4682B4,0
9,17,5,7.234,7.234,7.50806,0,All,#4682B4,0
10,17,5,7.234,7.234,7.20303,0,All,#4682B4,0
1,17,5.5,7.989,7.989,8.34089,0,All,#4682B4,0
2,17,5.5,7.989,7.989,7.79365,0,All,#4682B4,0
3,17,5.5,7.989,7.989,7.85677,0,All,#4682B4,0
4,17,5.5,7.989,7.989,8.07376,0,All,#4682B4,0
5,17,5.5,7.989,7.989,7.60256,0,All,#4682B4,0
6,17,5.5,7.989,7.989,7.9792,0,All,#4682B4,0
7,17,5.5,7.989,7.989,7.77543,0,All,#4682B4,0
8,17,5.5,7.989,7.989,8.08316,0,All,#4682B4,0
9,17,5.5,7.989,7.989,7.74541,0,All,#4682B4,0
10,17,5.5,7.989,7.989,7.62085,0,All,#4682B4,0
1,17,6,7.482,7.482,8.77658,0,All,#4682B4,0
2,17,6,7.482,7.482,8.09164,0,All,#4682B4,0
3,17,6,7.482,7.482,8.15241,0,All,#4682B4,0
4,17,6,7.482,7.482,8.13497,0,All,#4682B4,0
5,17,6,7.482,7.482,7.80838,0,All,#4682B4,0
6,17,6,7.482,7.482,8.41056,0,All,#4682B4,0
7,17,6,7.482,7.482,8.04958,0,All,#4682B4,0
8,17,6,7.482,7.482,8.47236,0,All,#4682B4,0
9,17,6,7.482,7.482,7.87591,0,All,#4682B4,0
10,17,6,7.482,7.482,7.90754,0,All,#4682B4,0
1,17,6.5,8.793,8.793,8.98827,0,All,#4682B4,0
2,17,6.5,8.793,8.793,8.20559,0,All,#4682B4,0
3,17,6.5,8.793,8.793,8.30031,0,All,#4682B4,0
4,17,6.5,8.793,8.793,8.07943,0,All,#4682B4,0
5,17,6.5,8.793,8.793,7.8898,0,All,#4682B4,0
6,17,6.5,8.793,8.793,8.60991,0,All,#4682B4,0
7,17,6.5,8.793,8.793,8.15061,0,All,#4682B4,0
8,17,6.5,8.793,8.793,8.5912,0,All,#4682B4,0
9,17,6.5,8.793,8.793,7.91126,0,All,#4682B4,0
10,17,6.5,8.793,8.793,8.02488,0,All,#4682B4,0
1,17,7,9.836,9.836,8.91189,0,All,#4682B4,0
2,17,7,9.836,9.836,8.11138,0,All,#4682B4,0
3,17,7,9.836,9.836,8.28043,0,All,#4682B4,0
4,17,7,9.836,9.836,7.91919,0,All,#4682B4,0
5,17,7,9.836,9.836,7.83344,0,All,#4682B4,0
6,17,7,9.836,9.836,8.51913,0,All,#4682B4,0
7,17,7,9.836,9.836,8.0666,0,All,#4682B4,0
8,17,7,9.836,9.836,8.41255,0,All,#4682B4,0
9,17,7,9.836,9.836,7.85635,0,All,#4682B4,0
10,17,7,9.836,9.836,7.94813,0,All,#4682B4,0
1,17,7.5,8.895,8.895,8.58001,0,All,#4682B4,0
2,17,7.5,8.895,8.895,7.84192,0,All,#4682B4,0
3,17,7.5,8.895,8.895,8.08889,0,All,#4682B4,0
4,17,7.5,8.895,8.895,7.66897,0,All,#4682B4,0
5,17,7.5,8.895,8.895,7.64729,0,All,#4682B4,0
6,17,7.5,8.895,8.895,8.20122,0,All,#4682B4,0
7,17,7.5,8.895,8.895,7.82501,0,All,#4682B4,0
8,17,7.5,8.895,8.895,8.02196,0,All,#4682B4,0
9,17,7.5,8.895,8.895,7.7156,0,All,#4682B4,0
10,17,7.5,8.895,8.895,7.69822,0,All,#4682B4,0
1,17,8,8.519,8.519,8.08227,0,All,#4682B4,0
2,17,8,8.519,8.519,7.45516,0,All,#4682B4,0
3,17,8,8.519,8.519,7.7464,0,All,#4682B4,0
4,17,8,8.519,8.519,7.34722,0,All,#4682B4,0
5,17,8,8.519,8.519,7.34771,0,All,#4682B4,0
6,17,8,8.519,8.519,7.7714,0,All,#4682B4,0
7,17,8,8.519,8.519,7.47325,0,All,#4682B4,0
8,17,8,8.519,8.519,7.52587,0,All,#4682B4,0
9,17,8,8.519,8.519,7.49582,0,All,#4682B4,0
10,17,8,8.519,8.519,7.3207,0,All,#4682B4,0
1,17,8.5,7.275,7.275,7.50497,0,All,#4682B4,0
2,17,8.5,7.275,7.275,6.99786,0,All,#4682B4,0
3,17,8.5,7.275,7.275,7.29636,0,All,#4682B4,0
4,17,8.5,7.275,7.275,6.9711,0,All,#4682B4,0
5,17,8.5,7.275,7.275,6.96263,0,All,#4682B4,0
6,17,8.5,7.275,7.275,7.29622,0,All,#4682B4,0
7,17,8.5,7.275,7.275,7.04373,0,All,#4682B4,0
8,17,8.5,7.275,7.275,6.99375,0,All,#4682B4,0
9,17,8.5,7.275,7.275,7.20685,0,All,#4682B4,0
10,17,8.5,7.275,7.275,6.86619,0,All,#4682B4,0
1,17,9,6.395,6.395,6.89363,0,All,#4682B4,0
2,17,9,6.395,6.395,6.50056,0,All,#4682B4,0
3,17,9,6.395,6.395,6.77818,0,All,#4682B4,0
4,17,9,6.395,6.395,6.55481,0,All,#4682B4,0
5,17,9,6.395,6.395,6.51449,0,All,#4682B4,0
6,17,9,6.395,6.395,6.80584,0,All,#4682B4,0
7,17,9,6.395,6.395,6.5711,0,All,#4682B4,0
8,17,9,6.395,6.395,6.45649,0,All,#4682B4,0
9,17,9,6.395,6.395,6.86146,0,All,#4682B4,0
10,17,9,6.395,6.395,6.3812,0,All,#4682B4,0
1,17,9.5,5.928,5.928,6.27905,0,All,#4682B4,0
2,17,9.5,5.928,5.928,5.98338,0,All,#4682B4,0
3,17,9.5,5.928,5.928,6.22282,0,All,#4682B4,0
4,17,9.5,5.928,5.928,6.11209,0,All,#4682B4,0
5,17,9.5,5.928,5.928,6.02747,0,All,#4682B4,0
6,17,9.5,5.928,5.928,6.31524,0,All,#4682B4,0
7,17,9.5,5.928,5.928,6.08045,0,All,#4682B4,0
8,17,9.5,5.928,5.928,5.92373,0,All,#4682B4,0
9,17,9.5,5.928,5.928,6.47496,0,All,#4682B4,0
10,17,9.5,5.928,5.928,5.89698,0,All,#4682B4,0
1,17,10,4.938,4.938,5.6784,0,All,#4682B4,0
2,17,10,4.938,4.938,5.46246,0,All,#4682B4,0
3,17,10,4.938,4.938,5.65529,0,All,#4682B4,0
4,17,10,4.938,4.938,5.65833,0,All,#4682B4,0
5,17,10,4.938,4.938,5.52726,0,All,#4682B4,0
6,17,10,4.938,4.938,5.83246,0,All,#4682B4,0
7,17,10,4.938,4.938,5.59082,0,All,#4682B4,0
8,17,10,4.938,4.938,5.40869,0,All,#4682B4,0
9,17,10,4.938,4.938,6.05977,0,All,#4682B4,0
10,17,10,4.938,4.938,5.42865,0,All,#4682B4,0
1,17,10.5,5.893,5.893,5.0979,0,All,#4682B4,0
2,17,10.5,5.893,5.893,4.95266,0,All,#4682B4,0
3,17,10.5,5.893,5.893,5.09752,0,All,#4682B4,0
4,17,10.5,5.893,5.893,5.20677,0,All,#4682B4,0
5,17,10.5,5.893,5.893,5.03953,0,All,#4682B4,0
6,17,10.5,5.893,5.893,5.36264,0,All,#4682B4,0
7,17,10.5,5.893,5.893,5.11959,0,All,#4682B4,0
8,17,10.5,5.893,5.893,4.92054,0,All,#4682B4,0
9,17,10.5,5.893,5.893,5.6308,0,All,#4682B4,0
10,17,10.5,5.893,5.893,4.98926,0,All,#4682B4,0
1,17,11,4.112,4.112,4.53778,0,All,#4682B4,0
2,17,11,4.112,4.112,4.46714,0,All,#4682B4,0
3,17,11,4.112,4.112,4.56801,0,All,#4682B4,0
4,17,11,4.112,4.112,4.7771,0,All,#4682B4,0
5,17,11,4.112,4.112,4.58525,0,All,#4682B4,0
6,17,11,4.112,4.112,4.91024,0,All,#4682B4,0
7,17,11,4.112,4.112,4.67956,0,All,#4682B4,0
8,17,11,4.112,4.112,4.46539,0,All,#4682B4,0
9,17,11,4.112,4.112,5.19765,0,All,#4682B4,0
10,17,11,4.112,4.112,4.58928,0,All,#4682B4,0
1,17,11.5,4.53,4.53,3.99456,0,All,#4682B4,0
2,17,11.5,4.53,4.53,4.01636,0,All,#4682B4,0
3,17,11.5,4.53,4.53,4.08045,0,All,#4682B4,0
4,17,11.5,4.53,4.53,4.38892,0,All,#4682B4,0
5,17,11.5,4.53,4.53,4.18522,0,All,#4682B4,0
6,17,11.5,4.53,4.53,4.47874,0,All,#4682B4,0
7,17,11.5,4.53,4.53,4.27924,0,All,#4682B4,0
8,17,11.5,4.53,4.53,4.0472,0,All,#4682B4,0
9,17,11.5,4.53,4.53,4.77722,0,All,#4682B4,0
10,17,11.5,4.53,4.53,4.23333,0,All,#4682B4,0
1,17,12,3.825,3.825,3.47536,0,All,#4682B4,0
2,17,12,3.825,3.825,3.6081,0,All,#4682B4,0
3,17,12,3.825,3.825,3.64335,0,All,#4682B4,0
4,17,12,3.825,3.825,4.05755,0,All,#4682B4,0
5,17,12,3.825,3.825,3.84474,0,All,#4682B4,0
6,17,12,3.825,3.825,4.07191,0,All,#4682B4,0
7,17,12,3.825,3.825,3.92285,0,All,#4682B4,0
8,17,12,3.825,3.825,3.66834,0,All,#4682B4,0
9,17,12,3.825,3.825,4.37668,0,All,#4682B4,0
10,17,12,3.825,3.825,3.91734,0,All,#4682B4,0
1,17,12.5,3,1.7659,2.98337,1,All,#4682B4,0
2,17,12.5,3,2.30557,3.24694,1,All,#4682B4,0
3,17,12.5,3,1.4055,3.25875,1,All,#4682B4,0
4,17,12.5,3,2.41843,3.79035,1,All,#4682B4,0
5,17,12.5,3,2.23024,3.56422,1,All,#4682B4,0
6,17,12.5,3,1.89234,3.68909,1,All,#4682B4,0
7,17,12.5,3,2.60791,3.61291,1,All,#4682B4,0
8,17,12.5,3,2.23989,3.33069,1,All,#4682B4,0
9,17,12.5,3,1.65298,4.0084,1,All,#4682B4,0
10,17,12.5,3,2.20546,3.64181,1,All,#4682B4,0
1,17,13,3,2.20408,2.52264,1,All,#4682B4,0
2,17,13,3,2.81095,2.93585,1,All,#4682B4,0
3,17,13,3,1.64366,2.92807,1,All,#4682B4,0
4,17,13,3,2.38153,3.58732,1,All,#4682B4,0
5,17,13,3,1.86785,3.34152,1,All,#4682B4,0
6,17,13,3,2.77261,3.3331,1,All,#4682B4,0
7,17,13,3,0.903742,3.34945,1,All,#4682B4,0
8,17,13,3,2.85923,3.03509,1,All,#4682B4,0
9,17,13,3,1.98144,3.67222,1,All,#4682B4,0
10,17,13,3,1.68675,3.40485,1,All,#4682B4,0
1,17,13.5,3,0.476343,2.09403,1,All,#4682B4,0
2,17,13.5,3,2.54931,2.67452,1,All,#4682B4,0
3,17,13.5,3,2.38177,2.65062,1,All,#4682B4,0
4,17,13.5,3,2.97129,3.44224,1,All,#4682B4,0
5,17,13.5,3,2.86618,3.16981,1,All,#4682B4,0
6,17,13.5,3,1.97393,3.00423,1,All,#4682B4,0
7,17,13.5,3,2.66251,3.13161,1,All,#4682B4,0
8,17,13.5,3,1.49818,2.78188,1,All,#4682B4,0
9,17,13.5,3,1.63105,3.37886,1,All,#4682B4,0
10,17,13.5,3,2.75576,3.20432,1,All,#4682B4,0
1,17,14,3,1.86127,1.70013,1,All,#4682B4,0
2,17,14,3,2.38505,2.45956,1,All,#4682B4,0
3,17,14,3,2.16918,2.42407,1,All,#4682B4,0
4,17,14,3,2.59499,3.34546,1,All,#4682B4,0
5,17,14,3,1.41104,3.04165,1,All,#4682B4,0
6,17,14,3,0.258867,2.70506,1,All,#4682B4,0
7,17,14,3,1.93341,2.95622,1,All,#4682B4,0
8,17,14,3,1.53092,2.56933,1,All,#4682B4,0
9,17,14,3,2.89973,3.12326,1,All,#4682B4,0
10,17,14,3,2.11084,3.0303,1,All,#4682B4,0
1,17,14.5,4.418,4.418,1.34072,0,All,#4682B4,0
2,17,14.5,4.418,4.418,2.29131,0,All,#4682B4,0
3,17,14.5,4.418,4.418,2.24505,0,All,#4682B4,0
4,17,14.5,4.418,4.418,3.2884,0,All,#4682B4,0
5,17,14.5,4.418,4.418,2.9501,0,All,#4682B4,0
6,17,14.5,4.418,4.418,2.43322,0,All,#4682B4,0
7,17,14.5,4.418,4.418,2.81932,0,All,#4682B4,0
8,17,14.5,4.418,4.418,2.40017,0,All,#4682B4,0
9,17,14.5,4.418,4.418,2.90314,0,All,#4682B4,0
10,17,14.5,4.418,4.418,2.88108,0,All,#4682B4,0
1,17,15,3.109,3.109,1.01572,0,All,#4682B4,0
2,17,15,3.109,3.109,2.16313,0,All,#4682B4,0
3,17,15,3.109,3.109,2.11131,0,All,#4682B4,0
4,17,15,3.109,3.109,3.25675,0,All,#4682B4,0
5,17,15,3.109,3.109,2.88769,0,All,#4682B4,0
6,17,15,3.109,3.109,2.18969,0,All,#4682B4,0
7,17,15,3.109,3.109,2.71667,0,All,#4682B4,0
8,17,15,3.109,3.109,2.26678,0,All,#4682B4,0
9,17,15,3.109,3.109,2.71491,0,All,#4682B4,0
10,17,15,3.109,3.109,2.75129,0,All,#4682B4,0
1,17,15.5,3,0.538647,0.725541,1,All,#4682B4,0
2,17,15.5,3,1.32995,2.07095,1,All,#4682B4,0
3,17,15.5,3,1.16707,2.01197,1,All,#4682B4,0
4,17,15.5,3,2.77008,3.24505,1,All,#4682B4,0
5,17,15.5,3,2.50266,2.84658,1,All,#4682B4,0
6,17,15.5,3,1.46456,1.97357,1,All,#4682B4,0
7,17,15.5,3,2.89776,2.64196,1,All,#4682B4,0
8,17,15.5,3,1.09577,2.16869,1,All,#4682B4,0
9,17,15.5,3,1.91472,2.55565,1,All,#4682B4,0
10,17,15.5,3,2.98473,2.63755,1,All,#4682B4,0
1,18,1,3,1.2806,0,1,All,#4682B4,0
2,18,1,3,1.21566,0,1,All,#4682B4,0
3,18,1,3,0.444545,0,1,All,#4682B4,0
4,18,1,3,0.12569,0,1,All,#4682B4,0
5,18,1,3,0.722493,0,1,All,#4682B4,0
6,18,1,3,0.477795,0,1,All,#4682B4,0
7,18,1,3,1.2743,0,1,All,#4682B4,0
8,18,1,3,0.901059,0,1,All,#4682B4,0
9,18,1,3,0.057488,0,1,All,#4682B4,0
10,18,1,3,0.40459,0,1,All,#4682B4,0
1,18,1.5,3,0.260975,0,1,All,#4682B4,0
2,18,1.5,3,0.27749,0,1,All,#4682B4,0
3,18,1.5,3,0.137541,0,1,All,#4682B4,0
4,18,1.5,3,0.47541,0,1,All,#4682B4,0
5,18,1.5,3,0.483816,0,1,All,#4682B4,0
6,18,1.5,3,0.610924,0,1,All,#4682B4,0
7,18,1.5,3,0.275425,0,1,All,#4682B4,0
8,18,1.5,3,2.05017,0,1,All,#4682B4,0
9,18,1.5,3,1.92685,0,1,All,#4682B4,0
10,18,1.5,3,0.522852,0,1,All,#4682B4,0
1,18,2,3,0.425469,0,1,All,#4682B4,0
2,18,2,3,2.30211,0,1,All,#4682B4,0
3,18,2,3,0.301262,0,1,All,#4682B4,0
4,18,2,3,0.0720718,0,1,All,#4682B4,0
5,18,2,3,0.189091,0,1,All,#4682B4,0
6,18,2,3,0.270069,0,1,All,#4682B4,0
7,18,2,3,0.498592,0,1,All,#4682B4,0
8,18,2,3,0.763012,0,1,All,#4682B4,0
9,18,2,3,0.806474,0,1,All,#4682B4,0
10,18,2,3,1.62524,0,1,All,#4682B4,0
1,18,2.5,3,0.668568,0,1,All,#4682B4,0
2,18,2.5,3,2.42849,2.1979,1,All,#4682B4,0
3,18,2.5,3,1.52572,3.73024,1,All,#4682B4,0
4,18,2.5,3,1.98231,4.29568,1,All,#4682B4,0
5,18,2.5,3,0.0855074,0.240812,1,All,#4682B4,0
6,18,2.5,3,1.19597,2.10144,1,All,#4682B4,0
7,18,2.5,3,2.23306,2.73362,1,All,#4682B4,0
8,18,2.5,3,0.0745389,0,1,All,#4682B4,0
9,18,2.5,3,1.0821,1.57099,1,All,#4682B4,0
10,18,2.5,3,0.989051,0,1,All,#4682B4,0
1,18,3,4.538,4.538,5.50215,0,All,#4682B4,0
2,18,3,4.538,4.538,6.04386,0,All,#4682B4,0
3,18,3,4.538,4.538,6.19961,0,All,#4682B4,0
4,18,3,4.538,4.538,6.2282,0,All,#4682B4,0
5,18,3,4.538,4.538,5.95568,0,All,#4682B4,0
6,18,3,4.538,4.538,6.10056,0,All,#4682B4,0
7,18,3,4.538,4.538,5.98116,0,All,#4682B4,0
8,18,3,4.538,4.538,4.83446,0,All,#4682B4,0
9,18,3,4.538,4.538,6.23457,0,All,#4682B4,0
10,18,3,4.538,4.538,5.38524,0,All,#4682B4,0
1,18,3.5,7.259,7.259,6.91513,0,All,#4682B4,0
2,18,3.5,7.259,7.259,7.30517,0,All,#4682B4,0
3,18,3.5,7.259,7.259,7.07251,0,All,#4682B4,0
4,18,3.5,7.259,7.259,7.17079,0,All,#4682B4,0
5,18,3.5,7.259,7.259,7.4341,0,All,#4682B4,0
6,18,3.5,7.259,7.259,7.2184,0,All,#4682B4,0
7,18,3.5,7.259,7.259,7.00915,0,All,#4682B4,0
8,18,3.5,7.259,7.259,7.42954,0,All,#4682B4,0
9,18,3.5,7.259,7.259,7.31554,0,All,#4682B4,0
10,18,3.5,7.259,7.259,6.73956,0,All,#4682B4,0
1,18,4,7.19,7.19,7.58799,0,All,#4682B4,0
2,18,4,7.19,7.19,7.96722,0,All,#4682B4,0
3,18,4,7.19,7.19,7.52251,0,All,#4682B4,0
4,18,4,7.19,7.19,7.72738,0,All,#4682B4,0
5,18,4,7.19,7.19,8.17605,0,All,#4682B4,0
6,18,4,7.19,7.19,7.76568,0,All,#4682B4,0
7,18,4,7.19,7.19,7.53678,0,All,#4682B4,0
8,18,4,7.19,7.19,8.32581,0,All,#4682B4,0
9,18,4,7.19,7.19,7.83189,0,All,#4682B4,0
10,18,4,7.19,7.19,7.38413,0,All,#4682B4,0
1,18,4.5,8.249,8.249,7.94758,0,All,#4682B4,0
2,18,4.5,8.249,8.249,8.34195,0,All,#4682B4,0
3,18,4.5,8.249,8.249,7.76378,0,All,#4682B4,0
4,18,4.5,8.249,8.249,8.06696,0,All,#4682B4,0
5,18,4.5,8.249,8.249,8.57255,0,All,#4682B4,0
6,18,4.5,8.249,8.249,8.06827,0,All,#4682B4,0
7,18,4.5,8.249,8.249,7.83469,0,All,#4682B4,0
8,18,4.5,8.249,8.249,8.69666,0,All,#4682B4,0
9,18,4.5,8.249,8.249,8.09037,0,All,#4682B4,0
10,18,4.5,8.249,8.249,7.73382,0,All,#4682B4,0
1,18,5,8.735,8.735,8.11901,0,All,#4682B4,0
2,18,5,8.735,8.735,8.50787,0,All,#4682B4,0
3,18,5,8.735,8.735,7.85693,0,All,#4682B4,0
4,18,5,8.735,8.735,8.24411,0,All,#4682B4,0
5,18,5,8.735,8.735,8.68558,0,All,#4682B4,0
6,18,5,8.735,8.735,8.18962,0,All,#4682B4,0
7,18,5,8.735,8.735,7.98391,0,All,#4682B4,0
8,18,5,8.735,8.735,8.70075,0,All,#4682B4,0
9,18,5,8.735,8.735,8.16548,0,All,#4682B4,0
10,18,5,8.735,8.735,7.89622,0,All,#4682B4,0
1,18,5.5,8.447,8.447,8.14153,0,All,#4682B4,0
2,18,5.5,8.447,8.447,8.49677,0,All,#4682B4,0
3,18,5.5,8.447,8.447,7.82496,0,All,#4682B4,0
4,18,5.5,8.447,8.447,8.27332,0,All,#4682B4,0
5,18,5.5,8.447,8.447,8.54979,0,All,#4682B4,0
6,18,5.5,8.447,8.447,8.16008,0,All,#4682B4,0
7,18,5.5,8.447,8.447,8.01255,0,All,#4682B4,0
8,18,5.5,8.447,8.447,8.46735,0,All,#4682B4,0
9,18,5.5,8.447,8.447,8.08647,0,All,#4682B4,0
10,18,5.5,8.447,8.447,7.90263,0,All,#4682B4,0
1,18,6,9.541,9.541,8.03002,0,All,#4682B4,0
2,18,6,9.541,9.541,8.32299,0,All,#4682B4,0
3,18,6,9.541,9.541,7.68391,0,All,#4682B4,0
4,18,6,9.541,9.541,8.16422,0,All,#4682B4,0
5,18,6,9.541,9.541,8.23463,0,All,#4682B4,0
6,18,6,9.541,9.541,7.99303,0,All,#4682B4,0
7,18,6,9.541,9.541,7.92763,0,All,#4682B4,0
8,18,6,9.541,9.541,8.10909,0,All,#4682B4,0
9,18,6,9.541,9.541,7.8838,0,All,#4682B4,0
10,18,6,9.541,9.541,7.77093,0,All,#4682B4,0
1,18,6.5,8.766,8.766,7.79841,0,All,#4682B4,0
2,18,6.5,8.766,8.766,8.01832,0,All,#4682B4,0
3,18,6.5,8.766,8.766,7.45862,0,All,#4682B4,0
4,18,6.5,8.766,8.766,7.93574,0,All,#4682B4,0
5,18,6.5,8.766,8.766,7.81133,0,All,#4682B4,0
6,18,6.5,8.766,8.766,7.70235,0,All,#4682B4,0
7,18,6.5,8.766,8.766,7.74304,0,All,#4682B4,0
8,18,6.5,8.766,8.766,7.68018,0,All,#4682B4,0
9,18,6.5,8.766,8.766,7.59306,0,All,#4682B4,0
10,18,6.5,8.766,8.766,7.52664,0,All,#4682B4,0
1,18,7,8.696,8.696,7.46545,0,All,#4682B4,0
2,18,7,8.696,8.696,7.62069,0,All,#4682B4,0
3,18,7,8.696,8.696,7.17132,0,All,#4682B4,0
4,18,7,8.696,8.696,7.61386,0,All,#4682B4,0
5,18,7,8.696,8.696,7.32517,0,All,#4682B4,0
6,18,7,8.696,8.696,7.30604,0,All,#4682B4,0
7,18,7,8.696,8.696,7.47256,0,All,#4682B4,0
8,18,7,8.696,8.696,7.19653,0,All,#4682B4,0
9,18,7,8.696,8.696,7.2411,0,All,#4682B4,0
10,18,7,8.696,8.696,7.1981,0,All,#4682B4,0
1,18,7.5,6.594,6.594,7.05327,0,All,#4682B4,0
2,18,7.5,6.594,6.594,7.15844,0,All,#4682B4,0
3,18,7.5,6.594,6.594,6.83825,0,All,#4682B4,0
4,18,7.5,6.594,6.594,7.22835,0,All,#4682B4,0
5,18,7.5,6.594,6.594,6.79936,0,All,#4682B4,0
6,18,7.5,6.594,6.594,6.82616,0,All,#4682B4,0
7,18,7.5,6.594,6.594,7.12605,0,All,#4682B4,0
8,18,7.5,6.594,6.594,6.6609,0,All,#4682B4,0
9,18,7.5,6.594,6.594,6.84375,0,All,#4682B4,0
10,18,7.5,6.594,6.594,6.80917,0,All,#4682B4,0
1,18,8,6.311,6.311,6.5853,0,All,#4682B4,0
2,18,8,6.311,6.311,6.65027,0,All,#4682B4,0
3,18,8,6.311,6.311,6.46957,0,All,#4682B4,0
4,18,8,6.311,6.311,6.80382,0,All,#4682B4,0
5,18,8,6.311,6.311,6.24798,0,All,#4682B4,0
6,18,8,6.311,6.311,6.28627,0,All,#4682B4,0
7,18,8,6.311,6.311,6.71498,0,All,#4682B4,0
8,18,8,6.311,6.311,6.07322,0,All,#4682B4,0
9,18,8,6.311,6.311,6.40889,0,All,#4682B4,0
10,18,8,6.311,6.311,6.37445,0,All,#4682B4,0
1,18,8.5,5.311,5.311,6.08283,0,All,#4682B4,0
2,18,8.5,5.311,5.311,6.11036,0,All,#4682B4,0
3,18,8.5,5.311,5.311,6.07203,0,All,#4682B4,0
4,18,8.5,5.311,5.311,6.35414,0,All,#4682B4,0
5,18,8.5,5.311,5.311,5.68431,0,All,#4682B4,0
6,18,8.5,5.311,5.311,5.71,0,All,#4682B4,0
7,18,8.5,5.311,5.311,6.25073,0,All,#4682B4,0
8,18,8.5,5.311,5.311,5.43774,0,All,#4682B4,0
9,18,8.5,5.311,5.311,5.9403,0,All,#4682B4,0
10,18,8.5,5.311,5.311,5.90342,0,All,#4682B4,0
1,18,9,6.043,6.043,5.56735,0,All,#4682B4,0
2,18,9,6.043,6.043,5.55342,0,All,#4682B4,0
3,18,9,6.043,6.043,5.65086,0,All,#4682B4,0
4,18,9,6.043,6.043,5.88822,0,All,#4682B4,0
5,18,9,6.043,6.043,5.12892,0,All,#4682B4,0
6,18,9,6.043,6.043,5.12695,0,All,#4682B4,0
7,18,9,6.043,6.043,5.745,0,All,#4682B4,0
8,18,9,6.043,6.043,4.76306,0,All,#4682B4,0
9,18,9,6.043,6.043,5.44065,0,All,#4682B4,0
10,18,9,6.043,6.043,5.40389,0,All,#4682B4,0
1,18,9.5,4.987,4.987,5.05453,0,All,#4682B4,0
2,18,9.5,4.987,4.987,4.99883,0,All,#4682B4,0
3,18,9.5,4.987,4.987,5.21177,0,All,#4682B4,0
4,18,9.5,4.987,4.987,5.41867,0,All,#4682B4,0
5,18,9.5,4.987,4.987,4.61062,0,All,#4682B4,0
6,18,9.5,4.987,4.987,4.57337,0,All,#4682B4,0
7,18,9.5,4.987,4.987,5.21036,0,All,#4682B4,0
8,18,9.5,4.987,4.987,4.09498,0,All,#4682B4,0
9,18,9.5,4.987,4.987,4.91441,0,All,#4682B4,0
10,18,9.5,4.987,4.987,4.88536,0,All,#4682B4,0
1,18,10,4.696,4.696,4.5681,0,All,#4682B4,0
2,18,10,4.696,4.696,4.47653,0,All,#4682B4,0
3,18,10,4.696,4.696,4.76396,0,All,#4682B4,0
4,18,10,4.696,4.696,4.96047,0,All,#4682B4,0
5,18,10,4.696,4.696,4.16029,0,All,#4682B4,0
6,18,10,4.696,4.696,4.06581,0,All,#4682B4,0
7,18,10,4.696,4.696,4.67078,0,All,#4682B4,0
8,18,10,4.696,4.696,3.50907,0,All,#4682B4,0
9,18,10,4.696,4.696,4.37207,0,All,#4682B4,0
10,18,10,4.696,4.696,4.36296,0,All,#4682B4,0
1,18,10.5,4.579,4.579,4.12777,0,All,#4682B4,0
2,18,10.5,4.579,4.579,4.0184,0,All,#4682B4,0
3,18,10.5,4.579,4.579,4.32335,0,All,#4682B4,0
4,18,10.5,4.579,4.579,4.53178,0,All,#4682B4,0
5,18,10.5,4.579,4.579,3.79938,0,All,#4682B4,0
6,18,10.5,4.579,4.579,3.61611,0,All,#4682B4,0
7,18,10.5,4.579,4.579,4.1627,0,All,#4682B4,0
8,18,10.5,4.579,4.579,3.06938,0,All,#4682B4,0
9,18,10.5,4.579,4.579,3.83629,0,All,#4682B4,0
10,18,10.5,4.579,4.579,3.86371,0,All,#4682B4,0
1,18,11,3.749,3.749,3.74592,0,All,#4682B4,0
2,18,11,3.749,3.749,3.64821,0,All,#4682B4,0
3,18,11,3.749,3.749,3.91452,0,All,#4682B4,0
4,18,11,3.749,3.749,4.14991,0,All,#4682B4,0
5,18,11,3.749,3.749,3.53224,0,All,#4682B4,0
6,18,11,3.749,3.749,3.23897,0,All,#4682B4,0
7,18,11,3.749,3.749,3.72101,0,All,#4682B4,0
8,18,11,3.749,3.749,2.77826,0,All,#4682B4,0
9,18,11,3.749,3.749,3.34739,0,All,#4682B4,0
10,18,11,3.749,3.749,3.42175,0,All,#4682B4,0
1,18,11.5,4.262,4.262,3.4299,0,All,#4682B4,0
2,18,11.5,4.262,4.262,3.37218,0,All,#4682B4,0
3,18,11.5,4.262,4.262,3.5661,0,All,#4682B4,0
4,18,11.5,4.262,4.262,3.82917,0,All,#4682B4,0
5,18,11.5,4.262,4.262,3.35,0,All,#4682B4,0
6,18,11.5,4.262,4.262,2.93053,0,All,#4682B4,0
7,18,11.5,4.262,4.262,3.36496,0,All,#4682B4,0
8,18,11.5,4.262,4.262,2.60065,0,All,#4682B4,0
9,18,11.5,4.262,4.262,2.95115,0,All,#4682B4,0
10,18,11.5,4.262,4.262,3.06657,0,All,#4682B4,0
1,18,12,3.306,3.306,3.17475,0,All,#4682B4,0
2,18,12,3.306,3.306,3.18206,0,All,#4682B4,0
3,18,12,3.306,3.306,3.29809,0,All,#4682B4,0
4,18,12,3.306,3.306,3.57459,0,All,#4682B4,0
5,18,12,3.306,3.306,3.2374,0,All,#4682B4,0
6,18,12,3.306,3.306,2.68292,0,All,#4682B4,0
7,18,12,3.306,3.306,3.09505,0,All,#4682B4,0
8,18,12,3.306,3.306,2.50152,0,All,#4682B4,0
9,18,12,3.306,3.306,2.66906,0,All,#4682B4,0
10,18,12,3.306,3.306,2.80771,0,All,#4682B4,0
1,18,12.5,3,2.81479,2.97655,1,All,#4682B4,0
2,18,12.5,3,2.33633,3.06258,1,All,#4682B4,0
3,18,12.5,3,2.5213,3.11258,1,All,#4682B4,0
4,18,12.5,3,1.43155,3.38499,1,All,#4682B4,0
5,18,12.5,3,2.58004,3.1781,1,All,#4682B4,0
6,18,12.5,3,1.99598,2.48708,1,All,#4682B4,0
7,18,12.5,3,2.58021,2.89916,1,All,#4682B4,0
8,18,12.5,3,2.75596,2.45158,1,All,#4682B4,0
9,18,12.5,3,1.35521,2.49038,1,All,#4682B4,0
10,18,12.5,3,2.98423,2.63625,1,All,#4682B4,0
1,18,13,3,2.76576,2.82324,1,All,#4682B4,0
2,18,13,3,2.41331,2.99661,1,All,#4682B4,0
3,18,13,3,2.84868,2.99737,1,All,#4682B4,0
4,18,13,3,1.10619,3.25509,1,All,#4682B4,0
5,18,13,3,2.27762,3.1604,1,All,#4682B4,0
6,18,13,3,1.63141,2.33182,1,All,#4682B4,0
7,18,13,3,2.38631,2.76113,1,All,#4682B4,0
8,18,13,3,2.1901,2.42983,1,All,#4682B4,0
9,18,13,3,1.79176,2.38916,1,All,#4682B4,0
10,18,13,3,2.24136,2.53366,1,All,#4682B4,0
1,18,13.5,3,1.89265,2.70851,1,All,#4682B4,0
2,18,13.5,3,2.5976,2.96709,1,All,#4682B4,0
3,18,13.5,3,2.3959,2.93462,1,All,#4682B4,0
4,18,13.5,3,2.63557,3.17535,1,All,#4682B4,0
5,18,13.5,3,1.5606,3.16694,1,All,#4682B4,0
6,18,13.5,3,1.8706,2.20664,1,All,#4682B4,0
7,18,13.5,3,2.28383,2.66471,1,All,#4682B4,0
8,18,13.5,3,1.86096,2.42593,1,All,#4682B4,0
9,18,13.5,3,2.45014,2.33979,1,All,#4682B4,0
10,18,13.5,3,1.96499,2.4805,1,All,#4682B4,0
1,18,14,3,2.84621,2.62316,1,All,#4682B4,0
2,18,14,3,2.0203,2.96884,1,All,#4682B4,0
3,18,14,3,1.98942,2.90763,1,All,#4682B4,0
4,18,14,3,2.62395,3.1357,1,All,#4682B4,0
5,18,14,3,2.37335,3.19133,1,All,#4682B4,0
6,18,14,3,2.43933,2.10371,1,All,#4682B4,0
7,18,14,3,2.56038,2.59676,1,All,#4682B4,0
8,18,14,3,2.34407,2.42756,1,All,#4682B4,0
9,18,14,3,2.77519,2.32241,1,All,#4682B4,0
10,18,14,3,1.83826,2.46037,1,All,#4682B4,0
1,18,14.5,3,1.45333,2.55915,1,All,#4682B4,0
2,18,14.5,3,2.51188,2.98694,1,All,#4682B4,0
3,18,14.5,3,2.40927,2.90349,1,All,#4682B4,0
4,18,14.5,3,2.62589,3.12656,1,All,#4682B4,0
5,18,14.5,3,2.65179,3.22741,1,All,#4682B4,0
6,18,14.5,3,1.86876,2.01784,1,All,#4682B4,0
7,18,14.5,3,0.857412,2.5473,1,All,#4682B4,0
8,18,14.5,3,1.76144,2.43422,1,All,#4682B4,0
9,18,14.5,3,1.5318,2.32446,1,All,#4682B4,0
10,18,14.5,3,2.79205,2.46098,1,All,#4682B4,0
1,18,15,3,0.796128,2.51132,1,All,#4682B4,0
2,18,15,3,1.55808,3.01543,1,All,#4682B4,0
3,18,15,3,2.71728,2.91406,1,All,#4682B4,0
4,18,15,3,2.60908,3.13987,1,All,#4682B4,0
5,18,15,3,2.95195,3.26981,1,All,#4682B4,0
6,18,15,3,0.916817,1.94159,1,All,#4682B4,0
7,18,15,3,2.57937,2.50481,1,All,#4682B4,0
8,18,15,3,2.60879,2.43936,1,All,#4682B4,0
9,18,15,3,0.906291,2.33621,1,All,#4682B4,0
10,18,15,3,2.9194,2.47398,1,All,#4682B4,0
