rep,ID,time,y2,y2_simBlq_simulated,indivPredSimulated,censored,split,color,filter
1,7,1,1.27,3.09409e-16,0,1,All,#4682B4,0
2,7,1,1.27,2.48077e-16,0,1,All,#4682B4,0
3,7,1,1.27,2.57655e-17,0,1,All,#4682B4,0
4,7,1,1.27,2.20475e-16,0,1,All,#4682B4,0
5,7,1,1.27,2.38573e-16,0,1,All,#4682B4,0
6,7,1,1.27,3.2648e-17,0,1,All,#4682B4,0
7,7,1,1.27,1.58738e-16,0,1,All,#4682B4,0
8,7,1,1.27,1.84159e-16,0,1,All,#4682B4,0
9,7,1,1.27,1.51783e-16,0,1,All,#4682B4,0
10,7,1,1.27,1.5587e-16,0,1,All,#4682B4,0
1,7,1.5,1.27,2.56823e-16,0,1,All,#4682B4,0
2,7,1.5,1.27,9.99832e-18,0,1,All,#4682B4,0
3,7,1.5,1.27,8.88892e-18,0,1,All,#4682B4,0
4,7,1.5,1.27,2.42611e-16,0,1,All,#4682B4,0
5,7,1.5,1.27,2.55309e-16,0,1,All,#4682B4,0
6,7,1.5,1.27,8.716e-17,0,1,All,#4682B4,0
7,7,1.5,1.27,7.31876e-17,0,1,All,#4682B4,0
8,7,1.5,1.27,9.74422e-17,0,1,All,#4682B4,0
9,7,1.5,1.27,1.15258e-16,0,1,All,#4682B4,0
10,7,1.5,1.27,1.89897e-16,0,1,All,#4682B4,0
1,7,2,1.27,1.25161e-16,0,1,All,#4682B4,0
2,7,2,1.27,2.56336e-17,0,1,All,#4682B4,0
3,7,2,1.27,8.56349e-17,0,1,All,#4682B4,0
4,7,2,1.27,1.52633e-16,0,1,All,#4682B4,0
5,7,2,1.27,1.18565e-16,0,1,All,#4682B4,0
6,7,2,1.27,1.22664e-16,0,1,All,#4682B4,0
7,7,2,1.27,3.8529e-16,0,1,All,#4682B4,0
8,7,2,1.27,9.50574e-17,0,1,All,#4682B4,0
9,7,2,1.27,1.20564e-16,0,1,All,#4682B4,0
10,7,2,1.27,3.84331e-16,0,1,All,#4682B4,0
1,7,2.5,1.27,2.28558e-16,0,1,All,#4682B4,0
2,7,2.5,1.27,1.94114e-16,0,1,All,#4682B4,0
3,7,2.5,1.27,3.20981e-17,0,1,All,#4682B4,0
4,7,2.5,1.27,2.14481e-16,0,1,All,#4682B4,0
5,7,2.5,1.27,3.59522e-17,0,1,All,#4682B4,0
6,7,2.5,1.27,4.27781e-16,0,1,All,#4682B4,0
7,7,2.5,1.27,8.84295e-17,0,1,All,#4682B4,0
8,7,2.5,1.27,9.52081e-17,0,1,All,#4682B4,0
9,7,2.5,1.27,3.31474e-16,0,1,All,#4682B4,0
10,7,2.5,1.27,2.10605e-16,0,1,All,#4682B4,0
1,7,3,1.27,2.30951e-16,0,1,All,#4682B4,0
2,7,3,1.27,1.77108e-16,0,1,All,#4682B4,0
3,7,3,1.27,1.39104e-18,0,1,All,#4682B4,0
4,7,3,1.27,1.29997e-16,0,1,All,#4682B4,0
5,7,3,1.27,1.66899e-17,0,1,All,#4682B4,0
6,7,3,1.27,2.07192e-16,0,1,All,#4682B4,0
7,7,3,1.27,1.75802e-17,0,1,All,#4682B4,0
8,7,3,1.27,3.42487e-17,0,1,All,#4682B4,0
9,7,3,1.27,9.56673e-17,0,1,All,#4682B4,0
10,7,3,1.27,1.77964e-16,0,1,All,#4682B4,0
1,7,3.5,1.27,1.39937e-16,0,1,All,#4682B4,0
2,7,3.5,1.27,2.26291e-16,0,1,All,#4682B4,0
3,7,3.5,1.27,1.52523e-16,0,1,All,#4682B4,0
4,7,3.5,1.27,8.52981e-18,0,1,All,#4682B4,0
5,7,3.5,1.27,1.97779e-16,0,1,All,#4682B4,0
6,7,3.5,1.27,2.97287e-16,0,1,All,#4682B4,0
7,7,3.5,1.27,5.05223e-16,0,1,All,#4682B4,0
8,7,3.5,1.27,2.79364e-16,0,1,All,#4682B4,0
9,7,3.5,1.27,4.82882e-17,0,1,All,#4682B4,0
10,7,3.5,1.27,5.54123e-17,0,1,All,#4682B4,0
1,7,4,1.27,9.90213e-17,0,1,All,#4682B4,0
2,7,4,1.27,1.17061e-16,0,1,All,#4682B4,0
3,7,4,1.27,4.68913e-16,0,1,All,#4682B4,0
4,7,4,1.27,2.25982e-17,0,1,All,#4682B4,0
5,7,4,1.27,1.54881e-16,0,1,All,#4682B4,0
6,7,4,1.27,5.98674e-16,0,1,All,#4682B4,0
7,7,4,1.27,2.66993e-16,0,1,All,#4682B4,0
8,7,4,1.27,7.20983e-16,0,1,All,#4682B4,0
9,7,4,1.27,2.28266e-16,0,1,All,#4682B4,0
10,7,4,1.27,3.8473e-16,0,1,All,#4682B4,0
1,7,4.5,1.27,0.650933,0.807764,1,All,#4682B4,0
2,7,4.5,1.27,0.429945,0.580436,1,All,#4682B4,0
3,7,4.5,1.27,0.269045,0.38338,1,All,#4682B4,0
4,7,4.5,1.27,0.247764,0.286212,1,All,#4682B4,0
5,7,4.5,1.27,0.0431641,0.0445485,1,All,#4682B4,0
6,7,4.5,1.27,0.288701,0.384819,1,All,#4682B4,0
7,7,4.5,1.27,0.539454,0.605068,1,All,#4682B4,0
8,7,4.5,1.27,0.322776,0.280062,1,All,#4682B4,0
9,7,4.5,1.27,0.905706,0.750328,1,All,#4682B4,0
10,7,4.5,1.27,0.364021,0.463569,1,All,#4682B4,0
1,7,5,1.27,1.22802,1.74862,1,All,#4682B4,0
2,7,5,1.27,0.906972,1.39845,1,All,#4682B4,0
3,7,5,1.27,1.13657,1.10742,1,All,#4682B4,0
4,7,5,1.27,1.07619,1.25023,1,All,#4682B4,0
5,7,5,1.27,1.0386,0.945335,1,All,#4682B4,0
6,7,5,1.27,0.953831,1.36019,1,All,#4682B4,0
7,7,5,1.27,1.26487,1.4693,1,All,#4682B4,0
8,7,5,1.27,1.19736,1.20196,1,All,#4682B4,0
9,7,5,1.27,0.621361,1.63157,1,All,#4682B4,0
10,7,5,1.27,0.549892,1.48796,1,All,#4682B4,0
1,7,5.5,2.76,2.76,2.58372,0,All,#4682B4,0
2,7,5.5,2.76,2.76,2.08762,0,All,#4682B4,0
3,7,5.5,2.76,2.76,1.73936,0,All,#4682B4,0
4,7,5.5,2.76,2.76,2.24227,0,All,#4682B4,0
5,7,5.5,2.76,2.76,1.70183,0,All,#4682B4,0
6,7,5.5,2.76,2.76,2.26743,0,All,#4682B4,0
7,7,5.5,2.76,2.76,2.13127,0,All,#4682B4,0
8,7,5.5,2.76,2.76,2.08911,0,All,#4682B4,0
9,7,5.5,2.76,2.76,2.4614,0,All,#4682B4,0
10,7,5.5,2.76,2.76,2.47727,0,All,#4682B4,0
1,7,6,3.67,3.67,3.12037,0,All,#4682B4,0
2,7,6,3.67,3.67,2.57631,0,All,#4682B4,0
3,7,6,3.67,3.67,2.27,0,All,#4682B4,0
4,7,6,3.67,3.67,3.23734,0,All,#4682B4,0
5,7,6,3.67,3.67,2.26935,0,All,#4682B4,0
6,7,6,3.67,3.67,3.0575,0,All,#4682B4,0
7,7,6,3.67,3.67,2.52479,0,All,#4682B4,0
8,7,6,3.67,3.67,2.88618,0,All,#4682B4,0
9,7,6,3.67,3.67,3.18065,0,All,#4682B4,0
10,7,6,3.67,3.67,3.29452,0,All,#4682B4,0
1,7,6.5,2.88,2.88,3.24803,0,All,#4682B4,0
2,7,6.5,2.88,2.88,2.76972,0,All,#4682B4,0
3,7,6.5,2.88,2.88,2.64548,0,All,#4682B4,0
4,7,6.5,2.88,2.88,4.03408,0,All,#4682B4,0
5,7,6.5,2.88,2.88,2.55259,0,All,#4682B4,0
6,7,6.5,2.88,2.88,3.517,0,All,#4682B4,0
7,7,6.5,2.88,2.88,2.64957,0,All,#4682B4,0
8,7,6.5,2.88,2.88,3.3829,0,All,#4682B4,0
9,7,6.5,2.88,2.88,3.59151,0,All,#4682B4,0
10,7,6.5,2.88,2.88,3.58611,0,All,#4682B4,0
1,7,7,2.18,2.18,3.14989,0,All,#4682B4,0
2,7,7,2.18,2.18,2.75505,0,All,#4682B4,0
3,7,7,2.18,2.18,2.79415,0,All,#4682B4,0
4,7,7,2.18,2.18,4.19614,0,All,#4682B4,0
5,7,7,2.18,2.18,2.59179,0,All,#4682B4,0
6,7,7,2.18,2.18,3.50592,0,All,#4682B4,0
7,7,7,2.18,2.18,2.61186,0,All,#4682B4,0
8,7,7,2.18,2.18,3.43796,0,All,#4682B4,0
9,7,7,2.18,2.18,3.58947,0,All,#4682B4,0
10,7,7,2.18,2.18,3.46317,0,All,#4682B4,0
1,7,7.5,3.67,3.67,2.95714,0,All,#4682B4,0
2,7,7.5,3.67,3.67,2.65475,0,All,#4682B4,0
3,7,7.5,3.67,3.67,2.74224,0,All,#4682B4,0
4,7,7.5,3.67,3.67,3.93742,0,All,#4682B4,0
5,7,7.5,3.67,3.67,2.50152,0,All,#4682B4,0
6,7,7.5,3.67,3.67,3.27251,0,All,#4682B4,0
7,7,7.5,3.67,3.67,2.50035,0,All,#4682B4,0
8,7,7.5,3.67,3.67,3.23667,0,All,#4682B4,0
9,7,7.5,3.67,3.67,3.37783,0,All,#4682B4,0
10,7,7.5,3.67,3.67,3.20661,0,All,#4682B4,0
1,7,8,2.12,2.12,2.727,0,All,#4682B4,0
2,7,8,2.12,2.12,2.5213,0,All,#4682B4,0
3,7,8,2.12,2.12,2.58963,0,All,#4682B4,0
4,7,8,2.12,2.12,3.5713,0,All,#4682B4,0
5,7,8,2.12,2.12,2.35396,0,All,#4682B4,0
6,7,8,2.12,2.12,2.98012,0,All,#4682B4,0
7,7,8,2.12,2.12,2.35856,0,All,#4682B4,0
8,7,8,2.12,2.12,2.93434,0,All,#4682B4,0
9,7,8,2.12,2.12,3.09745,0,All,#4682B4,0
10,7,8,2.12,2.12,2.91013,0,All,#4682B4,0
1,7,8.5,1.88,1.88,2.48686,0,All,#4682B4,0
2,7,8.5,1.88,1.88,2.37619,0,All,#4682B4,0
3,7,8.5,1.88,1.88,2.40248,0,All,#4682B4,0
4,7,8.5,1.88,1.88,3.18364,0,All,#4682B4,0
5,7,8.5,1.88,1.88,2.18618,0,All,#4682B4,0
6,7,8.5,1.88,1.88,2.68079,0,All,#4682B4,0
7,7,8.5,1.88,1.88,2.20901,0,All,#4682B4,0
8,7,8.5,1.88,1.88,2.59947,0,All,#4682B4,0
9,7,8.5,1.88,1.88,2.80107,0,All,#4682B4,0
10,7,8.5,1.88,1.88,2.60652,0,All,#4682B4,0
1,7,9,1.27,0.262601,2.24185,1,All,#4682B4,0
2,7,9,1.27,1.08754,2.23003,1,All,#4682B4,0
3,7,9,1.27,1.06895,2.21036,1,All,#4682B4,0
4,7,9,1.27,1.1961,2.7973,1,All,#4682B4,0
5,7,9,1.27,0.517256,2.01757,1,All,#4682B4,0
6,7,9,1.27,0.585799,2.3936,1,All,#4682B4,0
7,7,9,1.27,1.18919,2.06404,1,All,#4682B4,0
8,7,9,1.27,0.526611,2.2641,1,All,#4682B4,0
9,7,9,1.27,0.814665,2.51113,1,All,#4682B4,0
10,7,9,1.27,1.19801,2.3123,1,All,#4682B4,0
1,7,9.5,3.21,3.21,1.96677,0,All,#4682B4,0
2,7,9.5,3.21,3.21,2.06177,0,All,#4682B4,0
3,7,9.5,3.21,3.21,2.028,0,All,#4682B4,0
4,7,9.5,3.21,3.21,2.42117,0,All,#4682B4,0
5,7,9.5,3.21,3.21,1.8602,0,All,#4682B4,0
6,7,9.5,3.21,3.21,2.1271,0,All,#4682B4,0
7,7,9.5,3.21,3.21,1.93032,0,All,#4682B4,0
8,7,9.5,3.21,3.21,1.94267,0,All,#4682B4,0
9,7,9.5,3.21,3.21,2.23823,0,All,#4682B4,0
10,7,9.5,3.21,3.21,2.03325,0,All,#4682B4,0
1,7,10,2.14,2.14,1.66555,0,All,#4682B4,0
2,7,10,2.14,2.14,1.83957,0,All,#4682B4,0
3,7,10,2.14,2.14,1.85372,0,All,#4682B4,0
4,7,10,2.14,2.14,2.04517,0,All,#4682B4,0
5,7,10,2.14,2.14,1.72005,0,All,#4682B4,0
6,7,10,2.14,2.14,1.88614,0,All,#4682B4,0
7,7,10,2.14,2.14,1.75646,0,All,#4682B4,0
8,7,10,2.14,2.14,1.64193,0,All,#4682B4,0
9,7,10,2.14,2.14,1.98776,0,All,#4682B4,0
10,7,10,2.14,2.14,1.77522,0,All,#4682B4,0
1,7,10.5,1.67,1.67,1.34272,0,All,#4682B4,0
2,7,10.5,1.67,1.67,1.56148,0,All,#4682B4,0
3,7,10.5,1.67,1.67,1.61288,0,All,#4682B4,0
4,7,10.5,1.67,1.67,1.64926,0,All,#4682B4,0
5,7,10.5,1.67,1.67,1.59716,0,All,#4682B4,0
6,7,10.5,1.67,1.67,1.63284,0,All,#4682B4,0
7,7,10.5,1.67,1.67,1.48106,0,All,#4682B4,0
8,7,10.5,1.67,1.67,1.36505,0,All,#4682B4,0
9,7,10.5,1.67,1.67,1.76267,0,All,#4682B4,0
10,7,10.5,1.67,1.67,1.54052,0,All,#4682B4,0
1,7,11,1.27,0.535023,1.00653,1,All,#4682B4,0
2,7,11,1.27,1.22361,1.22723,1,All,#4682B4,0
3,7,11,1.27,0.941536,1.29302,1,All,#4682B4,0
4,7,11,1.27,1.23813,1.24061,1,All,#4682B4,0
5,7,11,1.27,1.16253,1.40384,1,All,#4682B4,0
6,7,11,1.27,1.08019,1.31042,1,All,#4682B4,0
7,7,11,1.27,0.757797,1.10701,1,All,#4682B4,0
8,7,11,1.27,1.08638,1.1138,1,All,#4682B4,0
9,7,11,1.27,0.684909,1.55173,1,All,#4682B4,0
10,7,11,1.27,1.14555,1.32899,1,All,#4682B4,0
1,7,11.5,1.27,0.790084,0.653397,1,All,#4682B4,0
2,7,11.5,1.27,0.881905,0.84131,1,All,#4682B4,0
3,7,11.5,1.27,0.481084,0.903271,1,All,#4682B4,0
4,7,11.5,1.27,0.954037,0.81743,1,All,#4682B4,0
5,7,11.5,1.27,0.725263,1.06699,1,All,#4682B4,0
6,7,11.5,1.27,0.62325,0.928049,1,All,#4682B4,0
7,7,11.5,1.27,0.738804,0.651992,1,All,#4682B4,0
8,7,11.5,1.27,0.910035,0.889654,1,All,#4682B4,0
9,7,11.5,1.27,1.1858,1.23926,1,All,#4682B4,0
10,7,11.5,1.27,0.782827,1.0822,1,All,#4682B4,0
1,7,12,1.27,0.395403,0.289355,1,All,#4682B4,0
2,7,12,1.27,0.302333,0.408759,1,All,#4682B4,0
3,7,12,1.27,0.460893,0.455863,1,All,#4682B4,0
4,7,12,1.27,0.467611,0.382055,1,All,#4682B4,0
5,7,12,1.27,1.01291,0.598825,1,All,#4682B4,0
6,7,12,1.27,0.441228,0.488868,1,All,#4682B4,0
7,7,12,1.27,0.157122,0.135431,1,All,#4682B4,0
8,7,12,1.27,0.722179,0.684624,1,All,#4682B4,0
9,7,12,1.27,0.590691,0.812366,1,All,#4682B4,0
10,7,12,1.27,0.874498,0.747558,1,All,#4682B4,0
1,7,12.5,1.27,2.79083e-17,0,1,All,#4682B4,0
2,7,12.5,1.27,2.02614e-16,0,1,All,#4682B4,0
3,7,12.5,1.27,1.78036e-16,0,1,All,#4682B4,0
4,7,12.5,1.27,9.86184e-18,0,1,All,#4682B4,0
5,7,12.5,1.27,0.025836,0.0284251,1,All,#4682B4,0
6,7,12.5,1.27,0.00259225,0.00171312,1,All,#4682B4,0
7,7,12.5,1.27,1.01599e-17,0,1,All,#4682B4,0
8,7,12.5,1.27,0.244975,0.34514,1,All,#4682B4,0
9,7,12.5,1.27,0.330541,0.280121,1,All,#4682B4,0
10,7,12.5,1.27,0.215878,0.331914,1,All,#4682B4,0
1,7,13,1.27,1.07277e-16,0,1,All,#4682B4,0
2,7,13,1.27,2.81431e-16,0,1,All,#4682B4,0
3,7,13,1.27,5.98004e-17,0,1,All,#4682B4,0
4,7,13,1.27,8.22692e-18,0,1,All,#4682B4,0
5,7,13,1.27,4.61694e-16,0,1,All,#4682B4,0
6,7,13,1.27,4.01195e-17,0,1,All,#4682B4,0
7,7,13,1.27,8.04529e-17,0,1,All,#4682B4,0
8,7,13,1.27,2.01281e-16,0,1,All,#4682B4,0
9,7,13,1.27,1.65482e-16,0,1,All,#4682B4,0
10,7,13,1.27,4.29539e-17,0,1,All,#4682B4,0
1,7,13.5,1.27,3.36354e-16,0,1,All,#4682B4,0
2,7,13.5,1.27,7.91721e-17,0,1,All,#4682B4,0
3,7,13.5,1.27,6.47669e-17,0,1,All,#4682B4,0
4,7,13.5,1.27,2.06411e-16,0,1,All,#4682B4,0
5,7,13.5,1.27,1.26116e-16,0,1,All,#4682B4,0
6,7,13.5,1.27,3.71507e-16,0,1,All,#4682B4,0
7,7,13.5,1.27,3.78508e-16,0,1,All,#4682B4,0
8,7,13.5,1.27,4.63329e-16,0,1,All,#4682B4,0
9,7,13.5,1.27,2.1766e-16,0,1,All,#4682B4,0
10,7,13.5,1.27,6.79499e-17,0,1,All,#4682B4,0
1,7,14,1.27,3.10996e-16,0,1,All,#4682B4,0
2,7,14,1.27,5.50109e-17,0,1,All,#4682B4,0
3,7,14,1.27,1.00657e-16,0,1,All,#4682B4,0
4,7,14,1.27,8.99737e-17,0,1,All,#4682B4,0
5,7,14,1.27,3.67792e-16,0,1,All,#4682B4,0
6,7,14,1.27,3.67064e-16,0,1,All,#4682B4,0
7,7,14,1.27,6.77882e-17,0,1,All,#4682B4,0
8,7,14,1.27,1.72503e-16,0,1,All,#4682B4,0
9,7,14,1.27,4.96637e-17,0,1,All,#4682B4,0
10,7,14,1.27,8.60964e-17,0,1,All,#4682B4,0
1,7,14.5,1.27,1.2456e-16,0,1,All,#4682B4,0
2,7,14.5,1.27,1.14746e-16,0,1,All,#4682B4,0
3,7,14.5,1.27,1.75243e-16,0,1,All,#4682B4,0
4,7,14.5,1.27,6.64564e-17,0,1,All,#4682B4,0
5,7,14.5,1.27,2.8526e-16,0,1,All,#4682B4,0
6,7,14.5,1.27,2.87332e-16,0,1,All,#4682B4,0
7,7,14.5,1.27,2.09133e-17,0,1,All,#4682B4,0
8,7,14.5,1.27,5.38986e-17,0,1,All,#4682B4,0
9,7,14.5,1.27,2.40515e-16,0,1,All,#4682B4,0
10,7,14.5,1.27,1.62772e-16,0,1,All,#4682B4,0
1,7,15,1.27,2.91595e-16,0,1,All,#4682B4,0
2,7,15,1.27,1.83689e-16,0,1,All,#4682B4,0
3,7,15,1.27,8.43842e-18,0,1,All,#4682B4,0
4,7,15,1.27,1.76203e-16,0,1,All,#4682B4,0
5,7,15,1.27,1.31196e-16,0,1,All,#4682B4,0
6,7,15,1.27,1.7545e-16,0,1,All,#4682B4,0
7,7,15,1.27,1.01999e-16,0,1,All,#4682B4,0
8,7,15,1.27,2.41582e-16,0,1,All,#4682B4,0
9,7,15,1.27,1.79777e-16,0,1,All,#4682B4,0
10,7,15,1.27,2.11042e-16,0,1,All,#4682B4,0
1,7,15.5,1.27,1.44839e-17,0,1,All,#4682B4,0
2,7,15.5,1.27,1.49217e-16,0,1,All,#4682B4,0
3,7,15.5,1.27,4.80752e-16,0,1,All,#4682B4,0
4,7,15.5,1.27,7.24831e-18,0,1,All,#4682B4,0
5,7,15.5,1.27,2.21978e-16,0,1,All,#4682B4,0
6,7,15.5,1.27,9.37319e-17,0,1,All,#4682B4,0
7,7,15.5,1.27,2.10257e-16,0,1,All,#4682B4,0
8,7,15.5,1.27,7.19845e-17,0,1,All,#4682B4,0
9,7,15.5,1.27,7.22698e-17,0,1,All,#4682B4,0
10,7,15.5,1.27,9.9105e-17,0,1,All,#4682B4,0
1,7,16,1.27,1.58584e-16,0,1,All,#4682B4,0
2,7,16,1.27,1.71542e-16,0,1,All,#4682B4,0
3,7,16,1.27,6.8749e-16,0,1,All,#4682B4,0
4,7,16,1.27,3.87372e-16,0,1,All,#4682B4,0
5,7,16,1.27,8.29679e-17,0,1,All,#4682B4,0
6,7,16,1.27,3.83258e-17,0,1,All,#4682B4,0
7,7,16,1.27,1.26731e-16,0,1,All,#4682B4,0
8,7,16,1.27,2.60029e-17,0,1,All,#4682B4,0
9,7,16,1.27,4.72089e-16,0,1,All,#4682B4,0
10,7,16,1.27,7.53372e-17,0,1,All,#4682B4,0
1,8,1,1.27,2.77667e-16,0,1,All,#4682B4,0
2,8,1,1.27,1.77516e-16,0,1,All,#4682B4,0
3,8,1,1.27,6.28412e-17,0,1,All,#4682B4,0
4,8,1,1.27,1.65486e-16,0,1,All,#4682B4,0
5,8,1,1.27,2.78103e-16,0,1,All,#4682B4,0
6,8,1,1.27,2.71326e-16,0,1,All,#4682B4,0
7,8,1,1.27,3.06449e-18,0,1,All,#4682B4,0
8,8,1,1.27,3.24351e-16,0,1,All,#4682B4,0
9,8,1,1.27,7.48637e-17,0,1,All,#4682B4,0
10,8,1,1.27,8.66831e-17,0,1,All,#4682B4,0
1,8,1.5,1.27,3.85525e-17,0,1,All,#4682B4,0
2,8,1.5,1.27,1.45548e-16,0,1,All,#4682B4,0
3,8,1.5,1.27,5.09237e-16,0,1,All,#4682B4,0
4,8,1.5,1.27,1.42613e-17,0,1,All,#4682B4,0
5,8,1.5,1.27,4.85918e-17,0,1,All,#4682B4,0
6,8,1.5,1.27,1.24155e-16,0,1,All,#4682B4,0
7,8,1.5,1.27,2.78337e-16,0,1,All,#4682B4,0
8,8,1.5,1.27,5.23071e-16,0,1,All,#4682B4,0
9,8,1.5,1.27,3.51576e-16,0,1,All,#4682B4,0
10,8,1.5,1.27,1.22836e-16,0,1,All,#4682B4,0
1,8,2,1.27,9.16602e-17,0,1,All,#4682B4,0
2,8,2,1.27,2.50096e-16,0,1,All,#4682B4,0
3,8,2,1.27,5.04308e-17,0,1,All,#4682B4,0
4,8,2,1.27,1.42816e-16,0,1,All,#4682B4,0
5,8,2,1.27,0.12105,0.109275,1,All,#4682B4,0
6,8,2,1.27,4.45044e-17,0,1,All,#4682B4,0
7,8,2,1.27,6.07681e-17,0,1,All,#4682B4,0
8,8,2,1.27,3.2506e-16,0,1,All,#4682B4,0
9,8,2,1.27,9.2441e-17,0,1,All,#4682B4,0
10,8,2,1.27,8.93124e-17,0,1,All,#4682B4,0
1,8,2.5,1.27,0.171997,0.117004,1,All,#4682B4,0
2,8,2.5,1.27,1.55795e-16,0,1,All,#4682B4,0
3,8,2.5,1.27,0.612714,0.40653,1,All,#4682B4,0
4,8,2.5,1.27,0.115623,0.179466,1,All,#4682B4,0
5,8,2.5,1.27,0.684091,1.48484,1,All,#4682B4,0
6,8,2.5,1.27,3.58464e-16,0,1,All,#4682B4,0
7,8,2.5,1.27,0.873752,0.860709,1,All,#4682B4,0
8,8,2.5,1.27,0.293057,0.257512,1,All,#4682B4,0
9,8,2.5,1.27,1.86503e-17,0,1,All,#4682B4,0
10,8,2.5,1.27,1.02556e-16,0,1,All,#4682B4,0
1,8,3,1.86,1.86,2.09261,0,All,#4682B4,0
2,8,3,1.86,1.86,1.55142,0,All,#4682B4,0
3,8,3,1.86,1.86,1.93129,0,All,#4682B4,0
4,8,3,1.86,1.86,1.80129,0,All,#4682B4,0
5,8,3,1.86,1.86,1.9472,0,All,#4682B4,0
6,8,3,1.86,1.86,1.95668,0,All,#4682B4,0
7,8,3,1.86,1.86,2.06663,0,All,#4682B4,0
8,8,3,1.86,1.86,1.96651,0,All,#4682B4,0
9,8,3,1.86,1.86,1.37133,0,All,#4682B4,0
10,8,3,1.86,1.86,1.90683,0,All,#4682B4,0
1,8,3.5,1.27,1.21125,2.65668,1,All,#4682B4,0
2,8,3.5,1.27,1.17338,2.14159,1,All,#4682B4,0
3,8,3.5,1.27,1.18334,2.4404,1,All,#4682B4,0
4,8,3.5,1.27,0.423478,2.39208,1,All,#4682B4,0
5,8,3.5,1.27,0.688646,2.18951,1,All,#4682B4,0
6,8,3.5,1.27,0.996332,2.51438,1,All,#4682B4,0
7,8,3.5,1.27,0.318637,2.46166,1,All,#4682B4,0
8,8,3.5,1.27,1.13347,2.41409,1,All,#4682B4,0
9,8,3.5,1.27,1.23106,2.16869,1,All,#4682B4,0
10,8,3.5,1.27,0.750823,2.58751,1,All,#4682B4,0
1,8,4,3.59,3.59,2.94056,0,All,#4682B4,0
2,8,4,3.59,3.59,2.4382,0,All,#4682B4,0
3,8,4,3.59,3.59,2.70738,0,All,#4682B4,0
4,8,4,3.59,3.59,2.71039,0,All,#4682B4,0
5,8,4,3.59,3.59,2.33338,0,All,#4682B4,0
6,8,4,3.59,3.59,2.73871,0,All,#4682B4,0
7,8,4,3.59,3.59,2.65883,0,All,#4682B4,0
8,8,4,3.59,3.59,2.63418,0,All,#4682B4,0
9,8,4,3.59,3.59,2.55638,0,All,#4682B4,0
10,8,4,3.59,3.59,2.89586,0,All,#4682B4,0
1,8,4.5,1.27,1.24431,3.08932,1,All,#4682B4,0
2,8,4.5,1.27,1.09577,2.60582,1,All,#4682B4,0
3,8,4.5,1.27,0.171306,2.86451,1,All,#4682B4,0
4,8,4.5,1.27,1.24117,2.90381,1,All,#4682B4,0
5,8,4.5,1.27,0.830636,2.41916,1,All,#4682B4,0
6,8,4.5,1.27,1.1282,2.85469,1,All,#4682B4,0
7,8,4.5,1.27,1.09007,2.74872,1,All,#4682B4,0
8,8,4.5,1.27,0.62925,2.75659,1,All,#4682B4,0
9,8,4.5,1.27,0.429419,2.78786,1,All,#4682B4,0
10,8,4.5,1.27,0.467204,3.06741,1,All,#4682B4,0
1,8,5,3.93,3.93,3.13767,0,All,#4682B4,0
2,8,5,3.93,3.93,2.69272,0,All,#4682B4,0
3,8,5,3.93,3.93,2.95311,0,All,#4682B4,0
4,8,5,3.93,3.93,3.01759,0,All,#4682B4,0
5,8,5,3.93,3.93,2.46257,0,All,#4682B4,0
6,8,5,3.93,3.93,2.90907,0,All,#4682B4,0
7,8,5,3.93,3.93,2.75828,0,All,#4682B4,0
8,8,5,3.93,3.93,2.81871,0,All,#4682B4,0
9,8,5,3.93,3.93,2.92923,0,All,#4682B4,0
10,8,5,3.93,3.93,3.16242,0,All,#4682B4,0
1,8,5.5,1.27,0.829822,3.09864,1,All,#4682B4,0
2,8,5.5,1.27,0.725967,2.71487,1,All,#4682B4,0
3,8,5.5,1.27,0.437679,2.98431,1,All,#4682B4,0
4,8,5.5,1.27,1.26057,3.071,1,All,#4682B4,0
5,8,5.5,1.27,1.23769,2.47091,1,All,#4682B4,0
6,8,5.5,1.27,0.560817,2.91384,1,All,#4682B4,0
7,8,5.5,1.27,0.660567,2.71284,1,All,#4682B4,0
8,8,5.5,1.27,1.14816,2.83389,1,All,#4682B4,0
9,8,5.5,1.27,1.09243,3.004,1,All,#4682B4,0
10,8,5.5,1.27,0.133671,3.20034,1,All,#4682B4,0
1,8,6,3.98,3.98,3.00121,0,All,#4682B4,0
2,8,6,3.98,3.98,2.67975,0,All,#4682B4,0
3,8,6,3.98,3.98,2.9622,0,All,#4682B4,0
4,8,6,3.98,3.98,3.06941,0,All,#4682B4,0
5,8,6,3.98,3.98,2.44669,0,All,#4682B4,0
6,8,6,3.98,3.98,2.87842,0,All,#4682B4,0
7,8,6,3.98,3.98,2.64134,0,All,#4682B4,0
8,8,6,3.98,3.98,2.80979,0,All,#4682B4,0
9,8,6,3.98,3.98,3.02052,0,All,#4682B4,0
10,8,6,3.98,3.98,3.1895,0,All,#4682B4,0
1,8,6.5,1.27,1.24323,2.87028,1,All,#4682B4,0
2,8,6.5,1.27,1.18335,2.59582,1,All,#4682B4,0
3,8,6.5,1.27,0.323425,2.89525,1,All,#4682B4,0
4,8,6.5,1.27,0.557014,3.01805,1,All,#4682B4,0
5,8,6.5,1.27,0.598376,2.3935,1,All,#4682B4,0
6,8,6.5,1.27,1.00192,2.81204,1,All,#4682B4,0
7,8,6.5,1.27,0.479923,2.56086,1,All,#4682B4,0
8,8,6.5,1.27,1.17379,2.75428,1,All,#4682B4,0
9,8,6.5,1.27,0.963234,2.98565,1,All,#4682B4,0
10,8,6.5,1.27,1.1894,3.13944,1,All,#4682B4,0
1,8,7,3.92,3.92,2.72008,0,All,#4682B4,0
2,8,7,3.92,3.92,2.47565,0,All,#4682B4,0
3,8,7,3.92,3.92,2.79122,0,All,#4682B4,0
4,8,7,3.92,3.92,2.92396,0,All,#4682B4,0
5,8,7,3.92,3.92,2.30889,0,All,#4682B4,0
6,8,7,3.92,3.92,2.72309,0,All,#4682B4,0
7,8,7,3.92,3.92,2.47259,0,All,#4682B4,0
8,8,7,3.92,3.92,2.6753,0,All,#4682B4,0
9,8,7,3.92,3.92,2.90384,0,All,#4682B4,0
10,8,7,3.92,3.92,3.05886,0,All,#4682B4,0
1,8,7.5,2.88,2.88,2.55653,0,All,#4682B4,0
2,8,7.5,2.88,2.88,2.33075,0,All,#4682B4,0
3,8,7.5,2.88,2.88,2.65707,0,All,#4682B4,0
4,8,7.5,2.88,2.88,2.79548,0,All,#4682B4,0
5,8,7.5,2.88,2.88,2.19715,0,All,#4682B4,0
6,8,7.5,2.88,2.88,2.61738,0,All,#4682B4,0
7,8,7.5,2.88,2.88,2.37211,0,All,#4682B4,0
8,8,7.5,2.88,2.88,2.57651,0,All,#4682B4,0
9,8,7.5,2.88,2.88,2.78363,0,All,#4682B4,0
10,8,7.5,2.88,2.88,2.95198,0,All,#4682B4,0
1,8,8,3.45,3.45,2.38142,0,All,#4682B4,0
2,8,8,3.45,3.45,2.16976,0,All,#4682B4,0
3,8,8,3.45,3.45,2.49913,0,All,#4682B4,0
4,8,8,3.45,3.45,2.6408,0,All,#4682B4,0
5,8,8,3.45,3.45,2.06179,0,All,#4682B4,0
6,8,8,3.45,3.45,2.49794,0,All,#4682B4,0
7,8,8,3.45,3.45,2.25817,0,All,#4682B4,0
8,8,8,3.45,3.45,2.45214,0,All,#4682B4,0
9,8,8,3.45,3.45,2.63206,0,All,#4682B4,0
10,8,8,3.45,3.45,2.82238,0,All,#4682B4,0
1,8,8.5,2.19,2.19,2.19503,0,All,#4682B4,0
2,8,8.5,2.19,2.19,1.99919,0,All,#4682B4,0
3,8,8.5,2.19,2.19,2.32205,0,All,#4682B4,0
4,8,8.5,2.19,2.19,2.46671,0,All,#4682B4,0
5,8,8.5,2.19,2.19,1.90515,0,All,#4682B4,0
6,8,8.5,2.19,2.19,2.36589,0,All,#4682B4,0
7,8,8.5,2.19,2.19,2.12926,0,All,#4682B4,0
8,8,8.5,2.19,2.19,2.30299,0,All,#4682B4,0
9,8,8.5,2.19,2.19,2.45497,0,All,#4682B4,0
10,8,8.5,2.19,2.19,2.67506,0,All,#4682B4,0
1,8,9,1.75,1.75,1.99713,0,All,#4682B4,0
2,8,9,1.75,1.75,1.82143,0,All,#4682B4,0
3,8,9,1.75,1.75,2.12925,0,All,#4682B4,0
4,8,9,1.75,1.75,2.27782,0,All,#4682B4,0
5,8,9,1.75,1.75,1.7309,0,All,#4682B4,0
6,8,9,1.75,1.75,2.22131,0,All,#4682B4,0
7,8,9,1.75,1.75,1.98367,0,All,#4682B4,0
8,8,9,1.75,1.75,2.12922,0,All,#4682B4,0
9,8,9,1.75,1.75,2.25637,0,All,#4682B4,0
10,8,9,1.75,1.75,2.51233,0,All,#4682B4,0
1,8,9.5,2.19,2.19,1.78727,0,All,#4682B4,0
2,8,9.5,2.19,2.19,1.63202,0,All,#4682B4,0
3,8,9.5,2.19,2.19,1.92386,0,All,#4682B4,0
4,8,9.5,2.19,2.19,2.07753,0,All,#4682B4,0
5,8,9.5,2.19,2.19,1.54222,0,All,#4682B4,0
6,8,9.5,2.19,2.19,2.06383,0,All,#4682B4,0
7,8,9.5,2.19,2.19,1.81976,0,All,#4682B4,0
8,8,9.5,2.19,2.19,1.93051,0,All,#4682B4,0
9,8,9.5,2.19,2.19,2.03903,0,All,#4682B4,0
10,8,9.5,2.19,2.19,2.33523,0,All,#4682B4,0
1,8,10,1.27,1.26575,1.56317,1,All,#4682B4,0
2,8,10,1.27,1.19193,1.43272,1,All,#4682B4,0
3,8,10,1.27,1.14743,1.70894,1,All,#4682B4,0
4,8,10,1.27,0.297447,1.8682,1,All,#4682B4,0
5,8,10,1.27,0.667808,1.3428,1,All,#4682B4,0
6,8,10,1.27,0.779937,1.89299,1,All,#4682B4,0
7,8,10,1.27,1.11583,1.63606,1,All,#4682B4,0
8,8,10,1.27,0.0780693,1.70721,1,All,#4682B4,0
9,8,10,1.27,0.829489,1.80563,1,All,#4682B4,0
10,8,10,1.27,1.14333,2.14406,1,All,#4682B4,0
1,8,10.5,1.27,0.514633,1.33352,1,All,#4682B4,0
2,8,10.5,1.27,0.211914,1.22729,1,All,#4682B4,0
3,8,10.5,1.27,0.68824,1.48884,1,All,#4682B4,0
4,8,10.5,1.27,1.22587,1.65203,1,All,#4682B4,0
5,8,10.5,1.27,0.947521,1.13918,1,All,#4682B4,0
6,8,10.5,1.27,1.24771,1.70845,1,All,#4682B4,0
7,8,10.5,1.27,1.22687,1.43364,1,All,#4682B4,0
8,8,10.5,1.27,0.958336,1.46294,1,All,#4682B4,0
9,8,10.5,1.27,1.0544,1.55915,1,All,#4682B4,0
10,8,10.5,1.27,1.11068,1.93913,1,All,#4682B4,0
1,8,11,1.27,0.902554,1.09592,1,All,#4682B4,0
2,8,11,1.27,0.158645,1.02115,1,All,#4682B4,0
3,8,11,1.27,1.05982,1.27017,1,All,#4682B4,0
4,8,11,1.27,0.623226,1.43184,1,All,#4682B4,0
5,8,11,1.27,0.972135,0.937939,1,All,#4682B4,0
6,8,11,1.27,1.09136,1.51114,1,All,#4682B4,0
7,8,11,1.27,1.14742,1.21439,1,All,#4682B4,0
8,8,11,1.27,1.06957,1.21432,1,All,#4682B4,0
9,8,11,1.27,1.10957,1.3044,1,All,#4682B4,0
10,8,11,1.27,1.13462,1.72109,1,All,#4682B4,0
1,8,11.5,1.27,1.00702,0.85858,1,All,#4682B4,0
2,8,11.5,1.27,1.10491,0.822258,1,All,#4682B4,0
3,8,11.5,1.27,0.76194,1.06146,1,All,#4682B4,0
4,8,11.5,1.27,0.998123,1.21186,1,All,#4682B4,0
5,8,11.5,1.27,1.01777,0.749556,1,All,#4682B4,0
6,8,11.5,1.27,0.223144,1.30482,1,All,#4682B4,0
7,8,11.5,1.27,0.552693,0.989516,1,All,#4682B4,0
8,8,11.5,1.27,0.599088,0.984948,1,All,#4682B4,0
9,8,11.5,1.27,0.992945,1.0493,1,All,#4682B4,0
10,8,11.5,1.27,0.276731,1.49167,1,All,#4682B4,0
1,8,12,1.27,0.615326,0.632696,1,All,#4682B4,0
2,8,12,1.27,0.838725,0.640507,1,All,#4682B4,0
3,8,12,1.27,0.582337,0.872834,1,All,#4682B4,0
4,8,12,1.27,1.26923,0.997316,1,All,#4682B4,0
5,8,12,1.27,0.412286,0.585379,1,All,#4682B4,0
6,8,12,1.27,0.586606,1.09909,1,All,#4682B4,0
7,8,12,1.27,0.967867,0.779642,1,All,#4682B4,0
8,8,12,1.27,0.45814,0.801476,1,All,#4682B4,0
9,8,12,1.27,0.280398,0.805782,1,All,#4682B4,0
10,8,12,1.27,0.738913,1.25494,1,All,#4682B4,0
1,8,12.5,1.27,0.780119,0.434006,1,All,#4682B4,0
2,8,12.5,1.27,0.561328,0.485295,1,All,#4682B4,0
3,8,12.5,1.27,0.742764,0.715578,1,All,#4682B4,0
4,8,12.5,1.27,0.699129,0.794281,1,All,#4682B4,0
5,8,12.5,1.27,0.247788,0.45069,1,All,#4682B4,0
6,8,12.5,1.27,0.817368,0.91525,1,All,#4682B4,0
7,8,12.5,1.27,0.567103,0.609534,1,All,#4682B4,0
8,8,12.5,1.27,0.403626,0.671944,1,All,#4682B4,0
9,8,12.5,1.27,0.344705,0.58843,1,All,#4682B4,0
10,8,12.5,1.27,0.619633,1.01842,1,All,#4682B4,0
1,8,13,1.27,0.286733,0.275674,1,All,#4682B4,0
2,8,13,1.27,0.426464,0.362358,1,All,#4682B4,0
3,8,13,1.27,0.607045,0.59412,1,All,#4682B4,0
4,8,13,1.27,0.458417,0.609901,1,All,#4682B4,0
5,8,13,1.27,0.254034,0.346197,1,All,#4682B4,0
6,8,13,1.27,1.00632,0.77528,1,All,#4682B4,0
7,8,13,1.27,0.138458,0.489825,1,All,#4682B4,0
8,8,13,1.27,0.543625,0.585469,1,All,#4682B4,0
9,8,13,1.27,0.399554,0.407468,1,All,#4682B4,0
10,8,13,1.27,0.773314,0.796282,1,All,#4682B4,0
1,8,13.5,1.27,0.0905346,0.161686,1,All,#4682B4,0
2,8,13.5,1.27,0.0971924,0.272012,1,All,#4682B4,0
3,8,13.5,1.27,0.269153,0.506586,1,All,#4682B4,0
4,8,13.5,1.27,0.400586,0.450474,1,All,#4682B4,0
5,8,13.5,1.27,0.184376,0.268029,1,All,#4682B4,0
6,8,13.5,1.27,0.285135,0.685352,1,All,#4682B4,0
7,8,13.5,1.27,0.433554,0.412276,1,All,#4682B4,0
8,8,13.5,1.27,0.683933,0.528134,1,All,#4682B4,0
9,8,13.5,1.27,0.214421,0.268514,1,All,#4682B4,0
10,8,13.5,1.27,0.996127,0.605479,1,All,#4682B4,0
1,8,14,1.27,0.0876907,0.0874094,1,All,#4682B4,0
2,8,14,1.27,0.0821551,0.210526,1,All,#4682B4,0
3,8,14,1.27,0.138813,0.449012,1,All,#4682B4,0
4,8,14,1.27,0.564772,0.319938,1,All,#4682B4,0
5,8,14,1.27,0.224331,0.210427,1,All,#4682B4,0
6,8,14,1.27,0.58468,0.63444,1,All,#4682B4,0
7,8,14,1.27,0.252139,0.364372,1,All,#4682B4,0
8,8,14,1.27,0.619206,0.488447,1,All,#4682B4,0
9,8,14,1.27,0.202856,0.168208,1,All,#4682B4,0
10,8,14,1.27,0.456558,0.456714,1,All,#4682B4,0
1,8,14.5,1.27,0.0685679,0.044145,1,All,#4682B4,0
2,8,14.5,1.27,0.127435,0.171926,1,All,#4682B4,0
3,8,14.5,1.27,0.419849,0.411733,1,All,#4682B4,0
4,8,14.5,1.27,0.282856,0.21944,1,All,#4682B4,0
5,8,14.5,1.27,0.150331,0.168658,1,All,#4682B4,0
6,8,14.5,1.27,0.150004,0.608485,1,All,#4682B4,0
7,8,14.5,1.27,0.556857,0.334955,1,All,#4682B4,0
8,8,14.5,1.27,0.528735,0.459122,1,All,#4682B4,0
9,8,14.5,1.27,0.0762799,0.100004,1,All,#4682B4,0
10,8,14.5,1.27,0.367984,0.351262,1,All,#4682B4,0
1,8,15,1.27,0.0293392,0.0230419,1,All,#4682B4,0
2,8,15,1.27,0.18843,0.150187,1,All,#4682B4,0
3,8,15,1.27,0.375636,0.391774,1,All,#4682B4,0
4,8,15,1.27,0.242197,0.146914,1,All,#4682B4,0
5,8,15,1.27,0.108446,0.137872,1,All,#4682B4,0
6,8,15,1.27,0.430745,0.596522,1,All,#4682B4,0
7,8,15,1.27,0.248787,0.315834,1,All,#4682B4,0
8,8,15,1.27,0.376161,0.435502,1,All,#4682B4,0
9,8,15,1.27,0.00687483,0.0560177,1,All,#4682B4,0
10,8,15,1.27,0.255778,0.281885,1,All,#4682B4,0
1,8,15.5,1.27,0.00890831,0.0161821,1,All,#4682B4,0
2,8,15.5,1.27,0.19579,0.140246,1,All,#4682B4,0
3,8,15.5,1.27,0.363274,0.382272,1,All,#4682B4,0
4,8,15.5,1.27,0.0682899,0.0982234,1,All,#4682B4,0
5,8,15.5,1.27,0.0955823,0.114253,1,All,#4682B4,0
6,8,15.5,1.27,0.56335,0.591819,1,All,#4682B4,0
7,8,15.5,1.27,0.292532,0.302081,1,All,#4682B4,0
8,8,15.5,1.27,0.713647,0.414051,1,All,#4682B4,0
9,8,15.5,1.27,0.0402922,0.0294277,1,All,#4682B4,0
10,8,15.5,1.27,0.0729759,0.240275,1,All,#4682B4,0
1,8,16,1.27,0.0122455,0.0188208,1,All,#4682B4,0
2,8,16,1.27,0.181776,0.138027,1,All,#4682B4,0
3,8,16,1.27,0.272674,0.379793,1,All,#4682B4,0
4,8,16,1.27,0.0722566,0.0685297,1,All,#4682B4,0
5,8,16,1.27,0.115232,0.0945845,1,All,#4682B4,0
6,8,16,1.27,0.65715,0.590471,1,All,#4682B4,0
7,8,16,1.27,0.356747,0.29073,1,All,#4682B4,0
8,8,16,1.27,0.535814,0.39376,1,All,#4682B4,0
9,8,16,1.27,0.0106921,0.0146055,1,All,#4682B4,0
10,8,16,1.27,0.181779,0.216257,1,All,#4682B4,0
1,8,16.5,1.27,0.0205025,0.0265072,1,All,#4682B4,0
2,8,16.5,1.27,0.0317903,0.140985,1,All,#4682B4,0
3,8,16.5,1.27,0.25015,0.382044,1,All,#4682B4,0
4,8,16.5,1.27,0.0305156,0.0533718,1,All,#4682B4,0
5,8,16.5,1.27,0.0399513,0.0792602,1,All,#4682B4,0
6,8,16.5,1.27,0.318914,0.590424,1,All,#4682B4,0
7,8,16.5,1.27,0.183964,0.280367,1,All,#4682B4,0
8,8,16.5,1.27,0.379578,0.373365,1,All,#4682B4,0
9,8,16.5,1.27,0.0031538,0.00689506,1,All,#4682B4,0
10,8,16.5,1.27,0.253978,0.203364,1,All,#4682B4,0
1,8,17,1.27,0.0534211,0.0377518,1,All,#4682B4,0
2,8,17,1.27,0.117325,0.146454,1,All,#4682B4,0
3,8,17,1.27,0.334403,0.386181,1,All,#4682B4,0
4,8,17,1.27,0.084548,0.0484366,1,All,#4682B4,0
5,8,17,1.27,0.097666,0.0657091,1,All,#4682B4,0
6,8,17,1.27,0.479587,0.591106,1,All,#4682B4,0
7,8,17,1.27,0.385146,0.269864,1,All,#4682B4,0
8,8,17,1.27,0.245184,0.352616,1,All,#4682B4,0
9,8,17,1.27,0.0012016,0.00348506,1,All,#4682B4,0
10,8,17,1.27,0.190483,0.197414,1,All,#4682B4,0
1,8,17.5,1.27,0.0792481,0.0490268,1,All,#4682B4,0
2,8,17.5,1.27,0.0738132,0.152375,1,All,#4682B4,0
3,8,17.5,1.27,0.3334,0.391427,1,All,#4682B4,0
4,8,17.5,1.27,0.0595976,0.0507632,1,All,#4682B4,0
5,8,17.5,1.27,0.0280018,0.0528751,1,All,#4682B4,0
6,8,17.5,1.27,1.10731,0.590737,1,All,#4682B4,0
7,8,17.5,1.27,0.232715,0.258349,1,All,#4682B4,0
8,8,17.5,1.27,0.361134,0.33103,1,All,#4682B4,0
9,8,17.5,1.27,0.00258388,0.00195647,1,All,#4682B4,0
10,8,17.5,1.27,0.269109,0.196335,1,All,#4682B4,0
1,8,18,1.27,0.0656037,0.0615132,1,All,#4682B4,0
2,8,18,1.27,0.212611,0.159253,1,All,#4682B4,0
3,8,18,1.27,0.277404,0.396945,1,All,#4682B4,0
4,8,18,1.27,0.0414433,0.0583617,1,All,#4682B4,0
5,8,18,1.27,0.05713,0.0403719,1,All,#4682B4,0
6,8,18,1.27,0.526658,0.590337,1,All,#4682B4,0
7,8,18,1.27,0.305356,0.247104,1,All,#4682B4,0
8,8,18,1.27,0.559799,0.309268,1,All,#4682B4,0
9,8,18,1.27,0.00205876,0.00143868,1,All,#4682B4,0
10,8,18,1.27,0.192195,0.195944,1,All,#4682B4,0
1,8,18.5,1.27,0.0466601,0.0734514,1,All,#4682B4,0
2,8,18.5,1.27,0.266969,0.166126,1,All,#4682B4,0
3,8,18.5,1.27,0.233546,0.402665,1,All,#4682B4,0
4,8,18.5,1.27,0.106099,0.0691053,1,All,#4682B4,0
5,8,18.5,1.27,0.0235552,0.0278508,1,All,#4682B4,0
6,8,18.5,1.27,0.316111,0.588771,1,All,#4682B4,0
7,8,18.5,1.27,0.327152,0.23444,1,All,#4682B4,0
8,8,18.5,1.27,0.333159,0.286773,1,All,#4682B4,0
9,8,18.5,1.27,0.0014537,0.00151648,1,All,#4682B4,0
10,8,18.5,1.27,0.216049,0.195502,1,All,#4682B4,0
1,8,19,1.27,0.04756,0.0841801,1,All,#4682B4,0
2,8,19,1.27,0.123872,0.171535,1,All,#4682B4,0
3,8,19,1.27,0.481695,0.407969,1,All,#4682B4,0
4,8,19,1.27,0.0612038,0.0817562,1,All,#4682B4,0
5,8,19,1.27,0.0234935,0.0150707,1,All,#4682B4,0
6,8,19,1.27,0.457408,0.586796,1,All,#4682B4,0
7,8,19,1.27,0.207444,0.221039,1,All,#4682B4,0
8,8,19,1.27,0.331315,0.263498,1,All,#4682B4,0
9,8,19,1.27,0.000901054,0.00318447,1,All,#4682B4,0
10,8,19,1.27,0.28426,0.195169,1,All,#4682B4,0
1,8,19.5,1.27,0.0545809,0.0940586,1,All,#4682B4,0
2,8,19.5,1.27,0.269116,0.177933,1,All,#4682B4,0
3,8,19.5,1.27,0.200465,0.412085,1,All,#4682B4,0
4,8,19.5,1.27,0.0866786,0.0953679,1,All,#4682B4,0
5,8,19.5,1.27,0.00158292,0.00194007,1,All,#4682B4,0
6,8,19.5,1.27,0.456073,0.584297,1,All,#4682B4,0
7,8,19.5,1.27,0.161931,0.207446,1,All,#4682B4,0
8,8,19.5,1.27,0.317615,0.239324,1,All,#4682B4,0
9,8,19.5,1.27,0.00185844,0.00260345,1,All,#4682B4,0
10,8,19.5,1.27,0.208636,0.195015,1,All,#4682B4,0
1,9,1,1.27,3.77108e-17,0,1,All,#4682B4,0
2,9,1,1.27,2.35283e-17,0,1,All,#4682B4,0
3,9,1,1.27,1.75054e-16,0,1,All,#4682B4,0
4,9,1,1.27,1.13078e-16,0,1,All,#4682B4,0
5,9,1,1.27,5.35424e-17,0,1,All,#4682B4,0
6,9,1,1.27,1.54176e-16,0,1,All,#4682B4,0
7,9,1,1.27,4.14829e-16,0,1,All,#4682B4,0
8,9,1,1.27,1.8872e-16,0,1,All,#4682B4,0
9,9,1,1.27,4.99352e-16,0,1,All,#4682B4,0
10,9,1,1.27,4.58993e-16,0,1,All,#4682B4,0
1,9,1.5,1.27,3.94922e-16,0,1,All,#4682B4,0
2,9,1.5,1.27,4.14486e-16,0,1,All,#4682B4,0
3,9,1.5,1.27,3.9436e-17,0,1,All,#4682B4,0
4,9,1.5,1.27,2.72801e-16,0,1,All,#4682B4,0
5,9,1.5,1.27,5.88505e-17,0,1,All,#4682B4,0
6,9,1.5,1.27,8.79531e-17,0,1,All,#4682B4,0
7,9,1.5,1.27,3.7306e-16,0,1,All,#4682B4,0
8,9,1.5,1.27,2.72149e-17,0,1,All,#4682B4,0
9,9,1.5,1.27,1.1165e-16,0,1,All,#4682B4,0
10,9,1.5,1.27,5.822e-17,0,1,All,#4682B4,0
1,9,2,1.27,5.94264e-17,0,1,All,#4682B4,0
2,9,2,1.27,0.62157,0.597411,1,All,#4682B4,0
3,9,2,1.27,0.198524,1.06273,1,All,#4682B4,0
4,9,2,1.27,0.475984,0.789824,1,All,#4682B4,0
5,9,2,1.27,0.261404,0.544064,1,All,#4682B4,0
6,9,2,1.27,0.453855,0.600423,1,All,#4682B4,0
7,9,2,1.27,0.757649,0.833695,1,All,#4682B4,0
8,9,2,1.27,0.695539,0.642268,1,All,#4682B4,0
9,9,2,1.27,0.424189,0.414736,1,All,#4682B4,0
10,9,2,1.27,0.128351,0.202032,1,All,#4682B4,0
1,9,2.5,1.27,1.0287,1.22403,1,All,#4682B4,0
2,9,2.5,1.27,1.05978,1.56445,1,All,#4682B4,0
3,9,2.5,1.27,0.901394,1.64329,1,All,#4682B4,0
4,9,2.5,1.27,1.03909,1.69756,1,All,#4682B4,0
5,9,2.5,1.27,0.187466,1.79443,1,All,#4682B4,0
6,9,2.5,1.27,0.617621,1.50293,1,All,#4682B4,0
7,9,2.5,1.27,1.17571,1.59304,1,All,#4682B4,0
8,9,2.5,1.27,1.06056,1.50881,1,All,#4682B4,0
9,9,2.5,1.27,0.734128,1.55071,1,All,#4682B4,0
10,9,2.5,1.27,1.14405,1.40862,1,All,#4682B4,0
1,9,3,2.69,2.69,1.84263,0,All,#4682B4,0
2,9,3,2.69,2.69,1.88523,0,All,#4682B4,0
3,9,3,2.69,2.69,1.86596,0,All,#4682B4,0
4,9,3,2.69,2.69,2.02197,0,All,#4682B4,0
5,9,3,2.69,2.69,2.09948,0,All,#4682B4,0
6,9,3,2.69,2.69,1.94018,0,All,#4682B4,0
7,9,3,2.69,2.69,1.89947,0,All,#4682B4,0
8,9,3,2.69,2.69,1.79186,0,All,#4682B4,0
9,9,3,2.69,2.69,1.92056,0,All,#4682B4,0
10,9,3,2.69,2.69,1.77411,0,All,#4682B4,0
1,9,3.5,3.01,3.01,2.17822,0,All,#4682B4,0
2,9,3.5,3.01,3.01,2.04429,0,All,#4682B4,0
3,9,3.5,3.01,3.01,1.97471,0,All,#4682B4,0
4,9,3.5,3.01,3.01,2.18245,0,All,#4682B4,0
5,9,3.5,3.01,3.01,2.24215,0,All,#4682B4,0
6,9,3.5,3.01,3.01,2.19073,0,All,#4682B4,0
7,9,3.5,3.01,3.01,2.06102,0,All,#4682B4,0
8,9,3.5,3.01,3.01,1.93657,0,All,#4682B4,0
9,9,3.5,3.01,3.01,2.09958,0,All,#4682B4,0
10,9,3.5,3.01,3.01,1.95601,0,All,#4682B4,0
1,9,4,3.08,3.08,2.34064,0,All,#4682B4,0
2,9,4,3.08,3.08,2.12359,0,All,#4682B4,0
3,9,4,3.08,3.08,2.02147,0,All,#4682B4,0
4,9,4,3.08,3.08,2.25584,0,All,#4682B4,0
5,9,4,3.08,3.08,2.31273,0,All,#4682B4,0
6,9,4,3.08,3.08,2.3324,0,All,#4682B4,0
7,9,4,3.08,3.08,2.1447,0,All,#4682B4,0
8,9,4,3.08,3.08,2.01078,0,All,#4682B4,0
9,9,4,3.08,3.08,2.17259,0,All,#4682B4,0
10,9,4,3.08,3.08,2.05276,0,All,#4682B4,0
1,9,4.5,2.83,2.83,2.34915,0,All,#4682B4,0
2,9,4.5,2.83,2.83,2.14712,0,All,#4682B4,0
3,9,4.5,2.83,2.83,2.02082,0,All,#4682B4,0
4,9,4.5,2.83,2.83,2.2666,0,All,#4682B4,0
5,9,4.5,2.83,2.83,2.33534,0,All,#4682B4,0
6,9,4.5,2.83,2.83,2.38279,0,All,#4682B4,0
7,9,4.5,2.83,2.83,2.17065,0,All,#4682B4,0
8,9,4.5,2.83,2.83,2.0345,0,All,#4682B4,0
9,9,4.5,2.83,2.83,2.1639,0,All,#4682B4,0
10,9,4.5,2.83,2.83,2.09192,0,All,#4682B4,0
1,9,5,2.82,2.82,2.23784,0,All,#4682B4,0
2,9,5,2.82,2.82,2.12452,0,All,#4682B4,0
3,9,5,2.82,2.82,1.98025,0,All,#4682B4,0
4,9,5,2.82,2.82,2.22481,0,All,#4682B4,0
5,9,5,2.82,2.82,2.32009,0,All,#4682B4,0
6,9,5,2.82,2.82,2.35141,0,All,#4682B4,0
7,9,5,2.82,2.82,2.14867,0,All,#4682B4,0
8,9,5,2.82,2.82,2.01805,0,All,#4682B4,0
9,9,5,2.82,2.82,2.09737,0,All,#4682B4,0
10,9,5,2.82,2.82,2.08397,0,All,#4682B4,0
1,9,5.5,1.27,1.05199,2.06018,1,All,#4682B4,0
2,9,5.5,1.27,0.970102,2.06601,1,All,#4682B4,0
3,9,5.5,1.27,1.15832,1.91036,1,All,#4682B4,0
4,9,5.5,1.27,0.817962,2.14088,1,All,#4682B4,0
5,9,5.5,1.27,1.12988,2.2758,1,All,#4682B4,0
6,9,5.5,1.27,0.390529,2.25205,1,All,#4682B4,0
7,9,5.5,1.27,0.539392,2.08964,1,All,#4682B4,0
8,9,5.5,1.27,0.536258,1.97149,1,All,#4682B4,0
9,9,5.5,1.27,0.808311,1.9991,1,All,#4682B4,0
10,9,5.5,1.27,1.00096,2.03847,1,All,#4682B4,0
1,9,6,1.27,0.985352,1.85671,1,All,#4682B4,0
2,9,6,1.27,1.23964,1.98201,1,All,#4682B4,0
3,9,6,1.27,0.0510176,1.82104,1,All,#4682B4,0
4,9,6,1.27,0.96124,2.02746,1,All,#4682B4,0
5,9,6,1.27,1.04021,2.2118,1,All,#4682B4,0
6,9,6,1.27,1.11896,2.10217,1,All,#4682B4,0
7,9,6,1.27,0.673476,2.00518,1,All,#4682B4,0
8,9,6,1.27,0.865154,1.90445,1,All,#4682B4,0
9,9,6,1.27,0.525064,1.88729,1,All,#4682B4,0
10,9,6,1.27,0.725128,1.96676,1,All,#4682B4,0
1,9,6.5,1.74,1.74,1.64841,0,All,#4682B4,0
2,9,6.5,1.74,1.74,1.88201,0,All,#4682B4,0
3,9,6.5,1.74,1.74,1.71998,0,All,#4682B4,0
4,9,6.5,1.74,1.74,1.89613,0,All,#4682B4,0
5,9,6.5,1.74,1.74,2.13353,0,All,#4682B4,0
6,9,6.5,1.74,1.74,1.92003,0,All,#4682B4,0
7,9,6.5,1.74,1.74,1.9058,0,All,#4682B4,0
8,9,6.5,1.74,1.74,1.82344,0,All,#4682B4,0
9,9,6.5,1.74,1.74,1.77115,0,All,#4682B4,0
10,9,6.5,1.74,1.74,1.8784,0,All,#4682B4,0
1,9,7,1.27,1.01792,1.44582,1,All,#4682B4,0
2,9,7,1.27,0.887176,1.77288,1,All,#4682B4,0
3,9,7,1.27,0.991128,1.61209,1,All,#4682B4,0
4,9,7,1.27,0.843667,1.75517,1,All,#4682B4,0
5,9,7,1.27,0.731164,2.04114,1,All,#4682B4,0
6,9,7,1.27,0.932457,1.72203,1,All,#4682B4,0
7,9,7,1.27,0.878434,1.7988,1,All,#4682B4,0
8,9,7,1.27,0.503718,1.73173,1,All,#4682B4,0
9,9,7,1.27,0.768995,1.6545,1,All,#4682B4,0
10,9,7,1.27,0.648376,1.7806,1,All,#4682B4,0
1,9,7.5,1.58,1.58,1.2559,0,All,#4682B4,0
2,9,7.5,1.58,1.58,1.65896,0,All,#4682B4,0
3,9,7.5,1.58,1.58,1.50041,0,All,#4682B4,0
4,9,7.5,1.58,1.58,1.6092,0,All,#4682B4,0
5,9,7.5,1.58,1.58,1.93637,0,All,#4682B4,0
6,9,7.5,1.58,1.58,1.51948,0,All,#4682B4,0
7,9,7.5,1.58,1.58,1.68839,0,All,#4682B4,0
8,9,7.5,1.58,1.58,1.63044,0,All,#4682B4,0
9,9,7.5,1.58,1.58,1.53908,0,All,#4682B4,0
10,9,7.5,1.58,1.58,1.67682,0,All,#4682B4,0
1,9,8,1.27,1.21805,1.08446,1,All,#4682B4,0
2,9,8,1.27,1.04462,1.54282,1,All,#4682B4,0
3,9,8,1.27,1.09086,1.38672,1,All,#4682B4,0
4,9,8,1.27,1.02735,1.46134,1,All,#4682B4,0
5,9,8,1.27,1.05553,1.81995,1,All,#4682B4,0
6,9,8,1.27,1.16694,1.32498,1,All,#4682B4,0
7,9,8,1.27,0.40209,1.57679,1,All,#4682B4,0
8,9,8,1.27,0.755326,1.51967,1,All,#4682B4,0
9,9,8,1.27,1.09874,1.42616,1,All,#4682B4,0
10,9,8,1.27,1.00849,1.56331,1,All,#4682B4,0
1,9,8.5,1.27,0.619662,0.936445,1,All,#4682B4,0
2,9,8.5,1.27,0.0421709,1.42221,1,All,#4682B4,0
3,9,8.5,1.27,0.421622,1.27206,1,All,#4682B4,0
4,9,8.5,1.27,1.01385,1.31634,1,All,#4682B4,0
5,9,8.5,1.27,0.88413,1.69183,1,All,#4682B4,0
6,9,8.5,1.27,0.864572,1.14773,1,All,#4682B4,0
7,9,8.5,1.27,0.905643,1.46019,1,All,#4682B4,0
8,9,8.5,1.27,0.927538,1.39907,1,All,#4682B4,0
9,9,8.5,1.27,1.01215,1.31726,1,All,#4682B4,0
10,9,8.5,1.27,1.07089,1.43969,1,All,#4682B4,0
1,9,9,1.27,0.237465,0.815676,1,All,#4682B4,0
2,9,9,1.27,0.721203,1.29011,1,All,#4682B4,0
3,9,9,1.27,1.00917,1.15481,1,All,#4682B4,0
4,9,9,1.27,0.731194,1.17522,1,All,#4682B4,0
5,9,9,1.27,1.02168,1.55159,1,All,#4682B4,0
6,9,9,1.27,0.958891,0.995483,1,All,#4682B4,0
7,9,9,1.27,0.781002,1.32834,1,All,#4682B4,0
8,9,9,1.27,0.572577,1.26814,1,All,#4682B4,0
9,9,9,1.27,0.915984,1.21414,1,All,#4682B4,0
10,9,9,1.27,0.10746,1.30617,1,All,#4682B4,0
1,9,9.5,1.27,1.00655,0.721646,1,All,#4682B4,0
2,9,9.5,1.27,1.00727,1.14649,1,All,#4682B4,0
3,9,9.5,1.27,1.06679,1.03212,1,All,#4682B4,0
4,9,9.5,1.27,1.09857,1.04006,1,All,#4682B4,0
5,9,9.5,1.27,1.26775,1.39886,1,All,#4682B4,0
6,9,9.5,1.27,1.01991,0.873543,1,All,#4682B4,0
7,9,9.5,1.27,1.26039,1.17965,1,All,#4682B4,0
8,9,9.5,1.27,1.13719,1.12675,1,All,#4682B4,0
9,9,9.5,1.27,0.865452,1.11547,1,All,#4682B4,0
10,9,9.5,1.27,0.777791,1.16298,1,All,#4682B4,0
1,9,10,1.27,1.04588,0.622225,1,All,#4682B4,0
2,9,10,1.27,0.289627,0.992639,1,All,#4682B4,0
3,9,10,1.27,0.793315,0.90446,1,All,#4682B4,0
4,9,10,1.27,0.855925,0.900079,1,All,#4682B4,0
5,9,10,1.27,0.56395,1.23352,1,All,#4682B4,0
6,9,10,1.27,0.654885,0.783852,1,All,#4682B4,0
7,9,10,1.27,0.949959,1.01382,1,All,#4682B4,0
8,9,10,1.27,1.1799,0.975411,1,All,#4682B4,0
9,9,10,1.27,0.850621,1.00737,1,All,#4682B4,0
10,9,10,1.27,1.03334,1.01091,1,All,#4682B4,0
1,9,10.5,1.27,0.306225,0.505788,1,All,#4682B4,0
2,9,10.5,1.27,0.542196,0.831959,1,All,#4682B4,0
3,9,10.5,1.27,0.46751,0.772762,1,All,#4682B4,0
4,9,10.5,1.27,0.875254,0.760107,1,All,#4682B4,0
5,9,10.5,1.27,0.691716,1.05682,1,All,#4682B4,0
6,9,10.5,1.27,0.45633,0.724452,1,All,#4682B4,0
7,9,10.5,1.27,0.528726,0.832549,1,All,#4682B4,0
8,9,10.5,1.27,0.897305,0.815795,1,All,#4682B4,0
9,9,10.5,1.27,0.35694,0.890485,1,All,#4682B4,0
10,9,10.5,1.27,0.942169,0.851856,1,All,#4682B4,0
1,9,11,1.27,0.466947,0.379855,1,All,#4682B4,0
2,9,11,1.27,0.904155,0.671282,1,All,#4682B4,0
3,9,11,1.27,0.639101,0.638728,1,All,#4682B4,0
4,9,11,1.27,0.15466,0.630772,1,All,#4682B4,0
5,9,11,1.27,0.708824,0.873155,1,All,#4682B4,0
6,9,11,1.27,0.188385,0.691554,1,All,#4682B4,0
7,9,11,1.27,0.660487,0.641651,1,All,#4682B4,0
8,9,11,1.27,0.331532,0.653218,1,All,#4682B4,0
9,9,11,1.27,0.553069,0.771653,1,All,#4682B4,0
10,9,11,1.27,0.622653,0.689736,1,All,#4682B4,0
1,9,11.5,1.27,0.217465,0.24987,1,All,#4682B4,0
2,9,11.5,1.27,0.463359,0.521929,1,All,#4682B4,0
3,9,11.5,1.27,0.852822,0.505389,1,All,#4682B4,0
4,9,11.5,1.27,0.601323,0.521716,1,All,#4682B4,0
5,9,11.5,1.27,0.793653,0.693171,1,All,#4682B4,0
6,9,11.5,1.27,0.40977,0.677836,1,All,#4682B4,0
7,9,11.5,1.27,0.35348,0.454162,1,All,#4682B4,0
8,9,11.5,1.27,0.437339,0.497672,1,All,#4682B4,0
9,9,11.5,1.27,0.664049,0.659709,1,All,#4682B4,0
10,9,11.5,1.27,0.142758,0.532182,1,All,#4682B4,0
1,9,12,1.27,0.0689988,0.121154,1,All,#4682B4,0
2,9,12,1.27,0.476535,0.39639,1,All,#4682B4,0
3,9,12,1.27,0.623938,0.378034,1,All,#4682B4,0
4,9,12,1.27,0.358328,0.436908,1,All,#4682B4,0
5,9,12,1.27,0.615752,0.53529,1,All,#4682B4,0
6,9,12,1.27,1.26163,0.626844,1,All,#4682B4,0
7,9,12,1.27,0.286207,0.289961,1,All,#4682B4,0
8,9,12,1.27,0.420979,0.362359,1,All,#4682B4,0
9,9,12,1.27,0.361393,0.562057,1,All,#4682B4,0
10,9,12,1.27,0.537337,0.390441,1,All,#4682B4,0
1,9,12.5,1.27,1.73549e-16,0,1,All,#4682B4,0
2,9,12.5,1.27,0.244273,0.302169,1,All,#4682B4,0
3,9,12.5,1.27,0.419004,0.263906,1,All,#4682B4,0
4,9,12.5,1.27,0.259532,0.374042,1,All,#4682B4,0
5,9,12.5,1.27,0.491749,0.417384,1,All,#4682B4,0
6,9,12.5,1.27,0.428639,0.520061,1,All,#4682B4,0
7,9,12.5,1.27,0.177519,0.162303,1,All,#4682B4,0
8,9,12.5,1.27,0.347258,0.261377,1,All,#4682B4,0
9,9,12.5,1.27,0.4591,0.482369,1,All,#4682B4,0
10,9,12.5,1.27,0.204579,0.27495,1,All,#4682B4,0
1,9,13,1.27,1.48191e-17,0,1,All,#4682B4,0
2,9,13,1.27,0.339945,0.238175,1,All,#4682B4,0
3,9,13,1.27,0.172364,0.170121,1,All,#4682B4,0
4,9,13,1.27,0.581627,0.328858,1,All,#4682B4,0
5,9,13,1.27,0.509768,0.343072,1,All,#4682B4,0
6,9,13,1.27,0.253435,0.367553,1,All,#4682B4,0
7,9,13,1.27,0.0855905,0.0721847,1,All,#4682B4,0
8,9,13,1.27,0.187533,0.196164,1,All,#4682B4,0
9,9,13,1.27,0.59374,0.419861,1,All,#4682B4,0
10,9,13,1.27,0.146008,0.190558,1,All,#4682B4,0
1,9,13.5,1.27,3.00453e-16,0,1,All,#4682B4,0
2,9,13.5,1.27,0.255006,0.197491,1,All,#4682B4,0
3,9,13.5,1.27,0.107017,0.101016,1,All,#4682B4,0
4,9,13.5,1.27,0.0335919,0.294883,1,All,#4682B4,0
5,9,13.5,1.27,0.124976,0.300922,1,All,#4682B4,0
6,9,13.5,1.27,0.309474,0.187704,1,All,#4682B4,0
7,9,13.5,1.27,0.00320913,0.0112067,1,All,#4682B4,0
8,9,13.5,1.27,0.18046,0.158877,1,All,#4682B4,0
9,9,13.5,1.27,0.354649,0.368115,1,All,#4682B4,0
10,9,13.5,1.27,0.118044,0.134827,1,All,#4682B4,0
1,9,14,1.27,8.99108e-19,0,1,All,#4682B4,0
2,9,14,1.27,0.126855,0.172999,1,All,#4682B4,0
3,9,14,1.27,0.0773909,0.0547805,1,All,#4682B4,0
4,9,14,1.27,0.302117,0.268671,1,All,#4682B4,0
5,9,14,1.27,0.307005,0.278944,1,All,#4682B4,0
6,9,14,1.27,3.67234e-16,0,1,All,#4682B4,0
7,9,14,1.27,2.76433e-16,0,1,All,#4682B4,0
8,9,14,1.27,0.0642966,0.139715,1,All,#4682B4,0
9,9,14,1.27,0.227543,0.324245,1,All,#4682B4,0
10,9,14,1.27,0.142548,0.101165,1,All,#4682B4,0
1,9,14.5,1.27,2.95371e-16,0,1,All,#4682B4,0
2,9,14.5,1.27,0.174233,0.158445,1,All,#4682B4,0
3,9,14.5,1.27,0.0121607,0.0283426,1,All,#4682B4,0
4,9,14.5,1.27,0.187568,0.24593,1,All,#4682B4,0
5,9,14.5,1.27,0.246593,0.268169,1,All,#4682B4,0
6,9,14.5,1.27,5.35881e-17,0,1,All,#4682B4,0
7,9,14.5,1.27,2.20813e-16,0,1,All,#4682B4,0
8,9,14.5,1.27,0.00547719,0.130919,1,All,#4682B4,0
9,9,14.5,1.27,0.39607,0.284637,1,All,#4682B4,0
10,9,14.5,1.27,0.07674,0.0830184,1,All,#4682B4,0
1,9,15,1.27,2.06962e-16,0,1,All,#4682B4,0
2,9,15,1.27,0.164963,0.148775,1,All,#4682B4,0
3,9,15,1.27,0.0109126,0.0153834,1,All,#4682B4,0
4,9,15,1.27,0.219711,0.224566,1,All,#4682B4,0
5,9,15,1.27,0.305842,0.263004,1,All,#4682B4,0
6,9,15,1.27,4.64514e-17,0,1,All,#4682B4,0
7,9,15,1.27,3.04834e-16,0,1,All,#4682B4,0
8,9,15,1.27,0.0794456,0.12754,1,All,#4682B4,0
9,9,15,1.27,0.0582734,0.246345,1,All,#4682B4,0
10,9,15,1.27,0.108078,0.0741951,1,All,#4682B4,0
1,9,15.5,1.27,1.91752e-17,0,1,All,#4682B4,0
2,9,15.5,1.27,0.228316,0.142356,1,All,#4682B4,0
3,9,15.5,1.27,0.0159434,0.0115102,1,All,#4682B4,0
4,9,15.5,1.27,0.23589,0.20407,1,All,#4682B4,0
5,9,15.5,1.27,0.0962922,0.260327,1,All,#4682B4,0
6,9,15.5,1.27,1.49383e-16,0,1,All,#4682B4,0
7,9,15.5,1.27,1.56688e-16,0,1,All,#4682B4,0
8,9,15.5,1.27,0.17595,0.127387,1,All,#4682B4,0
9,9,15.5,1.27,0.211351,0.209648,1,All,#4682B4,0
10,9,15.5,1.27,0.101049,0.0708142,1,All,#4682B4,0
1,9,16,1.27,1.4808e-17,0,1,All,#4682B4,0
2,9,16,1.27,0.116806,0.137427,1,All,#4682B4,0
3,9,16,1.27,0.00752228,0.0132289,1,All,#4682B4,0
4,9,16,1.27,0.0995601,0.183505,1,All,#4682B4,0
5,9,16,1.27,0.378056,0.25844,1,All,#4682B4,0
6,9,16,1.27,2.19532e-16,0,1,All,#4682B4,0
7,9,16,1.27,1.77771e-16,0,1,All,#4682B4,0
8,9,16,1.27,0.147518,0.127233,1,All,#4682B4,0
9,9,16,1.27,0.28944,0.173845,1,All,#4682B4,0
10,9,16,1.27,0.0330927,0.0702888,1,All,#4682B4,0
1,9,16.5,1.27,1.55881e-16,0,1,All,#4682B4,0
2,9,16.5,1.27,0.154259,0.132083,1,All,#4682B4,0
3,9,16.5,1.27,0.0183567,0.0181461,1,All,#4682B4,0
4,9,16.5,1.27,0.131576,0.162465,1,All,#4682B4,0
5,9,16.5,1.27,0.422295,0.256871,1,All,#4682B4,0
6,9,16.5,1.27,2.39886e-17,0,1,All,#4682B4,0
7,9,16.5,1.27,4.40834e-16,0,1,All,#4682B4,0
8,9,16.5,1.27,0.106311,0.128396,1,All,#4682B4,0
9,9,16.5,1.27,0.0623265,0.137036,1,All,#4682B4,0
10,9,16.5,1.27,0.0525058,0.0709549,1,All,#4682B4,0
1,9,17,1.27,8.83706e-18,0,1,All,#4682B4,0
2,9,17,1.27,0.107094,0.125739,1,All,#4682B4,0
3,9,17,1.27,0.0227303,0.0243545,1,All,#4682B4,0
4,9,17,1.27,0.158601,0.141581,1,All,#4682B4,0
5,9,17,1.27,0.168758,0.254762,1,All,#4682B4,0
6,9,17,1.27,1.02234e-16,0,1,All,#4682B4,0
7,9,17,1.27,1.17423e-17,0,1,All,#4682B4,0
8,9,17,1.27,0.0666858,0.12865,1,All,#4682B4,0
9,9,17,1.27,0.0896611,0.100355,1,All,#4682B4,0
10,9,17,1.27,0.105133,0.0719672,1,All,#4682B4,0
1,9,17.5,1.27,8.50124e-17,0,1,All,#4682B4,0
2,9,17.5,1.27,0.131855,0.119152,1,All,#4682B4,0
3,9,17.5,1.27,0.0219637,0.0318646,1,All,#4682B4,0
4,9,17.5,1.27,0.0720443,0.11896,1,All,#4682B4,0
5,9,17.5,1.27,0.172833,0.251875,1,All,#4682B4,0
6,9,17.5,1.27,4.99484e-17,0,1,All,#4682B4,0
7,9,17.5,1.27,3.19563e-16,0,1,All,#4682B4,0
8,9,17.5,1.27,0.132173,0.128531,1,All,#4682B4,0
9,9,17.5,1.27,0.0474098,0.0628732,1,All,#4682B4,0
10,9,17.5,1.27,0.0370446,0.0729888,1,All,#4682B4,0
1,10,1,1.27,8.09421e-17,0,1,All,#4682B4,0
2,10,1,1.27,3.37541e-17,0,1,All,#4682B4,0
3,10,1,1.27,2.68025e-16,0,1,All,#4682B4,0
4,10,1,1.27,1.22418e-16,0,1,All,#4682B4,0
5,10,1,1.27,1.06708e-16,0,1,All,#4682B4,0
6,10,1,1.27,1.90484e-16,0,1,All,#4682B4,0
7,10,1,1.27,3.08939e-16,0,1,All,#4682B4,0
8,10,1,1.27,3.37991e-16,0,1,All,#4682B4,0
9,10,1,1.27,4.58508e-17,0,1,All,#4682B4,0
10,10,1,1.27,4.32587e-17,0,1,All,#4682B4,0
1,10,1.5,1.27,1.23365,0.670245,1,All,#4682B4,0
2,10,1.5,1.27,0.40991,0.41286,1,All,#4682B4,0
3,10,1.5,1.27,1.13144e-16,0,1,All,#4682B4,0
4,10,1.5,1.27,0.364898,0.386575,1,All,#4682B4,0
5,10,1.5,1.27,0.855654,0.969957,1,All,#4682B4,0
6,10,1.5,1.27,0.0888864,0.203188,1,All,#4682B4,0
7,10,1.5,1.27,0.185534,0.52336,1,All,#4682B4,0
8,10,1.5,1.27,0.499008,0.233827,1,All,#4682B4,0
9,10,1.5,1.27,0.905887,1.07227,1,All,#4682B4,0
10,10,1.5,1.27,0.021771,0.0493353,1,All,#4682B4,0
1,10,2,2.81,2.81,2.14637,0,All,#4682B4,0
2,10,2,2.81,2.81,1.9489,0,All,#4682B4,0
3,10,2,2.81,2.81,2.05129,0,All,#4682B4,0
4,10,2,2.81,2.81,2.16196,0,All,#4682B4,0
5,10,2,2.81,2.81,2.29408,0,All,#4682B4,0
6,10,2,2.81,2.81,1.87211,0,All,#4682B4,0
7,10,2,2.81,2.81,2.24681,0,All,#4682B4,0
8,10,2,2.81,2.81,2.02895,0,All,#4682B4,0
9,10,2,2.81,2.81,2.23334,0,All,#4682B4,0
10,10,2,2.81,2.81,2.03219,0,All,#4682B4,0
1,10,2.5,3.85,3.85,2.55312,0,All,#4682B4,0
2,10,2.5,3.85,3.85,2.41467,0,All,#4682B4,0
3,10,2.5,3.85,3.85,2.73203,0,All,#4682B4,0
4,10,2.5,3.85,3.85,2.52309,0,All,#4682B4,0
5,10,2.5,3.85,3.85,2.83789,0,All,#4682B4,0
6,10,2.5,3.85,3.85,2.30895,0,All,#4682B4,0
7,10,2.5,3.85,3.85,2.72731,0,All,#4682B4,0
8,10,2.5,3.85,3.85,2.57958,0,All,#4682B4,0
9,10,2.5,3.85,3.85,2.59906,0,All,#4682B4,0
10,10,2.5,3.85,3.85,2.61436,0,All,#4682B4,0
1,10,3,4.47,4.47,2.68097,0,All,#4682B4,0
2,10,3,4.47,4.47,2.61097,0,All,#4682B4,0
3,10,3,4.47,4.47,3.05676,0,All,#4682B4,0
4,10,3,4.47,4.47,2.62838,0,All,#4682B4,0
5,10,3,4.47,4.47,3.07401,0,All,#4682B4,0
6,10,3,4.47,4.47,2.50529,0,All,#4682B4,0
7,10,3,4.47,4.47,2.92675,0,All,#4682B4,0
8,10,3,4.47,4.47,2.80554,0,All,#4682B4,0
9,10,3,4.47,4.47,2.73899,0,All,#4682B4,0
10,10,3,4.47,4.47,2.86637,0,All,#4682B4,0
1,10,3.5,4.28,4.28,2.64931,0,All,#4682B4,0
2,10,3.5,4.28,4.28,2.63708,0,All,#4682B4,0
3,10,3.5,4.28,4.28,3.16324,0,All,#4682B4,0
4,10,3.5,4.28,4.28,2.591,0,All,#4682B4,0
5,10,3.5,4.28,4.28,3.07836,0,All,#4682B4,0
6,10,3.5,4.28,4.28,2.55615,0,All,#4682B4,0
7,10,3.5,4.28,4.28,2.94693,0,All,#4682B4,0
8,10,3.5,4.28,4.28,2.81635,0,All,#4682B4,0
9,10,3.5,4.28,4.28,2.73572,0,All,#4682B4,0
10,10,3.5,4.28,4.28,2.90477,0,All,#4682B4,0
1,10,4,2.92,2.92,2.56063,0,All,#4682B4,0
2,10,4,2.92,2.92,2.57121,0,All,#4682B4,0
3,10,4,2.92,2.92,3.10217,0,All,#4682B4,0
4,10,4,2.92,2.92,2.49732,0,All,#4682B4,0
5,10,4,2.92,2.92,2.94793,0,All,#4682B4,0
6,10,4,2.92,2.92,2.51339,0,All,#4682B4,0
7,10,4,2.92,2.92,2.85736,0,All,#4682B4,0
8,10,4,2.92,2.92,2.71204,0,All,#4682B4,0
9,10,4,2.92,2.92,2.65996,0,All,#4682B4,0
10,10,4,2.92,2.92,2.80599,0,All,#4682B4,0
1,10,4.5,1.65,1.65,2.45863,0,All,#4682B4,0
2,10,4.5,1.65,1.65,2.47614,0,All,#4682B4,0
3,10,4.5,1.65,1.65,2.95385,0,All,#4682B4,0
4,10,4.5,1.65,1.65,2.38878,0,All,#4682B4,0
5,10,4.5,1.65,1.65,2.76929,0,All,#4682B4,0
6,10,4.5,1.65,1.65,2.42961,0,All,#4682B4,0
7,10,4.5,1.65,1.65,2.71939,0,All,#4682B4,0
8,10,4.5,1.65,1.65,2.57096,0,All,#4682B4,0
9,10,4.5,1.65,1.65,2.56182,0,All,#4682B4,0
10,10,4.5,1.65,1.65,2.65356,0,All,#4682B4,0
1,10,5,1.99,1.99,2.35375,0,All,#4682B4,0
2,10,5,1.99,1.99,2.37449,0,All,#4682B4,0
3,10,5,1.99,1.99,2.77518,0,All,#4682B4,0
4,10,5,1.99,1.99,2.27677,0,All,#4682B4,0
5,10,5,1.99,1.99,2.57757,0,All,#4682B4,0
6,10,5,1.99,1.99,2.33439,0,All,#4682B4,0
7,10,5,1.99,1.99,2.56588,0,All,#4682B4,0
8,10,5,1.99,1.99,2.42074,0,All,#4682B4,0
9,10,5,1.99,1.99,2.4584,0,All,#4682B4,0
10,10,5,1.99,1.99,2.48636,0,All,#4682B4,0
1,10,5.5,1.27,0.871355,2.24837,1,All,#4682B4,0
2,10,5.5,1.27,0.646042,2.27171,1,All,#4682B4,0
3,10,5.5,1.27,1.15313,2.58853,1,All,#4682B4,0
4,10,5.5,1.27,1.19014,2.16423,1,All,#4682B4,0
5,10,5.5,1.27,0.848724,2.38383,1,All,#4682B4,0
6,10,5.5,1.27,0.54229,2.23658,1,All,#4682B4,0
7,10,5.5,1.27,0.470681,2.40822,1,All,#4682B4,0
8,10,5.5,1.27,1.21674,2.26889,1,All,#4682B4,0
9,10,5.5,1.27,0.828215,2.35396,1,All,#4682B4,0
10,10,5.5,1.27,1.05644,2.31704,1,All,#4682B4,0
1,10,6,1.82,1.82,2.14311,0,All,#4682B4,0
2,10,6,1.82,1.82,2.16911,0,All,#4682B4,0
3,10,6,1.82,1.82,2.40155,0,All,#4682B4,0
4,10,6,1.82,1.82,2.0521,0,All,#4682B4,0
5,10,6,1.82,1.82,2.19229,0,All,#4682B4,0
6,10,6,1.82,1.82,2.13832,0,All,#4682B4,0
7,10,6,1.82,1.82,2.24996,0,All,#4682B4,0
8,10,6,1.82,1.82,2.11777,0,All,#4682B4,0
9,10,6,1.82,1.82,2.24958,0,All,#4682B4,0
10,10,6,1.82,1.82,2.15046,0,All,#4682B4,0
1,10,6.5,3.01,3.01,2.03827,0,All,#4682B4,0
2,10,6.5,3.01,3.01,2.06719,0,All,#4682B4,0
3,10,6.5,3.01,3.01,2.21756,0,All,#4682B4,0
4,10,6.5,3.01,3.01,1.941,0,All,#4682B4,0
5,10,6.5,3.01,3.01,2.00554,0,All,#4682B4,0
6,10,6.5,3.01,3.01,2.04015,0,All,#4682B4,0
7,10,6.5,3.01,3.01,2.09259,0,All,#4682B4,0
8,10,6.5,3.01,3.01,1.96869,0,All,#4682B4,0
9,10,6.5,3.01,3.01,2.14568,0,All,#4682B4,0
10,10,6.5,3.01,3.01,1.98982,0,All,#4682B4,0
1,10,7,3.35,3.35,1.93412,0,All,#4682B4,0
2,10,7,3.35,3.35,1.96633,0,All,#4682B4,0
3,10,7,3.35,3.35,2.039,0,All,#4682B4,0
4,10,7,3.35,3.35,1.83163,0,All,#4682B4,0
5,10,7,3.35,3.35,1.82693,0,All,#4682B4,0
6,10,7,3.35,3.35,1.94231,0,All,#4682B4,0
7,10,7,3.35,3.35,1.93722,0,All,#4682B4,0
8,10,7,3.35,3.35,1.82297,0,All,#4682B4,0
9,10,7,3.35,3.35,2.04261,0,All,#4682B4,0
10,10,7,3.35,3.35,1.83851,0,All,#4682B4,0
1,10,7.5,1.82,1.82,1.83096,0,All,#4682B4,0
2,10,7.5,1.82,1.82,1.86702,0,All,#4682B4,0
3,10,7.5,1.82,1.82,1.8687,0,All,#4682B4,0
4,10,7.5,1.82,1.82,1.72511,0,All,#4682B4,0
5,10,7.5,1.82,1.82,1.65962,0,All,#4682B4,0
6,10,7.5,1.82,1.82,1.845,0,All,#4682B4,0
7,10,7.5,1.82,1.82,1.78515,0,All,#4682B4,0
8,10,7.5,1.82,1.82,1.68233,0,All,#4682B4,0
9,10,7.5,1.82,1.82,1.94078,0,All,#4682B4,0
10,10,7.5,1.82,1.82,1.70055,0,All,#4682B4,0
1,10,8,1.95,1.95,1.72926,0,All,#4682B4,0
2,10,8,1.95,1.95,1.76993,0,All,#4682B4,0
3,10,8,1.95,1.95,1.71034,0,All,#4682B4,0
4,10,8,1.95,1.95,1.6231,0,All,#4682B4,0
5,10,8,1.95,1.95,1.50774,0,All,#4682B4,0
6,10,8,1.95,1.95,1.7484,0,All,#4682B4,0
7,10,8,1.95,1.95,1.63774,0,All,#4682B4,0
8,10,8,1.95,1.95,1.54912,0,All,#4682B4,0
9,10,8,1.95,1.95,1.84082,0,All,#4682B4,0
10,10,8,1.95,1.95,1.58029,0,All,#4682B4,0
1,10,8.5,1.27,1.07082,1.62969,1,All,#4682B4,0
2,10,8.5,1.27,0.967425,1.67607,1,All,#4682B4,0
3,10,8.5,1.27,1.18912,1.56811,1,All,#4682B4,0
4,10,8.5,1.27,0.505155,1.52759,1,All,#4682B4,0
5,10,8.5,1.27,0.255386,1.37547,1,All,#4682B4,0
6,10,8.5,1.27,1.11865,1.65293,1,All,#4682B4,0
7,10,8.5,1.27,0.891032,1.49988,1,All,#4682B4,0
8,10,8.5,1.27,0.619229,1.42632,1,All,#4682B4,0
9,10,8.5,1.27,0.316454,1.74362,1,All,#4682B4,0
10,10,8.5,1.27,1.16887,1.48149,1,All,#4682B4,0
1,10,9,1.27,0.972841,1.53322,1,All,#4682B4,0
2,10,9,1.27,1.07089,1.58669,1,All,#4682B4,0
3,10,9,1.27,0.906591,1.44615,1,All,#4682B4,0
4,10,9,1.27,1.25882,1.44101,1,All,#4682B4,0
5,10,9,1.27,0.835461,1.2665,1,All,#4682B4,0
6,10,9,1.27,0.94818,1.55918,1,All,#4682B4,0
7,10,9,1.27,1.06356,1.3728,1,All,#4682B4,0
8,10,9,1.27,1.15282,1.31624,1,All,#4682B4,0
9,10,9,1.27,1.11127,1.65046,1,All,#4682B4,0
10,10,9,1.27,0.76203,1.40583,1,All,#4682B4,0
1,10,9.5,1.27,0.678496,1.44117,1,All,#4682B4,0
2,10,9.5,1.27,1.11254,1.50245,1,All,#4682B4,0
3,10,9.5,1.27,0.377522,1.34777,1,All,#4682B4,0
4,10,9.5,1.27,0.458319,1.36759,1,All,#4682B4,0
5,10,9.5,1.27,0.702328,1.18308,1,All,#4682B4,0
6,10,9.5,1.27,0.697423,1.46761,1,All,#4682B4,0
7,10,9.5,1.27,1.20132,1.26164,1,All,#4682B4,0
8,10,9.5,1.27,0.0403706,1.22368,1,All,#4682B4,0
9,10,9.5,1.27,1.16465,1.56299,1,All,#4682B4,0
10,10,9.5,1.27,0.425055,1.35428,1,All,#4682B4,0
1,10,10,1.8,1.8,1.35521,0,All,#4682B4,0
2,10,10,1.8,1.8,1.42381,0,All,#4682B4,0
3,10,10,1.8,1.8,1.27453,0,All,#4682B4,0
4,10,10,1.8,1.8,1.30861,0,All,#4682B4,0
5,10,10,1.8,1.8,1.12534,0,All,#4682B4,0
6,10,10,1.8,1.8,1.38001,0,All,#4682B4,0
7,10,10,1.8,1.8,1.17022,0,All,#4682B4,0
8,10,10,1.8,1.8,1.14923,0,All,#4682B4,0
9,10,10,1.8,1.8,1.48282,0,All,#4682B4,0
10,10,10,1.8,1.8,1.3257,0,All,#4682B4,0
1,10,10.5,1.27,1.10955,1.2773,1,All,#4682B4,0
2,10,10.5,1.27,1.08849,1.33259,1,All,#4682B4,0
3,10,10.5,1.27,0.901562,1.22606,1,All,#4682B4,0
4,10,10.5,1.27,0.351497,1.26575,1,All,#4682B4,0
5,10,10.5,1.27,0.98886,1.0917,1,All,#4682B4,0
6,10,10.5,1.27,1.23696,1.29649,1,All,#4682B4,0
7,10,10.5,1.27,1.04209,1.10083,1,All,#4682B4,0
8,10,10.5,1.27,0.816178,1.09538,1,All,#4682B4,0
9,10,10.5,1.27,0.515908,1.41157,1,All,#4682B4,0
10,10,10.5,1.27,0.733823,1.31657,1,All,#4682B4,0
1,10,11,1.64,1.64,1.20949,0,All,#4682B4,0
2,10,11,1.64,1.64,1.22378,0,All,#4682B4,0
3,10,11,1.64,1.64,1.19894,0,All,#4682B4,0
4,10,11,1.64,1.64,1.24002,0,All,#4682B4,0
5,10,11,1.64,1.64,1.07936,0,All,#4682B4,0
6,10,11,1.64,1.64,1.2117,0,All,#4682B4,0
7,10,11,1.64,1.64,1.05386,0,All,#4682B4,0
8,10,11,1.64,1.64,1.0627,0,All,#4682B4,0
9,10,11,1.64,1.64,1.33233,0,All,#4682B4,0
10,10,11,1.64,1.64,1.32364,0,All,#4682B4,0
1,10,11.5,1.27,1.24285,1.15035,1,All,#4682B4,0
2,10,11.5,1.27,0.409217,1.09958,1,All,#4682B4,0
3,10,11.5,1.27,1.09434,1.15307,1,All,#4682B4,0
4,10,11.5,1.27,1.02937,1.22711,1,All,#4682B4,0
5,10,11.5,1.27,1.22736,1.08497,1,All,#4682B4,0
6,10,11.5,1.27,0.180153,1.10138,1,All,#4682B4,0
7,10,11.5,1.27,1.00592,1.02134,1,All,#4682B4,0
8,10,11.5,1.27,0.854377,1.04665,1,All,#4682B4,0
9,10,11.5,1.27,0.356052,1.22295,1,All,#4682B4,0
10,10,11.5,1.27,1.01312,1.34333,1,All,#4682B4,0
1,10,12,1.27,0.895144,1.07946,1,All,#4682B4,0
2,10,12,1.27,0.959843,0.967164,1,All,#4682B4,0
3,10,12,1.27,1.19529,1.06093,1,All,#4682B4,0
4,10,12,1.27,0.486526,1.1971,1,All,#4682B4,0
5,10,12,1.27,1.20622,1.10155,1,All,#4682B4,0
6,10,12,1.27,1.12632,0.960228,1,All,#4682B4,0
7,10,12,1.27,1.13819,0.959955,1,All,#4682B4,0
8,10,12,1.27,0.98148,1.0322,1,All,#4682B4,0
9,10,12,1.27,0.821547,1.08646,1,All,#4682B4,0
10,10,12,1.27,0.459469,1.36465,1,All,#4682B4,0
1,10,12.5,1.27,1.07926,0.989344,1,All,#4682B4,0
2,10,12.5,1.27,0.933528,0.836074,1,All,#4682B4,0
3,10,12.5,1.27,0.882744,0.926193,1,All,#4682B4,0
4,10,12.5,1.27,0.459551,1.12928,1,All,#4682B4,0
5,10,12.5,1.27,1.26388,1.06836,1,All,#4682B4,0
6,10,12.5,1.27,0.907904,0.792005,1,All,#4682B4,0
7,10,12.5,1.27,0.831872,0.858909,1,All,#4682B4,0
8,10,12.5,1.27,1.1281,0.991643,1,All,#4682B4,0
9,10,12.5,1.27,0.737936,0.934105,1,All,#4682B4,0
10,10,12.5,1.27,0.454489,1.32825,1,All,#4682B4,0
1,10,13,1.27,0.513457,0.883394,1,All,#4682B4,0
2,10,13,1.27,0.64301,0.718841,1,All,#4682B4,0
3,10,13,1.27,0.226421,0.761581,1,All,#4682B4,0
4,10,13,1.27,0.693659,1.02891,1,All,#4682B4,0
5,10,13,1.27,0.873944,0.954675,1,All,#4682B4,0
6,10,13,1.27,0.367316,0.613549,1,All,#4682B4,0
7,10,13,1.27,0.822383,0.728197,1,All,#4682B4,0
8,10,13,1.27,1.02253,0.926586,1,All,#4682B4,0
9,10,13,1.27,0.523479,0.785456,1,All,#4682B4,0
10,10,13,1.27,0.416522,1.22037,1,All,#4682B4,0
1,10,13.5,1.27,0.271981,0.771146,1,All,#4682B4,0
2,10,13.5,1.27,0.580345,0.618475,1,All,#4682B4,0
3,10,13.5,1.27,0.762078,0.585607,1,All,#4682B4,0
4,10,13.5,1.27,1.15559,0.911184,1,All,#4682B4,0
5,10,13.5,1.27,0.82762,0.767877,1,All,#4682B4,0
6,10,13.5,1.27,0.113995,0.450168,1,All,#4682B4,0
7,10,13.5,1.27,0.639404,0.582896,1,All,#4682B4,0
8,10,13.5,1.27,0.761679,0.839054,1,All,#4682B4,0
9,10,13.5,1.27,0.875212,0.653693,1,All,#4682B4,0
10,10,13.5,1.27,0.634755,1.05089,1,All,#4682B4,0
1,10,14,1.27,0.278725,0.66235,1,All,#4682B4,0
2,10,14,1.27,0.699587,0.531063,1,All,#4682B4,0
3,10,14,1.27,0.685832,0.406567,1,All,#4682B4,0
4,10,14,1.27,0.655514,0.791177,1,All,#4682B4,0
5,10,14,1.27,0.299347,0.533363,1,All,#4682B4,0
6,10,14,1.27,0.298278,0.312733,1,All,#4682B4,0
7,10,14,1.27,0.383751,0.435914,1,All,#4682B4,0
8,10,14,1.27,0.270747,0.737322,1,All,#4682B4,0
9,10,14,1.27,0.60385,0.536544,1,All,#4682B4,0
10,10,14,1.27,0.753247,0.846038,1,All,#4682B4,0
1,10,14.5,1.27,0.479686,0.560948,1,All,#4682B4,0
2,10,14.5,1.27,0.575918,0.455016,1,All,#4682B4,0
3,10,14.5,1.27,0.301997,0.229414,1,All,#4682B4,0
4,10,14.5,1.27,0.369702,0.675655,1,All,#4682B4,0
5,10,14.5,1.27,0.285152,0.284037,1,All,#4682B4,0
6,10,14.5,1.27,0.153691,0.199042,1,All,#4682B4,0
7,10,14.5,1.27,0.204582,0.2929,1,All,#4682B4,0
8,10,14.5,1.27,0.501841,0.627183,1,All,#4682B4,0
9,10,14.5,1.27,0.809457,0.430908,1,All,#4682B4,0
10,10,14.5,1.27,0.625955,0.636386,1,All,#4682B4,0
1,10,15,1.27,0.470912,0.468492,1,All,#4682B4,0
2,10,15,1.27,0.490297,0.38542,1,All,#4682B4,0
3,10,15,1.27,0.0783139,0.0554925,1,All,#4682B4,0
4,10,15,1.27,0.726992,0.564935,1,All,#4682B4,0
5,10,15,1.27,0.00803187,0.030286,1,All,#4682B4,0
6,10,15,1.27,0.0802806,0.0997651,1,All,#4682B4,0
7,10,15,1.27,0.237256,0.154374,1,All,#4682B4,0
8,10,15,1.27,0.539813,0.516045,1,All,#4682B4,0
9,10,15,1.27,0.404803,0.331652,1,All,#4682B4,0
10,10,15,1.27,0.306491,0.424124,1,All,#4682B4,0
1,10,15.5,1.27,0.423009,0.383281,1,All,#4682B4,0
2,10,15.5,1.27,0.186503,0.319626,1,All,#4682B4,0
3,10,15.5,1.27,5.31561e-17,0,1,All,#4682B4,0
4,10,15.5,1.27,0.474892,0.457331,1,All,#4682B4,0
5,10,15.5,1.27,1.62842e-17,0,1,All,#4682B4,0
6,10,15.5,1.27,0.0150796,0.00935926,1,All,#4682B4,0
7,10,15.5,1.27,0.0186065,0.020119,1,All,#4682B4,0
8,10,15.5,1.27,0.292372,0.407031,1,All,#4682B4,0
9,10,15.5,1.27,0.34878,0.236034,1,All,#4682B4,0
10,10,15.5,1.27,0.168278,0.214977,1,All,#4682B4,0
1,10,16,1.27,0.315044,0.30353,1,All,#4682B4,0
2,10,16,1.27,0.0938225,0.256089,1,All,#4682B4,0
3,10,16,1.27,5.09802e-18,0,1,All,#4682B4,0
4,10,16,1.27,0.383325,0.351738,1,All,#4682B4,0
5,10,16,1.27,2.3569e-16,0,1,All,#4682B4,0
6,10,16,1.27,7.84236e-17,0,1,All,#4682B4,0
7,10,16,1.27,3.55213e-16,0,1,All,#4682B4,0
8,10,16,1.27,0.456124,0.298627,1,All,#4682B4,0
9,10,16,1.27,0.184393,0.142457,1,All,#4682B4,0
10,10,16,1.27,0.00554567,0.00807807,1,All,#4682B4,0
1,10,16.5,1.27,0.335727,0.226642,1,All,#4682B4,0
2,10,16.5,1.27,0.209614,0.193919,1,All,#4682B4,0
3,10,16.5,1.27,3.85631e-16,0,1,All,#4682B4,0
4,10,16.5,1.27,0.128491,0.247194,1,All,#4682B4,0
5,10,16.5,1.27,2.67453e-16,0,1,All,#4682B4,0
6,10,16.5,1.27,3.33663e-16,0,1,All,#4682B4,0
7,10,16.5,1.27,5.86075e-17,0,1,All,#4682B4,0
8,10,16.5,1.27,0.192436,0.192006,1,All,#4682B4,0
9,10,16.5,1.27,0.0327352,0.0498938,1,All,#4682B4,0
10,10,16.5,1.27,1.45661e-16,0,1,All,#4682B4,0
1,11,1,1.27,1.59274e-18,0,1,All,#4682B4,0
2,11,1,1.27,2.3981e-16,0,1,All,#4682B4,0
3,11,1,1.27,4.217e-16,0,1,All,#4682B4,0
4,11,1,1.27,9.39539e-17,0,1,All,#4682B4,0
5,11,1,1.27,3.96492e-17,0,1,All,#4682B4,0
6,11,1,1.27,3.42153e-17,0,1,All,#4682B4,0
7,11,1,1.27,5.64385e-17,0,1,All,#4682B4,0
8,11,1,1.27,3.84177e-16,0,1,All,#4682B4,0
9,11,1,1.27,7.62618e-17,0,1,All,#4682B4,0
10,11,1,1.27,1.28454e-16,0,1,All,#4682B4,0
1,11,1.5,1.27,3.74885e-16,0,1,All,#4682B4,0
2,11,1.5,1.27,4.74484e-17,0,1,All,#4682B4,0
3,11,1.5,1.27,7.753e-17,0,1,All,#4682B4,0
4,11,1.5,1.27,6.89428e-17,0,1,All,#4682B4,0
5,11,1.5,1.27,1.15767e-16,0,1,All,#4682B4,0
6,11,1.5,1.27,7.07905e-16,0,1,All,#4682B4,0
7,11,1.5,1.27,4.91143e-18,0,1,All,#4682B4,0
8,11,1.5,1.27,9.90426e-17,0,1,All,#4682B4,0
9,11,1.5,1.27,1.7612e-16,0,1,All,#4682B4,0
10,11,1.5,1.27,3.41678e-17,0,1,All,#4682B4,0
1,11,2,2.26,2.26,1.34097,0,All,#4682B4,0
2,11,2,2.26,2.26,1.18024,0,All,#4682B4,0
3,11,2,2.26,2.26,1.50609,0,All,#4682B4,0
4,11,2,2.26,2.26,1.18869,0,All,#4682B4,0
5,11,2,2.26,2.26,1.3039,0,All,#4682B4,0
6,11,2,2.26,2.26,1.8728,0,All,#4682B4,0
7,11,2,2.26,2.26,1.49651,0,All,#4682B4,0
8,11,2,2.26,2.26,1.22878,0,All,#4682B4,0
9,11,2,2.26,2.26,1.33738,0,All,#4682B4,0
10,11,2,2.26,2.26,1.20903,0,All,#4682B4,0
1,11,2.5,1.27,0.679762,2.12222,1,All,#4682B4,0
2,11,2.5,1.27,0.781145,2.26124,1,All,#4682B4,0
3,11,2.5,1.27,1.2153,2.36018,1,All,#4682B4,0
4,11,2.5,1.27,1.21038,2.14502,1,All,#4682B4,0
5,11,2.5,1.27,0.503762,2.25901,1,All,#4682B4,0
6,11,2.5,1.27,1.10468,2.46046,1,All,#4682B4,0
7,11,2.5,1.27,0.692096,2.34925,1,All,#4682B4,0
8,11,2.5,1.27,1.10152,2.09768,1,All,#4682B4,0
9,11,2.5,1.27,1.0848,2.30318,1,All,#4682B4,0
10,11,2.5,1.27,1.24377,2.36332,1,All,#4682B4,0
1,11,3,2.66,2.66,2.40667,0,All,#4682B4,0
2,11,3,2.66,2.66,2.6713,0,All,#4682B4,0
3,11,3,2.66,2.66,2.73058,0,All,#4682B4,0
4,11,3,2.66,2.66,2.5199,0,All,#4682B4,0
5,11,3,2.66,2.66,2.54377,0,All,#4682B4,0
6,11,3,2.66,2.66,2.6544,0,All,#4682B4,0
7,11,3,2.66,2.66,2.69317,0,All,#4682B4,0
8,11,3,2.66,2.66,2.53847,0,All,#4682B4,0
9,11,3,2.66,2.66,2.6691,0,All,#4682B4,0
10,11,3,2.66,2.66,2.76147,0,All,#4682B4,0
1,11,3.5,3.36,3.36,2.55322,0,All,#4682B4,0
2,11,3.5,3.36,3.36,2.89238,0,All,#4682B4,0
3,11,3.5,3.36,3.36,2.921,0,All,#4682B4,0
4,11,3.5,3.36,3.36,2.72136,0,All,#4682B4,0
5,11,3.5,3.36,3.36,2.65933,0,All,#4682B4,0
6,11,3.5,3.36,3.36,2.74452,0,All,#4682B4,0
7,11,3.5,3.36,3.36,2.87894,0,All,#4682B4,0
8,11,3.5,3.36,3.36,2.7991,0,All,#4682B4,0
9,11,3.5,3.36,3.36,2.86367,0,All,#4682B4,0
10,11,3.5,3.36,3.36,2.96637,0,All,#4682B4,0
1,11,4,2.78,2.78,2.62904,0,All,#4682B4,0
2,11,4,2.78,2.78,3.02162,0,All,#4682B4,0
3,11,4,2.78,2.78,2.99175,0,All,#4682B4,0
4,11,4,2.78,2.78,2.83546,0,All,#4682B4,0
5,11,4,2.78,2.78,2.67298,0,All,#4682B4,0
6,11,4,2.78,2.78,2.7783,0,All,#4682B4,0
7,11,4,2.78,2.78,2.98269,0,All,#4682B4,0
8,11,4,2.78,2.78,2.93975,0,All,#4682B4,0
9,11,4,2.78,2.78,2.97594,0,All,#4682B4,0
10,11,4,2.78,2.78,3.06843,0,All,#4682B4,0
1,11,4.5,3.46,3.46,2.65412,0,All,#4682B4,0
2,11,4.5,3.46,3.46,3.08562,0,All,#4682B4,0
3,11,4.5,3.46,3.46,2.96819,0,All,#4682B4,0
4,11,4.5,3.46,3.46,2.88896,0,All,#4682B4,0
5,11,4.5,3.46,3.46,2.62966,0,All,#4682B4,0
6,11,4.5,3.46,3.46,2.77173,0,All,#4682B4,0
7,11,4.5,3.46,3.46,3.02417,0,All,#4682B4,0
8,11,4.5,3.46,3.46,2.98425,0,All,#4682B4,0
9,11,4.5,3.46,3.46,3.03535,0,All,#4682B4,0
10,11,4.5,3.46,3.46,3.09336,0,All,#4682B4,0
1,11,5,3.24,3.24,2.63792,0,All,#4682B4,0
2,11,5,3.24,3.24,3.09475,0,All,#4682B4,0
3,11,5,3.24,3.24,2.88589,0,All,#4682B4,0
4,11,5,3.24,3.24,2.89197,0,All,#4682B4,0
5,11,5,3.24,3.24,2.5666,0,All,#4682B4,0
6,11,5,3.24,3.24,2.73795,0,All,#4682B4,0
7,11,5,3.24,3.24,3.00929,0,All,#4682B4,0
8,11,5,3.24,3.24,2.93764,0,All,#4682B4,0
9,11,5,3.24,3.24,3.0505,0,All,#4682B4,0
10,11,5,3.24,3.24,3.05884,0,All,#4682B4,0
1,11,5.5,2.23,2.23,2.59086,0,All,#4682B4,0
2,11,5.5,2.23,2.23,3.05422,0,All,#4682B4,0
3,11,5.5,2.23,2.23,2.77858,0,All,#4682B4,0
4,11,5.5,2.23,2.23,2.84892,0,All,#4682B4,0
5,11,5.5,2.23,2.23,2.4988,0,All,#4682B4,0
6,11,5.5,2.23,2.23,2.68947,0,All,#4682B4,0
7,11,5.5,2.23,2.23,2.94518,0,All,#4682B4,0
8,11,5.5,2.23,2.23,2.83115,0,All,#4682B4,0
9,11,5.5,2.23,2.23,3.01391,0,All,#4682B4,0
10,11,5.5,2.23,2.23,2.99088,0,All,#4682B4,0
1,11,6,3.32,3.32,2.52382,0,All,#4682B4,0
2,11,6,3.32,3.32,2.97156,0,All,#4682B4,0
3,11,6,3.32,3.32,2.66334,0,All,#4682B4,0
4,11,6,3.32,3.32,2.76217,0,All,#4682B4,0
5,11,6,3.32,3.32,2.43006,0,All,#4682B4,0
6,11,6,3.32,3.32,2.63474,0,All,#4682B4,0
7,11,6,3.32,3.32,2.83761,0,All,#4682B4,0
8,11,6,3.32,3.32,2.69348,0,All,#4682B4,0
9,11,6,3.32,3.32,2.93201,0,All,#4682B4,0
10,11,6,3.32,3.32,2.90913,0,All,#4682B4,0
1,11,6.5,3.97,3.97,2.44522,0,All,#4682B4,0
2,11,6.5,3.97,3.97,2.85506,0,All,#4682B4,0
3,11,6.5,3.97,3.97,2.54565,0,All,#4682B4,0
4,11,6.5,3.97,3.97,2.63825,0,All,#4682B4,0
5,11,6.5,3.97,3.97,2.36125,0,All,#4682B4,0
6,11,6.5,3.97,3.97,2.5778,0,All,#4682B4,0
7,11,6.5,3.97,3.97,2.69371,0,All,#4682B4,0
8,11,6.5,3.97,3.97,2.54285,0,All,#4682B4,0
9,11,6.5,3.97,3.97,2.80592,0,All,#4682B4,0
10,11,6.5,3.97,3.97,2.82298,0,All,#4682B4,0
1,11,7,3.4,3.4,2.35995,0,All,#4682B4,0
2,11,7,3.4,3.4,2.71066,0,All,#4682B4,0
3,11,7,3.4,3.4,2.40985,0,All,#4682B4,0
4,11,7,3.4,3.4,2.48339,0,All,#4682B4,0
5,11,7,3.4,3.4,2.29249,0,All,#4682B4,0
6,11,7,3.4,3.4,2.52017,0,All,#4682B4,0
7,11,7,3.4,3.4,2.51877,0,All,#4682B4,0
8,11,7,3.4,3.4,2.38263,0,All,#4682B4,0
9,11,7,3.4,3.4,2.63873,0,All,#4682B4,0
10,11,7,3.4,3.4,2.73094,0,All,#4682B4,0
1,11,7.5,4.23,4.23,2.25743,0,All,#4682B4,0
2,11,7.5,4.23,4.23,2.54329,0,All,#4682B4,0
3,11,7.5,4.23,4.23,2.2419,0,All,#4682B4,0
4,11,7.5,4.23,4.23,2.301,0,All,#4682B4,0
5,11,7.5,4.23,4.23,2.21513,0,All,#4682B4,0
6,11,7.5,4.23,4.23,2.45433,0,All,#4682B4,0
7,11,7.5,4.23,4.23,2.31631,0,All,#4682B4,0
8,11,7.5,4.23,4.23,2.20039,0,All,#4682B4,0
9,11,7.5,4.23,4.23,2.43425,0,All,#4682B4,0
10,11,7.5,4.23,4.23,2.61339,0,All,#4682B4,0
1,11,8,2.19,2.19,2.12803,0,All,#4682B4,0
2,11,8,2.19,2.19,2.35641,0,All,#4682B4,0
3,11,8,2.19,2.19,2.03581,0,All,#4682B4,0
4,11,8,2.19,2.19,2.09238,0,All,#4682B4,0
5,11,8,2.19,2.19,2.11586,0,All,#4682B4,0
6,11,8,2.19,2.19,2.36331,0,All,#4682B4,0
7,11,8,2.19,2.19,2.08871,0,All,#4682B4,0
8,11,8,2.19,2.19,1.99362,0,All,#4682B4,0
9,11,8,2.19,2.19,2.19751,0,All,#4682B4,0
10,11,8,2.19,2.19,2.45978,0,All,#4682B4,0
1,11,8.5,1.27,1.13961,1.96615,1,All,#4682B4,0
2,11,8.5,1.27,0.709706,2.15269,1,All,#4682B4,0
3,11,8.5,1.27,1.22637,1.7883,1,All,#4682B4,0
4,11,8.5,1.27,0.540615,1.85826,1,All,#4682B4,0
5,11,8.5,1.27,1.09531,1.98725,1,All,#4682B4,0
6,11,8.5,1.27,1.25583,2.23649,1,All,#4682B4,0
7,11,8.5,1.27,0.707791,1.83852,1,All,#4682B4,0
8,11,8.5,1.27,1.16449,1.76139,1,All,#4682B4,0
9,11,8.5,1.27,0.96373,1.93592,1,All,#4682B4,0
10,11,8.5,1.27,1.24964,2.26049,1,All,#4682B4,0
1,11,9,1.27,0.684437,1.76482,1,All,#4682B4,0
2,11,9,1.27,0.0869437,1.9347,1,All,#4682B4,0
3,11,9,1.27,1.08159,1.50237,1,All,#4682B4,0
4,11,9,1.27,0.940298,1.60048,1,All,#4682B4,0
5,11,9,1.27,1.01134,1.82375,1,All,#4682B4,0
6,11,9,1.27,0.949437,2.06016,1,All,#4682B4,0
7,11,9,1.27,0.874544,1.56598,1,All,#4682B4,0
8,11,9,1.27,0.746449,1.50347,1,All,#4682B4,0
9,11,9,1.27,0.299235,1.66235,1,All,#4682B4,0
10,11,9,1.27,1.11548,2.00503,1,All,#4682B4,0
1,11,9.5,1.27,0.652303,1.51646,1,All,#4682B4,0
2,11,9.5,1.27,0.662147,1.70589,1,All,#4682B4,0
3,11,9.5,1.27,0.978923,1.20038,1,All,#4682B4,0
4,11,9.5,1.27,1.20752,1.3259,1,All,#4682B4,0
5,11,9.5,1.27,0.301944,1.61829,1,All,#4682B4,0
6,11,9.5,1.27,0.946668,1.81805,1,All,#4682B4,0
7,11,9.5,1.27,0.689651,1.28175,1,All,#4682B4,0
8,11,9.5,1.27,1.23118,1.2238,1,All,#4682B4,0
9,11,9.5,1.27,0.636673,1.39563,1,All,#4682B4,0
10,11,9.5,1.27,1.0769,1.68803,1,All,#4682B4,0
1,11,10,1.27,0.519499,1.21668,1,All,#4682B4,0
2,11,10,1.27,0.817129,1.47207,1,All,#4682B4,0
3,11,10,1.27,0.487205,0.925462,1,All,#4682B4,0
4,11,10,1.27,1.06638,1.05247,1,All,#4682B4,0
5,11,10,1.27,1.24068,1.37239,1,All,#4682B4,0
6,11,10,1.27,1.22836,1.50153,1,All,#4682B4,0
7,11,10,1.27,0.430067,1.0025,1,All,#4682B4,0
8,11,10,1.27,0.346009,0.933189,1,All,#4682B4,0
9,11,10,1.27,0.405439,1.15349,1,All,#4682B4,0
10,11,10,1.27,1.20579,1.33217,1,All,#4682B4,0
1,11,10.5,1.27,0.491296,0.872159,1,All,#4682B4,0
2,11,10.5,1.27,0.908935,1.2428,1,All,#4682B4,0
3,11,10.5,1.27,0.965071,0.71151,1,All,#4682B4,0
4,11,10.5,1.27,0.527176,0.811916,1,All,#4682B4,0
5,11,10.5,1.27,0.849368,1.1168,1,All,#4682B4,0
6,11,10.5,1.27,1.12735,1.16989,1,All,#4682B4,0
7,11,10.5,1.27,1.1834,0.751119,1,All,#4682B4,0
8,11,10.5,1.27,0.78167,0.651121,1,All,#4682B4,0
9,11,10.5,1.27,1.08528,0.945722,1,All,#4682B4,0
10,11,10.5,1.27,0.971612,1.01317,1,All,#4682B4,0
1,11,11,1.27,0.76681,0.545364,1,All,#4682B4,0
2,11,11,1.27,0.929203,1.03121,1,All,#4682B4,0
3,11,11,1.27,0.403375,0.557522,1,All,#4682B4,0
4,11,11,1.27,0.404813,0.626471,1,All,#4682B4,0
5,11,11,1.27,0.342911,0.914764,1,All,#4682B4,0
6,11,11,1.27,1.07488,0.968229,1,All,#4682B4,0
7,11,11,1.27,0.675532,0.546787,1,All,#4682B4,0
8,11,11,1.27,0.370223,0.400699,1,All,#4682B4,0
9,11,11,1.27,1.23191,0.774429,1,All,#4682B4,0
10,11,11,1.27,0.71992,0.782581,1,All,#4682B4,0
1,11,11.5,1.27,0.511348,0.313761,1,All,#4682B4,0
2,11,11.5,1.27,0.893085,0.851318,1,All,#4682B4,0
3,11,11.5,1.27,0.472789,0.445018,1,All,#4682B4,0
4,11,11.5,1.27,0.567494,0.498027,1,All,#4682B4,0
5,11,11.5,1.27,1.24844,0.785165,1,All,#4682B4,0
6,11,11.5,1.27,0.621802,0.857507,1,All,#4682B4,0
7,11,11.5,1.27,0.672182,0.395818,1,All,#4682B4,0
8,11,11.5,1.27,0.14464,0.196375,1,All,#4682B4,0
9,11,11.5,1.27,0.182406,0.636241,1,All,#4682B4,0
10,11,11.5,1.27,0.620778,0.624376,1,All,#4682B4,0
1,11,12,1.27,0.190255,0.172111,1,All,#4682B4,0
2,11,12,1.27,0.770226,0.710891,1,All,#4682B4,0
3,11,12,1.27,0.132853,0.359612,1,All,#4682B4,0
4,11,12,1.27,0.208684,0.415062,1,All,#4682B4,0
5,11,12,1.27,0.843772,0.700418,1,All,#4682B4,0
6,11,12,1.27,0.793487,0.783381,1,All,#4682B4,0
7,11,12,1.27,0.320621,0.290696,1,All,#4682B4,0
8,11,12,1.27,0.039819,0.0402606,1,All,#4682B4,0
9,11,12,1.27,0.3429,0.527258,1,All,#4682B4,0
10,11,12,1.27,0.604004,0.510607,1,All,#4682B4,0
1,11,12.5,1.27,0.0985131,0.0820506,1,All,#4682B4,0
2,11,12.5,1.27,0.652562,0.609571,1,All,#4682B4,0
3,11,12.5,1.27,0.28652,0.288345,1,All,#4682B4,0
4,11,12.5,1.27,0.408157,0.362589,1,All,#4682B4,0
5,11,12.5,1.27,0.442876,0.639227,1,All,#4682B4,0
6,11,12.5,1.27,1.23578,0.724518,1,All,#4682B4,0
7,11,12.5,1.27,0.125083,0.219819,1,All,#4682B4,0
8,11,12.5,1.27,1.20617e-16,0,1,All,#4682B4,0
9,11,12.5,1.27,0.266619,0.439756,1,All,#4682B4,0
10,11,12.5,1.27,0.437474,0.421548,1,All,#4682B4,0
1,11,13,1.27,0.0200407,0.0182191,1,All,#4682B4,0
2,11,13,1.27,0.34052,0.541213,1,All,#4682B4,0
3,11,13,1.27,0.193623,0.225993,1,All,#4682B4,0
4,11,13,1.27,0.159169,0.329102,1,All,#4682B4,0
5,11,13,1.27,0.647445,0.589232,1,All,#4682B4,0
6,11,13,1.27,0.624892,0.67114,1,All,#4682B4,0
7,11,13,1.27,0.175243,0.17256,1,All,#4682B4,0
8,11,13,1.27,4.69344e-16,0,1,All,#4682B4,0
9,11,13,1.27,0.262431,0.368604,1,All,#4682B4,0
10,11,13,1.27,0.430477,0.345727,1,All,#4682B4,0
1,11,13.5,1.27,2.09474e-16,0,1,All,#4682B4,0
2,11,13.5,1.27,0.582705,0.497908,1,All,#4682B4,0
3,11,13.5,1.27,0.13738,0.168167,1,All,#4682B4,0
4,11,13.5,1.27,0.258456,0.306622,1,All,#4682B4,0
5,11,13.5,1.27,1.04388,0.543926,1,All,#4682B4,0
6,11,13.5,1.27,0.502512,0.620583,1,All,#4682B4,0
7,11,13.5,1.27,0.0469438,0.140645,1,All,#4682B4,0
8,11,13.5,1.27,3.67232e-17,0,1,All,#4682B4,0
9,11,13.5,1.27,0.315638,0.309168,1,All,#4682B4,0
10,11,13.5,1.27,0.285779,0.276266,1,All,#4682B4,0
1,11,14,1.27,1.03388e-16,0,1,All,#4682B4,0
2,11,14,1.27,0.555202,0.471799,1,All,#4682B4,0
3,11,14,1.27,0.0573156,0.112743,1,All,#4682B4,0
4,11,14,1.27,0.359888,0.289891,1,All,#4682B4,0
5,11,14,1.27,0.396873,0.500893,1,All,#4682B4,0
6,11,14,1.27,0.806818,0.569363,1,All,#4682B4,0
7,11,14,1.27,0.0997777,0.118266,1,All,#4682B4,0
8,11,14,1.27,6.46422e-16,0,1,All,#4682B4,0
9,11,14,1.27,0.139032,0.257751,1,All,#4682B4,0
10,11,14,1.27,0.363936,0.209482,1,All,#4682B4,0
1,11,14.5,1.27,6.93433e-17,0,1,All,#4682B4,0
2,11,14.5,1.27,0.196204,0.456735,1,All,#4682B4,0
3,11,14.5,1.27,0.0599759,0.0573572,1,All,#4682B4,0
4,11,14.5,1.27,0.477654,0.275822,1,All,#4682B4,0
5,11,14.5,1.27,0.361916,0.458004,1,All,#4682B4,0
6,11,14.5,1.27,0.294942,0.518623,1,All,#4682B4,0
7,11,14.5,1.27,0.119009,0.100594,1,All,#4682B4,0
8,11,14.5,1.27,4.7894e-17,0,1,All,#4682B4,0
9,11,14.5,1.27,0.154813,0.211777,1,All,#4682B4,0
10,11,14.5,1.27,0.281385,0.14423,1,All,#4682B4,0
1,11,15,1.27,3.25013e-17,0,1,All,#4682B4,0
2,11,15,1.27,0.361479,0.448822,1,All,#4682B4,0
3,11,15,1.27,0.00285245,0.00232732,1,All,#4682B4,0
4,11,15,1.27,0.323299,0.262754,1,All,#4682B4,0
5,11,15,1.27,0.437335,0.415733,1,All,#4682B4,0
6,11,15,1.27,0.254814,0.46774,1,All,#4682B4,0
7,11,15,1.27,0.0767216,0.0847057,1,All,#4682B4,0
8,11,15,1.27,1.88885e-16,0,1,All,#4682B4,0
9,11,15,1.27,0.118169,0.169221,1,All,#4682B4,0
10,11,15,1.27,0.137003,0.0788423,1,All,#4682B4,0
1,11,15.5,1.27,2.60492e-16,0,1,All,#4682B4,0
2,11,15.5,1.27,0.500823,0.446287,1,All,#4682B4,0
3,11,15.5,1.27,5.12994e-17,0,1,All,#4682B4,0
4,11,15.5,1.27,0.170889,0.249825,1,All,#4682B4,0
5,11,15.5,1.27,0.142707,0.373067,1,All,#4682B4,0
6,11,15.5,1.27,0.650516,0.416457,1,All,#4682B4,0
7,11,15.5,1.27,0.0386205,0.071611,1,All,#4682B4,0
8,11,15.5,1.27,1.72871e-16,0,1,All,#4682B4,0
9,11,15.5,1.27,0.0666452,0.129524,1,All,#4682B4,0
10,11,15.5,1.27,0.018725,0.0133107,1,All,#4682B4,0
1,12,1,1.27,1.41849e-16,0,1,All,#4682B4,0
2,12,1,1.27,1.48419e-16,0,1,All,#4682B4,0
3,12,1,1.27,9.03094e-17,0,1,All,#4682B4,0
4,12,1,1.27,1.1979e-16,0,1,All,#4682B4,0
5,12,1,1.27,1.05498e-16,0,1,All,#4682B4,0
6,12,1,1.27,9.89112e-17,0,1,All,#4682B4,0
7,12,1,1.27,1.76024e-16,0,1,All,#4682B4,0
8,12,1,1.27,1.14419e-16,0,1,All,#4682B4,0
9,12,1,1.27,1.08703e-16,0,1,All,#4682B4,0
10,12,1,1.27,4.97902e-17,0,1,All,#4682B4,0
1,12,1.5,1.27,3.40427e-16,0,1,All,#4682B4,0
2,12,1.5,1.27,6.10238e-17,0,1,All,#4682B4,0
3,12,1.5,1.27,1.99617e-16,0,1,All,#4682B4,0
4,12,1.5,1.27,3.2522e-16,0,1,All,#4682B4,0
5,12,1.5,1.27,9.11915e-17,0,1,All,#4682B4,0
6,12,1.5,1.27,1.93635e-16,0,1,All,#4682B4,0
7,12,1.5,1.27,8.62658e-17,0,1,All,#4682B4,0
8,12,1.5,1.27,8.04237e-17,0,1,All,#4682B4,0
9,12,1.5,1.27,5.22909e-17,0,1,All,#4682B4,0
10,12,1.5,1.27,4.03255e-17,0,1,All,#4682B4,0
1,12,2,1.27,1.0163e-16,0,1,All,#4682B4,0
2,12,2,1.27,1.06311e-16,0,1,All,#4682B4,0
3,12,2,1.27,5.05618e-16,0,1,All,#4682B4,0
4,12,2,1.27,1.72151e-16,0,1,All,#4682B4,0
5,12,2,1.27,4.86085e-16,0,1,All,#4682B4,0
6,12,2,1.27,9.68367e-17,0,1,All,#4682B4,0
7,12,2,1.27,3.09943e-16,0,1,All,#4682B4,0
8,12,2,1.27,1.31424e-16,0,1,All,#4682B4,0
9,12,2,1.27,1.1854e-16,0,1,All,#4682B4,0
10,12,2,1.27,2.68395e-16,0,1,All,#4682B4,0
1,12,2.5,1.27,2.60349e-16,0,1,All,#4682B4,0
2,12,2.5,1.27,6.5795e-18,0,1,All,#4682B4,0
3,12,2.5,1.27,7.99527e-17,0,1,All,#4682B4,0
4,12,2.5,1.27,2.4808e-17,0,1,All,#4682B4,0
5,12,2.5,1.27,5.34149e-17,0,1,All,#4682B4,0
6,12,2.5,1.27,8.71572e-19,0,1,All,#4682B4,0
7,12,2.5,1.27,9.11096e-17,0,1,All,#4682B4,0
8,12,2.5,1.27,4.3217e-16,0,1,All,#4682B4,0
9,12,2.5,1.27,4.08123e-16,0,1,All,#4682B4,0
10,12,2.5,1.27,6.73875e-17,0,1,All,#4682B4,0
1,12,3,1.27,2.31304e-16,0,1,All,#4682B4,0
2,12,3,1.27,2.01381e-16,0,1,All,#4682B4,0
3,12,3,1.27,2.33296e-16,0,1,All,#4682B4,0
4,12,3,1.27,8.60889e-17,0,1,All,#4682B4,0
5,12,3,1.27,1.96152e-17,0,1,All,#4682B4,0
6,12,3,1.27,1.37181e-16,0,1,All,#4682B4,0
7,12,3,1.27,1.04054e-16,0,1,All,#4682B4,0
8,12,3,1.27,2.17045e-16,0,1,All,#4682B4,0
9,12,3,1.27,2.47495e-17,0,1,All,#4682B4,0
10,12,3,1.27,1.85437e-16,0,1,All,#4682B4,0
1,12,3.5,1.27,1.07788e-17,0,1,All,#4682B4,0
2,12,3.5,1.27,6.37949e-17,0,1,All,#4682B4,0
3,12,3.5,1.27,1.82508e-16,0,1,All,#4682B4,0
4,12,3.5,1.27,1.13559e-16,0,1,All,#4682B4,0
5,12,3.5,1.27,2.00003e-16,0,1,All,#4682B4,0
6,12,3.5,1.27,3.77059e-16,0,1,All,#4682B4,0
7,12,3.5,1.27,2.04883e-16,0,1,All,#4682B4,0
8,12,3.5,1.27,1.04022e-16,0,1,All,#4682B4,0
9,12,3.5,1.27,5.36903e-17,0,1,All,#4682B4,0
10,12,3.5,1.27,7.65426e-17,0,1,All,#4682B4,0
1,12,4,1.27,1.084e-16,0,1,All,#4682B4,0
2,12,4,1.27,3.48329e-16,0,1,All,#4682B4,0
3,12,4,1.27,1.38294e-16,0,1,All,#4682B4,0
4,12,4,1.27,7.14367e-17,0,1,All,#4682B4,0
5,12,4,1.27,2.59104e-16,0,1,All,#4682B4,0
6,12,4,1.27,3.04871e-16,0,1,All,#4682B4,0
7,12,4,1.27,1.082e-16,0,1,All,#4682B4,0
8,12,4,1.27,7.97278e-17,0,1,All,#4682B4,0
9,12,4,1.27,3.26462e-16,0,1,All,#4682B4,0
10,12,4,1.27,3.70354e-16,0,1,All,#4682B4,0
1,12,4.5,1.27,0.993844,0.624039,1,All,#4682B4,0
2,12,4.5,1.27,1.00318,0.879574,1,All,#4682B4,0
3,12,4.5,1.27,0.15103,0.164492,1,All,#4682B4,0
4,12,4.5,1.27,0.569049,0.583062,1,All,#4682B4,0
5,12,4.5,1.27,0.561083,0.876407,1,All,#4682B4,0
6,12,4.5,1.27,0.209565,0.190652,1,All,#4682B4,0
7,12,4.5,1.27,0.39567,0.794238,1,All,#4682B4,0
8,12,4.5,1.27,0.81037,0.521933,1,All,#4682B4,0
9,12,4.5,1.27,0.713617,0.642247,1,All,#4682B4,0
10,12,4.5,1.27,0.426796,0.64138,1,All,#4682B4,0
1,12,5,1.27,1.26199,1.53676,1,All,#4682B4,0
2,12,5,1.27,1.17835,1.56204,1,All,#4682B4,0
3,12,5,1.27,1.22049,1.36267,1,All,#4682B4,0
4,12,5,1.27,0.666861,1.53779,1,All,#4682B4,0
5,12,5,1.27,1.07498,1.47331,1,All,#4682B4,0
6,12,5,1.27,0.608355,1.36786,1,All,#4682B4,0
7,12,5,1.27,0.516574,1.58896,1,All,#4682B4,0
8,12,5,1.27,0.87179,1.56485,1,All,#4682B4,0
9,12,5,1.27,0.0371825,1.49481,1,All,#4682B4,0
10,12,5,1.27,1.05316,1.64974,1,All,#4682B4,0
1,12,5.5,3.72,3.72,1.83301,0,All,#4682B4,0
2,12,5.5,3.72,3.72,1.85129,0,All,#4682B4,0
3,12,5.5,3.72,3.72,1.7344,0,All,#4682B4,0
4,12,5.5,3.72,3.72,1.88545,0,All,#4682B4,0
5,12,5.5,3.72,3.72,1.69283,0,All,#4682B4,0
6,12,5.5,3.72,3.72,1.69983,0,All,#4682B4,0
7,12,5.5,3.72,3.72,1.87722,0,All,#4682B4,0
8,12,5.5,3.72,3.72,1.91372,0,All,#4682B4,0
9,12,5.5,3.72,3.72,1.84108,0,All,#4682B4,0
10,12,5.5,3.72,3.72,1.96425,0,All,#4682B4,0
1,12,6,2.26,2.26,1.96711,0,All,#4682B4,0
2,12,6,2.26,2.26,1.9765,0,All,#4682B4,0
3,12,6,2.26,2.26,1.90279,0,All,#4682B4,0
4,12,6,2.26,2.26,2.05031,0,All,#4682B4,0
5,12,6,2.26,2.26,1.77251,0,All,#4682B4,0
6,12,6,2.26,2.26,1.83978,0,All,#4682B4,0
7,12,6,2.26,2.26,2.00527,0,All,#4682B4,0
8,12,6,2.26,2.26,2.06784,0,All,#4682B4,0
9,12,6,2.26,2.26,2.00987,0,All,#4682B4,0
10,12,6,2.26,2.26,2.09338,0,All,#4682B4,0
1,12,6.5,1.27,0.723353,2.0131,1,All,#4682B4,0
2,12,6.5,1.27,0.136856,1.98693,1,All,#4682B4,0
3,12,6.5,1.27,0.987751,1.9568,1,All,#4682B4,0
4,12,6.5,1.27,0.920749,2.11114,1,All,#4682B4,0
5,12,6.5,1.27,0.255253,1.76292,1,All,#4682B4,0
6,12,6.5,1.27,0.160562,1.87962,1,All,#4682B4,0
7,12,6.5,1.27,1.15545,2.04013,1,All,#4682B4,0
8,12,6.5,1.27,0.915244,2.11394,1,All,#4682B4,0
9,12,6.5,1.27,1.09775,2.07031,1,All,#4682B4,0
10,12,6.5,1.27,0.85253,2.12088,1,All,#4682B4,0
1,12,7,1.85,1.85,1.99171,0,All,#4682B4,0
2,12,7,1.85,1.85,1.89851,0,All,#4682B4,0
3,12,7,1.85,1.85,1.92153,0,All,#4682B4,0
4,12,7,1.85,1.85,2.08864,0,All,#4682B4,0
5,12,7,1.85,1.85,1.67551,0,All,#4682B4,0
6,12,7,1.85,1.85,1.84356,0,All,#4682B4,0
7,12,7,1.85,1.85,2.00048,0,All,#4682B4,0
8,12,7,1.85,1.85,2.07487,0,All,#4682B4,0
9,12,7,1.85,1.85,2.04195,0,All,#4682B4,0
10,12,7,1.85,1.85,2.07119,0,All,#4682B4,0
1,12,7.5,1.27,0.855997,1.91338,1,All,#4682B4,0
2,12,7.5,1.27,0.649918,1.72795,1,All,#4682B4,0
3,12,7.5,1.27,1.02777,1.81559,1,All,#4682B4,0
4,12,7.5,1.27,1.24498,1.99475,1,All,#4682B4,0
5,12,7.5,1.27,0.667633,1.52459,1,All,#4682B4,0
6,12,7.5,1.27,1.13973,1.74157,1,All,#4682B4,0
7,12,7.5,1.27,0.602672,1.89645,1,All,#4682B4,0
8,12,7.5,1.27,1.03191,1.96337,1,All,#4682B4,0
9,12,7.5,1.27,0.838582,1.93529,1,All,#4682B4,0
10,12,7.5,1.27,0.791771,1.95618,1,All,#4682B4,0
1,12,8,1.27,0.719893,1.7892,1,All,#4682B4,0
2,12,8,1.27,0.71656,1.49391,1,All,#4682B4,0
3,12,8,1.27,1.07468,1.65394,1,All,#4682B4,0
4,12,8,1.27,1.11553,1.84299,1,All,#4682B4,0
5,12,8,1.27,0.586744,1.32549,1,All,#4682B4,0
6,12,8,1.27,1.25742,1.58302,1,All,#4682B4,0
7,12,8,1.27,0.775033,1.7393,1,All,#4682B4,0
8,12,8,1.27,1.20597,1.79298,1,All,#4682B4,0
9,12,8,1.27,1.1423,1.76279,1,All,#4682B4,0
10,12,8,1.27,0.407716,1.79078,1,All,#4682B4,0
1,12,8.5,1.27,1.19326,1.63005,1,All,#4682B4,0
2,12,8.5,1.27,0.410119,1.2194,1,All,#4682B4,0
3,12,8.5,1.27,0.92245,1.45268,1,All,#4682B4,0
4,12,8.5,1.27,1.25019,1.64697,1,All,#4682B4,0
5,12,8.5,1.27,1.21131,1.09976,1,All,#4682B4,0
6,12,8.5,1.27,1.12422,1.38358,1,All,#4682B4,0
7,12,8.5,1.27,0.807969,1.54212,1,All,#4682B4,0
8,12,8.5,1.27,1.02202,1.57776,1,All,#4682B4,0
9,12,8.5,1.27,1.14058,1.54081,1,All,#4682B4,0
10,12,8.5,1.27,1.14981,1.5932,1,All,#4682B4,0
1,12,9,1.27,1.19829,1.44575,1,All,#4682B4,0
2,12,9,1.27,1.13754,0.940531,1,All,#4682B4,0
3,12,9,1.27,0.851526,1.22798,1,All,#4682B4,0
4,12,9,1.27,0.890063,1.41804,1,All,#4682B4,0
5,12,9,1.27,0.638787,0.874748,1,All,#4682B4,0
6,12,9,1.27,1.10689,1.1577,1,All,#4682B4,0
7,12,9,1.27,1.07796,1.32003,1,All,#4682B4,0
8,12,9,1.27,1.23803,1.33416,1,All,#4682B4,0
9,12,9,1.27,0.974629,1.28932,1,All,#4682B4,0
10,12,9,1.27,0.959369,1.37731,1,All,#4682B4,0
1,12,9.5,1.27,0.495562,1.24561,1,All,#4682B4,0
2,12,9.5,1.27,0.414101,0.695185,1,All,#4682B4,0
3,12,9.5,1.27,1.12346,0.998058,1,All,#4682B4,0
4,12,9.5,1.27,0.92064,1.17048,1,All,#4682B4,0
5,12,9.5,1.27,0.878813,0.680048,1,All,#4682B4,0
6,12,9.5,1.27,1.11376,0.923874,1,All,#4682B4,0
7,12,9.5,1.27,0.27327,1.09196,1,All,#4682B4,0
8,12,9.5,1.27,1.10059,1.0819,1,All,#4682B4,0
9,12,9.5,1.27,1.21458,1.02952,1,All,#4682B4,0
10,12,9.5,1.27,0.812773,1.16512,1,All,#4682B4,0
1,12,10,1.27,0.783945,1.03899,1,All,#4682B4,0
2,12,10,1.27,0.488011,0.505968,1,All,#4682B4,0
3,12,10,1.27,0.420698,0.787089,1,All,#4682B4,0
4,12,10,1.27,0.498618,0.922794,1,All,#4682B4,0
5,12,10,1.27,0.531819,0.53128,1,All,#4682B4,0
6,12,10,1.27,0.59871,0.703944,1,All,#4682B4,0
7,12,10,1.27,1.20103,0.881173,1,All,#4682B4,0
8,12,10,1.27,1.08513,0.844324,1,All,#4682B4,0
9,12,10,1.27,0.809509,0.785432,1,All,#4682B4,0
10,12,10,1.27,1.01584,0.970551,1,All,#4682B4,0
1,12,10.5,1.27,0.914249,0.837666,1,All,#4682B4,0
2,12,10.5,1.27,0.397713,0.375968,1,All,#4682B4,0
3,12,10.5,1.27,0.881034,0.620176,1,All,#4682B4,0
4,12,10.5,1.27,0.659599,0.701121,1,All,#4682B4,0
5,12,10.5,1.27,0.28301,0.426906,1,All,#4682B4,0
6,12,10.5,1.27,0.353207,0.517684,1,All,#4682B4,0
7,12,10.5,1.27,0.772909,0.709622,1,All,#4682B4,0
8,12,10.5,1.27,0.682362,0.641873,1,All,#4682B4,0
9,12,10.5,1.27,0.367757,0.578683,1,All,#4682B4,0
10,12,10.5,1.27,0.342529,0.80212,1,All,#4682B4,0
1,12,11,1.27,0.442909,0.662783,1,All,#4682B4,0
2,12,11,1.27,0.318668,0.294132,1,All,#4682B4,0
3,12,11,1.27,0.257312,0.506659,1,All,#4682B4,0
4,12,11,1.27,0.673957,0.52919,1,All,#4682B4,0
5,12,11,1.27,0.188837,0.357406,1,All,#4682B4,0
6,12,11,1.27,0.457809,0.376496,1,All,#4682B4,0
7,12,11,1.27,0.300951,0.586722,1,All,#4682B4,0
8,12,11,1.27,0.264559,0.488532,1,All,#4682B4,0
9,12,11,1.27,0.0425259,0.421159,1,All,#4682B4,0
10,12,11,1.27,1.03497,0.6644,1,All,#4682B4,0
1,12,11.5,1.27,0.520061,0.53259,1,All,#4682B4,0
2,12,11.5,1.27,0.34312,0.245348,1,All,#4682B4,0
3,12,11.5,1.27,0.332362,0.438322,1,All,#4682B4,0
4,12,11.5,1.27,0.505616,0.413316,1,All,#4682B4,0
5,12,11.5,1.27,0.363994,0.310395,1,All,#4682B4,0
6,12,11.5,1.27,0.275274,0.278133,1,All,#4682B4,0
7,12,11.5,1.27,0.260302,0.507556,1,All,#4682B4,0
8,12,11.5,1.27,0.754705,0.384748,1,All,#4682B4,0
9,12,11.5,1.27,0.400258,0.312429,1,All,#4682B4,0
10,12,11.5,1.27,0.39937,0.555759,1,All,#4682B4,0
1,12,12,1.27,0.432014,0.449411,1,All,#4682B4,0
2,12,12,1.27,0.248717,0.216247,1,All,#4682B4,0
3,12,12,1.27,0.319452,0.401297,1,All,#4682B4,0
4,12,12,1.27,0.135853,0.341206,1,All,#4682B4,0
5,12,12,1.27,0.310548,0.276572,1,All,#4682B4,0
6,12,12,1.27,0.348465,0.213137,1,All,#4682B4,0
7,12,12,1.27,0.189391,0.461107,1,All,#4682B4,0
8,12,12,1.27,0.372125,0.320572,1,All,#4682B4,0
9,12,12,1.27,0.316422,0.242053,1,All,#4682B4,0
10,12,12,1.27,0.507927,0.471997,1,All,#4682B4,0
1,12,12.5,1.27,0.367803,0.403094,1,All,#4682B4,0
2,12,12.5,1.27,0.287028,0.198809,1,All,#4682B4,0
3,12,12.5,1.27,0.371465,0.384884,1,All,#4682B4,0
4,12,12.5,1.27,0.380553,0.30118,1,All,#4682B4,0
5,12,12.5,1.27,0.328944,0.249368,1,All,#4682B4,0
6,12,12.5,1.27,0.147445,0.170782,1,All,#4682B4,0
7,12,12.5,1.27,0.206871,0.433893,1,All,#4682B4,0
8,12,12.5,1.27,0.332419,0.284119,1,All,#4682B4,0
9,12,12.5,1.27,0.211718,0.198688,1,All,#4682B4,0
10,12,12.5,1.27,0.341507,0.407354,1,All,#4682B4,0
1,12,13,1.27,0.557553,0.381284,1,All,#4682B4,0
2,12,13,1.27,0.177252,0.185325,1,All,#4682B4,0
3,12,13,1.27,0.387069,0.378156,1,All,#4682B4,0
4,12,13,1.27,0.189729,0.281419,1,All,#4682B4,0
5,12,13,1.27,0.273218,0.226484,1,All,#4682B4,0
6,12,13,1.27,0.154207,0.142789,1,All,#4682B4,0
7,12,13,1.27,0.360118,0.418507,1,All,#4682B4,0
8,12,13,1.27,0.149517,0.265058,1,All,#4682B4,0
9,12,13,1.27,0.112258,0.173867,1,All,#4682B4,0
10,12,13,1.27,0.384762,0.356572,1,All,#4682B4,0
1,12,13.5,1.27,0.130746,0.374258,1,All,#4682B4,0
2,12,13.5,1.27,0.0923303,0.176604,1,All,#4682B4,0
3,12,13.5,1.27,0.361048,0.37623,1,All,#4682B4,0
4,12,13.5,1.27,0.191771,0.274082,1,All,#4682B4,0
5,12,13.5,1.27,0.095849,0.204805,1,All,#4682B4,0
6,12,13.5,1.27,0.165319,0.122875,1,All,#4682B4,0
7,12,13.5,1.27,0.46728,0.410415,1,All,#4682B4,0
8,12,13.5,1.27,0.318478,0.255486,1,All,#4682B4,0
9,12,13.5,1.27,0.248985,0.15967,1,All,#4682B4,0
10,12,13.5,1.27,0.412772,0.314933,1,All,#4682B4,0
1,12,14,1.27,0.465231,0.374054,1,All,#4682B4,0
2,12,14,1.27,0.15161,0.166343,1,All,#4682B4,0
3,12,14,1.27,0.429873,0.379358,1,All,#4682B4,0
4,12,14,1.27,0.429344,0.272218,1,All,#4682B4,0
5,12,14,1.27,0.0546292,0.183717,1,All,#4682B4,0
6,12,14,1.27,0.0698245,0.107538,1,All,#4682B4,0
7,12,14,1.27,0.332775,0.406524,1,All,#4682B4,0
8,12,14,1.27,0.508908,0.250871,1,All,#4682B4,0
9,12,14,1.27,0.261286,0.151836,1,All,#4682B4,0
10,12,14,1.27,0.177789,0.279619,1,All,#4682B4,0
1,12,14.5,1.27,0.367716,0.378697,1,All,#4682B4,0
2,12,14.5,1.27,0.143057,0.156668,1,All,#4682B4,0
3,12,14.5,1.27,0.126117,0.383246,1,All,#4682B4,0
4,12,14.5,1.27,0.336012,0.273647,1,All,#4682B4,0
5,12,14.5,1.27,0.0936375,0.163134,1,All,#4682B4,0
6,12,14.5,1.27,0.11805,0.0944004,1,All,#4682B4,0
7,12,14.5,1.27,0.55745,0.403366,1,All,#4682B4,0
8,12,14.5,1.27,0.258667,0.249789,1,All,#4682B4,0
9,12,14.5,1.27,0.276407,0.146535,1,All,#4682B4,0
10,12,14.5,1.27,0.0886483,0.248518,1,All,#4682B4,0
1,12,15,1.27,0.283593,0.385671,1,All,#4682B4,0
2,12,15,1.27,0.176323,0.146281,1,All,#4682B4,0
3,12,15,1.27,0.298528,0.38633,1,All,#4682B4,0
4,12,15,1.27,0.214296,0.275599,1,All,#4682B4,0
5,12,15,1.27,0.108276,0.141547,1,All,#4682B4,0
6,12,15,1.27,0.113195,0.0822834,1,All,#4682B4,0
7,12,15,1.27,0.387832,0.400613,1,All,#4682B4,0
8,12,15,1.27,0.470709,0.251243,1,All,#4682B4,0
9,12,15,1.27,0.23754,0.142746,1,All,#4682B4,0
10,12,15,1.27,0.264744,0.219634,1,All,#4682B4,0
1,12,15.5,1.27,0.451645,0.393047,1,All,#4682B4,0
2,12,15.5,1.27,0.131111,0.136386,1,All,#4682B4,0
3,12,15.5,1.27,0.633671,0.389196,1,All,#4682B4,0
4,12,15.5,1.27,0.318286,0.278435,1,All,#4682B4,0
5,12,15.5,1.27,0.117372,0.119811,1,All,#4682B4,0
6,12,15.5,1.27,0.102321,0.0705022,1,All,#4682B4,0
7,12,15.5,1.27,0.49035,0.397549,1,All,#4682B4,0
8,12,15.5,1.27,0.368348,0.249372,1,All,#4682B4,0
9,12,15.5,1.27,0.112185,0.139351,1,All,#4682B4,0
10,12,15.5,1.27,0.224768,0.192461,1,All,#4682B4,0
1,12,16,1.27,0.398599,0.400436,1,All,#4682B4,0
2,12,16,1.27,0.0922978,0.124753,1,All,#4682B4,0
3,12,16,1.27,0.206825,0.391588,1,All,#4682B4,0
4,12,16,1.27,0.431683,0.281732,1,All,#4682B4,0
5,12,16,1.27,0.126298,0.0972593,1,All,#4682B4,0
6,12,16,1.27,0.0597244,0.0584915,1,All,#4682B4,0
7,12,16,1.27,0.360948,0.393976,1,All,#4682B4,0
8,12,16,1.27,0.266499,0.25014,1,All,#4682B4,0
9,12,16,1.27,0.0908964,0.13565,1,All,#4682B4,0
10,12,16,1.27,0.147776,0.166168,1,All,#4682B4,0
1,12,16.5,1.27,0.574163,0.406479,1,All,#4682B4,0
2,12,16.5,1.27,0.159966,0.112281,1,All,#4682B4,0
3,12,16.5,1.27,0.285504,0.392846,1,All,#4682B4,0
4,12,16.5,1.27,0.404873,0.283754,1,All,#4682B4,0
5,12,16.5,1.27,0.0320696,0.0741016,1,All,#4682B4,0
6,12,16.5,1.27,0.0313447,0.0462757,1,All,#4682B4,0
7,12,16.5,1.27,0.471566,0.38983,1,All,#4682B4,0
8,12,16.5,1.27,0.226546,0.248703,1,All,#4682B4,0
9,12,16.5,1.27,0.17121,0.131256,1,All,#4682B4,0
10,12,16.5,1.27,0.176987,0.140124,1,All,#4682B4,0
1,12,17,1.27,0.421599,0.412764,1,All,#4682B4,0
2,12,17,1.27,0.0898031,0.0986451,1,All,#4682B4,0
3,12,17,1.27,0.296793,0.393454,1,All,#4682B4,0
4,12,17,1.27,0.272289,0.283728,1,All,#4682B4,0
5,12,17,1.27,0.0510611,0.0502489,1,All,#4682B4,0
6,12,17,1.27,0.0128318,0.0336138,1,All,#4682B4,0
7,12,17,1.27,0.740264,0.384934,1,All,#4682B4,0
8,12,17,1.27,0.0742261,0.248332,1,All,#4682B4,0
9,12,17,1.27,0.121983,0.126073,1,All,#4682B4,0
10,12,17,1.27,0.0932245,0.113972,1,All,#4682B4,0
1,12,17.5,1.27,0.375899,0.417975,1,All,#4682B4,0
2,12,17.5,1.27,0.0966627,0.0839761,1,All,#4682B4,0
3,12,17.5,1.27,0.274231,0.393091,1,All,#4682B4,0
4,12,17.5,1.27,0.208273,0.282677,1,All,#4682B4,0
5,12,17.5,1.27,0.0330459,0.0257109,1,All,#4682B4,0
6,12,17.5,1.27,0.0301481,0.0204235,1,All,#4682B4,0
7,12,17.5,1.27,0.39142,0.379318,1,All,#4682B4,0
8,12,17.5,1.27,0.347143,0.246181,1,All,#4682B4,0
9,12,17.5,1.27,0.125164,0.120208,1,All,#4682B4,0
10,12,17.5,1.27,0.111604,0.0876993,1,All,#4682B4,0
1,12,18,1.27,0.366436,0.422489,1,All,#4682B4,0
2,12,18,1.27,0.061816,0.0681808,1,All,#4682B4,0
3,12,18,1.27,0.548279,0.391807,1,All,#4682B4,0
4,12,18,1.27,0.304562,0.28253,1,All,#4682B4,0
5,12,18,1.27,0.000311664,0.000463382,1,All,#4682B4,0
6,12,18,1.27,0.00412078,0.00588796,1,All,#4682B4,0
7,12,18,1.27,0.21985,0.372512,1,All,#4682B4,0
8,12,18,1.27,0.205709,0.24294,1,All,#4682B4,0
9,12,18,1.27,0.0835436,0.113323,1,All,#4682B4,0
10,12,18,1.27,0.0125917,0.0610443,1,All,#4682B4,0
1,13,1,1.27,4.62323e-16,0,1,All,#4682B4,0
2,13,1,1.27,1.18772e-16,0,1,All,#4682B4,0
3,13,1,1.27,1.91038e-16,0,1,All,#4682B4,0
4,13,1,1.27,1.30258e-16,0,1,All,#4682B4,0
5,13,1,1.27,6.19688e-16,0,1,All,#4682B4,0
6,13,1,1.27,7.30761e-17,0,1,All,#4682B4,0
7,13,1,1.27,4.87052e-17,0,1,All,#4682B4,0
8,13,1,1.27,1.80243e-16,0,1,All,#4682B4,0
9,13,1,1.27,4.58452e-16,0,1,All,#4682B4,0
10,13,1,1.27,5.64312e-17,0,1,All,#4682B4,0
1,13,1.5,1.27,2.8195e-16,0,1,All,#4682B4,0
2,13,1.5,1.27,4.0757e-16,0,1,All,#4682B4,0
3,13,1.5,1.27,1.74566e-17,0,1,All,#4682B4,0
4,13,1.5,1.27,2.32194e-17,0,1,All,#4682B4,0
5,13,1.5,1.27,4.10513e-16,0,1,All,#4682B4,0
6,13,1.5,1.27,4.13528e-17,0,1,All,#4682B4,0
7,13,1.5,1.27,2.13476e-16,0,1,All,#4682B4,0
8,13,1.5,1.27,1.81167e-16,0,1,All,#4682B4,0
9,13,1.5,1.27,9.41726e-17,0,1,All,#4682B4,0
10,13,1.5,1.27,2.21685e-16,0,1,All,#4682B4,0
1,13,2,1.27,3.10468e-16,0,1,All,#4682B4,0
2,13,2,1.27,3.63847e-17,0,1,All,#4682B4,0
3,13,2,1.27,0.0332676,0.0806771,1,All,#4682B4,0
4,13,2,1.27,0.0650599,0.375438,1,All,#4682B4,0
5,13,2,1.27,2.4148e-16,0,1,All,#4682B4,0
6,13,2,1.27,2.70277e-16,0,1,All,#4682B4,0
7,13,2,1.27,6.4237e-17,0,1,All,#4682B4,0
8,13,2,1.27,5.59729e-16,0,1,All,#4682B4,0
9,13,2,1.27,7.02992e-17,0,1,All,#4682B4,0
10,13,2,1.27,3.14895e-16,0,1,All,#4682B4,0
1,13,2.5,1.27,0.263995,0.370067,1,All,#4682B4,0
2,13,2.5,1.27,0.26953,0.227845,1,All,#4682B4,0
3,13,2.5,1.27,1.22645,0.9355,1,All,#4682B4,0
4,13,2.5,1.27,1.00536,1.14637,1,All,#4682B4,0
5,13,2.5,1.27,0.745872,0.721763,1,All,#4682B4,0
6,13,2.5,1.27,0.282133,0.421876,1,All,#4682B4,0
7,13,2.5,1.27,0.207895,0.471466,1,All,#4682B4,0
8,13,2.5,1.27,0.686639,0.593575,1,All,#4682B4,0
9,13,2.5,1.27,0.290355,0.342512,1,All,#4682B4,0
10,13,2.5,1.27,0.441856,0.452502,1,All,#4682B4,0
1,13,3,1.27,0.255525,1.00779,1,All,#4682B4,0
2,13,3,1.27,0.824673,1.07871,1,All,#4682B4,0
3,13,3,1.27,0.894603,1.39938,1,All,#4682B4,0
4,13,3,1.27,1.07813,1.57864,1,All,#4682B4,0
5,13,3,1.27,1.01097,1.32258,1,All,#4682B4,0
6,13,3,1.27,0.323794,1.01759,1,All,#4682B4,0
7,13,3,1.27,0.518852,1.13625,1,All,#4682B4,0
8,13,3,1.27,0.459632,0.994477,1,All,#4682B4,0
9,13,3,1.27,1.07509,1.18703,1,All,#4682B4,0
10,13,3,1.27,1.06284,0.956657,1,All,#4682B4,0
1,13,3.5,1.62,1.62,1.42245,0,All,#4682B4,0
2,13,3.5,1.62,1.62,1.6465,0,All,#4682B4,0
3,13,3.5,1.62,1.62,1.66848,0,All,#4682B4,0
4,13,3.5,1.62,1.62,1.82049,0,All,#4682B4,0
5,13,3.5,1.62,1.62,1.70734,0,All,#4682B4,0
6,13,3.5,1.62,1.62,1.3593,0,All,#4682B4,0
7,13,3.5,1.62,1.62,1.62084,0,All,#4682B4,0
8,13,3.5,1.62,1.62,1.23706,0,All,#4682B4,0
9,13,3.5,1.62,1.62,1.7065,0,All,#4682B4,0
10,13,3.5,1.62,1.62,1.26531,0,All,#4682B4,0
1,13,4,2.11,2.11,1.66884,0,All,#4682B4,0
2,13,4,2.11,2.11,2.01279,0,All,#4682B4,0
3,13,4,2.11,2.11,1.79984,0,All,#4682B4,0
4,13,4,2.11,2.11,1.90334,0,All,#4682B4,0
5,13,4,2.11,2.11,1.91527,0,All,#4682B4,0
6,13,4,2.11,2.11,1.54021,0,All,#4682B4,0
7,13,4,2.11,2.11,1.93495,0,All,#4682B4,0
8,13,4,2.11,2.11,1.36499,0,All,#4682B4,0
9,13,4,2.11,2.11,1.9958,0,All,#4682B4,0
10,13,4,2.11,2.11,1.41929,0,All,#4682B4,0
1,13,4.5,1.27,1.08831,1.74842,1,All,#4682B4,0
2,13,4.5,1.27,0.58883,2.17513,1,All,#4682B4,0
3,13,4.5,1.27,0.473573,1.80689,1,All,#4682B4,0
4,13,4.5,1.27,0.633624,1.84556,1,All,#4682B4,0
5,13,4.5,1.27,0.850642,1.94448,1,All,#4682B4,0
6,13,4.5,1.27,0.894035,1.58296,1,All,#4682B4,0
7,13,4.5,1.27,0.904188,2.03259,1,All,#4682B4,0
8,13,4.5,1.27,0.340996,1.39296,1,All,#4682B4,0
9,13,4.5,1.27,1.18159,2.05404,1,All,#4682B4,0
10,13,4.5,1.27,0.6661,1.42374,1,All,#4682B4,0
1,13,5,2,2,1.67163,0,All,#4682B4,0
2,13,5,2,2,2.12834,0,All,#4682B4,0
3,13,5,2,2,1.7053,0,All,#4682B4,0
4,13,5,2,2,1.69362,0,All,#4682B4,0
5,13,5,2,2,1.81776,0,All,#4682B4,0
6,13,5,2,2,1.49674,0,All,#4682B4,0
7,13,5,2,2,1.92145,0,All,#4682B4,0
8,13,5,2,2,1.34283,0,All,#4682B4,0
9,13,5,2,2,1.92024,0,All,#4682B4,0
10,13,5,2,2,1.30137,0,All,#4682B4,0
1,13,5.5,1.27,1.12772,1.49863,1,All,#4682B4,0
2,13,5.5,1.27,0.970804,1.93242,1,All,#4682B4,0
3,13,5.5,1.27,1.01661,1.5219,1,All,#4682B4,0
4,13,5.5,1.27,1.26118,1.50053,1,All,#4682B4,0
5,13,5.5,1.27,1.00003,1.59867,1,All,#4682B4,0
6,13,5.5,1.27,1.26196,1.32945,1,All,#4682B4,0
7,13,5.5,1.27,1.03186,1.6885,1,All,#4682B4,0
8,13,5.5,1.27,1.06796,1.24785,1,All,#4682B4,0
9,13,5.5,1.27,1.23669,1.69439,1,All,#4682B4,0
10,13,5.5,1.27,0.715389,1.10276,1,All,#4682B4,0
1,13,6,1.27,0.826355,1.286,1,All,#4682B4,0
2,13,6,1.27,0.824153,1.67471,1,All,#4682B4,0
3,13,6,1.27,0.482066,1.30012,1,All,#4682B4,0
4,13,6,1.27,0.642898,1.30228,1,All,#4682B4,0
5,13,6,1.27,0.908439,1.353,1,All,#4682B4,0
6,13,6,1.27,0.153481,1.12954,1,All,#4682B4,0
7,13,6,1.27,0.869333,1.42435,1,All,#4682B4,0
8,13,6,1.27,1.17711,1.1369,1,All,#4682B4,0
9,13,6,1.27,1.06444,1.4556,1,All,#4682B4,0
10,13,6,1.27,1.24523,0.879432,1,All,#4682B4,0
1,13,6.5,1.27,1.21187,1.08112,1,All,#4682B4,0
2,13,6.5,1.27,1.01536,1.41804,1,All,#4682B4,0
3,13,6.5,1.27,0.646413,1.0818,1,All,#4682B4,0
4,13,6.5,1.27,1.04293,1.11908,1,All,#4682B4,0
5,13,6.5,1.27,1.14351,1.12713,1,All,#4682B4,0
6,13,6.5,1.27,1.13796,0.933975,1,All,#4682B4,0
7,13,6.5,1.27,1.09288,1.1775,1,All,#4682B4,0
8,13,6.5,1.27,0.514191,1.0272,1,All,#4682B4,0
9,13,6.5,1.27,0.192117,1.23991,1,All,#4682B4,0
10,13,6.5,1.27,1.08597,0.67199,1,All,#4682B4,0
1,13,7,1.27,0.752376,0.908152,1,All,#4682B4,0
2,13,7,1.27,0.869082,1.19139,1,All,#4682B4,0
3,13,7,1.27,0.625942,0.895227,1,All,#4682B4,0
4,13,7,1.27,0.570887,0.961977,1,All,#4682B4,0
5,13,7,1.27,0.578009,0.941036,1,All,#4682B4,0
6,13,7,1.27,0.364627,0.763522,1,All,#4682B4,0
7,13,7,1.27,0.777381,0.96447,1,All,#4682B4,0
8,13,7,1.27,0.690902,0.927476,1,All,#4682B4,0
9,13,7,1.27,0.810133,1.06127,1,All,#4682B4,0
10,13,7,1.27,0.646227,0.505578,1,All,#4682B4,0
1,13,7.5,1.27,0.523165,0.77393,1,All,#4682B4,0
2,13,7.5,1.27,1.08772,1.00376,1,All,#4682B4,0
3,13,7.5,1.27,0.191183,0.753628,1,All,#4682B4,0
4,13,7.5,1.27,0.449878,0.836042,1,All,#4682B4,0
5,13,7.5,1.27,0.211711,0.800061,1,All,#4682B4,0
6,13,7.5,1.27,1.17412,0.627421,1,All,#4682B4,0
7,13,7.5,1.27,0.664739,0.792662,1,All,#4682B4,0
8,13,7.5,1.27,0.202562,0.842159,1,All,#4682B4,0
9,13,7.5,1.27,0.30391,0.923729,1,All,#4682B4,0
10,13,7.5,1.27,0.426091,0.378615,1,All,#4682B4,0
1,13,8,1.27,0.626181,0.678122,1,All,#4682B4,0
2,13,8,1.27,0.642543,0.857015,1,All,#4682B4,0
3,13,8,1.27,0.815866,0.658017,1,All,#4682B4,0
4,13,8,1.27,0.335987,0.742558,1,All,#4682B4,0
5,13,8,1.27,0.757515,0.702756,1,All,#4682B4,0
6,13,8,1.27,0.745082,0.527926,1,All,#4682B4,0
7,13,8,1.27,0.723095,0.661332,1,All,#4682B4,0
8,13,8,1.27,0.421728,0.773358,1,All,#4682B4,0
9,13,8,1.27,1.17803,0.826068,1,All,#4682B4,0
10,13,8,1.27,0.258371,0.289497,1,All,#4682B4,0
1,13,8.5,1.27,0.584899,0.617742,1,All,#4682B4,0
2,13,8.5,1.27,0.486502,0.75021,1,All,#4682B4,0
3,13,8.5,1.27,0.550107,0.603108,1,All,#4682B4,0
4,13,8.5,1.27,0.5073,0.680057,1,All,#4682B4,0
5,13,8.5,1.27,0.563154,0.64428,1,All,#4682B4,0
6,13,8.5,1.27,0.137758,0.463025,1,All,#4682B4,0
7,13,8.5,1.27,0.397596,0.569119,1,All,#4682B4,0
8,13,8.5,1.27,1.18394,0.721592,1,All,#4682B4,0
9,13,8.5,1.27,0.80876,0.765257,1,All,#4682B4,0
10,13,8.5,1.27,0.133989,0.236699,1,All,#4682B4,0
1,13,9,1.27,0.808026,0.588327,1,All,#4682B4,0
2,13,9,1.27,0.521983,0.680402,1,All,#4682B4,0
3,13,9,1.27,0.580814,0.581753,1,All,#4682B4,0
4,13,9,1.27,0.943493,0.645308,1,All,#4682B4,0
5,13,9,1.27,0.817946,0.618982,1,All,#4682B4,0
6,13,9,1.27,0.41564,0.428381,1,All,#4682B4,0
7,13,9,1.27,0.346809,0.512745,1,All,#4682B4,0
8,13,9,1.27,1.13084,0.686354,1,All,#4682B4,0
9,13,9,1.27,0.974997,0.736693,1,All,#4682B4,0
10,13,9,1.27,0.203421,0.214598,1,All,#4682B4,0
1,13,9.5,1.27,0.523968,0.584885,1,All,#4682B4,0
2,13,9.5,1.27,0.417722,0.643912,1,All,#4682B4,0
3,13,9.5,1.27,0.686433,0.585931,1,All,#4682B4,0
4,13,9.5,1.27,0.74324,0.634261,1,All,#4682B4,0
5,13,9.5,1.27,0.501199,0.620979,1,All,#4682B4,0
6,13,9.5,1.27,0.427704,0.419032,1,All,#4682B4,0
7,13,9.5,1.27,0.452378,0.488473,1,All,#4682B4,0
8,13,9.5,1.27,0.387892,0.666374,1,All,#4682B4,0
9,13,9.5,1.27,0.565183,0.735164,1,All,#4682B4,0
10,13,9.5,1.27,0.145303,0.217412,1,All,#4682B4,0
1,13,10,1.27,0.621874,0.60218,1,All,#4682B4,0
2,13,10,1.27,0.435225,0.63642,1,All,#4682B4,0
3,13,10,1.27,0.704448,0.608909,1,All,#4682B4,0
4,13,10,1.27,0.926092,0.642575,1,All,#4682B4,0
5,13,10,1.27,0.33777,0.644641,1,All,#4682B4,0
6,13,10,1.27,0.452263,0.429548,1,All,#4682B4,0
7,13,10,1.27,0.530295,0.492456,1,All,#4682B4,0
8,13,10,1.27,0.27164,0.659757,1,All,#4682B4,0
9,13,10,1.27,1.06685,0.756018,1,All,#4682B4,0
10,13,10,1.27,0.230071,0.239615,1,All,#4682B4,0
1,13,10.5,1.27,0.896764,0.635573,1,All,#4682B4,0
2,13,10.5,1.27,0.816513,0.6534,1,All,#4682B4,0
3,13,10.5,1.27,0.562025,0.645521,1,All,#4682B4,0
4,13,10.5,1.27,0.696366,0.666168,1,All,#4682B4,0
5,13,10.5,1.27,1.04428,0.684906,1,All,#4682B4,0
6,13,10.5,1.27,0.171118,0.454867,1,All,#4682B4,0
7,13,10.5,1.27,0.184581,0.52015,1,All,#4682B4,0
8,13,10.5,1.27,1.03981,0.664352,1,All,#4682B4,0
9,13,10.5,1.27,0.649414,0.794039,1,All,#4682B4,0
10,13,10.5,1.27,0.20363,0.276362,1,All,#4682B4,0
1,13,11,1.27,0.339634,0.680886,1,All,#4682B4,0
2,13,11,1.27,0.693265,0.690516,1,All,#4682B4,0
3,13,11,1.27,0.802439,0.69099,1,All,#4682B4,0
4,13,11,1.27,0.4239,0.701255,1,All,#4682B4,0
5,13,11,1.27,1.03926,0.737157,1,All,#4682B4,0
6,13,11,1.27,0.46921,0.491304,1,All,#4682B4,0
7,13,11,1.27,0.548352,0.567475,1,All,#4682B4,0
8,13,11,1.27,1.113,0.67781,1,All,#4682B4,0
9,13,11,1.27,0.443381,0.845333,1,All,#4682B4,0
10,13,11,1.27,0.56786,0.32333,1,All,#4682B4,0
1,13,11.5,1.27,0.775613,0.734188,1,All,#4682B4,0
2,13,11.5,1.27,0.896866,0.743497,1,All,#4682B4,0
3,13,11.5,1.27,0.680937,0.741995,1,All,#4682B4,0
4,13,11.5,1.27,0.0816948,0.744623,1,All,#4682B4,0
5,13,11.5,1.27,0.308002,0.797728,1,All,#4682B4,0
6,13,11.5,1.27,0.562295,0.535853,1,All,#4682B4,0
7,13,11.5,1.27,0.735281,0.630444,1,All,#4682B4,0
8,13,11.5,1.27,0.934702,0.696509,1,All,#4682B4,0
9,13,11.5,1.27,0.341499,0.905992,1,All,#4682B4,0
10,13,11.5,1.27,0.454773,0.376898,1,All,#4682B4,0
1,13,12,1.27,1.03576,0.782732,1,All,#4682B4,0
2,13,12,1.27,1.1122,0.795672,1,All,#4682B4,0
3,13,12,1.27,0.615993,0.794838,1,All,#4682B4,0
4,13,12,1.27,1.02399,0.789901,1,All,#4682B4,0
5,13,12,1.27,0.517153,0.860156,1,All,#4682B4,0
6,13,12,1.27,0.497502,0.579048,1,All,#4682B4,0
7,13,12,1.27,0.597078,0.704462,1,All,#4682B4,0
8,13,12,1.27,0.762072,0.692223,1,All,#4682B4,0
9,13,12,1.27,0.536845,0.966198,1,All,#4682B4,0
10,13,12,1.27,0.20394,0.433708,1,All,#4682B4,0
1,13,12.5,1.27,0.977281,0.743662,1,All,#4682B4,0
2,13,12.5,1.27,0.645566,0.772764,1,All,#4682B4,0
3,13,12.5,1.27,0.932656,0.778455,1,All,#4682B4,0
4,13,12.5,1.27,1.08504,0.75766,1,All,#4682B4,0
5,13,12.5,1.27,0.929299,0.841744,1,All,#4682B4,0
6,13,12.5,1.27,0.671255,0.551214,1,All,#4682B4,0
7,13,12.5,1.27,0.794095,0.716584,1,All,#4682B4,0
8,13,12.5,1.27,0.351592,0.591591,1,All,#4682B4,0
9,13,12.5,1.27,0.500525,0.952685,1,All,#4682B4,0
10,13,12.5,1.27,0.443264,0.436495,1,All,#4682B4,0
1,13,13,1.27,0.739664,0.600508,1,All,#4682B4,0
2,13,13,1.27,0.894831,0.667288,1,All,#4682B4,0
3,13,13,1.27,0.621997,0.644549,1,All,#4682B4,0
4,13,13,1.27,0.90007,0.606343,1,All,#4682B4,0
5,13,13,1.27,0.506152,0.681391,1,All,#4682B4,0
6,13,13,1.27,0.330946,0.43461,1,All,#4682B4,0
7,13,13,1.27,0.961253,0.595748,1,All,#4682B4,0
8,13,13,1.27,0.419144,0.378973,1,All,#4682B4,0
9,13,13,1.27,0.950751,0.854309,1,All,#4682B4,0
10,13,13,1.27,0.243778,0.33856,1,All,#4682B4,0
1,13,13.5,1.27,0.0510969,0.373256,1,All,#4682B4,0
2,13,13.5,1.27,0.348832,0.488206,1,All,#4682B4,0
3,13,13.5,1.27,0.535317,0.426279,1,All,#4682B4,0
4,13,13.5,1.27,0.39335,0.354444,1,All,#4682B4,0
5,13,13.5,1.27,0.45349,0.410575,1,All,#4682B4,0
6,13,13.5,1.27,0.294343,0.249612,1,All,#4682B4,0
7,13,13.5,1.27,0.383579,0.356265,1,All,#4682B4,0
8,13,13.5,1.27,0.0537926,0.0841192,1,All,#4682B4,0
9,13,13.5,1.27,0.700953,0.683433,1,All,#4682B4,0
10,13,13.5,1.27,0.256389,0.155757,1,All,#4682B4,0
1,13,14,1.27,0.105276,0.0866781,1,All,#4682B4,0
2,13,14,1.27,0.132327,0.251381,1,All,#4682B4,0
3,13,14,1.27,0.253257,0.157892,1,All,#4682B4,0
4,13,14,1.27,0.0463844,0.0433864,1,All,#4682B4,0
5,13,14,1.27,0.0386671,0.0658482,1,All,#4682B4,0
6,13,14,1.27,0.0161015,0.0168989,1,All,#4682B4,0
7,13,14,1.27,0.034357,0.0213884,1,All,#4682B4,0
8,13,14,1.27,8.41254e-17,0,1,All,#4682B4,0
9,13,14,1.27,0.302456,0.458354,1,All,#4682B4,0
10,13,14,1.27,3.06217e-16,0,1,All,#4682B4,0
1,13,14.5,1.27,2.14075e-16,0,1,All,#4682B4,0
2,13,14.5,1.27,3.34233e-16,0,1,All,#4682B4,0
3,13,14.5,1.27,1.95782e-16,0,1,All,#4682B4,0
4,13,14.5,1.27,2.10673e-16,0,1,All,#4682B4,0
5,13,14.5,1.27,2.42105e-16,0,1,All,#4682B4,0
6,13,14.5,1.27,3.94123e-17,0,1,All,#4682B4,0
7,13,14.5,1.27,1.49104e-17,0,1,All,#4682B4,0
8,13,14.5,1.27,3.56495e-16,0,1,All,#4682B4,0
9,13,14.5,1.27,0.250766,0.197618,1,All,#4682B4,0
10,13,14.5,1.27,3.3634e-16,0,1,All,#4682B4,0
1,13,15,1.27,7.94721e-17,0,1,All,#4682B4,0
2,13,15,1.27,6.28772e-17,0,1,All,#4682B4,0
3,13,15,1.27,9.50711e-17,0,1,All,#4682B4,0
4,13,15,1.27,8.59559e-17,0,1,All,#4682B4,0
5,13,15,1.27,3.35192e-16,0,1,All,#4682B4,0
6,13,15,1.27,2.38725e-17,0,1,All,#4682B4,0
7,13,15,1.27,2.91381e-16,0,1,All,#4682B4,0
8,13,15,1.27,4.28609e-17,0,1,All,#4682B4,0
9,13,15,1.27,4.69507e-16,0,1,All,#4682B4,0
10,13,15,1.27,2.96951e-17,0,1,All,#4682B4,0
1,13,15.5,1.27,2.52391e-17,0,1,All,#4682B4,0
2,13,15.5,1.27,3.02904e-16,0,1,All,#4682B4,0
3,13,15.5,1.27,3.29823e-16,0,1,All,#4682B4,0
4,13,15.5,1.27,4.98071e-17,0,1,All,#4682B4,0
5,13,15.5,1.27,1.58694e-16,0,1,All,#4682B4,0
6,13,15.5,1.27,1.65557e-16,0,1,All,#4682B4,0
7,13,15.5,1.27,4.73565e-16,0,1,All,#4682B4,0
8,13,15.5,1.27,2.87619e-16,0,1,All,#4682B4,0
9,13,15.5,1.27,1.16137e-16,0,1,All,#4682B4,0
10,13,15.5,1.27,8.01428e-18,0,1,All,#4682B4,0
1,13,16,1.27,1.80241e-16,0,1,All,#4682B4,0
2,13,16,1.27,9.63562e-17,0,1,All,#4682B4,0
3,13,16,1.27,9.54387e-17,0,1,All,#4682B4,0
4,13,16,1.27,9.20483e-17,0,1,All,#4682B4,0
5,13,16,1.27,3.21498e-16,0,1,All,#4682B4,0
6,13,16,1.27,3.63415e-16,0,1,All,#4682B4,0
7,13,16,1.27,8.77041e-17,0,1,All,#4682B4,0
8,13,16,1.27,1.59731e-16,0,1,All,#4682B4,0
9,13,16,1.27,1.55908e-16,0,1,All,#4682B4,0
10,13,16,1.27,9.16491e-17,0,1,All,#4682B4,0
1,13,16.5,1.27,5.20513e-17,0,1,All,#4682B4,0
2,13,16.5,1.27,9.98576e-17,0,1,All,#4682B4,0
3,13,16.5,1.27,1.82003e-16,0,1,All,#4682B4,0
4,13,16.5,1.27,1.26371e-16,0,1,All,#4682B4,0
5,13,16.5,1.27,1.12813e-16,0,1,All,#4682B4,0
6,13,16.5,1.27,4.51256e-16,0,1,All,#4682B4,0
7,13,16.5,1.27,1.05578e-16,0,1,All,#4682B4,0
8,13,16.5,1.27,6.55046e-17,0,1,All,#4682B4,0
9,13,16.5,1.27,2.92729e-17,0,1,All,#4682B4,0
10,13,16.5,1.27,2.68045e-16,0,1,All,#4682B4,0
1,13,17,1.27,6.49211e-17,0,1,All,#4682B4,0
2,13,17,1.27,1.75887e-16,0,1,All,#4682B4,0
3,13,17,1.27,5.41087e-17,0,1,All,#4682B4,0
4,13,17,1.27,3.59051e-16,0,1,All,#4682B4,0
5,13,17,1.27,2.29702e-16,0,1,All,#4682B4,0
6,13,17,1.27,3.11649e-16,0,1,All,#4682B4,0
7,13,17,1.27,3.09927e-16,0,1,All,#4682B4,0
8,13,17,1.27,3.31019e-16,0,1,All,#4682B4,0
9,13,17,1.27,3.26166e-17,0,1,All,#4682B4,0
10,13,17,1.27,1.29489e-16,0,1,All,#4682B4,0
1,13,17.5,1.27,6.54014e-17,0,1,All,#4682B4,0
2,13,17.5,1.27,4.1048e-16,0,1,All,#4682B4,0
3,13,17.5,1.27,1.88678e-16,0,1,All,#4682B4,0
4,13,17.5,1.27,1.07591e-16,0,1,All,#4682B4,0
5,13,17.5,1.27,4.09057e-17,0,1,All,#4682B4,0
6,13,17.5,1.27,8.85638e-17,0,1,All,#4682B4,0
7,13,17.5,1.27,3.33721e-17,0,1,All,#4682B4,0
8,13,17.5,1.27,1.02175e-16,0,1,All,#4682B4,0
9,13,17.5,1.27,3.21419e-16,0,1,All,#4682B4,0
10,13,17.5,1.27,1.01177e-16,0,1,All,#4682B4,0
1,13,18,1.27,3.26205e-16,0,1,All,#4682B4,0
2,13,18,1.27,5.23012e-17,0,1,All,#4682B4,0
3,13,18,1.27,4.20512e-16,0,1,All,#4682B4,0
4,13,18,1.27,1.68453e-16,0,1,All,#4682B4,0
5,13,18,1.27,3.96119e-17,0,1,All,#4682B4,0
6,13,18,1.27,1.8172e-16,0,1,All,#4682B4,0
7,13,18,1.27,2.19085e-16,0,1,All,#4682B4,0
8,13,18,1.27,1.37895e-16,0,1,All,#4682B4,0
9,13,18,1.27,2.87978e-16,0,1,All,#4682B4,0
10,13,18,1.27,1.31115e-17,0,1,All,#4682B4,0
1,13,18.5,1.27,1.11132e-16,0,1,All,#4682B4,0
2,13,18.5,1.27,1.1348e-16,0,1,All,#4682B4,0
3,13,18.5,1.27,2.53923e-17,0,1,All,#4682B4,0
4,13,18.5,1.27,1.77242e-16,0,1,All,#4682B4,0
5,13,18.5,1.27,3.78841e-16,0,1,All,#4682B4,0
6,13,18.5,1.27,1.40873e-16,0,1,All,#4682B4,0
7,13,18.5,1.27,2.43458e-16,0,1,All,#4682B4,0
8,13,18.5,1.27,2.36243e-16,0,1,All,#4682B4,0
9,13,18.5,1.27,1.16621e-16,0,1,All,#4682B4,0
10,13,18.5,1.27,2.99396e-16,0,1,All,#4682B4,0
1,14,1,1.27,3.953e-16,0,1,All,#4682B4,0
2,14,1,1.27,2.00295e-16,0,1,All,#4682B4,0
3,14,1,1.27,6.80483e-17,0,1,All,#4682B4,0
4,14,1,1.27,2.99232e-16,0,1,All,#4682B4,0
5,14,1,1.27,1.33958e-16,0,1,All,#4682B4,0
6,14,1,1.27,1.17968e-16,0,1,All,#4682B4,0
7,14,1,1.27,1.94207e-17,0,1,All,#4682B4,0
8,14,1,1.27,2.4356e-16,0,1,All,#4682B4,0
9,14,1,1.27,1.18684e-16,0,1,All,#4682B4,0
10,14,1,1.27,1.93153e-16,0,1,All,#4682B4,0
1,14,1.5,1.27,4.85063e-17,0,1,All,#4682B4,0
2,14,1.5,1.27,4.74439e-17,0,1,All,#4682B4,0
3,14,1.5,1.27,1.35374e-16,0,1,All,#4682B4,0
4,14,1.5,1.27,3.82056e-17,0,1,All,#4682B4,0
5,14,1.5,1.27,5.61991e-16,0,1,All,#4682B4,0
6,14,1.5,1.27,2.67953e-17,0,1,All,#4682B4,0
7,14,1.5,1.27,3.64184e-16,0,1,All,#4682B4,0
8,14,1.5,1.27,3.57472e-17,0,1,All,#4682B4,0
9,14,1.5,1.27,8.11708e-18,0,1,All,#4682B4,0
10,14,1.5,1.27,8.82218e-17,0,1,All,#4682B4,0
1,14,2,1.27,0.791109,0.970064,1,All,#4682B4,0
2,14,2,1.27,1.14697,1.06191,1,All,#4682B4,0
3,14,2,1.27,1.03071,1.25589,1,All,#4682B4,0
4,14,2,1.27,1.11256,0.80861,1,All,#4682B4,0
5,14,2,1.27,1.25983,1.68235,1,All,#4682B4,0
6,14,2,1.27,0.80726,0.873964,1,All,#4682B4,0
7,14,2,1.27,0.224333,1.21408,1,All,#4682B4,0
8,14,2,1.27,1.15422,1.63927,1,All,#4682B4,0
9,14,2,1.27,0.414365,1.41254,1,All,#4682B4,0
10,14,2,1.27,0.472661,0.444053,1,All,#4682B4,0
1,14,2.5,3.21,3.21,2.44155,0,All,#4682B4,0
2,14,2.5,3.21,3.21,2.26832,0,All,#4682B4,0
3,14,2.5,3.21,3.21,2.47861,0,All,#4682B4,0
4,14,2.5,3.21,3.21,2.14196,0,All,#4682B4,0
5,14,2.5,3.21,3.21,3.05571,0,All,#4682B4,0
6,14,2.5,3.21,3.21,2.51996,0,All,#4682B4,0
7,14,2.5,3.21,3.21,2.56152,0,All,#4682B4,0
8,14,2.5,3.21,3.21,2.59293,0,All,#4682B4,0
9,14,2.5,3.21,3.21,3.02096,0,All,#4682B4,0
10,14,2.5,3.21,3.21,2.23384,0,All,#4682B4,0
1,14,3,3.89,3.89,3.20454,0,All,#4682B4,0
2,14,3,3.89,3.89,2.81815,0,All,#4682B4,0
3,14,3,3.89,3.89,2.95126,0,All,#4682B4,0
4,14,3,3.89,3.89,2.76894,0,All,#4682B4,0
5,14,3,3.89,3.89,3.9472,0,All,#4682B4,0
6,14,3,3.89,3.89,3.22222,0,All,#4682B4,0
7,14,3,3.89,3.89,3.35021,0,All,#4682B4,0
8,14,3,3.89,3.89,2.92777,0,All,#4682B4,0
9,14,3,3.89,3.89,3.71146,0,All,#4682B4,0
10,14,3,3.89,3.89,3.45454,0,All,#4682B4,0
1,14,3.5,4.89,4.89,3.58147,0,All,#4682B4,0
2,14,3.5,4.89,4.89,3.10401,0,All,#4682B4,0
3,14,3.5,4.89,4.89,3.16534,0,All,#4682B4,0
4,14,3.5,4.89,4.89,3.11022,0,All,#4682B4,0
5,14,3.5,4.89,4.89,4.43324,0,All,#4682B4,0
6,14,3.5,4.89,4.89,3.54688,0,All,#4682B4,0
7,14,3.5,4.89,4.89,3.73885,0,All,#4682B4,0
8,14,3.5,4.89,4.89,3.05493,0,All,#4682B4,0
9,14,3.5,4.89,4.89,3.79628,0,All,#4682B4,0
10,14,3.5,4.89,4.89,4.10962,0,All,#4682B4,0
1,14,4,4.34,4.34,3.61325,0,All,#4682B4,0
2,14,4,4.34,4.34,3.19458,0,All,#4682B4,0
3,14,4,4.34,4.34,3.20557,0,All,#4682B4,0
4,14,4,4.34,4.34,3.25301,0,All,#4682B4,0
5,14,4,4.34,4.34,4.46098,0,All,#4682B4,0
6,14,4,4.34,4.34,3.58493,0,All,#4682B4,0
7,14,4,4.34,4.34,3.73247,0,All,#4682B4,0
8,14,4,4.34,4.34,3.04269,0,All,#4682B4,0
9,14,4,4.34,4.34,3.60425,0,All,#4682B4,0
10,14,4,4.34,4.34,4.06606,0,All,#4682B4,0
1,14,4.5,4.13,4.13,3.41999,0,All,#4682B4,0
2,14,4.5,4.13,4.13,3.11289,0,All,#4682B4,0
3,14,4.5,4.13,4.13,3.1071,0,All,#4682B4,0
4,14,4.5,4.13,4.13,3.21644,0,All,#4682B4,0
5,14,4.5,4.13,4.13,4.19252,0,All,#4682B4,0
6,14,4.5,4.13,4.13,3.40608,0,All,#4682B4,0
7,14,4.5,4.13,4.13,3.51046,0,All,#4682B4,0
8,14,4.5,4.13,4.13,2.93113,0,All,#4682B4,0
9,14,4.5,4.13,4.13,3.34327,0,All,#4682B4,0
10,14,4.5,4.13,4.13,3.71137,0,All,#4682B4,0
1,14,5,2.95,2.95,3.14073,0,All,#4682B4,0
2,14,5,2.95,2.95,2.90774,0,All,#4682B4,0
3,14,5,2.95,2.95,2.91632,0,All,#4682B4,0
4,14,5,2.95,2.95,3.0461,0,All,#4682B4,0
5,14,5,2.95,2.95,3.81554,0,All,#4682B4,0
6,14,5,2.95,2.95,3.11666,0,All,#4682B4,0
7,14,5,2.95,2.95,3.22168,0,All,#4682B4,0
8,14,5,2.95,2.95,2.76323,0,All,#4682B4,0
9,14,5,2.95,2.95,3.06423,0,All,#4682B4,0
10,14,5,2.95,2.95,3.28159,0,All,#4682B4,0
1,14,5.5,3.17,3.17,2.83603,0,All,#4682B4,0
2,14,5.5,3.17,3.17,2.63482,0,All,#4682B4,0
3,14,5.5,3.17,3.17,2.67662,0,All,#4682B4,0
4,14,5.5,3.17,3.17,2.80346,0,All,#4682B4,0
5,14,5.5,3.17,3.17,3.40844,0,All,#4682B4,0
6,14,5.5,3.17,3.17,2.78215,0,All,#4682B4,0
7,14,5.5,3.17,3.17,2.91586,0,All,#4682B4,0
8,14,5.5,3.17,3.17,2.56939,0,All,#4682B4,0
9,14,5.5,3.17,3.17,2.78176,0,All,#4682B4,0
10,14,5.5,3.17,3.17,2.84728,0,All,#4682B4,0
1,14,6,3.67,3.67,2.52712,0,All,#4682B4,0
2,14,6,3.67,3.67,2.33138,0,All,#4682B4,0
3,14,6,3.67,3.67,2.41466,0,All,#4682B4,0
4,14,6,3.67,3.67,2.53002,0,All,#4682B4,0
5,14,6,3.67,3.67,3.00175,0,All,#4682B4,0
6,14,6,3.67,3.67,2.4324,0,All,#4682B4,0
7,14,6,3.67,3.67,2.60937,0,All,#4682B4,0
8,14,6,3.67,3.67,2.36499,0,All,#4682B4,0
9,14,6,3.67,3.67,2.50196,0,All,#4682B4,0
10,14,6,3.67,3.67,2.43512,0,All,#4682B4,0
1,14,6.5,1.27,0.827178,2.2237,1,All,#4682B4,0
2,14,6.5,1.27,1.12478,2.01994,1,All,#4682B4,0
3,14,6.5,1.27,1.02694,2.14451,1,All,#4682B4,0
4,14,6.5,1.27,0.0199182,2.24769,1,All,#4682B4,0
5,14,6.5,1.27,1.16352,2.61113,1,All,#4682B4,0
6,14,6.5,1.27,0.616438,2.0836,1,All,#4682B4,0
7,14,6.5,1.27,0.953868,2.30988,1,All,#4682B4,0
8,14,6.5,1.27,0.89609,2.15722,1,All,#4682B4,0
9,14,6.5,1.27,1.24632,2.22888,1,All,#4682B4,0
10,14,6.5,1.27,1.07255,2.05677,1,All,#4682B4,0
1,14,7,2.29,2.29,1.9329,0,All,#4682B4,0
2,14,7,2.29,2.29,1.71628,0,All,#4682B4,0
3,14,7,2.29,2.29,1.87504,0,All,#4682B4,0
4,14,7,2.29,2.29,1.96922,0,All,#4682B4,0
5,14,7,2.29,2.29,2.24643,0,All,#4682B4,0
6,14,7,2.29,2.29,1.7484,0,All,#4682B4,0
7,14,7,2.29,2.29,2.02257,0,All,#4682B4,0
8,14,7,2.29,2.29,1.94989,0,All,#4682B4,0
9,14,7,2.29,2.29,1.96653,0,All,#4682B4,0
10,14,7,2.29,2.29,1.7175,0,All,#4682B4,0
1,14,7.5,2.1,2.1,1.66073,0,All,#4682B4,0
2,14,7.5,2.1,2.1,1.43476,0,All,#4682B4,0
3,14,7.5,2.1,2.1,1.61431,0,All,#4682B4,0
4,14,7.5,2.1,2.1,1.704,0,All,#4682B4,0
5,14,7.5,2.1,2.1,1.9141,0,All,#4682B4,0
6,14,7.5,2.1,2.1,1.4393,0,All,#4682B4,0
7,14,7.5,2.1,2.1,1.75225,0,All,#4682B4,0
8,14,7.5,2.1,2.1,1.74607,0,All,#4682B4,0
9,14,7.5,2.1,2.1,1.71932,0,All,#4682B4,0
10,14,7.5,2.1,2.1,1.42005,0,All,#4682B4,0
1,14,8,1.27,1.23855,1.41253,1,All,#4682B4,0
2,14,8,1.27,1.01536,1.18792,1,All,#4682B4,0
3,14,8,1.27,0.909985,1.37176,1,All,#4682B4,0
4,14,8,1.27,1.12216,1.46041,1,All,#4682B4,0
5,14,8,1.27,0.867365,1.61776,1,All,#4682B4,0
6,14,8,1.27,1.10169,1.16795,1,All,#4682B4,0
7,14,8,1.27,0.968814,1.50358,1,All,#4682B4,0
8,14,8,1.27,1.2307,1.54981,1,All,#4682B4,0
9,14,8,1.27,1.11116,1.49278,1,All,#4682B4,0
10,14,8,1.27,1.23835,1.16555,1,All,#4682B4,0
1,14,8.5,1.27,1.21285,1.19463,1,All,#4682B4,0
2,14,8.5,1.27,1.17202,0.985854,1,All,#4682B4,0
3,14,8.5,1.27,1.26448,1.15832,1,All,#4682B4,0
4,14,8.5,1.27,1.07317,1.24605,1,All,#4682B4,0
5,14,8.5,1.27,0.447366,1.36269,1,All,#4682B4,0
6,14,8.5,1.27,0.780347,0.94315,1,All,#4682B4,0
7,14,8.5,1.27,1.2592,1.28114,1,All,#4682B4,0
8,14,8.5,1.27,1.1336,1.36695,1,All,#4682B4,0
9,14,8.5,1.27,0.635087,1.29127,1,All,#4682B4,0
10,14,8.5,1.27,0.726708,0.954716,1,All,#4682B4,0
1,14,9,1.27,0.755241,1.0114,1,All,#4682B4,0
2,14,9,1.27,1.01724,0.832802,1,All,#4682B4,0
3,14,9,1.27,0.966239,0.983233,1,All,#4682B4,0
4,14,9,1.27,1.23516,1.06701,1,All,#4682B4,0
5,14,9,1.27,1.154,1.14844,1,All,#4682B4,0
6,14,9,1.27,0.233569,0.769252,1,All,#4682B4,0
7,14,9,1.27,1.23068,1.08834,1,All,#4682B4,0
8,14,9,1.27,0.00954086,1.20519,1,All,#4682B4,0
9,14,9,1.27,0.944459,1.11928,1,All,#4682B4,0
10,14,9,1.27,0.751152,0.783408,1,All,#4682B4,0
1,14,9.5,1.27,1.18534,0.864858,1,All,#4682B4,0
2,14,9.5,1.27,1.00871,0.726676,1,All,#4682B4,0
3,14,9.5,1.27,0.613533,0.851702,1,All,#4682B4,0
4,14,9.5,1.27,0.705406,0.926574,1,All,#4682B4,0
5,14,9.5,1.27,0.365005,0.976404,1,All,#4682B4,0
6,14,9.5,1.27,0.716435,0.645286,1,All,#4682B4,0
7,14,9.5,1.27,0.900979,0.9279,1,All,#4682B4,0
8,14,9.5,1.27,0.758933,1.07267,1,All,#4682B4,0
9,14,9.5,1.27,0.939702,0.979989,1,All,#4682B4,0
10,14,9.5,1.27,0.474673,0.652473,1,All,#4682B4,0
1,14,10,1.27,0.504079,0.755107,1,All,#4682B4,0
2,14,10,1.27,0.419603,0.662791,1,All,#4682B4,0
3,14,10,1.27,0.731076,0.763002,1,All,#4682B4,0
4,14,10,1.27,0.871338,0.824905,1,All,#4682B4,0
5,14,10,1.27,0.758807,0.845387,1,All,#4682B4,0
6,14,10,1.27,0.456257,0.566551,1,All,#4682B4,0
7,14,10,1.27,0.840892,0.800357,1,All,#4682B4,0
8,14,10,1.27,1.19444,0.974459,1,All,#4682B4,0
9,14,10,1.27,0.873678,0.874776,1,All,#4682B4,0
10,14,10,1.27,0.663146,0.562368,1,All,#4682B4,0
1,14,10.5,1.27,0.31779,0.680678,1,All,#4682B4,0
2,14,10.5,1.27,0.708488,0.632336,1,All,#4682B4,0
3,14,10.5,1.27,0.192414,0.711986,1,All,#4682B4,0
4,14,10.5,1.27,0.401748,0.759065,1,All,#4682B4,0
5,14,10.5,1.27,0.925371,0.753849,1,All,#4682B4,0
6,14,10.5,1.27,0.345819,0.526147,1,All,#4682B4,0
7,14,10.5,1.27,0.745418,0.706621,1,All,#4682B4,0
8,14,10.5,1.27,1.11166,0.910501,1,All,#4682B4,0
9,14,10.5,1.27,1.1729,0.802834,1,All,#4682B4,0
10,14,10.5,1.27,0.527412,0.511409,1,All,#4682B4,0
1,14,11,1.27,0.0429867,0.638524,1,All,#4682B4,0
2,14,11,1.27,0.803995,0.608217,1,All,#4682B4,0
3,14,11,1.27,0.972216,0.690223,1,All,#4682B4,0
4,14,11,1.27,0.888479,0.717157,1,All,#4682B4,0
5,14,11,1.27,1.01128,0.697526,1,All,#4682B4,0
6,14,11,1.27,0.651334,0.516832,1,All,#4682B4,0
7,14,11,1.27,0.697252,0.646277,1,All,#4682B4,0
8,14,11,1.27,0.998983,0.876331,1,All,#4682B4,0
9,14,11,1.27,0.554195,0.761607,1,All,#4682B4,0
10,14,11,1.27,0.555275,0.494395,1,All,#4682B4,0
1,14,11.5,1.27,1.03603,0.616867,1,All,#4682B4,0
2,14,11.5,1.27,0.701463,0.579613,1,All,#4682B4,0
3,14,11.5,1.27,0.364928,0.672272,1,All,#4682B4,0
4,14,11.5,1.27,0.43073,0.655964,1,All,#4682B4,0
5,14,11.5,1.27,0.446893,0.673772,1,All,#4682B4,0
6,14,11.5,1.27,0.427158,0.52451,1,All,#4682B4,0
7,14,11.5,1.27,0.432339,0.614127,1,All,#4682B4,0
8,14,11.5,1.27,1.03587,0.863539,1,All,#4682B4,0
9,14,11.5,1.27,0.799802,0.748596,1,All,#4682B4,0
10,14,11.5,1.27,0.449951,0.508307,1,All,#4682B4,0
1,14,12,1.27,0.3263,0.567,1,All,#4682B4,0
2,14,12,1.27,0.398415,0.548835,1,All,#4682B4,0
3,14,12,1.27,1.02734,0.649906,1,All,#4682B4,0
4,14,12,1.27,0.825965,0.579933,1,All,#4682B4,0
5,14,12,1.27,0.426127,0.64111,1,All,#4682B4,0
6,14,12,1.27,0.908111,0.519924,1,All,#4682B4,0
7,14,12,1.27,0.602442,0.575849,1,All,#4682B4,0
8,14,12,1.27,0.846048,0.838004,1,All,#4682B4,0
9,14,12,1.27,1.05776,0.749684,1,All,#4682B4,0
10,14,12,1.27,0.817063,0.521031,1,All,#4682B4,0
1,14,12.5,1.27,0.174028,0.485567,1,All,#4682B4,0
2,14,12.5,1.27,0.178301,0.516064,1,All,#4682B4,0
3,14,12.5,1.27,0.590016,0.625701,1,All,#4682B4,0
4,14,12.5,1.27,0.758123,0.489532,1,All,#4682B4,0
5,14,12.5,1.27,0.37007,0.56206,1,All,#4682B4,0
6,14,12.5,1.27,0.225555,0.504472,1,All,#4682B4,0
7,14,12.5,1.27,0.640987,0.508354,1,All,#4682B4,0
8,14,12.5,1.27,0.801461,0.789769,1,All,#4682B4,0
9,14,12.5,1.27,0.605104,0.710927,1,All,#4682B4,0
10,14,12.5,1.27,0.330407,0.481446,1,All,#4682B4,0
1,14,13,1.27,0.423463,0.376252,1,All,#4682B4,0
2,14,13,1.27,0.303511,0.481508,1,All,#4682B4,0
3,14,13,1.27,0.251863,0.599618,1,All,#4682B4,0
4,14,13,1.27,0.435873,0.389327,1,All,#4682B4,0
5,14,13,1.27,0.277209,0.441198,1,All,#4682B4,0
6,14,13,1.27,0.647937,0.480203,1,All,#4682B4,0
7,14,13,1.27,0.527285,0.414157,1,All,#4682B4,0
8,14,13,1.27,0.460304,0.725162,1,All,#4682B4,0
9,14,13,1.27,0.566251,0.628093,1,All,#4682B4,0
10,14,13,1.27,0.486142,0.393647,1,All,#4682B4,0
1,14,13.5,1.27,0.282929,0.243905,1,All,#4682B4,0
2,14,13.5,1.27,0.436592,0.445495,1,All,#4682B4,0
3,14,13.5,1.27,0.772799,0.571952,1,All,#4682B4,0
4,14,13.5,1.27,0.220307,0.282273,1,All,#4682B4,0
5,14,13.5,1.27,0.0777578,0.281756,1,All,#4682B4,0
6,14,13.5,1.27,0.419843,0.449314,1,All,#4682B4,0
7,14,13.5,1.27,0.11888,0.295428,1,All,#4682B4,0
8,14,13.5,1.27,0.980092,0.650875,1,All,#4682B4,0
9,14,13.5,1.27,0.542009,0.505229,1,All,#4682B4,0
10,14,13.5,1.27,0.248379,0.257384,1,All,#4682B4,0
1,14,14,1.27,0.150778,0.0948169,1,All,#4682B4,0
2,14,14,1.27,0.213139,0.408145,1,All,#4682B4,0
3,14,14,1.27,0.902187,0.543125,1,All,#4682B4,0
4,14,14,1.27,0.227057,0.173141,1,All,#4682B4,0
5,14,14,1.27,0.0758443,0.0898464,1,All,#4682B4,0
6,14,14,1.27,0.359446,0.410836,1,All,#4682B4,0
7,14,14,1.27,0.0331539,0.15797,1,All,#4682B4,0
8,14,14,1.27,0.495699,0.571387,1,All,#4682B4,0
9,14,14,1.27,0.184631,0.350216,1,All,#4682B4,0
10,14,14,1.27,0.0910338,0.0822587,1,All,#4682B4,0
1,14,14.5,1.27,4.55194e-16,0,1,All,#4682B4,0
2,14,14.5,1.27,0.475959,0.369295,1,All,#4682B4,0
3,14,14.5,1.27,0.268767,0.512851,1,All,#4682B4,0
4,14,14.5,1.27,0.0672456,0.0616823,1,All,#4682B4,0
5,14,14.5,1.27,4.40817e-19,0,1,All,#4682B4,0
6,14,14.5,1.27,0.422341,0.369087,1,All,#4682B4,0
7,14,14.5,1.27,0.0049335,0.00325018,1,All,#4682B4,0
8,14,14.5,1.27,0.871572,0.490057,1,All,#4682B4,0
9,14,14.5,1.27,0.177281,0.170742,1,All,#4682B4,0
10,14,14.5,1.27,8.16097e-17,0,1,All,#4682B4,0
1,14,15,1.27,1.21107e-16,0,1,All,#4682B4,0
2,14,15,1.27,0.520716,0.329264,1,All,#4682B4,0
3,14,15,1.27,0.346233,0.481068,1,All,#4682B4,0
4,14,15,1.27,6.72333e-17,0,1,All,#4682B4,0
5,14,15,1.27,1.15783e-16,0,1,All,#4682B4,0
6,14,15,1.27,0.303825,0.323225,1,All,#4682B4,0
7,14,15,1.27,2.45897e-16,0,1,All,#4682B4,0
8,14,15,1.27,0.262031,0.410844,1,All,#4682B4,0
9,14,15,1.27,8.41665e-17,0,1,All,#4682B4,0
10,14,15,1.27,3.1434e-16,0,1,All,#4682B4,0
1,14,15.5,1.27,1.77776e-16,0,1,All,#4682B4,0
2,14,15.5,1.27,0.060807,0.288158,1,All,#4682B4,0
3,14,15.5,1.27,0.608135,0.448871,1,All,#4682B4,0
4,14,15.5,1.27,1.0941e-16,0,1,All,#4682B4,0
5,14,15.5,1.27,6.06701e-17,0,1,All,#4682B4,0
6,14,15.5,1.27,0.0744207,0.274656,1,All,#4682B4,0
7,14,15.5,1.27,2.65694e-16,0,1,All,#4682B4,0
8,14,15.5,1.27,0.375293,0.330938,1,All,#4682B4,0
9,14,15.5,1.27,1.20684e-16,0,1,All,#4682B4,0
10,14,15.5,1.27,4.34279e-16,0,1,All,#4682B4,0
1,14,16,1.27,4.60336e-17,0,1,All,#4682B4,0
2,14,16,1.27,0.292996,0.245347,1,All,#4682B4,0
3,14,16,1.27,0.282995,0.415736,1,All,#4682B4,0
4,14,16,1.27,5.41715e-18,0,1,All,#4682B4,0
5,14,16,1.27,4.62299e-16,0,1,All,#4682B4,0
6,14,16,1.27,0.255478,0.222983,1,All,#4682B4,0
7,14,16,1.27,4.09548e-17,0,1,All,#4682B4,0
8,14,16,1.27,0.313917,0.252089,1,All,#4682B4,0
9,14,16,1.27,2.72428e-16,0,1,All,#4682B4,0
10,14,16,1.27,7.09556e-17,0,1,All,#4682B4,0
1,14,16.5,1.27,7.23688e-17,0,1,All,#4682B4,0
2,14,16.5,1.27,0.248355,0.200698,1,All,#4682B4,0
3,14,16.5,1.27,0.216479,0.381409,1,All,#4682B4,0
4,14,16.5,1.27,1.02508e-16,0,1,All,#4682B4,0
5,14,16.5,1.27,2.07728e-16,0,1,All,#4682B4,0
6,14,16.5,1.27,0.176781,0.17062,1,All,#4682B4,0
7,14,16.5,1.27,8.2912e-17,0,1,All,#4682B4,0
8,14,16.5,1.27,0.262414,0.172889,1,All,#4682B4,0
9,14,16.5,1.27,1.85705e-16,0,1,All,#4682B4,0
10,14,16.5,1.27,3.4992e-17,0,1,All,#4682B4,0
1,14,17,1.27,1.50533e-16,0,1,All,#4682B4,0
2,14,17,1.27,0.161754,0.155589,1,All,#4682B4,0
3,14,17,1.27,0.453686,0.345916,1,All,#4682B4,0
4,14,17,1.27,1.62883e-17,0,1,All,#4682B4,0
5,14,17,1.27,1.81385e-16,0,1,All,#4682B4,0
6,14,17,1.27,0.0905033,0.115547,1,All,#4682B4,0
7,14,17,1.27,1.37416e-17,0,1,All,#4682B4,0
8,14,17,1.27,0.0869183,0.0938987,1,All,#4682B4,0
9,14,17,1.27,1.64209e-16,0,1,All,#4682B4,0
10,14,17,1.27,4.41287e-17,0,1,All,#4682B4,0
1,14,17.5,1.27,1.54908e-16,0,1,All,#4682B4,0
2,14,17.5,1.27,0.192121,0.108283,1,All,#4682B4,0
3,14,17.5,1.27,0.287349,0.30954,1,All,#4682B4,0
4,14,17.5,1.27,1.13976e-16,0,1,All,#4682B4,0
5,14,17.5,1.27,1.97778e-16,0,1,All,#4682B4,0
6,14,17.5,1.27,0.0619057,0.0585225,1,All,#4682B4,0
7,14,17.5,1.27,2.19931e-16,0,1,All,#4682B4,0
8,14,17.5,1.27,0.0156337,0.0143629,1,All,#4682B4,0
9,14,17.5,1.27,1.08245e-16,0,1,All,#4682B4,0
10,14,17.5,1.27,1.67917e-16,0,1,All,#4682B4,0
1,15,1,1.27,3.41963e-17,0,1,All,#4682B4,0
2,15,1,1.27,1.99988e-16,0,1,All,#4682B4,0
3,15,1,1.27,2.05895e-16,0,1,All,#4682B4,0
4,15,1,1.27,3.36176e-16,0,1,All,#4682B4,0
5,15,1,1.27,3.5075e-16,0,1,All,#4682B4,0
6,15,1,1.27,1.08832e-16,0,1,All,#4682B4,0
7,15,1,1.27,5.29336e-16,0,1,All,#4682B4,0
8,15,1,1.27,5.44087e-16,0,1,All,#4682B4,0
9,15,1,1.27,1.84795e-16,0,1,All,#4682B4,0
10,15,1,1.27,3.61895e-16,0,1,All,#4682B4,0
1,15,1.5,1.27,2.77359e-16,0,1,All,#4682B4,0
2,15,1.5,1.27,2.89847e-16,0,1,All,#4682B4,0
3,15,1.5,1.27,2.52587e-16,0,1,All,#4682B4,0
4,15,1.5,1.27,1.10003e-16,0,1,All,#4682B4,0
5,15,1.5,1.27,1.70149e-17,0,1,All,#4682B4,0
6,15,1.5,1.27,4.50514e-16,0,1,All,#4682B4,0
7,15,1.5,1.27,3.25052e-16,0,1,All,#4682B4,0
8,15,1.5,1.27,1.92539e-16,0,1,All,#4682B4,0
9,15,1.5,1.27,2.42974e-16,0,1,All,#4682B4,0
10,15,1.5,1.27,1.69736e-16,0,1,All,#4682B4,0
1,15,2,1.27,4.88701e-17,0,1,All,#4682B4,0
2,15,2,1.27,1.03331e-16,0,1,All,#4682B4,0
3,15,2,1.27,2.97e-16,0,1,All,#4682B4,0
4,15,2,1.27,3.86818e-18,0,1,All,#4682B4,0
5,15,2,1.27,1.33861e-16,0,1,All,#4682B4,0
6,15,2,1.27,1.24317e-18,0,1,All,#4682B4,0
7,15,2,1.27,2.07195e-16,0,1,All,#4682B4,0
8,15,2,1.27,2.68624e-16,0,1,All,#4682B4,0
9,15,2,1.27,1.57436e-16,0,1,All,#4682B4,0
10,15,2,1.27,3.01097e-16,0,1,All,#4682B4,0
1,15,2.5,1.27,1.79211e-16,0,1,All,#4682B4,0
2,15,2.5,1.27,1.59519e-16,0,1,All,#4682B4,0
3,15,2.5,1.27,1.88528e-16,0,1,All,#4682B4,0
4,15,2.5,1.27,1.46404e-16,0,1,All,#4682B4,0
5,15,2.5,1.27,1.45742e-16,0,1,All,#4682B4,0
6,15,2.5,1.27,2.27398e-16,0,1,All,#4682B4,0
7,15,2.5,1.27,1.80689e-16,0,1,All,#4682B4,0
8,15,2.5,1.27,1.22256e-16,0,1,All,#4682B4,0
9,15,2.5,1.27,5.30184e-18,0,1,All,#4682B4,0
10,15,2.5,1.27,1.98087e-16,0,1,All,#4682B4,0
1,15,3,1.27,0.330523,0.29893,1,All,#4682B4,0
2,15,3,1.27,0.0389728,0.0886204,1,All,#4682B4,0
3,15,3,1.27,0.489192,0.316916,1,All,#4682B4,0
4,15,3,1.27,0.44646,0.243429,1,All,#4682B4,0
5,15,3,1.27,0.293303,0.523521,1,All,#4682B4,0
6,15,3,1.27,0.0177164,0.0192715,1,All,#4682B4,0
7,15,3,1.27,0.821722,0.950369,1,All,#4682B4,0
8,15,3,1.27,0.0892334,0.123298,1,All,#4682B4,0
9,15,3,1.27,1.39402e-16,0,1,All,#4682B4,0
10,15,3,1.27,0.233524,0.194661,1,All,#4682B4,0
1,15,3.5,1.61,1.61,1.33661,0,All,#4682B4,0
2,15,3.5,1.61,1.61,1.14262,0,All,#4682B4,0
3,15,3.5,1.61,1.61,1.31859,0,All,#4682B4,0
4,15,3.5,1.61,1.61,1.29462,0,All,#4682B4,0
5,15,3.5,1.61,1.61,1.5992,0,All,#4682B4,0
6,15,3.5,1.61,1.61,1.20133,0,All,#4682B4,0
7,15,3.5,1.61,1.61,1.6303,0,All,#4682B4,0
8,15,3.5,1.61,1.61,1.32127,0,All,#4682B4,0
9,15,3.5,1.61,1.61,1.50748,0,All,#4682B4,0
10,15,3.5,1.61,1.61,1.12742,0,All,#4682B4,0
1,15,4,1.27,0.112732,1.98522,1,All,#4682B4,0
2,15,4,1.27,0.547306,1.80309,1,All,#4682B4,0
3,15,4,1.27,0.646444,2.01543,1,All,#4682B4,0
4,15,4,1.27,1.22649,1.91904,1,All,#4682B4,0
5,15,4,1.27,1.22344,2.29053,1,All,#4682B4,0
6,15,4,1.27,0.0623136,1.92544,1,All,#4682B4,0
7,15,4,1.27,0.816449,2.06876,1,All,#4682B4,0
8,15,4,1.27,0.918014,2.04722,1,All,#4682B4,0
9,15,4,1.27,1.1354,2.25406,1,All,#4682B4,0
10,15,4,1.27,0.974135,1.70958,1,All,#4682B4,0
1,15,4.5,1.27,0.754174,2.39586,1,All,#4682B4,0
2,15,4.5,1.27,0.291311,2.21389,1,All,#4682B4,0
3,15,4.5,1.27,0.876676,2.39801,1,All,#4682B4,0
4,15,4.5,1.27,0.57663,2.31185,1,All,#4682B4,0
5,15,4.5,1.27,1.13759,2.62021,1,All,#4682B4,0
6,15,4.5,1.27,0.859101,2.38701,1,All,#4682B4,0
7,15,4.5,1.27,0.687701,2.34762,1,All,#4682B4,0
8,15,4.5,1.27,0.32892,2.47676,1,All,#4682B4,0
9,15,4.5,1.27,1.13692,2.5778,1,All,#4682B4,0
10,15,4.5,1.27,0.501884,2.09676,1,All,#4682B4,0
1,15,5,2.98,2.98,2.59145,0,All,#4682B4,0
2,15,5,2.98,2.98,2.39175,0,All,#4682B4,0
3,15,5,2.98,2.98,2.49168,0,All,#4682B4,0
4,15,5,2.98,2.98,2.51681,0,All,#4682B4,0
5,15,5,2.98,2.98,2.66732,0,All,#4682B4,0
6,15,5,2.98,2.98,2.62341,0,All,#4682B4,0
7,15,5,2.98,2.98,2.48292,0,All,#4682B4,0
8,15,5,2.98,2.98,2.60237,0,All,#4682B4,0
9,15,5,2.98,2.98,2.54823,0,All,#4682B4,0
10,15,5,2.98,2.98,2.33477,0,All,#4682B4,0
1,15,5.5,3.6,3.6,2.5773,0,All,#4682B4,0
2,15,5.5,3.6,3.6,2.3736,0,All,#4682B4,0
3,15,5.5,3.6,3.6,2.43301,0,All,#4682B4,0
4,15,5.5,3.6,3.6,2.54096,0,All,#4682B4,0
5,15,5.5,3.6,3.6,2.58699,0,All,#4682B4,0
6,15,5.5,3.6,3.6,2.6494,0,All,#4682B4,0
7,15,5.5,3.6,3.6,2.48681,0,All,#4682B4,0
8,15,5.5,3.6,3.6,2.47086,0,All,#4682B4,0
9,15,5.5,3.6,3.6,2.36753,0,All,#4682B4,0
10,15,5.5,3.6,3.6,2.4299,0,All,#4682B4,0
1,15,6,3.35,3.35,2.42855,0,All,#4682B4,0
2,15,6,3.35,3.35,2.25941,0,All,#4682B4,0
3,15,6,3.35,3.35,2.31164,0,All,#4682B4,0
4,15,6,3.35,3.35,2.43585,0,All,#4682B4,0
5,15,6,3.35,3.35,2.45932,0,All,#4682B4,0
6,15,6,3.35,3.35,2.55073,0,All,#4682B4,0
7,15,6,3.35,3.35,2.40253,0,All,#4682B4,0
8,15,6,3.35,3.35,2.23081,0,All,#4682B4,0
9,15,6,3.35,3.35,2.1553,0,All,#4682B4,0
10,15,6,3.35,3.35,2.40041,0,All,#4682B4,0
1,15,6.5,2.9,2.9,2.23633,0,All,#4682B4,0
2,15,6.5,2.9,2.9,2.11899,0,All,#4682B4,0
3,15,6.5,2.9,2.9,2.16935,0,All,#4682B4,0
4,15,6.5,2.9,2.9,2.27943,0,All,#4682B4,0
5,15,6.5,2.9,2.9,2.3197,0,All,#4682B4,0
6,15,6.5,2.9,2.9,2.4108,0,All,#4682B4,0
7,15,6.5,2.9,2.9,2.28031,0,All,#4682B4,0
8,15,6.5,2.9,2.9,1.98072,0,All,#4682B4,0
9,15,6.5,2.9,2.9,1.9514,0,All,#4682B4,0
10,15,6.5,2.9,2.9,2.29566,0,All,#4682B4,0
1,15,7,1.63,1.63,2.05314,0,All,#4682B4,0
2,15,7,1.63,1.63,1.98207,0,All,#4682B4,0
3,15,7,1.63,1.63,2.02716,0,All,#4682B4,0
4,15,7,1.63,1.63,2.11551,0,All,#4682B4,0
5,15,7,1.63,1.63,2.18544,0,All,#4682B4,0
6,15,7,1.63,1.63,2.26784,0,All,#4682B4,0
7,15,7,1.63,1.63,2.15378,0,All,#4682B4,0
8,15,7,1.63,1.63,1.75908,0,All,#4682B4,0
9,15,7,1.63,1.63,1.77191,0,All,#4682B4,0
10,15,7,1.63,1.63,2.16666,0,All,#4682B4,0
1,15,7.5,1.27,1.09364,1.89612,1,All,#4682B4,0
2,15,7.5,1.27,0.914392,1.86161,1,All,#4682B4,0
3,15,7.5,1.27,1.15774,1.89672,1,All,#4682B4,0
4,15,7.5,1.27,0.836124,1.96709,1,All,#4682B4,0
5,15,7.5,1.27,0.00725192,2.06566,1,All,#4682B4,0
6,15,7.5,1.27,1.03238,2.13986,1,All,#4682B4,0
7,15,7.5,1.27,0.937327,2.0383,1,All,#4682B4,0
8,15,7.5,1.27,1.0635,1.57899,1,All,#4682B4,0
9,15,7.5,1.27,0.728969,1.62383,1,All,#4682B4,0
10,15,7.5,1.27,1.06014,2.03743,1,All,#4682B4,0
1,15,8,1.27,0.98006,1.77185,1,All,#4682B4,0
2,15,8,1.27,0.672183,1.76331,1,All,#4682B4,0
3,15,8,1.27,1.25243,1.78355,1,All,#4682B4,0
4,15,8,1.27,1.12353,1.84338,1,All,#4682B4,0
5,15,8,1.27,1.13841,1.96515,1,All,#4682B4,0
6,15,8,1.27,0.858002,2.03384,1,All,#4682B4,0
7,15,8,1.27,0.761444,1.9396,1,All,#4682B4,0
8,15,8,1.27,0.257607,1.44202,1,All,#4682B4,0
9,15,8,1.27,0.191779,1.50985,1,All,#4682B4,0
10,15,8,1.27,1.20127,1.92323,1,All,#4682B4,0
1,15,8.5,1.27,0.155548,1.68113,1,All,#4682B4,0
2,15,8.5,1.27,1.01086,1.68895,1,All,#4682B4,0
3,15,8.5,1.27,1.18599,1.6907,1,All,#4682B4,0
4,15,8.5,1.27,1.2309,1.74729,1,All,#4682B4,0
5,15,8.5,1.27,1.06049,1.88601,1,All,#4682B4,0
6,15,8.5,1.27,0.500159,1.95214,1,All,#4682B4,0
7,15,8.5,1.27,1.0595,1.86046,1,All,#4682B4,0
8,15,8.5,1.27,0.38995,1.34843,1,All,#4682B4,0
9,15,8.5,1.27,0.818954,1.42971,1,All,#4682B4,0
10,15,8.5,1.27,0.791952,1.82955,1,All,#4682B4,0
1,15,9,1.64,1.64,1.62197,0,All,#4682B4,0
2,15,9,1.64,1.64,1.63804,0,All,#4682B4,0
3,15,9,1.64,1.64,1.61929,0,All,#4682B4,0
4,15,9,1.64,1.64,1.67862,0,All,#4682B4,0
5,15,9,1.64,1.64,1.82834,0,All,#4682B4,0
6,15,9,1.64,1.64,1.89451,0,All,#4682B4,0
7,15,9,1.64,1.64,1.80145,0,All,#4682B4,0
8,15,9,1.64,1.64,1.29075,0,All,#4682B4,0
9,15,9,1.64,1.64,1.381,0,All,#4682B4,0
10,15,9,1.64,1.64,1.75869,0,All,#4682B4,0
1,15,9.5,1.27,1.07842,1.59102,1,All,#4682B4,0
2,15,9.5,1.27,0.937823,1.60869,1,All,#4682B4,0
3,15,9.5,1.27,0.871383,1.56909,1,All,#4682B4,0
4,15,9.5,1.27,1.24524,1.63563,1,All,#4682B4,0
5,15,9.5,1.27,1.25739,1.79122,1,All,#4682B4,0
6,15,9.5,1.27,1.22214,1.85924,1,All,#4682B4,0
7,15,9.5,1.27,1.13825,1.76164,1,All,#4682B4,0
8,15,9.5,1.27,0.646992,1.26643,1,All,#4682B4,0
9,15,9.5,1.27,0.907747,1.36027,1,All,#4682B4,0
10,15,9.5,1.27,0.943449,1.70995,1,All,#4682B4,0
1,15,10,2.11,2.11,1.58428,0,All,#4682B4,0
2,15,10,2.11,2.11,1.59823,0,All,#4682B4,0
3,15,10,2.11,2.11,1.53904,0,All,#4682B4,0
4,15,10,2.11,2.11,1.61534,0,All,#4682B4,0
5,15,10,2.11,2.11,1.77303,0,All,#4682B4,0
6,15,10,2.11,2.11,1.84418,0,All,#4682B4,0
7,15,10,2.11,2.11,1.73943,0,All,#4682B4,0
8,15,10,2.11,2.11,1.27064,0,All,#4682B4,0
9,15,10,2.11,2.11,1.36332,0,All,#4682B4,0
10,15,10,2.11,2.11,1.68141,0,All,#4682B4,0
1,15,10.5,1.69,1.69,1.59724,0,All,#4682B4,0
2,15,10.5,1.69,1.69,1.60338,0,All,#4682B4,0
3,15,10.5,1.69,1.69,1.52735,0,All,#4682B4,0
4,15,10.5,1.69,1.69,1.61411,0,All,#4682B4,0
5,15,10.5,1.69,1.69,1.77119,0,All,#4682B4,0
6,15,10.5,1.69,1.69,1.84547,0,All,#4682B4,0
7,15,10.5,1.69,1.69,1.73257,0,All,#4682B4,0
8,15,10.5,1.69,1.69,1.29764,0,All,#4682B4,0
9,15,10.5,1.69,1.69,1.38585,0,All,#4682B4,0
10,15,10.5,1.69,1.69,1.67037,0,All,#4682B4,0
1,15,11,2.12,2.12,1.62548,0,All,#4682B4,0
2,15,11,2.12,2.12,1.62084,0,All,#4682B4,0
3,15,11,2.12,2.12,1.53157,0,All,#4682B4,0
4,15,11,2.12,2.12,1.62904,0,All,#4682B4,0
5,15,11,2.12,2.12,1.78305,0,All,#4682B4,0
6,15,11,2.12,2.12,1.86003,0,All,#4682B4,0
7,15,11,2.12,2.12,1.73859,0,All,#4682B4,0
8,15,11,2.12,2.12,1.34238,0,All,#4682B4,0
9,15,11,2.12,2.12,1.42352,0,All,#4682B4,0
10,15,11,2.12,2.12,1.67387,0,All,#4682B4,0
1,15,11.5,2.18,2.18,1.66491,0,All,#4682B4,0
2,15,11.5,2.18,2.18,1.6462,0,All,#4682B4,0
3,15,11.5,2.18,2.18,1.54874,0,All,#4682B4,0
4,15,11.5,2.18,2.18,1.6106,0,All,#4682B4,0
5,15,11.5,2.18,2.18,1.80554,0,All,#4682B4,0
6,15,11.5,2.18,2.18,1.88446,0,All,#4682B4,0
7,15,11.5,2.18,2.18,1.73941,0,All,#4682B4,0
8,15,11.5,2.18,2.18,1.40012,0,All,#4682B4,0
9,15,11.5,2.18,2.18,1.45774,0,All,#4682B4,0
10,15,11.5,2.18,2.18,1.68545,0,All,#4682B4,0
1,15,12,2.34,2.34,1.66732,0,All,#4682B4,0
2,15,12,2.34,2.34,1.56992,0,All,#4682B4,0
3,15,12,2.34,2.34,1.56808,0,All,#4682B4,0
4,15,12,2.34,2.34,1.45191,0,All,#4682B4,0
5,15,12,2.34,2.34,1.79008,0,All,#4682B4,0
6,15,12,2.34,2.34,1.80918,0,All,#4682B4,0
7,15,12,2.34,2.34,1.58199,0,All,#4682B4,0
8,15,12,2.34,2.34,1.39901,0,All,#4682B4,0
9,15,12,2.34,2.34,1.31302,0,All,#4682B4,0
10,15,12,2.34,2.34,1.49371,0,All,#4682B4,0
1,15,12.5,1.27,0.909201,1.32044,1,All,#4682B4,0
2,15,12.5,1.27,0.674426,1.23274,1,All,#4682B4,0
3,15,12.5,1.27,0.821412,1.34665,1,All,#4682B4,0
4,15,12.5,1.27,0.520528,1.15638,1,All,#4682B4,0
5,15,12.5,1.27,0.1595,1.39466,1,All,#4682B4,0
6,15,12.5,1.27,1.13063,1.41933,1,All,#4682B4,0
7,15,12.5,1.27,0.746199,1.20538,1,All,#4682B4,0
8,15,12.5,1.27,1.16186,1.00818,1,All,#4682B4,0
9,15,12.5,1.27,0.816169,0.920224,1,All,#4682B4,0
10,15,12.5,1.27,0.880051,0.92263,1,All,#4682B4,0
1,15,13,1.27,0.866209,0.672506,1,All,#4682B4,0
2,15,13,1.27,0.564986,0.705395,1,All,#4682B4,0
3,15,13,1.27,0.682059,0.718807,1,All,#4682B4,0
4,15,13,1.27,0.31233,0.769721,1,All,#4682B4,0
5,15,13,1.27,0.864745,0.635736,1,All,#4682B4,0
6,15,13,1.27,1.06309,0.812623,1,All,#4682B4,0
7,15,13,1.27,0.652403,0.691534,1,All,#4682B4,0
8,15,13,1.27,0.216752,0.338911,1,All,#4682B4,0
9,15,13,1.27,0.514186,0.397336,1,All,#4682B4,0
10,15,13,1.27,0.230689,0.192744,1,All,#4682B4,0
1,15,13.5,1.27,1.87536e-17,0,1,All,#4682B4,0
2,15,13.5,1.27,0.0965412,0.0952648,1,All,#4682B4,0
3,15,13.5,1.27,1.53047e-16,0,1,All,#4682B4,0
4,15,13.5,1.27,0.525017,0.339427,1,All,#4682B4,0
5,15,13.5,1.27,6.62865e-17,0,1,All,#4682B4,0
6,15,13.5,1.27,0.111194,0.125194,1,All,#4682B4,0
7,15,13.5,1.27,0.150994,0.127189,1,All,#4682B4,0
8,15,13.5,1.27,2.83592e-16,0,1,All,#4682B4,0
9,15,13.5,1.27,1.05763e-16,0,1,All,#4682B4,0
10,15,13.5,1.27,4.96204e-16,0,1,All,#4682B4,0
1,15,14,1.27,5.69174e-16,0,1,All,#4682B4,0
2,15,14,1.27,2.33714e-16,0,1,All,#4682B4,0
3,15,14,1.27,7.7015e-17,0,1,All,#4682B4,0
4,15,14,1.27,2.68564e-16,0,1,All,#4682B4,0
5,15,14,1.27,3.14947e-16,0,1,All,#4682B4,0
6,15,14,1.27,1.31038e-16,0,1,All,#4682B4,0
7,15,14,1.27,1.00121e-16,0,1,All,#4682B4,0
8,15,14,1.27,1.92853e-16,0,1,All,#4682B4,0
9,15,14,1.27,7.9559e-19,0,1,All,#4682B4,0
10,15,14,1.27,1.31358e-16,0,1,All,#4682B4,0
1,15,14.5,1.27,2.3382e-16,0,1,All,#4682B4,0
2,15,14.5,1.27,1.1838e-16,0,1,All,#4682B4,0
3,15,14.5,1.27,3.97184e-16,0,1,All,#4682B4,0
4,15,14.5,1.27,1.02515e-17,0,1,All,#4682B4,0
5,15,14.5,1.27,6.07029e-17,0,1,All,#4682B4,0
6,15,14.5,1.27,4.50353e-16,0,1,All,#4682B4,0
7,15,14.5,1.27,2.41206e-16,0,1,All,#4682B4,0
8,15,14.5,1.27,3.92439e-17,0,1,All,#4682B4,0
9,15,14.5,1.27,1.73736e-16,0,1,All,#4682B4,0
10,15,14.5,1.27,1.95608e-16,0,1,All,#4682B4,0
1,15,15,1.27,1.6868e-16,0,1,All,#4682B4,0
2,15,15,1.27,1.95426e-16,0,1,All,#4682B4,0
3,15,15,1.27,2.26277e-16,0,1,All,#4682B4,0
4,15,15,1.27,4.78377e-17,0,1,All,#4682B4,0
5,15,15,1.27,3.78105e-16,0,1,All,#4682B4,0
6,15,15,1.27,3.27018e-17,0,1,All,#4682B4,0
7,15,15,1.27,3.38116e-16,0,1,All,#4682B4,0
8,15,15,1.27,2.03839e-16,0,1,All,#4682B4,0
9,15,15,1.27,4.35516e-16,0,1,All,#4682B4,0
10,15,15,1.27,4.56867e-16,0,1,All,#4682B4,0
1,16,1,1.27,1.98124e-16,0,1,All,#4682B4,0
2,16,1,1.27,1.38543e-16,0,1,All,#4682B4,0
3,16,1,1.27,3.21268e-16,0,1,All,#4682B4,0
4,16,1,1.27,1.09313e-16,0,1,All,#4682B4,0
5,16,1,1.27,2.00778e-17,0,1,All,#4682B4,0
6,16,1,1.27,5.85563e-17,0,1,All,#4682B4,0
7,16,1,1.27,1.10533e-16,0,1,All,#4682B4,0
8,16,1,1.27,6.96296e-17,0,1,All,#4682B4,0
9,16,1,1.27,1.81713e-16,0,1,All,#4682B4,0
10,16,1,1.27,7.7359e-17,0,1,All,#4682B4,0
1,16,1.5,1.27,3.75602e-16,0,1,All,#4682B4,0
2,16,1.5,1.27,4.61612e-16,0,1,All,#4682B4,0
3,16,1.5,1.27,1.20149e-16,0,1,All,#4682B4,0
4,16,1.5,1.27,2.28596e-16,0,1,All,#4682B4,0
5,16,1.5,1.27,3.12138e-16,0,1,All,#4682B4,0
6,16,1.5,1.27,6.83553e-17,0,1,All,#4682B4,0
7,16,1.5,1.27,3.51359e-17,0,1,All,#4682B4,0
8,16,1.5,1.27,4.15376e-16,0,1,All,#4682B4,0
9,16,1.5,1.27,1.82895e-16,0,1,All,#4682B4,0
10,16,1.5,1.27,9.70967e-17,0,1,All,#4682B4,0
1,16,2,1.27,2.89463e-16,0,1,All,#4682B4,0
2,16,2,1.27,8.93267e-18,0,1,All,#4682B4,0
3,16,2,1.27,1.0424e-16,0,1,All,#4682B4,0
4,16,2,1.27,1.55774e-16,0,1,All,#4682B4,0
5,16,2,1.27,1.71372e-16,0,1,All,#4682B4,0
6,16,2,1.27,6.9622e-17,0,1,All,#4682B4,0
7,16,2,1.27,1.72162e-16,0,1,All,#4682B4,0
8,16,2,1.27,2.27815e-16,0,1,All,#4682B4,0
9,16,2,1.27,8.02641e-17,0,1,All,#4682B4,0
10,16,2,1.27,1.60665e-16,0,1,All,#4682B4,0
1,16,2.5,1.27,3.76918e-17,0,1,All,#4682B4,0
2,16,2.5,1.27,1.54323e-17,0,1,All,#4682B4,0
3,16,2.5,1.27,9.31048e-17,0,1,All,#4682B4,0
4,16,2.5,1.27,1.36582e-16,0,1,All,#4682B4,0
5,16,2.5,1.27,2.96282e-16,0,1,All,#4682B4,0
6,16,2.5,1.27,3.00977e-16,0,1,All,#4682B4,0
7,16,2.5,1.27,2.29851e-16,0,1,All,#4682B4,0
8,16,2.5,1.27,1.8146e-16,0,1,All,#4682B4,0
9,16,2.5,1.27,1.70635e-16,0,1,All,#4682B4,0
10,16,2.5,1.27,1.9951e-16,0,1,All,#4682B4,0
1,16,3,1.27,0.369155,0.316768,1,All,#4682B4,0
2,16,3,1.27,3.13179e-17,0,1,All,#4682B4,0
3,16,3,1.27,1.6145e-16,0,1,All,#4682B4,0
4,16,3,1.27,0.264814,0.464791,1,All,#4682B4,0
5,16,3,1.27,2.90149e-16,0,1,All,#4682B4,0
6,16,3,1.27,1.88272e-16,0,1,All,#4682B4,0
7,16,3,1.27,0.406334,0.359339,1,All,#4682B4,0
8,16,3,1.27,9.25258e-17,0,1,All,#4682B4,0
9,16,3,1.27,7.69863e-17,0,1,All,#4682B4,0
10,16,3,1.27,0.278953,0.193598,1,All,#4682B4,0
1,16,3.5,1.27,0.977908,0.843092,1,All,#4682B4,0
2,16,3.5,1.27,0.822312,0.484558,1,All,#4682B4,0
3,16,3.5,1.27,0.0559872,0.185088,1,All,#4682B4,0
4,16,3.5,1.27,0.954615,0.943992,1,All,#4682B4,0
5,16,3.5,1.27,0.131448,0.19898,1,All,#4682B4,0
6,16,3.5,1.27,0.418065,0.526384,1,All,#4682B4,0
7,16,3.5,1.27,0.951268,0.980186,1,All,#4682B4,0
8,16,3.5,1.27,0.267892,0.263582,1,All,#4682B4,0
9,16,3.5,1.27,0.210353,0.269756,1,All,#4682B4,0
10,16,3.5,1.27,0.0867129,0.637729,1,All,#4682B4,0
1,16,4,1.27,1.11286,1.24427,1,All,#4682B4,0
2,16,4,1.27,0.475116,0.894099,1,All,#4682B4,0
3,16,4,1.27,0.939001,0.785399,1,All,#4682B4,0
4,16,4,1.27,0.0849695,1.26374,1,All,#4682B4,0
5,16,4,1.27,0.918131,0.678721,1,All,#4682B4,0
6,16,4,1.27,1.18928,1.04168,1,All,#4682B4,0
7,16,4,1.27,1.12914,1.34965,1,All,#4682B4,0
8,16,4,1.27,1.01985,0.965582,1,All,#4682B4,0
9,16,4,1.27,0.982792,0.893083,1,All,#4682B4,0
10,16,4,1.27,1.05335,0.983288,1,All,#4682B4,0
1,16,4.5,2.14,2.14,1.55216,0,All,#4682B4,0
2,16,4.5,2.14,2.14,1.18746,0,All,#4682B4,0
3,16,4.5,2.14,2.14,1.28508,0,All,#4682B4,0
4,16,4.5,2.14,2.14,1.48507,0,All,#4682B4,0
5,16,4.5,2.14,2.14,1.05322,0,All,#4682B4,0
6,16,4.5,2.14,2.14,1.44962,0,All,#4682B4,0
7,16,4.5,2.14,2.14,1.58619,0,All,#4682B4,0
8,16,4.5,2.14,2.14,1.51523,0,All,#4682B4,0
9,16,4.5,2.14,2.14,1.41898,0,All,#4682B4,0
10,16,4.5,2.14,2.14,1.25696,0,All,#4682B4,0
1,16,5,1.73,1.73,1.79209,0,All,#4682B4,0
2,16,5,1.73,1.73,1.40238,0,All,#4682B4,0
3,16,5,1.73,1.73,1.6985,0,All,#4682B4,0
4,16,5,1.73,1.73,1.63785,0,All,#4682B4,0
5,16,5,1.73,1.73,1.34222,0,All,#4682B4,0
6,16,5,1.73,1.73,1.7704,0,All,#4682B4,0
7,16,5,1.73,1.73,1.74218,0,All,#4682B4,0
8,16,5,1.73,1.73,1.92894,0,All,#4682B4,0
9,16,5,1.73,1.73,1.86184,0,All,#4682B4,0
10,16,5,1.73,1.73,1.47368,0,All,#4682B4,0
1,16,5.5,1.87,1.87,1.96977,0,All,#4682B4,0
2,16,5.5,1.87,1.87,1.56047,0,All,#4682B4,0
3,16,5.5,1.87,1.87,2.02729,0,All,#4682B4,0
4,16,5.5,1.87,1.87,1.73669,0,All,#4682B4,0
5,16,5.5,1.87,1.87,1.56315,0,All,#4682B4,0
6,16,5.5,1.87,1.87,2.01498,0,All,#4682B4,0
7,16,5.5,1.87,1.87,1.84314,0,All,#4682B4,0
8,16,5.5,1.87,1.87,2.18149,0,All,#4682B4,0
9,16,5.5,1.87,1.87,2.22108,0,All,#4682B4,0
10,16,5.5,1.87,1.87,1.64043,0,All,#4682B4,0
1,16,6,2.85,2.85,2.08547,0,All,#4682B4,0
2,16,6,2.85,2.85,1.67356,0,All,#4682B4,0
3,16,6,2.85,2.85,2.25799,0,All,#4682B4,0
4,16,6,2.85,2.85,1.78843,0,All,#4682B4,0
5,16,6,2.85,2.85,1.71922,0,All,#4682B4,0
6,16,6,2.85,2.85,2.18311,0,All,#4682B4,0
7,16,6,2.85,2.85,1.90384,0,All,#4682B4,0
8,16,6,2.85,2.85,2.23736,0,All,#4682B4,0
9,16,6,2.85,2.85,2.47732,0,All,#4682B4,0
10,16,6,2.85,2.85,1.75914,0,All,#4682B4,0
1,16,6.5,2.72,2.72,2.13611,0,All,#4682B4,0
2,16,6.5,2.72,2.72,1.74755,0,All,#4682B4,0
3,16,6.5,2.72,2.72,2.36811,0,All,#4682B4,0
4,16,6.5,2.72,2.72,1.79659,0,All,#4682B4,0
5,16,6.5,2.72,2.72,1.80655,0,All,#4682B4,0
6,16,6.5,2.72,2.72,2.26589,0,All,#4682B4,0
7,16,6.5,2.72,2.72,1.93171,0,All,#4682B4,0
8,16,6.5,2.72,2.72,2.12394,0,All,#4682B4,0
9,16,6.5,2.72,2.72,2.5969,0,All,#4682B4,0
10,16,6.5,2.72,2.72,1.82877,0,All,#4682B4,0
1,16,7,2.65,2.65,2.12118,0,All,#4682B4,0
2,16,7,2.65,2.65,1.78535,0,All,#4682B4,0
3,16,7,2.65,2.65,2.34537,0,All,#4682B4,0
4,16,7,2.65,2.65,1.76588,0,All,#4682B4,0
5,16,7,2.65,2.65,1.82305,0,All,#4682B4,0
6,16,7,2.65,2.65,2.2569,0,All,#4682B4,0
7,16,7,2.65,2.65,1.93058,0,All,#4682B4,0
8,16,7,2.65,2.65,1.9255,0,All,#4682B4,0
9,16,7,2.65,2.65,2.56317,0,All,#4682B4,0
10,16,7,2.65,2.65,1.84861,0,All,#4682B4,0
1,16,7.5,2.93,2.93,2.04699,0,All,#4682B4,0
2,16,7.5,2.93,2.93,1.7883,0,All,#4682B4,0
3,16,7.5,2.93,2.93,2.20424,0,All,#4682B4,0
4,16,7.5,2.93,2.93,1.70054,0,All,#4682B4,0
5,16,7.5,2.93,2.93,1.77289,0,All,#4682B4,0
6,16,7.5,2.93,2.93,2.15998,0,All,#4682B4,0
7,16,7.5,2.93,2.93,1.90483,0,All,#4682B4,0
8,16,7.5,2.93,2.93,1.70513,0,All,#4682B4,0
9,16,7.5,2.93,2.93,2.40371,0,All,#4682B4,0
10,16,7.5,2.93,2.93,1.8222,0,All,#4682B4,0
1,16,8,2.32,2.32,1.92687,0,All,#4682B4,0
2,16,8,2.32,2.32,1.75855,0,All,#4682B4,0
3,16,8,2.32,2.32,1.98251,0,All,#4682B4,0
4,16,8,2.32,2.32,1.60972,0,All,#4682B4,0
5,16,8,2.32,2.32,1.6692,0,All,#4682B4,0
6,16,8,2.32,2.32,1.9953,0,All,#4682B4,0
7,16,8,2.32,2.32,1.85711,0,All,#4682B4,0
8,16,8,2.32,2.32,1.4973,0,All,#4682B4,0
9,16,8,2.32,2.32,2.17486,0,All,#4682B4,0
10,16,8,2.32,2.32,1.75605,0,All,#4682B4,0
1,16,8.5,2.04,2.04,1.77836,0,All,#4682B4,0
2,16,8.5,2.04,2.04,1.69702,0,All,#4682B4,0
3,16,8.5,2.04,2.04,1.72429,0,All,#4682B4,0
4,16,8.5,2.04,2.04,1.50214,0,All,#4682B4,0
5,16,8.5,2.04,2.04,1.53139,0,All,#4682B4,0
6,16,8.5,2.04,2.04,1.79041,0,All,#4682B4,0
7,16,8.5,2.04,2.04,1.79033,0,All,#4682B4,0
8,16,8.5,2.04,2.04,1.31553,0,All,#4682B4,0
9,16,8.5,2.04,2.04,1.92918,0,All,#4682B4,0
10,16,8.5,2.04,2.04,1.65765,0,All,#4682B4,0
1,16,9,1.27,0.702465,1.61938,1,All,#4682B4,0
2,16,9,1.27,1.10152,1.61071,1,All,#4682B4,0
3,16,9,1.27,0.932731,1.46575,1,All,#4682B4,0
4,16,9,1.27,1.22048,1.38764,1,All,#4682B4,0
5,16,9,1.27,0.360665,1.38003,1,All,#4682B4,0
6,16,9,1.27,1.16832,1.57614,1,All,#4682B4,0
7,16,9,1.27,0.764544,1.69784,1,All,#4682B4,0
8,16,9,1.27,0.814578,1.16333,1,All,#4682B4,0
9,16,9,1.27,0.805784,1.69792,1,All,#4682B4,0
10,16,9,1.27,1.11523,1.52864,1,All,#4682B4,0
1,16,9.5,1.27,0.952973,1.46461,1,All,#4682B4,0
2,16,9.5,1.27,0.783941,1.50614,1,All,#4682B4,0
3,16,9.5,1.27,0.415326,1.22806,1,All,#4682B4,0
4,16,9.5,1.27,1.23885,1.27782,1,All,#4682B4,0
5,16,9.5,1.27,1.25735,1.23188,1,All,#4682B4,0
6,16,9.5,1.27,0.969887,1.37057,1,All,#4682B4,0
7,16,9.5,1.27,0.687991,1.58389,1,All,#4682B4,0
8,16,9.5,1.27,1.15478,1.04288,1,All,#4682B4,0
9,16,9.5,1.27,0.811647,1.49314,1,All,#4682B4,0
10,16,9.5,1.27,0.825394,1.38011,1,All,#4682B4,0
1,16,10,1.27,1.23482,1.3238,1,All,#4682B4,0
2,16,10,1.27,0.732001,1.38582,1,All,#4682B4,0
3,16,10,1.27,0.856172,1.02023,1,All,#4682B4,0
4,16,10,1.27,0.702922,1.17103,1,All,#4682B4,0
5,16,10,1.27,1.06966,1.098,1,All,#4682B4,0
6,16,10,1.27,1.03731,1.18664,1,All,#4682B4,0
7,16,10,1.27,0.488591,1.45547,1,All,#4682B4,0
8,16,10,1.27,0.817793,0.953187,1,All,#4682B4,0
9,16,10,1.27,1.04246,1.31862,1,All,#4682B4,0
10,16,10,1.27,0.886483,1.22309,1,All,#4682B4,0
1,16,10.5,1.27,0.295433,1.20226,1,All,#4682B4,0
2,16,10.5,1.27,0.864749,1.24722,1,All,#4682B4,0
3,16,10.5,1.27,0.209851,0.845482,1,All,#4682B4,0
4,16,10.5,1.27,0.41467,1.05037,1,All,#4682B4,0
5,16,10.5,1.27,0.943395,0.984929,1,All,#4682B4,0
6,16,10.5,1.27,1.25829,1.03308,1,All,#4682B4,0
7,16,10.5,1.27,1.03738,1.31835,1,All,#4682B4,0
8,16,10.5,1.27,0.651574,0.893412,1,All,#4682B4,0
9,16,10.5,1.27,1.00778,1.17484,1,All,#4682B4,0
10,16,10.5,1.27,0.914978,1.06419,1,All,#4682B4,0
1,16,11,1.27,0.886157,1.10005,1,All,#4682B4,0
2,16,11,1.27,1.1101,1.1012,1,All,#4682B4,0
3,16,11,1.27,0.71052,0.704184,1,All,#4682B4,0
4,16,11,1.27,0.445007,0.922056,1,All,#4682B4,0
5,16,11,1.27,0.720272,0.892596,1,All,#4682B4,0
6,16,11,1.27,1.10897,0.912423,1,All,#4682B4,0
7,16,11,1.27,1.22284,1.17757,1,All,#4682B4,0
8,16,11,1.27,0.38784,0.861449,1,All,#4682B4,0
9,16,11,1.27,0.632564,1.06913,1,All,#4682B4,0
10,16,11,1.27,0.684668,0.909041,1,All,#4682B4,0
1,16,11.5,1.27,0.734253,1.00053,1,All,#4682B4,0
2,16,11.5,1.27,0.472656,0.955017,1,All,#4682B4,0
3,16,11.5,1.27,0.519294,0.579667,1,All,#4682B4,0
4,16,11.5,1.27,0.700403,0.793617,1,All,#4682B4,0
5,16,11.5,1.27,0.433679,0.804789,1,All,#4682B4,0
6,16,11.5,1.27,0.749587,0.800134,1,All,#4682B4,0
7,16,11.5,1.27,1.12869,1.03815,1,All,#4682B4,0
8,16,11.5,1.27,0.524626,0.847887,1,All,#4682B4,0
9,16,11.5,1.27,0.545173,0.993972,1,All,#4682B4,0
10,16,11.5,1.27,0.544979,0.761966,1,All,#4682B4,0
1,16,12,1.27,1.13563,0.903152,1,All,#4682B4,0
2,16,12,1.27,1.22535,0.813972,1,All,#4682B4,0
3,16,12,1.27,0.347628,0.445902,1,All,#4682B4,0
4,16,12,1.27,0.468721,0.669414,1,All,#4682B4,0
5,16,12,1.27,0.871906,0.719187,1,All,#4682B4,0
6,16,12,1.27,0.386801,0.68027,1,All,#4682B4,0
7,16,12,1.27,0.708603,0.901387,1,All,#4682B4,0
8,16,12,1.27,0.975593,0.814433,1,All,#4682B4,0
9,16,12,1.27,0.841319,0.945239,1,All,#4682B4,0
10,16,12,1.27,0.508142,0.626061,1,All,#4682B4,0
1,16,12.5,1.27,0.936278,0.809061,1,All,#4682B4,0
2,16,12.5,1.27,0.691003,0.683246,1,All,#4682B4,0
3,16,12.5,1.27,0.284471,0.307964,1,All,#4682B4,0
4,16,12.5,1.27,0.673689,0.551885,1,All,#4682B4,0
5,16,12.5,1.27,0.525539,0.637354,1,All,#4682B4,0
6,16,12.5,1.27,0.343535,0.557815,1,All,#4682B4,0
7,16,12.5,1.27,0.74898,0.772466,1,All,#4682B4,0
8,16,12.5,1.27,0.357398,0.753744,1,All,#4682B4,0
9,16,12.5,1.27,0.0969253,0.872865,1,All,#4682B4,0
10,16,12.5,1.27,0.852617,0.503186,1,All,#4682B4,0
1,16,13,1.27,0.659673,0.719634,1,All,#4682B4,0
2,16,13,1.27,0.913449,0.564845,1,All,#4682B4,0
3,16,13,1.27,0.0771101,0.166727,1,All,#4682B4,0
4,16,13,1.27,0.660664,0.441744,1,All,#4682B4,0
5,16,13,1.27,0.483244,0.561328,1,All,#4682B4,0
6,16,13,1.27,0.345699,0.433385,1,All,#4682B4,0
7,16,13,1.27,0.932617,0.650894,1,All,#4682B4,0
8,16,13,1.27,0.819217,0.667951,1,All,#4682B4,0
9,16,13,1.27,0.229637,0.776039,1,All,#4682B4,0
10,16,13,1.27,0.72833,0.394122,1,All,#4682B4,0
1,16,13.5,1.27,0.616021,0.635218,1,All,#4682B4,0
2,16,13.5,1.27,0.490285,0.46202,1,All,#4682B4,0
3,16,13.5,1.27,0.029019,0.022308,1,All,#4682B4,0
4,16,13.5,1.27,0.216915,0.339054,1,All,#4682B4,0
5,16,13.5,1.27,0.657448,0.490092,1,All,#4682B4,0
6,16,13.5,1.27,0.481445,0.307127,1,All,#4682B4,0
7,16,13.5,1.27,0.530139,0.539734,1,All,#4682B4,0
8,16,13.5,1.27,0.514308,0.558325,1,All,#4682B4,0
9,16,13.5,1.27,0.490653,0.654003,1,All,#4682B4,0
10,16,13.5,1.27,0.381359,0.298697,1,All,#4682B4,0
1,16,14,1.27,0.796179,0.55577,1,All,#4682B4,0
2,16,14,1.27,0.382493,0.375317,1,All,#4682B4,0
3,16,14,1.27,3.77081e-16,0,1,All,#4682B4,0
4,16,14,1.27,0.113123,0.242897,1,All,#4682B4,0
5,16,14,1.27,0.295208,0.422261,1,All,#4682B4,0
6,16,14,1.27,0.0519515,0.178997,1,All,#4682B4,0
7,16,14,1.27,0.68055,0.437864,1,All,#4682B4,0
8,16,14,1.27,0.613139,0.428139,1,All,#4682B4,0
9,16,14,1.27,0.451574,0.50706,1,All,#4682B4,0
10,16,14,1.27,0.30704,0.216184,1,All,#4682B4,0
1,16,14.5,1.27,0.559935,0.480922,1,All,#4682B4,0
2,16,14.5,1.27,0.416754,0.304474,1,All,#4682B4,0
3,16,14.5,1.27,3.46431e-16,0,1,All,#4682B4,0
4,16,14.5,1.27,0.112535,0.152141,1,All,#4682B4,0
5,16,14.5,1.27,0.417109,0.358662,1,All,#4682B4,0
6,16,14.5,1.27,0.067997,0.051777,1,All,#4682B4,0
7,16,14.5,1.27,0.501108,0.345657,1,All,#4682B4,0
8,16,14.5,1.27,0.290494,0.275849,1,All,#4682B4,0
9,16,14.5,1.27,0.346127,0.336645,1,All,#4682B4,0
10,16,14.5,1.27,0.0610787,0.145299,1,All,#4682B4,0
1,16,15,1.27,0.393619,0.410634,1,All,#4682B4,0
2,16,15,1.27,0.182222,0.248633,1,All,#4682B4,0
3,16,15,1.27,1.53816e-16,0,1,All,#4682B4,0
4,16,15,1.27,0.0234773,0.0669899,1,All,#4682B4,0
5,16,15,1.27,0.198239,0.297869,1,All,#4682B4,0
6,16,15,1.27,1.26621e-16,0,1,All,#4682B4,0
7,16,15,1.27,0.452143,0.262611,1,All,#4682B4,0
8,16,15,1.27,0.0936373,0.107494,1,All,#4682B4,0
9,16,15,1.27,0.116949,0.143941,1,All,#4682B4,0
10,16,15,1.27,0.109842,0.0843753,1,All,#4682B4,0
1,16,15.5,1.27,0.350563,0.342067,1,All,#4682B4,0
2,16,15.5,1.27,0.157037,0.206297,1,All,#4682B4,0
3,16,15.5,1.27,4.50294e-17,0,1,All,#4682B4,0
4,16,15.5,1.27,4.55265e-16,0,1,All,#4682B4,0
5,16,15.5,1.27,0.208518,0.239966,1,All,#4682B4,0
6,16,15.5,1.27,1.23781e-16,0,1,All,#4682B4,0
7,16,15.5,1.27,0.0693263,0.187941,1,All,#4682B4,0
8,16,15.5,1.27,8.03319e-17,0,1,All,#4682B4,0
9,16,15.5,1.27,2.55698e-16,0,1,All,#4682B4,0
10,16,15.5,1.27,0.0308539,0.0319015,1,All,#4682B4,0
1,16,16,1.27,0.0723892,0.277041,1,All,#4682B4,0
2,16,16,1.27,0.246027,0.175817,1,All,#4682B4,0
3,16,16,1.27,1.16422e-16,0,1,All,#4682B4,0
4,16,16,1.27,9.79385e-17,0,1,All,#4682B4,0
5,16,16,1.27,0.384875,0.182102,1,All,#4682B4,0
6,16,16,1.27,1.46828e-16,0,1,All,#4682B4,0
7,16,16,1.27,0.153391,0.120904,1,All,#4682B4,0
8,16,16,1.27,1.68572e-16,0,1,All,#4682B4,0
9,16,16,1.27,7.85078e-17,0,1,All,#4682B4,0
10,16,16,1.27,5.42262e-17,0,1,All,#4682B4,0
1,16,16.5,1.27,0.205239,0.214032,1,All,#4682B4,0
2,16,16.5,1.27,0.308558,0.155376,1,All,#4682B4,0
3,16,16.5,1.27,1.78308e-16,0,1,All,#4682B4,0
4,16,16.5,1.27,1.9007e-17,0,1,All,#4682B4,0
5,16,16.5,1.27,0.136851,0.125902,1,All,#4682B4,0
6,16,16.5,1.27,8.01687e-17,0,1,All,#4682B4,0
7,16,16.5,1.27,0.101228,0.0607182,1,All,#4682B4,0
8,16,16.5,1.27,3.34254e-16,0,1,All,#4682B4,0
9,16,16.5,1.27,1.95793e-16,0,1,All,#4682B4,0
10,16,16.5,1.27,1.57892e-16,0,1,All,#4682B4,0
1,16,17,1.27,0.090296,0.149819,1,All,#4682B4,0
2,16,17,1.27,0.197599,0.143183,1,All,#4682B4,0
3,16,17,1.27,1.02861e-16,0,1,All,#4682B4,0
4,16,17,1.27,1.26167e-16,0,1,All,#4682B4,0
5,16,17,1.27,0.0371633,0.0683927,1,All,#4682B4,0
6,16,17,1.27,1.25036e-16,0,1,All,#4682B4,0
7,16,17,1.27,0.00737421,0.00640282,1,All,#4682B4,0
8,16,17,1.27,1.7965e-16,0,1,All,#4682B4,0
9,16,17,1.27,1.44177e-16,0,1,All,#4682B4,0
10,16,17,1.27,2.10336e-16,0,1,All,#4682B4,0
1,17,1,1.27,1.89355e-16,0,1,All,#4682B4,0
2,17,1,1.27,1.33647e-16,0,1,All,#4682B4,0
3,17,1,1.27,1.96097e-16,0,1,All,#4682B4,0
4,17,1,1.27,3.56234e-16,0,1,All,#4682B4,0
5,17,1,1.27,1.61304e-17,0,1,All,#4682B4,0
6,17,1,1.27,2.16796e-16,0,1,All,#4682B4,0
7,17,1,1.27,2.11926e-16,0,1,All,#4682B4,0
8,17,1,1.27,2.52818e-16,0,1,All,#4682B4,0
9,17,1,1.27,2.0299e-16,0,1,All,#4682B4,0
10,17,1,1.27,3.66611e-16,0,1,All,#4682B4,0
1,17,1.5,1.27,2.80126e-16,0,1,All,#4682B4,0
2,17,1.5,1.27,6.73588e-17,0,1,All,#4682B4,0
3,17,1.5,1.27,3.88277e-16,0,1,All,#4682B4,0
4,17,1.5,1.27,4.29941e-16,0,1,All,#4682B4,0
5,17,1.5,1.27,4.66955e-16,0,1,All,#4682B4,0
6,17,1.5,1.27,4.03043e-17,0,1,All,#4682B4,0
7,17,1.5,1.27,7.31162e-17,0,1,All,#4682B4,0
8,17,1.5,1.27,2.04127e-16,0,1,All,#4682B4,0
9,17,1.5,1.27,1.5582e-16,0,1,All,#4682B4,0
10,17,1.5,1.27,2.93448e-16,0,1,All,#4682B4,0
1,17,2,1.27,7.44615e-17,0,1,All,#4682B4,0
2,17,2,1.27,1.59942e-16,0,1,All,#4682B4,0
3,17,2,1.27,2.01538e-16,0,1,All,#4682B4,0
4,17,2,1.27,1.34027e-16,0,1,All,#4682B4,0
5,17,2,1.27,1.23123e-16,0,1,All,#4682B4,0
6,17,2,1.27,3.59274e-17,0,1,All,#4682B4,0
7,17,2,1.27,2.11243e-16,0,1,All,#4682B4,0
8,17,2,1.27,2.16794e-16,0,1,All,#4682B4,0
9,17,2,1.27,1.713e-16,0,1,All,#4682B4,0
10,17,2,1.27,3.38016e-16,0,1,All,#4682B4,0
1,17,2.5,1.27,1.76207e-17,0,1,All,#4682B4,0
2,17,2.5,1.27,1.7285e-16,0,1,All,#4682B4,0
3,17,2.5,1.27,2.54539e-16,0,1,All,#4682B4,0
4,17,2.5,1.27,5.79653e-17,0,1,All,#4682B4,0
5,17,2.5,1.27,1.92748e-16,0,1,All,#4682B4,0
6,17,2.5,1.27,5.57253e-17,0,1,All,#4682B4,0
7,17,2.5,1.27,1.82552e-17,0,1,All,#4682B4,0
8,17,2.5,1.27,2.79565e-16,0,1,All,#4682B4,0
9,17,2.5,1.27,5.80677e-16,0,1,All,#4682B4,0
10,17,2.5,1.27,2.01477e-16,0,1,All,#4682B4,0
1,17,3,1.27,3.27201e-16,0,1,All,#4682B4,0
2,17,3,1.27,2.04737e-16,0,1,All,#4682B4,0
3,17,3,1.27,4.91693e-16,0,1,All,#4682B4,0
4,17,3,1.27,0.288037,0.497156,1,All,#4682B4,0
5,17,3,1.27,2.65648e-16,0,1,All,#4682B4,0
6,17,3,1.27,4.08979e-16,0,1,All,#4682B4,0
7,17,3,1.27,1.37861e-16,0,1,All,#4682B4,0
8,17,3,1.27,1.34451e-16,0,1,All,#4682B4,0
9,17,3,1.27,0.226844,0.166005,1,All,#4682B4,0
10,17,3,1.27,2.95787e-16,0,1,All,#4682B4,0
1,17,3.5,1.27,0.303238,0.324678,1,All,#4682B4,0
2,17,3.5,1.27,0.293962,0.578444,1,All,#4682B4,0
3,17,3.5,1.27,0.687969,0.718454,1,All,#4682B4,0
4,17,3.5,1.27,0.578782,1.72824,1,All,#4682B4,0
5,17,3.5,1.27,0.468696,0.977648,1,All,#4682B4,0
6,17,3.5,1.27,0.493397,0.53011,1,All,#4682B4,0
7,17,3.5,1.27,0.848308,0.649792,1,All,#4682B4,0
8,17,3.5,1.27,0.25642,0.309414,1,All,#4682B4,0
9,17,3.5,1.27,1.0981,1.33419,1,All,#4682B4,0
10,17,3.5,1.27,0.437196,0.806401,1,All,#4682B4,0
1,17,4,1.77,1.77,1.15975,0,All,#4682B4,0
2,17,4,1.77,1.77,1.4328,0,All,#4682B4,0
3,17,4,1.77,1.77,1.47493,0,All,#4682B4,0
4,17,4,1.77,1.77,2.29895,0,All,#4682B4,0
5,17,4,1.77,1.77,1.66515,0,All,#4682B4,0
6,17,4,1.77,1.77,1.29718,0,All,#4682B4,0
7,17,4,1.77,1.77,1.47027,0,All,#4682B4,0
8,17,4,1.77,1.77,1.27515,0,All,#4682B4,0
9,17,4,1.77,1.77,1.93469,0,All,#4682B4,0
10,17,4,1.77,1.77,1.56054,0,All,#4682B4,0
1,17,4.5,2.11,2.11,1.8781,0,All,#4682B4,0
2,17,4.5,2.11,2.11,2.06434,0,All,#4682B4,0
3,17,4.5,2.11,2.11,2.05594,0,All,#4682B4,0
4,17,4.5,2.11,2.11,2.62827,0,All,#4682B4,0
5,17,4.5,2.11,2.11,2.13206,0,All,#4682B4,0
6,17,4.5,2.11,2.11,1.97897,0,All,#4682B4,0
7,17,4.5,2.11,2.11,2.07056,0,All,#4682B4,0
8,17,4.5,2.11,2.11,2.05016,0,All,#4682B4,0
9,17,4.5,2.11,2.11,2.30454,0,All,#4682B4,0
10,17,4.5,2.11,2.11,2.12855,0,All,#4682B4,0
1,17,5,2.27,2.27,2.49919,0,All,#4682B4,0
2,17,5,2.27,2.27,2.54146,0,All,#4682B4,0
3,17,5,2.27,2.27,2.50959,0,All,#4682B4,0
4,17,5,2.27,2.27,2.82955,0,All,#4682B4,0
5,17,5,2.27,2.27,2.46246,0,All,#4682B4,0
6,17,5,2.27,2.27,2.5842,0,All,#4682B4,0
7,17,5,2.27,2.27,2.52292,0,All,#4682B4,0
8,17,5,2.27,2.27,2.6805,0,All,#4682B4,0
9,17,5,2.27,2.27,2.5435,0,All,#4682B4,0
10,17,5,2.27,2.27,2.56628,0,All,#4682B4,0
1,17,5.5,3.29,3.29,3.0231,0,All,#4682B4,0
2,17,5.5,3.29,3.29,2.89928,0,All,#4682B4,0
3,17,5.5,3.29,3.29,2.86069,0,All,#4682B4,0
4,17,5.5,3.29,3.29,2.94265,0,All,#4682B4,0
5,17,5.5,3.29,3.29,2.69594,0,All,#4682B4,0
6,17,5.5,3.29,3.29,3.10634,0,All,#4682B4,0
7,17,5.5,3.29,3.29,2.85831,0,All,#4682B4,0
8,17,5.5,3.29,3.29,3.18072,0,All,#4682B4,0
9,17,5.5,3.29,3.29,2.6947,0,All,#4682B4,0
10,17,5.5,3.29,3.29,2.90003,0,All,#4682B4,0
1,17,6,2.73,2.73,3.41821,0,All,#4682B4,0
2,17,6,2.73,2.73,3.13675,0,All,#4682B4,0
3,17,6,2.73,2.73,3.10635,0,All,#4682B4,0
4,17,6,2.73,2.73,2.97975,0,All,#4682B4,0
5,17,6,2.73,2.73,2.84595,0,All,#4682B4,0
6,17,6,2.73,2.73,3.50187,0,All,#4682B4,0
7,17,6,2.73,2.73,3.0762,0,All,#4682B4,0
8,17,6,2.73,2.73,3.51872,0,All,#4682B4,0
9,17,6,2.73,2.73,2.77783,0,All,#4682B4,0
10,17,6,2.73,2.73,3.12903,0,All,#4682B4,0
1,17,6.5,3.71,3.71,3.61018,0,All,#4682B4,0
2,17,6.5,3.71,3.71,3.22756,0,All,#4682B4,0
3,17,6.5,3.71,3.71,3.22924,0,All,#4682B4,0
4,17,6.5,3.71,3.71,2.94609,0,All,#4682B4,0
5,17,6.5,3.71,3.71,2.90528,0,All,#4682B4,0
6,17,6.5,3.71,3.71,3.68467,0,All,#4682B4,0
7,17,6.5,3.71,3.71,3.1565,0,All,#4682B4,0
8,17,6.5,3.71,3.71,3.62193,0,All,#4682B4,0
9,17,6.5,3.71,3.71,2.80035,0,All,#4682B4,0
10,17,6.5,3.71,3.71,3.22276,0,All,#4682B4,0
1,17,7,4.66,4.66,3.54091,0,All,#4682B4,0
2,17,7,4.66,4.66,3.15248,0,All,#4682B4,0
3,17,7,4.66,4.66,3.21272,0,All,#4682B4,0
4,17,7,4.66,4.66,2.84897,0,All,#4682B4,0
5,17,7,4.66,4.66,2.86421,0,All,#4682B4,0
6,17,7,4.66,4.66,3.60143,0,All,#4682B4,0
7,17,7,4.66,4.66,3.08973,0,All,#4682B4,0
8,17,7,4.66,4.66,3.46678,0,All,#4682B4,0
9,17,7,4.66,4.66,2.76537,0,All,#4682B4,0
10,17,7,4.66,4.66,3.16145,0,All,#4682B4,0
1,17,7.5,4.39,4.39,3.23995,0,All,#4682B4,0
2,17,7.5,4.39,4.39,2.93775,0,All,#4682B4,0
3,17,7.5,4.39,4.39,3.05357,0,All,#4682B4,0
4,17,7.5,4.39,4.39,2.69732,0,All,#4682B4,0
5,17,7.5,4.39,4.39,2.72854,0,All,#4682B4,0
6,17,7.5,4.39,4.39,3.30992,0,All,#4682B4,0
7,17,7.5,4.39,4.39,2.89771,0,All,#4682B4,0
8,17,7.5,4.39,4.39,3.12757,0,All,#4682B4,0
9,17,7.5,4.39,4.39,2.67571,0,All,#4682B4,0
10,17,7.5,4.39,4.39,2.96184,0,All,#4682B4,0
1,17,8,3.59,3.59,2.78857,0,All,#4682B4,0
2,17,8,3.59,3.59,2.62953,0,All,#4682B4,0
3,17,8,3.59,3.59,2.76899,0,All,#4682B4,0
4,17,8,3.59,3.59,2.50233,0,All,#4682B4,0
5,17,8,3.59,3.59,2.5102,0,All,#4682B4,0
6,17,8,3.59,3.59,2.9158,0,All,#4682B4,0
7,17,8,3.59,3.59,2.61814,0,All,#4682B4,0
8,17,8,3.59,3.59,2.69674,0,All,#4682B4,0
9,17,8,3.59,3.59,2.5357,0,All,#4682B4,0
10,17,8,3.59,3.59,2.66027,0,All,#4682B4,0
1,17,8.5,1.75,1.75,2.26505,0,All,#4682B4,0
2,17,8.5,1.75,1.75,2.26511,0,All,#4682B4,0
3,17,8.5,1.75,1.75,2.39505,0,All,#4682B4,0
4,17,8.5,1.75,1.75,2.27437,0,All,#4682B4,0
5,17,8.5,1.75,1.75,2.22954,0,All,#4682B4,0
6,17,8.5,1.75,1.75,2.48008,0,All,#4682B4,0
7,17,8.5,1.75,1.75,2.27677,0,All,#4682B4,0
8,17,8.5,1.75,1.75,2.23462,0,All,#4682B4,0
9,17,8.5,1.75,1.75,2.35162,0,All,#4682B4,0
10,17,8.5,1.75,1.75,2.29722,0,All,#4682B4,0
1,17,9,1.27,0.676523,1.71065,1,All,#4682B4,0
2,17,9,1.27,1.04387,1.86881,1,All,#4682B4,0
3,17,9,1.27,0.968915,1.96449,1,All,#4682B4,0
4,17,9,1.27,0.85547,2.02207,1,All,#4682B4,0
5,17,9,1.27,1.19343,1.90293,1,All,#4682B4,0
6,17,9,1.27,1.01772,2.03043,1,All,#4682B4,0
7,17,9,1.27,0.780225,1.90113,1,All,#4682B4,0
8,17,9,1.27,0.616166,1.76803,1,All,#4682B4,0
9,17,9,1.27,1.13029,2.13159,1,All,#4682B4,0
10,17,9,1.27,0.502989,1.90982,1,All,#4682B4,0
1,17,9.5,1.27,0.983667,1.15332,1,All,#4682B4,0
2,17,9.5,1.27,1.00206,1.45666,1,All,#4682B4,0
3,17,9.5,1.27,1.05526,1.50304,1,All,#4682B4,0
4,17,9.5,1.27,0.0444545,1.75375,1,All,#4682B4,0
5,17,9.5,1.27,0.484562,1.54797,1,All,#4682B4,0
6,17,9.5,1.27,1.19602,1.58058,1,All,#4682B4,0
7,17,9.5,1.27,0.708334,1.51117,1,All,#4682B4,0
8,17,9.5,1.27,0.718761,1.30536,1,All,#4682B4,0
9,17,9.5,1.27,0.203698,1.88538,1,All,#4682B4,0
10,17,9.5,1.27,1.13064,1.52304,1,All,#4682B4,0
1,17,10,1.27,0.822497,0.608628,1,All,#4682B4,0
2,17,10,1.27,0.694424,1.04154,1,All,#4682B4,0
3,17,10,1.27,0.976627,1.03148,1,All,#4682B4,0
4,17,10,1.27,0.314098,1.47875,1,All,#4682B4,0
5,17,10,1.27,1.01331,1.18341,1,All,#4682B4,0
6,17,10,1.27,0.309363,1.13789,1,All,#4682B4,0
7,17,10,1.27,0.518651,1.12202,1,All,#4682B4,0
8,17,10,1.27,0.445559,0.858072,1,All,#4682B4,0
9,17,10,1.27,1.23139,1.62088,1,All,#4682B4,0
10,17,10,1.27,0.728939,1.14893,1,All,#4682B4,0
1,17,10.5,1.27,0.0842386,0.0822011,1,All,#4682B4,0
2,17,10.5,1.27,0.671816,0.63527,1,All,#4682B4,0
3,17,10.5,1.27,0.764931,0.568035,1,All,#4682B4,0
4,17,10.5,1.27,0.64304,1.20507,1,All,#4682B4,0
5,17,10.5,1.27,0.985397,0.827947,1,All,#4682B4,0
6,17,10.5,1.27,0.868471,0.707096,1,All,#4682B4,0
7,17,10.5,1.27,0.508076,0.74749,1,All,#4682B4,0
8,17,10.5,1.27,0.291727,0.434132,1,All,#4682B4,0
9,17,10.5,1.27,1.1173,1.34761,1,All,#4682B4,0
10,17,10.5,1.27,1.19233,0.797964,1,All,#4682B4,0
1,17,11,1.27,2.57341e-16,0,1,All,#4682B4,0
2,17,11,1.27,0.397251,0.248355,1,All,#4682B4,0
3,17,11,1.27,0.0594786,0.128064,1,All,#4682B4,0
4,17,11,1.27,0.423256,0.944664,1,All,#4682B4,0
5,17,11,1.27,0.59128,0.496855,1,All,#4682B4,0
6,17,11,1.27,0.536264,0.292271,1,All,#4682B4,0
7,17,11,1.27,0.255717,0.397769,1,All,#4682B4,0
8,17,11,1.27,0.0542995,0.0388594,1,All,#4682B4,0
9,17,11,1.27,0.734158,1.07168,1,All,#4682B4,0
10,17,11,1.27,0.589545,0.478462,1,All,#4682B4,0
1,17,11.5,1.27,4.13183e-16,0,1,All,#4682B4,0
2,17,11.5,1.27,3.3905e-16,0,1,All,#4682B4,0
3,17,11.5,1.27,2.85079e-16,0,1,All,#4682B4,0
4,17,11.5,1.27,0.680481,0.709405,1,All,#4682B4,0
5,17,11.5,1.27,0.184835,0.205301,1,All,#4682B4,0
6,17,11.5,1.27,1.46083e-17,0,1,All,#4682B4,0
7,17,11.5,1.27,0.0432921,0.079596,1,All,#4682B4,0
8,17,11.5,1.27,5.0203e-17,0,1,All,#4682B4,0
9,17,11.5,1.27,0.264828,0.803853,1,All,#4682B4,0
10,17,11.5,1.27,0.12832,0.19414,1,All,#4682B4,0
1,17,12,1.27,6.30608e-17,0,1,All,#4682B4,0
2,17,12,1.27,5.65008e-17,0,1,All,#4682B4,0
3,17,12,1.27,3.06424e-16,0,1,All,#4682B4,0
4,17,12,1.27,0.333411,0.50857,1,All,#4682B4,0
5,17,12,1.27,1.62687e-16,0,1,All,#4682B4,0
6,17,12,1.27,1.34318e-16,0,1,All,#4682B4,0
7,17,12,1.27,7.23627e-17,0,1,All,#4682B4,0
8,17,12,1.27,3.82511e-16,0,1,All,#4682B4,0
9,17,12,1.27,0.481553,0.548691,1,All,#4682B4,0
10,17,12,1.27,1.43867e-16,0,1,All,#4682B4,0
1,17,12.5,1.27,6.20283e-18,0,1,All,#4682B4,0
2,17,12.5,1.27,1.35716e-16,0,1,All,#4682B4,0
3,17,12.5,1.27,6.84802e-17,0,1,All,#4682B4,0
4,17,12.5,1.27,0.405537,0.346635,1,All,#4682B4,0
5,17,12.5,1.27,3.5654e-16,0,1,All,#4682B4,0
6,17,12.5,1.27,3.82088e-16,0,1,All,#4682B4,0
7,17,12.5,1.27,7.97134e-17,0,1,All,#4682B4,0
8,17,12.5,1.27,1.76393e-16,0,1,All,#4682B4,0
9,17,12.5,1.27,0.263897,0.314083,1,All,#4682B4,0
10,17,12.5,1.27,6.50316e-17,0,1,All,#4682B4,0
1,17,13,1.27,3.53677e-16,0,1,All,#4682B4,0
2,17,13,1.27,2.1996e-16,0,1,All,#4682B4,0
3,17,13,1.27,9.3822e-17,0,1,All,#4682B4,0
4,17,13,1.27,0.285048,0.223586,1,All,#4682B4,0
5,17,13,1.27,2.02252e-16,0,1,All,#4682B4,0
6,17,13,1.27,9.11775e-17,0,1,All,#4682B4,0
7,17,13,1.27,2.75113e-17,0,1,All,#4682B4,0
8,17,13,1.27,2.26155e-16,0,1,All,#4682B4,0
9,17,13,1.27,0.0834786,0.0999234,1,All,#4682B4,0
10,17,13,1.27,3.7283e-16,0,1,All,#4682B4,0
1,17,13.5,1.27,4.85657e-17,0,1,All,#4682B4,0
2,17,13.5,1.27,2.55341e-16,0,1,All,#4682B4,0
3,17,13.5,1.27,6.79112e-17,0,1,All,#4682B4,0
4,17,13.5,1.27,0.159608,0.135658,1,All,#4682B4,0
5,17,13.5,1.27,1.36645e-16,0,1,All,#4682B4,0
6,17,13.5,1.27,6.10555e-17,0,1,All,#4682B4,0
7,17,13.5,1.27,3.97063e-16,0,1,All,#4682B4,0
8,17,13.5,1.27,3.17078e-16,0,1,All,#4682B4,0
9,17,13.5,1.27,1.3022e-17,0,1,All,#4682B4,0
10,17,13.5,1.27,1.74151e-16,0,1,All,#4682B4,0
1,17,14,1.27,2.23837e-16,0,1,All,#4682B4,0
2,17,14,1.27,1.92547e-16,0,1,All,#4682B4,0
3,17,14,1.27,3.84066e-16,0,1,All,#4682B4,0
4,17,14,1.27,0.0328897,0.0770016,1,All,#4682B4,0
5,17,14,1.27,9.18047e-17,0,1,All,#4682B4,0
6,17,14,1.27,2.82713e-16,0,1,All,#4682B4,0
7,17,14,1.27,3.50206e-16,0,1,All,#4682B4,0
8,17,14,1.27,3.03762e-16,0,1,All,#4682B4,0
9,17,14,1.27,2.68895e-16,0,1,All,#4682B4,0
10,17,14,1.27,3.03103e-16,0,1,All,#4682B4,0
1,17,14.5,1.27,5.45206e-16,0,1,All,#4682B4,0
2,17,14.5,1.27,5.99718e-16,0,1,All,#4682B4,0
3,17,14.5,1.27,1.1376e-16,0,1,All,#4682B4,0
4,17,14.5,1.27,0.0250234,0.0424223,1,All,#4682B4,0
5,17,14.5,1.27,4.31648e-16,0,1,All,#4682B4,0
6,17,14.5,1.27,3.97317e-16,0,1,All,#4682B4,0
7,17,14.5,1.27,2.18678e-16,0,1,All,#4682B4,0
8,17,14.5,1.27,1.41936e-16,0,1,All,#4682B4,0
9,17,14.5,1.27,3.9168e-16,0,1,All,#4682B4,0
10,17,14.5,1.27,1.13806e-16,0,1,All,#4682B4,0
1,17,15,1.27,1.34778e-16,0,1,All,#4682B4,0
2,17,15,1.27,1.36395e-16,0,1,All,#4682B4,0
3,17,15,1.27,4.96853e-17,0,1,All,#4682B4,0
4,17,15,1.27,0.0257807,0.0232387,1,All,#4682B4,0
5,17,15,1.27,7.34618e-17,0,1,All,#4682B4,0
6,17,15,1.27,3.30155e-16,0,1,All,#4682B4,0
7,17,15,1.27,1.0873e-16,0,1,All,#4682B4,0
8,17,15,1.27,6.61354e-19,0,1,All,#4682B4,0
9,17,15,1.27,4.13766e-16,0,1,All,#4682B4,0
10,17,15,1.27,6.35557e-17,0,1,All,#4682B4,0
1,17,15.5,1.27,8.638e-17,0,1,All,#4682B4,0
2,17,15.5,1.27,2.81676e-16,0,1,All,#4682B4,0
3,17,15.5,1.27,1.80877e-16,0,1,All,#4682B4,0
4,17,15.5,1.27,0.0106044,0.0161497,1,All,#4682B4,0
5,17,15.5,1.27,2.48188e-17,0,1,All,#4682B4,0
6,17,15.5,1.27,8.31802e-17,0,1,All,#4682B4,0
7,17,15.5,1.27,2.99563e-16,0,1,All,#4682B4,0
8,17,15.5,1.27,3.04315e-16,0,1,All,#4682B4,0
9,17,15.5,1.27,1.20458e-16,0,1,All,#4682B4,0
10,17,15.5,1.27,8.87352e-17,0,1,All,#4682B4,0
1,18,1,1.27,3.44934e-16,0,1,All,#4682B4,0
2,18,1,1.27,3.26173e-16,0,1,All,#4682B4,0
3,18,1,1.27,1.15526e-16,0,1,All,#4682B4,0
4,18,1,1.27,3.23991e-17,0,1,All,#4682B4,0
5,18,1,1.27,1.89472e-16,0,1,All,#4682B4,0
6,18,1,1.27,1.24289e-16,0,1,All,#4682B4,0
7,18,1,1.27,3.43103e-16,0,1,All,#4682B4,0
8,18,1,1.27,2.37987e-16,0,1,All,#4682B4,0
9,18,1,1.27,1.47966e-17,0,1,All,#4682B4,0
10,18,1,1.27,1.05023e-16,0,1,All,#4682B4,0
1,18,1.5,1.27,6.74867e-17,0,1,All,#4682B4,0
2,18,1.5,1.27,7.17873e-17,0,1,All,#4682B4,0
3,18,1.5,1.27,3.54632e-17,0,1,All,#4682B4,0
4,18,1.5,1.27,1.23659e-16,0,1,All,#4682B4,0
5,18,1.5,1.27,1.25877e-16,0,1,All,#4682B4,0
6,18,1.5,1.27,1.59589e-16,0,1,All,#4682B4,0
7,18,1.5,1.27,7.12493e-17,0,1,All,#4682B4,0
8,18,1.5,1.27,2.00402e-16,0,1,All,#4682B4,0
9,18,1.5,1.27,5.49765e-16,0,1,All,#4682B4,0
10,18,1.5,1.27,1.36196e-16,0,1,All,#4682B4,0
1,18,2,1.27,1.10508e-16,0,1,All,#4682B4,0
2,18,2,1.27,1.07483e-16,0,1,All,#4682B4,0
3,18,2,1.27,7.79843e-17,0,1,All,#4682B4,0
4,18,2,1.27,1.85561e-17,0,1,All,#4682B4,0
5,18,2,1.27,4.88128e-17,0,1,All,#4682B4,0
6,18,2,1.27,6.98545e-17,0,1,All,#4682B4,0
7,18,2,1.27,1.2978e-16,0,1,All,#4682B4,0
8,18,2,1.27,1.91923e-17,0,1,All,#4682B4,0
9,18,2,1.27,2.12175e-16,0,1,All,#4682B4,0
10,18,2,1.27,4.49091e-16,0,1,All,#4682B4,0
1,18,2.5,1.27,1.74991e-16,0,1,All,#4682B4,0
2,18,2.5,1.27,1.78882e-16,0,1,All,#4682B4,0
3,18,2.5,1.27,0.943499,0.691417,1,All,#4682B4,0
4,18,2.5,1.27,0.656863,0.800759,1,All,#4682B4,0
5,18,2.5,1.27,2.49756e-16,0,1,All,#4682B4,0
6,18,2.5,1.27,0.153504,0.120128,1,All,#4682B4,0
7,18,2.5,1.27,0.166132,0.12874,1,All,#4682B4,0
8,18,2.5,1.27,2.20328e-16,0,1,All,#4682B4,0
9,18,2.5,1.27,2.80023e-16,0,1,All,#4682B4,0
10,18,2.5,1.27,2.6226e-16,0,1,All,#4682B4,0
1,18,3,2.55,2.55,1.67525,0,All,#4682B4,0
2,18,3,2.55,2.55,1.88593,0,All,#4682B4,0
3,18,3,2.55,2.55,1.88857,0,All,#4682B4,0
4,18,3,2.55,2.55,2.01022,0,All,#4682B4,0
5,18,3,2.55,2.55,2.2483,0,All,#4682B4,0
6,18,3,2.55,2.55,2.22199,0,All,#4682B4,0
7,18,3,2.55,2.55,1.77968,0,All,#4682B4,0
8,18,3,2.55,2.55,1.6601,0,All,#4682B4,0
9,18,3,2.55,2.55,2.04897,0,All,#4682B4,0
10,18,3,2.55,2.55,1.80062,0,All,#4682B4,0
1,18,3.5,2.53,2.53,2.46185,0,All,#4682B4,0
2,18,3.5,2.53,2.53,2.6309,0,All,#4682B4,0
3,18,3.5,2.53,2.53,2.31176,0,All,#4682B4,0
4,18,3.5,2.53,2.53,2.60014,0,All,#4682B4,0
5,18,3.5,2.53,2.53,3.13744,0,All,#4682B4,0
6,18,3.5,2.53,2.53,2.80951,0,All,#4682B4,0
7,18,3.5,2.53,2.53,2.30228,0,All,#4682B4,0
8,18,3.5,2.53,2.53,2.97499,0,All,#4682B4,0
9,18,3.5,2.53,2.53,2.56678,0,All,#4682B4,0
10,18,3.5,2.53,2.53,2.51443,0,All,#4682B4,0
1,18,4,2.28,2.28,2.83642,0,All,#4682B4,0
2,18,4,2.28,2.28,3.02193,0,All,#4682B4,0
3,18,4,2.28,2.28,2.52992,0,All,#4682B4,0
4,18,4,2.28,2.28,2.94848,0,All,#4682B4,0
5,18,4,2.28,2.28,3.58366,0,All,#4682B4,0
6,18,4,2.28,2.28,3.09715,0,All,#4682B4,0
7,18,4,2.28,2.28,2.57051,0,All,#4682B4,0
8,18,4,2.28,2.28,3.42911,0,All,#4682B4,0
9,18,4,2.28,2.28,2.81412,0,All,#4682B4,0
10,18,4,2.28,2.28,2.85417,0,All,#4682B4,0
1,18,4.5,3.63,3.63,3.0366,0,All,#4682B4,0
2,18,4.5,3.63,3.63,3.24325,0,All,#4682B4,0
3,18,4.5,3.63,3.63,2.64688,0,All,#4682B4,0
4,18,4.5,3.63,3.63,3.161,0,All,#4682B4,0
5,18,4.5,3.63,3.63,3.82212,0,All,#4682B4,0
6,18,4.5,3.63,3.63,3.25619,0,All,#4682B4,0
7,18,4.5,3.63,3.63,2.72196,0,All,#4682B4,0
8,18,4.5,3.63,3.63,3.61702,0,All,#4682B4,0
9,18,4.5,3.63,3.63,2.93793,0,All,#4682B4,0
10,18,4.5,3.63,3.63,3.03847,0,All,#4682B4,0
1,18,5,3.55,3.55,3.13204,0,All,#4682B4,0
2,18,5,3.55,3.55,3.34125,0,All,#4682B4,0
3,18,5,3.55,3.55,2.69204,0,All,#4682B4,0
4,18,5,3.55,3.55,3.27187,0,All,#4682B4,0
5,18,5,3.55,3.55,3.8901,0,All,#4682B4,0
6,18,5,3.55,3.55,3.31996,0,All,#4682B4,0
7,18,5,3.55,3.55,2.79781,0,All,#4682B4,0
8,18,5,3.55,3.55,3.61909,0,All,#4682B4,0
9,18,5,3.55,3.55,2.97391,0,All,#4682B4,0
10,18,5,3.55,3.55,3.12407,0,All,#4682B4,0
1,18,5.5,3.89,3.89,3.14457,0,All,#4682B4,0
2,18,5.5,3.89,3.89,3.33469,0,All,#4682B4,0
3,18,5.5,3.89,3.89,2.67654,0,All,#4682B4,0
4,18,5.5,3.89,3.89,3.29015,0,All,#4682B4,0
5,18,5.5,3.89,3.89,3.80843,0,All,#4682B4,0
6,18,5.5,3.89,3.89,3.30444,0,All,#4682B4,0
7,18,5.5,3.89,3.89,2.81237,0,All,#4682B4,0
8,18,5.5,3.89,3.89,3.50083,0,All,#4682B4,0
9,18,5.5,3.89,3.89,2.93607,0,All,#4682B4,0
10,18,5.5,3.89,3.89,3.12745,0,All,#4682B4,0
1,18,6,4.42,4.42,3.0825,0,All,#4682B4,0
2,18,6,4.42,4.42,3.23205,0,All,#4682B4,0
3,18,6,4.42,4.42,2.60816,0,All,#4682B4,0
4,18,6,4.42,4.42,3.22187,0,All,#4682B4,0
5,18,6,4.42,4.42,3.61889,0,All,#4682B4,0
6,18,6,4.42,4.42,3.21664,0,All,#4682B4,0
7,18,6,4.42,4.42,2.7692,0,All,#4682B4,0
8,18,6,4.42,4.42,3.3193,0,All,#4682B4,0
9,18,6,4.42,4.42,2.83899,0,All,#4682B4,0
10,18,6,4.42,4.42,3.05803,0,All,#4682B4,0
1,18,6.5,3.79,3.79,2.95356,0,All,#4682B4,0
2,18,6.5,3.79,3.79,3.0521,0,All,#4682B4,0
3,18,6.5,3.79,3.79,2.49894,0,All,#4682B4,0
4,18,6.5,3.79,3.79,3.07887,0,All,#4682B4,0
5,18,6.5,3.79,3.79,3.36431,0,All,#4682B4,0
6,18,6.5,3.79,3.79,3.06386,0,All,#4682B4,0
7,18,6.5,3.79,3.79,2.67536,0,All,#4682B4,0
8,18,6.5,3.79,3.79,3.10198,0,All,#4682B4,0
9,18,6.5,3.79,3.79,2.69971,0,All,#4682B4,0
10,18,6.5,3.79,3.79,2.92927,0,All,#4682B4,0
1,18,7,3.4,3.4,2.7682,0,All,#4682B4,0
2,18,7,3.4,3.4,2.81725,0,All,#4682B4,0
3,18,7,3.4,3.4,2.35966,0,All,#4682B4,0
4,18,7,3.4,3.4,2.87743,0,All,#4682B4,0
5,18,7,3.4,3.4,3.07193,0,All,#4682B4,0
6,18,7,3.4,3.4,2.85557,0,All,#4682B4,0
7,18,7,3.4,3.4,2.53786,0,All,#4682B4,0
8,18,7,3.4,3.4,2.85693,0,All,#4682B4,0
9,18,7,3.4,3.4,2.53112,0,All,#4682B4,0
10,18,7,3.4,3.4,2.75612,0,All,#4682B4,0
1,18,7.5,1.27,1.1929,2.53875,1,All,#4682B4,0
2,18,7.5,1.27,0.945515,2.54424,1,All,#4682B4,0
3,18,7.5,1.27,0.403498,2.19819,1,All,#4682B4,0
4,18,7.5,1.27,0.91231,2.63616,1,All,#4682B4,0
5,18,7.5,1.27,1.00715,2.75569,1,All,#4682B4,0
6,18,7.5,1.27,0.913497,2.60336,1,All,#4682B4,0
7,18,7.5,1.27,0.023974,2.3617,1,All,#4682B4,0
8,18,7.5,1.27,1.12851,2.58553,1,All,#4682B4,0
9,18,7.5,1.27,1.1961,2.34078,1,All,#4682B4,0
10,18,7.5,1.27,0.15419,2.55112,1,All,#4682B4,0
1,18,8,1.27,1.18124,2.27823,1,All,#4682B4,0
2,18,8,1.27,1.06947,2.2441,1,All,#4682B4,0
3,18,8,1.27,1.2253,2.01945,1,All,#4682B4,0
4,18,8,1.27,1.02376,2.37047,1,All,#4682B4,0
5,18,8,1.27,0.847951,2.42408,1,All,#4682B4,0
6,18,8,1.27,1.15858,2.3196,1,All,#4682B4,0
7,18,8,1.27,1.12448,2.15273,1,All,#4682B4,0
8,18,8,1.27,0.30413,2.28776,1,All,#4682B4,0
9,18,8,1.27,0.74883,2.13247,1,All,#4682B4,0
10,18,8,1.27,1.10486,2.322,1,All,#4682B4,0
1,18,8.5,1.27,1.23914,1.99851,1,All,#4682B4,0
2,18,8.5,1.27,0.783051,1.92521,1,All,#4682B4,0
3,18,8.5,1.27,1.24706,1.82672,1,All,#4682B4,0
4,18,8.5,1.27,0.232285,2.08904,1,All,#4682B4,0
5,18,8.5,1.27,0.501088,2.08508,1,All,#4682B4,0
6,18,8.5,1.27,0.627878,2.01672,1,All,#4682B4,0
7,18,8.5,1.27,1.19446,1.91672,1,All,#4682B4,0
8,18,8.5,1.27,0.961132,1.96577,1,All,#4682B4,0
9,18,8.5,1.27,1.26214,1.90801,1,All,#4682B4,0
10,18,8.5,1.27,0.986691,2.07373,1,All,#4682B4,0
1,18,9,1.27,0.744904,1.71155,1,All,#4682B4,0
2,18,9,1.27,1.02604,1.59627,1,All,#4682B4,0
3,18,9,1.27,1.21843,1.62253,1,All,#4682B4,0
4,18,9,1.27,1.12943,1.79744,1,All,#4682B4,0
5,18,9,1.27,0.533888,1.75107,1,All,#4682B4,0
6,18,9,1.27,0.731118,1.71028,1,All,#4682B4,0
7,18,9,1.27,0.805032,1.65962,1,All,#4682B4,0
8,18,9,1.27,1.22517,1.62393,1,All,#4682B4,0
9,18,9,1.27,1.08527,1.66867,1,All,#4682B4,0
10,18,9,1.27,0.9354,1.81045,1,All,#4682B4,0
1,18,9.5,1.27,0.845152,1.42607,1,All,#4682B4,0
2,18,9.5,1.27,0.545161,1.26871,1,All,#4682B4,0
3,18,9.5,1.27,0.736699,1.40967,1,All,#4682B4,0
4,18,9.5,1.27,1.15752,1.50357,1,All,#4682B4,0
5,18,9.5,1.27,0.919522,1.43935,1,All,#4682B4,0
6,18,9.5,1.27,1.24777,1.41933,1,All,#4682B4,0
7,18,9.5,1.27,1.18141,1.38783,1,All,#4682B4,0
8,18,9.5,1.27,0.903694,1.28542,1,All,#4682B4,0
9,18,9.5,1.27,0.832005,1.41659,1,All,#4682B4,0
10,18,9.5,1.27,0.292065,1.53715,1,All,#4682B4,0
1,18,10,1.63,1.63,1.15528,0,All,#4682B4,0
2,18,10,1.63,1.63,0.960227,0,All,#4682B4,0
3,18,10,1.63,1.63,1.19257,0,All,#4682B4,0
4,18,10,1.63,1.63,1.21681,0,All,#4682B4,0
5,18,10,1.63,1.63,1.16852,0,All,#4682B4,0
6,18,10,1.63,1.63,1.15257,0,All,#4682B4,0
7,18,10,1.63,1.63,1.11353,0,All,#4682B4,0
8,18,10,1.63,1.63,0.98855,0,All,#4682B4,0
9,18,10,1.63,1.63,1.1568,0,All,#4682B4,0
10,18,10,1.63,1.63,1.26181,0,All,#4682B4,0
1,18,10.5,1.27,1.09708,0.910145,1,All,#4682B4,0
2,18,10.5,1.27,1.05868,0.689647,1,All,#4682B4,0
3,18,10.5,1.27,1.02171,0.978957,1,All,#4682B4,0
4,18,10.5,1.27,0.995042,0.94852,1,All,#4682B4,0
5,18,10.5,1.27,1.03924,0.951461,1,All,#4682B4,0
6,18,10.5,1.27,0.760721,0.916209,1,All,#4682B4,0
7,18,10.5,1.27,0.629957,0.855234,1,All,#4682B4,0
8,18,10.5,1.27,1.027,0.765765,1,All,#4682B4,0
9,18,10.5,1.27,1.06406,0.90015,1,All,#4682B4,0
10,18,10.5,1.27,1.16235,0.998674,1,All,#4682B4,0
1,18,11,1.27,0.599154,0.697572,1,All,#4682B4,0
2,18,11,1.27,0.882991,0.470997,1,All,#4682B4,0
3,18,11,1.27,1.26554,0.780755,1,All,#4682B4,0
4,18,11,1.27,0.176192,0.709529,1,All,#4682B4,0
5,18,11,1.27,0.589496,0.790797,1,All,#4682B4,0
6,18,11,1.27,0.334968,0.717994,1,All,#4682B4,0
7,18,11,1.27,0.116268,0.630698,1,All,#4682B4,0
8,18,11,1.27,0.931216,0.618261,1,All,#4682B4,0
9,18,11,1.27,1.05338,0.665957,1,All,#4682B4,0
10,18,11,1.27,0.716835,0.765732,1,All,#4682B4,0
1,18,11.5,1.27,0.367061,0.521647,1,All,#4682B4,0
2,18,11.5,1.27,0.272627,0.30797,1,All,#4682B4,0
3,18,11.5,1.27,0.318152,0.611842,1,All,#4682B4,0
4,18,11.5,1.27,0.513876,0.508795,1,All,#4682B4,0
5,18,11.5,1.27,0.724318,0.681195,1,All,#4682B4,0
6,18,11.5,1.27,0.636192,0.555884,1,All,#4682B4,0
7,18,11.5,1.27,0.536548,0.449692,1,All,#4682B4,0
8,18,11.5,1.27,0.744031,0.528269,1,All,#4682B4,0
9,18,11.5,1.27,0.103037,0.476149,1,All,#4682B4,0
10,18,11.5,1.27,0.524811,0.578527,1,All,#4682B4,0
1,18,12,1.27,0.319415,0.379609,1,All,#4682B4,0
2,18,12,1.27,0.240122,0.195681,1,All,#4682B4,0
3,18,12,1.27,0.763447,0.48191,1,All,#4682B4,0
4,18,12,1.27,0.320755,0.349467,1,All,#4682B4,0
5,18,12,1.27,0.675917,0.613477,1,All,#4682B4,0
6,18,12,1.27,0.455359,0.425743,1,All,#4682B4,0
7,18,12,1.27,0.55321,0.312477,1,All,#4682B4,0
8,18,12,1.27,0.696849,0.47804,1,All,#4682B4,0
9,18,12,1.27,0.669888,0.341026,1,All,#4682B4,0
10,18,12,1.27,0.431671,0.442094,1,All,#4682B4,0
1,18,12.5,1.27,0.33803,0.269271,1,All,#4682B4,0
2,18,12.5,1.27,0.168899,0.125113,1,All,#4682B4,0
3,18,12.5,1.27,0.552423,0.391971,1,All,#4682B4,0
4,18,12.5,1.27,0.241116,0.230804,1,All,#4682B4,0
5,18,12.5,1.27,0.638258,0.577814,1,All,#4682B4,0
6,18,12.5,1.27,0.229936,0.322812,1,All,#4682B4,0
7,18,12.5,1.27,0.266911,0.212894,1,All,#4682B4,0
8,18,12.5,1.27,0.51596,0.452734,1,All,#4682B4,0
9,18,12.5,1.27,0.146058,0.255432,1,All,#4682B4,0
10,18,12.5,1.27,0.419787,0.351722,1,All,#4682B4,0
1,18,13,1.27,0.0920076,0.183925,1,All,#4682B4,0
2,18,13,1.27,0.10606,0.0861466,1,All,#4682B4,0
3,18,13,1.27,0.418539,0.336119,1,All,#4682B4,0
4,18,13,1.27,0.14443,0.149505,1,All,#4682B4,0
5,18,13,1.27,0.924879,0.567169,1,All,#4682B4,0
6,18,13,1.27,0.171483,0.241214,1,All,#4682B4,0
7,18,13,1.27,0.206051,0.142724,1,All,#4682B4,0
8,18,13,1.27,0.441757,0.441713,1,All,#4682B4,0
9,18,13,1.27,0.208619,0.206946,1,All,#4682B4,0
10,18,13,1.27,0.314494,0.297653,1,All,#4682B4,0
1,18,13.5,1.27,0.122081,0.120054,1,All,#4682B4,0
2,18,13.5,1.27,0.0664892,0.0687141,1,All,#4682B4,0
3,18,13.5,1.27,0.374994,0.305696,1,All,#4682B4,0
4,18,13.5,1.27,0.0145983,0.0996003,1,All,#4682B4,0
5,18,13.5,1.27,0.843661,0.571103,1,All,#4682B4,0
6,18,13.5,1.27,0.166997,0.175421,1,All,#4682B4,0
7,18,13.5,1.27,0.0400747,0.0937087,1,All,#4682B4,0
8,18,13.5,1.27,0.375106,0.43974,1,All,#4682B4,0
9,18,13.5,1.27,0.175957,0.183295,1,All,#4682B4,0
10,18,13.5,1.27,0.225003,0.269633,1,All,#4682B4,0
1,18,14,1.27,0.0925531,0.0725395,1,All,#4682B4,0
2,18,14,1.27,0.0480816,0.069748,1,All,#4682B4,0
3,18,14,1.27,0.285471,0.292614,1,All,#4682B4,0
4,18,14,1.27,0.12666,0.0747873,1,All,#4682B4,0
5,18,14,1.27,0.46846,0.585773,1,All,#4682B4,0
6,18,14,1.27,0.18493,0.121322,1,All,#4682B4,0
7,18,14,1.27,0.0694969,0.0591663,1,All,#4682B4,0
8,18,14,1.27,0.840173,0.440564,1,All,#4682B4,0
9,18,14,1.27,0.0680218,0.174973,1,All,#4682B4,0
10,18,14,1.27,0.287601,0.259025,1,All,#4682B4,0
1,18,14.5,1.27,0.0131116,0.0369103,1,All,#4682B4,0
2,18,14.5,1.27,0.0483157,0.0804374,1,All,#4682B4,0
3,18,14.5,1.27,0.0560551,0.290607,1,All,#4682B4,0
4,18,14.5,1.27,0.0876023,0.0690654,1,All,#4682B4,0
5,18,14.5,1.27,0.137243,0.607471,1,All,#4682B4,0
6,18,14.5,1.27,0.11337,0.0761892,1,All,#4682B4,0
7,18,14.5,1.27,0.0308801,0.0340197,1,All,#4682B4,0
8,18,14.5,1.27,0.395627,0.443941,1,All,#4682B4,0
9,18,14.5,1.27,0.186817,0.175952,1,All,#4682B4,0
10,18,14.5,1.27,0.207084,0.259343,1,All,#4682B4,0
1,18,15,1.27,0.00980364,0.0102802,1,All,#4682B4,0
2,18,15,1.27,0.119883,0.097266,1,All,#4682B4,0
3,18,15,1.27,0.135392,0.29573,1,All,#4682B4,0
4,18,15,1.27,0.0830568,0.0773939,1,All,#4682B4,0
5,18,15,1.27,0.60051,0.632972,1,All,#4682B4,0
6,18,15,1.27,0.0213828,0.0361168,1,All,#4682B4,0
7,18,15,1.27,0.00926201,0.0124183,1,All,#4682B4,0
8,18,15,1.27,0.615802,0.446545,1,All,#4682B4,0
9,18,15,1.27,0.13106,0.181583,1,All,#4682B4,0
10,18,15,1.27,0.115598,0.266197,1,All,#4682B4,0
