alpha_exp_vs_b_exp_abscissa,alpha_exp_vs_b_exp_spline,alpha_exp_vs_b_exp_regression,alpha_exp_vs_beta_exp_abscissa,alpha_exp_vs_beta_exp_spline,alpha_exp_vs_beta_exp_regression,alpha_exp_vs_delta0_abscissa,alpha_exp_vs_delta0_spline,alpha_exp_vs_delta0_regression,alpha_exp_vs_h_0_abscissa,alpha_exp_vs_h_0_spline,alpha_exp_vs_h_0_regression,alpha_exp_vs_p_abscissa,alpha_exp_vs_p_spline,alpha_exp_vs_p_regression,alpha_exp_vs_rho_exp_abscissa,alpha_exp_vs_rho_exp_spline,alpha_exp_vs_rho_exp_regression,alpha_exp_vs_sigma_abscissa,alpha_exp_vs_sigma_spline,alpha_exp_vs_sigma_regression,alpha_exp_vs_tc_abscissa,alpha_exp_vs_tc_spline,alpha_exp_vs_tc_regression,alpha_exp_vs_td_abscissa,alpha_exp_vs_td_spline,alpha_exp_vs_td_regression,b_exp_vs_alpha_exp_abscissa,b_exp_vs_alpha_exp_spline,b_exp_vs_alpha_exp_regression,b_exp_vs_beta_exp_abscissa,b_exp_vs_beta_exp_spline,b_exp_vs_beta_exp_regression,b_exp_vs_delta0_abscissa,b_exp_vs_delta0_spline,b_exp_vs_delta0_regression,b_exp_vs_h_0_abscissa,b_exp_vs_h_0_spline,b_exp_vs_h_0_regression,b_exp_vs_p_abscissa,b_exp_vs_p_spline,b_exp_vs_p_regression,b_exp_vs_rho_exp_abscissa,b_exp_vs_rho_exp_spline,b_exp_vs_rho_exp_regression,b_exp_vs_sigma_abscissa,b_exp_vs_sigma_spline,b_exp_vs_sigma_regression,b_exp_vs_tc_abscissa,b_exp_vs_tc_spline,b_exp_vs_tc_regression,b_exp_vs_td_abscissa,b_exp_vs_td_spline,b_exp_vs_td_regression,beta_exp_vs_alpha_exp_abscissa,beta_exp_vs_alpha_exp_spline,beta_exp_vs_alpha_exp_regression,beta_exp_vs_b_exp_abscissa,beta_exp_vs_b_exp_spline,beta_exp_vs_b_exp_regression,beta_exp_vs_delta0_abscissa,beta_exp_vs_delta0_spline,beta_exp_vs_delta0_regression,beta_exp_vs_h_0_abscissa,beta_exp_vs_h_0_spline,beta_exp_vs_h_0_regression,beta_exp_vs_p_abscissa,beta_exp_vs_p_spline,beta_exp_vs_p_regression,beta_exp_vs_rho_exp_abscissa,beta_exp_vs_rho_exp_spline,beta_exp_vs_rho_exp_regression,beta_exp_vs_sigma_abscissa,beta_exp_vs_sigma_spline,beta_exp_vs_sigma_regression,beta_exp_vs_tc_abscissa,beta_exp_vs_tc_spline,beta_exp_vs_tc_regression,beta_exp_vs_td_abscissa,beta_exp_vs_td_spline,beta_exp_vs_td_regression,delta0_vs_alpha_exp_abscissa,delta0_vs_alpha_exp_spline,delta0_vs_alpha_exp_regression,delta0_vs_b_exp_abscissa,delta0_vs_b_exp_spline,delta0_vs_b_exp_regression,delta0_vs_beta_exp_abscissa,delta0_vs_beta_exp_spline,delta0_vs_beta_exp_regression,delta0_vs_h_0_abscissa,delta0_vs_h_0_spline,delta0_vs_h_0_regression,delta0_vs_p_abscissa,delta0_vs_p_spline,delta0_vs_p_regression,delta0_vs_rho_exp_abscissa,delta0_vs_rho_exp_spline,delta0_vs_rho_exp_regression,delta0_vs_sigma_abscissa,delta0_vs_sigma_spline,delta0_vs_sigma_regression,delta0_vs_tc_abscissa,delta0_vs_tc_spline,delta0_vs_tc_regression,delta0_vs_td_abscissa,delta0_vs_td_spline,delta0_vs_td_regression,h_0_vs_alpha_exp_abscissa,h_0_vs_alpha_exp_spline,h_0_vs_alpha_exp_regression,h_0_vs_b_exp_abscissa,h_0_vs_b_exp_spline,h_0_vs_b_exp_regression,h_0_vs_beta_exp_abscissa,h_0_vs_beta_exp_spline,h_0_vs_beta_exp_regression,h_0_vs_delta0_abscissa,h_0_vs_delta0_spline,h_0_vs_delta0_regression,h_0_vs_p_abscissa,h_0_vs_p_spline,h_0_vs_p_regression,h_0_vs_rho_exp_abscissa,h_0_vs_rho_exp_spline,h_0_vs_rho_exp_regression,h_0_vs_sigma_abscissa,h_0_vs_sigma_spline,h_0_vs_sigma_regression,h_0_vs_tc_abscissa,h_0_vs_tc_spline,h_0_vs_tc_regression,h_0_vs_td_abscissa,h_0_vs_td_spline,h_0_vs_td_regression,p_vs_alpha_exp_abscissa,p_vs_alpha_exp_spline,p_vs_alpha_exp_regression,p_vs_b_exp_abscissa,p_vs_b_exp_spline,p_vs_b_exp_regression,p_vs_beta_exp_abscissa,p_vs_beta_exp_spline,p_vs_beta_exp_regression,p_vs_delta0_abscissa,p_vs_delta0_spline,p_vs_delta0_regression,p_vs_h_0_abscissa,p_vs_h_0_spline,p_vs_h_0_regression,p_vs_rho_exp_abscissa,p_vs_rho_exp_spline,p_vs_rho_exp_regression,p_vs_sigma_abscissa,p_vs_sigma_spline,p_vs_sigma_regression,p_vs_tc_abscissa,p_vs_tc_spline,p_vs_tc_regression,p_vs_td_abscissa,p_vs_td_spline,p_vs_td_regression,rho_exp_vs_alpha_exp_abscissa,rho_exp_vs_alpha_exp_spline,rho_exp_vs_alpha_exp_regression,rho_exp_vs_b_exp_abscissa,rho_exp_vs_b_exp_spline,rho_exp_vs_b_exp_regression,rho_exp_vs_beta_exp_abscissa,rho_exp_vs_beta_exp_spline,rho_exp_vs_beta_exp_regression,rho_exp_vs_delta0_abscissa,rho_exp_vs_delta0_spline,rho_exp_vs_delta0_regression,rho_exp_vs_h_0_abscissa,rho_exp_vs_h_0_spline,rho_exp_vs_h_0_regression,rho_exp_vs_p_abscissa,rho_exp_vs_p_spline,rho_exp_vs_p_regression,rho_exp_vs_sigma_abscissa,rho_exp_vs_sigma_spline,rho_exp_vs_sigma_regression,rho_exp_vs_tc_abscissa,rho_exp_vs_tc_spline,rho_exp_vs_tc_regression,rho_exp_vs_td_abscissa,rho_exp_vs_td_spline,rho_exp_vs_td_regression,sigma_vs_alpha_exp_abscissa,sigma_vs_alpha_exp_spline,sigma_vs_alpha_exp_regression,sigma_vs_b_exp_abscissa,sigma_vs_b_exp_spline,sigma_vs_b_exp_regression,sigma_vs_beta_exp_abscissa,sigma_vs_beta_exp_spline,sigma_vs_beta_exp_regression,sigma_vs_delta0_abscissa,sigma_vs_delta0_spline,sigma_vs_delta0_regression,sigma_vs_h_0_abscissa,sigma_vs_h_0_spline,sigma_vs_h_0_regression,sigma_vs_p_abscissa,sigma_vs_p_spline,sigma_vs_p_regression,sigma_vs_rho_exp_abscissa,sigma_vs_rho_exp_spline,sigma_vs_rho_exp_regression,sigma_vs_tc_abscissa,sigma_vs_tc_spline,sigma_vs_tc_regression,sigma_vs_td_abscissa,sigma_vs_td_spline,sigma_vs_td_regression,tc_vs_alpha_exp_abscissa,tc_vs_alpha_exp_spline,tc_vs_alpha_exp_regression,tc_vs_b_exp_abscissa,tc_vs_b_exp_spline,tc_vs_b_exp_regression,tc_vs_beta_exp_abscissa,tc_vs_beta_exp_spline,tc_vs_beta_exp_regression,tc_vs_delta0_abscissa,tc_vs_delta0_spline,tc_vs_delta0_regression,tc_vs_h_0_abscissa,tc_vs_h_0_spline,tc_vs_h_0_regression,tc_vs_p_abscissa,tc_vs_p_spline,tc_vs_p_regression,tc_vs_rho_exp_abscissa,tc_vs_rho_exp_spline,tc_vs_rho_exp_regression,tc_vs_sigma_abscissa,tc_vs_sigma_spline,tc_vs_sigma_regression,tc_vs_td_abscissa,tc_vs_td_spline,tc_vs_td_regression,td_vs_alpha_exp_abscissa,td_vs_alpha_exp_spline,td_vs_alpha_exp_regression,td_vs_b_exp_abscissa,td_vs_b_exp_spline,td_vs_b_exp_regression,td_vs_beta_exp_abscissa,td_vs_beta_exp_spline,td_vs_beta_exp_regression,td_vs_delta0_abscissa,td_vs_delta0_spline,td_vs_delta0_regression,td_vs_h_0_abscissa,td_vs_h_0_spline,td_vs_h_0_regression,td_vs_p_abscissa,td_vs_p_spline,td_vs_p_regression,td_vs_rho_exp_abscissa,td_vs_rho_exp_spline,td_vs_rho_exp_regression,td_vs_sigma_abscissa,td_vs_sigma_spline,td_vs_sigma_regression,td_vs_tc_abscissa,td_vs_tc_spline,td_vs_tc_regression
-3.51801,-0.377138,-0.0747112,-1.27478,0.126952,-0.0100451,-1.81463,0.174724,-0.0128642,-0.518889,0.0895528,0.0415392,-1.52526,0.108107,-0.00658788,-1.47423,-0.329397,0.0382057,-1.36774,-0.123148,-0.0321769,-3.89995,-0.191216,-0.0455007,-1.1345,0.0620174,-0.0727587,-0.689439,0.303801,-0.301503,-1.27478,2.12987,2.39966,-1.81463,1.83328,1.94542,-0.518889,2.41145,2.66547,-1.52526,0.190235,-1.07834,-1.47423,1.85654,2.54817,-1.36774,-0.738232,-0.35761,-3.89995,0.553491,1.7732,-1.1345,-2.78616,-2.81884,-0.689439,-0.375579,0.00489509,-3.51801,1.09329,0.856765,-1.81463,-0.925481,-0.561201,-0.518889,-0.965697,-0.621025,-1.52526,0.699781,0.825723,-1.47423,-0.273983,-0.514271,-1.36774,0.359627,0.470068,-3.89995,0.145449,-0.312928,-1.1345,0.725176,0.63319,-0.689439,-0.272316,0.0114383,-3.51801,1.56417,1.73745,-1.27478,-1.29107,-1.38632,-0.518889,-1.23415,-1.31956,-1.52526,-0.680435,-0.285193,-1.47423,-1.32756,-1.38594,-1.36774,-1.24201,-1.00852,-3.89995,-1.68655,-2.12233,-1.1345,1.87528,1.49127,-0.689439,-0.00930414,0.0860261,-3.51801,0.642009,0.649712,-1.27478,-0.39486,-0.405871,-1.81463,-0.305671,-0.347841,-1.52526,-0.00634777,0.261306,-1.47423,-0.325092,-0.493528,-1.36774,0.122585,0.0640344,-3.89995,-0.102156,-0.302285,-1.1345,0.424451,0.467734,-0.689439,0.130073,0.024524,-3.51801,-0.497462,-0.277861,-1.27478,0.699705,0.601288,-1.81463,0.37287,-0.0690692,-0.518889,0.60904,0.281347,-1.47423,0.0137969,0.250617,-1.36774,-0.607551,-0.659596,-3.89995,-0.732392,-0.475971,-1.1345,0.323391,0.275713,-0.689439,-0.016566,0.291338,-3.51801,2.02833,1.81061,-1.27478,-0.681322,-0.878939,-1.81463,-0.788716,-0.967207,-0.518889,-0.913797,-1.32717,-1.52526,0.138635,0.716195,-1.36774,-0.0265767,-0.175468,-3.89995,-0.448827,-0.983677,-1.1345,1.18508,1.29997,-0.689439,0.165735,-0.0051534,-3.51801,-0.0264157,-0.121105,-1.27478,0.605949,0.536218,-1.81463,0.0126588,-0.395007,-0.518889,0.574809,0.12346,-1.52526,-0.770639,-0.969825,-1.47423,-0.485313,-0.111024,-3.89995,-1.17061,-0.989667,-1.1345,0.097934,-0.0972029,-0.689439,-0.438369,-0.175498,-3.51801,2.07296,1.85193,-1.27478,-0.670523,-0.883925,-1.81463,-1.43891,-2.46383,-0.518889,-0.80462,-1.33047,-1.52526,-2.32136,-1.9918,-1.47423,-2.45711,-1.6309,-1.36774,-2.87064,-2.79962,-1.1345,2.69833,1.86061,-0.689439,0.250843,-0.0743243,-3.51801,-0.708988,-0.789059,-1.27478,0.293951,0.513138,-1.81463,0.297759,0.481344,-0.518889,0.291373,0.551199,-1.52526,0.563122,0.306854,-1.47423,0.592395,0.518739,-1.36774,-0.1332,-0.0758792,-3.89995,0.333134,0.511277
-3.45895,-0.289065,-0.0738045,-1.24876,0.0963535,-0.0102628,-1.77146,0.129983,-0.0130505,-0.507452,0.0516015,0.0401673,-1.50106,0.135054,-0.00680915,-1.43757,-0.271631,0.0368005,-1.33691,-0.138836,-0.0319192,-3.8244,-0.168888,-0.0450148,-1.11345,0.0597909,-0.0717988,-0.674109,0.0540461,-0.294395,-1.24876,2.07547,2.35019,-1.77146,1.67362,1.8986,-0.507452,2.3558,2.60678,-1.50106,0.30315,-1.06113,-1.43757,1.85339,2.48745,-1.33691,-0.867302,-0.349478,-3.8244,0.61576,1.73881,-1.11345,-2.73971,-2.76684,-0.674109,-0.246911,0.00439014,-3.45895,1.0591,0.842129,-1.77146,-0.832361,-0.548049,-0.507452,-0.866076,-0.607686,-1.50106,0.64981,0.812383,-1.43757,-0.276138,-0.502385,-1.33691,0.376779,0.45925,-3.8244,0.140301,-0.307163,-1.11345,0.732481,0.62123,-0.674109,-0.193335,0.0105159,-3.45895,1.66008,1.70787,-1.24876,-1.28312,-1.35823,-0.507452,-1.15091,-1.29105,-1.50106,-0.723991,-0.281135,-1.43757,-1.23244,-1.35349,-1.33691,-1.1007,-0.986771,-3.8244,-1.65531,-2.08153,-1.11345,1.83363,1.46331,-0.674109,0.0324564,0.0840287,-3.45895,0.624429,0.638812,-1.24876,-0.376579,-0.397497,-1.77146,-0.281452,-0.33946,-1.50106,-0.0216818,0.257153,-1.43757,-0.336076,-0.481755,-1.33691,0.14754,0.0625877,-3.8244,-0.110736,-0.296415,-1.11345,0.417003,0.459111,-0.674109,0.0655783,0.0240484,-3.45895,-0.404807,-0.273144,-1.24876,0.686985,0.588924,-1.77146,0.300031,-0.0673083,-0.507452,0.563962,0.275215,-1.43757,0.0804461,0.244715,-1.33691,-0.579266,-0.644867,-3.8244,-0.736544,-0.466621,-1.11345,0.300689,0.270712,-0.674109,0.0908955,0.286016,-3.45895,1.94669,1.78128,-1.24876,-0.660494,-0.859529,-1.77146,-0.754932,-0.942397,-0.507452,-0.93451,-1.29655,-1.50106,0.0621125,0.705796,-1.33691,0.0716627,-0.170258,-3.8244,-0.473694,-0.963353,-1.11345,1.16823,1.27715,-0.674109,0.0775792,-0.00456387,-3.45895,0.0262311,-0.118732,-1.24876,0.583313,0.525549,-1.77146,-0.0691466,-0.384962,-0.507452,0.53731,0.121187,-1.50106,-0.771307,-0.95415,-1.43757,-0.393688,-0.107877,-3.8244,-1.13873,-0.969978,-1.11345,0.0760887,-0.0950369,-0.674109,-0.422835,-0.172018,-3.45895,2.15973,1.82052,-1.24876,-0.687286,-0.866126,-1.77146,-1.58289,-2.40484,-0.507452,-0.688331,-1.3016,-1.50106,-2.36759,-1.96065,-1.43757,-2.13152,-1.59247,-1.33691,-2.67395,-2.73799,-1.11345,2.61172,1.82595,-0.674109,0.172801,-0.0723875,-3.45895,-0.719473,-0.775673,-1.24876,0.300021,0.502731,-1.77146,0.289214,0.469955,-0.507452,0.315244,0.539249,-1.50106,0.614219,0.302159,-1.43757,0.54283,0.50658,-1.33691,-0.208839,-0.0739684,-3.8244,0.357032,0.501511
-3.39988,-0.200993,-0.0728977,-1.22274,0.0700846,-0.0104806,-1.72829,0.085241,-0.0132367,-0.496015,0.0169374,0.0387954,-1.47686,0.159647,-0.00703042,-1.40091,-0.213865,0.0353953,-1.30609,-0.149828,-0.0316614,-3.74885,-0.146559,-0.0445289,-1.09239,0.0575644,-0.070839,-0.658779,-0.195709,-0.287287,-1.22274,2.02279,2.30071,-1.72829,1.51397,1.85179,-0.496015,2.30127,2.54809,-1.47686,0.404334,-1.04393,-1.40091,1.85023,2.42673,-1.30609,-0.965158,-0.341346,-3.74885,0.678029,1.70442,-1.09239,-2.69326,-2.71484,-0.658779,-0.118243,0.00388519,-3.39988,1.02491,0.827493,-1.72829,-0.739242,-0.534898,-0.496015,-0.772459,-0.594346,-1.47686,0.603224,0.799044,-1.40091,-0.278294,-0.490499,-1.30609,0.391138,0.448433,-3.74885,0.135153,-0.301398,-1.09239,0.739785,0.609269,-0.658779,-0.114354,0.00959351,-3.39988,1.75599,1.67829,-1.22274,-1.26836,-1.33014,-0.496015,-1.07468,-1.26253,-1.47686,-0.763455,-0.277077,-1.40091,-1.13731,-1.32104,-1.30609,-0.978057,-0.965018,-3.74885,-1.62407,-2.04073,-1.09239,1.79198,1.43536,-0.658779,0.0742169,0.0820313,-3.39988,0.606849,0.627912,-1.22274,-0.35997,-0.389122,-1.72829,-0.257233,-0.331079,-1.47686,-0.0353147,0.252999,-1.40091,-0.34706,-0.469982,-1.30609,0.166774,0.0611409,-3.74885,-0.119316,-0.290546,-1.09239,0.409556,0.450488,-0.658779,0.00108368,0.0235728,-3.39988,-0.312153,-0.268427,-1.22274,0.670997,0.576561,-1.72829,0.227192,-0.0655475,-0.496015,0.519947,0.269084,-1.40091,0.147095,0.238813,-1.30609,-0.55698,-0.630138,-3.74885,-0.740696,-0.457271,-1.09239,0.277988,0.265711,-0.658779,0.198357,0.280695,-3.39988,1.86505,1.75195,-1.22274,-0.639157,-0.840119,-1.72829,-0.721148,-0.917587,-0.496015,-0.953321,-1.26593,-1.47686,-0.0073904,0.695397,-1.30609,0.151603,-0.165049,-3.74885,-0.498561,-0.943029,-1.09239,1.15139,1.25433,-0.658779,-0.0105768,-0.00397435,-3.39988,0.0788778,-0.11636,-1.22274,0.564869,0.51488,-1.72829,-0.150952,-0.374916,-0.496015,0.499373,0.118914,-1.47686,-0.771925,-0.938476,-1.40091,-0.302063,-0.104731,-3.74885,-1.10685,-0.950289,-1.09239,0.0542434,-0.0928708,-0.658779,-0.407302,-0.168539,-3.39988,2.24649,1.78911,-1.22274,-0.693749,-0.848327,-1.72829,-1.72688,-2.34586,-0.496015,-0.587138,-1.27274,-1.47686,-2.40804,-1.9295,-1.40091,-1.80593,-1.55405,-1.30609,-2.50314,-2.67635,-1.09239,2.52512,1.7913,-0.658779,0.0947584,-0.0704507,-3.39988,-0.729957,-0.762288,-1.22274,0.305164,0.492325,-1.72829,0.280669,0.458565,-0.496015,0.337244,0.527298,-1.47686,0.659721,0.297463,-1.40091,0.493265,0.494421,-1.30609,-0.268105,-0.0720576,-3.74885,0.38093,0.491745
-3.34082,-0.11292,-0.0719909,-1.19672,0.0485309,-0.0106983,-1.68512,0.0405219,-0.0134229,-0.484578,-0.00317554,0.0374235,-1.45266,0.181053,-0.00725169,-1.36425,-0.156099,0.0339901,-1.27526,-0.156427,-0.0314037,-3.67331,-0.124231,-0.044043,-1.07134,0.0553379,-0.0698791,-0.643449,-0.426143,-0.280179,-1.19672,1.97204,2.25124,-1.68512,1.3544,1.80497,-0.484578,2.25144,2.48941,-1.45266,0.489664,-1.02673,-1.36425,1.84708,2.36602,-1.27526,-1.0336,-0.333215,-3.67331,0.740298,1.67003,-1.07134,-2.64681,-2.66283,-0.643449,0.00150367,0.00338024,-3.34082,0.990727,0.812857,-1.68512,-0.646141,-0.521746,-0.484578,-0.705632,-0.581007,-1.45266,0.561211,0.785704,-1.36425,-0.28045,-0.478613,-1.27526,0.402791,0.437615,-3.67331,0.130005,-0.295633,-1.07134,0.747089,0.597308,-0.643449,-0.0414121,0.00867111,-3.34082,1.8519,1.64871,-1.19672,-1.24656,-1.30206,-0.484578,-1.02886,-1.23402,-1.45266,-0.797366,-0.273019,-1.36425,-1.04219,-1.2886,-1.27526,-0.873128,-0.943265,-3.67331,-1.59283,-1.99993,-1.07134,1.75032,1.4074,-0.643449,0.112642,0.0800339,-3.34082,0.58927,0.617012,-1.19672,-0.345194,-0.380747,-1.68512,-0.233029,-0.322697,-1.45266,-0.0466482,0.248846,-1.36425,-0.358044,-0.458209,-1.27526,0.180612,0.0596942,-3.67331,-0.127897,-0.284676,-1.07134,0.402108,0.441865,-0.643449,-0.0591682,0.0230973,-3.34082,-0.219498,-0.26371,-1.19672,0.651683,0.564198,-1.68512,0.154365,-0.0637867,-0.484578,0.481183,0.262953,-1.36425,0.213745,0.232912,-1.27526,-0.540243,-0.615409,-3.67331,-0.744848,-0.447921,-1.07134,0.255286,0.260709,-0.643449,0.297597,0.275373,-3.34082,1.78341,1.72261,-1.19672,-0.617466,-0.820709,-1.68512,-0.687388,-0.892777,-0.484578,-0.963131,-1.2353,-1.45266,-0.0674003,0.684998,-1.27526,0.214234,-0.15984,-3.67331,-0.523427,-0.922704,-1.07134,1.13454,1.23151,-0.643449,-0.0923782,-0.00338482,-3.34082,0.131525,-0.113987,-1.19672,0.550759,0.504211,-1.68512,-0.232727,-0.36487,-0.484578,0.460324,0.116642,-1.45266,-0.772458,-0.922801,-1.36425,-0.210437,-0.101585,-3.67331,-1.07498,-0.9306,-1.07134,0.032398,-0.0907048,-0.643449,-0.39248,-0.16506,-3.34082,2.33326,1.75769,-1.19672,-0.689468,-0.830528,-1.68512,-1.87081,-2.28687,-0.484578,-0.550424,-1.24387,-1.45266,-2.44062,-1.89835,-1.36425,-1.48034,-1.51562,-1.27526,-2.35675,-2.61472,-1.07134,2.43851,1.75664,-0.643449,0.0222319,-0.068514,-3.34082,-0.740441,-0.748902,-1.19672,0.309272,0.481918,-1.68512,0.272138,0.447176,-0.484578,0.350763,0.515347,-1.45266,0.697664,0.292768,-1.36425,0.443701,0.482262,-1.27526,-0.311952,-0.0701468,-3.67331,0.404827,0.481979
-3.28176,-0.0248473,-0.0710841,-1.1707,0.0269772,-0.0109161,-1.64195,0.0212668,-0.0136092,-0.473141,-0.0227984,0.0360516,-1.42846,0.194228,-0.00747297,-1.32759,-0.0983331,0.0325848,-1.24444,-0.156188,-0.0311459,-3.59776,-0.101903,-0.0435571,-1.05029,0.0531114,-0.0689193,-0.628119,-0.575081,-0.273071,-1.1707,1.92128,2.20177,-1.64195,1.28894,1.75815,-0.473141,2.20177,2.43072,-1.42846,0.53442,-1.00952,-1.32759,1.84393,2.3053,-1.24444,-1.05577,-0.325083,-3.59776,0.802567,1.63564,-1.05029,-2.60036,-2.61083,-0.628119,0.0835873,0.00287529,-3.28176,0.95654,0.798221,-1.64195,-0.575358,-0.508594,-0.473141,-0.639707,-0.567668,-1.42846,0.530902,0.772364,-1.32759,-0.282605,-0.466727,-1.24444,0.410032,0.426798,-3.59776,0.124857,-0.289868,-1.05029,0.754394,0.585348,-0.628119,0.00607263,0.00774871,-3.28176,1.94781,1.61913,-1.1707,-1.22476,-1.27397,-0.473141,-0.984054,-1.20551,-1.42846,-0.816741,-0.268961,-1.32759,-0.947065,-1.25615,-1.24444,-0.796343,-0.921512,-3.59776,-1.56158,-1.95912,-1.05029,1.70867,1.37944,-0.628119,0.137,0.0780365,-3.28176,0.57169,0.606112,-1.1707,-0.330419,-0.372373,-1.64195,-0.225739,-0.314316,-1.42846,-0.0520915,0.244692,-1.32759,-0.369029,-0.446437,-1.24444,0.185951,0.0582475,-3.59776,-0.136477,-0.278807,-1.05029,0.39466,0.433242,-0.628119,-0.10149,0.0226217,-3.28176,-0.126844,-0.258994,-1.1707,0.632369,0.551835,-1.64195,0.0962421,-0.0620258,-0.473141,0.442596,0.256821,-1.32759,0.280394,0.22701,-1.24444,-0.532018,-0.60068,-3.59776,-0.748999,-0.438571,-1.05029,0.232584,0.255708,-0.628119,0.362158,0.270051,-3.28176,1.70177,1.69328,-1.1707,-0.595774,-0.801299,-1.64195,-0.679559,-0.867967,-0.473141,-0.972637,-1.20468,-1.42846,-0.103018,0.674599,-1.24444,0.249511,-0.154631,-3.59776,-0.548294,-0.90238,-1.05029,1.1177,1.20869,-0.628119,-0.14735,-0.00279529,-3.28176,0.184171,-0.111614,-1.1707,0.53665,0.493541,-1.64195,-0.279483,-0.354825,-0.473141,0.421237,0.114369,-1.42846,-0.772519,-0.907126,-1.32759,-0.118812,-0.0984387,-3.59776,-1.0431,-0.910911,-1.05029,0.0105527,-0.0885388,-0.628119,-0.380638,-0.161581,-3.28176,2.42003,1.72628,-1.1707,-0.685188,-0.812729,-1.64195,-1.94609,-2.22789,-0.473141,-0.515881,-1.21501,-1.42846,-2.45258,-1.8672,-1.32759,-1.15475,-1.47719,-1.24444,-2.24884,-2.55308,-1.05029,2.35191,1.72199,-0.628119,-0.0270281,-0.0665772,-3.28176,-0.750926,-0.735517,-1.1707,0.313379,0.471511,-1.64195,0.278795,0.435786,-0.473141,0.363996,0.503397,-1.42846,0.716307,0.288072,-1.32759,0.394136,0.470103,-1.24444,-0.331567,-0.068236,-3.59776,0.428725,0.472213
-3.22269,0.0215788,-0.0701774,-1.14467,0.00795029,-0.0111338,-1.59878,0.00727737,-0.0137954,-0.461704,-0.0424213,0.0346796,-1.40426,0.206152,-0.00769424,-1.29093,-0.0552887,0.0311796,-1.21361,-0.152167,-0.0308882,-3.52221,-0.0795746,-0.0430712,-1.02924,0.0508849,-0.0679594,-0.612789,-0.72402,-0.265963,-1.14467,1.87161,2.1523,-1.59878,1.24233,1.71133,-0.461704,2.1521,2.37203,-1.40426,0.573018,-0.99232,-1.29093,1.83177,2.24458,-1.21361,-1.05219,-0.316951,-3.52221,0.864836,1.60125,-1.02924,-2.55391,-2.55883,-0.612789,0.165671,0.00237033,-3.22269,0.928197,0.783585,-1.59878,-0.510189,-0.495443,-0.461704,-0.573783,-0.554328,-1.40426,0.502368,0.759024,-1.29093,-0.283612,-0.454841,-1.21361,0.414769,0.41598,-3.52221,0.119709,-0.284104,-1.02924,0.761698,0.573387,-0.612789,0.0535574,0.00682632,-3.22269,1.96869,1.58955,-1.14467,-1.19959,-1.24588,-0.461704,-0.939253,-1.177,-1.40426,-0.833905,-0.264904,-1.29093,-0.877224,-1.2237,-1.21361,-0.735303,-0.899759,-3.52221,-1.53034,-1.91832,-1.02924,1.66701,1.35149,-0.612789,0.161358,0.0760391,-3.22269,0.557729,0.595212,-1.14467,-0.316639,-0.363998,-1.59878,-0.221714,-0.305935,-1.40426,-0.0566409,0.240539,-1.29093,-0.375603,-0.434664,-1.21361,0.186559,0.0568008,-3.52221,-0.145057,-0.272937,-1.02924,0.387212,0.424619,-0.612789,-0.143812,0.0221461,-3.22269,-0.0827358,-0.254277,-1.14467,0.61153,0.539472,-1.59878,0.0420012,-0.060265,-0.461704,0.404009,0.25069,-1.29093,0.323636,0.221108,-1.21361,-0.528461,-0.585951,-3.52221,-0.753151,-0.429221,-1.02924,0.209882,0.250706,-0.612789,0.426719,0.26473,-3.22269,1.6435,1.66395,-1.14467,-0.574113,-0.781889,-1.59878,-0.676355,-0.843157,-0.461704,-0.982144,-1.17406,-1.40426,-0.134932,0.6642,-1.21361,0.269525,-0.149422,-3.52221,-0.573161,-0.882056,-1.02924,1.10085,1.18587,-0.612789,-0.202321,-0.00220577,-3.22269,0.196627,-0.109242,-1.14467,0.52461,0.482872,-1.59878,-0.318275,-0.344779,-0.461704,0.38215,0.112096,-1.40426,-0.772505,-0.891451,-1.29093,-0.0549944,-0.0952925,-3.52221,-1.01122,-0.891222,-1.02924,-0.0112927,-0.0863728,-0.612789,-0.368797,-0.158102,-3.22269,2.41873,1.69487,-1.14467,-0.675674,-0.79493,-1.59878,-2.00548,-2.1689,-0.461704,-0.481338,-1.18614,-1.40426,-2.46141,-1.83605,-1.29093,-0.916454,-1.43877,-1.21361,-2.16235,-2.49145,-1.02924,2.2653,1.68733,-0.612789,-0.0762881,-0.0646404,-3.22269,-0.752948,-0.722131,-1.14467,0.316902,0.461105,-1.59878,0.288187,0.424397,-0.461704,0.377229,0.491446,-1.40426,0.732023,0.283377,-1.29093,0.354401,0.457944,-1.21361,-0.337706,-0.0663253,-3.52221,0.452623,0.462446
-3.16363,0.042103,-0.0692706,-1.11865,-0.00668391,-0.0113515,-1.55562,0.00287007,-0.0139816,-0.450266,-0.0554765,0.0333077,-1.38006,0.218077,-0.00791551,-1.25426,-0.0348831,0.0297744,-1.18279,-0.148146,-0.0306305,-3.44667,-0.0572463,-0.0425852,-1.00818,0.0486584,-0.0669995,-0.597459,-0.814629,-0.258855,-1.11865,1.82385,2.10282,-1.55562,1.22977,1.66452,-0.450266,2.10434,2.31334,-1.38006,0.611616,-0.975117,-1.25426,1.80619,2.18386,-1.18279,-1.04862,-0.30882,-3.44667,0.927104,1.56686,-1.00818,-2.50746,-2.50683,-0.597459,0.220218,0.00186538,-3.16363,0.903489,0.768949,-1.55562,-0.455614,-0.482291,-0.450266,-0.520093,-0.540989,-1.38006,0.473835,0.745684,-1.25426,-0.283101,-0.442955,-1.18279,0.419507,0.405163,-3.44667,0.114562,-0.278339,-1.00818,0.769002,0.561426,-0.597459,0.0831954,0.00590392,-3.16363,1.94291,1.55997,-1.11865,-1.16875,-1.21779,-0.450266,-0.907792,-1.14849,-1.38006,-0.851069,-0.260846,-1.25426,-0.846338,-1.19125,-1.18279,-0.674264,-0.878006,-3.44667,-1.4991,-1.87752,-1.00818,1.62536,1.32353,-0.597459,0.175679,0.0740417,-3.16363,0.546019,0.584312,-1.11865,-0.304594,-0.355623,-1.55562,-0.223543,-0.297554,-1.38006,-0.0611902,0.236385,-1.25426,-0.375319,-0.422891,-1.18279,0.187167,0.0553541,-3.44667,-0.153638,-0.267068,-1.00818,0.379764,0.415996,-0.597459,-0.172651,0.0216706,-3.16363,-0.068821,-0.24956,-1.11865,0.588162,0.527109,-1.55562,-0.0048553,-0.0585041,-0.450266,0.368142,0.244559,-1.25426,0.330971,0.215207,-1.18279,-0.524904,-0.571222,-3.44667,-0.757303,-0.419871,-1.00818,0.18718,0.245705,-0.597459,0.466389,0.259408,-3.16363,1.59976,1.63461,-1.11865,-0.552607,-0.762479,-1.55562,-0.681287,-0.818347,-0.450266,-0.987214,-1.14344,-1.38006,-0.166846,0.653801,-1.18279,0.289539,-0.144212,-3.44667,-0.598027,-0.861732,-1.00818,1.08401,1.16305,-0.597459,-0.237586,-0.00161624,-3.16363,0.184086,-0.106869,-1.11865,0.516049,0.472203,-1.55562,-0.342303,-0.334733,-0.450266,0.343097,0.109823,-1.38006,-0.77249,-0.875776,-1.25426,-0.033541,-0.0921463,-3.44667,-0.979347,-0.871533,-1.00818,-0.033138,-0.0842068,-0.597459,-0.358634,-0.154622,-3.16363,2.36267,1.66346,-1.11865,-0.657305,-0.777131,-1.55562,-2.03535,-2.10992,-0.450266,-0.474378,-1.15728,-1.38006,-2.47023,-1.80491,-1.25426,-0.813185,-1.40034,-1.18279,-2.07586,-2.42981,-1.00818,2.1787,1.65267,-0.597459,-0.108879,-0.0627037,-3.16363,-0.749706,-0.708746,-1.11865,0.319393,0.450698,-1.55562,0.302402,0.413008,-0.450266,0.386502,0.479495,-1.38006,0.747738,0.278681,-1.25426,0.33031,0.445785,-1.18279,-0.343845,-0.0644145,-3.44667,0.476521,0.45268
-3.10457,0.0626273,-0.0683638,-1.09263,-0.0167518,-0.0115693,-1.51245,0.0027874,-0.0141679,-0.438829,-0.0613083,0.0319358,-1.35586,0.230001,-0.00813678,-1.2176,-0.0201748,0.0283692,-1.15196,-0.137362,-0.0303727,-3.37112,-0.034918,-0.0420993,-0.987131,0.0464319,-0.0660397,-0.582129,-0.859241,-0.251747,-1.09263,1.77828,2.05335,-1.51245,1.23169,1.6177,-0.438829,2.05858,2.25466,-1.35586,0.650214,-0.957913,-1.2176,1.77753,2.12315,-1.15196,-0.997569,-0.300688,-3.37112,0.989373,1.53247,-0.987131,-2.46102,-2.45483,-0.582129,0.253051,0.00136043,-3.10457,0.878781,0.754313,-1.51245,-0.40726,-0.46914,-0.438829,-0.479945,-0.527649,-1.35586,0.445301,0.732344,-1.2176,-0.282399,-0.431069,-1.15196,0.419161,0.394345,-3.37112,0.109414,-0.272574,-0.987131,0.776307,0.549466,-0.582129,0.0987596,0.00498152,-3.10457,1.91713,1.53039,-1.09263,-1.13332,-1.1897,-0.438829,-0.890772,-1.11998,-1.35586,-0.868234,-0.256788,-1.2176,-0.825312,-1.15881,-1.15196,-0.643092,-0.856253,-3.37112,-1.46786,-1.83672,-0.987131,1.58371,1.29557,-0.582129,0.182087,0.0720443,-3.10457,0.534309,0.573412,-1.09263,-0.294393,-0.347249,-1.51245,-0.227681,-0.289173,-1.35586,-0.0657396,0.232232,-1.2176,-0.373253,-0.411118,-1.15196,0.179018,0.0539074,-3.37112,-0.162218,-0.261198,-0.987131,0.372316,0.407373,-0.582129,-0.190857,0.021195,-3.10457,-0.0549063,-0.244843,-1.09263,0.563003,0.514746,-1.51245,-0.0471667,-0.0567433,-0.438829,0.335478,0.238427,-1.2176,0.32934,0.209305,-1.15196,-0.529306,-0.556493,-3.37112,-0.761455,-0.410521,-0.987131,0.164478,0.240703,-0.582129,0.486432,0.254086,-3.10457,1.55602,1.60528,-1.09263,-0.53198,-0.743069,-1.51245,-0.688828,-0.793537,-0.438829,-0.98718,-1.11281,-1.35586,-0.19876,0.643402,-1.15196,0.281014,-0.139003,-3.37112,-0.622894,-0.841407,-0.987131,1.06716,1.14023,-0.582129,-0.257312,-0.00102671,-3.10457,0.171545,-0.104496,-1.09263,0.510279,0.461533,-1.51245,-0.358627,-0.324688,-0.438829,0.304403,0.10755,-1.35586,-0.772476,-0.860101,-1.2176,-0.0224457,-0.0890001,-3.37112,-0.94747,-0.851844,-0.987131,-0.0549833,-0.0820408,-0.582129,-0.349795,-0.151143,-3.10457,2.30661,1.63204,-1.09263,-0.631433,-0.759332,-1.51245,-2.04947,-2.05093,-0.438829,-0.496837,-1.12841,-1.35586,-2.47905,-1.77376,-1.2176,-0.744501,-1.36191,-1.15196,-2.02905,-2.36818,-0.987131,2.09209,1.61802,-0.582129,-0.128326,-0.0607669,-3.10457,-0.746464,-0.69536,-1.09263,0.320714,0.440291,-1.51245,0.318209,0.401618,-0.438829,0.391341,0.467545,-1.35586,0.763454,0.273986,-1.2176,0.31056,0.433626,-1.15196,-0.325196,-0.0625037,-3.37112,0.500419,0.442914
-3.0455,0.0831516,-0.0674571,-1.06661,-0.0264845,-0.011787,-1.46928,0.00905895,-0.0143541,-0.427392,-0.0609231,0.0305639,-1.33166,0.241925,-0.00835805,-1.18094,-0.0136776,0.0269639,-1.12114,-0.124272,-0.030115,-3.29557,-0.015023,-0.0416134,-0.966079,0.0442054,-0.0650798,-0.566799,-0.903853,-0.244639,-1.06661,1.73287,2.00388,-1.46928,1.25467,1.57088,-0.427392,2.01413,2.19597,-1.33166,0.688812,-0.94071,-1.18094,1.7449,2.06243,-1.12114,-0.930327,-0.292556,-3.29557,1.04075,1.49808,-0.966079,-2.41457,-2.40282,-0.566799,0.285884,0.000855482,-3.0455,0.854073,0.739678,-1.46928,-0.368405,-0.455988,-0.427392,-0.451735,-0.51431,-1.33166,0.416767,0.719004,-1.18094,-0.281694,-0.419184,-1.12114,0.417082,0.383528,-3.29557,0.104098,-0.266809,-0.966079,0.783611,0.537505,-0.566799,0.114324,0.00405912,-3.0455,1.89135,1.5008,-1.06661,-1.09757,-1.16161,-0.427392,-0.885423,-1.09146,-1.33166,-0.885398,-0.25273,-1.18094,-0.818578,-1.12636,-1.12114,-0.622105,-0.834501,-3.29557,-1.43729,-1.79592,-0.966079,1.54205,1.26762,-0.566799,0.188495,0.0700469,-3.0455,0.522599,0.562512,-1.06661,-0.284329,-0.338874,-1.46928,-0.235127,-0.280792,-1.33166,-0.0702889,0.228079,-1.18094,-0.368534,-0.399345,-1.12114,0.167883,0.0524607,-3.29557,-0.169386,-0.255329,-0.966079,0.364868,0.39875,-0.566799,-0.209064,0.0207194,-3.0455,-0.0409915,-0.240127,-1.06661,0.537722,0.502382,-1.46928,-0.0824972,-0.0549825,-0.427392,0.306264,0.232296,-1.18094,0.314883,0.203403,-1.12114,-0.536423,-0.541764,-3.29557,-0.762616,-0.401171,-0.966079,0.141776,0.235702,-0.566799,0.506474,0.248765,-3.0455,1.51229,1.57595,-1.06661,-0.511425,-0.723659,-1.46928,-0.699937,-0.768728,-0.427392,-0.982014,-1.08219,-1.33166,-0.230675,0.633003,-1.12114,0.262756,-0.133794,-3.29557,-0.642149,-0.821083,-0.966079,1.05032,1.11741,-0.566799,-0.277037,-0.000437186,-3.0455,0.159003,-0.102123,-1.06661,0.504705,0.450864,-1.46928,-0.363373,-0.314642,-0.427392,0.267078,0.105278,-1.33166,-0.772461,-0.844426,-1.18094,-0.0258472,-0.0858539,-3.29557,-0.917346,-0.832155,-0.966079,-0.0768287,-0.0798747,-0.566799,-0.340956,-0.147664,-3.0455,2.25055,1.60063,-1.06661,-0.605031,-0.741533,-1.46928,-2.03985,-1.99195,-0.427392,-0.541614,-1.09954,-1.33166,-2.48787,-1.74261,-1.18094,-0.726521,-1.32349,-1.12114,-1.99578,-2.30655,-0.966079,2.00549,1.58336,-0.566799,-0.147773,-0.0588301,-3.0455,-0.743223,-0.681975,-1.06661,0.321948,0.429884,-1.46928,0.33621,0.390229,-0.427392,0.392103,0.455594,-1.33166,0.77917,0.269291,-1.18094,0.297638,0.421467,-1.12114,-0.298094,-0.0605929,-3.29557,0.518953,0.433148
-2.98644,0.103676,-0.0665503,-1.04059,-0.0335877,-0.0120048,-1.42611,0.0179043,-0.0145403,-0.415955,-0.0598373,0.029192,-1.30746,0.247186,-0.00857932,-1.14428,-0.0112445,0.0255587,-1.09031,-0.111182,-0.0298572,-3.22003,-0.00423125,-0.0411275,-0.945026,0.0424929,-0.0641199,-0.551469,-0.948465,-0.237531,-1.04059,1.68887,1.9544,-1.42611,1.28474,1.52406,-0.415955,1.96983,2.13728,-1.30746,0.695092,-0.923507,-1.14428,1.71067,2.00171,-1.09031,-0.863085,-0.284424,-3.22003,1.0514,1.46369,-0.945026,-2.38817,-2.35082,-0.551469,0.318716,0.000350532,-2.98644,0.829364,0.725042,-1.42611,-0.335728,-0.442837,-0.415955,-0.424872,-0.50097,-1.30746,0.397549,0.705664,-1.14428,-0.281208,-0.407298,-1.09031,0.415003,0.37271,-3.22003,0.0981543,-0.261044,-0.945026,0.773546,0.525545,-0.551469,0.129888,0.00313672,-2.98644,1.86557,1.47122,-1.04059,-1.06021,-1.13353,-0.415955,-0.881381,-1.06295,-1.30746,-0.890515,-0.248672,-1.14428,-0.818982,-1.09391,-1.09031,-0.601119,-0.812748,-3.22003,-1.40921,-1.75511,-0.945026,1.48941,1.23966,-0.551469,0.194902,0.0680495,-2.98644,0.510889,0.551611,-1.04059,-0.275358,-0.330499,-1.42611,-0.243373,-0.27241,-1.30746,-0.0701391,0.223925,-1.14428,-0.362435,-0.387572,-1.09031,0.156747,0.051014,-3.22003,-0.171268,-0.249459,-0.945026,0.362762,0.390127,-0.551469,-0.227271,0.0202439,-2.98644,-0.0270768,-0.23541,-1.04059,0.512076,0.490019,-1.42611,-0.113036,-0.0532216,-0.415955,0.277445,0.226164,-1.14428,0.294157,0.197502,-1.09031,-0.543539,-0.527035,-3.22003,-0.75259,-0.391821,-0.945026,0.119659,0.230701,-0.551469,0.526517,0.243443,-2.98644,1.46855,1.54661,-1.04059,-0.491944,-0.704249,-1.42611,-0.710771,-0.743918,-0.415955,-0.976263,-1.05157,-1.30746,-0.243021,0.622604,-1.09031,0.244497,-0.128585,-3.22003,-0.64041,-0.800759,-0.945026,1.04826,1.09458,-0.551469,-0.296762,0.00015234,-2.98644,0.146462,-0.0997507,-1.04059,0.500084,0.440195,-1.42611,-0.361746,-0.304596,-0.415955,0.229916,0.103005,-1.30746,-0.771701,-0.828751,-1.14428,-0.0360722,-0.0827077,-3.22003,-0.893776,-0.812465,-0.945026,-0.0938272,-0.0777087,-0.551469,-0.332118,-0.144185,-2.98644,2.19448,1.56922,-1.04059,-0.575657,-0.723734,-1.42611,-2.01668,-1.93296,-0.415955,-0.588878,-1.07068,-1.30746,-2.47954,-1.71146,-1.14428,-0.734338,-1.28506,-1.09031,-1.96251,-2.24491,-0.945026,1.90841,1.54871,-0.551469,-0.167219,-0.0568933,-2.98644,-0.739981,-0.668589,-1.04059,0.32243,0.419478,-1.42611,0.354152,0.37884,-0.415955,0.392404,0.443643,-1.30746,0.779582,0.264595,-1.14428,0.288562,0.409308,-1.09031,-0.270992,-0.0586821,-3.22003,0.517418,0.423382
-2.92738,0.1242,-0.0656435,-1.01456,-0.0380055,-0.0122225,-1.38294,0.0292272,-0.0147266,-0.404518,-0.0572023,0.0278201,-1.28326,0.248299,-0.00880059,-1.10762,-0.0131499,0.0241535,-1.05949,-0.0937313,-0.0295995,-3.14448,0.00603845,-0.0406416,-0.923974,0.0406685,-0.0631601,-0.536139,-0.993078,-0.230423,-1.01456,1.64631,1.90493,-1.38294,1.32118,1.47724,-0.404518,1.92575,2.07859,-1.28326,0.681265,-0.906303,-1.10762,1.67523,1.941,-1.05949,-0.762404,-0.276293,-3.14448,1.05979,1.4293,-0.923974,-2.36928,-2.29882,-0.536139,0.351549,-0.000154419,-2.92738,0.804656,0.710406,-1.38294,-0.309734,-0.429685,-0.404518,-0.401065,-0.487631,-1.28326,0.384126,0.692325,-1.10762,-0.281269,-0.395412,-1.05949,0.408464,0.361893,-3.14448,0.0921414,-0.255279,-0.923974,0.756473,0.513584,-0.536139,0.145452,0.00221432,-2.92738,1.83979,1.44164,-1.01456,-1.02123,-1.10544,-0.404518,-0.880032,-1.03444,-1.28326,-0.888136,-0.244615,-1.10762,-0.827101,-1.06146,-1.05949,-0.602736,-0.790995,-3.14448,-1.38131,-1.71431,-0.923974,1.4335,1.2117,-0.536139,0.20131,0.0660521,-2.92738,0.499179,0.540711,-1.01456,-0.267506,-0.322125,-1.38294,-0.252217,-0.264029,-1.28326,-0.0670658,0.219772,-1.10762,-0.35477,-0.3758,-1.05949,0.139384,0.0495673,-3.14448,-0.172847,-0.243589,-0.923974,0.362731,0.381503,-0.536139,-0.245477,0.0197683,-2.92738,-0.013162,-0.230693,-1.01456,0.486064,0.477656,-1.38294,-0.138343,-0.0514608,-0.404518,0.249682,0.220033,-1.10762,0.266852,0.1916,-1.05949,-0.555034,-0.512306,-3.14448,-0.741881,-0.382471,-0.923974,0.0984186,0.225699,-0.536139,0.546559,0.238122,-2.92738,1.42481,1.51728,-1.01456,-0.473568,-0.684839,-1.38294,-0.720796,-0.719108,-0.404518,-0.969023,-1.02095,-1.28326,-0.243194,0.612204,-1.05949,0.205392,-0.123376,-3.14448,-0.637537,-0.780435,-0.923974,1.05156,1.07176,-0.536139,-0.316487,0.000741867,-2.92738,0.133921,-0.097378,-1.01456,0.496428,0.429525,-1.38294,-0.353451,-0.294551,-0.404518,0.193397,0.100732,-1.28326,-0.770476,-0.813076,-1.10762,-0.0530846,-0.0795615,-3.14448,-0.870554,-0.792776,-0.923974,-0.108325,-0.0755427,-0.536139,-0.323279,-0.140706,-2.92738,2.13842,1.53781,-1.01456,-0.543267,-0.705935,-1.38294,-1.97925,-1.87398,-0.404518,-0.640847,-1.04181,-1.28326,-2.46052,-1.68031,-1.10762,-0.770681,-1.24664,-1.05949,-1.95754,-2.18328,-0.923974,1.80928,1.51405,-0.536139,-0.186666,-0.0549566,-2.92738,-0.73674,-0.655204,-1.01456,0.322144,0.409071,-1.38294,0.37174,0.36745,-0.404518,0.391614,0.431692,-1.28326,0.770474,0.2599,-1.10762,0.284251,0.397149,-1.05949,-0.226551,-0.0567713,-3.14448,0.514777,0.413615
-2.86831,0.144724,-0.0647367,-0.988542,-0.0421203,-0.0124402,-1.33977,0.0417076,-0.0149128,-0.393081,-0.0497894,0.0264482,-1.25906,0.249413,-0.00902186,-1.07096,-0.017015,0.0227483,-1.02866,-0.0750595,-0.0293417,-3.06893,0.0135951,-0.0401556,-0.902921,0.038829,-0.0622002,-0.520809,-0.965806,-0.223315,-0.988542,1.60394,1.85546,-1.33977,1.35778,1.43043,-0.393081,1.88215,2.01991,-1.25906,0.667438,-0.8891,-1.07096,1.63993,1.88028,-1.02866,-0.652357,-0.268161,-3.06893,1.05653,1.39491,-0.902921,-2.35073,-2.24682,-0.520809,0.348976,-0.00065937,-2.86831,0.779948,0.69577,-1.33977,-0.291419,-0.416533,-0.393081,-0.386809,-0.474292,-1.25906,0.370703,0.678985,-1.07096,-0.281991,-0.383526,-1.02866,0.400674,0.351075,-3.06893,0.0857447,-0.249514,-0.902921,0.739064,0.501623,-0.520809,0.139968,0.00129192,-2.86831,1.81401,1.41206,-0.988542,-0.982305,-1.07735,-0.393081,-0.886636,-1.00593,-1.25906,-0.885758,-0.240557,-1.07096,-0.838827,-1.02902,-1.02866,-0.610683,-0.769242,-3.06893,-1.3543,-1.67351,-0.902921,1.37747,1.18375,-0.520809,0.195431,0.0640547,-2.86831,0.487469,0.529811,-0.988542,-0.259788,-0.31375,-1.33977,-0.260283,-0.255648,-1.25906,-0.0639924,0.215618,-1.07096,-0.346271,-0.364027,-1.02866,0.120277,0.0481206,-3.06893,-0.172853,-0.23772,-0.902921,0.362797,0.37288,-0.520809,-0.245421,0.0192928,-2.86831,0.000752732,-0.225976,-0.988542,0.460162,0.465293,-1.33977,-0.157364,-0.0497,-0.393081,0.225497,0.213902,-1.07096,0.236725,0.185698,-1.02866,-0.567754,-0.497577,-3.06893,-0.727598,-0.373121,-0.902921,0.07724,0.220698,-0.520809,0.535753,0.2328,-2.86831,1.38107,1.48795,-0.988542,-0.455444,-0.66543,-1.33977,-0.727076,-0.694298,-0.393081,-0.956852,-0.990323,-1.25906,-0.243366,0.601805,-1.02866,0.160448,-0.118166,-3.06893,-0.62882,-0.760111,-0.902921,1.05509,1.04894,-0.520809,-0.310652,0.00133139,-2.86831,0.12138,-0.0950052,-0.988542,0.492733,0.418856,-1.33977,-0.338749,-0.284505,-0.393081,0.159345,0.0984592,-1.25906,-0.769251,-0.797402,-1.07096,-0.0725037,-0.0764153,-3.06893,-0.849123,-0.773087,-0.902921,-0.122686,-0.0733767,-0.520809,-0.31536,-0.137226,-2.86831,2.08236,1.50639,-0.988542,-0.510841,-0.688136,-1.33977,-1.92748,-1.81499,-0.393081,-0.705952,-1.01295,-1.25906,-2.44151,-1.64916,-1.07096,-0.821222,-1.20821,-1.02866,-1.96048,-2.12164,-0.902921,1.71012,1.4794,-0.520809,-0.185529,-0.0530198,-2.86831,-0.733498,-0.641819,-0.988542,0.321753,0.398664,-1.33977,0.38731,0.356061,-0.393081,0.387343,0.419742,-1.25906,0.761366,0.255204,-1.07096,0.282969,0.38499,-1.02866,-0.177254,-0.0548605,-3.06893,0.50642,0.403849
-2.80925,0.150948,-0.06383,-0.96252,-0.0420452,-0.012658,-1.29661,0.0527623,-0.0150991,-0.381644,-0.0413608,0.0250763,-1.23486,0.250527,-0.00924314,-1.0343,-0.0219979,0.021343,-0.997838,-0.0563877,-0.029084,-2.99339,0.0196255,-0.0396697,-0.881868,0.0367545,-0.0612403,-0.505479,-0.926501,-0.216207,-0.96252,1.56428,1.80599,-1.29661,1.38329,1.38361,-0.381644,1.83847,1.96122,-1.23486,0.653611,-0.871897,-1.0343,1.60603,1.81956,-0.997838,-0.542311,-0.260029,-2.99339,1.04686,1.36051,-0.881868,-2.33447,-2.19482,-0.505479,0.340476,-0.00116432,-2.80925,0.756964,0.681134,-1.29661,-0.281283,-0.403382,-0.381644,-0.374719,-0.460952,-1.23486,0.35728,0.665645,-1.0343,-0.283892,-0.37164,-0.997838,0.392885,0.340258,-2.99339,0.0790712,-0.24375,-0.881868,0.719185,0.489663,-0.505479,0.130961,0.000369516,-2.80925,1.76415,1.38248,-0.96252,-0.944097,-1.04926,-0.381644,-0.894566,-0.977417,-1.23486,-0.883379,-0.236499,-1.0343,-0.85285,-0.99657,-0.997838,-0.61863,-0.747489,-2.99339,-1.32782,-1.63271,-0.881868,1.321,1.15579,-0.505479,0.187496,0.0620573,-2.80925,0.47705,0.518911,-0.96252,-0.253914,-0.305375,-1.29661,-0.265214,-0.247267,-1.23486,-0.060919,0.211465,-1.0343,-0.337055,-0.352254,-0.997838,0.10117,0.0466739,-2.99339,-0.171973,-0.23185,-0.881868,0.363544,0.364257,-0.505479,-0.242307,0.0188172,-2.80925,-0.000943211,-0.22126,-0.96252,0.435772,0.45293,-1.29661,-0.169263,-0.0479391,-0.381644,0.202406,0.20777,-1.0343,0.205278,0.179796,-0.997838,-0.580475,-0.482849,-2.99339,-0.71123,-0.363771,-0.881868,0.0567629,0.215696,-0.505479,0.519782,0.227478,-2.80925,1.34539,1.45861,-0.96252,-0.440821,-0.64602,-1.29661,-0.724942,-0.669488,-0.381644,-0.943276,-0.9597,-1.23486,-0.243538,0.591406,-0.997838,0.115505,-0.112957,-2.99339,-0.616946,-0.739786,-0.881868,1.06012,1.02612,-0.505479,-0.300537,0.00192092,-2.80925,0.0971387,-0.0926325,-0.96252,0.488498,0.408187,-1.29661,-0.319196,-0.274459,-0.381644,0.126328,0.0961864,-1.23486,-0.768027,-0.781727,-1.0343,-0.0920211,-0.0732691,-2.99339,-0.82865,-0.753398,-0.881868,-0.135833,-0.0712107,-0.505479,-0.307595,-0.133747,-2.80925,1.99937,1.47498,-0.96252,-0.47793,-0.670337,-1.29661,-1.86369,-1.75601,-0.381644,-0.772399,-0.984082,-1.23486,-2.4225,-1.61801,-1.0343,-0.8824,-1.16978,-0.997838,-1.96343,-2.06001,-0.881868,1.61156,1.44474,-0.505479,-0.180947,-0.051083,-2.80925,-0.726776,-0.628433,-0.96252,0.319919,0.388258,-1.29661,0.398199,0.344671,-0.381644,0.382207,0.407791,-1.23486,0.752258,0.250509,-1.0343,0.285106,0.372831,-0.997838,-0.127958,-0.0529498,-2.99339,0.494931,0.394083
-2.75018,0.136063,-0.0629232,-0.936498,-0.04197,-0.0128757,-1.25344,0.0632088,-0.0152853,-0.370207,-0.0310747,0.0237043,-1.21066,0.246921,-0.00946441,-0.997636,-0.0259169,0.0199378,-0.967013,-0.0368421,-0.0288263,-2.91784,0.0244154,-0.0391838,-0.860816,0.0343298,-0.0602805,-0.490149,-0.887196,-0.209099,-0.936498,1.52463,1.75651,-1.25344,1.40476,1.33679,-0.370207,1.79445,1.90253,-1.21066,0.617424,-0.854693,-0.997636,1.57477,1.75884,-0.967013,-0.422762,-0.251897,-2.91784,1.03206,1.32612,-0.860816,-2.32035,-2.14281,-0.490149,0.331977,-0.00166927,-2.75018,0.736337,0.666498,-1.25344,-0.273506,-0.39023,-0.370207,-0.366725,-0.447613,-1.21066,0.350297,0.652305,-0.997636,-0.287098,-0.359754,-0.967013,0.383029,0.32944,-2.91784,0.0721438,-0.237985,-0.860816,0.696794,0.477702,-0.490149,0.121954,-0.000552884,-2.75018,1.67987,1.3529,-0.936498,-0.905888,-1.02117,-0.370207,-0.904556,-0.948906,-1.21066,-0.872196,-0.232441,-0.997636,-0.865409,-0.964123,-0.967013,-0.634422,-0.725736,-2.91784,-1.30181,-1.59191,-0.860816,1.26451,1.12783,-0.490149,0.17956,0.0600599,-2.75018,0.46857,0.508011,-0.936498,-0.24804,-0.297001,-1.25344,-0.26907,-0.238886,-1.21066,-0.0545869,0.207311,-0.997636,-0.327789,-0.340481,-0.967013,0.0802405,0.0452272,-2.91784,-0.170375,-0.225981,-0.860816,0.364956,0.355634,-0.490149,-0.239194,0.0183416,-2.75018,-0.0249845,-0.216543,-0.936498,0.411382,0.440567,-1.25344,-0.179076,-0.0461783,-0.370207,0.181647,0.201639,-0.997636,0.175962,0.173895,-0.967013,-0.593326,-0.46812,-2.91784,-0.693132,-0.354421,-0.860816,0.0372229,0.210695,-0.490149,0.503811,0.222157,-2.75018,1.32162,1.42928,-0.936498,-0.426198,-0.62661,-1.25344,-0.720052,-0.644678,-0.370207,-0.926779,-0.929077,-1.21066,-0.230033,0.581007,-0.967013,0.0639612,-0.107748,-2.91784,-0.602565,-0.719462,-0.860816,1.06646,1.0033,-0.490149,-0.290422,0.00251045,-2.75018,0.0570127,-0.0902598,-0.936498,0.484262,0.397517,-1.25344,-0.29839,-0.264414,-0.370207,0.0957082,0.0939136,-1.21066,-0.765916,-0.766052,-0.997636,-0.107588,-0.0701229,-2.91784,-0.80893,-0.733709,-0.860816,-0.147554,-0.0690447,-0.490149,-0.29983,-0.130268,-2.75018,1.87882,1.44357,-0.936498,-0.445018,-0.652538,-1.25344,-1.79667,-1.69702,-0.370207,-0.83987,-0.955217,-1.21066,-2.39088,-1.58686,-0.997636,-0.941132,-1.13136,-0.967013,-1.97472,-1.99837,-0.860816,1.51437,1.41009,-0.490149,-0.176365,-0.0491463,-2.75018,-0.714536,-0.615048,-0.936498,0.318085,0.377851,-1.25344,0.407551,0.333282,-0.370207,0.375364,0.39584,-1.21066,0.732631,0.245813,-0.997636,0.28911,0.360672,-0.967013,-0.0738437,-0.051039,-2.91784,0.480933,0.384317
-2.69112,0.11727,-0.0620164,-0.910476,-0.0417218,-0.0130935,-1.21027,0.0698165,-0.0154715,-0.35877,-0.0199779,0.0223324,-1.18646,0.241365,-0.00968568,-0.960975,-0.029228,0.0185326,-0.936188,-0.0166505,-0.0285685,-2.84229,0.0271934,-0.0386979,-0.839763,0.0314973,-0.0593206,-0.474819,-0.846919,-0.20199,-0.910476,1.48511,1.70704,-1.21027,1.40587,1.28997,-0.35877,1.75002,1.84384,-1.18646,0.572167,-0.83749,-0.960975,1.54503,1.69813,-0.936188,-0.296189,-0.243766,-2.84229,1.00921,1.29173,-0.839763,-2.30722,-2.09081,-0.474819,0.322939,-0.00217422,-2.69112,0.715988,0.651862,-1.21027,-0.272379,-0.377079,-0.35877,-0.3607,-0.434273,-1.18646,0.345923,0.638965,-0.960975,-0.291048,-0.347868,-0.936188,0.371644,0.318623,-2.84229,0.0646965,-0.23222,-0.839763,0.672831,0.465741,-0.474819,0.112699,-0.00147528,-2.69112,1.59017,1.32332,-0.910476,-0.867888,-0.993084,-0.35877,-0.914961,-0.920394,-1.18646,-0.857286,-0.228383,-0.960975,-0.87713,-0.931675,-0.936188,-0.656013,-0.703983,-2.84229,-1.27664,-1.5511,-0.839763,1.20869,1.09988,-0.474819,0.171462,0.0580626,-2.69112,0.460474,0.497111,-0.910476,-0.242248,-0.288626,-1.21027,-0.268051,-0.230505,-1.18646,-0.0469304,0.203158,-0.960975,-0.318494,-0.328708,-0.936188,0.0579627,0.0437805,-2.84229,-0.16761,-0.220111,-0.839763,0.366736,0.347011,-0.474819,-0.235768,0.0178661,-2.69112,-0.0525716,-0.211826,-0.910476,0.387169,0.428204,-1.21027,-0.182666,-0.0444174,-0.35877,0.162348,0.195508,-0.960975,0.147864,0.167993,-0.936188,-0.606272,-0.453391,-2.84229,-0.672096,-0.345071,-0.839763,0.0186478,0.205693,-0.474819,0.487416,0.216835,-2.69112,1.30007,1.39995,-0.910476,-0.411818,-0.6072,-1.21027,-0.703856,-0.619868,-0.35877,-0.908535,-0.898454,-1.18646,-0.210933,0.570608,-0.936188,0.00753823,-0.102539,-2.84229,-0.584346,-0.699138,-0.839763,1.07326,0.98048,-0.474819,-0.279911,0.00309997,-2.69112,0.0151176,-0.0878871,-0.910476,0.479891,0.386848,-1.21027,-0.275626,-0.254368,-0.35877,0.0668118,0.0916408,-1.18646,-0.763324,-0.750377,-0.960975,-0.120898,-0.0669766,-2.84229,-0.790344,-0.71402,-0.839763,-0.158061,-0.0668787,-0.474819,-0.292032,-0.126789,-2.69112,1.75315,1.41216,-0.910476,-0.412319,-0.634739,-1.21027,-1.72316,-1.63804,-0.35877,-0.905869,-0.926351,-1.18646,-2.35391,-1.55571,-0.960975,-0.998466,-1.09293,-0.936188,-1.99217,-1.93674,-0.839763,1.41931,1.37543,-0.474819,-0.171503,-0.0472095,-2.69112,-0.700953,-0.601662,-0.910476,0.316178,0.367444,-1.21027,0.410544,0.321893,-0.35877,0.36761,0.38389,-1.18646,0.70876,0.241118,-0.960975,0.294181,0.348513,-0.936188,-0.0161683,-0.0491282,-2.84229,0.463015,0.374551
-2.63206,0.0973602,-0.0611097,-0.884454,-0.0391269,-0.0133112,-1.1671,0.0715161,-0.0156578,-0.347333,-0.00836868,0.0209605,-1.16226,0.23464,-0.00990695,-0.924314,-0.0280107,0.0171274,-0.905363,0.00289784,-0.0283108,-2.76675,0.0296163,-0.038212,-0.818711,0.0282927,-0.0583607,-0.459489,-0.771241,-0.194882,-0.884454,1.4475,1.65757,-1.1671,1.38286,1.24316,-0.347333,1.70455,1.78516,-1.16226,0.521492,-0.820286,-0.924314,1.52147,1.63741,-0.905363,-0.170287,-0.235634,-2.76675,0.985019,1.25734,-0.818711,-2.29442,-2.03881,-0.459489,0.294325,-0.00267917,-2.63206,0.695684,0.637226,-1.1671,-0.276619,-0.363927,-0.347333,-0.356485,-0.420934,-1.16226,0.343108,0.625625,-0.924314,-0.297436,-0.335982,-0.905363,0.359132,0.307805,-2.76675,0.0571199,-0.226455,-0.818711,0.647959,0.453781,-0.459489,0.0944572,-0.00239768,-2.63206,1.49912,1.29374,-0.884454,-0.833041,-0.964996,-0.347333,-0.924105,-0.891882,-1.16226,-0.840131,-0.224326,-0.924314,-0.881695,-0.899228,-0.905363,-0.679315,-0.682231,-2.76675,-1.25163,-1.5103,-0.818711,1.15376,1.07192,-0.459489,0.157432,0.0560652,-2.63206,0.452496,0.486211,-0.884454,-0.237575,-0.280252,-1.1671,-0.261529,-0.222123,-1.16226,-0.0384826,0.199004,-0.924314,-0.309926,-0.316936,-0.905363,0.0357279,0.0423338,-2.76675,-0.16464,-0.214242,-0.818711,0.368695,0.338388,-0.459489,-0.220949,0.0173905,-2.63206,-0.0810401,-0.207109,-0.884454,0.365564,0.41584,-1.1671,-0.180942,-0.0426566,-0.347333,0.145363,0.189376,-0.924314,0.127718,0.162091,-0.905363,-0.617435,-0.438662,-2.76675,-0.650496,-0.335721,-0.818711,0.000904435,0.200692,-0.459489,0.455574,0.211513,-2.63206,1.27916,1.37061,-0.884454,-0.400902,-0.58779,-1.1671,-0.675522,-0.595058,-0.347333,-0.887706,-0.867832,-1.16226,-0.188487,0.560209,-0.905363,-0.0494964,-0.0973296,-2.76675,-0.565529,-0.678814,-0.818711,1.08005,0.957659,-0.459489,-0.254954,0.0036895,-2.63206,-0.02702,-0.0855144,-0.884454,0.473485,0.376179,-1.1671,-0.252627,-0.244322,-0.347333,0.0411295,0.0893681,-1.16226,-0.76043,-0.734702,-0.924314,-0.12234,-0.0638304,-2.76675,-0.771927,-0.694331,-0.818711,-0.167633,-0.0647126,-0.459489,-0.283012,-0.12331,-2.63206,1.62645,1.38074,-0.884454,-0.382921,-0.61694,-1.1671,-1.6466,-1.57905,-0.347333,-0.964905,-0.897485,-1.16226,-2.31371,-1.52456,-0.924314,-1.03555,-1.0545,-0.905363,-2.00953,-1.8751,-0.818711,1.32641,1.34077,-0.459489,-0.156445,-0.0452727,-2.63206,-0.686915,-0.588277,-0.884454,0.313256,0.357037,-1.1671,0.406682,0.310503,-0.347333,0.358759,0.371939,-1.16226,0.682357,0.236422,-0.924314,0.300628,0.336354,-0.905363,0.0409931,-0.0472174,-2.76675,0.444455,0.364784
-2.57299,0.0729288,-0.0602029,-0.858432,-0.0356412,-0.0135289,-1.12393,0.0673312,-0.015844,-0.335896,0.00296806,0.0195886,-1.13806,0.224139,-0.0101282,-0.887652,-0.0235485,0.0157222,-0.874539,0.0219389,-0.028053,-2.6912,0.0302717,-0.0377261,-0.797658,0.0238494,-0.0574009,-0.444159,-0.695563,-0.187774,-0.858432,1.41084,1.60809,-1.12393,1.33247,1.19634,-0.335896,1.65761,1.72647,-1.13806,0.454085,-0.803083,-0.887652,1.5017,1.57669,-0.874539,-0.0449119,-0.227502,-2.6912,0.954215,1.22295,-0.797658,-2.28018,-1.98681,-0.444159,0.26571,-0.00318412,-2.57299,0.675458,0.62259,-1.12393,-0.285321,-0.350775,-0.335896,-0.352758,-0.407594,-1.13806,0.345098,0.612285,-0.887652,-0.305175,-0.324097,-0.874539,0.345731,0.296988,-2.6912,0.0489003,-0.22069,-0.797658,0.622348,0.44182,-0.444159,0.076215,-0.00332008,-2.57299,1.40324,1.26416,-0.858432,-0.800884,-0.936908,-0.335896,-0.930014,-0.863371,-1.13806,-0.815326,-0.220268,-0.887652,-0.881013,-0.86678,-0.874539,-0.703967,-0.660478,-2.6912,-1.22749,-1.4695,-0.797658,1.10299,1.04396,-0.444159,0.143403,0.0540678,-2.57299,0.445005,0.475311,-0.858432,-0.233372,-0.271877,-1.12393,-0.248944,-0.213742,-1.13806,-0.0275792,0.194851,-0.887652,-0.301999,-0.305163,-0.874539,0.013527,0.0408871,-2.6912,-0.160648,-0.208372,-0.797658,0.370562,0.329765,-0.444159,-0.20613,0.0169149,-2.57299,-0.112699,-0.202392,-0.858432,0.345905,0.403477,-1.12393,-0.174347,-0.0408958,-0.335896,0.130712,0.183245,-0.887652,0.113128,0.15619,-0.874539,-0.627192,-0.423933,-2.6912,-0.626087,-0.326371,-0.797658,-0.0142834,0.195691,-0.444159,0.423732,0.206192,-2.57299,1.26084,1.34128,-0.858432,-0.392118,-0.56838,-1.12393,-0.634247,-0.570248,-0.335896,-0.86445,-0.837209,-1.13806,-0.155491,0.54981,-0.874539,-0.107013,-0.0921204,-2.6912,-0.543733,-0.658489,-0.797658,1.08501,0.934838,-0.444159,-0.229997,0.00427903,-2.57299,-0.0693949,-0.0831416,-0.858432,0.465366,0.365509,-1.12393,-0.230739,-0.234277,-0.335896,0.0191865,0.0870953,-1.13806,-0.756035,-0.719027,-0.887652,-0.115908,-0.0606842,-2.6912,-0.754352,-0.674642,-0.797658,-0.174848,-0.0625466,-0.444159,-0.273993,-0.11983,-2.57299,1.49668,1.34933,-0.858432,-0.356715,-0.599141,-1.12393,-1.56961,-1.52007,-0.335896,-1.01218,-0.86862,-1.13806,-2.26242,-1.49342,-0.887652,-1.05686,-1.01608,-0.874539,-2.02681,-1.81347,-0.797658,1.24162,1.30612,-0.444159,-0.141386,-0.0433359,-2.57299,-0.670829,-0.574891,-0.858432,0.309838,0.346631,-1.12393,0.395358,0.299114,-0.335896,0.349152,0.359988,-1.13806,0.648239,0.231727,-0.887652,0.307226,0.324195,-0.874539,0.0977493,-0.0453066,-2.6912,0.422701,0.355018
-2.51393,0.0468836,-0.0592961,-0.83241,-0.0313935,-0.0137467,-1.08076,0.0580767,-0.0160302,-0.324459,0.0143048,0.0182167,-1.11386,0.212164,-0.0103495,-0.850991,-0.0127392,0.0143169,-0.843714,0.040488,-0.0277953,-2.61565,0.0309272,-0.0372401,-0.776605,0.0192142,-0.056441,-0.428829,-0.619885,-0.180666,-0.83241,1.37528,1.55862,-1.08076,1.26055,1.14952,-0.324459,1.61068,1.66778,-1.11386,0.38015,-0.78588,-0.850991,1.48857,1.51597,-0.843714,0.0785342,-0.21937,-2.61565,0.92341,1.18856,-0.776605,-2.26568,-1.93481,-0.428829,0.237096,-0.00368907,-2.51393,0.655069,0.607954,-1.08076,-0.296853,-0.337624,-0.324459,-0.349032,-0.394255,-1.11386,0.348963,0.598945,-0.850991,-0.315039,-0.312211,-0.843714,0.33206,0.28617,-2.61565,0.0406808,-0.214925,-0.776605,0.596672,0.42986,-0.428829,0.0579728,-0.00424248,-2.51393,1.30678,1.23458,-0.83241,-0.773035,-0.908819,-0.324459,-0.935922,-0.834859,-1.11386,-0.787536,-0.21621,-0.850991,-0.869731,-0.834333,-0.843714,-0.728252,-0.638725,-2.61565,-1.20334,-1.4287,-0.776605,1.05289,1.016,-0.428829,0.129373,0.0520704,-2.51393,0.437722,0.464411,-0.83241,-0.229634,-0.263502,-1.08076,-0.231734,-0.205361,-1.11386,-0.0157177,0.190698,-0.850991,-0.295352,-0.29339,-0.843714,-0.00835007,0.0394404,-2.61565,-0.156655,-0.202503,-0.776605,0.372399,0.321142,-0.428829,-0.191311,0.0164394,-2.51393,-0.144782,-0.197676,-0.83241,0.329195,0.391114,-1.08076,-0.163646,-0.0391349,-0.324459,0.116061,0.177114,-0.850991,0.10933,0.150288,-0.843714,-0.635962,-0.409204,-2.61565,-0.601679,-0.31702,-0.776605,-0.0290798,0.190689,-0.428829,0.391891,0.20087,-2.51393,1.24347,1.31195,-0.83241,-0.386256,-0.54897,-1.08076,-0.583309,-0.545438,-0.324459,-0.841195,-0.806586,-1.11386,-0.118378,0.539411,-0.843714,-0.163774,-0.0869112,-2.61565,-0.521937,-0.638165,-0.776605,1.08965,0.912017,-0.428829,-0.20504,0.00486855,-2.51393,-0.110435,-0.0807689,-0.83241,0.454519,0.35484,-1.08076,-0.210393,-0.224231,-0.324459,-0.00275656,0.0848225,-1.11386,-0.751056,-0.703352,-0.850991,-0.0945857,-0.057538,-2.61565,-0.736777,-0.654953,-0.776605,-0.181714,-0.0603806,-0.428829,-0.264973,-0.116351,-2.51393,1.36806,1.31792,-0.83241,-0.335845,-0.581342,-1.08076,-1.4934,-1.46108,-0.324459,-1.05946,-0.839754,-1.11386,-2.20681,-1.46227,-0.850991,-1.04628,-0.977651,-0.843714,-2.04266,-1.75184,-0.776605,1.1581,1.27146,-0.428829,-0.126328,-0.0413992,-2.51393,-0.653623,-0.561506,-0.83241,0.305844,0.336224,-1.08076,0.377814,0.287724,-0.324459,0.339545,0.348038,-1.11386,0.611111,0.227032,-0.850991,0.313428,0.312036,-0.843714,0.153434,-0.0433958,-2.61565,0.400948,0.345252
-2.45487,0.0200567,-0.0583894,-0.806388,-0.0266423,-0.0139644,-1.0376,0.0449537,-0.0162165,-0.313022,0.0242952,0.0168448,-1.08966,0.200189,-0.0105708,-0.81433,0.00166562,0.0129117,-0.812889,0.0564909,-0.0275375,-2.54011,0.030354,-0.0367542,-0.755553,0.014579,-0.0554811,-0.413499,-0.538316,-0.173558,-0.806388,1.34072,1.50915,-1.0376,1.17465,1.1027,-0.313022,1.56155,1.60909,-1.08966,0.306215,-0.768676,-0.81433,1.47813,1.45526,-0.812889,0.190982,-0.211239,-2.54011,0.888495,1.15417,-0.755553,-2.25117,-1.8828,-0.413499,0.203394,-0.00419402,-2.45487,0.634326,0.593318,-1.0376,-0.30953,-0.324472,-0.313022,-0.344087,-0.380916,-1.08966,0.352828,0.585606,-0.81433,-0.325302,-0.300325,-0.812889,0.317424,0.275353,-2.54011,0.0318173,-0.20916,-0.755553,0.570996,0.417899,-0.413499,0.0394122,-0.00516488,-2.45487,1.21168,1.205,-0.806388,-0.750049,-0.880731,-0.313022,-0.935623,-0.806347,-1.08966,-0.759746,-0.212152,-0.81433,-0.851736,-0.801886,-0.812889,-0.749431,-0.616972,-2.54011,-1.17995,-1.3879,-0.755553,1.00279,0.988048,-0.413499,0.114459,0.050073,-2.45487,0.430586,0.453511,-0.806388,-0.226266,-0.255128,-1.0376,-0.211696,-0.19698,-1.08966,-0.0038561,0.186544,-0.81433,-0.289345,-0.281617,-0.812889,-0.0283425,0.0379937,-2.54011,-0.151952,-0.196633,-0.755553,0.374237,0.312519,-0.413499,-0.172547,0.0159638,-2.45487,-0.17604,-0.192959,-0.806388,0.315727,0.378751,-1.0376,-0.149691,-0.0373741,-0.313022,0.104019,0.170982,-0.81433,0.111641,0.144386,-0.812889,-0.639901,-0.394475,-2.54011,-0.575078,-0.30767,-0.755553,-0.0438762,0.185688,-0.413499,0.357261,0.195548,-2.45487,1.22659,1.28262,-0.806388,-0.383426,-0.52956,-1.0376,-0.526689,-0.520628,-0.313022,-0.815473,-0.775964,-1.08966,-0.0812661,0.529012,-0.812889,-0.215736,-0.081702,-2.54011,-0.498485,-0.617841,-0.755553,1.09429,0.889196,-0.413499,-0.176092,0.00545808,-2.45487,-0.148787,-0.0783962,-0.806388,0.440598,0.344171,-1.0376,-0.191767,-0.214185,-0.313022,-0.0198653,0.0825497,-1.08966,-0.746076,-0.687677,-0.81433,-0.0653152,-0.0543918,-2.54011,-0.719624,-0.635264,-0.755553,-0.18858,-0.0582146,-0.413499,-0.25432,-0.112872,-2.45487,1.24321,1.2865,-0.806388,-0.321121,-0.563543,-1.0376,-1.41877,-1.4021,-0.313022,-1.08735,-0.810889,-1.08966,-2.15119,-1.43112,-0.81433,-1.01659,-0.939225,-0.812889,-2.05013,-1.6902,-0.755553,1.07458,1.23681,-0.413499,-0.109522,-0.0394624,-2.45487,-0.635316,-0.54812,-0.806388,0.301319,0.325817,-1.0376,0.355674,0.276335,-0.313022,0.329561,0.336087,-1.08966,0.573982,0.222336,-0.81433,0.318737,0.299876,-0.812889,0.203082,-0.041485,-2.54011,0.37724,0.335486
-2.3958,-0.00660738,-0.0574826,-0.780366,-0.0218911,-0.0141822,-0.994427,0.0287933,-0.0164027,-0.301585,0.0328077,0.0154729,-1.06546,0.188213,-0.010792,-0.777668,0.0189413,0.0115065,-0.782064,0.0707395,-0.0272798,-2.46456,0.028952,-0.0362683,-0.7345,0.00941878,-0.0545213,-0.398169,-0.454816,-0.16645,-0.780366,1.30617,1.45968,-0.994427,1.08127,1.05588,-0.301585,1.51085,1.55041,-1.06546,0.23228,-0.751473,-0.777668,1.46767,1.39454,-0.782064,0.294839,-0.203107,-2.46456,0.851553,1.11978,-0.7345,-2.23528,-1.8308,-0.398169,0.168025,-0.00469897,-2.3958,0.613059,0.578682,-0.994427,-0.321665,-0.311321,-0.301585,-0.337396,-0.367576,-1.06546,0.356693,0.572266,-0.777668,-0.334239,-0.288439,-0.782064,0.302545,0.264535,-2.46456,0.0222178,-0.203396,-0.7345,0.545715,0.405938,-0.398169,0.0207471,-0.00608728,-2.3958,1.11985,1.17541,-0.780366,-0.727063,-0.852643,-0.301585,-0.929575,-0.777836,-1.06546,-0.731955,-0.208095,-0.777668,-0.826879,-0.769438,-0.782064,-0.767272,-0.595219,-2.46456,-1.15727,-1.34709,-0.7345,0.954819,0.960091,-0.398169,0.0992541,0.0480756,-2.3958,0.423522,0.442611,-0.780366,-0.222897,-0.246753,-0.994427,-0.190434,-0.188599,-1.06546,0.00800545,0.182391,-0.777668,-0.283635,-0.269844,-0.782064,-0.0468282,0.036547,-2.46456,-0.146772,-0.190764,-0.7345,0.375823,0.303896,-0.398169,-0.152489,0.0154882,-2.3958,-0.205237,-0.188242,-0.780366,0.302258,0.366388,-0.994427,-0.133007,-0.0356133,-0.301585,0.0937102,0.164851,-0.777668,0.118859,0.138484,-0.782064,-0.64078,-0.379746,-2.46456,-0.54663,-0.29832,-0.7345,-0.0576553,0.180686,-0.398169,0.321717,0.190227,-2.3958,1.20968,1.25328,-0.780366,-0.380597,-0.51015,-0.994427,-0.46801,-0.495819,-0.301585,-0.788305,-0.745341,-1.06546,-0.0441536,0.518613,-0.782064,-0.263517,-0.0764928,-2.46456,-0.474551,-0.597517,-0.7345,1.09759,0.866375,-0.398169,-0.145836,0.00604761,-2.3958,-0.183268,-0.0760235,-0.780366,0.426678,0.333501,-0.994427,-0.175266,-0.20414,-0.301585,-0.0333682,0.0802769,-1.06546,-0.741097,-0.672002,-0.777668,-0.0305996,-0.0512456,-2.46456,-0.702506,-0.615574,-0.7345,-0.19468,-0.0560486,-0.398169,-0.243131,-0.109393,-2.3958,1.12456,1.25509,-0.780366,-0.306397,-0.545744,-0.994427,-1.34682,-1.34311,-0.301585,-1.09894,-0.782023,-1.06546,-2.09558,-1.39997,-0.777668,-0.969662,-0.900799,-0.782064,-2.05087,-1.62857,-0.7345,0.994788,1.20215,-0.398169,-0.0921428,-0.0375256,-2.3958,-0.616025,-0.534735,-0.780366,0.296793,0.315411,-0.994427,0.33014,0.264946,-0.301585,0.319615,0.324136,-1.06546,0.536853,0.217641,-0.777668,0.322087,0.287717,-0.782064,0.248086,-0.0395743,-2.46456,0.352621,0.32572
-2.33674,-0.0318567,-0.0565758,-0.754344,-0.0169048,-0.0143999,-0.951259,0.0108087,-0.0165889,-0.290148,0.0399371,0.014101,-1.04126,0.176238,-0.0110133,-0.741007,0.0368658,0.0101013,-0.751239,0.0823167,-0.0270221,-2.38901,0.0271477,-0.0357824,-0.713447,0.00304566,-0.0535614,-0.382839,-0.373437,-0.159342,-0.754344,1.27296,1.4102,-0.951259,0.988054,1.00907,-0.290148,1.45941,1.49172,-1.04126,0.158345,-0.73427,-0.741007,1.45466,1.33382,-0.751239,0.385175,-0.194975,-2.38901,0.813911,1.08539,-0.713447,-2.21618,-1.7788,-0.382839,0.132176,-0.00520393,-2.33674,0.590975,0.564046,-0.951259,-0.33155,-0.298169,-0.290148,-0.329188,-0.354237,-1.04126,0.360558,0.558926,-0.741007,-0.340953,-0.276553,-0.751239,0.287482,0.253718,-2.38901,0.0121472,-0.197631,-0.713447,0.52135,0.393978,-0.382839,0.00368402,-0.00700968,-2.33674,1.03427,1.14583,-0.754344,-0.712324,-0.824554,-0.290148,-0.917683,-0.749324,-1.04126,-0.704165,-0.204037,-0.741007,-0.798715,-0.736991,-0.751239,-0.779509,-0.573466,-2.38901,-1.13502,-1.30629,-0.713447,0.911784,0.932134,-0.382839,0.0844969,0.0460782,-2.33674,0.416441,0.431711,-0.754344,-0.219884,-0.238378,-0.951259,-0.169767,-0.180218,-1.04126,0.019867,0.178237,-0.741007,-0.277744,-0.258072,-0.751239,-0.0629296,0.0351003,-2.38901,-0.141362,-0.184894,-0.713447,0.376827,0.295273,-0.382839,-0.131263,0.0150127,-2.33674,-0.23047,-0.183525,-0.754344,0.294178,0.354025,-0.951259,-0.114455,-0.0338524,-0.290148,0.0848795,0.15872,-0.741007,0.127217,0.132583,-0.751239,-0.637119,-0.365017,-2.38901,-0.517146,-0.28897,-0.713447,-0.0690846,0.175685,-0.382839,0.286903,0.184905,-2.33674,1.19203,1.22395,-0.754344,-0.382443,-0.49074,-0.951259,-0.411303,-0.471009,-0.290148,-0.760127,-0.714718,-1.04126,-0.00704123,0.508214,-0.751239,-0.30455,-0.0712836,-2.38901,-0.450622,-0.577192,-0.713447,1.0978,0.843554,-0.382839,-0.115012,0.00663713,-2.33674,-0.21179,-0.0736507,-0.754344,0.407548,0.322832,-0.951259,-0.161073,-0.194094,-0.290148,-0.0436117,0.0780041,-1.04126,-0.736117,-0.656328,-0.741007,0.00429442,-0.0480994,-2.38901,-0.685312,-0.595885,-0.713447,-0.199012,-0.0538826,-0.382839,-0.230724,-0.105914,-2.33674,1.01614,1.22368,-0.754344,-0.302323,-0.527945,-0.951259,-1.27836,-1.28413,-0.290148,-1.09615,-0.753157,-1.04126,-2.03996,-1.36882,-0.741007,-0.916537,-0.862373,-0.751239,-2.04092,-1.56693,-0.713447,0.92359,1.1675,-0.382839,-0.0753289,-0.0355888,-2.33674,-0.595765,-0.521349,-0.754344,0.29154,0.305004,-0.951259,0.302854,0.253556,-0.290148,0.309853,0.312185,-1.04126,0.499725,0.212945,-0.741007,0.323538,0.275558,-0.751239,0.285808,-0.0376635,-2.38901,0.327714,0.315953
-2.27768,-0.0556142,-0.055669,-0.728322,-0.0119849,-0.0146177,-0.90809,-0.00790736,-0.0167752,-0.278711,0.0456718,0.012729,-1.01706,0.164263,-0.0112346,-0.704346,0.0547792,0.00869604,-0.720414,0.0890464,-0.0267643,-2.31347,0.0253434,-0.0352965,-0.692395,-0.00460889,-0.0526015,-0.367509,-0.296565,-0.152234,-0.728322,1.24029,1.36073,-0.90809,0.903941,0.962249,-0.278711,1.4081,1.43303,-1.01706,0.0844094,-0.717066,-0.704346,1.43772,1.27311,-0.720414,0.449714,-0.186843,-2.31347,0.776268,1.051,-0.692395,-2.19241,-1.7268,-0.367509,0.0967881,-0.00570888,-2.27768,0.568267,0.54941,-0.90809,-0.336803,-0.285017,-0.278711,-0.319668,-0.340897,-1.01706,0.364423,0.545586,-0.704346,-0.344697,-0.264667,-0.720414,0.272613,0.2429,-2.31347,0.00207666,-0.191866,-0.692395,0.499127,0.382017,-0.367509,-0.0109277,-0.00793208,-2.27768,0.953854,1.11625,-0.728322,-0.701364,-0.796466,-0.278711,-0.899133,-0.720812,-1.01706,-0.676375,-0.199979,-0.704346,-0.767858,-0.704543,-0.720414,-0.780085,-0.551714,-2.31347,-1.11277,-1.26549,-0.692395,0.874577,0.904177,-0.367509,0.070608,0.0440808,-2.27768,0.409301,0.420811,-0.728322,-0.216947,-0.230004,-0.90809,-0.151914,-0.171836,-1.01706,0.0317286,0.174084,-0.704346,-0.271465,-0.246299,-0.720414,-0.0744453,0.0336536,-2.31347,-0.135951,-0.179025,-0.692395,0.376863,0.28665,-0.367509,-0.109211,0.0145371,-2.27768,-0.25241,-0.178809,-0.728322,0.288729,0.341661,-0.90809,-0.0947058,-0.0320916,-0.278711,0.077504,0.152588,-0.704346,0.135606,0.126681,-0.720414,-0.625555,-0.350288,-2.31347,-0.487662,-0.27962,-0.692395,-0.0781407,0.170684,-0.367509,0.253813,0.179583,-2.27768,1.17359,1.19462,-0.728322,-0.386267,-0.47133,-0.90809,-0.361605,-0.446199,-0.278711,-0.731217,-0.684095,-1.01706,0.0300712,0.497815,-0.720414,-0.332249,-0.0660744,-2.31347,-0.426693,-0.556868,-0.692395,1.09381,0.820733,-0.367509,-0.0842635,0.00722666,-2.27768,-0.235787,-0.071278,-0.728322,0.385984,0.312163,-0.90809,-0.149805,-0.184048,-0.278711,-0.0504891,0.0757313,-1.01706,-0.731138,-0.640653,-0.704346,0.0375375,-0.0449532,-2.31347,-0.668118,-0.576196,-0.692395,-0.201863,-0.0517165,-0.367509,-0.216883,-0.102434,-2.27768,0.915734,1.19227,-0.728322,-0.303268,-0.510146,-0.90809,-1.21498,-1.22514,-0.278711,-1.07937,-0.724292,-1.01706,-1.98435,-1.33767,-0.704346,-0.859918,-0.823946,-0.720414,-2.0104,-1.5053,-0.692395,0.861947,1.13284,-0.367509,-0.0597562,-0.0336521,-2.27768,-0.574962,-0.507964,-0.728322,0.285877,0.294597,-0.90809,0.27542,0.242167,-0.278711,0.300412,0.300235,-1.01706,0.462596,0.20825,-0.704346,0.322743,0.263399,-0.720414,0.30971,-0.0357527,-2.31347,0.302806,0.306187
-2.21861,-0.0759015,-0.0547623,-0.7023,-0.00731392,-0.0148354,-0.864922,-0.02639,-0.0169614,-0.267274,0.0498291,0.0113571,-0.99286,0.147962,-0.0114558,-0.667685,0.0703961,0.00729082,-0.68959,0.0904941,-0.0265066,-2.23792,0.0233448,-0.0348105,-0.671342,-0.0129353,-0.0516417,-0.352179,-0.227901,-0.145126,-0.7023,1.20843,1.31126,-0.864922,0.831013,0.915431,-0.267274,1.35846,1.37434,-0.99286,-0.00557659,-0.699863,-0.667685,1.41106,1.21239,-0.68959,0.485756,-0.178712,-2.23792,0.739188,1.01661,-0.671342,-2.166,-1.6748,-0.352179,0.0634308,-0.00621383,-2.21861,0.544331,0.534774,-0.864922,-0.337716,-0.271866,-0.267274,-0.309047,-0.327558,-0.99286,0.372859,0.532246,-0.667685,-0.34212,-0.252781,-0.68959,0.258118,0.232083,-2.23792,-0.00858503,-0.186101,-0.671342,0.478199,0.370057,-0.352179,-0.0218411,-0.00885448,-2.21861,0.884534,1.08667,-0.7023,-0.696481,-0.768378,-0.267274,-0.871698,-0.692301,-0.99286,-0.638199,-0.195921,-0.667685,-0.735745,-0.672096,-0.68959,-0.767494,-0.529961,-2.23792,-1.09099,-1.22469,-0.671342,0.840513,0.87622,-0.352179,0.0582343,0.0420834,-2.21861,0.401995,0.409911,-0.7023,-0.214062,-0.221629,-0.864922,-0.137184,-0.163455,-0.99286,0.0459947,0.16993,-0.667685,-0.263991,-0.234526,-0.68959,-0.0808842,0.0322069,-2.23792,-0.130431,-0.173155,-0.671342,0.376341,0.278026,-0.352179,-0.0869902,0.0140615,-2.21861,-0.267334,-0.174092,-0.7023,0.287686,0.329298,-0.864922,-0.0746418,-0.0303307,-0.267274,0.0717115,0.146457,-0.667685,0.140192,0.120779,-0.68959,-0.605482,-0.335559,-2.23792,-0.457234,-0.27027,-0.671342,-0.0859682,0.165682,-0.352179,0.224007,0.174262,-2.21861,1.15336,1.16528,-0.7023,-0.393127,-0.45192,-0.864922,-0.319369,-0.421389,-0.267274,-0.701988,-0.653473,-0.99286,0.0782066,0.487416,-0.68959,-0.345082,-0.0608652,-2.23792,-0.403532,-0.536544,-0.671342,1.08748,0.797913,-0.352179,-0.0546884,0.00781619,-2.21861,-0.250439,-0.0689053,-0.7023,0.36046,0.301494,-0.864922,-0.140724,-0.174003,-0.267274,-0.0534176,0.0734585,-0.99286,-0.72232,-0.624978,-0.667685,0.0623829,-0.041807,-2.23792,-0.650587,-0.556507,-0.671342,-0.203994,-0.0495505,-0.352179,-0.201363,-0.0989553,-2.21861,0.83219,1.16085,-0.7023,-0.312417,-0.492347,-0.864922,-1.15572,-1.16616,-0.267274,-1.04762,-0.695426,-0.99286,-1.91334,-1.30652,-0.667685,-0.808247,-0.78552,-0.68959,-1.95708,-1.44366,-0.671342,0.805382,1.09819,-0.352179,-0.046478,-0.0317153,-2.21861,-0.553212,-0.494578,-0.7023,0.279464,0.28419,-0.864922,0.248899,0.230777,-0.267274,0.291576,0.288284,-0.99286,0.418513,0.203554,-0.667685,0.317924,0.25124,-0.68959,0.318366,-0.0338419,-2.23792,0.278249,0.296421
-2.15955,-0.0953319,-0.0538555,-0.676278,-0.00264295,-0.0150531,-0.821754,-0.0434889,-0.0171477,-0.255837,0.0525591,0.00998522,-0.96866,0.131075,-0.0116771,-0.631023,0.0828112,0.00588559,-0.658765,0.0919417,-0.0262488,-2.16237,0.0211682,-0.0343246,-0.65029,-0.0220433,-0.0506818,-0.336849,-0.166694,-0.138018,-0.676278,1.17656,1.26179,-0.821754,0.780767,0.868613,-0.255837,1.31151,1.31566,-0.96866,-0.0977367,-0.68266,-0.631023,1.37433,1.15167,-0.658765,0.521798,-0.17058,-2.16237,0.702778,0.982215,-0.65029,-2.13612,-1.62279,-0.336849,0.0322194,-0.00671878,-2.15955,0.520127,0.520139,-0.821754,-0.330642,-0.258714,-0.255837,-0.297719,-0.314218,-0.96866,0.381914,0.518906,-0.631023,-0.333372,-0.240895,-0.658765,0.243624,0.221265,-2.16237,-0.0198505,-0.180336,-0.65029,0.459041,0.358096,-0.336849,-0.0295884,-0.00977688,-2.15955,0.817886,1.05709,-0.676278,-0.691599,-0.740289,-0.255837,-0.835198,-0.663789,-0.96866,-0.598617,-0.191863,-0.631023,-0.704295,-0.639649,-0.658765,-0.754902,-0.508208,-2.16237,-1.0697,-1.18389,-0.65029,0.810294,0.848264,-0.336849,0.0472203,0.040086,-2.15955,0.394643,0.399011,-0.676278,-0.211176,-0.213254,-0.821754,-0.128543,-0.155074,-0.96866,0.0605866,0.165777,-0.631023,-0.255192,-0.222753,-0.658765,-0.0873231,0.0307602,-2.16237,-0.124812,-0.167286,-0.65029,0.375065,0.269403,-0.336849,-0.0649534,0.013586,-2.15955,-0.280589,-0.169375,-0.676278,0.286643,0.316935,-0.821754,-0.0548263,-0.0285699,-0.255837,0.0673037,0.140326,-0.631023,0.139434,0.114878,-0.658765,-0.58541,-0.32083,-2.16237,-0.425866,-0.26092,-0.65029,-0.0923431,0.160681,-0.336849,0.197219,0.16894,-2.15955,1.13269,1.13595,-0.676278,-0.399988,-0.43251,-0.821754,-0.291551,-0.396579,-0.255837,-0.672853,-0.62285,-0.96866,0.127835,0.477017,-0.658765,-0.357914,-0.055656,-2.16237,-0.381207,-0.51622,-0.65029,1.07814,0.775092,-0.336849,-0.0264403,0.00840571,-2.15955,-0.262875,-0.0665326,-0.676278,0.334935,0.290824,-0.821754,-0.135131,-0.163957,-0.255837,-0.0526666,0.0711857,-0.96866,-0.712982,-0.609303,-0.631023,0.076966,-0.0386608,-2.16237,-0.632694,-0.536818,-0.65029,-0.205338,-0.0473845,-0.336849,-0.184555,-0.0954761,-2.15955,0.752688,1.12944,-0.676278,-0.321567,-0.474548,-0.821754,-1.10326,-1.10717,-0.255837,-1.003,-0.66656,-0.96866,-1.84025,-1.27537,-0.631023,-0.766638,-0.747094,-0.658765,-1.90375,-1.38203,-0.65029,0.754953,1.06353,-0.336849,-0.0352925,-0.0297785,-2.15955,-0.531248,-0.481193,-0.676278,0.273052,0.273784,-0.821754,0.225052,0.219388,-0.255837,0.28347,0.276333,-0.96866,0.373489,0.198859,-0.631023,0.309496,0.239081,-0.658765,0.327023,-0.0319311,-2.16237,0.254099,0.286655
-2.10049,-0.111798,-0.0529487,-0.650256,0.00202801,-0.0152709,-0.778585,-0.0592957,-0.0173339,-0.2444,0.0552892,0.00861331,-0.94446,0.114188,-0.0118984,-0.594362,0.0901167,0.00448037,-0.62794,0.0933893,-0.0259911,-2.08683,0.0191341,-0.0338387,-0.629237,-0.0322328,-0.0497219,-0.321519,-0.118793,-0.13091,-0.650256,1.1447,1.21231,-0.778585,0.744954,0.821795,-0.2444,1.26455,1.25697,-0.94446,-0.189897,-0.665456,-0.594362,1.3234,1.09095,-0.62794,0.55784,-0.162448,-2.08683,0.668941,0.947825,-0.629237,-2.10129,-1.57079,-0.321519,0.00521927,-0.00722373,-2.10049,0.495073,0.505503,-0.778585,-0.318334,-0.245563,-0.2444,-0.286391,-0.300879,-0.94446,0.39097,0.505566,-0.594362,-0.316197,-0.229009,-0.62794,0.229129,0.210448,-2.08683,-0.0318865,-0.174571,-0.629237,0.442391,0.346135,-0.321519,-0.0319322,-0.0106993,-2.10049,0.760375,1.02751,-0.650256,-0.686716,-0.712201,-0.2444,-0.798699,-0.635277,-0.94446,-0.559035,-0.187806,-0.594362,-0.675204,-0.607201,-0.62794,-0.742311,-0.486455,-2.08683,-1.04893,-1.14308,-0.629237,0.78546,0.820307,-0.321519,0.0386111,0.0380886,-2.10049,0.38713,0.388111,-0.650256,-0.20829,-0.20488,-0.778585,-0.123731,-0.146693,-0.94446,0.0751784,0.161623,-0.594362,-0.244463,-0.21098,-0.62794,-0.093762,0.0293135,-2.08683,-0.11928,-0.161416,-0.629237,0.372712,0.26078,-0.321519,-0.0436729,0.0131104,-2.10049,-0.288195,-0.164658,-0.650256,0.285601,0.304572,-0.778585,-0.0354935,-0.0268091,-0.2444,0.0628958,0.134194,-0.594362,0.130124,0.108976,-0.62794,-0.565338,-0.306101,-2.08683,-0.39372,-0.25157,-0.629237,-0.0966756,0.155679,-0.321519,0.175863,0.163618,-2.10049,1.11059,1.10662,-0.650256,-0.406849,-0.4131,-0.778585,-0.272984,-0.371769,-0.2444,-0.643718,-0.592227,-0.94446,0.177464,0.466618,-0.62794,-0.370747,-0.0504468,-2.08683,-0.360853,-0.495896,-0.629237,1.06455,0.752271,-0.321519,-0.000891315,0.00899524,-2.10049,-0.267806,-0.0641598,-0.650256,0.309411,0.280155,-0.778585,-0.13168,-0.153912,-0.2444,-0.0519156,0.0689129,-0.94446,-0.703644,-0.593628,-0.594362,0.0759514,-0.0355146,-2.08683,-0.614054,-0.517129,-0.629237,-0.205581,-0.0452185,-0.321519,-0.165744,-0.0919969,-2.10049,0.686979,1.09803,-0.650256,-0.330716,-0.456749,-0.778585,-1.05476,-1.04819,-0.2444,-0.958375,-0.637695,-0.94446,-1.76717,-1.24422,-0.594362,-0.742788,-0.708667,-0.62794,-1.85043,-1.32039,-0.629237,0.71313,1.02887,-0.321519,-0.0278518,-0.0278418,-2.10049,-0.508581,-0.467807,-0.650256,0.266639,0.263377,-0.778585,0.203171,0.207999,-0.2444,0.275364,0.264383,-0.94446,0.328464,0.194163,-0.594362,0.296386,0.226922,-0.62794,0.335679,-0.0300203,-2.08683,0.231315,0.276889
-2.04142,-0.124838,-0.052042,-0.624234,0.0061051,-0.0154886,-0.735417,-0.0727854,-0.0175201,-0.232963,0.0564153,0.0072414,-0.92026,0.0973012,-0.0121197,-0.557701,0.0912864,0.00307515,-0.597115,0.0870232,-0.0257333,-2.01128,0.0173951,-0.0333528,-0.608184,-0.0431622,-0.0487621,-0.306189,-0.083597,-0.123802,-0.624234,1.11303,1.16284,-0.735417,0.72501,0.774978,-0.232963,1.22278,1.19828,-0.92026,-0.282057,-0.648253,-0.557701,1.25686,1.03024,-0.597115,0.550695,-0.154317,-2.01128,0.637895,0.913434,-0.608184,-2.06165,-1.51879,-0.306189,-0.0174717,-0.00772868,-2.04142,0.469358,0.490867,-0.735417,-0.299485,-0.232411,-0.232963,-0.27481,-0.28754,-0.92026,0.400025,0.492226,-0.557701,-0.290068,-0.217124,-0.597115,0.215617,0.19963,-2.01128,-0.0444957,-0.168806,-0.608184,0.42778,0.334175,-0.306189,-0.0292989,-0.0116217,-2.04142,0.713009,0.997928,-0.624234,-0.684559,-0.684113,-0.232963,-0.7501,-0.606766,-0.92026,-0.519453,-0.183748,-0.557701,-0.649676,-0.574754,-0.597115,-0.709038,-0.464702,-2.01128,-1.0285,-1.10228,-0.608184,0.764945,0.79235,-0.306189,0.0322795,0.0360912,-2.04142,0.379399,0.377211,-0.624234,-0.205174,-0.196505,-0.735417,-0.123083,-0.138312,-0.92026,0.0897703,0.15747,-0.557701,-0.231565,-0.199208,-0.597115,-0.0924771,0.0278668,-2.01128,-0.113923,-0.155547,-0.608184,0.369286,0.252157,-0.306189,-0.0234312,0.0126348,-2.04142,-0.289764,-0.159942,-0.624234,0.287294,0.292209,-0.735417,-0.0173307,-0.0250482,-0.232963,0.0599555,0.128063,-0.557701,0.110805,0.103074,-0.597115,-0.532979,-0.291372,-2.01128,-0.361212,-0.24222,-0.608184,-0.0991574,0.150678,-0.306189,0.159728,0.158297,-2.04142,1.08704,1.07728,-0.624234,-0.414559,-0.39369,-0.735417,-0.265109,-0.346959,-0.232963,-0.615406,-0.561605,-0.92026,0.227092,0.456219,-0.597115,-0.360685,-0.0452376,-2.01128,-0.342429,-0.475571,-0.608184,1.04704,0.72945,-0.306189,0.0218253,0.00958477,-2.04142,-0.264682,-0.0617871,-0.624234,0.281906,0.269486,-0.735417,-0.130726,-0.143866,-0.232963,-0.04683,0.0666401,-0.92026,-0.694306,-0.577953,-0.557701,0.0570939,-0.0323684,-2.01128,-0.59471,-0.49744,-0.608184,-0.204806,-0.0430525,-0.306189,-0.145224,-0.0885177,-2.04142,0.636496,1.06662,-0.624234,-0.344055,-0.43895,-0.735417,-1.01011,-0.989202,-0.232963,-0.900515,-0.608829,-0.92026,-1.69408,-1.21307,-0.557701,-0.740754,-0.670241,-0.597115,-1.76245,-1.25876,-0.608184,0.678537,0.994219,-0.306189,-0.0239473,-0.025905,-2.04142,-0.485229,-0.454422,-0.624234,0.259476,0.25297,-0.735417,0.183935,0.196609,-0.232963,0.268419,0.252432,-0.92026,0.283439,0.189468,-0.557701,0.278428,0.214763,-0.597115,0.32132,-0.0281095,-2.01128,0.209982,0.267122
-1.98236,-0.135738,-0.0511352,-0.598213,0.00992802,-0.0157064,-0.692249,-0.0852303,-0.0177064,-0.221526,0.0564861,0.00586949,-0.896061,0.0804142,-0.0123409,-0.521039,0.0869722,0.00166992,-0.56629,0.0746638,-0.0254756,-1.93573,0.0160335,-0.0328669,-0.587132,-0.0544665,-0.0478022,-0.290859,-0.0623618,-0.116694,-0.598213,1.08146,1.11337,-0.692249,0.709381,0.72816,-0.221526,1.1858,1.13959,-0.896061,-0.374217,-0.631049,-0.521039,1.17785,0.969519,-0.56629,0.51053,-0.146185,-1.93573,0.60997,0.879043,-0.587132,-2.01557,-1.46679,-0.290859,-0.0348497,-0.00823363,-1.98236,0.443322,0.476231,-0.692249,-0.278493,-0.219259,-0.221526,-0.263406,-0.2742,-0.896061,0.40908,0.478886,-0.521039,-0.25742,-0.205238,-0.56629,0.202795,0.188813,-1.93573,-0.0576563,-0.163042,-0.587132,0.414964,0.322214,-0.290859,-0.0215376,-0.0125441,-1.98236,0.671858,0.968347,-0.598213,-0.68357,-0.656025,-0.221526,-0.692331,-0.578254,-0.896061,-0.47987,-0.17969,-0.521039,-0.627113,-0.542307,-0.56629,-0.660175,-0.442949,-1.93573,-1.0084,-1.06148,-0.587132,0.748402,0.764393,-0.290859,0.028391,0.0340938,-1.98236,0.371526,0.366311,-0.598213,-0.201959,-0.18813,-0.692249,-0.123545,-0.129931,-0.896061,0.104362,0.153317,-0.521039,-0.216899,-0.187435,-0.56629,-0.0852633,0.0264201,-1.93573,-0.108788,-0.149677,-0.587132,0.364379,0.243534,-0.290859,-0.00491705,0.0121593,-1.98236,-0.287705,-0.155225,-0.598213,0.290159,0.279846,-0.692249,0.000218294,-0.0232874,-0.221526,0.0579221,0.121931,-0.521039,0.0838483,0.0971724,-0.56629,-0.491433,-0.276643,-1.93573,-0.328463,-0.23287,-0.587132,-0.0993347,0.145676,-0.290859,0.149387,0.152975,-1.98236,1.06263,1.04795,-0.598213,-0.422633,-0.37428,-0.692249,-0.260382,-0.322149,-0.221526,-0.588093,-0.530982,-0.896061,0.276721,0.44582,-0.56629,-0.333029,-0.0400284,-1.93573,-0.326091,-0.455247,-0.587132,1.02476,0.706629,-0.290859,0.0408747,0.0101743,-1.98236,-0.256703,-0.0594144,-0.598213,0.253553,0.258816,-0.692249,-0.130516,-0.13382,-0.221526,-0.038773,0.0643673,-0.896061,-0.684968,-0.562278,-0.521039,0.0242913,-0.0292221,-1.93573,-0.574617,-0.477751,-0.587132,-0.202658,-0.0408865,-0.290859,-0.123026,-0.0850385,-1.98236,0.595316,1.0352,-0.598213,-0.359188,-0.421151,-0.692249,-0.966272,-0.930217,-0.221526,-0.834768,-0.579964,-0.896061,-1.62099,-1.18192,-0.521039,-0.755727,-0.631815,-0.56629,-1.64845,-1.19712,-0.587132,0.651509,0.959564,-0.290859,-0.0234481,-0.0239682,-1.98236,-0.461486,-0.441036,-0.598213,0.251992,0.242564,-0.692249,0.165643,0.18522,-0.221526,0.262452,0.240481,-0.896061,0.238415,0.184773,-0.521039,0.256758,0.202604,-0.56629,0.289664,-0.0261987,-1.93573,0.190261,0.257356
-1.9233,-0.146637,-0.0502284,-0.572191,0.013067,-0.0159241,-0.64908,-0.0952584,-0.0178926,-0.210089,0.0555906,0.00449757,-0.871861,0.0635272,-0.0125622,-0.484378,0.0794676,0.000264701,-0.535466,0.0589997,-0.0252179,-1.86019,0.0154529,-0.0323809,-0.566079,-0.0654681,-0.0468423,-0.275528,-0.0529463,-0.109586,-0.572191,1.04959,1.06389,-0.64908,0.699267,0.681342,-0.210089,1.15314,1.08091,-0.871861,-0.466377,-0.613846,-0.484378,1.09266,0.908801,-0.535466,0.452442,-0.138053,-1.86019,0.587929,0.844652,-0.566079,-1.95359,-1.41479,-0.275528,-0.0465332,-0.00873858,-1.9233,0.417286,0.461595,-0.64908,-0.253812,-0.206108,-0.210089,-0.252218,-0.260861,-0.871861,0.418136,0.465547,-0.484378,-0.222073,-0.193352,-0.535466,0.190213,0.177995,-1.86019,-0.0717266,-0.157277,-0.566079,0.404703,0.310253,-0.275528,-0.0101339,-0.0134665,-1.9233,0.630708,0.938766,-0.572191,-0.682204,-0.627936,-0.210089,-0.626573,-0.549742,-0.871861,-0.440288,-0.175632,-0.484378,-0.606027,-0.509859,-0.535466,-0.603216,-0.421196,-1.86019,-0.988771,-1.02068,-0.566079,0.738035,0.736436,-0.275528,0.0264414,0.0320964,-1.9233,0.363652,0.35541,-0.572191,-0.198372,-0.179756,-0.64908,-0.125372,-0.121549,-0.871861,0.118954,0.149163,-0.484378,-0.20133,-0.175662,-0.535466,-0.0748114,0.0249734,-1.86019,-0.104113,-0.143808,-0.566079,0.355741,0.234911,-0.275528,0.0109352,0.0116837,-1.9233,-0.285646,-0.150508,-0.572191,0.293851,0.267483,-0.64908,0.0162119,-0.0215266,-0.210089,0.056629,0.1158,-0.484378,0.0534856,0.0912707,-0.535466,-0.445029,-0.261914,-1.86019,-0.295498,-0.22352,-0.566079,-0.0941833,0.140675,-0.275528,0.144072,0.147653,-1.9233,1.03822,1.01862,-0.572191,-0.429775,-0.354871,-0.64908,-0.260306,-0.297339,-0.210089,-0.561763,-0.500359,-0.871861,0.326349,0.435421,-0.535466,-0.295783,-0.0348192,-1.86019,-0.313584,-0.434923,-0.566079,0.99162,0.683808,-0.275528,0.0556584,0.0107638,-1.9233,-0.248724,-0.0570417,-0.572191,0.225152,0.248147,-0.64908,-0.131429,-0.123775,-0.210089,-0.0283597,0.0620946,-0.871861,-0.67563,-0.546603,-0.484378,-0.0150826,-0.0260759,-1.86019,-0.553166,-0.458062,-0.566079,-0.197106,-0.0387204,-0.275528,-0.0997717,-0.0815593,-1.9233,0.554137,1.00379,-0.572191,-0.374551,-0.403351,-0.64908,-0.922865,-0.871232,-0.210089,-0.763489,-0.551098,-0.871861,-1.5479,-1.15078,-0.484378,-0.778517,-0.593388,-0.535466,-1.5209,-1.13549,-0.566079,0.638905,0.924908,-0.275528,-0.0247292,-0.0220314,-1.9233,-0.437742,-0.427651,-0.572191,0.243953,0.232157,-0.64908,0.149139,0.173831,-0.210089,0.257267,0.228531,-0.871861,0.19339,0.180077,-0.484378,0.233358,0.190445,-0.535466,0.248943,-0.024288,-1.86019,0.173561,0.24759
-1.86423,-0.156629,-0.0493216,-0.546169,0.0156751,-0.0161418,-0.605912,-0.102843,-0.0180788,-0.198652,0.0538627,0.00312566,-0.847661,0.0465531,-0.0127835,-0.447717,0.068561,-0.00114052,-0.504641,0.0417433,-0.0249601,-1.78464,0.0148833,-0.031895,-0.545027,-0.0764696,-0.0458825,-0.260198,-0.0488128,-0.102478,-0.546169,1.01738,1.01442,-0.605912,0.688461,0.634524,-0.198652,1.12182,1.02222,-0.847661,-0.558458,-0.596643,-0.447717,1.00306,0.848084,-0.504641,0.386017,-0.129921,-1.78464,0.565965,0.810261,-0.545027,-1.89162,-1.36278,-0.260198,-0.0552648,-0.00924353,-1.86423,0.391236,0.446959,-0.605912,-0.227182,-0.192956,-0.198652,-0.240781,-0.247521,-0.847661,0.427163,0.452207,-0.447717,-0.186101,-0.181466,-0.504641,0.177601,0.167178,-1.78464,-0.085807,-0.151512,-0.545027,0.394443,0.298293,-0.260198,0.00265984,-0.0143889,-1.86423,0.592036,0.909185,-0.546169,-0.679752,-0.599848,-0.198652,-0.556789,-0.521231,-0.847661,-0.400288,-0.171574,-0.447717,-0.586005,-0.477412,-0.504641,-0.542852,-0.399444,-1.78464,-0.969152,-0.979876,-0.545027,0.727667,0.70848,-0.260198,0.0253142,0.030099,-1.86423,0.355706,0.34451,-0.546169,-0.194474,-0.171381,-0.605912,-0.126887,-0.113168,-0.847661,0.133542,0.14501,-0.447717,-0.185057,-0.163889,-0.504641,-0.0628368,0.0235267,-1.78464,-0.0994453,-0.137938,-0.545027,0.347102,0.226288,-0.260198,0.02519,0.0112081,-1.86423,-0.282236,-0.145791,-0.546169,0.297662,0.255119,-0.605912,0.0304424,-0.0197657,-0.198652,0.0558649,0.109669,-0.447717,0.0216268,0.085369,-0.504641,-0.39645,-0.247185,-1.78464,-0.262533,-0.21417,-0.545027,-0.0890318,0.135674,-0.260198,0.141044,0.142332,-1.86423,1.01353,0.989283,-0.546169,-0.435763,-0.335461,-0.605912,-0.261241,-0.272529,-0.198652,-0.535703,-0.469736,-0.847661,0.376063,0.425022,-0.504641,-0.25406,-0.02961,-1.78464,-0.301124,-0.414599,-0.545027,0.95848,0.660987,-0.260198,0.0681407,0.0113533,-1.86423,-0.238921,-0.054669,-0.546169,0.197216,0.237478,-0.605912,-0.132635,-0.113729,-0.198652,-0.0169227,0.0598218,-0.847661,-0.665941,-0.530929,-0.447717,-0.0582902,-0.0229297,-1.78464,-0.531697,-0.438373,-0.545027,-0.191555,-0.0365544,-0.260198,-0.0761685,-0.0780801,-1.86423,0.51663,0.972378,-0.546169,-0.389056,-0.385552,-0.605912,-0.877855,-0.812247,-0.198652,-0.689911,-0.522232,-0.847661,-1.47416,-1.11963,-0.447717,-0.805371,-0.554962,-0.504641,-1.38756,-1.07386,-0.545027,0.626301,0.890252,-0.260198,-0.0264291,-0.0200947,-1.86423,-0.413881,-0.414265,-0.546169,0.235555,0.22175,-0.605912,0.133892,0.162441,-0.198652,0.252159,0.21658,-0.847661,0.148469,0.175382,-0.447717,0.208999,0.178286,-0.504641,0.204285,-0.0223772,-1.78464,0.156901,0.237824
-1.80517,-0.162549,-0.0484149,-0.520147,0.0175787,-0.0163596,-0.562744,-0.108206,-0.0182651,-0.187215,0.0512808,0.00175375,-0.823461,0.0288065,-0.0130047,-0.411056,0.0560921,-0.00254575,-0.473816,0.0219701,-0.0247024,-1.70909,0.0155616,-0.0314091,-0.523974,-0.0874712,-0.0449226,-0.244868,-0.0519994,-0.0953695,-0.520147,0.984632,0.964949,-0.562744,0.673281,0.587707,-0.187215,1.08891,0.963532,-0.823461,-0.649839,-0.579439,-0.411056,0.914364,0.787367,-0.473816,0.306873,-0.12179,-1.70909,0.553118,0.77587,-0.523974,-1.82964,-1.31078,-0.244868,-0.0583438,-0.00974848,-1.80517,0.365123,0.432323,-0.562744,-0.199843,-0.179805,-0.187215,-0.228537,-0.234182,-0.823461,0.435938,0.438867,-0.411056,-0.152834,-0.16958,-0.473816,0.164724,0.15636,-1.70909,-0.101045,-0.145747,-0.523974,0.384182,0.286332,-0.244868,0.0164679,-0.0153113,-1.80517,0.564476,0.879604,-0.520147,-0.675217,-0.57176,-0.187215,-0.486394,-0.492719,-0.823461,-0.356576,-0.167517,-0.411056,-0.565792,-0.444964,-0.473816,-0.477858,-0.377691,-1.70909,-0.950022,-0.939074,-0.523974,0.717299,0.680523,-0.244868,0.0251575,0.0281017,-1.80517,0.347437,0.33361,-0.520147,-0.190144,-0.163006,-0.562744,-0.127107,-0.104787,-0.823461,0.148091,0.140856,-0.411056,-0.168806,-0.152116,-0.473816,-0.0485128,0.02208,-1.70909,-0.0956018,-0.132069,-0.523974,0.338464,0.217665,-0.244868,0.0356665,0.0107326,-1.80517,-0.272764,-0.141074,-0.520147,0.301206,0.242756,-0.562744,0.0429564,-0.0180049,-0.187215,0.0555177,0.103537,-0.411056,-0.00808012,0.0794673,-0.473816,-0.344684,-0.232456,-1.70909,-0.2297,-0.20482,-0.523974,-0.0838804,0.130672,-0.244868,0.141343,0.13701,-1.80517,0.987539,0.95995,-0.520147,-0.439869,-0.316051,-0.562744,-0.260889,-0.247719,-0.187215,-0.509191,-0.439114,-0.823461,0.42653,0.414623,-0.473816,-0.205478,-0.0244008,-1.70909,-0.294333,-0.394274,-0.523974,0.925339,0.638166,-0.244868,0.0759176,0.0119429,-1.80517,-0.22094,-0.0522962,-0.520147,0.170306,0.226808,-0.562744,-0.133606,-0.103683,-0.187215,-0.00565392,0.057549,-0.823461,-0.653139,-0.515254,-0.411056,-0.0990405,-0.0197835,-1.70909,-0.508152,-0.418683,-0.523974,-0.186004,-0.0343884,-0.244868,-0.0525528,-0.0746009,-1.80517,0.495596,0.940966,-0.520147,-0.401583,-0.367753,-0.562744,-0.83017,-0.753262,-0.187215,-0.61688,-0.493367,-0.823461,-1.39459,-1.08848,-0.411056,-0.828412,-0.516536,-0.473816,-1.24617,-1.01222,-0.523974,0.613697,0.855597,-0.244868,-0.027263,-0.0181579,-1.80517,-0.389493,-0.40088,-0.520147,0.226735,0.211343,-0.562744,0.119458,0.151052,-0.187215,0.246396,0.204629,-0.823461,0.104462,0.170686,-0.411056,0.185373,0.166127,-0.473816,0.154061,-0.0204664,-1.70909,0.144883,0.228058
-1.74611,-0.16847,-0.0475081,-0.494125,0.018118,-0.0165773,-0.519575,-0.110686,-0.0184513,-0.175778,0.0478182,0.000381838,-0.799261,0.0112237,-0.013226,-0.374394,0.0430213,-0.00395097,-0.442991,0.00123529,-0.0244446,-1.63355,0.0168429,-0.0309232,-0.502921,-0.0984728,-0.0439627,-0.229538,-0.0586913,-0.0882615,-0.494125,0.950605,0.915476,-0.519575,0.648019,0.540889,-0.175778,1.05064,0.904845,-0.799261,-0.739186,-0.562236,-0.374394,0.830381,0.72665,-0.442991,0.225019,-0.113658,-1.63355,0.546241,0.74148,-0.502921,-1.76767,-1.25878,-0.229538,-0.0565082,-0.0102534,-1.74611,0.33901,0.417687,-0.519575,-0.172842,-0.166653,-0.175778,-0.214787,-0.220842,-0.799261,0.444114,0.425527,-0.374394,-0.125092,-0.157694,-0.442991,0.150708,0.145543,-1.63355,-0.116943,-0.139982,-0.502921,0.373921,0.274372,-0.229538,0.0294723,-0.0162337,-1.74611,0.536917,0.850023,-0.494125,-0.665172,-0.543671,-0.175778,-0.419861,-0.464207,-0.799261,-0.312515,-0.163459,-0.374394,-0.544485,-0.412517,-0.442991,-0.414651,-0.355938,-1.63355,-0.931003,-0.898272,-0.502921,0.706932,0.652566,-0.229538,0.0252263,0.0261043,-1.74611,0.339169,0.32271,-0.494125,-0.18493,-0.154632,-0.519575,-0.124459,-0.096406,-0.799261,0.162363,0.136703,-0.374394,-0.153076,-0.140343,-0.442991,-0.0335612,0.0206333,-1.63355,-0.0924271,-0.126199,-0.502921,0.329826,0.209042,-0.229538,0.0421215,0.010257,-1.74611,-0.263292,-0.136358,-0.494125,0.303259,0.230393,-0.519575,0.0531083,-0.016244,-0.175778,0.0554334,0.097406,-0.374394,-0.0327071,0.0735656,-0.442991,-0.29289,-0.217727,-1.63355,-0.197145,-0.19547,-0.502921,-0.0787289,0.125671,-0.229538,0.143456,0.131689,-1.74611,0.961552,0.930617,-0.494125,-0.439531,-0.296641,-0.519575,-0.25627,-0.222909,-0.175778,-0.48129,-0.408491,-0.799261,0.476093,0.404224,-0.442991,-0.155304,-0.0191916,-1.63355,-0.290996,-0.37395,-0.502921,0.892199,0.615345,-0.229538,0.0792981,0.0125324,-1.74611,-0.202959,-0.0499235,-0.494125,0.146317,0.216139,-0.519575,-0.133676,-0.0936376,-0.175778,0.00390422,0.0552762,-0.799261,-0.639511,-0.499579,-0.374394,-0.132528,-0.0166373,-1.63355,-0.48308,-0.398994,-0.502921,-0.180452,-0.0322224,-0.229538,-0.0295975,-0.0711217,-1.74611,0.474562,0.909553,-0.494125,-0.408352,-0.349954,-0.519575,-0.777584,-0.694277,-0.175778,-0.548116,-0.464501,-0.799261,-1.31437,-1.05733,-0.374394,-0.841476,-0.478109,-0.442991,-1.10697,-0.950587,-0.502921,0.601093,0.820941,-0.229538,-0.0256375,-0.0162211,-1.74611,-0.365104,-0.387494,-0.494125,0.21723,0.200937,-0.519575,0.105692,0.139662,-0.175778,0.23904,0.192678,-0.799261,0.0615805,0.165991,-0.374394,0.163792,0.153968,-0.442991,0.104811,-0.0185556,-1.63355,0.135869,0.218292
-1.68704,-0.171455,-0.0466013,-0.468103,0.0186572,-0.0167951,-0.476407,-0.110379,-0.0186375,-0.16434,0.0434704,-0.000990074,-0.775061,-0.00619375,-0.0134473,-0.337733,0.0300481,-0.00535619,-0.412166,-0.0195514,-0.0241869,-1.558,0.0181593,-0.0304373,-0.481869,-0.109474,-0.0430029,-0.214208,-0.066319,-0.0811534,-0.468103,0.916578,0.866003,-0.476407,0.610657,0.494071,-0.16434,1.00503,0.846157,-0.775061,-0.826652,-0.545033,-0.337733,0.753834,0.665932,-0.412166,0.143096,-0.105526,-1.558,0.540243,0.707089,-0.481869,-1.70569,-1.20678,-0.214208,-0.0505974,-0.0107584,-1.68704,0.31356,0.403051,-0.476407,-0.146961,-0.153502,-0.16434,-0.199239,-0.207503,-0.775061,0.451735,0.412187,-0.337733,-0.104931,-0.145808,-0.412166,0.136593,0.134725,-1.558,-0.132925,-0.134217,-0.481869,0.36366,0.262411,-0.214208,0.0406484,-0.0171561,-1.68704,0.516444,0.820442,-0.468103,-0.655128,-0.515583,-0.16434,-0.359707,-0.435696,-0.775061,-0.268191,-0.159401,-0.337733,-0.52138,-0.38007,-0.412166,-0.351668,-0.334185,-1.558,-0.911959,-0.85747,-0.481869,0.696564,0.624609,-0.214208,0.0250558,0.0241069,-1.68704,0.330604,0.31181,-0.468103,-0.179717,-0.146257,-0.476407,-0.1184,-0.0880248,-0.775061,0.176377,0.132549,-0.337733,-0.13823,-0.128571,-0.412166,-0.0185854,0.0191866,-1.558,-0.0893781,-0.120329,-0.481869,0.321187,0.200419,-0.214208,0.0447346,0.00978145,-1.68704,-0.250541,-0.131641,-0.468103,0.305312,0.21803,-0.476407,0.0609021,-0.0144832,-0.16434,0.0555009,0.0912747,-0.337733,-0.0500935,0.0676639,-0.412166,-0.241136,-0.202998,-1.558,-0.164659,-0.18612,-0.481869,-0.0735775,0.120669,-0.214208,0.146331,0.126367,-1.68704,0.935066,0.901284,-0.468103,-0.439193,-0.277231,-0.476407,-0.246091,-0.1981,-0.16434,-0.451507,-0.377868,-0.775061,0.524804,0.393825,-0.412166,-0.10508,-0.0139824,-1.558,-0.288115,-0.353626,-0.481869,0.859058,0.592525,-0.214208,0.0788229,0.0131219,-1.68704,-0.18045,-0.0475508,-0.468103,0.122328,0.20547,-0.476407,-0.132503,-0.0835919,-0.16434,0.0109488,0.0530034,-0.775061,-0.625167,-0.483904,-0.337733,-0.155202,-0.0134911,-1.558,-0.457743,-0.379305,-0.481869,-0.174901,-0.0300564,-0.214208,-0.00765228,-0.0676425,-1.68704,0.463813,0.87814,-0.468103,-0.415122,-0.332155,-0.476407,-0.719538,-0.635293,-0.16434,-0.485698,-0.435635,-0.775061,-1.23365,-1.02618,-0.337733,-0.839928,-0.439683,-0.412166,-0.96807,-0.888952,-0.481869,0.588489,0.786286,-0.214208,-0.0207967,-0.0142844,-1.68704,-0.340616,-0.374109,-0.468103,0.207724,0.19053,-0.476407,0.0923426,0.128273,-0.16434,0.229636,0.180728,-0.775061,0.0197317,0.161295,-0.337733,0.145218,0.141809,-0.412166,0.0557242,-0.0166448,-1.558,0.127291,0.208525
-1.62798,-0.173291,-0.0456946,-0.442081,0.0182078,-0.0170128,-0.433239,-0.108501,-0.0188238,-0.152903,0.03903,-0.00236199,-0.750861,-0.0228924,-0.0136686,-0.301072,0.0172089,-0.00676142,-0.381342,-0.0398809,-0.0239291,-1.48245,0.0196831,-0.0299514,-0.460816,-0.120476,-0.042043,-0.198878,-0.0726353,-0.0740454,-0.442081,0.881504,0.816531,-0.433239,0.566375,0.447253,-0.152903,0.958658,0.78747,-0.750861,-0.908058,-0.527829,-0.301072,0.681948,0.605215,-0.381342,0.0652849,-0.0973944,-1.48245,0.540589,0.672698,-0.460816,-1.64371,-1.15478,-0.198878,-0.0400521,-0.0112633,-1.62798,0.28844,0.388415,-0.433239,-0.12183,-0.14035,-0.152903,-0.183538,-0.194164,-0.750861,0.45758,0.398847,-0.301072,-0.0895022,-0.133922,-0.381342,0.121658,0.123908,-1.48245,-0.149494,-0.128452,-0.460816,0.353399,0.25045,-0.198878,0.0483219,-0.0180785,-1.62798,0.498656,0.790862,-0.442081,-0.640245,-0.487495,-0.152903,-0.300308,-0.407184,-0.750861,-0.223826,-0.155343,-0.301072,-0.497089,-0.347622,-0.381342,-0.292504,-0.312432,-1.48245,-0.892697,-0.816669,-0.460816,0.686197,0.596652,-0.198878,0.0241014,0.0221095,-1.62798,0.321916,0.30091,-0.442081,-0.173838,-0.137883,-0.433239,-0.110391,-0.0796436,-0.750861,0.189546,0.128396,-0.301072,-0.123944,-0.116798,-0.381342,-0.00426254,0.0177399,-1.48245,-0.0872591,-0.11446,-0.460816,0.312549,0.191796,-0.198878,0.0423547,0.00930588,-1.62798,-0.236614,-0.126924,-0.442081,0.305725,0.205667,-0.433239,0.0673605,-0.0127224,-0.152903,0.0555701,0.0851433,-0.301072,-0.0629223,0.0617622,-0.381342,-0.190957,-0.188269,-1.48245,-0.132703,-0.17677,-0.460816,-0.068426,0.115668,-0.198878,0.149175,0.121045,-1.62798,0.908427,0.87195,-0.442081,-0.435175,-0.257821,-0.433239,-0.232684,-0.17329,-0.152903,-0.421523,-0.347246,-0.750861,0.570527,0.383425,-0.381342,-0.0569635,-0.00877322,-1.48245,-0.288479,-0.333302,-0.460816,0.825918,0.569704,-0.198878,0.0736979,0.0137115,-1.62798,-0.156302,-0.0451781,-0.442081,0.100993,0.1948,-0.433239,-0.130574,-0.0735463,-0.152903,0.0177326,0.0507306,-0.750861,-0.609151,-0.468229,-0.301072,-0.171028,-0.0103449,-1.48245,-0.430448,-0.359616,-0.460816,-0.16935,-0.0278904,-0.198878,0.0125454,-0.0641633,-1.62798,0.456936,0.846728,-0.442081,-0.416614,-0.314356,-0.433239,-0.658413,-0.576308,-0.152903,-0.424013,-0.40677,-0.750861,-1.15256,-0.995031,-0.301072,-0.829073,-0.401257,-0.381342,-0.835042,-0.827318,-0.460816,0.575885,0.75163,-0.198878,-0.0108905,-0.0123476,-1.62798,-0.316118,-0.360723,-0.442081,0.197796,0.180123,-0.433239,0.0792048,0.116884,-0.152903,0.220032,0.168777,-0.750861,-0.0189102,0.1566,-0.301072,0.128543,0.12965,-0.381342,0.0102441,-0.014734,-1.48245,0.121844,0.198759
-1.56891,-0.175126,-0.0447878,-0.416059,0.0168406,-0.0172306,-0.39007,-0.104269,-0.01901,-0.141466,0.0332601,-0.0037339,-0.726662,-0.0389358,-0.0138898,-0.264411,0.00471933,-0.00816664,-0.350517,-0.0583706,-0.0236714,-1.40691,0.0209922,-0.0294654,-0.439764,-0.128731,-0.0410831,-0.183548,-0.0752048,-0.0669373,-0.416059,0.845452,0.767058,-0.39007,0.511894,0.400435,-0.141466,0.901312,0.728782,-0.726662,-0.984378,-0.510626,-0.264411,0.617532,0.544498,-0.350517,0.00122731,-0.0892627,-1.40691,0.544798,0.638307,-0.439764,-1.56843,-1.10277,-0.183548,-0.0261045,-0.0117683,-1.56891,0.26332,0.373779,-0.39007,-0.0980873,-0.127198,-0.141466,-0.165654,-0.180824,-0.726662,0.461938,0.385507,-0.264411,-0.0816806,-0.122037,-0.350517,0.10477,0.11309,-1.40691,-0.166332,-0.122688,-0.439764,0.341483,0.23849,-0.183548,0.0511424,-0.0190009,-1.56891,0.480869,0.761281,-0.416059,-0.620839,-0.459406,-0.141466,-0.251748,-0.378672,-0.726662,-0.179652,-0.151285,-0.264411,-0.470724,-0.315175,-0.350517,-0.244089,-0.290679,-1.40691,-0.873039,-0.775867,-0.439764,0.673651,0.568695,-0.183548,0.0220232,0.0201121,-1.56891,0.313228,0.29001,-0.416059,-0.167342,-0.129508,-0.39007,-0.0995015,-0.0712625,-0.726662,0.202004,0.124242,-0.264411,-0.110567,-0.105025,-0.350517,0.00778338,0.0162932,-1.40691,-0.0858794,-0.10859,-0.439764,0.300617,0.183172,-0.183548,0.0352586,0.00883031,-1.56891,-0.222687,-0.122207,-0.416059,0.304594,0.193304,-0.39007,0.0718147,-0.0109615,-0.141466,0.0556655,0.079012,-0.264411,-0.0683257,0.0558605,-0.350517,-0.14557,-0.17354,-1.40691,-0.101254,-0.16742,-0.439764,-0.0595273,0.110666,-0.183548,0.150889,0.115724,-1.56891,0.881789,0.842617,-0.416059,-0.427723,-0.238411,-0.39007,-0.214418,-0.14848,-0.141466,-0.388659,-0.316623,-0.726662,0.613676,0.373026,-0.350517,-0.0159903,-0.00356403,-1.40691,-0.290483,-0.312977,-0.439764,0.785557,0.546883,-0.183548,0.0645571,0.014301,-1.56891,-0.132155,-0.0428053,-0.416059,0.0821424,0.184131,-0.39007,-0.127391,-0.0635006,-0.141466,0.020775,0.0484578,-0.726662,-0.591908,-0.452554,-0.264411,-0.175611,-0.00719869,-1.40691,-0.401698,-0.339927,-0.439764,-0.160917,-0.0257243,-0.183548,0.0296596,-0.0606841,-1.56891,0.45006,0.815315,-0.416059,-0.413164,-0.296557,-0.39007,-0.592836,-0.517323,-0.141466,-0.372864,-0.377904,-0.726662,-1.07151,-0.963882,-0.264411,-0.802766,-0.36283,-0.350517,-0.718797,-0.765683,-0.439764,0.566772,0.716975,-0.183548,0.00413943,-0.0104108,-1.56891,-0.29162,-0.347338,-0.416059,0.187479,0.169717,-0.39007,0.0663468,0.105494,-0.141466,0.207574,0.156826,-0.726662,-0.0548934,0.151905,-0.264411,0.114976,0.117491,-0.350517,-0.0247465,-0.0128232,-1.40691,0.11826,0.188993
-1.50985,-0.174883,-0.043881,-0.390037,0.0136977,-0.0174483,-0.346902,-0.098433,-0.0191962,-0.130029,0.0274903,-0.00510581,-0.702462,-0.0549793,-0.0141111,-0.227749,-0.00762904,-0.00957186,-0.319692,-0.0750694,-0.0234137,-1.33136,0.0217657,-0.0289795,-0.418711,-0.134161,-0.0401233,-0.168218,-0.0745844,-0.0598292,-0.390037,0.807324,0.717585,-0.346902,0.450651,0.353618,-0.130029,0.843965,0.670095,-0.702462,-1.0607,-0.493423,-0.227749,0.555384,0.48378,-0.319692,-0.0507376,-0.081131,-1.33136,0.552553,0.603916,-0.418711,-1.47946,-1.05077,-0.168218,-0.011188,-0.0122732,-1.50985,0.239308,0.359143,-0.346902,-0.0756051,-0.114047,-0.130029,-0.147769,-0.167485,-0.702462,0.466296,0.372167,-0.227749,-0.0761752,-0.110151,-0.319692,0.0866052,0.102273,-1.33136,-0.183326,-0.116923,-0.418711,0.327863,0.226529,-0.168218,0.0505834,-0.0199233,-1.50985,0.467271,0.7317,-0.390037,-0.591427,-0.431318,-0.130029,-0.203187,-0.350161,-0.702462,-0.135477,-0.147228,-0.227749,-0.443685,-0.282727,-0.319692,-0.203997,-0.268927,-1.33136,-0.852756,-0.735065,-0.418711,0.658865,0.540739,-0.168218,0.0192284,0.0181147,-1.50985,0.304272,0.27911,-0.390037,-0.159612,-0.121133,-0.346902,-0.0866942,-0.0628813,-0.702462,0.214461,0.120089,-0.227749,-0.0974695,-0.0932522,-0.319692,0.0177755,0.0148464,-1.33136,-0.0853498,-0.102721,-0.418711,0.285297,0.174549,-0.168218,0.0258833,0.00835475,-1.50985,-0.207418,-0.117491,-0.390037,0.299649,0.180941,-0.346902,0.0748966,-0.0092007,-0.130029,0.055761,0.0728806,-0.227749,-0.0714433,0.0499588,-0.319692,-0.10413,-0.158812,-1.33136,-0.0704546,-0.158069,-0.418711,-0.0467736,0.105665,-0.168218,0.151415,0.110402,-1.50985,0.855186,0.813284,-0.390037,-0.412946,-0.219001,-0.346902,-0.192809,-0.12367,-0.130029,-0.355795,-0.286,-0.702462,0.656825,0.362627,-0.319692,0.0186485,0.00164517,-1.33136,-0.293662,-0.292653,-0.418711,0.737769,0.524062,-0.168218,0.0536905,0.0148905,-1.50985,-0.10603,-0.0404326,-0.390037,0.068894,0.173462,-0.346902,-0.123209,-0.053455,-0.130029,0.0238174,0.046185,-0.702462,-0.574666,-0.436879,-0.227749,-0.176711,-0.00405248,-1.33136,-0.371349,-0.320238,-0.418711,-0.149521,-0.0235583,-0.168218,0.0440613,-0.0572049,-1.50985,0.44904,0.783902,-0.390037,-0.398515,-0.278758,-0.346902,-0.52441,-0.458338,-0.130029,-0.321714,-0.349039,-0.702462,-0.990458,-0.932733,-0.227749,-0.771626,-0.324404,-0.319692,-0.615719,-0.704049,-0.418711,0.56125,0.682319,-0.168218,0.0215968,-0.00847404,-1.50985,-0.267305,-0.333952,-0.390037,0.17652,0.15931,-0.346902,0.0536361,0.0941048,-0.130029,0.195116,0.144876,-0.702462,-0.0908767,0.147209,-0.227749,0.102367,0.105332,-0.319692,-0.0513942,-0.0109125,-1.33136,0.116337,0.179227
-1.45079,-0.173575,-0.0429743,-0.364015,0.0102872,-0.017666,-0.303734,-0.0914557,-0.0193825,-0.118592,0.0214033,-0.00647772,-0.678262,-0.0703019,-0.0143324,-0.191088,-0.0194856,-0.0109771,-0.288867,-0.088415,-0.0231559,-1.25582,0.0209712,-0.0284936,-0.397658,-0.139591,-0.0391634,-0.152888,-0.0677954,-0.0527212,-0.364015,0.76887,0.668112,-0.303734,0.384806,0.3068,-0.118592,0.784098,0.611407,-0.678262,-1.13198,-0.476219,-0.191088,0.498912,0.423063,-0.288867,-0.0807273,-0.0729992,-1.25582,0.565006,0.569525,-0.397658,-1.39048,-0.998769,-0.152888,0.00290307,-0.0127782,-1.45079,0.216092,0.344507,-0.303734,-0.0543493,-0.100895,-0.118592,-0.129551,-0.154145,-0.678262,0.469184,0.358828,-0.191088,-0.0764981,-0.0982648,-0.288867,0.0663702,0.0914551,-1.25582,-0.2003,-0.111158,-0.397658,0.314244,0.214569,-0.152888,0.0445194,-0.0208457,-1.45079,0.455517,0.702119,-0.364015,-0.560417,-0.40323,-0.118592,-0.157531,-0.321649,-0.678262,-0.0918005,-0.14317,-0.191088,-0.414777,-0.25028,-0.288867,-0.178384,-0.247174,-1.25582,-0.830979,-0.694263,-0.397658,0.644079,0.512782,-0.152888,0.0153865,0.0161173,-1.45079,0.295158,0.26821,-0.364015,-0.151693,-0.112759,-0.303734,-0.0725739,-0.0545001,-0.678262,0.226208,0.115936,-0.191088,-0.0850851,-0.0814794,-0.288867,0.024006,0.0133997,-1.25582,-0.0863809,-0.0968514,-0.397658,0.269976,0.165926,-0.152888,0.0145204,0.00787918,-1.45079,-0.191816,-0.112774,-0.364015,0.294071,0.168577,-0.303734,0.0769974,-0.00743986,-0.118592,0.0557991,0.0667493,-0.191088,-0.0687105,0.0440571,-0.288867,-0.0697142,-0.144083,-1.25582,-0.0409804,-0.148719,-0.397658,-0.0340199,0.100664,-0.152888,0.149324,0.10508,-1.45079,0.828742,0.783951,-0.364015,-0.397017,-0.199591,-0.303734,-0.168793,-0.0988599,-0.118592,-0.322247,-0.255377,-0.678262,0.69733,0.352228,-0.288867,0.0417457,0.00685437,-1.25582,-0.297551,-0.272329,-0.397658,0.68998,0.501241,-0.152888,0.0418462,0.01548,-1.45079,-0.0793373,-0.0380599,-0.364015,0.0565461,0.162792,-0.303734,-0.118166,-0.0434093,-0.118592,0.0260131,0.0439122,-0.678262,-0.556451,-0.421204,-0.191088,-0.168814,-0.000906269,-1.25582,-0.338218,-0.300549,-0.397658,-0.138124,-0.0213923,-0.152888,0.0530538,-0.0537257,-1.45079,0.450502,0.75249,-0.364015,-0.382062,-0.260959,-0.303734,-0.454159,-0.399353,-0.118592,-0.27333,-0.320173,-0.678262,-0.909929,-0.901584,-0.191088,-0.72783,-0.285978,-0.288867,-0.535665,-0.642414,-0.397658,0.555728,0.647664,-0.152888,0.0410299,-0.00653727,-1.45079,-0.243175,-0.320567,-0.364015,0.165472,0.148903,-0.303734,0.0409842,0.0827154,-0.118592,0.182073,0.132925,-0.678262,-0.12427,0.142514,-0.191088,0.0922252,0.0931726,-0.288867,-0.0633803,-0.00900167,-1.25582,0.1165,0.169461
-1.39172,-0.171243,-0.0420675,-0.337993,0.00496381,-0.0178838,-0.260565,-0.0837053,-0.0195687,-0.107155,0.0145947,-0.00784963,-0.654062,-0.0840222,-0.0145536,-0.154427,-0.0309511,-0.0123823,-0.258042,-0.0978382,-0.0228982,-1.18027,0.0201767,-0.0280077,-0.376606,-0.145021,-0.0382035,-0.137558,-0.0543411,-0.0456131,-0.337993,0.728043,0.61864,-0.260565,0.316073,0.259982,-0.107155,0.718592,0.55272,-0.654062,-1.19204,-0.459016,-0.154427,0.445449,0.362346,-0.258042,-0.0856391,-0.0648675,-1.18027,0.577458,0.535134,-0.376606,-1.30151,-0.946767,-0.137558,0.0140035,-0.0132831,-1.39172,0.193855,0.329871,-0.260565,-0.0342924,-0.0877436,-0.107155,-0.110762,-0.140806,-0.654062,0.468801,0.345488,-0.154427,-0.0799371,-0.0863789,-0.258042,0.0439872,0.0806376,-1.18027,-0.217274,-0.105393,-0.376606,0.300624,0.202608,-0.137558,0.033308,-0.0217681,-1.39172,0.445264,0.672538,-0.337993,-0.5177,-0.375141,-0.107155,-0.118806,-0.293138,-0.654062,-0.0492295,-0.139112,-0.154427,-0.384711,-0.217833,-0.258042,-0.168767,-0.225421,-1.18027,-0.809203,-0.653461,-0.376606,0.629294,0.484825,-0.137558,0.0106761,0.0141199,-1.39172,0.285873,0.25731,-0.337993,-0.142418,-0.104384,-0.260565,-0.0576197,-0.046119,-0.654062,0.236373,0.111782,-0.154427,-0.0730913,-0.0697066,-0.258042,0.0259184,0.011953,-1.18027,-0.087412,-0.0909819,-0.376606,0.254656,0.157303,-0.137558,0.00289079,0.00740362,-1.39172,-0.176218,-0.108057,-0.337993,0.283769,0.156214,-0.260565,0.0784273,-0.00567902,-0.107155,0.0556425,0.0606179,-0.154427,-0.0627576,0.0381554,-0.258042,-0.0432016,-0.129354,-1.18027,-0.0115062,-0.139369,-0.376606,-0.0212661,0.0956622,-0.137558,0.144157,0.0997587,-1.39172,0.80258,0.754617,-0.337993,-0.372692,-0.180181,-0.260565,-0.143113,-0.07405,-0.107155,-0.287145,-0.224755,-0.654062,0.731959,0.341829,-0.258042,0.0516424,0.0120636,-1.18027,-0.30144,-0.252005,-0.376606,0.642192,0.47842,-0.137558,0.0307803,0.0160696,-1.39172,-0.0525049,-0.0356872,-0.337993,0.0508226,0.152123,-0.260565,-0.112371,-0.0333637,-0.107155,0.0263289,0.0416394,-0.654062,-0.536074,-0.405529,-0.154427,-0.155886,0.00223994,-1.18027,-0.305087,-0.28086,-0.376606,-0.126727,-0.0192263,-0.137558,0.0560743,-0.0502465,-1.39172,0.453879,0.721077,-0.337993,-0.352332,-0.24316,-0.260565,-0.382893,-0.340368,-0.107155,-0.231494,-0.291307,-0.654062,-0.830558,-0.870435,-0.154427,-0.676798,-0.247552,-0.258042,-0.481141,-0.58078,-0.376606,0.550207,0.613008,-0.137558,0.0604843,-0.00460049,-1.39172,-0.219307,-0.307181,-0.337993,0.153813,0.138497,-0.260565,0.0283208,0.071326,-0.107155,0.167793,0.120974,-0.654062,-0.151903,0.137818,-0.154427,0.0834509,0.0810135,-0.258042,-0.0590427,-0.00709089,-1.18027,0.116663,0.159694
-1.33266,-0.167996,-0.0411607,-0.311971,-0.00134185,-0.0181015,-0.217397,-0.0754776,-0.019755,-0.0957182,0.0073724,-0.00922155,-0.629862,-0.0977424,-0.0147749,-0.117765,-0.0415849,-0.0137875,-0.227217,-0.10247,-0.0226404,-1.10472,0.0185717,-0.0275218,-0.355553,-0.149296,-0.0372437,-0.122228,-0.032439,-0.038505,-0.311971,0.685942,0.569167,-0.217397,0.246005,0.213164,-0.0957182,0.650109,0.494033,-0.629862,-1.25211,-0.441812,-0.117765,0.395554,0.301628,-0.227217,-0.0656978,-0.0567357,-1.10472,0.591186,0.500744,-0.355553,-1.20946,-0.894765,-0.122228,0.0195841,-0.0137881,-1.33266,0.172851,0.315235,-0.217397,-0.0156946,-0.074592,-0.0957182,-0.0921463,-0.127466,-0.629862,0.468419,0.332148,-0.117765,-0.0871454,-0.0744931,-0.227217,0.0200713,0.0698201,-1.10472,-0.234141,-0.0996282,-0.355553,0.285829,0.190647,-0.122228,0.0162327,-0.0226905,-1.33266,0.435881,0.642957,-0.311971,-0.468653,-0.347053,-0.0957182,-0.0849036,-0.264626,-0.629862,-0.00665855,-0.135054,-0.117765,-0.352797,-0.185385,-0.227217,-0.174569,-0.203668,-1.10472,-0.786724,-0.612659,-0.355553,0.612468,0.456868,-0.122228,0.00508185,0.0121225,-1.33266,0.276402,0.24641,-0.311971,-0.132433,-0.0960093,-0.217397,-0.04226,-0.0377378,-0.629862,0.246539,0.107629,-0.117765,-0.0615957,-0.0579338,-0.227217,0.0234607,0.0105063,-1.10472,-0.0890617,-0.0851124,-0.355553,0.238539,0.14868,-0.122228,-0.00752674,0.00692805,-1.33266,-0.161179,-0.10334,-0.311971,0.270824,0.143851,-0.217397,0.0794311,-0.00391819,-0.0957182,0.0552049,0.0544865,-0.117765,-0.0526505,0.0322536,-0.227217,-0.0250789,-0.114625,-1.10472,0.0173996,-0.130019,-0.355553,-0.00779672,0.0906608,-0.122228,0.134885,0.094437,-1.33266,0.776889,0.725284,-0.311971,-0.343879,-0.160771,-0.217397,-0.116339,-0.0492401,-0.0957182,-0.251161,-0.194132,-0.629862,0.766588,0.33143,-0.227217,0.0481878,0.0172728,-1.10472,-0.305144,-0.23168,-0.355553,0.593128,0.455599,-0.122228,0.022213,0.0166591,-1.33266,-0.026244,-0.0333145,-0.311971,0.0487071,0.141454,-0.217397,-0.105783,-0.023318,-0.0957182,0.0256886,0.0393666,-0.629862,-0.515696,-0.389855,-0.117765,-0.136257,0.00538615,-1.10472,-0.270903,-0.261171,-0.355553,-0.114658,-0.0170603,-0.122228,0.051421,-0.0467673,-1.33266,0.458159,0.689664,-0.311971,-0.315378,-0.225361,-0.217397,-0.311433,-0.281383,-0.0957182,-0.194087,-0.262442,-0.629862,-0.751186,-0.839285,-0.117765,-0.615705,-0.209125,-0.227217,-0.451373,-0.519146,-0.355553,0.543696,0.578353,-0.122228,0.0782241,-0.00266372,-1.33266,-0.195816,-0.293796,-0.311971,0.141873,0.12809,-0.217397,0.0155504,0.0599366,-0.0957182,0.153057,0.109023,-0.629862,-0.179536,0.133123,-0.117765,0.0764696,0.0688545,-0.227217,-0.0386104,-0.0051801,-1.10472,0.117339,0.149928
-1.2736,-0.164142,-0.0402539,-0.285949,-0.00902371,-0.0183193,-0.174229,-0.0674381,-0.0199412,-0.0842812,-0.00012059,-0.0105935,-0.605662,-0.109712,-0.0149962,-0.0811042,-0.051414,-0.0151928,-0.196393,-0.102856,-0.0223827,-1.02918,0.0148375,-0.0270358,-0.334501,-0.149238,-0.0362838,-0.106898,-0.00181285,-0.031397,-0.285949,0.641977,0.519694,-0.174229,0.178365,0.166347,-0.0842812,0.579796,0.435345,-0.605662,-1.30071,-0.424609,-0.0811042,0.347887,0.240911,-0.196393,-0.033977,-0.048604,-1.02918,0.607729,0.466353,-0.334501,-1.10618,-0.842763,-0.106898,0.0181735,-0.014293,-1.2736,0.152837,0.3006,-0.174229,0.000423805,-0.0614404,-0.0842812,-0.0738677,-0.114127,-0.605662,0.464698,0.318808,-0.0811042,-0.0967671,-0.0626072,-0.196393,-0.00340776,0.0590026,-1.02918,-0.250682,-0.0938634,-0.334501,0.266569,0.178687,-0.106898,-0.00640538,-0.0236129,-1.2736,0.426852,0.613376,-0.285949,-0.410496,-0.318965,-0.0842812,-0.0545397,-0.236114,-0.605662,0.0342952,-0.130997,-0.0811042,-0.31936,-0.152938,-0.196393,-0.187172,-0.181915,-1.02918,-0.762431,-0.571857,-0.334501,0.587867,0.428911,-0.106898,-0.00126341,0.0101251,-1.2736,0.266793,0.23551,-0.285949,-0.121438,-0.0876347,-0.174229,-0.0275238,-0.0293567,-0.605662,0.255081,0.103475,-0.0811042,-0.0504388,-0.046161,-0.196393,0.0187491,0.00905964,-1.02918,-0.0922497,-0.0792428,-0.334501,0.219507,0.140057,-0.106898,-0.0155354,0.00645249,-1.2736,-0.146774,-0.0986235,-0.285949,0.253975,0.131488,-0.174229,0.0805519,-0.00215735,-0.0842812,0.0545073,0.0483552,-0.0811042,-0.0396874,0.0263519,-0.196393,-0.0123064,-0.0998957,-1.02918,0.044866,-0.120669,-0.334501,0.00825785,0.0856594,-0.106898,0.121222,0.0891154,-1.2736,0.751614,0.695951,-0.285949,-0.308621,-0.141361,-0.174229,-0.0897155,-0.0244302,-0.0842812,-0.214602,-0.163509,-0.605662,0.795062,0.321031,-0.196393,0.0378192,0.022482,-1.02918,-0.308106,-0.211356,-0.334501,0.539481,0.432778,-0.106898,0.0173545,0.0172486,-1.2736,-0.000691767,-0.0309417,-0.285949,0.0518219,0.130784,-0.174229,-0.0981091,-0.0132723,-0.0842812,0.024478,0.0370938,-0.605662,-0.493491,-0.37418,-0.0811042,-0.111871,0.00853236,-1.02918,-0.23413,-0.241482,-0.334501,-0.100132,-0.0148943,-0.106898,0.0387645,-0.0432881,-1.2736,0.462654,0.658252,-0.285949,-0.268028,-0.207562,-0.174229,-0.24189,-0.222398,-0.0842812,-0.159879,-0.233576,-0.605662,-0.673759,-0.808136,-0.0811042,-0.547174,-0.170699,-0.196393,-0.432769,-0.457511,-0.334501,0.533192,0.543697,-0.106898,0.0928931,-0.000726949,-1.2736,-0.172644,-0.28041,-0.285949,0.129571,0.117683,-0.174229,0.00239721,0.0485473,-0.0842812,0.138138,0.0970728,-0.605662,-0.201351,0.128427,-0.0811042,0.070741,0.0566954,-0.196393,-0.0103677,-0.00326931,-1.02918,0.119103,0.140162
-1.21453,-0.159444,-0.0393472,-0.259927,-0.0176634,-0.018537,-0.13106,-0.0593985,-0.0201274,-0.0728442,-0.00769507,-0.0119654,-0.581462,-0.12078,-0.0152175,-0.0444429,-0.0612431,-0.016598,-0.165568,-0.0981935,-0.022125,-0.953629,0.0093027,-0.0265499,-0.313448,-0.144559,-0.0353239,-0.0915681,0.0390803,-0.0242889,-0.259927,0.595977,0.470221,-0.13106,0.110725,0.119529,-0.0728442,0.509015,0.376658,-0.581462,-1.34341,-0.407406,-0.0444429,0.30022,0.180194,-0.165568,-8.10985e-05,-0.0404723,-0.953629,0.625422,0.431962,-0.313448,-0.993562,-0.790761,-0.0915681,0.00748509,-0.014798,-1.21453,0.134613,0.285964,-0.13106,0.0165422,-0.0482888,-0.0728442,-0.0558535,-0.100788,-0.581462,0.45926,0.305468,-0.0444429,-0.106389,-0.0507213,-0.165568,-0.0242979,0.0481851,-0.953629,-0.266843,-0.0880985,-0.313448,0.242045,0.166726,-0.0915681,-0.0351903,-0.0245353,-1.21453,0.417778,0.583795,-0.259927,-0.344519,-0.290876,-0.0728442,-0.025518,-0.207603,-0.581462,0.0744165,-0.126939,-0.0444429,-0.285923,-0.12049,-0.165568,-0.199955,-0.160162,-0.953629,-0.736676,-0.531055,-0.313448,0.553796,0.400954,-0.0915681,-0.00836104,0.00812772,-1.21453,0.256953,0.22461,-0.259927,-0.10955,-0.07926,-0.13106,-0.0127875,-0.0209755,-0.581462,0.262786,0.0993218,-0.0444429,-0.039282,-0.0343882,-0.165568,0.0132268,0.00761293,-0.953629,-0.0965373,-0.0733733,-0.313448,0.19798,0.131434,-0.0915681,-0.0197655,0.00597692,-1.21453,-0.133886,-0.0939067,-0.259927,0.232941,0.119125,-0.13106,0.0816726,-0.000396512,-0.0728442,0.0536762,0.0422238,-0.0444429,-0.0267244,0.0204502,-0.165568,-0.00349812,-0.0851667,-0.953629,0.07124,-0.111319,-0.313448,0.0261694,0.0806579,-0.0915681,0.102261,0.0837937,-1.21453,0.727173,0.666618,-0.259927,-0.267779,-0.121951,-0.13106,-0.0630924,0.000379714,-0.0728442,-0.177874,-0.132887,-0.581462,0.820369,0.310632,-0.165568,0.0249072,0.0276912,-0.953629,-0.309849,-0.191032,-0.313448,0.482791,0.409957,-0.0915681,0.0177785,0.0178381,-1.21453,0.0230762,-0.028569,-0.259927,0.0597868,0.120115,-0.13106,-0.0904356,-0.00322669,-0.0728442,0.0231355,0.034821,-0.581462,-0.470344,-0.358505,-0.0444429,-0.0874839,0.0116786,-0.953629,-0.195579,-0.221792,-0.313448,-0.0835485,-0.0127283,-0.0915681,0.0166279,-0.039809,-1.21453,0.466522,0.626839,-0.259927,-0.212031,-0.189763,-0.13106,-0.172347,-0.163413,-0.0728442,-0.126853,-0.20471,-0.581462,-0.597332,-0.776987,-0.0444429,-0.478643,-0.132273,-0.165568,-0.415027,-0.395877,-0.313448,0.515858,0.509041,-0.0915681,0.102884,0.00120982,-1.21453,-0.150078,-0.267025,-0.259927,0.117318,0.107276,-0.13106,-0.010756,0.0371579,-0.0728442,0.123246,0.0851221,-0.581462,-0.22017,0.123732,-0.0444429,0.0650125,0.0445364,-0.165568,0.019728,-0.00135853,-0.953629,0.121184,0.130396
-1.15547,-0.154352,-0.0384404,-0.233905,-0.0264556,-0.0187547,-0.0878919,-0.0517129,-0.0203137,-0.0614071,-0.0155435,-0.0133373,-0.557263,-0.129891,-0.0154387,-0.00778162,-0.0710583,-0.0180032,-0.134743,-0.0884202,-0.0218672,-0.878082,0.00163408,-0.026064,-0.292395,-0.139497,-0.0343641,-0.0762381,0.0898836,-0.0171809,-0.233905,0.549651,0.420749,-0.0878919,0.0452393,0.072711,-0.0614071,0.436828,0.31797,-0.557263,-1.37377,-0.390202,-0.00778162,0.252567,0.119477,-0.134743,0.023109,-0.0323405,-0.878082,0.64383,0.397571,-0.292395,-0.880195,-0.738759,-0.0762381,-0.0132177,-0.0153029,-1.15547,0.117654,0.271328,-0.0878919,0.0318731,-0.0351372,-0.0614071,-0.0390491,-0.0874481,-0.557263,0.450233,0.292128,-0.00778162,-0.116027,-0.0388354,-0.134743,-0.040312,0.0373676,-0.878082,-0.282501,-0.0823336,-0.292395,0.21708,0.154765,-0.0762381,-0.0695302,-0.0254577,-1.15547,0.408153,0.554214,-0.233905,-0.277296,-0.262788,-0.0614071,-0.00155552,-0.179091,-0.557263,0.112485,-0.122881,-0.00778162,-0.252465,-0.0880431,-0.134743,-0.204298,-0.138409,-0.878082,-0.709229,-0.490253,-0.292395,0.518927,0.372998,-0.0762381,-0.0160584,0.00613033,-1.15547,0.246963,0.21371,-0.233905,-0.0975197,-0.0708854,-0.0878919,0.00136416,-0.0125943,-0.557263,0.268739,0.0951683,-0.00778162,-0.0281281,-0.0226154,-0.134743,0.00892371,0.00616623,-0.878082,-0.102022,-0.0675038,-0.292395,0.176253,0.122811,-0.0762381,-0.0193281,0.00550136,-1.15547,-0.122309,-0.08919,-0.233905,0.21124,0.106762,-0.0878919,0.0830781,0.00136433,-0.0614071,0.0522872,0.0360925,-0.00778162,-0.0137354,0.0145485,-0.134743,0.00391601,-0.0704378,-0.878082,0.0963848,-0.101969,-0.292395,0.0442262,0.0756565,-0.0762381,0.0779013,0.0784721,-1.15547,0.703335,0.637285,-0.233905,-0.226047,-0.102541,-0.0878919,-0.0371087,0.0251896,-0.0614071,-0.140578,-0.102264,-0.557263,0.83896,0.300233,-0.134743,0.015616,0.0329004,-0.878082,-0.309838,-0.170708,-0.292395,0.425866,0.387137,-0.0762381,0.0242106,0.0184277,-1.15547,0.045179,-0.0261963,-0.233905,0.0685242,0.109446,-0.0878919,-0.0824946,0.00681896,-0.0614071,0.0214281,0.0325483,-0.557263,-0.445476,-0.34283,-0.00778162,-0.0630498,0.0148248,-0.878082,-0.155137,-0.202103,-0.292395,-0.0668001,-0.0105622,-0.0762381,-0.0146694,-0.0363298,-1.15547,0.469174,0.595427,-0.233905,-0.154657,-0.171964,-0.0878919,-0.104073,-0.104428,-0.0614071,-0.0982377,-0.175845,-0.557263,-0.523484,-0.745838,-0.00778162,-0.410031,-0.0938463,-0.134743,-0.384615,-0.334242,-0.292395,0.497932,0.474386,-0.0762381,0.107119,0.0031466,-1.15547,-0.128019,-0.253639,-0.233905,0.105073,0.0968697,-0.0878919,-0.0240899,0.0257685,-0.0614071,0.10861,0.0731714,-0.557263,-0.232774,0.119036,-0.00778162,0.0592958,0.0323773,-0.134743,0.0435881,0.000552259,-0.878082,0.123324,0.12063
-1.09641,-0.148655,-0.0375336,-0.207883,-0.035205,-0.0189725,-0.0447236,-0.0454573,-0.0204999,-0.0499701,-0.0234722,-0.0147092,-0.533063,-0.13751,-0.01566,0.0288797,-0.0773358,-0.0194084,-0.103918,-0.0738126,-0.0216095,-0.802535,-0.00825689,-0.0255781,-0.271343,-0.132343,-0.0334042,-0.0609081,0.146094,-0.0100728,-0.207883,0.50245,0.371276,-0.0447236,-0.0119464,0.0258932,-0.0499701,0.364502,0.259283,-0.533063,-1.39474,-0.372999,0.0288797,0.201686,0.0587593,-0.103918,0.0259759,-0.0242088,-0.802535,0.662296,0.36318,-0.271343,-0.763134,-0.686757,-0.0609081,-0.0411313,-0.0158079,-1.09641,0.102638,0.256692,-0.0447236,0.0446418,-0.0219856,-0.0499701,-0.0231294,-0.0741087,-0.533063,0.438472,0.278788,0.0288797,-0.123135,-0.0269495,-0.103918,-0.0499312,0.0265501,-0.802535,-0.297453,-0.0765688,-0.271343,0.189631,0.142805,-0.0609081,-0.106361,-0.0263801,-1.09641,0.397684,0.524633,-0.207883,-0.208535,-0.2347,-0.0499701,0.0200228,-0.150579,-0.533063,0.148982,-0.118823,0.0288797,-0.215141,-0.0555957,-0.103918,-0.193843,-0.116657,-0.802535,-0.679952,-0.449451,-0.271343,0.479534,0.345041,-0.0609081,-0.0238945,0.00413293,-1.09641,0.236739,0.20281,-0.207883,-0.085283,-0.0625107,-0.0447236,0.0132538,-0.00421317,-0.533063,0.273355,0.0910149,0.0288797,-0.0169357,-0.0108426,-0.103918,0.00738521,0.00471953,-0.802535,-0.108635,-0.0616343,-0.271343,0.153522,0.114188,-0.0609081,-0.014437,0.00502579,-1.09641,-0.112747,-0.0844732,-0.207883,0.187831,0.0943986,-0.0447236,0.085634,0.00312516,-0.0499701,0.0505549,0.0299611,0.0288797,-0.00058095,0.00864681,-0.103918,0.0120788,-0.0557088,-0.802535,0.120148,-0.0926191,-0.271343,0.0629416,0.0706551,-0.0609081,0.0496221,0.0731504,-1.09641,0.680426,0.607951,-0.207883,-0.183149,-0.0831314,-0.0447236,-0.0137476,0.0499995,-0.0499701,-0.103124,-0.0716412,-0.533063,0.852432,0.289834,-0.103918,0.0146435,0.0381096,-0.802535,-0.30765,-0.150384,-0.271343,0.367936,0.364316,-0.0609081,0.0353692,0.0190172,-1.09641,0.0647231,-0.0238236,-0.207883,0.0786005,0.0987765,-0.0447236,-0.0737482,0.0168646,-0.0499701,0.0197436,0.0302755,-0.533063,-0.419302,-0.327155,0.0288797,-0.0360808,0.017971,-0.802535,-0.112965,-0.182414,-0.271343,-0.0492349,-0.00839622,-0.0609081,-0.05081,-0.0328506,-1.09641,0.469958,0.564014,-0.207883,-0.0958935,-0.154165,-0.0447236,-0.04054,-0.0454433,-0.0499701,-0.0716284,-0.146979,-0.533063,-0.451612,-0.714689,0.0288797,-0.33321,-0.05542,-0.103918,-0.331521,-0.272608,-0.271343,0.476394,0.43973,-0.0609081,0.105605,0.00508337,-1.09641,-0.10674,-0.240254,-0.207883,0.0932144,0.0864629,-0.0447236,-0.0380579,0.0143791,-0.0499701,0.0943171,0.0612207,-0.533063,-0.240642,0.114341,0.0288797,0.0539534,0.0202182,-0.103918,0.0551427,0.00246304,-0.802535,0.125268,0.110863
-1.03734,-0.142958,-0.0366269,-0.181861,-0.0433887,-0.0191902,-0.00155522,-0.0405131,-0.0206861,-0.038533,-0.031437,-0.0160811,-0.508863,-0.145129,-0.0158813,0.0655409,-0.0825709,-0.0208136,-0.0730934,-0.0525153,-0.0213517,-0.726989,-0.0199296,-0.0250922,-0.25029,-0.121365,-0.0324444,-0.045578,0.201902,-0.00296474,-0.181861,0.454353,0.321803,-0.00155522,-0.062066,-0.0209246,-0.038533,0.292769,0.200595,-0.508863,-1.4157,-0.355796,0.0655409,0.148789,-0.00195804,-0.0730934,-0.0153268,-0.0160771,-0.726989,0.678968,0.328789,-0.25029,-0.639322,-0.634755,-0.045578,-0.0720855,-0.0163128,-1.03734,0.0876214,0.242056,-0.00155522,0.0558406,-0.00883405,-0.038533,-0.0088773,-0.0607693,-0.508863,0.426712,0.265448,0.0655409,-0.128422,-0.0150637,-0.0730934,-0.0473569,0.0157326,-0.726989,-0.310611,-0.0708039,-0.25029,0.157641,0.130844,-0.045578,-0.14191,-0.0273025,-1.03734,0.387214,0.495052,-0.181861,-0.140302,-0.206612,-0.038533,0.0383665,-0.122068,-0.508863,0.185479,-0.114765,0.0655409,-0.176911,-0.0231483,-0.0730934,-0.151219,-0.0949038,-0.726989,-0.648396,-0.408649,-0.25029,0.431871,0.317084,-0.045578,-0.0313364,0.00213554,-1.03734,0.226516,0.19191,-0.181861,-0.0730392,-0.0541361,-0.00155522,0.023205,0.00416799,-0.508863,0.277972,0.0868614,0.0655409,-0.00560716,0.000930224,-0.0730934,0.0121742,0.00327282,-0.726989,-0.115783,-0.0557647,-0.25029,0.128955,0.105565,-0.045578,-0.00594009,0.00455023,-1.03734,-0.103184,-0.0797564,-0.181861,0.162783,0.0820354,-0.00155522,0.0892253,0.004886,-0.038533,0.0482374,0.0238298,0.0655409,0.0116087,0.0027451,-0.0730934,0.0244711,-0.0409799,-0.726989,0.141514,-0.083269,-0.25029,0.082861,0.0656537,-0.045578,0.0195709,0.0678288,-1.03734,0.657516,0.578618,-0.181861,-0.140482,-0.0637215,-0.00155522,0.00719137,0.0748094,-0.038533,-0.065619,-0.0410185,-0.508863,0.865904,0.279435,-0.0730934,0.0328185,0.0433188,-0.726989,-0.302647,-0.130059,-0.25029,0.308168,0.341495,-0.045578,0.0491352,0.0196067,-1.03734,0.0842673,-0.0214508,-0.181861,0.089184,0.0881072,-0.00155522,-0.0645949,0.0269103,-0.038533,0.0183799,0.0280027,-0.508863,-0.393128,-0.31148,0.0655409,-0.00986881,0.0211172,-0.726989,-0.0701196,-0.162725,-0.25029,-0.0301767,-0.00623021,-0.045578,-0.0862475,-0.0293714,-1.03734,0.470742,0.532601,-0.181861,-0.0383871,-0.136366,-0.00155522,0.01917,0.0135416,-0.038533,-0.0476346,-0.118114,-0.508863,-0.37974,-0.68354,0.0655409,-0.255974,-0.0169936,-0.0730934,-0.229482,-0.210973,-0.25029,0.448255,0.405075,-0.045578,0.099106,0.00702014,-1.03734,-0.085461,-0.226868,-0.181861,0.0821714,0.0760562,-0.00155522,-0.052469,0.0029897,-0.038533,0.0808242,0.04927,-0.508863,-0.248511,0.109646,0.0655409,0.0483013,0.00805919,-0.0730934,0.0393214,0.00437383,-0.726989,0.126829,0.101097
-0.97828,-0.136742,-0.0357201,-0.155839,-0.0504542,-0.019408,0.0416131,-0.0364413,-0.0208724,-0.027096,-0.0391999,-0.017453,-0.484663,-0.14993,-0.0161025,0.102202,-0.087806,-0.0222189,-0.0422686,-0.0295175,-0.021094,-0.651442,-0.0325708,-0.0246063,-0.229238,-0.106677,-0.0314845,-0.030248,0.248167,0.00414332,-0.155839,0.405983,0.27233,0.0416131,-0.1077,-0.0677423,-0.027096,0.224922,0.141908,-0.484663,-1.41918,-0.338592,0.102202,0.0958917,-0.0626753,-0.0422686,-0.0695174,-0.00794534,-0.651442,0.691367,0.294399,-0.229238,-0.509623,-0.582753,-0.030248,-0.100786,-0.0168178,-0.97828,0.0745836,0.22742,0.0416131,0.0660368,0.00431754,-0.027096,0.000735886,-0.0474298,-0.484663,0.409957,0.252109,0.102202,-0.133709,-0.00317778,-0.0422686,-0.0412247,0.0049151,-0.651442,-0.320483,-0.0650391,-0.229238,0.121119,0.118884,-0.030248,-0.169858,-0.0282249,-0.97828,0.375791,0.465471,-0.155839,-0.0760271,-0.178523,-0.027096,0.0510246,-0.0935559,-0.484663,0.21871,-0.110708,0.102202,-0.138681,0.0092991,-0.0422686,-0.0990067,-0.0731509,-0.651442,-0.614047,-0.367847,-0.229238,0.375887,0.289127,-0.030248,-0.0374108,0.000138147,-0.97828,0.216036,0.18101,-0.155839,-0.0611615,-0.0457614,0.0416131,0.0319286,0.0125492,-0.484663,0.280079,0.082708,0.102202,0.00572143,0.012703,-0.0422686,0.0188235,0.00182612,-0.651442,-0.122556,-0.0498952,-0.229238,0.102762,0.0969416,-0.030248,0.00622049,0.00407466,-0.97828,-0.0954973,-0.0750397,-0.155839,0.137426,0.0696723,0.0416131,0.0934029,0.00664684,-0.027096,0.0444546,0.0176984,0.102202,0.0237983,-0.00315661,-0.0422686,0.0382562,-0.0262509,-0.651442,0.159107,-0.073919,-0.229238,0.103722,0.0606522,-0.030248,-0.00960449,0.0625071,-0.97828,0.635327,0.549285,-0.155839,-0.100454,-0.0443116,0.0416131,0.0266875,0.0996194,-0.027096,-0.0286197,-0.0103957,-0.484663,0.869767,0.269036,-0.0422686,0.0566372,0.0485279,-0.651442,-0.294179,-0.109735,-0.229238,0.247079,0.318674,-0.030248,0.0632218,0.0201962,-0.97828,0.10099,-0.0190781,-0.155839,0.0983685,0.0774379,0.0416131,-0.0551104,0.0369559,-0.027096,0.0186382,0.0257299,-0.484663,-0.364774,-0.295805,0.102202,0.0163432,0.0242634,-0.651442,-0.0281943,-0.143036,-0.229238,-0.00981163,-0.00406419,-0.030248,-0.112139,-0.0258922,-0.97828,0.46945,0.501189,-0.155839,0.0138928,-0.118567,0.0416131,0.0765323,0.0725266,-0.027096,-0.0278491,-0.0892479,-0.484663,-0.312012,-0.652391,0.102202,-0.178738,0.0214327,-0.0422686,-0.113035,-0.149339,-0.229238,0.413063,0.370419,-0.030248,0.0869039,0.00895691,-0.97828,-0.0652831,-0.213483,-0.155839,0.0721392,0.0656495,0.0416131,-0.0670747,-0.00839968,-0.027096,0.0699528,0.0373193,-0.484663,-0.247715,0.10495,0.102202,0.0426492,-0.00409986,-0.0422686,0.0154158,0.00628462,-0.651442,0.127852,0.091331
-0.919216,-0.130194,-0.0348133,-0.129817,-0.0561865,-0.0196257,0.0847814,-0.0333628,-0.0210586,-0.015659,-0.0469629,-0.0188249,-0.460463,-0.152862,-0.0163238,0.138863,-0.093041,-0.0236241,-0.0114438,-0.00526083,-0.0208362,-0.575896,-0.0453765,-0.0241203,-0.208185,-0.0883097,-0.0305246,-0.014918,0.290305,0.0112514,-0.129817,0.357626,0.222858,0.0847814,-0.148231,-0.11456,-0.015659,0.157075,0.0832204,-0.460463,-1.41073,-0.321389,0.138863,0.0429946,-0.123393,-0.0114438,-0.138129,0.000186393,-0.575896,0.697146,0.260008,-0.208185,-0.374427,-0.530751,-0.014918,-0.127791,-0.0173227,-0.919216,0.0629208,0.212784,0.0847814,0.0750917,0.0174691,-0.015659,0.0103491,-0.0340904,-0.460463,0.390252,0.238769,0.138863,-0.138996,0.0087081,-0.0114438,-0.0304985,-0.0059024,-0.575896,-0.325664,-0.0592742,-0.208185,0.0800392,0.106923,-0.014918,-0.194738,-0.0291473,-0.919216,0.363725,0.43589,-0.129817,-0.0171342,-0.150435,-0.015659,0.0636826,-0.0650443,-0.460463,0.249098,-0.10665,0.138863,-0.10045,0.0417465,-0.0114438,-0.0344431,-0.0513981,-0.575896,-0.576444,-0.327045,-0.208185,0.311504,0.26117,-0.014918,-0.0429711,-0.00185925,-0.919216,0.205365,0.170109,-0.129817,-0.049807,-0.0373868,0.0847814,0.0392556,0.0209303,-0.460463,0.280351,0.0785545,0.138863,0.01705,0.0244758,-0.0114438,0.0275515,0.000379417,-0.575896,-0.128073,-0.0440257,-0.208185,0.0750369,0.0883185,-0.014918,0.0191715,0.0035991,-0.919216,-0.0889722,-0.0703229,-0.129817,0.112366,0.0573091,0.0847814,0.0982457,0.00840767,-0.015659,0.0406717,0.0115671,0.138863,0.0359879,-0.00905832,-0.0114438,0.0539374,-0.011522,-0.575896,0.171646,-0.0645689,-0.208185,0.125402,0.0556508,-0.014918,-0.0379844,0.0571855,-0.919216,0.613498,0.519952,-0.129817,-0.0640729,-0.0249016,0.0847814,0.0445447,0.124429,-0.015659,0.00837972,0.020227,-0.460463,0.866937,0.258637,-0.0114438,0.0868418,0.0537371,-0.575896,-0.281664,-0.0894109,-0.208185,0.184918,0.295853,-0.014918,0.0768501,0.0207858,-0.919216,0.115678,-0.0167054,-0.129817,0.105338,0.0667686,0.0847814,-0.0452468,0.0470016,-0.015659,0.0188964,0.0234571,-0.460463,-0.33529,-0.28013,0.138863,0.0425552,0.0274096,-0.575896,0.0112753,-0.123347,-0.208185,0.0117763,-0.00189817,-0.014918,-0.133971,-0.022413,-0.919216,0.466724,0.469776,-0.129817,0.0593163,-0.100768,0.0847814,0.131225,0.131511,-0.015659,-0.00806351,-0.0603823,-0.460463,-0.24771,-0.621242,0.138863,-0.101502,0.059859,-0.0114438,0.0206807,-0.0877042,-0.208185,0.370548,0.335764,-0.014918,0.0733272,0.0108937,-0.919216,-0.0460473,-0.200097,-0.129817,0.0631752,0.0552428,0.0847814,-0.0818995,-0.0197891,-0.015659,0.0590814,0.0253686,-0.460463,-0.241565,0.100255,0.138863,0.0369971,-0.0162589,-0.0114438,-0.0180835,0.0081954,-0.575896,0.128193,0.0815648
-0.860153,-0.123372,-0.0339065,-0.103795,-0.0597045,-0.0198434,0.12795,-0.0315977,-0.0212448,-0.00422192,-0.0547258,-0.0201968,-0.436263,-0.154827,-0.0165451,0.175525,-0.0982761,-0.0250293,0.019381,0.0191188,-0.0205785,-0.500349,-0.057144,-0.0236344,-0.187132,-0.0663473,-0.0295648,0.000412046,0.311049,0.0183594,-0.103795,0.309605,0.173385,0.12795,-0.182433,-0.161378,-0.00422192,0.0892281,0.0245329,-0.436263,-1.39602,-0.304186,0.175525,-0.00990255,-0.18411,0.019381,-0.221899,0.00831813,-0.500349,0.690492,0.225617,-0.187132,-0.234446,-0.478749,0.000412046,-0.14446,-0.0178277,-0.860153,0.0526425,0.198148,0.12795,0.0826631,0.0306207,-0.00422192,0.0199623,-0.020751,-0.436263,0.369096,0.225429,0.175525,-0.144283,0.020594,0.019381,-0.013778,-0.0167199,-0.500349,-0.322438,-0.0535094,-0.187132,0.0344923,0.0949623,0.000412046,-0.204193,-0.0300697,-0.860153,0.35105,0.406309,-0.103795,0.0322082,-0.122347,-0.00422192,0.0763407,-0.0365326,-0.436263,0.277877,-0.102592,0.175525,-0.0622197,0.0741939,0.019381,0.0461661,-0.0296453,-0.500349,-0.533811,-0.286243,-0.187132,0.238642,0.233214,0.000412046,-0.0460319,-0.00385664,-0.860153,0.194471,0.159209,-0.103795,-0.0394015,-0.0290121,0.12795,0.0448586,0.0293115,-0.436263,0.279638,0.0744011,0.175525,0.0283786,0.0362487,0.019381,0.0384582,-0.00106729,-0.500349,-0.130552,-0.0381562,-0.187132,0.0459359,0.0796955,0.000412046,0.0345229,0.00312353,-0.860153,-0.0833311,-0.0656061,-0.103795,0.0884135,0.044946,0.12795,0.103749,0.0101685,-0.00422192,0.0368889,0.0054357,0.175525,0.0481776,-0.01496,0.019381,0.072238,0.003207,-0.500349,0.175486,-0.0552188,-0.187132,0.147635,0.0506494,0.000412046,-0.0613529,0.0518638,-0.860153,0.591753,0.490619,-0.103795,-0.0342049,-0.00549169,0.12795,0.0605999,0.149239,-0.00422192,0.0453791,0.0508497,-0.436263,0.86058,0.248238,0.019381,0.123888,0.0589463,-0.500349,-0.262878,-0.0690866,-0.187132,0.122104,0.273032,0.000412046,0.0868276,0.0213753,-0.860153,0.128173,-0.0143327,-0.103795,0.108125,0.0560993,0.12795,-0.0347236,0.0570472,-0.00422192,0.0191547,0.0211843,-0.436263,-0.305286,-0.264455,0.175525,0.0687673,0.0305558,-0.500349,0.0450932,-0.103658,-0.187132,0.0343666,0.000267842,0.000412046,-0.134905,-0.0189338,-0.860153,0.462571,0.438363,-0.103795,0.0927772,-0.0829694,0.12795,0.182768,0.190496,-0.00422192,0.011722,-0.0315166,-0.436263,-0.185316,-0.590093,0.175525,-0.0242664,0.0982853,0.019381,0.174714,-0.0260697,-0.187132,0.32022,0.301108,0.000412046,0.0549588,0.0128305,-0.860153,-0.0281141,-0.186712,-0.103795,0.055859,0.0448361,0.12795,-0.0968091,-0.0311785,-0.00422192,0.0482101,0.0134179,-0.436263,-0.232726,0.0955592,0.175525,0.031345,-0.028418,0.019381,-0.0626986,0.0101062,-0.500349,0.127407,0.0717986
-0.801089,-0.116443,-0.0329998,-0.0777727,-0.0607994,-0.0200612,0.171118,-0.0310686,-0.0214311,0.00721512,-0.0624888,-0.0215688,-0.412063,-0.15526,-0.0167664,0.212186,-0.103511,-0.0264345,0.0502059,0.040224,-0.0203208,-0.424802,-0.068233,-0.0231485,-0.16608,-0.0421192,-0.0286049,0.0157421,0.310278,0.0254675,-0.0777727,0.262189,0.123912,0.171118,-0.211225,-0.208196,0.00721512,0.0213812,-0.0341545,-0.412063,-1.37093,-0.286982,0.212186,-0.0627997,-0.244827,0.0502059,-0.30178,0.0164499,-0.424802,0.678417,0.191226,-0.16608,-0.0935717,-0.426747,0.0157421,-0.149364,-0.0183326,-0.801089,0.0429436,0.183512,0.171118,0.0888713,0.0437723,0.00721512,0.0295755,-0.00741155,-0.412063,0.346074,0.212089,0.212186,-0.14957,0.0324799,0.0502059,0.00455318,-0.0275374,-0.424802,-0.315637,-0.0477445,-0.16608,-0.0136497,0.0830017,0.0157421,-0.198548,-0.0309921,-0.801089,0.338126,0.376728,-0.0777727,0.070637,-0.0942583,0.00721512,0.0889988,-0.00802096,-0.412063,0.303295,-0.0985342,0.212186,-0.0239893,0.106641,0.0502059,0.130935,-0.0078924,-0.424802,-0.489165,-0.245441,-0.16608,0.159438,0.205257,0.0157421,-0.0467262,-0.00585403,-0.801089,0.183482,0.148309,-0.0777727,-0.0300946,-0.0206375,0.171118,0.0489982,0.0376926,-0.412063,0.277143,0.0702476,0.212186,0.0397072,0.0480215,0.0502059,0.0487885,-0.00251399,-0.424802,-0.131594,-0.0322866,-0.16608,0.0163731,0.0710724,0.0157421,0.0507735,0.00264797,-0.801089,-0.0780212,-0.0608893,-0.0777727,0.0661368,0.0325828,0.171118,0.109587,0.0119293,0.00721512,0.033106,-0.000695656,0.212186,0.0603672,-0.0208617,0.0502059,0.0915595,0.017936,-0.424802,0.17571,-0.0458688,-0.16608,0.169203,0.045648,0.0157421,-0.0788709,0.0465422,-0.801089,0.570004,0.461285,-0.0777727,-0.0118108,0.0139183,0.171118,0.0754347,0.174049,0.00721512,0.0823785,0.0814724,-0.412063,0.848214,0.237839,0.0502059,0.159529,0.0641555,-0.424802,-0.241596,-0.0487624,-0.16608,0.0602723,0.250211,0.0157421,0.0919941,0.0219648,-0.801089,0.13973,-0.0119599,-0.0777727,0.105953,0.04543,0.171118,-0.0233731,0.0670929,0.00721512,0.0194129,0.0189115,-0.412063,-0.274807,-0.248781,0.212186,0.0949793,0.033702,-0.424802,0.0762798,-0.0839688,-0.16608,0.0567094,0.00243386,0.0157421,-0.114975,-0.0154546,-0.801089,0.457823,0.406951,-0.0777727,0.112712,-0.0651704,0.171118,0.23184,0.249481,0.00721512,0.0315076,-0.00265101,-0.412063,-0.126735,-0.558944,0.212186,0.0529695,0.136712,0.0502059,0.329389,0.0355648,-0.16608,0.262365,0.266453,0.0157421,0.0338574,0.0147672,-0.801089,-0.0107739,-0.173326,-0.0777727,0.0502513,0.0344294,0.171118,-0.111531,-0.0425679,0.00721512,0.0373387,0.00146718,-0.412063,-0.22008,0.0908638,0.212186,0.0256929,-0.040577,0.0502059,-0.10725,0.012017,-0.424802,0.12614,0.0620324
-0.742026,-0.109418,-0.032093,-0.0517507,-0.0591363,-0.0202789,0.214286,-0.0307306,-0.0216173,0.0186522,-0.0697221,-0.0229407,-0.387864,-0.154231,-0.0169876,0.248847,-0.108746,-0.0278398,0.0810307,0.0573678,-0.020063,-0.349256,-0.0771877,-0.0226626,-0.145027,-0.0173873,-0.027645,0.0310721,0.288424,0.0325756,-0.0517507,0.215645,0.0744393,0.214286,-0.23919,-0.255013,0.0186522,-0.0393964,-0.0928419,-0.387864,-1.33548,-0.269779,0.248847,-0.115697,-0.305545,0.0810307,-0.371251,0.0245816,-0.349256,0.651198,0.156835,-0.145027,0.0442278,-0.374745,0.0310721,-0.142395,-0.0188376,-0.742026,0.0340619,0.168876,0.214286,0.0948693,0.0569239,0.0186522,0.0330848,0.00592788,-0.387864,0.321659,0.198749,0.248847,-0.154857,0.0443657,0.0810307,0.022532,-0.0383549,-0.349256,-0.299138,-0.0419797,-0.145027,-0.0620142,0.0710411,0.0310721,-0.178168,-0.0319145,-0.742026,0.324886,0.347147,-0.0517507,0.0962383,-0.06617,0.0186522,0.0970654,0.0204907,-0.387864,0.324787,-0.0944764,0.248847,0.0142411,0.139089,0.0810307,0.21458,0.0138604,-0.349256,-0.439081,-0.204639,-0.145027,0.0772856,0.1773,0.0310721,-0.04514,-0.00785143,-0.742026,0.172331,0.137409,-0.0517507,-0.0220782,-0.0122629,0.214286,0.0529147,0.0460738,-0.387864,0.272753,0.0660942,0.248847,0.0510358,0.0597943,0.0810307,0.0576018,-0.00396069,-0.349256,-0.128514,-0.0264171,-0.145027,-0.0126708,0.0624493,0.0310721,0.067477,0.0021724,-0.742026,-0.0729182,-0.0561726,-0.0517507,0.0459771,0.0202197,0.214286,0.115471,0.0136902,0.0186522,0.0275371,-0.00682701,0.248847,0.0725568,-0.0267634,0.0810307,0.111106,0.0326649,-0.349256,0.166341,-0.0365187,-0.145027,0.189055,0.0406466,0.0310721,-0.0902823,0.0412205,-0.742026,0.547994,0.431952,-0.0517507,0.00187146,0.0333282,0.214286,0.0900904,0.198859,0.0186522,0.118148,0.112095,-0.387864,0.829749,0.22744,0.0810307,0.19089,0.0693647,-0.349256,-0.213695,-0.0284382,-0.145027,0.000802952,0.22739,0.0310721,0.0921179,0.0225544,-0.742026,0.149833,-0.00958722,-0.0517507,0.0978548,0.0347606,0.214286,-0.0118904,0.0771385,0.0186522,0.022442,0.0166387,-0.387864,-0.244189,-0.233106,0.248847,0.121191,0.0368482,-0.349256,0.0999892,-0.0642797,-0.145027,0.0776317,0.00459987,0.0310721,-0.0748467,-0.0119754,-0.742026,0.452251,0.375538,-0.0517507,0.116895,-0.0473714,0.214286,0.280539,0.308466,0.0186522,0.048432,0.0262146,-0.387864,-0.0724909,-0.527795,0.248847,0.130205,0.175138,0.0810307,0.477109,0.0971993,-0.145027,0.198812,0.231797,0.0310721,0.010697,0.016704,-0.742026,0.00540697,-0.159941,-0.0517507,0.0465629,0.0240227,0.214286,-0.126219,-0.0539572,0.0186522,0.0302631,-0.0104835,-0.387864,-0.204209,0.0861684,0.248847,0.0200408,-0.0527361,0.0810307,-0.1475,0.0139278,-0.349256,0.123422,0.0522662
-0.682962,-0.102305,-0.0311862,-0.0257287,-0.0548419,-0.0204967,0.257455,-0.0316503,-0.0218036,0.0300892,-0.0765934,-0.0243126,-0.363664,-0.151964,-0.0172089,0.285509,-0.110477,-0.029245,0.111855,0.0666419,-0.0198053,-0.273709,-0.0839811,-0.0221767,-0.123975,0.0063255,-0.0266852,0.0464021,0.250067,0.0396836,-0.0257287,0.170254,0.0249666,0.257455,-0.262582,-0.301831,0.0300892,-0.0959794,-0.151529,-0.363664,-1.29071,-0.252576,0.285509,-0.180215,-0.366262,0.111855,-0.415347,0.0327133,-0.273709,0.607913,0.122444,-0.123975,0.174151,-0.322743,0.0464021,-0.125938,-0.0193425,-0.682962,0.0259197,0.15424,0.257455,0.099537,0.0700755,0.0300892,0.0334576,0.0192673,-0.363664,0.296564,0.185409,0.285509,-0.149123,0.0562516,0.111855,0.0379051,-0.0491724,-0.273709,-0.273887,-0.0362148,-0.123975,-0.108401,0.0590805,0.0464021,-0.14622,-0.0328369,-0.682962,0.31136,0.317566,-0.0257287,0.108714,-0.0380816,0.0300892,0.103604,0.0490023,-0.363664,0.342023,-0.0904187,0.285509,0.0544727,0.171536,0.111855,0.290911,0.0356133,-0.273709,-0.383073,-0.163837,-0.123975,-0.00552978,0.149343,0.0464021,-0.0417918,-0.00984882,-0.682962,0.161034,0.126509,-0.0257287,-0.0153354,-0.0038882,0.257455,0.0556146,0.054455,-0.363664,0.266506,0.0619408,0.285509,0.063389,0.0715671,0.111855,0.062725,-0.0054074,-0.273709,-0.121216,-0.0205476,-0.123975,-0.040087,0.0538262,0.0464021,0.0842285,0.00169684,-0.682962,-0.0680023,-0.0514558,-0.0257287,0.0276054,0.00785652,0.257455,0.121207,0.015451,0.0300892,0.0210854,-0.0129584,0.285509,0.0768837,-0.0326652,0.111855,0.13028,0.0473939,-0.273709,0.149471,-0.0271687,-0.123975,0.205621,0.0356451,0.0464021,-0.0964717,0.0358989,-0.682962,0.525749,0.402619,-0.0257287,0.00713848,0.0527381,0.257455,0.104317,0.223669,0.0300892,0.153113,0.142718,-0.363664,0.805641,0.217041,0.111855,0.211632,0.0745739,-0.273709,-0.179551,-0.00811394,-0.123975,-0.0542101,0.204569,0.0464021,0.088051,0.0231439,-0.682962,0.158619,-0.0072145,-0.0257287,0.0836559,0.0240913,0.257455,0.000787104,0.0871842,0.0300892,0.0270712,0.0143659,-0.363664,-0.213856,-0.217431,0.285509,0.138006,0.0399944,-0.273709,0.116277,-0.0445906,-0.123975,0.0955463,0.00676589,0.0464021,-0.0193232,-0.0084962,-0.682962,0.445933,0.344125,-0.0257287,0.105348,-0.0295724,0.257455,0.327566,0.367451,0.0300892,0.0646642,0.0550802,-0.363664,-0.0228242,-0.496646,0.285509,0.199717,0.213564,0.111855,0.604653,0.158834,-0.123975,0.129451,0.197141,0.0464021,-0.013597,0.0186408,-0.682962,0.0205385,-0.146555,-0.0257287,0.0448545,0.0136159,0.257455,-0.14026,-0.0653466,0.0300892,0.0252296,-0.0224342,-0.363664,-0.186127,0.0814729,0.285509,0.0114227,-0.0648951,0.111855,-0.175761,0.0158385,-0.273709,0.118154,0.0425
-0.623899,-0.0952038,-0.0302795,0.000293283,-0.0494695,-0.0207144,0.300623,-0.0327988,-0.0219898,0.0415262,-0.0829162,-0.0256845,-0.339464,-0.148744,-0.0174302,0.32217,-0.11053,-0.0306502,0.14268,0.0677218,-0.0195475,-0.198162,-0.0895645,-0.0216907,-0.102922,0.0233458,-0.0257253,0.0617322,0.199891,0.0467917,0.000293283,0.125553,-0.0245062,0.300623,-0.285141,-0.348649,0.0415262,-0.147391,-0.210217,-0.339464,-1.23832,-0.235372,0.32217,-0.250925,-0.426979,0.14268,-0.429355,0.0408451,-0.198162,0.554201,0.0880535,-0.102922,0.277162,-0.270741,0.0617322,-0.102398,-0.0198475,-0.623899,0.0185682,0.139604,0.300623,0.103963,0.0832271,0.0415262,0.030146,0.0326067,-0.339464,0.271338,0.172069,0.32217,-0.137415,0.0681375,0.14268,0.0487707,-0.0599899,-0.198162,-0.244086,-0.03045,-0.102922,-0.144493,0.0471199,0.0617322,-0.105938,-0.0337593,-0.623899,0.297598,0.287985,0.000293283,0.115198,-0.00999333,0.0415262,0.10871,0.077514,-0.339464,0.355249,-0.0863609,0.32217,0.0955347,0.203983,0.14268,0.355362,0.0573661,-0.198162,-0.323016,-0.123035,-0.102922,-0.0810307,0.121386,0.0617322,-0.0372166,-0.0118462,-0.623899,0.149532,0.115609,0.000293283,-0.00914126,0.00448644,0.300623,0.0580932,0.0628361,-0.339464,0.258629,0.0577873,0.32217,0.0763002,0.0833399,0.14268,0.063431,-0.0068541,-0.198162,-0.111352,-0.0146781,-0.102922,-0.0615276,0.0452031,0.0617322,0.100552,0.00122127,-0.623899,-0.06278,-0.046739,0.000293283,0.00976783,-0.00450663,0.300623,0.126917,0.0172119,0.0415262,0.0135788,-0.0190897,0.32217,0.0767922,-0.0385669,0.14268,0.148706,0.0621228,-0.198162,0.129687,-0.0178186,-0.102922,0.21251,0.0306437,0.0617322,-0.0982406,0.0305772,-0.623899,0.502754,0.373286,0.000293283,0.00890574,0.0721481,0.300623,0.118466,0.248479,0.0415262,0.186996,0.173341,-0.339464,0.776812,0.206642,0.14268,0.219872,0.0797831,-0.198162,-0.141832,0.0122103,-0.102922,-0.0962161,0.181749,0.0617322,0.0806153,0.0237334,-0.623899,0.165738,-0.00484178,0.000293283,0.0666599,0.013422,0.300623,0.013682,0.0972299,0.0415262,0.0336157,0.0120931,-0.339464,-0.184062,-0.201756,0.32217,0.149353,0.0431407,-0.198162,0.128223,-0.0249015,-0.102922,0.104063,0.00893191,0.0617322,0.0465768,-0.00501701,-0.623899,0.438848,0.312713,0.000293283,0.0868804,-0.0117734,0.300623,0.37429,0.426436,0.0415262,0.0804719,0.0839459,-0.339464,0.0226042,-0.465497,0.32217,0.264265,0.251991,0.14268,0.706279,0.220468,-0.102922,0.0524664,0.162486,0.0617322,-0.0379784,0.0205775,-0.623899,0.0339198,-0.13317,0.000293283,0.0440716,0.00320923,0.300623,-0.154183,-0.076736,0.0415262,0.0225881,-0.0343849,-0.339464,-0.166756,0.0767775,0.32217,0.00106374,-0.0770542,0.14268,-0.189614,0.0177493,-0.198162,0.110455,0.0327338
-0.564835,-0.0881066,-0.0293727,0.0263153,-0.0426667,-0.0209322,0.343791,-0.0345571,-0.022176,0.0529633,-0.0892389,-0.0270564,-0.315264,-0.144589,-0.0176514,0.358831,-0.109006,-0.0320554,0.173505,0.0639418,-0.0192898,-0.122616,-0.0939171,-0.0212048,-0.0818693,0.0397689,-0.0247654,0.0770622,0.144038,0.0538997,0.0263153,0.0821587,-0.0739789,0.343791,-0.30611,-0.395467,0.0529633,-0.198803,-0.268904,-0.315264,-1.17797,-0.218169,0.358831,-0.327627,-0.487696,0.173505,-0.424221,0.0489768,-0.122616,0.489136,0.0536626,-0.0818693,0.37782,-0.218739,0.0770622,-0.0752159,-0.0203524,-0.564835,0.0115013,0.124968,0.343791,0.107781,0.0963787,0.0529633,0.0268344,0.0459462,-0.315264,0.246402,0.158729,0.358831,-0.119616,0.0800234,0.173505,0.0561849,-0.0708074,-0.122616,-0.209841,-0.0246851,-0.0818693,-0.179671,0.0351592,0.0770622,-0.0616088,-0.0346817,-0.564835,0.28375,0.258404,0.0263153,0.112632,0.018095,0.0529633,0.113815,0.106026,-0.315264,0.363758,-0.0823031,0.358831,0.137384,0.236431,0.173505,0.41112,0.079119,-0.122616,-0.258456,-0.0822332,-0.0818693,-0.155856,0.0934294,0.0770622,-0.0320815,-0.0138436,-0.564835,0.137956,0.104709,0.0263153,-0.00372306,0.0128611,0.343791,0.0601651,0.0712173,-0.315264,0.24894,0.0536339,0.358831,0.0897283,0.0951127,0.173505,0.061292,-0.0083008,-0.122616,-0.0987727,-0.00880855,-0.0818693,-0.0824441,0.03658,0.0770622,0.116282,0.000745705,-0.564835,-0.0574472,-0.0420223,0.0263153,-0.00771705,-0.0168698,0.343791,0.132226,0.0189727,0.0529633,0.0060722,-0.0252211,0.358831,0.0721206,-0.0444686,0.173505,0.166697,0.0768518,-0.122616,0.107611,-0.00846855,-0.0818693,0.21856,0.0256423,0.0770622,-0.0973167,0.0252556,-0.564835,0.47949,0.343953,0.0263153,0.00593538,0.091558,0.343791,0.132953,0.273289,0.0529633,0.220879,0.203963,-0.315264,0.742947,0.196243,0.173505,0.220282,0.0849923,-0.122616,-0.100435,0.0325345,-0.0818693,-0.137093,0.158928,0.0770622,0.0712541,0.0243229,-0.564835,0.172258,-0.00246906,0.0263153,0.0454171,0.0027527,0.343791,0.0273939,0.107276,0.0529633,0.0401602,0.00982034,-0.315264,-0.155135,-0.186081,0.358831,0.154933,0.0462869,-0.122616,0.135655,-0.00521237,-0.0818693,0.11176,0.0110979,0.0770622,0.116918,-0.00153781,-0.564835,0.431487,0.2813,0.0263153,0.0583684,0.00602564,0.343791,0.42077,0.485421,0.0529633,0.0962796,0.112811,-0.315264,0.0631146,-0.434348,0.358831,0.323439,0.290417,0.173505,0.790823,0.282103,-0.0818693,-0.0251391,0.12783,0.0770622,-0.0617954,0.0225143,-0.564835,0.0466712,-0.119784,0.0263153,0.0447218,-0.00719748,0.343791,-0.167485,-0.0881254,0.0529633,0.0199465,-0.0463356,-0.315264,-0.146556,0.072082,0.358831,-0.0113374,-0.0892132,0.173505,-0.194601,0.0196601,-0.122616,0.0997592,0.0229676
-0.505772,-0.0811443,-0.0284659,0.0523373,-0.0353785,-0.0211499,0.38696,-0.036999,-0.0223623,0.0644003,-0.0950048,-0.0284283,-0.291064,-0.13943,-0.0178727,0.395492,-0.107,-0.0334607,0.20433,0.0548293,-0.019032,-0.0470693,-0.0970496,-0.0207189,-0.0608167,0.0546238,-0.0238056,0.0923922,0.0867991,0.0610078,0.0523373,0.0398805,-0.123452,0.38696,-0.325976,-0.442285,0.0644003,-0.246362,-0.327592,-0.291064,-1.10822,-0.200965,0.395492,-0.406115,-0.548414,0.20433,-0.394615,0.0571085,-0.0470693,0.410134,0.0192718,-0.0608167,0.473049,-0.166737,0.0923922,-0.0461775,-0.0208574,-0.505772,0.00498327,0.110332,0.38696,0.110961,0.10953,0.0644003,0.0209155,0.0592856,-0.291064,0.222552,0.14539,0.395492,-0.0999684,0.0919093,0.20433,0.0577048,-0.0816249,-0.0470693,-0.171844,-0.0189202,-0.0608167,-0.212531,0.0231986,0.0923922,-0.0161196,-0.0356041,-0.505772,0.269824,0.228823,0.0523373,0.105097,0.0461833,0.0644003,0.118195,0.134537,-0.291064,0.365763,-0.0782453,0.395492,0.179486,0.268878,0.20433,0.452903,0.100872,-0.0470693,-0.188056,-0.0414313,-0.0608167,-0.228555,0.0654726,0.0923922,-0.0269268,-0.015841,-0.505772,0.126178,0.0938091,0.0523373,0.00134895,0.0212357,0.38696,0.06198,0.0795985,-0.291064,0.236915,0.0494804,0.395492,0.103306,0.106886,0.20433,0.0554249,-0.0097475,-0.0470693,-0.0831221,-0.00293903,-0.0608167,-0.102127,0.0279569,0.0923922,0.130315,0.000270139,-0.505772,-0.0512894,-0.0373055,0.0523373,-0.025696,-0.0292329,0.38696,0.136729,0.0207335,0.0644003,-0.00222386,-0.0313524,0.395492,0.0660633,-0.0503703,0.20433,0.184248,0.0915807,-0.0470693,0.085676,0.000881512,-0.0608167,0.222762,0.0206409,0.0923922,-0.09345,0.0199339,-0.505772,0.455103,0.314619,0.0523373,0.00119579,0.110968,0.38696,0.148414,0.298099,0.0644003,0.253836,0.234586,-0.291064,0.70294,0.185844,0.20433,0.211008,0.0902015,-0.0470693,-0.0552422,0.0528588,-0.0608167,-0.175497,0.136107,0.0923922,0.0601889,0.0249125,-0.505772,0.177309,-9.63322e-05,0.0523373,0.021811,-0.00791662,0.38696,0.0422794,0.117321,0.0644003,0.048054,0.00754754,-0.291064,-0.127765,-0.170406,0.395492,0.158771,0.0494331,-0.0470693,0.138264,0.0144767,-0.0608167,0.117622,0.0132639,0.0923922,0.186166,0.00194138,-0.505772,0.423629,0.249887,0.0523373,0.0249678,0.0238246,0.38696,0.467594,0.544406,0.0644003,0.112137,0.141677,-0.291064,0.0969441,-0.403199,0.395492,0.38101,0.328843,0.20433,0.852054,0.343737,-0.0608167,-0.103452,0.0931748,0.0923922,-0.0830427,0.0244511,-0.505772,0.0574482,-0.106399,0.0523373,0.0462119,-0.0176042,0.38696,-0.179757,-0.0995148,0.0644003,0.0189522,-0.0582863,-0.291064,-0.12628,0.0673866,0.395492,-0.0243809,-0.101372,0.20433,-0.189065,0.0215709,-0.0470693,0.0842109,0.0132014
-0.446708,-0.0743115,-0.0275592,0.0783593,-0.0287322,-0.0213676,0.430128,-0.0397647,-0.0225485,0.0758374,-0.100288,-0.0298002,-0.266864,-0.133754,-0.018094,0.432154,-0.104936,-0.0348659,0.235155,0.0427232,-0.0187743,0.0284774,-0.0993885,-0.020233,-0.0397641,0.0577981,-0.0228457,0.107722,0.0310804,0.0681159,0.0783593,-0.000275801,-0.172924,0.430128,-0.346222,-0.489102,0.0758374,-0.291487,-0.386279,-0.266864,-1.03293,-0.183762,0.432154,-0.484805,-0.609131,0.235155,-0.348213,0.0652403,0.0284774,0.319756,-0.0151191,-0.0397641,0.528185,-0.114735,0.107722,-0.0176483,-0.0213623,-0.446708,-0.00128313,0.0956965,0.430128,0.113892,0.122682,0.0758374,0.0134686,0.072625,-0.266864,0.199865,0.13205,0.432154,-0.0800998,0.103795,0.235155,0.0540601,-0.0924424,0.0284774,-0.131971,-0.0131554,-0.0397641,-0.228167,0.011238,0.107722,0.0283695,-0.0365265,-0.446708,0.255905,0.199242,0.0783593,0.0939855,0.0742716,0.0758374,0.122414,0.163049,-0.266864,0.363285,-0.0741875,0.432154,0.221626,0.301326,0.235155,0.482935,0.122625,0.0284774,-0.112672,-0.000629313,-0.0397641,-0.285253,0.0375157,0.107722,-0.0219786,-0.0178384,-0.446708,0.114276,0.082909,0.0783593,0.00643569,0.0296104,0.430128,0.0639371,0.0879796,-0.266864,0.223379,0.045327,0.432154,0.116899,0.118658,0.235155,0.046931,-0.0111942,0.0284774,-0.0651465,0.0029305,-0.0397641,-0.112687,0.0193339,0.107722,0.143757,-0.000205426,-0.446708,-0.0444275,-0.0325887,0.0783593,-0.0463021,-0.0415961,0.430128,0.140377,0.0224944,0.0758374,-0.0110223,-0.0374838,0.432154,0.059842,-0.056272,0.235155,0.201587,0.10631,0.0284774,0.065907,0.0102316,-0.0397641,0.213372,0.0156394,0.107722,-0.0892025,0.0146123,-0.446708,0.429882,0.285286,0.0783593,-0.00206859,0.130378,0.430128,0.165123,0.322909,0.0758374,0.286103,0.265209,-0.266864,0.659187,0.175445,0.235155,0.195335,0.0954107,0.0284774,-0.00745081,0.073183,-0.0397641,-0.195706,0.113286,0.107722,0.0490443,0.025502,-0.446708,0.181521,0.00227639,0.0783593,-0.00360007,-0.0185859,0.430128,0.0580629,0.127367,0.0758374,0.0567323,0.00527475,-0.266864,-0.101687,-0.154731,0.432154,0.162404,0.0525793,0.0284774,0.137433,0.0341658,-0.0397641,0.10995,0.01543,0.107722,0.253175,0.00542057,-0.446708,0.415562,0.218475,0.0783593,-0.00988251,0.0416236,0.430128,0.515398,0.603391,0.0758374,0.128345,0.170543,-0.266864,0.126233,-0.37205,0.432154,0.438403,0.367269,0.235155,0.89617,0.405372,-0.0397641,-0.186615,0.0585193,0.107722,-0.103268,0.0263879,-0.446708,0.066916,-0.0930133,0.0783593,0.0484814,-0.0280109,0.430128,-0.191099,-0.110904,0.0758374,0.018881,-0.070237,-0.266864,-0.106595,0.0626912,0.432154,-0.0375109,-0.113531,0.235155,-0.17692,0.0234817,0.0284774,0.0638877,0.00343523
-0.387645,-0.0677487,-0.0266524,0.104381,-0.0223512,-0.0215854,0.473296,-0.0427433,-0.0227347,0.0872744,-0.104325,-0.0311721,-0.242664,-0.127354,-0.0183153,0.468815,-0.101549,-0.0362711,0.26598,0.0283863,-0.0185166,0.104024,-0.101049,-0.0197471,-0.0187115,0.050563,-0.0218858,0.123052,-0.0146076,0.0752239,0.104381,-0.0399185,-0.222397,0.473296,-0.366759,-0.53592,0.0872744,-0.334208,-0.444967,-0.242664,-0.949471,-0.166559,0.468815,-0.567974,-0.669848,0.26598,-0.284251,0.073372,0.104024,0.217518,-0.0495099,-0.0187115,0.549908,-0.0627329,0.123052,0.00673254,-0.0218673,-0.387645,-0.00735245,0.0810606,0.473296,0.116663,0.135833,0.0872744,0.00522101,0.0859645,-0.242664,0.179204,0.11871,0.468815,-0.0552617,0.115681,0.26598,0.0435034,-0.10326,0.104024,-0.0913139,-0.00739054,-0.0187115,-0.228703,-0.000722612,0.123052,0.0661179,-0.0374489,-0.387645,0.242105,0.169661,0.104381,0.0824212,0.10236,0.0872744,0.128233,0.191561,-0.242664,0.353798,-0.0701297,0.468815,0.264603,0.333773,0.26598,0.497762,0.144378,0.104024,-0.0319195,0.0401726,-0.0187115,-0.326603,0.00955892,0.123052,-0.0182975,-0.0198358,-0.387645,0.102197,0.072009,0.104381,0.0115733,0.037985,0.473296,0.0659994,0.0963608,-0.242664,0.207528,0.0411735,0.468815,0.130823,0.130431,0.26598,0.0355978,-0.0126409,0.104024,-0.0449164,0.00880002,-0.0187115,-0.115557,0.0107108,0.123052,0.154571,-0.000680991,-0.387645,-0.0362,-0.0278719,0.104381,-0.067663,-0.0539592,0.473296,0.143441,0.0242552,0.0872744,-0.0203372,-0.0436151,0.468815,0.0499389,-0.0621737,0.26598,0.218825,0.121039,0.104024,0.050412,0.0195816,-0.0187115,0.192981,0.010638,0.123052,-0.0843035,0.00929064,-0.387645,0.403208,0.255953,0.104381,-0.00463583,0.149788,0.473296,0.182689,0.347718,0.0872744,0.317068,0.295831,-0.242664,0.609814,0.165045,0.26598,0.173303,0.10062,0.104024,0.0425307,0.0935072,-0.0187115,-0.201218,0.090465,0.123052,0.0383814,0.0260915,-0.387645,0.184661,0.00464911,0.104381,-0.0292593,-0.0292552,0.473296,0.0744521,0.137412,0.0872744,0.0657821,0.00300196,-0.242664,-0.0777383,-0.139056,0.468815,0.161445,0.0557255,0.104024,0.1335,0.0538549,-0.0187115,0.0911837,0.017596,0.123052,0.307182,0.00889977,-0.387645,0.40738,0.187062,0.104381,-0.0445327,0.0594227,0.473296,0.563882,0.662376,0.0872744,0.146789,0.199408,-0.242664,0.148449,-0.340901,0.468815,0.491787,0.405696,0.26598,0.920886,0.467006,-0.0187115,-0.271248,0.0238637,0.123052,-0.118734,0.0283246,-0.387645,0.0743488,-0.0796278,0.104381,0.050882,-0.0384176,0.473296,-0.201809,-0.122294,0.0872744,0.0190243,-0.0821877,-0.242664,-0.0881565,0.0579957,0.468815,-0.0526018,-0.12569,0.26598,-0.158693,0.0253925,0.104024,0.0377994,-0.00633097
-0.328581,-0.0613486,-0.0257456,0.130403,-0.0163326,-0.0218031,0.516465,-0.0459613,-0.022921,0.0987114,-0.108315,-0.0325441,-0.218465,-0.120745,-0.0185365,0.505476,-0.0973228,-0.0376763,0.296804,0.0136033,-0.0182588,0.179571,-0.102046,-0.0192612,0.00234112,0.0352377,-0.020926,0.138382,-0.0494308,0.082332,0.130403,-0.0791787,-0.27187,0.516465,-0.389431,-0.582738,0.0987114,-0.376837,-0.503654,-0.218465,-0.863121,-0.149355,0.505476,-0.653306,-0.730566,0.296804,-0.206844,0.0815037,0.179571,0.106354,-0.0839007,0.00234112,0.546184,-0.0107309,0.138382,0.0260781,-0.0223722,-0.328581,-0.0133678,0.0664246,0.516465,0.119364,0.148985,0.0987114,-0.00305737,0.0993039,-0.218465,0.159596,0.10537,0.505476,-0.0274462,0.127567,0.296804,0.0255332,-0.114077,0.179571,-0.0506803,-0.00162568,0.00234112,-0.217561,-0.0126832,0.138382,0.0964645,-0.0383713,-0.328581,0.228395,0.14008,0.130403,0.0711377,0.130448,0.0987114,0.134114,0.220072,-0.218465,0.341416,-0.0660719,0.505476,0.308332,0.36622,0.296804,0.496853,0.16613,0.179571,0.0527712,0.0809746,0.00234112,-0.355779,-0.0183979,0.138382,-0.0159223,-0.0218332,-0.328581,0.0900289,0.0611089,0.130403,0.0168196,0.0463597,0.516465,0.0687084,0.104742,-0.218465,0.190772,0.0370201,0.505476,0.14483,0.142204,0.296804,0.021961,-0.0140876,0.179571,-0.0230334,0.0146695,0.00234112,-0.112549,0.00208768,0.138382,0.1634,-0.00115656,-0.328581,-0.0271705,-0.0231552,0.130403,-0.0897636,-0.0663224,0.516465,0.144901,0.026016,0.0987114,-0.0296719,-0.0497465,0.505476,0.0378996,-0.0680754,0.296804,0.236155,0.135768,0.179571,0.0391226,0.0289317,0.00234112,0.164289,0.00563661,0.138382,-0.0799783,0.00396899,-0.328581,0.375715,0.22662,0.130403,-0.00617425,0.169198,0.516465,0.202794,0.372528,0.0987114,0.347983,0.326454,-0.218465,0.558372,0.154646,0.296804,0.14687,0.105829,0.179571,0.0937755,0.113831,0.00234112,-0.195649,0.0676441,0.138382,0.0289331,0.026681,-0.328581,0.187289,0.00702184,0.130403,-0.0548201,-0.0399246,0.516465,0.0922075,0.147458,0.0987114,0.0748463,0.000729169,-0.218465,-0.0547824,-0.123382,0.505476,0.157879,0.0588717,0.179571,0.127438,0.073544,0.00234112,0.0640127,0.019762,0.138382,0.348322,0.012379,-0.328581,0.399191,0.15565,0.130403,-0.0782076,0.0772217,0.516465,0.614768,0.721361,0.0987114,0.165319,0.228274,-0.218465,0.167777,-0.309752,0.505476,0.543248,0.444122,0.296804,0.928636,0.528641,0.00234112,-0.356384,-0.0107918,0.138382,-0.130403,0.0302614,-0.328581,0.0806934,-0.0662423,0.130403,0.0532944,-0.0488243,0.516465,-0.210924,-0.133683,0.0987114,0.0191759,-0.0941384,-0.218465,-0.0705666,0.0533003,0.505476,-0.0692418,-0.137849,0.296804,-0.13697,0.0273033,0.179571,0.00705265,-0.0160972
-0.269518,-0.0559084,-0.0248388,0.156425,-0.0129225,-0.0220209,0.559633,-0.049246,-0.0231072,0.110148,-0.112304,-0.033916,-0.194265,-0.113512,-0.0187578,0.542138,-0.0929854,-0.0390815,0.327629,-0.000178382,-0.0180011,0.255117,-0.10229,-0.0187752,0.0233937,0.00733582,-0.0199661,0.153712,-0.0694127,0.0894401,0.156425,-0.116083,-0.321343,0.559633,-0.413176,-0.629556,0.110148,-0.419466,-0.562342,-0.194265,-0.767327,-0.132152,0.542138,-0.738901,-0.791283,0.327629,-0.119153,0.0896355,0.255117,-0.0110176,-0.118292,0.0233937,0.502229,0.0412711,0.153712,0.0383894,-0.0228772,-0.269518,-0.0198671,0.0517887,0.559633,0.122074,0.162137,0.110148,-0.0113358,0.112643,-0.194265,0.144039,0.09203,0.542138,0.000758565,0.139453,0.327629,-0.00037505,-0.124895,0.255117,-0.0106767,0.00413917,0.0233937,-0.188252,-0.0246438,0.153712,0.116634,-0.0392937,-0.269518,0.215471,0.110499,0.156425,0.0629599,0.158537,0.110148,0.139994,0.248584,-0.194265,0.318742,-0.0620141,0.542138,0.35217,0.398668,0.327629,0.479526,0.187883,0.255117,0.139983,0.121777,0.0233937,-0.364504,-0.0463547,0.153712,-0.0153039,-0.0238306,-0.269518,0.0775324,0.0502089,0.156425,0.0228971,0.0547343,0.559633,0.0717376,0.113123,-0.194265,0.170889,0.0328666,0.542138,0.158843,0.153977,0.327629,0.00642522,-0.0155343,0.255117,-1.80984e-05,0.0205391,0.0233937,-0.100209,-0.0065354,0.153712,0.169693,-0.00163212,-0.269518,-0.0136641,-0.0184384,0.156425,-0.116834,-0.0786855,0.559633,0.145662,0.0277769,0.110148,-0.0390067,-0.0558779,0.542138,0.0255841,-0.0739771,0.327629,0.253726,0.150497,0.255117,0.03171,0.0382817,0.0233937,0.122996,0.000635184,0.153712,-0.0767888,-0.00135266,-0.269518,0.3441,0.197287,0.156425,-0.000209718,0.188608,0.559633,0.224025,0.397338,0.110148,0.378897,0.357077,-0.194265,0.500017,0.144247,0.327629,0.117576,0.111038,0.255117,0.145445,0.134156,0.0233937,-0.172473,0.0448232,0.153712,0.0213566,0.0272706,-0.269518,0.18856,0.00939456,0.156425,-0.0791509,-0.0505939,0.559633,0.110525,0.157504,0.110148,0.0839105,-0.00154362,-0.194265,-0.0355622,-0.107707,0.542138,0.153978,0.0620179,0.255117,0.120074,0.0932331,0.0233937,0.0245671,0.021928,0.153712,0.372171,0.0158582,-0.269518,0.391747,0.124237,0.156425,-0.104029,0.0950207,0.559633,0.666758,0.780346,0.110148,0.18385,0.25714,-0.194265,0.176864,-0.278603,0.542138,0.594477,0.482548,0.327629,0.921143,0.590275,0.0233937,-0.439135,-0.0454474,0.153712,-0.137229,0.0321982,-0.269518,0.0823244,-0.0528568,0.156425,0.0555821,-0.059231,0.559633,-0.219359,-0.145072,0.110148,0.0193275,-0.106089,-0.194265,-0.0564976,0.0486048,0.542138,-0.0860995,-0.150008,0.327629,-0.113802,0.0292141,0.255117,-0.0271989,-0.0258634
-0.210454,-0.0509664,-0.0239321,0.182447,-0.0116038,-0.0222386,0.602801,-0.0525385,-0.0232934,0.121586,-0.116293,-0.0352879,-0.170065,-0.106123,-0.0189791,0.578799,-0.088391,-0.0404868,0.358454,-0.0124045,-0.0177433,0.330664,-0.101645,-0.0182893,0.0444463,-0.0253063,-0.0190062,0.169042,-0.0712785,0.0965481,0.182447,-0.152121,-0.370815,0.602801,-0.441908,-0.676373,0.121586,-0.462095,-0.621029,-0.170065,-0.669029,-0.114949,0.578799,-0.824825,-0.852,0.358454,-0.024411,0.0977672,0.330664,-0.131802,-0.152682,0.0444463,0.435243,0.0932731,0.169042,0.0420795,-0.0233821,-0.210454,-0.0266815,0.0371528,0.602801,0.12508,0.175288,0.121586,-0.0196141,0.125983,-0.170065,0.129961,0.0786901,0.578799,0.0297901,0.151339,0.358454,-0.0332844,-0.135712,0.330664,0.0279794,0.00990403,0.0444463,-0.151614,-0.0366045,0.169042,0.124175,-0.0402161,-0.210454,0.202974,0.0809181,0.182447,0.0588547,0.186625,0.121586,0.145875,0.277096,-0.170065,0.292721,-0.0579563,0.578799,0.396346,0.431115,0.358454,0.447891,0.209636,0.330664,0.228227,0.162579,0.0444463,-0.358106,-0.0743116,0.169042,-0.016783,-0.025828,-0.210454,0.0648818,0.0393088,0.182447,0.0297533,0.063109,0.602801,0.0762251,0.121504,-0.170065,0.150056,0.0287132,0.578799,0.17282,0.16575,0.358454,-0.0104874,-0.016981,0.330664,0.0235923,0.0264086,0.0444463,-0.0824597,-0.0151585,0.169042,0.172545,-0.00210769,-0.210454,0.00214553,-0.0137216,0.182447,-0.14717,-0.0910487,0.602801,0.143791,0.0295377,0.121586,-0.0483414,-0.0620092,0.578799,0.0127118,-0.0798788,0.358454,0.27147,0.165226,0.330664,0.0279814,0.0476318,0.0444463,0.0769623,-0.00436624,0.169042,-0.0749798,-0.00667431,-0.210454,0.3104,0.167953,0.182447,0.0120703,0.208018,0.602801,0.249628,0.422148,0.121586,0.409812,0.3877,-0.170065,0.439742,0.133848,0.358454,0.0867246,0.116248,0.330664,0.196609,0.15448,0.0444463,-0.137872,0.0220023,0.169042,0.0161777,0.0278601,-0.210454,0.189259,0.0117673,0.182447,-0.101874,-0.0612632,0.602801,0.130751,0.167549,0.121586,0.0929746,-0.00381642,-0.170065,-0.0177171,-0.0920317,0.578799,0.149428,0.0651641,0.330664,0.112285,0.112922,0.0444463,-0.0163187,0.024094,0.169042,0.374665,0.0193374,-0.210454,0.38475,0.0928242,0.182447,-0.122741,0.11282,0.602801,0.723276,0.839331,0.121586,0.20238,0.286005,-0.170065,0.182609,-0.247454,0.578799,0.645421,0.520975,0.358454,0.901553,0.65191,0.0444463,-0.506553,-0.0801029,0.169042,-0.13798,0.0341349,-0.210454,0.0816447,-0.0394713,0.182447,0.0572298,-0.0696378,0.602801,-0.225332,-0.156462,0.121586,0.019479,-0.11804,-0.170065,-0.0438617,0.0439094,0.578799,-0.103583,-0.162168,0.358454,-0.0903605,0.0311248,0.330664,-0.0638104,-0.0356295
-0.151391,-0.0460244,-0.0230253,0.208469,-0.0123989,-0.0224563,0.64597,-0.0558311,-0.0234797,0.133023,-0.119041,-0.0366598,-0.145865,-0.0985118,-0.0192003,0.61546,-0.0833461,-0.041892,0.389279,-0.0226734,-0.0174856,0.40621,-0.099559,-0.0178034,0.0654989,-0.0540923,-0.0180464,0.184372,-0.0688731,0.103656,0.208469,-0.189086,-0.420288,0.64597,-0.470641,-0.723191,0.133023,-0.50632,-0.679716,-0.145865,-0.567851,-0.0977453,0.61546,-0.910752,-0.912717,0.389279,0.07637,0.105899,0.40621,-0.250895,-0.187073,0.0654989,0.362069,0.145275,0.184372,0.0437338,-0.0238871,-0.151391,-0.0334958,0.0225168,0.64597,0.128086,0.18844,0.133023,-0.02546,0.139322,-0.145865,0.118506,0.0653503,0.61546,0.060125,0.163225,0.389279,-0.0736393,-0.14653,0.40621,0.0633446,0.0156689,0.0654989,-0.119398,-0.0485651,0.184372,0.128667,-0.0411385,-0.151391,0.190477,0.0513371,0.208469,0.0594532,0.214713,0.133023,0.155418,0.305607,-0.145865,0.261283,-0.0538985,0.61546,0.441303,0.463563,0.389279,0.401026,0.231389,0.40621,0.314558,0.20338,0.0654989,-0.340839,-0.102268,0.184372,-0.0187413,-0.0278254,-0.151391,0.0522313,0.0284087,0.208469,0.0375707,0.0714836,0.64597,0.0807126,0.129885,-0.145865,0.127835,0.0245597,0.61546,0.186623,0.177522,0.389279,-0.0285864,-0.0184277,0.40621,0.046799,0.0322781,0.0654989,-0.0631236,-0.0237816,0.184372,0.174452,-0.00258325,-0.151391,0.0179551,-0.00900486,0.208469,-0.179903,-0.103412,0.64597,0.14192,0.0312986,0.133023,-0.0573883,-0.0681406,0.61546,-0.000968596,-0.0857805,0.389279,0.28901,0.179954,0.40621,0.0285674,0.0569819,0.0654989,0.0347003,-0.00936766,0.184372,-0.073473,-0.011996,-0.151391,0.276701,0.13862,0.208469,0.0313525,0.227428,0.64597,0.27523,0.446958,0.133023,0.439922,0.418322,-0.145865,0.377086,0.123449,0.389279,0.0551083,0.121457,0.40621,0.2451,0.174804,0.0654989,-0.0973777,-0.000818584,0.184372,0.0115924,0.0284496,-0.151391,0.189957,0.01414,0.208469,-0.123195,-0.0719325,0.64597,0.150976,0.177595,0.133023,0.10071,-0.00608921,-0.145865,-0.00246142,-0.0763569,0.61546,0.143998,0.0683103,0.40621,0.10586,0.132611,0.0654989,-0.0461227,0.02626,0.184372,0.372016,0.0228165,-0.151391,0.377754,0.0614116,0.208469,-0.135265,0.130619,0.64597,0.779794,0.898315,0.133023,0.2245,0.314871,-0.145865,0.182875,-0.216305,0.61546,0.696391,0.559401,0.389279,0.869778,0.713544,0.0654989,-0.54141,-0.114758,0.184372,-0.137217,0.0360717,-0.151391,0.080965,-0.0260858,0.208469,0.0572752,-0.0800445,0.64597,-0.231305,-0.167851,0.133023,0.0176169,-0.129991,-0.145865,-0.0340203,0.039214,0.61546,-0.122423,-0.174327,0.389279,-0.0669307,0.0330356,0.40621,-0.100965,-0.0453957
-0.0923272,-0.0410824,-0.0221185,0.234491,-0.0141407,-0.0226741,0.689138,-0.0588323,-0.0236659,0.14446,-0.120649,-0.0380317,-0.121665,-0.090864,-0.0194216,0.652121,-0.0782605,-0.0432972,0.420104,-0.0318536,-0.0172278,0.481757,-0.0969266,-0.0173175,0.0865515,-0.0746488,-0.0170865,0.199702,-0.0545307,0.110764,0.234491,-0.227077,-0.469761,0.689138,-0.506569,-0.770009,0.14446,-0.5525,-0.738404,-0.121665,-0.468077,-0.0805419,0.652121,-0.996175,-0.973435,0.420104,0.179609,0.114031,0.481757,-0.368979,-0.221464,0.0865515,0.29399,0.197277,0.199702,0.0396972,-0.0243921,-0.0923272,-0.0403101,0.0078809,0.689138,0.131773,0.201591,0.14446,-0.0286767,0.152662,-0.121665,0.108758,0.0520104,0.652121,0.0904482,0.17511,0.420104,-0.11773,-0.157347,0.481757,0.0974036,0.0214337,0.0865515,-0.0977933,-0.0605257,0.199702,0.124615,-0.0420609,-0.0923272,0.17798,0.0217561,0.234491,0.0623423,0.242801,0.14446,0.168577,0.334119,-0.121665,0.227403,-0.0498408,0.652121,0.486495,0.49601,0.420104,0.346504,0.253142,0.481757,0.399979,0.244182,0.0865515,-0.317176,-0.130225,0.199702,-0.022033,-0.0298228,-0.0923272,0.0395807,0.0175087,0.234491,0.0458774,0.0798583,0.689138,0.0872754,0.138267,-0.121665,0.105335,0.0204063,0.652121,0.200317,0.189295,0.420104,-0.0471676,-0.0198744,0.481757,0.0697829,0.0381476,0.0865515,-0.0447984,-0.0324047,0.199702,0.173661,-0.00305882,-0.0923272,0.0337647,-0.00428809,0.234491,-0.213408,-0.115775,0.689138,0.136864,0.0330594,0.14446,-0.0660725,-0.0742719,0.652121,-0.0145741,-0.0916823,0.420104,0.306273,0.194683,0.481757,0.0307079,0.0663319,0.0865515,0.000654476,-0.0143691,0.199702,-0.0728013,-0.0173176,-0.0923272,0.243002,0.109287,0.234491,0.0539811,0.246838,0.689138,0.306285,0.471768,0.14446,0.469355,0.448945,-0.121665,0.315035,0.11305,0.420104,0.0234697,0.126666,0.481757,0.29248,0.195128,0.0865515,-0.0554772,-0.0236395,0.199702,0.00867681,0.0290391,-0.0923272,0.190656,0.0165127,0.234491,-0.143972,-0.0826018,0.689138,0.17325,0.187641,0.14446,0.107017,-0.008362,-0.121665,0.010782,-0.060682,0.652121,0.138715,0.0714565,0.481757,0.100056,0.1523,0.0865515,-0.0593859,0.028426,0.199702,0.354951,0.0262957,-0.0923272,0.370757,0.0299989,0.234491,-0.14537,0.148418,0.689138,0.842253,0.9573,0.14446,0.250084,0.343736,-0.121665,0.180493,-0.185156,0.652121,0.747824,0.597827,0.420104,0.832137,0.775179,0.0865515,-0.539312,-0.149414,0.199702,-0.132195,0.0380085,-0.0923272,0.0802853,-0.0127003,0.234491,0.0562797,-0.0904512,0.689138,-0.23442,-0.179241,0.14446,0.0136328,-0.141941,-0.121665,-0.0265305,0.0345185,0.652121,-0.141614,-0.186486,0.420104,-0.043597,0.0349464,0.481757,-0.138159,-0.0551619
-0.0332637,-0.0361404,-0.0212118,0.260513,-0.0174132,-0.0228918,0.732306,-0.0610853,-0.0238522,0.155897,-0.122257,-0.0394036,-0.0974652,-0.083252,-0.0196429,0.688783,-0.0731724,-0.0447024,0.450928,-0.0397953,-0.0169701,0.557304,-0.0942196,-0.0168316,0.107604,-0.0860804,-0.0161266,0.215032,-0.0313129,0.117872,0.260513,-0.268962,-0.519234,0.732306,-0.554524,-0.816827,0.155897,-0.598679,-0.797091,-0.0974652,-0.369954,-0.0633385,0.688783,-1.07966,-1.03415,0.450928,0.28177,0.122162,0.557304,-0.486665,-0.255855,0.107604,0.234561,0.249279,0.215032,0.0314185,-0.024897,-0.0332637,-0.0471244,-0.00675503,0.732306,0.136817,0.214743,0.155897,-0.0318933,0.166001,-0.0974652,0.0993925,0.0386705,0.688783,0.120283,0.186996,0.450928,-0.164323,-0.168165,0.557304,0.131244,0.0271986,0.107604,-0.0883026,-0.0724863,0.215032,0.113971,-0.0429833,-0.0332637,0.165483,-0.00782484,0.260513,0.0696084,0.27089,0.155897,0.181736,0.362631,-0.0974652,0.193414,-0.045783,0.688783,0.532322,0.528457,0.450928,0.286783,0.274895,0.557304,0.485148,0.284984,0.107604,-0.288309,-0.158182,0.215032,-0.0262644,-0.0318201,-0.0332637,0.0269302,0.00660864,0.260513,0.0551908,0.0882329,0.732306,0.0972814,0.146648,-0.0974652,0.0830245,0.0162528,0.688783,0.213646,0.201068,0.450928,-0.0655326,-0.0213211,0.557304,0.092687,0.0440172,0.107604,-0.0283071,-0.0410277,0.215032,0.170412,-0.00353438,-0.0332637,0.0495743,0.000428678,0.260513,-0.247047,-0.128138,0.732306,0.127015,0.0348202,0.155897,-0.0747568,-0.0804033,0.688783,-0.027616,-0.097584,0.450928,0.32251,0.209412,0.557304,0.0330008,0.075682,0.107604,-0.023845,-0.0193705,0.215032,-0.0726722,-0.0226393,-0.0332637,0.209302,0.0799537,0.260513,0.0827914,0.266247,0.732306,0.345712,0.496578,0.155897,0.498787,0.479568,-0.0974652,0.253995,0.102651,0.450928,-0.00645936,0.131875,0.557304,0.339643,0.215453,0.107604,-0.0139052,-0.0464604,0.215032,0.00709733,0.0296287,-0.0332637,0.191355,0.0188855,0.260513,-0.16418,-0.0932711,0.732306,0.198339,0.197686,0.155897,0.113325,-0.0106348,-0.0974652,0.0234397,-0.0450071,0.688783,0.134299,0.0746027,0.557304,0.0944107,0.17199,0.107604,-0.0548005,0.0305921,0.215032,0.326803,0.0297749,-0.0332637,0.363761,-0.00141371,0.260513,-0.152864,0.166217,0.732306,0.914128,1.01629,0.155897,0.275668,0.372602,-0.0974652,0.177888,-0.154007,0.688783,0.80103,0.636254,0.450928,0.791745,0.836813,0.107604,-0.499425,-0.18407,0.215032,-0.123735,0.0399453,-0.0332637,0.0796057,0.000685171,0.260513,0.0524154,-0.100858,0.732306,-0.233361,-0.19063,0.155897,0.00964866,-0.153892,-0.0974652,-0.0197866,0.0298231,0.688783,-0.161691,-0.198645,0.450928,-0.0207585,0.0368572,0.557304,-0.17524,-0.0649281
0.0257998,-0.0319689,-0.020305,0.286535,-0.0217123,-0.0231096,0.775475,-0.0633383,-0.0240384,0.167334,-0.123865,-0.0407755,-0.0732654,-0.0758305,-0.0198642,0.725444,-0.068196,-0.0461077,0.481753,-0.0459057,-0.0167124,0.63285,-0.0895277,-0.0163456,0.128657,-0.0873323,-0.0151668,0.230362,-0.000490012,0.12498,0.286535,-0.316785,-0.568707,0.775475,-0.602478,-0.863645,0.167334,-0.644858,-0.855779,-0.0732654,-0.278756,-0.0461352,0.725444,-1.16111,-1.09487,0.481753,0.380417,0.130294,0.63285,-0.593338,-0.290246,0.128657,0.189647,0.301281,0.230362,0.0194879,-0.025402,0.0257998,-0.0546956,-0.021391,0.775475,0.14186,0.227895,0.167334,-0.0351099,0.17934,-0.0732654,0.090811,0.0253306,0.725444,0.149274,0.198882,0.481753,-0.213753,-0.178982,0.63285,0.159214,0.0329634,0.128657,-0.0930631,-0.0844469,0.230362,0.0973063,-0.0439057,0.0257998,0.15373,-0.0374058,0.286535,0.0808117,0.298978,0.167334,0.194895,0.391142,-0.0732654,0.160372,-0.0417252,0.725444,0.578619,0.560905,0.481753,0.22111,0.296647,0.63285,0.563368,0.325786,0.128657,-0.255759,-0.186139,0.230362,-0.0312197,-0.0338175,0.0257998,0.0141096,-0.00429142,0.286535,0.0655,0.0966076,0.775475,0.107287,0.155029,-0.0732654,0.0617774,0.0120994,0.725444,0.226636,0.212841,0.481753,-0.0831995,-0.0227678,0.63285,0.11339,0.0498867,0.128657,-0.015013,-0.0496508,0.230362,0.164339,-0.00400995,0.0257998,0.0688611,0.00514545,0.286535,-0.279123,-0.140501,0.775475,0.117166,0.0365811,0.167334,-0.0834411,-0.0865346,0.725444,-0.0398614,-0.103486,0.481753,0.33688,0.224141,0.63285,0.0392552,0.085032,0.128657,-0.0365407,-0.0243719,0.230362,-0.0728837,-0.0279609,0.0257998,0.172617,0.0506205,0.286535,0.116894,0.285657,0.775475,0.385138,0.521388,0.167334,0.52822,0.51019,-0.0732654,0.197357,0.0922522,0.481753,-0.0330027,0.137084,0.63285,0.380887,0.235777,0.128657,0.0241714,-0.0692813,0.230362,0.00681218,0.0302182,0.0257998,0.191727,0.0212582,0.286535,-0.184467,-0.10394,0.775475,0.223427,0.207732,0.167334,0.119632,-0.0129076,-0.0732654,0.0345447,-0.0293322,0.725444,0.131016,0.0777489,0.63285,0.09311,0.191679,0.128657,-0.0303699,0.0327581,0.230362,0.288585,0.0332541,0.0257998,0.357721,-0.0328264,0.286535,-0.160537,0.184016,0.775475,0.986003,1.07527,0.167334,0.301251,0.401468,-0.0732654,0.175821,-0.122858,0.725444,0.85609,0.67468,0.481753,0.749225,0.898447,0.128657,-0.420222,-0.218725,0.230362,-0.111904,0.041882,0.0257998,0.0759251,0.0140707,0.286535,0.0448638,-0.111265,0.775475,-0.232302,-0.202019,0.167334,0.00566455,-0.165843,-0.0732654,-0.0151461,0.0251276,0.725444,-0.182354,-0.210804,0.481753,0.00115665,0.038768,0.63285,-0.209125,-0.0746943
0.0848633,-0.0288623,-0.0193982,0.312557,-0.0264516,-0.0233273,0.818643,-0.0655912,-0.0242246,0.178771,-0.124661,-0.0421474,-0.0490655,-0.0685502,-0.0200854,0.762105,-0.0632855,-0.0475129,0.512578,-0.0520161,-0.0164546,0.708397,-0.0835246,-0.0158597,0.149709,-0.0864195,-0.0142069,0.245693,0.0325264,0.132088,0.312557,-0.3695,-0.618179,0.818643,-0.650433,-0.910462,0.178771,-0.694559,-0.914466,-0.0490655,-0.191689,-0.0289318,0.762105,-1.2419,-1.15559,0.512578,0.479065,0.138426,0.708397,-0.688728,-0.324637,0.149709,0.148165,0.353283,0.245693,0.00650034,-0.0259069,0.0848633,-0.0633156,-0.0360269,0.818643,0.146904,0.241046,0.178771,-0.0347304,0.19268,-0.0490655,0.0821291,0.0119907,0.762105,0.177907,0.210768,0.512578,-0.263183,-0.1898,0.708397,0.182689,0.0387283,0.149709,-0.100906,-0.0964076,0.245693,0.0788242,-0.0448281,0.0848633,0.143006,-0.0669868,0.312557,0.09441,0.327066,0.178771,0.211734,0.419654,-0.0490655,0.128862,-0.0376674,0.762105,0.625015,0.593352,0.512578,0.155437,0.3184,0.708397,0.635007,0.366588,0.149709,-0.222576,-0.214096,0.245693,-0.0363664,-0.0358149,0.0848633,0.00105462,-0.0151915,0.312557,0.0764625,0.104982,0.818643,0.117293,0.16341,-0.0490655,0.0413466,0.00794595,0.762105,0.239529,0.224614,0.512578,-0.100867,-0.0242145,0.708397,0.131879,0.0557562,0.149709,-0.00248047,-0.0582739,0.245693,0.157297,-0.00448551,0.0848633,0.0929509,0.00986222,0.312557,-0.309362,-0.152864,0.818643,0.107317,0.0383419,0.178771,-0.091439,-0.092666,0.762105,-0.0517963,-0.109387,0.512578,0.351251,0.23887,0.708397,0.0472101,0.0943821,0.149709,-0.0466444,-0.0293733,0.245693,-0.0731669,-0.0332825,0.0848633,0.131808,0.0212873,0.312557,0.154074,0.305067,0.818643,0.424564,0.546198,0.178771,0.557434,0.540813,-0.0490655,0.143449,0.0818531,0.512578,-0.0595461,0.142293,0.708397,0.417193,0.256101,0.149709,0.0612829,-0.0921021,0.245693,0.00693246,0.0308077,0.0848633,0.191654,0.0236309,0.312557,-0.205114,-0.11461,0.818643,0.248516,0.217778,0.178771,0.124016,-0.0151804,-0.0490655,0.0453464,-0.0136573,0.762105,0.128157,0.0808952,0.708397,0.0958176,0.211368,0.149709,-0.00172384,0.0349241,0.245693,0.247339,0.0367333,0.0848633,0.353004,-0.064239,0.312557,-0.169649,0.201815,0.818643,1.05788,1.13426,0.178771,0.330029,0.430333,-0.0490655,0.175087,-0.0917087,0.762105,0.911745,0.713106,0.512578,0.706704,0.960082,0.149709,-0.332859,-0.253381,0.245693,-0.0990073,0.0438188,0.0848633,0.0681047,0.0274562,0.312557,0.0344871,-0.121671,0.818643,-0.231242,-0.213409,0.178771,-0.00101939,-0.177793,-0.0490655,-0.0110538,0.0204322,0.762105,-0.203115,-0.222963,0.512578,0.0230718,0.0406788,0.708397,-0.239079,-0.0844605
0.143927,-0.0266481,-0.0184914,0.338579,-0.0315449,-0.0235451,0.861811,-0.0676332,-0.0244109,0.190208,-0.12444,-0.0435193,-0.0248657,-0.0616505,-0.0203067,0.798766,-0.0588862,-0.0489181,0.543403,-0.0581265,-0.0161969,0.783943,-0.0763669,-0.0153738,0.170762,-0.0817315,-0.013247,0.261023,0.068579,0.139196,0.338579,-0.431958,-0.667652,0.861811,-0.701207,-0.95728,0.190208,-0.748674,-0.973154,-0.0248657,-0.115508,-0.0117285,0.798766,-1.31759,-1.2163,0.543403,0.577713,0.146558,0.783943,-0.772528,-0.359027,0.170762,0.115262,0.405285,0.261023,-0.00801785,-0.0264119,0.143927,-0.0729609,-0.0506628,0.861811,0.152297,0.254198,0.190208,-0.0298414,0.206019,-0.0248657,0.0730037,-0.00134914,0.798766,0.203759,0.222654,0.543403,-0.312614,-0.200617,0.783943,0.201951,0.0444932,0.170762,-0.114519,-0.108368,0.261023,0.0563407,-0.0457505,0.143927,0.132978,-0.0965678,0.338579,0.111684,0.355155,0.190208,0.233186,0.448166,-0.0248657,0.101693,-0.0336096,0.798766,0.672181,0.625799,0.543403,0.0897638,0.340153,0.783943,0.700029,0.40739,0.170762,-0.189421,-0.242052,0.261023,-0.0414546,-0.0378123,0.143927,-0.0121401,-0.0260915,0.338579,0.0885103,0.113357,0.861811,0.128103,0.171791,-0.0248657,0.0231239,0.00379251,0.798766,0.251663,0.236386,0.543403,-0.118534,-0.0256612,0.783943,0.148105,0.0616257,0.170762,0.0081106,-0.066897,0.261023,0.146068,-0.00496108,0.143927,0.12078,0.014579,0.338579,-0.335239,-0.165228,0.861811,0.0964162,0.0401027,0.190208,-0.0985762,-0.0987973,0.798766,-0.0613232,-0.115289,0.543403,0.365621,0.253599,0.783943,0.0562851,0.103732,0.170762,-0.0516129,-0.0343748,0.261023,-0.0730564,-0.0386042,0.143927,0.0877054,-0.00804592,0.338579,0.195732,0.324477,0.861811,0.465852,0.571008,0.190208,0.586372,0.571436,-0.0248657,0.0967715,0.0714541,0.543403,-0.0860895,0.147503,0.783943,0.448724,0.276425,0.170762,0.0950436,-0.114923,0.261023,0.00820779,0.0313973,0.143927,0.191447,0.0260036,0.338579,-0.226853,-0.125279,0.861811,0.274181,0.227823,0.190208,0.125987,-0.0174532,-0.0248657,0.0555454,0.00201756,0.798766,0.128583,0.0840414,0.783943,0.102525,0.231057,0.170762,0.0342382,0.0370901,0.261023,0.199621,0.0402125,0.143927,0.349055,-0.0956516,0.338579,-0.183288,0.219614,0.861811,1.13189,1.19324,0.190208,0.362811,0.459199,-0.0248657,0.178185,-0.0605597,0.798766,0.972023,0.751533,0.543403,0.664184,1.02172,0.170762,-0.23278,-0.288036,0.261023,-0.0829421,0.0457556,0.143927,0.0573501,0.0408417,0.338579,0.0187598,-0.132078,0.861811,-0.229286,-0.224798,0.190208,-0.0110888,-0.189744,-0.0248657,-0.008183,0.0157368,0.798766,-0.224641,-0.235122,0.543403,0.044987,0.0425896,0.783943,-0.264818,-0.0942267
0.20299,-0.0248488,-0.0175847,0.364601,-0.0366691,-0.0237628,0.90498,-0.0682974,-0.0245971,0.201645,-0.123586,-0.0448913,-0.000665809,-0.0552488,-0.020528,0.835428,-0.0546917,-0.0503233,0.574228,-0.0628054,-0.0159391,0.85949,-0.0674609,-0.0148879,0.191815,-0.0712648,-0.0122872,0.276353,0.104111,0.146305,0.364601,-0.501664,-0.717125,0.90498,-0.769027,-1.0041,0.201645,-0.806546,-1.03184,-0.000665809,-0.052705,0.0054749,0.835428,-1.3916,-1.27702,0.574228,0.660106,0.154689,0.85949,-0.836282,-0.393418,0.191815,0.0995434,0.457287,0.276353,-0.0223546,-0.0269168,0.20299,-0.0830101,-0.0652988,0.90498,0.159961,0.267349,0.201645,-0.0213301,0.219359,-0.000665809,0.0627147,-0.014689,0.835428,0.228587,0.23454,0.574228,-0.358173,-0.211435,0.85949,0.214382,0.050258,0.191815,-0.137576,-0.120329,0.276353,0.0327624,-0.0466729,0.20299,0.122821,-0.126149,0.364601,0.131205,0.383243,0.201645,0.25803,0.476677,-0.000665809,0.0809132,-0.0295518,0.835428,0.719543,0.658247,0.574228,0.031673,0.361906,0.85949,0.753734,0.448192,0.191815,-0.158075,-0.270009,0.276353,-0.0461654,-0.0398097,0.20299,-0.0253777,-0.0369916,0.364601,0.101269,0.121732,0.90498,0.143716,0.180172,-0.000665809,0.0078129,-0.00036094,0.835428,0.26356,0.248159,0.574228,-0.132989,-0.0271079,0.85949,0.160415,0.0674953,0.191815,0.0147717,-0.0755201,0.276353,0.132145,-0.00543664,0.20299,0.149873,0.0192958,0.364601,-0.357555,-0.177591,0.90498,0.0794093,0.0418636,0.201645,-0.104975,-0.104929,0.835428,-0.0699888,-0.121191,0.574228,0.376061,0.268328,0.85949,0.0666331,0.113082,0.191815,-0.0477606,-0.0393762,0.276353,-0.0724228,-0.0439258,0.20299,0.0420764,-0.0373791,0.364601,0.239985,0.343887,0.90498,0.518078,0.595818,0.201645,0.615264,0.602059,-0.000665809,0.0590941,0.061055,0.574228,-0.103939,0.152712,0.85949,0.47233,0.29675,0.191815,0.121071,-0.137744,0.276353,0.00999673,0.0319868,0.20299,0.190897,0.0283763,0.364601,-0.249573,-0.135948,0.90498,0.302997,0.237869,0.201645,0.126028,-0.019726,-0.000665809,0.0656823,0.0176924,0.835428,0.130168,0.0871876,0.85949,0.116004,0.250746,0.191815,0.0813435,0.0392561,0.276353,0.150279,0.0436917,0.20299,0.344394,-0.127064,0.364601,-0.201035,0.237413,0.90498,1.21845,1.25223,0.201645,0.398428,0.488065,-0.000665809,0.187094,-0.0294106,0.835428,1.03383,0.789959,0.574228,0.63367,1.08335,0.191815,-0.115603,-0.322692,0.276353,-0.0653881,0.0476924,0.20299,0.0455413,0.0542271,0.364601,-0.000826062,-0.142485,0.90498,-0.22222,-0.236187,0.201645,-0.0238276,-0.201695,-0.000665809,-0.00604396,0.0110413,0.835428,-0.246315,-0.247281,0.574228,0.064835,0.0445003,0.85949,-0.283086,-0.103993
0.262054,-0.0236768,-0.0166779,0.390623,-0.0414949,-0.0239805,0.948148,-0.0687049,-0.0247833,0.213082,-0.12214,-0.0462632,0.023534,-0.0496007,-0.0207492,0.872089,-0.0512306,-0.0517286,0.605053,-0.0672368,-0.0156814,0.935037,-0.0581798,-0.014402,0.212867,-0.0582485,-0.0113273,0.291683,0.139643,0.153413,0.390623,-0.581583,-0.766598,0.948148,-0.839421,-1.05092,0.213082,-0.868027,-1.09053,0.023534,-0.00947691,0.0226783,0.872089,-1.45987,-1.33774,0.605053,0.739643,0.162821,0.935037,-0.895536,-0.427809,0.212867,0.1035,0.509289,0.291683,-0.0366914,-0.0274218,0.262054,-0.0933324,-0.0799347,0.948148,0.168052,0.280501,0.213082,-0.00935242,0.232698,0.023534,0.0502084,-0.0280289,0.872089,0.249879,0.246426,0.605053,-0.403043,-0.222252,0.935037,0.225303,0.0560229,0.212867,-0.166631,-0.132289,0.291683,0.00918402,-0.0475953,0.262054,0.110531,-0.15573,0.390623,0.153375,0.411331,0.213082,0.286099,0.505189,0.023534,0.0703581,-0.025494,0.872089,0.767385,0.690694,0.605053,-0.0250649,0.383659,0.935037,0.804901,0.488994,0.212867,-0.1328,-0.297966,0.291683,-0.0508762,-0.0418071,0.262054,-0.0385939,-0.0478916,0.390623,0.1149,0.130106,0.948148,0.160025,0.188554,0.023534,-0.00307247,-0.00451439,0.872089,0.274672,0.259932,0.605053,-0.146881,-0.0285546,0.935037,0.171843,0.0733648,0.212867,0.016839,-0.0841432,0.291683,0.118222,-0.00591221,0.262054,0.178881,0.0240125,0.390623,-0.374373,-0.189954,0.948148,0.0616022,0.0436244,0.213082,-0.110664,-0.11106,0.872089,-0.0757859,-0.127093,0.605053,0.385814,0.283057,0.935037,0.0772399,0.122432,0.212867,-0.0371494,-0.0443776,0.291683,-0.0717892,-0.0492475,0.262054,-0.00586417,-0.0667123,0.390623,0.28691,0.363297,0.948148,0.571803,0.620627,0.213082,0.644126,0.632681,0.023534,0.0346827,0.050656,0.605053,-0.120266,0.157921,0.935037,0.494174,0.317074,0.212867,0.135912,-0.160565,0.291683,0.0117857,0.0325763,0.262054,0.188574,0.0307491,0.390623,-0.273796,-0.146618,0.948148,0.332122,0.247915,0.213082,0.124223,-0.0219988,0.023534,0.0762927,0.0333673,0.872089,0.135595,0.0903338,0.935037,0.130994,0.270435,0.212867,0.1332,0.0414221,0.291683,0.100936,0.0471709,0.262054,0.3341,-0.158477,0.390623,-0.225135,0.255212,0.948148,1.30671,1.31121,0.213082,0.436732,0.51693,0.023534,0.205423,0.0017384,0.872089,1.10032,0.828385,0.605053,0.605278,1.14499,0.212867,0.00206089,-0.357347,0.291683,-0.0478341,0.0496291,0.262054,0.0333871,0.0676126,0.390623,-0.0257045,-0.152891,0.948148,-0.214534,-0.247577,0.213082,-0.0391173,-0.213645,0.023534,-0.00433526,0.00634588,0.872089,-0.268354,-0.25944,0.605053,0.084321,0.0464111,0.935037,-0.299669,-0.113759
0.321117,-0.0227056,-0.0157711,0.416645,-0.0456595,-0.0241983,0.991316,-0.0682529,-0.0249696,0.224519,-0.119543,-0.0476351,0.0477339,-0.0442152,-0.0209705,0.90875,-0.0482469,-0.0531338,0.635877,-0.0712539,-0.0154236,1.01058,-0.0472617,-0.0139161,0.23392,-0.0449154,-0.0103674,0.307013,0.175175,0.160521,0.416645,-0.671643,-0.81607,0.991316,-0.916882,-1.09773,0.224519,-0.937613,-1.14922,0.0477339,0.027271,0.0398816,0.90875,-1.52481,-1.39846,0.635877,0.797766,0.170953,1.01058,-0.931787,-0.4622,0.23392,0.110312,0.561291,0.307013,-0.0510281,-0.0279267,0.321117,-0.103674,-0.0945706,0.991316,0.177623,0.293653,0.224519,0.0102448,0.246038,0.0477339,0.0368679,-0.0413688,0.90875,0.26914,0.258312,0.635877,-0.439261,-0.23307,1.01058,0.228795,0.0617877,0.23392,-0.196494,-0.14425,0.307013,-0.0143943,-0.0485177,0.321117,0.0971668,-0.185311,0.416645,0.17884,0.43942,0.224519,0.321,0.5337,0.0477339,0.0632794,-0.0214362,0.90875,0.81503,0.723142,0.635877,-0.0644745,0.405412,1.01058,0.843037,0.529796,0.23392,-0.108459,-0.325923,0.307013,-0.0555871,-0.0438045,0.321117,-0.0517859,-0.0587917,0.416645,0.129316,0.138481,0.991316,0.17813,0.196935,0.0477339,-0.0124629,-0.00866783,0.90875,0.285382,0.271705,0.635877,-0.156546,-0.0300013,1.01058,0.178709,0.0792343,0.23392,0.0182382,-0.0927663,0.307013,0.104298,-0.00638777,0.321117,0.207459,0.0287293,0.416645,-0.385108,-0.202317,0.991316,0.0420091,0.0453853,0.224519,-0.114753,-0.117191,0.90875,-0.0802571,-0.132994,0.635877,0.391373,0.297786,1.01058,0.0889108,0.131782,0.23392,-0.0256011,-0.049379,0.307013,-0.0711556,-0.0545691,0.321117,-0.0545457,-0.0960455,0.416645,0.336024,0.382707,0.991316,0.62914,0.645437,0.224519,0.67306,0.663304,0.0477339,0.0146668,0.0402569,0.635877,-0.126596,0.16313,1.01058,0.507207,0.337398,0.23392,0.149099,-0.183386,0.307013,0.0135746,0.0331658,0.321117,0.18543,0.0331218,0.416645,-0.298846,-0.157287,0.991316,0.361523,0.25796,0.224519,0.118364,-0.0242715,0.0477339,0.0871089,0.0490422,0.90875,0.142788,0.09348,1.01058,0.153566,0.290124,0.23392,0.185641,0.0435882,0.307013,0.0515938,0.0506501,0.321117,0.321082,-0.18989,0.416645,-0.252931,0.273011,0.991316,1.39898,1.37019,0.224519,0.480629,0.545796,0.0477339,0.226932,0.0328874,0.90875,1.16774,0.866812,0.635877,0.59727,1.20662,0.23392,0.119544,-0.392003,0.307013,-0.0302801,0.0515659,0.321117,0.0213744,0.0809981,0.416645,-0.0558957,-0.163298,0.991316,-0.205673,-0.258966,0.224519,-0.0599736,-0.225596,0.0477339,-0.00267616,0.00165044,0.90875,-0.290381,-0.271599,0.635877,0.101544,0.0483219,1.01058,-0.30757,-0.123525
0.380181,-0.0217345,-0.0148644,0.442667,-0.0487235,-0.024416,1.03448,-0.0667105,-0.0251558,0.235956,-0.116728,-0.049007,0.0719338,-0.0397113,-0.0211918,0.945412,-0.0457159,-0.054539,0.666702,-0.0752305,-0.0151659,1.08613,-0.0359072,-0.0134301,0.254972,-0.0315833,-0.00940757,0.322343,0.209425,0.167629,0.442667,-0.769117,-0.865543,1.03448,-0.999703,-1.14455,0.235956,-1.0088,-1.2079,0.0719338,0.0436634,0.057085,0.945412,-1.58683,-1.45917,0.666702,0.850112,0.179085,1.08613,-0.961009,-0.496591,0.254972,0.13587,0.613293,0.322343,-0.0647753,-0.0284317,0.380181,-0.114016,-0.109207,1.03448,0.189189,0.306804,0.235956,0.0313346,0.259377,0.0719338,0.0206606,-0.0547087,0.945412,0.286677,0.270197,0.666702,-0.472974,-0.243887,1.08613,0.230083,0.0675526,0.254972,-0.229194,-0.156211,0.322343,-0.0375302,-0.0494401,0.380181,0.0838031,-0.214892,0.442667,0.208335,0.467508,0.235956,0.357226,0.562212,0.0719338,0.0671201,-0.0173784,0.945412,0.862089,0.755589,0.666702,-0.0988533,0.427165,1.08613,0.877182,0.570598,0.254972,-0.0922938,-0.35388,0.322343,-0.0600513,-0.0458019,0.380181,-0.0649779,-0.0696918,0.442667,0.144196,0.146855,1.03448,0.197272,0.205316,0.0719338,-0.0170904,-0.0128213,0.945412,0.295778,0.283478,0.666702,-0.165071,-0.0314481,1.08613,0.184168,0.0851038,0.254972,0.0152043,-0.101389,0.322343,0.0897543,-0.00686334,0.380181,0.236036,0.0334461,0.442667,-0.390293,-0.21468,1.03448,0.0222229,0.0471461,0.235956,-0.118528,-0.123323,0.945412,-0.0838977,-0.138896,0.666702,0.395848,0.312515,1.08613,0.100848,0.141132,0.254972,-0.00960959,-0.0543805,0.322343,-0.0702747,-0.0598908,0.380181,-0.103227,-0.125379,0.442667,0.38619,0.402117,1.03448,0.687797,0.670247,0.235956,0.702016,0.693927,0.0719338,0.00842622,0.0298579,0.666702,-0.130301,0.168339,1.08613,0.517595,0.357722,0.254972,0.150236,-0.206207,0.322343,0.0153742,0.0337554,0.380181,0.182286,0.0354945,0.442667,-0.323054,-0.167956,1.03448,0.389501,0.268006,0.235956,0.111712,-0.0265443,0.0719338,0.0985165,0.0647171,0.945412,0.15108,0.0966262,1.08613,0.178422,0.309813,0.254972,0.237824,0.0457542,0.322343,0.00307012,0.0541293,0.380181,0.308063,-0.221302,0.442667,-0.277685,0.29081,1.03448,1.49234,1.42918,0.235956,0.525606,0.574661,0.0719338,0.258242,0.0640365,0.945412,1.23437,0.905238,0.666702,0.594982,1.26825,0.254972,0.226083,-0.426658,0.322343,-0.0126412,0.0535027,0.380181,0.0093618,0.0943836,0.442667,-0.0901573,-0.173705,1.03448,-0.197403,-0.270356,0.235956,-0.0819181,-0.237547,0.0719338,-0.00103535,-0.003045,0.945412,-0.312233,-0.283758,0.666702,0.11818,0.0502327,1.08613,-0.312803,-0.133291
0.439244,-0.0208727,-0.0139576,0.468689,-0.0499551,-0.0246338,1.07765,-0.0649943,-0.025342,0.247393,-0.112994,-0.0503789,0.0961336,-0.0359898,-0.0214131,0.982073,-0.043857,-0.0559442,0.697527,-0.0792989,-0.0149082,1.16168,-0.0245527,-0.0129442,0.276025,-0.0195957,-0.00844771,0.337673,0.23306,0.174737,0.468689,-0.871708,-0.915016,1.07765,-1.08333,-1.19137,0.247393,-1.08724,-1.26659,0.0961336,0.0503528,0.0742883,0.982073,-1.6452,-1.51989,0.697527,0.880737,0.187216,1.16168,-0.990231,-0.530982,0.276025,0.179414,0.665295,0.337673,-0.0736257,-0.0289366,0.439244,-0.123378,-0.123842,1.07765,0.201073,0.319956,0.247393,0.0591443,0.272716,0.0961336,0.00203052,-0.0680485,0.982073,0.302251,0.282083,0.697527,-0.496675,-0.254705,1.16168,0.231371,0.0733174,0.276025,-0.263026,-0.168171,0.337673,-0.05667,-0.0503625,0.439244,0.0641791,-0.244473,0.468689,0.243565,0.495596,0.247393,0.399314,0.590724,0.0961336,0.0750191,-0.0133207,0.982073,0.907106,0.788036,0.697527,-0.113099,0.448917,1.16168,0.911327,0.6114,0.276025,-0.0852941,-0.381837,0.337673,-0.0625463,-0.0477993,0.439244,-0.077904,-0.0805918,0.468689,0.159211,0.15523,1.07765,0.216562,0.213697,0.0961336,-0.0191926,-0.0169747,0.982073,0.305919,0.29525,0.697527,-0.169311,-0.0328948,1.16168,0.189627,0.0909733,0.276025,0.0078859,-0.110012,0.337673,0.0707056,-0.00733891,0.439244,0.258523,0.0381628,0.468689,-0.389717,-0.227043,1.07765,0.00243479,0.0489069,0.247393,-0.120868,-0.129454,0.982073,-0.0875614,-0.144798,0.697527,0.396414,0.327244,1.16168,0.112785,0.150482,0.276025,0.00954122,-0.0593819,0.337673,-0.0674562,-0.0652124,0.439244,-0.152324,-0.154712,0.468689,0.436199,0.421527,1.07765,0.746619,0.695057,0.247393,0.731128,0.724549,0.0961336,0.00840196,0.0194588,0.697527,-0.124376,0.173549,1.16168,0.527983,0.378046,0.276025,0.139039,-0.229027,0.337673,0.0171287,0.0343449,0.439244,0.175019,0.0378672,0.468689,-0.344078,-0.178626,1.07765,0.417228,0.278052,0.247393,0.101488,-0.0288171,0.0961336,0.109089,0.080392,0.982073,0.159312,0.0997724,1.16168,0.203279,0.329502,0.276025,0.287113,0.0479202,0.337673,-0.038165,0.0576085,0.439244,0.280196,-0.252715,0.468689,-0.290006,0.308609,1.07765,1.58582,1.48816,0.247393,0.575316,0.603527,0.0961336,0.291725,0.0951855,0.982073,1.29484,0.943664,0.697527,0.614961,1.32989,0.276025,0.315811,-0.461314,0.337673,0.00532102,0.0554394,0.439244,0.00108832,0.107769,0.468689,-0.127575,-0.184112,1.07765,-0.189256,-0.281745,0.247393,-0.108746,-0.249498,0.0961336,0.000725939,-0.00774044,0.982073,-0.333343,-0.295917,0.697527,0.132681,0.0521435,1.16168,-0.318037,-0.143058
0.498308,-0.0199749,-0.0130508,0.494711,-0.0500454,-0.0248515,1.12082,-0.0629324,-0.0255283,0.25883,-0.108095,-0.0517508,0.120333,-0.0330638,-0.0216343,1.01873,-0.0422651,-0.0573494,0.728352,-0.0836027,-0.0146504,1.23722,-0.012583,-0.0124583,0.297078,-0.0120288,-0.00748784,0.353003,0.250359,0.181845,0.494711,-0.975595,-0.964489,1.12082,-1.16779,-1.23819,0.25883,-1.17564,-1.32528,0.120333,0.0567227,0.0914917,1.01873,-1.70237,-1.58061,0.728352,0.890544,0.195348,1.23722,-1.00482,-0.565373,0.297078,0.247451,0.717297,0.353003,-0.079521,-0.0294416,0.498308,-0.132067,-0.138478,1.12082,0.213618,0.333107,0.25883,0.0960895,0.286056,0.120333,-0.0188574,-0.0813884,1.01873,0.317258,0.293969,0.728352,-0.51037,-0.265522,1.23722,0.228375,0.0790823,0.297078,-0.295333,-0.180132,0.353003,-0.0727276,-0.0512849,0.498308,0.0409107,-0.274054,0.494711,0.282112,0.523685,0.25883,0.449229,0.619235,0.120333,0.0804741,-0.00926286,1.01873,0.950893,0.820484,0.728352,-0.107167,0.47067,1.23722,0.937109,0.652202,0.297078,-0.0933233,-0.409793,0.353003,-0.0640173,-0.0497967,0.498308,-0.0906635,-0.0914919,0.494711,0.174144,0.163605,1.12082,0.235883,0.222078,0.120333,-0.0206918,-0.0211282,1.01873,0.316031,0.307023,0.728352,-0.169446,-0.0343415,1.23722,0.192097,0.0968429,0.297078,-0.00532697,-0.118636,0.353003,0.0503035,-0.00781447,0.498308,0.277127,0.0428796,0.494711,-0.386465,-0.239406,1.12082,-0.0169161,0.0506678,0.25883,-0.121235,-0.135585,1.01873,-0.0916835,-0.150699,0.728352,0.393384,0.341973,1.23722,0.125006,0.159833,0.297078,0.0308667,-0.0643833,0.353003,-0.0637129,-0.0705341,0.498308,-0.201296,-0.184045,0.494711,0.485609,0.440937,1.12082,0.805074,0.719867,0.25883,0.760532,0.755172,0.120333,0.00782125,0.0090598,0.728352,-0.10941,0.178758,1.23722,0.533071,0.398371,0.297078,0.109564,-0.251848,0.353003,0.0185772,0.0349344,0.498308,0.165415,0.04024,0.494711,-0.362653,-0.189295,1.12082,0.444078,0.288097,0.25883,0.086414,-0.0310899,0.120333,0.117165,0.0960669,1.01873,0.166914,0.102919,1.23722,0.232743,0.349191,0.297078,0.327362,0.0500862,0.353003,-0.0739779,0.0610877,0.498308,0.243782,-0.284128,0.494711,-0.292654,0.326408,1.12082,1.6787,1.54715,0.25883,0.631289,0.632393,0.120333,0.319809,0.126335,1.01873,1.3511,0.98209,0.728352,0.656852,1.39152,0.297078,0.370492,-0.49597,0.353003,0.0226812,0.0573762,0.498308,-0.00473456,0.121155,0.494711,-0.166011,-0.194518,1.12082,-0.181797,-0.293134,0.25883,-0.142189,-0.261448,0.120333,0.00267193,-0.0124359,1.01873,-0.353987,-0.308076,0.728352,0.145182,0.0540543,1.23722,-0.317642,-0.152824
0.557371,-0.0190498,-0.0121441,0.520733,-0.0476302,-0.0250692,1.16399,-0.0597531,-0.0257145,0.270267,-0.103058,-0.0531227,0.144533,-0.0308094,-0.0218556,1.0554,-0.0414102,-0.0587547,0.759177,-0.0879958,-0.0143927,1.31277,-0.000514052,-0.0119724,0.31813,-0.00892577,-0.00652798,0.368333,0.258432,0.188953,0.520733,-1.07999,-1.01396,1.16399,-1.25402,-1.285,0.270267,-1.26524,-1.38397,0.144533,0.0701461,0.108695,1.0554,-1.7571,-1.64133,0.759177,0.885561,0.20348,1.31277,-1.01249,-0.599763,0.31813,0.334898,0.769299,0.368333,-0.081097,-0.0299465,0.557371,-0.14063,-0.153114,1.16399,0.228326,0.346259,0.270267,0.134132,0.299395,0.144533,-0.0414943,-0.0947283,1.0554,0.331458,0.305855,0.759177,-0.51698,-0.27634,1.31277,0.223552,0.0848471,0.31813,-0.325293,-0.192092,0.368333,-0.0841362,-0.0522073,0.557371,0.0170816,-0.303635,0.520733,0.327625,0.551773,0.270267,0.50008,0.647747,0.144533,0.0788249,-0.00520507,1.0554,0.989792,0.852931,0.759177,-0.0868324,0.492423,1.31277,0.958903,0.693004,0.31813,-0.114207,-0.43775,0.368333,-0.0640341,-0.0517941,0.557371,-0.103395,-0.102392,0.520733,0.18869,0.171979,1.16399,0.254983,0.230459,0.144533,-0.023189,-0.0252816,1.0554,0.32633,0.318796,0.759177,-0.166672,-0.0357882,1.31277,0.193113,0.102712,0.31813,-0.0232332,-0.127259,0.368333,0.0282434,-0.00829004,0.557371,0.295061,0.0475964,0.520733,-0.378462,-0.25177,1.16399,-0.0343253,0.0524286,0.270267,-0.121365,-0.141717,1.0554,-0.0986707,-0.156601,0.759177,0.387917,0.356702,1.31277,0.137184,0.169183,0.31813,0.0531265,-0.0693847,0.368333,-0.0586899,-0.0758557,0.557371,-0.25017,-0.213378,0.520733,0.533088,0.460347,1.16399,0.861514,0.744677,0.270267,0.789973,0.785795,0.144533,0.00149481,-0.00133925,0.759177,-0.0880874,0.183967,1.31277,0.535791,0.418695,0.31813,0.0650529,-0.274669,0.368333,0.0195045,0.0355239,0.557371,0.155464,0.0426127,0.520733,-0.375276,-0.199964,1.16399,0.467642,0.298143,0.270267,0.0707569,-0.0333627,0.144533,0.121871,0.111742,1.0554,0.170625,0.106065,1.31277,0.26429,0.368881,0.31813,0.358557,0.0522522,0.368333,-0.101616,0.0645669,0.557371,0.206074,-0.31554,0.520733,-0.271688,0.344207,1.16399,1.7686,1.60613,0.270267,0.688009,0.661258,0.144533,0.337497,0.157484,1.0554,1.38939,1.02052,0.759177,0.714419,1.45316,0.31813,0.392889,-0.530625,0.368333,0.0389847,0.059313,0.557371,-0.010121,0.13454,0.520733,-0.205513,-0.204925,1.16399,-0.177093,-0.304524,0.270267,-0.176426,-0.273399,0.144533,0.00482164,-0.0171313,1.0554,-0.372729,-0.320235,0.759177,0.156239,0.0559651,1.31277,-0.31454,-0.16259
0.616435,-0.0176364,-0.0112373,0.546755,-0.0419535,-0.025287,1.20716,-0.0557971,-0.0259007,0.281704,-0.0968925,-0.0544946,0.168733,-0.0292962,-0.0220769,1.09206,-0.0406653,-0.0601599,0.790001,-0.0924222,-0.0141349,1.38832,0.0106371,-0.0114865,0.339183,-0.0058227,-0.00556811,0.383663,0.258652,0.196061,0.546755,-1.18138,-1.06343,1.20716,-1.33947,-1.33182,0.281704,-1.36524,-1.44265,0.168733,0.0983484,0.125898,1.09206,-1.81154,-1.70204,0.790001,0.867247,0.211611,1.38832,-1.01087,-0.634154,0.339183,0.422344,0.821301,0.383663,-0.0789695,-0.0304515,0.616435,-0.147109,-0.16775,1.20716,0.244601,0.35941,0.281704,0.181632,0.312735,0.168733,-0.0659113,-0.108068,1.09206,0.345601,0.317741,0.790001,-0.517231,-0.287157,1.38832,0.217367,0.090612,0.339183,-0.355254,-0.204053,0.383663,-0.0915532,-0.0531297,0.616435,-0.0158178,-0.333216,0.546755,0.381775,0.579861,0.281704,0.558903,0.676259,0.168733,0.0645206,-0.00114728,1.09206,1.02784,0.885379,0.790001,-0.0535215,0.514176,1.38832,0.97516,0.733806,0.339183,-0.135091,-0.465707,0.383663,-0.0628256,-0.0537915,0.616435,-0.115665,-0.113292,0.546755,0.202404,0.180354,1.20716,0.27324,0.238841,0.168733,-0.0282272,-0.0294351,1.09206,0.33668,0.330569,0.790001,-0.161281,-0.0372349,1.38832,0.191966,0.108582,0.339183,-0.0411394,-0.135882,0.383663,0.00485288,-0.0087656,0.616435,0.301989,0.0523132,0.546755,-0.365996,-0.264133,1.20716,-0.0492325,0.0541894,0.281704,-0.119434,-0.147848,1.09206,-0.106219,-0.162503,0.790001,0.380309,0.371431,1.38832,0.148336,0.178533,0.339183,0.0753862,-0.0743861,0.383663,-0.0526282,-0.0811774,0.616435,-0.297266,-0.242712,0.546755,0.577052,0.479757,1.20716,0.914738,0.769487,0.281704,0.819789,0.816418,0.168733,-0.0162117,-0.0117383,0.790001,-0.0610592,0.189176,1.38832,0.536085,0.439019,0.339183,0.0205419,-0.29749,0.383663,0.0199408,0.0361135,0.616435,0.139944,0.0449854,0.546755,-0.379188,-0.210634,1.20716,0.487938,0.308189,0.281704,0.0500809,-0.0356355,0.168733,0.121649,0.127417,1.09206,0.173575,0.109211,1.38832,0.2981,0.38857,0.339183,0.389752,0.0544182,0.383663,-0.122148,0.0680461,0.616435,0.147484,-0.346953,0.546755,-0.216089,0.362006,1.20716,1.85421,1.66512,0.281704,0.751053,0.690124,0.168733,0.338136,0.188633,1.09206,1.42448,1.05894,0.790001,0.786146,1.51479,0.339183,0.415285,-0.565281,0.383663,0.0543587,0.0612498,0.616435,-0.00831468,0.147926,0.546755,-0.24456,-0.215332,1.20716,-0.175462,-0.315913,0.281704,-0.217492,-0.28535,0.168733,0.0072418,-0.0218268,1.09206,-0.391135,-0.332394,0.790001,0.165981,0.0578758,1.38832,-0.307544,-0.172356
0.675498,-0.0157508,-0.0103305,0.572777,-0.0350426,-0.0255047,1.25033,-0.0510773,-0.026087,0.293141,-0.0898927,-0.0558666,0.192933,-0.028548,-0.0222981,1.12872,-0.0404086,-0.0615651,0.820826,-0.0967248,-0.0138772,1.46386,0.0216908,-0.0110005,0.360235,-0.0147681,-0.00460824,0.398993,0.250226,0.203169,0.572777,-1.28128,-1.11291,1.25033,-1.42306,-1.37864,0.293141,-1.47301,-1.50134,0.192933,0.149582,0.143102,1.12872,-1.86544,-1.76276,0.820826,0.830683,0.219743,1.46386,-1.00842,-0.668545,0.360235,0.54906,0.873303,0.398993,-0.0727172,-0.0309564,0.675498,-0.152005,-0.182386,1.25033,0.262455,0.372562,0.293141,0.236187,0.326074,0.192933,-0.0920043,-0.121408,1.12872,0.360116,0.329627,0.820826,-0.508885,-0.297975,1.46386,0.211076,0.0963768,0.360235,-0.376895,-0.216014,0.398993,-0.0945576,-0.0540521,0.675498,-0.0550087,-0.362797,0.572777,0.439183,0.60795,0.293141,0.623622,0.70477,0.192933,0.0319283,0.00291051,1.12872,1.06092,0.917826,0.820826,-0.0024604,0.535929,1.46386,0.990918,0.774608,0.360235,-0.18495,-0.493664,0.398993,-0.0602799,-0.0557889,0.675498,-0.1276,-0.124192,0.572777,0.215772,0.188729,1.25033,0.290284,0.247222,0.192933,-0.0374952,-0.0335885,1.12872,0.347462,0.342342,0.820826,-0.152319,-0.0386816,1.46386,0.190622,0.114451,0.360235,-0.068611,-0.144505,0.398993,-0.0199455,-0.00924117,0.675498,0.300833,0.0570299,0.572777,-0.351978,-0.276496,1.25033,-0.061039,0.0559503,0.293141,-0.115998,-0.15398,1.12872,-0.117524,-0.168404,0.820826,0.369964,0.38616,1.46386,0.159381,0.187883,0.360235,0.0970574,-0.0793876,0.398993,-0.0454972,-0.086499,0.675498,-0.342638,-0.272045,0.572777,0.619584,0.499167,1.25033,0.963792,0.794297,0.293141,0.849928,0.84704,0.192933,-0.0511815,-0.0221373,0.820826,-0.0263099,0.194385,1.46386,0.536173,0.459343,0.360235,-0.0561194,-0.320311,0.398993,0.0197708,0.036703,0.675498,0.120643,0.0473581,0.572777,-0.379695,-0.221303,1.25033,0.504472,0.318234,0.293141,0.0256328,-0.0379083,0.192933,0.11514,0.143092,1.12872,0.171444,0.112357,1.46386,0.332105,0.408259,0.360235,0.396686,0.0565843,0.398993,-0.134661,0.0715253,0.675498,0.0745391,-0.378365,0.572777,-0.146972,0.379805,1.25033,1.93439,1.7241,0.293141,0.818527,0.71899,0.192933,0.315016,0.219782,1.12872,1.44038,1.09737,0.820826,0.877372,1.57643,0.360235,0.358201,-0.599936,0.398993,0.0687069,0.0631865,0.675498,-0.00115301,0.161311,0.572777,-0.283269,-0.225738,1.25033,-0.177497,-0.327303,0.293141,-0.263627,-0.2973,0.192933,0.00995148,-0.0265222,1.12872,-0.407568,-0.344553,0.820826,0.173869,0.0597866,1.46386,-0.300196,-0.182122
0.734562,-0.0133128,-0.00942374,0.598799,-0.0250691,-0.0257225,1.29349,-0.0457572,-0.0262732,0.304578,-0.082093,-0.0572385,0.217133,-0.0283378,-0.0225194,1.16538,-0.0407009,-0.0629703,0.851651,-0.100586,-0.0136195,1.53941,0.0327446,-0.0105146,0.381288,-0.0273474,-0.00364838,0.414323,0.235697,0.210277,0.598799,-1.3768,-1.16238,1.29349,-1.50424,-1.42546,0.304578,-1.58606,-1.56003,0.217133,0.219724,0.160305,1.16538,-1.91923,-1.82348,0.851651,0.776601,0.227875,1.53941,-1.00597,-0.702936,0.381288,0.685854,0.925305,0.414323,-0.0634272,-0.0314614,0.734562,-0.155185,-0.197022,1.29349,0.281577,0.385714,0.304578,0.295729,0.339414,0.217133,-0.119248,-0.134748,1.16538,0.375453,0.341513,0.851651,-0.492486,-0.308792,1.53941,0.204785,0.102142,0.381288,-0.395713,-0.227974,0.414323,-0.0944012,-0.0549745,0.734562,-0.100784,-0.392378,0.598799,0.504975,0.636038,0.304578,0.692551,0.733282,0.217133,-0.0147277,0.0069683,1.16538,1.08789,0.950273,0.851651,0.0656102,0.557682,1.53941,1.00668,0.81541,0.381288,-0.24282,-0.521621,0.414323,-0.0568233,-0.0577863,0.734562,-0.139176,-0.135092,0.598799,0.228192,0.197103,1.29349,0.306056,0.255603,0.217133,-0.0503306,-0.037742,1.16538,0.358845,0.354114,0.851651,-0.139956,-0.0401283,1.53941,0.189277,0.120321,0.381288,-0.0985494,-0.153128,0.414323,-0.0455829,-0.00971673,0.734562,0.291019,0.0617467,0.598799,-0.334159,-0.288859,1.29349,-0.069875,0.0577111,0.304578,-0.111842,-0.160111,1.16538,-0.133682,-0.174306,0.851651,0.357366,0.400889,1.53941,0.170427,0.197233,0.381288,0.118079,-0.084389,0.414323,-0.0378137,-0.0918207,0.734562,-0.385993,-0.301378,0.598799,0.658224,0.518577,1.29349,1.00873,0.819107,0.304578,0.880393,0.877663,0.217133,-0.0997994,-0.0325364,0.851651,0.0156803,0.199595,1.53941,0.53626,0.479668,0.381288,-0.141358,-0.343132,0.414323,0.0189943,0.0372925,0.734562,0.0974239,0.0497308,0.598799,-0.371252,-0.231972,1.29349,0.517594,0.32828,0.304578,-0.00173025,-0.0401811,0.217133,0.104476,0.158766,1.16538,0.162765,0.115503,1.53941,0.36611,0.427948,0.381288,0.396249,0.0587503,0.414323,-0.14099,0.0750045,0.734562,-0.013372,-0.409778,0.598799,-0.0427597,0.397604,1.29349,2.00927,1.78309,0.304578,0.887265,0.747855,0.217133,0.273221,0.250931,1.16538,1.43252,1.1358,0.851651,0.987531,1.63806,0.381288,0.278021,-0.634592,0.414323,0.0823252,0.0651233,0.734562,0.0117732,0.174697,0.598799,-0.320792,-0.236145,1.29349,-0.182947,-0.338692,0.304578,-0.313223,-0.309251,0.217133,0.0126716,-0.0312176,1.16538,-0.421532,-0.356712,0.851651,0.17988,0.0616974,1.53941,-0.292847,-0.191889
0.793625,-0.0102498,-0.00851697,0.624821,-0.0138298,-0.0259402,1.33666,-0.0388733,-0.0264595,0.316015,-0.0740818,-0.0586104,0.241333,-0.0284494,-0.0227407,1.20204,-0.0410494,-0.0643756,0.882476,-0.104348,-0.0133617,1.61496,0.0437984,-0.0100287,0.402341,-0.048839,-0.00268851,0.429653,0.208983,0.217385,0.624821,-1.47004,-1.21185,1.33666,-1.57636,-1.47228,0.316015,-1.70003,-1.61872,0.241333,0.302814,0.177509,1.20204,-1.97303,-1.88419,0.882476,0.718762,0.236007,1.61496,-1.00352,-0.737327,0.402341,0.847089,0.977307,0.429653,-0.0479495,-0.0319663,0.793625,-0.156514,-0.211658,1.33666,0.304263,0.398865,0.316015,0.356199,0.352753,0.241333,-0.147199,-0.148088,1.20204,0.390881,0.353399,0.882476,-0.474363,-0.31961,1.61496,0.198494,0.107907,0.402341,-0.406233,-0.239935,0.429653,-0.0878886,-0.0558969,0.793625,-0.153476,-0.421959,0.624821,0.57444,0.664126,0.316015,0.762278,0.761794,0.241333,-0.0697609,0.0110261,1.20204,1.1143,0.982721,0.882476,0.137328,0.579434,1.61496,1.02243,0.856212,0.402341,-0.321395,-0.549578,0.429653,-0.0515795,-0.0597837,0.793625,-0.150371,-0.145992,0.624821,0.240165,0.205478,1.33666,0.317545,0.263984,0.241333,-0.065697,-0.0418954,1.20204,0.370284,0.365887,0.882476,-0.126864,-0.041575,1.61496,0.187933,0.12619,0.402341,-0.134449,-0.161751,0.429653,-0.0727458,-0.0101923,0.793625,0.27196,0.0664635,0.624821,-0.314794,-0.301222,1.33666,-0.0693911,0.059472,0.316015,-0.107653,-0.166242,1.20204,-0.150282,-0.180208,0.882476,0.344288,0.415618,1.61496,0.181473,0.206583,0.402341,0.135866,-0.0893904,0.429653,-0.0292231,-0.0971423,0.793625,-0.427064,-0.330711,0.624821,0.695029,0.537987,1.33666,1.0403,0.843917,0.316015,0.910946,0.908286,0.241333,-0.156979,-0.0429354,0.882476,0.0592214,0.204804,1.61496,0.536347,0.499992,0.402341,-0.247887,-0.365953,0.429653,0.016834,0.037882,0.793625,0.0701147,0.0521036,0.624821,-0.358776,-0.242642,1.33666,0.520346,0.338326,0.316015,-0.0297083,-0.0424539,0.241333,0.0923311,0.174441,1.20204,0.15349,0.11865,1.61496,0.400115,0.447637,0.402341,0.375445,0.0609163,0.429653,-0.134459,0.0784837,0.793625,-0.116962,-0.441191,0.624821,0.0769951,0.415403,1.33666,2.06734,1.84207,0.316015,0.955696,0.776721,0.241333,0.219291,0.28208,1.20204,1.42253,1.17422,0.882476,1.10175,1.6997,0.402341,0.136872,-0.669247,0.429653,0.0944802,0.0670601,0.793625,0.0308778,0.188082,0.624821,-0.357601,-0.246552,1.33666,-0.198926,-0.350081,0.316015,-0.363427,-0.321202,0.241333,0.0150394,-0.0359131,1.20204,-0.435262,-0.368871,0.882476,0.185487,0.0636082,1.61496,-0.285499,-0.201655
0.852689,-0.00624355,-0.0076102,0.650843,-0.000871045,-0.0261579,1.37983,-0.0315517,-0.0266457,0.327452,-0.0656079,-0.0599823,0.265533,-0.0286571,-0.022962,1.2387,-0.0420176,-0.0657808,0.913301,-0.107624,-0.013104,1.6905,0.0531929,-0.00954279,0.423393,-0.073071,-0.00172865,0.444983,0.18227,0.224493,0.650843,-1.55937,-1.26133,1.37983,-1.64568,-1.51909,0.327452,-1.81244,-1.6774,0.265533,0.393083,0.194712,1.2387,-2.02694,-1.94491,0.913301,0.652165,0.244138,1.6905,-0.999887,-0.771718,0.423393,1.01712,1.02931,0.444983,-0.0324717,-0.0324713,0.852689,-0.155189,-0.226294,1.37983,0.327975,0.412017,0.327452,0.415762,0.366092,0.265533,-0.175399,-0.161428,1.2387,0.407272,0.365284,0.913301,-0.452381,-0.330428,1.6905,0.193631,0.113671,0.423393,-0.411327,-0.251896,0.444983,-0.0813761,-0.0568193,0.852689,-0.215833,-0.451539,0.650843,0.649253,0.692214,0.327452,0.831382,0.790305,0.265533,-0.127189,0.0150839,1.2387,1.1349,1.01517,0.913301,0.217524,0.601187,1.6905,1.03722,0.897014,0.423393,-0.40961,-0.577534,0.444983,-0.0463357,-0.061781,0.852689,-0.161025,-0.156892,0.650843,0.251429,0.213853,1.37983,0.327746,0.272365,0.265533,-0.0826253,-0.0460488,1.2387,0.382296,0.37766,0.913301,-0.112093,-0.0430217,1.6905,0.185999,0.13206,0.423393,-0.172431,-0.170374,0.444983,-0.0999087,-0.0106679,0.852689,0.239748,0.0711802,0.650843,-0.293368,-0.313585,1.37983,-0.0661512,0.0612328,0.327452,-0.104575,-0.172374,1.2387,-0.171427,-0.18611,0.913301,0.330391,0.430347,1.6905,0.190965,0.215933,0.423393,0.149347,-0.0943918,0.444983,-0.0206325,-0.102464,0.852689,-0.464686,-0.360044,0.650843,0.728951,0.557397,1.37983,1.06789,0.868727,0.327452,0.941706,0.938908,0.265533,-0.217498,-0.0533345,0.913301,0.106241,0.210013,1.6905,0.537231,0.520316,0.423393,-0.362783,-0.388774,0.444983,0.0146737,0.0384716,0.852689,0.0371354,0.0544763,0.650843,-0.340248,-0.253311,1.37983,0.520052,0.348371,0.327452,-0.0578607,-0.0447267,0.265533,0.0818133,0.190116,1.2387,0.138121,0.121796,1.6905,0.433628,0.467326,0.423393,0.343096,0.0630823,0.444983,-0.127928,0.0819628,0.852689,-0.242389,-0.472603,0.650843,0.219649,0.433202,1.37983,2.12042,1.90106,0.327452,1.01864,0.805586,0.265533,0.159798,0.313229,1.2387,1.39071,1.21265,0.913301,1.22562,1.76133,0.423393,-0.0340811,-0.703903,0.444983,0.106635,0.0689968,0.852689,0.0588066,0.201468,0.650843,-0.393054,-0.256959,1.37983,-0.218003,-0.361471,0.327452,-0.412655,-0.333152,0.265533,0.0165654,-0.0406085,1.2387,-0.446528,-0.38103,0.913301,0.190076,0.065519,1.6905,-0.277277,-0.211421
0.911752,-0.00109912,-0.00670343,0.676865,0.0133059,-0.0263757,1.423,-0.0242302,-0.0268319,0.338889,-0.0570322,-0.0613542,0.289732,-0.0285947,-0.0231832,1.27536,-0.0434235,-0.067186,0.944125,-0.110362,-0.0128462,1.76605,0.0600657,-0.00905687,0.444446,-0.0960546,-0.000768781,0.460313,0.155556,0.231601,0.676865,-1.64476,-1.3108,1.423,-1.71499,-1.56591,0.338889,-1.92094,-1.73609,0.289732,0.480956,0.211915,1.27536,-2.08094,-2.00563,0.944125,0.575913,0.25227,1.76605,-1.00055,-0.806108,0.444446,1.18653,1.08131,0.460313,-0.0169939,-0.0329762,0.911752,-0.150792,-0.24093,1.423,0.351687,0.425168,0.338889,0.472218,0.379432,0.289732,-0.203104,-0.174768,1.27536,0.424235,0.37717,0.944125,-0.426145,-0.341245,1.76605,0.192452,0.119436,0.444446,-0.412236,-0.263856,0.460313,-0.0748636,-0.0577417,0.911752,-0.289083,-0.48112,0.676865,0.728371,0.720303,0.338889,0.898003,0.818817,0.289732,-0.177325,0.0191417,1.27536,1.15233,1.04762,0.944125,0.307068,0.62294,1.76605,1.05405,0.937816,0.444446,-0.501262,-0.605491,0.460313,-0.041092,-0.0637784,0.911752,-0.171061,-0.167792,0.676865,0.262049,0.222227,1.423,0.337947,0.280746,0.289732,-0.0994888,-0.0502023,1.27536,0.394604,0.389433,0.944125,-0.0954714,-0.0444684,1.76605,0.184464,0.13793,0.444446,-0.210144,-0.178997,0.460313,-0.127072,-0.0111434,0.911752,0.192458,0.075897,0.676865,-0.270544,-0.325948,1.423,-0.0629114,0.0629936,0.338889,-0.102912,-0.178505,1.27536,-0.194933,-0.192011,0.944125,0.31559,0.445076,1.76605,0.198214,0.225283,0.444446,0.15714,-0.0993933,0.460313,-0.0120418,-0.107786,0.911752,-0.498144,-0.389378,0.676865,0.760268,0.576806,1.423,1.09548,0.893537,0.338889,0.972525,0.969531,0.289732,-0.272838,-0.0637335,0.944125,0.157097,0.215222,1.76605,0.541345,0.54064,0.444446,-0.47838,-0.411595,0.460313,0.0125134,0.0390611,0.911752,-0.002188,0.056849,0.676865,-0.3166,-0.26398,1.423,0.519759,0.358417,0.338889,-0.0848922,-0.0469995,0.289732,0.0778164,0.205791,1.27536,0.119617,0.124942,1.76605,0.464607,0.487015,0.444446,0.303654,0.0652483,0.460313,-0.121398,0.085442,0.911752,-0.392357,-0.504016,0.676865,0.381104,0.451001,1.423,2.1735,1.96004,0.338889,1.0756,0.834452,0.289732,0.105527,0.344378,1.27536,1.34764,1.25107,0.944125,1.36011,1.82296,0.444446,-0.217539,-0.738558,0.460313,0.11879,0.0709336,0.911752,0.0968874,0.214853,0.676865,-0.426989,-0.267365,1.423,-0.23708,-0.37286,0.338889,-0.459385,-0.345103,0.289732,0.0165079,-0.045304,1.27536,-0.456359,-0.39319,0.944125,0.19354,0.0674298,1.76605,-0.270128,-0.221187
0.970816,0.00482415,-0.00579666,0.702887,0.0274829,-0.0265934,1.46617,-0.0169086,-0.0270182,0.350326,-0.0485293,-0.0627261,0.313932,-0.0284268,-0.0234045,1.31202,-0.0453137,-0.0685912,0.97495,-0.111427,-0.0125885,1.8416,0.0654309,-0.00857095,0.465498,-0.113563,0.000191085,0.475643,0.128842,0.238709,0.702887,-1.73016,-1.36027,1.46617,-1.78431,-1.61273,0.350326,-2.01878,-1.79478,0.313932,0.567441,0.229119,1.31202,-2.13503,-2.06635,0.97495,0.488183,0.260402,1.8416,-1.00488,-0.840499,0.465498,1.34612,1.13331,0.475643,-0.00151616,-0.0334812,0.970816,-0.144382,-0.255566,1.46617,0.375399,0.43832,0.350326,0.519875,0.392771,0.313932,-0.23061,-0.188107,1.31202,0.441752,0.389056,0.97495,-0.395496,-0.352063,1.8416,0.193752,0.125201,0.465498,-0.408761,-0.275817,0.475643,-0.068351,-0.0586641,0.970816,-0.369488,-0.510701,0.702887,0.80749,0.748391,0.350326,0.957509,0.847329,0.313932,-0.224624,0.0231995,1.31202,1.16692,1.08006,0.97495,0.407631,0.644693,1.8416,1.07274,0.978618,0.465498,-0.591551,-0.633448,0.475643,-0.0358482,-0.0657758,0.970816,-0.180686,-0.178692,0.702887,0.27267,0.230602,1.46617,0.348148,0.289128,0.313932,-0.116218,-0.0543557,1.31202,0.407157,0.401206,0.97495,-0.0767317,-0.0459151,1.8416,0.183404,0.143799,0.465498,-0.245247,-0.18762,0.475643,-0.154235,-0.011619,0.970816,0.135193,0.0806138,0.702887,-0.247719,-0.338312,1.46617,-0.0596716,0.0647545,0.350326,-0.104673,-0.184636,1.31202,-0.220431,-0.197913,0.97495,0.30091,0.459805,1.8416,0.204143,0.234633,0.465498,0.156046,-0.104395,0.475643,-0.00345118,-0.113107,0.970816,-0.528752,-0.418711,0.702887,0.791585,0.596216,1.46617,1.12306,0.918346,0.350326,1.00336,1.00015,0.313932,-0.326048,-0.0741326,0.97495,0.211964,0.220431,1.8416,0.547757,0.560965,0.465498,-0.58758,-0.434416,0.475643,0.010353,0.0396506,0.970816,-0.0456249,0.0592217,0.702887,-0.292953,-0.27465,1.46617,0.519465,0.368463,0.350326,-0.108332,-0.0492723,0.313932,0.0760885,0.221466,1.31202,0.0984958,0.128088,1.8416,0.493746,0.506704,0.465498,0.259029,0.0674143,0.475643,-0.114867,0.0889212,0.970816,-0.558344,-0.535429,0.702887,0.542559,0.4688,1.46617,2.22659,2.01903,0.350326,1.11875,0.863318,0.313932,0.0535616,0.375527,1.31202,1.29515,1.2895,0.97495,1.50793,1.8846,0.465498,-0.401094,-0.773214,0.475643,0.130945,0.0728704,0.970816,0.141711,0.228239,0.702887,-0.460923,-0.277772,1.46617,-0.256158,-0.38425,0.350326,-0.499248,-0.357054,0.313932,0.0159312,-0.0499994,1.31202,-0.464822,-0.405349,0.97495,0.195353,0.0693406,1.8416,-0.264059,-0.230953
1.02988,0.0119821,-0.00488989,0.728909,0.0423408,-0.0268112,1.50934,-0.00896546,-0.0272044,0.361763,-0.0401629,-0.064098,0.338132,-0.027511,-0.0236258,1.34869,-0.0476305,-0.0699965,1.00578,-0.112203,-0.0123307,1.91714,0.0707962,-0.00808503,0.486551,-0.12167,0.00115095,0.490973,0.102128,0.245817,0.728909,-1.81088,-1.40974,1.50934,-1.84828,-1.65955,0.361763,-2.10957,-1.85347,0.338132,0.638734,0.246322,1.34869,-2.18919,-2.12706,1.00578,0.398475,0.268534,1.91714,-1.00921,-0.87489,0.486551,1.48654,1.18532,0.490973,0.0139616,-0.0339861,1.02988,-0.135696,-0.270202,1.50934,0.400869,0.451472,0.361763,0.561642,0.406111,0.338132,-0.256639,-0.201447,1.34869,0.459699,0.400942,1.00578,-0.364087,-0.36288,1.91714,0.195052,0.130966,0.486551,-0.402293,-0.287777,0.490973,-0.0618385,-0.0595865,1.02988,-0.460166,-0.540282,0.728909,0.890107,0.776479,0.361763,1.01223,0.87584,0.338132,-0.252177,0.0272572,1.34869,1.17951,1.11251,1.00578,0.510092,0.666446,1.91714,1.09143,1.01942,0.486551,-0.674169,-0.661405,0.490973,-0.0306045,-0.0677732,1.02988,-0.189709,-0.189592,0.728909,0.282629,0.238977,1.50934,0.356057,0.297509,0.338132,-0.130674,-0.0585092,1.34869,0.419868,0.412979,1.00578,-0.0576271,-0.0473618,1.91714,0.182343,0.149669,0.486551,-0.275406,-0.196243,0.490973,-0.181398,-0.0120946,1.02988,0.0639415,0.0853305,0.728909,-0.224239,-0.350675,1.50934,-0.051793,0.0665153,0.361763,-0.108587,-0.190768,1.34869,-0.247235,-0.203815,1.00578,0.286251,0.474534,1.91714,0.210072,0.243983,0.486551,0.144903,-0.109396,0.490973,0.00513945,-0.118429,1.02988,-0.554808,-0.448044,0.728909,0.820257,0.615626,1.50934,1.14361,0.943156,0.361763,1.03415,1.03078,0.338132,-0.363021,-0.0845316,1.00578,0.267523,0.225641,1.91714,0.554169,0.581289,0.486551,-0.682717,-0.457236,0.490973,0.00819274,0.0402402,1.02988,-0.0941831,0.0615945,0.728909,-0.264692,-0.285319,1.50934,0.514023,0.378508,0.361763,-0.129264,-0.051545,0.338132,0.0868966,0.237141,1.34869,0.0756912,0.131234,1.91714,0.522886,0.526393,0.486551,0.213919,0.0695804,0.490973,-0.108337,0.0924004,1.02988,-0.745731,-0.566841,0.728909,0.719967,0.486599,1.50934,2.27124,2.07801,0.361763,1.15343,0.892183,0.338132,0.0210113,0.406676,1.34869,1.23658,1.32793,1.00578,1.65805,1.94623,0.486551,-0.567046,-0.807869,0.490973,0.1431,0.0748072,1.02988,0.196288,0.241624,0.728909,-0.492832,-0.288179,1.50934,-0.280424,-0.395639,0.361763,-0.534562,-0.369005,0.338132,0.0129161,-0.0546948,1.34869,-0.472242,-0.417508,1.00578,0.196882,0.0712513,1.91714,-0.25799,-0.24072
1.08894,0.0200806,-0.00398312,0.754931,0.0570087,-0.0270289,1.5525,-0.000394715,-0.0273906,0.3732,-0.0322287,-0.0654699,0.362332,-0.0258519,-0.023847,1.38535,-0.0505234,-0.0714017,1.0366,-0.112979,-0.012073,1.99269,0.0759687,-0.00759912,0.507604,-0.117675,0.00211082,0.506303,0.0754141,0.252925,0.754931,-1.887,-1.45922,1.5525,-1.90581,-1.70636,0.3732,-2.18414,-1.91215,0.362332,0.694215,0.263525,1.38535,-2.24345,-2.18778,1.0366,0.308766,0.276665,1.99269,-1.01419,-0.909281,0.507604,1.60123,1.23732,0.506303,0.0294394,-0.0344911,1.08894,-0.129372,-0.284838,1.5525,0.428349,0.464623,0.3732,0.58977,0.41945,0.362332,-0.281154,-0.214787,1.38535,0.478146,0.412828,1.0366,-0.332679,-0.373698,1.99269,0.196713,0.136731,0.507604,-0.393418,-0.299738,0.506303,-0.0553259,-0.0605089,1.08894,-0.554842,-0.569863,0.754931,0.974372,0.804568,0.3732,1.05585,0.904352,0.362332,-0.261159,0.031315,1.38535,1.19009,1.14496,1.0366,0.612552,0.688199,1.99269,1.11045,1.06022,0.507604,-0.745037,-0.689362,0.506303,-0.0253607,-0.0697706,1.08894,-0.198443,-0.200492,0.754931,0.29205,0.247351,1.5525,0.361299,0.30589,0.362332,-0.142625,-0.0626626,1.38535,0.43271,0.424751,1.0366,-0.0385226,-0.0488085,1.99269,0.18138,0.155538,0.507604,-0.298984,-0.204866,0.506303,-0.20856,-0.0125701,1.08894,-0.0106177,0.0900473,0.754931,-0.201246,-0.363038,1.5525,-0.0386792,0.0682761,0.3732,-0.117298,-0.196899,1.38535,-0.275157,-0.209716,1.0366,0.271592,0.489263,1.99269,0.215837,0.253333,0.507604,0.122461,-0.114398,0.506303,0.0137301,-0.123751,1.08894,-0.577251,-0.477377,0.754931,0.846811,0.635036,1.5525,1.15601,0.967966,0.3732,1.06483,1.0614,0.362332,-0.384436,-0.0949307,1.0366,0.323081,0.23085,1.99269,0.560934,0.601613,0.507604,-0.758532,-0.480057,0.506303,0.00603243,0.0408297,1.08894,-0.14084,0.0639672,0.754931,-0.233507,-0.295988,1.5525,0.502752,0.388554,0.3732,-0.144258,-0.0538178,0.362332,0.10863,0.252816,1.38535,0.0514981,0.134381,1.99269,0.551738,0.546082,0.507604,0.170972,0.0717464,0.506303,-0.101806,0.0958796,1.08894,-0.93348,-0.598254,0.754931,0.906003,0.504398,1.5525,2.30636,2.137,0.3732,1.16944,0.921049,0.362332,0.00784245,0.437825,1.38535,1.17293,1.36635,1.0366,1.80817,2.00787,0.507604,-0.704454,-0.842525,0.506303,0.155255,0.0767439,1.08894,0.254675,0.25501,0.754931,-0.522477,-0.298585,1.5525,-0.310529,-0.407028,0.3732,-0.559411,-0.380955,0.362332,0.00791234,-0.0593903,1.38535,-0.478485,-0.429667,1.0366,0.198411,0.0731621,1.99269,-0.252128,-0.250486
1.14801,0.0285962,-0.00307635,0.780953,0.0715658,-0.0272467,1.59567,0.0083004,-0.0275769,0.384637,-0.0249467,-0.0668419,0.386532,-0.0232399,-0.0240683,1.42201,-0.0537974,-0.0728069,1.06742,-0.112456,-0.0118153,2.06824,0.0770598,-0.0071132,0.528656,-0.0964431,0.00307068,0.521633,0.045043,0.260034,0.780953,-1.96253,-1.50869,1.59567,-1.96081,-1.75318,0.384637,-2.24113,-1.97084,0.386532,0.732658,0.280729,1.42201,-2.29777,-2.2485,1.06742,0.215641,0.284797,2.06824,-1.03285,-0.943672,0.528656,1.65237,1.28932,0.521633,0.0474573,-0.034996,1.14801,-0.127176,-0.299474,1.59567,0.456508,0.477775,0.384637,0.603087,0.43279,0.386532,-0.303559,-0.228127,1.42201,0.496884,0.424714,1.06742,-0.300456,-0.384515,2.06824,0.206018,0.142496,0.528656,-0.378851,-0.311699,0.521633,-0.0466547,-0.0614313,1.14801,-0.648444,-0.599444,0.780953,1.05866,0.832656,0.384637,1.08735,0.932864,0.386532,-0.251791,0.0353728,1.42201,1.1997,1.17741,1.06742,0.71822,0.709952,2.06824,1.13669,1.10102,0.528656,-0.786709,-0.717319,0.521633,-0.0197577,-0.071768,1.14801,-0.207174,-0.211393,0.780953,0.301416,0.255726,1.59567,0.365589,0.314271,0.386532,-0.151757,-0.0668161,1.42201,0.445597,0.436524,1.06742,-0.0188517,-0.0502552,2.06824,0.182499,0.161408,0.528656,-0.307393,-0.213489,0.521633,-0.235347,-0.0130457,1.14801,-0.0811491,0.0947641,0.780953,-0.178428,-0.375401,1.59567,-0.0238624,0.070037,0.384637,-0.131092,-0.20303,1.42201,-0.303502,-0.215618,1.06742,0.257892,0.503991,2.06824,0.218101,0.262683,0.528656,0.0793451,-0.119399,0.521633,0.0215014,-0.129072,1.14801,-0.59798,-0.50671,0.780953,0.873154,0.654446,1.59567,1.16553,0.992776,0.384637,1.09539,1.09202,0.386532,-0.390677,-0.10533,1.06742,0.379411,0.236059,2.06824,0.575165,0.621937,0.528656,-0.787469,-0.502878,0.521633,0.00249316,0.0414192,1.14801,-0.182308,0.0663399,0.780953,-0.202126,-0.306657,1.59567,0.489567,0.398599,0.384637,-0.152595,-0.0560906,0.386532,0.140527,0.268491,1.42201,0.0268246,0.137527,2.06824,0.574509,0.565772,0.528656,0.135983,0.0739124,0.521633,-0.0885773,0.0993588,1.14801,-1.10947,-0.629667,0.780953,1.09238,0.522197,1.59567,2.33835,2.19598,0.384637,1.16612,0.949915,0.386532,0.0158375,0.468974,1.42201,1.10749,1.40478,1.06742,1.96279,2.0695,0.528656,-0.790765,-0.877181,0.521633,0.166939,0.0786807,1.14801,0.312051,0.268395,0.780953,-0.551817,-0.308992,1.59567,-0.342515,-0.418418,0.384637,-0.572878,-0.392906,0.386532,0.00112842,-0.0640857,1.42201,-0.484062,-0.441826,1.06742,0.199204,0.0750729,2.06824,-0.250667,-0.260252
1.20707,0.0374599,-0.00216958,0.806975,0.0852258,-0.0274644,1.63884,0.0170374,-0.0277631,0.396074,-0.018495,-0.0682138,0.410732,-0.0196702,-0.0242896,1.45867,-0.0579267,-0.0742121,1.09825,-0.108384,-0.0115575,2.14378,0.0754572,-0.00662728,0.549709,-0.0648773,0.00403055,0.536963,0.0134392,0.267142,0.806975,-2.03385,-1.55816,1.63884,-2.01162,-1.8,0.396074,-2.28205,-2.02953,0.410732,0.756735,0.297932,1.45867,-2.35222,-2.30922,1.09825,0.123241,0.292929,2.14378,-1.06218,-0.978063,0.549709,1.65008,1.34132,0.536963,0.0663312,-0.035501,1.20707,-0.135076,-0.31411,1.63884,0.485643,0.490926,0.396074,0.602963,0.446129,0.410732,-0.323716,-0.241467,1.45867,0.516128,0.4366,1.09825,-0.270794,-0.395333,2.14378,0.220774,0.148261,0.549709,-0.359456,-0.323659,0.536963,-0.0372559,-0.0623537,1.20707,-0.735004,-0.629025,0.806975,1.14293,0.860744,0.396074,1.10778,0.961375,0.410732,-0.228231,0.0394306,1.45867,1.20836,1.20985,1.09825,0.822857,0.731704,2.14378,1.16863,1.14183,0.549709,-0.803874,-0.745275,0.536963,-0.0140336,-0.0737654,1.20707,-0.216177,-0.222293,0.806975,0.310387,0.264101,1.63884,0.368428,0.322652,0.410732,-0.158416,-0.0709695,1.45867,0.458437,0.448297,1.09825,0.000392316,-0.0517019,2.14378,0.185338,0.167277,0.549709,-0.303396,-0.222113,0.536963,-0.262006,-0.0135213,1.20707,-0.136452,0.0994809,0.806975,-0.157006,-0.387764,1.63884,-0.00670159,0.0717978,0.396074,-0.149485,-0.209162,1.45867,-0.331657,-0.22152,1.09825,0.248404,0.51872,2.14378,0.218087,0.272033,0.549709,0.0210707,-0.1244,0.536963,0.0289965,-0.134394,1.20707,-0.617039,-0.536044,0.806975,0.897979,0.673856,1.63884,1.17073,1.01759,0.396074,1.12594,1.12264,0.410732,-0.385454,-0.115729,1.09825,0.433553,0.241268,2.14378,0.594866,0.642262,0.549709,-0.777284,-0.525699,0.536963,-0.00151086,0.0420087,1.20707,-0.210058,0.0687126,0.806975,-0.169448,-0.317327,1.63884,0.473715,0.408645,0.396074,-0.154621,-0.0583634,0.410732,0.179785,0.284165,1.45867,0.0026388,0.140673,2.14378,0.592787,0.585461,0.549709,0.108342,0.0760784,0.536963,-0.073091,0.102838,1.20707,-1.24991,-0.661079,0.806975,1.28065,0.539996,1.63884,2.366,2.25497,0.396074,1.14582,0.97878,0.410732,0.0420926,0.500123,1.45867,1.04359,1.44321,1.09825,2.119,2.13114,0.549709,-0.840923,-0.911836,0.536963,0.178463,0.0806175,1.20707,0.362747,0.281781,0.806975,-0.578871,-0.319399,1.63884,-0.37706,-0.429807,0.396074,-0.575885,-0.404857,0.410732,-0.00689573,-0.0687812,1.45867,-0.488554,-0.453985,1.09825,0.198991,0.0769837,2.14378,-0.252755,-0.270018
1.26613,0.0463133,-0.00126281,0.832997,0.0951833,-0.0276821,1.68201,0.0257273,-0.0279493,0.407512,-0.0124628,-0.0695857,0.434932,-0.0148911,-0.0245109,1.49533,-0.0630009,-0.0756173,1.12907,-0.10408,-0.0112998,2.21933,0.071043,-0.00614136,0.570761,-0.0333116,0.00499041,0.552293,-0.0166185,0.27425,0.832997,-2.09765,-1.60763,1.68201,-2.06107,-1.84682,0.407512,-2.31788,-2.08822,0.434932,0.766153,0.315135,1.49533,-2.40683,-2.36993,1.12907,0.0311138,0.301061,2.21933,-1.10352,-1.01245,0.570761,1.64778,1.39332,0.552293,0.0848244,-0.0360059,1.26613,-0.156252,-0.328746,1.68201,0.515039,0.504078,0.407512,0.598651,0.459468,0.434932,-0.34087,-0.254807,1.49533,0.535813,0.448486,1.12907,-0.241407,-0.40615,2.21933,0.241439,0.154025,0.570761,-0.340061,-0.33562,0.552293,-0.0285151,-0.0632761,1.26613,-0.809229,-0.658606,0.832997,1.22274,0.888833,0.407512,1.12471,0.989887,0.434932,-0.19212,0.0434884,1.49533,1.217,1.2423,1.12907,0.927208,0.753457,2.21933,1.20703,1.18263,0.570761,-0.821039,-0.773232,0.552293,-0.00864109,-0.0757628,1.26613,-0.225727,-0.233193,0.832997,0.318937,0.272475,1.68201,0.370844,0.331033,0.434932,-0.162412,-0.075123,1.49533,0.471106,0.46007,1.12907,0.0195642,-0.0531486,2.21933,0.19016,0.173147,0.570761,-0.299398,-0.230736,0.552293,-0.287977,-0.0139968,1.26613,-0.167986,0.104198,0.832997,-0.140837,-0.400127,1.68201,0.0110428,0.0735587,0.407512,-0.169311,-0.215293,1.49533,-0.358671,-0.227422,1.12907,0.239226,0.533449,2.21933,0.215713,0.281383,0.570761,-0.0372038,-0.129402,0.552293,0.0357302,-0.139716,1.26613,-0.635659,-0.565377,0.832997,0.92133,0.693266,1.68201,1.17469,1.0424,0.407512,1.15656,1.15327,0.434932,-0.370529,-0.126128,1.12907,0.487456,0.246477,2.21933,0.620567,0.662586,0.570761,-0.767098,-0.54852,0.552293,-0.00590976,0.0425983,1.26613,-0.219056,0.0710854,0.832997,-0.138473,-0.327996,1.68201,0.457185,0.418691,0.407512,-0.1545,-0.0606362,0.434932,0.224733,0.29984,1.49533,-0.0197248,0.143819,2.21933,0.606119,0.60515,0.570761,0.0807002,0.0782444,0.552293,-0.0575559,0.106317,1.26613,-1.33887,-0.692492,0.832997,1.4548,0.557795,1.68201,2.39254,2.31395,0.407512,1.12059,1.00765,0.434932,0.0876041,0.531272,1.49533,0.985969,1.48163,1.12907,2.27508,2.19277,0.570761,-0.891082,-0.946492,0.552293,0.190154,0.0825542,1.26613,0.401732,0.295166,0.832997,-0.601237,-0.329806,1.68201,-0.412229,-0.441196,0.407512,-0.575537,-0.416807,0.434932,-0.0157928,-0.0734766,1.49533,-0.49218,-0.466144,1.12907,0.198733,0.0788945,2.21933,-0.258893,-0.279784
1.3252,0.0548605,-0.000356038,0.859019,0.104829,-0.0278999,1.72518,0.0339749,-0.0281356,0.418949,-0.00755658,-0.0709576,0.459131,-0.00899502,-0.0247321,1.53199,-0.068075,-0.0770226,1.1599,-0.0997757,-0.011042,2.29488,0.064775,-0.00565544,0.591814,-0.00174584,0.00595028,0.567623,-0.0437658,0.281358,0.859019,-2.16082,-1.65711,1.72518,-2.10543,-1.89364,0.418949,-2.34085,-2.1469,0.459131,0.764547,0.332339,1.53199,-2.46143,-2.43065,1.1599,-0.0610133,0.309192,2.29488,-1.15285,-1.04684,0.591814,1.64549,1.44533,0.567623,0.102425,-0.0365109,1.3252,-0.193936,-0.343381,1.72518,0.545176,0.51723,0.418949,0.583806,0.472808,0.459131,-0.355135,-0.268147,1.53199,0.555498,0.460371,1.1599,-0.212019,-0.416968,2.29488,0.266018,0.15979,0.591814,-0.320666,-0.347581,0.567623,-0.0210772,-0.0641985,1.3252,-0.866298,-0.688187,0.859019,1.30218,0.916921,0.418949,1.1328,1.0184,0.459131,-0.148299,0.0475462,1.53199,1.22563,1.27475,1.1599,1.03156,0.77521,2.29488,1.24973,1.22343,0.591814,-0.838204,-0.801189,0.567623,-0.00382739,-0.0777602,1.3252,-0.236074,-0.244093,0.859019,0.327452,0.28085,1.72518,0.371883,0.339415,0.459131,-0.164277,-0.0792764,1.53199,0.483774,0.471843,1.1599,0.0387362,-0.0545953,2.29488,0.196305,0.179016,0.591814,-0.295401,-0.239359,0.567623,-0.312868,-0.0144724,1.3252,-0.167772,0.108914,0.859019,-0.125111,-0.41249,1.72518,0.0302046,0.0753195,0.418949,-0.19274,-0.221424,1.53199,-0.385685,-0.233323,1.1599,0.230048,0.548178,2.29488,0.211783,0.290733,0.591814,-0.0954783,-0.134403,0.567623,0.041311,-0.145037,1.3252,-0.654731,-0.59471,0.859019,0.944557,0.712676,1.72518,1.17472,1.06721,0.418949,1.1874,1.18389,0.459131,-0.350097,-0.136527,1.1599,0.54136,0.251687,2.29488,0.650249,0.68291,0.591814,-0.756913,-0.571341,0.567623,-0.0108046,0.0431878,1.3252,-0.20428,0.0734581,0.859019,-0.107643,-0.338665,1.72518,0.438931,0.428736,0.418949,-0.148898,-0.062909,0.459131,0.272331,0.315515,1.53199,-0.0420884,0.146966,2.29488,0.616167,0.624839,0.591814,0.0530587,0.0804104,0.567623,-0.0426577,0.109796,1.3252,-1.36099,-0.723905,0.859019,1.62777,0.575594,1.72518,2.41629,2.37294,0.418949,1.08312,1.03651,0.459131,0.148153,0.562421,1.53199,0.928346,1.52006,1.1599,2.43116,2.25441,0.591814,-0.94124,-0.981147,0.567623,0.202167,0.084491,1.3252,0.424449,0.308552,0.859019,-0.623208,-0.340212,1.72518,-0.448838,-0.452586,0.418949,-0.56671,-0.428758,0.459131,-0.024995,-0.078172,1.53199,-0.495805,-0.478303,1.1599,0.198476,0.0808053,2.29488,-0.267732,-0.289551
1.38426,0.0623739,0.000550732,0.885041,0.114474,-0.0281176,1.76835,0.0422106,-0.0283218,0.430386,-0.00410749,-0.0723295,0.483331,-0.00175964,-0.0249534,1.56865,-0.0731492,-0.0784278,1.19072,-0.0945197,-0.0107843,2.37042,0.0564805,-0.00516952,0.612867,0.0298199,0.00691014,0.582953,-0.0670013,0.288466,0.885041,-2.22398,-1.70658,1.76835,-2.14968,-1.94045,0.430386,-2.35442,-2.20559,0.483331,0.752072,0.349542,1.56865,-2.51603,-2.49137,1.19072,-0.150349,0.317324,2.37042,-1.21135,-1.08124,0.612867,1.64319,1.49733,0.582953,0.118659,-0.0370158,1.38426,-0.247744,-0.358017,1.76835,0.575326,0.530381,0.430386,0.561537,0.486147,0.483331,-0.365825,-0.281487,1.56865,0.575184,0.472257,1.19072,-0.184553,-0.427785,2.37042,0.29497,0.165555,0.612867,-0.301271,-0.359541,0.582953,-0.0154521,-0.0651209,1.38426,-0.904416,-0.717768,0.885041,1.38162,0.945009,0.430386,1.13444,1.04691,0.483331,-0.0988526,0.051604,1.56865,1.23426,1.30719,1.19072,1.13311,0.796963,2.37042,1.29739,1.26423,0.612867,-0.855368,-0.829146,0.582953,0.000251827,-0.0797576,1.38426,-0.247358,-0.254993,0.885041,0.335967,0.289224,1.76835,0.372893,0.347796,0.483331,-0.163898,-0.0834299,1.56865,0.496443,0.483615,1.19072,0.0572843,-0.056042,2.37042,0.203991,0.184886,0.612867,-0.291404,-0.247982,0.582953,-0.336512,-0.0149479,1.38426,-0.134333,0.113631,0.885041,-0.109385,-0.424854,1.76835,0.0493903,0.0770803,0.430386,-0.218711,-0.227556,1.56865,-0.412699,-0.239225,1.19072,0.222409,0.562907,2.37042,0.206166,0.300083,0.612867,-0.153753,-0.139405,0.582953,0.0456096,-0.150359,1.38426,-0.674582,-0.624043,0.885041,0.967783,0.732086,1.76835,1.17466,1.09202,0.430386,1.21869,1.21451,0.483331,-0.326284,-0.146926,1.19072,0.593568,0.256896,2.37042,0.684437,0.703234,0.612867,-0.746728,-0.594162,0.582953,-0.0161298,0.0437773,1.38426,-0.164916,0.0758308,0.885041,-0.076812,-0.349335,1.76835,0.420646,0.438782,0.430386,-0.138684,-0.0651818,0.483331,0.320676,0.33119,1.56865,-0.064452,0.150112,2.37042,0.622499,0.644528,0.612867,0.0254171,0.0825764,0.582953,-0.0293109,0.113276,1.38426,-1.31366,-0.755317,0.885041,1.80073,0.593393,1.76835,2.44,2.43192,0.430386,1.03847,1.06538,0.483331,0.224167,0.59357,1.56865,0.870722,1.55849,1.19072,2.5849,2.31604,0.612867,-0.991398,-1.0158,0.582953,0.214621,0.0864278,1.38426,0.42977,0.321937,0.885041,-0.645179,-0.350619,1.76835,-0.48547,-0.463975,0.430386,-0.551512,-0.440709,0.483331,-0.0340958,-0.0828675,1.56865,-0.499431,-0.490462,1.19072,0.198207,0.0827161,2.37042,-0.279694,-0.299317
1.44332,0.0678247,0.0014575,0.911063,0.12412,-0.0283354,1.81151,0.0501473,-0.0285081,0.441823,-0.00155616,-0.0737014,0.507531,0.0069269,-0.0251747,1.60531,-0.0798939,-0.079833,1.22155,-0.0852849,-0.0105265,2.44597,0.0446474,-0.00468361,0.633919,0.0613856,0.00787001,0.598283,-0.0853741,0.295574,0.911063,-2.28715,-1.75605,1.81151,-2.19232,-1.98727,0.441823,-2.365,-2.26428,0.507531,0.730221,0.366745,1.60531,-2.57088,-2.55208,1.22155,-0.228017,0.325456,2.44597,-1.28616,-1.11563,0.633919,1.6409,1.54933,0.598283,0.133091,-0.0375208,1.44332,-0.311205,-0.372653,1.81151,0.605568,0.543533,0.441823,0.537109,0.499487,0.507531,-0.37253,-0.294826,1.60531,0.595206,0.484143,1.22155,-0.165116,-0.438603,2.44597,0.331282,0.17132,0.633919,-0.281875,-0.371502,0.598283,-0.0121184,-0.0660433,1.44332,-0.927608,-0.747349,0.911063,1.46105,0.973098,0.441823,1.13403,1.07542,0.507531,-0.0470159,0.0556618,1.60531,1.24666,1.33964,1.22155,1.22293,0.818716,2.44597,1.35408,1.30503,0.633919,-0.872533,-0.857103,0.598283,0.00344482,-0.081755,1.44332,-0.259479,-0.265893,0.911063,0.344483,0.297599,1.81151,0.37359,0.356177,0.507531,-0.161402,-0.0875833,1.60531,0.508356,0.495388,1.22155,0.0732245,-0.0574887,2.44597,0.214487,0.190755,0.633919,-0.287407,-0.256605,0.598283,-0.358732,-0.0154235,1.44332,-0.0776661,0.118348,0.911063,-0.0936593,-0.437217,1.81151,0.0685639,0.0788412,0.441823,-0.245419,-0.233687,1.60531,-0.434215,-0.245127,1.22155,0.221202,0.577636,2.44597,0.197717,0.309433,0.633919,-0.212027,-0.144406,0.598283,0.0484799,-0.15568,1.44332,-0.694892,-0.653376,0.911063,0.99101,0.751496,1.81151,1.17379,1.11683,0.441823,1.25033,1.24514,0.507531,-0.302101,-0.157325,1.22155,0.638694,0.262105,2.44597,0.726852,0.723558,0.633919,-0.736542,-0.616983,0.598283,-0.0218441,0.0443668,1.44332,-0.10808,0.0782035,0.911063,-0.0459813,-0.360004,1.81151,0.402304,0.448828,0.441823,-0.126595,-0.0674546,0.507531,0.367343,0.346865,1.60531,-0.0787994,0.153258,2.44597,0.622273,0.664217,0.633919,-0.00222441,0.0847425,0.598283,-0.0183233,0.116755,1.44332,-1.21748,-0.78673,0.911063,1.97369,0.611192,1.81151,2.46364,2.49091,0.441823,0.992794,1.09424,0.507531,0.314317,0.624719,1.60531,0.841252,1.59691,1.22155,2.72888,2.37767,0.633919,-1.04156,-1.05046,0.598283,0.227627,0.0883646,1.44332,0.422571,0.335323,0.911063,-0.66715,-0.361026,1.81151,-0.522019,-0.475365,0.441823,-0.53418,-0.452659,0.507531,-0.0426085,-0.0875629,1.60531,-0.502772,-0.502621,1.22155,0.197888,0.0846269,2.44597,-0.297257,-0.309083
1.50239,0.0702289,0.00236427,0.937085,0.128557,-0.0285531,1.85468,0.0572599,-0.0286943,0.45326,-0.000452723,-0.0750733,0.531731,0.0169916,-0.0253959,1.64198,-0.087614,-0.0812382,1.25237,-0.07605,-0.0102688,2.52152,0.0315822,-0.00419769,0.654972,0.0929514,0.00882988,0.613613,-0.100919,0.302682,0.937085,-2.34339,-1.80553,1.85468,-2.23154,-2.03409,0.45326,-2.37183,-2.32296,0.531731,0.701316,0.383949,1.64198,-2.62587,-2.6128,1.25237,-0.305685,0.333588,2.52152,-1.3669,-1.15002,0.654972,1.6386,1.60133,0.613613,0.146464,-0.0380257,1.50239,-0.378723,-0.387289,1.85468,0.635829,0.556684,0.45326,0.510118,0.512826,0.531731,-0.375364,-0.308166,1.64198,0.615425,0.496029,1.25237,-0.14568,-0.44942,2.52152,0.369809,0.177085,0.654972,-0.26248,-0.383462,0.613613,-0.0101211,-0.0669657,1.50239,-0.939143,-0.77693,0.937085,1.53261,1.00119,0.45326,1.13108,1.10393,0.531731,0.00424006,0.0597196,1.64198,1.26125,1.37209,1.25237,1.31276,0.840469,2.52152,1.41426,1.34584,0.654972,-0.889698,-0.885059,0.613613,0.00612531,-0.0837524,1.50239,-0.272367,-0.276793,0.937085,0.352851,0.305974,1.85468,0.373772,0.364558,0.531731,-0.157139,-0.0917368,1.64198,0.519829,0.507161,1.25237,0.0891647,-0.0589354,2.52152,0.226073,0.196625,0.654972,-0.283409,-0.265228,0.613613,-0.380137,-0.0158991,1.50239,-0.0062355,0.123065,0.937085,-0.0851358,-0.44958,1.85468,0.0871591,0.080602,0.45326,-0.273004,-0.239819,1.64198,-0.45252,-0.251028,1.25237,0.219995,0.592365,2.52152,0.188412,0.318783,0.654972,-0.270302,-0.149407,0.613613,0.0505368,-0.161002,1.50239,-0.715356,-0.68271,0.937085,1.01392,0.770906,1.85468,1.17168,1.14164,0.45326,1.28257,1.27576,0.531731,-0.280106,-0.167724,1.25237,0.68382,0.267314,2.52152,0.772507,0.743883,0.654972,-0.726357,-0.639804,0.613613,-0.0277694,0.0449564,1.50239,-0.0397443,0.0805762,0.937085,-0.0201365,-0.370673,1.85468,0.384426,0.458873,0.45326,-0.11185,-0.0697274,0.531731,0.410504,0.36254,1.64198,-0.088466,0.156404,2.52152,0.619718,0.683906,0.654972,-0.029866,0.0869085,0.613613,-0.00875176,0.120234,1.50239,-1.08982,-0.818142,0.937085,2.11875,0.628991,1.85468,2.48808,2.54989,0.45326,0.946731,1.12311,0.531731,0.415871,0.655868,1.64198,0.828221,1.63534,1.25237,2.87286,2.43931,0.654972,-1.09171,-1.08511,0.613613,0.240955,0.0903013,1.50239,0.406963,0.348708,0.937085,-0.684264,-0.371432,1.85468,-0.557749,-0.486754,0.45326,-0.514089,-0.46461,0.531731,-0.0501947,-0.0922584,1.64198,-0.505947,-0.51478,1.25237,0.197569,0.0865376,2.52152,-0.316892,-0.318849
1.56145,0.0663546,0.00327104,0.963107,0.130152,-0.0287708,1.89785,0.0640337,-0.0288805,0.464697,-0.0010482,-0.0764452,0.555931,0.028876,-0.0256172,1.67864,-0.095334,-0.0826435,1.2832,-0.0633456,-0.0100111,2.59706,0.0180351,-0.00371177,0.676025,0.124517,0.00978974,0.628943,-0.109132,0.30979,0.963107,-2.39643,-1.855,1.89785,-2.26973,-2.08091,0.464697,-2.37809,-2.38165,0.555931,0.665569,0.401152,1.67864,-2.68086,-2.67352,1.2832,-0.367475,0.341719,2.59706,-1.45039,-1.18441,0.676025,1.6363,1.65333,0.628943,0.157023,-0.0385307,1.56145,-0.440639,-0.401925,1.89785,0.666013,0.569836,0.464697,0.483416,0.526166,0.555931,-0.373092,-0.321506,1.67864,0.635644,0.507915,1.2832,-0.135956,-0.460238,2.59706,0.408362,0.18285,0.676025,-0.243085,-0.395423,0.628943,-0.0116148,-0.0678881,1.56145,-0.940885,-0.806511,0.963107,1.5996,1.02927,0.464697,1.12778,1.13245,0.555931,0.0506788,0.0637773,1.67864,1.27584,1.40454,1.2832,1.38682,0.862221,2.59706,1.47657,1.38664,0.676025,-0.906863,-0.913016,0.628943,0.00749427,-0.0857498,1.56145,-0.286191,-0.287693,0.963107,0.361211,0.314348,1.89785,0.373872,0.372939,0.555931,-0.150867,-0.0958902,1.67864,0.531301,0.518934,1.2832,0.101712,-0.0603821,2.59706,0.238324,0.202494,0.676025,-0.279412,-0.273851,0.628943,-0.399512,-0.0163746,1.56145,0.0688699,0.127781,0.963107,-0.0805133,-0.461943,1.89785,0.105315,0.0823628,0.464697,-0.300491,-0.24595,1.67864,-0.470825,-0.25693,1.2832,0.225298,0.607094,2.59706,0.179073,0.328134,0.676025,-0.328576,-0.154409,0.628943,0.0505933,-0.166324,1.56145,-0.735426,-0.712043,0.963107,1.03693,0.790316,1.89785,1.16945,1.16645,0.464697,1.31559,1.30638,0.555931,-0.264287,-0.178123,1.2832,0.720336,0.272523,2.59706,0.82027,0.764207,0.676025,-0.716172,-0.662624,0.628943,-0.0341457,0.0455459,1.56145,0.0327107,0.082949,0.963107,0.00257008,-0.381343,1.89785,0.366969,0.468919,0.464697,-0.0953046,-0.0720002,0.555931,0.446507,0.378215,1.67864,-0.0981327,0.15955,2.59706,0.616178,0.703595,0.676025,-0.0575075,0.0890745,0.628943,-0.00313722,0.123713,1.56145,-0.952968,-0.849555,0.963107,2.24728,0.64679,1.89785,2.51323,2.60888,0.464697,0.90483,1.15197,0.555931,0.529688,0.687017,1.67864,0.81519,1.67376,1.2832,3.00226,2.50094,0.676025,-1.14187,-1.11977,0.628943,0.25512,0.0922381,1.56145,0.387826,0.362093,0.963107,-0.699008,-0.381839,1.89785,-0.592923,-0.498143,0.464697,-0.493205,-0.476561,0.555931,-0.0559992,-0.0969538,1.67864,-0.509123,-0.526939,1.2832,0.197774,0.0884484,2.59706,-0.33758,-0.328615
1.62051,0.0576098,0.00417781,0.989129,0.121112,-0.0289886,1.94102,0.0698572,-0.0290668,0.476134,-0.00381988,-0.0778172,0.580131,0.0415528,-0.0258385,1.7153,-0.103054,-0.0840487,1.31402,-0.0476207,-0.00975332,2.67261,0.0060731,-0.00322585,0.697077,0.156083,0.0107496,0.644273,-0.0484358,0.316898,0.989129,-2.44111,-1.90447,1.94102,-2.30588,-2.12772,0.476134,-2.38729,-2.44034,0.580131,0.628699,0.418356,1.7153,-2.73585,-2.73424,1.31402,-0.413752,0.349851,2.67261,-1.52787,-1.2188,0.697077,1.63401,1.70534,0.644273,0.139602,-0.0390356,1.62051,-0.494655,-0.416561,1.94102,0.695795,0.582987,0.476134,0.460245,0.539505,0.580131,-0.368977,-0.334846,1.7153,0.655862,0.519801,1.31402,-0.135492,-0.471055,2.67261,0.440991,0.188615,0.697077,-0.22369,-0.407384,0.644273,-0.0464762,-0.0688105,1.62051,-0.938653,-0.836092,0.989129,1.64794,1.05736,0.476134,1.12658,1.16096,0.580131,0.0912488,0.0678351,1.7153,1.29043,1.43698,1.31402,1.4455,0.883974,2.67261,1.53716,1.42744,0.697077,-0.924027,-0.940973,0.644273,-0.00306236,-0.0877472,1.62051,-0.300577,-0.298593,0.989129,0.369979,0.322723,1.94102,0.374021,0.38132,0.580131,-0.143964,-0.100044,1.7153,0.542774,0.530707,1.31402,0.110974,-0.0618288,2.67261,0.250047,0.208364,0.697077,-0.275415,-0.282474,0.644273,-0.401687,-0.0168502,1.62051,0.140013,0.132498,0.989129,-0.0903018,-0.474306,1.94102,0.121795,0.0841237,0.476134,-0.326769,-0.252081,1.7153,-0.48913,-0.262832,1.31402,0.236533,0.621823,2.67261,0.171939,0.337484,0.697077,-0.386851,-0.15941,0.644273,0.0343075,-0.171645,1.62051,-0.755009,-0.741376,0.989129,1.06209,0.809726,1.94102,1.16772,1.19126,0.476134,1.34971,1.337,0.580131,-0.253297,-0.188522,1.31402,0.748636,0.277733,2.67261,0.866942,0.784531,0.697077,-0.705986,-0.685445,0.644273,-0.0425933,0.0461354,1.62051,0.103374,0.0853217,0.989129,0.01098,-0.392012,1.94102,0.351198,0.478965,0.476134,-0.0777187,-0.074273,0.580131,0.477611,0.39389,1.7153,-0.107799,0.162697,2.67261,0.615362,0.723284,0.697077,-0.0851491,0.0912405,0.644273,-0.0410883,0.127192,1.62051,-0.823155,-0.880968,0.989129,2.30606,0.664589,1.94102,2.54118,2.66786,0.476134,0.872682,1.18084,0.580131,0.646451,0.718166,1.7153,0.802159,1.71219,1.31402,3.11718,2.56258,0.697077,-1.19203,-1.15442,0.644273,0.277229,0.0941749,1.62051,0.369465,0.375479,0.989129,-0.706597,-0.392246,1.94102,-0.626055,-0.509533,0.476134,-0.473648,-0.488512,0.580131,-0.0604035,-0.101649,1.7153,-0.512298,-0.539098,1.31402,0.198603,0.0903592,2.67261,-0.356487,-0.338382
1.67958,0.0468742,0.00508459,1.01515,0.105881,-0.0292063,1.98419,0.0749306,-0.029253,0.487571,-0.007664,-0.0791891,0.604331,0.0547214,-0.0260598,1.75196,-0.110774,-0.0854539,1.34485,-0.0318958,-0.00949557,2.74816,-0.00228349,-0.00273993,0.71813,0.187649,0.0117095,0.659603,0.0172335,0.324006,1.01515,-2.48117,-1.95394,1.98419,-2.34086,-2.17454,0.487571,-2.39933,-2.49903,0.604331,0.593286,0.435559,1.75196,-2.79084,-2.79495,1.34485,-0.46003,0.357983,2.74816,-1.59059,-1.25319,0.71813,1.63171,1.75734,0.659603,0.120162,-0.0395406,1.67958,-0.544007,-0.431197,1.98419,0.725162,0.596139,0.487571,0.440009,0.552844,0.604331,-0.364255,-0.348186,1.75196,0.676081,0.531687,1.34485,-0.135029,-0.481873,2.74816,0.462266,0.194379,0.71813,-0.204295,-0.419344,0.659603,-0.0837459,-0.0697329,1.67958,-0.936257,-0.865673,1.01515,1.6853,1.08545,0.487571,1.12738,1.18947,0.604331,0.123611,0.0718929,1.75196,1.30503,1.46943,1.34485,1.50418,0.905727,2.74816,1.59192,1.46824,0.71813,-0.941192,-0.96893,0.659603,-0.0144797,-0.0897446,1.67958,-0.315128,-0.309493,1.01515,0.379013,0.331098,1.98419,0.374356,0.389701,0.604331,-0.136951,-0.104197,1.75196,0.554246,0.542479,1.34485,0.120237,-0.0632755,2.74816,0.259966,0.214233,0.71813,-0.271418,-0.291097,0.659603,-0.40262,-0.0173258,1.67958,0.206787,0.137215,1.01515,-0.108465,-0.486669,1.98419,0.136723,0.0858845,0.487571,-0.352043,-0.258213,1.75196,-0.507435,-0.268734,1.34485,0.247768,0.636552,2.74816,0.169057,0.346834,0.71813,-0.445125,-0.164412,0.659603,0.0168422,-0.176967,1.67958,-0.77432,-0.770709,1.01515,1.08861,0.829136,1.98419,1.1668,1.21607,0.487571,1.38441,1.36763,0.604331,-0.247707,-0.198921,1.34485,0.776935,0.282942,2.74816,0.909011,0.804855,0.71813,-0.695801,-0.708266,0.659603,-0.0511903,0.0467249,1.67958,0.171293,0.0876944,1.01515,0.0108923,-0.402681,1.98419,0.337019,0.48901,0.487571,-0.0600973,-0.0765458,0.604331,0.50363,0.409565,1.75196,-0.117466,0.165843,2.74816,0.62093,0.742973,0.71813,-0.112791,0.0934065,0.659603,-0.0821838,0.130672,1.67958,-0.701941,-0.91238,1.01515,2.32368,0.682388,1.98419,2.57178,2.72685,0.487571,0.847012,1.20971,0.604331,0.762189,0.749315,1.75196,0.789128,1.75062,1.34485,3.23209,2.62421,0.71813,-1.24219,-1.18908,0.659603,0.299911,0.0961117,1.67958,0.352841,0.388864,1.01515,-0.710141,-0.402653,1.98419,-0.657326,-0.520922,0.487571,-0.455631,-0.500462,0.604331,-0.0631614,-0.106345,1.75196,-0.515474,-0.551257,1.34485,0.199432,0.09227,2.74816,-0.370733,-0.348148
1.73864,0.0259986,0.00599136,1.04117,0.0906505,-0.0294241,2.02736,0.0767169,-0.0294392,0.499008,-0.014904,-0.080561,0.62853,0.0678504,-0.026281,1.78862,-0.121903,-0.0868591,1.37567,-0.00994414,-0.00923783,2.8237,-0.0106401,-0.00225401,0.739182,0.219214,0.0126693,0.674933,0.0829028,0.331114,1.04117,-2.52123,-2.00342,2.02736,-2.37367,-2.22136,0.499008,-2.42257,-2.55771,0.62853,0.562968,0.452762,1.78862,-2.84629,-2.85567,1.37567,-0.465624,0.366114,2.8237,-1.65331,-1.28758,0.739182,1.62942,1.80934,0.674933,0.100722,-0.0400455,1.73864,-0.568296,-0.445833,2.02736,0.752041,0.609291,0.499008,0.430953,0.566184,0.62853,-0.360884,-0.361526,1.78862,0.695908,0.543573,1.37567,-0.157791,-0.49269,2.8237,0.48354,0.200144,0.739182,-0.184899,-0.431305,0.674933,-0.121016,-0.0706553,1.73864,-0.934332,-0.895254,1.04117,1.72266,1.11354,0.499008,1.13599,1.21798,0.62853,0.145588,0.0759507,1.78862,1.33659,1.50188,1.37567,1.5227,0.92748,2.8237,1.64669,1.50904,0.739182,-0.958357,-0.996887,0.674933,-0.0258971,-0.0917419,1.73864,-0.330458,-0.320393,1.04117,0.388047,0.339472,2.02736,0.376517,0.398083,0.62853,-0.13063,-0.108351,1.78862,0.563077,0.554252,1.37567,0.121019,-0.0647222,2.8237,0.269884,0.220103,0.739182,-0.26742,-0.29972,0.674933,-0.403554,-0.0178013,1.73864,0.248835,0.141932,1.04117,-0.126629,-0.499033,2.02736,0.143262,0.0876454,0.499008,-0.37349,-0.264344,1.78862,-0.506027,-0.274635,1.37567,0.272608,0.651281,2.8237,0.166176,0.356184,0.739182,-0.5034,-0.169413,0.674933,-0.000623144,-0.182289,1.73864,-0.792146,-0.800043,1.04117,1.11512,0.848546,2.02736,1.17251,1.24088,0.499008,1.42099,1.39825,0.62853,-0.247489,-0.20932,1.37567,0.784583,0.288151,2.8237,0.951079,0.82518,0.739182,-0.685615,-0.731087,0.674933,-0.0597874,0.0473145,1.73864,0.223412,0.0900671,1.04117,0.0108046,-0.413351,2.02736,0.331636,0.499056,0.499008,-0.0431189,-0.0788185,0.62853,0.525115,0.425239,1.78862,-0.0990782,0.168989,2.8237,0.626498,0.762663,0.739182,-0.140432,0.0955725,0.674933,-0.123279,0.134151,1.73864,-0.629776,-0.943793,1.04117,2.34131,0.700187,2.02736,2.61691,2.78583,0.499008,0.844497,1.23857,0.62853,0.871103,0.780464,1.78862,0.875171,1.78904,1.37567,3.30786,2.68585,0.739182,-1.29235,-1.22374,0.674933,0.322594,0.0980484,1.73864,0.346335,0.40225,1.04117,-0.713685,-0.413059,2.02736,-0.678713,-0.532312,0.499008,-0.443891,-0.512413,0.62853,-0.0641706,-0.11104,1.78862,-0.52111,-0.563416,1.37567,0.202414,0.0941808,2.8237,-0.384979,-0.357914
1.7977,-0.00119632,0.00689813,1.06719,0.0754198,-0.0296418,2.07052,0.0764382,-0.0296255,0.510445,-0.022144,-0.0819329,0.65273,0.0789127,-0.0265023,1.82528,-0.133355,-0.0882644,1.4065,0.0196079,-0.00898009,2.89925,-0.0189967,-0.0017681,0.760235,0.25078,0.0136292,0.690263,0.148572,0.338222,1.06719,-2.56129,-2.05289,2.07052,-2.40544,-2.26818,0.510445,-2.4458,-2.6164,0.65273,0.555701,0.469966,1.82528,-2.90179,-2.91639,1.4065,-0.42156,0.374246,2.89925,-1.71603,-1.32197,0.760235,1.62712,1.86134,0.690263,0.0812822,-0.0405505,1.7977,-0.573108,-0.460469,2.07052,0.777283,0.622442,0.510445,0.421896,0.579523,0.65273,-0.367346,-0.374866,1.82528,0.715697,0.555459,1.4065,-0.208903,-0.503508,2.89925,0.504815,0.205909,0.760235,-0.165504,-0.443265,0.690263,-0.158285,-0.0715777,1.7977,-0.936076,-0.924835,1.06719,1.76003,1.14163,0.510445,1.14461,1.24649,0.65273,0.140216,0.0800085,1.82528,1.36975,1.53433,1.4065,1.4922,0.949233,2.89925,1.70145,1.54985,0.760235,-0.975522,-1.02484,0.690263,-0.0373144,-0.0937393,1.7977,-0.346194,-0.331293,1.06719,0.397081,0.347847,2.07052,0.379936,0.406464,0.65273,-0.128594,-0.112504,1.82528,0.571659,0.566025,1.4065,0.11145,-0.0661689,2.89925,0.279802,0.225972,0.760235,-0.263423,-0.308343,0.690263,-0.404488,-0.0182769,1.7977,0.268545,0.146649,1.06719,-0.144792,-0.511396,2.07052,0.144358,0.0894062,0.510445,-0.394938,-0.270475,1.82528,-0.502758,-0.280537,1.4065,0.314052,0.66601,2.89925,0.163294,0.365534,0.760235,-0.561674,-0.174415,0.690263,-0.0180885,-0.18761,1.7977,-0.808313,-0.829376,1.06719,1.14164,0.867956,2.07052,1.1827,1.26569,0.510445,1.45757,1.42887,0.65273,-0.257089,-0.219719,1.4065,0.767023,0.29336,2.89925,0.993148,0.845504,0.760235,-0.67543,-0.753908,0.690263,-0.0683844,0.047904,1.7977,0.260433,0.0924399,1.06719,0.0107168,-0.42402,2.07052,0.331976,0.509102,0.510445,-0.0261405,-0.0810913,0.65273,0.540301,0.440914,1.82528,-0.078042,0.172135,2.89925,0.632066,0.782352,0.760235,-0.168074,0.0977386,0.690263,-0.164375,0.13763,1.7977,-0.604338,-0.975206,1.06719,2.35893,0.717986,2.07052,2.67149,2.84482,0.510445,0.841981,1.26744,0.65273,0.945668,0.811613,1.82528,0.970566,1.82747,1.4065,3.33587,2.74748,0.760235,-1.34251,-1.25839,0.690263,0.345276,0.0999852,1.7977,0.349693,0.415635,1.06719,-0.717229,-0.423466,2.07052,-0.693702,-0.543701,0.510445,-0.432151,-0.524364,0.65273,-0.0615665,-0.115736,1.82528,-0.526979,-0.575575,1.4065,0.208024,0.0960916,2.89925,-0.399226,-0.36768
1.85677,-0.0308129,0.0078049,1.09322,0.0601892,-0.0298596,2.11369,0.0761594,-0.0298117,0.521882,-0.0332611,-0.0833048,0.67693,0.0892023,-0.0267236,1.86194,-0.144806,-0.0896696,1.43732,0.0491599,-0.00872235,2.9748,-0.0218885,-0.00128218,0.781288,0.282346,0.0145891,0.705593,0.214241,0.34533,1.09322,-2.60135,-2.10236,2.11369,-2.43721,-2.315,0.521882,-2.48827,-2.67509,0.67693,0.556181,0.487169,1.86194,-2.95728,-2.97711,1.43732,-0.377495,0.382378,2.9748,-1.7556,-1.35636,0.781288,1.62483,1.91334,0.705593,0.0618421,-0.0410554,1.85677,-0.56716,-0.475105,2.11369,0.802526,0.635594,0.521882,0.431162,0.592863,0.67693,-0.377268,-0.388206,1.86194,0.735486,0.567344,1.43732,-0.260015,-0.514325,2.9748,0.510351,0.211674,0.781288,-0.146109,-0.455226,0.705593,-0.195555,-0.0725001,1.85677,-0.941442,-0.954416,1.09322,1.79739,1.16972,0.521882,1.16661,1.275,0.67693,0.126468,0.0840663,1.86194,1.40291,1.56677,1.43732,1.46169,0.970986,2.9748,1.74605,1.59065,0.781288,-0.992686,-1.0528,0.705593,-0.0487318,-0.0957367,1.85677,-0.362131,-0.342193,1.09322,0.406116,0.356222,2.11369,0.383355,0.414845,0.67693,-0.128046,-0.116657,1.86194,0.580241,0.577798,1.43732,0.101881,-0.0676156,2.9748,0.286566,0.231842,0.781288,-0.259426,-0.316966,0.705593,-0.405421,-0.0187525,1.85677,0.274333,0.151365,1.09322,-0.162955,-0.523759,2.11369,0.145453,0.091167,0.521882,-0.410117,-0.276607,1.86194,-0.499489,-0.286439,1.43732,0.355497,0.680739,2.9748,0.166331,0.374884,0.781288,-0.619949,-0.179416,0.705593,-0.0355538,-0.192932,1.85677,-0.822571,-0.858709,1.09322,1.16816,0.887365,2.11369,1.1929,1.2905,0.521882,1.49646,1.45949,0.67693,-0.269387,-0.230118,1.43732,0.749463,0.298569,2.9748,1.02677,0.865828,0.781288,-0.665245,-0.776729,0.705593,-0.0769814,0.0484935,1.85677,0.287377,0.0948126,1.09322,0.0106291,-0.434689,2.11369,0.332315,0.519147,0.521882,-0.0121183,-0.0833641,0.67693,0.553959,0.456589,1.86194,-0.0570059,0.175281,2.9748,0.647441,0.802041,0.781288,-0.195715,0.0999046,0.705593,-0.20547,0.141109,1.85677,-0.611551,-1.00662,1.09322,2.37656,0.735785,2.11369,2.72608,2.9038,0.521882,0.873677,1.2963,0.67693,1.00855,0.842762,1.86194,1.06596,1.8659,1.43732,3.36388,2.80912,0.781288,-1.39266,-1.29305,0.705593,0.367959,0.101922,1.85677,0.359562,0.429021,1.09322,-0.720773,-0.433873,2.11369,-0.708691,-0.55509,0.521882,-0.431699,-0.536314,0.67693,-0.0579263,-0.120431,1.86194,-0.532848,-0.587734,1.43732,0.213634,0.0980024,2.9748,-0.405984,-0.377446
1.91583,-0.0579937,0.00871167,1.11924,0.0449585,-0.0300773,2.15686,0.0758806,-0.0299979,0.533319,-0.0456985,-0.0846767,0.70113,0.0994919,-0.0269448,1.8986,-0.156257,-0.0910748,1.46815,0.0787119,-0.0084646,3.05034,-0.0169884,-0.000796259,0.80234,0.313912,0.0155489,0.720923,0.279911,0.352438,1.11924,-2.64141,-2.15183,2.15686,-2.46898,-2.36181,0.533319,-2.5373,-2.73378,0.70113,0.55666,0.504372,1.8986,-3.01278,-3.03782,1.46815,-0.33343,0.39051,3.05034,-1.76205,-1.39075,0.80234,1.62253,1.96535,0.720923,0.0424021,-0.0415604,1.91583,-0.558601,-0.489741,2.15686,0.827769,0.648745,0.533319,0.446667,0.606202,0.70113,-0.38719,-0.401545,1.8986,0.755276,0.57923,1.46815,-0.311127,-0.525143,3.05034,0.493639,0.217439,0.80234,-0.126714,-0.467187,0.720923,-0.232825,-0.0734225,1.91583,-0.952152,-0.983997,1.11924,1.83475,1.1978,0.533319,1.19318,1.30352,0.70113,0.11272,0.0881241,1.8986,1.43607,1.59922,1.46815,1.43119,0.992739,3.05034,1.776,1.63145,0.80234,-1.00985,-1.08076,0.720923,-0.0601492,-0.0977341,1.91583,-0.378062,-0.353093,1.11924,0.41515,0.364596,2.15686,0.386774,0.423226,0.70113,-0.127497,-0.120811,1.8986,0.588822,0.589571,1.46815,0.0923128,-0.0690623,3.05034,0.288777,0.237711,0.80234,-0.255429,-0.32559,0.720923,-0.406355,-0.019228,1.91583,0.272315,0.156082,1.11924,-0.181119,-0.536122,2.15686,0.146548,0.0929279,0.533319,-0.42316,-0.282738,1.8986,-0.496221,-0.29234,1.46815,0.396942,0.695468,3.05034,0.177738,0.384234,0.80234,-0.678223,-0.184417,0.720923,-0.0530191,-0.198254,1.91583,-0.833517,-0.888042,1.11924,1.19468,0.906775,2.15686,1.20309,1.3153,0.533319,1.53614,1.49012,0.70113,-0.281685,-0.240517,1.46815,0.731903,0.303779,3.05034,1.04814,0.886152,0.80234,-0.655059,-0.79955,0.720923,-0.0855785,0.0490831,1.91583,0.306978,0.0971853,1.11924,0.0105414,-0.445359,2.15686,0.332655,0.529193,0.533319,0.000897147,-0.0856369,0.70113,0.567618,0.472264,1.8986,-0.0359697,0.178428,3.05034,0.676816,0.82173,0.80234,-0.223357,0.102071,0.720923,-0.246566,0.144588,1.91583,-0.64606,-1.03803,1.11924,2.39418,0.753584,2.15686,2.78066,2.96279,0.533319,0.917024,1.32517,0.70113,1.07143,0.873911,1.8986,1.16136,1.90432,1.46815,3.39189,2.87075,0.80234,-1.44282,-1.3277,0.720923,0.390641,0.103859,1.91583,0.373994,0.442406,1.11924,-0.724317,-0.444279,2.15686,-0.723681,-0.56648,0.533319,-0.43509,-0.548265,0.70113,-0.0542862,-0.125126,1.8986,-0.538717,-0.599893,1.46815,0.219244,0.0999131,3.05034,-0.40201,-0.387213
1.9749,-0.0820017,0.00961844,1.14526,0.0260043,-0.030295,2.20003,0.0756018,-0.0301842,0.544756,-0.0607763,-0.0860486,0.72533,0.104365,-0.0271661,1.93527,-0.167708,-0.09248,1.49897,0.108264,-0.00820686,3.12589,-0.00808758,-0.000310341,0.823393,0.345477,0.0165088,0.736253,0.34558,0.359546,1.14526,-2.67924,-2.20131,2.20003,-2.50075,-2.40863,0.544756,-2.60257,-2.79246,0.72533,0.60418,0.521576,1.93527,-3.06827,-3.09854,1.49897,-0.289366,0.398641,3.12589,-1.75134,-1.42514,0.823393,1.62024,2.01735,0.736253,0.022962,-0.0420653,1.9749,-0.552353,-0.504377,2.20003,0.853012,0.661897,0.544756,0.477359,0.619542,0.72533,-0.419549,-0.414885,1.93527,0.775065,0.591116,1.49897,-0.362239,-0.53596,3.12589,0.465834,0.223204,0.823393,-0.107319,-0.479147,0.736253,-0.270094,-0.0743449,1.9749,-0.966002,-1.01358,1.14526,1.86527,1.22589,0.544756,1.23105,1.33203,0.72533,0.0556378,0.0921819,1.93527,1.46923,1.63167,1.49897,1.40068,1.01449,3.12589,1.79812,1.67225,0.823393,-1.02702,-1.10871,0.736253,-0.0715665,-0.0997315,1.9749,-0.393903,-0.363993,1.14526,0.424413,0.372971,2.20003,0.390192,0.431607,0.72533,-0.136424,-0.124964,1.93527,0.597404,0.601343,1.49897,0.0827441,-0.070509,3.12589,0.288557,0.243581,0.823393,-0.251431,-0.334213,0.736253,-0.407288,-0.0197036,1.9749,0.269398,0.160799,1.14526,-0.204292,-0.548485,2.20003,0.147643,0.0946887,0.544756,-0.431006,-0.288869,1.93527,-0.492952,-0.298242,1.49897,0.438387,0.710197,3.12589,0.193323,0.393584,0.823393,-0.736498,-0.189419,0.736253,-0.0704844,-0.203575,1.9749,-0.842373,-0.917375,1.14526,1.22229,0.926185,2.20003,1.21328,1.34011,0.544756,1.57746,1.52074,0.72533,-0.304817,-0.250916,1.49897,0.714343,0.308988,3.12589,1.0629,0.906477,0.823393,-0.644874,-0.822371,0.736253,-0.0941755,0.0496726,1.9749,0.324444,0.099558,1.14526,0.00494878,-0.456028,2.20003,0.332995,0.539239,0.544756,0.0108157,-0.0879097,0.72533,0.577448,0.487939,1.93527,-0.0149335,0.181574,3.12589,0.713408,0.841419,0.823393,-0.250998,0.104237,0.736253,-0.287661,0.148068,1.9749,-0.690564,-1.06944,1.14526,2.38583,0.771383,2.20003,2.83525,3.02177,0.544756,0.987461,1.35403,0.72533,1.06201,0.90506,1.93527,1.25675,1.94275,1.49897,3.4199,2.93239,0.823393,-1.49298,-1.36236,0.736253,0.413323,0.105796,1.9749,0.389646,0.455792,1.14526,-0.725692,-0.454686,2.20003,-0.73867,-0.577869,0.544756,-0.448179,-0.560216,0.72533,-0.0460029,-0.129822,1.93527,-0.544586,-0.612052,1.49897,0.224853,0.101824,3.12589,-0.392431,-0.396979
2.03396,-0.0993004,0.0105252,1.17128,-0.00901549,-0.0305128,2.2432,0.075323,-0.0303704,0.556193,-0.0785156,-0.0874205,0.74953,0.107134,-0.0273874,1.97193,-0.180919,-0.0938852,1.5298,0.137816,-0.00794912,3.20144,0.00933843,0.000175578,0.844445,0.377043,0.0174687,0.751583,0.411249,0.366654,1.17128,-2.7075,-2.25078,2.2432,-2.53252,-2.45545,0.556193,-2.68497,-2.85115,0.74953,0.669189,0.538779,1.97193,-3.12399,-3.15926,1.5298,-0.245301,0.406773,3.20144,-1.70399,-1.45953,0.844445,1.61794,2.06935,0.751583,0.00352194,-0.0425703,2.03396,-0.555383,-0.519013,2.2432,0.878255,0.675049,0.556193,0.523997,0.632881,0.74953,-0.460429,-0.428225,1.97193,0.794173,0.603002,1.5298,-0.413352,-0.546778,3.20144,0.414481,0.228969,0.844445,-0.0879235,-0.491108,0.751583,-0.307364,-0.0752673,2.03396,-0.983554,-1.04316,1.17128,1.86625,1.25398,0.556193,1.28081,1.36054,0.74953,-0.0166064,0.0962397,1.97193,1.51527,1.66412,1.5298,1.37018,1.03624,3.20144,1.80348,1.71305,0.844445,-1.04418,-1.13667,0.751583,-0.0829839,-0.101729,2.03396,-0.409487,-0.374893,1.17128,0.434664,0.381346,2.2432,0.393611,0.439988,0.74953,-0.14893,-0.129118,1.97193,0.604134,0.613116,1.5298,0.0731754,-0.0719557,3.20144,0.283129,0.24945,0.844445,-0.247434,-0.342836,0.751583,-0.408222,-0.0201792,2.03396,0.271714,0.165516,1.17128,-0.249076,-0.560848,2.2432,0.148738,0.0964495,0.556193,-0.433396,-0.295001,1.97193,-0.475744,-0.304144,1.5298,0.479832,0.724926,3.20144,0.217782,0.402934,0.844445,-0.794772,-0.19442,0.751583,-0.0879497,-0.208897,2.03396,-0.848521,-0.946709,1.17128,1.2546,0.945595,2.2432,1.22348,1.36492,0.556193,1.62047,1.55136,0.74953,-0.331275,-0.261315,1.5298,0.696782,0.314197,3.20144,1.06347,0.926801,0.844445,-0.634688,-0.845192,0.751583,-0.102773,0.0502621,2.03396,0.343115,0.101931,1.17128,-0.0244183,-0.466697,2.2432,0.333334,0.549284,0.556193,0.0173579,-0.0901825,0.74953,0.586542,0.503614,1.97193,0.0257671,0.18472,3.20144,0.765388,0.861108,0.844445,-0.27864,0.106403,0.751583,-0.328757,0.151547,2.03396,-0.736535,-1.10086,1.17128,2.26534,0.789182,2.2432,2.88983,3.08076,0.556193,1.0861,1.3829,0.74953,1.02553,0.936209,1.97193,1.42173,1.98117,1.5298,3.44791,2.99402,0.844445,-1.54314,-1.39701,0.751583,0.436006,0.107732,2.03396,0.404243,0.469177,1.17128,-0.717723,-0.465093,2.2432,-0.753659,-0.589259,0.556193,-0.471514,-0.572167,0.74953,-0.0362012,-0.134517,1.97193,-0.553072,-0.624212,1.5298,0.230463,0.103735,3.20144,-0.37088,-0.406745
2.09302,-0.10512,0.011432,1.1973,-0.0518008,-0.0307305,2.28637,0.0750442,-0.0305566,0.56763,-0.10276,-0.0887924,0.77373,0.106423,-0.0276086,2.00859,-0.196921,-0.0952905,1.56062,0.167368,-0.00769138,3.27698,0.0377673,0.000661496,0.865498,0.355334,0.0184285,0.766913,0.476918,0.373762,1.1973,-2.73198,-2.30025,2.28637,-2.5643,-2.50227,0.56763,-2.81577,-2.90984,0.77373,0.761999,0.555982,2.00859,-3.18006,-3.21997,1.56062,-0.201236,0.414905,3.27698,-1.60915,-1.49393,0.865498,1.62546,2.12135,0.766913,-0.0159181,-0.0430752,2.09302,-0.575707,-0.533649,2.28637,0.903497,0.6882,0.56763,0.615244,0.64622,0.77373,-0.515119,-0.441565,2.00859,0.812201,0.614888,1.56062,-0.464464,-0.557595,3.27698,0.333091,0.234733,0.865498,-0.0688964,-0.503069,0.766913,-0.344634,-0.0761897,2.09302,-1.00649,-1.07274,1.1973,1.85257,1.28207,0.56763,1.36418,1.38905,0.77373,-0.111564,0.100297,2.00859,1.58173,1.69656,1.56062,1.33967,1.058,3.27698,1.7869,1.75385,0.865498,-1.06646,-1.16463,0.766913,-0.0944012,-0.103726,2.09302,-0.424612,-0.385793,1.1973,0.445496,0.38972,2.28637,0.39703,0.44837,0.77373,-0.167205,-0.133271,2.00859,0.607929,0.624889,1.56062,0.0636068,-0.0734024,3.27698,0.270881,0.25532,0.865498,-0.250075,-0.351459,0.766913,-0.409156,-0.0206547,2.09302,0.285289,0.170232,1.1973,-0.304263,-0.573211,2.28637,0.149833,0.0982104,0.56763,-0.420521,-0.301132,2.00859,-0.436434,-0.310045,1.56062,0.521277,0.739655,3.27698,0.253564,0.412284,0.865498,-0.822747,-0.199422,0.766913,-0.105415,-0.214219,2.09302,-0.850588,-0.976042,1.1973,1.28959,0.965005,2.28637,1.23367,1.38973,0.56763,1.66775,1.58199,0.77373,-0.361999,-0.271714,1.56062,0.679222,0.319406,3.27698,1.04537,0.947125,0.865498,-0.635479,-0.868012,0.766913,-0.11137,0.0508516,2.09302,0.365691,0.104303,1.1973,-0.065877,-0.477367,2.28637,0.333674,0.55933,0.56763,0.0133944,-0.0924553,0.77373,0.595469,0.519289,2.00859,0.0976496,0.187866,3.27698,0.837259,0.880797,0.865498,-0.299584,0.108569,0.766913,-0.369852,0.155026,2.09302,-0.77866,-1.13227,1.1973,2.08878,0.806981,2.28637,2.94442,3.13974,0.56763,1.26154,1.41176,0.77373,0.94582,0.967358,2.00859,1.69706,2.0196,1.56062,3.47592,3.05565,0.865498,-1.68416,-1.43167,0.766913,0.458688,0.109669,2.09302,0.41586,0.482563,1.1973,-0.70564,-0.4755,2.28637,-0.768648,-0.600648,0.56763,-0.524072,-0.584117,0.77373,-0.0242895,-0.139213,2.00859,-0.565709,-0.636371,1.56062,0.236073,0.105645,3.27698,-0.333778,-0.416511
2.15209,-0.0858949,0.0123387,1.22333,-0.110531,-0.0309483,2.32953,0.0700889,-0.0307429,0.579067,-0.127627,-0.0901644,0.797929,0.0999327,-0.0278299,2.04525,-0.212923,-0.0966957,1.59145,0.19692,-0.00743363,3.35253,0.0799304,0.00114741,0.886551,0.323762,0.0193884,0.782244,0.542588,0.380871,1.22333,-2.74937,-2.34973,2.32953,-2.59625,-2.54908,0.579067,-2.9513,-2.96853,0.797929,0.900127,0.573186,2.04525,-3.23613,-3.28069,1.59145,-0.157171,0.423037,3.35253,-1.45495,-1.52832,0.886551,1.6348,2.17335,0.782244,-0.0353582,-0.0435802,2.15209,-0.639504,-0.548285,2.32953,0.924469,0.701352,0.579067,0.710845,0.65956,0.797929,-0.592532,-0.454905,2.04525,0.830229,0.626774,1.59145,-0.515576,-0.568413,3.35253,0.214434,0.240498,0.886551,-0.0499376,-0.515029,0.782244,-0.381904,-0.0771121,2.15209,-1.03733,-1.10232,1.22333,1.8085,1.31016,0.579067,1.45083,1.41756,0.797929,-0.242427,0.104355,2.04525,1.64818,1.72901,1.59145,1.30917,1.07975,3.35253,1.74271,1.79466,0.886551,-1.08968,-1.19258,0.782244,-0.105819,-0.105724,2.15209,-0.438647,-0.396693,1.22333,0.457604,0.398095,2.32953,0.404153,0.456751,0.797929,-0.194952,-0.137425,2.04525,0.611724,0.636662,1.59145,0.0540381,-0.0748491,3.35253,0.250054,0.26119,0.886551,-0.253945,-0.360082,0.782244,-0.410089,-0.0211303,2.15209,0.332743,0.174949,1.22333,-0.380776,-0.585575,2.32953,0.137259,0.0999712,0.579067,-0.406157,-0.307263,2.04525,-0.397124,-0.315947,1.59145,0.562722,0.754384,3.35253,0.303402,0.421634,0.886551,-0.845111,-0.204423,0.782244,-0.12288,-0.21954,2.15209,-0.845988,-1.00537,1.22333,1.33043,0.984415,2.32953,1.25657,1.41454,0.579067,1.71545,1.61261,0.797929,-0.39885,-0.282113,1.59145,0.661662,0.324615,3.35253,1.00374,0.967449,0.886551,-0.638302,-0.890833,0.782244,-0.119967,0.0514412,2.15209,0.404258,0.106676,1.22333,-0.132651,-0.488036,2.32953,0.348506,0.569376,0.579067,0.00839222,-0.0947281,0.797929,0.604935,0.534964,2.04525,0.169532,0.191012,3.35253,0.933979,0.900486,0.886551,-0.319288,0.110735,0.782244,-0.410948,0.158505,2.15209,-0.786702,-1.16368,1.22333,1.79559,0.82478,2.32953,3.02291,3.19873,0.579067,1.44445,1.44063,0.797929,0.795418,0.998507,2.04525,1.97238,2.05803,1.59145,3.50393,3.11729,0.886551,-1.84201,-1.46632,0.782244,0.481371,0.111606,2.15209,0.416229,0.495948,1.22333,-0.685438,-0.485906,2.32953,-0.76769,-0.612037,0.579067,-0.579491,-0.596068,0.797929,-0.0091832,-0.143908,2.04525,-0.578347,-0.64853,1.59145,0.241683,0.107556,3.35253,-0.277198,-0.426277
2.21115,-0.0404799,0.0132455,1.24935,-0.169262,-0.031166,2.3727,0.062273,-0.0309291,0.590504,-0.152495,-0.0915363,0.822129,0.0840876,-0.0280512,2.08191,-0.228926,-0.0981009,1.62227,0.237592,-0.00717589,3.42807,0.122093,0.00163333,0.907603,0.275867,0.0203483,0.797574,0.608257,0.387979,1.24935,-2.76676,-2.3992,2.3727,-2.62832,-2.5959,0.590504,-3.08683,-3.02721,0.822129,1.10975,0.590389,2.08191,-3.29219,-3.34141,1.62227,-0.0287832,0.431168,3.42807,-1.30074,-1.56271,0.907603,1.65874,2.22536,0.797574,-0.0547983,-0.0440851,2.21115,-0.750297,-0.56292,2.3727,0.942827,0.714503,0.590504,0.806446,0.672899,0.822129,-0.706264,-0.468245,2.08191,0.848257,0.63866,1.62227,-0.613713,-0.57923,3.42807,0.095776,0.246263,0.907603,-0.0321616,-0.52699,0.797574,-0.419173,-0.0780345,2.21115,-1.07541,-1.1319,1.24935,1.76442,1.33825,0.590504,1.53748,1.44607,0.822129,-0.427466,0.108413,2.08191,1.71464,1.76146,1.62227,1.19558,1.1015,3.42807,1.69853,1.83546,0.907603,-1.11975,-1.22054,0.797574,-0.117236,-0.107721,2.21115,-0.451522,-0.407594,1.24935,0.469712,0.406469,2.3727,0.413542,0.465132,0.822129,-0.237787,-0.141578,2.08191,0.615519,0.648435,1.62227,0.0270363,-0.0762958,3.42807,0.229228,0.267059,0.907603,-0.262349,-0.368705,0.797574,-0.411023,-0.0216059,2.21115,0.418121,0.179666,1.24935,-0.457289,-0.597938,2.3727,0.116324,0.101732,0.590504,-0.391792,-0.313395,2.08191,-0.357814,-0.321849,1.62227,0.630303,0.769113,3.42807,0.353239,0.430984,0.907603,-0.856105,-0.209425,0.797574,-0.140346,-0.224862,2.21115,-0.835015,-1.03471,1.24935,1.37126,1.00383,2.3727,1.28723,1.43935,0.590504,1.76314,1.64323,0.822129,-0.443546,-0.292513,1.62227,0.602242,0.329825,3.42807,0.962116,0.987773,0.907603,-0.652809,-0.913654,0.797574,-0.128564,0.0520307,2.21115,0.461544,0.109049,1.24935,-0.199424,-0.498705,2.3727,0.372202,0.579421,0.590504,0.00339,-0.0970009,0.822129,0.617039,0.550639,2.08191,0.241415,0.194159,3.42807,1.0307,0.920175,0.907603,-0.338885,0.112901,0.797574,-0.452043,0.161984,2.21115,-0.752226,-1.19509,1.24935,1.50239,0.842579,2.3727,3.11602,3.25771,0.590504,1.62737,1.4695,0.822129,0.533059,1.02966,2.08191,2.2477,2.09645,1.62227,3.44964,3.17892,0.907603,-2.03186,-1.50098,0.797574,0.504053,0.113543,2.21115,0.403564,0.509334,1.24935,-0.665236,-0.496313,2.3727,-0.756977,-0.623427,0.590504,-0.634909,-0.608019,0.822129,0.0104222,-0.148604,2.08191,-0.590984,-0.660689,1.62227,0.252298,0.109467,3.42807,-0.220619,-0.436044
2.27021,0.00493509,0.0141523,1.27537,-0.227992,-0.0313837,2.41587,0.0535999,-0.0311154,0.601941,-0.18164,-0.0929082,0.846329,0.0682424,-0.0282725,2.11857,-0.244928,-0.0995061,1.6531,0.283645,-0.00691815,3.50362,0.175608,0.00211925,0.928656,0.205572,0.0213081,0.812904,0.673926,0.395087,1.27537,-2.78416,-2.44867,2.41587,-2.66073,-2.64272,0.601941,-3.2578,-3.0859,0.846329,1.31937,0.607593,2.11857,-3.34826,-3.40213,1.6531,0.140408,0.4393,3.50362,-1.09736,-1.5971,0.928656,1.70351,2.27736,0.812904,-0.0742383,-0.0445901,2.27021,-0.86109,-0.577556,2.41587,0.960335,0.727655,0.601941,0.934486,0.686239,0.846329,-0.819995,-0.481585,2.11857,0.866285,0.650546,1.6531,-0.734606,-0.590048,3.50362,-0.053503,0.252028,0.928656,-0.0160825,-0.53895,0.812904,-0.456443,-0.0789569,2.27021,-1.11349,-1.16148,1.27537,1.72035,1.36633,0.601941,1.64872,1.47459,0.846329,-0.612505,0.112471,2.11857,1.78109,1.79391,1.6531,1.04179,1.12326,3.50362,1.63138,1.87626,0.928656,-1.1596,-1.2485,0.812904,-0.128653,-0.109718,2.27021,-0.464396,-0.418494,1.27537,0.48182,0.414844,2.41587,0.423713,0.473513,0.846329,-0.280621,-0.145732,2.11857,0.619313,0.660208,1.6531,-0.00840122,-0.0777425,3.50362,0.20126,0.272929,0.928656,-0.277149,-0.377328,0.812904,-0.411957,-0.0220814,2.27021,0.503498,0.184383,1.27537,-0.533802,-0.610301,2.41587,0.0927213,0.103493,0.601941,-0.366327,-0.319526,2.11857,-0.318504,-0.327751,1.6531,0.710531,0.783842,3.50362,0.414627,0.440334,0.928656,-0.85135,-0.214426,0.812904,-0.157811,-0.230184,2.27021,-0.824041,-1.06404,1.27537,1.41209,1.02324,2.41587,1.32053,1.46416,0.601941,1.81373,1.67385,0.846329,-0.488241,-0.302912,1.6531,0.522567,0.335034,3.50362,0.900863,1.0081,0.928656,-0.683922,-0.936475,0.812904,-0.137161,0.0526202,2.27021,0.518831,0.111422,1.27537,-0.266198,-0.509374,2.41587,0.398739,0.589467,0.601941,-0.00976143,-0.0992737,0.846329,0.629143,0.566313,2.11857,0.313297,0.197305,3.50362,1.14797,0.939864,0.928656,-0.358468,0.115067,0.812904,-0.493139,0.165464,2.27021,-0.71775,-1.22651,1.27537,1.20919,0.860378,2.41587,3.21381,3.3167,0.601941,1.86513,1.49836,0.846329,0.270699,1.06081,2.11857,2.52302,2.13488,1.6531,3.35552,3.24056,0.928656,-2.26592,-1.53564,0.812904,0.526736,0.115479,2.27021,0.390899,0.522719,1.27537,-0.645033,-0.50672,2.41587,-0.743165,-0.634816,0.601941,-0.711847,-0.619969,0.846329,0.0300275,-0.153299,2.11857,-0.603621,-0.672848,1.6531,0.265335,0.111378,3.50362,-0.14789,-0.44581
2.32928,0.0557627,0.0150591,1.30139,-0.286723,-0.0316015,2.45904,0.0421507,-0.0313016,0.613378,-0.214437,-0.0942801,0.870529,0.0473658,-0.0284937,2.15523,-0.26093,-0.100911,1.68392,0.329698,-0.00666041,3.57917,0.243992,0.00260517,0.949708,0.115285,0.022268,0.828234,0.739595,0.402195,1.30139,-2.80155,-2.49814,2.45904,-2.69424,-2.68954,0.613378,-3.45901,-3.14459,0.870529,1.56682,0.624796,2.15523,-3.40433,-3.46284,1.68392,0.309598,0.447432,3.57917,-0.829529,-1.63149,0.949708,1.76787,2.32936,0.828234,-0.0936784,-0.045095,2.32928,-0.981908,-0.592192,2.45904,0.975086,0.740807,0.613378,1.09021,0.699578,0.870529,-0.953103,-0.494925,2.15523,0.884313,0.662431,1.68392,-0.855498,-0.600865,3.57917,-0.24282,0.257793,0.949708,-0.00161023,-0.550911,0.828234,-0.493713,-0.0798793,2.32928,-1.15286,-1.19106,1.30139,1.67628,1.39442,0.613378,1.78095,1.5031,0.870529,-0.825354,0.116529,2.15523,1.84755,1.82635,1.68392,0.887999,1.14501,3.57917,1.53406,1.91706,0.949708,-1.20863,-1.27645,0.828234,-0.140071,-0.111716,2.32928,-0.477027,-0.429394,1.30139,0.493928,0.423219,2.45904,0.436417,0.481894,0.870529,-0.331489,-0.149885,2.15523,0.623108,0.67198,1.68392,-0.0438387,-0.0791893,3.57917,0.163915,0.278798,0.949708,-0.297872,-0.385951,0.828234,-0.41289,-0.022557,2.32928,0.59722,0.1891,1.30139,-0.610314,-0.622664,2.45904,0.0604813,0.105254,0.613378,-0.33139,-0.325657,2.15523,-0.279194,-0.333652,1.68392,0.790758,0.798571,3.57917,0.49112,0.449684,0.949708,-0.832359,-0.219427,0.828234,-0.175276,-0.235505,2.32928,-0.811871,-1.09337,1.30139,1.45292,1.04264,2.45904,1.36237,1.48897,0.613378,1.8668,1.70448,0.870529,-0.536457,-0.313311,1.68392,0.442891,0.340243,3.57917,0.813824,1.02842,0.949708,-0.730575,-0.959296,0.828234,-0.145758,0.0532097,2.32928,0.580393,0.113794,1.30139,-0.332972,-0.520044,2.45904,0.434477,0.599513,0.613378,-0.0298675,-0.101546,0.870529,0.643259,0.581988,2.15523,0.38518,0.200451,3.57917,1.29218,0.959554,0.949708,-0.378208,0.117233,0.828234,-0.534234,0.168943,2.32928,-0.673089,-1.25792,1.30139,0.915996,0.878177,2.45904,3.32677,3.37568,0.613378,2.14971,1.52723,0.870529,-0.0510451,1.09195,2.15523,2.79834,2.17331,1.68392,3.2614,3.30219,0.949708,-2.5398,-1.57029,0.828234,0.549418,0.117416,2.32928,0.375282,0.536105,1.30139,-0.624831,-0.517126,2.45904,-0.719317,-0.646205,0.613378,-0.807149,-0.63192,0.870529,0.0518265,-0.157995,2.15523,-0.616259,-0.685007,1.68392,0.278372,0.113289,3.57917,-0.0539817,-0.455576
