b_exp_vs_beta_exp_abscissa,b_exp_vs_beta_exp_spline,b_exp_vs_beta_exp_regression,b_exp_vs_delta0_abscissa,b_exp_vs_delta0_spline,b_exp_vs_delta0_regression,b_exp_vs_h_0_abscissa,b_exp_vs_h_0_spline,b_exp_vs_h_0_regression,b_exp_vs_ifn0_abscissa,b_exp_vs_ifn0_spline,b_exp_vs_ifn0_regression,b_exp_vs_p_abscissa,b_exp_vs_p_spline,b_exp_vs_p_regression,b_exp_vs_q_exp_abscissa,b_exp_vs_q_exp_spline,b_exp_vs_q_exp_regression,b_exp_vs_rho_exp_abscissa,b_exp_vs_rho_exp_spline,b_exp_vs_rho_exp_regression,b_exp_vs_sigma_abscissa,b_exp_vs_sigma_spline,b_exp_vs_sigma_regression,b_exp_vs_tc_abscissa,b_exp_vs_tc_spline,b_exp_vs_tc_regression,b_exp_vs_td_abscissa,b_exp_vs_td_spline,b_exp_vs_td_regression,beta_exp_vs_b_exp_abscissa,beta_exp_vs_b_exp_spline,beta_exp_vs_b_exp_regression,beta_exp_vs_delta0_abscissa,beta_exp_vs_delta0_spline,beta_exp_vs_delta0_regression,beta_exp_vs_h_0_abscissa,beta_exp_vs_h_0_spline,beta_exp_vs_h_0_regression,beta_exp_vs_ifn0_abscissa,beta_exp_vs_ifn0_spline,beta_exp_vs_ifn0_regression,beta_exp_vs_p_abscissa,beta_exp_vs_p_spline,beta_exp_vs_p_regression,beta_exp_vs_q_exp_abscissa,beta_exp_vs_q_exp_spline,beta_exp_vs_q_exp_regression,beta_exp_vs_rho_exp_abscissa,beta_exp_vs_rho_exp_spline,beta_exp_vs_rho_exp_regression,beta_exp_vs_sigma_abscissa,beta_exp_vs_sigma_spline,beta_exp_vs_sigma_regression,beta_exp_vs_tc_abscissa,beta_exp_vs_tc_spline,beta_exp_vs_tc_regression,beta_exp_vs_td_abscissa,beta_exp_vs_td_spline,beta_exp_vs_td_regression,delta0_vs_b_exp_abscissa,delta0_vs_b_exp_spline,delta0_vs_b_exp_regression,delta0_vs_beta_exp_abscissa,delta0_vs_beta_exp_spline,delta0_vs_beta_exp_regression,delta0_vs_h_0_abscissa,delta0_vs_h_0_spline,delta0_vs_h_0_regression,delta0_vs_ifn0_abscissa,delta0_vs_ifn0_spline,delta0_vs_ifn0_regression,delta0_vs_p_abscissa,delta0_vs_p_spline,delta0_vs_p_regression,delta0_vs_q_exp_abscissa,delta0_vs_q_exp_spline,delta0_vs_q_exp_regression,delta0_vs_rho_exp_abscissa,delta0_vs_rho_exp_spline,delta0_vs_rho_exp_regression,delta0_vs_sigma_abscissa,delta0_vs_sigma_spline,delta0_vs_sigma_regression,delta0_vs_tc_abscissa,delta0_vs_tc_spline,delta0_vs_tc_regression,delta0_vs_td_abscissa,delta0_vs_td_spline,delta0_vs_td_regression,h_0_vs_b_exp_abscissa,h_0_vs_b_exp_spline,h_0_vs_b_exp_regression,h_0_vs_beta_exp_abscissa,h_0_vs_beta_exp_spline,h_0_vs_beta_exp_regression,h_0_vs_delta0_abscissa,h_0_vs_delta0_spline,h_0_vs_delta0_regression,h_0_vs_ifn0_abscissa,h_0_vs_ifn0_spline,h_0_vs_ifn0_regression,h_0_vs_p_abscissa,h_0_vs_p_spline,h_0_vs_p_regression,h_0_vs_q_exp_abscissa,h_0_vs_q_exp_spline,h_0_vs_q_exp_regression,h_0_vs_rho_exp_abscissa,h_0_vs_rho_exp_spline,h_0_vs_rho_exp_regression,h_0_vs_sigma_abscissa,h_0_vs_sigma_spline,h_0_vs_sigma_regression,h_0_vs_tc_abscissa,h_0_vs_tc_spline,h_0_vs_tc_regression,h_0_vs_td_abscissa,h_0_vs_td_spline,h_0_vs_td_regression,ifn0_vs_b_exp_abscissa,ifn0_vs_b_exp_spline,ifn0_vs_b_exp_regression,ifn0_vs_beta_exp_abscissa,ifn0_vs_beta_exp_spline,ifn0_vs_beta_exp_regression,ifn0_vs_delta0_abscissa,ifn0_vs_delta0_spline,ifn0_vs_delta0_regression,ifn0_vs_h_0_abscissa,ifn0_vs_h_0_spline,ifn0_vs_h_0_regression,ifn0_vs_p_abscissa,ifn0_vs_p_spline,ifn0_vs_p_regression,ifn0_vs_q_exp_abscissa,ifn0_vs_q_exp_spline,ifn0_vs_q_exp_regression,ifn0_vs_rho_exp_abscissa,ifn0_vs_rho_exp_spline,ifn0_vs_rho_exp_regression,ifn0_vs_sigma_abscissa,ifn0_vs_sigma_spline,ifn0_vs_sigma_regression,ifn0_vs_tc_abscissa,ifn0_vs_tc_spline,ifn0_vs_tc_regression,ifn0_vs_td_abscissa,ifn0_vs_td_spline,ifn0_vs_td_regression,p_vs_b_exp_abscissa,p_vs_b_exp_spline,p_vs_b_exp_regression,p_vs_beta_exp_abscissa,p_vs_beta_exp_spline,p_vs_beta_exp_regression,p_vs_delta0_abscissa,p_vs_delta0_spline,p_vs_delta0_regression,p_vs_h_0_abscissa,p_vs_h_0_spline,p_vs_h_0_regression,p_vs_ifn0_abscissa,p_vs_ifn0_spline,p_vs_ifn0_regression,p_vs_q_exp_abscissa,p_vs_q_exp_spline,p_vs_q_exp_regression,p_vs_rho_exp_abscissa,p_vs_rho_exp_spline,p_vs_rho_exp_regression,p_vs_sigma_abscissa,p_vs_sigma_spline,p_vs_sigma_regression,p_vs_tc_abscissa,p_vs_tc_spline,p_vs_tc_regression,p_vs_td_abscissa,p_vs_td_spline,p_vs_td_regression,q_exp_vs_b_exp_abscissa,q_exp_vs_b_exp_spline,q_exp_vs_b_exp_regression,q_exp_vs_beta_exp_abscissa,q_exp_vs_beta_exp_spline,q_exp_vs_beta_exp_regression,q_exp_vs_delta0_abscissa,q_exp_vs_delta0_spline,q_exp_vs_delta0_regression,q_exp_vs_h_0_abscissa,q_exp_vs_h_0_spline,q_exp_vs_h_0_regression,q_exp_vs_ifn0_abscissa,q_exp_vs_ifn0_spline,q_exp_vs_ifn0_regression,q_exp_vs_p_abscissa,q_exp_vs_p_spline,q_exp_vs_p_regression,q_exp_vs_rho_exp_abscissa,q_exp_vs_rho_exp_spline,q_exp_vs_rho_exp_regression,q_exp_vs_sigma_abscissa,q_exp_vs_sigma_spline,q_exp_vs_sigma_regression,q_exp_vs_tc_abscissa,q_exp_vs_tc_spline,q_exp_vs_tc_regression,q_exp_vs_td_abscissa,q_exp_vs_td_spline,q_exp_vs_td_regression,rho_exp_vs_b_exp_abscissa,rho_exp_vs_b_exp_spline,rho_exp_vs_b_exp_regression,rho_exp_vs_beta_exp_abscissa,rho_exp_vs_beta_exp_spline,rho_exp_vs_beta_exp_regression,rho_exp_vs_delta0_abscissa,rho_exp_vs_delta0_spline,rho_exp_vs_delta0_regression,rho_exp_vs_h_0_abscissa,rho_exp_vs_h_0_spline,rho_exp_vs_h_0_regression,rho_exp_vs_ifn0_abscissa,rho_exp_vs_ifn0_spline,rho_exp_vs_ifn0_regression,rho_exp_vs_p_abscissa,rho_exp_vs_p_spline,rho_exp_vs_p_regression,rho_exp_vs_q_exp_abscissa,rho_exp_vs_q_exp_spline,rho_exp_vs_q_exp_regression,rho_exp_vs_sigma_abscissa,rho_exp_vs_sigma_spline,rho_exp_vs_sigma_regression,rho_exp_vs_tc_abscissa,rho_exp_vs_tc_spline,rho_exp_vs_tc_regression,rho_exp_vs_td_abscissa,rho_exp_vs_td_spline,rho_exp_vs_td_regression,sigma_vs_b_exp_abscissa,sigma_vs_b_exp_spline,sigma_vs_b_exp_regression,sigma_vs_beta_exp_abscissa,sigma_vs_beta_exp_spline,sigma_vs_beta_exp_regression,sigma_vs_delta0_abscissa,sigma_vs_delta0_spline,sigma_vs_delta0_regression,sigma_vs_h_0_abscissa,sigma_vs_h_0_spline,sigma_vs_h_0_regression,sigma_vs_ifn0_abscissa,sigma_vs_ifn0_spline,sigma_vs_ifn0_regression,sigma_vs_p_abscissa,sigma_vs_p_spline,sigma_vs_p_regression,sigma_vs_q_exp_abscissa,sigma_vs_q_exp_spline,sigma_vs_q_exp_regression,sigma_vs_rho_exp_abscissa,sigma_vs_rho_exp_spline,sigma_vs_rho_exp_regression,sigma_vs_tc_abscissa,sigma_vs_tc_spline,sigma_vs_tc_regression,sigma_vs_td_abscissa,sigma_vs_td_spline,sigma_vs_td_regression,tc_vs_b_exp_abscissa,tc_vs_b_exp_spline,tc_vs_b_exp_regression,tc_vs_beta_exp_abscissa,tc_vs_beta_exp_spline,tc_vs_beta_exp_regression,tc_vs_delta0_abscissa,tc_vs_delta0_spline,tc_vs_delta0_regression,tc_vs_h_0_abscissa,tc_vs_h_0_spline,tc_vs_h_0_regression,tc_vs_ifn0_abscissa,tc_vs_ifn0_spline,tc_vs_ifn0_regression,tc_vs_p_abscissa,tc_vs_p_spline,tc_vs_p_regression,tc_vs_q_exp_abscissa,tc_vs_q_exp_spline,tc_vs_q_exp_regression,tc_vs_rho_exp_abscissa,tc_vs_rho_exp_spline,tc_vs_rho_exp_regression,tc_vs_sigma_abscissa,tc_vs_sigma_spline,tc_vs_sigma_regression,tc_vs_td_abscissa,tc_vs_td_spline,tc_vs_td_regression,td_vs_b_exp_abscissa,td_vs_b_exp_spline,td_vs_b_exp_regression,td_vs_beta_exp_abscissa,td_vs_beta_exp_spline,td_vs_beta_exp_regression,td_vs_delta0_abscissa,td_vs_delta0_spline,td_vs_delta0_regression,td_vs_h_0_abscissa,td_vs_h_0_spline,td_vs_h_0_regression,td_vs_ifn0_abscissa,td_vs_ifn0_spline,td_vs_ifn0_regression,td_vs_p_abscissa,td_vs_p_spline,td_vs_p_regression,td_vs_q_exp_abscissa,td_vs_q_exp_spline,td_vs_q_exp_regression,td_vs_rho_exp_abscissa,td_vs_rho_exp_spline,td_vs_rho_exp_regression,td_vs_sigma_abscissa,td_vs_sigma_spline,td_vs_sigma_regression,td_vs_tc_abscissa,td_vs_tc_spline,td_vs_tc_regression
-1.0903,1.59304,1.68233,-1.08762,1.75634,2.49671,-0.626391,2.6296,2.85741,-0.679048,-0.86981,-0.346891,-1.06412,-1.66975,-2.00458,-0.882887,-1.87126,-1.0619,-2.02174,1.74676,2.05639,-1.78607,-0.661277,0.707835,-4.40044,1.5987,1.73429,-0.821702,-1.727,-0.892853,-2.43317,1.01466,0.894635,-1.08762,-0.579182,-0.890516,-0.626391,-0.730727,-0.854281,-0.679048,-0.0316912,0.045313,-1.06412,0.998536,1.05927,-0.882887,0.554941,0.032849,-2.02174,-0.604627,-0.908136,-1.78607,-0.475692,-0.865365,-4.40044,-0.772116,-1.12988,-0.821702,1.05262,0.720562,-2.43317,0.827893,0.740114,-1.0903,-0.461633,-0.57591,-0.626391,-0.883548,-0.984073,-0.679048,0.24885,0.21889,-1.06412,0.161767,0.396982,-0.882887,0.769956,0.602382,-2.02174,-0.522519,-0.643902,-1.78607,0.236223,-0.307165,-4.40044,-0.825774,-0.755218,-0.821702,0.578012,0.389962,-2.43317,0.40142,0.465063,-1.0903,-0.254835,-0.285146,-1.08762,-0.436127,-0.513196,-0.679048,0.168943,0.0620436,-1.06412,0.340322,0.385881,-0.882887,0.297785,0.239588,-2.02174,-0.43512,-0.417284,-1.78607,0.156596,-0.116686,-4.40044,-0.306718,-0.296983,-0.821702,0.206457,0.0929831,-2.43317,-0.246654,-0.112883,-1.0903,-0.229163,0.0661831,-1.08762,0.526288,0.331747,-0.626391,0.198317,0.201849,-1.06412,0.700834,0.531261,-0.882887,-0.50754,-0.846198,-2.02174,0.0186825,-0.0674126,-1.78607,-0.123293,-0.0286571,-4.40044,0.702897,0.352227,-0.821702,-0.693109,-0.807057,-2.43317,-0.346027,-0.486494,-1.0903,0.451011,0.475198,-1.08762,0.252838,0.347337,-0.626391,0.439196,0.577557,-0.679048,0.258588,0.35155,-0.882887,0.0701513,0.440614,-2.02174,0.665129,0.652415,-1.78607,0.306821,0.377582,-4.40044,-0.173017,0.259023,-0.821702,0.00355942,0.282154,-2.43317,-0.454859,-0.184229,-1.0903,-0.0395346,0.0564481,-1.08762,0.567545,0.446912,-0.626391,0.209357,0.343188,-0.679048,-0.421818,-0.455516,-1.06412,0.502228,0.3984,-2.02174,-0.00616047,0.00405596,-1.78607,-0.406606,-0.107251,-4.40044,0.688662,0.272012,-0.821702,-0.312648,-0.48448,-2.43317,1.48956,1.84232,-1.0903,-1.45559,-1.55031,-1.08762,-1.31391,-1.7157,-0.626391,-1.79369,-2.17355,-0.679048,-0.0960715,-0.295045,-1.06412,2.2313,2.45806,-0.882887,0.46273,-0.207572,-1.78607,-0.592652,-1.24471,-4.40044,-0.831441,-1.42041,-0.821702,0.820046,0.237268,-2.43317,0.149543,0.424452,-1.0903,-0.861698,-1.03444,-1.08762,-0.621421,-0.516736,-0.626391,0.272301,-0.374443,-0.679048,-0.674873,-0.121199,-1.06412,0.743781,1.00228,-0.882887,-0.570553,-0.501125,-2.02174,-0.957701,-0.868608,-4.40044,-0.901559,-1.3646,-0.821702,0.825187,0.774171,-2.43317,2.60113,2.32034,-1.0903,-2.26169,-2.9999,-1.08762,-2.95421,-3.16999,-0.626391,-1.4943,-2.3841,-0.679048,0.0690652,1.20628,-1.06412,0.315982,1.38039,-0.882887,1.21118,1.55876,-2.02174,-1.46672,-2.22589,-1.78607,-0.994405,-3.02835,-0.821702,4.53832,3.64557,-2.43317,-0.353387,-0.153925,-1.0903,0.095882,0.258375,-1.08762,0.166428,0.268822,-0.626391,-0.0152449,0.139407,-0.679048,-0.318657,-0.410439,-1.06412,0.326886,0.22354,-0.882887,-0.367444,-0.456753,-2.02174,0.100607,0.0721454,-1.78607,0.0865203,0.233263,-4.40044,0.695655,0.4922
-1.06487,1.51443,1.64403,-1.06736,1.79761,2.44866,-0.614996,2.57027,2.8046,-0.658856,-0.685073,-0.335418,-1.0461,-1.76028,-1.97003,-0.863301,-1.83527,-1.03819,-1.97659,1.74253,2.0109,-1.74863,-0.53556,0.694096,-4.30386,1.54439,1.6966,-0.805367,-1.68633,-0.874413,-2.38349,0.926545,0.876565,-1.06736,-0.604465,-0.873198,-0.614996,-0.709262,-0.838381,-0.658856,0.0293736,0.0437144,-1.0461,1.02447,1.04133,-0.863301,0.515884,0.0319222,-1.97659,-0.622029,-0.88773,-1.74863,-0.48674,-0.847349,-4.30386,-0.782067,-1.10475,-0.805367,1.02927,0.706351,-2.38349,0.777996,0.724171,-1.06487,-0.449611,-0.56373,-0.614996,-0.870678,-0.96663,-0.658856,0.226852,0.210987,-1.0461,0.211488,0.389341,-0.863301,0.760191,0.58836,-1.97659,-0.545866,-0.630595,-1.74863,0.18566,-0.301928,-4.30386,-0.803088,-0.739576,-0.805367,0.561913,0.381243,-2.38349,0.409896,0.455346,-1.06487,-0.232435,-0.278945,-1.06736,-0.437447,-0.503523,-0.658856,0.129451,0.0596556,-1.0461,0.355221,0.379045,-0.863301,0.300341,0.234044,-1.97659,-0.422679,-0.408291,-1.74863,0.130671,-0.114687,-4.30386,-0.288683,-0.290803,-0.805367,0.20196,0.0907518,-2.38349,-0.187127,-0.110025,-1.06487,-0.165625,0.065339,-1.06736,0.571613,0.325814,-0.614996,0.189963,0.198616,-1.0461,0.641338,0.522863,-0.863301,-0.5043,-0.827608,-1.97659,-0.018858,-0.0651894,-1.74863,-0.123468,-0.0274131,-4.30386,0.650012,0.344998,-0.805367,-0.678523,-0.790787,-2.38349,-0.37385,-0.476563,-1.06487,0.439753,0.464268,-1.06736,0.196762,0.340718,-0.614996,0.444115,0.56688,-0.658856,0.238808,0.341861,-0.863301,0.0849108,0.431505,-1.97659,0.642281,0.63783,-1.74863,0.299001,0.369856,-4.30386,-0.1407,0.253456,-0.805367,0.00464197,0.276888,-2.38349,-0.381754,-0.17974,-1.06487,-0.032382,0.0560763,-1.06736,0.592847,0.438914,-0.614996,0.204809,0.337485,-0.658856,-0.389358,-0.441394,-1.0461,0.466461,0.392403,-1.97659,-0.0100329,0.0048885,-1.74863,-0.358959,-0.104132,-4.30386,0.629016,0.266816,-0.805367,-0.31037,-0.474276,-2.38349,1.52715,1.80482,-1.06487,-1.38499,-1.51466,-1.06736,-1.24533,-1.68264,-0.614996,-1.78929,-2.13326,-0.658856,-0.093336,-0.287689,-1.0461,2.27723,2.41624,-0.863301,0.449104,-0.203946,-1.74863,-0.599647,-1.21924,-4.30386,-0.83084,-1.38933,-0.805367,0.803615,0.231947,-2.38349,0.152299,0.415774,-1.06487,-0.844536,-1.01032,-1.06736,-0.597235,-0.506768,-0.614996,0.211396,-0.36758,-0.658856,-0.412523,-0.118045,-1.0461,0.788299,0.985304,-0.863301,-0.565079,-0.490718,-1.97659,-0.865487,-0.84909,-4.30386,-0.924826,-1.33418,-0.805367,0.809954,0.758927,-2.38349,2.32992,2.27203,-1.06487,-2.31218,-2.93162,-1.06736,-3.03503,-3.10956,-0.614996,-1.50382,-2.34105,-0.658856,0.473943,1.16908,-1.0461,0.595235,1.35556,-0.863301,1.24247,1.52357,-1.97659,-1.51518,-2.17755,-1.74863,-1.24107,-2.96662,-0.805367,4.43076,3.57278,-2.38349,-0.272462,-0.150474,-1.06487,0.126678,0.252738,-1.06736,0.239436,0.263904,-0.614996,-0.0115072,0.137138,-0.658856,-0.325282,-0.398216,-1.0461,0.280735,0.220111,-0.863301,-0.361641,-0.446663,-1.97659,0.0798685,0.0709371,-1.74863,0.100675,0.228746,-4.30386,0.655432,0.481573
-1.03945,1.44089,1.60573,-1.04711,1.83888,2.40061,-0.6036,2.51094,2.7518,-0.638665,-0.500335,-0.323945,-1.02807,-1.83787,-1.93548,-0.843715,-1.79928,-1.01448,-1.93145,1.73652,1.96541,-1.71119,-0.409843,0.680357,-4.20729,1.49007,1.65891,-0.789032,-1.64567,-0.855973,-2.33381,0.838426,0.858495,-1.04711,-0.629749,-0.855879,-0.6036,-0.687797,-0.822482,-0.638665,0.0904384,0.0421159,-1.02807,1.04475,1.02339,-0.843715,0.476828,0.0309955,-1.93145,-0.638612,-0.867323,-1.71119,-0.497789,-0.829332,-4.20729,-0.792018,-1.07961,-0.789032,1.00591,0.69214,-2.33381,0.728099,0.708228,-1.03945,-0.438397,-0.551551,-0.6036,-0.857807,-0.949188,-0.638665,0.204854,0.203084,-1.02807,0.256036,0.381701,-0.843715,0.750426,0.574338,-1.93145,-0.566393,-0.617288,-1.71119,0.135096,-0.296692,-4.20729,-0.780402,-0.723934,-0.789032,0.545814,0.372524,-2.33381,0.418372,0.445629,-1.03945,-0.212004,-0.272744,-1.04711,-0.438768,-0.493849,-0.638665,0.0899592,0.0572676,-1.02807,0.368034,0.372209,-0.843715,0.302897,0.228499,-1.93145,-0.410455,-0.399298,-1.71119,0.104745,-0.112687,-4.20729,-0.270647,-0.284624,-0.789032,0.197463,0.0885205,-2.33381,-0.127599,-0.107167,-1.03945,-0.106544,0.0644949,-1.04711,0.616937,0.31988,-0.6036,0.181609,0.195383,-1.02807,0.586643,0.514466,-0.843715,-0.501061,-0.809019,-1.93145,-0.0523391,-0.0629662,-1.71119,-0.123642,-0.0261691,-4.20729,0.597127,0.337768,-0.789032,-0.663937,-0.774516,-2.33381,-0.401673,-0.466632,-1.03945,0.429557,0.453338,-1.04711,0.140686,0.334099,-0.6036,0.449034,0.556202,-0.638665,0.219028,0.332172,-0.843715,0.0996702,0.422397,-1.93145,0.619872,0.623246,-1.71119,0.291181,0.36213,-4.20729,-0.108382,0.247888,-0.789032,0.00572453,0.271622,-2.33381,-0.308648,-0.175252,-1.03945,-0.0260704,0.0557045,-1.04711,0.618149,0.430916,-0.6036,0.200261,0.331783,-0.638665,-0.356899,-0.427271,-1.02807,0.433408,0.386405,-1.93145,-0.0132445,0.00572104,-1.71119,-0.311312,-0.101014,-4.20729,0.56937,0.26162,-0.789032,-0.308092,-0.464073,-2.33381,1.56475,1.76733,-1.03945,-1.32,-1.47901,-1.04711,-1.17675,-1.64959,-0.6036,-1.7849,-2.09298,-0.638665,-0.0906005,-0.280333,-1.02807,2.3145,2.37442,-0.843715,0.435478,-0.20032,-1.71119,-0.606642,-1.19377,-4.20729,-0.830239,-1.35825,-0.789032,0.787185,0.226625,-2.33381,0.155056,0.407097,-1.03945,-0.828607,-0.986205,-1.04711,-0.573049,-0.496799,-0.6036,0.150491,-0.360718,-0.638665,-0.150173,-0.114891,-1.02807,0.827701,0.968327,-0.843715,-0.559604,-0.480311,-1.93145,-0.780833,-0.829572,-4.20729,-0.948093,-1.30376,-0.789032,0.79472,0.743683,-2.33381,2.05871,2.22372,-1.03945,-2.35769,-2.86333,-1.04711,-3.11584,-3.04913,-0.6036,-1.51333,-2.29801,-0.638665,0.87882,1.13188,-1.02807,0.844531,1.33073,-0.843715,1.27376,1.48838,-1.93145,-1.56225,-2.12922,-1.71119,-1.48774,-2.90489,-0.789032,4.3232,3.49999,-2.33381,-0.191536,-0.147023,-1.03945,0.15479,0.2471,-1.04711,0.312443,0.258986,-0.6036,-0.00776949,0.134869,-0.638665,-0.331907,-0.385992,-1.02807,0.239179,0.216682,-0.843715,-0.355837,-0.436573,-1.93145,0.0613759,0.0697289,-1.71119,0.11483,0.224229,-4.20729,0.615209,0.470945
-1.01403,1.39106,1.56743,-1.02685,1.88015,2.35257,-0.592204,2.4516,2.69899,-0.618474,-0.361521,-0.312472,-1.01005,-1.90071,-1.90093,-0.824128,-1.76328,-0.990766,-1.8863,1.72957,1.91993,-1.67376,-0.293874,0.666618,-4.11071,1.43913,1.62122,-0.772697,-1.60501,-0.837533,-2.28414,0.755404,0.840425,-1.02685,-0.655033,-0.838561,-0.592204,-0.666332,-0.806583,-0.618474,0.13486,0.0405174,-1.01005,1.05871,1.00545,-0.824128,0.437771,0.0300688,-1.8863,-0.654713,-0.846917,-1.67376,-0.508564,-0.811316,-4.11071,-0.800542,-1.05448,-0.772697,0.982558,0.677928,-2.28414,0.679691,0.692285,-1.01403,-0.430962,-0.539371,-0.592204,-0.844937,-0.931745,-0.618474,0.18859,0.195181,-1.01005,0.294636,0.37406,-0.824128,0.740661,0.560317,-1.8863,-0.585484,-0.603981,-1.67376,0.0896712,-0.291455,-4.11071,-0.757892,-0.708291,-0.772697,0.529715,0.363805,-2.28414,0.425709,0.435912,-1.01403,-0.200775,-0.266542,-1.02685,-0.440089,-0.484176,-0.618474,0.060098,0.0548796,-1.01005,0.378434,0.365374,-0.824128,0.305453,0.222955,-1.8863,-0.398338,-0.390305,-1.67376,0.0811903,-0.110688,-4.11071,-0.253933,-0.278444,-0.772697,0.192967,0.0862892,-2.28414,-0.0715079,-0.104308,-1.01403,-0.0683003,0.0636508,-1.02685,0.662261,0.313946,-0.592204,0.173255,0.19215,-1.01005,0.537478,0.506068,-0.824128,-0.497821,-0.79043,-1.8863,-0.0838129,-0.0607429,-1.67376,-0.123648,-0.0249251,-4.11071,0.547486,0.330538,-0.772697,-0.64935,-0.758245,-2.28414,-0.427779,-0.456702,-1.01403,0.424329,0.442408,-1.02685,0.0846106,0.32748,-0.592204,0.453953,0.545525,-0.618474,0.205961,0.322483,-0.824128,0.11443,0.413289,-1.8863,0.597709,0.608662,-1.67376,0.284896,0.354404,-4.11071,-0.0770754,0.24232,-0.772697,0.00680709,0.266356,-2.28414,-0.238781,-0.170764,-1.01403,-0.0236906,0.0553327,-1.02685,0.643451,0.422918,-0.592204,0.195713,0.32608,-0.618474,-0.330913,-0.413149,-1.01005,0.403494,0.380408,-1.8863,-0.0161421,0.00655358,-1.67376,-0.26915,-0.0978952,-4.11071,0.513069,0.256424,-0.772697,-0.305814,-0.45387,-2.28414,1.59846,1.72983,-1.01403,-1.28121,-1.44335,-1.02685,-1.10817,-1.61653,-0.592204,-1.7805,-2.0527,-0.618474,-0.0911602,-0.272977,-1.01005,2.34186,2.33259,-0.824128,0.421852,-0.196695,-1.67376,-0.615642,-1.1683,-4.11071,-0.830716,-1.32717,-0.772697,0.770754,0.221304,-2.28414,0.157503,0.398419,-1.01403,-0.818441,-0.962085,-1.02685,-0.548863,-0.486831,-0.592204,0.0895852,-0.353855,-0.618474,0.0440655,-0.111737,-1.01005,0.861215,0.95135,-0.824128,-0.55413,-0.469903,-1.8863,-0.699945,-0.810054,-4.11071,-0.969043,-1.27335,-0.772697,0.779487,0.728439,-2.28414,1.80125,2.1754,-1.01403,-2.37996,-2.79504,-1.02685,-3.19665,-2.98871,-0.592204,-1.52285,-2.25496,-0.618474,1.1814,1.09468,-1.01005,1.05969,1.3059,-0.824128,1.30506,1.45318,-1.8863,-1.60838,-2.08089,-1.67376,-1.69984,-2.84317,-0.772697,4.21564,3.4272,-2.28414,-0.115491,-0.143571,-1.01403,0.170355,0.241463,-1.02685,0.385451,0.254068,-0.592204,-0.0040318,0.132599,-0.618474,-0.33565,-0.373769,-1.01005,0.202846,0.213254,-0.824128,-0.350034,-0.426483,-1.8863,0.0439865,0.0685206,-1.67376,0.126919,0.219712,-4.11071,0.577056,0.460317
-0.988602,1.34177,1.52913,-1.0066,1.88608,2.30452,-0.580808,2.39227,2.64619,-0.598283,-0.270127,-0.300999,-0.992019,-1.93299,-1.86639,-0.804542,-1.72729,-0.967054,-1.84115,1.71579,1.87444,-1.63632,-0.19779,0.652879,-4.01413,1.40073,1.58353,-0.756362,-1.56435,-0.819094,-2.23446,0.704783,0.822355,-1.0066,-0.661803,-0.821243,-0.580808,-0.644866,-0.790683,-0.598283,0.161936,0.0389189,-0.992019,1.05959,0.987508,-0.804542,0.398715,0.029142,-1.84115,-0.667313,-0.826511,-1.63632,-0.518781,-0.793299,-4.01413,-0.803735,-1.02934,-0.756362,0.959203,0.663717,-2.23446,0.640959,0.676342,-0.988602,-0.423621,-0.527191,-0.580808,-0.832067,-0.914303,-0.598283,0.178033,0.187277,-0.992019,0.320921,0.366419,-0.804542,0.730896,0.546295,-1.84115,-0.594157,-0.590674,-1.63632,0.0547282,-0.286218,-4.01413,-0.736076,-0.692649,-0.756362,0.513616,0.355086,-2.23446,0.42578,0.426194,-0.988602,-0.189748,-0.260341,-1.0066,-0.43597,-0.474503,-0.598283,0.0402155,0.0524916,-0.992019,0.383839,0.358538,-0.804542,0.308009,0.21741,-1.84115,-0.386994,-0.381312,-1.63632,0.062472,-0.108688,-4.01413,-0.242136,-0.272265,-0.756362,0.18847,0.0840579,-2.23446,-0.0373752,-0.10145,-0.988602,-0.0305039,0.0628067,-1.0066,0.669532,0.308012,-0.580808,0.164901,0.188917,-0.992019,0.499766,0.49767,-0.804542,-0.494582,-0.77184,-1.84115,-0.100715,-0.0585197,-1.63632,-0.123313,-0.0236811,-4.01413,0.509895,0.323309,-0.756362,-0.634764,-0.741975,-2.23446,-0.442808,-0.446771,-0.988602,0.419182,0.431478,-1.0066,0.0600343,0.320861,-0.580808,0.458872,0.534847,-0.598283,0.199599,0.312794,-0.804542,0.129189,0.404181,-1.84115,0.577331,0.594078,-1.63632,0.281745,0.346678,-4.01413,-0.0496135,0.236752,-0.756362,0.00788964,0.26109,-2.23446,-0.189758,-0.166276,-0.988602,-0.0213749,0.054961,-1.0066,0.644682,0.41492,-0.580808,0.191165,0.320377,-0.598283,-0.311568,-0.399026,-0.992019,0.380081,0.374411,-1.84115,-0.0167597,0.00738612,-1.63632,-0.238176,-0.0947766,-4.01413,0.469253,0.251227,-0.756362,-0.303536,-0.443666,-2.23446,1.60735,1.69233,-0.988602,-1.24296,-1.4077,-1.0066,-1.06936,-1.58347,-0.580808,-1.77611,-2.01241,-0.598283,-0.0948604,-0.265621,-0.992019,2.34871,2.29077,-0.804542,0.408227,-0.193069,-1.63632,-0.628732,-1.14282,-4.01413,-0.83511,-1.29609,-0.756362,0.754324,0.215983,-2.23446,0.158092,0.389741,-0.988602,-0.808382,-0.937966,-1.0066,-0.525599,-0.476862,-0.580808,0.0286798,-0.346993,-0.598283,0.167666,-0.108583,-0.992019,0.882538,0.934372,-0.804542,-0.548656,-0.459496,-1.84115,-0.646393,-0.790536,-4.01413,-0.981203,-1.24293,-0.756362,0.764254,0.713196,-2.23446,1.63189,2.12709,-0.988602,-2.40171,-2.72676,-1.0066,-3.19722,-2.92828,-0.580808,-1.53236,-2.21192,-0.598283,1.37656,1.05749,-0.992019,1.20416,1.28107,-0.804542,1.33635,1.41799,-1.84115,-1.6477,-2.03255,-1.63632,-1.84144,-2.78144,-0.756362,4.10807,3.35441,-2.23446,-0.0705712,-0.14012,-0.988602,0.185654,0.235825,-1.0066,0.413732,0.24915,-0.580808,-0.000294109,0.13033,-0.598283,-0.336295,-0.361546,-0.992019,0.177329,0.209825,-0.804542,-0.344231,-0.416393,-1.84115,0.0346057,0.0673124,-1.63632,0.134794,0.215194,-4.01413,0.546623,0.449689
-0.963178,1.31325,1.49083,-0.98634,1.88574,2.25647,-0.569412,2.33294,2.59338,-0.578092,-0.214935,-0.289526,-0.973993,-1.96526,-1.83184,-0.784956,-1.6913,-0.943341,-1.79601,1.69371,1.82895,-1.59888,-0.101706,0.63914,-3.91756,1.37154,1.54584,-0.740027,-1.52369,-0.800654,-2.18478,0.6721,0.804284,-0.98634,-0.665285,-0.803925,-0.569412,-0.623401,-0.774784,-0.578092,0.175447,0.0373204,-0.973993,1.06046,0.969568,-0.784956,0.359659,0.0282153,-1.79601,-0.674551,-0.806104,-1.59888,-0.528999,-0.775283,-3.91756,-0.802872,-1.00421,-0.740027,0.935849,0.649506,-2.18478,0.607975,0.660399,-0.963178,-0.420099,-0.515011,-0.569412,-0.819196,-0.896861,-0.578092,0.171396,0.179374,-0.973993,0.347207,0.358779,-0.784956,0.721131,0.532274,-1.79601,-0.591749,-0.577367,-1.59888,0.0197852,-0.280981,-3.91756,-0.714919,-0.677006,-0.740027,0.497517,0.346367,-2.18478,0.421786,0.416477,-0.963178,-0.186681,-0.25414,-0.98634,-0.430885,-0.46483,-0.578092,0.0280193,0.0501036,-0.973993,0.389245,0.351703,-0.784956,0.310565,0.211865,-1.79601,-0.376378,-0.372319,-1.59888,0.0437537,-0.106689,-3.91756,-0.233998,-0.266085,-0.740027,0.183973,0.0818266,-2.18478,-0.0156191,-0.0985918,-0.963178,-0.0101666,0.0619626,-0.98634,0.670043,0.302078,-0.569412,0.156547,0.185684,-0.973993,0.462054,0.489273,-0.784956,-0.491343,-0.753251,-1.79601,-0.103599,-0.0562965,-1.59888,-0.122977,-0.0224371,-3.91756,0.481181,0.316079,-0.740027,-0.620178,-0.725704,-2.18478,-0.451387,-0.43684,-0.963178,0.416854,0.420547,-0.98634,0.0410534,0.314242,-0.569412,0.463791,0.52417,-0.578092,0.197888,0.303105,-0.784956,0.143949,0.395072,-1.79601,0.559432,0.579494,-1.59888,0.278594,0.338952,-3.91756,-0.0253522,0.231185,-0.740027,0.0089722,0.255824,-2.18478,-0.152755,-0.161788,-0.963178,-0.0212425,0.0545892,-0.98634,0.641636,0.406922,-0.569412,0.186616,0.314674,-0.578092,-0.297203,-0.384904,-0.973993,0.356668,0.368413,-1.79601,-0.0155112,0.00821867,-1.59888,-0.207202,-0.091658,-3.91756,0.434873,0.246031,-0.740027,-0.301258,-0.433463,-2.18478,1.60223,1.65484,-0.963178,-1.22569,-1.37205,-0.98634,-1.03583,-1.55041,-0.569412,-1.77171,-1.97213,-0.578092,-0.100426,-0.258265,-0.973993,2.35556,2.24895,-0.784956,0.394601,-0.189443,-1.59888,-0.641823,-1.11735,-3.91756,-0.842042,-1.265,-0.740027,0.737893,0.210661,-2.18478,0.157872,0.381063,-0.963178,-0.802256,-0.913846,-0.98634,-0.502499,-0.466893,-0.569412,-0.0322256,-0.34013,-0.578092,0.236725,-0.105429,-0.973993,0.903861,0.917395,-0.784956,-0.543182,-0.449089,-1.79601,-0.61984,-0.771019,-3.91756,-0.986129,-1.21252,-0.740027,0.74902,0.697952,-2.18478,1.51262,2.07877,-0.963178,-2.40305,-2.65847,-0.98634,-3.18354,-2.86785,-0.569412,-1.54188,-2.16887,-0.578092,1.48614,1.02029,-0.973993,1.34864,1.25624,-0.784956,1.36765,1.3828,-1.79601,-1.67383,-1.98422,-1.59888,-1.98304,-2.71971,-0.740027,4.00051,3.28163,-2.18478,-0.0430808,-0.136669,-0.963178,0.190687,0.230187,-0.98634,0.434069,0.244232,-0.569412,0.00344358,0.12806,-0.578092,-0.334329,-0.349322,-0.973993,0.151811,0.206396,-0.784956,-0.338427,-0.406303,-1.79601,0.0327322,0.0661041,-1.59888,0.142669,0.210677,-3.91756,0.521996,0.439061
-0.937754,1.29175,1.45253,-0.966085,1.8854,2.20843,-0.558016,2.2736,2.54058,-0.557901,-0.171087,-0.278053,-0.955966,-1.99754,-1.79729,-0.76537,-1.65531,-0.919629,-1.75086,1.66875,1.78346,-1.56144,-0.0148015,0.625401,-3.82098,1.34584,1.50815,-0.723692,-1.48302,-0.782214,-2.1351,0.639416,0.786214,-0.966085,-0.668767,-0.786606,-0.558016,-0.601936,-0.758885,-0.557901,0.184665,0.0357218,-0.955966,1.06134,0.951627,-0.76537,0.320602,0.0272886,-1.75086,-0.679925,-0.785698,-1.56144,-0.538721,-0.757266,-3.82098,-0.800466,-0.979077,-0.723692,0.912494,0.635295,-2.1351,0.574991,0.644456,-0.937754,-0.418021,-0.502831,-0.558016,-0.806326,-0.879418,-0.557901,0.165931,0.171471,-0.955966,0.373492,0.351138,-0.76537,0.711366,0.518252,-1.75086,-0.585489,-0.56406,-1.56144,-0.0106318,-0.275744,-3.82098,-0.694013,-0.661364,-0.723692,0.481418,0.337648,-2.1351,0.417792,0.40676,-0.937754,-0.18627,-0.247938,-0.966085,-0.4258,-0.455157,-0.557901,0.0182407,0.0477156,-0.955966,0.39465,0.344867,-0.76537,0.313121,0.206321,-1.75086,-0.366015,-0.363326,-1.56144,0.0271798,-0.10469,-3.82098,-0.22725,-0.259906,-0.723692,0.179476,0.0795953,-2.1351,0.00613698,-0.0957335,-0.937754,0.00451547,0.0611185,-0.966085,0.670555,0.296144,-0.558016,0.148192,0.182451,-0.955966,0.424342,0.480875,-0.76537,-0.488103,-0.734662,-1.75086,-0.101611,-0.0540732,-1.56144,-0.122309,-0.0211932,-3.82098,0.455838,0.308849,-0.723692,-0.605592,-0.709434,-2.1351,-0.459967,-0.426909,-0.937754,0.415012,0.409617,-0.966085,0.0220724,0.307623,-0.558016,0.468711,0.513492,-0.557901,0.197576,0.293415,-0.76537,0.158708,0.385964,-1.75086,0.542394,0.564909,-1.56144,0.276598,0.331226,-3.82098,-0.00231233,0.225617,-0.723692,0.0100548,0.250558,-2.1351,-0.115752,-0.1573,-0.937754,-0.0214651,0.0542174,-0.966085,0.63859,0.398924,-0.558016,0.182068,0.308971,-0.557901,-0.284386,-0.370781,-0.955966,0.333255,0.362416,-1.75086,-0.013614,0.00905121,-1.56144,-0.181013,-0.0885393,-3.82098,0.404081,0.240835,-0.723692,-0.29898,-0.423259,-2.1351,1.59711,1.61734,-0.937754,-1.2149,-1.3364,-0.966085,-1.00231,-1.51736,-0.558016,-1.76732,-1.93185,-0.557901,-0.106508,-0.250909,-0.955966,2.3624,2.20713,-0.76537,0.380975,-0.185817,-1.56144,-0.656262,-1.09188,-3.82098,-0.84993,-1.23392,-0.723692,0.721463,0.20534,-2.1351,0.157651,0.372385,-0.937754,-0.797118,-0.889727,-0.966085,-0.479399,-0.456925,-0.558016,-0.093131,-0.333267,-0.557901,0.288613,-0.102275,-0.955966,0.925184,0.900418,-0.76537,-0.537707,-0.438682,-1.75086,-0.602674,-0.751501,-3.82098,-0.988296,-1.1821,-0.723692,0.733787,0.682708,-2.1351,1.39336,2.03046,-0.937754,-2.39748,-2.59018,-0.966085,-3.16986,-2.80742,-0.558016,-1.55139,-2.12583,-0.557901,1.56843,0.983089,-0.955966,1.49311,1.23141,-0.76537,1.39894,1.34761,-1.75086,-1.69538,-1.93589,-1.56144,-2.09379,-2.65798,-0.723692,3.89295,3.20884,-2.1351,-0.0155905,-0.133217,-0.937754,0.192475,0.22455,-0.966085,0.454405,0.239314,-0.558016,0.00718127,0.125791,-0.557901,-0.331512,-0.337099,-0.955966,0.126294,0.202967,-0.76537,-0.332624,-0.396213,-1.75086,0.033469,0.0648959,-1.56144,0.148761,0.20616,-3.82098,0.499575,0.428433
-0.912329,1.27513,1.41423,-0.94583,1.88505,2.16038,-0.54662,2.21427,2.48777,-0.537709,-0.158504,-0.26658,-0.93794,-2.0293,-1.76274,-0.745783,-1.61932,-0.895917,-1.70572,1.64379,1.73797,-1.524,0.0548601,0.611662,-3.7244,1.32015,1.47046,-0.707357,-1.44236,-0.763774,-2.08542,0.620217,0.768144,-0.94583,-0.672249,-0.769288,-0.54662,-0.58047,-0.742986,-0.537709,0.181754,0.0341233,-0.93794,1.062,0.933687,-0.745783,0.281546,0.0263619,-1.70572,-0.685299,-0.765292,-1.524,-0.547062,-0.73925,-3.7244,-0.798061,-0.953943,-0.707357,0.88914,0.621084,-2.08542,0.546715,0.628513,-0.912329,-0.417113,-0.490651,-0.54662,-0.793456,-0.861976,-0.537709,0.163295,0.163568,-0.93794,0.399569,0.343497,-0.745783,0.701601,0.50423,-1.70572,-0.579229,-0.550753,-1.524,-0.0331389,-0.270507,-3.7244,-0.673108,-0.645722,-0.707357,0.465319,0.328929,-2.08542,0.4107,0.397043,-0.912329,-0.187676,-0.241737,-0.94583,-0.420715,-0.445484,-0.537709,0.0151878,0.0453276,-0.93794,0.39997,0.338032,-0.745783,0.315677,0.200776,-1.70572,-0.355652,-0.354333,-1.524,0.0144669,-0.10269,-3.7244,-0.220502,-0.253726,-0.707357,0.17498,0.077364,-2.08542,0.0183712,-0.0928751,-0.912329,0.0155135,0.0602744,-0.94583,0.671066,0.290211,-0.54662,0.139838,0.179218,-0.93794,0.386824,0.472477,-0.745783,-0.484864,-0.716072,-1.70572,-0.099622,-0.05185,-1.524,-0.120688,-0.0199492,-3.7244,0.430495,0.30162,-0.707357,-0.591006,-0.693163,-2.08542,-0.463385,-0.416978,-0.912329,0.413016,0.398687,-0.94583,0.00309152,0.301004,-0.54662,0.47363,0.502815,-0.537709,0.200687,0.283726,-0.745783,0.173467,0.376856,-1.70572,0.525357,0.550325,-1.524,0.276223,0.323499,-3.7244,0.0207275,0.220049,-0.707357,0.0111373,0.245293,-2.08542,-0.0882613,-0.152812,-0.912329,-0.0215294,0.0538457,-0.94583,0.635545,0.390926,-0.54662,0.17752,0.303269,-0.537709,-0.275753,-0.356658,-0.93794,0.309953,0.356419,-1.70572,-0.0117168,0.00988375,-1.524,-0.163094,-0.0854207,-3.7244,0.373288,0.235639,-0.707357,-0.296703,-0.413056,-2.08542,1.5812,1.57984,-0.912329,-1.208,-1.30074,-0.94583,-0.968783,-1.4843,-0.54662,-1.76292,-1.89157,-0.537709,-0.113522,-0.243553,-0.93794,2.36891,2.16531,-0.745783,0.367349,-0.182191,-1.524,-0.672216,-1.06641,-3.7244,-0.857819,-1.20284,-0.707357,0.705032,0.200019,-2.08542,0.15704,0.363707,-0.912329,-0.79231,-0.865607,-0.94583,-0.456299,-0.446956,-0.54662,-0.154036,-0.326405,-0.537709,0.292611,-0.0991216,-0.93794,0.9463,0.883441,-0.745783,-0.532233,-0.428274,-1.70572,-0.585509,-0.731983,-3.7244,-0.990462,-1.15168,-0.707357,0.718553,0.667464,-2.08542,1.31305,1.98215,-0.912329,-2.3871,-2.5219,-0.94583,-3.15618,-2.747,-0.54662,-1.56091,-2.08278,-0.537709,1.57221,0.945891,-0.93794,1.63641,1.20659,-0.745783,1.43023,1.31242,-1.70572,-1.71692,-1.88755,-1.524,-2.14986,-2.59626,-0.707357,3.78538,3.13605,-2.08542,-0.00139912,-0.129766,-0.912329,0.192235,0.218912,-0.94583,0.474741,0.234396,-0.54662,0.010919,0.123521,-0.537709,-0.326126,-0.324875,-0.93794,0.100958,0.199539,-0.745783,-0.326821,-0.386123,-1.70572,0.0342058,0.0636876,-1.524,0.151806,0.201643,-3.7244,0.477154,0.417805
-0.886905,1.26667,1.37593,-0.925575,1.88471,2.11233,-0.535224,2.15493,2.43497,-0.517518,-0.162414,-0.255107,-0.919914,-2.02622,-1.72819,-0.726197,-1.58333,-0.872205,-1.66057,1.61883,1.69248,-1.48657,0.100795,0.597923,-3.62783,1.29715,1.43277,-0.691022,-1.4017,-0.745334,-2.03574,0.611611,0.750074,-0.925575,-0.675731,-0.75197,-0.535224,-0.559005,-0.727086,-0.517518,0.172172,0.0325248,-0.919914,1.04819,0.915747,-0.726197,0.242489,0.0254351,-1.66057,-0.690673,-0.744885,-1.48657,-0.552385,-0.721233,-3.62783,-0.794412,-0.928808,-0.691022,0.865786,0.606872,-2.03574,0.52228,0.61257,-0.886905,-0.418317,-0.478471,-0.535224,-0.780585,-0.844533,-0.517518,0.161785,0.155664,-0.919914,0.411446,0.335856,-0.726197,0.691836,0.490209,-1.66057,-0.572969,-0.537446,-1.48657,-0.046235,-0.26527,-3.62783,-0.652457,-0.630079,-0.691022,0.44922,0.32021,-2.03574,0.401159,0.387326,-0.886905,-0.192086,-0.235536,-0.925575,-0.41563,-0.43581,-0.517518,0.0157406,0.0429396,-0.919914,0.399486,0.331196,-0.726197,0.318232,0.195232,-1.66057,-0.345289,-0.34534,-1.48657,0.00665132,-0.100691,-3.62783,-0.214843,-0.247547,-0.691022,0.170483,0.0751327,-2.03574,0.0230442,-0.0900168,-0.886905,0.0206101,0.0594303,-0.925575,0.671578,0.284277,-0.535224,0.131484,0.175985,-0.919914,0.362552,0.46408,-0.726197,-0.481624,-0.697483,-1.66057,-0.0976332,-0.0496268,-1.48657,-0.116934,-0.0187052,-3.62783,0.407756,0.29439,-0.691022,-0.576419,-0.676892,-2.03574,-0.462632,-0.407047,-0.886905,0.410282,0.387757,-0.925575,-0.0158894,0.294385,-0.535224,0.478549,0.492137,-0.517518,0.205214,0.274037,-0.726197,0.188227,0.367748,-1.66057,0.508319,0.535741,-1.48657,0.276711,0.315773,-3.62783,0.0426767,0.214481,-0.691022,0.0122199,0.240027,-2.03574,-0.0684197,-0.148324,-0.886905,-0.0209334,0.0534739,-0.925575,0.632499,0.382928,-0.535224,0.172972,0.297566,-0.517518,-0.269252,-0.342536,-0.919914,0.294216,0.350421,-1.66057,-0.00981951,0.0107163,-1.48657,-0.154767,-0.0823021,-3.62783,0.345364,0.230443,-0.691022,-0.294425,-0.402852,-2.03574,1.55672,1.54235,-0.886905,-1.20696,-1.26509,-0.925575,-0.935257,-1.45124,-0.535224,-1.75853,-1.85128,-0.517518,-0.12058,-0.236197,-0.919914,2.35189,2.12348,-0.726197,0.353723,-0.178565,-1.48657,-0.687714,-1.04094,-3.62783,-0.866308,-1.17176,-0.691022,0.688601,0.194698,-2.03574,0.1562,0.355029,-0.886905,-0.787702,-0.841488,-0.925575,-0.433199,-0.436988,-0.535224,-0.214942,-0.319542,-0.517518,0.270826,-0.0959677,-0.919914,0.953343,0.866464,-0.726197,-0.526759,-0.417867,-1.66057,-0.568343,-0.712465,-3.62783,-0.990194,-1.12127,-0.691022,0.70332,0.65222,-2.03574,1.26383,1.93383,-0.886905,-2.36864,-2.45361,-0.925575,-3.14249,-2.68657,-0.535224,-1.57042,-2.03974,-0.517518,1.53156,0.908693,-0.919914,1.69929,1.18176,-0.726197,1.46153,1.27723,-1.66057,-1.73846,-1.83922,-1.48657,-2.1387,-2.53453,-0.691022,3.67782,3.06326,-2.03574,0.0022708,-0.126315,-0.886905,0.188837,0.213275,-0.925575,0.495078,0.229478,-0.535224,0.0146567,0.121252,-0.517518,-0.319176,-0.312652,-0.919914,0.0878889,0.19611,-0.726197,-0.321017,-0.376033,-1.66057,0.0349426,0.0624794,-1.48657,0.151418,0.197126,-3.62783,0.456484,0.407177
-0.861481,1.26305,1.33763,-0.90532,1.87076,2.06428,-0.523828,2.0956,2.38216,-0.497327,-0.178972,-0.243634,-0.901887,-1.99658,-1.69364,-0.706611,-1.54734,-0.848492,-1.61542,1.59387,1.64699,-1.44913,0.146729,0.584184,-3.53125,1.28103,1.39507,-0.674687,-1.36104,-0.726894,-1.98606,0.611972,0.732003,-0.90532,-0.672298,-0.734651,-0.523828,-0.53754,-0.711187,-0.497327,0.157118,0.0309263,-0.901887,1.0249,0.897807,-0.706611,0.203433,0.0245084,-1.61542,-0.696046,-0.724479,-1.44913,-0.557708,-0.703217,-3.53125,-0.787591,-0.903674,-0.674687,0.842431,0.592661,-1.98606,0.501575,0.596627,-0.861481,-0.421389,-0.466291,-0.523828,-0.767715,-0.827091,-0.497327,0.160656,0.147761,-0.901887,0.411968,0.328216,-0.706611,0.682071,0.476187,-1.61542,-0.566709,-0.524139,-1.44913,-0.0593311,-0.260033,-3.53125,-0.632455,-0.614437,-0.674687,0.433122,0.311491,-1.98606,0.389492,0.377609,-0.861481,-0.198151,-0.229335,-0.90532,-0.408651,-0.426137,-0.497327,0.0191341,0.0405516,-0.901887,0.394207,0.32436,-0.706611,0.320788,0.189687,-1.61542,-0.334926,-0.336347,-1.44913,-0.00116424,-0.0986915,-3.53125,-0.211963,-0.241367,-0.674687,0.165986,0.0729014,-1.98606,0.0210475,-0.0871585,-0.861481,0.0231728,0.0585862,-0.90532,0.657566,0.278343,-0.523828,0.12313,0.172752,-0.901887,0.349009,0.455682,-0.706611,-0.478385,-0.678893,-1.61542,-0.0956445,-0.0474035,-1.44913,-0.11318,-0.0174612,-3.53125,0.391667,0.28716,-0.674687,-0.561833,-0.660622,-1.98606,-0.457961,-0.397116,-0.861481,0.405248,0.376827,-0.90532,-0.0221422,0.287766,-0.523828,0.483468,0.48146,-0.497327,0.210311,0.264348,-0.706611,0.202986,0.358639,-1.61542,0.491281,0.521157,-1.44913,0.277199,0.308047,-3.53125,0.0618418,0.208914,-0.674687,0.0133024,0.234761,-1.98606,-0.0556423,-0.143836,-0.861481,-0.0184149,0.0531021,-0.90532,0.620166,0.374931,-0.523828,0.168424,0.291863,-0.497327,-0.264286,-0.328413,-0.901887,0.284768,0.344424,-1.61542,-0.00792227,0.0115488,-1.44913,-0.14644,-0.0791835,-3.53125,0.324759,0.225246,-0.674687,-0.292147,-0.392649,-1.98606,1.52466,1.50485,-0.861481,-1.20701,-1.22944,-0.90532,-0.914372,-1.41819,-0.523828,-1.75413,-1.811,-0.497327,-0.127085,-0.228841,-0.901887,2.31651,2.08166,-0.706611,0.340098,-0.17494,-1.44913,-0.703212,-1.01547,-3.53125,-0.876331,-1.14068,-0.674687,0.672171,0.189376,-1.98606,0.155437,0.346351,-0.861481,-0.781856,-0.817368,-0.90532,-0.411908,-0.427019,-0.523828,-0.275847,-0.312679,-0.497327,0.22859,-0.0928139,-0.901887,0.949075,0.849487,-0.706611,-0.521284,-0.40746,-1.61542,-0.551177,-0.692947,-3.53125,-0.983712,-1.09085,-0.674687,0.688086,0.636976,-1.98606,1.24254,1.88552,-0.861481,-2.34536,-2.38533,-0.90532,-3.09768,-2.62614,-0.523828,-1.57994,-1.99669,-0.497327,1.45286,0.871495,-0.901887,1.70157,1.15693,-0.706611,1.49282,1.24203,-1.61542,-1.76001,-1.79089,-1.44913,-2.12755,-2.4728,-0.674687,3.57026,2.99047,-1.98606,-0.00320758,-0.122863,-0.861481,0.184451,0.207637,-0.90532,0.497905,0.22456,-0.523828,0.0183943,0.118983,-0.497327,-0.310754,-0.300428,-0.901887,0.0839383,0.192681,-0.706611,-0.315214,-0.365943,-1.61542,0.0356794,0.0612712,-1.44913,0.15103,0.192609,-3.53125,0.440287,0.396549
-0.836057,1.26189,1.29933,-0.885065,1.83844,2.01624,-0.512432,2.03627,2.32936,-0.477136,-0.205831,-0.232161,-0.883861,-1.94128,-1.6591,-0.687024,-1.51135,-0.82478,-1.57028,1.56532,1.6015,-1.41169,0.192664,0.570445,-3.43468,1.26849,1.35738,-0.658352,-1.32038,-0.708454,-1.93638,0.617499,0.713933,-0.885065,-0.659522,-0.717333,-0.512432,-0.516075,-0.695288,-0.477136,0.136844,0.0293278,-0.883861,0.992446,0.879867,-0.687024,0.164377,0.0235817,-1.57028,-0.69858,-0.704073,-1.41169,-0.563031,-0.685201,-3.43468,-0.778967,-0.87854,-0.658352,0.819077,0.57845,-1.93638,0.483349,0.580684,-0.836057,-0.425923,-0.454111,-0.512432,-0.754845,-0.809648,-0.477136,0.158812,0.139858,-0.883861,0.401509,0.320575,-0.687024,0.672307,0.462165,-1.57028,-0.556343,-0.510832,-1.41169,-0.0724272,-0.254796,-3.43468,-0.612949,-0.598794,-0.658352,0.417023,0.302772,-1.93638,0.376564,0.367892,-0.836057,-0.204956,-0.223133,-0.885065,-0.399115,-0.416464,-0.477136,0.0250026,0.0381636,-0.883861,0.384291,0.317525,-0.687024,0.323344,0.184142,-1.57028,-0.324783,-0.327354,-1.41169,-0.00897981,-0.0966921,-3.43468,-0.210582,-0.235188,-0.658352,0.16149,0.0706701,-1.93638,0.015023,-0.0843002,-0.836057,0.0252414,0.0577422,-0.885065,0.623932,0.272409,-0.512432,0.114776,0.169519,-0.883861,0.345842,0.447284,-0.687024,-0.475146,-0.660304,-1.57028,-0.0892306,-0.0451803,-1.41169,-0.109425,-0.0162172,-3.43468,0.379067,0.279931,-0.658352,-0.547247,-0.644351,-1.93638,-0.450766,-0.387186,-0.836057,0.397509,0.365897,-0.885065,-0.0111977,0.281147,-0.512432,0.488387,0.470782,-0.477136,0.214778,0.254659,-0.687024,0.217746,0.349531,-1.57028,0.475463,0.506573,-1.41169,0.277687,0.300321,-3.43468,0.079155,0.203346,-0.658352,0.014385,0.229495,-1.93638,-0.0473398,-0.139348,-0.836057,-0.013655,0.0527304,-0.885065,0.595285,0.366933,-0.512432,0.163876,0.28616,-0.477136,-0.260356,-0.314291,-0.883861,0.281402,0.338427,-1.57028,-0.00562408,0.0123814,-1.41169,-0.138113,-0.0760649,-3.43468,0.308251,0.22005,-0.658352,-0.289869,-0.382445,-1.93638,1.48802,1.46735,-0.836057,-1.20563,-1.19379,-0.885065,-0.910566,-1.38513,-0.512432,-1.74974,-1.77072,-0.477136,-0.131887,-0.221485,-0.883861,2.26337,2.03984,-0.687024,0.326472,-0.171314,-1.41169,-0.718709,-0.989996,-3.43468,-0.886789,-1.1096,-0.658352,0.65574,0.184055,-1.93638,0.154901,0.337673,-0.836057,-0.774261,-0.793249,-0.885065,-0.393062,-0.41705,-0.512432,-0.336753,-0.305817,-0.477136,0.168247,-0.08966,-0.883861,0.933871,0.83251,-0.687024,-0.51581,-0.397052,-1.57028,-0.542939,-0.67343,-3.43468,-0.973164,-1.06044,-0.658352,0.672853,0.621732,-1.93638,1.23845,1.83721,-0.836057,-2.31958,-2.31704,-0.885065,-3.01082,-2.56571,-0.512432,-1.58945,-1.95365,-0.477136,1.33471,0.834297,-0.883861,1.64526,1.1321,-0.687024,1.52411,1.20684,-1.57028,-1.77357,-1.74255,-1.41169,-2.11639,-2.41107,-0.658352,3.46269,2.91769,-1.93638,-0.0141236,-0.119412,-0.836057,0.180289,0.201999,-0.885065,0.477076,0.219642,-0.512432,0.022132,0.116713,-0.477136,-0.300554,-0.288205,-0.883861,0.0888041,0.189252,-0.687024,-0.30941,-0.355853,-1.57028,0.0386734,0.0600629,-1.41169,0.150642,0.188092,-3.43468,0.426561,0.385921
-0.810633,1.26086,1.26103,-0.86481,1.80611,1.96819,-0.501036,1.97693,2.27655,-0.456945,-0.234087,-0.220688,-0.865835,-1.88598,-1.62455,-0.667438,-1.45068,-0.801068,-1.52513,1.53009,1.55601,-1.37425,0.238599,0.556706,-3.3381,1.2577,1.31969,-0.642016,-1.27971,-0.690014,-1.8867,0.627866,0.695863,-0.86481,-0.646747,-0.700015,-0.501036,-0.494609,-0.679388,-0.456945,0.115754,0.0277292,-0.865835,0.959992,0.861927,-0.667438,0.13022,0.0226549,-1.52513,-0.695467,-0.683666,-1.37425,-0.568354,-0.667184,-3.3381,-0.769383,-0.853406,-0.642016,0.795722,0.564239,-1.8867,0.467943,0.564741,-0.810633,-0.43076,-0.441931,-0.501036,-0.741974,-0.792206,-0.456945,0.156724,0.131955,-0.865835,0.391051,0.312934,-0.667438,0.653054,0.448144,-1.52513,-0.538909,-0.497525,-1.37425,-0.0855233,-0.249559,-3.3381,-0.593778,-0.583152,-0.642016,0.400924,0.294053,-1.8867,0.3624,0.358174,-0.810633,-0.211756,-0.216932,-0.86481,-0.389579,-0.406791,-0.456945,0.03123,0.0357756,-0.865835,0.374375,0.310689,-0.667438,0.318255,0.178598,-1.52513,-0.314974,-0.318361,-1.37425,-0.0167954,-0.0946927,-3.3381,-0.209955,-0.229008,-0.642016,0.156993,0.0684388,-1.8867,0.00494357,-0.0814418,-0.810633,0.0276323,0.0568981,-0.86481,0.590298,0.266475,-0.501036,0.106422,0.166286,-0.865835,0.342674,0.438887,-0.667438,-0.471193,-0.641715,-1.52513,-0.075883,-0.0429571,-1.37425,-0.105671,-0.0149732,-3.3381,0.368174,0.272701,-0.642016,-0.532661,-0.628081,-1.8867,-0.440803,-0.377255,-0.810633,0.388946,0.354967,-0.86481,-0.000253239,0.274528,-0.501036,0.493306,0.460105,-0.456945,0.219004,0.24497,-0.667438,0.227274,0.340423,-1.52513,0.462011,0.491988,-1.37425,0.278175,0.292595,-3.3381,0.0953374,0.197778,-0.642016,0.0154675,0.224229,-1.8867,-0.043844,-0.13486,-0.810633,-0.00821713,0.0523586,-0.86481,0.570404,0.358935,-0.501036,0.159328,0.280457,-0.456945,-0.256537,-0.300168,-0.865835,0.278036,0.332429,-1.52513,-0.00289387,0.0132139,-1.37425,-0.129786,-0.0729463,-3.3381,0.293893,0.214854,-0.642016,-0.287591,-0.372242,-1.8867,1.44674,1.42986,-0.810633,-1.20331,-1.15814,-0.86481,-0.90676,-1.35207,-0.501036,-1.74534,-1.73043,-0.456945,-0.136278,-0.21413,-0.865835,2.21024,1.99802,-0.667438,0.300453,-0.167688,-1.37425,-0.734207,-0.964524,-3.3381,-0.897246,-1.07852,-0.642016,0.63931,0.178734,-1.8867,0.154858,0.328995,-0.810633,-0.766079,-0.769129,-0.86481,-0.374217,-0.407082,-0.501036,-0.397658,-0.298954,-0.456945,0.10524,-0.0865061,-0.865835,0.918667,0.815533,-0.667438,-0.50742,-0.386645,-1.52513,-0.549112,-0.653912,-3.3381,-0.960164,-1.03002,-0.642016,0.65762,0.606488,-1.8867,1.25215,1.78889,-0.810633,-2.29364,-2.24875,-0.86481,-2.92395,-2.50528,-0.501036,-1.59897,-1.9106,-0.456945,1.21001,0.7971,-0.865835,1.58895,1.10727,-0.667438,1.50191,1.17165,-1.52513,-1.77066,-1.69422,-1.37425,-2.10524,-2.34935,-0.642016,3.35513,2.8449,-1.8867,-0.0303884,-0.115961,-0.810633,0.17646,0.196362,-0.86481,0.456247,0.214724,-0.501036,0.0258697,0.114444,-0.456945,-0.290029,-0.275981,-0.865835,0.09367,0.185824,-0.667438,-0.300135,-0.345763,-1.52513,0.0450867,0.0588547,-1.37425,0.150254,0.183575,-3.3381,0.414117,0.375293
-0.785208,1.25948,1.22273,-0.844555,1.77378,1.92014,-0.48964,1.92015,2.22375,-0.436753,-0.263464,-0.209215,-0.847808,-1.83068,-1.59,-0.647852,-1.35788,-0.777356,-1.47998,1.49121,1.51053,-1.33681,0.284534,0.542967,-3.24152,1.2483,1.282,-0.625681,-1.23905,-0.671574,-1.83703,0.640803,0.677793,-0.844555,-0.633971,-0.682696,-0.48964,-0.474079,-0.663489,-0.436753,0.0924837,0.0261307,-0.847808,0.927538,0.843987,-0.647852,0.102441,0.0217282,-1.47998,-0.688307,-0.66326,-1.33681,-0.573677,-0.649168,-3.24152,-0.758988,-0.828272,-0.625681,0.772368,0.550028,-1.83703,0.45476,0.548798,-0.785208,-0.437412,-0.429751,-0.48964,-0.728658,-0.774763,-0.436753,0.152387,0.124052,-0.847808,0.380593,0.305294,-0.647852,0.621453,0.434122,-1.47998,-0.518896,-0.484218,-1.33681,-0.0986194,-0.244322,-3.24152,-0.57492,-0.56751,-0.625681,0.384825,0.285334,-1.83703,0.347501,0.348457,-0.785208,-0.218049,-0.210731,-0.844555,-0.380044,-0.397118,-0.436753,0.0380679,0.0333876,-0.847808,0.364459,0.303854,-0.647852,0.303215,0.173053,-1.47998,-0.305171,-0.309368,-1.33681,-0.0246109,-0.0926934,-3.24152,-0.209947,-0.222829,-0.625681,0.152496,0.0662075,-1.83703,-0.00769702,-0.0785835,-0.785208,0.03324,0.056054,-0.844555,0.556663,0.260542,-0.48964,0.104254,0.163053,-0.847808,0.339506,0.430489,-0.647852,-0.466313,-0.623125,-1.47998,-0.0618014,-0.0407338,-1.33681,-0.101917,-0.0137292,-3.24152,0.358653,0.265472,-0.625681,-0.518075,-0.61181,-1.83703,-0.428783,-0.367324,-0.785208,0.374677,0.344037,-0.844555,0.0106912,0.267909,-0.48964,0.491659,0.449427,-0.436753,0.220844,0.23528,-0.647852,0.229994,0.331315,-1.47998,0.450124,0.477404,-1.33681,0.278663,0.284869,-3.24152,0.110495,0.19221,-0.625681,0.0165501,0.218963,-1.83703,-0.0437925,-0.130372,-0.785208,0.00191153,0.0519868,-0.844555,0.545523,0.350937,-0.48964,0.161089,0.274755,-0.436753,-0.252379,-0.286045,-0.847808,0.27467,0.326432,-1.47998,-0.000683649,0.0140465,-1.33681,-0.12146,-0.0698277,-3.24152,0.281338,0.209658,-0.625681,-0.285313,-0.362038,-1.83703,1.40251,1.39236,-0.785208,-1.19336,-1.12248,-0.844555,-0.902954,-1.31902,-0.48964,-1.72653,-1.69015,-0.436753,-0.137836,-0.206774,-0.847808,2.15711,1.95619,-0.647852,0.258303,-0.164062,-1.33681,-0.749705,-0.939053,-3.24152,-0.907594,-1.04744,-0.625681,0.622879,0.173412,-1.83703,0.155482,0.320317,-0.785208,-0.753709,-0.74501,-0.844555,-0.355371,-0.397113,-0.48964,-0.439853,-0.292091,-0.436753,0.0371955,-0.0833522,-0.847808,0.903463,0.798556,-0.647852,-0.495233,-0.376238,-1.47998,-0.558025,-0.634394,-3.24152,-0.944956,-0.999603,-0.625681,0.642386,0.591244,-1.83703,1.27774,1.74058,-0.785208,-2.26789,-2.18047,-0.844555,-2.83709,-2.44486,-0.48964,-1.59891,-1.86756,-0.436753,1.06312,0.759902,-0.847808,1.53263,1.08244,-0.647852,1.4101,1.13646,-1.47998,-1.75452,-1.64589,-1.33681,-2.09408,-2.28762,-0.625681,3.24757,2.77211,-1.83703,-0.0498614,-0.112509,-0.785208,0.175481,0.190724,-0.844555,0.435417,0.209806,-0.48964,0.0314841,0.112174,-0.436753,-0.278083,-0.263758,-0.847808,0.0985358,0.182395,-0.647852,-0.28634,-0.335673,-1.47998,0.0515227,0.0576464,-1.33681,0.149866,0.179058,-3.24152,0.402739,0.364665
-0.759784,1.25547,1.18443,-0.8243,1.74146,1.8721,-0.478244,1.87141,2.17094,-0.416562,-0.287674,-0.197742,-0.829782,-1.77538,-1.55545,-0.628266,-1.26508,-0.753643,-1.43484,1.45233,1.46504,-1.29937,0.330468,0.529228,-3.14495,1.23999,1.24431,-0.609346,-1.19839,-0.653134,-1.78735,0.654707,0.659723,-0.8243,-0.621196,-0.665378,-0.478244,-0.456493,-0.64759,-0.416562,0.0695617,0.0245322,-0.829782,0.895084,0.826046,-0.628266,0.0746611,0.0208015,-1.43484,-0.681147,-0.642853,-1.29937,-0.578999,-0.631151,-3.14495,-0.747772,-0.803138,-0.609346,0.749013,0.535816,-1.78735,0.443217,0.532855,-0.759784,-0.445033,-0.417571,-0.478244,-0.71394,-0.757321,-0.416562,0.145352,0.116148,-0.829782,0.370135,0.297653,-0.628266,0.589852,0.420101,-1.43484,-0.498884,-0.470911,-1.29937,-0.111716,-0.239085,-3.14495,-0.556511,-0.551867,-0.609346,0.368726,0.276615,-1.78735,0.332238,0.33874,-0.759784,-0.223042,-0.20453,-0.8243,-0.370508,-0.387444,-0.416562,0.0441449,0.0309996,-0.829782,0.354543,0.297018,-0.628266,0.288175,0.167509,-1.43484,-0.295368,-0.300376,-1.29937,-0.0324265,-0.090694,-3.14495,-0.210483,-0.216649,-0.609346,0.147999,0.0639762,-1.78735,-0.021754,-0.0757252,-0.759784,0.0433256,0.0552099,-0.8243,0.523029,0.254608,-0.478244,0.121557,0.15982,-0.829782,0.336338,0.422091,-0.628266,-0.461433,-0.604536,-1.43484,-0.0477198,-0.0385106,-1.29937,-0.0981628,-0.0124852,-3.14495,0.35023,0.258242,-0.609346,-0.503488,-0.595539,-1.78735,-0.415338,-0.357393,-0.759784,0.355671,0.333107,-0.8243,0.0216357,0.26129,-0.478244,0.469344,0.43875,-0.416562,0.219736,0.225591,-0.628266,0.232713,0.322206,-1.43484,0.438236,0.46282,-1.29937,0.279151,0.277143,-3.14495,0.124345,0.186643,-0.609346,0.0176327,0.213697,-1.78735,-0.046027,-0.125884,-0.759784,0.0159196,0.051615,-0.8243,0.520642,0.342939,-0.478244,0.182709,0.269052,-0.416562,-0.247067,-0.271923,-0.829782,0.271303,0.320435,-1.43484,0.00152657,0.014879,-1.29937,-0.113133,-0.0667091,-3.14495,0.270545,0.204461,-0.609346,-0.283035,-0.351835,-1.78735,1.35664,1.35486,-0.759784,-1.17513,-1.08683,-0.8243,-0.899148,-1.28596,-0.478244,-1.66236,-1.64987,-0.416562,-0.136517,-0.199418,-0.829782,2.10398,1.91437,-0.628266,0.216154,-0.160436,-1.29937,-0.765203,-0.913581,-3.14495,-0.91739,-1.01636,-0.609346,0.606449,0.168091,-1.78735,0.156809,0.31164,-0.759784,-0.73765,-0.720891,-0.8243,-0.336525,-0.387145,-0.478244,-0.423155,-0.285229,-0.416562,-0.026087,-0.0801984,-0.829782,0.888259,0.781579,-0.628266,-0.483047,-0.365831,-1.43484,-0.566939,-0.614876,-3.14495,-0.926974,-0.969186,-0.609346,0.627153,0.576,-1.78735,1.3105,1.69226,-0.759784,-2.2446,-2.11218,-0.8243,-2.75022,-2.38443,-0.478244,-1.56871,-1.82451,-0.416562,0.91082,0.722704,-0.829782,1.47632,1.05761,-0.628266,1.31828,1.10127,-1.43484,-1.73838,-1.59755,-1.29937,-2.08293,-2.22589,-0.609346,3.14,2.69932,-1.78735,-0.0709497,-0.109058,-0.759784,0.177877,0.185087,-0.8243,0.414588,0.204888,-0.478244,0.0430053,0.109905,-0.416562,-0.265298,-0.251534,-0.829782,0.103402,0.178966,-0.628266,-0.272546,-0.325583,-1.43484,0.0579587,0.0564382,-1.29937,0.149478,0.17454,-3.14495,0.392371,0.354037
-0.73436,1.24777,1.14613,-0.804044,1.70431,1.82405,-0.466848,1.82272,2.11814,-0.396371,-0.302065,-0.186269,-0.811756,-1.72008,-1.5209,-0.608679,-1.17229,-0.729931,-1.38969,1.41198,1.41955,-1.26194,0.368714,0.515489,-3.04837,1.23179,1.20662,-0.593011,-1.15773,-0.634694,-1.73767,0.667936,0.641652,-0.804044,-0.606144,-0.64806,-0.466848,-0.438941,-0.63169,-0.396371,0.0485285,0.0229337,-0.811756,0.86263,0.808106,-0.608679,0.0468816,0.0198748,-1.38969,-0.67205,-0.622447,-1.26194,-0.58263,-0.613135,-3.04837,-0.736052,-0.778004,-0.593011,0.725659,0.521605,-1.73767,0.433532,0.516912,-0.73436,-0.453454,-0.405391,-0.466848,-0.699221,-0.739878,-0.396371,0.134841,0.108245,-0.811756,0.359676,0.290012,-0.608679,0.558251,0.406079,-1.38969,-0.478269,-0.457604,-1.26194,-0.122701,-0.233848,-3.04837,-0.538597,-0.536225,-0.593011,0.352627,0.267896,-1.73767,0.316901,0.329023,-0.73436,-0.226326,-0.198328,-0.804044,-0.360467,-0.377771,-0.396371,0.0485166,0.0286116,-0.811756,0.344627,0.290183,-0.608679,0.273135,0.161964,-1.38969,-0.285508,-0.291383,-1.26194,-0.0389201,-0.0886946,-3.04837,-0.211215,-0.21047,-0.593011,0.143503,0.0617449,-1.73767,-0.0365137,-0.0728669,-0.73436,0.0588065,0.0543658,-0.804044,0.484349,0.248674,-0.466848,0.138894,0.156587,-0.811756,0.33317,0.413694,-0.608679,-0.456552,-0.585947,-1.38969,-0.0343591,-0.0362874,-1.26194,-0.0931939,-0.0112412,-3.04837,0.341992,0.251012,-0.593011,-0.488902,-0.579269,-1.73767,-0.400456,-0.347462,-0.73436,0.331696,0.322177,-0.804044,0.0375905,0.254671,-0.466848,0.446979,0.428072,-0.396371,0.214794,0.215902,-0.608679,0.235433,0.313098,-1.38969,0.427064,0.448236,-1.26194,0.279046,0.269416,-3.04837,0.136928,0.181075,-0.593011,0.0187152,0.208431,-1.73767,-0.0503624,-0.121396,-0.73436,0.0339893,0.0512433,-0.804044,0.492451,0.334941,-0.466848,0.204357,0.263349,-0.396371,-0.239904,-0.2578,-0.811756,0.267937,0.314437,-1.38969,0.00327795,0.0157115,-1.26194,-0.106774,-0.0635905,-3.04837,0.260731,0.199265,-0.593011,-0.280757,-0.341631,-1.73767,1.30989,1.31737,-0.73436,-1.14743,-1.05118,-0.804044,-0.9008,-1.2529,-0.466848,-1.59809,-1.60959,-0.396371,-0.131751,-0.192062,-0.811756,2.05085,1.87255,-0.608679,0.174004,-0.156811,-1.26194,-0.778934,-0.88811,-3.04837,-0.926103,-0.985275,-0.593011,0.590018,0.16277,-1.73767,0.159327,0.302962,-0.73436,-0.717638,-0.696771,-0.804044,-0.319522,-0.377176,-0.466848,-0.406286,-0.278366,-0.396371,-0.0779857,-0.0770445,-0.811756,0.873055,0.764601,-0.608679,-0.470861,-0.355423,-1.38969,-0.575244,-0.595358,-3.04837,-0.906371,-0.93877,-0.593011,0.611919,0.560756,-1.73767,1.34837,1.64395,-0.73436,-2.22477,-2.04389,-0.804044,-2.65213,-2.324,-0.466848,-1.53844,-1.78147,-0.396371,0.761856,0.685506,-0.811756,1.42001,1.03278,-0.608679,1.22646,1.06608,-1.38969,-1.71556,-1.54922,-1.26194,-2.05512,-2.16416,-0.593011,3.03244,2.62653,-1.73767,-0.0924368,-0.105607,-0.73436,0.184204,0.179449,-0.804044,0.387311,0.19997,-0.466848,0.0545319,0.107635,-0.396371,-0.251857,-0.239311,-0.811756,0.108268,0.175538,-0.608679,-0.258751,-0.315494,-1.38969,0.0637911,0.0552299,-1.26194,0.148461,0.170023,-3.04837,0.382509,0.343409
-0.708936,1.23355,1.10783,-0.783789,1.66121,1.776,-0.455452,1.77665,2.06534,-0.37618,-0.301457,-0.174796,-0.793729,-1.66478,-1.48635,-0.589093,-1.07585,-0.706219,-1.34454,1.36906,1.37406,-1.2245,0.391192,0.50175,-2.9518,1.22347,1.16893,-0.576676,-1.11706,-0.616254,-1.68799,0.676892,0.623582,-0.783789,-0.588443,-0.630741,-0.455452,-0.423199,-0.615791,-0.37618,0.0310827,0.0213352,-0.793729,0.830177,0.790166,-0.589093,0.0224121,0.018948,-1.34454,-0.659467,-0.602041,-1.2245,-0.582543,-0.595118,-2.9518,-0.724249,-0.75287,-0.576676,0.702304,0.507394,-1.68799,0.425272,0.500969,-0.708936,-0.46232,-0.393211,-0.455452,-0.684488,-0.722436,-0.37618,0.119966,0.100342,-0.793729,0.349218,0.282372,-0.589093,0.524663,0.392057,-1.34454,-0.456725,-0.444297,-1.2245,-0.129683,-0.228612,-2.9518,-0.520825,-0.520582,-0.576676,0.336528,0.259177,-1.68799,0.302227,0.319306,-0.708936,-0.226812,-0.192127,-0.783789,-0.349952,-0.368098,-0.37618,0.0501339,0.0262236,-0.793729,0.334711,0.283347,-0.589093,0.25613,0.156419,-1.34454,-0.275533,-0.28239,-1.2245,-0.0427938,-0.0866952,-2.9518,-0.211941,-0.20429,-0.576676,0.139006,0.0595136,-1.68799,-0.0498988,-0.0700085,-0.708936,0.0819443,0.0535217,-0.783789,0.439542,0.24274,-0.455452,0.157882,0.153354,-0.793729,0.330003,0.405296,-0.589093,-0.450892,-0.567357,-1.34454,-0.0225639,-0.0340641,-1.2245,-0.0855542,-0.00999724,-2.9518,0.333651,0.243783,-0.576676,-0.474316,-0.562998,-1.68799,-0.384847,-0.337531,-0.708936,0.301242,0.311247,-0.783789,0.0601715,0.248052,-0.455452,0.422093,0.417395,-0.37618,0.205001,0.206213,-0.589093,0.235991,0.30399,-1.34454,0.417171,0.433652,-1.2245,0.277424,0.26169,-2.9518,0.149177,0.175507,-0.576676,0.0197978,0.203165,-1.68799,-0.0552748,-0.116908,-0.708936,0.05729,0.0508715,-0.783789,0.460163,0.326943,-0.455452,0.227304,0.257646,-0.37618,-0.230109,-0.243678,-0.793729,0.264571,0.30844,-1.34454,0.00415122,0.0165441,-1.2245,-0.104058,-0.0604719,-2.9518,0.251048,0.194069,-0.576676,-0.278479,-0.331428,-1.68799,1.26461,1.27987,-0.708936,-1.10605,-1.01553,-0.783789,-0.910063,-1.21984,-0.455452,-1.52883,-1.5693,-0.37618,-0.122869,-0.184706,-0.793729,1.99772,1.83073,-0.589093,0.130283,-0.153185,-1.2245,-0.788484,-0.862638,-2.9518,-0.934435,-0.954194,-0.576676,0.573588,0.157449,-1.68799,0.163604,0.294284,-0.708936,-0.692318,-0.672652,-0.783789,-0.305875,-0.367207,-0.455452,-0.380819,-0.271503,-0.37618,-0.111155,-0.0738906,-0.793729,0.85785,0.747624,-0.589093,-0.457939,-0.345016,-1.34454,-0.581973,-0.575841,-2.9518,-0.88509,-0.908354,-0.576676,0.596686,0.545512,-1.68799,1.38372,1.59564,-0.708936,-2.20951,-1.97561,-0.783789,-2.54,-2.26357,-0.455452,-1.50497,-1.73842,-0.37618,0.625782,0.648308,-0.793729,1.3637,1.00796,-0.589093,1.12253,1.03089,-1.34454,-1.68063,-1.50089,-1.2245,-1.99494,-2.10244,-0.576676,2.92488,2.55375,-1.68799,-0.111192,-0.102156,-0.708936,0.196002,0.173812,-0.783789,0.351866,0.195052,-0.455452,0.0663068,0.105366,-0.37618,-0.237949,-0.227087,-0.793729,0.113133,0.172109,-0.589093,-0.24435,-0.305404,-1.34454,0.0683834,0.0540217,-1.2245,0.146323,0.165506,-2.9518,0.372698,0.332781
-0.683511,1.21645,1.06953,-0.763534,1.61777,1.72795,-0.444056,1.73255,2.01253,-0.355989,-0.28359,-0.163323,-0.775703,-1.60948,-1.45181,-0.569507,-0.977356,-0.682507,-1.2994,1.32396,1.32857,-1.18706,0.409772,0.488011,-2.85522,1.21386,1.13124,-0.560341,-1.0764,-0.597814,-1.63831,0.682877,0.605512,-0.763534,-0.570701,-0.613423,-0.444056,-0.409029,-0.599892,-0.355989,0.0181255,0.0197366,-0.775703,0.797723,0.772226,-0.569507,-0.000186923,0.0180213,-1.2994,-0.643108,-0.581634,-1.18706,-0.580836,-0.577102,-2.85522,-0.712424,-0.727736,-0.560341,0.67895,0.493183,-1.63831,0.417819,0.485026,-0.683511,-0.470961,-0.381031,-0.444056,-0.669849,-0.704994,-0.355989,0.100558,0.0924388,-0.775703,0.33876,0.274731,-0.569507,0.489951,0.378036,-1.2994,-0.435524,-0.43099,-1.18706,-0.136599,-0.223375,-2.85522,-0.503599,-0.50494,-0.560341,0.320429,0.250459,-1.63831,0.288034,0.309589,-0.683511,-0.226174,-0.185926,-0.763534,-0.339516,-0.358425,-0.355989,0.0485059,0.0238356,-0.775703,0.324795,0.276512,-0.569507,0.238014,0.150875,-1.2994,-0.265304,-0.273397,-1.18706,-0.0462806,-0.0846958,-2.85522,-0.212349,-0.198111,-0.560341,0.134509,0.0572823,-1.63831,-0.0622244,-0.0671502,-0.683511,0.107521,0.0526776,-0.763534,0.39445,0.236806,-0.444056,0.177009,0.150122,-0.775703,0.326835,0.396898,-0.569507,-0.44479,-0.548768,-1.2994,-0.0147601,-0.0318409,-1.18706,-0.0767396,-0.00875325,-2.85522,0.324154,0.236553,-0.560341,-0.45973,-0.546728,-1.63831,-0.368883,-0.327601,-0.683511,0.26876,0.300316,-0.763534,0.0834462,0.241433,-0.444056,0.396294,0.406717,-0.355989,0.190146,0.196524,-0.569507,0.235328,0.294882,-1.2994,0.408593,0.419067,-1.18706,0.27457,0.253964,-2.85522,0.160267,0.169939,-0.560341,0.0208803,0.1979,-1.63831,-0.0603605,-0.11242,-0.683511,0.0821783,0.0504997,-0.763534,0.427631,0.318945,-0.444056,0.250012,0.251943,-0.355989,-0.217388,-0.229555,-0.775703,0.261204,0.302443,-1.2994,0.00362332,0.0173766,-1.18706,-0.101122,-0.0573533,-2.85522,0.241164,0.188873,-0.560341,-0.276201,-0.321225,-1.63831,1.22045,1.24237,-0.683511,-1.05978,-0.979874,-0.763534,-0.92038,-1.18679,-0.444056,-1.45811,-1.52902,-0.355989,-0.109847,-0.17735,-0.775703,1.94459,1.78891,-0.569507,0.0856735,-0.149559,-1.18706,-0.795408,-0.837167,-2.85522,-0.940944,-0.923113,-0.560341,0.557157,0.152127,-1.63831,0.169,0.285606,-0.683511,-0.665263,-0.648532,-0.763534,-0.293181,-0.357239,-0.444056,-0.35134,-0.264641,-0.355989,-0.12209,-0.0707367,-0.775703,0.842646,0.730647,-0.569507,-0.444601,-0.334609,-1.2994,-0.582882,-0.556323,-2.85522,-0.861505,-0.877938,-0.560341,0.581453,0.530268,-1.63831,1.41668,1.54732,-0.683511,-2.19511,-1.90732,-0.763534,-2.42695,-2.20315,-0.444056,-1.47063,-1.69538,-0.355989,0.508548,0.61111,-0.775703,1.30739,0.983127,-0.569507,1.01176,0.995694,-1.2994,-1.63182,-1.45256,-1.18706,-1.9318,-2.04071,-0.560341,2.81732,2.48096,-1.63831,-0.127954,-0.0987042,-0.683511,0.209538,0.168174,-0.763534,0.315801,0.190134,-0.444056,0.077873,0.103096,-0.355989,-0.223777,-0.214864,-0.775703,0.117999,0.16868,-0.569507,-0.229605,-0.295314,-1.2994,0.0703164,0.0528134,-1.18706,0.144382,0.160989,-2.85522,0.362636,0.322153
-0.658087,1.19288,1.03123,-0.743279,1.57381,1.67991,-0.432661,1.69175,1.95973,-0.335798,-0.24586,-0.15185,-0.757677,-1.55418,-1.41726,-0.549921,-0.880222,-0.658795,-1.25425,1.27841,1.28308,-1.14962,0.425888,0.474273,-2.75864,1.20262,1.09355,-0.544006,-1.03574,-0.579374,-1.58863,0.688862,0.587442,-0.743279,-0.553017,-0.596105,-0.432661,-0.397735,-0.583993,-0.335798,0.0105458,0.0181381,-0.757677,0.765269,0.754286,-0.549921,-0.0192729,0.0170946,-1.25425,-0.625842,-0.561228,-1.14962,-0.577805,-0.559085,-2.75864,-0.700878,-0.702602,-0.544006,0.655595,0.478971,-1.58863,0.410366,0.469082,-0.658087,-0.478355,-0.368851,-0.432661,-0.655501,-0.687551,-0.335798,0.0762926,0.0845356,-0.757677,0.328302,0.26709,-0.549921,0.454904,0.364014,-1.25425,-0.414568,-0.417683,-1.14962,-0.143867,-0.218138,-2.75864,-0.486732,-0.489297,-0.544006,0.30433,0.24174,-1.58863,0.273841,0.299872,-0.658087,-0.22319,-0.179725,-0.743279,-0.329312,-0.348752,-0.335798,0.0430886,0.0214476,-0.757677,0.314879,0.269676,-0.549921,0.219096,0.14533,-1.25425,-0.255,-0.264404,-1.14962,-0.0496341,-0.0826965,-2.75864,-0.212254,-0.191931,-0.544006,0.130012,0.055051,-1.58863,-0.07455,-0.0642919,-0.658087,0.13694,0.0518335,-0.743279,0.348996,0.230872,-0.432661,0.19494,0.146889,-0.757677,0.323667,0.3885,-0.549921,-0.437741,-0.530179,-1.25425,-0.00819048,-0.0296177,-1.14962,-0.0669625,-0.00750926,-2.75864,0.313153,0.229323,-0.544006,-0.445143,-0.530457,-1.58863,-0.352919,-0.31767,-0.658087,0.233127,0.289386,-0.743279,0.108118,0.234814,-0.432661,0.370261,0.39604,-0.335798,0.169832,0.186835,-0.549921,0.232922,0.285774,-1.25425,0.400322,0.404483,-1.14962,0.270569,0.246238,-2.75864,0.17073,0.164372,-0.544006,0.0219629,0.192634,-1.58863,-0.0654463,-0.107932,-0.658087,0.109404,0.050128,-0.743279,0.394714,0.310947,-0.432661,0.270747,0.24624,-0.335798,-0.201388,-0.215432,-0.757677,0.257838,0.296445,-1.25425,0.00270488,0.0182092,-1.14962,-0.097568,-0.0542347,-2.75864,0.230442,0.183677,-0.544006,-0.273923,-0.311021,-1.58863,1.1763,1.20488,-0.658087,-1.00443,-0.944222,-0.743279,-0.932969,-1.15373,-0.432661,-1.38793,-1.48874,-0.335798,-0.0925514,-0.169994,-0.757677,1.89146,1.74708,-0.549921,0.0421219,-0.145933,-1.14962,-0.799992,-0.811695,-2.75864,-0.945914,-0.892032,-0.544006,0.540727,0.146806,-1.58863,0.174395,0.276928,-0.658087,-0.635336,-0.624413,-0.743279,-0.28276,-0.34727,-0.432661,-0.318418,-0.257778,-0.335798,-0.107142,-0.0675828,-0.757677,0.827442,0.71367,-0.549921,-0.430976,-0.324201,-1.25425,-0.581901,-0.536805,-2.75864,-0.836739,-0.847521,-0.544006,0.566219,0.515024,-1.58863,1.44965,1.49901,-0.658087,-2.18053,-1.83903,-0.743279,-2.31236,-2.14272,-0.432661,-1.43687,-1.65233,-0.335798,0.415668,0.573912,-0.757677,1.25108,0.958299,-0.549921,0.89776,0.960502,-1.25425,-1.57958,-1.40422,-1.14962,-1.86895,-1.97898,-0.544006,2.70975,2.40817,-1.58863,-0.144715,-0.0952529,-0.658087,0.225799,0.162536,-0.743279,0.278629,0.185216,-0.432661,0.0885815,0.100827,-0.335798,-0.209446,-0.20264,-0.757677,0.122865,0.165251,-0.549921,-0.214914,-0.285224,-1.25425,0.0714528,0.0516052,-1.14962,0.142771,0.156472,-2.75864,0.351963,0.311525
-0.632663,1.16417,0.992925,-0.723024,1.53031,1.63186,-0.421265,1.65095,1.90692,-0.315606,-0.189254,-0.140377,-0.73965,-1.49887,-1.38271,-0.530334,-0.783277,-0.635082,-1.2091,1.23126,1.23759,-1.11218,0.438427,0.460534,-2.66207,1.18943,1.05586,-0.527671,-0.995077,-0.560934,-1.53895,0.684805,0.569372,-0.723024,-0.53575,-0.578786,-0.421265,-0.38644,-0.568093,-0.315606,0.00823377,0.0165396,-0.73965,0.732815,0.736346,-0.530334,-0.0378724,0.0161678,-1.2091,-0.604976,-0.540822,-1.11218,-0.572322,-0.541069,-2.66207,-0.68975,-0.677468,-0.527671,0.632241,0.46476,-1.53895,0.403741,0.453139,-0.632663,-0.483761,-0.356671,-0.421265,-0.641152,-0.670109,-0.315606,0.0483302,0.0766324,-0.73965,0.317843,0.25945,-0.530334,0.419809,0.349992,-1.2091,-0.394949,-0.404376,-1.11218,-0.152342,-0.212901,-2.66207,-0.4702,-0.473655,-0.527671,0.288231,0.233021,-1.53895,0.261486,0.290154,-0.632663,-0.218593,-0.173523,-0.723024,-0.319346,-0.339078,-0.315606,0.0339512,0.0190596,-0.73965,0.304963,0.26284,-0.530334,0.200066,0.139786,-1.2091,-0.244371,-0.255411,-1.11218,-0.0529899,-0.0806971,-2.66207,-0.21153,-0.185752,-0.527671,0.125516,0.0528197,-1.53895,-0.0822201,-0.0614336,-0.632663,0.167196,0.0509894,-0.723024,0.304139,0.224939,-0.421265,0.212871,0.143656,-0.73965,0.320499,0.380103,-0.530334,-0.43056,-0.511589,-1.2091,-0.00710222,-0.0273944,-1.11218,-0.0554011,-0.00626526,-2.66207,0.300342,0.222094,-0.527671,-0.430557,-0.514186,-1.53895,-0.33729,-0.307739,-0.632663,0.196896,0.278456,-0.723024,0.132882,0.228196,-0.421265,0.344228,0.385362,-0.315606,0.14514,0.177145,-0.530334,0.230274,0.276665,-1.2091,0.393235,0.389899,-1.11218,0.26426,0.238512,-2.66207,0.180677,0.158804,-0.527671,0.0230454,0.187368,-1.53895,-0.0687947,-0.103444,-0.632663,0.136825,0.0497562,-0.723024,0.362091,0.302949,-0.421265,0.291481,0.240538,-0.315606,-0.182608,-0.20131,-0.73965,0.254472,0.290448,-1.2091,0.000140731,0.0190417,-1.11218,-0.0922731,-0.0511161,-2.66207,0.218557,0.17848,-0.527671,-0.271645,-0.300818,-1.53895,1.13726,1.16738,-0.632663,-0.944486,-0.90857,-0.723024,-0.946155,-1.12067,-0.421265,-1.31775,-1.44845,-0.315606,-0.0727873,-0.162638,-0.73965,1.83832,1.70526,-0.530334,-0.00128324,-0.142307,-1.11218,-0.799982,-0.786224,-2.66207,-0.94926,-0.860951,-0.527671,0.524296,0.141485,-1.53895,0.182525,0.26825,-0.632663,-0.604518,-0.600293,-0.723024,-0.273535,-0.337302,-0.421265,-0.285496,-0.250916,-0.315606,-0.0683232,-0.064429,-0.73965,0.812238,0.696693,-0.530334,-0.417311,-0.313794,-1.2091,-0.572325,-0.517287,-2.66207,-0.811043,-0.817105,-0.527671,0.550986,0.499781,-1.53895,1.4682,1.45069,-0.632663,-2.16298,-1.77075,-0.723024,-2.19861,-2.08229,-0.421265,-1.40311,-1.60929,-0.315606,0.350653,0.536714,-0.73965,1.19477,0.93347,-0.530334,0.783314,0.925311,-1.2091,-1.51359,-1.35589,-1.11218,-1.81031,-1.91725,-0.527671,2.60219,2.33538,-1.53895,-0.153778,-0.0918016,-0.632663,0.242639,0.156899,-0.723024,0.241795,0.180298,-0.421265,0.09929,0.0985576,-0.315606,-0.194912,-0.190417,-0.73965,0.127731,0.161823,-0.530334,-0.20023,-0.275134,-1.2091,0.0690921,0.0503969,-1.11218,0.141994,0.151955,-2.66207,0.340482,0.300897
-0.607239,1.13012,0.954625,-0.702769,1.4881,1.58381,-0.409869,1.61015,1.85412,-0.295415,-0.125594,-0.128904,-0.721624,-1.44357,-1.34816,-0.510748,-0.695616,-0.61137,-1.16396,1.18387,1.1921,-1.07475,0.44971,0.446795,-2.56549,1.17197,1.01817,-0.511336,-0.954415,-0.542494,-1.48927,0.674161,0.551301,-0.702769,-0.519517,-0.561468,-0.409869,-0.375145,-0.552194,-0.295415,0.00805244,0.0149411,-0.721624,0.700361,0.718405,-0.510748,-0.0514397,0.0152411,-1.16396,-0.581305,-0.520415,-1.07475,-0.565572,-0.523052,-2.56549,-0.67971,-0.652333,-0.511336,0.608887,0.450549,-1.48927,0.397395,0.437196,-0.607239,-0.486271,-0.344491,-0.409869,-0.626804,-0.652666,-0.295415,0.0208718,0.0687292,-0.721624,0.307385,0.251809,-0.510748,0.386721,0.335971,-1.16396,-0.377106,-0.391069,-1.07475,-0.161777,-0.207664,-2.56549,-0.45422,-0.458013,-0.511336,0.272132,0.224302,-1.48927,0.250378,0.280437,-0.607239,-0.212542,-0.167322,-0.702769,-0.309917,-0.329405,-0.295415,0.0231864,0.0166717,-0.721624,0.295047,0.256005,-0.510748,0.181685,0.134241,-1.16396,-0.233697,-0.246418,-1.07475,-0.0564978,-0.0786977,-2.56549,-0.209368,-0.179572,-0.511336,0.121019,0.0505884,-1.48927,-0.0866657,-0.0585752,-0.607239,0.196442,0.0501453,-0.702769,0.260887,0.219005,-0.409869,0.230802,0.140423,-0.721624,0.317331,0.371705,-0.510748,-0.421854,-0.493,-1.16396,-0.0103992,-0.0251712,-1.07475,-0.0429147,-0.00502127,-2.56549,0.283533,0.214864,-0.511336,-0.415971,-0.497916,-1.48927,-0.322103,-0.297808,-0.607239,0.161659,0.267526,-0.702769,0.157506,0.221577,-0.409869,0.318194,0.374685,-0.295415,0.120419,0.167456,-0.510748,0.225902,0.267557,-1.16396,0.386656,0.375315,-1.07475,0.256642,0.230786,-2.56549,0.18995,0.153236,-0.511336,0.024128,0.182102,-1.48927,-0.0707126,-0.0989558,-0.607239,0.163043,0.0493844,-0.702769,0.330316,0.294951,-0.409869,0.312216,0.234835,-0.295415,-0.163519,-0.187187,-0.721624,0.251106,0.284451,-1.16396,-0.00325951,0.0198742,-1.07475,-0.0857166,-0.0479975,-2.56549,0.2038,0.173284,-0.511336,-0.269367,-0.290614,-1.48927,1.10173,1.12988,-0.607239,-0.881997,-0.872918,-0.702769,-0.960241,-1.08762,-0.409869,-1.24757,-1.40817,-0.295415,-0.0555157,-0.155282,-0.721624,1.78519,1.66344,-0.510748,-0.0393467,-0.138681,-1.07475,-0.797435,-0.760752,-2.56549,-0.94946,-0.82987,-0.511336,0.507866,0.136163,-1.48927,0.192349,0.259572,-0.607239,-0.573955,-0.576174,-0.702769,-0.266725,-0.327333,-0.409869,-0.252574,-0.244053,-0.295415,-0.0226962,-0.0612751,-0.721624,0.797034,0.679716,-0.510748,-0.403929,-0.303387,-1.16396,-0.55472,-0.49777,-2.56549,-0.78425,-0.786689,-0.511336,0.535752,0.484537,-1.48927,1.47635,1.40238,-0.607239,-2.13996,-1.70246,-0.702769,-2.0874,-2.02186,-0.409869,-1.36936,-1.56624,-0.295415,0.304872,0.499516,-0.721624,1.13845,0.908641,-0.510748,0.677765,0.890119,-1.16396,-1.43794,-1.30756,-1.07475,-1.75608,-1.85553,-0.511336,2.49463,2.26259,-1.48927,-0.157662,-0.0883503,-0.607239,0.258732,0.151261,-0.702769,0.206108,0.17538,-0.409869,0.109998,0.0962881,-0.295415,-0.180025,-0.178193,-0.721624,0.132597,0.158394,-0.510748,-0.1866,-0.265044,-1.16396,0.0639121,0.0491887,-1.07475,0.141787,0.147438,-2.56549,0.327063,0.290269
-0.581814,1.0911,0.916325,-0.682514,1.44814,1.53576,-0.398473,1.57185,1.80131,-0.275224,-0.0648443,-0.117431,-0.703598,-1.38827,-1.31361,-0.491162,-0.612885,-0.587658,-1.11881,1.13733,1.14661,-1.03731,0.459312,0.433056,-2.46891,1.15313,0.980475,-0.495001,-0.913753,-0.524054,-1.43959,0.658066,0.533231,-0.682514,-0.504816,-0.54415,-0.398473,-0.36627,-0.536295,-0.275224,0.00733411,0.0133426,-0.703598,0.667907,0.700465,-0.491162,-0.0623339,0.0143144,-1.11881,-0.556053,-0.500009,-1.03731,-0.55664,-0.505036,-2.46891,-0.670061,-0.627199,-0.495001,0.585532,0.436338,-1.43959,0.39117,0.421253,-0.581814,-0.48519,-0.332311,-0.398473,-0.612798,-0.635224,-0.275224,-0.00270548,0.060826,-0.703598,0.296927,0.244168,-0.491162,0.354699,0.321949,-1.11881,-0.360711,-0.377762,-1.03731,-0.173133,-0.202427,-2.46891,-0.438376,-0.44237,-0.495001,0.256033,0.215583,-1.43959,0.240333,0.27072,-0.581814,-0.205359,-0.161121,-0.682514,-0.301166,-0.319732,-0.275224,0.0125796,0.0142837,-0.703598,0.285131,0.249169,-0.491162,0.16365,0.128696,-1.11881,-0.223285,-0.237425,-1.03731,-0.0603889,-0.0766983,-2.46891,-0.206731,-0.173393,-0.495001,0.116522,0.0483571,-1.43959,-0.0883537,-0.0557169,-0.581814,0.222764,0.0493013,-0.682514,0.220274,0.213071,-0.398473,0.246551,0.13719,-0.703598,0.314164,0.363307,-0.491162,-0.412338,-0.474411,-1.11881,-0.0155852,-0.022948,-1.03731,-0.0288353,-0.00377728,-2.46891,0.265428,0.207634,-0.495001,-0.401385,-0.481645,-1.43959,-0.307379,-0.287877,-0.581814,0.129054,0.256596,-0.682514,0.18111,0.214958,-0.398473,0.293122,0.364007,-0.275224,0.0991933,0.157767,-0.491162,0.220613,0.258449,-1.11881,0.379892,0.360731,-1.03731,0.246682,0.22306,-2.46891,0.199114,0.147668,-0.495001,0.0252106,0.176836,-1.43959,-0.0713658,-0.0944678,-0.581814,0.186652,0.0490127,-0.682514,0.300044,0.286953,-0.398473,0.330049,0.229132,-0.275224,-0.146145,-0.173065,-0.703598,0.247739,0.278453,-1.11881,-0.00646024,0.0207068,-1.03731,-0.0766982,-0.0448789,-2.46891,0.188041,0.168088,-0.495001,-0.267089,-0.280411,-1.43959,1.06913,1.09239,-0.581814,-0.819478,-0.837265,-0.682514,-0.974373,-1.05456,-0.398473,-1.18045,-1.36789,-0.275224,-0.0446292,-0.147926,-0.703598,1.73206,1.62162,-0.491162,-0.0745727,-0.135056,-1.03731,-0.790395,-0.735281,-2.46891,-0.948743,-0.798789,-0.495001,0.491435,0.130842,-1.43959,0.203586,0.250894,-0.581814,-0.544876,-0.552054,-0.682514,-0.262253,-0.317364,-0.398473,-0.219891,-0.23719,-0.275224,0.015505,-0.0581212,-0.703598,0.78183,0.662739,-0.491162,-0.390698,-0.29298,-1.11881,-0.532291,-0.478252,-2.46891,-0.757327,-0.756273,-0.495001,0.520519,0.469293,-1.43959,1.47548,1.35407,-0.581814,-2.10931,-1.63417,-0.682514,-1.98092,-1.96144,-0.398473,-1.33783,-1.5232,-0.275224,0.270232,0.462318,-0.703598,1.08214,0.883813,-0.491162,0.576942,0.854928,-1.11881,-1.35831,-1.25922,-1.03731,-1.71122,-1.7938,-0.495001,2.38706,2.18981,-1.43959,-0.157217,-0.0848989,-0.581814,0.272706,0.145624,-0.682514,0.1728,0.170462,-0.398473,0.1196,0.0940187,-0.275224,-0.164671,-0.16597,-0.703598,0.137463,0.154965,-0.491162,-0.17353,-0.254954,-1.11881,0.0574423,0.0479804,-1.03731,0.14267,0.142921,-2.46891,0.312981,0.279641
-0.55639,1.04702,0.878025,-0.662259,1.41074,1.48772,-0.387077,1.53618,1.74851,-0.255033,-0.0179188,-0.105958,-0.685571,-1.33297,-1.27907,-0.471575,-0.530154,-0.563946,-1.07366,1.0929,1.10112,-0.99987,0.467983,0.419317,-2.37234,1.12946,0.942784,-0.478666,-0.810513,-0.505614,-1.38992,0.636948,0.515161,-0.662259,-0.491764,-0.526831,-0.387077,-0.360051,-0.520395,-0.255033,0.00320291,0.0117441,-0.685571,0.635453,0.682525,-0.471575,-0.0732281,0.0133876,-1.07366,-0.529077,-0.479603,-0.99987,-0.545329,-0.48702,-2.37234,-0.661783,-0.602065,-0.478666,0.56097,0.422127,-1.38992,0.384972,0.40531,-0.55639,-0.479769,-0.320131,-0.387077,-0.599214,-0.617781,-0.255033,-0.0181595,0.0529228,-0.685571,0.286469,0.236528,-0.471575,0.322676,0.307928,-1.07366,-0.346409,-0.364455,-0.99987,-0.187094,-0.19719,-2.37234,-0.423007,-0.426728,-0.478666,0.221535,0.206864,-1.38992,0.231301,0.261003,-0.55639,-0.197197,-0.15492,-0.662259,-0.293102,-0.310059,-0.255033,0.00401753,0.0118957,-0.685571,0.275215,0.242334,-0.471575,0.145615,0.123152,-1.07366,-0.213492,-0.228432,-0.99987,-0.0649268,-0.0746989,-2.37234,-0.202421,-0.167213,-0.478666,0.0974289,0.0461258,-1.38992,-0.0874155,-0.0528586,-0.55639,0.244587,0.0484572,-0.662259,0.182598,0.207137,-0.387077,0.259323,0.133957,-0.685571,0.310996,0.35491,-0.471575,-0.402821,-0.455821,-1.07366,-0.0221445,-0.0207248,-0.99987,-0.0130153,-0.00253329,-2.37234,0.242775,0.200405,-0.478666,-0.385104,-0.465375,-1.38992,-0.293162,-0.277946,-0.55639,0.100438,0.245666,-0.662259,0.203311,0.208339,-0.387077,0.26968,0.35333,-0.255033,0.0857853,0.148078,-0.471575,0.215324,0.249341,-1.07366,0.372378,0.346147,-0.99987,0.233993,0.215333,-2.37234,0.207895,0.142101,-0.478666,0.0312874,0.17157,-1.38992,-0.0708136,-0.0899797,-0.55639,0.206463,0.0486409,-0.662259,0.271485,0.278955,-0.387077,0.344081,0.223429,-0.255033,-0.132911,-0.158942,-0.685571,0.244373,0.272456,-1.07366,-0.00866281,0.0215393,-0.99987,-0.0644464,-0.0417603,-2.37234,0.168764,0.162892,-0.478666,-0.246304,-0.270207,-1.38992,1.03924,1.05489,-0.55639,-0.758724,-0.801613,-0.662259,-0.988073,-1.0215,-0.387077,-1.118,-1.3276,-0.255033,-0.0453766,-0.140571,-0.685571,1.67893,1.57979,-0.471575,-0.109799,-0.13143,-0.99987,-0.778211,-0.709809,-2.37234,-0.94481,-0.767708,-0.478666,0.438455,0.125521,-1.38992,0.216168,0.242216,-0.55639,-0.518262,-0.527935,-0.662259,-0.259834,-0.307396,-0.387077,-0.189035,-0.230328,-0.255033,0.0300787,-0.0549673,-0.685571,0.766626,0.645762,-0.471575,-0.377467,-0.282572,-1.07366,-0.504275,-0.458734,-2.37234,-0.729945,-0.725857,-0.478666,0.524526,0.454049,-1.38992,1.46595,1.30575,-0.55639,-2.06896,-1.56589,-0.662259,-1.87991,-1.90101,-0.387077,-1.30961,-1.48015,-0.255033,0.240406,0.42512,-0.685571,1.02583,0.858984,-0.471575,0.47612,0.819736,-1.07366,-1.27608,-1.21089,-0.99987,-1.67997,-1.73207,-0.478666,2.28966,2.11702,-1.38992,-0.152751,-0.0814476,-0.55639,0.283431,0.139986,-0.662259,0.142304,0.165544,-0.387077,0.127796,0.0917493,-0.255033,-0.148645,-0.153746,-0.685571,0.142328,0.151536,-0.471575,-0.16046,-0.244864,-1.07366,0.0499194,0.0467722,-0.99987,0.144951,0.138404,-2.37234,0.296572,0.269013
-0.530966,0.998066,0.839725,-0.642004,1.3781,1.43967,-0.375681,1.50273,1.6957,-0.234842,0.00488684,-0.094485,-0.667545,-1.25848,-1.24452,-0.451989,-0.447423,-0.540233,-1.02852,1.05236,1.05564,-0.962432,0.476368,0.405578,-2.27576,1.10088,0.905093,-0.462331,-0.682315,-0.487174,-1.34024,0.610491,0.497091,-0.642004,-0.481674,-0.509513,-0.375681,-0.35629,-0.504496,-0.234842,-0.00704507,0.0101455,-0.667545,0.599484,0.664585,-0.451989,-0.0841223,0.0124609,-1.02852,-0.500787,-0.459196,-0.962432,-0.531967,-0.469003,-2.27576,-0.654859,-0.576931,-0.462331,0.536107,0.407915,-1.34024,0.378588,0.389367,-0.530966,-0.469407,-0.307951,-0.375681,-0.586094,-0.600339,-0.234842,-0.0216694,0.0450196,-0.667545,0.266639,0.228887,-0.451989,0.290654,0.293906,-1.02852,-0.334718,-0.351148,-0.962432,-0.203505,-0.191953,-2.27576,-0.408046,-0.411085,-0.462331,0.18011,0.198145,-1.34024,0.223429,0.251286,-0.530966,-0.188289,-0.148718,-0.642004,-0.286216,-0.300386,-0.234842,-0.000709896,0.00950766,-0.667545,0.261026,0.235498,-0.451989,0.12758,0.117607,-1.02852,-0.204832,-0.219439,-0.962432,-0.0701455,-0.0726996,-2.27576,-0.196421,-0.161034,-0.462331,0.0724834,0.0438945,-1.34024,-0.083474,-0.0500003,-0.530966,0.26037,0.0476131,-0.642004,0.150321,0.201203,-0.375681,0.268452,0.130724,-0.667545,0.316965,0.346512,-0.451989,-0.393304,-0.437232,-1.02852,-0.0283888,-0.0185015,-0.962432,0.00424502,-0.0012893,-2.27576,0.215619,0.193175,-0.462331,-0.368385,-0.449104,-1.34024,-0.279688,-0.268015,-0.530966,0.0771291,0.234736,-0.642004,0.222608,0.20172,-0.375681,0.248623,0.342652,-0.234842,0.0841818,0.138389,-0.451989,0.210035,0.240232,-1.02852,0.36321,0.331562,-0.962432,0.218905,0.207607,-2.27576,0.216439,0.136533,-0.462331,0.0394772,0.166304,-1.34024,-0.0688803,-0.0854917,-0.530966,0.221338,0.0482691,-0.642004,0.24612,0.270957,-0.375681,0.353655,0.217726,-0.234842,-0.126003,-0.144819,-0.667545,0.246688,0.266459,-1.02852,-0.00855913,0.0223719,-0.962432,-0.049122,-0.0386417,-2.27576,0.14591,0.157695,-0.462331,-0.217792,-0.260004,-1.34024,1.01226,1.01739,-0.530966,-0.701686,-0.765961,-0.642004,-1.00039,-0.988446,-0.375681,-1.06182,-1.28732,-0.234842,-0.0624811,-0.133215,-0.667545,1.61158,1.53797,-0.451989,-0.145025,-0.127804,-0.962432,-0.761448,-0.684338,-2.27576,-0.937746,-0.736627,-0.462331,0.370537,0.1202,-1.34024,0.230282,0.233538,-0.530966,-0.495095,-0.503815,-0.642004,-0.260512,-0.297427,-0.375681,-0.162243,-0.223465,-0.234842,0.00603885,-0.0518135,-0.667545,0.741973,0.628785,-0.451989,-0.364236,-0.272165,-1.02852,-0.47136,-0.439216,-2.27576,-0.702554,-0.69544,-0.462331,0.53639,0.438805,-1.34024,1.44634,1.25744,-0.530966,-2.0171,-1.4976,-0.642004,-1.78916,-1.84058,-0.375681,-1.28577,-1.43711,-0.234842,0.208443,0.387922,-0.667545,0.927131,0.834155,-0.451989,0.375297,0.784544,-1.02852,-1.19527,-1.16256,-0.962432,-1.66232,-1.67034,-0.462331,2.19788,2.04423,-1.34024,-0.143936,-0.0779963,-0.530966,0.289804,0.134348,-0.642004,0.117183,0.160626,-0.375681,0.134399,0.0894798,-0.234842,-0.131834,-0.141523,-0.667545,0.153296,0.148108,-0.451989,-0.147389,-0.234774,-1.02852,0.0422951,0.0455639,-0.962432,0.148529,0.133887,-2.27576,0.277781,0.258385
-0.505542,0.943736,0.801425,-0.621749,1.34815,1.39162,-0.364285,1.47017,1.6429,-0.21465,0.0118581,-0.083012,-0.649519,-1.18018,-1.20997,-0.432403,-0.364692,-0.516521,-0.983371,1.01721,1.01015,-0.924994,0.484512,0.391839,-2.17919,1.06618,0.867402,-0.445996,-0.564099,-0.468734,-1.29056,0.581238,0.479021,-0.621749,-0.473233,-0.492195,-0.364285,-0.353542,-0.488597,-0.21465,-0.0212552,0.00854701,-0.649519,0.563757,0.646645,-0.432403,-0.0950165,0.0115342,-0.983371,-0.471765,-0.43879,-0.924994,-0.516944,-0.450987,-2.17919,-0.648806,-0.551797,-0.445996,0.512,0.393704,-1.29056,0.372033,0.373424,-0.505542,-0.452697,-0.295771,-0.364285,-0.573177,-0.582896,-0.21465,-0.0175313,0.0371164,-0.649519,0.244619,0.221246,-0.432403,0.258631,0.279884,-0.983371,-0.32591,-0.337841,-0.924994,-0.221667,-0.186716,-2.17919,-0.393648,-0.395443,-0.445996,0.142897,0.189426,-1.29056,0.216193,0.241569,-0.505542,-0.178785,-0.142517,-0.621749,-0.279968,-0.290713,-0.21465,-0.00293241,0.00711966,-0.649519,0.24576,0.228663,-0.432403,0.109545,0.112063,-0.983371,-0.197732,-0.210446,-0.924994,-0.0758919,-0.0707002,-2.17919,-0.188509,-0.154854,-0.445996,0.0497716,0.0416632,-1.29056,-0.0778866,-0.0471419,-0.505542,0.267488,0.046769,-0.621749,0.121092,0.19527,-0.364285,0.275945,0.127491,-0.649519,0.325139,0.338114,-0.432403,-0.383788,-0.418643,-0.983371,-0.0325459,-0.0162783,-0.924994,0.0225096,-4.53113e-05,-2.17919,0.183673,0.185945,-0.445996,-0.352677,-0.432833,-1.29056,-0.266672,-0.258085,-0.505542,0.0613975,0.223806,-0.621749,0.240167,0.195101,-0.364285,0.228681,0.331975,-0.21465,0.0903442,0.1287,-0.432403,0.204746,0.231124,-0.983371,0.351598,0.316978,-0.924994,0.202012,0.199881,-2.17919,0.224323,0.130965,-0.445996,0.0472458,0.161038,-1.29056,-0.0661892,-0.0810037,-0.505542,0.229267,0.0478973,-0.621749,0.222571,0.262959,-0.364285,0.361252,0.212024,-0.21465,-0.123079,-0.130697,-0.649519,0.250452,0.260461,-0.983371,-0.00499923,0.0232044,-0.924994,-0.0313902,-0.0355231,-2.17919,0.119497,0.152499,-0.445996,-0.191161,-0.2498,-1.29056,0.986812,0.979898,-0.505542,-0.651114,-0.730308,-0.621749,-1.01174,-0.955389,-0.364285,-1.00853,-1.24704,-0.21465,-0.0902591,-0.125859,-0.649519,1.54113,1.49615,-0.432403,-0.180251,-0.124178,-0.924994,-0.740965,-0.658866,-2.17919,-0.926337,-0.705546,-0.445996,0.307333,0.114878,-1.29056,0.245235,0.22486,-0.505542,-0.476986,-0.479696,-0.621749,-0.262738,-0.287459,-0.364285,-0.137482,-0.216602,-0.21465,-0.0428646,-0.0486596,-0.649519,0.715083,0.611808,-0.432403,-0.351005,-0.261758,-0.983371,-0.43481,-0.419698,-2.17919,-0.675519,-0.665024,-0.445996,0.545751,0.423561,-1.29056,1.42114,1.20912,-0.505542,-1.94998,-1.42931,-0.621749,-1.70429,-1.78015,-0.364285,-1.26394,-1.39406,-0.21465,0.173793,0.350724,-0.649519,0.820401,0.809327,-0.432403,0.274474,0.749353,-0.983371,-1.12005,-1.11422,-0.924994,-1.65546,-1.60862,-0.445996,2.10937,1.97144,-1.29056,-0.132818,-0.074545,-0.505542,0.28994,0.128711,-0.621749,0.0951552,0.155708,-0.364285,0.140302,0.0872104,-0.21465,-0.114695,-0.1293,-0.649519,0.165338,0.144679,-0.432403,-0.134319,-0.224684,-0.983371,0.0355985,0.0443557,-0.924994,0.153086,0.129369,-2.17919,0.256326,0.247758
-0.480117,0.884277,0.763124,-0.601494,1.32369,1.34358,-0.352889,1.44024,1.59009,-0.194459,0.00585711,-0.0715389,-0.631492,-1.10268,-1.17542,-0.412817,-0.297757,-0.492809,-0.938224,0.987288,0.964658,-0.887556,0.492239,0.3781,-2.08261,1.03148,0.829711,-0.429661,-0.456935,-0.450295,-1.24088,0.551985,0.46095,-0.601494,-0.468108,-0.474876,-0.352889,-0.353914,-0.472697,-0.194459,-0.0386556,0.00694849,-0.631492,0.529385,0.628705,-0.412817,-0.100648,0.0106075,-0.938224,-0.44251,-0.418384,-0.887556,-0.500207,-0.43297,-2.08261,-0.642752,-0.526663,-0.429661,0.488671,0.379493,-1.24088,0.365477,0.357481,-0.480117,-0.429034,-0.283591,-0.352889,-0.560918,-0.565454,-0.194459,-0.00713959,0.0292132,-0.631492,0.222574,0.213606,-0.412817,0.230773,0.265863,-0.938224,-0.319578,-0.324534,-0.887556,-0.241082,-0.181479,-2.08261,-0.37925,-0.379801,-0.429661,0.11021,0.180707,-1.24088,0.208957,0.231852,-0.480117,-0.168937,-0.136316,-0.601494,-0.274985,-0.281039,-0.194459,-0.00313117,0.00473166,-0.631492,0.230383,0.221827,-0.412817,0.0936841,0.106518,-0.938224,-0.192141,-0.201453,-0.887556,-0.0820986,-0.0687008,-2.08261,-0.180598,-0.148675,-0.429661,0.0295428,0.0394319,-1.24088,-0.0722992,-0.0442836,-0.480117,0.264341,0.0459249,-0.601494,0.0980303,0.189336,-0.352889,0.277975,0.124258,-0.631492,0.333427,0.329717,-0.412817,-0.372536,-0.400053,-0.938224,-0.0339525,-0.0140551,-0.887556,0.041483,0.00119868,-2.08261,0.151728,0.178716,-0.429661,-0.338007,-0.416563,-1.24088,-0.253656,-0.248154,-0.480117,0.0546141,0.212876,-0.601494,0.254099,0.188482,-0.352889,0.212595,0.321297,-0.194459,0.103005,0.11901,-0.412817,0.198294,0.222016,-0.938224,0.337547,0.302394,-0.887556,0.183563,0.192155,-2.08261,0.232207,0.125397,-0.429661,0.0545076,0.155772,-1.24088,-0.0634982,-0.0765156,-0.480117,0.229067,0.0475256,-0.601494,0.202713,0.254961,-0.352889,0.362305,0.206321,-0.194459,-0.123336,-0.116574,-0.631492,0.254388,0.254464,-0.938224,0.00203153,0.024037,-0.887556,-0.0114249,-0.0324045,-2.08261,0.0930831,0.147303,-0.429661,-0.166726,-0.239597,-1.24088,0.961364,0.942402,-0.480117,-0.609064,-0.694656,-0.601494,-1.02095,-0.922332,-0.352889,-0.965073,-1.20676,-0.194459,-0.126991,-0.118503,-0.631492,1.47095,1.45433,-0.412817,-0.206714,-0.120552,-0.887556,-0.716659,-0.633395,-2.08261,-0.914928,-0.674465,-0.429661,0.249468,0.109557,-1.24088,0.260188,0.216183,-0.480117,-0.464941,-0.455576,-0.601494,-0.267866,-0.27749,-0.352889,-0.120124,-0.20974,-0.194459,-0.111905,-0.0455057,-0.631492,0.688131,0.59483,-0.412817,-0.338647,-0.25135,-0.938224,-0.396113,-0.400181,-2.08261,-0.648483,-0.634608,-0.429661,0.552282,0.408317,-1.24088,1.39595,1.16081,-0.480117,-1.86574,-1.36103,-0.601494,-1.63137,-1.71973,-0.352889,-1.24892,-1.35102,-0.194459,0.136573,0.313526,-0.631492,0.715974,0.784498,-0.412817,0.194177,0.714161,-0.938224,-1.05182,-1.06589,-0.887556,-1.65876,-1.54689,-0.429661,2.02395,1.89865,-1.24088,-0.1217,-0.0710937,-0.480117,0.282689,0.123073,-0.601494,0.0794571,0.15079,-0.352889,0.143909,0.0849409,-0.194459,-0.0974157,-0.117076,-0.631492,0.176946,0.14125,-0.412817,-0.123164,-0.214594,-0.938224,0.0302711,0.0431474,-0.887556,0.158475,0.124852,-2.08261,0.234871,0.23713
-0.454693,0.820533,0.724824,-0.581239,1.30707,1.29553,-0.341493,1.41257,1.53729,-0.174268,-0.00921122,-0.0600659,-0.613466,-1.02723,-1.14087,-0.39323,-0.244345,-0.469097,-0.893078,0.963903,0.919169,-0.850118,0.499331,0.364361,-1.98603,0.991545,0.79202,-0.413326,-0.371892,-0.431855,-1.1912,0.519879,0.44288,-0.581239,-0.467672,-0.457558,-0.341493,-0.357125,-0.456798,-0.174268,-0.0580941,0.00534997,-0.613466,0.497317,0.610765,-0.39323,-0.102463,0.00968072,-0.893078,-0.413265,-0.397977,-0.850118,-0.482187,-0.414954,-1.98603,-0.635927,-0.501529,-0.413326,0.466787,0.365282,-1.1912,0.358453,0.341538,-0.454693,-0.399003,-0.271411,-0.341493,-0.54931,-0.548011,-0.174268,0.007597,0.02131,-0.613466,0.200858,0.205965,-0.39323,0.206634,0.251841,-0.893078,-0.316136,-0.311227,-0.850118,-0.260543,-0.176242,-1.98603,-0.365449,-0.364158,-0.413326,0.0863355,0.171988,-1.1912,0.202484,0.222134,-0.454693,-0.158917,-0.130114,-0.581239,-0.271814,-0.271366,-0.174268,-0.00201447,0.00234367,-0.613466,0.214996,0.214992,-0.39323,0.0799072,0.100973,-0.893078,-0.188434,-0.19246,-0.850118,-0.0885025,-0.0667014,-1.98603,-0.171433,-0.142495,-0.413326,0.0143028,0.0372006,-1.1912,-0.0647405,-0.0414253,-0.454693,0.251357,0.0450808,-0.581239,0.085847,0.183402,-0.341493,0.27439,0.121025,-0.613466,0.341538,0.321319,-0.39323,-0.359979,-0.381464,-0.893078,-0.0314666,-0.0118318,-0.850118,0.0604808,0.00244267,-1.98603,0.117241,0.171486,-0.413326,-0.325273,-0.400292,-1.1912,-0.241387,-0.238223,-0.454693,0.0563901,0.201946,-0.581239,0.260889,0.181863,-0.341493,0.200652,0.31062,-0.174268,0.12069,0.109321,-0.39323,0.191217,0.212908,-0.893078,0.320408,0.28781,-0.850118,0.164436,0.184429,-1.98603,0.238807,0.11983,-0.413326,0.0606824,0.150507,-1.1912,-0.0598964,-0.0720276,-0.454693,0.221099,0.0471538,-0.581239,0.189396,0.246963,-0.341493,0.356722,0.200618,-0.174268,-0.125541,-0.102452,-0.613466,0.258372,0.248467,-0.893078,0.0134696,0.0248695,-0.850118,0.00978199,-0.0292859,-1.98603,0.0653458,0.142107,-0.413326,-0.146896,-0.229393,-1.1912,0.93751,0.904905,-0.454693,-0.575559,-0.659004,-0.581239,-1.02414,-0.889275,-0.341493,-0.931991,-1.16647,-0.174268,-0.170729,-0.111147,-0.613466,1.40173,1.41251,-0.39323,-0.225744,-0.116926,-0.850118,-0.689536,-0.607923,-1.98603,-0.89898,-0.643383,-0.413326,0.202507,0.104236,-1.1912,0.276141,0.207505,-0.454693,-0.458608,-0.431457,-0.581239,-0.276826,-0.267521,-0.341493,-0.111223,-0.202877,-0.174268,-0.194245,-0.0423518,-0.613466,0.661453,0.577853,-0.39323,-0.327117,-0.240943,-0.893078,-0.355608,-0.380663,-1.98603,-0.62228,-0.604192,-0.413326,0.553035,0.393073,-1.1912,1.36384,1.1125,-0.454693,-1.7654,-1.29274,-0.581239,-1.5785,-1.6593,-0.341493,-1.24105,-1.30797,-0.174268,0.0963677,0.276328,-0.613466,0.616891,0.759669,-0.39323,0.132576,0.67897,-0.893078,-0.993339,-1.01756,-0.850118,-1.66787,-1.48516,-0.413326,1.94377,1.82587,-1.1912,-0.108126,-0.0676424,-0.454693,0.268343,0.117436,-0.581239,0.074671,0.145872,-0.341493,0.145216,0.0826715,-0.174268,-0.08048,-0.104853,-0.613466,0.187619,0.137821,-0.39323,-0.113672,-0.204504,-0.893078,0.0269494,0.0419392,-0.850118,0.164197,0.120335,-1.98603,0.211743,0.226502
-0.429269,0.753245,0.686524,-0.560984,1.29174,1.24748,-0.330097,1.38588,1.48448,-0.154077,-0.0262427,-0.0485929,-0.59544,-0.956382,-1.10632,-0.373644,-0.197144,-0.445384,-0.847931,0.950471,0.87368,-0.81268,0.505267,0.350622,-1.88946,0.949586,0.754329,-0.396991,-0.289255,-0.413415,-1.14152,0.486299,0.42481,-0.560984,-0.468008,-0.44024,-0.330097,-0.361577,-0.440899,-0.154077,-0.077656,0.00375145,-0.59544,0.469229,0.592824,-0.373644,-0.102755,0.00875399,-0.847931,-0.384617,-0.377571,-0.81268,-0.46314,-0.396937,-1.88946,-0.62799,-0.476395,-0.396991,0.44506,0.351071,-1.14152,0.350786,0.325595,-0.429269,-0.36286,-0.259231,-0.330097,-0.537989,-0.530569,-0.154077,0.0232309,0.0134068,-0.59544,0.180291,0.198324,-0.373644,0.184258,0.237819,-0.847931,-0.31671,-0.29792,-0.81268,-0.278255,-0.171005,-1.88946,-0.351942,-0.348516,-0.396991,0.0634191,0.163269,-1.14152,0.196561,0.212417,-0.429269,-0.148845,-0.123913,-0.560984,-0.268949,-0.261693,-0.154077,-0.000777231,-4.43306e-05,-0.59544,0.199873,0.208156,-0.373644,0.067162,0.0954288,-0.847931,-0.187593,-0.183468,-0.81268,-0.0947691,-0.064702,-1.88946,-0.161985,-0.136316,-0.396991,-0.000394831,0.0349693,-1.14152,-0.0557679,-0.038567,-0.429269,0.228315,0.0442367,-0.560984,0.0757634,0.177468,-0.330097,0.268341,0.117792,-0.59544,0.348761,0.312921,-0.373644,-0.346882,-0.362875,-0.847931,-0.022166,-0.00960859,-0.81268,0.0784849,0.00368666,-1.88946,0.0825929,0.164256,-0.396991,-0.31275,-0.384022,-1.14152,-0.229883,-0.228292,-0.429269,0.0669061,0.191015,-0.560984,0.266234,0.175244,-0.330097,0.19053,0.299942,-0.154077,0.14026,0.0996321,-0.373644,0.183975,0.203799,-0.847931,0.298475,0.273226,-0.81268,0.14574,0.176703,-1.88946,0.244522,0.114262,-0.396991,0.0667389,0.145241,-1.14152,-0.0556377,-0.0675396,-0.429269,0.20513,0.046782,-0.560984,0.177341,0.238965,-0.330097,0.348229,0.194915,-0.154077,-0.127714,-0.0883291,-0.59544,0.262064,0.242469,-0.847931,0.0317658,0.025702,-0.81268,0.0311221,-0.0261673,-1.88946,0.0380125,0.136911,-0.396991,-0.127566,-0.21919,-1.14152,0.914524,0.867409,-0.429269,-0.551132,-0.623352,-0.560984,-1.02595,-0.856218,-0.330097,-0.903465,-1.12619,-0.154077,-0.217222,-0.103791,-0.59544,1.33502,1.37068,-0.373644,-0.241383,-0.113301,-0.81268,-0.660247,-0.582452,-1.88946,-0.880825,-0.612302,-0.396991,0.156731,0.0989145,-1.14152,0.292805,0.198827,-0.429269,-0.457582,-0.407338,-0.560984,-0.28642,-0.257553,-0.330097,-0.106043,-0.196014,-0.154077,-0.278177,-0.039198,-0.59544,0.635838,0.560876,-0.373644,-0.315995,-0.230536,-0.847931,-0.314025,-0.361145,-1.88946,-0.59668,-0.573775,-0.396991,0.553161,0.377829,-1.14152,1.32652,1.06418,-0.429269,-1.64848,-1.22445,-0.560984,-1.52936,-1.59887,-0.330097,-1.23633,-1.26493,-0.154077,0.053542,0.239131,-0.59544,0.529284,0.73484,-0.373644,0.0799366,0.643778,-0.847931,-0.951651,-0.969223,-0.81268,-1.67807,-1.42343,-0.396991,1.86416,1.75308,-1.14152,-0.093141,-0.0641911,-0.429269,0.246659,0.111798,-0.560984,0.0719466,0.140954,-0.330097,0.145514,0.0804021,-0.154077,-0.0643501,-0.0926291,-0.59544,0.196371,0.134393,-0.373644,-0.104954,-0.194414,-0.847931,0.0272574,0.0407309,-0.81268,0.169601,0.115818,-1.88946,0.188288,0.215874
-0.403845,0.684598,0.648224,-0.540729,1.27642,1.19943,-0.318701,1.36084,1.43168,-0.133886,-0.039285,-0.0371199,-0.577413,-0.88634,-1.07178,-0.354058,-0.169368,-0.421672,-0.802785,0.944844,0.828191,-0.775242,0.51064,0.336883,-1.79288,0.905129,0.716638,-0.380656,-0.226418,-0.394975,-1.09184,0.452683,0.40674,-0.540729,-0.468344,-0.422921,-0.318701,-0.368219,-0.425,-0.133886,-0.095799,0.00215293,-0.577413,0.44184,0.574884,-0.354058,-0.0987541,0.00782726,-0.802785,-0.356843,-0.357165,-0.775242,-0.443882,-0.378921,-1.79288,-0.616943,-0.451261,-0.380656,0.424569,0.336859,-1.09184,0.342771,0.309652,-0.403845,-0.32375,-0.247051,-0.318701,-0.527199,-0.513127,-0.133886,0.0368818,0.00550357,-0.577413,0.159929,0.190683,-0.354058,0.167496,0.223798,-0.802785,-0.320273,-0.284613,-0.775242,-0.294712,-0.165768,-1.79288,-0.338934,-0.332873,-0.380656,0.0482586,0.15455,-1.09184,0.190779,0.2027,-0.403845,-0.138818,-0.117712,-0.540729,-0.266084,-0.25202,-0.133886,-0.00038856,-0.00243233,-0.577413,0.184798,0.20132,-0.354058,0.0577956,0.0898842,-0.802785,-0.188998,-0.174475,-0.775242,-0.10086,-0.0627027,-1.79288,-0.152622,-0.130136,-0.380656,-0.0106174,0.032738,-1.09184,-0.0464323,-0.0357086,-0.403845,0.199995,0.0433926,-0.540729,0.0656797,0.171534,-0.318701,0.257607,0.114559,-0.577413,0.355824,0.304524,-0.354058,-0.33222,-0.344285,-0.802785,-0.00691283,-0.00738536,-0.775242,0.095777,0.00493065,-1.79288,0.0495209,0.157027,-0.380656,-0.301883,-0.367751,-1.09184,-0.218711,-0.218361,-0.403845,0.0819981,0.180085,-0.540729,0.27158,0.168625,-0.318701,0.183953,0.289265,-0.133886,0.15893,0.0899429,-0.354058,0.176474,0.194691,-0.802785,0.272588,0.258641,-0.775242,0.127621,0.168977,-1.79288,0.248315,0.108694,-0.380656,0.0717837,0.139975,-1.09184,-0.0512083,-0.0630515,-0.403845,0.184922,0.0464103,-0.540729,0.165287,0.230967,-0.318701,0.334245,0.189212,-0.133886,-0.128281,-0.0742065,-0.577413,0.265704,0.236472,-0.802785,0.0556008,0.0265346,-0.775242,0.0520594,-0.0230487,-1.79288,0.0131464,0.131714,-0.380656,-0.112469,-0.208986,-1.09184,0.891596,0.829912,-0.403845,-0.531656,-0.587699,-0.540729,-1.02775,-0.823161,-0.318701,-0.883728,-1.08591,-0.133886,-0.262666,-0.0964351,-0.577413,1.26876,1.32886,-0.354058,-0.24646,-0.109675,-0.775242,-0.630556,-0.55698,-1.79288,-0.858993,-0.581221,-0.380656,0.12083,0.0935932,-1.09184,0.309648,0.190149,-0.403845,-0.458994,-0.383218,-0.540729,-0.296015,-0.247584,-0.318701,-0.108334,-0.189152,-0.133886,-0.354144,-0.0360441,-0.577413,0.610413,0.543899,-0.354058,-0.306204,-0.220129,-0.802785,-0.272537,-0.341627,-1.79288,-0.572426,-0.543359,-0.380656,0.548057,0.362585,-1.09184,1.28771,1.01587,-0.403845,-1.52276,-1.15617,-0.540729,-1.48023,-1.53844,-0.318701,-1.23764,-1.22188,-0.133886,0.00878907,0.201933,-0.577413,0.443703,0.710012,-0.354058,0.0560959,0.608587,-0.802785,-0.924708,-0.92089,-0.775242,-1.68671,-1.36171,-0.380656,1.78873,1.68029,-1.09184,-0.078004,-0.0607397,-0.403845,0.221073,0.106161,-0.540729,0.0692222,0.136036,-0.318701,0.143922,0.0781326,-0.133886,-0.0492702,-0.0804056,-0.577413,0.204785,0.130964,-0.354058,-0.0986691,-0.184324,-0.802785,0.0308412,0.0395227,-0.775242,0.174649,0.111301,-1.79288,0.165121,0.205246
-0.37842,0.615286,0.609924,-0.520474,1.26175,1.15139,-0.307305,1.3383,1.37887,-0.113695,-0.04085,-0.0256469,-0.559387,-0.819025,-1.03723,-0.334471,-0.142651,-0.39796,-0.757638,0.944317,0.782702,-0.737804,0.514363,0.323144,-1.69631,0.860217,0.678947,-0.364321,-0.187215,-0.376535,-1.04216,0.41966,0.38867,-0.520474,-0.469061,-0.405603,-0.307305,-0.378236,-0.4091,-0.113695,-0.110411,0.000554413,-0.559387,0.416553,0.556944,-0.334471,-0.094537,0.00690053,-0.757638,-0.330091,-0.336758,-0.737804,-0.424472,-0.360904,-1.69631,-0.604699,-0.426127,-0.364321,0.405519,0.322648,-1.04216,0.333987,0.293709,-0.37842,-0.281869,-0.234871,-0.307305,-0.517246,-0.495684,-0.113695,0.0449031,-0.00239963,-0.559387,0.140339,0.183043,-0.334471,0.151045,0.209776,-0.757638,-0.325723,-0.271306,-0.737804,-0.306839,-0.160532,-1.69631,-0.326067,-0.317231,-0.364321,0.0422768,0.145831,-1.04216,0.185175,0.192983,-0.37842,-0.128945,-0.111511,-0.520474,-0.263463,-0.242347,-0.113695,-0.00215616,-0.00482033,-0.559387,0.169942,0.194485,-0.334471,0.0486192,0.0843396,-0.757638,-0.191881,-0.165482,-0.737804,-0.106258,-0.0607033,-1.69631,-0.143431,-0.123957,-0.364321,-0.0154929,0.0305066,-1.04216,-0.0366478,-0.0328503,-0.37842,0.166089,0.0425485,-0.520474,0.0601635,0.165601,-0.307305,0.239373,0.111326,-0.559387,0.362254,0.296126,-0.334471,-0.317478,-0.325696,-0.757638,0.0129093,-0.00516213,-0.737804,0.110612,0.00617464,-1.69631,0.0173757,0.149797,-0.364321,-0.292948,-0.35148,-1.04216,-0.208206,-0.20843,-0.37842,0.101921,0.169155,-0.520474,0.273173,0.162006,-0.307305,0.183114,0.278587,-0.113695,0.173625,0.0802537,-0.334471,0.168969,0.185583,-0.757638,0.243762,0.244057,-0.737804,0.111786,0.16125,-1.69631,0.251457,0.103126,-0.364321,0.0755979,0.134709,-1.04216,-0.0465634,-0.0585635,-0.37842,0.160166,0.0460385,-0.520474,0.155974,0.222969,-0.307305,0.311505,0.18351,-0.113695,-0.12502,-0.0600839,-0.559387,0.269081,0.230475,-0.757638,0.0833009,0.0273671,-0.737804,0.071057,-0.0199301,-1.69631,-0.0105594,0.126518,-0.364321,-0.102489,-0.198783,-1.04216,0.868432,0.792416,-0.37842,-0.517716,-0.552047,-0.520474,-1.0244,-0.790104,-0.307305,-0.878137,-1.04562,-0.113695,-0.302943,-0.0890792,-0.559387,1.20406,1.28704,-0.334471,-0.250965,-0.106049,-0.737804,-0.600741,-0.531509,-1.69631,-0.836144,-0.55014,-0.364321,0.096783,0.0882719,-1.04216,0.326707,0.181471,-0.37842,-0.462456,-0.359099,-0.520474,-0.30602,-0.237616,-0.307305,-0.122851,-0.182289,-0.113695,-0.409428,-0.0328902,-0.559387,0.585719,0.526922,-0.334471,-0.296487,-0.209721,-0.757638,-0.231935,-0.322109,-1.69631,-0.548634,-0.512943,-0.364321,0.536677,0.347341,-1.04216,1.24677,0.967555,-0.37842,-1.38757,-1.08788,-0.520474,-1.43783,-1.47802,-0.307305,-1.24864,-1.17884,-0.113695,-0.0380841,0.164735,-0.559387,0.364823,0.685183,-0.334471,0.0338529,0.573395,-0.757638,-0.909393,-0.872557,-0.737804,-1.68739,-1.29998,-0.364321,1.718,1.6075,-1.04216,-0.0630689,-0.0572884,-0.37842,0.191276,0.100523,-0.520474,0.0705264,0.131118,-0.307305,0.139322,0.0758632,-0.113695,-0.0359425,-0.0681821,-0.559387,0.212096,0.127535,-0.334471,-0.0925179,-0.174234,-0.757638,0.0370781,0.0383144,-0.737804,0.178323,0.106784,-1.69631,0.142256,0.194618
-0.352996,0.546886,0.571624,-0.500219,1.24505,1.10334,-0.295909,1.31727,1.32607,-0.0935033,-0.028508,-0.0141738,-0.541361,-0.759652,-1.00268,-0.314885,-0.138653,-0.374248,-0.712492,0.945959,0.737213,-0.700366,0.516921,0.309405,-1.59973,0.81426,0.641256,-0.347985,-0.171024,-0.358095,-0.992485,0.388586,0.370599,-0.500219,-0.468553,-0.388285,-0.295909,-0.390458,-0.393201,-0.0935033,-0.120931,-0.00104411,-0.541361,0.397112,0.539004,-0.314885,-0.0858378,0.0059738,-0.712492,-0.304726,-0.316352,-0.700366,-0.405255,-0.342888,-1.59973,-0.588028,-0.400993,-0.347985,0.387835,0.308437,-0.992485,0.324256,0.277766,-0.352996,-0.238806,-0.222691,-0.295909,-0.507782,-0.478242,-0.0935033,0.0461283,-0.0103028,-0.541361,0.123099,0.175402,-0.314885,0.141283,0.195755,-0.712492,-0.33184,-0.257999,-0.700366,-0.315486,-0.155295,-1.59973,-0.313652,-0.301589,-0.347985,0.0451506,0.137112,-0.992485,0.179542,0.183266,-0.352996,-0.119364,-0.105309,-0.500219,-0.260554,-0.232673,-0.0935033,-0.00644098,-0.00720832,-0.541361,0.155793,0.187649,-0.314885,0.0435691,0.078795,-0.712492,-0.195408,-0.156489,-0.700366,-0.111053,-0.0587039,-1.59973,-0.135055,-0.117777,-0.347985,-0.0151557,0.0282753,-0.992485,-0.0269547,-0.029992,-0.352996,0.128489,0.0417044,-0.500219,0.0588039,0.159667,-0.295909,0.215643,0.108093,-0.541361,0.366718,0.287728,-0.314885,-0.301045,-0.307107,-0.712492,0.0361001,-0.00293889,-0.700366,0.123474,0.00741863,-1.59973,-0.0109318,0.142567,-0.347985,-0.285846,-0.33521,-0.992485,-0.198391,-0.198499,-0.352996,0.125016,0.158225,-0.500219,0.270609,0.155387,-0.295909,0.186588,0.26791,-0.0935033,0.183041,0.0705646,-0.314885,0.161449,0.176475,-0.712492,0.21293,0.229473,-0.700366,0.097946,0.153524,-1.59973,0.252303,0.0975586,-0.347985,0.0781896,0.129443,-0.992485,-0.0419492,-0.0540754,-0.352996,0.132294,0.0456667,-0.500219,0.149152,0.214971,-0.295909,0.282472,0.177807,-0.0935033,-0.117384,-0.0459614,-0.541361,0.271601,0.224477,-0.712492,0.113163,0.0281997,-0.700366,0.0881961,-0.0168115,-1.59973,-0.0297014,0.121322,-0.347985,-0.0975614,-0.18858,-0.992485,0.844318,0.754919,-0.352996,-0.507953,-0.516395,-0.500219,-1.01377,-0.757047,-0.295909,-0.882781,-1.00534,-0.0935033,-0.336241,-0.0817233,-0.541361,1.144,1.24522,-0.314885,-0.243171,-0.102423,-0.700366,-0.57152,-0.506037,-1.59973,-0.810036,-0.519059,-0.347985,0.084351,0.0829507,-0.992485,0.343701,0.172793,-0.352996,-0.466342,-0.334979,-0.500219,-0.315225,-0.227647,-0.295909,-0.146295,-0.175426,-0.0935033,-0.440399,-0.0297363,-0.541361,0.563261,0.509945,-0.314885,-0.288391,-0.199314,-0.712492,-0.193431,-0.302592,-1.59973,-0.526485,-0.482527,-0.347985,0.519149,0.332097,-0.992485,1.20535,0.919242,-0.352996,-1.24585,-1.01959,-0.500219,-1.39989,-1.41759,-0.295909,-1.26607,-1.13579,-0.0935033,-0.0863789,0.127537,-0.541361,0.305352,0.660354,-0.314885,0.0461708,0.538203,-0.712492,-0.903229,-0.824223,-0.700366,-1.68026,-1.23825,-0.347985,1.65153,1.53471,-0.992485,-0.0493601,-0.0538371,-0.352996,0.158554,0.0948854,-0.500219,0.0749444,0.1262,-0.295909,0.132518,0.0735938,-0.0935033,-0.0243124,-0.0559587,-0.541361,0.216238,0.124106,-0.314885,-0.0892333,-0.164145,-0.712492,0.0455225,0.0371062,-0.700366,0.180816,0.102267,-1.59973,0.120748,0.18399
-0.327572,0.48152,0.533324,-0.479964,1.22346,1.05529,-0.284513,1.29689,1.27326,-0.0733122,0.00625938,-0.00270081,-0.523335,-0.703746,-0.968131,-0.295299,-0.142946,-0.350536,-0.667345,0.9463,0.691725,-0.662928,0.517754,0.295666,-1.50315,0.768409,0.603565,-0.33165,-0.179324,-0.339655,-0.942806,0.360091,0.352529,-0.479964,-0.4651,-0.370967,-0.284513,-0.403895,-0.377302,-0.0733122,-0.124913,-0.00264263,-0.523335,0.380079,0.521064,-0.295299,-0.0756251,0.00504707,-0.667345,-0.280802,-0.295946,-0.662928,-0.3867,-0.324872,-1.50315,-0.565736,-0.375859,-0.33165,0.37149,0.294226,-0.942806,0.313563,0.261823,-0.327572,-0.19659,-0.210512,-0.284513,-0.498428,-0.460799,-0.0733122,0.0363521,-0.018206,-0.523335,0.106933,0.167761,-0.295299,0.133991,0.181733,-0.667345,-0.337237,-0.244692,-0.662928,-0.318453,-0.150058,-1.50315,-0.301665,-0.285946,-0.33165,0.0573645,0.128393,-0.942806,0.173756,0.173549,-0.327572,-0.11027,-0.0991081,-0.479964,-0.256719,-0.223,-0.0733122,-0.0147092,-0.00959632,-0.523335,0.141988,0.180814,-0.295299,0.0400643,0.0732504,-0.667345,-0.198587,-0.147496,-0.662928,-0.114812,-0.0567045,-1.50315,-0.128108,-0.111598,-0.33165,-0.00928065,0.026044,-0.942806,-0.0176727,-0.0271337,-0.327572,0.0895079,0.0408604,-0.479964,0.0586175,0.153733,-0.284513,0.187939,0.10486,-0.523335,0.370265,0.279331,-0.295299,-0.284028,-0.288517,-0.667345,0.0606755,-0.000715663,-0.662928,0.133115,0.00866262,-1.50315,-0.0334524,0.135338,-0.33165,-0.280655,-0.318939,-0.942806,-0.189213,-0.188569,-0.327572,0.149251,0.147295,-0.479964,0.265648,0.148768,-0.284513,0.193312,0.257232,-0.0733122,0.183505,0.0608754,-0.295299,0.15399,0.167366,-0.667345,0.181496,0.214889,-0.662928,0.0875406,0.145798,-1.50315,0.250484,0.0919908,-0.33165,0.0795038,0.124177,-0.942806,-0.0375121,-0.0495874,-0.327572,0.103039,0.045295,-0.479964,0.143026,0.206973,-0.284513,0.249106,0.172104,-0.0733122,-0.102848,-0.0318388,-0.523335,0.273698,0.21848,-0.667345,0.142967,0.0290322,-0.662928,0.101971,-0.0136929,-1.50315,-0.0424446,0.116126,-0.33165,-0.0980895,-0.178376,-0.942806,0.818915,0.717423,-0.327572,-0.500775,-0.480742,-0.479964,-0.996792,-0.723991,-0.284513,-0.894418,-0.965059,-0.0733122,-0.357524,-0.0743673,-0.523335,1.086,1.20339,-0.295299,-0.230902,-0.0987973,-0.662928,-0.54403,-0.480566,-1.50315,-0.780918,-0.487978,-0.33165,0.0842306,0.0776294,-0.942806,0.360468,0.164115,-0.327572,-0.468533,-0.31086,-0.479964,-0.322265,-0.217678,-0.284513,-0.175717,-0.168564,-0.0733122,-0.432415,-0.0265825,-0.523335,0.541833,0.492968,-0.295299,-0.280901,-0.188907,-0.667345,-0.157775,-0.283074,-1.50315,-0.506269,-0.45211,-0.33165,0.494869,0.316853,-0.942806,1.16447,0.870928,-0.327572,-1.10113,-0.951308,-0.479964,-1.36043,-1.35716,-0.284513,-1.2867,-1.09275,-0.0733122,-0.135959,0.0903388,-0.523335,0.254288,0.635526,-0.295299,0.0713004,0.503012,-0.667345,-0.90162,-0.77589,-0.662928,-1.65885,-1.17652,-0.33165,1.58911,1.46193,-0.942806,-0.0373795,-0.0503858,-0.327572,0.124456,0.0892478,-0.479964,0.0793288,0.121282,-0.284513,0.124088,0.0713243,-0.0733122,-0.0151344,-0.0437352,-0.523335,0.219018,0.120678,-0.295299,-0.0869994,-0.154055,-0.667345,0.0552205,0.0358979,-0.662928,0.181293,0.0977496,-1.50315,0.101508,0.173362
-0.302148,0.41893,0.495024,-0.459708,1.19747,1.00725,-0.273117,1.27633,1.22046,-0.053121,0.0583518,0.00877221,-0.505308,-0.658517,-0.933583,-0.275713,-0.169652,-0.326823,-0.622199,0.942745,0.646236,-0.62549,0.516552,0.281927,-1.40658,0.723128,0.565874,-0.315315,-0.20464,-0.321215,-0.893127,0.332426,0.334459,-0.459708,-0.459012,-0.353648,-0.273117,-0.417457,-0.361402,-0.053121,-0.123332,-0.00424115,-0.505308,0.370017,0.503124,-0.275713,-0.0614855,0.00412034,-0.622199,-0.258427,-0.275539,-0.62549,-0.369176,-0.306855,-1.40658,-0.539872,-0.350724,-0.315315,0.355793,0.280015,-0.893127,0.302613,0.24588,-0.302148,-0.155749,-0.198332,-0.273117,-0.48885,-0.443357,-0.053121,0.0176014,-0.0261092,-0.505308,0.0941562,0.160121,-0.275713,0.133411,0.167711,-0.622199,-0.340865,-0.231385,-0.62549,-0.314524,-0.144821,-1.40658,-0.289899,-0.270304,-0.315315,0.0759544,0.119674,-0.893127,0.1679,0.163831,-0.302148,-0.101561,-0.0929069,-0.459708,-0.252027,-0.213327,-0.053121,-0.0259786,-0.0119843,-0.505308,0.129345,0.173978,-0.275713,0.0407904,0.0677058,-0.622199,-0.200678,-0.138503,-0.62549,-0.117263,-0.0547051,-1.40658,-0.12221,-0.105418,-0.315315,0.000402422,0.0238127,-0.893127,-0.0085748,-0.0242753,-0.302148,0.0506259,0.0400163,-0.459708,0.0583899,0.147799,-0.273117,0.158453,0.101627,-0.505308,0.370834,0.270933,-0.275713,-0.265473,-0.269928,-0.622199,0.0852539,0.00150757,-0.62549,0.138824,0.00990661,-1.40658,-0.0519778,0.128108,-0.315315,-0.27675,-0.302669,-0.893127,-0.18019,-0.178638,-0.302148,0.173354,0.136365,-0.459708,0.259481,0.142149,-0.273117,0.201643,0.246555,-0.053121,0.176122,0.0511862,-0.275713,0.146782,0.158258,-0.622199,0.150457,0.200305,-0.62549,0.0814161,0.138072,-1.40658,0.247059,0.0864231,-0.315315,0.0800418,0.118911,-0.893127,-0.0331565,-0.0450994,-0.302148,0.0736423,0.0449232,-0.459708,0.136867,0.198975,-0.273117,0.214035,0.166401,-0.053121,-0.0827267,-0.0177162,-0.505308,0.274349,0.212483,-0.622199,0.171089,0.0298647,-0.62549,0.111412,-0.0105743,-1.40658,-0.0509125,0.110929,-0.315315,-0.10253,-0.168173,-0.893127,0.793091,0.679926,-0.302148,-0.494551,-0.44509,-0.459708,-0.97552,-0.690934,-0.273117,-0.908738,-0.924776,-0.053121,-0.367437,-0.0670114,-0.505308,1.03441,1.16157,-0.275713,-0.206549,-0.0951715,-0.62549,-0.519142,-0.455094,-1.40658,-0.750281,-0.456897,-0.315315,0.092393,0.0723081,-0.893127,0.377134,0.155437,-0.302148,-0.468784,-0.28674,-0.459708,-0.327336,-0.20771,-0.273117,-0.207285,-0.161701,-0.053121,-0.39221,-0.0234286,-0.505308,0.523498,0.475991,-0.275713,-0.275068,-0.1785,-0.622199,-0.125653,-0.263556,-1.40658,-0.487225,-0.421694,-0.315315,0.465333,0.301609,-0.893127,1.12399,0.822614,-0.302148,-0.956026,-0.883021,-0.459708,-1.31811,-1.29673,-0.273117,-1.30713,-1.0497,-0.053121,-0.184839,0.0531409,-0.505308,0.228434,0.610697,-0.275713,0.131332,0.46782,-0.622199,-0.901433,-0.727557,-0.62549,-1.61897,-1.1148,-0.315315,1.52863,1.38914,-0.893127,-0.0259735,-0.0469345,-0.302148,0.0901436,0.0836102,-0.459708,0.0827519,0.116364,-0.273117,0.114895,0.0690549,-0.053121,-0.00791972,-0.0315117,-0.505308,0.217687,0.117249,-0.275713,-0.0876116,-0.143965,-0.622199,0.0655358,0.0346897,-0.62549,0.179254,0.0932325,-1.40658,0.0838985,0.162734
-0.276723,0.360734,0.456723,-0.439453,1.16305,0.959199,-0.261721,1.25453,1.16765,-0.0329298,0.121091,0.0202452,-0.487282,-0.61621,-0.899035,-0.256126,-0.205347,-0.303111,-0.577052,0.932011,0.600747,-0.588052,0.513121,0.268188,-1.31,0.678832,0.528183,-0.29898,-0.245187,-0.302775,-0.843448,0.309524,0.316389,-0.439453,-0.447864,-0.33633,-0.261721,-0.430096,-0.345503,-0.0329298,-0.116736,-0.00583967,-0.487282,0.361796,0.485183,-0.256126,-0.0458304,0.00319361,-0.577052,-0.237883,-0.255133,-0.588052,-0.352518,-0.288839,-1.31,-0.508406,-0.32559,-0.29898,0.338707,0.265803,-0.843448,0.290234,0.229937,-0.276723,-0.117775,-0.186152,-0.261721,-0.47852,-0.425914,-0.0329298,-0.00807646,-0.0340125,-0.487282,0.0823136,0.15248,-0.256126,0.135536,0.15369,-0.577052,-0.341377,-0.218078,-0.588052,-0.304528,-0.139584,-1.31,-0.278468,-0.254661,-0.29898,0.0995212,0.110955,-0.843448,0.161623,0.154114,-0.276723,-0.0933915,-0.0867056,-0.439453,-0.245675,-0.203654,-0.0329298,-0.0389098,-0.0143723,-0.487282,0.117035,0.167143,-0.256126,0.0432326,0.0621612,-0.577052,-0.200746,-0.12951,-0.588052,-0.118438,-0.0527058,-1.31,-0.117979,-0.0992386,-0.29898,0.0132098,0.0215814,-0.843448,-0.000624123,-0.021417,-0.276723,0.0134805,0.0391722,-0.439453,0.0574568,0.141865,-0.261721,0.128073,0.0983939,-0.487282,0.370567,0.262535,-0.256126,-0.246316,-0.251338,-0.577052,0.108303,0.0037308,-0.588052,0.140914,0.0111506,-1.31,-0.0641767,0.120878,-0.29898,-0.273742,-0.286398,-0.843448,-0.171989,-0.168707,-0.276723,0.195883,0.125435,-0.439453,0.251538,0.13553,-0.261721,0.211126,0.235877,-0.0329298,0.161372,0.0414971,-0.256126,0.139707,0.14915,-0.577052,0.120957,0.18572,-0.588052,0.0790063,0.130346,-1.31,0.241132,0.0808553,-0.29898,0.0806937,0.113645,-0.843448,-0.0293109,-0.0406113,-0.276723,0.0453229,0.0445514,-0.439453,0.130269,0.190977,-0.261721,0.178671,0.160698,-0.0329298,-0.0583138,-0.00359358,-0.487282,0.274584,0.206485,-0.577052,0.195553,0.0306973,-0.588052,0.11681,-0.00745568,-1.31,-0.0526342,0.105733,-0.29898,-0.111279,-0.157969,-0.843448,0.764793,0.64243,-0.276723,-0.488201,-0.409438,-0.439453,-0.946797,-0.657877,-0.261721,-0.923336,-0.884493,-0.0329298,-0.36453,-0.0596555,-0.487282,0.984567,1.11975,-0.256126,-0.177357,-0.0915457,-0.588052,-0.496491,-0.429623,-1.31,-0.717336,-0.425816,-0.29898,0.105993,0.0669868,-0.843448,0.393109,0.146759,-0.276723,-0.465516,-0.262621,-0.439453,-0.328611,-0.197741,-0.261721,-0.238669,-0.154838,-0.0329298,-0.325607,-0.0202747,-0.487282,0.505982,0.459014,-0.256126,-0.269906,-0.168092,-0.577052,-0.0981921,-0.244038,-1.31,-0.470011,-0.391278,-0.29898,0.427118,0.286366,-0.843448,1.08593,0.7743,-0.276723,-0.813017,-0.814735,-0.439453,-1.26943,-1.2363,-0.261721,-1.32366,-1.00666,-0.0329298,-0.228805,0.015943,-0.487282,0.209345,0.585868,-0.256126,0.205459,0.432629,-0.577052,-0.899335,-0.679224,-0.588052,-1.56222,-1.05307,-0.29898,1.46389,1.31635,-0.843448,-0.0179042,-0.0434832,-0.276723,0.056703,0.0779726,-0.439453,0.0837965,0.111446,-0.261721,0.105237,0.0667854,-0.0329298,-0.00230249,-0.0192882,-0.487282,0.215245,0.11382,-0.256126,-0.0893675,-0.133875,-0.577052,0.0758272,0.0334815,-0.588052,0.174905,0.0887154,-1.31,0.0688811,0.152106
-0.251299,0.310269,0.418423,-0.419198,1.11442,0.911152,-0.250326,1.23119,1.11485,-0.0127386,0.185856,0.0317182,-0.469256,-0.579795,-0.864487,-0.23654,-0.261121,-0.279399,-0.531906,0.91201,0.555258,-0.550614,0.50729,0.254449,-1.21342,0.636,0.490493,-0.282645,-0.28705,-0.284335,-0.793769,0.290764,0.298319,-0.419198,-0.42822,-0.319012,-0.250326,-0.441281,-0.329604,-0.0127386,-0.108477,-0.00743819,-0.469256,0.356629,0.467243,-0.23654,-0.0272017,0.00226688,-0.531906,-0.219211,-0.234727,-0.550614,-0.336409,-0.270822,-1.21342,-0.471193,-0.300456,-0.282645,0.321286,0.251592,-0.793769,0.276659,0.213994,-0.251299,-0.0854684,-0.173972,-0.250326,-0.467368,-0.408472,-0.0127386,-0.0356993,-0.0419157,-0.469256,0.0723541,0.144839,-0.23654,0.143702,0.139668,-0.531906,-0.337937,-0.204771,-0.550614,-0.289706,-0.134347,-1.21342,-0.267299,-0.239019,-0.282645,0.123439,0.102236,-0.793769,0.15492,0.144397,-0.251299,-0.0861085,-0.0805043,-0.419198,-0.236471,-0.193981,-0.0127386,-0.052076,-0.0167603,-0.469256,0.105547,0.160307,-0.23654,0.0496524,0.0566166,-0.531906,-0.198195,-0.120517,-0.550614,-0.118445,-0.0507064,-1.21342,-0.115581,-0.0930591,-0.282645,0.0262561,0.0193501,-0.793769,0.00596709,-0.0185587,-0.251299,-0.0191946,0.0383281,-0.419198,0.0538686,0.135931,-0.250326,0.0983978,0.0951609,-0.469256,0.368429,0.254138,-0.23654,-0.225896,-0.232749,-0.531906,0.128642,0.00595403,-0.550614,0.139914,0.0123946,-1.21342,-0.0695469,0.113649,-0.282645,-0.270783,-0.270127,-0.793769,-0.164278,-0.158776,-0.251299,0.214425,0.114505,-0.419198,0.241864,0.128911,-0.250326,0.220466,0.2252,-0.0127386,0.144092,0.0318079,-0.23654,0.133117,0.140042,-0.531906,0.093834,0.171136,-0.550614,0.0794379,0.12262,-1.21342,0.232712,0.0752876,-0.282645,0.0814433,0.108379,-0.793769,-0.0260788,-0.0361233,-0.251299,0.0200642,0.0441796,-0.419198,0.122062,0.182979,-0.250326,0.144782,0.154996,-0.0127386,-0.0327024,0.010529,-0.469256,0.273784,0.200488,-0.531906,0.21503,0.0315298,-0.550614,0.118767,-0.00433707,-1.21342,-0.0472365,0.100537,-0.282645,-0.120488,-0.147766,-0.793769,0.733974,0.604933,-0.251299,-0.48016,-0.373786,-0.419198,-0.90738,-0.62482,-0.250326,-0.935353,-0.84421,-0.0127386,-0.356593,-0.0522996,-0.469256,0.938202,1.07793,-0.23654,-0.137261,-0.0879198,-0.550614,-0.475361,-0.404151,-1.21342,-0.682376,-0.394735,-0.282645,0.119848,0.0616655,-0.793769,0.407776,0.138081,-0.251299,-0.455651,-0.238501,-0.419198,-0.323341,-0.187773,-0.250326,-0.267412,-0.147976,-0.0127386,-0.251052,-0.0171208,-0.469256,0.489624,0.442037,-0.23654,-0.26631,-0.157685,-0.531906,-0.075861,-0.224521,-1.21342,-0.454594,-0.360862,-0.282645,0.387722,0.271122,-0.793769,1.05004,0.725986,-0.251299,-0.676132,-0.746448,-0.419198,-1.208,-1.17588,-0.250326,-1.33484,-0.963611,-0.0127386,-0.269845,-0.021255,-0.469256,0.202127,0.56104,-0.23654,0.310751,0.397437,-0.531906,-0.892602,-0.630891,-0.550614,-1.49161,-0.991341,-0.282645,1.39814,1.24356,-0.793769,-0.012914,-0.0400319,-0.251299,0.0258802,0.0723351,-0.419198,0.0796043,0.106528,-0.250326,0.0957664,0.064516,-0.0127386,0.00283707,-0.00706477,-0.469256,0.21072,0.110391,-0.23654,-0.0936912,-0.123785,-0.531906,0.0855303,0.0322732,-0.550614,0.168611,0.0841983,-1.21342,0.0567292,0.141478
-0.225875,0.266224,0.380123,-0.398943,1.06513,0.863104,-0.23893,1.20495,1.06204,0.00745256,0.246014,0.0431913,-0.451229,-0.551206,-0.829938,-0.216954,-0.31652,-0.255687,-0.486759,0.875534,0.509769,-0.513175,0.498555,0.24071,-1.11685,0.593928,0.452802,-0.26631,-0.327278,-0.265895,-0.74409,0.272877,0.280248,-0.398943,-0.408171,-0.301693,-0.23893,-0.449539,-0.313704,0.00745256,-0.0980534,-0.0090367,-0.451229,0.355517,0.449303,-0.216954,-0.0113316,0.00134015,-0.486759,-0.203239,-0.21432,-0.513175,-0.32058,-0.252806,-1.11685,-0.426947,-0.275322,-0.26631,0.302703,0.237381,-0.74409,0.26283,0.198051,-0.225875,-0.0582839,-0.161792,-0.23893,-0.454751,-0.391029,0.00745256,-0.0641611,-0.0498189,-0.451229,0.0648956,0.137199,-0.216954,0.151425,0.125646,-0.486759,-0.327559,-0.191464,-0.513175,-0.270754,-0.12911,-1.11685,-0.256066,-0.223376,-0.26631,0.146335,0.0935168,-0.74409,0.148121,0.13468,-0.225875,-0.079518,-0.0743031,-0.398943,-0.22713,-0.184307,0.00745256,-0.0640271,-0.0191483,-0.451229,0.0951527,0.153472,-0.216954,0.0569795,0.051072,-0.486759,-0.190976,-0.111524,-0.513175,-0.117245,-0.048707,-1.11685,-0.115066,-0.0868796,-0.26631,0.0387774,0.0171188,-0.74409,0.0122022,-0.0157004,-0.225875,-0.0472126,0.037484,-0.398943,0.0501451,0.129998,-0.23893,0.0712572,0.0919279,-0.451229,0.363806,0.24574,-0.216954,-0.205938,-0.21416,-0.486759,0.143223,0.00817727,-0.513175,0.135981,0.0136386,-1.11685,-0.066551,0.106419,-0.26631,-0.26756,-0.253857,-0.74409,-0.156632,-0.148845,-0.225875,0.228831,0.103575,-0.398943,0.232116,0.122292,-0.23893,0.22849,0.214522,0.00745256,0.123089,0.0221187,-0.216954,0.127648,0.130934,-0.486759,0.0714355,0.156552,-0.513175,0.0821504,0.114894,-1.11685,0.220991,0.0697198,-0.26631,0.0827194,0.103114,-0.74409,-0.0230085,-0.0316353,-0.225875,-0.00187362,0.0438079,-0.398943,0.113773,0.174982,-0.23893,0.114883,0.149293,0.00745256,-0.00661047,0.0246516,-0.451229,0.27161,0.194491,-0.486759,0.225296,0.0323624,-0.513175,0.117476,-0.00121847,-1.11685,-0.0334404,0.0953408,-0.26631,-0.129771,-0.137562,-0.74409,0.70254,0.567437,-0.225875,-0.469723,-0.338133,-0.398943,-0.867465,-0.591763,-0.23893,-0.940583,-0.803927,0.00745256,-0.338357,-0.0449437,-0.451229,0.896454,1.03611,-0.216954,-0.0963464,-0.084294,-0.513175,-0.455184,-0.37868,-1.11685,-0.644087,-0.363654,-0.26631,0.131802,0.0563442,-0.74409,0.42201,0.129403,-0.225875,-0.440025,-0.214382,-0.398943,-0.317754,-0.177804,-0.23893,-0.289597,-0.141113,0.00745256,-0.169995,-0.013967,-0.451229,0.474805,0.42506,-0.216954,-0.26317,-0.147278,-0.486759,-0.0615157,-0.205003,-1.11685,-0.441064,-0.330446,-0.26631,0.346612,0.255878,-0.74409,1.01457,0.677672,-0.225875,-0.54596,-0.678162,-0.398943,-1.14596,-1.11545,-0.23893,-1.33568,-0.920566,0.00745256,-0.300833,-0.0584529,-0.451229,0.210675,0.536211,-0.216954,0.410151,0.362246,-0.486759,-0.874853,-0.582557,-0.513175,-1.4085,-0.929614,-0.26631,1.32885,1.17077,-0.74409,-0.00860863,-0.0365805,-0.225875,-0.00204113,0.0666975,-0.398943,0.0751558,0.10161,-0.23893,0.087154,0.0622466,0.00745256,0.00760482,0.0051587,-0.451229,0.20343,0.106963,-0.216954,-0.0980471,-0.113695,-0.486759,0.093476,0.031065,-0.513175,0.160507,0.0796812,-1.11685,0.0481472,0.13085
-0.200451,0.230345,0.341823,-0.378688,1.004,0.815057,-0.227534,1.17516,1.00924,0.0276437,0.293901,0.0546643,-0.433203,-0.523367,-0.79539,-0.197368,-0.349198,-0.231974,-0.441613,0.825991,0.46428,-0.475737,0.486718,0.226971,-1.02027,0.549811,0.415111,-0.249975,-0.358228,-0.247455,-0.694411,0.25807,0.262178,-0.378688,-0.381111,-0.284375,-0.227534,-0.454089,-0.297805,0.0276437,-0.087412,-0.0106352,-0.433203,0.354697,0.431363,-0.197368,-0.00489175,0.00041342,-0.441613,-0.189126,-0.193914,-0.475737,-0.304733,-0.234789,-1.02027,-0.377586,-0.250188,-0.249975,0.279844,0.22317,-0.694411,0.248095,0.182108,-0.200451,-0.037811,-0.149612,-0.227534,-0.440398,-0.373587,0.0276437,-0.0899468,-0.0577221,-0.433203,0.0576765,0.129558,-0.197368,0.15155,0.111625,-0.441613,-0.311722,-0.178157,-0.475737,-0.248803,-0.123873,-1.02027,-0.243959,-0.207734,-0.249975,0.1643,0.0847978,-0.694411,0.140957,0.124963,-0.200451,-0.0737765,-0.0681018,-0.378688,-0.215349,-0.174634,0.0276437,-0.0733771,-0.0215363,-0.433203,0.0848852,0.146636,-0.197368,0.0620118,0.0455275,-0.441613,-0.180056,-0.102531,-0.475737,-0.114925,-0.0467076,-1.02027,-0.115042,-0.0807001,-0.249975,0.0486554,0.0148875,-0.694411,0.0170091,-0.012842,-0.200451,-0.0689196,0.0366399,-0.378688,0.0439519,0.124064,-0.227534,0.0479611,0.088695,-0.433203,0.358918,0.237342,-0.197368,-0.188386,-0.19557,-0.441613,0.152819,0.0104005,-0.475737,0.129582,0.0148826,-1.02027,-0.0576318,0.0991894,-0.249975,-0.263132,-0.237586,-0.694411,-0.149121,-0.138914,-0.200451,0.237546,0.0926446,-0.378688,0.22113,0.115673,-0.227534,0.23424,0.203845,0.0276437,0.101018,0.0124296,-0.197368,0.124159,0.121825,-0.441613,0.053,0.141968,-0.475737,0.0863395,0.107167,-1.02027,0.206253,0.0641521,-0.249975,0.0860299,0.0978477,-0.694411,-0.0205903,-0.0271472,-0.200451,-0.0192591,0.0434361,-0.378688,0.104017,0.166984,-0.227534,0.0905812,0.14359,0.0276437,0.017769,0.0387742,-0.433203,0.269275,0.188493,-0.441613,0.228109,0.0331949,-0.475737,0.113474,0.00190013,-1.02027,-0.0143569,0.0901446,-0.249975,-0.138523,-0.127359,-0.694411,0.668725,0.52994,-0.200451,-0.455692,-0.302481,-0.378688,-0.818929,-0.558706,-0.227534,-0.93635,-0.763644,0.0276437,-0.312972,-0.0375878,-0.433203,0.855139,0.994284,-0.197368,-0.0654398,-0.0806682,-0.475737,-0.435287,-0.353208,-1.02027,-0.60122,-0.332573,-0.249975,0.135301,0.051023,-0.694411,0.434335,0.120726,-0.200451,-0.416794,-0.190262,-0.378688,-0.306288,-0.167835,-0.227534,-0.302843,-0.134251,0.0276437,-0.0945632,-0.0108131,-0.433203,0.460059,0.408082,-0.197368,-0.25935,-0.13687,-0.441613,-0.0530176,-0.185485,-1.02027,-0.428245,-0.300029,-0.249975,0.300456,0.240634,-0.694411,0.980449,0.629358,-0.200451,-0.425039,-0.609875,-0.378688,-1.07299,-1.05502,-0.227534,-1.32375,-0.877521,0.0276437,-0.320634,-0.0956508,-0.433203,0.220469,0.511382,-0.197368,0.462124,0.327054,-0.441613,-0.847155,-0.534224,-0.475737,-1.31563,-0.867886,-0.249975,1.24658,1.09799,-0.694411,-0.00680873,-0.0331292,-0.200451,-0.0259333,0.0610599,-0.378688,0.0661918,0.0966923,-0.227534,0.0798944,0.0599771,0.0276437,0.0127429,0.0173822,-0.433203,0.195898,0.103534,-0.197368,-0.0996767,-0.103605,-0.441613,0.099707,0.0298567,-0.475737,0.150921,0.0751641,-1.02027,0.0421947,0.120222
-0.175026,0.202313,0.303523,-0.358433,0.9379,0.76701,-0.216138,1.14185,0.956434,0.0478349,0.320396,0.0661373,-0.415177,-0.504973,-0.760842,-0.177781,-0.33724,-0.208262,-0.396466,0.759889,0.418791,-0.438299,0.470357,0.213232,-0.923697,0.501781,0.37742,-0.23364,-0.365869,-0.229015,-0.644732,0.245238,0.244108,-0.358433,-0.351143,-0.267057,-0.216138,-0.45499,-0.281906,0.0478349,-0.0777882,-0.0122337,-0.415177,0.357185,0.413423,-0.177781,-0.0144823,-0.00051331,-0.396466,-0.177244,-0.173508,-0.438299,-0.288361,-0.216773,-0.923697,-0.324796,-0.225054,-0.23364,0.251421,0.208959,-0.644732,0.23276,0.166165,-0.175026,-0.0241152,-0.137432,-0.216138,-0.42439,-0.356144,0.0478349,-0.109708,-0.0656253,-0.415177,0.0534708,0.121917,-0.177781,0.137045,0.0976031,-0.396466,-0.28899,-0.16485,-0.438299,-0.224686,-0.118636,-0.923697,-0.230473,-0.192092,-0.23364,0.171797,0.0760788,-0.644732,0.133514,0.115246,-0.175026,-0.0687787,-0.0619005,-0.358433,-0.202502,-0.164961,0.0478349,-0.0783651,-0.0239243,-0.415177,0.0762981,0.1398,-0.177781,0.0616414,0.0399829,-0.396466,-0.164458,-0.0935383,-0.438299,-0.111237,-0.0447082,-0.923697,-0.114488,-0.0745206,-0.23364,0.052641,0.0126562,-0.644732,0.0204865,-0.00998372,-0.175026,-0.0839925,0.0357958,-0.358433,0.0366463,0.11813,-0.216138,0.0283289,0.085462,-0.415177,0.350589,0.228944,-0.177781,-0.175147,-0.176981,-0.396466,0.155932,0.0126237,-0.438299,0.120628,0.0161266,-0.923697,-0.0449243,0.0919598,-0.23364,-0.256341,-0.221316,-0.644732,-0.141466,-0.128984,-0.175026,0.240002,0.0817145,-0.358433,0.209676,0.109054,-0.216138,0.237764,0.193167,0.0478349,0.0794462,0.0027404,-0.177781,0.12351,0.112717,-0.396466,0.0396588,0.127384,-0.438299,0.0911857,0.0994413,-0.923697,0.188896,0.0585843,-0.23364,0.0923242,0.0925818,-0.644732,-0.0187842,-0.0226592,-0.175026,-0.031772,0.0430643,-0.358433,0.0936201,0.158986,-0.216138,0.0714794,0.137887,0.0478349,0.0383954,0.0528968,-0.415177,0.264811,0.182496,-0.396466,0.221429,0.0340274,-0.438299,0.106696,0.00501874,-0.923697,0.00746123,0.0849484,-0.23364,-0.143827,-0.117155,-0.644732,0.632883,0.492444,-0.175026,-0.437165,-0.266829,-0.358433,-0.766836,-0.525649,-0.216138,-0.923192,-0.723361,0.0478349,-0.280552,-0.0302319,-0.415177,0.819249,0.952462,-0.177781,-0.0551006,-0.0770424,-0.438299,-0.41465,-0.327737,-0.923697,-0.553175,-0.301492,-0.23364,0.122759,0.0457017,-0.644732,0.444504,0.112048,-0.175026,-0.385579,-0.166143,-0.358433,-0.292076,-0.157867,-0.216138,-0.307818,-0.127388,0.0478349,-0.0349477,-0.0076592,-0.415177,0.445972,0.391105,-0.177781,-0.253683,-0.126463,-0.396466,-0.0517757,-0.165967,-0.923697,-0.41527,-0.269613,-0.23364,0.25207,0.22539,-0.644732,0.946947,0.581045,-0.175026,-0.314131,-0.541589,-0.358433,-0.995335,-0.994595,-0.216138,-1.29982,-0.834475,0.0478349,-0.325206,-0.132849,-0.415177,0.245008,0.486554,-0.177781,0.425806,0.291862,-0.396466,-0.806418,-0.485891,-0.438299,-1.21405,-0.806159,-0.23364,1.14745,1.0252,-0.644732,-0.00682892,-0.0296779,-0.175026,-0.0453875,0.0554223,-0.358433,0.0553087,0.0917743,-0.216138,0.0738609,0.0577077,0.0478349,0.0188919,0.0296057,-0.415177,0.185407,0.100105,-0.177781,-0.0958759,-0.093515,-0.396466,0.103629,0.0286485,-0.438299,0.139874,0.070647,-0.923697,0.0380211,0.109594
-0.149602,0.177554,0.265223,-0.338178,0.866609,0.718963,-0.204742,1.1043,0.903629,0.0680261,0.334858,0.0776103,-0.39715,-0.491181,-0.726294,-0.158195,-0.278975,-0.18455,-0.35132,0.676045,0.373302,-0.400861,0.450669,0.199493,-0.82712,0.443339,0.339729,-0.217305,-0.344563,-0.210575,-0.595053,0.233712,0.226038,-0.338178,-0.3182,-0.249738,-0.204742,-0.451596,-0.266007,0.0680261,-0.068639,-0.0138323,-0.39715,0.360468,0.395483,-0.158195,-0.038921,-0.00144004,-0.35132,-0.167364,-0.153101,-0.400861,-0.27144,-0.198756,-0.82712,-0.26879,-0.19992,-0.217305,0.216895,0.194747,-0.595053,0.217006,0.150222,-0.149602,-0.0133083,-0.125252,-0.204742,-0.406491,-0.338702,0.0680261,-0.125919,-0.0735285,-0.39715,0.0507301,0.114277,-0.158195,0.107475,0.0835815,-0.35132,-0.258997,-0.151542,-0.400861,-0.199709,-0.113399,-0.82712,-0.213591,-0.176449,-0.217305,0.166591,0.0673599,-0.595053,0.125827,0.105529,-0.149602,-0.0640774,-0.0556993,-0.338178,-0.188489,-0.155288,0.0680261,-0.0809148,-0.0263123,-0.39715,0.0687159,0.132965,-0.158195,0.0552369,0.0344383,-0.35132,-0.143973,-0.0845454,-0.400861,-0.106632,-0.0427089,-0.82712,-0.111161,-0.0683411,-0.217305,0.0494253,0.0104249,-0.595053,0.0225803,-0.00712539,-0.149602,-0.096193,0.0349517,-0.338178,0.0280812,0.112196,-0.204742,0.0125476,0.082229,-0.39715,0.340356,0.220547,-0.158195,-0.165931,-0.158392,-0.35132,0.151676,0.014847,-0.400861,0.110142,0.0173706,-0.82712,-0.029145,0.0847301,-0.217305,-0.246719,-0.205045,-0.595053,-0.133438,-0.119053,-0.149602,0.239698,0.0707844,-0.338178,0.197803,0.102435,-0.204742,0.238905,0.18249,0.0680261,0.0582753,-0.00694877,-0.158195,0.124969,0.103609,-0.35132,0.0318692,0.112799,-0.400861,0.0960182,0.0917151,-0.82712,0.167495,0.0530166,-0.217305,0.101994,0.0873159,-0.595053,-0.0176197,-0.0181711,-0.149602,-0.0421603,0.0426926,-0.338178,0.0825202,0.150988,-0.204742,0.0576939,0.132184,0.0680261,0.0569348,0.0670194,-0.39715,0.259067,0.176499,-0.35132,0.204517,0.03486,-0.400861,0.0982714,0.00813734,-0.82712,0.0296994,0.0797521,-0.217305,-0.144519,-0.106952,-0.595053,0.595091,0.454947,-0.149602,-0.416565,-0.231177,-0.338178,-0.711125,-0.492592,-0.204742,-0.900608,-0.683078,0.0680261,-0.244457,-0.022876,-0.39715,0.785926,0.91064,-0.158195,-0.0660797,-0.0734165,-0.400861,-0.393088,-0.302265,-0.82712,-0.494679,-0.270411,-0.217305,0.091103,0.0403804,-0.595053,0.452114,0.10337,-0.149602,-0.350902,-0.142023,-0.338178,-0.274632,-0.147898,-0.204742,-0.304329,-0.120525,0.0680261,0.0157081,-0.00450533,-0.39715,0.431588,0.374128,-0.158195,-0.244563,-0.116056,-0.35132,-0.0581953,-0.146449,-0.82712,-0.400467,-0.239197,-0.217305,0.202539,0.210146,-0.595053,0.913541,0.532731,-0.149602,-0.207608,-0.473302,-0.338178,-0.912703,-0.934167,-0.204742,-1.26272,-0.79143,0.0680261,-0.321634,-0.170047,-0.39715,0.274522,0.461725,-0.158195,0.301066,0.256671,-0.35132,-0.750934,-0.437558,-0.400861,-1.10792,-0.744431,-0.217305,1.02981,0.952411,-0.595053,-0.00831342,-0.0262266,-0.149602,-0.0628846,0.0497847,-0.338178,0.0423978,0.0868564,-0.204742,0.0689691,0.0554383,0.0680261,0.0256309,0.0418291,-0.39715,0.17367,0.0966763,-0.158195,-0.0863746,-0.0834251,-0.35132,0.104663,0.0274402,-0.400861,0.127987,0.0661299,-0.82712,0.0355598,0.0989662
-0.124178,0.154714,0.226923,-0.317923,0.792065,0.670916,-0.193346,1.06456,0.850824,0.0882173,0.332354,0.0890834,-0.379124,-0.481637,-0.691745,-0.138609,-0.193966,-0.160838,-0.306173,0.579879,0.327813,-0.363423,0.429139,0.185754,-0.730544,0.380216,0.302038,-0.20097,-0.313044,-0.192135,-0.545375,0.222736,0.207967,-0.317923,-0.283507,-0.23242,-0.193346,-0.446024,-0.250107,0.0882173,-0.059891,-0.0154308,-0.379124,0.364261,0.377543,-0.138609,-0.0692638,-0.00236677,-0.306173,-0.158527,-0.132695,-0.363423,-0.254098,-0.18074,-0.730544,-0.211959,-0.174786,-0.20097,0.180407,0.180536,-0.545375,0.20107,0.134279,-0.124178,-0.00431216,-0.113072,-0.193346,-0.387657,-0.32126,0.0882173,-0.137009,-0.0814317,-0.379124,0.0493411,0.106636,-0.138609,0.0693077,0.0695599,-0.306173,-0.22408,-0.138235,-0.363423,-0.174775,-0.108162,-0.730544,-0.19521,-0.160807,-0.20097,0.156976,0.0586409,-0.545375,0.118022,0.0958115,-0.124178,-0.0595228,-0.049498,-0.317923,-0.173639,-0.145615,0.0882173,-0.0800335,-0.0287003,-0.379124,0.0621124,0.126129,-0.138609,0.044847,0.0288937,-0.306173,-0.120223,-0.0755524,-0.363423,-0.101583,-0.0407095,-0.730544,-0.106444,-0.0621616,-0.20097,0.0436966,0.00819362,-0.545375,0.0239418,-0.00426707,-0.124178,-0.106509,0.0341076,-0.317923,0.0185309,0.106262,-0.193346,-0.00147275,0.078996,-0.379124,0.328303,0.212149,-0.138609,-0.158259,-0.139802,-0.306173,0.14195,0.0170702,-0.363423,0.0990525,0.0186145,-0.730544,-0.0127232,0.0775004,-0.20097,-0.236124,-0.188774,-0.545375,-0.125171,-0.109122,-0.124178,0.237488,0.0598543,-0.317923,0.185806,0.0958164,-0.193346,0.238937,0.171812,0.0882173,0.0376328,-0.0166379,-0.138609,0.126331,0.0945006,-0.306173,0.0279848,0.0982153,-0.363423,0.100491,0.083989,-0.730544,0.144583,0.0474488,-0.20097,0.112775,0.08205,-0.545375,-0.0167955,-0.0136831,-0.124178,-0.0511263,0.0423208,-0.317923,0.0709137,0.14299,-0.193346,0.0462697,0.126481,0.0882173,0.0726352,0.081142,-0.379124,0.252076,0.170502,-0.306173,0.180469,0.0356925,-0.363423,0.0892118,0.0112559,-0.730544,0.0514041,0.0745559,-0.20097,-0.143504,-0.0967484,-0.545375,0.556297,0.417451,-0.124178,-0.394367,-0.195524,-0.317923,-0.653328,-0.459535,-0.193346,-0.873691,-0.642795,0.0882173,-0.20311,-0.0155201,-0.379124,0.754951,0.868817,-0.138609,-0.0888891,-0.0697907,-0.363423,-0.370745,-0.276794,-0.730544,-0.431836,-0.23933,-0.20097,0.0528967,0.0350591,-0.545375,0.45831,0.0946918,-0.124178,-0.313942,-0.117904,-0.317923,-0.254438,-0.13793,-0.193346,-0.297074,-0.113663,0.0882173,0.0541765,-0.00135145,-0.379124,0.416761,0.357151,-0.138609,-0.230354,-0.105649,-0.306173,-0.0699265,-0.126932,-0.730544,-0.384695,-0.208781,-0.20097,0.152992,0.194902,-0.545375,0.880081,0.484417,-0.124178,-0.104056,-0.405016,-0.317923,-0.826742,-0.873739,-0.193346,-1.21934,-0.748385,0.0882173,-0.306818,-0.207245,-0.379124,0.308022,0.436896,-0.138609,0.129815,0.221479,-0.306173,-0.684668,-0.389224,-0.363423,-1.00057,-0.682703,-0.20097,0.906235,0.879623,-0.545375,-0.010492,-0.0227753,-0.124178,-0.0790305,0.0441471,-0.317923,0.0281633,0.0819384,-0.193346,0.0645304,0.0531688,0.0882173,0.0332004,0.0540526,-0.379124,0.160836,0.0932475,-0.138609,-0.0734721,-0.0733352,-0.306173,0.103324,0.026232,-0.363423,0.115799,0.0616128,-0.730544,0.0335502,0.0883382
-0.0987538,0.137566,0.188622,-0.297668,0.716653,0.622869,-0.18195,1.02078,0.79802,0.108408,0.316556,0.100556,-0.361098,-0.475249,-0.657197,-0.119022,-0.0997978,-0.137125,-0.261027,0.474849,0.282324,-0.325985,0.4015,0.172015,-0.633968,0.303501,0.264347,-0.184635,-0.23073,-0.173695,-0.495696,0.212431,0.189897,-0.297668,-0.248374,-0.215102,-0.18195,-0.436498,-0.234208,0.108408,-0.0509691,-0.0170293,-0.361098,0.36792,0.359602,-0.119022,-0.0969983,-0.0032935,-0.261027,-0.149966,-0.112289,-0.325985,-0.235194,-0.162723,-0.633968,-0.154978,-0.149652,-0.184635,0.134303,0.166325,-0.495696,0.184875,0.118336,-0.0987538,-0.00124198,-0.100892,-0.18195,-0.367169,-0.303817,0.108408,-0.143879,-0.0893349,-0.361098,0.0489548,0.0989953,-0.119022,0.0283725,0.0555383,-0.261027,-0.185787,-0.124928,-0.325985,-0.150714,-0.102925,-0.633968,-0.172583,-0.145164,-0.184635,0.125477,0.0499219,-0.495696,0.10998,0.0860943,-0.0987538,-0.0552797,-0.0432968,-0.297668,-0.158541,-0.135942,0.108408,-0.0764767,-0.0310883,-0.361098,0.0563529,0.119294,-0.119022,0.0322289,0.0233491,-0.261027,-0.0943024,-0.0665595,-0.325985,-0.0951443,-0.0387101,-0.633968,-0.0971723,-0.0559821,-0.184635,0.0254894,0.00596231,-0.495696,0.0236147,-0.00140874,-0.0987538,-0.110292,0.0332635,-0.297668,0.00867006,0.100329,-0.18195,-0.0126444,0.0757631,-0.361098,0.314755,0.203751,-0.119022,-0.149759,-0.121213,-0.261027,0.127809,0.0192934,-0.325985,0.0863065,0.0198585,-0.633968,0.00290664,0.0702708,-0.184635,-0.220703,-0.172504,-0.495696,-0.116172,-0.099191,-0.0987538,0.228282,0.0489242,-0.297668,0.173811,0.0891974,-0.18195,0.237136,0.161135,0.108408,0.0173377,-0.0263271,-0.119022,0.125377,0.0853923,-0.261027,0.0269771,0.0836311,-0.325985,0.103276,0.0762628,-0.633968,0.118399,0.0418811,-0.184635,0.129029,0.0767841,-0.495696,-0.0167598,-0.00919507,-0.0987538,-0.0550478,0.041949,-0.297668,0.0591558,0.134992,-0.18195,0.0385272,0.120779,0.108408,0.0863005,0.0952646,-0.361098,0.244005,0.164504,-0.261027,0.151247,0.0365251,-0.325985,0.0784398,0.0143745,-0.633968,0.0689595,0.0693597,-0.184635,-0.13395,-0.086545,-0.495696,0.515317,0.379954,-0.0987538,-0.365657,-0.159872,-0.297668,-0.595019,-0.426478,-0.18195,-0.839719,-0.602512,0.108408,-0.15752,-0.00816419,-0.361098,0.725674,0.826995,-0.119022,-0.114902,-0.0661649,-0.325985,-0.345425,-0.251322,-0.633968,-0.357632,-0.208249,-0.184635,-0.0177507,0.0297378,-0.495696,0.460993,0.0860139,-0.0987538,-0.269027,-0.0937845,-0.297668,-0.233335,-0.127961,-0.18195,-0.283938,-0.1068,0.108408,0.0839091,0.00180242,-0.361098,0.401218,0.340174,-0.119022,-0.209015,-0.0952412,-0.261027,-0.0854664,-0.107414,-0.633968,-0.365572,-0.178364,-0.184635,0.103641,0.179658,-0.495696,0.846065,0.436103,-0.0987538,-0.0111916,-0.336729,-0.297668,-0.739842,-0.813312,-0.18195,-1.16529,-0.70534,0.108408,-0.283625,-0.244443,-0.361098,0.343103,0.412067,-0.119022,-0.0494775,0.186288,-0.261027,-0.609905,-0.340891,-0.325985,-0.89104,-0.620976,-0.184635,0.75352,0.806835,-0.495696,-0.0139281,-0.019324,-0.0987538,-0.0902181,0.0385096,-0.297668,0.0135627,0.0770204,-0.18195,0.060687,0.0508994,0.108408,0.0414181,0.0662761,-0.361098,0.147311,0.0898188,-0.119022,-0.0592158,-0.0632452,-0.261027,0.0997804,0.0250237,-0.325985,0.102847,0.0570957,-0.633968,0.0317061,0.0777103
-0.0733295,0.121258,0.150322,-0.277413,0.640787,0.574821,-0.170554,0.972578,0.745215,0.1286,0.290575,0.112029,-0.343071,-0.47408,-0.622649,-0.0994361,-0.0154916,-0.113413,-0.21588,0.363554,0.236835,-0.288547,0.369191,0.158276,-0.537392,0.215321,0.226656,-0.1683,-0.093702,-0.155255,-0.446017,0.201993,0.171827,-0.277413,-0.213266,-0.197783,-0.170554,-0.422787,-0.218309,0.1286,-0.0413597,-0.0186278,-0.343071,0.370733,0.341662,-0.0994361,-0.113369,-0.00422023,-0.21588,-0.141282,-0.0918824,-0.288547,-0.214827,-0.144707,-0.537392,-0.0985042,-0.124518,-0.1683,0.0788629,0.152114,-0.446017,0.168632,0.102393,-0.0733295,0.000772238,-0.0887119,-0.170554,-0.345018,-0.286375,0.1286,-0.14728,-0.0972381,-0.343071,0.0502242,0.0913546,-0.0994361,-0.00904256,0.0415166,-0.21588,-0.145218,-0.111621,-0.288547,-0.128538,-0.0976885,-0.537392,-0.146384,-0.129522,-0.1683,0.070451,0.0412029,-0.446017,0.101725,0.0763772,-0.0733295,-0.0510413,-0.0370955,-0.277413,-0.143076,-0.126268,0.1286,-0.0708844,-0.0334763,-0.343071,0.0521316,0.112458,-0.0994361,0.0193679,0.0178045,-0.21588,-0.0669667,-0.0575666,-0.288547,-0.0877873,-0.0367107,-0.537392,-0.083903,-0.0498026,-0.1683,-0.00611032,0.00373101,-0.446017,0.0213346,0.00144958,-0.0733295,-0.112802,0.0324194,-0.277413,-0.00179213,0.0943948,-0.170554,-0.0214866,0.0725301,-0.343071,0.298561,0.195354,-0.0994361,-0.138,-0.102624,-0.21588,0.110226,0.0215167,-0.288547,0.0728621,0.0211025,-0.537392,0.0171438,0.0630411,-0.1683,-0.199928,-0.156233,-0.446017,-0.106053,-0.0892601,-0.0733295,0.217601,0.0379941,-0.277413,0.162125,0.0825784,-0.170554,0.233748,0.150457,0.1286,-0.00276704,-0.0360163,-0.0994361,0.11993,0.0762841,-0.21588,0.0280475,0.0690469,-0.288547,0.103946,0.0685367,-0.537392,0.0897556,0.0363133,-0.1683,0.150554,0.0715183,-0.446017,-0.0176413,-0.00470704,-0.0733295,-0.057953,0.0415773,-0.277413,0.0471703,0.126994,-0.170554,0.0334878,0.115076,0.1286,0.0986216,0.109387,-0.343071,0.233965,0.158507,-0.21588,0.118342,0.0373576,-0.288547,0.0670044,0.0174931,-0.537392,0.0822735,0.0641635,-0.1683,-0.114614,-0.0763415,-0.446017,0.472002,0.342458,-0.0733295,-0.3354,-0.12422,-0.277413,-0.536851,-0.393421,-0.170554,-0.799879,-0.562229,0.1286,-0.108531,-0.000808288,-0.343071,0.699146,0.785173,-0.0994361,-0.134868,-0.0625391,-0.288547,-0.317212,-0.225851,-0.537392,-0.274178,-0.177167,-0.1683,-0.122088,0.0244165,-0.446017,0.45923,0.077336,-0.0733295,-0.222549,-0.069665,-0.277413,-0.210132,-0.117992,-0.170554,-0.266461,-0.0999373,0.1286,0.107871,0.0049563,-0.343071,0.384018,0.323197,-0.0994361,-0.178863,-0.084834,-0.21588,-0.103689,-0.087896,-0.537392,-0.343425,-0.147948,-0.1683,0.0563416,0.164414,-0.446017,0.810745,0.387789,-0.0733295,0.0794802,-0.268443,-0.277413,-0.651989,-0.752884,-0.170554,-1.10136,-0.662295,0.1286,-0.254503,-0.28164,-0.343071,0.379105,0.387239,-0.0994361,-0.195968,0.151096,-0.21588,-0.528644,-0.292558,-0.288547,-0.782878,-0.559248,-0.1683,0.57202,0.734047,-0.446017,-0.0182972,-0.0158726,-0.0733295,-0.100361,0.032872,-0.277413,-0.00134647,0.0721024,-0.170554,0.0570253,0.0486299,0.1286,0.0501294,0.0784995,-0.343071,0.13279,0.08639,-0.0994361,-0.0458384,-0.0531553,-0.21588,0.0943442,0.0238155,-0.288547,0.0896929,0.0525786,-0.537392,0.0296946,0.0670823
-0.0479053,0.105331,0.112022,-0.257158,0.566006,0.526774,-0.159158,0.923064,0.69241,0.148791,0.25791,0.123502,-0.325045,-0.47652,-0.588101,-0.0798499,0.0415046,-0.089701,-0.170733,0.247435,0.191346,-0.251109,0.332309,0.144537,-0.440816,0.112935,0.188965,-0.151965,0.0612769,-0.136815,-0.396338,0.191238,0.153757,-0.257158,-0.179027,-0.180465,-0.159158,-0.407866,-0.202409,0.148791,-0.0308612,-0.0202263,-0.325045,0.372175,0.323722,-0.0798499,-0.109999,-0.00514696,-0.170733,-0.131414,-0.0714761,-0.251109,-0.192934,-0.126691,-0.440816,-0.0435678,-0.0993836,-0.151965,0.0210572,0.137902,-0.396338,0.152439,0.0864496,-0.0479053,0.00164573,-0.0765319,-0.159158,-0.322406,-0.268932,0.148791,-0.148217,-0.105141,-0.325045,0.0526358,0.0837139,-0.0798499,-0.0370613,0.027495,-0.170733,-0.103277,-0.0983144,-0.251109,-0.108749,-0.0924516,-0.440816,-0.115759,-0.11388,-0.151965,0.0074145,0.0324839,-0.396338,0.093396,0.0666601,-0.0479053,-0.0466556,-0.0308942,-0.257158,-0.127622,-0.116595,0.148791,-0.0639677,-0.0358643,-0.325045,0.0491529,0.105623,-0.0798499,0.00797997,0.0122599,-0.170733,-0.0389493,-0.0485737,-0.251109,-0.07956,-0.0347113,-0.440816,-0.06545,-0.043623,-0.151965,-0.0421658,0.00149971,-0.396338,0.0182279,0.00430791,-0.0479053,-0.113607,0.0315754,-0.257158,-0.0124218,0.088461,-0.159158,-0.0298209,0.0692971,-0.325045,0.280318,0.186956,-0.0798499,-0.120652,-0.0840343,-0.170733,0.0888883,0.0237399,-0.251109,0.058927,0.0223465,-0.440816,0.0286401,0.0558115,-0.151965,-0.177018,-0.139963,-0.396338,-0.0953835,-0.0793293,-0.0479053,0.204642,0.027064,-0.257158,0.150832,0.0759595,-0.159158,0.229988,0.13978,0.148791,-0.0228068,-0.0457054,-0.0798499,0.107892,0.0671758,-0.170733,0.0308737,0.0544627,-0.251109,0.102208,0.0608105,-0.440816,0.0584903,0.0307456,-0.151965,0.173189,0.0662524,-0.396338,-0.0189125,-0.000218999,-0.0479053,-0.0594077,0.0412055,-0.257158,0.0351858,0.118996,-0.159158,0.0289414,0.109373,0.148791,0.11023,0.12351,-0.325045,0.22233,0.15251,-0.170733,0.0825079,0.0381902,-0.251109,0.0551518,0.0206117,-0.440816,0.0892695,0.0589673,-0.151965,-0.091519,-0.066138,-0.396338,0.427754,0.304961,-0.0479053,-0.30231,-0.0885674,-0.257158,-0.479839,-0.360364,-0.159158,-0.758728,-0.521946,0.148791,-0.0571953,0.00654762,-0.325045,0.674445,0.743351,-0.0798499,-0.140381,-0.0589132,-0.251109,-0.286002,-0.200379,-0.440816,-0.179728,-0.146086,-0.151965,-0.236409,0.0190953,-0.396338,0.455474,0.0686581,-0.0479053,-0.173944,-0.0455456,-0.257158,-0.18601,-0.108024,-0.159158,-0.248183,-0.0930747,0.148791,0.128775,0.00811018,-0.325045,0.36508,0.30622,-0.0798499,-0.138002,-0.0744267,-0.170733,-0.12395,-0.0683782,-0.440816,-0.317217,-0.117532,-0.151965,0.0107552,0.14917,-0.396338,0.774682,0.339475,-0.0479053,0.166914,-0.200156,-0.257158,-0.564723,-0.692457,-0.159158,-1.03493,-0.61925,0.148791,-0.221878,-0.318838,-0.325045,0.413624,0.36241,-0.0798499,-0.270993,0.115905,-0.170733,-0.440678,-0.244225,-0.251109,-0.677192,-0.497521,-0.151965,0.382351,0.661259,-0.396338,-0.0229113,-0.0124213,-0.0479053,-0.10889,0.0272344,-0.257158,-0.0159474,0.0671844,-0.159158,0.0533075,0.0463605,0.148791,0.0591624,0.090723,-0.325045,0.11777,0.0829613,-0.0798499,-0.0353911,-0.0430654,-0.170733,0.0863043,0.0226072,-0.251109,0.0764595,0.0480615,-0.440816,0.0270494,0.0564544
-0.022481,0.0891771,0.0737221,-0.236903,0.49468,0.478727,-0.147762,0.868797,0.639605,0.168982,0.219371,0.134975,-0.307019,-0.481669,-0.553553,-0.0602636,0.0785487,-0.0659888,-0.125587,0.130682,0.145857,-0.213671,0.293418,0.130799,-0.34424,-0.000830168,0.151274,-0.13563,0.231269,-0.118375,-0.346659,0.179606,0.135687,-0.236903,-0.147198,-0.163147,-0.147762,-0.388642,-0.18651,0.168982,-0.018633,-0.0218249,-0.307019,0.371954,0.305782,-0.0602636,-0.0932691,-0.00607369,-0.125587,-0.120272,-0.0510697,-0.213671,-0.170343,-0.108674,-0.34424,0.00877529,-0.0742495,-0.13563,-0.0357959,0.123691,-0.346659,0.136411,0.0705066,-0.022481,0.00137804,-0.0643519,-0.147762,-0.298213,-0.25149,0.168982,-0.146584,-0.113045,-0.307019,0.0559027,0.0760733,-0.0602636,-0.0579871,0.0134734,-0.125587,-0.0615446,-0.0850074,-0.213671,-0.0902083,-0.0872147,-0.34424,-0.0813251,-0.0982372,-0.13563,-0.0636799,0.0237649,-0.346659,0.0849275,0.0569429,-0.022481,-0.0419458,-0.024693,-0.236903,-0.112544,-0.106922,0.168982,-0.0559113,-0.0382523,-0.307019,0.0472514,0.098787,-0.0602636,-0.00224814,0.00671527,-0.125587,-0.0112623,-0.0395807,-0.213671,-0.0709547,-0.032712,-0.34424,-0.0423674,-0.0374435,-0.13563,-0.0822475,-0.000731595,-0.346659,0.0133926,0.00716623,-0.022481,-0.112326,0.0307313,-0.236903,-0.0229526,0.0825271,-0.147762,-0.0367919,0.0660641,-0.307019,0.26036,0.178558,-0.0602636,-0.0995425,-0.065445,-0.125587,0.0659225,0.0259631,-0.213671,0.0448359,0.0235905,-0.34424,0.0368318,0.0485818,-0.13563,-0.150611,-0.123692,-0.346659,-0.0834957,-0.0693984,-0.022481,0.188609,0.0161339,-0.236903,0.140341,0.0693405,-0.147762,0.225129,0.129102,0.168982,-0.042919,-0.0553946,-0.0602636,0.0917519,0.0580676,-0.125587,0.0340897,0.0398785,-0.213671,0.0992905,0.0530844,-0.34424,0.0255923,0.0251779,-0.13563,0.194065,0.0609865,-0.346659,-0.0210001,0.00426904,-0.022481,-0.0590024,0.0408337,-0.236903,0.0234191,0.110998,-0.147762,0.0253782,0.10367,0.168982,0.12158,0.137632,-0.307019,0.209309,0.146512,-0.125587,0.0461941,0.0390227,-0.213671,0.043191,0.0237304,-0.34424,0.0895587,0.053771,-0.13563,-0.0628957,-0.0559346,-0.346659,0.3816,0.267465,-0.022481,-0.265041,-0.0529151,-0.236903,-0.425925,-0.327307,-0.147762,-0.713949,-0.481663,0.168982,-0.00354616,0.0139035,-0.307019,0.651057,0.701529,-0.0602636,-0.135923,-0.0552874,-0.213671,-0.25344,-0.174908,-0.34424,-0.076848,-0.115005,-0.13563,-0.354495,0.013774,-0.346659,0.447461,0.0599802,-0.022481,-0.122703,-0.0214261,-0.236903,-0.161302,-0.0980552,-0.147762,-0.228275,-0.086212,0.168982,0.148569,0.0112641,-0.307019,0.344358,0.289243,-0.0602636,-0.0906927,-0.0640194,-0.125587,-0.144448,-0.0488604,-0.34424,-0.286644,-0.0871157,-0.13563,-0.0291168,0.133926,-0.346659,0.736912,0.291161,-0.022481,0.250101,-0.13187,-0.236903,-0.479994,-0.632029,-0.147762,-0.960491,-0.576205,0.168982,-0.187013,-0.356036,-0.307019,0.445317,0.337581,-0.0602636,-0.293887,0.0807131,-0.125587,-0.350086,-0.195892,-0.213671,-0.572969,-0.435793,-0.13563,0.191012,0.588471,-0.346659,-0.0279154,-0.00897002,-0.022481,-0.115243,0.0215968,-0.236903,-0.0293958,0.0622664,-0.147762,0.0491017,0.0440911,0.168982,0.0684733,0.102946,-0.307019,0.102526,0.0795325,-0.0602636,-0.0271749,-0.0329754,-0.125587,0.0767437,0.021399,-0.213671,0.063225,0.0435444,-0.34424,0.0235099,0.0458264
0.00294321,0.0718962,0.035422,-0.216648,0.425954,0.43068,-0.136366,0.811765,0.5868,0.189173,0.178454,0.146448,-0.288992,-0.490183,-0.519004,-0.0406773,0.0972058,-0.0422766,-0.0804404,0.0155219,0.100368,-0.176233,0.251508,0.11706,-0.247664,-0.119674,0.113583,-0.119295,0.385338,-0.0999355,-0.29698,0.164737,0.117616,-0.216648,-0.117125,-0.145828,-0.136366,-0.366993,-0.170611,0.189173,-0.00458021,-0.0234234,-0.288992,0.368964,0.287842,-0.0406773,-0.0650877,-0.00700042,-0.0804404,-0.10662,-0.0306634,-0.176233,-0.146631,-0.0906577,-0.247664,0.0576061,-0.0491154,-0.119295,-0.0847745,0.10948,-0.29698,0.12112,0.0545635,0.00294321,0.00101305,-0.052172,-0.136366,-0.273182,-0.234047,0.189173,-0.143431,-0.120948,-0.288992,0.0602296,0.0684326,-0.0406773,-0.0719157,-0.000548243,-0.0804404,-0.0212759,-0.0717004,-0.176233,-0.0740603,-0.0819777,-0.247664,-0.0446536,-0.0825948,-0.119295,-0.130351,0.015046,-0.29698,0.0762809,0.0472258,0.00294321,-0.036887,-0.0184917,-0.216648,-0.0978023,-0.0972488,0.189173,-0.0474226,-0.0406403,-0.288992,0.0468486,0.0919515,-0.0406773,-0.0114573,0.00117067,-0.0804404,0.0151127,-0.0305878,-0.176233,-0.061792,-0.0307126,-0.247664,-0.0163527,-0.031264,-0.119295,-0.118969,-0.0029629,-0.29698,0.00513848,0.0100246,0.00294321,-0.110173,0.0298872,-0.216648,-0.033313,0.0765933,-0.136366,-0.043414,0.0628312,-0.288992,0.238077,0.170161,-0.0406773,-0.0752356,-0.0468556,-0.0804404,0.041259,0.0281864,-0.176233,0.0306655,0.0248345,-0.247664,0.04175,0.0413522,-0.119295,-0.122723,-0.107421,-0.29698,-0.0687487,-0.0594676,0.00294321,0.17087,0.00520385,-0.216648,0.130384,0.0627216,-0.136366,0.219867,0.118425,0.189173,-0.0632137,-0.0650838,-0.0406773,0.0726039,0.0489594,-0.0804404,0.0371385,0.0252943,-0.176233,0.0942905,0.0453583,-0.247664,-0.00727553,0.0196101,-0.119295,0.20866,0.0557206,-0.29698,-0.0247111,0.00875707,0.00294321,-0.0576953,0.0404619,-0.216648,0.0118485,0.103,-0.136366,0.0216392,0.0979674,0.189173,0.133261,0.151755,-0.288992,0.194359,0.140515,-0.0804404,0.0106015,0.0398552,-0.176233,0.0312629,0.026849,-0.247664,0.0839914,0.0485748,-0.119295,-0.0329095,-0.0457311,-0.29698,0.331994,0.229968,0.00294321,-0.224969,-0.0172628,-0.216648,-0.374251,-0.29425,-0.136366,-0.668103,-0.441381,0.189173,0.0513363,0.0212594,-0.288992,0.629234,0.659706,-0.0406773,-0.12316,-0.0516616,-0.176233,-0.21875,-0.149436,-0.247664,0.0292329,-0.0839242,-0.119295,-0.454684,0.00845269,-0.29698,0.430396,0.0513023,0.00294321,-0.070314,0.00269334,-0.216648,-0.136509,-0.0880866,-0.136366,-0.208599,-0.0793494,0.189173,0.169783,0.0144179,-0.288992,0.320888,0.272266,-0.0406773,-0.0387021,-0.0536121,-0.0804404,-0.164196,-0.0293427,-0.247664,-0.252011,-0.0566995,-0.119295,-0.0620739,0.118682,-0.29698,0.694672,0.242848,0.00294321,0.331095,-0.063583,-0.216648,-0.397275,-0.571601,-0.136366,-0.882418,-0.53316,0.189173,-0.15224,-0.393234,-0.288992,0.471598,0.312753,-0.0406773,-0.267027,0.0455215,-0.0804404,-0.257187,-0.147558,-0.176233,-0.471923,-0.374066,-0.119295,0.0170822,0.515683,-0.29698,-0.0328285,-0.00551871,0.00294321,-0.120388,0.0159592,-0.216648,-0.0419517,0.0573484,-0.136366,0.0443467,0.0418216,0.189173,0.0778914,0.11517,-0.288992,0.0871721,0.0761038,-0.0406773,-0.0211369,-0.0228855,-0.0804404,0.0649921,0.0201907,-0.176233,0.0500769,0.0390272,-0.247664,0.0189759,0.0351985
0.0283674,0.0515213,-0.00287817,-0.196393,0.365061,0.382633,-0.12497,0.751694,0.533996,0.209364,0.136694,0.157921,-0.270966,-0.501677,-0.484456,-0.021091,0.105177,-0.0185643,-0.0352939,-0.096378,0.0548795,-0.138795,0.208065,0.103321,-0.151087,-0.238322,0.0758923,-0.10296,0.497463,-0.0814956,-0.247301,0.149868,0.0995462,-0.196393,-0.0922351,-0.12851,-0.12497,-0.342776,-0.154711,0.209364,0.0117832,-0.0250219,-0.270966,0.362297,0.269902,-0.021091,-0.0316065,-0.00792715,-0.0352939,-0.0909291,-0.010257,-0.138795,-0.122215,-0.0726412,-0.151087,0.104271,-0.0239813,-0.10296,-0.119076,0.0952689,-0.247301,0.10583,0.0386205,0.0283674,0.00154037,-0.039992,-0.12497,-0.247332,-0.216605,0.209364,-0.138991,-0.128851,-0.270966,0.0654907,0.0607919,-0.021091,-0.0810518,-0.0145699,-0.0352939,0.0170763,-0.0583934,-0.138795,-0.060082,-0.0767408,-0.151087,-0.0075435,-0.0669524,-0.10296,-0.182555,0.00632698,-0.247301,0.0676342,0.0375086,0.0283674,-0.0311325,-0.0122904,-0.196393,-0.0841718,-0.0875756,0.209364,-0.0388252,-0.0430283,-0.270966,0.0480518,0.0851159,-0.021091,-0.0201528,-0.00437393,-0.0352939,0.039963,-0.0215949,-0.138795,-0.0523663,-0.0287132,-0.151087,0.0103948,-0.0250845,-0.10296,-0.146217,-0.0051942,-0.247301,-0.00311567,0.0128829,0.0283674,-0.107603,0.0290431,-0.196393,-0.0429731,0.0706595,-0.12497,-0.0502248,0.0595982,-0.270966,0.213393,0.161763,-0.021091,-0.0494951,-0.0282663,-0.0352939,0.0162553,0.0304096,-0.138795,0.0167404,0.0260785,-0.151087,0.0450367,0.0341225,-0.10296,-0.0944795,-0.0911508,-0.247301,-0.0540018,-0.0495367,0.0283674,0.151268,-0.00572625,-0.196393,0.121908,0.0561026,-0.12497,0.214468,0.107747,0.209364,-0.0837796,-0.074773,-0.021091,0.0529254,0.0398511,-0.0352939,0.0394053,0.0107101,-0.138795,0.0876577,0.0376321,-0.151087,-0.0394029,0.0140424,-0.10296,0.21227,0.0504547,-0.247301,-0.0284222,0.0132451,0.0283674,-0.0556467,0.0400902,-0.196393,0.000932507,0.0950019,-0.12497,0.0167421,0.0922646,0.209364,0.145716,0.165878,-0.270966,0.177337,0.134518,-0.0352939,-0.0232532,0.0406878,-0.138795,0.0197111,0.0299676,-0.151087,0.0758519,0.0433786,-0.10296,-0.00426573,-0.0355277,-0.247301,0.282388,0.192472,0.0283674,-0.180934,0.0183895,-0.196393,-0.329155,-0.261193,-0.12497,-0.622428,-0.401098,0.209364,0.107016,0.0286153,-0.270966,0.608684,0.617884,-0.021091,-0.106963,-0.0480358,-0.138795,-0.182802,-0.123965,-0.151087,0.134642,-0.0528432,-0.10296,-0.517222,0.00313141,-0.247301,0.413331,0.0426243,0.0283674,-0.0172579,0.0268128,-0.196393,-0.112151,-0.078118,-0.12497,-0.190702,-0.0724867,0.209364,0.194164,0.0175718,-0.270966,0.294061,0.255289,-0.021091,0.014025,-0.0432048,-0.0352939,-0.182491,-0.00982487,-0.151087,-0.215471,-0.0262832,-0.10296,-0.0856734,0.103438,-0.247301,0.652432,0.194534,0.0283674,0.410001,0.00470355,-0.196393,-0.320809,-0.511174,-0.12497,-0.801655,-0.490115,0.209364,-0.119205,-0.430432,-0.270966,0.48978,0.287924,-0.021091,-0.208557,0.0103299,-0.0352939,-0.16439,-0.0992252,-0.138795,-0.374294,-0.312338,-0.10296,-0.121665,0.442895,-0.247301,-0.0377417,-0.00206739,0.0283674,-0.124217,0.0103216,-0.196393,-0.0517682,0.0524304,-0.12497,0.038645,0.0395522,0.209364,0.087368,0.127393,-0.270966,0.072015,0.072675,-0.021091,-0.016557,-0.0127956,-0.0352939,0.0520119,0.0189825,-0.138795,0.0371345,0.0345101,-0.151087,0.0138986,0.0245705
0.0537917,0.0268603,-0.0411783,-0.176138,0.308927,0.334585,-0.113574,0.689018,0.481191,0.229556,0.0949292,0.169394,-0.25294,-0.515178,-0.449908,-0.00150475,0.109646,0.00514789,0.00985265,-0.198228,0.00939057,-0.101357,0.164236,0.0895817,-0.0545112,-0.353167,0.0382014,-0.0866246,0.545357,-0.0630556,-0.197622,0.134494,0.081476,-0.176138,-0.0704487,-0.111192,-0.113574,-0.316394,-0.138812,0.229556,0.0297534,-0.0266204,-0.25294,0.35193,0.251962,-0.00150475,0.00157847,-0.00885388,0.00985265,-0.0701558,0.0101493,-0.101357,-0.0975646,-0.0546248,-0.0545112,0.146772,0.00115274,-0.0866246,-0.133205,0.0810577,-0.197622,0.0906594,0.0226774,0.0537917,0.00387095,-0.027812,-0.113574,-0.220824,-0.199162,0.229556,-0.133752,-0.136754,-0.25294,0.0713858,0.0531512,-0.00150475,-0.0875287,-0.0285915,0.00985265,0.049987,-0.0450863,-0.101357,-0.0470592,-0.0715039,-0.0545112,0.0294403,-0.05131,-0.0866246,-0.211536,-0.002392,-0.197622,0.0589754,0.0277915,0.0537917,-0.0245424,-0.00608916,-0.176138,-0.0712623,-0.0779024,0.229556,-0.0302724,-0.0454163,-0.25294,0.0506302,0.0782804,-0.00150475,-0.0287977,-0.00991852,0.00985265,0.0605837,-0.012602,-0.101357,-0.042883,-0.0267138,-0.0545112,0.0374434,-0.018905,-0.0866246,-0.158722,-0.0074255,-0.197622,-0.0117606,0.0157412,0.0537917,-0.105423,0.028199,-0.176138,-0.0521066,0.0647257,-0.113574,-0.0573987,0.0563652,-0.25294,0.186718,0.153365,-0.00150475,-0.023922,-0.00967694,0.00985265,-0.00855564,0.0326328,-0.101357,0.00299947,0.0273225,-0.0545112,0.0455867,0.0268928,-0.0866246,-0.0670353,-0.0748802,-0.197622,-0.0388874,-0.0396059,0.0537917,0.130466,-0.0166563,-0.176138,0.114262,0.0494836,-0.113574,0.209052,0.0970695,0.229556,-0.104503,-0.0844621,-0.00150475,0.0348991,0.0307429,0.00985265,0.0391267,-0.00387404,-0.101357,0.0803674,0.029906,-0.0545112,-0.0693633,0.00847461,-0.0866246,0.20117,0.0451888,-0.197622,-0.0323189,0.0177331,0.0537917,-0.0534194,0.0397184,-0.176138,-0.00954067,0.087004,-0.113574,0.0105047,0.0865618,0.229556,0.158829,0.18,-0.25294,0.158535,0.12852,0.00985265,-0.0516832,0.0415203,-0.101357,0.00840838,0.0330862,-0.0545112,0.0638388,0.0381824,-0.0866246,0.0204483,-0.0253242,-0.197622,0.232415,0.154975,0.0537917,-0.133238,0.0540417,-0.176138,-0.287961,-0.228136,-0.113574,-0.57738,-0.360815,0.229556,0.162887,0.0359712,-0.25294,0.588897,0.576062,-0.00150475,-0.0917275,-0.0444099,-0.101357,-0.146463,-0.0984934,-0.0545112,0.236035,-0.0217621,-0.0866246,-0.525709,-0.00218987,-0.197622,0.39517,0.0339464,0.0537917,0.0355066,0.0509323,-0.176138,-0.088361,-0.0681494,-0.113574,-0.174871,-0.0656241,0.229556,0.220903,0.0207257,-0.25294,0.264083,0.238311,-0.00150475,0.064017,-0.0327975,0.00985265,-0.196137,0.00969292,-0.0545112,-0.17588,0.00413298,-0.0866246,-0.0983084,0.0881944,-0.197622,0.60958,0.14622,0.0537917,0.487938,0.0729901,-0.176138,-0.248249,-0.450746,-0.113574,-0.719063,-0.447069,0.229556,-0.0882726,-0.46763,-0.25294,0.499284,0.263095,-0.00150475,-0.135684,-0.0248616,0.00985265,-0.0734989,-0.050892,-0.101357,-0.278296,-0.250611,-0.0866246,-0.21059,0.370107,-0.197622,-0.0425673,0.00138392,0.0537917,-0.127198,0.00468406,-0.176138,-0.0598847,0.0475124,-0.113574,0.0320098,0.0372828,0.229556,0.0969232,0.139617,-0.25294,0.0572634,0.0692463,-0.00150475,-0.0127433,-0.00270564,0.00985265,0.0365268,0.0177742,-0.101357,0.0243135,0.029993,-0.0545112,0.00784865,0.0139426
0.0792159,-0.00179988,-0.0794784,-0.155883,0.260165,0.286538,-0.102178,0.623265,0.428386,0.249747,0.0540037,0.180868,-0.234913,-0.530288,-0.41536,0.0180815,0.116499,0.0288601,0.0549992,-0.295707,-0.0360984,-0.0639187,0.120507,0.0758427,0.0420649,-0.459756,0.000510446,-0.0702895,0.511157,-0.0446157,-0.147943,0.114702,0.0634058,-0.155883,-0.0534606,-0.0938734,-0.102178,-0.287488,-0.122913,0.249747,0.0494336,-0.0282189,-0.234913,0.338083,0.234021,0.0180815,0.0299057,-0.00978061,0.0549992,-0.0473679,0.0305556,-0.0639187,-0.0725806,-0.0366083,0.0420649,0.185127,0.0262868,-0.0702895,-0.122777,0.0668465,-0.147943,0.0765372,0.00673441,0.0792159,0.00808934,-0.0156321,-0.102178,-0.193627,-0.18172,0.249747,-0.127708,-0.144657,-0.234913,0.0777935,0.0455105,0.0180815,-0.0931069,-0.0426131,0.0549992,0.0806198,-0.0317793,-0.0639187,-0.0365925,-0.066267,0.0420649,0.0650347,-0.0356676,-0.0702895,-0.210253,-0.011111,-0.147943,0.0502102,0.0180743,0.0792159,-0.0172198,0.0001121,-0.155883,-0.0594814,-0.0682292,0.249747,-0.0219454,-0.0478043,-0.234913,0.0544386,0.0714448,0.0180815,-0.0377701,-0.0154631,0.0549992,0.0794466,-0.00360904,-0.0639187,-0.0334733,-0.0247144,0.0420649,0.0633482,-0.0127255,-0.0702895,-0.152242,-0.00965681,-0.147943,-0.0237531,0.0185995,0.0792159,-0.103949,0.0273549,-0.155883,-0.0603532,0.0587919,-0.102178,-0.0652996,0.0531322,-0.234913,0.158278,0.144968,0.0180815,0.000179756,0.00891241,0.0549992,-0.0330764,0.0348561,-0.0639187,-0.00995045,0.0285665,0.0420649,0.043931,0.0196632,-0.0702895,-0.0413494,-0.0586096,-0.147943,-0.0205931,-0.029675,0.0792159,0.109043,-0.0275864,-0.155883,0.107858,0.0428647,-0.102178,0.203734,0.086392,0.249747,-0.125294,-0.0941513,0.0180815,0.0202923,0.0216347,0.0549992,0.0377295,-0.0184582,-0.0639187,0.0715585,0.0221798,0.0420649,-0.0961966,0.00290686,-0.0702895,0.172394,0.0399229,-0.147943,-0.0377964,0.0222212,0.0792159,-0.0513306,0.0393466,-0.155883,-0.019271,0.079006,-0.102178,0.00212009,0.080859,0.249747,0.172843,0.194123,-0.234913,0.138137,0.122523,0.0549992,-0.0777529,0.0423529,-0.0639187,-0.00190242,0.0362048,0.0420649,0.0493638,0.0329861,-0.0702895,0.0391194,-0.0151207,-0.147943,0.179302,0.117479,0.0792159,-0.0827928,0.089694,-0.155883,-0.252741,-0.195079,-0.102178,-0.533827,-0.320532,0.249747,0.218225,0.0433271,-0.234913,0.569689,0.53424,0.0180815,-0.0810316,-0.0407841,-0.0639187,-0.109707,-0.0730219,0.0420649,0.329876,0.00931896,-0.0702895,-0.46703,-0.00751116,-0.147943,0.367522,0.0252685,0.0792159,0.087549,0.0750517,-0.155883,-0.0655122,-0.0581808,-0.102178,-0.162322,-0.0587614,0.249747,0.250114,0.0238796,-0.234913,0.231223,0.221334,0.0180815,0.108464,-0.0223903,0.0549992,-0.207678,0.0292107,0.0420649,-0.134052,0.0345492,-0.0702895,-0.0986452,0.0729505,-0.147943,0.561368,0.097906,0.0792159,0.565648,0.141277,-0.155883,-0.181814,-0.390318,-0.102178,-0.635079,-0.404024,0.249747,-0.061469,-0.504828,-0.234913,0.500513,0.238267,0.0180815,-0.062556,-0.0600532,0.0549992,0.0163841,-0.00255879,-0.0639187,-0.187169,-0.188883,-0.0702895,-0.237891,0.297319,-0.147943,-0.0465852,0.00483524,0.0792159,-0.12974,-0.000953525,-0.155883,-0.0653251,0.0425945,-0.102178,0.0240796,0.0350133,0.249747,0.106691,0.15184,-0.234913,0.0429446,0.0658175,0.0180815,-0.00912537,0.0073843,0.0549992,0.0201638,0.016566,-0.0639187,0.0119366,0.0254759,0.0420649,0.000923921,0.00331461
0.10464,-0.0381353,-0.117779,-0.135627,0.217637,0.238491,-0.0907824,0.554716,0.375581,0.269938,0.0136164,0.192341,-0.216887,-0.545651,-0.380811,0.0376678,0.131077,0.0525723,0.100146,-0.389796,-0.0815873,-0.0264806,0.0776264,0.0621037,0.138641,-0.552165,-0.0371805,-0.0539545,0.400998,-0.0261757,-0.0982646,0.0918426,0.0453356,-0.135627,-0.0405195,-0.0765551,-0.0907824,-0.256184,-0.107014,0.269938,0.069646,-0.0298175,-0.216887,0.32146,0.216081,0.0376678,0.0489511,-0.0107073,0.100146,-0.0231596,0.050962,-0.0264806,-0.0476457,-0.0185919,0.138641,0.218379,0.0514209,-0.0539545,-0.0901915,0.0526352,-0.0982646,0.06303,-0.00920863,0.10464,0.0160573,-0.00345211,-0.0907824,-0.165926,-0.164277,0.269938,-0.121427,-0.152561,-0.216887,0.0843282,0.0378698,0.0376678,-0.0992352,-0.0566348,0.100146,0.10957,-0.0184723,-0.0264806,-0.0273473,-0.0610301,0.138641,0.0977822,-0.0200252,-0.0539545,-0.180629,-0.01983,-0.0982646,0.0413192,0.00835718,0.10464,-0.00856348,0.00631336,-0.135627,-0.0486815,-0.058556,0.269938,-0.0137473,-0.0501923,-0.216887,0.0590392,0.0646092,0.0376678,-0.0474276,-0.0210077,0.100146,0.0970138,0.00538389,-0.0264806,-0.0242601,-0.022715,0.138641,0.0865466,-0.00654598,-0.0539545,-0.12804,-0.0118881,-0.0982646,-0.0375342,0.0214579,0.10464,-0.103728,0.0265108,-0.135627,-0.0676463,0.0528581,-0.0907824,-0.073671,0.0498992,-0.216887,0.128726,0.13657,0.0376678,0.0215363,0.0275018,0.100146,-0.0572132,0.0370793,-0.0264806,-0.0223114,0.0298105,0.138641,0.040028,0.0124335,-0.0539545,-0.0177359,-0.042339,-0.0982646,-0.000331896,-0.0197442,0.10464,0.0868282,-0.0385165,-0.135627,0.102382,0.0362457,-0.0907824,0.198221,0.0757145,0.269938,-0.146074,-0.10384,0.0376678,0.010961,0.0125264,0.100146,0.0354723,-0.0330424,-0.0264806,0.0621943,0.0144537,0.138641,-0.118309,-0.00266089,-0.0539545,0.127778,0.0346571,-0.0982646,-0.0439831,0.0267092,0.10464,-0.0496105,0.0389749,-0.135627,-0.0282012,0.071008,-0.0907824,-0.00817522,0.0751562,0.269938,0.187206,0.208245,-0.216887,0.116687,0.116526,0.100146,-0.102006,0.0431854,-0.0264806,-0.0115086,0.0393234,0.138641,0.0331134,0.0277899,-0.0539545,0.0516095,-0.00491729,-0.0982646,0.124461,0.0799821,0.10464,-0.0277362,0.125346,-0.135627,-0.222373,-0.162022,-0.0907824,-0.491423,-0.280249,0.269938,0.273159,0.0506831,-0.216887,0.550491,0.492418,0.0376678,-0.0784062,-0.0371583,-0.0264806,-0.0732008,-0.0475504,0.138641,0.411225,0.0404,-0.0539545,-0.347087,-0.0128324,-0.0982646,0.333675,0.0165906,0.10464,0.1374,0.0991712,-0.135627,-0.0435679,-0.0482122,-0.0907824,-0.152466,-0.0518988,0.269938,0.280082,0.0270334,-0.216887,0.196463,0.204357,0.0376678,0.144403,-0.011983,0.100146,-0.217438,0.0487285,0.138641,-0.0901911,0.0649654,-0.0539545,-0.0880093,0.0577066,-0.0982646,0.509138,0.0495921,0.10464,0.642447,0.209563,-0.135627,-0.120776,-0.329891,-0.0907824,-0.549793,-0.360979,0.269938,-0.0365687,-0.542026,-0.216887,0.494962,0.213438,0.0376678,-0.00146824,-0.0952448,0.100146,0.10548,0.0457744,-0.0264806,-0.0987228,-0.127156,-0.0539545,-0.208581,0.224531,-0.0982646,-0.0497468,0.00828655,0.10464,-0.131527,-0.00659111,-0.135627,-0.0683709,0.0376765,-0.0907824,0.0150225,0.0327439,0.269938,0.116567,0.164064,-0.216887,0.0291029,0.0623888,0.0376678,-0.00522636,0.0174742,0.100146,0.00327973,0.0153577,-0.0264806,-0.00014321,0.0209588,0.138641,-0.0069933,-0.00731335
0.130064,-0.0802161,-0.156079,-0.115372,0.180476,0.190444,-0.0793865,0.483752,0.322776,0.290129,-0.0248178,0.203814,-0.198861,-0.560866,-0.346263,0.0572541,0.157789,0.0762846,0.145292,-0.47537,-0.127076,0.0109575,0.0365705,0.0483648,0.235217,-0.621307,-0.0748714,-0.0376194,0.234007,-0.00773578,-0.0485857,0.0666384,0.0272654,-0.115372,-0.0310544,-0.0592368,-0.0793865,-0.222669,-0.0911143,0.290129,0.0904882,-0.031416,-0.198861,0.301371,0.198141,0.0572541,0.0550386,-0.0116341,0.145292,0.00453117,0.0713683,0.0109575,-0.0229323,-0.000575427,0.235217,0.245084,0.076555,-0.0376194,-0.0416003,0.038424,-0.0485857,0.0499386,-0.0251517,0.130064,0.0268206,0.00872786,-0.0793865,-0.137915,-0.146835,0.290129,-0.114935,-0.160464,-0.198861,0.0908966,0.0302292,0.0572541,-0.107223,-0.0706564,0.145292,0.134347,-0.00516528,0.0109575,-0.019903,-0.0557931,0.235217,0.125442,-0.00438276,-0.0376194,-0.129413,-0.028549,-0.0485857,0.0322982,-0.00135996,0.130064,0.00105749,0.0125146,-0.115372,-0.0387556,-0.0488828,0.290129,-0.00597959,-0.0525803,-0.198861,0.0645466,0.0577737,0.0572541,-0.0579913,-0.0265523,0.145292,0.111367,0.0143768,0.0109575,-0.0154517,-0.0207157,0.235217,0.104633,-0.000366471,-0.0376194,-0.090369,-0.0141194,-0.0485857,-0.0525397,0.0243162,0.130064,-0.104161,0.0256667,-0.115372,-0.0738424,0.0469243,-0.0793865,-0.0821185,0.0466663,-0.198861,0.097912,0.128172,0.0572541,0.0390499,0.0460911,0.145292,-0.0802919,0.0393025,0.0109575,-0.0336529,0.0310545,0.235217,0.0338336,0.00520387,-0.0376194,0.00380999,-0.0260684,-0.0485857,0.0213776,-0.00981332,0.130064,0.0640657,-0.0494466,-0.115372,0.0975401,0.0296268,-0.0793865,0.192146,0.065037,0.290129,-0.166686,-0.11353,0.0572541,0.00834698,0.00341818,0.145292,0.0310596,-0.0476266,0.0109575,0.0521327,0.00672753,0.235217,-0.133264,-0.00822864,-0.0376194,0.0718338,0.0293912,-0.0485857,-0.0505846,0.0311973,0.130064,-0.0480768,0.0386031,-0.115372,-0.0362016,0.0630101,-0.0793865,-0.0198913,0.0694534,0.290129,0.202295,0.222368,-0.198861,0.094019,0.110528,0.145292,-0.121707,0.0440179,0.0109575,-0.0199108,0.042442,0.235217,0.0161718,0.0225937,-0.0376194,0.0588023,0.00528617,-0.0485857,0.0683833,0.0424856,0.130064,0.0305914,0.160999,-0.115372,-0.195911,-0.128965,-0.0793865,-0.449512,-0.239966,0.290129,0.326469,0.058039,-0.198861,0.531106,0.450595,0.0572541,-0.0864952,-0.0335324,0.0109575,-0.0373817,-0.0220789,0.235217,0.472514,0.0714811,-0.0376194,-0.182201,-0.0181537,-0.0485857,0.29505,0.0079127,0.130064,0.185188,0.123291,-0.115372,-0.0225032,-0.0382436,-0.0793865,-0.144311,-0.0450362,0.290129,0.310885,0.0301873,-0.198861,0.159518,0.18738,0.0572541,0.169445,-0.00157569,0.145292,-0.222635,0.0682463,0.235217,-0.0446325,0.0953817,-0.0376194,-0.0693449,0.0424626,-0.0485857,0.453649,0.00127827,0.130064,0.717765,0.27785,-0.115372,-0.0646758,-0.269463,-0.0793865,-0.463093,-0.317934,0.290129,-0.0168632,-0.579224,-0.198861,0.480883,0.188609,0.0572541,0.0365978,-0.130436,0.145292,0.192596,0.0941076,0.0109575,-0.0144863,-0.0654281,-0.0376194,-0.137007,0.151743,-0.0485857,-0.0521722,0.0117379,0.130064,-0.13262,-0.0122287,-0.115372,-0.0691719,0.0327585,-0.0793865,0.00511574,0.0304744,0.290129,0.126771,0.176287,-0.198861,0.0159117,0.05896,0.0572541,-0.000664847,0.0275642,0.145292,-0.0148181,0.0141495,0.0109575,-0.0117243,0.0164417,0.235217,-0.016077,-0.0179413
0.155489,-0.122297,-0.194379,-0.0951174,0.147239,0.142397,-0.0679905,0.412789,0.269972,0.31032,-0.0572181,0.215287,-0.180834,-0.574651,-0.311715,0.0768404,0.19416,0.0999968,0.190439,-0.553553,-0.172565,0.0483955,0.00109341,0.0346258,0.331793,-0.674059,-0.112562,-0.0212843,0.0292406,0.0107042,0.00109321,0.0414342,0.00919519,-0.0951174,-0.0241221,-0.0419185,-0.0679905,-0.189155,-0.075215,0.31032,0.110331,-0.0330145,-0.180834,0.279349,0.180201,0.0768404,0.0502915,-0.0125608,0.190439,0.0348101,0.0917746,0.0483955,0.000717632,0.017441,0.331793,0.267606,0.101689,-0.0212843,0.0167304,0.0242128,0.00109321,0.0368472,-0.0410947,0.155489,0.037584,0.0209078,-0.0679905,-0.109904,-0.129393,0.31032,-0.109256,-0.168367,-0.180834,0.0971202,0.0225885,0.0768404,-0.116928,-0.084678,0.190439,0.15576,0.00814174,0.0483955,-0.0152175,-0.0505562,0.331793,0.14942,0.0112596,-0.0212843,-0.0632337,-0.0372679,0.00109321,0.0232773,-0.0110771,0.155489,0.0106785,0.0187159,-0.0951174,-0.0295029,-0.0392097,0.31032,0.000542249,-0.0549683,-0.180834,0.0703206,0.0509381,0.0768404,-0.069004,-0.0320969,0.190439,0.123138,0.0233697,0.0483955,-0.00782365,-0.0187163,0.331793,0.11896,0.00581304,-0.0212843,-0.0434096,-0.0163507,0.00109321,-0.0675451,0.0271745,0.155489,-0.104593,0.0248226,-0.0951174,-0.078919,0.0409905,-0.0679905,-0.090566,0.0434333,-0.180834,0.0667629,0.119775,0.0768404,0.0531857,0.0646805,0.190439,-0.101967,0.0415257,0.0483955,-0.0426994,0.0322984,0.331793,0.0263524,-0.00202579,-0.0212843,0.0231658,-0.00979778,0.00109321,0.0430871,0.000117532,0.155489,0.0413032,-0.0603767,-0.0951174,0.0929716,0.0230078,-0.0679905,0.186071,0.0543595,0.31032,-0.186494,-0.123219,0.0768404,0.0110924,-0.00569006,0.190439,0.0247993,-0.0622108,0.0483955,0.0415945,-0.000998614,0.331793,-0.143315,-0.0137964,-0.0212843,0.00918269,0.0241253,0.00109321,-0.0571861,0.0356853,0.155489,-0.0465431,0.0382313,-0.0951174,-0.0432452,0.0550121,-0.0679905,-0.0316073,0.0637506,0.31032,0.218425,0.23649,-0.180834,0.0709488,0.104531,0.190439,-0.137499,0.0448505,0.0483955,-0.0256673,0.0455606,0.331793,-0.00073494,0.0173975,-0.0212843,0.061414,0.0154896,0.00109321,0.0123057,0.00498911,0.155489,0.0889191,0.196651,-0.0951174,-0.171992,-0.0959085,-0.0679905,-0.407602,-0.199683,0.31032,0.374427,0.0653949,-0.180834,0.511038,0.408773,0.0768404,-0.102455,-0.0299066,0.0483955,-0.00417103,0.00339262,0.331793,0.519772,0.102562,-0.0212843,0.0111519,-0.023475,0.00109321,0.256426,-0.000765206,0.155489,0.232976,0.14741,-0.0951174,-0.00219794,-0.028275,-0.0679905,-0.136155,-0.0381735,0.31032,0.339948,0.0333412,-0.180834,0.121901,0.170403,0.0768404,0.185442,0.00883159,0.190439,-0.223416,0.0877641,0.331793,0.00173734,0.125798,-0.0212843,-0.0456158,0.0272187,0.00109321,0.398159,-0.0470356,0.155489,0.793083,0.346136,-0.0951174,-0.0125235,-0.209036,-0.0679905,-0.376393,-0.274889,0.31032,-0.00932663,-0.616422,-0.180834,0.461865,0.163781,0.0768404,0.0538051,-0.165628,0.190439,0.277977,0.142441,0.0483955,0.0620669,-0.00370057,-0.0212843,-0.0374661,0.0789552,0.00109321,-0.0545976,0.0151892,0.155489,-0.133714,-0.0178663,-0.0951174,-0.0681205,0.0278405,-0.0679905,-0.004791,0.028205,0.31032,0.137846,0.188511,-0.180834,0.00324426,0.0555313,0.0768404,0.00431591,0.0376541,0.190439,-0.0334811,0.0129412,0.0483955,-0.0222467,0.0119246,0.331793,-0.0258739,-0.0285693
0.180913,-0.164712,-0.232679,-0.0748623,0.116761,0.0943496,-0.0565946,0.339952,0.217167,0.330511,-0.0881737,0.22676,-0.162808,-0.585361,-0.277167,0.0964266,0.235553,0.123709,0.235585,-0.6268,-0.218054,0.0858336,-0.0325473,0.0208869,0.42837,-0.686983,-0.150253,-0.00494929,-0.193006,0.0291441,0.0507721,0.01623,-0.00887502,-0.0748623,-0.018959,-0.0246001,-0.0565946,-0.15361,-0.0593157,0.330511,0.129906,-0.034613,-0.162808,0.255121,0.162261,0.0964266,0.0389791,-0.0134875,0.235585,0.0665751,0.112181,0.0858336,0.0240066,0.0354575,0.42837,0.281065,0.126823,-0.00494929,0.0789058,0.0100016,0.0507721,0.0237558,-0.0570377,0.180913,0.0485072,0.0330878,-0.0565946,-0.0819308,-0.11195,0.330511,-0.103786,-0.17627,-0.162808,0.102561,0.0149478,0.0964266,-0.127721,-0.0986996,0.235585,0.17507,0.0214488,0.0858336,-0.0113628,-0.0453193,0.42837,0.164094,0.0269021,-0.00494929,0.0103201,-0.0459869,0.0507721,0.0142563,-0.0207942,0.180913,0.0203513,0.0249172,-0.0748623,-0.0207713,-0.0295365,0.330511,0.00676657,-0.0573563,-0.162808,0.0761421,0.0441026,0.0964266,-0.0798959,-0.0376415,0.235585,0.133299,0.0323627,0.0858336,-0.000582544,-0.0167169,0.42837,0.123745,0.0119926,-0.00494929,0.00809395,-0.018582,0.0507721,-0.0825506,0.0300328,0.180913,-0.105021,0.0239785,-0.0748623,-0.0827667,0.0350566,-0.0565946,-0.0983346,0.0402003,-0.162808,0.0356261,0.111377,0.0964266,0.0650632,0.0832698,0.235585,-0.122435,0.043749,0.0858336,-0.0510137,0.0335424,0.42837,0.0166393,-0.00925545,-0.00494929,0.0409076,0.00647283,0.0507721,0.0647965,0.0100484,0.180913,0.0185114,-0.0713068,-0.0748623,0.0883318,0.0163888,-0.0565946,0.178685,0.043682,0.330511,-0.206107,-0.132908,0.0964266,0.0168475,-0.0147983,0.235585,0.0173183,-0.076795,0.0858336,0.030946,-0.00872476,0.42837,-0.141895,-0.0193641,-0.00494929,-0.0559666,0.0188594,0.0507721,-0.0637875,0.0401733,0.180913,-0.0450055,0.0378596,-0.0748623,-0.0492308,0.0470141,-0.0565946,-0.0439161,0.0580478,0.330511,0.234793,0.250613,-0.162808,0.047717,0.0985336,0.235585,-0.150708,0.045683,0.0858336,-0.030582,0.0486792,0.42837,-0.0160277,0.0122013,-0.00494929,0.0611251,0.0256931,0.0507721,-0.0437719,-0.0325074,0.180913,0.147417,0.232303,-0.0748623,-0.149426,-0.0628515,-0.0565946,-0.364964,-0.1594,0.330511,0.421101,0.0727508,-0.162808,0.48957,0.366951,0.0964266,-0.121855,-0.0262808,0.0858336,0.0281667,0.0288641,0.42837,0.533393,0.133643,-0.00494929,0.216643,-0.0287963,0.0507721,0.217801,-0.00944312,0.180913,0.280588,0.17153,-0.0748623,0.0174116,-0.0183064,-0.0565946,-0.127924,-0.0313109,0.330511,0.368554,0.0364951,-0.162808,0.0840989,0.153426,0.0964266,0.195894,0.0192389,0.235585,-0.220997,0.107282,0.42837,0.0492248,0.156214,-0.00494929,-0.0197432,0.0119748,0.0507721,0.34267,-0.0953495,0.180913,0.868199,0.414423,-0.0748623,0.0363839,-0.148608,-0.0565946,-0.28795,-0.231844,0.330511,-0.00466683,-0.65362,-0.162808,0.437017,0.138952,0.0964266,0.0572044,-0.200819,0.235585,0.36219,0.190774,0.0858336,0.136237,0.058027,-0.00494929,0.0749248,0.00616719,0.0507721,-0.0570231,0.0186405,0.180913,-0.134747,-0.0235039,-0.0748623,-0.0654729,0.0229225,-0.0565946,-0.0150822,0.0259356,0.330511,0.149128,0.200734,-0.162808,-0.00865343,0.0521025,0.0964266,0.0093364,0.047744,0.235585,-0.0522499,0.011733,0.0858336,-0.0324337,0.00740749,0.42837,-0.0370833,-0.0391972
0.206337,-0.214232,-0.270979,-0.0546072,0.0876429,0.0463024,-0.0451986,0.266438,0.164362,0.350703,-0.119129,0.238233,-0.144782,-0.591756,-0.242619,0.116013,0.278589,0.147421,0.280732,-0.695335,-0.263543,0.123272,-0.0661881,0.00714789,0.524946,-0.689909,-0.187944,0.0113858,-0.417528,0.0475841,0.100451,-0.0114036,-0.0269452,-0.0546072,-0.0146615,-0.00728183,-0.0451986,-0.117186,-0.0434164,0.350703,0.149482,-0.0362115,-0.144782,0.229742,0.144321,0.116013,0.0239835,-0.0144143,0.280732,0.0996686,0.132587,0.123272,0.0472957,0.0534739,0.524946,0.292249,0.151957,0.0113858,0.139312,-0.00420959,0.100451,0.0108103,-0.0729808,0.206337,0.0628112,0.0452678,-0.0451986,-0.0541001,-0.0945076,0.350703,-0.0983153,-0.184173,-0.144782,0.106861,0.00730711,0.116013,-0.139194,-0.112721,0.280732,0.192428,0.0347558,0.123272,-0.00750808,-0.0400824,0.524946,0.176433,0.0425445,0.0113858,0.0863769,-0.0547059,0.100451,0.00492274,-0.0305114,0.206337,0.0311132,0.0311184,-0.0546072,-0.0123192,-0.0198633,0.350703,0.0129909,-0.0597443,-0.144782,0.081507,0.037267,0.116013,-0.0901639,-0.0431861,0.280732,0.141966,0.0413556,0.123272,0.00665856,-0.0147175,0.524946,0.126134,0.0181721,0.0113858,0.0610335,-0.0208133,0.100451,-0.0980725,0.0328912,0.206337,-0.105239,0.0231345,-0.0546072,-0.0857953,0.0291228,-0.0451986,-0.105516,0.0369673,-0.144782,0.00523678,0.102979,0.116013,0.0753741,0.101859,0.280732,-0.14165,0.0459722,0.123272,-0.059328,0.0347864,0.524946,0.00636596,-0.0164851,0.0113858,0.0563801,0.0227434,0.100451,0.0877184,0.0199792,0.206337,-0.00489551,-0.0822369,-0.0546072,0.083529,0.00976988,-0.0451986,0.170419,0.0330045,0.350703,-0.22572,-0.142597,0.116013,0.0239544,-0.0239065,0.280732,0.00867652,-0.0913792,0.123272,0.0202976,-0.0164509,0.524946,-0.137596,-0.0249319,0.0113858,-0.119366,0.0135935,0.100451,-0.0701462,0.0446614,0.206337,-0.0433434,0.0374878,-0.0546072,-0.0545087,0.0390162,-0.0451986,-0.0562023,0.052345,0.350703,0.25116,0.264736,-0.144782,0.0249586,0.0925363,0.280732,-0.161458,0.0465156,0.123272,-0.0354968,0.0517978,0.524946,-0.0309152,0.00700503,0.0113858,0.0577823,0.0358965,0.100451,-0.100681,-0.0700039,0.206337,0.209482,0.267955,-0.0546072,-0.127318,-0.0297946,-0.0451986,-0.321549,-0.119117,0.350703,0.467774,0.0801067,-0.144782,0.466205,0.325129,0.116013,-0.141305,-0.022655,0.123272,0.0605045,0.0543356,0.524946,0.538569,0.164724,0.0113858,0.420168,-0.0341176,0.100451,0.174015,-0.018121,0.206337,0.324321,0.195649,-0.0546072,0.0366003,-0.00833778,-0.0451986,-0.119017,-0.0244482,0.350703,0.397159,0.0396489,-0.144782,0.0472974,0.136449,0.116013,0.203148,0.0296462,0.280732,-0.215427,0.1268,0.524946,0.0969928,0.18663,0.0113858,0.00572232,-0.00326914,0.100451,0.282804,-0.143663,0.206337,0.938695,0.482709,-0.0546072,0.0834662,-0.0881805,-0.0451986,-0.198578,-0.188799,0.350703,-7.03866e-06,-0.690818,-0.144782,0.408755,0.114123,0.116013,0.051201,-0.236011,0.280732,0.445287,0.239107,0.123272,0.210407,0.119755,0.0113858,0.188673,-0.0666208,0.100451,-0.0582535,0.0220918,0.206337,-0.13443,-0.0291414,-0.0546072,-0.0618969,0.0180045,-0.0451986,-0.0253848,0.0236661,0.350703,0.16041,0.212958,-0.144782,-0.0198255,0.0486738,0.116013,0.0140757,0.057834,0.280732,-0.0710179,0.0105247,0.123272,-0.0426207,0.00289038,0.524946,-0.0486473,-0.0498252
0.231761,-0.265924,-0.309279,-0.0343522,0.0596499,-0.00174478,-0.0338027,0.19268,0.111557,0.370894,-0.150085,0.249706,-0.126755,-0.591616,-0.20807,0.135599,0.319334,0.171133,0.325878,-0.754471,-0.309032,0.16071,-0.0845223,-0.00659107,0.621522,-0.678793,-0.225635,0.0277208,-0.591189,0.066024,0.15013,-0.0396923,-0.0450154,-0.0343522,-0.0110544,0.0100365,-0.0338027,-0.0798427,-0.0275171,0.370894,0.169057,-0.0378101,-0.126755,0.203587,0.12638,0.135599,0.0085047,-0.015341,0.325878,0.134368,0.152994,0.16071,0.0671386,0.0714904,0.621522,0.300404,0.177091,0.0277208,0.179384,-0.0184208,0.15013,-0.00222182,-0.0889238,0.231761,0.0781056,0.0574477,-0.0338027,-0.026854,-0.0770652,0.370894,-0.0928449,-0.192077,-0.126755,0.109414,-0.000333574,0.135599,-0.150903,-0.126743,0.325878,0.206513,0.0480628,0.16071,-0.00746424,-0.0348454,0.621522,0.185291,0.0581869,0.0277208,0.147195,-0.0634249,0.15013,-0.0045738,-0.0402285,0.231761,0.0421488,0.0373197,-0.0343522,-0.00420128,-0.0101901,0.370894,0.0192152,-0.0621323,-0.126755,0.08592,0.0304314,0.135599,-0.0991632,-0.0487307,0.325878,0.148152,0.0503485,0.16071,0.0107398,-0.0127181,0.621522,0.125094,0.0243516,0.0277208,0.104154,-0.0230446,0.15013,-0.113401,0.0357495,0.231761,-0.104813,0.0222904,-0.0343522,-0.0871922,0.023189,-0.0338027,-0.111073,0.0337344,-0.126755,-0.0236573,0.0945815,0.135599,0.08484,0.120448,0.325878,-0.157204,0.0481954,0.16071,-0.06247,0.0360304,0.621522,-0.00448392,-0.0237148,0.0277208,0.0682515,0.039014,0.15013,0.11084,0.0299101,0.231761,-0.0284553,-0.093167,-0.0343522,0.0780215,0.00315093,-0.0338027,0.160158,0.022327,0.370894,-0.245334,-0.152286,0.135599,0.0305203,-0.0330148,0.325878,-0.0022237,-0.105963,0.16071,0.0106055,-0.024177,0.621522,-0.129448,-0.0304996,0.0277208,-0.167132,0.00832762,0.15013,-0.0761424,0.0491494,0.231761,-0.0414407,0.037116,-0.0343522,-0.0583687,0.0310182,-0.0338027,-0.067504,0.0466422,0.370894,0.267527,0.278858,-0.126755,0.00326541,0.0865389,0.325878,-0.167413,0.0473481,0.16071,-0.0345688,0.0549164,0.621522,-0.0447345,0.00180881,0.0277208,0.0520946,0.0461,0.15013,-0.157617,-0.1075,0.231761,0.272364,0.303608,-0.0343522,-0.104649,0.0032624,-0.0338027,-0.275725,-0.0788342,0.370894,0.514447,0.0874626,-0.126755,0.440003,0.283307,0.135599,-0.156748,-0.0190291,0.16071,0.0849919,0.0798071,0.621522,0.532219,0.195805,0.0277208,0.574078,-0.0394389,0.15013,0.128742,-0.0267989,0.231761,0.36611,0.219769,-0.0343522,0.0550914,0.00163082,-0.0338027,-0.107196,-0.0175856,0.370894,0.425764,0.0428028,-0.126755,0.0126367,0.119472,0.135599,0.209794,0.0400534,0.325878,-0.202484,0.146317,0.621522,0.145214,0.217047,0.0277208,0.0221863,-0.0185131,0.15013,0.221316,-0.191977,0.231761,1.00619,0.550996,-0.0343522,0.128026,-0.0277529,-0.0338027,-0.107635,-0.145754,0.370894,0.00465276,-0.728016,-0.126755,0.377703,0.0892945,0.135599,0.0404317,-0.271203,0.325878,0.526116,0.28744,0.16071,0.270592,0.181482,0.0277208,0.26376,-0.139409,0.15013,-0.0589708,0.0255431,0.231761,-0.13342,-0.034779,-0.0343522,-0.0569183,0.0130865,-0.0338027,-0.035165,0.0213967,0.370894,0.171692,0.225181,-0.126755,-0.0300759,0.0452451,0.135599,0.0181305,0.0679239,0.325878,-0.0886134,0.0093165,0.16071,-0.0505407,-0.00162672,0.621522,-0.0606011,-0.0604531
0.257186,-0.319479,-0.347579,-0.0140971,0.0313459,-0.049792,-0.0224068,0.119066,0.0587523,0.391085,-0.173468,0.261179,-0.108729,-0.591304,-0.173522,0.155185,0.35451,0.194846,0.371025,-0.79813,-0.354521,0.198148,-0.0977392,-0.02033,0.718098,-0.642779,-0.263326,0.0440559,-0.758427,0.084464,0.199809,-0.0683292,-0.0630856,-0.0140971,-0.00721388,0.0273548,-0.0224068,-0.0423136,-0.0116178,0.391085,0.185781,-0.0394086,-0.108729,0.177431,0.10844,0.155185,-0.00432738,-0.0162677,0.371025,0.170169,0.1734,0.198148,0.0858295,0.0895068,0.718098,0.303239,0.202225,0.0440559,0.216906,-0.032632,0.199809,-0.0154569,-0.104867,0.257186,0.0942102,0.0696277,-0.0224068,9.35022e-05,-0.0596227,0.391085,-0.0891883,-0.19998,-0.108729,0.111921,-0.00797426,0.155185,-0.162382,-0.140765,0.371025,0.216129,0.0613698,0.198148,-0.00869442,-0.0296085,0.718098,0.187886,0.0738293,0.0440559,0.206075,-0.0721439,0.199809,-0.0142549,-0.0499457,0.257186,0.0533652,0.043521,-0.0140971,0.00384173,-0.000516917,0.391085,0.0239214,-0.0645203,-0.108729,0.0903027,0.0235959,0.155185,-0.106533,-0.0542753,0.371025,0.150984,0.0593414,0.198148,0.0137648,-0.0107188,0.718098,0.117951,0.0305311,0.0440559,0.146027,-0.0252759,0.199809,-0.128213,0.0386078,0.257186,-0.103305,0.0214463,-0.0140971,-0.0874853,0.0172552,-0.0224068,-0.115882,0.0305014,-0.108729,-0.0525045,0.0861838,0.155185,0.0943123,0.139038,0.371025,-0.165008,0.0504187,0.198148,-0.0638829,0.0372744,0.718098,-0.0162766,-0.0309444,0.0440559,0.0796857,0.0552846,0.199809,0.133909,0.0398409,0.257186,-0.0521142,-0.104097,-0.0140971,0.0717797,-0.00346803,-0.0224068,0.14905,0.0116495,0.391085,-0.263782,-0.161975,0.155185,0.0348568,-0.042123,0.371025,-0.0167602,-0.120548,0.198148,0.00123306,-0.0319032,0.718098,-0.114558,-0.0360674,0.0440559,-0.212941,0.00306173,0.199809,-0.0815757,0.0536374,0.257186,-0.0391471,0.0367442,-0.0140971,-0.0612643,0.0230203,-0.0224068,-0.0782082,0.0409393,0.391085,0.284545,0.292981,-0.108729,-0.0183926,0.0805416,0.371025,-0.165629,0.0481806,0.198148,-0.0316876,0.058035,0.718098,-0.0564531,-0.00338741,0.0440559,0.0461336,0.0563035,0.199809,-0.214319,-0.144997,0.257186,0.335698,0.33926,-0.0140971,-0.0806046,0.0363194,-0.0224068,-0.228755,-0.0385513,0.391085,0.554219,0.0948185,-0.108729,0.413726,0.241484,0.155185,-0.165128,-0.0154033,0.198148,0.106855,0.105279,0.718098,0.505591,0.226886,0.0440559,0.721753,-0.0447601,0.199809,0.0825639,-0.0354768,0.257186,0.405541,0.243888,-0.0140971,0.0732062,0.0115994,-0.0224068,-0.0938686,-0.0107229,0.391085,0.449841,0.0459567,-0.108729,-0.0219548,0.102495,0.155185,0.218409,0.0504607,0.371025,-0.175788,0.165835,0.718098,0.194295,0.247463,0.0440559,0.0375193,-0.033757,0.199809,0.158417,-0.240291,0.257186,1.06966,0.619282,-0.0140971,0.171632,0.0326747,-0.0224068,-0.0161256,-0.102709,0.391085,-0.00385553,-0.765214,-0.108729,0.346627,0.0644658,0.155185,0.0302336,-0.306394,0.371025,0.603156,0.335774,0.198148,0.326101,0.24321,0.0440559,0.333967,-0.212197,0.199809,-0.0591776,0.0289944,0.257186,-0.131559,-0.0404166,-0.0140971,-0.0512939,0.00816854,-0.0224068,-0.0446183,0.0191273,0.391085,0.183987,0.237405,-0.108729,-0.0403057,0.0418163,0.155185,0.0212535,0.0780138,0.371025,-0.102546,0.00810825,0.198148,-0.0577027,-0.00614383,0.718098,-0.0732013,-0.0710811
0.28261,-0.374176,-0.385879,0.00615793,-0.000302177,-0.0978391,-0.0110108,0.0462053,0.00594746,0.411276,-0.185934,0.272652,-0.0907028,-0.579565,-0.138974,0.174772,0.379484,0.218558,0.416171,-0.841789,-0.40001,0.235586,-0.110956,-0.034069,0.814674,-0.59688,-0.301017,0.0603909,-0.919329,0.102904,0.249488,-0.0961329,-0.0811558,0.00615793,-0.00111679,0.0446731,-0.0110108,-0.00453694,0.00428151,0.411276,0.197564,-0.0410071,-0.0907028,0.151641,0.0905002,0.174772,-0.0107615,-0.0171944,0.416171,0.20597,0.193806,0.235586,0.10452,0.107523,0.814674,0.304157,0.22736,0.0603909,0.252145,-0.0468432,0.249488,-0.0298521,-0.12081,0.28261,0.110759,0.0818076,-0.0110108,0.0261138,-0.0421803,0.411276,-0.0885587,-0.207883,-0.0907028,0.111336,-0.0156149,0.174772,-0.17311,-0.154786,0.416171,0.225745,0.0746768,0.235586,-0.0099246,-0.0243716,0.814674,0.187641,0.0894717,0.0603909,0.262889,-0.0808628,0.249488,-0.024522,-0.0596628,0.28261,0.0646206,0.0497222,0.00615793,0.0120743,0.00915627,0.411276,0.0264623,-0.0669083,-0.0907028,0.0925571,0.0167603,0.174772,-0.111507,-0.0598199,0.416171,0.153817,0.0683344,0.235586,0.0167897,-0.00871939,0.814674,0.108305,0.0367106,0.0603909,0.186585,-0.0275072,0.249488,-0.139919,0.0414661,0.28261,-0.100433,0.0206022,0.00615793,-0.0851612,0.0113214,-0.0110108,-0.118468,0.0272684,-0.0907028,-0.0780898,0.0777861,0.174772,0.104631,0.157627,0.416171,-0.172812,0.0526419,0.235586,-0.0652959,0.0385184,0.814674,-0.0281359,-0.0381741,0.0603909,0.0908962,0.0715552,0.249488,0.155439,0.0497718,0.28261,-0.0757913,-0.115027,0.00615793,0.0631705,-0.010087,-0.0110108,0.135504,0.000972011,0.411276,-0.280471,-0.171665,0.174772,0.034739,-0.0512312,0.416171,-0.0312968,-0.135132,0.235586,-0.00813933,-0.0396293,0.814674,-0.0973212,-0.0416351,0.0603909,-0.25703,-0.00220416,0.249488,-0.0844742,0.0581255,0.28261,-0.0363686,0.0363725,0.00615793,-0.0618595,0.0150223,-0.0110108,-0.0869474,0.0352365,0.411276,0.302162,0.307103,-0.0907028,-0.0375672,0.0745443,0.416171,-0.163845,0.0490132,0.235586,-0.0288065,0.0611536,0.814674,-0.0665377,-0.00858364,0.0603909,0.0401728,0.0665069,0.249488,-0.268987,-0.182493,0.28261,0.398978,0.374912,0.00615793,-0.0508794,0.0693763,-0.0110108,-0.178318,0.00173162,0.411276,0.583945,0.102174,-0.0907028,0.382549,0.199662,0.174772,-0.161655,-0.0117775,0.235586,0.128718,0.13075,0.814674,0.471515,0.257967,0.0603909,0.863635,-0.0500814,0.249488,0.037331,-0.0441548,0.28261,0.442611,0.268007,0.00615793,0.090661,0.021568,-0.0110108,-0.0758486,-0.00386028,0.411276,0.466172,0.0491106,-0.0907028,-0.0516872,0.0855175,0.174772,0.232029,0.060868,0.416171,-0.149092,0.185353,0.814674,0.243935,0.277879,0.0603909,0.051806,-0.0490009,0.249488,0.0931296,-0.288605,0.28261,1.12873,0.687569,0.00615793,0.214814,0.0931023,-0.0110108,0.0768674,-0.0596635,0.411276,-0.0302592,-0.802412,-0.0907028,0.314897,0.0396372,0.174772,0.0260119,-0.341586,0.416171,0.680197,0.384107,0.235586,0.38161,0.304937,0.0603909,0.399394,-0.284985,0.249488,-0.0581118,0.0324458,0.28261,-0.128837,-0.0460542,0.00615793,-0.0448741,0.00325055,-0.0110108,-0.0529862,0.0168578,0.411276,0.197702,0.249628,-0.0907028,-0.0492382,0.0383876,0.174772,0.0229666,0.0881038,0.416171,-0.116478,0.0069,0.235586,-0.0648646,-0.0106609,0.814674,-0.0858837,-0.081709
0.308034,-0.429471,-0.42418,0.026413,-0.033032,-0.145886,0.000385109,-0.0252139,-0.0468573,0.431467,-0.198399,0.284125,-0.0726765,-0.561116,-0.104426,0.194358,0.389918,0.24227,0.461318,-0.885448,-0.445499,0.273024,-0.124173,-0.0478079,0.91125,-0.543377,-0.338708,0.076726,-0.96502,0.121344,0.299167,-0.123603,-0.0992261,0.026413,0.00570469,0.0619915,0.000385109,0.0329864,0.0201808,0.431467,0.209347,-0.0426056,-0.0726765,0.126595,0.07256,0.194358,-0.00716694,-0.0181212,0.461318,0.241771,0.214213,0.273024,0.123211,0.12554,0.91125,0.303817,0.252494,0.076726,0.246119,-0.0610544,0.299167,-0.0445874,-0.136753,0.308034,0.127468,0.0939876,0.000385109,0.0510054,-0.0247378,0.431467,-0.0879291,-0.215786,-0.0726765,0.108923,-0.0232556,0.194358,-0.18257,-0.168808,0.461318,0.23536,0.0879839,0.273024,-0.0111548,-0.0191347,0.91125,0.184823,0.105114,0.076726,0.281923,-0.0895818,0.299167,-0.0349459,-0.06938,0.308034,0.0757972,0.0559235,0.026413,0.0203897,0.0188295,0.431467,0.0290031,-0.0692963,-0.0726765,0.0934193,0.00992475,0.194358,-0.11342,-0.0653645,0.461318,0.156649,0.0773273,0.273024,0.0198146,-0.00672001,0.91125,0.0966437,0.0428901,0.076726,0.203115,-0.0297385,0.299167,-0.15071,0.0443245,0.308034,-0.0958712,0.0197581,0.026413,-0.0821916,0.00538757,0.000385109,-0.118508,0.0240354,-0.0726765,-0.101561,0.0693884,0.194358,0.116692,0.176217,0.461318,-0.180615,0.0548651,0.273024,-0.0667088,0.0397624,0.91125,-0.0397086,-0.0454037,0.076726,0.0983008,0.0878258,0.299167,0.17648,0.0597026,0.308034,-0.0994189,-0.125957,0.026413,0.0539157,-0.016706,0.000385109,0.119326,-0.00970549,0.431467,-0.29716,-0.181354,0.194358,0.0280233,-0.0603395,0.461318,-0.0458333,-0.149716,0.273024,-0.0175117,-0.0473555,0.91125,-0.0786403,-0.0472029,0.076726,-0.270094,-0.00747005,0.299167,-0.0866511,0.0626135,0.308034,-0.0329958,0.0360007,0.026413,-0.0618861,0.00702435,0.000385109,-0.09311,0.0295337,0.431467,0.319779,0.321226,-0.0726765,-0.055093,0.068547,0.461318,-0.16206,0.0498457,0.273024,-0.0259253,0.0642722,0.91125,-0.0744873,-0.0137799,0.076726,0.0345559,0.0767104,0.299167,-0.323037,-0.21999,0.308034,0.461773,0.410565,0.026413,-0.0195144,0.102433,0.000385109,-0.123821,0.0420145,0.431467,0.613671,0.10953,-0.0726765,0.348513,0.15784,0.194358,-0.141957,-0.00815166,0.273024,0.150581,0.156222,0.91125,0.432374,0.289049,0.076726,0.90063,-0.0554027,0.299167,-0.0074312,-0.0528327,0.308034,0.477169,0.292127,0.026413,0.107976,0.0315366,0.000385109,-0.0520837,0.00300236,0.431467,0.482504,0.0522644,-0.0726765,-0.0782236,0.0685404,0.194358,0.253541,0.0712753,0.461318,-0.122396,0.204871,0.91125,0.294241,0.308295,0.076726,0.0471522,-0.0642449,0.299167,0.0273215,-0.336919,0.308034,1.18284,0.755855,0.026413,0.258071,0.15353,0.000385109,0.171205,-0.0166184,0.431467,-0.0566628,-0.839609,-0.0726765,0.28408,0.0148085,0.194358,0.0330482,-0.376777,0.461318,0.757237,0.43244,0.273024,0.437119,0.366665,0.076726,0.377914,-0.357773,0.299167,-0.056725,0.0358971,0.308034,-0.125191,-0.0516918,0.026413,-0.0383307,-0.00166744,0.000385109,-0.0599151,0.0145884,0.431467,0.211417,0.261852,-0.0726765,-0.0575054,0.0349588,0.194358,0.0229049,0.0981937,0.461318,-0.13041,0.00569175,0.273024,-0.0720266,-0.015178,0.91125,-0.0984378,-0.092337
0.333458,-0.484767,-0.46248,0.0466681,-0.0665087,-0.193933,0.011781,-0.0959512,-0.0996622,0.451659,-0.21013,0.295598,-0.0546501,-0.530473,-0.0698775,0.213944,0.392139,0.265982,0.506464,-0.929107,-0.490988,0.310462,-0.127144,-0.0615469,1.00783,-0.488133,-0.376399,0.093061,-0.924703,0.139784,0.348845,-0.151073,-0.117296,0.0466681,0.013022,0.0793098,0.011781,0.070364,0.0360801,0.451659,0.220747,-0.0442041,-0.0546501,0.103497,0.0546199,0.213944,0.00214769,-0.0190479,0.506464,0.277571,0.234619,0.310462,0.139485,0.143556,1.00783,0.303618,0.277628,0.093061,0.210331,-0.0752656,0.348845,-0.0593227,-0.152696,0.333458,0.144016,0.106168,0.011781,0.0753859,-0.00729538,0.451659,-0.0875286,-0.223689,-0.0546501,0.103179,-0.0308963,0.213944,-0.191286,-0.182829,0.506464,0.244976,0.101291,0.310462,-0.0140526,-0.0138978,1.00783,0.180645,0.120757,0.093061,0.272051,-0.0983008,0.348845,-0.0453699,-0.0790971,0.333458,0.0867521,0.0621247,0.0466681,0.0287793,0.0285026,0.451659,0.0313999,-0.0716842,-0.0546501,0.0915911,0.00308919,0.213944,-0.113637,-0.0709091,0.506464,0.159482,0.0863202,0.310462,0.0207378,-0.00472063,1.00783,0.0843442,0.0490696,0.093061,0.201323,-0.0319698,0.348845,-0.161501,0.0471828,0.333458,-0.0891374,0.018914,0.0466681,-0.0789332,-0.000546242,0.011781,-0.117404,0.0208025,-0.0546501,-0.120966,0.0609907,0.213944,0.129854,0.194806,0.506464,-0.188419,0.0570884,0.310462,-0.0649139,0.0410064,1.00783,-0.0505425,-0.0526334,0.093061,0.103801,0.104096,0.348845,0.19752,0.0696335,0.333458,-0.122915,-0.136887,0.0466681,0.0443089,-0.0233249,0.011781,0.101974,-0.020383,0.451659,-0.313725,-0.191043,0.213944,0.0175032,-0.0694477,0.506464,-0.0603699,-0.1643,0.310462,-0.025715,-0.0550816,1.00783,-0.0603491,-0.0527706,0.093061,-0.260937,-0.0127359,0.348845,-0.088828,0.0671016,0.333458,-0.0288646,0.0356289,0.0466681,-0.061657,-0.000973614,0.011781,-0.0980958,0.0238309,0.451659,0.337414,0.335349,-0.0546501,-0.0694077,0.0625496,0.506464,-0.160276,0.0506783,0.310462,-0.0194569,0.0673908,1.00783,-0.0801979,-0.0189761,0.093061,0.030413,0.0869138,0.348845,-0.377087,-0.257486,0.333458,0.523545,0.446217,0.0466681,0.0128286,0.13549,0.011781,-0.0674958,0.0822975,0.451659,0.642715,0.116886,-0.0546501,0.309302,0.116018,0.213944,-0.113188,-0.00452584,0.310462,0.167027,0.181693,1.00783,0.393395,0.32013,0.093061,0.860927,-0.060724,0.348845,-0.0521934,-0.0615106,0.333458,0.50889,0.316246,0.0466681,0.125252,0.0415052,0.011781,-0.0257166,0.00986501,0.451659,0.498239,0.0554183,-0.0546501,-0.0985666,0.0515633,0.213944,0.27944,0.0816826,0.506464,-0.0956999,0.224389,1.00783,0.345175,0.338711,0.093061,0.0286666,-0.0794888,0.348845,-0.0384866,-0.385233,0.333458,1.23098,0.824142,0.0466681,0.301546,0.213958,0.011781,0.266125,0.0264267,0.451659,-0.0842013,-0.876807,-0.0546501,0.256392,-0.0100202,0.213944,0.0463049,-0.411969,0.506464,0.834277,0.480773,0.310462,0.484956,0.428392,0.093061,0.291701,-0.430561,0.348845,-0.0553382,0.0393484,0.333458,-0.120494,-0.0573294,0.0466681,-0.0318062,-0.00658543,0.011781,-0.066186,0.0123189,0.451659,0.225224,0.274075,-0.0546501,-0.0646731,0.0315301,0.213944,0.0219737,0.108284,0.506464,-0.144342,0.0044835,0.310462,-0.0778207,-0.0196952,1.00783,-0.110581,-0.102965
0.358883,-0.539535,-0.50078,0.0669231,-0.108175,-0.241981,0.023177,-0.164271,-0.152467,0.47185,-0.206825,0.307071,-0.0366238,-0.49002,-0.0353293,0.233531,0.381937,0.289695,0.551611,-0.972766,-0.536477,0.3479,-0.11595,-0.0752859,1.1044,-0.436605,-0.41409,0.109396,-0.790711,0.158224,0.398524,-0.178544,-0.135366,0.0669231,0.0257763,0.0966281,0.023177,0.106931,0.0519794,0.47185,0.224133,-0.0458027,-0.0366238,0.0824235,0.0366797,0.233531,0.0200549,-0.0199746,0.551611,0.313372,0.255025,0.3479,0.15261,0.161573,1.1044,0.304914,0.302762,0.109396,0.14279,-0.0894768,0.398524,-0.0740579,-0.168639,0.358883,0.16014,0.118348,0.023177,0.0982143,0.0101471,0.47185,-0.0918983,-0.231593,-0.0366238,0.0947431,-0.038537,0.233531,-0.198858,-0.196851,0.551611,0.254592,0.114598,0.3479,-0.0188793,-0.00866084,1.1044,0.176139,0.136399,0.109396,0.230398,-0.10702,0.398524,-0.0557938,-0.0888143,0.358883,0.0973904,0.068326,0.0669231,0.037982,0.0381758,0.47185,0.0308467,-0.0740722,-0.0366238,0.0874753,-0.00374637,0.233531,-0.111291,-0.0764537,0.551611,0.162314,0.0953131,0.3479,0.0186684,-0.00272125,1.1044,0.0726661,0.0552491,0.109396,0.179396,-0.0342011,0.398524,-0.172292,0.0500411,0.358883,-0.0801113,0.0180699,0.0669231,-0.0725086,-0.00648006,0.023177,-0.112934,0.0175695,-0.0366238,-0.136928,0.052593,0.233531,0.144836,0.213395,0.551611,-0.196223,0.0593116,0.3479,-0.0586115,0.0422504,1.1044,-0.0601359,-0.059863,0.109396,0.107599,0.120367,0.398524,0.21856,0.0795643,0.358883,-0.146225,-0.147817,0.0669231,0.0308428,-0.0299439,0.023177,0.0812775,-0.0310605,0.47185,-0.327734,-0.200732,0.233531,0.00110489,-0.078556,0.551611,-0.0749064,-0.178884,0.3479,-0.0321331,-0.0628078,1.1044,-0.0442404,-0.0583384,0.109396,-0.22785,-0.0180018,0.398524,-0.0910049,0.0715896,0.358883,-0.0239369,0.0352572,0.0669231,-0.0586241,-0.00897157,0.023177,-0.0993845,0.0181281,0.47185,0.355367,0.349471,-0.0366238,-0.0809744,0.0565523,0.551611,-0.158492,0.0515108,0.3479,-0.0080029,0.0705094,1.1044,-0.0833631,-0.0241723,0.109396,0.0283391,0.0971173,0.398524,-0.431137,-0.294983,0.358883,0.583965,0.481869,0.0669231,0.055893,0.168547,0.023177,-0.00572199,0.12258,0.47185,0.657777,0.124242,-0.0366238,0.265945,0.0741957,0.233531,-0.0707678,-0.000900011,0.3479,0.17592,0.207165,1.1044,0.359602,0.351211,0.109396,0.738098,-0.0660453,0.398524,-0.0969555,-0.0701885,0.358883,0.537886,0.340366,0.0669231,0.142098,0.0514738,0.023177,0.00857648,0.0167277,0.47185,0.50155,0.0585722,-0.0366238,-0.113631,0.0345862,0.233531,0.311662,0.0920899,0.551611,-0.0690038,0.243906,1.1044,0.396755,0.369128,0.109396,-0.00487336,-0.0947327,0.398524,-0.104295,-0.433546,0.358883,1.27314,0.892429,0.0669231,0.347422,0.274385,0.023177,0.362509,0.0694718,0.47185,-0.134712,-0.914005,-0.0366238,0.232341,-0.0348489,0.233531,0.0681049,-0.44716,0.551611,0.911318,0.529107,0.3479,0.523314,0.49012,0.109396,0.135072,-0.503349,0.398524,-0.0539514,0.0427997,0.358883,-0.11478,-0.0629669,0.0669231,-0.0254896,-0.0115034,0.023177,-0.0703801,0.0100495,0.47185,0.240909,0.286299,-0.0366238,-0.0710393,0.0281013,0.233531,0.0199745,0.118374,0.551611,-0.158275,0.00327526,0.3479,-0.0817821,-0.0242123,1.1044,-0.122004,-0.113593
0.384307,-0.593177,-0.53908,0.0871782,-0.152451,-0.290028,0.0345729,-0.230448,-0.205272,0.492041,-0.202683,0.318544,-0.0185975,-0.442463,-0.00078103,0.253117,0.363283,0.313407,0.596757,-1.01643,-0.581966,0.385338,-0.101164,-0.0890248,1.20098,-0.390944,-0.451781,0.125731,-0.594165,0.176664,0.448203,-0.203474,-0.153437,0.0871782,0.040257,0.113946,0.0345729,0.142668,0.0678787,0.492041,0.227062,-0.0474012,-0.0185975,0.0628223,0.0187395,0.253117,0.0436873,-0.0209014,0.596757,0.349173,0.275432,0.385338,0.165225,0.179589,1.20098,0.308076,0.327896,0.125731,0.0552093,-0.103688,0.448203,-0.0905156,-0.184582,0.384307,0.175525,0.130528,0.0345729,0.119766,0.0275895,0.492041,-0.0965393,-0.239496,-0.0185975,0.084359,-0.0461777,0.253117,-0.205622,-0.210873,0.596757,0.264208,0.127905,0.385338,-0.0238306,-0.00342392,1.20098,0.172008,0.152041,0.125731,0.167141,-0.115739,0.448203,-0.0668712,-0.0985314,0.384307,0.107577,0.0745273,0.0871782,0.0474701,0.047849,0.492041,0.0301297,-0.0764602,-0.0185975,0.0817013,-0.0105819,0.253117,-0.107198,-0.0819983,0.596757,0.165147,0.104306,0.385338,0.0157168,-0.000721867,1.20098,0.0621733,0.0614286,0.125731,0.14377,-0.0364324,0.448203,-0.1784,0.0528994,0.384307,-0.0683863,0.0172258,0.0871782,-0.0653187,-0.0124139,0.0345729,-0.105743,0.0143365,-0.0185975,-0.150395,0.0441954,0.253117,0.161298,0.231985,0.596757,-0.204027,0.0615348,0.385338,-0.0510198,0.0434944,1.20098,-0.0685466,-0.0670927,0.125731,0.110696,0.136638,0.448203,0.236745,0.0894952,0.384307,-0.169272,-0.158748,0.0871782,0.0162922,-0.0365628,0.0345729,0.0579295,-0.041738,0.492041,-0.341599,-0.210421,0.253117,-0.0194889,-0.0876642,0.596757,-0.089443,-0.193469,0.385338,-0.0379589,-0.0705339,1.20098,-0.0307479,-0.0639061,0.125731,-0.178942,-0.0232677,0.448203,-0.089733,0.0760776,0.384307,-0.0180748,0.0348854,0.0871782,-0.0549103,-0.0169695,0.0345729,-0.0975779,0.0124253,0.492041,0.373331,0.363594,-0.0185975,-0.0905489,0.050555,0.596757,-0.156708,0.0523434,0.385338,0.00481032,0.073628,1.20098,-0.0845261,-0.0293685,0.125731,0.028163,0.107321,0.448203,-0.481844,-0.33248,0.384307,0.642534,0.517521,0.0871782,0.102135,0.201604,0.0345729,0.0604853,0.162863,0.492041,0.67206,0.131598,-0.0185975,0.219586,0.0323735,0.253117,-0.019168,0.00272582,0.385338,0.182839,0.232636,1.20098,0.332473,0.382292,0.125731,0.559877,-0.0713666,0.448203,-0.137487,-0.0788664,0.384307,0.563926,0.364485,0.0871782,0.158897,0.0614424,0.0345729,0.0493977,0.0235903,0.492041,0.504154,0.0617261,-0.0185975,-0.124868,0.0176091,0.253117,0.347651,0.102497,0.596757,-0.0423077,0.263424,1.20098,0.44881,0.399544,0.125731,-0.0486278,-0.109977,0.448203,-0.171027,-0.48186,0.384307,1.30855,0.960715,0.0871782,0.394321,0.334813,0.0345729,0.459961,0.112517,0.492041,-0.186477,-0.951203,-0.0185975,0.210939,-0.0596776,0.253117,0.0942314,-0.482352,0.596757,0.988358,0.57744,0.385338,0.560532,0.551847,0.125731,-0.0684344,-0.576137,0.448203,-0.0514349,0.046251,0.384307,-0.107956,-0.0686045,0.0871782,-0.0194016,-0.0164214,0.0345729,-0.0728314,0.00778007,0.492041,0.256697,0.298522,-0.0185975,-0.0768264,0.0246726,0.253117,0.0176526,0.128463,0.596757,-0.172207,0.00206701,0.385338,-0.0853337,-0.0287294,1.20098,-0.132731,-0.124221
0.409731,-0.64529,-0.57738,0.107433,-0.205067,-0.338075,0.0459689,-0.292547,-0.258077,0.512232,-0.19152,0.330017,-0.000571163,-0.37943,0.0337672,0.272703,0.33758,0.337119,0.641904,-1.05336,-0.627454,0.422776,-0.0836934,-0.102764,1.29755,-0.359483,-0.489472,0.142066,-0.369214,0.195104,0.497882,-0.226891,-0.171507,0.107433,0.0602487,0.131265,0.0459689,0.176445,0.083778,0.512232,0.226144,-0.0489997,-0.000571163,0.0469469,0.000799396,0.272703,0.0718931,-0.0218281,0.641904,0.384083,0.295838,0.422776,0.178091,0.197606,1.29755,0.315351,0.35303,0.142066,-0.0406184,-0.117899,0.497882,-0.107915,-0.200525,0.409731,0.189969,0.142707,0.0459689,0.138993,0.045032,0.512232,-0.10346,-0.247399,-0.000571163,0.0697185,-0.0538184,0.272703,-0.211664,-0.224894,0.641904,0.2727,0.141212,0.422776,-0.0282196,0.00181301,1.29755,0.169508,0.167684,0.142066,0.0938042,-0.124458,0.497882,-0.078285,-0.108249,0.409731,0.117224,0.0807285,0.107433,0.0578878,0.0575222,0.512232,0.0280332,-0.0788482,-0.000571163,0.0721752,-0.0174175,0.272703,-0.101642,-0.0875429,0.641904,0.167175,0.113299,0.422776,0.0118417,0.00127751,1.29755,0.0547158,0.0676081,0.142066,0.10174,-0.0386637,0.497882,-0.181942,0.0557578,0.409731,-0.053793,0.0163817,0.107433,-0.05585,-0.0183477,0.0459689,-0.0939745,0.0111035,-0.000571163,-0.15823,0.0357977,0.272703,0.179409,0.250574,0.641904,-0.20694,0.0637581,0.422776,-0.0421182,0.0447384,1.29755,-0.0747282,-0.0743224,0.142066,0.113784,0.152908,0.497882,0.253315,0.099426,0.409731,-0.191987,-0.169678,0.107433,-0.00162367,-0.0431818,0.0459689,0.0302133,-0.0524155,0.512232,-0.354226,-0.22011,0.272703,-0.0439182,-0.0967724,0.641904,-0.105485,-0.208053,0.422776,-0.0431171,-0.0782601,1.29755,-0.0229094,-0.0694739,0.142066,-0.122956,-0.0285336,0.497882,-0.0866054,0.0805657,0.409731,-0.0112218,0.0345136,0.107433,-0.0491661,-0.0249675,0.0459689,-0.0903548,0.00672249,0.512232,0.391371,0.377716,-0.000571163,-0.0955964,0.0445577,0.641904,-0.151704,0.0531759,0.422776,0.0188855,0.0767466,1.29755,-0.0824899,-0.0345647,0.142066,0.0292133,0.117524,0.497882,-0.530693,-0.369976,0.409731,0.698912,0.553174,0.107433,0.158366,0.234661,0.0459689,0.134085,0.203146,0.512232,0.679785,0.138954,-0.000571163,0.166703,-0.00944867,0.272703,0.0399094,0.00635164,0.422776,0.188181,0.258108,1.29755,0.320231,0.413373,0.142066,0.356567,-0.0766878,0.497882,-0.175435,-0.0875443,0.409731,0.58692,0.388605,0.107433,0.175605,0.071411,0.0459689,0.101129,0.0304529,0.512232,0.500845,0.0648799,-0.000571163,-0.127433,0.000632047,0.272703,0.385876,0.112904,0.641904,-0.00820996,0.282942,1.29755,0.501566,0.42996,0.142066,-0.097146,-0.125221,0.497882,-0.238014,-0.530174,0.409731,1.33689,1.029,0.107433,0.444667,0.39524,0.0459689,0.558335,0.155562,0.512232,-0.248642,-0.988401,-0.000571163,0.196581,-0.0845063,0.272703,0.121442,-0.517544,0.641904,1.0637,0.625773,0.422776,0.599355,0.613575,0.142066,-0.293118,-0.648925,0.497882,-0.0483732,0.0497023,0.409731,-0.10002,-0.0742421,0.107433,-0.014154,-0.0213394,0.0459689,-0.0721938,0.00551063,0.512232,0.273312,0.310746,-0.000571163,-0.0814464,0.0212438,0.272703,0.0157483,0.138553,0.641904,-0.183011,0.000858761,0.422776,-0.0886749,-0.0332465,1.29755,-0.142131,-0.134849
0.435155,-0.695742,-0.61568,0.127688,-0.26528,-0.386122,0.0573648,-0.354122,-0.310881,0.532423,-0.171718,0.34149,0.0174552,-0.302559,0.0683154,0.292289,0.309941,0.360831,0.687051,-1.07783,-0.672943,0.460214,-0.0669025,-0.116503,1.39413,-0.342834,-0.527163,0.158401,-0.130955,0.213544,0.547561,-0.248249,-0.189577,0.127688,0.0852538,0.148583,0.0573648,0.209946,0.0996773,0.532423,0.220489,-0.0505982,0.0174552,0.0346103,-0.0171408,0.292289,0.101307,-0.0227548,0.687051,0.416984,0.316244,0.460214,0.192181,0.215622,1.39413,0.326714,0.378164,0.158401,-0.13769,-0.13211,0.547561,-0.126473,-0.216468,0.435155,0.203435,0.154887,0.0573648,0.157923,0.0624744,0.532423,-0.113189,-0.255302,0.0174552,0.0512673,-0.061459,0.292289,-0.217495,-0.238916,0.687051,0.279315,0.154519,0.460214,-0.0314142,0.00704993,1.39413,0.169079,0.183326,0.158401,0.0149068,-0.133177,0.547561,-0.09008,-0.117966,0.435155,0.126302,0.0869298,0.127688,0.0691814,0.0671954,0.532423,0.0242313,-0.0812362,0.0174552,0.0592086,-0.024253,0.292289,-0.0956828,-0.0930875,0.687051,0.167879,0.122292,0.460214,0.00766132,0.00327689,1.39413,0.0505079,0.0737877,0.158401,0.0561474,-0.0408951,0.547561,-0.182316,0.0586161,0.435155,-0.0365526,0.0155376,0.127688,-0.0445828,-0.0242815,0.0573648,-0.0816479,0.00787056,0.0174552,-0.160875,0.0274,0.292289,0.198067,0.269163,0.687051,-0.200379,0.0659813,0.460214,-0.0328418,0.0459823,1.39413,-0.0789058,-0.081552,0.158401,0.11782,0.169179,0.547561,0.26781,0.109357,0.435155,-0.214289,-0.180608,0.127688,-0.0224398,-0.0498007,0.0573648,0.00196817,-0.063093,0.532423,-0.365272,-0.2298,0.292289,-0.0694781,-0.105881,0.687051,-0.124302,-0.222637,0.460214,-0.0479858,-0.0859862,1.39413,-0.0206251,-0.0750416,0.158401,-0.063971,-0.0337995,0.547561,-0.0812431,0.0850537,0.435155,-0.00345466,0.0341419,0.127688,-0.0418154,-0.0329655,0.0573648,-0.0824609,0.00101968,0.532423,0.409458,0.391839,0.0174552,-0.0964663,0.0385603,0.687051,-0.140759,0.0540084,0.460214,0.0331434,0.0798652,1.39413,-0.0779505,-0.039761,0.158401,0.03196,0.127728,0.547561,-0.577207,-0.407473,0.435155,0.752949,0.588826,0.127688,0.223418,0.267718,0.0573648,0.208579,0.243429,0.532423,0.679415,0.14631,0.0174552,0.107963,-0.0512709,0.292289,0.100997,0.00997747,0.460214,0.193715,0.283579,1.39413,0.322883,0.444454,0.158401,0.141691,-0.0820091,0.547561,-0.209777,-0.0962222,0.435155,0.606952,0.412724,0.127688,0.192328,0.0813796,0.0573648,0.154175,0.0373156,0.532423,0.490326,0.0680338,0.0174552,-0.122153,-0.0163451,0.292289,0.424504,0.123312,0.687051,0.039999,0.30246,1.39413,0.554821,0.460376,0.158401,-0.148284,-0.140464,0.547561,-0.304918,-0.578488,0.435155,1.35867,1.09729,0.127688,0.498443,0.455668,0.0573648,0.656751,0.198607,0.532423,-0.323287,-1.0256,0.0174552,0.188961,-0.109335,0.292289,0.148364,-0.552735,0.687051,1.13589,0.674106,0.460214,0.642786,0.675302,0.158401,-0.527397,-0.721713,0.547561,-0.044756,0.0531536,0.435155,-0.0911255,-0.0798797,0.127688,-0.00985603,-0.0262574,0.0573648,-0.0711706,0.00324119,0.532423,0.290875,0.322969,0.0174552,-0.0850318,0.0178151,0.292289,0.014118,0.148643,0.687051,-0.187612,-0.000349487,0.460214,-0.0922654,-0.0377636,1.39413,-0.150327,-0.145477
0.46058,-0.744765,-0.65398,0.147943,-0.335087,-0.434169,0.0687607,-0.41187,-0.363686,0.552614,-0.144911,0.352963,0.0354815,-0.214239,0.102864,0.311876,0.279424,0.384544,0.732197,-1.10013,-0.718432,0.497652,-0.0530532,-0.130242,1.49071,-0.345484,-0.564854,0.174736,0.0868213,0.231984,0.59724,-0.266473,-0.207647,0.147943,0.116631,0.165901,0.0687607,0.240483,0.115577,0.552614,0.210991,-0.0521967,0.0354815,0.0248729,-0.0350809,0.311876,0.132114,-0.0236816,0.732197,0.44894,0.336651,0.497652,0.208313,0.233638,1.49071,0.343352,0.403298,0.174736,-0.223751,-0.146322,0.59724,-0.146683,-0.232411,0.46058,0.216101,0.167067,0.0687607,0.174594,0.0799169,0.552614,-0.125197,-0.263205,0.0354815,0.0296636,-0.0690997,0.311876,-0.222917,-0.252938,0.732197,0.285964,0.167826,0.497652,-0.0328189,0.0122868,1.49071,0.171519,0.198969,0.174736,-0.0583363,-0.141896,0.59724,-0.102386,-0.127683,0.46058,0.134901,0.0931311,0.147943,0.0815759,0.0768686,0.552614,0.019042,-0.0836242,0.0354815,0.0433077,-0.0310886,0.311876,-0.0891136,-0.0986321,0.732197,0.168639,0.131285,0.497652,0.00352271,0.00527627,1.49071,0.0505426,0.0799672,0.174736,0.0140867,-0.0431264,0.59724,-0.178161,0.0614744,0.46058,-0.0174065,0.0146936,0.147943,-0.0315293,-0.0302153,0.0687607,-0.0663259,0.00463759,0.0354815,-0.158897,0.0190023,0.311876,0.218363,0.287753,0.732197,-0.191513,0.0682045,0.497652,-0.0237291,0.0472263,1.49071,-0.0806308,-0.0887817,0.174736,0.123704,0.185449,0.59724,0.279261,0.119288,0.46058,-0.236176,-0.191538,0.147943,-0.0466575,-0.0564197,0.0687607,-0.0289978,-0.0737705,0.552614,-0.375004,-0.239489,0.311876,-0.0973875,-0.114989,0.732197,-0.143566,-0.237221,0.497652,-0.0527605,-0.0937124,1.49071,-0.0254101,-0.0806094,0.174736,-0.0107089,-0.0390654,0.59724,-0.0727413,0.0895417,0.46058,0.00497074,0.0337701,0.147943,-0.0329188,-0.0409634,0.0687607,-0.0706588,-0.00468313,0.552614,0.427554,0.405962,0.0354815,-0.0936713,0.032563,0.732197,-0.128849,0.054841,0.497652,0.0469225,0.0829838,1.49071,-0.0705279,-0.0449572,0.174736,0.0359892,0.137931,0.59724,-0.620343,-0.444969,0.46058,0.804966,0.624478,0.147943,0.298934,0.300775,0.0687607,0.2874,0.283712,0.552614,0.672467,0.153666,0.0354815,0.0441769,-0.0930931,0.311876,0.164717,0.0136033,0.497652,0.200603,0.309051,1.49071,0.344569,0.475535,0.174736,-0.0547229,-0.0873304,0.59724,-0.238548,-0.1049,0.46058,0.624651,0.436844,0.147943,0.209023,0.0913482,0.0687607,0.213242,0.0441782,0.552614,0.473998,0.0711877,0.0354815,-0.110843,-0.0333221,0.311876,0.461927,0.133719,0.732197,0.091272,0.321978,1.49071,0.60847,0.490793,0.174736,-0.196733,-0.155708,0.59724,-0.371306,-0.626802,0.46058,1.3756,1.16557,0.147943,0.556829,0.516096,0.0687607,0.752173,0.241652,0.552614,-0.407866,-1.0628,0.0354815,0.185705,-0.134164,0.311876,0.169829,-0.587927,0.732197,1.20751,0.722439,0.497652,0.693482,0.73703,0.174736,-0.745766,-0.794501,0.59724,-0.0404616,0.056605,0.46058,-0.0816108,-0.0855173,0.147943,-0.00707244,-0.0311754,0.0687607,-0.0677528,0.000971757,0.552614,0.309164,0.335193,0.0354815,-0.0875294,0.0143863,0.311876,0.0142628,0.158733,0.732197,-0.190468,-0.00155773,0.497652,-0.0964392,-0.0422807,1.49071,-0.157042,-0.156105
0.486004,-0.790653,-0.692281,0.168198,-0.40736,-0.482217,0.0801567,-0.468968,-0.416491,0.572806,-0.118104,0.364436,0.0535078,-0.11939,0.137412,0.331462,0.249082,0.408256,0.777344,-1.11764,-0.763921,0.53509,-0.0451806,-0.143981,1.58728,-0.367968,-0.602544,0.191071,0.254863,0.250424,0.646919,-0.282558,-0.225718,0.168198,0.14968,0.18322,0.0801567,0.270404,0.131476,0.572806,0.201494,-0.0537953,0.0535078,0.0162261,-0.0530211,0.331462,0.162454,-0.0246083,0.777344,0.478459,0.357057,0.53509,0.227632,0.251655,1.58728,0.365496,0.428432,0.191071,-0.28781,-0.160533,0.646919,-0.167982,-0.248354,0.486004,0.227158,0.179247,0.0801567,0.19087,0.0973593,0.572806,-0.137205,-0.271109,0.0535078,0.00626451,-0.0767404,0.331462,-0.228271,-0.266959,0.777344,0.292871,0.181133,0.53509,-0.0315871,0.0175238,1.58728,0.177123,0.214611,0.191071,-0.116341,-0.150615,0.646919,-0.115017,-0.1374,0.486004,0.142477,0.0993323,0.168198,0.0942403,0.0865418,0.572806,0.0138528,-0.0860122,0.0535078,0.0256604,-0.0379242,0.331462,-0.082571,-0.104177,0.777344,0.16968,0.140278,0.53509,-0.00012779,0.00727565,1.58728,0.0548485,0.0861467,0.191071,-0.018384,-0.0453577,0.646919,-0.171016,0.0643327,0.486004,0.00450882,0.0138495,0.168198,-0.0183017,-0.0361491,0.0801567,-0.050619,0.00140461,0.0535078,-0.15397,0.0106046,0.331462,0.239337,0.306342,0.777344,-0.177169,0.0704278,0.53509,-0.0154777,0.0484703,1.58728,-0.0800566,-0.0960113,0.191071,0.132351,0.20172,0.646919,0.288673,0.129219,0.486004,-0.256922,-0.202468,0.168198,-0.0716007,-0.0630387,0.0801567,-0.0602953,-0.084448,0.572806,-0.384736,-0.249178,0.331462,-0.125786,-0.124097,0.777344,-0.16381,-0.251805,0.53509,-0.0576873,-0.101439,1.58728,-0.0372317,-0.0861771,0.191071,0.0292358,-0.0443313,0.646919,-0.0621862,0.0940298,0.486004,0.0143528,0.0333983,0.168198,-0.0239195,-0.0489614,0.0801567,-0.0583058,-0.0103859,0.572806,0.44565,0.420084,0.0535078,-0.0885966,0.0265657,0.777344,-0.114828,0.0556735,0.53509,0.059353,0.0861024,1.58728,-0.0605695,-0.0501534,0.191071,0.0411075,0.148135,0.646919,-0.661231,-0.482466,0.486004,0.8525,0.660131,0.168198,0.376703,0.333832,0.0801567,0.366703,0.323995,0.572806,0.665519,0.161022,0.0535078,-0.0226939,-0.134915,0.331462,0.227937,0.0172291,0.53509,0.210396,0.334522,1.58728,0.385096,0.506616,0.191071,-0.206656,-0.0926517,0.646919,-0.263488,-0.113578,0.486004,0.638039,0.460963,0.168198,0.225645,0.101317,0.0801567,0.272919,0.0510409,0.572806,0.45767,0.0743416,0.0535078,-0.0966038,-0.0502992,0.331462,0.497715,0.144126,0.777344,0.149666,0.341495,1.58728,0.661718,0.521209,0.191071,-0.237958,-0.170952,0.646919,-0.437207,-0.675116,0.486004,1.38499,1.23386,0.168198,0.616522,0.576523,0.0801567,0.846701,0.284697,0.572806,-0.492444,-1.09999,0.0535078,0.183565,-0.158992,0.331462,0.186867,-0.623118,0.777344,1.27779,0.770773,0.53509,0.755188,0.798757,0.191071,-0.926104,-0.867289,0.646919,-0.0357628,0.0600563,0.486004,-0.0715145,-0.0911548,0.168198,-0.00486187,-0.0360934,0.0801567,-0.0639761,-0.00129768,0.572806,0.327453,0.347416,0.0535078,-0.089161,0.0109576,0.331462,0.0155937,0.168823,0.777344,-0.189081,-0.00276598,0.53509,-0.101651,-0.0467978,1.58728,-0.162338,-0.166733
0.511428,-0.836165,-0.730581,0.188453,-0.484748,-0.530264,0.0915526,-0.523061,-0.469296,0.592997,-0.0912975,0.375909,0.0715341,-0.0193282,0.17196,0.351048,0.221126,0.431968,0.82249,-1.13244,-0.80941,0.572528,-0.0485362,-0.15772,1.68386,-0.400165,-0.640235,0.207406,0.350529,0.268863,0.696598,-0.295515,-0.243788,0.188453,0.18621,0.200538,0.0915526,0.29635,0.147375,0.592997,0.191996,-0.0553938,0.0715341,0.00792577,-0.0709612,0.351048,0.190468,-0.025535,0.82249,0.506235,0.377463,0.572528,0.252265,0.269671,1.68386,0.390389,0.453566,0.207406,-0.321371,-0.174744,0.696598,-0.190842,-0.264297,0.511428,0.238027,0.191427,0.0915526,0.205221,0.114802,0.592997,-0.149212,-0.279012,0.0715341,-0.0185653,-0.0843811,0.351048,-0.233681,-0.280981,0.82249,0.300096,0.19444,0.572528,-0.0261001,0.0227607,1.68386,0.184366,0.230253,0.207406,-0.151739,-0.159334,0.696598,-0.128102,-0.147117,0.511428,0.149932,0.105534,0.188453,0.107459,0.0962149,0.592997,0.0086635,-0.0884002,0.0715341,0.00652106,-0.0447597,0.351048,-0.0765019,-0.109721,0.82249,0.171039,0.149271,0.572528,-0.00257983,0.00927503,1.68386,0.0611977,0.0923262,0.207406,-0.0365603,-0.047589,0.696598,-0.159583,0.0671911,0.511428,0.0267154,0.0130054,0.188453,-0.00483825,-0.0420829,0.0915526,-0.0344111,-0.00182836,0.0715341,-0.146272,0.00220693,0.351048,0.261337,0.324931,0.82249,-0.159365,0.072651,0.572528,-0.00921338,0.0497143,1.68386,-0.0784527,-0.103241,0.207406,0.144532,0.217991,0.696598,0.295134,0.139149,0.511428,-0.277525,-0.213398,0.188453,-0.097984,-0.0696576,0.0915526,-0.0917777,-0.0951255,0.592997,-0.394468,-0.258867,0.351048,-0.154173,-0.133205,0.82249,-0.184598,-0.266389,0.572528,-0.0631394,-0.109165,1.68386,-0.0524008,-0.0917449,0.207406,0.0498389,-0.0495971,0.696598,-0.048706,0.0985178,0.511428,0.0238355,0.0330265,0.188453,-0.0148365,-0.0569593,0.0915526,-0.0445755,-0.0160888,0.592997,0.463745,0.434207,0.0715341,-0.0814478,0.0205684,0.82249,-0.099648,0.0565061,0.572528,0.0689878,0.089221,1.68386,-0.0495447,-0.0553496,0.207406,0.0472743,0.158338,0.696598,-0.698886,-0.519962,0.511428,0.899497,0.695783,0.188453,0.458956,0.366889,0.0915526,0.445641,0.364278,0.592997,0.65857,0.168378,0.0715341,-0.0923024,-0.176737,0.351048,0.287934,0.0208549,0.572528,0.225757,0.359994,1.68386,0.434519,0.537697,0.207406,-0.293669,-0.097973,0.696598,-0.2828,-0.122256,0.511428,0.650934,0.485083,0.188453,0.242086,0.111285,0.0915526,0.33119,0.0579035,0.592997,0.441342,0.0774955,0.0715341,-0.080703,-0.0672763,0.351048,0.529267,0.154534,0.82249,0.212354,0.361013,1.68386,0.714375,0.551625,0.207406,-0.268215,-0.186196,0.696598,-0.502281,-0.72343,0.511428,1.39356,1.30215,0.188453,0.678979,0.636951,0.0915526,0.933181,0.327742,0.592997,-0.577022,-1.13719,0.0715341,0.18048,-0.183821,0.351048,0.193851,-0.65831,0.82249,1.34712,0.819106,0.572528,0.83496,0.860485,0.207406,-1.05141,-0.940077,0.696598,-0.0305226,0.0635076,0.511428,-0.0613708,-0.0967924,0.188453,-0.00392036,-0.0410113,0.0915526,-0.0590376,-0.00356712,0.592997,0.345743,0.359639,0.0715341,-0.0897729,0.00752881,0.351048,0.019418,0.178913,0.82249,-0.184913,-0.00397423,0.572528,-0.108712,-0.0513149,1.68386,-0.166982,-0.177361
0.536852,-0.881678,-0.768881,0.208709,-0.565028,-0.578311,0.102949,-0.576946,-0.522101,0.613188,-0.0573648,0.387382,0.0895605,0.0828769,0.206508,0.370635,0.197788,0.45568,0.867637,-1.14441,-0.854899,0.609967,-0.057059,-0.171459,1.78044,-0.445858,-0.677926,0.223741,0.387077,0.287303,0.746277,-0.304901,-0.261858,0.208709,0.224826,0.217856,0.102949,0.321875,0.163274,0.613188,0.178583,-0.0569923,0.0895605,-0.0013853,-0.0889014,0.370635,0.214566,-0.0264617,0.867637,0.53168,0.39787,0.609967,0.279191,0.287688,1.78044,0.419203,0.4787,0.223741,-0.329944,-0.188955,0.746277,-0.215433,-0.28024,0.536852,0.248896,0.203607,0.102949,0.219425,0.132244,0.613188,-0.163543,-0.286915,0.0895605,-0.043977,-0.0920218,0.370635,-0.239342,-0.295002,0.867637,0.307678,0.207747,0.609967,-0.0188126,0.0279976,1.78044,0.19406,0.245896,0.223741,-0.168903,-0.168053,0.746277,-0.141675,-0.156834,0.536852,0.157386,0.111735,0.208709,0.120945,0.105888,0.613188,0.00204995,-0.0907882,0.0895605,-0.0134461,-0.0515953,0.370635,-0.0713656,-0.115266,0.867637,0.172899,0.158264,0.609967,-0.00441675,0.0112744,1.78044,0.0702914,0.0985057,0.223741,-0.0430269,-0.0498203,0.746277,-0.14339,0.0700494,0.536852,0.0489221,0.0121613,0.208709,0.00777596,-0.0480168,0.102949,-0.0183315,-0.00506134,0.0895605,-0.136518,-0.00619075,0.370635,0.284128,0.343521,0.867637,-0.137678,0.0748742,0.609967,-0.00394678,0.0509583,1.78044,-0.0756038,-0.110471,0.223741,0.15987,0.234261,0.746277,0.298281,0.14908,0.536852,-0.298128,-0.224328,0.208709,-0.12467,-0.0762766,0.102949,-0.123101,-0.105803,0.613188,-0.402772,-0.268556,0.370635,-0.181568,-0.142314,0.867637,-0.205988,-0.280974,0.609967,-0.0688873,-0.116891,1.78044,-0.0720305,-0.0973126,0.223741,0.0540768,-0.054863,0.746277,-0.0320049,0.103006,0.536852,0.0333182,0.0326548,0.208709,-0.00672239,-0.0649573,0.102949,-0.0308985,-0.0217916,0.613188,0.481773,0.448329,0.0895605,-0.0728885,0.014571,0.867637,-0.0833068,0.0573386,0.609967,0.0772767,0.0923396,1.78044,-0.0373761,-0.0605459,0.223741,0.0547618,0.168542,0.746277,-0.73293,-0.557459,0.536852,0.946494,0.731435,0.208709,0.542242,0.399946,0.102949,0.524222,0.404561,0.613188,0.644887,0.175733,0.0895605,-0.163642,-0.21856,0.370635,0.342215,0.0244808,0.609967,0.243706,0.385465,1.78044,0.49566,0.568778,0.223741,-0.326505,-0.103294,0.746277,-0.295654,-0.130934,0.536852,0.663829,0.509202,0.208709,0.258191,0.121254,0.102949,0.388824,0.0647662,0.613188,0.419207,0.0806493,0.0895605,-0.0656118,-0.0842534,0.370635,0.555244,0.164941,0.867637,0.279329,0.380531,1.78044,0.765449,0.582041,0.223741,-0.288655,-0.20144,0.746277,-0.566239,-0.771744,0.536852,1.40214,1.37043,0.208709,0.743415,0.697378,0.102949,1.0186,0.370788,0.613188,-0.6712,-1.17439,0.0895605,0.172969,-0.20865,0.370635,0.188679,-0.693501,0.867637,1.41426,0.867439,0.609967,0.922454,0.922212,0.223741,-1.13223,-1.01286,0.746277,-0.0247392,0.0669589,0.536852,-0.051227,-0.10243,0.208709,-0.00432986,-0.0459293,0.102949,-0.0540817,-0.00583656,0.613188,0.364657,0.371863,0.0895605,-0.0892433,0.00410006,0.370635,0.0260814,0.189003,0.867637,-0.177446,-0.00518248,0.609967,-0.116599,-0.055832,1.78044,-0.170804,-0.187989
0.562277,-0.925471,-0.807181,0.228964,-0.646063,-0.626358,0.114344,-0.629097,-0.574905,0.633379,-0.0190797,0.398855,0.107587,0.183827,0.241057,0.390221,0.186012,0.479392,0.912783,-1.15447,-0.900388,0.647405,-0.0813043,-0.185198,1.87701,-0.501219,-0.715617,0.240077,0.371154,0.305743,0.795955,-0.30949,-0.279928,0.228964,0.264166,0.235175,0.114344,0.343499,0.179174,0.633379,0.162777,-0.0585908,0.107587,-0.012921,-0.106842,0.390221,0.229337,-0.0273885,0.912783,0.554853,0.418276,0.647405,0.312967,0.305704,1.87701,0.450979,0.503834,0.240077,-0.315831,-0.203166,0.795955,-0.242434,-0.296183,0.562277,0.258989,0.215787,0.114344,0.232371,0.149687,0.633379,-0.179292,-0.294818,0.107587,-0.0690325,-0.0996625,0.390221,-0.245804,-0.309024,0.912783,0.315495,0.221054,0.647405,-0.00616174,0.0332345,1.87701,0.205776,0.261538,0.240077,-0.170477,-0.176772,0.795955,-0.155831,-0.166551,0.562277,0.164302,0.117936,0.228964,0.134429,0.115561,0.633379,-0.00543353,-0.0931762,0.107587,-0.0334523,-0.0584308,0.390221,-0.0685779,-0.12081,0.912783,0.175315,0.167257,0.647405,-0.00433123,0.0132738,1.87701,0.0812073,0.104685,0.240077,-0.0391046,-0.0520516,0.795955,-0.12011,0.0729077,0.562277,0.0716368,0.0113172,0.228964,0.0186444,-0.0539506,0.114344,-0.00377084,-0.00829432,0.107587,-0.125729,-0.0145884,0.390221,0.308017,0.36211,0.912783,-0.11304,0.0770975,0.647405,-0.00176948,0.0522023,1.87701,-0.0721476,-0.1177,0.240077,0.178706,0.250532,0.795955,0.29641,0.159011,0.562277,-0.317941,-0.235258,0.228964,-0.150641,-0.0828955,0.114344,-0.152625,-0.11648,0.633379,-0.410203,-0.278245,0.390221,-0.205764,-0.151422,0.912783,-0.227836,-0.295558,0.647405,-0.0755875,-0.124617,1.87701,-0.094564,-0.10288,0.240077,0.0425562,-0.0601289,0.795955,-0.010663,0.107494,0.562277,0.0429768,0.032283,0.228964,-0.000437487,-0.0729553,0.114344,-0.0180792,-0.0274944,0.633379,0.49976,0.462452,0.107587,-0.0637927,0.00857371,0.912783,-0.066246,0.0581711,0.647405,0.0814282,0.0954582,1.87701,-0.0249067,-0.0657421,0.240077,0.0645467,0.178745,0.795955,-0.761467,-0.594955,0.562277,0.991005,0.767087,0.228964,0.623468,0.433003,0.114344,0.598916,0.444844,0.633379,0.627089,0.183089,0.107587,-0.235447,-0.260382,0.390221,0.382592,0.0281066,0.647405,0.269569,0.410937,1.87701,0.564216,0.599859,0.240077,-0.308812,-0.108616,0.795955,-0.298956,-0.139612,0.562277,0.67494,0.533322,0.228964,0.273849,0.131223,0.114344,0.439656,0.0716288,0.633379,0.393524,0.0838032,0.107587,-0.0536919,-0.101231,0.390221,0.569256,0.175348,0.912783,0.348828,0.400049,1.87701,0.814219,0.612458,0.240077,-0.298628,-0.216684,0.795955,-0.629445,-0.820057,0.562277,1.40879,1.43872,0.228964,0.809013,0.757806,0.114344,1.09381,0.413833,0.633379,-0.77124,-1.21159,0.107587,0.158188,-0.233478,0.390221,0.158555,-0.728693,0.912783,1.47812,0.915772,0.647405,1.03296,0.98394,0.240077,-1.17448,-1.08565,0.795955,-0.0179113,0.0704102,0.562277,-0.0413208,-0.108068,0.228964,-0.00607411,-0.0508473,0.114344,-0.0491576,-0.00810599,0.633379,0.383953,0.384086,0.107587,-0.0876183,0.000671316,0.390221,0.0383139,0.199093,0.912783,-0.167237,-0.00639073,0.647405,-0.12697,-0.0603491,1.87701,-0.174168,-0.198617
0.587701,-0.967457,-0.845481,0.249219,-0.726156,-0.674405,0.12574,-0.6804,-0.62771,0.65357,0.0260588,0.410328,0.125613,0.280098,0.275605,0.409807,0.178255,0.503105,0.95793,-1.1633,-0.945877,0.684843,-0.118913,-0.198937,1.97359,-0.562854,-0.753308,0.256412,0.332727,0.324183,0.845634,-0.313332,-0.297998,0.249219,0.303136,0.252493,0.12574,0.361747,0.195073,0.65357,0.143188,-0.0601893,0.125613,-0.0281139,-0.124782,0.409807,0.240887,-0.0283152,0.95793,0.575413,0.438682,0.684843,0.352203,0.323721,1.97359,0.484913,0.528969,0.256412,-0.291545,-0.217378,0.845634,-0.269815,-0.312126,0.587701,0.268272,0.227967,0.12574,0.244565,0.167129,0.65357,-0.197287,-0.302721,0.125613,-0.0927857,-0.107303,0.409807,-0.252557,-0.323046,0.95793,0.323456,0.234361,0.684843,0.0108605,0.0384715,1.97359,0.219205,0.277181,0.256412,-0.16589,-0.185491,0.845634,-0.170075,-0.176269,0.587701,0.170654,0.124137,0.249219,0.147705,0.125235,0.65357,-0.0143213,-0.0955642,0.125613,-0.0527421,-0.0652664,0.409807,-0.0666073,-0.126355,0.95793,0.178445,0.176249,0.684843,-0.00249197,0.0152732,1.97359,0.0930886,0.110865,0.256412,-0.0307308,-0.0542829,0.845634,-0.0956907,0.075766,0.587701,0.0948327,0.0104731,0.249219,0.0271852,-0.0598844,0.12574,0.00839807,-0.0115273,0.125613,-0.114767,-0.0229861,0.409807,0.332251,0.380699,0.95793,-0.0859544,0.0793207,0.684843,-0.00224271,0.0534463,1.97359,-0.0687261,-0.12493,0.256412,0.199656,0.266802,0.845634,0.293729,0.168942,0.587701,-0.336915,-0.246188,0.249219,-0.175158,-0.0895145,0.12574,-0.17953,-0.127158,0.65357,-0.416017,-0.287935,0.409807,-0.228819,-0.16053,0.95793,-0.250069,-0.310142,0.684843,-0.0832896,-0.132343,1.97359,-0.118542,-0.108448,0.256412,0.0231909,-0.0653948,0.845634,0.0114191,0.111982,0.587701,0.0528017,0.0319112,0.249219,0.00346949,-0.0809532,0.12574,-0.00718606,-0.0331972,0.65357,0.517474,0.476574,0.125613,-0.0549392,0.00257639,0.95793,-0.0488252,0.0590037,0.684843,0.0820019,0.0985768,1.97359,-0.013023,-0.0709383,0.256412,0.0763079,0.188948,0.845634,-0.789113,-0.632452,0.587701,1.0329,0.80274,0.249219,0.700375,0.46606,0.12574,0.668356,0.485127,0.65357,0.602698,0.190445,0.125613,-0.306551,-0.302204,0.409807,0.418152,0.0317324,0.684843,0.302455,0.436408,1.97359,0.636105,0.63094,0.256412,-0.2673,-0.113937,0.845634,-0.300729,-0.14829,0.587701,0.684205,0.557441,0.249219,0.289,0.141191,0.12574,0.481698,0.0784915,0.65357,0.362529,0.0869571,0.125613,-0.0475938,-0.118208,0.409807,0.579193,0.185755,0.95793,0.419356,0.419566,1.97359,0.859737,0.642874,0.256412,-0.302567,-0.231928,0.845634,-0.692577,-0.868371,0.587701,1.41353,1.50701,0.249219,0.87507,0.818234,0.12574,1.15896,0.456878,0.65357,-0.879157,-1.24879,0.125613,0.132537,-0.258307,0.409807,0.119987,-0.763885,0.95793,1.53692,0.964105,0.684843,1.16178,1.04567,0.256412,-1.201,-1.15844,0.845634,-0.010903,0.0738615,0.587701,-0.0316938,-0.113705,0.249219,-0.00905689,-0.0557653,0.12574,-0.044889,-0.0103754,0.65357,0.403544,0.39631,0.125613,-0.0848125,-0.00275743,0.409807,0.0524139,0.209183,0.95793,-0.154413,-0.00759897,0.684843,-0.139243,-0.0648662,1.97359,-0.177427,-0.209244
0.613125,-1.00622,-0.883781,0.269474,-0.803507,-0.722452,0.137136,-0.731264,-0.680515,0.673762,0.0740854,0.421801,0.143639,0.367704,0.310153,0.429393,0.170498,0.526817,1.00308,-1.172,-0.991366,0.722281,-0.165099,-0.212675,2.07016,-0.628785,-0.790999,0.272747,0.277912,0.342623,0.895313,-0.316207,-0.316069,0.269474,0.340619,0.269811,0.137136,0.376911,0.210972,0.673762,0.122004,-0.0617879,0.143639,-0.0485866,-0.142722,0.429393,0.252438,-0.0292419,1.00308,0.59508,0.459089,0.722281,0.394627,0.341737,2.07016,0.521048,0.554103,0.272747,-0.259236,-0.231589,0.895313,-0.297977,-0.328069,0.613125,0.276403,0.240147,0.137136,0.256248,0.184572,0.673762,-0.216229,-0.310625,0.143639,-0.114135,-0.114944,0.429393,-0.259309,-0.337067,1.00308,0.331426,0.247668,0.722281,0.0306026,0.0437084,2.07016,0.235053,0.292823,0.272747,-0.157536,-0.19421,0.895313,-0.184324,-0.185986,0.613125,0.176058,0.130339,0.269474,0.160535,0.134908,0.673762,-0.0238009,-0.0979522,0.143639,-0.0704265,-0.072102,0.429393,-0.0646367,-0.1319,1.00308,0.181844,0.185242,0.722281,0.000563539,0.0172726,2.07016,0.104956,0.117044,0.272747,-0.01912,-0.0565142,0.895313,-0.0679492,0.0786243,0.613125,0.116102,0.00962901,0.269474,0.0323935,-0.0658182,0.137136,0.0178257,-0.0147603,0.143639,-0.104672,-0.0313838,0.429393,0.356486,0.399289,1.00308,-0.0583274,0.0815439,0.722281,-0.00436637,0.0546903,2.07016,-0.0666604,-0.13216,0.272747,0.222987,0.283073,0.895313,0.288601,0.178873,0.613125,-0.353938,-0.257118,0.269474,-0.197233,-0.0961335,0.137136,-0.203496,-0.137836,0.673762,-0.42115,-0.297624,0.429393,-0.251874,-0.169638,1.00308,-0.272388,-0.324726,0.722281,-0.0918281,-0.140069,2.07016,-0.142144,-0.114016,0.272747,-0.00338042,-0.0706607,0.895313,0.0354086,0.11647,0.613125,0.0619624,0.0315395,0.269474,0.00401575,-0.0889512,0.137136,0.00133639,-0.0389,0.673762,0.535073,0.490697,0.143639,-0.0472579,-0.00342094,1.00308,-0.0314278,0.0598362,0.722281,0.0802597,0.101695,2.07016,-0.00396689,-0.0761345,0.272747,0.0908701,0.199152,0.895313,-0.813939,-0.669948,0.613125,1.07004,0.838392,0.269474,0.769975,0.499117,0.137136,0.732021,0.52541,0.673762,0.575529,0.197801,0.143639,-0.375575,-0.344026,0.429393,0.453712,0.0353583,0.722281,0.340199,0.46188,2.07016,0.705683,0.662021,0.272747,-0.205486,-0.119258,0.895313,-0.298572,-0.156968,0.613125,0.691772,0.58156,0.269474,0.303491,0.15116,0.137136,0.51421,0.0853541,0.673762,0.329295,0.090111,0.143639,-0.0503457,-0.135185,0.429393,0.58913,0.196163,1.00308,0.489649,0.439084,2.07016,0.897559,0.67329,0.272747,-0.299989,-0.247172,0.895313,-0.757688,-0.916685,0.613125,1.42096,1.57529,0.269474,0.941004,0.878661,0.137136,1.21427,0.499923,0.673762,-0.990393,-1.28598,0.143639,0.0919852,-0.283136,0.429393,0.0814189,-0.799076,1.00308,1.5936,1.01244,0.722281,1.30135,1.1074,0.272747,-1.21719,-1.23123,0.895313,-0.00278468,0.0773128,0.613125,-0.0240995,-0.119343,0.269474,-0.0134256,-0.0606833,0.137136,-0.0415431,-0.0126449,0.673762,0.423259,0.408533,0.143639,-0.080756,-0.00618618,0.429393,0.0665139,0.219273,1.00308,-0.140863,-0.00880722,0.722281,-0.152494,-0.0693833,2.07016,-0.181219,-0.219872
0.638549,-1.0446,-0.922081,0.289729,-0.876588,-0.7705,0.148532,-0.781894,-0.73332,0.693953,0.122112,0.433274,0.161666,0.447359,0.344701,0.44898,0.172427,0.550529,1.04822,-1.18081,-1.03685,0.759719,-0.218585,-0.226414,2.16674,-0.694716,-0.82869,0.289082,0.221742,0.361063,0.944992,-0.319093,-0.334139,0.289729,0.375638,0.28713,0.148532,0.388473,0.226872,0.693953,0.100819,-0.0633864,0.161666,-0.0734836,-0.160662,0.44898,0.25637,-0.0301687,1.04822,0.6119,0.479495,0.759719,0.43933,0.359754,2.16674,0.557183,0.579237,0.289082,-0.224828,-0.2458,0.944992,-0.326698,-0.344012,0.638549,0.28441,0.252327,0.148532,0.267477,0.202014,0.693953,-0.235171,-0.318528,0.161666,-0.133281,-0.122584,0.44898,-0.266949,-0.351089,1.04822,0.339359,0.260975,0.759719,0.0525455,0.0489453,2.16674,0.250901,0.308465,0.289082,-0.150561,-0.202929,0.944992,-0.198362,-0.195703,0.638549,0.181355,0.13654,0.289729,0.172727,0.144581,0.693953,-0.0332805,-0.10034,0.161666,-0.0865608,-0.0789375,0.44898,-0.0646394,-0.137444,1.04822,0.186136,0.194235,0.759719,0.00477873,0.0192719,2.16674,0.116824,0.123224,0.289082,-0.00725427,-0.0587455,0.944992,-0.0366095,0.0814827,0.638549,0.137084,0.00878492,0.289729,0.0336734,-0.071752,0.148532,0.0235895,-0.0179932,0.161666,-0.0957042,-0.0397815,0.44898,0.381479,0.417878,1.04822,-0.0294616,0.0837672,0.759719,-0.00782378,0.0559343,2.16674,-0.0645948,-0.139389,0.289082,0.248493,0.299344,0.944992,0.280748,0.188804,0.638549,-0.370727,-0.268049,0.289729,-0.216162,-0.102752,0.148532,-0.223572,-0.148513,0.693953,-0.426283,-0.307313,0.44898,-0.272128,-0.178747,1.04822,-0.294908,-0.33931,0.759719,-0.101345,-0.147795,2.16674,-0.165746,-0.119584,0.289082,-0.034053,-0.0759266,0.944992,0.0612473,0.120958,0.638549,0.0710239,0.0311677,0.289729,0.000633282,-0.0969491,0.148532,0.00658217,-0.0446028,0.693953,0.552673,0.50482,0.161666,-0.0408531,-0.00941826,1.04822,-0.0143453,0.0606688,0.759719,0.0765196,0.104814,2.16674,0.0050892,-0.0813307,0.289082,0.108862,0.209355,0.944992,-0.835521,-0.707445,0.638549,1.10664,0.874044,0.289729,0.830126,0.532174,0.148532,0.788129,0.565693,0.693953,0.548361,0.205157,0.161666,-0.442467,-0.385848,0.44898,0.477745,0.0389841,0.759719,0.382566,0.487351,2.16674,0.77526,0.693102,0.289082,-0.135056,-0.124579,0.944992,-0.29262,-0.165646,0.638549,0.699183,0.60568,0.289729,0.31725,0.161128,0.148532,0.534345,0.0922168,0.693953,0.296062,0.0932648,0.161666,-0.0606732,-0.152162,0.44898,0.58954,0.20657,1.04822,0.558226,0.458602,2.16674,0.935382,0.703706,0.289082,-0.29189,-0.262416,0.944992,-0.826862,-0.964999,0.638549,1.42885,1.64358,0.289729,1.00621,0.939089,0.148532,1.25756,0.542968,0.693953,-1.10163,-1.32318,0.161666,0.0392278,-0.307964,0.44898,0.0231421,-0.834268,1.04822,1.64281,1.06077,0.759719,1.44868,1.16912,0.289082,-1.23514,-1.30402,0.944992,0.00704755,0.0807642,0.638549,-0.0167748,-0.12498,0.289729,-0.0191397,-0.0656013,0.148532,-0.0395445,-0.0149143,0.693953,0.442974,0.420757,0.161666,-0.0758134,-0.00961493,0.44898,0.0848121,0.229363,1.04822,-0.125275,-0.0100155,0.759719,-0.16624,-0.0739004,2.16674,-0.185011,-0.2305
0.663973,-1.08299,-0.960381,0.309984,-0.943983,-0.818547,0.159928,-0.832629,-0.786125,0.714144,0.170139,0.444747,0.179692,0.510589,0.379249,0.468566,0.180218,0.574241,1.09337,-1.19068,-1.08234,0.797157,-0.276916,-0.240153,2.26332,-0.760648,-0.866381,0.305417,0.172256,0.379503,0.994671,-0.323365,-0.352209,0.309984,0.407261,0.304448,0.159928,0.396403,0.242771,0.714144,0.0796352,-0.0649849,0.179692,-0.106695,-0.178602,0.468566,0.255693,-0.0310954,1.09337,0.626464,0.499901,0.797157,0.484137,0.37777,2.26332,0.593319,0.604371,0.305417,-0.191622,-0.260011,0.994671,-0.355299,-0.359955,0.663973,0.292416,0.264507,0.159928,0.278427,0.219457,0.714144,-0.254113,-0.326431,0.179692,-0.147986,-0.130225,0.468566,-0.275126,-0.365111,1.09337,0.347133,0.274282,0.797157,0.0755755,0.0541822,2.26332,0.266748,0.324108,0.305417,-0.147581,-0.211648,0.994671,-0.212019,-0.20542,0.663973,0.186653,0.142741,0.309984,0.184097,0.154254,0.714144,-0.0427601,-0.102728,0.179692,-0.0993983,-0.0857731,0.468566,-0.0658362,-0.142989,1.09337,0.191215,0.203228,0.797157,0.0101678,0.0212713,2.26332,0.128691,0.129403,0.305417,0.00326567,-0.0609768,0.994671,-0.00364753,0.084341,0.663973,0.158066,0.00794083,0.309984,0.0303834,-0.0776858,0.159928,0.0250967,-0.0212262,0.179692,-0.0894361,-0.0481792,0.468566,0.406932,0.436467,1.09337,-0.000576962,0.0859904,0.797157,-0.0119343,0.0571783,2.26332,-0.0625291,-0.146619,0.305417,0.275933,0.315614,0.994671,0.271569,0.198735,0.663973,-0.387516,-0.278979,0.309984,-0.231216,-0.109371,0.159928,-0.239172,-0.159191,0.714144,-0.431416,-0.317002,0.468566,-0.290688,-0.187855,1.09337,-0.317441,-0.353895,0.797157,-0.112377,-0.155522,2.26332,-0.189348,-0.125151,0.305417,-0.0669402,-0.0811925,0.994671,0.0876357,0.125446,0.663973,0.0800853,0.0307959,0.309984,-0.00727199,-0.104947,0.159928,0.00790588,-0.0503056,0.714144,0.570272,0.518942,0.179692,-0.0372694,-0.0154156,1.09337,0.00201187,0.0615013,0.797157,0.0713676,0.107933,2.26332,0.0141453,-0.086527,0.305417,0.130419,0.219559,0.994671,-0.855389,-0.744941,0.663973,1.14323,0.909697,0.309984,0.878676,0.565231,0.159928,0.83563,0.605975,0.714144,0.521192,0.212513,0.179692,-0.504377,-0.427671,0.468566,0.494803,0.0426099,0.797157,0.429584,0.512823,2.26332,0.844837,0.724183,0.305417,-0.0627153,-0.129901,0.994671,-0.285566,-0.174323,0.663973,0.706594,0.629799,0.309984,0.330088,0.171097,0.159928,0.540484,0.0990794,0.714144,0.262828,0.0964187,0.179692,-0.0855876,-0.169139,0.468566,0.584183,0.216977,1.09337,0.623537,0.47812,2.26332,0.973204,0.734122,0.305417,-0.279155,-0.27766,0.994671,-0.900383,-1.01331,0.663973,1.43674,1.71187,0.309984,1.07017,0.999516,0.159928,1.28809,0.586013,0.714144,-1.21286,-1.36038,0.179692,-0.0364565,-0.332793,0.468566,-0.0470621,-0.869459,1.09337,1.68481,1.10911,0.797157,1.59665,1.23085,0.305417,-1.26111,-1.3768,0.994671,0.0183224,0.0842155,0.663973,-0.00945001,-0.130618,0.309984,-0.0262248,-0.0705193,0.159928,-0.0392321,-0.0171837,0.714144,0.462689,0.43298,0.179692,-0.0693928,-0.0130437,0.468566,0.105651,0.239453,1.09337,-0.108619,-0.0112237,0.797157,-0.179221,-0.0784176,2.26332,-0.188802,-0.241128
0.689398,-1.12063,-0.998682,0.330239,-1.00502,-0.866594,0.171324,-0.883694,-0.83893,0.734335,0.218165,0.45622,0.197718,0.563047,0.413798,0.488152,0.198811,0.597954,1.13852,-1.20267,-1.12783,0.834595,-0.335781,-0.253892,2.35989,-0.823315,-0.904072,0.321752,0.133337,0.397943,1.04435,-0.331295,-0.370279,0.330239,0.434822,0.321766,0.171324,0.400376,0.25867,0.734335,0.0584509,-0.0665834,0.197718,-0.144001,-0.196542,0.488152,0.246806,-0.0320221,1.13852,0.638579,0.520308,0.834595,0.528807,0.395786,2.35989,0.629541,0.629505,0.321752,-0.160924,-0.274223,1.04435,-0.383094,-0.375898,0.689398,0.30021,0.276687,0.171324,0.289184,0.236899,0.734335,-0.273055,-0.334334,0.197718,-0.160147,-0.137866,0.488152,-0.284689,-0.379132,1.13852,0.354609,0.287589,0.834595,0.0986863,0.0594191,2.35989,0.28379,0.33975,0.321752,-0.150281,-0.220367,1.04435,-0.224854,-0.215137,0.689398,0.19174,0.148942,0.330239,0.194531,0.163927,0.734335,-0.0522397,-0.105116,0.197718,-0.110029,-0.0926086,0.488152,-0.0692422,-0.148533,1.13852,0.197223,0.212221,0.834595,0.0157284,0.0232707,2.35989,0.138927,0.135583,0.321752,0.0116341,-0.0632081,1.04435,0.0304846,0.0871993,0.689398,0.178048,0.00709674,0.330239,0.0224284,-0.0836196,0.171324,0.0216094,-0.0244592,0.197718,-0.0850237,-0.0565769,0.488152,0.433108,0.455057,1.13852,0.0273912,0.0882136,0.834595,-0.0160926,0.0584222,2.35989,-0.0626829,-0.153849,0.321752,0.305799,0.331885,1.04435,0.261247,0.208665,0.689398,-0.403758,-0.289909,0.330239,-0.241983,-0.11599,0.171324,-0.249544,-0.169868,0.734335,-0.436548,-0.326691,0.488152,-0.306041,-0.196963,1.13852,-0.339846,-0.368479,0.834595,-0.123666,-0.163248,2.35989,-0.209905,-0.130719,0.321752,-0.102228,-0.0864584,1.04435,0.113875,0.129934,0.689398,0.0888016,0.0304242,0.330239,-0.0196271,-0.112945,0.171324,0.00456454,-0.0560084,0.734335,0.587872,0.533065,0.197718,-0.0354403,-0.0214129,1.13852,0.0171176,0.0623339,0.834595,0.0660512,0.111051,2.35989,0.0194389,-0.0917232,0.321752,0.156627,0.229762,1.04435,-0.873536,-0.782438,0.689398,1.1787,0.945349,0.330239,0.914765,0.598288,0.171324,0.873129,0.646258,0.734335,0.494023,0.219869,0.197718,-0.561791,-0.469493,0.488152,0.499158,0.0462357,0.834595,0.47728,0.538294,2.35989,0.904978,0.755265,0.321752,0.0104367,-0.135222,1.04435,-0.278884,-0.183001,0.689398,0.713921,0.653919,0.330239,0.341389,0.181066,0.171324,0.530412,0.105942,0.734335,0.229595,0.0995726,0.197718,-0.118325,-0.186116,0.488152,0.56875,0.227385,1.13852,0.683442,0.497638,2.35989,1.00356,0.764539,0.321752,-0.260785,-0.292904,1.04435,-0.98187,-1.06163,0.689398,1.44646,1.78015,0.330239,1.13256,1.05994,0.171324,1.3043,0.629058,0.734335,-1.3241,-1.39758,0.197718,-0.124519,-0.357622,0.488152,-0.138077,-0.904651,1.13852,1.71768,1.15744,0.834595,1.74423,1.29258,0.321752,-1.29872,-1.44959,1.04435,0.0319242,0.0876668,0.689398,-0.00290443,-0.136256,0.330239,-0.0345864,-0.0754373,0.171324,-0.0409648,-0.0194532,0.734335,0.482404,0.445204,0.197718,-0.0622797,-0.0164724,0.488152,0.13058,0.249543,1.13852,-0.0913375,-0.012432,0.834595,-0.192003,-0.0829347,2.35989,-0.193664,-0.251756
0.714822,-1.15578,-1.03698,0.350494,-1.06206,-0.914641,0.18272,-0.935433,-0.891734,0.754526,0.270204,0.467693,0.215745,0.604375,0.448346,0.507738,0.221501,0.621666,1.18366,-1.21588,-1.17332,0.872033,-0.393924,-0.267631,2.45647,-0.881461,-0.941763,0.338087,0.0966974,0.416383,1.09403,-0.344356,-0.388349,0.350494,0.459702,0.339085,0.18272,0.399758,0.27457,0.754526,0.0350349,-0.0681819,0.215745,-0.185454,-0.214482,0.507738,0.234823,-0.0329489,1.18366,0.649537,0.540714,0.872033,0.571667,0.413803,2.45647,0.665393,0.654639,0.338087,-0.130793,-0.288434,1.09403,-0.40952,-0.391842,0.714822,0.307333,0.288867,0.18272,0.299864,0.254341,0.754526,-0.293323,-0.342237,0.215745,-0.169704,-0.145507,0.507738,-0.2948,-0.393154,1.18366,0.361913,0.300896,0.872033,0.12116,0.0646561,2.45647,0.301694,0.355393,0.338087,-0.154178,-0.229086,1.09403,-0.236626,-0.224854,0.714822,0.196145,0.155144,0.350494,0.204367,0.1736,0.754526,-0.0625732,-0.107504,0.215745,-0.118376,-0.0994442,0.507738,-0.0734869,-0.154078,1.18366,0.203689,0.221214,0.872033,0.0216287,0.0252701,2.45647,0.147329,0.141762,0.338087,0.0195371,-0.0654394,1.09403,0.0647256,0.0900576,0.714822,0.194519,0.00625265,0.350494,0.0117232,-0.0895534,0.18272,0.0118577,-0.0276922,0.215745,-0.0825317,-0.0649746,0.507738,0.459551,0.473646,1.18366,0.0547053,0.0904369,0.872033,-0.0198582,0.0596662,2.45647,-0.0651078,-0.161078,0.338087,0.336161,0.348155,1.09403,0.250481,0.218596,0.714822,-0.418172,-0.300839,0.350494,-0.250057,-0.122609,0.18272,-0.253374,-0.180546,0.754526,-0.44051,-0.336381,0.507738,-0.320174,-0.206071,1.18366,-0.362157,-0.383063,0.872033,-0.135832,-0.170974,2.45647,-0.227067,-0.136287,0.338087,-0.137989,-0.0917242,1.09403,0.139117,0.134422,0.714822,0.0963066,0.0300524,0.350494,-0.0345156,-0.120943,0.18272,-0.0047223,-0.0617112,0.754526,0.605121,0.547187,0.215745,-0.0354167,-0.0274102,1.18366,0.0315224,0.0631664,0.872033,0.0608359,0.11417,2.45647,0.0210354,-0.0969194,0.338087,0.183798,0.239966,1.09403,-0.890653,-0.819934,0.714822,1.21045,0.981001,0.350494,0.943214,0.631344,0.18272,0.89814,0.686541,0.754526,0.462889,0.227225,0.215745,-0.614484,-0.511315,0.507738,0.498705,0.0498616,0.872033,0.526299,0.563766,2.45647,0.95489,0.786346,0.338087,0.083671,-0.140543,1.09403,-0.274341,-0.191679,0.714822,0.721109,0.678038,0.350494,0.351455,0.191034,0.18272,0.500168,0.112805,0.754526,0.193503,0.102726,0.215745,-0.159038,-0.203093,0.507738,0.549528,0.237792,1.18366,0.740352,0.517155,2.45647,1.02698,0.794955,0.338087,-0.241271,-0.308148,1.09403,-1.07281,-1.10994,0.714822,1.46268,1.84844,0.350494,1.19387,1.12037,0.18272,1.30319,0.672103,0.754526,-1.4387,-1.43478,0.215745,-0.225211,-0.382451,0.507738,-0.236916,-0.939842,1.18366,1.74593,1.20577,0.872033,1.88597,1.35431,0.338087,-1.33879,-1.52238,1.09403,0.0480625,0.0911181,0.714822,0.000961281,-0.141893,0.350494,-0.0436497,-0.0803553,0.18272,-0.0453319,-0.0217226,0.754526,0.50201,0.457427,0.215745,-0.0544669,-0.0199012,0.507738,0.157025,0.259633,1.18366,-0.0738848,-0.0136402,0.872033,-0.203507,-0.0874518,2.45647,-0.199665,-0.262384
0.740246,-1.1883,-1.07528,0.370749,-1.11452,-0.962688,0.194116,-0.987919,-0.944539,0.774717,0.325131,0.479166,0.233771,0.645703,0.482894,0.527325,0.244191,0.645378,1.22881,-1.23275,-1.21881,0.909471,-0.446985,-0.28137,2.55304,-0.933082,-0.979454,0.354422,0.0621839,0.434823,1.14371,-0.363893,-0.40642,0.370749,0.481213,0.356403,0.194116,0.395271,0.290469,0.774717,0.00999578,-0.0697804,0.233771,-0.226907,-0.232423,0.527325,0.22284,-0.0338756,1.22881,0.657794,0.56112,0.909471,0.609289,0.431819,2.55304,0.700246,0.679773,0.354422,-0.101278,-0.302645,1.14371,-0.43408,-0.407785,0.740246,0.314061,0.301047,0.194116,0.31054,0.271784,0.774717,-0.314559,-0.350141,0.233771,-0.179262,-0.153147,0.527325,-0.30491,-0.407175,1.22881,0.368711,0.314203,0.909471,0.141135,0.069893,2.55304,0.32031,0.371035,0.354422,-0.159107,-0.237805,1.14371,-0.247107,-0.234571,0.740246,0.199889,0.161345,0.370749,0.213496,0.183274,0.774717,-0.0735547,-0.109892,0.233771,-0.126724,-0.10628,0.527325,-0.0777315,-0.159623,1.22881,0.211285,0.230207,0.909471,0.027768,0.0272695,2.55304,0.153362,0.147942,0.354422,0.0270015,-0.0676707,1.14371,0.0982129,0.092916,0.740246,0.204229,0.00540856,0.370749,-0.0017052,-0.0954873,0.194116,-0.00338074,-0.0309251,0.233771,-0.0800398,-0.0733722,0.527325,0.485994,0.492235,1.22881,0.0796971,0.0926601,0.909471,-0.0220951,0.0609102,2.55304,-0.0704732,-0.168308,0.354422,0.366905,0.364426,1.14371,0.239831,0.228527,0.740246,-0.430147,-0.311769,0.370749,-0.255048,-0.129228,0.194116,-0.251363,-0.191223,0.774717,-0.443392,-0.34607,0.527325,-0.334307,-0.21518,1.22881,-0.384126,-0.397647,0.909471,-0.149558,-0.1787,2.55304,-0.239679,-0.141855,0.354422,-0.174047,-0.0969901,1.14371,0.162642,0.13891,0.740246,0.101478,0.0296806,0.370749,-0.0516876,-0.128941,0.194116,-0.0193835,-0.067414,0.774717,0.621918,0.56131,0.233771,-0.0353931,-0.0334076,1.22881,0.0438988,0.0639989,0.909471,0.056789,0.117288,2.55304,0.018175,-0.102116,0.354422,0.21174,0.250169,1.14371,-0.907272,-0.857431,0.740246,1.23817,1.01665,0.370749,0.963368,0.664401,0.194116,0.91178,0.726824,0.774717,0.42879,0.234581,0.233771,-0.667178,-0.553137,0.527325,0.498251,0.0534874,0.909471,0.576197,0.589237,2.55304,0.991583,0.817427,0.354422,0.156695,-0.145865,1.14371,-0.27344,-0.200357,0.740246,0.729882,0.702158,0.370749,0.359473,0.201003,0.194116,0.451561,0.119667,0.774717,0.15562,0.10588,0.233771,-0.199751,-0.22007,0.527325,0.530305,0.248199,1.22881,0.7887,0.536673,2.55304,1.0424,0.825371,0.354422,-0.220915,-0.323392,1.14371,-1.17468,-1.15825,0.740246,1.49245,1.91673,0.370749,1.2538,1.1808,0.194116,1.28583,0.715148,0.774717,-1.5544,-1.47197,0.233771,-0.325904,-0.407279,0.527325,-0.335755,-0.975034,1.22881,1.76235,1.2541,0.909471,2.01065,1.41603,0.354422,-1.38103,-1.59517,1.14371,0.0669787,0.0945694,0.740246,0.00030693,-0.147531,0.370749,-0.0532807,-0.0852732,0.194116,-0.0519398,-0.0239921,0.774717,0.52124,0.469651,0.233771,-0.046654,-0.0233299,0.527325,0.18347,0.269723,1.22881,-0.0564872,-0.0148485,0.909471,-0.211835,-0.0919689,2.55304,-0.207259,-0.273012
0.76567,-1.21992,-1.11358,0.391004,-1.16115,-1.01074,0.205512,-1.04083,-0.997344,0.794909,0.38049,0.490639,0.251797,0.681257,0.517442,0.546911,0.270759,0.66909,1.27396,-1.25444,-1.2643,0.946909,-0.495576,-0.295109,2.64962,-0.983875,-1.01714,0.370757,0.0380455,0.453263,1.19339,-0.391487,-0.42449,0.391004,0.498129,0.373721,0.205512,0.389055,0.306368,0.794909,-0.0152905,-0.071379,0.251797,-0.269351,-0.250363,0.546911,0.208024,-0.0348023,1.27396,0.663381,0.581527,0.946909,0.643426,0.449836,2.64962,0.734964,0.704907,0.370757,-0.0748623,-0.316856,1.19339,-0.456208,-0.423728,0.76567,0.320677,0.313227,0.205512,0.321234,0.289226,0.794909,-0.335942,-0.358044,0.251797,-0.187795,-0.160788,0.546911,-0.315674,-0.421197,1.27396,0.374851,0.32751,0.946909,0.159209,0.0751299,2.64962,0.339014,0.386677,0.370757,-0.168966,-0.246524,1.19339,-0.256022,-0.244289,0.76567,0.203414,0.167546,0.391004,0.2217,0.192947,0.794909,-0.0846402,-0.11228,0.251797,-0.133854,-0.113115,0.546911,-0.0827724,-0.165167,1.27396,0.220093,0.2392,0.946909,0.0337962,0.0292688,2.64962,0.159096,0.154121,0.370757,0.0323215,-0.069902,1.19339,0.130081,0.0957743,0.76567,0.21144,0.00456447,0.391004,-0.0181916,-0.101421,0.205512,-0.0211427,-0.0341581,0.251797,-0.0785886,-0.0817699,0.546911,0.512647,0.510825,1.27396,0.101224,0.0948833,0.946909,-0.0231719,0.0621542,2.64962,-0.0762177,-0.175538,0.370757,0.399415,0.380697,1.19339,0.229836,0.238458,0.76567,-0.441262,-0.322699,0.391004,-0.256106,-0.135847,0.205512,-0.246576,-0.201901,0.794909,-0.446064,-0.355759,0.546911,-0.347256,-0.224288,1.27396,-0.405581,-0.412231,0.946909,-0.163968,-0.186426,2.64962,-0.251706,-0.147422,0.370757,-0.211395,-0.102256,1.19339,0.183675,0.143398,0.76567,0.105787,0.0293088,0.391004,-0.0711685,-0.136939,0.205512,-0.036633,-0.0731168,0.794909,0.638606,0.575433,0.251797,-0.0362032,-0.0394049,1.27396,0.053691,0.0648315,0.946909,0.0538381,0.120407,2.64962,0.0147487,-0.107312,0.370757,0.243302,0.260373,1.19339,-0.923877,-0.894927,0.76567,1.26451,1.05231,0.391004,0.973378,0.697458,0.205512,0.919831,0.767107,0.794909,0.394223,0.241937,0.251797,-0.716359,-0.594959,0.546911,0.4933,0.0571132,0.946909,0.62561,0.614709,2.64962,1.02659,0.848508,0.370757,0.228359,-0.151186,1.19339,-0.277771,-0.209035,0.76567,0.739309,0.726277,0.391004,0.364255,0.210971,0.205512,0.393921,0.12653,0.794909,0.117523,0.109034,0.251797,-0.243111,-0.237047,0.546911,0.507683,0.258606,1.27396,0.826263,0.556191,2.64962,1.05681,0.855787,0.370757,-0.196705,-0.338636,1.19339,-1.28936,-1.20657,0.76567,1.52725,1.98501,0.391004,1.31178,1.24123,0.205512,1.26001,0.758194,0.794909,-1.66999,-1.50917,0.251797,-0.430936,-0.432108,0.546911,-0.441603,-1.01023,1.27396,1.76545,1.30244,0.946909,2.12391,1.47776,0.370757,-1.43362,-1.66796,1.19339,0.0890316,0.0980207,0.76567,-0.0019929,-0.153168,0.391004,-0.0634046,-0.0901912,0.205512,-0.0595119,-0.0262615,0.794909,0.540353,0.481874,0.251797,-0.0386986,-0.0267587,0.546911,0.21115,0.279812,1.27396,-0.0398074,-0.0160567,0.946909,-0.218238,-0.096486,2.64962,-0.215062,-0.28364
0.791095,-1.25154,-1.15188,0.411259,-1.20772,-1.05878,0.216908,-1.09432,-1.05015,0.8151,0.43585,0.502112,0.269824,0.706794,0.551991,0.566497,0.307372,0.692803,1.3191,-1.27892,-1.30979,0.984347,-0.533771,-0.308848,2.7462,-1.03314,-1.05484,0.387092,0.0700589,0.471703,1.24307,-0.426893,-0.44256,0.411259,0.514981,0.39104,0.216908,0.381036,0.322267,0.8151,-0.0405789,-0.0729775,0.269824,-0.312254,-0.268303,0.566497,0.186047,-0.035729,1.3191,0.667656,0.601933,0.984347,0.670024,0.467852,2.7462,0.769392,0.730041,0.387092,-0.0827305,-0.331067,1.24307,-0.475716,-0.439671,0.791095,0.327292,0.325407,0.216908,0.33198,0.306669,0.8151,-0.357326,-0.365947,0.269824,-0.194904,-0.168429,0.566497,-0.328376,-0.435219,1.3191,0.38061,0.340817,0.984347,0.173014,0.0803668,2.7462,0.357862,0.40232,0.387092,-0.187728,-0.255243,1.24307,-0.263415,-0.254006,0.791095,0.206939,0.173748,0.411259,0.229893,0.20262,0.8151,-0.0957292,-0.114668,0.269824,-0.138839,-0.119951,0.566497,-0.089882,-0.170712,1.3191,0.229532,0.248193,0.984347,0.0394029,0.0312682,2.7462,0.164285,0.160301,0.387092,0.025161,-0.0721333,1.24307,0.159164,0.0986326,0.791095,0.218652,0.00372038,0.411259,-0.0347062,-0.107355,0.216908,-0.0416556,-0.0373911,0.269824,-0.0789918,-0.0901676,0.566497,0.539769,0.529414,1.3191,0.120626,0.0971065,0.984347,-0.0216428,0.0633982,2.7462,-0.0826907,-0.182767,0.387092,0.424564,0.396967,1.24307,0.221228,0.248389,0.791095,-0.452377,-0.333629,0.411259,-0.257116,-0.142466,0.216908,-0.238619,-0.212578,0.8151,-0.448712,-0.365448,0.566497,-0.357089,-0.233396,1.3191,-0.426717,-0.426816,0.984347,-0.179618,-0.194152,2.7462,-0.262628,-0.15299,0.387092,-0.226387,-0.107522,1.24307,0.201495,0.147886,0.791095,0.110096,0.0289371,0.411259,-0.0906638,-0.144937,0.216908,-0.0568876,-0.0788197,0.8151,0.655273,0.589555,0.269824,-0.0383483,-0.0454022,1.3191,0.0620053,0.065664,0.984347,0.0534719,0.123526,2.7462,0.0102807,-0.112508,0.387092,0.268401,0.270576,1.24307,-0.941124,-0.932424,0.791095,1.29085,1.08796,0.411259,0.983273,0.730515,0.216908,0.921224,0.80739,0.8151,0.359645,0.249293,0.269824,-0.758295,-0.636782,0.566497,0.47679,0.060739,0.984347,0.673255,0.64018,2.7462,1.05848,0.879589,0.387092,0.233462,-0.156507,1.24307,-0.287579,-0.217713,0.791095,0.748736,0.750397,0.411259,0.368983,0.22094,0.216908,0.325507,0.133393,0.8151,0.0794508,0.112188,0.269824,-0.28945,-0.254024,0.566497,0.476595,0.269014,1.3191,0.857677,0.575709,2.7462,1.06936,0.886204,0.387092,-0.197798,-0.35388,1.24307,-1.41465,-1.25488,0.791095,1.56206,2.0533,0.411259,1.36973,1.30165,0.216908,1.22339,0.801239,0.8151,-1.78546,-1.54637,0.269824,-0.541098,-0.456937,0.566497,-0.564877,-1.04542,1.3191,1.76143,1.35077,0.984347,2.2124,1.53949,0.387092,-1.51307,-1.74074,1.24307,0.113724,0.101472,0.791095,-0.00429273,-0.158806,0.411259,-0.0735293,-0.0951092,0.216908,-0.06803,-0.0285309,0.8151,0.559437,0.494098,0.269824,-0.0307344,-0.0301874,0.566497,0.241658,0.289902,1.3191,-0.0237217,-0.017265,0.984347,-0.220608,-0.101003,2.7462,-0.223284,-0.294268
0.816519,-1.28315,-1.19018,0.431514,-1.24869,-1.10683,0.228304,-1.14825,-1.10295,0.835291,0.491244,0.513585,0.28785,0.728771,0.586539,0.586084,0.349486,0.716515,1.36425,-1.30867,-1.35528,1.02179,-0.561519,-0.322587,2.84277,-1.07727,-1.09253,0.403427,0.111464,0.490143,1.29274,-0.466045,-0.46063,0.431514,0.526708,0.408358,0.228304,0.37263,0.338167,0.835291,-0.0659642,-0.074576,0.28785,-0.353114,-0.286243,0.586084,0.160319,-0.0366558,1.36425,0.669625,0.622339,1.02179,0.6894,0.485869,2.84277,0.802753,0.755175,0.403427,-0.0964282,-0.345279,1.29274,-0.49343,-0.455614,0.816519,0.333908,0.337587,0.228304,0.342808,0.324111,0.835291,-0.378777,-0.37385,0.28785,-0.202129,-0.176069,0.586084,-0.342375,-0.44924,1.36425,0.385648,0.354124,1.02179,0.182634,0.0856038,2.84277,0.377162,0.417962,0.403427,-0.207883,-0.263961,1.29274,-0.270035,-0.263723,0.816519,0.210464,0.179949,0.431514,0.237144,0.212293,0.835291,-0.106977,-0.117056,0.28785,-0.142999,-0.126786,0.586084,-0.0981295,-0.176256,1.36425,0.240109,0.257186,1.02179,0.0444817,0.0332676,2.84277,0.167652,0.16648,0.403427,0.0159083,-0.0743646,1.29274,0.18463,0.101491,0.816519,0.225864,0.00287629,0.431514,-0.0531392,-0.113289,0.228304,-0.06302,-0.0406241,0.28785,-0.080139,-0.0985653,0.586084,0.567073,0.548003,1.36425,0.13595,0.0993298,1.02179,-0.0175391,0.0646422,2.84277,-0.0916818,-0.189997,0.403427,0.448388,0.413238,1.29274,0.2146,0.25832,0.816519,-0.463492,-0.344559,0.431514,-0.254356,-0.149085,0.228304,-0.229378,-0.223256,0.835291,-0.450281,-0.375137,0.586084,-0.365165,-0.242504,1.36425,-0.44724,-0.4414,1.02179,-0.196261,-0.201878,2.84277,-0.269762,-0.158558,0.403427,-0.23748,-0.112788,1.29274,0.216177,0.152374,0.816519,0.114405,0.0285653,0.431514,-0.110902,-0.152935,0.228304,-0.0784619,-0.0845225,0.835291,0.671031,0.603678,0.28785,-0.0407722,-0.0513995,1.36425,0.0675607,0.0664966,1.02179,0.0557397,0.126644,2.84277,0.00230272,-0.117704,0.403427,0.292276,0.28078,1.29274,-0.959659,-0.96992,0.816519,1.31719,1.12361,0.431514,0.984513,0.763572,0.228304,0.919357,0.847673,0.835291,0.324529,0.256648,0.28785,-0.795633,-0.678604,0.586084,0.454042,0.0643649,1.02179,0.718683,0.665651,2.84277,1.07978,0.91067,0.403427,0.227108,-0.161828,1.29274,-0.300277,-0.226391,0.816519,0.758163,0.774516,0.431514,0.369097,0.230909,0.228304,0.251792,0.140255,0.835291,0.0425537,0.115342,0.28785,-0.334014,-0.271002,0.586084,0.441199,0.279421,1.36425,0.877541,0.595227,2.84277,1.07564,0.91662,0.403427,-0.203375,-0.369123,1.29274,-1.54134,-1.3032,0.816519,1.59686,2.12159,0.431514,1.42541,1.36208,0.228304,1.18012,0.844284,0.835291,-1.895,-1.58357,0.28785,-0.648877,-0.481765,0.586084,-0.696997,-1.08061,1.36425,1.74436,1.3991,1.02179,2.27714,1.60122,0.403427,-1.59685,-1.81353,1.29274,0.139028,0.104923,0.816519,-0.00659256,-0.164443,0.431514,-0.0835644,-0.100027,0.228304,-0.0766185,-0.0308004,0.835291,0.577178,0.506321,0.28785,-0.0231862,-0.0336162,0.586084,0.273363,0.299992,1.36425,-0.00887758,-0.0184732,1.02179,-0.219204,-0.10552,2.84277,-0.232994,-0.304896
0.841943,-1.31297,-1.22848,0.451769,-1.28708,-1.15488,0.2397,-1.20261,-1.15576,0.855482,0.546639,0.525058,0.305876,0.748656,0.621087,0.60567,0.3916,0.740227,1.40939,-1.34426,-1.40077,1.05922,-0.577031,-0.336326,2.93935,-1.11833,-1.13022,0.419762,0.152868,0.508583,1.34242,-0.506128,-0.4787,0.451769,0.535645,0.425676,0.2397,0.364882,0.354066,0.855482,-0.0913494,-0.0761745,0.305876,-0.390502,-0.304183,0.60567,0.134592,-0.0375825,1.40939,0.669399,0.642746,1.05922,0.70027,0.503885,2.93935,0.835266,0.780309,0.419762,-0.110126,-0.35949,1.34242,-0.510106,-0.471557,0.841943,0.340487,0.349767,0.2397,0.353762,0.341554,0.855482,-0.400228,-0.381753,0.305876,-0.210059,-0.18371,0.60567,-0.356373,-0.463262,1.40939,0.389869,0.367431,1.05922,0.187386,0.0908407,2.93935,0.396648,0.433605,0.419762,-0.228038,-0.27268,1.34242,-0.276413,-0.27344,0.841943,0.213586,0.18615,0.451769,0.243927,0.221966,0.855482,-0.118224,-0.119444,0.305876,-0.14661,-0.133622,0.60567,-0.106377,-0.181801,1.40939,0.251851,0.266179,1.05922,0.0489399,0.035267,2.93935,0.169965,0.17266,0.419762,0.00665573,-0.0765959,1.34242,0.206683,0.104349,0.841943,0.22622,0.0020322,0.451769,-0.0718728,-0.119223,0.2397,-0.0839101,-0.0438571,0.305876,-0.0818104,-0.106963,0.60567,0.594377,0.566593,1.40939,0.146681,0.101553,1.05922,-0.0103493,0.0658862,2.93935,-0.102328,-0.197227,0.419762,0.472213,0.429508,1.34242,0.209913,0.26825,0.841943,-0.472574,-0.355489,0.451769,-0.249852,-0.155704,0.2397,-0.220073,-0.233933,0.855482,-0.451851,-0.384826,0.60567,-0.373242,-0.251612,1.40939,-0.467046,-0.455984,1.05922,-0.213934,-0.209605,2.93935,-0.274479,-0.164126,0.419762,-0.248573,-0.118054,1.34242,0.228314,0.156862,0.841943,0.116348,0.0281935,0.451769,-0.130632,-0.160933,0.2397,-0.100305,-0.0902253,0.855482,0.686788,0.6178,0.305876,-0.0431588,-0.0573969,1.40939,0.0701975,0.0673291,1.05922,0.0611586,0.129763,2.93935,-0.00776921,-0.122901,0.419762,0.316151,0.290983,1.34242,-0.979592,-1.00742,0.841943,1.34069,1.15926,0.451769,0.982366,0.796629,0.2397,0.916215,0.887956,0.855482,0.289414,0.264004,0.305876,-0.828192,-0.720426,0.60567,0.431294,0.0679907,1.05922,0.761366,0.691123,2.93935,1.09465,0.941751,0.419762,0.220755,-0.16715,1.34242,-0.313973,-0.235069,0.841943,0.769952,0.798636,0.451769,0.366196,0.240877,0.2397,0.175963,0.147118,0.855482,0.00565653,0.118496,0.305876,-0.374622,-0.287979,0.60567,0.405802,0.289828,1.40939,0.884483,0.614744,2.93935,1.07821,0.947036,0.419762,-0.208952,-0.384367,1.34242,-1.66431,-1.35151,0.841943,1.64581,2.18987,0.451769,1.47979,1.42251,0.2397,1.13201,0.887329,0.855482,-2.00455,-1.62077,0.305876,-0.750928,-0.506594,0.60567,-0.829118,-1.1158,1.40939,1.71351,1.44744,1.05922,2.31391,1.66294,0.419762,-1.68064,-1.88632,1.34242,0.163765,0.108375,0.841943,-0.013214,-0.170081,0.451769,-0.0932322,-0.104945,0.2397,-0.0845946,-0.0330698,0.855482,0.594919,0.518545,0.305876,-0.0163132,-0.0370449,0.60567,0.305068,0.310082,1.40939,0.00435176,-0.0196815,1.05922,-0.213369,-0.110037,2.93935,-0.243768,-0.315524
0.867367,-1.34113,-1.26678,0.472024,-1.32284,-1.20292,0.251096,-1.25722,-1.20856,0.875673,0.602033,0.536531,0.323903,0.767929,0.655635,0.625256,0.433714,0.763939,1.45454,-1.38232,-1.44626,1.09666,-0.587774,-0.350065,3.03593,-1.15807,-1.16791,0.436097,0.194273,0.527023,1.3921,-0.543813,-0.496771,0.472024,0.541328,0.442994,0.251096,0.358216,0.369965,0.875673,-0.116735,-0.077773,0.323903,-0.42306,-0.322123,0.625256,0.108864,-0.0385092,1.45454,0.668602,0.663152,1.09666,0.707807,0.521902,3.03593,0.867342,0.805443,0.436097,-0.123824,-0.373701,1.3921,-0.525938,-0.4875,0.867367,0.347034,0.361947,0.251096,0.364822,0.358996,0.875673,-0.421679,-0.389657,0.323903,-0.21926,-0.191351,0.625256,-0.370372,-0.477284,1.45454,0.393713,0.380738,1.09666,0.190247,0.0960776,3.03593,0.416185,0.449247,0.436097,-0.248193,-0.281399,1.3921,-0.28312,-0.283157,0.867367,0.216341,0.192351,0.472024,0.250204,0.23164,0.875673,-0.129472,-0.121832,0.323903,-0.149956,-0.140458,0.625256,-0.114624,-0.187346,1.45454,0.264001,0.275172,1.09666,0.0531579,0.0372664,3.03593,0.171837,0.178839,0.436097,-0.00259689,-0.0788272,1.3921,0.222601,0.107208,0.867367,0.220338,0.00118811,0.472024,-0.090313,-0.125156,0.251096,-0.103647,-0.04709,0.323903,-0.0837855,-0.115361,0.625256,0.621682,0.585182,1.45454,0.155413,0.103776,1.09666,-0.00194121,0.0671302,3.03593,-0.113739,-0.204456,0.436097,0.496037,0.445779,1.3921,0.208823,0.278181,0.867367,-0.479808,-0.366419,0.472024,-0.243578,-0.162323,0.251096,-0.21152,-0.244611,0.875673,-0.45342,-0.394516,0.625256,-0.381319,-0.260721,1.45454,-0.486504,-0.470568,1.09666,-0.231986,-0.217331,3.03593,-0.278105,-0.169693,0.436097,-0.259666,-0.12332,1.3921,0.236537,0.16135,0.867367,0.116138,0.0278218,0.472024,-0.148978,-0.168931,0.251096,-0.121629,-0.0959281,0.875673,0.702545,0.631923,0.323903,-0.0451999,-0.0633942,1.45454,0.0717706,0.0681616,1.09666,0.0678186,0.132881,3.03593,-0.018742,-0.128097,0.436097,0.340027,0.301186,1.3921,-1.00232,-1.04491,0.867367,1.36162,1.19491,0.472024,0.977417,0.829686,0.251096,0.91358,0.928239,0.875673,0.254299,0.27136,0.323903,-0.855872,-0.762248,0.625256,0.408547,0.0716165,1.09666,0.802958,0.716594,3.03593,1.1067,0.972832,0.436097,0.214401,-0.172471,1.3921,-0.32676,-0.243747,0.867367,0.783888,0.822755,0.472024,0.359345,0.250846,0.251096,0.100909,0.153981,0.875673,-0.0312406,0.12165,0.323903,-0.409176,-0.304956,0.625256,0.370405,0.300236,1.45454,0.885645,0.634262,3.03593,1.07919,0.977452,0.436097,-0.214529,-0.399611,1.3921,-1.7727,-1.39982,0.867367,1.70762,2.25816,0.472024,1.53263,1.48294,0.251096,1.08213,0.930374,0.875673,-2.11409,-1.65796,0.323903,-0.844001,-0.531423,0.625256,-0.961238,-1.15099,1.45454,1.67734,1.49577,1.09666,2.33972,1.72467,0.436097,-1.76442,-1.95911,1.3921,0.185693,0.111826,0.867367,-0.0237671,-0.175719,0.472024,-0.102196,-0.109863,0.251096,-0.0917504,-0.0353392,0.875673,0.612659,0.530768,0.323903,-0.0103656,-0.0404737,0.625256,0.336774,0.320172,1.45454,0.0166573,-0.0208897,1.09666,-0.205801,-0.114554,3.03593,-0.25506,-0.326152
0.892792,-1.36853,-1.30508,0.492279,-1.35639,-1.25097,0.262492,-1.31216,-1.26137,0.895865,0.657319,0.548004,0.341929,0.787511,0.690183,0.644842,0.481205,0.787651,1.49969,-1.42578,-1.49174,1.1341,-0.589663,-0.363804,3.1325,-1.19527,-1.2056,0.452432,0.235678,0.545463,1.44178,-0.57513,-0.514841,0.492279,0.543568,0.460313,0.262492,0.354893,0.385865,0.895865,-0.142064,-0.0793716,0.341929,-0.449827,-0.340063,0.644842,0.0797345,-0.039436,1.49969,0.666561,0.683558,1.1341,0.709048,0.539918,3.1325,0.898243,0.830578,0.452432,-0.137521,-0.387912,1.44178,-0.541769,-0.503443,0.892792,0.353661,0.374127,0.262492,0.376107,0.376439,0.895865,-0.443097,-0.39756,0.341929,-0.229842,-0.198991,0.644842,-0.385999,-0.491305,1.49969,0.396737,0.394045,1.1341,0.189632,0.101315,3.1325,0.435692,0.46489,0.452432,-0.268348,-0.290118,1.44178,-0.290887,-0.292874,0.892792,0.218941,0.198553,0.492279,0.255999,0.241313,0.895865,-0.140705,-0.12422,0.341929,-0.153262,-0.147293,0.644842,-0.123992,-0.19289,1.49969,0.277037,0.284165,1.1341,0.0569408,0.0392657,3.1325,0.17291,0.185019,0.452432,-0.0118495,-0.0810585,1.44178,0.231725,0.110066,0.892792,0.210682,0.000344019,0.492279,-0.107548,-0.13109,0.262492,-0.119457,-0.050323,0.341929,-0.0860485,-0.123758,0.644842,0.649051,0.603772,1.49969,0.159791,0.105999,1.1341,0.00883088,0.0683742,3.1325,-0.126863,-0.211686,0.452432,0.519862,0.46205,1.44178,0.211819,0.288112,0.892792,-0.486031,-0.377349,0.492279,-0.235802,-0.168942,0.262492,-0.206135,-0.255288,0.895865,-0.454961,-0.404205,0.644842,-0.387604,-0.269829,1.49969,-0.505205,-0.485152,1.1341,-0.250592,-0.225057,3.1325,-0.279384,-0.175261,0.452432,-0.270758,-0.128585,1.44178,0.241019,0.165838,0.892792,0.114621,0.02745,0.492279,-0.16476,-0.176929,0.262492,-0.140408,-0.101631,0.895865,0.71826,0.646046,0.341929,-0.0468177,-0.0693915,1.49969,0.0710297,0.0689942,1.1341,0.0768681,0.136,3.1325,-0.0314503,-0.133293,0.452432,0.363902,0.31139,1.44178,-1.0284,-1.08241,0.892792,1.3813,1.23057,0.492279,0.971096,0.862743,0.262492,0.915075,0.968522,0.895865,0.219262,0.278716,0.341929,-0.878941,-0.80407,0.644842,0.379844,0.0752423,1.1341,0.842378,0.742066,3.1325,1.11312,1.00391,0.452432,0.208048,-0.177792,1.44178,-0.336076,-0.252425,0.892792,0.799316,0.846875,0.492279,0.347711,0.260814,0.262492,0.0324265,0.160843,0.895865,-0.0679932,0.124804,0.341929,-0.436186,-0.321933,0.644842,0.331302,0.310643,1.49969,0.87423,0.65378,3.1325,1.07715,1.00787,0.452432,-0.220105,-0.414855,1.44178,-1.85777,-1.44814,0.892792,1.77736,2.32645,0.492279,1.58375,1.54336,0.262492,1.0328,0.973419,0.895865,-2.22321,-1.69516,0.341929,-0.924752,-0.556251,0.644842,-1.10093,-1.18618,1.49969,1.62957,1.5441,1.1341,2.34483,1.7864,0.452432,-1.8482,-2.0319,1.44178,0.202881,0.115277,0.892792,-0.0366301,-0.181356,0.492279,-0.11003,-0.114781,0.262492,-0.0965592,-0.0376087,0.895865,0.630327,0.542992,0.341929,-0.00565146,-0.0439024,0.644842,0.369105,0.330262,1.49969,0.0269529,-0.0220979,1.1341,-0.194964,-0.119072,3.1325,-0.267625,-0.33678
0.918216,-1.3945,-1.34338,0.512534,-1.389,-1.29902,0.273888,-1.36726,-1.31417,0.916056,0.710238,0.559477,0.359955,0.807518,0.724732,0.664429,0.53409,0.811364,1.54483,-1.46924,-1.53723,1.17154,-0.587208,-0.377543,3.22908,-1.22882,-1.24329,0.468767,0.277082,0.563903,1.49146,-0.59805,-0.532911,0.512534,0.544027,0.477631,0.273888,0.354542,0.401764,0.916056,-0.166168,-0.0809701,0.359955,-0.472181,-0.358004,0.664429,0.0474485,-0.0403627,1.54483,0.664521,0.703965,1.17154,0.707188,0.557935,3.22908,0.925945,0.855712,0.468767,-0.151219,-0.402123,1.49146,-0.558097,-0.519386,0.918216,0.360492,0.386307,0.273888,0.387559,0.393881,0.916056,-0.463796,-0.405463,0.359955,-0.241029,-0.206632,0.664429,-0.403616,-0.505327,1.54483,0.399761,0.407352,1.17154,0.187316,0.106551,3.22908,0.454556,0.480532,0.468767,-0.288504,-0.298837,1.49146,-0.300097,-0.302591,0.918216,0.221243,0.204754,0.512534,0.261566,0.250986,0.916056,-0.15161,-0.126608,0.359955,-0.156673,-0.154129,0.664429,-0.13449,-0.198435,1.54483,0.290072,0.293157,1.17154,0.0605112,0.0412651,3.22908,0.173083,0.191198,0.468767,-0.0211021,-0.0832898,1.49146,0.234044,0.112924,0.918216,0.193857,-0.000500071,0.512534,-0.123805,-0.137024,0.273888,-0.13165,-0.053556,0.359955,-0.0886968,-0.132156,0.664429,0.676374,0.622361,1.54483,0.16417,0.108223,1.17154,0.0207737,0.0696182,3.22908,-0.143532,-0.218916,0.468767,0.543687,0.47832,1.49146,0.218959,0.298043,0.918216,-0.490301,-0.38828,0.512534,-0.227394,-0.175561,0.273888,-0.203855,-0.265966,0.916056,-0.455951,-0.413894,0.664429,-0.392017,-0.278937,1.54483,-0.523906,-0.499737,1.17154,-0.269454,-0.232783,3.22908,-0.276196,-0.180829,0.468767,-0.281851,-0.133851,1.49146,0.242075,0.170326,0.918216,0.110605,0.0270782,0.512534,-0.178794,-0.184927,0.273888,-0.156604,-0.107334,0.916056,0.733127,0.660168,0.359955,-0.0483007,-0.0753888,1.54483,0.0702888,0.0698267,1.17154,0.087099,0.139119,3.22908,-0.0466384,-0.138489,0.468767,0.387778,0.321593,1.49146,-1.05797,-1.11991,0.918216,1.39855,1.26622,0.512534,0.964688,0.8958,0.273888,0.921112,1.0088,0.916056,0.18598,0.286072,0.359955,-0.899392,-0.845892,0.664429,0.345304,0.0788682,1.17154,0.880718,0.767537,3.22908,1.11059,1.03499,0.468767,0.201695,-0.183113,1.49146,-0.340532,-0.261103,0.918216,0.817571,0.870994,0.512534,0.333357,0.270783,0.273888,-0.0287921,0.167706,0.916056,-0.101666,0.127957,0.359955,-0.457341,-0.33891,0.664429,0.288972,0.32105,1.54483,0.862815,0.673298,3.22908,1.07098,1.03828,0.468767,-0.225682,-0.430099,1.49146,-1.9155,-1.49645,0.918216,1.86236,2.39473,0.512534,1.63393,1.60379,0.273888,0.986038,1.01646,0.916056,-2.32343,-1.73236,0.359955,-0.994143,-0.58108,0.664429,-1.24718,-1.22137,1.54483,1.5818,1.59244,1.17154,2.33976,1.84813,0.468767,-1.93198,-2.10468,1.49146,0.21441,0.118729,0.918216,-0.053866,-0.186994,0.512534,-0.117129,-0.119699,0.273888,-0.0993432,-0.0398781,0.916056,0.6465,0.555215,0.359955,-0.00209956,-0.0473312,0.664429,0.401535,0.340352,1.54483,0.0372485,-0.0233062,1.17154,-0.182518,-0.123589,3.22908,-0.283279,-0.347408
0.94364,-1.41954,-1.38168,0.532789,-1.42022,-1.34707,0.285284,-1.42248,-1.36698,0.936247,0.761399,0.57095,0.377982,0.82869,0.75928,0.684015,0.587887,0.835076,1.58998,-1.51271,-1.58272,1.20898,-0.577954,-0.391282,3.32565,-1.26237,-1.28098,0.485102,0.318487,0.582343,1.54114,-0.611828,-0.550981,0.532789,0.54145,0.494949,0.285284,0.358501,0.417663,0.936247,-0.189339,-0.0825686,0.377982,-0.487145,-0.375944,0.684015,0.0148034,-0.0412894,1.58998,0.662481,0.724371,1.20898,0.700331,0.575951,3.32565,0.953646,0.880846,0.485102,-0.164917,-0.416335,1.54114,-0.575003,-0.535329,0.94364,0.367582,0.398487,0.285284,0.399234,0.411324,0.936247,-0.483947,-0.413366,0.377982,-0.251874,-0.214273,0.684015,-0.421809,-0.519348,1.58998,0.402784,0.420659,1.20898,0.182383,0.111788,3.32565,0.473421,0.496174,0.485102,-0.308659,-0.307556,1.54114,-0.310904,-0.312309,0.94364,0.223297,0.210955,0.532789,0.266754,0.260659,0.936247,-0.16223,-0.128996,0.377982,-0.160634,-0.160964,0.684015,-0.145186,-0.203979,1.58998,0.303108,0.30215,1.20898,0.0637633,0.0432645,3.32565,0.173256,0.197378,0.485102,-0.0303547,-0.0855211,1.54114,0.229387,0.115783,0.94364,0.172374,-0.00134416,0.532789,-0.137977,-0.142958,0.285284,-0.138532,-0.056789,0.377982,-0.0925091,-0.140554,0.684015,0.703615,0.64095,1.58998,0.168548,0.110446,1.20898,0.0346815,0.0708622,3.32565,-0.160202,-0.226145,0.485102,0.567511,0.494591,1.54114,0.230353,0.307974,0.94364,-0.493125,-0.39921,0.532789,-0.218066,-0.18218,0.285284,-0.206235,-0.276643,0.936247,-0.456822,-0.423583,0.684015,-0.396064,-0.288045,1.58998,-0.542607,-0.514321,1.20898,-0.288524,-0.240509,3.32565,-0.273009,-0.186397,0.485102,-0.292944,-0.139117,1.54114,0.239654,0.174814,0.94364,0.104891,0.0267065,0.532789,-0.189449,-0.192925,0.285284,-0.168875,-0.113037,0.936247,0.747612,0.674291,0.377982,-0.0501359,-0.0813862,1.58998,0.0695479,0.0706593,1.20898,0.0992898,0.142237,3.32565,-0.0618264,-0.143685,0.485102,0.411653,0.331797,1.54114,-1.09114,-1.1574,0.94364,1.41381,1.30187,0.532789,0.95879,0.928857,0.285284,0.934219,1.04909,0.936247,0.154138,0.293428,0.377982,-0.918041,-0.887715,0.684015,0.30987,0.082494,1.20898,0.91718,0.793009,3.32565,1.10806,1.06608,0.485102,0.195341,-0.188435,1.54114,-0.339408,-0.26978,0.94364,0.837539,0.895113,0.532789,0.314015,0.280752,0.285284,-0.0786877,0.174568,0.936247,-0.133378,0.131111,0.377982,-0.468397,-0.355887,0.684015,0.24643,0.331457,1.58998,0.8514,0.692815,3.32565,1.0648,1.0687,0.485102,-0.231259,-0.445343,1.54114,-1.94376,-1.54477,0.94364,1.95799,2.46302,0.532789,1.68219,1.66422,0.285284,0.944133,1.05951,0.936247,-2.41867,-1.76956,0.377982,-1.03866,-0.605909,0.684015,-1.39382,-1.25657,1.58998,1.53403,1.64077,1.20898,2.31828,1.90985,0.485102,-2.01577,-2.17747,1.54114,0.219765,0.12218,0.94364,-0.0739273,-0.192631,0.532789,-0.122803,-0.124617,0.285284,-0.0992282,-0.0421476,0.936247,0.661927,0.567439,0.377982,-0.00116105,-0.0507599,0.684015,0.433622,0.350442,1.58998,0.0475441,-0.0245144,1.20898,-0.16749,-0.128106,3.32565,-0.298933,-0.358036
0.969064,-1.44407,-1.41998,0.553045,-1.45073,-1.39511,0.29668,-1.47778,-1.41978,0.956438,0.80829,0.582423,0.396008,0.850171,0.793828,0.703601,0.646856,0.858788,1.63513,-1.5583,-1.62821,1.24641,-0.563788,-0.405021,3.42223,-1.29592,-1.31867,0.501437,0.359892,0.600783,1.59082,-0.618314,-0.569051,0.553045,0.536994,0.512268,0.29668,0.368123,0.433563,0.956438,-0.210237,-0.0841671,0.396008,-0.500447,-0.393884,0.703601,-0.0198771,-0.0422162,1.63513,0.660687,0.744777,1.24641,0.688313,0.593967,3.42223,0.981348,0.90598,0.501437,-0.178615,-0.430546,1.59082,-0.592318,-0.551272,0.969064,0.374811,0.410667,0.29668,0.411178,0.428766,0.956438,-0.502757,-0.42127,0.396008,-0.2625,-0.221913,0.703601,-0.443271,-0.53337,1.63513,0.405423,0.433966,1.24641,0.176062,0.117025,3.42223,0.492285,0.511817,0.501437,-0.328814,-0.316275,1.59082,-0.323009,-0.322026,0.969064,0.225219,0.217156,0.553045,0.271712,0.270332,0.956438,-0.172138,-0.131384,0.396008,-0.164758,-0.1678,0.703601,-0.156995,-0.209524,1.63513,0.316314,0.311143,1.24641,0.0669375,0.0452639,3.42223,0.173428,0.203557,0.501437,-0.0396074,-0.0877524,1.59082,0.219293,0.118641,0.969064,0.148402,-0.00218825,0.553045,-0.150465,-0.148892,0.29668,-0.138347,-0.0600219,0.396008,-0.0966375,-0.148951,0.703601,0.730384,0.65954,1.63513,0.171103,0.112669,1.24641,0.0514468,0.0721061,3.42223,-0.176872,-0.233375,0.501437,0.591336,0.510861,1.59082,0.245053,0.317905,0.969064,-0.495176,-0.41014,0.553045,-0.2083,-0.188799,0.29668,-0.214937,-0.287321,0.956438,-0.457552,-0.433272,0.703601,-0.398032,-0.297154,1.63513,-0.56092,-0.528905,1.24641,-0.305645,-0.248235,3.42223,-0.269822,-0.191964,0.501437,-0.304037,-0.144383,1.59082,0.234489,0.179302,0.969064,0.098272,0.0263347,0.553045,-0.197749,-0.200923,0.29668,-0.175767,-0.118739,0.956438,0.76129,0.688413,0.396008,-0.0521106,-0.0873835,1.63513,0.0682521,0.0714918,1.24641,0.114097,0.145356,3.42223,-0.0770144,-0.148882,0.501437,0.435528,0.342,1.59082,-1.1271,-1.1949,0.969064,1.42801,1.33752,0.553045,0.953741,0.961914,0.29668,0.957217,1.08937,0.956438,0.125862,0.300784,0.396008,-0.936555,-0.929537,0.703601,0.269372,0.0861198,1.24641,0.950255,0.81848,3.42223,1.10553,1.09716,0.501437,0.188988,-0.193756,1.59082,-0.333488,-0.278458,0.969064,0.85842,0.919233,0.553045,0.291196,0.29072,0.29668,-0.112725,0.181431,0.956438,-0.160492,0.134265,0.396008,-0.477151,-0.372864,0.703601,0.202691,0.341865,1.63513,0.834414,0.712333,3.42223,1.05863,1.09912,0.501437,-0.236836,-0.460587,1.59082,-1.94819,-1.59308,0.969064,2.05929,2.53131,0.553045,1.72868,1.72465,0.29668,0.910031,1.10255,0.956438,-2.5026,-1.80676,0.396008,-1.07698,-0.630737,0.703601,-1.5427,-1.29176,1.63513,1.48275,1.6891,1.24641,2.27999,1.97158,0.501437,-2.09955,-2.25026,1.59082,0.220046,0.125631,0.969064,-0.0954971,-0.198269,0.553045,-0.127438,-0.129535,0.29668,-0.0953448,-0.044417,0.956438,0.675728,0.579662,0.396008,-0.000880127,-0.0541887,0.703601,0.46376,0.360532,1.63513,0.0565583,-0.0257227,1.24641,-0.149903,-0.132623,3.42223,-0.314587,-0.368664
0.994489,-1.46801,-1.45828,0.5733,-1.48128,-1.44316,0.308075,-1.53304,-1.47259,0.976629,0.855182,0.593896,0.414034,0.872036,0.828376,0.723188,0.705825,0.8825,1.68027,-1.60578,-1.6737,1.28385,-0.549223,-0.41876,3.51881,-1.32948,-1.35636,0.517773,0.401296,0.619222,1.6405,-0.618125,-0.587122,0.5733,0.531354,0.529586,0.308075,0.384427,0.449462,0.976629,-0.231135,-0.0857656,0.414034,-0.512253,-0.411824,0.723188,-0.0545575,-0.0431429,1.68027,0.659975,0.765184,1.28385,0.675766,0.611984,3.51881,1.00905,0.931114,0.517773,-0.192312,-0.444757,1.6405,-0.60994,-0.567215,0.994489,0.382301,0.422847,0.308075,0.423426,0.446208,0.976629,-0.521567,-0.429173,0.414034,-0.272615,-0.229554,0.723188,-0.464733,-0.547392,1.68027,0.40765,0.447273,1.28385,0.169664,0.122262,3.51881,0.51115,0.527459,0.517773,-0.348969,-0.324994,1.6405,-0.336334,-0.331743,0.994489,0.226937,0.223358,0.5733,0.27651,0.280005,0.976629,-0.182046,-0.133772,0.414034,-0.169116,-0.174635,0.723188,-0.168804,-0.215069,1.68027,0.329459,0.320136,1.28385,0.0701163,0.0472633,3.51881,0.173601,0.209737,0.517773,-0.04886,-0.0899837,1.6405,0.20436,0.121499,0.994489,0.121558,-0.00303234,0.5733,-0.160433,-0.154825,0.308075,-0.129736,-0.0632549,0.414034,-0.101171,-0.157349,0.723188,0.757152,0.678129,1.68027,0.171937,0.114892,1.28385,0.0685471,0.0733501,3.51881,-0.193542,-0.240604,0.517773,0.61516,0.527132,1.6405,0.262684,0.327836,0.994489,-0.496174,-0.42107,0.5733,-0.198726,-0.195418,0.308075,-0.231279,-0.297998,0.976629,-0.458282,-0.442961,0.723188,-0.400001,-0.306262,1.68027,-0.578787,-0.543489,1.28385,-0.322458,-0.255961,3.51881,-0.266634,-0.197532,0.517773,-0.31513,-0.149649,1.6405,0.226833,0.183791,0.994489,0.0905455,0.0259629,0.5733,-0.203795,-0.208921,0.308075,-0.176125,-0.124442,0.976629,0.774968,0.702536,0.414034,-0.0543457,-0.0933808,1.68027,0.0668901,0.0723243,1.28385,0.129203,0.148474,3.51881,-0.0922024,-0.154078,0.517773,0.459404,0.352204,1.6405,-1.16553,-1.2324,0.994489,1.4406,1.37318,0.5733,0.951059,0.994971,0.308075,0.992442,1.12965,0.976629,0.0975865,0.30814,0.414034,-0.955551,-0.971359,0.723188,0.228874,0.0897456,1.28385,0.98291,0.843952,3.51881,1.10299,1.12824,0.517773,0.182635,-0.199077,1.6405,-0.322774,-0.287136,0.994489,0.880234,0.943352,0.5733,0.264608,0.300689,0.308075,-0.127144,0.188294,0.976629,-0.187606,0.137419,0.414034,-0.483765,-0.389841,0.723188,0.158952,0.352272,1.68027,0.811831,0.731851,3.51881,1.05245,1.12953,0.517773,-0.242413,-0.475831,1.6405,-1.93037,-1.64139,0.994489,2.16774,2.59959,0.5733,1.77139,1.78508,0.308075,0.886401,1.1456,0.976629,-2.58654,-1.84395,0.414034,-1.10834,-0.655566,0.723188,-1.69159,-1.32695,1.68027,1.42966,1.73744,1.28385,2.23998,2.03331,0.517773,-2.18333,-2.32305,1.6405,0.215503,0.129083,0.994489,-0.118802,-0.203907,0.5733,-0.130851,-0.134453,0.308075,-0.0870382,-0.0466864,0.976629,0.689529,0.591885,0.414034,-0.00134625,-0.0576174,0.723188,0.493898,0.370622,1.68027,0.0638768,-0.0269309,1.28385,-0.13206,-0.13714,3.51881,-0.330241,-0.379292
1.01991,-1.49118,-1.49658,0.593555,-1.51228,-1.49121,0.319471,-1.58782,-1.52539,0.99682,0.902073,0.605369,0.432061,0.895489,0.862925,0.742774,0.764795,0.906213,1.72542,-1.6532,-1.71919,1.32129,-0.534658,-0.432499,3.61538,-1.36303,-1.39405,0.534108,0.442701,0.637662,1.69018,-0.607251,-0.605192,0.593555,0.525346,0.546904,0.319471,0.408028,0.465361,0.99682,-0.252033,-0.0873642,0.432061,-0.518493,-0.429764,0.742774,-0.089238,-0.0440696,1.72542,0.660478,0.78559,1.32129,0.663218,0.63,3.61538,1.03675,0.956248,0.534108,-0.20601,-0.458968,1.69018,-0.627513,-0.583158,1.01991,0.390207,0.435027,0.319471,0.436039,0.463651,0.99682,-0.540377,-0.437076,0.432061,-0.280339,-0.237195,0.742774,-0.486196,-0.561413,1.72542,0.409788,0.46058,1.32129,0.163267,0.127499,3.61538,0.530014,0.543102,0.534108,-0.369124,-0.333713,1.69018,-0.351851,-0.34146,1.01991,0.228354,0.229559,0.593555,0.281245,0.289679,0.99682,-0.191954,-0.13616,0.432061,-0.174481,-0.181471,0.742774,-0.180614,-0.220613,1.72542,0.3423,0.329129,1.32129,0.073295,0.0492626,3.61538,0.173774,0.215916,0.534108,-0.0581126,-0.092215,1.69018,0.182763,0.124358,1.01991,0.0911701,-0.00387643,0.593555,-0.168228,-0.160759,0.319471,-0.111627,-0.0664879,0.432061,-0.107398,-0.165747,0.742774,0.783921,0.696718,1.72542,0.172661,0.117116,1.32129,0.0856474,0.0745941,3.61538,-0.210212,-0.247834,0.534108,0.638985,0.543403,1.69018,0.284257,0.337766,1.01991,-0.495719,-0.432,0.593555,-0.189653,-0.202037,0.319471,-0.256374,-0.308676,0.99682,-0.459012,-0.452651,0.742774,-0.401969,-0.31537,1.72542,-0.59652,-0.558073,1.32129,-0.33927,-0.263688,3.61538,-0.263447,-0.2031,0.534108,-0.326222,-0.154915,1.69018,0.215354,0.188279,1.01991,0.081395,0.0255911,0.593555,-0.208404,-0.216919,0.319471,-0.16902,-0.130145,0.99682,0.788646,0.716659,0.432061,-0.0577558,-0.0993781,1.72542,0.0661428,0.0731569,1.32129,0.144309,0.151593,3.61538,-0.10739,-0.159274,0.534108,0.483279,0.362407,1.69018,-1.20721,-1.26989,1.01991,1.45086,1.40883,0.593555,0.950854,1.02803,0.319471,1.04236,1.16994,0.99682,0.0693108,0.315496,0.432061,-0.977261,-1.01318,0.742774,0.188375,0.0933715,1.32129,1.01557,0.869423,3.61538,1.10046,1.15932,0.534108,0.176281,-0.204399,1.69018,-0.301143,-0.295814,1.01991,0.903079,0.967472,0.593555,0.235345,0.310657,0.319471,-0.117959,0.195156,0.99682,-0.214719,0.140573,0.432061,-0.482309,-0.406818,0.742774,0.115213,0.362679,1.72542,0.788441,0.751369,3.61538,1.04628,1.15995,0.534108,-0.24799,-0.491075,1.69018,-1.87357,-1.68971,1.01991,2.28558,2.66788,0.593555,1.81038,1.8455,0.319471,0.876785,1.18864,0.99682,-2.67047,-1.88115,0.432061,-1.11176,-0.680395,0.742774,-1.84047,-1.36214,1.72542,1.37848,1.78577,1.32129,2.19998,2.09504,0.534108,-2.26712,-2.39584,1.69018,0.201782,0.132534,1.01991,-0.144237,-0.209544,0.593555,-0.133344,-0.139371,0.319471,-0.0737972,-0.0489559,0.99682,0.70333,0.604109,0.432061,-0.0048314,-0.0610462,0.742774,0.524037,0.380712,1.72542,0.0704315,-0.0281392,1.32129,-0.114216,-0.141657,3.61538,-0.345895,-0.38992
1.04534,-1.51386,-1.53488,0.61381,-1.54329,-1.53925,0.330867,-1.64247,-1.5782,1.01701,0.944314,0.616842,0.450087,0.92054,0.897473,0.76236,0.823764,0.929925,1.77057,-1.6998,-1.76468,1.35873,-0.520093,-0.446238,3.71196,-1.39658,-1.43174,0.550443,0.484106,0.656102,1.73985,-0.595263,-0.623262,0.61381,0.519337,0.564223,0.330867,0.433254,0.48126,1.01701,-0.270442,-0.0889627,0.450087,-0.521258,-0.447704,0.76236,-0.123918,-0.0449963,1.77057,0.663251,0.805996,1.35873,0.65067,0.648017,3.71196,1.06445,0.981382,0.550443,-0.219708,-0.473179,1.73985,-0.645063,-0.599101,1.04534,0.398517,0.447207,0.330867,0.448736,0.481093,1.01701,-0.557719,-0.444979,0.450087,-0.284758,-0.244835,0.76236,-0.507658,-0.575435,1.77057,0.411877,0.473887,1.35873,0.156869,0.132736,3.71196,0.548878,0.558744,0.550443,-0.389279,-0.342432,1.73985,-0.367605,-0.351177,1.04534,0.229514,0.23576,0.61381,0.28598,0.299352,1.01701,-0.201061,-0.138548,0.450087,-0.180978,-0.188306,0.76236,-0.192423,-0.226158,1.77057,0.3545,0.338122,1.35873,0.0764738,0.051262,3.71196,0.173946,0.222096,0.550443,-0.0673652,-0.0944463,1.73985,0.160507,0.127216,1.04534,0.0587451,-0.00472052,0.61381,-0.176023,-0.166693,0.330867,-0.0913789,-0.0697209,0.450087,-0.115377,-0.174144,0.76236,0.81069,0.715308,1.77057,0.173757,0.119339,1.35873,0.102748,0.0758381,3.71196,-0.226882,-0.255064,0.550443,0.662809,0.559673,1.73985,0.306215,0.347697,1.04534,-0.49417,-0.44293,0.61381,-0.180581,-0.208656,0.330867,-0.283449,-0.319353,1.01701,-0.459767,-0.46234,0.76236,-0.403937,-0.324478,1.77057,-0.614117,-0.572657,1.35873,-0.356083,-0.271414,3.71196,-0.260259,-0.208668,0.550443,-0.337315,-0.160181,1.73985,0.203482,0.192767,1.04534,0.0713271,0.0252194,0.61381,-0.213013,-0.224917,0.330867,-0.16023,-0.135848,1.01701,0.801598,0.730781,0.450087,-0.0626734,-0.105375,1.77057,0.0667618,0.0739894,1.35873,0.159416,0.154712,3.71196,-0.122578,-0.16447,0.550443,0.507155,0.372611,1.73985,-1.2492,-1.30739,1.04534,1.45916,1.44448,0.61381,0.950648,1.06108,0.330867,1.09565,1.21022,1.01701,0.0450037,0.322852,0.450087,-1.00413,-1.055,0.76236,0.147877,0.0969973,1.35873,1.04822,0.894895,3.71196,1.09793,1.1904,0.550443,0.169928,-0.20972,1.73985,-0.278263,-0.304492,1.04534,0.926317,0.991591,0.61381,0.206082,0.320626,0.330867,-0.103355,0.202019,1.01701,-0.237025,0.143727,0.450087,-0.475424,-0.423795,0.76236,0.0714743,0.373087,1.77057,0.765273,0.770887,3.71196,1.0401,1.19037,0.550443,-0.253567,-0.506319,1.73985,-1.81258,-1.73802,1.04534,2.40978,2.73617,0.61381,1.84937,1.90593,0.330867,0.870479,1.23169,1.01701,-2.74309,-1.91835,0.450087,-1.08991,-0.705224,0.76236,-1.98936,-1.39733,1.77057,1.3321,1.8341,1.35873,2.15997,2.15676,0.550443,-2.3509,-2.46862,1.73985,0.187055,0.135985,1.04534,-0.170884,-0.215182,0.61381,-0.135837,-0.144289,0.330867,-0.0594489,-0.0512253,1.01701,0.715584,0.616332,0.450087,-0.0110942,-0.0644749,0.76236,0.554175,0.390802,1.77057,0.0759191,-0.0293474,1.35873,-0.0963719,-0.146174,3.71196,-0.361548,-0.400548
1.07076,-1.53601,-1.57318,0.634065,-1.57429,-1.5873,0.342263,-1.69685,-1.631,1.0372,0.982851,0.628315,0.468113,0.946215,0.932021,0.781946,0.884746,0.953637,1.81571,-1.74604,-1.81017,1.39617,-0.505529,-0.459977,3.80853,-1.43013,-1.46944,0.566778,0.52551,0.674542,1.78953,-0.583274,-0.641332,0.634065,0.513328,0.581541,0.342263,0.459744,0.49716,1.0372,-0.286865,-0.0905612,0.468113,-0.522858,-0.465645,0.781946,-0.158637,-0.0459231,1.81571,0.666648,0.826403,1.39617,0.638122,0.666033,3.80853,1.09215,1.00652,0.566778,-0.233406,-0.487391,1.78953,-0.662612,-0.615044,1.07076,0.407595,0.459387,0.342263,0.461514,0.498536,1.0372,-0.573888,-0.452882,0.468113,-0.287801,-0.252476,0.781946,-0.53143,-0.589457,1.81571,0.413978,0.487194,1.39617,0.150471,0.137973,3.80853,0.567743,0.574386,0.566778,-0.409434,-0.351151,1.78953,-0.383359,-0.360894,1.07076,0.230234,0.241961,0.634065,0.290715,0.309025,1.0372,-0.209525,-0.140936,0.468113,-0.187927,-0.195142,0.781946,-0.204689,-0.231702,1.81571,0.366507,0.347115,1.39617,0.0796525,0.0532614,3.80853,0.174119,0.228275,0.566778,-0.0766178,-0.0966776,1.78953,0.138251,0.130074,1.07076,0.0244886,-0.00556461,0.634065,-0.183818,-0.172627,0.342263,-0.0693568,-0.0729538,0.468113,-0.124046,-0.182542,0.781946,0.83695,0.733897,1.81571,0.175077,0.121562,1.39617,0.119848,0.0770821,3.80853,-0.243552,-0.262293,0.566778,0.686634,0.575944,1.78953,0.328173,0.357628,1.07076,-0.490983,-0.45386,0.634065,-0.171509,-0.215275,0.342263,-0.312214,-0.330031,1.0372,-0.460577,-0.472029,0.781946,-0.40488,-0.333587,1.81571,-0.631702,-0.587242,1.39617,-0.372895,-0.27914,3.80853,-0.257072,-0.214235,0.566778,-0.348408,-0.165447,1.78953,0.191609,0.197255,1.07076,0.0601871,0.0248476,0.634065,-0.217623,-0.232914,0.342263,-0.150011,-0.141551,1.0372,0.814003,0.744904,0.468113,-0.0682101,-0.111373,1.81571,0.0678022,0.074822,1.39617,0.174522,0.15783,3.80853,-0.137767,-0.169667,0.566778,0.53103,0.382814,1.78953,-1.2912,-1.34489,1.07076,1.46419,1.48013,0.634065,0.950442,1.09414,0.342263,1.15207,1.2505,1.0372,0.0238739,0.330207,0.468113,-1.03324,-1.09683,0.781946,0.105812,0.100623,1.39617,1.08087,0.920366,3.80853,1.0954,1.22148,0.566778,0.163575,-0.215041,1.78953,-0.255383,-0.31317,1.07076,0.949408,1.01571,0.634065,0.176819,0.330595,0.342263,-0.0837271,0.208882,1.0372,-0.255542,0.146881,0.468113,-0.466661,-0.440773,0.781946,0.0287127,0.383494,1.81571,0.742533,0.790404,3.80853,1.03393,1.22078,0.566778,-0.259144,-0.521563,1.78953,-1.75159,-1.78633,1.07076,2.5421,2.80445,0.634065,1.88836,1.96636,0.342263,0.867692,1.27473,1.0372,-2.80689,-1.95555,0.468113,-1.05842,-0.730052,0.781946,-2.13604,-1.43252,1.81571,1.2873,1.88244,1.39617,2.11996,2.21849,0.566778,-2.43468,-2.54141,1.78953,0.172328,0.139437,1.07076,-0.198589,-0.220819,0.634065,-0.138331,-0.149207,0.342263,-0.0441968,-0.0534947,1.0372,0.72665,0.628556,0.468113,-0.0184198,-0.0679037,0.781946,0.582,0.400892,1.81571,0.08119,-0.0305557,1.39617,-0.0785281,-0.150691,3.80853,-0.377202,-0.411176
1.09619,-1.55816,-1.61148,0.65432,-1.60712,-1.63535,0.353659,-1.75016,-1.68381,1.05739,1.00665,0.639788,0.48614,0.973911,0.966569,0.801533,0.947079,0.977349,1.86086,-1.7898,-1.85566,1.4336,-0.490964,-0.473716,3.90511,-1.46492,-1.50713,0.583113,0.566915,0.692982,1.83921,-0.571286,-0.659402,0.65432,0.508924,0.598859,0.353659,0.489809,0.513059,1.05739,-0.295363,-0.0921597,0.48614,-0.521814,-0.483585,0.801533,-0.192791,-0.0468498,1.86086,0.673771,0.846809,1.4336,0.625574,0.68405,3.90511,1.1155,1.03165,0.583113,-0.247103,-0.501602,1.83921,-0.680162,-0.630987,1.09619,0.416673,0.471567,0.353659,0.474541,0.515978,1.05739,-0.585376,-0.460786,0.48614,-0.286393,-0.260117,0.801533,-0.557565,-0.603478,1.86086,0.416196,0.500501,1.4336,0.144074,0.14321,3.90511,0.584684,0.590029,0.583113,-0.429589,-0.35987,1.83921,-0.399112,-0.370611,1.09619,0.230955,0.248163,0.65432,0.295611,0.318698,1.05739,-0.215377,-0.143324,0.48614,-0.19634,-0.201978,0.801533,-0.217278,-0.237247,1.86086,0.377338,0.356108,1.4336,0.0828313,0.0552608,3.90511,0.175467,0.234455,0.583113,-0.0858705,-0.0989089,1.83921,0.115995,0.132933,1.09619,-0.00976797,-0.0064087,0.65432,-0.189285,-0.178561,0.353659,-0.0421207,-0.0761868,0.48614,-0.134791,-0.19094,0.801533,0.862614,0.752486,1.86086,0.177972,0.123785,1.4336,0.136948,0.0783261,3.90511,-0.262937,-0.269523,0.583113,0.710459,0.592215,1.83921,0.350131,0.367559,1.09619,-0.487797,-0.46479,0.65432,-0.164011,-0.221894,0.353659,-0.346025,-0.340708,1.05739,-0.461984,-0.481718,0.801533,-0.404966,-0.342695,1.86086,-0.649256,-0.601826,1.4336,-0.389708,-0.286866,3.90511,-0.25144,-0.219803,0.583113,-0.359501,-0.170713,1.83921,0.179737,0.201743,1.09619,0.0490472,0.0244758,0.65432,-0.222254,-0.240912,0.353659,-0.135551,-0.147253,1.05739,0.824546,0.759026,0.48614,-0.0757395,-0.11737,1.86086,0.0714486,0.0756545,1.4336,0.189628,0.160949,3.90511,-0.152094,-0.174863,0.583113,0.554905,0.393018,1.83921,-1.33319,-1.38238,1.09619,1.46921,1.51579,0.65432,0.954231,1.1272,0.353659,1.21817,1.29079,1.05739,0.0155617,0.337563,0.48614,-1.07026,-1.13865,0.801533,0.0630119,0.104249,1.4336,1.11353,0.945838,3.90511,1.09266,1.25256,0.583113,0.157221,-0.220362,1.83921,-0.232503,-0.321848,1.09619,0.972499,1.03983,0.65432,0.146455,0.340563,0.353659,-0.0484948,0.215744,1.05739,-0.259407,0.150035,0.48614,-0.453339,-0.45775,0.801533,-0.0122624,0.393901,1.86086,0.723048,0.809922,3.90511,1.02984,1.2512,0.583113,-0.26472,-0.536807,1.83921,-1.69059,-1.83465,1.09619,2.67443,2.87274,0.65432,1.92197,2.02679,0.353659,0.876486,1.31778,1.05739,-2.83773,-1.99275,0.48614,-0.999107,-0.754881,0.801533,-2.27885,-1.46772,1.86086,1.25246,1.93077,1.4336,2.07996,2.28022,0.583113,-2.51846,-2.6142,1.83921,0.1576,0.142888,1.09619,-0.226293,-0.226457,0.65432,-0.140246,-0.154125,0.353659,-0.0263137,-0.0557642,1.05739,0.733465,0.640779,0.48614,-0.0288083,-0.0713324,0.801533,0.607056,0.410982,1.86086,0.0853116,-0.0317639,1.4336,-0.0606843,-0.155208,3.90511,-0.396332,-0.421804
1.12161,-1.58011,-1.64978,0.674575,-1.64316,-1.6834,0.365055,-1.80197,-1.73661,1.07759,1.03046,0.651261,0.504166,1.00351,1.00112,0.821119,1.00954,1.00106,1.90601,-1.81855,-1.90114,1.47104,-0.476399,-0.487455,4.00169,-1.49994,-1.54482,0.599448,0.60832,0.711422,1.88889,-0.559297,-0.677473,0.674575,0.508192,0.616178,0.365055,0.520014,0.528958,1.07759,-0.303861,-0.0937582,0.504166,-0.519573,-0.501525,0.821119,-0.225941,-0.0477765,1.90601,0.696285,0.867215,1.47104,0.613027,0.702066,4.00169,1.13806,1.05678,0.599448,-0.260801,-0.515813,1.88889,-0.697712,-0.64693,1.12161,0.426592,0.483746,0.365055,0.487703,0.533421,1.07759,-0.596864,-0.468689,0.504166,-0.282659,-0.267757,0.821119,-0.585224,-0.6175,1.90601,0.419715,0.513809,1.47104,0.137676,0.148447,4.00169,0.601276,0.605671,0.599448,-0.449744,-0.368589,1.88889,-0.414866,-0.380329,1.12161,0.231245,0.254364,0.674575,0.300907,0.328371,1.07759,-0.221229,-0.145712,0.504166,-0.205861,-0.208813,0.821119,-0.229926,-0.242792,1.90601,0.382789,0.365101,1.47104,0.0860101,0.0572602,4.00169,0.177028,0.240634,0.599448,-0.0951231,-0.10114,1.88889,0.0937385,0.135791,1.12161,-0.0439684,-0.00725279,0.674575,-0.192456,-0.184494,0.365055,-0.0136888,-0.0794198,0.504166,-0.146607,-0.199338,0.821119,0.887813,0.771076,1.90601,0.191381,0.126009,1.47104,0.154049,0.0795701,4.00169,-0.282815,-0.276753,0.599448,0.734283,0.608485,1.88889,0.372089,0.37749,1.12161,-0.483276,-0.47572,0.674575,-0.15915,-0.228513,0.365055,-0.381373,-0.351386,1.07759,-0.463391,-0.491407,0.821119,-0.404699,-0.351803,1.90601,-0.667492,-0.61641,1.47104,-0.40652,-0.294592,4.00169,-0.245363,-0.225371,0.599448,-0.370593,-0.175978,1.88889,0.167864,0.206231,1.12161,0.0374147,0.0241041,0.674575,-0.228539,-0.24891,0.365055,-0.11989,-0.152956,1.07759,0.835089,0.773149,0.504166,-0.0844128,-0.123367,1.90601,0.0873737,0.0764871,1.47104,0.204734,0.164067,4.00169,-0.166265,-0.180059,0.599448,0.578781,0.403221,1.88889,-1.37518,-1.41988,1.12161,1.4711,1.55144,0.674575,0.96336,1.16026,0.365055,1.28905,1.33107,1.07759,0.00724943,0.344919,0.504166,-1.11306,-1.18047,0.821119,0.0206542,0.107875,1.47104,1.14618,0.971309,4.00169,1.08989,1.28364,0.599448,0.150868,-0.225684,1.88889,-0.209623,-0.330526,1.12161,0.994531,1.06395,0.674575,0.116853,0.350532,0.365055,-0.0055035,0.222607,1.07759,-0.263272,0.153188,0.504166,-0.437844,-0.474727,0.821119,-0.0512532,0.404308,1.90601,0.72906,0.82944,4.00169,1.02613,1.28161,0.599448,-0.270297,-0.552051,1.88889,-1.6296,-1.88296,1.12161,2.81163,2.94102,0.674575,1.94881,2.08721,0.365055,0.894075,1.36083,1.07759,-2.86857,-2.02994,0.504166,-0.924561,-0.77971,0.821119,-2.41742,-1.50291,1.90601,1.26745,1.9791,1.47104,2.03995,2.34195,0.599448,-2.60225,-2.68699,1.88889,0.142873,0.146339,1.12161,-0.253895,-0.232094,0.674575,-0.142019,-0.159043,0.365055,-0.00794914,-0.0580336,1.07759,0.740281,0.653003,0.504166,-0.0407127,-0.0747612,0.821119,0.629896,0.421072,1.90601,0.0871971,-0.0329722,1.47104,-0.0428405,-0.159725,4.00169,-0.416094,-0.432431
1.14703,-1.60196,-1.68808,0.69483,-1.6806,-1.73144,0.376451,-1.85376,-1.78942,1.09778,1.05426,0.662734,0.522192,1.03581,1.03567,0.840705,1.0719,1.02477,1.95115,-1.84345,-1.94663,1.50848,-0.461834,-0.501194,4.09826,-1.53495,-1.58251,0.615783,0.649724,0.729862,1.93857,-0.555332,-0.695543,0.69483,0.509202,0.633496,0.376451,0.550208,0.544858,1.09778,-0.312359,-0.0953568,0.522192,-0.516836,-0.519465,0.840705,-0.258112,-0.0487033,1.95115,0.722734,0.887622,1.50848,0.600479,0.720083,4.09826,1.16062,1.08192,0.615783,-0.274499,-0.530024,1.93857,-0.712369,-0.662873,1.14703,0.436914,0.495926,0.376451,0.500866,0.550863,1.09778,-0.608352,-0.476592,0.522192,-0.278007,-0.275398,0.840705,-0.614127,-0.631521,1.95115,0.423568,0.527116,1.50848,0.131278,0.153684,4.09826,0.617867,0.621314,0.615783,-0.469899,-0.377308,1.93857,-0.430277,-0.390046,1.14703,0.231329,0.260565,0.69483,0.306395,0.338045,1.09778,-0.227082,-0.1481,0.522192,-0.216607,-0.215649,0.840705,-0.242582,-0.248336,1.95115,0.386864,0.374094,1.50848,0.0891888,0.0592595,4.09826,0.178589,0.246814,0.615783,-0.104376,-0.103372,1.93857,0.082362,0.138649,1.14703,-0.078142,-0.00809688,0.69483,-0.194884,-0.190428,0.376451,0.014737,-0.0826528,0.522192,-0.158872,-0.207735,0.840705,0.912612,0.789665,1.95115,0.207486,0.128232,1.50848,0.171149,0.0808141,4.09826,-0.302694,-0.283982,0.615783,0.758108,0.624756,1.93857,0.387011,0.387421,1.14703,-0.478115,-0.48665,0.69483,-0.155429,-0.235132,0.376451,-0.416717,-0.362063,1.09778,-0.464798,-0.501096,0.840705,-0.404198,-0.360911,1.95115,-0.685904,-0.630994,1.50848,-0.423333,-0.302318,4.09826,-0.239287,-0.230939,0.615783,-0.381686,-0.181244,1.93857,0.159756,0.210719,1.14703,0.0255465,0.0237323,0.69483,-0.235791,-0.256908,0.376451,-0.104231,-0.158659,1.09778,0.845633,0.787271,0.522192,-0.0937766,-0.129365,1.95115,0.10644,0.0773196,1.50848,0.21984,0.167186,4.09826,-0.180435,-0.185255,0.615783,0.602656,0.413425,1.93857,-1.41094,-1.45737,1.14703,1.47149,1.58709,0.69483,0.974588,1.19331,0.376451,1.35995,1.37135,1.09778,-0.00106281,0.352275,0.522192,-1.16168,-1.22229,0.840705,-0.021108,0.111501,1.50848,1.17884,0.996781,4.09826,1.08712,1.31472,0.615783,0.144514,-0.231005,1.93857,-0.177356,-0.339204,1.14703,1.01606,1.08807,0.69483,0.0879856,0.3605,0.376451,0.0375088,0.22947,1.09778,-0.267138,0.156342,0.522192,-0.421364,-0.491704,0.840705,-0.0884137,0.414716,1.95115,0.741612,0.848958,4.09826,1.02242,1.31203,0.615783,-0.275874,-0.567295,1.93857,-1.57951,-1.93128,1.14703,2.95116,3.00931,0.69483,1.97307,2.14764,0.376451,0.911708,1.40387,1.09778,-2.89941,-2.06714,0.522192,-0.841102,-0.804538,0.840705,-2.5521,-1.5381,1.95115,1.29519,2.02744,1.50848,1.99994,2.40367,0.615783,-2.68603,-2.75978,1.93857,0.12716,0.14979,1.14703,-0.281448,-0.237732,0.69483,-0.14386,-0.163961,0.376451,0.0104111,-0.0603031,1.09778,0.747096,0.665226,0.522192,-0.0531705,-0.0781899,0.840705,0.650821,0.431161,1.95115,0.0885152,-0.0341804,1.50848,-0.0249967,-0.164243,4.09826,-0.435855,-0.443059
1.17246,-1.62385,-1.72638,0.715085,-1.71882,-1.77949,0.387847,-1.90353,-1.84222,1.11797,1.07806,0.674207,0.540219,1.07061,1.07021,0.860291,1.13374,1.04849,1.9963,-1.86834,-1.99212,1.54592,-0.458515,-0.514933,4.19484,-1.57283,-1.6202,0.632118,0.691129,0.748302,1.98825,-0.571823,-0.713613,0.715085,0.511222,0.650814,0.387847,0.577838,0.560757,1.11797,-0.320856,-0.0969553,0.540219,-0.514372,-0.537405,0.860291,-0.288625,-0.04963,1.9963,0.749183,0.908028,1.54592,0.593281,0.738099,4.19484,1.18116,1.10705,0.632118,-0.288197,-0.544235,1.98825,-0.722662,-0.678816,1.17246,0.447714,0.508106,0.387847,0.514088,0.568306,1.11797,-0.61984,-0.484495,0.540219,-0.273967,-0.283039,0.860291,-0.644684,-0.645543,1.9963,0.427421,0.540423,1.54592,0.130153,0.158921,4.19484,0.633178,0.636956,0.632118,-0.490054,-0.386027,1.98825,-0.443474,-0.399763,1.17246,0.231189,0.266766,0.715085,0.311996,0.347718,1.11797,-0.232934,-0.150488,0.540219,-0.228281,-0.222484,0.860291,-0.255166,-0.253881,1.9963,0.39094,0.383087,1.54592,0.0931798,0.0612589,4.19484,0.181583,0.252993,0.632118,-0.113628,-0.105603,1.98825,0.0926827,0.141507,1.17246,-0.111449,-0.00894097,0.715085,-0.197019,-0.196362,0.387847,0.0412955,-0.0858857,0.540219,-0.170899,-0.216133,0.860291,0.936836,0.808254,1.9963,0.22359,0.130455,1.54592,0.187701,0.0820581,4.19484,-0.323054,-0.291212,0.632118,0.781932,0.641026,1.98825,0.388186,0.397352,1.17246,-0.47238,-0.497581,0.715085,-0.152325,-0.241751,0.387847,-0.450972,-0.372741,1.11797,-0.466205,-0.510786,0.860291,-0.403495,-0.37002,1.9963,-0.704315,-0.645578,1.54592,-0.43586,-0.310044,4.19484,-0.233416,-0.236506,0.632118,-0.392779,-0.18651,1.98825,0.160326,0.215207,1.17246,0.0136737,0.0233605,0.715085,-0.243676,-0.264906,0.387847,-0.0896595,-0.164362,1.11797,0.856176,0.801394,0.540219,-0.10321,-0.135362,1.9963,0.125507,0.0781521,1.54592,0.23396,0.170305,4.19484,-0.192643,-0.190451,0.632118,0.626532,0.423628,1.98825,-1.43471,-1.49487,1.17246,1.47027,1.62274,0.715085,0.986862,1.22637,0.387847,1.43221,1.41163,1.11797,-0.00937504,0.359631,0.540219,-1.21423,-1.26411,0.860291,-0.0615719,0.115126,1.54592,1.21079,1.02225,4.19484,1.08868,1.3458,0.632118,0.138161,-0.236326,1.98825,-0.139233,-0.347882,1.17246,1.03661,1.11219,0.715085,0.0596914,0.370469,0.387847,0.0828324,0.236332,1.11797,-0.271003,0.159496,0.540219,-0.405256,-0.508681,0.860291,-0.122681,0.425123,1.9963,0.754163,0.868476,4.19484,1.02253,1.34245,0.632118,-0.281451,-0.582538,1.98825,-1.57608,-1.97959,1.17246,3.09184,3.0776,0.715085,1.99609,2.20807,0.387847,0.936794,1.44692,1.11797,-2.93025,-2.10434,0.540219,-0.757143,-0.829367,0.860291,-2.68066,-1.57329,1.9963,1.32292,2.07577,1.54592,1.97777,2.4654,0.632118,-2.76981,-2.83256,1.98825,0.11703,0.153242,1.17246,-0.308433,-0.24337,0.715085,-0.145792,-0.168879,0.387847,0.0275983,-0.0625725,1.11797,0.753911,0.67745,0.540219,-0.0651627,-0.0816187,0.860291,0.668964,0.441251,1.9963,0.0898332,-0.0353887,1.54592,-0.0101218,-0.16876,4.19484,-0.456963,-0.453687
1.19788,-1.64621,-1.76468,0.73534,-1.76176,-1.82754,0.399243,-1.95062,-1.89503,1.13816,1.10187,0.68568,0.558245,1.10888,1.10476,0.879878,1.19469,1.0722,2.04145,-1.89324,-2.03761,1.58336,-0.465522,-0.528672,4.29142,-1.61488,-1.65789,0.648453,0.732534,0.766742,2.03793,-0.588313,-0.731683,0.73534,0.519497,0.668133,0.399243,0.598691,0.576656,1.13816,-0.329354,-0.0985538,0.558245,-0.512894,-0.555345,0.879878,-0.317152,-0.0505567,2.04145,0.775632,0.928434,1.58336,0.591816,0.756115,4.29142,1.19973,1.13219,0.648453,-0.301894,-0.558447,2.03793,-0.732955,-0.694759,1.19788,0.46008,0.520286,0.399243,0.527238,0.585748,1.13816,-0.631329,-0.492398,0.558245,-0.27198,-0.29068,0.879878,-0.676935,-0.659565,2.04145,0.431273,0.55373,1.58336,0.133604,0.164158,4.29142,0.647006,0.652598,0.648453,-0.510209,-0.394746,2.03793,-0.456671,-0.40948,1.19788,0.230359,0.272968,0.73534,0.318298,0.357391,1.13816,-0.238786,-0.152876,0.558245,-0.241065,-0.22932,0.879878,-0.267609,-0.259425,2.04145,0.395015,0.39208,1.58336,0.0978362,0.0632583,4.29142,0.186511,0.259173,0.648453,-0.122881,-0.107834,2.03793,0.103003,0.144366,1.19788,-0.140144,-0.00978506,0.73534,-0.197476,-0.202296,0.399243,0.0611397,-0.0891187,0.558245,-0.182056,-0.224531,0.879878,0.960433,0.826844,2.04145,0.239695,0.132678,1.58336,0.202988,0.0833021,4.29142,-0.343411,-0.298442,0.648453,0.805757,0.657297,2.03793,0.389362,0.407282,1.19788,-0.465159,-0.508511,0.73534,-0.152998,-0.24837,0.399243,-0.479941,-0.383418,1.13816,-0.467612,-0.520475,0.879878,-0.402678,-0.379128,2.04145,-0.722727,-0.660163,1.58336,-0.445562,-0.317771,4.29142,-0.228559,-0.242074,0.648453,-0.403872,-0.191776,2.03793,0.160896,0.219695,1.19788,0.00237379,0.0229888,0.73534,-0.255556,-0.272904,0.399243,-0.0798193,-0.170065,1.13816,0.86672,0.815517,0.558245,-0.112269,-0.141359,2.04145,0.144574,0.0789847,1.58336,0.246541,0.173423,4.29142,-0.201987,-0.195648,0.648453,0.650407,0.433831,2.03793,-1.45847,-1.53237,1.19788,1.4642,1.65839,0.73534,1.00543,1.25943,0.399243,1.50018,1.45192,1.13816,-0.0176873,0.366987,0.558245,-1.27101,-1.30594,0.879878,-0.100292,0.118752,1.58336,1.24316,1.04772,4.29142,1.09715,1.37689,0.648453,0.131808,-0.241648,2.03793,-0.10111,-0.35656,1.19788,1.05324,1.13631,0.73534,0.035106,0.380438,0.399243,0.121414,0.243195,1.13816,-0.274868,0.16265,0.558245,-0.390724,-0.525658,0.879878,-0.153608,0.43553,2.04145,0.766714,0.887993,4.29142,1.02809,1.37286,0.648453,-0.287028,-0.597782,2.03793,-1.57266,-2.0279,1.19788,3.23279,3.14588,0.73534,2.01167,2.2685,0.399243,0.966576,1.48996,1.13816,-2.96109,-2.14154,0.558245,-0.678924,-0.854196,0.879878,-2.80216,-1.60848,2.04145,1.35066,2.1241,1.58336,1.97458,2.52713,0.648453,-2.85359,-2.90535,2.03793,0.106901,0.156693,1.19788,-0.332473,-0.249007,0.73534,-0.14835,-0.173797,0.399243,0.0410073,-0.0648419,1.13816,0.760726,0.689673,0.558245,-0.0757011,-0.0850474,0.879878,0.684063,0.451341,2.04145,0.0911513,-0.0365969,1.58336,0.00166088,-0.173277,4.29142,-0.479222,-0.464315
1.22331,-1.66888,-1.80298,0.755595,-1.81007,-1.87558,0.410639,-1.99484,-1.94783,1.15835,1.12301,0.697153,0.576271,1.15096,1.13931,0.899464,1.2536,1.09591,2.08659,-1.91814,-2.0831,1.62079,-0.476556,-0.542411,4.38799,-1.67045,-1.69558,0.664788,0.773938,0.785182,2.08761,-0.604804,-0.749754,0.755595,0.535253,0.685451,0.410639,0.611314,0.592556,1.15835,-0.336416,-0.100152,0.576271,-0.513177,-0.573285,0.899464,-0.342372,-0.0514835,2.08659,0.802081,0.948841,1.62079,0.592673,0.774132,4.38799,1.21275,1.15732,0.664788,-0.315592,-0.572658,2.08761,-0.743249,-0.710702,1.22331,0.473217,0.532466,0.410639,0.540268,0.60319,1.15835,-0.641968,-0.500302,0.576271,-0.273595,-0.29832,0.899464,-0.711334,-0.673586,2.08659,0.435126,0.567037,1.62079,0.138811,0.169395,4.38799,0.656354,0.668241,0.664788,-0.530364,-0.403465,2.08761,-0.469868,-0.419197,1.22331,0.229199,0.279169,0.755595,0.325446,0.367064,1.15835,-0.244159,-0.155264,0.576271,-0.254876,-0.236155,0.899464,-0.279686,-0.26497,2.08659,0.39909,0.401073,1.62079,0.102744,0.0652577,4.38799,0.197566,0.265352,0.664788,-0.132134,-0.110065,2.08761,0.113324,0.147224,1.22331,-0.166125,-0.0106292,0.755595,-0.19679,-0.20823,0.410639,0.0725689,-0.0923517,0.576271,-0.191653,-0.232928,0.899464,0.983137,0.845433,2.08659,0.255799,0.134901,1.62079,0.217704,0.0845461,4.38799,-0.36317,-0.305671,0.664788,0.829581,0.673568,2.08761,0.390537,0.417213,1.22331,-0.4573,-0.519441,0.755595,-0.157915,-0.254988,0.410639,-0.50214,-0.394096,1.15835,-0.469184,-0.530164,0.899464,-0.401965,-0.388236,2.08659,-0.741138,-0.674747,1.62079,-0.454278,-0.325497,4.38799,-0.227578,-0.247642,0.664788,-0.414965,-0.197042,2.08761,0.161467,0.224183,1.22331,-0.00849914,0.022617,0.755595,-0.272669,-0.280902,0.410639,-0.075997,-0.175767,1.15835,0.876976,0.829639,0.576271,-0.12039,-0.147357,2.08659,0.163641,0.0798172,1.62079,0.258455,0.176542,4.38799,-0.202072,-0.200844,0.664788,0.674282,0.444035,2.08761,-1.48224,-1.56986,1.22331,1.45583,1.69405,0.755595,1.03045,1.29248,0.410639,1.56178,1.4922,1.15835,-0.0236573,0.374343,0.576271,-1.33109,-1.34776,0.899464,-0.135666,0.122378,1.62079,1.27581,1.0732,4.38799,1.12846,1.40797,0.664788,0.125454,-0.246969,2.08761,-0.0629864,-0.365237,1.22331,1.06773,1.16043,0.755595,0.0158891,0.390406,0.410639,0.149941,0.250058,1.15835,-0.276151,0.165804,0.576271,-0.379106,-0.542635,0.899464,-0.179271,0.445937,2.08659,0.779265,0.907511,4.38799,1.05117,1.40328,0.664788,-0.292605,-0.613026,2.08761,-1.56923,-2.07622,1.22331,3.37302,3.21417,0.755595,2.01992,2.32892,0.410639,0.999884,1.53301,1.15835,-2.9863,-2.17873,0.576271,-0.614158,-0.879024,0.899464,-2.91258,-1.64367,2.08659,1.3784,2.17244,1.62079,1.97907,2.58886,0.664788,-2.93738,-2.97814,2.08761,0.0967708,0.160144,1.22331,-0.354792,-0.254645,0.755595,-0.151993,-0.178715,0.410639,0.0497279,-0.0671114,1.15835,0.766846,0.701897,0.576271,-0.0837415,-0.0884762,0.899464,0.694773,0.461431,2.08659,0.0924693,-0.0378052,1.62079,0.0121992,-0.177794,4.38799,-0.504523,-0.474943
1.24873,-1.69155,-1.84128,0.77585,-1.86484,-1.92363,0.422035,-2.03906,-2.00064,1.17854,1.11224,0.708626,0.594297,1.1991,1.17386,0.91905,1.3038,1.11962,2.13174,-1.94304,-2.12859,1.65823,-0.496839,-0.556149,4.48457,-1.72603,-1.73327,0.681123,0.815343,0.803622,2.13729,-0.621294,-0.767824,0.77585,0.560111,0.702769,0.422035,0.623937,0.608455,1.17854,-0.326266,-0.101751,0.594297,-0.517308,-0.591226,0.91905,-0.354921,-0.0524102,2.13174,0.82853,0.969247,1.65823,0.598991,0.792148,4.48457,1.22577,1.18245,0.681123,-0.32929,-0.586869,2.13729,-0.753542,-0.726645,1.24873,0.486355,0.544646,0.422035,0.553299,0.620633,1.17854,-0.642435,-0.508205,0.594297,-0.283022,-0.305961,0.91905,-0.752953,-0.687608,2.13174,0.438979,0.580344,1.65823,0.148011,0.174631,4.48457,0.665702,0.683883,0.681123,-0.550519,-0.412184,2.13729,-0.483065,-0.428914,1.24873,0.228038,0.28537,0.77585,0.333627,0.376737,1.17854,-0.243779,-0.157652,0.594297,-0.270019,-0.242991,0.91905,-0.290164,-0.270515,2.13174,0.403166,0.410066,1.65823,0.108215,0.0672571,4.48457,0.208621,0.271532,0.681123,-0.141386,-0.112297,2.13729,0.123645,0.150082,1.24873,-0.192106,-0.0114732,0.77585,-0.194936,-0.214164,0.422035,0.083998,-0.0955847,0.594297,-0.197835,-0.241326,0.91905,1.00265,0.864022,2.13174,0.271904,0.137125,1.65823,0.230984,0.08579,4.48457,-0.382929,-0.312901,0.681123,0.853406,0.689838,2.13729,0.391712,0.427144,1.24873,-0.449442,-0.530371,0.77585,-0.167922,-0.261607,0.422035,-0.524339,-0.404773,1.17854,-0.472739,-0.539853,0.91905,-0.402095,-0.397344,2.13174,-0.75955,-0.689331,1.65823,-0.460905,-0.333223,4.48457,-0.226598,-0.25321,0.681123,-0.426057,-0.202308,2.13729,0.162037,0.228671,1.24873,-0.0193721,0.0222452,0.77585,-0.296269,-0.2889,0.422035,-0.0721746,-0.18147,1.17854,0.883789,0.843762,0.594297,-0.126205,-0.153354,2.13174,0.182707,0.0806498,1.65823,0.268737,0.17966,4.48457,-0.202156,-0.20604,0.681123,0.698158,0.454238,2.13729,-1.506,-1.60736,1.24873,1.44746,1.7297,0.77585,1.06304,1.32554,0.422035,1.62338,1.53248,1.17854,-0.00154536,0.381699,0.594297,-1.39432,-1.38958,0.91905,-0.157559,0.126004,1.65823,1.30927,1.09867,4.48457,1.15976,1.43905,0.681123,0.119101,-0.25229,2.13729,-0.0248631,-0.373915,1.24873,1.08221,1.18455,0.77585,0.00344406,0.400375,0.422035,0.178468,0.25692,1.17854,-0.24648,0.168958,0.594297,-0.37396,-0.559612,0.91905,-0.185221,0.456345,2.13174,0.791816,0.927029,4.48457,1.07426,1.4337,0.681123,-0.298182,-0.62827,2.13729,-1.5658,-2.12453,1.24873,3.51325,3.28246,0.77585,2.01967,2.38935,0.422035,1.03319,1.57605,1.17854,-2.94396,-2.21593,0.594297,-0.581896,-0.903853,0.91905,-2.98155,-1.67887,2.13174,1.40614,2.22077,1.65823,2.00161,2.65058,0.681123,-3.02116,-3.05093,2.13729,0.086641,0.163596,1.24873,-0.377112,-0.260282,0.77585,-0.15704,-0.183633,0.422035,0.0584486,-0.0693808,1.17854,0.764627,0.71412,0.594297,-0.0864116,-0.0919049,0.91905,0.689697,0.471521,2.13174,0.0937874,-0.0390134,1.65823,0.0198216,-0.182311,4.48457,-0.529825,-0.485571
1.27416,-1.71422,-1.87958,0.796105,-1.91962,-1.97168,0.433431,-2.08327,-2.05344,1.19873,1.10148,0.720099,0.612324,1.25215,1.20841,0.938637,1.354,1.14333,2.17689,-1.96793,-2.17408,1.69567,-0.525991,-0.569888,4.58114,-1.7816,-1.77096,0.697458,0.856748,0.822062,2.18696,-0.637785,-0.785894,0.796105,0.584969,0.720088,0.433431,0.636559,0.624354,1.19873,-0.316115,-0.103349,0.612324,-0.52493,-0.609166,0.938637,-0.36747,-0.0533369,2.17689,0.854979,0.989653,1.69567,0.610546,0.810165,4.58114,1.23878,1.20759,0.697458,-0.342987,-0.60108,2.18696,-0.763835,-0.742588,1.27416,0.499493,0.556826,0.433431,0.566329,0.638075,1.19873,-0.642902,-0.516108,0.612324,-0.299519,-0.313602,0.938637,-0.794571,-0.70163,2.17689,0.442832,0.593651,1.69567,0.161039,0.179868,4.58114,0.67505,0.699526,0.697458,-0.570674,-0.420903,2.18696,-0.496262,-0.438631,1.27416,0.226878,0.291572,0.796105,0.341807,0.386411,1.19873,-0.243398,-0.16004,0.612324,-0.286132,-0.249827,0.938637,-0.300642,-0.276059,2.17689,0.407241,0.419058,1.69567,0.114227,0.0692564,4.58114,0.219676,0.277712,0.697458,-0.150639,-0.114528,2.18696,0.133965,0.152941,1.27416,-0.218088,-0.0123173,0.796105,-0.193082,-0.220097,0.433431,0.0954272,-0.0988176,0.612324,-0.200919,-0.249724,0.938637,1.02215,0.882612,2.17689,0.288008,0.139348,1.69567,0.242888,0.087034,4.58114,-0.402689,-0.320131,0.697458,0.877231,0.706109,2.18696,0.392888,0.437075,1.27416,-0.441584,-0.541301,0.796105,-0.177929,-0.268226,0.433431,-0.546538,-0.415451,1.19873,-0.476293,-0.549542,0.938637,-0.402226,-0.406452,2.17689,-0.777961,-0.703915,1.69567,-0.465529,-0.340949,4.58114,-0.225617,-0.258777,0.697458,-0.43715,-0.207574,2.18696,0.162607,0.233159,1.27416,-0.030245,0.0218734,0.796105,-0.319869,-0.296898,0.433431,-0.0683522,-0.187173,1.19873,0.890603,0.857884,0.612324,-0.129861,-0.159351,2.17689,0.201774,0.0814823,1.69567,0.277453,0.182779,4.58114,-0.202241,-0.211236,0.697458,0.722033,0.464442,2.18696,-1.52977,-1.64486,1.27416,1.43909,1.76535,0.796105,1.09562,1.3586,0.433431,1.68499,1.57277,1.19873,0.0205666,0.389055,0.612324,-1.45936,-1.4314,0.938637,-0.179453,0.12963,1.69567,1.3435,1.12414,4.58114,1.19107,1.47013,0.697458,0.112748,-0.257611,2.18696,0.0132602,-0.382593,1.27416,1.0967,1.20867,0.796105,-0.009001,0.410343,0.433431,0.206994,0.263783,1.19873,-0.216809,0.172112,0.612324,-0.374705,-0.576589,0.938637,-0.19117,0.466752,2.17689,0.804367,0.946547,4.58114,1.09734,1.46411,0.697458,-0.303759,-0.643514,2.18696,-1.56238,-2.17285,1.27416,3.65349,3.35074,0.796105,2.01942,2.44978,0.433431,1.0665,1.6191,1.19873,-2.90163,-2.25313,0.612324,-0.57991,-0.928682,0.938637,-3.05051,-1.71406,2.17689,1.43387,2.2691,1.69567,2.04146,2.71231,0.697458,-3.10494,-3.12372,2.18696,0.0765112,0.167047,1.27416,-0.399431,-0.26592,0.796105,-0.162088,-0.188551,0.433431,0.0671692,-0.0716502,1.19873,0.762408,0.726344,0.612324,-0.0842358,-0.0953337,0.938637,0.684621,0.481611,2.17689,0.0951054,-0.0402217,1.69567,0.0246481,-0.186828,4.58114,-0.555126,-0.496199
1.29958,-1.73885,-1.91788,0.81636,-1.97439,-2.01973,0.444827,-2.12582,-2.10625,1.21892,1.09071,0.731573,0.63035,1.3052,1.24295,0.958223,1.40421,1.16705,2.22203,-1.99283,-2.21957,1.73311,-0.57589,-0.583627,4.67772,-1.83717,-1.80865,0.713793,0.898152,0.840502,2.23664,-0.654275,-0.803964,0.81636,0.609827,0.737406,0.444827,0.643498,0.640253,1.21892,-0.305964,-0.104948,0.63035,-0.532552,-0.627106,0.958223,-0.380019,-0.0542636,2.22203,0.881428,1.01006,1.73311,0.634591,0.828181,4.67772,1.2518,1.23272,0.713793,-0.356685,-0.615292,2.23664,-0.774129,-0.758531,1.29958,0.515337,0.569006,0.444827,0.579249,0.655518,1.21892,-0.643369,-0.524011,0.63035,-0.316015,-0.321242,0.958223,-0.83619,-0.715651,2.22203,0.446685,0.606958,1.73311,0.182946,0.185105,4.67772,0.684398,0.715168,0.713793,-0.590829,-0.429622,2.23664,-0.509459,-0.448349,1.29958,0.224676,0.297773,0.81636,0.349988,0.396084,1.21892,-0.243018,-0.162428,0.63035,-0.302245,-0.256662,0.958223,-0.311119,-0.281604,2.22203,0.411316,0.428051,1.73311,0.121481,0.0712558,4.67772,0.230732,0.283891,0.713793,-0.159891,-0.116759,2.23664,0.144286,0.155799,1.29958,-0.229905,-0.0131614,0.81636,-0.191228,-0.226031,0.444827,0.100832,-0.102051,0.63035,-0.204002,-0.258121,0.958223,1.04166,0.901201,2.22203,0.304113,0.141571,1.73311,0.251352,0.088278,4.67772,-0.422448,-0.32736,0.713793,0.901055,0.722379,2.23664,0.394063,0.447006,1.29958,-0.432525,-0.552231,0.81636,-0.187936,-0.274845,0.444827,-0.563775,-0.426128,1.21892,-0.479848,-0.559231,0.958223,-0.402356,-0.415561,2.22203,-0.796373,-0.718499,1.73311,-0.465792,-0.348675,4.67772,-0.224636,-0.264345,0.713793,-0.448243,-0.21284,2.23664,0.163177,0.237647,1.29958,-0.0380834,0.0215017,0.81636,-0.343468,-0.304896,0.444827,-0.0689075,-0.192876,1.21892,0.897416,0.872007,0.63035,-0.133517,-0.165349,2.22203,0.220841,0.0823148,1.73311,0.282324,0.185898,4.67772,-0.202325,-0.216433,0.713793,0.745909,0.474645,2.23664,-1.55353,-1.68235,1.29958,1.42368,1.801,0.81636,1.12821,1.39165,0.444827,1.74124,1.61305,1.21892,0.0426786,0.396411,0.63035,-1.52439,-1.47323,0.958223,-0.201346,0.133256,1.73311,1.37985,1.14961,4.67772,1.22238,1.50121,0.713793,0.106394,-0.262933,2.23664,0.0513835,-0.391271,1.29958,1.10169,1.23279,0.81636,-0.0214461,0.420312,0.444827,0.227047,0.270646,1.21892,-0.187139,0.175266,0.63035,-0.375451,-0.593566,0.958223,-0.197119,0.477159,2.22203,0.816918,0.966064,4.67772,1.12042,1.49453,0.713793,-0.309335,-0.658758,2.23664,-1.55895,-2.22116,1.29958,3.78212,3.41903,0.81636,2.01917,2.51021,0.444827,1.10046,1.66214,1.21892,-2.85929,-2.29033,0.63035,-0.577924,-0.95351,0.958223,-3.11948,-1.74925,2.22203,1.46161,2.31744,1.73311,2.12257,2.77404,0.713793,-3.18872,-3.1965,2.23664,0.0663815,0.170498,1.29958,-0.412878,-0.271557,0.81636,-0.167135,-0.193469,0.444827,0.072571,-0.0739197,1.21892,0.760188,0.738567,0.63035,-0.08206,-0.0987624,0.958223,0.679545,0.491701,2.22203,0.0964235,-0.0414299,1.73311,0.0228273,-0.191345,4.67772,-0.580428,-0.506827
1.325,-1.7647,-1.95618,0.836615,-2.03961,-2.06777,0.456223,-2.16316,-2.15905,1.23911,1.07995,0.743046,0.648376,1.37403,1.2775,0.977809,1.45441,1.19076,2.26718,-2.00293,-2.26506,1.77055,-0.632079,-0.597366,4.7743,-1.89274,-1.84635,0.730128,0.948398,0.858942,2.28632,-0.670766,-0.822034,0.836615,0.649877,0.754724,0.456223,0.631872,0.656153,1.23911,-0.295813,-0.106546,0.648376,-0.55391,-0.645046,0.977809,-0.392568,-0.0551904,2.26718,0.921348,1.03047,1.77055,0.662423,0.846198,4.7743,1.26482,1.25786,0.730128,-0.379042,-0.629503,2.28632,-0.784422,-0.774474,1.325,0.532856,0.581186,0.456223,0.59179,0.67296,1.23911,-0.643835,-0.531914,0.648376,-0.360241,-0.328883,0.977809,-0.877808,-0.729673,2.26718,0.451961,0.620265,1.77055,0.207545,0.190342,4.7743,0.693746,0.73081,0.730128,-0.609074,-0.438341,2.28632,-0.522656,-0.458066,1.325,0.22183,0.303974,0.836615,0.359901,0.405757,1.23911,-0.242637,-0.164816,0.648376,-0.320757,-0.263498,0.977809,-0.321597,-0.287148,2.26718,0.410505,0.437044,1.77055,0.129112,0.0732552,4.7743,0.241787,0.290071,0.730128,-0.171272,-0.118991,2.28632,0.154607,0.158657,1.325,-0.232954,-0.0140055,0.836615,-0.188485,-0.231965,0.456223,0.086396,-0.105284,0.648376,-0.194883,-0.266519,0.977809,1.06117,0.91979,2.26718,0.330811,0.143794,1.77055,0.258773,0.089522,4.7743,-0.442207,-0.33459,0.730128,0.920569,0.73865,2.28632,0.395238,0.456937,1.325,-0.422723,-0.563161,0.836615,-0.206102,-0.281464,0.456223,-0.564579,-0.436806,1.23911,-0.483403,-0.568921,0.977809,-0.402487,-0.424669,2.26718,-0.815659,-0.733084,1.77055,-0.464732,-0.356401,4.7743,-0.223655,-0.269913,0.730128,-0.450352,-0.218106,2.28632,0.163747,0.242135,1.325,-0.044043,0.0211299,0.836615,-0.378453,-0.312894,0.456223,-0.0839357,-0.198579,1.23911,0.904229,0.88613,0.648376,-0.128281,-0.171346,2.26718,0.251179,0.0831474,1.77055,0.286029,0.189016,4.7743,-0.20241,-0.221629,0.730128,0.763914,0.484849,2.28632,-1.5773,-1.71985,1.325,1.40392,1.83666,0.836615,1.17209,1.42471,0.456223,1.77931,1.65333,1.23911,0.0647906,0.403767,0.648376,-1.59021,-1.51505,0.977809,-0.22324,0.136881,1.77055,1.41685,1.17508,4.7743,1.25369,1.53229,0.730128,0.0785331,-0.268254,2.28632,0.0895068,-0.399949,1.325,1.10079,1.25691,0.836615,-0.0214415,0.430281,0.456223,0.218208,0.277508,1.23911,-0.157468,0.178419,0.648376,-0.39954,-0.610543,0.977809,-0.203069,0.487567,2.26718,0.855959,0.985582,4.7743,1.14351,1.52494,0.730128,-0.327493,-0.674002,2.28632,-1.55553,-2.26947,1.325,3.90356,3.48732,0.836615,2.00668,2.57063,0.456223,1.13512,1.70519,1.23911,-2.81696,-2.32753,0.648376,-0.69988,-0.978339,0.977809,-3.18845,-1.78444,2.26718,1.53596,2.36577,1.77055,2.21619,2.83577,0.730128,-3.27129,-3.26929,2.28632,0.0562517,0.17395,1.325,-0.420831,-0.277195,0.836615,-0.174941,-0.198387,0.456223,0.0670696,-0.0761891,1.23911,0.757969,0.750791,0.648376,-0.0609538,-0.102191,0.977809,0.674468,0.501791,2.26718,0.0966535,-0.0426382,1.77055,0.0189909,-0.195862,4.7743,-0.605729,-0.517455
1.35043,-1.79055,-1.99449,0.85687,-2.11677,-2.11582,0.467619,-2.19845,-2.21185,1.25931,1.06918,0.754519,0.666403,1.44405,1.31205,0.997395,1.50462,1.21447,2.31233,-1.99515,-2.31054,1.80798,-0.688269,-0.611105,4.87087,-1.94832,-1.88404,0.746463,1.04813,0.877382,2.336,-0.687256,-0.840105,0.85687,0.707305,0.772043,0.467619,0.612206,0.672052,1.25931,-0.285662,-0.108145,0.666403,-0.576311,-0.662986,0.997395,-0.405117,-0.0561171,2.31233,0.977206,1.05087,1.80798,0.690255,0.864214,4.87087,1.27783,1.28299,0.746463,-0.449932,-0.643714,2.336,-0.794715,-0.790417,1.35043,0.550376,0.593366,0.467619,0.604147,0.690403,1.25931,-0.644302,-0.539818,0.666403,-0.40657,-0.336524,0.997395,-0.919427,-0.743694,2.31233,0.45898,0.633572,1.80798,0.232144,0.195579,4.87087,0.703094,0.746453,0.746463,-0.616563,-0.44706,2.336,-0.535853,-0.467783,1.35043,0.218984,0.310175,0.85687,0.371796,0.41543,1.25931,-0.242257,-0.167204,0.666403,-0.339451,-0.270333,0.997395,-0.332075,-0.292693,2.31233,0.403873,0.446037,1.80798,0.136742,0.0752546,4.87087,0.252842,0.29625,0.746463,-0.194565,-0.121222,2.336,0.164928,0.161516,1.35043,-0.236002,-0.0148496,0.85687,-0.184726,-0.237899,0.467619,0.0632201,-0.108517,0.666403,-0.184837,-0.274917,0.997395,1.08068,0.93838,2.31233,0.370336,0.146018,1.80798,0.266194,0.090766,4.87087,-0.461966,-0.34182,0.746463,0.91589,0.754921,2.336,0.396414,0.466867,1.35043,-0.412921,-0.574091,0.85687,-0.2336,-0.288083,0.467619,-0.558068,-0.447483,1.25931,-0.486958,-0.57861,0.997395,-0.402617,-0.433777,2.31233,-0.836039,-0.747668,1.80798,-0.463671,-0.364127,4.87087,-0.222674,-0.275481,0.746463,-0.402062,-0.223371,2.336,0.164318,0.246623,1.35043,-0.0500026,0.0207581,0.85687,-0.426462,-0.320892,0.467619,-0.105385,-0.204281,1.25931,0.911043,0.900252,0.666403,-0.12237,-0.177343,2.31233,0.294965,0.0839799,1.80798,0.289733,0.192135,4.87087,-0.202495,-0.226825,0.746463,0.748964,0.495052,2.336,-1.60106,-1.75735,1.35043,1.38415,1.87231,0.85687,1.22891,1.45777,0.467619,1.80885,1.69361,1.25931,0.0869026,0.411122,0.666403,-1.65608,-1.55687,0.997395,-0.245133,0.140507,1.80798,1.45385,1.20055,4.87087,1.28499,1.56337,0.746463,-0.0699398,-0.273575,2.336,0.12763,-0.408627,1.35043,1.09989,1.28102,0.85687,-0.00719454,0.440249,0.467619,0.195802,0.284371,1.25931,-0.127797,0.181573,0.666403,-0.425401,-0.627521,0.997395,-0.209018,0.497974,2.31233,0.927223,1.0051,4.87087,1.16659,1.55536,0.746463,-0.416249,-0.689246,2.336,-1.5521,-2.31779,1.35043,4.02501,3.5556,0.85687,1.98017,2.63106,0.467619,1.16886,1.74823,1.25931,-2.77462,-2.36472,0.666403,-0.831241,-1.00317,0.997395,-3.25742,-1.81963,2.31233,1.66608,2.4141,1.80798,2.3098,2.89749,0.746463,-3.34693,-3.34208,2.336,0.046122,0.177401,1.35043,-0.428785,-0.282833,0.85687,-0.185901,-0.203305,0.467619,0.0567904,-0.0784586,1.25931,0.75575,0.763014,0.666403,-0.0384114,-0.10562,0.997395,0.669392,0.511881,2.31233,0.0957797,-0.0438464,1.80798,0.0151545,-0.200379,4.87087,-0.63103,-0.528083
1.37585,-1.81639,-2.03279,0.877126,-2.19393,-2.16387,0.479015,-2.22869,-2.26466,1.2795,1.05755,0.765992,0.684429,1.51408,1.3466,1.01698,1.55482,1.23818,2.35747,-1.97838,-2.35603,1.84542,-0.774735,-0.624844,4.96745,-2.00389,-1.92173,0.762798,1.15279,0.895822,2.38568,-0.703747,-0.858175,0.877126,0.764734,0.789361,0.479015,0.571386,0.687951,1.2795,-0.275044,-0.109743,0.684429,-0.598712,-0.680926,1.01698,-0.417666,-0.0570438,2.35747,1.04067,1.07128,1.84542,0.736522,0.882231,4.96745,1.29085,1.30813,0.762798,-0.52793,-0.657925,2.38568,-0.805009,-0.80636,1.37585,0.567895,0.605546,0.479015,0.615997,0.707845,1.2795,-0.644492,-0.547721,0.684429,-0.4529,-0.344164,1.01698,-0.961045,-0.757716,2.35747,0.466912,0.646879,1.84542,0.269631,0.200816,4.96745,0.712442,0.762095,0.762798,-0.620675,-0.455779,2.38568,-0.54905,-0.4775,1.37585,0.216137,0.316377,0.877126,0.383691,0.425103,1.2795,-0.241719,-0.169592,0.684429,-0.358145,-0.277169,1.01698,-0.342553,-0.298238,2.35747,0.394412,0.45503,1.84542,0.146164,0.077254,4.96745,0.263897,0.30243,0.762798,-0.21916,-0.123453,2.38568,0.175248,0.164374,1.37585,-0.239051,-0.0156937,0.877126,-0.180968,-0.243833,0.479015,0.0168481,-0.11175,0.684429,-0.174791,-0.283314,1.01698,1.10018,0.956969,2.35747,0.416381,0.148241,1.84542,0.268402,0.09201,4.96745,-0.481726,-0.349049,0.762798,0.906607,0.771191,2.38568,0.397589,0.476798,1.37585,-0.403119,-0.585021,0.877126,-0.261098,-0.294702,0.479015,-0.53204,-0.458161,1.2795,-0.490577,-0.588299,1.01698,-0.402748,-0.442885,2.35747,-0.857021,-0.762252,1.84542,-0.456527,-0.371854,4.96745,-0.221693,-0.281048,0.762798,-0.344945,-0.228637,2.38568,0.164888,0.251111,1.37585,-0.0559621,0.0203864,0.877126,-0.474472,-0.32889,0.479015,-0.143938,-0.209984,1.2795,0.917772,0.914375,0.684429,-0.116459,-0.183341,2.35747,0.345317,0.0848125,1.84542,0.287664,0.195254,4.96745,-0.202579,-0.232021,0.762798,0.727353,0.505256,2.38568,-1.62483,-1.79484,1.37585,1.36438,1.90796,0.877126,1.28572,1.49083,0.479015,1.81506,1.7339,1.2795,0.109781,0.418478,0.684429,-1.72195,-1.59869,1.01698,-0.267026,0.144133,1.84542,1.49422,1.22602,4.96745,1.3163,1.59445,0.762798,-0.238111,-0.278897,2.38568,0.165753,-0.417305,1.37585,1.09899,1.30514,0.877126,0.0070524,0.450218,0.479015,0.136248,0.291233,1.2795,-0.0972991,0.184727,0.684429,-0.451262,-0.644498,1.01698,-0.214967,0.508381,2.35747,1.01506,1.02462,4.96745,1.18968,1.58578,0.762798,-0.518024,-0.70449,2.38568,-1.54868,-2.3661,1.37585,4.14645,3.62389,0.877126,1.95366,2.69149,0.479015,1.19847,1.79128,1.2795,-2.73051,-2.40192,0.684429,-0.962602,-1.028,1.01698,-3.32639,-1.85482,2.35747,1.82369,2.46243,1.84542,2.46429,2.95922,0.762798,-3.4181,-3.41487,2.38568,0.0359922,0.180852,1.37585,-0.436738,-0.28847,0.877126,-0.196862,-0.208223,0.479015,0.0338633,-0.080728,1.2795,0.753319,0.775238,0.684429,-0.0158689,-0.109049,1.01698,0.664316,0.521971,2.35747,0.0946286,-0.0450547,1.84542,0.00152463,-0.204897,4.96745,-0.656332,-0.538711
1.40128,-1.84224,-2.07109,0.897381,-2.27109,-2.21191,0.49041,-2.25714,-2.31746,1.29969,1.017,0.777465,0.702455,1.59355,1.38115,1.03657,1.60503,1.2619,2.40262,-1.94802,-2.40152,1.88286,-0.868032,-0.638583,5.06402,-2.05946,-1.95942,0.779133,1.26165,0.914262,2.43536,-0.720237,-0.876245,0.897381,0.822162,0.806679,0.49041,0.522997,0.703851,1.29969,-0.248798,-0.111342,0.702455,-0.630508,-0.698867,1.03657,-0.430215,-0.0579706,2.40262,1.11544,1.09169,1.88286,0.78697,0.900247,5.06402,1.30387,1.33326,0.779133,-0.612268,-0.672136,2.43536,-0.815302,-0.822304,1.40128,0.585414,0.617726,0.49041,0.627663,0.725288,1.29969,-0.635444,-0.555624,0.702455,-0.518157,-0.351805,1.03657,-1.00266,-0.771738,2.40262,0.476237,0.660186,1.88286,0.31002,0.206053,5.06402,0.72179,0.777738,0.779133,-0.621621,-0.464498,2.43536,-0.562247,-0.487217,1.40128,0.213291,0.322578,0.897381,0.395586,0.434776,1.29969,-0.235915,-0.17198,0.702455,-0.377939,-0.284004,1.03657,-0.353031,-0.303782,2.40262,0.380726,0.464023,1.88286,0.155988,0.0792533,5.06402,0.274952,0.308609,0.779133,-0.244877,-0.125685,2.43536,0.185569,0.167232,1.40128,-0.2421,-0.0165378,0.897381,-0.177209,-0.249766,0.49041,-0.037845,-0.114983,0.702455,-0.156396,-0.291712,1.03657,1.11969,0.975558,2.40262,0.472289,0.150464,1.88286,0.269412,0.093254,5.06402,-0.501485,-0.356279,0.779133,0.893125,0.787462,2.43536,0.398764,0.486729,1.40128,-0.393317,-0.595951,0.897381,-0.288597,-0.301321,0.49041,-0.499,-0.468838,1.29969,-0.496359,-0.597988,1.03657,-0.402878,-0.451994,2.40262,-0.878933,-0.776836,1.88286,-0.448039,-0.37958,5.06402,-0.220712,-0.286616,0.779133,-0.279831,-0.233903,2.43536,0.165458,0.255599,1.40128,-0.0619217,0.0200146,0.897381,-0.522481,-0.336888,0.49041,-0.188633,-0.215687,1.29969,0.921692,0.928497,0.702455,-0.104315,-0.189338,2.40262,0.405495,0.085645,1.88286,0.284275,0.198372,5.06402,-0.202664,-0.237217,0.779133,0.699641,0.515459,2.43536,-1.64859,-1.83234,1.40128,1.34462,1.94361,0.897381,1.34253,1.52388,0.49041,1.81283,1.77418,1.29969,0.158284,0.425834,0.702455,-1.78596,-1.64051,1.03657,-0.28892,0.147759,1.88286,1.53538,1.2515,5.06402,1.34761,1.62553,0.779133,-0.424027,-0.284218,2.43536,0.203877,-0.425983,1.40128,1.09809,1.32926,0.897381,0.0212993,0.460186,0.49041,0.0632454,0.298096,1.29969,-0.0391567,0.187881,0.702455,-0.493145,-0.661475,1.03657,-0.220916,0.518788,2.40262,1.12805,1.04414,5.06402,1.21276,1.61619,0.779133,-0.631644,-0.719734,2.43536,-1.54525,-2.41441,1.40128,4.2679,3.69218,0.897381,1.92716,2.75192,0.49041,1.22642,1.83432,1.29969,-2.62723,-2.43912,0.702455,-1.18055,-1.05283,1.03657,-3.39536,-1.89001,2.40262,2.02251,2.51077,1.88286,2.63258,3.02095,0.779133,-3.48497,-3.48766,2.43536,0.0258625,0.184304,1.40128,-0.444691,-0.294108,0.897381,-0.207823,-0.213141,0.49041,0.00640258,-0.0829974,1.29969,0.743789,0.787461,0.702455,0.0195656,-0.112477,1.03657,0.65924,0.532061,2.40262,0.0931744,-0.0462629,1.88286,-0.0143248,-0.209414,5.06402,-0.681633,-0.549339
1.4267,-1.86809,-2.10939,0.917636,-2.34825,-2.25996,0.501806,-2.28559,-2.37027,1.31988,0.976454,0.788938,0.720482,1.68078,1.4157,1.05615,1.65523,1.28561,2.44777,-1.91767,-2.44701,1.9203,-0.983219,-0.652322,5.1606,-2.11503,-1.99711,0.795468,1.375,0.932702,2.48504,-0.736728,-0.894315,0.917636,0.879591,0.823997,0.501806,0.474608,0.71975,1.31988,-0.222553,-0.11294,0.720482,-0.670029,-0.716807,1.05615,-0.442764,-0.0588973,2.44777,1.1902,1.11209,1.9203,0.850856,0.918264,5.1606,1.31688,1.35839,0.795468,-0.703674,-0.686348,2.48504,-0.825595,-0.838247,1.4267,0.602934,0.629906,0.501806,0.639329,0.74273,1.31988,-0.626395,-0.563527,0.720482,-0.598979,-0.359446,1.05615,-1.04428,-0.785759,2.44777,0.485561,0.673493,1.9203,0.359693,0.21129,5.1606,0.731138,0.79338,0.795468,-0.618883,-0.473217,2.48504,-0.575444,-0.496934,1.4267,0.210444,0.328779,0.917636,0.40748,0.44445,1.31988,-0.230111,-0.174368,0.720482,-0.398638,-0.29084,1.05615,-0.363509,-0.309327,2.44777,0.367039,0.473016,1.9203,0.167097,0.0812527,5.1606,0.286008,0.314789,0.795468,-0.271808,-0.127916,2.48504,0.19589,0.170091,1.4267,-0.245148,-0.0173819,0.917636,-0.17345,-0.2557,0.501806,-0.092538,-0.118215,0.720482,-0.131136,-0.30011,1.05615,1.1392,0.994148,2.44777,0.528198,0.152687,1.9203,0.266552,0.094498,5.1606,-0.521244,-0.363509,0.795468,0.874872,0.803732,2.48504,0.39994,0.49666,1.4267,-0.383515,-0.606881,0.917636,-0.316095,-0.30794,0.501806,-0.465959,-0.479516,1.31988,-0.502141,-0.607677,1.05615,-0.403009,-0.461102,2.44777,-0.900844,-0.79142,1.9203,-0.435301,-0.387306,5.1606,-0.219732,-0.292184,0.795468,-0.205679,-0.239169,2.48504,0.166028,0.260087,1.4267,-0.0678813,0.0196428,0.917636,-0.57049,-0.344886,0.501806,-0.233328,-0.22139,1.31988,0.925611,0.94262,0.720482,-0.0870446,-0.195335,2.44777,0.465673,0.0864776,1.9203,0.276627,0.201491,5.1606,-0.202748,-0.242414,0.795468,0.664973,0.525663,2.48504,-1.67236,-1.86984,1.4267,1.32485,1.97926,0.917636,1.39934,1.55694,0.501806,1.81059,1.81446,1.31988,0.206786,0.43319,0.720482,-1.84842,-1.68234,1.05615,-0.310813,0.151385,1.9203,1.57912,1.27697,5.1606,1.37892,1.65662,0.795468,-0.629898,-0.289539,2.48504,0.242,-0.434661,1.4267,1.09719,1.35338,0.917636,0.0355463,0.470155,0.501806,-0.0097573,0.304959,1.31988,0.0189856,0.191035,0.720482,-0.548203,-0.678452,1.05615,-0.226866,0.529196,2.44777,1.24104,1.06365,5.1606,1.23584,1.64661,0.795468,-0.758695,-0.734978,2.48504,-1.54182,-2.46273,1.4267,4.38935,3.76046,0.917636,1.90065,2.81234,0.501806,1.25437,1.87737,1.31988,-2.52394,-2.47632,0.720482,-1.4697,-1.07765,1.05615,-3.46433,-1.92521,2.44777,2.22133,2.5591,1.9203,2.84524,3.08268,0.795468,-3.54676,-3.56044,2.48504,0.0157327,0.187755,1.4267,-0.452645,-0.299745,0.917636,-0.218784,-0.218059,0.501806,-0.0210581,-0.0852669,1.31988,0.734259,0.799685,0.720482,0.0656016,-0.115906,1.05615,0.654164,0.542151,2.44777,0.0917203,-0.0474712,1.9203,-0.0373042,-0.213931,5.1606,-0.706935,-0.559967
