pwRes_abscissa,pwRes_cdf,iwRes_abscissa,iwRes_cdf,npde_abscissa,npde_cdf,split
-4,0,-4,0,-4,0,All
-2.33124,0.00255754,-3.90802,0.000255754,-1.85575,0.00255754,All
-1.90412,0.00511509,-3.43964,0.000511509,-1.84225,0.00511509,All
-1.87922,0.00767263,-3.32959,0.000767263,-1.8199,0.00767263,All
-1.81533,0.0102302,-3.3209,0.00102302,-1.74915,0.0102302,All
-1.74131,0.0127877,-3.23146,0.00127877,-1.68816,0.0127877,All
-1.73695,0.0153453,-3.22458,0.00153453,-1.66438,0.0153453,All
-1.67264,0.0179028,-3.1556,0.00179028,-1.64951,0.0179028,All
-1.64853,0.0204604,-3.03347,0.00204604,-1.50679,0.0204604,All
-1.53546,0.0230179,-2.98886,0.00230179,-1.48986,0.0230179,All
-1.5252,0.0255754,-2.96829,0.00255754,-1.44641,0.0255754,All
-1.49772,0.028133,-2.95063,0.0028133,-1.427,0.028133,All
-1.40304,0.0306905,-2.9206,0.00306905,-1.36557,0.0306905,All
-1.37301,0.0332481,-2.84423,0.00332481,-1.33762,0.0332481,All
-1.34779,0.0358056,-2.82316,0.00358056,-1.3191,0.0358056,All
-1.34754,0.0383632,-2.7762,0.00383632,-1.31568,0.0383632,All
-1.32529,0.0409207,-2.70245,0.00409207,-1.30808,0.0409207,All
-1.29633,0.0434783,-2.66756,0.00434783,-1.27842,0.0434783,All
-1.28854,0.0460358,-2.65598,0.00460358,-1.27318,0.0460358,All
-1.2796,0.0485934,-2.63322,0.00485934,-1.26565,0.0485934,All
-1.26606,0.0511509,-2.59562,0.00511509,-1.2584,0.0511509,All
-1.25932,0.0537084,-2.58696,0.00537084,-1.25383,0.0537084,All
-1.24649,0.056266,-2.58667,0.0056266,-1.21428,0.056266,All
-1.20658,0.0588235,-2.57755,0.00588235,-1.20852,0.0588235,All
-1.16952,0.0613811,-2.55347,0.00613811,-1.19383,0.0613811,All
-1.16689,0.0639386,-2.53968,0.00639386,-1.19171,0.0639386,All
-1.1499,0.0664962,-2.53668,0.00664962,-1.18227,0.0664962,All
-1.13156,0.0690537,-2.49946,0.00690537,-1.16601,0.0690537,All
-1.12112,0.0716113,-2.47139,0.00716113,-1.16132,0.0716113,All
-1.08468,0.0741688,-2.46821,0.00741688,-1.15462,0.0741688,All
-1.06509,0.0767263,-2.43843,0.00767263,-1.15171,0.0767263,All
-1.05715,0.0792839,-2.41981,0.00792839,-1.10015,0.0792839,All
-1.04602,0.0818414,-2.41903,0.00818414,-1.08842,0.0818414,All
-1.02536,0.084399,-2.38515,0.0084399,-1.06992,0.084399,All
-1.01349,0.0869565,-2.38279,0.00869565,-1.0523,0.0869565,All
-0.99415,0.0895141,-2.37786,0.00895141,-1.05043,0.0895141,All
-0.991103,0.0920716,-2.37032,0.00920716,-1.03361,0.0920716,All
-0.978724,0.0946292,-2.34623,0.00946292,-1.03299,0.0946292,All
-0.973966,0.0971867,-2.33787,0.00971867,-1.00923,0.0971867,All
-0.969723,0.0997442,-2.33484,0.00997442,-1.00159,0.0997442,All
-0.962932,0.102302,-2.3107,0.0102302,-0.997692,0.102302,All
-0.946732,0.104859,-2.30334,0.0104859,-0.993864,0.104859,All
-0.946094,0.107417,-2.30131,0.0107417,-0.992869,0.107417,All
-0.938484,0.109974,-2.29533,0.0109974,-0.983596,0.109974,All
-0.935329,0.112532,-2.2883,0.0112532,-0.975997,0.112532,All
-0.931015,0.11509,-2.28729,0.011509,-0.96509,0.11509,All
-0.913862,0.117647,-2.28529,0.0117647,-0.962762,0.117647,All
-0.903963,0.120205,-2.28494,0.0120205,-0.958432,0.120205,All
-0.880543,0.122762,-2.28219,0.0122762,-0.956335,0.122762,All
-0.87866,0.12532,-2.27521,0.012532,-0.942906,0.12532,All
-0.87814,0.127877,-2.26729,0.0127877,-0.939669,0.127877,All
-0.850824,0.130435,-2.25534,0.0130435,-0.934244,0.130435,All
-0.846479,0.132992,-2.2465,0.0132992,-0.931512,0.132992,All
-0.836872,0.13555,-2.2394,0.013555,-0.929179,0.13555,All
-0.82979,0.138107,-2.23559,0.0138107,-0.914565,0.138107,All
-0.825944,0.140665,-2.23473,0.0140665,-0.907274,0.140665,All
-0.783607,0.143223,-2.23116,0.0143223,-0.88695,0.143223,All
-0.779843,0.14578,-2.22464,0.014578,-0.884766,0.14578,All
-0.745416,0.148338,-2.22127,0.0148338,-0.880021,0.148338,All
-0.741053,0.150895,-2.21161,0.0150895,-0.876433,0.150895,All
-0.739132,0.153453,-2.20484,0.0153453,-0.852689,0.153453,All
-0.737143,0.15601,-2.20096,0.015601,-0.845159,0.15601,All
-0.724499,0.158568,-2.19678,0.0158568,-0.828708,0.158568,All
-0.719116,0.161125,-2.19492,0.0161125,-0.819855,0.161125,All
-0.712749,0.163683,-2.17256,0.0163683,-0.818507,0.163683,All
-0.709897,0.16624,-2.14044,0.016624,-0.769578,0.16624,All
-0.70585,0.168798,-2.13443,0.0168798,-0.766079,0.168798,All
-0.686107,0.171355,-2.1246,0.0171355,-0.764633,0.171355,All
-0.685329,0.173913,-2.11886,0.0173913,-0.758794,0.173913,All
-0.672908,0.176471,-2.1141,0.0176471,-0.754448,0.176471,All
-0.660266,0.179028,-2.11028,0.0179028,-0.744541,0.179028,All
-0.659051,0.181586,-2.10544,0.0181586,-0.742293,0.181586,All
-0.658564,0.184143,-2.10401,0.0184143,-0.725878,0.184143,All
-0.657329,0.186701,-2.09647,0.0186701,-0.724453,0.186701,All
-0.655048,0.189258,-2.08509,0.0189258,-0.717653,0.189258,All
-0.6308,0.191816,-2.08471,0.0191816,-0.713695,0.191816,All
-0.623229,0.194373,-2.07527,0.0194373,-0.703222,0.194373,All
-0.616558,0.196931,-2.07399,0.0196931,-0.687989,0.196931,All
-0.612176,0.199488,-2.07317,0.0199488,-0.685134,0.199488,All
-0.606933,0.202046,-2.06976,0.0202046,-0.682743,0.202046,All
-0.603883,0.204604,-2.05876,0.0204604,-0.679128,0.204604,All
-0.60273,0.207161,-2.05634,0.0207161,-0.670959,0.207161,All
-0.589342,0.209719,-2.05461,0.0209719,-0.669346,0.209719,All
-0.58751,0.212276,-2.04289,0.0212276,-0.66554,0.212276,All
-0.573474,0.214834,-2.03364,0.0214834,-0.657947,0.214834,All
-0.564278,0.217391,-2.03046,0.0217391,-0.657612,0.217391,All
-0.560631,0.219949,-2.02397,0.0219949,-0.636258,0.219949,All
-0.555825,0.222506,-2.01993,0.0222506,-0.635702,0.222506,All
-0.542737,0.225064,-2.01967,0.0225064,-0.61691,0.225064,All
-0.541966,0.227621,-2.01906,0.0227621,-0.613115,0.227621,All
-0.536707,0.230179,-2.01824,0.0230179,-0.609634,0.230179,All
-0.534994,0.232737,-2.01374,0.0232737,-0.609128,0.232737,All
-0.488341,0.235294,-2.00567,0.0235294,-0.600334,0.235294,All
-0.487131,0.237852,-2.00121,0.0237852,-0.589296,0.237852,All
-0.484831,0.240409,-1.99988,0.0240409,-0.578134,0.240409,All
-0.48369,0.242967,-1.99117,0.0242967,-0.576894,0.242967,All
-0.473965,0.245524,-1.9899,0.0245524,-0.575047,0.245524,All
-0.473277,0.248082,-1.98561,0.0248082,-0.573417,0.248082,All
-0.470245,0.250639,-1.98539,0.0250639,-0.57176,0.250639,All
-0.452489,0.253197,-1.98474,0.0253197,-0.564369,0.253197,All
-0.45196,0.255754,-1.98206,0.0255754,-0.561596,0.255754,All
-0.444863,0.258312,-1.98134,0.0258312,-0.551945,0.258312,All
-0.442165,0.26087,-1.97782,0.026087,-0.544622,0.26087,All
-0.440133,0.263427,-1.97627,0.0263427,-0.531415,0.263427,All
-0.433931,0.265985,-1.9707,0.0265985,-0.518335,0.265985,All
-0.430991,0.268542,-1.96877,0.0268542,-0.514423,0.268542,All
-0.429039,0.2711,-1.96782,0.02711,-0.502636,0.2711,All
-0.423041,0.273657,-1.96668,0.0273657,-0.496393,0.273657,All
-0.413219,0.276215,-1.96458,0.0276215,-0.496162,0.276215,All
-0.411653,0.278772,-1.95763,0.0278772,-0.49503,0.278772,All
-0.400269,0.28133,-1.95759,0.028133,-0.491338,0.28133,All
-0.390716,0.283887,-1.95196,0.0283887,-0.487772,0.283887,All
-0.388108,0.286445,-1.93259,0.0286445,-0.477123,0.286445,All
-0.383076,0.289003,-1.92096,0.0289003,-0.475079,0.289003,All
-0.382982,0.29156,-1.91798,0.029156,-0.47462,0.29156,All
-0.382466,0.294118,-1.91684,0.0294118,-0.458981,0.294118,All
-0.381432,0.296675,-1.90901,0.0296675,-0.451959,0.296675,All
-0.380532,0.299233,-1.90859,0.0299233,-0.445787,0.299233,All
-0.362758,0.30179,-1.90044,0.030179,-0.419415,0.30179,All
-0.361911,0.304348,-1.8946,0.0304348,-0.416082,0.304348,All
-0.358303,0.306905,-1.8805,0.0306905,-0.414556,0.306905,All
-0.350402,0.309463,-1.87219,0.0309463,-0.411987,0.309463,All
-0.33012,0.31202,-1.86989,0.031202,-0.411276,0.31202,All
-0.32996,0.314578,-1.86288,0.0314578,-0.399554,0.314578,All
-0.321517,0.317136,-1.8586,0.0317136,-0.386749,0.317136,All
-0.314855,0.319693,-1.85399,0.0319693,-0.384023,0.319693,All
-0.31416,0.322251,-1.85347,0.0322251,-0.379519,0.322251,All
-0.307788,0.324808,-1.8509,0.0324808,-0.37354,0.324808,All
-0.306662,0.327366,-1.84956,0.0327366,-0.363798,0.327366,All
-0.2993,0.329923,-1.83864,0.0329923,-0.35272,0.329923,All
-0.299243,0.332481,-1.83756,0.0332481,-0.347434,0.332481,All
-0.297177,0.335038,-1.8346,0.0335038,-0.346956,0.335038,All
-0.26636,0.337596,-1.83327,0.0337596,-0.341447,0.337596,All
-0.263379,0.340153,-1.83109,0.0340153,-0.334,0.340153,All
-0.26132,0.342711,-1.82838,0.0342711,-0.330144,0.342711,All
-0.258152,0.345269,-1.82809,0.0345269,-0.324453,0.345269,All
-0.233598,0.347826,-1.82532,0.0347826,-0.321107,0.347826,All
-0.226099,0.350384,-1.82499,0.0350384,-0.315407,0.350384,All
-0.22115,0.352941,-1.82216,0.0352941,-0.310205,0.352941,All
-0.218827,0.355499,-1.81979,0.0355499,-0.306495,0.355499,All
-0.214485,0.358056,-1.81948,0.0358056,-0.298652,0.358056,All
-0.214444,0.360614,-1.81689,0.0360614,-0.274009,0.360614,All
-0.200704,0.363171,-1.81435,0.0363171,-0.259863,0.363171,All
-0.199691,0.365729,-1.80973,0.0365729,-0.253473,0.365729,All
-0.193604,0.368286,-1.80748,0.0368286,-0.253303,0.368286,All
-0.191506,0.370844,-1.806,0.0370844,-0.244094,0.370844,All
-0.182632,0.373402,-1.80339,0.0373402,-0.239142,0.373402,All
-0.172176,0.375959,-1.79738,0.0375959,-0.233291,0.375959,All
-0.160328,0.378517,-1.79644,0.0378517,-0.227839,0.378517,All
-0.158169,0.381074,-1.77971,0.0381074,-0.22524,0.381074,All
-0.157278,0.383632,-1.77859,0.0383632,-0.215482,0.383632,All
-0.154657,0.386189,-1.77345,0.0386189,-0.208047,0.386189,All
-0.153236,0.388747,-1.771,0.0388747,-0.192491,0.388747,All
-0.14757,0.391304,-1.76423,0.0391304,-0.185778,0.391304,All
-0.135225,0.393862,-1.75945,0.0393862,-0.183248,0.393862,All
-0.135124,0.396419,-1.75802,0.0396419,-0.178936,0.396419,All
-0.122334,0.398977,-1.75012,0.0398977,-0.172626,0.398977,All
-0.117672,0.401535,-1.74765,0.0401535,-0.170488,0.401535,All
-0.115374,0.404092,-1.74695,0.0404092,-0.17016,0.404092,All
-0.114997,0.40665,-1.74562,0.040665,-0.167702,0.40665,All
-0.114327,0.409207,-1.73731,0.0409207,-0.162124,0.409207,All
-0.109819,0.411765,-1.73717,0.0411765,-0.154715,0.411765,All
-0.0986032,0.414322,-1.73261,0.0414322,-0.14169,0.414322,All
-0.0929281,0.41688,-1.73146,0.041688,-0.139191,0.41688,All
-0.0911989,0.419437,-1.73014,0.0419437,-0.133728,0.419437,All
-0.0905538,0.421995,-1.72422,0.0421995,-0.130242,0.421995,All
-0.0888504,0.424552,-1.72118,0.0424552,-0.11947,0.424552,All
-0.0870173,0.42711,-1.71871,0.042711,-0.104301,0.42711,All
-0.0847751,0.429668,-1.71838,0.0429668,-0.103151,0.429668,All
-0.0791003,0.432225,-1.71654,0.0432225,-0.101061,0.432225,All
-0.0718605,0.434783,-1.71006,0.0434783,-0.0982581,0.434783,All
-0.0700682,0.43734,-1.70639,0.043734,-0.0980733,0.43734,All
-0.0689878,0.439898,-1.70621,0.0439898,-0.0963227,0.439898,All
-0.0626004,0.442455,-1.69609,0.0442455,-0.0855479,0.442455,All
-0.0600592,0.445013,-1.69131,0.0445013,-0.0699685,0.445013,All
-0.051678,0.44757,-1.67517,0.044757,-0.0682156,0.44757,All
-0.0466893,0.450128,-1.67505,0.0450128,-0.0529445,0.450128,All
-0.0292374,0.452685,-1.6724,0.0452685,-0.0469946,0.452685,All
-0.0240946,0.455243,-1.67239,0.0455243,-0.0468782,0.455243,All
-0.0160604,0.457801,-1.67148,0.0457801,-0.0401522,0.457801,All
-0.0142896,0.460358,-1.67057,0.0460358,-0.0312246,0.460358,All
-0.003447,0.462916,-1.66931,0.0462916,-0.022144,0.462916,All
-0.00206925,0.465473,-1.66798,0.0465473,-0.0216899,0.465473,All
-0.000299813,0.468031,-1.66721,0.0468031,-0.0174395,0.468031,All
0.0229561,0.470588,-1.66655,0.0470588,-0.0135541,0.470588,All
0.0275582,0.473146,-1.66528,0.0473146,-0.00780826,0.473146,All
0.0293626,0.475703,-1.66117,0.0475703,-0.0056681,0.475703,All
0.0325644,0.478261,-1.66067,0.0478261,0.00768239,0.478261,All
0.0402654,0.480818,-1.65524,0.0480818,0.00891979,0.480818,All
0.0420788,0.483376,-1.65303,0.0483376,0.0102373,0.483376,All
0.0573486,0.485934,-1.64842,0.0485934,0.0145679,0.485934,All
0.0581415,0.488491,-1.64284,0.0488491,0.0190302,0.488491,All
0.0621865,0.491049,-1.6423,0.0491049,0.0300866,0.491049,All
0.0836935,0.493606,-1.64155,0.0493606,0.0464542,0.493606,All
0.114813,0.496164,-1.63979,0.0496164,0.0976392,0.496164,All
0.117428,0.498721,-1.63682,0.0498721,0.0977652,0.498721,All
0.121576,0.501279,-1.6365,0.0501279,0.100251,0.501279,All
0.121773,0.503836,-1.63557,0.0503836,0.10204,0.503836,All
0.123054,0.506394,-1.63502,0.0506394,0.102445,0.506394,All
0.126816,0.508951,-1.6348,0.0508951,0.1033,0.508951,All
0.131305,0.511509,-1.63244,0.0511509,0.108856,0.511509,All
0.132591,0.514066,-1.62786,0.0514066,0.112104,0.514066,All
0.132667,0.516624,-1.62476,0.0516624,0.112788,0.516624,All
0.133425,0.519182,-1.62312,0.0519182,0.115993,0.519182,All
0.13912,0.521739,-1.62312,0.0521739,0.118732,0.521739,All
0.149251,0.524297,-1.61671,0.0524297,0.119697,0.524297,All
0.151603,0.526854,-1.61309,0.0526854,0.14073,0.526854,All
0.155951,0.529412,-1.61122,0.0529412,0.143096,0.529412,All
0.1585,0.531969,-1.6092,0.0531969,0.153184,0.531969,All
0.166968,0.534527,-1.60401,0.0534527,0.160715,0.534527,All
0.17352,0.537084,-1.60354,0.0537084,0.161282,0.537084,All
0.181259,0.539642,-1.60312,0.0539642,0.161817,0.539642,All
0.183149,0.542199,-1.60189,0.0542199,0.176099,0.542199,All
0.186673,0.544757,-1.59584,0.0544757,0.186633,0.544757,All
0.188498,0.547315,-1.59307,0.0547315,0.190458,0.547315,All
0.19223,0.549872,-1.59116,0.0549872,0.192505,0.549872,All
0.193531,0.55243,-1.58939,0.055243,0.198277,0.55243,All
0.195335,0.554987,-1.58814,0.0554987,0.201662,0.554987,All
0.19942,0.557545,-1.58578,0.0557545,0.206159,0.557545,All
0.210165,0.560102,-1.57348,0.0560102,0.206222,0.560102,All
0.212539,0.56266,-1.56946,0.056266,0.208468,0.56266,All
0.222166,0.565217,-1.56642,0.0565217,0.216747,0.565217,All
0.223114,0.567775,-1.56615,0.0567775,0.22083,0.567775,All
0.224997,0.570332,-1.56212,0.0570332,0.229209,0.570332,All
0.233796,0.57289,-1.56189,0.057289,0.231698,0.57289,All
0.23505,0.575448,-1.56148,0.0575448,0.237141,0.575448,All
0.245933,0.578005,-1.56121,0.0578005,0.247711,0.578005,All
0.247312,0.580563,-1.55935,0.0580563,0.264335,0.580563,All
0.274418,0.58312,-1.55808,0.058312,0.264966,0.58312,All
0.281652,0.585678,-1.54446,0.0585678,0.265637,0.585678,All
0.290932,0.588235,-1.54044,0.0588235,0.267517,0.588235,All
0.291998,0.590793,-1.53844,0.0590793,0.26753,0.590793,All
0.297409,0.59335,-1.53057,0.059335,0.279934,0.59335,All
0.301189,0.595908,-1.52718,0.0595908,0.290687,0.595908,All
0.302675,0.598465,-1.52461,0.0598465,0.294368,0.598465,All
0.336911,0.601023,-1.52342,0.0601023,0.296548,0.601023,All
0.337856,0.603581,-1.51944,0.0603581,0.302589,0.603581,All
0.34323,0.606138,-1.51889,0.0606138,0.302725,0.606138,All
0.351115,0.608696,-1.5186,0.0608696,0.329824,0.608696,All
0.35257,0.611253,-1.51667,0.0611253,0.330361,0.611253,All
0.35924,0.613811,-1.5158,0.0613811,0.333253,0.613811,All
0.375455,0.616368,-1.5143,0.0616368,0.341992,0.616368,All
0.378216,0.618926,-1.5123,0.0618926,0.349657,0.618926,All
0.381321,0.621483,-1.5107,0.0621483,0.350401,0.621483,All
0.402628,0.624041,-1.50926,0.0624041,0.35382,0.624041,All
0.416613,0.626598,-1.50923,0.0626598,0.35588,0.626598,All
0.4332,0.629156,-1.50649,0.0629156,0.386227,0.629156,All
0.44445,0.631714,-1.50259,0.0631714,0.39977,0.631714,All
0.445218,0.634271,-1.50081,0.0634271,0.412379,0.634271,All
0.452172,0.636829,-1.49795,0.0636829,0.426484,0.636829,All
0.465121,0.639386,-1.49339,0.0639386,0.430597,0.639386,All
0.475372,0.641944,-1.48618,0.0641944,0.437398,0.641944,All
0.487386,0.644501,-1.48537,0.0644501,0.44713,0.644501,All
0.488736,0.647059,-1.48505,0.0647059,0.453232,0.647059,All
0.489061,0.649616,-1.47784,0.0649616,0.460976,0.649616,All
0.495868,0.652174,-1.47393,0.0652174,0.467963,0.652174,All
0.496949,0.654731,-1.47363,0.0654731,0.470829,0.654731,All
0.499894,0.657289,-1.46936,0.0657289,0.471258,0.657289,All
0.501006,0.659847,-1.46833,0.0659847,0.473724,0.659847,All
0.501545,0.662404,-1.46695,0.0662404,0.473725,0.662404,All
0.514387,0.664962,-1.46209,0.0664962,0.4751,0.664962,All
0.515046,0.667519,-1.46174,0.0667519,0.510281,0.667519,All
0.517185,0.670077,-1.46165,0.0670077,0.51643,0.670077,All
0.52117,0.672634,-1.46108,0.0672634,0.520101,0.672634,All
0.521775,0.675192,-1.46071,0.0675192,0.530074,0.675192,All
0.52868,0.677749,-1.45992,0.0677749,0.530988,0.677749,All
0.530146,0.680307,-1.45524,0.0680307,0.536946,0.680307,All
0.532886,0.682864,-1.4543,0.0682864,0.540889,0.682864,All
0.53527,0.685422,-1.44862,0.0685422,0.545039,0.685422,All
0.538255,0.68798,-1.44859,0.068798,0.545995,0.68798,All
0.540284,0.690537,-1.44644,0.0690537,0.546592,0.690537,All
0.542358,0.693095,-1.44603,0.0693095,0.557872,0.693095,All
0.55103,0.695652,-1.44555,0.0695652,0.563651,0.695652,All
0.564475,0.69821,-1.44491,0.069821,0.567114,0.69821,All
0.567714,0.700767,-1.44444,0.0700767,0.567136,0.700767,All
0.577088,0.703325,-1.44332,0.0703325,0.568996,0.703325,All
0.582359,0.705882,-1.43691,0.0705882,0.572486,0.705882,All
0.583885,0.70844,-1.43401,0.070844,0.582885,0.70844,All
0.589656,0.710997,-1.43349,0.0710997,0.592486,0.710997,All
0.591298,0.713555,-1.43275,0.0713555,0.609851,0.713555,All
0.591892,0.716113,-1.4316,0.0716113,0.621889,0.716113,All
0.593737,0.71867,-1.43125,0.071867,0.633669,0.71867,All
0.594492,0.721228,-1.43016,0.0721228,0.638025,0.721228,All
0.60469,0.723785,-1.42941,0.0723785,0.640369,0.723785,All
0.609869,0.726343,-1.42645,0.0726343,0.645464,0.726343,All
0.628053,0.7289,-1.42585,0.07289,0.660855,0.7289,All
0.629141,0.731458,-1.42545,0.0731458,0.6642,0.731458,All
0.631293,0.734015,-1.422,0.0734015,0.666496,0.734015,All
0.64031,0.736573,-1.42092,0.0736573,0.668045,0.736573,All
0.649764,0.73913,-1.41958,0.073913,0.670276,0.73913,All
0.649862,0.741688,-1.41937,0.0741688,0.681435,0.741688,All
0.662067,0.744246,-1.41747,0.0744246,0.693893,0.744246,All
0.667183,0.746803,-1.4169,0.0746803,0.703369,0.746803,All
0.676479,0.749361,-1.41625,0.0749361,0.703623,0.749361,All
0.682607,0.751918,-1.41404,0.0751918,0.704234,0.751918,All
0.686129,0.754476,-1.41374,0.0754476,0.704651,0.754476,All
0.686648,0.757033,-1.41083,0.0757033,0.713559,0.757033,All
0.691266,0.759591,-1.4106,0.0759591,0.722145,0.759591,All
0.694153,0.762148,-1.41016,0.0762148,0.724538,0.762148,All
0.705781,0.764706,-1.40919,0.0764706,0.724617,0.764706,All
0.707165,0.767263,-1.40918,0.0767263,0.73024,0.767263,All
0.709533,0.769821,-1.3984,0.0769821,0.735214,0.769821,All
0.711939,0.772379,-1.39772,0.0772379,0.737241,0.772379,All
0.713577,0.774936,-1.39738,0.0774936,0.74122,0.774936,All
0.71531,0.777494,-1.39569,0.0777494,0.741627,0.777494,All
0.715621,0.780051,-1.38873,0.0780051,0.741743,0.780051,All
0.715906,0.782609,-1.38792,0.0782609,0.755617,0.782609,All
0.72401,0.785166,-1.38736,0.0785166,0.769562,0.785166,All
0.725864,0.787724,-1.38712,0.0787724,0.772466,0.787724,All
0.732184,0.790281,-1.38711,0.0790281,0.784319,0.790281,All
0.739642,0.792839,-1.37631,0.0792839,0.79427,0.792839,All
0.739727,0.795396,-1.37561,0.0795396,0.796277,0.795396,All
0.742724,0.797954,-1.37483,0.0797954,0.798692,0.797954,All
0.750078,0.800512,-1.36788,0.0800512,0.799119,0.800512,All
0.751997,0.803069,-1.3646,0.0803069,0.800241,0.803069,All
0.757461,0.805627,-1.36435,0.0805627,0.804904,0.805627,All
0.75903,0.808184,-1.36169,0.0808184,0.805631,0.808184,All
0.764319,0.810742,-1.35926,0.0810742,0.822078,0.810742,All
0.769845,0.813299,-1.35779,0.0813299,0.835275,0.813299,All
0.780517,0.815857,-1.35413,0.0815857,0.845322,0.815857,All
0.787685,0.818414,-1.35292,0.0818414,0.84709,0.818414,All
0.795012,0.820972,-1.35208,0.0820972,0.850672,0.820972,All
0.804781,0.823529,-1.35145,0.0823529,0.851596,0.823529,All
0.808814,0.826087,-1.34975,0.0826087,0.860911,0.826087,All
0.812298,0.828645,-1.34751,0.0828645,0.884885,0.828645,All
0.815142,0.831202,-1.34699,0.0831202,0.885408,0.831202,All
0.821821,0.83376,-1.34583,0.083376,0.900259,0.83376,All
0.827528,0.836317,-1.34443,0.0836317,0.901454,0.836317,All
0.82819,0.838875,-1.34314,0.0838875,0.902254,0.838875,All
0.840833,0.841432,-1.34129,0.0841432,0.909332,0.841432,All
0.866103,0.84399,-1.34127,0.084399,0.917849,0.84399,All
0.875788,0.846547,-1.34118,0.0846547,0.919433,0.846547,All
0.880683,0.849105,-1.33904,0.0849105,0.935973,0.849105,All
0.883571,0.851662,-1.33849,0.0851662,0.938604,0.851662,All
0.883891,0.85422,-1.33847,0.085422,0.958504,0.85422,All
0.885465,0.856777,-1.33798,0.0856777,0.966424,0.856777,All
0.901738,0.859335,-1.33583,0.0859335,0.978365,0.859335,All
0.904371,0.861893,-1.33446,0.0861893,0.98699,0.861893,All
0.914324,0.86445,-1.3343,0.086445,1.01679,0.86445,All
0.934824,0.867008,-1.3326,0.0867008,1.01943,0.867008,All
0.939161,0.869565,-1.33246,0.0869565,1.02066,0.869565,All
0.943355,0.872123,-1.33185,0.0872123,1.03202,0.872123,All
0.945132,0.87468,-1.32891,0.087468,1.03983,0.87468,All
0.957019,0.877238,-1.32865,0.0877238,1.04191,0.877238,All
0.958886,0.879795,-1.32636,0.0879795,1.05313,0.879795,All
0.964372,0.882353,-1.32252,0.0882353,1.05474,0.882353,All
0.968574,0.88491,-1.32032,0.088491,1.06775,0.88491,All
0.981612,0.887468,-1.31986,0.0887468,1.06878,0.887468,All
1.00549,0.890026,-1.31697,0.0890026,1.10354,0.890026,All
1.01261,0.892583,-1.31309,0.0892583,1.11137,0.892583,All
1.01927,0.895141,-1.31257,0.0895141,1.11377,0.895141,All
1.02274,0.897698,-1.31099,0.0897698,1.11544,0.897698,All
1.02303,0.900256,-1.31057,0.0900256,1.13349,0.900256,All
1.03489,0.902813,-1.3089,0.0902813,1.15229,0.902813,All
1.03712,0.905371,-1.30616,0.0905371,1.19875,0.905371,All
1.04487,0.907928,-1.30594,0.0907928,1.20942,0.907928,All
1.04789,0.910486,-1.30593,0.0910486,1.21311,0.910486,All
1.04957,0.913043,-1.30553,0.0913043,1.21821,0.913043,All
1.04984,0.915601,-1.30318,0.0915601,1.26176,0.915601,All
1.06622,0.918159,-1.30282,0.0918159,1.28071,0.918159,All
1.11613,0.920716,-1.30247,0.0920716,1.28512,0.920716,All
1.12796,0.923274,-1.30216,0.0923274,1.28616,0.923274,All
1.13528,0.925831,-1.30153,0.0925831,1.29338,0.925831,All
1.1449,0.928389,-1.29888,0.0928389,1.29689,0.928389,All
1.17,0.930946,-1.29877,0.0930946,1.31374,0.930946,All
1.18559,0.933504,-1.29588,0.0933504,1.33737,0.933504,All
1.19079,0.936061,-1.2956,0.0936061,1.34338,0.936061,All
1.20052,0.938619,-1.29146,0.0938619,1.41316,0.938619,All
1.23103,0.941176,-1.2909,0.0941176,1.41888,0.941176,All
1.24036,0.943734,-1.28834,0.0943734,1.45073,0.943734,All
1.26776,0.946292,-1.28699,0.0946292,1.45297,0.946292,All
1.27586,0.948849,-1.28534,0.0948849,1.45681,0.948849,All
1.29667,0.951407,-1.28472,0.0951407,1.46024,0.951407,All
1.3152,0.953964,-1.28446,0.0953964,1.47464,0.953964,All
1.33263,0.956522,-1.28442,0.0956522,1.48614,0.956522,All
1.37102,0.959079,-1.28177,0.0959079,1.50174,0.959079,All
1.39116,0.961637,-1.28097,0.0961637,1.51615,0.961637,All
1.40853,0.964194,-1.27959,0.0964194,1.55921,0.964194,All
1.41052,0.966752,-1.27901,0.0966752,1.56893,0.966752,All
1.41579,0.969309,-1.27697,0.0969309,1.63772,0.969309,All
1.46525,0.971867,-1.27579,0.0971867,1.63833,0.971867,All
1.48338,0.974425,-1.27564,0.0974425,1.64991,0.974425,All
1.57617,0.976982,-1.27505,0.0976982,1.65439,0.976982,All
1.59359,0.97954,-1.27225,0.097954,1.82366,0.97954,All
1.61353,0.982097,-1.27127,0.0982097,1.85652,0.982097,All
1.65951,0.984655,-1.27113,0.0984655,1.88141,0.984655,All
1.66429,0.987212,-1.27006,0.0987212,1.92742,0.987212,All
1.6719,0.98977,-1.26358,0.098977,1.95052,0.98977,All
1.8129,0.992327,-1.26277,0.0992327,1.99334,0.992327,All
1.94328,0.994885,-1.26239,0.0994885,2.02396,0.994885,All
2.14565,0.997442,-1.2621,0.0997442,2.08937,0.997442,All
2.29181,1,-1.2618,0.1,2.20121,1,All
4,1,-1.25956,0.100256,4,1,All
,,-1.25817,0.100512,,,All
,,-1.25729,0.100767,,,All
,,-1.25704,0.101023,,,All
,,-1.25557,0.101279,,,All
,,-1.25281,0.101535,,,All
,,-1.25281,0.10179,,,All
,,-1.25196,0.102046,,,All
,,-1.24549,0.102302,,,All
,,-1.24512,0.102558,,,All
,,-1.24484,0.102813,,,All
,,-1.24347,0.103069,,,All
,,-1.24268,0.103325,,,All
,,-1.24209,0.103581,,,All
,,-1.24095,0.103836,,,All
,,-1.24013,0.104092,,,All
,,-1.23962,0.104348,,,All
,,-1.23903,0.104604,,,All
,,-1.23584,0.104859,,,All
,,-1.23532,0.105115,,,All
,,-1.2312,0.105371,,,All
,,-1.22949,0.105627,,,All
,,-1.22441,0.105882,,,All
,,-1.22259,0.106138,,,All
,,-1.222,0.106394,,,All
,,-1.22139,0.10665,,,All
,,-1.2204,0.106905,,,All
,,-1.20945,0.107161,,,All
,,-1.20782,0.107417,,,All
,,-1.20524,0.107673,,,All
,,-1.205,0.107928,,,All
,,-1.20425,0.108184,,,All
,,-1.204,0.10844,,,All
,,-1.20282,0.108696,,,All
,,-1.20058,0.108951,,,All
,,-1.20051,0.109207,,,All
,,-1.1975,0.109463,,,All
,,-1.1943,0.109719,,,All
,,-1.19366,0.109974,,,All
,,-1.18957,0.11023,,,All
,,-1.18836,0.110486,,,All
,,-1.18833,0.110742,,,All
,,-1.1875,0.110997,,,All
,,-1.18715,0.111253,,,All
,,-1.18561,0.111509,,,All
,,-1.18393,0.111765,,,All
,,-1.18144,0.11202,,,All
,,-1.18107,0.112276,,,All
,,-1.17939,0.112532,,,All
,,-1.17939,0.112788,,,All
,,-1.1793,0.113043,,,All
,,-1.17762,0.113299,,,All
,,-1.17714,0.113555,,,All
,,-1.17525,0.113811,,,All
,,-1.17456,0.114066,,,All
,,-1.17217,0.114322,,,All
,,-1.17162,0.114578,,,All
,,-1.1688,0.114834,,,All
,,-1.16747,0.11509,,,All
,,-1.16475,0.115345,,,All
,,-1.16289,0.115601,,,All
,,-1.16286,0.115857,,,All
,,-1.16255,0.116113,,,All
,,-1.16242,0.116368,,,All
,,-1.16095,0.116624,,,All
,,-1.15894,0.11688,,,All
,,-1.15887,0.117136,,,All
,,-1.15865,0.117391,,,All
,,-1.15179,0.117647,,,All
,,-1.14904,0.117903,,,All
,,-1.1472,0.118159,,,All
,,-1.14717,0.118414,,,All
,,-1.14496,0.11867,,,All
,,-1.14418,0.118926,,,All
,,-1.14282,0.119182,,,All
,,-1.14169,0.119437,,,All
,,-1.14053,0.119693,,,All
,,-1.13995,0.119949,,,All
,,-1.13902,0.120205,,,All
,,-1.13863,0.12046,,,All
,,-1.13806,0.120716,,,All
,,-1.13753,0.120972,,,All
,,-1.1374,0.121228,,,All
,,-1.13492,0.121483,,,All
,,-1.13454,0.121739,,,All
,,-1.13213,0.121995,,,All
,,-1.13184,0.122251,,,All
,,-1.13178,0.122506,,,All
,,-1.13073,0.122762,,,All
,,-1.12956,0.123018,,,All
,,-1.12946,0.123274,,,All
,,-1.12814,0.123529,,,All
,,-1.12709,0.123785,,,All
,,-1.1262,0.124041,,,All
,,-1.12593,0.124297,,,All
,,-1.12516,0.124552,,,All
,,-1.12324,0.124808,,,All
,,-1.12282,0.125064,,,All
,,-1.12272,0.12532,,,All
,,-1.12256,0.125575,,,All
,,-1.12231,0.125831,,,All
,,-1.12026,0.126087,,,All
,,-1.11686,0.126343,,,All
,,-1.11652,0.126598,,,All
,,-1.11575,0.126854,,,All
,,-1.11571,0.12711,,,All
,,-1.11316,0.127366,,,All
,,-1.11186,0.127621,,,All
,,-1.10758,0.127877,,,All
,,-1.10472,0.128133,,,All
,,-1.10445,0.128389,,,All
,,-1.10213,0.128645,,,All
,,-1.10062,0.1289,,,All
,,-1.09994,0.129156,,,All
,,-1.09988,0.129412,,,All
,,-1.09717,0.129668,,,All
,,-1.09706,0.129923,,,All
,,-1.09642,0.130179,,,All
,,-1.09313,0.130435,,,All
,,-1.09176,0.130691,,,All
,,-1.09022,0.130946,,,All
,,-1.09016,0.131202,,,All
,,-1.08992,0.131458,,,All
,,-1.08845,0.131714,,,All
,,-1.08737,0.131969,,,All
,,-1.08588,0.132225,,,All
,,-1.08559,0.132481,,,All
,,-1.08218,0.132737,,,All
,,-1.08146,0.132992,,,All
,,-1.08066,0.133248,,,All
,,-1.08026,0.133504,,,All
,,-1.07868,0.13376,,,All
,,-1.07779,0.134015,,,All
,,-1.076,0.134271,,,All
,,-1.07484,0.134527,,,All
,,-1.07291,0.134783,,,All
,,-1.07113,0.135038,,,All
,,-1.06531,0.135294,,,All
,,-1.06381,0.13555,,,All
,,-1.06328,0.135806,,,All
,,-1.06019,0.136061,,,All
,,-1.05856,0.136317,,,All
,,-1.05721,0.136573,,,All
,,-1.05719,0.136829,,,All
,,-1.05709,0.137084,,,All
,,-1.0563,0.13734,,,All
,,-1.05601,0.137596,,,All
,,-1.05426,0.137852,,,All
,,-1.05424,0.138107,,,All
,,-1.05396,0.138363,,,All
,,-1.05187,0.138619,,,All
,,-1.0517,0.138875,,,All
,,-1.04991,0.13913,,,All
,,-1.04984,0.139386,,,All
,,-1.0491,0.139642,,,All
,,-1.04785,0.139898,,,All
,,-1.04758,0.140153,,,All
,,-1.04716,0.140409,,,All
,,-1.04517,0.140665,,,All
,,-1.04495,0.140921,,,All
,,-1.04049,0.141176,,,All
,,-1.03885,0.141432,,,All
,,-1.03869,0.141688,,,All
,,-1.03791,0.141944,,,All
,,-1.03719,0.142199,,,All
,,-1.03664,0.142455,,,All
,,-1.03561,0.142711,,,All
,,-1.03308,0.142967,,,All
,,-1.03132,0.143223,,,All
,,-1.03103,0.143478,,,All
,,-1.02933,0.143734,,,All
,,-1.02895,0.14399,,,All
,,-1.02767,0.144246,,,All
,,-1.0273,0.144501,,,All
,,-1.02578,0.144757,,,All
,,-1.02473,0.145013,,,All
,,-1.02469,0.145269,,,All
,,-1.02287,0.145524,,,All
,,-1.02135,0.14578,,,All
,,-1.0191,0.146036,,,All
,,-1.01874,0.146292,,,All
,,-1.01747,0.146547,,,All
,,-1.01579,0.146803,,,All
,,-1.01557,0.147059,,,All
,,-1.01437,0.147315,,,All
,,-1.01323,0.14757,,,All
,,-1.00932,0.147826,,,All
,,-1.00737,0.148082,,,All
,,-1.00655,0.148338,,,All
,,-1.00368,0.148593,,,All
,,-1.00288,0.148849,,,All
,,-1.00269,0.149105,,,All
,,-1.00082,0.149361,,,All
,,-1.0007,0.149616,,,All
,,-0.999991,0.149872,,,All
,,-0.998415,0.150128,,,All
,,-0.995697,0.150384,,,All
,,-0.995534,0.150639,,,All
,,-0.994805,0.150895,,,All
,,-0.99407,0.151151,,,All
,,-0.99367,0.151407,,,All
,,-0.991419,0.151662,,,All
,,-0.989954,0.151918,,,All
,,-0.989419,0.152174,,,All
,,-0.987198,0.15243,,,All
,,-0.985646,0.152685,,,All
,,-0.985368,0.152941,,,All
,,-0.984607,0.153197,,,All
,,-0.984305,0.153453,,,All
,,-0.984129,0.153708,,,All
,,-0.98401,0.153964,,,All
,,-0.981373,0.15422,,,All
,,-0.980051,0.154476,,,All
,,-0.976733,0.154731,,,All
,,-0.976707,0.154987,,,All
,,-0.976473,0.155243,,,All
,,-0.976345,0.155499,,,All
,,-0.974699,0.155754,,,All
,,-0.974451,0.15601,,,All
,,-0.970115,0.156266,,,All
,,-0.969812,0.156522,,,All
,,-0.967166,0.156777,,,All
,,-0.966997,0.157033,,,All
,,-0.966442,0.157289,,,All
,,-0.965754,0.157545,,,All
,,-0.965219,0.157801,,,All
,,-0.964148,0.158056,,,All
,,-0.962908,0.158312,,,All
,,-0.962096,0.158568,,,All
,,-0.960983,0.158824,,,All
,,-0.960926,0.159079,,,All
,,-0.960783,0.159335,,,All
,,-0.959515,0.159591,,,All
,,-0.95913,0.159847,,,All
,,-0.959029,0.160102,,,All
,,-0.958412,0.160358,,,All
,,-0.95738,0.160614,,,All
,,-0.955443,0.16087,,,All
,,-0.955212,0.161125,,,All
,,-0.953138,0.161381,,,All
,,-0.951488,0.161637,,,All
,,-0.951344,0.161893,,,All
,,-0.950849,0.162148,,,All
,,-0.948832,0.162404,,,All
,,-0.948544,0.16266,,,All
,,-0.948098,0.162916,,,All
,,-0.946806,0.163171,,,All
,,-0.945974,0.163427,,,All
,,-0.945683,0.163683,,,All
,,-0.94336,0.163939,,,All
,,-0.940112,0.164194,,,All
,,-0.939036,0.16445,,,All
,,-0.93584,0.164706,,,All
,,-0.935587,0.164962,,,All
,,-0.934438,0.165217,,,All
,,-0.933904,0.165473,,,All
,,-0.932286,0.165729,,,All
,,-0.932197,0.165985,,,All
,,-0.93142,0.16624,,,All
,,-0.930487,0.166496,,,All
,,-0.930011,0.166752,,,All
,,-0.929827,0.167008,,,All
,,-0.928984,0.167263,,,All
,,-0.928309,0.167519,,,All
,,-0.92595,0.167775,,,All
,,-0.925116,0.168031,,,All
,,-0.92435,0.168286,,,All
,,-0.923321,0.168542,,,All
,,-0.922536,0.168798,,,All
,,-0.922205,0.169054,,,All
,,-0.922049,0.169309,,,All
,,-0.920724,0.169565,,,All
,,-0.919137,0.169821,,,All
,,-0.918924,0.170077,,,All
,,-0.918792,0.170332,,,All
,,-0.918185,0.170588,,,All
,,-0.917785,0.170844,,,All
,,-0.917246,0.1711,,,All
,,-0.917047,0.171355,,,All
,,-0.914665,0.171611,,,All
,,-0.913352,0.171867,,,All
,,-0.912378,0.172123,,,All
,,-0.90866,0.172379,,,All
,,-0.908293,0.172634,,,All
,,-0.908081,0.17289,,,All
,,-0.907631,0.173146,,,All
,,-0.907256,0.173402,,,All
,,-0.906481,0.173657,,,All
,,-0.906333,0.173913,,,All
,,-0.906066,0.174169,,,All
,,-0.904782,0.174425,,,All
,,-0.902348,0.17468,,,All
,,-0.900017,0.174936,,,All
,,-0.899862,0.175192,,,All
,,-0.899712,0.175448,,,All
,,-0.898515,0.175703,,,All
,,-0.897338,0.175959,,,All
,,-0.896906,0.176215,,,All
,,-0.89486,0.176471,,,All
,,-0.894666,0.176726,,,All
,,-0.892455,0.176982,,,All
,,-0.892134,0.177238,,,All
,,-0.891069,0.177494,,,All
,,-0.890638,0.177749,,,All
,,-0.890332,0.178005,,,All
,,-0.890302,0.178261,,,All
,,-0.888409,0.178517,,,All
,,-0.888133,0.178772,,,All
,,-0.88745,0.179028,,,All
,,-0.887052,0.179284,,,All
,,-0.884262,0.17954,,,All
,,-0.88304,0.179795,,,All
,,-0.881367,0.180051,,,All
,,-0.880521,0.180307,,,All
,,-0.879787,0.180563,,,All
,,-0.877666,0.180818,,,All
,,-0.877395,0.181074,,,All
,,-0.877267,0.18133,,,All
,,-0.87678,0.181586,,,All
,,-0.875109,0.181841,,,All
,,-0.873539,0.182097,,,All
,,-0.87335,0.182353,,,All
,,-0.872931,0.182609,,,All
,,-0.872216,0.182864,,,All
,,-0.871143,0.18312,,,All
,,-0.87041,0.183376,,,All
,,-0.86978,0.183632,,,All
,,-0.869586,0.183887,,,All
,,-0.86936,0.184143,,,All
,,-0.868263,0.184399,,,All
,,-0.867726,0.184655,,,All
,,-0.867145,0.18491,,,All
,,-0.865825,0.185166,,,All
,,-0.864332,0.185422,,,All
,,-0.863194,0.185678,,,All
,,-0.857231,0.185934,,,All
,,-0.853939,0.186189,,,All
,,-0.849562,0.186445,,,All
,,-0.848975,0.186701,,,All
,,-0.848545,0.186957,,,All
,,-0.847956,0.187212,,,All
,,-0.847766,0.187468,,,All
,,-0.847245,0.187724,,,All
,,-0.846838,0.18798,,,All
,,-0.844953,0.188235,,,All
,,-0.844933,0.188491,,,All
,,-0.843818,0.188747,,,All
,,-0.841529,0.189003,,,All
,,-0.841314,0.189258,,,All
,,-0.839998,0.189514,,,All
,,-0.839398,0.18977,,,All
,,-0.83836,0.190026,,,All
,,-0.8379,0.190281,,,All
,,-0.837577,0.190537,,,All
,,-0.836735,0.190793,,,All
,,-0.834336,0.191049,,,All
,,-0.832863,0.191304,,,All
,,-0.832049,0.19156,,,All
,,-0.831835,0.191816,,,All
,,-0.831348,0.192072,,,All
,,-0.82972,0.192327,,,All
,,-0.829511,0.192583,,,All
,,-0.827179,0.192839,,,All
,,-0.827029,0.193095,,,All
,,-0.825241,0.19335,,,All
,,-0.823689,0.193606,,,All
,,-0.823577,0.193862,,,All
,,-0.823227,0.194118,,,All
,,-0.822652,0.194373,,,All
,,-0.822312,0.194629,,,All
,,-0.822021,0.194885,,,All
,,-0.819551,0.195141,,,All
,,-0.817448,0.195396,,,All
,,-0.817403,0.195652,,,All
,,-0.816563,0.195908,,,All
,,-0.816181,0.196164,,,All
,,-0.815726,0.196419,,,All
,,-0.814945,0.196675,,,All
,,-0.814737,0.196931,,,All
,,-0.812255,0.197187,,,All
,,-0.811976,0.197442,,,All
,,-0.809211,0.197698,,,All
,,-0.808136,0.197954,,,All
,,-0.806853,0.19821,,,All
,,-0.806498,0.198465,,,All
,,-0.804675,0.198721,,,All
,,-0.804058,0.198977,,,All
,,-0.80065,0.199233,,,All
,,-0.800348,0.199488,,,All
,,-0.800299,0.199744,,,All
,,-0.799282,0.2,,,All
,,-0.798616,0.200256,,,All
,,-0.798254,0.200512,,,All
,,-0.797809,0.200767,,,All
,,-0.797426,0.201023,,,All
,,-0.796325,0.201279,,,All
,,-0.794818,0.201535,,,All
,,-0.793955,0.20179,,,All
,,-0.793782,0.202046,,,All
,,-0.792338,0.202302,,,All
,,-0.791829,0.202558,,,All
,,-0.790498,0.202813,,,All
,,-0.790008,0.203069,,,All
,,-0.789058,0.203325,,,All
,,-0.788654,0.203581,,,All
,,-0.787907,0.203836,,,All
,,-0.787539,0.204092,,,All
,,-0.786345,0.204348,,,All
,,-0.784616,0.204604,,,All
,,-0.784227,0.204859,,,All
,,-0.783107,0.205115,,,All
,,-0.782997,0.205371,,,All
,,-0.779684,0.205627,,,All
,,-0.778835,0.205882,,,All
,,-0.777754,0.206138,,,All
,,-0.775431,0.206394,,,All
,,-0.773075,0.20665,,,All
,,-0.77211,0.206905,,,All
,,-0.771493,0.207161,,,All
,,-0.767948,0.207417,,,All
,,-0.767722,0.207673,,,All
,,-0.76744,0.207928,,,All
,,-0.76601,0.208184,,,All
,,-0.765582,0.20844,,,All
,,-0.765412,0.208696,,,All
,,-0.764929,0.208951,,,All
,,-0.76458,0.209207,,,All
,,-0.762911,0.209463,,,All
,,-0.762566,0.209719,,,All
,,-0.761167,0.209974,,,All
,,-0.760927,0.21023,,,All
,,-0.760784,0.210486,,,All
,,-0.760184,0.210742,,,All
,,-0.759747,0.210997,,,All
,,-0.75937,0.211253,,,All
,,-0.758559,0.211509,,,All
,,-0.754264,0.211765,,,All
,,-0.75376,0.21202,,,All
,,-0.752388,0.212276,,,All
,,-0.749832,0.212532,,,All
,,-0.749708,0.212788,,,All
,,-0.74844,0.213043,,,All
,,-0.747716,0.213299,,,All
,,-0.74658,0.213555,,,All
,,-0.745836,0.213811,,,All
,,-0.743393,0.214066,,,All
,,-0.743148,0.214322,,,All
,,-0.743069,0.214578,,,All
,,-0.742946,0.214834,,,All
,,-0.742781,0.21509,,,All
,,-0.742273,0.215345,,,All
,,-0.741282,0.215601,,,All
,,-0.740909,0.215857,,,All
,,-0.739809,0.216113,,,All
,,-0.739304,0.216368,,,All
,,-0.737866,0.216624,,,All
,,-0.737737,0.21688,,,All
,,-0.737517,0.217136,,,All
,,-0.737194,0.217391,,,All
,,-0.736917,0.217647,,,All
,,-0.736025,0.217903,,,All
,,-0.735645,0.218159,,,All
,,-0.734908,0.218414,,,All
,,-0.734873,0.21867,,,All
,,-0.731544,0.218926,,,All
,,-0.730736,0.219182,,,All
,,-0.729502,0.219437,,,All
,,-0.728288,0.219693,,,All
,,-0.727075,0.219949,,,All
,,-0.723848,0.220205,,,All
,,-0.721924,0.22046,,,All
,,-0.720702,0.220716,,,All
,,-0.719567,0.220972,,,All
,,-0.718683,0.221228,,,All
,,-0.718321,0.221483,,,All
,,-0.717698,0.221739,,,All
,,-0.715693,0.221995,,,All
,,-0.71378,0.222251,,,All
,,-0.711807,0.222506,,,All
,,-0.711785,0.222762,,,All
,,-0.709591,0.223018,,,All
,,-0.709193,0.223274,,,All
,,-0.708798,0.223529,,,All
,,-0.708306,0.223785,,,All
,,-0.705689,0.224041,,,All
,,-0.704181,0.224297,,,All
,,-0.704078,0.224552,,,All
,,-0.703936,0.224808,,,All
,,-0.702966,0.225064,,,All
,,-0.701839,0.22532,,,All
,,-0.701131,0.225575,,,All
,,-0.700849,0.225831,,,All
,,-0.700528,0.226087,,,All
,,-0.700395,0.226343,,,All
,,-0.700155,0.226598,,,All
,,-0.698327,0.226854,,,All
,,-0.697532,0.22711,,,All
,,-0.697028,0.227366,,,All
,,-0.696862,0.227621,,,All
,,-0.696084,0.227877,,,All
,,-0.695281,0.228133,,,All
,,-0.693547,0.228389,,,All
,,-0.693403,0.228645,,,All
,,-0.693253,0.2289,,,All
,,-0.692811,0.229156,,,All
,,-0.691078,0.229412,,,All
,,-0.686817,0.229668,,,All
,,-0.685667,0.229923,,,All
,,-0.68514,0.230179,,,All
,,-0.685064,0.230435,,,All
,,-0.684798,0.230691,,,All
,,-0.684696,0.230946,,,All
,,-0.684141,0.231202,,,All
,,-0.681463,0.231458,,,All
,,-0.681141,0.231714,,,All
,,-0.677053,0.231969,,,All
,,-0.676498,0.232225,,,All
,,-0.675934,0.232481,,,All
,,-0.674812,0.232737,,,All
,,-0.674468,0.232992,,,All
,,-0.673591,0.233248,,,All
,,-0.672212,0.233504,,,All
,,-0.66786,0.23376,,,All
,,-0.666983,0.234015,,,All
,,-0.664962,0.234271,,,All
,,-0.664824,0.234527,,,All
,,-0.664351,0.234783,,,All
,,-0.663614,0.235038,,,All
,,-0.662248,0.235294,,,All
,,-0.661302,0.23555,,,All
,,-0.66086,0.235806,,,All
,,-0.660111,0.236061,,,All
,,-0.6595,0.236317,,,All
,,-0.659459,0.236573,,,All
,,-0.658718,0.236829,,,All
,,-0.658208,0.237084,,,All
,,-0.6582,0.23734,,,All
,,-0.657838,0.237596,,,All
,,-0.657018,0.237852,,,All
,,-0.655897,0.238107,,,All
,,-0.655685,0.238363,,,All
,,-0.65553,0.238619,,,All
,,-0.654714,0.238875,,,All
,,-0.65285,0.23913,,,All
,,-0.651218,0.239386,,,All
,,-0.649128,0.239642,,,All
,,-0.648692,0.239898,,,All
,,-0.646632,0.240153,,,All
,,-0.64645,0.240409,,,All
,,-0.646126,0.240665,,,All
,,-0.646057,0.240921,,,All
,,-0.64228,0.241176,,,All
,,-0.640509,0.241432,,,All
,,-0.639469,0.241688,,,All
,,-0.638474,0.241944,,,All
,,-0.636982,0.242199,,,All
,,-0.635873,0.242455,,,All
,,-0.633644,0.242711,,,All
,,-0.632235,0.242967,,,All
,,-0.632119,0.243223,,,All
,,-0.632026,0.243478,,,All
,,-0.631965,0.243734,,,All
,,-0.627494,0.24399,,,All
,,-0.626986,0.244246,,,All
,,-0.626718,0.244501,,,All
,,-0.626444,0.244757,,,All
,,-0.626437,0.245013,,,All
,,-0.626103,0.245269,,,All
,,-0.624736,0.245524,,,All
,,-0.624055,0.24578,,,All
,,-0.623431,0.246036,,,All
,,-0.623401,0.246292,,,All
,,-0.622602,0.246547,,,All
,,-0.61927,0.246803,,,All
,,-0.618132,0.247059,,,All
,,-0.617848,0.247315,,,All
,,-0.615337,0.24757,,,All
,,-0.612534,0.247826,,,All
,,-0.610148,0.248082,,,All
,,-0.609953,0.248338,,,All
,,-0.608743,0.248593,,,All
,,-0.606496,0.248849,,,All
,,-0.605822,0.249105,,,All
,,-0.605508,0.249361,,,All
,,-0.604834,0.249616,,,All
,,-0.604653,0.249872,,,All
,,-0.604257,0.250128,,,All
,,-0.603738,0.250384,,,All
,,-0.600718,0.250639,,,All
,,-0.599395,0.250895,,,All
,,-0.599182,0.251151,,,All
,,-0.598992,0.251407,,,All
,,-0.598765,0.251662,,,All
,,-0.598529,0.251918,,,All
,,-0.596426,0.252174,,,All
,,-0.595354,0.25243,,,All
,,-0.593802,0.252685,,,All
,,-0.593411,0.252941,,,All
,,-0.593098,0.253197,,,All
,,-0.592861,0.253453,,,All
,,-0.592605,0.253708,,,All
,,-0.592222,0.253964,,,All
,,-0.591885,0.25422,,,All
,,-0.591564,0.254476,,,All
,,-0.58868,0.254731,,,All
,,-0.587391,0.254987,,,All
,,-0.58675,0.255243,,,All
,,-0.58632,0.255499,,,All
,,-0.586,0.255754,,,All
,,-0.584985,0.25601,,,All
,,-0.579526,0.256266,,,All
,,-0.579447,0.256522,,,All
,,-0.579423,0.256777,,,All
,,-0.579276,0.257033,,,All
,,-0.579108,0.257289,,,All
,,-0.578911,0.257545,,,All
,,-0.578445,0.257801,,,All
,,-0.577227,0.258056,,,All
,,-0.577178,0.258312,,,All
,,-0.575241,0.258568,,,All
,,-0.575234,0.258824,,,All
,,-0.574409,0.259079,,,All
,,-0.573674,0.259335,,,All
,,-0.571465,0.259591,,,All
,,-0.571354,0.259847,,,All
,,-0.571146,0.260102,,,All
,,-0.570834,0.260358,,,All
,,-0.570585,0.260614,,,All
,,-0.568233,0.26087,,,All
,,-0.567083,0.261125,,,All
,,-0.563669,0.261381,,,All
,,-0.563395,0.261637,,,All
,,-0.562944,0.261893,,,All
,,-0.562427,0.262148,,,All
,,-0.561911,0.262404,,,All
,,-0.559648,0.26266,,,All
,,-0.556588,0.262916,,,All
,,-0.555293,0.263171,,,All
,,-0.553917,0.263427,,,All
,,-0.553535,0.263683,,,All
,,-0.552016,0.263939,,,All
,,-0.549868,0.264194,,,All
,,-0.549003,0.26445,,,All
,,-0.548707,0.264706,,,All
,,-0.547077,0.264962,,,All
,,-0.546619,0.265217,,,All
,,-0.545962,0.265473,,,All
,,-0.54495,0.265729,,,All
,,-0.544841,0.265985,,,All
,,-0.544425,0.26624,,,All
,,-0.541626,0.266496,,,All
,,-0.541317,0.266752,,,All
,,-0.540308,0.267008,,,All
,,-0.53954,0.267263,,,All
,,-0.537653,0.267519,,,All
,,-0.536982,0.267775,,,All
,,-0.536107,0.268031,,,All
,,-0.53467,0.268286,,,All
,,-0.533105,0.268542,,,All
,,-0.531456,0.268798,,,All
,,-0.530783,0.269054,,,All
,,-0.530775,0.269309,,,All
,,-0.530285,0.269565,,,All
,,-0.53014,0.269821,,,All
,,-0.529326,0.270077,,,All
,,-0.527849,0.270332,,,All
,,-0.526903,0.270588,,,All
,,-0.526096,0.270844,,,All
,,-0.524316,0.2711,,,All
,,-0.524263,0.271355,,,All
,,-0.52424,0.271611,,,All
,,-0.524171,0.271867,,,All
,,-0.52353,0.272123,,,All
,,-0.522865,0.272379,,,All
,,-0.522641,0.272634,,,All
,,-0.521944,0.27289,,,All
,,-0.521187,0.273146,,,All
,,-0.520774,0.273402,,,All
,,-0.520567,0.273657,,,All
,,-0.520055,0.273913,,,All
,,-0.51978,0.274169,,,All
,,-0.517586,0.274425,,,All
,,-0.517324,0.27468,,,All
,,-0.514232,0.274936,,,All
,,-0.513954,0.275192,,,All
,,-0.513421,0.275448,,,All
,,-0.511671,0.275703,,,All
,,-0.510779,0.275959,,,All
,,-0.51076,0.276215,,,All
,,-0.510482,0.276471,,,All
,,-0.509808,0.276726,,,All
,,-0.509534,0.276982,,,All
,,-0.50831,0.277238,,,All
,,-0.506594,0.277494,,,All
,,-0.505373,0.277749,,,All
,,-0.505367,0.278005,,,All
,,-0.504946,0.278261,,,All
,,-0.503818,0.278517,,,All
,,-0.503782,0.278772,,,All
,,-0.503741,0.279028,,,All
,,-0.503471,0.279284,,,All
,,-0.50283,0.27954,,,All
,,-0.502173,0.279795,,,All
,,-0.502069,0.280051,,,All
,,-0.501886,0.280307,,,All
,,-0.500982,0.280563,,,All
,,-0.500807,0.280818,,,All
,,-0.500798,0.281074,,,All
,,-0.500071,0.28133,,,All
,,-0.498211,0.281586,,,All
,,-0.497749,0.281841,,,All
,,-0.497077,0.282097,,,All
,,-0.496068,0.282353,,,All
,,-0.49585,0.282609,,,All
,,-0.495691,0.282864,,,All
,,-0.495252,0.28312,,,All
,,-0.495155,0.283376,,,All
,,-0.494704,0.283632,,,All
,,-0.494572,0.283887,,,All
,,-0.493903,0.284143,,,All
,,-0.492543,0.284399,,,All
,,-0.492277,0.284655,,,All
,,-0.491254,0.28491,,,All
,,-0.490508,0.285166,,,All
,,-0.490267,0.285422,,,All
,,-0.489276,0.285678,,,All
,,-0.488752,0.285934,,,All
,,-0.487177,0.286189,,,All
,,-0.484265,0.286445,,,All
,,-0.483752,0.286701,,,All
,,-0.483304,0.286957,,,All
,,-0.482762,0.287212,,,All
,,-0.480487,0.287468,,,All
,,-0.480277,0.287724,,,All
,,-0.478502,0.28798,,,All
,,-0.478419,0.288235,,,All
,,-0.477072,0.288491,,,All
,,-0.476663,0.288747,,,All
,,-0.475889,0.289003,,,All
,,-0.475183,0.289258,,,All
,,-0.474991,0.289514,,,All
,,-0.474583,0.28977,,,All
,,-0.474485,0.290026,,,All
,,-0.474361,0.290281,,,All
,,-0.473793,0.290537,,,All
,,-0.470489,0.290793,,,All
,,-0.470118,0.291049,,,All
,,-0.469251,0.291304,,,All
,,-0.468083,0.29156,,,All
,,-0.467727,0.291816,,,All
,,-0.467602,0.292072,,,All
,,-0.466931,0.292327,,,All
,,-0.466887,0.292583,,,All
,,-0.46684,0.292839,,,All
,,-0.466544,0.293095,,,All
,,-0.46447,0.29335,,,All
,,-0.464103,0.293606,,,All
,,-0.463912,0.293862,,,All
,,-0.46345,0.294118,,,All
,,-0.462759,0.294373,,,All
,,-0.460655,0.294629,,,All
,,-0.459269,0.294885,,,All
,,-0.458931,0.295141,,,All
,,-0.458614,0.295396,,,All
,,-0.45587,0.295652,,,All
,,-0.455547,0.295908,,,All
,,-0.455462,0.296164,,,All
,,-0.45546,0.296419,,,All
,,-0.454861,0.296675,,,All
,,-0.452223,0.296931,,,All
,,-0.448755,0.297187,,,All
,,-0.448693,0.297442,,,All
,,-0.448176,0.297698,,,All
,,-0.447594,0.297954,,,All
,,-0.446851,0.29821,,,All
,,-0.446766,0.298465,,,All
,,-0.445825,0.298721,,,All
,,-0.443805,0.298977,,,All
,,-0.44319,0.299233,,,All
,,-0.442861,0.299488,,,All
,,-0.441869,0.299744,,,All
,,-0.4414,0.3,,,All
,,-0.441361,0.300256,,,All
,,-0.440294,0.300512,,,All
,,-0.440199,0.300767,,,All
,,-0.440079,0.301023,,,All
,,-0.439229,0.301279,,,All
,,-0.438595,0.301535,,,All
,,-0.437726,0.30179,,,All
,,-0.437137,0.302046,,,All
,,-0.436086,0.302302,,,All
,,-0.436001,0.302558,,,All
,,-0.435885,0.302813,,,All
,,-0.435691,0.303069,,,All
,,-0.435413,0.303325,,,All
,,-0.434686,0.303581,,,All
,,-0.434647,0.303836,,,All
,,-0.434364,0.304092,,,All
,,-0.433776,0.304348,,,All
,,-0.433735,0.304604,,,All
,,-0.433687,0.304859,,,All
,,-0.433301,0.305115,,,All
,,-0.431887,0.305371,,,All
,,-0.431333,0.305627,,,All
,,-0.429203,0.305882,,,All
,,-0.427938,0.306138,,,All
,,-0.42791,0.306394,,,All
,,-0.427166,0.30665,,,All
,,-0.427046,0.306905,,,All
,,-0.42406,0.307161,,,All
,,-0.423878,0.307417,,,All
,,-0.421955,0.307673,,,All
,,-0.421664,0.307928,,,All
,,-0.421355,0.308184,,,All
,,-0.418127,0.30844,,,All
,,-0.414671,0.308696,,,All
,,-0.413792,0.308951,,,All
,,-0.413584,0.309207,,,All
,,-0.413226,0.309463,,,All
,,-0.41226,0.309719,,,All
,,-0.41204,0.309974,,,All
,,-0.410773,0.31023,,,All
,,-0.410523,0.310486,,,All
,,-0.410491,0.310742,,,All
,,-0.41036,0.310997,,,All
,,-0.410215,0.311253,,,All
,,-0.41015,0.311509,,,All
,,-0.409265,0.311765,,,All
,,-0.409204,0.31202,,,All
,,-0.408684,0.312276,,,All
,,-0.405118,0.312532,,,All
,,-0.40415,0.312788,,,All
,,-0.403772,0.313043,,,All
,,-0.40365,0.313299,,,All
,,-0.40351,0.313555,,,All
,,-0.402962,0.313811,,,All
,,-0.40213,0.314066,,,All
,,-0.40179,0.314322,,,All
,,-0.400904,0.314578,,,All
,,-0.40016,0.314834,,,All
,,-0.399964,0.31509,,,All
,,-0.39973,0.315345,,,All
,,-0.398173,0.315601,,,All
,,-0.397099,0.315857,,,All
,,-0.393042,0.316113,,,All
,,-0.392818,0.316368,,,All
,,-0.391082,0.316624,,,All
,,-0.389222,0.31688,,,All
,,-0.389012,0.317136,,,All
,,-0.388713,0.317391,,,All
,,-0.38866,0.317647,,,All
,,-0.387512,0.317903,,,All
,,-0.387395,0.318159,,,All
,,-0.38723,0.318414,,,All
,,-0.386266,0.31867,,,All
,,-0.384111,0.318926,,,All
,,-0.383917,0.319182,,,All
,,-0.383635,0.319437,,,All
,,-0.383538,0.319693,,,All
,,-0.382966,0.319949,,,All
,,-0.381732,0.320205,,,All
,,-0.380879,0.32046,,,All
,,-0.379974,0.320716,,,All
,,-0.378318,0.320972,,,All
,,-0.376371,0.321228,,,All
,,-0.375735,0.321483,,,All
,,-0.374093,0.321739,,,All
,,-0.37202,0.321995,,,All
,,-0.371974,0.322251,,,All
,,-0.371746,0.322506,,,All
,,-0.37067,0.322762,,,All
,,-0.369994,0.323018,,,All
,,-0.369641,0.323274,,,All
,,-0.368784,0.323529,,,All
,,-0.368415,0.323785,,,All
,,-0.367952,0.324041,,,All
,,-0.367722,0.324297,,,All
,,-0.366755,0.324552,,,All
,,-0.366023,0.324808,,,All
,,-0.365964,0.325064,,,All
,,-0.365276,0.32532,,,All
,,-0.36476,0.325575,,,All
,,-0.364746,0.325831,,,All
,,-0.363621,0.326087,,,All
,,-0.362141,0.326343,,,All
,,-0.361751,0.326598,,,All
,,-0.361468,0.326854,,,All
,,-0.361443,0.32711,,,All
,,-0.361352,0.327366,,,All
,,-0.360204,0.327621,,,All
,,-0.359755,0.327877,,,All
,,-0.358457,0.328133,,,All
,,-0.358299,0.328389,,,All
,,-0.357898,0.328645,,,All
,,-0.357559,0.3289,,,All
,,-0.356683,0.329156,,,All
,,-0.356022,0.329412,,,All
,,-0.354967,0.329668,,,All
,,-0.354544,0.329923,,,All
,,-0.354063,0.330179,,,All
,,-0.352591,0.330435,,,All
,,-0.352495,0.330691,,,All
,,-0.352054,0.330946,,,All
,,-0.34969,0.331202,,,All
,,-0.347651,0.331458,,,All
,,-0.346908,0.331714,,,All
,,-0.346524,0.331969,,,All
,,-0.345516,0.332225,,,All
,,-0.345341,0.332481,,,All
,,-0.345076,0.332737,,,All
,,-0.344332,0.332992,,,All
,,-0.342948,0.333248,,,All
,,-0.342797,0.333504,,,All
,,-0.342188,0.33376,,,All
,,-0.342136,0.334015,,,All
,,-0.341604,0.334271,,,All
,,-0.341471,0.334527,,,All
,,-0.34067,0.334783,,,All
,,-0.340611,0.335038,,,All
,,-0.340608,0.335294,,,All
,,-0.340056,0.33555,,,All
,,-0.339267,0.335806,,,All
,,-0.3375,0.336061,,,All
,,-0.336694,0.336317,,,All
,,-0.336612,0.336573,,,All
,,-0.334441,0.336829,,,All
,,-0.334243,0.337084,,,All
,,-0.333368,0.33734,,,All
,,-0.332587,0.337596,,,All
,,-0.3322,0.337852,,,All
,,-0.331854,0.338107,,,All
,,-0.331446,0.338363,,,All
,,-0.331404,0.338619,,,All
,,-0.330491,0.338875,,,All
,,-0.330297,0.33913,,,All
,,-0.329539,0.339386,,,All
,,-0.32838,0.339642,,,All
,,-0.327387,0.339898,,,All
,,-0.327081,0.340153,,,All
,,-0.326824,0.340409,,,All
,,-0.326391,0.340665,,,All
,,-0.326277,0.340921,,,All
,,-0.326216,0.341176,,,All
,,-0.32617,0.341432,,,All
,,-0.324818,0.341688,,,All
,,-0.324476,0.341944,,,All
,,-0.324008,0.342199,,,All
,,-0.32387,0.342455,,,All
,,-0.323123,0.342711,,,All
,,-0.321076,0.342967,,,All
,,-0.319097,0.343223,,,All
,,-0.318464,0.343478,,,All
,,-0.318115,0.343734,,,All
,,-0.316005,0.34399,,,All
,,-0.315473,0.344246,,,All
,,-0.314886,0.344501,,,All
,,-0.313771,0.344757,,,All
,,-0.313129,0.345013,,,All
,,-0.31103,0.345269,,,All
,,-0.310574,0.345524,,,All
,,-0.309919,0.34578,,,All
,,-0.308911,0.346036,,,All
,,-0.307831,0.346292,,,All
,,-0.307114,0.346547,,,All
,,-0.306416,0.346803,,,All
,,-0.306048,0.347059,,,All
,,-0.304603,0.347315,,,All
,,-0.303514,0.34757,,,All
,,-0.303425,0.347826,,,All
,,-0.303163,0.348082,,,All
,,-0.300217,0.348338,,,All
,,-0.299137,0.348593,,,All
,,-0.298965,0.348849,,,All
,,-0.29599,0.349105,,,All
,,-0.295377,0.349361,,,All
,,-0.295085,0.349616,,,All
,,-0.29379,0.349872,,,All
,,-0.293344,0.350128,,,All
,,-0.293295,0.350384,,,All
,,-0.290449,0.350639,,,All
,,-0.290276,0.350895,,,All
,,-0.288767,0.351151,,,All
,,-0.288382,0.351407,,,All
,,-0.287951,0.351662,,,All
,,-0.287823,0.351918,,,All
,,-0.286829,0.352174,,,All
,,-0.286653,0.35243,,,All
,,-0.285411,0.352685,,,All
,,-0.282706,0.352941,,,All
,,-0.282592,0.353197,,,All
,,-0.281702,0.353453,,,All
,,-0.281122,0.353708,,,All
,,-0.281021,0.353964,,,All
,,-0.279818,0.35422,,,All
,,-0.279305,0.354476,,,All
,,-0.278848,0.354731,,,All
,,-0.278757,0.354987,,,All
,,-0.277141,0.355243,,,All
,,-0.277118,0.355499,,,All
,,-0.277082,0.355754,,,All
,,-0.276834,0.35601,,,All
,,-0.276701,0.356266,,,All
,,-0.276634,0.356522,,,All
,,-0.276216,0.356777,,,All
,,-0.275151,0.357033,,,All
,,-0.274209,0.357289,,,All
,,-0.274011,0.357545,,,All
,,-0.273812,0.357801,,,All
,,-0.273295,0.358056,,,All
,,-0.272851,0.358312,,,All
,,-0.271687,0.358568,,,All
,,-0.270007,0.358824,,,All
,,-0.26979,0.359079,,,All
,,-0.269734,0.359335,,,All
,,-0.269475,0.359591,,,All
,,-0.268043,0.359847,,,All
,,-0.267849,0.360102,,,All
,,-0.267231,0.360358,,,All
,,-0.266385,0.360614,,,All
,,-0.264943,0.36087,,,All
,,-0.264824,0.361125,,,All
,,-0.26469,0.361381,,,All
,,-0.264653,0.361637,,,All
,,-0.264419,0.361893,,,All
,,-0.264065,0.362148,,,All
,,-0.262954,0.362404,,,All
,,-0.259976,0.36266,,,All
,,-0.259528,0.362916,,,All
,,-0.258329,0.363171,,,All
,,-0.257541,0.363427,,,All
,,-0.25655,0.363683,,,All
,,-0.256399,0.363939,,,All
,,-0.256192,0.364194,,,All
,,-0.25582,0.36445,,,All
,,-0.255378,0.364706,,,All
,,-0.255229,0.364962,,,All
,,-0.255166,0.365217,,,All
,,-0.254274,0.365473,,,All
,,-0.253868,0.365729,,,All
,,-0.25352,0.365985,,,All
,,-0.252239,0.36624,,,All
,,-0.251902,0.366496,,,All
,,-0.250812,0.366752,,,All
,,-0.250423,0.367008,,,All
,,-0.249507,0.367263,,,All
,,-0.246674,0.367519,,,All
,,-0.246136,0.367775,,,All
,,-0.245606,0.368031,,,All
,,-0.24503,0.368286,,,All
,,-0.243996,0.368542,,,All
,,-0.243859,0.368798,,,All
,,-0.243528,0.369054,,,All
,,-0.243496,0.369309,,,All
,,-0.239799,0.369565,,,All
,,-0.239389,0.369821,,,All
,,-0.239371,0.370077,,,All
,,-0.238651,0.370332,,,All
,,-0.23802,0.370588,,,All
,,-0.237957,0.370844,,,All
,,-0.235756,0.3711,,,All
,,-0.235279,0.371355,,,All
,,-0.233902,0.371611,,,All
,,-0.233464,0.371867,,,All
,,-0.23344,0.372123,,,All
,,-0.233425,0.372379,,,All
,,-0.233393,0.372634,,,All
,,-0.233164,0.37289,,,All
,,-0.232266,0.373146,,,All
,,-0.23173,0.373402,,,All
,,-0.231413,0.373657,,,All
,,-0.23084,0.373913,,,All
,,-0.228192,0.374169,,,All
,,-0.225348,0.374425,,,All
,,-0.223983,0.37468,,,All
,,-0.223562,0.374936,,,All
,,-0.223416,0.375192,,,All
,,-0.223384,0.375448,,,All
,,-0.222704,0.375703,,,All
,,-0.221169,0.375959,,,All
,,-0.220828,0.376215,,,All
,,-0.220706,0.376471,,,All
,,-0.220487,0.376726,,,All
,,-0.220398,0.376982,,,All
,,-0.219239,0.377238,,,All
,,-0.218136,0.377494,,,All
,,-0.218041,0.377749,,,All
,,-0.21602,0.378005,,,All
,,-0.215419,0.378261,,,All
,,-0.215416,0.378517,,,All
,,-0.215165,0.378772,,,All
,,-0.214313,0.379028,,,All
,,-0.213519,0.379284,,,All
,,-0.212965,0.37954,,,All
,,-0.211446,0.379795,,,All
,,-0.210656,0.380051,,,All
,,-0.210261,0.380307,,,All
,,-0.210158,0.380563,,,All
,,-0.209808,0.380818,,,All
,,-0.209423,0.381074,,,All
,,-0.206494,0.38133,,,All
,,-0.205348,0.381586,,,All
,,-0.204484,0.381841,,,All
,,-0.20333,0.382097,,,All
,,-0.201925,0.382353,,,All
,,-0.201291,0.382609,,,All
,,-0.200543,0.382864,,,All
,,-0.198575,0.38312,,,All
,,-0.1977,0.383376,,,All
,,-0.19766,0.383632,,,All
,,-0.197612,0.383887,,,All
,,-0.196775,0.384143,,,All
,,-0.196703,0.384399,,,All
,,-0.196608,0.384655,,,All
,,-0.196393,0.38491,,,All
,,-0.196161,0.385166,,,All
,,-0.194748,0.385422,,,All
,,-0.19463,0.385678,,,All
,,-0.193021,0.385934,,,All
,,-0.192965,0.386189,,,All
,,-0.192794,0.386445,,,All
,,-0.19215,0.386701,,,All
,,-0.18968,0.386957,,,All
,,-0.187385,0.387212,,,All
,,-0.186295,0.387468,,,All
,,-0.185963,0.387724,,,All
,,-0.185644,0.38798,,,All
,,-0.184838,0.388235,,,All
,,-0.183571,0.388491,,,All
,,-0.181765,0.388747,,,All
,,-0.179865,0.389003,,,All
,,-0.179275,0.389258,,,All
,,-0.178865,0.389514,,,All
,,-0.17807,0.38977,,,All
,,-0.178016,0.390026,,,All
,,-0.177842,0.390281,,,All
,,-0.177641,0.390537,,,All
,,-0.177476,0.390793,,,All
,,-0.176052,0.391049,,,All
,,-0.175876,0.391304,,,All
,,-0.175737,0.39156,,,All
,,-0.175388,0.391816,,,All
,,-0.175275,0.392072,,,All
,,-0.175219,0.392327,,,All
,,-0.17493,0.392583,,,All
,,-0.174885,0.392839,,,All
,,-0.174433,0.393095,,,All
,,-0.173798,0.39335,,,All
,,-0.17205,0.393606,,,All
,,-0.171172,0.393862,,,All
,,-0.171124,0.394118,,,All
,,-0.170734,0.394373,,,All
,,-0.169764,0.394629,,,All
,,-0.169687,0.394885,,,All
,,-0.169335,0.395141,,,All
,,-0.169265,0.395396,,,All
,,-0.167802,0.395652,,,All
,,-0.167777,0.395908,,,All
,,-0.167587,0.396164,,,All
,,-0.167328,0.396419,,,All
,,-0.166704,0.396675,,,All
,,-0.165853,0.396931,,,All
,,-0.16575,0.397187,,,All
,,-0.165095,0.397442,,,All
,,-0.164507,0.397698,,,All
,,-0.163335,0.397954,,,All
,,-0.163332,0.39821,,,All
,,-0.163256,0.398465,,,All
,,-0.162486,0.398721,,,All
,,-0.161993,0.398977,,,All
,,-0.161635,0.399233,,,All
,,-0.161526,0.399488,,,All
,,-0.161333,0.399744,,,All
,,-0.16133,0.4,,,All
,,-0.160069,0.400256,,,All
,,-0.159349,0.400512,,,All
,,-0.159147,0.400767,,,All
,,-0.157294,0.401023,,,All
,,-0.157117,0.401279,,,All
,,-0.157014,0.401535,,,All
,,-0.155713,0.40179,,,All
,,-0.154766,0.402046,,,All
,,-0.1537,0.402302,,,All
,,-0.153322,0.402558,,,All
,,-0.152719,0.402813,,,All
,,-0.152331,0.403069,,,All
,,-0.151879,0.403325,,,All
,,-0.15184,0.403581,,,All
,,-0.150866,0.403836,,,All
,,-0.15029,0.404092,,,All
,,-0.149434,0.404348,,,All
,,-0.149282,0.404604,,,All
,,-0.149009,0.404859,,,All
,,-0.148084,0.405115,,,All
,,-0.147654,0.405371,,,All
,,-0.147388,0.405627,,,All
,,-0.14664,0.405882,,,All
,,-0.146477,0.406138,,,All
,,-0.144457,0.406394,,,All
,,-0.144387,0.40665,,,All
,,-0.144285,0.406905,,,All
,,-0.144202,0.407161,,,All
,,-0.143978,0.407417,,,All
,,-0.143771,0.407673,,,All
,,-0.143292,0.407928,,,All
,,-0.142999,0.408184,,,All
,,-0.142878,0.40844,,,All
,,-0.142232,0.408696,,,All
,,-0.141783,0.408951,,,All
,,-0.141232,0.409207,,,All
,,-0.139679,0.409463,,,All
,,-0.139397,0.409719,,,All
,,-0.1393,0.409974,,,All
,,-0.137912,0.41023,,,All
,,-0.137693,0.410486,,,All
,,-0.13693,0.410742,,,All
,,-0.136644,0.410997,,,All
,,-0.136601,0.411253,,,All
,,-0.136236,0.411509,,,All
,,-0.135631,0.411765,,,All
,,-0.13544,0.41202,,,All
,,-0.135107,0.412276,,,All
,,-0.133878,0.412532,,,All
,,-0.133818,0.412788,,,All
,,-0.13283,0.413043,,,All
,,-0.132,0.413299,,,All
,,-0.131584,0.413555,,,All
,,-0.131442,0.413811,,,All
,,-0.131205,0.414066,,,All
,,-0.131,0.414322,,,All
,,-0.130395,0.414578,,,All
,,-0.130241,0.414834,,,All
,,-0.128127,0.41509,,,All
,,-0.126308,0.415345,,,All
,,-0.125799,0.415601,,,All
,,-0.125743,0.415857,,,All
,,-0.125617,0.416113,,,All
,,-0.12541,0.416368,,,All
,,-0.125336,0.416624,,,All
,,-0.121718,0.41688,,,All
,,-0.121343,0.417136,,,All
,,-0.120424,0.417391,,,All
,,-0.119971,0.417647,,,All
,,-0.118782,0.417903,,,All
,,-0.117532,0.418159,,,All
,,-0.115318,0.418414,,,All
,,-0.115156,0.41867,,,All
,,-0.113668,0.418926,,,All
,,-0.113254,0.419182,,,All
,,-0.11278,0.419437,,,All
,,-0.112429,0.419693,,,All
,,-0.112119,0.419949,,,All
,,-0.112092,0.420205,,,All
,,-0.110701,0.42046,,,All
,,-0.109768,0.420716,,,All
,,-0.109737,0.420972,,,All
,,-0.108548,0.421228,,,All
,,-0.107749,0.421483,,,All
,,-0.106177,0.421739,,,All
,,-0.105911,0.421995,,,All
,,-0.105469,0.422251,,,All
,,-0.105462,0.422506,,,All
,,-0.105235,0.422762,,,All
,,-0.104704,0.423018,,,All
,,-0.104599,0.423274,,,All
,,-0.104023,0.423529,,,All
,,-0.101894,0.423785,,,All
,,-0.101808,0.424041,,,All
,,-0.100384,0.424297,,,All
,,-0.100007,0.424552,,,All
,,-0.0997695,0.424808,,,All
,,-0.098891,0.425064,,,All
,,-0.0978712,0.42532,,,All
,,-0.0975148,0.425575,,,All
,,-0.0967208,0.425831,,,All
,,-0.0949835,0.426087,,,All
,,-0.0935346,0.426343,,,All
,,-0.0923679,0.426598,,,All
,,-0.0919768,0.426854,,,All
,,-0.0917146,0.42711,,,All
,,-0.0911624,0.427366,,,All
,,-0.0896975,0.427621,,,All
,,-0.0884414,0.427877,,,All
,,-0.0880697,0.428133,,,All
,,-0.0871876,0.428389,,,All
,,-0.0862543,0.428645,,,All
,,-0.0849065,0.4289,,,All
,,-0.0848062,0.429156,,,All
,,-0.0837127,0.429412,,,All
,,-0.0831692,0.429668,,,All
,,-0.0820354,0.429923,,,All
,,-0.0820023,0.430179,,,All
,,-0.0810491,0.430435,,,All
,,-0.0802906,0.430691,,,All
,,-0.0801725,0.430946,,,All
,,-0.0798726,0.431202,,,All
,,-0.0795879,0.431458,,,All
,,-0.0778558,0.431714,,,All
,,-0.077384,0.431969,,,All
,,-0.0773049,0.432225,,,All
,,-0.0771381,0.432481,,,All
,,-0.0768709,0.432737,,,All
,,-0.0758577,0.432992,,,All
,,-0.0738039,0.433248,,,All
,,-0.0719945,0.433504,,,All
,,-0.071146,0.43376,,,All
,,-0.0710779,0.434015,,,All
,,-0.0710705,0.434271,,,All
,,-0.0709493,0.434527,,,All
,,-0.0706875,0.434783,,,All
,,-0.0706186,0.435038,,,All
,,-0.0701413,0.435294,,,All
,,-0.070101,0.43555,,,All
,,-0.0687318,0.435806,,,All
,,-0.0678196,0.436061,,,All
,,-0.0667623,0.436317,,,All
,,-0.0664577,0.436573,,,All
,,-0.0663754,0.436829,,,All
,,-0.0651215,0.437084,,,All
,,-0.0636782,0.43734,,,All
,,-0.0633549,0.437596,,,All
,,-0.063035,0.437852,,,All
,,-0.0601932,0.438107,,,All
,,-0.0600465,0.438363,,,All
,,-0.0592738,0.438619,,,All
,,-0.0588979,0.438875,,,All
,,-0.0581161,0.43913,,,All
,,-0.0570208,0.439386,,,All
,,-0.0569152,0.439642,,,All
,,-0.0556533,0.439898,,,All
,,-0.0548734,0.440153,,,All
,,-0.05382,0.440409,,,All
,,-0.0526116,0.440665,,,All
,,-0.0525688,0.440921,,,All
,,-0.0522099,0.441176,,,All
,,-0.0520262,0.441432,,,All
,,-0.0501454,0.441688,,,All
,,-0.0495258,0.441944,,,All
,,-0.0491934,0.442199,,,All
,,-0.0484254,0.442455,,,All
,,-0.0479627,0.442711,,,All
,,-0.0466299,0.442967,,,All
,,-0.0464858,0.443223,,,All
,,-0.0454774,0.443478,,,All
,,-0.0439538,0.443734,,,All
,,-0.0431159,0.44399,,,All
,,-0.0427353,0.444246,,,All
,,-0.0408529,0.444501,,,All
,,-0.0403081,0.444757,,,All
,,-0.0399244,0.445013,,,All
,,-0.0394927,0.445269,,,All
,,-0.0386125,0.445524,,,All
,,-0.0383896,0.44578,,,All
,,-0.0381905,0.446036,,,All
,,-0.0381643,0.446292,,,All
,,-0.0374832,0.446547,,,All
,,-0.0370959,0.446803,,,All
,,-0.0369576,0.447059,,,All
,,-0.0368571,0.447315,,,All
,,-0.0360102,0.44757,,,All
,,-0.0359429,0.447826,,,All
,,-0.035335,0.448082,,,All
,,-0.0330139,0.448338,,,All
,,-0.0319746,0.448593,,,All
,,-0.030613,0.448849,,,All
,,-0.030524,0.449105,,,All
,,-0.0289397,0.449361,,,All
,,-0.028651,0.449616,,,All
,,-0.0282131,0.449872,,,All
,,-0.0274684,0.450128,,,All
,,-0.0274668,0.450384,,,All
,,-0.0266241,0.450639,,,All
,,-0.0255185,0.450895,,,All
,,-0.0249969,0.451151,,,All
,,-0.024113,0.451407,,,All
,,-0.0237595,0.451662,,,All
,,-0.0237114,0.451918,,,All
,,-0.0227929,0.452174,,,All
,,-0.0220545,0.45243,,,All
,,-0.0217691,0.452685,,,All
,,-0.0215789,0.452941,,,All
,,-0.0200731,0.453197,,,All
,,-0.0171345,0.453453,,,All
,,-0.0170169,0.453708,,,All
,,-0.0164597,0.453964,,,All
,,-0.0163177,0.45422,,,All
,,-0.0162087,0.454476,,,All
,,-0.0157242,0.454731,,,All
,,-0.014888,0.454987,,,All
,,-0.0146468,0.455243,,,All
,,-0.0136176,0.455499,,,All
,,-0.0134301,0.455754,,,All
,,-0.0122385,0.45601,,,All
,,-0.0121742,0.456266,,,All
,,-0.0115586,0.456522,,,All
,,-0.010741,0.456777,,,All
,,-0.0104761,0.457033,,,All
,,-0.0101003,0.457289,,,All
,,-0.00932586,0.457545,,,All
,,-0.00886109,0.457801,,,All
,,-0.00875043,0.458056,,,All
,,-0.00838077,0.458312,,,All
,,-0.00833915,0.458568,,,All
,,-0.00793505,0.458824,,,All
,,-0.00776316,0.459079,,,All
,,-0.00763017,0.459335,,,All
,,-0.00641746,0.459591,,,All
,,-0.00635009,0.459847,,,All
,,-0.00581939,0.460102,,,All
,,-0.00520588,0.460358,,,All
,,-0.00224578,0.460614,,,All
,,-0.00191541,0.46087,,,All
,,-0.00131707,0.461125,,,All
,,-0.00103697,0.461381,,,All
,,-0.000731759,0.461637,,,All
,,-0.000621249,0.461893,,,All
,,-0.000395624,0.462148,,,All
,,-0.000322084,0.462404,,,All
,,0.000418861,0.46266,,,All
,,0.000914527,0.462916,,,All
,,0.00162903,0.463171,,,All
,,0.00187848,0.463427,,,All
,,0.00350281,0.463683,,,All
,,0.00362795,0.463939,,,All
,,0.00378239,0.464194,,,All
,,0.00378919,0.46445,,,All
,,0.00390536,0.464706,,,All
,,0.00434359,0.464962,,,All
,,0.00540458,0.465217,,,All
,,0.0054321,0.465473,,,All
,,0.0054692,0.465729,,,All
,,0.00647593,0.465985,,,All
,,0.00677056,0.46624,,,All
,,0.00692409,0.466496,,,All
,,0.00780645,0.466752,,,All
,,0.00857111,0.467008,,,All
,,0.00962358,0.467263,,,All
,,0.00968524,0.467519,,,All
,,0.0106312,0.467775,,,All
,,0.0116969,0.468031,,,All
,,0.0125106,0.468286,,,All
,,0.0133207,0.468542,,,All
,,0.0146754,0.468798,,,All
,,0.0150147,0.469054,,,All
,,0.0152843,0.469309,,,All
,,0.016146,0.469565,,,All
,,0.0165769,0.469821,,,All
,,0.0170115,0.470077,,,All
,,0.0174923,0.470332,,,All
,,0.0184954,0.470588,,,All
,,0.0191611,0.470844,,,All
,,0.0205859,0.4711,,,All
,,0.0206116,0.471355,,,All
,,0.0213458,0.471611,,,All
,,0.0227776,0.471867,,,All
,,0.0228986,0.472123,,,All
,,0.0229035,0.472379,,,All
,,0.0229351,0.472634,,,All
,,0.0242487,0.47289,,,All
,,0.0256804,0.473146,,,All
,,0.0269089,0.473402,,,All
,,0.027166,0.473657,,,All
,,0.0274082,0.473913,,,All
,,0.0275062,0.474169,,,All
,,0.0285824,0.474425,,,All
,,0.0285918,0.47468,,,All
,,0.0287496,0.474936,,,All
,,0.0292168,0.475192,,,All
,,0.0293531,0.475448,,,All
,,0.0294146,0.475703,,,All
,,0.0296257,0.475959,,,All
,,0.0299904,0.476215,,,All
,,0.031504,0.476471,,,All
,,0.0317421,0.476726,,,All
,,0.0323897,0.476982,,,All
,,0.0327131,0.477238,,,All
,,0.0336028,0.477494,,,All
,,0.0336509,0.477749,,,All
,,0.0348011,0.478005,,,All
,,0.0352691,0.478261,,,All
,,0.0359604,0.478517,,,All
,,0.0368374,0.478772,,,All
,,0.0368445,0.479028,,,All
,,0.036873,0.479284,,,All
,,0.0378827,0.47954,,,All
,,0.0381261,0.479795,,,All
,,0.0385103,0.480051,,,All
,,0.040018,0.480307,,,All
,,0.0404278,0.480563,,,All
,,0.0404377,0.480818,,,All
,,0.0414265,0.481074,,,All
,,0.0423601,0.48133,,,All
,,0.0424142,0.481586,,,All
,,0.0428386,0.481841,,,All
,,0.0428548,0.482097,,,All
,,0.0431545,0.482353,,,All
,,0.0450384,0.482609,,,All
,,0.0452019,0.482864,,,All
,,0.0455816,0.48312,,,All
,,0.046664,0.483376,,,All
,,0.0468244,0.483632,,,All
,,0.0468503,0.483887,,,All
,,0.0468744,0.484143,,,All
,,0.0473478,0.484399,,,All
,,0.0473622,0.484655,,,All
,,0.0477773,0.48491,,,All
,,0.0478524,0.485166,,,All
,,0.0486006,0.485422,,,All
,,0.0489331,0.485678,,,All
,,0.0503648,0.485934,,,All
,,0.0505708,0.486189,,,All
,,0.050585,0.486445,,,All
,,0.0508015,0.486701,,,All
,,0.051485,0.486957,,,All
,,0.0517981,0.487212,,,All
,,0.0532204,0.487468,,,All
,,0.0538737,0.487724,,,All
,,0.0547611,0.48798,,,All
,,0.0550668,0.488235,,,All
,,0.0570954,0.488491,,,All
,,0.0574346,0.488747,,,All
,,0.0586661,0.489003,,,All
,,0.0590998,0.489258,,,All
,,0.059595,0.489514,,,All
,,0.0599987,0.48977,,,All
,,0.0600378,0.490026,,,All
,,0.060154,0.490281,,,All
,,0.0613759,0.490537,,,All
,,0.0619353,0.490793,,,All
,,0.0620552,0.491049,,,All
,,0.0621219,0.491304,,,All
,,0.0637608,0.49156,,,All
,,0.0642576,0.491816,,,All
,,0.0647383,0.492072,,,All
,,0.066387,0.492327,,,All
,,0.0664625,0.492583,,,All
,,0.0668648,0.492839,,,All
,,0.0673569,0.493095,,,All
,,0.0674748,0.49335,,,All
,,0.067506,0.493606,,,All
,,0.0676797,0.493862,,,All
,,0.067983,0.494118,,,All
,,0.0684761,0.494373,,,All
,,0.0685152,0.494629,,,All
,,0.0686787,0.494885,,,All
,,0.0695435,0.495141,,,All
,,0.0696688,0.495396,,,All
,,0.0700422,0.495652,,,All
,,0.0711353,0.495908,,,All
,,0.071523,0.496164,,,All
,,0.0717287,0.496419,,,All
,,0.0720738,0.496675,,,All
,,0.0730475,0.496931,,,All
,,0.0736245,0.497187,,,All
,,0.0737697,0.497442,,,All
,,0.0738775,0.497698,,,All
,,0.0753401,0.497954,,,All
,,0.0762358,0.49821,,,All
,,0.0773449,0.498465,,,All
,,0.0773866,0.498721,,,All
,,0.0773919,0.498977,,,All
,,0.0781997,0.499233,,,All
,,0.0787933,0.499488,,,All
,,0.0788111,0.499744,,,All
,,0.080559,0.5,,,All
,,0.0813548,0.500256,,,All
,,0.0833167,0.500512,,,All
,,0.0843068,0.500767,,,All
,,0.0846758,0.501023,,,All
,,0.0847702,0.501279,,,All
,,0.0849403,0.501535,,,All
,,0.0851495,0.50179,,,All
,,0.0862562,0.502046,,,All
,,0.0871545,0.502302,,,All
,,0.0871817,0.502558,,,All
,,0.0875348,0.502813,,,All
,,0.0902505,0.503069,,,All
,,0.0903101,0.503325,,,All
,,0.0919691,0.503581,,,All
,,0.0939923,0.503836,,,All
,,0.0958253,0.504092,,,All
,,0.0965247,0.504348,,,All
,,0.0988029,0.504604,,,All
,,0.0994569,0.504859,,,All
,,0.0996348,0.505115,,,All
,,0.100941,0.505371,,,All
,,0.101788,0.505627,,,All
,,0.102054,0.505882,,,All
,,0.102103,0.506138,,,All
,,0.102349,0.506394,,,All
,,0.102649,0.50665,,,All
,,0.102693,0.506905,,,All
,,0.103846,0.507161,,,All
,,0.106283,0.507417,,,All
,,0.106337,0.507673,,,All
,,0.107242,0.507928,,,All
,,0.107267,0.508184,,,All
,,0.107392,0.50844,,,All
,,0.107645,0.508696,,,All
,,0.108929,0.508951,,,All
,,0.109338,0.509207,,,All
,,0.109501,0.509463,,,All
,,0.110935,0.509719,,,All
,,0.111839,0.509974,,,All
,,0.112812,0.51023,,,All
,,0.112994,0.510486,,,All
,,0.114711,0.510742,,,All
,,0.115236,0.510997,,,All
,,0.116249,0.511253,,,All
,,0.117033,0.511509,,,All
,,0.117466,0.511765,,,All
,,0.117485,0.51202,,,All
,,0.118065,0.512276,,,All
,,0.118987,0.512532,,,All
,,0.119497,0.512788,,,All
,,0.119926,0.513043,,,All
,,0.119958,0.513299,,,All
,,0.120159,0.513555,,,All
,,0.120378,0.513811,,,All
,,0.120386,0.514066,,,All
,,0.121404,0.514322,,,All
,,0.12229,0.514578,,,All
,,0.122379,0.514834,,,All
,,0.123133,0.51509,,,All
,,0.123527,0.515345,,,All
,,0.123915,0.515601,,,All
,,0.124003,0.515857,,,All
,,0.12499,0.516113,,,All
,,0.125357,0.516368,,,All
,,0.125411,0.516624,,,All
,,0.126628,0.51688,,,All
,,0.127053,0.517136,,,All
,,0.128242,0.517391,,,All
,,0.128446,0.517647,,,All
,,0.128467,0.517903,,,All
,,0.129808,0.518159,,,All
,,0.130241,0.518414,,,All
,,0.131738,0.51867,,,All
,,0.134455,0.518926,,,All
,,0.13504,0.519182,,,All
,,0.135489,0.519437,,,All
,,0.135814,0.519693,,,All
,,0.137224,0.519949,,,All
,,0.13761,0.520205,,,All
,,0.138977,0.52046,,,All
,,0.140237,0.520716,,,All
,,0.140244,0.520972,,,All
,,0.140376,0.521228,,,All
,,0.140494,0.521483,,,All
,,0.141153,0.521739,,,All
,,0.141829,0.521995,,,All
,,0.142125,0.522251,,,All
,,0.143208,0.522506,,,All
,,0.146352,0.522762,,,All
,,0.146754,0.523018,,,All
,,0.147069,0.523274,,,All
,,0.147801,0.523529,,,All
,,0.148141,0.523785,,,All
,,0.148264,0.524041,,,All
,,0.148346,0.524297,,,All
,,0.149183,0.524552,,,All
,,0.149411,0.524808,,,All
,,0.150374,0.525064,,,All
,,0.150531,0.52532,,,All
,,0.150588,0.525575,,,All
,,0.150682,0.525831,,,All
,,0.152221,0.526087,,,All
,,0.152267,0.526343,,,All
,,0.152406,0.526598,,,All
,,0.152604,0.526854,,,All
,,0.152685,0.52711,,,All
,,0.152782,0.527366,,,All
,,0.153349,0.527621,,,All
,,0.15374,0.527877,,,All
,,0.154872,0.528133,,,All
,,0.154967,0.528389,,,All
,,0.155067,0.528645,,,All
,,0.15519,0.5289,,,All
,,0.155746,0.529156,,,All
,,0.156373,0.529412,,,All
,,0.158001,0.529668,,,All
,,0.15815,0.529923,,,All
,,0.159059,0.530179,,,All
,,0.160023,0.530435,,,All
,,0.160925,0.530691,,,All
,,0.161579,0.530946,,,All
,,0.162071,0.531202,,,All
,,0.162326,0.531458,,,All
,,0.162559,0.531714,,,All
,,0.163452,0.531969,,,All
,,0.163808,0.532225,,,All
,,0.164173,0.532481,,,All
,,0.164467,0.532737,,,All
,,0.165,0.532992,,,All
,,0.165748,0.533248,,,All
,,0.165803,0.533504,,,All
,,0.167081,0.53376,,,All
,,0.167088,0.534015,,,All
,,0.169602,0.534271,,,All
,,0.17002,0.534527,,,All
,,0.17004,0.534783,,,All
,,0.170361,0.535038,,,All
,,0.170904,0.535294,,,All
,,0.171825,0.53555,,,All
,,0.172324,0.535806,,,All
,,0.173076,0.536061,,,All
,,0.173648,0.536317,,,All
,,0.173688,0.536573,,,All
,,0.173873,0.536829,,,All
,,0.174154,0.537084,,,All
,,0.17426,0.53734,,,All
,,0.174425,0.537596,,,All
,,0.174461,0.537852,,,All
,,0.174654,0.538107,,,All
,,0.174746,0.538363,,,All
,,0.176463,0.538619,,,All
,,0.17849,0.538875,,,All
,,0.178729,0.53913,,,All
,,0.178984,0.539386,,,All
,,0.180087,0.539642,,,All
,,0.180142,0.539898,,,All
,,0.180205,0.540153,,,All
,,0.18111,0.540409,,,All
,,0.181319,0.540665,,,All
,,0.182075,0.540921,,,All
,,0.182518,0.541176,,,All
,,0.183551,0.541432,,,All
,,0.184481,0.541688,,,All
,,0.185375,0.541944,,,All
,,0.18641,0.542199,,,All
,,0.186684,0.542455,,,All
,,0.187408,0.542711,,,All
,,0.187763,0.542967,,,All
,,0.189485,0.543223,,,All
,,0.192496,0.543478,,,All
,,0.192783,0.543734,,,All
,,0.193352,0.54399,,,All
,,0.195096,0.544246,,,All
,,0.195259,0.544501,,,All
,,0.197997,0.544757,,,All
,,0.198068,0.545013,,,All
,,0.198345,0.545269,,,All
,,0.198431,0.545524,,,All
,,0.198538,0.54578,,,All
,,0.198592,0.546036,,,All
,,0.199384,0.546292,,,All
,,0.201858,0.546547,,,All
,,0.202553,0.546803,,,All
,,0.202641,0.547059,,,All
,,0.204259,0.547315,,,All
,,0.20427,0.54757,,,All
,,0.204658,0.547826,,,All
,,0.204732,0.548082,,,All
,,0.20518,0.548338,,,All
,,0.205262,0.548593,,,All
,,0.205463,0.548849,,,All
,,0.205482,0.549105,,,All
,,0.206019,0.549361,,,All
,,0.207453,0.549616,,,All
,,0.207765,0.549872,,,All
,,0.208227,0.550128,,,All
,,0.209587,0.550384,,,All
,,0.210412,0.550639,,,All
,,0.210544,0.550895,,,All
,,0.211365,0.551151,,,All
,,0.211612,0.551407,,,All
,,0.212471,0.551662,,,All
,,0.213098,0.551918,,,All
,,0.213163,0.552174,,,All
,,0.213164,0.55243,,,All
,,0.213632,0.552685,,,All
,,0.213767,0.552941,,,All
,,0.213839,0.553197,,,All
,,0.215579,0.553453,,,All
,,0.217882,0.553708,,,All
,,0.21834,0.553964,,,All
,,0.218885,0.55422,,,All
,,0.219022,0.554476,,,All
,,0.219781,0.554731,,,All
,,0.221909,0.554987,,,All
,,0.222177,0.555243,,,All
,,0.223033,0.555499,,,All
,,0.223144,0.555754,,,All
,,0.223418,0.55601,,,All
,,0.22345,0.556266,,,All
,,0.223869,0.556522,,,All
,,0.223878,0.556777,,,All
,,0.224867,0.557033,,,All
,,0.225441,0.557289,,,All
,,0.225593,0.557545,,,All
,,0.225765,0.557801,,,All
,,0.226355,0.558056,,,All
,,0.230284,0.558312,,,All
,,0.230353,0.558568,,,All
,,0.230994,0.558824,,,All
,,0.231197,0.559079,,,All
,,0.231746,0.559335,,,All
,,0.231916,0.559591,,,All
,,0.232065,0.559847,,,All
,,0.232269,0.560102,,,All
,,0.232383,0.560358,,,All
,,0.232504,0.560614,,,All
,,0.23359,0.56087,,,All
,,0.234269,0.561125,,,All
,,0.234688,0.561381,,,All
,,0.235177,0.561637,,,All
,,0.235985,0.561893,,,All
,,0.236218,0.562148,,,All
,,0.236349,0.562404,,,All
,,0.236406,0.56266,,,All
,,0.238655,0.562916,,,All
,,0.239068,0.563171,,,All
,,0.240995,0.563427,,,All
,,0.241161,0.563683,,,All
,,0.24191,0.563939,,,All
,,0.244217,0.564194,,,All
,,0.244929,0.56445,,,All
,,0.245593,0.564706,,,All
,,0.247222,0.564962,,,All
,,0.248184,0.565217,,,All
,,0.248816,0.565473,,,All
,,0.250167,0.565729,,,All
,,0.250285,0.565985,,,All
,,0.250788,0.56624,,,All
,,0.251884,0.566496,,,All
,,0.253669,0.566752,,,All
,,0.256357,0.567008,,,All
,,0.25688,0.567263,,,All
,,0.25763,0.567519,,,All
,,0.259378,0.567775,,,All
,,0.259447,0.568031,,,All
,,0.260018,0.568286,,,All
,,0.260544,0.568542,,,All
,,0.26062,0.568798,,,All
,,0.261547,0.569054,,,All
,,0.26167,0.569309,,,All
,,0.262412,0.569565,,,All
,,0.262452,0.569821,,,All
,,0.263765,0.570077,,,All
,,0.263946,0.570332,,,All
,,0.264448,0.570588,,,All
,,0.264983,0.570844,,,All
,,0.265215,0.5711,,,All
,,0.265407,0.571355,,,All
,,0.265619,0.571611,,,All
,,0.267094,0.571867,,,All
,,0.267713,0.572123,,,All
,,0.267717,0.572379,,,All
,,0.268638,0.572634,,,All
,,0.269393,0.57289,,,All
,,0.270144,0.573146,,,All
,,0.27077,0.573402,,,All
,,0.271382,0.573657,,,All
,,0.271388,0.573913,,,All
,,0.271746,0.574169,,,All
,,0.271761,0.574425,,,All
,,0.272276,0.57468,,,All
,,0.273327,0.574936,,,All
,,0.27335,0.575192,,,All
,,0.27376,0.575448,,,All
,,0.27412,0.575703,,,All
,,0.27483,0.575959,,,All
,,0.275014,0.576215,,,All
,,0.275667,0.576471,,,All
,,0.275861,0.576726,,,All
,,0.278044,0.576982,,,All
,,0.278337,0.577238,,,All
,,0.278958,0.577494,,,All
,,0.279132,0.577749,,,All
,,0.279513,0.578005,,,All
,,0.279725,0.578261,,,All
,,0.280674,0.578517,,,All
,,0.280999,0.578772,,,All
,,0.281104,0.579028,,,All
,,0.28111,0.579284,,,All
,,0.281365,0.57954,,,All
,,0.281905,0.579795,,,All
,,0.282263,0.580051,,,All
,,0.283644,0.580307,,,All
,,0.284461,0.580563,,,All
,,0.284582,0.580818,,,All
,,0.285339,0.581074,,,All
,,0.286405,0.58133,,,All
,,0.286543,0.581586,,,All
,,0.286782,0.581841,,,All
,,0.286811,0.582097,,,All
,,0.287927,0.582353,,,All
,,0.287942,0.582609,,,All
,,0.289131,0.582864,,,All
,,0.289161,0.58312,,,All
,,0.289208,0.583376,,,All
,,0.29024,0.583632,,,All
,,0.291297,0.583887,,,All
,,0.291616,0.584143,,,All
,,0.291723,0.584399,,,All
,,0.294135,0.584655,,,All
,,0.294581,0.58491,,,All
,,0.294583,0.585166,,,All
,,0.294881,0.585422,,,All
,,0.295063,0.585678,,,All
,,0.295117,0.585934,,,All
,,0.297221,0.586189,,,All
,,0.297976,0.586445,,,All
,,0.298358,0.586701,,,All
,,0.299674,0.586957,,,All
,,0.299957,0.587212,,,All
,,0.300993,0.587468,,,All
,,0.301207,0.587724,,,All
,,0.301391,0.58798,,,All
,,0.30189,0.588235,,,All
,,0.301991,0.588491,,,All
,,0.302493,0.588747,,,All
,,0.303942,0.589003,,,All
,,0.304119,0.589258,,,All
,,0.306318,0.589514,,,All
,,0.306707,0.58977,,,All
,,0.307351,0.590026,,,All
,,0.307388,0.590281,,,All
,,0.307525,0.590537,,,All
,,0.307606,0.590793,,,All
,,0.307877,0.591049,,,All
,,0.307916,0.591304,,,All
,,0.308031,0.59156,,,All
,,0.308301,0.591816,,,All
,,0.308682,0.592072,,,All
,,0.310186,0.592327,,,All
,,0.310862,0.592583,,,All
,,0.311209,0.592839,,,All
,,0.311259,0.593095,,,All
,,0.311342,0.59335,,,All
,,0.312032,0.593606,,,All
,,0.312159,0.593862,,,All
,,0.312417,0.594118,,,All
,,0.312473,0.594373,,,All
,,0.312888,0.594629,,,All
,,0.313854,0.594885,,,All
,,0.314828,0.595141,,,All
,,0.315888,0.595396,,,All
,,0.316615,0.595652,,,All
,,0.317165,0.595908,,,All
,,0.317693,0.596164,,,All
,,0.31896,0.596419,,,All
,,0.319124,0.596675,,,All
,,0.319671,0.596931,,,All
,,0.319931,0.597187,,,All
,,0.321225,0.597442,,,All
,,0.321658,0.597698,,,All
,,0.321989,0.597954,,,All
,,0.32212,0.59821,,,All
,,0.322273,0.598465,,,All
,,0.322606,0.598721,,,All
,,0.323235,0.598977,,,All
,,0.323358,0.599233,,,All
,,0.323383,0.599488,,,All
,,0.323423,0.599744,,,All
,,0.323441,0.6,,,All
,,0.323624,0.600256,,,All
,,0.323646,0.600512,,,All
,,0.32454,0.600767,,,All
,,0.324707,0.601023,,,All
,,0.325061,0.601279,,,All
,,0.3252,0.601535,,,All
,,0.325552,0.60179,,,All
,,0.326449,0.602046,,,All
,,0.326984,0.602302,,,All
,,0.328603,0.602558,,,All
,,0.329378,0.602813,,,All
,,0.332909,0.603069,,,All
,,0.333129,0.603325,,,All
,,0.333461,0.603581,,,All
,,0.334081,0.603836,,,All
,,0.334348,0.604092,,,All
,,0.334348,0.604348,,,All
,,0.334814,0.604604,,,All
,,0.336007,0.604859,,,All
,,0.336761,0.605115,,,All
,,0.3368,0.605371,,,All
,,0.336871,0.605627,,,All
,,0.337564,0.605882,,,All
,,0.337675,0.606138,,,All
,,0.339063,0.606394,,,All
,,0.33962,0.60665,,,All
,,0.340338,0.606905,,,All
,,0.340702,0.607161,,,All
,,0.34088,0.607417,,,All
,,0.341074,0.607673,,,All
,,0.341294,0.607928,,,All
,,0.34151,0.608184,,,All
,,0.34294,0.60844,,,All
,,0.342954,0.608696,,,All
,,0.34306,0.608951,,,All
,,0.343211,0.609207,,,All
,,0.34366,0.609463,,,All
,,0.343828,0.609719,,,All
,,0.345195,0.609974,,,All
,,0.346653,0.61023,,,All
,,0.346885,0.610486,,,All
,,0.347212,0.610742,,,All
,,0.348521,0.610997,,,All
,,0.348834,0.611253,,,All
,,0.349119,0.611509,,,All
,,0.349293,0.611765,,,All
,,0.349302,0.61202,,,All
,,0.349432,0.612276,,,All
,,0.349533,0.612532,,,All
,,0.349745,0.612788,,,All
,,0.351726,0.613043,,,All
,,0.352959,0.613299,,,All
,,0.352971,0.613555,,,All
,,0.353155,0.613811,,,All
,,0.35326,0.614066,,,All
,,0.353296,0.614322,,,All
,,0.354838,0.614578,,,All
,,0.356641,0.614834,,,All
,,0.356681,0.61509,,,All
,,0.356832,0.615345,,,All
,,0.357471,0.615601,,,All
,,0.357669,0.615857,,,All
,,0.360146,0.616113,,,All
,,0.36027,0.616368,,,All
,,0.360592,0.616624,,,All
,,0.360742,0.61688,,,All
,,0.361169,0.617136,,,All
,,0.36125,0.617391,,,All
,,0.36239,0.617647,,,All
,,0.365787,0.617903,,,All
,,0.365919,0.618159,,,All
,,0.366203,0.618414,,,All
,,0.366283,0.61867,,,All
,,0.367037,0.618926,,,All
,,0.368133,0.619182,,,All
,,0.368212,0.619437,,,All
,,0.368708,0.619693,,,All
,,0.371462,0.619949,,,All
,,0.371666,0.620205,,,All
,,0.371745,0.62046,,,All
,,0.372004,0.620716,,,All
,,0.372219,0.620972,,,All
,,0.372307,0.621228,,,All
,,0.372731,0.621483,,,All
,,0.372998,0.621739,,,All
,,0.373346,0.621995,,,All
,,0.37382,0.622251,,,All
,,0.374004,0.622506,,,All
,,0.374097,0.622762,,,All
,,0.375944,0.623018,,,All
,,0.37673,0.623274,,,All
,,0.377653,0.623529,,,All
,,0.378661,0.623785,,,All
,,0.379094,0.624041,,,All
,,0.379335,0.624297,,,All
,,0.379435,0.624552,,,All
,,0.379565,0.624808,,,All
,,0.379847,0.625064,,,All
,,0.380584,0.62532,,,All
,,0.382939,0.625575,,,All
,,0.383563,0.625831,,,All
,,0.383989,0.626087,,,All
,,0.384517,0.626343,,,All
,,0.385246,0.626598,,,All
,,0.386291,0.626854,,,All
,,0.388404,0.62711,,,All
,,0.388465,0.627366,,,All
,,0.388559,0.627621,,,All
,,0.389507,0.627877,,,All
,,0.389625,0.628133,,,All
,,0.390168,0.628389,,,All
,,0.390241,0.628645,,,All
,,0.390789,0.6289,,,All
,,0.39126,0.629156,,,All
,,0.391521,0.629412,,,All
,,0.392315,0.629668,,,All
,,0.392927,0.629923,,,All
,,0.393242,0.630179,,,All
,,0.393277,0.630435,,,All
,,0.393754,0.630691,,,All
,,0.394269,0.630946,,,All
,,0.394452,0.631202,,,All
,,0.395279,0.631458,,,All
,,0.396054,0.631714,,,All
,,0.396435,0.631969,,,All
,,0.396584,0.632225,,,All
,,0.396805,0.632481,,,All
,,0.396992,0.632737,,,All
,,0.397018,0.632992,,,All
,,0.398087,0.633248,,,All
,,0.398615,0.633504,,,All
,,0.399905,0.63376,,,All
,,0.401217,0.634015,,,All
,,0.401501,0.634271,,,All
,,0.401699,0.634527,,,All
,,0.401812,0.634783,,,All
,,0.402786,0.635038,,,All
,,0.403007,0.635294,,,All
,,0.405076,0.63555,,,All
,,0.406509,0.635806,,,All
,,0.406933,0.636061,,,All
,,0.408161,0.636317,,,All
,,0.409274,0.636573,,,All
,,0.409788,0.636829,,,All
,,0.409981,0.637084,,,All
,,0.412307,0.63734,,,All
,,0.413148,0.637596,,,All
,,0.413184,0.637852,,,All
,,0.414975,0.638107,,,All
,,0.415048,0.638363,,,All
,,0.415437,0.638619,,,All
,,0.41562,0.638875,,,All
,,0.416686,0.63913,,,All
,,0.416958,0.639386,,,All
,,0.417382,0.639642,,,All
,,0.417436,0.639898,,,All
,,0.417719,0.640153,,,All
,,0.417978,0.640409,,,All
,,0.418044,0.640665,,,All
,,0.418491,0.640921,,,All
,,0.419276,0.641176,,,All
,,0.419665,0.641432,,,All
,,0.419965,0.641688,,,All
,,0.421225,0.641944,,,All
,,0.421597,0.642199,,,All
,,0.422869,0.642455,,,All
,,0.422999,0.642711,,,All
,,0.423849,0.642967,,,All
,,0.424182,0.643223,,,All
,,0.424993,0.643478,,,All
,,0.425308,0.643734,,,All
,,0.425778,0.64399,,,All
,,0.426077,0.644246,,,All
,,0.426168,0.644501,,,All
,,0.426232,0.644757,,,All
,,0.426474,0.645013,,,All
,,0.426757,0.645269,,,All
,,0.426792,0.645524,,,All
,,0.427261,0.64578,,,All
,,0.428297,0.646036,,,All
,,0.428763,0.646292,,,All
,,0.429056,0.646547,,,All
,,0.429516,0.646803,,,All
,,0.429602,0.647059,,,All
,,0.430466,0.647315,,,All
,,0.430995,0.64757,,,All
,,0.43116,0.647826,,,All
,,0.431609,0.648082,,,All
,,0.431727,0.648338,,,All
,,0.432009,0.648593,,,All
,,0.432155,0.648849,,,All
,,0.43231,0.649105,,,All
,,0.434023,0.649361,,,All
,,0.434362,0.649616,,,All
,,0.436621,0.649872,,,All
,,0.437111,0.650128,,,All
,,0.437256,0.650384,,,All
,,0.437663,0.650639,,,All
,,0.437825,0.650895,,,All
,,0.437932,0.651151,,,All
,,0.438555,0.651407,,,All
,,0.438864,0.651662,,,All
,,0.441995,0.651918,,,All
,,0.44214,0.652174,,,All
,,0.442755,0.65243,,,All
,,0.443595,0.652685,,,All
,,0.444101,0.652941,,,All
,,0.444461,0.653197,,,All
,,0.444863,0.653453,,,All
,,0.445322,0.653708,,,All
,,0.445976,0.653964,,,All
,,0.446904,0.65422,,,All
,,0.446926,0.654476,,,All
,,0.446972,0.654731,,,All
,,0.446979,0.654987,,,All
,,0.447493,0.655243,,,All
,,0.447678,0.655499,,,All
,,0.448016,0.655754,,,All
,,0.448154,0.65601,,,All
,,0.448592,0.656266,,,All
,,0.448911,0.656522,,,All
,,0.449019,0.656777,,,All
,,0.449699,0.657033,,,All
,,0.452281,0.657289,,,All
,,0.452711,0.657545,,,All
,,0.453951,0.657801,,,All
,,0.454172,0.658056,,,All
,,0.454304,0.658312,,,All
,,0.454426,0.658568,,,All
,,0.454976,0.658824,,,All
,,0.456555,0.659079,,,All
,,0.457765,0.659335,,,All
,,0.458771,0.659591,,,All
,,0.459176,0.659847,,,All
,,0.459455,0.660102,,,All
,,0.46005,0.660358,,,All
,,0.462237,0.660614,,,All
,,0.462754,0.66087,,,All
,,0.463252,0.661125,,,All
,,0.463403,0.661381,,,All
,,0.463903,0.661637,,,All
,,0.464426,0.661893,,,All
,,0.464769,0.662148,,,All
,,0.465805,0.662404,,,All
,,0.466655,0.66266,,,All
,,0.466708,0.662916,,,All
,,0.46691,0.663171,,,All
,,0.467054,0.663427,,,All
,,0.467657,0.663683,,,All
,,0.467851,0.663939,,,All
,,0.467945,0.664194,,,All
,,0.468159,0.66445,,,All
,,0.468492,0.664706,,,All
,,0.470745,0.664962,,,All
,,0.471348,0.665217,,,All
,,0.473475,0.665473,,,All
,,0.475368,0.665729,,,All
,,0.475625,0.665985,,,All
,,0.476429,0.66624,,,All
,,0.477893,0.666496,,,All
,,0.478713,0.666752,,,All
,,0.478812,0.667008,,,All
,,0.479602,0.667263,,,All
,,0.480481,0.667519,,,All
,,0.481143,0.667775,,,All
,,0.482282,0.668031,,,All
,,0.484293,0.668286,,,All
,,0.485258,0.668542,,,All
,,0.485969,0.668798,,,All
,,0.486549,0.669054,,,All
,,0.48679,0.669309,,,All
,,0.487278,0.669565,,,All
,,0.487338,0.669821,,,All
,,0.488592,0.670077,,,All
,,0.488871,0.670332,,,All
,,0.489889,0.670588,,,All
,,0.491123,0.670844,,,All
,,0.491295,0.6711,,,All
,,0.491373,0.671355,,,All
,,0.49162,0.671611,,,All
,,0.491661,0.671867,,,All
,,0.492248,0.672123,,,All
,,0.492404,0.672379,,,All
,,0.49455,0.672634,,,All
,,0.494867,0.67289,,,All
,,0.496646,0.673146,,,All
,,0.496774,0.673402,,,All
,,0.496952,0.673657,,,All
,,0.497974,0.673913,,,All
,,0.499388,0.674169,,,All
,,0.499917,0.674425,,,All
,,0.500124,0.67468,,,All
,,0.500356,0.674936,,,All
,,0.50057,0.675192,,,All
,,0.501368,0.675448,,,All
,,0.501388,0.675703,,,All
,,0.502702,0.675959,,,All
,,0.503688,0.676215,,,All
,,0.504102,0.676471,,,All
,,0.50417,0.676726,,,All
,,0.504485,0.676982,,,All
,,0.50464,0.677238,,,All
,,0.504775,0.677494,,,All
,,0.506032,0.677749,,,All
,,0.506894,0.678005,,,All
,,0.507322,0.678261,,,All
,,0.508277,0.678517,,,All
,,0.508377,0.678772,,,All
,,0.508554,0.679028,,,All
,,0.509174,0.679284,,,All
,,0.509747,0.67954,,,All
,,0.510359,0.679795,,,All
,,0.510612,0.680051,,,All
,,0.511665,0.680307,,,All
,,0.512919,0.680563,,,All
,,0.513487,0.680818,,,All
,,0.513905,0.681074,,,All
,,0.514166,0.68133,,,All
,,0.514612,0.681586,,,All
,,0.515053,0.681841,,,All
,,0.515779,0.682097,,,All
,,0.516491,0.682353,,,All
,,0.517654,0.682609,,,All
,,0.517665,0.682864,,,All
,,0.518088,0.68312,,,All
,,0.518205,0.683376,,,All
,,0.518395,0.683632,,,All
,,0.518882,0.683887,,,All
,,0.519156,0.684143,,,All
,,0.519912,0.684399,,,All
,,0.520535,0.684655,,,All
,,0.520773,0.68491,,,All
,,0.521175,0.685166,,,All
,,0.521216,0.685422,,,All
,,0.522553,0.685678,,,All
,,0.523694,0.685934,,,All
,,0.524344,0.686189,,,All
,,0.525068,0.686445,,,All
,,0.525873,0.686701,,,All
,,0.526201,0.686957,,,All
,,0.526806,0.687212,,,All
,,0.527859,0.687468,,,All
,,0.527972,0.687724,,,All
,,0.529187,0.68798,,,All
,,0.531462,0.688235,,,All
,,0.532149,0.688491,,,All
,,0.532545,0.688747,,,All
,,0.532625,0.689003,,,All
,,0.533098,0.689258,,,All
,,0.533563,0.689514,,,All
,,0.534129,0.68977,,,All
,,0.534407,0.690026,,,All
,,0.536159,0.690281,,,All
,,0.537408,0.690537,,,All
,,0.537488,0.690793,,,All
,,0.537533,0.691049,,,All
,,0.53819,0.691304,,,All
,,0.538291,0.69156,,,All
,,0.539345,0.691816,,,All
,,0.539651,0.692072,,,All
,,0.540075,0.692327,,,All
,,0.54086,0.692583,,,All
,,0.540883,0.692839,,,All
,,0.543047,0.693095,,,All
,,0.54395,0.69335,,,All
,,0.544259,0.693606,,,All
,,0.544507,0.693862,,,All
,,0.544649,0.694118,,,All
,,0.54471,0.694373,,,All
,,0.545204,0.694629,,,All
,,0.545423,0.694885,,,All
,,0.545876,0.695141,,,All
,,0.546173,0.695396,,,All
,,0.546529,0.695652,,,All
,,0.546859,0.695908,,,All
,,0.54814,0.696164,,,All
,,0.548876,0.696419,,,All
,,0.549028,0.696675,,,All
,,0.550131,0.696931,,,All
,,0.551772,0.697187,,,All
,,0.552799,0.697442,,,All
,,0.552916,0.697698,,,All
,,0.552999,0.697954,,,All
,,0.553081,0.69821,,,All
,,0.554441,0.698465,,,All
,,0.556449,0.698721,,,All
,,0.556561,0.698977,,,All
,,0.556737,0.699233,,,All
,,0.556916,0.699488,,,All
,,0.55737,0.699744,,,All
,,0.557382,0.7,,,All
,,0.559218,0.700256,,,All
,,0.559239,0.700512,,,All
,,0.559811,0.700767,,,All
,,0.560981,0.701023,,,All
,,0.561546,0.701279,,,All
,,0.561675,0.701535,,,All
,,0.562534,0.70179,,,All
,,0.563955,0.702046,,,All
,,0.564337,0.702302,,,All
,,0.565628,0.702558,,,All
,,0.566197,0.702813,,,All
,,0.56657,0.703069,,,All
,,0.569189,0.703325,,,All
,,0.569454,0.703581,,,All
,,0.569738,0.703836,,,All
,,0.57251,0.704092,,,All
,,0.57374,0.704348,,,All
,,0.57417,0.704604,,,All
,,0.574642,0.704859,,,All
,,0.574821,0.705115,,,All
,,0.575051,0.705371,,,All
,,0.575344,0.705627,,,All
,,0.575623,0.705882,,,All
,,0.576786,0.706138,,,All
,,0.580043,0.706394,,,All
,,0.580593,0.70665,,,All
,,0.581035,0.706905,,,All
,,0.581107,0.707161,,,All
,,0.581202,0.707417,,,All
,,0.581615,0.707673,,,All
,,0.582671,0.707928,,,All
,,0.584507,0.708184,,,All
,,0.585816,0.70844,,,All
,,0.587291,0.708696,,,All
,,0.588131,0.708951,,,All
,,0.588669,0.709207,,,All
,,0.589851,0.709463,,,All
,,0.593031,0.709719,,,All
,,0.593215,0.709974,,,All
,,0.593368,0.71023,,,All
,,0.594149,0.710486,,,All
,,0.594185,0.710742,,,All
,,0.594241,0.710997,,,All
,,0.594422,0.711253,,,All
,,0.596323,0.711509,,,All
,,0.597476,0.711765,,,All
,,0.597569,0.71202,,,All
,,0.598639,0.712276,,,All
,,0.599755,0.712532,,,All
,,0.600137,0.712788,,,All
,,0.60087,0.713043,,,All
,,0.60101,0.713299,,,All
,,0.601073,0.713555,,,All
,,0.601119,0.713811,,,All
,,0.601868,0.714066,,,All
,,0.603057,0.714322,,,All
,,0.603814,0.714578,,,All
,,0.606355,0.714834,,,All
,,0.606669,0.71509,,,All
,,0.607266,0.715345,,,All
,,0.60837,0.715601,,,All
,,0.609319,0.715857,,,All
,,0.609322,0.716113,,,All
,,0.610006,0.716368,,,All
,,0.610612,0.716624,,,All
,,0.610669,0.71688,,,All
,,0.61172,0.717136,,,All
,,0.612111,0.717391,,,All
,,0.612446,0.717647,,,All
,,0.612886,0.717903,,,All
,,0.613392,0.718159,,,All
,,0.614003,0.718414,,,All
,,0.614029,0.71867,,,All
,,0.61437,0.718926,,,All
,,0.614387,0.719182,,,All
,,0.614629,0.719437,,,All
,,0.615739,0.719693,,,All
,,0.615812,0.719949,,,All
,,0.616096,0.720205,,,All
,,0.616486,0.72046,,,All
,,0.617738,0.720716,,,All
,,0.617761,0.720972,,,All
,,0.617985,0.721228,,,All
,,0.619499,0.721483,,,All
,,0.619708,0.721739,,,All
,,0.620293,0.721995,,,All
,,0.620761,0.722251,,,All
,,0.62209,0.722506,,,All
,,0.622714,0.722762,,,All
,,0.623587,0.723018,,,All
,,0.623625,0.723274,,,All
,,0.623795,0.723529,,,All
,,0.623962,0.723785,,,All
,,0.624919,0.724041,,,All
,,0.625815,0.724297,,,All
,,0.627411,0.724552,,,All
,,0.627936,0.724808,,,All
,,0.627988,0.725064,,,All
,,0.628232,0.72532,,,All
,,0.628376,0.725575,,,All
,,0.629183,0.725831,,,All
,,0.631494,0.726087,,,All
,,0.631826,0.726343,,,All
,,0.631933,0.726598,,,All
,,0.632292,0.726854,,,All
,,0.632328,0.72711,,,All
,,0.633375,0.727366,,,All
,,0.63605,0.727621,,,All
,,0.636369,0.727877,,,All
,,0.637134,0.728133,,,All
,,0.637322,0.728389,,,All
,,0.638884,0.728645,,,All
,,0.63939,0.7289,,,All
,,0.639679,0.729156,,,All
,,0.639794,0.729412,,,All
,,0.640609,0.729668,,,All
,,0.641461,0.729923,,,All
,,0.641514,0.730179,,,All
,,0.6429,0.730435,,,All
,,0.643512,0.730691,,,All
,,0.644259,0.730946,,,All
,,0.644527,0.731202,,,All
,,0.644699,0.731458,,,All
,,0.646499,0.731714,,,All
,,0.647628,0.731969,,,All
,,0.648771,0.732225,,,All
,,0.64891,0.732481,,,All
,,0.649546,0.732737,,,All
,,0.650206,0.732992,,,All
,,0.651274,0.733248,,,All
,,0.651362,0.733504,,,All
,,0.652685,0.73376,,,All
,,0.652819,0.734015,,,All
,,0.653913,0.734271,,,All
,,0.656631,0.734527,,,All
,,0.657059,0.734783,,,All
,,0.657341,0.735038,,,All
,,0.657528,0.735294,,,All
,,0.659071,0.73555,,,All
,,0.659231,0.735806,,,All
,,0.659587,0.736061,,,All
,,0.660266,0.736317,,,All
,,0.660697,0.736573,,,All
,,0.661357,0.736829,,,All
,,0.662143,0.737084,,,All
,,0.663269,0.73734,,,All
,,0.663484,0.737596,,,All
,,0.664087,0.737852,,,All
,,0.664126,0.738107,,,All
,,0.665254,0.738363,,,All
,,0.666306,0.738619,,,All
,,0.666681,0.738875,,,All
,,0.667159,0.73913,,,All
,,0.667172,0.739386,,,All
,,0.667358,0.739642,,,All
,,0.66738,0.739898,,,All
,,0.667539,0.740153,,,All
,,0.667907,0.740409,,,All
,,0.669099,0.740665,,,All
,,0.669437,0.740921,,,All
,,0.670577,0.741176,,,All
,,0.671346,0.741432,,,All
,,0.672032,0.741688,,,All
,,0.672189,0.741944,,,All
,,0.672351,0.742199,,,All
,,0.672463,0.742455,,,All
,,0.672561,0.742711,,,All
,,0.674749,0.742967,,,All
,,0.675452,0.743223,,,All
,,0.675925,0.743478,,,All
,,0.675929,0.743734,,,All
,,0.675964,0.74399,,,All
,,0.677131,0.744246,,,All
,,0.677426,0.744501,,,All
,,0.678033,0.744757,,,All
,,0.679088,0.745013,,,All
,,0.679949,0.745269,,,All
,,0.681226,0.745524,,,All
,,0.681287,0.74578,,,All
,,0.681912,0.746036,,,All
,,0.682333,0.746292,,,All
,,0.682989,0.746547,,,All
,,0.684528,0.746803,,,All
,,0.685043,0.747059,,,All
,,0.685238,0.747315,,,All
,,0.686046,0.74757,,,All
,,0.686562,0.747826,,,All
,,0.687084,0.748082,,,All
,,0.687128,0.748338,,,All
,,0.687707,0.748593,,,All
,,0.688306,0.748849,,,All
,,0.688779,0.749105,,,All
,,0.688797,0.749361,,,All
,,0.68908,0.749616,,,All
,,0.690052,0.749872,,,All
,,0.690309,0.750128,,,All
,,0.691832,0.750384,,,All
,,0.692724,0.750639,,,All
,,0.693438,0.750895,,,All
,,0.693648,0.751151,,,All
,,0.694005,0.751407,,,All
,,0.694492,0.751662,,,All
,,0.695725,0.751918,,,All
,,0.696589,0.752174,,,All
,,0.697756,0.75243,,,All
,,0.698006,0.752685,,,All
,,0.698038,0.752941,,,All
,,0.699017,0.753197,,,All
,,0.69963,0.753453,,,All
,,0.702205,0.753708,,,All
,,0.703011,0.753964,,,All
,,0.703615,0.75422,,,All
,,0.706082,0.754476,,,All
,,0.707286,0.754731,,,All
,,0.707644,0.754987,,,All
,,0.707707,0.755243,,,All
,,0.708864,0.755499,,,All
,,0.709338,0.755754,,,All
,,0.709574,0.75601,,,All
,,0.712694,0.756266,,,All
,,0.713595,0.756522,,,All
,,0.714913,0.756777,,,All
,,0.716599,0.757033,,,All
,,0.716716,0.757289,,,All
,,0.717984,0.757545,,,All
,,0.718245,0.757801,,,All
,,0.718672,0.758056,,,All
,,0.718838,0.758312,,,All
,,0.722407,0.758568,,,All
,,0.724353,0.758824,,,All
,,0.724615,0.759079,,,All
,,0.724698,0.759335,,,All
,,0.724808,0.759591,,,All
,,0.725494,0.759847,,,All
,,0.728523,0.760102,,,All
,,0.729369,0.760358,,,All
,,0.730047,0.760614,,,All
,,0.730956,0.76087,,,All
,,0.731152,0.761125,,,All
,,0.731856,0.761381,,,All
,,0.732032,0.761637,,,All
,,0.732288,0.761893,,,All
,,0.732403,0.762148,,,All
,,0.732852,0.762404,,,All
,,0.733657,0.76266,,,All
,,0.734586,0.762916,,,All
,,0.73552,0.763171,,,All
,,0.735586,0.763427,,,All
,,0.73737,0.763683,,,All
,,0.739345,0.763939,,,All
,,0.739565,0.764194,,,All
,,0.739907,0.76445,,,All
,,0.741225,0.764706,,,All
,,0.741277,0.764962,,,All
,,0.741313,0.765217,,,All
,,0.741559,0.765473,,,All
,,0.742613,0.765729,,,All
,,0.743782,0.765985,,,All
,,0.744121,0.76624,,,All
,,0.74417,0.766496,,,All
,,0.745126,0.766752,,,All
,,0.745498,0.767008,,,All
,,0.745831,0.767263,,,All
,,0.745935,0.767519,,,All
,,0.747402,0.767775,,,All
,,0.747714,0.768031,,,All
,,0.74808,0.768286,,,All
,,0.748497,0.768542,,,All
,,0.751303,0.768798,,,All
,,0.751481,0.769054,,,All
,,0.751761,0.769309,,,All
,,0.752162,0.769565,,,All
,,0.753331,0.769821,,,All
,,0.753601,0.770077,,,All
,,0.754632,0.770332,,,All
,,0.756216,0.770588,,,All
,,0.756247,0.770844,,,All
,,0.756324,0.7711,,,All
,,0.756331,0.771355,,,All
,,0.756971,0.771611,,,All
,,0.757034,0.771867,,,All
,,0.75779,0.772123,,,All
,,0.757918,0.772379,,,All
,,0.757985,0.772634,,,All
,,0.758618,0.77289,,,All
,,0.760487,0.773146,,,All
,,0.76153,0.773402,,,All
,,0.762295,0.773657,,,All
,,0.762672,0.773913,,,All
,,0.763797,0.774169,,,All
,,0.76428,0.774425,,,All
,,0.765361,0.77468,,,All
,,0.766455,0.774936,,,All
,,0.767111,0.775192,,,All
,,0.771215,0.775448,,,All
,,0.771488,0.775703,,,All
,,0.773312,0.775959,,,All
,,0.773908,0.776215,,,All
,,0.77518,0.776471,,,All
,,0.776182,0.776726,,,All
,,0.776308,0.776982,,,All
,,0.776619,0.777238,,,All
,,0.777003,0.777494,,,All
,,0.777372,0.777749,,,All
,,0.777414,0.778005,,,All
,,0.777925,0.778261,,,All
,,0.778789,0.778517,,,All
,,0.779221,0.778772,,,All
,,0.780541,0.779028,,,All
,,0.781905,0.779284,,,All
,,0.782065,0.77954,,,All
,,0.782504,0.779795,,,All
,,0.78369,0.780051,,,All
,,0.784718,0.780307,,,All
,,0.785666,0.780563,,,All
,,0.785691,0.780818,,,All
,,0.787206,0.781074,,,All
,,0.787931,0.78133,,,All
,,0.788311,0.781586,,,All
,,0.788866,0.781841,,,All
,,0.789525,0.782097,,,All
,,0.789971,0.782353,,,All
,,0.790295,0.782609,,,All
,,0.790489,0.782864,,,All
,,0.79067,0.78312,,,All
,,0.790983,0.783376,,,All
,,0.791031,0.783632,,,All
,,0.791222,0.783887,,,All
,,0.794398,0.784143,,,All
,,0.79486,0.784399,,,All
,,0.794973,0.784655,,,All
,,0.795406,0.78491,,,All
,,0.796102,0.785166,,,All
,,0.79726,0.785422,,,All
,,0.79749,0.785678,,,All
,,0.800118,0.785934,,,All
,,0.80105,0.786189,,,All
,,0.801418,0.786445,,,All
,,0.801918,0.786701,,,All
,,0.801943,0.786957,,,All
,,0.80284,0.787212,,,All
,,0.80347,0.787468,,,All
,,0.803833,0.787724,,,All
,,0.803859,0.78798,,,All
,,0.804219,0.788235,,,All
,,0.804631,0.788491,,,All
,,0.806182,0.788747,,,All
,,0.80629,0.789003,,,All
,,0.807271,0.789258,,,All
,,0.80754,0.789514,,,All
,,0.807756,0.78977,,,All
,,0.808131,0.790026,,,All
,,0.809523,0.790281,,,All
,,0.811927,0.790537,,,All
,,0.811959,0.790793,,,All
,,0.812102,0.791049,,,All
,,0.813163,0.791304,,,All
,,0.813716,0.79156,,,All
,,0.815096,0.791816,,,All
,,0.815716,0.792072,,,All
,,0.815841,0.792327,,,All
,,0.816121,0.792583,,,All
,,0.817154,0.792839,,,All
,,0.818923,0.793095,,,All
,,0.820489,0.79335,,,All
,,0.821574,0.793606,,,All
,,0.821918,0.793862,,,All
,,0.825038,0.794118,,,All
,,0.825057,0.794373,,,All
,,0.825101,0.794629,,,All
,,0.825248,0.794885,,,All
,,0.827305,0.795141,,,All
,,0.827605,0.795396,,,All
,,0.827904,0.795652,,,All
,,0.829082,0.795908,,,All
,,0.829716,0.796164,,,All
,,0.829813,0.796419,,,All
,,0.830545,0.796675,,,All
,,0.830888,0.796931,,,All
,,0.831225,0.797187,,,All
,,0.831368,0.797442,,,All
,,0.831697,0.797698,,,All
,,0.832304,0.797954,,,All
,,0.833525,0.79821,,,All
,,0.834559,0.798465,,,All
,,0.835246,0.798721,,,All
,,0.835289,0.798977,,,All
,,0.835366,0.799233,,,All
,,0.836588,0.799488,,,All
,,0.837686,0.799744,,,All
,,0.838489,0.8,,,All
,,0.838768,0.800256,,,All
,,0.839201,0.800512,,,All
,,0.840362,0.800767,,,All
,,0.840431,0.801023,,,All
,,0.84053,0.801279,,,All
,,0.841127,0.801535,,,All
,,0.842193,0.80179,,,All
,,0.843371,0.802046,,,All
,,0.843456,0.802302,,,All
,,0.844747,0.802558,,,All
,,0.845466,0.802813,,,All
,,0.846052,0.803069,,,All
,,0.847005,0.803325,,,All
,,0.84703,0.803581,,,All
,,0.847044,0.803836,,,All
,,0.847417,0.804092,,,All
,,0.848746,0.804348,,,All
,,0.849825,0.804604,,,All
,,0.851054,0.804859,,,All
,,0.85136,0.805115,,,All
,,0.851421,0.805371,,,All
,,0.851621,0.805627,,,All
,,0.851715,0.805882,,,All
,,0.85263,0.806138,,,All
,,0.853073,0.806394,,,All
,,0.854267,0.80665,,,All
,,0.85433,0.806905,,,All
,,0.855549,0.807161,,,All
,,0.857125,0.807417,,,All
,,0.857919,0.807673,,,All
,,0.857993,0.807928,,,All
,,0.858453,0.808184,,,All
,,0.861537,0.80844,,,All
,,0.862123,0.808696,,,All
,,0.86317,0.808951,,,All
,,0.863779,0.809207,,,All
,,0.864147,0.809463,,,All
,,0.865815,0.809719,,,All
,,0.866001,0.809974,,,All
,,0.868136,0.81023,,,All
,,0.868225,0.810486,,,All
,,0.870289,0.810742,,,All
,,0.870334,0.810997,,,All
,,0.870584,0.811253,,,All
,,0.870944,0.811509,,,All
,,0.871006,0.811765,,,All
,,0.871497,0.81202,,,All
,,0.8716,0.812276,,,All
,,0.871884,0.812532,,,All
,,0.872191,0.812788,,,All
,,0.875191,0.813043,,,All
,,0.875296,0.813299,,,All
,,0.875491,0.813555,,,All
,,0.875782,0.813811,,,All
,,0.875957,0.814066,,,All
,,0.877081,0.814322,,,All
,,0.877135,0.814578,,,All
,,0.877429,0.814834,,,All
,,0.879065,0.81509,,,All
,,0.879415,0.815345,,,All
,,0.879567,0.815601,,,All
,,0.880263,0.815857,,,All
,,0.881104,0.816113,,,All
,,0.881148,0.816368,,,All
,,0.882331,0.816624,,,All
,,0.885717,0.81688,,,All
,,0.885909,0.817136,,,All
,,0.886454,0.817391,,,All
,,0.88695,0.817647,,,All
,,0.88811,0.817903,,,All
,,0.890671,0.818159,,,All
,,0.891278,0.818414,,,All
,,0.89133,0.81867,,,All
,,0.892082,0.818926,,,All
,,0.892204,0.819182,,,All
,,0.894199,0.819437,,,All
,,0.896175,0.819693,,,All
,,0.89977,0.819949,,,All
,,0.900658,0.820205,,,All
,,0.900932,0.82046,,,All
,,0.901683,0.820716,,,All
,,0.901828,0.820972,,,All
,,0.902448,0.821228,,,All
,,0.902725,0.821483,,,All
,,0.903344,0.821739,,,All
,,0.90374,0.821995,,,All
,,0.904772,0.822251,,,All
,,0.905021,0.822506,,,All
,,0.906236,0.822762,,,All
,,0.906865,0.823018,,,All
,,0.906911,0.823274,,,All
,,0.907431,0.823529,,,All
,,0.907813,0.823785,,,All
,,0.908302,0.824041,,,All
,,0.909219,0.824297,,,All
,,0.911793,0.824552,,,All
,,0.912172,0.824808,,,All
,,0.912374,0.825064,,,All
,,0.912778,0.82532,,,All
,,0.914527,0.825575,,,All
,,0.915981,0.825831,,,All
,,0.917365,0.826087,,,All
,,0.917493,0.826343,,,All
,,0.918016,0.826598,,,All
,,0.919117,0.826854,,,All
,,0.919322,0.82711,,,All
,,0.91975,0.827366,,,All
,,0.920706,0.827621,,,All
,,0.921731,0.827877,,,All
,,0.922,0.828133,,,All
,,0.924883,0.828389,,,All
,,0.925464,0.828645,,,All
,,0.925907,0.8289,,,All
,,0.926439,0.829156,,,All
,,0.927183,0.829412,,,All
,,0.928635,0.829668,,,All
,,0.929669,0.829923,,,All
,,0.930744,0.830179,,,All
,,0.931219,0.830435,,,All
,,0.931336,0.830691,,,All
,,0.931818,0.830946,,,All
,,0.932415,0.831202,,,All
,,0.933545,0.831458,,,All
,,0.933787,0.831714,,,All
,,0.934179,0.831969,,,All
,,0.934387,0.832225,,,All
,,0.935824,0.832481,,,All
,,0.939393,0.832737,,,All
,,0.939735,0.832992,,,All
,,0.940005,0.833248,,,All
,,0.941177,0.833504,,,All
,,0.941247,0.83376,,,All
,,0.942746,0.834015,,,All
,,0.945574,0.834271,,,All
,,0.945759,0.834527,,,All
,,0.94842,0.834783,,,All
,,0.9491,0.835038,,,All
,,0.949538,0.835294,,,All
,,0.950623,0.83555,,,All
,,0.951121,0.835806,,,All
,,0.951385,0.836061,,,All
,,0.951826,0.836317,,,All
,,0.952267,0.836573,,,All
,,0.952786,0.836829,,,All
,,0.952897,0.837084,,,All
,,0.955577,0.83734,,,All
,,0.955842,0.837596,,,All
,,0.958397,0.837852,,,All
,,0.958925,0.838107,,,All
,,0.960057,0.838363,,,All
,,0.960427,0.838619,,,All
,,0.961567,0.838875,,,All
,,0.963742,0.83913,,,All
,,0.965089,0.839386,,,All
,,0.965494,0.839642,,,All
,,0.965649,0.839898,,,All
,,0.965792,0.840153,,,All
,,0.966477,0.840409,,,All
,,0.967075,0.840665,,,All
,,0.967498,0.840921,,,All
,,0.968995,0.841176,,,All
,,0.969012,0.841432,,,All
,,0.973236,0.841688,,,All
,,0.973941,0.841944,,,All
,,0.974064,0.842199,,,All
,,0.974729,0.842455,,,All
,,0.976063,0.842711,,,All
,,0.976933,0.842967,,,All
,,0.977764,0.843223,,,All
,,0.978136,0.843478,,,All
,,0.979142,0.843734,,,All
,,0.980195,0.84399,,,All
,,0.980765,0.844246,,,All
,,0.981478,0.844501,,,All
,,0.981814,0.844757,,,All
,,0.982647,0.845013,,,All
,,0.983446,0.845269,,,All
,,0.98422,0.845524,,,All
,,0.98464,0.84578,,,All
,,0.985781,0.846036,,,All
,,0.986705,0.846292,,,All
,,0.988336,0.846547,,,All
,,0.990922,0.846803,,,All
,,0.990946,0.847059,,,All
,,0.991309,0.847315,,,All
,,0.992414,0.84757,,,All
,,0.993602,0.847826,,,All
,,0.995714,0.848082,,,All
,,0.996319,0.848338,,,All
,,0.997481,0.848593,,,All
,,0.997635,0.848849,,,All
,,0.998279,0.849105,,,All
,,0.999587,0.849361,,,All
,,1.00146,0.849616,,,All
,,1.00236,0.849872,,,All
,,1.00317,0.850128,,,All
,,1.00471,0.850384,,,All
,,1.00543,0.850639,,,All
,,1.00587,0.850895,,,All
,,1.00748,0.851151,,,All
,,1.00786,0.851407,,,All
,,1.00799,0.851662,,,All
,,1.00843,0.851918,,,All
,,1.00987,0.852174,,,All
,,1.00993,0.85243,,,All
,,1.01039,0.852685,,,All
,,1.01071,0.852941,,,All
,,1.01229,0.853197,,,All
,,1.01491,0.853453,,,All
,,1.01577,0.853708,,,All
,,1.01592,0.853964,,,All
,,1.0169,0.85422,,,All
,,1.01714,0.854476,,,All
,,1.01737,0.854731,,,All
,,1.01739,0.854987,,,All
,,1.0185,0.855243,,,All
,,1.0186,0.855499,,,All
,,1.0187,0.855754,,,All
,,1.01903,0.85601,,,All
,,1.02062,0.856266,,,All
,,1.02103,0.856522,,,All
,,1.02163,0.856777,,,All
,,1.02484,0.857033,,,All
,,1.02495,0.857289,,,All
,,1.02619,0.857545,,,All
,,1.02736,0.857801,,,All
,,1.02779,0.858056,,,All
,,1.02786,0.858312,,,All
,,1.02868,0.858568,,,All
,,1.02996,0.858824,,,All
,,1.03018,0.859079,,,All
,,1.0305,0.859335,,,All
,,1.0313,0.859591,,,All
,,1.03144,0.859847,,,All
,,1.03231,0.860102,,,All
,,1.03238,0.860358,,,All
,,1.03363,0.860614,,,All
,,1.03376,0.86087,,,All
,,1.03547,0.861125,,,All
,,1.03712,0.861381,,,All
,,1.03715,0.861637,,,All
,,1.03837,0.861893,,,All
,,1.03892,0.862148,,,All
,,1.04012,0.862404,,,All
,,1.04039,0.86266,,,All
,,1.04076,0.862916,,,All
,,1.0419,0.863171,,,All
,,1.04299,0.863427,,,All
,,1.04354,0.863683,,,All
,,1.04486,0.863939,,,All
,,1.0449,0.864194,,,All
,,1.04737,0.86445,,,All
,,1.04793,0.864706,,,All
,,1.04849,0.864962,,,All
,,1.04853,0.865217,,,All
,,1.04861,0.865473,,,All
,,1.04921,0.865729,,,All
,,1.04967,0.865985,,,All
,,1.04984,0.86624,,,All
,,1.05025,0.866496,,,All
,,1.05094,0.866752,,,All
,,1.05112,0.867008,,,All
,,1.05256,0.867263,,,All
,,1.05511,0.867519,,,All
,,1.0552,0.867775,,,All
,,1.05534,0.868031,,,All
,,1.05561,0.868286,,,All
,,1.0587,0.868542,,,All
,,1.06133,0.868798,,,All
,,1.0618,0.869054,,,All
,,1.0651,0.869309,,,All
,,1.06572,0.869565,,,All
,,1.06584,0.869821,,,All
,,1.06682,0.870077,,,All
,,1.06775,0.870332,,,All
,,1.0682,0.870588,,,All
,,1.07018,0.870844,,,All
,,1.07283,0.8711,,,All
,,1.07576,0.871355,,,All
,,1.07589,0.871611,,,All
,,1.0771,0.871867,,,All
,,1.07755,0.872123,,,All
,,1.07757,0.872379,,,All
,,1.07822,0.872634,,,All
,,1.08034,0.87289,,,All
,,1.0807,0.873146,,,All
,,1.08176,0.873402,,,All
,,1.08433,0.873657,,,All
,,1.08908,0.873913,,,All
,,1.08945,0.874169,,,All
,,1.08955,0.874425,,,All
,,1.0902,0.87468,,,All
,,1.09245,0.874936,,,All
,,1.09255,0.875192,,,All
,,1.09282,0.875448,,,All
,,1.09446,0.875703,,,All
,,1.09631,0.875959,,,All
,,1.09753,0.876215,,,All
,,1.09762,0.876471,,,All
,,1.09789,0.876726,,,All
,,1.0982,0.876982,,,All
,,1.09952,0.877238,,,All
,,1.09959,0.877494,,,All
,,1.10054,0.877749,,,All
,,1.10287,0.878005,,,All
,,1.10397,0.878261,,,All
,,1.1043,0.878517,,,All
,,1.10592,0.878772,,,All
,,1.11315,0.879028,,,All
,,1.11575,0.879284,,,All
,,1.12084,0.87954,,,All
,,1.12256,0.879795,,,All
,,1.12428,0.880051,,,All
,,1.12553,0.880307,,,All
,,1.12627,0.880563,,,All
,,1.12913,0.880818,,,All
,,1.13035,0.881074,,,All
,,1.13062,0.88133,,,All
,,1.1309,0.881586,,,All
,,1.13154,0.881841,,,All
,,1.13242,0.882097,,,All
,,1.13437,0.882353,,,All
,,1.13589,0.882609,,,All
,,1.13687,0.882864,,,All
,,1.1372,0.88312,,,All
,,1.13804,0.883376,,,All
,,1.13839,0.883632,,,All
,,1.13872,0.883887,,,All
,,1.14069,0.884143,,,All
,,1.14209,0.884399,,,All
,,1.1424,0.884655,,,All
,,1.1458,0.88491,,,All
,,1.146,0.885166,,,All
,,1.14603,0.885422,,,All
,,1.14735,0.885678,,,All
,,1.14751,0.885934,,,All
,,1.14832,0.886189,,,All
,,1.15128,0.886445,,,All
,,1.15371,0.886701,,,All
,,1.15375,0.886957,,,All
,,1.1541,0.887212,,,All
,,1.15411,0.887468,,,All
,,1.15558,0.887724,,,All
,,1.15642,0.88798,,,All
,,1.15647,0.888235,,,All
,,1.15956,0.888491,,,All
,,1.16399,0.888747,,,All
,,1.16414,0.889003,,,All
,,1.16476,0.889258,,,All
,,1.16493,0.889514,,,All
,,1.16659,0.88977,,,All
,,1.16686,0.890026,,,All
,,1.16782,0.890281,,,All
,,1.16924,0.890537,,,All
,,1.16943,0.890793,,,All
,,1.16957,0.891049,,,All
,,1.1699,0.891304,,,All
,,1.1705,0.89156,,,All
,,1.17092,0.891816,,,All
,,1.17105,0.892072,,,All
,,1.17153,0.892327,,,All
,,1.17191,0.892583,,,All
,,1.1732,0.892839,,,All
,,1.17421,0.893095,,,All
,,1.17435,0.89335,,,All
,,1.17493,0.893606,,,All
,,1.17609,0.893862,,,All
,,1.17725,0.894118,,,All
,,1.17742,0.894373,,,All
,,1.17766,0.894629,,,All
,,1.17857,0.894885,,,All
,,1.18078,0.895141,,,All
,,1.18096,0.895396,,,All
,,1.18186,0.895652,,,All
,,1.18356,0.895908,,,All
,,1.18509,0.896164,,,All
,,1.18573,0.896419,,,All
,,1.18829,0.896675,,,All
,,1.1883,0.896931,,,All
,,1.1886,0.897187,,,All
,,1.18919,0.897442,,,All
,,1.19116,0.897698,,,All
,,1.1941,0.897954,,,All
,,1.19564,0.89821,,,All
,,1.19737,0.898465,,,All
,,1.19906,0.898721,,,All
,,1.20074,0.898977,,,All
,,1.20078,0.899233,,,All
,,1.20167,0.899488,,,All
,,1.20271,0.899744,,,All
,,1.20809,0.9,,,All
,,1.20815,0.900256,,,All
,,1.20964,0.900512,,,All
,,1.21108,0.900767,,,All
,,1.21217,0.901023,,,All
,,1.21315,0.901279,,,All
,,1.21324,0.901535,,,All
,,1.21335,0.90179,,,All
,,1.21342,0.902046,,,All
,,1.21346,0.902302,,,All
,,1.21347,0.902558,,,All
,,1.21367,0.902813,,,All
,,1.2153,0.903069,,,All
,,1.21642,0.903325,,,All
,,1.21775,0.903581,,,All
,,1.21888,0.903836,,,All
,,1.2235,0.904092,,,All
,,1.22383,0.904348,,,All
,,1.22443,0.904604,,,All
,,1.22767,0.904859,,,All
,,1.23012,0.905115,,,All
,,1.23014,0.905371,,,All
,,1.23034,0.905627,,,All
,,1.23073,0.905882,,,All
,,1.23194,0.906138,,,All
,,1.23267,0.906394,,,All
,,1.23512,0.90665,,,All
,,1.23765,0.906905,,,All
,,1.24001,0.907161,,,All
,,1.24047,0.907417,,,All
,,1.24267,0.907673,,,All
,,1.24329,0.907928,,,All
,,1.24482,0.908184,,,All
,,1.24635,0.90844,,,All
,,1.2474,0.908696,,,All
,,1.24776,0.908951,,,All
,,1.25048,0.909207,,,All
,,1.25366,0.909463,,,All
,,1.25653,0.909719,,,All
,,1.25837,0.909974,,,All
,,1.25891,0.91023,,,All
,,1.26104,0.910486,,,All
,,1.26414,0.910742,,,All
,,1.268,0.910997,,,All
,,1.26846,0.911253,,,All
,,1.27139,0.911509,,,All
,,1.27761,0.911765,,,All
,,1.27898,0.91202,,,All
,,1.27969,0.912276,,,All
,,1.28006,0.912532,,,All
,,1.28199,0.912788,,,All
,,1.28404,0.913043,,,All
,,1.28511,0.913299,,,All
,,1.28656,0.913555,,,All
,,1.29023,0.913811,,,All
,,1.29197,0.914066,,,All
,,1.29198,0.914322,,,All
,,1.29347,0.914578,,,All
,,1.29356,0.914834,,,All
,,1.29374,0.91509,,,All
,,1.29383,0.915345,,,All
,,1.29467,0.915601,,,All
,,1.29593,0.915857,,,All
,,1.29692,0.916113,,,All
,,1.29966,0.916368,,,All
,,1.30042,0.916624,,,All
,,1.30145,0.91688,,,All
,,1.30303,0.917136,,,All
,,1.30456,0.917391,,,All
,,1.3051,0.917647,,,All
,,1.30613,0.917903,,,All
,,1.30615,0.918159,,,All
,,1.30673,0.918414,,,All
,,1.31167,0.91867,,,All
,,1.31777,0.918926,,,All
,,1.31852,0.919182,,,All
,,1.31888,0.919437,,,All
,,1.32343,0.919693,,,All
,,1.32829,0.919949,,,All
,,1.33009,0.920205,,,All
,,1.3301,0.92046,,,All
,,1.3302,0.920716,,,All
,,1.33135,0.920972,,,All
,,1.33489,0.921228,,,All
,,1.34034,0.921483,,,All
,,1.34052,0.921739,,,All
,,1.34546,0.921995,,,All
,,1.34951,0.922251,,,All
,,1.35238,0.922506,,,All
,,1.35238,0.922762,,,All
,,1.35279,0.923018,,,All
,,1.35288,0.923274,,,All
,,1.35354,0.923529,,,All
,,1.35482,0.923785,,,All
,,1.35511,0.924041,,,All
,,1.35514,0.924297,,,All
,,1.35577,0.924552,,,All
,,1.35803,0.924808,,,All
,,1.35843,0.925064,,,All
,,1.35948,0.92532,,,All
,,1.36025,0.925575,,,All
,,1.36061,0.925831,,,All
,,1.36271,0.926087,,,All
,,1.36319,0.926343,,,All
,,1.36505,0.926598,,,All
,,1.3667,0.926854,,,All
,,1.37123,0.92711,,,All
,,1.3746,0.927366,,,All
,,1.37468,0.927621,,,All
,,1.37569,0.927877,,,All
,,1.37783,0.928133,,,All
,,1.37904,0.928389,,,All
,,1.38152,0.928645,,,All
,,1.38519,0.9289,,,All
,,1.38734,0.929156,,,All
,,1.39449,0.929412,,,All
,,1.39545,0.929668,,,All
,,1.3963,0.929923,,,All
,,1.39802,0.930179,,,All
,,1.39835,0.930435,,,All
,,1.39975,0.930691,,,All
,,1.40131,0.930946,,,All
,,1.40255,0.931202,,,All
,,1.40262,0.931458,,,All
,,1.40537,0.931714,,,All
,,1.40547,0.931969,,,All
,,1.41479,0.932225,,,All
,,1.41743,0.932481,,,All
,,1.42066,0.932737,,,All
,,1.42294,0.932992,,,All
,,1.42512,0.933248,,,All
,,1.42865,0.933504,,,All
,,1.42908,0.93376,,,All
,,1.43177,0.934015,,,All
,,1.43217,0.934271,,,All
,,1.43522,0.934527,,,All
,,1.43599,0.934783,,,All
,,1.44257,0.935038,,,All
,,1.44452,0.935294,,,All
,,1.44523,0.93555,,,All
,,1.44543,0.935806,,,All
,,1.45273,0.936061,,,All
,,1.4535,0.936317,,,All
,,1.454,0.936573,,,All
,,1.45453,0.936829,,,All
,,1.45621,0.937084,,,All
,,1.45668,0.93734,,,All
,,1.45699,0.937596,,,All
,,1.4577,0.937852,,,All
,,1.46927,0.938107,,,All
,,1.46969,0.938363,,,All
,,1.47525,0.938619,,,All
,,1.47553,0.938875,,,All
,,1.48034,0.93913,,,All
,,1.48355,0.939386,,,All
,,1.48594,0.939642,,,All
,,1.48723,0.939898,,,All
,,1.49144,0.940153,,,All
,,1.49492,0.940409,,,All
,,1.49685,0.940665,,,All
,,1.49713,0.940921,,,All
,,1.49955,0.941176,,,All
,,1.50002,0.941432,,,All
,,1.50126,0.941688,,,All
,,1.50326,0.941944,,,All
,,1.50454,0.942199,,,All
,,1.50469,0.942455,,,All
,,1.505,0.942711,,,All
,,1.50584,0.942967,,,All
,,1.50845,0.943223,,,All
,,1.51132,0.943478,,,All
,,1.51267,0.943734,,,All
,,1.51505,0.94399,,,All
,,1.51758,0.944246,,,All
,,1.51988,0.944501,,,All
,,1.52109,0.944757,,,All
,,1.52953,0.945013,,,All
,,1.53536,0.945269,,,All
,,1.53659,0.945524,,,All
,,1.53986,0.94578,,,All
,,1.54216,0.946036,,,All
,,1.54274,0.946292,,,All
,,1.54732,0.946547,,,All
,,1.55079,0.946803,,,All
,,1.55216,0.947059,,,All
,,1.56123,0.947315,,,All
,,1.56436,0.94757,,,All
,,1.56818,0.947826,,,All
,,1.57008,0.948082,,,All
,,1.57146,0.948338,,,All
,,1.57454,0.948593,,,All
,,1.57495,0.948849,,,All
,,1.5772,0.949105,,,All
,,1.57722,0.949361,,,All
,,1.57747,0.949616,,,All
,,1.57785,0.949872,,,All
,,1.58018,0.950128,,,All
,,1.58129,0.950384,,,All
,,1.58462,0.950639,,,All
,,1.58891,0.950895,,,All
,,1.59011,0.951151,,,All
,,1.59591,0.951407,,,All
,,1.59663,0.951662,,,All
,,1.59853,0.951918,,,All
,,1.60014,0.952174,,,All
,,1.60431,0.95243,,,All
,,1.60444,0.952685,,,All
,,1.6123,0.952941,,,All
,,1.62138,0.953197,,,All
,,1.62279,0.953453,,,All
,,1.62511,0.953708,,,All
,,1.62927,0.953964,,,All
,,1.6357,0.95422,,,All
,,1.63786,0.954476,,,All
,,1.64034,0.954731,,,All
,,1.64062,0.954987,,,All
,,1.64138,0.955243,,,All
,,1.64246,0.955499,,,All
,,1.64462,0.955754,,,All
,,1.6455,0.95601,,,All
,,1.64586,0.956266,,,All
,,1.65055,0.956522,,,All
,,1.65212,0.956777,,,All
,,1.65496,0.957033,,,All
,,1.65821,0.957289,,,All
,,1.66586,0.957545,,,All
,,1.66976,0.957801,,,All
,,1.67001,0.958056,,,All
,,1.67017,0.958312,,,All
,,1.676,0.958568,,,All
,,1.6798,0.958824,,,All
,,1.68165,0.959079,,,All
,,1.68258,0.959335,,,All
,,1.68575,0.959591,,,All
,,1.69475,0.959847,,,All
,,1.69714,0.960102,,,All
,,1.70182,0.960358,,,All
,,1.71196,0.960614,,,All
,,1.71306,0.96087,,,All
,,1.71415,0.961125,,,All
,,1.71631,0.961381,,,All
,,1.71979,0.961637,,,All
,,1.72178,0.961893,,,All
,,1.72348,0.962148,,,All
,,1.72853,0.962404,,,All
,,1.72878,0.96266,,,All
,,1.73279,0.962916,,,All
,,1.73579,0.963171,,,All
,,1.74199,0.963427,,,All
,,1.74606,0.963683,,,All
,,1.74963,0.963939,,,All
,,1.75574,0.964194,,,All
,,1.75767,0.96445,,,All
,,1.76834,0.964706,,,All
,,1.77053,0.964962,,,All
,,1.79305,0.965217,,,All
,,1.79378,0.965473,,,All
,,1.79413,0.965729,,,All
,,1.79532,0.965985,,,All
,,1.79721,0.96624,,,All
,,1.80152,0.966496,,,All
,,1.80728,0.966752,,,All
,,1.80871,0.967008,,,All
,,1.8126,0.967263,,,All
,,1.81811,0.967519,,,All
,,1.81987,0.967775,,,All
,,1.8225,0.968031,,,All
,,1.82315,0.968286,,,All
,,1.82369,0.968542,,,All
,,1.82399,0.968798,,,All
,,1.82504,0.969054,,,All
,,1.82636,0.969309,,,All
,,1.83066,0.969565,,,All
,,1.83978,0.969821,,,All
,,1.84236,0.970077,,,All
,,1.84239,0.970332,,,All
,,1.85304,0.970588,,,All
,,1.85339,0.970844,,,All
,,1.85545,0.9711,,,All
,,1.86259,0.971355,,,All
,,1.87461,0.971611,,,All
,,1.88087,0.971867,,,All
,,1.8879,0.972123,,,All
,,1.89087,0.972379,,,All
,,1.89514,0.972634,,,All
,,1.89637,0.97289,,,All
,,1.89947,0.973146,,,All
,,1.90696,0.973402,,,All
,,1.90973,0.973657,,,All
,,1.91585,0.973913,,,All
,,1.92814,0.974169,,,All
,,1.9312,0.974425,,,All
,,1.93156,0.97468,,,All
,,1.93246,0.974936,,,All
,,1.94682,0.975192,,,All
,,1.95418,0.975448,,,All
,,1.96498,0.975703,,,All
,,1.96729,0.975959,,,All
,,1.98342,0.976215,,,All
,,1.98383,0.976471,,,All
,,1.98721,0.976726,,,All
,,1.99176,0.976982,,,All
,,1.99989,0.977238,,,All
,,2.00824,0.977494,,,All
,,2.01275,0.977749,,,All
,,2.0166,0.978005,,,All
,,2.02481,0.978261,,,All
,,2.03311,0.978517,,,All
,,2.03756,0.978772,,,All
,,2.04128,0.979028,,,All
,,2.06339,0.979284,,,All
,,2.06863,0.97954,,,All
,,2.0704,0.979795,,,All
,,2.07616,0.980051,,,All
,,2.0908,0.980307,,,All
,,2.09783,0.980563,,,All
,,2.10606,0.980818,,,All
,,2.11205,0.981074,,,All
,,2.12097,0.98133,,,All
,,2.12268,0.981586,,,All
,,2.13306,0.981841,,,All
,,2.1382,0.982097,,,All
,,2.14008,0.982353,,,All
,,2.1562,0.982609,,,All
,,2.15964,0.982864,,,All
,,2.16355,0.98312,,,All
,,2.16461,0.983376,,,All
,,2.16842,0.983632,,,All
,,2.16918,0.983887,,,All
,,2.18974,0.984143,,,All
,,2.19092,0.984399,,,All
,,2.19133,0.984655,,,All
,,2.21707,0.98491,,,All
,,2.22182,0.985166,,,All
,,2.22555,0.985422,,,All
,,2.22861,0.985678,,,All
,,2.23165,0.985934,,,All
,,2.2417,0.986189,,,All
,,2.25188,0.986445,,,All
,,2.25766,0.986701,,,All
,,2.27486,0.986957,,,All
,,2.2816,0.987212,,,All
,,2.28306,0.987468,,,All
,,2.29455,0.987724,,,All
,,2.30484,0.98798,,,All
,,2.32682,0.988235,,,All
,,2.33614,0.988491,,,All
,,2.34195,0.988747,,,All
,,2.34545,0.989003,,,All
,,2.34984,0.989258,,,All
,,2.35421,0.989514,,,All
,,2.37604,0.98977,,,All
,,2.37787,0.990026,,,All
,,2.37804,0.990281,,,All
,,2.37996,0.990537,,,All
,,2.40461,0.990793,,,All
,,2.40487,0.991049,,,All
,,2.41066,0.991304,,,All
,,2.45344,0.99156,,,All
,,2.46713,0.991816,,,All
,,2.48269,0.992072,,,All
,,2.50549,0.992327,,,All
,,2.55339,0.992583,,,All
,,2.55494,0.992839,,,All
,,2.5601,0.993095,,,All
,,2.57174,0.99335,,,All
,,2.57749,0.993606,,,All
,,2.59816,0.993862,,,All
,,2.60555,0.994118,,,All
,,2.61092,0.994373,,,All
,,2.63865,0.994629,,,All
,,2.64126,0.994885,,,All
,,2.6477,0.995141,,,All
,,2.68885,0.995396,,,All
,,2.71047,0.995652,,,All
,,2.72533,0.995908,,,All
,,2.7258,0.996164,,,All
,,2.73146,0.996419,,,All
,,2.73483,0.996675,,,All
,,2.84,0.996931,,,All
,,2.99831,0.997187,,,All
,,3.01496,0.997442,,,All
,,4.02141,0.997698,,,All
,,4.02141,0.997954,,,All
,,4.02141,0.99821,,,All
,,4.02141,0.998465,,,All
,,4.02141,0.998721,,,All
,,4.02141,0.998977,,,All
,,4.02141,0.999233,,,All
,,4.02141,0.999488,,,All
,,4.02141,0.999744,,,All
,,4.02141,1,,,All
