pwRes_abscissa,pwRes_cdf,iwRes_abscissa,iwRes_cdf,npde_abscissa,npde_cdf,split
-4,0,-4,0,-4,0,All
-1.23245,0.00255754,-2.42019,0.000255754,-1.46602,0.00255754,All
-1.22539,0.00511509,-2.40478,0.000511509,-1.41986,0.00511509,All
-1.2039,0.00767263,-2.39566,0.000767263,-1.41441,0.00767263,All
-1.19897,0.0102302,-2.38064,0.00102302,-1.38858,0.0102302,All
-1.1448,0.0127877,-2.38063,0.00127877,-1.37112,0.0127877,All
-1.10469,0.0153453,-2.37865,0.00153453,-1.30917,0.0153453,All
-1.09331,0.0179028,-2.36321,0.00179028,-1.27517,0.0179028,All
-1.0911,0.0204604,-2.35735,0.00204604,-1.25905,0.0204604,All
-1.08613,0.0230179,-2.33556,0.00230179,-1.25658,0.0230179,All
-1.08419,0.0255754,-2.33089,0.00255754,-1.24755,0.0255754,All
-1.06228,0.028133,-2.33058,0.0028133,-1.23423,0.028133,All
-1.04881,0.0306905,-2.3095,0.00306905,-1.19773,0.0306905,All
-1.04644,0.0332481,-2.30238,0.00332481,-1.19455,0.0332481,All
-1.04072,0.0358056,-2.28968,0.00358056,-1.19269,0.0358056,All
-1.04017,0.0383632,-2.26461,0.00383632,-1.18336,0.0383632,All
-1.03337,0.0409207,-2.23721,0.00409207,-1.18333,0.0409207,All
-1.02573,0.0434783,-2.23459,0.00434783,-1.15997,0.0434783,All
-1.02451,0.0460358,-2.23335,0.00460358,-1.15837,0.0460358,All
-1.01484,0.0485934,-2.23072,0.00485934,-1.12301,0.0485934,All
-1.00978,0.0511509,-2.22277,0.00511509,-1.11257,0.0511509,All
-1.00897,0.0537084,-2.21744,0.00537084,-1.09561,0.0537084,All
-1.00169,0.056266,-2.20343,0.0056266,-1.09283,0.056266,All
-0.999357,0.0588235,-2.17324,0.00588235,-1.08766,0.0588235,All
-0.998381,0.0613811,-2.17314,0.00613811,-1.05942,0.0613811,All
-0.997641,0.0639386,-2.17219,0.00639386,-1.05234,0.0639386,All
-0.993394,0.0664962,-2.16784,0.00664962,-1.02441,0.0664962,All
-0.992399,0.0690537,-2.151,0.00690537,-1.013,0.0690537,All
-0.9922,0.0716113,-2.15006,0.00716113,-1.01252,0.0716113,All
-0.990166,0.0741688,-2.14366,0.00741688,-1.00978,0.0741688,All
-0.984442,0.0767263,-2.14348,0.00767263,-1.00304,0.0767263,All
-0.981766,0.0792839,-2.13867,0.00792839,-0.998376,0.0792839,All
-0.980379,0.0818414,-2.13618,0.00818414,-0.997819,0.0818414,All
-0.976634,0.084399,-2.13045,0.0084399,-0.984507,0.084399,All
-0.976491,0.0869565,-2.12962,0.00869565,-0.983175,0.0869565,All
-0.975191,0.0895141,-2.12802,0.00895141,-0.981037,0.0895141,All
-0.972959,0.0920716,-2.12231,0.00920716,-0.977335,0.0920716,All
-0.971138,0.0946292,-2.1148,0.00946292,-0.972919,0.0946292,All
-0.966407,0.0971867,-2.11031,0.00971867,-0.970573,0.0971867,All
-0.965229,0.0997442,-2.10479,0.00997442,-0.958646,0.0997442,All
-0.959331,0.102302,-2.10126,0.0102302,-0.949519,0.102302,All
-0.955794,0.104859,-2.0923,0.0104859,-0.937628,0.104859,All
-0.951439,0.107417,-2.08486,0.0107417,-0.93399,0.107417,All
-0.950168,0.109974,-2.07827,0.0109974,-0.931079,0.109974,All
-0.949311,0.112532,-2.07511,0.0112532,-0.929175,0.112532,All
-0.94917,0.11509,-2.07506,0.011509,-0.916995,0.11509,All
-0.94891,0.117647,-2.07336,0.0117647,-0.916872,0.117647,All
-0.939331,0.120205,-2.06996,0.0120205,-0.916354,0.120205,All
-0.93746,0.122762,-2.05828,0.0122762,-0.914918,0.122762,All
-0.93465,0.12532,-2.05586,0.012532,-0.911331,0.12532,All
-0.929999,0.127877,-2.05072,0.0127877,-0.90707,0.127877,All
-0.920724,0.130435,-2.04618,0.0130435,-0.895647,0.130435,All
-0.916394,0.132992,-2.03754,0.0132992,-0.893372,0.132992,All
-0.914417,0.13555,-2.03661,0.013555,-0.889472,0.13555,All
-0.900515,0.138107,-2.03321,0.0138107,-0.877599,0.138107,All
-0.899252,0.140665,-2.03214,0.0140665,-0.876113,0.140665,All
-0.892525,0.143223,-2.03056,0.0143223,-0.87539,0.143223,All
-0.880702,0.14578,-2.02864,0.014578,-0.874527,0.14578,All
-0.88034,0.148338,-2.02781,0.0148338,-0.869156,0.148338,All
-0.876709,0.150895,-2.02636,0.0150895,-0.868032,0.150895,All
-0.876485,0.153453,-2.01496,0.0153453,-0.861701,0.153453,All
-0.870547,0.15601,-2.0124,0.015601,-0.854714,0.15601,All
-0.867111,0.158568,-2.00832,0.0158568,-0.8519,0.158568,All
-0.866707,0.161125,-2.00137,0.0161125,-0.84875,0.161125,All
-0.862679,0.163683,-1.9954,0.0163683,-0.846758,0.163683,All
-0.859015,0.16624,-1.98777,0.016624,-0.84148,0.16624,All
-0.856603,0.168798,-1.98771,0.0168798,-0.834762,0.168798,All
-0.846059,0.171355,-1.9842,0.0171355,-0.828893,0.171355,All
-0.833814,0.173913,-1.97088,0.0173913,-0.819601,0.173913,All
-0.831942,0.176471,-1.96466,0.0176471,-0.819157,0.176471,All
-0.829947,0.179028,-1.96267,0.0179028,-0.816303,0.179028,All
-0.823432,0.181586,-1.96198,0.0181586,-0.807353,0.181586,All
-0.820216,0.184143,-1.95159,0.0184143,-0.806632,0.184143,All
-0.814837,0.186701,-1.94417,0.0186701,-0.802572,0.186701,All
-0.812066,0.189258,-1.93971,0.0189258,-0.796869,0.189258,All
-0.810177,0.191816,-1.93039,0.0191816,-0.795935,0.191816,All
-0.809137,0.194373,-1.92866,0.0194373,-0.792882,0.194373,All
-0.808462,0.196931,-1.92356,0.0196931,-0.784208,0.196931,All
-0.805512,0.199488,-1.92278,0.0199488,-0.771644,0.199488,All
-0.802994,0.202046,-1.92161,0.0202046,-0.769083,0.202046,All
-0.800171,0.204604,-1.91804,0.0204604,-0.762632,0.204604,All
-0.796132,0.207161,-1.90997,0.0207161,-0.758679,0.207161,All
-0.795239,0.209719,-1.9088,0.0209719,-0.748338,0.209719,All
-0.788958,0.212276,-1.90471,0.0212276,-0.734784,0.212276,All
-0.786907,0.214834,-1.90463,0.0214834,-0.732349,0.214834,All
-0.785848,0.217391,-1.90402,0.0217391,-0.731455,0.217391,All
-0.783813,0.219949,-1.90083,0.0219949,-0.722111,0.219949,All
-0.780308,0.222506,-1.89899,0.0222506,-0.720444,0.222506,All
-0.777239,0.225064,-1.89448,0.0225064,-0.716859,0.225064,All
-0.768111,0.227621,-1.89392,0.0227621,-0.707782,0.227621,All
-0.768103,0.230179,-1.89188,0.0230179,-0.703649,0.230179,All
-0.761417,0.232737,-1.89139,0.0232737,-0.703361,0.232737,All
-0.760588,0.235294,-1.89136,0.0235294,-0.702589,0.235294,All
-0.759645,0.237852,-1.88882,0.0237852,-0.689513,0.237852,All
-0.754077,0.240409,-1.87842,0.0240409,-0.679772,0.240409,All
-0.752838,0.242967,-1.87607,0.0242967,-0.669247,0.242967,All
-0.750852,0.245524,-1.87417,0.0245524,-0.667862,0.245524,All
-0.749074,0.248082,-1.87333,0.0248082,-0.665251,0.248082,All
-0.746718,0.250639,-1.87111,0.0250639,-0.661727,0.250639,All
-0.745584,0.253197,-1.86069,0.0253197,-0.660906,0.253197,All
-0.742331,0.255754,-1.85919,0.0255754,-0.653282,0.255754,All
-0.740951,0.258312,-1.85829,0.0258312,-0.644762,0.258312,All
-0.734936,0.26087,-1.8581,0.026087,-0.64429,0.26087,All
-0.730446,0.263427,-1.85668,0.0263427,-0.633375,0.263427,All
-0.727152,0.265985,-1.85369,0.0265985,-0.631225,0.265985,All
-0.723116,0.268542,-1.85281,0.0268542,-0.630929,0.268542,All
-0.709867,0.2711,-1.8464,0.02711,-0.594881,0.2711,All
-0.702434,0.273657,-1.84612,0.0273657,-0.593943,0.273657,All
-0.70016,0.276215,-1.83863,0.0276215,-0.592811,0.276215,All
-0.699989,0.278772,-1.83769,0.0278772,-0.589272,0.278772,All
-0.694174,0.28133,-1.8333,0.028133,-0.584705,0.28133,All
-0.68835,0.283887,-1.8311,0.0283887,-0.58445,0.283887,All
-0.685178,0.286445,-1.8286,0.0286445,-0.574632,0.286445,All
-0.680184,0.289003,-1.82846,0.0289003,-0.572053,0.289003,All
-0.675422,0.29156,-1.82744,0.029156,-0.570842,0.29156,All
-0.67388,0.294118,-1.82674,0.0294118,-0.569878,0.294118,All
-0.673084,0.296675,-1.82593,0.0296675,-0.566952,0.296675,All
-0.663392,0.299233,-1.8251,0.0299233,-0.537566,0.299233,All
-0.660255,0.30179,-1.81197,0.030179,-0.533092,0.30179,All
-0.655702,0.304348,-1.8101,0.0304348,-0.532715,0.304348,All
-0.655053,0.306905,-1.81003,0.0306905,-0.530768,0.306905,All
-0.653612,0.309463,-1.79247,0.0309463,-0.53006,0.309463,All
-0.646174,0.31202,-1.79146,0.031202,-0.528711,0.31202,All
-0.642038,0.314578,-1.79097,0.0314578,-0.528654,0.314578,All
-0.640056,0.317136,-1.78998,0.0317136,-0.523641,0.317136,All
-0.636095,0.319693,-1.7815,0.0319693,-0.517392,0.319693,All
-0.634378,0.322251,-1.77878,0.0322251,-0.501412,0.322251,All
-0.630868,0.324808,-1.77445,0.0324808,-0.49714,0.324808,All
-0.611083,0.327366,-1.77405,0.0327366,-0.486482,0.327366,All
-0.610966,0.329923,-1.76882,0.0329923,-0.483378,0.329923,All
-0.610514,0.332481,-1.76691,0.0332481,-0.482078,0.332481,All
-0.609189,0.335038,-1.76304,0.0335038,-0.480801,0.335038,All
-0.609014,0.337596,-1.76285,0.0337596,-0.473954,0.337596,All
-0.604754,0.340153,-1.76267,0.0340153,-0.468249,0.340153,All
-0.599468,0.342711,-1.76179,0.0342711,-0.463314,0.342711,All
-0.595618,0.345269,-1.75974,0.0345269,-0.462826,0.345269,All
-0.59464,0.347826,-1.75847,0.0347826,-0.457674,0.347826,All
-0.592901,0.350384,-1.75684,0.0350384,-0.455053,0.350384,All
-0.586637,0.352941,-1.75161,0.0352941,-0.433581,0.352941,All
-0.580222,0.355499,-1.7512,0.0355499,-0.429585,0.355499,All
-0.580076,0.358056,-1.74964,0.0358056,-0.427844,0.358056,All
-0.575408,0.360614,-1.74575,0.0360614,-0.420912,0.360614,All
-0.574499,0.363171,-1.73821,0.0363171,-0.420889,0.363171,All
-0.573582,0.365729,-1.738,0.0365729,-0.406576,0.365729,All
-0.571042,0.368286,-1.73534,0.0368286,-0.40551,0.368286,All
-0.569185,0.370844,-1.73287,0.0370844,-0.399039,0.370844,All
-0.567658,0.373402,-1.72818,0.0373402,-0.391484,0.373402,All
-0.565628,0.375959,-1.72648,0.0375959,-0.389675,0.375959,All
-0.564203,0.378517,-1.72547,0.0378517,-0.385096,0.378517,All
-0.563462,0.381074,-1.71989,0.0381074,-0.384545,0.381074,All
-0.560714,0.383632,-1.7166,0.0383632,-0.375255,0.383632,All
-0.555734,0.386189,-1.71241,0.0386189,-0.362454,0.386189,All
-0.551428,0.388747,-1.71098,0.0388747,-0.356774,0.388747,All
-0.551242,0.391304,-1.7099,0.0391304,-0.351719,0.391304,All
-0.549668,0.393862,-1.70863,0.0393862,-0.349659,0.393862,All
-0.548059,0.396419,-1.70776,0.0396419,-0.34795,0.396419,All
-0.542294,0.398977,-1.70669,0.0398977,-0.347277,0.398977,All
-0.535493,0.401535,-1.70255,0.0401535,-0.34554,0.401535,All
-0.534783,0.404092,-1.7017,0.0404092,-0.344696,0.404092,All
-0.526398,0.40665,-1.699,0.040665,-0.339014,0.40665,All
-0.520528,0.409207,-1.69445,0.0409207,-0.330511,0.409207,All
-0.520063,0.411765,-1.68946,0.0411765,-0.318162,0.411765,All
-0.519956,0.414322,-1.68911,0.0414322,-0.314792,0.414322,All
-0.518272,0.41688,-1.68682,0.041688,-0.314716,0.41688,All
-0.511063,0.419437,-1.68605,0.0419437,-0.312134,0.419437,All
-0.508633,0.421995,-1.68543,0.0421995,-0.30774,0.421995,All
-0.506284,0.424552,-1.68456,0.0424552,-0.297322,0.424552,All
-0.501856,0.42711,-1.68229,0.042711,-0.292068,0.42711,All
-0.497725,0.429668,-1.67635,0.0429668,-0.291103,0.429668,All
-0.496317,0.432225,-1.67509,0.0432225,-0.266836,0.432225,All
-0.493001,0.434783,-1.67491,0.0434783,-0.263071,0.434783,All
-0.492918,0.43734,-1.67369,0.043734,-0.256825,0.43734,All
-0.492337,0.439898,-1.67092,0.0439898,-0.251338,0.439898,All
-0.488256,0.442455,-1.66384,0.0442455,-0.249997,0.442455,All
-0.487421,0.445013,-1.66036,0.0445013,-0.248379,0.445013,All
-0.484071,0.44757,-1.66018,0.044757,-0.2392,0.44757,All
-0.483751,0.450128,-1.65886,0.0450128,-0.236948,0.450128,All
-0.482667,0.452685,-1.65734,0.0452685,-0.225169,0.452685,All
-0.482472,0.455243,-1.65644,0.0455243,-0.223262,0.455243,All
-0.481462,0.457801,-1.65152,0.0457801,-0.221824,0.457801,All
-0.47879,0.460358,-1.64759,0.0460358,-0.219304,0.460358,All
-0.475462,0.462916,-1.64634,0.0462916,-0.209174,0.462916,All
-0.472847,0.465473,-1.64621,0.0465473,-0.208589,0.465473,All
-0.469288,0.468031,-1.64613,0.0468031,-0.207986,0.468031,All
-0.462831,0.470588,-1.64298,0.0470588,-0.207122,0.470588,All
-0.462684,0.473146,-1.64247,0.0473146,-0.205788,0.473146,All
-0.458179,0.475703,-1.64232,0.0475703,-0.195635,0.475703,All
-0.457358,0.478261,-1.63734,0.0478261,-0.182931,0.478261,All
-0.457043,0.480818,-1.63619,0.0480818,-0.17715,0.480818,All
-0.456231,0.483376,-1.63486,0.0483376,-0.17343,0.483376,All
-0.454807,0.485934,-1.63457,0.0485934,-0.171806,0.485934,All
-0.454131,0.488491,-1.63418,0.0488491,-0.16784,0.488491,All
-0.453557,0.491049,-1.63397,0.0491049,-0.1645,0.491049,All
-0.453136,0.493606,-1.62297,0.0493606,-0.164251,0.493606,All
-0.452774,0.496164,-1.61958,0.0496164,-0.162976,0.496164,All
-0.4514,0.498721,-1.6189,0.0498721,-0.150667,0.498721,All
-0.450883,0.501279,-1.61802,0.0501279,-0.147388,0.501279,All
-0.445029,0.503836,-1.61095,0.0503836,-0.147288,0.503836,All
-0.444291,0.506394,-1.60622,0.0506394,-0.140426,0.506394,All
-0.441938,0.508951,-1.60268,0.0508951,-0.137939,0.508951,All
-0.441401,0.511509,-1.602,0.0511509,-0.131195,0.511509,All
-0.43945,0.514066,-1.60196,0.0514066,-0.128762,0.514066,All
-0.437444,0.516624,-1.60095,0.0516624,-0.121397,0.516624,All
-0.434137,0.519182,-1.60085,0.0519182,-0.113586,0.519182,All
-0.433688,0.521739,-1.59695,0.0521739,-0.110915,0.521739,All
-0.432294,0.524297,-1.59642,0.0524297,-0.105136,0.524297,All
-0.427234,0.526854,-1.59549,0.0526854,-0.096585,0.526854,All
-0.425439,0.529412,-1.5953,0.0529412,-0.0926619,0.529412,All
-0.424566,0.531969,-1.59264,0.0531969,-0.085923,0.531969,All
-0.421848,0.534527,-1.59082,0.0534527,-0.0836122,0.534527,All
-0.420997,0.537084,-1.58925,0.0537084,-0.0815936,0.537084,All
-0.420939,0.539642,-1.58896,0.0539642,-0.0797513,0.539642,All
-0.415822,0.542199,-1.58753,0.0542199,-0.0718461,0.542199,All
-0.415079,0.544757,-1.5849,0.0544757,-0.0709804,0.544757,All
-0.413965,0.547315,-1.58449,0.0547315,-0.064477,0.547315,All
-0.411904,0.549872,-1.57838,0.0549872,-0.0431535,0.549872,All
-0.411479,0.55243,-1.5783,0.055243,-0.0305224,0.55243,All
-0.409737,0.554987,-1.57682,0.0554987,-0.0304182,0.554987,All
-0.407837,0.557545,-1.57677,0.0557545,-0.0289739,0.557545,All
-0.405803,0.560102,-1.57104,0.0560102,-0.0203499,0.560102,All
-0.401219,0.56266,-1.57057,0.056266,-0.0138235,0.56266,All
-0.39963,0.565217,-1.5642,0.0565217,-0.0133001,0.565217,All
-0.399397,0.567775,-1.56278,0.0567775,-0.0132986,0.567775,All
-0.391197,0.570332,-1.55979,0.0570332,-0.00973711,0.570332,All
-0.389798,0.57289,-1.55913,0.057289,-0.00832004,0.57289,All
-0.38432,0.575448,-1.55778,0.0575448,-0.000715225,0.575448,All
-0.384312,0.578005,-1.55647,0.0578005,0.0138687,0.578005,All
-0.37609,0.580563,-1.5545,0.0580563,0.0172421,0.580563,All
-0.372588,0.58312,-1.55326,0.058312,0.0264106,0.58312,All
-0.369984,0.585678,-1.55245,0.0585678,0.0290516,0.585678,All
-0.367155,0.588235,-1.55155,0.0588235,0.0326548,0.588235,All
-0.365249,0.590793,-1.54995,0.0590793,0.0410471,0.590793,All
-0.364423,0.59335,-1.5453,0.059335,0.053775,0.59335,All
-0.364034,0.595908,-1.54289,0.0595908,0.055608,0.595908,All
-0.362519,0.598465,-1.53997,0.0598465,0.0560643,0.598465,All
-0.361824,0.601023,-1.53602,0.0601023,0.0604633,0.601023,All
-0.36152,0.603581,-1.53481,0.0603581,0.0675206,0.603581,All
-0.360159,0.606138,-1.53407,0.0606138,0.0719757,0.606138,All
-0.358811,0.608696,-1.53032,0.0608696,0.0809608,0.608696,All
-0.35795,0.611253,-1.52399,0.0611253,0.103301,0.611253,All
-0.355333,0.613811,-1.52018,0.0613811,0.1089,0.613811,All
-0.350681,0.616368,-1.51863,0.0616368,0.111349,0.616368,All
-0.345712,0.618926,-1.51472,0.0618926,0.11193,0.618926,All
-0.338315,0.621483,-1.50755,0.0621483,0.118635,0.621483,All
-0.337936,0.624041,-1.50714,0.0624041,0.12369,0.624041,All
-0.3266,0.626598,-1.50465,0.0626598,0.13177,0.626598,All
-0.318604,0.629156,-1.50448,0.0629156,0.132731,0.629156,All
-0.317129,0.631714,-1.50184,0.0631714,0.133027,0.631714,All
-0.307976,0.634271,-1.4976,0.0634271,0.151421,0.634271,All
-0.291542,0.636829,-1.49517,0.0636829,0.154979,0.636829,All
-0.268976,0.639386,-1.49454,0.0639386,0.167198,0.639386,All
-0.260677,0.641944,-1.49357,0.0641944,0.168496,0.641944,All
-0.258651,0.644501,-1.49306,0.0644501,0.177448,0.644501,All
-0.253221,0.647059,-1.48984,0.0647059,0.194563,0.647059,All
-0.248528,0.649616,-1.48775,0.0649616,0.203738,0.649616,All
-0.237383,0.652174,-1.48637,0.0652174,0.205355,0.652174,All
-0.237033,0.654731,-1.48181,0.0654731,0.222607,0.654731,All
-0.235619,0.657289,-1.48044,0.0657289,0.224026,0.657289,All
-0.234839,0.659847,-1.4797,0.0659847,0.224631,0.659847,All
-0.230626,0.662404,-1.47901,0.0662404,0.240271,0.662404,All
-0.229434,0.664962,-1.47797,0.0664962,0.249646,0.664962,All
-0.223829,0.667519,-1.47528,0.0667519,0.25425,0.667519,All
-0.204727,0.670077,-1.47221,0.0670077,0.260512,0.670077,All
-0.19903,0.672634,-1.46576,0.0672634,0.261255,0.672634,All
-0.194881,0.675192,-1.4657,0.0675192,0.279368,0.675192,All
-0.175584,0.677749,-1.46391,0.0677749,0.27959,0.677749,All
-0.173757,0.680307,-1.46032,0.0680307,0.283188,0.680307,All
-0.168442,0.682864,-1.45974,0.0682864,0.283353,0.682864,All
-0.14487,0.685422,-1.45959,0.0685422,0.296744,0.685422,All
-0.128422,0.68798,-1.456,0.068798,0.30473,0.68798,All
-0.121566,0.690537,-1.45468,0.0690537,0.308143,0.690537,All
-0.117272,0.693095,-1.45146,0.0693095,0.309607,0.693095,All
-0.0731882,0.695652,-1.45023,0.0695652,0.31044,0.695652,All
-0.072608,0.69821,-1.44893,0.069821,0.313472,0.69821,All
-0.0720513,0.700767,-1.44859,0.0700767,0.323678,0.700767,All
-0.0652048,0.703325,-1.44743,0.0703325,0.330402,0.703325,All
-0.0646681,0.705882,-1.44652,0.0705882,0.330803,0.705882,All
-0.0632942,0.70844,-1.44577,0.070844,0.352522,0.70844,All
-0.0598133,0.710997,-1.44289,0.0710997,0.358354,0.710997,All
-0.0564604,0.713555,-1.44275,0.0713555,0.359624,0.713555,All
-0.0554028,0.716113,-1.44124,0.0716113,0.361766,0.716113,All
-0.052103,0.71867,-1.43991,0.071867,0.362825,0.71867,All
-0.0447214,0.721228,-1.43608,0.0721228,0.370347,0.721228,All
-0.0447214,0.723785,-1.43476,0.0723785,0.372968,0.723785,All
-0.0414981,0.726343,-1.43458,0.0726343,0.385136,0.726343,All
-0.0373332,0.7289,-1.4345,0.07289,0.413219,0.7289,All
-0.0363105,0.731458,-1.43368,0.0731458,0.420799,0.731458,All
-0.0355444,0.734015,-1.43162,0.0734015,0.424148,0.734015,All
-0.0320235,0.736573,-1.43138,0.0736573,0.425392,0.736573,All
-0.0149375,0.73913,-1.43128,0.073913,0.432115,0.73913,All
-0.0130811,0.741688,-1.43027,0.0741688,0.446458,0.741688,All
0.0298097,0.744246,-1.42993,0.0744246,0.461346,0.744246,All
0.0470697,0.746803,-1.42954,0.0746803,0.463966,0.746803,All
0.0514996,0.749361,-1.42869,0.0749361,0.476462,0.749361,All
0.065771,0.751918,-1.42868,0.0751918,0.499027,0.751918,All
0.0728966,0.754476,-1.42793,0.0754476,0.501331,0.754476,All
0.0794074,0.757033,-1.42728,0.0757033,0.502785,0.757033,All
0.0913796,0.759591,-1.42609,0.0759591,0.521454,0.759591,All
0.116412,0.762148,-1.42567,0.0762148,0.535557,0.762148,All
0.134517,0.764706,-1.4248,0.0764706,0.538405,0.764706,All
0.135254,0.767263,-1.42382,0.0767263,0.5388,0.767263,All
0.136319,0.769821,-1.42129,0.0769821,0.538965,0.769821,All
0.148363,0.772379,-1.41898,0.0772379,0.540989,0.772379,All
0.16624,0.774936,-1.41894,0.0774936,0.542509,0.774936,All
0.169596,0.777494,-1.4179,0.0777494,0.560062,0.777494,All
0.172636,0.780051,-1.41764,0.0780051,0.574253,0.780051,All
0.204107,0.782609,-1.4165,0.0782609,0.576821,0.782609,All
0.215101,0.785166,-1.41497,0.0785166,0.580151,0.785166,All
0.24256,0.787724,-1.41469,0.0787724,0.581266,0.787724,All
0.244739,0.790281,-1.41412,0.0790281,0.605925,0.790281,All
0.27643,0.792839,-1.41343,0.0792839,0.630472,0.792839,All
0.290716,0.795396,-1.41261,0.0795396,0.633424,0.795396,All
0.339771,0.797954,-1.40994,0.0797954,0.635874,0.797954,All
0.343431,0.800512,-1.40977,0.0800512,0.645001,0.800512,All
0.408981,0.803069,-1.4093,0.0803069,0.654718,0.803069,All
0.413776,0.805627,-1.40878,0.0805627,0.681076,0.805627,All
0.447654,0.808184,-1.40709,0.0808184,0.693797,0.808184,All
0.448615,0.810742,-1.40408,0.0810742,0.706435,0.810742,All
0.449016,0.813299,-1.39855,0.0813299,0.743526,0.813299,All
0.461905,0.815857,-1.39732,0.0815857,0.749701,0.815857,All
0.468143,0.818414,-1.38936,0.0818414,0.750436,0.818414,All
0.48728,0.820972,-1.38751,0.0820972,0.761492,0.820972,All
0.512717,0.823529,-1.3846,0.0823529,0.766505,0.823529,All
0.539426,0.826087,-1.38411,0.0826087,0.768486,0.826087,All
0.539959,0.828645,-1.38373,0.0828645,0.777801,0.828645,All
0.542767,0.831202,-1.38269,0.0831202,0.78313,0.831202,All
0.550198,0.83376,-1.38265,0.083376,0.808742,0.83376,All
0.568022,0.836317,-1.37949,0.0836317,0.808809,0.836317,All
0.573174,0.838875,-1.3786,0.0838875,0.815979,0.838875,All
0.590614,0.841432,-1.37849,0.0841432,0.816097,0.841432,All
0.595841,0.84399,-1.37485,0.084399,0.837642,0.84399,All
0.615196,0.846547,-1.3726,0.0846547,0.84305,0.846547,All
0.640721,0.849105,-1.37213,0.0849105,0.868388,0.849105,All
0.673749,0.851662,-1.37125,0.0851662,0.885999,0.851662,All
0.676647,0.85422,-1.36957,0.085422,0.889037,0.85422,All
0.686766,0.856777,-1.36941,0.0856777,0.907248,0.856777,All
0.700027,0.859335,-1.36831,0.0859335,0.91384,0.859335,All
0.709988,0.861893,-1.36676,0.0861893,0.916764,0.861893,All
0.758471,0.86445,-1.36569,0.086445,0.921886,0.86445,All
0.761969,0.867008,-1.3636,0.0867008,0.932329,0.867008,All
0.779136,0.869565,-1.3625,0.0869565,0.955781,0.869565,All
0.794038,0.872123,-1.36148,0.0872123,0.956705,0.872123,All
0.829408,0.87468,-1.35495,0.087468,0.960496,0.87468,All
0.853559,0.877238,-1.35209,0.0877238,0.988688,0.877238,All
0.884284,0.879795,-1.35189,0.0879795,1.00895,0.879795,All
0.894564,0.882353,-1.35169,0.0882353,1.01452,0.882353,All
0.908061,0.88491,-1.35153,0.088491,1.01604,0.88491,All
0.911913,0.887468,-1.35054,0.0887468,1.03125,0.887468,All
0.922741,0.890026,-1.3498,0.0890026,1.04493,0.890026,All
0.933185,0.892583,-1.34841,0.0892583,1.07019,0.892583,All
0.933699,0.895141,-1.34644,0.0895141,1.07223,0.895141,All
0.940619,0.897698,-1.3454,0.0897698,1.09296,0.897698,All
0.962885,0.900256,-1.34481,0.0900256,1.10049,0.900256,All
1.01885,0.902813,-1.34474,0.0902813,1.11448,0.902813,All
1.06198,0.905371,-1.34432,0.0905371,1.12531,0.905371,All
1.06464,0.907928,-1.3433,0.0907928,1.1456,0.907928,All
1.10943,0.910486,-1.34326,0.0910486,1.15575,0.910486,All
1.12334,0.913043,-1.34189,0.0913043,1.16223,0.913043,All
1.12768,0.915601,-1.34073,0.0915601,1.16789,0.915601,All
1.16178,0.918159,-1.33883,0.0918159,1.20923,0.918159,All
1.19731,0.920716,-1.33838,0.0920716,1.24146,0.920716,All
1.20145,0.923274,-1.33817,0.0923274,1.27151,0.923274,All
1.23426,0.925831,-1.33574,0.0925831,1.28446,0.925831,All
1.25888,0.928389,-1.33545,0.0928389,1.31308,0.928389,All
1.29812,0.930946,-1.33302,0.0930946,1.314,0.930946,All
1.32296,0.933504,-1.32898,0.0933504,1.34401,0.933504,All
1.34127,0.936061,-1.32609,0.0936061,1.36696,0.936061,All
1.38867,0.938619,-1.32491,0.0938619,1.36775,0.938619,All
1.39168,0.941176,-1.32252,0.0941176,1.39164,0.941176,All
1.39479,0.943734,-1.32159,0.0943734,1.41995,0.943734,All
1.45035,0.946292,-1.32103,0.0946292,1.42075,0.946292,All
1.48003,0.948849,-1.32058,0.0948849,1.43394,0.948849,All
1.49907,0.951407,-1.31823,0.0951407,1.44237,0.951407,All
1.50425,0.953964,-1.318,0.0953964,1.46609,0.953964,All
1.51984,0.956522,-1.3168,0.0956522,1.48938,0.956522,All
1.54805,0.959079,-1.31665,0.0959079,1.49584,0.959079,All
1.63909,0.961637,-1.31533,0.0961637,1.52845,0.961637,All
1.64751,0.964194,-1.31345,0.0964194,1.53115,0.964194,All
1.69524,0.966752,-1.31072,0.0966752,1.55756,0.966752,All
1.7249,0.969309,-1.30961,0.0969309,1.60153,0.969309,All
1.78376,0.971867,-1.30925,0.0971867,1.61473,0.971867,All
1.80579,0.974425,-1.30905,0.0974425,1.61727,0.974425,All
1.85265,0.976982,-1.30847,0.0976982,1.6256,0.976982,All
1.97277,0.97954,-1.30829,0.097954,1.71757,0.97954,All
1.99082,0.982097,-1.3081,0.0982097,1.72838,0.982097,All
2.14408,0.984655,-1.30807,0.0984655,1.75387,0.984655,All
2.17643,0.987212,-1.30788,0.0987212,1.79544,0.987212,All
2.21219,0.98977,-1.30677,0.098977,1.84954,0.98977,All
2.33376,0.992327,-1.30573,0.0992327,1.87679,0.992327,All
2.45598,0.994885,-1.30438,0.0994885,2.00565,0.994885,All
2.67258,0.997442,-1.30386,0.0997442,2.02129,0.997442,All
2.95499,1,-1.30134,0.1,2.24657,1,All
4,1,-1.29822,0.100256,4,1,All
,,-1.2973,0.100512,,,All
,,-1.2965,0.100767,,,All
,,-1.29387,0.101023,,,All
,,-1.29287,0.101279,,,All
,,-1.29198,0.101535,,,All
,,-1.29033,0.10179,,,All
,,-1.28828,0.102046,,,All
,,-1.28461,0.102302,,,All
,,-1.28402,0.102558,,,All
,,-1.28361,0.102813,,,All
,,-1.27904,0.103069,,,All
,,-1.27851,0.103325,,,All
,,-1.27589,0.103581,,,All
,,-1.27442,0.103836,,,All
,,-1.27292,0.104092,,,All
,,-1.27269,0.104348,,,All
,,-1.27235,0.104604,,,All
,,-1.27095,0.104859,,,All
,,-1.27015,0.105115,,,All
,,-1.26942,0.105371,,,All
,,-1.26801,0.105627,,,All
,,-1.26474,0.105882,,,All
,,-1.26393,0.106138,,,All
,,-1.26382,0.106394,,,All
,,-1.26325,0.10665,,,All
,,-1.26259,0.106905,,,All
,,-1.25822,0.107161,,,All
,,-1.25531,0.107417,,,All
,,-1.25505,0.107673,,,All
,,-1.25419,0.107928,,,All
,,-1.25374,0.108184,,,All
,,-1.25233,0.10844,,,All
,,-1.25129,0.108696,,,All
,,-1.25082,0.108951,,,All
,,-1.24686,0.109207,,,All
,,-1.24564,0.109463,,,All
,,-1.24437,0.109719,,,All
,,-1.2442,0.109974,,,All
,,-1.24298,0.11023,,,All
,,-1.23989,0.110486,,,All
,,-1.23851,0.110742,,,All
,,-1.23826,0.110997,,,All
,,-1.23675,0.111253,,,All
,,-1.23632,0.111509,,,All
,,-1.2355,0.111765,,,All
,,-1.23396,0.11202,,,All
,,-1.23295,0.112276,,,All
,,-1.2292,0.112532,,,All
,,-1.2283,0.112788,,,All
,,-1.22749,0.113043,,,All
,,-1.2261,0.113299,,,All
,,-1.22408,0.113555,,,All
,,-1.22223,0.113811,,,All
,,-1.22179,0.114066,,,All
,,-1.22177,0.114322,,,All
,,-1.22005,0.114578,,,All
,,-1.21956,0.114834,,,All
,,-1.21577,0.11509,,,All
,,-1.21372,0.115345,,,All
,,-1.21267,0.115601,,,All
,,-1.21014,0.115857,,,All
,,-1.20912,0.116113,,,All
,,-1.20166,0.116368,,,All
,,-1.1954,0.116624,,,All
,,-1.19298,0.11688,,,All
,,-1.19184,0.117136,,,All
,,-1.19112,0.117391,,,All
,,-1.189,0.117647,,,All
,,-1.18814,0.117903,,,All
,,-1.18703,0.118159,,,All
,,-1.18583,0.118414,,,All
,,-1.18484,0.11867,,,All
,,-1.18475,0.118926,,,All
,,-1.1846,0.119182,,,All
,,-1.18321,0.119437,,,All
,,-1.18269,0.119693,,,All
,,-1.18201,0.119949,,,All
,,-1.18113,0.120205,,,All
,,-1.18099,0.12046,,,All
,,-1.18075,0.120716,,,All
,,-1.17849,0.120972,,,All
,,-1.17631,0.121228,,,All
,,-1.17582,0.121483,,,All
,,-1.17173,0.121739,,,All
,,-1.16953,0.121995,,,All
,,-1.1693,0.122251,,,All
,,-1.16882,0.122506,,,All
,,-1.16587,0.122762,,,All
,,-1.1631,0.123018,,,All
,,-1.1609,0.123274,,,All
,,-1.15889,0.123529,,,All
,,-1.15736,0.123785,,,All
,,-1.15666,0.124041,,,All
,,-1.15331,0.124297,,,All
,,-1.14996,0.124552,,,All
,,-1.14982,0.124808,,,All
,,-1.14777,0.125064,,,All
,,-1.14684,0.12532,,,All
,,-1.14525,0.125575,,,All
,,-1.1443,0.125831,,,All
,,-1.14046,0.126087,,,All
,,-1.13984,0.126343,,,All
,,-1.13925,0.126598,,,All
,,-1.13397,0.126854,,,All
,,-1.13073,0.12711,,,All
,,-1.13022,0.127366,,,All
,,-1.12711,0.127621,,,All
,,-1.12689,0.127877,,,All
,,-1.12682,0.128133,,,All
,,-1.12574,0.128389,,,All
,,-1.12478,0.128645,,,All
,,-1.12465,0.1289,,,All
,,-1.12268,0.129156,,,All
,,-1.12113,0.129412,,,All
,,-1.121,0.129668,,,All
,,-1.11772,0.129923,,,All
,,-1.1159,0.130179,,,All
,,-1.11229,0.130435,,,All
,,-1.11197,0.130691,,,All
,,-1.11142,0.130946,,,All
,,-1.11086,0.131202,,,All
,,-1.10863,0.131458,,,All
,,-1.10754,0.131714,,,All
,,-1.1069,0.131969,,,All
,,-1.10667,0.132225,,,All
,,-1.10659,0.132481,,,All
,,-1.10649,0.132737,,,All
,,-1.10605,0.132992,,,All
,,-1.10276,0.133248,,,All
,,-1.10253,0.133504,,,All
,,-1.10205,0.13376,,,All
,,-1.09996,0.134015,,,All
,,-1.09989,0.134271,,,All
,,-1.09609,0.134527,,,All
,,-1.09312,0.134783,,,All
,,-1.09259,0.135038,,,All
,,-1.09134,0.135294,,,All
,,-1.09032,0.13555,,,All
,,-1.08963,0.135806,,,All
,,-1.08962,0.136061,,,All
,,-1.08669,0.136317,,,All
,,-1.08513,0.136573,,,All
,,-1.08477,0.136829,,,All
,,-1.08467,0.137084,,,All
,,-1.08362,0.13734,,,All
,,-1.08259,0.137596,,,All
,,-1.07872,0.137852,,,All
,,-1.07685,0.138107,,,All
,,-1.076,0.138363,,,All
,,-1.07597,0.138619,,,All
,,-1.07517,0.138875,,,All
,,-1.07504,0.13913,,,All
,,-1.07453,0.139386,,,All
,,-1.07422,0.139642,,,All
,,-1.07367,0.139898,,,All
,,-1.07268,0.140153,,,All
,,-1.07259,0.140409,,,All
,,-1.07218,0.140665,,,All
,,-1.07163,0.140921,,,All
,,-1.07108,0.141176,,,All
,,-1.0707,0.141432,,,All
,,-1.06662,0.141688,,,All
,,-1.0625,0.141944,,,All
,,-1.06136,0.142199,,,All
,,-1.06064,0.142455,,,All
,,-1.06038,0.142711,,,All
,,-1.05927,0.142967,,,All
,,-1.05898,0.143223,,,All
,,-1.05575,0.143478,,,All
,,-1.05505,0.143734,,,All
,,-1.05141,0.14399,,,All
,,-1.05122,0.144246,,,All
,,-1.048,0.144501,,,All
,,-1.04779,0.144757,,,All
,,-1.04748,0.145013,,,All
,,-1.04724,0.145269,,,All
,,-1.04671,0.145524,,,All
,,-1.04511,0.14578,,,All
,,-1.045,0.146036,,,All
,,-1.04497,0.146292,,,All
,,-1.04391,0.146547,,,All
,,-1.04112,0.146803,,,All
,,-1.03822,0.147059,,,All
,,-1.03758,0.147315,,,All
,,-1.0369,0.14757,,,All
,,-1.0355,0.147826,,,All
,,-1.03472,0.148082,,,All
,,-1.03439,0.148338,,,All
,,-1.03035,0.148593,,,All
,,-1.02862,0.148849,,,All
,,-1.02788,0.149105,,,All
,,-1.02748,0.149361,,,All
,,-1.02207,0.149616,,,All
,,-1.02042,0.149872,,,All
,,-1.02,0.150128,,,All
,,-1.01895,0.150384,,,All
,,-1.016,0.150639,,,All
,,-1.01543,0.150895,,,All
,,-1.01488,0.151151,,,All
,,-1.01364,0.151407,,,All
,,-1.01288,0.151662,,,All
,,-1.012,0.151918,,,All
,,-1.01051,0.152174,,,All
,,-1.00736,0.15243,,,All
,,-1.00716,0.152685,,,All
,,-1.0069,0.152941,,,All
,,-1.00635,0.153197,,,All
,,-1.00597,0.153453,,,All
,,-1.00494,0.153708,,,All
,,-1.00276,0.153964,,,All
,,-1.00209,0.15422,,,All
,,-1.00077,0.154476,,,All
,,-1.00052,0.154731,,,All
,,-1.00018,0.154987,,,All
,,-0.999567,0.155243,,,All
,,-0.999181,0.155499,,,All
,,-0.995383,0.155754,,,All
,,-0.993786,0.15601,,,All
,,-0.991602,0.156266,,,All
,,-0.988364,0.156522,,,All
,,-0.983892,0.156777,,,All
,,-0.983175,0.157033,,,All
,,-0.983021,0.157289,,,All
,,-0.982979,0.157545,,,All
,,-0.982472,0.157801,,,All
,,-0.979007,0.158056,,,All
,,-0.978913,0.158312,,,All
,,-0.978452,0.158568,,,All
,,-0.977998,0.158824,,,All
,,-0.977268,0.159079,,,All
,,-0.976502,0.159335,,,All
,,-0.974118,0.159591,,,All
,,-0.972932,0.159847,,,All
,,-0.972271,0.160102,,,All
,,-0.970908,0.160358,,,All
,,-0.96955,0.160614,,,All
,,-0.968669,0.16087,,,All
,,-0.968518,0.161125,,,All
,,-0.964319,0.161381,,,All
,,-0.962225,0.161637,,,All
,,-0.96166,0.161893,,,All
,,-0.961613,0.162148,,,All
,,-0.961559,0.162404,,,All
,,-0.959008,0.16266,,,All
,,-0.958301,0.162916,,,All
,,-0.957224,0.163171,,,All
,,-0.955301,0.163427,,,All
,,-0.954877,0.163683,,,All
,,-0.953083,0.163939,,,All
,,-0.952401,0.164194,,,All
,,-0.952158,0.16445,,,All
,,-0.949584,0.164706,,,All
,,-0.948892,0.164962,,,All
,,-0.945662,0.165217,,,All
,,-0.94465,0.165473,,,All
,,-0.940419,0.165729,,,All
,,-0.938236,0.165985,,,All
,,-0.93768,0.16624,,,All
,,-0.936322,0.166496,,,All
,,-0.936077,0.166752,,,All
,,-0.933719,0.167008,,,All
,,-0.932296,0.167263,,,All
,,-0.92896,0.167519,,,All
,,-0.927843,0.167775,,,All
,,-0.927386,0.168031,,,All
,,-0.926993,0.168286,,,All
,,-0.924538,0.168542,,,All
,,-0.923707,0.168798,,,All
,,-0.923643,0.169054,,,All
,,-0.921166,0.169309,,,All
,,-0.919789,0.169565,,,All
,,-0.919198,0.169821,,,All
,,-0.91866,0.170077,,,All
,,-0.917377,0.170332,,,All
,,-0.916707,0.170588,,,All
,,-0.916377,0.170844,,,All
,,-0.916181,0.1711,,,All
,,-0.914619,0.171355,,,All
,,-0.912815,0.171611,,,All
,,-0.909056,0.171867,,,All
,,-0.905967,0.172123,,,All
,,-0.901086,0.172379,,,All
,,-0.900731,0.172634,,,All
,,-0.900291,0.17289,,,All
,,-0.900112,0.173146,,,All
,,-0.899734,0.173402,,,All
,,-0.894838,0.173657,,,All
,,-0.892033,0.173913,,,All
,,-0.890829,0.174169,,,All
,,-0.890777,0.174425,,,All
,,-0.88894,0.17468,,,All
,,-0.888654,0.174936,,,All
,,-0.888406,0.175192,,,All
,,-0.888073,0.175448,,,All
,,-0.886246,0.175703,,,All
,,-0.883621,0.175959,,,All
,,-0.883456,0.176215,,,All
,,-0.883049,0.176471,,,All
,,-0.883035,0.176726,,,All
,,-0.882257,0.176982,,,All
,,-0.88041,0.177238,,,All
,,-0.879241,0.177494,,,All
,,-0.877816,0.177749,,,All
,,-0.877738,0.178005,,,All
,,-0.876864,0.178261,,,All
,,-0.876838,0.178517,,,All
,,-0.876299,0.178772,,,All
,,-0.876155,0.179028,,,All
,,-0.874595,0.179284,,,All
,,-0.873889,0.17954,,,All
,,-0.872114,0.179795,,,All
,,-0.860714,0.180051,,,All
,,-0.859916,0.180307,,,All
,,-0.859849,0.180563,,,All
,,-0.858529,0.180818,,,All
,,-0.855151,0.181074,,,All
,,-0.854755,0.18133,,,All
,,-0.85464,0.181586,,,All
,,-0.852959,0.181841,,,All
,,-0.849559,0.182097,,,All
,,-0.848201,0.182353,,,All
,,-0.845813,0.182609,,,All
,,-0.845595,0.182864,,,All
,,-0.845092,0.18312,,,All
,,-0.844731,0.183376,,,All
,,-0.843743,0.183632,,,All
,,-0.842778,0.183887,,,All
,,-0.842217,0.184143,,,All
,,-0.841359,0.184399,,,All
,,-0.839449,0.184655,,,All
,,-0.837087,0.18491,,,All
,,-0.835041,0.185166,,,All
,,-0.834966,0.185422,,,All
,,-0.834568,0.185678,,,All
,,-0.832444,0.185934,,,All
,,-0.830884,0.186189,,,All
,,-0.830828,0.186445,,,All
,,-0.824748,0.186701,,,All
,,-0.824379,0.186957,,,All
,,-0.822553,0.187212,,,All
,,-0.822389,0.187468,,,All
,,-0.821466,0.187724,,,All
,,-0.819724,0.18798,,,All
,,-0.818302,0.188235,,,All
,,-0.818078,0.188491,,,All
,,-0.816088,0.188747,,,All
,,-0.815727,0.189003,,,All
,,-0.815174,0.189258,,,All
,,-0.81485,0.189514,,,All
,,-0.814253,0.18977,,,All
,,-0.813825,0.190026,,,All
,,-0.811865,0.190281,,,All
,,-0.811379,0.190537,,,All
,,-0.811018,0.190793,,,All
,,-0.810152,0.191049,,,All
,,-0.809946,0.191304,,,All
,,-0.808363,0.19156,,,All
,,-0.806628,0.191816,,,All
,,-0.806183,0.192072,,,All
,,-0.806027,0.192327,,,All
,,-0.805986,0.192583,,,All
,,-0.80345,0.192839,,,All
,,-0.802632,0.193095,,,All
,,-0.802499,0.19335,,,All
,,-0.802292,0.193606,,,All
,,-0.802262,0.193862,,,All
,,-0.801947,0.194118,,,All
,,-0.801129,0.194373,,,All
,,-0.799461,0.194629,,,All
,,-0.79891,0.194885,,,All
,,-0.795848,0.195141,,,All
,,-0.794877,0.195396,,,All
,,-0.794244,0.195652,,,All
,,-0.793477,0.195908,,,All
,,-0.788884,0.196164,,,All
,,-0.785366,0.196419,,,All
,,-0.785116,0.196675,,,All
,,-0.784657,0.196931,,,All
,,-0.784524,0.197187,,,All
,,-0.782622,0.197442,,,All
,,-0.7791,0.197698,,,All
,,-0.778612,0.197954,,,All
,,-0.777996,0.19821,,,All
,,-0.776966,0.198465,,,All
,,-0.77691,0.198721,,,All
,,-0.776896,0.198977,,,All
,,-0.77453,0.199233,,,All
,,-0.774431,0.199488,,,All
,,-0.774371,0.199744,,,All
,,-0.773996,0.2,,,All
,,-0.773137,0.200256,,,All
,,-0.772294,0.200512,,,All
,,-0.772107,0.200767,,,All
,,-0.771729,0.201023,,,All
,,-0.768963,0.201279,,,All
,,-0.768211,0.201535,,,All
,,-0.767997,0.20179,,,All
,,-0.766538,0.202046,,,All
,,-0.765854,0.202302,,,All
,,-0.760197,0.202558,,,All
,,-0.758161,0.202813,,,All
,,-0.757833,0.203069,,,All
,,-0.755388,0.203325,,,All
,,-0.755119,0.203581,,,All
,,-0.75488,0.203836,,,All
,,-0.751677,0.204092,,,All
,,-0.751161,0.204348,,,All
,,-0.751005,0.204604,,,All
,,-0.750501,0.204859,,,All
,,-0.750066,0.205115,,,All
,,-0.749427,0.205371,,,All
,,-0.744822,0.205627,,,All
,,-0.744135,0.205882,,,All
,,-0.742422,0.206138,,,All
,,-0.741712,0.206394,,,All
,,-0.741144,0.20665,,,All
,,-0.738958,0.206905,,,All
,,-0.738153,0.207161,,,All
,,-0.736968,0.207417,,,All
,,-0.736806,0.207673,,,All
,,-0.736598,0.207928,,,All
,,-0.734647,0.208184,,,All
,,-0.729902,0.20844,,,All
,,-0.729769,0.208696,,,All
,,-0.728874,0.208951,,,All
,,-0.728414,0.209207,,,All
,,-0.726571,0.209463,,,All
,,-0.725793,0.209719,,,All
,,-0.724653,0.209974,,,All
,,-0.724514,0.21023,,,All
,,-0.723406,0.210486,,,All
,,-0.722646,0.210742,,,All
,,-0.72235,0.210997,,,All
,,-0.720072,0.211253,,,All
,,-0.719548,0.211509,,,All
,,-0.719272,0.211765,,,All
,,-0.718903,0.21202,,,All
,,-0.718147,0.212276,,,All
,,-0.714773,0.212532,,,All
,,-0.714306,0.212788,,,All
,,-0.713943,0.213043,,,All
,,-0.713106,0.213299,,,All
,,-0.711051,0.213555,,,All
,,-0.709977,0.213811,,,All
,,-0.709277,0.214066,,,All
,,-0.708609,0.214322,,,All
,,-0.708329,0.214578,,,All
,,-0.707304,0.214834,,,All
,,-0.70718,0.21509,,,All
,,-0.706625,0.215345,,,All
,,-0.704562,0.215601,,,All
,,-0.704355,0.215857,,,All
,,-0.703663,0.216113,,,All
,,-0.702148,0.216368,,,All
,,-0.701202,0.216624,,,All
,,-0.699947,0.21688,,,All
,,-0.69708,0.217136,,,All
,,-0.696779,0.217391,,,All
,,-0.695647,0.217647,,,All
,,-0.695635,0.217903,,,All
,,-0.695373,0.218159,,,All
,,-0.692884,0.218414,,,All
,,-0.692679,0.21867,,,All
,,-0.692624,0.218926,,,All
,,-0.692163,0.219182,,,All
,,-0.6908,0.219437,,,All
,,-0.690534,0.219693,,,All
,,-0.689328,0.219949,,,All
,,-0.686995,0.220205,,,All
,,-0.684902,0.22046,,,All
,,-0.684234,0.220716,,,All
,,-0.683294,0.220972,,,All
,,-0.681473,0.221228,,,All
,,-0.681167,0.221483,,,All
,,-0.676255,0.221739,,,All
,,-0.67604,0.221995,,,All
,,-0.674607,0.222251,,,All
,,-0.673789,0.222506,,,All
,,-0.671237,0.222762,,,All
,,-0.6701,0.223018,,,All
,,-0.667768,0.223274,,,All
,,-0.667559,0.223529,,,All
,,-0.66727,0.223785,,,All
,,-0.663865,0.224041,,,All
,,-0.662369,0.224297,,,All
,,-0.657695,0.224552,,,All
,,-0.656889,0.224808,,,All
,,-0.656501,0.225064,,,All
,,-0.656087,0.22532,,,All
,,-0.654106,0.225575,,,All
,,-0.653868,0.225831,,,All
,,-0.65269,0.226087,,,All
,,-0.652598,0.226343,,,All
,,-0.648887,0.226598,,,All
,,-0.648165,0.226854,,,All
,,-0.647051,0.22711,,,All
,,-0.646768,0.227366,,,All
,,-0.643577,0.227621,,,All
,,-0.643343,0.227877,,,All
,,-0.642816,0.228133,,,All
,,-0.64061,0.228389,,,All
,,-0.6405,0.228645,,,All
,,-0.640466,0.2289,,,All
,,-0.63909,0.229156,,,All
,,-0.63789,0.229412,,,All
,,-0.636967,0.229668,,,All
,,-0.636435,0.229923,,,All
,,-0.635465,0.230179,,,All
,,-0.635223,0.230435,,,All
,,-0.626729,0.230691,,,All
,,-0.626053,0.230946,,,All
,,-0.625144,0.231202,,,All
,,-0.624628,0.231458,,,All
,,-0.624413,0.231714,,,All
,,-0.622043,0.231969,,,All
,,-0.621977,0.232225,,,All
,,-0.621559,0.232481,,,All
,,-0.619388,0.232737,,,All
,,-0.618195,0.232992,,,All
,,-0.618016,0.233248,,,All
,,-0.616478,0.233504,,,All
,,-0.616256,0.23376,,,All
,,-0.616251,0.234015,,,All
,,-0.615863,0.234271,,,All
,,-0.613889,0.234527,,,All
,,-0.611756,0.234783,,,All
,,-0.610386,0.235038,,,All
,,-0.610307,0.235294,,,All
,,-0.609016,0.23555,,,All
,,-0.608936,0.235806,,,All
,,-0.605575,0.236061,,,All
,,-0.604976,0.236317,,,All
,,-0.60387,0.236573,,,All
,,-0.603745,0.236829,,,All
,,-0.603683,0.237084,,,All
,,-0.603285,0.23734,,,All
,,-0.601243,0.237596,,,All
,,-0.601009,0.237852,,,All
,,-0.599545,0.238107,,,All
,,-0.599041,0.238363,,,All
,,-0.59861,0.238619,,,All
,,-0.597845,0.238875,,,All
,,-0.596195,0.23913,,,All
,,-0.595721,0.239386,,,All
,,-0.595538,0.239642,,,All
,,-0.59488,0.239898,,,All
,,-0.593963,0.240153,,,All
,,-0.593477,0.240409,,,All
,,-0.593006,0.240665,,,All
,,-0.592974,0.240921,,,All
,,-0.591521,0.241176,,,All
,,-0.589641,0.241432,,,All
,,-0.588646,0.241688,,,All
,,-0.587536,0.241944,,,All
,,-0.587412,0.242199,,,All
,,-0.587406,0.242455,,,All
,,-0.585463,0.242711,,,All
,,-0.581374,0.242967,,,All
,,-0.581041,0.243223,,,All
,,-0.579583,0.243478,,,All
,,-0.578918,0.243734,,,All
,,-0.578159,0.24399,,,All
,,-0.577803,0.244246,,,All
,,-0.577782,0.244501,,,All
,,-0.571833,0.244757,,,All
,,-0.571079,0.245013,,,All
,,-0.569503,0.245269,,,All
,,-0.569496,0.245524,,,All
,,-0.569016,0.24578,,,All
,,-0.568103,0.246036,,,All
,,-0.567656,0.246292,,,All
,,-0.567256,0.246547,,,All
,,-0.566565,0.246803,,,All
,,-0.564877,0.247059,,,All
,,-0.564391,0.247315,,,All
,,-0.562736,0.24757,,,All
,,-0.562482,0.247826,,,All
,,-0.562314,0.248082,,,All
,,-0.562159,0.248338,,,All
,,-0.561838,0.248593,,,All
,,-0.56157,0.248849,,,All
,,-0.561142,0.249105,,,All
,,-0.560503,0.249361,,,All
,,-0.560044,0.249616,,,All
,,-0.559914,0.249872,,,All
,,-0.559638,0.250128,,,All
,,-0.559534,0.250384,,,All
,,-0.557474,0.250639,,,All
,,-0.556846,0.250895,,,All
,,-0.554361,0.251151,,,All
,,-0.553978,0.251407,,,All
,,-0.552734,0.251662,,,All
,,-0.551868,0.251918,,,All
,,-0.551266,0.252174,,,All
,,-0.547501,0.25243,,,All
,,-0.544145,0.252685,,,All
,,-0.544055,0.252941,,,All
,,-0.543773,0.253197,,,All
,,-0.541468,0.253453,,,All
,,-0.541373,0.253708,,,All
,,-0.540724,0.253964,,,All
,,-0.537876,0.25422,,,All
,,-0.537417,0.254476,,,All
,,-0.537402,0.254731,,,All
,,-0.537009,0.254987,,,All
,,-0.536993,0.255243,,,All
,,-0.536024,0.255499,,,All
,,-0.532346,0.255754,,,All
,,-0.532228,0.25601,,,All
,,-0.528551,0.256266,,,All
,,-0.528435,0.256522,,,All
,,-0.528206,0.256777,,,All
,,-0.527985,0.257033,,,All
,,-0.526914,0.257289,,,All
,,-0.526028,0.257545,,,All
,,-0.524774,0.257801,,,All
,,-0.52474,0.258056,,,All
,,-0.524586,0.258312,,,All
,,-0.522571,0.258568,,,All
,,-0.522099,0.258824,,,All
,,-0.520111,0.259079,,,All
,,-0.518039,0.259335,,,All
,,-0.516925,0.259591,,,All
,,-0.51671,0.259847,,,All
,,-0.516211,0.260102,,,All
,,-0.513869,0.260358,,,All
,,-0.512818,0.260614,,,All
,,-0.511626,0.26087,,,All
,,-0.510465,0.261125,,,All
,,-0.509911,0.261381,,,All
,,-0.507126,0.261637,,,All
,,-0.506875,0.261893,,,All
,,-0.506153,0.262148,,,All
,,-0.505838,0.262404,,,All
,,-0.505156,0.26266,,,All
,,-0.503449,0.262916,,,All
,,-0.502633,0.263171,,,All
,,-0.501658,0.263427,,,All
,,-0.501476,0.263683,,,All
,,-0.499382,0.263939,,,All
,,-0.498061,0.264194,,,All
,,-0.49777,0.26445,,,All
,,-0.496817,0.264706,,,All
,,-0.496304,0.264962,,,All
,,-0.496283,0.265217,,,All
,,-0.495598,0.265473,,,All
,,-0.495392,0.265729,,,All
,,-0.494322,0.265985,,,All
,,-0.493515,0.26624,,,All
,,-0.493206,0.266496,,,All
,,-0.492657,0.266752,,,All
,,-0.492437,0.267008,,,All
,,-0.491293,0.267263,,,All
,,-0.490879,0.267519,,,All
,,-0.490174,0.267775,,,All
,,-0.489099,0.268031,,,All
,,-0.488483,0.268286,,,All
,,-0.487953,0.268542,,,All
,,-0.484882,0.268798,,,All
,,-0.481109,0.269054,,,All
,,-0.479627,0.269309,,,All
,,-0.479123,0.269565,,,All
,,-0.478799,0.269821,,,All
,,-0.478211,0.270077,,,All
,,-0.47724,0.270332,,,All
,,-0.475004,0.270588,,,All
,,-0.472277,0.270844,,,All
,,-0.471118,0.2711,,,All
,,-0.470561,0.271355,,,All
,,-0.469466,0.271611,,,All
,,-0.469196,0.271867,,,All
,,-0.468603,0.272123,,,All
,,-0.466871,0.272379,,,All
,,-0.466829,0.272634,,,All
,,-0.465465,0.27289,,,All
,,-0.464797,0.273146,,,All
,,-0.463986,0.273402,,,All
,,-0.463701,0.273657,,,All
,,-0.463547,0.273913,,,All
,,-0.463373,0.274169,,,All
,,-0.461607,0.274425,,,All
,,-0.46074,0.27468,,,All
,,-0.460107,0.274936,,,All
,,-0.454951,0.275192,,,All
,,-0.454329,0.275448,,,All
,,-0.454239,0.275703,,,All
,,-0.454115,0.275959,,,All
,,-0.453744,0.276215,,,All
,,-0.453541,0.276471,,,All
,,-0.453335,0.276726,,,All
,,-0.453142,0.276982,,,All
,,-0.451242,0.277238,,,All
,,-0.450583,0.277494,,,All
,,-0.450103,0.277749,,,All
,,-0.449501,0.278005,,,All
,,-0.447995,0.278261,,,All
,,-0.446961,0.278517,,,All
,,-0.446603,0.278772,,,All
,,-0.446269,0.279028,,,All
,,-0.445775,0.279284,,,All
,,-0.443403,0.27954,,,All
,,-0.443357,0.279795,,,All
,,-0.441886,0.280051,,,All
,,-0.439769,0.280307,,,All
,,-0.439759,0.280563,,,All
,,-0.438659,0.280818,,,All
,,-0.437351,0.281074,,,All
,,-0.436727,0.28133,,,All
,,-0.43641,0.281586,,,All
,,-0.432452,0.281841,,,All
,,-0.431034,0.282097,,,All
,,-0.430124,0.282353,,,All
,,-0.429554,0.282609,,,All
,,-0.429159,0.282864,,,All
,,-0.428961,0.28312,,,All
,,-0.428314,0.283376,,,All
,,-0.426018,0.283632,,,All
,,-0.425662,0.283887,,,All
,,-0.422713,0.284143,,,All
,,-0.42118,0.284399,,,All
,,-0.420821,0.284655,,,All
,,-0.417894,0.28491,,,All
,,-0.41599,0.285166,,,All
,,-0.415308,0.285422,,,All
,,-0.411866,0.285678,,,All
,,-0.411368,0.285934,,,All
,,-0.409635,0.286189,,,All
,,-0.40932,0.286445,,,All
,,-0.408601,0.286701,,,All
,,-0.406943,0.286957,,,All
,,-0.406909,0.287212,,,All
,,-0.406581,0.287468,,,All
,,-0.406249,0.287724,,,All
,,-0.40241,0.28798,,,All
,,-0.401799,0.288235,,,All
,,-0.400598,0.288491,,,All
,,-0.400184,0.288747,,,All
,,-0.399488,0.289003,,,All
,,-0.398945,0.289258,,,All
,,-0.398665,0.289514,,,All
,,-0.398184,0.28977,,,All
,,-0.397434,0.290026,,,All
,,-0.397417,0.290281,,,All
,,-0.396159,0.290537,,,All
,,-0.392735,0.290793,,,All
,,-0.391118,0.291049,,,All
,,-0.39077,0.291304,,,All
,,-0.390434,0.29156,,,All
,,-0.389527,0.291816,,,All
,,-0.388182,0.292072,,,All
,,-0.388174,0.292327,,,All
,,-0.388142,0.292583,,,All
,,-0.387696,0.292839,,,All
,,-0.386663,0.293095,,,All
,,-0.384527,0.29335,,,All
,,-0.382478,0.293606,,,All
,,-0.381861,0.293862,,,All
,,-0.381784,0.294118,,,All
,,-0.378333,0.294373,,,All
,,-0.378164,0.294629,,,All
,,-0.37805,0.294885,,,All
,,-0.376439,0.295141,,,All
,,-0.374603,0.295396,,,All
,,-0.374347,0.295652,,,All
,,-0.369755,0.295908,,,All
,,-0.369436,0.296164,,,All
,,-0.369177,0.296419,,,All
,,-0.368374,0.296675,,,All
,,-0.366464,0.296931,,,All
,,-0.365888,0.297187,,,All
,,-0.365662,0.297442,,,All
,,-0.365276,0.297698,,,All
,,-0.363316,0.297954,,,All
,,-0.362662,0.29821,,,All
,,-0.362527,0.298465,,,All
,,-0.362359,0.298721,,,All
,,-0.361579,0.298977,,,All
,,-0.359739,0.299233,,,All
,,-0.359135,0.299488,,,All
,,-0.357911,0.299744,,,All
,,-0.357869,0.3,,,All
,,-0.35761,0.300256,,,All
,,-0.357267,0.300512,,,All
,,-0.356725,0.300767,,,All
,,-0.355481,0.301023,,,All
,,-0.352621,0.301279,,,All
,,-0.351922,0.301535,,,All
,,-0.351909,0.30179,,,All
,,-0.349243,0.302046,,,All
,,-0.348703,0.302302,,,All
,,-0.34814,0.302558,,,All
,,-0.347638,0.302813,,,All
,,-0.347605,0.303069,,,All
,,-0.347485,0.303325,,,All
,,-0.346165,0.303581,,,All
,,-0.344127,0.303836,,,All
,,-0.342982,0.304092,,,All
,,-0.342574,0.304348,,,All
,,-0.341921,0.304604,,,All
,,-0.341296,0.304859,,,All
,,-0.340876,0.305115,,,All
,,-0.338983,0.305371,,,All
,,-0.338928,0.305627,,,All
,,-0.336487,0.305882,,,All
,,-0.33424,0.306138,,,All
,,-0.333949,0.306394,,,All
,,-0.332563,0.30665,,,All
,,-0.329819,0.306905,,,All
,,-0.329764,0.307161,,,All
,,-0.329756,0.307417,,,All
,,-0.328729,0.307673,,,All
,,-0.328467,0.307928,,,All
,,-0.328192,0.308184,,,All
,,-0.327772,0.30844,,,All
,,-0.327389,0.308696,,,All
,,-0.324369,0.308951,,,All
,,-0.322962,0.309207,,,All
,,-0.321904,0.309463,,,All
,,-0.321266,0.309719,,,All
,,-0.320543,0.309974,,,All
,,-0.320164,0.31023,,,All
,,-0.318994,0.310486,,,All
,,-0.318783,0.310742,,,All
,,-0.318186,0.310997,,,All
,,-0.317445,0.311253,,,All
,,-0.316917,0.311509,,,All
,,-0.316902,0.311765,,,All
,,-0.315689,0.31202,,,All
,,-0.314269,0.312276,,,All
,,-0.311772,0.312532,,,All
,,-0.308327,0.312788,,,All
,,-0.307906,0.313043,,,All
,,-0.307383,0.313299,,,All
,,-0.305166,0.313555,,,All
,,-0.304953,0.313811,,,All
,,-0.304446,0.314066,,,All
,,-0.303277,0.314322,,,All
,,-0.302901,0.314578,,,All
,,-0.30174,0.314834,,,All
,,-0.301505,0.31509,,,All
,,-0.299698,0.315345,,,All
,,-0.299634,0.315601,,,All
,,-0.299579,0.315857,,,All
,,-0.29856,0.316113,,,All
,,-0.298003,0.316368,,,All
,,-0.295792,0.316624,,,All
,,-0.295373,0.31688,,,All
,,-0.295229,0.317136,,,All
,,-0.29269,0.317391,,,All
,,-0.291763,0.317647,,,All
,,-0.290836,0.317903,,,All
,,-0.289875,0.318159,,,All
,,-0.288985,0.318414,,,All
,,-0.28797,0.31867,,,All
,,-0.287497,0.318926,,,All
,,-0.286211,0.319182,,,All
,,-0.283392,0.319437,,,All
,,-0.282222,0.319693,,,All
,,-0.281343,0.319949,,,All
,,-0.280878,0.320205,,,All
,,-0.279214,0.32046,,,All
,,-0.279055,0.320716,,,All
,,-0.277536,0.320972,,,All
,,-0.276544,0.321228,,,All
,,-0.275084,0.321483,,,All
,,-0.274191,0.321739,,,All
,,-0.27366,0.321995,,,All
,,-0.272984,0.322251,,,All
,,-0.272582,0.322506,,,All
,,-0.272242,0.322762,,,All
,,-0.271227,0.323018,,,All
,,-0.271174,0.323274,,,All
,,-0.269904,0.323529,,,All
,,-0.269122,0.323785,,,All
,,-0.269021,0.324041,,,All
,,-0.268328,0.324297,,,All
,,-0.268284,0.324552,,,All
,,-0.265781,0.324808,,,All
,,-0.265609,0.325064,,,All
,,-0.264953,0.32532,,,All
,,-0.264653,0.325575,,,All
,,-0.262518,0.325831,,,All
,,-0.2622,0.326087,,,All
,,-0.260916,0.326343,,,All
,,-0.260658,0.326598,,,All
,,-0.257737,0.326854,,,All
,,-0.257377,0.32711,,,All
,,-0.257327,0.327366,,,All
,,-0.255247,0.327621,,,All
,,-0.254584,0.327877,,,All
,,-0.253679,0.328133,,,All
,,-0.253272,0.328389,,,All
,,-0.253037,0.328645,,,All
,,-0.251155,0.3289,,,All
,,-0.249424,0.329156,,,All
,,-0.249113,0.329412,,,All
,,-0.248948,0.329668,,,All
,,-0.248725,0.329923,,,All
,,-0.248515,0.330179,,,All
,,-0.248111,0.330435,,,All
,,-0.247224,0.330691,,,All
,,-0.247043,0.330946,,,All
,,-0.246323,0.331202,,,All
,,-0.245329,0.331458,,,All
,,-0.244343,0.331714,,,All
,,-0.240374,0.331969,,,All
,,-0.239717,0.332225,,,All
,,-0.238917,0.332481,,,All
,,-0.238647,0.332737,,,All
,,-0.23842,0.332992,,,All
,,-0.235821,0.333248,,,All
,,-0.235356,0.333504,,,All
,,-0.234301,0.33376,,,All
,,-0.232737,0.334015,,,All
,,-0.232613,0.334271,,,All
,,-0.232059,0.334527,,,All
,,-0.227424,0.334783,,,All
,,-0.22653,0.335038,,,All
,,-0.224449,0.335294,,,All
,,-0.224113,0.33555,,,All
,,-0.221711,0.335806,,,All
,,-0.221123,0.336061,,,All
,,-0.220819,0.336317,,,All
,,-0.220633,0.336573,,,All
,,-0.219224,0.336829,,,All
,,-0.216211,0.337084,,,All
,,-0.215394,0.33734,,,All
,,-0.215314,0.337596,,,All
,,-0.213787,0.337852,,,All
,,-0.212858,0.338107,,,All
,,-0.211873,0.338363,,,All
,,-0.211794,0.338619,,,All
,,-0.209852,0.338875,,,All
,,-0.208703,0.33913,,,All
,,-0.207083,0.339386,,,All
,,-0.20661,0.339642,,,All
,,-0.206174,0.339898,,,All
,,-0.205783,0.340153,,,All
,,-0.203841,0.340409,,,All
,,-0.203719,0.340665,,,All
,,-0.203621,0.340921,,,All
,,-0.201146,0.341176,,,All
,,-0.200258,0.341432,,,All
,,-0.199301,0.341688,,,All
,,-0.198712,0.341944,,,All
,,-0.19841,0.342199,,,All
,,-0.1982,0.342455,,,All
,,-0.197791,0.342711,,,All
,,-0.19777,0.342967,,,All
,,-0.197592,0.343223,,,All
,,-0.195844,0.343478,,,All
,,-0.194792,0.343734,,,All
,,-0.19315,0.34399,,,All
,,-0.192862,0.344246,,,All
,,-0.191715,0.344501,,,All
,,-0.191712,0.344757,,,All
,,-0.191671,0.345013,,,All
,,-0.191167,0.345269,,,All
,,-0.190907,0.345524,,,All
,,-0.18958,0.34578,,,All
,,-0.189477,0.346036,,,All
,,-0.189093,0.346292,,,All
,,-0.189067,0.346547,,,All
,,-0.186867,0.346803,,,All
,,-0.186594,0.347059,,,All
,,-0.186445,0.347315,,,All
,,-0.185723,0.34757,,,All
,,-0.184414,0.347826,,,All
,,-0.184135,0.348082,,,All
,,-0.182829,0.348338,,,All
,,-0.182095,0.348593,,,All
,,-0.18093,0.348849,,,All
,,-0.179855,0.349105,,,All
,,-0.179479,0.349361,,,All
,,-0.176731,0.349616,,,All
,,-0.175917,0.349872,,,All
,,-0.175276,0.350128,,,All
,,-0.174897,0.350384,,,All
,,-0.174555,0.350639,,,All
,,-0.172171,0.350895,,,All
,,-0.171338,0.351151,,,All
,,-0.169844,0.351407,,,All
,,-0.16951,0.351662,,,All
,,-0.169399,0.351918,,,All
,,-0.168843,0.352174,,,All
,,-0.168684,0.35243,,,All
,,-0.168156,0.352685,,,All
,,-0.167396,0.352941,,,All
,,-0.167272,0.353197,,,All
,,-0.166948,0.353453,,,All
,,-0.165542,0.353708,,,All
,,-0.165338,0.353964,,,All
,,-0.163412,0.35422,,,All
,,-0.160869,0.354476,,,All
,,-0.159317,0.354731,,,All
,,-0.15863,0.354987,,,All
,,-0.157224,0.355243,,,All
,,-0.157147,0.355499,,,All
,,-0.156973,0.355754,,,All
,,-0.156851,0.35601,,,All
,,-0.156607,0.356266,,,All
,,-0.155061,0.356522,,,All
,,-0.154821,0.356777,,,All
,,-0.153056,0.357033,,,All
,,-0.151414,0.357289,,,All
,,-0.15021,0.357545,,,All
,,-0.14544,0.357801,,,All
,,-0.144076,0.358056,,,All
,,-0.143889,0.358312,,,All
,,-0.143577,0.358568,,,All
,,-0.142783,0.358824,,,All
,,-0.142232,0.359079,,,All
,,-0.141218,0.359335,,,All
,,-0.140516,0.359591,,,All
,,-0.139879,0.359847,,,All
,,-0.138857,0.360102,,,All
,,-0.137369,0.360358,,,All
,,-0.135584,0.360614,,,All
,,-0.135273,0.36087,,,All
,,-0.134674,0.361125,,,All
,,-0.134155,0.361381,,,All
,,-0.132996,0.361637,,,All
,,-0.132815,0.361893,,,All
,,-0.131201,0.362148,,,All
,,-0.131147,0.362404,,,All
,,-0.131037,0.36266,,,All
,,-0.128721,0.362916,,,All
,,-0.128501,0.363171,,,All
,,-0.128498,0.363427,,,All
,,-0.126767,0.363683,,,All
,,-0.126736,0.363939,,,All
,,-0.123973,0.364194,,,All
,,-0.123772,0.36445,,,All
,,-0.1214,0.364706,,,All
,,-0.118774,0.364962,,,All
,,-0.116538,0.365217,,,All
,,-0.11634,0.365473,,,All
,,-0.11473,0.365729,,,All
,,-0.113788,0.365985,,,All
,,-0.112826,0.36624,,,All
,,-0.108907,0.366496,,,All
,,-0.108466,0.366752,,,All
,,-0.107439,0.367008,,,All
,,-0.106859,0.367263,,,All
,,-0.105567,0.367519,,,All
,,-0.105048,0.367775,,,All
,,-0.104336,0.368031,,,All
,,-0.104128,0.368286,,,All
,,-0.103953,0.368542,,,All
,,-0.103344,0.368798,,,All
,,-0.102942,0.369054,,,All
,,-0.10291,0.369309,,,All
,,-0.102819,0.369565,,,All
,,-0.10267,0.369821,,,All
,,-0.102449,0.370077,,,All
,,-0.10157,0.370332,,,All
,,-0.101543,0.370588,,,All
,,-0.101075,0.370844,,,All
,,-0.0991364,0.3711,,,All
,,-0.0978901,0.371355,,,All
,,-0.0974851,0.371611,,,All
,,-0.0971579,0.371867,,,All
,,-0.0963492,0.372123,,,All
,,-0.0951394,0.372379,,,All
,,-0.0951039,0.372634,,,All
,,-0.0926141,0.37289,,,All
,,-0.0903618,0.373146,,,All
,,-0.0895353,0.373402,,,All
,,-0.0892178,0.373657,,,All
,,-0.0889164,0.373913,,,All
,,-0.0882016,0.374169,,,All
,,-0.0881892,0.374425,,,All
,,-0.0880784,0.37468,,,All
,,-0.0874424,0.374936,,,All
,,-0.0872081,0.375192,,,All
,,-0.0871363,0.375448,,,All
,,-0.0866307,0.375703,,,All
,,-0.0840391,0.375959,,,All
,,-0.0833591,0.376215,,,All
,,-0.0811438,0.376471,,,All
,,-0.0806141,0.376726,,,All
,,-0.0800748,0.376982,,,All
,,-0.0799619,0.377238,,,All
,,-0.0793123,0.377494,,,All
,,-0.0792504,0.377749,,,All
,,-0.079108,0.378005,,,All
,,-0.0788948,0.378261,,,All
,,-0.0783995,0.378517,,,All
,,-0.0777692,0.378772,,,All
,,-0.0758476,0.379028,,,All
,,-0.0741401,0.379284,,,All
,,-0.0739058,0.37954,,,All
,,-0.0731019,0.379795,,,All
,,-0.0709086,0.380051,,,All
,,-0.0703558,0.380307,,,All
,,-0.0702065,0.380563,,,All
,,-0.0695686,0.380818,,,All
,,-0.0676672,0.381074,,,All
,,-0.0666661,0.38133,,,All
,,-0.0663763,0.381586,,,All
,,-0.0657366,0.381841,,,All
,,-0.0648238,0.382097,,,All
,,-0.0643446,0.382353,,,All
,,-0.0627686,0.382609,,,All
,,-0.0622499,0.382864,,,All
,,-0.0620504,0.38312,,,All
,,-0.0614492,0.383376,,,All
,,-0.0603718,0.383632,,,All
,,-0.0596664,0.383887,,,All
,,-0.0589748,0.384143,,,All
,,-0.058054,0.384399,,,All
,,-0.0578956,0.384655,,,All
,,-0.0570242,0.38491,,,All
,,-0.055943,0.385166,,,All
,,-0.0553504,0.385422,,,All
,,-0.0525424,0.385678,,,All
,,-0.0516263,0.385934,,,All
,,-0.0512598,0.386189,,,All
,,-0.0509008,0.386445,,,All
,,-0.0502957,0.386701,,,All
,,-0.0502256,0.386957,,,All
,,-0.0491223,0.387212,,,All
,,-0.0487897,0.387468,,,All
,,-0.0487558,0.387724,,,All
,,-0.0486518,0.38798,,,All
,,-0.0477559,0.388235,,,All
,,-0.0461001,0.388491,,,All
,,-0.0459937,0.388747,,,All
,,-0.0458132,0.389003,,,All
,,-0.0400786,0.389258,,,All
,,-0.0388044,0.389514,,,All
,,-0.0387162,0.38977,,,All
,,-0.0380554,0.390026,,,All
,,-0.0376589,0.390281,,,All
,,-0.0370281,0.390537,,,All
,,-0.0370167,0.390793,,,All
,,-0.0358261,0.391049,,,All
,,-0.0356587,0.391304,,,All
,,-0.0356587,0.39156,,,All
,,-0.0352554,0.391816,,,All
,,-0.03498,0.392072,,,All
,,-0.0349037,0.392327,,,All
,,-0.0347179,0.392583,,,All
,,-0.0308834,0.392839,,,All
,,-0.0304648,0.393095,,,All
,,-0.0267969,0.39335,,,All
,,-0.0267707,0.393606,,,All
,,-0.0263694,0.393862,,,All
,,-0.0261267,0.394118,,,All
,,-0.0255393,0.394373,,,All
,,-0.0248728,0.394629,,,All
,,-0.0196916,0.394885,,,All
,,-0.0190779,0.395141,,,All
,,-0.0182212,0.395396,,,All
,,-0.0176557,0.395652,,,All
,,-0.0169656,0.395908,,,All
,,-0.016762,0.396164,,,All
,,-0.0165265,0.396419,,,All
,,-0.0164303,0.396675,,,All
,,-0.016146,0.396931,,,All
,,-0.0152819,0.397187,,,All
,,-0.0142415,0.397442,,,All
,,-0.0137775,0.397698,,,All
,,-0.0120221,0.397954,,,All
,,-0.0118541,0.39821,,,All
,,-0.0109955,0.398465,,,All
,,-0.00964132,0.398721,,,All
,,-0.00858251,0.398977,,,All
,,-0.0080286,0.399233,,,All
,,-0.00768738,0.399488,,,All
,,-0.00744073,0.399744,,,All
,,-0.00708922,0.4,,,All
,,-0.00701932,0.400256,,,All
,,-0.00509368,0.400512,,,All
,,-0.00424158,0.400767,,,All
,,-0.00411516,0.401023,,,All
,,-0.00393445,0.401279,,,All
,,-0.00326577,0.401535,,,All
,,-0.00184946,0.40179,,,All
,,-0.00149221,0.402046,,,All
,,-0.000667268,0.402302,,,All
,,-2.20365e-05,0.402558,,,All
,,0,0.402813,,,All
,,0,0.403069,,,All
,,0,0.403325,,,All
,,0,0.403581,,,All
,,0,0.403836,,,All
,,0,0.404092,,,All
,,0,0.404348,,,All
,,0,0.404604,,,All
,,0,0.404859,,,All
,,0,0.405115,,,All
,,0,0.405371,,,All
,,0,0.405627,,,All
,,0,0.405882,,,All
,,0,0.406138,,,All
,,0,0.406394,,,All
,,0,0.40665,,,All
,,0,0.406905,,,All
,,0,0.407161,,,All
,,0,0.407417,,,All
,,0,0.407673,,,All
,,0,0.407928,,,All
,,0,0.408184,,,All
,,0,0.40844,,,All
,,0,0.408696,,,All
,,0,0.408951,,,All
,,0,0.409207,,,All
,,0,0.409463,,,All
,,0,0.409719,,,All
,,0,0.409974,,,All
,,0,0.41023,,,All
,,0,0.410486,,,All
,,0,0.410742,,,All
,,0,0.410997,,,All
,,0,0.411253,,,All
,,0,0.411509,,,All
,,0,0.411765,,,All
,,0,0.41202,,,All
,,0,0.412276,,,All
,,0,0.412532,,,All
,,0,0.412788,,,All
,,0,0.413043,,,All
,,0,0.413299,,,All
,,0,0.413555,,,All
,,0,0.413811,,,All
,,0,0.414066,,,All
,,0,0.414322,,,All
,,0,0.414578,,,All
,,0,0.414834,,,All
,,0,0.41509,,,All
,,0,0.415345,,,All
,,0,0.415601,,,All
,,0,0.415857,,,All
,,0,0.416113,,,All
,,0,0.416368,,,All
,,0,0.416624,,,All
,,0,0.41688,,,All
,,0,0.417136,,,All
,,0,0.417391,,,All
,,0,0.417647,,,All
,,0,0.417903,,,All
,,0,0.418159,,,All
,,0,0.418414,,,All
,,0,0.41867,,,All
,,0,0.418926,,,All
,,0,0.419182,,,All
,,0,0.419437,,,All
,,0,0.419693,,,All
,,0,0.419949,,,All
,,0,0.420205,,,All
,,0,0.42046,,,All
,,0,0.420716,,,All
,,0,0.420972,,,All
,,0,0.421228,,,All
,,0,0.421483,,,All
,,0,0.421739,,,All
,,0,0.421995,,,All
,,0,0.422251,,,All
,,0,0.422506,,,All
,,0,0.422762,,,All
,,0,0.423018,,,All
,,0,0.423274,,,All
,,0,0.423529,,,All
,,0,0.423785,,,All
,,0,0.424041,,,All
,,0,0.424297,,,All
,,0,0.424552,,,All
,,0,0.424808,,,All
,,0,0.425064,,,All
,,0,0.42532,,,All
,,0,0.425575,,,All
,,0,0.425831,,,All
,,0,0.426087,,,All
,,0,0.426343,,,All
,,0,0.426598,,,All
,,0,0.426854,,,All
,,0,0.42711,,,All
,,0,0.427366,,,All
,,0,0.427621,,,All
,,0,0.427877,,,All
,,0,0.428133,,,All
,,0,0.428389,,,All
,,0,0.428645,,,All
,,0,0.4289,,,All
,,0,0.429156,,,All
,,0,0.429412,,,All
,,0,0.429668,,,All
,,0,0.429923,,,All
,,0,0.430179,,,All
,,0,0.430435,,,All
,,0,0.430691,,,All
,,0,0.430946,,,All
,,0,0.431202,,,All
,,0,0.431458,,,All
,,0,0.431714,,,All
,,0,0.431969,,,All
,,0,0.432225,,,All
,,0,0.432481,,,All
,,0,0.432737,,,All
,,0,0.432992,,,All
,,0,0.433248,,,All
,,0,0.433504,,,All
,,0,0.43376,,,All
,,0,0.434015,,,All
,,0,0.434271,,,All
,,0,0.434527,,,All
,,0,0.434783,,,All
,,0,0.435038,,,All
,,0,0.435294,,,All
,,0,0.43555,,,All
,,0,0.435806,,,All
,,0,0.436061,,,All
,,0,0.436317,,,All
,,0,0.436573,,,All
,,0,0.436829,,,All
,,0,0.437084,,,All
,,0,0.43734,,,All
,,0,0.437596,,,All
,,0,0.437852,,,All
,,0,0.438107,,,All
,,0,0.438363,,,All
,,0,0.438619,,,All
,,0,0.438875,,,All
,,0,0.43913,,,All
,,0,0.439386,,,All
,,0,0.439642,,,All
,,0,0.439898,,,All
,,0,0.440153,,,All
,,0,0.440409,,,All
,,0,0.440665,,,All
,,0,0.440921,,,All
,,0,0.441176,,,All
,,0,0.441432,,,All
,,0,0.441688,,,All
,,0,0.441944,,,All
,,0,0.442199,,,All
,,0,0.442455,,,All
,,0,0.442711,,,All
,,0,0.442967,,,All
,,0,0.443223,,,All
,,0,0.443478,,,All
,,0,0.443734,,,All
,,0,0.44399,,,All
,,0,0.444246,,,All
,,0,0.444501,,,All
,,0,0.444757,,,All
,,0,0.445013,,,All
,,0,0.445269,,,All
,,0,0.445524,,,All
,,0,0.44578,,,All
,,0,0.446036,,,All
,,0,0.446292,,,All
,,0,0.446547,,,All
,,0,0.446803,,,All
,,0,0.447059,,,All
,,0,0.447315,,,All
,,0,0.44757,,,All
,,0,0.447826,,,All
,,0,0.448082,,,All
,,0,0.448338,,,All
,,0,0.448593,,,All
,,0,0.448849,,,All
,,0,0.449105,,,All
,,0,0.449361,,,All
,,0,0.449616,,,All
,,0,0.449872,,,All
,,0,0.450128,,,All
,,0,0.450384,,,All
,,0,0.450639,,,All
,,0,0.450895,,,All
,,0,0.451151,,,All
,,0,0.451407,,,All
,,0,0.451662,,,All
,,0,0.451918,,,All
,,0,0.452174,,,All
,,0,0.45243,,,All
,,0,0.452685,,,All
,,0,0.452941,,,All
,,0,0.453197,,,All
,,0,0.453453,,,All
,,0,0.453708,,,All
,,0,0.453964,,,All
,,0,0.45422,,,All
,,0,0.454476,,,All
,,0,0.454731,,,All
,,0,0.454987,,,All
,,0,0.455243,,,All
,,0,0.455499,,,All
,,0,0.455754,,,All
,,0,0.45601,,,All
,,0,0.456266,,,All
,,0,0.456522,,,All
,,0,0.456777,,,All
,,0,0.457033,,,All
,,0,0.457289,,,All
,,0,0.457545,,,All
,,0,0.457801,,,All
,,0,0.458056,,,All
,,0,0.458312,,,All
,,0,0.458568,,,All
,,0,0.458824,,,All
,,0,0.459079,,,All
,,0,0.459335,,,All
,,0,0.459591,,,All
,,0,0.459847,,,All
,,0,0.460102,,,All
,,0,0.460358,,,All
,,0,0.460614,,,All
,,0,0.46087,,,All
,,0,0.461125,,,All
,,0,0.461381,,,All
,,0,0.461637,,,All
,,0,0.461893,,,All
,,0,0.462148,,,All
,,0,0.462404,,,All
,,0,0.46266,,,All
,,0,0.462916,,,All
,,0,0.463171,,,All
,,0,0.463427,,,All
,,0,0.463683,,,All
,,0,0.463939,,,All
,,0,0.464194,,,All
,,0,0.46445,,,All
,,0,0.464706,,,All
,,0,0.464962,,,All
,,0,0.465217,,,All
,,0,0.465473,,,All
,,0,0.465729,,,All
,,0,0.465985,,,All
,,0,0.46624,,,All
,,0,0.466496,,,All
,,0,0.466752,,,All
,,0,0.467008,,,All
,,0,0.467263,,,All
,,0,0.467519,,,All
,,0,0.467775,,,All
,,0,0.468031,,,All
,,0,0.468286,,,All
,,0,0.468542,,,All
,,0,0.468798,,,All
,,0,0.469054,,,All
,,0,0.469309,,,All
,,0,0.469565,,,All
,,0,0.469821,,,All
,,0,0.470077,,,All
,,0,0.470332,,,All
,,0,0.470588,,,All
,,0,0.470844,,,All
,,0,0.4711,,,All
,,0,0.471355,,,All
,,0,0.471611,,,All
,,0,0.471867,,,All
,,0,0.472123,,,All
,,0,0.472379,,,All
,,0,0.472634,,,All
,,0,0.47289,,,All
,,0,0.473146,,,All
,,0,0.473402,,,All
,,0,0.473657,,,All
,,0,0.473913,,,All
,,0,0.474169,,,All
,,0,0.474425,,,All
,,0,0.47468,,,All
,,0,0.474936,,,All
,,0,0.475192,,,All
,,0,0.475448,,,All
,,0,0.475703,,,All
,,0,0.475959,,,All
,,0,0.476215,,,All
,,0,0.476471,,,All
,,0,0.476726,,,All
,,0,0.476982,,,All
,,0,0.477238,,,All
,,0,0.477494,,,All
,,0,0.477749,,,All
,,0,0.478005,,,All
,,0,0.478261,,,All
,,0,0.478517,,,All
,,0,0.478772,,,All
,,0,0.479028,,,All
,,0,0.479284,,,All
,,0,0.47954,,,All
,,0,0.479795,,,All
,,0,0.480051,,,All
,,0,0.480307,,,All
,,0,0.480563,,,All
,,0,0.480818,,,All
,,0,0.481074,,,All
,,0,0.48133,,,All
,,0,0.481586,,,All
,,0,0.481841,,,All
,,0,0.482097,,,All
,,0,0.482353,,,All
,,0,0.482609,,,All
,,0,0.482864,,,All
,,0,0.48312,,,All
,,0,0.483376,,,All
,,0,0.483632,,,All
,,0,0.483887,,,All
,,0,0.484143,,,All
,,0,0.484399,,,All
,,0,0.484655,,,All
,,0,0.48491,,,All
,,0,0.485166,,,All
,,0,0.485422,,,All
,,0,0.485678,,,All
,,0,0.485934,,,All
,,0,0.486189,,,All
,,0,0.486445,,,All
,,0,0.486701,,,All
,,0,0.486957,,,All
,,0,0.487212,,,All
,,0,0.487468,,,All
,,0,0.487724,,,All
,,0,0.48798,,,All
,,0,0.488235,,,All
,,0,0.488491,,,All
,,0,0.488747,,,All
,,0,0.489003,,,All
,,0,0.489258,,,All
,,0,0.489514,,,All
,,0,0.48977,,,All
,,0,0.490026,,,All
,,0,0.490281,,,All
,,0,0.490537,,,All
,,0,0.490793,,,All
,,0,0.491049,,,All
,,0,0.491304,,,All
,,0,0.49156,,,All
,,0,0.491816,,,All
,,0,0.492072,,,All
,,0,0.492327,,,All
,,0,0.492583,,,All
,,0,0.492839,,,All
,,0,0.493095,,,All
,,0,0.49335,,,All
,,0,0.493606,,,All
,,0,0.493862,,,All
,,0,0.494118,,,All
,,0,0.494373,,,All
,,0,0.494629,,,All
,,0,0.494885,,,All
,,0,0.495141,,,All
,,0,0.495396,,,All
,,0,0.495652,,,All
,,0,0.495908,,,All
,,0,0.496164,,,All
,,0,0.496419,,,All
,,0,0.496675,,,All
,,0,0.496931,,,All
,,0,0.497187,,,All
,,0,0.497442,,,All
,,0,0.497698,,,All
,,0,0.497954,,,All
,,0,0.49821,,,All
,,0,0.498465,,,All
,,0,0.498721,,,All
,,0,0.498977,,,All
,,0,0.499233,,,All
,,0,0.499488,,,All
,,0,0.499744,,,All
,,0,0.5,,,All
,,0,0.500256,,,All
,,0,0.500512,,,All
,,0,0.500767,,,All
,,0,0.501023,,,All
,,0,0.501279,,,All
,,0,0.501535,,,All
,,0,0.50179,,,All
,,0,0.502046,,,All
,,0,0.502302,,,All
,,0,0.502558,,,All
,,0,0.502813,,,All
,,0,0.503069,,,All
,,0,0.503325,,,All
,,0,0.503581,,,All
,,0,0.503836,,,All
,,0,0.504092,,,All
,,0,0.504348,,,All
,,0,0.504604,,,All
,,0,0.504859,,,All
,,0,0.505115,,,All
,,0,0.505371,,,All
,,0,0.505627,,,All
,,0,0.505882,,,All
,,0,0.506138,,,All
,,0,0.506394,,,All
,,0,0.50665,,,All
,,0,0.506905,,,All
,,0,0.507161,,,All
,,0,0.507417,,,All
,,0,0.507673,,,All
,,0,0.507928,,,All
,,0,0.508184,,,All
,,0,0.50844,,,All
,,0,0.508696,,,All
,,0,0.508951,,,All
,,0,0.509207,,,All
,,0,0.509463,,,All
,,0,0.509719,,,All
,,0,0.509974,,,All
,,0,0.51023,,,All
,,0,0.510486,,,All
,,0,0.510742,,,All
,,0,0.510997,,,All
,,0,0.511253,,,All
,,0,0.511509,,,All
,,0,0.511765,,,All
,,0,0.51202,,,All
,,0,0.512276,,,All
,,0,0.512532,,,All
,,0,0.512788,,,All
,,0,0.513043,,,All
,,0,0.513299,,,All
,,0,0.513555,,,All
,,0,0.513811,,,All
,,0,0.514066,,,All
,,0,0.514322,,,All
,,0,0.514578,,,All
,,0,0.514834,,,All
,,0,0.51509,,,All
,,0,0.515345,,,All
,,0,0.515601,,,All
,,0,0.515857,,,All
,,0,0.516113,,,All
,,0,0.516368,,,All
,,0,0.516624,,,All
,,0,0.51688,,,All
,,0,0.517136,,,All
,,0,0.517391,,,All
,,0,0.517647,,,All
,,0,0.517903,,,All
,,0,0.518159,,,All
,,0,0.518414,,,All
,,0,0.51867,,,All
,,0,0.518926,,,All
,,0,0.519182,,,All
,,0,0.519437,,,All
,,0,0.519693,,,All
,,0,0.519949,,,All
,,0,0.520205,,,All
,,0,0.52046,,,All
,,0,0.520716,,,All
,,0,0.520972,,,All
,,0,0.521228,,,All
,,0,0.521483,,,All
,,0,0.521739,,,All
,,0,0.521995,,,All
,,0,0.522251,,,All
,,0,0.522506,,,All
,,0,0.522762,,,All
,,0,0.523018,,,All
,,0,0.523274,,,All
,,0,0.523529,,,All
,,0,0.523785,,,All
,,0,0.524041,,,All
,,0,0.524297,,,All
,,0,0.524552,,,All
,,0,0.524808,,,All
,,0,0.525064,,,All
,,0,0.52532,,,All
,,0,0.525575,,,All
,,0,0.525831,,,All
,,0,0.526087,,,All
,,0,0.526343,,,All
,,0,0.526598,,,All
,,0,0.526854,,,All
,,0,0.52711,,,All
,,0,0.527366,,,All
,,0,0.527621,,,All
,,0,0.527877,,,All
,,0,0.528133,,,All
,,0,0.528389,,,All
,,0,0.528645,,,All
,,0,0.5289,,,All
,,0,0.529156,,,All
,,0,0.529412,,,All
,,0,0.529668,,,All
,,0,0.529923,,,All
,,0,0.530179,,,All
,,0,0.530435,,,All
,,0,0.530691,,,All
,,0,0.530946,,,All
,,0,0.531202,,,All
,,0,0.531458,,,All
,,0,0.531714,,,All
,,0,0.531969,,,All
,,0,0.532225,,,All
,,0,0.532481,,,All
,,0,0.532737,,,All
,,0,0.532992,,,All
,,0,0.533248,,,All
,,0,0.533504,,,All
,,0,0.53376,,,All
,,0,0.534015,,,All
,,0,0.534271,,,All
,,0,0.534527,,,All
,,0,0.534783,,,All
,,0,0.535038,,,All
,,0,0.535294,,,All
,,0,0.53555,,,All
,,0,0.535806,,,All
,,0,0.536061,,,All
,,0,0.536317,,,All
,,0,0.536573,,,All
,,0,0.536829,,,All
,,0,0.537084,,,All
,,0,0.53734,,,All
,,0,0.537596,,,All
,,0,0.537852,,,All
,,0,0.538107,,,All
,,0,0.538363,,,All
,,0,0.538619,,,All
,,0,0.538875,,,All
,,0,0.53913,,,All
,,0,0.539386,,,All
,,0,0.539642,,,All
,,0,0.539898,,,All
,,0,0.540153,,,All
,,0,0.540409,,,All
,,0,0.540665,,,All
,,0,0.540921,,,All
,,0,0.541176,,,All
,,0,0.541432,,,All
,,0,0.541688,,,All
,,0,0.541944,,,All
,,0,0.542199,,,All
,,0,0.542455,,,All
,,0,0.542711,,,All
,,0,0.542967,,,All
,,0,0.543223,,,All
,,0,0.543478,,,All
,,0,0.543734,,,All
,,0,0.54399,,,All
,,0,0.544246,,,All
,,0,0.544501,,,All
,,0,0.544757,,,All
,,0,0.545013,,,All
,,0,0.545269,,,All
,,0,0.545524,,,All
,,0,0.54578,,,All
,,0,0.546036,,,All
,,0,0.546292,,,All
,,0,0.546547,,,All
,,0,0.546803,,,All
,,0,0.547059,,,All
,,0,0.547315,,,All
,,0,0.54757,,,All
,,0,0.547826,,,All
,,0,0.548082,,,All
,,0,0.548338,,,All
,,0,0.548593,,,All
,,0,0.548849,,,All
,,0,0.549105,,,All
,,0,0.549361,,,All
,,0,0.549616,,,All
,,0,0.549872,,,All
,,0,0.550128,,,All
,,0,0.550384,,,All
,,0,0.550639,,,All
,,0,0.550895,,,All
,,0,0.551151,,,All
,,0,0.551407,,,All
,,0,0.551662,,,All
,,0,0.551918,,,All
,,0,0.552174,,,All
,,0,0.55243,,,All
,,0,0.552685,,,All
,,0,0.552941,,,All
,,0,0.553197,,,All
,,0,0.553453,,,All
,,0,0.553708,,,All
,,0,0.553964,,,All
,,0,0.55422,,,All
,,0,0.554476,,,All
,,0,0.554731,,,All
,,0,0.554987,,,All
,,0,0.555243,,,All
,,0,0.555499,,,All
,,0,0.555754,,,All
,,0,0.55601,,,All
,,0,0.556266,,,All
,,0,0.556522,,,All
,,0,0.556777,,,All
,,0,0.557033,,,All
,,0,0.557289,,,All
,,0,0.557545,,,All
,,0,0.557801,,,All
,,0,0.558056,,,All
,,0,0.558312,,,All
,,0,0.558568,,,All
,,0,0.558824,,,All
,,0,0.559079,,,All
,,0,0.559335,,,All
,,0,0.559591,,,All
,,0,0.559847,,,All
,,5.88999e-05,0.560102,,,All
,,0.00102897,0.560358,,,All
,,0.00383828,0.560614,,,All
,,0.00456781,0.56087,,,All
,,0.00485005,0.561125,,,All
,,0.00504427,0.561381,,,All
,,0.00621187,0.561637,,,All
,,0.0081921,0.561893,,,All
,,0.0090294,0.562148,,,All
,,0.00921034,0.562404,,,All
,,0.00942836,0.56266,,,All
,,0.00975273,0.562916,,,All
,,0.0103017,0.563171,,,All
,,0.0118942,0.563427,,,All
,,0.0131724,0.563683,,,All
,,0.0139561,0.563939,,,All
,,0.0172715,0.564194,,,All
,,0.0206103,0.56445,,,All
,,0.0216513,0.564706,,,All
,,0.0220171,0.564962,,,All
,,0.0235086,0.565217,,,All
,,0.0241633,0.565473,,,All
,,0.026901,0.565729,,,All
,,0.0274571,0.565985,,,All
,,0.0279692,0.56624,,,All
,,0.0282758,0.566496,,,All
,,0.0282774,0.566752,,,All
,,0.0296538,0.567008,,,All
,,0.0300151,0.567263,,,All
,,0.0336238,0.567519,,,All
,,0.0342103,0.567775,,,All
,,0.0353444,0.568031,,,All
,,0.0379456,0.568286,,,All
,,0.0389593,0.568542,,,All
,,0.0390001,0.568798,,,All
,,0.0393667,0.569054,,,All
,,0.0395436,0.569309,,,All
,,0.0396442,0.569565,,,All
,,0.0405086,0.569821,,,All
,,0.0412198,0.570077,,,All
,,0.042441,0.570332,,,All
,,0.0427246,0.570588,,,All
,,0.0429429,0.570844,,,All
,,0.0450275,0.5711,,,All
,,0.0451315,0.571355,,,All
,,0.0483905,0.571611,,,All
,,0.0486082,0.571867,,,All
,,0.0498106,0.572123,,,All
,,0.050268,0.572379,,,All
,,0.050371,0.572634,,,All
,,0.0527755,0.57289,,,All
,,0.0554991,0.573146,,,All
,,0.056248,0.573402,,,All
,,0.0581284,0.573657,,,All
,,0.0589332,0.573913,,,All
,,0.0596337,0.574169,,,All
,,0.0601008,0.574425,,,All
,,0.0605093,0.57468,,,All
,,0.0608252,0.574936,,,All
,,0.0612934,0.575192,,,All
,,0.0614572,0.575448,,,All
,,0.0624862,0.575703,,,All
,,0.0625437,0.575959,,,All
,,0.0639166,0.576215,,,All
,,0.0648563,0.576471,,,All
,,0.0655045,0.576726,,,All
,,0.0677939,0.576982,,,All
,,0.0693832,0.577238,,,All
,,0.0704131,0.577494,,,All
,,0.0713198,0.577749,,,All
,,0.0718256,0.578005,,,All
,,0.0722407,0.578261,,,All
,,0.0743576,0.578517,,,All
,,0.0743955,0.578772,,,All
,,0.0744412,0.579028,,,All
,,0.0751974,0.579284,,,All
,,0.07585,0.57954,,,All
,,0.0764703,0.579795,,,All
,,0.0770164,0.580051,,,All
,,0.0770472,0.580307,,,All
,,0.0794814,0.580563,,,All
,,0.0808884,0.580818,,,All
,,0.0809045,0.581074,,,All
,,0.0813667,0.58133,,,All
,,0.081791,0.581586,,,All
,,0.0819918,0.581841,,,All
,,0.0824984,0.582097,,,All
,,0.0825914,0.582353,,,All
,,0.0826357,0.582609,,,All
,,0.0833106,0.582864,,,All
,,0.0833587,0.58312,,,All
,,0.0834061,0.583376,,,All
,,0.0834268,0.583632,,,All
,,0.0844183,0.583887,,,All
,,0.0875115,0.584143,,,All
,,0.0876216,0.584399,,,All
,,0.087816,0.584655,,,All
,,0.0892252,0.58491,,,All
,,0.0896274,0.585166,,,All
,,0.0897602,0.585422,,,All
,,0.0904273,0.585678,,,All
,,0.090862,0.585934,,,All
,,0.0912668,0.586189,,,All
,,0.0914289,0.586445,,,All
,,0.0917875,0.586701,,,All
,,0.0920951,0.586957,,,All
,,0.0939908,0.587212,,,All
,,0.0946536,0.587468,,,All
,,0.0947023,0.587724,,,All
,,0.0955494,0.58798,,,All
,,0.0956394,0.588235,,,All
,,0.0968011,0.588491,,,All
,,0.0969478,0.588747,,,All
,,0.0969566,0.589003,,,All
,,0.0983814,0.589258,,,All
,,0.0989334,0.589514,,,All
,,0.0997096,0.58977,,,All
,,0.101978,0.590026,,,All
,,0.102019,0.590281,,,All
,,0.102114,0.590537,,,All
,,0.103016,0.590793,,,All
,,0.105016,0.591049,,,All
,,0.10763,0.591304,,,All
,,0.108762,0.59156,,,All
,,0.108811,0.591816,,,All
,,0.109016,0.592072,,,All
,,0.109304,0.592327,,,All
,,0.110537,0.592583,,,All
,,0.114682,0.592839,,,All
,,0.11548,0.593095,,,All
,,0.115484,0.59335,,,All
,,0.115749,0.593606,,,All
,,0.115948,0.593862,,,All
,,0.116434,0.594118,,,All
,,0.116849,0.594373,,,All
,,0.117766,0.594629,,,All
,,0.117873,0.594885,,,All
,,0.118252,0.595141,,,All
,,0.11837,0.595396,,,All
,,0.11848,0.595652,,,All
,,0.121205,0.595908,,,All
,,0.122366,0.596164,,,All
,,0.122594,0.596419,,,All
,,0.124967,0.596675,,,All
,,0.12584,0.596931,,,All
,,0.126253,0.597187,,,All
,,0.126536,0.597442,,,All
,,0.126839,0.597698,,,All
,,0.127161,0.597954,,,All
,,0.127892,0.59821,,,All
,,0.128612,0.598465,,,All
,,0.129155,0.598721,,,All
,,0.132904,0.598977,,,All
,,0.132979,0.599233,,,All
,,0.134719,0.599488,,,All
,,0.134856,0.599744,,,All
,,0.137095,0.6,,,All
,,0.13816,0.600256,,,All
,,0.139868,0.600512,,,All
,,0.140019,0.600767,,,All
,,0.140258,0.601023,,,All
,,0.140512,0.601279,,,All
,,0.140595,0.601535,,,All
,,0.14416,0.60179,,,All
,,0.14467,0.602046,,,All
,,0.144972,0.602302,,,All
,,0.146168,0.602558,,,All
,,0.147064,0.602813,,,All
,,0.147425,0.603069,,,All
,,0.149724,0.603325,,,All
,,0.150814,0.603581,,,All
,,0.151496,0.603836,,,All
,,0.153468,0.604092,,,All
,,0.154835,0.604348,,,All
,,0.156828,0.604604,,,All
,,0.156897,0.604859,,,All
,,0.157284,0.605115,,,All
,,0.157901,0.605371,,,All
,,0.158884,0.605627,,,All
,,0.161099,0.605882,,,All
,,0.164195,0.606138,,,All
,,0.164292,0.606394,,,All
,,0.164641,0.60665,,,All
,,0.166025,0.606905,,,All
,,0.168814,0.607161,,,All
,,0.169072,0.607417,,,All
,,0.169772,0.607673,,,All
,,0.171528,0.607928,,,All
,,0.172603,0.608184,,,All
,,0.175968,0.60844,,,All
,,0.177141,0.608696,,,All
,,0.17772,0.608951,,,All
,,0.177856,0.609207,,,All
,,0.178122,0.609463,,,All
,,0.178283,0.609719,,,All
,,0.178359,0.609974,,,All
,,0.179042,0.61023,,,All
,,0.180259,0.610486,,,All
,,0.181322,0.610742,,,All
,,0.18271,0.610997,,,All
,,0.182725,0.611253,,,All
,,0.184797,0.611509,,,All
,,0.18582,0.611765,,,All
,,0.185952,0.61202,,,All
,,0.186598,0.612276,,,All
,,0.187247,0.612532,,,All
,,0.189033,0.612788,,,All
,,0.191306,0.613043,,,All
,,0.194366,0.613299,,,All
,,0.195032,0.613555,,,All
,,0.195331,0.613811,,,All
,,0.195411,0.614066,,,All
,,0.19774,0.614322,,,All
,,0.198075,0.614578,,,All
,,0.198866,0.614834,,,All
,,0.198871,0.61509,,,All
,,0.200563,0.615345,,,All
,,0.200837,0.615601,,,All
,,0.200946,0.615857,,,All
,,0.201949,0.616113,,,All
,,0.202084,0.616368,,,All
,,0.203006,0.616624,,,All
,,0.20351,0.61688,,,All
,,0.204426,0.617136,,,All
,,0.206117,0.617391,,,All
,,0.207732,0.617647,,,All
,,0.208416,0.617903,,,All
,,0.211517,0.618159,,,All
,,0.2117,0.618414,,,All
,,0.211892,0.61867,,,All
,,0.211964,0.618926,,,All
,,0.212854,0.619182,,,All
,,0.214536,0.619437,,,All
,,0.216047,0.619693,,,All
,,0.217364,0.619949,,,All
,,0.219341,0.620205,,,All
,,0.220484,0.62046,,,All
,,0.221184,0.620716,,,All
,,0.221866,0.620972,,,All
,,0.221883,0.621228,,,All
,,0.222037,0.621483,,,All
,,0.224061,0.621739,,,All
,,0.225168,0.621995,,,All
,,0.225635,0.622251,,,All
,,0.228089,0.622506,,,All
,,0.228572,0.622762,,,All
,,0.231002,0.623018,,,All
,,0.231909,0.623274,,,All
,,0.232921,0.623529,,,All
,,0.234841,0.623785,,,All
,,0.236189,0.624041,,,All
,,0.238244,0.624297,,,All
,,0.240008,0.624552,,,All
,,0.242113,0.624808,,,All
,,0.242363,0.625064,,,All
,,0.24338,0.62532,,,All
,,0.243713,0.625575,,,All
,,0.244332,0.625831,,,All
,,0.244428,0.626087,,,All
,,0.247148,0.626343,,,All
,,0.248017,0.626598,,,All
,,0.248183,0.626854,,,All
,,0.248551,0.62711,,,All
,,0.249044,0.627366,,,All
,,0.249053,0.627621,,,All
,,0.249799,0.627877,,,All
,,0.250304,0.628133,,,All
,,0.252772,0.628389,,,All
,,0.254215,0.628645,,,All
,,0.25431,0.6289,,,All
,,0.254352,0.629156,,,All
,,0.254464,0.629412,,,All
,,0.254725,0.629668,,,All
,,0.25482,0.629923,,,All
,,0.254977,0.630179,,,All
,,0.256837,0.630435,,,All
,,0.257362,0.630691,,,All
,,0.257939,0.630946,,,All
,,0.259416,0.631202,,,All
,,0.259558,0.631458,,,All
,,0.261148,0.631714,,,All
,,0.261284,0.631969,,,All
,,0.261617,0.632225,,,All
,,0.264333,0.632481,,,All
,,0.265033,0.632737,,,All
,,0.265689,0.632992,,,All
,,0.265765,0.633248,,,All
,,0.26629,0.633504,,,All
,,0.267,0.63376,,,All
,,0.267695,0.634015,,,All
,,0.267789,0.634271,,,All
,,0.267834,0.634527,,,All
,,0.268016,0.634783,,,All
,,0.268163,0.635038,,,All
,,0.268822,0.635294,,,All
,,0.268843,0.63555,,,All
,,0.268949,0.635806,,,All
,,0.270578,0.636061,,,All
,,0.271614,0.636317,,,All
,,0.271724,0.636573,,,All
,,0.272046,0.636829,,,All
,,0.277217,0.637084,,,All
,,0.277691,0.63734,,,All
,,0.278926,0.637596,,,All
,,0.279771,0.637852,,,All
,,0.280136,0.638107,,,All
,,0.281464,0.638363,,,All
,,0.283072,0.638619,,,All
,,0.284672,0.638875,,,All
,,0.287145,0.63913,,,All
,,0.289289,0.639386,,,All
,,0.29046,0.639642,,,All
,,0.29264,0.639898,,,All
,,0.293661,0.640153,,,All
,,0.294171,0.640409,,,All
,,0.296144,0.640665,,,All
,,0.298438,0.640921,,,All
,,0.298998,0.641176,,,All
,,0.300129,0.641432,,,All
,,0.301732,0.641688,,,All
,,0.30431,0.641944,,,All
,,0.304534,0.642199,,,All
,,0.305063,0.642455,,,All
,,0.305364,0.642711,,,All
,,0.306343,0.642967,,,All
,,0.306855,0.643223,,,All
,,0.307103,0.643478,,,All
,,0.311629,0.643734,,,All
,,0.312509,0.64399,,,All
,,0.314417,0.644246,,,All
,,0.315257,0.644501,,,All
,,0.315282,0.644757,,,All
,,0.315981,0.645013,,,All
,,0.315985,0.645269,,,All
,,0.319256,0.645524,,,All
,,0.319397,0.64578,,,All
,,0.31978,0.646036,,,All
,,0.319991,0.646292,,,All
,,0.320493,0.646547,,,All
,,0.32111,0.646803,,,All
,,0.321457,0.647059,,,All
,,0.321752,0.647315,,,All
,,0.321832,0.64757,,,All
,,0.321849,0.647826,,,All
,,0.322286,0.648082,,,All
,,0.322338,0.648338,,,All
,,0.322744,0.648593,,,All
,,0.323366,0.648849,,,All
,,0.323642,0.649105,,,All
,,0.323766,0.649361,,,All
,,0.325263,0.649616,,,All
,,0.327606,0.649872,,,All
,,0.329594,0.650128,,,All
,,0.329844,0.650384,,,All
,,0.329858,0.650639,,,All
,,0.330165,0.650895,,,All
,,0.332305,0.651151,,,All
,,0.332957,0.651407,,,All
,,0.333598,0.651662,,,All
,,0.334408,0.651918,,,All
,,0.335008,0.652174,,,All
,,0.336083,0.65243,,,All
,,0.337441,0.652685,,,All
,,0.338714,0.652941,,,All
,,0.339584,0.653197,,,All
,,0.341107,0.653453,,,All
,,0.341801,0.653708,,,All
,,0.341921,0.653964,,,All
,,0.342869,0.65422,,,All
,,0.343202,0.654476,,,All
,,0.345135,0.654731,,,All
,,0.346419,0.654987,,,All
,,0.346457,0.655243,,,All
,,0.348504,0.655499,,,All
,,0.348692,0.655754,,,All
,,0.350655,0.65601,,,All
,,0.351182,0.656266,,,All
,,0.352271,0.656522,,,All
,,0.352743,0.656777,,,All
,,0.353678,0.657033,,,All
,,0.355712,0.657289,,,All
,,0.357818,0.657545,,,All
,,0.359023,0.657801,,,All
,,0.359974,0.658056,,,All
,,0.360271,0.658312,,,All
,,0.360651,0.658568,,,All
,,0.362539,0.658824,,,All
,,0.363941,0.659079,,,All
,,0.364198,0.659335,,,All
,,0.364998,0.659591,,,All
,,0.36796,0.659847,,,All
,,0.369253,0.660102,,,All
,,0.369447,0.660358,,,All
,,0.369919,0.660614,,,All
,,0.370445,0.66087,,,All
,,0.37095,0.661125,,,All
,,0.371626,0.661381,,,All
,,0.373354,0.661637,,,All
,,0.374022,0.661893,,,All
,,0.374731,0.662148,,,All
,,0.374834,0.662404,,,All
,,0.374988,0.66266,,,All
,,0.375166,0.662916,,,All
,,0.376027,0.663171,,,All
,,0.376576,0.663427,,,All
,,0.380406,0.663683,,,All
,,0.383667,0.663939,,,All
,,0.383953,0.664194,,,All
,,0.38482,0.66445,,,All
,,0.385047,0.664706,,,All
,,0.385057,0.664962,,,All
,,0.385619,0.665217,,,All
,,0.388164,0.665473,,,All
,,0.388937,0.665729,,,All
,,0.389046,0.665985,,,All
,,0.392038,0.66624,,,All
,,0.39366,0.666496,,,All
,,0.394285,0.666752,,,All
,,0.395782,0.667008,,,All
,,0.396787,0.667263,,,All
,,0.397125,0.667519,,,All
,,0.39792,0.667775,,,All
,,0.398405,0.668031,,,All
,,0.398741,0.668286,,,All
,,0.399831,0.668542,,,All
,,0.400128,0.668798,,,All
,,0.40301,0.669054,,,All
,,0.404129,0.669309,,,All
,,0.40468,0.669565,,,All
,,0.405223,0.669821,,,All
,,0.406411,0.670077,,,All
,,0.406532,0.670332,,,All
,,0.406581,0.670588,,,All
,,0.407483,0.670844,,,All
,,0.408023,0.6711,,,All
,,0.408048,0.671355,,,All
,,0.408061,0.671611,,,All
,,0.40951,0.671867,,,All
,,0.409551,0.672123,,,All
,,0.409889,0.672379,,,All
,,0.410578,0.672634,,,All
,,0.411317,0.67289,,,All
,,0.411913,0.673146,,,All
,,0.412494,0.673402,,,All
,,0.412494,0.673657,,,All
,,0.41288,0.673913,,,All
,,0.413172,0.674169,,,All
,,0.413636,0.674425,,,All
,,0.41379,0.67468,,,All
,,0.414371,0.674936,,,All
,,0.416337,0.675192,,,All
,,0.416866,0.675448,,,All
,,0.419695,0.675703,,,All
,,0.419781,0.675959,,,All
,,0.423127,0.676215,,,All
,,0.423147,0.676471,,,All
,,0.427084,0.676726,,,All
,,0.427246,0.676982,,,All
,,0.43049,0.677238,,,All
,,0.431101,0.677494,,,All
,,0.431551,0.677749,,,All
,,0.431766,0.678005,,,All
,,0.432452,0.678261,,,All
,,0.432994,0.678517,,,All
,,0.433688,0.678772,,,All
,,0.434181,0.679028,,,All
,,0.434313,0.679284,,,All
,,0.435675,0.67954,,,All
,,0.436874,0.679795,,,All
,,0.437278,0.680051,,,All
,,0.437425,0.680307,,,All
,,0.442895,0.680563,,,All
,,0.444873,0.680818,,,All
,,0.445269,0.681074,,,All
,,0.446197,0.68133,,,All
,,0.446905,0.681586,,,All
,,0.447139,0.681841,,,All
,,0.448851,0.682097,,,All
,,0.450812,0.682353,,,All
,,0.45312,0.682609,,,All
,,0.453739,0.682864,,,All
,,0.454071,0.68312,,,All
,,0.454584,0.683376,,,All
,,0.455095,0.683632,,,All
,,0.458739,0.683887,,,All
,,0.45962,0.684143,,,All
,,0.459918,0.684399,,,All
,,0.460854,0.684655,,,All
,,0.460959,0.68491,,,All
,,0.464246,0.685166,,,All
,,0.464683,0.685422,,,All
,,0.465617,0.685678,,,All
,,0.466564,0.685934,,,All
,,0.466839,0.686189,,,All
,,0.468081,0.686445,,,All
,,0.469543,0.686701,,,All
,,0.474127,0.686957,,,All
,,0.475534,0.687212,,,All
,,0.476264,0.687468,,,All
,,0.476618,0.687724,,,All
,,0.477082,0.68798,,,All
,,0.478814,0.688235,,,All
,,0.479605,0.688491,,,All
,,0.479734,0.688747,,,All
,,0.480474,0.689003,,,All
,,0.480576,0.689258,,,All
,,0.481562,0.689514,,,All
,,0.482712,0.68977,,,All
,,0.485193,0.690026,,,All
,,0.485933,0.690281,,,All
,,0.486393,0.690537,,,All
,,0.487477,0.690793,,,All
,,0.48783,0.691049,,,All
,,0.488534,0.691304,,,All
,,0.48904,0.69156,,,All
,,0.48943,0.691816,,,All
,,0.489769,0.692072,,,All
,,0.489886,0.692327,,,All
,,0.490549,0.692583,,,All
,,0.491269,0.692839,,,All
,,0.491471,0.693095,,,All
,,0.491901,0.69335,,,All
,,0.492682,0.693606,,,All
,,0.494233,0.693862,,,All
,,0.494948,0.694118,,,All
,,0.495945,0.694373,,,All
,,0.497308,0.694629,,,All
,,0.498743,0.694885,,,All
,,0.499181,0.695141,,,All
,,0.499501,0.695396,,,All
,,0.501325,0.695652,,,All
,,0.503599,0.695908,,,All
,,0.504259,0.696164,,,All
,,0.504524,0.696419,,,All
,,0.507617,0.696675,,,All
,,0.50835,0.696931,,,All
,,0.508504,0.697187,,,All
,,0.509127,0.697442,,,All
,,0.509303,0.697698,,,All
,,0.510719,0.697954,,,All
,,0.511665,0.69821,,,All
,,0.51374,0.698465,,,All
,,0.515256,0.698721,,,All
,,0.517575,0.698977,,,All
,,0.520752,0.699233,,,All
,,0.521471,0.699488,,,All
,,0.525279,0.699744,,,All
,,0.526729,0.7,,,All
,,0.527323,0.700256,,,All
,,0.529822,0.700512,,,All
,,0.52995,0.700767,,,All
,,0.530322,0.701023,,,All
,,0.530344,0.701279,,,All
,,0.530738,0.701535,,,All
,,0.531001,0.70179,,,All
,,0.531957,0.702046,,,All
,,0.532828,0.702302,,,All
,,0.534698,0.702558,,,All
,,0.535655,0.702813,,,All
,,0.536517,0.703069,,,All
,,0.53705,0.703325,,,All
,,0.537112,0.703581,,,All
,,0.538603,0.703836,,,All
,,0.541577,0.704092,,,All
,,0.541982,0.704348,,,All
,,0.543285,0.704604,,,All
,,0.543992,0.704859,,,All
,,0.545158,0.705115,,,All
,,0.547285,0.705371,,,All
,,0.548423,0.705627,,,All
,,0.549409,0.705882,,,All
,,0.554525,0.706138,,,All
,,0.555105,0.706394,,,All
,,0.555368,0.70665,,,All
,,0.555632,0.706905,,,All
,,0.555822,0.707161,,,All
,,0.559045,0.707417,,,All
,,0.561307,0.707673,,,All
,,0.561517,0.707928,,,All
,,0.561703,0.708184,,,All
,,0.561979,0.70844,,,All
,,0.56269,0.708696,,,All
,,0.563562,0.708951,,,All
,,0.565391,0.709207,,,All
,,0.566337,0.709463,,,All
,,0.566858,0.709719,,,All
,,0.567265,0.709974,,,All
,,0.56922,0.71023,,,All
,,0.570241,0.710486,,,All
,,0.57159,0.710742,,,All
,,0.572807,0.710997,,,All
,,0.573813,0.711253,,,All
,,0.575413,0.711509,,,All
,,0.575436,0.711765,,,All
,,0.577697,0.71202,,,All
,,0.578027,0.712276,,,All
,,0.5781,0.712532,,,All
,,0.578674,0.712788,,,All
,,0.579085,0.713043,,,All
,,0.579251,0.713299,,,All
,,0.579275,0.713555,,,All
,,0.581194,0.713811,,,All
,,0.581842,0.714066,,,All
,,0.582346,0.714322,,,All
,,0.58437,0.714578,,,All
,,0.585053,0.714834,,,All
,,0.586819,0.71509,,,All
,,0.587632,0.715345,,,All
,,0.589131,0.715601,,,All
,,0.589158,0.715857,,,All
,,0.590162,0.716113,,,All
,,0.590954,0.716368,,,All
,,0.59108,0.716624,,,All
,,0.591964,0.71688,,,All
,,0.592068,0.717136,,,All
,,0.593899,0.717391,,,All
,,0.595803,0.717647,,,All
,,0.596505,0.717903,,,All
,,0.596655,0.718159,,,All
,,0.597628,0.718414,,,All
,,0.59859,0.71867,,,All
,,0.599188,0.718926,,,All
,,0.599217,0.719182,,,All
,,0.59978,0.719437,,,All
,,0.600121,0.719693,,,All
,,0.601157,0.719949,,,All
,,0.601175,0.720205,,,All
,,0.602356,0.72046,,,All
,,0.602725,0.720716,,,All
,,0.602879,0.720972,,,All
,,0.604376,0.721228,,,All
,,0.604809,0.721483,,,All
,,0.605014,0.721739,,,All
,,0.606735,0.721995,,,All
,,0.606799,0.722251,,,All
,,0.606964,0.722506,,,All
,,0.60798,0.722762,,,All
,,0.609558,0.723018,,,All
,,0.61089,0.723274,,,All
,,0.611193,0.723529,,,All
,,0.611565,0.723785,,,All
,,0.61167,0.724041,,,All
,,0.612393,0.724297,,,All
,,0.613345,0.724552,,,All
,,0.613413,0.724808,,,All
,,0.613522,0.725064,,,All
,,0.614212,0.72532,,,All
,,0.61509,0.725575,,,All
,,0.615152,0.725831,,,All
,,0.615766,0.726087,,,All
,,0.616274,0.726343,,,All
,,0.616826,0.726598,,,All
,,0.61717,0.726854,,,All
,,0.617834,0.72711,,,All
,,0.62012,0.727366,,,All
,,0.621533,0.727621,,,All
,,0.621592,0.727877,,,All
,,0.624524,0.728133,,,All
,,0.624925,0.728389,,,All
,,0.62533,0.728645,,,All
,,0.625458,0.7289,,,All
,,0.62546,0.729156,,,All
,,0.625647,0.729412,,,All
,,0.626309,0.729668,,,All
,,0.628719,0.729923,,,All
,,0.630805,0.730179,,,All
,,0.633274,0.730435,,,All
,,0.634706,0.730691,,,All
,,0.634807,0.730946,,,All
,,0.636582,0.731202,,,All
,,0.636959,0.731458,,,All
,,0.637899,0.731714,,,All
,,0.63808,0.731969,,,All
,,0.638615,0.732225,,,All
,,0.639924,0.732481,,,All
,,0.643215,0.732737,,,All
,,0.644285,0.732992,,,All
,,0.646192,0.733248,,,All
,,0.646553,0.733504,,,All
,,0.647384,0.73376,,,All
,,0.648306,0.734015,,,All
,,0.64844,0.734271,,,All
,,0.649371,0.734527,,,All
,,0.65027,0.734783,,,All
,,0.650306,0.735038,,,All
,,0.650767,0.735294,,,All
,,0.650887,0.73555,,,All
,,0.650932,0.735806,,,All
,,0.65326,0.736061,,,All
,,0.656129,0.736317,,,All
,,0.656343,0.736573,,,All
,,0.658356,0.736829,,,All
,,0.660412,0.737084,,,All
,,0.661189,0.73734,,,All
,,0.663071,0.737596,,,All
,,0.663567,0.737852,,,All
,,0.663619,0.738107,,,All
,,0.665361,0.738363,,,All
,,0.665642,0.738619,,,All
,,0.665858,0.738875,,,All
,,0.666141,0.73913,,,All
,,0.669716,0.739386,,,All
,,0.669757,0.739642,,,All
,,0.671148,0.739898,,,All
,,0.671839,0.740153,,,All
,,0.672073,0.740409,,,All
,,0.673004,0.740665,,,All
,,0.673188,0.740921,,,All
,,0.67463,0.741176,,,All
,,0.676144,0.741432,,,All
,,0.676333,0.741688,,,All
,,0.676665,0.741944,,,All
,,0.677587,0.742199,,,All
,,0.67761,0.742455,,,All
,,0.67937,0.742711,,,All
,,0.680091,0.742967,,,All
,,0.680247,0.743223,,,All
,,0.680762,0.743478,,,All
,,0.681593,0.743734,,,All
,,0.68276,0.74399,,,All
,,0.683524,0.744246,,,All
,,0.683719,0.744501,,,All
,,0.684458,0.744757,,,All
,,0.686306,0.745013,,,All
,,0.686736,0.745269,,,All
,,0.687143,0.745524,,,All
,,0.687279,0.74578,,,All
,,0.688629,0.746036,,,All
,,0.689027,0.746292,,,All
,,0.690964,0.746547,,,All
,,0.691351,0.746803,,,All
,,0.692018,0.747059,,,All
,,0.692514,0.747315,,,All
,,0.692785,0.74757,,,All
,,0.692876,0.747826,,,All
,,0.693235,0.748082,,,All
,,0.693931,0.748338,,,All
,,0.694472,0.748593,,,All
,,0.694499,0.748849,,,All
,,0.694985,0.749105,,,All
,,0.696589,0.749361,,,All
,,0.697345,0.749616,,,All
,,0.700973,0.749872,,,All
,,0.701007,0.750128,,,All
,,0.701899,0.750384,,,All
,,0.704588,0.750639,,,All
,,0.704748,0.750895,,,All
,,0.704804,0.751151,,,All
,,0.705,0.751407,,,All
,,0.705732,0.751662,,,All
,,0.705773,0.751918,,,All
,,0.707556,0.752174,,,All
,,0.708183,0.75243,,,All
,,0.708412,0.752685,,,All
,,0.70912,0.752941,,,All
,,0.709444,0.753197,,,All
,,0.710322,0.753453,,,All
,,0.710966,0.753708,,,All
,,0.711741,0.753964,,,All
,,0.716495,0.75422,,,All
,,0.717052,0.754476,,,All
,,0.717506,0.754731,,,All
,,0.71796,0.754987,,,All
,,0.718159,0.755243,,,All
,,0.718677,0.755499,,,All
,,0.719898,0.755754,,,All
,,0.720239,0.75601,,,All
,,0.722052,0.756266,,,All
,,0.722507,0.756522,,,All
,,0.723197,0.756777,,,All
,,0.725629,0.757033,,,All
,,0.726182,0.757289,,,All
,,0.727526,0.757545,,,All
,,0.727539,0.757801,,,All
,,0.728458,0.758056,,,All
,,0.728831,0.758312,,,All
,,0.729067,0.758568,,,All
,,0.729088,0.758824,,,All
,,0.729318,0.759079,,,All
,,0.72953,0.759335,,,All
,,0.729914,0.759591,,,All
,,0.731484,0.759847,,,All
,,0.731544,0.760102,,,All
,,0.73263,0.760358,,,All
,,0.733418,0.760614,,,All
,,0.733963,0.76087,,,All
,,0.735476,0.761125,,,All
,,0.735725,0.761381,,,All
,,0.736734,0.761637,,,All
,,0.738217,0.761893,,,All
,,0.738689,0.762148,,,All
,,0.741456,0.762404,,,All
,,0.74164,0.76266,,,All
,,0.743724,0.762916,,,All
,,0.748523,0.763171,,,All
,,0.748753,0.763427,,,All
,,0.752109,0.763683,,,All
,,0.753039,0.763939,,,All
,,0.754838,0.764194,,,All
,,0.755621,0.76445,,,All
,,0.755733,0.764706,,,All
,,0.755933,0.764962,,,All
,,0.758276,0.765217,,,All
,,0.760302,0.765473,,,All
,,0.761413,0.765729,,,All
,,0.762766,0.765985,,,All
,,0.765361,0.76624,,,All
,,0.766464,0.766496,,,All
,,0.768368,0.766752,,,All
,,0.768449,0.767008,,,All
,,0.769706,0.767263,,,All
,,0.770224,0.767519,,,All
,,0.770865,0.767775,,,All
,,0.772808,0.768031,,,All
,,0.773,0.768286,,,All
,,0.773642,0.768542,,,All
,,0.775139,0.768798,,,All
,,0.775934,0.769054,,,All
,,0.778631,0.769309,,,All
,,0.780526,0.769565,,,All
,,0.781082,0.769821,,,All
,,0.782542,0.770077,,,All
,,0.785707,0.770332,,,All
,,0.786988,0.770588,,,All
,,0.78913,0.770844,,,All
,,0.789134,0.7711,,,All
,,0.789483,0.771355,,,All
,,0.792569,0.771611,,,All
,,0.793731,0.771867,,,All
,,0.794508,0.772123,,,All
,,0.796431,0.772379,,,All
,,0.798889,0.772634,,,All
,,0.799044,0.77289,,,All
,,0.800043,0.773146,,,All
,,0.802373,0.773402,,,All
,,0.802983,0.773657,,,All
,,0.803187,0.773913,,,All
,,0.803486,0.774169,,,All
,,0.805265,0.774425,,,All
,,0.805436,0.77468,,,All
,,0.806442,0.774936,,,All
,,0.807579,0.775192,,,All
,,0.808338,0.775448,,,All
,,0.809259,0.775703,,,All
,,0.809466,0.775959,,,All
,,0.811146,0.776215,,,All
,,0.816156,0.776471,,,All
,,0.816204,0.776726,,,All
,,0.817801,0.776982,,,All
,,0.818197,0.777238,,,All
,,0.818573,0.777494,,,All
,,0.819963,0.777749,,,All
,,0.82068,0.778005,,,All
,,0.821479,0.778261,,,All
,,0.823972,0.778517,,,All
,,0.824926,0.778772,,,All
,,0.825162,0.779028,,,All
,,0.82604,0.779284,,,All
,,0.826299,0.77954,,,All
,,0.827904,0.779795,,,All
,,0.82833,0.780051,,,All
,,0.830614,0.780307,,,All
,,0.83109,0.780563,,,All
,,0.832589,0.780818,,,All
,,0.833768,0.781074,,,All
,,0.833985,0.78133,,,All
,,0.834248,0.781586,,,All
,,0.83779,0.781841,,,All
,,0.837953,0.782097,,,All
,,0.838394,0.782353,,,All
,,0.840272,0.782609,,,All
,,0.844344,0.782864,,,All
,,0.845627,0.78312,,,All
,,0.845851,0.783376,,,All
,,0.848052,0.783632,,,All
,,0.848395,0.783887,,,All
,,0.850533,0.784143,,,All
,,0.850809,0.784399,,,All
,,0.852312,0.784655,,,All
,,0.852924,0.78491,,,All
,,0.853122,0.785166,,,All
,,0.853202,0.785422,,,All
,,0.853438,0.785678,,,All
,,0.854876,0.785934,,,All
,,0.854922,0.786189,,,All
,,0.855535,0.786445,,,All
,,0.856606,0.786701,,,All
,,0.857242,0.786957,,,All
,,0.857766,0.787212,,,All
,,0.858136,0.787468,,,All
,,0.858358,0.787724,,,All
,,0.859308,0.78798,,,All
,,0.859597,0.788235,,,All
,,0.859854,0.788491,,,All
,,0.859923,0.788747,,,All
,,0.860873,0.789003,,,All
,,0.862393,0.789258,,,All
,,0.862421,0.789514,,,All
,,0.863083,0.78977,,,All
,,0.863354,0.790026,,,All
,,0.864265,0.790281,,,All
,,0.864302,0.790537,,,All
,,0.865659,0.790793,,,All
,,0.86619,0.791049,,,All
,,0.868209,0.791304,,,All
,,0.868237,0.79156,,,All
,,0.868816,0.791816,,,All
,,0.869082,0.792072,,,All
,,0.869319,0.792327,,,All
,,0.870786,0.792583,,,All
,,0.870952,0.792839,,,All
,,0.871099,0.793095,,,All
,,0.872298,0.79335,,,All
,,0.874674,0.793606,,,All
,,0.875271,0.793862,,,All
,,0.8758,0.794118,,,All
,,0.880246,0.794373,,,All
,,0.882234,0.794629,,,All
,,0.883962,0.794885,,,All
,,0.884356,0.795141,,,All
,,0.885674,0.795396,,,All
,,0.886441,0.795652,,,All
,,0.886634,0.795908,,,All
,,0.886956,0.796164,,,All
,,0.888433,0.796419,,,All
,,0.889519,0.796675,,,All
,,0.892494,0.796931,,,All
,,0.895522,0.797187,,,All
,,0.896016,0.797442,,,All
,,0.897568,0.797698,,,All
,,0.899855,0.797954,,,All
,,0.900733,0.79821,,,All
,,0.902307,0.798465,,,All
,,0.904641,0.798721,,,All
,,0.904832,0.798977,,,All
,,0.911646,0.799233,,,All
,,0.914405,0.799488,,,All
,,0.914458,0.799744,,,All
,,0.920011,0.8,,,All
,,0.921159,0.800256,,,All
,,0.923633,0.800512,,,All
,,0.925649,0.800767,,,All
,,0.930338,0.801023,,,All
,,0.932278,0.801279,,,All
,,0.933568,0.801535,,,All
,,0.934005,0.80179,,,All
,,0.934684,0.802046,,,All
,,0.935757,0.802302,,,All
,,0.937392,0.802558,,,All
,,0.937463,0.802813,,,All
,,0.937739,0.803069,,,All
,,0.939356,0.803325,,,All
,,0.939589,0.803581,,,All
,,0.940049,0.803836,,,All
,,0.941515,0.804092,,,All
,,0.942799,0.804348,,,All
,,0.943792,0.804604,,,All
,,0.944602,0.804859,,,All
,,0.944739,0.805115,,,All
,,0.945266,0.805371,,,All
,,0.94591,0.805627,,,All
,,0.946553,0.805882,,,All
,,0.947878,0.806138,,,All
,,0.949945,0.806394,,,All
,,0.952319,0.80665,,,All
,,0.952342,0.806905,,,All
,,0.95308,0.807161,,,All
,,0.953339,0.807417,,,All
,,0.956029,0.807673,,,All
,,0.956724,0.807928,,,All
,,0.95907,0.808184,,,All
,,0.959461,0.80844,,,All
,,0.959903,0.808696,,,All
,,0.962865,0.808951,,,All
,,0.964272,0.809207,,,All
,,0.964534,0.809463,,,All
,,0.965877,0.809719,,,All
,,0.966613,0.809974,,,All
,,0.967785,0.81023,,,All
,,0.969188,0.810486,,,All
,,0.969232,0.810742,,,All
,,0.97043,0.810997,,,All
,,0.971444,0.811253,,,All
,,0.972083,0.811509,,,All
,,0.972206,0.811765,,,All
,,0.972219,0.81202,,,All
,,0.974453,0.812276,,,All
,,0.974998,0.812532,,,All
,,0.975387,0.812788,,,All
,,0.975518,0.813043,,,All
,,0.979304,0.813299,,,All
,,0.982066,0.813555,,,All
,,0.982211,0.813811,,,All
,,0.983303,0.814066,,,All
,,0.985431,0.814322,,,All
,,0.986883,0.814578,,,All
,,0.987165,0.814834,,,All
,,0.98742,0.81509,,,All
,,0.990145,0.815345,,,All
,,0.991235,0.815601,,,All
,,0.993046,0.815857,,,All
,,0.995557,0.816113,,,All
,,0.996942,0.816368,,,All
,,0.99758,0.816624,,,All
,,1.00096,0.81688,,,All
,,1.00144,0.817136,,,All
,,1.00156,0.817391,,,All
,,1.00378,0.817647,,,All
,,1.00413,0.817903,,,All
,,1.0047,0.818159,,,All
,,1.00592,0.818414,,,All
,,1.00683,0.81867,,,All
,,1.00728,0.818926,,,All
,,1.00736,0.819182,,,All
,,1.0085,0.819437,,,All
,,1.00908,0.819693,,,All
,,1.00929,0.819949,,,All
,,1.01101,0.820205,,,All
,,1.01109,0.82046,,,All
,,1.01333,0.820716,,,All
,,1.01652,0.820972,,,All
,,1.01679,0.821228,,,All
,,1.01775,0.821483,,,All
,,1.01811,0.821739,,,All
,,1.01839,0.821995,,,All
,,1.01906,0.822251,,,All
,,1.01913,0.822506,,,All
,,1.02166,0.822762,,,All
,,1.02176,0.823018,,,All
,,1.02186,0.823274,,,All
,,1.02411,0.823529,,,All
,,1.0248,0.823785,,,All
,,1.02554,0.824041,,,All
,,1.02577,0.824297,,,All
,,1.02599,0.824552,,,All
,,1.02672,0.824808,,,All
,,1.02714,0.825064,,,All
,,1.02796,0.82532,,,All
,,1.02933,0.825575,,,All
,,1.0295,0.825831,,,All
,,1.03031,0.826087,,,All
,,1.03102,0.826343,,,All
,,1.03414,0.826598,,,All
,,1.03422,0.826854,,,All
,,1.03455,0.82711,,,All
,,1.03516,0.827366,,,All
,,1.03611,0.827621,,,All
,,1.0363,0.827877,,,All
,,1.03648,0.828133,,,All
,,1.03731,0.828389,,,All
,,1.03988,0.828645,,,All
,,1.04011,0.8289,,,All
,,1.0403,0.829156,,,All
,,1.04076,0.829412,,,All
,,1.04162,0.829668,,,All
,,1.0417,0.829923,,,All
,,1.04179,0.830179,,,All
,,1.04216,0.830435,,,All
,,1.04291,0.830691,,,All
,,1.04311,0.830946,,,All
,,1.0432,0.831202,,,All
,,1.04375,0.831458,,,All
,,1.04435,0.831714,,,All
,,1.04536,0.831969,,,All
,,1.04849,0.832225,,,All
,,1.04899,0.832481,,,All
,,1.04913,0.832737,,,All
,,1.04998,0.832992,,,All
,,1.05061,0.833248,,,All
,,1.05067,0.833504,,,All
,,1.05258,0.83376,,,All
,,1.05303,0.834015,,,All
,,1.05349,0.834271,,,All
,,1.05367,0.834527,,,All
,,1.05422,0.834783,,,All
,,1.05565,0.835038,,,All
,,1.05579,0.835294,,,All
,,1.05633,0.83555,,,All
,,1.05635,0.835806,,,All
,,1.05668,0.836061,,,All
,,1.0579,0.836317,,,All
,,1.05839,0.836573,,,All
,,1.05868,0.836829,,,All
,,1.06122,0.837084,,,All
,,1.06357,0.83734,,,All
,,1.06395,0.837596,,,All
,,1.06441,0.837852,,,All
,,1.06473,0.838107,,,All
,,1.06515,0.838363,,,All
,,1.06574,0.838619,,,All
,,1.06585,0.838875,,,All
,,1.0675,0.83913,,,All
,,1.06789,0.839386,,,All
,,1.06932,0.839642,,,All
,,1.07142,0.839898,,,All
,,1.0718,0.840153,,,All
,,1.07203,0.840409,,,All
,,1.07212,0.840665,,,All
,,1.07218,0.840921,,,All
,,1.07226,0.841176,,,All
,,1.07266,0.841432,,,All
,,1.07444,0.841688,,,All
,,1.07571,0.841944,,,All
,,1.07661,0.842199,,,All
,,1.07706,0.842455,,,All
,,1.07726,0.842711,,,All
,,1.07775,0.842967,,,All
,,1.07777,0.843223,,,All
,,1.07813,0.843478,,,All
,,1.07828,0.843734,,,All
,,1.07947,0.84399,,,All
,,1.07965,0.844246,,,All
,,1.08001,0.844501,,,All
,,1.08172,0.844757,,,All
,,1.08526,0.845013,,,All
,,1.08624,0.845269,,,All
,,1.08705,0.845524,,,All
,,1.08753,0.84578,,,All
,,1.08799,0.846036,,,All
,,1.08853,0.846292,,,All
,,1.08881,0.846547,,,All
,,1.08883,0.846803,,,All
,,1.0894,0.847059,,,All
,,1.09055,0.847315,,,All
,,1.09071,0.84757,,,All
,,1.09141,0.847826,,,All
,,1.09239,0.848082,,,All
,,1.09248,0.848338,,,All
,,1.09262,0.848593,,,All
,,1.09346,0.848849,,,All
,,1.09426,0.849105,,,All
,,1.09589,0.849361,,,All
,,1.09612,0.849616,,,All
,,1.0969,0.849872,,,All
,,1.0969,0.850128,,,All
,,1.09906,0.850384,,,All
,,1.09915,0.850639,,,All
,,1.10055,0.850895,,,All
,,1.10229,0.851151,,,All
,,1.10383,0.851407,,,All
,,1.10569,0.851662,,,All
,,1.10632,0.851918,,,All
,,1.10838,0.852174,,,All
,,1.10917,0.85243,,,All
,,1.11172,0.852685,,,All
,,1.11207,0.852941,,,All
,,1.11339,0.853197,,,All
,,1.11599,0.853453,,,All
,,1.11721,0.853708,,,All
,,1.11724,0.853964,,,All
,,1.11788,0.85422,,,All
,,1.11806,0.854476,,,All
,,1.12232,0.854731,,,All
,,1.12257,0.854987,,,All
,,1.12305,0.855243,,,All
,,1.12436,0.855499,,,All
,,1.1248,0.855754,,,All
,,1.12627,0.85601,,,All
,,1.12633,0.856266,,,All
,,1.12658,0.856522,,,All
,,1.1266,0.856777,,,All
,,1.12886,0.857033,,,All
,,1.13151,0.857289,,,All
,,1.1322,0.857545,,,All
,,1.13347,0.857801,,,All
,,1.1347,0.858056,,,All
,,1.13638,0.858312,,,All
,,1.13755,0.858568,,,All
,,1.13859,0.858824,,,All
,,1.13991,0.859079,,,All
,,1.13996,0.859335,,,All
,,1.14161,0.859591,,,All
,,1.14212,0.859847,,,All
,,1.14218,0.860102,,,All
,,1.14258,0.860358,,,All
,,1.14596,0.860614,,,All
,,1.14634,0.86087,,,All
,,1.14755,0.861125,,,All
,,1.14769,0.861381,,,All
,,1.14828,0.861637,,,All
,,1.14981,0.861893,,,All
,,1.14996,0.862148,,,All
,,1.151,0.862404,,,All
,,1.153,0.86266,,,All
,,1.15323,0.862916,,,All
,,1.15373,0.863171,,,All
,,1.15386,0.863427,,,All
,,1.15409,0.863683,,,All
,,1.15479,0.863939,,,All
,,1.15663,0.864194,,,All
,,1.15731,0.86445,,,All
,,1.15823,0.864706,,,All
,,1.15952,0.864962,,,All
,,1.16088,0.865217,,,All
,,1.16167,0.865473,,,All
,,1.16411,0.865729,,,All
,,1.1646,0.865985,,,All
,,1.165,0.86624,,,All
,,1.1669,0.866496,,,All
,,1.16859,0.866752,,,All
,,1.16916,0.867008,,,All
,,1.16947,0.867263,,,All
,,1.17251,0.867519,,,All
,,1.17278,0.867775,,,All
,,1.17315,0.868031,,,All
,,1.17319,0.868286,,,All
,,1.17352,0.868542,,,All
,,1.17393,0.868798,,,All
,,1.1768,0.869054,,,All
,,1.17792,0.869309,,,All
,,1.17881,0.869565,,,All
,,1.18112,0.869821,,,All
,,1.18115,0.870077,,,All
,,1.18711,0.870332,,,All
,,1.18751,0.870588,,,All
,,1.18793,0.870844,,,All
,,1.18918,0.8711,,,All
,,1.19282,0.871355,,,All
,,1.19393,0.871611,,,All
,,1.19414,0.871867,,,All
,,1.19439,0.872123,,,All
,,1.19516,0.872379,,,All
,,1.19525,0.872634,,,All
,,1.19606,0.87289,,,All
,,1.19637,0.873146,,,All
,,1.19805,0.873402,,,All
,,1.20064,0.873657,,,All
,,1.20114,0.873913,,,All
,,1.20159,0.874169,,,All
,,1.20243,0.874425,,,All
,,1.20278,0.87468,,,All
,,1.20458,0.874936,,,All
,,1.20538,0.875192,,,All
,,1.20616,0.875448,,,All
,,1.20621,0.875703,,,All
,,1.20708,0.875959,,,All
,,1.20717,0.876215,,,All
,,1.20839,0.876471,,,All
,,1.20852,0.876726,,,All
,,1.20874,0.876982,,,All
,,1.20885,0.877238,,,All
,,1.20962,0.877494,,,All
,,1.20978,0.877749,,,All
,,1.21015,0.878005,,,All
,,1.21077,0.878261,,,All
,,1.21338,0.878517,,,All
,,1.21541,0.878772,,,All
,,1.21558,0.879028,,,All
,,1.21571,0.879284,,,All
,,1.21612,0.87954,,,All
,,1.21623,0.879795,,,All
,,1.21722,0.880051,,,All
,,1.21858,0.880307,,,All
,,1.21916,0.880563,,,All
,,1.21924,0.880818,,,All
,,1.22012,0.881074,,,All
,,1.22037,0.88133,,,All
,,1.22175,0.881586,,,All
,,1.22194,0.881841,,,All
,,1.22273,0.882097,,,All
,,1.22331,0.882353,,,All
,,1.22528,0.882609,,,All
,,1.22726,0.882864,,,All
,,1.22859,0.88312,,,All
,,1.23102,0.883376,,,All
,,1.23547,0.883632,,,All
,,1.23671,0.883887,,,All
,,1.24041,0.884143,,,All
,,1.24333,0.884399,,,All
,,1.24339,0.884655,,,All
,,1.24494,0.88491,,,All
,,1.24606,0.885166,,,All
,,1.24663,0.885422,,,All
,,1.24718,0.885678,,,All
,,1.24801,0.885934,,,All
,,1.24819,0.886189,,,All
,,1.24912,0.886445,,,All
,,1.24929,0.886701,,,All
,,1.24931,0.886957,,,All
,,1.24968,0.887212,,,All
,,1.24983,0.887468,,,All
,,1.2505,0.887724,,,All
,,1.25114,0.88798,,,All
,,1.25182,0.888235,,,All
,,1.25247,0.888491,,,All
,,1.25352,0.888747,,,All
,,1.25358,0.889003,,,All
,,1.25453,0.889258,,,All
,,1.25478,0.889514,,,All
,,1.25766,0.88977,,,All
,,1.25815,0.890026,,,All
,,1.25905,0.890281,,,All
,,1.26001,0.890537,,,All
,,1.26033,0.890793,,,All
,,1.26111,0.891049,,,All
,,1.26158,0.891304,,,All
,,1.26219,0.89156,,,All
,,1.26564,0.891816,,,All
,,1.26639,0.892072,,,All
,,1.26856,0.892327,,,All
,,1.26979,0.892583,,,All
,,1.27003,0.892839,,,All
,,1.27122,0.893095,,,All
,,1.27323,0.89335,,,All
,,1.27386,0.893606,,,All
,,1.27543,0.893862,,,All
,,1.277,0.894118,,,All
,,1.27718,0.894373,,,All
,,1.27793,0.894629,,,All
,,1.27812,0.894885,,,All
,,1.28,0.895141,,,All
,,1.28171,0.895396,,,All
,,1.28472,0.895652,,,All
,,1.28777,0.895908,,,All
,,1.2893,0.896164,,,All
,,1.28962,0.896419,,,All
,,1.2902,0.896675,,,All
,,1.29238,0.896931,,,All
,,1.29403,0.897187,,,All
,,1.29532,0.897442,,,All
,,1.29556,0.897698,,,All
,,1.29639,0.897954,,,All
,,1.29694,0.89821,,,All
,,1.30193,0.898465,,,All
,,1.30206,0.898721,,,All
,,1.30362,0.898977,,,All
,,1.30411,0.899233,,,All
,,1.30535,0.899488,,,All
,,1.30687,0.899744,,,All
,,1.30743,0.9,,,All
,,1.30767,0.900256,,,All
,,1.3087,0.900512,,,All
,,1.30906,0.900767,,,All
,,1.31292,0.901023,,,All
,,1.31432,0.901279,,,All
,,1.31645,0.901535,,,All
,,1.31951,0.90179,,,All
,,1.32053,0.902046,,,All
,,1.32079,0.902302,,,All
,,1.32157,0.902558,,,All
,,1.32408,0.902813,,,All
,,1.32525,0.903069,,,All
,,1.32786,0.903325,,,All
,,1.32798,0.903581,,,All
,,1.33192,0.903836,,,All
,,1.33248,0.904092,,,All
,,1.33434,0.904348,,,All
,,1.33549,0.904604,,,All
,,1.33729,0.904859,,,All
,,1.33757,0.905115,,,All
,,1.33814,0.905371,,,All
,,1.33886,0.905627,,,All
,,1.34291,0.905882,,,All
,,1.34303,0.906138,,,All
,,1.34308,0.906394,,,All
,,1.34742,0.90665,,,All
,,1.34762,0.906905,,,All
,,1.34836,0.907161,,,All
,,1.34911,0.907417,,,All
,,1.35103,0.907673,,,All
,,1.35424,0.907928,,,All
,,1.35447,0.908184,,,All
,,1.35472,0.90844,,,All
,,1.35548,0.908696,,,All
,,1.35586,0.908951,,,All
,,1.35602,0.909207,,,All
,,1.35733,0.909463,,,All
,,1.35927,0.909719,,,All
,,1.36103,0.909974,,,All
,,1.36122,0.91023,,,All
,,1.36173,0.910486,,,All
,,1.36239,0.910742,,,All
,,1.36915,0.910997,,,All
,,1.3704,0.911253,,,All
,,1.37127,0.911509,,,All
,,1.37285,0.911765,,,All
,,1.37302,0.91202,,,All
,,1.37314,0.912276,,,All
,,1.37495,0.912532,,,All
,,1.37688,0.912788,,,All
,,1.37753,0.913043,,,All
,,1.37908,0.913299,,,All
,,1.38076,0.913555,,,All
,,1.3856,0.913811,,,All
,,1.3871,0.914066,,,All
,,1.38883,0.914322,,,All
,,1.39092,0.914578,,,All
,,1.39134,0.914834,,,All
,,1.39255,0.91509,,,All
,,1.39345,0.915345,,,All
,,1.39586,0.915601,,,All
,,1.39659,0.915857,,,All
,,1.3982,0.916113,,,All
,,1.39822,0.916368,,,All
,,1.39889,0.916624,,,All
,,1.4001,0.91688,,,All
,,1.40133,0.917136,,,All
,,1.40265,0.917391,,,All
,,1.40354,0.917647,,,All
,,1.40354,0.917903,,,All
,,1.40447,0.918159,,,All
,,1.40575,0.918414,,,All
,,1.40997,0.91867,,,All
,,1.41,0.918926,,,All
,,1.41058,0.919182,,,All
,,1.41094,0.919437,,,All
,,1.41769,0.919693,,,All
,,1.41816,0.919949,,,All
,,1.41851,0.920205,,,All
,,1.42061,0.92046,,,All
,,1.4235,0.920716,,,All
,,1.42525,0.920972,,,All
,,1.42626,0.921228,,,All
,,1.42701,0.921483,,,All
,,1.43079,0.921739,,,All
,,1.43327,0.921995,,,All
,,1.43536,0.922251,,,All
,,1.43658,0.922506,,,All
,,1.4383,0.922762,,,All
,,1.43918,0.923018,,,All
,,1.43966,0.923274,,,All
,,1.44641,0.923529,,,All
,,1.44669,0.923785,,,All
,,1.44676,0.924041,,,All
,,1.44686,0.924297,,,All
,,1.44754,0.924552,,,All
,,1.45128,0.924808,,,All
,,1.45495,0.925064,,,All
,,1.45879,0.92532,,,All
,,1.45947,0.925575,,,All
,,1.46075,0.925831,,,All
,,1.4618,0.926087,,,All
,,1.4639,0.926343,,,All
,,1.46394,0.926598,,,All
,,1.46466,0.926854,,,All
,,1.46869,0.92711,,,All
,,1.46895,0.927366,,,All
,,1.46914,0.927621,,,All
,,1.47025,0.927877,,,All
,,1.47079,0.928133,,,All
,,1.47187,0.928389,,,All
,,1.47198,0.928645,,,All
,,1.47384,0.9289,,,All
,,1.47398,0.929156,,,All
,,1.47703,0.929412,,,All
,,1.47742,0.929668,,,All
,,1.47749,0.929923,,,All
,,1.48102,0.930179,,,All
,,1.48374,0.930435,,,All
,,1.48796,0.930691,,,All
,,1.48817,0.930946,,,All
,,1.48993,0.931202,,,All
,,1.49078,0.931458,,,All
,,1.49088,0.931714,,,All
,,1.49237,0.931969,,,All
,,1.49282,0.932225,,,All
,,1.49707,0.932481,,,All
,,1.49865,0.932737,,,All
,,1.49874,0.932992,,,All
,,1.49888,0.933248,,,All
,,1.5002,0.933504,,,All
,,1.50255,0.93376,,,All
,,1.50512,0.934015,,,All
,,1.50929,0.934271,,,All
,,1.51124,0.934527,,,All
,,1.514,0.934783,,,All
,,1.51474,0.935038,,,All
,,1.51519,0.935294,,,All
,,1.52184,0.93555,,,All
,,1.52217,0.935806,,,All
,,1.52229,0.936061,,,All
,,1.52382,0.936317,,,All
,,1.52518,0.936573,,,All
,,1.53073,0.936829,,,All
,,1.53192,0.937084,,,All
,,1.53315,0.93734,,,All
,,1.54214,0.937596,,,All
,,1.54242,0.937852,,,All
,,1.54247,0.938107,,,All
,,1.5452,0.938363,,,All
,,1.54563,0.938619,,,All
,,1.54802,0.938875,,,All
,,1.55021,0.93913,,,All
,,1.55345,0.939386,,,All
,,1.55398,0.939642,,,All
,,1.5543,0.939898,,,All
,,1.55537,0.940153,,,All
,,1.55777,0.940409,,,All
,,1.55865,0.940665,,,All
,,1.56874,0.940921,,,All
,,1.57684,0.941176,,,All
,,1.57719,0.941432,,,All
,,1.57748,0.941688,,,All
,,1.57777,0.941944,,,All
,,1.57916,0.942199,,,All
,,1.57938,0.942455,,,All
,,1.57954,0.942711,,,All
,,1.57964,0.942967,,,All
,,1.58336,0.943223,,,All
,,1.5834,0.943478,,,All
,,1.59205,0.943734,,,All
,,1.59213,0.94399,,,All
,,1.59974,0.944246,,,All
,,1.60337,0.944501,,,All
,,1.60356,0.944757,,,All
,,1.60434,0.945013,,,All
,,1.60538,0.945269,,,All
,,1.60551,0.945524,,,All
,,1.60595,0.94578,,,All
,,1.60644,0.946036,,,All
,,1.60806,0.946292,,,All
,,1.61438,0.946547,,,All
,,1.61786,0.946803,,,All
,,1.62624,0.947059,,,All
,,1.62663,0.947315,,,All
,,1.62983,0.94757,,,All
,,1.62998,0.947826,,,All
,,1.63102,0.948082,,,All
,,1.63561,0.948338,,,All
,,1.63668,0.948593,,,All
,,1.63788,0.948849,,,All
,,1.64014,0.949105,,,All
,,1.64114,0.949361,,,All
,,1.64138,0.949616,,,All
,,1.64761,0.949872,,,All
,,1.65074,0.950128,,,All
,,1.65107,0.950384,,,All
,,1.65168,0.950639,,,All
,,1.65311,0.950895,,,All
,,1.65376,0.951151,,,All
,,1.65885,0.951407,,,All
,,1.66271,0.951662,,,All
,,1.66273,0.951918,,,All
,,1.66572,0.952174,,,All
,,1.66792,0.95243,,,All
,,1.6695,0.952685,,,All
,,1.67175,0.952941,,,All
,,1.67312,0.953197,,,All
,,1.67419,0.953453,,,All
,,1.67482,0.953708,,,All
,,1.68011,0.953964,,,All
,,1.68063,0.95422,,,All
,,1.68234,0.954476,,,All
,,1.68455,0.954731,,,All
,,1.68514,0.954987,,,All
,,1.68516,0.955243,,,All
,,1.68594,0.955499,,,All
,,1.68833,0.955754,,,All
,,1.69156,0.95601,,,All
,,1.69265,0.956266,,,All
,,1.69777,0.956522,,,All
,,1.69812,0.956777,,,All
,,1.69848,0.957033,,,All
,,1.69979,0.957289,,,All
,,1.70283,0.957545,,,All
,,1.70465,0.957801,,,All
,,1.70745,0.958056,,,All
,,1.71051,0.958312,,,All
,,1.71204,0.958568,,,All
,,1.71519,0.958824,,,All
,,1.71635,0.959079,,,All
,,1.71652,0.959335,,,All
,,1.71714,0.959591,,,All
,,1.72103,0.959847,,,All
,,1.72112,0.960102,,,All
,,1.7233,0.960358,,,All
,,1.72552,0.960614,,,All
,,1.72582,0.96087,,,All
,,1.73018,0.961125,,,All
,,1.73087,0.961381,,,All
,,1.73519,0.961637,,,All
,,1.73673,0.961893,,,All
,,1.74864,0.962148,,,All
,,1.75007,0.962404,,,All
,,1.75314,0.96266,,,All
,,1.75402,0.962916,,,All
,,1.75798,0.963171,,,All
,,1.76342,0.963427,,,All
,,1.7665,0.963683,,,All
,,1.77565,0.963939,,,All
,,1.77757,0.964194,,,All
,,1.77857,0.96445,,,All
,,1.78027,0.964706,,,All
,,1.78552,0.964962,,,All
,,1.7871,0.965217,,,All
,,1.78814,0.965473,,,All
,,1.78821,0.965729,,,All
,,1.78876,0.965985,,,All
,,1.78948,0.96624,,,All
,,1.79213,0.966496,,,All
,,1.79556,0.966752,,,All
,,1.80778,0.967008,,,All
,,1.81013,0.967263,,,All
,,1.81559,0.967519,,,All
,,1.81912,0.967775,,,All
,,1.82506,0.968031,,,All
,,1.82692,0.968286,,,All
,,1.82928,0.968542,,,All
,,1.82961,0.968798,,,All
,,1.83553,0.969054,,,All
,,1.83802,0.969309,,,All
,,1.83963,0.969565,,,All
,,1.83993,0.969821,,,All
,,1.84521,0.970077,,,All
,,1.84524,0.970332,,,All
,,1.84879,0.970588,,,All
,,1.85408,0.970844,,,All
,,1.85742,0.9711,,,All
,,1.86609,0.971355,,,All
,,1.8661,0.971611,,,All
,,1.86654,0.971867,,,All
,,1.86668,0.972123,,,All
,,1.86822,0.972379,,,All
,,1.87069,0.972634,,,All
,,1.87477,0.97289,,,All
,,1.87504,0.973146,,,All
,,1.87536,0.973402,,,All
,,1.88028,0.973657,,,All
,,1.88123,0.973913,,,All
,,1.88994,0.974169,,,All
,,1.89212,0.974425,,,All
,,1.89917,0.97468,,,All
,,1.90324,0.974936,,,All
,,1.91724,0.975192,,,All
,,1.92575,0.975448,,,All
,,1.92656,0.975703,,,All
,,1.92977,0.975959,,,All
,,1.93628,0.976215,,,All
,,1.94148,0.976471,,,All
,,1.94539,0.976726,,,All
,,1.94632,0.976982,,,All
,,1.94789,0.977238,,,All
,,1.95253,0.977494,,,All
,,1.95711,0.977749,,,All
,,1.96543,0.978005,,,All
,,1.98534,0.978261,,,All
,,1.99084,0.978517,,,All
,,1.99995,0.978772,,,All
,,2.00557,0.979028,,,All
,,2.00575,0.979284,,,All
,,2.00994,0.97954,,,All
,,2.0102,0.979795,,,All
,,2.0108,0.980051,,,All
,,2.02252,0.980307,,,All
,,2.02893,0.980563,,,All
,,2.03118,0.980818,,,All
,,2.03211,0.981074,,,All
,,2.03228,0.98133,,,All
,,2.03618,0.981586,,,All
,,2.0489,0.981841,,,All
,,2.05755,0.982097,,,All
,,2.06267,0.982353,,,All
,,2.06468,0.982609,,,All
,,2.06584,0.982864,,,All
,,2.06712,0.98312,,,All
,,2.07891,0.983376,,,All
,,2.08098,0.983632,,,All
,,2.08212,0.983887,,,All
,,2.08665,0.984143,,,All
,,2.09479,0.984399,,,All
,,2.09522,0.984655,,,All
,,2.10298,0.98491,,,All
,,2.1098,0.985166,,,All
,,2.11447,0.985422,,,All
,,2.1185,0.985678,,,All
,,2.12697,0.985934,,,All
,,2.15787,0.986189,,,All
,,2.16512,0.986445,,,All
,,2.16729,0.986701,,,All
,,2.18913,0.986957,,,All
,,2.20489,0.987212,,,All
,,2.2099,0.987468,,,All
,,2.21109,0.987724,,,All
,,2.21395,0.98798,,,All
,,2.21439,0.988235,,,All
,,2.21635,0.988491,,,All
,,2.22002,0.988747,,,All
,,2.22844,0.989003,,,All
,,2.23827,0.989258,,,All
,,2.24888,0.989514,,,All
,,2.27532,0.98977,,,All
,,2.2771,0.990026,,,All
,,2.28276,0.990281,,,All
,,2.28365,0.990537,,,All
,,2.2934,0.990793,,,All
,,2.31312,0.991049,,,All
,,2.33041,0.991304,,,All
,,2.35405,0.99156,,,All
,,2.3547,0.991816,,,All
,,2.3557,0.992072,,,All
,,2.38392,0.992327,,,All
,,2.39162,0.992583,,,All
,,2.42507,0.992839,,,All
,,2.43964,0.993095,,,All
,,2.44468,0.99335,,,All
,,2.45035,0.993606,,,All
,,2.45168,0.993862,,,All
,,2.47592,0.994118,,,All
,,2.47802,0.994373,,,All
,,2.50489,0.994629,,,All
,,2.51416,0.994885,,,All
,,2.5208,0.995141,,,All
,,2.52641,0.995396,,,All
,,2.53098,0.995652,,,All
,,2.53465,0.995908,,,All
,,2.60486,0.996164,,,All
,,2.61514,0.996419,,,All
,,2.63424,0.996675,,,All
,,2.69619,0.996931,,,All
,,2.70089,0.997187,,,All
,,2.73228,0.997442,,,All
,,2.73248,0.997698,,,All
,,2.79083,0.997954,,,All
,,2.89216,0.99821,,,All
,,2.89354,0.998465,,,All
,,2.93677,0.998721,,,All
,,3.07059,0.998977,,,All
,,3.09618,0.999233,,,All
,,3.18812,0.999488,,,All
,,3.2094,0.999744,,,All
,,3.24702,1,,,All
,,4,1,,,All
