ID,TIME,popPred_medianCOV,cens_popPred_medianCOV,popPred,cens_popPred,indivPred_mean,cens_indivPred_mean,indivPred_mode,cens_indivPred_mode,obsid
7,1,0,1,0,1,0,1,0,1,y1
7,1.02242853060992,0,1,0,1,0,1,0,1,y1
7,1.04536010020516,0,1,0,1,0,1,0,1,y1
7,1.06880599121101,0,1,0,1,0,1,0.086391,1,y1
7,1.09277773910095,0,1,0,1,0,1,0.298355,1,y1
7,1.11728713807222,0,1,0,1,0,1,0.450164,1,y1
7,1.12,0,1,0,1,0,1,0.464234,1,y1
7,1.14234624684855,0,1,0,1,0.0539126,1,0.564929,1,y1
7,1.16796739461312,0,1,0,1,0.282779,1,0.654951,1,y1
7,1.19416318707459,0,1,0,1,0.442469,1,0.727633,1,y1
7,1.22094651266913,0,1,0,1,0.561016,1,0.787849,1,y1
7,1.24,0,1,0,1,0.627325,1,0.824363,1,y1
7,1.24833054890161,0,1,0,1,0.652779,1,0.83902,1,y1
7,1.27632876882895,0,1,0,1,0.726217,1,0.883674,1,y1
7,1.30495494768896,0,1,0,1,0.786813,1,0.923725,1,y1
7,1.33422316967777,0,1,0,1,0.838375,1,0.960607,1,y1
7,1.36,0,1,0,1,0.877745,1,0.990788,1,y1
7,1.36414783487935,0,1,0,1,0.883676,1,0.995496,1,y1
7,1.39474366635041,0,1,0,1,0.924789,1,1.0293,1,y1
7,1.42602571736414,0,1,0,1,0.963237,1,1.06263,1,y1
7,1.45800937881658,0,1,0,1,1.00022,1,1.09596,1,y1
7,1.48,0,1,0,1,1.02479,1,1.11868,1,y1
7,1.49071038679892,0,1,0,1,1.03659,1,1.12972,1,y1
7,1.5,0,1,0,1,1.04676,1,1.13929,1,y1
7,1.52414483033977,0,1,0,1,1.07297,1,1.16415,1,y1
7,1.558329159321,0,1,0,1,1.10979,1,1.19936,1,y1
7,1.59328019257117,0,1,0,1,1.14737,1,1.2355,1,y1
7,1.6,0,1,0,1,1.15461,1,1.24248,1,y1
7,1.62901512614043,0,1,0,1,1.18591,1,1.27268,1,y1
7,1.6655515417611,0,1,0,1,1.22551,1,1.31096,1,y1
7,1.70290741549789,0,1,0,1,1.2663,1,1.35032,1,y1
7,1.72,0.0870374,1,0.0870374,1,1.28507,1,1.36838,1,y1
7,1.74110112659225,0.594645,1,0.594645,1,1.30832,1,1.39076,1,y1
7,1.78015146650499,1.29661,1,1.29661,1,1.35159,1,1.43249,1,y1
7,1.8200776481618,1.87064,1,1.87064,1,1.39611,1,1.47536,1,y1
7,1.84,2.12005,1,2.12005,1,1.41842,1,1.4968,1,y1
7,1.86089931540603,2.36046,1,2.36046,1,1.44189,1,1.51937,1,y1
7,1.9026365526636,2.78725,1,2.78725,1,1.48903,1,1.56484,1,y1
7,1.94530989482457,3.16489,0,3.16489,0,1.53758,1,1.61152,1,y1
7,1.96,3.28366,0,3.28366,0,1.55437,1,1.62763,1,y1
7,1.98894033734643,3.50335,0,3.50335,0,1.58756,1,1.65949,1,y1
7,2,3.58271,0,3.58271,0,1.60027,1,1.67172,1,y1
7,2.03354934658391,3.80967,0,3.80967,0,1.63896,1,1.70892,1,y1
7,2.07915887035056,4.08932,0,4.08932,0,1.69185,1,1.75974,1,y1
7,2.08,4.09421,0,4.09421,0,1.69283,1,1.76068,1,y1
7,2.12579134871711,4.34645,0,4.34645,0,1.74635,1,1.81204,1,y1
7,2.17346972505212,4.58383,0,4.58383,0,1.80252,1,1.866,1,y1
7,2.2,4.70657,0,4.70657,0,1.83397,1,1.89617,1,y1
7,2.22221745731019,4.80453,0,4.80453,0,1.86039,1,1.92146,1,y1
7,2.27205852957337,5.0102,0,5.0102,0,1.92,1,1.97863,1,y1
7,2.32,5.19193,0,5.19193,0,1.97777,1,2.0341,1,y1
7,2.32301746385144,5.2029,0,5.2029,0,1.98142,1,2.03759,1,y1
7,2.37511933214682,5.38407,0,5.38407,0,2.04472,1,2.09815,1,y1
7,2.42838976879009,5.55472,0,5.55472,0,2.11004,1,2.16084,1,y1
7,2.44,5.5902,0,5.5902,0,2.12436,1,2.17451,1,y1
7,2.48285498305222,5.7162,0,5.7162,0,2.17742,1,2.22514,1,y1
7,2.5,5.76466,0,5.76466,0,2.19874,1,2.24555,1,y1
7,2.53854177203961,5.86999,0,5.86999,0,2.24684,1,2.29166,1,y1
7,2.56,5.92639,0,5.92639,0,2.27374,1,2.31745,1,y1
7,2.59547753387837,6.01615,0,6.01615,0,2.31844,1,2.36026,1,y1
7,2.65369028119432,6.15463,0,6.15463,0,2.39244,1,2.43095,1,y1
7,2.68,6.21391,0,6.21391,0,2.42612,1,2.46314,1,y1
7,2.71320865489534,6.28605,0,6.28605,0,2.46881,1,2.50392,1,y1
7,2.77406193826277,6.41112,0,6.41112,0,2.54753,1,2.57914,1,y1
7,2.8,6.46181,0,6.46181,0,2.58134,1,2.61147,1,y1
7,2.83628007135892,6.53023,0,6.53023,0,2.6289,1,2.65691,1,y1
7,2.8998936657577,6.64379,0,6.64379,0,2.71302,1,2.73691,1,y1
7,2.92,6.67809,0,6.67809,0,2.73979,1,2.76237,1,y1
7,2.96493401960567,6.75212,0,6.75212,0,2.79987,1,2.81959,1,y1
7,3,6.80751,0,6.80751,0,2.84707,1,2.86456,1,y1
7,3.0314331330208,6.85547,0,6.85547,0,2.88961,1,2.90508,1,y1
7,3.04,6.86827,0,6.86827,0,2.90124,1,2.91616,1,y1
7,3.09942372383669,6.95398,0,6.95398,0,2.98241,1,2.99343,1,y1
7,3.16,7.03614,0,7.03614,0,3.06605,0,3.07292,0,y1
7,3.16893924369988,7.04783,0,7.04783,0,3.07847,0,3.08472,0,y1
7,3.24001389452818,7.13706,0,7.13706,0,3.17772,0,3.17907,0,y1
7,3.28,7.18445,0,7.18445,0,3.23403,0,3.23263,0,y1
7,3.31268264533818,7.22172,0,7.22172,0,3.2804,0,3.27665,0,y1
7,3.38698124945011,7.30178,0,7.30178,0,3.3869,0,3.37757,0,y1
7,3.4,7.31515,0,7.31515,0,3.40569,0,3.39538,0,y1
7,3.46294626207863,7.37714,0,7.37714,0,3.49695,0,3.48203,0,y1
7,3.5,7.41163,0,7.41163,0,3.55115,0,3.53344,0,y1
7,3.52,7.42962,0,7.42962,0,3.58057,0,3.56133,0,y1
7,3.54061505831818,7.44773,0,7.44773,0,3.61102,0,3.59017,0,y1
7,3.62002585153162,7.51342,0,7.51342,0,3.72936,0,3.70211,0,y1
7,3.64,7.52894,0,7.52894,0,3.75934,0,3.73049,0,y1
7,3.70121771215141,7.57403,0,7.57403,0,3.85186,0,3.81806,0,y1
7,3.76,7.61392,0,7.61392,0,3.94165,0,3.90297,0,y1
7,3.78423058690238,7.6294,0,7.6294,0,3.97897,0,3.93821,0,y1
7,3.86910531845573,7.67935,0,7.67935,0,4.11099,0,4.06275,0,y1
7,3.88,7.68528,0,7.68528,0,4.12809,0,4.07886,0,y1
7,3.95588366552373,7.7237,0,7.7237,0,4.24796,0,4.19187,0,y1
7,4,7.74373,0,7.74373,0,4.31836,0,4.25821,0,y1
7,4.04460832340522,7.76231,0,7.76231,0,4.3901,0,4.32579,0,y1
7,4.12,7.79001,0,7.79001,0,4.51265,0,4.44118,0,y1
7,4.13532294499186,7.79508,0,7.79508,0,4.53774,0,4.46479,0,y1
7,4.22807216224552,7.82194,0,7.82194,0,4.69114,0,4.60909,0,y1
7,4.24,7.82493,0,7.82493,0,4.71104,0,4.6278,0,y1
7,4.32290160815741,7.84288,0,7.84288,0,4.85062,0,4.75888,0,y1
7,4.36,7.84938,0,7.84938,0,4.91373,0,4.81816,0,y1
7,4.41985793919965,7.85794,0,7.85794,0,5.0165,0,4.91455,0,y1
7,4.48,7.8643,0,7.8643,0,5.12081,0,5.0124,0,y1
7,4.5,7.86592,0,7.86592,0,5.15576,0,5.04515,0,y1
7,4.51898885828049,7.86725,0,7.86725,0,5.18906,0,5.07633,0,y1
7,4.6,7.87066,0,7.87066,0,5.33236,0,5.21045,0,y1
7,4.62034313821434,7.87096,0,7.87096,0,5.36867,0,5.24443,0,y1
7,4.72,7.86946,0,7.86946,0,5.54839,0,5.41252,0,y1
7,4.72397064571812,7.8693,0,7.8693,0,5.55561,0,5.41928,0,y1
7,4.82992236594598,7.86251,0,7.86251,0,5.75018,0,5.60098,0,y1
7,4.84,7.86162,0,7.86162,0,5.76886,0,5.61842,0,y1
7,4.93825042757415,7.85089,0,7.85089,0,5.95258,0,5.78986,0,y1
7,4.96,7.84804,0,7.84804,0,5.9936,0,5.82814,0,y1
7,5,7.84239,0,7.84239,0,6.06942,0,5.89888,0,y1
7,5.04900812844846,7.83476,0,7.83476,0,6.16286,0,5.98603,0,y1
7,5.08,7.82955,0,7.82955,0,6.22224,0,6.04138,0,y1
7,5.16224996180711,7.81443,0,7.81443,0,6.38079,0,6.18929,0,y1
7,5.2,7.80689,0,7.80689,0,6.45394,0,6.25754,0,y1
7,5.27803164309158,7.79024,0,7.79024,0,6.60555,0,6.39926,0,y1
7,5.32,7.78073,0,7.78073,0,6.68717,0,6.4757,0,y1
7,5.39641013735879,7.76251,0,7.76251,0,6.83527,0,6.61485,0,y1
7,5.44,7.75164,0,7.75164,0,6.91917,0,6.69401,0,y1
7,5.5,7.73617,0,7.73617,0,7.03337,0,6.80234,0,y1
7,5.51744368730824,7.73156,0,7.73156,0,7.06619,0,6.83364,0,y1
7,5.56,7.72015,0,7.72015,0,7.14538,0,6.90951,0,y1
7,5.64119184193756,7.69769,0,7.69769,0,7.29164,0,7.05162,0,y1
7,5.68,7.68666,0,7.68666,0,7.35869,0,7.11772,0,y1
7,5.7677154858409,7.66112,0,7.66112,0,7.50094,0,7.26133,0,y1
7,5.8,7.65153,0,7.65153,0,7.54939,0,7.31163,0,y1
7,5.8970768691644,7.6221,0,7.6221,0,7.67951,0,7.45261,0,y1
7,5.92,7.61504,0,7.61504,0,7.70642,0,7.48322,0,y1
7,6,7.59013,0,7.59013,0,7.78772,0,7.58033,0,y1
7,6.02933963823352,7.5809,0,7.5809,0,7.81247,0,7.61191,0,y1
7,6.04,7.57753,0,7.57753,0,7.82076,0,7.62283,0,y1
7,6.16,7.53917,0,7.53917,0,7.88913,0,7.72386,0,y1
7,6.16456886686726,7.53769,0,7.53769,0,7.89085,0,7.72691,0,y1
7,6.28,7.49968,0,7.49968,0,7.91457,0,7.78459,0,y1
7,6.30283108839477,7.492,0,7.492,0,7.9151,0,7.79172,0,y1
7,6.4,7.45845,0,7.45845,0,7.90452,0,7.80746,0,y1
7,6.44419432839,7.44264,0,7.44264,0,7.89384,0,7.80756,0,y1
7,6.5,7.42207,0,7.42207,0,7.87602,0,7.80218,0,y1
7,6.52,7.41452,0,7.41452,0,7.86859,0,7.7989,0,y1
7,6.58872813814059,7.38799,0,7.38799,0,7.83959,0,7.78281,0,y1
7,6.64,7.36768,0,7.36768,0,7.81504,0,7.76651,0,y1
7,6.73650362886733,7.32806,0,7.32806,0,7.76412,0,7.72801,0,y1
7,6.76,7.31812,0,7.31812,0,7.75105,0,7.71739,0,y1
7,6.88,7.26569,0,7.26569,0,7.68218,0,7.65779,0,y1
7,6.88759350671123,7.26228,0,7.26228,0,7.67776,0,7.65379,0,y1
7,7,7.21052,0,7.21052,0,7.61259,0,7.59279,0,y1
7,7.04207210850521,7.1905,0,7.1905,0,7.58859,0,7.56944,0,y1
7,7.12,7.15246,0,7.15246,0,7.54523,0,7.52625,0,y1
7,7.2000154383481,7.1121,0,7.1121,0,7.50257,0,7.48264,0,y1
7,7.24,7.09144,0,7.09144,0,7.48209,0,7.4612,0,y1
7,7.36,7.02744,0,7.02744,0,7.42438,0,7.39934,0,y1
7,7.361501204999,7.02662,0,7.02662,0,7.42369,0,7.3986,0,y1
7,7.48,6.96038,0,6.96038,0,7.37267,0,7.34249,0,y1
7,7.5,6.94891,0,6.94891,0,7.36465,0,7.33345,0,y1
7,7.5266088601103,6.93351,0,6.93351,0,7.35425,0,7.32164,0,y1
7,7.6,6.89026,0,6.89026,0,7.32713,0,7.29047,0,y1
7,7.6954196373182,6.83229,0,6.83229,0,7.29525,0,7.25361,0,y1
7,7.72,6.81704,0,6.81704,0,7.28764,0,7.24472,0,y1
7,7.84,6.74068,0,6.74068,0,7.25393,0,7.20412,0,y1
7,7.86801659220999,6.7224,0,6.7224,0,7.24685,0,7.19531,0,y1
7,7.96,6.6612,0,6.6612,0,7.22556,0,7.16902,0,y1
7,8,6.63401,0,6.63401,0,7.21723,0,7.15886,0,y1
7,8.04448464318775,6.60337,0,6.60337,0,7.20857,0,7.14819,0,y1
7,8.08,6.57861,0,6.57861,0,7.2021,0,7.13986,0,y1
7,8.2,6.49296,0,6.49296,0,7.18313,0,7.11443,0,y1
7,8.22491061324853,6.47481,0,6.47481,0,7.1797,0,7.10978,0,y1
7,8.32,6.40435,0,6.40435,0,7.16763,0,7.09289,0,y1
7,8.40938327270165,6.33648,0,6.33648,0,7.15692,0,7.07691,0,y1
7,8.44,6.31288,0,6.31288,0,7.15318,0,7.0712,0,y1
7,8.5,6.26612,0,6.26612,0,7.1454,0,7.05964,0,y1
7,8.56,6.21872,0,6.21872,0,7.13668,0,7.04763,0,y1
7,8.59799338284401,6.18837,0,6.18837,0,7.13051,0,7.03978,0,y1
7,8.68,6.12208,0,6.12208,0,7.1162,0,7.02219,0,y1
7,8.79083374061504,6.03092,0,6.03092,0,7.09513,0,6.99697,0,y1
7,8.8,6.0233,0,6.0233,0,7.09329,0,6.99484,0,y1
7,8.92,5.92278,0,5.92278,0,7.06758,0,6.96573,0,y1
7,8.98799922425316,5.86521,0,5.86521,0,7.05161,0,6.94838,0,y1
7,9,5.85501,0,5.85501,0,7.0487,0,6.94528,0,y1
7,9.04,5.82095,0,5.82095,0,7.0388,0,6.93485,0,y1
7,9.16,5.71836,0,5.71836,0,7.00752,0,6.90179,0,y1
7,9.18958683997628,5.69295,0,5.69295,0,6.99944,0,6.89338,0,y1
7,9.28,5.61535,0,5.61535,0,6.97393,0,6.86711,0,y1
7,9.39569576970923,5.51642,0,5.51642,0,6.93957,0,6.8313,0,y1
7,9.4,5.51274,0,5.51274,0,6.93826,0,6.82994,0,y1
7,9.5,5.42748,0,5.42748,0,6.90708,0,6.79765,0,y1
7,9.52,5.41041,0,5.41041,0,6.90064,0,6.79101,0,y1
7,9.60642741988167,5.33657,0,5.33657,0,6.87179,0,6.76195,0,y1
7,9.64,5.30783,0,5.30783,0,6.86006,0,6.75022,0,y1
7,9.76,5.20507,0,5.20507,0,6.81724,0,6.70687,0,y1
7,9.82188547132048,5.15226,0,5.15226,0,6.79435,0,6.68406,0,y1
7,9.88,5.10286,0,5.10286,0,6.77156,0,6.66142,0,y1
7,10,5.00183,0,5.00183,0,6.72297,0,6.61419,0,y1
7,10.0421759302611,4.96668,0,4.96668,0,6.70565,0,6.59695,0,y1
7,10.12,4.90251,0,4.90251,0,6.67328,0,6.56445,0,y1
7,10.24,4.80542,0,4.80542,0,6.62119,0,6.51255,0,y1
7,10.2674071805032,4.78359,0,4.78359,0,6.60898,0,6.50029,0,y1
7,10.36,4.71089,0,4.71089,0,6.56736,0,6.45782,0,y1
7,10.48,4.61903,0,4.61903,0,6.51093,0,6.40119,0,y1
7,10.4976900367357,4.60574,0,4.60574,0,6.50213,0,6.39263,0,y1
7,10.5,4.60401,0,4.60401,0,6.50097,0,6.39151,0,y1
7,10.6,4.5301,0,4.5301,0,6.45018,0,6.34211,0,y1
7,10.72,4.44399,0,4.44399,0,6.38798,0,6.28063,0,y1
7,10.7331377990581,4.43474,0,4.43474,0,6.38108,0,6.27374,0,y1
7,10.84,4.36086,0,4.36086,0,6.32377,0,6.21656,0,y1
7,10.96,4.28056,0,4.28056,0,6.25663,0,6.14988,0,y1
7,10.9738663087248,4.27145,0,4.27145,0,6.24871,0,6.142,0,y1
7,11,4.25438,0,4.25438,0,6.23372,0,6.12705,0,y1
7,11.08,4.20307,0,4.20307,0,6.1874,0,6.08045,0,y1
7,11.2,4.1284,0,4.1284,0,6.11535,0,6.00821,0,y1
7,11.2199940051392,4.11615,0,4.11615,0,6.10279,0,5.99592,0,y1
7,11.32,4.05618,0,4.05618,0,6.03844,0,5.93324,0,y1
7,11.44,3.98727,0,3.98727,0,5.95986,0,5.85504,0,y1
7,11.4716419841266,3.96941,0,3.96941,0,5.93889,0,5.83388,0,y1
7,11.5,3.95345,0,3.95345,0,5.91989,0,5.81473,0,y1
7,11.56,3.92022,0,3.92022,0,5.87895,0,5.77353,0,y1
7,11.68,3.85621,0,3.85621,0,5.79367,0,5.68785,0,y1
7,11.7289340575137,3.8304,0,3.8304,0,5.75788,0,5.65204,0,y1
7,11.8,3.79272,0,3.79272,0,5.70476,0,5.59995,0,y1
7,11.92,3.73074,0,3.73074,0,5.61239,0,5.50973,0,y1
7,11.9919968140444,3.69477,0,3.69477,0,5.55585,0,5.45335,0,y1
7,12,3.69081,0,3.69081,0,5.54947,0,5.44697,0,y1
7,12.04,3.67117,0,3.67117,0,5.51719,0,5.41473,0,y1
7,12.16,3.61286,0,3.61286,0,5.41794,0,5.3159,0,y1
7,12.2609596816623,3.56532,0,3.56532,0,5.33147,0,5.22959,0,y1
7,12.28,3.55643,0,3.55643,0,5.31485,0,5.213,0,y1
7,12.4,3.50137,0,3.50137,0,5.20814,0,5.10672,0,y1
7,12.5,3.45662,0,3.45662,0,5.11651,0,5.0152,0,y1
7,12.52,3.44791,0,3.44791,0,5.09797,0,4.99656,0,y1
7,12.5359549911895,3.44104,0,3.44104,0,5.08304,0,4.98161,0,y1
7,12.64,3.39691,0,3.39691,0,4.98275,0,4.88247,0,y1
7,12.76,3.3467,0,3.3467,0,4.86412,0,4.76447,0,y1
7,12.817118041434,3.32321,0,3.32321,0,4.80652,0,4.7069,0,y1
7,12.88,3.29751,0,3.29751,0,4.7421,0,4.6425,0,y1
7,13,3.24897,0,3.24897,0,4.61521,0,4.51652,0,y1
7,13.1045871657572,3.20625,0,3.20625,0,4.50172,0,4.40401,0,y1
7,13.12,3.19999,0,3.19999,0,4.48472,0,4.38729,0,y1
7,13.24,3.15272,0,3.15272,0,4.34993,0,4.25321,0,y1
7,13.36,3.10645,0,3.10645,0,4.21175,0,4.11484,0,y1
7,13.3985038001348,3.09132,0,3.09132,0,4.16613,0,4.06966,0,y1
7,13.48,3.05921,0,3.05921,0,4.06934,0,3.97262,0,y1
7,13.5,3.05137,0,3.05137,0,4.04532,0,3.94844,0,y1
7,13.6,3.01279,0,3.01279,0,3.92314,0,3.82619,0,y1
7,13.6990125527433,2.97453,1,2.97453,1,3.79971,0,3.70368,0,y1
7,13.72,2.96664,1,2.96664,1,3.77317,0,3.67732,0,y1
7,13.84,2.92187,1,2.92187,1,3.61943,0,3.52433,0,y1
7,13.96,2.87697,1,2.87697,1,3.46206,0,3.36775,0,y1
7,14,2.862,1,2.862,1,3.40882,0,3.31477,0,y1
7,14.0062612751082,2.85966,1,2.85966,1,3.40045,0,3.30644,0,y1
7,14.08,2.83223,1,2.83223,1,3.30118,0,3.20762,0,y1
7,14.2,2.78777,1,2.78777,1,3.13664,0,3.04404,0,y1
7,14.32,2.74358,1,2.74358,1,2.96854,1,2.87722,1,y1
7,14.3204011348476,2.74344,1,2.74344,1,2.96797,1,2.87666,1,y1
7,14.44,2.69984,1,2.69984,1,2.79752,1,2.70655,1,y1
7,14.5,2.67749,1,2.67749,1,2.71147,1,2.61998,1,y1
7,14.56,2.65543,1,2.65543,1,2.62406,1,2.53259,1,y1
7,14.6415866900469,2.62567,1,2.62567,1,2.50373,1,2.41364,1,y1
7,14.68,2.61169,1,2.61169,1,2.44679,1,2.35677,1,y1
7,14.8,2.5677,1,2.5677,1,2.26651,1,2.17692,1,y1
7,14.92,2.5242,1,2.5242,1,2.08337,1,1.99508,1,y1
7,14.9699759653024,2.506,1,2.506,1,2.00641,1,1.91832,1,y1
7,15,2.49508,1,2.49508,1,1.96009,1,1.87195,1,y1
7,15.04,2.48086,1,2.48086,1,1.89758,1,1.80975,1,y1
7,15.16,2.43687,1,2.43687,1,1.70923,1,1.62255,1,y1
7,15.28,2.39293,1,2.39293,1,1.5179,1,1.43172,1,y1
7,15.30573052947,2.38341,1,2.38341,1,1.47672,1,1.39078,1,y1
7,15.4,2.3497,1,2.3497,1,1.3248,1,1.24004,1,y1
7,15.5,2.31333,1,2.31333,1,1.16214,1,1.07806,1,y1
7,15.52,2.30604,1,2.30604,1,1.12941,1,1.04538,1,y1
7,15.64,2.26211,1,2.26211,1,0.931837,1,0.848356,1,y1
7,15.6490155751574,2.25883,1,2.25883,1,0.916905,1,0.833467,1,y1
7,15.76,2.21837,1,2.21837,1,0.73227,1,0.649246,1,y1
7,15.88,2.17472,1,2.17472,1,0.530814,1,0.448335,1,y1
7,16,2.13093,1,2.13093,1,0.327401,1,0.245781,1,y1
8,1,0,1,0,1,0,1,0,1,y1
8,1.02404791316671,0,1,0,1,0,1,0,1,y1
8,1.0486741284611,0,1,0,1,0,1,0,1,y1
8,1.07389255284251,0,1,0,1,0,1,0,1,y1
8,1.09971742770365,0,1,0,1,0,1,0,1,y1
8,1.12616333691299,0,1,0,1,0,1,0,1,y1
8,1.148,0,1,0,1,0,1,0,1,y1
8,1.15324521505061,0,1,0,1,0,1,0,1,y1
8,1.18097835584208,0,1,0,1,0,1,0,1,y1
8,1.20937842079513,0,1,0,1,0,1,0,1,y1
8,1.23846144804411,0,1,0,1,0,1,0,1,y1
8,1.268243861407,0,1,0,1,0,1,0,1,y1
8,1.296,0,1,0,1,0,1,0,1,y1
8,1.29874247966033,0,1,0,1,0,1,0,1,y1
8,1.32997452603713,0,1,0,1,0,1,0,1,y1
8,1.36195763795321,0,1,0,1,0,1,0,1,y1
8,1.39470987696745,0,1,0,1,0,1,0,1,y1
8,1.42824973898152,0,1,0,1,0,1,0,1,y1
8,1.444,0,1,0,1,0,1,0,1,y1
8,1.46259616468493,0,1,0,1,0,1,0,1,y1
8,1.49776855025124,0,1,0,1,0,1,0,1,y1
8,1.5,0,1,0,1,0,1,0,1,y1
8,1.53378675829152,0,1,0,1,0,1,0,1,y1
8,1.57067112907117,0,1,0,1,0,1,0,1,y1
8,1.592,0,1,0,1,0,1,0,1,y1
8,1.60844249199654,0,1,0,1,0,1,0,1,y1
8,1.64712217737772,0,1,0,1,0,1,0,1,y1
8,1.68673202847427,0,1,0,1,0,1,0,1,y1
8,1.72729441383054,0.281943,1,0.281943,1,0,1,0,1,y1
8,1.74,0.571568,1,0.571568,1,0,1,0,1,y1
8,1.76883223990768,1.11125,1,1.11125,1,0,1,0,1,y1
8,1.81136896401947,1.75456,1,1.75456,1,0,1,0,1,y1
8,1.85492860757909,2.2938,1,2.2938,1,0,1,0,1,y1
8,1.888,2.64482,1,2.64482,1,0,1,0,1,y1
8,1.8995357696646,2.75767,1,2.75767,1,0,1,0,1,y1
8,1.94521564091056,3.16412,0,3.16412,0,0,1,0,1,y1
8,1.99199401773371,3.52551,0,3.52551,0,0,1,0,1,y1
8,2,3.58271,0,3.58271,0,0,1,0,1,y1
8,2.036,3.8255,0,3.8255,0,0,1,0,1,y1
8,2.03989731690079,3.85046,0,3.85046,0,0,1,0,1,y1
8,2.08895259044663,4.14561,0,4.14561,0,0,1,0,1,y1
8,2.13918754095107,4.41552,0,4.41552,0,0,1,0,1,y1
8,2.184,4.63332,0,4.63332,0,0,1,0,1,y1
8,2.19063053718318,4.66397,0,4.66397,0,0,1,0,1,y1
8,2.24331063012171,4.89385,0,4.89385,0,0,1,0,1,y1
8,2.29725756936084,5.10755,0,5.10755,0,0,1,0,1,y1
8,2.332,5.23521,0,5.23521,0,0,1,0,1,y1
8,2.35250181991041,5.30726,0,5.30726,0,0,1,0,1,y1
8,2.40907457940015,5.49444,0,5.49444,0,0,1,0,1,y1
8,2.4670077956977,5.67051,0,5.67051,0,0,1,0,1,y1
8,2.48,5.70806,0,5.70806,0,0,1,0,1,y1
8,2.5,5.76465,0,5.76465,0,0,1,0,1,y1
8,2.52633418495025,5.83684,0,5.83684,0,0,1,0,1,y1
8,2.58708725006003,5.99399,0,5.99399,0,0,1,0,1,y1
8,2.628,6.09301,0,6.09301,0,2.17786,1,0,1,y1
8,2.64930129960419,6.14258,0,6.14258,0,2.83383,1,0,1,y1
8,2.71301146720953,6.28332,0,6.28332,0,4.07726,0,0,1,y1
8,2.776,6.41244,0,6.41244,0,4.8363,0,1.89306,1,y1
8,2.77825373139329,6.41689,0,6.41689,0,4.85868,0,1.98298,1,y1
8,2.84506493588093,6.54386,0,6.54386,0,5.42356,0,3.69077,0,y1
8,2.91348281041266,6.66459,0,6.66459,0,5.86447,0,4.63446,0,y1
8,2.924,6.68238,0,6.68238,0,5.92322,0,4.74603,0,y1
8,2.98354599205017,6.77944,0,6.77944,0,6.21992,0,5.27617,0,y1
8,3,6.80521,0,6.80521,0,6.29318,0,5.39914,0,y1
8,3.05529404699589,6.88863,0,6.88863,0,6.51742,0,5.75914,0,y1
8,3.072,6.91291,0,6.91291,0,6.57933,0,5.85465,0,y1
8,3.12876749293683,6.99237,0,6.99237,0,6.77279,0,6.14372,0,y1
8,3.20400782192581,7.09077,0,7.09077,0,6.99515,0,6.46121,0,y1
8,3.22,7.11073,0,7.11073,0,7.03817,0,6.52108,0,y1
8,3.28105752381295,7.18391,0,7.18391,0,7.19074,0,6.72994,0,y1
8,3.3599601102406,7.27178,0,7.27178,0,7.3642,0,6.96165,0,y1
8,3.368,7.28032,0,7.28032,0,7.38056,0,6.98323,0,y1
8,3.44076013921529,7.3543,0,7.3543,0,7.51886,0,7.16424,0,y1
8,3.5,7.41022,0,7.41022,0,7.6198,0,7.29495,0,y1
8,3.516,7.42468,0,7.42468,0,7.64543,0,7.32802,0,y1
8,3.52350324027063,7.43137,0,7.43137,0,7.65723,0,7.34322,0,y1
8,3.60823614023529,7.50285,0,7.50285,0,7.7811,0,7.50255,0,y1
8,3.664,7.54592,0,7.54592,0,7.85397,0,7.59636,0,y1
8,3.69500668962067,7.56854,0,7.56854,0,7.89175,0,7.64517,0,y1
8,3.78386388964309,7.62822,0,7.62822,0,7.99013,0,7.77326,0,y1
8,3.812,7.64556,0,7.64556,0,8.01841,0,7.81048,0,y1
8,3.87485791989589,7.68167,0,7.68167,0,8.07691,0,7.88838,0,y1
8,3.96,7.72493,0,7.72493,0,8.14656,0,7.98328,0,y1
8,3.9680401666869,7.72869,0,7.72869,0,8.1526,0,7.99165,0,y1
8,4,7.74308,0,7.74308,0,8.17573,0,8.02397,0,y1
8,4.06346325205742,7.7691,0,7.7691,0,8.21761,0,8.08381,0,y1
8,4.108,7.78538,0,7.78538,0,8.24396,0,8.12256,0,y1
8,4.16118106349903,7.80277,0,7.80277,0,8.27228,0,8.16549,0,y1
8,4.256,7.8284,0,7.8284,0,8.31479,0,8.23349,0,y1
8,4.26124878438503,7.82963,0,7.82963,0,8.31685,0,8.23694,0,y1
8,4.36372292513368,7.84968,0,7.84968,0,8.35168,0,8.2985,0,y1
8,4.404,7.85561,0,7.85561,0,8.3627,0,8.3198,0,y1
8,4.4686613551209,7.86299,0,7.86299,0,8.37758,0,8.35072,0,y1
8,4.5,7.86564,0,7.86564,0,8.38358,0,8.36429,0,y1
8,4.552,7.86878,0,7.86878,0,8.39189,0,8.38493,0,y1
8,4.57612333536029,7.86971,0,7.86971,0,8.39508,0,8.39377,0,y1
8,4.68616955196921,7.87012,0,7.87012,0,8.40485,0,8.42788,0,y1
8,4.7,7.86975,0,7.86975,0,8.40557,0,8.4315,0,y1
8,4.79886215043946,7.86456,0,7.86456,0,8.40771,0,8.4536,0,y1
8,4.848,7.86045,0,7.86045,0,8.40699,0,8.46224,0,y1
8,4.91426477073226,7.85342,0,7.85342,0,8.40434,0,8.47151,0,y1
8,4.996,7.84249,0,7.84249,0,8.39869,0,8.47952,0,y1
8,5,7.8419,0,7.8419,0,8.39836,0,8.47982,0,y1
8,5.03244258321707,7.83686,0,7.83686,0,8.39541,0,8.48194,0,y1
8,5.144,7.81714,0,7.81714,0,8.38275,0,8.48538,0,y1
8,5.15346232547475,7.81531,0,7.81531,0,8.38151,0,8.48542,0,y1
8,5.2773923399857,7.78947,0,7.78947,0,8.36313,0,8.48257,0,y1
8,5.292,7.78619,0,7.78619,0,8.36072,0,8.48186,0,y1
8,5.40430261272435,7.7596,0,7.7596,0,8.34068,0,8.47397,0,y1
8,5.44,7.7507,0,7.7507,0,8.33378,0,8.47063,0,y1
8,5.5,7.73528,0,7.73528,0,8.32166,0,8.46421,0,y1
8,5.53426481268179,7.72621,0,7.72621,0,8.31446,0,8.4601,0,y1
8,5.588,7.71165,0,7.71165,0,8.30277,0,8.45306,0,y1
8,5.66735233233876,7.68945,0,7.68945,0,8.28467,0,8.4414,0,y1
8,5.736,7.66968,0,7.66968,0,8.26826,0,8.43018,0,y1
8,5.80364032911202,7.64975,0,7.64975,0,8.25143,0,8.41818,0,y1
8,5.884,7.62555,0,7.62555,0,8.23063,0,8.40278,0,y1
8,5.94320576779734,7.60737,0,7.60737,0,8.21477,0,8.39069,0,y1
8,6,7.58969,0,7.58969,0,8.19914,0,8.37853,0,y1
8,6.032,7.57963,0,7.57963,0,8.19015,0,8.37144,0,y1
8,6.08612746403324,7.56247,0,7.56247,0,8.17466,0,8.35908,0,y1
8,6.18,7.53233,0,7.53233,0,8.14694,0,8.33656,0,y1
8,6.23248612880987,7.51521,0,7.51521,0,8.13097,0,8.3234,0,y1
8,6.328,7.48319,0,7.48319,0,8.10106,0,8.29842,0,y1
8,6.38236441404823,7.46428,0,7.46428,0,8.08355,0,8.28363,0,y1
8,6.476,7.43047,0,7.43047,0,8.05254,0,8.2572,0,y1
8,6.5,7.42155,0,7.42155,0,8.04442,0,8.25023,0,y1
8,6.53584695927559,7.40804,0,7.40804,0,8.03216,0,8.23967,0,y1
8,6.624,7.37373,0,7.37373,0,8.00134,0,8.21298,0,y1
8,6.69302043942318,7.3458,0,7.3458,0,7.97653,0,8.19135,0,y1
8,6.772,7.31272,0,7.31272,0,7.9474,0,8.16581,0,y1
8,6.85397361377347,7.27708,0,7.27708,0,7.91632,0,8.1384,0,y1
8,6.92,7.24741,0,7.24741,0,7.89065,0,8.11567,0,y1
8,7,7.2103,0,7.2103,0,7.85876,0,8.08731,0,y1
8,7.01879737608444,7.20139,0,7.20139,0,7.85114,0,8.08052,0,y1
8,7.068,7.17775,0,7.17775,0,7.83097,0,8.06251,0,y1
8,7.18758480591928,7.11822,0,7.11822,0,7.78055,0,8.01731,0,y1
8,7.216,7.10364,0,7.10364,0,7.76827,0,8.00627,0,y1
8,7.36043122121042,7.02697,0,7.02697,0,7.70404,0,7.94831,0,y1
8,7.364,7.02502,0,7.02502,0,7.70241,0,7.94684,0,y1
8,7.5,6.9487,0,6.9487,0,7.639,0,7.88932,0,y1
8,7.512,6.94177,0,6.94177,0,7.63326,0,7.88411,0,y1
8,7.53743423208766,6.92699,0,6.92699,0,7.62104,0,7.87299,0,y1
8,7.66,6.85381,0,6.85381,0,7.56068,0,7.81795,0,y1
8,7.71869379600071,6.81761,0,6.81761,0,7.53091,0,7.79073,0,y1
8,7.808,6.76111,0,6.76111,0,7.48451,0,7.74821,0,y1
8,7.90431227416739,6.69825,0,6.69825,0,7.43295,0,7.70084,0,y1
8,7.956,6.66368,0,6.66368,0,7.40462,0,7.67475,0,y1
8,8,6.6338,0,6.6338,0,7.38012,0,7.65216,0,y1
8,8.09439448937916,6.56833,0,6.56833,0,7.32638,0,7.60253,0,y1
8,8.104,6.56156,0,6.56156,0,7.32082,0,7.59739,0,y1
8,8.252,6.4549,0,6.4549,0,7.23295,0,7.51598,0,y1
8,8.28904778519687,6.42752,0,6.42752,0,7.2103,0,7.49495,0,y1
8,8.4,6.34392,0,6.34392,0,7.14085,0,7.43031,0,y1
8,8.48838208657003,6.27562,0,6.27562,0,7.08376,0,7.37705,0,y1
8,8.5,6.26652,0,6.26652,0,7.07614,0,7.36993,0,y1
8,8.548,6.2287,0,6.2287,0,7.04434,0,7.34023,0,y1
8,8.69250996191376,6.11254,0,6.11254,0,6.94572,0,7.24785,0,y1
8,8.696,6.10969,0,6.10969,0,6.94328,0,7.24557,0,y1
8,8.844,5.98736,0,5.98736,0,6.83747,0,7.14605,0,y1
8,8.90154668667865,5.93906,0,5.93906,0,6.79502,0,7.10602,0,y1
8,8.992,5.86226,0,5.86226,0,6.72682,0,7.0416,0,y1
8,9,5.85543,0,5.85543,0,6.7207,0,7.03581,0,y1
8,9.11561030844935,5.75608,0,5.75608,0,6.63057,0,6.95051,0,y1
8,9.14,5.735,0,5.735,0,6.61117,0,6.93209,0,y1
8,9.288,5.60601,0,5.60601,0,6.49055,0,6.81704,0,y1
8,9.33482171360854,5.56504,0,5.56504,0,6.45129,0,6.77952,0,y1
8,9.436,5.47626,0,5.47626,0,6.36472,0,6.69678,0,y1
8,9.5,5.41978,0,5.41978,0,6.30878,0,6.64318,0,y1
8,9.55930469560415,5.3676,0,5.3676,0,6.25606,0,6.59253,0,y1
8,9.584,5.34593,0,5.34593,0,6.23383,0,6.57112,0,y1
8,9.732,5.21711,0,5.21711,0,6.09722,0,6.43901,0,y1
8,9.7891860248582,5.16792,0,5.16792,0,6.04289,0,6.38656,0,y1
8,9.88,5.09073,0,5.09073,0,5.95495,0,6.30212,0,y1
8,10,4.99015,0,4.99015,0,5.83602,0,6.18736,0,y1
8,10.0245955203568,4.96975,0,4.96975,0,5.8113,0,6.16319,0,y1
8,10.028,4.96693,0,4.96693,0,5.80787,0,6.15982,0,y1
8,10.176,4.84594,0,4.84594,0,5.65658,0,6.01047,0,y1
8,10.2656661229618,4.774,0,4.774,0,5.56301,0,5.91938,0,y1
8,10.324,4.72782,0,4.72782,0,5.50122,0,5.85977,0,y1
8,10.472,4.61353,0,4.61353,0,5.34245,0,5.70181,0,y1
8,10.5,4.5924,0,4.5924,0,5.31212,0,5.67161,0,y1
8,10.5125339704852,4.58301,0,4.58301,0,5.29854,0,5.65817,0,y1
8,10.62,4.50463,0,4.50463,0,5.18205,0,5.54285,0,y1
8,10.7653384745696,4.4048,0,4.4048,0,5.02382,0,5.38323,0,y1
8,10.768,4.40303,0,4.40303,0,5.02091,0,5.38027,0,y1
8,10.916,4.30392,0,4.30392,0,4.85962,0,5.21653,0,y1
8,11,4.24794,0,4.24794,0,4.76932,0,5.12583,0,y1
8,11.0242223994163,4.23249,0,4.23249,0,4.74355,0,5.09974,0,y1
8,11.064,4.20772,0,4.20772,0,4.70153,0,5.05679,0,y1
8,11.212,4.11767,0,4.11767,0,4.54884,0,4.89971,0,y1
8,11.289331942408,4.07122,0,4.07122,0,4.47196,0,4.81922,0,y1
8,11.36,4.0295,0,4.0295,0,4.40373,0,4.74718,0,y1
8,11.5,3.95047,0,3.95047,0,4.27498,0,4.61054,0,y1
8,11.508,3.94614,0,3.94614,0,4.2679,0,4.60298,0,y1
8,11.5608168166693,3.91808,0,3.91808,0,4.22192,0,4.55381,0,y1
8,11.656,3.86743,0,3.86743,0,4.14257,0,4.46919,0,y1
8,11.804,3.78885,0,3.78885,0,4.02839,0,4.34484,0,y1
8,11.8388303356128,3.7715,0,3.7715,0,4.00311,0,4.31711,0,y1
8,11.952,3.71625,0,3.71625,0,3.92495,0,4.23127,0,y1
8,12,3.69206,0,3.69206,0,3.89361,0,4.19677,0,y1
8,12.1,3.64266,0,3.64266,0,3.83197,0,4.1279,0,y1
8,12.1235294995191,3.63153,0,3.63153,0,3.81819,0,4.11256,0,y1
8,12.248,3.57481,0,3.57481,0,3.74945,0,4.03514,0,y1
8,12.396,3.5064,0,3.5064,0,3.67595,0,3.95122,0,y1
8,12.4150750841976,3.4979,0,3.4979,0,3.66707,0,3.941,0,y1
8,12.5,3.46193,0,3.46193,0,3.62897,0,3.89713,0,y1
8,12.544,3.4435,0,3.4435,0,3.6102,0,3.87554,0,y1
8,12.692,3.38162,0,3.38162,0,3.55239,0,3.80702,0,y1
8,12.7136317317806,3.37222,0,3.37222,0,3.54458,0,3.79753,0,y1
8,12.84,3.31695,0,3.31695,0,3.49949,0,3.74459,0,y1
8,12.988,3.25458,0,3.25458,0,3.45068,0,3.68763,0,y1
8,13,3.24987,0,3.24987,0,3.44695,0,3.68323,0,y1
8,13.0193680437001,3.24239,0,3.24239,0,3.44099,0,3.67619,0,y1
8,13.136,3.19696,0,3.19696,0,3.4063,0,3.63533,0,y1
8,13.284,3.1398,0,3.1398,0,3.36601,0,3.58697,0,y1
8,13.3324566759004,3.11996,0,3.11996,0,3.35374,0,3.5719,0,y1
8,13.432,3.0816,0,3.0816,0,3.33026,0,3.54194,0,y1
8,13.5,3.05542,0,3.05542,0,3.31487,0,3.52223,0,y1
8,13.58,3.02336,0,3.02336,0,3.29625,0,3.49972,0,y1
8,13.6530744363415,2.99655,1,2.99655,1,3.27964,0,3.47975,0,y1
8,13.728,2.96774,1,2.96774,1,3.26353,0,3.45975,0,y1
8,13.876,2.91232,1,2.91232,1,3.23365,0,3.42158,0,y1
8,13.9814023848453,2.87295,1,2.87295,1,3.21233,0,3.39546,0,y1
8,14,2.86602,1,2.86602,1,3.20851,0,3.39089,0,y1
8,14.024,2.85709,1,2.85709,1,3.20355,0,3.385,0,y1
8,14.172,2.80223,1,2.80223,1,3.17353,0,3.34866,0,y1
8,14.3176259353449,2.74855,1,2.74855,1,3.14746,0,3.31545,0,y1
8,14.32,2.74768,1,2.74768,1,3.14704,0,3.31493,0,y1
8,14.468,2.6935,1,2.6935,1,3.11929,0,3.28217,0,y1
8,14.5,2.68179,1,2.68179,1,3.11318,0,3.27504,0,y1
8,14.616,2.63934,1,2.63934,1,3.09226,0,3.24953,0,y1
8,14.6619349605916,2.6225,1,2.6225,1,3.08444,0,3.2396,0,y1
8,14.764,2.58467,1,2.58467,1,3.06695,0,3.2177,0,y1
8,14.912,2.53164,1,2.53164,1,3.03952,0,3.18498,0,y1
8,15,2.49983,1,2.49983,1,3.02349,0,3.16582,0,y1
8,15.0145238993799,2.49457,1,2.49457,1,3.02096,0,3.16278,0,y1
8,15.06,2.47805,1,2.47805,1,3.01316,0,3.15322,0,y1
8,15.208,2.42406,1,2.42406,1,2.98772,1,3.12159,0,y1
8,15.356,2.3708,1,2.3708,1,2.96181,1,3.09017,0,y1
8,15.3755918663517,2.36369,1,2.36369,1,2.95838,1,3.08603,0,y1
8,15.5,2.3186,1,2.3186,1,2.93651,1,3.05977,0,y1
8,15.504,2.31715,1,2.31715,1,2.93581,1,3.05893,0,y1
8,15.652,2.26326,1,2.26326,1,2.90979,1,3.02773,0,y1
8,15.7453427644406,2.22906,1,2.22906,1,2.89331,1,3.00805,0,y1
8,15.8,2.20875,1,2.20875,1,2.88367,1,2.99653,1,y1
8,15.948,2.15433,1,2.15433,1,2.85743,1,2.96542,1,y1
8,16,2.13531,1,2.13531,1,2.84819,1,2.95446,1,y1
8,16.096,2.10059,1,2.10059,1,2.83112,1,2.93417,1,y1
8,16.12398540002,2.0903,1,2.0903,1,2.82617,1,2.92824,1,y1
8,16.244,2.04608,1,2.04608,1,2.80532,1,2.90284,1,y1
8,16.392,1.99175,1,1.99175,1,2.77924,1,2.87171,1,y1
8,16.5,1.95201,1,1.95201,1,2.75969,1,2.84921,1,y1
8,16.5117336008211,1.9477,1,1.9477,1,2.75742,1,2.84677,1,y1
8,16.54,1.93727,1,1.93727,1,2.75193,1,2.84087,1,y1
8,16.688,1.88262,1,1.88262,1,2.72405,1,2.80977,1,y1
8,16.836,1.82789,1,1.82789,1,2.698,1,2.77838,1,y1
8,16.9088063366855,1.80088,1,1.80088,1,2.68494,1,2.76283,1,y1
8,16.984,1.77307,1,1.77307,1,2.67041,1,2.74672,1,y1
8,17,1.76714,1,1.76714,1,2.66734,1,2.74329,1,y1
8,17.132,1.71814,1,1.71814,1,2.64293,1,2.7149,1,y1
8,17.28,1.66309,1,1.66309,1,2.61568,1,2.68295,1,y1
8,17.3154278432229,1.64988,1,1.64988,1,2.60924,1,2.6753,1,y1
8,17.428,1.60785,1,1.60785,1,2.58816,1,2.65105,1,y1
8,17.5,1.58097,1,1.58097,1,2.57473,1,2.63562,1,y1
8,17.576,1.55247,1,1.55247,1,2.56056,1,2.61947,1,y1
8,17.724,1.49693,1,1.49693,1,2.53276,1,2.5884,1,y1
8,17.7318277484412,1.494,1,1.494,1,2.53129,1,2.58674,1,y1
8,17.872,1.4416,1,1.4416,1,2.50486,1,2.5569,1,y1
8,18,1.39337,1,1.39337,1,2.48065,1,2.5294,1,y1
8,18.02,1.38581,1,1.38581,1,2.47686,1,2.52507,1,y1
8,18.1582412024229,1.33356,1,1.33356,1,2.45062,1,2.49485,1,y1
8,18.168,1.32988,1,1.32988,1,2.44877,1,2.49271,1,y1
8,18.316,1.27414,1,1.27414,1,2.42056,1,2.46059,1,y1
8,18.464,1.21799,1,1.21799,1,2.39222,1,2.42837,1,y1
8,18.5,1.20434,1,1.20434,1,2.38531,1,2.42051,1,y1
8,18.594909010119,1.16842,1,1.16842,1,2.36697,1,2.39979,1,y1
8,18.612,1.16189,1,1.16189,1,2.36365,1,2.39606,1,y1
8,18.76,1.10555,1,1.10555,1,2.33483,1,2.36392,1,y1
8,18.908,1.04923,1,1.04923,1,2.30627,1,2.33175,1,y1
8,19,1.01415,1,1.01415,1,2.28852,1,2.31159,1,y1
8,19.0420777673373,0.998165,1,0.998165,1,2.28037,1,2.30231,1,y1
8,19.056,0.992819,1,0.992819,1,2.27767,1,2.29924,1,y1
8,19.204,0.935972,1,0.935972,1,2.24878,1,2.26681,1,y1
8,19.352,0.879327,1,0.879327,1,2.21959,1,2.23467,1,y1
8,19.5,0.822314,1,0.822314,1,2.19024,1,2.20152,1,y1
9,1,0,1,0,1,0,1,0,1,y1
9,1.02316176962892,0,1,0,1,0,1,0,1,y1
9,1.04686000683017,0,1,0,1,0,1,0,1,y1
9,1.0711071371421,0,1,0,1,0,1,0,1,y1
9,1.09591587390047,0,1,0,1,0,1,0,1,y1
9,1.12129922490442,0,1,0,1,0,1,0,1,y1
9,1.132,0,1,0,1,0,1,0,1,y1
9,1.14727049923674,0,1,0,1,0,1,0,1,y1
9,1.17384331424211,0,1,0,1,0,1,0,1,y1
9,1.20103160266703,0,1,0,1,0,1,0,1,y1
9,1.22884961996505,0,1,0,1,0,1,0,1,y1
9,1.25731195177126,0,1,0,1,0,1,0,1,y1
9,1.264,0,1,0,1,0,1,0,1,y1
9,1.28643352154987,0,1,0,1,0,1,0,1,y1
9,1.31622959841892,0,1,0,1,0,1,0,1,y1
9,1.34671580515626,0,1,0,1,0,1,0,1,y1
9,1.37790812639091,0,1,0,1,0,1,0,1,y1
9,1.396,0,1,0,1,0,1,0,1,y1
9,1.40982291698419,0,1,0,1,0,1,0,1,y1
9,1.44247691060494,0,1,0,1,0,1,0,1,y1
9,1.4758872285034,0,1,0,1,0,1,0,1,y1
9,1.5,0,1,0,1,0,1,0,1,y1
9,1.51007138848825,0,1,0,1,0,1,0,1,y1
9,1.528,0,1,0,1,0,1,0,1,y1
9,1.54504731411164,0,1,0,1,0,1,0,1,y1
9,1.58083334406686,0,1,0,1,0,1,0,1,y1
9,1.61744824180385,0,1,0,1,0,1,0.380386,1,y1
9,1.6549112053672,0,1,0,1,1.03368,1,1.28592,1,y1
9,1.66,0,1,0,1,1.15054,1,1.38755,1,y1
9,1.69324187746223,0,1,0,1,1.81252,1,1.96972,1,y1
9,1.73246035575404,0.405683,1,0.405683,1,2.43048,1,2.52188,1,y1
9,1.77258720340524,1.1741,1,1.1741,1,2.94219,1,2.98412,1,y1
9,1.792,1.4789,1,1.4789,1,3.15758,0,3.18005,0,y1
9,1.81364345985768,1.78539,1,1.78539,1,3.37756,0,3.38126,0,y1
9,1.85565065186389,2.30198,1,2.30198,1,3.75584,0,3.72857,0,y1
9,1.89863080477411,2.74892,1,2.74892,1,4.08953,0,4.03749,0,y1
9,1.924,2.98277,1,2.98277,1,4.26566,0,4.20188,0,y1
9,1.94260645408465,3.14248,0,3.14248,0,4.3866,0,4.31476,0,y1
9,1.9876006572538,3.49355,0,3.49355,0,4.65571,0,4.56671,0,y1
9,2,3.58266,0,3.58266,0,4.72469,0,4.63156,0,y1
9,2.03363700579139,3.81027,0,3.81027,0,4.90171,0,4.7973,0,y1
9,2.056,3.95118,0,3.95118,0,5.01195,0,4.90037,0,y1
9,2.08073963762837,4.09844,0,4.09844,0,5.12762,0,5.00855,0,y1
9,2.12893324977287,4.36225,0,4.36225,0,5.33628,0,5.20377,0,y1
9,2.17824311125945,4.60621,0,4.60621,0,5.53,0,5.38505,0,y1
9,2.188,4.6517,0,4.6517,0,5.56622,0,5.41894,0,y1
9,2.22869507639821,4.83176,0,4.83176,0,5.71051,0,5.55432,0,y1
9,2.28031559833084,5.04148,0,5.04148,0,5.87931,0,5.71259,0,y1
9,2.32,5.19037,0,5.19037,0,5.99953,0,5.82554,0,y1
9,2.33313174290061,5.23764,0,5.23764,0,6.03765,0,5.86145,0,y1
9,2.38717120284358,5.4222,0,5.4222,0,6.18655,0,6.0021,0,y1
9,2.44246231230862,5.59624,0,5.59624,0,6.32688,0,6.13508,0,y1
9,2.452,5.62481,0,5.62481,0,6.34997,0,6.15698,0,y1
9,2.49903406171362,5.76027,0,5.76027,0,6.45938,0,6.26089,0,y1
9,2.5,5.76297,0,5.76297,0,6.46156,0,6.26296,0,y1
9,2.55691611294585,5.91546,0,5.91546,0,6.5847,0,6.38016,0,y1
9,2.584,5.98442,0,5.98442,0,6.64008,0,6.43299,0,y1
9,2.61613881491436,6.06362,0,6.06362,0,6.70332,0,6.49341,0,y1
9,2.67673321946267,6.20467,0,6.20467,0,6.81569,0,6.60109,0,y1
9,2.716,6.29046,0,6.29046,0,6.88407,0,6.66686,0,y1
9,2.73873109764993,6.33825,0,6.33825,0,6.92217,0,6.70358,0,y1
9,2.80216495640924,6.46494,0,6.46494,0,7.02306,0,6.8012,0,y1
9,2.848,6.55088,0,6.55088,0,7.09128,0,6.86758,0,y1
9,2.86706805559181,6.58538,0,6.58538,0,7.11858,0,6.89423,0,y1
9,2.93347442540585,6.70008,0,6.70008,0,7.20888,0,6.98291,0,y1
9,2.98,6.77569,0,6.77569,0,7.26798,0,7.04142,0,y1
9,3,6.80706,0,6.80706,0,7.29237,0,7.06571,0,y1
9,3.00141888425942,6.80926,0,6.80926,0,7.29408,0,7.06742,0,y1
9,3.07093705701651,6.91319,0,6.91319,0,7.37422,0,7.14791,0,y1
9,3.112,6.97113,0,6.97113,0,7.41838,0,7.19282,0,y1
9,3.14206539367602,7.01203,0,7.01203,0,7.44929,0,7.22452,0,y1
9,3.21484118848333,7.10594,0,7.10594,0,7.51925,0,7.29733,0,y1
9,3.244,7.14162,0,7.14162,0,7.54543,0,7.32501,0,y1
9,3.28930259948453,7.19498,0,7.19498,0,7.58404,0,7.36641,0,y1
9,3.36548866853358,7.2791,0,7.2791,0,7.64353,0,7.4318,0,y1
9,3.376,7.29018,0,7.29018,0,7.65122,0,7.44042,0,y1
9,3.44343934176288,7.35828,0,7.35828,0,7.69759,0,7.49349,0,y1
9,3.5,7.41156,0,7.41156,0,7.73269,0,7.53511,0,y1
9,3.508,7.41881,0,7.41881,0,7.73738,0,7.54079,0,y1
9,3.52319549052794,7.43241,0,7.43241,0,7.74611,0,7.55144,0,y1
9,3.60479893283718,7.50134,0,7.50134,0,7.78896,0,7.60562,0,y1
9,3.64,7.52898,0,7.52898,0,7.80541,0,7.62746,0,y1
9,3.68829245527811,7.56489,0,7.56489,0,7.82606,0,7.65598,0,y1
9,3.772,7.62178,0,7.62178,0,7.8568,0,7.70158,0,y1
9,3.77371983545133,7.62288,0,7.62288,0,7.85737,0,7.70246,0,y1
9,3.86112586492412,7.67511,0,7.67511,0,7.88291,0,7.74498,0,y1
9,3.904,7.69818,0,7.69818,0,7.89316,0,7.76404,0,y1
9,3.95055637271574,7.72139,0,7.72139,0,7.90262,0,7.78341,0,y1
9,4,7.74397,0,7.74397,0,7.91083,0,7.80254,0,y1
9,4.036,7.7591,0,7.7591,0,7.91566,0,7.81556,0,y1
9,4.04205824932663,7.76154,0,7.76154,0,7.91638,0,7.81768,0,y1
9,4.13567947132419,7.79546,0,7.79546,0,7.92426,0,7.84779,0,y1
9,4.168,7.80555,0,7.80555,0,7.92567,0,7.85706,0,y1
9,4.23146912649803,7.82305,0,7.82305,0,7.92667,0,7.8736,0,y1
9,4.3,7.83863,0,7.83863,0,7.92527,0,7.88899,0,y1
9,4.32947743959785,7.84431,0,7.84431,0,7.92388,0,7.89482,0,y1
9,4.4297557986674,7.85928,0,7.85928,0,7.91563,0,7.91108,0,y1
9,4.432,7.85954,0,7.85954,0,7.91538,0,7.91138,0,y1
9,4.5,7.86598,0,7.86598,0,7.90676,0,7.91925,0,y1
9,4.53235678198848,7.86809,0,7.86809,0,7.90187,0,7.92212,0,y1
9,4.564,7.86957,0,7.86957,0,7.89663,0,7.92439,0,y1
9,4.63733418564895,7.87092,0,7.87092,0,7.88271,0,7.92764,0,y1
9,4.696,7.87002,0,7.87002,0,7.86992,0,7.92848,0,y1
9,4.74474305174925,7.86804,0,7.86804,0,7.85826,0,7.92813,0,y1
9,4.828,7.86225,0,7.86225,0,7.83619,0,7.92528,0,y1
9,4.85463969726226,7.85979,0,7.85979,0,7.82859,0,7.92374,0,y1
9,4.96,7.84751,0,7.84751,0,7.79616,0,7.91482,0,y1
9,4.96708174356163,7.84655,0,7.84655,0,7.79384,0,7.91407,0,y1
9,5,7.84183,0,7.84183,0,7.78289,0,7.91031,0,y1
9,5.082128146634,7.82851,0,7.82851,0,7.75409,0,7.89924,0,y1
9,5.092,7.82677,0,7.82677,0,7.7505,0,7.89776,0,y1
9,5.19983922799096,7.806,0,7.806,0,7.70935,0,7.87947,0,y1
9,5.224,7.80096,0,7.80096,0,7.69969,0,7.87487,0,y1
9,5.32027670629708,7.77963,0,7.77963,0,7.65963,0,7.85474,0,y1
9,5.356,7.77123,0,7.77123,0,7.64415,0,7.84656,0,y1
9,5.44350372973042,7.74966,0,7.74966,0,7.60488,0,7.82496,0,y1
9,5.488,7.73819,0,7.73819,0,7.5842,0,7.81318,0,y1
9,5.5,7.73504,0,7.73504,0,7.57854,0,7.80992,0,y1
9,5.56958490909258,7.71638,0,7.71638,0,7.54506,0,7.79031,0,y1
9,5.62,7.70244,0,7.70244,0,7.5201,0,7.77538,0,y1
9,5.69858635168566,7.68009,0,7.68009,0,7.48005,0,7.75092,0,y1
9,5.752,7.66452,0,7.66452,0,7.45204,0,7.73347,0,y1
9,5.83057569597389,7.64114,0,7.64114,0,7.40972,0,7.7066,0,y1
9,5.884,7.62494,0,7.62494,0,7.38018,0,7.68754,0,y1
9,5.96562214704798,7.59975,0,7.59975,0,7.33389,0,7.65727,0,y1
9,6,7.58899,0,7.58899,0,7.31398,0,7.64411,0,y1
9,6.016,7.58395,0,7.58395,0,7.30463,0,7.6379,0,y1
9,6.10379651291106,7.55607,0,7.55607,0,7.25237,0,7.60294,0,y1
9,6.148,7.54187,0,7.54187,0,7.22546,0,7.58477,0,y1
9,6.24517124160489,7.51016,0,7.51016,0,7.16494,0,7.54352,0,y1
9,6.28,7.49857,0,7.49857,0,7.14278,0,7.5283,0,y1
9,6.38982045919606,7.46079,0,7.46079,0,7.07136,0,7.47889,0,y1
9,6.412,7.45289,0,7.45289,0,7.05665,0,7.46866,0,y1
9,6.5,7.4206,0,7.4206,0,6.99732,0,7.42717,0,y1
9,6.53782000864209,7.40628,0,7.40628,0,6.97138,0,7.40892,0,y1
9,6.544,7.40391,0,7.40391,0,6.96712,0,7.40592,0,y1
9,6.676,7.35183,0,7.35183,0,6.87437,0,7.34016,0,y1
9,6.68924748955757,7.34643,0,7.34643,0,6.86489,0,7.3334,0,y1
9,6.808,7.29638,0,7.29638,0,6.77849,0,7.27148,0,y1
9,6.84418229890151,7.28054,0,7.28054,0,6.75167,0,7.25217,0,y1
9,6.94,7.2373,0,7.2373,0,6.67955,0,7.20008,0,y1
9,7,7.20929,0,7.20929,0,6.63359,0,7.16675,0,y1
9,7.00270567260696,7.20801,0,7.20801,0,6.6315,0,7.16523,0,y1
9,7.072,7.17473,0,7.17473,0,6.57767,0,7.12603,0,y1
9,7.16490072817498,7.12858,0,7.12858,0,6.50433,0,7.07236,0,y1
9,7.204,7.10864,0,7.10864,0,6.47308,0,7.0494,0,y1
9,7.33085250825502,7.04178,0,7.04178,0,6.37026,0,6.97347,0,y1
9,7.336,7.03899,0,7.03899,0,6.36604,0,6.97034,0,y1
9,7.468,6.96572,0,6.96572,0,6.2568,0,6.88897,0,y1
9,7.5,6.9474,0,6.9474,0,6.23003,0,6.86891,0,y1
9,7.50064802523477,6.94703,0,6.94703,0,6.22949,0,6.8685,0,y1
9,7.6,6.88875,0,6.88875,0,6.14575,0,6.80542,0,y1
9,7.67437630686284,6.84374,0,6.84374,0,6.08258,0,6.75745,0,y1
9,7.732,6.80806,0,6.80806,0,6.03337,0,6.71987,0,y1
9,7.852128442928,6.73135,0,6.73135,0,5.93034,0,6.64046,0,y1
9,7.864,6.72359,0,6.72359,0,5.92012,0,6.63253,0,y1
9,7.996,6.63532,0,6.63532,0,5.80639,0,6.54364,0,y1
9,8,6.63258,0,6.63258,0,5.80295,0,6.54092,0,y1
9,8.03399763301975,6.60919,0,6.60919,0,5.77369,0,6.51779,0,y1
9,8.128,6.54319,0,6.54319,0,5.6929,0,6.45344,0,y1
9,8.22007923539501,6.47673,0,6.47673,0,5.61412,0,6.38991,0,y1
9,8.26,6.4474,0,6.4474,0,5.57999,0,6.36225,0,y1
9,8.392,6.34818,0,6.34818,0,5.46822,0,6.27037,0,y1
9,8.41047081697666,6.33403,0,6.33403,0,5.45272,0,6.25747,0,y1
9,8.5,6.26453,0,6.26453,0,5.37825,0,6.19493,0,y1
9,8.524,6.24565,0,6.24565,0,5.35853,0,6.17815,0,y1
9,8.60527220451018,6.18095,0,6.18095,0,5.29241,0,6.12135,0,y1
9,8.656,6.14,0,6.14,0,5.25168,0,6.08595,0,y1
9,8.788,6.03158,0,6.03158,0,5.1475,0,5.99399,0,y1
9,8.80458553690516,6.01778,0,6.01778,0,5.13455,0,5.98247,0,y1
9,8.92,5.92078,0,5.92078,0,5.04647,0,5.90266,0,y1
9,9,5.85263,0,5.85263,0,4.98763,0,5.84767,0,y1
9,9.00851531878903,5.84534,0,5.84534,0,4.98142,0,5.84183,0,y1
9,9.052,5.80799,0,5.80799,0,4.94963,0,5.81203,0,y1
9,9.184,5.69374,0,5.69374,0,4.85435,0,5.72238,0,y1
9,9.21716847530138,5.66487,0,5.66487,0,4.83134,0,5.70019,0,y1
9,9.316,5.57862,0,5.57862,0,4.76451,0,5.63486,0,y1
9,9.43065440815721,5.47839,0,5.47839,0,4.68987,0,5.55977,0,y1
9,9.448,5.46323,0,5.46323,0,4.67885,0,5.54848,0,y1
9,9.5,5.41784,0,5.41784,0,4.64626,0,5.5149,0,y1
9,9.58,5.3482,0,5.3482,0,4.5974,0,5.46398,0,y1
9,9.64908505300886,5.28837,0,5.28837,0,4.55638,0,5.42052,0,y1
9,9.712,5.23416,0,5.23416,0,4.51997,0,5.38137,0,y1
9,9.844,5.12169,0,5.12169,0,4.44643,0,5.30076,0,y1
9,9.87257493813646,5.09761,0,5.09761,0,4.43102,0,5.28361,0,y1
9,9.976,5.01131,0,5.01131,0,4.37668,0,5.22249,0,y1
9,10,4.99151,0,4.99151,0,4.36438,0,5.20851,0,y1
9,10.1012412444978,4.90888,0,4.90888,0,4.31378,0,5.15053,0,y1
9,10.108,4.90343,0,4.90343,0,4.31048,0,5.14671,0,y1
9,10.24,4.79843,0,4.79843,0,4.24766,0,5.07353,0,y1
9,10.3352038671689,4.72452,0,4.72452,0,4.20433,0,5.02236,0,y1
9,10.372,4.69642,0,4.69642,0,4.18803,0,5.00297,0,y1
9,10.5,4.60102,0,4.60102,0,4.13289,0,4.93707,0,y1
9,10.504,4.5981,0,4.5981,0,4.13122,0,4.93505,0,y1
9,10.5745854782082,4.54723,0,4.54723,0,4.10222,0,4.8998,0,y1
9,10.636,4.50349,0,4.50349,0,4.07802,0,4.86971,0,y1
9,10.768,4.4102,0,4.4102,0,4.02629,0,4.80688,0,y1
9,10.8195115909757,4.37486,0,4.37486,0,4.00655,0,4.78303,0,y1
9,10.9,4.32073,0,4.32073,0,3.97646,0,4.74647,0,y1
9,11,4.25514,0,4.25514,0,3.94033,0,4.70224,0,y1
9,11.032,4.23459,0,4.23459,0,3.92904,0,4.68836,0,y1
9,11.0701106259433,4.21038,0,4.21038,0,3.91578,0,4.67199,0,y1
9,11.164,4.15189,0,4.15189,0,3.88376,0,4.63245,0,y1
9,11.296,4.07231,0,4.07231,0,3.84029,0,4.57859,0,y1
9,11.326513978028,4.05435,0,4.05435,0,3.83045,0,4.56643,0,y1
9,11.428,3.99573,0,3.99573,0,3.79814,0,4.52668,0,y1
9,11.5,3.95515,0,3.95515,0,3.77559,0,4.49913,0,y1
9,11.56,3.92197,0,3.92197,0,3.75718,0,4.47656,0,y1
9,11.5888560854857,3.90621,0,3.90621,0,3.74845,0,4.46583,0,y1
9,11.692,3.85085,0,3.85085,0,3.71782,0,4.42807,0,y1
9,11.824,3.78224,0,3.78224,0,3.67963,0,4.3811,0,y1
9,11.8572745004004,3.76532,0,3.76532,0,3.6702,0,4.36948,0,y1
9,11.956,3.7159,0,3.7159,0,3.64281,0,4.33553,0,y1
9,12,3.69427,0,3.69427,0,3.63077,0,4.32065,0,y1
9,12.088,3.6517,0,3.6517,0,3.60669,0,4.29132,0,y1
9,12.1319099608055,3.6308,0,3.6308,0,3.59471,0,4.27689,0,y1
9,12.22,3.58974,0,3.58974,0,3.57081,0,4.24831,0,y1
9,12.352,3.52932,0,3.52932,0,3.53548,0,4.20641,0,y1
9,12.4129064644764,3.50158,0,3.50158,0,3.51953,0,4.18744,0,y1
9,12.484,3.46984,0,3.46984,0,3.5012,0,4.1656,0,y1
9,12.5,3.46279,0,3.46279,0,3.49707,0,4.16072,0,y1
9,12.616,3.4124,0,3.4124,0,3.46704,0,4.12577,0,y1
9,12.7004113444319,3.37639,0,3.37639,0,3.44512,0,4.10073,0,y1
9,12.748,3.35598,0,3.35598,0,3.43288,0,4.08678,0,y1
9,12.88,3.30043,0,3.30043,0,3.39943,0,4.0489,0,y1
9,12.9945753461841,3.25462,0,3.25462,0,3.37066,0,4.01681,0,y1
9,13,3.25245,0,3.25245,0,3.3693,0,4.01527,0,y1
9,13.012,3.24765,0,3.24765,0,3.36629,0,4.01183,0,y1
9,13.144,3.19413,0,3.19413,0,3.33332,0,3.97282,0,y1
9,13.276,3.14134,0,3.14134,0,3.30053,0,3.93771,0,y1
9,13.295552706778,3.13387,0,3.13387,0,3.2957,0,3.93274,0,y1
9,13.408,3.09007,0,3.09007,0,3.2679,0,3.90213,0,y1
9,13.5,3.05431,0,3.05431,0,3.24523,0,3.87632,0,y1
9,13.54,3.03931,0,3.03931,0,3.2354,0,3.86532,0,y1
9,13.6035012356615,3.01561,0,3.01561,0,3.21981,0,3.84832,0,y1
9,13.672,2.98936,1,2.98936,1,3.203,0,3.83004,0,y1
9,13.804,2.93959,1,2.93959,1,3.1706,0,3.79469,0,y1
9,13.9185823974285,2.89598,1,2.89598,1,3.14241,0,3.76448,0,y1
9,13.936,2.8895,1,2.8895,1,3.13813,0,3.75991,0,y1
9,14,2.86598,1,2.86598,1,3.12244,0,3.74311,0,y1
9,14.068,2.84069,1,2.84069,1,3.10582,0,3.7253,0,y1
9,14.2,2.79181,1,2.79181,1,3.07379,0,3.69098,0,y1
9,14.2409613964788,2.77668,1,2.77668,1,3.06393,0,3.68038,0,y1
9,14.332,2.74317,1,2.74317,1,3.04201,0,3.65674,0,y1
9,14.464,2.69473,1,2.69473,1,3.01004,0,3.62214,0,y1
9,14.5,2.68152,1,2.68152,1,3.00125,0,3.61285,0,y1
9,14.5708072636384,2.65558,1,2.65558,1,2.98381,1,3.59491,0,y1
9,14.596,2.64629,1,2.64629,1,2.97756,1,3.58867,0,y1
9,14.728,2.59818,1,2.59818,1,2.94478,1,3.55583,0,y1
9,14.86,2.55008,1,2.55008,1,2.91223,1,3.52116,0,y1
9,14.9082929447861,2.53249,1,2.53249,1,2.90045,1,3.50952,0,y1
9,14.992,2.50277,1,2.50277,1,2.8802,1,3.48816,0,y1
9,15,2.4998,1,2.4998,1,2.87827,1,3.48607,0,y1
9,15.124,2.45369,1,2.45369,1,2.84833,1,3.4545,0,y1
9,15.2535953915336,2.40607,1,2.40607,1,2.81676,1,3.42227,0,y1
9,15.256,2.40523,1,2.40523,1,2.81617,1,3.42167,0,y1
9,15.388,2.35803,1,2.35803,1,2.78314,1,3.38827,0,y1
9,15.5,2.31694,1,2.31694,1,2.75556,1,3.36042,0,y1
9,15.52,2.30982,1,2.30982,1,2.75073,1,3.35543,0,y1
9,15.606895654005,2.27881,1,2.27881,1,2.72935,1,3.33373,0,y1
9,15.652,2.26233,1,2.26233,1,2.71795,1,3.32271,0,y1
9,15.784,2.21361,1,2.21361,1,2.68472,1,3.28945,0,y1
9,15.916,2.16548,1,2.16548,1,2.65261,1,3.25656,0,y1
9,15.9683789757655,2.14629,1,2.14629,1,2.63991,1,3.24365,0,y1
9,16,2.13475,1,2.13475,1,2.63203,1,3.23576,0,y1
9,16.048,2.11722,1,2.11722,1,2.61967,1,3.22375,0,y1
9,16.18,2.0689,1,2.0689,1,2.58697,1,3.19079,0,y1
9,16.312,2.0205,1,2.0205,1,2.55397,1,3.15791,0,y1
9,16.3382348909494,2.01085,1,2.01085,1,2.54739,1,3.15138,0,y1
9,16.444,1.97169,1,1.97169,1,2.52048,1,3.12504,0,y1
9,16.5,1.95141,1,1.95141,1,2.50578,1,3.11111,0,y1
9,16.576,1.92357,1,1.92357,1,2.48687,1,3.0922,0,y1
9,16.708,1.87445,1,1.87445,1,2.45418,1,3.05921,0,y1
9,16.7166573236367,1.87126,1,1.87126,1,2.45196,1,3.05705,0,y1
9,16.84,1.82573,1,1.82573,1,2.4209,1,3.02643,0,y1
9,16.972,1.77689,1,1.77689,1,2.38775,1,2.9941,1,y1
9,17,1.76673,1,1.76673,1,2.38061,1,2.98725,1,y1
9,17.1038446895323,1.72798,1,1.72798,1,2.35417,1,2.96089,1,y1
9,17.104,1.72792,1,1.72792,1,2.35413,1,2.96085,1,y1
9,17.236,1.6791,1,1.6791,1,2.32065,1,2.92808,1,y1
9,17.368,1.63011,1,1.63011,1,2.28713,1,2.89511,1,y1
9,17.5,1.5807,1,1.5807,1,2.25347,1,2.86201,1,y1
10,1,0,1,0,1,0,1,0,1,y1
10,1.02268025616674,0,1,0,1,0,1,0,1,y1
10,1.04587490635328,0,1,0,1,0,1,0,1,y1
10,1.06959561714774,0,1,0,1,0,1,0,1,y1
10,1.09385431973947,0,1,0,1,0,1,0,1,y1
10,1.11866321592026,0,1,0,1,0,1,0,1,y1
10,1.124,0,1,0,1,0,1,0,1,y1
10,1.14403478422165,0,1,0,1,0,1,0,1,y1
10,1.16998178619146,0,1,0,1,0,1,0,1,y1
10,1.19651727281271,0,1,0,1,0,1,0,1,y1
10,1.22365459106803,0,1,0,1,0,1,0,1,y1
10,1.248,0,1,0,1,0,1,0,1,y1
10,1.25140739065307,0,1,0,1,0,1,0,1,y1
10,1.27978963084203,0,1,0,1,0,1,0,1,y1
10,1.30881558750907,0,1,0,1,0,1,0,1,y1
10,1.33849986030881,0,1,0,1,0,1,0,1,y1
10,1.36885738001976,0,1,0,1,0.228948,1,0,1,y1
10,1.372,0,1,0,1,0.437147,1,0,1,y1
10,1.39990341605435,0,1,0,1,1.78451,1,0.757473,1,y1
10,1.43165358413916,0,1,0,1,2.7751,1,2.09171,1,y1
10,1.46412385416947,0,1,0,1,3.50151,0,2.99009,1,y1
10,1.496,0,1,0,1,4.05483,0,3.64239,0,y1
10,1.49733055824187,0,1,0,1,4.07543,0,3.66624,0,y1
10,1.5,0,1,0,1,4.11623,0,3.71341,0,y1
10,1.53129039886909,0,1,0,1,4.54919,0,4.20795,0,y1
10,1.56602045738112,0,1,0,1,4.95203,0,4.65968,0,y1
10,1.60153820251688,0,1,0,1,5.30193,0,5.04649,0,y1
10,1.62,0,1,0,1,5.46432,0,5.22444,0,y1
10,1.63786149921079,0,1,0,1,5.61083,0,5.38418,0,y1
10,1.67500861757854,0,1,0,1,5.88698,0,5.68342,0,y1
10,1.71299824210672,0,1,0,1,6.13652,0,5.95176,0,y1
10,1.744,0.654166,1,0.654166,1,6.31985,0,6.14784,0,y1
10,1.75184948105088,0.807804,1,0.807804,1,6.3637,0,6.19465,0,y1
10,1.79158187604669,1.4726,1,1.4726,1,6.57173,0,6.41621,0,y1
10,1.83221541193913,2.02512,1,2.02512,1,6.76368,0,6.61961,0,y1
10,1.868,2.43776,1,2.43776,1,6.9173,0,6.78236,0,y1
10,1.87377052683456,2.49907,1,2.49907,1,6.9409,0,6.80732,0,y1
10,1.91626812238086,2.91363,1,2.91363,1,7.10598,0,6.98131,0,y1
10,1.95972957428063,3.28152,0,3.28152,0,7.25983,0,7.14314,0,y1
10,1.992,3.52555,0,3.52555,0,7.36552,0,7.2541,0,y1
10,2,3.58271,0,3.58271,0,7.39063,0,7.28049,0,y1
10,2.00417674304285,3.61207,0,3.61207,0,7.40357,0,7.29411,0,y1
10,2.04963198497849,3.91175,0,3.91175,0,7.53733,0,7.43529,0,y1
10,2.09611816344536,4.18598,0,4.18598,0,7.66253,0,7.5676,0,y1
10,2.116,4.29465,0,4.29465,0,7.71293,0,7.6208,0,y1
10,2.14365866034806,4.43811,0,4.43811,0,7.78011,0,7.6917,0,y1
10,2.19227738789881,4.67151,0,4.67151,0,7.89015,0,7.80802,0,y1
10,2.24,4.88005,0,4.88005,0,7.9882,0,7.91257,0,y1
10,2.24199880064492,4.88839,0,4.88839,0,7.9921,0,7.91676,0,y1
10,2.29284790776908,5.09082,0,5.09082,0,8.08659,0,8.01847,0,y1
10,2.34485028566866,5.28065,0,5.28065,0,8.17464,0,8.11352,0,y1
10,2.364,5.34666,0,5.34666,0,8.20503,0,8.14636,0,y1
10,2.39803209082029,5.45916,0,5.45916,0,8.2564,0,8.20198,0,y1
10,2.45242007293616,5.62757,0,5.62757,0,8.33176,0,8.28389,0,y1
10,2.488,5.73086,0,5.73086,0,8.37667,0,8.33287,0,y1
10,2.5,5.76468,0,5.76468,0,8.39104,0,8.34856,0,y1
10,2.50804158841882,5.78707,0,5.78707,0,8.40045,0,8.35882,0,y1
10,2.564924614121,5.93894,0,5.93894,0,8.46218,0,8.42642,0,y1
10,2.612,6.05622,0,6.05622,0,8.50704,0,8.47616,0,y1
10,2.62309776141765,6.08283,0,6.08283,0,8.51682,0,8.48702,0,y1
10,2.68259029059702,6.21921,0,6.21921,0,8.56426,0,8.54032,0,y1
10,2.736,6.33346,0,6.33346,0,8.59996,0,8.58144,0,y1
10,2.74343212557818,6.34879,0,6.34879,0,8.60444,0,8.58665,0,y1
10,2.80565386896236,6.47211,0,6.47211,0,8.63731,0,8.62596,0,y1
10,2.86,6.57294,0,6.57294,0,8.65973,0,8.65451,0,y1
10,2.86928681742564,6.58958,0,6.58958,0,8.66299,0,8.65884,0,y1
10,2.93436297746072,6.7016,0,6.7016,0,8.68159,0,8.68482,0,y1
10,2.984,6.78197,0,6.78197,0,8.691,0,8.69965,0,y1
10,3,6.80699,0,6.80699,0,8.69322,0,8.70356,0,y1
10,3.00091508147573,6.8084,0,6.8084,0,8.69334,0,8.70377,0,y1
10,3.06897660425825,6.91023,0,6.91023,0,8.69853,0,8.71584,0,y1
10,3.108,6.96546,0,6.96546,0,8.69866,0,8.71968,0,y1
10,3.13858177981257,7.00722,0,7.00722,0,8.69743,0,8.72126,0,y1
10,3.20976561857899,7.09948,0,7.09948,0,8.69034,0,8.72037,0,y1
10,3.232,7.12694,0,7.12694,0,8.68702,0,8.71891,0,y1
10,3.28256392504357,7.18707,0,7.18707,0,8.67766,0,8.71368,0,y1
10,3.356,7.26889,0,7.26889,0,8.66001,0,8.70178,0,y1
10,3.35701331574726,7.26998,0,7.26998,0,8.65973,0,8.70158,0,y1
10,3.43315123770358,7.34816,0,7.34816,0,8.63693,0,8.68432,0,y1
10,3.48,7.39307,0,7.39307,0,8.62094,0,8.67152,0,y1
10,3.5,7.41153,0,7.41153,0,8.6137,0,8.66559,0,y1
10,3.51101598723387,7.42151,0,7.42151,0,8.60961,0,8.66222,0,y1
10,3.59064672922987,7.48992,0,7.48992,0,8.57811,0,8.63561,0,y1
10,3.604,7.50075,0,7.50075,0,8.57251,0,8.63079,0,y1
10,3.67208351685308,7.55321,0,7.55321,0,8.54274,0,8.60483,0,y1
10,3.728,7.59288,0,7.59288,0,8.51687,0,8.5819,0,y1
10,3.75536731168098,7.61119,0,7.61119,0,8.5038,0,8.5702,0,y1
10,3.84054000431012,7.66368,0,7.66368,0,8.46156,0,8.53203,0,y1
10,3.852,7.67022,0,7.67022,0,8.45572,0,8.5267,0,y1
10,3.9276444354265,7.71049,0,7.71049,0,8.41626,0,8.49057,0,y1
10,3.976,7.73358,0,7.73358,0,8.39034,0,8.46665,0,y1
10,4,7.7443,0,7.7443,0,8.37728,0,8.45457,0,y1
10,4.01672441735386,7.75148,0,7.75148,0,8.36812,0,8.44607,0,y1
10,4.1,7.78376,0,7.78376,0,8.32174,0,8.40288,0,y1
10,4.10782475609066,7.78649,0,7.78649,0,8.31732,0,8.39875,0,y1
10,4.20099127384688,7.81544,0,7.81544,0,8.26403,0,8.3488,0,y1
10,4.224,7.82157,0,7.82157,0,8.25068,0,8.33626,0,y1
10,4.29627083209198,7.83831,0,7.83831,0,8.20838,0,8.2964,0,y1
10,4.348,7.84803,0,7.84803,0,8.17777,0,8.26749,0,y1
10,4.39371135512554,7.8551,0,7.8551,0,8.15053,0,8.2417,0,y1
10,4.472,7.86411,0,7.86411,0,8.10351,0,8.19709,0,y1
10,4.49336185418252,7.86592,0,7.86592,0,8.0906,0,8.18484,0,y1
10,4.5,7.86643,0,7.86643,0,8.08659,0,8.18102,0,y1
10,4.59527245208525,7.87097,0,7.87097,0,8.0287,0,8.12593,0,y1
10,4.596,7.87098,0,7.87098,0,8.02825,0,8.12551,0,y1
10,4.69949440845452,7.87034,0,7.87034,0,7.96492,0,8.06509,0,y1
10,4.72,7.86959,0,7.86959,0,7.95233,0,8.05307,0,y1
10,4.80608014549245,7.86446,0,7.86446,0,7.89937,0,8.00242,0,y1
10,4.844,7.86121,0,7.86121,0,7.87599,0,7.98005,0,y1
10,4.91508327435011,7.85355,0,7.85355,0,7.83214,0,7.93802,0,y1
10,4.968,7.84662,0,7.84662,0,7.79946,0,7.90668,0,y1
10,5,7.84197,0,7.84197,0,7.77971,0,7.88772,0,y1
10,5.02655862209325,7.83789,0,7.83789,0,7.76331,0,7.87197,0,y1
10,5.092,7.82694,0,7.82694,0,7.72292,0,7.83317,0,y1
10,5.14056225927948,7.81798,0,7.81798,0,7.69298,0,7.80437,0,y1
10,5.216,7.80285,0,7.80285,0,7.64654,0,7.75967,0,y1
10,5.25715152816103,7.79407,0,7.79407,0,7.62125,0,7.73531,0,y1
10,5.34,7.77527,0,7.77527,0,7.57046,0,7.68634,0,y1
10,5.37638507152711,7.76656,0,7.76656,0,7.54821,0,7.66488,0,y1
10,5.464,7.74461,0,7.74461,0,7.49482,0,7.61332,0,y1
10,5.4983228622004,7.73569,0,7.73569,0,7.47398,0,7.59318,0,y1
10,5.5,7.73525,0,7.73525,0,7.47296,0,7.5922,0,y1
10,5.588,7.71157,0,7.71157,0,7.41974,0,7.54073,0,y1
10,5.62302623320257,7.70185,0,7.70185,0,7.39866,0,7.52033,0,y1
10,5.712,7.67649,0,7.67649,0,7.34536,0,7.4687,0,y1
10,5.75055790860392,7.66523,0,7.66523,0,7.3224,0,7.44644,0,y1
10,5.836,7.63977,0,7.63977,0,7.27184,0,7.39735,0,y1
10,5.88098203507275,7.62611,0,7.62611,0,7.24541,0,7.37166,0,y1
10,5.96,7.60173,0,7.60173,0,7.19928,0,7.3268,0,y1
10,6,7.58921,0,7.58921,0,7.17609,0,7.30424,0,y1
10,6.01436421414021,7.58469,0,7.58469,0,7.16779,0,7.29616,0,y1
10,6.084,7.5626,0,7.5626,0,7.12777,0,7.25718,0,y1
10,6.15077153519701,7.54117,0,7.54117,0,7.08977,0,7.22011,0,y1
10,6.208,7.5226,0,7.5226,0,7.05749,0,7.1886,0,y1
10,6.29027260923839,7.49536,0,7.49536,0,7.01158,0,7.14374,0,y1
10,6.332,7.48117,0,7.48117,0,6.98855,0,7.12119,0,y1
10,6.43293760337457,7.44547,0,7.44547,0,6.93354,0,7.06728,0,y1
10,6.456,7.43705,0,7.43705,0,6.92111,0,7.05509,0,y1
10,6.5,7.42074,0,7.42074,0,6.89758,0,7.03197,0,y1
10,6.57883827612378,7.39067,0,7.39067,0,6.85595,0,6.991,0,y1
10,6.58,7.39022,0,7.39022,0,6.85534,0,6.9904,0,y1
10,6.704,7.3404,0,7.3404,0,6.79136,0,6.92729,0,y1
10,6.72804801350584,7.33038,0,7.33038,0,6.77916,0,6.91524,0,y1
10,6.828,7.28754,0,7.28754,0,6.72926,0,6.86586,0,y1
10,6.8806418659543,7.26419,0,7.26419,0,6.70349,0,6.84033,0,y1
10,6.952,7.23165,0,7.23165,0,6.66918,0,6.80626,0,y1
10,7,7.2092,0,7.2092,0,6.64653,0,6.7837,0,y1
10,7.03669658606576,7.19172,0,7.19172,0,6.62944,0,6.76666,0,y1
10,7.076,7.1727,0,7.1727,0,6.61137,0,6.7486,0,y1
10,7.19629066720539,7.11254,0,7.11254,0,6.55754,0,6.69461,0,y1
10,7.2,7.11063,0,7.11063,0,6.55592,0,6.69298,0,y1
10,7.324,7.04541,0,7.04541,0,6.50286,0,6.63948,0,y1
10,7.35950438298795,7.02614,0,7.02614,0,6.48811,0,6.62456,0,y1
10,7.448,6.97697,0,6.97697,0,6.45223,0,6.58822,0,y1
10,7.5,6.9473,0,6.9473,0,6.43175,0,6.56743,0,y1
10,7.52641982765439,6.93201,0,6.93201,0,6.42152,0,6.55703,0,y1
10,7.572,6.90527,0,6.90527,0,6.40415,0,6.53934,0,y1
10,7.696,6.83019,0,6.83019,0,6.35871,0,6.49283,0,y1
10,7.69712095736404,6.8295,0,6.8295,0,6.35831,0,6.49242,0,y1
10,7.82,6.75177,0,6.75177,0,6.31588,0,6.44876,0,y1
10,7.87169363242347,6.71805,0,6.71805,0,6.2988,0,6.43116,0,y1
10,7.944,6.66991,0,6.66991,0,6.27568,0,6.40732,0,y1
10,8,6.63193,0,6.63193,0,6.2584,0,6.38944,0,y1
10,8.05022566047296,6.5972,0,6.5972,0,6.24336,0,6.37383,0,y1
10,8.068,6.58477,0,6.58477,0,6.23814,0,6.36839,0,y1
10,8.192,6.49632,0,6.49632,0,6.20329,0,6.33178,0,y1
10,8.23280684065258,6.46645,0,6.46645,0,6.19241,0,6.32028,0,y1
10,8.316,6.4044,0,6.4044,0,6.1711,0,6.2978,0,y1
10,8.41952900876989,6.32538,0,6.32538,0,6.14619,0,6.27163,0,y1
10,8.44,6.30944,0,6.30944,0,6.14148,0,6.26666,0,y1
10,8.5,6.26224,0,6.26224,0,6.12807,0,6.25241,0,y1
10,8.564,6.2114,0,6.2114,0,6.11444,0,6.23769,0,y1
10,8.61048608349212,6.17403,0,6.17403,0,6.10495,0,6.22736,0,y1
10,8.688,6.11101,0,6.11101,0,6.08988,0,6.21096,0,y1
10,8.8057741135859,6.01352,0,6.01352,0,6.06858,0,6.18836,0,y1
10,8.812,6.00831,0,6.00831,0,6.06748,0,6.18723,0,y1
10,8.936,5.90351,0,5.90351,0,6.04561,0,6.1649,0,y1
10,9,5.84865,0,5.84865,0,6.03372,0,6.15297,0,y1
10,9.00549132622851,5.84392,0,5.84392,0,6.03266,0,6.15193,0,y1
10,9.06,5.79694,0,5.79694,0,6.02179,0,6.14133,0,y1
10,9.184,5.68929,0,5.68929,0,5.99484,0,6.11532,0,y1
10,9.20973817641476,5.66682,0,5.66682,0,5.98901,0,6.1096,0,y1
10,9.308,5.58092,0,5.58092,0,5.96598,0,6.08696,0,y1
10,9.41861739748448,5.48411,0,5.48411,0,5.93827,0,6.05986,0,y1
10,9.432,5.47239,0,5.47239,0,5.93479,0,6.05646,0,y1
10,9.5,5.41279,0,5.41279,0,5.91664,0,6.03874,0,y1
10,9.556,5.36381,0,5.36381,0,5.90111,0,6.0236,0,y1
10,9.63223405279597,5.29764,0,5.29764,0,5.8791,0,6.00221,0,y1
10,9.68,5.25649,0,5.25649,0,5.86482,0,5.98838,0,y1
10,9.804,5.14976,0,5.14976,0,5.82609,0,5.95109,0,y1
10,9.85069558857141,5.1097,0,5.1097,0,5.81091,0,5.93649,0,y1
10,9.928,5.04481,0,5.04481,0,5.78503,0,5.91162,0,y1
10,10,4.98604,0,4.98604,0,5.76013,0,5.88769,0,y1
10,10.052,4.94341,0,4.94341,0,5.7417,0,5.86997,0,y1
10,10.0741118879408,4.92498,0,4.92498,0,5.73375,0,5.86233,0,y1
10,10.176,4.8407,0,4.8407,0,5.6963,0,5.82629,0,y1
10,10.3,4.7436,0,4.7436,0,5.64893,0,5.78075,0,y1
10,10.3025953262118,4.74157,0,4.74157,0,5.64792,0,5.77978,0,y1
10,10.424,4.64811,0,4.64811,0,5.59978,0,5.73343,0,y1
10,10.5,4.59126,0,4.59126,0,5.56883,0,5.7036,0,y1
10,10.5362608273925,4.56451,0,4.56451,0,5.55386,0,5.68916,0,y1
10,10.548,4.55591,0,4.55591,0,5.54898,0,5.68446,0,y1
10,10.672,4.46679,0,4.46679,0,5.49676,0,5.63398,0,y1
10,10.7752259219974,4.39502,0,4.39502,0,5.45232,0,5.59098,0,y1
10,10.796,4.38082,0,4.38082,0,5.44328,0,5.58222,0,y1
10,10.92,4.29777,0,4.29777,0,5.38876,0,5.52928,0,y1
10,11,4.24588,0,4.24588,0,5.35311,0,5.49462,0,y1
10,11.0196108061629,4.23337,0,4.23337,0,5.34431,0,5.48608,0,y1
10,11.044,4.21792,0,4.21792,0,5.33335,0,5.47545,0,y1
10,11.168,4.14101,0,4.14101,0,5.27724,0,5.42127,0,y1
10,11.2695384021044,4.08016,0,4.08016,0,5.23086,0,5.37677,0,y1
10,11.292,4.06694,0,4.06694,0,5.22056,0,5.36685,0,y1
10,11.416,3.99532,0,3.99532,0,5.16341,0,5.31122,0,y1
10,11.5,3.94765,0,3.94765,0,5.12441,0,5.27274,0,y1
10,11.5251344199451,3.93351,0,3.93351,0,5.11268,0,5.26117,0,y1
10,11.54,3.9252,0,3.9252,0,5.10574,0,5.25432,0,y1
10,11.664,3.85771,0,3.85771,0,5.04795,0,5.19712,0,y1
10,11.7865274209456,3.79389,0,3.79389,0,4.99192,0,5.14074,0,y1
10,11.788,3.79314,0,3.79314,0,4.99125,0,5.14006,0,y1
10,11.912,3.73148,0,3.73148,0,4.93349,0,5.08345,0,y1
10,12,3.68873,0,3.68873,0,4.89227,0,5.04355,0,y1
10,12.036,3.67116,0,3.67116,0,4.87556,0,5.02726,0,y1
10,12.053848882169,3.6625,0,3.6625,0,4.86729,0,5.01919,0,y1
10,12.16,3.61239,0,3.61239,0,4.81827,0,4.9712,0,y1
10,12.284,3.55554,0,3.55554,0,4.76119,0,4.91539,0,y1
10,12.3272332626118,3.53551,0,3.53551,0,4.74125,0,4.89601,0,y1
10,12.408,3.4988,0,3.4988,0,4.70402,0,4.85982,0,y1
10,12.5,3.4584,0,3.4584,0,4.6618,0,4.81839,0,y1
10,12.532,3.44448,0,3.44448,0,4.64715,0,4.80386,0,y1
10,12.6068180708351,3.41209,0,3.41209,0,4.61289,0,4.76956,0,y1
10,12.656,3.39109,0,3.39109,0,4.59038,0,4.74711,0,y1
10,12.78,3.33909,0,3.33909,0,4.53411,0,4.69181,0,y1
10,12.8927439341291,3.2924,0,3.2924,0,4.48384,0,4.64195,0,y1
10,12.904,3.28778,0,3.28778,0,4.47887,0,4.63695,0,y1
10,13,3.24869,0,3.24869,0,4.43635,0,4.59424,0,y1
10,13.028,3.23728,0,3.23728,0,4.42371,0,4.58175,0,y1
10,13.152,3.18647,0,3.18647,0,4.36654,0,4.52675,0,y1
10,13.1851546692474,3.17331,0,3.17331,0,4.35138,0,4.51218,0,y1
10,13.276,3.13876,0,3.13876,0,4.31052,0,4.47255,0,y1
10,13.4,3.09074,0,3.09074,0,4.25483,0,4.41866,0,y1
10,13.4841973547441,3.05775,0,3.05775,0,4.21733,0,4.3811,0,y1
10,13.5,3.0516,0,3.0516,0,4.21037,0,4.37399,0,y1
10,13.524,3.04232,0,3.04232,0,4.19982,0,4.36321,0,y1
10,13.648,2.99558,1,2.99558,1,4.14428,0,4.3088,0,y1
10,13.772,2.94959,1,2.94959,1,4.08899,0,4.25596,0,y1
10,13.7900224049526,2.94286,1,2.94286,1,4.08101,0,4.24832,0,y1
10,13.896,2.90321,1,2.90321,1,4.03407,0,4.2029,0,y1
10,14,2.86425,1,2.86425,1,3.98805,0,4.15735,0,y1
10,14.02,2.85677,1,2.85677,1,3.97925,0,4.14859,0,y1
10,14.102783645642,2.82586,1,2.82586,1,3.94302,0,4.11241,0,y1
10,14.144,2.81054,1,2.81054,1,3.92502,0,4.09444,0,y1
10,14.268,2.76465,1,2.76465,1,3.87096,0,4.04064,0,y1
10,14.392,2.71894,1,2.71894,1,3.8154,0,3.98778,0,y1
10,14.4226383913894,2.70776,1,2.70776,1,3.80163,0,3.97478,0,y1
10,14.5,2.67972,1,2.67972,1,3.76793,0,3.94172,0,y1
10,14.516,2.67395,1,2.67395,1,3.76101,0,3.93485,0,y1
10,14.64,2.62881,1,2.62881,1,3.70676,0,3.88189,0,y1
10,14.7497475247064,2.5886,1,2.5886,1,3.65821,0,3.83409,0,y1
10,14.764,2.58343,1,2.58343,1,3.65194,0,3.82803,0,y1
10,14.888,2.53824,1,2.53824,1,3.59768,0,3.77559,0,y1
10,15,2.49743,1,2.49743,1,3.54821,0,3.7268,0,y1
10,15.012,2.49307,1,2.49307,1,3.54295,0,3.72148,0,y1
10,15.0842755769615,2.46675,1,2.46675,1,3.5113,0,3.68995,0,y1
10,15.136,2.44798,1,2.44798,1,3.48856,0,3.66837,0,y1
10,15.26,2.40283,1,2.40283,1,3.43414,0,3.61567,0,y1
10,15.384,2.35815,1,2.35815,1,3.37976,0,3.56312,0,y1
10,15.4263908111368,2.3423,1,2.3423,1,3.36138,0,3.54474,0,y1
10,15.5,2.31541,1,2.31541,1,3.32879,0,3.51293,0,y1
10,15.508,2.31248,1,2.31248,1,3.32525,0,3.50955,0,y1
10,15.632,2.26744,1,2.26744,1,3.27045,0,3.45636,0,y1
10,15.756,2.22217,1,2.22217,1,3.2161,0,3.40393,0,y1
10,15.7762653064616,2.21451,1,2.21451,1,3.20727,0,3.39531,0,y1
10,15.88,2.1771,1,2.1771,1,3.16177,0,3.35088,0,y1
10,16,2.13305,1,2.13305,1,3.1087,0,3.29919,0,y1
10,16.004,2.13162,1,2.13162,1,3.10692,0,3.29747,0,y1
10,16.128,2.08674,1,2.08674,1,3.05258,0,3.24422,0,y1
10,16.1340750449667,2.08454,1,2.08454,1,3.04993,0,3.24165,0,y1
10,16.252,2.04146,1,2.04146,1,2.99812,1,3.1912,0,y1
10,16.376,1.99534,1,1.99534,1,2.94377,1,3.13801,0,y1
10,16.5,1.95009,1,1.95009,1,2.88932,1,3.08455,0,y1
11,1,0,1,0,1,0,1,0,1,y1
11,1.02216887738619,0,1,0,1,0,1,0,1,y1
11,1.04482921389695,0,1,0,1,0,1,0,1,y1
11,1.06799190462934,0,1,0,1,0,1,0,1,y1
11,1.09166808621252,0,1,0,1,0,1,0,1,y1
11,1.11586914216219,0,1,0,1,0,1,0,1,y1
11,1.116,0,1,0,1,0,1,0,1,y1
11,1.14060670835382,0,1,0,1,0,1,0,1,y1
11,1.16589267861718,0,1,0,1,0,1,0,1,y1
11,1.19173921045491,0,1,0,1,0,1,0,1,y1
11,1.2181587308878,0,1,0,1,0,1,0,1,y1
11,1.232,0,1,0,1,0,1,0,1,y1
11,1.24516394242977,0,1,0,1,0,1,0,1,y1
11,1.27276782919521,0,1,0,1,0,1,0,1,y1
11,1.30098366314173,0,1,0,1,0,1,0,1,y1
11,1.32982501045136,0,1,0,1,0,1,0,1,y1
11,1.348,0,1,0,1,0,1,0,1,y1
11,1.35930573805314,0,1,0,1,0,1,0,1,y1
11,1.38944002029039,0,1,0,1,0,1,0,1,y1
11,1.42024234573568,0,1,0,1,0,1,0,1,y1
11,1.45172752415698,0,1,0,1,0,1,0,1,y1
11,1.464,0,1,0,1,0,1,0,1,y1
11,1.48391069363817,0,1,0,1,0,1,0,1,y1
11,1.5,0,1,0,1,0,1,0,1,y1
11,1.5168073278575,0,1,0,1,0,1,0,1,y1
11,1.55043324352725,0,1,0,1,0,1,0,1,y1
11,1.58,0,1,0,1,0,1,0,1,y1
11,1.58480460799848,0,1,0,1,0,1,0,1,y1
11,1.61993794703428,0,1,0,1,0,1,0,1,y1
11,1.65585015275532,0,1,0,1,0,1,0,1,y1
11,1.69255849176166,0,1,0,1,0,1,0,1,y1
11,1.696,0,1,0,1,0,1,0,1,y1
11,1.73008061343449,0.349886,1,0.349886,1,1.44444,1,0,1,y1
11,1.76843455842195,1.10455,1,1.10455,1,2.60517,1,1.65491,1,y1
11,1.80763876731311,1.70349,1,1.70349,1,3.36948,0,2.79378,1,y1
11,1.812,1.7632,1,1.7632,1,3.43952,0,2.88958,1,y1
11,1.8477120895042,2.21115,1,2.21115,1,3.93729,0,3.54223,0,y1
11,1.88867379226141,2.6515,1,2.6515,1,4.3877,0,4.09692,0,y1
11,1.928,3.0179,0,3.0179,0,4.73936,0,4.51209,0,y1
11,1.93054356998457,3.04001,0,3.04001,0,4.76,0,4.53597,0,y1
11,1.97334155367626,3.38724,0,3.38724,0,5.07599,0,4.89697,0,y1
11,2,3.58266,0,3.58266,0,5.2481,0,5.09044,0,y1
11,2.01708832062079,3.70077,0,3.70077,0,5.35023,0,5.20408,0,y1
11,2.044,3.87654,0,3.87654,0,5.49983,0,5.36916,0,y1
11,2.06180490427776,3.98652,0,3.98652,0,5.59213,0,5.47001,0,y1
11,2.10751280439494,4.24837,0,4.24837,0,5.80906,0,5.70375,0,y1
11,2.1542339973454,4.49036,0,4.49036,0,6.00458,0,5.91252,0,y1
11,2.16,4.51867,0,4.51867,0,6.0271,0,5.93649,0,y1
11,2.20199094669372,4.7153,0,4.7153,0,6.18176,0,6.10084,0,y1
11,2.25080661399648,4.92389,0,4.92389,0,6.34332,0,6.27199,0,y1
11,2.276,5.02466,0,5.02466,0,6.42017,0,6.35314,0,y1
11,2.30070446984221,5.11919,0,5.11919,0,6.49173,0,6.42852,0,y1
11,2.351708505136,5.30293,0,5.30293,0,6.6289,0,6.57248,0,y1
11,2.392,5.43792,0,5.43792,0,6.72837,0,6.67641,0,y1
11,2.40384324263443,5.47607,0,5.47607,0,6.75626,0,6.70549,0,y1
11,2.45713374873602,5.64002,0,5.64002,0,6.87494,0,6.8289,0,y1
11,2.5,5.76297,0,5.76297,0,6.96302,0,6.9202,0,y1
11,2.508,5.78523,0,5.78523,0,6.9788,0,6.93652,0,y1
11,2.51160564553323,5.79518,0,5.79518,0,6.98584,0,6.94381,0,y1
11,2.56728512313153,5.94206,0,5.94206,0,7.08976,0,7.05111,0,y1
11,2.624,6.08254,0,6.08254,0,7.187,0,7.15123,0,y1
11,2.62419895224163,6.08302,0,6.08302,0,7.18732,0,7.15157,0,y1
11,2.68237449705085,6.21726,0,6.21726,0,7.27905,0,7.24581,0,y1
11,2.74,6.34088,0,6.34088,0,7.36283,0,7.33172,0,y1
11,2.74183972837982,6.34469,0,6.34469,0,7.3654,0,7.33435,0,y1
11,2.80262323713087,6.46582,0,6.46582,0,7.44674,0,7.41761,0,y1
11,2.856,6.56544,0,6.56544,0,7.51294,0,7.48531,0,y1
11,2.86475424803452,6.58124,0,6.58124,0,7.52336,0,7.49596,0,y1
11,2.92826263370077,6.69137,0,6.69137,0,7.59553,0,7.5697,0,y1
11,2.972,6.76296,0,6.76296,0,7.64191,0,7.61709,0,y1
11,2.99317892898186,6.79644,0,6.79644,0,7.66345,0,7.6391,0,y1
11,3,6.80706,0,6.80706,0,7.67026,0,7.64607,0,y1
11,3.05953434565339,6.89665,0,6.89665,0,7.72726,0,7.70438,0,y1
11,3.088,6.93757,0,6.93757,0,7.75301,0,7.73075,0,y1
11,3.12736078742103,6.99218,0,6.99218,0,7.78709,0,7.76568,0,y1
11,3.19669086525975,7.08318,0,7.08318,0,7.84305,0,7.82313,0,y1
11,3.204,7.0924,0,7.0924,0,7.84865,0,7.82889,0,y1
11,3.26755791309326,7.16968,0,7.16968,0,7.89518,0,7.87677,0,y1
11,3.32,7.2297,0,7.2297,0,7.93066,0,7.91332,0,y1
11,3.33999600382091,7.25171,0,7.25171,0,7.94353,0,7.92657,0,y1
11,3.41403996569999,7.32923,0,7.32923,0,7.98812,0,7.97247,0,y1
11,3.436,7.35102,0,7.35102,0,8.00045,0,7.98517,0,y1
11,3.48972539909116,7.40213,0,7.40213,0,8.02899,0,8.01464,0,y1
11,3.5,7.41156,0,7.41156,0,8.03419,0,8.02003,0,y1
11,3.552,7.45752,0,7.45752,0,8.05928,0,8.04611,0,y1
11,3.5670886935751,7.47033,0,7.47033,0,8.06618,0,8.05333,0,y1
11,3.64616704544864,7.53369,0,7.53369,0,8.09971,0,8.08872,0,y1
11,3.668,7.55008,0,7.55008,0,8.1082,0,8.09781,0,y1
11,3.72699847560877,7.59203,0,7.59203,0,8.12957,0,8.12095,0,y1
11,3.784,7.62939,0,7.62939,0,8.14813,0,8.14128,0,y1
11,3.80962184783307,7.64519,0,7.64519,0,8.15583,0,8.14977,0,y1
11,3.89407688746544,7.69299,0,7.69299,0,8.17856,0,8.17482,0,y1
11,3.9,7.6961,0,7.6961,0,8.18001,0,8.17642,0,y1
11,3.98040420051607,7.73527,0,7.73527,0,8.1978,0,8.19637,0,y1
11,4,7.74397,0,7.74397,0,8.20164,0,8.20076,0,y1
11,4.016,7.75083,0,7.75083,0,8.20463,0,8.2042,0,y1
11,4.0686452931848,7.7719,0,7.7719,0,8.21365,0,8.21461,0,y1
11,4.132,7.79426,0,7.79426,0,8.22289,0,8.22534,0,y1
11,4.15884259181733,7.80277,0,7.80277,0,8.22629,0,8.22937,0,y1
11,4.248,7.82712,0,7.82712,0,8.23547,0,8.24068,0,y1
11,4.25103946330381,7.82785,0,7.82785,0,8.23572,0,8.24101,0,y1
11,4.34528023592966,7.84711,0,7.84711,0,8.24215,0,8.24962,0,y1
11,4.364,7.85021,0,7.85021,0,8.24309,0,8.25099,0,y1
11,4.44161022068863,7.86062,0,7.86062,0,8.24585,0,8.25555,0,y1
11,4.48,7.86438,0,7.86438,0,8.24655,0,8.25714,0,y1
11,4.5,7.86598,0,7.86598,0,8.24676,0,8.2578,0,y1
11,4.54007573306834,7.8685,0,7.8685,0,8.24687,0,8.25884,0,y1
11,4.596,7.87051,0,7.87051,0,8.24642,0,8.25967,0,y1
11,4.64072411531876,7.87091,0,7.87091,0,8.24554,0,8.25981,0,y1
11,4.712,7.86949,0,7.86949,0,8.24324,0,8.25913,0,y1
11,4.74360375921441,7.8681,0,7.8681,0,8.2419,0,8.25852,0,y1
11,4.828,7.86225,0,7.86225,0,8.23745,0,8.25604,0,y1
11,4.84876412932112,7.86036,0,7.86036,0,8.23618,0,8.25524,0,y1
11,4.944,7.84963,0,7.84963,0,8.22952,0,8.25075,0,y1
11,4.95625578677862,7.84802,0,7.84802,0,8.22858,0,8.25008,0,y1
11,5,7.84183,0,7.84183,0,8.22504,0,8.24752,0,y1
11,5.06,7.83231,0,7.83231,0,8.21981,0,8.24364,0,y1
11,5.06613041361032,7.83127,0,7.83127,0,8.21925,0,8.24322,0,y1
11,5.176,7.81085,0,7.81085,0,8.20855,0,8.23503,0,y1
11,5.17844083757211,7.81036,0,7.81036,0,8.2083,0,8.23484,0,y1
11,5.292,7.78609,0,7.78609,0,8.19549,0,8.22509,0,y1
11,5.2932410575519,7.78581,0,7.78581,0,8.19534,0,8.22497,0,y1
11,5.408,7.75857,0,7.75857,0,8.18017,0,8.21343,0,y1
11,5.41058626953234,7.75793,0,7.75793,0,8.1798,0,8.21315,0,y1
11,5.5,7.73504,0,7.73504,0,8.16638,0,8.20283,0,y1
11,5.524,7.72868,0,7.72868,0,8.16254,0,8.19986,0,y1
11,5.53053289312902,7.72694,0,7.72694,0,8.16148,0,8.19904,0,y1
11,5.64,7.69682,0,7.69682,0,8.14256,0,8.18435,0,y1
11,5.65313859871711,7.6931,0,7.6931,0,8.14014,0,8.18247,0,y1
11,5.756,7.66335,0,7.66335,0,8.12019,0,8.16688,0,y1
11,5.77846233515922,7.65671,0,7.65671,0,8.11559,0,8.16327,0,y1
11,5.872,7.6286,0,7.6286,0,8.09541,0,8.14745,0,y1
11,5.9065643581481,7.61803,0,7.61803,0,8.08754,0,8.14128,0,y1
11,5.988,7.59275,0,7.59275,0,8.06813,0,8.12602,0,y1
11,6,7.58899,0,7.58899,0,8.06516,0,8.12369,0,y1
11,6.03750625917755,7.57716,0,7.57716,0,8.0557,0,8.11626,0,y1
11,6.104,7.556,0,7.556,0,8.03825,0,8.10255,0,y1
11,6.17135099515563,7.53431,0,7.53431,0,8.01968,0,8.08795,0,y1
11,6.22,7.51845,0,7.51845,0,8.00567,0,8.07696,0,y1
11,6.3081629186744,7.48907,0,7.48907,0,7.97901,0,8.05603,0,y1
11,6.336,7.47956,0,7.47956,0,7.97024,0,8.04915,0,y1
11,6.44800780895062,7.43986,0,7.43986,0,7.93315,0,8.0201,0,y1
11,6.452,7.4384,0,7.4384,0,7.93178,0,8.01902,0,y1
11,6.5,7.4206,0,7.4206,0,7.91494,0,8.00585,0,y1
11,6.568,7.39468,0,7.39468,0,7.89011,0,7.98644,0,y1
11,6.59095290345246,7.38575,0,7.38575,0,7.88147,0,7.97969,0,y1
11,6.684,7.34858,0,7.34858,0,7.84503,0,7.95127,0,y1
11,6.73706693022727,7.32664,0,7.32664,0,7.82321,0,7.93427,0,y1
11,6.8,7.29985,0,7.29985,0,7.79631,0,7.91334,0,y1
11,6.88642014094606,7.2617,0,7.2617,0,7.7575,0,7.88319,0,y1
11,6.916,7.2483,0,7.2483,0,7.74369,0,7.87248,0,y1
11,7,7.20929,0,7.20929,0,7.70301,0,7.84096,0,y1
11,7.032,7.19406,0,7.19406,0,7.68691,0,7.8285,0,y1
11,7.03908434468051,7.19066,0,7.19066,0,7.6833,0,7.82571,0,y1
11,7.148,7.13711,0,7.13711,0,7.62567,0,7.78119,0,y1
11,7.1951329424288,7.11319,0,7.11319,0,7.59944,0,7.76096,0,y1
11,7.264,7.07743,0,7.07743,0,7.55966,0,7.73031,0,y1
11,7.35464096240686,7.02887,0,7.02887,0,7.50453,0,7.68792,0,y1
11,7.38,7.01498,0,7.01498,0,7.48852,0,7.67563,0,y1
11,7.496,6.94971,0,6.94971,0,7.41192,0,7.61688,0,y1
11,7.5,6.9474,0,6.9474,0,7.40917,0,7.61478,0,y1
11,7.51768509612194,6.93719,0,6.93719,0,7.39695,0,7.60543,0,y1
11,7.612,6.88157,0,6.88157,0,7.32946,0,7.55381,0,y1
11,7.68434373524588,6.83762,0,6.83762,0,7.27489,0,7.51216,0,y1
11,7.728,6.81056,0,6.81056,0,7.24073,0,7.48612,0,y1
11,7.844,6.73664,0,6.73664,0,7.14534,0,7.41351,0,y1
11,7.85469700930591,6.72967,0,6.72967,0,7.13619,0,7.40655,0,y1
11,7.96,6.65977,0,6.65977,0,7.0428,0,7.33564,0,y1
11,8,6.63258,0,6.63258,0,7.00574,0,7.3075,0,y1
11,8.02882682421091,6.61277,0,6.61277,0,6.97845,0,7.28681,0,y1
11,8.076,6.57994,0,6.57994,0,6.93274,0,7.25218,0,y1
11,8.192,6.49718,0,6.49718,0,6.81467,0,7.16284,0,y1
11,8.20681690163182,6.48641,0,6.48641,0,6.79899,0,7.151,0,y1
11,8.308,6.4117,0,6.4117,0,6.68818,0,7.06733,0,y1
11,8.38875281925503,6.35066,0,6.35066,0,6.59503,0,6.99702,0,y1
11,8.424,6.32362,0,6.32362,0,6.55302,0,6.96532,0,y1
11,8.5,6.26453,0,6.26453,0,6.45961,0,6.89485,0,y1
11,8.54,6.233,0,6.233,0,6.40888,0,6.85656,0,y1
11,8.57472205192818,6.2054,0,6.2054,0,6.36397,0,6.82263,0,y1
11,8.656,6.13999,0,6.13999,0,6.25578,0,6.74052,0,y1
11,8.76481401371806,6.0508,0,6.0508,0,6.10428,0,6.62392,0,y1
11,8.772,6.04485,0,6.04485,0,6.09402,0,6.61593,0,y1
11,8.888,5.94783,0,5.94783,0,5.9242,0,6.48215,0,y1
11,8.95912010090097,5.88753,0,5.88753,0,5.81568,0,6.3954,0,y1
11,9,5.85262,0,5.85262,0,5.75178,0,6.34387,0,y1
11,9.004,5.8492,0,5.8492,0,5.74547,0,6.33877,0,y1
11,9.12,5.74928,0,5.74928,0,5.55825,0,6.18623,0,y1
11,9.15773373590602,5.71656,0,5.71656,0,5.49616,0,6.13514,0,y1
11,9.236,5.64846,0,5.64846,0,5.36634,0,6.02865,0,y1
11,9.352,5.54714,0,5.54714,0,5.1725,0,5.8674,0,y1
11,9.36075041223273,5.53949,0,5.53949,0,5.15786,0,5.85465,0,y1
11,9.468,5.44576,0,5.44576,0,4.97846,0,5.69062,0,y1
11,9.5,5.41784,0,5.41784,0,4.92545,0,5.64162,0,y1
11,9.56826774036427,5.35839,0,5.35839,0,4.81401,0,5.53738,0,y1
11,9.584,5.34472,0,5.34472,0,4.78874,0,5.51286,0,y1
11,9.7,5.24447,0,5.24447,0,4.60708,0,5.32699,0,y1
11,9.78038549469867,5.17567,0,5.17567,0,4.48722,0,5.198,0,y1
11,9.816,5.14539,0,5.14539,0,4.43611,0,5.14027,0,y1
11,9.932,5.04784,0,5.04784,0,4.27843,0,4.95544,0,y1
11,9.99720566152035,4.99381,0,4.99381,0,4.19552,0,4.85367,0,y1
11,10,4.99151,0,4.99151,0,4.19205,0,4.84932,0,y1
11,10.048,4.95214,0,4.95214,0,4.13341,0,4.7751,0,y1
11,10.164,4.85851,0,4.85851,0,4.00067,0,4.60418,0,y1
11,10.2188324880352,4.81506,0,4.81506,0,3.942,0,4.52695,0,y1
11,10.28,4.7672,0,4.7672,0,3.8787,0,4.44345,0,y1
11,10.396,4.67824,0,4.67824,0,3.76749,0,4.29672,0,y1
11,10.4453725324925,4.64124,0,4.64124,0,3.72309,0,4.23723,0,y1
11,10.5,4.60101,0,4.60101,0,3.67585,0,4.17432,0,y1
11,10.512,4.59227,0,4.59227,0,3.66568,0,4.16122,0,y1
11,10.628,4.50918,0,4.50918,0,3.56978,0,4.04113,0,y1
11,10.6769347154184,4.47431,0,4.47431,0,3.53104,0,3.99243,0,y1
11,10.744,4.42691,0,4.42691,0,3.47934,0,3.92924,0,y1
11,10.86,4.34748,0,4.34748,0,3.3962,0,3.82651,0,y1
11,10.9136303719849,4.31167,0,4.31167,0,3.35992,0,3.78206,0,y1
11,10.976,4.27069,0,4.27069,0,3.31919,0,3.73267,0,y1
11,11,4.25514,0,4.25514,0,3.30369,0,3.71425,0,y1
11,11.092,4.1966,0,4.1966,0,3.24496,0,3.64617,0,y1
11,11.1555733055397,4.15708,0,4.15708,0,3.20611,0,3.60145,0,y1
11,11.208,4.12501,0,4.12501,0,3.17461,0,3.56584,0,y1
11,11.324,4.05582,0,4.05582,0,3.10788,0,3.49098,0,y1
11,11.4028798423229,4.01009,0,4.01009,0,3.06384,0,3.44291,0,y1
11,11.44,3.9889,0,3.9889,0,3.04358,0,3.42091,0,y1
11,11.5,3.95515,0,3.95515,0,3.01147,0,3.3863,0,y1
11,11.556,3.92416,0,3.92416,0,2.98205,1,3.355,0,y1
11,11.6556688873968,3.87018,0,3.87018,0,2.93091,1,3.30129,0,y1
11,11.672,3.86147,0,3.86147,0,2.92266,1,3.29272,0,y1
11,11.788,3.80071,0,3.80071,0,2.86506,1,3.23356,0,y1
11,11.904,3.74178,0,3.74178,0,2.80899,1,3.17697,0,y1
11,11.9140619818156,3.73675,0,3.73675,0,2.80419,1,3.17217,0,y1
11,12,3.69427,0,3.69427,0,2.763,1,3.13179,0,y1
11,12.02,3.68451,0,3.68451,0,2.75362,1,3.12255,0,y1
11,12.136,3.62886,0,3.62886,0,2.70046,1,3.07007,0,y1
11,12.178183361062,3.60903,0,3.60903,0,2.68092,1,3.05151,0,y1
11,12.252,3.57518,0,3.57518,0,2.64729,1,3.01967,0,y1
11,12.368,3.52199,0,3.52199,0,2.59561,1,2.96986,1,y1
11,12.4481600147799,3.48575,0,3.48575,0,2.56017,1,2.93564,1,y1
11,12.484,3.46984,0,3.46984,0,2.54433,1,2.92057,1,y1
11,12.5,3.46279,0,3.46279,0,2.53725,1,2.91388,1,y1
11,12.6,3.41927,0,3.41927,0,2.49309,1,2.87227,1,y1
11,12.716,3.36973,0,3.36973,0,2.44215,1,2.82499,1,y1
11,12.7241217478313,3.36625,0,3.36625,0,2.43859,1,2.82177,1,y1
11,12.832,3.31996,0,3.31996,0,2.39176,1,2.77862,1,y1
11,12.948,3.27321,0,3.27321,0,2.3416,1,2.73217,1,y1
11,13,3.25245,0,3.25245,0,2.31918,1,2.71151,1,y1
11,13.006201242706,3.24997,0,3.24997,0,2.31651,1,2.70905,1,y1
11,13.064,3.22676,0,3.22676,0,2.29165,1,2.68619,1,y1
11,13.18,3.17921,0,3.17921,0,2.24182,1,2.64123,1,y1
11,13.2945341233157,3.13425,0,3.13425,0,2.19275,1,2.59659,1,y1
11,13.296,3.13369,0,3.13369,0,2.19213,1,2.596,1,y1
11,13.412,3.08848,0,3.08848,0,2.14233,1,2.55064,1,y1
11,13.5,3.0543,0,3.0543,0,2.10476,1,2.51624,1,y1
11,13.528,3.04377,0,3.04377,0,2.09289,1,2.50521,1,y1
11,13.589259020202,3.02097,0,3.02097,0,2.06685,1,2.48137,1,y1
11,13.644,3.00013,0,3.00013,0,2.0435,1,2.46015,1,y1
11,13.76,2.95599,1,2.95599,1,1.99377,1,2.41515,1,y1
11,13.876,2.91222,1,2.91222,1,1.94412,1,2.37035,1,y1
11,13.8905176371901,2.90664,1,2.90664,1,1.93793,1,2.36473,1,y1
11,13.992,2.86893,1,2.86893,1,1.89462,1,2.32536,1,y1
11,14,2.86598,1,2.86598,1,1.8912,1,2.32226,1,y1
11,14.108,2.82588,1,2.82588,1,1.84509,1,2.28035,1,y1
11,14.1984548195197,2.79239,1,2.79239,1,1.8063,1,2.24528,1,y1
11,14.224,2.78294,1,2.78294,1,1.79525,1,2.23549,1,y1
11,14.34,2.74023,1,2.74023,1,1.74524,1,2.19029,1,y1
11,14.456,2.69766,1,2.69766,1,1.6956,1,2.14516,1,y1
11,14.5,2.68152,1,2.68152,1,1.67673,1,2.12808,1,y1
11,14.513218623487,2.67667,1,2.67667,1,1.67105,1,2.12294,1,y1
11,14.572,2.65514,1,2.65514,1,1.64568,1,2.10001,1,y1
11,14.688,2.61253,1,2.61253,1,1.5956,1,2.0546,1,y1
11,14.804,2.57055,1,2.57055,1,1.54583,1,2.00914,1,y1
11,14.8349603876301,2.55925,1,2.55925,1,1.53241,1,1.99699,1,y1
11,14.92,2.52829,1,2.52829,1,1.49552,1,1.96361,1,y1
11,15,2.49978,1,2.49978,1,1.46106,1,1.93213,1,y1
11,15.036,2.48623,1,2.48623,1,1.44548,1,1.91796,1,y1
11,15.152,2.44348,1,2.44348,1,1.3951,1,1.87228,1,y1
11,15.1638348054925,2.43912,1,2.43912,1,1.38995,1,1.86762,1,y1
11,15.268,2.40109,1,2.40109,1,1.34478,1,1.82665,1,y1
11,15.384,2.35958,1,2.35958,1,1.29432,1,1.78099,1,y1
11,15.5,2.31634,1,2.31634,1,1.24377,1,1.73504,1,y1
12,1,0,1,0,1,0,1,0,1,y1
12,1.02339238252884,0,1,0,1,0,1,0,1,y1
12,1.04733196861806,0,1,0,1,0,1,0,1,y1
12,1.07183155866266,0,1,0,1,0,1,0,1,y1
12,1.09690425248939,0,1,0,1,0,1,0,1,y1
12,1.12256345636113,0,1,0,1,0,1,0,1,y1
12,1.136,0,1,0,1,0,1,0,1,y1
12,1.14882289014523,0,1,0,1,0,1,0,1,y1
12,1.1756965946494,0,1,0,1,0,1,0,1,y1
12,1.2031989391293,0,1,0,1,0,1,0,1,y1
12,1.23134462897171,0,1,0,1,0,1,0,1,y1
12,1.26014871355746,0,1,0,1,0,1,0,1,y1
12,1.272,0,1,0,1,0,1,0,1,y1
12,1.28962659430822,0,1,0,1,0,1,0,1,y1
12,1.31979403292165,0,1,0,1,0,1,0,1,y1
12,1.35066715979904,0,1,0,1,0,1,0,1,y1
12,1.3822624826702,0,1,0,1,0,1,0,1,y1
12,1.408,0,1,0,1,0,1,0,1,y1
12,1.41459689542009,0,1,0,1,0,1,0,1,y1
12,1.44768768712188,0,1,0,1,0,1,0,1,y1
12,1.48155255128133,0,1,0,1,0,1,0,1,y1
12,1.5,0,1,0,1,0,1,0,1,y1
12,1.51620959529748,0,1,0,1,0,1,0,1,y1
12,1.544,0,1,0,1,0,1,0,1,y1
12,1.55167735014459,0,1,0,1,0,1,0,1,y1
12,1.58797478028051,0,1,0,1,0,1,0,1,y1
12,1.62512129378699,0,1,0,1,0,1,0,1,y1
12,1.66313675274702,0,1,0,1,0,1,0,1,y1
12,1.68,0,1,0,1,0,1,0,1,y1
12,1.70204148386506,0,1,0,1,0,1,0,1,y1
12,1.74185628933559,0.610314,1,0.610314,1,0,1,0,1,y1
12,1.782602457966,1.33524,1,1.33524,1,0,1,0,1,y1
12,1.816,1.81686,1,1.81686,1,0,1,0,1,y1
12,1.8243017765596,1.92534,1,1.92534,1,0,1,0,1,y1
12,1.86697654156493,2.42675,1,2.42675,1,0,1,0,1,y1
12,1.9106495709976,2.86224,1,2.86224,1,0,1,0,1,y1
12,1.952,3.21962,0,3.21962,0,0,1,0,1,y1
12,1.95534421664094,3.24657,0,3.24657,0,0,1,0,1,y1
12,2,3.58271,0,3.58271,0,0,1,0,1,y1
12,2.00108437653217,3.59036,0,3.59036,0,0,1,0,1,y1
12,2.0478945077405,3.90091,0,3.90091,0,0,1,0,1,y1
12,2.088,4.14019,0,4.14019,0,0,1,0,1,y1
12,2.09579963944429,4.1842,0,4.1842,0,0,1,0,1,y1
12,2.14482538631398,4.44396,0,4.44396,0,0,1,0,1,y1
12,2.19499796220821,4.68392,0,4.68392,0,0,1,0,1,y1
12,2.224,4.81221,0,4.81221,0,0,1,0,1,y1
12,2.24634419419022,4.9064,0,4.9064,0,0,1,0,1,y1
12,2.29889153687216,5.11372,0,5.11372,0,0,1,0,1,y1
12,2.352668087095,5.30784,0,5.30784,0,0,1,0,1,y1
12,2.36,5.33304,0,5.33304,0,0,1,0,1,y1
12,2.40770259895173,5.49007,0,5.49007,0,0,1,0,1,y1
12,2.4640244991621,5.6618,0,5.6618,0,0,1,0,1,y1
12,2.496,5.75344,0,5.75344,0,0,1,0,1,y1
12,2.5,5.76466,0,5.76466,0,0,1,0,1,y1
12,2.52166390280694,5.82451,0,5.82451,0,0,1,0,1,y1
12,2.58065162943057,5.97916,0,5.97916,0,0,1,0,1,y1
12,2.632,6.10426,0,6.10426,0,0,1,0,1,y1
12,2.6410192195199,6.12537,0,6.12537,0,0,1,0,1,y1
12,2.70279895136894,6.26375,0,6.26375,0,0,1,0,1,y1
12,2.76602385833792,6.3951,0,6.3951,0,0,1,0,1,y1
12,2.768,6.39905,0,6.39905,0,0,1,0,1,y1
12,2.83072774651606,6.51994,0,6.51994,0,0,1,0,1,y1
12,2.89694521279758,6.6387,0,6.6387,0,0,1,0,1,y1
12,2.904,6.65086,0,6.65086,0,0,1,0,1,y1
12,2.96471166338044,6.75177,0,6.75177,0,0,1,0,1,y1
12,3,6.80751,0,6.80751,0,0,1,0,1,y1
12,3.03406333269796,6.85941,0,6.85941,0,0,1,0,1,y1
12,3.04,6.86827,0,6.86827,0,0,1,0,1,y1
12,3.10503730279317,6.96181,0,6.96181,0,0,1,0,1,y1
12,3.176,7.05699,0,7.05699,0,0,1,0,1,y1
12,3.17767152314644,7.05915,0,7.05915,0,0,1,0,1,y1
12,3.25200483096689,7.15148,0,7.15148,0,0,1,0,1,y1
12,3.312,7.22096,0,7.22096,0,0,1,0,1,y1
12,3.32807697195852,7.23883,0,7.23883,0,0,1,0,1,y1
12,3.40592862157201,7.32118,0,7.32118,0,0,1,0,1,y1
12,3.448,7.36281,0,7.36281,0,0,1,0,1,y1
12,3.48560140675375,7.3984,0,7.3984,0,0,1,0,1,y1
12,3.5,7.41163,0,7.41163,0,0,1,0,1,y1
12,3.56713792820361,7.47039,0,7.47039,0,0,1,0,1,y1
12,3.584,7.48441,0,7.48441,0,0,1,0,1,y1
12,3.6505817831533,7.53699,0,7.53699,0,0,1,0,1,y1
12,3.72,7.58714,0,7.58714,0,0,1,0,1,y1
12,3.73597758867765,7.59802,0,7.59802,0,0,1,0,1,y1
12,3.82337100555118,7.65325,0,7.65325,0,0,1,0,1,y1
12,3.856,7.67206,0,7.67206,0,0,1,0,1,y1
12,3.91280876266273,7.70251,0,7.70251,0,0,1,0,1,y1
12,3.992,7.74022,0,7.74022,0,0,1,0,1,y1
12,4,7.74373,0,7.74373,0,0,1,0,1,y1
12,4.00433868200114,7.74561,0,7.74561,0,0,1,0,1,y1
12,4.09800970422556,7.7824,0,7.7824,0,0,1,0,1,y1
12,4.128,7.79268,0,7.79268,0,0,1,0,1,y1
12,4.19387191483372,7.81279,0,7.81279,0,0,1,0,1,y1
12,4.264,7.83063,0,7.83063,0,1.42224,1,0,1,y1
12,4.29197657094248,7.83674,0,7.83674,0,1.90461,1,0,1,y1
12,4.3923761286948,7.8543,0,7.8543,0,3.08402,0,2.09299,1,y1
12,4.4,7.85536,0,7.85536,0,3.15178,0,2.20366,1,y1
12,4.49512427130779,7.86555,0,7.86555,0,3.84843,0,3.25343,0,y1
12,4.5,7.86592,0,7.86592,0,3.87828,0,3.29548,0,y1
12,4.536,7.86827,0,7.86827,0,4.08519,0,3.58187,0,y1
12,4.60027593777691,7.87067,0,7.87067,0,4.40527,0,4.00904,0,y1
12,4.672,7.87078,0,7.87078,0,4.70532,0,4.39435,0,y1
12,4.70788735225163,7.86989,0,7.86989,0,4.83759,0,4.56041,0,y1
12,4.808,7.8643,0,7.8643,0,5.15772,0,4.95386,0,y1
12,4.8180160540982,7.86351,0,7.86351,0,5.18641,0,4.98853,0,y1
12,4.93072092866578,7.85184,0,7.85184,0,5.47427,0,5.33363,0,y1
12,4.944,7.85015,0,7.85015,0,5.50447,0,5.36954,0,y1
12,5,7.84239,0,7.84239,0,5.62431,0,5.5117,0,y1
12,5.0460622387721,7.83524,0,7.83524,0,5.71529,0,5.61835,0,y1
12,5.08,7.82955,0,7.82955,0,5.77837,0,5.69157,0,y1
12,5.16410165692581,7.81407,0,7.81407,0,5.91989,0,5.85565,0,y1
12,5.216,7.80359,0,7.80359,0,5.9973,0,5.94568,0,y1
12,5.28490229830245,7.78871,0,7.78871,0,6.08954,0,6.05339,0,y1
12,5.352,7.77324,0,7.77324,0,6.16864,0,6.14633,0,y1
12,5.40852875449191,7.75952,0,7.75952,0,6.22766,0,6.21619,0,y1
12,5.488,7.73931,0,7.73931,0,6.29969,0,6.30226,0,y1
12,5.5,7.73617,0,7.73617,0,6.30951,0,6.31408,0,y1
12,5.53504712803523,7.72687,0,7.72687,0,6.33666,0,6.34689,0,y1
12,5.624,7.70251,0,7.70251,0,6.39583,0,6.41933,0,y1
12,5.66452506776941,7.69108,0,7.69108,0,6.41841,0,6.44744,0,y1
12,5.76,7.6634,0,7.6634,0,6.46157,0,6.50246,0,y1
12,5.7970318049989,7.65241,0,7.65241,0,6.47475,0,6.51981,0,y1
12,5.896,7.62243,0,7.62243,0,6.50116,0,6.55618,0,y1
12,5.9326381905133,7.61113,0,7.61113,0,6.50791,0,6.56619,0,y1
12,6,7.59013,0,7.59013,0,6.51643,0,6.58012,0,y1
12,6.032,7.58006,0,7.58006,0,6.51884,0,6.58483,0,y1
12,6.07141673247102,7.56758,0,7.56758,0,6.52043,0,6.58908,0,y1
12,6.168,7.53657,0,7.53657,0,6.51847,0,6.59273,0,y1
12,6.213441635169,7.52175,0,7.52175,0,6.51492,0,6.59142,0,y1
12,6.304,7.4916,0,7.4916,0,6.50345,0,6.5837,0,y1
12,6.35878883871952,7.47287,0,7.47287,0,6.49393,0,6.57606,0,y1
12,6.44,7.44416,0,7.44416,0,6.47668,0,6.56108,0,y1
12,6.5,7.42207,0,7.42207,0,6.46176,0,6.54753,0,y1
12,6.50753605965499,7.41923,0,7.41923,0,6.45977,0,6.5457,0,y1
12,6.576,7.39297,0,7.39297,0,6.4405,0,6.52774,0,y1
12,6.65976283248268,7.35972,0,7.35972,0,6.41433,0,6.50284,0,y1
12,6.712,7.33831,0,7.33831,0,6.39671,0,6.48588,0,y1
12,6.81555055221149,7.29419,0,7.29419,0,6.35913,0,6.44934,0,y1
12,6.848,7.27994,0,7.27994,0,6.34669,0,6.43716,0,y1
12,6.97498251787349,7.22226,0,7.22226,0,6.29529,0,6.38657,0,y1
12,6.984,7.21804,0,7.21804,0,6.29149,0,6.38281,0,y1
12,7,7.21052,0,7.21052,0,6.28469,0,6.37609,0,y1
12,7.12,7.15246,0,7.15246,0,6.23186,0,6.32372,0,y1
12,7.13814397706359,7.14342,0,7.14342,0,6.22361,0,6.31552,0,y1
12,7.256,7.08309,0,7.08309,0,6.16839,0,6.26058,0,y1
12,7.30512217152102,7.05709,0,7.05709,0,6.1446,0,6.23687,0,y1
12,7.392,7.00986,0,7.00986,0,6.10148,0,6.19386,0,y1
12,7.47600638377717,6.96266,0,6.96266,0,6.05856,0,6.15101,0,y1
12,7.5,6.94891,0,6.94891,0,6.0461,0,6.13856,0,y1
12,7.528,6.93271,0,6.93271,0,6.03143,0,6.12391,0,y1
12,7.65088798489457,6.8596,0,6.8596,0,5.96561,0,6.05813,0,y1
12,7.664,6.8516,0,6.8516,0,5.95845,0,6.05097,0,y1
12,7.8,6.76649,0,6.76649,0,5.88272,0,5.97523,0,y1
12,7.82986048332255,6.74726,0,6.74726,0,5.86572,0,5.95824,0,y1
12,7.936,6.67735,0,6.67735,0,5.80431,0,5.8968,0,y1
12,8,6.63401,0,6.63401,0,5.76652,0,5.85899,0,y1
12,8.01301957489591,6.62509,0,6.62509,0,5.75877,0,5.85123,0,y1
12,8.072,6.58421,0,6.58421,0,5.72335,0,5.81578,0,y1
12,8.20046319400299,6.49263,0,6.49263,0,5.6446,0,5.73695,0,y1
12,8.208,6.48715,0,6.48715,0,5.6399,0,5.73225,0,y1
12,8.344,6.38629,0,6.38629,0,5.55399,0,5.6463,0,y1
12,8.39229156595081,6.34958,0,6.34958,0,5.52292,0,5.6152,0,y1
12,8.48,6.28179,0,6.28179,0,5.46574,0,5.55797,0,y1
12,8.5,6.26613,0,6.26613,0,5.45257,0,5.54479,0,y1
12,8.58860726055512,6.19591,0,6.19591,0,5.39358,0,5.48579,0,y1
12,8.616,6.17392,0,6.17392,0,5.37514,0,5.46736,0,y1
12,8.752,6.06307,0,6.06307,0,5.28232,0,5.37455,0,y1
12,8.78951524698403,6.03203,0,6.03203,0,5.25635,0,5.34857,0,y1
12,8.888,5.94975,0,5.94975,0,5.18741,0,5.27963,0,y1
12,8.99512294988458,5.85921,0,5.85921,0,5.11114,0,5.20345,0,y1
12,9,5.85506,0,5.85506,0,5.10764,0,5.19995,0,y1
12,9.024,5.83464,0,5.83464,0,5.09037,0,5.18272,0,y1
12,9.16,5.71846,0,5.71846,0,4.99158,0,5.08396,0,y1
12,9.20554030682226,5.67937,0,5.67937,0,4.95813,0,5.05053,0,y1
12,9.296,5.60181,0,5.60181,0,4.89107,0,4.98355,0,y1
12,9.42087982706414,5.49518,0,5.49518,0,4.79736,0,4.88986,0,y1
12,9.432,5.48571,0,5.48571,0,4.78898,0,4.88146,0,y1
12,9.5,5.42784,0,5.42784,0,4.73767,0,4.82985,0,y1
12,9.568,5.36989,0,5.36989,0,4.68612,0,4.7779,0,y1
12,9.64125665173709,5.3073,0,5.3073,0,4.63014,0,4.72162,0,y1
12,9.704,5.25362,0,5.25362,0,4.58186,0,4.67319,0,y1
12,9.84,5.13754,0,5.13754,0,4.47758,0,4.56772,0,y1
12,9.86678861539328,5.11478,0,5.11478,0,4.45719,0,4.5469,0,y1
12,9.976,5.02265,0,5.02265,0,4.37377,0,4.46191,0,y1
12,10,5.00255,0,5.00255,0,4.35518,0,4.44324,0,y1
12,10.0975963090158,4.92161,0,4.92161,0,4.2799,0,4.36742,0,y1
12,10.112,4.90978,0,4.90978,0,4.269,0,4.35625,0,y1
12,10.248,4.79971,0,4.79971,0,4.16717,0,4.25122,0,y1
12,10.3338031444981,4.73192,0,4.73192,0,4.10264,0,4.18555,0,y1
12,10.384,4.69292,0,4.69292,0,4.06553,0,4.14743,0,y1
12,10.5,4.60458,0,4.60458,0,3.9816,0,4.06034,0,y1
12,10.52,4.58964,0,4.58964,0,3.96737,0,4.04549,0,y1
12,10.575535420632,4.54853,0,4.54853,0,3.9281,0,4.00453,0,y1
12,10.656,4.4901,0,4.4901,0,3.87167,0,3.94603,0,y1
12,10.792,4.39422,0,4.39422,0,3.77957,0,3.84958,0,y1
12,10.8229223906388,4.37296,0,4.37296,0,3.75925,0,3.82816,0,y1
12,10.928,4.30215,0,4.30215,0,3.69172,0,3.75685,0,y1
12,11,4.25477,0,4.25477,0,3.64684,0,3.70942,0,y1
12,11.064,4.21359,0,4.21359,0,3.60804,0,3.66839,0,y1
12,11.0760963312806,4.20591,0,4.20591,0,3.60084,0,3.66076,0,y1
12,11.2,4.12871,0,4.12871,0,3.52947,0,3.58467,0,y1
12,11.3351926135882,4.04758,0,4.04758,0,3.45625,0,3.50609,0,y1
12,11.336,4.04711,0,4.04711,0,3.45583,0,3.50563,0,y1
12,11.472,3.96933,0,3.96933,0,3.38667,0,3.43195,0,y1
12,11.5,3.95356,0,3.95356,0,3.37332,0,3.41763,0,y1
12,11.6003497752434,3.89846,0,3.89846,0,3.32741,0,3.36843,0,y1
12,11.608,3.89437,0,3.89437,0,3.32401,0,3.36479,0,y1
12,11.744,3.82228,0,3.82228,0,3.2658,0,3.30178,0,y1
12,11.8717095946543,3.75537,0,3.75537,0,3.2155,0,3.24572,0,y1
12,11.88,3.75113,0,3.75113,0,3.21237,0,3.24226,0,y1
12,12,3.69084,0,3.69084,0,3.16906,0,3.19601,0,y1
12,12.016,3.68291,0,3.68291,0,3.16355,0,3.19028,0,y1
12,12.1494171667638,3.61758,0,3.61758,0,3.11987,0,3.14382,0,y1
12,12.152,3.61633,0,3.61633,0,3.11906,0,3.14294,0,y1
12,12.288,3.55256,0,3.55256,0,3.07881,0,3.09864,0,y1
12,12.424,3.49258,0,3.49258,0,3.04205,0,3.05896,0,y1
12,12.4336209806312,3.48838,0,3.48838,0,3.03958,0,3.0563,0,y1
12,12.5,3.45945,0,3.45945,0,3.02308,0,3.03839,0,y1
12,12.56,3.43315,0,3.43315,0,3.00857,0,3.02282,0,y1
12,12.696,3.37424,0,3.37424,0,2.97807,1,2.98972,1,y1
12,12.7244729988288,3.36216,0,3.36216,0,2.972,1,2.98326,1,y1
12,12.832,3.31687,0,3.31687,0,2.95015,1,2.96019,1,y1
12,12.968,3.26139,0,3.26139,0,2.92482,1,2.93316,1,y1
12,13,3.24861,0,3.24861,0,2.91908,1,2.9271,1,y1
12,13.0221287386953,3.23974,0,3.23974,0,2.91521,1,2.92298,1,y1
12,13.104,3.2063,0,3.2063,0,2.90162,1,2.90822,1,y1
12,13.24,3.1516,0,3.1516,0,2.87996,1,2.88578,1,y1
12,13.3267473554907,3.11776,0,3.11776,0,2.8673,1,2.87236,1,y1
12,13.376,3.09848,0,3.09848,0,2.86024,1,2.8648,1,y1
12,13.5,3.05053,0,3.05053,0,2.84325,1,2.84562,1,y1
12,13.512,3.04592,0,3.04592,0,2.84168,1,2.84381,1,y1
12,13.6384917274956,2.99707,1,2.99707,1,2.82565,1,2.82751,1,y1
12,13.648,2.99351,1,2.99351,1,2.82446,1,2.82643,1,y1
12,13.784,2.94276,1,2.94276,1,2.80809,1,2.81072,1,y1
12,13.92,2.89165,1,2.89165,1,2.79226,1,2.79532,1,y1
12,13.9575285431017,2.87759,1,2.87759,1,2.78789,1,2.79128,1,y1
12,14,2.86157,1,2.86157,1,2.78358,1,2.78682,1,y1
12,14.056,2.84028,1,2.84028,1,2.77814,1,2.78108,1,y1
12,14.192,2.79054,1,2.79054,1,2.76365,1,2.76719,1,y1
12,14.2840283899392,2.75661,1,2.75661,1,2.75526,1,2.75772,1,y1
12,14.328,2.74036,1,2.74036,1,2.74992,1,2.75336,1,y1
12,14.464,2.6906,1,2.6906,1,2.73716,1,2.74166,1,y1
12,14.5,2.67725,1,2.67725,1,2.7332,1,2.73841,1,y1
12,14.6,2.64054,1,2.64054,1,2.72294,1,2.72725,1,y1
12,14.6181658460895,2.63391,1,2.63391,1,2.72121,1,2.72523,1,y1
12,14.736,2.59113,1,2.59113,1,2.70985,1,2.71342,1,y1
12,14.872,2.54177,1,2.54177,1,2.69698,1,2.70238,1,y1
12,14.9601195734313,2.50951,1,2.50951,1,2.68866,1,2.6944,1,y1
12,15,2.49476,1,2.49476,1,2.68491,1,2.69028,1,y1
12,15.008,2.49181,1,2.49181,1,2.68416,1,2.68945,1,y1
12,15.144,2.44224,1,2.44224,1,2.67136,1,2.67622,1,y1
12,15.28,2.39257,1,2.39257,1,2.65787,1,2.66417,1,y1
12,15.3100724131702,2.38168,1,2.38168,1,2.65499,1,2.66136,1,y1
12,15.416,2.34334,1,2.34334,1,2.64517,1,2.65096,1,y1
12,15.5,2.3129,1,2.3129,1,2.63735,1,2.64428,1,y1
12,15.552,2.294,1,2.294,1,2.63248,1,2.64049,1,y1
12,15.6682114836034,2.25166,1,2.25166,1,2.62091,1,2.63107,1,y1
12,15.688,2.24445,1,2.24445,1,2.61917,1,2.62934,1,y1
12,15.824,2.1949,1,2.1949,1,2.60644,1,2.61706,1,y1
12,15.96,2.14538,1,2.14538,1,2.59322,1,2.60525,1,y1
12,16,2.13082,1,2.13082,1,2.58931,1,2.60165,1,y1
12,16.0347282801707,2.11817,1,2.11817,1,2.58591,1,2.59854,1,y1
12,16.096,2.09581,1,2.09581,1,2.57986,1,2.59332,1,y1
12,16.232,2.0459,1,2.0459,1,2.5665,1,2.57995,1,y1
12,16.368,1.9958,1,1.9958,1,2.55277,1,2.56547,1,y1
12,16.4098187778465,1.98049,1,1.98049,1,2.54853,1,2.56122,1,y1
12,16.5,1.94739,1,1.94739,1,2.53935,1,2.55245,1,y1
12,16.504,1.94592,1,1.94592,1,2.53894,1,2.55208,1,y1
12,16.64,1.89585,1,1.89585,1,2.52497,1,2.53942,1,y1
12,16.776,1.84589,1,1.84589,1,2.51106,1,2.52716,1,y1
12,16.7936835359269,1.83936,1,1.83936,1,2.50919,1,2.5254,1,y1
12,16.912,1.79568,1,1.79568,1,2.49671,1,2.51233,1,y1
12,17,1.76312,1,1.76312,1,2.48734,1,2.50313,1,y1
12,17.048,1.74535,1,1.74535,1,2.4822,1,2.49846,1,y1
12,17.184,1.69491,1,1.69491,1,2.46757,1,2.48538,1,y1
12,17.1865278052676,1.69397,1,1.69397,1,2.4673,1,2.48512,1,y1
12,17.32,1.64418,1,1.64418,1,2.4528,1,2.47056,1,y1
12,17.456,1.59371,1,1.59371,1,2.43786,1,2.45543,1,y1
12,17.5,1.57732,1,1.57732,1,2.433,1,2.45174,1,y1
12,17.588561638031,1.54436,1,1.54436,1,2.42316,1,2.44379,1,y1
12,17.592,1.54309,1,1.54309,1,2.42278,1,2.44345,1,y1
12,17.728,1.49213,1,1.49213,1,2.40754,1,2.42827,1,y1
12,17.864,1.44089,1,1.44089,1,2.39219,1,2.41405,1,y1
12,18,1.38986,1,1.38986,1,2.37672,1,2.39874,1,y1
13,1,0,1,0,1,1.9579,1,2.03394,1,y1
13,1.02361672632689,0,1,0,1,2.03035,1,2.10896,1,y1
13,1.04779120241618,0,1,0,1,2.10392,1,2.1851,1,y1
13,1.07253660049137,0,1,0,1,2.17866,1,2.26242,1,y1
13,1.09786640386075,0,1,0,1,2.2545,1,2.34082,1,y1
13,1.12379441426421,0,1,0,1,2.3314,1,2.42031,1,y1
13,1.14,0,1,0,1,2.37914,1,2.46963,1,y1
13,1.15033475939358,0,1,0,1,2.40945,1,2.50093,1,y1
13,1.17750190059049,0,1,0,1,2.48858,1,2.58263,1,y1
13,1.20531064072613,0,1,0,1,2.56878,1,2.66541,1,y1
13,1.23377613226705,0,1,0,1,2.65008,1,2.74928,1,y1
13,1.26291388553145,0,1,0,1,2.73249,1,2.83427,1,y1
13,1.28,0,1,0,1,2.7804,1,2.88367,1,y1
13,1.29273977714047,0,1,0,1,2.81594,1,2.9203,1,y1
13,1.32327005866909,0,1,0,1,2.90053,1,3.00744,0,y1
13,1.35452136550124,0,1,0,1,2.98628,1,3.09577,0,y1
13,1.38651072589421,0,1,0,1,3.07291,0,3.18502,0,y1
13,1.41925557025695,0,1,0,1,3.16066,0,3.27533,0,y1
13,1.42,0,1,0,1,3.16264,0,3.27737,0,y1
13,1.45277374064763,0,1,0,1,3.24954,0,3.36673,0,y1
13,1.4870835004954,0,1,0,1,3.33948,0,3.45913,0,y1
13,1.5,0,1,0,1,3.37307,0,3.49361,0,y1
13,1.52220354455183,0,1,0,1,3.43049,0,3.55253,0,y1
13,1.55815300907734,0,1,0,1,3.52255,0,3.647,0,y1
13,1.56,0,1,0,1,3.52725,0,3.65182,0,y1
13,1.59495148226814,0,1,0,1,3.61564,0,3.74256,0,y1
13,1.63261901492953,0,1,0,1,3.70977,0,3.83916,0,y1
13,1.6711761314012,0,1,0,1,3.80493,0,3.93675,0,y1
13,1.7,0,1,0,1,3.87529,0,4.00888,0,y1
13,1.71064384074053,0,1,0,1,3.9011,0,4.03535,0,y1
13,1.75104364817009,0.792493,1,0.792493,1,3.99829,0,4.13498,0,y1
13,1.79239756679536,1.48482,1,1.48482,1,4.09647,0,4.23555,0,y1
13,1.83472812959935,2.05613,1,2.05613,1,4.19564,0,4.33708,0,y1
13,1.84,2.12007,1,2.12007,1,4.2079,0,4.34963,0,y1
13,1.87805840172035,2.54378,1,2.54378,1,4.29578,0,4.43959,0,y1
13,1.92241199301969,2.96869,1,2.96869,1,4.39687,0,4.54301,0,y1
13,1.96781307094637,3.34484,0,3.34484,0,4.49889,0,4.64733,0,y1
13,1.98,3.43741,0,3.43741,0,4.52603,0,4.67508,0,y1
13,2,3.58266,0,3.58266,0,4.57035,0,4.72039,0,y1
13,2.01428637370539,3.68176,0,3.68176,0,4.60184,0,4.75257,0,y1
13,2.06185722373718,3.98684,0,3.98684,0,4.70569,0,4.85868,0,y1
13,2.1105515415153,4.26483,0,4.26483,0,4.81043,0,4.96564,0,y1
13,2.12,4.31536,0,4.31536,0,4.83057,0,4.9862,0,y1
13,2.16039585967007,4.5206,0,4.5206,0,4.91608,0,5.07344,0,y1
13,2.21141733744564,4.75713,0,4.75713,0,5.02257,0,5.18204,0,y1
13,2.26,4.96118,0,4.96118,0,5.12239,0,5.28387,0,y1
13,2.26364377549864,4.97579,0,4.97579,0,5.12982,0,5.29144,0,y1
13,2.31710363104616,5.17982,0,5.17982,0,5.23791,0,5.40159,0,y1
13,2.37182603337162,5.37144,0,5.37144,0,5.34684,0,5.51246,0,y1
13,2.4,5.46376,0,5.46376,0,5.4022,0,5.56881,0,y1
13,2.42784079969675,5.55155,0,5.55155,0,5.45641,0,5.62401,0,y1
13,2.48517845142845,5.72116,0,5.72116,0,5.56668,0,5.73621,0,y1
13,2.5,5.76297,0,5.76297,0,5.59491,0,5.76489,0,y1
13,2.54,5.8715,0,5.8715,0,5.67047,0,5.84163,0,y1
13,2.54387023078932,5.88164,0,5.88164,0,5.67773,0,5.849,0,y1
13,2.603948117841,6.03393,0,6.03393,0,5.78938,0,5.96234,0,y1
13,2.66544484790947,6.17921,0,6.17921,0,5.90152,0,6.07615,0,y1
13,2.68,6.21197,0,6.21197,0,5.92775,0,6.10277,0,y1
13,2.72839392942197,6.31668,0,6.31668,0,6.01421,0,6.19042,0,y1
13,2.79282966216508,6.44689,0,6.44689,0,6.12751,0,6.30504,0,y1
13,2.82,6.49896,0,6.49896,0,6.17455,0,6.35264,0,y1
13,2.85878715597406,6.57057,0,6.57057,0,6.24088,0,6.41988,0,y1
13,2.92630234986353,6.68812,0,6.68812,0,6.35477,0,6.53487,0,y1
13,2.96,6.74366,0,6.74366,0,6.4109,0,6.59127,0,y1
13,2.99541203160999,6.79992,0,6.79992,0,6.46904,0,6.6498,0,y1
13,3,6.80706,0,6.80706,0,6.47649,0,6.65733,0,y1
13,3.0661538577968,6.90625,0,6.90625,0,6.58252,0,6.76446,0,y1
13,3.1,6.95443,0,6.95443,0,6.63617,0,6.81823,0,y1
13,3.13856637433253,7.00732,0,7.00732,0,6.69671,0,6.87862,0,y1
13,3.21268903745392,7.10326,0,7.10326,0,6.81025,0,6.99189,0,y1
13,3.24,7.13679,0,7.13679,0,6.85117,0,7.03266,0,y1
13,3.28856223522488,7.19412,0,7.19412,0,6.92295,0,7.10381,0,y1
13,3.36622730954313,7.27991,0,7.27991,0,7.03494,0,7.21378,0,y1
13,3.38,7.29439,0,7.29439,0,7.05437,0,7.23277,0,y1
13,3.44572657866672,7.36057,0,7.36057,0,7.14439,0,7.32117,0,y1
13,3.5,7.41165,0,7.41165,0,7.21609,0,7.39113,0,y1
13,3.52,7.42968,0,7.42968,0,7.24241,0,7.41618,0,y1
13,3.52710336027238,7.43598,0,7.43598,0,7.25177,0,7.42498,0,y1
13,3.61040199505859,7.50599,0,7.50599,0,7.35656,0,7.52417,0,y1
13,3.66,7.54434,0,7.54434,0,7.41493,0,7.57941,0,y1
13,3.69566787090595,7.57042,0,7.57042,0,7.45565,0,7.61728,0,y1
13,3.78294744760822,7.62904,0,7.62904,0,7.54959,0,7.70278,0,y1
13,3.8,7.63965,0,7.63965,0,7.56686,0,7.71825,0,y1
13,3.8722882821874,7.68164,0,7.68164,0,7.63604,0,7.77904,0,y1
13,3.94,7.71668,0,7.71668,0,7.69505,0,7.82864,0,y1
13,3.96373905480664,7.72801,0,7.72801,0,7.7142,0,7.84428,0,y1
13,4,7.74439,0,7.74439,0,7.74182,0,7.86641,0,y1
13,4.05734959529522,7.76802,0,7.76802,0,7.7815,0,7.89695,0,y1
13,4.08,7.77661,0,7.77661,0,7.79586,0,7.90746,0,y1
13,4.15317091029983,7.80152,0,7.80152,0,7.8368,0,7.93552,0,y1
13,4.22,7.82062,0,7.82062,0,7.86662,0,7.95328,0,y1
13,4.25125521107718,7.8284,0,7.8284,0,7.87811,0,7.95903,0,y1
13,4.35165594194296,7.84871,0,7.84871,0,7.90454,0,7.96679,0,y1
13,4.36,7.85009,0,7.85009,0,7.90602,0,7.96671,0,y1
13,4.45442780939262,7.8625,0,7.8625,0,7.91519,0,7.95853,0,y1
13,4.5,7.86649,0,7.86649,0,7.91486,0,7.94999,0,y1
13,4.55962681190993,7.86989,0,7.86989,0,7.91001,0,7.93458,0,y1
13,4.64,7.87142,0,7.87142,0,7.89589,0,7.90681,0,y1
13,4.66731027047957,7.87119,0,7.87119,0,7.88926,0,7.89568,0,y1
13,4.77753685982017,7.86658,0,7.86658,0,7.85392,0,7.84304,0,y1
13,4.78,7.86642,0,7.86642,0,7.85299,0,7.84174,0,y1
13,4.89036664035518,7.8565,0,7.8565,0,7.80516,0,7.77831,0,y1
13,4.92,7.85308,0,7.85308,0,7.79054,0,7.75982,0,y1
13,5,7.84227,0,7.84227,0,7.74783,0,7.70742,0,y1
13,5.0058610909386,7.84139,0,7.84139,0,7.74453,0,7.70345,0,y1
13,5.06,7.83271,0,7.83271,0,7.71303,0,7.66617,0,y1
13,5.12408314235373,7.82133,0,7.82133,0,7.67368,0,7.6207,0,y1
13,5.2,7.80652,0,7.80652,0,7.6246,0,7.56536,0,y1
13,5.24509721160293,7.79705,0,7.79705,0,7.59441,0,7.532,0,y1
13,5.34,7.77557,0,7.77557,0,7.52887,0,7.46119,0,y1
13,5.36896923700729,7.76867,0,7.76867,0,7.50844,0,7.43951,0,y1
13,5.48,7.74086,0,7.74086,0,7.42901,0,7.35626,0,y1
13,5.49576671413519,7.73675,0,7.73675,0,7.41759,0,7.34447,0,y1
13,5.5,7.73563,0,7.73563,0,7.41452,0,7.3413,0,y1
13,5.62,7.70306,0,7.70306,0,7.32719,0,7.25235,0,y1
13,5.62555873257936,7.7015,0,7.7015,0,7.32316,0,7.24825,0,y1
13,5.75841601360254,7.66329,0,7.66329,0,7.22699,0,7.14999,0,y1
13,5.76,7.66282,0,7.66282,0,7.22584,0,7.14882,0,y1
13,5.89441094867218,7.62239,0,7.62239,0,7.13016,0,7.05269,0,y1
13,5.9,7.62067,0,7.62067,0,7.12623,0,7.0488,0,y1
13,6,7.5896,0,7.5896,0,7.0561,0,6.9791,0,y1
13,6.03361763890519,7.579,0,7.579,0,7.03305,0,6.95584,0,y1
13,6.04,7.57698,0,7.57698,0,7.02873,0,6.95146,0,y1
13,6.17611193544432,7.53336,0,7.53336,0,6.93851,0,6.86239,0,y1
13,6.18,7.5321,0,7.5321,0,6.93594,0,6.85994,0,y1
13,6.32,7.48561,0,7.48561,0,6.84776,0,6.77154,0,y1
13,6.32197148078795,7.48493,0,7.48493,0,6.84655,0,6.7703,0,y1
13,6.46,7.43594,0,7.43594,0,6.76354,0,6.68639,0,y1
13,6.47127575109613,7.43178,0,7.43178,0,6.75702,0,6.67988,0,y1
13,6.5,7.42109,0,7.42109,0,6.74061,0,6.66352,0,y1
13,6.6,7.38271,0,7.38271,0,6.68496,0,6.60876,0,y1
13,6.62410609949561,7.37319,0,7.37319,0,6.67183,0,6.59613,0,y1
13,6.74,7.32572,0,7.32572,0,6.61082,0,6.5383,0,y1
13,6.78054580040769,7.30848,0,7.30848,0,6.59048,0,6.51905,0,y1
13,6.88,7.26483,0,7.26483,0,6.54228,0,6.47397,0,y1
13,6.94068009492287,7.23725,0,7.23725,0,6.514,0,6.44789,0,y1
13,7,7.20957,0,7.20957,0,6.48745,0,6.42339,0,y1
13,7.02,7.20008,0,7.20008,0,6.47873,0,6.41535,0,y1
13,7.10459623724716,7.15904,0,7.15904,0,6.44296,0,6.38252,0,y1
13,7.16,7.13138,0,7.13138,0,6.42046,0,6.36212,0,y1
13,7.27238354224529,7.07333,0,7.07333,0,6.37738,0,6.32339,0,y1
13,7.3,7.05866,0,7.05866,0,6.36731,0,6.31437,0,y1
13,7.44,6.98186,0,6.98186,0,6.31917,0,6.27164,0,y1
13,7.44413343410668,6.97953,0,6.97953,0,6.31782,0,6.27045,0,y1
13,7.5,6.94767,0,6.94767,0,6.30001,0,6.25479,0,y1
13,7.58,6.90091,0,6.90091,0,6.27586,0,6.23369,0,y1
13,7.61993949616083,6.87705,0,6.87705,0,6.26439,0,6.22375,0,y1
13,7.72,6.81578,0,6.81578,0,6.23731,0,6.20048,0,y1
13,7.79989752186913,6.76529,0,6.76529,0,6.21738,0,6.18372,0,y1
13,7.86,6.72637,0,6.72637,0,6.20337,0,6.17225,0,y1
13,7.98410556702091,6.64352,0,6.64352,0,6.17704,0,6.15151,0,y1
13,8,6.63268,0,6.63268,0,6.17391,0,6.1491,0,y1
13,8.14,6.53484,0,6.53484,0,6.14864,0,6.12971,0,y1
13,8.17266400316225,6.51142,0,6.51142,0,6.14335,0,6.12567,0,y1
13,8.28,6.43295,0,6.43295,0,6.12752,0,6.11369,0,y1
13,8.36567557228656,6.36865,0,6.36865,0,6.11656,0,6.10556,0,y1
13,8.42,6.32713,0,6.32713,0,6.11035,0,6.10115,0,y1
13,8.5,6.265,0,6.265,0,6.1022,0,6.09576,0,y1
13,8.56,6.21764,0,6.21764,0,6.0969,0,6.09261,0,y1
13,8.56324544281681,6.21506,0,6.21506,0,6.09663,0,6.09246,0,y1
13,8.7,6.10473,0,6.10473,0,6.0871,0,6.08831,0,y1
13,8.76548126690981,6.0509,0,6.0509,0,6.08371,0,6.08759,0,y1
13,8.84,5.98885,0,5.98885,0,6.08074,0,6.08737,0,y1
13,8.97249323911391,5.87668,0,5.87668,0,6.07776,0,6.08814,0,y1
13,8.98,5.87027,0,5.87027,0,6.07768,0,6.08826,0,y1
13,9,5.85317,0,5.85317,0,6.0775,0,6.08861,0,y1
13,9.12,5.74963,0,5.74963,0,6.07773,0,6.09223,0,y1
13,9.18439415641194,5.69358,0,5.69358,0,6.07877,0,6.09516,0,y1
13,9.26,5.6277,0,5.6277,0,6.08078,0,6.09934,0,y1
13,9.4,5.50557,0,5.50557,0,6.08664,0,6.10925,0,y1
13,9.40129947968222,5.50444,0,5.50444,0,6.08671,0,6.10936,0,y1
13,9.5,5.41897,0,5.41897,0,6.09245,0,6.11838,0,y1
13,9.54,5.38457,0,5.38457,0,6.09514,0,6.12248,0,y1
13,9.62332739661101,5.313,0,5.313,0,6.10137,0,6.13154,0,y1
13,9.68,5.26431,0,5.26431,0,6.10607,0,6.13802,0,y1
13,9.82,5.14311,0,5.14311,0,6.11936,0,6.15517,0,y1
13,9.85059888609085,5.1167,0,5.1167,0,6.12257,0,6.15919,0,y1
13,9.96,5.02341,0,5.02341,0,6.13493,0,6.17434,0,y1
13,10,4.98987,0,4.98987,0,6.13977,0,6.18015,0,y1
13,10.0832377841396,4.92112,0,4.92112,0,6.15037,0,6.1927,0,y1
13,10.1,4.90742,0,4.90742,0,6.15258,0,6.1953,0,y1
13,10.24,4.7947,0,4.7947,0,6.17207,0,6.21824,0,y1
13,10.3213708513766,4.73073,0,4.73073,0,6.1842,0,6.23269,0,y1
13,10.38,4.68552,0,4.68552,0,6.19332,0,6.24343,0,y1
13,10.5,4.59519,0,4.59519,0,6.21293,0,6.26578,0,y1
13,10.52,4.58036,0,4.58036,0,6.21632,0,6.26954,0,y1
13,10.5651278420919,4.54706,0,4.54706,0,6.22408,0,6.27815,0,y1
13,10.66,4.47794,0,4.47794,0,6.24086,0,6.29678,0,y1
13,10.8,4.37964,0,4.37964,0,6.26668,0,6.32552,0,y1
13,10.8146415749472,4.36961,0,4.36961,0,6.26945,0,6.32858,0,y1
13,10.94,4.28591,0,4.28591,0,6.29369,0,6.35499,0,y1
13,11,4.24713,0,4.24713,0,6.30563,0,6.36801,0,y1
13,11.0700480053462,4.20274,0,4.20274,0,6.31984,0,6.38365,0,y1
13,11.08,4.19651,0,4.19651,0,6.32188,0,6.38591,0,y1
13,11.22,4.11064,0,4.11064,0,6.35108,0,6.41737,0,y1
13,11.331486299514,4.04353,0,4.04353,0,6.37395,0,6.44021,0,y1
13,11.36,4.02673,0,4.02673,0,6.37923,0,6.4454,0,y1
13,11.5,3.94771,0,3.94771,0,6.39753,0,6.46482,0,y1
13,11.5,3.94771,0,3.94771,0,6.39753,0,6.46482,0,y1
13,11.5990989103265,3.89481,0,3.89481,0,6.40278,0,6.47147,0,y1
13,11.64,3.87276,0,3.87276,0,6.40346,0,6.47245,0,y1
13,11.78,3.79867,0,3.79867,0,6.39996,0,6.47073,0,y1
13,11.8730316549302,3.75135,0,3.75135,0,6.39273,0,6.46542,0,y1
13,11.92,3.72823,0,3.72823,0,6.38762,0,6.46141,0,y1
13,12,3.68965,0,3.68965,0,6.37668,0,6.45245,0,y1
13,12.06,3.66051,0,3.66051,0,6.36664,0,6.44389,0,y1
13,12.1534337941952,3.6157,0,3.6157,0,6.34789,0,6.42773,0,y1
13,12.2,3.59369,0,3.59369,0,6.33714,0,6.41841,0,y1
13,12.34,3.52846,0,3.52846,0,6.29927,0,6.38497,0,y1
13,12.4404581140447,3.48417,0,3.48417,0,6.26719,0,6.35649,0,y1
13,12.48,3.46686,0,3.46686,0,6.25348,0,6.34414,0,y1
13,12.5,3.45806,0,3.45806,0,6.24631,0,6.33765,0,y1
13,12.62,3.40536,0,3.40536,0,6.20016,0,6.29579,0,y1
13,12.7342610087053,3.35719,0,3.35719,0,6.15133,0,6.25138,0,y1
13,12.76,3.34671,0,3.34671,0,6.13971,0,6.24078,0,y1
13,12.9,3.28935,0,3.28935,0,6.07181,0,6.17919,0,y1
13,13,3.248,0,3.248,0,6.01874,0,6.13119,0,y1
13,13.0350025659231,3.23402,0,3.23402,0,5.99969,0,6.11365,0,y1
13,13.04,3.23204,0,3.23204,0,5.99694,0,6.11111,0,y1
13,13.18,3.17704,0,3.17704,0,5.91626,0,6.03681,0,y1
13,13.32,3.12096,0,3.12096,0,5.8289,0,5.95625,0,y1
13,13.3428466541928,3.11214,0,3.11214,0,5.81412,0,5.94255,0,y1
13,13.46,3.06761,0,3.06761,0,5.73583,0,5.87021,0,y1
13,13.5,3.05213,0,3.05213,0,5.7081,0,5.84475,0,y1
13,13.6,3.01362,0,3.01362,0,5.63657,0,5.77941,0,y1
13,13.6579610120465,2.99186,1,2.99186,1,5.59386,0,5.74034,0,y1
13,13.74,2.96086,1,2.96086,1,5.53172,0,5.68344,0,y1
13,13.88,2.90831,1,2.90831,1,5.42321,0,5.5821,0,y1
13,13.9805173394514,2.87086,1,2.87086,1,5.34216,0,5.50664,0,y1
13,14,2.8636,1,2.8636,1,5.3259,0,5.49176,0,y1
13,14.02,2.85616,1,2.85616,1,5.3091,0,5.47641,0,y1
13,14.16,2.80436,1,2.80436,1,5.18958,0,5.36603,0,y1
13,14.3,2.75279,1,2.75279,1,5.06599,0,5.25128,0,y1
13,14.3106913913656,2.74887,1,2.74887,1,5.05635,0,5.24234,0,y1
13,14.44,2.7019,1,2.7019,1,4.93846,0,5.13229,0,y1
13,14.5,2.67949,1,2.67949,1,4.88293,0,5.08005,0,y1
13,14.58,2.65012,1,2.65012,1,4.8069,0,5.00918,0,y1
13,14.648663073504,2.62517,1,2.62517,1,4.74035,0,4.94745,0,y1
13,14.72,2.59882,1,2.59882,1,4.67044,0,4.88225,0,y1
13,14.86,2.54816,1,2.54816,1,4.53077,0,4.75167,0,y1
13,14.9946165403658,2.49914,1,2.49914,1,4.39258,0,4.62246,0,y1
13,15,2.49714,1,2.49714,1,4.38698,0,4.61722,0,y1
13,15,2.49714,1,2.49714,1,4.38698,0,4.61722,0,y1
13,15.14,2.44638,1,2.44638,1,4.23956,0,4.48079,0,y1
13,15.28,2.39587,1,2.39587,1,4.08847,0,4.3408,0,y1
13,15.3487402955763,2.3708,1,2.3708,1,4.01333,0,4.2708,0,y1
13,15.42,2.3449,1,2.3449,1,3.93514,0,4.19748,0,y1
13,15.5,2.31612,1,2.31612,1,3.8461,0,4.11421,0,y1
13,15.56,2.29425,1,2.29425,1,3.77842,0,4.05112,0,y1
13,15.7,2.24291,1,2.24291,1,3.6187,0,3.90187,0,y1
13,15.7112272945994,2.2388,1,2.2388,1,3.60578,0,3.88978,0,y1
13,15.84,2.19181,1,2.19181,1,3.45593,0,3.74977,0,y1
13,15.98,2.14067,1,2.14067,1,3.29015,0,3.59433,0,y1
13,16,2.13335,1,2.13335,1,3.26622,0,3.57182,0,y1
13,16.0822750498756,2.10327,1,2.10327,1,3.16713,0,3.47924,0,y1
13,16.12,2.08945,1,2.08945,1,3.12151,0,3.43688,0,y1
13,16.26,2.03818,1,2.03818,1,2.95033,1,3.27727,0,y1
13,16.4,1.98703,1,1.98703,1,2.77652,1,3.11428,0,y1
13,16.4620857384423,1.96431,1,1.96431,1,2.69863,1,3.04121,0,y1
13,16.5,1.95042,1,1.95042,1,2.65081,1,2.99642,1,y1
13,16.54,1.93576,1,1.93576,1,2.60025,1,2.94903,1,y1
13,16.68,1.88394,1,1.88394,1,2.42174,1,2.78152,1,y1
13,16.82,1.83202,1,1.83202,1,2.24071,1,2.61181,1,y1
13,16.8508663120969,1.82055,1,1.82055,1,2.20044,1,2.57412,1,y1
13,16.96,1.78018,1,1.78018,1,2.05737,1,2.43996,1,y1
13,17,1.76543,1,1.76543,1,2.00458,1,2.39048,1,y1
13,17.1,1.72848,1,1.72848,1,1.87197,1,2.26578,1,y1
13,17.24,1.67631,1,1.67631,1,1.6846,1,2.0896,1,y1
13,17.2488286101607,1.67302,1,1.67302,1,1.6727,1,2.07842,1,y1
13,17.38,1.62425,1,1.62425,1,1.49489,1,1.91142,1,y1
13,17.5,1.5794,1,1.5794,1,1.33072,1,1.75734,1,y1
13,17.52,1.57199,1,1.57199,1,1.3032,1,1.73152,1,y1
13,17.6561894749063,1.52124,1,1.52124,1,1.11507,1,1.55427,1,y1
13,17.66,1.51979,1,1.51979,1,1.10978,1,1.54929,1,y1
13,17.8,1.46736,1,1.46736,1,0.914572,1,1.36566,1,y1
13,17.94,1.41461,1,1.41461,1,0.717446,1,1.18038,1,y1
13,18,1.39205,1,1.39205,1,0.632329,1,1.1002,1,y1
13,18.0731708697109,1.36457,1,1.36457,1,0.5281,1,1.00182,1,y1
13,18.08,1.362,1,1.362,1,0.518343,1,0.992669,1,y1
13,18.22,1.30915,1,1.30915,1,0.317614,1,0.803998,1,y1
13,18.36,1.25635,1,1.25635,1,0.11514,1,0.613289,1,y1
13,18.5,1.20331,1,1.20331,1,0,1,0.421315,1,y1
14,1,0,1,0,1,0,1,0,1,y1
14,1.02316176962892,0,1,0,1,0,1,0,1,y1
14,1.04686000683017,0,1,0,1,0,1,0,1,y1
14,1.0711071371421,0,1,0,1,0,1,0,1,y1
14,1.09591587390047,0,1,0,1,0,1,0,1,y1
14,1.12129922490442,0,1,0,1,0,1,0,1,y1
14,1.132,0,1,0,1,0,1,0,1,y1
14,1.14727049923674,0,1,0,1,0,1,0,1,y1
14,1.17384331424211,0,1,0,1,0,1,0,1,y1
14,1.20103160266703,0,1,0,1,0,1,0,1,y1
14,1.22884961996505,0,1,0,1,0,1,0,1,y1
14,1.25731195177126,0,1,0,1,0,1,0,1,y1
14,1.264,0,1,0,1,0,1,0,1,y1
14,1.28643352154987,0,1,0,1,0,1,0,1,y1
14,1.31622959841892,0,1,0,1,0,1,0,1,y1
14,1.34671580515626,0,1,0,1,0,1,0,1,y1
14,1.37790812639091,0,1,0,1,0,1,0,1,y1
14,1.396,0,1,0,1,0,1,0,1,y1
14,1.40982291698419,0,1,0,1,0,1,0,1,y1
14,1.44247691060494,0,1,0,1,0,1,0,1,y1
14,1.4758872285034,0,1,0,1,0,1,0,1,y1
14,1.5,0,1,0,1,0,1,0,1,y1
14,1.51007138848825,0,1,0,1,0,1,0,1,y1
14,1.528,0,1,0,1,0,1,0,1,y1
14,1.54504731411164,0,1,0,1,0,1,0,1,y1
14,1.58083334406686,0,1,0,1,0,1,0,1,y1
14,1.61744824180385,0,1,0,1,0,1,0,1,y1
14,1.6549112053672,0,1,0,1,0,1,0,1,y1
14,1.66,0,1,0,1,0,1,0,1,y1
14,1.69324187746223,0,1,0,1,0,1,0,1,y1
14,1.73246035575404,0.405683,1,0.405683,1,0.282082,1,0,1,y1
14,1.77258720340524,1.1741,1,1.1741,1,1.79589,1,0.171114,1,y1
14,1.792,1.4789,1,1.4789,1,2.3123,1,1.0096,1,y1
14,1.81364345985768,1.78539,1,1.78539,1,2.79357,1,1.71977,1,y1
14,1.85565065186389,2.30198,1,2.30198,1,3.54109,0,2.73028,1,y1
14,1.89863080477411,2.74892,1,2.74892,1,4.13553,0,3.48383,0,y1
14,1.924,2.98277,1,2.98277,1,4.4312,0,3.84553,0,y1
14,1.94260645408465,3.14248,0,3.14248,0,4.62752,0,4.08119,0,y1
14,1.9876006572538,3.49355,0,3.49355,0,5.04503,0,4.57297,0,y1
14,2,3.58266,0,3.58266,0,5.14833,0,4.69291,0,y1
14,2.03363700579139,3.81027,0,3.81027,0,5.40793,0,4.99161,0,y1
14,2.056,3.95118,0,3.95118,0,5.5658,0,5.17149,0,y1
14,2.08073963762837,4.09844,0,4.09844,0,5.72871,0,5.35572,0,y1
14,2.12893324977287,4.36225,0,4.36225,0,6.01579,0,5.67717,0,y1
14,2.17824311125945,4.60621,0,4.60621,0,6.27522,0,5.96449,0,y1
14,2.188,4.6517,0,4.6517,0,6.32304,0,6.01716,0,y1
14,2.22869507639821,4.83176,0,4.83176,0,6.5115,0,6.22393,0,y1
14,2.28031559833084,5.04148,0,5.04148,0,6.72801,0,6.46007,0,y1
14,2.32,5.19037,0,5.19037,0,6.8797,0,6.62472,0,y1
14,2.33313174290061,5.23764,0,5.23764,0,6.92736,0,6.67635,0,y1
14,2.38717120284358,5.4222,0,5.4222,0,7.11157,0,6.87544,0,y1
14,2.44246231230862,5.59624,0,5.59624,0,7.2822,0,7.0594,0,y1
14,2.452,5.62481,0,5.62481,0,7.30997,0,7.08933,0,y1
14,2.49903406171362,5.76027,0,5.76027,0,7.4403,0,7.22982,0,y1
14,2.5,5.76297,0,5.76297,0,7.44287,0,7.23259,0,y1
14,2.55691611294585,5.91546,0,5.91546,0,7.58666,0,7.38789,0,y1
14,2.584,5.98442,0,5.98442,0,7.65023,0,7.45674,0,y1
14,2.61613881491436,6.06362,0,6.06362,0,7.72184,0,7.53452,0,y1
14,2.67673321946267,6.20467,0,6.20467,0,7.84628,0,7.6703,0,y1
14,2.716,6.29046,0,6.29046,0,7.91991,0,7.7512,0,y1
14,2.73873109764993,6.33825,0,6.33825,0,7.96013,0,7.79563,0,y1
14,2.80216495640924,6.46494,0,6.46494,0,8.06337,0,7.91064,0,y1
14,2.848,6.55088,0,6.55088,0,8.13002,0,7.98588,0,y1
14,2.86706805559181,6.58538,0,6.58538,0,8.15585,0,8.0153,0,y1
14,2.93347442540585,6.70008,0,6.70008,0,8.23757,0,8.10944,0,y1
14,2.98,6.77569,0,6.77569,0,8.28754,0,8.1681,0,y1
14,3,6.80706,0,6.80706,0,8.30725,0,8.19157,0,y1
14,3.00141888425942,6.80926,0,6.80926,0,8.3086,0,8.19319,0,y1
14,3.07093705701651,6.91319,0,6.91319,0,8.36886,0,8.26652,0,y1
14,3.112,6.97113,0,6.97113,0,8.39892,0,8.30417,0,y1
14,3.14206539367602,7.01203,0,7.01203,0,8.41845,0,8.3292,0,y1
14,3.21484118848333,7.10594,0,7.10594,0,8.45756,0,8.38135,0,y1
14,3.244,7.14162,0,7.14162,0,8.47031,0,8.39898,0,y1
14,3.28930259948453,7.19498,0,7.19498,0,8.48703,0,8.4229,0,y1
14,3.36548866853358,7.2791,0,7.2791,0,8.5073,0,8.45481,0,y1
14,3.376,7.29018,0,7.29018,0,8.50938,0,8.45845,0,y1
14,3.44343934176288,7.35828,0,7.35828,0,8.51917,0,8.47747,0,y1
14,3.5,7.41156,0,7.41156,0,8.52315,0,8.48817,0,y1
14,3.508,7.41881,0,7.41881,0,8.52343,0,8.48935,0,y1
14,3.52319549052794,7.43241,0,7.43241,0,8.52379,0,8.49136,0,y1
14,3.60479893283718,7.50134,0,7.50134,0,8.52201,0,8.49765,0,y1
14,3.64,7.52898,0,7.52898,0,8.51955,0,8.49824,0,y1
14,3.68829245527811,7.56489,0,7.56489,0,8.51474,0,8.49719,0,y1
14,3.772,7.62178,0,7.62178,0,8.50283,0,8.49091,0,y1
14,3.77371983545133,7.62288,0,7.62288,0,8.50254,0,8.49073,0,y1
14,3.86112586492412,7.67511,0,7.67511,0,8.48582,0,8.47894,0,y1
14,3.904,7.69818,0,7.69818,0,8.47625,0,8.47153,0,y1
14,3.95055637271574,7.72139,0,7.72139,0,8.46496,0,8.46241,0,y1
14,4,7.74397,0,7.74397,0,8.45204,0,8.45163,0,y1
14,4.036,7.7591,0,7.7591,0,8.44208,0,8.44314,0,y1
14,4.04205824932663,7.76154,0,7.76154,0,8.44036,0,8.44166,0,y1
14,4.13567947132419,7.79546,0,7.79546,0,8.41231,0,8.4171,0,y1
14,4.168,7.80555,0,7.80555,0,8.40203,0,8.40795,0,y1
14,4.23146912649803,7.82305,0,7.82305,0,8.38105,0,8.38908,0,y1
14,4.3,7.83863,0,7.83863,0,8.35729,0,8.36749,0,y1
14,4.32947743959785,7.84431,0,7.84431,0,8.34674,0,8.35784,0,y1
14,4.4297557986674,7.85928,0,7.85928,0,8.30949,0,8.32358,0,y1
14,4.432,7.85954,0,7.85954,0,8.30864,0,8.32279,0,y1
14,4.5,7.86598,0,7.86598,0,8.28222,0,8.29835,0,y1
14,4.53235678198848,7.86809,0,7.86809,0,8.26934,0,8.28641,0,y1
14,4.564,7.86957,0,7.86957,0,8.25657,0,8.27455,0,y1
14,4.63733418564895,7.87092,0,7.87092,0,8.2263,0,8.24638,0,y1
14,4.696,7.87002,0,7.87002,0,8.20142,0,8.2232,0,y1
14,4.74474305174925,7.86804,0,7.86804,0,8.18031,0,8.20352,0,y1
14,4.828,7.86225,0,7.86225,0,8.14335,0,8.16904,0,y1
14,4.85463969726226,7.85979,0,7.85979,0,8.13129,0,8.15778,0,y1
14,4.96,7.84751,0,7.84751,0,8.08246,0,8.11222,0,y1
14,4.96708174356163,7.84655,0,7.84655,0,8.07911,0,8.1091,0,y1
14,5,7.84183,0,7.84183,0,8.06345,0,8.09449,0,y1
14,5.082128146634,7.82851,0,7.82851,0,8.02363,0,8.05736,0,y1
14,5.092,7.82677,0,7.82677,0,8.01877,0,8.05283,0,y1
14,5.19983922799096,7.806,0,7.806,0,7.96466,0,8.00243,0,y1
14,5.224,7.80096,0,7.80096,0,7.95228,0,7.9909,0,y1
14,5.32027670629708,7.77963,0,7.77963,0,7.90199,0,7.94414,0,y1
14,5.356,7.77123,0,7.77123,0,7.88295,0,7.92644,0,y1
14,5.44350372973042,7.74966,0,7.74966,0,7.8354,0,7.8823,0,y1
14,5.488,7.73819,0,7.73819,0,7.81072,0,7.85942,0,y1
14,5.5,7.73504,0,7.73504,0,7.80401,0,7.8532,0,y1
14,5.56958490909258,7.71638,0,7.71638,0,7.76461,0,7.8167,0,y1
14,5.62,7.70244,0,7.70244,0,7.73554,0,7.7898,0,y1
14,5.69858635168566,7.68009,0,7.68009,0,7.68935,0,7.74711,0,y1
14,5.752,7.66452,0,7.66452,0,7.65733,0,7.71754,0,y1
14,5.83057569597389,7.64114,0,7.64114,0,7.6093,0,7.67325,0,y1
14,5.884,7.62494,0,7.62494,0,7.57601,0,7.64259,0,y1
14,5.96562214704798,7.59975,0,7.59975,0,7.52415,0,7.59487,0,y1
14,6,7.58899,0,7.58899,0,7.50194,0,7.57445,0,y1
14,6.016,7.58395,0,7.58395,0,7.49152,0,7.56488,0,y1
14,6.10379651291106,7.55607,0,7.55607,0,7.43354,0,7.51165,0,y1
14,6.148,7.54187,0,7.54187,0,7.4038,0,7.48438,0,y1
14,6.24517124160489,7.51016,0,7.51016,0,7.33712,0,7.4233,0,y1
14,6.28,7.49857,0,7.49857,0,7.31278,0,7.40103,0,y1
14,6.38982045919606,7.46079,0,7.46079,0,7.23451,0,7.32949,0,y1
14,6.412,7.45289,0,7.45289,0,7.21842,0,7.3148,0,y1
14,6.5,7.4206,0,7.4206,0,7.15366,0,7.2557,0,y1
14,6.53782000864209,7.40628,0,7.40628,0,7.12537,0,7.2299,0,y1
14,6.544,7.40391,0,7.40391,0,7.12072,0,7.22567,0,y1
14,6.676,7.35183,0,7.35183,0,7.01967,0,7.13361,0,y1
14,6.68924748955757,7.34643,0,7.34643,0,7.00934,0,7.12421,0,y1
14,6.808,7.29638,0,7.29638,0,6.91524,0,7.03866,0,y1
14,6.84418229890151,7.28054,0,7.28054,0,6.88604,0,7.01213,0,y1
14,6.94,7.2373,0,7.2373,0,6.80756,0,6.94085,0,y1
14,7,7.20929,0,7.20929,0,6.75762,0,6.89547,0,y1
14,7.00270567260696,7.20801,0,7.20801,0,6.75535,0,6.89341,0,y1
14,7.072,7.17473,0,7.17473,0,6.69685,0,6.84026,0,y1
14,7.16490072817498,7.12858,0,7.12858,0,6.61708,0,6.76786,0,y1
14,7.204,7.10864,0,7.10864,0,6.58301,0,6.737,0,y1
14,7.33085250825502,7.04178,0,7.04178,0,6.47075,0,6.63537,0,y1
14,7.336,7.03899,0,7.03899,0,6.46615,0,6.6312,0,y1
14,7.468,6.96572,0,6.96572,0,6.34737,0,6.52312,0,y1
14,7.5,6.9474,0,6.9474,0,6.31834,0,6.49662,0,y1
14,7.50064802523477,6.94703,0,6.94703,0,6.31775,0,6.49608,0,y1
14,7.6,6.88875,0,6.88875,0,6.22688,0,6.41316,0,y1
14,7.67437630686284,6.84374,0,6.84374,0,6.15785,0,6.35044,0,y1
14,7.732,6.80806,0,6.80806,0,6.10394,0,6.30146,0,y1
14,7.852128442928,6.73135,0,6.73135,0,5.99138,0,6.1981,0,y1
14,7.864,6.72359,0,6.72359,0,5.98035,0,6.18779,0,y1
14,7.996,6.63532,0,6.63532,0,5.85798,0,6.07236,0,y1
14,8,6.63258,0,6.63258,0,5.85427,0,6.06887,0,y1
14,8.03399763301975,6.60919,0,6.60919,0,5.82261,0,6.03925,0,y1
14,8.128,6.54319,0,6.54319,0,5.73383,0,5.95894,0,y1
14,8.22007923539501,6.47673,0,6.47673,0,5.6474,0,5.88216,0,y1
14,8.26,6.4474,0,6.4474,0,5.61106,0,5.84888,0,y1
14,8.392,6.34818,0,6.34818,0,5.49293,0,5.73516,0,y1
14,8.41047081697666,6.33403,0,6.33403,0,5.4764,0,5.7191,0,y1
14,8.5,6.26453,0,6.26453,0,5.397,0,5.64338,0,y1
14,8.524,6.24565,0,6.24565,0,5.37613,0,5.62362,0,y1
14,8.60527220451018,6.18095,0,6.18095,0,5.30689,0,5.55716,0,y1
14,8.656,6.14,0,6.14,0,5.26479,0,5.51571,0,y1
14,8.788,6.03158,0,6.03158,0,5.15899,0,5.41042,0,y1
14,8.80458553690516,6.01778,0,6.01778,0,5.14594,0,5.39754,0,y1
14,8.92,5.92078,0,5.92078,0,5.05679,0,5.31019,0,y1
14,9,5.85263,0,5.85263,0,4.99821,0,5.25152,0,y1
14,9.00851531878903,5.84534,0,5.84534,0,4.99215,0,5.24532,0,y1
14,9.052,5.80799,0,5.80799,0,4.96165,0,5.21391,0,y1
14,9.184,5.69374,0,5.69374,0,4.87333,0,5.12169,0,y1
14,9.21716847530138,5.66487,0,5.66487,0,4.85206,0,5.0993,0,y1
14,9.316,5.57862,0,5.57862,0,4.79042,0,5.03457,0,y1
14,9.43065440815721,5.47839,0,5.47839,0,4.72212,0,4.96492,0,y1
14,9.448,5.46323,0,5.46323,0,4.71216,0,4.95472,0,y1
14,9.5,5.41784,0,5.41784,0,4.68295,0,4.9246,0,y1
14,9.58,5.3482,0,5.3482,0,4.63998,0,4.87946,0,y1
14,9.64908505300886,5.28837,0,5.28837,0,4.60446,0,4.84202,0,y1
14,9.712,5.23416,0,5.23416,0,4.57349,0,4.80901,0,y1
14,9.844,5.12169,0,5.12169,0,4.51325,0,4.74275,0,y1
14,9.87257493813646,5.09761,0,5.09761,0,4.50029,0,4.72941,0,y1
14,9.976,5.01131,0,5.01131,0,4.45513,0,4.68218,0,y1
14,10,4.99151,0,4.99151,0,4.4452,0,4.6716,0,y1
14,10.1012412444978,4.90888,0,4.90888,0,4.40485,0,4.62915,0,y1
14,10.108,4.90343,0,4.90343,0,4.40227,0,4.62638,0,y1
14,10.24,4.79843,0,4.79843,0,4.35395,0,4.5744,0,y1
14,10.3352038671689,4.72452,0,4.72452,0,4.3206,0,4.53941,0,y1
14,10.372,4.69642,0,4.69642,0,4.30825,0,4.52621,0,y1
14,10.5,4.60102,0,4.60102,0,4.26728,0,4.48313,0,y1
14,10.504,4.5981,0,4.5981,0,4.26605,0,4.48183,0,y1
14,10.5745854782082,4.54723,0,4.54723,0,4.24429,0,4.45923,0,y1
14,10.636,4.50349,0,4.50349,0,4.22632,0,4.44024,0,y1
14,10.768,4.4102,0,4.4102,0,4.18949,0,4.40204,0,y1
14,10.8195115909757,4.37486,0,4.37486,0,4.17575,0,4.38765,0,y1
14,10.9,4.32073,0,4.32073,0,4.15491,0,4.366,0,y1
14,11,4.25514,0,4.25514,0,4.12999,0,4.34067,0,y1
14,11.032,4.23459,0,4.23459,0,4.12223,0,4.33279,0,y1
14,11.0701106259433,4.21038,0,4.21038,0,4.11312,0,4.32334,0,y1
14,11.164,4.15189,0,4.15189,0,4.09121,0,4.3005,0,y1
14,11.296,4.07231,0,4.07231,0,4.06159,0,4.27069,0,y1
14,11.326513978028,4.05435,0,4.05435,0,4.05494,0,4.26357,0,y1
14,11.428,3.99573,0,3.99573,0,4.03323,0,4.24311,0,y1
14,11.5,3.95515,0,3.95515,0,4.0182,0,4.22756,0,y1
14,11.56,3.92197,0,3.92197,0,4.00589,0,4.21543,0,y1
14,11.5888560854857,3.90621,0,3.90621,0,4.00003,0,4.21005,0,y1
14,11.692,3.85085,0,3.85085,0,3.97935,0,4.1903,0,y1
14,11.824,3.78224,0,3.78224,0,3.95347,0,4.16551,0,y1
14,11.8572745004004,3.76532,0,3.76532,0,3.94704,0,4.15937,0,y1
14,11.956,3.7159,0,3.7159,0,3.92816,0,4.14149,0,y1
14,12,3.69427,0,3.69427,0,3.91982,0,4.13364,0,y1
14,12.088,3.6517,0,3.6517,0,3.90325,0,4.11822,0,y1
14,12.1319099608055,3.6308,0,3.6308,0,3.89502,0,4.11044,0,y1
14,12.22,3.58974,0,3.58974,0,3.87856,0,4.09487,0,y1
14,12.352,3.52932,0,3.52932,0,3.85394,0,4.07297,0,y1
14,12.4129064644764,3.50158,0,3.50158,0,3.84255,0,4.06274,0,y1
14,12.484,3.46984,0,3.46984,0,3.82929,0,4.05089,0,y1
14,12.5,3.46279,0,3.46279,0,3.82634,0,4.04822,0,y1
14,12.616,3.4124,0,3.4124,0,3.80568,0,4.02878,0,y1
14,12.7004113444319,3.37639,0,3.37639,0,3.79071,0,4.01499,0,y1
14,12.748,3.35598,0,3.35598,0,3.78191,0,4.00724,0,y1
14,12.88,3.30043,0,3.30043,0,3.75719,0,3.98568,0,y1
14,12.9945753461841,3.25462,0,3.25462,0,3.73643,0,3.96695,0,y1
14,13,3.25245,0,3.25245,0,3.73545,0,3.96607,0,y1
14,13.012,3.24765,0,3.24765,0,3.73328,0,3.96412,0,y1
14,13.144,3.19413,0,3.19413,0,3.7093,0,3.94274,0,y1
14,13.276,3.14134,0,3.14134,0,3.68488,0,3.92104,0,y1
14,13.295552706778,3.13387,0,3.13387,0,3.68125,0,3.91782,0,y1
14,13.408,3.09007,0,3.09007,0,3.66039,0,3.89927,0,y1
14,13.5,3.05431,0,3.05431,0,3.64326,0,3.88404,0,y1
14,13.54,3.03931,0,3.03931,0,3.63576,0,3.87741,0,y1
14,13.6035012356615,3.01561,0,3.01561,0,3.62384,0,3.86684,0,y1
14,13.672,2.98936,1,2.98936,1,3.611,0,3.8554,0,y1
14,13.804,2.93959,1,2.93959,1,3.586,0,3.83324,0,y1
14,13.9185823974285,2.89598,1,2.89598,1,3.56356,0,3.8139,0,y1
14,13.936,2.8895,1,2.8895,1,3.56011,0,3.81095,0,y1
14,14,2.86598,1,2.86598,1,3.54764,0,3.80007,0,y1
14,14.068,2.84069,1,2.84069,1,3.53508,0,3.78845,0,y1
14,14.2,2.79181,1,2.79181,1,3.51026,0,3.76574,0,y1
14,14.2409613964788,2.77668,1,2.77668,1,3.50215,0,3.75865,0,y1
14,14.332,2.74317,1,2.74317,1,3.4835,0,3.74282,0,y1
14,14.464,2.69473,1,2.69473,1,3.45775,0,3.71969,0,y1
14,14.5,2.68152,1,2.68152,1,3.45105,0,3.71335,0,y1
14,14.5708072636384,2.65558,1,2.65558,1,3.43746,0,3.70084,0,y1
14,14.596,2.64629,1,2.64629,1,3.43249,0,3.69637,0,y1
14,14.728,2.59818,1,2.59818,1,3.4058,0,3.67287,0,y1
14,14.86,2.55008,1,2.55008,1,3.37985,0,3.64919,0,y1
14,14.9082929447861,2.53249,1,2.53249,1,3.36997,0,3.64049,0,y1
14,14.992,2.50277,1,2.50277,1,3.35198,0,3.62533,0,y1
14,15,2.4998,1,2.4998,1,3.35029,0,3.62388,0,y1
14,15.124,2.45369,1,2.45369,1,3.32483,0,3.60123,0,y1
14,15.2535953915336,2.40607,1,2.40607,1,3.29809,0,3.57736,0,y1
14,15.256,2.40523,1,2.40523,1,3.29759,0,3.57692,0,y1
14,15.388,2.35803,1,2.35803,1,3.27009,0,3.55245,0,y1
14,15.5,2.31694,1,2.31694,1,3.24665,0,3.53154,0,y1
14,15.52,2.30982,1,2.30982,1,3.24244,0,3.52778,0,y1
14,15.606895654005,2.27881,1,2.27881,1,3.22409,0,3.51141,0,y1
14,15.652,2.26233,1,2.26233,1,3.21455,0,3.50287,0,y1
14,15.784,2.21361,1,2.21361,1,3.18649,0,3.47774,0,y1
14,15.916,2.16548,1,2.16548,1,3.15826,0,3.45246,0,y1
14,15.9683789757655,2.14629,1,2.14629,1,3.14701,0,3.44239,0,y1
14,16,2.13475,1,2.13475,1,3.1402,0,3.43629,0,y1
14,16.048,2.11722,1,2.11722,1,3.12985,0,3.42702,0,y1
14,16.18,2.0689,1,2.0689,1,3.10129,0,3.40139,0,y1
14,16.312,2.0205,1,2.0205,1,3.07255,0,3.37564,0,y1
14,16.3382348909494,2.01085,1,2.01085,1,3.06682,0,3.37052,0,y1
14,16.444,1.97169,1,1.97169,1,3.04371,0,3.34985,0,y1
14,16.5,1.95141,1,1.95141,1,3.03146,0,3.33888,0,y1
14,16.576,1.92357,1,1.92357,1,3.01474,0,3.32389,0,y1
14,16.708,1.87445,1,1.87445,1,2.98547,1,3.29761,0,y1
14,16.7166573236367,1.87126,1,1.87126,1,2.98354,1,3.29587,0,y1
14,16.84,1.82573,1,1.82573,1,2.95598,1,3.27104,0,y1
14,16.972,1.77689,1,1.77689,1,2.92636,1,3.24424,0,y1
14,17,1.76673,1,1.76673,1,2.92007,1,3.23853,0,y1
14,17.1038446895323,1.72798,1,1.72798,1,2.89675,1,3.21731,0,y1
14,17.104,1.72792,1,1.72792,1,2.89671,1,3.21728,0,y1
14,17.236,1.6791,1,1.6791,1,2.86717,1,3.19024,0,y1
14,17.368,1.63011,1,1.63011,1,2.83742,1,3.16322,0,y1
14,17.5,1.5807,1,1.5807,1,2.80729,1,3.13634,0,y1
15,1,0,1,0,1,0,1,0,1,y1
15,1.02190077866029,0,1,0,1,0,1,0,1,y1
15,1.04428120142651,0,1,0,1,0,1,0,1,y1
15,1.06715177287806,0,1,0,1,0,1,0,1,y1
15,1.0905232276528,0,1,0,1,0,1,0,1,y1
15,1.112,0,1,0,1,0,1,0,1,y1
15,1.11440653548553,0,1,0,1,0,1,0,1,y1
15,1.13881290635678,0,1,0,1,0,1,0,1,y1
15,1.16375379575438,0,1,0,1,0,1,0,1,y1
15,1.18924091005028,0,1,0,1,0,1,0,1,y1
15,1.21528621199505,0,1,0,1,0,1,0,1,y1
15,1.224,0,1,0,1,0,1,0,1,y1
15,1.24190192633286,0,1,0,1,0,1,0,1,y1
15,1.26910054553927,0,1,0,1,0,1,0,1,y1
15,1.29689483568478,0,1,0,1,0,1,0,1,y1
15,1.32529784242679,0,1,0,1,0,1,0,1,y1
15,1.336,0,1,0,1,0,1,0,1,y1
15,1.35432289713274,0,1,0,1,0,1,0,1,y1
15,1.38398362313741,0,1,0,1,0,1,0,1,y1
15,1.41429394213721,0,1,0,1,0,1,0,1,y1
15,1.44526808072455,0,1,0,1,0,1,0,1,y1
15,1.448,0,1,0,1,0,1,0,1,y1
15,1.47692057706528,0,1,0,1,0,1,0,1,y1
15,1.5,0,1,0,1,0,1,0,1,y1
15,1.50926628772242,0,1,0,1,0,1,0,1,y1
15,1.54232039462927,0,1,0,1,0,1,0,1,y1
15,1.56,0,1,0,1,0,1,0,1,y1
15,1.5760984122153,0,1,0,1,0,1,0,1,y1
15,1.61061619468806,0,1,0,1,0,1,0,1,y1
15,1.64588994347461,0,1,0,1,0,1,0,1,y1
15,1.672,0,1,0,1,0,1,0,1,y1
15,1.68193621482585,0,1,0,1,0,1,0,1,y1
15,1.71877192758748,0.0511183,1,0.0511183,1,0,1,0,1,y1
15,1.7564143711411,0.892839,1,0.892839,1,0,1,0,1,y1
15,1.784,1.35704,1,1.35704,1,0,1,0,1,y1
15,1.79488121351921,1.52152,1,1.52152,1,0,1,0,1,y1
15,1.83419050969801,2.0495,1,2.0495,1,0,1,0,1,y1
15,1.87436071007172,2.50527,1,2.50527,1,0,1,0,1,y1
15,1.896,2.72356,1,2.72356,1,0,1,0,1,y1
15,1.91541066911255,2.90585,1,2.90585,1,0,1,0,1,y1
15,1.95735965422034,3.26269,0,3.26269,0,0,1,0,1,y1
15,2,3.58271,0,3.58271,0,0,1,0,1,y1
15,2.00022735476601,3.58432,0,3.58432,0,0,1,0,1,y1
15,2.008,3.63865,0,3.63865,0,0,1,0,1,y1
15,2.044033891333,3.87668,0,3.87668,0,0,1,0,1,y1
15,2.08879982516122,4.14474,0,4.14474,0,0,1,0,1,y1
15,2.12,4.31595,0,4.31595,0,0,1,0,1,y1
15,2.13454616779773,4.39182,0,4.39182,0,0,1,0,1,y1
15,2.18129439095885,4.6207,0,4.6207,0,0,1,0,1,y1
15,2.22906643660817,4.83392,0,4.83392,0,0,1,0,1,y1
15,2.232,4.84639,0,4.84639,0,0,1,0,1,y1
15,2.27788472725541,5.03309,0,5.03309,0,0,1,0,1,y1
15,2.3277721764807,5.22006,0,5.22006,0,0.895618,1,0,1,y1
15,2.344,5.27767,0,5.27767,0,1.08352,1,0,1,y1
15,2.37875219968939,5.39615,0,5.39615,0,1.43801,1,0,1,y1
15,2.43084872510247,5.56231,0,5.56231,0,1.90552,1,0.632995,1,y1
15,2.456,5.63819,0,5.63819,0,2.11181,1,0.95929,1,y1
15,2.48408620498759,5.71973,0,5.71973,0,2.32933,1,1.26088,1,y1
15,2.5,5.76469,0,5.76469,0,2.44708,1,1.41718,1,y1
15,2.53848962713611,5.86974,0,5.86974,0,2.717,1,1.7683,1,y1
15,2.568,5.94675,0,5.94675,0,2.91066,1,2.01708,1,y1
15,2.59408452659146,6.01233,0,6.01233,0,3.07322,0,2.22421,1,y1
15,2.65089699763443,6.14767,0,6.14767,0,3.40255,0,2.63921,1,y1
15,2.68,6.21331,0,6.21331,0,3.55918,0,2.83484,1,y1
15,2.70895370603086,6.27633,0,6.27633,0,3.70813,0,3.01925,0,y1
15,2.76828190154762,6.39888,0,6.39888,0,3.99371,0,3.36929,0,y1
15,2.792,6.44557,0,6.44557,0,4.10078,0,3.4997,0,y1
15,2.8289094307427,6.51576,0,6.51576,0,4.26127,0,3.69311,0,y1
15,2.89086475003541,6.62734,0,6.62734,0,4.51413,0,3.99487,0,y1
15,2.904,6.65005,0,6.65005,0,4.56494,0,4.05536,0,y1
15,2.95417693906278,6.73393,0,6.73393,0,4.75042,0,4.27668,0,y1
15,3,6.80674,0,6.80674,0,4.90917,0,4.46745,0,y1
15,3.016,6.83136,0,6.83136,0,4.96238,0,4.53121,0,y1
15,3.01887571432853,6.83574,0,6.83574,0,4.97183,0,4.54253,0,y1
15,3.08499144315097,6.93293,0,6.93293,0,5.18047,0,4.79083,0,y1
15,3.128,6.99269,0,6.99269,0,5.30774,0,4.941,0,y1
15,3.15255515791632,7.02565,0,7.02565,0,5.37775,0,5.02319,0,y1
15,3.2215985706442,7.11393,0,7.11393,0,5.56462,0,5.24185,0,y1
15,3.24,7.13643,0,7.13643,0,5.61206,0,5.29722,0,y1
15,3.2921540878722,7.19788,0,7.19788,0,5.74159,0,5.44836,0,y1
15,3.352,7.26433,0,7.26433,0,5.88191,0,5.61157,0,y1
15,3.36425482586626,7.27743,0,7.27743,0,5.90964,0,5.64377,0,y1
15,3.43793462616438,7.35253,0,7.35253,0,6.06954,0,5.82865,0,y1
15,3.464,7.37765,0,7.37765,0,6.12344,0,5.89084,0,y1
15,3.5,7.41116,0,7.41116,0,6.19571,0,5.97412,0,y1
15,3.51322807146056,7.42312,0,7.42312,0,6.22165,0,6.00402,0,y1
15,3.576,7.47737,0,7.47737,0,6.34046,0,6.14091,0,y1
15,3.59017050183674,7.48906,0,7.48906,0,6.36633,0,6.17071,0,y1
15,3.66879803135018,7.55022,0,7.55022,0,6.5039,0,6.32909,0,y1
15,3.688,7.56423,0,7.56423,0,6.53603,0,6.36605,0,y1
15,3.74914756498409,7.60646,0,7.60646,0,6.63467,0,6.47953,0,y1
15,3.8,7.63887,0,7.63887,0,6.71264,0,6.56921,0,y1
15,3.83125681596958,7.65759,0,7.65759,0,6.75883,0,6.62233,0,y1
15,3.912,7.70184,0,7.70184,0,6.87228,0,6.75287,0,y1
15,3.91516432348687,7.70345,0,7.70345,0,6.87655,0,6.75779,0,y1
15,4,7.74351,0,7.74351,0,6.98673,0,6.88474,0,y1
15,4.00090947075423,7.74391,0,7.74391,0,6.98786,0,6.88605,0,y1
15,4.024,7.75372,0,7.75372,0,7.01635,0,6.91893,0,y1
15,4.08853250351308,7.77882,0,7.77882,0,7.09276,0,7.00716,0,y1
15,4.136,7.79514,0,7.79514,0,7.14603,0,7.06875,0,y1
15,4.17807454891793,7.80812,0,7.80812,0,7.19121,0,7.12107,0,y1
15,4.248,7.82675,0,7.82675,0,7.26216,0,7.20335,0,y1
15,4.26957763483998,7.83177,0,7.83177,0,7.28304,0,7.2276,0,y1
15,4.36,7.84929,0,7.84929,0,7.36536,0,7.32346,0,y1
15,4.36308470959355,7.84979,0,7.84979,0,7.36802,0,7.32657,0,y1
15,4.45863966209446,7.86223,0,7.86223,0,7.44583,0,7.41762,0,y1
15,4.472,7.86352,0,7.86352,0,7.45599,0,7.42956,0,y1
15,4.5,7.86587,0,7.86587,0,7.47672,0,7.45392,0,y1
15,4.55628734245999,7.86924,0,7.86924,0,7.51609,0,7.50032,0,y1
15,4.584,7.87025,0,7.87025,0,7.53435,0,7.52189,0,y1
15,4.6560735830599,7.87097,0,7.87097,0,7.57841,0,7.5741,0,y1
15,4.696,7.87026,0,7.87026,0,7.60069,0,7.60061,0,y1
15,4.75804522002853,7.86766,0,7.86766,0,7.63235,0,7.63843,0,y1
15,4.808,7.86433,0,7.86433,0,7.65524,0,7.66592,0,y1
15,4.86225011524803,7.85954,0,7.85954,0,7.67746,0,7.6928,0,y1
15,4.92,7.8532,0,7.8532,0,7.69819,0,7.71803,0,y1
15,4.96873717881306,7.84691,0,7.84691,0,7.71334,0,7.73666,0,y1
15,5,7.84244,0,7.84244,0,7.72196,0,7.74734,0,y1
15,5.032,7.83755,0,7.83755,0,7.72989,0,7.75724,0,y1
15,5.07755639198741,7.83004,0,7.83004,0,7.73968,0,7.76957,0,y1
15,5.144,7.81802,0,7.81802,0,7.75082,0,7.78392,0,y1
15,5.18875883066347,7.80926,0,7.80926,0,7.75628,0,7.79118,0,y1
15,5.256,7.79518,0,7.79518,0,7.76145,0,7.79859,0,y1
15,5.30239668933547,7.78486,0,7.78486,0,7.76297,0,7.80136,0,y1
15,5.368,7.76952,0,7.76952,0,7.76234,0,7.8021,0,y1
15,5.41852330559767,7.75715,0,7.75715,0,7.75975,0,7.80021,0,y1
15,5.48,7.74151,0,7.74151,0,7.75424,0,7.7951,0,y1
15,5.5,7.73629,0,7.73629,0,7.75192,0,7.79279,0,y1
15,5.5371931851792,7.72642,0,7.72642,0,7.74692,0,7.78771,0,y1
15,5.592,7.71153,0,7.71153,0,7.73803,0,7.77841,0,y1
15,5.65846202752709,7.69293,0,7.69293,0,7.72498,0,7.76446,0,y1
15,5.704,7.67989,0,7.67989,0,7.71476,0,7.75326,0,y1
15,5.78238675194963,7.65691,0,7.65691,0,7.69483,0,7.73112,0,y1
15,5.816,7.64687,0,7.64687,0,7.6854,0,7.72062,0,y1
15,5.90902552433228,7.61857,0,7.61857,0,7.65684,0,7.68902,0,y1
15,5.928,7.61271,0,7.61271,0,7.6506,0,7.68217,0,y1
15,6,7.59028,0,7.59028,0,7.62567,0,7.65478,0,y1
15,6.0384377844387,7.57818,0,7.57818,0,7.6116,0,7.63913,0,y1
15,6.04,7.57769,0,7.57769,0,7.61102,0,7.63847,0,y1
15,6.152,7.54192,0,7.54192,0,7.56721,0,7.58943,0,y1
15,6.17068427380964,7.53587,0,7.53587,0,7.55956,0,7.58098,0,y1
15,6.264,7.50522,0,7.50522,0,7.52024,0,7.53712,0,y1
15,6.30582706427289,7.4912,0,7.4912,0,7.50221,0,7.51676,0,y1
15,6.376,7.46714,0,7.46714,0,7.47176,0,7.48252,0,y1
15,6.44392958707761,7.44302,0,7.44302,0,7.44198,0,7.44875,0,y1
15,6.488,7.42681,0,7.42681,0,7.42247,0,7.42636,0,y1
15,6.5,7.42232,0,7.42232,0,7.41713,0,7.42019,0,y1
15,6.5850566626667,7.38969,0,7.38969,0,7.37876,0,7.37596,0,y1
15,6.6,7.38383,0,7.38383,0,7.37196,0,7.36816,0,y1
15,6.712,7.33857,0,7.33857,0,7.32098,0,7.30992,0,y1
15,6.72927453110125,7.33136,0,7.33136,0,7.31312,0,7.30098,0,y1
15,6.824,7.29076,0,7.29076,0,7.26965,0,7.25224,0,y1
15,6.87665088315124,7.26745,0,7.26745,0,7.2452,0,7.22551,0,y1
15,6.936,7.24052,0,7.24052,0,7.21783,0,7.1957,0,y1
15,7,7.21066,0,7.21066,0,7.18902,0,7.16399,0,y1
15,7.02725489206724,7.19769,0,7.19769,0,7.17698,0,7.15062,0,y1
15,7.048,7.18771,0,7.18771,0,7.16792,0,7.14049,0,y1
15,7.16,7.1323,0,7.1323,0,7.11973,0,7.08675,0,y1
15,7.18115724604786,7.12155,0,7.12155,0,7.11067,0,7.07679,0,y1
15,7.272,7.07433,0,7.07433,0,7.0719,0,7.03482,0,y1
15,7.33843018141831,7.03872,0,7.03872,0,7.04415,0,7.00507,0,y1
15,7.384,7.01377,0,7.01377,0,7.02551,0,6.98517,0,y1
15,7.496,6.95059,0,6.95059,0,6.98067,0,6.93793,0,y1
15,7.49914751653556,6.94877,0,6.94877,0,6.97941,0,6.93663,0,y1
15,7.5,6.94828,0,6.94828,0,6.97907,0,6.93628,0,y1
15,7.608,6.88476,0,6.88476,0,6.93657,0,6.89277,0,y1
15,7.66338468643608,6.85122,0,6.85122,0,6.91556,0,6.87119,0,y1
15,7.72,6.81625,0,6.81625,0,6.89482,0,6.8496,0,y1
15,7.83121877824239,6.74552,0,6.74552,0,6.85529,0,6.80892,0,y1
15,7.832,6.74502,0,6.74502,0,6.85502,0,6.80864,0,y1
15,7.944,6.67108,0,6.67108,0,6.81667,0,6.77034,0,y1
15,8,6.63311,0,6.63311,0,6.79848,0,6.75233,0,y1
15,8.002728567345,6.63124,0,6.63124,0,6.79762,0,6.75148,0,y1
15,8.056,6.59446,0,6.59446,0,6.78102,0,6.73509,0,y1
15,8.168,6.51517,0,6.51517,0,6.74736,0,6.70242,0,y1
15,8.17799455437682,6.50797,0,6.50797,0,6.74443,0,6.6996,0,y1
15,8.28,6.43328,0,6.43328,0,6.71537,0,6.67192,0,y1
15,8.3570990029973,6.37543,0,6.37543,0,6.69496,0,6.65221,0,y1
15,8.392,6.34886,0,6.34886,0,6.68609,0,6.64367,0,y1
15,8.5,6.26518,0,6.26518,0,6.65956,0,6.61903,0,y1
15,8.504,6.26204,0,6.26204,0,6.6586,0,6.61817,0,y1
15,8.54012597850409,6.23356,0,6.23356,0,6.65005,0,6.61051,0,y1
15,8.616,6.17299,0,6.17299,0,6.63289,0,6.59515,0,y1
15,8.72716138729032,6.08263,0,6.08263,0,6.60985,0,6.57408,0,y1
15,8.728,6.08194,0,6.08194,0,6.60969,0,6.57392,0,y1
15,8.84,5.98925,0,5.98925,0,6.58806,0,6.55419,0,y1
15,8.91829301716601,5.92364,0,5.92364,0,6.57392,0,6.54145,0,y1
15,8.952,5.89523,0,5.89523,0,6.56817,0,6.53628,0,y1
15,9,5.85461,0,5.85461,0,6.56028,0,6.52931,0,y1
15,9.064,5.8001,0,5.8001,0,6.55027,0,6.52074,0,y1
15,9.11361057856259,5.75759,0,5.75759,0,6.54287,0,6.51473,0,y1
15,9.176,5.70379,0,5.70379,0,6.53402,0,6.50782,0,y1
15,9.288,5.60638,0,5.60638,0,6.51957,0,6.49635,0,y1
15,9.31320574663979,5.58434,0,5.58434,0,6.51657,0,6.49389,0,y1
15,9.4,5.50825,0,5.50825,0,6.50678,0,6.48592,0,y1
15,9.5,5.42046,0,5.42046,0,6.49661,0,6.47787,0,y1
15,9.512,5.40992,0,5.40992,0,6.49548,0,6.47702,0,y1
15,9.51717220431471,5.40539,0,5.40539,0,6.49499,0,6.47666,0,y1
15,9.624,5.31185,0,5.31185,0,6.4857,0,6.47022,0,y1
15,9.72560568623329,5.22344,0,5.22344,0,6.47802,0,6.46552,0,y1
15,9.736,5.21443,0,5.21443,0,6.47729,0,6.4651,0,y1
15,9.848,5.11808,0,5.11808,0,6.4702,0,6.46127,0,y1
15,9.93860402370477,5.04112,0,5.04112,0,6.46539,0,6.4591,0,y1
15,9.96,5.02309,0,5.02309,0,6.46437,0,6.45871,0,y1
15,10,4.98957,0,4.98957,0,6.46258,0,6.4581,0,y1
15,10.072,4.92983,0,4.92983,0,6.4597,0,6.4574,0,y1
15,10.1562671906202,4.86093,0,4.86093,0,6.45692,0,6.45719,0,y1
15,10.184,4.8385,0,4.8385,0,6.45616,0,6.45725,0,y1
15,10.296,4.74934,0,4.74934,0,6.45365,0,6.45817,0,y1
15,10.3786973503768,4.68494,0,4.68494,0,6.45243,0,6.45949,0,y1
15,10.408,4.66242,0,4.66242,0,6.45212,0,6.46008,0,y1
15,10.5,4.59288,0,4.59288,0,6.45155,0,6.46235,0,y1
15,10.52,4.57798,0,4.57798,0,6.45151,0,6.46293,0,y1
15,10.6059989038295,4.5148,0,4.5148,0,6.45163,0,6.46569,0,y1
15,10.632,4.49602,0,4.49602,0,6.45176,0,6.46662,0,y1
15,10.744,4.41674,0,4.41674,0,6.45281,0,6.4711,0,y1
15,10.8382785382936,4.35194,0,4.35194,0,6.45426,0,6.47544,0,y1
15,10.856,4.33997,0,4.33997,0,6.45458,0,6.47631,0,y1
15,10.968,4.26589,0,4.26589,0,6.45704,0,6.48218,0,y1
15,11,4.24529,0,4.24529,0,6.45787,0,6.48397,0,y1
15,11.0756452776194,4.19784,0,4.19784,0,6.46002,0,6.48838,0,y1
15,11.08,4.19516,0,4.19516,0,6.46015,0,6.48864,0,y1
15,11.192,4.12707,0,4.12707,0,6.46382,0,6.49562,0,y1
15,11.304,4.0598,0,4.0598,0,6.46799,0,6.50308,0,y1
15,11.3182105333644,4.05135,0,4.05135,0,6.46856,0,6.50406,0,y1
15,11.416,3.99427,0,3.99427,0,6.4726,0,6.51075,0,y1
15,11.5,3.94753,0,3.94753,0,6.47506,0,6.51494,0,y1
15,11.528,3.93228,0,3.93228,0,6.47512,0,6.51578,0,y1
15,11.5660881570862,3.91173,0,3.91173,0,6.47396,0,6.51625,0,y1
15,11.64,3.87243,0,3.87243,0,6.46614,0,6.5133,0,y1
15,11.752,3.81414,0,3.81414,0,6.43642,0,6.49438,0,y1
15,11.81939449378,3.77953,0,3.77953,0,6.40812,0,6.47264,0,y1
15,11.864,3.75671,0,3.75671,0,6.38543,0,6.45397,0,y1
15,11.976,3.69961,0,3.69961,0,6.3154,0,6.39414,0,y1
15,12,3.68751,0,3.68751,0,6.298,0,6.37904,0,y1
15,12.0782484364869,3.64945,0,3.64945,0,6.23598,0,6.3243,0,y1
15,12.088,3.64494,0,3.64494,0,6.22774,0,6.3169,0,y1
15,12.2,3.59452,0,3.59452,0,6.12541,0,6.22312,0,y1
15,12.312,3.54233,0,3.54233,0,6.00723,0,6.11417,0,y1
15,12.3427714820985,3.5279,0,3.5279,0,5.9726,0,6.08186,0,y1
15,12.424,3.49128,0,3.49128,0,5.87689,0,5.99174,0,y1
15,12.5,3.45856,0,3.45856,0,5.78272,0,5.9024,0,y1
15,12.536,3.44316,0,3.44316,0,5.73693,0,5.8586,0,y1
15,12.6130877883825,3.41037,0,3.41037,0,5.63559,0,5.76197,0,y1
15,12.648,3.39582,0,3.39582,0,5.58849,0,5.7168,0,y1
15,12.76,3.34917,0,3.34917,0,5.43242,0,5.56622,0,y1
15,12.872,3.30023,0,3.30023,0,5.27062,0,5.40824,0,y1
15,12.8893242322587,3.29302,0,3.29302,0,5.24505,0,5.3834,0,y1
15,12.984,3.25474,0,3.25474,0,5.10351,0,5.24591,0,y1
15,13,3.24807,0,3.24807,0,5.07928,0,5.22216,0,y1
15,13.096,3.20832,0,3.20832,0,4.93084,0,5.07702,0,y1
15,13.1716104693501,3.17949,0,3.17949,0,4.81193,0,4.96085,0,y1
15,13.208,3.16598,0,3.16598,0,4.75399,0,4.90416,0,y1
15,13.32,3.11968,0,3.11968,0,4.57393,0,4.72728,0,y1
15,13.432,3.0779,0,3.0779,0,4.39022,0,4.54691,0,y1
15,13.4600789948389,3.06741,0,3.06741,0,4.34364,0,4.50125,0,y1
15,13.5,3.05216,0,3.05216,0,4.27717,0,4.43573,0,y1
15,13.544,3.03529,0,3.03529,0,4.20347,0,4.36341,0,y1
15,13.656,2.99285,1,2.99285,1,4.01377,0,4.17659,0,y1
15,13.7548652056549,2.95435,1,2.95435,1,3.84406,0,4.00956,0,y1
15,13.768,2.94957,1,2.94957,1,3.82138,0,3.98723,0,y1
15,13.88,2.90785,1,2.90785,1,3.62706,0,3.79531,0,y1
15,13.992,2.86568,1,2.86568,1,3.43026,0,3.60118,0,y1
15,14,2.86278,1,2.86278,1,3.41614,0,3.58722,0,y1
15,14.0561074640261,2.84173,1,2.84173,1,3.31682,0,3.48909,0,y1
15,14.104,2.82419,1,2.82419,1,3.23144,0,3.4049,0,y1
15,14.216,2.78271,1,2.78271,1,3.03061,0,3.20647,0,y1
15,14.328,2.74143,1,2.74143,1,2.82782,1,3.00638,0,y1
15,14.3639471624211,2.72822,1,2.72822,1,2.76242,1,2.94188,1,y1
15,14.44,2.70027,1,2.70027,1,2.62349,1,2.80459,1,y1
15,14.5,2.67831,1,2.67831,1,2.51328,1,2.69567,1,y1
15,14.552,2.65932,1,2.65932,1,2.41731,1,2.6009,1,y1
15,14.664,2.61839,1,2.61839,1,2.20963,1,2.39553,1,y1
15,14.6785287899134,2.61309,1,2.61309,1,2.18256,1,2.36884,1,y1
15,14.776,2.57755,1,2.57755,1,2.0004,1,2.18877,1,y1
15,14.888,2.53693,1,2.53693,1,1.79003,1,1.98039,1,y1
15,15,2.49658,1,2.49658,1,1.57822,1,1.77078,1,y1
16,1,0,1,0,1,0,1,0,1,y1
16,1.02292452562226,0,1,0,1,0,1,0,1,y1
16,1.04637458511953,0,1,0,1,0,1,0,1,y1
16,1.07036222610658,0,1,0,1,0,1,0,1,y1
16,1.09489977238406,0,1,0,1,0,1,0.0892362,1,y1
16,1.11999983026989,0,1,0,1,0,1,0.315091,1,y1
16,1.128,0,1,0,1,0,1,0.373714,1,y1
16,1.14567529507584,0,1,0,1,0.157719,1,0.488057,1,y1
16,1.17193935773259,0,1,0,1,0.38997,1,0.630923,1,y1
16,1.19880551156667,0,1,0,1,0.566082,1,0.755918,1,y1
16,1.22628755923269,0,1,0,1,0.71084,1,0.870287,1,y1
16,1.25439961980458,0,1,0,1,0.837325,1,0.978509,1,y1
16,1.256,0,1,0,1,0.84407,1,0.984477,1,y1
16,1.28315613602934,0,1,0,1,0.953185,1,1.08339,1,y1
16,1.31257188174711,0,1,0,1,1.06309,1,1.18663,1,y1
16,1.34266196948128,0,1,0,1,1.16986,1,1.28921,1,y1
16,1.37344185820269,0,1,0,1,1.27521,1,1.39169,1,y1
16,1.384,0,1,0,1,1.31067,1,1.42635,1,y1
16,1.40492736127174,0,1,0,1,1.38009,1,1.49434,1,y1
16,1.43713465456263,0,1,0,1,1.48499,1,1.59725,1,y1
16,1.47008028477379,0,1,0,1,1.59014,1,1.70047,1,y1
16,1.5,0,1,0,1,1.6839,1,1.79247,1,y1
16,1.50378117792886,0,1,0,1,1.69564,1,1.80398,1,y1
16,1.512,0,1,0,1,1.72106,1,1.82892,1,y1
16,1.53825464807257,0,1,0,1,1.80151,1,1.90778,1,y1
16,1.57351840616587,0,1,0,1,1.9077,1,2.01182,1,y1
16,1.60959056918512,0,1,0,1,2.0142,1,2.11608,1,y1
16,1.64,0,1,0,1,2.10237,1,2.20233,1,y1
16,1.64648966942975,0,1,0,1,2.121,1,2.22055,1,y1
16,1.68423466404338,0,1,0,1,2.22805,1,2.32518,1,y1
16,1.72284494475314,0.166454,1,0.166454,1,2.33531,1,2.42998,1,y1
16,1.76234034783232,0.999247,1,0.999247,1,2.44277,1,2.53491,1,y1
16,1.768,1.09714,1,1.09714,1,2.45799,1,2.54977,1,y1
16,1.80274116429134,1.6349,1,1.6349,1,2.55045,1,2.63998,1,y1
16,1.84406815030244,2.16844,1,2.16844,1,2.65828,1,2.74514,1,y1
16,1.88634253786325,2.62823,1,2.62823,1,2.76626,1,2.85038,1,y1
16,1.896,2.72356,1,2.72356,1,2.7906,1,2.8741,1,y1
16,1.92958604570485,3.03175,0,3.03175,0,2.87436,1,2.9557,1,y1
16,1.97382089044997,3.39084,0,3.39084,0,2.98259,1,3.06108,0,y1
16,2,3.58271,0,3.58271,0,3.04555,0,3.12237,0,y1
16,2.01906979802684,3.71414,0,3.71414,0,3.09092,0,3.16651,0,y1
16,2.024,3.74707,0,3.74707,0,3.10258,0,3.17785,0,y1
16,2.06535601534484,4.00779,0,4.00779,0,3.1993,0,3.27193,0,y1
16,2.11270332223771,4.27696,0,4.27696,0,3.30775,0,3.37733,0,y1
16,2.152,4.47973,0,4.47973,0,3.39598,0,3.46302,0,y1
16,2.16113604368058,4.52455,0,4.52455,0,3.41626,0,3.48272,0,y1
16,2.21067906228713,4.75418,0,4.75418,0,3.52476,0,3.58808,0,y1
16,2.26135783109312,4.96758,0,4.96758,0,3.63324,0,3.69334,0,y1
16,2.28,5.04134,0,5.04134,0,3.67255,0,3.73144,0,y1
16,2.31319838663312,5.16703,0,5.16703,0,3.74176,0,3.79847,0,y1
16,2.36622736231686,5.3542,0,5.3542,0,3.85025,0,3.90347,0,y1
16,2.408,5.49103,0,5.49103,0,3.93394,0,3.98444,0,y1
16,2.42047200211239,5.53023,0,5.53023,0,3.95864,0,4.00833,0,y1
16,2.47596017454278,5.69645,0,5.69645,0,4.06694,0,4.11304,0,y1
16,2.5,5.76465,0,5.76465,0,4.11309,0,4.15763,0,y1
16,2.53272038700378,5.85399,0,5.85399,0,4.17517,0,4.21758,0,y1
16,2.536,5.86273,0,5.86273,0,4.18134,0,4.22354,0,y1
16,2.59078180040967,6.00318,0,6.00318,0,4.28329,0,4.32187,0,y1
16,2.65017424417485,6.14463,0,6.14463,0,4.39129,0,4.42587,0,y1
16,2.664,6.17606,0,6.17606,0,4.41606,0,4.44971,0,y1
16,2.71092823153889,6.27894,0,6.27894,0,4.49911,0,4.52971,0,y1
16,2.77307497524291,6.4067,0,6.4067,0,4.60673,0,4.63341,0,y1
16,2.792,6.44384,0,6.44384,0,4.63899,0,4.66445,0,y1
16,2.83664640356532,6.52842,0,6.52842,0,4.71422,0,4.7366,0,y1
16,2.90167517672514,6.64443,0,6.64443,0,4.82152,0,4.83935,0,y1
16,2.92,6.67568,0,6.67568,0,4.85126,0,4.86788,0,y1
16,2.96819470366146,6.75504,0,6.75504,0,4.92841,0,4.94216,0,y1
16,3,6.80525,0,6.80525,0,4.97855,0,4.99046,0,y1
16,3.0362391591974,6.86047,0,6.86047,0,5.03495,0,5.04469,0,y1
16,3.048,6.87795,0,6.87795,0,5.0531,0,5.06209,0,y1
16,3.10584350159773,6.9609,0,6.9609,0,5.14119,0,5.14643,0,y1
16,3.176,7.05513,0,7.05513,0,5.24542,0,5.24634,0,y1
16,3.17704349052884,7.05648,0,7.05648,0,5.24695,0,5.24781,0,y1
16,3.24987570543051,7.14725,0,7.14725,0,5.35217,0,5.34882,0,y1
16,3.304,7.21039,0,7.21039,0,5.42854,0,5.42197,0,y1
16,3.32437756430881,7.23324,0,7.23324,0,5.45691,0,5.44912,0,y1
16,3.40058734295987,7.31443,0,7.31443,0,5.56125,0,5.5491,0,y1
16,3.432,7.34598,0,7.34598,0,5.60344,0,5.58959,0,y1
16,3.47854419463429,7.39072,0,7.39072,0,5.66508,0,5.64877,0,y1
16,3.5,7.41056,0,7.41056,0,5.69314,0,5.67571,0,y1
16,3.55828817015235,7.462,0,7.462,0,5.76823,0,5.74774,0,y1
16,3.56,7.46346,0,7.46346,0,5.77041,0,5.74983,0,y1
16,3.6398602384804,7.52811,0,7.52811,0,5.87066,0,5.84559,0,y1
16,3.688,7.564,0,7.564,0,5.92983,0,5.90181,0,y1
16,3.72330230777889,7.58888,0,7.58888,0,5.9726,0,5.9424,0,y1
16,3.80865724693299,7.64413,0,7.64413,0,6.07291,0,6.03848,0,y1
16,3.816,7.64857,0,7.64857,0,6.08133,0,6.04661,0,y1
16,3.89596890757671,7.69364,0,7.69364,0,6.17231,0,6.13396,0,y1
16,3.944,7.71796,0,7.71796,0,6.22601,0,6.18535,0,y1
16,3.98528214662199,7.73725,0,7.73725,0,6.27114,0,6.22886,0,y1
16,4,7.74377,0,7.74377,0,6.28707,0,6.24421,0,y1
16,4.072,7.77307,0,7.77307,0,6.36412,0,6.31805,0,y1
16,4.07664284930416,7.77481,0,7.77481,0,6.36903,0,6.32274,0,y1
16,4.17009795275584,7.80618,0,7.80618,0,6.46577,0,6.41575,0,y1
16,4.2,7.81479,0,7.81479,0,6.49598,0,6.44483,0,y1
16,4.26569547012113,7.83135,0,7.83135,0,6.56108,0,6.5073,0,y1
16,4.328,7.84419,0,7.84419,0,6.62089,0,6.56506,0,y1
16,4.36348451522268,7.85029,0,7.85029,0,6.65402,0,6.59716,0,y1
16,4.456,7.86235,0,7.86235,0,6.73748,0,6.67787,0,y1
16,4.46351532779424,7.86309,0,7.86309,0,6.74407,0,6.68428,0,y1
16,4.5,7.86623,0,7.86623,0,6.77569,0,6.71511,0,y1
16,4.56583929929161,7.86993,0,7.86993,0,6.83113,0,6.76967,0,y1
16,4.584,7.87052,0,7.87052,0,6.84606,0,6.78444,0,y1
16,4.67050899929535,7.87095,0,7.87095,0,6.91493,0,6.85291,0,y1
16,4.712,7.86983,0,7.86983,0,6.94662,0,6.88449,0,y1
16,4.77757820251869,7.86649,0,7.86649,0,6.99498,0,6.93375,0,y1
16,4.84,7.86159,0,7.86159,0,7.03899,0,6.97897,0,y1
16,4.88710191643468,7.85683,0,7.85683,0,7.07084,0,7.01196,0,y1
16,4.968,7.84676,0,7.84676,0,7.12276,0,7.06626,0,y1
16,4.99913640953659,7.84232,0,7.84232,0,7.14178,0,7.08636,0,y1
16,5,7.8422,0,7.8422,0,7.1423,0,7.08691,0,y1
16,5.096,7.8266,0,7.8266,0,7.19749,0,7.14595,0,y1
16,5.11373924024619,7.82341,0,7.82341,0,7.20711,0,7.15637,0,y1
16,5.224,7.80169,0,7.80169,0,7.26278,0,7.21768,0,y1
16,5.23096928648477,7.80022,0,7.80022,0,7.26606,0,7.22135,0,y1
16,5.35088677592205,7.7733,0,7.7733,0,7.31795,0,7.28062,0,y1
16,5.352,7.77304,0,7.77304,0,7.31839,0,7.28114,0,y1
16,5.47355331691849,7.74285,0,7.74285,0,7.36204,0,7.33359,0,y1
16,5.48,7.74118,0,7.74118,0,7.3641,0,7.33615,0,y1
16,5.5,7.73596,0,7.73596,0,7.37036,0,7.34398,0,y1
16,5.599031930177,7.70927,0,7.70927,0,7.39781,0,7.37965,0,y1
16,5.608,7.70679,0,7.70679,0,7.4,0,7.38263,0,y1
16,5.72738708112019,7.67279,0,7.67279,0,7.42464,0,7.4183,0,y1
16,5.736,7.67028,0,7.67028,0,7.42611,0,7.42059,0,y1
16,5.85868471300994,7.63372,0,7.63372,0,7.44244,0,7.44902,0,y1
16,5.864,7.63211,0,7.63211,0,7.44296,0,7.45008,0,y1
16,5.992,7.59257,0,7.59257,0,7.45101,0,7.47159,0,y1
16,5.99299228082608,7.59226,0,7.59226,0,7.45104,0,7.47173,0,y1
16,6,7.59006,0,7.59006,0,7.45124,0,7.47268,0,y1
16,6.12,7.55195,0,7.55195,0,7.45103,0,7.4855,0,y1
16,6.13037878592189,7.54862,0,7.54862,0,7.4507,0,7.4863,0,y1
16,6.248,7.51035,0,7.51035,0,7.4437,0,7.49216,0,y1
16,6.27091481147392,7.50274,0,7.50274,0,7.44167,0,7.49263,0,y1
16,6.376,7.46675,0,7.46675,0,7.42976,0,7.49208,0,y1
16,6.41467255874457,7.45299,0,7.45299,0,7.42435,0,7.49082,0,y1
16,6.5,7.42168,0,7.42168,0,7.41048,0,7.48618,0,y1
16,6.504,7.42018,0,7.42018,0,7.40977,0,7.4859,0,y1
16,6.56172588417592,7.39824,0,7.39824,0,7.39885,0,7.4813,0,y1
16,6.632,7.37064,0,7.37064,0,7.38403,0,7.47429,0,y1
16,6.71215033733396,7.33796,0,7.33796,0,7.36541,0,7.46459,0,y1
16,6.76,7.31785,0,7.31785,0,7.35359,0,7.45793,0,y1
16,6.86602319972264,7.27169,0,7.27169,0,7.32565,0,7.44098,0,y1
16,6.888,7.26184,0,7.26184,0,7.31954,0,7.4371,0,y1
16,7,7.21018,0,7.21018,0,7.28682,0,7.41564,0,y1
16,7.016,7.20259,0,7.20259,0,7.28195,0,7.41237,0,y1
16,7.02342352448771,7.19905,0,7.19905,0,7.27967,0,7.41084,0,y1
16,7.144,7.14003,0,7.14003,0,7.24135,0,7.38477,0,y1
16,7.18443217703082,7.11957,0,7.11957,0,7.22798,0,7.37549,0,y1
16,7.272,7.07412,0,7.07412,0,7.19824,0,7.35433,0,y1
16,7.34913187655456,7.03276,0,7.03276,0,7.17118,0,7.33473,0,y1
16,7.4,7.00481,0,7.00481,0,7.15292,0,7.3215,0,y1
16,7.5,6.94826,0,6.94826,0,7.11613,0,7.29468,0,y1
16,7.51760723856,6.93808,0,6.93808,0,7.10954,0,7.28983,0,y1
16,7.528,6.93205,0,6.93205,0,7.10564,0,7.28694,0,y1
16,7.656,6.85577,0,6.85577,0,7.0567,0,7.25033,0,y1
16,7.68994481831846,6.83494,0,6.83494,0,7.04348,0,7.24033,0,y1
16,7.784,6.7759,0,6.7759,0,7.00632,0,7.21212,0,y1
16,7.86623315533978,6.72272,0,6.72272,0,6.97328,0,7.18692,0,y1
16,7.912,6.69251,0,6.69251,0,6.9547,0,7.1727,0,y1
16,8,6.63317,0,6.63317,0,6.91859,0,7.14497,0,y1
16,8.04,6.60566,0,6.60566,0,6.90204,0,7.13222,0,y1
16,8.04656281886004,6.60111,0,6.60111,0,6.89931,0,7.13012,0,y1
16,8.168,6.51535,0,6.51535,0,6.8485,0,7.09085,0,y1
16,8.23102645437213,6.46964,0,6.46964,0,6.82186,0,7.07021,0,y1
16,8.296,6.42166,0,6.42166,0,6.79425,0,7.04875,0,y1
16,8.41971883122288,6.328,0,6.328,0,6.74127,0,7.00747,0,y1
16,8.424,6.3247,0,6.3247,0,6.73943,0,7.00603,0,y1
16,8.5,6.26565,0,6.26565,0,6.70667,0,6.98043,0,y1
16,8.552,6.22465,0,6.22465,0,6.68419,0,6.96282,0,y1
16,8.61273689130148,6.17616,0,6.17616,0,6.65785,0,6.94217,0,y1
16,8.68,6.12171,0,6.12171,0,6.62861,0,6.91922,0,y1
16,8.808,6.01622,0,6.01622,0,6.57284,0,6.87532,0,y1
16,8.81017979884391,6.0144,0,6.0144,0,6.57189,0,6.87457,0,y1
16,8.936,5.90849,0,5.90849,0,6.51702,0,6.83123,0,y1
16,9,5.85397,0,5.85397,0,6.48913,0,6.80914,0,y1
16,9.01214899137923,5.84357,0,5.84357,0,6.48384,0,6.80494,0,y1
16,9.064,5.79901,0,5.79901,0,6.46126,0,6.78703,0,y1
16,9.192,5.68809,0,5.68809,0,6.40561,0,6.74282,0,y1
16,9.21874823184374,5.6648,0,5.6648,0,6.39401,0,6.73359,0,y1
16,9.32,5.57623,0,5.57623,0,6.3502,0,6.69868,0,y1
16,9.43008366188981,5.47983,0,5.47983,0,6.3028,0,6.66081,0,y1
16,9.448,5.46415,0,5.46415,0,6.29511,0,6.65466,0,y1
16,9.5,5.41858,0,5.41858,0,6.27282,0,6.63682,0,y1
16,9.576,5.35232,0,5.35232,0,6.24037,0,6.61084,0,y1
16,9.64626385641686,5.29167,0,5.29167,0,6.21053,0,6.58691,0,y1
16,9.704,5.24224,0,5.24224,0,6.18613,0,6.56731,0,y1
16,9.832,5.13214,0,5.13214,0,6.1324,0,6.5241,0,y1
16,9.86739987935238,5.10144,0,5.10144,0,6.11761,0,6.5122,0,y1
16,9.96,5.02222,0,5.02222,0,6.07913,0,6.48124,0,y1
16,10,4.98859,0,4.98859,0,6.06262,0,6.46794,0,y1
16,10.088,4.91581,0,4.91581,0,6.02656,0,6.43885,0,y1
16,10.0936053407117,4.91122,0,4.91122,0,6.02427,0,6.43701,0,y1
16,10.216,4.81231,0,4.81231,0,5.97469,0,6.39694,0,y1
16,10.3249964549658,4.72627,0,4.72627,0,5.93089,0,6.36161,0,y1
16,10.344,4.7115,0,4.7115,0,5.92331,0,6.35549,0,y1
16,10.472,4.61405,0,4.61405,0,5.8727,0,6.31464,0,y1
16,10.5,4.59323,0,4.59323,0,5.86176,0,6.30579,0,y1
16,10.5616921007474,4.54795,0,4.54795,0,5.83779,0,6.28639,0,y1
16,10.6,4.52025,0,4.52025,0,5.82299,0,6.2744,0,y1
16,10.728,4.42977,0,4.42977,0,5.7739,0,6.23471,0,y1
16,10.8038138819254,4.37775,0,4.37775,0,5.74521,0,6.21152,0,y1
16,10.856,4.34254,0,4.34254,0,5.72568,0,6.1957,0,y1
16,10.984,4.25761,0,4.25761,0,5.67843,0,6.1574,0,y1
16,11,4.24711,0,4.24711,0,5.67257,0,6.15266,0,y1
16,11.0514861900798,4.21383,0,4.21383,0,5.65372,0,6.13746,0,y1
16,11.112,4.17591,0,4.17591,0,5.63159,0,6.11972,0,y1
16,11.24,4.09876,0,4.09876,0,5.58554,0,6.08278,0,y1
16,11.3048362684083,4.06079,0,4.06079,0,5.56278,0,6.06436,0,y1
16,11.368,4.02439,0,4.02439,0,5.54081,0,6.0466,0,y1
16,11.496,3.95286,0,3.95286,0,5.49657,0,6.0111,0,y1
16,11.5,3.95065,0,3.95065,0,5.49521,0,6.01,0,y1
16,11.5639942770989,3.91537,0,3.91537,0,5.47356,0,5.99253,0,y1
16,11.624,3.88244,0,3.88244,0,5.45346,0,5.97633,0,y1
16,11.752,3.81432,0,3.81432,0,5.411,0,5.94237,0,y1
16,11.8290933601999,3.77505,0,3.77505,0,5.38573,0,5.92227,0,y1
16,11.88,3.74968,0,3.74968,0,5.3692,0,5.90913,0,y1
16,12,3.69079,0,3.69079,0,5.33078,0,5.87863,0,y1
16,12.008,3.68689,0,3.68689,0,5.32824,0,5.87663,0,y1
16,12.1002697140239,3.64205,0,3.64205,0,5.29923,0,5.8537,0,y1
16,12.136,3.62474,0,3.62474,0,5.28811,0,5.84493,0,y1
16,12.264,3.5642,0,3.5642,0,5.24876,0,5.81397,0,y1
16,12.3776626571194,3.51367,0,3.51367,0,5.21451,0,5.78706,0,y1
16,12.392,3.50745,0,3.50745,0,5.21023,0,5.78371,0,y1
16,12.5,3.4607,0,3.4607,0,5.17833,0,5.7588,0,y1
16,12.52,3.45198,0,3.45198,0,5.17248,0,5.75425,0,y1
16,12.648,3.39646,0,3.39646,0,5.13542,0,5.72552,0,y1
16,12.6614147018462,3.39068,0,3.39068,0,5.13158,0,5.72255,0,y1
16,12.776,3.34159,0,3.34159,0,5.09914,0,5.69749,0,y1
16,12.904,3.28831,0,3.28831,0,5.06362,0,5.67027,0,y1
16,12.9516716275927,3.26916,0,3.26916,0,5.05056,0,5.66035,0,y1
16,13,3.25002,0,3.25002,0,5.0374,0,5.6504,0,y1
16,13.032,3.23727,0,3.23727,0,5.02875,0,5.64388,0,y1
16,13.16,3.18523,0,3.18523,0,4.99456,0,5.61828,0,y1
16,13.2485825556706,3.15032,0,3.15032,0,4.97132,0,5.60103,0,y1
16,13.288,3.1349,0,3.1349,0,4.96108,0,5.59347,0,y1
16,13.416,3.08506,0,3.08506,0,4.92828,0,5.56941,0,y1
16,13.5,3.05287,0,3.05287,0,4.9071,0,5.55398,0,y1
16,13.544,3.036,0,3.036,0,4.89611,0,5.54599,0,y1
16,13.5523000259267,3.03281,0,3.03281,0,4.89405,0,5.54449,0,y1
16,13.672,2.98716,1,2.98716,1,4.86448,0,5.52303,0,y1
16,13.8,2.93829,1,2.93829,1,4.83339,0,5.50034,0,y1
16,13.8629800751116,2.91522,1,2.91522,1,4.81832,0,5.48931,0,y1
16,13.928,2.89118,1,2.89118,1,4.80292,0,5.47805,0,y1
16,14,2.86431,1,2.86431,1,4.78603,0,5.46576,0,y1
16,14.056,2.84342,1,2.84342,1,4.77302,0,5.45634,0,y1
16,14.1807823170444,2.79609,1,2.79609,1,4.74434,0,5.43575,0,y1
16,14.184,2.79491,1,2.79491,1,4.74361,0,5.43523,0,y1
16,14.312,2.74926,1,2.74926,1,4.71456,0,5.41471,0,y1
16,14.44,2.70154,1,2.70154,1,4.68584,0,5.3947,0,y1
16,14.5,2.67979,1,2.67979,1,4.67255,0,5.38548,0,y1
16,14.5058700246152,2.67769,1,2.67769,1,4.67126,0,5.38458,0,y1
16,14.568,2.65536,1,2.65536,1,4.65765,0,5.37514,0,y1
16,14.696,2.60858,1,2.60858,1,4.63004,0,5.35605,0,y1
16,14.824,2.56251,1,2.56251,1,4.60286,0,5.33741,0,y1
16,14.8384102136676,2.55736,1,2.55736,1,4.59981,0,5.33534,0,y1
16,14.952,2.51529,1,2.51529,1,4.57587,0,5.31921,0,y1
16,15,2.49778,1,2.49778,1,4.56574,0,5.31249,0,y1
16,15.08,2.46879,1,2.46879,1,4.54893,0,5.30143,0,y1
16,15.1785737288045,2.43327,1,2.43327,1,4.52843,0,5.28801,0,y1
16,15.208,2.42252,1,2.42252,1,4.52237,0,5.28405,0,y1
16,15.336,2.3756,1,2.3756,1,4.49641,0,5.26704,0,y1
16,15.464,2.32905,1,2.32905,1,4.47096,0,5.25036,0,y1
16,15.5,2.31589,1,2.31589,1,4.46383,0,5.24573,0,y1
16,15.5265353311598,2.30619,1,2.30619,1,4.45859,0,5.24234,0,y1
16,15.592,2.28225,1,2.28225,1,4.44565,0,5.23402,0,y1
16,15.72,2.23581,1,2.23581,1,4.42024,0,5.21799,0,y1
16,15.848,2.18907,1,2.18907,1,4.39502,0,5.20222,0,y1
16,15.8824737881839,2.17646,1,2.17646,1,4.38829,0,5.19802,0,y1
16,15.976,2.14225,1,2.14225,1,4.37024,0,5.18672,0,y1
16,16,2.13352,1,2.13352,1,4.36565,0,5.18385,0,y1
16,16.104,2.09547,1,2.09547,1,4.34592,0,5.17148,0,y1
16,16.232,2.04869,1,2.04869,1,4.32157,0,5.15648,0,y1
16,16.246571965486,2.04332,1,2.04332,1,4.31879,0,5.15479,0,y1
16,16.36,2.00169,1,2.00169,1,4.29685,0,5.14169,0,y1
16,16.488,1.95448,1,1.95448,1,4.27185,0,5.12708,0,y1
16,16.5,1.95006,1,1.95006,1,4.26951,0,5.12572,0,y1
16,16.616,1.90745,1,1.90745,1,4.24697,0,5.11261,0,y1
16,16.6190169207827,1.90634,1,1.90634,1,4.24639,0,5.11227,0,y1
16,16.744,1.86025,1,1.86025,1,4.22296,0,5.09826,0,y1
16,16.872,1.81297,1,1.81297,1,4.19976,0,5.08406,0,y1
16,17,1.76554,1,1.76554,1,4.1761,0,5.07003,0,y1
17,1,0,1,0,1,0,1,0,1,y1
17,1.02216887738619,0,1,0,1,0,1,0,1,y1
17,1.04482921389695,0,1,0,1,0,1,0,1,y1
17,1.06799190462934,0,1,0,1,0,1,0,1,y1
17,1.09166808621252,0,1,0,1,0,1,0,1,y1
17,1.11586914216219,0,1,0,1,0,1,0,1,y1
17,1.116,0,1,0,1,0,1,0,1,y1
17,1.14060670835382,0,1,0,1,0,1,0,1,y1
17,1.16589267861718,0,1,0,1,0,1,0,1,y1
17,1.19173921045491,0,1,0,1,0,1,0,1,y1
17,1.2181587308878,0,1,0,1,0,1,0,1,y1
17,1.232,0,1,0,1,0,1,0,1,y1
17,1.24516394242977,0,1,0,1,0,1,0,1,y1
17,1.27276782919521,0,1,0,1,0,1,0,1,y1
17,1.30098366314173,0,1,0,1,0,1,0,1,y1
17,1.32982501045136,0,1,0,1,0,1,0,1,y1
17,1.348,0,1,0,1,0,1,0,1,y1
17,1.35930573805314,0,1,0,1,0,1,0,1,y1
17,1.38944002029039,0,1,0,1,0,1,0,1,y1
17,1.42024234573568,0,1,0,1,0,1,0,1,y1
17,1.45172752415698,0,1,0,1,0,1,0,1,y1
17,1.464,0,1,0,1,0,1,0,1,y1
17,1.48391069363817,0,1,0,1,0,1,0,1,y1
17,1.5,0,1,0,1,0,1,0,1,y1
17,1.5168073278575,0,1,0,1,0,1,0,1,y1
17,1.55043324352725,0,1,0,1,0,1,0,1,y1
17,1.58,0,1,0,1,0,1,0,1,y1
17,1.58480460799848,0,1,0,1,0,1,0,1,y1
17,1.61993794703428,0,1,0,1,0,1,0,1,y1
17,1.65585015275532,0,1,0,1,0,1,0,1,y1
17,1.69255849176166,0,1,0,1,0,1,0,1,y1
17,1.696,0,1,0,1,0,1,0,1,y1
17,1.73008061343449,0.349886,1,0.349886,1,0,1,0,1,y1
17,1.76843455842195,1.10455,1,1.10455,1,0,1,0,1,y1
17,1.80763876731311,1.70349,1,1.70349,1,0,1,0,1,y1
17,1.812,1.7632,1,1.7632,1,0,1,0,1,y1
17,1.8477120895042,2.21115,1,2.21115,1,0,1,0,1,y1
17,1.88867379226141,2.6515,1,2.6515,1,0,1,0,1,y1
17,1.928,3.0179,0,3.0179,0,0,1,0,1,y1
17,1.93054356998457,3.04001,0,3.04001,0,0,1,0,1,y1
17,1.97334155367626,3.38724,0,3.38724,0,0,1,0.263601,1,y1
17,2,3.58266,0,3.58266,0,0,1,0.561278,1,y1
17,2.01708832062079,3.70077,0,3.70077,0,0,1,0.707157,1,y1
17,2.044,3.87654,0,3.87654,0,0,1,0.899748,1,y1
17,2.06180490427776,3.98652,0,3.98652,0,0,1,1.01199,1,y1
17,2.10751280439494,4.24837,0,4.24837,0,0.189003,1,1.27064,1,y1
17,2.1542339973454,4.49036,0,4.49036,0,0.773705,1,1.51122,1,y1
17,2.16,4.51867,0,4.51867,0,0.82773,1,1.53983,1,y1
17,2.20199094669372,4.7153,0,4.7153,0,1.17517,1,1.7424,1,y1
17,2.25080661399648,4.92389,0,4.92389,0,1.5253,1,1.96662,1,y1
17,2.276,5.02466,0,5.02466,0,1.693,1,2.07799,1,y1
17,2.30070446984221,5.11919,0,5.11919,0,1.85061,1,2.18447,1,y1
17,2.351708505136,5.30293,0,5.30293,0,2.15672,1,2.39619,1,y1
17,2.392,5.43792,0,5.43792,0,2.38194,1,2.55615,1,y1
17,2.40384324263443,5.47607,0,5.47607,0,2.44561,1,2.602,1,y1
17,2.45713374873602,5.64002,0,5.64002,0,2.71902,1,2.80215,1,y1
17,2.5,5.76297,0,5.76297,0,2.9246,1,2.95631,1,y1
17,2.508,5.78523,0,5.78523,0,2.96171,1,2.98445,1,y1
17,2.51160564553323,5.79518,0,5.79518,0,2.97831,1,2.99707,1,y1
17,2.56728512313153,5.94206,0,5.94206,0,3.22507,0,3.18706,0,y1
17,2.624,6.08254,0,6.08254,0,3.45974,0,3.37148,0,y1
17,2.62419895224163,6.08302,0,6.08302,0,3.46054,0,3.37211,0,y1
17,2.68237449705085,6.21726,0,6.21726,0,3.68497,0,3.5526,0,y1
17,2.74,6.34088,0,6.34088,0,3.89271,0,3.72346,0,y1
17,2.74183972837982,6.34469,0,6.34469,0,3.89911,0,3.7288,0,y1
17,2.80262323713087,6.46582,0,6.46582,0,4.10427,0,3.90081,0,y1
17,2.856,6.56544,0,6.56544,0,4.27363,0,4.04544,0,y1
17,2.86475424803452,6.58124,0,6.58124,0,4.30047,0,4.06867,0,y1
17,2.92826263370077,6.69137,0,6.69137,0,4.48892,0,4.23295,0,y1
17,2.972,6.76296,0,6.76296,0,4.61265,0,4.34201,0,y1
17,2.99317892898186,6.79644,0,6.79644,0,4.67097,0,4.39376,0,y1
17,3,6.80706,0,6.80706,0,4.68952,0,4.41026,0,y1
17,3.05953434565339,6.89665,0,6.89665,0,4.84692,0,4.55053,0,y1
17,3.088,6.93757,0,6.93757,0,4.91946,0,4.61546,0,y1
17,3.12736078742103,6.99218,0,6.99218,0,5.0169,0,4.70321,0,y1
17,3.19669086525975,7.08318,0,7.08318,0,5.18103,0,4.8523,0,y1
17,3.204,7.0924,0,7.0924,0,5.19779,0,4.86771,0,y1
17,3.26755791309326,7.16968,0,7.16968,0,5.33958,0,4.99885,0,y1
17,3.32,7.2297,0,7.2297,0,5.45139,0,5.10269,0,y1
17,3.33999600382091,7.25171,0,7.25171,0,5.49284,0,5.14131,0,y1
17,3.41403996569999,7.32923,0,7.32923,0,5.64113,0,5.28047,0,y1
17,3.436,7.35102,0,7.35102,0,5.68365,0,5.32079,0,y1
17,3.48972539909116,7.40213,0,7.40213,0,5.78489,0,5.41741,0,y1
17,3.5,7.41156,0,7.41156,0,5.80383,0,5.43558,0,y1
17,3.552,7.45752,0,7.45752,0,5.89761,0,5.52633,0,y1
17,3.5670886935751,7.47033,0,7.47033,0,5.92419,0,5.55226,0,y1
17,3.64616704544864,7.53369,0,7.53369,0,6.05916,0,5.68474,0,y1
17,3.668,7.55008,0,7.55008,0,6.09518,0,5.72037,0,y1
17,3.72699847560877,7.59203,0,7.59203,0,6.18996,0,5.81489,0,y1
17,3.784,7.62939,0,7.62939,0,6.27815,0,5.90333,0,y1
17,3.80962184783307,7.64519,0,7.64519,0,6.31675,0,5.94228,0,y1
17,3.89407688746544,7.69299,0,7.69299,0,6.43967,0,6.06732,0,y1
17,3.9,7.6961,0,7.6961,0,6.44805,0,6.07587,0,y1
17,3.98040420051607,7.73527,0,7.73527,0,6.5588,0,6.18966,0,y1
17,4,7.74397,0,7.74397,0,6.58497,0,6.21678,0,y1
17,4.016,7.75083,0,7.75083,0,6.60611,0,6.2387,0,y1
17,4.0686452931848,7.7719,0,7.7719,0,6.67422,0,6.30947,0,y1
17,4.132,7.79426,0,7.79426,0,6.75333,0,6.39245,0,y1
17,4.15884259181733,7.80277,0,7.80277,0,6.78594,0,6.42689,0,y1
17,4.248,7.82712,0,7.82712,0,6.89047,0,6.53801,0,y1
17,4.25103946330381,7.82785,0,7.82785,0,6.89394,0,6.54171,0,y1
17,4.34528023592966,7.84711,0,7.84711,0,6.99818,0,6.65392,0,y1
17,4.364,7.85021,0,7.85021,0,7.01817,0,6.67553,0,y1
17,4.44161022068863,7.86062,0,7.86062,0,7.09855,0,6.7631,0,y1
17,4.48,7.86438,0,7.86438,0,7.13685,0,6.80521,0,y1
17,4.5,7.86598,0,7.86598,0,7.15642,0,6.82682,0,y1
17,4.54007573306834,7.8685,0,7.8685,0,7.19487,0,6.86946,0,y1
17,4.596,7.87051,0,7.87051,0,7.24683,0,6.92751,0,y1
17,4.64072411531876,7.87091,0,7.87091,0,7.28696,0,6.97271,0,y1
17,4.712,7.86949,0,7.86949,0,7.34832,0,7.04251,0,y1
17,4.74360375921441,7.8681,0,7.8681,0,7.37452,0,7.07259,0,y1
17,4.828,7.86225,0,7.86225,0,7.44143,0,7.15019,0,y1
17,4.84876412932112,7.86036,0,7.86036,0,7.45721,0,7.16867,0,y1
17,4.944,7.84963,0,7.84963,0,7.52617,0,7.25027,0,y1
17,4.95625578677862,7.84802,0,7.84802,0,7.53463,0,7.26038,0,y1
17,5,7.84183,0,7.84183,0,7.56403,0,7.29573,0,y1
17,5.06,7.83231,0,7.83231,0,7.60228,0,7.3423,0,y1
17,5.06613041361032,7.83127,0,7.83127,0,7.60605,0,7.34693,0,y1
17,5.176,7.81085,0,7.81085,0,7.66913,0,7.42592,0,y1
17,5.17844083757211,7.81036,0,7.81036,0,7.67043,0,7.42758,0,y1
17,5.292,7.78609,0,7.78609,0,7.7263,0,7.50103,0,y1
17,5.2932410575519,7.78581,0,7.78581,0,7.72686,0,7.50179,0,y1
17,5.408,7.75857,0,7.75857,0,7.77342,0,7.56749,0,y1
17,5.41058626953234,7.75793,0,7.75793,0,7.77436,0,7.56887,0,y1
17,5.5,7.73504,0,7.73504,0,7.80405,0,7.61392,0,y1
17,5.524,7.72868,0,7.72868,0,7.81113,0,7.62512,0,y1
17,5.53053289312902,7.72694,0,7.72694,0,7.813,0,7.62811,0,y1
17,5.64,7.69682,0,7.69682,0,7.84025,0,7.67398,0,y1
17,5.65313859871711,7.6931,0,7.6931,0,7.84299,0,7.67897,0,y1
17,5.756,7.66335,0,7.66335,0,7.86025,0,7.7141,0,y1
17,5.77846233515922,7.65671,0,7.65671,0,7.863,0,7.72085,0,y1
17,5.872,7.6286,0,7.6286,0,7.87079,0,7.74546,0,y1
17,5.9065643581481,7.61803,0,7.61803,0,7.87231,0,7.75318,0,y1
17,5.988,7.59275,0,7.59275,0,7.87342,0,7.76853,0,y1
17,6,7.58899,0,7.58899,0,7.87333,0,7.77046,0,y1
17,6.03750625917755,7.57716,0,7.57716,0,7.87255,0,7.77596,0,y1
17,6.104,7.556,0,7.556,0,7.86928,0,7.78367,0,y1
17,6.17135099515563,7.53431,0,7.53431,0,7.86332,0,7.78882,0,y1
17,6.22,7.51845,0,7.51845,0,7.85715,0,7.79091,0,y1
17,6.3081629186744,7.48907,0,7.48907,0,7.84248,0,7.79155,0,y1
17,6.336,7.47956,0,7.47956,0,7.83705,0,7.79097,0,y1
17,6.44800780895062,7.43986,0,7.43986,0,7.8125,0,7.78494,0,y1
17,6.452,7.4384,0,7.4384,0,7.81156,0,7.78461,0,y1
17,6.5,7.4206,0,7.4206,0,7.79961,0,7.78003,0,y1
17,6.568,7.39468,0,7.39468,0,7.78067,0,7.77182,0,y1
17,6.59095290345246,7.38575,0,7.38575,0,7.77362,0,7.76864,0,y1
17,6.684,7.34858,0,7.34858,0,7.74254,0,7.75366,0,y1
17,6.73706693022727,7.32664,0,7.32664,0,7.72355,0,7.74353,0,y1
17,6.8,7.29985,0,7.29985,0,7.70014,0,7.7301,0,y1
17,6.88642014094606,7.2617,0,7.2617,0,7.66554,0,7.70933,0,y1
17,6.916,7.2483,0,7.2483,0,7.65278,0,7.70166,0,y1
17,7,7.20929,0,7.20929,0,7.61444,0,7.67838,0,y1
17,7.032,7.19406,0,7.19406,0,7.59913,0,7.66893,0,y1
17,7.03908434468051,7.19066,0,7.19066,0,7.5957,0,7.6668,0,y1
17,7.148,7.13711,0,7.13711,0,7.54117,0,7.63215,0,y1
17,7.1951329424288,7.11319,0,7.11319,0,7.51665,0,7.61612,0,y1
17,7.264,7.07743,0,7.07743,0,7.47996,0,7.59164,0,y1
17,7.35464096240686,7.02887,0,7.02887,0,7.4291,0,7.55753,0,y1
17,7.38,7.01498,0,7.01498,0,7.41404,0,7.54762,0,y1
17,7.496,6.94971,0,6.94971,0,7.3418,0,7.50032,0,y1
17,7.5,6.9474,0,6.9474,0,7.33926,0,7.49864,0,y1
17,7.51768509612194,6.93719,0,6.93719,0,7.32804,0,7.49113,0,y1
17,7.612,6.88157,0,6.88157,0,7.2677,0,7.44992,0,y1
17,7.68434373524588,6.83762,0,6.83762,0,7.22001,0,7.41699,0,y1
17,7.728,6.81056,0,6.81056,0,7.1903,0,7.39657,0,y1
17,7.844,6.73664,0,6.73664,0,7.10748,0,7.34038,0,y1
17,7.85469700930591,6.72967,0,6.72967,0,7.09951,0,7.33506,0,y1
17,7.96,6.65977,0,6.65977,0,7.01923,0,7.28147,0,y1
17,8,6.63258,0,6.63258,0,6.98888,0,7.26053,0,y1
17,8.02882682421091,6.61277,0,6.61277,0,6.96712,0,7.24524,0,y1
17,8.076,6.57994,0,6.57994,0,6.93115,0,7.21989,0,y1
17,8.192,6.49718,0,6.49718,0,6.83777,0,7.15578,0,y1
17,8.20681690163182,6.48641,0,6.48641,0,6.82561,0,7.14741,0,y1
17,8.308,6.4117,0,6.4117,0,6.74252,0,7.08925,0,y1
17,8.38875281925503,6.35066,0,6.35066,0,6.67393,0,7.04154,0,y1
17,8.424,6.32362,0,6.32362,0,6.6433,0,7.02036,0,y1
17,8.5,6.26453,0,6.26453,0,6.57628,0,6.97398,0,y1
17,8.54,6.233,0,6.233,0,6.54068,0,6.94916,0,y1
17,8.57472205192818,6.2054,0,6.2054,0,6.50987,0,6.92739,0,y1
17,8.656,6.13999,0,6.13999,0,6.4374,0,6.87563,0,y1
17,8.76481401371806,6.0508,0,6.0508,0,6.33665,0,6.8047,0,y1
17,8.772,6.04485,0,6.04485,0,6.32991,0,6.79995,0,y1
17,8.888,5.94783,0,5.94783,0,6.2215,0,6.72224,0,y1
17,8.95912010090097,5.88753,0,5.88753,0,6.15493,0,6.67362,0,y1
17,9,5.85262,0,5.85262,0,6.11624,0,6.64534,0,y1
17,9.004,5.8492,0,5.8492,0,6.11241,0,6.64256,0,y1
17,9.12,5.74928,0,5.74928,0,5.99968,0,6.56098,0,y1
17,9.15773373590602,5.71656,0,5.71656,0,5.96312,0,6.53406,0,y1
17,9.236,5.64846,0,5.64846,0,5.88804,0,6.47762,0,y1
17,9.352,5.54714,0,5.54714,0,5.77606,0,6.39258,0,y1
17,9.36075041223273,5.53949,0,5.53949,0,5.76753,0,6.3861,0,y1
17,9.468,5.44576,0,5.44576,0,5.66271,0,6.30594,0,y1
17,9.5,5.41784,0,5.41784,0,5.63205,0,6.28178,0,y1
17,9.56826774036427,5.35839,0,5.35839,0,5.56616,0,6.22984,0,y1
17,9.584,5.34472,0,5.34472,0,5.55087,0,6.2178,0,y1
17,9.7,5.24447,0,5.24447,0,5.43853,0,6.12838,0,y1
17,9.78038549469867,5.17567,0,5.17567,0,5.36116,0,6.06577,0,y1
17,9.816,5.14539,0,5.14539,0,5.32696,0,6.0379,0,y1
17,9.932,5.04784,0,5.04784,0,5.21585,0,5.9466,0,y1
17,9.99720566152035,4.99381,0,4.99381,0,5.15397,0,5.89487,0,y1
17,10,4.99151,0,4.99151,0,5.15133,0,5.89264,0,y1
17,10.048,4.95214,0,4.95214,0,5.10599,0,5.85431,0,y1
17,10.164,4.85851,0,4.85851,0,4.99729,0,5.76098,0,y1
17,10.2188324880352,4.81506,0,4.81506,0,4.94641,0,5.71662,0,y1
17,10.28,4.7672,0,4.7672,0,4.89004,0,5.667,0,y1
17,10.396,4.67824,0,4.67824,0,4.7843,0,5.57254,0,y1
17,10.4453725324925,4.64124,0,4.64124,0,4.73972,0,5.53223,0,y1
17,10.5,4.60101,0,4.60101,0,4.69048,0,5.48755,0,y1
17,10.512,4.59227,0,4.59227,0,4.67979,0,5.47773,0,y1
17,10.628,4.50918,0,4.50918,0,4.57714,0,5.3827,0,y1
17,10.6769347154184,4.47431,0,4.47431,0,4.53427,0,5.34259,0,y1
17,10.744,4.42691,0,4.42691,0,4.47598,0,5.28763,0,y1
17,10.86,4.34748,0,4.34748,0,4.37648,0,5.19267,0,y1
17,10.9136303719849,4.31167,0,4.31167,0,4.33101,0,5.14885,0,y1
17,10.976,4.27069,0,4.27069,0,4.27859,0,5.09795,0,y1
17,11,4.25514,0,4.25514,0,4.25856,0,5.07839,0,y1
17,11.092,4.1966,0,4.1966,0,4.18239,0,5.0036,0,y1
17,11.1555733055397,4.15708,0,4.15708,0,4.13029,0,4.95207,0,y1
17,11.208,4.12501,0,4.12501,0,4.08763,0,4.90963,0,y1
17,11.324,4.05582,0,4.05582,0,3.99452,0,4.81571,0,y1
17,11.4028798423229,4.01009,0,4.01009,0,3.932,0,4.75226,0,y1
17,11.44,3.9889,0,3.9889,0,3.90275,0,4.72259,0,y1
17,11.5,3.95515,0,3.95515,0,3.8559,0,4.67491,0,y1
17,11.556,3.92416,0,3.92416,0,3.81264,0,4.63068,0,y1
17,11.6556688873968,3.87018,0,3.87018,0,3.73599,0,4.55224,0,y1
17,11.672,3.86147,0,3.86147,0,3.72341,0,4.53939,0,y1
17,11.788,3.80071,0,3.80071,0,3.63535,0,4.44812,0,y1
17,11.904,3.74178,0,3.74178,0,3.54899,0,4.35828,0,y1
17,11.9140619818156,3.73675,0,3.73675,0,3.54149,0,4.35059,0,y1
17,12,3.69427,0,3.69427,0,3.4782,0,4.28558,0,y1
17,12.02,3.68451,0,3.68451,0,3.46375,0,4.27063,0,y1
17,12.136,3.62886,0,3.62886,0,3.38148,0,4.18422,0,y1
17,12.178183361062,3.60903,0,3.60903,0,3.35175,0,4.15258,0,y1
17,12.252,3.57518,0,3.57518,0,3.30013,0,4.09741,0,y1
17,12.368,3.52199,0,3.52199,0,3.21983,0,4.01181,0,y1
17,12.4481600147799,3.48575,0,3.48575,0,3.16421,0,3.95352,0,y1
17,12.484,3.46984,0,3.46984,0,3.13918,0,3.92758,0,y1
17,12.5,3.46279,0,3.46279,0,3.12802,0,3.91603,0,y1
17,12.6,3.41927,0,3.41927,0,3.06023,0,3.84438,0,y1
17,12.716,3.36973,0,3.36973,0,2.98359,1,3.76228,0,y1
17,12.7241217478313,3.36625,0,3.36625,0,2.97822,1,3.75657,0,y1
17,12.832,3.31996,0,3.31996,0,2.90699,1,3.68125,0,y1
17,12.948,3.27321,0,3.27321,0,2.83105,1,3.6013,0,y1
17,13,3.25245,0,3.25245,0,2.79757,1,3.56582,0,y1
17,13.006201242706,3.24997,0,3.24997,0,2.79361,1,3.5616,0,y1
17,13.064,3.22676,0,3.22676,0,2.75685,1,3.52243,0,y1
17,13.18,3.17921,0,3.17921,0,2.68253,1,3.44458,0,y1
17,13.2945341233157,3.13425,0,3.13425,0,2.61045,1,3.36871,0,y1
17,13.296,3.13369,0,3.13369,0,2.60954,1,3.36775,0,y1
17,13.412,3.08848,0,3.08848,0,2.53726,1,3.29196,0,y1
17,13.5,3.0543,0,3.0543,0,2.48289,1,3.23508,0,y1
17,13.528,3.04377,0,3.04377,0,2.46528,1,3.21709,0,y1
17,13.589259020202,3.02097,0,3.02097,0,2.42718,1,3.17793,0,y1
17,13.644,3.00013,0,3.00013,0,2.39385,1,3.14319,0,y1
17,13.76,2.95599,1,2.95599,1,2.32298,1,3.07043,0,y1
17,13.876,2.91222,1,2.91222,1,2.25349,1,2.99824,1,y1
17,13.8905176371901,2.90664,1,2.90664,1,2.24481,1,2.98924,1,y1
17,13.992,2.86893,1,2.86893,1,2.18476,1,2.92728,1,y1
17,14,2.86598,1,2.86598,1,2.17994,1,2.9225,1,y1
17,14.108,2.82588,1,2.82588,1,2.11532,1,2.85907,1,y1
17,14.1984548195197,2.79239,1,2.79239,1,2.06203,1,2.80459,1,y1
17,14.224,2.78294,1,2.78294,1,2.04668,1,2.78903,1,y1
17,14.34,2.74023,1,2.74023,1,1.97932,1,2.72001,1,y1
17,14.456,2.69766,1,2.69766,1,1.91148,1,2.65222,1,y1
17,14.5,2.68152,1,2.68152,1,1.88586,1,2.62637,1,y1
17,14.513218623487,2.67667,1,2.67667,1,1.87817,1,2.61857,1,y1
17,14.572,2.65514,1,2.65514,1,1.84407,1,2.58382,1,y1
17,14.688,2.61253,1,2.61253,1,1.777,1,2.51876,1,y1
17,14.804,2.57055,1,2.57055,1,1.71029,1,2.454,1,y1
17,14.8349603876301,2.55925,1,2.55925,1,1.6925,1,2.43647,1,y1
17,14.92,2.52829,1,2.52829,1,1.64382,1,2.38817,1,y1
17,15,2.49978,1,2.49978,1,1.59807,1,2.34417,1,y1
17,15.036,2.48623,1,2.48623,1,1.57754,1,2.32477,1,y1
17,15.152,2.44348,1,2.44348,1,1.5115,1,2.26161,1,y1
17,15.1638348054925,2.43912,1,2.43912,1,1.50479,1,2.25504,1,y1
17,15.268,2.40109,1,2.40109,1,1.44588,1,2.19663,1,y1
17,15.384,2.35958,1,2.35958,1,1.38035,1,2.13528,1,y1
17,15.5,2.31634,1,2.31634,1,1.31491,1,2.07188,1,y1
18,1,0,1,0,1,0,1,0,1,y1
18,1.02190077866029,0,1,0,1,0,1,0,1,y1
18,1.04428120142651,0,1,0,1,0,1,0,1,y1
18,1.06715177287806,0,1,0,1,0,1,0,1,y1
18,1.0905232276528,0,1,0,1,0,1,0,1,y1
18,1.112,0,1,0,1,0,1,0,1,y1
18,1.11440653548553,0,1,0,1,0,1,0,1,y1
18,1.13881290635678,0,1,0,1,0,1,0,1,y1
18,1.16375379575438,0,1,0,1,0,1,0,1,y1
18,1.18924091005028,0,1,0,1,0,1,0,1,y1
18,1.21528621199505,0,1,0,1,0,1,0,1,y1
18,1.224,0,1,0,1,0,1,0,1,y1
18,1.24190192633286,0,1,0,1,0,1,0,1,y1
18,1.26910054553927,0,1,0,1,0,1,0,1,y1
18,1.29689483568478,0,1,0,1,0,1,0,1,y1
18,1.32529784242679,0,1,0,1,0,1,0,1,y1
18,1.336,0,1,0,1,0,1,0,1,y1
18,1.35432289713274,0,1,0,1,0,1,0,1,y1
18,1.38398362313741,0,1,0,1,0,1,0,1,y1
18,1.41429394213721,0,1,0,1,0,1,0,1,y1
18,1.44526808072455,0,1,0,1,0,1,0,1,y1
18,1.448,0,1,0,1,0,1,0,1,y1
18,1.47692057706528,0,1,0,1,0,1,0,1,y1
18,1.5,0,1,0,1,0,1,0,1,y1
18,1.50926628772242,0,1,0,1,0,1,0,1,y1
18,1.54232039462927,0,1,0,1,0,1,0,1,y1
18,1.56,0,1,0,1,0,1,0,1,y1
18,1.5760984122153,0,1,0,1,0,1,0,1,y1
18,1.61061619468806,0,1,0,1,0,1,0,1,y1
18,1.64588994347461,0,1,0,1,0,1,0,1,y1
18,1.672,0,1,0,1,0,1,0,1,y1
18,1.68193621482585,0,1,0,1,0,1,0,1,y1
18,1.71877192758748,0.0511183,1,0.0511183,1,0,1,0,1,y1
18,1.7564143711411,0.892839,1,0.892839,1,0,1,0,1,y1
18,1.784,1.35704,1,1.35704,1,0,1,0,1,y1
18,1.79488121351921,1.52152,1,1.52152,1,0,1,0,1,y1
18,1.83419050969801,2.0495,1,2.0495,1,0,1,0,1,y1
18,1.87436071007172,2.50527,1,2.50527,1,0,1,0,1,y1
18,1.896,2.72356,1,2.72356,1,0,1,0,1,y1
18,1.91541066911255,2.90585,1,2.90585,1,0,1,0,1,y1
18,1.95735965422034,3.26269,0,3.26269,0,0,1,0,1,y1
18,2,3.58271,0,3.58271,0,0,1,0,1,y1
18,2.00022735476601,3.58432,0,3.58432,0,0,1,0,1,y1
18,2.008,3.63865,0,3.63865,0,0,1,0,1,y1
18,2.044033891333,3.87668,0,3.87668,0,0,1,0,1,y1
18,2.08879982516122,4.14474,0,4.14474,0,0,1,0,1,y1
18,2.12,4.31595,0,4.31595,0,0,1,0,1,y1
18,2.13454616779773,4.39182,0,4.39182,0,0,1,0,1,y1
18,2.18129439095885,4.6207,0,4.6207,0,0,1,0,1,y1
18,2.22906643660817,4.83392,0,4.83392,0,0,1,0,1,y1
18,2.232,4.84639,0,4.84639,0,0,1,0,1,y1
18,2.27788472725541,5.03309,0,5.03309,0,0,1,0,1,y1
18,2.3277721764807,5.22006,0,5.22006,0,0,1,0,1,y1
18,2.344,5.27767,0,5.27767,0,0,1,0,1,y1
18,2.37875219968939,5.39615,0,5.39615,0,0,1,0,1,y1
18,2.43084872510247,5.56231,0,5.56231,0,0,1,0,1,y1
18,2.456,5.63819,0,5.63819,0,0,1,0,1,y1
18,2.48408620498759,5.71973,0,5.71973,0,0,1,0,1,y1
18,2.5,5.76469,0,5.76469,0,0,1,0,1,y1
18,2.53848962713611,5.86974,0,5.86974,0,0,1,0,1,y1
18,2.568,5.94675,0,5.94675,0,0,1,0,1,y1
18,2.59408452659146,6.01233,0,6.01233,0,0,1,0,1,y1
18,2.65089699763443,6.14767,0,6.14767,0,0,1,0,1,y1
18,2.68,6.21331,0,6.21331,0,0.359906,1,0,1,y1
18,2.70895370603086,6.27633,0,6.27633,0,1.75415,1,0,1,y1
18,2.76828190154762,6.39888,0,6.39888,0,3.24288,0,2.32493,1,y1
18,2.792,6.44557,0,6.44557,0,3.63433,0,2.89531,1,y1
18,2.8289094307427,6.51576,0,6.51576,0,4.12586,0,3.55772,0,y1
18,2.89086475003541,6.62734,0,6.62734,0,4.74912,0,4.3385,0,y1
18,2.904,6.65005,0,6.65005,0,4.85873,0,4.47106,0,y1
18,2.95417693906278,6.73393,0,6.73393,0,5.22662,0,4.90485,0,y1
18,3,6.80674,0,6.80674,0,5.50788,0,5.22696,0,y1
18,3.016,6.83136,0,6.83136,0,5.59657,0,5.32694,0,y1
18,3.01887571432853,6.83574,0,6.83574,0,5.61206,0,5.34431,0,y1
18,3.08499144315097,6.93293,0,6.93293,0,5.93329,0,5.70174,0,y1
18,3.128,6.99269,0,6.99269,0,6.11106,0,5.89887,0,y1
18,3.15255515791632,7.02565,0,7.02565,0,6.20435,0,6.00147,0,y1
18,3.2215985706442,7.11393,0,7.11393,0,6.44045,0,6.25837,0,y1
18,3.24,7.13643,0,7.13643,0,6.49775,0,6.32009,0,y1
18,3.2921540878722,7.19788,0,7.19788,0,6.64921,0,6.48216,0,y1
18,3.352,7.26433,0,7.26433,0,6.80542,0,6.64798,0,y1
18,3.36425482586626,7.27743,0,7.27743,0,6.83536,0,6.67963,0,y1
18,3.43793462616438,7.35253,0,7.35253,0,7.00255,0,6.85567,0,y1
18,3.464,7.37765,0,7.37765,0,7.05693,0,6.91272,0,y1
18,3.5,7.41116,0,7.41116,0,7.12839,0,6.98756,0,y1
18,3.51322807146056,7.42312,0,7.42312,0,7.15365,0,7.01398,0,y1
18,3.576,7.47737,0,7.47737,0,7.26679,0,7.13211,0,y1
18,3.59017050183674,7.48906,0,7.48906,0,7.29089,0,7.15724,0,y1
18,3.66879803135018,7.55022,0,7.55022,0,7.41606,0,7.28762,0,y1
18,3.688,7.56423,0,7.56423,0,7.44457,0,7.31729,0,y1
18,3.74914756498409,7.60646,0,7.60646,0,7.53054,0,7.40671,0,y1
18,3.8,7.63887,0,7.63887,0,7.59685,0,7.47569,0,y1
18,3.83125681596958,7.65759,0,7.65759,0,7.63545,0,7.51586,0,y1
18,3.912,7.70184,0,7.70184,0,7.72818,0,7.61246,0,y1
18,3.91516432348687,7.70345,0,7.70345,0,7.73162,0,7.61605,0,y1
18,4,7.74351,0,7.74351,0,7.81882,0,7.70718,0,y1
18,4.00090947075423,7.74391,0,7.74391,0,7.8197,0,7.70811,0,y1
18,4.024,7.75372,0,7.75372,0,7.84181,0,7.73127,0,y1
18,4.08853250351308,7.77882,0,7.77882,0,7.90023,0,7.79262,0,y1
18,4.136,7.79514,0,7.79514,0,7.94019,0,7.83472,0,y1
18,4.17807454891793,7.80812,0,7.80812,0,7.97359,0,7.87003,0,y1
18,4.248,7.82675,0,7.82675,0,8.02512,0,7.92484,0,y1
18,4.26957763483998,7.83177,0,7.83177,0,8.04006,0,7.9408,0,y1
18,4.36,7.84929,0,7.84929,0,8.09803,0,8.00306,0,y1
18,4.36308470959355,7.84979,0,7.84979,0,8.09988,0,8.00506,0,y1
18,4.45863966209446,7.86223,0,7.86223,0,8.15323,0,8.0632,0,y1
18,4.472,7.86352,0,7.86352,0,8.1601,0,8.07077,0,y1
18,4.5,7.86587,0,7.86587,0,8.17404,0,8.08622,0,y1
18,4.55628734245999,7.86924,0,7.86924,0,8.20025,0,8.11547,0,y1
18,4.584,7.87025,0,7.87025,0,8.21231,0,8.12903,0,y1
18,4.6560735830599,7.87097,0,7.87097,0,8.24114,0,8.16176,0,y1
18,4.696,7.87026,0,7.87026,0,8.25559,0,8.17832,0,y1
18,4.75804522002853,7.86766,0,7.86766,0,8.2759,0,8.20182,0,y1
18,4.808,7.86433,0,7.86433,0,8.29036,0,8.21882,0,y1
18,4.86225011524803,7.85954,0,7.85954,0,8.30413,0,8.2354,0,y1
18,4.92,7.8532,0,7.8532,0,8.31654,0,8.25096,0,y1
18,4.96873717881306,7.84691,0,7.84691,0,8.32516,0,8.26245,0,y1
18,5,7.84244,0,7.84244,0,8.3298,0,8.26906,0,y1
18,5.032,7.83755,0,7.83755,0,8.33391,0,8.27522,0,y1
18,5.07755639198741,7.83004,0,7.83004,0,8.3387,0,8.28295,0,y1
18,5.144,7.81802,0,7.81802,0,8.34372,0,8.2921,0,y1
18,5.18875883066347,7.80926,0,7.80926,0,8.34583,0,8.29689,0,y1
18,5.256,7.79518,0,7.79518,0,8.34698,0,8.30204,0,y1
18,5.30239668933547,7.78486,0,7.78486,0,8.34642,0,8.30422,0,y1
18,5.368,7.76952,0,7.76952,0,8.34375,0,8.30542,0,y1
18,5.41852330559767,7.75715,0,7.75715,0,8.34015,0,8.30489,0,y1
18,5.48,7.74151,0,7.74151,0,8.33406,0,8.30261,0,y1
18,5.5,7.73629,0,7.73629,0,8.33168,0,8.30148,0,y1
18,5.5371931851792,7.72642,0,7.72642,0,8.32674,0,8.29889,0,y1
18,5.592,7.71153,0,7.71153,0,8.31823,0,8.29392,0,y1
18,5.65846202752709,7.69293,0,7.69293,0,8.30602,0,8.28609,0,y1
18,5.704,7.67989,0,7.67989,0,8.29647,0,8.2796,0,y1
18,5.78238675194963,7.65691,0,7.65691,0,8.27783,0,8.26633,0,y1
18,5.816,7.64687,0,7.64687,0,8.269,0,8.25984,0,y1
18,5.90902552433228,7.61857,0,7.61857,0,8.24192,0,8.23941,0,y1
18,5.928,7.61271,0,7.61271,0,8.23593,0,8.2348,0,y1
18,6,7.59028,0,7.59028,0,8.21175,0,8.21594,0,y1
18,6.0384377844387,7.57818,0,7.57818,0,8.1979,0,8.205,0,y1
18,6.04,7.57769,0,7.57769,0,8.19732,0,8.20454,0,y1
18,6.152,7.54192,0,7.54192,0,8.15314,0,8.1691,0,y1
18,6.17068427380964,7.53587,0,7.53587,0,8.14523,0,8.16268,0,y1
18,6.264,7.50522,0,7.50522,0,8.10331,0,8.12845,0,y1
18,6.30582706427289,7.4912,0,7.4912,0,8.08321,0,8.11192,0,y1
18,6.376,7.46714,0,7.46714,0,8.04765,0,8.08253,0,y1
18,6.44392958707761,7.44302,0,7.44302,0,8.01096,0,8.05206,0,y1
18,6.488,7.42681,0,7.42681,0,7.98595,0,8.03122,0,y1
18,6.5,7.42232,0,7.42232,0,7.97897,0,8.0254,0,y1
18,6.5850566626667,7.38969,0,7.38969,0,7.92743,0,7.98228,0,y1
18,6.6,7.38383,0,7.38383,0,7.91799,0,7.97437,0,y1
18,6.712,7.33857,0,7.33857,0,7.84348,0,7.91181,0,y1
18,6.72927453110125,7.33136,0,7.33136,0,7.8314,0,7.90164,0,y1
18,6.824,7.29076,0,7.29076,0,7.76227,0,7.84333,0,y1
18,6.87665088315124,7.26745,0,7.26745,0,7.72169,0,7.80902,0,y1
18,6.936,7.24052,0,7.24052,0,7.67405,0,7.7687,0,y1
18,7,7.21066,0,7.21066,0,7.62036,0,7.72322,0,y1
18,7.02725489206724,7.19769,0,7.19769,0,7.59675,0,7.70321,0,y1
18,7.048,7.18771,0,7.18771,0,7.57847,0,7.68772,0,y1
18,7.16,7.1323,0,7.1323,0,7.4752,0,7.60017,0,y1
18,7.18115724604786,7.12155,0,7.12155,0,7.4548,0,7.58288,0,y1
18,7.272,7.07433,0,7.07433,0,7.36396,0,7.50586,0,y1
18,7.33843018141831,7.03872,0,7.03872,0,7.29414,0,7.44668,0,y1
18,7.384,7.01377,0,7.01377,0,7.24457,0,7.40466,0,y1
18,7.496,6.95059,0,6.95059,0,7.11698,0,7.29641,0,y1
18,7.49914751653556,6.94877,0,6.94877,0,7.11327,0,7.29327,0,y1
18,7.5,6.94828,0,6.94828,0,7.11227,0,7.29241,0,y1
18,7.608,6.88476,0,6.88476,0,6.98105,0,7.18097,0,y1
18,7.66338468643608,6.85122,0,6.85122,0,6.91085,0,7.12103,0,y1
18,7.72,6.81625,0,6.81625,0,6.83716,0,7.05789,0,y1
18,7.83121877824239,6.74552,0,6.74552,0,6.6871,0,6.92879,0,y1
18,7.832,6.74502,0,6.74502,0,6.68602,0,6.92786,0,y1
18,7.944,6.67108,0,6.67108,0,6.52893,0,6.79176,0,y1
18,8,6.63311,0,6.63311,0,6.44852,0,6.72184,0,y1
18,8.002728567345,6.63124,0,6.63124,0,6.44457,0,6.71841,0,y1
18,8.056,6.59446,0,6.59446,0,6.36716,0,6.65086,0,y1
18,8.168,6.51517,0,6.51517,0,6.20157,0,6.50543,0,y1
18,8.17799455437682,6.50797,0,6.50797,0,6.18664,0,6.49226,0,y1
18,8.28,6.43328,0,6.43328,0,6.03369,0,6.35752,0,y1
18,8.3570990029973,6.37543,0,6.37543,0,5.91866,0,6.25606,0,y1
18,8.392,6.34886,0,6.34886,0,5.86715,0,6.21016,0,y1
18,8.5,6.26518,0,6.26518,0,5.7122,0,6.06649,0,y1
18,8.504,6.26204,0,6.26204,0,5.7066,0,6.06116,0,y1
18,8.54012597850409,6.23356,0,6.23356,0,5.65638,0,6.01335,0,y1
18,8.616,6.17299,0,6.17299,0,5.55287,0,5.91585,0,y1
18,8.72716138729032,6.08263,0,6.08263,0,5.40561,0,5.77517,0,y1
18,8.728,6.08194,0,6.08194,0,5.40453,0,5.77412,0,y1
18,8.84,5.98925,0,5.98925,0,5.26609,0,5.63729,0,y1
18,8.91829301716601,5.92364,0,5.92364,0,5.17434,0,5.54716,0,y1
18,8.952,5.89523,0,5.89523,0,5.13595,0,5.50928,0,y1
18,9,5.85461,0,5.85461,0,5.08283,0,5.45553,0,y1
18,9.064,5.8001,0,5.8001,0,5.01409,0,5.38501,0,y1
18,9.11361057856259,5.75759,0,5.75759,0,4.96065,0,5.33182,0,y1
18,9.176,5.70379,0,5.70379,0,4.89446,0,5.26709,0,y1
18,9.288,5.60638,0,5.60638,0,4.78142,0,5.15658,0,y1
18,9.31320574663979,5.58434,0,5.58434,0,4.75688,0,5.1324,0,y1
18,9.4,5.50825,0,5.50825,0,4.6751,0,5.05177,0,y1
18,9.5,5.42046,0,5.42046,0,4.58654,0,4.96176,0,y1
18,9.512,5.40992,0,5.40992,0,4.57612,0,4.95129,0,y1
18,9.51717220431471,5.40539,0,5.40539,0,4.57164,0,4.94682,0,y1
18,9.624,5.31185,0,5.31185,0,4.47993,0,4.85626,0,y1
18,9.72560568623329,5.22344,0,5.22344,0,4.39473,0,4.77272,0,y1
18,9.736,5.21443,0,5.21443,0,4.38624,0,4.7644,0,y1
18,9.848,5.11808,0,5.11808,0,4.29753,0,4.67658,0,y1
18,9.93860402370477,5.04112,0,5.04112,0,4.22814,0,4.60787,0,y1
18,9.96,5.02309,0,5.02309,0,4.21208,0,4.59194,0,y1
18,10,4.98957,0,4.98957,0,4.1821,0,4.56248,0,y1
18,10.072,4.92983,0,4.92983,0,4.12916,0,4.51031,0,y1
18,10.1562671906202,4.86093,0,4.86093,0,4.06854,0,4.44995,0,y1
18,10.184,4.8385,0,4.8385,0,4.04887,0,4.43078,0,y1
18,10.296,4.74934,0,4.74934,0,3.97085,0,4.35493,0,y1
18,10.3786973503768,4.68494,0,4.68494,0,3.9149,0,4.30022,0,y1
18,10.408,4.66242,0,4.66242,0,3.89528,0,4.28054,0,y1
18,10.5,4.59288,0,4.59288,0,3.83366,0,4.22012,0,y1
18,10.52,4.57798,0,4.57798,0,3.82052,0,4.20734,0,y1
18,10.6059989038295,4.5148,0,4.5148,0,3.76472,0,4.1529,0,y1
18,10.632,4.49602,0,4.49602,0,3.74806,0,4.13656,0,y1
18,10.744,4.41674,0,4.41674,0,3.67691,0,4.06702,0,y1
18,10.8382785382936,4.35194,0,4.35194,0,3.61796,0,4.00964,0,y1
18,10.856,4.33997,0,4.33997,0,3.60696,0,3.99892,0,y1
18,10.968,4.26589,0,4.26589,0,3.53771,0,3.93183,0,y1
18,11,4.24529,0,4.24529,0,3.51824,0,3.91306,0,y1
18,11.0756452776194,4.19784,0,4.19784,0,3.47235,0,3.86851,0,y1
18,11.08,4.19516,0,4.19516,0,3.46973,0,3.86596,0,y1
18,11.192,4.12707,0,4.12707,0,3.40273,0,3.80067,0,y1
18,11.304,4.0598,0,4.0598,0,3.33632,0,3.73623,0,y1
18,11.3182105333644,4.05135,0,4.05135,0,3.32794,0,3.72809,0,y1
18,11.416,3.99427,0,3.99427,0,3.27046,0,3.67241,0,y1
18,11.5,3.94753,0,3.94753,0,3.22147,0,3.625,0,y1
18,11.528,3.93228,0,3.93228,0,3.20515,0,3.60918,0,y1
18,11.5660881570862,3.91173,0,3.91173,0,3.18301,0,3.58752,0,y1
18,11.64,3.87243,0,3.87243,0,3.14026,0,3.54666,0,y1
18,11.752,3.81414,0,3.81414,0,3.07621,0,3.48469,0,y1
18,11.81939449378,3.77953,0,3.77953,0,3.03779,0,3.44723,0,y1
18,11.864,3.75671,0,3.75671,0,3.0123,0,3.42288,0,y1
18,11.976,3.69961,0,3.69961,0,2.94828,1,3.36155,0,y1
18,12,3.68751,0,3.68751,0,2.93459,1,3.34836,0,y1
18,12.0782484364869,3.64945,0,3.64945,0,2.89006,1,3.30564,0,y1
18,12.088,3.64494,0,3.64494,0,2.88453,1,3.30033,0,y1
18,12.2,3.59452,0,3.59452,0,2.82164,1,3.23947,0,y1
18,12.312,3.54233,0,3.54233,0,2.75894,1,3.17885,0,y1
18,12.3427714820985,3.5279,0,3.5279,0,2.7416,1,3.16226,0,y1
18,12.424,3.49128,0,3.49128,0,2.69623,1,3.11854,0,y1
18,12.5,3.45856,0,3.45856,0,2.65378,1,3.07762,0,y1
18,12.536,3.44316,0,3.44316,0,2.63375,1,3.05834,0,y1
18,12.6130877883825,3.41037,0,3.41037,0,2.59087,1,3.01724,0,y1
18,12.648,3.39582,0,3.39582,0,2.57138,1,2.99846,1,y1
18,12.76,3.34917,0,3.34917,0,2.50909,1,2.93846,1,y1
18,12.872,3.30023,0,3.30023,0,2.44685,1,2.87863,1,y1
18,12.8893242322587,3.29302,0,3.29302,0,2.43729,1,2.86941,1,y1
18,12.984,3.25474,0,3.25474,0,2.38498,1,2.81899,1,y1
18,13,3.24807,0,3.24807,0,2.37613,1,2.81048,1,y1
18,13.096,3.20832,0,3.20832,0,2.32287,1,2.75941,1,y1
18,13.1716104693501,3.17949,0,3.17949,0,2.28117,1,2.71949,1,y1
18,13.208,3.16598,0,3.16598,0,2.26108,1,2.70006,1,y1
18,13.32,3.11968,0,3.11968,0,2.19913,1,2.64054,1,y1
18,13.432,3.0779,0,3.0779,0,2.13723,1,2.58126,1,y1
18,13.4600789948389,3.06741,0,3.06741,0,2.12171,1,2.56639,1,y1
18,13.5,3.05216,0,3.05216,0,2.09966,1,2.54526,1,y1
18,13.544,3.03529,0,3.03529,0,2.0754,1,2.52202,1,y1
18,13.656,2.99285,1,2.99285,1,2.01355,1,2.46284,1,y1
18,13.7548652056549,2.95435,1,2.95435,1,1.95909,1,2.41053,1,y1
18,13.768,2.94957,1,2.94957,1,1.95189,1,2.40358,1,y1
18,13.88,2.90785,1,2.90785,1,1.89023,1,2.34452,1,y1
18,13.992,2.86568,1,2.86568,1,1.8285,1,2.28574,1,y1
18,14,2.86278,1,2.86278,1,1.8241,1,2.28155,1,y1
18,14.0561074640261,2.84173,1,2.84173,1,1.79331,1,2.25201,1,y1
18,14.104,2.82419,1,2.82419,1,1.76702,1,2.22668,1,y1
18,14.216,2.78271,1,2.78271,1,1.70533,1,2.16754,1,y1
18,14.328,2.74143,1,2.74143,1,1.64407,1,2.10863,1,y1
18,14.3639471624211,2.72822,1,2.72822,1,1.62424,1,2.0897,1,y1
18,14.44,2.70027,1,2.70027,1,1.58249,1,2.04979,1,y1
18,14.5,2.67831,1,2.67831,1,1.54957,1,2.01809,1,y1
18,14.552,2.65932,1,2.65932,1,1.52093,1,1.99056,1,y1
18,14.664,2.61839,1,2.61839,1,1.45938,1,1.93178,1,y1
18,14.6785287899134,2.61309,1,2.61309,1,1.4514,1,1.92415,1,y1
18,14.776,2.57755,1,2.57755,1,1.39782,1,1.87294,1,y1
18,14.888,2.53693,1,2.53693,1,1.33625,1,1.81413,1,y1
18,15,2.49658,1,2.49658,1,1.27473,1,1.75533,1,y1
7,1,0,1,0,1,0,1,0,1,y2
7,1.02242853060992,0,1,0,1,0,1,0,1,y2
7,1.04536010020516,0,1,0,1,0,1,0,1,y2
7,1.06880599121101,0,1,0,1,0,1,0,1,y2
7,1.09277773910095,0,1,0,1,0,1,0,1,y2
7,1.11728713807222,0,1,0,1,0,1,0,1,y2
7,1.12,0,1,0,1,0,1,0,1,y2
7,1.14234624684855,0,1,0,1,0,1,0,1,y2
7,1.16796739461312,0,1,0,1,0,1,0,1,y2
7,1.19416318707459,0,1,0,1,0,1,0,1,y2
7,1.22094651266913,0,1,0,1,0,1,0,1,y2
7,1.24,0,1,0,1,0,1,0,1,y2
7,1.24833054890161,0,1,0,1,0,1,0,1,y2
7,1.27632876882895,0,1,0,1,0,1,0,1,y2
7,1.30495494768896,0,1,0,1,0,1,0,1,y2
7,1.33422316967777,0,1,0,1,0,1,0,1,y2
7,1.36,0,1,0,1,0,1,0,1,y2
7,1.36414783487935,0,1,0,1,0,1,0,1,y2
7,1.39474366635041,0,1,0,1,0,1,0,1,y2
7,1.42602571736414,0,1,0,1,0,1,0,1,y2
7,1.45800937881658,0,1,0,1,0,1,0,1,y2
7,1.48,0,1,0,1,0,1,0,1,y2
7,1.49071038679892,0,1,0,1,0,1,0,1,y2
7,1.5,0,1,0,1,0,1,0,1,y2
7,1.52414483033977,0,1,0,1,0,1,0,1,y2
7,1.558329159321,0,1,0,1,0,1,0,1,y2
7,1.59328019257117,0,1,0,1,0,1,0,1,y2
7,1.6,0,1,0,1,0,1,0,1,y2
7,1.62901512614043,0,1,0,1,0,1,0,1,y2
7,1.6655515417611,0,1,0,1,0,1,0,1,y2
7,1.70290741549789,0,1,0,1,0,1,0,1,y2
7,1.72,0,1,0,1,0,1,0,1,y2
7,1.74110112659225,0,1,0,1,0,1,0,1,y2
7,1.78015146650499,0,1,0,1,0,1,0,1,y2
7,1.8200776481618,0,1,0,1,0,1,0,1,y2
7,1.84,0,1,0,1,0,1,0,1,y2
7,1.86089931540603,0,1,0,1,0,1,0,1,y2
7,1.9026365526636,0,1,0,1,0,1,0,1,y2
7,1.94530989482457,0,1,0,1,0,1,0,1,y2
7,1.96,0,1,0,1,0,1,0,1,y2
7,1.98894033734643,0,1,0,1,0,1,0,1,y2
7,2,0,1,0,1,0,1,0,1,y2
7,2.03354934658391,0,1,0,1,0,1,0,1,y2
7,2.07915887035056,0.00339855,1,0.00339855,1,0,1,0,1,y2
7,2.08,0.00642918,1,0.00642918,1,0,1,0,1,y2
7,2.12579134871711,0.162924,1,0.162924,1,0,1,0,1,y2
7,2.17346972505212,0.31019,1,0.31019,1,0,1,0,1,y2
7,2.2,0.386338,1,0.386338,1,0,1,0,1,y2
7,2.22221745731019,0.447115,1,0.447115,1,0,1,0,1,y2
7,2.27205852957337,0.574717,1,0.574717,1,0,1,0,1,y2
7,2.32,0.687462,1,0.687462,1,0,1,0,1,y2
7,2.32301746385144,0.694262,1,0.694262,1,0,1,0,1,y2
7,2.37511933214682,0.806665,1,0.806665,1,0,1,0,1,y2
7,2.42838976879009,0.912537,1,0.912537,1,0,1,0,1,y2
7,2.44,0.934548,1,0.934548,1,0,1,0,1,y2
7,2.48285498305222,1.01272,1,1.01272,1,0,1,0,1,y2
7,2.5,1.04278,1,1.04278,1,0,1,0,1,y2
7,2.53854177203961,1.10813,1,1.10813,1,0,1,0,1,y2
7,2.56,1.14312,1,1.14312,1,0,1,0,1,y2
7,2.59547753387837,1.19881,1,1.19881,1,0,1,0,1,y2
7,2.65369028119432,1.28472,0,1.28472,0,0,1,0,1,y2
7,2.68,1.3215,0,1.3215,0,0,1,0,1,y2
7,2.71320865489534,1.36626,0,1.36626,0,0,1,0,1,y2
7,2.77406193826277,1.44385,0,1.44385,0,0,1,0,1,y2
7,2.8,1.4753,0,1.4753,0,0,1,0,1,y2
7,2.83628007135892,1.51775,0,1.51775,0,0,1,0,1,y2
7,2.8998936657577,1.5882,0,1.5882,0,0,1,0,1,y2
7,2.92,1.60948,0,1.60948,0,0,1,0,1,y2
7,2.96493401960567,1.65541,0,1.65541,0,0,1,0,1,y2
7,3,1.68977,0,1.68977,0,0,1,0,1,y2
7,3.0314331330208,1.71952,0,1.71952,0,0,1,0,1,y2
7,3.04,1.72746,0,1.72746,0,0,1,0,1,y2
7,3.09942372383669,1.78064,0,1.78064,0,0,1,0,1,y2
7,3.16,1.83161,0,1.83161,0,0,1,0,1,y2
7,3.16893924369988,1.83887,0,1.83887,0,0,1,0,1,y2
7,3.24001389452818,1.89422,0,1.89422,0,0,1,0,1,y2
7,3.28,1.92363,0,1.92363,0,0,1,0,1,y2
7,3.31268264533818,1.94675,0,1.94675,0,0,1,0,1,y2
7,3.38698124945011,1.99642,0,1.99642,0,0,1,0,1,y2
7,3.4,2.00471,0,2.00471,0,0,1,0,1,y2
7,3.46294626207863,2.04317,0,2.04317,0,0,1,0,1,y2
7,3.5,2.06456,0,2.06456,0,0,1,0,1,y2
7,3.52,2.07573,0,2.07573,0,0,1,0,1,y2
7,3.54061505831818,2.08697,0,2.08697,0,0,1,0,1,y2
7,3.62002585153162,2.12772,0,2.12772,0,0,1,0,1,y2
7,3.64,2.13734,0,2.13734,0,0,1,0,1,y2
7,3.70121771215141,2.16532,0,2.16532,0,0,1,0,1,y2
7,3.76,2.19006,0,2.19006,0,0,1,0,1,y2
7,3.78423058690238,2.19967,0,2.19967,0,0,1,0,1,y2
7,3.86910531845573,2.23066,0,2.23066,0,0,1,0,1,y2
7,3.88,2.23434,0,2.23434,0,0,1,0,1,y2
7,3.95588366552373,2.25817,0,2.25817,0,0,1,0,1,y2
7,4,2.2706,0,2.2706,0,0,1,0,1,y2
7,4.04460832340522,2.28213,0,2.28213,0,0,1,0,1,y2
7,4.12,2.29931,0,2.29931,0,0,1,0,1,y2
7,4.13532294499186,2.30246,0,2.30246,0,0,1,0,1,y2
7,4.22807216224552,2.31912,0,2.31912,0,0,1,0,1,y2
7,4.24,2.32098,0,2.32098,0,0,1,0,1,y2
7,4.32290160815741,2.33211,0,2.33211,0,0,1,0,1,y2
7,4.36,2.33615,0,2.33615,0,0.013268,1,0,1,y2
7,4.41985793919965,2.34146,0,2.34146,0,0.122221,1,0,1,y2
7,4.48,2.3454,0,2.3454,0,0.232812,1,0.0912488,1,y2
7,4.5,2.34641,0,2.34641,0,0.269873,1,0.12591,1,y2
7,4.51898885828049,2.34723,0,2.34723,0,0.305179,1,0.158911,1,y2
7,4.6,2.34935,0,2.34935,0,0.457097,1,0.300869,1,y2
7,4.62034313821434,2.34954,0,2.34954,0,0.495599,1,0.336833,1,y2
7,4.72,2.3486,0,2.3486,0,0.686133,1,0.514732,1,y2
7,4.72397064571812,2.3485,0,2.3485,0,0.693793,1,0.521882,1,y2
7,4.82992236594598,2.34429,0,2.34429,0,0.900075,1,0.714196,1,y2
7,4.84,2.34374,0,2.34374,0,0.919874,1,0.732654,1,y2
7,4.93825042757415,2.33709,0,2.33709,0,1.11466,1,0.914099,1,y2
7,4.96,2.33532,0,2.33532,0,1.15814,1,0.95462,1,y2
7,5,2.33181,0,2.33181,0,1.23854,1,1.02948,1,y2
7,5.04900812844846,2.32708,0,2.32708,0,1.3376,0,1.12172,1,y2
7,5.08,2.32385,0,2.32385,0,1.40055,0,1.18031,1,y2
7,5.16224996180711,2.31446,0,2.31446,0,1.56865,0,1.33685,0,y2
7,5.2,2.30979,0,2.30979,0,1.64621,0,1.40909,0,y2
7,5.27803164309158,2.29946,0,2.29946,0,1.80694,0,1.55909,0,y2
7,5.32,2.29356,0,2.29356,0,1.89347,0,1.63998,0,y2
7,5.39641013735879,2.28226,0,2.28226,0,2.05049,0,1.78726,0,y2
7,5.44,2.27551,0,2.27551,0,2.13944,0,1.87104,0,y2
7,5.5,2.26591,0,2.26591,0,2.26051,0,1.9857,0,y2
7,5.51744368730824,2.26305,0,2.26305,0,2.29531,0,2.01882,0,y2
7,5.56,2.25597,0,2.25597,0,2.37927,0,2.09912,0,y2
7,5.64119184193756,2.24204,0,2.24204,0,2.53433,0,2.24952,0,y2
7,5.68,2.2352,0,2.2352,0,2.60542,0,2.31949,0,y2
7,5.7677154858409,2.21935,0,2.21935,0,2.75623,0,2.47148,0,y2
7,5.8,2.2134,0,2.2134,0,2.80759,0,2.52472,0,y2
7,5.8970768691644,2.19514,0,2.19514,0,2.94555,0,2.67393,0,y2
7,5.92,2.19076,0,2.19076,0,2.97409,0,2.70632,0,y2
7,6,2.17531,0,2.17531,0,3.06028,0,2.80911,0,y2
7,6.02933963823352,2.16958,0,2.16958,0,3.08652,0,2.84253,0,y2
7,6.04,2.16749,0,2.16749,0,3.09531,0,2.85409,0,y2
7,6.16,2.14369,0,2.14369,0,3.16779,0,2.96102,0,y2
7,6.16456886686726,2.14277,0,2.14277,0,3.16961,0,2.96424,0,y2
7,6.28,2.11919,0,2.11919,0,3.19477,0,3.0253,0,y2
7,6.30283108839477,2.11443,0,2.11443,0,3.19532,0,3.03284,0,y2
7,6.4,2.09362,0,2.09362,0,3.18411,0,3.0495,0,y2
7,6.44419432839,2.08381,0,2.08381,0,3.17279,0,3.0496,0,y2
7,6.5,2.07104,0,2.07104,0,3.15389,0,3.04391,0,y2
7,6.52,2.06636,0,2.06636,0,3.14602,0,3.04044,0,y2
7,6.58872813814059,2.0499,0,2.0499,0,3.11527,0,3.0234,0,y2
7,6.64,2.0373,0,2.0373,0,3.08924,0,3.00615,0,y2
7,6.73650362886733,2.01272,0,2.01272,0,3.03525,0,2.96541,0,y2
7,6.76,2.00655,0,2.00655,0,3.0214,0,2.95417,0,y2
7,6.88,1.97402,0,1.97402,0,2.94838,0,2.89108,0,y2
7,6.88759350671123,1.97191,0,1.97191,0,2.9437,0,2.88686,0,y2
7,7,1.9398,0,1.9398,0,2.8746,0,2.82229,0,y2
7,7.04207210850521,1.92738,0,1.92738,0,2.84916,0,2.79758,0,y2
7,7.12,1.90378,0,1.90378,0,2.80319,0,2.75187,0,y2
7,7.2000154383481,1.87874,0,1.87874,0,2.75796,0,2.70571,0,y2
7,7.24,1.86592,0,1.86592,0,2.73624,0,2.68302,0,y2
7,7.36,1.82621,0,1.82621,0,2.67506,0,2.61755,0,y2
7,7.361501204999,1.8257,0,1.8257,0,2.67434,0,2.61676,0,y2
7,7.48,1.78461,0,1.78461,0,2.62024,0,2.55738,0,y2
7,7.5,1.77749,0,1.77749,0,2.61174,0,2.54782,0,y2
7,7.5266088601103,1.76794,0,1.76794,0,2.60071,0,2.53532,0,y2
7,7.6,1.74111,0,1.74111,0,2.57196,0,2.50233,0,y2
7,7.6954196373182,1.70515,0,1.70515,0,2.53816,0,2.46331,0,y2
7,7.72,1.69568,0,1.69568,0,2.5301,0,2.45391,0,y2
7,7.84,1.64831,0,1.64831,0,2.49436,0,2.41093,0,y2
7,7.86801659220999,1.63697,0,1.63697,0,2.48684,0,2.40161,0,y2
7,7.96,1.599,0,1.599,0,2.46428,0,2.37379,0,y2
7,8,1.58213,0,1.58213,0,2.45544,0,2.36303,0,y2
7,8.04448464318775,1.56312,0,1.56312,0,2.44626,0,2.35173,0,y2
7,8.08,1.54776,0,1.54776,0,2.43941,0,2.34292,0,y2
7,8.2,1.49462,0,1.49462,0,2.41929,0,2.316,0,y2
7,8.22491061324853,1.48336,0,1.48336,0,2.41566,0,2.31109,0,y2
7,8.32,1.43965,0,1.43965,0,2.40286,0,2.29321,0,y2
7,8.40938327270165,1.39754,0,1.39754,0,2.3915,0,2.27629,0,y2
7,8.44,1.3829,0,1.3829,0,2.38754,0,2.27026,0,y2
7,8.5,1.35389,0,1.35389,0,2.37929,0,2.25802,0,y2
7,8.56,1.32448,0,1.32448,0,2.37004,0,2.2453,0,y2
7,8.59799338284401,1.30565,0,1.30565,0,2.3635,0,2.23699,0,y2
7,8.68,1.26453,1,1.26453,1,2.34833,0,2.21838,0,y2
7,8.79083374061504,1.20797,1,1.20797,1,2.32599,0,2.19169,0,y2
7,8.8,1.20324,1,1.20324,1,2.32405,0,2.18943,0,y2
7,8.92,1.14088,1,1.14088,1,2.29679,0,2.15862,0,y2
7,8.98799922425316,1.10516,1,1.10516,1,2.27985,0,2.14026,0,y2
7,9,1.09883,1,1.09883,1,2.27676,0,2.13698,0,y2
7,9.04,1.0777,1,1.0777,1,2.26628,0,2.12594,0,y2
7,9.16,1.01406,1,1.01406,1,2.23311,0,2.09095,0,y2
7,9.18958683997628,0.998296,1,0.998296,1,2.22454,0,2.08205,0,y2
7,9.28,0.950153,1,0.950153,1,2.19749,0,2.05424,0,y2
7,9.39569576970923,0.888771,1,0.888771,1,2.16107,0,2.01634,0,y2
7,9.4,0.886491,1,0.886491,1,2.15968,0,2.0149,0,y2
7,9.5,0.833595,1,0.833595,1,2.12662,0,1.98073,0,y2
7,9.52,0.823008,1,0.823008,1,2.1198,0,1.9737,0,y2
7,9.60642741988167,0.777193,1,0.777193,1,2.08921,0,1.94295,0,y2
7,9.64,0.759365,1,0.759365,1,2.07678,0,1.93053,0,y2
7,9.76,0.695614,1,0.695614,1,2.03137,0,1.88465,0,y2
7,9.82188547132048,0.662845,1,0.662845,1,2.00711,0,1.86051,0,y2
7,9.88,0.632198,1,0.632198,1,1.98294,0,1.83655,0,y2
7,10,0.569518,1,0.569518,1,1.93142,0,1.78656,0,y2
7,10.0421759302611,0.547714,1,0.547714,1,1.91307,0,1.76832,0,y2
7,10.12,0.507903,1,0.507903,1,1.87874,0,1.73391,0,y2
7,10.24,0.447667,1,0.447667,1,1.82352,0,1.67899,0,y2
7,10.2674071805032,0.434125,1,0.434125,1,1.81058,0,1.66601,0,y2
7,10.36,0.389019,1,0.389019,1,1.76645,0,1.62106,0,y2
7,10.48,0.332032,1,0.332032,1,1.70663,0,1.56113,0,y2
7,10.4976900367357,0.323788,1,0.323788,1,1.69729,0,1.55206,0,y2
7,10.5,0.322714,1,0.322714,1,1.69606,0,1.55087,0,y2
7,10.6,0.27686,1,0.27686,1,1.64222,0,1.4986,0,y2
7,10.72,0.223437,1,0.223437,1,1.57627,0,1.43353,0,y2
7,10.7331377990581,0.217698,1,0.217698,1,1.56895,0,1.42624,0,y2
7,10.84,0.171864,1,0.171864,1,1.5082,0,1.36572,0,y2
7,10.96,0.122046,1,0.122046,1,1.43701,0,1.29514,0,y2
7,10.9738663087248,0.116391,1,0.116391,1,1.42862,0,1.2868,0,y2
7,11,0.105804,1,0.105804,1,1.41273,0,1.27097,0,y2
7,11.08,0.073969,1,0.073969,1,1.36361,0,1.22165,1,y2
7,11.2,0.0276438,1,0.0276438,1,1.28723,0,1.14521,1,y2
7,11.2199940051392,0.0200419,1,0.0200419,1,1.27391,0,1.13219,1,y2
7,11.32,0,1,0,1,1.20569,1,1.06585,1,y2
7,11.44,0,1,0,1,1.12237,1,0.983089,1,y2
7,11.4716419841266,0,1,0,1,1.10015,1,0.960693,1,y2
7,11.5,0,1,0,1,1.08,1,0.940422,1,y2
7,11.56,0,1,0,1,1.0366,1,0.896823,1,y2
7,11.68,0,1,0,1,0.946179,1,0.806137,1,y2
7,11.7289340575137,0,1,0,1,0.908242,1,0.76824,1,y2
7,11.8,0,1,0,1,0.851923,1,0.713105,1,y2
7,11.92,0,1,0,1,0.753987,1,0.617623,1,y2
7,11.9919968140444,0,1,0,1,0.694047,1,0.557944,1,y2
7,12,0,1,0,1,0.687277,1,0.551194,1,y2
7,12.04,0,1,0,1,0.65306,1,0.517072,1,y2
7,12.16,0,1,0,1,0.547834,1,0.412469,1,y2
7,12.2609596816623,0,1,0,1,0.456156,1,0.32112,1,y2
7,12.28,0,1,0,1,0.438536,1,0.303563,1,y2
7,12.4,0,1,0,1,0.325402,1,0.191074,1,y2
7,12.5,0,1,0,1,0.228255,1,0.0942166,1,y2
7,12.52,0,1,0,1,0.208604,1,0.0744874,1,y2
7,12.5359549911895,0,1,0,1,0.192771,1,0.0586682,1,y2
7,12.64,0,1,0,1,0.0864477,1,0,1,y2
7,12.76,0,1,0,1,0,1,0,1,y2
7,12.817118041434,0,1,0,1,0,1,0,1,y2
7,12.88,0,1,0,1,0,1,0,1,y2
7,13,0,1,0,1,0,1,0,1,y2
7,13.1045871657572,0,1,0,1,0,1,0,1,y2
7,13.12,0,1,0,1,0,1,0,1,y2
7,13.24,0,1,0,1,0,1,0,1,y2
7,13.36,0,1,0,1,0,1,0,1,y2
7,13.3985038001348,0,1,0,1,0,1,0,1,y2
7,13.48,0,1,0,1,0,1,0,1,y2
7,13.5,0,1,0,1,0,1,0,1,y2
7,13.6,0,1,0,1,0,1,0,1,y2
7,13.6990125527433,0,1,0,1,0,1,0,1,y2
7,13.72,0,1,0,1,0,1,0,1,y2
7,13.84,0,1,0,1,0,1,0,1,y2
7,13.96,0,1,0,1,0,1,0,1,y2
7,14,0,1,0,1,0,1,0,1,y2
7,14.0062612751082,0,1,0,1,0,1,0,1,y2
7,14.08,0,1,0,1,0,1,0,1,y2
7,14.2,0,1,0,1,0,1,0,1,y2
7,14.32,0,1,0,1,0,1,0,1,y2
7,14.3204011348476,0,1,0,1,0,1,0,1,y2
7,14.44,0,1,0,1,0,1,0,1,y2
7,14.5,0,1,0,1,0,1,0,1,y2
7,14.56,0,1,0,1,0,1,0,1,y2
7,14.6415866900469,0,1,0,1,0,1,0,1,y2
7,14.68,0,1,0,1,0,1,0,1,y2
7,14.8,0,1,0,1,0,1,0,1,y2
7,14.92,0,1,0,1,0,1,0,1,y2
7,14.9699759653024,0,1,0,1,0,1,0,1,y2
7,15,0,1,0,1,0,1,0,1,y2
7,15.04,0,1,0,1,0,1,0,1,y2
7,15.16,0,1,0,1,0,1,0,1,y2
7,15.28,0,1,0,1,0,1,0,1,y2
7,15.30573052947,0,1,0,1,0,1,0,1,y2
7,15.4,0,1,0,1,0,1,0,1,y2
7,15.5,0,1,0,1,0,1,0,1,y2
7,15.52,0,1,0,1,0,1,0,1,y2
7,15.64,0,1,0,1,0,1,0,1,y2
7,15.6490155751574,0,1,0,1,0,1,0,1,y2
7,15.76,0,1,0,1,0,1,0,1,y2
7,15.88,0,1,0,1,0,1,0,1,y2
7,16,0,1,0,1,0,1,0,1,y2
8,1,0,1,0,1,0,1,0,1,y2
8,1.02404791316671,0,1,0,1,0,1,0,1,y2
8,1.0486741284611,0,1,0,1,0,1,0,1,y2
8,1.07389255284251,0,1,0,1,0,1,0,1,y2
8,1.09971742770365,0,1,0,1,0,1,0,1,y2
8,1.12616333691299,0,1,0,1,0,1,0,1,y2
8,1.148,0,1,0,1,0,1,0,1,y2
8,1.15324521505061,0,1,0,1,0,1,0,1,y2
8,1.18097835584208,0,1,0,1,0,1,0,1,y2
8,1.20937842079513,0,1,0,1,0,1,0,1,y2
8,1.23846144804411,0,1,0,1,0,1,0,1,y2
8,1.268243861407,0,1,0,1,0,1,0,1,y2
8,1.296,0,1,0,1,0,1,0,1,y2
8,1.29874247966033,0,1,0,1,0,1,0,1,y2
8,1.32997452603713,0,1,0,1,0,1,0,1,y2
8,1.36195763795321,0,1,0,1,0,1,0,1,y2
8,1.39470987696745,0,1,0,1,0,1,0,1,y2
8,1.42824973898152,0,1,0,1,0,1,0,1,y2
8,1.444,0,1,0,1,0,1,0,1,y2
8,1.46259616468493,0,1,0,1,0,1,0,1,y2
8,1.49776855025124,0,1,0,1,0,1,0,1,y2
8,1.5,0,1,0,1,0,1,0,1,y2
8,1.53378675829152,0,1,0,1,0,1,0,1,y2
8,1.57067112907117,0,1,0,1,0,1,0,1,y2
8,1.592,0,1,0,1,0,1,0,1,y2
8,1.60844249199654,0,1,0,1,0,1,0,1,y2
8,1.64712217737772,0,1,0,1,0,1,0,1,y2
8,1.68673202847427,0,1,0,1,0,1,0,1,y2
8,1.72729441383054,0,1,0,1,0,1,0,1,y2
8,1.74,0,1,0,1,0,1,0,1,y2
8,1.76883223990768,0,1,0,1,0,1,0,1,y2
8,1.81136896401947,0,1,0,1,0,1,0,1,y2
8,1.85492860757909,0,1,0,1,0,1,0,1,y2
8,1.888,0,1,0,1,0,1,0,1,y2
8,1.8995357696646,0,1,0,1,0,1,0,1,y2
8,1.94521564091056,0,1,0,1,0,1,0,1,y2
8,1.99199401773371,0,1,0,1,0,1,0,1,y2
8,2,0,1,0,1,0,1,0,1,y2
8,2.036,0,1,0,1,0,1,0,1,y2
8,2.03989731690079,0,1,0,1,0,1,0,1,y2
8,2.08895259044663,0.0383193,1,0.0383193,1,0,1,0,1,y2
8,2.13918754095107,0.205772,1,0.205772,1,0,1,0,1,y2
8,2.184,0.340899,1,0.340899,1,0,1,0,1,y2
8,2.19063053718318,0.359909,1,0.359909,1,0,1,0,1,y2
8,2.24331063012171,0.502528,1,0.502528,1,0,1,0,1,y2
8,2.29725756936084,0.63511,1,0.63511,1,0,1,0,1,y2
8,2.332,0.714308,1,0.714308,1,0,1,0,1,y2
8,2.35250181991041,0.759011,1,0.759011,1,0,1,0,1,y2
8,2.40907457940015,0.875134,1,0.875134,1,0,1,0,1,y2
8,2.4670077956977,0.98437,1,0.98437,1,0,1,0,1,y2
8,2.48,1.00767,1,1.00767,1,0,1,0,1,y2
8,2.5,1.04278,1,1.04278,1,0,1,0,1,y2
8,2.52633418495025,1.08757,1,1.08757,1,0,1,0,1,y2
8,2.58708725006003,1.18506,1,1.18506,1,0,1,0,1,y2
8,2.628,1.24649,1,1.24649,1,0,1,0,1,y2
8,2.64930129960419,1.27724,0,1.27724,0,0.285839,1,0,1,y2
8,2.71301146720953,1.36456,0,1.36456,0,0.840176,1,0,1,y2
8,2.776,1.44467,0,1.44467,0,1.17856,1,0,1,y2
8,2.77825373139329,1.44743,0,1.44743,0,1.18854,1,0,1,y2
8,2.84506493588093,1.5262,0,1.5262,0,1.44037,0,0.657669,1,y2
8,2.91348281041266,1.6011,0,1.6011,0,1.63693,0,1.07354,1,y2
8,2.924,1.61214,0,1.61214,0,1.66312,0,1.1227,1,y2
8,2.98354599205017,1.67235,0,1.67235,0,1.79539,0,1.35633,0,y2
8,3,1.68834,0,1.68834,0,1.82805,0,1.41052,0,y2
8,3.05529404699589,1.7401,0,1.7401,0,1.92802,0,1.56916,0,y2
8,3.072,1.75516,0,1.75516,0,1.95562,0,1.61125,0,y2
8,3.12876749293683,1.80446,0,1.80446,0,2.04186,0,1.73864,0,y2
8,3.20400782192581,1.8655,0,1.8655,0,2.14099,0,1.87855,0,y2
8,3.22,1.87789,0,1.87789,0,2.16017,0,1.90494,0,y2
8,3.28105752381295,1.92329,0,1.92329,0,2.22819,0,1.99698,0,y2
8,3.3599601102406,1.9778,0,1.9778,0,2.30552,0,2.09909,0,y2
8,3.368,1.9831,0,1.9831,0,2.31281,0,2.1086,0,y2
8,3.44076013921529,2.029,0,2.029,0,2.37447,0,2.18837,0,y2
8,3.5,2.06369,0,2.06369,0,2.41947,0,2.24597,0,y2
8,3.516,2.07266,0,2.07266,0,2.4309,0,2.26054,0,y2
8,3.52350324027063,2.07681,0,2.07681,0,2.43616,0,2.26724,0,y2
8,3.60823614023529,2.12116,0,2.12116,0,2.49138,0,2.33745,0,y2
8,3.664,2.14788,0,2.14788,0,2.52386,0,2.37879,0,y2
8,3.69500668962067,2.16191,0,2.16191,0,2.54071,0,2.4003,0,y2
8,3.78386388964309,2.19894,0,2.19894,0,2.58457,0,2.45675,0,y2
8,3.812,2.2097,0,2.2097,0,2.59717,0,2.47315,0,y2
8,3.87485791989589,2.2321,0,2.2321,0,2.62325,0,2.50748,0,y2
8,3.96,2.25894,0,2.25894,0,2.65431,0,2.5493,0,y2
8,3.9680401666869,2.26127,0,2.26127,0,2.657,0,2.55299,0,y2
8,4,2.2702,0,2.2702,0,2.66731,0,2.56723,0,y2
8,4.06346325205742,2.28634,0,2.28634,0,2.68598,0,2.5936,0,y2
8,4.108,2.29644,0,2.29644,0,2.69773,0,2.61068,0,y2
8,4.16118106349903,2.30723,0,2.30723,0,2.71035,0,2.6296,0,y2
8,4.256,2.32313,0,2.32313,0,2.7293,0,2.65956,0,y2
8,4.26124878438503,2.32389,0,2.32389,0,2.73022,0,2.66108,0,y2
8,4.36372292513368,2.33633,0,2.33633,0,2.74575,0,2.68821,0,y2
8,4.404,2.34001,0,2.34001,0,2.75066,0,2.6976,0,y2
8,4.4686613551209,2.34459,0,2.34459,0,2.75729,0,2.71123,0,y2
8,4.5,2.34623,0,2.34623,0,2.75997,0,2.7172,0,y2
8,4.552,2.34818,0,2.34818,0,2.76368,0,2.7263,0,y2
8,4.57612333536029,2.34876,0,2.34876,0,2.7651,0,2.7302,0,y2
8,4.68616955196921,2.34902,0,2.34902,0,2.76945,0,2.74523,0,y2
8,4.7,2.34879,0,2.34879,0,2.76977,0,2.74682,0,y2
8,4.79886215043946,2.34557,0,2.34557,0,2.77073,0,2.75656,0,y2
8,4.848,2.34302,0,2.34302,0,2.77041,0,2.76037,0,y2
8,4.91426477073226,2.33865,0,2.33865,0,2.76923,0,2.76445,0,y2
8,4.996,2.33187,0,2.33187,0,2.76671,0,2.76798,0,y2
8,5,2.3315,0,2.3315,0,2.76656,0,2.76812,0,y2
8,5.03244258321707,2.32838,0,2.32838,0,2.76524,0,2.76905,0,y2
8,5.144,2.31614,0,2.31614,0,2.7596,0,2.77057,0,y2
8,5.15346232547475,2.31501,0,2.31501,0,2.75905,0,2.77058,0,y2
8,5.2773923399857,2.29898,0,2.29898,0,2.75085,0,2.76933,0,y2
8,5.292,2.29695,0,2.29695,0,2.74978,0,2.76901,0,y2
8,5.40430261272435,2.28045,0,2.28045,0,2.74085,0,2.76554,0,y2
8,5.44,2.27493,0,2.27493,0,2.73777,0,2.76407,0,y2
8,5.5,2.26536,0,2.26536,0,2.73237,0,2.76124,0,y2
8,5.53426481268179,2.25973,0,2.25973,0,2.72915,0,2.75943,0,y2
8,5.588,2.2507,0,2.2507,0,2.72394,0,2.75632,0,y2
8,5.66735233233876,2.23693,0,2.23693,0,2.71587,0,2.75118,0,y2
8,5.736,2.22466,0,2.22466,0,2.70856,0,2.74624,0,y2
8,5.80364032911202,2.2123,0,2.2123,0,2.70106,0,2.74095,0,y2
8,5.884,2.19728,0,2.19728,0,2.69179,0,2.73417,0,y2
8,5.94320576779734,2.186,0,2.186,0,2.68471,0,2.72884,0,y2
8,6,2.17503,0,2.17503,0,2.67774,0,2.72348,0,y2
8,6.032,2.16879,0,2.16879,0,2.67374,0,2.72036,0,y2
8,6.08612746403324,2.15815,0,2.15815,0,2.66683,0,2.71491,0,y2
8,6.18,2.13945,0,2.13945,0,2.65447,0,2.70499,0,y2
8,6.23248612880987,2.12883,0,2.12883,0,2.64736,0,2.69918,0,y2
8,6.328,2.10896,0,2.10896,0,2.63402,0,2.68818,0,y2
8,6.38236441404823,2.09723,0,2.09723,0,2.62621,0,2.68166,0,y2
8,6.476,2.07625,0,2.07625,0,2.61239,0,2.67001,0,y2
8,6.5,2.07072,0,2.07072,0,2.60877,0,2.66694,0,y2
8,6.53584695927559,2.06234,0,2.06234,0,2.60331,0,2.66229,0,y2
8,6.624,2.04105,0,2.04105,0,2.58956,0,2.65052,0,y2
8,6.69302043942318,2.02373,0,2.02373,0,2.5785,0,2.64099,0,y2
8,6.772,2.0032,0,2.0032,0,2.56552,0,2.62974,0,y2
8,6.85397361377347,1.98109,0,1.98109,0,2.55166,0,2.61766,0,y2
8,6.92,1.96269,0,1.96269,0,2.54022,0,2.60764,0,y2
8,7,1.93966,0,1.93966,0,2.526,0,2.59515,0,y2
8,7.01879737608444,1.93414,0,1.93414,0,2.5226,0,2.59215,0,y2
8,7.068,1.91946,0,1.91946,0,2.51361,0,2.58422,0,y2
8,7.18758480591928,1.88253,0,1.88253,0,2.49113,0,2.5643,0,y2
8,7.216,1.87349,0,1.87349,0,2.48566,0,2.55943,0,y2
8,7.36043122121042,1.82592,0,1.82592,0,2.45702,0,2.53389,0,y2
8,7.364,1.82471,0,1.82471,0,2.4563,0,2.53324,0,y2
8,7.5,1.77736,0,1.77736,0,2.42803,0,2.5079,0,y2
8,7.512,1.77307,0,1.77307,0,2.42547,0,2.5056,0,y2
8,7.53743423208766,1.7639,0,1.7639,0,2.42002,0,2.5007,0,y2
8,7.66,1.7185,0,1.7185,0,2.39311,0,2.47644,0,y2
8,7.71869379600071,1.69604,0,1.69604,0,2.37984,0,2.46445,0,y2
8,7.808,1.66098,0,1.66098,0,2.35916,0,2.44571,0,y2
8,7.90431227416739,1.62198,0,1.62198,0,2.33617,0,2.42483,0,y2
8,7.956,1.60054,0,1.60054,0,2.32354,0,2.41334,0,y2
8,8,1.582,0,1.582,0,2.31262,0,2.40338,0,y2
8,8.09439448937916,1.54138,0,1.54138,0,2.28866,0,2.38151,0,y2
8,8.104,1.53718,0,1.53718,0,2.28618,0,2.37925,0,y2
8,8.252,1.47101,0,1.47101,0,2.24701,0,2.34337,0,y2
8,8.28904778519687,1.45403,0,1.45403,0,2.23691,0,2.3341,0,y2
8,8.4,1.40216,0,1.40216,0,2.20595,0,2.30562,0,y2
8,8.48838208657003,1.35978,0,1.35978,0,2.1805,0,2.28215,0,y2
8,8.5,1.35414,0,1.35414,0,2.1771,0,2.27901,0,y2
8,8.548,1.33068,0,1.33068,0,2.16293,0,2.26592,0,y2
8,8.69250996191376,1.2586,1,1.2586,1,2.11896,0,2.22521,0,y2
8,8.696,1.25684,1,1.25684,1,2.11787,0,2.2242,0,y2
8,8.844,1.18094,1,1.18094,1,2.0707,0,2.18035,0,y2
8,8.90154668667865,1.15098,1,1.15098,1,2.05178,0,2.16271,0,y2
8,8.992,1.10334,1,1.10334,1,2.02137,0,2.13432,0,y2
8,9,1.09909,1,1.09909,1,2.01864,0,2.13177,0,y2
8,9.11561030844935,1.03746,1,1.03746,1,1.97846,0,2.09418,0,y2
8,9.14,1.02438,1,1.02438,1,1.96981,0,2.08606,0,y2
8,9.288,0.944358,1,0.944358,1,1.91604,0,2.03536,0,y2
8,9.33482171360854,0.918941,1,0.918941,1,1.89854,0,2.01883,0,y2
8,9.436,0.863855,1,0.863855,1,1.85995,0,1.98236,0,y2
8,9.5,0.828817,1,0.828817,1,1.83501,0,1.95874,0,y2
8,9.55930469560415,0.796445,1,0.796445,1,1.8115,0,1.93642,0,y2
8,9.584,0.782999,1,0.782999,1,1.80159,0,1.92699,0,y2
8,9.732,0.703078,1,0.703078,1,1.74069,0,1.86877,0,y2
8,9.7891860248582,0.672566,1,0.672566,1,1.71647,0,1.84565,0,y2
8,9.88,0.624676,1,0.624676,1,1.67726,0,1.80844,0,y2
8,10,0.562275,1,0.562275,1,1.62424,0,1.75787,0,y2
8,10.0245955203568,0.549619,1,0.549619,1,1.61322,0,1.74722,0,y2
8,10.028,0.547871,1,0.547871,1,1.61169,0,1.74573,0,y2
8,10.176,0.472808,1,0.472808,1,1.54425,0,1.67992,0,y2
8,10.2656661229618,0.428174,1,0.428174,1,1.50253,0,1.63978,0,y2
8,10.324,0.399527,1,0.399527,1,1.47499,0,1.61351,0,y2
8,10.472,0.328619,1,0.328619,1,1.40421,0,1.5439,0,y2
8,10.5,0.315512,1,0.315512,1,1.39069,0,1.53059,0,y2
8,10.5125339704852,0.309687,1,0.309687,1,1.38463,0,1.52467,0,y2
8,10.62,0.261054,1,0.261054,1,1.3327,0,1.47385,0,y2
8,10.7653384745696,0.199124,1,0.199124,1,1.26216,1,1.40351,0,y2
8,10.768,0.198025,1,0.198025,1,1.26086,1,1.4022,0,y2
8,10.916,0.136537,1,0.136537,1,1.18896,1,1.33005,0,y2
8,11,0.101807,1,0.101807,1,1.1487,1,1.29007,0,y2
8,11.0242223994163,0.092223,1,0.092223,1,1.13721,1,1.27858,0,y2
8,11.064,0.0768531,1,0.0768531,1,1.11848,1,1.25965,1,y2
8,11.212,0.0209886,1,0.0209886,1,1.05041,1,1.19043,1,y2
8,11.289331942408,0,1,0,1,1.01613,1,1.15496,1,y2
8,11.36,0,1,0,1,0.985719,1,1.12321,1,y2
8,11.5,0,1,0,1,0.928321,1,1.063,1,y2
8,11.508,0,1,0,1,0.925161,1,1.05967,1,y2
8,11.5608168166693,0,1,0,1,0.904665,1,1.038,1,y2
8,11.656,0,1,0,1,0.86929,1,1.00071,1,y2
8,11.804,0,1,0,1,0.818386,1,0.945908,1,y2
8,11.8388303356128,0,1,0,1,0.807119,1,0.933688,1,y2
8,11.952,0,1,0,1,0.772274,1,0.895858,1,y2
8,12,0,1,0,1,0.758301,1,0.880656,1,y2
8,12.1,0,1,0,1,0.730822,1,0.850306,1,y2
8,12.1235294995191,0,1,0,1,0.724677,1,0.843547,1,y2
8,12.248,0,1,0,1,0.694032,1,0.809428,1,y2
8,12.396,0,1,0,1,0.661264,1,0.772448,1,y2
8,12.4150750841976,0,1,0,1,0.657306,1,0.767945,1,y2
8,12.5,0,1,0,1,0.640322,1,0.748612,1,y2
8,12.544,0,1,0,1,0.631953,1,0.739094,1,y2
8,12.692,0,1,0,1,0.606183,1,0.708901,1,y2
8,12.7136317317806,0,1,0,1,0.602698,1,0.704718,1,y2
8,12.84,0,1,0,1,0.5826,1,0.681389,1,y2
8,12.988,0,1,0,1,0.560839,1,0.656286,1,y2
8,13,0,1,0,1,0.559176,1,0.654346,1,y2
8,13.0193680437001,0,1,0,1,0.556518,1,0.651244,1,y2
8,13.136,0,1,0,1,0.541056,1,0.633241,1,y2
8,13.284,0,1,0,1,0.523092,1,0.611931,1,y2
8,13.3324566759004,0,1,0,1,0.517623,1,0.605286,1,y2
8,13.432,0,1,0,1,0.507155,1,0.592085,1,y2
8,13.5,0,1,0,1,0.500294,1,0.583397,1,y2
8,13.58,0,1,0,1,0.491993,1,0.573481,1,y2
8,13.6530744363415,0,1,0,1,0.484589,1,0.564678,1,y2
8,13.728,0,1,0,1,0.477404,1,0.555866,1,y2
8,13.876,0,1,0,1,0.464083,1,0.539043,1,y2
8,13.9814023848453,0,1,0,1,0.45458,1,0.527534,1,y2
8,14,0,1,0,1,0.452879,1,0.525521,1,y2
8,14.024,0,1,0,1,0.450665,1,0.522922,1,y2
8,14.172,0,1,0,1,0.437284,1,0.506911,1,y2
8,14.3176259353449,0,1,0,1,0.425662,1,0.492276,1,y2
8,14.32,0,1,0,1,0.425473,1,0.492046,1,y2
8,14.468,0,1,0,1,0.4131,1,0.477608,1,y2
8,14.5,0,1,0,1,0.41038,1,0.474467,1,y2
8,14.616,0,1,0,1,0.401051,1,0.463227,1,y2
8,14.6619349605916,0,1,0,1,0.397565,1,0.458847,1,y2
8,14.764,0,1,0,1,0.389769,1,0.449198,1,y2
8,14.912,0,1,0,1,0.377542,1,0.434779,1,y2
8,15,0,1,0,1,0.370393,1,0.426337,1,y2
8,15.0145238993799,0,1,0,1,0.369267,1,0.424994,1,y2
8,15.06,0,1,0,1,0.365786,1,0.420785,1,y2
8,15.208,0,1,0,1,0.354449,1,0.406843,1,y2
8,15.356,0,1,0,1,0.342895,1,0.392999,1,y2
8,15.3755918663517,0,1,0,1,0.341366,1,0.391173,1,y2
8,15.5,0,1,0,1,0.331619,1,0.379603,1,y2
8,15.504,0,1,0,1,0.331305,1,0.379232,1,y2
8,15.652,0,1,0,1,0.319704,1,0.365483,1,y2
8,15.7453427644406,0,1,0,1,0.312359,1,0.35681,1,y2
8,15.8,0,1,0,1,0.308059,1,0.351735,1,y2
8,15.948,0,1,0,1,0.296361,1,0.338022,1,y2
8,16,0,1,0,1,0.292245,1,0.333192,1,y2
8,16.096,0,1,0,1,0.284632,1,0.324251,1,y2
8,16.12398540002,0,1,0,1,0.282424,1,0.32164,1,y2
8,16.244,0,1,0,1,0.273131,1,0.310447,1,y2
8,16.392,0,1,0,1,0.261503,1,0.296725,1,y2
8,16.5,0,1,0,1,0.252791,1,0.286813,1,y2
8,16.5117336008211,0,1,0,1,0.251778,1,0.285736,1,y2
8,16.54,0,1,0,1,0.249328,1,0.283136,1,y2
8,16.688,0,1,0,1,0.2369,1,0.269432,1,y2
8,16.836,0,1,0,1,0.225288,1,0.255597,1,y2
8,16.9088063366855,0,1,0,1,0.219463,1,0.248746,1,y2
8,16.984,0,1,0,1,0.212988,1,0.241647,1,y2
8,17,0,1,0,1,0.211616,1,0.240134,1,y2
8,17.132,0,1,0,1,0.200736,1,0.227622,1,y2
8,17.28,0,1,0,1,0.188588,1,0.213543,1,y2
8,17.3154278432229,0,1,0,1,0.185717,1,0.210172,1,y2
8,17.428,0,1,0,1,0.176321,1,0.199485,1,y2
8,17.5,0,1,0,1,0.170333,1,0.192688,1,y2
8,17.576,0,1,0,1,0.164016,1,0.185571,1,y2
8,17.724,0,1,0,1,0.151623,1,0.171876,1,y2
8,17.7318277484412,0,1,0,1,0.150967,1,0.171148,1,y2
8,17.872,0,1,0,1,0.139185,1,0.157997,1,y2
8,18,0,1,0,1,0.128389,1,0.145878,1,y2
8,18.02,0,1,0,1,0.126701,1,0.14397,1,y2
8,18.1582412024229,0,1,0,1,0.115005,1,0.130652,1,y2
8,18.168,0,1,0,1,0.114177,1,0.12971,1,y2
8,18.316,0,1,0,1,0.101601,1,0.115554,1,y2
8,18.464,0,1,0,1,0.0889687,1,0.101357,1,y2
8,18.5,0,1,0,1,0.0858857,1,0.0978896,1,y2
8,18.594909010119,0,1,0,1,0.0777108,1,0.0887586,1,y2
8,18.612,0,1,0,1,0.0762318,1,0.0871169,1,y2
8,18.76,0,1,0,1,0.0633846,1,0.0729531,1,y2
8,18.908,0,1,0,1,0.0506503,1,0.0587785,1,y2
8,19,0,1,0,1,0.0427387,1,0.0498939,1,y2
8,19.0420777673373,0,1,0,1,0.0391038,1,0.0458049,1,y2
8,19.056,0,1,0,1,0.0378991,1,0.0444486,1,y2
8,19.204,0,1,0,1,0.0250211,1,0.0301593,1,y2
8,19.352,0,1,0,1,0.0120055,1,0.0159935,1,y2
8,19.5,0,1,0,1,0,1,0.00138474,1,y2
9,1,0,1,0,1,0,1,0,1,y2
9,1.02316176962892,0,1,0,1,0,1,0,1,y2
9,1.04686000683017,0,1,0,1,0,1,0,1,y2
9,1.0711071371421,0,1,0,1,0,1,0,1,y2
9,1.09591587390047,0,1,0,1,0,1,0,1,y2
9,1.12129922490442,0,1,0,1,0,1,0,1,y2
9,1.132,0,1,0,1,0,1,0,1,y2
9,1.14727049923674,0,1,0,1,0,1,0,1,y2
9,1.17384331424211,0,1,0,1,0,1,0,1,y2
9,1.20103160266703,0,1,0,1,0,1,0,1,y2
9,1.22884961996505,0,1,0,1,0,1,0,1,y2
9,1.25731195177126,0,1,0,1,0,1,0,1,y2
9,1.264,0,1,0,1,0,1,0,1,y2
9,1.28643352154987,0,1,0,1,0,1,0,1,y2
9,1.31622959841892,0,1,0,1,0,1,0,1,y2
9,1.34671580515626,0,1,0,1,0,1,0,1,y2
9,1.37790812639091,0,1,0,1,0,1,0,1,y2
9,1.396,0,1,0,1,0,1,0,1,y2
9,1.40982291698419,0,1,0,1,0,1,0,1,y2
9,1.44247691060494,0,1,0,1,0,1,0,1,y2
9,1.4758872285034,0,1,0,1,0,1,0,1,y2
9,1.5,0,1,0,1,0,1,0,1,y2
9,1.51007138848825,0,1,0,1,0,1,0,1,y2
9,1.528,0,1,0,1,0,1,0,1,y2
9,1.54504731411164,0,1,0,1,0,1,0,1,y2
9,1.58083334406686,0,1,0,1,0,1,0,1,y2
9,1.61744824180385,0,1,0,1,0,1,0,1,y2
9,1.6549112053672,0,1,0,1,0,1,0,1,y2
9,1.66,0,1,0,1,0,1,0,1,y2
9,1.69324187746223,0,1,0,1,0,1,0,1,y2
9,1.73246035575404,0,1,0,1,0,1,0,1,y2
9,1.77258720340524,0,1,0,1,0,1,0,1,y2
9,1.792,0,1,0,1,0,1,0,1,y2
9,1.81364345985768,0,1,0,1,0,1,0,1,y2
9,1.85565065186389,0,1,0,1,0,1,0,1,y2
9,1.89863080477411,0,1,0,1,0.0984725,1,0.00909955,1,y2
9,1.924,0,1,0,1,0.200199,1,0.101506,1,y2
9,1.94260645408465,0,1,0,1,0.270051,1,0.16496,1,y2
9,1.9876006572538,0,1,0,1,0.425478,1,0.306586,1,y2
9,2,0,1,0,1,0.465323,1,0.343035,1,y2
9,2.03363700579139,0,1,0,1,0.56756,1,0.436203,1,y2
9,2.056,0,1,0,1,0.631231,1,0.49414,1,y2
9,2.08073963762837,0.00905376,1,0.00905376,1,0.698042,1,0.55495,1,y2
9,2.12893324977287,0.172725,1,0.172725,1,0.818554,1,0.664684,1,y2
9,2.17824311125945,0.32408,1,0.32408,1,0.930441,1,0.766585,1,y2
9,2.188,0.352297,1,0.352297,1,0.951361,1,0.785634,1,y2
9,2.22869507639821,0.464012,1,0.464012,1,1.0347,1,0.861734,1,y2
9,2.28031559833084,0.594119,1,0.594119,1,1.1322,1,0.950702,1,y2
9,2.32,0.686491,1,0.686491,1,1.20163,1,1.01419,1,y2
9,2.33313174290061,0.715817,1,0.715817,1,1.22365,1,1.03438,1,y2
9,2.38717120284358,0.830317,1,0.830317,1,1.30965,0,1.11344,1,y2
9,2.44246231230862,0.938293,1,0.938293,1,1.3907,0,1.18819,1,y2
9,2.452,0.956022,1,0.956022,1,1.40403,0,1.2005,1,y2
9,2.49903406171362,1.04006,1,1.04006,1,1.46723,0,1.25891,1,y2
9,2.5,1.04174,1,1.04174,1,1.46848,0,1.26007,1,y2
9,2.55691611294585,1.13634,1,1.13634,1,1.5396,0,1.32595,0,y2
9,2.584,1.17913,1,1.17913,1,1.57159,0,1.35565,0,y2
9,2.61613881491436,1.22826,1,1.22826,1,1.60811,0,1.38962,0,y2
9,2.67673321946267,1.31577,0,1.31577,0,1.67302,0,1.45014,0,y2
9,2.716,1.36899,0,1.36899,0,1.71251,0,1.48711,0,y2
9,2.73873109764993,1.39864,0,1.39864,0,1.73452,0,1.50775,0,y2
9,2.80216495640924,1.47724,0,1.47724,0,1.79279,0,1.56263,0,y2
9,2.848,1.53055,0,1.53055,0,1.83219,0,1.59994,0,y2
9,2.86706805559181,1.55196,0,1.55196,0,1.84795,0,1.61492,0,y2
9,2.93347442540585,1.62312,0,1.62312,0,1.90011,0,1.66477,0,y2
9,2.98,1.67003,0,1.67003,0,1.93425,0,1.69766,0,y2
9,3,1.68949,0,1.68949,0,1.94834,0,1.71131,0,y2
9,3.00141888425942,1.69085,0,1.69085,0,1.94932,0,1.71227,0,y2
9,3.07093705701651,1.75533,0,1.75533,0,1.99561,0,1.75752,0,y2
9,3.112,1.79128,0,1.79128,0,2.02112,0,1.78276,0,y2
9,3.14206539367602,1.81665,0,1.81665,0,2.03896,0,1.80058,0,y2
9,3.21484118848333,1.87492,0,1.87492,0,2.07937,0,1.84151,0,y2
9,3.244,1.89705,0,1.89705,0,2.09449,0,1.85707,0,y2
9,3.28930259948453,1.93015,0,1.93015,0,2.11679,0,1.88034,0,y2
9,3.36548866853358,1.98235,0,1.98235,0,2.15115,0,1.9171,0,y2
9,3.376,1.98922,0,1.98922,0,2.15559,0,1.92194,0,y2
9,3.44343934176288,2.03147,0,2.03147,0,2.18238,0,1.95177,0,y2
9,3.5,2.06452,0,2.06452,0,2.20265,0,1.97517,0,y2
9,3.508,2.06902,0,2.06902,0,2.20536,0,1.97836,0,y2
9,3.52319549052794,2.07746,0,2.07746,0,2.2104,0,1.98435,0,y2
9,3.60479893283718,2.12022,0,2.12022,0,2.23515,0,2.0148,0,y2
9,3.64,2.13737,0,2.13737,0,2.24465,0,2.02708,0,y2
9,3.68829245527811,2.15965,0,2.15965,0,2.25657,0,2.04311,0,y2
9,3.772,2.19495,0,2.19495,0,2.27433,0,2.06874,0,y2
9,3.77371983545133,2.19563,0,2.19563,0,2.27466,0,2.06924,0,y2
9,3.86112586492412,2.22803,0,2.22803,0,2.28941,0,2.09314,0,y2
9,3.904,2.24235,0,2.24235,0,2.29533,0,2.10385,0,y2
9,3.95055637271574,2.25674,0,2.25674,0,2.3008,0,2.11474,0,y2
9,4,2.27075,0,2.27075,0,2.30554,0,2.12549,0,y2
9,4.036,2.28014,0,2.28014,0,2.30832,0,2.13282,0,y2
9,4.04205824932663,2.28165,0,2.28165,0,2.30874,0,2.13401,0,y2
9,4.13567947132419,2.30269,0,2.30269,0,2.31329,0,2.15093,0,y2
9,4.168,2.30895,0,2.30895,0,2.3141,0,2.15614,0,y2
9,4.23146912649803,2.31982,0,2.31982,0,2.31469,0,2.16544,0,y2
9,4.3,2.32948,0,2.32948,0,2.31388,0,2.17409,0,y2
9,4.32947743959785,2.333,0,2.333,0,2.31307,0,2.17737,0,y2
9,4.4297557986674,2.34229,0,2.34229,0,2.30831,0,2.18651,0,y2
9,4.432,2.34245,0,2.34245,0,2.30817,0,2.18668,0,y2
9,4.5,2.34645,0,2.34645,0,2.30318,0,2.1911,0,y2
9,4.53235678198848,2.34775,0,2.34775,0,2.30036,0,2.19272,0,y2
9,4.564,2.34867,0,2.34867,0,2.29733,0,2.19399,0,y2
9,4.63733418564895,2.34951,0,2.34951,0,2.28929,0,2.19582,0,y2
9,4.696,2.34895,0,2.34895,0,2.28191,0,2.19629,0,y2
9,4.74474305174925,2.34772,0,2.34772,0,2.27517,0,2.19609,0,y2
9,4.828,2.34413,0,2.34413,0,2.26243,0,2.19449,0,y2
9,4.85463969726226,2.34261,0,2.34261,0,2.25804,0,2.19363,0,y2
9,4.96,2.33499,0,2.33499,0,2.2393,0,2.18861,0,y2
9,4.96708174356163,2.33439,0,2.33439,0,2.23797,0,2.18819,0,y2
9,5,2.33146,0,2.33146,0,2.23164,0,2.18608,0,y2
9,5.082128146634,2.3232,0,2.3232,0,2.21501,0,2.17985,0,y2
9,5.092,2.32212,0,2.32212,0,2.21293,0,2.17902,0,y2
9,5.19983922799096,2.30924,0,2.30924,0,2.18917,0,2.16874,0,y2
9,5.224,2.30611,0,2.30611,0,2.18359,0,2.16615,0,y2
9,5.32027670629708,2.29287,0,2.29287,0,2.16045,0,2.15484,0,y2
9,5.356,2.28766,0,2.28766,0,2.15151,0,2.15024,0,y2
9,5.44350372973042,2.27428,0,2.27428,0,2.12883,0,2.1381,0,y2
9,5.488,2.26716,0,2.26716,0,2.11689,0,2.13148,0,y2
9,5.5,2.26521,0,2.26521,0,2.11362,0,2.12965,0,y2
9,5.56958490909258,2.25363,0,2.25363,0,2.09428,0,2.11862,0,y2
9,5.62,2.24499,0,2.24499,0,2.07986,0,2.11023,0,y2
9,5.69858635168566,2.23112,0,2.23112,0,2.05673,0,2.09648,0,y2
9,5.752,2.22146,0,2.22146,0,2.04055,0,2.08667,0,y2
9,5.83057569597389,2.20696,0,2.20696,0,2.01611,0,2.07157,0,y2
9,5.884,2.1969,0,2.1969,0,1.99905,0,2.06085,0,y2
9,5.96562214704798,2.18127,0,2.18127,0,1.97232,0,2.04384,0,y2
9,6,2.1746,0,2.1746,0,1.96081,0,2.03644,0,y2
9,6.016,2.17148,0,2.17148,0,1.95541,0,2.03295,0,y2
9,6.10379651291106,2.15418,0,2.15418,0,1.92523,0,2.0133,0,y2
9,6.148,2.14537,0,2.14537,0,1.90969,0,2.00308,0,y2
9,6.24517124160489,2.12569,0,2.12569,0,1.87473,0,1.9799,0,y2
9,6.28,2.1185,0,2.1185,0,1.86194,0,1.97134,0,y2
9,6.38982045919606,2.09506,0,2.09506,0,1.82069,0,1.94357,0,y2
9,6.412,2.09017,0,2.09017,0,1.81219,0,1.93781,0,y2
9,6.5,2.07013,0,2.07013,0,1.77792,0,1.91449,0,y2
9,6.53782000864209,2.06124,0,2.06124,0,1.76294,0,1.90424,0,y2
9,6.544,2.05978,0,2.05978,0,1.76048,0,1.90255,0,y2
9,6.676,2.02747,0,2.02747,0,1.70691,0,1.86558,0,y2
9,6.68924748955757,2.02412,0,2.02412,0,1.70143,0,1.86178,0,y2
9,6.808,1.99307,0,1.99307,0,1.65153,0,1.82698,0,y2
9,6.84418229890151,1.98324,0,1.98324,0,1.63604,0,1.81613,0,y2
9,6.94,1.95641,0,1.95641,0,1.59438,0,1.78684,0,y2
9,7,1.93903,0,1.93903,0,1.56784,0,1.76811,0,y2
9,7.00270567260696,1.93824,0,1.93824,0,1.56664,0,1.76725,0,y2
9,7.072,1.91759,0,1.91759,0,1.53555,0,1.74522,0,y2
9,7.16490072817498,1.88896,0,1.88896,0,1.49319,0,1.71505,0,y2
9,7.204,1.87659,0,1.87659,0,1.47514,0,1.70215,0,y2
9,7.33085250825502,1.83511,0,1.83511,0,1.41575,0,1.65946,0,y2
9,7.336,1.83338,0,1.83338,0,1.41331,0,1.6577,0,y2
9,7.468,1.78792,0,1.78792,0,1.35022,0,1.61196,0,y2
9,7.5,1.77656,0,1.77656,0,1.33476,0,1.60069,0,y2
9,7.50064802523477,1.77633,0,1.77633,0,1.33445,0,1.60046,0,y2
9,7.6,1.74017,0,1.74017,0,1.28608,0,1.565,0,y2
9,7.67437630686284,1.71225,0,1.71225,0,1.2496,1,1.53803,0,y2
9,7.732,1.69011,0,1.69011,0,1.22117,1,1.51691,0,y2
9,7.852128442928,1.64252,0,1.64252,0,1.16167,1,1.47227,0,y2
9,7.864,1.63771,0,1.63771,0,1.15577,1,1.46782,0,y2
9,7.996,1.58294,0,1.58294,0,1.09008,1,1.41785,0,y2
9,8,1.58124,0,1.58124,0,1.08809,1,1.41632,0,y2
9,8.03399763301975,1.56673,0,1.56673,0,1.07119,1,1.40332,0,y2
9,8.128,1.52578,0,1.52578,0,1.02453,1,1.36714,0,y2
9,8.22007923539501,1.48455,0,1.48455,0,0.97903,1,1.33143,0,y2
9,8.26,1.46635,0,1.46635,0,0.959317,1,1.31589,0,y2
9,8.392,1.4048,0,1.4048,0,0.894762,1,1.26424,1,y2
9,8.41047081697666,1.39602,0,1.39602,0,0.885808,1,1.25699,1,y2
9,8.5,1.3529,0,1.3529,0,0.842797,1,1.22183,1,y2
9,8.524,1.34119,0,1.34119,0,0.831405,1,1.2124,1,y2
9,8.60527220451018,1.30105,0,1.30105,0,0.793215,1,1.18047,1,y2
9,8.656,1.27564,0,1.27564,0,0.769693,1,1.16057,1,y2
9,8.788,1.20838,1,1.20838,1,0.709524,1,1.10888,1,y2
9,8.80458553690516,1.19982,1,1.19982,1,0.702044,1,1.10241,1,y2
9,8.92,1.13964,1,1.13964,1,0.651172,1,1.05754,1,y2
9,9,1.09736,1,1.09736,1,0.617188,1,1.02663,1,y2
9,9.00851531878903,1.09283,1,1.09283,1,0.613599,1,1.02335,1,y2
9,9.052,1.06967,1,1.06967,1,0.595239,1,1.0066,1,y2
9,9.184,0.998786,1,0.998786,1,0.540207,1,0.956203,1,y2
9,9.21716847530138,0.980873,1,0.980873,1,0.526921,1,0.94373,1,y2
9,9.316,0.927363,1,0.927363,1,0.488318,1,0.907008,1,y2
9,9.43065440815721,0.865181,1,0.865181,1,0.44521,1,0.8648,1,y2
9,9.448,0.855775,1,0.855775,1,0.438847,1,0.858453,1,y2
9,9.5,0.827617,1,0.827617,1,0.420024,1,0.839575,1,y2
9,9.58,0.784411,1,0.784411,1,0.391804,1,0.810954,1,y2
9,9.64908505300886,0.747289,1,0.747289,1,0.368113,1,0.786527,1,y2
9,9.712,0.71366,1,0.71366,1,0.347081,1,0.764518,1,y2
9,9.844,0.643882,1,0.643882,1,0.304607,1,0.719203,1,y2
9,9.87257493813646,0.628942,1,0.628942,1,0.295705,1,0.709568,1,y2
9,9.976,0.575405,1,0.575405,1,0.264319,1,0.675207,1,y2
9,10,0.563119,1,0.563119,1,0.257218,1,0.667353,1,y2
9,10.1012412444978,0.511855,1,0.511855,1,0.227993,1,0.634757,1,y2
9,10.108,0.508471,1,0.508471,1,0.226084,1,0.63261,1,y2
9,10.24,0.443332,1,0.443332,1,0.1898,1,0.591476,1,y2
9,10.3352038671689,0.397476,1,0.397476,1,0.164775,1,0.562713,1,y2
9,10.372,0.380043,1,0.380043,1,0.155361,1,0.551811,1,y2
9,10.5,0.320856,1,0.320856,1,0.123518,1,0.514769,1,y2
9,10.504,0.319046,1,0.319046,1,0.12255,1,0.513634,1,y2
9,10.5745854782082,0.287485,1,0.287485,1,0.1058,1,0.493819,1,y2
9,10.636,0.260352,1,0.260352,1,0.0918224,1,0.476903,1,y2
9,10.768,0.202475,1,0.202475,1,0.0619475,1,0.441586,1,y2
9,10.8195115909757,0.180547,1,0.180547,1,0.0505448,1,0.428179,1,y2
9,10.9,0.146968,1,0.146968,1,0.033168,1,0.407629,1,y2
9,11,0.106272,1,0.106272,1,0.0122972,1,0.382769,1,y2
9,11.032,0.0935205,1,0.0935205,1,0.00578102,1,0.374967,1,y2
9,11.0701106259433,0.0785009,1,0.0785009,1,0,1,0.365766,1,y2
9,11.164,0.0422175,1,0.0422175,1,0,1,0.343537,1,y2
9,11.296,0,1,0,1,0,1,0.313264,1,y2
9,11.326513978028,0,1,0,1,0,1,0.306425,1,y2
9,11.428,0,1,0,1,0,1,0.28408,1,y2
9,11.5,0,1,0,1,0,1,0.268598,1,y2
9,11.56,0,1,0,1,0,1,0.255909,1,y2
9,11.5888560854857,0,1,0,1,0,1,0.249876,1,y2
9,11.692,0,1,0,1,0,1,0.228655,1,y2
9,11.824,0,1,0,1,0,1,0.202248,1,y2
9,11.8572745004004,0,1,0,1,0,1,0.195716,1,y2
9,11.956,0,1,0,1,0,1,0.176632,1,y2
9,12,0,1,0,1,0,1,0.16827,1,y2
9,12.088,0,1,0,1,0,1,0.151784,1,y2
9,12.1319099608055,0,1,0,1,0,1,0.14367,1,y2
9,12.22,0,1,0,1,0,1,0.127608,1,y2
9,12.352,0,1,0,1,0,1,0.104053,1,y2
9,12.4129064644764,0,1,0,1,0,1,0.0933895,1,y2
9,12.484,0,1,0,1,0,1,0.0811113,1,y2
9,12.5,0,1,0,1,0,1,0.0783707,1,y2
9,12.616,0,1,0,1,0,1,0.0587241,1,y2
9,12.7004113444319,0,1,0,1,0,1,0.0446505,1,y2
9,12.748,0,1,0,1,0,1,0.0368069,1,y2
9,12.88,0,1,0,1,0,1,0.0155135,1,y2
9,12.9945753461841,0,1,0,1,0,1,0,1,y2
9,13,0,1,0,1,0,1,0,1,y2
9,13.012,0,1,0,1,0,1,0,1,y2
9,13.144,0,1,0,1,0,1,0,1,y2
9,13.276,0,1,0,1,0,1,0,1,y2
9,13.295552706778,0,1,0,1,0,1,0,1,y2
9,13.408,0,1,0,1,0,1,0,1,y2
9,13.5,0,1,0,1,0,1,0,1,y2
9,13.54,0,1,0,1,0,1,0,1,y2
9,13.6035012356615,0,1,0,1,0,1,0,1,y2
9,13.672,0,1,0,1,0,1,0,1,y2
9,13.804,0,1,0,1,0,1,0,1,y2
9,13.9185823974285,0,1,0,1,0,1,0,1,y2
9,13.936,0,1,0,1,0,1,0,1,y2
9,14,0,1,0,1,0,1,0,1,y2
9,14.068,0,1,0,1,0,1,0,1,y2
9,14.2,0,1,0,1,0,1,0,1,y2
9,14.2409613964788,0,1,0,1,0,1,0,1,y2
9,14.332,0,1,0,1,0,1,0,1,y2
9,14.464,0,1,0,1,0,1,0,1,y2
9,14.5,0,1,0,1,0,1,0,1,y2
9,14.5708072636384,0,1,0,1,0,1,0,1,y2
9,14.596,0,1,0,1,0,1,0,1,y2
9,14.728,0,1,0,1,0,1,0,1,y2
9,14.86,0,1,0,1,0,1,0,1,y2
9,14.9082929447861,0,1,0,1,0,1,0,1,y2
9,14.992,0,1,0,1,0,1,0,1,y2
9,15,0,1,0,1,0,1,0,1,y2
9,15.124,0,1,0,1,0,1,0,1,y2
9,15.2535953915336,0,1,0,1,0,1,0,1,y2
9,15.256,0,1,0,1,0,1,0,1,y2
9,15.388,0,1,0,1,0,1,0,1,y2
9,15.5,0,1,0,1,0,1,0,1,y2
9,15.52,0,1,0,1,0,1,0,1,y2
9,15.606895654005,0,1,0,1,0,1,0,1,y2
9,15.652,0,1,0,1,0,1,0,1,y2
9,15.784,0,1,0,1,0,1,0,1,y2
9,15.916,0,1,0,1,0,1,0,1,y2
9,15.9683789757655,0,1,0,1,0,1,0,1,y2
9,16,0,1,0,1,0,1,0,1,y2
9,16.048,0,1,0,1,0,1,0,1,y2
9,16.18,0,1,0,1,0,1,0,1,y2
9,16.312,0,1,0,1,0,1,0,1,y2
9,16.3382348909494,0,1,0,1,0,1,0,1,y2
9,16.444,0,1,0,1,0,1,0,1,y2
9,16.5,0,1,0,1,0,1,0,1,y2
9,16.576,0,1,0,1,0,1,0,1,y2
9,16.708,0,1,0,1,0,1,0,1,y2
9,16.7166573236367,0,1,0,1,0,1,0,1,y2
9,16.84,0,1,0,1,0,1,0,1,y2
9,16.972,0,1,0,1,0,1,0,1,y2
9,17,0,1,0,1,0,1,0,1,y2
9,17.1038446895323,0,1,0,1,0,1,0,1,y2
9,17.104,0,1,0,1,0,1,0,1,y2
9,17.236,0,1,0,1,0,1,0,1,y2
9,17.368,0,1,0,1,0,1,0,1,y2
9,17.5,0,1,0,1,0,1,0,1,y2
10,1,0,1,0,1,0,1,0,1,y2
10,1.02268025616674,0,1,0,1,0,1,0,1,y2
10,1.04587490635328,0,1,0,1,0,1,0,1,y2
10,1.06959561714774,0,1,0,1,0,1,0,1,y2
10,1.09385431973947,0,1,0,1,0,1,0,1,y2
10,1.11866321592026,0,1,0,1,0,1,0,1,y2
10,1.124,0,1,0,1,0,1,0,1,y2
10,1.14403478422165,0,1,0,1,0,1,0,1,y2
10,1.16998178619146,0,1,0,1,0,1,0,1,y2
10,1.19651727281271,0,1,0,1,0,1,0,1,y2
10,1.22365459106803,0,1,0,1,0,1,0,1,y2
10,1.248,0,1,0,1,0,1,0,1,y2
10,1.25140739065307,0,1,0,1,0,1,0,1,y2
10,1.27978963084203,0,1,0,1,0,1,0,1,y2
10,1.30881558750907,0,1,0,1,0,1,0,1,y2
10,1.33849986030881,0,1,0,1,0,1,0,1,y2
10,1.36885738001976,0,1,0,1,0,1,0,1,y2
10,1.372,0,1,0,1,0,1,0,1,y2
10,1.39990341605435,0,1,0,1,0,1,0,1,y2
10,1.43165358413916,0,1,0,1,0,1,0,1,y2
10,1.46412385416947,0,1,0,1,0.110792,1,0,1,y2
10,1.496,0,1,0,1,0.409674,1,0.186648,1,y2
10,1.49733055824187,0,1,0,1,0.4208,1,0.19955,1,y2
10,1.5,0,1,0,1,0.442841,1,0.225064,1,y2
10,1.53129039886909,0,1,0,1,0.676711,1,0.492586,1,y2
10,1.56602045738112,0,1,0,1,0.894311,1,0.736943,1,y2
10,1.60153820251688,0,1,0,1,1.08331,1,0.946187,1,y2
10,1.62,0,1,0,1,1.17103,1,1.04245,1,y2
10,1.63786149921079,0,1,0,1,1.25017,1,1.12886,1,y2
10,1.67500861757854,0,1,0,1,1.39934,0,1.29074,0,y2
10,1.71299824210672,0,1,0,1,1.53413,0,1.43589,0,y2
10,1.744,0,1,0,1,1.63315,0,1.54196,0,y2
10,1.75184948105088,0,1,0,1,1.65684,0,1.56728,0,y2
10,1.79158187604669,0,1,0,1,1.76921,0,1.68713,0,y2
10,1.83221541193913,0,1,0,1,1.87289,0,1.79716,0,y2
10,1.868,0,1,0,1,1.95587,0,1.8852,0,y2
10,1.87377052683456,0,1,0,1,1.96862,0,1.8987,0,y2
10,1.91626812238086,0,1,0,1,2.05779,0,1.99282,0,y2
10,1.95972957428063,0,1,0,1,2.1409,0,2.08037,0,y2
10,1.992,0,1,0,1,2.19799,0,2.14038,0,y2
10,2,0,1,0,1,2.21155,0,2.15466,0,y2
10,2.00417674304285,0,1,0,1,2.21854,0,2.16203,0,y2
10,2.04963198497849,0,1,0,1,2.29079,0,2.2384,0,y2
10,2.09611816344536,0.0633677,1,0.0633677,1,2.35842,0,2.30997,0,y2
10,2.116,0.130785,1,0.130785,1,2.38564,0,2.33875,0,y2
10,2.14365866034806,0.219785,1,0.219785,1,2.42193,0,2.3771,0,y2
10,2.19227738789881,0.36459,1,0.36459,1,2.48137,0,2.44002,0,y2
10,2.24,0.493971,1,0.493971,1,2.53434,0,2.49658,0,y2
10,2.24199880064492,0.499142,1,0.499142,1,2.53644,0,2.49885,0,y2
10,2.29284790776908,0.624728,1,0.624728,1,2.58748,0,2.55387,0,y2
10,2.34485028566866,0.742499,1,0.742499,1,2.63505,0,2.60529,0,y2
10,2.364,0.783453,1,0.783453,1,2.65146,0,2.62305,0,y2
10,2.39803209082029,0.853248,1,0.853248,1,2.67921,0,2.65314,0,y2
10,2.45242007293616,0.95773,1,0.95773,1,2.71992,0,2.69745,0,y2
10,2.488,1.02181,1,1.02181,1,2.74417,0,2.72394,0,y2
10,2.5,1.0428,1,1.0428,1,2.75193,0,2.73243,0,y2
10,2.50804158841882,1.05669,1,1.05669,1,2.75702,0,2.73798,0,y2
10,2.564924614121,1.15091,1,1.15091,1,2.79036,0,2.77455,0,y2
10,2.612,1.22367,1,1.22367,1,2.8146,0,2.80146,0,y2
10,2.62309776141765,1.24017,1,1.24017,1,2.81988,0,2.80733,0,y2
10,2.68259029059702,1.32479,0,1.32479,0,2.8455,0,2.83616,0,y2
10,2.736,1.39567,0,1.39567,0,2.86479,0,2.85841,0,y2
10,2.74343212557818,1.40518,0,1.40518,0,2.8672,0,2.86123,0,y2
10,2.80565386896236,1.48169,0,1.48169,0,2.88496,0,2.88249,0,y2
10,2.86,1.54424,0,1.54424,0,2.89707,0,2.89793,0,y2
10,2.86928681742564,1.55457,0,1.55457,0,2.89883,0,2.90028,0,y2
10,2.93436297746072,1.62406,0,1.62406,0,2.90888,0,2.91433,0,y2
10,2.984,1.67392,0,1.67392,0,2.91396,0,2.92235,0,y2
10,3,1.68944,0,1.68944,0,2.91516,0,2.92447,0,y2
10,3.00091508147573,1.69032,0,1.69032,0,2.91522,0,2.92458,0,y2
10,3.06897660425825,1.7535,0,1.7535,0,2.91803,0,2.93111,0,y2
10,3.108,1.78776,0,1.78776,0,2.9181,0,2.93319,0,y2
10,3.13858177981257,1.81367,0,1.81367,0,2.91743,0,2.93404,0,y2
10,3.20976561857899,1.87091,0,1.87091,0,2.91361,0,2.93356,0,y2
10,3.232,1.88795,0,1.88795,0,2.91181,0,2.93277,0,y2
10,3.28256392504357,1.92525,0,1.92525,0,2.90676,0,2.92994,0,y2
10,3.356,1.97601,0,1.97601,0,2.89722,0,2.9235,0,y2
10,3.35701331574726,1.97669,0,1.97669,0,2.89707,0,2.9234,0,y2
10,3.43315123770358,2.02519,0,2.02519,0,2.88476,0,2.91406,0,y2
10,3.48,2.05305,0,2.05305,0,2.87612,0,2.90713,0,y2
10,3.5,2.0645,0,2.0645,0,2.87221,0,2.90393,0,y2
10,3.51101598723387,2.0707,0,2.0707,0,2.87,0,2.9021,0,y2
10,3.59064672922987,2.11314,0,2.11314,0,2.85298,0,2.88771,0,y2
10,3.604,2.11986,0,2.11986,0,2.84996,0,2.8851,0,y2
10,3.67208351685308,2.1524,0,2.1524,0,2.83388,0,2.87106,0,y2
10,3.728,2.17701,0,2.17701,0,2.8199,0,2.85865,0,y2
10,3.75536731168098,2.18838,0,2.18838,0,2.81284,0,2.85233,0,y2
10,3.84054000431012,2.22094,0,2.22094,0,2.79003,0,2.83168,0,y2
10,3.852,2.225,0,2.225,0,2.78687,0,2.8288,0,y2
10,3.9276444354265,2.24998,0,2.24998,0,2.76556,0,2.80925,0,y2
10,3.976,2.26431,0,2.26431,0,2.75155,0,2.79631,0,y2
10,4,2.27096,0,2.27096,0,2.7445,0,2.78978,0,y2
10,4.01672441735386,2.27541,0,2.27541,0,2.73956,0,2.78518,0,y2
10,4.1,2.29543,0,2.29543,0,2.7145,0,2.76181,0,y2
10,4.10782475609066,2.29713,0,2.29713,0,2.71211,0,2.75958,0,y2
10,4.20099127384688,2.31509,0,2.31509,0,2.68333,0,2.73256,0,y2
10,4.224,2.31889,0,2.31889,0,2.67612,0,2.72578,0,y2
10,4.29627083209198,2.32928,0,2.32928,0,2.65327,0,2.70422,0,y2
10,4.348,2.33531,0,2.33531,0,2.63674,0,2.68858,0,y2
10,4.39371135512554,2.3397,0,2.3397,0,2.62202,0,2.67463,0,y2
10,4.472,2.34528,0,2.34528,0,2.59662,0,2.6505,0,y2
10,4.49336185418252,2.34641,0,2.34641,0,2.58965,0,2.64386,0,y2
10,4.5,2.34672,0,2.34672,0,2.58748,0,2.6418,0,y2
10,4.59527245208525,2.34954,0,2.34954,0,2.55621,0,2.612,0,y2
10,4.596,2.34955,0,2.34955,0,2.55597,0,2.61177,0,y2
10,4.69949440845452,2.34915,0,2.34915,0,2.52176,0,2.57909,0,y2
10,4.72,2.34869,0,2.34869,0,2.51496,0,2.57258,0,y2
10,4.80608014549245,2.3455,0,2.3455,0,2.48635,0,2.54519,0,y2
10,4.844,2.34349,0,2.34349,0,2.47373,0,2.53308,0,y2
10,4.91508327435011,2.33874,0,2.33874,0,2.45004,0,2.51035,0,y2
10,4.968,2.33444,0,2.33444,0,2.43239,0,2.4934,0,y2
10,5,2.33155,0,2.33155,0,2.42172,0,2.48314,0,y2
10,5.02655862209325,2.32902,0,2.32902,0,2.41286,0,2.47462,0,y2
10,5.092,2.32223,0,2.32223,0,2.39104,0,2.45363,0,y2
10,5.14056225927948,2.31667,0,2.31667,0,2.37487,0,2.43805,0,y2
10,5.216,2.30728,0,2.30728,0,2.34978,0,2.41387,0,y2
10,5.25715152816103,2.30184,0,2.30184,0,2.33612,0,2.40069,0,y2
10,5.34,2.29017,0,2.29017,0,2.30869,0,2.37421,0,y2
10,5.37638507152711,2.28477,0,2.28477,0,2.29667,0,2.36259,0,y2
10,5.464,2.27115,0,2.27115,0,2.26783,0,2.33471,0,y2
10,5.4983228622004,2.26561,0,2.26561,0,2.25657,0,2.32381,0,y2
10,5.5,2.26534,0,2.26534,0,2.25602,0,2.32328,0,y2
10,5.588,2.25065,0,2.25065,0,2.22728,0,2.29544,0,y2
10,5.62302623320257,2.24462,0,2.24462,0,2.21589,0,2.2844,0,y2
10,5.712,2.22889,0,2.22889,0,2.1871,0,2.25648,0,y2
10,5.75055790860392,2.2219,0,2.2219,0,2.1747,0,2.24443,0,y2
10,5.836,2.2061,0,2.2061,0,2.14739,0,2.21788,0,y2
10,5.88098203507275,2.19763,0,2.19763,0,2.13311,0,2.20398,0,y2
10,5.96,2.1825,0,2.1825,0,2.10819,0,2.17971,0,y2
10,6,2.17474,0,2.17474,0,2.09566,0,2.16751,0,y2
10,6.01436421414021,2.17193,0,2.17193,0,2.09118,0,2.16314,0,y2
10,6.084,2.15823,0,2.15823,0,2.06957,0,2.14205,0,y2
10,6.15077153519701,2.14493,0,2.14493,0,2.04903,0,2.122,0,y2
10,6.208,2.13341,0,2.13341,0,2.0316,0,2.10496,0,y2
10,6.29027260923839,2.11652,0,2.11652,0,2.0068,0,2.08069,0,y2
10,6.332,2.10771,0,2.10771,0,1.99436,0,2.06849,0,y2
10,6.43293760337457,2.08556,0,2.08556,0,1.96464,0,2.03933,0,y2
10,6.456,2.08034,0,2.08034,0,1.95793,0,2.03273,0,y2
10,6.5,2.07022,0,2.07022,0,1.94522,0,2.02023,0,y2
10,6.57883827612378,2.05157,0,2.05157,0,1.92274,0,1.99807,0,y2
10,6.58,2.05129,0,2.05129,0,1.92241,0,1.99774,0,y2
10,6.704,2.02038,0,2.02038,0,1.88785,0,1.9636,0,y2
10,6.72804801350584,2.01416,0,2.01416,0,1.88126,0,1.95708,0,y2
10,6.828,1.98758,0,1.98758,0,1.8543,0,1.93037,0,y2
10,6.8806418659543,1.97309,0,1.97309,0,1.84038,0,1.91656,0,y2
10,6.952,1.95291,0,1.95291,0,1.82185,0,1.89813,0,y2
10,7,1.93898,0,1.93898,0,1.80961,0,1.88592,0,y2
10,7.03669658606576,1.92814,0,1.92814,0,1.80038,0,1.87671,0,y2
10,7.076,1.91633,0,1.91633,0,1.79062,0,1.86694,0,y2
10,7.19629066720539,1.87901,0,1.87901,0,1.76155,0,1.83773,0,y2
10,7.2,1.87783,0,1.87783,0,1.76067,0,1.83685,0,y2
10,7.324,1.83736,0,1.83736,0,1.73201,0,1.80791,0,y2
10,7.35950438298795,1.82541,0,1.82541,0,1.72404,0,1.79984,0,y2
10,7.448,1.7949,0,1.7949,0,1.70466,0,1.78018,0,y2
10,7.5,1.7765,0,1.7765,0,1.6936,0,1.76894,0,y2
10,7.52641982765439,1.76701,0,1.76701,0,1.68807,0,1.76331,0,y2
10,7.572,1.75042,0,1.75042,0,1.67869,0,1.75374,0,y2
10,7.696,1.70384,0,1.70384,0,1.65415,0,1.72858,0,y2
10,7.69712095736404,1.70341,0,1.70341,0,1.65393,0,1.72836,0,y2
10,7.82,1.65519,0,1.65519,0,1.63101,0,1.70474,0,y2
10,7.87169363242347,1.63427,0,1.63427,0,1.62179,0,1.69522,0,y2
10,7.944,1.6044,0,1.6044,0,1.6093,0,1.68232,0,y2
10,8,1.58084,0,1.58084,0,1.59996,0,1.67265,0,y2
10,8.05022566047296,1.55929,0,1.55929,0,1.59184,0,1.66421,0,y2
10,8.068,1.55158,0,1.55158,0,1.58902,0,1.66127,0,y2
10,8.192,1.49671,0,1.49671,0,1.5702,0,1.64146,0,y2
10,8.23280684065258,1.47818,0,1.47818,0,1.56432,0,1.63524,0,y2
10,8.316,1.43968,0,1.43968,0,1.5528,0,1.62308,0,y2
10,8.41952900876989,1.39065,0,1.39065,0,1.53935,0,1.60892,0,y2
10,8.44,1.38076,0,1.38076,0,1.5368,0,1.60623,0,y2
10,8.5,1.35148,0,1.35148,0,1.52956,0,1.59853,0,y2
10,8.564,1.31994,0,1.31994,0,1.5222,0,1.59056,0,y2
10,8.61048608349212,1.29676,0,1.29676,0,1.51707,0,1.58497,0,y2
10,8.688,1.25766,1,1.25766,1,1.50893,0,1.5761,0,y2
10,8.8057741135859,1.19717,1,1.19717,1,1.49743,0,1.56388,0,y2
10,8.812,1.19394,1,1.19394,1,1.49684,0,1.56327,0,y2
10,8.936,1.12892,1,1.12892,1,1.48502,0,1.55119,0,y2
10,9,1.09489,1,1.09489,1,1.4786,0,1.54474,0,y2
10,9.00549132622851,1.09196,1,1.09196,1,1.47803,0,1.54417,0,y2
10,9.06,1.06281,1,1.06281,1,1.47215,0,1.53844,0,y2
10,9.184,0.996021,1,0.996021,1,1.45759,0,1.52437,0,y2
10,9.20973817641476,0.982082,1,0.982082,1,1.45445,0,1.52127,0,y2
10,9.308,0.928791,1,0.928791,1,1.442,0,1.50903,0,y2
10,9.41861739748448,0.868726,1,0.868726,1,1.42704,0,1.49437,0,y2
10,9.432,0.861459,1,0.861459,1,1.42516,0,1.49253,0,y2
10,9.5,0.824482,1,0.824482,1,1.41536,0,1.48294,0,y2
10,9.556,0.794094,1,0.794094,1,1.40696,0,1.47475,0,y2
10,9.63223405279597,0.753041,1,0.753041,1,1.39508,0,1.46318,0,y2
10,9.68,0.727515,1,0.727515,1,1.38737,0,1.4557,0,y2
10,9.804,0.6613,1,0.6613,1,1.36645,0,1.43553,0,y2
10,9.85069558857141,0.636444,1,0.636444,1,1.35824,0,1.42763,0,y2
10,9.928,0.596188,1,0.596188,1,1.34426,0,1.41417,0,y2
10,10,0.559727,1,0.559727,1,1.33082,0,1.40123,0,y2
10,10.052,0.533277,1,0.533277,1,1.32086,0,1.39165,0,y2
10,10.0741118879408,0.521843,1,0.521843,1,1.31656,0,1.38751,0,y2
10,10.176,0.469556,1,0.469556,1,1.29634,0,1.36802,0,y2
10,10.3,0.409316,1,0.409316,1,1.27075,0,1.34338,0,y2
10,10.3025953262118,0.408057,1,0.408057,1,1.2702,0,1.34286,0,y2
10,10.424,0.350073,1,0.350073,1,1.2442,1,1.31778,0,y2
10,10.5,0.3148,1,0.3148,1,1.22748,1,1.30165,0,y2
10,10.5362608273925,0.298208,1,0.298208,1,1.21939,1,1.29384,0,y2
10,10.548,0.292872,1,0.292872,1,1.21676,1,1.29129,0,y2
10,10.672,0.237583,1,0.237583,1,1.18855,1,1.26399,1,y2
10,10.7752259219974,0.193053,1,0.193053,1,1.16454,1,1.24073,1,y2
10,10.796,0.184245,1,0.184245,1,1.15966,1,1.23599,1,y2
10,10.92,0.132718,1,0.132718,1,1.13022,1,1.20735,1,y2
10,11,0.10053,1,0.10053,1,1.11096,1,1.1886,1,y2
10,11.0196108061629,0.0927674,1,0.0927674,1,1.10621,1,1.18399,1,y2
10,11.044,0.0831782,1,0.0831782,1,1.10029,1,1.17823,1,y2
10,11.168,0.0354685,1,0.0354685,1,1.06998,1,1.14892,1,y2
10,11.2695384021044,0,1,0,1,1.04492,1,1.12485,1,y2
10,11.292,0,1,0,1,1.03936,1,1.11949,1,y2
10,11.416,0,1,0,1,1.00849,1,1.08939,1,y2
10,11.5,0,1,0,1,0.98742,1,1.06858,1,y2
10,11.5251344199451,0,1,0,1,0.981088,1,1.06232,1,y2
10,11.54,0,1,0,1,0.977336,1,1.05861,1,y2
10,11.664,0,1,0,1,0.94612,1,1.02767,1,y2
10,11.7865274209456,0,1,0,1,0.915857,1,0.997171,1,y2
10,11.788,0,1,0,1,0.915493,1,0.996805,1,y2
10,11.912,0,1,0,1,0.884293,1,0.966183,1,y2
10,12,0,1,0,1,0.862029,1,0.944599,1,y2
10,12.036,0,1,0,1,0.853001,1,0.935789,1,y2
10,12.053848882169,0,1,0,1,0.848533,1,0.931422,1,y2
10,12.16,0,1,0,1,0.822058,1,0.905461,1,y2
10,12.284,0,1,0,1,0.791225,1,0.87527,1,y2
10,12.3272332626118,0,1,0,1,0.780451,1,0.864784,1,y2
10,12.408,0,1,0,1,0.760344,1,0.845211,1,y2
10,12.5,0,1,0,1,0.73754,1,0.8228,1,y2
10,12.532,0,1,0,1,0.729624,1,0.81494,1,y2
10,12.6068180708351,0,1,0,1,0.711117,1,0.796387,1,y2
10,12.656,0,1,0,1,0.69896,1,0.784238,1,y2
10,12.78,0,1,0,1,0.668565,1,0.754325,1,y2
10,12.8927439341291,0,1,0,1,0.641407,1,0.727353,1,y2
10,12.904,0,1,0,1,0.638727,1,0.724647,1,y2
10,13,0,1,0,1,0.615755,1,0.701543,1,y2
10,13.028,0,1,0,1,0.608929,1,0.694792,1,y2
10,13.152,0,1,0,1,0.578049,1,0.665036,1,y2
10,13.1851546692474,0,1,0,1,0.569861,1,0.657157,1,y2
10,13.276,0,1,0,1,0.547788,1,0.635718,1,y2
10,13.4,0,1,0,1,0.517707,1,0.606567,1,y2
10,13.4841973547441,0,1,0,1,0.497453,1,0.586251,1,y2
10,13.5,0,1,0,1,0.493692,1,0.582404,1,y2
10,13.524,0,1,0,1,0.48799,1,0.576573,1,y2
10,13.648,0,1,0,1,0.457992,1,0.547138,1,y2
10,13.772,0,1,0,1,0.428125,1,0.518557,1,y2
10,13.7900224049526,0,1,0,1,0.423816,1,0.514424,1,y2
10,13.896,0,1,0,1,0.398461,1,0.489854,1,y2
10,14,0,1,0,1,0.373604,1,0.465214,1,y2
10,14.02,0,1,0,1,0.368849,1,0.460471,1,y2
10,14.102783645642,0,1,0,1,0.349279,1,0.440904,1,y2
10,14.144,0,1,0,1,0.339556,1,0.431181,1,y2
10,14.268,0,1,0,1,0.310356,1,0.402079,1,y2
10,14.392,0,1,0,1,0.280342,1,0.373485,1,y2
10,14.4226383913894,0,1,0,1,0.272904,1,0.366452,1,y2
10,14.5,0,1,0,1,0.254702,1,0.348568,1,y2
10,14.516,0,1,0,1,0.250964,1,0.344852,1,y2
10,14.64,0,1,0,1,0.221659,1,0.316201,1,y2
10,14.7497475247064,0,1,0,1,0.195434,1,0.290345,1,y2
10,14.764,0,1,0,1,0.192049,1,0.28707,1,y2
10,14.888,0,1,0,1,0.16274,1,0.258702,1,y2
10,15,0,1,0,1,0.136014,1,0.232305,1,y2
10,15.012,0,1,0,1,0.133174,1,0.22943,1,y2
10,15.0842755769615,0,1,0,1,0.116078,1,0.212375,1,y2
10,15.136,0,1,0,1,0.103796,1,0.200701,1,y2
10,15.26,0,1,0,1,0.0743995,1,0.172194,1,y2
10,15.384,0,1,0,1,0.0450261,1,0.143766,1,y2
10,15.4263908111368,0,1,0,1,0.035097,1,0.133824,1,y2
10,15.5,0,1,0,1,0.0174931,1,0.116613,1,y2
10,15.508,0,1,0,1,0.0155824,1,0.114787,1,y2
10,15.632,0,1,0,1,0,1,0.0860139,1,y2
10,15.756,0,1,0,1,0,1,0.0576549,1,y2
10,15.7762653064616,0,1,0,1,0,1,0.0529917,1,y2
10,15.88,0,1,0,1,0,1,0.0289565,1,y2
10,16,0,1,0,1,0,1,0.000992112,1,y2
10,16.004,0,1,0,1,0,1,6.12021e-05,1,y2
10,16.128,0,1,0,1,0,1,0,1,y2
10,16.1340750449667,0,1,0,1,0,1,0,1,y2
10,16.252,0,1,0,1,0,1,0,1,y2
10,16.376,0,1,0,1,0,1,0,1,y2
10,16.5,0,1,0,1,0,1,0,1,y2
11,1,0,1,0,1,0,1,0,1,y2
11,1.02216887738619,0,1,0,1,0,1,0,1,y2
11,1.04482921389695,0,1,0,1,0,1,0,1,y2
11,1.06799190462934,0,1,0,1,0,1,0,1,y2
11,1.09166808621252,0,1,0,1,0,1,0,1,y2
11,1.11586914216219,0,1,0,1,0,1,0,1,y2
11,1.116,0,1,0,1,0,1,0,1,y2
11,1.14060670835382,0,1,0,1,0,1,0,1,y2
11,1.16589267861718,0,1,0,1,0,1,0,1,y2
11,1.19173921045491,0,1,0,1,0,1,0,1,y2
11,1.2181587308878,0,1,0,1,0,1,0,1,y2
11,1.232,0,1,0,1,0,1,0,1,y2
11,1.24516394242977,0,1,0,1,0,1,0,1,y2
11,1.27276782919521,0,1,0,1,0,1,0,1,y2
11,1.30098366314173,0,1,0,1,0,1,0,1,y2
11,1.32982501045136,0,1,0,1,0,1,0,1,y2
11,1.348,0,1,0,1,0,1,0,1,y2
11,1.35930573805314,0,1,0,1,0,1,0,1,y2
11,1.38944002029039,0,1,0,1,0,1,0,1,y2
11,1.42024234573568,0,1,0,1,0,1,0,1,y2
11,1.45172752415698,0,1,0,1,0,1,0,1,y2
11,1.464,0,1,0,1,0,1,0,1,y2
11,1.48391069363817,0,1,0,1,0,1,0,1,y2
11,1.5,0,1,0,1,0,1,0,1,y2
11,1.5168073278575,0,1,0,1,0,1,0,1,y2
11,1.55043324352725,0,1,0,1,0,1,0,1,y2
11,1.58,0,1,0,1,0,1,0,1,y2
11,1.58480460799848,0,1,0,1,0,1,0,1,y2
11,1.61993794703428,0,1,0,1,0,1,0,1,y2
11,1.65585015275532,0,1,0,1,0,1,0,1,y2
11,1.69255849176166,0,1,0,1,0,1,0,1,y2
11,1.696,0,1,0,1,0,1,0,1,y2
11,1.73008061343449,0,1,0,1,0,1,0,1,y2
11,1.76843455842195,0,1,0,1,0.299476,1,0,1,y2
11,1.80763876731311,0,1,0,1,0.64361,1,0.376535,1,y2
11,1.812,0,1,0,1,0.675145,1,0.418416,1,y2
11,1.8477120895042,0,1,0,1,0.89927,1,0.703737,1,y2
11,1.88867379226141,0,1,0,1,1.10207,1,0.946231,1,y2
11,1.928,0,1,0,1,1.26041,1,1.12773,1,y2
11,1.93054356998457,0,1,0,1,1.2697,1,1.13817,1,y2
11,1.97334155367626,0,1,0,1,1.41198,0,1.29599,0,y2
11,2,0,1,0,1,1.48948,0,1.38057,0,y2
11,2.01708832062079,0,1,0,1,1.53546,0,1.43025,0,y2
11,2.044,0,1,0,1,1.60282,0,1.50242,0,y2
11,2.06180490427776,0,1,0,1,1.64438,0,1.54651,0,y2
11,2.10751280439494,0.102074,1,0.102074,1,1.74205,0,1.6487,0,y2
11,2.1542339973454,0.252204,1,0.252204,1,1.83009,0,1.73996,0,y2
11,2.16,0.269766,1,0.269766,1,1.84022,0,1.75045,0,y2
11,2.20199094669372,0.391757,1,0.391757,1,1.90986,0,1.8223,0,y2
11,2.25080661399648,0.521164,1,0.521164,1,1.98261,0,1.89712,0,y2
11,2.276,0.583685,1,0.583685,1,2.01721,0,1.93259,0,y2
11,2.30070446984221,0.642334,1,0.642334,1,2.04943,0,1.96555,0,y2
11,2.351708505136,0.756324,1,0.756324,1,2.11119,0,2.02848,0,y2
11,2.392,0.840075,1,0.840075,1,2.15598,0,2.07392,0,y2
11,2.40384324263443,0.863742,1,0.863742,1,2.16854,0,2.08663,0,y2
11,2.45713374873602,0.965454,1,0.965454,1,2.22197,0,2.14058,0,y2
11,2.5,1.04174,1,1.04174,1,2.26163,0,2.1805,0,y2
11,2.508,1.05554,1,1.05554,1,2.26873,0,2.18763,0,y2
11,2.51160564553323,1.06171,1,1.06171,1,2.27191,0,2.19082,0,y2
11,2.56728512313153,1.15284,1,1.15284,1,2.3187,0,2.23773,0,y2
11,2.624,1.24,1,1.24,1,2.36248,0,2.2815,0,y2
11,2.62419895224163,1.24029,1,1.24029,1,2.36263,0,2.28165,0,y2
11,2.68237449705085,1.32358,0,1.32358,0,2.40393,0,2.32284,0,y2
11,2.74,1.40027,0,1.40027,0,2.44165,0,2.3604,0,y2
11,2.74183972837982,1.40263,0,1.40263,0,2.44281,0,2.36155,0,y2
11,2.80262323713087,1.47778,0,1.47778,0,2.47943,0,2.39795,0,y2
11,2.856,1.53959,0,1.53959,0,2.50924,0,2.42755,0,y2
11,2.86475424803452,1.54939,0,1.54939,0,2.51393,0,2.4322,0,y2
11,2.92826263370077,1.61772,0,1.61772,0,2.54643,0,2.46444,0,y2
11,2.972,1.66213,0,1.66213,0,2.56731,0,2.48516,0,y2
11,2.99317892898186,1.6829,0,1.6829,0,2.577,0,2.49478,0,y2
11,3,1.68949,0,1.68949,0,2.58007,0,2.49783,0,y2
11,3.05953434565339,1.74507,0,1.74507,0,2.60574,0,2.52332,0,y2
11,3.088,1.77046,0,1.77046,0,2.61733,0,2.53485,0,y2
11,3.12736078742103,1.80434,0,1.80434,0,2.63268,0,2.55012,0,y2
11,3.19669086525975,1.8608,0,1.8608,0,2.65787,0,2.57523,0,y2
11,3.204,1.86651,0,1.86651,0,2.6604,0,2.57775,0,y2
11,3.26755791309326,1.91446,0,1.91446,0,2.68134,0,2.59868,0,y2
11,3.32,1.95169,0,1.95169,0,2.69732,0,2.61466,0,y2
11,3.33999600382091,1.96535,0,1.96535,0,2.70311,0,2.62046,0,y2
11,3.41403996569999,2.01344,0,2.01344,0,2.72319,0,2.64052,0,y2
11,3.436,2.02697,0,2.02697,0,2.72874,0,2.64608,0,y2
11,3.48972539909116,2.05867,0,2.05867,0,2.74159,0,2.65896,0,y2
11,3.5,2.06452,0,2.06452,0,2.74393,0,2.66131,0,y2
11,3.552,2.09304,0,2.09304,0,2.75523,0,2.67272,0,y2
11,3.5670886935751,2.10098,0,2.10098,0,2.75834,0,2.67587,0,y2
11,3.64616704544864,2.14029,0,2.14029,0,2.77343,0,2.69135,0,y2
11,3.668,2.15046,0,2.15046,0,2.77726,0,2.69532,0,y2
11,3.72699847560877,2.17649,0,2.17649,0,2.78688,0,2.70543,0,y2
11,3.784,2.19967,0,2.19967,0,2.79524,0,2.71432,0,y2
11,3.80962184783307,2.20947,0,2.20947,0,2.7987,0,2.71803,0,y2
11,3.89407688746544,2.23912,0,2.23912,0,2.80894,0,2.72898,0,y2
11,3.9,2.24105,0,2.24105,0,2.80959,0,2.72968,0,y2
11,3.98040420051607,2.26535,0,2.26535,0,2.8176,0,2.73841,0,y2
11,4,2.27075,0,2.27075,0,2.81933,0,2.74032,0,y2
11,4.016,2.27501,0,2.27501,0,2.82068,0,2.74183,0,y2
11,4.0686452931848,2.28808,0,2.28808,0,2.82474,0,2.74638,0,y2
11,4.132,2.30195,0,2.30195,0,2.8289,0,2.75107,0,y2
11,4.15884259181733,2.30723,0,2.30723,0,2.83043,0,2.75283,0,y2
11,4.248,2.32234,0,2.32234,0,2.83456,0,2.75778,0,y2
11,4.25103946330381,2.32279,0,2.32279,0,2.83468,0,2.75792,0,y2
11,4.34528023592966,2.33474,0,2.33474,0,2.83757,0,2.76169,0,y2
11,4.364,2.33666,0,2.33666,0,2.83799,0,2.76229,0,y2
11,4.44161022068863,2.34312,0,2.34312,0,2.83924,0,2.76428,0,y2
11,4.48,2.34545,0,2.34545,0,2.83955,0,2.76497,0,y2
11,4.5,2.34645,0,2.34645,0,2.83964,0,2.76526,0,y2
11,4.54007573306834,2.34801,0,2.34801,0,2.83969,0,2.76572,0,y2
11,4.596,2.34926,0,2.34926,0,2.83949,0,2.76608,0,y2
11,4.64072411531876,2.34951,0,2.34951,0,2.8391,0,2.76614,0,y2
11,4.712,2.34862,0,2.34862,0,2.83806,0,2.76584,0,y2
11,4.74360375921441,2.34776,0,2.34776,0,2.83746,0,2.76558,0,y2
11,4.828,2.34413,0,2.34413,0,2.83545,0,2.76449,0,y2
11,4.84876412932112,2.34296,0,2.34296,0,2.83488,0,2.76414,0,y2
11,4.944,2.3363,0,2.3363,0,2.83189,0,2.76218,0,y2
11,4.95625578677862,2.3353,0,2.3353,0,2.83146,0,2.76189,0,y2
11,5,2.33146,0,2.33146,0,2.82986,0,2.76077,0,y2
11,5.06,2.32556,0,2.32556,0,2.82751,0,2.75907,0,y2
11,5.06613041361032,2.32491,0,2.32491,0,2.82726,0,2.75889,0,y2
11,5.176,2.31224,0,2.31224,0,2.82244,0,2.75531,0,y2
11,5.17844083757211,2.31194,0,2.31194,0,2.82233,0,2.75522,0,y2
11,5.292,2.29688,0,2.29688,0,2.81656,0,2.75096,0,y2
11,5.2932410575519,2.29671,0,2.29671,0,2.81649,0,2.75091,0,y2
11,5.408,2.27981,0,2.27981,0,2.80966,0,2.74587,0,y2
11,5.41058626953234,2.27941,0,2.27941,0,2.8095,0,2.74574,0,y2
11,5.5,2.26521,0,2.26521,0,2.80346,0,2.74123,0,y2
11,5.524,2.26127,0,2.26127,0,2.80173,0,2.73993,0,y2
11,5.53053289312902,2.26018,0,2.26018,0,2.80125,0,2.73957,0,y2
11,5.64,2.2415,0,2.2415,0,2.79273,0,2.73315,0,y2
11,5.65313859871711,2.23919,0,2.23919,0,2.79164,0,2.73233,0,y2
11,5.756,2.22073,0,2.22073,0,2.78266,0,2.72551,0,y2
11,5.77846233515922,2.21662,0,2.21662,0,2.78058,0,2.72394,0,y2
11,5.872,2.19918,0,2.19918,0,2.7715,0,2.71702,0,y2
11,5.9065643581481,2.19262,0,2.19262,0,2.76796,0,2.71432,0,y2
11,5.988,2.17694,0,2.17694,0,2.75921,0,2.70765,0,y2
11,6,2.1746,0,2.1746,0,2.75788,0,2.70663,0,y2
11,6.03750625917755,2.16726,0,2.16726,0,2.75362,0,2.70338,0,y2
11,6.104,2.15414,0,2.15414,0,2.74576,0,2.69739,0,y2
11,6.17135099515563,2.14068,0,2.14068,0,2.7374,0,2.69101,0,y2
11,6.22,2.13084,0,2.13084,0,2.73109,0,2.6862,0,y2
11,6.3081629186744,2.11261,0,2.11261,0,2.71909,0,2.67705,0,y2
11,6.336,2.10671,0,2.10671,0,2.71514,0,2.67405,0,y2
11,6.44800780895062,2.08208,0,2.08208,0,2.69844,0,2.66134,0,y2
11,6.452,2.08118,0,2.08118,0,2.69782,0,2.66087,0,y2
11,6.5,2.07013,0,2.07013,0,2.69024,0,2.65511,0,y2
11,6.568,2.05405,0,2.05405,0,2.67906,0,2.64663,0,y2
11,6.59095290345246,2.04851,0,2.04851,0,2.67517,0,2.64368,0,y2
11,6.684,2.02545,0,2.02545,0,2.65876,0,2.63126,0,y2
11,6.73706693022727,2.01184,0,2.01184,0,2.64894,0,2.62382,0,y2
11,6.8,1.99522,0,1.99522,0,2.63683,0,2.61467,0,y2
11,6.88642014094606,1.97155,0,1.97155,0,2.61935,0,2.60149,0,y2
11,6.916,1.96324,0,1.96324,0,2.61314,0,2.59681,0,y2
11,7,1.93903,0,1.93903,0,2.59482,0,2.58303,0,y2
11,7.032,1.92958,0,1.92958,0,2.58757,0,2.57758,0,y2
11,7.03908434468051,1.92747,0,1.92747,0,2.58594,0,2.57636,0,y2
11,7.148,1.89425,0,1.89425,0,2.55999,0,2.5569,0,y2
11,7.1951329424288,1.87941,0,1.87941,0,2.54818,0,2.54806,0,y2
11,7.264,1.85723,0,1.85723,0,2.53027,0,2.53466,0,y2
11,7.35464096240686,1.8271,0,1.8271,0,2.50545,0,2.51613,0,y2
11,7.38,1.81848,0,1.81848,0,2.49824,0,2.51075,0,y2
11,7.496,1.77799,0,1.77799,0,2.46375,0,2.48507,0,y2
11,7.5,1.77656,0,1.77656,0,2.46251,0,2.48415,0,y2
11,7.51768509612194,1.77022,0,1.77022,0,2.45701,0,2.48006,0,y2
11,7.612,1.73572,0,1.73572,0,2.42662,0,2.4575,0,y2
11,7.68434373524588,1.70845,0,1.70845,0,2.40205,0,2.43929,0,y2
11,7.728,1.69166,0,1.69166,0,2.38667,0,2.4279,0,y2
11,7.844,1.6458,0,1.6458,0,2.34372,0,2.39616,0,y2
11,7.85469700930591,1.64148,0,1.64148,0,2.3396,0,2.39312,0,y2
11,7.96,1.59811,0,1.59811,0,2.29755,0,2.36212,0,y2
11,8,1.58124,0,1.58124,0,2.28086,0,2.34982,0,y2
11,8.02882682421091,1.56895,0,1.56895,0,2.26858,0,2.34077,0,y2
11,8.076,1.54858,0,1.54858,0,2.248,0,2.32563,0,y2
11,8.192,1.49724,0,1.49724,0,2.19483,0,2.28658,0,y2
11,8.20681690163182,1.49056,0,1.49056,0,2.18778,0,2.2814,0,y2
11,8.308,1.44421,0,1.44421,0,2.13788,0,2.24482,0,y2
11,8.38875281925503,1.40634,0,1.40634,0,2.09594,0,2.21408,0,y2
11,8.424,1.38957,0,1.38957,0,2.07703,0,2.20023,0,y2
11,8.5,1.3529,0,1.3529,0,2.03497,0,2.16942,0,y2
11,8.54,1.33334,0,1.33334,0,2.01212,0,2.15268,0,y2
11,8.57472205192818,1.31622,0,1.31622,0,1.9919,0,2.13784,0,y2
11,8.656,1.27564,0,1.27564,0,1.94319,0,2.10195,0,y2
11,8.76481401371806,1.22031,1,1.22031,1,1.87498,0,2.05097,0,y2
11,8.772,1.21661,1,1.21661,1,1.87036,0,2.04748,0,y2
11,8.888,1.15642,1,1.15642,1,1.7939,0,1.98899,0,y2
11,8.95912010090097,1.11901,1,1.11901,1,1.74503,0,1.95107,0,y2
11,9,1.09735,1,1.09735,1,1.71626,0,1.92854,0,y2
11,9.004,1.09523,1,1.09523,1,1.71342,0,1.92631,0,y2
11,9.12,1.03324,1,1.03324,1,1.62912,0,1.85963,0,y2
11,9.15773373590602,1.01294,1,1.01294,1,1.60117,0,1.83729,0,y2
11,9.236,0.970689,1,0.970689,1,1.54271,0,1.79074,0,y2
11,9.352,0.907834,1,0.907834,1,1.45544,0,1.72024,0,y2
11,9.36075041223273,0.903089,1,0.903089,1,1.44884,0,1.71467,0,y2
11,9.468,0.844935,1,0.844935,1,1.36807,0,1.64296,0,y2
11,9.5,0.827614,1,0.827614,1,1.3442,0,1.62154,0,y2
11,9.56826774036427,0.790733,1,0.790733,1,1.29402,0,1.57597,0,y2
11,9.584,0.782252,1,0.782252,1,1.28265,0,1.56525,0,y2
11,9.7,0.720054,1,0.720054,1,1.20085,1,1.48399,0,y2
11,9.78038549469867,0.677374,1,0.677374,1,1.14688,1,1.4276,0,y2
11,9.816,0.658584,1,0.658584,1,1.12387,1,1.40236,0,y2
11,9.932,0.598067,1,0.598067,1,1.05287,1,1.32155,0,y2
11,9.99720566152035,0.564543,1,0.564543,1,1.01554,1,1.27707,0,y2
11,10,0.563116,1,0.563116,1,1.01398,1,1.27516,0,y2
11,10.048,0.538691,1,0.538691,1,0.987578,1,1.24271,1,y2
11,10.164,0.480608,1,0.480608,1,0.92781,1,1.16799,1,y2
11,10.2188324880352,0.453646,1,0.453646,1,0.901395,1,1.13423,1,y2
11,10.28,0.423954,1,0.423954,1,0.872893,1,1.09773,1,y2
11,10.396,0.368764,1,0.368764,1,0.82282,1,1.03358,1,y2
11,10.4453725324925,0.345812,1,0.345812,1,0.802826,1,1.00757,1,y2
11,10.5,0.320852,1,0.320852,1,0.781557,1,0.980071,1,y2
11,10.512,0.315431,1,0.315431,1,0.776976,1,0.974342,1,y2
11,10.628,0.26388,1,0.26388,1,0.733798,1,0.921843,1,y2
11,10.6769347154184,0.242244,1,0.242244,1,0.716354,1,0.900552,1,y2
11,10.744,0.212842,1,0.212842,1,0.693076,1,0.872929,1,y2
11,10.86,0.163562,1,0.163562,1,0.655642,1,0.828018,1,y2
11,10.9136303719849,0.141344,1,0.141344,1,0.639306,1,0.808586,1,y2
11,10.976,0.115919,1,0.115919,1,0.620966,1,0.786993,1,y2
11,11,0.10627,1,0.10627,1,0.61399,1,0.778938,1,y2
11,11.092,0.069954,1,0.069954,1,0.587545,1,0.749177,1,y2
11,11.1555733055397,0.045436,1,0.045436,1,0.57005,1,0.729627,1,y2
11,11.208,0.0255387,1,0.0255387,1,0.555871,1,0.714059,1,y2
11,11.324,0,1,0,1,0.525826,1,0.68133,1,y2
11,11.4028798423229,0,1,0,1,0.505993,1,0.660318,1,y2
11,11.44,0,1,0,1,0.496874,1,0.6507,1,y2
11,11.5,0,1,0,1,0.482412,1,0.635568,1,y2
11,11.556,0,1,0,1,0.469167,1,0.621884,1,y2
11,11.6556688873968,0,1,0,1,0.446141,1,0.598404,1,y2
11,11.672,0,1,0,1,0.442426,1,0.594659,1,y2
11,11.788,0,1,0,1,0.416493,1,0.568792,1,y2
11,11.904,0,1,0,1,0.391248,1,0.544052,1,y2
11,11.9140619818156,0,1,0,1,0.389085,1,0.541954,1,y2
11,12,0,1,0,1,0.370539,1,0.524302,1,y2
11,12.02,0,1,0,1,0.366314,1,0.520263,1,y2
11,12.136,0,1,0,1,0.342379,1,0.49732,1,y2
11,12.178183361062,0,1,0,1,0.333583,1,0.489205,1,y2
11,12.252,0,1,0,1,0.318441,1,0.475288,1,y2
11,12.368,0,1,0,1,0.295169,1,0.453513,1,y2
11,12.4481600147799,0,1,0,1,0.279212,1,0.43855,1,y2
11,12.484,0,1,0,1,0.27208,1,0.431964,1,y2
11,12.5,0,1,0,1,0.268891,1,0.429038,1,y2
11,12.6,0,1,0,1,0.249008,1,0.410848,1,y2
11,12.716,0,1,0,1,0.226073,1,0.390178,1,y2
11,12.7241217478313,0,1,0,1,0.224472,1,0.388769,1,y2
11,12.832,0,1,0,1,0.203385,1,0.369906,1,y2
11,12.948,0,1,0,1,0.1808,1,0.349599,1,y2
11,13,0,1,0,1,0.170706,1,0.340566,1,y2
11,13.006201242706,0,1,0,1,0.169503,1,0.339491,1,y2
11,13.064,0,1,0,1,0.15831,1,0.329497,1,y2
11,13.18,0,1,0,1,0.135873,1,0.309844,1,y2
11,13.2945341233157,0,1,0,1,0.113781,1,0.290327,1,y2
11,13.296,0,1,0,1,0.113498,1,0.29007,1,y2
11,13.412,0,1,0,1,0.0910791,1,0.270238,1,y2
11,13.5,0,1,0,1,0.0741611,1,0.255199,1,y2
11,13.528,0,1,0,1,0.0688183,1,0.25038,1,y2
11,13.589259020202,0,1,0,1,0.0570923,1,0.239958,1,y2
11,13.644,0,1,0,1,0.0465776,1,0.230679,1,y2
11,13.76,0,1,0,1,0.0241883,1,0.211005,1,y2
11,13.876,0,1,0,1,0.00183231,1,0.191419,1,y2
11,13.8905176371901,0,1,0,1,0,1,0.188962,1,y2
11,13.992,0,1,0,1,0,1,0.171754,1,y2
11,14,0,1,0,1,0,1,0.170397,1,y2
11,14.108,0,1,0,1,0,1,0.152074,1,y2
11,14.1984548195197,0,1,0,1,0,1,0.136742,1,y2
11,14.224,0,1,0,1,0,1,0.132463,1,y2
11,14.34,0,1,0,1,0,1,0.112701,1,y2
11,14.456,0,1,0,1,0,1,0.0929743,1,y2
11,14.5,0,1,0,1,0,1,0.0855081,1,y2
11,14.513218623487,0,1,0,1,0,1,0.0832591,1,y2
11,14.572,0,1,0,1,0,1,0.0732336,1,y2
11,14.688,0,1,0,1,0,1,0.053382,1,y2
11,14.804,0,1,0,1,0,1,0.0335087,1,y2
11,14.8349603876301,0,1,0,1,0,1,0.0281957,1,y2
11,14.92,0,1,0,1,0,1,0.0136047,1,y2
11,15,0,1,0,1,0,1,0,1,y2
11,15.036,0,1,0,1,0,1,0,1,y2
11,15.152,0,1,0,1,0,1,0,1,y2
11,15.1638348054925,0,1,0,1,0,1,0,1,y2
11,15.268,0,1,0,1,0,1,0,1,y2
11,15.384,0,1,0,1,0,1,0,1,y2
11,15.5,0,1,0,1,0,1,0,1,y2
12,1,0,1,0,1,0,1,0,1,y2
12,1.02339238252884,0,1,0,1,0,1,0,1,y2
12,1.04733196861806,0,1,0,1,0,1,0,1,y2
12,1.07183155866266,0,1,0,1,0,1,0,1,y2
12,1.09690425248939,0,1,0,1,0,1,0,1,y2
12,1.12256345636113,0,1,0,1,0,1,0,1,y2
12,1.136,0,1,0,1,0,1,0,1,y2
12,1.14882289014523,0,1,0,1,0,1,0,1,y2
12,1.1756965946494,0,1,0,1,0,1,0,1,y2
12,1.2031989391293,0,1,0,1,0,1,0,1,y2
12,1.23134462897171,0,1,0,1,0,1,0,1,y2
12,1.26014871355746,0,1,0,1,0,1,0,1,y2
12,1.272,0,1,0,1,0,1,0,1,y2
12,1.28962659430822,0,1,0,1,0,1,0,1,y2
12,1.31979403292165,0,1,0,1,0,1,0,1,y2
12,1.35066715979904,0,1,0,1,0,1,0,1,y2
12,1.3822624826702,0,1,0,1,0,1,0,1,y2
12,1.408,0,1,0,1,0,1,0,1,y2
12,1.41459689542009,0,1,0,1,0,1,0,1,y2
12,1.44768768712188,0,1,0,1,0,1,0,1,y2
12,1.48155255128133,0,1,0,1,0,1,0,1,y2
12,1.5,0,1,0,1,0,1,0,1,y2
12,1.51620959529748,0,1,0,1,0,1,0,1,y2
12,1.544,0,1,0,1,0,1,0,1,y2
12,1.55167735014459,0,1,0,1,0,1,0,1,y2
12,1.58797478028051,0,1,0,1,0,1,0,1,y2
12,1.62512129378699,0,1,0,1,0,1,0,1,y2
12,1.66313675274702,0,1,0,1,0,1,0,1,y2
12,1.68,0,1,0,1,0,1,0,1,y2
12,1.70204148386506,0,1,0,1,0,1,0,1,y2
12,1.74185628933559,0,1,0,1,0,1,0,1,y2
12,1.782602457966,0,1,0,1,0,1,0,1,y2
12,1.816,0,1,0,1,0,1,0,1,y2
12,1.8243017765596,0,1,0,1,0,1,0,1,y2
12,1.86697654156493,0,1,0,1,0,1,0,1,y2
12,1.9106495709976,0,1,0,1,0,1,0,1,y2
12,1.952,0,1,0,1,0,1,0,1,y2
12,1.95534421664094,0,1,0,1,0,1,0,1,y2
12,2,0,1,0,1,0,1,0,1,y2
12,2.00108437653217,0,1,0,1,0,1,0,1,y2
12,2.0478945077405,0,1,0,1,0,1,0,1,y2
12,2.088,0.0349589,1,0.0349589,1,0,1,0,1,y2
12,2.09579963944429,0.0622621,1,0.0622621,1,0,1,0,1,y2
12,2.14482538631398,0.223417,1,0.223417,1,0,1,0,1,y2
12,2.19499796220821,0.372289,1,0.372289,1,0,1,0,1,y2
12,2.224,0.451882,1,0.451882,1,0,1,0,1,y2
12,2.24634419419022,0.510318,1,0.510318,1,0,1,0,1,y2
12,2.29889153687216,0.638939,1,0.638939,1,0,1,0,1,y2
12,2.352668087095,0.759372,1,0.759372,1,0,1,0,1,y2
12,2.36,0.775006,1,0.775006,1,0,1,0,1,y2
12,2.40770259895173,0.872427,1,0.872427,1,0,1,0,1,y2
12,2.4640244991621,0.978969,1,0.978969,1,0,1,0,1,y2
12,2.496,1.03582,1,1.03582,1,0,1,0,1,y2
12,2.5,1.04278,1,1.04278,1,0,1,0,1,y2
12,2.52166390280694,1.07992,1,1.07992,1,0,1,0,1,y2
12,2.58065162943057,1.17586,1,1.17586,1,0,1,0,1,y2
12,2.632,1.25347,1,1.25347,1,0,1,0,1,y2
12,2.6410192195199,1.26657,1,1.26657,1,0,1,0,1,y2
12,2.70279895136894,1.35242,0,1.35242,0,0,1,0,1,y2
12,2.76602385833792,1.43391,0,1.43391,0,0,1,0,1,y2
12,2.768,1.43636,0,1.43636,0,0,1,0,1,y2
12,2.83072774651606,1.51136,0,1.51136,0,0,1,0,1,y2
12,2.89694521279758,1.58504,0,1.58504,0,0,1,0,1,y2
12,2.904,1.59258,0,1.59258,0,0,1,0,1,y2
12,2.96471166338044,1.65519,0,1.65519,0,0,1,0,1,y2
12,3,1.68977,0,1.68977,0,0,1,0,1,y2
12,3.03406333269796,1.72197,0,1.72197,0,0,1,0,1,y2
12,3.04,1.72746,0,1.72746,0,0,1,0,1,y2
12,3.10503730279317,1.7855,0,1.7855,0,0,1,0,1,y2
12,3.176,1.84455,0,1.84455,0,0,1,0,1,y2
12,3.17767152314644,1.84589,0,1.84589,0,0,1,0,1,y2
12,3.25200483096689,1.90317,0,1.90317,0,0,1,0,1,y2
12,3.312,1.94627,0,1.94627,0,0,1,0,1,y2
12,3.32807697195852,1.95736,0,1.95736,0,0,1,0,1,y2
12,3.40592862157201,2.00845,0,2.00845,0,0,1,0,1,y2
12,3.448,2.03428,0,2.03428,0,0,1,0,1,y2
12,3.48560140675375,2.05636,0,2.05636,0,0,1,0,1,y2
12,3.5,2.06456,0,2.06456,0,0,1,0,1,y2
12,3.56713792820361,2.10102,0,2.10102,0,0,1,0,1,y2
12,3.584,2.10972,0,2.10972,0,0,1,0,1,y2
12,3.6505817831533,2.14234,0,2.14234,0,0,1,0,1,y2
12,3.72,2.17345,0,2.17345,0,0,1,0,1,y2
12,3.73597758867765,2.1802,0,2.1802,0,0,1,0,1,y2
12,3.82337100555118,2.21447,0,2.21447,0,0,1,0,1,y2
12,3.856,2.22614,0,2.22614,0,0,1,0,1,y2
12,3.91280876266273,2.24503,0,2.24503,0,0,1,0,1,y2
12,3.992,2.26843,0,2.26843,0,0,1,0,1,y2
12,4,2.2706,0,2.2706,0,0,1,0,1,y2
12,4.00433868200114,2.27177,0,2.27177,0,0,1,0,1,y2
12,4.09800970422556,2.2946,0,2.2946,0,0,1,0,1,y2
12,4.128,2.30097,0,2.30097,0,0,1,0,1,y2
12,4.19387191483372,2.31345,0,2.31345,0,0,1,0,1,y2
12,4.264,2.32451,0,2.32451,0,0,1,0,1,y2
12,4.29197657094248,2.32831,0,2.32831,0,0,1,0,1,y2
12,4.3923761286948,2.3392,0,2.3392,0,0.342699,1,0,1,y2
12,4.4,2.33986,0,2.33986,0,0.376588,1,0,1,y2
12,4.49512427130779,2.34618,0,2.34618,0,0.725007,1,0.429025,1,y2
12,4.5,2.34641,0,2.34641,0,0.739934,1,0.450128,1,y2
12,4.536,2.34787,0,2.34787,0,0.843415,1,0.59383,1,y2
12,4.60027593777691,2.34936,0,2.34936,0,1.0035,1,0.808169,1,y2
12,4.672,2.34943,0,2.34943,0,1.15356,1,1.00151,1,y2
12,4.70788735225163,2.34887,0,2.34887,0,1.21972,1,1.08483,1,y2
12,4.808,2.34541,0,2.34541,0,1.37982,0,1.28226,0,y2
12,4.8180160540982,2.34491,0,2.34491,0,1.39417,0,1.29965,0,y2
12,4.93072092866578,2.33767,0,2.33767,0,1.53814,0,1.47281,0,y2
12,4.944,2.33663,0,2.33663,0,1.55324,0,1.49083,0,y2
12,5,2.33181,0,2.33181,0,1.61318,0,1.56216,0,y2
12,5.0460622387721,2.32737,0,2.32737,0,1.65868,0,1.61568,0,y2
12,5.08,2.32385,0,2.32385,0,1.69023,0,1.65242,0,y2
12,5.16410165692581,2.31424,0,2.31424,0,1.761,0,1.73475,0,y2
12,5.216,2.30774,0,2.30774,0,1.79972,0,1.77992,0,y2
12,5.28490229830245,2.29851,0,2.29851,0,1.84585,0,1.83397,0,y2
12,5.352,2.28891,0,2.28891,0,1.88542,0,1.8806,0,y2
12,5.40852875449191,2.2804,0,2.2804,0,1.91493,0,1.91566,0,y2
12,5.488,2.26786,0,2.26786,0,1.95096,0,1.95885,0,y2
12,5.5,2.26591,0,2.26591,0,1.95587,0,1.96478,0,y2
12,5.53504712803523,2.26014,0,2.26014,0,1.96945,0,1.98124,0,y2
12,5.624,2.24503,0,2.24503,0,1.99904,0,2.01759,0,y2
12,5.66452506776941,2.23794,0,2.23794,0,2.01033,0,2.03169,0,y2
12,5.76,2.22077,0,2.22077,0,2.03192,0,2.0593,0,y2
12,5.7970318049989,2.21395,0,2.21395,0,2.03851,0,2.068,0,y2
12,5.896,2.19535,0,2.19535,0,2.05172,0,2.08625,0,y2
12,5.9326381905133,2.18834,0,2.18834,0,2.05509,0,2.09128,0,y2
12,6,2.17531,0,2.17531,0,2.05935,0,2.09827,0,y2
12,6.032,2.16906,0,2.16906,0,2.06056,0,2.10063,0,y2
12,6.07141673247102,2.16132,0,2.16132,0,2.06136,0,2.10276,0,y2
12,6.168,2.14208,0,2.14208,0,2.06037,0,2.1046,0,y2
12,6.213441635169,2.13288,0,2.13288,0,2.0586,0,2.10394,0,y2
12,6.304,2.11418,0,2.11418,0,2.05286,0,2.10006,0,y2
12,6.35878883871952,2.10256,0,2.10256,0,2.0481,0,2.09623,0,y2
12,6.44,2.08475,0,2.08475,0,2.03947,0,2.08871,0,y2
12,6.5,2.07104,0,2.07104,0,2.03201,0,2.08191,0,y2
12,6.50753605965499,2.06928,0,2.06928,0,2.03102,0,2.08099,0,y2
12,6.576,2.05299,0,2.05299,0,2.02138,0,2.07198,0,y2
12,6.65976283248268,2.03236,0,2.03236,0,2.00829,0,2.05949,0,y2
12,6.712,2.01908,0,2.01908,0,1.99948,0,2.05098,0,y2
12,6.81555055221149,1.9917,0,1.9917,0,1.98068,0,2.03264,0,y2
12,6.848,1.98286,0,1.98286,0,1.97446,0,2.02653,0,y2
12,6.97498251787349,1.94708,0,1.94708,0,1.94876,0,2.00115,0,y2
12,6.984,1.94446,0,1.94446,0,1.94685,0,1.99926,0,y2
12,7,1.9398,0,1.9398,0,1.94345,0,1.99589,0,y2
12,7.12,1.90378,0,1.90378,0,1.91703,0,1.96961,0,y2
12,7.13814397706359,1.89817,0,1.89817,0,1.91291,0,1.9655,0,y2
12,7.256,1.86074,0,1.86074,0,1.88529,0,1.93793,0,y2
12,7.30512217152102,1.84461,0,1.84461,0,1.87339,0,1.92603,0,y2
12,7.392,1.81531,0,1.81531,0,1.85182,0,1.90445,0,y2
12,7.47600638377717,1.78603,0,1.78603,0,1.83036,0,1.88295,0,y2
12,7.5,1.77749,0,1.77749,0,1.82413,0,1.8767,0,y2
12,7.528,1.76744,0,1.76744,0,1.81679,0,1.86935,0,y2
12,7.65088798489457,1.72208,0,1.72208,0,1.78387,0,1.83634,0,y2
12,7.664,1.71712,0,1.71712,0,1.78029,0,1.83275,0,y2
12,7.8,1.66432,0,1.66432,0,1.74241,0,1.79475,0,y2
12,7.82986048332255,1.65239,0,1.65239,0,1.73392,0,1.78622,0,y2
12,7.936,1.60901,0,1.60901,0,1.7032,0,1.7554,0,y2
12,8,1.58213,0,1.58213,0,1.6843,0,1.73642,0,y2
12,8.01301957489591,1.5766,0,1.5766,0,1.68042,0,1.73253,0,y2
12,8.072,1.55124,0,1.55124,0,1.66271,0,1.71474,0,y2
12,8.20046319400299,1.49442,0,1.49442,0,1.62332,0,1.67519,0,y2
12,8.208,1.49102,0,1.49102,0,1.62098,0,1.67283,0,y2
12,8.344,1.42844,0,1.42844,0,1.57801,0,1.6297,0,y2
12,8.39229156595081,1.40567,0,1.40567,0,1.56247,0,1.6141,0,y2
12,8.48,1.36361,0,1.36361,0,1.53387,0,1.58538,0,y2
12,8.5,1.3539,0,1.3539,0,1.52728,0,1.57877,0,y2
12,8.58860726055512,1.31033,0,1.31033,0,1.49778,0,1.54916,0,y2
12,8.616,1.29669,0,1.29669,0,1.48856,0,1.53992,0,y2
12,8.752,1.22792,1,1.22792,1,1.44214,0,1.49335,0,y2
12,8.78951524698403,1.20866,1,1.20866,1,1.42915,0,1.48031,0,y2
12,8.888,1.15761,1,1.15761,1,1.39467,0,1.44572,0,y2
12,8.99512294988458,1.10144,1,1.10144,1,1.35652,0,1.40749,0,y2
12,9,1.09887,1,1.09887,1,1.35477,0,1.40574,0,y2
12,9.024,1.0862,1,1.0862,1,1.34614,0,1.39709,0,y2
12,9.16,1.01412,1,1.01412,1,1.29673,0,1.34754,0,y2
12,9.20554030682226,0.989871,1,0.989871,1,1.28,0,1.33076,0,y2
12,9.296,0.94175,1,0.94175,1,1.24646,1,1.29715,0,y2
12,9.42087982706414,0.875598,1,0.875598,1,1.1996,1,1.25014,1,y2
12,9.432,0.869722,1,0.869722,1,1.1954,1,1.24593,1,y2
12,9.5,0.833817,1,0.833817,1,1.16974,1,1.22003,1,y2
12,9.568,0.797863,1,0.797863,1,1.14396,1,1.19396,1,y2
12,9.64125665173709,0.759038,1,0.759038,1,1.11596,1,1.16572,1,y2
12,9.704,0.725733,1,0.725733,1,1.09182,1,1.14142,1,y2
12,9.84,0.653713,1,0.653713,1,1.03966,1,1.0885,1,y2
12,9.86678861539328,0.639594,1,0.639594,1,1.02947,1,1.07805,1,y2
12,9.976,0.582435,1,0.582435,1,0.987743,1,1.03541,1,y2
12,10,0.56997,1,0.56997,1,0.978447,1,1.02604,1,y2
12,10.0975963090158,0.519752,1,0.519752,1,0.940794,1,0.987994,1,y2
12,10.112,0.512413,1,0.512413,1,0.935343,1,0.98239,1,y2
12,10.248,0.444123,1,0.444123,1,0.884414,1,0.92969,1,y2
12,10.3338031444981,0.40207,1,0.40207,1,0.852144,1,0.896738,1,y2
12,10.384,0.377873,1,0.377873,1,0.833581,1,0.877613,1,y2
12,10.5,0.323069,1,0.323069,1,0.791605,1,0.833913,1,y2
12,10.52,0.313794,1,0.313794,1,0.784488,1,0.826458,1,y2
12,10.575535420632,0.288292,1,0.288292,1,0.764851,1,0.805908,1,y2
12,10.656,0.252043,1,0.252043,1,0.73663,1,0.776554,1,y2
12,10.792,0.192555,1,0.192555,1,0.690566,1,0.72816,1,y2
12,10.8229223906388,0.179366,1,0.179366,1,0.680404,1,0.71741,1,y2
12,10.928,0.135439,1,0.135439,1,0.646628,1,0.681629,1,y2
12,11,0.106044,1,0.106044,1,0.624184,1,0.657828,1,y2
12,11.064,0.080497,1,0.080497,1,0.604779,1,0.637243,1,y2
12,11.0760963312806,0.0757289,1,0.0757289,1,0.601179,1,0.633413,1,y2
12,11.2,0.0278344,1,0.0278344,1,0.565482,1,0.595235,1,y2
12,11.3351926135882,0,1,0,1,0.528865,1,0.555803,1,y2
12,11.336,0,1,0,1,0.528653,1,0.555575,1,y2
12,11.472,0,1,0,1,0.494065,1,0.518606,1,y2
12,11.5,0,1,0,1,0.487389,1,0.511417,1,y2
12,11.6003497752434,0,1,0,1,0.464427,1,0.486732,1,y2
12,11.608,0,1,0,1,0.462724,1,0.484906,1,y2
12,11.744,0,1,0,1,0.433614,1,0.453288,1,y2
12,11.8717095946543,0,1,0,1,0.408456,1,0.425159,1,y2
12,11.88,0,1,0,1,0.406892,1,0.423424,1,y2
12,12,0,1,0,1,0.385231,1,0.400214,1,y2
12,12.016,0,1,0,1,0.382474,1,0.39734,1,y2
12,12.1494171667638,0,1,0,1,0.360629,1,0.374029,1,y2
12,12.152,0,1,0,1,0.360225,1,0.373586,1,y2
12,12.288,0,1,0,1,0.340092,1,0.351359,1,y2
12,12.424,0,1,0,1,0.32171,1,0.331451,1,y2
12,12.4336209806312,0,1,0,1,0.320474,1,0.330114,1,y2
12,12.5,0,1,0,1,0.312224,1,0.321127,1,y2
12,12.56,0,1,0,1,0.304966,1,0.313316,1,y2
12,12.696,0,1,0,1,0.28971,1,0.296704,1,y2
12,12.7244729988288,0,1,0,1,0.286674,1,0.293466,1,y2
12,12.832,0,1,0,1,0.275747,1,0.281889,1,y2
12,12.968,0,1,0,1,0.263077,1,0.268326,1,y2
12,13,0,1,0,1,0.260205,1,0.265286,1,y2
12,13.0221287386953,0,1,0,1,0.258274,1,0.263216,1,y2
12,13.104,0,1,0,1,0.251476,1,0.255809,1,y2
12,13.24,0,1,0,1,0.240644,1,0.244554,1,y2
12,13.3267473554907,0,1,0,1,0.234309,1,0.237816,1,y2
12,13.376,0,1,0,1,0.23078,1,0.234023,1,y2
12,13.5,0,1,0,1,0.222281,1,0.224402,1,y2
12,13.512,0,1,0,1,0.221495,1,0.22349,1,y2
12,13.6384917274956,0,1,0,1,0.213483,1,0.215313,1,y2
12,13.648,0,1,0,1,0.212887,1,0.214773,1,y2
12,13.784,0,1,0,1,0.2047,1,0.206887,1,y2
12,13.92,0,1,0,1,0.196781,1,0.199161,1,y2
12,13.9575285431017,0,1,0,1,0.194596,1,0.197132,1,y2
12,14,0,1,0,1,0.192441,1,0.194895,1,y2
12,14.056,0,1,0,1,0.189717,1,0.192018,1,y2
12,14.192,0,1,0,1,0.182472,1,0.185046,1,y2
12,14.2840283899392,0,1,0,1,0.178274,1,0.180296,1,y2
12,14.328,0,1,0,1,0.175606,1,0.178107,1,y2
12,14.464,0,1,0,1,0.169224,1,0.172234,1,y2
12,14.5,0,1,0,1,0.167241,1,0.170605,1,y2
12,14.6,0,1,0,1,0.162111,1,0.165003,1,y2
12,14.6181658460895,0,1,0,1,0.161249,1,0.163992,1,y2
12,14.736,0,1,0,1,0.155566,1,0.158064,1,y2
12,14.872,0,1,0,1,0.149131,1,0.152525,1,y2
12,14.9601195734313,0,1,0,1,0.144969,1,0.148522,1,y2
12,15,0,1,0,1,0.143091,1,0.146455,1,y2
12,15.008,0,1,0,1,0.142715,1,0.146038,1,y2
12,15.144,0,1,0,1,0.136317,1,0.139402,1,y2
12,15.28,0,1,0,1,0.129568,1,0.133352,1,y2
12,15.3100724131702,0,1,0,1,0.128129,1,0.131942,1,y2
12,15.416,0,1,0,1,0.123218,1,0.126725,1,y2
12,15.5,0,1,0,1,0.119308,1,0.123371,1,y2
12,15.552,0,1,0,1,0.116869,1,0.121471,1,y2
12,15.6682114836034,0,1,0,1,0.111085,1,0.116743,1,y2
12,15.688,0,1,0,1,0.110211,1,0.115879,1,y2
12,15.824,0,1,0,1,0.103848,1,0.109714,1,y2
12,15.96,0,1,0,1,0.097233,1,0.103791,1,y2
12,16,0,1,0,1,0.0952781,1,0.101982,1,y2
12,16.0347282801707,0,1,0,1,0.0935801,1,0.10042,1,y2
12,16.096,0,1,0,1,0.0905557,1,0.0978031,1,y2
12,16.232,0,1,0,1,0.083872,1,0.0910936,1,y2
12,16.368,0,1,0,1,0.0770048,1,0.0838266,1,y2
12,16.4098187778465,0,1,0,1,0.0748846,1,0.0816973,1,y2
12,16.5,0,1,0,1,0.0702934,1,0.0772968,1,y2
12,16.504,0,1,0,1,0.0700894,1,0.0771079,1,y2
12,16.64,0,1,0,1,0.0631006,1,0.0707563,1,y2
12,16.776,0,1,0,1,0.0561436,1,0.0646053,1,y2
12,16.7936835359269,0,1,0,1,0.0552114,1,0.0637208,1,y2
12,16.912,0,1,0,1,0.0489683,1,0.0571624,1,y2
12,17,0,1,0,1,0.0442788,1,0.0525483,1,y2
12,17.048,0,1,0,1,0.0417116,1,0.0502048,1,y2
12,17.184,0,1,0,1,0.0343956,1,0.0436403,1,y2
12,17.1865278052676,0,1,0,1,0.0342589,1,0.043514,1,y2
12,17.32,0,1,0,1,0.0270042,1,0.036206,1,y2
12,17.456,0,1,0,1,0.0195354,1,0.0286121,1,y2
12,17.5,0,1,0,1,0.0171026,1,0.026762,1,y2
12,17.588561638031,0,1,0,1,0.012182,1,0.0227716,1,y2
12,17.592,0,1,0,1,0.0119903,1,0.0226013,1,y2
12,17.728,0,1,0,1,0.00437227,1,0.0149852,1,y2
12,17.864,0,1,0,1,0,1,0.00785131,1,y2
12,18,0,1,0,1,0,1,0.000170166,1,y2
13,1,0,1,0,1,0,1,0,1,y2
13,1.02361672632689,0,1,0,1,0,1,0,1,y2
13,1.04779120241618,0,1,0,1,0,1,0,1,y2
13,1.07253660049137,0,1,0,1,0,1,0,1,y2
13,1.09786640386075,0,1,0,1,0,1,0,1,y2
13,1.12379441426421,0,1,0,1,0,1,0,1,y2
13,1.14,0,1,0,1,0,1,0,1,y2
13,1.15033475939358,0,1,0,1,0,1,0,1,y2
13,1.17750190059049,0,1,0,1,0,1,0,1,y2
13,1.20531064072613,0,1,0,1,0,1,0,1,y2
13,1.23377613226705,0,1,0,1,0,1,0,1,y2
13,1.26291388553145,0,1,0,1,0,1,0,1,y2
13,1.28,0,1,0,1,0,1,0,1,y2
13,1.29273977714047,0,1,0,1,0,1,0,1,y2
13,1.32327005866909,0,1,0,1,0,1,0,1,y2
13,1.35452136550124,0,1,0,1,0,1,0,1,y2
13,1.38651072589421,0,1,0,1,0,1,0,1,y2
13,1.41925557025695,0,1,0,1,0,1,0,1,y2
13,1.42,0,1,0,1,0,1,0,1,y2
13,1.45277374064763,0,1,0,1,0,1,0,1,y2
13,1.4870835004954,0,1,0,1,0,1,0,1,y2
13,1.5,0,1,0,1,0,1,0,1,y2
13,1.52220354455183,0,1,0,1,0,1,0,1,y2
13,1.55815300907734,0,1,0,1,0,1,0,1,y2
13,1.56,0,1,0,1,0,1,0,1,y2
13,1.59495148226814,0,1,0,1,0,1,0,1,y2
13,1.63261901492953,0,1,0,1,0,1,0,1,y2
13,1.6711761314012,0,1,0,1,0,1,0,1,y2
13,1.7,0,1,0,1,0,1,0,1,y2
13,1.71064384074053,0,1,0,1,0,1,0,1,y2
13,1.75104364817009,0,1,0,1,0,1,0,1,y2
13,1.79239756679536,0,1,0,1,0,1,0,1,y2
13,1.83472812959935,0,1,0,1,0,1,0,1,y2
13,1.84,0,1,0,1,0,1,0,1,y2
13,1.87805840172035,0,1,0,1,0,1,0,1,y2
13,1.92241199301969,0,1,0,1,0,1,0,1,y2
13,1.96781307094637,0,1,0,1,0,1,0,1,y2
13,1.98,0,1,0,1,0,1,0,1,y2
13,2,0,1,0,1,0,1,0,1,y2
13,2.01428637370539,0,1,0,1,0,1,0,1,y2
13,2.06185722373718,0,1,0,1,0,1,0,1,y2
13,2.1105515415153,0.112287,1,0.112287,1,0,1,0,1,y2
13,2.12,0.143636,1,0.143636,1,0,1,0,1,y2
13,2.16039585967007,0.270964,1,0.270964,1,0,1,0,1,y2
13,2.21141733744564,0.417708,1,0.417708,1,0,1,0,1,y2
13,2.26,0.5443,1,0.5443,1,0,1,0,1,y2
13,2.26364377549864,0.553368,1,0.553368,1,0,1,0,1,y2
13,2.31710363104616,0.679947,1,0.679947,1,0,1,0,1,y2
13,2.37182603337162,0.798831,1,0.798831,1,0,1,0,1,y2
13,2.4,0.856102,1,0.856102,1,0,1,0,1,y2
13,2.42784079969675,0.910566,1,0.910566,1,0,1,0,1,y2
13,2.48517845142845,1.01579,1,1.01579,1,0,1,0,1,y2
13,2.5,1.04173,1,1.04173,1,0,1,0.00252051,1,y2
13,2.54,1.10906,1,1.10906,1,0,1,0.0730605,1,y2
13,2.54387023078932,1.11536,1,1.11536,1,0,1,0.079839,1,y2
13,2.603948117841,1.20984,1,1.20984,1,0.0254758,1,0.184019,1,y2
13,2.66544484790947,1.29997,0,1.29997,0,0.12894,1,0.288632,1,y2
13,2.68,1.32029,0,1.32029,0,0.153142,1,0.313105,1,y2
13,2.72839392942197,1.38525,0,1.38525,0,0.232902,1,0.393677,1,y2
13,2.79282966216508,1.46604,0,1.46604,0,0.337439,1,0.499033,1,y2
13,2.82,1.49835,0,1.49835,0,0.380838,1,0.542792,1,y2
13,2.85878715597406,1.54277,0,1.54277,0,0.442033,1,0.604598,1,y2
13,2.92630234986353,1.6157,0,1.6157,0,0.547107,1,0.710298,1,y2
13,2.96,1.65016,0,1.65016,0,0.598891,1,0.762137,1,y2
13,2.99541203160999,1.68506,0,1.68506,0,0.652527,1,0.815941,1,y2
13,3,1.68949,0,1.68949,0,0.659404,1,0.822862,1,y2
13,3.0661538577968,1.75103,0,1.75103,0,0.757228,1,0.921343,1,y2
13,3.1,1.78092,0,1.78092,0,0.806717,1,0.970768,1,y2
13,3.13856637433253,1.81373,0,1.81373,0,0.862579,1,1.02627,1,y2
13,3.21268903745392,1.87325,0,1.87325,0,0.967325,1,1.1304,1,y2
13,3.24,1.89406,0,1.89406,0,1.00508,1,1.16787,1,y2
13,3.28856223522488,1.92963,0,1.92963,0,1.0713,1,1.23327,1,y2
13,3.36622730954313,1.98285,0,1.98285,0,1.17463,1,1.33435,0,y2
13,3.38,1.99183,0,1.99183,0,1.19255,1,1.35181,0,y2
13,3.44572657866672,2.03289,0,2.03289,0,1.2756,0,1.43307,0,y2
13,3.5,2.06458,0,2.06458,0,1.34175,0,1.49738,0,y2
13,3.52,2.07576,0,2.07576,0,1.36604,0,1.52041,0,y2
13,3.52710336027238,2.07967,0,2.07967,0,1.37467,0,1.5285,0,y2
13,3.61040199505859,2.12311,0,2.12311,0,1.47135,0,1.61967,0,y2
13,3.66,2.1469,0,2.1469,0,1.5252,0,1.67045,0,y2
13,3.69566787090595,2.16308,0,2.16308,0,1.56277,0,1.70526,0,y2
13,3.78294744760822,2.19945,0,2.19945,0,1.64943,0,1.78386,0,y2
13,3.8,2.20603,0,2.20603,0,1.66536,0,1.79807,0,y2
13,3.8722882821874,2.23208,0,2.23208,0,1.72919,0,1.85395,0,y2
13,3.94,2.25382,0,2.25382,0,1.78363,0,1.89955,0,y2
13,3.96373905480664,2.26085,0,2.26085,0,1.8013,0,1.91393,0,y2
13,4,2.27101,0,2.27101,0,1.82678,0,1.93426,0,y2
13,4.05734959529522,2.28567,0,2.28567,0,1.86339,0,1.96233,0,y2
13,4.08,2.291,0,2.291,0,1.87664,0,1.972,0,y2
13,4.15317091029983,2.30646,0,2.30646,0,1.91441,0,1.99779,0,y2
13,4.22,2.3183,0,2.3183,0,1.94192,0,2.01412,0,y2
13,4.25125521107718,2.32313,0,2.32313,0,1.95253,0,2.0194,0,y2
13,4.35165594194296,2.33573,0,2.33573,0,1.97691,0,2.02653,0,y2
13,4.36,2.33659,0,2.33659,0,1.97827,0,2.02646,0,y2
13,4.45442780939262,2.34429,0,2.34429,0,1.98674,0,2.01894,0,y2
13,4.5,2.34676,0,2.34676,0,1.98643,0,2.01109,0,y2
13,4.55962681190993,2.34887,0,2.34887,0,1.98195,0,1.99693,0,y2
13,4.64,2.34982,0,2.34982,0,1.96893,0,1.9714,0,y2
13,4.66731027047957,2.34968,0,2.34968,0,1.96281,0,1.96117,0,y2
13,4.77753685982017,2.34682,0,2.34682,0,1.93021,0,1.91278,0,y2
13,4.78,2.34672,0,2.34672,0,1.92935,0,1.91159,0,y2
13,4.89036664035518,2.34057,0,2.34057,0,1.88523,0,1.85328,0,y2
13,4.92,2.33844,0,2.33844,0,1.87173,0,1.83629,0,y2
13,5,2.33174,0,2.33174,0,1.83233,0,1.78812,0,y2
13,5.0058610909386,2.33119,0,2.33119,0,1.82928,0,1.78447,0,y2
13,5.06,2.32581,0,2.32581,0,1.80023,0,1.7502,0,y2
13,5.12408314235373,2.31874,0,2.31874,0,1.76392,0,1.7084,0,y2
13,5.2,2.30956,0,2.30956,0,1.71864,0,1.65753,0,y2
13,5.24509721160293,2.30368,0,2.30368,0,1.69078,0,1.62687,0,y2
13,5.34,2.29036,0,2.29036,0,1.63032,0,1.56178,0,y2
13,5.36896923700729,2.28607,0,2.28607,0,1.61147,0,1.54185,0,y2
13,5.48,2.26882,0,2.26882,0,1.53819,0,1.46533,0,y2
13,5.49576671413519,2.26627,0,2.26627,0,1.52766,0,1.45449,0,y2
13,5.5,2.26558,0,2.26558,0,1.52482,0,1.45158,0,y2
13,5.62,2.24537,0,2.24537,0,1.44426,0,1.36981,0,y2
13,5.62555873257936,2.24441,0,2.24441,0,1.44053,0,1.36605,0,y2
13,5.75841601360254,2.2207,0,2.2207,0,1.3518,0,1.27572,0,y2
13,5.76,2.22041,0,2.22041,0,1.35075,0,1.27465,0,y2
13,5.89441094867218,2.19532,0,2.19532,0,1.26247,1,1.18628,1,y2
13,5.9,2.19426,0,2.19426,0,1.25884,1,1.18271,1,y2
13,6,2.17498,0,2.17498,0,1.19415,1,1.11864,1,y2
13,6.03361763890519,2.1684,0,2.1684,0,1.17288,1,1.09726,1,y2
13,6.04,2.16715,0,2.16715,0,1.1689,1,1.09323,1,y2
13,6.17611193544432,2.14009,0,2.14009,0,1.08565,1,1.01136,1,y2
13,6.18,2.1393,0,2.1393,0,1.08328,1,1.0091,1,y2
13,6.32,2.11046,0,2.11046,0,1.00193,1,0.927846,1,y2
13,6.32197148078795,2.11004,0,2.11004,0,1.00081,1,0.926711,1,y2
13,6.46,2.07965,0,2.07965,0,0.924232,1,0.849573,1,y2
13,6.47127575109613,2.07707,0,2.07707,0,0.918221,1,0.843591,1,y2
13,6.5,2.07043,0,2.07043,0,0.903073,1,0.828555,1,y2
13,6.6,2.04663,0,2.04663,0,0.851732,1,0.778217,1,y2
13,6.62410609949561,2.04072,0,2.04072,0,0.839625,1,0.766611,1,y2
13,6.74,2.01127,0,2.01127,0,0.783332,1,0.713454,1,y2
13,6.78054580040769,2.00057,0,2.00057,0,0.764567,1,0.695757,1,y2
13,6.88,1.97349,0,1.97349,0,0.720101,1,0.654315,1,y2
13,6.94068009492287,1.95638,0,1.95638,0,0.694008,1,0.630346,1,y2
13,7,1.93921,0,1.93921,0,0.669513,1,0.607823,1,y2
13,7.02,1.93332,0,1.93332,0,0.661467,1,0.600432,1,y2
13,7.10459623724716,1.90786,0,1.90786,0,0.628472,1,0.570255,1,y2
13,7.16,1.8907,0,1.8907,0,0.607713,1,0.551505,1,y2
13,7.27238354224529,1.85468,0,1.85468,0,0.567963,1,0.515904,1,y2
13,7.3,1.84558,0,1.84558,0,0.558678,1,0.507612,1,y2
13,7.44,1.79793,0,1.79793,0,0.514262,1,0.468331,1,y2
13,7.44413343410668,1.79649,0,1.79649,0,0.513018,1,0.46724,1,y2
13,7.5,1.77673,0,1.77673,0,0.496583,1,0.452847,1,y2
13,7.58,1.74772,0,1.74772,0,0.474303,1,0.433451,1,y2
13,7.61993949616083,1.73291,0,1.73291,0,0.463725,1,0.424308,1,y2
13,7.72,1.6949,0,1.6949,0,0.43874,1,0.40292,1,y2
13,7.79989752186913,1.66357,0,1.66357,0,0.420354,1,0.387515,1,y2
13,7.86,1.63943,0,1.63943,0,0.407428,1,0.376974,1,y2
13,7.98410556702091,1.58803,0,1.58803,0,0.38313,1,0.35791,1,y2
13,8,1.5813,0,1.5813,0,0.380244,1,0.35569,1,y2
13,8.14,1.5206,0,1.5206,0,0.356934,1,0.337867,1,y2
13,8.17266400316225,1.50608,0,1.50608,0,0.35205,1,0.334154,1,y2
13,8.28,1.45739,0,1.45739,0,0.337448,1,0.323146,1,y2
13,8.36567557228656,1.4175,0,1.4175,0,0.327337,1,0.315673,1,y2
13,8.42,1.39174,0,1.39174,0,0.321601,1,0.31162,1,y2
13,8.5,1.3532,0,1.3532,0,0.314088,1,0.306665,1,y2
13,8.56,1.32381,0,1.32381,0,0.309192,1,0.303766,1,y2
13,8.56324544281681,1.32221,0,1.32221,0,0.308945,1,0.30363,1,y2
13,8.7,1.25377,1,1.25377,1,0.300153,1,0.299815,1,y2
13,8.76548126690981,1.22037,1,1.22037,1,0.29703,1,0.299154,1,y2
13,8.84,1.18187,1,1.18187,1,0.29429,1,0.298946,1,y2
13,8.97249323911391,1.11228,1,1.11228,1,0.291539,1,0.29966,1,y2
13,8.98,1.10831,1,1.10831,1,0.291463,1,0.299766,1,y2
13,9,1.0977,1,1.0977,1,0.291298,1,0.30009,1,y2
13,9.12,1.03346,1,1.03346,1,0.291514,1,0.303421,1,y2
13,9.18439415641194,0.998685,1,0.998685,1,0.292469,1,0.30611,1,y2
13,9.26,0.957812,1,0.957812,1,0.29432,1,0.309953,1,y2
13,9.4,0.882045,1,0.882045,1,0.299729,1,0.319062,1,y2
13,9.40129947968222,0.881343,1,0.881343,1,0.299791,1,0.319161,1,y2
13,9.5,0.828317,1,0.828317,1,0.305093,1,0.327457,1,y2
13,9.54,0.806971,1,0.806971,1,0.307572,1,0.331222,1,y2
13,9.62332739661101,0.762569,1,0.762569,1,0.313319,1,0.339552,1,y2
13,9.68,0.732364,1,0.732364,1,0.31766,1,0.345507,1,y2
13,9.82,0.657169,1,0.657169,1,0.329917,1,0.361271,1,y2
13,9.85059888609085,0.640784,1,0.640784,1,0.332881,1,0.364964,1,y2
13,9.96,0.582907,1,0.582907,1,0.344282,1,0.378891,1,y2
13,10,0.562099,1,0.562099,1,0.34875,1,0.384239,1,y2
13,10.0832377841396,0.519448,1,0.519448,1,0.358524,1,0.395771,1,y2
13,10.1,0.51095,1,0.51095,1,0.360567,1,0.398157,1,y2
13,10.24,0.441019,1,0.441019,1,0.378545,1,0.41925,1,y2
13,10.3213708513766,0.401328,1,0.401328,1,0.389739,1,0.432533,1,y2
13,10.38,0.373281,1,0.373281,1,0.398151,1,0.442403,1,y2
13,10.5,0.317241,1,0.317241,1,0.416244,1,0.462946,1,y2
13,10.52,0.308037,1,0.308037,1,0.41937,1,0.466407,1,y2
13,10.5651278420919,0.287379,1,0.287379,1,0.426528,1,0.474314,1,y2
13,10.66,0.244497,1,0.244497,1,0.442015,1,0.491438,1,y2
13,10.8,0.183514,1,0.183514,1,0.465835,1,0.517862,1,y2
13,10.8146415749472,0.177291,1,0.177291,1,0.468387,1,0.52067,1,y2
13,10.94,0.125364,1,0.125364,1,0.490749,1,0.544952,1,y2
13,11,0.101306,1,0.101306,1,0.501766,1,0.556913,1,y2
13,11.0700480053462,0.0737656,1,0.0737656,1,0.514874,1,0.57129,1,y2
13,11.08,0.0699008,1,0.0699008,1,0.516757,1,0.573372,1,y2
13,11.22,0.0166215,1,0.0166215,1,0.543699,1,0.602292,1,y2
13,11.331486299514,0,1,0,1,0.564797,1,0.623288,1,y2
13,11.36,0,1,0,1,0.569668,1,0.628056,1,y2
13,11.5,0,1,0,1,0.58655,1,0.64591,1,y2
13,11.5,0,1,0,1,0.58655,1,0.64591,1,y2
13,11.5990989103265,0,1,0,1,0.591396,1,0.652014,1,y2
13,11.64,0,1,0,1,0.592025,1,0.652919,1,y2
13,11.78,0,1,0,1,0.588798,1,0.651343,1,y2
13,11.8730316549302,0,1,0,1,0.582121,1,0.646454,1,y2
13,11.92,0,1,0,1,0.577407,1,0.642769,1,y2
13,12,0,1,0,1,0.56732,1,0.634535,1,y2
13,12.06,0,1,0,1,0.558059,1,0.626665,1,y2
13,12.1534337941952,0,1,0,1,0.540758,1,0.611817,1,y2
13,12.2,0,1,0,1,0.53084,1,0.603243,1,y2
13,12.34,0,1,0,1,0.495899,1,0.572509,1,y2
13,12.4404581140447,0,1,0,1,0.466302,1,0.546325,1,y2
13,12.48,0,1,0,1,0.453652,1,0.534975,1,y2
13,12.5,0,1,0,1,0.447041,1,0.529006,1,y2
13,12.62,0,1,0,1,0.40446,1,0.490534,1,y2
13,12.7342610087053,0,1,0,1,0.359416,1,0.449712,1,y2
13,12.76,0,1,0,1,0.348693,1,0.439963,1,y2
13,12.9,0,1,0,1,0.286048,1,0.383352,1,y2
13,13,0,1,0,1,0.237085,1,0.339234,1,y2
13,13.0350025659231,0,1,0,1,0.21951,1,0.323106,1,y2
13,13.04,0,1,0,1,0.216976,1,0.320774,1,y2
13,13.18,0,1,0,1,0.142535,1,0.252471,1,y2
13,13.32,0,1,0,1,0.0619399,1,0.178427,1,y2
13,13.3428466541928,0,1,0,1,0.0483043,1,0.165826,1,y2
13,13.46,0,1,0,1,0,1,0.0993352,1,y2
13,13.5,0,1,0,1,0,1,0.0759265,1,y2
13,13.6,0,1,0,1,0,1,0.0158672,1,y2
13,13.6579610120465,0,1,0,1,0,1,0,1,y2
13,13.74,0,1,0,1,0,1,0,1,y2
13,13.88,0,1,0,1,0,1,0,1,y2
13,13.9805173394514,0,1,0,1,0,1,0,1,y2
13,14,0,1,0,1,0,1,0,1,y2
13,14.02,0,1,0,1,0,1,0,1,y2
13,14.16,0,1,0,1,0,1,0,1,y2
13,14.3,0,1,0,1,0,1,0,1,y2
13,14.3106913913656,0,1,0,1,0,1,0,1,y2
13,14.44,0,1,0,1,0,1,0,1,y2
13,14.5,0,1,0,1,0,1,0,1,y2
13,14.58,0,1,0,1,0,1,0,1,y2
13,14.648663073504,0,1,0,1,0,1,0,1,y2
13,14.72,0,1,0,1,0,1,0,1,y2
13,14.86,0,1,0,1,0,1,0,1,y2
13,14.9946165403658,0,1,0,1,0,1,0,1,y2
13,15,0,1,0,1,0,1,0,1,y2
13,15,0,1,0,1,0,1,0,1,y2
13,15.14,0,1,0,1,0,1,0,1,y2
13,15.28,0,1,0,1,0,1,0,1,y2
13,15.3487402955763,0,1,0,1,0,1,0,1,y2
13,15.42,0,1,0,1,0,1,0,1,y2
13,15.5,0,1,0,1,0,1,0,1,y2
13,15.56,0,1,0,1,0,1,0,1,y2
13,15.7,0,1,0,1,0,1,0,1,y2
13,15.7112272945994,0,1,0,1,0,1,0,1,y2
13,15.84,0,1,0,1,0,1,0,1,y2
13,15.98,0,1,0,1,0,1,0,1,y2
13,16,0,1,0,1,0,1,0,1,y2
13,16.0822750498756,0,1,0,1,0,1,0,1,y2
13,16.12,0,1,0,1,0,1,0,1,y2
13,16.26,0,1,0,1,0,1,0,1,y2
13,16.4,0,1,0,1,0,1,0,1,y2
13,16.4620857384423,0,1,0,1,0,1,0,1,y2
13,16.5,0,1,0,1,0,1,0,1,y2
13,16.54,0,1,0,1,0,1,0,1,y2
13,16.68,0,1,0,1,0,1,0,1,y2
13,16.82,0,1,0,1,0,1,0,1,y2
13,16.8508663120969,0,1,0,1,0,1,0,1,y2
13,16.96,0,1,0,1,0,1,0,1,y2
13,17,0,1,0,1,0,1,0,1,y2
13,17.1,0,1,0,1,0,1,0,1,y2
13,17.24,0,1,0,1,0,1,0,1,y2
13,17.2488286101607,0,1,0,1,0,1,0,1,y2
13,17.38,0,1,0,1,0,1,0,1,y2
13,17.5,0,1,0,1,0,1,0,1,y2
13,17.52,0,1,0,1,0,1,0,1,y2
13,17.6561894749063,0,1,0,1,0,1,0,1,y2
13,17.66,0,1,0,1,0,1,0,1,y2
13,17.8,0,1,0,1,0,1,0,1,y2
13,17.94,0,1,0,1,0,1,0,1,y2
13,18,0,1,0,1,0,1,0,1,y2
13,18.0731708697109,0,1,0,1,0,1,0,1,y2
13,18.08,0,1,0,1,0,1,0,1,y2
13,18.22,0,1,0,1,0,1,0,1,y2
13,18.36,0,1,0,1,0,1,0,1,y2
13,18.5,0,1,0,1,0,1,0,1,y2
14,1,0,1,0,1,0,1,0,1,y2
14,1.02316176962892,0,1,0,1,0,1,0,1,y2
14,1.04686000683017,0,1,0,1,0,1,0,1,y2
14,1.0711071371421,0,1,0,1,0,1,0,1,y2
14,1.09591587390047,0,1,0,1,0,1,0,1,y2
14,1.12129922490442,0,1,0,1,0,1,0,1,y2
14,1.132,0,1,0,1,0,1,0,1,y2
14,1.14727049923674,0,1,0,1,0,1,0,1,y2
14,1.17384331424211,0,1,0,1,0,1,0,1,y2
14,1.20103160266703,0,1,0,1,0,1,0,1,y2
14,1.22884961996505,0,1,0,1,0,1,0,1,y2
14,1.25731195177126,0,1,0,1,0,1,0,1,y2
14,1.264,0,1,0,1,0,1,0,1,y2
14,1.28643352154987,0,1,0,1,0,1,0,1,y2
14,1.31622959841892,0,1,0,1,0,1,0,1,y2
14,1.34671580515626,0,1,0,1,0,1,0,1,y2
14,1.37790812639091,0,1,0,1,0,1,0,1,y2
14,1.396,0,1,0,1,0,1,0,1,y2
14,1.40982291698419,0,1,0,1,0,1,0,1,y2
14,1.44247691060494,0,1,0,1,0,1,0,1,y2
14,1.4758872285034,0,1,0,1,0,1,0,1,y2
14,1.5,0,1,0,1,0,1,0,1,y2
14,1.51007138848825,0,1,0,1,0,1,0,1,y2
14,1.528,0,1,0,1,0,1,0,1,y2
14,1.54504731411164,0,1,0,1,0,1,0,1,y2
14,1.58083334406686,0,1,0,1,0,1,0,1,y2
14,1.61744824180385,0,1,0,1,0,1,0,1,y2
14,1.6549112053672,0,1,0,1,0,1,0,1,y2
14,1.66,0,1,0,1,0,1,0,1,y2
14,1.69324187746223,0,1,0,1,0,1,0,1,y2
14,1.73246035575404,0,1,0,1,0,1,0,1,y2
14,1.77258720340524,0,1,0,1,0,1,0,1,y2
14,1.792,0,1,0,1,0,1,0,1,y2
14,1.81364345985768,0,1,0,1,0,1,0,1,y2
14,1.85565065186389,0,1,0,1,0.220995,1,0,1,y2
14,1.89863080477411,0,1,0,1,0.560502,1,0.202602,1,y2
14,1.924,0,1,0,1,0.729371,1,0.408834,1,y2
14,1.94260645408465,0,1,0,1,0.841499,1,0.543195,1,y2
14,1.9876006572538,0,1,0,1,1.07995,1,0.823593,1,y2
14,2,0,1,0,1,1.13895,1,0.891978,1,y2
14,2.03363700579139,0,1,0,1,1.28722,0,1.06229,1,y2
14,2.056,0,1,0,1,1.37738,0,1.16485,1,y2
14,2.08073963762837,0.00905376,1,0.00905376,1,1.47042,0,1.26989,1,y2
14,2.12893324977287,0.172725,1,0.172725,1,1.63439,0,1.45317,0,y2
14,2.17824311125945,0.32408,1,0.32408,1,1.78256,0,1.61699,0,y2
14,2.188,0.352297,1,0.352297,1,1.80987,0,1.64702,0,y2
14,2.22869507639821,0.464012,1,0.464012,1,1.91751,0,1.76492,0,y2
14,2.28031559833084,0.594119,1,0.594119,1,2.04117,0,1.89955,0,y2
14,2.32,0.686491,1,0.686491,1,2.1278,0,1.99343,0,y2
14,2.33313174290061,0.715817,1,0.715817,1,2.15502,0,2.02287,0,y2
14,2.38717120284358,0.830317,1,0.830317,1,2.26023,0,2.13639,0,y2
14,2.44246231230862,0.938293,1,0.938293,1,2.35768,0,2.24127,0,y2
14,2.452,0.956022,1,0.956022,1,2.37354,0,2.25834,0,y2
14,2.49903406171362,1.04006,1,1.04006,1,2.44798,0,2.33844,0,y2
14,2.5,1.04174,1,1.04174,1,2.44945,0,2.34002,0,y2
14,2.55691611294585,1.13634,1,1.13634,1,2.53157,0,2.42857,0,y2
14,2.584,1.17913,1,1.17913,1,2.56788,0,2.46782,0,y2
14,2.61613881491436,1.22826,1,1.22826,1,2.60877,0,2.51217,0,y2
14,2.67673321946267,1.31577,0,1.31577,0,2.67985,0,2.58959,0,y2
14,2.716,1.36899,0,1.36899,0,2.7219,0,2.63571,0,y2
14,2.73873109764993,1.39864,0,1.39864,0,2.74487,0,2.66104,0,y2
14,2.80216495640924,1.47724,0,1.47724,0,2.80383,0,2.72662,0,y2
14,2.848,1.53055,0,1.53055,0,2.8419,0,2.76952,0,y2
14,2.86706805559181,1.55196,0,1.55196,0,2.85666,0,2.78629,0,y2
14,2.93347442540585,1.62312,0,1.62312,0,2.90333,0,2.83997,0,y2
14,2.98,1.67003,0,1.67003,0,2.93187,0,2.87341,0,y2
14,3,1.68949,0,1.68949,0,2.94312,0,2.88679,0,y2
14,3.00141888425942,1.69085,0,1.69085,0,2.9439,0,2.88772,0,y2
14,3.07093705701651,1.75533,0,1.75533,0,2.97831,0,2.92953,0,y2
14,3.112,1.79128,0,1.79128,0,2.99548,0,2.951,0,y2
14,3.14206539367602,1.81665,0,1.81665,0,3.00663,0,2.96527,0,y2
14,3.21484118848333,1.87492,0,1.87492,0,3.02897,0,2.995,0,y2
14,3.244,1.89705,0,1.89705,0,3.03625,0,3.00506,0,y2
14,3.28930259948453,1.93015,0,1.93015,0,3.0458,0,3.01869,0,y2
14,3.36548866853358,1.98235,0,1.98235,0,3.05738,0,3.03689,0,y2
14,3.376,1.98922,0,1.98922,0,3.05857,0,3.03896,0,y2
14,3.44343934176288,2.03147,0,2.03147,0,3.06416,0,3.0498,0,y2
14,3.5,2.06452,0,2.06452,0,3.06643,0,3.05591,0,y2
14,3.508,2.06902,0,2.06902,0,3.06659,0,3.05658,0,y2
14,3.52319549052794,2.07746,0,2.07746,0,3.0668,0,3.05773,0,y2
14,3.60479893283718,2.12022,0,2.12022,0,3.06578,0,3.06131,0,y2
14,3.64,2.13737,0,2.13737,0,3.06438,0,3.06165,0,y2
14,3.68829245527811,2.15965,0,2.15965,0,3.06163,0,3.06105,0,y2
14,3.772,2.19495,0,2.19495,0,3.05483,0,3.05747,0,y2
14,3.77371983545133,2.19563,0,2.19563,0,3.05466,0,3.05737,0,y2
14,3.86112586492412,2.22803,0,2.22803,0,3.04511,0,3.05064,0,y2
14,3.904,2.24235,0,2.24235,0,3.03965,0,3.04642,0,y2
14,3.95055637271574,2.25674,0,2.25674,0,3.0332,0,3.04122,0,y2
14,4,2.27075,0,2.27075,0,3.02582,0,3.03508,0,y2
14,4.036,2.28014,0,2.28014,0,3.02013,0,3.03023,0,y2
14,4.04205824932663,2.28165,0,2.28165,0,3.01915,0,3.02939,0,y2
14,4.13567947132419,2.30269,0,2.30269,0,3.00313,0,3.01539,0,y2
14,4.168,2.30895,0,2.30895,0,2.99726,0,3.01017,0,y2
14,4.23146912649803,2.31982,0,2.31982,0,2.98528,0,2.99941,0,y2
14,4.3,2.32948,0,2.32948,0,2.97171,0,2.9871,0,y2
14,4.32947743959785,2.333,0,2.333,0,2.96568,0,2.9816,0,y2
14,4.4297557986674,2.34229,0,2.34229,0,2.94441,0,2.96206,0,y2
14,4.432,2.34245,0,2.34245,0,2.94392,0,2.96161,0,y2
14,4.5,2.34645,0,2.34645,0,2.92883,0,2.94768,0,y2
14,4.53235678198848,2.34775,0,2.34775,0,2.92148,0,2.94087,0,y2
14,4.564,2.34867,0,2.34867,0,2.91418,0,2.93411,0,y2
14,4.63733418564895,2.34951,0,2.34951,0,2.89689,0,2.91805,0,y2
14,4.696,2.34895,0,2.34895,0,2.88268,0,2.90483,0,y2
14,4.74474305174925,2.34772,0,2.34772,0,2.87062,0,2.89361,0,y2
14,4.828,2.34413,0,2.34413,0,2.84952,0,2.87395,0,y2
14,4.85463969726226,2.34261,0,2.34261,0,2.84263,0,2.86753,0,y2
14,4.96,2.33499,0,2.33499,0,2.81474,0,2.84155,0,y2
14,4.96708174356163,2.33439,0,2.33439,0,2.81283,0,2.83977,0,y2
14,5,2.33146,0,2.33146,0,2.80388,0,2.83145,0,y2
14,5.082128146634,2.3232,0,2.3232,0,2.78114,0,2.81027,0,y2
14,5.092,2.32212,0,2.32212,0,2.77836,0,2.80769,0,y2
14,5.19983922799096,2.30924,0,2.30924,0,2.74746,0,2.77895,0,y2
14,5.224,2.30611,0,2.30611,0,2.74039,0,2.77238,0,y2
14,5.32027670629708,2.29287,0,2.29287,0,2.71167,0,2.74572,0,y2
14,5.356,2.28766,0,2.28766,0,2.70079,0,2.73563,0,y2
14,5.44350372973042,2.27428,0,2.27428,0,2.67363,0,2.71046,0,y2
14,5.488,2.26716,0,2.26716,0,2.65954,0,2.69742,0,y2
14,5.5,2.26521,0,2.26521,0,2.65571,0,2.69387,0,y2
14,5.56958490909258,2.25363,0,2.25363,0,2.6332,0,2.67306,0,y2
14,5.62,2.24499,0,2.24499,0,2.6166,0,2.65772,0,y2
14,5.69858635168566,2.23112,0,2.23112,0,2.59022,0,2.63338,0,y2
14,5.752,2.22146,0,2.22146,0,2.57193,0,2.61652,0,y2
14,5.83057569597389,2.20696,0,2.20696,0,2.5445,0,2.59127,0,y2
14,5.884,2.1969,0,2.1969,0,2.52549,0,2.57379,0,y2
14,5.96562214704798,2.18127,0,2.18127,0,2.49587,0,2.54658,0,y2
14,6,2.1746,0,2.1746,0,2.48318,0,2.53494,0,y2
14,6.016,2.17148,0,2.17148,0,2.47723,0,2.52948,0,y2
14,6.10379651291106,2.15418,0,2.15418,0,2.44412,0,2.49913,0,y2
14,6.148,2.14537,0,2.14537,0,2.42713,0,2.48358,0,y2
14,6.24517124160489,2.12569,0,2.12569,0,2.38905,0,2.44876,0,y2
14,6.28,2.1185,0,2.1185,0,2.37515,0,2.43606,0,y2
14,6.38982045919606,2.09506,0,2.09506,0,2.33045,0,2.39527,0,y2
14,6.412,2.09017,0,2.09017,0,2.32126,0,2.38689,0,y2
14,6.5,2.07013,0,2.07013,0,2.28427,0,2.3532,0,y2
14,6.53782000864209,2.06124,0,2.06124,0,2.26811,0,2.33849,0,y2
14,6.544,2.05978,0,2.05978,0,2.26545,0,2.33607,0,y2
14,6.676,2.02747,0,2.02747,0,2.20774,0,2.28359,0,y2
14,6.68924748955757,2.02412,0,2.02412,0,2.20184,0,2.27823,0,y2
14,6.808,1.99307,0,1.99307,0,2.1481,0,2.22945,0,y2
14,6.84418229890151,1.98324,0,1.98324,0,2.13142,0,2.21432,0,y2
14,6.94,1.95641,0,1.95641,0,2.0866,0,2.17368,0,y2
14,7,1.93903,0,1.93903,0,2.05807,0,2.1478,0,y2
14,7.00270567260696,1.93824,0,1.93824,0,2.05678,0,2.14663,0,y2
14,7.072,1.91759,0,1.91759,0,2.02337,0,2.11633,0,y2
14,7.16490072817498,1.88896,0,1.88896,0,1.9778,0,2.07504,0,y2
14,7.204,1.87659,0,1.87659,0,1.95835,0,2.05745,0,y2
14,7.33085250825502,1.83511,0,1.83511,0,1.89423,0,1.9995,0,y2
14,7.336,1.83338,0,1.83338,0,1.8916,0,1.99713,0,y2
14,7.468,1.78792,0,1.78792,0,1.82376,0,1.9355,0,y2
14,7.5,1.77656,0,1.77656,0,1.80719,0,1.92039,0,y2
14,7.50064802523477,1.77633,0,1.77633,0,1.80685,0,1.92009,0,y2
14,7.6,1.74017,0,1.74017,0,1.75495,0,1.87281,0,y2
14,7.67437630686284,1.71225,0,1.71225,0,1.71553,0,1.83705,0,y2
14,7.732,1.69011,0,1.69011,0,1.68473,0,1.80912,0,y2
14,7.852128442928,1.64252,0,1.64252,0,1.62045,0,1.75019,0,y2
14,7.864,1.63771,0,1.63771,0,1.61415,0,1.74431,0,y2
14,7.996,1.58294,0,1.58294,0,1.54426,0,1.6785,0,y2
14,8,1.58124,0,1.58124,0,1.54214,0,1.6765,0,y2
14,8.03399763301975,1.56673,0,1.56673,0,1.52406,0,1.65962,0,y2
14,8.128,1.52578,0,1.52578,0,1.47335,0,1.61383,0,y2
14,8.22007923539501,1.48455,0,1.48455,0,1.42399,0,1.57005,0,y2
14,8.26,1.46635,0,1.46635,0,1.40323,0,1.55107,0,y2
14,8.392,1.4048,0,1.4048,0,1.33576,0,1.48624,0,y2
14,8.41047081697666,1.39602,0,1.39602,0,1.32632,0,1.47708,0,y2
14,8.5,1.3529,0,1.3529,0,1.28097,0,1.4339,0,y2
14,8.524,1.34119,0,1.34119,0,1.26906,1,1.42264,0,y2
14,8.60527220451018,1.30105,0,1.30105,0,1.22951,1,1.38475,0,y2
14,8.656,1.27564,0,1.27564,0,1.20547,1,1.36111,0,y2
14,8.788,1.20838,1,1.20838,1,1.14504,1,1.30108,0,y2
14,8.80458553690516,1.19982,1,1.19982,1,1.13759,1,1.29374,0,y2
14,8.92,1.13964,1,1.13964,1,1.08667,1,1.24393,1,y2
14,9,1.09736,1,1.09736,1,1.05321,1,1.21048,1,y2
14,9.00851531878903,1.09283,1,1.09283,1,1.04975,1,1.20695,1,y2
14,9.052,1.06967,1,1.06967,1,1.03233,1,1.18903,1,y2
14,9.184,0.998786,1,0.998786,1,0.981886,1,1.13646,1,y2
14,9.21716847530138,0.980873,1,0.980873,1,0.969738,1,1.12369,1,y2
14,9.316,0.927363,1,0.927363,1,0.934537,1,1.08678,1,y2
14,9.43065440815721,0.865181,1,0.865181,1,0.895527,1,1.04707,1,y2
14,9.448,0.855775,1,0.855775,1,0.889836,1,1.04126,1,y2
14,9.5,0.827617,1,0.827617,1,0.873157,1,1.02408,1,y2
14,9.58,0.784411,1,0.784411,1,0.848611,1,0.998343,1,y2
14,9.64908505300886,0.747289,1,0.747289,1,0.828327,1,0.976999,1,y2
14,9.712,0.71366,1,0.71366,1,0.810641,1,0.958174,1,y2
14,9.844,0.643882,1,0.643882,1,0.776231,1,0.920399,1,y2
14,9.87257493813646,0.628942,1,0.628942,1,0.768834,1,0.912792,1,y2
14,9.976,0.575405,1,0.575405,1,0.743039,1,0.88586,1,y2
14,10,0.563119,1,0.563119,1,0.737366,1,0.87983,1,y2
14,10.1012412444978,0.511855,1,0.511855,1,0.714324,1,0.855625,1,y2
14,10.108,0.508471,1,0.508471,1,0.712846,1,0.854048,1,y2
14,10.24,0.443332,1,0.443332,1,0.685251,1,0.824407,1,y2
14,10.3352038671689,0.397476,1,0.397476,1,0.666204,1,0.804456,1,y2
14,10.372,0.380043,1,0.380043,1,0.659153,1,0.796934,1,y2
14,10.5,0.320856,1,0.320856,1,0.635753,1,0.772367,1,y2
14,10.504,0.319046,1,0.319046,1,0.635047,1,0.771631,1,y2
14,10.5745854782082,0.287485,1,0.287485,1,0.62262,1,0.758741,1,y2
14,10.636,0.260352,1,0.260352,1,0.612359,1,0.747917,1,y2
14,10.768,0.202475,1,0.202475,1,0.591323,1,0.726137,1,y2
14,10.8195115909757,0.180547,1,0.180547,1,0.583474,1,0.717933,1,y2
14,10.9,0.146968,1,0.146968,1,0.571571,1,0.705588,1,y2
14,11,0.106272,1,0.106272,1,0.557338,1,0.691146,1,y2
14,11.032,0.0935205,1,0.0935205,1,0.552908,1,0.686652,1,y2
14,11.0701106259433,0.0785009,1,0.0785009,1,0.547704,1,0.681262,1,y2
14,11.164,0.0422175,1,0.0422175,1,0.535189,1,0.668242,1,y2
14,11.296,0,1,0,1,0.518276,1,0.651241,1,y2
14,11.326513978028,0,1,0,1,0.514474,1,0.647183,1,y2
14,11.428,0,1,0,1,0.502078,1,0.635519,1,y2
14,11.5,0,1,0,1,0.493493,1,0.626655,1,y2
14,11.56,0,1,0,1,0.486462,1,0.619739,1,y2
14,11.5888560854857,0,1,0,1,0.483116,1,0.616668,1,y2
14,11.692,0,1,0,1,0.471305,1,0.605406,1,y2
14,11.824,0,1,0,1,0.456523,1,0.591275,1,y2
14,11.8572745004004,0,1,0,1,0.452852,1,0.587773,1,y2
14,11.956,0,1,0,1,0.442065,1,0.57758,1,y2
14,12,0,1,0,1,0.437302,1,0.573103,1,y2
14,12.088,0,1,0,1,0.42784,1,0.564313,1,y2
14,12.1319099608055,0,1,0,1,0.423142,1,0.559876,1,y2
14,12.22,0,1,0,1,0.41374,1,0.551,1,y2
14,12.352,0,1,0,1,0.399675,1,0.538511,1,y2
14,12.4129064644764,0,1,0,1,0.39317,1,0.532677,1,y2
14,12.484,0,1,0,1,0.385597,1,0.52592,1,y2
14,12.5,0,1,0,1,0.383916,1,0.524396,1,y2
14,12.616,0,1,0,1,0.372115,1,0.513317,1,y2
14,12.7004113444319,0,1,0,1,0.363565,1,0.50545,1,y2
14,12.748,0,1,0,1,0.358538,1,0.501034,1,y2
14,12.88,0,1,0,1,0.344419,1,0.48874,1,y2
14,12.9945753461841,0,1,0,1,0.332563,1,0.478064,1,y2
14,13,0,1,0,1,0.332004,1,0.477561,1,y2
14,13.012,0,1,0,1,0.330766,1,0.476446,1,y2
14,13.144,0,1,0,1,0.317069,1,0.464255,1,y2
14,13.276,0,1,0,1,0.303122,1,0.451887,1,y2
14,13.295552706778,0,1,0,1,0.301046,1,0.450049,1,y2
14,13.408,0,1,0,1,0.289136,1,0.43947,1,y2
14,13.5,0,1,0,1,0.279353,1,0.430791,1,y2
14,13.54,0,1,0,1,0.275069,1,0.427007,1,y2
14,13.6035012356615,0,1,0,1,0.268258,1,0.420981,1,y2
14,13.672,0,1,0,1,0.260923,1,0.414457,1,y2
14,13.804,0,1,0,1,0.246649,1,0.401823,1,y2
14,13.9185823974285,0,1,0,1,0.233833,1,0.390799,1,y2
14,13.936,0,1,0,1,0.231859,1,0.389116,1,y2
14,14,0,1,0,1,0.22474,1,0.382911,1,y2
14,14.068,0,1,0,1,0.217562,1,0.376286,1,y2
14,14.2,0,1,0,1,0.203389,1,0.363337,1,y2
14,14.2409613964788,0,1,0,1,0.198755,1,0.359296,1,y2
14,14.332,0,1,0,1,0.188105,1,0.350269,1,y2
14,14.464,0,1,0,1,0.173397,1,0.337081,1,y2
14,14.5,0,1,0,1,0.169571,1,0.333466,1,y2
14,14.5708072636384,0,1,0,1,0.161809,1,0.326333,1,y2
14,14.596,0,1,0,1,0.158971,1,0.323788,1,y2
14,14.728,0,1,0,1,0.143726,1,0.310384,1,y2
14,14.86,0,1,0,1,0.128905,1,0.296887,1,y2
14,14.9082929447861,0,1,0,1,0.123264,1,0.291927,1,y2
14,14.992,0,1,0,1,0.112991,1,0.283283,1,y2
14,15,0,1,0,1,0.112023,1,0.282454,1,y2
14,15.124,0,1,0,1,0.0974822,1,0.269541,1,y2
14,15.2535953915336,0,1,0,1,0.0822113,1,0.255933,1,y2
14,15.256,0,1,0,1,0.0819284,1,0.25568,1,y2
14,15.388,0,1,0,1,0.066218,1,0.241725,1,y2
14,15.5,0,1,0,1,0.05283,1,0.229803,1,y2
14,15.52,0,1,0,1,0.0504278,1,0.227663,1,y2
14,15.606895654005,0,1,0,1,0.0399481,1,0.218325,1,y2
14,15.652,0,1,0,1,0.0344959,1,0.213457,1,y2
14,15.784,0,1,0,1,0.0184701,1,0.199132,1,y2
14,15.916,0,1,0,1,0.00234762,1,0.184717,1,y2
14,15.9683789757655,0,1,0,1,0,1,0.178975,1,y2
14,16,0,1,0,1,0,1,0.175499,1,y2
14,16.048,0,1,0,1,0,1,0.17021,1,y2
14,16.18,0,1,0,1,0,1,0.155599,1,y2
14,16.312,0,1,0,1,0,1,0.140919,1,y2
14,16.3382348909494,0,1,0,1,0,1,0.137997,1,y2
14,16.444,0,1,0,1,0,1,0.126213,1,y2
14,16.5,0,1,0,1,0,1,0.119958,1,y2
14,16.576,0,1,0,1,0,1,0.111412,1,y2
14,16.708,0,1,0,1,0,1,0.0964256,1,y2
14,16.7166573236367,0,1,0,1,0,1,0.0954368,1,y2
14,16.84,0,1,0,1,0,1,0.0812772,1,y2
14,16.972,0,1,0,1,0,1,0.0659961,1,y2
14,17,0,1,0,1,0,1,0.0627411,1,y2
14,17.1038446895323,0,1,0,1,0,1,0.0506405,1,y2
14,17.104,0,1,0,1,0,1,0.0506224,1,y2
14,17.236,0,1,0,1,0,1,0.0352052,1,y2
14,17.368,0,1,0,1,0,1,0.0198012,1,y2
14,17.5,0,1,0,1,0,1,0.00447773,1,y2
15,1,0,1,0,1,0,1,0,1,y2
15,1.02190077866029,0,1,0,1,0,1,0,1,y2
15,1.04428120142651,0,1,0,1,0,1,0,1,y2
15,1.06715177287806,0,1,0,1,0,1,0,1,y2
15,1.0905232276528,0,1,0,1,0,1,0,1,y2
15,1.112,0,1,0,1,0,1,0,1,y2
15,1.11440653548553,0,1,0,1,0,1,0,1,y2
15,1.13881290635678,0,1,0,1,0,1,0,1,y2
15,1.16375379575438,0,1,0,1,0,1,0,1,y2
15,1.18924091005028,0,1,0,1,0,1,0,1,y2
15,1.21528621199505,0,1,0,1,0,1,0,1,y2
15,1.224,0,1,0,1,0,1,0,1,y2
15,1.24190192633286,0,1,0,1,0,1,0,1,y2
15,1.26910054553927,0,1,0,1,0,1,0,1,y2
15,1.29689483568478,0,1,0,1,0,1,0,1,y2
15,1.32529784242679,0,1,0,1,0,1,0,1,y2
15,1.336,0,1,0,1,0,1,0,1,y2
15,1.35432289713274,0,1,0,1,0,1,0,1,y2
15,1.38398362313741,0,1,0,1,0,1,0,1,y2
15,1.41429394213721,0,1,0,1,0,1,0,1,y2
15,1.44526808072455,0,1,0,1,0,1,0,1,y2
15,1.448,0,1,0,1,0,1,0,1,y2
15,1.47692057706528,0,1,0,1,0,1,0,1,y2
15,1.5,0,1,0,1,0,1,0,1,y2
15,1.50926628772242,0,1,0,1,0,1,0,1,y2
15,1.54232039462927,0,1,0,1,0,1,0,1,y2
15,1.56,0,1,0,1,0,1,0,1,y2
15,1.5760984122153,0,1,0,1,0,1,0,1,y2
15,1.61061619468806,0,1,0,1,0,1,0,1,y2
15,1.64588994347461,0,1,0,1,0,1,0,1,y2
15,1.672,0,1,0,1,0,1,0,1,y2
15,1.68193621482585,0,1,0,1,0,1,0,1,y2
15,1.71877192758748,0,1,0,1,0,1,0,1,y2
15,1.7564143711411,0,1,0,1,0,1,0,1,y2
15,1.784,0,1,0,1,0,1,0,1,y2
15,1.79488121351921,0,1,0,1,0,1,0,1,y2
15,1.83419050969801,0,1,0,1,0,1,0,1,y2
15,1.87436071007172,0,1,0,1,0,1,0,1,y2
15,1.896,0,1,0,1,0,1,0,1,y2
15,1.91541066911255,0,1,0,1,0,1,0,1,y2
15,1.95735965422034,0,1,0,1,0,1,0,1,y2
15,2,0,1,0,1,0,1,0,1,y2
15,2.00022735476601,0,1,0,1,0,1,0,1,y2
15,2.008,0,1,0,1,0,1,0,1,y2
15,2.044033891333,0,1,0,1,0,1,0,1,y2
15,2.08879982516122,0.0377812,1,0.0377812,1,0,1,0,1,y2
15,2.12,0.144001,1,0.144001,1,0,1,0,1,y2
15,2.13454616779773,0.191072,1,0.191072,1,0,1,0,1,y2
15,2.18129439095885,0.33307,1,0.33307,1,0,1,0,1,y2
15,2.22906643660817,0.465347,1,0.465347,1,0,1,0,1,y2
15,2.232,0.473084,1,0.473084,1,0,1,0,1,y2
15,2.27788472725541,0.588912,1,0.588912,1,0,1,0,1,y2
15,2.3277721764807,0.704909,1,0.704909,1,0,1,0,1,y2
15,2.344,0.74065,1,0.74065,1,0,1,0,1,y2
15,2.37875219968939,0.814155,1,0.814155,1,0,1,0,1,y2
15,2.43084872510247,0.917247,1,0.917247,1,0,1,0,1,y2
15,2.456,0.964322,1,0.964322,1,0,1,0,1,y2
15,2.48408620498759,1.01491,1,1.01491,1,0,1,0,1,y2
15,2.5,1.0428,1,1.0428,1,0,1,0,1,y2
15,2.53848962713611,1.10797,1,1.10797,1,0,1,0,1,y2
15,2.568,1.15575,1,1.15575,1,0,1,0,1,y2
15,2.59408452659146,1.19644,1,1.19644,1,0,1,0,1,y2
15,2.65089699763443,1.2804,0,1.2804,0,0,1,0,1,y2
15,2.68,1.32112,0,1.32112,0,0,1,0,1,y2
15,2.70895370603086,1.36022,0,1.36022,0,0,1,0,1,y2
15,2.76828190154762,1.43625,0,1.43625,0,0,1,0,1,y2
15,2.792,1.46522,0,1.46522,0,0,1,0,1,y2
15,2.8289094307427,1.50877,0,1.50877,0,0,1,0,1,y2
15,2.89086475003541,1.57799,0,1.57799,0,0.172169,1,0,1,y2
15,2.904,1.59208,0,1.59208,0,0.209542,1,0,1,y2
15,2.95417693906278,1.64412,0,1.64412,0,0.345978,1,0,1,y2
15,3,1.68929,0,1.68929,0,0.462752,1,0.125808,1,y2
15,3.016,1.70457,0,1.70457,0,0.501898,1,0.172969,1,y2
15,3.01887571432853,1.70728,0,1.70728,0,0.508847,1,0.181338,1,y2
15,3.08499144315097,1.76758,0,1.76758,0,0.662322,1,0.364979,1,y2
15,3.128,1.80466,0,1.80466,0,0.755943,1,0.476045,1,y2
15,3.15255515791632,1.8251,0,1.8251,0,0.807435,1,0.536829,1,y2
15,3.2215985706442,1.87988,0,1.87988,0,0.9449,1,0.698555,1,y2
15,3.24,1.89383,0,1.89383,0,0.979792,1,0.739501,1,y2
15,3.2921540878722,1.93196,0,1.93196,0,1.07507,1,0.851288,1,y2
15,3.352,1.97318,0,1.97318,0,1.1783,1,0.971995,1,y2
15,3.36425482586626,1.98131,0,1.98131,0,1.19869,1,0.995809,1,y2
15,3.43793462616438,2.0279,0,2.0279,0,1.31631,0,1.13254,1,y2
15,3.464,2.04349,0,2.04349,0,1.35596,0,1.17854,1,y2
15,3.5,2.06427,0,2.06427,0,1.40912,0,1.24013,1,y2
15,3.51322807146056,2.07169,0,2.07169,0,1.4282,0,1.26225,1,y2
15,3.576,2.10535,0,2.10535,0,1.5156,0,1.36349,0,y2
15,3.59017050183674,2.1126,0,2.1126,0,1.53463,0,1.38553,0,y2
15,3.66879803135018,2.15055,0,2.15055,0,1.63583,0,1.50267,0,y2
15,3.688,2.15924,0,2.15924,0,1.65946,0,1.53,0,y2
15,3.74914756498409,2.18544,0,2.18544,0,1.73202,0,1.61393,0,y2
15,3.8,2.20554,0,2.20554,0,1.78937,0,1.68026,0,y2
15,3.83125681596958,2.21716,0,2.21716,0,1.82335,0,1.71955,0,y2
15,3.912,2.24461,0,2.24461,0,1.9068,0,1.81609,0,y2
15,3.91516432348687,2.24561,0,2.24561,0,1.90994,0,1.81973,0,y2
15,4,2.27047,0,2.27047,0,1.99099,0,1.91362,0,y2
15,4.00090947075423,2.27071,0,2.27071,0,1.99182,0,1.91459,0,y2
15,4.024,2.2768,0,2.2768,0,2.01278,0,1.93891,0,y2
15,4.08853250351308,2.29237,0,2.29237,0,2.06898,0,2.00417,0,y2
15,4.136,2.3025,0,2.3025,0,2.10817,0,2.04972,0,y2
15,4.17807454891793,2.31055,0,2.31055,0,2.1414,0,2.08841,0,y2
15,4.248,2.32211,0,2.32211,0,2.19359,0,2.14927,0,y2
15,4.26957763483998,2.32522,0,2.32522,0,2.20895,0,2.1672,0,y2
15,4.36,2.33609,0,2.33609,0,2.26951,0,2.2381,0,y2
15,4.36308470959355,2.3364,0,2.3364,0,2.27147,0,2.2404,0,y2
15,4.45863966209446,2.34412,0,2.34412,0,2.3287,0,2.30774,0,y2
15,4.472,2.34492,0,2.34492,0,2.33617,0,2.31657,0,y2
15,4.5,2.34638,0,2.34638,0,2.35142,0,2.33459,0,y2
15,4.55628734245999,2.34847,0,2.34847,0,2.38038,0,2.3689,0,y2
15,4.584,2.34909,0,2.34909,0,2.39381,0,2.38485,0,y2
15,4.6560735830599,2.34954,0,2.34954,0,2.42622,0,2.42347,0,y2
15,4.696,2.3491,0,2.3491,0,2.44262,0,2.44308,0,y2
15,4.75804522002853,2.34749,0,2.34749,0,2.4659,0,2.47105,0,y2
15,4.808,2.34542,0,2.34542,0,2.48274,0,2.49138,0,y2
15,4.86225011524803,2.34245,0,2.34245,0,2.49909,0,2.51126,0,y2
15,4.92,2.33852,0,2.33852,0,2.51433,0,2.52992,0,y2
15,4.96873717881306,2.33461,0,2.33461,0,2.52548,0,2.5437,0,y2
15,5,2.33185,0,2.33185,0,2.53182,0,2.5516,0,y2
15,5.032,2.32881,0,2.32881,0,2.53765,0,2.55892,0,y2
15,5.07755639198741,2.32415,0,2.32415,0,2.54485,0,2.56804,0,y2
15,5.144,2.31669,0,2.31669,0,2.55305,0,2.57865,0,y2
15,5.18875883066347,2.31126,0,2.31126,0,2.55706,0,2.58402,0,y2
15,5.256,2.30252,0,2.30252,0,2.56087,0,2.58951,0,y2
15,5.30239668933547,2.29612,0,2.29612,0,2.56198,0,2.59155,0,y2
15,5.368,2.2866,0,2.2866,0,2.56152,0,2.5921,0,y2
15,5.41852330559767,2.27893,0,2.27893,0,2.55961,0,2.5907,0,y2
15,5.48,2.26922,0,2.26922,0,2.55557,0,2.58692,0,y2
15,5.5,2.26599,0,2.26599,0,2.55386,0,2.58521,0,y2
15,5.5371931851792,2.25986,0,2.25986,0,2.55018,0,2.58145,0,y2
15,5.592,2.25062,0,2.25062,0,2.54364,0,2.57458,0,y2
15,5.65846202752709,2.23909,0,2.23909,0,2.53404,0,2.56426,0,y2
15,5.704,2.231,0,2.231,0,2.52652,0,2.55598,0,y2
15,5.78238675194963,2.21674,0,2.21674,0,2.51186,0,2.5396,0,y2
15,5.816,2.21051,0,2.21051,0,2.50493,0,2.53184,0,y2
15,5.90902552433228,2.19295,0,2.19295,0,2.48391,0,2.50846,0,y2
15,5.928,2.18932,0,2.18932,0,2.47932,0,2.5034,0,y2
15,6,2.1754,0,2.1754,0,2.46099,0,2.48314,0,y2
15,6.0384377844387,2.1679,0,2.1679,0,2.45064,0,2.47157,0,y2
15,6.04,2.16759,0,2.16759,0,2.45021,0,2.47108,0,y2
15,6.152,2.1454,0,2.1454,0,2.41799,0,2.43481,0,y2
15,6.17068427380964,2.14165,0,2.14165,0,2.41235,0,2.42856,0,y2
15,6.264,2.12263,0,2.12263,0,2.38343,0,2.39612,0,y2
15,6.30582706427289,2.11393,0,2.11393,0,2.37017,0,2.38106,0,y2
15,6.376,2.09901,0,2.09901,0,2.34778,0,2.35574,0,y2
15,6.44392958707761,2.08404,0,2.08404,0,2.32587,0,2.33076,0,y2
15,6.488,2.07399,0,2.07399,0,2.31152,0,2.3142,0,y2
15,6.5,2.0712,0,2.0712,0,2.30759,0,2.30964,0,y2
15,6.5850566626667,2.05095,0,2.05095,0,2.27936,0,2.27693,0,y2
15,6.6,2.04732,0,2.04732,0,2.27436,0,2.27116,0,y2
15,6.712,2.01924,0,2.01924,0,2.23686,0,2.22809,0,y2
15,6.72927453110125,2.01477,0,2.01477,0,2.23108,0,2.22147,0,y2
15,6.824,1.98958,0,1.98958,0,2.1991,0,2.18543,0,y2
15,6.87665088315124,1.97512,0,1.97512,0,2.18111,0,2.16565,0,y2
15,6.936,1.95841,0,1.95841,0,2.16098,0,2.14361,0,y2
15,7,1.93989,0,1.93989,0,2.13979,0,2.12015,0,y2
15,7.02725489206724,1.93184,0,1.93184,0,2.13094,0,2.11026,0,y2
15,7.048,1.92565,0,1.92565,0,2.12427,0,2.10278,0,y2
15,7.16,1.89127,0,1.89127,0,2.08883,0,2.06303,0,y2
15,7.18115724604786,1.8846,0,1.8846,0,2.08216,0,2.05566,0,y2
15,7.272,1.8553,0,1.8553,0,2.05364,0,2.02462,0,y2
15,7.33843018141831,1.83321,0,1.83321,0,2.03322,0,2.00262,0,y2
15,7.384,1.81773,0,1.81773,0,2.01952,0,1.9879,0,y2
15,7.496,1.77854,0,1.77854,0,1.98653,0,1.95296,0,y2
15,7.49914751653556,1.77741,0,1.77741,0,1.98561,0,1.952,0,y2
15,7.5,1.77711,0,1.77711,0,1.98536,0,1.95174,0,y2
15,7.608,1.7377,0,1.7377,0,1.95409,0,1.91957,0,y2
15,7.66338468643608,1.71689,0,1.71689,0,1.93864,0,1.9036,0,y2
15,7.72,1.69519,0,1.69519,0,1.92338,0,1.88764,0,y2
15,7.83121877824239,1.65131,0,1.65131,0,1.8943,0,1.85755,0,y2
15,7.832,1.651,0,1.651,0,1.8941,0,1.85734,0,y2
15,7.944,1.60513,0,1.60513,0,1.86589,0,1.82902,0,y2
15,8,1.58157,0,1.58157,0,1.85252,0,1.8157,0,y2
15,8.002728567345,1.58041,0,1.58041,0,1.85188,0,1.81506,0,y2
15,8.056,1.55759,0,1.55759,0,1.83967,0,1.80294,0,y2
15,8.168,1.5084,0,1.5084,0,1.81491,0,1.77878,0,y2
15,8.17799455437682,1.50393,0,1.50393,0,1.81275,0,1.7767,0,y2
15,8.28,1.45759,0,1.45759,0,1.79138,0,1.75623,0,y2
15,8.3570990029973,1.4217,0,1.4217,0,1.77637,0,1.74164,0,y2
15,8.392,1.40522,0,1.40522,0,1.76984,0,1.73533,0,y2
15,8.5,1.35331,0,1.35331,0,1.75032,0,1.7171,0,y2
15,8.504,1.35136,0,1.35136,0,1.74962,0,1.71647,0,y2
15,8.54012597850409,1.33369,0,1.33369,0,1.74333,0,1.71081,0,y2
15,8.616,1.29611,0,1.29611,0,1.73071,0,1.69944,0,y2
15,8.72716138729032,1.24005,1,1.24005,1,1.71376,0,1.68386,0,y2
15,8.728,1.23963,1,1.23963,1,1.71364,0,1.68375,0,y2
15,8.84,1.18212,1,1.18212,1,1.69773,0,1.66915,0,y2
15,8.91829301716601,1.14141,1,1.14141,1,1.68733,0,1.65973,0,y2
15,8.952,1.12379,1,1.12379,1,1.6831,0,1.65591,0,y2
15,9,1.09859,1,1.09859,1,1.6773,0,1.65075,0,y2
15,9.064,1.06477,1,1.06477,1,1.66993,0,1.64441,0,y2
15,9.11361057856259,1.0384,1,1.0384,1,1.66449,0,1.63997,0,y2
15,9.176,1.00502,1,1.00502,1,1.65798,0,1.63486,0,y2
15,9.288,0.944587,1,0.944587,1,1.64735,0,1.62637,0,y2
15,9.31320574663979,0.930912,1,0.930912,1,1.64514,0,1.62455,0,y2
15,9.4,0.883708,1,0.883708,1,1.63794,0,1.61866,0,y2
15,9.5,0.829238,1,0.829238,1,1.63046,0,1.61271,0,y2
15,9.512,0.822704,1,0.822704,1,1.62963,0,1.61208,0,y2
15,9.51717220431471,0.819888,1,0.819888,1,1.62927,0,1.61181,0,y2
15,9.624,0.761859,1,0.761859,1,1.62244,0,1.60705,0,y2
15,9.72560568623329,0.707007,1,0.707007,1,1.61679,0,1.60357,0,y2
15,9.736,0.70142,1,0.70142,1,1.61625,0,1.60326,0,y2
15,9.848,0.641642,1,0.641642,1,1.61103,0,1.60043,0,y2
15,9.93860402370477,0.593895,1,0.593895,1,1.6075,0,1.59882,0,y2
15,9.96,0.582714,1,0.582714,1,1.60675,0,1.59853,0,y2
15,10,0.561914,1,0.561914,1,1.60543,0,1.59808,0,y2
15,10.072,0.524852,1,0.524852,1,1.60331,0,1.59757,0,y2
15,10.1562671906202,0.482105,1,0.482105,1,1.60127,0,1.59741,0,y2
15,10.184,0.468191,1,0.468191,1,1.6007,0,1.59746,0,y2
15,10.296,0.412877,1,0.412877,1,1.59886,0,1.59813,0,y2
15,10.3786973503768,0.372919,1,0.372919,1,1.59797,0,1.59911,0,y2
15,10.408,0.35895,1,0.35895,1,1.59774,0,1.59955,0,y2
15,10.5,0.315809,1,0.315809,1,1.59732,0,1.60123,0,y2
15,10.52,0.306565,1,0.306565,1,1.59729,0,1.60165,0,y2
15,10.6059989038295,0.267369,1,0.267369,1,1.59738,0,1.6037,0,y2
15,10.632,0.255714,1,0.255714,1,1.59747,0,1.60439,0,y2
15,10.744,0.20653,1,0.20653,1,1.59825,0,1.6077,0,y2
15,10.8382785382936,0.166326,1,0.166326,1,1.59931,0,1.61091,0,y2
15,10.856,0.1589,1,0.1589,1,1.59955,0,1.61155,0,y2
15,10.968,0.112941,1,0.112941,1,1.60136,0,1.61589,0,y2
15,11,0.100164,1,0.100164,1,1.60196,0,1.61722,0,y2
15,11.0756452776194,0.0707253,1,0.0707253,1,1.60354,0,1.62048,0,y2
15,11.08,0.0690578,1,0.0690578,1,1.60364,0,1.62067,0,y2
15,11.192,0.0268163,1,0.0268163,1,1.60634,0,1.62584,0,y2
15,11.304,0,1,0,1,1.60941,0,1.63135,0,y2
15,11.3182105333644,0,1,0,1,1.60983,0,1.63207,0,y2
15,11.416,0,1,0,1,1.6128,0,1.63702,0,y2
15,11.5,0,1,0,1,1.61461,0,1.64013,0,y2
15,11.528,0,1,0,1,1.61465,0,1.64074,0,y2
15,11.5660881570862,0,1,0,1,1.6138,0,1.64109,0,y2
15,11.64,0,1,0,1,1.60804,0,1.63891,0,y2
15,11.752,0,1,0,1,1.58619,0,1.62492,0,y2
15,11.81939449378,0,1,0,1,1.56537,0,1.60884,0,y2
15,11.864,0,1,0,1,1.54868,0,1.59503,0,y2
15,11.976,0,1,0,1,1.49717,0,1.55078,0,y2
15,12,0,1,0,1,1.48436,0,1.53961,0,y2
15,12.0782484364869,0,1,0,1,1.43874,0,1.49912,0,y2
15,12.088,0,1,0,1,1.43268,0,1.49365,0,y2
15,12.2,0,1,0,1,1.35741,0,1.4243,0,y2
15,12.312,0,1,0,1,1.27048,0,1.34371,0,y2
15,12.3427714820985,0,1,0,1,1.24501,1,1.31981,0,y2
15,12.424,0,1,0,1,1.1746,1,1.25316,1,y2
15,12.5,0,1,0,1,1.10533,1,1.18709,1,y2
15,12.536,0,1,0,1,1.07165,1,1.15469,1,y2
15,12.6130877883825,0,1,0,1,0.997104,1,1.08323,1,y2
15,12.648,0,1,0,1,0.962453,1,1.04982,1,y2
15,12.76,0,1,0,1,0.84765,1,0.938453,1,y2
15,12.872,0,1,0,1,0.728634,1,0.821615,1,y2
15,12.8893242322587,0,1,0,1,0.709829,1,0.803241,1,y2
15,12.984,0,1,0,1,0.605707,1,0.701556,1,y2
15,13,0,1,0,1,0.587887,1,0.683992,1,y2
15,13.096,0,1,0,1,0.478694,1,0.576646,1,y2
15,13.1716104693501,0,1,0,1,0.391227,1,0.490727,1,y2
15,13.208,0,1,0,1,0.348603,1,0.448801,1,y2
15,13.32,0,1,0,1,0.216158,1,0.317978,1,y2
15,13.432,0,1,0,1,0.0810188,1,0.18458,1,y2
15,13.4600789948389,0,1,0,1,0.0467537,1,0.150809,1,y2
15,13.5,0,1,0,1,0,1,0.102352,1,y2
15,13.544,0,1,0,1,0,1,0.0488613,1,y2
15,13.656,0,1,0,1,0,1,0,1,y2
15,13.7548652056549,0,1,0,1,0,1,0,1,y2
15,13.768,0,1,0,1,0,1,0,1,y2
15,13.88,0,1,0,1,0,1,0,1,y2
15,13.992,0,1,0,1,0,1,0,1,y2
15,14,0,1,0,1,0,1,0,1,y2
15,14.0561074640261,0,1,0,1,0,1,0,1,y2
15,14.104,0,1,0,1,0,1,0,1,y2
15,14.216,0,1,0,1,0,1,0,1,y2
15,14.328,0,1,0,1,0,1,0,1,y2
15,14.3639471624211,0,1,0,1,0,1,0,1,y2
15,14.44,0,1,0,1,0,1,0,1,y2
15,14.5,0,1,0,1,0,1,0,1,y2
15,14.552,0,1,0,1,0,1,0,1,y2
15,14.664,0,1,0,1,0,1,0,1,y2
15,14.6785287899134,0,1,0,1,0,1,0,1,y2
15,14.776,0,1,0,1,0,1,0,1,y2
15,14.888,0,1,0,1,0,1,0,1,y2
15,15,0,1,0,1,0,1,0,1,y2
16,1,0,1,0,1,0,1,0,1,y2
16,1.02292452562226,0,1,0,1,0,1,0,1,y2
16,1.04637458511953,0,1,0,1,0,1,0,1,y2
16,1.07036222610658,0,1,0,1,0,1,0,1,y2
16,1.09489977238406,0,1,0,1,0,1,0,1,y2
16,1.11999983026989,0,1,0,1,0,1,0,1,y2
16,1.128,0,1,0,1,0,1,0,1,y2
16,1.14567529507584,0,1,0,1,0,1,0,1,y2
16,1.17193935773259,0,1,0,1,0,1,0,1,y2
16,1.19880551156667,0,1,0,1,0,1,0,1,y2
16,1.22628755923269,0,1,0,1,0,1,0,1,y2
16,1.25439961980458,0,1,0,1,0,1,0,1,y2
16,1.256,0,1,0,1,0,1,0,1,y2
16,1.28315613602934,0,1,0,1,0,1,0,1,y2
16,1.31257188174711,0,1,0,1,0,1,0,1,y2
16,1.34266196948128,0,1,0,1,0,1,0,1,y2
16,1.37344185820269,0,1,0,1,0,1,0,1,y2
16,1.384,0,1,0,1,0,1,0,1,y2
16,1.40492736127174,0,1,0,1,0,1,0,1,y2
16,1.43713465456263,0,1,0,1,0,1,0,1,y2
16,1.47008028477379,0,1,0,1,0,1,0,1,y2
16,1.5,0,1,0,1,0,1,0,1,y2
16,1.50378117792886,0,1,0,1,0,1,0,1,y2
16,1.512,0,1,0,1,0,1,0,1,y2
16,1.53825464807257,0,1,0,1,0,1,0,1,y2
16,1.57351840616587,0,1,0,1,0,1,0,1,y2
16,1.60959056918512,0,1,0,1,0,1,0,1,y2
16,1.64,0,1,0,1,0,1,0,1,y2
16,1.64648966942975,0,1,0,1,0,1,0,1,y2
16,1.68423466404338,0,1,0,1,0,1,0,1,y2
16,1.72284494475314,0,1,0,1,0,1,0,1,y2
16,1.76234034783232,0,1,0,1,0,1,0,1,y2
16,1.768,0,1,0,1,0,1,0,1,y2
16,1.80274116429134,0,1,0,1,0,1,0,1,y2
16,1.84406815030244,0,1,0,1,0,1,0,1,y2
16,1.88634253786325,0,1,0,1,0,1,0,1,y2
16,1.896,0,1,0,1,0,1,0,1,y2
16,1.92958604570485,0,1,0,1,0,1,0,1,y2
16,1.97382089044997,0,1,0,1,0,1,0,1,y2
16,2,0,1,0,1,0,1,0,1,y2
16,2.01906979802684,0,1,0,1,0,1,0,1,y2
16,2.024,0,1,0,1,0,1,0,1,y2
16,2.06535601534484,0,1,0,1,0,1,0,1,y2
16,2.11270332223771,0.119807,1,0.119807,1,0,1,0,1,y2
16,2.152,0.245608,1,0.245608,1,0,1,0,1,y2
16,2.16113604368058,0.273417,1,0.273417,1,0,1,0,1,y2
16,2.21067906228713,0.415879,1,0.415879,1,0,1,0,1,y2
16,2.26135783109312,0.548273,1,0.548273,1,0,1,0,1,y2
16,2.28,0.594031,1,0.594031,1,0,1,0,1,y2
16,2.31319838663312,0.67201,1,0.67201,1,0,1,0,1,y2
16,2.36622736231686,0.788131,1,0.788131,1,0,1,0,1,y2
16,2.408,0.87302,1,0.87302,1,0,1,0,1,y2
16,2.42047200211239,0.897342,1,0.897342,1,0,1,0,1,y2
16,2.47596017454278,1.00046,1,1.00046,1,0,1,0,1,y2
16,2.5,1.04278,1,1.04278,1,0,1,0,1,y2
16,2.53272038700378,1.0982,1,1.0982,1,0,1,0,1,y2
16,2.536,1.10362,1,1.10362,1,0,1,0,1,y2
16,2.59078180040967,1.19076,1,1.19076,1,0,1,0,1,y2
16,2.65017424417485,1.27851,0,1.27851,0,0,1,0,1,y2
16,2.664,1.29802,0,1.29802,0,0,1,0,1,y2
16,2.71092823153889,1.36184,0,1.36184,0,0,1,0,1,y2
16,2.77307497524291,1.4411,0,1.4411,0,0,1,0,1,y2
16,2.792,1.46415,0,1.46415,0,0,1,0,1,y2
16,2.83664640356532,1.51662,0,1.51662,0,0,1,0,1,y2
16,2.90167517672514,1.5886,0,1.5886,0,0,1,0,1,y2
16,2.92,1.60798,0,1.60798,0,0,1,0,1,y2
16,2.96819470366146,1.65721,0,1.65721,0,0,1,0,1,y2
16,3,1.68836,0,1.68836,0,0,1,0.00274742,1,y2
16,3.0362391591974,1.72263,0,1.72263,0,0.0176515,1,0.0480127,1,y2
16,3.048,1.73347,0,1.73347,0,0.0329513,1,0.062535,1,y2
16,3.10584350159773,1.78493,0,1.78493,0,0.107219,1,0.132925,1,y2
16,3.176,1.84339,0,1.84339,0,0.195086,1,0.216319,1,y2
16,3.17704349052884,1.84423,0,1.84423,0,0.196375,1,0.217545,1,y2
16,3.24987570543051,1.90054,0,1.90054,0,0.285084,1,0.301851,1,y2
16,3.304,1.93972,0,1.93972,0,0.349469,1,0.362898,1,y2
16,3.32437756430881,1.95389,0,1.95389,0,0.373387,1,0.385563,1,y2
16,3.40058734295987,2.00426,0,2.00426,0,0.46135,1,0.469005,1,y2
16,3.432,2.02384,0,2.02384,0,0.496923,1,0.502804,1,y2
16,3.47854419463429,2.0516,0,2.0516,0,0.548886,1,0.5522,1,y2
16,3.5,2.06391,0,2.06391,0,0.572539,1,0.57468,1,y2
16,3.55828817015235,2.09582,0,2.09582,0,0.63585,1,0.634799,1,y2
16,3.56,2.09672,0,2.09672,0,0.637688,1,0.636543,1,y2
16,3.6398602384804,2.13683,0,2.13683,0,0.722199,1,0.716466,1,y2
16,3.688,2.1591,0,2.1591,0,0.772085,1,0.763394,1,y2
16,3.72330230777889,2.17454,0,2.17454,0,0.808145,1,0.797272,1,y2
16,3.80865724693299,2.20881,0,2.20881,0,0.892713,1,0.877459,1,y2
16,3.816,2.21156,0,2.21156,0,0.899815,1,0.88425,1,y2
16,3.89596890757671,2.23953,0,2.23953,0,0.976514,1,0.957154,1,y2
16,3.944,2.25462,0,2.25462,0,1.02179,1,1.00005,1,y2
16,3.98528214662199,2.26658,0,2.26658,0,1.05984,1,1.03636,1,y2
16,4,2.27063,0,2.27063,0,1.07326,1,1.04917,1,y2
16,4.072,2.2888,0,2.2888,0,1.13822,1,1.1108,1,y2
16,4.07664284930416,2.28988,0,2.28988,0,1.14236,1,1.11472,1,y2
16,4.17009795275584,2.30935,0,2.30935,0,1.22391,1,1.19235,1,y2
16,4.2,2.31469,0,2.31469,0,1.24939,1,1.21662,1,y2
16,4.26569547012113,2.32496,0,2.32496,0,1.30427,0,1.26876,1,y2
16,4.328,2.33293,0,2.33293,0,1.35469,0,1.31696,0,y2
16,4.36348451522268,2.33672,0,2.33672,0,1.38262,0,1.34376,0,y2
16,4.456,2.34419,0,2.34419,0,1.45299,0,1.41112,0,y2
16,4.46351532779424,2.34465,0,2.34465,0,1.45854,0,1.41647,0,y2
16,4.5,2.3466,0,2.3466,0,1.4852,0,1.4422,0,y2
16,4.56583929929161,2.3489,0,2.3489,0,1.53194,0,1.48774,0,y2
16,4.584,2.34927,0,2.34927,0,1.54452,0,1.50006,0,y2
16,4.67050899929535,2.34953,0,2.34953,0,1.60259,0,1.55721,0,y2
16,4.712,2.34884,0,2.34884,0,1.6293,0,1.58357,0,y2
16,4.77757820251869,2.34677,0,2.34677,0,1.67007,0,1.62468,0,y2
16,4.84,2.34372,0,2.34372,0,1.70718,0,1.66243,0,y2
16,4.88710191643468,2.34077,0,2.34077,0,1.73403,0,1.68996,0,y2
16,4.968,2.33453,0,2.33453,0,1.7778,0,1.73528,0,y2
16,4.99913640953659,2.33177,0,2.33177,0,1.79384,0,1.75206,0,y2
16,5,2.33169,0,2.33169,0,1.79428,0,1.75252,0,y2
16,5.096,2.32201,0,2.32201,0,1.8408,0,1.80179,0,y2
16,5.11373924024619,2.32003,0,2.32003,0,1.84892,0,1.81049,0,y2
16,5.224,2.30656,0,2.30656,0,1.89585,0,1.86166,0,y2
16,5.23096928648477,2.30565,0,2.30565,0,1.89861,0,1.86472,0,y2
16,5.35088677592205,2.28895,0,2.28895,0,1.94236,0,1.9142,0,y2
16,5.352,2.28879,0,2.28879,0,1.94273,0,1.91463,0,y2
16,5.47355331691849,2.27005,0,2.27005,0,1.97953,0,1.9584,0,y2
16,5.48,2.26902,0,2.26902,0,1.98127,0,1.96055,0,y2
16,5.5,2.26578,0,2.26578,0,1.98654,0,1.96708,0,y2
16,5.599031930177,2.24922,0,2.24922,0,2.00968,0,1.99685,0,y2
16,5.608,2.24768,0,2.24768,0,2.01153,0,1.99933,0,y2
16,5.72738708112019,2.22659,0,2.22659,0,2.03231,0,2.02911,0,y2
16,5.736,2.22503,0,2.22503,0,2.03354,0,2.03101,0,y2
16,5.85868471300994,2.20235,0,2.20235,0,2.04731,0,2.05475,0,y2
16,5.864,2.20135,0,2.20135,0,2.04775,0,2.05563,0,y2
16,5.992,2.17682,0,2.17682,0,2.05454,0,2.07359,0,y2
16,5.99299228082608,2.17663,0,2.17663,0,2.05456,0,2.0737,0,y2
16,6,2.17526,0,2.17526,0,2.05473,0,2.07449,0,y2
16,6.12,2.15162,0,2.15162,0,2.05455,0,2.08519,0,y2
16,6.13037878592189,2.14955,0,2.14955,0,2.05427,0,2.08587,0,y2
16,6.248,2.12581,0,2.12581,0,2.04837,0,2.09076,0,y2
16,6.27091481147392,2.12109,0,2.12109,0,2.04666,0,2.09114,0,y2
16,6.376,2.09877,0,2.09877,0,2.03662,0,2.09069,0,y2
16,6.41467255874457,2.09023,0,2.09023,0,2.03206,0,2.08964,0,y2
16,6.5,2.0708,0,2.0708,0,2.02037,0,2.08576,0,y2
16,6.504,2.06987,0,2.06987,0,2.01977,0,2.08553,0,y2
16,6.56172588417592,2.05626,0,2.05626,0,2.01056,0,2.08169,0,y2
16,6.632,2.03914,0,2.03914,0,1.99807,0,2.07584,0,y2
16,6.71215033733396,2.01886,0,2.01886,0,1.98237,0,2.06774,0,y2
16,6.76,2.00639,0,2.00639,0,1.97241,0,2.06219,0,y2
16,6.86602319972264,1.97775,0,1.97775,0,1.94885,0,2.04804,0,y2
16,6.888,1.97164,0,1.97164,0,1.9437,0,2.0448,0,y2
16,7,1.93958,0,1.93958,0,1.91611,0,2.02689,0,y2
16,7.016,1.93488,0,1.93488,0,1.912,0,2.02416,0,y2
16,7.02342352448771,1.93268,0,1.93268,0,1.91008,0,2.02288,0,y2
16,7.144,1.89607,0,1.89607,0,1.87778,0,2.00112,0,y2
16,7.18443217703082,1.88337,0,1.88337,0,1.86651,0,1.99338,0,y2
16,7.272,1.85518,0,1.85518,0,1.84143,0,1.97572,0,y2
16,7.34913187655456,1.82952,0,1.82952,0,1.81862,0,1.95936,0,y2
16,7.4,1.81217,0,1.81217,0,1.80323,0,1.94831,0,y2
16,7.5,1.77709,0,1.77709,0,1.77221,0,1.92593,0,y2
16,7.51760723856,1.77078,0,1.77078,0,1.76666,0,1.92188,0,y2
16,7.528,1.76703,0,1.76703,0,1.76336,0,1.91947,0,y2
16,7.656,1.71971,0,1.71971,0,1.72211,0,1.88891,0,y2
16,7.68994481831846,1.70679,0,1.70679,0,1.71096,0,1.88057,0,y2
16,7.784,1.67016,0,1.67016,0,1.67964,0,1.85703,0,y2
16,7.86623315533978,1.63717,0,1.63717,0,1.65178,0,1.83599,0,y2
16,7.912,1.61842,0,1.61842,0,1.63611,0,1.82412,0,y2
16,8,1.58161,0,1.58161,0,1.60568,0,1.80098,0,y2
16,8.04,1.56454,0,1.56454,0,1.59172,0,1.79033,0,y2
16,8.04656281886004,1.56172,0,1.56172,0,1.58942,0,1.78858,0,y2
16,8.168,1.50851,0,1.50851,0,1.54658,0,1.75581,0,y2
16,8.23102645437213,1.48015,0,1.48015,0,1.52413,0,1.73858,0,y2
16,8.296,1.45039,0,1.45039,0,1.50084,0,1.72067,0,y2
16,8.41971883122288,1.39228,0,1.39228,0,1.45618,0,1.68621,0,y2
16,8.424,1.39023,0,1.39023,0,1.45463,0,1.68501,0,y2
16,8.5,1.3536,0,1.3536,0,1.42701,0,1.66364,0,y2
16,8.552,1.32816,0,1.32816,0,1.40806,0,1.64895,0,y2
16,8.61273689130148,1.29808,0,1.29808,0,1.38585,0,1.63171,0,y2
16,8.68,1.2643,1,1.2643,1,1.3612,0,1.61256,0,y2
16,8.808,1.19885,1,1.19885,1,1.31418,0,1.57592,0,y2
16,8.81017979884391,1.19772,1,1.19772,1,1.31338,0,1.57529,0,y2
16,8.936,1.13201,1,1.13201,1,1.26713,1,1.53912,0,y2
16,9,1.09819,1,1.09819,1,1.24361,1,1.52068,0,y2
16,9.01214899137923,1.09174,1,1.09174,1,1.23915,1,1.51718,0,y2
16,9.064,1.06409,1,1.06409,1,1.22011,1,1.50223,0,y2
16,9.192,0.995279,1,0.995279,1,1.1732,1,1.46533,0,y2
16,9.21874823184374,0.980832,1,0.980832,1,1.16342,1,1.45762,0,y2
16,9.32,0.925878,1,0.925878,1,1.12649,1,1.42849,0,y2
16,9.43008366188981,0.866074,1,0.866074,1,1.08652,1,1.39688,0,y2
16,9.448,0.856343,1,0.856343,1,1.08004,1,1.39174,0,y2
16,9.5,0.828073,1,0.828073,1,1.06125,1,1.37686,0,y2
16,9.576,0.786963,1,0.786963,1,1.03389,1,1.35517,0,y2
16,9.64626385641686,0.749336,1,0.749336,1,1.00874,1,1.3352,0,y2
16,9.704,0.718671,1,0.718671,1,0.988164,1,1.31884,0,y2
16,9.832,0.650366,1,0.650366,1,0.942864,1,1.28278,0,y2
16,9.86739987935238,0.631318,1,0.631318,1,0.930401,1,1.27285,0,y2
16,9.96,0.582169,1,0.582169,1,0.897956,1,1.247,1,y2
16,10,0.561306,1,0.561306,1,0.884036,1,1.2359,1,y2
16,10.088,0.516151,1,0.516151,1,0.853635,1,1.21163,1,y2
16,10.0936053407117,0.513308,1,0.513308,1,0.851709,1,1.21009,1,y2
16,10.216,0.451943,1,0.451943,1,0.809905,1,1.17665,1,y2
16,10.3249964549658,0.398564,1,0.398564,1,0.772985,1,1.14715,1,y2
16,10.344,0.389402,1,0.389402,1,0.766587,1,1.14205,1,y2
16,10.472,0.328942,1,0.328942,1,0.723925,1,1.10796,1,y2
16,10.5,0.316023,1,0.316023,1,0.7147,1,1.10057,1,y2
16,10.5616921007474,0.287933,1,0.287933,1,0.69449,1,1.08438,1,y2
16,10.6,0.270746,1,0.270746,1,0.682012,1,1.07437,1,y2
16,10.728,0.214613,1,0.214613,1,0.64063,1,1.04124,1,y2
16,10.8038138819254,0.182342,1,0.182342,1,0.616445,1,1.02188,1,y2
16,10.856,0.160497,1,0.160497,1,0.599979,1,1.00868,1,y2
16,10.984,0.107802,1,0.107802,1,0.560146,1,0.976718,1,y2
16,11,0.101294,1,0.101294,1,0.5552,1,0.972761,1,y2
16,11.0514861900798,0.080641,1,0.080641,1,0.539307,1,0.960077,1,y2
16,11.112,0.0571164,1,0.0571164,1,0.520653,1,0.945272,1,y2
16,11.24,0.00925667,1,0.00925667,1,0.481829,1,0.914435,1,y2
16,11.3048362684083,0,1,0,1,0.462642,1,0.899063,1,y2
16,11.368,0,1,0,1,0.444118,1,0.884238,1,y2
16,11.496,0,1,0,1,0.406825,1,0.854606,1,y2
16,11.5,0,1,0,1,0.405674,1,0.853689,1,y2
16,11.5639942770989,0,1,0,1,0.38742,1,0.839107,1,y2
16,11.624,0,1,0,1,0.370479,1,0.825589,1,y2
16,11.752,0,1,0,1,0.334682,1,0.797242,1,y2
16,11.8290933601999,0,1,0,1,0.313381,1,0.780469,1,y2
16,11.88,0,1,0,1,0.299446,1,0.769504,1,y2
16,12,0,1,0,1,0.267049,1,0.744049,1,y2
16,12.008,0,1,0,1,0.264911,1,0.742373,1,y2
16,12.1002697140239,0,1,0,1,0.240451,1,0.723237,1,y2
16,12.136,0,1,0,1,0.231074,1,0.715918,1,y2
16,12.264,0,1,0,1,0.197907,1,0.69008,1,y2
16,12.3776626571194,0,1,0,1,0.169028,1,0.667622,1,y2
16,12.392,0,1,0,1,0.165423,1,0.664826,1,y2
16,12.5,0,1,0,1,0.138525,1,0.644032,1,y2
16,12.52,0,1,0,1,0.133592,1,0.640232,1,y2
16,12.648,0,1,0,1,0.102352,1,0.616258,1,y2
16,12.6614147018462,0,1,0,1,0.0991146,1,0.613778,1,y2
16,12.776,0,1,0,1,0.0717643,1,0.592861,1,y2
16,12.904,0,1,0,1,0.0418178,1,0.570145,1,y2
16,12.9516716275927,0,1,0,1,0.0308087,1,0.561861,1,y2
16,13,0,1,0,1,0.0197175,1,0.553559,1,y2
16,13.032,0,1,0,1,0.0124178,1,0.548115,1,y2
16,13.16,0,1,0,1,0,1,0.526748,1,y2
16,13.2485825556706,0,1,0,1,0,1,0.512351,1,y2
16,13.288,0,1,0,1,0,1,0.506044,1,y2
16,13.416,0,1,0,1,0,1,0.48596,1,y2
16,13.5,0,1,0,1,0,1,0.473078,1,y2
16,13.544,0,1,0,1,0,1,0.466412,1,y2
16,13.5523000259267,0,1,0,1,0,1,0.46516,1,y2
16,13.672,0,1,0,1,0,1,0.447253,1,y2
16,13.8,0,1,0,1,0,1,0.428312,1,y2
16,13.8629800751116,0,1,0,1,0,1,0.419103,1,y2
16,13.928,0,1,0,1,0,1,0.409707,1,y2
16,14,0,1,0,1,0,1,0.399452,1,y2
16,14.056,0,1,0,1,0,1,0.39159,1,y2
16,14.1807823170444,0,1,0,1,0,1,0.374407,1,y2
16,14.184,0,1,0,1,0,1,0.373971,1,y2
16,14.312,0,1,0,1,0,1,0.356839,1,y2
16,14.44,0,1,0,1,0,1,0.340142,1,y2
16,14.5,0,1,0,1,0,1,0.332446,1,y2
16,14.5058700246152,0,1,0,1,0,1,0.331697,1,y2
16,14.568,0,1,0,1,0,1,0.32382,1,y2
16,14.696,0,1,0,1,0,1,0.307884,1,y2
16,14.824,0,1,0,1,0,1,0.292329,1,y2
16,14.8384102136676,0,1,0,1,0,1,0.290601,1,y2
16,14.952,0,1,0,1,0,1,0.277135,1,y2
16,15,0,1,0,1,0,1,0.271528,1,y2
16,15.08,0,1,0,1,0,1,0.262292,1,y2
16,15.1785737288045,0,1,0,1,0,1,0.251093,1,y2
16,15.208,0,1,0,1,0,1,0.247787,1,y2
16,15.336,0,1,0,1,0,1,0.233589,1,y2
16,15.464,0,1,0,1,0,1,0.219672,1,y2
16,15.5,0,1,0,1,0,1,0.215809,1,y2
16,15.5265353311598,0,1,0,1,0,1,0.212975,1,y2
16,15.592,0,1,0,1,0,1,0.206034,1,y2
16,15.72,0,1,0,1,0,1,0.192651,1,y2
16,15.848,0,1,0,1,0,1,0.179491,1,y2
16,15.8824737881839,0,1,0,1,0,1,0.175985,1,y2
16,15.976,0,1,0,1,0,1,0.166556,1,y2
16,16,0,1,0,1,0,1,0.164155,1,y2
16,16.104,0,1,0,1,0,1,0.153839,1,y2
16,16.232,0,1,0,1,0,1,0.141318,1,y2
16,16.246571965486,0,1,0,1,0,1,0.139904,1,y2
16,16.36,0,1,0,1,0,1,0.128971,1,y2
16,16.488,0,1,0,1,0,1,0.116775,1,y2
16,16.5,0,1,0,1,0,1,0.115639,1,y2
16,16.616,0,1,0,1,0,1,0.104699,1,y2
16,16.6190169207827,0,1,0,1,0,1,0.104416,1,y2
16,16.744,0,1,0,1,0,1,0.0927186,1,y2
16,16.872,0,1,0,1,0,1,0.0808705,1,y2
16,17,0,1,0,1,0,1,0.0691649,1,y2
17,1,0,1,0,1,0,1,0,1,y2
17,1.02216887738619,0,1,0,1,0,1,0,1,y2
17,1.04482921389695,0,1,0,1,0,1,0,1,y2
17,1.06799190462934,0,1,0,1,0,1,0,1,y2
17,1.09166808621252,0,1,0,1,0,1,0,1,y2
17,1.11586914216219,0,1,0,1,0,1,0,1,y2
17,1.116,0,1,0,1,0,1,0,1,y2
17,1.14060670835382,0,1,0,1,0,1,0,1,y2
17,1.16589267861718,0,1,0,1,0,1,0,1,y2
17,1.19173921045491,0,1,0,1,0,1,0,1,y2
17,1.2181587308878,0,1,0,1,0,1,0,1,y2
17,1.232,0,1,0,1,0,1,0,1,y2
17,1.24516394242977,0,1,0,1,0,1,0,1,y2
17,1.27276782919521,0,1,0,1,0,1,0,1,y2
17,1.30098366314173,0,1,0,1,0,1,0,1,y2
17,1.32982501045136,0,1,0,1,0,1,0,1,y2
17,1.348,0,1,0,1,0,1,0,1,y2
17,1.35930573805314,0,1,0,1,0,1,0,1,y2
17,1.38944002029039,0,1,0,1,0,1,0,1,y2
17,1.42024234573568,0,1,0,1,0,1,0,1,y2
17,1.45172752415698,0,1,0,1,0,1,0,1,y2
17,1.464,0,1,0,1,0,1,0,1,y2
17,1.48391069363817,0,1,0,1,0,1,0,1,y2
17,1.5,0,1,0,1,0,1,0,1,y2
17,1.5168073278575,0,1,0,1,0,1,0,1,y2
17,1.55043324352725,0,1,0,1,0,1,0,1,y2
17,1.58,0,1,0,1,0,1,0,1,y2
17,1.58480460799848,0,1,0,1,0,1,0,1,y2
17,1.61993794703428,0,1,0,1,0,1,0,1,y2
17,1.65585015275532,0,1,0,1,0,1,0,1,y2
17,1.69255849176166,0,1,0,1,0,1,0,1,y2
17,1.696,0,1,0,1,0,1,0,1,y2
17,1.73008061343449,0,1,0,1,0,1,0,1,y2
17,1.76843455842195,0,1,0,1,0,1,0,1,y2
17,1.80763876731311,0,1,0,1,0,1,0,1,y2
17,1.812,0,1,0,1,0,1,0,1,y2
17,1.8477120895042,0,1,0,1,0,1,0,1,y2
17,1.88867379226141,0,1,0,1,0,1,0,1,y2
17,1.928,0,1,0,1,0,1,0,1,y2
17,1.93054356998457,0,1,0,1,0,1,0,1,y2
17,1.97334155367626,0,1,0,1,0,1,0,1,y2
17,2,0,1,0,1,0,1,0,1,y2
17,2.01708832062079,0,1,0,1,0,1,0,1,y2
17,2.044,0,1,0,1,0,1,0,1,y2
17,2.06180490427776,0,1,0,1,0,1,0,1,y2
17,2.10751280439494,0.102074,1,0.102074,1,0,1,0,1,y2
17,2.1542339973454,0.252204,1,0.252204,1,0,1,0,1,y2
17,2.16,0.269766,1,0.269766,1,0,1,0,1,y2
17,2.20199094669372,0.391757,1,0.391757,1,0,1,0,1,y2
17,2.25080661399648,0.521164,1,0.521164,1,0,1,0,1,y2
17,2.276,0.583685,1,0.583685,1,0,1,0,1,y2
17,2.30070446984221,0.642334,1,0.642334,1,0,1,0,1,y2
17,2.351708505136,0.756324,1,0.756324,1,0,1,0,1,y2
17,2.392,0.840075,1,0.840075,1,0,1,0,1,y2
17,2.40384324263443,0.863742,1,0.863742,1,0,1,0,1,y2
17,2.45713374873602,0.965454,1,0.965454,1,0,1,0,1,y2
17,2.5,1.04174,1,1.04174,1,0,1,0,1,y2
17,2.508,1.05554,1,1.05554,1,0,1,0,1,y2
17,2.51160564553323,1.06171,1,1.06171,1,0,1,0,1,y2
17,2.56728512313153,1.15284,1,1.15284,1,0,1,0,1,y2
17,2.624,1.24,1,1.24,1,0,1,0,1,y2
17,2.62419895224163,1.24029,1,1.24029,1,0,1,0,1,y2
17,2.68237449705085,1.32358,0,1.32358,0,0,1,0,1,y2
17,2.74,1.40027,0,1.40027,0,0,1,0,1,y2
17,2.74183972837982,1.40263,0,1.40263,0,0,1,0,1,y2
17,2.80262323713087,1.47778,0,1.47778,0,0.0434404,1,0,1,y2
17,2.856,1.53959,0,1.53959,0,0.16844,1,0,1,y2
17,2.86475424803452,1.54939,0,1.54939,0,0.188248,1,0,1,y2
17,2.92826263370077,1.61772,0,1.61772,0,0.327331,1,0,1,y2
17,2.972,1.66213,0,1.66213,0,0.418655,1,0.0491685,1,y2
17,2.99317892898186,1.6829,0,1.6829,0,0.461694,1,0.0896992,1,y2
17,3,1.68949,0,1.68949,0,0.475388,1,0.102623,1,y2
17,3.05953434565339,1.74507,0,1.74507,0,0.591558,1,0.21249,1,y2
17,3.088,1.77046,0,1.77046,0,0.645093,1,0.263343,1,y2
17,3.12736078742103,1.80434,0,1.80434,0,0.717011,1,0.33207,1,y2
17,3.19669086525975,1.8608,0,1.8608,0,0.838149,1,0.448841,1,y2
17,3.204,1.86651,0,1.86651,0,0.85052,1,0.460916,1,y2
17,3.26755791309326,1.91446,0,1.91446,0,0.955167,1,0.56363,1,y2
17,3.32,1.95169,0,1.95169,0,1.03769,1,0.644956,1,y2
17,3.33999600382091,1.96535,0,1.96535,0,1.06828,1,0.675205,1,y2
17,3.41403996569999,2.01344,0,2.01344,0,1.17773,1,0.784203,1,y2
17,3.436,2.02697,0,2.02697,0,1.20911,1,0.81578,1,y2
17,3.48972539909116,2.05867,0,2.05867,0,1.28383,0,0.891456,1,y2
17,3.5,2.06452,0,2.06452,0,1.29781,0,0.905694,1,y2
17,3.552,2.09304,0,2.09304,0,1.36702,0,0.97677,1,y2
17,3.5670886935751,2.10098,0,2.10098,0,1.38664,0,0.997079,1,y2
17,3.64616704544864,2.14029,0,2.14029,0,1.48625,0,1.10084,1,y2
17,3.668,2.15046,0,2.15046,0,1.51284,0,1.12875,1,y2
17,3.72699847560877,2.17649,0,2.17649,0,1.58279,0,1.20278,1,y2
17,3.784,2.19967,0,2.19967,0,1.64788,0,1.27205,0,y2
17,3.80962184783307,2.20947,0,2.20947,0,1.67637,0,1.30256,0,y2
17,3.89407688746544,2.23912,0,2.23912,0,1.76709,0,1.40049,0,y2
17,3.9,2.24105,0,2.24105,0,1.77328,0,1.40719,0,y2
17,3.98040420051607,2.26535,0,2.26535,0,1.85502,0,1.49631,0,y2
17,4,2.27075,0,2.27075,0,1.87433,0,1.51755,0,y2
17,4.016,2.27501,0,2.27501,0,1.88993,0,1.53472,0,y2
17,4.0686452931848,2.28808,0,2.28808,0,1.9402,0,1.59016,0,y2
17,4.132,2.30195,0,2.30195,0,1.99859,0,1.65515,0,y2
17,4.15884259181733,2.30723,0,2.30723,0,2.02265,0,1.68212,0,y2
17,4.248,2.32234,0,2.32234,0,2.09981,0,1.76915,0,y2
17,4.25103946330381,2.32279,0,2.32279,0,2.10237,0,1.77205,0,y2
17,4.34528023592966,2.33474,0,2.33474,0,2.1793,0,1.85994,0,y2
17,4.364,2.33666,0,2.33666,0,2.19405,0,1.87687,0,y2
17,4.44161022068863,2.34312,0,2.34312,0,2.25338,0,1.94546,0,y2
17,4.48,2.34545,0,2.34545,0,2.28164,0,1.97844,0,y2
17,4.5,2.34645,0,2.34645,0,2.29609,0,1.99536,0,y2
17,4.54007573306834,2.34801,0,2.34801,0,2.32447,0,2.02876,0,y2
17,4.596,2.34926,0,2.34926,0,2.36282,0,2.07423,0,y2
17,4.64072411531876,2.34951,0,2.34951,0,2.39244,0,2.10963,0,y2
17,4.712,2.34862,0,2.34862,0,2.43773,0,2.1643,0,y2
17,4.74360375921441,2.34776,0,2.34776,0,2.45706,0,2.18786,0,y2
17,4.828,2.34413,0,2.34413,0,2.50644,0,2.24864,0,y2
17,4.84876412932112,2.34296,0,2.34296,0,2.51809,0,2.26312,0,y2
17,4.944,2.3363,0,2.3363,0,2.56899,0,2.32703,0,y2
17,4.95625578677862,2.3353,0,2.3353,0,2.57523,0,2.33495,0,y2
17,5,2.33146,0,2.33146,0,2.59693,0,2.36263,0,y2
17,5.06,2.32556,0,2.32556,0,2.62516,0,2.3991,0,y2
17,5.06613041361032,2.32491,0,2.32491,0,2.62794,0,2.40273,0,y2
17,5.176,2.31224,0,2.31224,0,2.6745,0,2.4646,0,y2
17,5.17844083757211,2.31194,0,2.31194,0,2.67546,0,2.46591,0,y2
17,5.292,2.29688,0,2.29688,0,2.71669,0,2.52343,0,y2
17,5.2932410575519,2.29671,0,2.29671,0,2.71711,0,2.52402,0,y2
17,5.408,2.27981,0,2.27981,0,2.75147,0,2.57549,0,y2
17,5.41058626953234,2.27941,0,2.27941,0,2.75216,0,2.57657,0,y2
17,5.5,2.26521,0,2.26521,0,2.77408,0,2.61185,0,y2
17,5.524,2.26127,0,2.26127,0,2.7793,0,2.62062,0,y2
17,5.53053289312902,2.26018,0,2.26018,0,2.78068,0,2.62296,0,y2
17,5.64,2.2415,0,2.2415,0,2.8008,0,2.6589,0,y2
17,5.65313859871711,2.23919,0,2.23919,0,2.80282,0,2.6628,0,y2
17,5.756,2.22073,0,2.22073,0,2.81556,0,2.69031,0,y2
17,5.77846233515922,2.21662,0,2.21662,0,2.81758,0,2.6956,0,y2
17,5.872,2.19918,0,2.19918,0,2.82333,0,2.71488,0,y2
17,5.9065643581481,2.19262,0,2.19262,0,2.82446,0,2.72092,0,y2
17,5.988,2.17694,0,2.17694,0,2.82528,0,2.73295,0,y2
17,6,2.1746,0,2.1746,0,2.82521,0,2.73446,0,y2
17,6.03750625917755,2.16726,0,2.16726,0,2.82464,0,2.73877,0,y2
17,6.104,2.15414,0,2.15414,0,2.82222,0,2.74481,0,y2
17,6.17135099515563,2.14068,0,2.14068,0,2.81782,0,2.74884,0,y2
17,6.22,2.13084,0,2.13084,0,2.81327,0,2.75048,0,y2
17,6.3081629186744,2.11261,0,2.11261,0,2.80244,0,2.75098,0,y2
17,6.336,2.10671,0,2.10671,0,2.79843,0,2.75053,0,y2
17,6.44800780895062,2.08208,0,2.08208,0,2.78032,0,2.7458,0,y2
17,6.452,2.08118,0,2.08118,0,2.77962,0,2.74554,0,y2
17,6.5,2.07013,0,2.07013,0,2.7708,0,2.74196,0,y2
17,6.568,2.05405,0,2.05405,0,2.75682,0,2.73552,0,y2
17,6.59095290345246,2.04851,0,2.04851,0,2.75162,0,2.73303,0,y2
17,6.684,2.02545,0,2.02545,0,2.72868,0,2.7213,0,y2
17,6.73706693022727,2.01184,0,2.01184,0,2.71466,0,2.71337,0,y2
17,6.8,1.99522,0,1.99522,0,2.69739,0,2.70285,0,y2
17,6.88642014094606,1.97155,0,1.97155,0,2.67185,0,2.68658,0,y2
17,6.916,1.96324,0,1.96324,0,2.66243,0,2.68057,0,y2
17,7,1.93903,0,1.93903,0,2.63414,0,2.66234,0,y2
17,7.032,1.92958,0,1.92958,0,2.62283,0,2.65494,0,y2
17,7.03908434468051,1.92747,0,1.92747,0,2.6203,0,2.65327,0,y2
17,7.148,1.89425,0,1.89425,0,2.58006,0,2.62613,0,y2
17,7.1951329424288,1.87941,0,1.87941,0,2.56196,0,2.61358,0,y2
17,7.264,1.85723,0,1.85723,0,2.53488,0,2.5944,0,y2
17,7.35464096240686,1.8271,0,1.8271,0,2.49735,0,2.56769,0,y2
17,7.38,1.81848,0,1.81848,0,2.48623,0,2.55993,0,y2
17,7.496,1.77799,0,1.77799,0,2.43291,0,2.52288,0,y2
17,7.5,1.77656,0,1.77656,0,2.43103,0,2.52156,0,y2
17,7.51768509612194,1.77022,0,1.77022,0,2.42275,0,2.51568,0,y2
17,7.612,1.73572,0,1.73572,0,2.37822,0,2.4834,0,y2
17,7.68434373524588,1.70845,0,1.70845,0,2.34303,0,2.45761,0,y2
17,7.728,1.69166,0,1.69166,0,2.3211,0,2.44162,0,y2
17,7.844,1.6458,0,1.6458,0,2.25997,0,2.3976,0,y2
17,7.85469700930591,1.64148,0,1.64148,0,2.25409,0,2.39344,0,y2
17,7.96,1.59811,0,1.59811,0,2.19484,0,2.35146,0,y2
17,8,1.58124,0,1.58124,0,2.17244,0,2.33506,0,y2
17,8.02882682421091,1.56895,0,1.56895,0,2.15638,0,2.32309,0,y2
17,8.076,1.54858,0,1.54858,0,2.12983,0,2.30323,0,y2
17,8.192,1.49724,0,1.49724,0,2.06091,0,2.25302,0,y2
17,8.20681690163182,1.49056,0,1.49056,0,2.05194,0,2.24646,0,y2
17,8.308,1.44421,0,1.44421,0,1.99061,0,2.20091,0,y2
17,8.38875281925503,1.40634,0,1.40634,0,1.93999,0,2.16354,0,y2
17,8.424,1.38957,0,1.38957,0,1.91738,0,2.14695,0,y2
17,8.5,1.3529,0,1.3529,0,1.86792,0,2.11062,0,y2
17,8.54,1.33334,0,1.33334,0,1.84164,0,2.09119,0,y2
17,8.57472205192818,1.31622,0,1.31622,0,1.8189,0,2.07414,0,y2
17,8.656,1.27564,0,1.27564,0,1.76542,0,2.0336,0,y2
17,8.76481401371806,1.22031,1,1.22031,1,1.69105,0,1.97804,0,y2
17,8.772,1.21661,1,1.21661,1,1.68608,0,1.97432,0,y2
17,8.888,1.15642,1,1.15642,1,1.60607,0,1.91345,0,y2
17,8.95912010090097,1.11901,1,1.11901,1,1.55694,0,1.87537,0,y2
17,9,1.09735,1,1.09735,1,1.52838,0,1.85322,0,y2
17,9.004,1.09523,1,1.09523,1,1.52555,0,1.85104,0,y2
17,9.12,1.03324,1,1.03324,1,1.44235,0,1.78715,0,y2
17,9.15773373590602,1.01294,1,1.01294,1,1.41537,0,1.76606,0,y2
17,9.236,0.970689,1,0.970689,1,1.35996,0,1.72185,0,y2
17,9.352,0.907834,1,0.907834,1,1.27731,0,1.65525,0,y2
17,9.36075041223273,0.903089,1,0.903089,1,1.27102,0,1.65017,0,y2
17,9.468,0.844935,1,0.844935,1,1.19365,1,1.58739,0,y2
17,9.5,0.827614,1,0.827614,1,1.17102,1,1.56847,0,y2
17,9.56826774036427,0.790733,1,0.790733,1,1.12239,1,1.52779,0,y2
17,9.584,0.782252,1,0.782252,1,1.11111,1,1.51836,0,y2
17,9.7,0.720054,1,0.720054,1,1.0282,1,1.44832,0,y2
17,9.78038549469867,0.677374,1,0.677374,1,0.971094,1,1.39928,0,y2
17,9.816,0.658584,1,0.658584,1,0.945854,1,1.37745,0,y2
17,9.932,0.598067,1,0.598067,1,0.863847,1,1.30595,0,y2
17,9.99720566152035,0.564543,1,0.564543,1,0.818177,1,1.26542,1,y2
17,10,0.563116,1,0.563116,1,0.816228,1,1.26368,1,y2
17,10.048,0.538691,1,0.538691,1,0.782764,1,1.23365,1,y2
17,10.164,0.480608,1,0.480608,1,0.70254,1,1.16056,1,y2
17,10.2188324880352,0.453646,1,0.453646,1,0.664989,1,1.12581,1,y2
17,10.28,0.423954,1,0.423954,1,0.62338,1,1.08695,1,y2
17,10.396,0.368764,1,0.368764,1,0.545336,1,1.01297,1,y2
17,10.4453725324925,0.345812,1,0.345812,1,0.512435,1,0.98139,1,y2
17,10.5,0.320852,1,0.320852,1,0.476098,1,0.946394,1,y2
17,10.512,0.315431,1,0.315431,1,0.468205,1,0.938701,1,y2
17,10.628,0.26388,1,0.26388,1,0.392444,1,0.864271,1,y2
17,10.6769347154184,0.242244,1,0.242244,1,0.360801,1,0.832861,1,y2
17,10.744,0.212842,1,0.212842,1,0.317784,1,0.789809,1,y2
17,10.86,0.163562,1,0.163562,1,0.244348,1,0.715436,1,y2
17,10.9136303719849,0.141344,1,0.141344,1,0.210786,1,0.68111,1,y2
17,10.976,0.115919,1,0.115919,1,0.172099,1,0.641244,1,y2
17,11,0.10627,1,0.10627,1,0.157315,1,0.62593,1,y2
17,11.092,0.069954,1,0.069954,1,0.101101,1,0.56735,1,y2
17,11.1555733055397,0.045436,1,0.045436,1,0.0626423,1,0.526989,1,y2
17,11.208,0.0255387,1,0.0255387,1,0.0311594,1,0.493746,1,y2
17,11.324,0,1,0,1,0,1,0.420187,1,y2
17,11.4028798423229,0,1,0,1,0,1,0.370486,1,y2
17,11.44,0,1,0,1,0,1,0.347248,1,y2
17,11.5,0,1,0,1,0,1,0.309906,1,y2
17,11.556,0,1,0,1,0,1,0.275264,1,y2
17,11.6556688873968,0,1,0,1,0,1,0.213829,1,y2
17,11.672,0,1,0,1,0,1,0.203759,1,y2
17,11.788,0,1,0,1,0,1,0.132276,1,y2
17,11.904,0,1,0,1,0,1,0.0619111,1,y2
17,11.9140619818156,0,1,0,1,0,1,0.0558831,1,y2
17,12,0,1,0,1,0,1,0.00496634,1,y2
17,12.02,0,1,0,1,0,1,0,1,y2
17,12.136,0,1,0,1,0,1,0,1,y2
17,12.178183361062,0,1,0,1,0,1,0,1,y2
17,12.252,0,1,0,1,0,1,0,1,y2
17,12.368,0,1,0,1,0,1,0,1,y2
17,12.4481600147799,0,1,0,1,0,1,0,1,y2
17,12.484,0,1,0,1,0,1,0,1,y2
17,12.5,0,1,0,1,0,1,0,1,y2
17,12.6,0,1,0,1,0,1,0,1,y2
17,12.716,0,1,0,1,0,1,0,1,y2
17,12.7241217478313,0,1,0,1,0,1,0,1,y2
17,12.832,0,1,0,1,0,1,0,1,y2
17,12.948,0,1,0,1,0,1,0,1,y2
17,13,0,1,0,1,0,1,0,1,y2
17,13.006201242706,0,1,0,1,0,1,0,1,y2
17,13.064,0,1,0,1,0,1,0,1,y2
17,13.18,0,1,0,1,0,1,0,1,y2
17,13.2945341233157,0,1,0,1,0,1,0,1,y2
17,13.296,0,1,0,1,0,1,0,1,y2
17,13.412,0,1,0,1,0,1,0,1,y2
17,13.5,0,1,0,1,0,1,0,1,y2
17,13.528,0,1,0,1,0,1,0,1,y2
17,13.589259020202,0,1,0,1,0,1,0,1,y2
17,13.644,0,1,0,1,0,1,0,1,y2
17,13.76,0,1,0,1,0,1,0,1,y2
17,13.876,0,1,0,1,0,1,0,1,y2
17,13.8905176371901,0,1,0,1,0,1,0,1,y2
17,13.992,0,1,0,1,0,1,0,1,y2
17,14,0,1,0,1,0,1,0,1,y2
17,14.108,0,1,0,1,0,1,0,1,y2
17,14.1984548195197,0,1,0,1,0,1,0,1,y2
17,14.224,0,1,0,1,0,1,0,1,y2
17,14.34,0,1,0,1,0,1,0,1,y2
17,14.456,0,1,0,1,0,1,0,1,y2
17,14.5,0,1,0,1,0,1,0,1,y2
17,14.513218623487,0,1,0,1,0,1,0,1,y2
17,14.572,0,1,0,1,0,1,0,1,y2
17,14.688,0,1,0,1,0,1,0,1,y2
17,14.804,0,1,0,1,0,1,0,1,y2
17,14.8349603876301,0,1,0,1,0,1,0,1,y2
17,14.92,0,1,0,1,0,1,0,1,y2
17,15,0,1,0,1,0,1,0,1,y2
17,15.036,0,1,0,1,0,1,0,1,y2
17,15.152,0,1,0,1,0,1,0,1,y2
17,15.1638348054925,0,1,0,1,0,1,0,1,y2
17,15.268,0,1,0,1,0,1,0,1,y2
17,15.384,0,1,0,1,0,1,0,1,y2
17,15.5,0,1,0,1,0,1,0,1,y2
18,1,0,1,0,1,0,1,0,1,y2
18,1.02190077866029,0,1,0,1,0,1,0,1,y2
18,1.04428120142651,0,1,0,1,0,1,0,1,y2
18,1.06715177287806,0,1,0,1,0,1,0,1,y2
18,1.0905232276528,0,1,0,1,0,1,0,1,y2
18,1.112,0,1,0,1,0,1,0,1,y2
18,1.11440653548553,0,1,0,1,0,1,0,1,y2
18,1.13881290635678,0,1,0,1,0,1,0,1,y2
18,1.16375379575438,0,1,0,1,0,1,0,1,y2
18,1.18924091005028,0,1,0,1,0,1,0,1,y2
18,1.21528621199505,0,1,0,1,0,1,0,1,y2
18,1.224,0,1,0,1,0,1,0,1,y2
18,1.24190192633286,0,1,0,1,0,1,0,1,y2
18,1.26910054553927,0,1,0,1,0,1,0,1,y2
18,1.29689483568478,0,1,0,1,0,1,0,1,y2
18,1.32529784242679,0,1,0,1,0,1,0,1,y2
18,1.336,0,1,0,1,0,1,0,1,y2
18,1.35432289713274,0,1,0,1,0,1,0,1,y2
18,1.38398362313741,0,1,0,1,0,1,0,1,y2
18,1.41429394213721,0,1,0,1,0,1,0,1,y2
18,1.44526808072455,0,1,0,1,0,1,0,1,y2
18,1.448,0,1,0,1,0,1,0,1,y2
18,1.47692057706528,0,1,0,1,0,1,0,1,y2
18,1.5,0,1,0,1,0,1,0,1,y2
18,1.50926628772242,0,1,0,1,0,1,0,1,y2
18,1.54232039462927,0,1,0,1,0,1,0,1,y2
18,1.56,0,1,0,1,0,1,0,1,y2
18,1.5760984122153,0,1,0,1,0,1,0,1,y2
18,1.61061619468806,0,1,0,1,0,1,0,1,y2
18,1.64588994347461,0,1,0,1,0,1,0,1,y2
18,1.672,0,1,0,1,0,1,0,1,y2
18,1.68193621482585,0,1,0,1,0,1,0,1,y2
18,1.71877192758748,0,1,0,1,0,1,0,1,y2
18,1.7564143711411,0,1,0,1,0,1,0,1,y2
18,1.784,0,1,0,1,0,1,0,1,y2
18,1.79488121351921,0,1,0,1,0,1,0,1,y2
18,1.83419050969801,0,1,0,1,0,1,0,1,y2
18,1.87436071007172,0,1,0,1,0,1,0,1,y2
18,1.896,0,1,0,1,0,1,0,1,y2
18,1.91541066911255,0,1,0,1,0,1,0,1,y2
18,1.95735965422034,0,1,0,1,0,1,0,1,y2
18,2,0,1,0,1,0,1,0,1,y2
18,2.00022735476601,0,1,0,1,0,1,0,1,y2
18,2.008,0,1,0,1,0,1,0,1,y2
18,2.044033891333,0,1,0,1,0,1,0,1,y2
18,2.08879982516122,0.0377812,1,0.0377812,1,0,1,0,1,y2
18,2.12,0.144001,1,0.144001,1,0,1,0,1,y2
18,2.13454616779773,0.191072,1,0.191072,1,0,1,0,1,y2
18,2.18129439095885,0.33307,1,0.33307,1,0,1,0,1,y2
18,2.22906643660817,0.465347,1,0.465347,1,0,1,0,1,y2
18,2.232,0.473084,1,0.473084,1,0,1,0,1,y2
18,2.27788472725541,0.588912,1,0.588912,1,0,1,0,1,y2
18,2.3277721764807,0.704909,1,0.704909,1,0,1,0,1,y2
18,2.344,0.74065,1,0.74065,1,0,1,0,1,y2
18,2.37875219968939,0.814155,1,0.814155,1,0,1,0,1,y2
18,2.43084872510247,0.917247,1,0.917247,1,0,1,0,1,y2
18,2.456,0.964322,1,0.964322,1,0,1,0,1,y2
18,2.48408620498759,1.01491,1,1.01491,1,0,1,0,1,y2
18,2.5,1.0428,1,1.0428,1,0,1,0,1,y2
18,2.53848962713611,1.10797,1,1.10797,1,0,1,0,1,y2
18,2.568,1.15575,1,1.15575,1,0,1,0,1,y2
18,2.59408452659146,1.19644,1,1.19644,1,0,1,0,1,y2
18,2.65089699763443,1.2804,0,1.2804,0,0,1,0,1,y2
18,2.68,1.32112,0,1.32112,0,0,1,0,1,y2
18,2.70895370603086,1.36022,0,1.36022,0,0.0219396,1,0,1,y2
18,2.76828190154762,1.43625,0,1.43625,0,0.702243,1,0.257323,1,y2
18,2.792,1.46522,0,1.46522,0,0.881122,1,0.512984,1,y2
18,2.8289094307427,1.50877,0,1.50877,0,1.10574,1,0.809894,1,y2
18,2.89086475003541,1.57799,0,1.57799,0,1.39054,0,1.15986,1,y2
18,2.904,1.59208,0,1.59208,0,1.44063,0,1.21928,1,y2
18,2.95417693906278,1.64412,0,1.64412,0,1.60875,0,1.41371,0,y2
18,3,1.68929,0,1.68929,0,1.73727,0,1.55809,0,y2
18,3.016,1.70457,0,1.70457,0,1.7778,0,1.60291,0,y2
18,3.01887571432853,1.70728,0,1.70728,0,1.78488,0,1.61069,0,y2
18,3.08499144315097,1.76758,0,1.76758,0,1.93167,0,1.7709,0,y2
18,3.128,1.80466,0,1.80466,0,2.01291,0,1.85926,0,y2
18,3.15255515791632,1.8251,0,1.8251,0,2.05554,0,1.90525,0,y2
18,3.2215985706442,1.87988,0,1.87988,0,2.16342,0,2.0204,0,y2
18,3.24,1.89383,0,1.89383,0,2.18961,0,2.04807,0,y2
18,3.2921540878722,1.93196,0,1.93196,0,2.25882,0,2.12071,0,y2
18,3.352,1.97318,0,1.97318,0,2.3302,0,2.19504,0,y2
18,3.36425482586626,1.98131,0,1.98131,0,2.34388,0,2.20922,0,y2
18,3.43793462616438,2.0279,0,2.0279,0,2.42029,0,2.28813,0,y2
18,3.464,2.04349,0,2.04349,0,2.44514,0,2.3137,0,y2
18,3.5,2.06427,0,2.06427,0,2.47779,0,2.34724,0,y2
18,3.51322807146056,2.07169,0,2.07169,0,2.48933,0,2.35908,0,y2
18,3.576,2.10535,0,2.10535,0,2.54103,0,2.41203,0,y2
18,3.59017050183674,2.1126,0,2.1126,0,2.55205,0,2.4233,0,y2
18,3.66879803135018,2.15055,0,2.15055,0,2.60924,0,2.48174,0,y2
18,3.688,2.15924,0,2.15924,0,2.62228,0,2.49504,0,y2
18,3.74914756498409,2.18544,0,2.18544,0,2.66156,0,2.53512,0,y2
18,3.8,2.20554,0,2.20554,0,2.69186,0,2.56604,0,y2
18,3.83125681596958,2.21716,0,2.21716,0,2.7095,0,2.58404,0,y2
18,3.912,2.24461,0,2.24461,0,2.75187,0,2.62734,0,y2
18,3.91516432348687,2.24561,0,2.24561,0,2.75344,0,2.62895,0,y2
18,4,2.27047,0,2.27047,0,2.79329,0,2.6698,0,y2
18,4.00090947075423,2.27071,0,2.27071,0,2.7937,0,2.67021,0,y2
18,4.024,2.2768,0,2.2768,0,2.8038,0,2.68059,0,y2
18,4.08853250351308,2.29237,0,2.29237,0,2.8305,0,2.70809,0,y2
18,4.136,2.3025,0,2.3025,0,2.84876,0,2.72696,0,y2
18,4.17807454891793,2.31055,0,2.31055,0,2.86402,0,2.74279,0,y2
18,4.248,2.32211,0,2.32211,0,2.88757,0,2.76736,0,y2
18,4.26957763483998,2.32522,0,2.32522,0,2.89439,0,2.77451,0,y2
18,4.36,2.33609,0,2.33609,0,2.92088,0,2.80242,0,y2
18,4.36308470959355,2.3364,0,2.3364,0,2.92173,0,2.80331,0,y2
18,4.45863966209446,2.34412,0,2.34412,0,2.94611,0,2.82937,0,y2
18,4.472,2.34492,0,2.34492,0,2.94925,0,2.83277,0,y2
18,4.5,2.34638,0,2.34638,0,2.95562,0,2.83969,0,y2
18,4.55628734245999,2.34847,0,2.34847,0,2.9676,0,2.85281,0,y2
18,4.584,2.34909,0,2.34909,0,2.9731,0,2.85888,0,y2
18,4.6560735830599,2.34954,0,2.34954,0,2.98628,0,2.87355,0,y2
18,4.696,2.3491,0,2.3491,0,2.99288,0,2.88097,0,y2
18,4.75804522002853,2.34749,0,2.34749,0,3.00217,0,2.89151,0,y2
18,4.808,2.34542,0,2.34542,0,3.00877,0,2.89913,0,y2
18,4.86225011524803,2.34245,0,2.34245,0,3.01506,0,2.90656,0,y2
18,4.92,2.33852,0,2.33852,0,3.02073,0,2.91353,0,y2
18,4.96873717881306,2.33461,0,2.33461,0,3.02468,0,2.91868,0,y2
18,5,2.33185,0,2.33185,0,3.0268,0,2.92165,0,y2
18,5.032,2.32881,0,2.32881,0,3.02867,0,2.92441,0,y2
18,5.07755639198741,2.32415,0,2.32415,0,3.03086,0,2.92787,0,y2
18,5.144,2.31669,0,2.31669,0,3.03316,0,2.93197,0,y2
18,5.18875883066347,2.31126,0,2.31126,0,3.03412,0,2.93412,0,y2
18,5.256,2.30252,0,2.30252,0,3.03464,0,2.93643,0,y2
18,5.30239668933547,2.29612,0,2.29612,0,3.03439,0,2.93741,0,y2
18,5.368,2.2866,0,2.2866,0,3.03317,0,2.93795,0,y2
18,5.41852330559767,2.27893,0,2.27893,0,3.03152,0,2.93771,0,y2
18,5.48,2.26922,0,2.26922,0,3.02874,0,2.93668,0,y2
18,5.5,2.26599,0,2.26599,0,3.02765,0,2.93618,0,y2
18,5.5371931851792,2.25986,0,2.25986,0,3.0254,0,2.93502,0,y2
18,5.592,2.25062,0,2.25062,0,3.02151,0,2.93279,0,y2
18,5.65846202752709,2.23909,0,2.23909,0,3.01593,0,2.92928,0,y2
18,5.704,2.231,0,2.231,0,3.01156,0,2.92637,0,y2
18,5.78238675194963,2.21674,0,2.21674,0,3.00305,0,2.92042,0,y2
18,5.816,2.21051,0,2.21051,0,2.99901,0,2.91752,0,y2
18,5.90902552433228,2.19295,0,2.19295,0,2.98664,0,2.90836,0,y2
18,5.928,2.18932,0,2.18932,0,2.9839,0,2.90629,0,y2
18,6,2.1754,0,2.1754,0,2.97285,0,2.89784,0,y2
18,6.0384377844387,2.1679,0,2.1679,0,2.96652,0,2.89293,0,y2
18,6.04,2.16759,0,2.16759,0,2.96626,0,2.89273,0,y2
18,6.152,2.1454,0,2.1454,0,2.94607,0,2.87684,0,y2
18,6.17068427380964,2.14165,0,2.14165,0,2.94245,0,2.87397,0,y2
18,6.264,2.12263,0,2.12263,0,2.9233,0,2.85862,0,y2
18,6.30582706427289,2.11393,0,2.11393,0,2.91411,0,2.85121,0,y2
18,6.376,2.09901,0,2.09901,0,2.89786,0,2.83804,0,y2
18,6.44392958707761,2.08404,0,2.08404,0,2.88109,0,2.82438,0,y2
18,6.488,2.07399,0,2.07399,0,2.86967,0,2.81504,0,y2
18,6.5,2.0712,0,2.0712,0,2.86648,0,2.81243,0,y2
18,6.5850566626667,2.05095,0,2.05095,0,2.84292,0,2.79311,0,y2
18,6.6,2.04732,0,2.04732,0,2.83861,0,2.78956,0,y2
18,6.712,2.01924,0,2.01924,0,2.80456,0,2.76152,0,y2
18,6.72927453110125,2.01477,0,2.01477,0,2.79904,0,2.75696,0,y2
18,6.824,1.98958,0,1.98958,0,2.76745,0,2.73082,0,y2
18,6.87665088315124,1.97512,0,1.97512,0,2.74891,0,2.71544,0,y2
18,6.936,1.95841,0,1.95841,0,2.72714,0,2.69737,0,y2
18,7,1.93989,0,1.93989,0,2.7026,0,2.67699,0,y2
18,7.02725489206724,1.93184,0,1.93184,0,2.69181,0,2.66802,0,y2
18,7.048,1.92565,0,1.92565,0,2.68346,0,2.66107,0,y2
18,7.16,1.89127,0,1.89127,0,2.63627,0,2.62183,0,y2
18,7.18115724604786,1.8846,0,1.8846,0,2.62695,0,2.61408,0,y2
18,7.272,1.8553,0,1.8553,0,2.58544,0,2.57956,0,y2
18,7.33843018141831,1.83321,0,1.83321,0,2.55353,0,2.55303,0,y2
18,7.384,1.81773,0,1.81773,0,2.53088,0,2.5342,0,y2
18,7.496,1.77854,0,1.77854,0,2.47257,0,2.48568,0,y2
18,7.49914751653556,1.77741,0,1.77741,0,2.47088,0,2.48427,0,y2
18,7.5,1.77711,0,1.77711,0,2.47042,0,2.48389,0,y2
18,7.608,1.7377,0,1.7377,0,2.41046,0,2.43393,0,y2
18,7.66338468643608,1.71689,0,1.71689,0,2.37838,0,2.40707,0,y2
18,7.72,1.69519,0,1.69519,0,2.34471,0,2.37877,0,y2
18,7.83121877824239,1.65131,0,1.65131,0,2.27614,0,2.3209,0,y2
18,7.832,1.651,0,1.651,0,2.27564,0,2.32048,0,y2
18,7.944,1.60513,0,1.60513,0,2.20386,0,2.25948,0,y2
18,8,1.58157,0,1.58157,0,2.16711,0,2.22814,0,y2
18,8.002728567345,1.58041,0,1.58041,0,2.16531,0,2.2266,0,y2
18,8.056,1.55759,0,1.55759,0,2.12993,0,2.19633,0,y2
18,8.168,1.5084,0,1.5084,0,2.05427,0,2.13114,0,y2
18,8.17799455437682,1.50393,0,1.50393,0,2.04744,0,2.12524,0,y2
18,8.28,1.45759,0,1.45759,0,1.97755,0,2.06484,0,y2
18,8.3570990029973,1.4217,0,1.4217,0,1.92498,0,2.01936,0,y2
18,8.392,1.40522,0,1.40522,0,1.90145,0,1.99879,0,y2
18,8.5,1.35331,0,1.35331,0,1.83064,0,1.9344,0,y2
18,8.504,1.35136,0,1.35136,0,1.82808,0,1.932,0,y2
18,8.54012597850409,1.33369,0,1.33369,0,1.80513,0,1.91057,0,y2
18,8.616,1.29611,0,1.29611,0,1.75783,0,1.86687,0,y2
18,8.72716138729032,1.24005,1,1.24005,1,1.69054,0,1.80382,0,y2
18,8.728,1.23963,1,1.23963,1,1.69004,0,1.80335,0,y2
18,8.84,1.18212,1,1.18212,1,1.62678,0,1.74202,0,y2
18,8.91829301716601,1.14141,1,1.14141,1,1.58485,0,1.70161,0,y2
18,8.952,1.12379,1,1.12379,1,1.56731,0,1.68464,0,y2
18,9,1.09859,1,1.09859,1,1.54304,0,1.66055,0,y2
18,9.064,1.06477,1,1.06477,1,1.51162,0,1.62894,0,y2
18,9.11361057856259,1.0384,1,1.0384,1,1.48721,0,1.60509,0,y2
18,9.176,1.00502,1,1.00502,1,1.45696,0,1.57608,0,y2
18,9.288,0.944587,1,0.944587,1,1.40531,0,1.52655,0,y2
18,9.31320574663979,0.930912,1,0.930912,1,1.39409,0,1.51571,0,y2
18,9.4,0.883708,1,0.883708,1,1.35672,0,1.47957,0,y2
18,9.5,0.829238,1,0.829238,1,1.31625,0,1.43922,0,y2
18,9.512,0.822704,1,0.822704,1,1.31149,0,1.43453,0,y2
18,9.51717220431471,0.819888,1,0.819888,1,1.30944,0,1.43252,0,y2
18,9.624,0.761859,1,0.761859,1,1.26753,1,1.39193,0,y2
18,9.72560568623329,0.707007,1,0.707007,1,1.2286,1,1.35449,0,y2
18,9.736,0.70142,1,0.70142,1,1.22472,1,1.35076,0,y2
18,9.848,0.641642,1,0.641642,1,1.18418,1,1.3114,0,y2
18,9.93860402370477,0.593895,1,0.593895,1,1.15247,1,1.2806,0,y2
18,9.96,0.582714,1,0.582714,1,1.14513,1,1.27346,0,y2
18,10,0.561914,1,0.561914,1,1.13144,1,1.26025,1,y2
18,10.072,0.524852,1,0.524852,1,1.10724,1,1.23687,1,y2
18,10.1562671906202,0.482105,1,0.482105,1,1.07954,1,1.20982,1,y2
18,10.184,0.468191,1,0.468191,1,1.07055,1,1.20122,1,y2
18,10.296,0.412877,1,0.412877,1,1.0349,1,1.16723,1,y2
18,10.3786973503768,0.372919,1,0.372919,1,1.00933,1,1.1427,1,y2
18,10.408,0.35895,1,0.35895,1,1.00037,1,1.13388,1,y2
18,10.5,0.315809,1,0.315809,1,0.97221,1,1.1068,1,y2
18,10.52,0.306565,1,0.306565,1,0.966202,1,1.10107,1,y2
18,10.6059989038295,0.267369,1,0.267369,1,0.940705,1,1.07667,1,y2
18,10.632,0.255714,1,0.255714,1,0.933094,1,1.06934,1,y2
18,10.744,0.20653,1,0.20653,1,0.900578,1,1.03818,1,y2
18,10.8382785382936,0.166326,1,0.166326,1,0.873643,1,1.01245,1,y2
18,10.856,0.1589,1,0.1589,1,0.868613,1,1.00765,1,y2
18,10.968,0.112941,1,0.112941,1,0.836968,1,0.977577,1,y2
18,11,0.100164,1,0.100164,1,0.828073,1,0.969165,1,y2
18,11.0756452776194,0.0707253,1,0.0707253,1,0.807104,1,0.949199,1,y2
18,11.08,0.0690578,1,0.0690578,1,0.805906,1,0.948053,1,y2
18,11.192,0.0268163,1,0.0268163,1,0.775289,1,0.918789,1,y2
18,11.304,0,1,0,1,0.744941,1,0.889905,1,y2
18,11.3182105333644,0,1,0,1,0.74111,1,0.886259,1,y2
18,11.416,0,1,0,1,0.714847,1,0.861298,1,y2
18,11.5,0,1,0,1,0.692457,1,0.840049,1,y2
18,11.528,0,1,0,1,0.685001,1,0.832957,1,y2
18,11.5660881570862,0,1,0,1,0.674882,1,0.823248,1,y2
18,11.64,0,1,0,1,0.655348,1,0.804937,1,y2
18,11.752,0,1,0,1,0.626081,1,0.777157,1,y2
18,11.81939449378,0,1,0,1,0.608522,1,0.760368,1,y2
18,11.864,0,1,0,1,0.596872,1,0.749454,1,y2
18,11.976,0,1,0,1,0.56762,1,0.721964,1,y2
18,12,0,1,0,1,0.561365,1,0.716054,1,y2
18,12.0782484364869,0,1,0,1,0.541017,1,0.696905,1,y2
18,12.088,0,1,0,1,0.538487,1,0.694524,1,y2
18,12.2,0,1,0,1,0.509748,1,0.667244,1,y2
18,12.312,0,1,0,1,0.481095,1,0.640075,1,y2
18,12.3427714820985,0,1,0,1,0.473176,1,0.632635,1,y2
18,12.424,0,1,0,1,0.452442,1,0.613039,1,y2
18,12.5,0,1,0,1,0.433043,1,0.594701,1,y2
18,12.536,0,1,0,1,0.423888,1,0.586058,1,y2
18,12.6130877883825,0,1,0,1,0.404296,1,0.567636,1,y2
18,12.648,0,1,0,1,0.395388,1,0.559215,1,y2
18,12.76,0,1,0,1,0.366926,1,0.532322,1,y2
18,12.872,0,1,0,1,0.338484,1,0.505507,1,y2
18,12.8893242322587,0,1,0,1,0.334114,1,0.501375,1,y2
18,12.984,0,1,0,1,0.310212,1,0.478775,1,y2
18,13,0,1,0,1,0.306168,1,0.474961,1,y2
18,13.096,0,1,0,1,0.281826,1,0.452068,1,y2
18,13.1716104693501,0,1,0,1,0.262774,1,0.434176,1,y2
18,13.208,0,1,0,1,0.253591,1,0.425464,1,y2
18,13.32,0,1,0,1,0.225283,1,0.398788,1,y2
18,13.432,0,1,0,1,0.196998,1,0.372217,1,y2
18,13.4600789948389,0,1,0,1,0.189905,1,0.365553,1,y2
18,13.5,0,1,0,1,0.17983,1,0.356082,1,y2
18,13.544,0,1,0,1,0.168742,1,0.345663,1,y2
18,13.656,0,1,0,1,0.140477,1,0.319137,1,y2
18,13.7548652056549,0,1,0,1,0.115591,1,0.295691,1,y2
18,13.768,0,1,0,1,0.112301,1,0.292576,1,y2
18,13.88,0,1,0,1,0.0841252,1,0.266102,1,y2
18,13.992,0,1,0,1,0.0559165,1,0.239758,1,y2
18,14,0,1,0,1,0.0539077,1,0.237878,1,y2
18,14.0561074640261,0,1,0,1,0.0398347,1,0.224638,1,y2
18,14.104,0,1,0,1,0.0278251,1,0.213284,1,y2
18,14.216,0,1,0,1,0,1,0.186774,1,y2
18,14.328,0,1,0,1,0,1,0.16037,1,y2
18,14.3639471624211,0,1,0,1,0,1,0.151887,1,y2
18,14.44,0,1,0,1,0,1,0.133997,1,y2
18,14.5,0,1,0,1,0,1,0.11979,1,y2
18,14.552,0,1,0,1,0,1,0.10745,1,y2
18,14.664,0,1,0,1,0,1,0.0811031,1,y2
18,14.6785287899134,0,1,0,1,0,1,0.0776813,1,y2
18,14.776,0,1,0,1,0,1,0.0547291,1,y2
18,14.888,0,1,0,1,0,1,0.0283677,1,y2
18,15,0,1,0,1,0,1,0.00200976,1,y2
7,-1,-7,1,-7,1,-7,1,-7,1,y3
7,-0.9397590361445783,-7,1,-7,1,-7,1,-7,1,y3
7,-0.8795180722891567,-7,1,-7,1,-7,1,-7,1,y3
7,-0.8192771084337349,-7,1,-7,1,-7,1,-7,1,y3
7,-0.7590361445783133,-7,1,-7,1,-7,1,-7,1,y3
7,-0.6987951807228916,-7,1,-7,1,-7,1,-7,1,y3
7,-0.6385542168674698,-7,1,-7,1,-7,1,-7,1,y3
7,-0.5783132530120482,-7,1,-7,1,-7,1,-7,1,y3
7,-0.5180722891566265,-7,1,-7,1,-7,1,-7,1,y3
7,-0.4578313253012049,-7,1,-7,1,-7,1,-7,1,y3
7,-0.3975903614457832,-7,1,-7,1,-7,1,-7,1,y3
7,-0.3373493975903614,-7,1,-7,1,-7,1,-7,1,y3
7,-0.2771084337349398,-7,1,-7,1,-7,1,-7,1,y3
7,-0.2168674698795181,-7,1,-7,1,-7,1,-7,1,y3
7,-0.1566265060240963,-7,1,-7,1,-7,1,-7,1,y3
7,-0.0963855421686747,-7,1,-7,1,-7,1,-7,1,y3
7,-0.036144578313253,-7,1,-7,1,-7,1,-7,1,y3
7,0,-7,1,-7,1,-7,1,-7,1,y3
7,0.0240963855421688,-7,1,-7,1,-7,1,-7,1,y3
7,0.0843373493975903,-7,1,-7,1,-7,1,-7,1,y3
7,0.1445783132530121,-7,1,-7,1,-7,1,-7,1,y3
7,0.2048192771084336,-7,1,-7,1,-7,1,-7,1,y3
7,0.2650602409638554,-7,1,-7,1,-7,1,-7,1,y3
7,0.3253012048192772,-7,1,-7,1,-7,1,-7,1,y3
7,0.3855421686746987,-7,1,-7,1,-7,1,-7,1,y3
7,0.4457831325301205,-7,1,-7,1,-7,1,-7,1,y3
7,0.5060240963855422,-7,1,-7,1,-7,1,-7,1,y3
7,0.5662650602409638,-7,1,-7,1,-7,1,-7,1,y3
7,0.6265060240963856,-7,1,-7,1,-7,1,-7,1,y3
7,0.6867469879518073,-7,1,-7,1,-7,1,-7,1,y3
7,0.7469879518072289,-7,1,-7,1,-7,1,-7,1,y3
7,0.8072289156626506,-7,1,-7,1,-7,1,-7,1,y3
7,0.8674698795180722,-7,1,-7,1,-7,1,-7,1,y3
7,0.927710843373494,-7,1,-7,1,-7,1,-7,1,y3
7,0.9879518072289157,-7,1,-7,1,-7,1,-7,1,y3
7,1,-7,1,-7,1,-7,1,-7,1,y3
7,1.04819277108434,-7,1,-7,1,-7,1,-4.47986,1,y3
7,1.10843373493976,-7,1,-7,1,-4.73527,1,-4.20429,1,y3
7,1.16867469879518,-7,1,-7,1,-4.35685,1,-4.08712,1,y3
7,1.2289156626506,-7,1,-7,1,-4.21992,1,-4.01362,1,y3
7,1.28915662650602,-7,1,-7,1,-4.13994,1,-3.95328,1,y3
7,1.34939759036145,-7,1,-7,1,-4.07664,1,-3.89541,1,y3
7,1.40963855421687,-7,1,-7,1,-4.01654,1,-3.83665,1,y3
7,1.46987951807229,-7,1,-7,1,-3.95542,1,-3.77629,1,y3
7,1.53012048192771,-7,1,-7,1,-3.89247,1,-3.71451,1,y3
7,1.59036144578313,-7,1,-7,1,-3.82791,1,-3.65173,1,y3
7,1.65060240963855,-7,1,-7,1,-3.76215,1,-3.58804,1,y3
7,1.71084337349398,-4.69025,1,-4.69025,1,-3.69535,1,-3.52378,1,y3
7,1.7710843373494,-3.62994,1,-3.62994,1,-3.62791,1,-3.45883,1,y3
7,1.83132530120482,-2.86293,1,-2.86293,1,-3.55982,1,-3.39338,1,y3
7,1.89156626506024,-2.26943,1,-2.26943,1,-3.49113,1,-3.32727,1,y3
7,1.95180722891566,-1.78875,1,-1.78875,1,-3.42184,1,-3.26069,1,y3
7,2,-1.46182,1,-1.46182,1,-3.36595,1,-3.20696,1,y3
7,2.01204819277108,-1.38661,1,-1.38661,1,-3.35191,1,-3.19346,1,y3
7,2.07228915662651,-1.04235,1,-1.04235,1,-3.28132,1,-3.12575,1,y3
7,2.13253012048193,-0.743012,1,-0.743012,1,-3.21001,1,-3.0572,1,y3
7,2.19277108433735,-0.478126,1,-0.478126,1,-3.13799,1,-2.98829,1,y3
7,2.25301204819277,-0.242663,0,-0.242663,0,-3.06538,1,-2.91849,1,y3
7,2.31325301204819,-0.030277,0,-0.030277,0,-2.99204,1,-2.84831,1,y3
7,2.37349397590361,0.162518,0,0.162518,0,-2.9179,1,-2.77731,1,y3
7,2.43373493975904,0.338668,0,0.338668,0,-2.84313,1,-2.70577,1,y3
7,2.49397590361446,0.500817,0,0.500817,0,-2.7677,1,-2.63357,1,y3
7,2.55421686746988,0.651375,0,0.651375,0,-2.69145,1,-2.56053,1,y3
7,2.6144578313253,0.789617,0,0.789617,0,-2.61442,1,-2.48695,1,y3
7,2.67469879518072,0.917607,0,0.917607,0,-2.53673,1,-2.41271,1,y3
7,2.73493975903614,1.03691,0,1.03691,0,-2.45828,1,-2.3378,1,y3
7,2.79518072289157,1.14812,0,1.14812,0,-2.37902,1,-2.26222,1,y3
7,2.85542168674699,1.25205,0,1.25205,0,-2.29892,1,-2.18604,1,y3
7,2.91566265060241,1.34943,0,1.34943,0,-2.21807,1,-2.10905,1,y3
7,2.97590361445783,1.44076,0,1.44076,0,-2.13655,1,-2.03142,1,y3
7,3,1.47569,0,1.47569,0,-2.10367,1,-2.00018,1,y3
7,3.03614457831325,1.52647,0,1.52647,0,-2.05405,1,-1.95314,1,y3
7,3.09638554216868,1.60695,0,1.60695,0,-1.97066,1,-1.87403,1,y3
7,3.1566265060241,1.68253,0,1.68253,0,-1.88664,1,-1.79395,1,y3
7,3.21686746987952,1.75343,0,1.75343,0,-1.80173,1,-1.71332,1,y3
7,3.27710843373494,1.81992,0,1.81992,0,-1.7158,1,-1.6319,1,y3
7,3.33734939759036,1.88216,0,1.88216,0,-1.62906,1,-1.54951,1,y3
7,3.39759036144578,1.94031,0,1.94031,0,-1.54154,1,-1.46652,1,y3
7,3.45783132530121,1.99452,0,1.99452,0,-1.45308,1,-1.38272,1,y3
7,3.51807228915663,2.0449,0,2.0449,0,-1.36361,1,-1.29802,1,y3
7,3.57831325301205,2.09157,0,2.09157,0,-1.27322,1,-1.21252,1,y3
7,3.63855421686747,2.13461,0,2.13461,0,-1.18201,1,-1.12626,1,y3
7,3.69879518072289,2.17411,0,2.17411,0,-1.08988,1,-1.03913,1,y3
7,3.75903614457831,2.21017,0,2.21017,0,-0.996545,1,-0.951037,1,y3
7,3.81927710843373,2.24288,0,2.24288,0,-0.902159,1,-0.862208,1,y3
7,3.87951807228916,2.2723,0,2.2723,0,-0.806964,1,-0.772498,1,y3
7,3.93975903614458,2.29856,0,2.29856,0,-0.710761,1,-0.681776,1,y3
7,4,2.32171,0,2.32171,0,-0.613525,1,-0.59026,1,y3
7,4.06024096385542,2.34189,0,2.34189,0,-0.515293,1,-0.497835,1,y3
7,4.12048192771084,2.35923,0,2.35923,0,-0.415995,1,-0.404423,1,y3
7,4.18072289156626,2.37382,0,2.37382,0,-0.31567,1,-0.310097,1,y3
7,4.24096385542169,2.38578,0,2.38578,0,-0.21422,0,-0.214856,0,y3
7,4.30120481927711,2.39522,0,2.39522,0,-0.111672,0,-0.118653,0,y3
7,4.36144578313253,2.40227,0,2.40227,0,-0.00806231,0,-0.0214278,0,y3
7,4.42168674698795,2.40706,0,2.40706,0,0.0967011,0,0.0767106,0,y3
7,4.48192771084337,2.40973,0,2.40973,0,0.202557,0,0.175823,0,y3
7,4.54216867469879,2.41039,0,2.41039,0,0.309566,0,0.275996,0,y3
7,4.60240963855422,2.40917,0,2.40917,0,0.417695,0,0.377146,0,y3
7,4.66265060240964,2.40619,0,2.40619,0,0.526933,0,0.479312,0,y3
7,4.72289156626506,2.40161,0,2.40161,0,0.637346,0,0.582496,0,y3
7,4.78313253012048,2.3956,0,2.3956,0,0.74881,0,0.686645,0,y3
7,4.8433734939759,2.38823,0,2.38823,0,0.861389,0,0.79176,0,y3
7,4.90361445783132,2.37959,0,2.37959,0,0.975001,0,0.897799,0,y3
7,4.96385542168675,2.36978,0,2.36978,0,1.08957,0,1.00472,0,y3
7,5,2.36337,0,2.36337,0,1.15878,0,1.06928,0,y3
7,5.02409638554217,2.3589,0,2.3589,0,1.20508,0,1.11247,0,y3
7,5.08433734939759,2.34708,0,2.34708,0,1.32131,0,1.22098,0,y3
7,5.14457831325301,2.3344,0,2.3344,0,1.43819,0,1.33012,0,y3
7,5.20481927710843,2.32093,0,2.32093,0,1.55545,0,1.43975,0,y3
7,5.26506024096386,2.30672,0,2.30672,0,1.67278,0,1.54969,0,y3
7,5.32530120481928,2.29185,0,2.29185,0,1.78982,0,1.65965,0,y3
7,5.3855421686747,2.27634,0,2.27634,0,1.90602,0,1.76933,0,y3
7,5.44578313253012,2.26027,0,2.26027,0,2.02073,0,1.87829,0,y3
7,5.50602409638554,2.24372,0,2.24372,0,2.13307,0,1.98597,0,y3
7,5.56626506024096,2.22677,0,2.22677,0,2.24207,0,2.09172,0,y3
7,5.62650602409639,2.20946,0,2.20946,0,2.34635,0,2.19467,0,y3
7,5.68674698795181,2.19181,0,2.19181,0,2.44467,0,2.29385,0,y3
7,5.74698795180723,2.17377,0,2.17377,0,2.53528,0,2.38813,0,y3
7,5.80722891566265,2.15539,0,2.15539,0,2.6167,0,2.47624,0,y3
7,5.86746987951807,2.13673,0,2.13673,0,2.68737,0,2.55689,0,y3
7,5.92771084337349,2.11781,0,2.11781,0,2.74625,0,2.62886,0,y3
7,5.98795180722892,2.09866,0,2.09866,0,2.79252,0,2.69106,0,y3
7,6,2.09481,0,2.09481,0,2.80028,0,2.70226,0,y3
7,6.04819277108434,2.0793,0,2.0793,0,2.82634,0,2.74273,0,y3
7,6.10843373493976,2.05976,0,2.05976,0,2.84801,0,2.78338,0,y3
7,6.16867469879518,2.04005,0,2.04005,0,2.85842,0,2.813,0,y3
7,6.2289156626506,2.01988,0,2.01988,0,2.85844,0,2.83195,0,y3
7,6.28915662650602,1.9989,0,1.9989,0,2.84952,0,2.8409,0,y3
7,6.34939759036145,1.9772,0,1.9772,0,2.83348,0,2.84081,0,y3
7,6.40963855421687,1.9548,0,1.9548,0,2.81158,0,2.83284,0,y3
7,6.46987951807229,1.9317,0,1.9317,0,2.78504,0,2.81826,0,y3
7,6.53012048192771,1.90787,0,1.90787,0,2.75491,0,2.79841,0,y3
7,6.59036144578313,1.88331,0,1.88331,0,2.72213,0,2.77429,0,y3
7,6.65060240963855,1.85804,0,1.85804,0,2.68767,0,2.74669,0,y3
7,6.71084337349398,1.83206,0,1.83206,0,2.65216,0,2.71642,0,y3
7,6.7710843373494,1.80537,0,1.80537,0,2.61619,0,2.68428,0,y3
7,6.83132530120482,1.77795,0,1.77795,0,2.58025,0,2.65092,0,y3
7,6.89156626506024,1.74979,0,1.74979,0,2.54472,0,2.61691,0,y3
7,6.95180722891566,1.72091,0,1.72091,0,2.50991,0,2.58269,0,y3
7,7,1.69728,0,1.69728,0,2.48277,0,2.55544,0,y3
7,7.01204819277108,1.69129,0,1.69129,0,2.4761,0,2.54867,0,y3
7,7.07228915662651,1.66093,0,1.66093,0,2.44351,0,2.51516,0,y3
7,7.13253012048193,1.62981,0,1.62981,0,2.41226,0,2.48243,0,y3
7,7.19277108433735,1.59793,0,1.59793,0,2.38245,0,2.45068,0,y3
7,7.25301204819277,1.56529,0,1.56529,0,2.35419,0,2.42008,0,y3
7,7.31325301204819,1.53188,0,1.53188,0,2.3275,0,2.39074,0,y3
7,7.37349397590361,1.4977,0,1.4977,0,2.3024,0,2.36275,0,y3
7,7.43373493975904,1.46274,0,1.46274,0,2.2789,0,2.33616,0,y3
7,7.49397590361446,1.427,0,1.427,0,2.25694,0,2.31102,0,y3
7,7.55421686746988,1.39046,0,1.39046,0,2.2365,0,2.28732,0,y3
7,7.6144578313253,1.35313,0,1.35313,0,2.21757,0,2.26507,0,y3
7,7.67469879518072,1.31501,0,1.31501,0,2.20008,0,2.24424,0,y3
7,7.73493975903614,1.2761,0,1.2761,0,2.18404,0,2.22483,0,y3
7,7.79518072289157,1.23639,0,1.23639,0,2.16936,0,2.20679,0,y3
7,7.85542168674699,1.1959,0,1.1959,0,2.15599,0,2.19009,0,y3
7,7.91566265060241,1.15462,0,1.15462,0,2.14384,0,2.1747,0,y3
7,7.97590361445783,1.11256,0,1.11256,0,2.13286,0,2.16056,0,y3
7,8,1.09552,0,1.09552,0,2.12877,0,2.15525,0,y3
7,8.03614457831325,1.06972,0,1.06972,0,2.12295,0,2.14764,0,y3
7,8.09638554216867,1.02611,0,1.02611,0,2.11406,0,2.13589,0,y3
7,8.1566265060241,0.981747,0,0.981747,0,2.10619,0,2.12528,0,y3
7,8.21686746987952,0.936655,0,0.936655,0,2.0992,0,2.1157,0,y3
7,8.27710843373494,0.890834,0,0.890834,0,2.09257,0,2.10609,0,y3
7,8.33734939759036,0.84428,0,0.84428,0,2.08583,0,2.09553,0,y3
7,8.39759036144578,0.797038,0,0.797038,0,2.07838,0,2.08411,0,y3
7,8.45783132530121,0.749157,0,0.749157,0,2.06956,0,2.07198,0,y3
7,8.51807228915663,0.700649,0,0.700649,0,2.05947,0,2.05933,0,y3
7,8.57831325301205,0.651498,0,0.651498,0,2.04869,0,2.04634,0,y3
7,8.63855421686747,0.601739,0,0.601739,0,2.03742,0,2.03288,0,y3
7,8.69879518072289,0.551455,0,0.551455,0,2.02574,0,2.01889,0,y3
7,8.75903614457831,0.50069,0,0.50069,0,2.01376,0,2.00445,0,y3
7,8.81927710843373,0.449456,0,0.449456,0,2.00124,0,1.98955,0,y3
7,8.87951807228916,0.397774,0,0.397774,0,1.98803,0,1.97413,0,y3
7,8.93975903614458,0.345791,0,0.345791,0,1.97401,0,1.95824,0,y3
7,9,0.293579,0,0.293579,0,1.95912,0,1.94186,0,y3
7,9.06024096385542,0.241107,0,0.241107,0,1.94343,0,1.92499,0,y3
7,9.12048192771084,0.188291,0,0.188291,0,1.92726,0,1.90763,0,y3
7,9.18072289156627,0.135311,0,0.135311,0,1.91074,0,1.88974,0,y3
7,9.24096385542169,0.0823032,0,0.0823032,0,1.89345,0,1.87137,0,y3
7,9.30120481927711,0.0293333,0,0.0293333,0,1.87518,0,1.85248,0,y3
7,9.36144578313253,-0.0236153,0,-0.0236153,0,1.85621,0,1.83305,0,y3
7,9.42168674698795,-0.0763923,0,-0.0763923,0,1.8369,0,1.81307,0,y3
7,9.48192771084337,-0.12876,0,-0.12876,0,1.81703,0,1.79261,0,y3
7,9.54216867469879,-0.180753,0,-0.180753,0,1.79603,0,1.77163,0,y3
7,9.60240963855422,-0.232728,0,-0.232728,0,1.77397,0,1.75012,0,y3
7,9.66265060240964,-0.284835,0,-0.284835,0,1.75196,0,1.72805,0,y3
7,9.72289156626506,-0.336451,1,-0.336451,1,1.73049,0,1.70543,0,y3
7,9.78313253012048,-0.387334,1,-0.387334,1,1.70744,0,1.68224,0,y3
7,9.8433734939759,-0.437723,1,-0.437723,1,1.68309,0,1.65848,0,y3
7,9.90361445783133,-0.487884,1,-0.487884,1,1.65877,0,1.63413,0,y3
7,9.96385542168675,-0.537546,1,-0.537546,1,1.63332,0,1.60919,0,y3
7,10,-0.567058,1,-0.567058,1,1.61776,0,1.59394,0,y3
7,10.0240963855422,-0.58661,1,-0.58661,1,1.60741,0,1.58365,0,y3
7,10.0843373493976,-0.635032,1,-0.635032,1,1.58108,0,1.55753,0,y3
7,10.144578313253,-0.682892,1,-0.682892,1,1.55364,0,1.5308,0,y3
7,10.2048192771084,-0.730105,1,-0.730105,1,1.52639,0,1.5035,0,y3
7,10.2650602409639,-0.776604,1,-0.776604,1,1.49823,0,1.47562,0,y3
7,10.3253012048193,-0.822375,1,-0.822375,1,1.46893,0,1.44722,0,y3
7,10.3855421686747,-0.867434,1,-0.867434,1,1.44059,0,1.41832,0,y3
7,10.4457831325301,-0.911814,1,-0.911814,1,1.40969,0,1.38896,0,y3
7,10.5060240963855,-0.955416,1,-0.955416,1,1.3789,0,1.35901,0,y3
7,10.566265060241,-0.998287,1,-0.998287,1,1.34962,0,1.32842,0,y3
7,10.6265060240964,-1.04041,1,-1.04041,1,1.31682,0,1.29716,0,y3
7,10.6867469879518,-1.08187,1,-1.08187,1,1.28414,0,1.26521,0,y3
7,10.7469879518072,-1.12257,1,-1.12257,1,1.25089,0,1.23254,0,y3
7,10.8072289156626,-1.16254,1,-1.16254,1,1.21702,0,1.19911,0,y3
7,10.8674698795181,-1.20179,1,-1.20179,1,1.1825,0,1.16491,0,y3
7,10.9277108433735,-1.24042,1,-1.24042,1,1.14727,0,1.12996,0,y3
7,10.9879518072289,-1.27835,1,-1.27835,1,1.11137,0,1.09428,0,y3
7,11,-1.28585,1,-1.28585,1,1.10411,0,1.08705,0,y3
7,11.0481927710843,-1.31555,1,-1.31555,1,1.07474,0,1.05787,0,y3
7,11.1084337349398,-1.35208,1,-1.35208,1,1.03731,0,1.02077,0,y3
7,11.1686746987952,-1.38807,1,-1.38807,1,0.99914,0,0.983009,0,y3
7,11.2289156626506,-1.42349,1,-1.42349,1,0.960184,0,0.944652,0,y3
7,11.289156626506,-1.45814,1,-1.45814,1,0.920534,0,0.905667,0,y3
7,11.3493975903614,-1.49209,1,-1.49209,1,0.880064,0,0.865904,0,y3
7,11.4096385542169,-1.52565,1,-1.52565,1,0.838702,0,0.825316,0,y3
7,11.4698795180723,-1.55897,1,-1.55897,1,0.796528,0,0.783842,0,y3
7,11.5301204819277,-1.59139,1,-1.59139,1,0.753515,0,0.741451,0,y3
7,11.5903614457831,-1.62268,1,-1.62268,1,0.709832,0,0.69814,0,y3
7,11.6506024096386,-1.65396,1,-1.65396,1,0.665317,0,0.653869,0,y3
7,11.710843373494,-1.68606,1,-1.68606,1,0.620008,0,0.608587,0,y3
7,11.7710843373494,-1.71696,1,-1.71696,1,0.573926,0,0.562378,0,y3
7,11.8313253012048,-1.74461,1,-1.74461,1,0.526777,0,0.5154,0,y3
7,11.8915662650602,-1.77294,1,-1.77294,1,0.478744,0,0.4678,0,y3
7,11.9518072289157,-1.80345,1,-1.80345,1,0.429644,0,0.419769,0,y3
7,12,-1.82714,1,-1.82714,1,0.389687,0,0.380827,0,y3
7,12.0120481927711,-1.83302,1,-1.83302,1,0.379628,0,0.370983,0,y3
7,12.0722891566265,-1.86214,1,-1.86214,1,0.328728,0,0.320945,0,y3
7,12.1325301204819,-1.88969,1,-1.88969,1,0.276835,0,0.269136,0,y3
7,12.1927710843374,-1.91743,1,-1.91743,1,0.22421,0,0.214914,0,y3
7,12.2530120481928,-1.94452,1,-1.94452,1,0.17006,0,0.1599,0,y3
7,12.3132530120482,-1.96964,1,-1.96964,1,0.114429,0,0.105974,0,y3
7,12.3734939759036,-1.99667,1,-1.99667,1,0.0577264,0,0.0519414,0,y3
7,12.433734939759,-2.02386,1,-2.02386,1,0.000608502,0,-0.00459808,0,y3
7,12.4939759036145,-2.05026,1,-2.05026,1,-0.0565125,0,-0.062608,0,y3
7,12.5542168674699,-2.07616,1,-2.07616,1,-0.11511,0,-0.120945,0,y3
7,12.6144578313253,-2.10161,1,-2.10161,1,-0.174959,0,-0.180474,0,y3
7,12.6746987951807,-2.12627,1,-2.12627,1,-0.23588,0,-0.240855,0,y3
7,12.7349397590361,-2.15241,1,-2.15241,1,-0.297835,0,-0.302344,0,y3
7,12.7951807228916,-2.17754,1,-2.17754,1,-0.360802,1,-0.36486,1,y3
7,12.855421686747,-2.20263,1,-2.20263,1,-0.424675,1,-0.428248,1,y3
7,12.9156626506024,-2.22758,1,-2.22758,1,-0.489503,1,-0.492912,1,y3
7,12.9759036144578,-2.25072,1,-2.25072,1,-0.555376,1,-0.558228,1,y3
7,13,-2.25985,1,-2.25985,1,-0.581997,1,-0.584661,1,y3
7,13.0361445783133,-2.27368,1,-2.27368,1,-0.622186,1,-0.62491,1,y3
7,13.0963855421687,-2.29751,1,-2.29751,1,-0.689889,1,-0.692499,1,y3
7,13.1566265060241,-2.32047,1,-2.32047,1,-0.75856,1,-0.760185,1,y3
7,13.2168674698795,-2.34329,1,-2.34329,1,-0.828297,1,-0.830229,1,y3
7,13.2771084337349,-2.36748,1,-2.36748,1,-0.899502,1,-0.899764,1,y3
7,13.3373493975904,-2.39194,1,-2.39194,1,-0.971895,1,-0.97294,1,y3
7,13.3975903614458,-2.41514,1,-2.41514,1,-1.04532,1,-1.0456,1,y3
7,13.4578313253012,-2.43928,1,-2.43928,1,-1.11965,1,-1.11788,1,y3
7,13.5180722891566,-2.46169,1,-2.46169,1,-1.19449,1,-1.19249,1,y3
7,13.578313253012,-2.48324,1,-2.48324,1,-1.2698,1,-1.26671,1,y3
7,13.6385542168675,-2.5071,1,-2.5071,1,-1.34578,1,-1.34466,1,y3
7,13.6987951807229,-2.52778,1,-2.52778,1,-1.42328,1,-1.42181,1,y3
7,13.7590361445783,-2.55098,1,-2.55098,1,-1.5023,1,-1.49982,1,y3
7,13.8192771084337,-2.57414,1,-2.57414,1,-1.58174,1,-1.57722,1,y3
7,13.8795180722892,-2.5964,1,-2.5964,1,-1.66207,1,-1.65986,1,y3
7,13.9397590361446,-2.61893,1,-2.61893,1,-1.74361,1,-1.74053,1,y3
7,14,-2.64092,1,-2.64092,1,-1.82577,1,-1.82148,1,y3
8,-1,-7,1,-7,1,-7,1,-7,1,y3
8,-0.9397590361445783,-7,1,-7,1,-7,1,-7,1,y3
8,-0.8795180722891567,-7,1,-7,1,-7,1,-7,1,y3
8,-0.8192771084337349,-7,1,-7,1,-7,1,-7,1,y3
8,-0.7590361445783133,-7,1,-7,1,-7,1,-7,1,y3
8,-0.6987951807228916,-7,1,-7,1,-7,1,-7,1,y3
8,-0.6385542168674698,-7,1,-7,1,-7,1,-7,1,y3
8,-0.5783132530120482,-7,1,-7,1,-7,1,-7,1,y3
8,-0.5180722891566265,-7,1,-7,1,-7,1,-7,1,y3
8,-0.4578313253012049,-7,1,-7,1,-7,1,-7,1,y3
8,-0.3975903614457832,-7,1,-7,1,-7,1,-7,1,y3
8,-0.3373493975903614,-7,1,-7,1,-7,1,-7,1,y3
8,-0.2771084337349398,-7,1,-7,1,-7,1,-7,1,y3
8,-0.2168674698795181,-7,1,-7,1,-7,1,-7,1,y3
8,-0.1566265060240963,-7,1,-7,1,-7,1,-7,1,y3
8,-0.0963855421686747,-7,1,-7,1,-7,1,-7,1,y3
8,-0.036144578313253,-7,1,-7,1,-7,1,-7,1,y3
8,0,-7,1,-7,1,-7,1,-7,1,y3
8,0.0240963855421688,-7,1,-7,1,-7,1,-7,1,y3
8,0.0843373493975903,-7,1,-7,1,-7,1,-7,1,y3
8,0.1445783132530121,-7,1,-7,1,-7,1,-7,1,y3
8,0.2048192771084336,-7,1,-7,1,-7,1,-7,1,y3
8,0.2650602409638554,-7,1,-7,1,-7,1,-7,1,y3
8,0.3253012048192772,-7,1,-7,1,-7,1,-7,1,y3
8,0.3855421686746987,-7,1,-7,1,-7,1,-7,1,y3
8,0.4457831325301205,-7,1,-7,1,-7,1,-7,1,y3
8,0.5060240963855422,-7,1,-7,1,-7,1,-7,1,y3
8,0.5662650602409638,-7,1,-7,1,-7,1,-7,1,y3
8,0.6265060240963856,-7,1,-7,1,-7,1,-7,1,y3
8,0.6867469879518073,-7,1,-7,1,-7,1,-7,1,y3
8,0.7469879518072289,-7,1,-7,1,-7,1,-7,1,y3
8,0.8072289156626506,-7,1,-7,1,-7,1,-7,1,y3
8,0.8674698795180722,-7,1,-7,1,-7,1,-7,1,y3
8,0.927710843373494,-7,1,-7,1,-7,1,-7,1,y3
8,0.9879518072289157,-7,1,-7,1,-7,1,-7,1,y3
8,1,-7,1,-7,1,-7,1,-7,1,y3
8,1.04819277108434,-7,1,-7,1,-7,1,-7,1,y3
8,1.10843373493976,-7,1,-7,1,-7,1,-7,1,y3
8,1.16867469879518,-7,1,-7,1,-7,1,-7,1,y3
8,1.2289156626506,-7,1,-7,1,-7,1,-7,1,y3
8,1.28915662650602,-7,1,-7,1,-7,1,-7,1,y3
8,1.34939759036145,-7,1,-7,1,-7,1,-7,1,y3
8,1.40963855421687,-7,1,-7,1,-7,1,-7,1,y3
8,1.46987951807229,-7,1,-7,1,-7,1,-7,1,y3
8,1.53012048192771,-7,1,-7,1,-7,1,-7,1,y3
8,1.59036144578313,-7,1,-7,1,-7,1,-7,1,y3
8,1.65060240963855,-7,1,-7,1,-7,1,-7,1,y3
8,1.71084337349398,-4.69025,1,-4.69025,1,-7,1,-7,1,y3
8,1.7710843373494,-3.62994,1,-3.62994,1,-7,1,-7,1,y3
8,1.83132530120482,-2.86293,1,-2.86293,1,-7,1,-7,1,y3
8,1.89156626506024,-2.26943,1,-2.26943,1,-7,1,-7,1,y3
8,1.95180722891566,-1.78875,1,-1.78875,1,-7,1,-7,1,y3
8,2,-1.46182,1,-1.46182,1,-7,1,-7,1,y3
8,2.01204819277108,-1.38661,1,-1.38661,1,-7,1,-7,1,y3
8,2.07228915662651,-1.04235,1,-1.04235,1,-7,1,-7,1,y3
8,2.13253012048193,-0.743012,1,-0.743012,1,-7,1,-7,1,y3
8,2.19277108433735,-0.478126,1,-0.478126,1,-7,1,-7,1,y3
8,2.25301204819277,-0.242663,0,-0.242663,0,-7,1,-7,1,y3
8,2.31325301204819,-0.030277,0,-0.030277,0,-7,1,-7,1,y3
8,2.37349397590361,0.162518,0,0.162518,0,-7,1,-7,1,y3
8,2.43373493975904,0.338668,0,0.338668,0,-7,1,-7,1,y3
8,2.49397590361446,0.500817,0,0.500817,0,-7,1,-7,1,y3
8,2.55421686746988,0.651375,0,0.651375,0,-7,1,-7,1,y3
8,2.6144578313253,0.789617,0,0.789617,0,-3.09942,1,-7,1,y3
8,2.67469879518072,0.917607,0,0.917607,0,-1.62017,1,-7,1,y3
8,2.73493975903614,1.03691,0,1.03691,0,-0.824188,1,-5.58107,1,y3
8,2.79518072289157,1.14812,0,1.14812,0,-0.283558,0,-2.51234,1,y3
8,2.85542168674699,1.25205,0,1.25205,0,0.122843,0,-1.43022,1,y3
8,2.91566265060241,1.34943,0,1.34943,0,0.446346,0,-0.769714,1,y3
8,2.97590361445783,1.44076,0,1.44076,0,0.708606,0,-0.300514,0,y3
8,3,1.47569,0,1.47569,0,0.802447,0,-0.145457,0,y3
8,3.03614457831325,1.52647,0,1.52647,0,0.932685,0,0.0615322,0,y3
8,3.09638554216868,1.60695,0,1.60695,0,1.12618,0,0.35438,0,y3
8,3.1566265060241,1.68253,0,1.68253,0,1.29564,0,0.59869,0,y3
8,3.21686746987952,1.75343,0,1.75343,0,1.44528,0,0.807142,0,y3
8,3.27710843373494,1.81992,0,1.81992,0,1.57853,0,0.988022,0,y3
8,3.33734939759036,1.88216,0,1.88216,0,1.69799,0,1.14707,0,y3
8,3.39759036144578,1.94031,0,1.94031,0,1.8056,0,1.28836,0,y3
8,3.45783132530121,1.99452,0,1.99452,0,1.90286,0,1.41488,0,y3
8,3.51807228915663,2.0449,0,2.0449,0,1.99093,0,1.52891,0,y3
8,3.57831325301205,2.09157,0,2.09157,0,2.07077,0,1.63222,0,y3
8,3.63855421686747,2.13461,0,2.13461,0,2.14312,0,1.72621,0,y3
8,3.69879518072289,2.17411,0,2.17411,0,2.20859,0,1.81199,0,y3
8,3.75903614457831,2.21017,0,2.21017,0,2.2677,0,1.89044,0,y3
8,3.81927710843373,2.24288,0,2.24288,0,2.32087,0,1.96224,0,y3
8,3.87951807228916,2.2723,0,2.2723,0,2.36854,0,2.02795,0,y3
8,3.93975903614458,2.29856,0,2.29856,0,2.41102,0,2.08806,0,y3
8,4,2.32171,0,2.32171,0,2.44865,0,2.14299,0,y3
8,4.06024096385542,2.34189,0,2.34189,0,2.4817,0,2.19304,0,y3
8,4.12048192771084,2.35923,0,2.35923,0,2.51041,0,2.23843,0,y3
8,4.18072289156626,2.37382,0,2.37382,0,2.53506,0,2.27946,0,y3
8,4.24096385542169,2.38578,0,2.38578,0,2.55589,0,2.31642,0,y3
8,4.30120481927711,2.39522,0,2.39522,0,2.5732,0,2.34959,0,y3
8,4.36144578313253,2.40227,0,2.40227,0,2.58728,0,2.37908,0,y3
8,4.42168674698795,2.40706,0,2.40706,0,2.5984,0,2.40509,0,y3
8,4.48192771084337,2.40973,0,2.40973,0,2.6068,0,2.42807,0,y3
8,4.54216867469879,2.41039,0,2.41039,0,2.61271,0,2.44811,0,y3
8,4.60240963855422,2.40917,0,2.40917,0,2.61634,0,2.46488,0,y3
8,4.66265060240964,2.40619,0,2.40619,0,2.61791,0,2.47896,0,y3
8,4.72289156626506,2.40161,0,2.40161,0,2.61761,0,2.49065,0,y3
8,4.78313253012048,2.3956,0,2.3956,0,2.61564,0,2.50018,0,y3
8,4.8433734939759,2.38823,0,2.38823,0,2.61216,0,2.50745,0,y3
8,4.90361445783132,2.37959,0,2.37959,0,2.60734,0,2.51266,0,y3
8,4.96385542168675,2.36978,0,2.36978,0,2.60132,0,2.51597,0,y3
8,5,2.36337,0,2.36337,0,2.59717,0,2.51709,0,y3
8,5.02409638554217,2.3589,0,2.3589,0,2.59419,0,2.5175,0,y3
8,5.08433734939759,2.34708,0,2.34708,0,2.58604,0,2.51744,0,y3
8,5.14457831325301,2.3344,0,2.3344,0,2.57696,0,2.51592,0,y3
8,5.20481927710843,2.32093,0,2.32093,0,2.56702,0,2.513,0,y3
8,5.26506024096386,2.30672,0,2.30672,0,2.5563,0,2.50888,0,y3
8,5.32530120481928,2.29185,0,2.29185,0,2.54486,0,2.50358,0,y3
8,5.3855421686747,2.27634,0,2.27634,0,2.53276,0,2.49722,0,y3
8,5.44578313253012,2.26027,0,2.26027,0,2.52002,0,2.48989,0,y3
8,5.50602409638554,2.24372,0,2.24372,0,2.50669,0,2.48162,0,y3
8,5.56626506024096,2.22677,0,2.22677,0,2.49279,0,2.47252,0,y3
8,5.62650602409639,2.20946,0,2.20946,0,2.47835,0,2.46262,0,y3
8,5.68674698795181,2.19181,0,2.19181,0,2.4634,0,2.45198,0,y3
8,5.74698795180723,2.17377,0,2.17377,0,2.44796,0,2.44063,0,y3
8,5.80722891566265,2.15539,0,2.15539,0,2.43205,0,2.42861,0,y3
8,5.86746987951807,2.13673,0,2.13673,0,2.41567,0,2.41596,0,y3
8,5.92771084337349,2.11781,0,2.11781,0,2.39883,0,2.40271,0,y3
8,5.98795180722892,2.09866,0,2.09866,0,2.38154,0,2.38888,0,y3
8,6,2.09481,0,2.09481,0,2.37803,0,2.38604,0,y3
8,6.04819277108434,2.0793,0,2.0793,0,2.36381,0,2.37448,0,y3
8,6.10843373493976,2.05976,0,2.05976,0,2.34563,0,2.35954,0,y3
8,6.16867469879518,2.04005,0,2.04005,0,2.32702,0,2.34408,0,y3
8,6.2289156626506,2.01988,0,2.01988,0,2.30798,0,2.32809,0,y3
8,6.28915662650602,1.9989,0,1.9989,0,2.28849,0,2.3116,0,y3
8,6.34939759036145,1.9772,0,1.9772,0,2.26856,0,2.29461,0,y3
8,6.40963855421687,1.9548,0,1.9548,0,2.24819,0,2.27712,0,y3
8,6.46987951807229,1.9317,0,1.9317,0,2.22738,0,2.25915,0,y3
8,6.53012048192771,1.90787,0,1.90787,0,2.20611,0,2.24068,0,y3
8,6.59036144578313,1.88331,0,1.88331,0,2.18439,0,2.22172,0,y3
8,6.65060240963855,1.85804,0,1.85804,0,2.16221,0,2.20228,0,y3
8,6.71084337349398,1.83206,0,1.83206,0,2.13956,0,2.18234,0,y3
8,6.7710843373494,1.80537,0,1.80537,0,2.11644,0,2.16191,0,y3
8,6.83132530120482,1.77795,0,1.77795,0,2.09284,0,2.14099,0,y3
8,6.89156626506024,1.74979,0,1.74979,0,2.06876,0,2.11956,0,y3
8,6.95180722891566,1.72091,0,1.72091,0,2.04417,0,2.09763,0,y3
8,7,1.69728,0,1.69728,0,2.02415,0,2.07971,0,y3
8,7.01204819277108,1.69129,0,1.69129,0,2.01909,0,2.07518,0,y3
8,7.07228915662651,1.66093,0,1.66093,0,1.9935,0,2.05222,0,y3
8,7.13253012048193,1.62981,0,1.62981,0,1.96739,0,2.02873,0,y3
8,7.19277108433735,1.59793,0,1.59793,0,1.94075,0,2.00471,0,y3
8,7.25301204819277,1.56529,0,1.56529,0,1.91357,0,1.98015,0,y3
8,7.31325301204819,1.53188,0,1.53188,0,1.88584,0,1.95505,0,y3
8,7.37349397590361,1.4977,0,1.4977,0,1.85756,0,1.92938,0,y3
8,7.43373493975904,1.46274,0,1.46274,0,1.82872,0,1.90315,0,y3
8,7.49397590361446,1.427,0,1.427,0,1.79929,0,1.87635,0,y3
8,7.55421686746988,1.39046,0,1.39046,0,1.76928,0,1.84896,0,y3
8,7.6144578313253,1.35313,0,1.35313,0,1.73867,0,1.82097,0,y3
8,7.67469879518072,1.31501,0,1.31501,0,1.70746,0,1.79238,0,y3
8,7.73493975903614,1.2761,0,1.2761,0,1.67563,0,1.76318,0,y3
8,7.79518072289157,1.23639,0,1.23639,0,1.64317,0,1.73335,0,y3
8,7.85542168674699,1.1959,0,1.1959,0,1.61006,0,1.70287,0,y3
8,7.91566265060241,1.15462,0,1.15462,0,1.57631,0,1.67175,0,y3
8,7.97590361445783,1.11256,0,1.11256,0,1.54189,0,1.63997,0,y3
8,8,1.09552,0,1.09552,0,1.52794,0,1.62707,0,y3
8,8.03614457831325,1.06972,0,1.06972,0,1.5068,0,1.60752,0,y3
8,8.09638554216867,1.02611,0,1.02611,0,1.47103,0,1.57437,0,y3
8,8.1566265060241,0.981747,0,0.981747,0,1.43455,0,1.54054,0,y3
8,8.21686746987952,0.936655,0,0.936655,0,1.39737,0,1.50599,0,y3
8,8.27710843373494,0.890834,0,0.890834,0,1.35946,0,1.47072,0,y3
8,8.33734939759036,0.84428,0,0.84428,0,1.32082,0,1.43471,0,y3
8,8.39759036144578,0.797038,0,0.797038,0,1.28144,0,1.39796,0,y3
8,8.45783132530121,0.749157,0,0.749157,0,1.2413,0,1.36044,0,y3
8,8.51807228915663,0.700649,0,0.700649,0,1.20039,0,1.32215,0,y3
8,8.57831325301205,0.651498,0,0.651498,0,1.15869,0,1.28308,0,y3
8,8.63855421686747,0.601739,0,0.601739,0,1.11621,0,1.24321,0,y3
8,8.69879518072289,0.551455,0,0.551455,0,1.07293,0,1.20252,0,y3
8,8.75903614457831,0.50069,0,0.50069,0,1.02883,0,1.16102,0,y3
8,8.81927710843373,0.449456,0,0.449456,0,0.983899,0,1.11867,0,y3
8,8.87951807228916,0.397774,0,0.397774,0,0.93813,0,1.07547,0,y3
8,8.93975903614458,0.345791,0,0.345791,0,0.891518,0,1.03142,0,y3
8,9,0.293579,0,0.293579,0,0.844054,0,0.986493,0,y3
8,9.06024096385542,0.241107,0,0.241107,0,0.795721,0,0.940685,0,y3
8,9.12048192771084,0.188291,0,0.188291,0,0.746504,0,0.893986,0,y3
8,9.18072289156627,0.135311,0,0.135311,0,0.696408,0,0.846378,0,y3
8,9.24096385542169,0.0823032,0,0.0823032,0,0.645431,0,0.797852,0,y3
8,9.30120481927711,0.0293333,0,0.0293333,0,0.59357,0,0.74841,0,y3
8,9.36144578313253,-0.0236153,0,-0.0236153,0,0.540816,0,0.698046,0,y3
8,9.42168674698795,-0.0763923,0,-0.0763923,0,0.48717,0,0.646753,0,y3
8,9.48192771084337,-0.12876,0,-0.12876,0,0.432636,0,0.594528,0,y3
8,9.54216867469879,-0.180753,0,-0.180753,0,0.377209,0,0.54136,0,y3
8,9.60240963855422,-0.232728,0,-0.232728,0,0.320885,0,0.487231,0,y3
8,9.66265060240964,-0.284835,0,-0.284835,0,0.263656,0,0.43214,0,y3
8,9.72289156626506,-0.336451,1,-0.336451,1,0.20554,0,0.376102,0,y3
8,9.78313253012048,-0.387334,1,-0.387334,1,0.146555,0,0.319133,0,y3
8,9.8433734939759,-0.437723,1,-0.437723,1,0.0867302,0,0.261252,0,y3
8,9.90361445783133,-0.487884,1,-0.487884,1,0.0261147,0,0.202467,0,y3
8,9.96385542168675,-0.537546,1,-0.537546,1,-0.0352816,0,0.14279,0,y3
8,10,-0.567058,1,-0.567058,1,-0.0725,0,0.106562,0,y3
8,10.0240963855422,-0.58661,1,-0.58661,1,-0.0974692,0,0.0822363,0,y3
8,10.0843373493976,-0.635032,1,-0.635032,1,-0.160434,0,0.0208347,0,y3
8,10.144578313253,-0.682892,1,-0.682892,1,-0.224153,0,-0.041361,0,y3
8,10.2048192771084,-0.730105,1,-0.730105,1,-0.288589,0,-0.104275,0,y3
8,10.2650602409639,-0.776604,1,-0.776604,1,-0.35372,1,-0.16781,0,y3
8,10.3253012048193,-0.822375,1,-0.822375,1,-0.419457,1,-0.231991,0,y3
8,10.3855421686747,-0.867434,1,-0.867434,1,-0.485611,1,-0.296842,0,y3
8,10.4457831325301,-0.911814,1,-0.911814,1,-0.55183,1,-0.362279,1,y3
8,10.5060240963855,-0.955416,1,-0.955416,1,-0.61806,1,-0.428117,1,y3
8,10.566265060241,-0.998287,1,-0.998287,1,-0.684332,1,-0.494244,1,y3
8,10.6265060240964,-1.04041,1,-1.04041,1,-0.7505,1,-0.560675,1,y3
8,10.6867469879518,-1.08187,1,-1.08187,1,-0.816476,1,-0.627327,1,y3
8,10.7469879518072,-1.12257,1,-1.12257,1,-0.88222,1,-0.693859,1,y3
8,10.8072289156626,-1.16254,1,-1.16254,1,-0.947597,1,-0.759926,1,y3
8,10.8674698795181,-1.20179,1,-1.20179,1,-1.01249,1,-0.825848,1,y3
8,10.9277108433735,-1.24042,1,-1.24042,1,-1.07688,1,-0.892055,1,y3
8,10.9879518072289,-1.27835,1,-1.27835,1,-1.14052,1,-0.95769,1,y3
8,11,-1.28585,1,-1.28585,1,-1.15313,1,-0.970609,1,y3
8,11.0481927710843,-1.31555,1,-1.31555,1,-1.20318,1,-1.02112,1,y3
8,11.1084337349398,-1.35208,1,-1.35208,1,-1.26487,1,-1.08324,1,y3
8,11.1686746987952,-1.38807,1,-1.38807,1,-1.32536,1,-1.14582,1,y3
8,11.2289156626506,-1.42349,1,-1.42349,1,-1.38432,1,-1.20742,1,y3
8,11.289156626506,-1.45814,1,-1.45814,1,-1.44176,1,-1.26777,1,y3
8,11.3493975903614,-1.49209,1,-1.49209,1,-1.49743,1,-1.32725,1,y3
8,11.4096385542169,-1.52565,1,-1.52565,1,-1.55098,1,-1.38391,1,y3
8,11.4698795180723,-1.55897,1,-1.55897,1,-1.60266,1,-1.43844,1,y3
8,11.5301204819277,-1.59139,1,-1.59139,1,-1.65257,1,-1.49383,1,y3
8,11.5903614457831,-1.62268,1,-1.62268,1,-1.70074,1,-1.54434,1,y3
8,11.6506024096386,-1.65396,1,-1.65396,1,-1.74682,1,-1.59254,1,y3
8,11.710843373494,-1.68606,1,-1.68606,1,-1.79022,1,-1.64192,1,y3
8,11.7710843373494,-1.71696,1,-1.71696,1,-1.83125,1,-1.68955,1,y3
8,11.8313253012048,-1.74461,1,-1.74461,1,-1.87073,1,-1.73433,1,y3
8,11.8915662650602,-1.77294,1,-1.77294,1,-1.90882,1,-1.77755,1,y3
8,11.9518072289157,-1.80345,1,-1.80345,1,-1.94491,1,-1.81817,1,y3
8,12,-1.82714,1,-1.82714,1,-1.97235,1,-1.85005,1,y3
8,12.0120481927711,-1.83302,1,-1.83302,1,-1.97911,1,-1.85877,1,y3
8,12.0722891566265,-1.86214,1,-1.86214,1,-2.01284,1,-1.897,1,y3
8,12.1325301204819,-1.88969,1,-1.88969,1,-2.04682,1,-1.93281,1,y3
8,12.1927710843374,-1.91743,1,-1.91743,1,-2.07918,1,-1.96823,1,y3
8,12.2530120481928,-1.94452,1,-1.94452,1,-2.10809,1,-2.00199,1,y3
8,12.3132530120482,-1.96964,1,-1.96964,1,-2.13515,1,-2.03372,1,y3
8,12.3734939759036,-1.99667,1,-1.99667,1,-2.16105,1,-2.06456,1,y3
8,12.433734939759,-2.02386,1,-2.02386,1,-2.18579,1,-2.09522,1,y3
8,12.4939759036145,-2.05026,1,-2.05026,1,-2.21008,1,-2.1242,1,y3
8,12.5542168674699,-2.07616,1,-2.07616,1,-2.23371,1,-2.15015,1,y3
8,12.6144578313253,-2.10161,1,-2.10161,1,-2.25545,1,-2.17683,1,y3
8,12.6746987951807,-2.12627,1,-2.12627,1,-2.27649,1,-2.20237,1,y3
8,12.7349397590361,-2.15241,1,-2.15241,1,-2.29705,1,-2.22693,1,y3
8,12.7951807228916,-2.17754,1,-2.17754,1,-2.31596,1,-2.25058,1,y3
8,12.855421686747,-2.20263,1,-2.20263,1,-2.3357,1,-2.27339,1,y3
8,12.9156626506024,-2.22758,1,-2.22758,1,-2.3562,1,-2.29541,1,y3
8,12.9759036144578,-2.25072,1,-2.25072,1,-2.37355,1,-2.31668,1,y3
8,13,-2.25985,1,-2.25985,1,-2.37989,1,-2.32499,1,y3
8,13.0361445783133,-2.27368,1,-2.27368,1,-2.38936,1,-2.33725,1,y3
8,13.0963855421687,-2.29751,1,-2.29751,1,-2.40472,1,-2.3572,1,y3
8,13.1566265060241,-2.32047,1,-2.32047,1,-2.41928,1,-2.37654,1,y3
8,13.2168674698795,-2.34329,1,-2.34329,1,-2.43516,1,-2.39535,1,y3
8,13.2771084337349,-2.36748,1,-2.36748,1,-2.4522,1,-2.41368,1,y3
8,13.3373493975904,-2.39194,1,-2.39194,1,-2.4668,1,-2.43149,1,y3
8,13.3975903614458,-2.41514,1,-2.41514,1,-2.47992,1,-2.44879,1,y3
8,13.4578313253012,-2.43928,1,-2.43928,1,-2.49264,1,-2.46565,1,y3
8,13.5180722891566,-2.46169,1,-2.46169,1,-2.50533,1,-2.48218,1,y3
8,13.578313253012,-2.48324,1,-2.48324,1,-2.51854,1,-2.4985,1,y3
8,13.6385542168675,-2.5071,1,-2.5071,1,-2.53195,1,-2.51454,1,y3
8,13.6987951807229,-2.52778,1,-2.52778,1,-2.54432,1,-2.53012,1,y3
8,13.7590361445783,-2.55098,1,-2.55098,1,-2.55791,1,-2.54518,1,y3
8,13.8192771084337,-2.57414,1,-2.57414,1,-2.57259,1,-2.55999,1,y3
8,13.8795180722892,-2.5964,1,-2.5964,1,-2.58409,1,-2.5749,1,y3
8,13.9397590361446,-2.61893,1,-2.61893,1,-2.59387,1,-2.59016,1,y3
8,14,-2.64092,1,-2.64092,1,-2.60425,1,-2.60532,1,y3
9,-1,-7,1,-7,1,-7,1,-7,1,y3
9,-0.9397590361445783,-7,1,-7,1,-7,1,-7,1,y3
9,-0.8795180722891567,-7,1,-7,1,-7,1,-7,1,y3
9,-0.8192771084337349,-7,1,-7,1,-7,1,-7,1,y3
9,-0.7590361445783133,-7,1,-7,1,-7,1,-7,1,y3
9,-0.6987951807228916,-7,1,-7,1,-7,1,-7,1,y3
9,-0.6385542168674698,-7,1,-7,1,-7,1,-7,1,y3
9,-0.5783132530120482,-7,1,-7,1,-7,1,-7,1,y3
9,-0.5180722891566265,-7,1,-7,1,-7,1,-7,1,y3
9,-0.4578313253012049,-7,1,-7,1,-7,1,-7,1,y3
9,-0.3975903614457832,-7,1,-7,1,-7,1,-7,1,y3
9,-0.3373493975903614,-7,1,-7,1,-7,1,-7,1,y3
9,-0.2771084337349398,-7,1,-7,1,-7,1,-7,1,y3
9,-0.2168674698795181,-7,1,-7,1,-7,1,-7,1,y3
9,-0.1566265060240963,-7,1,-7,1,-7,1,-7,1,y3
9,-0.0963855421686747,-7,1,-7,1,-7,1,-7,1,y3
9,-0.036144578313253,-7,1,-7,1,-7,1,-7,1,y3
9,0,-7,1,-7,1,-7,1,-7,1,y3
9,0.0240963855421688,-7,1,-7,1,-7,1,-7,1,y3
9,0.0843373493975903,-7,1,-7,1,-7,1,-7,1,y3
9,0.1445783132530121,-7,1,-7,1,-7,1,-7,1,y3
9,0.2048192771084336,-7,1,-7,1,-7,1,-7,1,y3
9,0.2650602409638554,-7,1,-7,1,-7,1,-7,1,y3
9,0.3253012048192772,-7,1,-7,1,-7,1,-7,1,y3
9,0.3855421686746987,-7,1,-7,1,-7,1,-7,1,y3
9,0.4457831325301205,-7,1,-7,1,-7,1,-7,1,y3
9,0.5060240963855422,-7,1,-7,1,-7,1,-7,1,y3
9,0.5662650602409638,-7,1,-7,1,-7,1,-7,1,y3
9,0.6265060240963856,-7,1,-7,1,-7,1,-7,1,y3
9,0.6867469879518073,-7,1,-7,1,-7,1,-7,1,y3
9,0.7469879518072289,-7,1,-7,1,-7,1,-7,1,y3
9,0.8072289156626506,-7,1,-7,1,-7,1,-7,1,y3
9,0.8674698795180722,-7,1,-7,1,-7,1,-7,1,y3
9,0.927710843373494,-7,1,-7,1,-7,1,-7,1,y3
9,0.9879518072289157,-7,1,-7,1,-7,1,-7,1,y3
9,1,-7,1,-7,1,-7,1,-7,1,y3
9,1.04819277108434,-7,1,-7,1,-7,1,-7,1,y3
9,1.10843373493976,-7,1,-7,1,-7,1,-7,1,y3
9,1.16867469879518,-7,1,-7,1,-7,1,-7,1,y3
9,1.2289156626506,-7,1,-7,1,-7,1,-7,1,y3
9,1.28915662650602,-7,1,-7,1,-7,1,-7,1,y3
9,1.34939759036145,-7,1,-7,1,-7,1,-7,1,y3
9,1.40963855421687,-7,1,-7,1,-7,1,-7,1,y3
9,1.46987951807229,-7,1,-7,1,-7,1,-7,1,y3
9,1.53012048192771,-7,1,-7,1,-7,1,-7,1,y3
9,1.59036144578313,-7,1,-7,1,-6.34683,1,-5.19812,1,y3
9,1.65060240963855,-7,1,-7,1,-3.73547,1,-3.71735,1,y3
9,1.71084337349398,-4.69025,1,-4.69025,1,-2.71098,1,-2.81869,1,y3
9,1.7710843373494,-3.62994,1,-3.62994,1,-1.99516,1,-2.17684,1,y3
9,1.83132530120482,-2.86293,1,-2.86293,1,-1.45113,1,-1.68145,1,y3
9,1.89156626506024,-2.26943,1,-2.26943,1,-1.01656,1,-1.27953,1,y3
9,1.95180722891566,-1.78875,1,-1.78875,1,-0.657912,1,-0.94526,1,y3
9,2,-1.46182,1,-1.46182,1,-0.406987,1,-0.710395,1,y3
9,2.01204819277108,-1.38661,1,-1.38661,1,-0.349079,1,-0.656655,1,y3
9,2.07228915662651,-1.04235,1,-1.04235,1,-0.0819348,0,-0.408141,1,y3
9,2.13253012048193,-0.743012,1,-0.743012,1,0.15316,0,-0.188889,0,y3
9,2.19277108433735,-0.478126,1,-0.478126,1,0.362303,0,0.00619401,0,y3
9,2.25301204819277,-0.242663,0,-0.242663,0,0.549941,0,0.181942,0,y3
9,2.31325301204819,-0.030277,0,-0.030277,0,0.719546,0,0.341331,0,y3
9,2.37349397590361,0.162518,0,0.162518,0,0.873796,0,0.487211,0,y3
9,2.43373493975904,0.338668,0,0.338668,0,1.01482,0,0.620925,0,y3
9,2.49397590361446,0.500817,0,0.500817,0,1.14428,0,0.743914,0,y3
9,2.55421686746988,0.651375,0,0.651375,0,1.26357,0,0.857639,0,y3
9,2.6144578313253,0.789617,0,0.789617,0,1.37376,0,0.96314,0,y3
9,2.67469879518072,0.917607,0,0.917607,0,1.47579,0,1.06128,0,y3
9,2.73493975903614,1.03691,0,1.03691,0,1.57041,0,1.1528,0,y3
9,2.79518072289157,1.14812,0,1.14812,0,1.65826,0,1.23832,0,y3
9,2.85542168674699,1.25205,0,1.25205,0,1.73987,0,1.31838,0,y3
9,2.91566265060241,1.34943,0,1.34943,0,1.81564,0,1.39342,0,y3
9,2.97590361445783,1.44076,0,1.44076,0,1.88595,0,1.46382,0,y3
9,3,1.47569,0,1.47569,0,1.91261,0,1.49076,0,y3
9,3.03614457831325,1.52647,0,1.52647,0,1.95109,0,1.52991,0,y3
9,3.09638554216868,1.60695,0,1.60695,0,2.01131,0,1.59199,0,y3
9,3.1566265060241,1.68253,0,1.68253,0,2.06684,0,1.65031,0,y3
9,3.21686746987952,1.75343,0,1.75343,0,2.11787,0,1.70509,0,y3
9,3.27710843373494,1.81992,0,1.81992,0,2.16455,0,1.75652,0,y3
9,3.33734939759036,1.88216,0,1.88216,0,2.20704,0,1.80475,0,y3
9,3.39759036144578,1.94031,0,1.94031,0,2.24549,0,1.84993,0,y3
9,3.45783132530121,1.99452,0,1.99452,0,2.28003,0,1.89218,0,y3
9,3.51807228915663,2.0449,0,2.0449,0,2.31079,0,1.93162,0,y3
9,3.57831325301205,2.09157,0,2.09157,0,2.33793,0,1.96837,0,y3
9,3.63855421686747,2.13461,0,2.13461,0,2.36161,0,2.00251,0,y3
9,3.69879518072289,2.17411,0,2.17411,0,2.38201,0,2.03413,0,y3
9,3.75903614457831,2.21017,0,2.21017,0,2.39927,0,2.06329,0,y3
9,3.81927710843373,2.24288,0,2.24288,0,2.41351,0,2.09011,0,y3
9,3.87951807228916,2.2723,0,2.2723,0,2.42486,0,2.11467,0,y3
9,3.93975903614458,2.29856,0,2.29856,0,2.43338,0,2.13701,0,y3
9,4,2.32171,0,2.32171,0,2.43916,0,2.15721,0,y3
9,4.06024096385542,2.34189,0,2.34189,0,2.44245,0,2.17536,0,y3
9,4.12048192771084,2.35923,0,2.35923,0,2.4436,0,2.19153,0,y3
9,4.18072289156626,2.37382,0,2.37382,0,2.4427,0,2.20575,0,y3
9,4.24096385542169,2.38578,0,2.38578,0,2.43979,0,2.218,0,y3
9,4.30120481927711,2.39522,0,2.39522,0,2.43498,0,2.22824,0,y3
9,4.36144578313253,2.40227,0,2.40227,0,2.42832,0,2.23641,0,y3
9,4.42168674698795,2.40706,0,2.40706,0,2.41975,0,2.24251,0,y3
9,4.48192771084337,2.40973,0,2.40973,0,2.40945,0,2.24672,0,y3
9,4.54216867469879,2.41039,0,2.41039,0,2.39752,0,2.24912,0,y3
9,4.60240963855422,2.40917,0,2.40917,0,2.38399,0,2.24982,0,y3
9,4.66265060240964,2.40619,0,2.40619,0,2.36905,0,2.24893,0,y3
9,4.72289156626506,2.40161,0,2.40161,0,2.35272,0,2.24655,0,y3
9,4.78313253012048,2.3956,0,2.3956,0,2.33505,0,2.24274,0,y3
9,4.8433734939759,2.38823,0,2.38823,0,2.31611,0,2.23744,0,y3
9,4.90361445783132,2.37959,0,2.37959,0,2.29604,0,2.23066,0,y3
9,4.96385542168675,2.36978,0,2.36978,0,2.27482,0,2.22254,0,y3
9,5,2.36337,0,2.36337,0,2.26158,0,2.21709,0,y3
9,5.02409638554217,2.3589,0,2.3589,0,2.25253,0,2.21321,0,y3
9,5.08433734939759,2.34708,0,2.34708,0,2.22918,0,2.2027,0,y3
9,5.14457831325301,2.3344,0,2.3344,0,2.20482,0,2.19102,0,y3
9,5.20481927710843,2.32093,0,2.32093,0,2.1795,0,2.17822,0,y3
9,5.26506024096386,2.30672,0,2.30672,0,2.15324,0,2.16432,0,y3
9,5.32530120481928,2.29185,0,2.29185,0,2.12606,0,2.14938,0,y3
9,5.3855421686747,2.27634,0,2.27634,0,2.09801,0,2.13345,0,y3
9,5.44578313253012,2.26027,0,2.26027,0,2.06908,0,2.1166,0,y3
9,5.50602409638554,2.24372,0,2.24372,0,2.03932,0,2.09886,0,y3
9,5.56626506024096,2.22677,0,2.22677,0,2.00874,0,2.08028,0,y3
9,5.62650602409639,2.20946,0,2.20946,0,1.97733,0,2.06086,0,y3
9,5.68674698795181,2.19181,0,2.19181,0,1.94513,0,2.04062,0,y3
9,5.74698795180723,2.17377,0,2.17377,0,1.91216,0,2.01955,0,y3
9,5.80722891566265,2.15539,0,2.15539,0,1.87841,0,1.99765,0,y3
9,5.86746987951807,2.13673,0,2.13673,0,1.84389,0,1.97499,0,y3
9,5.92771084337349,2.11781,0,2.11781,0,1.80861,0,1.9516,0,y3
9,5.98795180722892,2.09866,0,2.09866,0,1.77257,0,1.9275,0,y3
9,6,2.09481,0,2.09481,0,1.76528,0,1.9226,0,y3
9,6.04819277108434,2.0793,0,2.0793,0,1.7358,0,1.9027,0,y3
9,6.10843373493976,2.05976,0,2.05976,0,1.69829,0,1.87719,0,y3
9,6.16867469879518,2.04005,0,2.04005,0,1.66005,0,1.851,0,y3
9,6.2289156626506,2.01988,0,2.01988,0,1.62108,0,1.82415,0,y3
9,6.28915662650602,1.9989,0,1.9989,0,1.58142,0,1.79665,0,y3
9,6.34939759036145,1.9772,0,1.9772,0,1.54105,0,1.7685,0,y3
9,6.40963855421687,1.9548,0,1.9548,0,1.49991,0,1.73973,0,y3
9,6.46987951807229,1.9317,0,1.9317,0,1.45811,0,1.71032,0,y3
9,6.53012048192771,1.90787,0,1.90787,0,1.41564,0,1.68026,0,y3
9,6.59036144578313,1.88331,0,1.88331,0,1.37253,0,1.64957,0,y3
9,6.65060240963855,1.85804,0,1.85804,0,1.32878,0,1.61828,0,y3
9,6.71084337349398,1.83206,0,1.83206,0,1.28431,0,1.5864,0,y3
9,6.7710843373494,1.80537,0,1.80537,0,1.23923,0,1.55397,0,y3
9,6.83132530120482,1.77795,0,1.77795,0,1.1935,0,1.521,0,y3
9,6.89156626506024,1.74979,0,1.74979,0,1.14716,0,1.48746,0,y3
9,6.95180722891566,1.72091,0,1.72091,0,1.10023,0,1.45338,0,y3
9,7,1.69728,0,1.69728,0,1.06228,0,1.42572,0,y3
9,7.01204819277108,1.69129,0,1.69129,0,1.05273,0,1.41876,0,y3
9,7.07228915662651,1.66093,0,1.66093,0,1.00468,0,1.3836,0,y3
9,7.13253012048193,1.62981,0,1.62981,0,0.956108,0,1.34793,0,y3
9,7.19277108433735,1.59793,0,1.59793,0,0.907029,0,1.31175,0,y3
9,7.25301204819277,1.56529,0,1.56529,0,0.85749,0,1.27509,0,y3
9,7.31325301204819,1.53188,0,1.53188,0,0.807515,0,1.23795,0,y3
9,7.37349397590361,1.4977,0,1.4977,0,0.757111,0,1.20035,0,y3
9,7.43373493975904,1.46274,0,1.46274,0,0.706332,0,1.16229,0,y3
9,7.49397590361446,1.427,0,1.427,0,0.655213,0,1.12379,0,y3
9,7.55421686746988,1.39046,0,1.39046,0,0.603792,0,1.08488,0,y3
9,7.6144578313253,1.35313,0,1.35313,0,0.552108,0,1.04557,0,y3
9,7.67469879518072,1.31501,0,1.31501,0,0.500202,0,1.00588,0,y3
9,7.73493975903614,1.2761,0,1.2761,0,0.448129,0,0.965837,0,y3
9,7.79518072289157,1.23639,0,1.23639,0,0.395957,0,0.925461,0,y3
9,7.85542168674699,1.1959,0,1.1959,0,0.343768,0,0.884761,0,y3
9,7.91566265060241,1.15462,0,1.15462,0,0.291561,0,0.843782,0,y3
9,7.97590361445783,1.11256,0,1.11256,0,0.239364,0,0.802555,0,y3
9,8,1.09552,0,1.09552,0,0.218497,0,0.785997,0,y3
9,8.03614457831325,1.06972,0,1.06972,0,0.187221,0,0.761095,0,y3
9,8.09638554216867,1.02611,0,1.02611,0,0.135196,0,0.719447,0,y3
9,8.1566265060241,0.981747,0,0.981747,0,0.0833211,0,0.677627,0,y3
9,8.21686746987952,0.936655,0,0.936655,0,0.0316775,0,0.635643,0,y3
9,8.27710843373494,0.890834,0,0.890834,0,-0.019579,0,0.593573,0,y3
9,8.33734939759036,0.84428,0,0.84428,0,-0.0701972,0,0.551445,0,y3
9,8.39759036144578,0.797038,0,0.797038,0,-0.120194,0,0.509275,0,y3
9,8.45783132530121,0.749157,0,0.749157,0,-0.169597,0,0.467113,0,y3
9,8.51807228915663,0.700649,0,0.700649,0,-0.218347,0,0.424943,0,y3
9,8.57831325301205,0.651498,0,0.651498,0,-0.266352,0,0.382784,0,y3
9,8.63855421686747,0.601739,0,0.601739,0,-0.313666,1,0.340769,0,y3
9,8.69879518072289,0.551455,0,0.551455,0,-0.360419,1,0.298929,0,y3
9,8.75903614457831,0.50069,0,0.50069,0,-0.406676,1,0.257261,0,y3
9,8.81927710843373,0.449456,0,0.449456,0,-0.452354,1,0.215709,0,y3
9,8.87951807228916,0.397774,0,0.397774,0,-0.497235,1,0.174133,0,y3
9,8.93975903614458,0.345791,0,0.345791,0,-0.541112,1,0.132645,0,y3
9,9,0.293579,0,0.293579,0,-0.584227,1,0.0915071,0,y3
9,9.06024096385542,0.241107,0,0.241107,0,-0.626781,1,0.0508404,0,y3
9,9.12048192771084,0.188291,0,0.188291,0,-0.668649,1,0.0106006,0,y3
9,9.18072289156627,0.135311,0,0.135311,0,-0.709319,1,-0.0293573,0,y3
9,9.24096385542169,0.0823032,0,0.0823032,0,-0.748215,1,-0.0692155,0,y3
9,9.30120481927711,0.0293333,0,0.0293333,0,-0.786127,1,-0.108757,0,y3
9,9.36144578313253,-0.0236153,0,-0.0236153,0,-0.824316,1,-0.147794,0,y3
9,9.42168674698795,-0.0763923,0,-0.0763923,0,-0.863351,1,-0.186266,0,y3
9,9.48192771084337,-0.12876,0,-0.12876,0,-0.900571,1,-0.224339,0,y3
9,9.54216867469879,-0.180753,0,-0.180753,0,-0.935195,1,-0.262151,0,y3
9,9.60240963855422,-0.232728,0,-0.232728,0,-0.969165,1,-0.29961,0,y3
9,9.66265060240964,-0.284835,0,-0.284835,0,-1.00256,1,-0.336665,1,y3
9,9.72289156626506,-0.336451,1,-0.336451,1,-1.03439,1,-0.373256,1,y3
9,9.78313253012048,-0.387334,1,-0.387334,1,-1.06617,1,-0.409365,1,y3
9,9.8433734939759,-0.437723,1,-0.437723,1,-1.09931,1,-0.444986,1,y3
9,9.90361445783133,-0.487884,1,-0.487884,1,-1.13003,1,-0.48007,1,y3
9,9.96385542168675,-0.537546,1,-0.537546,1,-1.15782,1,-0.514628,1,y3
9,10,-0.567058,1,-0.567058,1,-1.17589,1,-0.535098,1,y3
9,10.0240963855422,-0.58661,1,-0.58661,1,-1.18807,1,-0.54863,1,y3
9,10.0843373493976,-0.635032,1,-0.635032,1,-1.21728,1,-0.582069,1,y3
9,10.144578313253,-0.682892,1,-0.682892,1,-1.24636,1,-0.614983,1,y3
9,10.2048192771084,-0.730105,1,-0.730105,1,-1.27326,1,-0.64732,1,y3
9,10.2650602409639,-0.776604,1,-0.776604,1,-1.29991,1,-0.67911,1,y3
9,10.3253012048193,-0.822375,1,-0.822375,1,-1.32642,1,-0.710359,1,y3
9,10.3855421686747,-0.867434,1,-0.867434,1,-1.35023,1,-0.741045,1,y3
9,10.4457831325301,-0.911814,1,-0.911814,1,-1.3759,1,-0.771215,1,y3
9,10.5060240963855,-0.955416,1,-0.955416,1,-1.40109,1,-0.800843,1,y3
9,10.566265060241,-0.998287,1,-0.998287,1,-1.4244,1,-0.829941,1,y3
9,10.6265060240964,-1.04041,1,-1.04041,1,-1.448,1,-0.858541,1,y3
9,10.6867469879518,-1.08187,1,-1.08187,1,-1.47112,1,-0.886615,1,y3
9,10.7469879518072,-1.12257,1,-1.12257,1,-1.49243,1,-0.914203,1,y3
9,10.8072289156626,-1.16254,1,-1.16254,1,-1.51645,1,-0.941306,1,y3
9,10.8674698795181,-1.20179,1,-1.20179,1,-1.53596,1,-0.967921,1,y3
9,10.9277108433735,-1.24042,1,-1.24042,1,-1.55801,1,-0.994089,1,y3
9,10.9879518072289,-1.27835,1,-1.27835,1,-1.57865,1,-1.01979,1,y3
9,11,-1.28585,1,-1.28585,1,-1.58296,1,-1.02488,1,y3
9,11.0481927710843,-1.31555,1,-1.31555,1,-1.59882,1,-1.04505,1,y3
9,11.1084337349398,-1.35208,1,-1.35208,1,-1.61872,1,-1.06989,1,y3
9,11.1686746987952,-1.38807,1,-1.38807,1,-1.63837,1,-1.0943,1,y3
9,11.2289156626506,-1.42349,1,-1.42349,1,-1.65787,1,-1.11831,1,y3
9,11.289156626506,-1.45814,1,-1.45814,1,-1.67733,1,-1.14193,1,y3
9,11.3493975903614,-1.49209,1,-1.49209,1,-1.69669,1,-1.16516,1,y3
9,11.4096385542169,-1.52565,1,-1.52565,1,-1.71489,1,-1.18803,1,y3
9,11.4698795180723,-1.55897,1,-1.55897,1,-1.73305,1,-1.21054,1,y3
9,11.5301204819277,-1.59139,1,-1.59139,1,-1.75101,1,-1.23272,1,y3
9,11.5903614457831,-1.62268,1,-1.62268,1,-1.76876,1,-1.25456,1,y3
9,11.6506024096386,-1.65396,1,-1.65396,1,-1.7863,1,-1.27608,1,y3
9,11.710843373494,-1.68606,1,-1.68606,1,-1.80364,1,-1.29727,1,y3
9,11.7710843373494,-1.71696,1,-1.71696,1,-1.82077,1,-1.31817,1,y3
9,11.8313253012048,-1.74461,1,-1.74461,1,-1.83774,1,-1.33881,1,y3
9,11.8915662650602,-1.77294,1,-1.77294,1,-1.85455,1,-1.35921,1,y3
9,11.9518072289157,-1.80345,1,-1.80345,1,-1.87117,1,-1.37935,1,y3
9,12,-1.82714,1,-1.82714,1,-1.88435,1,-1.39528,1,y3
9,12.0120481927711,-1.83302,1,-1.83302,1,-1.88762,1,-1.39924,1,y3
9,12.0722891566265,-1.86214,1,-1.86214,1,-1.9039,1,-1.41889,1,y3
9,12.1325301204819,-1.88969,1,-1.88969,1,-1.92005,1,-1.43832,1,y3
9,12.1927710843374,-1.91743,1,-1.91743,1,-1.93611,1,-1.45746,1,y3
9,12.2530120481928,-1.94452,1,-1.94452,1,-1.95212,1,-1.47631,1,y3
9,12.3132530120482,-1.96964,1,-1.96964,1,-1.96805,1,-1.49488,1,y3
9,12.3734939759036,-1.99667,1,-1.99667,1,-1.98385,1,-1.51317,1,y3
9,12.433734939759,-2.02386,1,-2.02386,1,-1.99951,1,-1.53135,1,y3
9,12.4939759036145,-2.05026,1,-2.05026,1,-2.01503,1,-1.54953,1,y3
9,12.5542168674699,-2.07616,1,-2.07616,1,-2.03048,1,-1.56783,1,y3
9,12.6144578313253,-2.10161,1,-2.10161,1,-2.0459,1,-1.58634,1,y3
9,12.6746987951807,-2.12627,1,-2.12627,1,-2.0613,1,-1.60467,1,y3
9,12.7349397590361,-2.15241,1,-2.15241,1,-2.07659,1,-1.62253,1,y3
9,12.7951807228916,-2.17754,1,-2.17754,1,-2.09167,1,-1.63971,1,y3
9,12.855421686747,-2.20263,1,-2.20263,1,-2.10649,1,-1.65601,1,y3
9,12.9156626506024,-2.22758,1,-2.22758,1,-2.12117,1,-1.67218,1,y3
9,12.9759036144578,-2.25072,1,-2.25072,1,-2.13591,1,-1.68892,1,y3
9,13,-2.25985,1,-2.25985,1,-2.14184,1,-1.69588,1,y3
9,13.0361445783133,-2.27368,1,-2.27368,1,-2.15081,1,-1.70639,1,y3
9,13.0963855421687,-2.29751,1,-2.29751,1,-2.16594,1,-1.72374,1,y3
9,13.1566265060241,-2.32047,1,-2.32047,1,-2.18115,1,-1.74048,1,y3
9,13.2168674698795,-2.34329,1,-2.34329,1,-2.19644,1,-1.75685,1,y3
9,13.2771084337349,-2.36748,1,-2.36748,1,-2.21176,1,-1.77321,1,y3
9,13.3373493975904,-2.39194,1,-2.39194,1,-2.22696,1,-1.78966,1,y3
9,13.3975903614458,-2.41514,1,-2.41514,1,-2.24188,1,-1.80603,1,y3
9,13.4578313253012,-2.43928,1,-2.43928,1,-2.25639,1,-1.82226,1,y3
9,13.5180722891566,-2.46169,1,-2.46169,1,-2.27073,1,-1.83837,1,y3
9,13.578313253012,-2.48324,1,-2.48324,1,-2.28526,1,-1.85446,1,y3
9,13.6385542168675,-2.5071,1,-2.5071,1,-2.3002,1,-1.87054,1,y3
9,13.6987951807229,-2.52778,1,-2.52778,1,-2.31554,1,-1.88653,1,y3
9,13.7590361445783,-2.55098,1,-2.55098,1,-2.33069,1,-1.90238,1,y3
9,13.8192771084337,-2.57414,1,-2.57414,1,-2.34534,1,-1.91815,1,y3
9,13.8795180722892,-2.5964,1,-2.5964,1,-2.3593,1,-1.93393,1,y3
9,13.9397590361446,-2.61893,1,-2.61893,1,-2.3732,1,-1.94977,1,y3
9,14,-2.64092,1,-2.64092,1,-2.38748,1,-1.96551,1,y3
10,-1,-7,1,-7,1,-7,1,-7,1,y3
10,-0.9397590361445783,-7,1,-7,1,-7,1,-7,1,y3
10,-0.8795180722891567,-7,1,-7,1,-7,1,-7,1,y3
10,-0.8192771084337349,-7,1,-7,1,-7,1,-7,1,y3
10,-0.7590361445783133,-7,1,-7,1,-7,1,-7,1,y3
10,-0.6987951807228916,-7,1,-7,1,-7,1,-7,1,y3
10,-0.6385542168674698,-7,1,-7,1,-7,1,-7,1,y3
10,-0.5783132530120482,-7,1,-7,1,-7,1,-7,1,y3
10,-0.5180722891566265,-7,1,-7,1,-7,1,-7,1,y3
10,-0.4578313253012049,-7,1,-7,1,-7,1,-7,1,y3
10,-0.3975903614457832,-7,1,-7,1,-7,1,-7,1,y3
10,-0.3373493975903614,-7,1,-7,1,-7,1,-7,1,y3
10,-0.2771084337349398,-7,1,-7,1,-7,1,-7,1,y3
10,-0.2168674698795181,-7,1,-7,1,-7,1,-7,1,y3
10,-0.1566265060240963,-7,1,-7,1,-7,1,-7,1,y3
10,-0.0963855421686747,-7,1,-7,1,-7,1,-7,1,y3
10,-0.036144578313253,-7,1,-7,1,-7,1,-7,1,y3
10,0,-7,1,-7,1,-7,1,-7,1,y3
10,0.0240963855421688,-7,1,-7,1,-7,1,-7,1,y3
10,0.0843373493975903,-7,1,-7,1,-7,1,-7,1,y3
10,0.1445783132530121,-7,1,-7,1,-7,1,-7,1,y3
10,0.2048192771084336,-7,1,-7,1,-7,1,-7,1,y3
10,0.2650602409638554,-7,1,-7,1,-7,1,-7,1,y3
10,0.3253012048192772,-7,1,-7,1,-7,1,-7,1,y3
10,0.3855421686746987,-7,1,-7,1,-7,1,-7,1,y3
10,0.4457831325301205,-7,1,-7,1,-7,1,-7,1,y3
10,0.5060240963855422,-7,1,-7,1,-7,1,-7,1,y3
10,0.5662650602409638,-7,1,-7,1,-7,1,-7,1,y3
10,0.6265060240963856,-7,1,-7,1,-7,1,-7,1,y3
10,0.6867469879518073,-7,1,-7,1,-7,1,-7,1,y3
10,0.7469879518072289,-7,1,-7,1,-7,1,-7,1,y3
10,0.8072289156626506,-7,1,-7,1,-7,1,-7,1,y3
10,0.8674698795180722,-7,1,-7,1,-7,1,-7,1,y3
10,0.927710843373494,-7,1,-7,1,-7,1,-7,1,y3
10,0.9879518072289157,-7,1,-7,1,-7,1,-7,1,y3
10,1,-7,1,-7,1,-7,1,-7,1,y3
10,1.04819277108434,-7,1,-7,1,-7,1,-7,1,y3
10,1.10843373493976,-7,1,-7,1,-7,1,-7,1,y3
10,1.16867469879518,-7,1,-7,1,-7,1,-7,1,y3
10,1.2289156626506,-7,1,-7,1,-7,1,-7,1,y3
10,1.28915662650602,-7,1,-7,1,-7,1,-7,1,y3
10,1.34939759036145,-7,1,-7,1,-7,1,-7,1,y3
10,1.40963855421687,-7,1,-7,1,-2.92666,1,-3.73618,1,y3
10,1.46987951807229,-7,1,-7,1,-1.66079,1,-2.13027,1,y3
10,1.53012048192771,-7,1,-7,1,-0.865851,1,-1.21117,1,y3
10,1.59036144578313,-7,1,-7,1,-0.292002,0,-0.57104,1,y3
10,1.65060240963855,-7,1,-7,1,0.153248,0,-0.0847998,0,y3
10,1.71084337349398,-4.69025,1,-4.69025,1,0.514718,0,0.304313,0,y3
10,1.7710843373494,-3.62994,1,-3.62994,1,0.816068,0,0.626333,0,y3
10,1.83132530120482,-2.86293,1,-2.86293,1,1.07364,0,0.89925,0,y3
10,1.89156626506024,-2.26943,1,-2.26943,1,1.29607,0,1.1346,0,y3
10,1.95180722891566,-1.78875,1,-1.78875,1,1.49116,0,1.34014,0,y3
10,2,-1.46182,1,-1.46182,1,1.63059,0,1.48689,0,y3
10,2.01204819277108,-1.38661,1,-1.38661,1,1.66284,0,1.52142,0,y3
10,2.07228915662651,-1.04235,1,-1.04235,1,1.81452,0,1.68267,0,y3
10,2.13253012048193,-0.743012,1,-0.743012,1,1.95081,0,1.82667,0,y3
10,2.19277108433735,-0.478126,1,-0.478126,1,2.07145,0,1.95516,0,y3
10,2.25301204819277,-0.242663,0,-0.242663,0,2.17657,0,2.07007,0,y3
10,2.31325301204819,-0.030277,0,-0.030277,0,2.27151,0,2.17292,0,y3
10,2.37349397590361,0.162518,0,0.162518,0,2.35606,0,2.26505,0,y3
10,2.43373493975904,0.338668,0,0.338668,0,2.43039,0,2.3467,0,y3
10,2.49397590361446,0.500817,0,0.500817,0,2.49476,0,2.41734,0,y3
10,2.55421686746988,0.651375,0,0.651375,0,2.54953,0,2.47849,0,y3
10,2.6144578313253,0.789617,0,0.789617,0,2.59523,0,2.52991,0,y3
10,2.67469879518072,0.917607,0,0.917607,0,2.63242,0,2.57358,0,y3
10,2.73493975903614,1.03691,0,1.03691,0,2.66165,0,2.60908,0,y3
10,2.79518072289157,1.14812,0,1.14812,0,2.68346,0,2.63789,0,y3
10,2.85542168674699,1.25205,0,1.25205,0,2.69854,0,2.66058,0,y3
10,2.91566265060241,1.34943,0,1.34943,0,2.70744,0,2.67649,0,y3
10,2.97590361445783,1.44076,0,1.44076,0,2.71085,0,2.6862,0,y3
10,3,1.47569,0,1.47569,0,2.71079,0,2.68852,0,y3
10,3.03614457831325,1.52647,0,1.52647,0,2.70928,0,2.6905,0,y3
10,3.09638554216868,1.60695,0,1.60695,0,2.70322,0,2.68987,0,y3
10,3.1566265060241,1.68253,0,1.68253,0,2.69321,0,2.68486,0,y3
10,3.21686746987952,1.75343,0,1.75343,0,2.67969,0,2.67615,0,y3
10,3.27710843373494,1.81992,0,1.81992,0,2.66305,0,2.66436,0,y3
10,3.33734939759036,1.88216,0,1.88216,0,2.64371,0,2.64947,0,y3
10,3.39759036144578,1.94031,0,1.94031,0,2.622,0,2.63188,0,y3
10,3.45783132530121,1.99452,0,1.99452,0,2.59819,0,2.6119,0,y3
10,3.51807228915663,2.0449,0,2.0449,0,2.57256,0,2.58983,0,y3
10,3.57831325301205,2.09157,0,2.09157,0,2.54532,0,2.56592,0,y3
10,3.63855421686747,2.13461,0,2.13461,0,2.51669,0,2.54041,0,y3
10,3.69879518072289,2.17411,0,2.17411,0,2.48684,0,2.51349,0,y3
10,3.75903614457831,2.21017,0,2.21017,0,2.45593,0,2.48534,0,y3
10,3.81927710843373,2.24288,0,2.24288,0,2.42408,0,2.45611,0,y3
10,3.87951807228916,2.2723,0,2.2723,0,2.39143,0,2.42594,0,y3
10,3.93975903614458,2.29856,0,2.29856,0,2.35807,0,2.39494,0,y3
10,4,2.32171,0,2.32171,0,2.32408,0,2.36321,0,y3
10,4.06024096385542,2.34189,0,2.34189,0,2.28955,0,2.33085,0,y3
10,4.12048192771084,2.35923,0,2.35923,0,2.25454,0,2.29794,0,y3
10,4.18072289156626,2.37382,0,2.37382,0,2.21912,0,2.26455,0,y3
10,4.24096385542169,2.38578,0,2.38578,0,2.18334,0,2.23073,0,y3
10,4.30120481927711,2.39522,0,2.39522,0,2.14726,0,2.19656,0,y3
10,4.36144578313253,2.40227,0,2.40227,0,2.11093,0,2.16207,0,y3
10,4.42168674698795,2.40706,0,2.40706,0,2.07438,0,2.12731,0,y3
10,4.48192771084337,2.40973,0,2.40973,0,2.03764,0,2.09233,0,y3
10,4.54216867469879,2.41039,0,2.41039,0,2.00075,0,2.05715,0,y3
10,4.60240963855422,2.40917,0,2.40917,0,1.96374,0,2.02182,0,y3
10,4.66265060240964,2.40619,0,2.40619,0,1.92664,0,1.98635,0,y3
10,4.72289156626506,2.40161,0,2.40161,0,1.88947,0,1.95077,0,y3
10,4.78313253012048,2.3956,0,2.3956,0,1.85226,0,1.91512,0,y3
10,4.8433734939759,2.38823,0,2.38823,0,1.81503,0,1.87941,0,y3
10,4.90361445783132,2.37959,0,2.37959,0,1.7778,0,1.84367,0,y3
10,4.96385542168675,2.36978,0,2.36978,0,1.74058,0,1.80791,0,y3
10,5,2.36337,0,2.36337,0,1.71826,0,1.78646,0,y3
10,5.02409638554217,2.3589,0,2.3589,0,1.7034,0,1.77216,0,y3
10,5.08433734939759,2.34708,0,2.34708,0,1.66627,0,1.73642,0,y3
10,5.14457831325301,2.3344,0,2.3344,0,1.6292,0,1.70072,0,y3
10,5.20481927710843,2.32093,0,2.32093,0,1.59222,0,1.66508,0,y3
10,5.26506024096386,2.30672,0,2.30672,0,1.55535,0,1.6295,0,y3
10,5.32530120481928,2.29185,0,2.29185,0,1.51859,0,1.59401,0,y3
10,5.3855421686747,2.27634,0,2.27634,0,1.48196,0,1.55862,0,y3
10,5.44578313253012,2.26027,0,2.26027,0,1.44547,0,1.52334,0,y3
10,5.50602409638554,2.24372,0,2.24372,0,1.40913,0,1.48818,0,y3
10,5.56626506024096,2.22677,0,2.22677,0,1.37296,0,1.45317,0,y3
10,5.62650602409639,2.20946,0,2.20946,0,1.33701,0,1.41831,0,y3
10,5.68674698795181,2.19181,0,2.19181,0,1.30126,0,1.38361,0,y3
10,5.74698795180723,2.17377,0,2.17377,0,1.26574,0,1.3491,0,y3
10,5.80722891566265,2.15539,0,2.15539,0,1.23046,0,1.31478,0,y3
10,5.86746987951807,2.13673,0,2.13673,0,1.1954,0,1.28066,0,y3
10,5.92771084337349,2.11781,0,2.11781,0,1.16059,0,1.24677,0,y3
10,5.98795180722892,2.09866,0,2.09866,0,1.12605,0,1.21313,0,y3
10,6,2.09481,0,2.09481,0,1.11918,0,1.20643,0,y3
10,6.04819277108434,2.0793,0,2.0793,0,1.09181,0,1.17973,0,y3
10,6.10843373493976,2.05976,0,2.05976,0,1.05788,0,1.1466,0,y3
10,6.16867469879518,2.04005,0,2.04005,0,1.02427,0,1.11374,0,y3
10,6.2289156626506,2.01988,0,2.01988,0,0.990987,0,1.08119,0,y3
10,6.28915662650602,1.9989,0,1.9989,0,0.95806,0,1.04893,0,y3
10,6.34939759036145,1.9772,0,1.9772,0,0.925512,0,1.017,0,y3
10,6.40963855421687,1.9548,0,1.9548,0,0.893361,0,0.98541,0,y3
10,6.46987951807229,1.9317,0,1.9317,0,0.861616,0,0.954171,0,y3
10,6.53012048192771,1.90787,0,1.90787,0,0.83031,0,0.923293,0,y3
10,6.59036144578313,1.88331,0,1.88331,0,0.79943,0,0.892801,0,y3
10,6.65060240963855,1.85804,0,1.85804,0,0.769002,0,0.862715,0,y3
10,6.71084337349398,1.83206,0,1.83206,0,0.739021,0,0.833036,0,y3
10,6.7710843373494,1.80537,0,1.80537,0,0.709494,0,0.803783,0,y3
10,6.83132530120482,1.77795,0,1.77795,0,0.680478,0,0.774983,0,y3
10,6.89156626506024,1.74979,0,1.74979,0,0.651979,0,0.746639,0,y3
10,6.95180722891566,1.72091,0,1.72091,0,0.624038,0,0.718756,0,y3
10,7,1.69728,0,1.69728,0,0.602096,0,0.696793,0,y3
10,7.01204819277108,1.69129,0,1.69129,0,0.596667,0,0.691352,0,y3
10,7.07228915662651,1.66093,0,1.66093,0,0.569871,0,0.664442,0,y3
10,7.13253012048193,1.62981,0,1.62981,0,0.543649,0,0.638027,0,y3
10,7.19277108433735,1.59793,0,1.59793,0,0.517975,0,0.61212,0,y3
10,7.25301204819277,1.56529,0,1.56529,0,0.492876,0,0.58674,0,y3
10,7.31325301204819,1.53188,0,1.53188,0,0.468336,0,0.561895,0,y3
10,7.37349397590361,1.4977,0,1.4977,0,0.44438,0,0.53759,0,y3
10,7.43373493975904,1.46274,0,1.46274,0,0.421043,0,0.513839,0,y3
10,7.49397590361446,1.427,0,1.427,0,0.398328,0,0.490664,0,y3
10,7.55421686746988,1.39046,0,1.39046,0,0.376244,0,0.468059,0,y3
10,7.6144578313253,1.35313,0,1.35313,0,0.354778,0,0.446033,0,y3
10,7.67469879518072,1.31501,0,1.31501,0,0.333934,0,0.424598,0,y3
10,7.73493975903614,1.2761,0,1.2761,0,0.313705,0,0.403761,0,y3
10,7.79518072289157,1.23639,0,1.23639,0,0.294083,0,0.383513,0,y3
10,7.85542168674699,1.1959,0,1.1959,0,0.275086,0,0.363857,0,y3
10,7.91566265060241,1.15462,0,1.15462,0,0.256706,0,0.344797,0,y3
10,7.97590361445783,1.11256,0,1.11256,0,0.238962,0,0.326328,0,y3
10,8,1.09552,0,1.09552,0,0.232045,0,0.319105,0,y3
10,8.03614457831325,1.06972,0,1.06972,0,0.221862,0,0.308446,0,y3
10,8.09638554216867,1.02611,0,1.02611,0,0.205398,0,0.291154,0,y3
10,8.1566265060241,0.981747,0,0.981747,0,0.189557,0,0.274455,0,y3
10,8.21686746987952,0.936655,0,0.936655,0,0.174319,0,0.258349,0,y3
10,8.27710843373494,0.890834,0,0.890834,0,0.159693,0,0.242847,0,y3
10,8.33734939759036,0.84428,0,0.84428,0,0.145673,0,0.227964,0,y3
10,8.39759036144578,0.797038,0,0.797038,0,0.132255,0,0.213683,0,y3
10,8.45783132530121,0.749157,0,0.749157,0,0.119435,0,0.199983,0,y3
10,8.51807228915663,0.700649,0,0.700649,0,0.107202,0,0.186849,0,y3
10,8.57831325301205,0.651498,0,0.651498,0,0.0955622,0,0.174269,0,y3
10,8.63855421686747,0.601739,0,0.601739,0,0.0845047,0,0.162256,0,y3
10,8.69879518072289,0.551455,0,0.551455,0,0.0739348,0,0.15082,0,y3
10,8.75903614457831,0.50069,0,0.50069,0,0.0637284,0,0.139975,0,y3
10,8.81927710843373,0.449456,0,0.449456,0,0.0536327,0,0.129473,0,y3
10,8.87951807228916,0.397774,0,0.397774,0,0.0430105,0,0.118901,0,y3
10,8.93975903614458,0.345791,0,0.345791,0,0.0313646,0,0.107838,0,y3
10,9,0.293579,0,0.293579,0,0.0188741,0,0.0958685,0,y3
10,9.06024096385542,0.241107,0,0.241107,0,0.00573114,0,0.0832009,0,y3
10,9.12048192771084,0.188291,0,0.188291,0,-0.00800101,0,0.069933,0,y3
10,9.18072289156627,0.135311,0,0.135311,0,-0.0222527,0,0.0562088,0,y3
10,9.24096385542169,0.0823032,0,0.0823032,0,-0.0369499,0,0.0420281,0,y3
10,9.30120481927711,0.0293333,0,0.0293333,0,-0.052084,0,0.0271944,0,y3
10,9.36144578313253,-0.0236153,0,-0.0236153,0,-0.0677326,0,0.0116536,0,y3
10,9.42168674698795,-0.0763923,0,-0.0763923,0,-0.0841244,0,-0.00463776,0,y3
10,9.48192771084337,-0.12876,0,-0.12876,0,-0.101199,0,-0.0215471,0,y3
10,9.54216867469879,-0.180753,0,-0.180753,0,-0.118855,0,-0.0389073,0,y3
10,9.60240963855422,-0.232728,0,-0.232728,0,-0.137086,0,-0.0565021,0,y3
10,9.66265060240964,-0.284835,0,-0.284835,0,-0.155909,0,-0.0742526,0,y3
10,9.72289156626506,-0.336451,1,-0.336451,1,-0.175274,0,-0.0924888,0,y3
10,9.78313253012048,-0.387334,1,-0.387334,1,-0.195203,0,-0.111445,0,y3
10,9.8433734939759,-0.437723,1,-0.437723,1,-0.215652,0,-0.131439,0,y3
10,9.90361445783133,-0.487884,1,-0.487884,1,-0.236629,0,-0.152163,0,y3
10,9.96385542168675,-0.537546,1,-0.537546,1,-0.25813,0,-0.17314,0,y3
10,10,-0.567058,1,-0.567058,1,-0.271271,0,-0.185791,0,y3
10,10.0240963855422,-0.58661,1,-0.58661,1,-0.280128,0,-0.194283,0,y3
10,10.0843373493976,-0.635032,1,-0.635032,1,-0.302602,0,-0.215775,0,y3
10,10.144578313253,-0.682892,1,-0.682892,1,-0.325521,1,-0.237687,0,y3
10,10.2048192771084,-0.730105,1,-0.730105,1,-0.348883,1,-0.259957,0,y3
10,10.2650602409639,-0.776604,1,-0.776604,1,-0.372681,1,-0.282593,0,y3
10,10.3253012048193,-0.822375,1,-0.822375,1,-0.39689,1,-0.305685,0,y3
10,10.3855421686747,-0.867434,1,-0.867434,1,-0.421476,1,-0.329303,1,y3
10,10.4457831325301,-0.911814,1,-0.911814,1,-0.446428,1,-0.353334,1,y3
10,10.5060240963855,-0.955416,1,-0.955416,1,-0.471723,1,-0.377653,1,y3
10,10.566265060241,-0.998287,1,-0.998287,1,-0.497325,1,-0.40237,1,y3
10,10.6265060240964,-1.04041,1,-1.04041,1,-0.523188,1,-0.427628,1,y3
10,10.6867469879518,-1.08187,1,-1.08187,1,-0.549325,1,-0.453145,1,y3
10,10.7469879518072,-1.12257,1,-1.12257,1,-0.575738,1,-0.47843,1,y3
10,10.8072289156626,-1.16254,1,-1.16254,1,-0.60241,1,-0.503788,1,y3
10,10.8674698795181,-1.20179,1,-1.20179,1,-0.62932,1,-0.530166,1,y3
10,10.9277108433735,-1.24042,1,-1.24042,1,-0.656413,1,-0.557291,1,y3
10,10.9879518072289,-1.27835,1,-1.27835,1,-0.683631,1,-0.583363,1,y3
10,11,-1.28585,1,-1.28585,1,-0.689084,1,-0.588316,1,y3
10,11.0481927710843,-1.31555,1,-1.31555,1,-0.710909,1,-0.608288,1,y3
10,11.1084337349398,-1.35208,1,-1.35208,1,-0.738191,1,-0.635007,1,y3
10,11.1686746987952,-1.38807,1,-1.38807,1,-0.765619,1,-0.662627,1,y3
10,11.2289156626506,-1.42349,1,-1.42349,1,-0.793305,1,-0.690067,1,y3
10,11.289156626506,-1.45814,1,-1.45814,1,-0.821351,1,-0.718146,1,y3
10,11.3493975903614,-1.49209,1,-1.49209,1,-0.849831,1,-0.745304,1,y3
10,11.4096385542169,-1.52565,1,-1.52565,1,-0.878361,1,-0.771583,1,y3
10,11.4698795180723,-1.55897,1,-1.55897,1,-0.906656,1,-0.800801,1,y3
10,11.5301204819277,-1.59139,1,-1.59139,1,-0.934444,1,-0.829629,1,y3
10,11.5903614457831,-1.62268,1,-1.62268,1,-0.961554,1,-0.855805,1,y3
10,11.6506024096386,-1.65396,1,-1.65396,1,-0.988759,1,-0.882032,1,y3
10,11.710843373494,-1.68606,1,-1.68606,1,-1.01658,1,-0.907935,1,y3
10,11.7710843373494,-1.71696,1,-1.71696,1,-1.04491,1,-0.934486,1,y3
10,11.8313253012048,-1.74461,1,-1.74461,1,-1.0732,1,-0.964077,1,y3
10,11.8915662650602,-1.77294,1,-1.77294,1,-1.10116,1,-0.993097,1,y3
10,11.9518072289157,-1.80345,1,-1.80345,1,-1.12903,1,-1.01968,1,y3
10,12,-1.82714,1,-1.82714,1,-1.15137,1,-1.04054,1,y3
10,12.0120481927711,-1.83302,1,-1.83302,1,-1.15697,1,-1.04573,1,y3
10,12.0722891566265,-1.86214,1,-1.86214,1,-1.18492,1,-1.07195,1,y3
10,12.1325301204819,-1.88969,1,-1.88969,1,-1.21277,1,-1.09893,1,y3
10,12.1927710843374,-1.91743,1,-1.91743,1,-1.24046,1,-1.12662,1,y3
10,12.2530120481928,-1.94452,1,-1.94452,1,-1.26813,1,-1.15461,1,y3
10,12.3132530120482,-1.96964,1,-1.96964,1,-1.29591,1,-1.18262,1,y3
10,12.3734939759036,-1.99667,1,-1.99667,1,-1.3237,1,-1.21047,1,y3
10,12.433734939759,-2.02386,1,-2.02386,1,-1.35127,1,-1.23722,1,y3
10,12.4939759036145,-2.05026,1,-2.05026,1,-1.37857,1,-1.26433,1,y3
10,12.5542168674699,-2.07616,1,-2.07616,1,-1.40598,1,-1.294,1,y3
10,12.6144578313253,-2.10161,1,-2.10161,1,-1.43386,1,-1.32207,1,y3
10,12.6746987951807,-2.12627,1,-2.12627,1,-1.46174,1,-1.34701,1,y3
10,12.7349397590361,-2.15241,1,-2.15241,1,-1.48873,1,-1.37047,1,y3
10,12.7951807228916,-2.17754,1,-2.17754,1,-1.51451,1,-1.39753,1,y3
10,12.855421686747,-2.20263,1,-2.20263,1,-1.54053,1,-1.42559,1,y3
10,12.9156626506024,-2.22758,1,-2.22758,1,-1.56788,1,-1.45259,1,y3
10,12.9759036144578,-2.25072,1,-2.25072,1,-1.59603,1,-1.47949,1,y3
10,13,-2.25985,1,-2.25985,1,-1.60724,1,-1.49023,1,y3
10,13.0361445783133,-2.27368,1,-2.27368,1,-1.62383,1,-1.50625,1,y3
10,13.0963855421687,-2.29751,1,-2.29751,1,-1.65082,1,-1.53285,1,y3
10,13.1566265060241,-2.32047,1,-2.32047,1,-1.67786,1,-1.55941,1,y3
10,13.2168674698795,-2.34329,1,-2.34329,1,-1.70544,1,-1.58588,1,y3
10,13.2771084337349,-2.36748,1,-2.36748,1,-1.73304,1,-1.61235,1,y3
10,13.3373493975904,-2.39194,1,-2.39194,1,-1.75978,1,-1.63879,1,y3
10,13.3975903614458,-2.41514,1,-2.41514,1,-1.78548,1,-1.66512,1,y3
10,13.4578313253012,-2.43928,1,-2.43928,1,-1.81158,1,-1.69131,1,y3
10,13.5180722891566,-2.46169,1,-2.46169,1,-1.83913,1,-1.7175,1,y3
10,13.578313253012,-2.48324,1,-2.48324,1,-1.86688,1,-1.7438,1,y3
10,13.6385542168675,-2.5071,1,-2.5071,1,-1.89345,1,-1.77006,1,y3
10,13.6987951807229,-2.52778,1,-2.52778,1,-1.92018,1,-1.79607,1,y3
10,13.7590361445783,-2.55098,1,-2.55098,1,-1.94708,1,-1.82192,1,y3
10,13.8192771084337,-2.57414,1,-2.57414,1,-1.9734,1,-1.84828,1,y3
10,13.8795180722892,-2.5964,1,-2.5964,1,-2.00018,1,-1.87557,1,y3
10,13.9397590361446,-2.61893,1,-2.61893,1,-2.02725,1,-1.90248,1,y3
10,14,-2.64092,1,-2.64092,1,-2.053,1,-1.92758,1,y3
11,-1,-7,1,-7,1,-7,1,-7,1,y3
11,-0.9397590361445783,-7,1,-7,1,-7,1,-7,1,y3
11,-0.8795180722891567,-7,1,-7,1,-7,1,-7,1,y3
11,-0.8192771084337349,-7,1,-7,1,-7,1,-7,1,y3
11,-0.7590361445783133,-7,1,-7,1,-7,1,-7,1,y3
11,-0.6987951807228916,-7,1,-7,1,-7,1,-7,1,y3
11,-0.6385542168674698,-7,1,-7,1,-7,1,-7,1,y3
11,-0.5783132530120482,-7,1,-7,1,-7,1,-7,1,y3
11,-0.5180722891566265,-7,1,-7,1,-7,1,-7,1,y3
11,-0.4578313253012049,-7,1,-7,1,-7,1,-7,1,y3
11,-0.3975903614457832,-7,1,-7,1,-7,1,-7,1,y3
11,-0.3373493975903614,-7,1,-7,1,-7,1,-7,1,y3
11,-0.2771084337349398,-7,1,-7,1,-7,1,-7,1,y3
11,-0.2168674698795181,-7,1,-7,1,-7,1,-7,1,y3
11,-0.1566265060240963,-7,1,-7,1,-7,1,-7,1,y3
11,-0.0963855421686747,-7,1,-7,1,-7,1,-7,1,y3
11,-0.036144578313253,-7,1,-7,1,-7,1,-7,1,y3
11,0,-7,1,-7,1,-7,1,-7,1,y3
11,0.0240963855421688,-7,1,-7,1,-7,1,-7,1,y3
11,0.0843373493975903,-7,1,-7,1,-7,1,-7,1,y3
11,0.1445783132530121,-7,1,-7,1,-7,1,-7,1,y3
11,0.2048192771084336,-7,1,-7,1,-7,1,-7,1,y3
11,0.2650602409638554,-7,1,-7,1,-7,1,-7,1,y3
11,0.3253012048192772,-7,1,-7,1,-7,1,-7,1,y3
11,0.3855421686746987,-7,1,-7,1,-7,1,-7,1,y3
11,0.4457831325301205,-7,1,-7,1,-7,1,-7,1,y3
11,0.5060240963855422,-7,1,-7,1,-7,1,-7,1,y3
11,0.5662650602409638,-7,1,-7,1,-7,1,-7,1,y3
11,0.6265060240963856,-7,1,-7,1,-7,1,-7,1,y3
11,0.6867469879518073,-7,1,-7,1,-7,1,-7,1,y3
11,0.7469879518072289,-7,1,-7,1,-7,1,-7,1,y3
11,0.8072289156626506,-7,1,-7,1,-7,1,-7,1,y3
11,0.8674698795180722,-7,1,-7,1,-7,1,-7,1,y3
11,0.927710843373494,-7,1,-7,1,-7,1,-7,1,y3
11,0.9879518072289157,-7,1,-7,1,-7,1,-7,1,y3
11,1,-7,1,-7,1,-7,1,-7,1,y3
11,1.04819277108434,-7,1,-7,1,-7,1,-7,1,y3
11,1.10843373493976,-7,1,-7,1,-7,1,-7,1,y3
11,1.16867469879518,-7,1,-7,1,-7,1,-7,1,y3
11,1.2289156626506,-7,1,-7,1,-7,1,-7,1,y3
11,1.28915662650602,-7,1,-7,1,-7,1,-7,1,y3
11,1.34939759036145,-7,1,-7,1,-7,1,-7,1,y3
11,1.40963855421687,-7,1,-7,1,-7,1,-7,1,y3
11,1.46987951807229,-7,1,-7,1,-7,1,-7,1,y3
11,1.53012048192771,-7,1,-7,1,-7,1,-7,1,y3
11,1.59036144578313,-7,1,-7,1,-7,1,-7,1,y3
11,1.65060240963855,-7,1,-7,1,-7,1,-7,1,y3
11,1.71084337349398,-4.69025,1,-4.69025,1,-4.14469,1,-7,1,y3
11,1.7710843373494,-3.62994,1,-3.62994,1,-2.36464,1,-3.11129,1,y3
11,1.83132530120482,-2.86293,1,-2.86293,1,-1.48372,1,-1.86181,1,y3
11,1.89156626506024,-2.26943,1,-2.26943,1,-0.902005,1,-1.14364,1,y3
11,1.95180722891566,-1.78875,1,-1.78875,1,-0.47224,1,-0.647925,1,y3
11,2,-1.46182,1,-1.46182,1,-0.195605,0,-0.336972,1,y3
11,2.01204819277108,-1.38661,1,-1.38661,1,-0.133432,0,-0.268389,0,y3
11,2.07228915662651,-1.04235,1,-1.04235,1,0.145687,0,0.0338812,0,y3
11,2.13253012048193,-0.743012,1,-0.743012,1,0.381746,0,0.285395,0,y3
11,2.19277108433735,-0.478126,1,-0.478126,1,0.583132,0,0.499618,0,y3
11,2.25301204819277,-0.242663,0,-0.242663,0,0.758234,0,0.685046,0,y3
11,2.31325301204819,-0.030277,0,-0.030277,0,0.913181,0,0.847751,0,y3
11,2.37349397590361,0.162518,0,0.162518,0,1.05155,0,0.992105,0,y3
11,2.43373493975904,0.338668,0,0.338668,0,1.17607,0,1.12133,0,y3
11,2.49397590361446,0.500817,0,0.500817,0,1.28882,0,1.23787,0,y3
11,2.55421686746988,0.651375,0,0.651375,0,1.39148,0,1.34362,0,y3
11,2.6144578313253,0.789617,0,0.789617,0,1.48533,0,1.44006,0,y3
11,2.67469879518072,0.917607,0,0.917607,0,1.57143,0,1.52834,0,y3
11,2.73493975903614,1.03691,0,1.03691,0,1.65064,0,1.60944,0,y3
11,2.79518072289157,1.14812,0,1.14812,0,1.72368,0,1.68411,0,y3
11,2.85542168674699,1.25205,0,1.25205,0,1.7911,0,1.75301,0,y3
11,2.91566265060241,1.34943,0,1.34943,0,1.85341,0,1.81668,0,y3
11,2.97590361445783,1.44076,0,1.44076,0,1.91102,0,1.87561,0,y3
11,3,1.47569,0,1.47569,0,1.93282,0,1.89794,0,y3
11,3.03614457831325,1.52647,0,1.52647,0,1.96426,0,1.93018,0,y3
11,3.09638554216868,1.60695,0,1.60695,0,2.01345,0,1.98069,0,y3
11,3.1566265060241,1.68253,0,1.68253,0,2.05884,0,2.02737,0,y3
11,3.21686746987952,1.75343,0,1.75343,0,2.10064,0,2.07042,0,y3
11,3.27710843373494,1.81992,0,1.81992,0,2.13906,0,2.11004,0,y3
11,3.33734939759036,1.88216,0,1.88216,0,2.17428,0,2.1464,0,y3
11,3.39759036144578,1.94031,0,1.94031,0,2.20647,0,2.17964,0,y3
11,3.45783132530121,1.99452,0,1.99452,0,2.23581,0,2.21002,0,y3
11,3.51807228915663,2.0449,0,2.0449,0,2.26244,0,2.23784,0,y3
11,3.57831325301205,2.09157,0,2.09157,0,2.28648,0,2.26339,0,y3
11,3.63855421686747,2.13461,0,2.13461,0,2.30808,0,2.28681,0,y3
11,3.69879518072289,2.17411,0,2.17411,0,2.32737,0,2.30817,0,y3
11,3.75903614457831,2.21017,0,2.21017,0,2.34446,0,2.32724,0,y3
11,3.81927710843373,2.24288,0,2.24288,0,2.35949,0,2.34387,0,y3
11,3.87951807228916,2.2723,0,2.2723,0,2.37256,0,2.35855,0,y3
11,3.93975903614458,2.29856,0,2.29856,0,2.38383,0,2.37146,0,y3
11,4,2.32171,0,2.32171,0,2.39341,0,2.38259,0,y3
11,4.06024096385542,2.34189,0,2.34189,0,2.40138,0,2.39198,0,y3
11,4.12048192771084,2.35923,0,2.35923,0,2.40783,0,2.3998,0,y3
11,4.18072289156626,2.37382,0,2.37382,0,2.41287,0,2.40633,0,y3
11,4.24096385542169,2.38578,0,2.38578,0,2.41665,0,2.41147,0,y3
11,4.30120481927711,2.39522,0,2.39522,0,2.41925,0,2.41541,0,y3
11,4.36144578313253,2.40227,0,2.40227,0,2.42075,0,2.41839,0,y3
11,4.42168674698795,2.40706,0,2.40706,0,2.42123,0,2.42031,0,y3
11,4.48192771084337,2.40973,0,2.40973,0,2.42086,0,2.42128,0,y3
11,4.54216867469879,2.41039,0,2.41039,0,2.41968,0,2.42147,0,y3
11,4.60240963855422,2.40917,0,2.40917,0,2.4177,0,2.42089,0,y3
11,4.66265060240964,2.40619,0,2.40619,0,2.415,0,2.41955,0,y3
11,4.72289156626506,2.40161,0,2.40161,0,2.41165,0,2.41762,0,y3
11,4.78313253012048,2.3956,0,2.3956,0,2.40772,0,2.41512,0,y3
11,4.8433734939759,2.38823,0,2.38823,0,2.40329,0,2.41203,0,y3
11,4.90361445783132,2.37959,0,2.37959,0,2.39837,0,2.40848,0,y3
11,4.96385542168675,2.36978,0,2.36978,0,2.39301,0,2.40448,0,y3
11,5,2.36337,0,2.36337,0,2.38961,0,2.40188,0,y3
11,5.02409638554217,2.3589,0,2.3589,0,2.38727,0,2.40008,0,y3
11,5.08433734939759,2.34708,0,2.34708,0,2.38117,0,2.39533,0,y3
11,5.14457831325301,2.3344,0,2.3344,0,2.37467,0,2.39026,0,y3
11,5.20481927710843,2.32093,0,2.32093,0,2.36759,0,2.38488,0,y3
11,5.26506024096386,2.30672,0,2.30672,0,2.3598,0,2.37904,0,y3
11,5.32530120481928,2.29185,0,2.29185,0,2.35137,0,2.37264,0,y3
11,5.3855421686747,2.27634,0,2.27634,0,2.34231,0,2.36569,0,y3
11,5.44578313253012,2.26027,0,2.26027,0,2.33261,0,2.35819,0,y3
11,5.50602409638554,2.24372,0,2.24372,0,2.32226,0,2.35016,0,y3
11,5.56626506024096,2.22677,0,2.22677,0,2.31126,0,2.3416,0,y3
11,5.62650602409639,2.20946,0,2.20946,0,2.29963,0,2.33252,0,y3
11,5.68674698795181,2.19181,0,2.19181,0,2.28735,0,2.32291,0,y3
11,5.74698795180723,2.17377,0,2.17377,0,2.2744,0,2.31276,0,y3
11,5.80722891566265,2.15539,0,2.15539,0,2.26079,0,2.30208,0,y3
11,5.86746987951807,2.13673,0,2.13673,0,2.2465,0,2.29086,0,y3
11,5.92771084337349,2.11781,0,2.11781,0,2.23151,0,2.27909,0,y3
11,5.98795180722892,2.09866,0,2.09866,0,2.21582,0,2.26676,0,y3
11,6,2.09481,0,2.09481,0,2.21259,0,2.26423,0,y3
11,6.04819277108434,2.0793,0,2.0793,0,2.19939,0,2.25387,0,y3
11,6.10843373493976,2.05976,0,2.05976,0,2.18222,0,2.24039,0,y3
11,6.16867469879518,2.04005,0,2.04005,0,2.16427,0,2.22631,0,y3
11,6.2289156626506,2.01988,0,2.01988,0,2.14554,0,2.21163,0,y3
11,6.28915662650602,1.9989,0,1.9989,0,2.12599,0,2.19632,0,y3
11,6.34939759036145,1.9772,0,1.9772,0,2.1056,0,2.18036,0,y3
11,6.40963855421687,1.9548,0,1.9548,0,2.08433,0,2.16375,0,y3
11,6.46987951807229,1.9317,0,1.9317,0,2.06217,0,2.14645,0,y3
11,6.53012048192771,1.90787,0,1.90787,0,2.03908,0,2.12844,0,y3
11,6.59036144578313,1.88331,0,1.88331,0,2.01503,0,2.10972,0,y3
11,6.65060240963855,1.85804,0,1.85804,0,1.98998,0,2.09024,0,y3
11,6.71084337349398,1.83206,0,1.83206,0,1.9639,0,2.06998,0,y3
11,6.7710843373494,1.80537,0,1.80537,0,1.93676,0,2.04893,0,y3
11,6.83132530120482,1.77795,0,1.77795,0,1.90851,0,2.02705,0,y3
11,6.89156626506024,1.74979,0,1.74979,0,1.87911,0,2.00431,0,y3
11,6.95180722891566,1.72091,0,1.72091,0,1.84852,0,1.98068,0,y3
11,7,1.69728,0,1.69728,0,1.82317,0,1.96112,0,y3
11,7.01204819277108,1.69129,0,1.69129,0,1.8167,0,1.95614,0,y3
11,7.07228915662651,1.66093,0,1.66093,0,1.78361,0,1.93065,0,y3
11,7.13253012048193,1.62981,0,1.62981,0,1.74918,0,1.90417,0,y3
11,7.19277108433735,1.59793,0,1.59793,0,1.71339,0,1.87668,0,y3
11,7.25301204819277,1.56529,0,1.56529,0,1.67617,0,1.84813,0,y3
11,7.31325301204819,1.53188,0,1.53188,0,1.63747,0,1.8185,0,y3
11,7.37349397590361,1.4977,0,1.4977,0,1.59725,0,1.78773,0,y3
11,7.43373493975904,1.46274,0,1.46274,0,1.55544,0,1.75578,0,y3
11,7.49397590361446,1.427,0,1.427,0,1.51198,0,1.72263,0,y3
11,7.55421686746988,1.39046,0,1.39046,0,1.46683,0,1.68822,0,y3
11,7.6144578313253,1.35313,0,1.35313,0,1.4199,0,1.65252,0,y3
11,7.67469879518072,1.31501,0,1.31501,0,1.37115,0,1.61548,0,y3
11,7.73493975903614,1.2761,0,1.2761,0,1.32052,0,1.57705,0,y3
11,7.79518072289157,1.23639,0,1.23639,0,1.26792,0,1.53719,0,y3
11,7.85542168674699,1.1959,0,1.1959,0,1.21331,0,1.49585,0,y3
11,7.91566265060241,1.15462,0,1.15462,0,1.15664,0,1.45298,0,y3
11,7.97590361445783,1.11256,0,1.11256,0,1.09785,0,1.40853,0,y3
11,8,1.09552,0,1.09552,0,1.07373,0,1.39029,0,y3
11,8.03614457831325,1.06972,0,1.06972,0,1.03689,0,1.36245,0,y3
11,8.09638554216867,1.02611,0,1.02611,0,0.973699,0,1.31471,0,y3
11,8.1566265060241,0.981747,0,0.981747,0,0.908224,0,1.26526,0,y3
11,8.21686746987952,0.936655,0,0.936655,0,0.840465,0,1.21405,0,y3
11,8.27710843373494,0.890834,0,0.890834,0,0.770427,0,1.16102,0,y3
11,8.33734939759036,0.84428,0,0.84428,0,0.698074,0,1.10611,0,y3
11,8.39759036144578,0.797038,0,0.797038,0,0.623305,0,1.04927,0,y3
11,8.45783132530121,0.749157,0,0.749157,0,0.545963,0,0.990467,0,y3
11,8.51807228915663,0.700649,0,0.700649,0,0.466168,0,0.929626,0,y3
11,8.57831325301205,0.651498,0,0.651498,0,0.383823,0,0.866629,0,y3
11,8.63855421686747,0.601739,0,0.601739,0,0.298574,0,0.801276,0,y3
11,8.69879518072289,0.551455,0,0.551455,0,0.209595,0,0.733234,0,y3
11,8.75903614457831,0.50069,0,0.50069,0,0.116581,0,0.662208,0,y3
11,8.81927710843373,0.449456,0,0.449456,0,0.021198,0,0.588499,0,y3
11,8.87951807228916,0.397774,0,0.397774,0,-0.0747714,0,0.512286,0,y3
11,8.93975903614458,0.345791,0,0.345791,0,-0.171135,0,0.434034,0,y3
11,9,0.293579,0,0.293579,0,-0.269131,0,0.354448,0,y3
11,9.06024096385542,0.241107,0,0.241107,0,-0.370357,1,0.273367,0,y3
11,9.12048192771084,0.188291,0,0.188291,0,-0.472811,1,0.190673,0,y3
11,9.18072289156627,0.135311,0,0.135311,0,-0.575603,1,0.105688,0,y3
11,9.24096385542169,0.0823032,0,0.0823032,0,-0.678642,1,0.0169437,0,y3
11,9.30120481927711,0.0293333,0,0.0293333,0,-0.78131,1,-0.0748708,0,y3
11,9.36144578313253,-0.0236153,0,-0.0236153,0,-0.882897,1,-0.168615,0,y3
11,9.42168674698795,-0.0763923,0,-0.0763923,0,-0.98294,1,-0.2631,0,y3
11,9.48192771084337,-0.12876,0,-0.12876,0,-1.08084,1,-0.358934,1,y3
11,9.54216867469879,-0.180753,0,-0.180753,0,-1.17579,1,-0.456159,1,y3
11,9.60240963855422,-0.232728,0,-0.232728,0,-1.26766,1,-0.554123,1,y3
11,9.66265060240964,-0.284835,0,-0.284835,0,-1.35612,1,-0.652271,1,y3
11,9.72289156626506,-0.336451,1,-0.336451,1,-1.44034,1,-0.750163,1,y3
11,9.78313253012048,-0.387334,1,-0.387334,1,-1.52093,1,-0.847305,1,y3
11,9.8433734939759,-0.437723,1,-0.437723,1,-1.5986,1,-0.943117,1,y3
11,9.90361445783133,-0.487884,1,-0.487884,1,-1.67129,1,-1.03701,1,y3
11,9.96385542168675,-0.537546,1,-0.537546,1,-1.74027,1,-1.12858,1,y3
11,10,-0.567058,1,-0.567058,1,-1.7822,1,-1.18206,1,y3
11,10.0240963855422,-0.58661,1,-0.58661,1,-1.80973,1,-1.21701,1,y3
11,10.0843373493976,-0.635032,1,-0.635032,1,-1.87269,1,-1.3022,1,y3
11,10.144578313253,-0.682892,1,-0.682892,1,-1.93243,1,-1.38418,1,y3
11,10.2048192771084,-0.730105,1,-0.730105,1,-1.98897,1,-1.46155,1,y3
11,10.2650602409639,-0.776604,1,-0.776604,1,-2.04694,1,-1.53669,1,y3
11,10.3253012048193,-0.822375,1,-0.822375,1,-2.10386,1,-1.60719,1,y3
11,10.3855421686747,-0.867434,1,-0.867434,1,-2.15443,1,-1.67214,1,y3
11,10.4457831325301,-0.911814,1,-0.911814,1,-2.20368,1,-1.73811,1,y3
11,10.5060240963855,-0.955416,1,-0.955416,1,-2.25193,1,-1.80112,1,y3
11,10.566265060241,-0.998287,1,-0.998287,1,-2.29839,1,-1.85832,1,y3
11,10.6265060240964,-1.04041,1,-1.04041,1,-2.34372,1,-1.91334,1,y3
11,10.6867469879518,-1.08187,1,-1.08187,1,-2.38613,1,-1.96888,1,y3
11,10.7469879518072,-1.12257,1,-1.12257,1,-2.43001,1,-2.01682,1,y3
11,10.8072289156626,-1.16254,1,-1.16254,1,-2.47098,1,-2.06797,1,y3
11,10.8674698795181,-1.20179,1,-1.20179,1,-2.50968,1,-2.11482,1,y3
11,10.9277108433735,-1.24042,1,-1.24042,1,-2.55016,1,-2.15761,1,y3
11,10.9879518072289,-1.27835,1,-1.27835,1,-2.58675,1,-2.20261,1,y3
11,11,-1.28585,1,-1.28585,1,-2.59457,1,-2.20957,1,y3
11,11.0481927710843,-1.31555,1,-1.31555,1,-2.62472,1,-2.24364,1,y3
11,11.1084337349398,-1.35208,1,-1.35208,1,-2.65956,1,-2.28406,1,y3
11,11.1686746987952,-1.38807,1,-1.38807,1,-2.69429,1,-2.32284,1,y3
11,11.2289156626506,-1.42349,1,-1.42349,1,-2.72788,1,-2.35988,1,y3
11,11.289156626506,-1.45814,1,-1.45814,1,-2.76034,1,-2.39604,1,y3
11,11.3493975903614,-1.49209,1,-1.49209,1,-2.79349,1,-2.43002,1,y3
11,11.4096385542169,-1.52565,1,-1.52565,1,-2.82545,1,-2.46528,1,y3
11,11.4698795180723,-1.55897,1,-1.55897,1,-2.85676,1,-2.49819,1,y3
11,11.5301204819277,-1.59139,1,-1.59139,1,-2.88748,1,-2.53029,1,y3
11,11.5903614457831,-1.62268,1,-1.62268,1,-2.91764,1,-2.56155,1,y3
11,11.6506024096386,-1.65396,1,-1.65396,1,-2.94758,1,-2.5921,1,y3
11,11.710843373494,-1.68606,1,-1.68606,1,-2.97711,1,-2.62195,1,y3
11,11.7710843373494,-1.71696,1,-1.71696,1,-3.00601,1,-2.65104,1,y3
11,11.8313253012048,-1.74461,1,-1.74461,1,-3.0348,1,-2.67958,1,y3
11,11.8915662650602,-1.77294,1,-1.77294,1,-3.06322,1,-2.70786,1,y3
11,11.9518072289157,-1.80345,1,-1.80345,1,-3.09024,1,-2.73564,1,y3
11,12,-1.82714,1,-1.82714,1,-3.11178,1,-2.75731,1,y3
11,12.0120481927711,-1.83302,1,-1.83302,1,-3.1173,1,-2.76268,1,y3
11,12.0722891566265,-1.86214,1,-1.86214,1,-3.14573,1,-2.78942,1,y3
11,12.1325301204819,-1.88969,1,-1.88969,1,-3.17445,1,-2.81597,1,y3
11,12.1927710843374,-1.91743,1,-1.91743,1,-3.20203,1,-2.84135,1,y3
11,12.2530120481928,-1.94452,1,-1.94452,1,-3.22693,1,-2.8656,1,y3
11,12.3132530120482,-1.96964,1,-1.96964,1,-3.25317,1,-2.89059,1,y3
11,12.3734939759036,-1.99667,1,-1.99667,1,-3.28173,1,-2.91637,1,y3
11,12.433734939759,-2.02386,1,-2.02386,1,-3.30765,1,-2.94161,1,y3
11,12.4939759036145,-2.05026,1,-2.05026,1,-3.33433,1,-2.96617,1,y3
11,12.5542168674699,-2.07616,1,-2.07616,1,-3.36053,1,-2.99026,1,y3
11,12.6144578313253,-2.10161,1,-2.10161,1,-3.38689,1,-3.01442,1,y3
11,12.6746987951807,-2.12627,1,-2.12627,1,-3.41309,1,-3.03916,1,y3
11,12.7349397590361,-2.15241,1,-2.15241,1,-3.43881,1,-3.06348,1,y3
11,12.7951807228916,-2.17754,1,-2.17754,1,-3.46604,1,-3.08682,1,y3
11,12.855421686747,-2.20263,1,-2.20263,1,-3.49084,1,-3.11089,1,y3
11,12.9156626506024,-2.22758,1,-2.22758,1,-3.51609,1,-3.13608,1,y3
11,12.9759036144578,-2.25072,1,-2.25072,1,-3.5434,1,-3.15993,1,y3
11,13,-2.25985,1,-2.25985,1,-3.55293,1,-3.16891,1,y3
11,13.0361445783133,-2.27368,1,-2.27368,1,-3.56783,1,-3.18262,1,y3
11,13.0963855421687,-2.29751,1,-2.29751,1,-3.59594,1,-3.20728,1,y3
11,13.1566265060241,-2.32047,1,-2.32047,1,-3.61972,1,-3.23122,1,y3
11,13.2168674698795,-2.34329,1,-2.34329,1,-3.64577,1,-3.25311,1,y3
11,13.2771084337349,-2.36748,1,-2.36748,1,-3.67257,1,-3.27705,1,y3
11,13.3373493975904,-2.39194,1,-2.39194,1,-3.69805,1,-3.29923,1,y3
11,13.3975903614458,-2.41514,1,-2.41514,1,-3.72392,1,-3.32584,1,y3
11,13.4578313253012,-2.43928,1,-2.43928,1,-3.74967,1,-3.34705,1,y3
11,13.5180722891566,-2.46169,1,-2.46169,1,-3.77499,1,-3.37036,1,y3
11,13.578313253012,-2.48324,1,-2.48324,1,-3.80068,1,-3.39446,1,y3
11,13.6385542168675,-2.5071,1,-2.5071,1,-3.82662,1,-3.41614,1,y3
11,13.6987951807229,-2.52778,1,-2.52778,1,-3.85223,1,-3.44263,1,y3
11,13.7590361445783,-2.55098,1,-2.55098,1,-3.87796,1,-3.46342,1,y3
11,13.8192771084337,-2.57414,1,-2.57414,1,-3.90405,1,-3.48652,1,y3
11,13.8795180722892,-2.5964,1,-2.5964,1,-3.92958,1,-3.5116,1,y3
11,13.9397590361446,-2.61893,1,-2.61893,1,-3.95475,1,-3.53472,1,y3
11,14,-2.64092,1,-2.64092,1,-3.98087,1,-3.55791,1,y3
12,-1,-7,1,-7,1,-7,1,-7,1,y3
12,-0.9397590361445783,-7,1,-7,1,-7,1,-7,1,y3
12,-0.8795180722891567,-7,1,-7,1,-7,1,-7,1,y3
12,-0.8192771084337349,-7,1,-7,1,-7,1,-7,1,y3
12,-0.7590361445783133,-7,1,-7,1,-7,1,-7,1,y3
12,-0.6987951807228916,-7,1,-7,1,-7,1,-7,1,y3
12,-0.6385542168674698,-7,1,-7,1,-7,1,-7,1,y3
12,-0.5783132530120482,-7,1,-7,1,-7,1,-7,1,y3
12,-0.5180722891566265,-7,1,-7,1,-7,1,-7,1,y3
12,-0.4578313253012049,-7,1,-7,1,-7,1,-7,1,y3
12,-0.3975903614457832,-7,1,-7,1,-7,1,-7,1,y3
12,-0.3373493975903614,-7,1,-7,1,-7,1,-7,1,y3
12,-0.2771084337349398,-7,1,-7,1,-7,1,-7,1,y3
12,-0.2168674698795181,-7,1,-7,1,-7,1,-7,1,y3
12,-0.1566265060240963,-7,1,-7,1,-7,1,-7,1,y3
12,-0.0963855421686747,-7,1,-7,1,-7,1,-7,1,y3
12,-0.036144578313253,-7,1,-7,1,-7,1,-7,1,y3
12,0,-7,1,-7,1,-7,1,-7,1,y3
12,0.0240963855421688,-7,1,-7,1,-7,1,-7,1,y3
12,0.0843373493975903,-7,1,-7,1,-7,1,-7,1,y3
12,0.1445783132530121,-7,1,-7,1,-7,1,-7,1,y3
12,0.2048192771084336,-7,1,-7,1,-7,1,-7,1,y3
12,0.2650602409638554,-7,1,-7,1,-7,1,-7,1,y3
12,0.3253012048192772,-7,1,-7,1,-7,1,-7,1,y3
12,0.3855421686746987,-7,1,-7,1,-7,1,-7,1,y3
12,0.4457831325301205,-7,1,-7,1,-7,1,-7,1,y3
12,0.5060240963855422,-7,1,-7,1,-7,1,-7,1,y3
12,0.5662650602409638,-7,1,-7,1,-7,1,-7,1,y3
12,0.6265060240963856,-7,1,-7,1,-7,1,-7,1,y3
12,0.6867469879518073,-7,1,-7,1,-7,1,-7,1,y3
12,0.7469879518072289,-7,1,-7,1,-7,1,-7,1,y3
12,0.8072289156626506,-7,1,-7,1,-7,1,-7,1,y3
12,0.8674698795180722,-7,1,-7,1,-7,1,-7,1,y3
12,0.927710843373494,-7,1,-7,1,-7,1,-7,1,y3
12,0.9879518072289157,-7,1,-7,1,-7,1,-7,1,y3
12,1,-7,1,-7,1,-7,1,-7,1,y3
12,1.04819277108434,-7,1,-7,1,-7,1,-7,1,y3
12,1.10843373493976,-7,1,-7,1,-7,1,-7,1,y3
12,1.16867469879518,-7,1,-7,1,-7,1,-7,1,y3
12,1.2289156626506,-7,1,-7,1,-7,1,-7,1,y3
12,1.28915662650602,-7,1,-7,1,-7,1,-7,1,y3
12,1.34939759036145,-7,1,-7,1,-7,1,-7,1,y3
12,1.40963855421687,-7,1,-7,1,-7,1,-7,1,y3
12,1.46987951807229,-7,1,-7,1,-7,1,-7,1,y3
12,1.53012048192771,-7,1,-7,1,-7,1,-7,1,y3
12,1.59036144578313,-7,1,-7,1,-7,1,-7,1,y3
12,1.65060240963855,-7,1,-7,1,-7,1,-7,1,y3
12,1.71084337349398,-4.69025,1,-4.69025,1,-7,1,-7,1,y3
12,1.7710843373494,-3.62994,1,-3.62994,1,-7,1,-7,1,y3
12,1.83132530120482,-2.86293,1,-2.86293,1,-7,1,-7,1,y3
12,1.89156626506024,-2.26943,1,-2.26943,1,-7,1,-7,1,y3
12,1.95180722891566,-1.78875,1,-1.78875,1,-7,1,-7,1,y3
12,2,-1.46182,1,-1.46182,1,-7,1,-7,1,y3
12,2.01204819277108,-1.38661,1,-1.38661,1,-7,1,-7,1,y3
12,2.07228915662651,-1.04235,1,-1.04235,1,-7,1,-7,1,y3
12,2.13253012048193,-0.743012,1,-0.743012,1,-7,1,-7,1,y3
12,2.19277108433735,-0.478126,1,-0.478126,1,-7,1,-7,1,y3
12,2.25301204819277,-0.242663,0,-0.242663,0,-7,1,-7,1,y3
12,2.31325301204819,-0.030277,0,-0.030277,0,-7,1,-7,1,y3
12,2.37349397590361,0.162518,0,0.162518,0,-7,1,-7,1,y3
12,2.43373493975904,0.338668,0,0.338668,0,-7,1,-7,1,y3
12,2.49397590361446,0.500817,0,0.500817,0,-7,1,-7,1,y3
12,2.55421686746988,0.651375,0,0.651375,0,-7,1,-7,1,y3
12,2.6144578313253,0.789617,0,0.789617,0,-7,1,-7,1,y3
12,2.67469879518072,0.917607,0,0.917607,0,-7,1,-7,1,y3
12,2.73493975903614,1.03691,0,1.03691,0,-7,1,-7,1,y3
12,2.79518072289157,1.14812,0,1.14812,0,-7,1,-7,1,y3
12,2.85542168674699,1.25205,0,1.25205,0,-7,1,-7,1,y3
12,2.91566265060241,1.34943,0,1.34943,0,-7,1,-7,1,y3
12,2.97590361445783,1.44076,0,1.44076,0,-7,1,-7,1,y3
12,3,1.47569,0,1.47569,0,-7,1,-7,1,y3
12,3.03614457831325,1.52647,0,1.52647,0,-7,1,-7,1,y3
12,3.09638554216868,1.60695,0,1.60695,0,-7,1,-7,1,y3
12,3.1566265060241,1.68253,0,1.68253,0,-7,1,-7,1,y3
12,3.21686746987952,1.75343,0,1.75343,0,-7,1,-7,1,y3
12,3.27710843373494,1.81992,0,1.81992,0,-7,1,-7,1,y3
12,3.33734939759036,1.88216,0,1.88216,0,-7,1,-7,1,y3
12,3.39759036144578,1.94031,0,1.94031,0,-7,1,-7,1,y3
12,3.45783132530121,1.99452,0,1.99452,0,-7,1,-7,1,y3
12,3.51807228915663,2.0449,0,2.0449,0,-7,1,-7,1,y3
12,3.57831325301205,2.09157,0,2.09157,0,-7,1,-7,1,y3
12,3.63855421686747,2.13461,0,2.13461,0,-7,1,-7,1,y3
12,3.69879518072289,2.17411,0,2.17411,0,-7,1,-7,1,y3
12,3.75903614457831,2.21017,0,2.21017,0,-7,1,-7,1,y3
12,3.81927710843373,2.24288,0,2.24288,0,-7,1,-7,1,y3
12,3.87951807228916,2.2723,0,2.2723,0,-7,1,-7,1,y3
12,3.93975903614458,2.29856,0,2.29856,0,-7,1,-7,1,y3
12,4,2.32171,0,2.32171,0,-7,1,-7,1,y3
12,4.06024096385542,2.34189,0,2.34189,0,-7,1,-7,1,y3
12,4.12048192771084,2.35923,0,2.35923,0,-7,1,-7,1,y3
12,4.18072289156626,2.37382,0,2.37382,0,-3.92892,1,-7,1,y3
12,4.24096385542169,2.38578,0,2.38578,0,-2.11986,1,-7,1,y3
12,4.30120481927711,2.39522,0,2.39522,0,-1.17808,1,-2.90147,1,y3
12,4.36144578313253,2.40227,0,2.40227,0,-0.546093,1,-1.61451,1,y3
12,4.42168674698795,2.40706,0,2.40706,0,-0.074506,0,-0.838171,1,y3
12,4.48192771084337,2.40973,0,2.40973,0,0.298772,0,-0.286949,0,y3
12,4.54216867469879,2.41039,0,2.41039,0,0.605414,0,0.136947,0,y3
12,4.60240963855422,2.40917,0,2.40917,0,0.864229,0,0.478707,0,y3
12,4.66265060240964,2.40619,0,2.40619,0,1.08696,0,0.763101,0,y3
12,4.72289156626506,2.40161,0,2.40161,0,1.28112,0,1.0055,0,y3
12,4.78313253012048,2.3956,0,2.3956,0,1.45269,0,1.21528,0,y3
12,4.8433734939759,2.38823,0,2.38823,0,1.60499,0,1.39903,0,y3
12,4.90361445783132,2.37959,0,2.37959,0,1.74101,0,1.56185,0,y3
12,4.96385542168675,2.36978,0,2.36978,0,1.86262,0,1.70709,0,y3
12,5,2.36337,0,2.36337,0,1.93032,0,1.78676,0,y3
12,5.02409638554217,2.3589,0,2.3589,0,1.97363,0,1.83707,0,y3
12,5.08433734939759,2.34708,0,2.34708,0,2.07475,0,1.95384,0,y3
12,5.14457831325301,2.3344,0,2.3344,0,2.16491,0,2.05878,0,y3
12,5.20481927710843,2.32093,0,2.32093,0,2.24506,0,2.15304,0,y3
12,5.26506024096386,2.30672,0,2.30672,0,2.31656,0,2.2375,0,y3
12,5.32530120481928,2.29185,0,2.29185,0,2.37998,0,2.31286,0,y3
12,5.3855421686747,2.27634,0,2.27634,0,2.43565,0,2.37974,0,y3
12,5.44578313253012,2.26027,0,2.26027,0,2.48413,0,2.43857,0,y3
12,5.50602409638554,2.24372,0,2.24372,0,2.52594,0,2.48987,0,y3
12,5.56626506024096,2.22677,0,2.22677,0,2.56133,0,2.53404,0,y3
12,5.62650602409639,2.20946,0,2.20946,0,2.59076,0,2.57152,0,y3
12,5.68674698795181,2.19181,0,2.19181,0,2.61462,0,2.60271,0,y3
12,5.74698795180723,2.17377,0,2.17377,0,2.63331,0,2.62807,0,y3
12,5.80722891566265,2.15539,0,2.15539,0,2.64719,0,2.64798,0,y3
12,5.86746987951807,2.13673,0,2.13673,0,2.65667,0,2.66283,0,y3
12,5.92771084337349,2.11781,0,2.11781,0,2.66217,0,2.67301,0,y3
12,5.98795180722892,2.09866,0,2.09866,0,2.66402,0,2.67897,0,y3
12,6,2.09481,0,2.09481,0,2.66399,0,2.67969,0,y3
12,6.04819277108434,2.0793,0,2.0793,0,2.66253,0,2.68107,0,y3
12,6.10843373493976,2.05976,0,2.05976,0,2.65802,0,2.67966,0,y3
12,6.16867469879518,2.04005,0,2.04005,0,2.6508,0,2.67508,0,y3
12,6.2289156626506,2.01988,0,2.01988,0,2.64112,0,2.66765,0,y3
12,6.28915662650602,1.9989,0,1.9989,0,2.62924,0,2.65763,0,y3
12,6.34939759036145,1.9772,0,1.9772,0,2.61536,0,2.64529,0,y3
12,6.40963855421687,1.9548,0,1.9548,0,2.59969,0,2.63091,0,y3
12,6.46987951807229,1.9317,0,1.9317,0,2.58238,0,2.61471,0,y3
12,6.53012048192771,1.90787,0,1.90787,0,2.56359,0,2.59682,0,y3
12,6.59036144578313,1.88331,0,1.88331,0,2.54345,0,2.57744,0,y3
12,6.65060240963855,1.85804,0,1.85804,0,2.52208,0,2.55671,0,y3
12,6.71084337349398,1.83206,0,1.83206,0,2.49957,0,2.53475,0,y3
12,6.7710843373494,1.80537,0,1.80537,0,2.47603,0,2.51165,0,y3
12,6.83132530120482,1.77795,0,1.77795,0,2.45152,0,2.4875,0,y3
12,6.89156626506024,1.74979,0,1.74979,0,2.4261,0,2.46238,0,y3
12,6.95180722891566,1.72091,0,1.72091,0,2.39985,0,2.43637,0,y3
12,7,1.69728,0,1.69728,0,2.37828,0,2.41496,0,y3
12,7.01204819277108,1.69129,0,1.69129,0,2.37281,0,2.40952,0,y3
12,7.07228915662651,1.66093,0,1.66093,0,2.34503,0,2.38189,0,y3
12,7.13253012048193,1.62981,0,1.62981,0,2.31654,0,2.35351,0,y3
12,7.19277108433735,1.59793,0,1.59793,0,2.28737,0,2.32444,0,y3
12,7.25301204819277,1.56529,0,1.56529,0,2.25756,0,2.2947,0,y3
12,7.31325301204819,1.53188,0,1.53188,0,2.22712,0,2.26432,0,y3
12,7.37349397590361,1.4977,0,1.4977,0,2.19609,0,2.23332,0,y3
12,7.43373493975904,1.46274,0,1.46274,0,2.16447,0,2.20173,0,y3
12,7.49397590361446,1.427,0,1.427,0,2.13229,0,2.16957,0,y3
12,7.55421686746988,1.39046,0,1.39046,0,2.09955,0,2.13684,0,y3
12,7.6144578313253,1.35313,0,1.35313,0,2.06627,0,2.10357,0,y3
12,7.67469879518072,1.31501,0,1.31501,0,2.03246,0,2.06976,0,y3
12,7.73493975903614,1.2761,0,1.2761,0,1.99813,0,2.03542,0,y3
12,7.79518072289157,1.23639,0,1.23639,0,1.96329,0,2.00057,0,y3
12,7.85542168674699,1.1959,0,1.1959,0,1.92793,0,1.96519,0,y3
12,7.91566265060241,1.15462,0,1.15462,0,1.89208,0,1.92931,0,y3
12,7.97590361445783,1.11256,0,1.11256,0,1.85574,0,1.89292,0,y3
12,8,1.09552,0,1.09552,0,1.84107,0,1.87823,0,y3
12,8.03614457831325,1.06972,0,1.06972,0,1.81891,0,1.85606,0,y3
12,8.09638554216867,1.02611,0,1.02611,0,1.78159,0,1.81871,0,y3
12,8.1566265060241,0.981747,0,0.981747,0,1.7438,0,1.78088,0,y3
12,8.21686746987952,0.936655,0,0.936655,0,1.70552,0,1.74258,0,y3
12,8.27710843373494,0.890834,0,0.890834,0,1.66678,0,1.70382,0,y3
12,8.33734939759036,0.84428,0,0.84428,0,1.62757,0,1.66458,0,y3
12,8.39759036144578,0.797038,0,0.797038,0,1.58791,0,1.6249,0,y3
12,8.45783132530121,0.749157,0,0.749157,0,1.5478,0,1.58476,0,y3
12,8.51807228915663,0.700649,0,0.700649,0,1.50725,0,1.54419,0,y3
12,8.57831325301205,0.651498,0,0.651498,0,1.46624,0,1.50319,0,y3
12,8.63855421686747,0.601739,0,0.601739,0,1.42481,0,1.46177,0,y3
12,8.69879518072289,0.551455,0,0.551455,0,1.38295,0,1.41992,0,y3
12,8.75903614457831,0.50069,0,0.50069,0,1.34068,0,1.37767,0,y3
12,8.81927710843373,0.449456,0,0.449456,0,1.29802,0,1.33502,0,y3
12,8.87951807228916,0.397774,0,0.397774,0,1.25496,0,1.29199,0,y3
12,8.93975903614458,0.345791,0,0.345791,0,1.21153,0,1.24858,0,y3
12,9,0.293579,0,0.293579,0,1.16773,0,1.20482,0,y3
12,9.06024096385542,0.241107,0,0.241107,0,1.12358,0,1.16072,0,y3
12,9.12048192771084,0.188291,0,0.188291,0,1.07911,0,1.11628,0,y3
12,9.18072289156627,0.135311,0,0.135311,0,1.03433,0,1.07155,0,y3
12,9.24096385542169,0.0823032,0,0.0823032,0,0.989264,0,1.02651,0,y3
12,9.30120481927711,0.0293333,0,0.0293333,0,0.943944,0,0.981137,0,y3
12,9.36144578313253,-0.0236153,0,-0.0236153,0,0.898384,0,0.935454,0,y3
12,9.42168674698795,-0.0763923,0,-0.0763923,0,0.852604,0,0.889484,0,y3
12,9.48192771084337,-0.12876,0,-0.12876,0,0.806628,0,0.84326,0,y3
12,9.54216867469879,-0.180753,0,-0.180753,0,0.760499,0,0.796819,0,y3
12,9.60240963855422,-0.232728,0,-0.232728,0,0.714274,0,0.750202,0,y3
12,9.66265060240964,-0.284835,0,-0.284835,0,0.668021,0,0.70344,0,y3
12,9.72289156626506,-0.336451,1,-0.336451,1,0.621731,0,0.656575,0,y3
12,9.78313253012048,-0.387334,1,-0.387334,1,0.575396,0,0.609636,0,y3
12,9.8433734939759,-0.437723,1,-0.437723,1,0.529007,0,0.562672,0,y3
12,9.90361445783133,-0.487884,1,-0.487884,1,0.48269,0,0.51572,0,y3
12,9.96385542168675,-0.537546,1,-0.537546,1,0.436614,0,0.468833,0,y3
12,10,-0.567058,1,-0.567058,1,0.409181,0,0.440752,0,y3
12,10.0240963855422,-0.58661,1,-0.58661,1,0.390962,0,0.422051,0,y3
12,10.0843373493976,-0.635032,1,-0.635032,1,0.345554,0,0.375432,0,y3
12,10.144578313253,-0.682892,1,-0.682892,1,0.300233,0,0.329016,0,y3
12,10.2048192771084,-0.730105,1,-0.730105,1,0.25517,0,0.282841,0,y3
12,10.2650602409639,-0.776604,1,-0.776604,1,0.210604,0,0.236969,0,y3
12,10.3253012048193,-0.822375,1,-0.822375,1,0.16651,0,0.19146,0,y3
12,10.3855421686747,-0.867434,1,-0.867434,1,0.122837,0,0.146387,0,y3
12,10.4457831325301,-0.911814,1,-0.911814,1,0.0797495,0,0.101778,0,y3
12,10.5060240963855,-0.955416,1,-0.955416,1,0.0374598,0,0.0576765,0,y3
12,10.566265060241,-0.998287,1,-0.998287,1,-0.0041374,0,0.0141485,0,y3
12,10.6265060240964,-1.04041,1,-1.04041,1,-0.045238,0,-0.0287278,0,y3
12,10.6867469879518,-1.08187,1,-1.08187,1,-0.0855979,0,-0.0709467,0,y3
12,10.7469879518072,-1.12257,1,-1.12257,1,-0.124833,0,-0.112453,0,y3
12,10.8072289156626,-1.16254,1,-1.16254,1,-0.163194,0,-0.153149,0,y3
12,10.8674698795181,-1.20179,1,-1.20179,1,-0.201126,0,-0.192959,0,y3
12,10.9277108433735,-1.24042,1,-1.24042,1,-0.238199,0,-0.231928,0,y3
12,10.9879518072289,-1.27835,1,-1.27835,1,-0.273668,0,-0.270023,0,y3
12,11,-1.28585,1,-1.28585,1,-0.280602,0,-0.277532,0,y3
12,11.0481927710843,-1.31555,1,-1.31555,1,-0.308088,0,-0.30718,0,y3
12,11.1084337349398,-1.35208,1,-1.35208,1,-0.342485,1,-0.343373,1,y3
12,11.1686746987952,-1.38807,1,-1.38807,1,-0.376013,1,-0.378598,1,y3
12,11.2289156626506,-1.42349,1,-1.42349,1,-0.407091,1,-0.412783,1,y3
12,11.289156626506,-1.45814,1,-1.45814,1,-0.436948,1,-0.445807,1,y3
12,11.3493975903614,-1.49209,1,-1.49209,1,-0.467933,1,-0.477738,1,y3
12,11.4096385542169,-1.52565,1,-1.52565,1,-0.497895,1,-0.508673,1,y3
12,11.4698795180723,-1.55897,1,-1.55897,1,-0.52511,1,-0.538664,1,y3
12,11.5301204819277,-1.59139,1,-1.59139,1,-0.551715,1,-0.567757,1,y3
12,11.5903614457831,-1.62268,1,-1.62268,1,-0.577145,1,-0.595914,1,y3
12,11.6506024096386,-1.65396,1,-1.65396,1,-0.601669,1,-0.623056,1,y3
12,11.710843373494,-1.68606,1,-1.68606,1,-0.626162,1,-0.649041,1,y3
12,11.7710843373494,-1.71696,1,-1.71696,1,-0.648894,1,-0.673743,1,y3
12,11.8313253012048,-1.74461,1,-1.74461,1,-0.670965,1,-0.697382,1,y3
12,11.8915662650602,-1.77294,1,-1.77294,1,-0.692935,1,-0.720061,1,y3
12,11.9518072289157,-1.80345,1,-1.80345,1,-0.712405,1,-0.741895,1,y3
12,12,-1.82714,1,-1.82714,1,-0.728221,1,-0.758815,1,y3
12,12.0120481927711,-1.83302,1,-1.83302,1,-0.732365,1,-0.762966,1,y3
12,12.0722891566265,-1.86214,1,-1.86214,1,-0.751853,1,-0.783258,1,y3
12,12.1325301204819,-1.88969,1,-1.88969,1,-0.768166,1,-0.802784,1,y3
12,12.1927710843374,-1.91743,1,-1.91743,1,-0.786904,1,-0.821562,1,y3
12,12.2530120481928,-1.94452,1,-1.94452,1,-0.803564,1,-0.839584,1,y3
12,12.3132530120482,-1.96964,1,-1.96964,1,-0.819205,1,-0.856843,1,y3
12,12.3734939759036,-1.99667,1,-1.99667,1,-0.834434,1,-0.873401,1,y3
12,12.433734939759,-2.02386,1,-2.02386,1,-0.848966,1,-0.889295,1,y3
12,12.4939759036145,-2.05026,1,-2.05026,1,-0.862925,1,-0.904491,1,y3
12,12.5542168674699,-2.07616,1,-2.07616,1,-0.876328,1,-0.91892,1,y3
12,12.6144578313253,-2.10161,1,-2.10161,1,-0.889192,1,-0.932578,1,y3
12,12.6746987951807,-2.12627,1,-2.12627,1,-0.901548,1,-0.945697,1,y3
12,12.7349397590361,-2.15241,1,-2.15241,1,-0.913418,1,-0.958504,1,y3
12,12.7951807228916,-2.17754,1,-2.17754,1,-0.924824,1,-0.970891,1,y3
12,12.855421686747,-2.20263,1,-2.20263,1,-0.935787,1,-0.982611,1,y3
12,12.9156626506024,-2.22758,1,-2.22758,1,-0.94634,1,-0.993566,1,y3
12,12.9759036144578,-2.25072,1,-2.25072,1,-0.956507,1,-1.00419,1,y3
12,13,-2.25985,1,-2.25985,1,-0.960467,1,-1.00844,1,y3
12,13.0361445783133,-2.27368,1,-2.27368,1,-0.966299,1,-1.01489,1,y3
12,13.0963855421687,-2.29751,1,-2.29751,1,-0.975746,1,-1.02534,1,y3
12,13.1566265060241,-2.32047,1,-2.32047,1,-0.98488,1,-1.03489,1,y3
12,13.2168674698795,-2.34329,1,-2.34329,1,-0.993709,1,-1.04328,1,y3
12,13.2771084337349,-2.36748,1,-2.36748,1,-1.00225,1,-1.05173,1,y3
12,13.3373493975904,-2.39194,1,-2.39194,1,-1.01052,1,-1.06141,1,y3
12,13.3975903614458,-2.41514,1,-2.41514,1,-1.01855,1,-1.07165,1,y3
12,13.4578313253012,-2.43928,1,-2.43928,1,-1.02635,1,-1.08086,1,y3
12,13.5180722891566,-2.46169,1,-2.46169,1,-1.03394,1,-1.08803,1,y3
12,13.578313253012,-2.48324,1,-2.48324,1,-1.04134,1,-1.09473,1,y3
12,13.6385542168675,-2.5071,1,-2.5071,1,-1.04856,1,-1.10152,1,y3
12,13.6987951807229,-2.52778,1,-2.52778,1,-1.05561,1,-1.10804,1,y3
12,13.7590361445783,-2.55098,1,-2.55098,1,-1.0625,1,-1.11459,1,y3
12,13.8192771084337,-2.57414,1,-2.57414,1,-1.06925,1,-1.12164,1,y3
12,13.8795180722892,-2.5964,1,-2.5964,1,-1.07586,1,-1.12844,1,y3
12,13.9397590361446,-2.61893,1,-2.61893,1,-1.08235,1,-1.13438,1,y3
12,14,-2.64092,1,-2.64092,1,-1.08873,1,-1.14047,1,y3
13,-1,-7,1,-7,1,-7,1,-7,1,y3
13,-0.9397590361445783,-7,1,-7,1,-7,1,-7,1,y3
13,-0.8795180722891567,-7,1,-7,1,-7,1,-7,1,y3
13,-0.8192771084337349,-7,1,-7,1,-7,1,-7,1,y3
13,-0.7590361445783133,-7,1,-7,1,-7,1,-7,1,y3
13,-0.6987951807228916,-7,1,-7,1,-7,1,-7,1,y3
13,-0.6385542168674698,-7,1,-7,1,-7,1,-7,1,y3
13,-0.5783132530120482,-7,1,-7,1,-7,1,-7,1,y3
13,-0.5180722891566265,-7,1,-7,1,-7,1,-7,1,y3
13,-0.4578313253012049,-7,1,-7,1,-7,1,-7,1,y3
13,-0.3975903614457832,-7,1,-7,1,-7,1,-7,1,y3
13,-0.3373493975903614,-7,1,-7,1,-7,1,-7,1,y3
13,-0.2771084337349398,-7,1,-7,1,-7,1,-7,1,y3
13,-0.2168674698795181,-7,1,-7,1,-7,1,-7,1,y3
13,-0.1566265060240963,-7,1,-7,1,-7,1,-7,1,y3
13,-0.0963855421686747,-7,1,-7,1,-7,1,-7,1,y3
13,-0.036144578313253,-7,1,-7,1,-7,1,-7,1,y3
13,0,-7,1,-7,1,-7,1,-7,1,y3
13,0.0240963855421688,-7,1,-7,1,-7,1,-7,1,y3
13,0.0843373493975903,-7,1,-7,1,-7,1,-7,1,y3
13,0.1445783132530121,-7,1,-7,1,-7,1,-7,1,y3
13,0.2048192771084336,-7,1,-7,1,-7,1,-7,1,y3
13,0.2650602409638554,-7,1,-7,1,-7,1,-7,1,y3
13,0.3253012048192772,-7,1,-7,1,-7,1,-7,1,y3
13,0.3855421686746987,-7,1,-7,1,-7,1,-7,1,y3
13,0.4457831325301205,-7,1,-7,1,-7,1,-7,1,y3
13,0.5060240963855422,-7,1,-7,1,-7,1,-7,1,y3
13,0.5662650602409638,-7,1,-7,1,-7,1,-7,1,y3
13,0.6265060240963856,-7,1,-7,1,-7,1,-7,1,y3
13,0.6867469879518073,-7,1,-7,1,-4.42858,1,-4.34913,1,y3
13,0.7469879518072289,-7,1,-7,1,-4.13453,1,-4.08914,1,y3
13,0.8072289156626506,-7,1,-7,1,-3.95288,1,-3.90044,1,y3
13,0.8674698795180722,-7,1,-7,1,-3.77191,1,-3.70974,1,y3
13,0.927710843373494,-7,1,-7,1,-3.58676,1,-3.51667,1,y3
13,0.9879518072289157,-7,1,-7,1,-3.40254,1,-3.32566,1,y3
13,1,-7,1,-7,1,-3.36605,1,-3.28792,1,y3
13,1.04819277108434,-7,1,-7,1,-3.22163,1,-3.13852,1,y3
13,1.10843373493976,-7,1,-7,1,-3.04453,1,-2.95555,1,y3
13,1.16867469879518,-7,1,-7,1,-2.87121,1,-2.77663,1,y3
13,1.2289156626506,-7,1,-7,1,-2.70154,1,-2.60164,1,y3
13,1.28915662650602,-7,1,-7,1,-2.53542,1,-2.43047,1,y3
13,1.34939759036145,-7,1,-7,1,-2.37272,1,-2.26295,1,y3
13,1.40963855421687,-7,1,-7,1,-2.21329,1,-2.09898,1,y3
13,1.46987951807229,-7,1,-7,1,-2.05715,1,-1.93855,1,y3
13,1.53012048192771,-7,1,-7,1,-1.90403,1,-1.78155,1,y3
13,1.59036144578313,-7,1,-7,1,-1.75403,1,-1.6275,1,y3
13,1.65060240963855,-7,1,-7,1,-1.60689,1,-1.47672,1,y3
13,1.71084337349398,-4.69025,1,-4.69025,1,-1.46267,1,-1.32885,1,y3
13,1.7710843373494,-3.62994,1,-3.62994,1,-1.32114,1,-1.18399,1,y3
13,1.83132530120482,-2.86293,1,-2.86293,1,-1.18246,1,-1.04198,1,y3
13,1.89156626506024,-2.26943,1,-2.26943,1,-1.04614,1,-0.902718,1,y3
13,1.95180722891566,-1.78875,1,-1.78875,1,-0.912674,1,-0.766195,1,y3
13,2,-1.46182,1,-1.46182,1,-0.807482,1,-0.658833,1,y3
13,2.01204819277108,-1.38661,1,-1.38661,1,-0.781465,1,-0.632256,1,y3
13,2.07228915662651,-1.04235,1,-1.04235,1,-0.652907,1,-0.500905,1,y3
13,2.13253012048193,-0.743012,1,-0.743012,1,-0.526492,1,-0.372022,1,y3
13,2.19277108433735,-0.478126,1,-0.478126,1,-0.402508,1,-0.245575,0,y3
13,2.25301204819277,-0.242663,0,-0.242663,0,-0.280662,0,-0.121506,0,y3
13,2.31325301204819,-0.030277,0,-0.030277,0,-0.161072,0,0.000253938,0,y3
13,2.37349397590361,0.162518,0,0.162518,0,-0.0436063,0,0.119724,0,y3
13,2.43373493975904,0.338668,0,0.338668,0,0.0717068,0,0.236988,0,y3
13,2.49397590361446,0.500817,0,0.500817,0,0.184981,0,0.352166,0,y3
13,2.55421686746988,0.651375,0,0.651375,0,0.296224,0,0.465125,0,y3
13,2.6144578313253,0.789617,0,0.789617,0,0.405356,0,0.575919,0,y3
13,2.67469879518072,0.917607,0,0.917607,0,0.512572,0,0.684745,0,y3
13,2.73493975903614,1.03691,0,1.03691,0,0.617914,0,0.791435,0,y3
13,2.79518072289157,1.14812,0,1.14812,0,0.721297,0,0.895968,0,y3
13,2.85542168674699,1.25205,0,1.25205,0,0.82271,0,0.998451,0,y3
13,2.91566265060241,1.34943,0,1.34943,0,0.922192,0,1.0989,0,y3
13,2.97590361445783,1.44076,0,1.44076,0,1.01972,0,1.19712,0,y3
13,3,1.47569,0,1.47569,0,1.05815,0,1.23571,0,y3
13,3.03614457831325,1.52647,0,1.52647,0,1.11519,0,1.29291,0,y3
13,3.09638554216868,1.60695,0,1.60695,0,1.20865,0,1.38657,0,y3
13,3.1566265060241,1.68253,0,1.68253,0,1.29998,0,1.47781,0,y3
13,3.21686746987952,1.75343,0,1.75343,0,1.38906,0,1.56619,0,y3
13,3.27710843373494,1.81992,0,1.81992,0,1.47578,0,1.65197,0,y3
13,3.33734939759036,1.88216,0,1.88216,0,1.56004,0,1.73498,0,y3
13,3.39759036144578,1.94031,0,1.94031,0,1.64163,0,1.8147,0,y3
13,3.45783132530121,1.99452,0,1.99452,0,1.72039,0,1.89034,0,y3
13,3.51807228915663,2.0449,0,2.0449,0,1.796,0,1.96231,0,y3
13,3.57831325301205,2.09157,0,2.09157,0,1.86829,0,2.03084,0,y3
13,3.63855421686747,2.13461,0,2.13461,0,1.93688,0,2.0946,0,y3
13,3.69879518072289,2.17411,0,2.17411,0,2.0015,0,2.15345,0,y3
13,3.75903614457831,2.21017,0,2.21017,0,2.06181,0,2.20718,0,y3
13,3.81927710843373,2.24288,0,2.24288,0,2.11746,0,2.25469,0,y3
13,3.87951807228916,2.2723,0,2.2723,0,2.16815,0,2.29571,0,y3
13,3.93975903614458,2.29856,0,2.29856,0,2.21355,0,2.33044,0,y3
13,4,2.32171,0,2.32171,0,2.25337,0,2.35947,0,y3
13,4.06024096385542,2.34189,0,2.34189,0,2.28746,0,2.38282,0,y3
13,4.12048192771084,2.35923,0,2.35923,0,2.31559,0,2.39925,0,y3
13,4.18072289156626,2.37382,0,2.37382,0,2.33776,0,2.40932,0,y3
13,4.24096385542169,2.38578,0,2.38578,0,2.35387,0,2.41344,0,y3
13,4.30120481927711,2.39522,0,2.39522,0,2.36405,0,2.41128,0,y3
13,4.36144578313253,2.40227,0,2.40227,0,2.3684,0,2.40367,0,y3
13,4.42168674698795,2.40706,0,2.40706,0,2.3671,0,2.39061,0,y3
13,4.48192771084337,2.40973,0,2.40973,0,2.36039,0,2.37281,0,y3
13,4.54216867469879,2.41039,0,2.41039,0,2.34856,0,2.35051,0,y3
13,4.60240963855422,2.40917,0,2.40917,0,2.33197,0,2.32414,0,y3
13,4.66265060240964,2.40619,0,2.40619,0,2.311,0,2.29434,0,y3
13,4.72289156626506,2.40161,0,2.40161,0,2.28598,0,2.26131,0,y3
13,4.78313253012048,2.3956,0,2.3956,0,2.25735,0,2.22549,0,y3
13,4.8433734939759,2.38823,0,2.38823,0,2.22552,0,2.18744,0,y3
13,4.90361445783132,2.37959,0,2.37959,0,2.19102,0,2.14732,0,y3
13,4.96385542168675,2.36978,0,2.36978,0,2.15417,0,2.10552,0,y3
13,5,2.36337,0,2.36337,0,2.13105,0,2.07984,0,y3
13,5.02409638554217,2.3589,0,2.3589,0,2.11527,0,2.06246,0,y3
13,5.08433734939759,2.34708,0,2.34708,0,2.07477,0,2.01828,0,y3
13,5.14457831325301,2.3344,0,2.3344,0,2.0332,0,1.97331,0,y3
13,5.20481927710843,2.32093,0,2.32093,0,1.99082,0,1.9278,0,y3
13,5.26506024096386,2.30672,0,2.30672,0,1.94754,0,1.8819,0,y3
13,5.32530120481928,2.29185,0,2.29185,0,1.90343,0,1.83581,0,y3
13,5.3855421686747,2.27634,0,2.27634,0,1.8592,0,1.78984,0,y3
13,5.44578313253012,2.26027,0,2.26027,0,1.81527,0,1.7441,0,y3
13,5.50602409638554,2.24372,0,2.24372,0,1.77103,0,1.69868,0,y3
13,5.56626506024096,2.22677,0,2.22677,0,1.72574,0,1.65352,0,y3
13,5.62650602409639,2.20946,0,2.20946,0,1.68091,0,1.60887,0,y3
13,5.68674698795181,2.19181,0,2.19181,0,1.63743,0,1.56495,0,y3
13,5.74698795180723,2.17377,0,2.17377,0,1.59488,0,1.52167,0,y3
13,5.80722891566265,2.15539,0,2.15539,0,1.55335,0,1.47908,0,y3
13,5.86746987951807,2.13673,0,2.13673,0,1.51234,0,1.43738,0,y3
13,5.92771084337349,2.11781,0,2.11781,0,1.47091,0,1.39644,0,y3
13,5.98795180722892,2.09866,0,2.09866,0,1.43012,0,1.35609,0,y3
13,6,2.09481,0,2.09481,0,1.42214,0,1.34813,0,y3
13,6.04819277108434,2.0793,0,2.0793,0,1.39076,0,1.31694,0,y3
13,6.10843373493976,2.05976,0,2.05976,0,1.35262,0,1.27941,0,y3
13,6.16867469879518,2.04005,0,2.04005,0,1.3148,0,1.24211,0,y3
13,6.2289156626506,2.01988,0,2.01988,0,1.27709,0,1.20493,0,y3
13,6.28915662650602,1.9989,0,1.9989,0,1.24023,0,1.16959,0,y3
13,6.34939759036145,1.9772,0,1.9772,0,1.20479,0,1.13502,0,y3
13,6.40963855421687,1.9548,0,1.9548,0,1.17084,0,1.10096,0,y3
13,6.46987951807229,1.9317,0,1.9317,0,1.13777,0,1.06889,0,y3
13,6.53012048192771,1.90787,0,1.90787,0,1.1049,0,1.03792,0,y3
13,6.59036144578313,1.88331,0,1.88331,0,1.07254,0,1.00789,0,y3
13,6.65060240963855,1.85804,0,1.85804,0,1.04168,0,0.978732,0,y3
13,6.71084337349398,1.83206,0,1.83206,0,1.0126,0,0.950562,0,y3
13,6.7710843373494,1.80537,0,1.80537,0,0.984558,0,0.923567,0,y3
13,6.83132530120482,1.77795,0,1.77795,0,0.95651,0,0.897675,0,y3
13,6.89156626506024,1.74979,0,1.74979,0,0.929014,0,0.872514,0,y3
13,6.95180722891566,1.72091,0,1.72091,0,0.902844,0,0.848343,0,y3
13,7,1.69728,0,1.69728,0,0.883279,0,0.82999,0,y3
13,7.01204819277108,1.69129,0,1.69129,0,0.878524,0,0.825509,0,y3
13,7.07228915662651,1.66093,0,1.66093,0,0.855164,0,0.803584,0,y3
13,7.13253012048193,1.62981,0,1.62981,0,0.83215,0,0.782381,0,y3
13,7.19277108433735,1.59793,0,1.59793,0,0.80938,0,0.762159,0,y3
13,7.25301204819277,1.56529,0,1.56529,0,0.787859,0,0.742942,0,y3
13,7.31325301204819,1.53188,0,1.53188,0,0.767928,0,0.724557,0,y3
13,7.37349397590361,1.4977,0,1.4977,0,0.749309,0,0.707094,0,y3
13,7.43373493975904,1.46274,0,1.46274,0,0.730987,0,0.690781,0,y3
13,7.49397590361446,1.427,0,1.427,0,0.713363,0,0.675306,0,y3
13,7.55421686746988,1.39046,0,1.39046,0,0.696784,0,0.660209,0,y3
13,7.6144578313253,1.35313,0,1.35313,0,0.681144,0,0.646152,0,y3
13,7.67469879518072,1.31501,0,1.31501,0,0.66636,0,0.633786,0,y3
13,7.73493975903614,1.2761,0,1.2761,0,0.652198,0,0.621875,0,y3
13,7.79518072289157,1.23639,0,1.23639,0,0.638444,0,0.609821,0,y3
13,7.85542168674699,1.1959,0,1.1959,0,0.625765,0,0.599603,0,y3
13,7.91566265060241,1.15462,0,1.15462,0,0.614202,0,0.590329,0,y3
13,7.97590361445783,1.11256,0,1.11256,0,0.603187,0,0.58141,0,y3
13,8,1.09552,0,1.09552,0,0.598981,0,0.578049,0,y3
13,8.03614457831325,1.06972,0,1.06972,0,0.59293,0,0.573211,0,y3
13,8.09638554216867,1.02611,0,1.02611,0,0.583425,0,0.565751,0,y3
13,8.1566265060241,0.981747,0,0.981747,0,0.57461,0,0.559133,0,y3
13,8.21686746987952,0.936655,0,0.936655,0,0.566756,0,0.553234,0,y3
13,8.27710843373494,0.890834,0,0.890834,0,0.559628,0,0.547896,0,y3
13,8.33734939759036,0.84428,0,0.84428,0,0.552874,0,0.543196,0,y3
13,8.39759036144578,0.797038,0,0.797038,0,0.546995,0,0.539238,0,y3
13,8.45783132530121,0.749157,0,0.749157,0,0.541889,0,0.53607,0,y3
13,8.51807228915663,0.700649,0,0.700649,0,0.537307,0,0.53356,0,y3
13,8.57831325301205,0.651498,0,0.651498,0,0.533483,0,0.53161,0,y3
13,8.63855421686747,0.601739,0,0.601739,0,0.530254,0,0.530249,0,y3
13,8.69879518072289,0.551455,0,0.551455,0,0.527507,0,0.529538,0,y3
13,8.75903614457831,0.50069,0,0.50069,0,0.525591,0,0.529466,0,y3
13,8.81927710843373,0.449456,0,0.449456,0,0.524261,0,0.529961,0,y3
13,8.87951807228916,0.397774,0,0.397774,0,0.523335,0,0.530989,0,y3
13,8.93975903614458,0.345791,0,0.345791,0,0.523136,0,0.53257,0,y3
13,9,0.293579,0,0.293579,0,0.523481,0,0.534701,0,y3
13,9.06024096385542,0.241107,0,0.241107,0,0.524284,0,0.537375,0,y3
13,9.12048192771084,0.188291,0,0.188291,0,0.525764,0,0.540574,0,y3
13,9.18072289156627,0.135311,0,0.135311,0,0.527685,0,0.544281,0,y3
13,9.24096385542169,0.0823032,0,0.0823032,0,0.529994,0,0.548484,0,y3
13,9.30120481927711,0.0293333,0,0.0293333,0,0.53297,0,0.55317,0,y3
13,9.36144578313253,-0.0236153,0,-0.0236153,0,0.536442,0,0.558345,0,y3
13,9.42168674698795,-0.0763923,0,-0.0763923,0,0.54033,0,0.563993,0,y3
13,9.48192771084337,-0.12876,0,-0.12876,0,0.54471,0,0.570096,0,y3
13,9.54216867469879,-0.180753,0,-0.180753,0,0.549547,0,0.576633,0,y3
13,9.60240963855422,-0.232728,0,-0.232728,0,0.554819,0,0.583585,0,y3
13,9.66265060240964,-0.284835,0,-0.284835,0,0.560518,0,0.590929,0,y3
13,9.72289156626506,-0.336451,1,-0.336451,1,0.566635,0,0.598644,0,y3
13,9.78313253012048,-0.387334,1,-0.387334,1,0.57316,0,0.60675,0,y3
13,9.8433734939759,-0.437723,1,-0.437723,1,0.580083,0,0.615265,0,y3
13,9.90361445783133,-0.487884,1,-0.487884,1,0.587391,0,0.624164,0,y3
13,9.96385542168675,-0.537546,1,-0.537546,1,0.595073,0,0.63342,0,y3
13,10,-0.567058,1,-0.567058,1,0.599856,0,0.639133,0,y3
13,10.0240963855422,-0.58661,1,-0.58661,1,0.603116,0,0.643006,0,y3
13,10.0843373493976,-0.635032,1,-0.635032,1,0.611509,0,0.652897,0,y3
13,10.144578313253,-0.682892,1,-0.682892,1,0.620239,0,0.663068,0,y3
13,10.2048192771084,-0.730105,1,-0.730105,1,0.629293,0,0.673504,0,y3
13,10.2650602409639,-0.776604,1,-0.776604,1,0.638655,0,0.684261,0,y3
13,10.3253012048193,-0.822375,1,-0.822375,1,0.648322,0,0.695327,0,y3
13,10.3855421686747,-0.867434,1,-0.867434,1,0.658288,0,0.706673,0,y3
13,10.4457831325301,-0.911814,1,-0.911814,1,0.668542,0,0.718271,0,y3
13,10.5060240963855,-0.955416,1,-0.955416,1,0.679071,0,0.730092,0,y3
13,10.566265060241,-0.998287,1,-0.998287,1,0.689865,0,0.742112,0,y3
13,10.6265060240964,-1.04041,1,-1.04041,1,0.70091,0,0.754305,0,y3
13,10.6867469879518,-1.08187,1,-1.08187,1,0.712195,0,0.766693,0,y3
13,10.7469879518072,-1.12257,1,-1.12257,1,0.723709,0,0.779324,0,y3
13,10.8072289156626,-1.16254,1,-1.16254,1,0.735442,0,0.792169,0,y3
13,10.8674698795181,-1.20179,1,-1.20179,1,0.747383,0,0.805199,0,y3
13,10.9277108433735,-1.24042,1,-1.24042,1,0.759518,0,0.818387,0,y3
13,10.9879518072289,-1.27835,1,-1.27835,1,0.771835,0,0.831707,0,y3
13,11,-1.28585,1,-1.28585,1,0.774319,0,0.834385,0,y3
13,11.0481927710843,-1.31555,1,-1.31555,1,0.784322,0,0.845136,0,y3
13,11.1084337349398,-1.35208,1,-1.35208,1,0.796965,0,0.858656,0,y3
13,11.1686746987952,-1.38807,1,-1.38807,1,0.809706,0,0.872307,0,y3
13,11.2289156626506,-1.42349,1,-1.42349,1,0.822497,0,0.885716,0,y3
13,11.289156626506,-1.45814,1,-1.45814,1,0.835247,0,0.896658,0,y3
13,11.3493975903614,-1.49209,1,-1.49209,1,0.845542,0,0.904944,0,y3
13,11.4096385542169,-1.52565,1,-1.52565,1,0.851246,0,0.910781,0,y3
13,11.4698795180723,-1.55897,1,-1.55897,1,0.854032,0,0.914527,0,y3
13,11.5301204819277,-1.59139,1,-1.59139,1,0.855424,0,0.916651,0,y3
13,11.5903614457831,-1.62268,1,-1.62268,1,0.855174,0,0.917201,0,y3
13,11.6506024096386,-1.65396,1,-1.65396,1,0.853215,0,0.916202,0,y3
13,11.710843373494,-1.68606,1,-1.68606,1,0.849699,0,0.913692,0,y3
13,11.7710843373494,-1.71696,1,-1.71696,1,0.844651,0,0.909672,0,y3
13,11.8313253012048,-1.74461,1,-1.74461,1,0.837904,0,0.904168,0,y3
13,11.8915662650602,-1.77294,1,-1.77294,1,0.829483,0,0.897137,0,y3
13,11.9518072289157,-1.80345,1,-1.80345,1,0.819563,0,0.888585,0,y3
13,12,-1.82714,1,-1.82714,1,0.810503,0,0.880752,0,y3
13,12.0120481927711,-1.83302,1,-1.83302,1,0.808068,0,0.878652,0,y3
13,12.0722891566265,-1.86214,1,-1.86214,1,0.794838,0,0.867258,0,y3
13,12.1325301204819,-1.88969,1,-1.88969,1,0.780115,0,0.854417,0,y3
13,12.1927710843374,-1.91743,1,-1.91743,1,0.763896,0,0.840142,0,y3
13,12.2530120481928,-1.94452,1,-1.94452,1,0.746099,0,0.824314,0,y3
13,12.3132530120482,-1.96964,1,-1.96964,1,0.726923,0,0.80708,0,y3
13,12.3734939759036,-1.99667,1,-1.99667,1,0.706266,0,0.788417,0,y3
13,12.433734939759,-2.02386,1,-2.02386,1,0.684104,0,0.768249,0,y3
13,12.4939759036145,-2.05026,1,-2.05026,1,0.660612,0,0.74687,0,y3
13,12.5542168674699,-2.07616,1,-2.07616,1,0.635641,0,0.724213,0,y3
13,12.6144578313253,-2.10161,1,-2.10161,1,0.60928,0,0.700263,0,y3
13,12.6746987951807,-2.12627,1,-2.12627,1,0.581635,0,0.675157,0,y3
13,12.7349397590361,-2.15241,1,-2.15241,1,0.552581,0,0.648776,0,y3
13,12.7951807228916,-2.17754,1,-2.17754,1,0.522427,0,0.621181,0,y3
13,12.855421686747,-2.20263,1,-2.20263,1,0.491296,0,0.592408,0,y3
13,12.9156626506024,-2.22758,1,-2.22758,1,0.459122,0,0.562357,0,y3
13,12.9759036144578,-2.25072,1,-2.25072,1,0.42576,0,0.531173,0,y3
13,13,-2.25985,1,-2.25985,1,0.412048,0,0.518385,0,y3
13,13.0361445783133,-2.27368,1,-2.27368,1,0.391052,0,0.498852,0,y3
13,13.0963855421687,-2.29751,1,-2.29751,1,0.354817,0,0.465364,0,y3
13,13.1566265060241,-2.32047,1,-2.32047,1,0.316837,0,0.430852,0,y3
13,13.2168674698795,-2.34329,1,-2.34329,1,0.277315,0,0.395312,0,y3
13,13.2771084337349,-2.36748,1,-2.36748,1,0.237066,0,0.358766,0,y3
13,13.3373493975904,-2.39194,1,-2.39194,1,0.196655,0,0.321287,0,y3
13,13.3975903614458,-2.41514,1,-2.41514,1,0.155634,0,0.282912,0,y3
13,13.4578313253012,-2.43928,1,-2.43928,1,0.113206,0,0.243444,0,y3
13,13.5180722891566,-2.46169,1,-2.46169,1,0.0688975,0,0.202752,0,y3
13,13.578313253012,-2.48324,1,-2.48324,1,0.0237224,0,0.160894,0,y3
13,13.6385542168675,-2.5071,1,-2.5071,1,-0.0213538,0,0.118309,0,y3
13,13.6987951807229,-2.52778,1,-2.52778,1,-0.0665299,0,0.0753152,0,y3
13,13.7590361445783,-2.55098,1,-2.55098,1,-0.114841,0,0.0318902,0,y3
13,13.8192771084337,-2.57414,1,-2.57414,1,-0.165052,0,-0.012798,0,y3
13,13.8795180722892,-2.5964,1,-2.5964,1,-0.214134,0,-0.0587352,0,y3
13,13.9397590361446,-2.61893,1,-2.61893,1,-0.263678,0,-0.105734,0,y3
13,14,-2.64092,1,-2.64092,1,-0.31454,1,-0.153489,0,y3
14,-1,-7,1,-7,1,-7,1,-7,1,y3
14,-0.9397590361445783,-7,1,-7,1,-7,1,-7,1,y3
14,-0.8795180722891567,-7,1,-7,1,-7,1,-7,1,y3
14,-0.8192771084337349,-7,1,-7,1,-7,1,-7,1,y3
14,-0.7590361445783133,-7,1,-7,1,-7,1,-7,1,y3
14,-0.6987951807228916,-7,1,-7,1,-7,1,-7,1,y3
14,-0.6385542168674698,-7,1,-7,1,-7,1,-7,1,y3
14,-0.5783132530120482,-7,1,-7,1,-7,1,-7,1,y3
14,-0.5180722891566265,-7,1,-7,1,-7,1,-7,1,y3
14,-0.4578313253012049,-7,1,-7,1,-7,1,-7,1,y3
14,-0.3975903614457832,-7,1,-7,1,-7,1,-7,1,y3
14,-0.3373493975903614,-7,1,-7,1,-7,1,-7,1,y3
14,-0.2771084337349398,-7,1,-7,1,-7,1,-7,1,y3
14,-0.2168674698795181,-7,1,-7,1,-7,1,-7,1,y3
14,-0.1566265060240963,-7,1,-7,1,-7,1,-7,1,y3
14,-0.0963855421686747,-7,1,-7,1,-7,1,-7,1,y3
14,-0.036144578313253,-7,1,-7,1,-7,1,-7,1,y3
14,0,-7,1,-7,1,-7,1,-7,1,y3
14,0.0240963855421688,-7,1,-7,1,-7,1,-7,1,y3
14,0.0843373493975903,-7,1,-7,1,-7,1,-7,1,y3
14,0.1445783132530121,-7,1,-7,1,-7,1,-7,1,y3
14,0.2048192771084336,-7,1,-7,1,-7,1,-7,1,y3
14,0.2650602409638554,-7,1,-7,1,-7,1,-7,1,y3
14,0.3253012048192772,-7,1,-7,1,-7,1,-7,1,y3
14,0.3855421686746987,-7,1,-7,1,-7,1,-7,1,y3
14,0.4457831325301205,-7,1,-7,1,-7,1,-7,1,y3
14,0.5060240963855422,-7,1,-7,1,-7,1,-7,1,y3
14,0.5662650602409638,-7,1,-7,1,-7,1,-7,1,y3
14,0.6265060240963856,-7,1,-7,1,-7,1,-7,1,y3
14,0.6867469879518073,-7,1,-7,1,-7,1,-7,1,y3
14,0.7469879518072289,-7,1,-7,1,-7,1,-7,1,y3
14,0.8072289156626506,-7,1,-7,1,-7,1,-7,1,y3
14,0.8674698795180722,-7,1,-7,1,-7,1,-7,1,y3
14,0.927710843373494,-7,1,-7,1,-7,1,-7,1,y3
14,0.9879518072289157,-7,1,-7,1,-7,1,-7,1,y3
14,1,-7,1,-7,1,-7,1,-7,1,y3
14,1.04819277108434,-7,1,-7,1,-7,1,-7,1,y3
14,1.10843373493976,-7,1,-7,1,-7,1,-7,1,y3
14,1.16867469879518,-7,1,-7,1,-7,1,-7,1,y3
14,1.2289156626506,-7,1,-7,1,-7,1,-7,1,y3
14,1.28915662650602,-7,1,-7,1,-7,1,-7,1,y3
14,1.34939759036145,-7,1,-7,1,-7,1,-7,1,y3
14,1.40963855421687,-7,1,-7,1,-7,1,-7,1,y3
14,1.46987951807229,-7,1,-7,1,-7,1,-7,1,y3
14,1.53012048192771,-7,1,-7,1,-7,1,-7,1,y3
14,1.59036144578313,-7,1,-7,1,-7,1,-7,1,y3
14,1.65060240963855,-7,1,-7,1,-7,1,-7,1,y3
14,1.71084337349398,-4.69025,1,-4.69025,1,-5.4615,1,-7,1,y3
14,1.7710843373494,-3.62994,1,-3.62994,1,-2.99346,1,-4.42622,1,y3
14,1.83132530120482,-2.86293,1,-2.86293,1,-1.79345,1,-2.62481,1,y3
14,1.89156626506024,-2.26943,1,-2.26943,1,-0.996439,1,-1.59427,1,y3
14,1.95180722891566,-1.78875,1,-1.78875,1,-0.408488,1,-0.883783,1,y3
14,2,-1.46182,1,-1.46182,1,-0.031592,0,-0.443248,1,y3
14,2.01204819277108,-1.38661,1,-1.38661,1,0.053329,0,-0.345211,1,y3
14,2.07228915662651,-1.04235,1,-1.04235,1,0.433009,0,0.0867848,0,y3
14,2.13253012048193,-0.743012,1,-0.743012,1,0.753732,0,0.445099,0,y3
14,2.19277108433735,-0.478126,1,-0.478126,1,1.02998,0,0.749852,0,y3
14,2.25301204819277,-0.242663,0,-0.242663,0,1.2714,0,1.01377,0,y3
14,2.31325301204819,-0.030277,0,-0.030277,0,1.48464,0,1.24544,0,y3
14,2.37349397590361,0.162518,0,0.162518,0,1.67451,0,1.45087,0,y3
14,2.43373493975904,0.338668,0,0.338668,0,1.8444,0,1.63439,0,y3
14,2.49397590361446,0.500817,0,0.500817,0,1.99666,0,1.7992,0,y3
14,2.55421686746988,0.651375,0,0.651375,0,2.13312,0,1.94763,0,y3
14,2.6144578313253,0.789617,0,0.789617,0,2.25534,0,2.08146,0,y3
14,2.67469879518072,0.917607,0,0.917607,0,2.36443,0,2.20199,0,y3
14,2.73493975903614,1.03691,0,1.03691,0,2.46113,0,2.31021,0,y3
14,2.79518072289157,1.14812,0,1.14812,0,2.54596,0,2.40679,0,y3
14,2.85542168674699,1.25205,0,1.25205,0,2.61957,0,2.49216,0,y3
14,2.91566265060241,1.34943,0,1.34943,0,2.68277,0,2.56708,0,y3
14,2.97590361445783,1.44076,0,1.44076,0,2.7361,0,2.63217,0,y3
14,3,1.47569,0,1.47569,0,2.75482,0,2.65555,0,y3
14,3.03614457831325,1.52647,0,1.52647,0,2.78021,0,2.68791,0,y3
14,3.09638554216868,1.60695,0,1.60695,0,2.81552,0,2.73487,0,y3
14,3.1566265060241,1.68253,0,1.68253,0,2.84284,0,2.77334,0,y3
14,3.21686746987952,1.75343,0,1.75343,0,2.86329,0,2.80372,0,y3
14,3.27710843373494,1.81992,0,1.81992,0,2.87758,0,2.8273,0,y3
14,3.33734939759036,1.88216,0,1.88216,0,2.88646,0,2.84487,0,y3
14,3.39759036144578,1.94031,0,1.94031,0,2.89079,0,2.85678,0,y3
14,3.45783132530121,1.99452,0,1.99452,0,2.89112,0,2.8632,0,y3
14,3.51807228915663,2.0449,0,2.0449,0,2.8881,0,2.86573,0,y3
14,3.57831325301205,2.09157,0,2.09157,0,2.8823,0,2.86473,0,y3
14,3.63855421686747,2.13461,0,2.13461,0,2.87415,0,2.86062,0,y3
14,3.69879518072289,2.17411,0,2.17411,0,2.86388,0,2.85383,0,y3
14,3.75903614457831,2.21017,0,2.21017,0,2.85159,0,2.84471,0,y3
14,3.81927710843373,2.24288,0,2.24288,0,2.83761,0,2.83356,0,y3
14,3.87951807228916,2.2723,0,2.2723,0,2.82216,0,2.82065,0,y3
14,3.93975903614458,2.29856,0,2.29856,0,2.80536,0,2.8062,0,y3
14,4,2.32171,0,2.32171,0,2.78738,0,2.79039,0,y3
14,4.06024096385542,2.34189,0,2.34189,0,2.76836,0,2.77339,0,y3
14,4.12048192771084,2.35923,0,2.35923,0,2.74838,0,2.75532,0,y3
14,4.18072289156626,2.37382,0,2.37382,0,2.72751,0,2.73629,0,y3
14,4.24096385542169,2.38578,0,2.38578,0,2.70584,0,2.71639,0,y3
14,4.30120481927711,2.39522,0,2.39522,0,2.6834,0,2.69568,0,y3
14,4.36144578313253,2.40227,0,2.40227,0,2.66025,0,2.67424,0,y3
14,4.42168674698795,2.40706,0,2.40706,0,2.63642,0,2.65211,0,y3
14,4.48192771084337,2.40973,0,2.40973,0,2.61193,0,2.62932,0,y3
14,4.54216867469879,2.41039,0,2.41039,0,2.58682,0,2.60591,0,y3
14,4.60240963855422,2.40917,0,2.40917,0,2.5611,0,2.58191,0,y3
14,4.66265060240964,2.40619,0,2.40619,0,2.53477,0,2.55734,0,y3
14,4.72289156626506,2.40161,0,2.40161,0,2.50785,0,2.53221,0,y3
14,4.78313253012048,2.3956,0,2.3956,0,2.48035,0,2.50653,0,y3
14,4.8433734939759,2.38823,0,2.38823,0,2.45226,0,2.48031,0,y3
14,4.90361445783132,2.37959,0,2.37959,0,2.4236,0,2.45356,0,y3
14,4.96385542168675,2.36978,0,2.36978,0,2.39435,0,2.42628,0,y3
14,5,2.36337,0,2.36337,0,2.37652,0,2.40966,0,y3
14,5.02409638554217,2.3589,0,2.3589,0,2.36451,0,2.39847,0,y3
14,5.08433734939759,2.34708,0,2.34708,0,2.33409,0,2.37014,0,y3
14,5.14457831325301,2.3344,0,2.3344,0,2.30308,0,2.34128,0,y3
14,5.20481927710843,2.32093,0,2.32093,0,2.27147,0,2.31189,0,y3
14,5.26506024096386,2.30672,0,2.30672,0,2.23926,0,2.28197,0,y3
14,5.32530120481928,2.29185,0,2.29185,0,2.20644,0,2.25152,0,y3
14,5.3855421686747,2.27634,0,2.27634,0,2.17301,0,2.22053,0,y3
14,5.44578313253012,2.26027,0,2.26027,0,2.13896,0,2.18899,0,y3
14,5.50602409638554,2.24372,0,2.24372,0,2.10428,0,2.15691,0,y3
14,5.56626506024096,2.22677,0,2.22677,0,2.06897,0,2.12427,0,y3
14,5.62650602409639,2.20946,0,2.20946,0,2.03301,0,2.09108,0,y3
14,5.68674698795181,2.19181,0,2.19181,0,1.9964,0,2.05732,0,y3
14,5.74698795180723,2.17377,0,2.17377,0,1.95914,0,2.02299,0,y3
14,5.80722891566265,2.15539,0,2.15539,0,1.92121,0,1.9881,0,y3
14,5.86746987951807,2.13673,0,2.13673,0,1.88262,0,1.95262,0,y3
14,5.92771084337349,2.11781,0,2.11781,0,1.84335,0,1.91656,0,y3
14,5.98795180722892,2.09866,0,2.09866,0,1.80339,0,1.87991,0,y3
14,6,2.09481,0,2.09481,0,1.79532,0,1.87251,0,y3
14,6.04819277108434,2.0793,0,2.0793,0,1.76276,0,1.84267,0,y3
14,6.10843373493976,2.05976,0,2.05976,0,1.72142,0,1.80483,0,y3
14,6.16867469879518,2.04005,0,2.04005,0,1.67939,0,1.76639,0,y3
14,6.2289156626506,2.01988,0,2.01988,0,1.63667,0,1.72735,0,y3
14,6.28915662650602,1.9989,0,1.9989,0,1.59324,0,1.6877,0,y3
14,6.34939759036145,1.9772,0,1.9772,0,1.5491,0,1.64744,0,y3
14,6.40963855421687,1.9548,0,1.9548,0,1.50426,0,1.60657,0,y3
14,6.46987951807229,1.9317,0,1.9317,0,1.45872,0,1.56509,0,y3
14,6.53012048192771,1.90787,0,1.90787,0,1.41246,0,1.52299,0,y3
14,6.59036144578313,1.88331,0,1.88331,0,1.36552,0,1.48029,0,y3
14,6.65060240963855,1.85804,0,1.85804,0,1.31788,0,1.43697,0,y3
14,6.71084337349398,1.83206,0,1.83206,0,1.26952,0,1.39305,0,y3
14,6.7710843373494,1.80537,0,1.80537,0,1.22048,0,1.34854,0,y3
14,6.83132530120482,1.77795,0,1.77795,0,1.17076,0,1.30342,0,y3
14,6.89156626506024,1.74979,0,1.74979,0,1.12037,0,1.25772,0,y3
14,6.95180722891566,1.72091,0,1.72091,0,1.0693,0,1.21144,0,y3
14,7,1.69728,0,1.69728,0,1.02798,0,1.174,0,y3
14,7.01204819277108,1.69129,0,1.69129,0,1.01759,0,1.16459,0,y3
14,7.07228915662651,1.66093,0,1.66093,0,0.965247,0,1.11719,0,y3
14,7.13253012048193,1.62981,0,1.62981,0,0.912319,0,1.06927,0,y3
14,7.19277108433735,1.59793,0,1.59793,0,0.858849,0,1.02085,0,y3
14,7.25301204819277,1.56529,0,1.56529,0,0.804905,0,0.971966,0,y3
14,7.31325301204819,1.53188,0,1.53188,0,0.750515,0,0.922622,0,y3
14,7.37349397590361,1.4977,0,1.4977,0,0.695656,0,0.872826,0,y3
14,7.43373493975904,1.46274,0,1.46274,0,0.640329,0,0.822588,0,y3
14,7.49397590361446,1.427,0,1.427,0,0.584523,0,0.771907,0,y3
14,7.55421686746988,1.39046,0,1.39046,0,0.528207,0,0.72078,0,y3
14,7.6144578313253,1.35313,0,1.35313,0,0.471399,0,0.669221,0,y3
14,7.67469879518072,1.31501,0,1.31501,0,0.414204,0,0.61731,0,y3
14,7.73493975903614,1.2761,0,1.2761,0,0.356761,0,0.565135,0,y3
14,7.79518072289157,1.23639,0,1.23639,0,0.299327,0,0.512839,0,y3
14,7.85542168674699,1.1959,0,1.1959,0,0.242348,0,0.460648,0,y3
14,7.91566265060241,1.15462,0,1.15462,0,0.186018,0,0.408866,0,y3
14,7.97590361445783,1.11256,0,1.11256,0,0.130041,0,0.357314,0,y3
14,8,1.09552,0,1.09552,0,0.107747,0,0.336722,0,y3
14,8.03614457831325,1.06972,0,1.06972,0,0.0743954,0,0.305846,0,y3
14,8.09638554216867,1.02611,0,1.02611,0,0.0190351,0,0.254327,0,y3
14,8.1566265060241,0.981747,0,0.981747,0,-0.0359652,0,0.202631,0,y3
14,8.21686746987952,0.936655,0,0.936655,0,-0.0905348,0,0.150919,0,y3
14,8.27710843373494,0.890834,0,0.890834,0,-0.144543,0,0.0993292,0,y3
14,8.33734939759036,0.84428,0,0.84428,0,-0.197946,0,0.0481426,0,y3
14,8.39759036144578,0.797038,0,0.797038,0,-0.250562,0,-0.00247971,0,y3
14,8.45783132530121,0.749157,0,0.749157,0,-0.302045,0,-0.0524209,0,y3
14,8.51807228915663,0.700649,0,0.700649,0,-0.352477,1,-0.101509,0,y3
14,8.57831325301205,0.651498,0,0.651498,0,-0.402022,1,-0.149881,0,y3
14,8.63855421686747,0.601739,0,0.601739,0,-0.450611,1,-0.197669,0,y3
14,8.69879518072289,0.551455,0,0.551455,0,-0.498023,1,-0.244677,0,y3
14,8.75903614457831,0.50069,0,0.50069,0,-0.544272,1,-0.290637,0,y3
14,8.81927710843373,0.449456,0,0.449456,0,-0.589573,1,-0.335726,1,y3
14,8.87951807228916,0.397774,0,0.397774,0,-0.633788,1,-0.380336,1,y3
14,8.93975903614458,0.345791,0,0.345791,0,-0.676356,1,-0.424236,1,y3
14,9,0.293579,0,0.293579,0,-0.717261,1,-0.466448,1,y3
14,9.06024096385542,0.241107,0,0.241107,0,-0.757163,1,-0.506706,1,y3
14,9.12048192771084,0.188291,0,0.188291,0,-0.79613,1,-0.54672,1,y3
14,9.18072289156627,0.135311,0,0.135311,0,-0.833477,1,-0.587653,1,y3
14,9.24096385542169,0.0823032,0,0.0823032,0,-0.869351,1,-0.626444,1,y3
14,9.30120481927711,0.0293333,0,0.0293333,0,-0.905085,1,-0.662504,1,y3
14,9.36144578313253,-0.0236153,0,-0.0236153,0,-0.940532,1,-0.697802,1,y3
14,9.42168674698795,-0.0763923,0,-0.0763923,0,-0.973045,1,-0.731655,1,y3
14,9.48192771084337,-0.12876,0,-0.12876,0,-1.00278,1,-0.76432,1,y3
14,9.54216867469879,-0.180753,0,-0.180753,0,-1.03393,1,-0.797667,1,y3
14,9.60240963855422,-0.232728,0,-0.232728,0,-1.06444,1,-0.829193,1,y3
14,9.66265060240964,-0.284835,0,-0.284835,0,-1.09378,1,-0.858093,1,y3
14,9.72289156626506,-0.336451,1,-0.336451,1,-1.12256,1,-0.889687,1,y3
14,9.78313253012048,-0.387334,1,-0.387334,1,-1.14829,1,-0.918406,1,y3
14,9.8433734939759,-0.437723,1,-0.437723,1,-1.17432,1,-0.945199,1,y3
14,9.90361445783133,-0.487884,1,-0.487884,1,-1.2014,1,-0.971676,1,y3
14,9.96385542168675,-0.537546,1,-0.537546,1,-1.22474,1,-0.997064,1,y3
14,10,-0.567058,1,-0.567058,1,-1.23807,1,-1.01188,1,y3
14,10.0240963855422,-0.58661,1,-0.58661,1,-1.24696,1,-1.0216,1,y3
14,10.0843373493976,-0.635032,1,-0.635032,1,-1.26826,1,-1.04533,1,y3
14,10.144578313253,-0.682892,1,-0.682892,1,-1.28891,1,-1.06825,1,y3
14,10.2048192771084,-0.730105,1,-0.730105,1,-1.31108,1,-1.09039,1,y3
14,10.2650602409639,-0.776604,1,-0.776604,1,-1.33048,1,-1.11179,1,y3
14,10.3253012048193,-0.822375,1,-0.822375,1,-1.34802,1,-1.13248,1,y3
14,10.3855421686747,-0.867434,1,-0.867434,1,-1.36816,1,-1.15247,1,y3
14,10.4457831325301,-0.911814,1,-0.911814,1,-1.3878,1,-1.17173,1,y3
14,10.5060240963855,-0.955416,1,-0.955416,1,-1.40712,1,-1.19035,1,y3
14,10.566265060241,-0.998287,1,-0.998287,1,-1.4252,1,-1.20847,1,y3
14,10.6265060240964,-1.04041,1,-1.04041,1,-1.44047,1,-1.22599,1,y3
14,10.6867469879518,-1.08187,1,-1.08187,1,-1.45853,1,-1.24273,1,y3
14,10.7469879518072,-1.12257,1,-1.12257,1,-1.47642,1,-1.25912,1,y3
14,10.8072289156626,-1.16254,1,-1.16254,1,-1.49014,1,-1.27531,1,y3
14,10.8674698795181,-1.20179,1,-1.20179,1,-1.50364,1,-1.2906,1,y3
14,10.9277108433735,-1.24042,1,-1.24042,1,-1.51837,1,-1.30519,1,y3
14,10.9879518072289,-1.27835,1,-1.27835,1,-1.53288,1,-1.32021,1,y3
14,11,-1.28585,1,-1.28585,1,-1.53537,1,-1.32324,1,y3
14,11.0481927710843,-1.31555,1,-1.31555,1,-1.54512,1,-1.33509,1,y3
14,11.1084337349398,-1.35208,1,-1.35208,1,-1.55901,1,-1.34869,1,y3
14,11.1686746987952,-1.38807,1,-1.38807,1,-1.57372,1,-1.3621,1,y3
14,11.2289156626506,-1.42349,1,-1.42349,1,-1.5875,1,-1.37597,1,y3
14,11.289156626506,-1.45814,1,-1.45814,1,-1.59994,1,-1.38834,1,y3
14,11.3493975903614,-1.49209,1,-1.49209,1,-1.61351,1,-1.39949,1,y3
14,11.4096385542169,-1.52565,1,-1.52565,1,-1.62474,1,-1.41274,1,y3
14,11.4698795180723,-1.55897,1,-1.55897,1,-1.63468,1,-1.42576,1,y3
14,11.5301204819277,-1.59139,1,-1.59139,1,-1.64859,1,-1.43682,1,y3
14,11.5903614457831,-1.62268,1,-1.62268,1,-1.66237,1,-1.44817,1,y3
14,11.6506024096386,-1.65396,1,-1.65396,1,-1.67355,1,-1.45897,1,y3
14,11.710843373494,-1.68606,1,-1.68606,1,-1.68363,1,-1.47058,1,y3
14,11.7710843373494,-1.71696,1,-1.71696,1,-1.69664,1,-1.48136,1,y3
14,11.8313253012048,-1.74461,1,-1.74461,1,-1.70959,1,-1.49247,1,y3
14,11.8915662650602,-1.77294,1,-1.77294,1,-1.72028,1,-1.50342,1,y3
14,11.9518072289157,-1.80345,1,-1.80345,1,-1.73284,1,-1.51316,1,y3
14,12,-1.82714,1,-1.82714,1,-1.74213,1,-1.52301,1,y3
14,12.0120481927711,-1.83302,1,-1.83302,1,-1.74406,1,-1.52523,1,y3
14,12.0722891566265,-1.86214,1,-1.86214,1,-1.75358,1,-1.53357,1,y3
14,12.1325301204819,-1.88969,1,-1.88969,1,-1.7637,1,-1.54415,1,y3
14,12.1927710843374,-1.91743,1,-1.91743,1,-1.77531,1,-1.55382,1,y3
14,12.2530120481928,-1.94452,1,-1.94452,1,-1.78625,1,-1.5639,1,y3
14,12.3132530120482,-1.96964,1,-1.96964,1,-1.7999,1,-1.57503,1,y3
14,12.3734939759036,-1.99667,1,-1.99667,1,-1.80978,1,-1.58432,1,y3
14,12.433734939759,-2.02386,1,-2.02386,1,-1.81899,1,-1.59515,1,y3
14,12.4939759036145,-2.05026,1,-2.05026,1,-1.8294,1,-1.60531,1,y3
14,12.5542168674699,-2.07616,1,-2.07616,1,-1.84097,1,-1.61577,1,y3
14,12.6144578313253,-2.10161,1,-2.10161,1,-1.85122,1,-1.62462,1,y3
14,12.6746987951807,-2.12627,1,-2.12627,1,-1.86331,1,-1.63407,1,y3
14,12.7349397590361,-2.15241,1,-2.15241,1,-1.87425,1,-1.64428,1,y3
14,12.7951807228916,-2.17754,1,-2.17754,1,-1.88536,1,-1.65453,1,y3
14,12.855421686747,-2.20263,1,-2.20263,1,-1.89632,1,-1.66496,1,y3
14,12.9156626506024,-2.22758,1,-2.22758,1,-1.90737,1,-1.67518,1,y3
14,12.9759036144578,-2.25072,1,-2.25072,1,-1.91841,1,-1.68339,1,y3
14,13,-2.25985,1,-2.25985,1,-1.92287,1,-1.68705,1,y3
14,13.0361445783133,-2.27368,1,-2.27368,1,-1.92953,1,-1.69323,1,y3
14,13.0963855421687,-2.29751,1,-2.29751,1,-1.94055,1,-1.70292,1,y3
14,13.1566265060241,-2.32047,1,-2.32047,1,-1.95174,1,-1.71321,1,y3
14,13.2168674698795,-2.34329,1,-2.34329,1,-1.96289,1,-1.72335,1,y3
14,13.2771084337349,-2.36748,1,-2.36748,1,-1.97397,1,-1.73293,1,y3
14,13.3373493975904,-2.39194,1,-2.39194,1,-1.98528,1,-1.74308,1,y3
14,13.3975903614458,-2.41514,1,-2.41514,1,-1.9965,1,-1.75381,1,y3
14,13.4578313253012,-2.43928,1,-2.43928,1,-2.00767,1,-1.76287,1,y3
14,13.5180722891566,-2.46169,1,-2.46169,1,-2.0192,1,-1.77305,1,y3
14,13.578313253012,-2.48324,1,-2.48324,1,-2.03062,1,-1.78325,1,y3
14,13.6385542168675,-2.5071,1,-2.5071,1,-2.04194,1,-1.79338,1,y3
14,13.6987951807229,-2.52778,1,-2.52778,1,-2.05352,1,-1.80355,1,y3
14,13.7590361445783,-2.55098,1,-2.55098,1,-2.06476,1,-1.81375,1,y3
14,13.8192771084337,-2.57414,1,-2.57414,1,-2.07615,1,-1.82394,1,y3
14,13.8795180722892,-2.5964,1,-2.5964,1,-2.08822,1,-1.83416,1,y3
14,13.9397590361446,-2.61893,1,-2.61893,1,-2.09911,1,-1.84447,1,y3
14,14,-2.64092,1,-2.64092,1,-2.11,1,-1.85486,1,y3
15,-1,-7,1,-7,1,-7,1,-7,1,y3
15,-0.9397590361445783,-7,1,-7,1,-7,1,-7,1,y3
15,-0.8795180722891567,-7,1,-7,1,-7,1,-7,1,y3
15,-0.8192771084337349,-7,1,-7,1,-7,1,-7,1,y3
15,-0.7590361445783133,-7,1,-7,1,-7,1,-7,1,y3
15,-0.6987951807228916,-7,1,-7,1,-7,1,-7,1,y3
15,-0.6385542168674698,-7,1,-7,1,-7,1,-7,1,y3
15,-0.5783132530120482,-7,1,-7,1,-7,1,-7,1,y3
15,-0.5180722891566265,-7,1,-7,1,-7,1,-7,1,y3
15,-0.4578313253012049,-7,1,-7,1,-7,1,-7,1,y3
15,-0.3975903614457832,-7,1,-7,1,-7,1,-7,1,y3
15,-0.3373493975903614,-7,1,-7,1,-7,1,-7,1,y3
15,-0.2771084337349398,-7,1,-7,1,-7,1,-7,1,y3
15,-0.2168674698795181,-7,1,-7,1,-7,1,-7,1,y3
15,-0.1566265060240963,-7,1,-7,1,-7,1,-7,1,y3
15,-0.0963855421686747,-7,1,-7,1,-7,1,-7,1,y3
15,-0.036144578313253,-7,1,-7,1,-7,1,-7,1,y3
15,0,-7,1,-7,1,-7,1,-7,1,y3
15,0.0240963855421688,-7,1,-7,1,-7,1,-7,1,y3
15,0.0843373493975903,-7,1,-7,1,-7,1,-7,1,y3
15,0.1445783132530121,-7,1,-7,1,-7,1,-7,1,y3
15,0.2048192771084336,-7,1,-7,1,-7,1,-7,1,y3
15,0.2650602409638554,-7,1,-7,1,-7,1,-7,1,y3
15,0.3253012048192772,-7,1,-7,1,-7,1,-7,1,y3
15,0.3855421686746987,-7,1,-7,1,-7,1,-7,1,y3
15,0.4457831325301205,-7,1,-7,1,-7,1,-7,1,y3
15,0.5060240963855422,-7,1,-7,1,-7,1,-7,1,y3
15,0.5662650602409638,-7,1,-7,1,-7,1,-7,1,y3
15,0.6265060240963856,-7,1,-7,1,-7,1,-7,1,y3
15,0.6867469879518073,-7,1,-7,1,-7,1,-7,1,y3
15,0.7469879518072289,-7,1,-7,1,-7,1,-7,1,y3
15,0.8072289156626506,-7,1,-7,1,-7,1,-7,1,y3
15,0.8674698795180722,-7,1,-7,1,-7,1,-7,1,y3
15,0.927710843373494,-7,1,-7,1,-7,1,-7,1,y3
15,0.9879518072289157,-7,1,-7,1,-7,1,-7,1,y3
15,1,-7,1,-7,1,-7,1,-7,1,y3
15,1.04819277108434,-7,1,-7,1,-7,1,-7,1,y3
15,1.10843373493976,-7,1,-7,1,-7,1,-7,1,y3
15,1.16867469879518,-7,1,-7,1,-7,1,-7,1,y3
15,1.2289156626506,-7,1,-7,1,-7,1,-7,1,y3
15,1.28915662650602,-7,1,-7,1,-7,1,-7,1,y3
15,1.34939759036145,-7,1,-7,1,-7,1,-7,1,y3
15,1.40963855421687,-7,1,-7,1,-7,1,-7,1,y3
15,1.46987951807229,-7,1,-7,1,-7,1,-7,1,y3
15,1.53012048192771,-7,1,-7,1,-7,1,-7,1,y3
15,1.59036144578313,-7,1,-7,1,-7,1,-7,1,y3
15,1.65060240963855,-7,1,-7,1,-7,1,-7,1,y3
15,1.71084337349398,-4.69025,1,-4.69025,1,-7,1,-7,1,y3
15,1.7710843373494,-3.62994,1,-3.62994,1,-7,1,-7,1,y3
15,1.83132530120482,-2.86293,1,-2.86293,1,-7,1,-7,1,y3
15,1.89156626506024,-2.26943,1,-2.26943,1,-7,1,-7,1,y3
15,1.95180722891566,-1.78875,1,-1.78875,1,-7,1,-7,1,y3
15,2,-1.46182,1,-1.46182,1,-7,1,-7,1,y3
15,2.01204819277108,-1.38661,1,-1.38661,1,-7,1,-7,1,y3
15,2.07228915662651,-1.04235,1,-1.04235,1,-7,1,-7,1,y3
15,2.13253012048193,-0.743012,1,-0.743012,1,-7,1,-7,1,y3
15,2.19277108433735,-0.478126,1,-0.478126,1,-7,1,-7,1,y3
15,2.25301204819277,-0.242663,0,-0.242663,0,-6.89293,1,-7,1,y3
15,2.31325301204819,-0.030277,0,-0.030277,0,-4.29326,1,-7,1,y3
15,2.37349397590361,0.162518,0,0.162518,0,-3.73191,1,-6.88226,1,y3
15,2.43373493975904,0.338668,0,0.338668,0,-3.23361,1,-4.27081,1,y3
15,2.49397590361446,0.500817,0,0.500817,0,-2.79625,1,-3.70878,1,y3
15,2.55421686746988,0.651375,0,0.651375,0,-2.4092,1,-3.20844,1,y3
15,2.6144578313253,0.789617,0,0.789617,0,-2.06346,1,-2.76823,1,y3
15,2.67469879518072,0.917607,0,0.917607,0,-1.7522,1,-2.37759,1,y3
15,2.73493975903614,1.03691,0,1.03691,0,-1.46837,1,-2.02821,1,y3
15,2.79518072289157,1.14812,0,1.14812,0,-1.21013,1,-1.7129,1,y3
15,2.85542168674699,1.25205,0,1.25205,0,-0.968746,1,-1.42549,1,y3
15,2.91566265060241,1.34943,0,1.34943,0,-0.74952,1,-1.1631,1,y3
15,2.97590361445783,1.44076,0,1.44076,0,-0.548195,1,-0.918087,1,y3
15,3,1.47569,0,1.47569,0,-0.47207,1,-0.826499,1,y3
15,3.03614457831325,1.52647,0,1.52647,0,-0.361655,1,-0.694543,1,y3
15,3.09638554216868,1.60695,0,1.60695,0,-0.187808,0,-0.489168,1,y3
15,3.1566265060241,1.68253,0,1.68253,0,-0.02523,0,-0.298341,0,y3
15,3.21686746987952,1.75343,0,1.75343,0,0.127126,0,-0.120202,0,y3
15,3.27710843373494,1.81992,0,1.81992,0,0.269385,0,0.0464481,0,y3
15,3.33734939759036,1.88216,0,1.88216,0,0.40342,0,0.202487,0,y3
15,3.39759036144578,1.94031,0,1.94031,0,0.529752,0,0.348568,0,y3
15,3.45783132530121,1.99452,0,1.99452,0,0.64889,0,0.486247,0,y3
15,3.51807228915663,2.0449,0,2.0449,0,0.76134,0,0.616126,0,y3
15,3.57831325301205,2.09157,0,2.09157,0,0.867577,0,0.738798,0,y3
15,3.63855421686747,2.13461,0,2.13461,0,0.968011,0,0.854694,0,y3
15,3.69879518072289,2.17411,0,2.17411,0,1.06304,0,0.964278,0,y3
15,3.75903614457831,2.21017,0,2.21017,0,1.15295,0,1.06795,0,y3
15,3.81927710843373,2.24288,0,2.24288,0,1.23801,0,1.16607,0,y3
15,3.87951807228916,2.2723,0,2.2723,0,1.31849,0,1.25897,0,y3
15,3.93975903614458,2.29856,0,2.29856,0,1.39453,0,1.34686,0,y3
15,4,2.32171,0,2.32171,0,1.46636,0,1.42998,0,y3
15,4.06024096385542,2.34189,0,2.34189,0,1.53409,0,1.50852,0,y3
15,4.12048192771084,2.35923,0,2.35923,0,1.59788,0,1.58257,0,y3
15,4.18072289156626,2.37382,0,2.37382,0,1.65782,0,1.6523,0,y3
15,4.24096385542169,2.38578,0,2.38578,0,1.71399,0,1.71779,0,y3
15,4.30120481927711,2.39522,0,2.39522,0,1.76645,0,1.77915,0,y3
15,4.36144578313253,2.40227,0,2.40227,0,1.81525,0,1.83643,0,y3
15,4.42168674698795,2.40706,0,2.40706,0,1.86042,0,1.88965,0,y3
15,4.48192771084337,2.40973,0,2.40973,0,1.90202,0,1.93886,0,y3
15,4.54216867469879,2.41039,0,2.41039,0,1.94007,0,1.98406,0,y3
15,4.60240963855422,2.40917,0,2.40917,0,1.97462,0,2.02525,0,y3
15,4.66265060240964,2.40619,0,2.40619,0,2.0057,0,2.06249,0,y3
15,4.72289156626506,2.40161,0,2.40161,0,2.03332,0,2.0958,0,y3
15,4.78313253012048,2.3956,0,2.3956,0,2.05754,0,2.12521,0,y3
15,4.8433734939759,2.38823,0,2.38823,0,2.07838,0,2.15078,0,y3
15,4.90361445783132,2.37959,0,2.37959,0,2.09591,0,2.17254,0,y3
15,4.96385542168675,2.36978,0,2.36978,0,2.11022,0,2.19056,0,y3
15,5,2.36337,0,2.36337,0,2.11727,0,2.19959,0,y3
15,5.02409638554217,2.3589,0,2.3589,0,2.12136,0,2.20487,0,y3
15,5.08433734939759,2.34708,0,2.34708,0,2.12943,0,2.21557,0,y3
15,5.14457831325301,2.3344,0,2.3344,0,2.13452,0,2.22279,0,y3
15,5.20481927710843,2.32093,0,2.32093,0,2.1367,0,2.22667,0,y3
15,5.26506024096386,2.30672,0,2.30672,0,2.13609,0,2.2273,0,y3
15,5.32530120481928,2.29185,0,2.29185,0,2.13277,0,2.22482,0,y3
15,5.3855421686747,2.27634,0,2.27634,0,2.12691,0,2.21934,0,y3
15,5.44578313253012,2.26027,0,2.26027,0,2.11868,0,2.21104,0,y3
15,5.50602409638554,2.24372,0,2.24372,0,2.10828,0,2.20008,0,y3
15,5.56626506024096,2.22677,0,2.22677,0,2.09582,0,2.18656,0,y3
15,5.62650602409639,2.20946,0,2.20946,0,2.08144,0,2.17066,0,y3
15,5.68674698795181,2.19181,0,2.19181,0,2.06537,0,2.15265,0,y3
15,5.74698795180723,2.17377,0,2.17377,0,2.04775,0,2.13289,0,y3
15,5.80722891566265,2.15539,0,2.15539,0,2.02859,0,2.11169,0,y3
15,5.86746987951807,2.13673,0,2.13673,0,2.00794,0,2.08895,0,y3
15,5.92771084337349,2.11781,0,2.11781,0,1.98589,0,2.06457,0,y3
15,5.98795180722892,2.09866,0,2.09866,0,1.96259,0,2.03876,0,y3
15,6,2.09481,0,2.09481,0,1.95779,0,2.03345,0,y3
15,6.04819277108434,2.0793,0,2.0793,0,1.93822,0,2.01182,0,y3
15,6.10843373493976,2.05976,0,2.05976,0,1.91303,0,1.9838,0,y3
15,6.16867469879518,2.04005,0,2.04005,0,1.88721,0,1.95438,0,y3
15,6.2289156626506,2.01988,0,2.01988,0,1.86085,0,1.92436,0,y3
15,6.28915662650602,1.9989,0,1.9989,0,1.83409,0,1.89464,0,y3
15,6.34939759036145,1.9772,0,1.9772,0,1.80705,0,1.86441,0,y3
15,6.40963855421687,1.9548,0,1.9548,0,1.77986,0,1.8335,0,y3
15,6.46987951807229,1.9317,0,1.9317,0,1.75261,0,1.80207,0,y3
15,6.53012048192771,1.90787,0,1.90787,0,1.72538,0,1.77017,0,y3
15,6.59036144578313,1.88331,0,1.88331,0,1.69813,0,1.73849,0,y3
15,6.65060240963855,1.85804,0,1.85804,0,1.67069,0,1.70725,0,y3
15,6.71084337349398,1.83206,0,1.83206,0,1.64278,0,1.67617,0,y3
15,6.7710843373494,1.80537,0,1.80537,0,1.61464,0,1.64545,0,y3
15,6.83132530120482,1.77795,0,1.77795,0,1.58677,0,1.61518,0,y3
15,6.89156626506024,1.74979,0,1.74979,0,1.55942,0,1.58531,0,y3
15,6.95180722891566,1.72091,0,1.72091,0,1.53271,0,1.55585,0,y3
15,7,1.69728,0,1.69728,0,1.51185,0,1.53259,0,y3
15,7.01204819277108,1.69129,0,1.69129,0,1.5067,0,1.52682,0,y3
15,7.07228915662651,1.66093,0,1.66093,0,1.48127,0,1.49822,0,y3
15,7.13253012048193,1.62981,0,1.62981,0,1.45585,0,1.47014,0,y3
15,7.19277108433735,1.59793,0,1.59793,0,1.43008,0,1.44272,0,y3
15,7.25301204819277,1.56529,0,1.56529,0,1.40486,0,1.41603,0,y3
15,7.31325301204819,1.53188,0,1.53188,0,1.38048,0,1.39006,0,y3
15,7.37349397590361,1.4977,0,1.4977,0,1.35675,0,1.36481,0,y3
15,7.43373493975904,1.46274,0,1.46274,0,1.33301,0,1.34024,0,y3
15,7.49397590361446,1.427,0,1.427,0,1.30929,0,1.31627,0,y3
15,7.55421686746988,1.39046,0,1.39046,0,1.28602,0,1.29278,0,y3
15,7.6144578313253,1.35313,0,1.35313,0,1.2637,0,1.26983,0,y3
15,7.67469879518072,1.31501,0,1.31501,0,1.24232,0,1.24747,0,y3
15,7.73493975903614,1.2761,0,1.2761,0,1.22151,0,1.22573,0,y3
15,7.79518072289157,1.23639,0,1.23639,0,1.20081,0,1.20481,0,y3
15,7.85542168674699,1.1959,0,1.1959,0,1.1804,0,1.18483,0,y3
15,7.91566265060241,1.15462,0,1.15462,0,1.16079,0,1.16579,0,y3
15,7.97590361445783,1.11256,0,1.11256,0,1.14232,0,1.14759,0,y3
15,8,1.09552,0,1.09552,0,1.1352,0,1.14053,0,y3
15,8.03614457831325,1.06972,0,1.06972,0,1.12465,0,1.13016,0,y3
15,8.09638554216867,1.02611,0,1.02611,0,1.10718,0,1.11339,0,y3
15,8.1566265060241,0.981747,0,0.981747,0,1.08992,0,1.09713,0,y3
15,8.21686746987952,0.936655,0,0.936655,0,1.07324,0,1.08136,0,y3
15,8.27710843373494,0.890834,0,0.890834,0,1.05762,0,1.06631,0,y3
15,8.33734939759036,0.84428,0,0.84428,0,1.04288,0,1.0521,0,y3
15,8.39759036144578,0.797038,0,0.797038,0,1.02863,0,1.03871,0,y3
15,8.45783132530121,0.749157,0,0.749157,0,1.01451,0,1.02608,0,y3
15,8.51807228915663,0.700649,0,0.700649,0,1.00081,0,1.01418,0,y3
15,8.57831325301205,0.651498,0,0.651498,0,0.987867,0,1.00281,0,y3
15,8.63855421686747,0.601739,0,0.601739,0,0.975936,0,0.991824,0,y3
15,8.69879518072289,0.551455,0,0.551455,0,0.96458,0,0.981156,0,y3
15,8.75903614457831,0.50069,0,0.50069,0,0.953498,0,0.970887,0,y3
15,8.81927710843373,0.449456,0,0.449456,0,0.942591,0,0.961021,0,y3
15,8.87951807228916,0.397774,0,0.397774,0,0.932288,0,0.951795,0,y3
15,8.93975903614458,0.345791,0,0.345791,0,0.922681,0,0.943452,0,y3
15,9,0.293579,0,0.293579,0,0.913697,0,0.936073,0,y3
15,9.06024096385542,0.241107,0,0.241107,0,0.905172,0,0.929352,0,y3
15,9.12048192771084,0.188291,0,0.188291,0,0.897005,0,0.923129,0,y3
15,9.18072289156627,0.135311,0,0.135311,0,0.889237,0,0.917271,0,y3
15,9.24096385542169,0.0823032,0,0.0823032,0,0.882175,0,0.911644,0,y3
15,9.30120481927711,0.0293333,0,0.0293333,0,0.875643,0,0.906139,0,y3
15,9.36144578313253,-0.0236153,0,-0.0236153,0,0.869391,0,0.900992,0,y3
15,9.42168674698795,-0.0763923,0,-0.0763923,0,0.863579,0,0.896378,0,y3
15,9.48192771084337,-0.12876,0,-0.12876,0,0.858197,0,0.892442,0,y3
15,9.54216867469879,-0.180753,0,-0.180753,0,0.853241,0,0.88934,0,y3
15,9.60240963855422,-0.232728,0,-0.232728,0,0.848797,0,0.886738,0,y3
15,9.66265060240964,-0.284835,0,-0.284835,0,0.844704,0,0.884339,0,y3
15,9.72289156626506,-0.336451,1,-0.336451,1,0.840833,0,0.882302,0,y3
15,9.78313253012048,-0.387334,1,-0.387334,1,0.837421,0,0.880647,0,y3
15,9.8433734939759,-0.437723,1,-0.437723,1,0.834408,0,0.879375,0,y3
15,9.90361445783133,-0.487884,1,-0.487884,1,0.831693,0,0.87846,0,y3
15,9.96385542168675,-0.537546,1,-0.537546,1,0.82935,0,0.877875,0,y3
15,10,-0.567058,1,-0.567058,1,0.828092,0,0.877684,0,y3
15,10.0240963855422,-0.58661,1,-0.58661,1,0.827295,0,0.877623,0,y3
15,10.0843373493976,-0.635032,1,-0.635032,1,0.825477,0,0.877701,0,y3
15,10.144578313253,-0.682892,1,-0.682892,1,0.824065,0,0.878083,0,y3
15,10.2048192771084,-0.730105,1,-0.730105,1,0.822961,0,0.878756,0,y3
15,10.2650602409639,-0.776604,1,-0.776604,1,0.822049,0,0.879721,0,y3
15,10.3253012048193,-0.822375,1,-0.822375,1,0.821453,0,0.880969,0,y3
15,10.3855421686747,-0.867434,1,-0.867434,1,0.821118,0,0.882473,0,y3
15,10.4457831325301,-0.911814,1,-0.911814,1,0.820992,0,0.884227,0,y3
15,10.5060240963855,-0.955416,1,-0.955416,1,0.821177,0,0.886228,0,y3
15,10.566265060241,-0.998287,1,-0.998287,1,0.821589,0,0.888464,0,y3
15,10.6265060240964,-1.04041,1,-1.04041,1,0.822152,0,0.890913,0,y3
15,10.6867469879518,-1.08187,1,-1.08187,1,0.823003,0,0.893572,0,y3
15,10.7469879518072,-1.12257,1,-1.12257,1,0.824078,0,0.896436,0,y3
15,10.8072289156626,-1.16254,1,-1.16254,1,0.825293,0,0.899495,0,y3
15,10.8674698795181,-1.20179,1,-1.20179,1,0.826709,0,0.902734,0,y3
15,10.9277108433735,-1.24042,1,-1.24042,1,0.828318,0,0.906145,0,y3
15,10.9879518072289,-1.27835,1,-1.27835,1,0.830094,0,0.909717,0,y3
15,11,-1.28585,1,-1.28585,1,0.830467,0,0.91045,0,y3
15,11.0481927710843,-1.31555,1,-1.31555,1,0.832025,0,0.913442,0,y3
15,11.1084337349398,-1.35208,1,-1.35208,1,0.834114,0,0.91731,0,y3
15,11.1686746987952,-1.38807,1,-1.38807,1,0.836356,0,0.921311,0,y3
15,11.2289156626506,-1.42349,1,-1.42349,1,0.838744,0,0.925437,0,y3
15,11.289156626506,-1.45814,1,-1.45814,1,0.841181,0,0.929682,0,y3
15,11.3493975903614,-1.49209,1,-1.49209,1,0.84354,0,0.934037,0,y3
15,11.4096385542169,-1.52565,1,-1.52565,1,0.845746,0,0.938113,0,y3
15,11.4698795180723,-1.55897,1,-1.55897,1,0.847686,0,0.940229,0,y3
15,11.5301204819277,-1.59139,1,-1.59139,1,0.845138,0,0.939328,0,y3
15,11.5903614457831,-1.62268,1,-1.62268,1,0.833465,0,0.934243,0,y3
15,11.6506024096386,-1.65396,1,-1.65396,1,0.814131,0,0.923376,0,y3
15,11.710843373494,-1.68606,1,-1.68606,1,0.788444,0,0.904924,0,y3
15,11.7710843373494,-1.71696,1,-1.71696,1,0.756738,0,0.878606,0,y3
15,11.8313253012048,-1.74461,1,-1.74461,1,0.719339,0,0.84679,0,y3
15,11.8915662650602,-1.77294,1,-1.77294,1,0.676547,0,0.809666,0,y3
15,11.9518072289157,-1.80345,1,-1.80345,1,0.628488,0,0.767373,0,y3
15,12,-1.82714,1,-1.82714,1,0.586399,0,0.729967,0,y3
15,12.0120481927711,-1.83302,1,-1.83302,1,0.57539,0,0.720121,0,y3
15,12.0722891566265,-1.86214,1,-1.86214,1,0.517665,0,0.66796,0,y3
15,12.1325301204819,-1.88969,1,-1.88969,1,0.455594,0,0.611173,0,y3
15,12.1927710843374,-1.91743,1,-1.91743,1,0.389038,0,0.550187,0,y3
15,12.2530120481928,-1.94452,1,-1.94452,1,0.319113,0,0.484915,0,y3
15,12.3132530120482,-1.96964,1,-1.96964,1,0.247119,0,0.415712,0,y3
15,12.3734939759036,-1.99667,1,-1.99667,1,0.168578,0,0.342974,0,y3
15,12.433734939759,-2.02386,1,-2.02386,1,0.0873803,0,0.267551,0,y3
15,12.4939759036145,-2.05026,1,-2.05026,1,0.0105432,0,0.190743,0,y3
15,12.5542168674699,-2.07616,1,-2.07616,1,-0.0722076,0,0.111102,0,y3
15,12.6144578313253,-2.10161,1,-2.10161,1,-0.157472,0,0.0286965,0,y3
15,12.6746987951807,-2.12627,1,-2.12627,1,-0.244271,0,-0.0553663,0,y3
15,12.7349397590361,-2.15241,1,-2.15241,1,-0.333376,1,-0.14232,0,y3
15,12.7951807228916,-2.17754,1,-2.17754,1,-0.422914,1,-0.231291,0,y3
15,12.855421686747,-2.20263,1,-2.20263,1,-0.515081,1,-0.319675,1,y3
15,12.9156626506024,-2.22758,1,-2.22758,1,-0.607356,1,-0.408997,1,y3
15,12.9759036144578,-2.25072,1,-2.25072,1,-0.703321,1,-0.500135,1,y3
15,13,-2.25985,1,-2.25985,1,-0.740009,1,-0.537283,1,y3
15,13.0361445783133,-2.27368,1,-2.27368,1,-0.80044,1,-0.593868,1,y3
15,13.0963855421687,-2.29751,1,-2.29751,1,-0.893045,1,-0.691109,1,y3
15,13.1566265060241,-2.32047,1,-2.32047,1,-0.993185,1,-0.788004,1,y3
15,13.2168674698795,-2.34329,1,-2.34329,1,-1.08943,1,-0.882039,1,y3
15,13.2771084337349,-2.36748,1,-2.36748,1,-1.19072,1,-0.980367,1,y3
15,13.3373493975904,-2.39194,1,-2.39194,1,-1.29,1,-1.07976,1,y3
15,13.3975903614458,-2.41514,1,-2.41514,1,-1.39164,1,-1.17593,1,y3
15,13.4578313253012,-2.43928,1,-2.43928,1,-1.49396,1,-1.27897,1,y3
15,13.5180722891566,-2.46169,1,-2.46169,1,-1.596,1,-1.37911,1,y3
15,13.578313253012,-2.48324,1,-2.48324,1,-1.70037,1,-1.48247,1,y3
15,13.6385542168675,-2.5071,1,-2.5071,1,-1.80336,1,-1.58483,1,y3
15,13.6987951807229,-2.52778,1,-2.52778,1,-1.90859,1,-1.68706,1,y3
15,13.7590361445783,-2.55098,1,-2.55098,1,-2.01368,1,-1.79235,1,y3
15,13.8192771084337,-2.57414,1,-2.57414,1,-2.11973,1,-1.89578,1,y3
15,13.8795180722892,-2.5964,1,-2.5964,1,-2.22737,1,-2.00091,1,y3
15,13.9397590361446,-2.61893,1,-2.61893,1,-2.33438,1,-2.10759,1,y3
15,14,-2.64092,1,-2.64092,1,-2.44202,1,-2.2144,1,y3
16,-1,-7,1,-7,1,-7,1,-7,1,y3
16,-0.9397590361445783,-7,1,-7,1,-7,1,-7,1,y3
16,-0.8795180722891567,-7,1,-7,1,-7,1,-7,1,y3
16,-0.8192771084337349,-7,1,-7,1,-7,1,-7,1,y3
16,-0.7590361445783133,-7,1,-7,1,-7,1,-7,1,y3
16,-0.6987951807228916,-7,1,-7,1,-7,1,-7,1,y3
16,-0.6385542168674698,-7,1,-7,1,-7,1,-7,1,y3
16,-0.5783132530120482,-7,1,-7,1,-7,1,-7,1,y3
16,-0.5180722891566265,-7,1,-7,1,-7,1,-7,1,y3
16,-0.4578313253012049,-7,1,-7,1,-7,1,-7,1,y3
16,-0.3975903614457832,-7,1,-7,1,-7,1,-7,1,y3
16,-0.3373493975903614,-7,1,-7,1,-7,1,-7,1,y3
16,-0.2771084337349398,-7,1,-7,1,-7,1,-7,1,y3
16,-0.2168674698795181,-7,1,-7,1,-7,1,-7,1,y3
16,-0.1566265060240963,-7,1,-7,1,-7,1,-7,1,y3
16,-0.0963855421686747,-7,1,-7,1,-7,1,-7,1,y3
16,-0.036144578313253,-7,1,-7,1,-7,1,-7,1,y3
16,0,-7,1,-7,1,-7,1,-7,1,y3
16,0.0240963855421688,-7,1,-7,1,-7,1,-7,1,y3
16,0.0843373493975903,-7,1,-7,1,-7,1,-7,1,y3
16,0.1445783132530121,-7,1,-7,1,-7,1,-7,1,y3
16,0.2048192771084336,-7,1,-7,1,-7,1,-7,1,y3
16,0.2650602409638554,-7,1,-7,1,-7,1,-7,1,y3
16,0.3253012048192772,-7,1,-7,1,-7,1,-7,1,y3
16,0.3855421686746987,-7,1,-7,1,-7,1,-7,1,y3
16,0.4457831325301205,-7,1,-7,1,-7,1,-7,1,y3
16,0.5060240963855422,-7,1,-7,1,-7,1,-7,1,y3
16,0.5662650602409638,-7,1,-7,1,-7,1,-7,1,y3
16,0.6265060240963856,-7,1,-7,1,-7,1,-7,1,y3
16,0.6867469879518073,-7,1,-7,1,-7,1,-7,1,y3
16,0.7469879518072289,-7,1,-7,1,-7,1,-7,1,y3
16,0.8072289156626506,-7,1,-7,1,-7,1,-7,1,y3
16,0.8674698795180722,-7,1,-7,1,-7,1,-7,1,y3
16,0.927710843373494,-7,1,-7,1,-7,1,-7,1,y3
16,0.9879518072289157,-7,1,-7,1,-7,1,-7,1,y3
16,1,-7,1,-7,1,-7,1,-7,1,y3
16,1.04819277108434,-7,1,-7,1,-7,1,-5.01122,1,y3
16,1.10843373493976,-7,1,-7,1,-4.7397,1,-4.49224,1,y3
16,1.16867469879518,-7,1,-7,1,-4.32119,1,-4.24239,1,y3
16,1.2289156626506,-7,1,-7,1,-4.08676,1,-4.03154,1,y3
16,1.28915662650602,-7,1,-7,1,-3.88183,1,-3.82962,1,y3
16,1.34939759036145,-7,1,-7,1,-3.68402,1,-3.63331,1,y3
16,1.40963855421687,-7,1,-7,1,-3.49126,1,-3.44316,1,y3
16,1.46987951807229,-7,1,-7,1,-3.30422,1,-3.25951,1,y3
16,1.53012048192771,-7,1,-7,1,-3.12321,1,-3.08221,1,y3
16,1.59036144578313,-7,1,-7,1,-2.94816,1,-2.91102,1,y3
16,1.65060240963855,-7,1,-7,1,-2.77882,1,-2.74561,1,y3
16,1.71084337349398,-4.69025,1,-4.69025,1,-2.61494,1,-2.58565,1,y3
16,1.7710843373494,-3.62994,1,-3.62994,1,-2.45618,1,-2.43083,1,y3
16,1.83132530120482,-2.86293,1,-2.86293,1,-2.30229,1,-2.28089,1,y3
16,1.89156626506024,-2.26943,1,-2.26943,1,-2.15305,1,-2.13556,1,y3
16,1.95180722891566,-1.78875,1,-1.78875,1,-2.00816,1,-1.99461,1,y3
16,2,-1.46182,1,-1.46182,1,-1.89529,1,-1.88486,1,y3
16,2.01204819277108,-1.38661,1,-1.38661,1,-1.86748,1,-1.85783,1,y3
16,2.07228915662651,-1.04235,1,-1.04235,1,-1.73076,1,-1.72501,1,y3
16,2.13253012048193,-0.743012,1,-0.743012,1,-1.59783,1,-1.59597,1,y3
16,2.19277108433735,-0.478126,1,-0.478126,1,-1.46854,1,-1.47057,1,y3
16,2.25301204819277,-0.242663,0,-0.242663,0,-1.34268,1,-1.34865,1,y3
16,2.31325301204819,-0.030277,0,-0.030277,0,-1.22014,1,-1.2301,1,y3
16,2.37349397590361,0.162518,0,0.162518,0,-1.10078,1,-1.11471,1,y3
16,2.43373493975904,0.338668,0,0.338668,0,-0.984469,1,-1.00231,1,y3
16,2.49397590361446,0.500817,0,0.500817,0,-0.871038,1,-0.89287,1,y3
16,2.55421686746988,0.651375,0,0.651375,0,-0.760358,1,-0.786289,1,y3
16,2.6144578313253,0.789617,0,0.789617,0,-0.652399,1,-0.682317,1,y3
16,2.67469879518072,0.917607,0,0.917607,0,-0.547057,1,-0.58086,1,y3
16,2.73493975903614,1.03691,0,1.03691,0,-0.444127,1,-0.481962,1,y3
16,2.79518072289157,1.14812,0,1.14812,0,-0.343545,1,-0.385515,1,y3
16,2.85542168674699,1.25205,0,1.25205,0,-0.24532,0,-0.291333,0,y3
16,2.91566265060241,1.34943,0,1.34943,0,-0.149397,0,-0.199287,0,y3
16,2.97590361445783,1.44076,0,1.44076,0,-0.0557073,0,-0.109284,0,y3
16,3,1.47569,0,1.47569,0,-0.0188331,0,-0.0738638,0,y3
16,3.03614457831325,1.52647,0,1.52647,0,0.0358553,0,-0.021376,0,y3
16,3.09638554216868,1.60695,0,1.60695,0,0.125359,0,0.0643906,0,y3
16,3.1566265060241,1.68253,0,1.68253,0,0.212777,0,0.148155,0,y3
16,3.21686746987952,1.75343,0,1.75343,0,0.298178,0,0.230024,0,y3
16,3.27710843373494,1.81992,0,1.81992,0,0.381739,0,0.310029,0,y3
16,3.33734939759036,1.88216,0,1.88216,0,0.463567,0,0.388337,0,y3
16,3.39759036144578,1.94031,0,1.94031,0,0.543716,0,0.465228,0,y3
16,3.45783132530121,1.99452,0,1.99452,0,0.622046,0,0.540555,0,y3
16,3.51807228915663,2.0449,0,2.0449,0,0.698488,0,0.613901,0,y3
16,3.57831325301205,2.09157,0,2.09157,0,0.773505,0,0.685296,0,y3
16,3.63855421686747,2.13461,0,2.13461,0,0.847127,0,0.754944,0,y3
16,3.69879518072289,2.17411,0,2.17411,0,0.918502,0,0.823062,0,y3
16,3.75903614457831,2.21017,0,2.21017,0,0.987839,0,0.889801,0,y3
16,3.81927710843373,2.24288,0,2.24288,0,1.0562,0,0.955229,0,y3
16,3.87951807228916,2.2723,0,2.2723,0,1.12318,0,1.01951,0,y3
16,3.93975903614458,2.29856,0,2.29856,0,1.18845,0,1.08246,0,y3
16,4,2.32171,0,2.32171,0,1.25255,0,1.14389,0,y3
16,4.06024096385542,2.34189,0,2.34189,0,1.3153,0,1.20403,0,y3
16,4.12048192771084,2.35923,0,2.35923,0,1.37656,0,1.26311,0,y3
16,4.18072289156626,2.37382,0,2.37382,0,1.43624,0,1.32055,0,y3
16,4.24096385542169,2.38578,0,2.38578,0,1.49435,0,1.37645,0,y3
16,4.30120481927711,2.39522,0,2.39522,0,1.55077,0,1.43093,0,y3
16,4.36144578313253,2.40227,0,2.40227,0,1.60554,0,1.48358,0,y3
16,4.42168674698795,2.40706,0,2.40706,0,1.65912,0,1.53458,0,y3
16,4.48192771084337,2.40973,0,2.40973,0,1.71134,0,1.5841,0,y3
16,4.54216867469879,2.41039,0,2.41039,0,1.76188,0,1.63213,0,y3
16,4.60240963855422,2.40917,0,2.40917,0,1.81072,0,1.67864,0,y3
16,4.66265060240964,2.40619,0,2.40619,0,1.85769,0,1.72364,0,y3
16,4.72289156626506,2.40161,0,2.40161,0,1.90274,0,1.76686,0,y3
16,4.78313253012048,2.3956,0,2.3956,0,1.94592,0,1.80824,0,y3
16,4.8433734939759,2.38823,0,2.38823,0,1.98705,0,1.84866,0,y3
16,4.90361445783132,2.37959,0,2.37959,0,2.0261,0,1.88744,0,y3
16,4.96385542168675,2.36978,0,2.36978,0,2.063,0,1.92451,0,y3
16,5,2.36337,0,2.36337,0,2.0841,0,1.94593,0,y3
16,5.02409638554217,2.3589,0,2.3589,0,2.09772,0,1.95986,0,y3
16,5.08433734939759,2.34708,0,2.34708,0,2.13019,0,1.99345,0,y3
16,5.14457831325301,2.3344,0,2.3344,0,2.16041,0,2.02526,0,y3
16,5.20481927710843,2.32093,0,2.32093,0,2.18833,0,2.05527,0,y3
16,5.26506024096386,2.30672,0,2.30672,0,2.21393,0,2.08345,0,y3
16,5.32530120481928,2.29185,0,2.29185,0,2.23718,0,2.10978,0,y3
16,5.3855421686747,2.27634,0,2.27634,0,2.25808,0,2.13426,0,y3
16,5.44578313253012,2.26027,0,2.26027,0,2.27667,0,2.15686,0,y3
16,5.50602409638554,2.24372,0,2.24372,0,2.29294,0,2.17759,0,y3
16,5.56626506024096,2.22677,0,2.22677,0,2.30693,0,2.19644,0,y3
16,5.62650602409639,2.20946,0,2.20946,0,2.3187,0,2.21344,0,y3
16,5.68674698795181,2.19181,0,2.19181,0,2.32827,0,2.22858,0,y3
16,5.74698795180723,2.17377,0,2.17377,0,2.33571,0,2.24192,0,y3
16,5.80722891566265,2.15539,0,2.15539,0,2.3411,0,2.25345,0,y3
16,5.86746987951807,2.13673,0,2.13673,0,2.34449,0,2.26326,0,y3
16,5.92771084337349,2.11781,0,2.11781,0,2.34596,0,2.27132,0,y3
16,5.98795180722892,2.09866,0,2.09866,0,2.34557,0,2.27774,0,y3
16,6,2.09481,0,2.09481,0,2.34527,0,2.27882,0,y3
16,6.04819277108434,2.0793,0,2.0793,0,2.34337,0,2.28251,0,y3
16,6.10843373493976,2.05976,0,2.05976,0,2.33948,0,2.28578,0,y3
16,6.16867469879518,2.04005,0,2.04005,0,2.33401,0,2.2875,0,y3
16,6.2289156626506,2.01988,0,2.01988,0,2.3271,0,2.28785,0,y3
16,6.28915662650602,1.9989,0,1.9989,0,2.31879,0,2.2868,0,y3
16,6.34939759036145,1.9772,0,1.9772,0,2.30913,0,2.28446,0,y3
16,6.40963855421687,1.9548,0,1.9548,0,2.29819,0,2.28085,0,y3
16,6.46987951807229,1.9317,0,1.9317,0,2.28605,0,2.27609,0,y3
16,6.53012048192771,1.90787,0,1.90787,0,2.27283,0,2.27018,0,y3
16,6.59036144578313,1.88331,0,1.88331,0,2.25861,0,2.26323,0,y3
16,6.65060240963855,1.85804,0,1.85804,0,2.24339,0,2.25527,0,y3
16,6.71084337349398,1.83206,0,1.83206,0,2.2272,0,2.24637,0,y3
16,6.7710843373494,1.80537,0,1.80537,0,2.21018,0,2.2366,0,y3
16,6.83132530120482,1.77795,0,1.77795,0,2.19247,0,2.22598,0,y3
16,6.89156626506024,1.74979,0,1.74979,0,2.17405,0,2.21459,0,y3
16,6.95180722891566,1.72091,0,1.72091,0,2.15496,0,2.20247,0,y3
16,7,1.69728,0,1.69728,0,2.13923,0,2.19228,0,y3
16,7.01204819277108,1.69129,0,1.69129,0,2.13524,0,2.18967,0,y3
16,7.07228915662651,1.66093,0,1.66093,0,2.11492,0,2.17622,0,y3
16,7.13253012048193,1.62981,0,1.62981,0,2.09403,0,2.16218,0,y3
16,7.19277108433735,1.59793,0,1.59793,0,2.07264,0,2.14758,0,y3
16,7.25301204819277,1.56529,0,1.56529,0,2.05077,0,2.13246,0,y3
16,7.31325301204819,1.53188,0,1.53188,0,2.02845,0,2.11685,0,y3
16,7.37349397590361,1.4977,0,1.4977,0,2.00571,0,2.10079,0,y3
16,7.43373493975904,1.46274,0,1.46274,0,1.98259,0,2.08431,0,y3
16,7.49397590361446,1.427,0,1.427,0,1.95912,0,2.06743,0,y3
16,7.55421686746988,1.39046,0,1.39046,0,1.93532,0,2.05019,0,y3
16,7.6144578313253,1.35313,0,1.35313,0,1.91122,0,2.0326,0,y3
16,7.67469879518072,1.31501,0,1.31501,0,1.88683,0,2.01471,0,y3
16,7.73493975903614,1.2761,0,1.2761,0,1.86217,0,1.99652,0,y3
16,7.79518072289157,1.23639,0,1.23639,0,1.83728,0,1.97805,0,y3
16,7.85542168674699,1.1959,0,1.1959,0,1.81217,0,1.95933,0,y3
16,7.91566265060241,1.15462,0,1.15462,0,1.78686,0,1.94037,0,y3
16,7.97590361445783,1.11256,0,1.11256,0,1.76137,0,1.9212,0,y3
16,8,1.09552,0,1.09552,0,1.75113,0,1.91348,0,y3
16,8.03614457831325,1.06972,0,1.06972,0,1.73572,0,1.90183,0,y3
16,8.09638554216867,1.02611,0,1.02611,0,1.70993,0,1.88228,0,y3
16,8.1566265060241,0.981747,0,0.981747,0,1.684,0,1.86256,0,y3
16,8.21686746987952,0.936655,0,0.936655,0,1.65794,0,1.84269,0,y3
16,8.27710843373494,0.890834,0,0.890834,0,1.63178,0,1.82268,0,y3
16,8.33734939759036,0.84428,0,0.84428,0,1.60554,0,1.80255,0,y3
16,8.39759036144578,0.797038,0,0.797038,0,1.57924,0,1.7823,0,y3
16,8.45783132530121,0.749157,0,0.749157,0,1.55289,0,1.76195,0,y3
16,8.51807228915663,0.700649,0,0.700649,0,1.52649,0,1.74152,0,y3
16,8.57831325301205,0.651498,0,0.651498,0,1.50005,0,1.72099,0,y3
16,8.63855421686747,0.601739,0,0.601739,0,1.47359,0,1.7004,0,y3
16,8.69879518072289,0.551455,0,0.551455,0,1.44713,0,1.67976,0,y3
16,8.75903614457831,0.50069,0,0.50069,0,1.42068,0,1.65906,0,y3
16,8.81927710843373,0.449456,0,0.449456,0,1.39423,0,1.63833,0,y3
16,8.87951807228916,0.397774,0,0.397774,0,1.3678,0,1.61757,0,y3
16,8.93975903614458,0.345791,0,0.345791,0,1.34141,0,1.59678,0,y3
16,9,0.293579,0,0.293579,0,1.31507,0,1.57598,0,y3
16,9.06024096385542,0.241107,0,0.241107,0,1.2888,0,1.55516,0,y3
16,9.12048192771084,0.188291,0,0.188291,0,1.26258,0,1.53435,0,y3
16,9.18072289156627,0.135311,0,0.135311,0,1.23641,0,1.51356,0,y3
16,9.24096385542169,0.0823032,0,0.0823032,0,1.21031,0,1.49279,0,y3
16,9.30120481927711,0.0293333,0,0.0293333,0,1.18431,0,1.47204,0,y3
16,9.36144578313253,-0.0236153,0,-0.0236153,0,1.15843,0,1.45132,0,y3
16,9.42168674698795,-0.0763923,0,-0.0763923,0,1.13265,0,1.43064,0,y3
16,9.48192771084337,-0.12876,0,-0.12876,0,1.10695,0,1.41,0,y3
16,9.54216867469879,-0.180753,0,-0.180753,0,1.08134,0,1.38942,0,y3
16,9.60240963855422,-0.232728,0,-0.232728,0,1.05586,0,1.3689,0,y3
16,9.66265060240964,-0.284835,0,-0.284835,0,1.03055,0,1.34846,0,y3
16,9.72289156626506,-0.336451,1,-0.336451,1,1.00538,0,1.32808,0,y3
16,9.78313253012048,-0.387334,1,-0.387334,1,0.980327,0,1.30777,0,y3
16,9.8433734939759,-0.437723,1,-0.437723,1,0.955358,0,1.28752,0,y3
16,9.90361445783133,-0.487884,1,-0.487884,1,0.930527,0,1.26733,0,y3
16,9.96385542168675,-0.537546,1,-0.537546,1,0.905864,0,1.24723,0,y3
16,10,-0.567058,1,-0.567058,1,0.891152,0,1.23522,0,y3
16,10.0240963855422,-0.58661,1,-0.58661,1,0.881377,0,1.22724,0,y3
16,10.0843373493976,-0.635032,1,-0.635032,1,0.857044,0,1.20739,0,y3
16,10.144578313253,-0.682892,1,-0.682892,1,0.832844,0,1.18765,0,y3
16,10.2048192771084,-0.730105,1,-0.730105,1,0.808809,0,1.16799,0,y3
16,10.2650602409639,-0.776604,1,-0.776604,1,0.784987,0,1.1484,0,y3
16,10.3253012048193,-0.822375,1,-0.822375,1,0.761395,0,1.12887,0,y3
16,10.3855421686747,-0.867434,1,-0.867434,1,0.737979,0,1.10953,0,y3
16,10.4457831325301,-0.911814,1,-0.911814,1,0.714682,0,1.09042,0,y3
16,10.5060240963855,-0.955416,1,-0.955416,1,0.691503,0,1.07147,0,y3
16,10.566265060241,-0.998287,1,-0.998287,1,0.668557,0,1.05258,0,y3
16,10.6265060240964,-1.04041,1,-1.04041,1,0.6459,0,1.03376,0,y3
16,10.6867469879518,-1.08187,1,-1.08187,1,0.623468,0,1.0151,0,y3
16,10.7469879518072,-1.12257,1,-1.12257,1,0.601148,0,0.9966,0,y3
16,10.8072289156626,-1.16254,1,-1.16254,1,0.578873,0,0.978239,0,y3
16,10.8674698795181,-1.20179,1,-1.20179,1,0.556792,0,0.960011,0,y3
16,10.9277108433735,-1.24042,1,-1.24042,1,0.535006,0,0.941936,0,y3
16,10.9879518072289,-1.27835,1,-1.27835,1,0.513531,0,0.924028,0,y3
16,11,-1.28585,1,-1.28585,1,0.509261,0,0.920466,0,y3
16,11.0481927710843,-1.31555,1,-1.31555,1,0.492252,0,0.906283,0,y3
16,11.1084337349398,-1.35208,1,-1.35208,1,0.471105,0,0.888691,0,y3
16,11.1686746987952,-1.38807,1,-1.38807,1,0.450111,0,0.871247,0,y3
16,11.2289156626506,-1.42349,1,-1.42349,1,0.42931,0,0.85395,0,y3
16,11.289156626506,-1.45814,1,-1.45814,1,0.408708,0,0.836801,0,y3
16,11.3493975903614,-1.49209,1,-1.49209,1,0.388283,0,0.819818,0,y3
16,11.4096385542169,-1.52565,1,-1.52565,1,0.368013,0,0.803016,0,y3
16,11.4698795180723,-1.55897,1,-1.55897,1,0.347909,0,0.786384,0,y3
16,11.5301204819277,-1.59139,1,-1.59139,1,0.328047,0,0.769905,0,y3
16,11.5903614457831,-1.62268,1,-1.62268,1,0.308465,0,0.753581,0,y3
16,11.6506024096386,-1.65396,1,-1.65396,1,0.289109,0,0.737418,0,y3
16,11.710843373494,-1.68606,1,-1.68606,1,0.269897,0,0.721421,0,y3
16,11.7710843373494,-1.71696,1,-1.71696,1,0.250782,0,0.705595,0,y3
16,11.8313253012048,-1.74461,1,-1.74461,1,0.231869,0,0.689943,0,y3
16,11.8915662650602,-1.77294,1,-1.77294,1,0.213223,0,0.674459,0,y3
16,11.9518072289157,-1.80345,1,-1.80345,1,0.194834,0,0.659133,0,y3
16,12,-1.82714,1,-1.82714,1,0.180233,0,0.646987,0,y3
16,12.0120481927711,-1.83302,1,-1.83302,1,0.176593,0,0.643968,0,y3
16,12.0722891566265,-1.86214,1,-1.86214,1,0.158429,0,0.628969,0,y3
16,12.1325301204819,-1.88969,1,-1.88969,1,0.140422,0,0.614141,0,y3
16,12.1927710843374,-1.91743,1,-1.91743,1,0.122674,0,0.599485,0,y3
16,12.2530120481928,-1.94452,1,-1.94452,1,0.105222,0,0.584996,0,y3
16,12.3132530120482,-1.96964,1,-1.96964,1,0.0879283,0,0.570673,0,y3
16,12.3734939759036,-1.99667,1,-1.99667,1,0.070691,0,0.556516,0,y3
16,12.433734939759,-2.02386,1,-2.02386,1,0.0535249,0,0.542523,0,y3
16,12.4939759036145,-2.05026,1,-2.05026,1,0.0366064,0,0.528687,0,y3
16,12.5542168674699,-2.07616,1,-2.07616,1,0.0200238,0,0.515008,0,y3
16,12.6144578313253,-2.10161,1,-2.10161,1,0.00364716,0,0.501493,0,y3
16,12.6746987951807,-2.12627,1,-2.12627,1,-0.0126915,0,0.48814,0,y3
16,12.7349397590361,-2.15241,1,-2.15241,1,-0.0290622,0,0.474946,0,y3
16,12.7951807228916,-2.17754,1,-2.17754,1,-0.0452261,0,0.461909,0,y3
16,12.855421686747,-2.20263,1,-2.20263,1,-0.0610266,0,0.449027,0,y3
16,12.9156626506024,-2.22758,1,-2.22758,1,-0.0765103,0,0.436292,0,y3
16,12.9759036144578,-2.25072,1,-2.25072,1,-0.0919751,0,0.423701,0,y3
16,13,-2.25985,1,-2.25985,1,-0.0981958,0,0.418707,0,y3
16,13.0361445783133,-2.27368,1,-2.27368,1,-0.107586,0,0.411263,0,y3
16,13.0963855421687,-2.29751,1,-2.29751,1,-0.123099,0,0.398977,0,y3
16,13.1566265060241,-2.32047,1,-2.32047,1,-0.138221,0,0.386842,0,y3
16,13.2168674698795,-2.34329,1,-2.34329,1,-0.152852,0,0.374854,0,y3
16,13.2771084337349,-2.36748,1,-2.36748,1,-0.167441,0,0.363007,0,y3
16,13.3373493975904,-2.39194,1,-2.39194,1,-0.182291,0,0.351302,0,y3
16,13.3975903614458,-2.41514,1,-2.41514,1,-0.197297,0,0.339747,0,y3
16,13.4578313253012,-2.43928,1,-2.43928,1,-0.211879,0,0.32834,0,y3
16,13.5180722891566,-2.46169,1,-2.46169,1,-0.225736,0,0.317079,0,y3
16,13.578313253012,-2.48324,1,-2.48324,1,-0.239392,0,0.305957,0,y3
16,13.6385542168675,-2.5071,1,-2.5071,1,-0.253446,0,0.294969,0,y3
16,13.6987951807229,-2.52778,1,-2.52778,1,-0.268129,0,0.284114,0,y3
16,13.7590361445783,-2.55098,1,-2.55098,1,-0.282674,0,0.273393,0,y3
16,13.8192771084337,-2.57414,1,-2.57414,1,-0.296614,0,0.2628,0,y3
16,13.8795180722892,-2.5964,1,-2.5964,1,-0.309998,0,0.252329,0,y3
16,13.9397590361446,-2.61893,1,-2.61893,1,-0.323401,1,0.241971,0,y3
16,14,-2.64092,1,-2.64092,1,-0.337077,1,0.231718,0,y3
17,-1,-7,1,-7,1,-7,1,-7,1,y3
17,-0.9397590361445783,-7,1,-7,1,-7,1,-7,1,y3
17,-0.8795180722891567,-7,1,-7,1,-7,1,-7,1,y3
17,-0.8192771084337349,-7,1,-7,1,-7,1,-7,1,y3
17,-0.7590361445783133,-7,1,-7,1,-7,1,-7,1,y3
17,-0.6987951807228916,-7,1,-7,1,-7,1,-7,1,y3
17,-0.6385542168674698,-7,1,-7,1,-7,1,-7,1,y3
17,-0.5783132530120482,-7,1,-7,1,-7,1,-7,1,y3
17,-0.5180722891566265,-7,1,-7,1,-7,1,-7,1,y3
17,-0.4578313253012049,-7,1,-7,1,-7,1,-7,1,y3
17,-0.3975903614457832,-7,1,-7,1,-7,1,-7,1,y3
17,-0.3373493975903614,-7,1,-7,1,-7,1,-7,1,y3
17,-0.2771084337349398,-7,1,-7,1,-7,1,-7,1,y3
17,-0.2168674698795181,-7,1,-7,1,-7,1,-7,1,y3
17,-0.1566265060240963,-7,1,-7,1,-7,1,-7,1,y3
17,-0.0963855421686747,-7,1,-7,1,-7,1,-7,1,y3
17,-0.036144578313253,-7,1,-7,1,-7,1,-7,1,y3
17,0,-7,1,-7,1,-7,1,-7,1,y3
17,0.0240963855421688,-7,1,-7,1,-7,1,-7,1,y3
17,0.0843373493975903,-7,1,-7,1,-7,1,-7,1,y3
17,0.1445783132530121,-7,1,-7,1,-7,1,-7,1,y3
17,0.2048192771084336,-7,1,-7,1,-7,1,-7,1,y3
17,0.2650602409638554,-7,1,-7,1,-7,1,-7,1,y3
17,0.3253012048192772,-7,1,-7,1,-7,1,-7,1,y3
17,0.3855421686746987,-7,1,-7,1,-7,1,-7,1,y3
17,0.4457831325301205,-7,1,-7,1,-7,1,-7,1,y3
17,0.5060240963855422,-7,1,-7,1,-7,1,-7,1,y3
17,0.5662650602409638,-7,1,-7,1,-7,1,-7,1,y3
17,0.6265060240963856,-7,1,-7,1,-7,1,-7,1,y3
17,0.6867469879518073,-7,1,-7,1,-7,1,-7,1,y3
17,0.7469879518072289,-7,1,-7,1,-7,1,-7,1,y3
17,0.8072289156626506,-7,1,-7,1,-7,1,-7,1,y3
17,0.8674698795180722,-7,1,-7,1,-7,1,-7,1,y3
17,0.927710843373494,-7,1,-7,1,-7,1,-7,1,y3
17,0.9879518072289157,-7,1,-7,1,-7,1,-7,1,y3
17,1,-7,1,-7,1,-7,1,-7,1,y3
17,1.04819277108434,-7,1,-7,1,-7,1,-7,1,y3
17,1.10843373493976,-7,1,-7,1,-7,1,-7,1,y3
17,1.16867469879518,-7,1,-7,1,-7,1,-7,1,y3
17,1.2289156626506,-7,1,-7,1,-7,1,-7,1,y3
17,1.28915662650602,-7,1,-7,1,-7,1,-7,1,y3
17,1.34939759036145,-7,1,-7,1,-7,1,-7,1,y3
17,1.40963855421687,-7,1,-7,1,-7,1,-7,1,y3
17,1.46987951807229,-7,1,-7,1,-7,1,-7,1,y3
17,1.53012048192771,-7,1,-7,1,-7,1,-7,1,y3
17,1.59036144578313,-7,1,-7,1,-7,1,-7,1,y3
17,1.65060240963855,-7,1,-7,1,-7,1,-7,1,y3
17,1.71084337349398,-4.69025,1,-4.69025,1,-7,1,-7,1,y3
17,1.7710843373494,-3.62994,1,-3.62994,1,-7,1,-7,1,y3
17,1.83132530120482,-2.86293,1,-2.86293,1,-7,1,-7,1,y3
17,1.89156626506024,-2.26943,1,-2.26943,1,-7,1,-7,1,y3
17,1.95180722891566,-1.78875,1,-1.78875,1,-7,1,-4.77099,1,y3
17,2,-1.46182,1,-1.46182,1,-7,1,-4.39274,1,y3
17,2.01204819277108,-1.38661,1,-1.38661,1,-7,1,-4.32298,1,y3
17,2.07228915662651,-1.04235,1,-1.04235,1,-5.3175,1,-4.00671,1,y3
17,2.13253012048193,-0.743012,1,-0.743012,1,-4.47102,1,-3.71112,1,y3
17,2.19277108433735,-0.478126,1,-0.478126,1,-4.03311,1,-3.43126,1,y3
17,2.25301204819277,-0.242663,0,-0.242663,0,-3.6365,1,-3.16768,1,y3
17,2.31325301204819,-0.030277,0,-0.030277,0,-3.27489,1,-2.91977,1,y3
17,2.37349397590361,0.162518,0,0.162518,0,-2.94641,1,-2.68629,1,y3
17,2.43373493975904,0.338668,0,0.338668,0,-2.64613,1,-2.46591,1,y3
17,2.49397590361446,0.500817,0,0.500817,0,-2.37029,1,-2.25698,1,y3
17,2.55421686746988,0.651375,0,0.651375,0,-2.11514,1,-2.05875,1,y3
17,2.6144578313253,0.789617,0,0.789617,0,-1.87783,1,-1.87046,1,y3
17,2.67469879518072,0.917607,0,0.917607,0,-1.65809,1,-1.69113,1,y3
17,2.73493975903614,1.03691,0,1.03691,0,-1.45326,1,-1.51972,1,y3
17,2.79518072289157,1.14812,0,1.14812,0,-1.26003,1,-1.35638,1,y3
17,2.85542168674699,1.25205,0,1.25205,0,-1.0805,1,-1.19985,1,y3
17,2.91566265060241,1.34943,0,1.34943,0,-0.909808,1,-1.04976,1,y3
17,2.97590361445783,1.44076,0,1.44076,0,-0.747522,1,-0.905198,1,y3
17,3,1.47569,0,1.47569,0,-0.685034,1,-0.849383,1,y3
17,3.03614457831325,1.52647,0,1.52647,0,-0.593588,1,-0.767524,1,y3
17,3.09638554216868,1.60695,0,1.60695,0,-0.447346,1,-0.636034,1,y3
17,3.1566265060241,1.68253,0,1.68253,0,-0.3082,0,-0.509309,1,y3
17,3.21686746987952,1.75343,0,1.75343,0,-0.175804,0,-0.386126,1,y3
17,3.27710843373494,1.81992,0,1.81992,0,-0.0494086,0,-0.268368,0,y3
17,3.33734939759036,1.88216,0,1.88216,0,0.0713086,0,-0.156145,0,y3
17,3.39759036144578,1.94031,0,1.94031,0,0.186783,0,-0.0465014,0,y3
17,3.45783132530121,1.99452,0,1.99452,0,0.29737,0,0.0598314,0,y3
17,3.51807228915663,2.0449,0,2.0449,0,0.403362,0,0.163163,0,y3
17,3.57831325301205,2.09157,0,2.09157,0,0.505085,0,0.263643,0,y3
17,3.63855421686747,2.13461,0,2.13461,0,0.602755,0,0.360536,0,y3
17,3.69879518072289,2.17411,0,2.17411,0,0.696649,0,0.454973,0,y3
17,3.75903614457831,2.21017,0,2.21017,0,0.787049,0,0.546021,0,y3
17,3.81927710843373,2.24288,0,2.24288,0,0.874002,0,0.634723,0,y3
17,3.87951807228916,2.2723,0,2.2723,0,0.957694,0,0.720525,0,y3
17,3.93975903614458,2.29856,0,2.29856,0,1.0383,0,0.803841,0,y3
17,4,2.32171,0,2.32171,0,1.11595,0,0.8849,0,y3
17,4.06024096385542,2.34189,0,2.34189,0,1.19077,0,0.96319,0,y3
17,4.12048192771084,2.35923,0,2.35923,0,1.26287,0,1.0398,0,y3
17,4.18072289156626,2.37382,0,2.37382,0,1.33234,0,1.1139,0,y3
17,4.24096385542169,2.38578,0,2.38578,0,1.39926,0,1.18586,0,y3
17,4.30120481927711,2.39522,0,2.39522,0,1.46368,0,1.25567,0,y3
17,4.36144578313253,2.40227,0,2.40227,0,1.52569,0,1.32336,0,y3
17,4.42168674698795,2.40706,0,2.40706,0,1.5853,0,1.38908,0,y3
17,4.48192771084337,2.40973,0,2.40973,0,1.64257,0,1.4528,0,y3
17,4.54216867469879,2.41039,0,2.41039,0,1.69752,0,1.51452,0,y3
17,4.60240963855422,2.40917,0,2.40917,0,1.75016,0,1.57427,0,y3
17,4.66265060240964,2.40619,0,2.40619,0,1.80052,0,1.63205,0,y3
17,4.72289156626506,2.40161,0,2.40161,0,1.8486,0,1.68786,0,y3
17,4.78313253012048,2.3956,0,2.3956,0,1.89441,0,1.74166,0,y3
17,4.8433734939759,2.38823,0,2.38823,0,1.93794,0,1.79335,0,y3
17,4.90361445783132,2.37959,0,2.37959,0,1.97915,0,1.84284,0,y3
17,4.96385542168675,2.36978,0,2.36978,0,2.01793,0,1.8901,0,y3
17,5,2.36337,0,2.36337,0,2.04002,0,1.91735,0,y3
17,5.02409638554217,2.3589,0,2.3589,0,2.05424,0,1.93507,0,y3
17,5.08433734939759,2.34708,0,2.34708,0,2.08795,0,1.97773,0,y3
17,5.14457831325301,2.3344,0,2.3344,0,2.11896,0,2.01806,0,y3
17,5.20481927710843,2.32093,0,2.32093,0,2.14722,0,2.05604,0,y3
17,5.26506024096386,2.30672,0,2.30672,0,2.17286,0,2.09164,0,y3
17,5.32530120481928,2.29185,0,2.29185,0,2.19593,0,2.12485,0,y3
17,5.3855421686747,2.27634,0,2.27634,0,2.21647,0,2.15568,0,y3
17,5.44578313253012,2.26027,0,2.26027,0,2.23451,0,2.18412,0,y3
17,5.50602409638554,2.24372,0,2.24372,0,2.25005,0,2.21014,0,y3
17,5.56626506024096,2.22677,0,2.22677,0,2.26313,0,2.23376,0,y3
17,5.62650602409639,2.20946,0,2.20946,0,2.27374,0,2.25494,0,y3
17,5.68674698795181,2.19181,0,2.19181,0,2.28188,0,2.27371,0,y3
17,5.74698795180723,2.17377,0,2.17377,0,2.28765,0,2.29015,0,y3
17,5.80722891566265,2.15539,0,2.15539,0,2.29112,0,2.3043,0,y3
17,5.86746987951807,2.13673,0,2.13673,0,2.29237,0,2.31619,0,y3
17,5.92771084337349,2.11781,0,2.11781,0,2.29148,0,2.32584,0,y3
17,5.98795180722892,2.09866,0,2.09866,0,2.28855,0,2.33328,0,y3
17,6,2.09481,0,2.09481,0,2.28773,0,2.3345,0,y3
17,6.04819277108434,2.0793,0,2.0793,0,2.28362,0,2.33855,0,y3
17,6.10843373493976,2.05976,0,2.05976,0,2.27665,0,2.34177,0,y3
17,6.16867469879518,2.04005,0,2.04005,0,2.26766,0,2.34305,0,y3
17,6.2289156626506,2.01988,0,2.01988,0,2.25683,0,2.34246,0,y3
17,6.28915662650602,1.9989,0,1.9989,0,2.24434,0,2.34001,0,y3
17,6.34939759036145,1.9772,0,1.9772,0,2.23017,0,2.33577,0,y3
17,6.40963855421687,1.9548,0,1.9548,0,2.21429,0,2.32981,0,y3
17,6.46987951807229,1.9317,0,1.9317,0,2.19682,0,2.32231,0,y3
17,6.53012048192771,1.90787,0,1.90787,0,2.17785,0,2.31336,0,y3
17,6.59036144578313,1.88331,0,1.88331,0,2.15736,0,2.30291,0,y3
17,6.65060240963855,1.85804,0,1.85804,0,2.13537,0,2.29098,0,y3
17,6.71084337349398,1.83206,0,1.83206,0,2.11198,0,2.27768,0,y3
17,6.7710843373494,1.80537,0,1.80537,0,2.08722,0,2.26311,0,y3
17,6.83132530120482,1.77795,0,1.77795,0,2.06108,0,2.24729,0,y3
17,6.89156626506024,1.74979,0,1.74979,0,2.0336,0,2.23029,0,y3
17,6.95180722891566,1.72091,0,1.72091,0,2.00483,0,2.21222,0,y3
17,7,1.69728,0,1.69728,0,1.98092,0,2.19698,0,y3
17,7.01204819277108,1.69129,0,1.69129,0,1.97482,0,2.19306,0,y3
17,7.07228915662651,1.66093,0,1.66093,0,1.94358,0,2.17286,0,y3
17,7.13253012048193,1.62981,0,1.62981,0,1.91111,0,2.15169,0,y3
17,7.19277108433735,1.59793,0,1.59793,0,1.87742,0,2.12956,0,y3
17,7.25301204819277,1.56529,0,1.56529,0,1.84255,0,2.10651,0,y3
17,7.31325301204819,1.53188,0,1.53188,0,1.80657,0,2.08255,0,y3
17,7.37349397590361,1.4977,0,1.4977,0,1.76948,0,2.05772,0,y3
17,7.43373493975904,1.46274,0,1.46274,0,1.73127,0,2.03205,0,y3
17,7.49397590361446,1.427,0,1.427,0,1.69198,0,2.00556,0,y3
17,7.55421686746988,1.39046,0,1.39046,0,1.65163,0,1.97827,0,y3
17,7.6144578313253,1.35313,0,1.35313,0,1.61022,0,1.9502,0,y3
17,7.67469879518072,1.31501,0,1.31501,0,1.56776,0,1.92137,0,y3
17,7.73493975903614,1.2761,0,1.2761,0,1.52429,0,1.89179,0,y3
17,7.79518072289157,1.23639,0,1.23639,0,1.47985,0,1.86147,0,y3
17,7.85542168674699,1.1959,0,1.1959,0,1.43442,0,1.83041,0,y3
17,7.91566265060241,1.15462,0,1.15462,0,1.38802,0,1.79864,0,y3
17,7.97590361445783,1.11256,0,1.11256,0,1.34071,0,1.76617,0,y3
17,8,1.09552,0,1.09552,0,1.32153,0,1.75298,0,y3
17,8.03614457831325,1.06972,0,1.06972,0,1.2925,0,1.73299,0,y3
17,8.09638554216867,1.02611,0,1.02611,0,1.24336,0,1.69916,0,y3
17,8.1566265060241,0.981747,0,0.981747,0,1.19336,0,1.66467,0,y3
17,8.21686746987952,0.936655,0,0.936655,0,1.1426,0,1.62955,0,y3
17,8.27710843373494,0.890834,0,0.890834,0,1.09105,0,1.59381,0,y3
17,8.33734939759036,0.84428,0,0.84428,0,1.03861,0,1.55746,0,y3
17,8.39759036144578,0.797038,0,0.797038,0,0.985475,0,1.52045,0,y3
17,8.45783132530121,0.749157,0,0.749157,0,0.931854,0,1.48279,0,y3
17,8.51807228915663,0.700649,0,0.700649,0,0.877578,0,1.44451,0,y3
17,8.57831325301205,0.651498,0,0.651498,0,0.822511,0,1.40562,0,y3
17,8.63855421686747,0.601739,0,0.601739,0,0.766958,0,1.36617,0,y3
17,8.69879518072289,0.551455,0,0.551455,0,0.711028,0,1.32618,0,y3
17,8.75903614457831,0.50069,0,0.50069,0,0.65426,0,1.28565,0,y3
17,8.81927710843373,0.449456,0,0.449456,0,0.596622,0,1.24459,0,y3
17,8.87951807228916,0.397774,0,0.397774,0,0.538946,0,1.203,0,y3
17,8.93975903614458,0.345791,0,0.345791,0,0.481266,0,1.16089,0,y3
17,9,0.293579,0,0.293579,0,0.422621,0,1.11828,0,y3
17,9.06024096385542,0.241107,0,0.241107,0,0.363895,0,1.07519,0,y3
17,9.12048192771084,0.188291,0,0.188291,0,0.306065,0,1.03161,0,y3
17,9.18072289156627,0.135311,0,0.135311,0,0.247721,0,0.987584,0,y3
17,9.24096385542169,0.0823032,0,0.0823032,0,0.189595,0,0.943118,0,y3
17,9.30120481927711,0.0293333,0,0.0293333,0,0.130824,0,0.898231,0,y3
17,9.36144578313253,-0.0236153,0,-0.0236153,0,0.0714146,0,0.852913,0,y3
17,9.42168674698795,-0.0763923,0,-0.0763923,0,0.0139523,0,0.807175,0,y3
17,9.48192771084337,-0.12876,0,-0.12876,0,-0.0462877,0,0.761076,0,y3
17,9.54216867469879,-0.180753,0,-0.180753,0,-0.103894,0,0.714609,0,y3
17,9.60240963855422,-0.232728,0,-0.232728,0,-0.160908,0,0.667793,0,y3
17,9.66265060240964,-0.284835,0,-0.284835,0,-0.219591,0,0.620749,0,y3
17,9.72289156626506,-0.336451,1,-0.336451,1,-0.277529,0,0.573513,0,y3
17,9.78313253012048,-0.387334,1,-0.387334,1,-0.335318,1,0.526093,0,y3
17,9.8433734939759,-0.437723,1,-0.437723,1,-0.392779,1,0.478483,0,y3
17,9.90361445783133,-0.487884,1,-0.487884,1,-0.449911,1,0.430585,0,y3
17,9.96385542168675,-0.537546,1,-0.537546,1,-0.506694,1,0.382292,0,y3
17,10,-0.567058,1,-0.567058,1,-0.540588,1,0.353192,0,y3
17,10.0240963855422,-0.58661,1,-0.58661,1,-0.563108,1,0.333738,0,y3
17,10.0843373493976,-0.635032,1,-0.635032,1,-0.619145,1,0.284947,0,y3
17,10.144578313253,-0.682892,1,-0.682892,1,-0.674832,1,0.236032,0,y3
17,10.2048192771084,-0.730105,1,-0.730105,1,-0.730105,1,0.187019,0,y3
17,10.2650602409639,-0.776604,1,-0.776604,1,-0.784933,1,0.137864,0,y3
17,10.3253012048193,-0.822375,1,-0.822375,1,-0.839466,1,0.0886087,0,y3
17,10.3855421686747,-0.867434,1,-0.867434,1,-0.893451,1,0.0393174,0,y3
17,10.4457831325301,-0.911814,1,-0.911814,1,-0.947013,1,-0.0100273,0,y3
17,10.5060240963855,-0.955416,1,-0.955416,1,-1.0004,1,-0.0594939,0,y3
17,10.566265060241,-0.998287,1,-0.998287,1,-1.0529,1,-0.108935,0,y3
17,10.6265060240964,-1.04041,1,-1.04041,1,-1.10533,1,-0.158277,0,y3
17,10.6867469879518,-1.08187,1,-1.08187,1,-1.15757,1,-0.207639,0,y3
17,10.7469879518072,-1.12257,1,-1.12257,1,-1.20802,1,-0.257072,0,y3
17,10.8072289156626,-1.16254,1,-1.16254,1,-1.2589,1,-0.306292,0,y3
17,10.8674698795181,-1.20179,1,-1.20179,1,-1.30925,1,-0.355321,1,y3
17,10.9277108433735,-1.24042,1,-1.24042,1,-1.3586,1,-0.404488,1,y3
17,10.9879518072289,-1.27835,1,-1.27835,1,-1.41064,1,-0.453596,1,y3
17,11,-1.28585,1,-1.28585,1,-1.42084,1,-0.463363,1,y3
17,11.0481927710843,-1.31555,1,-1.31555,1,-1.45834,1,-0.502178,1,y3
17,11.1084337349398,-1.35208,1,-1.35208,1,-1.50668,1,-0.550642,1,y3
17,11.1686746987952,-1.38807,1,-1.38807,1,-1.556,1,-0.599618,1,y3
17,11.2289156626506,-1.42349,1,-1.42349,1,-1.60528,1,-0.648512,1,y3
17,11.289156626506,-1.45814,1,-1.45814,1,-1.65178,1,-0.696862,1,y3
17,11.3493975903614,-1.49209,1,-1.49209,1,-1.69956,1,-0.74504,1,y3
17,11.4096385542169,-1.52565,1,-1.52565,1,-1.74644,1,-0.793124,1,y3
17,11.4698795180723,-1.55897,1,-1.55897,1,-1.79303,1,-0.840428,1,y3
17,11.5301204819277,-1.59139,1,-1.59139,1,-1.83817,1,-0.887157,1,y3
17,11.5903614457831,-1.62268,1,-1.62268,1,-1.88401,1,-0.934564,1,y3
17,11.6506024096386,-1.65396,1,-1.65396,1,-1.92966,1,-0.982358,1,y3
17,11.710843373494,-1.68606,1,-1.68606,1,-1.97531,1,-1.0294,1,y3
17,11.7710843373494,-1.71696,1,-1.71696,1,-2.02014,1,-1.07599,1,y3
17,11.8313253012048,-1.74461,1,-1.74461,1,-2.06312,1,-1.12265,1,y3
17,11.8915662650602,-1.77294,1,-1.77294,1,-2.10684,1,-1.16838,1,y3
17,11.9518072289157,-1.80345,1,-1.80345,1,-2.1506,1,-1.21252,1,y3
17,12,-1.82714,1,-1.82714,1,-2.18514,1,-1.24773,1,y3
17,12.0120481927711,-1.83302,1,-1.83302,1,-2.1941,1,-1.25663,1,y3
17,12.0722891566265,-1.86214,1,-1.86214,1,-2.23637,1,-1.30163,1,y3
17,12.1325301204819,-1.88969,1,-1.88969,1,-2.27786,1,-1.34685,1,y3
17,12.1927710843374,-1.91743,1,-1.91743,1,-2.32136,1,-1.39192,1,y3
17,12.2530120481928,-1.94452,1,-1.94452,1,-2.36305,1,-1.43631,1,y3
17,12.3132530120482,-1.96964,1,-1.96964,1,-2.40449,1,-1.48004,1,y3
17,12.3734939759036,-1.99667,1,-1.99667,1,-2.44569,1,-1.52359,1,y3
17,12.433734939759,-2.02386,1,-2.02386,1,-2.48659,1,-1.56689,1,y3
17,12.4939759036145,-2.05026,1,-2.05026,1,-2.52721,1,-1.60987,1,y3
17,12.5542168674699,-2.07616,1,-2.07616,1,-2.56756,1,-1.65254,1,y3
17,12.6144578313253,-2.10161,1,-2.10161,1,-2.60764,1,-1.69497,1,y3
17,12.6746987951807,-2.12627,1,-2.12627,1,-2.64747,1,-1.7371,1,y3
17,12.7349397590361,-2.15241,1,-2.15241,1,-2.68707,1,-1.77893,1,y3
17,12.7951807228916,-2.17754,1,-2.17754,1,-2.72631,1,-1.82047,1,y3
17,12.855421686747,-2.20263,1,-2.20263,1,-2.76517,1,-1.86173,1,y3
17,12.9156626506024,-2.22758,1,-2.22758,1,-2.80382,1,-1.9027,1,y3
17,12.9759036144578,-2.25072,1,-2.25072,1,-2.84257,1,-1.94337,1,y3
17,13,-2.25985,1,-2.25985,1,-2.85819,1,-1.95957,1,y3
17,13.0361445783133,-2.27368,1,-2.27368,1,-2.88161,1,-1.98378,1,y3
17,13.0963855421687,-2.29751,1,-2.29751,1,-2.92035,1,-2.0239,1,y3
17,13.1566265060241,-2.32047,1,-2.32047,1,-2.95841,1,-2.06374,1,y3
17,13.2168674698795,-2.34329,1,-2.34329,1,-2.99581,1,-2.10331,1,y3
17,13.2771084337349,-2.36748,1,-2.36748,1,-3.03279,1,-2.14262,1,y3
17,13.3373493975904,-2.39194,1,-2.39194,1,-3.06957,1,-2.18169,1,y3
17,13.3975903614458,-2.41514,1,-2.41514,1,-3.10642,1,-2.2205,1,y3
17,13.4578313253012,-2.43928,1,-2.43928,1,-3.14381,1,-2.25902,1,y3
17,13.5180722891566,-2.46169,1,-2.46169,1,-3.18133,1,-2.2972,1,y3
17,13.578313253012,-2.48324,1,-2.48324,1,-3.21799,1,-2.33515,1,y3
17,13.6385542168675,-2.5071,1,-2.5071,1,-3.2533,1,-2.37297,1,y3
17,13.6987951807229,-2.52778,1,-2.52778,1,-3.28871,1,-2.41077,1,y3
17,13.7590361445783,-2.55098,1,-2.55098,1,-3.3256,1,-2.44828,1,y3
17,13.8192771084337,-2.57414,1,-2.57414,1,-3.36313,1,-2.48512,1,y3
17,13.8795180722892,-2.5964,1,-2.5964,1,-3.39876,1,-2.52089,1,y3
17,13.9397590361446,-2.61893,1,-2.61893,1,-3.43433,1,-2.55614,1,y3
17,14,-2.64092,1,-2.64092,1,-3.47034,1,-2.59155,1,y3
18,-1,-7,1,-7,1,-7,1,-7,1,y3
18,-0.9397590361445783,-7,1,-7,1,-7,1,-7,1,y3
18,-0.8795180722891567,-7,1,-7,1,-7,1,-7,1,y3
18,-0.8192771084337349,-7,1,-7,1,-7,1,-7,1,y3
18,-0.7590361445783133,-7,1,-7,1,-7,1,-7,1,y3
18,-0.6987951807228916,-7,1,-7,1,-7,1,-7,1,y3
18,-0.6385542168674698,-7,1,-7,1,-7,1,-7,1,y3
18,-0.5783132530120482,-7,1,-7,1,-7,1,-7,1,y3
18,-0.5180722891566265,-7,1,-7,1,-7,1,-7,1,y3
18,-0.4578313253012049,-7,1,-7,1,-7,1,-7,1,y3
18,-0.3975903614457832,-7,1,-7,1,-7,1,-7,1,y3
18,-0.3373493975903614,-7,1,-7,1,-7,1,-7,1,y3
18,-0.2771084337349398,-7,1,-7,1,-7,1,-7,1,y3
18,-0.2168674698795181,-7,1,-7,1,-7,1,-7,1,y3
18,-0.1566265060240963,-7,1,-7,1,-7,1,-7,1,y3
18,-0.0963855421686747,-7,1,-7,1,-7,1,-7,1,y3
18,-0.036144578313253,-7,1,-7,1,-7,1,-7,1,y3
18,0,-7,1,-7,1,-7,1,-7,1,y3
18,0.0240963855421688,-7,1,-7,1,-7,1,-7,1,y3
18,0.0843373493975903,-7,1,-7,1,-7,1,-7,1,y3
18,0.1445783132530121,-7,1,-7,1,-7,1,-7,1,y3
18,0.2048192771084336,-7,1,-7,1,-7,1,-7,1,y3
18,0.2650602409638554,-7,1,-7,1,-7,1,-7,1,y3
18,0.3253012048192772,-7,1,-7,1,-7,1,-7,1,y3
18,0.3855421686746987,-7,1,-7,1,-7,1,-7,1,y3
18,0.4457831325301205,-7,1,-7,1,-7,1,-7,1,y3
18,0.5060240963855422,-7,1,-7,1,-7,1,-7,1,y3
18,0.5662650602409638,-7,1,-7,1,-7,1,-7,1,y3
18,0.6265060240963856,-7,1,-7,1,-7,1,-7,1,y3
18,0.6867469879518073,-7,1,-7,1,-7,1,-7,1,y3
18,0.7469879518072289,-7,1,-7,1,-7,1,-7,1,y3
18,0.8072289156626506,-7,1,-7,1,-7,1,-7,1,y3
18,0.8674698795180722,-7,1,-7,1,-7,1,-7,1,y3
18,0.927710843373494,-7,1,-7,1,-7,1,-7,1,y3
18,0.9879518072289157,-7,1,-7,1,-7,1,-7,1,y3
18,1,-7,1,-7,1,-7,1,-7,1,y3
18,1.04819277108434,-7,1,-7,1,-7,1,-7,1,y3
18,1.10843373493976,-7,1,-7,1,-7,1,-7,1,y3
18,1.16867469879518,-7,1,-7,1,-7,1,-7,1,y3
18,1.2289156626506,-7,1,-7,1,-7,1,-7,1,y3
18,1.28915662650602,-7,1,-7,1,-7,1,-7,1,y3
18,1.34939759036145,-7,1,-7,1,-7,1,-7,1,y3
18,1.40963855421687,-7,1,-7,1,-7,1,-7,1,y3
18,1.46987951807229,-7,1,-7,1,-7,1,-7,1,y3
18,1.53012048192771,-7,1,-7,1,-7,1,-7,1,y3
18,1.59036144578313,-7,1,-7,1,-7,1,-7,1,y3
18,1.65060240963855,-7,1,-7,1,-7,1,-7,1,y3
18,1.71084337349398,-4.69025,1,-4.69025,1,-7,1,-7,1,y3
18,1.7710843373494,-3.62994,1,-3.62994,1,-7,1,-7,1,y3
18,1.83132530120482,-2.86293,1,-2.86293,1,-7,1,-7,1,y3
18,1.89156626506024,-2.26943,1,-2.26943,1,-7,1,-7,1,y3
18,1.95180722891566,-1.78875,1,-1.78875,1,-7,1,-7,1,y3
18,2,-1.46182,1,-1.46182,1,-7,1,-7,1,y3
18,2.01204819277108,-1.38661,1,-1.38661,1,-7,1,-7,1,y3
18,2.07228915662651,-1.04235,1,-1.04235,1,-7,1,-7,1,y3
18,2.13253012048193,-0.743012,1,-0.743012,1,-7,1,-7,1,y3
18,2.19277108433735,-0.478126,1,-0.478126,1,-7,1,-7,1,y3
18,2.25301204819277,-0.242663,0,-0.242663,0,-7,1,-7,1,y3
18,2.31325301204819,-0.030277,0,-0.030277,0,-7,1,-7,1,y3
18,2.37349397590361,0.162518,0,0.162518,0,-7,1,-7,1,y3
18,2.43373493975904,0.338668,0,0.338668,0,-7,1,-7,1,y3
18,2.49397590361446,0.500817,0,0.500817,0,-7,1,-7,1,y3
18,2.55421686746988,0.651375,0,0.651375,0,-7,1,-7,1,y3
18,2.6144578313253,0.789617,0,0.789617,0,-7,1,-7,1,y3
18,2.67469879518072,0.917607,0,0.917607,0,-4.72066,1,-7,1,y3
18,2.73493975903614,1.03691,0,1.03691,0,-2.61931,1,-3.7965,1,y3
18,2.79518072289157,1.14812,0,1.14812,0,-1.66058,1,-2.2883,1,y3
18,2.85542168674699,1.25205,0,1.25205,0,-1.04173,1,-1.47989,1,y3
18,2.91566265060241,1.34943,0,1.34943,0,-0.589884,1,-0.931298,1,y3
18,2.97590361445783,1.44076,0,1.44076,0,-0.235718,0,-0.524601,1,y3
18,3,1.47569,0,1.47569,0,-0.113335,0,-0.386606,1,y3
18,3.03614457831325,1.52647,0,1.52647,0,0.0555931,0,-0.20038,0,y3
18,3.09638554216868,1.60695,0,1.60695,0,0.293933,0,0.0691253,0,y3
18,3.1566265060241,1.68253,0,1.68253,0,0.500056,0,0.295775,0,y3
18,3.21686746987952,1.75343,0,1.75343,0,0.681003,0,0.490924,0,y3
18,3.27710843373494,1.81992,0,1.81992,0,0.841227,0,0.661634,0,y3
18,3.33734939759036,1.88216,0,1.88216,0,0.984118,0,0.81277,0,y3
18,3.39759036144578,1.94031,0,1.94031,0,1.11253,0,0.94785,0,y3
18,3.45783132530121,1.99452,0,1.99452,0,1.22868,0,1.06955,0,y3
18,3.51807228915663,2.0449,0,2.0449,0,1.3343,0,1.17989,0,y3
18,3.57831325301205,2.09157,0,2.09157,0,1.43077,0,1.28047,0,y3
18,3.63855421686747,2.13461,0,2.13461,0,1.51921,0,1.37256,0,y3
18,3.69879518072289,2.17411,0,2.17411,0,1.60054,0,1.45716,0,y3
18,3.75903614457831,2.21017,0,2.21017,0,1.67549,0,1.53512,0,y3
18,3.81927710843373,2.24288,0,2.24288,0,1.74466,0,1.60713,0,y3
18,3.87951807228916,2.2723,0,2.2723,0,1.80856,0,1.6738,0,y3
18,3.93975903614458,2.29856,0,2.29856,0,1.86763,0,1.73558,0,y3
18,4,2.32171,0,2.32171,0,1.92222,0,1.79286,0,y3
18,4.06024096385542,2.34189,0,2.34189,0,1.97264,0,1.846,0,y3
18,4.12048192771084,2.35923,0,2.35923,0,2.01918,0,1.8953,0,y3
18,4.18072289156626,2.37382,0,2.37382,0,2.06205,0,1.94101,0,y3
18,4.24096385542169,2.38578,0,2.38578,0,2.10147,0,1.98336,0,y3
18,4.30120481927711,2.39522,0,2.39522,0,2.13762,0,2.02254,0,y3
18,4.36144578313253,2.40227,0,2.40227,0,2.17067,0,2.05876,0,y3
18,4.42168674698795,2.40706,0,2.40706,0,2.20078,0,2.09217,0,y3
18,4.48192771084337,2.40973,0,2.40973,0,2.22811,0,2.12286,0,y3
18,4.54216867469879,2.41039,0,2.41039,0,2.25281,0,2.151,0,y3
18,4.60240963855422,2.40917,0,2.40917,0,2.27499,0,2.17674,0,y3
18,4.66265060240964,2.40619,0,2.40619,0,2.29479,0,2.19996,0,y3
18,4.72289156626506,2.40161,0,2.40161,0,2.3122,0,2.22045,0,y3
18,4.78313253012048,2.3956,0,2.3956,0,2.32703,0,2.23833,0,y3
18,4.8433734939759,2.38823,0,2.38823,0,2.33913,0,2.25381,0,y3
18,4.90361445783132,2.37959,0,2.37959,0,2.34866,0,2.26703,0,y3
18,4.96385542168675,2.36978,0,2.36978,0,2.35583,0,2.27809,0,y3
18,5,2.36337,0,2.36337,0,2.35908,0,2.28378,0,y3
18,5.02409638554217,2.3589,0,2.3589,0,2.36082,0,2.28723,0,y3
18,5.08433734939759,2.34708,0,2.34708,0,2.3638,0,2.29438,0,y3
18,5.14457831325301,2.3344,0,2.3344,0,2.36499,0,2.29928,0,y3
18,5.20481927710843,2.32093,0,2.32093,0,2.36445,0,2.30221,0,y3
18,5.26506024096386,2.30672,0,2.30672,0,2.36209,0,2.3033,0,y3
18,5.32530120481928,2.29185,0,2.29185,0,2.35775,0,2.30261,0,y3
18,5.3855421686747,2.27634,0,2.27634,0,2.35149,0,2.30015,0,y3
18,5.44578313253012,2.26027,0,2.26027,0,2.34345,0,2.29592,0,y3
18,5.50602409638554,2.24372,0,2.24372,0,2.33365,0,2.28996,0,y3
18,5.56626506024096,2.22677,0,2.22677,0,2.32212,0,2.28246,0,y3
18,5.62650602409639,2.20946,0,2.20946,0,2.30891,0,2.27337,0,y3
18,5.68674698795181,2.19181,0,2.19181,0,2.29404,0,2.26266,0,y3
18,5.74698795180723,2.17377,0,2.17377,0,2.27756,0,2.25039,0,y3
18,5.80722891566265,2.15539,0,2.15539,0,2.25945,0,2.23661,0,y3
18,5.86746987951807,2.13673,0,2.13673,0,2.23973,0,2.22132,0,y3
18,5.92771084337349,2.11781,0,2.11781,0,2.2184,0,2.20452,0,y3
18,5.98795180722892,2.09866,0,2.09866,0,2.19545,0,2.1862,0,y3
18,6,2.09481,0,2.09481,0,2.19067,0,2.18235,0,y3
18,6.04819277108434,2.0793,0,2.0793,0,2.17087,0,2.16636,0,y3
18,6.10843373493976,2.05976,0,2.05976,0,2.14465,0,2.14503,0,y3
18,6.16867469879518,2.04005,0,2.04005,0,2.11675,0,2.12218,0,y3
18,6.2289156626506,2.01988,0,2.01988,0,2.08714,0,2.09777,0,y3
18,6.28915662650602,1.9989,0,1.9989,0,2.05579,0,2.07182,0,y3
18,6.34939759036145,1.9772,0,1.9772,0,2.02267,0,2.04429,0,y3
18,6.40963855421687,1.9548,0,1.9548,0,1.98772,0,2.01517,0,y3
18,6.46987951807229,1.9317,0,1.9317,0,1.95092,0,1.98444,0,y3
18,6.53012048192771,1.90787,0,1.90787,0,1.91222,0,1.95202,0,y3
18,6.59036144578313,1.88331,0,1.88331,0,1.8716,0,1.9179,0,y3
18,6.65060240963855,1.85804,0,1.85804,0,1.82899,0,1.88209,0,y3
18,6.71084337349398,1.83206,0,1.83206,0,1.78433,0,1.84448,0,y3
18,6.7710843373494,1.80537,0,1.80537,0,1.73762,0,1.80508,0,y3
18,6.83132530120482,1.77795,0,1.77795,0,1.68882,0,1.76387,0,y3
18,6.89156626506024,1.74979,0,1.74979,0,1.63783,0,1.72072,0,y3
18,6.95180722891566,1.72091,0,1.72091,0,1.58461,0,1.67568,0,y3
18,7,1.69728,0,1.69728,0,1.54037,0,1.63825,0,y3
18,7.01204819277108,1.69129,0,1.69129,0,1.52908,0,1.62869,0,y3
18,7.07228915662651,1.66093,0,1.66093,0,1.47122,0,1.57969,0,y3
18,7.13253012048193,1.62981,0,1.62981,0,1.41096,0,1.52866,0,y3
18,7.19277108433735,1.59793,0,1.59793,0,1.34828,0,1.47557,0,y3
18,7.25301204819277,1.56529,0,1.56529,0,1.28315,0,1.42038,0,y3
18,7.31325301204819,1.53188,0,1.53188,0,1.21554,0,1.36308,0,y3
18,7.37349397590361,1.4977,0,1.4977,0,1.14546,0,1.30365,0,y3
18,7.43373493975904,1.46274,0,1.46274,0,1.07293,0,1.24208,0,y3
18,7.49397590361446,1.427,0,1.427,0,0.997949,0,1.17838,0,y3
18,7.55421686746988,1.39046,0,1.39046,0,0.920496,0,1.11258,0,y3
18,7.6144578313253,1.35313,0,1.35313,0,0.840615,0,1.04473,0,y3
18,7.67469879518072,1.31501,0,1.31501,0,0.75855,0,0.974896,0,y3
18,7.73493975903614,1.2761,0,1.2761,0,0.674525,0,0.903147,0,y3
18,7.79518072289157,1.23639,0,1.23639,0,0.588812,0,0.82955,0,y3
18,7.85542168674699,1.1959,0,1.1959,0,0.501728,0,0.754353,0,y3
18,7.91566265060241,1.15462,0,1.15462,0,0.413434,0,0.677772,0,y3
18,7.97590361445783,1.11256,0,1.11256,0,0.323924,0,0.599989,0,y3
18,8,1.09552,0,1.09552,0,0.287895,0,0.568599,0,y3
18,8.03614457831325,1.06972,0,1.06972,0,0.233668,0,0.521278,0,y3
18,8.09638554216867,1.02611,0,1.02611,0,0.142856,0,0.441835,0,y3
18,8.1566265060241,0.981747,0,0.981747,0,0.0514943,0,0.361576,0,y3
18,8.21686746987952,0.936655,0,0.936655,0,-0.0398676,0,0.280458,0,y3
18,8.27710843373494,0.890834,0,0.890834,0,-0.130331,0,0.198871,0,y3
18,8.33734939759036,0.84428,0,0.84428,0,-0.21831,0,0.116947,0,y3
18,8.39759036144578,0.797038,0,0.797038,0,-0.303437,0,0.0349211,0,y3
18,8.45783132530121,0.749157,0,0.749157,0,-0.385636,1,-0.0462041,0,y3
18,8.51807228915663,0.700649,0,0.700649,0,-0.465534,1,-0.124691,0,y3
18,8.57831325301205,0.651498,0,0.651498,0,-0.544688,1,-0.200051,0,y3
18,8.63855421686747,0.601739,0,0.601739,0,-0.622881,1,-0.273239,0,y3
18,8.69879518072289,0.551455,0,0.551455,0,-0.697252,1,-0.345384,1,y3
18,8.75903614457831,0.50069,0,0.50069,0,-0.767517,1,-0.416714,1,y3
18,8.81927710843373,0.449456,0,0.449456,0,-0.835273,1,-0.487587,1,y3
18,8.87951807228916,0.397774,0,0.397774,0,-0.902331,1,-0.557105,1,y3
18,8.93975903614458,0.345791,0,0.345791,0,-0.965515,1,-0.622342,1,y3
18,9,0.293579,0,0.293579,0,-1.02694,1,-0.683695,1,y3
18,9.06024096385542,0.241107,0,0.241107,0,-1.09026,1,-0.74368,1,y3
18,9.12048192771084,0.188291,0,0.188291,0,-1.15297,1,-0.802011,1,y3
18,9.18072289156627,0.135311,0,0.135311,0,-1.21303,1,-0.860725,1,y3
18,9.24096385542169,0.0823032,0,0.0823032,0,-1.27069,1,-0.920149,1,y3
18,9.30120481927711,0.0293333,0,0.0293333,0,-1.32641,1,-0.975059,1,y3
18,9.36144578313253,-0.0236153,0,-0.0236153,0,-1.37892,1,-1.0264,1,y3
18,9.42168674698795,-0.0763923,0,-0.0763923,0,-1.42975,1,-1.07665,1,y3
18,9.48192771084337,-0.12876,0,-0.12876,0,-1.48019,1,-1.12837,1,y3
18,9.54216867469879,-0.180753,0,-0.180753,0,-1.53047,1,-1.18059,1,y3
18,9.60240963855422,-0.232728,0,-0.232728,0,-1.5804,1,-1.23085,1,y3
18,9.66265060240964,-0.284835,0,-0.284835,0,-1.63179,1,-1.27743,1,y3
18,9.72289156626506,-0.336451,1,-0.336451,1,-1.67769,1,-1.32219,1,y3
18,9.78313253012048,-0.387334,1,-0.387334,1,-1.72347,1,-1.36788,1,y3
18,9.8433734939759,-0.437723,1,-0.437723,1,-1.76892,1,-1.4152,1,y3
18,9.90361445783133,-0.487884,1,-0.487884,1,-1.81372,1,-1.46179,1,y3
18,9.96385542168675,-0.537546,1,-0.537546,1,-1.85767,1,-1.50418,1,y3
18,10,-0.567058,1,-0.567058,1,-1.88383,1,-1.52926,1,y3
18,10.0240963855422,-0.58661,1,-0.58661,1,-1.901,1,-1.54688,1,y3
18,10.0843373493976,-0.635032,1,-0.635032,1,-1.9436,1,-1.58857,1,y3
18,10.144578313253,-0.682892,1,-0.682892,1,-1.98539,1,-1.62881,1,y3
18,10.2048192771084,-0.730105,1,-0.730105,1,-2.02703,1,-1.66952,1,y3
18,10.2650602409639,-0.776604,1,-0.776604,1,-2.06731,1,-1.70951,1,y3
18,10.3253012048193,-0.822375,1,-0.822375,1,-2.10796,1,-1.74874,1,y3
18,10.3855421686747,-0.867434,1,-0.867434,1,-2.14845,1,-1.78793,1,y3
18,10.4457831325301,-0.911814,1,-0.911814,1,-2.18683,1,-1.82594,1,y3
18,10.5060240963855,-0.955416,1,-0.955416,1,-2.22408,1,-1.86463,1,y3
18,10.566265060241,-0.998287,1,-0.998287,1,-2.26534,1,-1.90105,1,y3
18,10.6265060240964,-1.04041,1,-1.04041,1,-2.30255,1,-1.94005,1,y3
18,10.6867469879518,-1.08187,1,-1.08187,1,-2.33867,1,-1.97464,1,y3
18,10.7469879518072,-1.12257,1,-1.12257,1,-2.37772,1,-2.01306,1,y3
18,10.8072289156626,-1.16254,1,-1.16254,1,-2.4155,1,-2.04574,1,y3
18,10.8674698795181,-1.20179,1,-1.20179,1,-2.45117,1,-2.08412,1,y3
18,10.9277108433735,-1.24042,1,-1.24042,1,-2.48913,1,-2.12038,1,y3
18,10.9879518072289,-1.27835,1,-1.27835,1,-2.52441,1,-2.15594,1,y3
18,11,-1.28585,1,-1.28585,1,-2.53118,1,-2.16104,1,y3
18,11.0481927710843,-1.31555,1,-1.31555,1,-2.56147,1,-2.19032,1,y3
18,11.1084337349398,-1.35208,1,-1.35208,1,-2.59583,1,-2.22463,1,y3
18,11.1686746987952,-1.38807,1,-1.38807,1,-2.63227,1,-2.25941,1,y3
18,11.2289156626506,-1.42349,1,-1.42349,1,-2.66748,1,-2.29422,1,y3
18,11.289156626506,-1.45814,1,-1.45814,1,-2.70282,1,-2.32802,1,y3
18,11.3493975903614,-1.49209,1,-1.49209,1,-2.73797,1,-2.36226,1,y3
18,11.4096385542169,-1.52565,1,-1.52565,1,-2.77292,1,-2.39552,1,y3
18,11.4698795180723,-1.55897,1,-1.55897,1,-2.80784,1,-2.42951,1,y3
18,11.5301204819277,-1.59139,1,-1.59139,1,-2.84262,1,-2.4631,1,y3
18,11.5903614457831,-1.62268,1,-1.62268,1,-2.8773,1,-2.49659,1,y3
18,11.6506024096386,-1.65396,1,-1.65396,1,-2.91184,1,-2.52975,1,y3
18,11.710843373494,-1.68606,1,-1.68606,1,-2.94615,1,-2.56308,1,y3
18,11.7710843373494,-1.71696,1,-1.71696,1,-2.98029,1,-2.5959,1,y3
18,11.8313253012048,-1.74461,1,-1.74461,1,-3.01431,1,-2.63016,1,y3
18,11.8915662650602,-1.77294,1,-1.77294,1,-3.04846,1,-2.66182,1,y3
18,11.9518072289157,-1.80345,1,-1.80345,1,-3.08306,1,-2.69425,1,y3
18,12,-1.82714,1,-1.82714,1,-3.11079,1,-2.72054,1,y3
18,12.0120481927711,-1.83302,1,-1.83302,1,-3.11765,1,-2.72784,1,y3
18,12.0722891566265,-1.86214,1,-1.86214,1,-3.15117,1,-2.76109,1,y3
18,12.1325301204819,-1.88969,1,-1.88969,1,-3.18371,1,-2.79332,1,y3
18,12.1927710843374,-1.91743,1,-1.91743,1,-3.21738,1,-2.82558,1,y3
18,12.2530120481928,-1.94452,1,-1.94452,1,-3.25284,1,-2.85809,1,y3
18,12.3132530120482,-1.96964,1,-1.96964,1,-3.28571,1,-2.89053,1,y3
18,12.3734939759036,-1.99667,1,-1.99667,1,-3.31901,1,-2.92293,1,y3
18,12.433734939759,-2.02386,1,-2.02386,1,-3.35425,1,-2.95522,1,y3
18,12.4939759036145,-2.05026,1,-2.05026,1,-3.38616,1,-2.98767,1,y3
18,12.5542168674699,-2.07616,1,-2.07616,1,-3.41973,1,-3.02007,1,y3
18,12.6144578313253,-2.10161,1,-2.10161,1,-3.4546,1,-3.05195,1,y3
18,12.6746987951807,-2.12627,1,-2.12627,1,-3.4881,1,-3.08374,1,y3
18,12.7349397590361,-2.15241,1,-2.15241,1,-3.51967,1,-3.11644,1,y3
18,12.7951807228916,-2.17754,1,-2.17754,1,-3.55586,1,-3.14898,1,y3
18,12.855421686747,-2.20263,1,-2.20263,1,-3.58669,1,-3.18031,1,y3
18,12.9156626506024,-2.22758,1,-2.22758,1,-3.62122,1,-3.21198,1,y3
18,12.9759036144578,-2.25072,1,-2.25072,1,-3.65468,1,-3.24461,1,y3
18,13,-2.25985,1,-2.25985,1,-3.66723,1,-3.25751,1,y3
18,13.0361445783133,-2.27368,1,-2.27368,1,-3.68691,1,-3.27648,1,y3
18,13.0963855421687,-2.29751,1,-2.29751,1,-3.7208,1,-3.30765,1,y3
18,13.1566265060241,-2.32047,1,-2.32047,1,-3.75455,1,-3.34062,1,y3
18,13.2168674698795,-2.34329,1,-2.34329,1,-3.78808,1,-3.37234,1,y3
18,13.2771084337349,-2.36748,1,-2.36748,1,-3.82036,1,-3.40484,1,y3
18,13.3373493975904,-2.39194,1,-2.39194,1,-3.854,1,-3.43567,1,y3
18,13.3975903614458,-2.41514,1,-2.41514,1,-3.8872,1,-3.4675,1,y3
18,13.4578313253012,-2.43928,1,-2.43928,1,-3.92036,1,-3.49953,1,y3
18,13.5180722891566,-2.46169,1,-2.46169,1,-3.95359,1,-3.53151,1,y3
18,13.578313253012,-2.48324,1,-2.48324,1,-3.98672,1,-3.56343,1,y3
18,13.6385542168675,-2.5071,1,-2.5071,1,-4.0201,1,-3.59461,1,y3
18,13.6987951807229,-2.52778,1,-2.52778,1,-4.05308,1,-3.62713,1,y3
18,13.7590361445783,-2.55098,1,-2.55098,1,-4.08662,1,-3.65853,1,y3
18,13.8192771084337,-2.57414,1,-2.57414,1,-4.11982,1,-3.69039,1,y3
18,13.8795180722892,-2.5964,1,-2.5964,1,-4.15228,1,-3.72224,1,y3
18,13.9397590361446,-2.61893,1,-2.61893,1,-4.18542,1,-3.75333,1,y3
18,14,-2.64092,1,-2.64092,1,-4.21909,1,-3.78483,1,y3
