rep,ID,time,prediction_iwRes,iwRes_simulated,iwRes_simulated_simBlq,censored,split,color,filter
1,7,1,0,3.3517,1.29263,1,All,#4682B4,0
2,7,1,0,3.3517,1.04769,1,All,#4682B4,0
3,7,1,0,3.3517,0.111737,1,All,#4682B4,0
4,7,1,0,3.3517,0.935122,1,All,#4682B4,0
5,7,1,0,3.3517,1.00908,1,All,#4682B4,0
6,7,1,0,3.3517,0.141501,1,All,#4682B4,0
7,7,1,0,3.3517,0.678982,1,All,#4682B4,0
8,7,1,0,3.3517,0.785126,1,All,#4682B4,0
9,7,1,0,3.3517,0.649792,1,All,#4682B4,0
10,7,1,0,3.3517,0.666951,1,All,#4682B4,0
1,7,1.5,0,3.3517,1.08308,1,All,#4682B4,0
2,7,1.5,0,3.3517,0.0434166,1,All,#4682B4,0
3,7,1.5,0,3.3517,0.0386026,1,All,#4682B4,0
4,7,1.5,0,3.3517,1.0255,1,All,#4682B4,0
5,7,1.5,0,3.3517,1.07696,1,All,#4682B4,0
6,7,1.5,0,3.3517,0.375836,1,All,#4682B4,0
7,7,1.5,0,3.3517,0.316026,1,All,#4682B4,0
8,7,1.5,0,3.3517,0.419729,1,All,#4682B4,0
9,7,1.5,0,3.3517,0.495524,1,All,#4682B4,0
10,7,1.5,0,3.3517,0.808959,1,All,#4682B4,0
1,7,2,0,3.3517,0.537504,1,All,#4682B4,0
2,7,2,0,3.3517,0.111167,1,All,#4682B4,0
3,7,2,0,3.3517,0.369317,1,All,#4682B4,0
4,7,2,0,3.3517,0.653362,1,All,#4682B4,0
5,7,2,0,3.3517,0.509553,1,All,#4682B4,0
6,7,2,0,3.3517,0.526929,1,All,#4682B4,0
7,7,2,0,3.3517,1.5837,1,All,#4682B4,0
8,7,2,0,3.3517,0.409558,1,All,#4682B4,0
9,7,2,0,3.3517,0.518028,1,All,#4682B4,0
10,7,2,0,3.3517,1.58012,1,All,#4682B4,0
1,7,2.5,1.02532,2.20618,0.848571,1,All,#4682B4,0
2,7,2.5,0,3.3517,0.826443,1,All,#4682B4,0
3,7,2.5,0.513648,2.77784,0.134934,1,All,#4682B4,0
4,7,2.5,1.39559,1.7925,0.431047,1,All,#4682B4,0
5,7,2.5,0,3.3517,0.155777,1,All,#4682B4,0
6,7,2.5,0,3.3517,1.7397,1,All,#4682B4,0
7,7,2.5,0,3.3517,0.381262,1,All,#4682B4,0
8,7,2.5,1.00876,2.22468,-0.268821,1,All,#4682B4,0
9,7,2.5,1.16761,2.0472,1.12448,1,All,#4682B4,0
10,7,2.5,0.881334,2.36705,0.810195,1,All,#4682B4,0
1,7,3,2.25962,0.827176,0.797393,1,All,#4682B4,0
2,7,3,1.70778,1.44371,-0.531023,1,All,#4682B4,0
3,7,3,2.07887,1.02911,-0.00564888,1,All,#4682B4,0
4,7,3,2.23372,0.856118,-0.0855269,1,All,#4682B4,0
5,7,3,0.404638,2.89963,2.60136,1,All,#4682B4,0
6,7,3,1.56499,1.60324,1.3712,1,All,#4682B4,0
7,7,3,0.288465,3.02942,0.075199,1,All,#4682B4,0
8,7,3,2.06408,1.04565,-0.137759,1,All,#4682B4,0
9,7,3,2.27519,0.809786,-0.389328,1,All,#4682B4,0
10,7,3,2.01789,1.09725,0.457768,1,All,#4682B4,0
1,7,3.5,3.42282,0.587866,0.587866,0,All,#4682B4,0
2,7,3.5,3.16996,0.870368,0.870368,0,All,#4682B4,0
3,7,3.5,3.30825,0.715873,0.715873,0,All,#4682B4,0
4,7,3.5,3.09595,0.95306,0.95306,0,All,#4682B4,0
5,7,3.5,2.1608,1.99783,1.99783,0,All,#4682B4,0
6,7,3.5,2.81631,1.26548,1.26548,0,All,#4682B4,0
7,7,3.5,2.47802,1.64343,1.64343,0,All,#4682B4,0
8,7,3.5,3.08781,0.962155,0.962155,0,All,#4682B4,0
9,7,3.5,3.32794,0.693869,0.693869,0,All,#4682B4,0
10,7,3.5,3.10675,0.94099,0.94099,0,All,#4682B4,0
1,7,4,4.52066,-1.69893,-2.17952,1,All,#4682B4,0
2,7,4,4.39926,-1.5633,-2.46876,1,All,#4682B4,0
3,7,4,4.36061,-1.52012,-1.86026,1,All,#4682B4,0
4,7,4,3.98491,-1.10037,-1.13882,1,All,#4682B4,0
5,7,4,3.57916,-0.647057,-0.701173,1,All,#4682B4,0
6,7,4,3.9805,-1.09545,-1.19029,1,All,#4682B4,0
7,7,4,4.08548,-1.21273,-2.48135,1,All,#4682B4,0
8,7,4,4.08219,-1.20906,-1.91494,1,All,#4682B4,0
9,7,4,4.32936,-1.48521,-1.59443,1,All,#4682B4,0
10,7,4,4.1776,-1.31566,-1.4499,1,All,#4682B4,0
1,7,4.5,5.5584,-0.349029,-0.349029,0,All,#4682B4,0
2,7,4.5,5.45098,-0.229007,-0.229007,0,All,#4682B4,0
3,7,4.5,5.27227,-0.0293454,-0.0293454,0,All,#4682B4,0
4,7,4.5,4.90104,0.385397,0.385397,0,All,#4682B4,0
5,7,4.5,4.76196,0.540791,0.540791,0,All,#4682B4,0
6,7,4.5,5.06707,0.199904,0.199904,0,All,#4682B4,0
7,7,4.5,5.33557,-0.100068,-0.100068,0,All,#4682B4,0
8,7,4.5,5.04848,0.220671,0.220671,0,All,#4682B4,0
9,7,4.5,5.28348,-0.0418794,-0.0418794,0,All,#4682B4,0
10,7,4.5,5.231,0.0167624,0.0167624,0,All,#4682B4,0
1,7,5,6.53354,-0.955838,-0.955838,0,All,#4682B4,0
2,7,5,6.35878,-0.76059,-0.76059,0,All,#4682B4,0
3,7,5,6.06894,-0.436776,-0.436776,0,All,#4682B4,0
4,7,5,5.84601,-0.187707,-0.187707,0,All,#4682B4,0
5,7,5,5.76296,-0.094916,-0.094916,0,All,#4682B4,0
6,7,5,6.08314,-0.452639,-0.452639,0,All,#4682B4,0
7,7,5,6.33263,-0.731381,-0.731381,0,All,#4682B4,0
8,7,5,5.98671,-0.3449,-0.3449,0,All,#4682B4,0
9,7,5,6.19217,-0.574445,-0.574445,0,All,#4682B4,0
10,7,5,6.26592,-0.656843,-0.656843,0,All,#4682B4,0
1,7,5.5,7.39906,-0.0603926,-0.0603926,0,All,#4682B4,0
2,7,5.5,7.1236,0.247361,0.247361,0,All,#4682B4,0
3,7,5.5,6.7643,0.648782,0.648782,0,All,#4682B4,0
4,7,5.5,6.81844,0.588287,0.588287,0,All,#4682B4,0
5,7,5.5,6.60361,0.828307,0.828307,0,All,#4682B4,0
6,7,5.5,7.02823,0.353901,0.353901,0,All,#4682B4,0
7,7,5.5,7.09636,0.27779,0.27779,0,All,#4682B4,0
8,7,5.5,6.88958,0.508808,0.508808,0,All,#4682B4,0
9,7,5.5,7.04784,0.331996,0.331996,0,All,#4682B4,0
10,7,5.5,7.2654,0.0889333,0.0889333,0,All,#4682B4,0
1,7,6,7.95526,0.623128,0.623128,0,All,#4682B4,0
2,7,6,7.66591,0.946393,0.946393,0,All,#4682B4,0
3,7,6,7.34817,1.30139,1.30139,0,All,#4682B4,0
4,7,6,7.79385,0.803458,0.803458,0,All,#4682B4,0
5,7,6,7.23427,1.42864,1.42864,0,All,#4682B4,0
6,7,6,7.85128,0.739296,0.739296,0,All,#4682B4,0
7,7,6,7.55037,1.07549,1.07549,0,All,#4682B4,0
8,7,6,7.70077,0.907456,0.907456,0,All,#4682B4,0
9,7,6,7.78949,0.80833,0.80833,0,All,#4682B4,0
10,7,6,8.09105,0.471416,0.471416,0,All,#4682B4,0
1,7,6.5,8.08757,-0.285534,-0.285534,0,All,#4682B4,0
2,7,6.5,7.88056,-0.0542551,-0.0542551,0,All,#4682B4,0
3,7,6.5,7.76132,0.0789699,0.0789699,0,All,#4682B4,0
4,7,6.5,8.57484,-0.829929,-0.829929,0,All,#4682B4,0
5,7,6.5,7.54902,0.316157,0.316157,0,All,#4682B4,0
6,7,6.5,8.32995,-0.55633,-0.55633,0,All,#4682B4,0
7,7,6.5,7.69433,0.153813,0.153813,0,All,#4682B4,0
8,7,6.5,8.20629,-0.418173,-0.418173,0,All,#4682B4,0
9,7,6.5,8.21314,-0.425823,-0.425823,0,All,#4682B4,0
10,7,6.5,8.38564,-0.618544,-0.618544,0,All,#4682B4,0
1,7,7,7.98586,-1.15507,-1.15507,0,All,#4682B4,0
2,7,7,7.86428,-1.01923,-1.01923,0,All,#4682B4,0
3,7,7,7.9249,-1.08696,-1.08696,0,All,#4682B4,0
4,7,7,8.7337,-1.99058,-1.99058,0,All,#4682B4,0
5,7,7,7.59258,-0.715681,-0.715681,0,All,#4682B4,0
6,7,7,8.3184,-1.52659,-1.52659,0,All,#4682B4,0
7,7,7,7.65082,-0.780745,-0.780745,0,All,#4682B4,0
8,7,7,8.26233,-1.46394,-1.46394,0,All,#4682B4,0
9,7,7,8.21103,-1.40663,-1.40663,0,All,#4682B4,0
10,7,7,8.26143,-1.46294,-1.46294,0,All,#4682B4,0
1,7,7.5,7.78609,0.536175,0.536175,0,All,#4682B4,0
2,7,7.5,7.75297,0.573177,0.573177,0,All,#4682B4,0
3,7,7.5,7.86779,0.444898,0.444898,0,All,#4682B4,0
4,7,7.5,8.48009,-0.239186,-0.239186,0,All,#4682B4,0
5,7,7.5,7.49227,0.86444,0.86444,0,All,#4682B4,0
6,7,7.5,8.07525,0.213111,0.213111,0,All,#4682B4,0
7,7,7.5,7.52217,0.831035,0.831035,0,All,#4682B4,0
8,7,7.5,8.05746,0.232984,0.232984,0,All,#4682B4,0
9,7,7.5,7.99281,0.305218,0.305218,0,All,#4682B4,0
10,7,7.5,8.00224,0.294684,0.294684,0,All,#4682B4,0
1,7,8,7.54756,0.0172552,0.0172552,0,All,#4682B4,0
2,7,8,7.60488,-0.0467845,-0.0467845,0,All,#4682B4,0
3,7,8,7.69987,-0.152912,-0.152912,0,All,#4682B4,0
4,7,8,8.1212,-0.623642,-0.623642,0,All,#4682B4,0
5,7,8,7.32829,0.262226,0.262226,0,All,#4682B4,0
6,7,8,7.77066,-0.232008,-0.232008,0,All,#4682B4,0
7,7,8,7.35858,0.228381,0.228381,0,All,#4682B4,0
8,7,8,7.74978,-0.208681,-0.208681,0,All,#4682B4,0
9,7,8,7.7037,-0.157193,-0.157193,0,All,#4682B4,0
10,7,8,7.7027,-0.156079,-0.156079,0,All,#4682B4,0
1,7,8.5,7.29867,-0.152689,-0.152689,0,All,#4682B4,0
2,7,8.5,7.44383,-0.314872,-0.314872,0,All,#4682B4,0
3,7,8.5,7.49394,-0.370851,-0.370851,0,All,#4682B4,0
4,7,8.5,7.74121,-0.64711,-0.64711,0,All,#4682B4,0
5,7,8.5,7.14184,0.02252,0.02252,0,All,#4682B4,0
6,7,8.5,7.45884,-0.331645,-0.331645,0,All,#4682B4,0
7,7,8.5,7.18605,-0.0268701,-0.0268701,0,All,#4682B4,0
8,7,8.5,7.40898,-0.275935,-0.275935,0,All,#4682B4,0
9,7,8.5,7.39809,-0.263766,-0.263766,0,All,#4682B4,0
10,7,8.5,7.39598,-0.261406,-0.261406,0,All,#4682B4,0
1,7,9,7.04473,-0.854387,-0.854387,0,All,#4682B4,0
2,7,9,7.28163,-1.11905,-1.11905,0,All,#4682B4,0
3,7,9,7.28254,-1.12008,-1.12008,0,All,#4682B4,0
4,7,9,7.36251,-1.20941,-1.20941,0,All,#4682B4,0
5,7,9,6.95448,-0.753548,-0.753548,0,All,#4682B4,0
6,7,9,7.15968,-0.982804,-0.982804,0,All,#4682B4,0
7,7,9,7.01879,-0.825406,-0.825406,0,All,#4682B4,0
8,7,9,7.06767,-0.880013,-0.880013,0,All,#4682B4,0
9,7,9,7.09912,-0.915152,-0.915152,0,All,#4682B4,0
10,7,9,7.09873,-0.914718,-0.914718,0,All,#4682B4,0
1,7,9.5,6.75964,1.47292,1.47292,0,All,#4682B4,0
2,7,9.5,7.09491,1.09835,1.09835,0,All,#4682B4,0
3,7,9.5,7.08189,1.11289,1.11289,0,All,#4682B4,0
4,7,9.5,6.99381,1.21129,1.21129,0,All,#4682B4,0
5,7,9.5,6.7796,1.45061,1.45061,0,All,#4682B4,0
6,7,9.5,6.88205,1.33616,1.33616,0,All,#4682B4,0
7,7,9.5,6.86452,1.35574,1.35574,0,All,#4682B4,0
8,7,9.5,6.74055,1.49425,1.49425,0,All,#4682B4,0
9,7,9.5,6.81772,1.40803,1.40803,0,All,#4682B4,0
10,7,9.5,6.81681,1.40905,1.40905,0,All,#4682B4,0
1,7,10,6.44744,1.08099,1.08099,0,All,#4682B4,0
2,7,10,6.84831,0.633124,0.633124,0,All,#4682B4,0
3,7,10,6.89012,0.586408,0.586408,0,All,#4682B4,0
4,7,10,6.62523,0.882353,0.882353,0,All,#4682B4,0
5,7,10,6.62386,0.883889,0.883889,0,All,#4682B4,0
6,7,10,6.63104,0.875871,0.875871,0,All,#4682B4,0
7,7,10,6.66394,0.83911,0.83911,0,All,#4682B4,0
8,7,10,6.43448,1.09547,1.09547,0,All,#4682B4,0
9,7,10,6.55945,0.955855,0.955855,0,All,#4682B4,0
10,7,10,6.55613,0.959562,0.959562,0,All,#4682B4,0
1,7,10.5,6.11284,1.01574,1.01574,0,All,#4682B4,0
2,7,10.5,6.53971,0.538836,0.538836,0,All,#4682B4,0
3,7,10.5,6.62512,0.443407,0.443407,0,All,#4682B4,0
4,7,10.5,6.23715,0.876862,0.876862,0,All,#4682B4,0
5,7,10.5,6.48729,0.597393,0.597393,0,All,#4682B4,0
6,7,10.5,6.36717,0.731598,0.731598,0,All,#4682B4,0
7,7,10.5,6.3462,0.755026,0.755026,0,All,#4682B4,0
8,7,10.5,6.15269,0.971223,0.971223,0,All,#4682B4,0
9,7,10.5,6.32735,0.776089,0.776089,0,All,#4682B4,0
10,7,10.5,6.31901,0.785401,0.785401,0,All,#4682B4,0
1,7,11,5.76441,0.703402,0.703402,0,All,#4682B4,0
2,7,11,6.16876,0.251645,0.251645,0,All,#4682B4,0
3,7,11,6.27317,0.134997,0.134997,0,All,#4682B4,0
4,7,11,5.83658,0.622765,0.622765,0,All,#4682B4,0
5,7,11,6.27247,0.135774,0.135774,0,All,#4682B4,0
6,7,11,6.0313,0.405222,0.405222,0,All,#4682B4,0
7,7,11,5.91466,0.535539,0.535539,0,All,#4682B4,0
8,7,11,5.89699,0.555274,0.555274,0,All,#4682B4,0
9,7,11,6.10984,0.317469,0.317469,0,All,#4682B4,0
10,7,11,6.10531,0.322531,0.322531,0,All,#4682B4,0
1,7,11.5,5.39841,0.158186,0.158186,0,All,#4682B4,0
2,7,11.5,5.74048,-0.223988,-0.223988,0,All,#4682B4,0
3,7,11.5,5.84432,-0.339995,-0.339995,0,All,#4682B4,0
4,7,11.5,5.42176,0.132098,0.132098,0,All,#4682B4,0
5,7,11.5,5.89815,-0.400133,-0.400133,0,All,#4682B4,0
6,7,11.5,5.63297,-0.103869,-0.103869,0,All,#4682B4,0
7,7,11.5,5.3897,0.167916,0.167916,0,All,#4682B4,0
8,7,11.5,5.66887,-0.143983,-0.143983,0,All,#4682B4,0
9,7,11.5,5.78764,-0.276669,-0.276669,0,All,#4682B4,0
10,7,11.5,5.85599,-0.35303,-0.35303,0,All,#4682B4,0
1,7,12,5.02111,-0.230272,-0.230272,0,All,#4682B4,0
2,7,12,5.26046,-0.497679,-0.497679,0,All,#4682B4,0
3,7,12,5.35202,-0.599978,-0.599978,0,All,#4682B4,0
4,7,12,4.99499,-0.201095,-0.201095,0,All,#4682B4,0
5,7,12,5.3779,-0.628887,-0.628887,0,All,#4682B4,0
6,7,12,5.17546,-0.402722,-0.402722,0,All,#4682B4,0
7,7,12,4.79374,0.0237482,0.0237482,0,All,#4682B4,0
8,7,12,5.46021,-0.720853,-0.720853,0,All,#4682B4,0
9,7,12,5.34745,-0.594877,-0.594877,0,All,#4682B4,0
10,7,12,5.5179,-0.785309,-0.785309,0,All,#4682B4,0
1,7,12.5,4.62536,1.58161,1.58161,0,All,#4682B4,0
2,7,12.5,4.74366,1.44943,1.44943,0,All,#4682B4,0
3,7,12.5,4.80515,1.38074,1.38074,0,All,#4682B4,0
4,7,12.5,4.55741,1.65751,1.65751,0,All,#4682B4,0
5,7,12.5,4.74404,1.44901,1.44901,0,All,#4682B4,0
6,7,12.5,4.66798,1.53398,1.53398,0,All,#4682B4,0
7,7,12.5,4.15593,2.10606,2.10606,0,All,#4682B4,0
8,7,12.5,5.11471,1.03488,1.03488,0,All,#4682B4,0
9,7,12.5,4.79864,1.38801,1.38801,0,All,#4682B4,0
10,7,12.5,5.09799,1.05357,1.05357,0,All,#4682B4,0
1,7,13,4.22135,-1.083,-1.083,0,All,#4682B4,0
2,7,13,4.19799,-1.05689,-1.05689,0,All,#4682B4,0
3,7,13,4.21866,-1.07999,-1.07999,0,All,#4682B4,0
4,7,13,4.10837,-0.956767,-0.956767,0,All,#4682B4,0
5,7,13,4.03277,-0.8723,-0.8723,0,All,#4682B4,0
6,7,13,4.114,-0.963051,-0.963051,0,All,#4682B4,0
7,7,13,3.48724,-0.262815,-0.262815,0,All,#4682B4,0
8,7,13,4.57151,-1.4742,-1.4742,0,All,#4682B4,0
9,7,13,4.16062,-1.01514,-1.01514,0,All,#4682B4,0
10,7,13,4.59759,-1.50334,-1.50334,0,All,#4682B4,0
1,7,13.5,3.80768,-0.902368,-1.30626,1,All,#4682B4,0
2,7,13.5,3.63652,-0.711138,-1.96921,1,All,#4682B4,0
3,7,13.5,3.59829,-0.668435,-2.1411,1,All,#4682B4,0
4,7,13.5,3.64308,-0.718469,-0.795433,1,All,#4682B4,0
5,7,13.5,3.27,-0.301656,-1.04331,1,All,#4682B4,0
6,7,13.5,3.52243,-0.583673,-2.10362,1,All,#4682B4,0
7,7,13.5,2.79684,0.22698,-1.10501,1,All,#4682B4,0
8,7,13.5,3.87079,-0.972879,-2.93529,1,All,#4682B4,0
9,7,13.5,3.45022,-0.503,-0.587175,1,All,#4682B4,0
10,7,13.5,4.02637,-1.1467,-2.1423,1,All,#4682B4,0
1,7,14,3.38772,0.150028,0.150028,0,All,#4682B4,0
2,7,14,3.0583,0.518065,0.518065,0,All,#4682B4,0
3,7,14,2.9512,0.63772,0.63772,0,All,#4682B4,0
4,7,14,3.16317,0.4009,0.4009,0,All,#4682B4,0
5,7,14,2.46555,1.1803,1.1803,0,All,#4682B4,0
6,7,14,2.89757,0.697636,0.697636,0,All,#4682B4,0
7,7,14,2.08701,1.60322,1.60322,0,All,#4682B4,0
8,7,14,3.05559,0.521091,0.521091,0,All,#4682B4,0
9,7,14,2.68268,0.937716,0.937716,0,All,#4682B4,0
10,7,14,3.39218,0.145043,0.145043,0,All,#4682B4,0
1,7,14.5,2.9592,0.0455881,-0.425561,1,All,#4682B4,0
2,7,14.5,2.47005,0.592076,-0.756957,1,All,#4682B4,0
3,7,14.5,2.2816,0.802624,-0.237243,1,All,#4682B4,0
4,7,14.5,2.66926,0.369511,0.228699,1,All,#4682B4,0
5,7,14.5,1.62984,1.53079,-0.0221479,1,All,#4682B4,0
6,7,14.5,2.24167,0.847238,-0.0481947,1,All,#4682B4,0
7,7,14.5,1.36346,1.8284,-0.276544,1,All,#4682B4,0
8,7,14.5,2.16553,0.9323,-1.99808,1,All,#4682B4,0
9,7,14.5,1.87194,1.26031,0.616472,1,All,#4682B4,0
10,7,14.5,2.70284,0.331999,0.182411,1,All,#4682B4,0
1,7,15,2.52007,0.536194,-0.424982,1,All,#4682B4,0
2,7,15,1.87505,1.25684,-0.33553,1,All,#4682B4,0
3,7,15,1.59349,1.5714,-0.316679,1,All,#4682B4,0
4,7,15,2.16076,0.937633,0.219677,1,All,#4682B4,0
5,7,15,0.766967,2.49482,-0.247704,1,All,#4682B4,0
6,7,15,1.56306,1.6054,0.819309,1,All,#4682B4,0
7,7,15,0.627148,2.65103,-0.00572745,1,All,#4682B4,0
8,7,15,1.22208,1.98635,0.852046,1,All,#4682B4,0
9,7,15,1.02718,2.2041,1.15422,1,All,#4682B4,0
10,7,15,1.96872,1.15218,0.473294,1,All,#4682B4,0
1,7,15.5,2.07125,1.03763,-0.983062,1,All,#4682B4,0
2,7,15.5,1.274,1.92835,1.73964,1,All,#4682B4,0
3,7,15.5,0.886672,2.36108,-0.250799,1,All,#4682B4,0
4,7,15.5,1.63838,1.52125,-1.55794,1,All,#4682B4,0
5,7,15.5,0,3.3517,1.6858,1,All,#4682B4,0
6,7,15.5,0.859394,2.39156,1.44638,1,All,#4682B4,0
7,7,15.5,0,3.3517,0.168856,1,All,#4682B4,0
8,7,15.5,0.243572,3.07958,0.280587,1,All,#4682B4,0
9,7,15.5,0.150565,3.18349,0.378171,1,All,#4682B4,0
10,7,15.5,1.19899,2.01215,1.3791,1,All,#4682B4,0
1,7,16,1.61414,1.54833,-0.458265,1,All,#4682B4,0
2,7,16,0.668235,2.60513,-0.00428812,1,All,#4682B4,0
3,7,16,0.16481,3.16757,-0.0924409,1,All,#4682B4,0
4,7,16,1.10137,2.12121,-0.0422852,1,All,#4682B4,0
5,7,16,0,3.3517,0.230808,1,All,#4682B4,0
6,7,16,0.134777,3.20113,0.262123,1,All,#4682B4,0
7,7,16,0,3.3517,0.863876,1,All,#4682B4,0
8,7,16,0,3.3517,0.594564,1,All,#4682B4,0
9,7,16,0,3.3517,0.707227,1,All,#4682B4,0
10,7,16,0.397069,2.90808,0.309896,1,All,#4682B4,0
1,8,1,0,3.3517,1.16682,1,All,#4682B4,0
2,8,1,0,3.3517,0.757472,1,All,#4682B4,0
3,8,1,0,3.3517,0.27162,1,All,#4682B4,0
4,8,1,0,3.3517,0.707241,1,All,#4682B4,0
5,8,1,0,3.3517,1.16856,1,All,#4682B4,0
6,8,1,0,3.3517,1.14143,1,All,#4682B4,0
7,8,1,0,3.3517,0.0133146,1,All,#4682B4,0
8,8,1,0,3.3517,1.35108,1,All,#4682B4,0
9,8,1,0,3.3517,0.32321,1,All,#4682B4,0
10,8,1,0,3.3517,0.373798,1,All,#4682B4,0
1,8,1.5,0,3.3517,0.167006,1,All,#4682B4,0
2,8,1.5,0,3.3517,0.623569,1,All,#4682B4,0
3,8,1.5,0,3.3517,2.02183,1,All,#4682B4,0
4,8,1.5,0,3.3517,0.0619064,1,All,#4682B4,0
5,8,1.5,0,3.3517,0.210306,1,All,#4682B4,0
6,8,1.5,0,3.3517,0.533244,1,All,#4682B4,0
7,8,1.5,0,3.3517,1.16949,1,All,#4682B4,0
8,8,1.5,0,3.3517,2.06727,1,All,#4682B4,0
9,8,1.5,0,3.3517,1.4562,1,All,#4682B4,0
10,8,1.5,0,3.3517,0.527657,1,All,#4682B4,0
1,8,2,0,4.0064,4.0064,0,All,#4682B4,0
2,8,2,0,4.0064,4.0064,0,All,#4682B4,0
3,8,2,0,4.0064,4.0064,0,All,#4682B4,0
4,8,2,0,4.0064,4.0064,0,All,#4682B4,0
5,8,2,3.26013,0.364075,0.364075,0,All,#4682B4,0
6,8,2,0,4.0064,4.0064,0,All,#4682B4,0
7,8,2,0,4.0064,4.0064,0,All,#4682B4,0
8,8,2,0,4.0064,4.0064,0,All,#4682B4,0
9,8,2,0,4.0064,4.0064,0,All,#4682B4,0
10,8,2,0,4.0064,4.0064,0,All,#4682B4,0
1,8,2.5,2.64981,0.391243,-0.386676,1,All,#4682B4,0
2,8,2.5,2.24322,0.845499,-0.969301,1,All,#4682B4,0
3,8,2.5,3.15153,-0.169289,-0.371912,1,All,#4682B4,0
4,8,2.5,3.15039,-0.168022,-0.738013,1,All,#4682B4,0
5,8,2.5,6.0223,-3.37661,-3.50523,1,All,#4682B4,0
6,8,2.5,0,3.3517,0.192687,1,All,#4682B4,0
7,8,2.5,4.26509,-1.4134,-1.55486,1,All,#4682B4,0
8,8,2.5,2.64583,0.395692,0.289274,1,All,#4682B4,0
9,8,2.5,0,3.3517,0.398393,1,All,#4682B4,0
10,8,2.5,0,3.3517,0.385034,1,All,#4682B4,0
1,8,3,6.50729,-0.223772,-0.223772,0,All,#4682B4,0
2,8,3,6.10675,0.223725,0.223725,0,All,#4682B4,0
3,8,3,6.11315,0.216577,0.216577,0,All,#4682B4,0
4,8,3,6.0716,0.262999,0.262999,0,All,#4682B4,0
5,8,3,6.95074,-0.719209,-0.719209,0,All,#4682B4,0
6,8,3,6.30426,0.00305716,0.00305716,0,All,#4682B4,0
7,8,3,6.90518,-0.668313,-0.668313,0,All,#4682B4,0
8,8,3,6.36794,-0.0680825,-0.0680825,0,All,#4682B4,0
9,8,3,5.2181,1.21656,1.21656,0,All,#4682B4,0
10,8,3,5.87688,0.480541,0.480541,0,All,#4682B4,0
1,8,3.5,7.60867,-0.106887,-0.106887,0,All,#4682B4,0
2,8,3.5,7.22153,0.325638,0.325638,0,All,#4682B4,0
3,8,3.5,7.10202,0.459164,0.459164,0,All,#4682B4,0
4,8,3.5,7.13572,0.421514,0.421514,0,All,#4682B4,0
5,8,3.5,7.43729,0.0845816,0.0845816,0,All,#4682B4,0
6,8,3.5,7.72703,-0.239127,-0.239127,0,All,#4682B4,0
7,8,3.5,7.77002,-0.287149,-0.287149,0,All,#4682B4,0
8,8,3.5,7.34275,0.190208,0.190208,0,All,#4682B4,0
9,8,3.5,6.69221,0.917019,0.917019,0,All,#4682B4,0
10,8,3.5,7.27448,0.266477,0.266477,0,All,#4682B4,0
1,8,4,8.16296,0.260364,0.260364,0,All,#4682B4,0
2,8,4,7.78182,0.686185,0.686185,0,All,#4682B4,0
3,8,4,7.62058,0.866324,0.866324,0,All,#4682B4,0
4,8,4,7.70905,0.767486,0.767486,0,All,#4682B4,0
5,8,4,7.7262,0.748319,0.748319,0,All,#4682B4,0
6,8,4,8.29934,0.107991,0.107991,0,All,#4682B4,0
7,8,4,8.20167,0.217115,0.217115,0,All,#4682B4,0
8,8,4,7.8221,0.641181,0.641181,0,All,#4682B4,0
9,8,4,7.40893,1.10279,1.10279,0,All,#4682B4,0
10,8,4,7.9076,0.545663,0.545663,0,All,#4682B4,0
1,8,4.5,8.45342,0.113485,0.113485,0,All,#4682B4,0
2,8,4.5,8.09844,0.510087,0.510087,0,All,#4682B4,0
3,8,4.5,7.92579,0.702978,0.702978,0,All,#4682B4,0
4,8,4.5,8.05744,0.555889,0.555889,0,All,#4682B4,0
5,8,4.5,7.89845,0.733523,0.733523,0,All,#4682B4,0
6,8,4.5,8.59521,-0.0449221,-0.0449221,0,All,#4682B4,0
7,8,4.5,8.39847,0.174877,0.174877,0,All,#4682B4,0
8,8,4.5,8.08872,0.52095,0.52095,0,All,#4682B4,0
9,8,4.5,7.83687,0.802314,0.802314,0,All,#4682B4,0
10,8,4.5,8.25983,0.329777,0.329777,0,All,#4682B4,0
1,8,5,8.54783,-0.069074,-0.069074,0,All,#4682B4,0
2,8,5,8.26258,0.249614,0.249614,0,All,#4682B4,0
3,8,5,8.09788,0.433618,0.433618,0,All,#4682B4,0
4,8,5,8.26237,0.249845,0.249845,0,All,#4682B4,0
5,8,5,7.98561,0.559055,0.559055,0,All,#4682B4,0
6,8,5,8.73394,-0.277012,-0.277012,0,All,#4682B4,0
7,8,5,8.4194,0.0744128,0.0744128,0,All,#4682B4,0
8,8,5,8.224,0.292712,0.292712,0,All,#4682B4,0
9,8,5,8.09824,0.433223,0.433223,0,All,#4682B4,0
10,8,5,8.4549,0.0347458,0.0347458,0,All,#4682B4,0
1,8,5.5,8.47163,-0.916832,-0.916832,0,All,#4682B4,0
2,8,5.5,8.30442,-0.730019,-0.730019,0,All,#4682B4,0
3,8,5.5,8.15849,-0.566988,-0.566988,0,All,#4682B4,0
4,8,5.5,8.35858,-0.790532,-0.790532,0,All,#4682B4,0
5,8,5.5,8.00236,-0.392548,-0.392548,0,All,#4682B4,0
6,8,5.5,8.74612,-1.22351,-1.22351,0,All,#4682B4,0
7,8,5.5,8.3199,-0.747323,-0.747323,0,All,#4682B4,0
8,8,5.5,8.25707,-0.677119,-0.677119,0,All,#4682B4,0
9,8,5.5,8.23645,-0.654084,-0.654084,0,All,#4682B4,0
10,8,5.5,8.53275,-0.985123,-0.985123,0,All,#4682B4,0
1,8,6,8.28139,0.54477,0.54477,0,All,#4682B4,0
2,8,6,8.23809,0.593153,0.593153,0,All,#4682B4,0
3,8,6,8.11555,0.730059,0.730059,0,All,#4682B4,0
4,8,6,8.3557,0.46175,0.46175,0,All,#4682B4,0
5,8,6,7.95372,0.910853,0.910853,0,All,#4682B4,0
6,8,6,8.65575,0.126525,0.126525,0,All,#4682B4,0
7,8,6,8.16338,0.676622,0.676622,0,All,#4682B4,0
8,8,6,8.20457,0.6306,0.6306,0,All,#4682B4,0
9,8,6,8.267,0.560847,0.560847,0,All,#4682B4,0
10,8,6,8.5105,0.288807,0.288807,0,All,#4682B4,0
1,8,6.5,8.02574,-1.14934,-1.14934,0,All,#4682B4,0
2,8,6.5,8.07955,-1.20946,-1.20946,0,All,#4682B4,0
3,8,6.5,7.9855,-1.10439,-1.10439,0,All,#4682B4,0
4,8,6.5,8.2632,-1.41464,-1.41464,0,All,#4682B4,0
5,8,6.5,7.84693,-0.949567,-0.949567,0,All,#4682B4,0
6,8,6.5,8.4864,-1.66401,-1.66401,0,All,#4682B4,0
7,8,6.5,7.9872,-1.10628,-1.10628,0,All,#4682B4,0
8,8,6.5,8.08369,-1.21408,-1.21408,0,All,#4682B4,0
9,8,6.5,8.20254,-1.34687,-1.34687,0,All,#4682B4,0
10,8,6.5,8.40772,-1.5761,-1.5761,0,All,#4682B4,0
1,8,7,7.73247,2.00379,2.00379,0,All,#4682B4,0
2,8,7,7.85256,1.86963,1.86963,0,All,#4682B4,0
3,8,7,7.78343,1.94686,1.94686,0,All,#4682B4,0
4,8,7,8.09373,1.60018,1.60018,0,All,#4682B4,0
5,8,7,7.67702,2.06574,2.06574,0,All,#4682B4,0
6,8,7,8.25949,1.41499,1.41499,0,All,#4682B4,0
7,8,7,7.79394,1.93512,1.93512,0,All,#4682B4,0
8,8,7,7.91167,1.80359,1.80359,0,All,#4682B4,0
9,8,7,8.0513,1.64759,1.64759,0,All,#4682B4,0
10,8,7,8.24226,1.43423,1.43423,0,All,#4682B4,0
1,8,7.5,7.41312,0.312695,0.312695,0,All,#4682B4,0
2,8,7.5,7.57885,0.127529,0.127529,0,All,#4682B4,0
3,8,7.5,7.52288,0.190067,0.190067,0,All,#4682B4,0
4,8,7.5,7.86232,-0.189169,-0.189169,0,All,#4682B4,0
5,8,7.5,7.45264,0.268537,0.268537,0,All,#4682B4,0
6,8,7.5,7.98979,-0.331587,-0.331587,0,All,#4682B4,0
7,8,7.5,7.57395,0.133002,0.133002,0,All,#4682B4,0
8,8,7.5,7.69649,-0.00390244,-0.00390244,0,All,#4682B4,0
9,8,7.5,7.82906,-0.152012,-0.152012,0,All,#4682B4,0
10,8,7.5,8.02281,-0.368478,-0.368478,0,All,#4682B4,0
1,8,8,7.07121,1.2857,1.2857,0,All,#4682B4,0
2,8,8,7.27476,1.05829,1.05829,0,All,#4682B4,0
3,8,8,7.21609,1.12384,1.12384,0,All,#4682B4,0
4,8,8,7.5837,0.713127,0.713127,0,All,#4682B4,0
5,8,8,7.18084,1.16322,1.16322,0,All,#4682B4,0
6,8,8,7.6851,0.599841,0.599841,0,All,#4682B4,0
7,8,8,7.32452,1.00269,1.00269,0,All,#4682B4,0
8,8,8,7.42564,0.889724,0.889724,0,All,#4682B4,0
9,8,8,7.54884,0.752072,0.752072,0,All,#4682B4,0
10,8,8,7.75673,0.519821,0.519821,0,All,#4682B4,0
1,8,8.5,6.70728,0.538196,0.538196,0,All,#4682B4,0
2,8,8.5,6.95255,0.264171,0.264171,0,All,#4682B4,0
3,8,8.5,6.87215,0.353996,0.353996,0,All,#4682B4,0
4,8,8.5,7.27013,-0.0906402,-0.0906402,0,All,#4682B4,0
5,8,8.5,6.8663,0.360529,0.360529,0,All,#4682B4,0
6,8,8.5,7.34822,-0.177891,-0.177891,0,All,#4682B4,0
7,8,8.5,7.04229,0.163905,0.163905,0,All,#4682B4,0
8,8,8.5,7.10078,0.0985599,0.0985599,0,All,#4682B4,0
9,8,8.5,7.22145,-0.0362576,-0.0362576,0,All,#4682B4,0
10,8,8.5,7.45423,-0.296325,-0.296325,0,All,#4682B4,0
1,8,9,6.32086,1.83465,1.83465,0,All,#4682B4,0
2,8,9,6.61678,1.50404,1.50404,0,All,#4682B4,0
3,8,9,6.49765,1.63714,1.63714,0,All,#4682B4,0
4,8,9,6.92991,1.1542,1.1542,0,All,#4682B4,0
5,8,9,6.51639,1.6162,1.6162,0,All,#4682B4,0
6,8,9,6.97937,1.09894,1.09894,0,All,#4682B4,0
7,8,9,6.72357,1.38473,1.38473,0,All,#4682B4,0
8,8,9,6.72233,1.38612,1.38612,0,All,#4682B4,0
9,8,9,6.8543,1.23868,1.23868,0,All,#4682B4,0
10,8,9,7.12013,0.941688,0.941688,0,All,#4682B4,0
1,8,9.5,5.9111,1.64893,1.64893,0,All,#4682B4,0
2,8,9.5,6.25901,1.26023,1.26023,0,All,#4682B4,0
3,8,9.5,6.09872,1.43931,1.43931,0,All,#4682B4,0
4,8,9.5,6.56915,0.913733,0.913733,0,All,#4682B4,0
5,8,9.5,6.13752,1.39596,1.39596,0,All,#4682B4,0
6,8,9.5,6.57763,0.904255,0.904255,0,All,#4682B4,0
7,8,9.5,6.36471,1.14213,1.14213,0,All,#4682B4,0
8,8,9.5,6.28954,1.22612,1.22612,0,All,#4682B4,0
9,8,9.5,6.45251,1.04405,1.04405,0,All,#4682B4,0
10,8,9.5,6.75648,0.704435,0.704435,0,All,#4682B4,0
1,8,10,5.47353,2.01937,2.01937,0,All,#4682B4,0
2,8,10,5.88254,1.56241,1.56241,0,All,#4682B4,0
3,8,10,5.68126,1.78729,1.78729,0,All,#4682B4,0
4,8,10,6.19211,1.21655,1.21655,0,All,#4682B4,0
5,8,10,5.73708,1.72492,1.72492,0,All,#4682B4,0
6,8,10,6.14179,1.27276,1.27276,0,All,#4682B4,0
7,8,10,5.96254,1.47303,1.47303,0,All,#4682B4,0
8,8,10,5.8032,1.65105,1.65105,0,All,#4682B4,0
9,8,10,6.02101,1.4077,1.4077,0,All,#4682B4,0
10,8,10,6.36398,1.02453,1.02453,0,All,#4682B4,0
1,8,10.5,5.02512,0.675787,0.675787,0,All,#4682B4,0
2,8,10.5,5.4945,0.151386,0.151386,0,All,#4682B4,0
3,8,10.5,5.25376,0.420345,0.420345,0,All,#4682B4,0
4,8,10.5,5.80275,-0.193005,-0.193005,0,All,#4682B4,0
5,8,10.5,5.3282,0.337184,0.337184,0,All,#4682B4,0
6,8,10.5,5.67099,-0.0457972,-0.0457972,0,All,#4682B4,0
7,8,10.5,5.51939,0.123575,0.123575,0,All,#4682B4,0
8,8,10.5,5.2712,0.400862,0.400862,0,All,#4682B4,0
9,8,10.5,5.56534,0.0722441,0.0722441,0,All,#4682B4,0
10,8,10.5,5.94322,-0.349935,-0.349935,0,All,#4682B4,0
1,8,11,4.56119,0.25675,0.25675,0,All,#4682B4,0
2,8,11,5.10511,-0.350939,-0.350939,0,All,#4682B4,0
3,8,11,4.82902,-0.0424806,-0.0424806,0,All,#4682B4,0
4,8,11,5.40615,-0.68727,-0.68727,0,All,#4682B4,0
5,8,11,4.92411,-0.148715,-0.148715,0,All,#4682B4,0
6,8,11,5.16763,-0.420779,-0.420779,0,All,#4682B4,0
7,8,11,5.03939,-0.277511,-0.277511,0,All,#4682B4,0
8,8,11,4.72971,0.0684791,0.0684791,0,All,#4682B4,0
9,8,11,5.09438,-0.338942,-0.338942,0,All,#4682B4,0
10,8,11,5.49552,-0.787114,-0.787114,0,All,#4682B4,0
1,8,11.5,4.09778,2.19114,2.19114,0,All,#4682B4,0
2,8,11.5,4.72942,1.48545,1.48545,0,All,#4682B4,0
3,8,11.5,4.42364,1.82709,1.82709,0,All,#4682B4,0
4,8,11.5,5.00992,1.17206,1.17206,0,All,#4682B4,0
5,8,11.5,4.54583,1.69056,1.69056,0,All,#4682B4,0
6,8,11.5,4.64127,1.58393,1.58393,0,All,#4682B4,0
7,8,11.5,4.54709,1.68916,1.68916,0,All,#4682B4,0
8,8,11.5,4.23015,2.04325,2.04325,0,All,#4682B4,0
9,8,11.5,4.62276,1.60461,1.60461,0,All,#4682B4,0
10,8,11.5,5.02448,1.1558,1.1558,0,All,#4682B4,0
1,8,12,3.65673,-0.184042,-0.184042,0,All,#4682B4,0
2,8,12,4.38611,-0.998931,-0.998931,0,All,#4682B4,0
3,8,12,4.05725,-0.631519,-0.631519,0,All,#4682B4,0
4,8,12,4.62349,-1.26414,-1.26414,0,All,#4682B4,0
5,8,12,4.21616,-0.809056,-0.809056,0,All,#4682B4,0
6,8,12,4.11644,-0.697651,-0.697651,0,All,#4682B4,0
7,8,12,4.08762,-0.665442,-0.665442,0,All,#4682B4,0
8,8,12,3.83056,-0.378247,-0.378247,0,All,#4682B4,0
9,8,12,4.17256,-0.760349,-0.760349,0,All,#4682B4,0
10,8,12,4.53842,-1.16909,-1.16909,0,All,#4682B4,0
1,8,12.5,3.26878,0.606908,0.606908,0,All,#4682B4,0
2,8,12.5,4.09293,-0.31386,-0.31386,0,All,#4682B4,0
3,8,12.5,3.75181,0.0672517,0.0672517,0,All,#4682B4,0
4,8,12.5,4.25778,-0.498046,-0.498046,0,All,#4682B4,0
5,8,12.5,3.9457,-0.149373,-0.149373,0,All,#4682B4,0
6,8,12.5,3.64744,0.183854,0.183854,0,All,#4682B4,0
7,8,12.5,3.7152,0.108145,0.108145,0,All,#4682B4,0
8,8,12.5,3.54844,0.294454,0.294454,0,All,#4682B4,0
9,8,12.5,3.77074,0.0460958,0.0460958,0,All,#4682B4,0
10,8,12.5,4.05278,-0.269011,-0.269011,0,All,#4682B4,0
1,8,13,2.95963,0.0451083,-0.680186,1,All,#4682B4,0
2,8,13,3.86071,-0.961612,-1.3997,1,All,#4682B4,0
3,8,13,3.51589,-0.576372,-0.734891,1,All,#4682B4,0
4,8,13,3.92568,-1.03421,-2.06821,1,All,#4682B4,0
5,8,13,3.73588,-0.822145,-1.51785,1,All,#4682B4,0
6,8,13,3.29036,-0.324395,-1.63385,1,All,#4682B4,0
7,8,13,3.45313,-0.506248,-0.548822,1,All,#4682B4,0
8,8,13,3.3601,-0.402321,-1.01179,1,All,#4682B4,0
9,8,13,3.43619,-0.487329,-0.97628,1,All,#4682B4,0
10,8,13,3.59668,-0.666633,-0.995501,1,All,#4682B4,0
1,8,13.5,2.73706,1.36408,1.36408,0,All,#4682B4,0
2,8,13.5,3.69005,0.299362,0.299362,0,All,#4682B4,0
3,8,13.5,3.34587,0.683894,0.683894,0,All,#4682B4,0
4,8,13.5,3.63853,0.356927,0.356927,0,All,#4682B4,0
5,8,13.5,3.57891,0.423532,0.423532,0,All,#4682B4,0
6,8,13.5,3.06094,1.00223,1.00223,0,All,#4682B4,0
7,8,13.5,3.28335,0.753742,0.753742,0,All,#4682B4,0
8,8,13.5,3.23523,0.807502,0.807502,0,All,#4682B4,0
9,8,13.5,3.1793,0.869986,0.869986,0,All,#4682B4,0
10,8,13.5,3.20492,0.841366,0.841366,0,All,#4682B4,0
1,8,14,2.59203,0.455801,-0.0739235,1,All,#4682B4,0
2,8,14,3.57391,-0.641191,-0.791514,1,All,#4682B4,0
3,8,14,3.23404,-0.261479,-0.643429,1,All,#4682B4,0
4,8,14,3.40341,-0.450701,-0.916863,1,All,#4682B4,0
5,8,14,3.46325,-0.517554,-0.726867,1,All,#4682B4,0
6,8,14,2.93105,0.0770297,-0.546959,1,All,#4682B4,0
7,8,14,3.17847,-0.199398,-2.22352,1,All,#4682B4,0
8,8,14,3.14879,-0.166239,-1.83369,1,All,#4682B4,0
9,8,14,2.99387,0.00685059,-0.0809081,1,All,#4682B4,0
10,8,14,2.89947,0.112313,-1.05361,1,All,#4682B4,0
1,8,14.5,2.50755,1.4138,1.4138,0,All,#4682B4,0
2,8,14.5,3.501,0.303892,0.303892,0,All,#4682B4,0
3,8,14.5,3.16163,0.683043,0.683043,0,All,#4682B4,0
4,8,14.5,3.22239,0.615158,0.615158,0,All,#4682B4,0
5,8,14.5,3.37937,0.439775,0.439775,0,All,#4682B4,0
6,8,14.5,2.86484,1.01463,1.01463,0,All,#4682B4,0
7,8,14.5,3.11407,0.736176,0.736176,0,All,#4682B4,0
8,8,14.5,3.08493,0.768739,0.768739,0,All,#4682B4,0
9,8,14.5,2.86778,1.01135,1.01135,0,All,#4682B4,0
10,8,14.5,2.68296,1.21784,1.21784,0,All,#4682B4,0
1,8,15,2.46635,0.596216,0.255348,1,All,#4682B4,0
2,8,15,3.45993,-0.513853,-0.786669,1,All,#4682B4,0
3,8,15,3.12286,-0.137267,-1.05022,1,All,#4682B4,0
4,8,15,3.09176,-0.102517,-0.888342,1,All,#4682B4,0
5,8,15,3.31755,-0.35478,-0.770059,1,All,#4682B4,0
6,8,15,2.83432,0.185106,-0.266775,1,All,#4682B4,0
7,8,15,3.07221,-0.0806791,-0.416172,1,All,#4682B4,0
8,8,15,3.03348,-0.0374072,-0.757122,1,All,#4682B4,0
9,8,15,2.78646,0.238576,-1.74515,1,All,#4682B4,0
10,8,15,2.54051,0.51336,0.410129,1,All,#4682B4,0
1,8,15.5,2.45295,0.611181,-0.0162566,1,All,#4682B4,0
2,8,15.5,3.44116,-0.492874,-1.39048,1,All,#4682B4,0
3,8,15.5,3.10441,-0.116647,-1.16728,1,All,#4682B4,0
4,8,15.5,3.00406,-0.0045342,-1.07698,1,All,#4682B4,0
5,8,15.5,3.27013,-0.301793,-0.694452,1,All,#4682B4,0
6,8,15.5,2.82232,0.19851,-1.42247,1,All,#4682B4,0
7,8,15.5,3.0421,-0.0470388,-1.27116,1,All,#4682B4,0
8,8,15.5,2.98676,0.014789,-0.226737,1,All,#4682B4,0
9,8,15.5,2.7373,0.293496,-0.326752,1,All,#4682B4,0
10,8,15.5,2.45507,0.60881,-2.32714,1,All,#4682B4,0
1,8,16,2.4581,0.605425,-1.25799,1,All,#4682B4,0
2,8,16,3.43697,-0.488193,-0.623077,1,All,#4682B4,0
3,8,16,3.09959,-0.111269,-2.0542,1,All,#4682B4,0
4,8,16,2.95057,0.0552197,-0.690106,1,All,#4682B4,0
5,8,16,3.23063,-0.257667,-1.30027,1,All,#4682B4,0
6,8,16,2.81888,0.202353,-0.512255,1,All,#4682B4,0
7,8,16,3.01725,-0.0192741,-0.350281,1,All,#4682B4,0
8,8,16,2.94257,0.0641613,-0.298532,1,All,#4682B4,0
9,8,16,2.7099,0.324111,-0.942622,1,All,#4682B4,0
10,8,16,2.40576,0.663905,-0.14116,1,All,#4682B4,0
1,8,16.5,2.47311,1.22101,1.22101,0,All,#4682B4,0
2,8,16.5,3.44255,0.13792,0.13792,0,All,#4682B4,0
3,8,16.5,3.10397,0.516201,0.516201,0,All,#4682B4,0
4,8,16.5,2.92327,0.718077,0.718077,0,All,#4682B4,0
5,8,16.5,3.19986,0.409066,0.409066,0,All,#4682B4,0
6,8,16.5,2.81876,0.834839,0.834839,0,All,#4682B4,0
7,8,16.5,2.99456,0.638428,0.638428,0,All,#4682B4,0
8,8,16.5,2.89815,0.746144,0.746144,0,All,#4682B4,0
9,8,16.5,2.69564,0.972391,0.972391,0,All,#4682B4,0
10,8,16.5,2.37929,1.32584,1.32584,0,All,#4682B4,0
1,8,17,2.49507,1.73722,1.73722,0,All,#4682B4,0
2,8,17,3.45288,0.667121,0.667121,0,All,#4682B4,0
3,8,17,3.112,1.04797,1.04797,0,All,#4682B4,0
4,8,17,2.91438,1.26875,1.26875,0,All,#4682B4,0
5,8,17,3.17265,0.980209,0.980209,0,All,#4682B4,0
6,8,17,2.8205,1.37364,1.37364,0,All,#4682B4,0
7,8,17,2.97157,1.20486,1.20486,0,All,#4682B4,0
8,8,17,2.85296,1.33737,1.33737,0,All,#4682B4,0
9,8,17,2.68934,1.52018,1.52018,0,All,#4682B4,0
10,8,17,2.36707,1.88023,1.88023,0,All,#4682B4,0
1,8,17.5,2.51708,1.16742,1.16742,0,All,#4682B4,0
2,8,17.5,3.46407,0.109414,0.109414,0,All,#4682B4,0
3,8,17.5,3.12219,0.491371,0.491371,0,All,#4682B4,0
4,8,17.5,2.91857,0.718858,0.718858,0,All,#4682B4,0
5,8,17.5,3.14688,0.463791,0.463791,0,All,#4682B4,0
6,8,17.5,2.81956,0.829479,0.829479,0,All,#4682B4,0
7,8,17.5,2.94636,0.687813,0.687813,0,All,#4682B4,0
8,8,17.5,2.80595,0.844687,0.844687,0,All,#4682B4,0
9,8,17.5,2.68651,0.978122,0.978122,0,All,#4682B4,0
10,8,17.5,2.36485,1.33749,1.33749,0,All,#4682B4,0
1,8,18,2.54146,0.867573,0.867573,0,All,#4682B4,0
2,8,18,3.47706,-0.177705,-0.177705,0,All,#4682B4,0
3,8,18,3.13291,0.20679,0.20679,0,All,#4682B4,0
4,8,18,2.93226,0.430962,0.430962,0,All,#4682B4,0
5,8,18,3.12177,0.219236,0.219236,0,All,#4682B4,0
6,8,18,2.81854,0.558015,0.558015,0,All,#4682B4,0
7,8,18,2.92174,0.442711,0.442711,0,All,#4682B4,0
8,8,18,2.75855,0.625035,0.625035,0,All,#4682B4,0
9,8,18,2.68556,0.706587,0.706587,0,All,#4682B4,0
10,8,18,2.36405,1.06578,1.06578,0,All,#4682B4,0
1,8,18.5,2.56477,0.48625,-0.172841,1,All,#4682B4,0
2,8,18.5,3.49004,-0.547491,-1.66292,1,All,#4682B4,0
3,8,18.5,3.14402,-0.160903,-1.26014,1,All,#4682B4,0
4,8,18.5,2.95161,0.0540615,-1.33634,1,All,#4682B4,0
5,8,18.5,3.09663,-0.107954,-0.26215,1,All,#4682B4,0
6,8,18.5,2.81455,0.207197,-1.05601,1,All,#4682B4,0
7,8,18.5,2.89402,0.118406,-0.0921123,1,All,#4682B4,0
8,8,18.5,2.70956,0.324493,-2.44955,1,All,#4682B4,0
9,8,18.5,2.6857,0.351146,-0.459556,1,All,#4682B4,0
10,8,18.5,2.36315,0.711516,0.130115,1,All,#4682B4,0
1,8,19,2.58572,0.462846,0.122475,1,All,#4682B4,0
2,8,19,3.50026,-0.558907,-0.788777,1,All,#4682B4,0
3,8,19,3.15432,-0.172413,-1.57767,1,All,#4682B4,0
4,8,19,2.9744,0.0286034,-0.165388,1,All,#4682B4,0
5,8,19,3.07096,-0.0792831,-0.102202,1,All,#4682B4,0
6,8,19,2.80951,0.212826,-0.0474012,1,All,#4682B4,0
7,8,19,2.86468,0.151185,-0.146761,1,All,#4682B4,0
8,8,19,2.65887,0.381126,-0.868897,1,All,#4682B4,0
9,8,19,2.68878,0.3477,0.0922415,1,All,#4682B4,0
10,8,19,2.36246,0.71228,-0.323529,1,All,#4682B4,0
1,8,19.5,2.60501,0.441296,-0.142918,1,All,#4682B4,0
2,8,19.5,3.51234,-0.572407,-0.954238,1,All,#4682B4,0
3,8,19.5,3.16231,-0.181343,-2.0993,1,All,#4682B4,0
4,8,19.5,2.99892,0.001212,-1.20001,1,All,#4682B4,0
5,8,19.5,3.0446,-0.0498252,-2.25279,1,All,#4682B4,0
6,8,19.5,2.80313,0.21995,-0.383006,1,All,#4682B4,0
7,8,19.5,2.83492,0.184431,-1.21048,1,All,#4682B4,0
8,8,19.5,2.60622,0.439948,-0.603542,1,All,#4682B4,0
9,8,19.5,2.68771,0.3489,-0.1415,1,All,#4682B4,0
10,8,19.5,2.36214,0.712634,-2.0595,1,All,#4682B4,0
1,9,1,0,3.3517,0.163372,1,All,#4682B4,0
2,9,1,0,3.3517,0.102055,1,All,#4682B4,0
3,9,1,0,3.3517,0.747211,1,All,#4682B4,0
4,9,1,0,3.3517,0.486266,1,All,#4682B4,0
5,9,1,0,3.3517,0.231628,1,All,#4682B4,0
6,9,1,0,3.3517,0.659842,1,All,#4682B4,0
7,9,1,0,3.3517,1.69274,1,All,#4682B4,0
8,9,1,0,3.3517,0.804071,1,All,#4682B4,0
9,9,1,0,3.3517,1.9889,1,All,#4682B4,0
10,9,1,0,3.3517,1.85061,1,All,#4682B4,0
1,9,1.5,0,3.3517,1.61954,1,All,#4682B4,0
2,9,1.5,0,3.3517,1.69149,1,All,#4682B4,0
3,9,1.5,0,3.3517,0.17082,1,All,#4682B4,0
4,9,1.5,0,3.3517,1.14734,1,All,#4682B4,0
5,9,1.5,0,3.3517,0.254466,1,All,#4682B4,0
6,9,1.5,0,3.3517,0.379226,1,All,#4682B4,0
7,9,1.5,0,3.3517,1.53781,1,All,#4682B4,0
8,9,1.5,0,3.3517,0.118008,1,All,#4682B4,0
9,9,1.5,0,3.3517,0.480202,1,All,#4682B4,0
10,9,1.5,0,3.3517,0.251754,1,All,#4682B4,0
1,9,2,3.92837,0.864329,0.864329,0,All,#4682B4,0
2,9,2,4.54082,0.180071,0.180071,0,All,#4682B4,0
3,9,2,5.86998,-1.30491,-1.30491,0,All,#4682B4,0
4,9,2,4.86369,-0.180646,-0.180646,0,All,#4682B4,0
5,9,2,3.54836,1.28889,1.28889,0,All,#4682B4,0
6,9,2,5.12178,-0.468993,-0.468993,0,All,#4682B4,0
7,9,2,5.19731,-0.553382,-0.553382,0,All,#4682B4,0
8,9,2,4.36607,0.375311,0.375311,0,All,#4682B4,0
9,9,2,4.03702,0.742936,0.742936,0,All,#4682B4,0
10,9,2,3.47023,1.37617,1.37617,0,All,#4682B4,0
1,9,2.5,6.359,-1.81885,-1.81885,0,All,#4682B4,0
2,9,2.5,6.8001,-2.31167,-2.31167,0,All,#4682B4,0
3,9,2.5,7.33727,-2.91182,-2.91182,0,All,#4682B4,0
4,9,2.5,6.87709,-2.39769,-2.39769,0,All,#4682B4,0
5,9,2.5,6.86076,-2.37944,-2.37944,0,All,#4682B4,0
6,9,2.5,6.67352,-2.17025,-2.17025,0,All,#4682B4,0
7,9,2.5,6.87905,-2.39988,-2.39988,0,All,#4682B4,0
8,9,2.5,6.60431,-2.09293,-2.09293,0,All,#4682B4,0
9,9,2.5,6.55334,-2.03599,-2.03599,0,All,#4682B4,0
10,9,2.5,6.24054,-1.6865,-1.6865,0,All,#4682B4,0
1,9,3,7.38781,-0.0154289,-0.0154289,0,All,#4682B4,0
2,9,3,7.54954,-0.196115,-0.196115,0,All,#4682B4,0
3,9,3,7.90005,-0.587716,-0.587716,0,All,#4682B4,0
4,9,3,7.59663,-0.248733,-0.248733,0,All,#4682B4,0
5,9,3,7.66886,-0.32943,-0.32943,0,All,#4682B4,0
6,9,3,7.4253,-0.057314,-0.057314,0,All,#4682B4,0
7,9,3,7.5577,-0.205231,-0.205231,0,All,#4682B4,0
8,9,3,7.33539,0.0431363,0.0431363,0,All,#4682B4,0
9,9,3,7.37262,0.00153684,0.00153684,0,All,#4682B4,0
10,9,3,7.07968,0.328824,0.328824,0,All,#4682B4,0
1,9,3.5,7.94595,0.135244,0.135244,0,All,#4682B4,0
2,9,3.5,7.92114,0.162963,0.162963,0,All,#4682B4,0
3,9,3.5,8.17492,-0.120573,-0.120573,0,All,#4682B4,0
4,9,3.5,7.95259,0.127817,0.127817,0,All,#4682B4,0
5,9,3.5,8.04681,0.0225603,0.0225603,0,All,#4682B4,0
6,9,3.5,7.85609,0.235636,0.235636,0,All,#4682B4,0
7,9,3.5,7.91548,0.169283,0.169283,0,All,#4682B4,0
8,9,3.5,7.70919,0.399756,0.399756,0,All,#4682B4,0
9,9,3.5,7.76917,0.332745,0.332745,0,All,#4682B4,0
10,9,3.5,7.49732,0.636462,0.636462,0,All,#4682B4,0
1,9,4,8.21607,0.355208,0.355208,0,All,#4682B4,0
2,9,4,8.1064,0.477728,0.477728,0,All,#4682B4,0
3,9,4,8.2931,0.269147,0.269147,0,All,#4682B4,0
4,9,4,8.11538,0.467701,0.467701,0,All,#4682B4,0
5,9,4,8.23379,0.33541,0.33541,0,All,#4682B4,0
6,9,4,8.09967,0.485247,0.485247,0,All,#4682B4,0
7,9,4,8.10082,0.483963,0.483963,0,All,#4682B4,0
8,9,4,7.90087,0.707352,0.707352,0,All,#4682B4,0
9,9,4,7.93089,0.673817,0.673817,0,All,#4682B4,0
10,9,4,7.71946,0.910037,0.910037,0,All,#4682B4,0
1,9,4.5,8.23022,0.179628,0.179628,0,All,#4682B4,0
2,9,4.5,8.16138,0.256534,0.256534,0,All,#4682B4,0
3,9,4.5,8.29145,0.111218,0.111218,0,All,#4682B4,0
4,9,4.5,8.13923,0.281283,0.281283,0,All,#4682B4,0
5,9,4.5,8.29368,0.108725,0.108725,0,All,#4682B4,0
6,9,4.5,8.18631,0.228684,0.228684,0,All,#4682B4,0
7,9,4.5,8.15829,0.259993,0.259993,0,All,#4682B4,0
8,9,4.5,7.96213,0.479143,0.479143,0,All,#4682B4,0
9,9,4.5,7.91164,0.535557,0.535557,0,All,#4682B4,0
10,9,4.5,7.80938,0.649805,0.649805,0,All,#4682B4,0
1,9,5,8.0451,0.684749,0.684749,0,All,#4682B4,0
2,9,5,8.10857,0.613838,0.613838,0,All,#4682B4,0
3,9,5,8.1889,0.524094,0.524094,0,All,#4682B4,0
4,9,5,8.04655,0.683133,0.683133,0,All,#4682B4,0
5,9,5,8.25329,0.452151,0.452151,0,All,#4682B4,0
6,9,5,8.13235,0.587276,0.587276,0,All,#4682B4,0
7,9,5,8.10961,0.612684,0.612684,0,All,#4682B4,0
8,9,5,7.91965,0.824915,0.824915,0,All,#4682B4,0
9,9,5,7.76428,0.998495,0.998495,0,All,#4682B4,0
10,9,5,7.79113,0.968499,0.968499,0,All,#4682B4,0
1,9,5.5,7.74963,-0.570489,-0.570489,0,All,#4682B4,0
2,9,5.5,7.97188,-0.818801,-0.818801,0,All,#4682B4,0
3,9,5.5,8.01227,-0.863927,-0.863927,0,All,#4682B4,0
4,9,5.5,7.86038,-0.69423,-0.69423,0,All,#4682B4,0
5,9,5.5,8.13595,-1.0021,-1.0021,0,All,#4682B4,0
6,9,5.5,7.96152,-0.807228,-0.807228,0,All,#4682B4,0
7,9,5.5,7.97887,-0.826613,-0.826613,0,All,#4682B4,0
8,9,5.5,7.79937,-0.626065,-0.626065,0,All,#4682B4,0
9,9,5.5,7.54659,-0.343648,-0.343648,0,All,#4682B4,0
10,9,5.5,7.68665,-0.50013,-0.50013,0,All,#4682B4,0
1,9,6,7.41122,0.906944,0.906944,0,All,#4682B4,0
2,9,6,7.77563,0.499817,0.499817,0,All,#4682B4,0
3,9,6,7.78654,0.48763,0.48763,0,All,#4682B4,0
4,9,6,7.60881,0.686197,0.686197,0,All,#4682B4,0
5,9,6,7.96642,0.286661,0.286661,0,All,#4682B4,0
6,9,6,7.70382,0.580046,0.580046,0,All,#4682B4,0
7,9,6,7.79181,0.481737,0.481737,0,All,#4682B4,0
8,9,6,7.62622,0.666743,0.666743,0,All,#4682B4,0
9,9,6,7.29891,1.03243,1.03243,0,All,#4682B4,0
10,9,6,7.52202,0.783163,0.783163,0,All,#4682B4,0
1,9,6.5,7.06479,0.9577,0.9577,0,All,#4682B4,0
2,9,6.5,7.54201,0.424538,0.424538,0,All,#4682B4,0
3,9,6.5,7.53111,0.436711,0.436711,0,All,#4682B4,0
4,9,6.5,7.31752,0.675341,0.675341,0,All,#4682B4,0
5,9,6.5,7.75908,0.182022,0.182022,0,All,#4682B4,0
6,9,6.5,7.39066,0.593632,0.593632,0,All,#4682B4,0
7,9,6.5,7.57173,0.391331,0.391331,0,All,#4682B4,0
8,9,6.5,7.41698,0.564223,0.564223,0,All,#4682B4,0
9,9,6.5,7.04165,0.983558,0.983558,0,All,#4682B4,0
10,9,6.5,7.31914,0.673539,0.673539,0,All,#4682B4,0
1,9,7,6.72787,1.2034,1.2034,0,All,#4682B4,0
2,9,7,7.28705,0.57867,0.57867,0,All,#4682B4,0
3,9,7,7.25843,0.610649,0.610649,0,All,#4682B4,0
4,9,7,7.00487,0.893931,0.893931,0,All,#4682B4,0
5,9,7,7.51431,0.324768,0.324768,0,All,#4682B4,0
6,9,7,7.05023,0.843252,0.843252,0,All,#4682B4,0
7,9,7,7.33474,0.525394,0.525394,0,All,#4682B4,0
8,9,7,7.18008,0.698183,0.698183,0,All,#4682B4,0
9,9,7,6.78325,1.14153,1.14153,0,All,#4682B4,0
10,9,7,7.09458,0.793706,0.793706,0,All,#4682B4,0
1,9,7.5,6.412,0.545206,0.545206,0,All,#4682B4,0
2,9,7.5,7.02091,-0.135081,-0.135081,0,All,#4682B4,0
3,9,7.5,6.97617,-0.0850953,-0.0850953,0,All,#4682B4,0
4,9,7.5,6.68109,0.244571,0.244571,0,All,#4682B4,0
5,9,7.5,7.23678,-0.376259,-0.376259,0,All,#4682B4,0
6,9,7.5,6.70196,0.221252,0.221252,0,All,#4682B4,0
7,9,7.5,7.09022,-0.212517,-0.212517,0,All,#4682B4,0
8,9,7.5,6.91846,-0.0206281,-0.0206281,0,All,#4682B4,0
9,9,7.5,6.52759,0.41607,0.41607,0,All,#4682B4,0
10,9,7.5,6.85631,0.0488154,0.0488154,0,All,#4682B4,0
1,9,8,6.12687,1.02688,1.02688,0,All,#4682B4,0
2,9,8,6.74957,0.331178,0.331178,0,All,#4682B4,0
3,9,8,6.68883,0.399042,0.399042,0,All,#4682B4,0
4,9,8,6.35315,0.774081,0.774081,0,All,#4682B4,0
5,9,8,6.92835,0.13144,0.13144,0,All,#4682B4,0
6,9,8,6.36756,0.757977,0.757977,0,All,#4682B4,0
7,9,8,6.84306,0.226732,0.226732,0,All,#4682B4,0
8,9,8,6.63236,0.462135,0.462135,0,All,#4682B4,0
9,9,8,6.27746,0.85864,0.85864,0,All,#4682B4,0
10,9,8,6.5957,0.503088,0.503088,0,All,#4682B4,0
1,9,8.5,5.88071,0.367892,0.367892,0,All,#4682B4,0
2,9,8.5,6.46779,-0.288016,-0.288016,0,All,#4682B4,0
3,9,8.5,6.39905,-0.211213,-0.211213,0,All,#4682B4,0
4,9,8.5,6.03152,0.199405,0.199405,0,All,#4682B4,0
5,9,8.5,6.58894,-0.423362,-0.423362,0,All,#4682B4,0
6,9,8.5,6.0628,0.164459,0.164459,0,All,#4682B4,0
7,9,8.5,6.58483,-0.418773,-0.418773,0,All,#4682B4,0
8,9,8.5,6.32084,-0.12383,-0.12383,0,All,#4682B4,0
9,9,8.5,6.03623,0.194145,0.194145,0,All,#4682B4,0
10,9,8.5,6.31188,-0.113819,-0.113819,0,All,#4682B4,0
1,9,9,5.67986,-0.13391,-0.13391,0,All,#4682B4,0
2,9,9,6.15917,-0.669409,-0.669409,0,All,#4682B4,0
3,9,9,6.1027,-0.606319,-0.606319,0,All,#4682B4,0
4,9,9,5.71852,-0.177106,-0.177106,0,All,#4682B4,0
5,9,9,6.21743,-0.734507,-0.734507,0,All,#4682B4,0
6,9,9,5.80103,-0.269288,-0.269288,0,All,#4682B4,0
7,9,9,6.29282,-0.818734,-0.818734,0,All,#4682B4,0
8,9,9,5.98265,-0.472204,-0.472204,0,All,#4682B4,0
9,9,9,5.8078,-0.276853,-0.276853,0,All,#4682B4,0
10,9,9,6.00531,-0.497517,-0.497517,0,All,#4682B4,0
1,9,9.5,5.52347,0.861975,0.861975,0,All,#4682B4,0
2,9,9.5,5.82362,0.526643,0.526643,0,All,#4682B4,0
3,9,9.5,5.79263,0.561267,0.561267,0,All,#4682B4,0
4,9,9.5,5.41872,0.979009,0.979009,0,All,#4682B4,0
5,9,9.5,5.81283,0.5387,0.5387,0,All,#4682B4,0
6,9,9.5,5.59137,0.786118,0.786118,0,All,#4682B4,0
7,9,9.5,5.9635,0.370365,0.370365,0,All,#4682B4,0
8,9,9.5,5.61746,0.756969,0.756969,0,All,#4682B4,0
9,9,9.5,5.58924,0.788504,0.788504,0,All,#4682B4,0
10,9,9.5,5.67655,0.690949,0.690949,0,All,#4682B4,0
1,9,10,5.35812,0.898118,0.898118,0,All,#4682B4,0
2,9,10,5.46419,0.779622,0.779622,0,All,#4682B4,0
3,9,10,5.46997,0.773157,0.773157,0,All,#4682B4,0
4,9,10,5.10824,1.1773,1.1773,0,All,#4682B4,0
5,9,10,5.37482,0.879461,0.879461,0,All,#4682B4,0
6,9,10,5.43716,0.809816,0.809816,0,All,#4682B4,0
7,9,10,5.59624,0.632087,0.632087,0,All,#4682B4,0
8,9,10,5.22656,1.0451,1.0451,0,All,#4682B4,0
9,9,10,5.34979,0.907427,0.907427,0,All,#4682B4,0
10,9,10,5.3274,0.932445,0.932445,0,All,#4682B4,0
1,9,10.5,5.16447,0.293304,0.293304,0,All,#4682B4,0
2,9,10.5,5.08879,0.377856,0.377856,0,All,#4682B4,0
3,9,10.5,5.13712,0.323863,0.323863,0,All,#4682B4,0
4,9,10.5,4.79778,0.702989,0.702989,0,All,#4682B4,0
5,9,10.5,4.90673,0.581263,0.581263,0,All,#4682B4,0
6,9,10.5,5.33503,0.102751,0.102751,0,All,#4682B4,0
7,9,10.5,5.19478,0.259449,0.259449,0,All,#4682B4,0
8,9,10.5,4.81428,0.68455,0.68455,0,All,#4682B4,0
9,9,10.5,5.09087,0.375538,0.375538,0,All,#4682B4,0
10,9,10.5,4.96221,0.519278,0.519278,0,All,#4682B4,0
1,9,11,4.95503,-0.799973,-0.799973,0,All,#4682B4,0
2,9,11,4.71341,-0.530025,-0.530025,0,All,#4682B4,0
3,9,11,4.79836,-0.62494,-0.62494,0,All,#4682B4,0
4,9,11,4.51091,-0.303785,-0.303785,0,All,#4682B4,0
5,9,11,4.42017,-0.202405,-0.202405,0,All,#4682B4,0
6,9,11,5.27847,-1.16133,-1.16133,0,All,#4682B4,0
7,9,11,4.77199,-0.595477,-0.595477,0,All,#4682B4,0
8,9,11,4.39435,-0.173566,-0.173566,0,All,#4682B4,0
9,9,11,4.82764,-0.657648,-0.657648,0,All,#4682B4,0
10,9,11,4.58999,-0.392135,-0.392135,0,All,#4682B4,0
1,9,11.5,4.73885,-0.364049,-0.364049,0,All,#4682B4,0
2,9,11.5,4.36448,0.0542115,0.0542115,0,All,#4682B4,0
3,9,11.5,4.46136,-0.0540338,-0.0540338,0,All,#4682B4,0
4,9,11.5,4.26902,0.160863,0.160863,0,All,#4682B4,0
5,9,11.5,3.94336,0.524693,0.524693,0,All,#4682B4,0
6,9,11.5,5.25488,-0.940578,-0.940578,0,All,#4682B4,0
7,9,11.5,4.35676,0.0628373,0.0628373,0,All,#4682B4,0
8,9,11.5,3.99259,0.469699,0.469699,0,All,#4682B4,0
9,9,11.5,4.57967,-0.186209,-0.186209,0,All,#4682B4,0
10,9,11.5,4.22825,0.206411,0.206411,0,All,#4682B4,0
1,9,12,4.52478,-1.70353,-1.82703,1,All,#4682B4,0
2,9,12,4.07118,-1.19676,-1.23928,1,All,#4682B4,0
3,9,12,4.13949,-1.27308,-2.87725,1,All,#4682B4,0
4,9,12,4.08091,-1.20763,-1.28609,1,All,#4682B4,0
5,9,12,3.52512,-0.58668,-1.0875,1,All,#4682B4,0
6,9,12,5.16721,-2.42128,-2.68216,1,All,#4682B4,0
7,9,12,3.9931,-1.10952,-1.25912,1,All,#4682B4,0
8,9,12,3.64308,-0.718474,-0.802384,1,All,#4682B4,0
9,9,12,4.36336,-1.52319,-1.84097,1,All,#4682B4,0
10,9,12,3.90281,-1.00865,-1.3375,1,All,#4682B4,0
1,9,12.5,4.31332,-0.0886183,-0.0886183,0,All,#4682B4,0
2,9,12.5,3.85106,0.427837,0.427837,0,All,#4682B4,0
3,9,12.5,3.85104,0.427851,0.427851,0,All,#4682B4,0
4,9,12.5,3.94147,0.326824,0.326824,0,All,#4682B4,0
5,9,12.5,3.21277,1.14096,1.14096,0,All,#4682B4,0
6,9,12.5,4.98361,-0.837489,-0.837489,0,All,#4682B4,0
7,9,12.5,3.71037,0.585015,0.585015,0,All,#4682B4,0
8,9,12.5,3.38225,0.951603,0.951603,0,All,#4682B4,0
9,9,12.5,4.18684,0.0526901,0.0526901,0,All,#4682B4,0
10,9,12.5,3.63765,0.666265,0.666265,0,All,#4682B4,0
1,9,13,4.11378,-0.189687,-0.189687,0,All,#4682B4,0
2,9,13,3.70155,0.270875,0.270875,0,All,#4682B4,0
3,9,13,3.61401,0.368674,0.368674,0,All,#4682B4,0
4,9,13,3.84125,0.114794,0.114794,0,All,#4682B4,0
5,9,13,3.01591,1.0369,1.0369,0,All,#4682B4,0
6,9,13,4.72139,-0.868532,-0.868532,0,All,#4682B4,0
7,9,13,3.51079,0.484002,0.484002,0,All,#4682B4,0
8,9,13,3.21381,0.815792,0.815792,0,All,#4682B4,0
9,9,13,4.04837,-0.11661,-0.11661,0,All,#4682B4,0
10,9,13,3.44389,0.558744,0.558744,0,All,#4682B4,0
1,9,13.5,3.92111,-1.02909,-1.30244,1,All,#4682B4,0
2,9,13.5,3.6065,-0.677604,-1.98162,1,All,#4682B4,0
3,9,13.5,3.43936,-0.490866,-1.14661,1,All,#4682B4,0
4,9,13.5,3.76589,-0.855683,-1.10513,1,All,#4682B4,0
5,9,13.5,2.90424,0.106981,-1.77851,1,All,#4682B4,0
6,9,13.5,4.41217,-1.57772,-1.82735,1,All,#4682B4,0
7,9,13.5,3.37574,-0.419786,-0.588733,1,All,#4682B4,0
8,9,13.5,3.1175,-0.131275,-0.143199,1,All,#4682B4,0
9,9,13.5,3.93375,-1.04322,-1.26901,1,All,#4682B4,0
10,9,13.5,3.31593,-0.352967,-0.568773,1,All,#4682B4,0
1,9,14,3.73413,0.523834,0.523834,0,All,#4682B4,0
2,9,14,3.54928,0.730359,0.730359,0,All,#4682B4,0
3,9,14,3.3225,0.983722,0.983722,0,All,#4682B4,0
4,9,14,3.70775,0.553306,0.553306,0,All,#4682B4,0
5,9,14,2.84602,1.51606,1.51606,0,All,#4682B4,0
6,9,14,4.07965,0.137807,0.137807,0,All,#4682B4,0
7,9,14,3.2845,1.02618,1.02618,0,All,#4682B4,0
8,9,14,3.06801,1.26805,1.26805,0,All,#4682B4,0
9,9,14,3.83657,0.409385,0.409385,0,All,#4682B4,0
10,9,14,3.23864,1.07741,1.07741,0,All,#4682B4,0
1,9,14.5,3.55038,0.0252669,0.0252669,0,All,#4682B4,0
2,9,14.5,3.51528,0.0644882,0.0644882,0,All,#4682B4,0
3,9,14.5,3.25568,0.354517,0.354517,0,All,#4682B4,0
4,9,14.5,3.65731,-0.094198,-0.094198,0,All,#4682B4,0
5,9,14.5,2.81748,0.844095,0.844095,0,All,#4682B4,0
6,9,14.5,3.74007,-0.186653,-0.186653,0,All,#4682B4,0
7,9,14.5,3.21911,0.395375,0.395375,0,All,#4682B4,0
8,9,14.5,3.04528,0.589581,0.589581,0,All,#4682B4,0
9,9,14.5,3.74884,-0.196451,-0.196451,0,All,#4682B4,0
10,9,14.5,3.19698,0.420104,0.420104,0,All,#4682B4,0
1,9,15,3.37119,-0.414706,-0.798002,1,All,#4682B4,0
2,9,15,3.49269,-0.550445,-0.889888,1,All,#4682B4,0
3,9,15,3.22293,-0.249066,-0.461759,1,All,#4682B4,0
4,9,15,3.60993,-0.681433,-1.18675,1,All,#4682B4,0
5,9,15,2.80379,0.219208,-0.53314,1,All,#4682B4,0
6,9,15,3.39987,-0.446752,-0.675469,1,All,#4682B4,0
7,9,15,3.16823,-0.18795,-1.4044,1,All,#4682B4,0
8,9,15,3.03656,-0.0408447,-0.69868,1,All,#4682B4,0
9,9,15,3.66402,-0.74186,-1.13136,1,All,#4682B4,0
10,9,15,3.17672,-0.197438,-0.904595,1,All,#4682B4,0
1,9,15.5,3.19237,0.729145,0.729145,0,All,#4682B4,0
2,9,15.5,3.47769,0.410372,0.410372,0,All,#4682B4,0
3,9,15.5,3.21314,0.705934,0.705934,0,All,#4682B4,0
4,9,15.5,3.56447,0.313421,0.313421,0,All,#4682B4,0
5,9,15.5,2.7967,1.17119,1.17119,0,All,#4682B4,0
6,9,15.5,3.06236,0.874393,0.874393,0,All,#4682B4,0
7,9,15.5,3.12414,0.805367,0.805367,0,All,#4682B4,0
8,9,15.5,3.03616,0.903661,0.903661,0,All,#4682B4,0
9,9,15.5,3.58273,0.293021,0.293021,0,All,#4682B4,0
10,9,15.5,3.16896,0.755298,0.755298,0,All,#4682B4,0
1,9,16,3.01374,0.999093,0.999093,0,All,#4682B4,0
2,9,16,3.46617,0.493624,0.493624,0,All,#4682B4,0
3,9,16,3.21749,0.771467,0.771467,0,All,#4682B4,0
4,9,16,3.51885,0.434768,0.434768,0,All,#4682B4,0
5,9,16,2.7917,1.24716,1.24716,0,All,#4682B4,0
6,9,16,2.72747,1.31893,1.31893,0,All,#4682B4,0
7,9,16,3.08269,0.922066,0.922066,0,All,#4682B4,0
8,9,16,3.03576,0.974491,0.974491,0,All,#4682B4,0
9,9,16,3.50342,0.452012,0.452012,0,All,#4682B4,0
10,9,16,3.16775,0.827031,0.827031,0,All,#4682B4,0
1,9,16.5,2.83454,0.18486,-0.607758,1,All,#4682B4,0
2,9,16.5,3.45369,-0.506875,-0.726996,1,All,#4682B4,0
3,9,16.5,3.22991,-0.256867,-0.801953,1,All,#4682B4,0
4,9,16.5,3.47218,-0.527541,-1.27465,1,All,#4682B4,0
5,9,16.5,2.78755,0.237358,-0.997877,1,All,#4682B4,0
6,9,16.5,2.39415,0.67688,-0.590449,1,All,#4682B4,0
7,9,16.5,3.04215,-0.0470869,-0.885515,1,All,#4682B4,0
8,9,16.5,3.03877,-0.0433145,-0.239586,1,All,#4682B4,0
9,9,16.5,3.42188,-0.47134,-0.57392,1,All,#4682B4,0
10,9,16.5,3.16928,-0.189126,-0.635439,1,All,#4682B4,0
1,9,17,2.65445,0.386061,-0.534929,1,All,#4682B4,0
2,9,17,3.43887,-0.490318,-1.35451,1,All,#4682B4,0
3,9,17,3.2456,-0.274397,-0.616559,1,All,#4682B4,0
4,9,17,3.42586,-0.475789,-1.00773,1,All,#4682B4,0
5,9,17,2.78196,0.243601,0.0420111,1,All,#4682B4,0
6,9,17,2.06146,1.04857,-1.57085,1,All,#4682B4,0
7,9,17,3.00069,-0.000771105,-2.02043,1,All,#4682B4,0
8,9,17,3.03943,-0.0440482,-1.12694,1,All,#4682B4,0
9,9,17,3.34063,-0.380562,-0.849654,1,All,#4682B4,0
10,9,17,3.17161,-0.191723,-0.461503,1,All,#4682B4,0
1,9,17.5,2.47251,0.589332,0.414781,1,All,#4682B4,0
2,9,17.5,3.42348,-0.473125,-0.866688,1,All,#4682B4,0
3,9,17.5,3.26458,-0.295603,-2.05005,1,All,#4682B4,0
4,9,17.5,3.37569,-0.419735,-0.725686,1,All,#4682B4,0
5,9,17.5,2.77431,0.252144,-1.28312,1,All,#4682B4,0
6,9,17.5,1.72848,1.42058,-1.79398,1,All,#4682B4,0
7,9,17.5,2.95903,0.0457732,-0.795624,1,All,#4682B4,0
8,9,17.5,3.03912,-0.0437025,-0.266176,1,All,#4682B4,0
9,9,17.5,3.2576,-0.287802,-1.02681,1,All,#4682B4,0
10,9,17.5,3.17395,-0.194344,-1.50149,1,All,#4682B4,0
1,10,1,0,3.3517,0.349243,1,All,#4682B4,0
2,10,1,0,3.3517,0.146281,1,All,#4682B4,0
3,10,1,0,3.3517,1.12819,1,All,#4682B4,0
4,10,1,0,3.3517,0.525887,1,All,#4682B4,0
5,10,1,0,3.3517,0.459191,1,All,#4682B4,0
6,10,1,0,3.3517,0.811393,1,All,#4682B4,0
7,10,1,0,3.3517,1.29078,1,All,#4682B4,0
8,10,1,0,3.3517,1.40398,1,All,#4682B4,0
9,10,1,0,3.3517,0.198492,1,All,#4682B4,0
10,10,1,0,3.3517,0.187314,1,All,#4682B4,0
1,10,1.5,4.23979,-0.860035,-0.860035,0,All,#4682B4,0
2,10,1.5,3.73419,-0.295167,-0.295167,0,All,#4682B4,0
3,10,1.5,3.13764,0.371328,0.371328,0,All,#4682B4,0
4,10,1.5,3.34401,0.140766,0.140766,0,All,#4682B4,0
5,10,1.5,5.1854,-1.9165,-1.9165,0,All,#4682B4,0
6,10,1.5,3.23556,0.261926,0.261926,0,All,#4682B4,0
7,10,1.5,3.98271,-0.572814,-0.572814,0,All,#4682B4,0
8,10,1.5,3.73607,-0.297263,-0.297263,0,All,#4682B4,0
9,10,1.5,4.84302,-1.53399,-1.53399,0,All,#4682B4,0
10,10,1.5,3.35884,0.124193,0.124193,0,All,#4682B4,0
1,10,2,7.46799,-0.29606,-0.29606,0,All,#4682B4,0
2,10,2,6.90623,0.331563,0.331563,0,All,#4682B4,0
3,10,2,7.11551,0.0977485,0.0977485,0,All,#4682B4,0
4,10,2,7.65882,-0.509255,-0.509255,0,All,#4682B4,0
5,10,2,7.47701,-0.306134,-0.306134,0,All,#4682B4,0
6,10,2,6.91275,0.32428,0.32428,0,All,#4682B4,0
7,10,2,7.50492,-0.337315,-0.337315,0,All,#4682B4,0
8,10,2,7.15916,0.0489803,0.0489803,0,All,#4682B4,0
9,10,2,7.43085,-0.254565,-0.254565,0,All,#4682B4,0
10,10,2,7.09123,0.124874,0.124874,0,All,#4682B4,0
1,10,2.5,8.35754,0.134586,0.134586,0,All,#4682B4,0
2,10,2.5,7.86809,0.681412,0.681412,0,All,#4682B4,0
3,10,2.5,8.32528,0.170626,0.170626,0,All,#4682B4,0
4,10,2.5,8.5365,-0.0653548,-0.0653548,0,All,#4682B4,0
5,10,2.5,8.41816,0.066855,0.066855,0,All,#4682B4,0
6,10,2.5,7.87526,0.673404,0.673404,0,All,#4682B4,0
7,10,2.5,8.48692,-0.00996161,-0.00996161,0,All,#4682B4,0
8,10,2.5,8.20915,0.300368,0.300368,0,All,#4682B4,0
9,10,2.5,8.24599,0.25921,0.25921,0,All,#4682B4,0
10,10,2.5,8.18707,0.325039,0.325039,0,All,#4682B4,0
1,10,3,8.63714,0.661251,0.661251,0,All,#4682B4,0
2,10,3,8.27346,1.06756,1.06756,0,All,#4682B4,0
3,10,3,8.90236,0.364934,0.364934,0,All,#4682B4,0
4,10,3,8.79241,0.487776,0.487776,0,All,#4682B4,0
5,10,3,8.82681,0.449343,0.449343,0,All,#4682B4,0
6,10,3,8.30784,1.02915,1.02915,0,All,#4682B4,0
7,10,3,8.89451,0.373705,0.373705,0,All,#4682B4,0
8,10,3,8.64003,0.658017,0.658017,0,All,#4682B4,0
9,10,3,8.55788,0.749798,0.749798,0,All,#4682B4,0
10,10,3,8.66143,0.634104,0.634104,0,All,#4682B4,0
1,10,3.5,8.5679,0.251494,0.251494,0,All,#4682B4,0
2,10,3.5,8.32738,0.520206,0.520206,0,All,#4682B4,0
3,10,3.5,9.09158,-0.333584,-0.333584,0,All,#4682B4,0
4,10,3.5,8.70154,0.10218,0.10218,0,All,#4682B4,0
5,10,3.5,8.83434,-0.0461817,-0.0461817,0,All,#4682B4,0
6,10,3.5,8.41992,0.416818,0.416818,0,All,#4682B4,0
7,10,3.5,8.93575,-0.159484,-0.159484,0,All,#4682B4,0
8,10,3.5,8.66066,0.14786,0.14786,0,All,#4682B4,0
9,10,3.5,8.55058,0.27084,0.27084,0,All,#4682B4,0
10,10,3.5,8.73371,0.066239,0.066239,0,All,#4682B4,0
1,10,4,8.37397,-0.103871,-0.103871,0,All,#4682B4,0
2,10,4,8.19135,0.100161,0.100161,0,All,#4682B4,0
3,10,4,8.98305,-0.784359,-0.784359,0,All,#4682B4,0
4,10,4,8.47387,-0.215485,-0.215485,0,All,#4682B4,0
5,10,4,8.60862,-0.366023,-0.366023,0,All,#4682B4,0
6,10,4,8.3257,-0.0499402,-0.0499402,0,All,#4682B4,0
7,10,4,8.75271,-0.527007,-0.527007,0,All,#4682B4,0
8,10,4,8.46174,-0.201934,-0.201934,0,All,#4682B4,0
9,10,4,8.38172,-0.112527,-0.112527,0,All,#4682B4,0
10,10,4,8.54778,-0.29805,-0.29805,0,All,#4682B4,0
1,10,4.5,8.1509,-1.39532,-1.39532,0,All,#4682B4,0
2,10,4.5,7.99502,-1.22116,-1.22116,0,All,#4682B4,0
3,10,4.5,8.71947,-2.03054,-2.03054,0,All,#4682B4,0
4,10,4.5,8.21009,-1.46144,-1.46144,0,All,#4682B4,0
5,10,4.5,8.29945,-1.56128,-1.56128,0,All,#4682B4,0
6,10,4.5,8.14111,-1.38437,-1.38437,0,All,#4682B4,0
7,10,4.5,8.47073,-1.75264,-1.75264,0,All,#4682B4,0
8,10,4.5,8.19273,-1.44204,-1.44204,0,All,#4682B4,0
9,10,4.5,8.16299,-1.40882,-1.40882,0,All,#4682B4,0
10,10,4.5,8.26086,-1.51816,-1.51816,0,All,#4682B4,0
1,10,5,7.92153,-0.789363,-0.789363,0,All,#4682B4,0
2,10,5,7.78511,-0.63695,-0.63695,0,All,#4682B4,0
3,10,5,8.40196,-1.32611,-1.32611,0,All,#4682B4,0
4,10,5,7.93786,-0.807608,-0.807608,0,All,#4682B4,0
5,10,5,7.96764,-0.840871,-0.840871,0,All,#4682B4,0
6,10,5,7.93131,-0.800286,-0.800286,0,All,#4682B4,0
7,10,5,8.157,-1.05244,-1.05244,0,All,#4682B4,0
8,10,5,7.90627,-0.772309,-0.772309,0,All,#4682B4,0
9,10,5,7.93249,-0.801606,-0.801606,0,All,#4682B4,0
10,10,5,7.94612,-0.81683,-0.81683,0,All,#4682B4,0
1,10,5.5,7.69106,-1.68932,-1.68932,0,All,#4682B4,0
2,10,5.5,7.57287,-1.55728,-1.55728,0,All,#4682B4,0
3,10,5.5,8.07026,-2.11298,-2.11298,0,All,#4682B4,0
4,10,5.5,7.66433,-1.65947,-1.65947,0,All,#4682B4,0
5,10,5.5,7.63235,-1.62373,-1.62373,0,All,#4682B4,0
6,10,5.5,7.7158,-1.71696,-1.71696,0,All,#4682B4,0
7,10,5.5,7.8348,-1.84992,-1.84992,0,All,#4682B4,0
8,10,5.5,7.61671,-1.60626,-1.60626,0,All,#4682B4,0
9,10,5.5,7.6997,-1.69898,-1.69898,0,All,#4682B4,0
10,10,5.5,7.62741,-1.61822,-1.61822,0,All,#4682B4,0
1,10,6,7.46086,-1.50699,-1.50699,0,All,#4682B4,0
2,10,6,7.36099,-1.39542,-1.39542,0,All,#4682B4,0
3,10,6,7.73797,-1.81659,-1.81659,0,All,#4682B4,0
4,10,6,7.39184,-1.42988,-1.42988,0,All,#4682B4,0
5,10,6,7.30086,-1.32823,-1.32823,0,All,#4682B4,0
6,10,6,7.49929,-1.54992,-1.54992,0,All,#4682B4,0
7,10,6,7.51136,-1.56341,-1.56341,0,All,#4682B4,0
8,10,6,7.32855,-1.35917,-1.35917,0,All,#4682B4,0
9,10,6,7.46705,-1.51391,-1.51391,0,All,#4682B4,0
10,10,6,7.31385,-1.34275,-1.34275,0,All,#4682B4,0
1,10,6.5,7.23159,1.0205,1.0205,0,All,#4682B4,0
2,10,6.5,7.15052,1.11107,1.11107,0,All,#4682B4,0
3,10,6.5,7.41099,0.820057,0.820057,0,All,#4682B4,0
4,10,6.5,7.12182,1.14314,1.14314,0,All,#4682B4,0
5,10,6.5,6.97764,1.30421,1.30421,0,All,#4682B4,0
6,10,6.5,7.283,0.963058,0.963058,0,All,#4682B4,0
7,10,6.5,7.18973,1.06726,1.06726,0,All,#4682B4,0
8,10,6.5,7.04426,1.22978,1.22978,0,All,#4682B4,0
9,10,6.5,7.23548,1.01614,1.01614,0,All,#4682B4,0
10,10,6.5,7.01147,1.26642,1.26642,0,All,#4682B4,0
1,10,7,7.00382,1.68722,1.68722,0,All,#4682B4,0
2,10,7,6.94223,1.75604,1.75604,0,All,#4682B4,0
3,10,7,7.09367,1.58684,1.58684,0,All,#4682B4,0
4,10,7,6.85601,1.85237,1.85237,0,All,#4682B4,0
5,10,7,6.66853,2.06182,2.06182,0,All,#4682B4,0
6,10,7,7.06743,1.61616,1.61616,0,All,#4682B4,0
7,10,7,6.8722,1.83427,1.83427,0,All,#4682B4,0
8,10,7,6.7664,1.95248,1.95248,0,All,#4682B4,0
9,10,7,7.00576,1.68506,1.68506,0,All,#4682B4,0
10,10,7,6.72666,1.99688,1.99688,0,All,#4682B4,0
1,10,7.5,6.77822,0.00422502,0.00422502,0,All,#4682B4,0
2,10,7.5,6.73714,0.0501241,0.0501241,0,All,#4682B4,0
3,10,7.5,6.79104,-0.0100984,-0.0100984,0,All,#4682B4,0
4,10,7.5,6.59714,0.206537,0.206537,0,All,#4682B4,0
5,10,7.5,6.37898,0.450268,0.450268,0,All,#4682B4,0
6,10,7.5,6.853,-0.079328,-0.079328,0,All,#4682B4,0
7,10,7.5,6.56142,0.246443,0.246443,0,All,#4682B4,0
8,10,7.5,6.4982,0.317077,0.317077,0,All,#4682B4,0
9,10,7.5,6.7788,0.00357623,0.00357623,0,All,#4682B4,0
10,10,7.5,6.46697,0.351961,0.351961,0,All,#4682B4,0
1,10,8,6.55579,0.471707,0.471707,0,All,#4682B4,0
2,10,8,6.53665,0.493086,0.493086,0,All,#4682B4,0
3,10,8,6.50961,0.523296,0.523296,0,All,#4682B4,0
4,10,8,6.3492,0.702516,0.702516,0,All,#4682B4,0
5,10,8,6.11612,0.962922,0.962922,0,All,#4682B4,0
6,10,8,6.64018,0.377422,0.377422,0,All,#4682B4,0
7,10,8,6.26017,0.801983,0.801983,0,All,#4682B4,0
8,10,8,6.24419,0.819837,0.819837,0,All,#4682B4,0
9,10,8,6.55599,0.471481,0.471481,0,All,#4682B4,0
10,10,8,6.24061,0.823837,0.823837,0,All,#4682B4,0
1,10,8.5,6.33804,-0.848027,-0.848027,0,All,#4682B4,0
2,10,8.5,6.34282,-0.853361,-0.853361,0,All,#4682B4,0
3,10,8.5,6.25685,-0.757319,-0.757319,0,All,#4682B4,0
4,10,8.5,6.11709,-0.60117,-0.60117,0,All,#4682B4,0
5,10,8.5,5.88721,-0.344348,-0.344348,0,All,#4682B4,0
6,10,8.5,6.42983,-0.950572,-0.950572,0,All,#4682B4,0
7,10,8.5,5.97841,-0.446238,-0.446238,0,All,#4682B4,0
8,10,8.5,6.01002,-0.48155,-0.48155,0,All,#4682B4,0
9,10,8.5,6.33935,-0.849485,-0.849485,0,All,#4682B4,0
10,10,8.5,6.05463,-0.531394,-0.531394,0,All,#4682B4,0
1,10,9,6.12708,0.147386,0.147386,0,All,#4682B4,0
2,10,9,6.15825,0.112564,0.112564,0,All,#4682B4,0
3,10,9,6.04011,0.244553,0.244553,0,All,#4682B4,0
4,10,9,5.90667,0.393639,0.393639,0,All,#4682B4,0
5,10,9,5.69861,0.626084,0.626084,0,All,#4682B4,0
6,10,9,6.22325,0.0399424,0.0399424,0,All,#4682B4,0
7,10,9,5.71871,0.603634,0.603634,0,All,#4682B4,0
8,10,9,5.80011,0.512691,0.512691,0,All,#4682B4,0
9,10,9,6.13171,0.142213,0.142213,0,All,#4682B4,0
10,10,9,5.91221,0.387441,0.387441,0,All,#4682B4,0
1,10,9.5,5.92577,0.23264,0.23264,0,All,#4682B4,0
2,10,9.5,5.98427,0.167282,0.167282,0,All,#4682B4,0
3,10,9.5,5.86527,0.30023,0.30023,0,All,#4682B4,0
4,10,9.5,5.72822,0.453347,0.453347,0,All,#4682B4,0
5,10,9.5,5.55424,0.647725,0.647725,0,All,#4682B4,0
6,10,9.5,6.02149,0.125697,0.125697,0,All,#4682B4,0
7,10,9.5,5.49153,0.717795,0.717795,0,All,#4682B4,0
8,10,9.5,5.62361,0.570221,0.570221,0,All,#4682B4,0
9,10,9.5,5.93675,0.220373,0.220373,0,All,#4682B4,0
10,10,9.5,5.81518,0.356197,0.356197,0,All,#4682B4,0
1,10,10,5.73777,0.314205,0.314205,0,All,#4682B4,0
2,10,10,5.82187,0.220235,0.220235,0,All,#4682B4,0
3,10,10,5.73511,0.31717,0.31717,0,All,#4682B4,0
4,10,10,5.58488,0.485013,0.485013,0,All,#4682B4,0
5,10,10,5.45432,0.630879,0.630879,0,All,#4682B4,0
6,10,10,5.82849,0.212845,0.212845,0,All,#4682B4,0
7,10,10,5.30469,0.798047,0.798047,0,All,#4682B4,0
8,10,10,5.48165,0.60035,0.60035,0,All,#4682B4,0
9,10,10,5.75807,0.291522,0.291522,0,All,#4682B4,0
10,10,10,5.76138,0.287821,0.287821,0,All,#4682B4,0
1,10,10.5,5.56739,0.0956453,0.0956453,0,All,#4682B4,0
2,10,10.5,5.6335,0.0217849,0.0217849,0,All,#4682B4,0
3,10,10.5,5.64898,0.00449391,0.00449391,0,All,#4682B4,0
4,10,10.5,5.48071,0.192486,0.192486,0,All,#4682B4,0
5,10,10.5,5.39609,0.287027,0.287027,0,All,#4682B4,0
6,10,10.5,5.64447,0.00952477,0.00952477,0,All,#4682B4,0
7,10,10.5,5.16288,0.547576,0.547576,0,All,#4682B4,0
8,10,10.5,5.37895,0.306178,0.306178,0,All,#4682B4,0
9,10,10.5,5.59927,0.0600275,0.0600275,0,All,#4682B4,0
10,10,10.5,5.74419,-0.101878,-0.101878,0,All,#4682B4,0
1,10,11,5.41909,0.77302,0.77302,0,All,#4682B4,0
2,10,11,5.4088,0.78452,0.78452,0,All,#4682B4,0
3,10,11,5.60078,0.570032,0.570032,0,All,#4682B4,0
4,10,11,5.41819,0.774027,0.774027,0,All,#4682B4,0
5,10,11,5.37474,0.822572,0.822572,0,All,#4682B4,0
6,10,11,5.45765,0.729944,0.729944,0,All,#4682B4,0
7,10,11,5.06688,1.16652,1.16652,0,All,#4682B4,0
8,10,11,5.31665,0.887478,0.887478,0,All,#4682B4,0
9,10,11,5.42266,0.769036,0.769036,0,All,#4682B4,0
10,10,11,5.75751,0.394936,0.394936,0,All,#4682B4,0
1,10,11.5,5.28976,0.586819,0.586819,0,All,#4682B4,0
2,10,11.5,5.15232,0.740368,0.740368,0,All,#4682B4,0
3,10,11.5,5.51927,0.330398,0.330398,0,All,#4682B4,0
4,10,11.5,5.3868,0.4784,0.4784,0,All,#4682B4,0
5,10,11.5,5.38445,0.481025,0.481025,0,All,#4682B4,0
6,10,11.5,5.21458,0.670813,0.670813,0,All,#4682B4,0
7,10,11.5,5.00043,0.910067,0.910067,0,All,#4682B4,0
8,10,11.5,5.28603,0.590981,0.590981,0,All,#4682B4,0
9,10,11.5,5.17887,0.710707,0.710707,0,All,#4682B4,0
10,10,11.5,5.79456,0.0228322,0.0228322,0,All,#4682B4,0
1,10,12,5.13471,1.26838,1.26838,0,All,#4682B4,0
2,10,12,4.87887,1.55421,1.55421,0,All,#4682B4,0
3,10,12,5.35553,1.02168,1.02168,0,All,#4682B4,0
4,10,12,5.31386,1.06823,1.06823,0,All,#4682B4,0
5,10,12,5.41314,0.95731,0.95731,0,All,#4682B4,0
6,10,12,4.90357,1.52662,1.52662,0,All,#4682B4,0
7,10,12,4.87498,1.55857,1.55857,0,All,#4682B4,0
8,10,12,5.25848,1.13011,1.13011,0,All,#4682B4,0
9,10,12,4.87463,1.55895,1.55895,0,All,#4682B4,0
10,10,12,5.83469,0.486341,0.486341,0,All,#4682B4,0
1,10,12.5,4.93764,-0.0979161,-0.0979161,0,All,#4682B4,0
2,10,12.5,4.60816,0.270188,0.270188,0,All,#4682B4,0
3,10,12.5,5.11608,-0.297275,-0.297275,0,All,#4682B4,0
4,10,12.5,5.14905,-0.334113,-0.334113,0,All,#4682B4,0
5,10,12.5,5.35571,-0.564994,-0.564994,0,All,#4682B4,0
6,10,12.5,4.53292,0.354256,0.354256,0,All,#4682B4,0
7,10,12.5,4.66847,0.202813,0.202813,0,All,#4682B4,0
8,10,12.5,5.18114,-0.369962,-0.369962,0,All,#4682B4,0
9,10,12.5,4.53507,0.351851,0.351851,0,All,#4682B4,0
10,10,12.5,5.76617,-1.02358,-1.02358,0,All,#4682B4,0
1,10,13,4.70594,-1.17973,-1.17973,0,All,#4682B4,0
2,10,13,4.36607,-0.800016,-0.800016,0,All,#4682B4,0
3,10,13,4.82355,-1.31113,-1.31113,0,All,#4682B4,0
4,10,13,4.9051,-1.40224,-1.40224,0,All,#4682B4,0
5,10,13,5.15895,-1.68585,-1.68585,0,All,#4682B4,0
6,10,13,4.13972,-0.547131,-0.547131,0,All,#4682B4,0
7,10,13,4.40133,-0.839415,-0.839415,0,All,#4682B4,0
8,10,13,5.05708,-1.57204,-1.57204,0,All,#4682B4,0
9,10,13,4.20375,-0.618674,-0.618674,0,All,#4682B4,0
10,10,13,5.56311,-2.13739,-2.13739,0,All,#4682B4,0
1,10,13.5,4.46045,0.847474,0.847474,0,All,#4682B4,0
2,10,13.5,4.15881,1.18449,1.18449,0,All,#4682B4,0
3,10,13.5,4.51082,0.791205,0.791205,0,All,#4682B4,0
4,10,13.5,4.61899,0.670349,0.670349,0,All,#4682B4,0
5,10,13.5,4.83567,0.428273,0.428273,0,All,#4682B4,0
6,10,13.5,3.77974,1.60799,1.60799,0,All,#4682B4,0
7,10,13.5,4.10438,1.24529,1.24529,0,All,#4682B4,0
8,10,13.5,4.89017,0.367379,0.367379,0,All,#4682B4,0
9,10,13.5,3.91008,1.46238,1.46238,0,All,#4682B4,0
10,10,13.5,5.2441,-0.0280467,-0.0280467,0,All,#4682B4,0
1,10,14,4.22252,1.22726,1.22726,0,All,#4682B4,0
2,10,14,3.97829,1.50012,1.50012,0,All,#4682B4,0
3,10,14,4.19264,1.26064,1.26064,0,All,#4682B4,0
4,10,14,4.32733,1.11016,1.11016,0,All,#4682B4,0
5,10,14,4.4298,0.995679,0.995679,0,All,#4682B4,0
6,10,14,3.47692,2.06027,2.06027,0,All,#4682B4,0
7,10,14,3.804,1.69485,1.69485,0,All,#4682B4,0
8,10,14,4.69618,0.698071,0.698071,0,All,#4682B4,0
9,10,14,3.64897,1.86805,1.86805,0,All,#4682B4,0
10,10,14,4.8585,0.516723,0.516723,0,All,#4682B4,0
1,10,14.5,4.00076,0.519779,0.519779,0,All,#4682B4,0
2,10,14.5,3.82125,0.720337,0.720337,0,All,#4682B4,0
3,10,14.5,3.87782,0.657133,0.657133,0,All,#4682B4,0
4,10,14.5,4.04657,0.468598,0.468598,0,All,#4682B4,0
5,10,14.5,3.9983,0.52253,0.52253,0,All,#4682B4,0
6,10,14.5,3.22642,1.3849,1.3849,0,All,#4682B4,0
7,10,14.5,3.51172,1.06616,1.06616,0,All,#4682B4,0
8,10,14.5,4.48616,-0.0225201,-0.0225201,0,All,#4682B4,0
9,10,14.5,3.41352,1.17586,1.17586,0,All,#4682B4,0
10,10,14.5,4.46386,0.00238744,0.00238744,0,All,#4682B4,0
1,10,15,3.79857,-0.892186,-1.27992,1,All,#4682B4,0
2,10,15,3.67753,-0.75696,-1.1659,1,All,#4682B4,0
3,10,15,3.56874,-0.635418,-1.00322,1,All,#4682B4,0
4,10,15,3.77748,-0.868631,-2.28931,1,All,#4682B4,0
5,10,15,3.55914,-0.624692,-0.657649,1,All,#4682B4,0
6,10,15,3.00768,-0.0085846,-0.30791,1,All,#4682B4,0
7,10,15,3.22861,-0.255413,-1.74317,1,All,#4682B4,0
8,10,15,4.27423,-1.42361,-1.78603,1,All,#4682B4,0
9,10,15,3.1923,-0.214843,-0.596287,1,All,#4682B4,0
10,10,15,4.06432,-1.18909,-1.31048,1,All,#4682B4,0
1,10,15.5,3.61221,0.162877,0.162877,0,All,#4682B4,0
2,10,15.5,3.54166,0.241703,0.241703,0,All,#4682B4,0
3,10,15.5,3.26421,0.551679,0.551679,0,All,#4682B4,0
4,10,15.5,3.51597,0.270408,0.270408,0,All,#4682B4,0
5,10,15.5,3.12165,0.710949,0.710949,0,All,#4682B4,0
6,10,15.5,2.80849,1.06083,1.06083,0,All,#4682B4,0
7,10,15.5,2.95423,0.897994,0.897994,0,All,#4682B4,0
8,10,15.5,4.06635,-0.344502,-0.344502,0,All,#4682B4,0
9,10,15.5,2.97918,0.870123,0.870123,0,All,#4682B4,0
10,10,15.5,3.67063,0.0976103,0.0976103,0,All,#4682B4,0
1,10,16,3.4378,-0.489127,-0.858106,1,All,#4682B4,0
2,10,16,3.41045,-0.458569,-1.60065,1,All,#4682B4,0
3,10,16,2.96357,0.0406999,-0.228828,1,All,#4682B4,0
4,10,16,3.25934,-0.28974,-2.13782,1,All,#4682B4,0
5,10,16,2.68701,0.349679,-0.311373,1,All,#4682B4,0
6,10,16,2.61986,0.424711,0.279265,1,All,#4682B4,0
7,10,16,2.68311,0.354038,-1.9981,1,All,#4682B4,0
8,10,16,3.85964,-0.960416,-1.23863,1,All,#4682B4,0
9,10,16,2.77061,0.25628,-0.903138,1,All,#4682B4,0
10,10,16,3.28118,-0.314143,-0.645554,1,All,#4682B4,0
1,10,16.5,3.26965,-0.301266,-0.424649,1,All,#4682B4,0
2,10,16.5,3.28207,-0.315134,-0.531141,1,All,#4682B4,0
3,10,16.5,2.66472,0.374592,-0.171441,1,All,#4682B4,0
4,10,16.5,3.00526,-0.00587571,-0.838018,1,All,#4682B4,0
5,10,16.5,2.25497,0.832368,0.416327,1,All,#4682B4,0
6,10,16.5,2.43749,0.628452,-0.361069,1,All,#4682B4,0
7,10,16.5,2.41502,0.653561,0.10608,1,All,#4682B4,0
8,10,16.5,3.65632,-0.733267,-0.839362,1,All,#4682B4,0
9,10,16.5,2.5643,0.486774,-0.334288,1,All,#4682B4,0
10,10,16.5,2.89504,0.11726,-1.45556,1,All,#4682B4,0
1,11,1,0,3.3517,0.00692094,1,All,#4682B4,0
2,11,1,0,3.3517,1.01412,1,All,#4682B4,0
3,11,1,0,3.3517,1.71772,1,All,#4682B4,0
4,11,1,0,3.3517,0.40485,1,All,#4682B4,0
5,11,1,0,3.3517,0.17174,1,All,#4682B4,0
6,11,1,0,3.3517,0.148274,1,All,#4682B4,0
7,11,1,0,3.3517,0.244091,1,All,#4682B4,0
8,11,1,0,3.3517,1.57954,1,All,#4682B4,0
9,11,1,0,3.3517,0.329201,1,All,#4682B4,0
10,11,1,0,3.3517,0.551438,1,All,#4682B4,0
1,11,1.5,0,3.3517,1.54469,1,All,#4682B4,0
2,11,1.5,0,3.3517,0.205379,1,All,#4682B4,0
3,11,1.5,0,3.3517,0.334634,1,All,#4682B4,0
4,11,1.5,0,3.3517,0.297819,1,All,#4682B4,0
5,11,1.5,0,3.3517,0.497682,1,All,#4682B4,0
6,11,1.5,0,3.3517,2.59255,1,All,#4682B4,0
7,11,1.5,0,3.3517,0.0213361,1,All,#4682B4,0
8,11,1.5,0,3.3517,0.426551,1,All,#4682B4,0
9,11,1.5,0,3.3517,0.751654,1,All,#4682B4,0
10,11,1.5,0,3.3517,0.148069,1,All,#4682B4,0
1,11,2,5.3627,-1.53139,-1.53139,0,All,#4682B4,0
2,11,2,4.19631,-0.228266,-0.228266,0,All,#4682B4,0
3,11,2,5.45843,-1.63835,-1.63835,0,All,#4682B4,0
4,11,2,4.90642,-1.02162,-1.02162,0,All,#4682B4,0
5,11,2,4.71701,-0.810007,-0.810007,0,All,#4682B4,0
6,11,2,5.52515,-1.71288,-1.71288,0,All,#4682B4,0
7,11,2,5.36705,-1.53625,-1.53625,0,All,#4682B4,0
8,11,2,5.32645,-1.49089,-1.49089,0,All,#4682B4,0
9,11,2,4.76354,-0.861986,-0.861986,0,All,#4682B4,0
10,11,2,4.29562,-0.33922,-0.33922,0,All,#4682B4,0
1,11,2.5,7.24436,-1.46397,-1.46397,0,All,#4682B4,0
2,11,2.5,6.38965,-0.50907,-0.50907,0,All,#4682B4,0
3,11,2.5,7.14383,-1.35166,-1.35166,0,All,#4682B4,0
4,11,2.5,6.89268,-1.07107,-1.07107,0,All,#4682B4,0
5,11,2.5,7.16128,-1.37116,-1.37116,0,All,#4682B4,0
6,11,2.5,7.30516,-1.53191,-1.53191,0,All,#4682B4,0
7,11,2.5,7.17024,-1.38117,-1.38117,0,All,#4682B4,0
8,11,2.5,6.82457,-0.994978,-0.994978,0,All,#4682B4,0
9,11,2.5,6.80198,-0.969737,-0.969737,0,All,#4682B4,0
10,11,2.5,6.77365,-0.938089,-0.938089,0,All,#4682B4,0
1,11,3,7.92947,-0.995977,-0.995977,0,All,#4682B4,0
2,11,3,7.22167,-0.205204,-0.205204,0,All,#4682B4,0
3,11,3,7.87474,-0.934838,-0.934838,0,All,#4682B4,0
4,11,3,7.6713,-0.707543,-0.707543,0,All,#4682B4,0
5,11,3,7.89003,-0.95192,-0.95192,0,All,#4682B4,0
6,11,3,7.89261,-0.954797,-0.954797,0,All,#4682B4,0
7,11,3,7.89749,-0.960246,-0.960246,0,All,#4682B4,0
8,11,3,7.58458,-0.610657,-0.610657,0,All,#4682B4,0
9,11,3,7.5743,-0.599177,-0.599177,0,All,#4682B4,0
10,11,3,7.6284,-0.65961,-0.65961,0,All,#4682B4,0
1,11,3.5,8.28245,-0.256354,-0.256354,0,All,#4682B4,0
2,11,3.5,7.67023,0.427645,0.427645,0,All,#4682B4,0
3,11,3.5,8.25051,-0.220666,-0.220666,0,All,#4682B4,0
4,11,3.5,8.08972,-0.0410288,-0.0410288,0,All,#4682B4,0
5,11,3.5,8.18579,-0.148358,-0.148358,0,All,#4682B4,0
6,11,3.5,8.1656,-0.125802,-0.125802,0,All,#4682B4,0
7,11,3.5,8.29032,-0.265145,-0.265145,0,All,#4682B4,0
8,11,3.5,8.03395,0.0212836,0.0212836,0,All,#4682B4,0
9,11,3.5,7.98498,0.075994,0.075994,0,All,#4682B4,0
10,11,3.5,8.06827,-0.0170616,-0.0170616,0,All,#4682B4,0
1,11,4,8.46505,-0.804466,-0.804466,0,All,#4682B4,0
2,11,4,7.93247,-0.209444,-0.209444,0,All,#4682B4,0
3,11,4,8.39011,-0.720741,-0.720741,0,All,#4682B4,0
4,11,4,8.32671,-0.649907,-0.649907,0,All,#4682B4,0
5,11,4,8.22071,-0.531477,-0.531477,0,All,#4682B4,0
6,11,4,8.26791,-0.584212,-0.584212,0,All,#4682B4,0
7,11,4,8.5097,-0.854353,-0.854353,0,All,#4682B4,0
8,11,4,8.27645,-0.593754,-0.593754,0,All,#4682B4,0
9,11,4,8.22195,-0.532864,-0.532864,0,All,#4682B4,0
10,11,4,8.28737,-0.605952,-0.605952,0,All,#4682B4,0
1,11,4.5,8.52547,-0.269773,-0.269773,0,All,#4682B4,0
2,11,4.5,8.06232,0.247665,0.247665,0,All,#4682B4,0
3,11,4.5,8.34362,-0.066609,-0.066609,0,All,#4682B4,0
4,11,4.5,8.43782,-0.171854,-0.171854,0,All,#4682B4,0
5,11,4.5,8.10986,0.194559,0.194559,0,All,#4682B4,0
6,11,4.5,8.248,0.0402169,0.0402169,0,All,#4682B4,0
7,11,4.5,8.59743,-0.35017,-0.35017,0,All,#4682B4,0
8,11,4.5,8.35318,-0.0772917,-0.0772917,0,All,#4682B4,0
9,11,4.5,8.34734,-0.0707647,-0.0707647,0,All,#4682B4,0
10,11,4.5,8.34089,-0.0635573,-0.0635573,0,All,#4682B4,0
1,11,5,8.48644,-0.322251,-0.322251,0,All,#4682B4,0
2,11,5,8.08085,0.130887,0.130887,0,All,#4682B4,0
3,11,5,8.18122,0.0187499,0.0187499,0,All,#4682B4,0
4,11,5,8.44407,-0.274922,-0.274922,0,All,#4682B4,0
5,11,5,7.94847,0.278785,0.278785,0,All,#4682B4,0
6,11,5,8.14568,0.0584492,0.0584492,0,All,#4682B4,0
7,11,5,8.56595,-0.411092,-0.411092,0,All,#4682B4,0
8,11,5,8.2728,-0.0835746,-0.0835746,0,All,#4682B4,0
9,11,5,8.3793,-0.202558,-0.202558,0,All,#4682B4,0
10,11,5,8.26678,-0.0768431,-0.0768431,0,All,#4682B4,0
1,11,5.5,8.37311,-1.17545,-1.17545,0,All,#4682B4,0
2,11,5.5,7.9986,-0.757043,-0.757043,0,All,#4682B4,0
3,11,5.5,7.96946,-0.724478,-0.724478,0,All,#4682B4,0
4,11,5.5,8.35466,-1.15484,-1.15484,0,All,#4682B4,0
5,11,5.5,7.77494,-0.507162,-0.507162,0,All,#4682B4,0
6,11,5.5,7.99886,-0.757328,-0.757328,0,All,#4682B4,0
7,11,5.5,8.43038,-1.23944,-1.23944,0,All,#4682B4,0
8,11,5.5,8.08921,-0.85827,-0.85827,0,All,#4682B4,0
9,11,5.5,8.30207,-1.09609,-1.09609,0,All,#4682B4,0
10,11,5.5,8.12089,-0.89366,-0.89366,0,All,#4682B4,0
1,11,6,8.21163,0.262969,0.262969,0,All,#4682B4,0
2,11,6,7.83089,0.688334,0.688334,0,All,#4682B4,0
3,11,6,7.74205,0.787591,0.787591,0,All,#4682B4,0
4,11,6,8.17449,0.304455,0.304455,0,All,#4682B4,0
5,11,6,7.59904,0.947371,0.947371,0,All,#4682B4,0
6,11,6,7.83307,0.685902,0.685902,0,All,#4682B4,0
7,11,6,8.20293,0.272679,0.272679,0,All,#4682B4,0
8,11,6,7.85184,0.664937,0.664937,0,All,#4682B4,0
9,11,6,8.12921,0.355042,0.355042,0,All,#4682B4,0
10,11,6,7.94538,0.560422,0.560422,0,All,#4682B4,0
1,11,6.5,8.02233,1.09452,1.09452,0,All,#4682B4,0
2,11,6.5,7.59452,1.57249,1.57249,0,All,#4682B4,0
3,11,6.5,7.50982,1.66711,1.66711,0,All,#4682B4,0
4,11,6.5,7.9171,1.21208,1.21208,0,All,#4682B4,0
5,11,6.5,7.42294,1.76418,1.76418,0,All,#4682B4,0
6,11,6.5,7.66059,1.49867,1.49867,0,All,#4682B4,0
7,11,6.5,7.89864,1.23271,1.23271,0,All,#4682B4,0
8,11,6.5,7.59213,1.57516,1.57516,0,All,#4682B4,0
9,11,6.5,7.86309,1.27243,1.27243,0,All,#4682B4,0
10,11,6.5,7.76045,1.38711,1.38711,0,All,#4682B4,0
1,11,7,7.81695,-0.213333,-0.213333,0,All,#4682B4,0
2,11,7,7.30154,0.362503,0.362503,0,All,#4682B4,0
3,11,7,7.24184,0.429197,0.429197,0,All,#4682B4,0
4,11,7,7.59548,0.0340991,0.0340991,0,All,#4682B4,0
5,11,7,7.24697,0.423462,0.423462,0,All,#4682B4,0
6,11,7,7.48604,0.156373,0.156373,0,All,#4682B4,0
7,11,7,7.5287,0.10871,0.10871,0,All,#4682B4,0
8,11,7,7.31589,0.34647,0.34647,0,All,#4682B4,0
9,11,7,7.51021,0.129359,0.129359,0,All,#4682B4,0
10,11,7,7.56287,0.0705365,0.0705365,0,All,#4682B4,0
1,11,7.5,7.57002,1.73616,1.73616,0,All,#4682B4,0
2,11,7.5,6.96193,2.41554,2.41554,0,All,#4682B4,0
3,11,7.5,6.91042,2.47309,2.47309,0,All,#4682B4,0
4,11,7.5,7.21665,2.13096,2.13096,0,All,#4682B4,0
5,11,7.5,7.04901,2.31826,2.31826,0,All,#4682B4,0
6,11,7.5,7.28662,2.05279,2.05279,0,All,#4682B4,0
7,11,7.5,7.10058,2.26064,2.26064,0,All,#4682B4,0
8,11,7.5,7.00167,2.37114,2.37114,0,All,#4682B4,0
9,11,7.5,7.07862,2.28517,2.28517,0,All,#4682B4,0
10,11,7.5,7.31049,2.02612,2.02612,0,All,#4682B4,0
1,11,8,7.25836,-0.194797,-0.194797,0,All,#4682B4,0
2,11,8,6.58275,0.560009,0.560009,0,All,#4682B4,0
3,11,8,6.50373,0.648296,0.648296,0,All,#4682B4,0
4,11,8,6.78336,0.335884,0.335884,0,All,#4682B4,0
5,11,8,6.79493,0.322955,0.322955,0,All,#4682B4,0
6,11,8,7.01089,0.0816764,0.0816764,0,All,#4682B4,0
7,11,8,6.61931,0.519165,0.519165,0,All,#4682B4,0
8,11,8,6.64517,0.490279,0.490279,0,All,#4682B4,0
9,11,8,6.57896,0.56425,0.56425,0,All,#4682B4,0
10,11,8,6.98072,0.115382,0.115382,0,All,#4682B4,0
1,11,8.5,6.86846,-0.0809594,-0.0809594,0,All,#4682B4,0
2,11,8.5,6.16942,0.700042,0.700042,0,All,#4682B4,0
3,11,8.5,6.01532,0.872208,0.872208,0,All,#4682B4,0
4,11,8.5,6.29709,0.557402,0.557402,0,All,#4682B4,0
5,11,8.5,6.46582,0.368886,0.368886,0,All,#4682B4,0
6,11,8.5,6.62677,0.189069,0.189069,0,All,#4682B4,0
7,11,8.5,6.09026,0.788479,0.788479,0,All,#4682B4,0
8,11,8.5,6.24475,0.61587,0.61587,0,All,#4682B4,0
9,11,8.5,6.02683,0.859342,0.859342,0,All,#4682B4,0
10,11,8.5,6.5529,0.271597,0.271597,0,All,#4682B4,0
1,11,9,6.38356,-0.998311,-0.998311,0,All,#4682B4,0
2,11,9,5.72711,-0.264906,-0.264906,0,All,#4682B4,0
3,11,9,5.4511,0.0434606,0.0434606,0,All,#4682B4,0
4,11,9,5.7617,-0.303553,-0.303553,0,All,#4682B4,0
5,11,9,6.04738,-0.622719,-0.622719,0,All,#4682B4,0
6,11,9,6.09268,-0.67333,-0.67333,0,All,#4682B4,0
7,11,9,5.51394,-0.026745,-0.026745,0,All,#4682B4,0
8,11,9,5.80006,-0.346414,-0.346414,0,All,#4682B4,0
9,11,9,5.44942,0.0453357,0.0453357,0,All,#4682B4,0
10,11,9,6.00449,-0.574803,-0.574803,0,All,#4682B4,0
1,11,9.5,5.78537,0.101254,0.101254,0,All,#4682B4,0
2,11,9.5,5.26286,0.685025,0.685025,0,All,#4682B4,0
3,11,9.5,4.85517,1.14051,1.14051,0,All,#4682B4,0
4,11,9.5,5.19141,0.764848,0.764848,0,All,#4682B4,0
5,11,9.5,5.52159,0.395962,0.395962,0,All,#4682B4,0
6,11,9.5,5.35932,0.577256,0.577256,0,All,#4682B4,0
7,11,9.5,4.91291,1.07599,1.07599,0,All,#4682B4,0
8,11,9.5,5.31786,0.62357,0.62357,0,All,#4682B4,0
9,11,9.5,4.88648,1.10553,1.10553,0,All,#4682B4,0
10,11,9.5,5.32394,0.616775,0.616775,0,All,#4682B4,0
1,11,10,5.06334,-0.443926,-0.443926,0,All,#4682B4,0
2,11,10,4.78844,-0.136794,-0.136794,0,All,#4682B4,0
3,11,10,4.31267,0.394756,0.394756,0,All,#4682B4,0
4,11,10,4.6235,0.0474868,0.0474868,0,All,#4682B4,0
5,11,10,4.89228,-0.25281,-0.25281,0,All,#4682B4,0
6,11,10,4.40058,0.296536,0.296536,0,All,#4682B4,0
7,11,10,4.32242,0.383862,0.383862,0,All,#4682B4,0
8,11,10,4.8168,-0.168481,-0.168481,0,All,#4682B4,0
9,11,10,4.3754,0.324666,0.324666,0,All,#4682B4,0
10,11,10,4.55999,0.118437,0.118437,0,All,#4682B4,0
1,11,10.5,4.23355,-0.308967,-0.308967,0,All,#4682B4,0
2,11,10.5,4.32324,-0.409181,-0.409181,0,All,#4682B4,0
3,11,10.5,3.89047,0.0743288,0.0743288,0,All,#4682B4,0
4,11,10.5,4.12388,-0.186438,-0.186438,0,All,#4682B4,0
5,11,10.5,4.23817,-0.314133,-0.314133,0,All,#4682B4,0
6,11,10.5,3.39603,0.62673,0.62673,0,All,#4682B4,0
7,11,10.5,3.79084,0.185642,0.185642,0,All,#4682B4,0
8,11,10.5,4.33047,-0.417253,-0.417253,0,All,#4682B4,0
9,11,10.5,3.93688,0.0224765,0.0224765,0,All,#4682B4,0
10,11,10.5,3.87517,0.0914199,0.0914199,0,All,#4682B4,0
1,11,11,3.44645,-0.498789,-1.54497,1,All,#4682B4,0
2,11,11,3.89393,-0.998728,-1.67392,1,All,#4682B4,0
3,11,11,3.5866,-0.655374,-0.724829,1,All,#4682B4,0
4,11,11,3.73871,-0.825316,-0.910391,1,All,#4682B4,0
5,11,11,3.72113,-0.805674,-2.03644,1,All,#4682B4,0
6,11,11,2.78519,0.239991,-0.327106,1,All,#4682B4,0
7,11,11,3.35876,-0.400818,-1.4412,1,All,#4682B4,0
8,11,11,3.8987,-1.00406,-1.2299,1,All,#4682B4,0
9,11,11,3.57534,-0.642793,-0.927615,1,All,#4682B4,0
10,11,11,3.38014,-0.424702,-0.468232,1,All,#4682B4,0
1,11,11.5,2.88862,0.124433,-0.274437,1,All,#4682B4,0
2,11,11.5,3.52894,-0.590951,-1.53736,1,All,#4682B4,0
3,11,11.5,3.3646,-0.40734,-0.74899,1,All,#4682B4,0
4,11,11.5,3.47194,-0.527265,-1.1023,1,All,#4682B4,0
5,11,11.5,3.38947,-0.435126,-0.740506,1,All,#4682B4,0
6,11,11.5,2.44981,0.614687,-0.0279995,1,All,#4682B4,0
7,11,11.5,3.03952,-0.0441533,-1.26677,1,All,#4682B4,0
8,11,11.5,3.54641,-0.610467,-0.783004,1,All,#4682B4,0
9,11,11.5,3.28368,-0.316935,-0.891018,1,All,#4682B4,0
10,11,11.5,3.0405,-0.0452505,-0.0858576,1,All,#4682B4,0
1,11,12,2.54746,3.33443,3.33443,0,All,#4682B4,0
2,11,12,3.24401,2.55622,2.55622,0,All,#4682B4,0
3,11,12,3.19606,2.60979,2.60979,0,All,#4682B4,0
4,11,12,3.29962,2.49409,2.49409,0,All,#4682B4,0
5,11,12,3.17258,2.63602,2.63602,0,All,#4682B4,0
6,11,12,2.22528,3.69438,3.69438,0,All,#4682B4,0
7,11,12,2.81723,3.03303,3.03303,0,All,#4682B4,0
8,11,12,3.27724,2.51909,2.51909,0,All,#4682B4,0
9,11,12,3.05365,2.76889,2.76889,0,All,#4682B4,0
10,11,12,2.79627,3.05646,3.05646,0,All,#4682B4,0
1,11,12.5,2.33054,0.747942,-1.20087,1,All,#4682B4,0
2,11,12.5,3.03844,-0.0429438,-1.38141,1,All,#4682B4,0
3,11,12.5,3.05543,-0.0619293,-0.547929,1,All,#4682B4,0
4,11,12.5,3.19064,-0.212986,-0.333869,1,All,#4682B4,0
5,11,12.5,3.01598,-0.0178588,-0.571997,1,All,#4682B4,0
6,11,12.5,2.04699,1.06474,-0.615674,1,All,#4682B4,0
7,11,12.5,2.66735,0.371645,-0.847525,1,All,#4682B4,0
8,11,12.5,3.0794,-0.0887036,-1.21247,1,All,#4682B4,0
9,11,12.5,2.86897,0.146393,-1.39911,1,All,#4682B4,0
10,11,12.5,2.60507,0.441226,-0.133668,1,All,#4682B4,0
1,11,13,2.1768,0.919706,0.630007,1,All,#4682B4,0
2,11,13,2.89974,0.112014,-0.9916,1,All,#4682B4,0
3,11,13,2.93239,0.0755364,-0.0133943,1,All,#4682B4,0
4,11,13,3.12109,-0.135282,-0.21188,1,All,#4682B4,0
5,11,13,2.88804,0.125086,-2.25668,1,All,#4682B4,0
6,11,13,1.8853,1.24538,-0.613894,1,All,#4682B4,0
7,11,13,2.56742,0.483293,-1.53513,1,All,#4682B4,0
8,11,13,2.93608,0.071409,-0.174365,1,All,#4682B4,0
9,11,13,2.71879,0.314174,-1.8024,1,All,#4682B4,0
10,11,13,2.4423,0.62308,-0.106143,1,All,#4682B4,0
1,11,13.5,2.05648,1.05413,-1.3838,1,All,#4682B4,0
2,11,13.5,2.81188,0.21018,-0.722976,1,All,#4682B4,0
3,11,13.5,2.81828,0.203024,-0.0286045,1,All,#4682B4,0
4,11,13.5,3.0744,-0.0831182,-1.01563,1,All,#4682B4,0
5,11,13.5,2.77209,0.254625,-0.641152,1,All,#4682B4,0
6,11,13.5,1.73217,1.41647,0.075551,1,All,#4682B4,0
7,11,13.5,2.49993,0.558692,-1.6162,1,All,#4682B4,0
8,11,13.5,2.83284,0.186759,-1.77259,1,All,#4682B4,0
9,11,13.5,2.59334,0.454329,0.218709,1,All,#4682B4,0
10,11,13.5,2.29318,0.789679,-0.0144233,1,All,#4682B4,0
1,11,14,1.94908,1.17412,-1.03834,1,All,#4682B4,0
2,11,14,2.7589,0.269365,-0.262328,1,All,#4682B4,0
3,11,14,2.70891,0.325214,0.084313,1,All,#4682B4,0
4,11,14,3.03965,-0.0442953,-1.76515,1,All,#4682B4,0
5,11,14,2.66196,0.377665,-1.71617,1,All,#4682B4,0
6,11,14,1.57702,1.5898,-1.49795,1,All,#4682B4,0
7,11,14,2.45261,0.611563,-2.40411,1,All,#4682B4,0
8,11,14,2.75418,0.274641,0.143463,1,All,#4682B4,0
9,11,14,2.48482,0.575575,0.438521,1,All,#4682B4,0
10,11,14,2.14981,0.949858,-0.343293,1,All,#4682B4,0
1,11,14.5,1.84708,1.28808,0.777928,1,All,#4682B4,0
2,11,14.5,2.72834,0.303512,-0.170486,1,All,#4682B4,0
3,11,14.5,2.59962,0.447321,0.248164,1,All,#4682B4,0
4,11,14.5,3.01043,-0.0116474,-0.242543,1,All,#4682B4,0
5,11,14.5,2.5522,0.500292,-0.257717,1,All,#4682B4,0
6,11,14.5,1.42333,1.76151,0.870833,1,All,#4682B4,0
7,11,14.5,2.41524,0.653313,-0.431159,1,All,#4682B4,0
8,11,14.5,2.68961,0.346774,-0.762334,1,All,#4682B4,0
9,11,14.5,2.38779,0.683986,-1.44818,1,All,#4682B4,0
10,11,14.5,2.00973,1.10636,-1.54737,1,All,#4682B4,0
1,11,15,1.74655,1.4004,1.39524,1,All,#4682B4,0
2,11,15,2.71228,0.32145,-1.19718,1,All,#4682B4,0
3,11,15,2.49103,0.568644,-0.448104,1,All,#4682B4,0
4,11,15,2.98328,0.0186754,-1.52798,1,All,#4682B4,0
5,11,15,2.44403,0.621154,-0.222556,1,All,#4682B4,0
6,11,15,1.2692,1.9337,0.201511,1,All,#4682B4,0
7,11,15,2.38164,0.690849,-0.890549,1,All,#4682B4,0
8,11,15,2.63623,0.406418,-0.986518,1,All,#4682B4,0
9,11,15,2.29797,0.784336,0.396155,1,All,#4682B4,0
10,11,15,1.86936,1.26319,0.893806,1,All,#4682B4,0
1,11,15.5,1.64688,1.51175,0.0716683,1,All,#4682B4,0
2,11,15.5,2.70714,0.327197,-2.09915,1,All,#4682B4,0
3,11,15.5,2.38134,0.691189,-0.453813,1,All,#4682B4,0
4,11,15.5,2.95643,0.0486762,-0.424022,1,All,#4682B4,0
5,11,15.5,2.33484,0.743144,-0.971074,1,All,#4682B4,0
6,11,15.5,1.11387,2.10725,0.135089,1,All,#4682B4,0
7,11,15.5,2.35395,0.721785,0.12903,1,All,#4682B4,0
8,11,15.5,2.58818,0.460104,-1.76783,1,All,#4682B4,0
9,11,15.5,2.21418,0.877944,-0.862396,1,All,#4682B4,0
10,11,15.5,1.72867,1.42037,0.258669,1,All,#4682B4,0
1,12,1,0,3.3517,0.607991,1,All,#4682B4,0
2,12,1,0,3.3517,0.635648,1,All,#4682B4,0
3,12,1,0,3.3517,0.389292,1,All,#4682B4,0
4,12,1,0,3.3517,0.514748,1,All,#4682B4,0
5,12,1,0,3.3517,0.454044,1,All,#4682B4,0
6,12,1,0,3.3517,0.425991,1,All,#4682B4,0
7,12,1,0,3.3517,0.751254,1,All,#4682B4,0
8,12,1,0,3.3517,0.49196,1,All,#4682B4,0
9,12,1,0,3.3517,0.467675,1,All,#4682B4,0
10,12,1,0,3.3517,2.40031,1,All,#4682B4,0
1,12,1.5,0,3.3517,1.41338,1,All,#4682B4,0
2,12,1.5,0,3.3517,0.263809,1,All,#4682B4,0
3,12,1.5,0,3.3517,0.849219,1,All,#4682B4,0
4,12,1.5,0,3.3517,1.35447,1,All,#4682B4,0
5,12,1.5,0,3.3517,0.393059,1,All,#4682B4,0
6,12,1.5,0,3.3517,0.824458,1,All,#4682B4,0
7,12,1.5,0,3.3517,0.372015,1,All,#4682B4,0
8,12,1.5,0,3.3517,0.347024,1,All,#4682B4,0
9,12,1.5,0,3.3517,0.22624,1,All,#4682B4,0
10,12,1.5,0,3.3517,1.79151,1,All,#4682B4,0
1,12,2,0,3.3517,0.437577,1,All,#4682B4,0
2,12,2,0,3.3517,0.457502,1,All,#4682B4,0
3,12,2,0,3.3517,2.00982,1,All,#4682B4,0
4,12,2,0,3.3517,0.735094,1,All,#4682B4,0
5,12,2,0,3.3517,1.9441,1,All,#4682B4,0
6,12,2,0,3.3517,0.417147,1,All,#4682B4,0
7,12,2,0,3.3517,1.29473,1,All,#4682B4,0
8,12,2,0,3.3517,0.563993,1,All,#4682B4,0
9,12,2,0,3.3517,0.509447,1,All,#4682B4,0
10,12,2,0,3.3517,0.21547,1,All,#4682B4,0
1,12,2.5,0,3.3517,1.0973,1,All,#4682B4,0
2,12,2.5,0,3.3517,0.0285786,1,All,#4682B4,0
3,12,2.5,0,3.3517,0.345008,1,All,#4682B4,0
4,12,2.5,0,3.3517,0.107594,1,All,#4682B4,0
5,12,2.5,0,3.3517,2.37553,1,All,#4682B4,0
6,12,2.5,0,3.3517,0.00378747,1,All,#4682B4,0
7,12,2.5,0,3.3517,0.392709,1,All,#4682B4,0
8,12,2.5,0,3.3517,1.7555,1,All,#4682B4,0
9,12,2.5,0,3.3517,1.66822,1,All,#4682B4,0
10,12,2.5,0,3.3517,0.174659,1,All,#4682B4,0
1,12,3,0,3.3517,0.979441,1,All,#4682B4,0
2,12,3,0,3.3517,0.856511,1,All,#4682B4,0
3,12,3,0,3.3517,0.987573,1,All,#4682B4,0
4,12,3,0,3.3517,0.371258,1,All,#4682B4,0
5,12,3,0,3.3517,0.231079,1,All,#4682B4,0
6,12,3,0,3.3517,0.588306,1,All,#4682B4,0
7,12,3,0,3.3517,0.447898,1,All,#4682B4,0
8,12,3,0,3.3517,0.921046,1,All,#4682B4,0
9,12,3,0,3.3517,0.10734,1,All,#4682B4,0
10,12,3,0,3.3517,1.12967,1,All,#4682B4,0
1,12,3.5,0,3.3517,0.0468027,1,All,#4682B4,0
2,12,3.5,0,3.3517,0.275717,1,All,#4682B4,0
3,12,3.5,0,3.3517,0.778256,1,All,#4682B4,0
4,12,3.5,0,3.3517,0.488307,1,All,#4682B4,0
5,12,3.5,0,3.3517,0.0851092,1,All,#4682B4,0
6,12,3.5,0,3.3517,2.1028,1,All,#4682B4,0
7,12,3.5,0,3.3517,0.87097,1,All,#4682B4,0
8,12,3.5,0,3.3517,2.71889,1,All,#4682B4,0
9,12,3.5,0,3.3517,0.232265,1,All,#4682B4,0
10,12,3.5,0,3.3517,0.291144,1,All,#4682B4,0
1,12,4,0,3.3517,0.466386,1,All,#4682B4,0
2,12,4,0,3.3517,1.44377,1,All,#4682B4,0
3,12,4,0,3.3517,0.593001,1,All,#4682B4,0
4,12,4,0,3.3517,0.308518,1,All,#4682B4,0
5,12,4,0,3.3517,0.850814,1,All,#4682B4,0
6,12,4,0,3.3517,1.55286,1,All,#4682B4,0
7,12,4,0,3.3517,0.465537,1,All,#4682B4,0
8,12,4,0,3.3517,0.44776,1,All,#4682B4,0
9,12,4,0,3.3517,1.3593,1,All,#4682B4,0
10,12,4,0,3.3517,0.790438,1,All,#4682B4,0
1,12,4.5,3.46239,0.256527,0.256527,0,All,#4682B4,0
2,12,4.5,4.4007,-0.79178,-0.79178,0,All,#4682B4,0
3,12,4.5,2.4822,1.35163,1.35163,0,All,#4682B4,0
4,12,4.5,3.4899,0.225798,0.225798,0,All,#4682B4,0
5,12,4.5,4.47593,-0.875832,-0.875832,0,All,#4682B4,0
6,12,4.5,2.96573,0.811416,0.811416,0,All,#4682B4,0
7,12,4.5,3.68785,0.00463873,0.00463873,0,All,#4682B4,0
8,12,4.5,3.30652,0.430666,0.430666,0,All,#4682B4,0
9,12,4.5,3.78471,-0.103584,-0.103584,0,All,#4682B4,0
10,12,4.5,3.30558,0.43172,0.43172,0,All,#4682B4,0
1,12,5,5.63577,-2.94477,-3.01651,1,All,#4682B4,0
2,12,5,5.76799,-3.0925,-3.26602,1,All,#4682B4,0
3,12,5,5.11326,-2.36101,-3.41981,1,All,#4682B4,0
4,12,5,5.52101,-2.81656,-3.07271,1,All,#4682B4,0
5,12,5,5.87262,-3.20939,-3.54322,1,All,#4682B4,0
6,12,5,5.70709,-3.02445,-3.08624,1,All,#4682B4,0
7,12,5,5.47022,-2.75982,-3.33047,1,All,#4682B4,0
8,12,5,5.52632,-2.82249,-2.9368,1,All,#4682B4,0
9,12,5,5.45171,-2.73913,-3.32483,1,All,#4682B4,0
10,12,5,5.56223,-2.86261,-2.9711,1,All,#4682B4,0
1,12,5.5,6.3412,2.40742,2.40742,0,All,#4682B4,0
2,12,5.5,6.34751,2.40037,2.40037,0,All,#4682B4,0
3,12,5.5,5.92953,2.86735,2.86735,0,All,#4682B4,0
4,12,5.5,6.26062,2.49744,2.49744,0,All,#4682B4,0
5,12,5.5,6.38627,2.35706,2.35706,0,All,#4682B4,0
6,12,5.5,6.48017,2.25216,2.25216,0,All,#4682B4,0
7,12,5.5,6.11672,2.65821,2.65821,0,All,#4682B4,0
8,12,5.5,6.26887,2.48823,2.48823,0,All,#4682B4,0
9,12,5.5,6.12877,2.64475,2.64475,0,All,#4682B4,0
10,12,5.5,6.26608,2.49134,2.49134,0,All,#4682B4,0
1,12,6,6.66052,0.326772,0.326772,0,All,#4682B4,0
2,12,6,6.59837,0.396207,0.396207,0,All,#4682B4,0
3,12,6,6.29929,0.730351,0.730351,0,All,#4682B4,0
4,12,6,6.61135,0.381708,0.381708,0,All,#4682B4,0
5,12,6,6.57271,0.424872,0.424872,0,All,#4682B4,0
6,12,6,6.80605,0.164181,0.164181,0,All,#4682B4,0
7,12,6,6.40391,0.613461,0.613461,0,All,#4682B4,0
8,12,6,6.5969,0.39785,0.39785,0,All,#4682B4,0
9,12,6,6.45881,0.552131,0.552131,0,All,#4682B4,0
10,12,6,6.55506,0.444588,0.444588,0,All,#4682B4,0
1,12,6.5,6.77001,-2.56071,-2.56071,0,All,#4682B4,0
2,12,6.5,6.61925,-2.39228,-2.39228,0,All,#4682B4,0
3,12,6.5,6.41788,-2.1673,-2.1673,0,All,#4682B4,0
4,12,6.5,6.74077,-2.52804,-2.52804,0,All,#4682B4,0
5,12,6.5,6.55029,-2.31523,-2.31523,0,All,#4682B4,0
6,12,6.5,6.89884,-2.70464,-2.70464,0,All,#4682B4,0
7,12,6.5,6.48209,-2.23903,-2.23903,0,All,#4682B4,0
8,12,6.5,6.69501,-2.47692,-2.47692,0,All,#4682B4,0
9,12,6.5,6.57699,-2.34506,-2.34506,0,All,#4682B4,0
10,12,6.5,6.6166,-2.38932,-2.38932,0,All,#4682B4,0
1,12,7,6.71908,0.144034,0.144034,0,All,#4682B4,0
2,12,7,6.44212,0.453466,0.453466,0,All,#4682B4,0
3,12,7,6.34044,0.567065,0.567065,0,All,#4682B4,0
4,12,7,6.6929,0.173283,0.173283,0,All,#4682B4,0
5,12,7,6.34576,0.561118,0.561118,0,All,#4682B4,0
6,12,7,6.81486,0.0370214,0.0370214,0,All,#4682B4,0
7,12,7,6.39315,0.508175,0.508175,0,All,#4682B4,0
8,12,7,6.61186,0.263822,0.263822,0,All,#4682B4,0
9,12,7,6.52153,0.364744,0.364744,0,All,#4682B4,0
10,12,7,6.50539,0.38277,0.38277,0,All,#4682B4,0
1,12,7.5,6.53255,0.107753,0.107753,0,All,#4682B4,0
2,12,7.5,6.1004,0.590569,0.590569,0,All,#4682B4,0
3,12,7.5,6.10782,0.582284,0.582284,0,All,#4682B4,0
4,12,7.5,6.49314,0.151784,0.151784,0,All,#4682B4,0
5,12,7.5,5.99261,0.710997,0.710997,0,All,#4682B4,0
6,12,7.5,6.57735,0.0577095,0.0577095,0,All,#4682B4,0
7,12,7.5,6.15985,0.524151,0.524151,0,All,#4682B4,0
8,12,7.5,6.37455,0.284286,0.284286,0,All,#4682B4,0
9,12,7.5,6.31298,0.353073,0.353073,0,All,#4682B4,0
10,12,7.5,6.24801,0.425651,0.425651,0,All,#4682B4,0
1,12,8,6.23687,0.359898,0.359898,0,All,#4682B4,0
2,12,8,5.63151,1.03622,1.03622,0,All,#4682B4,0
3,12,8,5.75285,0.900664,0.900664,0,All,#4682B4,0
4,12,8,6.17029,0.43428,0.43428,0,All,#4682B4,0
5,12,8,5.52673,1.15328,1.15328,0,All,#4682B4,0
6,12,8,6.20813,0.392002,0.392002,0,All,#4682B4,0
7,12,8,5.8074,0.83971,0.83971,0,All,#4682B4,0
8,12,8,6.01188,0.611256,0.611256,0,All,#4682B4,0
9,12,8,5.9757,0.651682,0.651682,0,All,#4682B4,0
10,12,8,5.87787,0.760984,0.760984,0,All,#4682B4,0
1,12,8.5,5.8579,-0.974115,-0.974115,0,All,#4682B4,0
2,12,8.5,5.08154,-0.106741,-0.106741,0,All,#4682B4,0
3,12,8.5,5.31091,-0.362999,-0.362999,0,All,#4682B4,0
4,12,8.5,5.75327,-0.857221,-0.857221,0,All,#4682B4,0
5,12,8.5,4.99855,-0.0140239,-0.0140239,0,All,#4682B4,0
6,12,8.5,5.7437,-0.846527,-0.846527,0,All,#4682B4,0
7,12,8.5,5.36516,-0.423613,-0.423613,0,All,#4682B4,0
8,12,8.5,5.55379,-0.634358,-0.634358,0,All,#4682B4,0
9,12,8.5,5.54167,-0.62081,-0.62081,0,All,#4682B4,0
10,12,8.5,5.4357,-0.502422,-0.502422,0,All,#4682B4,0
1,12,9,5.41905,1.82216,1.82216,0,All,#4682B4,0
2,12,9,4.52282,2.82345,2.82345,0,All,#4682B4,0
3,12,9,4.81749,2.49424,2.49424,0,All,#4682B4,0
4,12,9,5.26624,1.99288,1.99288,0,All,#4682B4,0
5,12,9,4.47205,2.88018,2.88018,0,All,#4682B4,0
6,12,9,5.2177,2.04711,2.04711,0,All,#4682B4,0
7,12,9,4.86708,2.43884,2.43884,0,All,#4682B4,0
8,12,9,5.0353,2.2509,2.2509,0,All,#4682B4,0
9,12,9,5.04993,2.23455,2.23455,0,All,#4682B4,0
10,12,9,4.95255,2.34334,2.34334,0,All,#4682B4,0
1,12,9.5,4.94248,0.170399,0.170399,0,All,#4682B4,0
2,12,9.5,4.03128,1.18843,1.18843,0,All,#4682B4,0
3,12,9.5,4.31261,0.874113,0.874113,0,All,#4682B4,0
4,12,9.5,4.73957,0.397094,0.397094,0,All,#4682B4,0
5,12,9.5,4.01647,1.20497,1.20497,0,All,#4682B4,0
6,12,9.5,4.67318,0.471268,0.471268,0,All,#4682B4,0
7,12,9.5,4.35556,0.826127,0.826127,0,All,#4682B4,0
8,12,9.5,4.49839,0.666558,0.666558,0,All,#4682B4,0
9,12,9.5,4.54193,0.617904,0.617904,0,All,#4682B4,0
10,12,9.5,4.47769,0.689685,0.689685,0,All,#4682B4,0
1,12,10,4.45047,-0.747958,-0.747958,0,All,#4682B4,0
2,12,10,3.65219,0.143915,0.143915,0,All,#4682B4,0
3,12,10,3.84935,-0.0763595,-0.0763595,0,All,#4682B4,0
4,12,10,4.21265,-0.482251,-0.482251,0,All,#4682B4,0
5,12,10,3.66837,0.125837,0.125837,0,All,#4682B4,0
6,12,10,4.16103,-0.424586,-0.424586,0,All,#4682B4,0
7,12,10,3.88282,-0.113761,-0.113761,0,All,#4682B4,0
8,12,10,3.99272,-0.236536,-0.236536,0,All,#4682B4,0
9,12,10,4.06468,-0.316939,-0.316939,0,All,#4682B4,0
10,12,10,4.04225,-0.291872,-0.291872,0,All,#4682B4,0
1,12,10.5,3.97108,-0.422402,-0.422402,0,All,#4682B4,0
2,12,10.5,3.39173,0.224861,0.224861,0,All,#4682B4,0
3,12,10.5,3.48283,0.123091,0.123091,0,All,#4682B4,0
4,12,10.5,3.74106,-0.165413,-0.165413,0,All,#4682B4,0
5,12,10.5,3.42414,0.188653,0.188653,0,All,#4682B4,0
6,12,10.5,3.72729,-0.150031,-0.150031,0,All,#4682B4,0
7,12,10.5,3.49808,0.106053,0.106053,0,All,#4682B4,0
8,12,10.5,3.56181,0.0348462,0.0348462,0,All,#4682B4,0
9,12,10.5,3.66043,-0.0753351,-0.0753351,0,All,#4682B4,0
10,12,10.5,3.66531,-0.0807844,-0.0807844,0,All,#4682B4,0
1,12,11,3.55465,0.434998,0.434998,0,All,#4682B4,0
2,12,11,3.22778,0.800187,0.800187,0,All,#4682B4,0
3,12,11,3.23355,0.793734,0.793734,0,All,#4682B4,0
4,12,11,3.37529,0.635387,0.635387,0,All,#4682B4,0
5,12,11,3.26152,0.762489,0.762489,0,All,#4682B4,0
6,12,11,3.3985,0.609448,0.609448,0,All,#4682B4,0
7,12,11,3.22244,0.806151,0.806151,0,All,#4682B4,0
8,12,11,3.23543,0.791635,0.791635,0,All,#4682B4,0
9,12,11,3.35242,0.660928,0.660928,0,All,#4682B4,0
10,12,11,3.3571,0.655707,0.655707,0,All,#4682B4,0
1,12,11.5,3.24463,-0.273311,-0.481061,1,All,#4682B4,0
2,12,11.5,3.13004,-0.145285,-0.331004,1,All,#4682B4,0
3,12,11.5,3.0835,-0.0932837,-1.03764,1,All,#4682B4,0
4,12,11.5,3.12877,-0.14387,-0.688687,1,All,#4682B4,0
5,12,11.5,3.15152,-0.169283,-1.09386,1,All,#4682B4,0
6,12,11.5,3.16945,-0.18931,-1.37351,1,All,#4682B4,0
7,12,11.5,3.04489,-0.0501521,-0.842924,1,All,#4682B4,0
8,12,11.5,3.01453,-0.0162381,-0.2322,1,All,#4682B4,0
9,12,11.5,3.13983,-0.15622,-1.43952,1,All,#4682B4,0
10,12,11.5,3.11397,-0.12733,-1.58537,1,All,#4682B4,0
1,12,12,3.04657,1.07638,1.07638,0,All,#4682B4,0
2,12,12,3.07174,1.04826,1.04826,0,All,#4682B4,0
3,12,12,3.00219,1.12596,1.12596,0,All,#4682B4,0
4,12,12,2.97536,1.15593,1.15593,0,All,#4682B4,0
5,12,12,3.07238,1.04754,1.04754,0,All,#4682B4,0
6,12,12,3.01809,1.1082,1.1082,0,All,#4682B4,0
7,12,12,2.94072,1.19464,1.19464,0,All,#4682B4,0
8,12,12,2.87794,1.26478,1.26478,0,All,#4682B4,0
9,12,12,3.00222,1.12592,1.12592,0,All,#4682B4,0
10,12,12,2.92652,1.21051,1.21051,0,All,#4682B4,0
1,12,12.5,2.93628,0.0711938,-1.52029,1,All,#4682B4,0
2,12,12.5,3.0368,-0.0411151,-1.40831,1,All,#4682B4,0
3,12,12.5,2.96615,0.0378151,-1.14172,1,All,#4682B4,0
4,12,12.5,2.89021,0.122658,-0.676142,1,All,#4682B4,0
5,12,12.5,3.00872,-0.009744,-0.43056,1,All,#4682B4,0
6,12,12.5,2.91946,0.0899843,-0.968359,1,All,#4682B4,0
7,12,12.5,2.87968,0.134425,-0.242167,1,All,#4682B4,0
8,12,12.5,2.80035,0.223054,-0.438189,1,All,#4682B4,0
9,12,12.5,2.91743,0.0922488,-1.14673,1,All,#4682B4,0
10,12,12.5,2.78185,0.243727,-1.63316,1,All,#4682B4,0
1,12,13,2.88434,0.129217,-0.659627,1,All,#4682B4,0
2,12,13,3.00978,-0.010932,-1.2389,1,All,#4682B4,0
3,12,13,2.95138,0.0543205,0.0230108,1,All,#4682B4,0
4,12,13,2.84817,0.169627,-1.33714,1,All,#4682B4,0
5,12,13,2.95517,0.0500802,-2.41133,1,All,#4682B4,0
6,12,13,2.85427,0.162813,-1.29041,1,All,#4682B4,0
7,12,13,2.84518,0.172975,-1.33874,1,All,#4682B4,0
8,12,13,2.75978,0.268381,-0.748326,1,All,#4682B4,0
9,12,13,2.8689,0.146469,-0.155816,1,All,#4682B4,0
10,12,13,2.6682,0.370697,-0.678811,1,All,#4682B4,0
1,12,13.5,2.86761,0.147908,-0.307041,1,All,#4682B4,0
2,12,13.5,2.99231,0.00858806,-1.92255,1,All,#4682B4,0
3,12,13.5,2.94715,0.059046,-1.19046,1,All,#4682B4,0
4,12,13.5,2.83256,0.187068,-0.47296,1,All,#4682B4,0
5,12,13.5,2.90445,0.106754,-1.33829,1,All,#4682B4,0
6,12,13.5,2.8079,0.214625,-0.873372,1,All,#4682B4,0
7,12,13.5,2.82703,0.193252,-1.74216,1,All,#4682B4,0
8,12,13.5,2.73941,0.291144,-1.04838,1,All,#4682B4,0
9,12,13.5,2.84114,0.177483,-1.8742,1,All,#4682B4,0
10,12,13.5,2.57502,0.474806,-0.0902173,1,All,#4682B4,0
1,12,14,2.86713,0.148451,-0.752237,1,All,#4682B4,0
2,12,14,2.97176,0.0315545,-1.12472,1,All,#4682B4,0
3,12,14,2.95402,0.0513734,-0.377402,1,All,#4682B4,0
4,12,14,2.8286,0.191497,-0.886203,1,All,#4682B4,0
5,12,14,2.85511,0.161881,-1.50653,1,All,#4682B4,0
6,12,14,2.77218,0.254527,-0.130944,1,All,#4682B4,0
7,12,14,2.8183,0.203001,-2.3207,1,All,#4682B4,0
8,12,14,2.72958,0.302119,-0.897352,1,All,#4682B4,0
9,12,14,2.82582,0.194597,-1.2719,1,All,#4682B4,0
10,12,14,2.49598,0.563103,0.395868,1,All,#4682B4,0
1,12,14.5,2.87818,0.136099,-0.196703,1,All,#4682B4,0
2,12,14.5,2.95237,0.0532108,-1.31023,1,All,#4682B4,0
3,12,14.5,2.96256,0.0418334,-1.028,1,All,#4682B4,0
4,12,14.5,2.83164,0.188101,-1.71384,1,All,#4682B4,0
5,12,14.5,2.80694,0.215689,0.145691,1,All,#4682B4,0
6,12,14.5,2.74159,0.288708,-1.62433,1,All,#4682B4,0
7,12,14.5,2.81122,0.210914,-0.81413,1,All,#4682B4,0
8,12,14.5,2.72728,0.304692,-0.0468444,1,All,#4682B4,0
9,12,14.5,2.81546,0.206176,-0.222839,1,All,#4682B4,0
10,12,14.5,2.42638,0.640864,-0.900239,1,All,#4682B4,0
1,12,15,2.89479,0.691804,0.691804,0,All,#4682B4,0
2,12,15,2.93156,0.650721,0.650721,0,All,#4682B4,0
3,12,15,2.96933,0.608527,0.608527,0,All,#4682B4,0
4,12,15,2.83579,0.757719,0.757719,0,All,#4682B4,0
5,12,15,2.75643,0.846382,0.846382,0,All,#4682B4,0
6,12,15,2.71337,0.894491,0.894491,0,All,#4682B4,0
7,12,15,2.80504,0.792071,0.792071,0,All,#4682B4,0
8,12,15,2.73038,0.875491,0.875491,0,All,#4682B4,0
9,12,15,2.80805,0.788712,0.788712,0,All,#4682B4,0
10,12,15,2.36174,1.28734,1.28734,0,All,#4682B4,0
1,12,15.5,2.91235,0.097922,0.0240298,1,All,#4682B4,0
2,12,15.5,2.91174,0.0986106,-1.72245,1,All,#4682B4,0
3,12,15.5,2.97562,0.0272373,-0.927887,1,All,#4682B4,0
4,12,15.5,2.84182,0.176721,-1.86512,1,All,#4682B4,0
5,12,15.5,2.70557,0.328945,-0.719971,1,All,#4682B4,0
6,12,15.5,2.68594,0.350884,-0.403413,1,All,#4682B4,0
7,12,15.5,2.79817,0.225491,0.0320419,1,All,#4682B4,0
8,12,15.5,2.72639,0.305681,-0.189429,1,All,#4682B4,0
9,12,15.5,2.80141,0.22187,-0.829119,1,All,#4682B4,0
10,12,15.5,2.30093,0.781024,-0.256651,1,All,#4682B4,0
1,12,16,2.92995,0.717322,0.717322,0,All,#4682B4,0
2,12,16,2.88843,0.763707,0.763707,0,All,#4682B4,0
3,12,16,2.98087,0.660427,0.660427,0,All,#4682B4,0
4,12,16,2.84884,0.807941,0.807941,0,All,#4682B4,0
5,12,16,2.6528,1.02696,1.02696,0,All,#4682B4,0
6,12,16,2.65797,1.02119,1.02119,0,All,#4682B4,0
7,12,16,2.79016,0.873501,0.873501,0,All,#4682B4,0
8,12,16,2.72803,0.942914,0.942914,0,All,#4682B4,0
9,12,16,2.79418,0.869012,0.869012,0,All,#4682B4,0
10,12,16,2.24209,1.48582,1.48582,0,All,#4682B4,0
1,12,16.5,2.94434,0.0621876,-0.313765,1,All,#4682B4,0
2,12,16.5,2.86344,0.152565,0.0301897,1,All,#4682B4,0
3,12,16.5,2.98364,0.0182821,-0.563411,1,All,#4682B4,0
4,12,16.5,2.85314,0.164078,-0.762404,1,All,#4682B4,0
5,12,16.5,2.59862,0.44844,-0.467387,1,All,#4682B4,0
6,12,16.5,2.62952,0.413914,-1.11216,1,All,#4682B4,0
7,12,16.5,2.78086,0.244831,0.0951182,1,All,#4682B4,0
8,12,16.5,2.72497,0.307274,-0.535661,1,All,#4682B4,0
9,12,16.5,2.78558,0.239554,-0.828801,1,All,#4682B4,0
10,12,16.5,2.1838,0.911881,0.202296,1,All,#4682B4,0
1,12,17,2.9593,0.560514,0.560514,0,All,#4682B4,0
2,12,17,2.83612,0.698132,0.698132,0,All,#4682B4,0
3,12,17,2.98497,0.531837,0.531837,0,All,#4682B4,0
4,12,17,2.85308,0.679184,0.679184,0,All,#4682B4,0
5,12,17,2.5428,1.02584,1.02584,0,All,#4682B4,0
6,12,17,2.60003,0.961901,0.961901,0,All,#4682B4,0
7,12,17,2.76988,0.772143,0.772143,0,All,#4682B4,0
8,12,17,2.72418,0.8232,0.8232,0,All,#4682B4,0
9,12,17,2.77545,0.765921,0.765921,0,All,#4682B4,0
10,12,17,2.12528,1.49231,1.49231,0,All,#4682B4,0
1,12,17.5,2.97171,0.0316054,-0.0122507,1,All,#4682B4,0
2,12,17.5,2.80674,0.215922,-0.3388,1,All,#4682B4,0
3,12,17.5,2.98417,0.0176815,-0.250012,1,All,#4682B4,0
4,12,17.5,2.85085,0.166638,-0.259096,1,All,#4682B4,0
5,12,17.5,2.48539,0.574943,-1.02041,1,All,#4682B4,0
6,12,17.5,2.56932,0.481174,-0.00191453,1,All,#4682B4,0
7,12,17.5,2.75728,0.271171,-0.0498294,1,All,#4682B4,0
8,12,17.5,2.7196,0.31327,-0.352164,1,All,#4682B4,0
9,12,17.5,2.76398,0.263689,-1.13162,1,All,#4682B4,0
10,12,17.5,2.06648,1.04296,-0.0236968,1,All,#4682B4,0
1,12,18,2.98246,0.0195949,-0.137145,1,All,#4682B4,0
2,12,18,2.77509,0.251277,-0.692409,1,All,#4682B4,0
3,12,18,2.98135,0.0208314,-0.622398,1,All,#4682B4,0
4,12,18,2.85053,0.166988,-2.6521,1,All,#4682B4,0
5,12,18,2.42631,0.640946,-0.260323,1,All,#4682B4,0
6,12,18,2.53547,0.518991,-1.46377,1,All,#4682B4,0
7,12,18,2.74202,0.288224,-0.487206,1,All,#4682B4,0
8,12,18,2.7127,0.320977,-0.370807,1,All,#4682B4,0
9,12,18,2.75052,0.278729,-0.817626,1,All,#4682B4,0
10,12,18,2.00683,1.1096,0.00449196,1,All,#4682B4,0
1,13,1,0,3.49583,3.49583,0,All,#4682B4,0
2,13,1,0,3.49583,3.49583,0,All,#4682B4,0
3,13,1,0,3.49583,3.49583,0,All,#4682B4,0
4,13,1,0,3.49583,3.49583,0,All,#4682B4,0
5,13,1,0,3.49583,3.49583,0,All,#4682B4,0
6,13,1,0,3.49583,3.49583,0,All,#4682B4,0
7,13,1,1.18221,2.17502,2.17502,0,All,#4682B4,0
8,13,1,0,3.49583,3.49583,0,All,#4682B4,0
9,13,1,0,3.49583,3.49583,0,All,#4682B4,0
10,13,1,0,3.49583,3.49583,0,All,#4682B4,0
1,13,1.5,1.43411,1.74946,-0.361101,1,All,#4682B4,0
2,13,1.5,0,3.3517,0.510429,1,All,#4682B4,0
3,13,1.5,2.09048,1.01614,-0.736393,1,All,#4682B4,0
4,13,1.5,3.12554,-0.140256,-0.666977,1,All,#4682B4,0
5,13,1.5,2.43661,0.62944,-2.09506,1,All,#4682B4,0
6,13,1.5,0,3.3517,0.315548,1,All,#4682B4,0
7,13,1.5,3.66555,-0.743574,-0.89467,1,All,#4682B4,0
8,13,1.5,1.93374,1.19126,-0.676946,1,All,#4682B4,0
9,13,1.5,0,3.3517,1.84871,1,All,#4682B4,0
10,13,1.5,2.59756,0.449617,0.0847614,1,All,#4682B4,0
1,13,2,4.3584,1.02405,1.02405,0,All,#4682B4,0
2,13,2,3.6612,1.80299,1.80299,0,All,#4682B4,0
3,13,2,5.43425,-0.177924,-0.177924,0,All,#4682B4,0
4,13,2,5.96209,-0.767635,-0.767635,0,All,#4682B4,0
5,13,2,4.96329,0.348253,0.348253,0,All,#4682B4,0
6,13,2,3.98142,1.44523,1.44523,0,All,#4682B4,0
7,13,2,5.24027,0.0387998,0.0387998,0,All,#4682B4,0
8,13,2,4.95246,0.36035,0.36035,0,All,#4682B4,0
9,13,2,3.37529,2.12242,2.12242,0,All,#4682B4,0
10,13,2,5.19388,0.0906311,0.0906311,0,All,#4682B4,0
1,13,2.5,5.80436,-1.49415,-1.49415,0,All,#4682B4,0
2,13,2.5,5.50021,-1.15433,-1.15433,0,All,#4682B4,0
3,13,2.5,6.73954,-2.53896,-2.53896,0,All,#4682B4,0
4,13,2.5,7.16689,-3.01641,-3.01641,0,All,#4682B4,0
5,13,2.5,6.28876,-2.03533,-2.03533,0,All,#4682B4,0
6,13,2.5,5.93073,-1.63533,-1.63533,0,All,#4682B4,0
7,13,2.5,6.34406,-2.09712,-2.09712,0,All,#4682B4,0
8,13,2.5,6.13848,-1.86744,-1.86744,0,All,#4682B4,0
9,13,2.5,5.54599,-1.20548,-1.20548,0,All,#4682B4,0
10,13,2.5,6.43515,-2.19889,-2.19889,0,All,#4682B4,0
1,13,3,6.68165,0.183622,0.183622,0,All,#4682B4,0
2,13,3,6.62422,0.247781,0.247781,0,All,#4682B4,0
3,13,3,7.44788,-0.672437,-0.672437,0,All,#4682B4,0
4,13,3,7.84245,-1.11326,-1.11326,0,All,#4682B4,0
5,13,3,7.10896,-0.293786,-0.293786,0,All,#4682B4,0
6,13,3,6.87066,-0.0275463,-0.0275463,0,All,#4682B4,0
7,13,3,7.1549,-0.345111,-0.345111,0,All,#4682B4,0
8,13,3,6.79996,0.0514368,0.0514368,0,All,#4682B4,0
9,13,3,6.71929,0.141568,0.141568,0,All,#4682B4,0
10,13,3,7.16616,-0.357696,-0.357696,0,All,#4682B4,0
1,13,3.5,7.25206,0.0602632,0.0602632,0,All,#4682B4,0
2,13,3.5,7.3743,-0.0763039,-0.0763039,0,All,#4682B4,0
3,13,3.5,7.85878,-0.61758,-0.61758,0,All,#4682B4,0
4,13,3.5,8.22041,-1.02161,-1.02161,0,All,#4682B4,0
5,13,3.5,7.63421,-0.366685,-0.366685,0,All,#4682B4,0
6,13,3.5,7.40981,-0.115977,-0.115977,0,All,#4682B4,0
7,13,3.5,7.74594,-0.491521,-0.491521,0,All,#4682B4,0
8,13,3.5,7.20022,0.118184,0.118184,0,All,#4682B4,0
9,13,3.5,7.44099,-0.150812,-0.150812,0,All,#4682B4,0
10,13,3.5,7.6137,-0.343774,-0.343774,0,All,#4682B4,0
1,13,4,7.591,0.970875,0.970875,0,All,#4682B4,0
2,13,4,7.85817,0.672383,0.672383,0,All,#4682B4,0
3,13,4,8.05936,0.447609,0.447609,0,All,#4682B4,0
4,13,4,8.34989,0.123024,0.123024,0,All,#4682B4,0
5,13,4,7.91807,0.605465,0.605465,0,All,#4682B4,0
6,13,4,7.69524,0.854418,0.854418,0,All,#4682B4,0
7,13,4,8.12906,0.369738,0.369738,0,All,#4682B4,0
8,13,4,7.41129,1.17165,1.17165,0,All,#4682B4,0
9,13,4,7.84292,0.689421,0.689421,0,All,#4682B4,0
10,13,4,7.83696,0.69608,0.69608,0,All,#4682B4,0
1,13,4.5,7.70048,0.771473,0.771473,0,All,#4682B4,0
2,13,4.5,8.07263,0.355696,0.355696,0,All,#4682B4,0
3,13,4.5,8.07012,0.358495,0.358495,0,All,#4682B4,0
4,13,4.5,8.2596,0.146809,0.146809,0,All,#4682B4,0
5,13,4.5,7.95794,0.48383,0.48383,0,All,#4682B4,0
6,13,4.5,7.7627,0.701961,0.701961,0,All,#4682B4,0
7,13,4.5,8.24815,0.159601,0.159601,0,All,#4682B4,0
8,13,4.5,7.45745,1.043,1.043,0,All,#4682B4,0
9,13,4.5,7.92383,0.521937,0.521937,0,All,#4682B4,0
10,13,4.5,7.84341,0.611787,0.611787,0,All,#4682B4,0
1,13,5,7.59484,1.96316,1.96316,0,All,#4682B4,0
2,13,5,8.01082,1.49842,1.49842,0,All,#4682B4,0
3,13,5,7.915,1.60547,1.60547,0,All,#4682B4,0
4,13,5,8.02214,1.48576,1.48576,0,All,#4682B4,0
5,13,5,7.78496,1.75076,1.75076,0,All,#4682B4,0
6,13,5,7.62665,1.92762,1.92762,0,All,#4682B4,0
7,13,5,8.11259,1.38471,1.38471,0,All,#4682B4,0
8,13,5,7.37473,2.20908,2.20908,0,All,#4682B4,0
9,13,5,7.73794,1.80328,1.80328,0,All,#4682B4,0
10,13,5,7.66598,1.88368,1.88368,0,All,#4682B4,0
1,13,5.5,7.35686,0.312986,0.312986,0,All,#4682B4,0
2,13,5.5,7.752,-0.128484,-0.128484,0,All,#4682B4,0
3,13,5.5,7.63496,0.00227849,0.00227849,0,All,#4682B4,0
4,13,5.5,7.72037,-0.093145,-0.093145,0,All,#4682B4,0
5,13,5.5,7.48586,0.16886,0.16886,0,All,#4682B4,0
6,13,5.5,7.3627,0.306454,0.306454,0,All,#4682B4,0
7,13,5.5,7.82847,-0.213914,-0.213914,0,All,#4682B4,0
8,13,5.5,7.21803,0.468093,0.468093,0,All,#4682B4,0
9,13,5.5,7.42417,0.237785,0.237785,0,All,#4682B4,0
10,13,5.5,7.37801,0.289353,0.289353,0,All,#4682B4,0
1,13,6,7.06436,0.447612,0.447612,0,All,#4682B4,0
2,13,6,7.41156,0.0597004,0.0597004,0,All,#4682B4,0
3,13,6,7.29631,0.188466,0.188466,0,All,#4682B4,0
4,13,6,7.41056,0.0608239,0.0608239,0,All,#4682B4,0
5,13,6,7.15049,0.351379,0.351379,0,All,#4682B4,0
6,13,6,7.04728,0.466693,0.466693,0,All,#4682B4,0
7,13,6,7.50629,-0.0461321,-0.0461321,0,All,#4682B4,0
8,13,6,7.03496,0.480458,0.480458,0,All,#4682B4,0
9,13,6,7.09242,0.416261,0.416261,0,All,#4682B4,0
10,13,6,7.05419,0.458974,0.458974,0,All,#4682B4,0
1,13,6.5,6.78252,1.08426,1.08426,0,All,#4682B4,0
2,13,6.5,7.07249,0.760293,0.760293,0,All,#4682B4,0
3,13,6.5,6.96293,0.88269,0.88269,0,All,#4682B4,0
4,13,6.5,7.12424,0.702469,0.702469,0,All,#4682B4,0
5,13,6.5,6.84214,1.01764,1.01764,0,All,#4682B4,0
6,13,6.5,6.73872,1.13319,1.13319,0,All,#4682B4,0
7,13,6.5,7.2052,0.61202,0.61202,0,All,#4682B4,0
8,13,6.5,6.85395,1.00444,1.00444,0,All,#4682B4,0
9,13,6.5,6.79275,1.07283,1.07283,0,All,#4682B4,0
10,13,6.5,6.7534,1.11678,1.11678,0,All,#4682B4,0
1,13,7,6.54457,0.684223,0.684223,0,All,#4682B4,0
2,13,7,6.77307,0.428935,0.428935,0,All,#4682B4,0
3,13,7,6.67804,0.535105,0.535105,0,All,#4682B4,0
4,13,7,6.87873,0.310896,0.310896,0,All,#4682B4,0
5,13,7,6.5881,0.6356,0.6356,0,All,#4682B4,0
6,13,7,6.46978,0.767786,0.767786,0,All,#4682B4,0
7,13,7,6.94538,0.236434,0.236434,0,All,#4682B4,0
8,13,7,6.68941,0.522407,0.522407,0,All,#4682B4,0
9,13,7,6.54457,0.68423,0.68423,0,All,#4682B4,0
10,13,7,6.51211,0.720491,0.720491,0,All,#4682B4,0
1,13,7.5,6.35993,-0.952927,-0.952927,0,All,#4682B4,0
2,13,7.5,6.52522,-1.13759,-1.13759,0,All,#4682B4,0
3,13,7.5,6.46183,-1.06677,-1.06677,0,All,#4682B4,0
4,13,7.5,6.68192,-1.31266,-1.31266,0,All,#4682B4,0
5,13,7.5,6.39564,-0.992823,-0.992823,0,All,#4682B4,0
6,13,7.5,6.25504,-0.835734,-0.835734,0,All,#4682B4,0
7,13,7.5,6.73582,-1.37288,-1.37288,0,All,#4682B4,0
8,13,7.5,6.54864,-1.16376,-1.16376,0,All,#4682B4,0
9,13,7.5,6.35348,-0.945715,-0.945715,0,All,#4682B4,0
10,13,7.5,6.32802,-0.91727,-0.91727,0,All,#4682B4,0
1,13,8,6.22814,0.0322482,0.0322482,0,All,#4682B4,0
2,13,8,6.33136,-0.0830767,-0.0830767,0,All,#4682B4,0
3,13,8,6.31583,-0.0657298,-0.0657298,0,All,#4682B4,0
4,13,8,6.53582,-0.311507,-0.311507,0,All,#4682B4,0
5,13,8,6.26281,-0.00648859,-0.00648859,0,All,#4682B4,0
6,13,8,6.09806,0.177579,0.177579,0,All,#4682B4,0
7,13,8,6.57564,-0.355997,-0.355997,0,All,#4682B4,0
8,13,8,6.43512,-0.199004,-0.199004,0,All,#4682B4,0
9,13,8,6.2178,0.0437986,0.0437986,0,All,#4682B4,0
10,13,8,6.1988,0.0650212,0.0650212,0,All,#4682B4,0
1,13,8.5,6.14507,-0.547528,-0.547528,0,All,#4682B4,0
2,13,8.5,6.19027,-0.598018,-0.598018,0,All,#4682B4,0
3,13,8.5,6.23199,-0.644633,-0.644633,0,All,#4682B4,0
4,13,8.5,6.43814,-0.874955,-0.874955,0,All,#4682B4,0
5,13,8.5,6.18298,-0.589877,-0.589877,0,All,#4682B4,0
6,13,8.5,5.99565,-0.38059,-0.38059,0,All,#4682B4,0
7,13,8.5,6.46317,-0.902915,-0.902915,0,All,#4682B4,0
8,13,8.5,6.34971,-0.776153,-0.776153,0,All,#4682B4,0
9,13,8.5,6.13331,-0.534385,-0.534385,0,All,#4682B4,0
10,13,8.5,6.12225,-0.522023,-0.522023,0,All,#4682B4,0
1,13,9,6.10461,-0.795035,-0.795035,0,All,#4682B4,0
2,13,9,6.09805,-0.787705,-0.787705,0,All,#4682B4,0
3,13,9,6.19938,-0.900916,-0.900916,0,All,#4682B4,0
4,13,9,6.38384,-1.107,-1.107,0,All,#4682B4,0
5,13,9,6.14844,-0.844009,-0.844009,0,All,#4682B4,0
6,13,9,5.94099,-0.612236,-0.612236,0,All,#4682B4,0
7,13,9,6.39441,-1.11881,-1.11881,0,All,#4682B4,0
8,13,9,6.29157,-1.00391,-1.00391,0,All,#4682B4,0
9,13,9,6.09363,-0.782765,-0.782765,0,All,#4682B4,0
10,13,9,6.0902,-0.778935,-0.778935,0,All,#4682B4,0
1,13,9.5,6.09988,0.199006,0.199006,0,All,#4682B4,0
2,13,9.5,6.04984,0.254903,0.254903,0,All,#4682B4,0
3,13,9.5,6.20576,0.0807094,0.0807094,0,All,#4682B4,0
4,13,9.5,6.36657,-0.0989574,-0.0989574,0,All,#4682B4,0
5,13,9.5,6.15117,0.141699,0.141699,0,All,#4682B4,0
6,13,9.5,5.92624,0.392997,0.392997,0,All,#4682B4,0
7,13,9.5,6.36481,-0.0969835,-0.0969835,0,All,#4682B4,0
8,13,9.5,6.2586,0.0216727,0.0216727,0,All,#4682B4,0
9,13,9.5,6.0915,0.208361,0.208361,0,All,#4682B4,0
10,13,9.5,6.09428,0.205258,0.205258,0,All,#4682B4,0
1,13,10,6.12367,-1.01519,-1.01519,0,All,#4682B4,0
2,13,10,6.03995,-0.921658,-0.921658,0,All,#4682B4,0
3,13,10,6.24085,-1.14611,-1.14611,0,All,#4682B4,0
4,13,10,6.37957,-1.30109,-1.30109,0,All,#4682B4,0
5,13,10,6.18347,-1.08201,-1.08201,0,All,#4682B4,0
6,13,10,5.94283,-0.81316,-0.81316,0,All,#4682B4,0
7,13,10,6.36966,-1.29003,-1.29003,0,All,#4682B4,0
8,13,10,6.24768,-1.15375,-1.15375,0,All,#4682B4,0
9,13,10,6.12048,-1.01163,-1.01163,0,All,#4682B4,0
10,13,10,6.12647,-1.01833,-1.01833,0,All,#4682B4,0
1,13,10.5,6.1696,-0.181667,-0.181667,0,All,#4682B4,0
2,13,10.5,6.06238,-0.0618705,-0.0618705,0,All,#4682B4,0
3,13,10.5,6.29675,-0.32372,-0.32372,0,All,#4682B4,0
4,13,10.5,6.41644,-0.457437,-0.457437,0,All,#4682B4,0
5,13,10.5,6.23844,-0.258573,-0.258573,0,All,#4682B4,0
6,13,10.5,5.98278,0.0270571,0.0270571,0,All,#4682B4,0
7,13,10.5,6.40344,-0.44292,-0.44292,0,All,#4682B4,0
8,13,10.5,6.25526,-0.27737,-0.27737,0,All,#4682B4,0
9,13,10.5,6.1733,-0.185795,-0.185795,0,All,#4682B4,0
10,13,10.5,6.17976,-0.193009,-0.193009,0,All,#4682B4,0
1,13,11,6.23194,0.396686,0.396686,0,All,#4682B4,0
2,13,11,6.11141,0.531346,0.531346,0,All,#4682B4,0
3,13,11,6.36618,0.246705,0.246705,0,All,#4682B4,0
4,13,11,6.47127,0.129296,0.129296,0,All,#4682B4,0
5,13,11,6.30977,0.30973,0.30973,0,All,#4682B4,0
6,13,11,6.04027,0.610823,0.610823,0,All,#4682B4,0
7,13,11,6.46116,0.140587,0.140587,0,All,#4682B4,0
8,13,11,6.27747,0.345818,0.345818,0,All,#4682B4,0
9,13,11,6.24456,0.382583,0.382583,0,All,#4682B4,0
10,13,11,6.24786,0.3789,0.3789,0,All,#4682B4,0
1,13,11.5,6.30526,1.3605,1.3605,0,All,#4682B4,0
2,13,11.5,6.1814,1.49888,1.49888,0,All,#4682B4,0
3,13,11.5,6.44406,1.20542,1.20542,0,All,#4682B4,0
4,13,11.5,6.53905,1.09931,1.09931,0,All,#4682B4,0
5,13,11.5,6.39246,1.26308,1.26308,0,All,#4682B4,0
6,13,11.5,6.11056,1.57802,1.57802,0,All,#4682B4,0
7,13,11.5,6.53797,1.10051,1.10051,0,All,#4682B4,0
8,13,11.5,6.30832,1.35708,1.35708,0,All,#4682B4,0
9,13,11.5,6.32884,1.33416,1.33416,0,All,#4682B4,0
10,13,11.5,6.32553,1.33785,1.33785,0,All,#4682B4,0
1,13,12,6.37204,0.64348,0.64348,0,All,#4682B4,0
2,13,12,6.25032,0.779468,0.779468,0,All,#4682B4,0
3,13,12,6.52475,0.472864,0.472864,0,All,#4682B4,0
4,13,12,6.60981,0.37784,0.37784,0,All,#4682B4,0
5,13,12,6.47768,0.525455,0.525455,0,All,#4682B4,0
6,13,12,6.17871,0.859472,0.859472,0,All,#4682B4,0
7,13,12,6.62825,0.35724,0.35724,0,All,#4682B4,0
8,13,12,6.30125,0.722571,0.722571,0,All,#4682B4,0
9,13,12,6.41248,0.5983,0.5983,0,All,#4682B4,0
10,13,12,6.4079,0.603416,0.603416,0,All,#4682B4,0
1,13,12.5,6.3183,0.0946342,0.0946342,0,All,#4682B4,0
2,13,12.5,6.22006,0.204385,0.204385,0,All,#4682B4,0
3,13,12.5,6.49974,-0.108079,-0.108079,0,All,#4682B4,0
4,13,12.5,6.55942,-0.174758,-0.174758,0,All,#4682B4,0
5,13,12.5,6.45255,-0.0553554,-0.0553554,0,All,#4682B4,0
6,13,12.5,6.1348,0.299644,0.299644,0,All,#4682B4,0
7,13,12.5,6.64303,-0.268171,-0.268171,0,All,#4682B4,0
8,13,12.5,6.13521,0.299183,0.299183,0,All,#4682B4,0
9,13,12.5,6.39371,0.0103827,0.0103827,0,All,#4682B4,0
10,13,12.5,6.41194,-0.00999274,-0.00999274,0,All,#4682B4,0
1,13,13,6.12137,0.695626,0.695626,0,All,#4682B4,0
2,13,13,6.08072,0.741034,0.741034,0,All,#4682B4,0
3,13,13,6.29527,0.501339,0.501339,0,All,#4682B4,0
4,13,13,6.32294,0.470419,0.470419,0,All,#4682B4,0
5,13,13,6.23364,0.570189,0.570189,0,All,#4682B4,0
6,13,13,5.95082,0.886168,0.886168,0,All,#4682B4,0
7,13,13,6.49565,0.277465,0.277465,0,All,#4682B4,0
8,13,13,5.7844,1.0721,1.0721,0,All,#4682B4,0
9,13,13,6.25703,0.544056,0.544056,0,All,#4682B4,0
10,13,13,6.26994,0.529635,0.529635,0,All,#4682B4,0
1,13,13.5,5.80875,-0.590737,-0.590737,0,All,#4682B4,0
2,13,13.5,5.84415,-0.63029,-0.63029,0,All,#4682B4,0
3,13,13.5,5.96198,-0.761927,-0.761927,0,All,#4682B4,0
4,13,13.5,5.92928,-0.725393,-0.725393,0,All,#4682B4,0
5,13,13.5,5.86394,-0.652396,-0.652396,0,All,#4682B4,0
6,13,13.5,5.65893,-0.423353,-0.423353,0,All,#4682B4,0
7,13,13.5,6.20355,-1.03183,-1.03183,0,All,#4682B4,0
8,13,13.5,5.2979,-0.0199979,-0.0199979,0,All,#4682B4,0
9,13,13.5,6.01963,-0.826343,-0.826343,0,All,#4682B4,0
10,13,13.5,6.00488,-0.809865,-0.809865,0,All,#4682B4,0
1,13,14,5.41452,0.978114,0.978114,0,All,#4682B4,0
2,13,14,5.5313,0.847647,0.847647,0,All,#4682B4,0
3,13,14,5.55216,0.824342,0.824342,0,All,#4682B4,0
4,13,14,5.44315,0.946124,0.946124,0,All,#4682B4,0
5,13,14,5.39334,1.00178,1.00178,0,All,#4682B4,0
6,13,14,5.29175,1.11527,1.11527,0,All,#4682B4,0
7,13,14,5.79511,0.55291,0.55291,0,All,#4682B4,0
8,13,14,4.75523,1.71469,1.71469,0,All,#4682B4,0
9,13,14,5.70693,0.651429,0.651429,0,All,#4682B4,0
10,13,14,5.65783,0.706285,0.706285,0,All,#4682B4,0
1,13,14.5,4.97136,-1.16791,-1.16791,0,All,#4682B4,0
2,13,14.5,5.16342,-1.38248,-1.38248,0,All,#4682B4,0
3,13,14.5,5.09978,-1.31138,-1.31138,0,All,#4682B4,0
4,13,14.5,4.9158,-1.10584,-1.10584,0,All,#4682B4,0
5,13,14.5,4.86206,-1.04579,-1.04579,0,All,#4682B4,0
6,13,14.5,4.88564,-1.07214,-1.07214,0,All,#4682B4,0
7,13,14.5,5.30371,-1.53922,-1.53922,0,All,#4682B4,0
8,13,14.5,4.19822,-0.304139,-0.304139,0,All,#4682B4,0
9,13,14.5,5.34468,-1.585,-1.585,0,All,#4682B4,0
10,13,14.5,5.2561,-1.48604,-1.48604,0,All,#4682B4,0
1,13,15,4.49911,-1.4704,-1.4704,0,All,#4682B4,0
2,13,15,4.75936,-1.76116,-1.76116,0,All,#4682B4,0
3,13,15,4.62606,-1.61224,-1.61224,0,All,#4682B4,0
4,13,15,4.37074,-1.32699,-1.32699,0,All,#4682B4,0
5,13,15,4.29304,-1.24017,-1.24017,0,All,#4682B4,0
6,13,15,4.46644,-1.43391,-1.43391,0,All,#4682B4,0
7,13,15,4.75074,-1.75153,-1.75153,0,All,#4682B4,0
8,13,15,3.64365,-0.514649,-0.514649,0,All,#4682B4,0
9,13,15,4.95289,-1.97738,-1.97738,0,All,#4682B4,0
10,13,15,4.82576,-1.83535,-1.83535,0,All,#4682B4,0
1,13,15.5,4.00778,0.0996829,0.0996829,0,All,#4682B4,0
2,13,15.5,4.32867,-0.258831,-0.258831,0,All,#4682B4,0
3,13,15.5,4.13846,-0.046317,-0.046317,0,All,#4682B4,0
4,13,15.5,3.81847,0.31118,0.31118,0,All,#4682B4,0
5,13,15.5,3.69959,0.443999,0.443999,0,All,#4682B4,0
6,13,15.5,4.03807,0.0658346,0.0658346,0,All,#4682B4,0
7,13,15.5,4.15395,-0.0636263,-0.0636263,0,All,#4682B4,0
8,13,15.5,3.09428,1.12027,1.12027,0,All,#4682B4,0
9,13,15.5,4.5437,-0.499071,-0.499071,0,All,#4682B4,0
10,13,15.5,4.37916,-0.315242,-0.315242,0,All,#4682B4,0
1,13,16,3.50506,-0.564268,-0.8777,1,All,#4682B4,0
2,13,16,3.88173,-0.985103,-2.1123,1,All,#4682B4,0
3,13,16,3.64516,-0.720794,-0.775541,1,All,#4682B4,0
4,13,16,3.26242,-0.293183,-0.381575,1,All,#4682B4,0
5,13,16,3.08956,-0.100058,-1.71925,1,All,#4682B4,0
6,13,16,3.60926,-0.680687,-0.812673,1,All,#4682B4,0
7,13,16,3.52302,-0.584338,-1.29133,1,All,#4682B4,0
8,13,16,2.54972,0.503068,-0.745394,1,All,#4682B4,0
9,13,16,4.12405,-1.25583,-2.34497,1,All,#4682B4,0
10,13,16,3.92392,-1.03223,-1.63622,1,All,#4682B4,0
1,13,16.5,2.99459,0.00604269,-0.835843,1,All,#4682B4,0
2,13,16.5,3.42207,-0.471548,-0.599228,1,All,#4682B4,0
3,13,16.5,3.14771,-0.165023,-1.07637,1,All,#4682B4,0
4,13,16.5,2.70388,0.330832,-0.690917,1,All,#4682B4,0
5,13,16.5,2.46624,0.59633,-0.969684,1,All,#4682B4,0
6,13,16.5,3.18059,-0.20176,-1.25105,1,All,#4682B4,0
7,13,16.5,2.8645,0.151383,-0.275719,1,All,#4682B4,0
8,13,16.5,2.00767,1.10866,0.957466,1,All,#4682B4,0
9,13,16.5,3.69846,-0.780341,-1.06745,1,All,#4682B4,0
10,13,16.5,3.46403,-0.518426,-1.58464,1,All,#4682B4,0
1,13,17,2.47785,0.993391,0.993391,0,All,#4682B4,0
2,13,17,2.95264,0.462936,0.462936,0,All,#4682B4,0
3,13,17,2.6473,0.804075,0.804075,0,All,#4682B4,0
4,13,17,2.14441,1.36592,1.36592,0,All,#4682B4,0
5,13,17,1.83327,1.71353,1.71353,0,All,#4682B4,0
6,13,17,2.75123,0.687964,0.687964,0,All,#4682B4,0
7,13,17,2.18485,1.32074,1.32074,0,All,#4682B4,0
8,13,17,1.46781,2.12184,2.12184,0,All,#4682B4,0
9,13,17,3.26805,0.110553,0.110553,0,All,#4682B4,0
10,13,17,3.00074,0.409196,0.409196,0,All,#4682B4,0
1,13,17.5,1.9564,1.16594,-1.45947,1,All,#4682B4,0
2,13,17.5,2.4748,0.586771,-1.81635,1,All,#4682B4,0
3,13,17.5,2.14443,0.955871,-0.0803472,1,All,#4682B4,0
4,13,17.5,1.58311,1.583,0.221123,1,All,#4682B4,0
5,13,17.5,1.19195,2.02001,-0.729537,1,All,#4682B4,0
6,13,17.5,2.32148,0.758061,-0.798392,1,All,#4682B4,0
7,13,17.5,1.48545,1.69211,-1.42567,1,All,#4682B4,0
8,13,17.5,0.928323,2.31455,-0.573064,1,All,#4682B4,0
9,13,17.5,2.83422,0.185211,-0.301022,1,All,#4682B4,0
10,13,17.5,2.53507,0.519439,-0.0820425,1,All,#4682B4,0
1,13,18,1.43033,1.75368,-0.0591435,1,All,#4682B4,0
2,13,18,1.99069,1.12764,0.542651,1,All,#4682B4,0
3,13,18,1.63966,1.51982,-0.778762,1,All,#4682B4,0
4,13,18,1.02008,2.21203,0.377426,1,All,#4682B4,0
5,13,18,0.542116,2.74603,0.534343,1,All,#4682B4,0
6,13,18,1.89144,1.23852,-0.847039,1,All,#4682B4,0
7,13,18,0.769869,2.49158,1.37048,1,All,#4682B4,0
8,13,18,0.388244,2.91794,0.656679,1,All,#4682B4,0
9,13,18,2.39706,0.673622,0.360255,1,All,#4682B4,0
10,13,18,2.06682,1.04259,-1.45813,1,All,#4682B4,0
1,13,18.5,0.900043,2.34614,-0.310318,1,All,#4682B4,0
2,13,18.5,1.50051,1.67528,-0.744572,1,All,#4682B4,0
3,13,18.5,1.13241,2.08653,1.08543,1,All,#4682B4,0
4,13,18.5,0.454645,2.84376,1.34628,1,All,#4682B4,0
5,13,18.5,0,3.3517,0.907633,1,All,#4682B4,0
6,13,18.5,1.45953,1.72107,1.14228,1,All,#4682B4,0
7,13,18.5,0.0397221,3.30732,0.779909,1,All,#4682B4,0
8,13,18.5,0,3.3517,0.121617,1,All,#4682B4,0
9,13,18.5,1.95682,1.16548,-1.83705,1,All,#4682B4,0
10,13,18.5,1.59613,1.56845,0.225691,1,All,#4682B4,0
1,14,1,0,3.3517,1.62095,1,All,#4682B4,0
2,14,1,0,3.3517,0.85202,1,All,#4682B4,0
3,14,1,0,3.3517,0.29398,1,All,#4682B4,0
4,14,1,0,3.3517,1.25253,1,All,#4682B4,0
5,14,1,0,3.3517,0.574699,1,All,#4682B4,0
6,14,1,0,3.3517,0.507023,1,All,#4682B4,0
7,14,1,0,3.3517,0.084267,1,All,#4682B4,0
8,14,1,0,3.3517,1.02936,1,All,#4682B4,0
9,14,1,0,3.3517,0.510058,1,All,#4682B4,0
10,14,1,0,3.3517,0.380374,1,All,#4682B4,0
1,14,1.5,0,3.3517,0.335826,1,All,#4682B4,0
2,14,1.5,0,3.3517,0.20536,1,All,#4682B4,0
3,14,1.5,0,3.3517,0.580678,1,All,#4682B4,0
4,14,1.5,0,3.3517,0.165508,1,All,#4682B4,0
5,14,1.5,3.09468,-0.105778,-2.26485,1,All,#4682B4,0
6,14,1.5,0,3.3517,0.116193,1,All,#4682B4,0
7,14,1.5,1.60093,1.56309,-0.35687,1,All,#4682B4,0
8,14,1.5,0,3.3517,0.154892,1,All,#4682B4,0
9,14,1.5,0,3.3517,0.0352529,1,All,#4682B4,0
10,14,1.5,1.3247,1.8717,0.164292,1,All,#4682B4,0
1,14,2,5.16819,0.115977,0.115977,0,All,#4682B4,0
2,14,2,5.39724,-0.13992,-0.13992,0,All,#4682B4,0
3,14,2,5.56152,-0.323456,-0.323456,0,All,#4682B4,0
4,14,2,4.90934,0.405174,0.405174,0,All,#4682B4,0
5,14,2,6.06821,-0.889555,-0.889555,0,All,#4682B4,0
6,14,2,4.83392,0.489443,0.489443,0,All,#4682B4,0
7,14,2,5.58217,-0.34653,-0.34653,0,All,#4682B4,0
8,14,2,6.07261,-0.894471,-0.894471,0,All,#4682B4,0
9,14,2,5.80494,-0.59542,-0.59542,0,All,#4682B4,0
10,14,2,4.74351,0.59045,0.59045,0,All,#4682B4,0
1,14,2.5,7.27492,0.433573,0.433573,0,All,#4682B4,0
2,14,2.5,7.36406,0.333989,0.333989,0,All,#4682B4,0
3,14,2.5,7.78776,-0.139387,-0.139387,0,All,#4682B4,0
4,14,2.5,7.00981,0.729769,0.729769,0,All,#4682B4,0
5,14,2.5,7.79124,-0.143278,-0.143278,0,All,#4682B4,0
6,14,2.5,7.40315,0.290308,0.290308,0,All,#4682B4,0
7,14,2.5,7.40098,0.292741,0.292741,0,All,#4682B4,0
8,14,2.5,8.0864,-0.473035,-0.473035,0,All,#4682B4,0
9,14,2.5,8.15815,-0.553198,-0.553198,0,All,#4682B4,0
10,14,2.5,6.86695,0.889377,0.889377,0,All,#4682B4,0
1,14,3,8.3673,0.0577655,0.0577655,0,All,#4682B4,0
2,14,3,8.26044,0.177151,0.177151,0,All,#4682B4,0
3,14,3,8.64833,-0.256219,-0.256219,0,All,#4682B4,0
4,14,3,7.99751,0.470905,0.470905,0,All,#4682B4,0
5,14,3,8.90971,-0.548242,-0.548242,0,All,#4682B4,0
6,14,3,8.49931,-0.0897291,-0.0897291,0,All,#4682B4,0
7,14,3,8.46558,-0.0520354,-0.0520354,0,All,#4682B4,0
8,14,3,8.79344,-0.418334,-0.418334,0,All,#4682B4,0
9,14,3,9.16839,-0.837239,-0.837239,0,All,#4682B4,0
10,14,3,8.31521,0.115958,0.115958,0,All,#4682B4,0
1,14,3.5,8.90695,1.06143,1.06143,0,All,#4682B4,0
2,14,3.5,8.72647,1.26306,1.26306,0,All,#4682B4,0
3,14,3.5,9.03811,0.914893,0.914893,0,All,#4682B4,0
4,14,3.5,8.53514,1.47683,1.47683,0,All,#4682B4,0
5,14,3.5,9.51951,0.377054,0.377054,0,All,#4682B4,0
6,14,3.5,9.00609,0.950671,0.950671,0,All,#4682B4,0
7,14,3.5,8.99018,0.968443,0.968443,0,All,#4682B4,0
8,14,3.5,9.06196,0.888245,0.888245,0,All,#4682B4,0
9,14,3.5,9.29248,0.630698,0.630698,0,All,#4682B4,0
10,14,3.5,9.09242,0.85422,0.85422,0,All,#4682B4,0
1,14,4,8.95244,-0.126742,-0.126742,0,All,#4682B4,0
2,14,4,8.87414,-0.039263,-0.039263,0,All,#4682B4,0
3,14,4,9.11136,-0.304291,-0.304291,0,All,#4682B4,0
4,14,4,8.76007,0.0881839,0.0881839,0,All,#4682B4,0
5,14,4,9.55431,-0.799174,-0.799174,0,All,#4682B4,0
6,14,4,9.06548,-0.25303,-0.25303,0,All,#4682B4,0
7,14,4,8.98157,-0.159281,-0.159281,0,All,#4682B4,0
8,14,4,9.03611,-0.220219,-0.220219,0,All,#4682B4,0
9,14,4,9.01152,-0.192746,-0.192746,0,All,#4682B4,0
10,14,4,9.04073,-0.225383,-0.225383,0,All,#4682B4,0
1,14,4.5,8.67574,0.792405,0.792405,0,All,#4682B4,0
2,14,4.5,8.74095,0.719553,0.719553,0,All,#4682B4,0
3,14,4.5,8.93208,0.506021,0.506021,0,All,#4682B4,0
4,14,4.5,8.70247,0.762546,0.762546,0,All,#4682B4,0
5,14,4.5,9.21749,0.187145,0.187145,0,All,#4682B4,0
6,14,4.5,8.78631,0.668874,0.668874,0,All,#4682B4,0
7,14,4.5,8.68188,0.78555,0.78555,0,All,#4682B4,0
8,14,4.5,8.80054,0.652975,0.652975,0,All,#4682B4,0
9,14,4.5,8.6297,0.843842,0.843842,0,All,#4682B4,0
10,14,4.5,8.61992,0.854777,0.854777,0,All,#4682B4,0
1,14,5,8.27593,0.59668,0.59668,0,All,#4682B4,0
2,14,5,8.4065,0.450803,0.450803,0,All,#4682B4,0
3,14,5,8.58471,0.251699,0.251699,0,All,#4682B4,0
4,14,5,8.43412,0.419949,0.419949,0,All,#4682B4,0
5,14,5,8.74454,0.0731371,0.0731371,0,All,#4682B4,0
6,14,5,8.33455,0.531187,0.531187,0,All,#4682B4,0
7,14,5,8.29208,0.578642,0.578642,0,All,#4682B4,0
8,14,5,8.44599,0.406681,0.406681,0,All,#4682B4,0
9,14,5,8.22145,0.657553,0.657553,0,All,#4682B4,0
10,14,5,8.11002,0.782043,0.782043,0,All,#4682B4,0
1,14,5.5,7.83969,-1.83974,-1.83974,0,All,#4682B4,0
2,14,5.5,7.96156,-1.9759,-1.9759,0,All,#4682B4,0
3,14,5.5,8.14829,-2.18451,-2.18451,0,All,#4682B4,0
4,14,5.5,8.05189,-2.07681,-2.07681,0,All,#4682B4,0
5,14,5.5,8.23379,-2.28004,-2.28004,0,All,#4682B4,0
6,14,5.5,7.81242,-1.80927,-1.80927,0,All,#4682B4,0
7,14,5.5,7.87927,-1.88396,-1.88396,0,All,#4682B4,0
8,14,5.5,8.03667,-2.05981,-2.05981,0,All,#4682B4,0
9,14,5.5,7.80819,-1.80454,-1.80454,0,All,#4682B4,0
10,14,5.5,7.59474,-1.56607,-1.56607,0,All,#4682B4,0
1,14,6,7.39744,1.36142,1.36142,0,All,#4682B4,0
2,14,6,7.46686,1.28385,1.28385,0,All,#4682B4,0
3,14,6,7.67132,1.05543,1.05543,0,All,#4682B4,0
4,14,6,7.62113,1.1115,1.1115,0,All,#4682B4,0
5,14,6,7.72355,0.997079,0.997079,0,All,#4682B4,0
6,14,6,7.26649,1.50772,1.50772,0,All,#4682B4,0
7,14,6,7.46557,1.28529,1.28529,0,All,#4682B4,0
8,14,6,7.60507,1.12944,1.12944,0,All,#4682B4,0
9,14,6,7.39882,1.35987,1.35987,0,All,#4682B4,0
10,14,6,7.10575,1.68731,1.68731,0,All,#4682B4,0
1,14,6.5,6.96303,-1.04911,-1.04911,0,All,#4682B4,0
2,14,6.5,6.95912,-1.04475,-1.04475,0,All,#4682B4,0
3,14,6.5,7.17944,-1.2909,-1.2909,0,All,#4682B4,0
4,14,6.5,7.17637,-1.28747,-1.28747,0,All,#4682B4,0
5,14,6.5,7.23347,-1.35126,-1.35126,0,All,#4682B4,0
6,14,6.5,6.72204,-0.779869,-0.779869,0,All,#4682B4,0
7,14,6.5,7.06131,-1.15892,-1.15892,0,All,#4682B4,0
8,14,6.5,7.16634,-1.27626,-1.27626,0,All,#4682B4,0
9,14,6.5,6.99929,-1.08962,-1.08962,0,All,#4682B4,0
10,14,6.5,6.65687,-0.707067,-0.707067,0,All,#4682B4,0
1,14,7,6.54669,1.05167,1.05167,0,All,#4682B4,0
2,14,7,6.46406,1.14398,1.14398,0,All,#4682B4,0
3,14,7,6.68881,0.892877,0.892877,0,All,#4682B4,0
4,14,7,6.73769,0.838276,0.838276,0,All,#4682B4,0
5,14,7,6.77592,0.795565,0.795565,0,All,#4682B4,0
6,14,7,6.19883,1.4403,1.4403,0,All,#4682B4,0
7,14,7,6.67349,0.909998,0.909998,0,All,#4682B4,0
8,14,7,6.72853,0.848505,0.848505,0,All,#4682B4,0
9,14,7,6.61546,0.97483,0.97483,0,All,#4682B4,0
10,14,7,6.25435,1.37827,1.37827,0,All,#4682B4,0
1,14,7.5,6.15702,0.207786,0.207786,0,All,#4682B4,0
2,14,7.5,6.00509,0.377524,0.377524,0,All,#4682B4,0
3,14,7.5,6.2141,0.144014,0.144014,0,All,#4682B4,0
4,14,7.5,6.31987,0.0258443,0.0258443,0,All,#4682B4,0
5,14,7.5,6.35897,-0.0178418,-0.0178418,0,All,#4682B4,0
6,14,7.5,5.71636,0.700105,0.700105,0,All,#4682B4,0
7,14,7.5,6.3086,0.0384305,0.0384305,0,All,#4682B4,0
8,14,7.5,6.29814,0.050122,0.050122,0,All,#4682B4,0
9,14,7.5,6.25377,0.0996886,0.0996886,0,All,#4682B4,0
10,14,7.5,5.90145,0.493317,0.493317,0,All,#4682B4,0
1,14,8,5.80167,0.303139,0.303139,0,All,#4682B4,0
2,14,8,5.60267,0.525466,0.525466,0,All,#4682B4,0
3,14,8,5.77249,0.335743,0.335743,0,All,#4682B4,0
4,14,8,5.93613,0.152912,0.152912,0,All,#4682B4,0
5,14,8,5.98718,0.0958788,0.0958788,0,All,#4682B4,0
6,14,8,5.29279,0.871672,0.871672,0,All,#4682B4,0
7,14,8,5.97294,0.111787,0.111787,0,All,#4682B4,0
8,14,8,5.8837,0.21149,0.21149,0,All,#4682B4,0
9,14,8,5.92234,0.168322,0.168322,0,All,#4682B4,0
10,14,8,5.5995,0.529009,0.529009,0,All,#4682B4,0
1,14,8.5,5.4897,0.275173,0.275173,0,All,#4682B4,0
2,14,8.5,5.27324,0.517013,0.517013,0,All,#4682B4,0
3,14,8.5,5.38387,0.393411,0.393411,0,All,#4682B4,0
4,14,8.5,5.59845,0.153674,0.153674,0,All,#4682B4,0
5,14,8.5,5.66716,0.0769072,0.0769072,0,All,#4682B4,0
6,14,8.5,4.94191,0.887186,0.887186,0,All,#4682B4,0
7,14,8.5,5.67268,0.0707405,0.0707405,0,All,#4682B4,0
8,14,8.5,5.49756,0.266388,0.266388,0,All,#4682B4,0
9,14,8.5,5.62752,0.121199,0.121199,0,All,#4682B4,0
10,14,8.5,5.34937,0.431958,0.431958,0,All,#4682B4,0
1,14,9,5.22737,0.237561,0.237561,0,All,#4682B4,0
2,14,9,5.02372,0.465086,0.465086,0,All,#4682B4,0
3,14,9,5.06508,0.418875,0.418875,0,All,#4682B4,0
4,14,9,5.31641,0.138077,0.138077,0,All,#4682B4,0
5,14,9,5.39837,0.0465128,0.0465128,0,All,#4682B4,0
6,14,9,4.67047,0.859745,0.859745,0,All,#4682B4,0
7,14,9,5.41243,0.0308011,0.0308011,0,All,#4682B4,0
8,14,9,5.156,0.317296,0.317296,0,All,#4682B4,0
9,14,9,5.37588,0.0716365,0.0716365,0,All,#4682B4,0
10,14,9,5.14612,0.328328,0.328328,0,All,#4682B4,0
1,14,9.5,5.01757,-0.363738,-0.363738,0,All,#4682B4,0
2,14,9.5,4.8507,-0.177304,-0.177304,0,All,#4682B4,0
3,14,9.5,4.8256,-0.149258,-0.149258,0,All,#4682B4,0
4,14,9.5,5.09517,-0.45044,-0.45044,0,All,#4682B4,0
5,14,9.5,5.18253,-0.548037,-0.548037,0,All,#4682B4,0
6,14,9.5,4.47697,0.240238,0.240238,0,All,#4682B4,0
7,14,9.5,5.19587,-0.562938,-0.562938,0,All,#4682B4,0
8,14,9.5,4.87617,-0.205758,-0.205758,0,All,#4682B4,0
9,14,9.5,5.17209,-0.536376,-0.536376,0,All,#4682B4,0
10,14,9.5,4.99078,-0.333809,-0.333809,0,All,#4682B4,0
1,14,10,4.86044,-0.496543,-0.496543,0,All,#4682B4,0
2,14,10,4.74655,-0.369298,-0.369298,0,All,#4682B4,0
3,14,10,4.6641,-0.277183,-0.277183,0,All,#4682B4,0
4,14,10,4.93501,-0.579858,-0.579858,0,All,#4682B4,0
5,14,10,5.01815,-0.672748,-0.672748,0,All,#4682B4,0
6,14,10,4.35407,0.0691879,0.0691879,0,All,#4682B4,0
7,14,10,5.02371,-0.678951,-0.678951,0,All,#4682B4,0
8,14,10,4.66877,-0.282407,-0.282407,0,All,#4682B4,0
9,14,10,5.01816,-0.672753,-0.672753,0,All,#4682B4,0
10,14,10,4.88388,-0.52273,-0.52273,0,All,#4682B4,0
1,14,10.5,4.75388,-0.618813,-0.618813,0,All,#4682B4,0
2,14,10.5,4.6969,-0.55515,-0.55515,0,All,#4682B4,0
3,14,10.5,4.57121,-0.41473,-0.41473,0,All,#4682B4,0
4,14,10.5,4.83129,-0.705302,-0.705302,0,All,#4682B4,0
5,14,10.5,4.90331,-0.785763,-0.785763,0,All,#4682B4,0
6,14,10.5,4.29101,-0.101676,-0.101676,0,All,#4682B4,0
7,14,10.5,4.89718,-0.778912,-0.778912,0,All,#4682B4,0
8,14,10.5,4.53372,-0.372842,-0.372842,0,All,#4682B4,0
9,14,10.5,4.91291,-0.796482,-0.796482,0,All,#4682B4,0
10,14,10.5,4.82342,-0.696505,-0.696505,0,All,#4682B4,0
1,14,11,4.69353,-1.36361,-1.36361,0,All,#4682B4,0
2,14,11,4.65757,-1.32345,-1.32345,0,All,#4682B4,0
3,14,11,4.53159,-1.18269,-1.18269,0,All,#4682B4,0
4,14,11,4.76527,-1.44377,-1.44377,0,All,#4682B4,0
5,14,11,4.83265,-1.51904,-1.51904,0,All,#4682B4,0
6,14,11,4.27647,-0.897659,-0.897659,0,All,#4682B4,0
7,14,11,4.81572,-1.50014,-1.50014,0,All,#4682B4,0
8,14,11,4.46156,-1.10446,-1.10446,0,All,#4682B4,0
9,14,11,4.85259,-1.54132,-1.54132,0,All,#4682B4,0
10,14,11,4.80323,-1.48618,-1.48618,0,All,#4682B4,0
1,14,11.5,4.66252,-0.257546,-0.257546,0,All,#4682B4,0
2,14,11.5,4.61094,-0.19992,-0.19992,0,All,#4682B4,0
3,14,11.5,4.4989,-0.0747467,-0.0747467,0,All,#4682B4,0
4,14,11.5,4.66887,-0.264644,-0.264644,0,All,#4682B4,0
5,14,11.5,4.80285,-0.414322,-0.414322,0,All,#4682B4,0
6,14,11.5,4.28845,0.160378,0.160378,0,All,#4682B4,0
7,14,11.5,4.77233,-0.380226,-0.380226,0,All,#4682B4,0
8,14,11.5,4.43455,-0.00285187,-0.00285187,0,All,#4682B4,0
9,14,11.5,4.83355,-0.448628,-0.448628,0,All,#4682B4,0
10,14,11.5,4.81974,-0.433196,-0.433196,0,All,#4682B4,0
1,14,12,4.59113,-0.688358,-0.688358,0,All,#4682B4,0
2,14,12,4.56076,-0.654435,-0.654435,0,All,#4682B4,0
3,14,12,4.45818,-0.539825,-0.539825,0,All,#4682B4,0
4,14,12,4.5491,-0.641405,-0.641405,0,All,#4682B4,0
5,14,12,4.76187,-0.879116,-0.879116,0,All,#4682B4,0
6,14,12,4.28129,-0.342201,-0.342201,0,All,#4682B4,0
7,14,12,4.72066,-0.833076,-0.833076,0,All,#4682B4,0
8,14,12,4.38063,-0.453185,-0.453185,0,All,#4682B4,0
9,14,12,4.83514,-0.960982,-0.960982,0,All,#4682B4,0
10,14,12,4.83483,-0.960637,-0.960637,0,All,#4682B4,0
1,14,12.5,4.47454,0.30552,0.30552,0,All,#4682B4,0
2,14,12.5,4.50734,0.268876,0.268876,0,All,#4682B4,0
3,14,12.5,4.41411,0.373034,0.373034,0,All,#4682B4,0
4,14,12.5,4.40669,0.381324,0.381324,0,All,#4682B4,0
5,14,12.5,4.66269,0.0953107,0.0953107,0,All,#4682B4,0
6,14,12.5,4.25717,0.548368,0.548368,0,All,#4682B4,0
7,14,12.5,4.62955,0.132334,0.132334,0,All,#4682B4,0
8,14,12.5,4.27878,0.524233,0.524233,0,All,#4682B4,0
9,14,12.5,4.77844,-0.0340089,-0.0340089,0,All,#4682B4,0
10,14,12.5,4.78787,-0.0445452,-0.0445452,0,All,#4682B4,0
1,14,13,4.31803,1.44566,1.44566,0,All,#4682B4,0
2,14,13,4.451,1.29711,1.29711,0,All,#4682B4,0
3,14,13,4.36662,1.39138,1.39138,0,All,#4682B4,0
4,14,13,4.24883,1.52298,1.52298,0,All,#4682B4,0
5,14,13,4.51106,1.23001,1.23001,0,All,#4682B4,0
6,14,13,4.21929,1.55598,1.55598,0,All,#4682B4,0
7,14,13,4.5024,1.23968,1.23968,0,All,#4682B4,0
8,14,13,4.14235,1.64194,1.64194,0,All,#4682B4,0
9,14,13,4.65725,1.06668,1.06668,0,All,#4682B4,0
10,14,13,4.6837,1.03712,1.03712,0,All,#4682B4,0
1,14,13.5,4.12855,0.242941,0.242941,0,All,#4682B4,0
2,14,13.5,4.39229,-0.0517153,-0.0517153,0,All,#4682B4,0
3,14,13.5,4.31625,0.0332408,0.0332408,0,All,#4682B4,0
4,14,13.5,4.08019,0.296974,0.296974,0,All,#4682B4,0
5,14,13.5,4.31102,0.039082,0.039082,0,All,#4682B4,0
6,14,13.5,4.17108,0.195429,0.195429,0,All,#4682B4,0
7,14,13.5,4.34214,0.00431498,0.00431498,0,All,#4682B4,0
8,14,13.5,3.98548,0.40278,0.40278,0,All,#4682B4,0
9,14,13.5,4.47749,-0.146909,-0.146909,0,All,#4682B4,0
10,14,13.5,4.52204,-0.196677,-0.196677,0,All,#4682B4,0
1,14,14,3.9151,1.56625,1.56625,0,All,#4682B4,0
2,14,14,4.3314,1.10115,1.10115,0,All,#4682B4,0
3,14,14,4.26376,1.17671,1.17671,0,All,#4682B4,0
4,14,14,3.90827,1.57388,1.57388,0,All,#4682B4,0
5,14,14,4.07025,1.39291,1.39291,0,All,#4682B4,0
6,14,14,4.11102,1.34737,1.34737,0,All,#4682B4,0
7,14,14,4.15659,1.29645,1.29645,0,All,#4682B4,0
8,14,14,3.81763,1.67514,1.67514,0,All,#4682B4,0
9,14,14,4.2507,1.19131,1.19131,0,All,#4682B4,0
10,14,14,4.31427,1.12029,1.12029,0,All,#4682B4,0
1,14,14.5,3.68808,-0.768746,-1.46514,1,All,#4682B4,0
2,14,14.5,4.26806,-1.41672,-1.74406,1,All,#4682B4,0
3,14,14.5,4.20864,-1.35033,-1.61943,1,All,#4682B4,0
4,14,14.5,3.73269,-0.818581,-0.819811,1,All,#4682B4,0
5,14,14.5,3.79618,-0.889525,-2.49205,1,All,#4682B4,0
6,14,14.5,4.04585,-1.16846,-1.29031,1,All,#4682B4,0
7,14,14.5,3.94775,-1.05886,-1.19428,1,All,#4682B4,0
8,14,14.5,3.6459,-0.721617,-0.902806,1,All,#4682B4,0
9,14,14.5,3.98812,-1.10396,-2.4076,1,All,#4682B4,0
10,14,14.5,4.05624,-1.18007,-1.42741,1,All,#4682B4,0
1,14,15,3.44897,-0.501603,-0.902103,1,All,#4682B4,0
2,14,15,4.2028,-1.34381,-1.51345,1,All,#4682B4,0
3,14,15,4.15077,-1.28568,-1.57581,1,All,#4682B4,0
4,14,15,3.55556,-0.620687,-0.732453,1,All,#4682B4,0
5,14,15,3.49583,-0.553961,-0.570965,1,All,#4682B4,0
6,14,15,3.97426,-1.08848,-2.00628,1,All,#4682B4,0
7,14,15,3.72351,-0.808333,-0.836195,1,All,#4682B4,0
8,14,15,3.47863,-0.534738,-1.16262,1,All,#4682B4,0
9,14,15,3.70874,-0.791824,-0.825676,1,All,#4682B4,0
10,14,15,3.76395,-0.853512,-1.68553,1,All,#4682B4,0
1,14,15.5,3.20371,-0.227587,-1.07869,1,All,#4682B4,0
2,14,15.5,4.13578,-1.26893,-1.49328,1,All,#4682B4,0
3,14,15.5,4.09215,-1.22019,-1.68275,1,All,#4682B4,0
4,14,15.5,3.37679,-0.420962,-0.557984,1,All,#4682B4,0
5,14,15.5,3.17667,-0.197386,-0.388144,1,All,#4682B4,0
6,14,15.5,3.89845,-1.00378,-1.10077,1,All,#4682B4,0
7,14,15.5,3.48904,-0.546375,-1.69073,1,All,#4682B4,0
8,14,15.5,3.30989,-0.346224,-0.418754,1,All,#4682B4,0
9,14,15.5,3.41932,-0.468474,-0.747925,1,All,#4682B4,0
10,14,15.5,3.43823,-0.489602,-1.01468,1,All,#4682B4,0
1,14,16,2.95549,1.55911,1.55911,0,All,#4682B4,0
2,14,16,4.06599,0.318427,0.318427,0,All,#4682B4,0
3,14,16,4.03182,0.356599,0.356599,0,All,#4682B4,0
4,14,16,3.19887,1.2872,1.2872,0,All,#4682B4,0
5,14,16,2.84074,1.68732,1.68732,0,All,#4682B4,0
6,14,16,3.8178,0.595714,0.595714,0,All,#4682B4,0
7,14,16,3.2478,1.23253,1.23253,0,All,#4682B4,0
8,14,16,3.1434,1.34918,1.34918,0,All,#4682B4,0
9,14,16,3.12388,1.37099,1.37099,0,All,#4682B4,0
10,14,16,3.08671,1.4125,1.4125,0,All,#4682B4,0
1,14,16.5,2.70513,0.329443,-0.0663553,1,All,#4682B4,0
2,14,16.5,3.99319,-1.10963,-1.88446,1,All,#4682B4,0
3,14,16.5,3.96932,-1.08296,-1.12058,1,All,#4682B4,0
4,14,16.5,3.0198,-0.0221233,-0.299682,1,All,#4682B4,0
5,14,16.5,2.49424,0.565052,-0.847374,1,All,#4682B4,0
6,14,16.5,3.73606,-0.822353,-1.14662,1,All,#4682B4,0
7,14,16.5,3.00215,-0.00240142,-0.946152,1,All,#4682B4,0
8,14,16.5,2.97615,0.0266425,-0.292089,1,All,#4682B4,0
9,14,16.5,2.8272,0.193055,-1.38339,1,All,#4682B4,0
10,14,16.5,2.7134,0.320201,0.260088,1,All,#4682B4,0
1,14,17,2.45366,0.610388,0.124714,1,All,#4682B4,0
2,14,17,3.91965,-1.02747,-1.56063,1,All,#4682B4,0
3,14,17,3.9047,-1.01076,-2.87891,1,All,#4682B4,0
4,14,17,2.84042,0.178284,-0.757323,1,All,#4682B4,0
5,14,17,2.13735,0.963784,0.784959,1,All,#4682B4,0
6,14,17,3.6501,-0.726313,-1.02439,1,All,#4682B4,0
7,14,17,2.75222,0.276828,-0.0803029,1,All,#4682B4,0
8,14,17,2.80936,0.212995,-3.1013,1,All,#4682B4,0
9,14,17,2.52916,0.526038,-0.408339,1,All,#4682B4,0
10,14,17,2.32131,0.758258,-0.796164,1,All,#4682B4,0
1,14,17.5,2.20003,0.893753,-0.63848,1,All,#4682B4,0
2,14,17.5,3.84253,-0.941303,-1.19325,1,All,#4682B4,0
3,14,17.5,3.83847,-0.936763,-0.967061,1,All,#4682B4,0
4,14,17.5,2.65946,0.380464,0.123838,1,All,#4682B4,0
5,14,17.5,1.77354,1.37024,0.0394949,1,All,#4682B4,0
6,14,17.5,3.56109,-0.626867,-1.80321,1,All,#4682B4,0
7,14,17.5,2.50099,0.557506,0.4335,1,All,#4682B4,0
8,14,17.5,2.6414,0.400635,-0.777376,1,All,#4682B4,0
9,14,17.5,2.23019,0.860056,-0.104274,1,All,#4682B4,0
10,14,17.5,1.91338,1.21401,-1.67271,1,All,#4682B4,0
1,15,1,0,3.3517,0.148192,1,All,#4682B4,0
2,15,1,0,3.3517,1.55048,1,All,#4682B4,0
3,15,1,0,3.3517,0.875148,1,All,#4682B4,0
4,15,1,0,3.3517,1.39697,1,All,#4682B4,0
5,15,1,0,3.3517,2.71936,1,All,#4682B4,0
6,15,1,0,3.3517,0.468222,1,All,#4682B4,0
7,15,1,0,3.3517,2.0876,1,All,#4682B4,0
8,15,1,0,3.3517,2.13481,1,All,#4682B4,0
9,15,1,0,3.3517,0.787768,1,All,#4682B4,0
10,15,1,0,3.3517,1.49556,1,All,#4682B4,0
1,15,1.5,0,3.3517,1.16559,1,All,#4682B4,0
2,15,1.5,0,3.3517,0.850752,1,All,#4682B4,0
3,15,1.5,0,3.3517,1.06595,1,All,#4682B4,0
4,15,1.5,0,3.3517,0.4732,1,All,#4682B4,0
5,15,1.5,0,3.3517,1.45304,1,All,#4682B4,0
6,15,1.5,0,3.3517,1.8208,1,All,#4682B4,0
7,15,1.5,0,3.3517,1.35381,1,All,#4682B4,0
8,15,1.5,0,3.3517,0.819914,1,All,#4682B4,0
9,15,1.5,0,3.3517,1.02698,1,All,#4682B4,0
10,15,1.5,0,3.3517,0.725011,1,All,#4682B4,0
1,15,2,0,3.3517,0.211506,1,All,#4682B4,0
2,15,2,0,3.3517,1.21535,1,All,#4682B4,0
3,15,2,0.225622,3.09963,1.21834,1,All,#4682B4,0
4,15,2,0,3.3517,0.0168054,1,All,#4682B4,0
5,15,2,0,3.3517,0.0738428,1,All,#4682B4,0
6,15,2,0,3.3517,0.00540212,1,All,#4682B4,0
7,15,2,0,3.3517,0.880509,1,All,#4682B4,0
8,15,2,0,3.3517,1.13059,1,All,#4682B4,0
9,15,2,0,3.3517,0.673521,1,All,#4682B4,0
10,15,2,0,3.3517,1.25989,1,All,#4682B4,0
1,15,2.5,2.12186,0.981086,-0.697366,1,All,#4682B4,0
2,15,2.5,1.59118,1.57398,-0.0278559,1,All,#4682B4,0
3,15,2.5,3.27819,-0.310804,-1.01551,1,All,#4682B4,0
4,15,2.5,1.26003,1.94396,0.454416,1,All,#4682B4,0
5,15,2.5,3.0523,-0.0584306,-0.618779,1,All,#4682B4,0
6,15,2.5,0.680569,2.59135,1.741,1,All,#4682B4,0
7,15,2.5,3.66593,-0.743999,-1.30253,1,All,#4682B4,0
8,15,2.5,1.28741,1.91337,0.447703,1,All,#4682B4,0
9,15,2.5,0,3.3517,0.0230314,1,All,#4682B4,0
10,15,2.5,2.2471,0.84117,-0.781473,1,All,#4682B4,0
1,15,3,4.85606,-0.739677,-0.739677,0,All,#4682B4,0
2,15,3,4.37858,-0.206223,-0.206223,0,All,#4682B4,0
3,15,3,5.09481,-1.00642,-1.00642,0,All,#4682B4,0
4,15,3,4.49415,-0.335339,-0.335339,0,All,#4682B4,0
5,15,3,5.31842,-1.25624,-1.25624,0,All,#4682B4,0
6,15,3,4.06314,0.1462,0.1462,0,All,#4682B4,0
7,15,3,5.34738,-1.2886,-1.2886,0,All,#4682B4,0
8,15,3,4.56574,-0.415324,-0.415324,0,All,#4682B4,0
9,15,3,4.36018,-0.185659,-0.185659,0,All,#4682B4,0
10,15,3,4.70779,-0.574019,-0.574019,0,All,#4682B4,0
1,15,3.5,6.26609,0.35853,0.35853,0,All,#4682B4,0
2,15,3.5,5.81433,0.863254,0.863254,0,All,#4682B4,0
3,15,3.5,6.3321,0.284778,0.284778,0,All,#4682B4,0
4,15,3.5,5.98102,0.677024,0.677024,0,All,#4682B4,0
5,15,3.5,6.69815,-0.12418,-0.12418,0,All,#4682B4,0
6,15,3.5,5.67371,1.02036,1.02036,0,All,#4682B4,0
7,15,3.5,6.32091,0.297288,0.297288,0,All,#4682B4,0
8,15,3.5,6.17206,0.463584,0.463584,0,All,#4682B4,0
9,15,3.5,6.57451,0.0139524,0.0139524,0,All,#4682B4,0
10,15,3.5,6.00473,0.650537,0.650537,0,All,#4682B4,0
1,15,4,7.14745,-0.794851,-0.794851,0,All,#4682B4,0
2,15,4,6.71402,-0.310613,-0.310613,0,All,#4682B4,0
3,15,4,7.19286,-0.845591,-0.845591,0,All,#4682B4,0
4,15,4,6.86422,-0.478427,-0.478427,0,All,#4682B4,0
5,15,4,7.58489,-1.28358,-1.28358,0,All,#4682B4,0
6,15,4,6.66031,-0.250604,-0.250604,0,All,#4682B4,0
7,15,4,6.94871,-0.572812,-0.572812,0,All,#4682B4,0
8,15,4,7.14545,-0.792621,-0.792621,0,All,#4682B4,0
9,15,4,7.66552,-1.37366,-1.37366,0,All,#4682B4,0
10,15,4,6.81418,-0.422519,-0.422519,0,All,#4682B4,0
1,15,4.5,7.70543,-1.19146,-1.19146,0,All,#4682B4,0
2,15,4.5,7.2736,-0.708999,-0.708999,0,All,#4682B4,0
3,15,4.5,7.66543,-1.14677,-1.14677,0,All,#4682B4,0
4,15,4.5,7.41984,-0.872386,-0.872386,0,All,#4682B4,0
5,15,4.5,8.00775,-1.52922,-1.52922,0,All,#4682B4,0
6,15,4.5,7.2892,-0.726423,-0.726423,0,All,#4682B4,0
7,15,4.5,7.34797,-0.792086,-0.792086,0,All,#4682B4,0
8,15,4.5,7.7214,-1.20929,-1.20929,0,All,#4682B4,0
9,15,4.5,8.13862,-1.67543,-1.67543,0,All,#4682B4,0
10,15,4.5,7.35252,-0.797169,-0.797169,0,All,#4682B4,0
1,15,5,7.97121,-0.0829108,-0.0829108,0,All,#4682B4,0
2,15,5,7.51588,0.425798,0.425798,0,All,#4682B4,0
3,15,5,7.78114,0.129439,0.129439,0,All,#4682B4,0
4,15,5,7.70975,0.209203,0.209203,0,All,#4682B4,0
5,15,5,8.06818,-0.191247,-0.191247,0,All,#4682B4,0
6,15,5,7.61128,0.319211,0.319211,0,All,#4682B4,0
7,15,5,7.5417,0.396957,0.396957,0,All,#4682B4,0
8,15,5,7.88983,0.00800533,0.00800533,0,All,#4682B4,0
9,15,5,8.0954,-0.221658,-0.221658,0,All,#4682B4,0
10,15,5,7.68346,0.238571,0.238571,0,All,#4682B4,0
1,15,5.5,7.95199,0.442441,0.442441,0,All,#4682B4,0
2,15,5.5,7.49116,0.957295,0.957295,0,All,#4682B4,0
3,15,5.5,7.70867,0.714278,0.714278,0,All,#4682B4,0
4,15,5.5,7.7439,0.67492,0.67492,0,All,#4682B4,0
5,15,5.5,7.96514,0.427739,0.427739,0,All,#4682B4,0
6,15,5.5,7.6467,0.78352,0.78352,0,All,#4682B4,0
7,15,5.5,7.54727,0.894606,0.894606,0,All,#4682B4,0
8,15,5.5,7.71349,0.708894,0.708894,0,All,#4682B4,0
9,15,5.5,7.83134,0.577225,0.577225,0,All,#4682B4,0
10,15,5.5,7.81574,0.594663,0.594663,0,All,#4682B4,0
1,15,6,7.74986,0.721895,0.721895,0,All,#4682B4,0
2,15,6,7.33562,1.1847,1.1847,0,All,#4682B4,0
3,15,6,7.55875,0.935404,0.935404,0,All,#4682B4,0
4,15,6,7.59524,0.89464,0.89464,0,All,#4682B4,0
5,15,6,7.80139,0.664323,0.664323,0,All,#4682B4,0
6,15,6,7.51227,0.987336,0.987336,0,All,#4682B4,0
7,15,6,7.4266,1.08305,1.08305,0,All,#4682B4,0
8,15,6,7.39162,1.12213,1.12213,0,All,#4682B4,0
9,15,6,7.5212,0.977361,0.977361,0,All,#4682B4,0
10,15,6,7.77473,0.694108,0.694108,0,All,#4682B4,0
1,15,6.5,7.48866,0.763454,0.763454,0,All,#4682B4,0
2,15,6.5,7.14433,1.14815,1.14815,0,All,#4682B4,0
3,15,6.5,7.383,0.881503,0.881503,0,All,#4682B4,0
4,15,6.5,7.37398,0.891577,0.891577,0,All,#4682B4,0
5,15,6.5,7.62229,0.614151,0.614151,0,All,#4682B4,0
6,15,6.5,7.32161,0.950088,0.950088,0,All,#4682B4,0
7,15,6.5,7.2516,1.0283,1.0283,0,All,#4682B4,0
8,15,6.5,7.05629,1.24651,1.24651,0,All,#4682B4,0
9,15,6.5,7.22323,1.06,1.06,0,All,#4682B4,0
10,15,6.5,7.62908,0.606569,0.606569,0,All,#4682B4,0
1,15,7,7.23974,0.30977,0.30977,0,All,#4682B4,0
2,15,7,6.95782,0.624738,0.624738,0,All,#4682B4,0
3,15,7,7.20735,0.345949,0.345949,0,All,#4682B4,0
4,15,7,7.14213,0.418822,0.418822,0,All,#4682B4,0
5,15,7,7.45009,0.0747543,0.0747543,0,All,#4682B4,0
6,15,7,7.12682,0.435922,0.435922,0,All,#4682B4,0
7,15,7,7.07044,0.498915,0.498915,0,All,#4682B4,0
8,15,7,6.7591,0.846751,0.846751,0,All,#4682B4,0
9,15,7,6.96093,0.621259,0.621259,0,All,#4682B4,0
10,15,7,7.44971,0.0751772,0.0751772,0,All,#4682B4,0
1,15,7.5,7.02638,-0.93555,-0.93555,0,All,#4682B4,0
2,15,7.5,6.79374,-0.675631,-0.675631,0,All,#4682B4,0
3,15,7.5,7.04624,-0.957734,-0.957734,0,All,#4682B4,0
4,15,7.5,6.93219,-0.830318,-0.830318,0,All,#4682B4,0
5,15,7.5,7.29646,-1.23729,-1.23729,0,All,#4682B4,0
6,15,7.5,6.95246,-0.852959,-0.852959,0,All,#4682B4,0
7,15,7.5,6.90509,-0.800039,-0.800039,0,All,#4682B4,0
8,15,7.5,6.51762,-0.367147,-0.367147,0,All,#4682B4,0
9,15,7.5,6.74454,-0.620672,-0.620672,0,All,#4682B4,0
10,15,7.5,7.27004,-1.20777,-1.20777,0,All,#4682B4,0
1,15,8,6.85751,-1.30662,-1.30662,0,All,#4682B4,0
2,15,8,6.65983,-1.08576,-1.08576,0,All,#4682B4,0
3,15,8,6.90645,-1.36129,-1.36129,0,All,#4682B4,0
4,15,8,6.75721,-1.19456,-1.19456,0,All,#4682B4,0
5,15,8,7.16753,-1.65298,-1.65298,0,All,#4682B4,0
6,15,8,6.808,-1.25131,-1.25131,0,All,#4682B4,0
7,15,8,6.76376,-1.20188,-1.20188,0,All,#4682B4,0
8,15,8,6.33396,-0.721694,-0.721694,0,All,#4682B4,0
9,15,8,6.57798,-0.994315,-0.994315,0,All,#4682B4,0
10,15,8,7.11125,-1.5901,-1.5901,0,All,#4682B4,0
1,15,8.5,6.73423,-0.865001,-0.865001,0,All,#4682B4,0
2,15,8.5,6.55853,-0.668703,-0.668703,0,All,#4682B4,0
3,15,8.5,6.79176,-0.929265,-0.929265,0,All,#4682B4,0
4,15,8.5,6.62129,-0.738819,-0.738819,0,All,#4682B4,0
5,15,8.5,7.06603,-1.23569,-1.23569,0,All,#4682B4,0
6,15,8.5,6.69669,-0.823051,-0.823051,0,All,#4682B4,0
7,15,8.5,6.65046,-0.771409,-0.771409,0,All,#4682B4,0
8,15,8.5,6.20848,-0.277607,-0.277607,0,All,#4682B4,0
9,15,8.5,6.46086,-0.559582,-0.559582,0,All,#4682B4,0
10,15,8.5,6.98099,-1.14069,-1.14069,0,All,#4682B4,0
1,15,9,6.65385,0.342043,0.342043,0,All,#4682B4,0
2,15,9,6.48918,0.526012,0.526012,0,All,#4682B4,0
3,15,9,6.70354,0.286527,0.286527,0,All,#4682B4,0
4,15,9,6.52416,0.486938,0.486938,0,All,#4682B4,0
5,15,9,6.99205,-0.0358054,-0.0358054,0,All,#4682B4,0
6,15,9,6.61817,0.381909,0.381909,0,All,#4682B4,0
7,15,9,6.56596,0.440232,0.440232,0,All,#4682B4,0
8,15,9,6.13113,0.926042,0.926042,0,All,#4682B4,0
9,15,9,6.38969,0.637171,0.637171,0,All,#4682B4,0
10,15,9,6.88246,0.0866276,0.0866276,0,All,#4682B4,0
1,15,9.5,6.61179,-0.379629,-0.379629,0,All,#4682B4,0
2,15,9.5,6.44921,-0.197981,-0.197981,0,All,#4682B4,0
3,15,9.5,6.64154,-0.412859,-0.412859,0,All,#4682B4,0
4,15,9.5,6.46335,-0.213786,-0.213786,0,All,#4682B4,0
5,15,9.5,6.94444,-0.751278,-0.751278,0,All,#4682B4,0
6,15,9.5,6.57011,-0.333055,-0.333055,0,All,#4682B4,0
7,15,9.5,6.50896,-0.26474,-0.26474,0,All,#4682B4,0
8,15,9.5,6.09852,0.193814,0.193814,0,All,#4682B4,0
9,15,9.5,6.35938,-0.0976287,-0.0976287,0,All,#4682B4,0
10,15,9.5,6.8147,-0.606319,-0.606319,0,All,#4682B4,0
1,15,10,6.60264,0.569073,0.569073,0,All,#4682B4,0
2,15,10,6.43495,0.756419,0.756419,0,All,#4682B4,0
3,15,10,6.60442,0.567088,0.567088,0,All,#4682B4,0
4,15,10,6.43465,0.756757,0.756757,0,All,#4682B4,0
5,15,10,6.92111,0.213266,0.213266,0,All,#4682B4,0
6,15,10,6.54958,0.628352,0.628352,0,All,#4682B4,0
7,15,10,6.47716,0.709261,0.709261,0,All,#4682B4,0
8,15,10,6.10416,1.12599,1.12599,0,All,#4682B4,0
9,15,10,6.36385,0.835859,0.835859,0,All,#4682B4,0
10,15,10,6.77501,0.376491,0.376491,0,All,#4682B4,0
1,15,10.5,6.62025,-0.327633,-0.327633,0,All,#4682B4,0
2,15,10.5,6.44197,-0.128448,-0.128448,0,All,#4682B4,0
3,15,10.5,6.58998,-0.293805,-0.293805,0,All,#4682B4,0
4,15,10.5,6.43292,-0.118341,-0.118341,0,All,#4682B4,0
5,15,10.5,6.91874,-0.661117,-0.661117,0,All,#4682B4,0
6,15,10.5,6.55134,-0.250645,-0.250645,0,All,#4682B4,0
7,15,10.5,6.46734,-0.156791,-0.156791,0,All,#4682B4,0
8,15,10.5,6.14037,0.208508,0.208508,0,All,#4682B4,0
9,15,10.5,6.39676,-0.0779426,-0.0779426,0,All,#4682B4,0
10,15,10.5,6.75966,-0.483387,-0.483387,0,All,#4682B4,0
1,15,11,6.65861,-0.0911817,-0.0911817,0,All,#4682B4,0
2,15,11,6.46577,0.124275,0.124275,0,All,#4682B4,0
3,15,11,6.59519,-0.0203185,-0.0203185,0,All,#4682B4,0
4,15,11,6.45404,0.137374,0.137374,0,All,#4682B4,0
5,15,11,6.93396,-0.398803,-0.398803,0,All,#4682B4,0
6,15,11,6.57118,0.00650104,0.00650104,0,All,#4682B4,0
7,15,11,6.47596,0.112882,0.112882,0,All,#4682B4,0
8,15,11,6.20036,0.420797,0.420797,0,All,#4682B4,0
9,15,11,6.45181,0.139863,0.139863,0,All,#4682B4,0
10,15,11,6.76452,-0.209503,-0.209503,0,All,#4682B4,0
1,15,11.5,6.7122,0.628783,0.628783,0,All,#4682B4,0
2,15,11.5,6.5003,0.865517,0.865517,0,All,#4682B4,0
3,15,11.5,6.61639,0.735817,0.735817,0,All,#4682B4,0
4,15,11.5,6.42795,0.946358,0.946358,0,All,#4682B4,0
5,15,11.5,6.96281,0.348792,0.348792,0,All,#4682B4,0
6,15,11.5,6.60447,0.749134,0.749134,0,All,#4682B4,0
7,15,11.5,6.47713,0.891402,0.891402,0,All,#4682B4,0
8,15,11.5,6.27779,1.11412,1.11412,0,All,#4682B4,0
9,15,11.5,6.50182,0.86382,0.86382,0,All,#4682B4,0
10,15,11.5,6.78063,0.552332,0.552332,0,All,#4682B4,0
1,15,12,6.71548,1.76134,1.76134,0,All,#4682B4,0
2,15,12,6.3964,2.11783,2.11783,0,All,#4682B4,0
3,15,12,6.64029,1.84535,1.84535,0,All,#4682B4,0
4,15,12,6.20349,2.33335,2.33335,0,All,#4682B4,0
5,15,12,6.94298,1.50717,1.50717,0,All,#4682B4,0
6,15,12,6.50189,1.99997,1.99997,0,All,#4682B4,0
7,15,12,6.25174,2.27945,2.27945,0,All,#4682B4,0
8,15,12,6.2763,2.25201,2.25201,0,All,#4682B4,0
9,15,12,6.29035,2.23631,2.23631,0,All,#4682B4,0
10,15,12,6.51402,1.98642,1.98642,0,All,#4682B4,0
1,15,12.5,6.24412,-0.52076,-0.52076,0,All,#4682B4,0
2,15,12.5,5.93709,-0.17774,-0.17774,0,All,#4682B4,0
3,15,12.5,6.36677,-0.657799,-0.657799,0,All,#4682B4,0
4,15,12.5,5.78548,-0.00835304,-0.00835304,0,All,#4682B4,0
5,15,12.5,6.43579,-0.734907,-0.734907,0,All,#4682B4,0
6,15,12.5,5.97072,-0.215316,-0.215316,0,All,#4682B4,0
7,15,12.5,5.71251,0.073165,0.073165,0,All,#4682B4,0
8,15,12.5,5.75224,0.0287814,0.0287814,0,All,#4682B4,0
9,15,12.5,5.71633,0.0688968,0.0688968,0,All,#4682B4,0
10,15,12.5,5.71998,0.0648247,0.0648247,0,All,#4682B4,0
1,15,13,5.36369,-0.35605,-0.35605,0,All,#4682B4,0
2,15,13,5.21875,-0.194118,-0.194118,0,All,#4682B4,0
3,15,13,5.59124,-0.610279,-0.610279,0,All,#4682B4,0
4,15,13,5.23857,-0.216259,-0.216259,0,All,#4682B4,0
5,15,13,5.46235,-0.466279,-0.466279,0,All,#4682B4,0
6,15,13,5.14409,-0.110703,-0.110703,0,All,#4682B4,0
7,15,13,4.97678,0.0762154,0.0762154,0,All,#4682B4,0
8,15,13,4.85485,0.212443,0.212443,0,All,#4682B4,0
9,15,13,4.95222,0.103661,0.103661,0,All,#4682B4,0
10,15,13,4.70512,0.379726,0.379726,0,All,#4682B4,0
1,15,13.5,4.33642,-0.14906,-0.14906,0,All,#4682B4,0
2,15,13.5,4.38763,-0.20628,-0.20628,0,All,#4682B4,0
3,15,13.5,4.57431,-0.41484,-0.41484,0,All,#4682B4,0
4,15,13.5,4.62994,-0.476988,-0.476988,0,All,#4682B4,0
5,15,13.5,4.33927,-0.152247,-0.152247,0,All,#4682B4,0
6,15,13.5,4.20746,-0.00498519,-0.00498519,0,All,#4682B4,0
7,15,13.5,4.16875,0.0382649,0.0382649,0,All,#4682B4,0
8,15,13.5,3.81504,0.433443,0.433443,0,All,#4682B4,0
9,15,13.5,4.11358,0.0998984,0.0998984,0,All,#4682B4,0
10,15,13.5,3.61313,0.659023,0.659023,0,All,#4682B4,0
1,15,14,3.23287,0.510725,0.510725,0,All,#4682B4,0
2,15,14,3.49991,0.212376,0.212376,0,All,#4682B4,0
3,15,14,3.46059,0.256305,0.256305,0,All,#4682B4,0
4,15,14,3.98772,-0.332618,-0.332618,0,All,#4682B4,0
5,15,14,3.14495,0.608945,0.608945,0,All,#4682B4,0
6,15,14,3.21115,0.534987,0.534987,0,All,#4682B4,0
7,15,14,3.32481,0.408007,0.408007,0,All,#4682B4,0
8,15,14,2.69549,1.1111,1.1111,0,All,#4682B4,0
9,15,14,3.23264,0.510975,0.510975,0,All,#4682B4,0
10,15,14,2.46905,1.36409,1.36409,0,All,#4682B4,0
1,15,14.5,2.07716,1.03103,-1.62441,1,All,#4682B4,0
2,15,14.5,2.57362,0.476371,-0.102967,1,All,#4682B4,0
3,15,14.5,2.29105,0.792064,-1.24973,1,All,#4682B4,0
4,15,14.5,3.32589,-0.364094,-1.85077,1,All,#4682B4,0
5,15,14.5,1.90262,1.22603,1.05125,1,All,#4682B4,0
6,15,14.5,2.173,0.92395,0.488553,1,All,#4682B4,0
7,15,14.5,2.45718,0.606455,-0.351413,1,All,#4682B4,0
8,15,14.5,1.52242,1.6508,0.704562,1,All,#4682B4,0
9,15,14.5,2.3221,0.757371,0.284517,1,All,#4682B4,0
10,15,14.5,1.287,1.91382,0.749869,1,All,#4682B4,0
1,15,15,0.883846,2.36424,0.372237,1,All,#4682B4,0
2,15,15,1.61771,1.54434,-1.51422,1,All,#4682B4,0
3,15,15,1.07973,2.14539,0.709064,1,All,#4682B4,0
4,15,15,2.65142,0.389442,-0.530375,1,All,#4682B4,0
5,15,15,0.625242,2.65316,0.146866,1,All,#4682B4,0
6,15,15,1.10131,2.12128,-0.401614,1,All,#4682B4,0
7,15,15,1.57105,1.59647,-1.3089,1,All,#4682B4,0
8,15,15,0.309041,3.00643,-0.173995,1,All,#4682B4,0
9,15,15,1.38896,1.79991,-0.394951,1,All,#4682B4,0
10,15,15,0.07519,3.2677,0.826554,1,All,#4682B4,0
1,16,1,0,3.3517,0.843045,1,All,#4682B4,0
2,16,1,0,3.3517,0.594054,1,All,#4682B4,0
3,16,1,0,3.3517,1.33906,1,All,#4682B4,0
4,16,1,0,3.3517,0.470269,1,All,#4682B4,0
5,16,1,0,3.3517,0.0871133,1,All,#4682B4,0
6,16,1,0,3.3517,0.253201,1,All,#4682B4,0
7,16,1,0,3.3517,0.475454,1,All,#4682B4,0
8,16,1,0,3.3517,0.300766,1,All,#4682B4,0
9,16,1,0,3.3517,0.77495,1,All,#4682B4,0
10,16,1,0,3.3517,0.333901,1,All,#4682B4,0
1,16,1.5,0.650643,2.62478,1.4133,1,All,#4682B4,0
2,16,1.5,0,3.3517,1.85976,1,All,#4682B4,0
3,16,1.5,0.816475,2.43951,-0.287749,1,All,#4682B4,0
4,16,1.5,0,3.3517,0.968378,1,All,#4682B4,0
5,16,1.5,0,3.3517,1.30335,1,All,#4682B4,0
6,16,1.5,0,3.3517,0.295298,1,All,#4682B4,0
7,16,1.5,0,3.3517,0.152251,1,All,#4682B4,0
8,16,1.5,0,3.3517,1.69474,1,All,#4682B4,0
9,16,1.5,0,3.3517,0.779868,1,All,#4682B4,0
10,16,1.5,2.00747,1.10889,0.270955,1,All,#4682B4,0
1,16,2,3.03248,-0.0362837,-1.23332,1,All,#4682B4,0
2,16,2,0.380785,2.92628,0.0380315,1,All,#4682B4,0
3,16,2,2.6191,0.425557,0.139095,1,All,#4682B4,0
4,16,2,2.17314,0.923794,-0.615631,1,All,#4682B4,0
5,16,2,1.87795,1.2536,0.484966,1,All,#4682B4,0
6,16,2,2.37319,0.700299,0.145644,1,All,#4682B4,0
7,16,2,0,3.3517,0.735142,1,All,#4682B4,0
8,16,2,0.710637,2.55775,-0.764331,1,All,#4682B4,0
9,16,2,2.20638,0.886662,-0.325131,1,All,#4682B4,0
10,16,2,3.61795,-0.69039,-1.19925,1,All,#4682B4,0
1,16,2.5,4.36949,0.751352,0.751352,0,All,#4682B4,0
2,16,2.5,3.39355,1.84171,1.84171,0,All,#4682B4,0
3,16,2.5,3.91124,1.26332,1.26332,0,All,#4682B4,0
4,16,2.5,4.36544,0.755875,0.755875,0,All,#4682B4,0
5,16,2.5,3.56953,1.64509,1.64509,0,All,#4682B4,0
6,16,2.5,3.94498,1.22563,1.22563,0,All,#4682B4,0
7,16,2.5,3.28504,1.96294,1.96294,0,All,#4682B4,0
8,16,2.5,2.87584,2.4201,2.4201,0,All,#4682B4,0
9,16,2.5,3.48835,1.73579,1.73579,0,All,#4682B4,0
10,16,2.5,4.68553,0.398263,0.398263,0,All,#4682B4,0
1,16,3,5.29104,-2.55963,-2.61808,1,All,#4682B4,0
2,16,3,4.74522,-1.94982,-2.12142,1,All,#4682B4,0
3,16,3,4.93518,-2.16205,-2.32621,1,All,#4682B4,0
4,16,3,5.49198,-2.78412,-2.98215,1,All,#4682B4,0
5,16,3,4.69704,-1.89599,-2.46918,1,All,#4682B4,0
6,16,3,5.05208,-2.29265,-2.80065,1,All,#4682B4,0
7,16,3,5.12559,-2.37478,-2.75254,1,All,#4682B4,0
8,16,3,4.35087,-1.50924,-2.01928,1,All,#4682B4,0
9,16,3,4.52005,-1.69825,-2.05347,1,All,#4682B4,0
10,16,3,5.45126,-2.73864,-3.03178,1,All,#4682B4,0
1,16,3.5,5.96751,0.637375,0.637375,0,All,#4682B4,0
2,16,3.5,5.58259,1.06742,1.06742,0,All,#4682B4,0
3,16,3.5,5.76541,0.863162,0.863162,0,All,#4682B4,0
4,16,3.5,6.18356,0.395993,0.395993,0,All,#4682B4,0
5,16,3.5,5.50682,1.15207,1.15207,0,All,#4682B4,0
6,16,3.5,5.87216,0.743898,0.743898,0,All,#4682B4,0
7,16,3.5,6.05401,0.540725,0.540725,0,All,#4682B4,0
8,16,3.5,5.44063,1.22602,1.22602,0,All,#4682B4,0
9,16,3.5,5.36834,1.30678,1.30678,0,All,#4682B4,0
10,16,3.5,6.02889,0.568801,0.568801,0,All,#4682B4,0
1,16,4,6.48313,-0.579986,-0.579986,0,All,#4682B4,0
2,16,4,6.15275,-0.210877,-0.210877,0,All,#4682B4,0
3,16,4,6.45015,-0.543138,-0.543138,0,All,#4682B4,0
4,16,4,6.64502,-0.760862,-0.760862,0,All,#4682B4,0
5,16,4,6.1139,-0.167478,-0.167478,0,All,#4682B4,0
6,16,4,6.5,-0.598839,-0.598839,0,All,#4682B4,0
7,16,4,6.60652,-0.717841,-0.717841,0,All,#4682B4,0
8,16,4,6.27919,-0.352136,-0.352136,0,All,#4682B4,0
9,16,4,6.07724,-0.126517,-0.126517,0,All,#4682B4,0
10,16,4,6.47831,-0.574601,-0.574601,0,All,#4682B4,0
1,16,4.5,6.87885,-0.0478713,-0.0478713,0,All,#4682B4,0
2,16,4.5,6.56116,0.307057,0.307057,0,All,#4682B4,0
3,16,4.5,7.0201,-0.205679,-0.205679,0,All,#4682B4,0
4,16,4.5,6.96444,-0.1435,-0.1435,0,All,#4682B4,0
5,16,4.5,6.5878,0.277293,0.277293,0,All,#4682B4,0
6,16,4.5,6.99705,-0.179931,-0.179931,0,All,#4682B4,0
7,16,4.5,6.96024,-0.138809,-0.138809,0,All,#4682B4,0
8,16,4.5,6.93575,-0.111444,-0.111444,0,All,#4682B4,0
9,16,4.5,6.67533,0.179501,0.179501,0,All,#4682B4,0
10,16,4.5,6.83423,0.00197361,0.00197361,0,All,#4682B4,0
1,16,5,7.18722,-0.889563,-0.889563,0,All,#4682B4,0
2,16,5,6.86038,-0.524406,-0.524406,0,All,#4682B4,0
3,16,5,7.49166,-1.22969,-1.22969,0,All,#4682B4,0
4,16,5,7.18494,-0.887018,-0.887018,0,All,#4682B4,0
5,16,5,6.95353,-0.628472,-0.628472,0,All,#4682B4,0
6,16,5,7.38788,-1.11375,-1.11375,0,All,#4682B4,0
7,16,5,7.19351,-0.896591,-0.896591,0,All,#4682B4,0
8,16,5,7.42993,-1.16073,-1.16073,0,All,#4682B4,0
9,16,5,7.17899,-0.88037,-0.88037,0,All,#4682B4,0
10,16,5,7.11609,-0.810101,-0.810101,0,All,#4682B4,0
1,16,5.5,7.41559,-0.878804,-0.878804,0,All,#4682B4,0
2,16,5.5,7.08047,-0.504392,-0.504392,0,All,#4682B4,0
3,16,5.5,7.86669,-1.38279,-1.38279,0,All,#4682B4,0
4,16,5.5,7.32758,-0.780483,-0.780483,0,All,#4682B4,0
5,16,5.5,7.23309,-0.674915,-0.674915,0,All,#4682B4,0
6,16,5.5,7.68589,-1.1808,-1.1808,0,All,#4682B4,0
7,16,5.5,7.3445,-0.79938,-0.79938,0,All,#4682B4,0
8,16,5.5,7.73161,-1.23188,-1.23188,0,All,#4682B4,0
9,16,5.5,7.58755,-1.07093,-1.07093,0,All,#4682B4,0
10,16,5.5,7.33296,-0.78649,-0.78649,0,All,#4682B4,0
1,16,6,7.56429,0.570579,0.570579,0,All,#4682B4,0
2,16,6,7.23791,0.93523,0.93523,0,All,#4682B4,0
3,16,6,8.12983,-0.0612604,-0.0612604,0,All,#4682B4,0
4,16,6,7.40225,0.75162,0.75162,0,All,#4682B4,0
5,16,6,7.43059,0.719959,0.719959,0,All,#4682B4,0
6,16,6,7.89073,0.205869,0.205869,0,All,#4682B4,0
7,16,6,7.43526,0.71474,0.71474,0,All,#4682B4,0
8,16,6,7.79834,0.309089,0.309089,0,All,#4682B4,0
9,16,6,7.87896,0.219017,0.219017,0,All,#4682B4,0
10,16,6,7.48735,0.656539,0.656539,0,All,#4682B4,0
1,16,6.5,7.62938,-0.290901,-0.290901,0,All,#4682B4,0
2,16,6.5,7.34092,0.0313707,0.0313707,0,All,#4682B4,0
3,16,6.5,8.25544,-0.990356,-0.990356,0,All,#4682B4,0
4,16,6.5,7.41403,-0.0503109,-0.0503109,0,All,#4682B4,0
5,16,6.5,7.54111,-0.192285,-0.192285,0,All,#4682B4,0
6,16,6.5,7.9916,-0.695589,-0.695589,0,All,#4682B4,0
7,16,6.5,7.47694,-0.120597,-0.120597,0,All,#4682B4,0
8,16,6.5,7.66286,-0.32831,-0.32831,0,All,#4682B4,0
9,16,6.5,8.01496,-0.721694,-0.721694,0,All,#4682B4,0
10,16,6.5,7.57791,-0.233405,-0.233405,0,All,#4682B4,0
1,16,7,7.61019,0.675719,0.675719,0,All,#4682B4,0
2,16,7,7.39354,0.91776,0.91776,0,All,#4682B4,0
3,16,7,8.2295,-0.0161969,-0.0161969,0,All,#4682B4,0
4,16,7,7.36971,0.944385,0.944385,0,All,#4682B4,0
5,16,7,7.56198,0.729577,0.729577,0,All,#4682B4,0
6,16,7,7.98065,0.261829,0.261829,0,All,#4682B4,0
7,16,7,7.47525,0.826478,0.826478,0,All,#4682B4,0
8,16,7,7.42583,0.881692,0.881692,0,All,#4682B4,0
9,16,7,7.97661,0.266339,0.266339,0,All,#4682B4,0
10,16,7,7.60372,0.682946,0.682946,0,All,#4682B4,0
1,16,7.5,7.51484,0.167763,0.167763,0,All,#4682B4,0
2,16,7.5,7.39766,0.298683,0.298683,0,All,#4682B4,0
3,16,7.5,8.06852,-0.450828,-0.450828,0,All,#4682B4,0
4,16,7.5,7.27541,0.435268,0.435268,0,All,#4682B4,0
5,16,7.5,7.49851,0.186008,0.186008,0,All,#4682B4,0
6,16,7.5,7.86256,-0.220723,-0.220723,0,All,#4682B4,0
7,16,7.5,7.43675,0.255008,0.255008,0,All,#4682B4,0
8,16,7.5,7.16258,0.561317,0.561317,0,All,#4682B4,0
9,16,7.5,7.79525,-0.145519,-0.145519,0,All,#4682B4,0
10,16,7.5,7.56937,0.106842,0.106842,0,All,#4682B4,0
1,16,8,7.36045,0.654201,0.654201,0,All,#4682B4,0
2,16,8,7.35624,0.658905,0.658905,0,All,#4682B4,0
3,16,8,7.8156,0.145684,0.145684,0,All,#4682B4,0
4,16,8,7.14434,0.895641,0.895641,0,All,#4682B4,0
5,16,8,7.36729,0.646557,0.646557,0,All,#4682B4,0
6,16,8,7.66191,0.317391,0.317391,0,All,#4682B4,0
7,16,8,7.36538,0.648687,0.648687,0,All,#4682B4,0
8,16,8,6.91433,1.15261,1.15261,0,All,#4682B4,0
9,16,8,7.53499,0.459199,0.459199,0,All,#4682B4,0
10,16,8,7.48333,0.516908,0.516908,0,All,#4682B4,0
1,16,8.5,7.16958,0.051866,0.051866,0,All,#4682B4,0
2,16,8.5,7.27057,-0.0609681,-0.0609681,0,All,#4682B4,0
3,16,8.5,7.52107,-0.34084,-0.34084,0,All,#4682B4,0
4,16,8.5,6.98908,0.253524,0.253524,0,All,#4682B4,0
5,16,8.5,7.19291,0.0257991,0.0257991,0,All,#4682B4,0
6,16,8.5,7.41226,-0.219272,-0.219272,0,All,#4682B4,0
7,16,8.5,7.26552,-0.0553263,-0.0553263,0,All,#4682B4,0
8,16,8.5,6.6972,0.579616,0.579616,0,All,#4682B4,0
9,16,8.5,7.25558,-0.0442213,-0.0442213,0,All,#4682B4,0
10,16,8.5,7.35535,-0.155691,-0.155691,0,All,#4682B4,0
1,16,9,6.96525,0.642135,0.642135,0,All,#4682B4,0
2,16,9,7.15041,0.435258,0.435258,0,All,#4682B4,0
3,16,9,7.22618,0.350613,0.350613,0,All,#4682B4,0
4,16,9,6.82383,0.800127,0.800127,0,All,#4682B4,0
5,16,9,7.00137,0.601781,0.601781,0,All,#4682B4,0
6,16,9,7.1512,0.434378,0.434378,0,All,#4682B4,0
7,16,9,7.12721,0.461181,0.461181,0,All,#4682B4,0
8,16,9,6.5154,1.14472,1.14472,0,All,#4682B4,0
9,16,9,6.99256,0.611615,0.611615,0,All,#4682B4,0
10,16,9,7.18757,0.393748,0.393748,0,All,#4682B4,0
1,16,9.5,6.76632,-0.591372,-0.591372,0,All,#4682B4,0
2,16,9.5,7.00484,-0.857853,-0.857853,0,All,#4682B4,0
3,16,9.5,6.95506,-0.802246,-0.802246,0,All,#4682B4,0
4,16,9.5,6.66534,-0.478557,-0.478557,0,All,#4682B4,0
5,16,9.5,6.81389,-0.644521,-0.644521,0,All,#4682B4,0
6,16,9.5,6.90073,-0.741547,-0.741547,0,All,#4682B4,0
7,16,9.5,6.95681,-0.804194,-0.804194,0,All,#4682B4,0
8,16,9.5,6.37152,-0.150286,-0.150286,0,All,#4682B4,0
9,16,9.5,6.75968,-0.583955,-0.583955,0,All,#4682B4,0
10,16,9.5,6.9944,-0.846194,-0.846194,0,All,#4682B4,0
1,16,10,6.58535,0.436451,0.436451,0,All,#4682B4,0
2,16,10,6.83732,0.154934,0.154934,0,All,#4682B4,0
3,16,10,6.71801,0.28824,0.28824,0,All,#4682B4,0
4,16,10,6.51122,0.519271,0.519271,0,All,#4682B4,0
5,16,10,6.64447,0.370398,0.370398,0,All,#4682B4,0
6,16,10,6.67663,0.33447,0.33447,0,All,#4682B4,0
7,16,10,6.76477,0.235996,0.235996,0,All,#4682B4,0
8,16,10,6.26438,0.795048,0.795048,0,All,#4682B4,0
9,16,10,6.5612,0.463428,0.463428,0,All,#4682B4,0
10,16,10,6.79018,0.207601,0.207601,0,All,#4682B4,0
1,16,10.5,6.42913,0.558468,0.558468,0,All,#4682B4,0
2,16,10.5,6.64436,0.318014,0.318014,0,All,#4682B4,0
3,16,10.5,6.51868,0.458426,0.458426,0,All,#4682B4,0
4,16,10.5,6.33709,0.661304,0.661304,0,All,#4682B4,0
5,16,10.5,6.50139,0.477739,0.477739,0,All,#4682B4,0
6,16,10.5,6.48952,0.490997,0.490997,0,All,#4682B4,0
7,16,10.5,6.55972,0.412577,0.412577,0,All,#4682B4,0
8,16,10.5,6.19298,0.82231,0.82231,0,All,#4682B4,0
9,16,10.5,6.39768,0.59361,0.59361,0,All,#4682B4,0
10,16,10.5,6.58353,0.385976,0.385976,0,All,#4682B4,0
1,16,11,6.29777,1.39569,1.39569,0,All,#4682B4,0
2,16,11,6.44108,1.23557,1.23557,0,All,#4682B4,0
3,16,11,6.35751,1.32894,1.32894,0,All,#4682B4,0
4,16,11,6.1519,1.55865,1.55865,0,All,#4682B4,0
5,16,11,6.38455,1.29873,1.29873,0,All,#4682B4,0
6,16,11,6.34252,1.34569,1.34569,0,All,#4682B4,0
7,16,11,6.34918,1.33825,1.33825,0,All,#4682B4,0
8,16,11,6.1548,1.55542,1.55542,0,All,#4682B4,0
9,16,11,6.27746,1.41837,1.41837,0,All,#4682B4,0
10,16,11,6.38174,1.30186,1.30186,0,All,#4682B4,0
1,16,11.5,6.16986,0.815739,0.815739,0,All,#4682B4,0
2,16,11.5,6.23756,0.740103,0.740103,0,All,#4682B4,0
3,16,11.5,6.21548,0.764769,0.764769,0,All,#4682B4,0
4,16,11.5,5.96654,1.04289,1.04289,0,All,#4682B4,0
5,16,11.5,6.27344,0.70002,0.70002,0,All,#4682B4,0
6,16,11.5,6.2057,0.775693,0.775693,0,All,#4682B4,0
7,16,11.5,6.14069,0.848323,0.848323,0,All,#4682B4,0
8,16,11.5,6.1386,0.850666,0.850666,0,All,#4682B4,0
9,16,11.5,6.19198,0.791024,0.791024,0,All,#4682B4,0
10,16,11.5,6.19046,0.792719,0.792719,0,All,#4682B4,0
1,16,12,6.0447,0.699724,0.699724,0,All,#4682B4,0
2,16,12,6.0412,0.703638,0.703638,0,All,#4682B4,0
3,16,12,6.0629,0.679386,0.679386,0,All,#4682B4,0
4,16,12,5.78729,0.987313,0.987313,0,All,#4682B4,0
5,16,12,6.16511,0.565197,0.565197,0,All,#4682B4,0
6,16,12,6.05966,0.683013,0.683013,0,All,#4682B4,0
7,16,12,5.93618,0.82097,0.82097,0,All,#4682B4,0
8,16,12,6.09863,0.639466,0.639466,0,All,#4682B4,0
9,16,12,6.13656,0.597098,0.597098,0,All,#4682B4,0
10,16,12,6.01371,0.734347,0.734347,0,All,#4682B4,0
1,16,12.5,5.92377,1.09403,1.09403,0,All,#4682B4,0
2,16,12.5,5.8592,1.16617,1.16617,0,All,#4682B4,0
3,16,12.5,5.90557,1.11437,1.11437,0,All,#4682B4,0
4,16,12.5,5.61767,1.43602,1.43602,0,All,#4682B4,0
5,16,12.5,6.06156,0.94009,0.94009,0,All,#4682B4,0
6,16,12.5,5.91046,1.1089,1.1089,0,All,#4682B4,0
7,16,12.5,5.74339,1.29556,1.29556,0,All,#4682B4,0
8,16,12.5,6.02614,0.979657,0.979657,0,All,#4682B4,0
9,16,12.5,6.05425,0.948256,0.948256,0,All,#4682B4,0
10,16,12.5,5.8539,1.17209,1.17209,0,All,#4682B4,0
1,16,13,5.80883,-1.08688,-1.08688,0,All,#4682B4,0
2,16,13,5.69436,-0.958992,-0.958992,0,All,#4682B4,0
3,16,13,5.74447,-1.01497,-1.01497,0,All,#4682B4,0
4,16,13,5.45871,-0.695718,-0.695718,0,All,#4682B4,0
5,16,13,5.96535,-1.26175,-1.26175,0,All,#4682B4,0
6,16,13,5.75885,-1.03104,-1.03104,0,All,#4682B4,0
7,16,13,5.56158,-0.810648,-0.810648,0,All,#4682B4,0
8,16,13,5.92366,-1.21517,-1.21517,0,All,#4682B4,0
9,16,13,5.94413,-1.23804,-1.23804,0,All,#4682B4,0
10,16,13,5.71206,-0.978763,-0.978763,0,All,#4682B4,0
1,16,13.5,5.70033,0.332564,0.332564,0,All,#4682B4,0
2,16,13.5,5.55121,0.49917,0.49917,0,All,#4682B4,0
3,16,13.5,5.57974,0.467296,0.467296,0,All,#4682B4,0
4,16,13.5,5.31051,0.768086,0.768086,0,All,#4682B4,0
5,16,13.5,5.87521,0.137191,0.137191,0,All,#4682B4,0
6,16,13.5,5.60502,0.439056,0.439056,0,All,#4682B4,0
7,16,13.5,5.39535,0.673296,0.673296,0,All,#4682B4,0
8,16,13.5,5.79271,0.229358,0.229358,0,All,#4682B4,0
9,16,13.5,5.80534,0.215247,0.215247,0,All,#4682B4,0
10,16,13.5,5.58795,0.45812,0.45812,0,All,#4682B4,0
1,16,14,5.59822,-0.811358,-0.811358,0,All,#4682B4,0
2,16,14,5.4305,-0.623978,-0.623978,0,All,#4682B4,0
3,16,14,5.41279,-0.604192,-0.604192,0,All,#4682B4,0
4,16,14,5.17174,-0.334877,-0.334877,0,All,#4682B4,0
5,16,14,5.78937,-1.02492,-1.02492,0,All,#4682B4,0
6,16,14,5.4489,-0.644532,-0.644532,0,All,#4682B4,0
7,16,14,5.24302,-0.414512,-0.414512,0,All,#4682B4,0
8,16,14,5.6372,-0.854908,-0.854908,0,All,#4682B4,0
9,16,14,5.63822,-0.85605,-0.85605,0,All,#4682B4,0
10,16,14,5.48064,-0.679992,-0.679992,0,All,#4682B4,0
1,16,14.5,5.50202,1.37529,1.37529,0,All,#4682B4,0
2,16,14.5,5.33188,1.56538,1.56538,0,All,#4682B4,0
3,16,14.5,5.23856,1.66963,1.66963,0,All,#4682B4,0
4,16,14.5,5.04076,1.89063,1.89063,0,All,#4682B4,0
5,16,14.5,5.70889,1.14417,1.14417,0,All,#4682B4,0
6,16,14.5,5.29389,1.60782,1.60782,0,All,#4682B4,0
7,16,14.5,5.10513,1.81872,1.81872,0,All,#4682B4,0
8,16,14.5,5.45529,1.42751,1.42751,0,All,#4682B4,0
9,16,14.5,5.44441,1.43965,1.43965,0,All,#4682B4,0
10,16,14.5,5.38845,1.50218,1.50218,0,All,#4682B4,0
1,16,15,5.41168,-1.25653,-1.25653,0,All,#4682B4,0
2,16,15,5.25413,-1.08051,-1.08051,0,All,#4682B4,0
3,16,15,5.06012,-0.863753,-0.863753,0,All,#4682B4,0
4,16,15,4.91787,-0.704827,-0.704827,0,All,#4682B4,0
5,16,15,5.63196,-1.50263,-1.50263,0,All,#4682B4,0
6,16,15,5.13506,-0.947484,-0.947484,0,All,#4682B4,0
7,16,15,4.98094,-0.775292,-0.775292,0,All,#4682B4,0
8,16,15,5.25418,-1.08057,-1.08057,0,All,#4682B4,0
9,16,15,5.22525,-1.04825,-1.04825,0,All,#4682B4,0
10,16,15,5.30921,-1.14205,-1.14205,0,All,#4682B4,0
1,16,15.5,5.32355,-1.33236,-1.33236,0,All,#4682B4,0
2,16,15.5,5.19519,-1.18895,-1.18895,0,All,#4682B4,0
3,16,15.5,4.87648,-0.832877,-0.832877,0,All,#4682B4,0
4,16,15.5,4.79827,-0.745494,-0.745494,0,All,#4682B4,0
5,16,15.5,5.55869,-1.59506,-1.59506,0,All,#4682B4,0
6,16,15.5,4.97498,-0.942929,-0.942929,0,All,#4682B4,0
7,16,15.5,4.86928,-0.824828,-0.824828,0,All,#4682B4,0
8,16,15.5,5.03513,-1.01012,-1.01012,0,All,#4682B4,0
9,16,15.5,4.98329,-0.952209,-0.952209,0,All,#4682B4,0
10,16,15.5,5.24097,-1.24009,-1.24009,0,All,#4682B4,0
1,16,16,5.23998,-0.942923,-0.942923,0,All,#4682B4,0
2,16,16,5.15276,-0.845477,-0.845477,0,All,#4682B4,0
3,16,16,4.68736,-0.325517,-0.325517,0,All,#4682B4,0
4,16,16,4.68214,-0.319685,-0.319685,0,All,#4682B4,0
5,16,16,5.48546,-1.21719,-1.21719,0,All,#4682B4,0
6,16,16,4.81251,-0.465344,-0.465344,0,All,#4682B4,0
7,16,16,4.76903,-0.416759,-0.416759,0,All,#4682B4,0
8,16,16,4.80075,-0.452197,-0.452197,0,All,#4682B4,0
9,16,16,4.72013,-0.362134,-0.362134,0,All,#4682B4,0
10,16,16,5.18202,-0.87817,-0.87817,0,All,#4682B4,0
1,16,16.5,5.159,-0.693798,-0.693798,0,All,#4682B4,0
2,16,16.5,5.1243,-0.655037,-0.655037,0,All,#4682B4,0
3,16,16.5,4.49385,0.0493312,0.0493312,0,All,#4682B4,0
4,16,16.5,4.5647,-0.0298338,-0.0298338,0,All,#4682B4,0
5,16,16.5,5.41435,-0.979084,-0.979084,0,All,#4682B4,0
6,16,16.5,4.64695,-0.121723,-0.121723,0,All,#4682B4,0
7,16,16.5,4.67902,-0.157557,-0.157557,0,All,#4682B4,0
8,16,16.5,4.5533,-0.0170941,-0.0170941,0,All,#4682B4,0
9,16,16.5,4.43753,0.11225,0.11225,0,All,#4682B4,0
10,16,16.5,5.12924,-0.660557,-0.660557,0,All,#4682B4,0
1,16,17,5.07646,-0.0273325,-0.0273325,0,All,#4682B4,0
2,16,17,5.10733,-0.0618123,-0.0618123,0,All,#4682B4,0
3,16,17,4.29182,0.849301,0.849301,0,All,#4682B4,0
4,16,17,4.44956,0.673062,0.673062,0,All,#4682B4,0
5,16,17,5.34157,-0.323519,-0.323519,0,All,#4682B4,0
6,16,17,4.4799,0.639171,0.639171,0,All,#4682B4,0
7,16,17,4.5978,0.507448,0.507448,0,All,#4682B4,0
8,16,17,4.29391,0.846962,0.846962,0,All,#4682B4,0
9,16,17,4.13637,1.02298,1.02298,0,All,#4682B4,0
10,16,17,5.08103,-0.0324302,-0.0324302,0,All,#4682B4,0
1,17,1,0,3.3517,0.806709,1,All,#4682B4,0
2,17,1,0,3.3517,0.573389,1,All,#4682B4,0
3,17,1,0,3.3517,0.834655,1,All,#4682B4,0
4,17,1,0,3.3517,1.474,1,All,#4682B4,0
5,17,1,0,3.3517,0.0700093,1,All,#4682B4,0
6,17,1,0,3.3517,0.920022,1,All,#4682B4,0
7,17,1,0,3.3517,0.899997,1,All,#4682B4,0
8,17,1,0,3.3517,1.06689,1,All,#4682B4,0
9,17,1,0,3.3517,0.863158,1,All,#4682B4,0
10,17,1,0,3.3517,1.51345,1,All,#4682B4,0
1,17,1.5,0,3.3517,1.17664,1,All,#4682B4,0
2,17,1.5,0,3.3517,0.291021,1,All,#4682B4,0
3,17,1.5,0,3.3517,1.59485,1,All,#4682B4,0
4,17,1.5,0,3.3517,1.74748,1,All,#4682B4,0
5,17,1.5,0,3.3517,1.87836,1,All,#4682B4,0
6,17,1.5,0,3.3517,0.174567,1,All,#4682B4,0
7,17,1.5,0,3.3517,0.31572,1,All,#4682B4,0
8,17,1.5,0,3.3517,0.867853,1,All,#4682B4,0
9,17,1.5,0,3.3517,0.666742,1,All,#4682B4,0
10,17,1.5,0,3.3517,1.22964,1,All,#4682B4,0
1,17,2,1.20299,2.00768,-0.23649,1,All,#4682B4,0
2,17,2,0,3.3517,0.684027,1,All,#4682B4,0
3,17,2,0,3.3517,0.857158,1,All,#4682B4,0
4,17,2,0,3.3517,0.574992,1,All,#4682B4,0
5,17,2,0,3.3517,0.528871,1,All,#4682B4,0
6,17,2,1.89541,1.23408,0.111941,1,All,#4682B4,0
7,17,2,0,3.3517,0.897185,1,All,#4682B4,0
8,17,2,0,3.3517,0.920012,1,All,#4682B4,0
9,17,2,0,3.3517,0.731544,1,All,#4682B4,0
10,17,2,0,3.3517,1.40408,1,All,#4682B4,0
1,17,2.5,2.9964,0.00401982,-0.0764563,1,All,#4682B4,0
2,17,2.5,0.414134,2.88902,-0.223578,1,All,#4682B4,0
3,17,2.5,2.2932,0.789656,0.465984,1,All,#4682B4,0
4,17,2.5,0,3.3517,0.250659,1,All,#4682B4,0
5,17,2.5,0.32255,2.99134,0.800944,1,All,#4682B4,0
6,17,2.5,3.14178,-0.158405,-0.3833,1,All,#4682B4,0
7,17,2.5,0.987182,2.24879,-0.0541709,1,All,#4682B4,0
8,17,2.5,1.41545,1.77031,-0.294775,1,All,#4682B4,0
9,17,2.5,0,3.3517,2.61074,1,All,#4682B4,0
10,17,2.5,1.68109,1.47353,1.24683,1,All,#4682B4,0
1,17,3,4.28372,-0.579533,-0.579533,0,All,#4682B4,0
2,17,3,3.32508,0.491496,0.491496,0,All,#4682B4,0
3,17,3,4.0487,-0.31696,-0.31696,0,All,#4682B4,0
4,17,3,4.03871,-0.305799,-0.305799,0,All,#4682B4,0
5,17,3,3.72425,0.0455324,0.0455324,0,All,#4682B4,0
6,17,3,4.22274,-0.511408,-0.511408,0,All,#4682B4,0
7,17,3,3.49776,0.298574,0.298574,0,All,#4682B4,0
8,17,3,3.35243,0.460932,0.460932,0,All,#4682B4,0
9,17,3,3.77595,-0.0122328,-0.0122328,0,All,#4682B4,0
10,17,3,3.68263,0.0920315,0.0920315,0,All,#4682B4,0
1,17,3.5,5.36529,0.220892,0.220892,0,All,#4682B4,0
2,17,3.5,4.88135,0.761565,0.761565,0,All,#4682B4,0
3,17,3.5,5.27855,0.317793,0.317793,0,All,#4682B4,0
4,17,3.5,6.06998,-0.566418,-0.566418,0,All,#4682B4,0
5,17,3.5,5.24494,0.355352,0.355352,0,All,#4682B4,0
6,17,3.5,5.16962,0.439494,0.439494,0,All,#4682B4,0
7,17,3.5,4.99666,0.632734,0.632734,0,All,#4682B4,0
8,17,3.5,4.77693,0.878225,0.878225,0,All,#4682B4,0
9,17,3.5,5.60973,-0.0522038,-0.0522038,0,All,#4682B4,0
10,17,3.5,4.99983,0.629198,0.629198,0,All,#4682B4,0
1,17,4,6.28614,-0.107409,-0.107409,0,All,#4682B4,0
2,17,4,5.95344,0.264291,0.264291,0,All,#4682B4,0
3,17,4,6.18898,0.00113651,0.00113651,0,All,#4682B4,0
4,17,4,7.01165,-0.917977,-0.917977,0,All,#4682B4,0
5,17,4,6.18824,0.00196584,0.00196584,0,All,#4682B4,0
6,17,4,6.00618,0.205373,0.205373,0,All,#4682B4,0
7,17,4,6.02899,0.179882,0.179882,0,All,#4682B4,0
8,17,4,5.88894,0.336349,0.336349,0,All,#4682B4,0
9,17,4,6.55238,-0.404858,-0.404858,0,All,#4682B4,0
10,17,4,5.94394,0.274906,0.274906,0,All,#4682B4,0
1,17,4.5,7.07828,-0.570097,-0.570097,0,All,#4682B4,0
2,17,4.5,6.74592,-0.198779,-0.198779,0,All,#4682B4,0
3,17,4.5,6.88824,-0.357783,-0.357783,0,All,#4682B4,0
4,17,4.5,7.55503,-1.10274,-1.10274,0,All,#4682B4,0
5,17,4.5,6.82888,-0.29146,-0.29146,0,All,#4682B4,0
6,17,4.5,6.74972,-0.20302,-0.20302,0,All,#4682B4,0
7,17,4.5,6.78427,-0.241629,-0.241629,0,All,#4682B4,0
8,17,4.5,6.78135,-0.238366,-0.238366,0,All,#4682B4,0
9,17,4.5,7.13295,-0.631183,-0.631183,0,All,#4682B4,0
10,17,4.5,6.65503,-0.0972383,-0.0972383,0,All,#4682B4,0
1,17,5,7.76316,-0.591195,-0.591195,0,All,#4682B4,0
2,17,5,7.34464,-0.123611,-0.123611,0,All,#4682B4,0
3,17,5,7.43421,-0.223682,-0.223682,0,All,#4682B4,0
4,17,5,7.88715,-0.729722,-0.729722,0,All,#4682B4,0
5,17,5,7.28221,-0.0538624,-0.0538624,0,All,#4682B4,0
6,17,5,7.40977,-0.196372,-0.196372,0,All,#4682B4,0
7,17,5,7.35344,-0.133442,-0.133442,0,All,#4682B4,0
8,17,5,7.50717,-0.305191,-0.305191,0,All,#4682B4,0
9,17,5,7.50806,-0.306185,-0.306185,0,All,#4682B4,0
10,17,5,7.20303,0.0346006,0.0346006,0,All,#4682B4,0
1,17,5.5,8.34089,-0.393144,-0.393144,0,All,#4682B4,0
2,17,5.5,7.79365,0.21825,0.21825,0,All,#4682B4,0
3,17,5.5,7.85677,0.147737,0.147737,0,All,#4682B4,0
4,17,5.5,8.07376,-0.094693,-0.094693,0,All,#4682B4,0
5,17,5.5,7.60256,0.43174,0.43174,0,All,#4682B4,0
6,17,5.5,7.9792,0.0109463,0.0109463,0,All,#4682B4,0
7,17,5.5,7.77543,0.238612,0.238612,0,All,#4682B4,0
8,17,5.5,8.08316,-0.105197,-0.105197,0,All,#4682B4,0
9,17,5.5,7.74541,0.272152,0.272152,0,All,#4682B4,0
10,17,5.5,7.62085,0.411315,0.411315,0,All,#4682B4,0
1,17,6,8.77658,-1.44635,-1.44635,0,All,#4682B4,0
2,17,6,8.09164,-0.681106,-0.681106,0,All,#4682B4,0
3,17,6,8.15241,-0.749007,-0.749007,0,All,#4682B4,0
4,17,6,8.13497,-0.729517,-0.729517,0,All,#4682B4,0
5,17,6,7.80838,-0.364647,-0.364647,0,All,#4682B4,0
6,17,6,8.41056,-1.03742,-1.03742,0,All,#4682B4,0
7,17,6,8.04958,-0.634118,-0.634118,0,All,#4682B4,0
8,17,6,8.47236,-1.10646,-1.10646,0,All,#4682B4,0
9,17,6,7.87591,-0.440085,-0.440085,0,All,#4682B4,0
10,17,6,7.90754,-0.475423,-0.475423,0,All,#4682B4,0
1,17,6.5,8.98827,-0.218165,-0.218165,0,All,#4682B4,0
2,17,6.5,8.20559,0.656276,0.656276,0,All,#4682B4,0
3,17,6.5,8.30031,0.550449,0.550449,0,All,#4682B4,0
4,17,6.5,8.07943,0.797223,0.797223,0,All,#4682B4,0
5,17,6.5,7.8898,1.00909,1.00909,0,All,#4682B4,0
6,17,6.5,8.60991,0.204549,0.204549,0,All,#4682B4,0
7,17,6.5,8.15061,0.717703,0.717703,0,All,#4682B4,0
8,17,6.5,8.5912,0.225457,0.225457,0,All,#4682B4,0
9,17,6.5,7.91126,0.985109,0.985109,0,All,#4682B4,0
10,17,6.5,8.02488,0.858171,0.858171,0,All,#4682B4,0
1,17,7,8.91189,1.03245,1.03245,0,All,#4682B4,0
2,17,7,8.11138,1.92681,1.92681,0,All,#4682B4,0
3,17,7,8.28043,1.73793,1.73793,0,All,#4682B4,0
4,17,7,7.91919,2.14153,2.14153,0,All,#4682B4,0
5,17,7,7.83344,2.23733,2.23733,0,All,#4682B4,0
6,17,7,8.51913,1.47125,1.47125,0,All,#4682B4,0
7,17,7,8.0666,1.97683,1.97683,0,All,#4682B4,0
8,17,7,8.41255,1.59033,1.59033,0,All,#4682B4,0
9,17,7,7.85635,2.21173,2.21173,0,All,#4682B4,0
10,17,7,7.94813,2.1092,2.1092,0,All,#4682B4,0
1,17,7.5,8.58001,0.351918,0.351918,0,All,#4682B4,0
2,17,7.5,7.84192,1.17654,1.17654,0,All,#4682B4,0
3,17,7.5,8.08889,0.90061,0.90061,0,All,#4682B4,0
4,17,7.5,7.66897,1.36976,1.36976,0,All,#4682B4,0
5,17,7.5,7.64729,1.39398,1.39398,0,All,#4682B4,0
6,17,7.5,8.20122,0.775112,0.775112,0,All,#4682B4,0
7,17,7.5,7.82501,1.19543,1.19543,0,All,#4682B4,0
8,17,7.5,8.02196,0.97539,0.97539,0,All,#4682B4,0
9,17,7.5,7.7156,1.31767,1.31767,0,All,#4682B4,0
10,17,7.5,7.69822,1.33708,1.33708,0,All,#4682B4,0
1,17,8,8.08227,0.487927,0.487927,0,All,#4682B4,0
2,17,8,7.45516,1.18856,1.18856,0,All,#4682B4,0
3,17,8,7.7464,0.86317,0.86317,0,All,#4682B4,0
4,17,8,7.34722,1.30915,1.30915,0,All,#4682B4,0
5,17,8,7.34771,1.30861,1.30861,0,All,#4682B4,0
6,17,8,7.7714,0.835241,0.835241,0,All,#4682B4,0
7,17,8,7.47325,1.16835,1.16835,0,All,#4682B4,0
8,17,8,7.52587,1.10956,1.10956,0,All,#4682B4,0
9,17,8,7.49582,1.14314,1.14314,0,All,#4682B4,0
10,17,8,7.3207,1.33878,1.33878,0,All,#4682B4,0
1,17,8.5,7.50497,-0.256933,-0.256933,0,All,#4682B4,0
2,17,8.5,6.99786,0.309633,0.309633,0,All,#4682B4,0
3,17,8.5,7.29636,-0.0238643,-0.0238643,0,All,#4682B4,0
4,17,8.5,6.9711,0.339532,0.339532,0,All,#4682B4,0
5,17,8.5,6.96263,0.348995,0.348995,0,All,#4682B4,0
6,17,8.5,7.29622,-0.02371,-0.02371,0,All,#4682B4,0
7,17,8.5,7.04373,0.258386,0.258386,0,All,#4682B4,0
8,17,8.5,6.99375,0.31422,0.31422,0,All,#4682B4,0
9,17,8.5,7.20685,0.0761342,0.0761342,0,All,#4682B4,0
10,17,8.5,6.86619,0.456732,0.456732,0,All,#4682B4,0
1,17,9,6.89363,-0.557082,-0.557082,0,All,#4682B4,0
2,17,9,6.50056,-0.117936,-0.117936,0,All,#4682B4,0
3,17,9,6.77818,-0.428102,-0.428102,0,All,#4682B4,0
4,17,9,6.55481,-0.178545,-0.178545,0,All,#4682B4,0
5,17,9,6.51449,-0.133504,-0.133504,0,All,#4682B4,0
6,17,9,6.80584,-0.459006,-0.459006,0,All,#4682B4,0
7,17,9,6.5711,-0.196741,-0.196741,0,All,#4682B4,0
8,17,9,6.45649,-0.0686941,-0.0686941,0,All,#4682B4,0
9,17,9,6.86146,-0.521147,-0.521147,0,All,#4682B4,0
10,17,9,6.3812,0.0154199,0.0154199,0,All,#4682B4,0
1,17,9.5,6.27905,-0.392205,-0.392205,0,All,#4682B4,0
2,17,9.5,5.98338,-0.0618714,-0.0618714,0,All,#4682B4,0
3,17,9.5,6.22282,-0.329381,-0.329381,0,All,#4682B4,0
4,17,9.5,6.11209,-0.20567,-0.20567,0,All,#4682B4,0
5,17,9.5,6.02747,-0.111127,-0.111127,0,All,#4682B4,0
6,17,9.5,6.31524,-0.432635,-0.432635,0,All,#4682B4,0
7,17,9.5,6.08045,-0.170326,-0.170326,0,All,#4682B4,0
8,17,9.5,5.92373,0.00476512,0.00476512,0,All,#4682B4,0
9,17,9.5,6.47496,-0.611084,-0.611084,0,All,#4682B4,0
10,17,9.5,5.89698,0.034652,0.034652,0,All,#4682B4,0
1,17,10,5.6784,-0.827205,-0.827205,0,All,#4682B4,0
2,17,10,5.46246,-0.585945,-0.585945,0,All,#4682B4,0
3,17,10,5.65529,-0.801379,-0.801379,0,All,#4682B4,0
4,17,10,5.65833,-0.804774,-0.804774,0,All,#4682B4,0
5,17,10,5.52726,-0.658339,-0.658339,0,All,#4682B4,0
6,17,10,5.83246,-0.999318,-0.999318,0,All,#4682B4,0
7,17,10,5.59082,-0.729357,-0.729357,0,All,#4682B4,0
8,17,10,5.40869,-0.525876,-0.525876,0,All,#4682B4,0
9,17,10,6.05977,-1.25328,-1.25328,0,All,#4682B4,0
10,17,10,5.42865,-0.548166,-0.548166,0,All,#4682B4,0
1,17,10.5,5.0979,0.88831,0.88831,0,All,#4682B4,0
2,17,10.5,4.95266,1.05058,1.05058,0,All,#4682B4,0
3,17,10.5,5.09752,0.888734,0.888734,0,All,#4682B4,0
4,17,10.5,5.20677,0.766683,0.766683,0,All,#4682B4,0
5,17,10.5,5.03953,0.953521,0.953521,0,All,#4682B4,0
6,17,10.5,5.36264,0.592535,0.592535,0,All,#4682B4,0
7,17,10.5,5.11959,0.864086,0.864086,0,All,#4682B4,0
8,17,10.5,4.92054,1.08647,1.08647,0,All,#4682B4,0
9,17,10.5,5.6308,0.292937,0.292937,0,All,#4682B4,0
10,17,10.5,4.98926,1.00969,1.00969,0,All,#4682B4,0
1,17,11,4.53778,-0.475693,-0.475693,0,All,#4682B4,0
2,17,11,4.46714,-0.396771,-0.396771,0,All,#4682B4,0
3,17,11,4.56801,-0.509473,-0.509473,0,All,#4682B4,0
4,17,11,4.7771,-0.743069,-0.743069,0,All,#4682B4,0
5,17,11,4.58525,-0.528732,-0.528732,0,All,#4682B4,0
6,17,11,4.91024,-0.891823,-0.891823,0,All,#4682B4,0
7,17,11,4.67956,-0.634103,-0.634103,0,All,#4682B4,0
8,17,11,4.46539,-0.394824,-0.394824,0,All,#4682B4,0
9,17,11,5.19765,-1.21293,-1.21293,0,All,#4682B4,0
10,17,11,4.58928,-0.533231,-0.533231,0,All,#4682B4,0
1,17,11.5,3.99456,0.598216,0.598216,0,All,#4682B4,0
2,17,11.5,4.01636,0.573852,0.573852,0,All,#4682B4,0
3,17,11.5,4.08045,0.502253,0.502253,0,All,#4682B4,0
4,17,11.5,4.38892,0.157619,0.157619,0,All,#4682B4,0
5,17,11.5,4.18522,0.385204,0.385204,0,All,#4682B4,0
6,17,11.5,4.47874,0.0572687,0.0572687,0,All,#4682B4,0
7,17,11.5,4.27924,0.280161,0.280161,0,All,#4682B4,0
8,17,11.5,4.0472,0.539403,0.539403,0,All,#4682B4,0
9,17,11.5,4.77722,-0.276205,-0.276205,0,All,#4682B4,0
10,17,11.5,4.23333,0.331446,0.331446,0,All,#4682B4,0
1,17,12,3.47536,0.390634,0.390634,0,All,#4682B4,0
2,17,12,3.6081,0.242323,0.242323,0,All,#4682B4,0
3,17,12,3.64335,0.202946,0.202946,0,All,#4682B4,0
4,17,12,4.05755,-0.259807,-0.259807,0,All,#4682B4,0
5,17,12,3.84474,-0.022052,-0.022052,0,All,#4682B4,0
6,17,12,4.07191,-0.275853,-0.275853,0,All,#4682B4,0
7,17,12,3.92285,-0.109319,-0.109319,0,All,#4682B4,0
8,17,12,3.66834,0.175027,0.175027,0,All,#4682B4,0
9,17,12,4.37668,-0.616353,-0.616353,0,All,#4682B4,0
10,17,12,3.91734,-0.103168,-0.103168,0,All,#4682B4,0
1,17,12.5,2.98337,0.0185805,-1.3602,1,All,#4682B4,0
2,17,12.5,3.24694,-0.275885,-1.05172,1,All,#4682B4,0
3,17,12.5,3.25875,-0.289081,-2.07051,1,All,#4682B4,0
4,17,12.5,3.79035,-0.88301,-1.53276,1,All,#4682B4,0
5,17,12.5,3.56422,-0.630366,-1.49036,1,All,#4682B4,0
6,17,12.5,3.68909,-0.769874,-2.00739,1,All,#4682B4,0
7,17,12.5,3.61291,-0.684762,-1.12281,1,All,#4682B4,0
8,17,12.5,3.33069,-0.36946,-1.21868,1,All,#4682B4,0
9,17,12.5,4.0084,-1.12662,-2.63155,1,All,#4682B4,0
10,17,12.5,3.64181,-0.717047,-1.60473,1,All,#4682B4,0
1,17,13,2.52264,0.533328,-0.355896,1,All,#4682B4,0
2,17,13,2.93585,0.0716693,-0.139546,1,All,#4682B4,0
3,17,13,2.92807,0.0803597,-1.43499,1,All,#4682B4,0
4,17,13,3.58732,-0.656177,-1.34715,1,All,#4682B4,0
5,17,13,3.34152,-0.381559,-1.64644,1,All,#4682B4,0
6,17,13,3.3331,-0.372152,-0.626204,1,All,#4682B4,0
7,17,13,3.34945,-0.390414,-2.73242,1,All,#4682B4,0
8,17,13,3.03509,-0.0392065,-0.196485,1,All,#4682B4,0
9,17,13,3.67222,-0.751024,-1.889,1,All,#4682B4,0
10,17,13,3.40485,-0.452317,-1.91953,1,All,#4682B4,0
1,17,13.5,2.09403,1.01218,-1.80734,1,All,#4682B4,0
2,17,13.5,2.67452,0.363632,-0.139889,1,All,#4682B4,0
3,17,13.5,2.65062,0.390342,-0.300362,1,All,#4682B4,0
4,17,13.5,3.44224,-0.494089,-0.52616,1,All,#4682B4,0
5,17,13.5,3.16981,-0.189713,-0.339218,1,All,#4682B4,0
6,17,13.5,3.00423,-0.0047237,-1.15108,1,All,#4682B4,0
7,17,13.5,3.13161,-0.14704,-0.524098,1,All,#4682B4,0
8,17,13.5,2.78188,0.243688,-1.4342,1,All,#4682B4,0
9,17,13.5,3.37886,-0.423276,-1.95272,1,All,#4682B4,0
10,17,13.5,3.20432,-0.228277,-0.501145,1,All,#4682B4,0
1,17,14,1.70013,1.45226,0.180029,1,All,#4682B4,0
2,17,14,2.45956,0.6038,-0.0832479,1,All,#4682B4,0
3,17,14,2.42407,0.643449,-0.284773,1,All,#4682B4,0
4,17,14,3.34546,-0.38596,-0.838445,1,All,#4682B4,0
5,17,14,3.04165,-0.0465283,-1.82177,1,All,#4682B4,0
6,17,14,2.70506,0.329515,-2.73297,1,All,#4682B4,0
7,17,14,2.95622,0.0489105,-1.14272,1,All,#4682B4,0
8,17,14,2.56933,0.481164,-1.16014,1,All,#4682B4,0
9,17,14,3.12326,-0.13771,-0.249739,1,All,#4682B4,0
10,17,14,3.0303,-0.0338533,-1.02726,1,All,#4682B4,0
1,17,14.5,1.34072,3.43804,3.43804,0,All,#4682B4,0
2,17,14.5,2.29131,2.37601,2.37601,0,All,#4682B4,0
3,17,14.5,2.24505,2.42769,2.42769,0,All,#4682B4,0
4,17,14.5,3.2884,1.26202,1.26202,0,All,#4682B4,0
5,17,14.5,2.9501,1.63998,1.63998,0,All,#4682B4,0
6,17,14.5,2.43322,2.21746,2.21746,0,All,#4682B4,0
7,17,14.5,2.81932,1.78611,1.78611,0,All,#4682B4,0
8,17,14.5,2.40017,2.25439,2.25439,0,All,#4682B4,0
9,17,14.5,2.90314,1.69246,1.69246,0,All,#4682B4,0
10,17,14.5,2.88108,1.7171,1.7171,0,All,#4682B4,0
1,17,15,1.01572,2.33869,2.33869,0,All,#4682B4,0
2,17,15,2.16313,1.05676,1.05676,0,All,#4682B4,0
3,17,15,2.11131,1.11465,1.11465,0,All,#4682B4,0
4,17,15,3.25675,-0.165073,-0.165073,0,All,#4682B4,0
5,17,15,2.88769,0.247252,0.247252,0,All,#4682B4,0
6,17,15,2.18969,1.02708,1.02708,0,All,#4682B4,0
7,17,15,2.71667,0.438329,0.438329,0,All,#4682B4,0
8,17,15,2.26678,0.940959,0.940959,0,All,#4682B4,0
9,17,15,2.71491,0.44029,0.44029,0,All,#4682B4,0
10,17,15,2.75129,0.399643,0.399643,0,All,#4682B4,0
1,17,15.5,0.725541,2.5411,-0.208804,1,All,#4682B4,0
2,17,15.5,2.07095,1.03796,-0.827868,1,All,#4682B4,0
3,17,15.5,2.01197,1.10386,-0.943952,1,All,#4682B4,0
4,17,15.5,3.24505,-0.273784,-0.530657,1,All,#4682B4,0
5,17,15.5,2.84658,0.171409,-0.384236,1,All,#4682B4,0
6,17,15.5,1.97357,1.14676,-0.56869,1,All,#4682B4,0
7,17,15.5,2.64196,0.400016,0.28579,1,All,#4682B4,0
8,17,15.5,2.16869,0.928772,-1.1987,1,All,#4682B4,0
9,17,15.5,2.55565,0.496443,-0.716067,1,All,#4682B4,0
10,17,15.5,2.63755,0.404946,0.387887,1,All,#4682B4,0
1,18,1,0,3.3517,1.43073,1,All,#4682B4,0
2,18,1,0,3.3517,1.35817,1,All,#4682B4,0
3,18,1,0,3.3517,0.496661,1,All,#4682B4,0
4,18,1,0,3.3517,0.140425,1,All,#4682B4,0
5,18,1,0,3.3517,0.807194,1,All,#4682B4,0
6,18,1,0,3.3517,0.533809,1,All,#4682B4,0
7,18,1,0,3.3517,1.42369,1,All,#4682B4,0
8,18,1,0,3.3517,1.00669,1,All,#4682B4,0
9,18,1,0,3.3517,0.0642275,1,All,#4682B4,0
10,18,1,0,3.3517,0.452022,1,All,#4682B4,0
1,18,1.5,0,3.3517,0.29157,1,All,#4682B4,0
2,18,1.5,0,3.3517,0.310022,1,All,#4682B4,0
3,18,1.5,0,3.3517,0.153665,1,All,#4682B4,0
4,18,1.5,0,3.3517,0.531144,1,All,#4682B4,0
5,18,1.5,0,3.3517,0.540535,1,All,#4682B4,0
6,18,1.5,0,3.3517,0.682546,1,All,#4682B4,0
7,18,1.5,0,3.3517,0.307714,1,All,#4682B4,0
8,18,1.5,0,3.3517,2.29052,1,All,#4682B4,0
9,18,1.5,0,3.3517,2.15274,1,All,#4682B4,0
10,18,1.5,0,3.3517,0.584148,1,All,#4682B4,0
1,18,2,0,3.3517,0.475349,1,All,#4682B4,0
2,18,2,0,3.3517,2.57199,1,All,#4682B4,0
3,18,2,0,3.3517,0.33658,1,All,#4682B4,0
4,18,2,0,3.3517,0.0805211,1,All,#4682B4,0
5,18,2,0,3.3517,0.211259,1,All,#4682B4,0
6,18,2,0,3.3517,0.301731,1,All,#4682B4,0
7,18,2,0,3.3517,0.557044,1,All,#4682B4,0
8,18,2,0,3.3517,0.852463,1,All,#4682B4,0
9,18,2,0,3.3517,0.90102,1,All,#4682B4,0
10,18,2,0,3.3517,1.81578,1,All,#4682B4,0
1,18,2.5,0,3.3517,0.746947,1,All,#4682B4,0
2,18,2.5,2.1979,0.896132,0.257617,1,All,#4682B4,0
3,18,2.5,3.73024,-0.815853,-2.46297,1,All,#4682B4,0
4,18,2.5,4.29568,-1.44758,-2.58458,1,All,#4682B4,0
5,18,2.5,0.240812,3.08266,-0.173511,1,All,#4682B4,0
6,18,2.5,2.10144,1.0039,-1.01162,1,All,#4682B4,0
7,18,2.5,2.73362,0.297608,-0.559248,1,All,#4682B4,0
8,18,2.5,0,3.3517,0.0832774,1,All,#4682B4,0
9,18,2.5,1.57099,1.59654,-0.546203,1,All,#4682B4,0
10,18,2.5,0,3.3517,1.105,1,All,#4682B4,0
1,18,3,5.50215,-1.07718,-1.07718,0,All,#4682B4,0
2,18,3,6.04386,-1.68239,-1.68239,0,All,#4682B4,0
3,18,3,6.19961,-1.85641,-1.85641,0,All,#4682B4,0
4,18,3,6.2282,-1.88835,-1.88835,0,All,#4682B4,0
5,18,3,5.95568,-1.58389,-1.58389,0,All,#4682B4,0
6,18,3,6.10056,-1.74574,-1.74574,0,All,#4682B4,0
7,18,3,5.98116,-1.61234,-1.61234,0,All,#4682B4,0
8,18,3,4.83446,-0.331214,-0.331214,0,All,#4682B4,0
9,18,3,6.23457,-1.89546,-1.89546,0,All,#4682B4,0
10,18,3,5.38524,-0.946561,-0.946561,0,All,#4682B4,0
1,18,3.5,6.91513,0.384178,0.384178,0,All,#4682B4,0
2,18,3.5,7.30517,-0.0515782,-0.0515782,0,All,#4682B4,0
3,18,3.5,7.07251,0.208351,0.208351,0,All,#4682B4,0
4,18,3.5,7.17079,0.0985518,0.0985518,0,All,#4682B4,0
5,18,3.5,7.4341,-0.195628,-0.195628,0,All,#4682B4,0
6,18,3.5,7.2184,0.0453595,0.0453595,0,All,#4682B4,0
7,18,3.5,7.00915,0.279138,0.279138,0,All,#4682B4,0
8,18,3.5,7.42954,-0.190529,-0.190529,0,All,#4682B4,0
9,18,3.5,7.31554,-0.0631683,-0.0631683,0,All,#4682B4,0
10,18,3.5,6.73956,0.580335,0.580335,0,All,#4682B4,0
1,18,4,7.58799,-0.444651,-0.444651,0,All,#4682B4,0
2,18,4,7.96722,-0.868342,-0.868342,0,All,#4682B4,0
3,18,4,7.52251,-0.371493,-0.371493,0,All,#4682B4,0
4,18,4,7.72738,-0.600381,-0.600381,0,All,#4682B4,0
5,18,4,8.17605,-1.10165,-1.10165,0,All,#4682B4,0
6,18,4,7.76568,-0.64317,-0.64317,0,All,#4682B4,0
7,18,4,7.53678,-0.387435,-0.387435,0,All,#4682B4,0
8,18,4,8.32581,-1.26897,-1.26897,0,All,#4682B4,0
9,18,4,7.83189,-0.717143,-0.717143,0,All,#4682B4,0
10,18,4,7.38413,-0.216893,-0.216893,0,All,#4682B4,0
1,18,4.5,7.94758,0.336757,0.336757,0,All,#4682B4,0
2,18,4.5,8.34195,-0.103852,-0.103852,0,All,#4682B4,0
3,18,4.5,7.76378,0.542108,0.542108,0,All,#4682B4,0
4,18,4.5,8.06696,0.203386,0.203386,0,All,#4682B4,0
5,18,4.5,8.57255,-0.361478,-0.361478,0,All,#4682B4,0
6,18,4.5,8.06827,0.201914,0.201914,0,All,#4682B4,0
7,18,4.5,7.83469,0.462878,0.462878,0,All,#4682B4,0
8,18,4.5,8.69666,-0.500138,-0.500138,0,All,#4682B4,0
9,18,4.5,8.09037,0.177231,0.177231,0,All,#4682B4,0
10,18,4.5,7.73382,0.575576,0.575576,0,All,#4682B4,0
1,18,5,8.11901,0.688202,0.688202,0,All,#4682B4,0
2,18,5,8.50787,0.253757,0.253757,0,All,#4682B4,0
3,18,5,7.85693,0.981011,0.981011,0,All,#4682B4,0
4,18,5,8.24411,0.548444,0.548444,0,All,#4682B4,0
5,18,5,8.68558,0.055211,0.055211,0,All,#4682B4,0
6,18,5,8.18962,0.609321,0.609321,0,All,#4682B4,0
7,18,5,7.98391,0.839143,0.839143,0,All,#4682B4,0
8,18,5,8.70075,0.0382618,0.0382618,0,All,#4682B4,0
9,18,5,8.16548,0.636291,0.636291,0,All,#4682B4,0
10,18,5,7.89622,0.937115,0.937115,0,All,#4682B4,0
1,18,5.5,8.14153,0.341282,0.341282,0,All,#4682B4,0
2,18,5.5,8.49677,-0.0556024,-0.0556024,0,All,#4682B4,0
3,18,5.5,7.82496,0.69497,0.69497,0,All,#4682B4,0
4,18,5.5,8.27332,0.19404,0.19404,0,All,#4682B4,0
5,18,5.5,8.54979,-0.114841,-0.114841,0,All,#4682B4,0
6,18,5.5,8.16008,0.320553,0.320553,0,All,#4682B4,0
7,18,5.5,8.01255,0.485383,0.485383,0,All,#4682B4,0
8,18,5.5,8.46735,-0.0227402,-0.0227402,0,All,#4682B4,0
9,18,5.5,8.08647,0.402797,0.402797,0,All,#4682B4,0
10,18,5.5,7.90263,0.608194,0.608194,0,All,#4682B4,0
1,18,6,8.03002,1.68812,1.68812,0,All,#4682B4,0
2,18,6,8.32299,1.36081,1.36081,0,All,#4682B4,0
3,18,6,7.68391,2.07481,2.07481,0,All,#4682B4,0
4,18,6,8.16422,1.53819,1.53819,0,All,#4682B4,0
5,18,6,8.23463,1.45952,1.45952,0,All,#4682B4,0
6,18,6,7.99303,1.72945,1.72945,0,All,#4682B4,0
7,18,6,7.92763,1.80251,1.80251,0,All,#4682B4,0
8,18,6,8.10909,1.59978,1.59978,0,All,#4682B4,0
9,18,6,7.8838,1.85148,1.85148,0,All,#4682B4,0
10,18,6,7.77093,1.97759,1.97759,0,All,#4682B4,0
1,18,6.5,7.79841,1.08102,1.08102,0,All,#4682B4,0
2,18,6.5,8.01832,0.835336,0.835336,0,All,#4682B4,0
3,18,6.5,7.45862,1.46065,1.46065,0,All,#4682B4,0
4,18,6.5,7.93574,0.9276,0.9276,0,All,#4682B4,0
5,18,6.5,7.81133,1.06659,1.06659,0,All,#4682B4,0
6,18,6.5,7.70235,1.18835,1.18835,0,All,#4682B4,0
7,18,6.5,7.74304,1.14289,1.14289,0,All,#4682B4,0
8,18,6.5,7.68018,1.21311,1.21311,0,All,#4682B4,0
9,18,6.5,7.59306,1.31045,1.31045,0,All,#4682B4,0
10,18,6.5,7.52664,1.38466,1.38466,0,All,#4682B4,0
1,18,7,7.46545,1.37481,1.37481,0,All,#4682B4,0
2,18,7,7.62069,1.20137,1.20137,0,All,#4682B4,0
3,18,7,7.17132,1.70342,1.70342,0,All,#4682B4,0
4,18,7,7.61386,1.209,1.209,0,All,#4682B4,0
5,18,7,7.32517,1.53153,1.53153,0,All,#4682B4,0
6,18,7,7.30604,1.55291,1.55291,0,All,#4682B4,0
7,18,7,7.47256,1.36687,1.36687,0,All,#4682B4,0
8,18,7,7.19653,1.67526,1.67526,0,All,#4682B4,0
9,18,7,7.2411,1.62546,1.62546,0,All,#4682B4,0
10,18,7,7.1981,1.6735,1.6735,0,All,#4682B4,0
1,18,7.5,7.05327,-0.513118,-0.513118,0,All,#4682B4,0
2,18,7.5,7.15844,-0.630614,-0.630614,0,All,#4682B4,0
3,18,7.5,6.83825,-0.272886,-0.272886,0,All,#4682B4,0
4,18,7.5,7.22835,-0.708722,-0.708722,0,All,#4682B4,0
5,18,7.5,6.79936,-0.229432,-0.229432,0,All,#4682B4,0
6,18,7.5,6.82616,-0.25938,-0.25938,0,All,#4682B4,0
7,18,7.5,7.12605,-0.594425,-0.594425,0,All,#4682B4,0
8,18,7.5,6.6609,-0.0747452,-0.0747452,0,All,#4682B4,0
9,18,7.5,6.84375,-0.279028,-0.279028,0,All,#4682B4,0
10,18,7.5,6.80917,-0.240398,-0.240398,0,All,#4682B4,0
1,18,8,6.5853,-0.306454,-0.306454,0,All,#4682B4,0
2,18,8,6.65027,-0.379042,-0.379042,0,All,#4682B4,0
3,18,8,6.46957,-0.177164,-0.177164,0,All,#4682B4,0
4,18,8,6.80382,-0.550591,-0.550591,0,All,#4682B4,0
5,18,8,6.24798,0.0704128,0.0704128,0,All,#4682B4,0
6,18,8,6.28627,0.0276307,0.0276307,0,All,#4682B4,0
7,18,8,6.71498,-0.451341,-0.451341,0,All,#4682B4,0
8,18,8,6.07322,0.265655,0.265655,0,All,#4682B4,0
9,18,8,6.40889,-0.109364,-0.109364,0,All,#4682B4,0
10,18,8,6.37445,-0.0708849,-0.0708849,0,All,#4682B4,0
1,18,8.5,6.08283,-0.862319,-0.862319,0,All,#4682B4,0
2,18,8.5,6.11036,-0.893072,-0.893072,0,All,#4682B4,0
3,18,8.5,6.07203,-0.850252,-0.850252,0,All,#4682B4,0
4,18,8.5,6.35414,-1.16543,-1.16543,0,All,#4682B4,0
5,18,8.5,5.68431,-0.417071,-0.417071,0,All,#4682B4,0
6,18,8.5,5.71,-0.445778,-0.445778,0,All,#4682B4,0
7,18,8.5,6.25073,-1.0499,-1.0499,0,All,#4682B4,0
8,18,8.5,5.43774,-0.141596,-0.141596,0,All,#4682B4,0
9,18,8.5,5.9403,-0.703073,-0.703073,0,All,#4682B4,0
10,18,8.5,5.90342,-0.661874,-0.661874,0,All,#4682B4,0
1,18,9,5.56735,0.531417,0.531417,0,All,#4682B4,0
2,18,9,5.55342,0.546971,0.546971,0,All,#4682B4,0
3,18,9,5.65086,0.438117,0.438117,0,All,#4682B4,0
4,18,9,5.88822,0.172923,0.172923,0,All,#4682B4,0
5,18,9,5.12892,1.02124,1.02124,0,All,#4682B4,0
6,18,9,5.12695,1.02344,1.02344,0,All,#4682B4,0
7,18,9,5.745,0.332939,0.332939,0,All,#4682B4,0
8,18,9,4.76306,1.42999,1.42999,0,All,#4682B4,0
9,18,9,5.44065,0.672971,0.672971,0,All,#4682B4,0
10,18,9,5.40389,0.714033,0.714033,0,All,#4682B4,0
1,18,9.5,5.05453,-0.0754515,-0.0754515,0,All,#4682B4,0
2,18,9.5,4.99883,-0.0132129,-0.0132129,0,All,#4682B4,0
3,18,9.5,5.21177,-0.251126,-0.251126,0,All,#4682B4,0
4,18,9.5,5.41867,-0.482272,-0.482272,0,All,#4682B4,0
5,18,9.5,4.61062,0.420505,0.420505,0,All,#4682B4,0
6,18,9.5,4.57337,0.462117,0.462117,0,All,#4682B4,0
7,18,9.5,5.21036,-0.249547,-0.249547,0,All,#4682B4,0
8,18,9.5,4.09498,0.996595,0.996595,0,All,#4682B4,0
9,18,9.5,4.91441,0.0811005,0.0811005,0,All,#4682B4,0
10,18,9.5,4.88536,0.11355,0.11355,0,All,#4682B4,0
1,18,10,4.5681,0.14289,0.14289,0,All,#4682B4,0
2,18,10,4.47653,0.245201,0.245201,0,All,#4682B4,0
3,18,10,4.76396,-0.0759263,-0.0759263,0,All,#4682B4,0
4,18,10,4.96047,-0.295475,-0.295475,0,All,#4682B4,0
5,18,10,4.16029,0.598511,0.598511,0,All,#4682B4,0
6,18,10,4.06581,0.704066,0.704066,0,All,#4682B4,0
7,18,10,4.67078,0.0281792,0.0281792,0,All,#4682B4,0
8,18,10,3.50907,1.32607,1.32607,0,All,#4682B4,0
9,18,10,4.37207,0.361905,0.361905,0,All,#4682B4,0
10,18,10,4.36296,0.372081,0.372081,0,All,#4682B4,0
1,18,10.5,4.12777,0.504131,0.504131,0,All,#4682B4,0
2,18,10.5,4.0184,0.626317,0.626317,0,All,#4682B4,0
3,18,10.5,4.32335,0.285621,0.285621,0,All,#4682B4,0
4,18,10.5,4.53178,0.0527548,0.0527548,0,All,#4682B4,0
5,18,10.5,3.79938,0.871019,0.871019,0,All,#4682B4,0
6,18,10.5,3.61611,1.07578,1.07578,0,All,#4682B4,0
7,18,10.5,4.1627,0.465109,0.465109,0,All,#4682B4,0
8,18,10.5,3.06938,1.6866,1.6866,0,All,#4682B4,0
9,18,10.5,3.83629,0.82978,0.82978,0,All,#4682B4,0
10,18,10.5,3.86371,0.799147,0.799147,0,All,#4682B4,0
1,18,11,3.74592,0.00344337,0.00344337,0,All,#4682B4,0
2,18,11,3.64821,0.112612,0.112612,0,All,#4682B4,0
3,18,11,3.91452,-0.184924,-0.184924,0,All,#4682B4,0
4,18,11,4.14991,-0.447913,-0.447913,0,All,#4682B4,0
5,18,11,3.53224,0.242176,0.242176,0,All,#4682B4,0
6,18,11,3.23897,0.569821,0.569821,0,All,#4682B4,0
7,18,11,3.72101,0.0312659,0.0312659,0,All,#4682B4,0
8,18,11,2.77826,1.08454,1.08454,0,All,#4682B4,0
9,18,11,3.34739,0.448693,0.448693,0,All,#4682B4,0
10,18,11,3.42175,0.365615,0.365615,0,All,#4682B4,0
1,18,11.5,3.4299,0.92965,0.92965,0,All,#4682B4,0
2,18,11.5,3.37218,0.994135,0.994135,0,All,#4682B4,0
3,18,11.5,3.5661,0.777479,0.777479,0,All,#4682B4,0
4,18,11.5,3.82917,0.48357,0.48357,0,All,#4682B4,0
5,18,11.5,3.35,1.01892,1.01892,0,All,#4682B4,0
6,18,11.5,2.93053,1.48756,1.48756,0,All,#4682B4,0
7,18,11.5,3.36496,1.0022,1.0022,0,All,#4682B4,0
8,18,11.5,2.60065,1.85611,1.85611,0,All,#4682B4,0
9,18,11.5,2.95115,1.46453,1.46453,0,All,#4682B4,0
10,18,11.5,3.06657,1.33558,1.33558,0,All,#4682B4,0
1,18,12,3.17475,0.146634,0.146634,0,All,#4682B4,0
2,18,12,3.18206,0.138466,0.138466,0,All,#4682B4,0
3,18,12,3.29809,0.00883288,0.00883288,0,All,#4682B4,0
4,18,12,3.57459,-0.300083,-0.300083,0,All,#4682B4,0
5,18,12,3.2374,0.0766448,0.0766448,0,All,#4682B4,0
6,18,12,2.68292,0.696128,0.696128,0,All,#4682B4,0
7,18,12,3.09505,0.235683,0.235683,0,All,#4682B4,0
8,18,12,2.50152,0.89879,0.89879,0,All,#4682B4,0
9,18,12,2.66906,0.711606,0.711606,0,All,#4682B4,0
10,18,12,2.80771,0.556706,0.556706,0,All,#4682B4,0
1,18,12.5,2.97655,0.0261993,-0.180719,1,All,#4682B4,0
2,18,12.5,3.06258,-0.06992,-0.811391,1,All,#4682B4,0
3,18,12.5,3.11258,-0.125774,-0.660599,1,All,#4682B4,0
4,18,12.5,3.38499,-0.430123,-2.18245,1,All,#4682B4,0
5,18,12.5,3.1781,-0.198978,-0.668168,1,All,#4682B4,0
6,18,12.5,2.48708,0.573055,-0.548674,1,All,#4682B4,0
7,18,12.5,2.89916,0.112663,-0.356335,1,All,#4682B4,0
8,18,12.5,2.45158,0.612717,0.340072,1,All,#4682B4,0
9,18,12.5,2.49038,0.569367,-1.26824,1,All,#4682B4,0
10,18,12.5,2.63625,0.406397,0.388779,1,All,#4682B4,0
1,18,13,2.82324,0.197482,-0.0642222,1,All,#4682B4,0
2,18,13,2.99661,0.0037891,-0.651682,1,All,#4682B4,0
3,18,13,2.99737,0.00293774,-0.16612,1,All,#4682B4,0
4,18,13,3.25509,-0.284993,-2.40082,1,All,#4682B4,0
5,18,13,3.1604,-0.179204,-0.986268,1,All,#4682B4,0
6,18,13,2.33182,0.746508,-0.782523,1,All,#4682B4,0
7,18,13,2.76113,0.266874,-0.418758,1,All,#4682B4,0
8,18,13,2.42983,0.637018,-0.267833,1,All,#4682B4,0
9,18,13,2.38916,0.682451,-0.667432,1,All,#4682B4,0
10,18,13,2.53366,0.521008,-0.326573,1,All,#4682B4,0
1,18,13.5,2.70851,0.325665,-0.91151,1,All,#4682B4,0
2,18,13.5,2.96709,0.0367645,-0.41281,1,All,#4682B4,0
3,18,13.5,2.93462,0.0730476,-0.601872,1,All,#4682B4,0
4,18,13.5,3.17535,-0.195904,-0.603061,1,All,#4682B4,0
5,18,13.5,3.16694,-0.186512,-1.79466,1,All,#4682B4,0
6,18,13.5,2.20664,0.886366,-0.375436,1,All,#4682B4,0
7,18,13.5,2.66471,0.374596,-0.425539,1,All,#4682B4,0
8,18,13.5,2.42593,0.641367,-0.631206,1,All,#4682B4,0
9,18,13.5,2.33979,0.737614,0.123296,1,All,#4682B4,0
10,18,13.5,2.4805,0.580403,-0.575948,1,All,#4682B4,0
1,18,14,2.62316,0.421023,0.249204,1,All,#4682B4,0
2,18,14,2.96884,0.0348089,-1.05975,1,All,#4682B4,0
3,18,14,2.90763,0.103196,-1.02586,1,All,#4682B4,0
4,18,14,3.1357,-0.151609,-0.571743,1,All,#4682B4,0
5,18,14,3.19133,-0.213763,-0.91388,1,All,#4682B4,0
6,18,14,2.10371,1.00136,0.374961,1,All,#4682B4,0
7,18,14,2.59676,0.450509,-0.0406519,1,All,#4682B4,0
8,18,14,2.42756,0.639552,-0.0932724,1,All,#4682B4,0
9,18,14,2.32241,0.757025,0.505861,1,All,#4682B4,0
10,18,14,2.46037,0.602889,-0.695048,1,All,#4682B4,0
1,18,14.5,2.55915,0.492528,-1.23547,1,All,#4682B4,0
2,18,14.5,2.98694,0.0145887,-0.530758,1,All,#4682B4,0
3,18,14.5,2.90349,0.10782,-0.552168,1,All,#4682B4,0
4,18,14.5,3.12656,-0.141395,-0.55936,1,All,#4682B4,0
5,18,14.5,3.22741,-0.254071,-0.643106,1,All,#4682B4,0
6,18,14.5,2.01784,1.0973,-0.166551,1,All,#4682B4,0
7,18,14.5,2.5473,0.505774,-1.888,1,All,#4682B4,0
8,18,14.5,2.43422,0.632104,-0.751658,1,All,#4682B4,0
9,18,14.5,2.32446,0.754741,-0.88558,1,All,#4682B4,0
10,18,14.5,2.46098,0.602215,0.36989,1,All,#4682B4,0
1,18,15,2.51132,0.545972,-1.91627,1,All,#4682B4,0
2,18,15,3.01543,-0.0172444,-1.62821,1,All,#4682B4,0
3,18,15,2.91406,0.096014,-0.219851,1,All,#4682B4,0
4,18,15,3.13987,-0.156263,-0.593012,1,All,#4682B4,0
5,18,15,3.26981,-0.301445,-0.355124,1,All,#4682B4,0
6,18,15,1.94159,1.18249,-1.14492,1,All,#4682B4,0
7,18,15,2.50481,0.553247,0.0833081,1,All,#4682B4,0
8,18,15,2.43936,0.626362,0.189293,1,All,#4682B4,0
9,18,15,2.33621,0.741606,-1.59756,1,All,#4682B4,0
10,18,15,2.47398,0.587686,0.497632,1,All,#4682B4,0
