rep,ID,time,prediction_iwRes,iwRes_simulated,iwRes_simulated_simBlq,censored,split,color,filter
1,7,1,0,5.71957e+15,1.39345,1,All,#4682B4,0
2,7,1,0,5.71957e+15,1.11724,1,All,#4682B4,0
3,7,1,0,5.71957e+15,0,1,All,#4682B4,0
4,7,1,0,5.71957e+15,0,1,All,#4682B4,0
5,7,1,0,5.71957e+15,1.07444,1,All,#4682B4,0
6,7,1,0,5.71957e+15,0,1,All,#4682B4,0
7,7,1,0,5.71957e+15,0,1,All,#4682B4,0
8,7,1,0,5.71957e+15,0,1,All,#4682B4,0
9,7,1,0,5.71957e+15,0,1,All,#4682B4,0
10,7,1,0,5.71957e+15,0,1,All,#4682B4,0
1,7,1.5,0,5.71957e+15,1.15663,1,All,#4682B4,0
2,7,1.5,0,5.71957e+15,0,1,All,#4682B4,0
3,7,1.5,0,5.71957e+15,0,1,All,#4682B4,0
4,7,1.5,0,5.71957e+15,1.09262,1,All,#4682B4,0
5,7,1.5,0,5.71957e+15,1.14981,1,All,#4682B4,0
6,7,1.5,0,5.71957e+15,0,1,All,#4682B4,0
7,7,1.5,0,5.71957e+15,0,1,All,#4682B4,0
8,7,1.5,0,5.71957e+15,0,1,All,#4682B4,0
9,7,1.5,0,5.71957e+15,0,1,All,#4682B4,0
10,7,1.5,0,5.71957e+15,0,1,All,#4682B4,0
1,7,2,0,5.71957e+15,0,1,All,#4682B4,0
2,7,2,0,5.71957e+15,0,1,All,#4682B4,0
3,7,2,0,5.71957e+15,0,1,All,#4682B4,0
4,7,2,0,5.71957e+15,0,1,All,#4682B4,0
5,7,2,0,5.71957e+15,0,1,All,#4682B4,0
6,7,2,0,5.71957e+15,0,1,All,#4682B4,0
7,7,2,0,5.71957e+15,1.73519,1,All,#4682B4,0
8,7,2,0,5.71957e+15,0,1,All,#4682B4,0
9,7,2,0,5.71957e+15,0,1,All,#4682B4,0
10,7,2,0,5.71957e+15,1.73087,1,All,#4682B4,0
1,7,2.5,0,5.71957e+15,1.02933,1,All,#4682B4,0
2,7,2.5,0,5.71957e+15,0,1,All,#4682B4,0
3,7,2.5,0,5.71957e+15,0,1,All,#4682B4,0
4,7,2.5,0,5.71957e+15,0,1,All,#4682B4,0
5,7,2.5,0,5.71957e+15,0,1,All,#4682B4,0
6,7,2.5,0,5.71957e+15,1.92656,1,All,#4682B4,0
7,7,2.5,0,5.71957e+15,0,1,All,#4682B4,0
8,7,2.5,0,5.71957e+15,0,1,All,#4682B4,0
9,7,2.5,0,5.71957e+15,1.49282,1,All,#4682B4,0
10,7,2.5,0,5.71957e+15,0,1,All,#4682B4,0
1,7,3,0,5.71957e+15,1.04011,1,All,#4682B4,0
2,7,3,0,5.71957e+15,0,1,All,#4682B4,0
3,7,3,0,5.71957e+15,0,1,All,#4682B4,0
4,7,3,0,5.71957e+15,0,1,All,#4682B4,0
5,7,3,0,5.71957e+15,0,1,All,#4682B4,0
6,7,3,0,5.71957e+15,0,1,All,#4682B4,0
7,7,3,0,5.71957e+15,0,1,All,#4682B4,0
8,7,3,0,5.71957e+15,0,1,All,#4682B4,0
9,7,3,0,5.71957e+15,0,1,All,#4682B4,0
10,7,3,0,5.71957e+15,0,1,All,#4682B4,0
1,7,3.5,0,5.71957e+15,0,1,All,#4682B4,0
2,7,3.5,0,5.71957e+15,1.01913,1,All,#4682B4,0
3,7,3.5,0,5.71957e+15,0,1,All,#4682B4,0
4,7,3.5,0,5.71957e+15,0,1,All,#4682B4,0
5,7,3.5,0,5.71957e+15,0,1,All,#4682B4,0
6,7,3.5,0,5.71957e+15,1.33886,1,All,#4682B4,0
7,7,3.5,0,5.71957e+15,2.27532,1,All,#4682B4,0
8,7,3.5,0,5.71957e+15,1.25815,1,All,#4682B4,0
9,7,3.5,0,5.71957e+15,0,1,All,#4682B4,0
10,7,3.5,0,5.71957e+15,0,1,All,#4682B4,0
1,7,4,0,5.71957e+15,0,1,All,#4682B4,0
2,7,4,0,5.71957e+15,0,1,All,#4682B4,0
3,7,4,0,5.71957e+15,2.11179,1,All,#4682B4,0
4,7,4,0,5.71957e+15,0,1,All,#4682B4,0
5,7,4,0,5.71957e+15,0,1,All,#4682B4,0
6,7,4,0,5.71957e+15,2.69619,1,All,#4682B4,0
7,7,4,0,5.71957e+15,1.20243,1,All,#4682B4,0
8,7,4,0,5.71957e+15,3.24702,1,All,#4682B4,0
9,7,4,0,5.71957e+15,1.02802,1,All,#4682B4,0
10,7,4,0,5.71957e+15,1.73267,1,All,#4682B4,0
1,7,4.5,0.807764,1.45932,-0.49513,1,All,#4682B4,0
2,7,4.5,0.580436,3.02965,-0.661189,1,All,#4682B4,0
3,7,4.5,0.38338,5.89766,-0.760541,1,All,#4682B4,0
4,7,4.5,0.286212,8.76569,-0.342574,1,All,#4682B4,0
5,7,4.5,0.0445485,70.1511,-0.0792504,1,All,#4682B4,0
6,7,4.5,0.384819,5.86608,-0.636967,1,All,#4682B4,0
7,7,4.5,0.605068,2.80249,-0.276544,1,All,#4682B4,0
8,7,4.5,0.280062,9.01415,0.388937,1,All,#4682B4,0
9,7,4.5,0.750328,1.76624,0.528091,1,All,#4682B4,0
10,7,4.5,0.463569,4.43633,-0.547637,1,All,#4682B4,0
1,7,5,1.74862,-0.698021,-0.759248,1,All,#4682B4,0
2,7,5,1.39845,-0.234242,-0.896252,1,All,#4682B4,0
3,7,5,1.10742,0.374404,0.0671347,1,All,#4682B4,0
4,7,5,1.25023,0.0403243,-0.355012,1,All,#4682B4,0
5,7,5,0.945335,0.875832,0.251604,1,All,#4682B4,0
6,7,5,1.36019,-0.169094,-0.761871,1,All,#4682B4,0
7,7,5,1.4693,-0.34591,-0.354805,1,All,#4682B4,0
8,7,5,1.20196,0.14437,-0.00975436,1,All,#4682B4,0
9,7,5,1.63157,-0.565141,-1.57898,1,All,#4682B4,0
10,7,5,1.48796,-0.37356,-1.60774,1,All,#4682B4,0
1,7,5.5,2.58372,0.173997,0.173997,0,All,#4682B4,0
2,7,5.5,2.08762,0.821356,0.821356,0,All,#4682B4,0
3,7,5.5,1.73936,1.49641,1.49641,0,All,#4682B4,0
4,7,5.5,2.24227,0.588826,0.588826,0,All,#4682B4,0
5,7,5.5,1.70183,1.58567,1.58567,0,All,#4682B4,0
6,7,5.5,2.26743,0.554,0.554,0,All,#4682B4,0
7,7,5.5,2.13127,0.752309,0.752309,0,All,#4682B4,0
8,7,5.5,2.08911,0.818951,0.818951,0,All,#4682B4,0
9,7,5.5,2.4614,0.309369,0.309369,0,All,#4682B4,0
10,7,5.5,2.47727,0.291049,0.291049,0,All,#4682B4,0
1,7,6,3.12037,0.449198,0.449198,0,All,#4682B4,0
2,7,6,2.57631,1.0826,1.0826,0,All,#4682B4,0
3,7,6,2.27,1.57281,1.57281,0,All,#4682B4,0
4,7,6,3.23734,0.34082,0.34082,0,All,#4682B4,0
5,7,6,2.26935,1.57397,1.57397,0,All,#4682B4,0
6,7,6,3.0575,0.510866,0.510866,0,All,#4682B4,0
7,7,6,2.52479,1.15673,1.15673,0,All,#4682B4,0
8,7,6,2.88618,0.692575,0.692575,0,All,#4682B4,0
9,7,6,3.18065,0.392349,0.392349,0,All,#4682B4,0
10,7,6,3.29452,0.290644,0.290644,0,All,#4682B4,0
1,7,6.5,3.24803,-0.288958,-0.288958,0,All,#4682B4,0
2,7,6.5,2.76972,0.101536,0.101536,0,All,#4682B4,0
3,7,6.5,2.64548,0.226077,0.226077,0,All,#4682B4,0
4,7,6.5,4.03408,-0.729564,-0.729564,0,All,#4682B4,0
5,7,6.5,2.55259,0.327103,0.327103,0,All,#4682B4,0
6,7,6.5,3.517,-0.461892,-0.461892,0,All,#4682B4,0
7,7,6.5,2.64957,0.221784,0.221784,0,All,#4682B4,0
8,7,6.5,3.3829,-0.379112,-0.379112,0,All,#4682B4,0
9,7,6.5,3.59151,-0.505213,-0.505213,0,All,#4682B4,0
10,7,6.5,3.58611,-0.502137,-0.502137,0,All,#4682B4,0
1,7,7,3.14989,-0.785235,-0.785235,0,All,#4682B4,0
2,7,7,2.75505,-0.532293,-0.532293,0,All,#4682B4,0
3,7,7,2.79415,-0.560524,-0.560524,0,All,#4682B4,0
4,7,7,4.19614,-1.2253,-1.2253,0,All,#4682B4,0
5,7,7,2.59179,-0.405181,-0.405181,0,All,#4682B4,0
6,7,7,3.50592,-0.964465,-0.964465,0,All,#4682B4,0
7,7,7,2.61186,-0.421663,-0.421663,0,All,#4682B4,0
8,7,7,3.43796,-0.933122,-0.933122,0,All,#4682B4,0
9,7,7,3.58947,-1.00137,-1.00137,0,All,#4682B4,0
10,7,7,3.46317,-0.944889,-0.944889,0,All,#4682B4,0
1,7,7.5,2.95714,0.614755,0.614755,0,All,#4682B4,0
2,7,7.5,2.65475,0.975262,0.975262,0,All,#4682B4,0
3,7,7.5,2.74224,0.862786,0.862786,0,All,#4682B4,0
4,7,7.5,3.93742,-0.1732,-0.1732,0,All,#4682B4,0
5,7,7.5,2.50152,1.19121,1.19121,0,All,#4682B4,0
6,7,7.5,3.27251,0.309758,0.309758,0,All,#4682B4,0
7,7,7.5,2.50035,1.19296,1.19296,0,All,#4682B4,0
8,7,7.5,3.23667,0.341426,0.341426,0,All,#4682B4,0
9,7,7.5,3.37783,0.22058,0.22058,0,All,#4682B4,0
10,7,7.5,3.20661,0.368526,0.368526,0,All,#4682B4,0
1,7,8,2.727,-0.567639,-0.567639,0,All,#4682B4,0
2,7,8,2.5213,-0.4059,-0.4059,0,All,#4682B4,0
3,7,8,2.58963,-0.462475,-0.462475,0,All,#4682B4,0
4,7,8,3.5713,-1.03634,-1.03634,0,All,#4682B4,0
5,7,8,2.35396,-0.253461,-0.253461,0,All,#4682B4,0
6,7,8,2.98012,-0.73603,-0.73603,0,All,#4682B4,0
7,7,8,2.35856,-0.257942,-0.257942,0,All,#4682B4,0
8,7,8,2.93434,-0.70773,-0.70773,0,All,#4682B4,0
9,7,8,3.09745,-0.804753,-0.804753,0,All,#4682B4,0
10,7,8,2.91013,-0.692398,-0.692398,0,All,#4682B4,0
1,7,8.5,2.48686,-0.622309,-0.622309,0,All,#4682B4,0
2,7,8.5,2.37619,-0.532521,-0.532521,0,All,#4682B4,0
3,7,8.5,2.40248,-0.554599,-0.554599,0,All,#4682B4,0
4,7,8.5,3.18364,-1.04425,-1.04425,0,All,#4682B4,0
5,7,8.5,2.18618,-0.357157,-0.357157,0,All,#4682B4,0
6,7,8.5,2.68079,-0.761775,-0.761775,0,All,#4682B4,0
7,7,8.5,2.20901,-0.379827,-0.379827,0,All,#4682B4,0
8,7,8.5,2.59947,-0.705829,-0.705829,0,All,#4682B4,0
9,7,8.5,2.80107,-0.838572,-0.838572,0,All,#4682B4,0
10,7,8.5,2.60652,-0.710818,-0.710818,0,All,#4682B4,0
1,7,9,2.24185,-1.10551,-2.25147,1,All,#4682B4,0
2,7,9,2.23003,-1.09785,-1.30651,1,All,#4682B4,0
3,7,9,2.21036,-1.08493,-1.31689,1,All,#4682B4,0
4,7,9,2.7973,-1.39238,-1.45975,1,All,#4682B4,0
5,7,9,2.01757,-0.944918,-1.89638,1,All,#4682B4,0
6,7,9,2.3936,-1.1971,-1.92606,1,All,#4682B4,0
7,7,9,2.06404,-0.98106,-1.08091,1,All,#4682B4,0
8,7,9,2.2641,-1.11971,-1.95703,1,All,#4682B4,0
9,7,9,2.51113,-1.26043,-1.72285,1,All,#4682B4,0
10,7,9,2.3123,-1.14953,-1.22893,1,All,#4682B4,0
1,7,9.5,1.96677,1.61201,1.61201,0,All,#4682B4,0
2,7,9.5,2.06177,1.42023,1.42023,0,All,#4682B4,0
3,7,9.5,2.028,1.48634,1.48634,0,All,#4682B4,0
4,7,9.5,2.42117,0.830859,0.830859,0,All,#4682B4,0
5,7,9.5,1.8602,1.85046,1.85046,0,All,#4682B4,0
6,7,9.5,2.1271,1.29829,1.29829,0,All,#4682B4,0
7,7,9.5,1.93032,1.69061,1.69061,0,All,#4682B4,0
8,7,9.5,1.94267,1.66364,1.66364,0,All,#4682B4,0
9,7,9.5,2.23823,1.10721,1.10721,0,All,#4682B4,0
10,7,9.5,2.03325,1.47593,1.47593,0,All,#4682B4,0
1,7,10,1.66555,0.72645,0.72645,0,All,#4682B4,0
2,7,10,1.83957,0.416489,0.416489,0,All,#4682B4,0
3,7,10,1.85372,0.393838,0.393838,0,All,#4682B4,0
4,7,10,2.04517,0.118252,0.118252,0,All,#4682B4,0
5,7,10,1.72005,0.622626,0.622626,0,All,#4682B4,0
6,7,10,1.88614,0.343238,0.343238,0,All,#4682B4,0
7,7,10,1.75646,0.556852,0.556852,0,All,#4682B4,0
8,7,10,1.64193,0.773576,0.773576,0,All,#4682B4,0
9,7,10,1.98776,0.195321,0.195321,0,All,#4682B4,0
10,7,10,1.77522,0.524028,0.524028,0,All,#4682B4,0
1,7,10.5,1.34272,0.621603,0.621603,0,All,#4682B4,0
2,7,10.5,1.56148,0.177226,0.177226,0,All,#4682B4,0
3,7,10.5,1.61288,0.0903153,0.0903153,0,All,#4682B4,0
4,7,10.5,1.64926,0.032076,0.032076,0,All,#4682B4,0
5,7,10.5,1.59716,0.11631,0.11631,0,All,#4682B4,0
6,7,10.5,1.63284,0.0580357,0.0580357,0,All,#4682B4,0
7,7,10.5,1.48106,0.325337,0.325337,0,All,#4682B4,0
8,7,10.5,1.36505,0.569713,0.569713,0,All,#4682B4,0
9,7,10.5,1.76267,-0.134069,-0.134069,0,All,#4682B4,0
10,7,10.5,1.54052,0.214349,0.214349,0,All,#4682B4,0
1,7,11,1.00653,0.667548,-1.19462,1,All,#4682B4,0
2,7,11,1.22723,0.0888806,-0.00752788,1,All,#4682B4,0
3,7,11,1.29302,-0.0453993,-0.693219,1,All,#4682B4,0
4,7,11,1.24061,0.0604051,-0.00511502,1,All,#4682B4,0
5,7,11,1.40384,-0.243136,-0.438358,1,All,#4682B4,0
6,7,11,1.31042,-0.0786663,-0.44806,1,All,#4682B4,0
7,7,11,1.10701,0.375487,-0.804464,1,All,#4682B4,0
8,7,11,1.1138,0.357637,-0.0627882,1,All,#4682B4,0
9,7,11,1.55173,-0.46301,-1.42457,1,All,#4682B4,0
10,7,11,1.32899,-0.113195,-0.352008,1,All,#4682B4,0
1,7,11.5,0.653397,2.40658,0.533486,1,All,#4682B4,0
2,7,11.5,0.84131,1.29945,0.123054,1,All,#4682B4,0
3,7,11.5,0.903271,1.03538,-1.19195,1,All,#4682B4,0
4,7,11.5,0.81743,1.41191,0.426182,1,All,#4682B4,0
5,7,11.5,1.06699,0.485205,-0.816755,1,All,#4682B4,0
6,7,11.5,0.928049,0.939647,-0.837557,1,All,#4682B4,0
7,7,11.5,0.651992,2.41726,0.339551,1,All,#4682B4,0
8,7,11.5,0.889654,1.09026,0.0584233,1,All,#4682B4,0
9,7,11.5,1.23926,0.0632663,-0.110008,1,All,#4682B4,0
10,7,11.5,1.0822,0.442548,-0.705467,1,All,#4682B4,0
1,7,12,0.289355,8.64274,0.934636,1,All,#4682B4,0
2,7,12,0.408759,5.37315,-0.663975,1,All,#4682B4,0
3,7,12,0.455863,4.55444,0.028144,1,All,#4682B4,0
4,7,12,0.382055,5.92695,0.571079,1,All,#4682B4,0
5,7,12,0.598825,2.85829,1.76342,1,All,#4682B4,0
6,7,12,0.488868,4.07478,-0.248515,1,All,#4682B4,0
7,7,12,0.135431,21.3641,0.408438,1,All,#4682B4,0
8,7,12,0.684624,2.18049,0.139893,1,All,#4682B4,0
9,7,12,0.812366,1.43661,-0.695884,1,All,#4682B4,0
10,7,12,0.747558,1.78223,0.433035,1,All,#4682B4,0
1,7,12.5,0,5.71957e+15,0,1,All,#4682B4,0
2,7,12.5,0,5.71957e+15,0,1,All,#4682B4,0
3,7,12.5,0,5.71957e+15,0,1,All,#4682B4,0
4,7,12.5,0,5.71957e+15,0,1,All,#4682B4,0
5,7,12.5,0.0284251,111.389,-0.232288,1,All,#4682B4,0
6,7,12.5,0.00171312,1888,1.3087,1,All,#4682B4,0
7,7,12.5,0,5.71957e+15,0,1,All,#4682B4,0
8,7,12.5,0.34514,6.83364,-0.740106,1,All,#4682B4,0
9,7,12.5,0.280121,9.01172,0.459014,1,All,#4682B4,0
10,7,12.5,0.331914,7.20757,-0.891538,1,All,#4682B4,0
1,7,13,0,5.71957e+15,0,1,All,#4682B4,0
2,7,13,0,5.71957e+15,1.26745,1,All,#4682B4,0
3,7,13,0,5.71957e+15,0,1,All,#4682B4,0
4,7,13,0,5.71957e+15,0,1,All,#4682B4,0
5,7,13,0,5.71957e+15,2.07928,1,All,#4682B4,0
6,7,13,0,5.71957e+15,0,1,All,#4682B4,0
7,7,13,0,5.71957e+15,0,1,All,#4682B4,0
8,7,13,0,5.71957e+15,0,1,All,#4682B4,0
9,7,13,0,5.71957e+15,0,1,All,#4682B4,0
10,7,13,0,5.71957e+15,0,1,All,#4682B4,0
1,7,13.5,0,5.71957e+15,1.5148,1,All,#4682B4,0
2,7,13.5,0,5.71957e+15,0,1,All,#4682B4,0
3,7,13.5,0,5.71957e+15,0,1,All,#4682B4,0
4,7,13.5,0,5.71957e+15,0,1,All,#4682B4,0
5,7,13.5,0,5.71957e+15,0,1,All,#4682B4,0
6,7,13.5,0,5.71957e+15,1.67312,1,All,#4682B4,0
7,7,13.5,0,5.71957e+15,1.70465,1,All,#4682B4,0
8,7,13.5,0,5.71957e+15,2.08665,1,All,#4682B4,0
9,7,13.5,0,5.71957e+15,0,1,All,#4682B4,0
10,7,13.5,0,5.71957e+15,0,1,All,#4682B4,0
1,7,14,0,5.71957e+15,1.4006,1,All,#4682B4,0
2,7,14,0,5.71957e+15,0,1,All,#4682B4,0
3,7,14,0,5.71957e+15,0,1,All,#4682B4,0
4,7,14,0,5.71957e+15,0,1,All,#4682B4,0
5,7,14,0,5.71957e+15,1.65639,1,All,#4682B4,0
6,7,14,0,5.71957e+15,1.65311,1,All,#4682B4,0
7,7,14,0,5.71957e+15,0,1,All,#4682B4,0
8,7,14,0,5.71957e+15,0,1,All,#4682B4,0
9,7,14,0,5.71957e+15,0,1,All,#4682B4,0
10,7,14,0,5.71957e+15,0,1,All,#4682B4,0
1,7,14.5,0,5.71957e+15,0,1,All,#4682B4,0
2,7,14.5,0,5.71957e+15,0,1,All,#4682B4,0
3,7,14.5,0,5.71957e+15,0,1,All,#4682B4,0
4,7,14.5,0,5.71957e+15,0,1,All,#4682B4,0
5,7,14.5,0,5.71957e+15,1.2847,1,All,#4682B4,0
6,7,14.5,0,5.71957e+15,1.29403,1,All,#4682B4,0
7,7,14.5,0,5.71957e+15,0,1,All,#4682B4,0
8,7,14.5,0,5.71957e+15,0,1,All,#4682B4,0
9,7,14.5,0,5.71957e+15,1.08318,1,All,#4682B4,0
10,7,14.5,0,5.71957e+15,0,1,All,#4682B4,0
1,7,15,0,5.71957e+15,1.31323,1,All,#4682B4,0
2,7,15,0,5.71957e+15,0,1,All,#4682B4,0
3,7,15,0,5.71957e+15,0,1,All,#4682B4,0
4,7,15,0,5.71957e+15,0,1,All,#4682B4,0
5,7,15,0,5.71957e+15,0,1,All,#4682B4,0
6,7,15,0,5.71957e+15,0,1,All,#4682B4,0
7,7,15,0,5.71957e+15,0,1,All,#4682B4,0
8,7,15,0,5.71957e+15,1.08799,1,All,#4682B4,0
9,7,15,0,5.71957e+15,0,1,All,#4682B4,0
10,7,15,0,5.71957e+15,0,1,All,#4682B4,0
1,7,15.5,0,5.71957e+15,0,1,All,#4682B4,0
2,7,15.5,0,5.71957e+15,0,1,All,#4682B4,0
3,7,15.5,0,5.71957e+15,2.16512,1,All,#4682B4,0
4,7,15.5,0,5.71957e+15,0,1,All,#4682B4,0
5,7,15.5,0,5.71957e+15,0,1,All,#4682B4,0
6,7,15.5,0,5.71957e+15,0,1,All,#4682B4,0
7,7,15.5,0,5.71957e+15,0,1,All,#4682B4,0
8,7,15.5,0,5.71957e+15,0,1,All,#4682B4,0
9,7,15.5,0,5.71957e+15,0,1,All,#4682B4,0
10,7,15.5,0,5.71957e+15,0,1,All,#4682B4,0
1,7,16,0,5.71957e+15,0,1,All,#4682B4,0
2,7,16,0,5.71957e+15,0,1,All,#4682B4,0
3,7,16,0,5.71957e+15,3.09618,1,All,#4682B4,0
4,7,16,0,5.71957e+15,1.74457,1,All,#4682B4,0
5,7,16,0,5.71957e+15,0,1,All,#4682B4,0
6,7,16,0,5.71957e+15,0,1,All,#4682B4,0
7,7,16,0,5.71957e+15,0,1,All,#4682B4,0
8,7,16,0,5.71957e+15,0,1,All,#4682B4,0
9,7,16,0,5.71957e+15,2.1261,1,All,#4682B4,0
10,7,16,0,5.71957e+15,0,1,All,#4682B4,0
1,8,1,0,5.71957e+15,1.2505,1,All,#4682B4,0
2,8,1,0,5.71957e+15,0,1,All,#4682B4,0
3,8,1,0,5.71957e+15,0,1,All,#4682B4,0
4,8,1,0,5.71957e+15,0,1,All,#4682B4,0
5,8,1,0,5.71957e+15,1.25247,1,All,#4682B4,0
6,8,1,0,5.71957e+15,1.22194,1,All,#4682B4,0
7,8,1,0,5.71957e+15,0,1,All,#4682B4,0
8,8,1,0,5.71957e+15,1.46075,1,All,#4682B4,0
9,8,1,0,5.71957e+15,0,1,All,#4682B4,0
10,8,1,0,5.71957e+15,0,1,All,#4682B4,0
1,8,1.5,0,5.71957e+15,0,1,All,#4682B4,0
2,8,1.5,0,5.71957e+15,0,1,All,#4682B4,0
3,8,1.5,0,5.71957e+15,2.2934,1,All,#4682B4,0
4,8,1.5,0,5.71957e+15,0,1,All,#4682B4,0
5,8,1.5,0,5.71957e+15,0,1,All,#4682B4,0
6,8,1.5,0,5.71957e+15,0,1,All,#4682B4,0
7,8,1.5,0,5.71957e+15,1.25352,1,All,#4682B4,0
8,8,1.5,0,5.71957e+15,2.3557,1,All,#4682B4,0
9,8,1.5,0,5.71957e+15,1.58336,1,All,#4682B4,0
10,8,1.5,0,5.71957e+15,0,1,All,#4682B4,0
1,8,2,0,5.71957e+15,0,1,All,#4682B4,0
2,8,2,0,5.71957e+15,1.12633,1,All,#4682B4,0
3,8,2,0,5.71957e+15,0,1,All,#4682B4,0
4,8,2,0,5.71957e+15,0,1,All,#4682B4,0
5,8,2,0.109275,27.0883,0.274815,1,All,#4682B4,0
6,8,2,0,5.71957e+15,0,1,All,#4682B4,0
7,8,2,0,5.71957e+15,0,1,All,#4682B4,0
8,8,2,0,5.71957e+15,1.46394,1,All,#4682B4,0
9,8,2,0,5.71957e+15,0,1,All,#4682B4,0
10,8,2,0,5.71957e+15,0,1,All,#4682B4,0
1,8,2.5,0.117004,25.1304,1.19863,1,All,#4682B4,0
2,8,2.5,0,5.71957e+15,0,1,All,#4682B4,0
3,8,2.5,0.40653,5.41659,1.2934,1,All,#4682B4,0
4,8,2.5,0.179466,15.4963,-0.907203,1,All,#4682B4,0
5,8,2.5,1.48484,-0.36898,-1.37527,1,All,#4682B4,0
6,8,2.5,0,5.71957e+15,1.61438,1,All,#4682B4,0
7,8,2.5,0.860709,1.21268,0.0386444,1,All,#4682B4,0
8,8,2.5,0.257512,10.0268,0.352008,1,All,#4682B4,0
9,8,2.5,0,5.71957e+15,0,1,All,#4682B4,0
10,8,2.5,0,5.71957e+15,0,1,All,#4682B4,0
1,8,3,2.09261,-0.283472,-0.283472,0,All,#4682B4,0
2,8,3,1.55142,0.507238,0.507238,0,All,#4682B4,0
3,8,3,1.93129,-0.0941359,-0.0941359,0,All,#4682B4,0
4,8,3,1.80129,0.0831151,0.0831151,0,All,#4682B4,0
5,8,3,1.9472,-0.114206,-0.114206,0,All,#4682B4,0
6,8,3,1.95668,-0.126003,-0.126003,0,All,#4682B4,0
7,8,3,2.06663,-0.254978,-0.254978,0,All,#4682B4,0
8,8,3,1.96651,-0.138117,-0.138117,0,All,#4682B4,0
9,8,3,1.37133,0.908763,0.908763,0,All,#4682B4,0
10,8,3,1.90683,-0.0626276,-0.0626276,0,All,#4682B4,0
1,8,3.5,2.65668,-1.33109,-1.38749,1,All,#4682B4,0
2,8,3.5,2.14159,-1.03788,-1.15294,1,All,#4682B4,0
3,8,3.5,2.4404,-1.22305,-1.31361,1,All,#4682B4,0
4,8,3.5,2.39208,-1.19624,-2.09872,1,All,#4682B4,0
5,8,3.5,2.18951,-1.07098,-1.7481,1,All,#4682B4,0
6,8,3.5,2.51438,-1.2621,-1.53966,1,All,#4682B4,0
7,8,3.5,2.46166,-1.23451,-2.22009,1,All,#4682B4,0
8,8,3.5,2.41409,-1.20859,-1.35281,1,All,#4682B4,0
9,8,3.5,2.16869,-1.05678,-1.10257,1,All,#4682B4,0
10,8,3.5,2.58751,-1.29851,-1.81019,1,All,#4682B4,0
1,8,4,2.94056,0.563226,0.563226,0,All,#4682B4,0
2,8,4,2.4382,1.20469,1.20469,0,All,#4682B4,0
3,8,4,2.70738,0.831377,0.831377,0,All,#4682B4,0
4,8,4,2.71039,0.827619,0.827619,0,All,#4682B4,0
5,8,4,2.33338,1.37337,1.37337,0,All,#4682B4,0
6,8,4,2.73871,0.792686,0.792686,0,All,#4682B4,0
7,8,4,2.65883,0.893123,0.893123,0,All,#4682B4,0
8,8,4,2.63418,0.925344,0.925344,0,All,#4682B4,0
9,8,4,2.55638,1.03112,1.03112,0,All,#4682B4,0
10,8,4,2.89586,0.611278,0.611278,0,All,#4682B4,0
1,8,4.5,3.08932,-1.50182,-1.52302,1,All,#4682B4,0
2,8,4.5,2.60582,-1.3073,-1.47782,1,All,#4682B4,0
3,8,4.5,2.86451,-1.41954,-2.39768,1,All,#4682B4,0
4,8,4.5,2.90381,-1.43485,-1.46016,1,All,#4682B4,0
5,8,4.5,2.41916,-1.2114,-1.67456,1,All,#4682B4,0
6,8,4.5,2.85469,-1.41565,-1.54232,1,All,#4682B4,0
7,8,4.5,2.74872,-1.37192,-1.53885,1,All,#4682B4,0
8,8,4.5,2.75659,-1.37528,-1.96805,1,All,#4682B4,0
9,8,4.5,2.78786,-1.38846,-2.15737,1,All,#4682B4,0
10,8,4.5,3.06741,-1.49433,-2.16176,1,All,#4682B4,0
1,8,5,3.13767,0.643979,0.643979,0,All,#4682B4,0
2,8,5,2.69272,1.17179,1.17179,0,All,#4682B4,0
3,8,5,2.95311,0.843602,0.843602,0,All,#4682B4,0
4,8,5,3.01759,0.771084,0.771084,0,All,#4682B4,0
5,8,5,2.46257,1.51964,1.51964,0,All,#4682B4,0
6,8,5,2.90907,0.89498,0.89498,0,All,#4682B4,0
7,8,5,2.75828,1.08332,1.08332,0,All,#4682B4,0
8,8,5,2.81871,1.00542,1.00542,0,All,#4682B4,0
9,8,5,2.92923,0.871265,0.871265,0,All,#4682B4,0
10,8,5,3.16242,0.618977,0.618977,0,All,#4682B4,0
1,8,5.5,3.09864,-1.50497,-1.86724,1,All,#4682B4,0
2,8,5.5,2.71487,-1.35722,-1.86825,1,All,#4682B4,0
3,8,5.5,2.98431,-1.46493,-2.17617,1,All,#4682B4,0
4,8,5.5,3.071,-1.49557,-1.5034,1,All,#4682B4,0
5,8,5.5,2.47091,-1.23944,-1.27279,1,All,#4682B4,0
6,8,5.5,2.91384,-1.43868,-2.05936,1,All,#4682B4,0
7,8,5.5,2.71284,-1.35633,-1.92922,1,All,#4682B4,0
8,8,5.5,2.83389,-1.40733,-1.51697,1,All,#4682B4,0
9,8,5.5,3.004,-1.47204,-1.62279,1,All,#4682B4,0
10,8,5.5,3.20034,-1.53819,-2.44367,1,All,#4682B4,0
1,8,6,3.00121,0.83169,0.83169,0,All,#4682B4,0
2,8,6,2.67975,1.23738,1.23738,0,All,#4682B4,0
3,8,6,2.9622,0.876228,0.876228,0,All,#4682B4,0
4,8,6,3.06941,0.756558,0.756558,0,All,#4682B4,0
5,8,6,2.44669,1.59817,1.59817,0,All,#4682B4,0
6,8,6,2.87842,0.975963,0.975963,0,All,#4682B4,0
7,8,6,2.64134,1.29246,1.29246,0,All,#4682B4,0
8,8,6,2.80979,1.06209,1.06209,0,All,#4682B4,0
9,8,6,3.02052,0.810073,0.810073,0,All,#4682B4,0
10,8,6,3.1895,0.63205,0.63205,0,All,#4682B4,0
1,8,6.5,2.87028,-1.42182,-1.4456,1,All,#4682B4,0
2,8,6.5,2.59582,-1.30251,-1.38764,1,All,#4682B4,0
3,8,6.5,2.89525,-1.43155,-2.26531,1,All,#4682B4,0
4,8,6.5,3.01805,-1.47706,-2.07952,1,All,#4682B4,0
5,8,6.5,2.3935,-1.19705,-1.91264,1,All,#4682B4,0
6,8,6.5,2.81204,-1.39844,-1.64157,1,All,#4682B4,0
7,8,6.5,2.56086,-1.28548,-2.07226,1,All,#4682B4,0
8,8,6.5,2.75428,-1.37429,-1.46337,1,All,#4682B4,0
9,8,6.5,2.98565,-1.46542,-1.72744,1,All,#4682B4,0
10,8,6.5,3.13944,-1.51856,-1.58403,1,All,#4682B4,0
1,8,7,2.72008,1.12497,1.12497,0,All,#4682B4,0
2,8,7,2.47565,1.48783,1.48783,0,All,#4682B4,0
3,8,7,2.79122,1.03131,1.03131,0,All,#4682B4,0
4,8,7,2.92396,0.868711,0.868711,0,All,#4682B4,0
5,8,7,2.30889,1.77948,1.77948,0,All,#4682B4,0
6,8,7,2.72309,1.12091,1.12091,0,All,#4682B4,0
7,8,7,2.47259,1.49283,1.49283,0,All,#4682B4,0
8,8,7,2.6753,1.18648,1.18648,0,All,#4682B4,0
9,8,7,2.90384,0.892399,0.892399,0,All,#4682B4,0
10,8,7,3.05886,0.717936,0.717936,0,All,#4682B4,0
1,8,7.5,2.55653,0.32267,0.32267,0,All,#4682B4,0
2,8,7.5,2.33075,0.600955,0.600955,0,All,#4682B4,0
3,8,7.5,2.65707,0.213958,0.213958,0,All,#4682B4,0
4,8,7.5,2.79548,0.0771001,0.0771001,0,All,#4682B4,0
5,8,7.5,2.19715,0.79257,0.79257,0,All,#4682B4,0
6,8,7.5,2.61738,0.255882,0.255882,0,All,#4682B4,0
7,8,7.5,2.37211,0.546023,0.546023,0,All,#4682B4,0
8,8,7.5,2.57651,0.300393,0.300393,0,All,#4682B4,0
9,8,7.5,2.78363,0.088285,0.088285,0,All,#4682B4,0
10,8,7.5,2.95198,-0.0621811,-0.0621811,0,All,#4682B4,0
1,8,8,2.38142,1.14431,1.14431,0,All,#4682B4,0
2,8,8,2.16976,1.5047,1.5047,0,All,#4682B4,0
3,8,8,2.49913,0.970299,0.970299,0,All,#4682B4,0
4,8,8,2.6408,0.781434,0.781434,0,All,#4682B4,0
5,8,8,2.06179,1.71705,1.71705,0,All,#4682B4,0
6,8,8,2.49794,0.971969,0.971969,0,All,#4682B4,0
7,8,8,2.25817,1.34595,1.34595,0,All,#4682B4,0
8,8,8,2.45214,1.03775,1.03775,0,All,#4682B4,0
9,8,8,2.63206,0.792496,0.792496,0,All,#4682B4,0
10,8,8,2.82238,0.567087,0.567087,0,All,#4682B4,0
1,8,8.5,2.19503,-0.00584658,-0.00584658,0,All,#4682B4,0
2,8,8.5,1.99919,0.243403,0.243403,0,All,#4682B4,0
3,8,8.5,2.32205,-0.145027,-0.145027,0,All,#4682B4,0
4,8,8.5,2.46671,-0.28607,-0.28607,0,All,#4682B4,0
5,8,8.5,1.90515,0.381289,0.381289,0,All,#4682B4,0
6,8,8.5,2.36589,-0.189594,-0.189594,0,All,#4682B4,0
7,8,8.5,2.12926,0.0727501,0.0727501,0,All,#4682B4,0
8,8,8.5,2.30299,-0.125115,-0.125115,0,All,#4682B4,0
9,8,8.5,2.45497,-0.275246,-0.275246,0,All,#4682B4,0
10,8,8.5,2.67506,-0.462414,-0.462414,0,All,#4682B4,0
1,8,9,1.99713,-0.315567,-0.315567,0,All,#4682B4,0
2,8,9,1.82143,-0.100012,-0.100012,0,All,#4682B4,0
3,8,9,2.12925,-0.454223,-0.454223,0,All,#4682B4,0
4,8,9,2.27782,-0.590933,-0.590933,0,All,#4682B4,0
5,8,9,1.7309,0.0281473,0.0281473,0,All,#4682B4,0
6,8,9,2.22131,-0.541089,-0.541089,0,All,#4682B4,0
7,8,9,1.98367,-0.300408,-0.300408,0,All,#4682B4,0
8,8,9,2.12922,-0.454198,-0.454198,0,All,#4682B4,0
9,8,9,2.25637,-0.572306,-0.572306,0,All,#4682B4,0
10,8,9,2.51233,-0.773819,-0.773819,0,All,#4682B4,0
1,8,9.5,1.78727,0.574639,0.574639,0,All,#4682B4,0
2,8,9.5,1.63202,0.871887,0.871887,0,All,#4682B4,0
3,8,9.5,1.92386,0.352777,0.352777,0,All,#4682B4,0
4,8,9.5,2.07753,0.138061,0.138061,0,All,#4682B4,0
5,8,9.5,1.54222,1.07116,1.07116,0,All,#4682B4,0
6,8,9.5,2.06383,0.155898,0.155898,0,All,#4682B4,0
7,8,9.5,1.81976,0.518852,0.518852,0,All,#4682B4,0
8,8,9.5,1.93051,0.342787,0.342787,0,All,#4682B4,0
9,8,9.5,2.03903,0.18881,0.18881,0,All,#4682B4,0
10,8,9.5,2.33523,-0.158595,-0.158595,0,All,#4682B4,0
1,8,10,1.56317,-0.478283,-0.485211,1,All,#4682B4,0
2,8,10,1.43272,-0.289635,-0.4286,1,All,#4682B4,0
3,8,10,1.70894,-0.655008,-0.837913,1,All,#4682B4,0
4,8,10,1.8682,-0.816571,-2.14415,1,All,#4682B4,0
5,8,10,1.3428,-0.13826,-1.28191,1,All,#4682B4,0
6,8,10,1.89299,-0.839277,-1.49948,1,All,#4682B4,0
7,8,10,1.63606,-0.570585,-0.810897,1,All,#4682B4,0
8,8,10,1.70721,-0.653088,-2.43357,1,All,#4682B4,0
9,8,10,1.80563,-0.7565,-1.37866,1,All,#4682B4,0
10,8,10,2.14406,-1.03962,-1.19029,1,All,#4682B4,0
1,8,10.5,1.33352,-0.121471,-1.56601,1,All,#4682B4,0
2,8,10.5,1.22729,0.088744,-2.10985,1,All,#4682B4,0
3,8,10.5,1.48884,-0.37485,-1.37132,1,All,#4682B4,0
4,8,10.5,1.65203,-0.589729,-0.657849,1,All,#4682B4,0
5,8,10.5,1.13918,0.292868,-0.429041,1,All,#4682B4,0
6,8,10.5,1.70845,-0.654466,-0.687733,1,All,#4682B4,0
7,8,10.5,1.43364,-0.291083,-0.367812,1,All,#4682B4,0
8,8,10.5,1.46294,-0.336335,-0.879623,1,All,#4682B4,0
9,8,10.5,1.55915,-0.472944,-0.825588,1,All,#4682B4,0
10,8,10.5,1.93913,-0.879988,-1.08951,1,All,#4682B4,0
1,8,11,1.09592,0.405092,-0.44995,1,All,#4682B4,0
2,8,11,1.02115,0.62147,-2.15399,1,All,#4682B4,0
3,8,11,1.27017,-0.000345071,-0.422328,1,All,#4682B4,0
4,8,11,1.43184,-0.288251,-1.44019,1,All,#4682B4,0
5,8,11,0.937939,0.902849,0.0929762,1,All,#4682B4,0
6,8,11,1.51114,-0.406941,-0.708412,1,All,#4682B4,0
7,8,11,1.21439,0.116786,-0.140629,1,All,#4682B4,0
8,8,11,1.21432,0.11694,-0.303986,1,All,#4682B4,0
9,8,11,1.3044,-0.0672599,-0.380902,1,All,#4682B4,0
10,8,11,1.72109,-0.668391,-0.868984,1,All,#4682B4,0
1,8,11.5,0.85858,1.22201,0.44089,1,All,#4682B4,0
2,8,11.5,0.822258,1.38864,0.876614,1,All,#4682B4,0
3,8,11.5,1.06146,0.501016,-0.719608,1,All,#4682B4,0
4,8,11.5,1.21186,0.122346,-0.449779,1,All,#4682B4,0
5,8,11.5,0.749556,1.77069,0.912544,1,All,#4682B4,0
6,8,11.5,1.30482,-0.0680467,-2.11406,1,All,#4682B4,0
7,8,11.5,0.989516,0.722864,-1.12578,1,All,#4682B4,0
8,8,11.5,0.984948,0.738044,-0.99905,1,All,#4682B4,0
9,8,11.5,1.0493,0.53638,-0.136964,1,All,#4682B4,0
10,8,11.5,1.49167,-0.378975,-2.07708,1,All,#4682B4,0
1,8,12,0.632696,2.56875,-0.0700133,1,All,#4682B4,0
2,8,12,0.640507,2.50633,0.789205,1,All,#4682B4,0
3,8,12,0.872834,1.16041,-0.848752,1,All,#4682B4,0
4,8,12,0.997316,0.697265,0.695307,1,All,#4682B4,0
5,8,12,0.585379,2.98253,-0.754076,1,All,#4682B4,0
6,8,12,1.09909,0.39655,-1.1891,1,All,#4682B4,0
7,8,12,0.779642,1.60394,0.615678,1,All,#4682B4,0
8,8,12,0.801476,1.49078,-1.09245,1,All,#4682B4,0
9,8,12,0.805782,1.46918,-1.66276,1,All,#4682B4,0
10,8,12,1.25494,0.0305971,-1.04863,1,All,#4682B4,0
1,8,12.5,0.434006,4.91223,2.03373,1,All,#4682B4,0
2,8,12.5,0.485295,4.12356,0.399549,1,All,#4682B4,0
3,8,12.5,0.715578,1.97586,0.0968853,1,All,#4682B4,0
4,8,12.5,0.794281,1.52738,-0.305501,1,All,#4682B4,0
5,8,12.5,0.45069,4.63599,-1.1481,1,All,#4682B4,0
6,8,12.5,0.91525,0.988447,-0.272732,1,All,#4682B4,0
7,8,12.5,0.609534,2.76327,-0.177526,1,All,#4682B4,0
8,8,12.5,0.671944,2.26976,-1.01833,1,All,#4682B4,0
9,8,12.5,0.58843,2.95384,-1.05627,1,All,#4682B4,0
10,8,12.5,1.01842,0.629969,-0.998587,1,All,#4682B4,0
1,8,13,0.275674,9.19822,0.102304,1,All,#4682B4,0
2,8,13,0.362358,6.38776,0.451168,1,All,#4682B4,0
3,8,13,0.59412,2.90113,0.0554781,1,All,#4682B4,0
4,8,13,0.609901,2.76008,-0.633403,1,All,#4682B4,0
5,8,13,0.346197,6.80498,-0.678899,1,All,#4682B4,0
6,8,13,0.77528,1.62732,0.759967,1,All,#4682B4,0
7,8,13,0.489825,4.06184,-1.82933,1,All,#4682B4,0
8,8,13,0.585469,2.98168,-0.182265,1,All,#4682B4,0
9,8,13,0.407468,5.39826,-0.0495288,1,All,#4682B4,0
10,8,13,0.796282,1.51714,-0.0735578,1,All,#4682B4,0
1,8,13.5,0.161686,17.4808,-1.12223,1,All,#4682B4,0
2,8,13.5,0.272012,9.35641,-1.63898,1,All,#4682B4,0
3,8,13.5,0.506586,3.84307,-1.19525,1,All,#4682B4,0
4,8,13.5,0.450474,4.63943,-0.282422,1,All,#4682B4,0
5,8,13.5,0.268029,9.53335,-0.79592,1,All,#4682B4,0
6,8,13.5,0.685352,2.17547,-1.4892,1,All,#4682B4,0
7,8,13.5,0.412276,5.30556,0.131617,1,All,#4682B4,0
8,8,13.5,0.528134,3.58222,0.752301,1,All,#4682B4,0
9,8,13.5,0.268514,9.51153,-0.51374,1,All,#4682B4,0
10,8,13.5,0.605479,2.79886,1.64535,1,All,#4682B4,0
1,8,14,0.0874094,34.5023,0.00820855,1,All,#4682B4,0
2,8,14,0.210526,12.8338,-1.55501,1,All,#4682B4,0
3,8,14,0.449012,4.66283,-1.76179,1,All,#4682B4,0
4,8,14,0.319938,7.57281,1.95154,1,All,#4682B4,0
5,8,14,0.210427,12.841,0.168495,1,All,#4682B4,0
6,8,14,0.63444,2.55468,-0.200017,1,All,#4682B4,0
7,8,14,0.364372,6.33835,-0.785503,1,All,#4682B4,0
8,8,14,0.488447,4.08049,0.682694,1,All,#4682B4,0
9,8,14,0.168208,16.7041,0.525279,1,All,#4682B4,0
10,8,14,0.456714,4.5412,-0.000869623,1,All,#4682B4,0
1,8,14.5,0.044145,70.8156,1.41087,1,All,#4682B4,0
2,8,14.5,0.171926,16.2878,-0.65993,1,All,#4682B4,0
3,8,14.5,0.411733,5.31592,0.050268,1,All,#4682B4,0
4,8,14.5,0.21944,12.2089,0.736975,1,All,#4682B4,0
5,8,14.5,0.168658,16.6528,-0.277116,1,All,#4682B4,0
6,8,14.5,0.608485,2.77243,-1.92151,1,All,#4682B4,0
7,8,14.5,0.334955,7.11898,1.68946,1,All,#4682B4,0
8,8,14.5,0.459122,4.504,0.386663,1,All,#4682B4,0
9,8,14.5,0.100004,29.836,-0.604976,1,All,#4682B4,0
10,8,14.5,0.351262,6.67009,0.1214,1,All,#4682B4,0
1,8,15,0.0230419,138.008,0.696958,1,All,#4682B4,0
2,8,15,0.150187,19.0145,0.649378,1,All,#4682B4,0
3,8,15,0.391774,5.71667,-0.105048,1,All,#4682B4,0
4,8,15,0.146914,19.4949,1.65395,1,All,#4682B4,0
5,8,15,0.137872,20.9407,-0.544276,1,All,#4682B4,0
6,8,15,0.596522,2.87918,-0.708711,1,All,#4682B4,0
7,8,15,0.315834,7.70434,-0.541373,1,All,#4682B4,0
8,8,15,0.435502,4.8866,-0.347485,1,All,#4682B4,0
9,8,15,0.0560177,55.266,-2.23721,1,All,#4682B4,0
10,8,15,0.281885,8.93938,-0.236189,1,All,#4682B4,0
1,8,15.5,0.0161821,197.593,-1.1463,1,All,#4682B4,0
2,8,15.5,0.140246,20.5431,1.01,1,All,#4682B4,0
3,8,15.5,0.382272,5.92215,-0.126736,1,All,#4682B4,0
4,8,15.5,0.0982234,30.4229,-0.777167,1,All,#4682B4,0
5,8,15.5,0.114253,25.7968,-0.416746,1,All,#4682B4,0
6,8,15.5,0.591819,2.92232,-0.122672,1,All,#4682B4,0
7,8,15.5,0.302081,8.17123,-0.0806141,1,All,#4682B4,0
8,8,15.5,0.414051,5.27188,1.84524,1,All,#4682B4,0
9,8,15.5,0.0294277,107.507,0.941515,1,All,#4682B4,0
10,8,15.5,0.240275,10.9291,-1.77565,1,All,#4682B4,0
1,8,16,0.0188208,169.533,-0.890939,1,All,#4682B4,0
2,8,16,0.138027,20.9142,0.808291,1,All,#4682B4,0
3,8,16,0.379793,5.97743,-0.719272,1,All,#4682B4,0
4,8,16,0.0685297,44.7101,0.138688,1,All,#4682B4,0
5,8,16,0.0945845,31.6915,0.556684,1,All,#4682B4,0
6,8,16,0.590471,2.93482,0.287983,1,All,#4682B4,0
7,8,16,0.29073,8.58984,0.579085,1,All,#4682B4,0
8,8,16,0.39376,5.67495,0.920011,1,All,#4682B4,0
9,8,16,0.0146055,219.197,-0.683294,1,All,#4682B4,0
10,8,16,0.216257,12.4261,-0.406581,1,All,#4682B4,0
1,8,16.5,0.0265072,119.633,-0.5777,1,All,#4682B4,0
2,8,16.5,0.140985,20.4219,-1.97515,1,All,#4682B4,0
3,8,16.5,0.382044,5.92719,-0.88041,1,All,#4682B4,0
4,8,16.5,0.0533718,58.1323,-1.0921,1,All,#4682B4,0
5,8,16.5,0.0792602,38.3119,-1.26476,1,All,#4682B4,0
6,8,16.5,0.590424,2.93525,-1.17272,1,All,#4682B4,0
7,8,16.5,0.280367,9.0016,-0.876864,1,All,#4682B4,0
8,8,16.5,0.373365,6.12426,0.042441,1,All,#4682B4,0
9,8,16.5,0.00689506,467.168,-1.38373,1,All,#4682B4,0
10,8,16.5,0.203364,13.3756,0.634706,1,All,#4682B4,0
1,8,17,0.0377518,83.2399,1.05848,1,All,#4682B4,0
2,8,17,0.146454,19.5642,-0.507208,1,All,#4682B4,0
3,8,17,0.386181,5.83638,-0.341921,1,All,#4682B4,0
4,8,17,0.0484366,64.3152,1.90126,1,All,#4682B4,0
5,8,17,0.0657091,46.7388,1.24025,1,All,#4682B4,0
6,8,17,0.591106,2.92893,-0.481121,1,All,#4682B4,0
7,8,17,0.269864,9.45118,1.0894,1,All,#4682B4,0
8,8,17,0.352616,6.63469,-0.776966,1,All,#4682B4,0
9,8,17,0.00348506,926.769,-1.67092,1,All,#4682B4,0
10,8,17,0.197414,13.8556,-0.0895353,1,All,#4682B4,0
1,8,17.5,0.0490268,63.5103,1.572,1,All,#4682B4,0
2,8,17.5,0.152375,18.7048,-1.31483,1,All,#4682B4,0
3,8,17.5,0.391427,5.72399,-0.37805,1,All,#4682B4,0
4,8,17.5,0.0507632,61.2506,0.443813,1,All,#4682B4,0
5,8,17.5,0.0528751,58.7024,-1.19965,1,All,#4682B4,0
6,8,17.5,0.590737,2.93234,2.23004,1,All,#4682B4,0
7,8,17.5,0.258349,9.9861,-0.253037,1,All,#4682B4,0
8,8,17.5,0.33103,7.23361,0.231909,1,All,#4682B4,0
9,8,17.5,0.00195647,1652.85,0.817801,1,All,#4682B4,0
10,8,17.5,0.196335,13.9458,0.945266,1,All,#4682B4,0
1,8,18,0.0615132,50.1008,0.169581,1,All,#4682B4,0
2,8,18,0.159253,17.7869,0.854448,1,All,#4682B4,0
3,8,18,0.396945,5.60896,-0.767997,1,All,#4682B4,0
4,8,18,0.0583617,52.944,-0.739268,1,All,#4682B4,0
5,8,18,0.0403719,77.6723,1.05856,1,All,#4682B4,0
6,8,18,0.590337,2.93606,-0.275084,1,All,#4682B4,0
7,8,18,0.247104,10.5566,0.601175,1,All,#4682B4,0
8,8,18,0.309268,7.92206,2.06584,1,All,#4682B4,0
9,8,18,0.00143868,2248.63,1.09915,1,All,#4682B4,0
10,8,18,0.195944,13.9787,-0.0487897,1,All,#4682B4,0
1,8,18.5,0.0734514,41.5433,-0.930176,1,All,#4682B4,0
2,8,18.5,0.166126,16.9454,1.54802,1,All,#4682B4,0
3,8,18.5,0.402665,5.49306,-1.07108,1,All,#4682B4,0
4,8,18.5,0.0691053,44.3165,1.36519,1,All,#4682B4,0
5,8,18.5,0.0278508,113.739,-0.393327,1,All,#4682B4,0
6,8,18.5,0.588771,2.95065,-1.18099,1,All,#4682B4,0
7,8,18.5,0.23444,11.2646,1.0085,1,All,#4682B4,0
8,8,18.5,0.286773,8.74354,0.412494,1,All,#4682B4,0
9,8,18.5,0.00151648,2133.14,-0.105567,1,All,#4682B4,0
10,8,18.5,0.195502,14.016,0.268016,1,All,#4682B4,0
1,8,19,0.0841801,35.9237,-1.10939,1,All,#4682B4,0
2,8,19,0.171535,16.3307,-0.708609,1,All,#4682B4,0
3,8,19,0.407969,5.38848,0.460854,1,All,#4682B4,0
4,8,19,0.0817562,37.0643,-0.641082,1,All,#4682B4,0
5,8,19,0.0150707,212.352,1.42525,1,All,#4682B4,0
6,8,19,0.586796,2.96917,-0.562314,1,All,#4682B4,0
7,8,19,0.221039,12.1022,-0.156851,1,All,#4682B4,0
8,8,19,0.263498,9.7411,0.656343,1,All,#4682B4,0
9,8,19,0.00318447,1014.49,-1.8286,1,All,#4682B4,0
10,8,19,0.195169,14.0443,1.16411,1,All,#4682B4,0
1,8,19.5,0.0940586,31.883,-1.07035,1,All,#4682B4,0
2,8,19.5,0.177933,15.6518,1.30687,1,All,#4682B4,0
3,8,19.5,0.412085,5.3092,-1.30961,1,All,#4682B4,0
4,8,19.5,0.0953679,31.4102,-0.232355,1,All,#4682B4,0
5,8,19.5,0.00194007,1666.84,-0.469466,1,All,#4682B4,0
6,8,19.5,0.584297,2.99278,-0.559638,1,All,#4682B4,0
7,8,19.5,0.207446,13.0622,-0.559534,1,All,#4682B4,0
8,8,19.5,0.239324,10.9826,0.834248,1,All,#4682B4,0
9,8,19.5,0.00260345,1241.46,-0.729769,1,All,#4682B4,0
10,8,19.5,0.195015,14.0574,0.178122,1,All,#4682B4,0
1,9,1,0,5.71957e+15,0,1,All,#4682B4,0
2,9,1,0,5.71957e+15,0,1,All,#4682B4,0
3,9,1,0,5.71957e+15,0,1,All,#4682B4,0
4,9,1,0,5.71957e+15,0,1,All,#4682B4,0
5,9,1,0,5.71957e+15,0,1,All,#4682B4,0
6,9,1,0,5.71957e+15,0,1,All,#4682B4,0
7,9,1,0,5.71957e+15,1.86822,1,All,#4682B4,0
8,9,1,0,5.71957e+15,0,1,All,#4682B4,0
9,9,1,0,5.71957e+15,2.24888,1,All,#4682B4,0
10,9,1,0,5.71957e+15,2.06712,1,All,#4682B4,0
1,9,1.5,0,5.71957e+15,1.77857,1,All,#4682B4,0
2,9,1.5,0,5.71957e+15,1.86668,1,All,#4682B4,0
3,9,1.5,0,5.71957e+15,0,1,All,#4682B4,0
4,9,1.5,0,5.71957e+15,1.22859,1,All,#4682B4,0
5,9,1.5,0,5.71957e+15,0,1,All,#4682B4,0
6,9,1.5,0,5.71957e+15,0,1,All,#4682B4,0
7,9,1.5,0,5.71957e+15,1.68011,1,All,#4682B4,0
8,9,1.5,0,5.71957e+15,0,1,All,#4682B4,0
9,9,1.5,0,5.71957e+15,0,1,All,#4682B4,0
10,9,1.5,0,5.71957e+15,0,1,All,#4682B4,0
1,9,2,0,5.71957e+15,0,1,All,#4682B4,0
2,9,2,0.597411,2.8711,0.103127,1,All,#4682B4,0
3,9,2,1.06273,0.497378,-2.07379,1,All,#4682B4,0
4,9,2,0.789824,1.55039,-1.01333,1,All,#4682B4,0
5,9,2,0.544064,3.40267,-1.32491,1,All,#4682B4,0
6,9,2,0.600423,2.8439,-0.622521,1,All,#4682B4,0
7,9,2,0.833695,1.33461,-0.232617,1,All,#4682B4,0
8,9,2,0.642268,2.49247,0.211517,1,All,#4682B4,0
9,9,2,0.414736,5.25897,0.0581284,1,All,#4682B4,0
10,9,2,0.202032,13.4806,-0.930052,1,All,#4682B4,0
1,9,2.5,1.22403,0.0957842,-0.406943,1,All,#4682B4,0
2,9,2.5,1.56445,-0.479983,-0.82266,1,All,#4682B4,0
3,9,2.5,1.64329,-0.579295,-1.15133,1,All,#4682B4,0
4,9,2.5,1.69756,-0.642312,-0.989197,1,All,#4682B4,0
5,9,2.5,1.79443,-0.745306,-2.28376,1,All,#4682B4,0
6,9,2.5,1.50293,-0.395243,-1.5022,1,All,#4682B4,0
7,9,2.5,1.59304,-0.517133,-0.668081,1,All,#4682B4,0
8,9,2.5,1.50881,-0.40364,-0.75764,1,All,#4682B4,0
9,9,2.5,1.55071,-0.461632,-1.34289,1,All,#4682B4,0
10,9,2.5,1.40862,-0.250964,-0.478994,1,All,#4682B4,0
1,9,3,1.84263,1.17276,1.17276,0,All,#4682B4,0
2,9,3,1.88523,1.08862,1.08862,0,All,#4682B4,0
3,9,3,1.86596,1.12621,1.12621,0,All,#4682B4,0
4,9,3,2.02197,0.842546,0.842546,0,All,#4682B4,0
5,9,3,2.09948,0.717291,0.717291,0,All,#4682B4,0
6,9,3,1.94018,0.98557,0.98557,0,All,#4682B4,0
7,9,3,1.89947,1.06135,1.06135,0,All,#4682B4,0
8,9,3,1.79186,1.27825,1.27825,0,All,#4682B4,0
9,9,3,1.92056,1.02168,1.02168,0,All,#4682B4,0
10,9,3,1.77411,1.31655,1.31655,0,All,#4682B4,0
1,9,3.5,2.17822,0.973817,0.973817,0,All,#4682B4,0
2,9,3.5,2.04429,1.20469,1.20469,0,All,#4682B4,0
3,9,3.5,1.97471,1.33699,1.33699,0,All,#4682B4,0
4,9,3.5,2.18245,0.966982,0.966982,0,All,#4682B4,0
5,9,3.5,2.24215,0.873345,0.873345,0,All,#4682B4,0
6,9,3.5,2.19073,0.953693,0.953693,0,All,#4682B4,0
7,9,3.5,2.06102,1.17422,1.17422,0,All,#4682B4,0
8,9,3.5,1.93657,1.41354,1.41354,0,All,#4682B4,0
9,9,3.5,2.09958,1.10581,1.10581,0,All,#4682B4,0
10,9,3.5,1.95601,1.37416,1.37416,0,All,#4682B4,0
1,9,4,2.34064,0.805555,0.805555,0,All,#4682B4,0
2,9,4,2.12359,1.14854,1.14854,0,All,#4682B4,0
3,9,4,2.02147,1.33538,1.33538,0,All,#4682B4,0
4,9,4,2.25584,0.931691,0.931691,0,All,#4682B4,0
5,9,4,2.31273,0.846051,0.846051,0,All,#4682B4,0
6,9,4,2.3324,0.817404,0.817404,0,All,#4682B4,0
7,9,4,2.1447,1.11213,1.11213,0,All,#4682B4,0
8,9,4,2.01078,1.35604,1.35604,0,All,#4682B4,0
9,9,4,2.17259,1.06512,1.06512,0,All,#4682B4,0
10,9,4,2.05276,1.27616,1.27616,0,All,#4682B4,0
1,9,4.5,2.34915,0.522002,0.522002,0,All,#4682B4,0
2,9,4.5,2.14712,0.811065,0.811065,0,All,#4682B4,0
3,9,4.5,2.02082,1.02115,1.02115,0,All,#4682B4,0
4,9,4.5,2.2666,0.63389,0.63389,0,All,#4682B4,0
5,9,4.5,2.33534,0.54017,0.54017,0,All,#4682B4,0
6,9,4.5,2.38279,0.478623,0.478623,0,All,#4682B4,0
7,9,4.5,2.17065,0.774637,0.774637,0,All,#4682B4,0
8,9,4.5,2.0345,0.99713,0.99713,0,All,#4682B4,0
9,9,4.5,2.1639,0.78501,0.78501,0,All,#4682B4,0
10,9,4.5,2.09192,0.899758,0.899758,0,All,#4682B4,0
1,9,5,2.23784,0.663412,0.663412,0,All,#4682B4,0
2,9,5,2.12452,0.834825,0.834825,0,All,#4682B4,0
3,9,5,1.98025,1.08145,1.08145,0,All,#4682B4,0
4,9,5,2.22481,0.68223,0.68223,0,All,#4682B4,0
5,9,5,2.32009,0.549486,0.549486,0,All,#4682B4,0
6,9,5,2.35141,0.508206,0.508206,0,All,#4682B4,0
7,9,5,2.14867,0.796782,0.796782,0,All,#4682B4,0
8,9,5,2.01805,1.01341,1.01341,0,All,#4682B4,0
9,9,5,2.09737,0.878637,0.878637,0,All,#4682B4,0
10,9,5,2.08397,0.900682,0.900682,0,All,#4682B4,0
1,9,5.5,2.06018,-0.978119,-1.24798,1,All,#4682B4,0
2,9,5.5,2.06601,-0.982557,-1.35274,1,All,#4682B4,0
3,9,5.5,1.91036,-0.854831,-1.00391,1,All,#4682B4,0
4,9,5.5,2.14088,-1.03738,-1.57584,1,All,#4682B4,0
5,9,5.5,2.2758,-1.12706,-1.28408,1,All,#4682B4,0
6,9,5.5,2.25205,-1.11206,-2.10796,1,All,#4682B4,0
7,9,5.5,2.08964,-1.00028,-1.89191,1,All,#4682B4,0
8,9,5.5,1.97149,-0.907397,-1.85652,1,All,#4682B4,0
9,9,5.5,1.9991,-0.930087,-1.51905,1,All,#4682B4,0
10,9,5.5,2.03847,-0.961378,-1.29795,1,All,#4682B4,0
1,9,6,1.85671,-0.805839,-1.1968,1,All,#4682B4,0
2,9,6,1.98201,-0.916118,-0.955178,1,All,#4682B4,0
3,9,6,1.82104,-0.771681,-2.47874,1,All,#4682B4,0
4,9,6,2.02746,-0.952748,-1.34111,1,All,#4682B4,0
5,9,6,2.2118,-1.08589,-1.35083,1,All,#4682B4,0
6,9,6,2.10217,-1.00952,-1.19275,1,All,#4682B4,0
7,9,6,2.00518,-0.934997,-1.69366,1,All,#4682B4,0
8,9,6,1.90445,-0.849572,-1.39169,1,All,#4682B4,0
9,9,6,1.88729,-0.834104,-1.84069,1,All,#4682B4,0
10,9,6,1.96676,-0.903452,-1.60995,1,All,#4682B4,0
1,9,6.5,1.64841,0.141703,0.141703,0,All,#4682B4,0
2,9,6.5,1.88201,-0.192431,-0.192431,0,All,#4682B4,0
3,9,6.5,1.71998,0.0296796,0.0296796,0,All,#4682B4,0
4,9,6.5,1.89613,-0.209989,-0.209989,0,All,#4682B4,0
5,9,6.5,2.13353,-0.470386,-0.470386,0,All,#4682B4,0
6,9,6.5,1.92003,-0.239117,-0.239117,0,All,#4682B4,0
7,9,6.5,1.9058,-0.221865,-0.221865,0,All,#4682B4,0
8,9,6.5,1.82344,-0.116701,-0.116701,0,All,#4682B4,0
9,9,6.5,1.77115,-0.0448491,-0.0448491,0,All,#4682B4,0
10,9,6.5,1.8784,-0.187899,-0.187899,0,All,#4682B4,0
1,9,7,1.44582,-0.310123,-0.754742,1,All,#4682B4,0
2,9,7,1.77288,-0.723366,-1.27404,1,All,#4682B4,0
3,9,7,1.61209,-0.541156,-0.982307,1,All,#4682B4,0
4,9,7,1.75517,-0.704934,-1.32438,1,All,#4682B4,0
5,9,7,2.04114,-0.963455,-1.63667,1,All,#4682B4,0
6,9,7,1.72203,-0.669424,-1.1693,1,All,#4682B4,0
7,9,7,1.7988,-0.749682,-1.30481,1,All,#4682B4,0
8,9,7,1.73173,-0.679949,-1.8084,1,All,#4682B4,0
9,9,7,1.6545,-0.59265,-1.36488,1,All,#4682B4,0
10,9,7,1.7806,-0.731281,-1.62157,1,All,#4682B4,0
1,9,7.5,1.2559,0.65811,0.65811,0,All,#4682B4,0
2,9,7.5,1.65896,-0.121385,-0.121385,0,All,#4682B4,0
3,9,7.5,1.50041,0.135278,0.135278,0,All,#4682B4,0
4,9,7.5,1.6092,-0.0462719,-0.0462719,0,All,#4682B4,0
5,9,7.5,1.93637,-0.469341,-0.469341,0,All,#4682B4,0
6,9,7.5,1.51948,0.101577,0.101577,0,All,#4682B4,0
7,9,7.5,1.68839,-0.163712,-0.163712,0,All,#4682B4,0
8,9,7.5,1.63044,-0.0788934,-0.0788934,0,All,#4682B4,0
9,9,7.5,1.53908,0.0678018,0.0678018,0,All,#4682B4,0
10,9,7.5,1.67682,-0.147246,-0.147246,0,All,#4682B4,0
1,9,8,1.08446,0.436322,0.31415,1,All,#4682B4,0
2,9,8,1.54282,-0.450961,-0.8235,1,All,#4682B4,0
3,9,8,1.38672,-0.214648,-0.544086,1,All,#4682B4,0
4,9,8,1.46134,-0.333913,-0.757364,1,All,#4682B4,0
5,9,8,1.81995,-0.770611,-1.07113,1,All,#4682B4,0
6,9,8,1.32498,-0.105826,-0.304182,1,All,#4682B4,0
7,9,8,1.57679,-0.49618,-1.89987,1,All,#4682B4,0
8,9,8,1.51967,-0.418979,-1.28266,1,All,#4682B4,0
9,9,8,1.42616,-0.27924,-0.58547,1,All,#4682B4,0
10,9,8,1.56331,-0.478473,-0.905072,1,All,#4682B4,0
1,9,8.5,0.936445,0.908357,-0.862681,1,All,#4682B4,0
2,9,8.5,1.42221,-0.272937,-2.47457,1,All,#4682B4,0
3,9,8.5,1.27206,-0.0041376,-1.70493,1,All,#4682B4,0
4,9,8.5,1.31634,-0.0897729,-0.586016,1,All,#4682B4,0
5,9,8.5,1.69183,-0.635843,-1.21749,1,All,#4682B4,0
6,9,8.5,1.14773,0.271675,-0.62916,1,All,#4682B4,0
7,9,8.5,1.46019,-0.332167,-0.968506,1,All,#4682B4,0
8,9,8.5,1.39907,-0.235257,-0.859488,1,All,#4682B4,0
9,9,8.5,1.31726,-0.0914934,-0.590691,1,All,#4682B4,0
10,9,8.5,1.43969,-0.300586,-0.653273,1,All,#4682B4,0
1,9,9,0.815676,1.42043,-1.80776,1,All,#4682B4,0
2,9,9,1.29011,-0.0397556,-1.12457,1,All,#4682B4,0
3,9,9,1.15481,0.254383,-0.321623,1,All,#4682B4,0
4,9,9,1.17522,0.205659,-0.963525,1,All,#4682B4,0
5,9,9,1.55159,-0.462821,-0.870965,1,All,#4682B4,0
6,9,9,0.995483,0.703244,-0.0937409,1,All,#4682B4,0
7,9,9,1.32834,-0.11201,-1.0508,1,All,#4682B4,0
8,9,9,1.26814,0.00374706,-1.39875,1,All,#4682B4,0
9,9,9,1.21414,0.117331,-0.626246,1,All,#4682B4,0
10,9,9,1.30617,-0.0706229,-2.34038,1,All,#4682B4,0
1,9,9.5,0.721646,1.9378,1.00681,1,All,#4682B4,0
2,9,9.5,1.14649,0.274735,-0.309669,1,All,#4682B4,0
3,9,9.5,1.03212,0.587748,0.0856479,1,All,#4682B4,0
4,9,9.5,1.04006,0.563806,0.143476,1,All,#4682B4,0
5,9,9.5,1.39886,-0.234916,-0.239023,1,All,#4682B4,0
6,9,9.5,0.873543,1.1574,0.427304,1,All,#4682B4,0
7,9,9.5,1.17965,0.195329,0.174563,1,All,#4682B4,0
8,9,9.5,1.12675,0.324218,0.0236281,1,All,#4682B4,0
9,9,9.5,1.11547,0.353289,-0.571589,1,All,#4682B4,0
10,9,9.5,1.16298,0.234664,-0.844648,1,All,#4682B4,0
1,9,10,0.622225,2.6549,1.73635,1,All,#4682B4,0
2,9,10,0.992639,0.712567,-1.8061,1,All,#4682B4,0
3,9,10,0.90446,1.03066,-0.31338,1,All,#4682B4,0
4,9,10,0.900079,1.04809,-0.1251,1,All,#4682B4,0
5,9,10,1.23352,0.0754173,-1.38427,1,All,#4682B4,0
6,9,10,0.783852,1.58164,-0.41958,1,All,#4682B4,0
7,9,10,1.01382,0.644401,-0.160638,1,All,#4682B4,0
8,9,10,0.975411,0.770194,0.534632,1,All,#4682B4,0
9,9,10,1.00737,0.664841,-0.396824,1,All,#4682B4,0
10,9,10,1.01091,0.653592,0.056572,1,All,#4682B4,0
1,9,10.5,0.505788,3.85316,-1.00619,1,All,#4682B4,0
2,9,10.5,0.831959,1.34272,-0.888203,1,All,#4682B4,0
3,9,10.5,0.772762,1.64093,-1.00736,1,All,#4682B4,0
4,9,10.5,0.760107,1.71071,0.386319,1,All,#4682B4,0
5,9,10.5,1.05682,0.514407,-0.88103,1,All,#4682B4,0
6,9,10.5,0.724452,1.92041,-0.94383,1,All,#4682B4,0
7,9,10.5,0.832549,1.33996,-0.93064,1,All,#4682B4,0
8,9,10.5,0.815795,1.41985,0.254801,1,All,#4682B4,0
9,9,10.5,0.890485,1.08686,-1.52797,1,All,#4682B4,0
10,9,10.5,0.851856,1.25179,0.270369,1,All,#4682B4,0
1,9,11,0.379855,5.97606,0.5847,1,All,#4682B4,0
2,9,11,0.671282,2.27451,0.88468,1,All,#4682B4,0
3,9,11,0.638728,2.52042,0.00149221,1,All,#4682B4,0
4,9,11,0.630772,2.58437,-1.9249,1,All,#4682B4,0
5,9,11,0.873155,1.15905,-0.479953,1,All,#4682B4,0
6,9,11,0.691554,2.13309,-1.85549,1,All,#4682B4,0
7,9,11,0.641651,2.49732,0.0748623,1,All,#4682B4,0
8,9,11,0.653218,2.40794,-1.25587,1,All,#4682B4,0
9,9,11,0.771653,1.64695,-0.722384,1,All,#4682B4,0
10,9,11,0.689736,2.14543,-0.248028,1,All,#4682B4,0
1,9,11.5,0.24987,10.4115,-0.330725,1,All,#4682B4,0
2,9,11.5,0.521929,3.65513,-0.286177,1,All,#4682B4,0
3,9,11.5,0.505389,3.85822,1.75314,1,All,#4682B4,0
4,9,11.5,0.521716,3.65767,0.389126,1,All,#4682B4,0
5,9,11.5,0.693171,2.12216,0.369676,1,All,#4682B4,0
6,9,11.5,0.677836,2.22787,-1.00853,1,All,#4682B4,0
7,9,11.5,0.454162,4.58105,-0.565343,1,All,#4682B4,0
8,9,11.5,0.497672,3.95759,-0.309157,1,All,#4682B4,0
9,9,11.5,0.659709,2.35915,0.0167747,1,All,#4682B4,0
10,9,11.5,0.532182,3.53558,-1.8661,1,All,#4682B4,0
1,9,12,0.121154,24.1822,-1.09782,1,All,#4682B4,0
2,9,12,0.39639,5.62039,0.515612,1,All,#4682B4,0
3,9,12,0.378034,6.01713,1.65885,1,All,#4682B4,0
4,9,12,0.436908,4.86267,-0.458663,1,All,#4682B4,0
5,9,12,0.53529,3.50024,0.383326,1,All,#4682B4,0
6,9,12,0.626844,2.61655,2.58251,1,All,#4682B4,0
7,9,12,0.289961,8.61935,-0.0330221,1,All,#4682B4,0
8,9,12,0.362359,6.38773,0.412554,1,All,#4682B4,0
9,9,12,0.562057,3.2121,-0.910461,1,All,#4682B4,0
10,9,12,0.390441,5.74488,0.959461,1,All,#4682B4,0
1,9,12.5,0,5.71957e+15,0,1,All,#4682B4,0
2,9,12.5,0.302169,8.1681,-0.48862,1,All,#4682B4,0
3,9,12.5,0.263906,9.72211,1.49874,1,All,#4682B4,0
4,9,12.5,0.374042,6.10856,-0.780718,1,All,#4682B4,0
5,9,12.5,0.417384,5.20942,0.454368,1,All,#4682B4,0
6,9,12.5,0.520061,3.67742,-0.448295,1,All,#4682B4,0
7,9,12.5,0.162303,17.4047,0.239075,1,All,#4682B4,0
8,9,12.5,0.261377,9.84085,0.837913,1,All,#4682B4,0
9,9,12.5,0.482369,4.16404,-0.123017,1,All,#4682B4,0
10,9,12.5,0.27495,9.22919,-0.65269,1,All,#4682B4,0
1,9,13,0,5.71957e+15,0,1,All,#4682B4,0
2,9,13,0.238175,11.048,1.08968,1,All,#4682B4,0
3,9,13,0.170121,16.4877,0.0336238,1,All,#4682B4,0
4,9,13,0.328858,7.29823,1.96014,1,All,#4682B4,0
5,9,13,0.343072,6.8902,1.23911,1,All,#4682B4,0
6,9,13,0.367553,6.26142,-0.79178,1,All,#4682B4,0
7,9,13,0.0721847,42.3171,0.473606,1,All,#4682B4,0
8,9,13,0.196164,13.9601,-0.112217,1,All,#4682B4,0
9,9,13,0.419861,5.16365,1.05613,1,All,#4682B4,0
10,9,13,0.190558,14.4459,-0.596195,1,All,#4682B4,0
1,9,13.5,0,5.71957e+15,1.35312,1,All,#4682B4,0
2,9,13.5,0.197491,13.8492,0.742675,1,All,#4682B4,0
3,9,13.5,0.101016,29.5113,0.151496,1,All,#4682B4,0
4,9,13.5,0.294883,8.43292,-2.25968,1,All,#4682B4,0
5,9,13.5,0.300922,8.21252,-1.49107,1,All,#4682B4,0
6,9,13.5,0.187704,14.7043,1.65439,1,All,#4682B4,0
7,9,13.5,0.0112067,286.45,-1.81992,1,All,#4682B4,0
8,9,13.5,0.158877,17.8349,0.346424,1,All,#4682B4,0
9,9,13.5,0.368115,6.24796,-0.0932923,1,All,#4682B4,0
10,9,13.5,0.134827,21.4713,-0.317445,1,All,#4682B4,0
1,9,14,0,5.71957e+15,0,1,All,#4682B4,0
2,9,14,0.172999,16.1709,-0.680212,1,All,#4682B4,0
3,9,14,0.0547805,56.5718,1.05258,1,All,#4682B4,0
4,9,14,0.268671,9.50447,0.317464,1,All,#4682B4,0
5,9,14,0.278944,9.06052,0.256546,1,All,#4682B4,0
6,9,14,0,5.71957e+15,1.65387,1,All,#4682B4,0
7,9,14,0,5.71957e+15,1.24494,1,All,#4682B4,0
8,9,14,0.139715,20.6308,-1.3766,1,All,#4682B4,0
9,9,14,0.324245,7.43836,-0.760558,1,All,#4682B4,0
10,9,14,0.101165,29.4643,1.0432,1,All,#4682B4,0
1,9,14.5,0,5.71957e+15,1.33023,1,All,#4682B4,0
2,9,14.5,0.158445,17.8905,0.254094,1,All,#4682B4,0
3,9,14.5,0.0283426,111.72,-1.456,1,All,#4682B4,0
4,9,14.5,0.24593,10.6192,-0.605183,1,All,#4682B4,0
5,9,14.5,0.268169,9.52702,-0.205177,1,All,#4682B4,0
6,9,14.5,0,5.71957e+15,0,1,All,#4682B4,0
7,9,14.5,0,5.71957e+15,0,1,All,#4682B4,0
8,9,14.5,0.130919,22.1883,-2.44349,1,All,#4682B4,0
9,9,14.5,0.284637,8.82828,0.998379,1,All,#4682B4,0
10,9,14.5,0.0830184,36.4621,-0.192862,1,All,#4682B4,0
1,9,15,0,5.71957e+15,0,1,All,#4682B4,0
2,9,15,0.148775,19.2192,0.277482,1,All,#4682B4,0
3,9,15,0.0153834,207.984,-0.741144,1,All,#4682B4,0
4,9,15,0.224566,11.872,-0.0551365,1,All,#4682B4,0
5,9,15,0.263004,9.76423,0.415377,1,All,#4682B4,0
6,9,15,0,5.71957e+15,0,1,All,#4682B4,0
7,9,15,0,5.71957e+15,1.37285,1,All,#4682B4,0
8,9,15,0.12754,22.8436,-0.96166,1,All,#4682B4,0
9,9,15,0.246345,10.597,-1.94693,1,All,#4682B4,0
10,9,15,0.0741951,41.1014,1.1646,1,All,#4682B4,0
1,9,15.5,0,5.71957e+15,0,1,All,#4682B4,0
2,9,15.5,0.142356,20.2008,1.53991,1,All,#4682B4,0
3,9,15.5,0.0115102,278.83,0.982211,1,All,#4682B4,0
4,9,15.5,0.20407,13.3205,0.397643,1,All,#4682B4,0
5,9,15.5,0.260327,9.89082,-1.6069,1,All,#4682B4,0
6,9,15.5,0,5.71957e+15,0,1,All,#4682B4,0
7,9,15.5,0,5.71957e+15,0,1,All,#4682B4,0
8,9,15.5,0.127387,22.8742,0.972206,1,All,#4682B4,0
9,9,15.5,0.209648,12.8983,0.0207138,1,All,#4682B4,0
10,9,15.5,0.0708142,43.1855,1.08881,1,All,#4682B4,0
1,9,16,0,5.71957e+15,0,1,All,#4682B4,0
2,9,16,0.137427,21.0168,-0.382648,1,All,#4682B4,0
3,9,16,0.0132289,242.272,-1.10009,1,All,#4682B4,0
4,9,16,0.183505,15.0991,-1.16659,1,All,#4682B4,0
5,9,16,0.25844,9.98168,1.18033,1,All,#4682B4,0
6,9,16,0,5.71957e+15,0,1,All,#4682B4,0
7,9,16,0,5.71957e+15,0,1,All,#4682B4,0
8,9,16,0.127233,22.905,0.406581,1,All,#4682B4,0
9,9,16,0.173845,16.0798,1.69569,1,All,#4682B4,0
10,9,16,0.0702888,43.5273,-1.34953,1,All,#4682B4,0
1,9,16.5,0,5.71957e+15,0,1,All,#4682B4,0
2,9,16.5,0.132083,21.9703,0.428181,1,All,#4682B4,0
3,9,16.5,0.0181461,175.931,0.0295957,1,All,#4682B4,0
4,9,16.5,0.162465,17.3848,-0.48486,1,All,#4682B4,0
5,9,16.5,0.256871,10.0582,1.64231,1,All,#4682B4,0
6,9,16.5,0,5.71957e+15,0,1,All,#4682B4,0
7,9,16.5,0,5.71957e+15,1.98534,1,All,#4682B4,0
8,9,16.5,0.128396,22.6744,-0.438659,1,All,#4682B4,0
9,9,16.5,0.137036,21.084,-1.39031,1,All,#4682B4,0
10,9,16.5,0.0709549,43.0948,-0.66308,1,All,#4682B4,0
1,9,17,0,5.71957e+15,0,1,All,#4682B4,0
2,9,17,0.125739,23.2074,-0.378157,1,All,#4682B4,0
3,9,17,0.0243545,130.433,-0.170078,1,All,#4682B4,0
4,9,17,0.141581,20.3254,0.306573,1,All,#4682B4,0
5,9,17,0.254762,10.1626,-0.860903,1,All,#4682B4,0
6,9,17,0,5.71957e+15,0,1,All,#4682B4,0
7,9,17,0,5.71957e+15,0,1,All,#4682B4,0
8,9,17,0.12865,22.6245,-1.2283,1,All,#4682B4,0
9,9,17,0.100355,29.7225,-0.271753,1,All,#4682B4,0
10,9,17,0.0719672,42.4527,1.17522,1,All,#4682B4,0
1,9,17.5,0,5.71957e+15,0,1,All,#4682B4,0
2,9,17.5,0.119152,24.6313,0.271874,1,All,#4682B4,0
3,9,17.5,0.0318646,99.0902,-0.792388,1,All,#4682B4,0
4,9,17.5,0.11896,24.6751,-1.00575,1,All,#4682B4,0
5,9,17.5,0.251875,10.3083,-0.800287,1,All,#4682B4,0
6,9,17.5,0,5.71957e+15,0,1,All,#4682B4,0
7,9,17.5,0,5.71957e+15,1.43918,1,All,#4682B4,0
8,9,17.5,0.128531,22.648,0.0722785,1,All,#4682B4,0
9,9,17.5,0.0628732,48.9619,-0.627208,1,All,#4682B4,0
10,9,17.5,0.0729888,41.8228,-1.25587,1,All,#4682B4,0
1,10,1,0,5.71957e+15,0,1,All,#4682B4,0
2,10,1,0,5.71957e+15,0,1,All,#4682B4,0
3,10,1,0,5.71957e+15,1.20708,1,All,#4682B4,0
4,10,1,0,5.71957e+15,0,1,All,#4682B4,0
5,10,1,0,5.71957e+15,0,1,All,#4682B4,0
6,10,1,0,5.71957e+15,0,1,All,#4682B4,0
7,10,1,0,5.71957e+15,1.39134,1,All,#4682B4,0
8,10,1,0,5.71957e+15,1.52217,1,All,#4682B4,0
9,10,1,0,5.71957e+15,0,1,All,#4682B4,0
10,10,1,0,5.71957e+15,0,1,All,#4682B4,0
1,10,1.5,0.670245,2.28198,2.14366,1,All,#4682B4,0
2,10,1.5,0.41286,5.29445,-0.0182212,1,All,#4682B4,0
3,10,1.5,0,5.71957e+15,0,1,All,#4682B4,0
4,10,1.5,0.386575,5.82783,-0.143004,1,All,#4682B4,0
5,10,1.5,0.969957,0.788863,-0.300523,1,All,#4682B4,0
6,10,1.5,0.203188,13.3894,-1.43458,1,All,#4682B4,0
7,10,1.5,0.52336,3.63817,-1.64613,1,All,#4682B4,0
8,10,1.5,0.233827,11.3008,2.89216,1,All,#4682B4,0
9,10,1.5,1.07227,0.470255,-0.395714,1,All,#4682B4,0
10,10,1.5,0.0493353,63.0971,-1.42482,1,All,#4682B4,0
1,10,2,2.14637,0.788487,0.788487,0,All,#4682B4,0
2,10,2,1.9489,1.12677,1.12677,0,All,#4682B4,0
3,10,2,2.05129,0.943243,0.943243,0,All,#4682B4,0
4,10,2,2.16196,0.764415,0.764415,0,All,#4682B4,0
5,10,2,2.29408,0.573518,0.573518,0,All,#4682B4,0
6,10,2,1.87211,1.27759,1.27759,0,All,#4682B4,0
7,10,2,2.24681,0.639235,0.639235,0,All,#4682B4,0
8,10,2,2.02895,0.981708,0.981708,0,All,#4682B4,0
9,10,2,2.23334,0.658474,0.658474,0,All,#4682B4,0
10,10,2,2.03219,0.976068,0.976068,0,All,#4682B4,0
1,10,2.5,2.55312,1.29539,1.29539,0,All,#4682B4,0
2,10,2.5,2.41467,1.51587,1.51587,0,All,#4682B4,0
3,10,2.5,2.73203,1.04355,1.04355,0,All,#4682B4,0
4,10,2.5,2.52309,1.34116,1.34116,0,All,#4682B4,0
5,10,2.5,2.83789,0.909507,0.909507,0,All,#4682B4,0
6,10,2.5,2.30895,1.70205,1.70205,0,All,#4682B4,0
7,10,2.5,2.72731,1.04978,1.04978,0,All,#4682B4,0
8,10,2.5,2.57958,1.25595,1.25595,0,All,#4682B4,0
9,10,2.5,2.59906,1.22742,1.22742,0,All,#4682B4,0
10,10,2.5,2.61436,1.2053,1.2053,0,All,#4682B4,0
1,10,3,2.68097,1.70176,1.70176,0,All,#4682B4,0
2,10,3,2.61097,1.81574,1.81574,0,All,#4682B4,0
3,10,3,3.05676,1.17903,1.17903,0,All,#4682B4,0
4,10,3,2.62838,1.78682,1.78682,0,All,#4682B4,0
5,10,3,3.07401,1.15811,1.15811,0,All,#4682B4,0
6,10,3,2.50529,1.99992,1.99992,0,All,#4682B4,0
7,10,3,2.92675,1.34469,1.34469,0,All,#4682B4,0
8,10,3,2.80554,1.51297,1.51297,0,All,#4682B4,0
9,10,3,2.73899,1.61168,1.61168,0,All,#4682B4,0
10,10,3,2.86637,1.42673,1.42673,0,All,#4682B4,0
1,10,3.5,2.64931,1.56968,1.56968,0,All,#4682B4,0
2,10,3.5,2.63708,1.58878,1.58878,0,All,#4682B4,0
3,10,3.5,3.16324,0.900328,0.900328,0,All,#4682B4,0
4,10,3.5,2.591,1.6624,1.6624,0,All,#4682B4,0
5,10,3.5,3.07836,0.99547,0.99547,0,All,#4682B4,0
6,10,3.5,2.55615,1.71982,1.71982,0,All,#4682B4,0
7,10,3.5,2.94693,1.1536,1.1536,0,All,#4682B4,0
8,10,3.5,2.81635,1.32532,1.32532,0,All,#4682B4,0
9,10,3.5,2.73572,1.43955,1.43955,0,All,#4682B4,0
10,10,3.5,2.90477,1.20736,1.20736,0,All,#4682B4,0
1,10,4,2.56063,0.3579,0.3579,0,All,#4682B4,0
2,10,4,2.57121,0.345937,0.345937,0,All,#4682B4,0
3,10,4,3.10217,-0.149754,-0.149754,0,All,#4682B4,0
4,10,4,2.49732,0.431627,0.431627,0,All,#4682B4,0
5,10,4,2.94793,-0.0241637,-0.0241637,0,All,#4682B4,0
6,10,4,2.51339,0.412561,0.412561,0,All,#4682B4,0
7,10,4,2.85736,0.0559039,0.0559039,0,All,#4682B4,0
8,10,4,2.71204,0.195549,0.195549,0,All,#4682B4,0
9,10,4,2.65996,0.249311,0.249311,0,All,#4682B4,0
10,10,4,2.80599,0.103616,0.103616,0,All,#4682B4,0
1,10,4.5,2.45863,-0.838743,-0.838743,0,All,#4682B4,0
2,10,4.5,2.47614,-0.850843,-0.850843,0,All,#4682B4,0
3,10,4.5,2.95385,-1.12567,-1.12567,0,All,#4682B4,0
4,10,4.5,2.38878,-0.7887,-0.7887,0,All,#4682B4,0
5,10,4.5,2.76929,-1.03073,-1.03073,0,All,#4682B4,0
6,10,4.5,2.42961,-0.818301,-0.818301,0,All,#4682B4,0
7,10,4.5,2.71939,-1.00285,-1.00285,0,All,#4682B4,0
8,10,4.5,2.57096,-0.91352,-0.91352,0,All,#4682B4,0
9,10,4.5,2.56182,-0.907678,-0.907678,0,All,#4682B4,0
10,10,4.5,2.65356,-0.964465,-0.964465,0,All,#4682B4,0
1,10,5,2.35375,-0.394109,-0.394109,0,All,#4682B4,0
2,10,5,2.37449,-0.412942,-0.412942,0,All,#4682B4,0
3,10,5,2.77518,-0.721523,-0.721523,0,All,#4682B4,0
4,10,5,2.27677,-0.321211,-0.321211,0,All,#4682B4,0
5,10,5,2.57757,-0.581325,-0.581325,0,All,#4682B4,0
6,10,5,2.33439,-0.37623,-0.37623,0,All,#4682B4,0
7,10,5,2.56588,-0.572357,-0.572357,0,All,#4682B4,0
8,10,5,2.42074,-0.453773,-0.453773,0,All,#4682B4,0
9,10,5,2.4584,-0.485891,-0.485891,0,All,#4682B4,0
10,10,5,2.48636,-0.509098,-0.509098,0,All,#4682B4,0
1,10,5.5,2.24837,-1.1097,-1.56186,1,All,#4682B4,0
2,10,5.5,2.27171,-1.12451,-1.82495,1,All,#4682B4,0
3,10,5.5,2.58853,-1.299,-1.41413,1,All,#4682B4,0
4,10,5.5,2.16423,-1.0537,-1.14781,1,All,#4682B4,0
5,10,5.5,2.38383,-1.19156,-1.64223,1,All,#4682B4,0
6,10,5.5,2.23658,-1.10211,-1.93186,1,All,#4682B4,0
7,10,5.5,2.40822,-1.20532,-2.05176,1,All,#4682B4,0
8,10,5.5,2.26889,-1.12273,-1.18259,1,All,#4682B4,0
9,10,5.5,2.35396,-1.17432,-1.65293,1,All,#4682B4,0
10,10,5.5,2.31704,-1.1524,-1.38744,1,All,#4682B4,0
1,10,6,2.14311,-0.384478,-0.384478,0,All,#4682B4,0
2,10,6,2.16911,-0.410447,-0.410447,0,All,#4682B4,0
3,10,6,2.40155,-0.617542,-0.617542,0,All,#4682B4,0
4,10,6,2.0521,-0.28844,-0.28844,0,All,#4682B4,0
5,10,6,2.19229,-0.43307,-0.43307,0,All,#4682B4,0
6,10,6,2.13832,-0.379628,-0.379628,0,All,#4682B4,0
7,10,6,2.24996,-0.487333,-0.487333,0,All,#4682B4,0
8,10,6,2.11777,-0.358574,-0.358574,0,All,#4682B4,0
9,10,6,2.24958,-0.486983,-0.486983,0,All,#4682B4,0
10,10,6,2.15046,-0.391887,-0.391887,0,All,#4682B4,0
1,10,6.5,2.03827,1.21578,1.21578,0,All,#4682B4,0
2,10,6.5,2.06719,1.16309,1.16309,0,All,#4682B4,0
3,10,6.5,2.21756,0.911306,0.911306,0,All,#4682B4,0
4,10,6.5,1.941,1.40451,1.40451,0,All,#4682B4,0
5,10,6.5,2.00554,1.27725,1.27725,0,All,#4682B4,0
6,10,6.5,2.04015,1.21231,1.21231,0,All,#4682B4,0
7,10,6.5,2.09259,1.11803,1.11803,0,All,#4682B4,0
8,10,6.5,1.96869,1.34888,1.34888,0,All,#4682B4,0
9,10,6.5,2.14568,1.02726,1.02726,0,All,#4682B4,0
10,10,6.5,1.98982,1.30749,1.30749,0,All,#4682B4,0
1,10,7,1.93412,1.86687,1.86687,0,All,#4682B4,0
2,10,7,1.96633,1.79452,1.79452,0,All,#4682B4,0
3,10,7,2.039,1.63968,1.63968,0,All,#4682B4,0
4,10,7,1.83163,2.11403,2.11403,0,All,#4682B4,0
5,10,7,1.82693,2.12604,2.12604,0,All,#4682B4,0
6,10,7,1.94231,1.84824,1.84824,0,All,#4682B4,0
7,10,7,1.93722,1.85981,1.85981,0,All,#4682B4,0
8,10,7,1.82297,2.13618,2.13618,0,All,#4682B4,0
9,10,7,2.04261,1.63226,1.63226,0,All,#4682B4,0
10,10,7,1.83851,2.09657,2.09657,0,All,#4682B4,0
1,10,7.5,1.83096,-0.0152686,-0.0152686,0,All,#4682B4,0
2,10,7.5,1.86702,-0.0642202,-0.0642202,0,All,#4682B4,0
3,10,7.5,1.8687,-0.0664655,-0.0664655,0,All,#4682B4,0
4,10,7.5,1.72511,0.140266,0.140266,0,All,#4682B4,0
5,10,7.5,1.65962,0.246437,0.246437,0,All,#4682B4,0
6,10,7.5,1.845,-0.0345497,-0.0345497,0,All,#4682B4,0
7,10,7.5,1.78515,0.0497923,0.0497923,0,All,#4682B4,0
8,10,7.5,1.68233,0.208696,0.208696,0,All,#4682B4,0
9,10,7.5,1.94078,-0.158711,-0.158711,0,All,#4682B4,0
10,10,7.5,1.70055,0.17913,0.17913,0,All,#4682B4,0
1,10,8,1.72926,0.325538,0.325538,0,All,#4682B4,0
2,10,8,1.76993,0.259444,0.259444,0,All,#4682B4,0
3,10,8,1.71034,0.357334,0.357334,0,All,#4682B4,0
4,10,8,1.6231,0.513622,0.513622,0,All,#4682B4,0
5,10,8,1.50774,0.748039,0.748039,0,All,#4682B4,0
6,10,8,1.7484,0.294042,0.294042,0,All,#4682B4,0
7,10,8,1.63774,0.486226,0.486226,0,All,#4682B4,0
8,10,8,1.54912,0.65993,0.65993,0,All,#4682B4,0
9,10,8,1.84082,0.151253,0.151253,0,All,#4682B4,0
10,10,8,1.58029,0.596609,0.596609,0,All,#4682B4,0
1,10,8.5,1.62969,-0.56285,-0.87453,1,All,#4682B4,0
2,10,8.5,1.67607,-0.617845,-1.07822,1,All,#4682B4,0
3,10,8.5,1.56811,-0.484814,-0.616345,1,All,#4682B4,0
4,10,8.5,1.52759,-0.430029,-1.70687,1,All,#4682B4,0
5,10,8.5,1.37547,-0.195554,-2.07669,1,All,#4682B4,0
6,10,8.5,1.65293,-0.590798,-0.824297,1,All,#4682B4,0
7,10,8.5,1.49988,-0.39085,-1.0352,1,All,#4682B4,0
8,10,8.5,1.42632,-0.279491,-1.44303,1,All,#4682B4,0
9,10,8.5,1.74362,-0.692705,-2.08734,1,All,#4682B4,0
10,10,8.5,1.48149,-0.364055,-0.538138,1,All,#4682B4,0
1,10,9,1.53322,-0.437816,-0.932075,1,All,#4682B4,0
2,10,9,1.58669,-0.508999,-0.829018,1,All,#4682B4,0
3,10,9,1.44615,-0.310628,-0.951475,1,All,#4682B4,0
4,10,9,1.44101,-0.302644,-0.322426,1,All,#4682B4,0
5,10,9,1.2665,0.00705162,-0.867923,1,All,#4682B4,0
6,10,9,1.55918,-0.472976,-0.999344,1,All,#4682B4,0
7,10,9,1.3728,-0.190966,-0.574468,1,All,#4682B4,0
8,10,9,1.31624,-0.0895857,-0.316626,1,All,#4682B4,0
9,10,9,1.65046,-0.587861,-0.833116,1,All,#4682B4,0
10,10,9,1.40583,-0.246399,-1.16786,1,All,#4682B4,0
1,10,9.5,1.44117,-0.302896,-1.34957,1,All,#4682B4,0
2,10,9.5,1.50245,-0.394543,-0.661816,1,All,#4682B4,0
3,10,9.5,1.34777,-0.147151,-1.83586,1,All,#4682B4,0
4,10,9.5,1.36759,-0.181979,-1.69554,1,All,#4682B4,0
5,10,9.5,1.18308,0.187362,-1.03628,1,All,#4682B4,0
6,10,9.5,1.46761,-0.343372,-1.33831,1,All,#4682B4,0
7,10,9.5,1.26164,0.0169032,-0.121921,1,All,#4682B4,0
8,10,9.5,1.22368,0.0965267,-2.46605,1,All,#4682B4,0
9,10,9.5,1.56299,-0.478042,-0.649936,1,All,#4682B4,0
10,10,9.5,1.35428,-0.158707,-1.74978,1,All,#4682B4,0
1,10,10,1.35521,0.836997,0.836997,0,All,#4682B4,0
2,10,10,1.42381,0.673801,0.673801,0,All,#4682B4,0
3,10,10,1.27453,1.05142,1.05142,0,All,#4682B4,0
4,10,10,1.30861,0.957607,0.957607,0,All,#4682B4,0
5,10,10,1.12534,1.52887,1.52887,0,All,#4682B4,0
6,10,10,1.38001,0.776116,0.776116,0,All,#4682B4,0
7,10,10,1.17022,1.37244,1.37244,0,All,#4682B4,0
8,10,10,1.14923,1.44407,1.44407,0,All,#4682B4,0
9,10,10,1.48282,0.545493,0.545493,0,All,#4682B4,0
10,10,10,1.3257,0.912385,0.912385,0,All,#4682B4,0
1,10,10.5,1.2773,-0.0145784,-0.334929,1,All,#4682B4,0
2,10,10.5,1.33259,-0.119775,-0.467128,1,All,#4682B4,0
3,10,10.5,1.22606,0.0913998,-0.674947,1,All,#4682B4,0
4,10,10.5,1.26575,0.00856522,-1.842,1,All,#4682B4,0
5,10,10.5,1.0917,0.41651,-0.240227,1,All,#4682B4,0
6,10,10.5,1.29649,-0.0521147,-0.117109,1,All,#4682B4,0
7,10,10.5,1.10083,0.3919,-0.136077,1,All,#4682B4,0
8,10,10.5,1.09538,0.406545,-0.650012,1,All,#4682B4,0
9,10,10.5,1.41157,-0.25577,-1.61813,1,All,#4682B4,0
10,10,10.5,1.31657,-0.0901994,-1.12877,1,All,#4682B4,0
1,10,11,1.20949,0.907715,0.907715,0,All,#4682B4,0
2,10,11,1.22378,0.867347,0.867347,0,All,#4682B4,0
3,10,11,1.19894,0.938155,0.938155,0,All,#4682B4,0
4,10,11,1.24002,0.822573,0.822573,0,All,#4682B4,0
5,10,11,1.07936,1.32461,1.32461,0,All,#4682B4,0
6,10,11,1.2117,0.901405,0.901405,0,All,#4682B4,0
7,10,11,1.05386,1.41838,1.41838,0,All,#4682B4,0
8,10,11,1.0627,1.38534,1.38534,0,All,#4682B4,0
9,10,11,1.33233,0.588893,0.588893,0,All,#4682B4,0
10,10,11,1.32364,0.609509,0.609509,0,All,#4682B4,0
1,10,11.5,1.15035,0.265245,0.205052,1,All,#4682B4,0
2,10,11.5,1.09958,0.395246,-1.60111,1,All,#4682B4,0
3,10,11.5,1.15307,0.258605,-0.129902,1,All,#4682B4,0
4,10,11.5,1.22711,0.0891397,-0.410931,1,All,#4682B4,0
5,10,11.5,1.08497,0.434902,0.334675,1,All,#4682B4,0
6,10,11.5,1.10138,0.390425,-2.13305,1,All,#4682B4,0
7,10,11.5,1.02134,0.62088,-0.0385081,1,All,#4682B4,0
8,10,11.5,1.04665,0.544198,-0.468476,1,All,#4682B4,0
9,10,11.5,1.22295,0.098103,-1.80772,1,All,#4682B4,0
10,10,11.5,1.34333,-0.139209,-0.626875,1,All,#4682B4,0
1,10,12,1.07946,0.450153,-0.435433,1,All,#4682B4,0
2,10,12,0.967164,0.798507,-0.0193027,1,All,#4682B4,0
3,10,12,1.06093,0.502542,0.322972,1,All,#4682B4,0
4,10,12,1.1971,0.155308,-1.51373,1,All,#4682B4,0
5,10,12,1.10155,0.389976,0.24231,1,All,#4682B4,0
6,10,12,0.960228,0.822696,0.441111,1,All,#4682B4,0
7,10,12,0.959955,0.823656,0.473496,1,All,#4682B4,0
8,10,12,1.0322,0.587516,-0.12531,1,All,#4682B4,0
9,10,12,1.08646,0.430826,-0.621806,1,All,#4682B4,0
10,10,12,1.36465,-0.176872,-1.69155,1,All,#4682B4,0
1,10,12.5,0.989344,0.723434,0.231785,1,All,#4682B4,0
2,10,12.5,0.836074,1.32355,0.297253,1,All,#4682B4,0
3,10,12.5,0.926193,0.946641,-0.119633,1,All,#4682B4,0
4,10,12.5,1.12928,0.317769,-1.51241,1,All,#4682B4,0
5,10,12.5,1.06836,0.481306,0.46669,1,All,#4682B4,0
6,10,12.5,0.792005,1.5391,0.373185,1,All,#4682B4,0
7,10,12.5,0.858909,1.22057,-0.0802759,1,All,#4682B4,0
8,10,12.5,0.991643,0.715843,0.350924,1,All,#4682B4,0
9,10,12.5,0.934105,0.917022,-0.535556,1,All,#4682B4,0
10,10,12.5,1.32825,-0.11183,-1.67758,1,All,#4682B4,0
1,10,13,0.883394,1.11605,-1.06794,1,All,#4682B4,0
2,10,13,0.718841,1.95531,-0.269021,1,All,#4682B4,0
3,10,13,0.761581,1.70246,-1.792,1,All,#4682B4,0
4,10,13,1.02891,0.597558,-0.830925,1,All,#4682B4,0
5,10,13,0.954675,0.842314,-0.215652,1,All,#4682B4,0
6,10,13,0.613549,2.72851,-1.02345,1,All,#4682B4,0
7,10,13,0.728197,1.89742,0.329844,1,All,#4682B4,0
8,10,13,0.926586,0.945158,0.264056,1,All,#4682B4,0
9,10,13,0.785456,1.5732,-0.850575,1,All,#4682B4,0
10,10,13,1.22037,0.103719,-1.67978,1,All,#4682B4,0
1,10,13.5,0.771146,1.64971,-1.65074,1,All,#4682B4,0
2,10,13.5,0.618475,2.68646,-0.157224,1,All,#4682B4,0
3,10,13.5,0.585607,2.98038,0.768491,1,All,#4682B4,0
4,10,13.5,0.911184,1.00424,0.684024,1,All,#4682B4,0
5,10,13.5,0.767877,1.66759,0.19841,1,All,#4682B4,0
6,10,13.5,0.450168,4.64432,-1.90441,1,All,#4682B4,0
7,10,13.5,0.582896,3.00609,0.247224,1,All,#4682B4,0
8,10,13.5,0.839054,1.3098,-0.235171,1,All,#4682B4,0
9,10,13.5,0.653693,2.40434,0.864189,1,All,#4682B4,0
10,10,13.5,1.05089,0.5317,-1.00984,1,All,#4682B4,0
1,10,14,0.66235,2.33958,-1.47703,1,All,#4682B4,0
2,10,14,0.531063,3.5484,0.809259,1,All,#4682B4,0
3,10,14,0.406567,5.41586,1.75168,1,All,#4682B4,0
4,10,14,0.791177,1.54338,-0.437278,1,All,#4682B4,0
5,10,14,0.533363,3.5221,-1.11891,1,All,#4682B4,0
6,10,14,0.312733,7.80604,-0.117873,1,All,#4682B4,0
7,10,14,0.435914,4.87956,-0.305166,1,All,#4682B4,0
8,10,14,0.737322,1.84238,-1.61375,1,All,#4682B4,0
9,10,14,0.536544,3.4861,0.3199,1,All,#4682B4,0
10,10,14,0.846038,1.27793,-0.279697,1,All,#4682B4,0
1,10,14.5,0.560948,3.22349,-0.369436,1,All,#4682B4,0
2,10,14.5,0.455016,4.56766,0.67761,1,All,#4682B4,0
3,10,14.5,0.229414,11.5672,0.806828,1,All,#4682B4,0
4,10,14.5,0.675655,2.24329,-1.15479,1,All,#4682B4,0
5,10,14.5,0.284037,8.85231,0.0100068,1,All,#4682B4,0
6,10,14.5,0.199042,13.7214,-0.581041,1,All,#4682B4,0
7,10,14.5,0.2929,8.50727,-0.768963,1,All,#4682B4,0
8,10,14.5,0.627183,2.61375,-0.509654,1,All,#4682B4,0
9,10,14.5,0.430908,4.96589,2.24032,1,All,#4682B4,0
10,10,14.5,0.636386,2.53907,-0.0418019,1,All,#4682B4,0
1,10,15,0.468492,4.36291,0.0131724,1,All,#4682B4,0
2,10,15,0.38542,5.85294,0.693931,1,All,#4682B4,0
3,10,15,0.0554925,55.8132,1.04876,1,All,#4682B4,0
4,10,15,0.564935,3.18275,0.731544,1,All,#4682B4,0
5,10,15,0.030286,104.388,-1.87387,1,All,#4682B4,0
6,10,15,0.0997651,29.9134,-0.498061,1,All,#4682B4,0
7,10,15,0.154374,18.4295,1.36915,1,All,#4682B4,0
8,10,15,0.516045,3.72588,0.117456,1,All,#4682B4,0
9,10,15,0.331652,7.21527,0.56248,1,All,#4682B4,0
10,10,15,0.424124,5.08611,-0.707304,1,All,#4682B4,0
1,10,15.5,0.383281,5.89983,0.264333,1,All,#4682B4,0
2,10,15.5,0.319626,7.5827,-1.06214,1,All,#4682B4,0
3,10,15.5,0,5.71957e+15,0,1,All,#4682B4,0
4,10,15.5,0.457331,4.53163,0.0979242,1,All,#4682B4,0
5,10,15.5,0,5.71957e+15,0,1,All,#4682B4,0
6,10,15.5,0.00935926,343.496,1.55865,1,All,#4682B4,0
7,10,15.5,0.020119,158.429,-0.191712,1,All,#4682B4,0
8,10,15.5,0.407031,5.40678,-0.71838,1,All,#4682B4,0
9,10,15.5,0.236034,11.1713,1.21814,1,All,#4682B4,0
10,10,15.5,0.214977,12.5153,-0.553978,1,All,#4682B4,0
1,10,16,0.30353,8.12005,0.0967377,1,All,#4682B4,0
2,10,16,0.256089,10.0967,-1.61588,1,All,#4682B4,0
3,10,16,0,5.71957e+15,0,1,All,#4682B4,0
4,10,16,0.351738,6.65762,0.229016,1,All,#4682B4,0
5,10,16,0,5.71957e+15,1.06145,1,All,#4682B4,0
6,10,16,0,5.71957e+15,0,1,All,#4682B4,0
7,10,16,0,5.71957e+15,1.59974,1,All,#4682B4,0
8,10,16,0.298627,8.29523,1.34498,1,All,#4682B4,0
9,10,16,0.142457,20.1847,0.750717,1,All,#4682B4,0
10,10,16,0.00807807,398.379,-0.799461,1,All,#4682B4,0
1,10,16.5,0.226642,11.7399,1.22742,1,All,#4682B4,0
2,10,16.5,0.193919,14.1513,0.206393,1,All,#4682B4,0
3,10,16.5,0,5.71957e+15,1.73673,1,All,#4682B4,0
4,10,16.5,0.247194,10.5518,-1.22461,1,All,#4682B4,0
5,10,16.5,0,5.71957e+15,1.2045,1,All,#4682B4,0
6,10,16.5,0,5.71957e+15,1.50268,1,All,#4682B4,0
7,10,16.5,0,5.71957e+15,0,1,All,#4682B4,0
8,10,16.5,0.192006,14.3177,0.00571075,1,All,#4682B4,0
9,10,16.5,0.0498938,62.3624,-0.877014,1,All,#4682B4,0
10,10,16.5,0,5.71957e+15,0,1,All,#4682B4,0
1,11,1,0,5.71957e+15,0,1,All,#4682B4,0
2,11,1,0,5.71957e+15,1.08001,1,All,#4682B4,0
3,11,1,0,5.71957e+15,1.89917,1,All,#4682B4,0
4,11,1,0,5.71957e+15,0,1,All,#4682B4,0
5,11,1,0,5.71957e+15,0,1,All,#4682B4,0
6,11,1,0,5.71957e+15,0,1,All,#4682B4,0
7,11,1,0,5.71957e+15,0,1,All,#4682B4,0
8,11,1,0,5.71957e+15,1.73018,1,All,#4682B4,0
9,11,1,0,5.71957e+15,0,1,All,#4682B4,0
10,11,1,0,5.71957e+15,0,1,All,#4682B4,0
1,11,1.5,0,5.71957e+15,1.68833,1,All,#4682B4,0
2,11,1.5,0,5.71957e+15,0,1,All,#4682B4,0
3,11,1.5,0,5.71957e+15,0,1,All,#4682B4,0
4,11,1.5,0,5.71957e+15,0,1,All,#4682B4,0
5,11,1.5,0,5.71957e+15,0,1,All,#4682B4,0
6,11,1.5,0,5.71957e+15,3.18812,1,All,#4682B4,0
7,11,1.5,0,5.71957e+15,0,1,All,#4682B4,0
8,11,1.5,0,5.71957e+15,0,1,All,#4682B4,0
9,11,1.5,0,5.71957e+15,0,1,All,#4682B4,0
10,11,1.5,0,5.71957e+15,0,1,All,#4682B4,0
1,11,2,1.34097,1.74776,1.74776,0,All,#4682B4,0
2,11,2,1.18024,2.33309,2.33309,0,All,#4682B4,0
3,11,2,1.50609,1.27656,1.27656,0,All,#4682B4,0
4,11,2,1.18869,2.29837,2.29837,0,All,#4682B4,0
5,11,2,1.3039,1.86994,1.86994,0,All,#4682B4,0
6,11,2,1.8728,0.527249,0.527249,0,All,#4682B4,0
7,11,2,1.49651,1.30105,1.30105,0,All,#4682B4,0
8,11,2,1.22878,2.14017,2.14017,0,All,#4682B4,0
9,11,2,1.33738,1.75929,1.75929,0,All,#4682B4,0
10,11,2,1.20903,2.21681,2.21681,0,All,#4682B4,0
1,11,2.5,2.12222,-1.02407,-1.73334,1,All,#4682B4,0
2,11,2.5,2.26124,-1.1179,-1.66922,1,All,#4682B4,0
3,11,2.5,2.36018,-1.17794,-1.23704,1,All,#4682B4,0
4,11,2.5,2.14502,-1.0403,-1.11117,1,All,#4682B4,0
5,11,2.5,2.25901,-1.11649,-1.98149,1,All,#4682B4,0
6,11,2.5,2.46046,-1.23387,-1.40522,1,All,#4682B4,0
7,11,2.5,2.34925,-1.17156,-1.79889,1,All,#4682B4,0
8,11,2.5,2.09768,-1.00622,-1.21105,1,All,#4682B4,0
9,11,2.5,2.30318,-1.14398,-1.34904,1,All,#4682B4,0
10,11,2.5,2.36332,-1.17977,-1.20807,1,All,#4682B4,0
1,11,3,2.40667,0.268439,0.268439,0,All,#4682B4,0
2,11,3,2.6713,-0.0107908,-0.0107908,0,All,#4682B4,0
3,11,3,2.73058,-0.0659164,-0.0659164,0,All,#4682B4,0
4,11,3,2.5199,0.141785,0.141785,0,All,#4682B4,0
5,11,3,2.54377,0.116527,0.116527,0,All,#4682B4,0
6,11,3,2.6544,0.00538487,0.00538487,0,All,#4682B4,0
7,11,3,2.69317,-0.0314063,-0.0314063,0,All,#4682B4,0
8,11,3,2.53847,0.122088,0.122088,0,All,#4682B4,0
9,11,3,2.6691,-0.00869031,-0.00869031,0,All,#4682B4,0
10,11,3,2.76147,-0.0937058,-0.0937058,0,All,#4682B4,0
1,11,3.5,2.55322,0.805815,0.805815,0,All,#4682B4,0
2,11,3.5,2.89238,0.412299,0.412299,0,All,#4682B4,0
3,11,3.5,2.921,0.383266,0.383266,0,All,#4682B4,0
4,11,3.5,2.72136,0.598471,0.598471,0,All,#4682B4,0
5,11,3.5,2.65933,0.671907,0.671907,0,All,#4682B4,0
6,11,3.5,2.74452,0.571897,0.571897,0,All,#4682B4,0
7,11,3.5,2.87894,0.426124,0.426124,0,All,#4682B4,0
8,11,3.5,2.7991,0.511018,0.511018,0,All,#4682B4,0
9,11,3.5,2.86367,0.441997,0.441997,0,All,#4682B4,0
10,11,3.5,2.96637,0.338404,0.338404,0,All,#4682B4,0
1,11,4,2.62904,0.146435,0.146435,0,All,#4682B4,0
2,11,4,3.02162,-0.203925,-0.203925,0,All,#4682B4,0
3,11,4,2.99175,-0.180495,-0.180495,0,All,#4682B4,0
4,11,4,2.83546,-0.0498807,-0.0498807,0,All,#4682B4,0
5,11,4,2.67298,0.102105,0.102105,0,All,#4682B4,0
6,11,4,2.7783,0.00156273,0.00156273,0,All,#4682B4,0
7,11,4,2.98269,-0.173297,-0.173297,0,All,#4682B4,0
8,11,4,2.93975,-0.138581,-0.138581,0,All,#4682B4,0
9,11,4,2.97594,-0.16791,-0.16791,0,All,#4682B4,0
10,11,4,3.06843,-0.239713,-0.239713,0,All,#4682B4,0
1,11,4.5,2.65412,0.774321,0.774321,0,All,#4682B4,0
2,11,4.5,3.08562,0.309412,0.309412,0,All,#4682B4,0
3,11,4.5,2.96819,0.422552,0.422552,0,All,#4682B4,0
4,11,4.5,2.88896,0.50408,0.50408,0,All,#4682B4,0
5,11,4.5,2.62966,0.805241,0.805241,0,All,#4682B4,0
6,11,4.5,2.77173,0.633261,0.633261,0,All,#4682B4,0
7,11,4.5,3.02417,0.36752,0.36752,0,All,#4682B4,0
8,11,4.5,2.98425,0.406547,0.406547,0,All,#4682B4,0
9,11,4.5,3.03535,0.356773,0.356773,0,All,#4682B4,0
10,11,4.5,3.09336,0.302263,0.302263,0,All,#4682B4,0
1,11,5,2.63792,0.58206,0.58206,0,All,#4682B4,0
2,11,5,3.09475,0.119688,0.119688,0,All,#4682B4,0
3,11,5,2.88589,0.312919,0.312919,0,All,#4682B4,0
4,11,5,2.89197,0.3069,0.3069,0,All,#4682B4,0
5,11,5,2.5666,0.669092,0.669092,0,All,#4682B4,0
6,11,5,2.73795,0.467624,0.467624,0,All,#4682B4,0
7,11,5,3.00929,0.195513,0.195513,0,All,#4682B4,0
8,11,5,2.93764,0.262484,0.262484,0,All,#4682B4,0
9,11,5,3.0505,0.158423,0.158423,0,All,#4682B4,0
10,11,5,3.05884,0.151038,0.151038,0,All,#4682B4,0
1,11,5.5,2.59086,-0.355198,-0.355198,0,All,#4682B4,0
2,11,5.5,3.05422,-0.688199,-0.688199,0,All,#4682B4,0
3,11,5.5,2.77858,-0.503485,-0.503485,0,All,#4682B4,0
4,11,5.5,2.84892,-0.55402,-0.55402,0,All,#4682B4,0
5,11,5.5,2.4988,-0.274323,-0.274323,0,All,#4682B4,0
6,11,5.5,2.68947,-0.435677,-0.435677,0,All,#4682B4,0
7,11,5.5,2.94518,-0.61926,-0.61926,0,All,#4682B4,0
8,11,5.5,2.83115,-0.541493,-0.541493,0,All,#4682B4,0
9,11,5.5,3.01391,-0.663293,-0.663293,0,All,#4682B4,0
10,11,5.5,2.99088,-0.648765,-0.648765,0,All,#4682B4,0
1,11,6,2.52382,0.804501,0.804501,0,All,#4682B4,0
2,11,6,2.97156,0.299028,0.299028,0,All,#4682B4,0
3,11,6,2.66334,0.628764,0.628764,0,All,#4682B4,0
4,11,6,2.76217,0.515016,0.515016,0,All,#4682B4,0
5,11,6,2.43006,0.933931,0.933931,0,All,#4682B4,0
6,11,6,2.63474,0.663268,0.663268,0,All,#4682B4,0
7,11,6,2.83761,0.433523,0.433523,0,All,#4682B4,0
8,11,6,2.69348,0.59319,0.59319,0,All,#4682B4,0
9,11,6,2.93201,0.337467,0.337467,0,All,#4682B4,0
10,11,6,2.90913,0.360178,0.360178,0,All,#4682B4,0
1,11,6.5,2.44522,1.59023,1.59023,0,All,#4682B4,0
2,11,6.5,2.85506,0.995879,0.995879,0,All,#4682B4,0
3,11,6.5,2.54565,1.42689,1.42689,0,All,#4682B4,0
4,11,6.5,2.63825,1.2873,1.2873,0,All,#4682B4,0
5,11,6.5,2.36125,1.73747,1.73747,0,All,#4682B4,0
6,11,6.5,2.5778,1.37729,1.37729,0,All,#4682B4,0
7,11,6.5,2.69371,1.20828,1.20828,0,All,#4682B4,0
8,11,6.5,2.54285,1.43127,1.43127,0,All,#4682B4,0
9,11,6.5,2.80592,1.05799,1.05799,0,All,#4682B4,0
10,11,6.5,2.82298,1.03618,1.03618,0,All,#4682B4,0
1,11,7,2.35995,1.12389,1.12389,0,All,#4682B4,0
2,11,7,2.71066,0.648524,0.648524,0,All,#4682B4,0
3,11,7,2.40985,1.04781,1.04781,0,All,#4682B4,0
4,11,7,2.48339,0.941258,0.941258,0,All,#4682B4,0
5,11,7,2.29249,1.232,1.232,0,All,#4682B4,0
6,11,7,2.52017,0.890309,0.890309,0,All,#4682B4,0
7,11,7,2.51877,0.892226,0.892226,0,All,#4682B4,0
8,11,7,2.38263,1.08891,1.08891,0,All,#4682B4,0
9,11,7,2.63873,0.735723,0.735723,0,All,#4682B4,0
10,11,7,2.73094,0.624771,0.624771,0,All,#4682B4,0
1,11,7.5,2.25743,2.22838,2.22838,0,All,#4682B4,0
2,11,7.5,2.54329,1.69129,1.69129,0,All,#4682B4,0
3,11,7.5,2.2419,2.26149,2.26149,0,All,#4682B4,0
4,11,7.5,2.301,2.1379,2.1379,0,All,#4682B4,0
5,11,7.5,2.21513,2.31962,2.31962,0,All,#4682B4,0
6,11,7.5,2.45433,1.84501,1.84501,0,All,#4682B4,0
7,11,7.5,2.31631,2.10692,2.10692,0,All,#4682B4,0
8,11,7.5,2.20039,2.35225,2.35225,0,All,#4682B4,0
9,11,7.5,2.43425,1.88128,1.88128,0,All,#4682B4,0
10,11,7.5,2.61339,1.57752,1.57752,0,All,#4682B4,0
1,11,8,2.12803,0.0742641,0.0742641,0,All,#4682B4,0
2,11,8,2.35641,-0.180093,-0.180093,0,All,#4682B4,0
3,11,8,2.03581,0.193154,0.193154,0,All,#4682B4,0
4,11,8,2.09238,0.118976,0.118976,0,All,#4682B4,0
5,11,8,2.11586,0.0893645,0.0893645,0,All,#4682B4,0
6,11,8,2.36331,-0.18701,-0.18701,0,All,#4682B4,0
7,11,8,2.08871,0.123663,0.123663,0,All,#4682B4,0
8,11,8,1.99362,0.2512,0.2512,0,All,#4682B4,0
9,11,8,2.19751,-0.00871638,-0.00871638,0,All,#4682B4,0
10,11,8,2.45978,-0.279692,-0.279692,0,All,#4682B4,0
1,11,8.5,1.96615,-0.902937,-1.07206,1,All,#4682B4,0
2,11,8.5,2.15269,-1.04568,-1.70943,1,All,#4682B4,0
3,11,8.5,1.7883,-0.739111,-0.801327,1,All,#4682B4,0
4,11,8.5,1.85826,-0.807294,-1.80827,1,All,#4682B4,0
5,11,8.5,1.98725,-0.920431,-1.1446,1,All,#4682B4,0
6,11,8.5,2.23649,-1.10205,-1.11821,1,All,#4682B4,0
7,11,8.5,1.83852,-0.788588,-1.56842,1,All,#4682B4,0
8,11,8.5,1.76139,-0.711444,-0.864199,1,All,#4682B4,0
9,11,8.5,1.93592,-0.877214,-1.28066,1,All,#4682B4,0
10,11,8.5,2.26049,-1.11743,-1.1404,1,All,#4682B4,0
1,11,9,1.76482,-0.715021,-1.56117,1,All,#4682B4,0
2,11,9,1.9347,-0.876159,-2.43558,1,All,#4682B4,0
3,11,9,1.50237,-0.39444,-0.714258,1,All,#4682B4,0
4,11,9,1.60048,-0.526585,-1.05193,1,All,#4682B4,0
5,11,9,1.82375,-0.774315,-1.13601,1,All,#4682B4,0
6,11,9,2.06016,-0.978108,-1.37492,1,All,#4682B4,0
7,11,9,1.56598,-0.482,-1.126,1,All,#4682B4,0
8,11,9,1.50347,-0.396013,-1.28406,1,All,#4682B4,0
9,11,9,1.66235,-0.601895,-2.09113,1,All,#4682B4,0
10,11,9,2.00503,-0.934883,-1.13142,1,All,#4682B4,0
1,11,9.5,1.51646,-0.414465,-1.45323,1,All,#4682B4,0
2,11,9.5,1.70589,-0.651624,-1.56032,1,All,#4682B4,0
3,11,9.5,1.20038,0.147906,-0.470481,1,All,#4682B4,0
4,11,9.5,1.3259,-0.107522,-0.227702,1,All,#4682B4,0
5,11,9.5,1.61829,-0.548858,-2.07437,1,All,#4682B4,0
6,11,9.5,1.81805,-0.768754,-1.22229,1,All,#4682B4,0
7,11,9.5,1.28175,-0.0233833,-1.17805,1,All,#4682B4,0
8,11,9.5,1.2238,0.0962732,0.015378,1,All,#4682B4,0
9,11,9.5,1.39563,-0.229562,-1.38682,1,All,#4682B4,0
10,11,9.5,1.68803,-0.631537,-0.923267,1,All,#4682B4,0
1,11,10,1.21668,0.111754,-1.46131,1,All,#4682B4,0
2,11,10,1.47207,-0.350062,-1.13461,1,All,#4682B4,0
3,11,10,0.925462,0.949402,-1.20765,1,All,#4682B4,0
4,11,10,1.05247,0.527088,0.0337165,1,All,#4682B4,0
5,11,10,1.37239,-0.190265,-0.244749,1,All,#4682B4,0
6,11,10,1.50153,-0.393235,-0.463963,1,All,#4682B4,0
7,11,10,1.0025,0.680458,-1.45617,1,All,#4682B4,0
8,11,10,0.933189,0.920423,-1.60462,1,All,#4682B4,0
9,11,10,1.15349,0.257589,-1.65382,1,All,#4682B4,0
10,11,10,1.33217,-0.119014,-0.241932,1,All,#4682B4,0
1,11,10.5,0.872159,1.16328,-1.11364,1,All,#4682B4,0
2,11,10.5,1.2428,0.0558227,-0.685073,1,All,#4682B4,0
3,11,10.5,0.71151,2.00173,0.908811,1,All,#4682B4,0
4,11,10.5,0.811916,1.43882,-0.894353,1,All,#4682B4,0
5,11,10.5,1.1168,0.349835,-0.610669,1,All,#4682B4,0
6,11,10.5,1.16989,0.218217,-0.0927422,1,All,#4682B4,0
7,11,10.5,0.751119,1.7617,1.46768,1,All,#4682B4,0
8,11,10.5,0.651121,2.4239,0.511308,1,All,#4682B4,0
9,11,10.5,0.945722,0.87443,0.376311,1,All,#4682B4,0
10,11,10.5,1.01317,0.646434,-0.104616,1,All,#4682B4,0
1,11,11,0.545364,3.38848,1.0355,1,All,#4682B4,0
2,11,11,1.03121,0.590543,-0.252252,1,All,#4682B4,0
3,11,11,0.557522,3.25897,-0.705092,1,All,#4682B4,0
4,11,11,0.626471,2.61962,-0.902307,1,All,#4682B4,0
5,11,11,0.914764,0.990328,-1.59422,1,All,#4682B4,0
6,11,11,0.968229,0.794824,0.280905,1,All,#4682B4,0
7,11,11,0.546787,3.37302,0.600456,1,All,#4682B4,0
8,11,11,0.400699,5.53253,-0.193955,1,All,#4682B4,0
9,11,11,0.774429,1.63191,1.5065,1,All,#4682B4,0
10,11,11,0.782581,1.58834,-0.204193,1,All,#4682B4,0
1,11,11.5,0.313761,7.77212,1.60595,1,All,#4682B4,0
2,11,11.5,0.851318,1.25419,0.125114,1,All,#4682B4,0
3,11,11.5,0.445018,4.72757,0.159143,1,All,#4682B4,0
4,11,11.5,0.498027,3.95295,0.355712,1,All,#4682B4,0
5,11,11.5,0.785165,1.57472,1.50469,1,All,#4682B4,0
6,11,11.5,0.857507,1.22673,-0.700974,1,All,#4682B4,0
7,11,11.5,0.395818,5.6322,1.78056,1,All,#4682B4,0
8,11,11.5,0.196375,13.9424,-0.671844,1,All,#4682B4,0
9,11,11.5,0.636241,2.54023,-1.81907,1,All,#4682B4,0
10,11,11.5,0.624376,2.63697,-0.0146923,1,All,#4682B4,0
1,11,12,0.172111,16.2675,0.268843,1,All,#4682B4,0
2,11,12,0.710891,2.0057,0.212854,1,All,#4682B4,0
3,11,12,0.359612,6.45601,-1.60806,1,All,#4682B4,0
4,11,12,0.415062,5.25283,-1.26801,1,All,#4682B4,0
5,11,12,0.700418,2.07381,0.521944,1,All,#4682B4,0
6,11,12,0.783381,1.58412,0.0328988,1,All,#4682B4,0
7,11,12,0.290696,8.59112,0.262518,1,All,#4682B4,0
8,11,12,0.0402606,77.8941,-0.0279692,1,All,#4682B4,0
9,11,12,0.527258,3.59241,-0.891683,1,All,#4682B4,0
10,11,12,0.510607,3.79272,0.466462,1,All,#4682B4,0
1,11,12.5,0.0820506,36.9222,0.511665,1,All,#4682B4,0
2,11,12.5,0.609571,2.76295,0.179855,1,All,#4682B4,0
3,11,12.5,0.288345,8.68195,-0.016146,1,All,#4682B4,0
4,11,12.5,0.362589,6.38207,0.320493,1,All,#4682B4,0
5,11,12.5,0.639227,2.51646,-0.783338,1,All,#4682B4,0
6,11,12.5,0.724518,1.92,1.79954,1,All,#4682B4,0
7,11,12.5,0.219819,12.1835,-1.09906,1,All,#4682B4,0
8,11,12.5,0,5.71957e+15,0,1,All,#4682B4,0
9,11,12.5,0.439756,4.81467,-1.00404,1,All,#4682B4,0
10,11,12.5,0.421548,5.13277,0.0963492,1,All,#4682B4,0
1,11,13,0.0182191,175.216,0.254977,1,All,#4682B4,0
2,11,13,0.541213,3.43403,-0.945662,1,All,#4682B4,0
3,11,13,0.225993,11.7809,-0.365276,1,All,#4682B4,0
4,11,13,0.329102,7.29094,-1.3168,1,All,#4682B4,0
5,11,13,0.589232,2.94635,0.251942,1,All,#4682B4,0
6,11,13,0.67114,2.27554,-0.175729,1,All,#4682B4,0
7,11,13,0.17256,16.2185,0.0396442,1,All,#4682B4,0
8,11,13,0,5.71957e+15,2.11374,1,All,#4682B4,0
9,11,13,0.368604,6.2363,-0.734558,1,All,#4682B4,0
10,11,13,0.345727,6.81772,0.625144,1,All,#4682B4,0
1,11,13.5,0,5.71957e+15,0,1,All,#4682B4,0
2,11,13.5,0.497908,3.9545,0.434313,1,All,#4682B4,0
3,11,13.5,0.168167,16.7089,-0.466871,1,All,#4682B4,0
4,11,13.5,0.306622,8.01244,-0.400598,1,All,#4682B4,0
5,11,13.5,0.543926,3.40418,2.34402,1,All,#4682B4,0
6,11,13.5,0.620583,2.66868,-0.485193,1,All,#4682B4,0
7,11,13.5,0.140645,20.4775,-1.699,1,All,#4682B4,0
8,11,13.5,0,5.71957e+15,0,1,All,#4682B4,0
9,11,13.5,0.309168,7.92546,0.0533692,1,All,#4682B4,0
10,11,13.5,0.276266,9.17306,0.087816,1,All,#4682B4,0
1,11,14,0,5.71957e+15,0,1,All,#4682B4,0
2,11,14,0.471799,4.31446,0.450812,1,All,#4682B4,0
3,11,14,0.112743,26.1764,-1.25374,1,All,#4682B4,0
4,11,14,0.289891,8.62205,0.615766,1,All,#4682B4,0
5,11,14,0.500893,3.91573,-0.529597,1,All,#4682B4,0
6,11,14,0.569363,3.13816,1.06357,1,All,#4682B4,0
7,11,14,0.118266,24.835,-0.398665,1,All,#4682B4,0
8,11,14,0,5.71957e+15,2.91123,1,All,#4682B4,0
9,11,14,0.257751,10.0152,-1.1746,1,All,#4682B4,0
10,11,14,0.209482,12.9105,1.88028,1,All,#4682B4,0
1,11,14.5,0,5.71957e+15,0,1,All,#4682B4,0
2,11,14.5,0.456735,4.54087,-1.45468,1,All,#4682B4,0
3,11,14.5,0.0573572,53.9159,0.116434,1,All,#4682B4,0
4,11,14.5,0.275822,9.19194,1.86609,1,All,#4682B4,0
5,11,14.5,0.458004,4.52122,-0.535022,1,All,#4682B4,0
6,11,14.5,0.518623,3.69468,-1.09989,1,All,#4682B4,0
7,11,14.5,0.100594,29.6459,0.466839,1,All,#4682B4,0
8,11,14.5,0,5.71957e+15,0,1,All,#4682B4,0
9,11,14.5,0.211777,12.743,-0.685947,1,All,#4682B4,0
10,11,14.5,0.14423,19.9051,2.42507,1,All,#4682B4,0
1,11,15,0,5.71957e+15,0,1,All,#4682B4,0
2,11,15,0.448822,4.66588,-0.496283,1,All,#4682B4,0
3,11,15,0.00232732,1389.06,0.575413,1,All,#4682B4,0
4,11,15,0.262754,9.77592,0.587628,1,All,#4682B4,0
5,11,15,0.415733,5.24023,0.132508,1,All,#4682B4,0
6,11,15,0.46774,4.37403,-1.1609,1,All,#4682B4,0
7,11,15,0.0847057,35.6849,-0.240374,1,All,#4682B4,0
8,11,15,0,5.71957e+15,0,1,All,#4682B4,0
9,11,15,0.169221,16.5889,-0.769357,1,All,#4682B4,0
10,11,15,0.0788423,38.5284,1.88123,1,All,#4682B4,0
1,11,15.5,0,5.71957e+15,1.17315,1,All,#4682B4,0
2,11,15.5,0.446287,4.70687,0.311629,1,All,#4682B4,0
3,11,15.5,0,5.71957e+15,0,1,All,#4682B4,0
4,11,15.5,0.249825,10.4138,-0.80577,1,All,#4682B4,0
5,11,15.5,0.373067,6.13118,-1.57468,1,All,#4682B4,0
6,11,15.5,0.416457,5.22669,1.43327,1,All,#4682B4,0
7,11,15.5,0.071611,42.6766,-1.17485,1,All,#4682B4,0
8,11,15.5,0,5.71957e+15,0,1,All,#4682B4,0
9,11,15.5,0.129524,22.4547,-1.23802,1,All,#4682B4,0
10,11,15.5,0.0133107,240.768,1.03731,1,All,#4682B4,0
1,12,1,0,5.71957e+15,0,1,All,#4682B4,0
2,12,1,0,5.71957e+15,0,1,All,#4682B4,0
3,12,1,0,5.71957e+15,0,1,All,#4682B4,0
4,12,1,0,5.71957e+15,0,1,All,#4682B4,0
5,12,1,0,5.71957e+15,0,1,All,#4682B4,0
6,12,1,0,5.71957e+15,0,1,All,#4682B4,0
7,12,1,0,5.71957e+15,0,1,All,#4682B4,0
8,12,1,0,5.71957e+15,0,1,All,#4682B4,0
9,12,1,0,5.71957e+15,0,1,All,#4682B4,0
10,12,1,0,5.71957e+15,0,1,All,#4682B4,0
1,12,1.5,0,5.71957e+15,1.53315,1,All,#4682B4,0
2,12,1.5,0,5.71957e+15,0,1,All,#4682B4,0
3,12,1.5,0,5.71957e+15,0,1,All,#4682B4,0
4,12,1.5,0,5.71957e+15,1.46466,1,All,#4682B4,0
5,12,1.5,0,5.71957e+15,0,1,All,#4682B4,0
6,12,1.5,0,5.71957e+15,0,1,All,#4682B4,0
7,12,1.5,0,5.71957e+15,0,1,All,#4682B4,0
8,12,1.5,0,5.71957e+15,0,1,All,#4682B4,0
9,12,1.5,0,5.71957e+15,0,1,All,#4682B4,0
10,12,1.5,0,5.71957e+15,0,1,All,#4682B4,0
1,12,2,0,5.71957e+15,0,1,All,#4682B4,0
2,12,2,0,5.71957e+15,0,1,All,#4682B4,0
3,12,2,0,5.71957e+15,2.2771,1,All,#4682B4,0
4,12,2,0,5.71957e+15,0,1,All,#4682B4,0
5,12,2,0,5.71957e+15,2.18913,1,All,#4682B4,0
6,12,2,0,5.71957e+15,0,1,All,#4682B4,0
7,12,2,0,5.71957e+15,1.39586,1,All,#4682B4,0
8,12,2,0,5.71957e+15,0,1,All,#4682B4,0
9,12,2,0,5.71957e+15,0,1,All,#4682B4,0
10,12,2,0,5.71957e+15,1.20874,1,All,#4682B4,0
1,12,2.5,0,5.71957e+15,1.17251,1,All,#4682B4,0
2,12,2.5,0,5.71957e+15,0,1,All,#4682B4,0
3,12,2.5,0,5.71957e+15,0,1,All,#4682B4,0
4,12,2.5,0,5.71957e+15,0,1,All,#4682B4,0
5,12,2.5,0,5.71957e+15,0,1,All,#4682B4,0
6,12,2.5,0,5.71957e+15,0,1,All,#4682B4,0
7,12,2.5,0,5.71957e+15,0,1,All,#4682B4,0
8,12,2.5,0,5.71957e+15,1.94632,1,All,#4682B4,0
9,12,2.5,0,5.71957e+15,1.83802,1,All,#4682B4,0
10,12,2.5,0,5.71957e+15,0,1,All,#4682B4,0
1,12,3,0,5.71957e+15,1.0417,1,All,#4682B4,0
2,12,3,0,5.71957e+15,0,1,All,#4682B4,0
3,12,3,0,5.71957e+15,1.05067,1,All,#4682B4,0
4,12,3,0,5.71957e+15,0,1,All,#4682B4,0
5,12,3,0,5.71957e+15,0,1,All,#4682B4,0
6,12,3,0,5.71957e+15,0,1,All,#4682B4,0
7,12,3,0,5.71957e+15,0,1,All,#4682B4,0
8,12,3,0,5.71957e+15,0,1,All,#4682B4,0
9,12,3,0,5.71957e+15,0,1,All,#4682B4,0
10,12,3,0,5.71957e+15,0,1,All,#4682B4,0
1,12,3.5,0,5.71957e+15,0,1,All,#4682B4,0
2,12,3.5,0,5.71957e+15,0,1,All,#4682B4,0
3,12,3.5,0,5.71957e+15,0,1,All,#4682B4,0
4,12,3.5,0,5.71957e+15,0,1,All,#4682B4,0
5,12,3.5,0,5.71957e+15,0,1,All,#4682B4,0
6,12,3.5,0,5.71957e+15,1.69812,1,All,#4682B4,0
7,12,3.5,0,5.71957e+15,0,1,All,#4682B4,0
8,12,3.5,0,5.71957e+15,0,1,All,#4682B4,0
9,12,3.5,0,5.71957e+15,0,1,All,#4682B4,0
10,12,3.5,0,5.71957e+15,0,1,All,#4682B4,0
1,12,4,0,5.71957e+15,0,1,All,#4682B4,0
2,12,4,0,5.71957e+15,1.56874,1,All,#4682B4,0
3,12,4,0,5.71957e+15,0,1,All,#4682B4,0
4,12,4,0,5.71957e+15,0,1,All,#4682B4,0
5,12,4,0,5.71957e+15,1.1669,1,All,#4682B4,0
6,12,4,0,5.71957e+15,1.37302,1,All,#4682B4,0
7,12,4,0,5.71957e+15,0,1,All,#4682B4,0
8,12,4,0,5.71957e+15,0,1,All,#4682B4,0
9,12,4,0,5.71957e+15,1.47025,1,All,#4682B4,0
10,12,4,0,5.71957e+15,1.66792,1,All,#4682B4,0
1,12,4.5,0.624039,2.63977,1.51124,1,All,#4682B4,0
2,12,4.5,0.879574,1.13198,0.358364,1,All,#4682B4,0
3,12,4.5,0.164492,17.1391,-0.208703,1,All,#4682B4,0
4,12,4.5,0.583062,3.00451,-0.0612934,1,All,#4682B4,0
5,12,4.5,0.876407,1.14529,-0.917533,1,All,#4682B4,0
6,12,4.5,0.190652,14.4375,0.252986,1,All,#4682B4,0
7,12,4.5,0.794238,1.52761,-1.27974,1,All,#4682B4,0
8,12,4.5,0.521933,3.65508,1.40931,1,All,#4682B4,0
9,12,4.5,0.642247,2.49263,0.283392,1,All,#4682B4,0
10,12,4.5,0.64138,2.49945,-0.853202,1,All,#4682B4,0
1,12,5,1.53676,-0.442683,-0.455979,1,All,#4682B4,0
2,12,5,1.56204,-0.476779,-0.626405,1,All,#4682B4,0
3,12,5,1.36267,-0.173436,-0.266092,1,All,#4682B4,0
4,12,5,1.53779,-0.444093,-1.4443,1,All,#4682B4,0
5,12,5,1.47331,-0.351914,-0.689471,1,All,#4682B4,0
6,12,5,1.36786,-0.182443,-1.41599,1,All,#4682B4,0
7,12,5,1.58896,-0.511915,-1.72111,1,All,#4682B4,0
8,12,5,1.56485,-0.480509,-1.12946,1,All,#4682B4,0
9,12,5,1.49481,-0.383527,-2.48675,1,All,#4682B4,0
10,12,5,1.64974,-0.587008,-0.9222,1,All,#4682B4,0
1,12,5.5,1.83301,2.62527,2.62527,0,All,#4682B4,0
2,12,5.5,1.85129,2.57418,2.57418,0,All,#4682B4,0
3,12,5.5,1.7344,2.91954,2.91954,0,All,#4682B4,0
4,12,5.5,1.88545,2.48134,2.48134,0,All,#4682B4,0
5,12,5.5,1.69283,3.05386,3.05386,0,All,#4682B4,0
6,12,5.5,1.69983,3.03076,3.03076,0,All,#4682B4,0
7,12,5.5,1.87722,2.50339,2.50339,0,All,#4682B4,0
8,12,5.5,1.91372,2.40701,2.40701,0,All,#4682B4,0
9,12,5.5,1.84108,2.6026,2.6026,0,All,#4682B4,0
10,12,5.5,1.96425,2.27948,2.27948,0,All,#4682B4,0
1,12,6,1.96711,0.379699,0.379699,0,All,#4682B4,0
2,12,6,1.9765,0.365783,0.365783,0,All,#4682B4,0
3,12,6,1.90279,0.47875,0.47875,0,All,#4682B4,0
4,12,6,2.05031,0.260818,0.260818,0,All,#4682B4,0
5,12,6,1.77251,0.701379,0.701379,0,All,#4682B4,0
6,12,6,1.83978,0.582489,0.582489,0,All,#4682B4,0
7,12,6,2.00527,0.323944,0.323944,0,All,#4682B4,0
8,12,6,2.06784,0.236986,0.236986,0,All,#4682B4,0
9,12,6,2.00987,0.317371,0.317371,0,All,#4682B4,0
10,12,6,2.09338,0.202976,0.202976,0,All,#4682B4,0
1,12,6.5,2.0131,-0.941352,-1.63384,1,All,#4682B4,0
2,12,6.5,1.98693,-0.920163,-2.37453,1,All,#4682B4,0
3,12,6.5,1.9568,-0.895062,-1.2629,1,All,#4682B4,0
4,12,6.5,2.11114,-1.01607,-1.43795,1,All,#4682B4,0
5,12,6.5,1.76292,-0.713046,-2.18094,1,All,#4682B4,0
6,12,6.5,1.87962,-0.827107,-2.33234,1,All,#4682B4,0
7,12,6.5,2.04013,-0.962671,-1.10586,1,All,#4682B4,0
8,12,6.5,2.11394,-1.0181,-1.44606,1,All,#4682B4,0
9,12,6.5,2.07031,-0.985815,-1.198,1,All,#4682B4,0
10,12,6.5,2.12088,-1.02311,-1.52509,1,All,#4682B4,0
1,12,7,1.99171,-0.181443,-0.181443,0,All,#4682B4,0
2,12,7,1.89851,-0.0651645,-0.0651645,0,All,#4682B4,0
3,12,7,1.92153,-0.0949285,-0.0949285,0,All,#4682B4,0
4,12,7,2.08864,-0.291376,-0.291376,0,All,#4682B4,0
5,12,7,1.67551,0.265571,0.265571,0,All,#4682B4,0
6,12,7,1.84356,0.00890575,0.00890575,0,All,#4682B4,0
7,12,7,2.00048,-0.191825,-0.191825,0,All,#4682B4,0
8,12,7,2.07487,-0.276382,-0.276382,0,All,#4682B4,0
9,12,7,2.04195,-0.239726,-0.239726,0,All,#4682B4,0
10,12,7,2.07119,-0.272341,-0.272341,0,All,#4682B4,0
1,12,7.5,1.91338,-0.857503,-1.40929,1,All,#4682B4,0
2,12,7.5,1.72795,-0.675863,-1.59101,1,All,#4682B4,0
3,12,7.5,1.81559,-0.766339,-1.10658,1,All,#4682B4,0
4,12,7.5,1.99475,-0.926551,-0.958537,1,All,#4682B4,0
5,12,7.5,1.52459,-0.425852,-1.43343,1,All,#4682B4,0
6,12,7.5,1.74157,-0.690517,-0.881267,1,All,#4682B4,0
7,12,7.5,1.89645,-0.842398,-1.73976,1,All,#4682B4,0
8,12,7.5,1.96337,-0.900606,-1.20986,1,All,#4682B4,0
9,12,7.5,1.93529,-0.876669,-1.44516,1,All,#4682B4,0
10,12,7.5,1.95618,-0.894541,-1.51799,1,All,#4682B4,0
1,12,8,1.7892,-0.740026,-1.52411,1,All,#4682B4,0
2,12,8,1.49391,-0.382232,-1.32698,1,All,#4682B4,0
3,12,8,1.65394,-0.591989,-0.893156,1,All,#4682B4,0
4,12,8,1.84299,-0.792856,-1.00661,1,All,#4682B4,0
5,12,8,1.32549,-0.106757,-1.42131,1,All,#4682B4,0
6,12,8,1.58302,-0.504259,-0.524517,1,All,#4682B4,0
7,12,8,1.7393,-0.688097,-1.41382,1,All,#4682B4,0
8,12,8,1.79298,-0.743846,-0.834919,1,All,#4682B4,0
9,12,8,1.76279,-0.712911,-0.897654,1,All,#4682B4,0
10,12,8,1.79078,-0.741627,-1.96957,1,All,#4682B4,0
1,12,8.5,1.63005,-0.563291,-0.68335,1,All,#4682B4,0
2,12,8.5,1.2194,0.105812,-1.69249,1,All,#4682B4,0
3,12,8.5,1.45268,-0.320697,-0.930822,1,All,#4682B4,0
4,12,8.5,1.64697,-0.5837,-0.614379,1,All,#4682B4,0
5,12,8.5,1.09976,0.394763,0.258664,1,All,#4682B4,0
6,12,8.5,1.38358,-0.209346,-0.478049,1,All,#4682B4,0
7,12,8.5,1.54212,-0.449998,-1.21405,1,All,#4682B4,0
8,12,8.5,1.57776,-0.497442,-0.898254,1,All,#4682B4,0
9,12,8.5,1.54081,-0.448221,-0.662427,1,All,#4682B4,0
10,12,8.5,1.5932,-0.517342,-0.70972,1,All,#4682B4,0
1,12,9,1.44575,-0.310009,-0.436493,1,All,#4682B4,0
2,12,9,0.940531,0.893331,0.534162,1,All,#4682B4,0
3,12,9,1.22798,0.0872688,-0.78179,1,All,#4682B4,0
4,12,9,1.41804,-0.266225,-0.949501,1,All,#4682B4,0
5,12,9,0.874748,1.15229,-0.687906,1,All,#4682B4,0
6,12,9,1.1577,0.247372,-0.111932,1,All,#4682B4,0
7,12,9,1.32003,-0.0966558,-0.467653,1,All,#4682B4,0
8,12,9,1.33416,-0.122632,-0.183736,1,All,#4682B4,0
9,12,9,1.28932,-0.038216,-0.622439,1,All,#4682B4,0
10,12,9,1.37731,-0.198696,-0.773849,1,All,#4682B4,0
1,12,9.5,1.24561,0.0499274,-1.5356,1,All,#4682B4,0
2,12,9.5,0.695185,2.10863,-1.03111,1,All,#4682B4,0
3,12,9.5,0.998058,0.694851,0.320414,1,All,#4682B4,0
4,12,9.5,1.17048,0.216837,-0.544334,1,All,#4682B4,0
5,12,9.5,0.680048,2.21232,0.74537,1,All,#4682B4,0
6,12,9.5,0.923874,0.955419,0.524137,1,All,#4682B4,0
7,12,9.5,1.09196,0.415806,-1.91198,1,All,#4682B4,0
8,12,9.5,1.0819,0.443374,0.0440626,1,All,#4682B4,0
9,12,9.5,1.02952,0.595697,0.45843,1,All,#4682B4,0
10,12,9.5,1.16512,0.229549,-0.771215,1,All,#4682B4,0
1,12,10,1.03899,0.567007,-0.626006,1,All,#4682B4,0
2,12,10,0.505968,3.85088,-0.0905056,1,All,#4682B4,0
3,12,10,0.787089,1.56464,-1.18711,1,All,#4682B4,0
4,12,10,0.922794,0.959521,-1.17223,1,All,#4682B4,0
5,12,10,0.53128,3.54591,0.00258568,1,All,#4682B4,0
6,12,10,0.703944,2.05065,-0.381231,1,All,#4682B4,0
7,12,10,0.881173,1.12529,0.925695,1,All,#4682B4,0
8,12,10,0.844324,1.28571,0.72733,1,All,#4682B4,0
9,12,10,0.785432,1.57332,0.078175,1,All,#4682B4,0
10,12,10,0.970551,0.78682,0.119004,1,All,#4682B4,0
1,12,10.5,0.837666,1.31619,0.233148,1,All,#4682B4,0
2,12,10.5,0.375968,6.06421,0.147497,1,All,#4682B4,0
3,12,10.5,0.620176,2.6721,1.07266,1,All,#4682B4,0
4,12,10.5,0.701121,2.06918,-0.151028,1,All,#4682B4,0
5,12,10.5,0.426906,5.03635,-0.859581,1,All,#4682B4,0
6,12,10.5,0.517684,3.70602,-0.810238,1,All,#4682B4,0
7,12,10.5,0.709622,2.01384,0.227435,1,All,#4682B4,0
8,12,10.5,0.641873,2.49557,0.160865,1,All,#4682B4,0
9,12,10.5,0.578683,3.04654,-0.929525,1,All,#4682B4,0
10,12,10.5,0.80212,1.48753,-1.46118,1,All,#4682B4,0
1,12,11,0.662783,2.33638,-0.846006,1,All,#4682B4,0
2,12,11,0.294132,8.46096,0.212732,1,All,#4682B4,0
3,12,11,0.506659,3.84216,-1.25505,1,All,#4682B4,0
4,12,11,0.52919,3.56998,0.697635,1,All,#4682B4,0
5,12,11,0.357406,6.51158,-1.20278,1,All,#4682B4,0
6,12,11,0.376496,6.05213,0.550778,1,All,#4682B4,0
7,12,11,0.586722,2.96987,-1.2421,1,All,#4682B4,0
8,12,11,0.488532,4.07933,-1.16916,1,All,#4682B4,0
9,12,11,0.421159,5.13987,-2.29268,1,All,#4682B4,0
10,12,11,0.6644,2.32449,1.42239,1,All,#4682B4,0
1,12,11.5,0.53259,3.53092,-0.0599934,1,All,#4682B4,0
2,12,11.5,0.245348,10.6504,1.01626,1,All,#4682B4,0
3,12,11.5,0.438322,4.83876,-0.616478,1,All,#4682B4,0
4,12,11.5,0.413316,5.28578,0.569496,1,All,#4682B4,0
5,12,11.5,0.310395,7.88403,0.440363,1,All,#4682B4,0
6,12,11.5,0.278133,9.09437,-0.0262085,1,All,#4682B4,0
7,12,11.5,0.507556,3.83086,-1.24231,1,All,#4682B4,0
8,12,11.5,0.384748,5.86762,2.45215,1,All,#4682B4,0
9,12,11.5,0.312429,7.81611,0.716899,1,All,#4682B4,0
10,12,11.5,0.555759,3.2774,-0.717618,1,All,#4682B4,0
1,12,12,0.449411,4.65643,-0.0987181,1,All,#4682B4,0
2,12,12,0.216247,12.4268,0.382918,1,All,#4682B4,0
3,12,12,0.401297,5.52048,-0.520111,1,All,#4682B4,0
4,12,12,0.341206,6.94183,-1.53481,1,All,#4682B4,0
5,12,12,0.276572,9.16008,0.313279,1,All,#4682B4,0
6,12,12,0.213137,12.6454,1.6192,1,All,#4682B4,0
7,12,12,0.461107,4.47363,-1.50274,1,All,#4682B4,0
8,12,12,0.320572,7.55281,0.410108,1,All,#4682B4,0
9,12,12,0.242053,10.8301,0.783523,1,All,#4682B4,0
10,12,12,0.471997,4.31158,0.194127,1,All,#4682B4,0
1,12,12.5,0.403094,5.4845,-0.223269,1,All,#4682B4,0
2,12,12.5,0.198809,13.7405,1.13161,1,All,#4682B4,0
3,12,12.5,0.384884,5.86464,-0.0889164,1,All,#4682B4,0
4,12,12.5,0.30118,8.20328,0.672073,1,All,#4682B4,0
5,12,12.5,0.249368,10.4376,0.813796,1,All,#4682B4,0
6,12,12.5,0.170782,16.4139,-0.348486,1,All,#4682B4,0
7,12,12.5,0.433893,4.91418,-1.33431,1,All,#4682B4,0
8,12,12.5,0.284119,8.84902,0.433526,1,All,#4682B4,0
9,12,12.5,0.198688,13.7504,0.16725,1,All,#4682B4,0
10,12,12.5,0.407354,5.40047,-0.412227,1,All,#4682B4,0
1,12,13,0.381284,5.94411,1.17896,1,All,#4682B4,0
2,12,13,0.185325,14.9258,-0.111089,1,All,#4682B4,0
3,12,13,0.378156,6.01435,0.0601008,1,All,#4682B4,0
4,12,13,0.281419,8.95838,-0.830884,1,All,#4682B4,0
5,12,13,0.226484,11.7499,0.526221,1,All,#4682B4,0
6,12,13,0.142789,20.1317,0.20391,1,All,#4682B4,0
7,12,13,0.418507,5.18859,-0.355797,1,All,#4682B4,0
8,12,13,0.265058,9.66876,-1.11165,1,All,#4682B4,0
9,12,13,0.173867,16.0774,-0.90365,1,All,#4682B4,0
10,12,13,0.356572,6.53279,0.201617,1,All,#4682B4,0
1,12,13.5,0.374258,6.10356,-1.65928,1,All,#4682B4,0
2,12,13.5,0.176604,15.7888,-1.21692,1,All,#4682B4,0
3,12,13.5,0.37623,6.0582,-0.10291,1,All,#4682B4,0
4,12,13.5,0.274082,9.26649,-0.765854,1,All,#4682B4,0
5,12,13.5,0.204805,13.2636,-1.35669,1,All,#4682B4,0
6,12,13.5,0.122875,23.8078,0.880906,1,All,#4682B4,0
7,12,13.5,0.410415,5.34118,0.35334,1,All,#4682B4,0
8,12,13.5,0.255486,10.1266,0.628771,1,All,#4682B4,0
9,12,13.5,0.15967,17.7337,1.4265,1,All,#4682B4,0
10,12,13.5,0.314933,7.73368,0.79225,1,All,#4682B4,0
1,12,14,0.374054,6.10828,0.621619,1,All,#4682B4,0
2,12,14,0.166343,16.92,-0.225882,1,All,#4682B4,0
3,12,14,0.379358,5.98723,0.339584,1,All,#4682B4,0
4,12,14,0.272218,9.34739,1.47198,1,All,#4682B4,0
5,12,14,0.183717,15.0787,-1.79187,1,All,#4682B4,0
6,12,14,0.107538,27.5669,-0.894348,1,All,#4682B4,0
7,12,14,0.406524,5.41671,-0.462642,1,All,#4682B4,0
8,12,14,0.250871,10.3598,2.62304,1,All,#4682B4,0
9,12,14,0.151836,18.7803,1.83829,1,All,#4682B4,0
10,12,14,0.279619,9.03249,-0.928705,1,All,#4682B4,0
1,12,14.5,0.378697,6.00213,-0.0739459,1,All,#4682B4,0
2,12,14.5,0.156668,18.1224,-0.22156,1,All,#4682B4,0
3,12,14.5,0.383246,5.9006,-1.71098,1,All,#4682B4,0
4,12,14.5,0.273647,9.28527,0.581194,1,All,#4682B4,0
5,12,14.5,0.163134,17.303,-1.0864,1,All,#4682B4,0
6,12,14.5,0.0944004,31.7583,0.638896,1,All,#4682B4,0
7,12,14.5,0.403366,5.47908,0.974156,1,All,#4682B4,0
8,12,14.5,0.249789,10.4157,0.0906444,1,All,#4682B4,0
9,12,14.5,0.146535,19.5519,2.26017,1,All,#4682B4,0
10,12,14.5,0.248518,10.482,-1.64051,1,All,#4682B4,0
1,12,15,0.385671,5.84748,-0.674973,1,All,#4682B4,0
2,12,15,0.146281,19.5904,0.523752,1,All,#4682B4,0
3,12,15,0.38633,5.83315,-0.579583,1,All,#4682B4,0
4,12,15,0.275599,9.20143,-0.567256,1,All,#4682B4,0
5,12,15,0.141547,20.3308,-0.599417,1,All,#4682B4,0
6,12,15,0.0822834,36.8105,0.958026,1,All,#4682B4,0
7,12,15,0.400613,5.53426,-0.081359,1,All,#4682B4,0
8,12,15,0.251243,10.3406,2.22763,1,All,#4682B4,0
9,12,15,0.142746,20.1386,1.69352,1,All,#4682B4,0
10,12,15,0.219634,12.1958,0.523773,1,All,#4682B4,0
1,12,15.5,0.393047,5.68988,0.380196,1,All,#4682B4,0
2,12,15.5,0.136386,21.1967,-0.098637,1,All,#4682B4,0
3,12,15.5,0.389196,5.77142,1.60191,1,All,#4682B4,0
4,12,15.5,0.278435,9.08175,0.364998,1,All,#4682B4,0
5,12,15.5,0.119811,24.4818,-0.0519124,1,All,#4682B4,0
6,12,15.5,0.0705022,43.3878,1.15093,1,All,#4682B4,0
7,12,15.5,0.397549,5.59658,0.595297,1,All,#4682B4,0
8,12,15.5,0.249372,10.4373,1.21669,1,All,#4682B4,0
9,12,15.5,0.139351,20.6913,-0.497145,1,All,#4682B4,0
10,12,15.5,0.192461,14.2778,0.42808,1,All,#4682B4,0
1,12,16,0.400436,5.53782,-0.0117007,1,All,#4682B4,0
2,12,16,0.124753,23.411,-0.663441,1,All,#4682B4,0
3,12,16,0.391588,5.72059,-1.20325,1,All,#4682B4,0
4,12,16,0.281732,8.9456,1.35733,1,All,#4682B4,0
5,12,16,0.0972593,30.7498,0.761413,1,All,#4682B4,0
6,12,16,0.0584915,52.8208,0.0537541,1,All,#4682B4,0
7,12,16,0.393976,5.67046,-0.213787,1,All,#4682B4,0
8,12,16,0.25014,10.3975,0.166782,1,All,#4682B4,0
9,12,16,0.13565,21.3254,-0.841359,1,All,#4682B4,0
10,12,16,0.166168,16.9405,-0.282259,1,All,#4682B4,0
1,12,16.5,0.406479,5.41759,1.05202,1,All,#4682B4,0
2,12,16.5,0.112281,26.2946,1.08304,1,All,#4682B4,0
3,12,16.5,0.392846,5.6941,-0.696819,1,All,#4682B4,0
4,12,16.5,0.283754,8.86369,1.08853,1,All,#4682B4,0
5,12,16.5,0.0741016,41.1565,-1.44652,1,All,#4682B4,0
6,12,16.5,0.0462757,67.4376,-0.822823,1,All,#4682B4,0
7,12,16.5,0.38983,5.75788,0.534698,1,All,#4682B4,0
8,12,16.5,0.248703,10.4723,-0.227189,1,All,#4682B4,0
9,12,16.5,0.131256,22.1247,0.776266,1,All,#4682B4,0
10,12,16.5,0.140124,20.5632,0.670886,1,All,#4682B4,0
1,12,17,0.412764,5.29628,0.0545893,1,All,#4682B4,0
2,12,17,0.0986451,30.282,-0.228584,1,All,#4682B4,0
3,12,17,0.393454,5.68137,-0.626509,1,All,#4682B4,0
4,12,17,0.283728,8.86473,-0.102819,1,All,#4682B4,0
5,12,17,0.0502489,61.9037,0.0412198,1,All,#4682B4,0
6,12,17,0.0336138,93.801,-1.57667,1,All,#4682B4,0
7,12,17,0.384934,5.86354,2.35405,1,All,#4682B4,0
8,12,17,0.248332,10.4917,-1.78794,1,All,#4682B4,0
9,12,17,0.126073,23.1392,-0.0827412,1,All,#4682B4,0
10,12,17,0.113972,25.8667,-0.464241,1,All,#4682B4,0
1,12,17.5,0.417975,5.19845,-0.256717,1,All,#4682B4,0
2,12,17.5,0.0839761,36.0171,0.385267,1,All,#4682B4,0
3,12,17.5,0.393091,5.68896,-0.771108,1,All,#4682B4,0
4,12,17.5,0.282677,8.90719,-0.671237,1,All,#4682B4,0
5,12,17.5,0.0257109,123.417,0.727539,1,All,#4682B4,0
6,12,17.5,0.0204235,156.028,1.21425,1,All,#4682B4,0
7,12,17.5,0.379318,5.98812,0.0813667,1,All,#4682B4,0
8,12,17.5,0.246181,10.6057,1.04586,1,All,#4682B4,0
9,12,17.5,0.120208,24.3926,0.105152,1,All,#4682B4,0
10,12,17.5,0.0876993,34.3798,0.695104,1,All,#4682B4,0
1,12,18,0.422489,5.11565,-0.338341,1,All,#4682B4,0
2,12,18,0.0681808,44.9519,-0.238065,1,All,#4682B4,0
3,12,18,0.391807,5.71596,1.01844,1,All,#4682B4,0
4,12,18,0.28253,8.91315,0.198866,1,All,#4682B4,0
5,12,18,0.000463382,6986.78,-0.834966,1,All,#4682B4,0
6,12,18,0.00588796,547.51,-0.765399,1,All,#4682B4,0
7,12,18,0.372512,6.14412,-1.04511,1,All,#4682B4,0
8,12,18,0.24294,10.7812,-0.390817,1,All,#4682B4,0
9,12,18,0.113323,26.0296,-0.67014,1,All,#4682B4,0
10,12,18,0.0610443,50.5052,-2.02415,1,All,#4682B4,0
1,13,1,0,5.71957e+15,2.08212,1,All,#4682B4,0
2,13,1,0,5.71957e+15,0,1,All,#4682B4,0
3,13,1,0,5.71957e+15,0,1,All,#4682B4,0
4,13,1,0,5.71957e+15,0,1,All,#4682B4,0
5,13,1,0,5.71957e+15,2.79083,1,All,#4682B4,0
6,13,1,0,5.71957e+15,0,1,All,#4682B4,0
7,13,1,0,5.71957e+15,0,1,All,#4682B4,0
8,13,1,0,5.71957e+15,0,1,All,#4682B4,0
9,13,1,0,5.71957e+15,2.06468,1,All,#4682B4,0
10,13,1,0,5.71957e+15,0,1,All,#4682B4,0
1,13,1.5,0,5.71957e+15,1.26979,1,All,#4682B4,0
2,13,1.5,0,5.71957e+15,1.83553,1,All,#4682B4,0
3,13,1.5,0,5.71957e+15,0,1,All,#4682B4,0
4,13,1.5,0,5.71957e+15,0,1,All,#4682B4,0
5,13,1.5,0,5.71957e+15,1.84879,1,All,#4682B4,0
6,13,1.5,0,5.71957e+15,0,1,All,#4682B4,0
7,13,1.5,0,5.71957e+15,0,1,All,#4682B4,0
8,13,1.5,0,5.71957e+15,0,1,All,#4682B4,0
9,13,1.5,0,5.71957e+15,0,1,All,#4682B4,0
10,13,1.5,0,5.71957e+15,0,1,All,#4682B4,0
1,13,2,0,5.71957e+15,1.39822,1,All,#4682B4,0
2,13,2,0,5.71957e+15,0,1,All,#4682B4,0
3,13,2,0.0806771,37.5942,-1.4986,1,All,#4682B4,0
4,13,2,0.375438,6.07636,-2.10826,1,All,#4682B4,0
5,13,2,0,5.71957e+15,1.08753,1,All,#4682B4,0
6,13,2,0,5.71957e+15,1.21722,1,All,#4682B4,0
7,13,2,0,5.71957e+15,0,1,All,#4682B4,0
8,13,2,0,5.71957e+15,2.5208,1,All,#4682B4,0
9,13,2,0,5.71957e+15,0,1,All,#4682B4,0
10,13,2,0,5.71957e+15,1.41816,1,All,#4682B4,0
1,13,2.5,0.370067,6.20156,-0.730956,1,All,#4682B4,0
2,13,2.5,0.227845,11.6644,0.466564,1,All,#4682B4,0
3,13,2.5,0.9355,0.911851,0.79313,1,All,#4682B4,0
4,13,2.5,1.14637,0.275032,-0.313672,1,All,#4682B4,0
5,13,2.5,0.721763,1.93707,0.085182,1,All,#4682B4,0
6,13,2.5,0.421876,5.12679,-0.844731,1,All,#4682B4,0
7,13,2.5,0.471466,4.31931,-1.42567,1,All,#4682B4,0
8,13,2.5,0.593575,2.90613,0.399831,1,All,#4682B4,0
9,13,2.5,0.342512,6.90563,-0.388339,1,All,#4682B4,0
10,13,2.5,0.452502,4.6072,-0.0599987,1,All,#4682B4,0
1,13,3,1.00779,0.663503,-1.90359,1,All,#4682B4,0
2,13,3,1.07871,0.452241,-0.600562,1,All,#4682B4,0
3,13,3,1.39938,-0.235784,-0.919893,1,All,#4682B4,0
4,13,3,1.57864,-0.498585,-0.808542,1,All,#4682B4,0
5,13,3,1.32258,-0.101384,-0.600833,1,All,#4682B4,0
6,13,3,1.01759,0.632553,-1.73873,1,All,#4682B4,0
7,13,3,1.13625,0.30018,-1.38568,1,All,#4682B4,0
8,13,3,0.994477,0.706536,-1.37153,1,All,#4682B4,0
9,13,3,1.18703,0.178249,-0.240494,1,All,#4682B4,0
10,13,3,0.956657,0.835285,0.283065,1,All,#4682B4,0
1,13,3.5,1.42245,0.354175,0.354175,0,All,#4682B4,0
2,13,3.5,1.6465,-0.0410494,-0.0410494,0,All,#4682B4,0
3,13,3.5,1.66848,-0.0740968,-0.0740968,0,All,#4682B4,0
4,13,3.5,1.82049,-0.280851,-0.280851,0,All,#4682B4,0
5,13,3.5,1.70734,-0.130452,-0.130452,0,All,#4682B4,0
6,13,3.5,1.3593,0.489092,0.489092,0,All,#4682B4,0
7,13,3.5,1.62084,-0.00132188,-0.00132188,0,All,#4682B4,0
8,13,3.5,1.23706,0.789421,0.789421,0,All,#4682B4,0
9,13,3.5,1.7065,-0.129261,-0.129261,0,All,#4682B4,0
10,13,3.5,1.26531,0.71486,0.71486,0,All,#4682B4,0
1,13,4,1.66884,0.674153,0.674153,0,All,#4682B4,0
2,13,4,2.01279,0.123165,0.123165,0,All,#4682B4,0
3,13,4,1.79984,0.439465,0.439465,0,All,#4682B4,0
4,13,4,1.90334,0.276896,0.276896,0,All,#4682B4,0
5,13,4,1.91527,0.259282,0.259282,0,All,#4682B4,0
6,13,4,1.54021,0.943428,0.943428,0,All,#4682B4,0
7,13,4,1.93495,0.23071,0.23071,0,All,#4682B4,0
8,13,4,1.36499,1.39189,1.39189,0,All,#4682B4,0
9,13,4,1.9958,0.14592,0.14592,0,All,#4682B4,0
10,13,4,1.41929,1.24107,1.24107,0,All,#4682B4,0
1,13,4.5,1.74842,-0.697806,-0.962807,1,All,#4682B4,0
2,13,4.5,2.17513,-1.0612,-1.85982,1,All,#4682B4,0
3,13,4.5,1.80689,-0.757747,-1.8818,1,All,#4682B4,0
4,13,4.5,1.84556,-0.795309,-1.67465,1,All,#4682B4,0
5,13,4.5,1.94448,-0.884578,-1.43457,1,All,#4682B4,0
6,13,4.5,1.58296,-0.504189,-1.10988,1,All,#4682B4,0
7,13,4.5,2.03259,-0.956778,-1.41574,1,All,#4682B4,0
8,13,4.5,1.39296,-0.225113,-1.9259,1,All,#4682B4,0
9,13,4.5,2.05404,-0.97342,-1.08319,1,All,#4682B4,0
10,13,4.5,1.42374,-0.27537,-1.35707,1,All,#4682B4,0
1,13,5,1.67163,0.500956,0.500956,0,All,#4682B4,0
2,13,5,2.12834,-0.153776,-0.153776,0,All,#4682B4,0
3,13,5,1.7053,0.44071,0.44071,0,All,#4682B4,0
4,13,5,1.69362,0.461327,0.461327,0,All,#4682B4,0
5,13,5,1.81776,0.255664,0.255664,0,All,#4682B4,0
6,13,5,1.49674,0.857474,0.857474,0,All,#4682B4,0
7,13,5,1.92145,0.104255,0.104255,0,All,#4682B4,0
8,13,5,1.34283,1.24804,1.24804,0,All,#4682B4,0
9,13,5,1.92024,0.105928,0.105928,0,All,#4682B4,0
10,13,5,1.30137,1.36905,1.36905,0,All,#4682B4,0
1,13,5.5,1.49863,-0.389051,-0.631171,1,All,#4682B4,0
2,13,5.5,1.93242,-0.874185,-1.26903,1,All,#4682B4,0
3,13,5.5,1.5219,-0.422103,-0.846705,1,All,#4682B4,0
4,13,5.5,1.50053,-0.391785,-0.406783,1,All,#4682B4,0
5,13,5.5,1.59867,-0.524289,-0.954949,1,All,#4682B4,0
6,13,5.5,1.32945,-0.114038,-0.129466,1,All,#4682B4,0
7,13,5.5,1.6885,-0.63207,-0.991737,1,All,#4682B4,0
8,13,5.5,1.24785,0.0452569,-0.367638,1,All,#4682B4,0
9,13,5.5,1.69439,-0.638738,-0.688868,1,All,#4682B4,0
10,13,5.5,1.10276,0.386744,-0.895818,1,All,#4682B4,0
1,13,6,1.286,-0.0317282,-0.911492,1,All,#4682B4,0
2,13,6,1.67471,-0.616281,-1.2952,1,All,#4682B4,0
3,13,6,1.30012,-0.0590883,-1.60461,1,All,#4682B4,0
4,13,6,1.30228,-0.0632195,-1.29123,1,All,#4682B4,0
5,13,6,1.353,-0.156449,-0.83793,1,All,#4682B4,0
6,13,6,1.12954,0.31713,-2.20367,1,All,#4682B4,0
7,13,6,1.42435,-0.276357,-0.993717,1,All,#4682B4,0
8,13,6,1.1369,0.298551,0.0901806,1,All,#4682B4,0
9,13,6,1.4556,-0.325173,-0.685307,1,All,#4682B4,0
10,13,6,0.879432,1.13257,1.06074,1,All,#4682B4,0
1,13,6.5,1.08112,0.445539,0.308409,1,All,#4682B4,0
2,13,6.5,1.41804,-0.266228,-0.724178,1,All,#4682B4,0
3,13,6.5,1.0818,0.44366,-1.02636,1,All,#4682B4,0
4,13,6.5,1.11908,0.343928,-0.173521,1,All,#4682B4,0
5,13,6.5,1.12713,0.323252,0.0370572,1,All,#4682B4,0
6,13,6.5,0.933975,0.917502,0.55697,1,All,#4682B4,0
7,13,6.5,1.1775,0.200345,-0.183247,1,All,#4682B4,0
8,13,6.5,1.0272,0.602783,-1.27363,1,All,#4682B4,0
9,13,6.5,1.23991,0.0618949,-2.15505,1,All,#4682B4,0
10,13,6.5,0.67199,2.26943,1.57104,1,All,#4682B4,0
1,13,7,0.908152,1.01611,-0.437434,1,All,#4682B4,0
2,13,7,1.19139,0.168274,-0.689898,1,All,#4682B4,0
3,13,7,0.895227,1.0676,-0.767096,1,All,#4682B4,0
4,13,7,0.961977,0.816564,-1.03677,1,All,#4682B4,0
5,13,7,0.941036,0.891483,-0.983795,1,All,#4682B4,0
6,13,7,0.763522,1.69165,-1.33232,1,All,#4682B4,0
7,13,7,0.96447,0.807862,-0.494685,1,All,#4682B4,0
8,13,7,0.927476,0.941804,-0.650481,1,All,#4682B4,0
9,13,7,1.06127,0.501564,-0.603473,1,All,#4682B4,0
10,13,7,0.505578,3.85582,0.709444,1,All,#4682B4,0
1,13,7.5,0.77393,1.6346,-0.826299,1,All,#4682B4,0
2,13,7.5,1.00376,0.676403,0.213295,1,All,#4682B4,0
3,13,7.5,0.753628,1.74734,-1.90324,1,All,#4682B4,0
4,13,7.5,0.836042,1.3237,-1.17792,1,All,#4682B4,0
5,13,7.5,0.800061,1.49792,-1.87536,1,All,#4682B4,0
6,13,7.5,0.627421,2.61179,2.2221,1,All,#4682B4,0
7,13,7.5,0.792662,1.53571,-0.411558,1,All,#4682B4,0
8,13,7.5,0.842159,1.29557,-1.9368,1,All,#4682B4,0
9,13,7.5,0.923729,0.955966,-1.71117,1,All,#4682B4,0
10,13,7.5,0.378615,6.00399,0.31978,1,All,#4682B4,0
1,13,8,0.678122,2.22585,-0.195331,1,All,#4682B4,0
2,13,8,0.857015,1.2289,-0.638194,1,All,#4682B4,0
3,13,8,0.658017,2.37178,0.611756,1,All,#4682B4,0
4,13,8,0.742558,1.8114,-1.3963,1,All,#4682B4,0
5,13,8,0.702756,2.05844,0.198712,1,All,#4682B4,0
6,13,8,0.527926,3.58464,1.04899,1,All,#4682B4,0
7,13,8,0.661332,2.3471,0.238167,1,All,#4682B4,0
8,13,8,0.773358,1.6377,-1.15952,1,All,#4682B4,0
9,13,8,0.826068,1.37048,1.08654,1,All,#4682B4,0
10,13,8,0.289497,8.63726,-0.274191,1,All,#4682B4,0
1,13,8.5,0.617742,2.69268,-0.135584,1,All,#4682B4,0
2,13,8.5,0.75021,1.76692,-0.896421,1,All,#4682B4,0
3,13,8.5,0.603108,2.81988,-0.224113,1,All,#4682B4,0
4,13,8.5,0.680057,2.21226,-0.647831,1,All,#4682B4,0
5,13,8.5,0.64428,2.47672,-0.32111,1,All,#4682B4,0
6,13,8.5,0.463025,4.44455,-1.79146,1,All,#4682B4,0
7,13,8.5,0.569119,3.1406,-0.768585,1,All,#4682B4,0
8,13,8.5,0.721592,1.93813,1.63397,1,All,#4682B4,0
9,13,8.5,0.765257,1.68203,0.144972,1,All,#4682B4,0
10,13,8.5,0.236699,11.1327,-1.10659,1,All,#4682B4,0
1,13,9,0.588327,2.95481,0.952319,1,All,#4682B4,0
2,13,9,0.680402,2.20984,-0.593766,1,All,#4682B4,0
3,13,9,0.581753,3.01701,-0.00411516,1,All,#4682B4,0
4,13,9,0.645308,2.46871,1.17839,1,All,#4682B4,0
5,13,9,0.618982,2.68217,0.819724,1,All,#4682B4,0
6,13,9,0.428381,5.01022,-0.0758476,1,All,#4682B4,0
7,13,9,0.512745,3.76628,-0.825296,1,All,#4682B4,0
8,13,9,0.686354,2.16857,1.65152,1,All,#4682B4,0
9,13,9,0.736693,1.84613,0.824926,1,All,#4682B4,0
10,13,9,0.214598,12.5419,-0.132815,1,All,#4682B4,0
1,13,9.5,0.584885,2.9872,-0.265609,1,All,#4682B4,0
2,13,9.5,0.643912,2.47959,-0.895815,1,All,#4682B4,0
3,13,9.5,0.585931,2.97732,0.437425,1,All,#4682B4,0
4,13,9.5,0.634261,2.55612,0.438174,1,All,#4682B4,0
5,13,9.5,0.620979,2.66535,-0.491901,1,All,#4682B4,0
6,13,9.5,0.419032,5.1789,0.0527755,1,All,#4682B4,0
7,13,9.5,0.488473,4.08014,-0.188442,1,All,#4682B4,0
8,13,9.5,0.666374,2.31005,-1.06574,1,All,#4682B4,0
9,13,9.5,0.735164,1.85527,-0.589641,1,All,#4682B4,0
10,13,9.5,0.217412,12.3466,-0.845813,1,All,#4682B4,0
1,13,10,0.60218,2.82817,0.0834061,1,All,#4682B4,0
2,13,10,0.63642,2.53881,-0.806201,1,All,#4682B4,0
3,13,10,0.608909,2.76872,0.400128,1,All,#4682B4,0
4,13,10,0.642575,2.49006,1.12519,1,All,#4682B4,0
5,13,10,0.644641,2.47391,-1.21397,1,All,#4682B4,0
6,13,10,0.429548,4.98968,0.134856,1,All,#4682B4,0
7,13,10,0.492456,4.02652,0.195949,1,All,#4682B4,0
8,13,10,0.659757,2.3588,-1.5002,1,All,#4682B4,0
9,13,10,0.756018,1.73375,1.04849,1,All,#4682B4,0
10,13,10,0.239615,10.9662,-0.10157,1,All,#4682B4,0
1,13,10.5,0.635573,2.54558,1.048,1,All,#4682B4,0
2,13,10.5,0.6534,2.40655,0.636621,1,All,#4682B4,0
3,13,10.5,0.645521,2.46706,-0.329858,1,All,#4682B4,0
4,13,10.5,0.666168,2.31155,0.115603,1,All,#4682B4,0
5,13,10.5,0.684906,2.17854,1.33809,1,All,#4682B4,0
6,13,10.5,0.454867,4.56999,-1.59082,1,All,#4682B4,0
7,13,10.5,0.52015,3.67635,-1.64522,1,All,#4682B4,0
8,13,10.5,0.664352,2.32484,1.44124,1,All,#4682B4,0
9,13,10.5,0.794039,1.52862,-0.464486,1,All,#4682B4,0
10,13,10.5,0.276362,9.169,-0.671148,1,All,#4682B4,0
1,13,11,0.680886,2.20646,-1.27812,1,All,#4682B4,0
2,13,11,0.690516,2.14012,0.0101497,1,All,#4682B4,0
3,13,11,0.69099,2.13691,0.411317,1,All,#4682B4,0
4,13,11,0.701255,2.0683,-1.00863,1,All,#4682B4,0
5,13,11,0.737157,1.84336,1.04512,1,All,#4682B4,0
6,13,11,0.491304,4.04194,-0.114682,1,All,#4682B4,0
7,13,11,0.567475,3.15709,-0.0859353,1,All,#4682B4,0
8,13,11,0.67781,2.22805,1.63734,1,All,#4682B4,0
9,13,11,0.845333,1.28112,-1.2126,1,All,#4682B4,0
10,13,11,0.32333,7.46661,1.92866,1,All,#4682B4,0
1,13,11.5,0.734188,1.86113,0.143889,1,All,#4682B4,0
2,13,11.5,0.743497,1.8059,0.526051,1,All,#4682B4,0
3,13,11.5,0.741995,1.81472,-0.209852,1,All,#4682B4,0
4,13,11.5,0.744623,1.79931,-2.2704,1,All,#4682B4,0
5,13,11.5,0.797728,1.50976,-1.56556,1,All,#4682B4,0
6,13,11.5,0.535853,3.49388,0.12584,1,All,#4682B4,0
7,13,11.5,0.630444,2.58704,0.424072,1,All,#4682B4,0
8,13,11.5,0.696509,2.09977,0.872114,1,All,#4682B4,0
9,13,11.5,0.905992,1.02461,-1.58893,1,All,#4682B4,0
10,13,11.5,0.376898,6.04294,0.526914,1,All,#4682B4,0
1,13,12,0.782732,1.58755,0.824379,1,All,#4682B4,0
2,13,12,0.795672,1.52025,1.0145,1,All,#4682B4,0
3,13,12,0.794838,1.52452,-0.573813,1,All,#4682B4,0
4,13,12,0.789901,1.54999,0.755765,1,All,#4682B4,0
5,13,12,0.860156,1.2151,-1.01693,1,All,#4682B4,0
6,13,12,0.579048,3.04302,-0.359135,1,All,#4682B4,0
7,13,12,0.704462,2.04728,-0.388733,1,All,#4682B4,0
8,13,12,0.692223,2.12856,0.257327,1,All,#4682B4,0
9,13,12,0.966198,0.801856,-1.13323,1,All,#4682B4,0
10,13,12,0.433708,4.91736,-1.35103,1,All,#4682B4,0
1,13,12.5,0.743662,1.80493,0.801129,1,All,#4682B4,0
2,13,12.5,0.772764,1.64092,-0.419762,1,All,#4682B4,0
3,13,12.5,0.778455,1.61028,0.505156,1,All,#4682B4,0
4,13,12.5,0.75766,1.72447,1.10192,1,All,#4682B4,0
5,13,12.5,0.841744,1.29746,0.265262,1,All,#4682B4,0
6,13,12.5,0.551214,3.32545,0.555368,1,All,#4682B4,0
7,13,12.5,0.716584,1.9695,0.27585,1,All,#4682B4,0
8,13,12.5,0.591591,2.92443,-1.03457,1,All,#4682B4,0
9,13,12.5,0.952685,0.849403,-1.21036,1,All,#4682B4,0
10,13,12.5,0.436495,4.86967,0.0395436,1,All,#4682B4,0
1,13,13,0.600508,2.84314,0.590954,1,All,#4682B4,0
2,13,13,0.667288,2.30339,0.869604,1,All,#4682B4,0
3,13,13,0.644549,2.47463,-0.0892252,1,All,#4682B4,0
4,13,13,0.606343,2.79124,1.23537,1,All,#4682B4,0
5,13,13,0.681391,2.20293,-0.655854,1,All,#4682B4,0
6,13,13,0.43461,4.90187,-0.60827,1,All,#4682B4,0
7,13,13,0.595748,2.88623,1.56459,1,All,#4682B4,0
8,13,13,0.378973,5.9959,0.27032,1,All,#4682B4,0
9,13,13,0.854309,1.24087,0.287887,1,All,#4682B4,0
10,13,13,0.33856,7.01601,-0.713943,1,All,#4682B4,0
1,13,13.5,0.373256,6.1268,-2.20108,1,All,#4682B4,0
2,13,13.5,0.488206,4.08376,-0.72803,1,All,#4682B4,0
3,13,13.5,0.426279,5.04751,0.652316,1,All,#4682B4,0
4,13,13.5,0.354444,6.58731,0.279918,1,All,#4682B4,0
5,13,13.5,0.410575,5.3381,0.266557,1,All,#4682B4,0
6,13,13.5,0.249612,10.4249,0.457004,1,All,#4682B4,0
7,13,13.5,0.356265,6.5406,0.195511,1,All,#4682B4,0
8,13,13.5,0.0841192,35.9515,-0.919391,1,All,#4682B4,0
9,13,13.5,0.683433,2.18873,0.0653738,1,All,#4682B4,0
10,13,13.5,0.155757,18.2433,1.64761,1,All,#4682B4,0
1,13,14,0.0866781,34.8149,0.547169,1,All,#4682B4,0
2,13,14,0.251381,10.3336,-1.20776,1,All,#4682B4,0
3,13,14,0.157892,17.9622,1.54029,1,All,#4682B4,0
4,13,14,0.0433864,72.0984,0.176221,1,All,#4682B4,0
5,13,14,0.0658482,46.6346,-1.05267,1,All,#4682B4,0
6,13,14,0.0168989,189.103,-0.120336,1,All,#4682B4,0
7,13,14,0.0213884,148.874,1.54628,1,All,#4682B4,0
8,13,14,0,5.71957e+15,0,1,All,#4682B4,0
9,13,14,0.458354,4.51583,-0.867384,1,All,#4682B4,0
10,13,14,0,5.71957e+15,1.37908,1,All,#4682B4,0
1,13,14.5,0,5.71957e+15,0,1,All,#4682B4,0
2,13,14.5,0,5.71957e+15,1.50525,1,All,#4682B4,0
3,13,14.5,0,5.71957e+15,0,1,All,#4682B4,0
4,13,14.5,0,5.71957e+15,0,1,All,#4682B4,0
5,13,14.5,0,5.71957e+15,1.09034,1,All,#4682B4,0
6,13,14.5,0,5.71957e+15,0,1,All,#4682B4,0
7,13,14.5,0,5.71957e+15,0,1,All,#4682B4,0
8,13,14.5,0,5.71957e+15,1.60551,1,All,#4682B4,0
9,13,14.5,0.197618,13.8387,0.685855,1,All,#4682B4,0
10,13,14.5,0,5.71957e+15,1.51474,1,All,#4682B4,0
1,13,15,0,5.71957e+15,0,1,All,#4682B4,0
2,13,15,0,5.71957e+15,0,1,All,#4682B4,0
3,13,15,0,5.71957e+15,0,1,All,#4682B4,0
4,13,15,0,5.71957e+15,0,1,All,#4682B4,0
5,13,15,0,5.71957e+15,1.50957,1,All,#4682B4,0
6,13,15,0,5.71957e+15,0,1,All,#4682B4,0
7,13,15,0,5.71957e+15,1.31226,1,All,#4682B4,0
8,13,15,0,5.71957e+15,0,1,All,#4682B4,0
9,13,15,0,5.71957e+15,2.11447,1,All,#4682B4,0
10,13,15,0,5.71957e+15,0,1,All,#4682B4,0
1,13,15.5,0,5.71957e+15,0,1,All,#4682B4,0
2,13,15.5,0,5.71957e+15,1.36416,1,All,#4682B4,0
3,13,15.5,0,5.71957e+15,1.48539,1,All,#4682B4,0
4,13,15.5,0,5.71957e+15,0,1,All,#4682B4,0
5,13,15.5,0,5.71957e+15,0,1,All,#4682B4,0
6,13,15.5,0,5.71957e+15,0,1,All,#4682B4,0
7,13,15.5,0,5.71957e+15,2.13275,1,All,#4682B4,0
8,13,15.5,0,5.71957e+15,1.29532,1,All,#4682B4,0
9,13,15.5,0,5.71957e+15,0,1,All,#4682B4,0
10,13,15.5,0,5.71957e+15,0,1,All,#4682B4,0
1,13,16,0,5.71957e+15,0,1,All,#4682B4,0
2,13,16,0,5.71957e+15,0,1,All,#4682B4,0
3,13,16,0,5.71957e+15,0,1,All,#4682B4,0
4,13,16,0,5.71957e+15,0,1,All,#4682B4,0
5,13,16,0,5.71957e+15,1.4479,1,All,#4682B4,0
6,13,16,0,5.71957e+15,1.63668,1,All,#4682B4,0
7,13,16,0,5.71957e+15,0,1,All,#4682B4,0
8,13,16,0,5.71957e+15,0,1,All,#4682B4,0
9,13,16,0,5.71957e+15,0,1,All,#4682B4,0
10,13,16,0,5.71957e+15,0,1,All,#4682B4,0
1,13,16.5,0,5.71957e+15,0,1,All,#4682B4,0
2,13,16.5,0,5.71957e+15,0,1,All,#4682B4,0
3,13,16.5,0,5.71957e+15,0,1,All,#4682B4,0
4,13,16.5,0,5.71957e+15,0,1,All,#4682B4,0
5,13,16.5,0,5.71957e+15,0,1,All,#4682B4,0
6,13,16.5,0,5.71957e+15,2.03228,1,All,#4682B4,0
7,13,16.5,0,5.71957e+15,0,1,All,#4682B4,0
8,13,16.5,0,5.71957e+15,0,1,All,#4682B4,0
9,13,16.5,0,5.71957e+15,0,1,All,#4682B4,0
10,13,16.5,0,5.71957e+15,1.20717,1,All,#4682B4,0
1,13,17,0,5.71957e+15,0,1,All,#4682B4,0
2,13,17,0,5.71957e+15,0,1,All,#4682B4,0
3,13,17,0,5.71957e+15,0,1,All,#4682B4,0
4,13,17,0,5.71957e+15,1.61702,1,All,#4682B4,0
5,13,17,0,5.71957e+15,1.03449,1,All,#4682B4,0
6,13,17,0,5.71957e+15,1.40354,1,All,#4682B4,0
7,13,17,0,5.71957e+15,1.39579,1,All,#4682B4,0
8,13,17,0,5.71957e+15,1.49078,1,All,#4682B4,0
9,13,17,0,5.71957e+15,0,1,All,#4682B4,0
10,13,17,0,5.71957e+15,0,1,All,#4682B4,0
1,13,17.5,0,5.71957e+15,0,1,All,#4682B4,0
2,13,17.5,0,5.71957e+15,1.84864,1,All,#4682B4,0
3,13,17.5,0,5.71957e+15,0,1,All,#4682B4,0
4,13,17.5,0,5.71957e+15,0,1,All,#4682B4,0
5,13,17.5,0,5.71957e+15,0,1,All,#4682B4,0
6,13,17.5,0,5.71957e+15,0,1,All,#4682B4,0
7,13,17.5,0,5.71957e+15,0,1,All,#4682B4,0
8,13,17.5,0,5.71957e+15,0,1,All,#4682B4,0
9,13,17.5,0,5.71957e+15,1.44754,1,All,#4682B4,0
10,13,17.5,0,5.71957e+15,0,1,All,#4682B4,0
1,13,18,0,5.71957e+15,1.4691,1,All,#4682B4,0
2,13,18,0,5.71957e+15,0,1,All,#4682B4,0
3,13,18,0,5.71957e+15,1.89382,1,All,#4682B4,0
4,13,18,0,5.71957e+15,0,1,All,#4682B4,0
5,13,18,0,5.71957e+15,0,1,All,#4682B4,0
6,13,18,0,5.71957e+15,0,1,All,#4682B4,0
7,13,18,0,5.71957e+15,0,1,All,#4682B4,0
8,13,18,0,5.71957e+15,0,1,All,#4682B4,0
9,13,18,0,5.71957e+15,1.29694,1,All,#4682B4,0
10,13,18,0,5.71957e+15,0,1,All,#4682B4,0
1,13,18.5,0,5.71957e+15,0,1,All,#4682B4,0
2,13,18.5,0,5.71957e+15,0,1,All,#4682B4,0
3,13,18.5,0,5.71957e+15,0,1,All,#4682B4,0
4,13,18.5,0,5.71957e+15,0,1,All,#4682B4,0
5,13,18.5,0,5.71957e+15,1.70615,1,All,#4682B4,0
6,13,18.5,0,5.71957e+15,0,1,All,#4682B4,0
7,13,18.5,0,5.71957e+15,1.09644,1,All,#4682B4,0
8,13,18.5,0,5.71957e+15,1.06395,1,All,#4682B4,0
9,13,18.5,0,5.71957e+15,0,1,All,#4682B4,0
10,13,18.5,0,5.71957e+15,1.34836,1,All,#4682B4,0
1,14,1,0,5.71957e+15,1.78027,1,All,#4682B4,0
2,14,1,0,5.71957e+15,0,1,All,#4682B4,0
3,14,1,0,5.71957e+15,0,1,All,#4682B4,0
4,14,1,0,5.71957e+15,1.34762,1,All,#4682B4,0
5,14,1,0,5.71957e+15,0,1,All,#4682B4,0
6,14,1,0,5.71957e+15,0,1,All,#4682B4,0
7,14,1,0,5.71957e+15,0,1,All,#4682B4,0
8,14,1,0,5.71957e+15,1.0969,1,All,#4682B4,0
9,14,1,0,5.71957e+15,0,1,All,#4682B4,0
10,14,1,0,5.71957e+15,0,1,All,#4682B4,0
1,14,1.5,0,5.71957e+15,0,1,All,#4682B4,0
2,14,1.5,0,5.71957e+15,0,1,All,#4682B4,0
3,14,1.5,0,5.71957e+15,0,1,All,#4682B4,0
4,14,1.5,0,5.71957e+15,0,1,All,#4682B4,0
5,14,1.5,0,5.71957e+15,2.53098,1,All,#4682B4,0
6,14,1.5,0,5.71957e+15,0,1,All,#4682B4,0
7,14,1.5,0,5.71957e+15,1.64014,1,All,#4682B4,0
8,14,1.5,0,5.71957e+15,0,1,All,#4682B4,0
9,14,1.5,0,5.71957e+15,0,1,All,#4682B4,0
10,14,1.5,0,5.71957e+15,0,1,All,#4682B4,0
1,14,2,0.970064,0.788498,-0.470452,1,All,#4682B4,0
2,14,2,1.06191,0.499721,0.204256,1,All,#4682B4,0
3,14,2,1.25589,0.0286499,-0.457247,1,All,#4682B4,0
4,14,2,0.80861,1.45513,0.958597,1,All,#4682B4,0
5,14,2,1.68235,-0.625056,-0.640469,1,All,#4682B4,0
6,14,2,0.873964,1.15561,-0.194638,1,All,#4682B4,0
7,14,2,1.21408,0.117453,-2.07897,1,All,#4682B4,0
8,14,2,1.63927,-0.574468,-0.754591,1,All,#4682B4,0
9,14,2,1.41254,-0.257344,-1.8021,1,All,#4682B4,0
10,14,2,0.444053,4.74339,0.164292,1,All,#4682B4,0
1,14,2.5,2.44155,0.802638,0.802638,0,All,#4682B4,0
2,14,2.5,2.26832,1.05869,1.05869,0,All,#4682B4,0
3,14,2.5,2.47861,0.752508,0.752508,0,All,#4682B4,0
4,14,2.5,2.14196,1.27159,1.27159,0,All,#4682B4,0
5,14,2.5,3.05571,0.128766,0.128766,0,All,#4682B4,0
6,14,2.5,2.51996,0.69832,0.69832,0,All,#4682B4,0
7,14,2.5,2.56152,0.645612,0.645612,0,All,#4682B4,0
8,14,2.5,2.59293,0.606891,0.606891,0,All,#4682B4,0
9,14,2.5,3.02096,0.159577,0.159577,0,All,#4682B4,0
10,14,2.5,2.23384,1.1144,1.1144,0,All,#4682B4,0
1,14,3,3.20454,0.545488,0.545488,0,All,#4682B4,0
2,14,3,2.81815,0.969935,0.969935,0,All,#4682B4,0
3,14,3,2.95126,0.811161,0.811161,0,All,#4682B4,0
4,14,3,2.76894,1.03249,1.03249,0,All,#4682B4,0
5,14,3,3.9472,-0.0369543,-0.0369543,0,All,#4682B4,0
6,14,3,3.22222,0.52851,0.52851,0,All,#4682B4,0
7,14,3,3.35021,0.41089,0.41089,0,All,#4682B4,0
8,14,3,2.92777,0.838139,0.838139,0,All,#4682B4,0
9,14,3,3.71146,0.122675,0.122675,0,All,#4682B4,0
10,14,3,3.45454,0.321462,0.321462,0,All,#4682B4,0
1,14,3.5,3.58147,0.931736,0.931736,0,All,#4682B4,0
2,14,3.5,3.10401,1.46733,1.46733,0,All,#4682B4,0
3,14,3.5,3.16534,1.38949,1.38949,0,All,#4682B4,0
4,14,3.5,3.11022,1.4593,1.4593,0,All,#4682B4,0
5,14,3.5,4.43324,0.262745,0.262745,0,All,#4682B4,0
6,14,3.5,3.54688,0.965694,0.965694,0,All,#4682B4,0
7,14,3.5,3.73885,0.785171,0.785171,0,All,#4682B4,0
8,14,3.5,3.05493,1.53187,1.53187,0,All,#4682B4,0
9,14,3.5,3.79628,0.734713,0.734713,0,All,#4682B4,0
10,14,3.5,4.10962,0.484254,0.484254,0,All,#4682B4,0
1,14,4,3.61325,0.51293,0.51293,0,All,#4682B4,0
2,14,4,3.19458,0.914367,0.914367,0,All,#4682B4,0
3,14,4,3.20557,0.90249,0.90249,0,All,#4682B4,0
4,14,4,3.25301,0.852145,0.852145,0,All,#4682B4,0
5,14,4,4.46098,-0.0691624,-0.0691624,0,All,#4682B4,0
6,14,4,3.58493,0.537127,0.537127,0,All,#4682B4,0
7,14,4,3.73247,0.415088,0.415088,0,All,#4682B4,0
8,14,4,3.04269,1.08732,1.08732,0,All,#4682B4,0
9,14,4,3.60425,0.520583,0.520583,0,All,#4682B4,0
10,14,4,4.06606,0.17181,0.17181,0,All,#4682B4,0
1,14,4.5,3.41999,0.529437,0.529437,0,All,#4682B4,0
2,14,4.5,3.11289,0.833254,0.833254,0,All,#4682B4,0
3,14,4.5,3.1071,0.839551,0.839551,0,All,#4682B4,0
4,14,4.5,3.21644,0.724321,0.724321,0,All,#4682B4,0
5,14,4.5,4.19252,-0.0380271,-0.0380271,0,All,#4682B4,0
6,14,4.5,3.40608,0.542008,0.542008,0,All,#4682B4,0
7,14,4.5,3.51046,0.450071,0.450071,0,All,#4682B4,0
8,14,4.5,2.93113,1.04306,1.04306,0,All,#4682B4,0
9,14,4.5,3.34327,0.6001,0.6001,0,All,#4682B4,0
10,14,4.5,3.71137,0.287653,0.287653,0,All,#4682B4,0
1,14,5,3.14073,-0.154865,-0.154865,0,All,#4682B4,0
2,14,5,2.90774,0.0370629,0.0370629,0,All,#4682B4,0
3,14,5,2.91632,0.0294503,0.0294503,0,All,#4682B4,0
4,14,5,3.0461,-0.0804514,-0.0804514,0,All,#4682B4,0
5,14,5,3.81554,-0.5785,-0.5785,0,All,#4682B4,0
6,14,5,3.11666,-0.136368,-0.136368,0,All,#4682B4,0
7,14,5,3.22168,-0.21505,-0.21505,0,All,#4682B4,0
8,14,5,2.76323,0.172373,0.172373,0,All,#4682B4,0
9,14,5,3.06423,-0.0950652,-0.0950652,0,All,#4682B4,0
10,14,5,3.28159,-0.257685,-0.257685,0,All,#4682B4,0
1,14,5.5,2.83603,0.300312,0.300312,0,All,#4682B4,0
2,14,5.5,2.63482,0.517986,0.517986,0,All,#4682B4,0
3,14,5.5,2.67662,0.470071,0.470071,0,All,#4682B4,0
4,14,5.5,2.80346,0.333424,0.333424,0,All,#4682B4,0
5,14,5.5,3.40844,-0.178403,-0.178403,0,All,#4682B4,0
6,14,5.5,2.78215,0.35551,0.35551,0,All,#4682B4,0
7,14,5.5,2.91586,0.222273,0.222273,0,All,#4682B4,0
8,14,5.5,2.56939,0.596125,0.596125,0,All,#4682B4,0
9,14,5.5,2.78176,0.355916,0.355916,0,All,#4682B4,0
10,14,5.5,2.84728,0.28905,0.28905,0,All,#4682B4,0
1,14,6,2.52712,1.1533,1.1533,0,All,#4682B4,0
2,14,6,2.33138,1.46424,1.46424,0,All,#4682B4,0
3,14,6,2.41466,1.3258,1.3258,0,All,#4682B4,0
4,14,6,2.53002,1.14906,1.14906,0,All,#4682B4,0
5,14,6,3.00175,0.567722,0.567722,0,All,#4682B4,0
6,14,6,2.4324,1.29752,1.29752,0,All,#4682B4,0
7,14,6,2.60937,1.03657,1.03657,0,All,#4682B4,0
8,14,6,2.36499,1.40719,1.40719,0,All,#4682B4,0
9,14,6,2.50196,1.19055,1.19055,0,All,#4682B4,0
10,14,6,2.43512,1.29323,1.29323,0,All,#4682B4,0
1,14,6.5,2.2237,-1.09372,-1.60156,1,All,#4682B4,0
2,14,6.5,2.01994,-0.946807,-1.13015,1,All,#4682B4,0
3,14,6.5,2.14451,-1.03994,-1.32897,1,All,#4682B4,0
4,14,6.5,2.24769,-1.10927,-2.52758,1,All,#4682B4,0
5,14,6.5,2.61113,-1.30983,-1.41382,1,All,#4682B4,0
6,14,6.5,2.0836,-0.995787,-1.7957,1,All,#4682B4,0
7,14,6.5,2.30988,-1.14806,-1.49708,1,All,#4682B4,0
8,14,6.5,2.15722,-1.04884,-1.49086,1,All,#4682B4,0
9,14,6.5,2.22888,-1.09711,-1.1242,1,All,#4682B4,0
10,14,6.5,2.05677,-0.975517,-1.22033,1,All,#4682B4,0
1,14,7,1.9329,0.471142,0.471142,0,All,#4682B4,0
2,14,7,1.71628,0.852477,0.852477,0,All,#4682B4,0
3,14,7,1.87504,0.564378,0.564378,0,All,#4682B4,0
4,14,7,1.96922,0.415415,0.415415,0,All,#4682B4,0
5,14,7,2.24643,0.0494616,0.0494616,0,All,#4682B4,0
6,14,7,1.7484,0.789963,0.789963,0,All,#4682B4,0
7,14,7,2.02257,0.337189,0.337189,0,All,#4682B4,0
8,14,7,1.94989,0.444812,0.444812,0,All,#4682B4,0
9,14,7,1.96653,0.419467,0.419467,0,All,#4682B4,0
10,14,7,1.7175,0.850059,0.850059,0,All,#4682B4,0
1,14,7.5,1.66073,0.674537,0.674537,0,All,#4682B4,0
2,14,7.5,1.43476,1.18242,1.18242,0,All,#4682B4,0
3,14,7.5,1.61431,0.767265,0.767265,0,All,#4682B4,0
4,14,7.5,1.704,0.592657,0.592657,0,All,#4682B4,0
5,14,7.5,1.9141,0.247679,0.247679,0,All,#4682B4,0
6,14,7.5,1.4393,1.17063,1.17063,0,All,#4682B4,0
7,14,7.5,1.75225,0.506106,0.506106,0,All,#4682B4,0
8,14,7.5,1.74607,0.51692,0.51692,0,All,#4682B4,0
9,14,7.5,1.71932,0.564646,0.564646,0,All,#4682B4,0
10,14,7.5,1.42005,1.22109,1.22109,0,All,#4682B4,0
1,14,8,1.41253,-0.257322,-0.314098,1,All,#4682B4,0
2,14,8,1.18792,0.176199,-0.370461,1,All,#4682B4,0
3,14,8,1.37176,-0.189183,-0.858471,1,All,#4682B4,0
4,14,8,1.46041,-0.332489,-0.590652,1,All,#4682B4,0
5,14,8,1.61776,-0.548199,-1.1829,1,All,#4682B4,0
6,14,8,1.16795,0.222831,-0.144671,1,All,#4682B4,0
7,14,8,1.50358,-0.396174,-0.907006,1,All,#4682B4,0
8,14,8,1.54981,-0.460422,-0.52509,1,All,#4682B4,0
9,14,8,1.49278,-0.380592,-0.651944,1,All,#4682B4,0
10,14,8,1.16555,0.228542,0.159298,1,All,#4682B4,0
1,14,8.5,1.19463,0.160898,0.0388892,1,All,#4682B4,0
2,14,8.5,0.985854,0.735022,0.481573,1,All,#4682B4,0
3,14,8.5,1.15832,0.24587,0.233721,1,All,#4682B4,0
4,14,8.5,1.24605,0.0490189,-0.353807,1,All,#4682B4,0
5,14,8.5,1.36269,-0.173456,-1.71297,1,All,#4682B4,0
6,14,8.5,0.94315,0.883768,-0.440203,1,All,#4682B4,0
7,14,8.5,1.28114,-0.0221752,-0.0436634,1,All,#4682B4,0
8,14,8.5,1.36695,-0.180865,-0.43534,1,All,#4682B4,0
9,14,8.5,1.29127,-0.0420138,-1.29593,1,All,#4682B4,0
10,14,8.5,0.954716,0.842167,-0.609042,1,All,#4682B4,0
1,14,9,1.0114,0.65206,-0.645879,1,All,#4682B4,0
2,14,9,0.832802,1.33878,0.564784,1,All,#4682B4,0
3,14,9,0.983233,0.74378,-0.0440771,1,All,#4682B4,0
4,14,9,1.06701,0.485142,0.401879,1,All,#4682B4,0
5,14,9,1.14844,0.269932,0.0123571,1,All,#4682B4,0
6,14,9,0.769252,1.66005,-1.77587,1,All,#4682B4,0
7,14,9,1.08834,0.425671,0.333531,1,All,#4682B4,0
8,14,9,1.20519,0.137132,-2.53,1,All,#4682B4,0
9,14,9,1.11928,0.343406,-0.398312,1,All,#4682B4,0
10,14,9,0.783408,1.58398,-0.105002,1,All,#4682B4,0
1,14,9.5,0.864858,1.19463,0.944994,1,All,#4682B4,0
2,14,9.5,0.726676,1.90673,0.989768,1,All,#4682B4,0
3,14,9.5,0.851702,1.25248,-0.71313,1,All,#4682B4,0
4,14,9.5,0.926574,0.945202,-0.608715,1,All,#4682B4,0
5,14,9.5,0.976404,0.766817,-1.59686,1,All,#4682B4,0
6,14,9.5,0.645286,2.46888,0.28118,1,All,#4682B4,0
7,14,9.5,0.9279,0.940208,-0.0739872,1,All,#4682B4,0
8,14,9.5,1.07267,0.469125,-0.745889,1,All,#4682B4,0
9,14,9.5,0.979989,0.754682,-0.104838,1,All,#4682B4,0
10,14,9.5,0.652473,2.41359,-0.694931,1,All,#4682B4,0
1,14,10,0.755107,1.73892,-0.847785,1,All,#4682B4,0
2,14,10,0.662791,2.33633,-0.9357,1,All,#4682B4,0
3,14,10,0.763002,1.69454,-0.106707,1,All,#4682B4,0
4,14,10,0.824905,1.37601,0.143547,1,All,#4682B4,0
5,14,10,0.845387,1.28088,-0.261174,1,All,#4682B4,0
6,14,10,0.566551,3.1664,-0.496458,1,All,#4682B4,0
7,14,10,0.800357,1.49643,0.129155,1,All,#4682B4,0
8,14,10,0.974459,0.773438,0.575688,1,All,#4682B4,0
9,14,10,0.874776,1.15218,-0.00320077,1,All,#4682B4,0
10,14,10,0.562368,3.20891,0.456998,1,All,#4682B4,0
1,14,10.5,0.680678,2.20792,-1.35957,1,All,#4682B4,0
2,14,10.5,0.632336,2.57167,0.307116,1,All,#4682B4,0
3,14,10.5,0.711986,1.99869,-1.861,1,All,#4682B4,0
4,14,10.5,0.759065,1.71655,-1.20046,1,All,#4682B4,0
5,14,10.5,0.753849,1.74608,0.580239,1,All,#4682B4,0
6,14,10.5,0.526147,3.60538,-0.874034,1,All,#4682B4,0
7,14,10.5,0.706621,2.03323,0.140019,1,All,#4682B4,0
8,14,10.5,0.910501,1.0069,0.563404,1,All,#4682B4,0
9,14,10.5,0.802834,1.48394,1.17552,1,All,#4682B4,0
10,14,10.5,0.511409,3.78278,0.0798014,1,All,#4682B4,0
1,14,11,0.638524,2.52204,-2.3785,1,All,#4682B4,0
2,14,11,0.608217,2.77478,0.820874,1,All,#4682B4,0
3,14,11,0.690223,2.14212,1.04189,1,All,#4682B4,0
4,14,11,0.717157,1.96589,0.609217,1,All,#4682B4,0
5,14,11,0.697526,2.09299,1.14709,1,All,#4682B4,0
6,14,11,0.516832,3.71633,0.663672,1,All,#4682B4,0
7,14,11,0.646277,2.46119,0.201146,1,All,#4682B4,0
8,14,11,0.876331,1.1456,0.356926,1,All,#4682B4,0
9,14,11,0.761607,1.70231,-0.694504,1,All,#4682B4,0
10,14,11,0.494395,4.00072,0.314033,1,All,#4682B4,0
1,14,11.5,0.616867,2.70011,1.73287,1,All,#4682B4,0
2,14,11.5,0.579613,3.03757,0.536117,1,All,#4682B4,0
3,14,11.5,0.672272,2.26741,-1.16587,1,All,#4682B4,0
4,14,11.5,0.655964,2.38718,-0.875639,1,All,#4682B4,0
5,14,11.5,0.673772,2.25668,-0.858725,1,All,#4682B4,0
6,14,11.5,0.52451,3.6246,-0.473327,1,All,#4682B4,0
7,14,11.5,0.614127,2.72353,-0.75488,1,All,#4682B4,0
8,14,11.5,0.863539,1.20035,0.508929,1,All,#4682B4,0
9,14,11.5,0.748596,1.77623,0.17444,1,All,#4682B4,0
10,14,11.5,0.508307,3.82142,-0.292771,1,All,#4682B4,0
1,14,12,0.567,3.16186,-1.08259,1,All,#4682B4,0
2,14,12,0.548835,3.35092,-0.698932,1,All,#4682B4,0
3,14,12,0.649906,2.43321,1.48102,1,All,#4682B4,0
4,14,12,0.579933,3.03448,1.08189,1,All,#4682B4,0
5,14,12,0.64111,2.50157,-0.855151,1,All,#4682B4,0
6,14,12,0.519924,3.67906,1.90402,1,All,#4682B4,0
7,14,12,0.575849,3.07409,0.117766,1,All,#4682B4,0
8,14,12,0.838004,1.31463,0.0244788,1,All,#4682B4,0
9,14,12,0.749684,1.76995,1.04799,1,All,#4682B4,0
10,14,12,0.521031,3.66583,1.44893,1,All,#4682B4,0
1,14,12.5,0.485567,4.11982,-1.63619,1,All,#4682B4,0
2,14,12.5,0.516064,3.72565,-1.66909,1,All,#4682B4,0
3,14,12.5,0.625701,2.62599,-0.14544,1,All,#4682B4,0
4,14,12.5,0.489532,4.06579,1.39921,1,All,#4682B4,0
5,14,12.5,0.56206,3.21207,-0.871099,1,All,#4682B4,0
6,14,12.5,0.504472,3.86986,-1.40997,1,All,#4682B4,0
7,14,12.5,0.508354,3.82083,0.665361,1,All,#4682B4,0
8,14,12.5,0.789769,1.55068,0.0377544,1,All,#4682B4,0
9,14,12.5,0.710927,2.00546,-0.379602,1,All,#4682B4,0
10,14,12.5,0.481446,4.17691,-0.800043,1,All,#4682B4,0
1,14,13,0.376252,6.0577,0.319991,1,All,#4682B4,0
2,14,13,0.481508,4.17605,-0.942714,1,All,#4682B4,0
3,14,13,0.599618,2.85114,-1.47901,1,All,#4682B4,0
4,14,13,0.389327,5.76861,0.304886,1,All,#4682B4,0
5,14,13,0.441198,4.79058,-0.947878,1,All,#4682B4,0
6,14,13,0.480203,4.19433,0.890777,1,All,#4682B4,0
7,14,13,0.414157,5.26988,0.696589,1,All,#4682B4,0
8,14,13,0.725162,1.91604,-0.931429,1,All,#4682B4,0
9,14,13,0.628093,2.60628,-0.251088,1,All,#4682B4,0
10,14,13,0.393647,5.67733,0.599217,1,All,#4682B4,0
1,14,13.5,0.243905,10.7285,0.408023,1,All,#4682B4,0
2,14,13.5,0.445495,4.71978,-0.0509637,1,All,#4682B4,0
3,14,13.5,0.571952,3.11241,0.895522,1,All,#4682B4,0
4,14,13.5,0.282273,8.92358,-0.559833,1,All,#4682B4,0
5,14,13.5,0.281756,8.94462,-1.8464,1,All,#4682B4,0
6,14,13.5,0.449314,4.65798,-0.167272,1,All,#4682B4,0
7,14,13.5,0.295428,8.41267,-1.52399,1,All,#4682B4,0
8,14,13.5,0.650875,2.42578,1.2899,1,All,#4682B4,0
9,14,13.5,0.505229,3.86024,0.185649,1,All,#4682B4,0
10,14,13.5,0.257384,10.0331,-0.0892178,1,All,#4682B4,0
1,14,14,0.0948169,31.6076,1.50512,1,All,#4682B4,0
2,14,14,0.408145,5.38506,-1.21844,1,All,#4682B4,0
3,14,14,0.543125,3.41296,1.68594,1,All,#4682B4,0
4,14,14,0.173141,16.1555,0.794122,1,All,#4682B4,0
5,14,14,0.0898464,33.4973,-0.397434,1,All,#4682B4,0
6,14,14,0.410836,5.3331,-0.318994,1,All,#4682B4,0
7,14,14,0.15797,17.952,-2.01496,1,All,#4682B4,0
8,14,14,0.571387,3.11801,-0.337807,1,All,#4682B4,0
9,14,14,0.350216,6.69764,-1.20574,1,All,#4682B4,0
10,14,14,0.0822587,36.8223,0.272046,1,All,#4682B4,0
1,14,14.5,0,5.71957e+15,2.05001,1,All,#4682B4,0
2,14,14.5,0.369295,6.21986,0.73657,1,All,#4682B4,0
3,14,14.5,0.512851,3.76497,-1.21372,1,All,#4682B4,0
4,14,14.5,0.0616823,49.9565,0.230011,1,All,#4682B4,0
5,14,14.5,0,5.71957e+15,0,1,All,#4682B4,0
6,14,14.5,0.369087,6.22481,0.36796,1,All,#4682B4,0
7,14,14.5,0.00325018,993.929,1.32079,1,All,#4682B4,0
8,14,14.5,0.490057,4.05871,1.98535,1,All,#4682B4,0
9,14,14.5,0.170742,16.4184,0.0976618,1,All,#4682B4,0
10,14,14.5,0,5.71957e+15,0,1,All,#4682B4,0
1,14,15,0,5.71957e+15,0,1,All,#4682B4,0
2,14,15,0.329264,7.28609,1.48282,1,All,#4682B4,0
3,14,15,0.481068,4.18219,-0.714773,1,All,#4682B4,0
4,14,15,0,5.71957e+15,0,1,All,#4682B4,0
5,14,15,0,5.71957e+15,0,1,All,#4682B4,0
6,14,15,0.323225,7.46989,-0.153056,1,All,#4682B4,0
7,14,15,0,5.71957e+15,1.10742,1,All,#4682B4,0
8,14,15,0.410844,5.33294,-0.923707,1,All,#4682B4,0
9,14,15,0,5.71957e+15,0,1,All,#4682B4,0
10,14,15,0,5.71957e+15,1.41566,1,All,#4682B4,0
1,14,15.5,0,5.71957e+15,0,1,All,#4682B4,0
2,14,15.5,0.288158,8.68925,-2.01204,1,All,#4682B4,0
3,14,15.5,0.448871,4.6651,0.904832,1,All,#4682B4,0
4,14,15.5,0,5.71957e+15,0,1,All,#4682B4,0
5,14,15.5,0,5.71957e+15,0,1,All,#4682B4,0
6,14,15.5,0.274656,9.24176,-1.85919,1,All,#4682B4,0
7,14,15.5,0,5.71957e+15,1.19658,1,All,#4682B4,0
8,14,15.5,0.330938,7.23635,0.341801,1,All,#4682B4,0
9,14,15.5,0,5.71957e+15,0,1,All,#4682B4,0
10,14,15.5,0,5.71957e+15,1.95582,1,All,#4682B4,0
1,14,16,0,5.71957e+15,0,1,All,#4682B4,0
2,14,16,0.245347,10.6504,0.495277,1,All,#4682B4,0
3,14,16,0.415736,5.24018,-0.814253,1,All,#4682B4,0
4,14,16,0,5.71957e+15,0,1,All,#4682B4,0
5,14,16,0,5.71957e+15,2.08201,1,All,#4682B4,0
6,14,16,0.222983,11.9744,0.371626,1,All,#4682B4,0
7,14,16,0,5.71957e+15,0,1,All,#4682B4,0
8,14,16,0.252089,10.2974,0.62546,1,All,#4682B4,0
9,14,16,0,5.71957e+15,1.22691,1,All,#4682B4,0
10,14,16,0,5.71957e+15,0,1,All,#4682B4,0
1,14,16.5,0,5.71957e+15,0,1,All,#4682B4,0
2,14,16.5,0.200698,13.5872,0.60556,1,All,#4682B4,0
3,14,16.5,0.381409,5.94131,-1.10276,1,All,#4682B4,0
4,14,16.5,0,5.71957e+15,0,1,All,#4682B4,0
5,14,16.5,0,5.71957e+15,0,1,All,#4682B4,0
6,14,16.5,0.17062,16.432,0.0920951,1,All,#4682B4,0
7,14,16.5,0,5.71957e+15,0,1,All,#4682B4,0
8,14,16.5,0.172889,16.1829,1.32053,1,All,#4682B4,0
9,14,16.5,0,5.71957e+15,0,1,All,#4682B4,0
10,14,16.5,0,5.71957e+15,0,1,All,#4682B4,0
1,14,17,0,5.71957e+15,0,1,All,#4682B4,0
2,14,17,0.155589,18.2657,0.101035,1,All,#4682B4,0
3,14,17,0.345916,6.81259,0.794508,1,All,#4682B4,0
4,14,17,0,5.71957e+15,0,1,All,#4682B4,0
5,14,17,0,5.71957e+15,0,1,All,#4682B4,0
6,14,17,0.115547,25.4793,-0.552734,1,All,#4682B4,0
7,14,17,0,5.71957e+15,0,1,All,#4682B4,0
8,14,17,0.0938987,31.9416,-0.18958,1,All,#4682B4,0
9,14,17,0,5.71957e+15,0,1,All,#4682B4,0
10,14,17,0,5.71957e+15,0,1,All,#4682B4,0
1,14,17.5,0,5.71957e+15,0,1,All,#4682B4,0
2,14,17.5,0.108283,27.3598,1.97448,1,All,#4682B4,0
3,14,17.5,0.30954,7.91286,-0.182829,1,All,#4682B4,0
4,14,17.5,0,5.71957e+15,0,1,All,#4682B4,0
5,14,17.5,0,5.71957e+15,0,1,All,#4682B4,0
6,14,17.5,0.0585225,52.7915,0.147425,1,All,#4682B4,0
7,14,17.5,0,5.71957e+15,0,1,All,#4682B4,0
8,14,17.5,0.0143629,222.943,0.225635,1,All,#4682B4,0
9,14,17.5,0,5.71957e+15,0,1,All,#4682B4,0
10,14,17.5,0,5.71957e+15,0,1,All,#4682B4,0
1,15,1,0,5.71957e+15,0,1,All,#4682B4,0
2,15,1,0,5.71957e+15,0,1,All,#4682B4,0
3,15,1,0,5.71957e+15,0,1,All,#4682B4,0
4,15,1,0,5.71957e+15,1.514,1,All,#4682B4,0
5,15,1,0,5.71957e+15,1.57964,1,All,#4682B4,0
6,15,1,0,5.71957e+15,0,1,All,#4682B4,0
7,15,1,0,5.71957e+15,2.38392,1,All,#4682B4,0
8,15,1,0,5.71957e+15,2.45035,1,All,#4682B4,0
9,15,1,0,5.71957e+15,0,1,All,#4682B4,0
10,15,1,0,5.71957e+15,1.62983,1,All,#4682B4,0
1,15,1.5,0,5.71957e+15,1.24912,1,All,#4682B4,0
2,15,1.5,0,5.71957e+15,1.30535,1,All,#4682B4,0
3,15,1.5,0,5.71957e+15,1.13755,1,All,#4682B4,0
4,15,1.5,0,5.71957e+15,0,1,All,#4682B4,0
5,15,1.5,0,5.71957e+15,0,1,All,#4682B4,0
6,15,1.5,0,5.71957e+15,2.02893,1,All,#4682B4,0
7,15,1.5,0,5.71957e+15,1.4639,1,All,#4682B4,0
8,15,1.5,0,5.71957e+15,0,1,All,#4682B4,0
9,15,1.5,0,5.71957e+15,1.09426,1,All,#4682B4,0
10,15,1.5,0,5.71957e+15,0,1,All,#4682B4,0
1,15,2,0,5.71957e+15,0,1,All,#4682B4,0
2,15,2,0,5.71957e+15,0,1,All,#4682B4,0
3,15,2,0,5.71957e+15,1.33757,1,All,#4682B4,0
4,15,2,0,5.71957e+15,0,1,All,#4682B4,0
5,15,2,0,5.71957e+15,0,1,All,#4682B4,0
6,15,2,0,5.71957e+15,0,1,All,#4682B4,0
7,15,2,0,5.71957e+15,0,1,All,#4682B4,0
8,15,2,0,5.71957e+15,1.20978,1,All,#4682B4,0
9,15,2,0,5.71957e+15,0,1,All,#4682B4,0
10,15,2,0,5.71957e+15,1.35602,1,All,#4682B4,0
1,15,2.5,0,5.71957e+15,0,1,All,#4682B4,0
2,15,2.5,0,5.71957e+15,0,1,All,#4682B4,0
3,15,2.5,0,5.71957e+15,0,1,All,#4682B4,0
4,15,2.5,0,5.71957e+15,0,1,All,#4682B4,0
5,15,2.5,0,5.71957e+15,0,1,All,#4682B4,0
6,15,2.5,0,5.71957e+15,1.02411,1,All,#4682B4,0
7,15,2.5,0,5.71957e+15,0,1,All,#4682B4,0
8,15,2.5,0,5.71957e+15,0,1,All,#4682B4,0
9,15,2.5,0,5.71957e+15,0,1,All,#4682B4,0
10,15,2.5,0,5.71957e+15,0,1,All,#4682B4,0
1,15,3,0.29893,8.28424,0.269525,1,All,#4682B4,0
2,15,3,0.0886204,33.9959,-1.42868,1,All,#4682B4,0
3,15,3,0.316916,7.66936,1.38629,1,All,#4682B4,0
4,15,3,0.243429,10.7544,2.12697,1,All,#4682B4,0
5,15,3,0.523521,3.63627,-1.12144,1,All,#4682B4,0
6,15,3,0.0192715,165.508,-0.205783,1,All,#4682B4,0
7,15,3,0.950369,0.857686,-0.345207,1,All,#4682B4,0
8,15,3,0.123298,23.7173,-0.704562,1,All,#4682B4,0
9,15,3,0,5.71957e+15,0,1,All,#4682B4,0
10,15,3,0.194661,14.0876,0.509127,1,All,#4682B4,0
1,15,3.5,1.33661,0.521619,0.521619,0,All,#4682B4,0
2,15,3.5,1.14262,1.04314,1.04314,0,All,#4682B4,0
3,15,3.5,1.31859,0.563604,0.563604,0,All,#4682B4,0
4,15,3.5,1.29462,0.621236,0.621236,0,All,#4682B4,0
5,15,3.5,1.5992,0.0172174,0.0172174,0,All,#4682B4,0
6,15,3.5,1.20133,0.867513,0.867513,0,All,#4682B4,0
7,15,3.5,1.6303,-0.0317481,-0.0317481,0,All,#4682B4,0
8,15,3.5,1.32127,0.557267,0.557267,0,All,#4682B4,0
9,15,3.5,1.50748,0.173434,0.173434,0,All,#4682B4,0
10,15,3.5,1.12742,1.09157,1.09157,0,All,#4682B4,0
1,15,4,1.98522,-0.91876,-2.40537,1,All,#4682B4,0
2,15,4,1.80309,-0.753972,-1.77611,1,All,#4682B4,0
3,15,4,2.01543,-0.943211,-1.73222,1,All,#4682B4,0
4,15,4,1.91904,-0.862499,-0.920315,1,All,#4682B4,0
5,15,4,2.29053,-1.13622,-1.18806,1,All,#4682B4,0
6,15,4,1.92544,-0.868112,-2.46765,1,All,#4682B4,0
7,15,4,2.06876,-0.984642,-1.54374,1,All,#4682B4,0
8,15,4,2.04722,-0.968167,-1.40663,1,All,#4682B4,0
9,15,4,2.25406,-1.11334,-1.26562,1,All,#4682B4,0
10,15,4,1.70958,-0.655726,-1.09707,1,All,#4682B4,0
1,15,4.5,2.39586,-1.19838,-1.74743,1,All,#4682B4,0
2,15,4.5,2.21389,-1.08727,-2.21462,1,All,#4682B4,0
3,15,4.5,2.39801,-1.19959,-1.61787,1,All,#4682B4,0
4,15,4.5,2.31185,-1.14926,-1.91411,1,All,#4682B4,0
5,15,4.5,2.62021,-1.31413,-1.44299,1,All,#4682B4,0
6,15,4.5,2.38701,-1.19337,-1.63236,1,All,#4682B4,0
7,15,4.5,2.34762,-1.1706,-1.80314,1,All,#4682B4,0
8,15,4.5,2.47676,-1.24253,-2.21151,1,All,#4682B4,0
9,15,4.5,2.5778,-1.29379,-1.42545,1,All,#4682B4,0
10,15,4.5,2.09676,-1.00554,-1.93977,1,All,#4682B4,0
1,15,5,2.59145,0.382363,0.382363,0,All,#4682B4,0
2,15,5,2.39175,0.62722,0.62722,0,All,#4682B4,0
3,15,5,2.49168,0.499785,0.499785,0,All,#4682B4,0
4,15,5,2.51681,0.469328,0.469328,0,All,#4682B4,0
5,15,5,2.66732,0.298946,0.298946,0,All,#4682B4,0
6,15,5,2.62341,0.346642,0.346642,0,All,#4682B4,0
7,15,5,2.48292,0.510548,0.510548,0,All,#4682B4,0
8,15,5,2.60237,0.370053,0.370053,0,All,#4682B4,0
9,15,5,2.54823,0.432105,0.432105,0,All,#4682B4,0
10,15,5,2.33477,0.704761,0.704761,0,All,#4682B4,0
1,15,5.5,2.5773,1.01194,1.01194,0,All,#4682B4,0
2,15,5.5,2.3736,1.31764,1.31764,0,All,#4682B4,0
3,15,5.5,2.43301,1.22319,1.22319,0,All,#4682B4,0
4,15,5.5,2.54096,1.06289,1.06289,0,All,#4682B4,0
5,15,5.5,2.58699,0.998593,0.998593,0,All,#4682B4,0
6,15,5.5,2.6494,0.915006,0.915006,0,All,#4682B4,0
7,15,5.5,2.48681,1.14156,1.14156,0,All,#4682B4,0
8,15,5.5,2.47086,1.16539,1.16539,0,All,#4682B4,0
9,15,5.5,2.36753,1.32755,1.32755,0,All,#4682B4,0
10,15,5.5,2.4299,1.22802,1.22802,0,All,#4682B4,0
1,15,6,2.42855,0.967603,0.967603,0,All,#4682B4,0
2,15,6,2.25941,1.23094,1.23094,0,All,#4682B4,0
3,15,6,2.31164,1.14551,1.14551,0,All,#4682B4,0
4,15,6,2.43585,0.957051,0.957051,0,All,#4682B4,0
5,15,6,2.45932,0.923585,0.923585,0,All,#4682B4,0
6,15,6,2.55073,0.799095,0.799095,0,All,#4682B4,0
7,15,6,2.40253,1.0057,1.0057,0,All,#4682B4,0
8,15,6,2.23081,1.27942,1.27942,0,All,#4682B4,0
9,15,6,2.1553,1.41359,1.41359,0,All,#4682B4,0
10,15,6,2.40041,1.00884,1.00884,0,All,#4682B4,0
1,15,6.5,2.23633,0.756818,0.756818,0,All,#4682B4,0
2,15,6.5,2.11899,0.939943,0.939943,0,All,#4682B4,0
3,15,6.5,2.16935,0.858912,0.858912,0,All,#4682B4,0
4,15,6.5,2.27943,0.694285,0.694285,0,All,#4682B4,0
5,15,6.5,2.3197,0.637965,0.637965,0,All,#4682B4,0
6,15,6.5,2.4108,0.517485,0.517485,0,All,#4682B4,0
7,15,6.5,2.28031,0.693028,0.693028,0,All,#4682B4,0
8,15,6.5,1.98072,1.18357,1.18357,0,All,#4682B4,0
9,15,6.5,1.9514,1.23968,1.23968,0,All,#4682B4,0
10,15,6.5,2.29566,0.671347,0.671347,0,All,#4682B4,0
1,15,7,2.05314,-0.525575,-0.525575,0,All,#4682B4,0
2,15,7,1.98207,-0.452978,-0.452978,0,All,#4682B4,0
3,15,7,2.02716,-0.499628,-0.499628,0,All,#4682B4,0
4,15,7,2.11551,-0.585269,-0.585269,0,All,#4682B4,0
5,15,7,2.18544,-0.648141,-0.648141,0,All,#4682B4,0
6,15,7,2.26784,-0.717248,-0.717248,0,All,#4682B4,0
7,15,7,2.15378,-0.620184,-0.620184,0,All,#4682B4,0
8,15,7,1.75908,-0.187135,-0.187135,0,All,#4682B4,0
9,15,7,1.77191,-0.204237,-0.204237,0,All,#4682B4,0
10,15,7,2.16666,-0.631651,-0.631651,0,All,#4682B4,0
1,15,7.5,1.89612,-0.842103,-1.0793,1,All,#4682B4,0
2,15,7.5,1.86161,-0.810436,-1.29758,1,All,#4682B4,0
3,15,7.5,1.89672,-0.842643,-0.993582,1,All,#4682B4,0
4,15,7.5,1.96709,-0.903725,-1.46621,1,All,#4682B4,0
5,15,7.5,2.06566,-0.982293,-2.54123,1,All,#4682B4,0
6,15,7.5,2.13986,-1.03666,-1.31985,1,All,#4682B4,0
7,15,7.5,2.0383,-0.961245,-1.37746,1,All,#4682B4,0
8,15,7.5,1.57899,-0.499042,-0.832562,1,All,#4682B4,0
9,15,7.5,1.62383,-0.555683,-1.40536,1,All,#4682B4,0
10,15,7.5,2.03743,-0.96057,-1.22324,1,All,#4682B4,0
1,15,8,1.77185,-0.7223,-1.1396,1,All,#4682B4,0
2,15,8,1.76331,-0.713449,-1.57804,1,All,#4682B4,0
3,15,8,1.78355,-0.734296,-0.759423,1,All,#4682B4,0
4,15,8,1.84338,-0.793234,-0.995862,1,All,#4682B4,0
5,15,8,1.96515,-0.902099,-1.07287,1,All,#4682B4,0
6,15,8,2.03384,-0.957764,-1.47436,1,All,#4682B4,0
7,15,8,1.9396,-0.880386,-1.54904,1,All,#4682B4,0
8,15,8,1.44202,-0.304216,-2.09461,1,All,#4682B4,0
9,15,8,1.50985,-0.405116,-2.22626,1,All,#4682B4,0
10,15,8,1.92323,-0.86618,-0.957321,1,All,#4682B4,0
1,15,8.5,1.68113,-0.623658,-2.31423,1,All,#4682B4,0
2,15,8.5,1.68895,-0.632579,-1.02386,1,All,#4682B4,0
3,15,8.5,1.6907,-0.634572,-0.761292,1,All,#4682B4,0
4,15,8.5,1.74729,-0.696608,-0.753671,1,All,#4682B4,0
5,15,8.5,1.88601,-0.832945,-1.11623,1,All,#4682B4,0
6,15,8.5,1.95214,-0.891118,-1.8968,1,All,#4682B4,0
7,15,8.5,1.86046,-0.809363,-1.0979,1,All,#4682B4,0
8,15,8.5,1.34843,-0.148334,-1.8127,1,All,#4682B4,0
9,15,8.5,1.42971,-0.284874,-1.08941,1,All,#4682B4,0
10,15,8.5,1.82955,-0.779952,-1.44629,1,All,#4682B4,0
1,15,9,1.62197,0.0283514,0.0283514,0,All,#4682B4,0
2,15,9,1.63804,0.00305658,0.00305658,0,All,#4682B4,0
3,15,9,1.61929,0.0326202,0.0326202,0,All,#4682B4,0
4,15,9,1.67862,-0.0586665,-0.0586665,0,All,#4682B4,0
5,15,9,1.82834,-0.262693,-0.262693,0,All,#4682B4,0
6,15,9,1.89451,-0.342597,-0.342597,0,All,#4682B4,0
7,15,9,1.80145,-0.22855,-0.22855,0,All,#4682B4,0
8,15,9,1.29075,0.69003,0.69003,0,All,#4682B4,0
9,15,9,1.381,0.478267,0.478267,0,All,#4682B4,0
10,15,9,1.75869,-0.172106,-0.172106,0,All,#4682B4,0
1,15,9.5,1.59102,-0.514549,-0.821625,1,All,#4682B4,0
2,15,9.5,1.60869,-0.536908,-1.06349,1,All,#4682B4,0
3,15,9.5,1.56909,-0.486103,-1.13396,1,All,#4682B4,0
4,15,9.5,1.63563,-0.570068,-0.608667,1,All,#4682B4,0
5,15,9.5,1.79122,-0.742071,-0.760023,1,All,#4682B4,0
6,15,9.5,1.85924,-0.808218,-0.873865,1,All,#4682B4,0
7,15,9.5,1.76164,-0.711703,-0.902423,1,All,#4682B4,0
8,15,9.5,1.26643,0.00718699,-1.24735,1,All,#4682B4,0
9,15,9.5,1.36027,-0.169228,-0.848368,1,All,#4682B4,0
10,15,9.5,1.70995,-0.656135,-1.14315,1,All,#4682B4,0
1,15,10,1.58428,0.846233,0.846233,0,All,#4682B4,0
2,15,10,1.59823,0.816604,0.816604,0,All,#4682B4,0
3,15,10,1.53904,0.946075,0.946075,0,All,#4682B4,0
4,15,10,1.61534,0.780941,0.780941,0,All,#4682B4,0
5,15,10,1.77303,0.484666,0.484666,0,All,#4682B4,0
6,15,10,1.84418,0.367587,0.367587,0,All,#4682B4,0
7,15,10,1.73943,0.543297,0.543297,0,All,#4682B4,0
8,15,10,1.27064,1.68462,1.68462,0,All,#4682B4,0
9,15,10,1.36332,1.39671,1.39671,0,All,#4682B4,0
10,15,10,1.68141,0.650032,0.650032,0,All,#4682B4,0
1,15,10.5,1.59724,0.148094,0.148094,0,All,#4682B4,0
2,15,10.5,1.60338,0.137776,0.137776,0,All,#4682B4,0
3,15,10.5,1.52735,0.271574,0.271574,0,All,#4682B4,0
4,15,10.5,1.61411,0.119893,0.119893,0,All,#4682B4,0
5,15,10.5,1.77119,-0.116893,-0.116893,0,All,#4682B4,0
6,15,10.5,1.84547,-0.214838,-0.214838,0,All,#4682B4,0
7,15,10.5,1.73257,-0.062654,-0.062654,0,All,#4682B4,0
8,15,10.5,1.29764,0.771083,0.771083,0,All,#4682B4,0
9,15,10.5,1.38585,0.559695,0.559695,0,All,#4682B4,0
10,15,10.5,1.67037,0.0299637,0.0299637,0,All,#4682B4,0
1,15,11,1.62548,0.775853,0.775853,0,All,#4682B4,0
2,15,11,1.62084,0.785354,0.785354,0,All,#4682B4,0
3,15,11,1.53157,0.979786,0.979786,0,All,#4682B4,0
4,15,11,1.62904,0.768565,0.768565,0,All,#4682B4,0
5,15,11,1.78305,0.481926,0.481926,0,All,#4682B4,0
6,15,11,1.86003,0.356432,0.356432,0,All,#4682B4,0
7,15,11,1.73859,0.559457,0.559457,0,All,#4682B4,0
8,15,11,1.34238,1.47729,1.47729,0,All,#4682B4,0
9,15,11,1.42352,1.24773,1.24773,0,All,#4682B4,0
10,15,11,1.67387,0.679699,0.679699,0,All,#4682B4,0
1,15,11.5,1.66491,0.788979,0.788979,0,All,#4682B4,0
2,15,11.5,1.6462,0.826928,0.826928,0,All,#4682B4,0
3,15,11.5,1.54874,1.03945,1.03945,0,All,#4682B4,0
4,15,11.5,1.6106,0.901582,0.901582,0,All,#4682B4,0
5,15,11.5,1.80554,0.528897,0.528897,0,All,#4682B4,0
6,15,11.5,1.88446,0.399938,0.399938,0,All,#4682B4,0
7,15,11.5,1.73941,0.645961,0.645961,0,All,#4682B4,0
8,15,11.5,1.40012,1.42047,1.42047,0,All,#4682B4,0
9,15,11.5,1.45774,1.26353,1.26353,0,All,#4682B4,0
10,15,11.5,1.68545,0.748284,0.748284,0,All,#4682B4,0
1,15,12,1.66732,1.02886,1.02886,0,All,#4682B4,0
2,15,12,1.56992,1.25091,1.25091,0,All,#4682B4,0
3,15,12,1.56808,1.25537,1.25537,0,All,#4682B4,0
4,15,12,1.45191,1.55987,1.55987,0,All,#4682B4,0
5,15,12,1.79008,0.783423,0.783423,0,All,#4682B4,0
6,15,12,1.80918,0.74824,0.74824,0,All,#4682B4,0
7,15,12,1.58199,1.22193,1.22193,0,All,#4682B4,0
8,15,12,1.39901,1.71527,1.71527,0,All,#4682B4,0
9,15,12,1.31302,1.99461,1.99461,0,All,#4682B4,0
10,15,12,1.49371,1.44486,1.44486,0,All,#4682B4,0
1,15,12.5,1.32044,-0.0974066,-0.794225,1,All,#4682B4,0
2,15,12.5,1.23274,0.0770854,-1.15499,1,All,#4682B4,0
3,15,12.5,1.34665,-0.14516,-0.994661,1,All,#4682B4,0
4,15,12.5,1.15638,0.250571,-1.40225,1,All,#4682B4,0
5,15,12.5,1.39466,-0.227947,-2.25853,1,All,#4682B4,0
6,15,12.5,1.41933,-0.268304,-0.518716,1,All,#4682B4,0
7,15,12.5,1.20538,0.136711,-0.971476,1,All,#4682B4,0
8,15,12.5,1.00818,0.662287,0.388758,1,All,#4682B4,0
9,15,12.5,0.920224,0.969323,-0.288364,1,All,#4682B4,0
10,15,12.5,0.92263,0.960142,-0.11769,1,All,#4682B4,0
1,15,13,0.672506,2.26573,0.73453,1,All,#4682B4,0
2,15,13,0.705395,2.04119,-0.507617,1,All,#4682B4,0
3,15,13,0.718807,1.95552,-0.130373,1,All,#4682B4,0
4,15,13,0.769721,1.65749,-1.5154,1,All,#4682B4,0
5,15,13,0.635736,2.54428,0.918644,1,All,#4682B4,0
6,15,13,0.812623,1.43534,0.786026,1,All,#4682B4,0
7,15,13,0.691534,2.13322,-0.144301,1,All,#4682B4,0
8,15,13,0.338911,7.00612,-0.919198,1,All,#4682B4,0
9,15,13,0.397336,5.60093,0.749967,1,All,#4682B4,0
10,15,13,0.192744,14.2531,0.50205,1,All,#4682B4,0
1,15,13.5,0,5.71957e+15,0,1,All,#4682B4,0
2,15,13.5,0.0952648,31.447,0.0341675,1,All,#4682B4,0
3,15,13.5,0,5.71957e+15,0,1,All,#4682B4,0
4,15,13.5,0.339427,6.99158,1.39438,1,All,#4682B4,0
5,15,13.5,0,5.71957e+15,0,1,All,#4682B4,0
6,15,13.5,0.125194,23.3194,-0.285196,1,All,#4682B4,0
7,15,13.5,0.127189,22.9138,0.477309,1,All,#4682B4,0
8,15,13.5,0,5.71957e+15,1.27718,1,All,#4682B4,0
9,15,13.5,0,5.71957e+15,0,1,All,#4682B4,0
10,15,13.5,0,5.71957e+15,2.2347,1,All,#4682B4,0
1,15,14,0,5.71957e+15,2.56333,1,All,#4682B4,0
2,15,14,0,5.71957e+15,1.05256,1,All,#4682B4,0
3,15,14,0,5.71957e+15,0,1,All,#4682B4,0
4,15,14,0,5.71957e+15,1.2095,1,All,#4682B4,0
5,15,14,0,5.71957e+15,1.4184,1,All,#4682B4,0
6,15,14,0,5.71957e+15,0,1,All,#4682B4,0
7,15,14,0,5.71957e+15,0,1,All,#4682B4,0
8,15,14,0,5.71957e+15,0,1,All,#4682B4,0
9,15,14,0,5.71957e+15,0,1,All,#4682B4,0
10,15,14,0,5.71957e+15,0,1,All,#4682B4,0
1,15,14.5,0,5.71957e+15,1.05303,1,All,#4682B4,0
2,15,14.5,0,5.71957e+15,0,1,All,#4682B4,0
3,15,14.5,0,5.71957e+15,1.78876,1,All,#4682B4,0
4,15,14.5,0,5.71957e+15,0,1,All,#4682B4,0
5,15,14.5,0,5.71957e+15,0,1,All,#4682B4,0
6,15,14.5,0,5.71957e+15,2.02821,1,All,#4682B4,0
7,15,14.5,0,5.71957e+15,1.08629,1,All,#4682B4,0
8,15,14.5,0,5.71957e+15,0,1,All,#4682B4,0
9,15,14.5,0,5.71957e+15,0,1,All,#4682B4,0
10,15,14.5,0,5.71957e+15,0,1,All,#4682B4,0
1,15,15,0,5.71957e+15,0,1,All,#4682B4,0
2,15,15,0,5.71957e+15,0,1,All,#4682B4,0
3,15,15,0,5.71957e+15,1.01906,1,All,#4682B4,0
4,15,15,0,5.71957e+15,0,1,All,#4682B4,0
5,15,15,0,5.71957e+15,1.70283,1,All,#4682B4,0
6,15,15,0,5.71957e+15,0,1,All,#4682B4,0
7,15,15,0,5.71957e+15,1.52274,1,All,#4682B4,0
8,15,15,0,5.71957e+15,0,1,All,#4682B4,0
9,15,15,0,5.71957e+15,1.96139,1,All,#4682B4,0
10,15,15,0,5.71957e+15,2.05755,1,All,#4682B4,0
1,16,1,0,5.71957e+15,0,1,All,#4682B4,0
2,16,1,0,5.71957e+15,0,1,All,#4682B4,0
3,16,1,0,5.71957e+15,1.44686,1,All,#4682B4,0
4,16,1,0,5.71957e+15,0,1,All,#4682B4,0
5,16,1,0,5.71957e+15,0,1,All,#4682B4,0
6,16,1,0,5.71957e+15,0,1,All,#4682B4,0
7,16,1,0,5.71957e+15,0,1,All,#4682B4,0
8,16,1,0,5.71957e+15,0,1,All,#4682B4,0
9,16,1,0,5.71957e+15,0,1,All,#4682B4,0
10,16,1,0,5.71957e+15,0,1,All,#4682B4,0
1,16,1.5,0,5.71957e+15,1.69156,1,All,#4682B4,0
2,16,1.5,0,5.71957e+15,2.07891,1,All,#4682B4,0
3,16,1.5,0,5.71957e+15,0,1,All,#4682B4,0
4,16,1.5,0,5.71957e+15,1.0295,1,All,#4682B4,0
5,16,1.5,0,5.71957e+15,1.40575,1,All,#4682B4,0
6,16,1.5,0,5.71957e+15,0,1,All,#4682B4,0
7,16,1.5,0,5.71957e+15,0,1,All,#4682B4,0
8,16,1.5,0,5.71957e+15,1.87069,1,All,#4682B4,0
9,16,1.5,0,5.71957e+15,0,1,All,#4682B4,0
10,16,1.5,0,5.71957e+15,0,1,All,#4682B4,0
1,16,2,0,5.71957e+15,1.30362,1,All,#4682B4,0
2,16,2,0,5.71957e+15,0,1,All,#4682B4,0
3,16,2,0,5.71957e+15,0,1,All,#4682B4,0
4,16,2,0,5.71957e+15,0,1,All,#4682B4,0
5,16,2,0,5.71957e+15,0,1,All,#4682B4,0
6,16,2,0,5.71957e+15,0,1,All,#4682B4,0
7,16,2,0,5.71957e+15,0,1,All,#4682B4,0
8,16,2,0,5.71957e+15,1.02599,1,All,#4682B4,0
9,16,2,0,5.71957e+15,0,1,All,#4682B4,0
10,16,2,0,5.71957e+15,0,1,All,#4682B4,0
1,16,2.5,0,5.71957e+15,0,1,All,#4682B4,0
2,16,2.5,0,5.71957e+15,0,1,All,#4682B4,0
3,16,2.5,0,5.71957e+15,0,1,All,#4682B4,0
4,16,2.5,0,5.71957e+15,0,1,All,#4682B4,0
5,16,2.5,0,5.71957e+15,1.33434,1,All,#4682B4,0
6,16,2.5,0,5.71957e+15,1.35548,1,All,#4682B4,0
7,16,2.5,0,5.71957e+15,1.03516,1,All,#4682B4,0
8,16,2.5,0,5.71957e+15,0,1,All,#4682B4,0
9,16,2.5,0,5.71957e+15,0,1,All,#4682B4,0
10,16,2.5,0,5.71957e+15,0,1,All,#4682B4,0
1,16,3,0.316768,7.67411,0.421743,1,All,#4682B4,0
2,16,3,0,5.71957e+15,0,1,All,#4682B4,0
3,16,3,0,5.71957e+15,0,1,All,#4682B4,0
4,16,3,0.464791,4.41797,-1.09722,1,All,#4682B4,0
5,16,3,0,5.71957e+15,1.30671,1,All,#4682B4,0
6,16,3,0,5.71957e+15,0,1,All,#4682B4,0
7,16,3,0.359339,6.46284,0.333512,1,All,#4682B4,0
8,16,3,0,5.71957e+15,0,1,All,#4682B4,0
9,16,3,0,5.71957e+15,0,1,All,#4682B4,0
10,16,3,0.193598,14.179,1.12436,1,All,#4682B4,0
1,16,3.5,0.843092,1.29131,0.40779,1,All,#4682B4,0
2,16,3.5,0.484558,4.13371,1.77757,1,All,#4682B4,0
3,16,3.5,0.185088,14.9481,-1.77878,1,All,#4682B4,0
4,16,3.5,0.943992,0.880708,0.0286994,1,All,#4682B4,0
5,16,3.5,0.19898,13.7265,-0.865508,1,All,#4682B4,0
6,16,3.5,0.526384,3.60261,-0.524774,1,All,#4682B4,0
7,16,3.5,0.980186,0.75402,-0.0752363,1,All,#4682B4,0
8,16,3.5,0.263582,9.73718,0.0416971,1,All,#4682B4,0
9,16,3.5,0.269756,9.45599,-0.56157,1,All,#4682B4,0
10,16,3.5,0.637729,2.52836,-2.20343,1,All,#4682B4,0
1,16,4,1.24427,0.0527361,-0.269339,1,All,#4682B4,0
2,16,4,0.894099,1.07216,-1.19504,1,All,#4682B4,0
3,16,4,0.785399,1.57349,0.498743,1,All,#4682B4,0
4,16,4,1.26374,0.0126313,-2.37872,1,All,#4682B4,0
5,16,4,0.678721,2.22163,0.899545,1,All,#4682B4,0
6,16,4,1.04168,0.558969,0.361365,1,All,#4682B4,0
7,16,4,1.34965,-0.150496,-0.416653,1,All,#4682B4,0
8,16,4,0.965582,0.803993,0.143324,1,All,#4682B4,0
9,16,4,0.893083,1.07628,0.256164,1,All,#4682B4,0
10,16,4,0.983288,0.743594,0.181701,1,All,#4682B4,0
1,16,4.5,1.55216,0.965817,0.965817,0,All,#4682B4,0
2,16,4.5,1.18746,2.04567,2.04567,0,All,#4682B4,0
3,16,4.5,1.28508,1.69655,1.69655,0,All,#4682B4,0
4,16,4.5,1.48507,1.12466,1.12466,0,All,#4682B4,0
5,16,4.5,1.05322,2.63146,2.63146,0,All,#4682B4,0
6,16,4.5,1.44962,1.21451,1.21451,0,All,#4682B4,0
7,16,4.5,1.58619,0.890387,0.890387,0,All,#4682B4,0
8,16,4.5,1.51523,1.05151,1.05151,0,All,#4682B4,0
9,16,4.5,1.41898,1.29581,1.29581,0,All,#4682B4,0
10,16,4.5,1.25696,1.79156,1.79156,0,All,#4682B4,0
1,16,5,1.79209,-0.0883508,-0.0883508,0,All,#4682B4,0
2,16,5,1.40238,0.595761,0.595761,0,All,#4682B4,0
3,16,5,1.6985,0.0472944,0.0472944,0,All,#4682B4,0
4,16,5,1.63785,0.143478,0.143478,0,All,#4682B4,0
5,16,5,1.34222,0.736763,0.736763,0,All,#4682B4,0
6,16,5,1.7704,-0.0581884,-0.0581884,0,All,#4682B4,0
7,16,5,1.74218,-0.0178223,-0.0178223,0,All,#4682B4,0
8,16,5,1.92894,-0.263011,-0.263011,0,All,#4682B4,0
9,16,5,1.86184,-0.180581,-0.180581,0,All,#4682B4,0
10,16,5,1.47368,0.443555,0.443555,0,All,#4682B4,0
1,16,5.5,1.96977,-0.129168,-0.129168,0,All,#4682B4,0
2,16,5.5,1.56047,0.50585,0.50585,0,All,#4682B4,0
3,16,5.5,2.02729,-0.197863,-0.197863,0,All,#4682B4,0
4,16,5.5,1.73669,0.195754,0.195754,0,All,#4682B4,0
5,16,5.5,1.56315,0.500605,0.500605,0,All,#4682B4,0
6,16,5.5,2.01498,-0.183493,-0.183493,0,All,#4682B4,0
7,16,5.5,1.84314,0.0371585,0.0371585,0,All,#4682B4,0
8,16,5.5,2.18149,-0.364138,-0.364138,0,All,#4682B4,0
9,16,5.5,2.22108,-0.403104,-0.403104,0,All,#4682B4,0
10,16,5.5,1.64043,0.356885,0.356885,0,All,#4682B4,0
1,16,6,2.08547,0.934895,0.934895,0,All,#4682B4,0
2,16,6,1.67356,1.79268,1.79268,0,All,#4682B4,0
3,16,6,2.25799,0.668616,0.668616,0,All,#4682B4,0
4,16,6,1.78843,1.51374,1.51374,0,All,#4682B4,0
5,16,6,1.71922,1.67733,1.67733,0,All,#4682B4,0
6,16,6,2.18311,0.779029,0.779029,0,All,#4682B4,0
7,16,6,1.90384,1.26739,1.26739,0,All,#4682B4,0
8,16,6,2.23736,0.698301,0.698301,0,All,#4682B4,0
9,16,6,2.47732,0.383644,0.383644,0,All,#4682B4,0
10,16,6,1.75914,1.58139,1.58139,0,All,#4682B4,0
1,16,6.5,2.13611,0.697079,0.697079,0,All,#4682B4,0
2,16,6.5,1.74755,1.41909,1.41909,0,All,#4682B4,0
3,16,6.5,2.36811,0.378947,0.378947,0,All,#4682B4,0
4,16,6.5,1.79659,1.31074,1.31074,0,All,#4682B4,0
5,16,6.5,1.80655,1.28944,1.28944,0,All,#4682B4,0
6,16,6.5,2.26589,0.511085,0.511085,0,All,#4682B4,0
7,16,6.5,1.93171,1.04068,1.04068,0,All,#4682B4,0
8,16,6.5,2.12394,0.715687,0.715687,0,All,#4682B4,0
9,16,6.5,2.5969,0.120885,0.120885,0,All,#4682B4,0
10,16,6.5,1.82877,1.2428,1.2428,0,All,#4682B4,0
1,16,7,2.12118,0.63578,0.63578,0,All,#4682B4,0
2,16,7,1.78535,1.23506,1.23506,0,All,#4682B4,0
3,16,7,2.34537,0.331234,0.331234,0,All,#4682B4,0
4,16,7,1.76588,1.27679,1.27679,0,All,#4682B4,0
5,16,7,1.82305,1.15679,1.15679,0,All,#4682B4,0
6,16,7,2.2569,0.444182,0.444182,0,All,#4682B4,0
7,16,7,1.93058,0.95032,0.95032,0,All,#4682B4,0
8,16,7,1.9255,0.959544,0.959544,0,All,#4682B4,0
9,16,7,2.56317,0.0863852,0.0863852,0,All,#4682B4,0
10,16,7,1.84861,1.10552,1.10552,0,All,#4682B4,0
1,16,7.5,2.04699,1.10007,1.10007,0,All,#4682B4,0
2,16,7.5,1.7883,1.6281,1.6281,0,All,#4682B4,0
3,16,7.5,2.20424,0.839664,0.839664,0,All,#4682B4,0
4,16,7.5,1.70054,1.84375,1.84375,0,All,#4682B4,0
5,16,7.5,1.77289,1.66442,1.66442,0,All,#4682B4,0
6,16,7.5,2.15998,0.909118,0.909118,0,All,#4682B4,0
7,16,7.5,1.90483,1.37249,1.37249,0,All,#4682B4,0
8,16,7.5,1.70513,1.83192,1.83192,0,All,#4682B4,0
9,16,7.5,2.40371,0.558363,0.558363,0,All,#4682B4,0
10,16,7.5,1.8222,1.55037,1.55037,0,All,#4682B4,0
1,16,8,1.92687,0.520308,0.520308,0,All,#4682B4,0
2,16,8,1.75855,0.814192,0.814192,0,All,#4682B4,0
3,16,8,1.98251,0.434134,0.434134,0,All,#4682B4,0
4,16,8,1.60972,1.12525,1.12525,0,All,#4682B4,0
5,16,8,1.6692,0.994293,0.994293,0,All,#4682B4,0
6,16,8,1.9953,0.414991,0.414991,0,All,#4682B4,0
7,16,8,1.85711,0.635644,0.635644,0,All,#4682B4,0
8,16,8,1.4973,1.40121,1.40121,0,All,#4682B4,0
9,16,8,2.17486,0.170186,0.170186,0,All,#4682B4,0
10,16,8,1.75605,0.818984,0.818984,0,All,#4682B4,0
1,16,8.5,1.77836,0.375194,0.375194,0,All,#4682B4,0
2,16,8.5,1.69702,0.515413,0.515413,0,All,#4682B4,0
3,16,8.5,1.72429,0.466928,0.466928,0,All,#4682B4,0
4,16,8.5,1.50214,0.913129,0.913129,0,All,#4682B4,0
5,16,8.5,1.53139,0.846967,0.846967,0,All,#4682B4,0
6,16,8.5,1.79041,0.355511,0.355511,0,All,#4682B4,0
7,16,8.5,1.79033,0.355635,0.355635,0,All,#4682B4,0
8,16,8.5,1.31553,1.4044,1.4044,0,All,#4682B4,0
9,16,8.5,1.92918,0.146488,0.146488,0,All,#4682B4,0
10,16,8.5,1.65765,0.588225,0.588225,0,All,#4682B4,0
1,16,9,1.61938,-0.550201,-1.44395,1,All,#4682B4,0
2,16,9,1.61071,-0.539438,-0.806191,1,All,#4682B4,0
3,16,9,1.46575,-0.340578,-0.927375,1,All,#4682B4,0
4,16,9,1.38764,-0.216195,-0.307203,1,All,#4682B4,0
5,16,9,1.38003,-0.203325,-1.8837,1,All,#4682B4,0
6,16,9,1.57614,-0.495337,-0.659859,1,All,#4682B4,0
7,16,9,1.69784,-0.642625,-1.40183,1,All,#4682B4,0
8,16,9,1.16333,0.23384,-0.764512,1,All,#4682B4,0
9,16,9,1.69792,-0.642707,-1.33994,1,All,#4682B4,0
10,16,9,1.52864,-0.431478,-0.689671,1,All,#4682B4,0
1,16,9.5,1.46461,-0.338849,-0.890859,1,All,#4682B4,0
2,16,9.5,1.50614,-0.399837,-1.22283,1,All,#4682B4,0
3,16,9.5,1.22806,0.0870822,-1.68772,1,All,#4682B4,0
4,16,9.5,1.27782,-0.0156053,-0.0777654,1,All,#4682B4,0
5,16,9.5,1.23188,0.0789186,0.0527413,1,All,#4682B4,0
6,16,9.5,1.37057,-0.187136,-0.745547,1,All,#4682B4,0
7,16,9.5,1.58389,-0.505388,-1.44247,1,All,#4682B4,0
8,16,9.5,1.04288,0.555389,0.273645,1,All,#4682B4,0
9,16,9.5,1.49314,-0.381113,-1.16395,1,All,#4682B4,0
10,16,9.5,1.38011,-0.203465,-1.02501,1,All,#4682B4,0
1,16,10,1.3238,-0.103644,-0.171411,1,All,#4682B4,0
2,16,10,1.38582,-0.213136,-1.20316,1,All,#4682B4,0
3,16,10,1.02023,0.624317,-0.410091,1,All,#4682B4,0
4,16,10,1.17103,0.215537,-1.01941,1,All,#4682B4,0
5,16,10,1.098,0.399495,-0.0658099,1,All,#4682B4,0
6,16,10,1.18664,0.179145,-0.32092,1,All,#4682B4,0
7,16,10,1.45547,-0.324972,-1.69411,1,All,#4682B4,0
8,16,10,0.953187,0.847611,-0.362237,1,All,#4682B4,0
9,16,10,1.31862,-0.0940363,-0.534091,1,All,#4682B4,0
10,16,10,1.22309,0.0978107,-0.701836,1,All,#4682B4,0
1,16,10.5,1.20226,0.143687,-1.92352,1,All,#4682B4,0
2,16,10.5,1.24722,0.0465879,-0.782029,1,All,#4682B4,0
3,16,10.5,0.845482,1.28045,-1.91722,1,All,#4682B4,0
4,16,10.5,1.05037,0.533231,-1.54341,1,All,#4682B4,0
5,16,10.5,0.984929,0.738107,-0.107541,1,All,#4682B4,0
6,16,10.5,1.03308,0.584847,0.555941,1,All,#4682B4,0
7,16,10.5,1.31835,-0.0935312,-0.543497,1,All,#4682B4,0
8,16,10.5,0.893412,1.07494,-0.69031,1,All,#4682B4,0
9,16,10.5,1.17484,0.206559,-0.362638,1,All,#4682B4,0
10,16,10.5,1.06419,0.493193,-0.357567,1,All,#4682B4,0
1,16,11,1.10005,0.393983,-0.495859,1,All,#4682B4,0
2,16,11,1.1012,0.390899,0.0206099,1,All,#4682B4,0
3,16,11,0.704184,2.04909,0.0229461,1,All,#4682B4,0
4,16,11,0.922056,0.962328,-1.3194,1,All,#4682B4,0
5,16,11,0.892596,1.07826,-0.492337,1,All,#4682B4,0
6,16,11,0.912423,0.999412,0.549329,1,All,#4682B4,0
7,16,11,1.17757,0.20018,0.0980513,1,All,#4682B4,0
8,16,11,0.861449,1.20945,-1.40204,1,All,#4682B4,0
9,16,11,1.06913,0.479127,-1.04134,1,All,#4682B4,0
10,16,11,0.909041,1.01262,-0.629447,1,All,#4682B4,0
1,16,11.5,1.00053,0.686828,-0.678699,1,All,#4682B4,0
2,16,11.5,0.955017,0.8411,-1.28805,1,All,#4682B4,0
3,16,11.5,0.579667,3.03705,-0.265601,1,All,#4682B4,0
4,16,11.5,0.793617,1.53079,-0.299532,1,All,#4682B4,0
5,16,11.5,0.804789,1.47414,-1.17596,1,All,#4682B4,0
6,16,11.5,0.800134,1.49755,-0.161103,1,All,#4682B4,0
7,16,11.5,1.03815,0.569536,0.222417,1,All,#4682B4,0
8,16,11.5,0.847887,1.26958,-0.972272,1,All,#4682B4,0
9,16,11.5,0.993972,0.708191,-1.15146,1,All,#4682B4,0
10,16,11.5,0.761966,1.70031,-0.726222,1,All,#4682B4,0
1,16,12,0.903152,1.03585,0.656439,1,All,#4682B4,0
2,16,12,0.813972,1.42874,1.28886,1,All,#4682B4,0
3,16,12,0.445902,4.71315,-0.562045,1,All,#4682B4,0
4,16,12,0.669414,2.28798,-0.764554,1,All,#4682B4,0
5,16,12,0.719187,1.95314,0.541531,1,All,#4682B4,0
6,16,12,0.68027,2.21077,-1.10015,1,All,#4682B4,0
7,16,12,0.901387,1.04287,-0.545418,1,All,#4682B4,0
8,16,12,0.814433,1.42649,0.504629,1,All,#4682B4,0
9,16,12,0.945239,0.876182,-0.280366,1,All,#4682B4,0
10,16,12,0.626061,2.62301,-0.480328,1,All,#4682B4,0
1,16,12.5,0.809061,1.45289,0.400993,1,All,#4682B4,0
2,16,12.5,0.683246,2.19003,0.0289555,1,All,#4682B4,0
3,16,12.5,0.307964,7.96641,-0.19454,1,All,#4682B4,0
4,16,12.5,0.551885,3.31831,0.56284,1,All,#4682B4,0
5,16,12.5,0.637354,2.53135,-0.447394,1,All,#4682B4,0
6,16,12.5,0.557815,3.25593,-0.979631,1,All,#4682B4,0
7,16,12.5,0.772466,1.64254,-0.0775357,1,All,#4682B4,0
8,16,12.5,0.753744,1.74668,-1.34098,1,All,#4682B4,0
9,16,12.5,0.872865,1.16028,-2.267,1,All,#4682B4,0
10,16,12.5,0.503186,3.88627,1.77094,1,All,#4682B4,0
1,16,13,0.719634,1.95034,-0.212486,1,All,#4682B4,0
2,16,13,0.564845,3.18366,1.57389,1,All,#4682B4,0
3,16,13,0.166727,16.8752,-1.37074,1,All,#4682B4,0
4,16,13,0.441744,4.78151,1.26382,1,All,#4682B4,0
5,16,13,0.561328,3.21959,-0.354745,1,All,#4682B4,0
6,16,13,0.433385,4.92292,-0.515976,1,All,#4682B4,0
7,16,13,0.650894,2.42564,1.10378,1,All,#4682B4,0
8,16,13,0.667951,2.29857,0.57752,1,All,#4682B4,0
9,16,13,0.776039,1.62323,-1.79556,1,All,#4682B4,0
10,16,13,0.394122,5.6674,2.16251,1,All,#4682B4,0
1,16,13.5,0.635218,2.54843,-0.0770721,1,All,#4682B4,0
2,16,13.5,0.46202,4.45976,0.156013,1,All,#4682B4,0
3,16,13.5,0.022308,142.633,0.767189,1,All,#4682B4,0
4,16,13.5,0.339054,7.00209,-0.91866,1,All,#4682B4,0
5,16,13.5,0.490092,4.05824,0.870833,1,All,#4682B4,0
6,16,13.5,0.307127,7.99508,1.44743,1,All,#4682B4,0
7,16,13.5,0.539734,3.45042,-0.0453383,1,All,#4682B4,0
8,16,13.5,0.558325,3.25062,-0.201049,1,All,#4682B4,0
9,16,13.5,0.654003,2.40198,-0.636959,1,All,#4682B4,0
10,16,13.5,0.298697,8.2927,0.705749,1,All,#4682B4,0
1,16,14,0.55577,3.27729,1.10313,1,All,#4682B4,0
2,16,14,0.375317,6.07914,0.0487558,1,All,#4682B4,0
3,16,14,0,5.71957e+15,1.69822,1,All,#4682B4,0
4,16,14,0.242897,10.7836,-1.3625,1,All,#4682B4,0
5,16,14,0.422261,5.1198,-0.767319,1,All,#4682B4,0
6,16,14,0.178997,15.5436,-1.81003,1,All,#4682B4,0
7,16,14,0.437864,4.84647,1.41344,1,All,#4682B4,0
8,16,14,0.428139,5.01448,1.10194,1,All,#4682B4,0
9,16,14,0.50706,3.8371,-0.279055,1,All,#4682B4,0
10,16,14,0.216184,12.4312,1.07178,1,All,#4682B4,0
1,16,14.5,0.480922,4.18424,0.41898,1,All,#4682B4,0
2,16,14.5,0.304474,8.08695,0.940419,1,All,#4682B4,0
3,16,14.5,0,5.71957e+15,1.56019,1,All,#4682B4,0
4,16,14.5,0.152141,18.7375,-0.663865,1,All,#4682B4,0
5,16,14.5,0.358662,6.47985,0.415568,1,All,#4682B4,0
6,16,14.5,0.051777,60.0014,0.798889,1,All,#4682B4,0
7,16,14.5,0.345657,6.81961,1.14689,1,All,#4682B4,0
8,16,14.5,0.275849,9.1908,0.135398,1,All,#4682B4,0
9,16,14.5,0.336645,7.07043,0.0718256,1,All,#4682B4,0
10,16,14.5,0.145299,19.7399,-1.47817,1,All,#4682B4,0
1,16,15,0.410634,5.33696,-0.105668,1,All,#4682B4,0
2,16,15,0.248633,10.476,-0.681167,1,All,#4682B4,0
3,16,15,0,5.71957e+15,0,1,All,#4682B4,0
4,16,15,0.0669899,45.7964,-1.65644,1,All,#4682B4,0
5,16,15,0.297869,8.32283,-0.852976,1,All,#4682B4,0
6,16,15,0,5.71957e+15,0,1,All,#4682B4,0
7,16,15,0.262611,9.78264,1.84053,1,All,#4682B4,0
8,16,15,0.107494,27.5793,-0.328735,1,All,#4682B4,0
9,16,15,0.143941,19.9503,-0.478211,1,All,#4682B4,0
10,16,15,0.0843753,35.8346,0.769697,1,All,#4682B4,0
1,16,15.5,0.342067,6.91795,0.0633396,1,All,#4682B4,0
2,16,15.5,0.206297,13.1492,-0.608936,1,All,#4682B4,0
3,16,15.5,0,5.71957e+15,0,1,All,#4682B4,0
4,16,15.5,0,5.71957e+15,2.05033,1,All,#4682B4,0
5,16,15.5,0.239966,10.9464,-0.334205,1,All,#4682B4,0
6,16,15.5,0,5.71957e+15,0,1,All,#4682B4,0
7,16,15.5,0.187941,14.6825,-1.60949,1,All,#4682B4,0
8,16,15.5,0,5.71957e+15,0,1,All,#4682B4,0
9,16,15.5,0,5.71957e+15,1.15156,1,All,#4682B4,0
10,16,15.5,0.0319015,98.9726,-0.0837444,1,All,#4682B4,0
1,16,16,0.277041,9.14025,-1.88384,1,All,#4682B4,0
2,16,16,0.175817,15.8709,1.01839,1,All,#4682B4,0
3,16,16,0,5.71957e+15,0,1,All,#4682B4,0
4,16,16,0,5.71957e+15,0,1,All,#4682B4,0
5,16,16,0.182102,15.2351,2.83966,1,All,#4682B4,0
6,16,16,0,5.71957e+15,0,1,All,#4682B4,0
7,16,16,0.120904,24.2374,0.68524,1,All,#4682B4,0
8,16,16,0,5.71957e+15,0,1,All,#4682B4,0
9,16,16,0,5.71957e+15,0,1,All,#4682B4,0
10,16,16,0,5.71957e+15,0,1,All,#4682B4,0
1,16,16.5,0.214032,12.5818,-0.104767,1,All,#4682B4,0
2,16,16.5,0.155376,18.2942,2.51416,1,All,#4682B4,0
3,16,16.5,0,5.71957e+15,0,1,All,#4682B4,0
4,16,16.5,0,5.71957e+15,0,1,All,#4682B4,0
5,16,16.5,0.125902,23.174,0.221767,1,All,#4682B4,0
6,16,16.5,0,5.71957e+15,0,1,All,#4682B4,0
7,16,16.5,0.0607182,50.7903,1.70141,1,All,#4682B4,0
8,16,16.5,0,5.71957e+15,1.50535,1,All,#4682B4,0
9,16,16.5,0,5.71957e+15,0,1,All,#4682B4,0
10,16,16.5,0,5.71957e+15,0,1,All,#4682B4,0
1,16,17,0.149819,19.0675,-1.01318,1,All,#4682B4,0
2,16,17,0.143183,20.0694,0.969188,1,All,#4682B4,0
3,16,17,0,5.71957e+15,0,1,All,#4682B4,0
4,16,17,0,5.71957e+15,0,1,All,#4682B4,0
5,16,17,0.0683927,44.8048,-1.16446,1,All,#4682B4,0
6,16,17,0,5.71957e+15,0,1,All,#4682B4,0
7,16,17,0.00640282,503.279,0.386895,1,All,#4682B4,0
8,16,17,0,5.71957e+15,0,1,All,#4682B4,0
9,16,17,0,5.71957e+15,0,1,All,#4682B4,0
10,16,17,0,5.71957e+15,0,1,All,#4682B4,0
1,17,1,0,5.71957e+15,0,1,All,#4682B4,0
2,17,1,0,5.71957e+15,0,1,All,#4682B4,0
3,17,1,0,5.71957e+15,0,1,All,#4682B4,0
4,17,1,0,5.71957e+15,1.60434,1,All,#4682B4,0
5,17,1,0,5.71957e+15,0,1,All,#4682B4,0
6,17,1,0,5.71957e+15,0,1,All,#4682B4,0
7,17,1,0,5.71957e+15,0,1,All,#4682B4,0
8,17,1,0,5.71957e+15,1.13859,1,All,#4682B4,0
9,17,1,0,5.71957e+15,0,1,All,#4682B4,0
10,17,1,0,5.71957e+15,1.65107,1,All,#4682B4,0
1,17,1.5,0,5.71957e+15,1.26158,1,All,#4682B4,0
2,17,1.5,0,5.71957e+15,0,1,All,#4682B4,0
3,17,1.5,0,5.71957e+15,1.74864,1,All,#4682B4,0
4,17,1.5,0,5.71957e+15,1.93628,1,All,#4682B4,0
5,17,1.5,0,5.71957e+15,2.10298,1,All,#4682B4,0
6,17,1.5,0,5.71957e+15,0,1,All,#4682B4,0
7,17,1.5,0,5.71957e+15,0,1,All,#4682B4,0
8,17,1.5,0,5.71957e+15,0,1,All,#4682B4,0
9,17,1.5,0,5.71957e+15,0,1,All,#4682B4,0
10,17,1.5,0,5.71957e+15,1.32157,1,All,#4682B4,0
1,17,2,0,5.71957e+15,0,1,All,#4682B4,0
2,17,2,0,5.71957e+15,0,1,All,#4682B4,0
3,17,2,0,5.71957e+15,0,1,All,#4682B4,0
4,17,2,0,5.71957e+15,0,1,All,#4682B4,0
5,17,2,0,5.71957e+15,0,1,All,#4682B4,0
6,17,2,0,5.71957e+15,0,1,All,#4682B4,0
7,17,2,0,5.71957e+15,0,1,All,#4682B4,0
8,17,2,0,5.71957e+15,0,1,All,#4682B4,0
9,17,2,0,5.71957e+15,0,1,All,#4682B4,0
10,17,2,0,5.71957e+15,1.52229,1,All,#4682B4,0
1,17,2.5,0,5.71957e+15,0,1,All,#4682B4,0
2,17,2.5,0,5.71957e+15,0,1,All,#4682B4,0
3,17,2.5,0,5.71957e+15,1.14634,1,All,#4682B4,0
4,17,2.5,0,5.71957e+15,0,1,All,#4682B4,0
5,17,2.5,0,5.71957e+15,0,1,All,#4682B4,0
6,17,2.5,0,5.71957e+15,0,1,All,#4682B4,0
7,17,2.5,0,5.71957e+15,0,1,All,#4682B4,0
8,17,2.5,0,5.71957e+15,1.25905,1,All,#4682B4,0
9,17,2.5,0,5.71957e+15,2.61514,1,All,#4682B4,0
10,17,2.5,0,5.71957e+15,0,1,All,#4682B4,0
1,17,3,0,5.71957e+15,1.47358,1,All,#4682B4,0
2,17,3,0,5.71957e+15,0,1,All,#4682B4,0
3,17,3,0,5.71957e+15,2.21439,1,All,#4682B4,0
4,17,3,0.497156,3.96434,-1.07268,1,All,#4682B4,0
5,17,3,0,5.71957e+15,1.19637,1,All,#4682B4,0
6,17,3,0,5.71957e+15,1.84188,1,All,#4682B4,0
7,17,3,0,5.71957e+15,0,1,All,#4682B4,0
8,17,3,0,5.71957e+15,0,1,All,#4682B4,0
9,17,3,0.166005,16.9597,0.934623,1,All,#4682B4,0
10,17,3,0,5.71957e+15,1.33211,1,All,#4682B4,0
1,17,3.5,0.324678,7.42504,-0.168395,1,All,#4682B4,0
2,17,3.5,0.578444,3.04886,-1.25419,1,All,#4682B4,0
3,17,3.5,0.718454,1.95774,-0.108209,1,All,#4682B4,0
4,17,3.5,1.72824,-0.676172,-1.69613,1,All,#4682B4,0
5,17,3.5,0.977648,0.762595,-1.3276,1,All,#4682B4,0
6,17,3.5,0.53011,3.55937,-0.17661,1,All,#4682B4,0
7,17,3.5,0.649792,2.43408,0.7791,1,All,#4682B4,0
8,17,3.5,0.309414,7.91714,-0.436773,1,All,#4682B4,0
9,17,3.5,1.33419,-0.122691,-0.451254,1,All,#4682B4,0
10,17,3.5,0.806401,1.4661,-1.16758,1,All,#4682B4,0
1,17,4,1.15975,1.34188,1.34188,0,All,#4682B4,0
2,17,4,1.4328,0.60016,0.60016,0,All,#4682B4,0
3,17,4,1.47493,0.510182,0.510182,0,All,#4682B4,0
4,17,4,2.29895,-0.586752,-0.586752,0,All,#4682B4,0
5,17,4,1.66515,0.160579,0.160579,0,All,#4682B4,0
6,17,4,1.29718,0.929526,0.929526,0,All,#4682B4,0
7,17,4,1.47027,0.519877,0.519877,0,All,#4682B4,0
8,17,4,1.27515,0.989664,0.989664,0,All,#4682B4,0
9,17,4,1.93469,-0.217086,-0.217086,0,All,#4682B4,0
10,17,4,1.56054,0.342286,0.342286,0,All,#4682B4,0
1,17,4.5,1.8781,0.314887,0.314887,0,All,#4682B4,0
2,17,4.5,2.06434,0.0564107,0.0564107,0,All,#4682B4,0
3,17,4.5,2.05594,0.067051,0.067051,0,All,#4682B4,0
4,17,4.5,2.62827,-0.502871,-0.502871,0,All,#4682B4,0
5,17,4.5,2.13206,-0.0263857,-0.0263857,0,All,#4682B4,0
6,17,4.5,1.97897,0.168853,0.168853,0,All,#4682B4,0
7,17,4.5,2.07056,0.04858,0.04858,0,All,#4682B4,0
8,17,4.5,2.05016,0.0744326,0.0744326,0,All,#4682B4,0
9,17,4.5,2.30454,-0.215276,-0.215276,0,All,#4682B4,0
10,17,4.5,2.12855,-0.0222293,-0.0222293,0,All,#4682B4,0
1,17,5,2.49919,-0.233862,-0.233862,0,All,#4682B4,0
2,17,5,2.54146,-0.272393,-0.272393,0,All,#4682B4,0
3,17,5,2.50959,-0.243467,-0.243467,0,All,#4682B4,0
4,17,5,2.82955,-0.504308,-0.504308,0,All,#4682B4,0
5,17,5,2.46246,-0.199316,-0.199316,0,All,#4682B4,0
6,17,5,2.5842,-0.310063,-0.310063,0,All,#4682B4,0
7,17,5,2.52292,-0.255654,-0.255654,0,All,#4682B4,0
8,17,5,2.6805,-0.39054,-0.39054,0,All,#4682B4,0
9,17,5,2.5435,-0.274215,-0.274215,0,All,#4682B4,0
10,17,5,2.56628,-0.294425,-0.294425,0,All,#4682B4,0
1,17,5.5,3.0231,0.225147,0.225147,0,All,#4682B4,0
2,17,5.5,2.89928,0.343672,0.343672,0,All,#4682B4,0
3,17,5.5,2.86069,0.382709,0.382709,0,All,#4682B4,0
4,17,5.5,2.94265,0.301023,0.301023,0,All,#4682B4,0
5,17,5.5,2.69594,0.561942,0.561942,0,All,#4682B4,0
6,17,5.5,3.10634,0.150778,0.150778,0,All,#4682B4,0
7,17,5.5,2.85831,0.385156,0.385156,0,All,#4682B4,0
8,17,5.5,3.18072,0.0876178,0.0876178,0,All,#4682B4,0
9,17,5.5,2.6947,0.563378,0.563378,0,All,#4682B4,0
10,17,5.5,2.90003,0.342928,0.342928,0,All,#4682B4,0
1,17,6,3.41821,-0.513443,-0.513443,0,All,#4682B4,0
2,17,6,3.13675,-0.330687,-0.330687,0,All,#4682B4,0
3,17,6,3.10635,-0.308964,-0.308964,0,All,#4682B4,0
4,17,6,2.97975,-0.213744,-0.213744,0,All,#4682B4,0
5,17,6,2.84595,-0.103897,-0.103897,0,All,#4682B4,0
6,17,6,3.50187,-0.562104,-0.562104,0,All,#4682B4,0
7,17,6,3.0762,-0.287001,-0.287001,0,All,#4682B4,0
8,17,6,3.51872,-0.571621,-0.571621,0,All,#4682B4,0
9,17,6,2.77783,-0.0439104,-0.0439104,0,All,#4682B4,0
10,17,6,3.12903,-0.325213,-0.325213,0,All,#4682B4,0
1,17,6.5,3.61018,0.0705129,0.0705129,0,All,#4682B4,0
2,17,6.5,3.22756,0.381191,0.381191,0,All,#4682B4,0
3,17,6.5,3.22924,0.379668,0.379668,0,All,#4682B4,0
4,17,6.5,2.94609,0.661253,0.661253,0,All,#4682B4,0
5,17,6.5,2.90528,0.706363,0.706363,0,All,#4682B4,0
6,17,6.5,3.68467,0.0175324,0.0175324,0,All,#4682B4,0
7,17,6.5,3.1565,0.447185,0.447185,0,All,#4682B4,0
8,17,6.5,3.62193,0.06201,0.06201,0,All,#4682B4,0
9,17,6.5,2.80035,0.828384,0.828384,0,All,#4682B4,0
10,17,6.5,3.22276,0.385553,0.385553,0,All,#4682B4,0
1,17,7,3.54091,0.805974,0.805974,0,All,#4682B4,0
2,17,7,3.15248,1.2195,1.2195,0,All,#4682B4,0
3,17,7,3.21272,1.14882,1.14882,0,All,#4682B4,0
4,17,7,2.84897,1.6211,1.6211,0,All,#4682B4,0
5,17,7,2.86421,1.59891,1.59891,0,All,#4682B4,0
6,17,7,3.60143,0.749578,0.749578,0,All,#4682B4,0
7,17,7,3.08973,1.29606,1.29606,0,All,#4682B4,0
8,17,7,3.46678,0.877739,0.877739,0,All,#4682B4,0
9,17,7,2.76537,1.7472,1.7472,0,All,#4682B4,0
10,17,7,3.16145,1.2088,1.2088,0,All,#4682B4,0
1,17,7.5,3.23995,0.905216,0.905216,0,All,#4682B4,0
2,17,7.5,2.93775,1.26066,1.26066,0,All,#4682B4,0
3,17,7.5,3.05357,1.11612,1.11612,0,All,#4682B4,0
4,17,7.5,2.69732,1.60034,1.60034,0,All,#4682B4,0
5,17,7.5,2.72854,1.55285,1.55285,0,All,#4682B4,0
6,17,7.5,3.30992,0.832166,0.832166,0,All,#4682B4,0
7,17,7.5,2.89771,1.31331,1.31331,0,All,#4682B4,0
8,17,7.5,3.12757,1.02937,1.02937,0,All,#4682B4,0
9,17,7.5,2.67571,1.63387,1.63387,0,All,#4682B4,0
10,17,7.5,2.96184,1.22967,1.22967,0,All,#4682B4,0
1,17,8,2.78857,0.732915,0.732915,0,All,#4682B4,0
2,17,8,2.62953,0.931485,0.931485,0,All,#4682B4,0
3,17,8,2.76899,0.756129,0.756129,0,All,#4682B4,0
4,17,8,2.50233,1.10848,1.10848,0,All,#4682B4,0
5,17,8,2.5102,1.097,1.097,0,All,#4682B4,0
6,17,8,2.9158,0.589662,0.589662,0,All,#4682B4,0
7,17,8,2.61814,0.94663,0.94663,0,All,#4682B4,0
8,17,8,2.69674,0.844721,0.844721,0,All,#4682B4,0
9,17,8,2.5357,1.06032,1.06032,0,All,#4682B4,0
10,17,8,2.66027,0.89125,0.89125,0,All,#4682B4,0
1,17,8.5,2.26505,-0.579886,-0.579886,0,All,#4682B4,0
2,17,8.5,2.26511,-0.579937,-0.579937,0,All,#4682B4,0
3,17,8.5,2.39505,-0.686832,-0.686832,0,All,#4682B4,0
4,17,8.5,2.27437,-0.587958,-0.587958,0,All,#4682B4,0
5,17,8.5,2.22954,-0.548504,-0.548504,0,All,#4682B4,0
6,17,8.5,2.48008,-0.75072,-0.75072,0,All,#4682B4,0
7,17,8.5,2.27677,-0.590025,-0.590025,0,All,#4682B4,0
8,17,8.5,2.23462,-0.553056,-0.553056,0,All,#4682B4,0
9,17,8.5,2.35162,-0.652419,-0.652419,0,All,#4682B4,0
10,17,8.5,2.29722,-0.607482,-0.607482,0,All,#4682B4,0
1,17,9,1.71065,-0.656908,-1.54164,1,All,#4682B4,0
2,17,9,1.86881,-0.817135,-1.12571,1,All,#4682B4,0
3,17,9,1.96449,-0.90155,-1.2924,1,All,#4682B4,0
4,17,9,2.02207,-0.948493,-1.47129,1,All,#4682B4,0
5,17,9,1.90293,-0.848213,-0.95083,1,All,#4682B4,0
6,17,9,2.03043,-0.955088,-1.27194,1,All,#4682B4,0
7,17,9,1.90113,-0.846598,-1.50358,1,All,#4682B4,0
8,17,9,1.76803,-0.718352,-1.66143,1,All,#4682B4,0
9,17,9,2.13159,-1.03079,-1.19793,1,All,#4682B4,0
10,17,9,1.90982,-0.85435,-1.87854,1,All,#4682B4,0
1,17,9.5,1.15332,0.257993,-0.375137,1,All,#4682B4,0
2,17,9.5,1.45666,-0.326788,-0.795875,1,All,#4682B4,0
3,17,9.5,1.50304,-0.395401,-0.759739,1,All,#4682B4,0
4,17,9.5,1.75375,-0.703441,-2.48554,1,All,#4682B4,0
5,17,9.5,1.54797,-0.457943,-1.7519,1,All,#4682B4,0
6,17,9.5,1.58058,-0.501099,-0.620455,1,All,#4682B4,0
7,17,9.5,1.51117,-0.40699,-1.35483,1,All,#4682B4,0
8,17,9.5,1.30536,-0.0690807,-1.14599,1,All,#4682B4,0
9,17,9.5,1.88538,-0.832366,-2.27466,1,All,#4682B4,0
10,17,9.5,1.52304,-0.423685,-0.657028,1,All,#4682B4,0
1,17,10,0.608628,2.77118,0.896118,1,All,#4682B4,0
2,17,10,1.04154,0.559389,-0.849898,1,All,#4682B4,0
3,17,10,1.03148,0.589697,-0.135623,1,All,#4682B4,0
4,17,10,1.47875,-0.359995,-2.0085,1,All,#4682B4,0
5,17,10,1.18341,0.186595,-0.366555,1,All,#4682B4,0
6,17,10,1.13789,0.296074,-1.85686,1,All,#4682B4,0
7,17,10,1.12202,0.33633,-1.37137,1,All,#4682B4,0
8,17,10,0.858072,1.22425,-1.22599,1,All,#4682B4,0
9,17,10,1.62088,-0.552056,-0.61281,1,All,#4682B4,0
10,17,10,1.14893,0.268718,-0.932226,1,All,#4682B4,0
1,17,10.5,0.0822011,36.8499,0.0632112,1,All,#4682B4,0
2,17,10.5,0.63527,2.54802,0.146709,1,All,#4682B4,0
3,17,10.5,0.568035,3.15146,0.883962,1,All,#4682B4,0
4,17,10.5,1.20507,0.137401,-1.18938,1,All,#4682B4,0
5,17,10.5,0.827947,1.36158,0.484966,1,All,#4682B4,0
6,17,10.5,0.707096,2.03014,0.582008,1,All,#4682B4,0
7,17,10.5,0.74749,1.78263,-0.816799,1,All,#4682B4,0
8,17,10.5,0.434132,4.91007,-0.836517,1,All,#4682B4,0
9,17,10.5,1.34761,-0.146876,-0.435833,1,All,#4682B4,0
10,17,10.5,0.797964,1.50856,1.26033,1,All,#4682B4,0
1,17,11,0,5.71957e+15,1.15896,1,All,#4682B4,0
2,17,11,0.248355,10.4905,1.52891,1,All,#4682B4,0
3,17,11,0.128064,22.7398,-1.36577,1,All,#4682B4,0
4,17,11,0.944664,0.878265,-1.40758,1,All,#4682B4,0
5,17,11,0.496855,3.96829,0.484654,1,All,#4682B4,0
6,17,11,0.292271,8.53107,2.12893,1,All,#4682B4,0
7,17,11,0.397769,5.59205,-0.910731,1,All,#4682B4,0
8,17,11,0.0388594,80.7948,1.01327,1,All,#4682B4,0
9,17,11,1.07168,0.47192,-0.803174,1,All,#4682B4,0
10,17,11,0.478462,4.21886,0.592068,1,All,#4682B4,0
1,17,11.5,0,5.71957e+15,1.86081,1,All,#4682B4,0
2,17,11.5,0,5.71957e+15,1.52695,1,All,#4682B4,0
3,17,11.5,0,5.71957e+15,1.28388,1,All,#4682B4,0
4,17,11.5,0.709405,2.01524,-0.103975,1,All,#4682B4,0
5,17,11.5,0.205301,13.2254,-0.254215,1,All,#4682B4,0
6,17,11.5,0,5.71957e+15,0,1,All,#4682B4,0
7,17,11.5,0.079596,38.1395,-1.16315,1,All,#4682B4,0
8,17,11.5,0,5.71957e+15,0,1,All,#4682B4,0
9,17,11.5,0.803853,1.47883,-1.71003,1,All,#4682B4,0
10,17,11.5,0.19414,14.1323,-0.864599,1,All,#4682B4,0
1,17,12,0,5.71957e+15,0,1,All,#4682B4,0
2,17,12,0,5.71957e+15,0,1,All,#4682B4,0
3,17,12,0,5.71957e+15,1.38001,1,All,#4682B4,0
4,17,12,0.50857,3.81812,-0.87832,1,All,#4682B4,0
5,17,12,0,5.71957e+15,0,1,All,#4682B4,0
6,17,12,0,5.71957e+15,0,1,All,#4682B4,0
7,17,12,0,5.71957e+15,0,1,All,#4682B4,0
8,17,12,0,5.71957e+15,1.72268,1,All,#4682B4,0
9,17,12,0.548691,3.35247,-0.312042,1,All,#4682B4,0
10,17,12,0,5.71957e+15,0,1,All,#4682B4,0
1,17,12.5,0,5.71957e+15,0,1,All,#4682B4,0
2,17,12.5,0,5.71957e+15,0,1,All,#4682B4,0
3,17,12.5,0,5.71957e+15,0,1,All,#4682B4,0
4,17,12.5,0.346635,6.79316,0.43334,1,All,#4682B4,0
5,17,12.5,0,5.71957e+15,1.60571,1,All,#4682B4,0
6,17,12.5,0,5.71957e+15,1.72077,1,All,#4682B4,0
7,17,12.5,0,5.71957e+15,0,1,All,#4682B4,0
8,17,12.5,0,5.71957e+15,0,1,All,#4682B4,0
9,17,12.5,0.314083,7.76153,-0.407483,1,All,#4682B4,0
10,17,12.5,0,5.71957e+15,0,1,All,#4682B4,0
1,17,13,0,5.71957e+15,1.59282,1,All,#4682B4,0
2,17,13,0,5.71957e+15,0,1,All,#4682B4,0
3,17,13,0,5.71957e+15,0,1,All,#4682B4,0
4,17,13,0.223586,11.9352,0.701032,1,All,#4682B4,0
5,17,13,0,5.71957e+15,0,1,All,#4682B4,0
6,17,13,0,5.71957e+15,0,1,All,#4682B4,0
7,17,13,0,5.71957e+15,0,1,All,#4682B4,0
8,17,13,0,5.71957e+15,1.01851,1,All,#4682B4,0
9,17,13,0.0999234,29.862,-0.419695,1,All,#4682B4,0
10,17,13,0,5.71957e+15,1.67908,1,All,#4682B4,0
1,17,13.5,0,5.71957e+15,0,1,All,#4682B4,0
2,17,13.5,0,5.71957e+15,1.14996,1,All,#4682B4,0
3,17,13.5,0,5.71957e+15,0,1,All,#4682B4,0
4,17,13.5,0.135658,21.3241,0.450229,1,All,#4682B4,0
5,17,13.5,0,5.71957e+15,0,1,All,#4682B4,0
6,17,13.5,0,5.71957e+15,0,1,All,#4682B4,0
7,17,13.5,0,5.71957e+15,1.78821,1,All,#4682B4,0
8,17,13.5,0,5.71957e+15,1.42799,1,All,#4682B4,0
9,17,13.5,0,5.71957e+15,0,1,All,#4682B4,0
10,17,13.5,0,5.71957e+15,0,1,All,#4682B4,0
1,17,14,0,5.71957e+15,1.00807,1,All,#4682B4,0
2,17,14,0,5.71957e+15,0,1,All,#4682B4,0
3,17,14,0,5.71957e+15,1.72968,1,All,#4682B4,0
4,17,14,0.0770016,39.5104,-1.46093,1,All,#4682B4,0
5,17,14,0,5.71957e+15,0,1,All,#4682B4,0
6,17,14,0,5.71957e+15,1.27323,1,All,#4682B4,0
7,17,14,0,5.71957e+15,1.57719,1,All,#4682B4,0
8,17,14,0,5.71957e+15,1.36802,1,All,#4682B4,0
9,17,14,0,5.71957e+15,1.211,1,All,#4682B4,0
10,17,14,0,5.71957e+15,1.36505,1,All,#4682B4,0
1,17,14.5,0,5.71957e+15,2.45539,1,All,#4682B4,0
2,17,14.5,0,5.71957e+15,2.70089,1,All,#4682B4,0
3,17,14.5,0,5.71957e+15,0,1,All,#4682B4,0
4,17,14.5,0.0424223,73.7948,-1.04592,1,All,#4682B4,0
5,17,14.5,0,5.71957e+15,1.94397,1,All,#4682B4,0
6,17,14.5,0,5.71957e+15,1.78936,1,All,#4682B4,0
7,17,14.5,0,5.71957e+15,0,1,All,#4682B4,0
8,17,14.5,0,5.71957e+15,0,1,All,#4682B4,0
9,17,14.5,0,5.71957e+15,1.76397,1,All,#4682B4,0
10,17,14.5,0,5.71957e+15,0,1,All,#4682B4,0
1,17,15,0,5.71957e+15,0,1,All,#4682B4,0
2,17,15,0,5.71957e+15,0,1,All,#4682B4,0
3,17,15,0,5.71957e+15,0,1,All,#4682B4,0
4,17,15,0.0232387,136.818,0.278953,1,All,#4682B4,0
5,17,15,0,5.71957e+15,0,1,All,#4682B4,0
6,17,15,0,5.71957e+15,1.48689,1,All,#4682B4,0
7,17,15,0,5.71957e+15,0,1,All,#4682B4,0
8,17,15,0,5.71957e+15,0,1,All,#4682B4,0
9,17,15,0,5.71957e+15,1.86344,1,All,#4682B4,0
10,17,15,0,5.71957e+15,0,1,All,#4682B4,0
1,17,15.5,0,5.71957e+15,0,1,All,#4682B4,0
2,17,15.5,0,5.71957e+15,1.26856,1,All,#4682B4,0
3,17,15.5,0,5.71957e+15,0,1,All,#4682B4,0
4,17,15.5,0.0161497,197.994,-0.875655,1,All,#4682B4,0
5,17,15.5,0,5.71957e+15,0,1,All,#4682B4,0
6,17,15.5,0,5.71957e+15,0,1,All,#4682B4,0
7,17,15.5,0,5.71957e+15,1.34911,1,All,#4682B4,0
8,17,15.5,0,5.71957e+15,1.37051,1,All,#4682B4,0
9,17,15.5,0,5.71957e+15,0,1,All,#4682B4,0
10,17,15.5,0,5.71957e+15,0,1,All,#4682B4,0
1,18,1,0,5.71957e+15,1.55345,1,All,#4682B4,0
2,18,1,0,5.71957e+15,1.46895,1,All,#4682B4,0
3,18,1,0,5.71957e+15,0,1,All,#4682B4,0
4,18,1,0,5.71957e+15,0,1,All,#4682B4,0
5,18,1,0,5.71957e+15,0,1,All,#4682B4,0
6,18,1,0,5.71957e+15,0,1,All,#4682B4,0
7,18,1,0,5.71957e+15,1.5452,1,All,#4682B4,0
8,18,1,0,5.71957e+15,1.0718,1,All,#4682B4,0
9,18,1,0,5.71957e+15,0,1,All,#4682B4,0
10,18,1,0,5.71957e+15,0,1,All,#4682B4,0
1,18,1.5,0,5.71957e+15,0,1,All,#4682B4,0
2,18,1.5,0,5.71957e+15,0,1,All,#4682B4,0
3,18,1.5,0,5.71957e+15,0,1,All,#4682B4,0
4,18,1.5,0,5.71957e+15,0,1,All,#4682B4,0
5,18,1.5,0,5.71957e+15,0,1,All,#4682B4,0
6,18,1.5,0,5.71957e+15,0,1,All,#4682B4,0
7,18,1.5,0,5.71957e+15,0,1,All,#4682B4,0
8,18,1.5,0,5.71957e+15,0,1,All,#4682B4,0
9,18,1.5,0,5.71957e+15,2.47592,1,All,#4682B4,0
10,18,1.5,0,5.71957e+15,0,1,All,#4682B4,0
1,18,2,0,5.71957e+15,0,1,All,#4682B4,0
2,18,2,0,5.71957e+15,0,1,All,#4682B4,0
3,18,2,0,5.71957e+15,0,1,All,#4682B4,0
4,18,2,0,5.71957e+15,0,1,All,#4682B4,0
5,18,2,0,5.71957e+15,0,1,All,#4682B4,0
6,18,2,0,5.71957e+15,0,1,All,#4682B4,0
7,18,2,0,5.71957e+15,0,1,All,#4682B4,0
8,18,2,0,5.71957e+15,0,1,All,#4682B4,0
9,18,2,0,5.71957e+15,0,1,All,#4682B4,0
10,18,2,0,5.71957e+15,2.02252,1,All,#4682B4,0
1,18,2.5,0,5.71957e+15,0,1,All,#4682B4,0
2,18,2.5,0,5.71957e+15,0,1,All,#4682B4,0
3,18,2.5,0.691417,2.13401,0.929762,1,All,#4682B4,0
4,18,2.5,0.800759,1.4944,-0.458267,1,All,#4682B4,0
5,18,2.5,0,5.71957e+15,1.1248,1,All,#4682B4,0
6,18,2.5,0.120128,24.4104,0.708522,1,All,#4682B4,0
7,18,2.5,0.12874,22.607,0.740685,1,All,#4682B4,0
8,18,2.5,0,5.71957e+15,0,1,All,#4682B4,0
9,18,2.5,0,5.71957e+15,1.26111,1,All,#4682B4,0
10,18,2.5,0,5.71957e+15,1.18112,1,All,#4682B4,0
1,18,3,1.67525,1.3316,1.3316,0,All,#4682B4,0
2,18,3,1.88593,0.897961,0.897961,0,All,#4682B4,0
3,18,3,1.88857,0.89314,0.89314,0,All,#4682B4,0
4,18,3,2.01022,0.684774,0.684774,0,All,#4682B4,0
5,18,3,2.2483,0.342216,0.342216,0,All,#4682B4,0
6,18,3,2.22199,0.376457,0.376457,0,All,#4682B4,0
7,18,3,1.77968,1.10383,1.10383,0,All,#4682B4,0
8,18,3,1.6601,1.36703,1.36703,0,All,#4682B4,0
9,18,3,2.04897,0.623591,0.623591,0,All,#4682B4,0
10,18,3,1.80062,1.06134,1.06134,0,All,#4682B4,0
1,18,3.5,2.46185,0.070597,0.070597,0,All,#4682B4,0
2,18,3.5,2.6309,-0.0978006,-0.0978006,0,All,#4682B4,0
3,18,3.5,2.31176,0.240752,0.240752,0,All,#4682B4,0
4,18,3.5,2.60014,-0.0687882,-0.0687882,0,All,#4682B4,0
5,18,3.5,3.13744,-0.493739,-0.493739,0,All,#4682B4,0
6,18,3.5,2.80951,-0.253709,-0.253709,0,All,#4682B4,0
7,18,3.5,2.30228,0.252243,0.252243,0,All,#4682B4,0
8,18,3.5,2.97499,-0.381446,-0.381446,0,All,#4682B4,0
9,18,3.5,2.56678,-0.0365396,-0.0365396,0,All,#4682B4,0
10,18,3.5,2.51443,0.0157869,0.0157869,0,All,#4682B4,0
1,18,4,2.83642,-0.500271,-0.500271,0,All,#4682B4,0
2,18,4,3.02193,-0.626106,-0.626106,0,All,#4682B4,0
3,18,4,2.52992,-0.251919,-0.251919,0,All,#4682B4,0
4,18,4,2.94848,-0.578176,-0.578176,0,All,#4682B4,0
5,18,4,3.58366,-0.927702,-0.927702,0,All,#4682B4,0
6,18,4,3.09715,-0.672838,-0.672838,0,All,#4682B4,0
7,18,4,2.57051,-0.288209,-0.288209,0,All,#4682B4,0
8,18,4,3.42911,-0.85458,-0.85458,0,All,#4682B4,0
9,18,4,2.81412,-0.484025,-0.484025,0,All,#4682B4,0
10,18,4,2.85417,-0.513015,-0.513015,0,All,#4682B4,0
1,18,4.5,3.0366,0.498345,0.498345,0,All,#4682B4,0
2,18,4.5,3.24325,0.304102,0.304102,0,All,#4682B4,0
3,18,4.5,2.64688,0.9472,0.9472,0,All,#4682B4,0
4,18,4.5,3.161,0.378374,0.378374,0,All,#4682B4,0
5,18,4.5,3.82212,-0.128183,-0.128183,0,All,#4682B4,0
6,18,4.5,3.25619,0.292763,0.292763,0,All,#4682B4,0
7,18,4.5,2.72196,0.850742,0.850742,0,All,#4682B4,0
8,18,4.5,3.61702,0.00915467,0.00915467,0,All,#4682B4,0
9,18,4.5,2.93793,0.600726,0.600726,0,All,#4682B4,0
10,18,4.5,3.03847,0.496466,0.496466,0,All,#4682B4,0
1,18,5,3.13204,0.340316,0.340316,0,All,#4682B4,0
2,18,5,3.34125,0.159331,0.159331,0,All,#4682B4,0
3,18,5,2.69204,0.812745,0.812745,0,All,#4682B4,0
4,18,5,3.27187,0.216784,0.216784,0,All,#4682B4,0
5,18,5,3.8901,-0.222953,-0.222953,0,All,#4682B4,0
6,18,5,3.31996,0.1767,0.1767,0,All,#4682B4,0
7,18,5,2.79781,0.685613,0.685613,0,All,#4682B4,0
8,18,5,3.61909,-0.0486847,-0.0486847,0,All,#4682B4,0
9,18,5,2.97391,0.494004,0.494004,0,All,#4682B4,0
10,18,5,3.12407,0.347689,0.347689,0,All,#4682B4,0
1,18,5.5,3.14457,0.604527,0.604527,0,All,#4682B4,0
2,18,5.5,3.33469,0.424672,0.424672,0,All,#4682B4,0
3,18,5.5,2.67654,1.15617,1.15617,0,All,#4682B4,0
4,18,5.5,3.29015,0.46494,0.46494,0,All,#4682B4,0
5,18,5.5,3.80843,0.0546206,0.0546206,0,All,#4682B4,0
6,18,5.5,3.30444,0.451903,0.451903,0,All,#4682B4,0
7,18,5.5,2.81237,0.977165,0.977165,0,All,#4682B4,0
8,18,5.5,3.50083,0.28349,0.28349,0,All,#4682B4,0
9,18,5.5,2.93607,0.828558,0.828558,0,All,#4682B4,0
10,18,5.5,3.12745,0.621803,0.621803,0,All,#4682B4,0
1,18,6,3.0825,1.10653,1.10653,0,All,#4682B4,0
2,18,6,3.23205,0.937331,0.937331,0,All,#4682B4,0
3,18,6,2.60816,1.77156,1.77156,0,All,#4682B4,0
4,18,6,3.22187,0.948349,0.948349,0,All,#4682B4,0
5,18,6,3.61889,0.564534,0.564534,0,All,#4682B4,0
6,18,6,3.21664,0.954037,0.954037,0,All,#4682B4,0
7,18,6,2.7692,1.52023,1.52023,0,All,#4682B4,0
8,18,6,3.3193,0.845652,0.845652,0,All,#4682B4,0
9,18,6,2.83899,1.42018,1.42018,0,All,#4682B4,0
10,18,6,3.05803,1.13579,1.13579,0,All,#4682B4,0
1,18,6.5,2.95356,0.722202,0.722202,0,All,#4682B4,0
2,18,6.5,3.0521,0.61655,0.61655,0,All,#4682B4,0
3,18,6.5,2.49894,1.31753,1.31753,0,All,#4682B4,0
4,18,6.5,3.07887,0.589014,0.589014,0,All,#4682B4,0
5,18,6.5,3.36431,0.32268,0.32268,0,All,#4682B4,0
6,18,6.5,3.06386,0.604394,0.604394,0,All,#4682B4,0
7,18,6.5,2.67536,1.06249,1.06249,0,All,#4682B4,0
8,18,6.5,3.10198,0.565628,0.565628,0,All,#4682B4,0
9,18,6.5,2.69971,1.0299,1.0299,0,All,#4682B4,0
10,18,6.5,2.92927,0.749335,0.749335,0,All,#4682B4,0
1,18,7,2.7682,0.582036,0.582036,0,All,#4682B4,0
2,18,7,2.81725,0.527502,0.527502,0,All,#4682B4,0
3,18,7,2.35966,1.12434,1.12434,0,All,#4682B4,0
4,18,7,2.87743,0.463139,0.463139,0,All,#4682B4,0
5,18,7,3.07193,0.272352,0.272352,0,All,#4682B4,0
6,18,7,2.85557,0.486206,0.486206,0,All,#4682B4,0
7,18,7,2.53786,0.866329,0.866329,0,All,#4682B4,0
8,18,7,2.85693,0.484765,0.484765,0,All,#4682B4,0
9,18,7,2.53112,0.875423,0.875423,0,All,#4682B4,0
10,18,7,2.75612,0.595773,0.595773,0,All,#4682B4,0
1,18,7.5,2.53875,-1.27446,-1.35191,1,All,#4682B4,0
2,18,7.5,2.54424,-1.27722,-1.60246,1,All,#4682B4,0
3,18,7.5,2.19819,-1.07682,-2.08207,1,All,#4682B4,0
4,18,7.5,2.63616,-1.3216,-1.66763,1,All,#4682B4,0
5,18,7.5,2.75569,-1.3749,-1.61815,1,All,#4682B4,0
6,18,7.5,2.60336,-1.30612,-1.65534,1,All,#4682B4,0
7,18,7.5,2.3617,-1.17883,-2.5243,1,All,#4682B4,0
8,18,7.5,2.58553,-1.29755,-1.4371,1,All,#4682B4,0
9,18,7.5,2.34078,-1.16657,-1.24708,1,All,#4682B4,0
10,18,7.5,2.55112,-1.28065,-2.39605,1,All,#4682B4,0
1,18,8,2.27823,-1.12858,-1.22794,1,All,#4682B4,0
2,18,8,2.2441,-1.10696,-1.33484,1,All,#4682B4,0
3,18,8,2.01945,-0.946414,-1.00286,1,All,#4682B4,0
4,18,8,2.37047,-1.1839,-1.44881,1,All,#4682B4,0
5,18,8,2.42408,-1.21412,-1.65812,1,All,#4682B4,0
6,18,8,2.3196,-1.15394,-1.27643,1,All,#4682B4,0
7,18,8,2.15273,-1.04571,-1.2181,1,All,#4682B4,0
8,18,8,2.28776,-1.13451,-2.21117,1,All,#4682B4,0
9,18,8,2.13247,-1.03142,-1.65467,1,All,#4682B4,0
10,18,8,2.322,-1.15538,-1.33675,1,All,#4682B4,0
1,18,8.5,1.99851,-0.929612,-0.968985,1,All,#4682B4,0
2,18,8.5,1.92521,-0.86791,-1.51293,1,All,#4682B4,0
3,18,8.5,1.82672,-0.777208,-0.809227,1,All,#4682B4,0
4,18,8.5,2.08904,-0.999836,-2.26662,1,All,#4682B4,0
5,18,8.5,2.08508,-0.996898,-1.93732,1,All,#4682B4,0
6,18,8.5,2.01672,-0.944244,-1.75622,1,All,#4682B4,0
7,18,8.5,1.91672,-0.860457,-0.960956,1,All,#4682B4,0
8,18,8.5,1.96577,-0.902622,-1.30331,1,All,#4682B4,0
9,18,8.5,1.90801,-0.852743,-0.863252,1,All,#4682B4,0
10,18,8.5,2.07373,-0.988396,-1.3368,1,All,#4682B4,0
1,18,9,1.71155,-0.657898,-1.44029,1,All,#4682B4,0
2,18,9,1.59627,-0.521246,-0.910995,1,All,#4682B4,0
3,18,9,1.62253,-0.554089,-0.63514,1,All,#4682B4,0
4,18,9,1.79744,-0.74833,-0.947766,1,All,#4682B4,0
5,18,9,1.75107,-0.700606,-1.77265,1,All,#4682B4,0
6,18,9,1.71028,-0.6565,-1.46002,1,All,#4682B4,0
7,18,9,1.65962,-0.598696,-1.31317,1,All,#4682B4,0
8,18,9,1.62393,-0.555798,-0.626199,1,All,#4682B4,0
9,18,9,1.66867,-0.609273,-0.891599,1,All,#4682B4,0
10,18,9,1.81045,-0.761273,-1.23259,1,All,#4682B4,0
1,18,9.5,1.42607,-0.27909,-1.03883,1,All,#4682B4,0
2,18,9.5,1.26871,0.00259276,-1.45438,1,All,#4682B4,0
3,18,9.5,1.40967,-0.252667,-1.21744,1,All,#4682B4,0
4,18,9.5,1.50357,-0.396161,-0.586937,1,All,#4682B4,0
5,18,9.5,1.43935,-0.300052,-0.921014,1,All,#4682B4,0
6,18,9.5,1.41933,-0.268312,-0.30826,1,All,#4682B4,0
7,18,9.5,1.38783,-0.21652,-0.37931,1,All,#4682B4,0
8,18,9.5,1.28542,-0.0305916,-0.757318,1,All,#4682B4,0
9,18,9.5,1.41659,-0.263895,-1.05239,1,All,#4682B4,0
10,18,9.5,1.53715,-0.443214,-2.06564,1,All,#4682B4,0
1,18,10,1.15528,1.04792,1.04792,0,All,#4682B4,0
2,18,10,0.960227,1.77879,1.77879,0,All,#4682B4,0
3,18,10,1.19257,0.935412,0.935412,0,All,#4682B4,0
4,18,10,1.21681,0.865951,0.865951,0,All,#4682B4,0
5,18,10,1.16852,1.00714,1.00714,0,All,#4682B4,0
6,18,10,1.15257,1.05637,1.05637,0,All,#4682B4,0
7,18,10,1.11353,1.18282,1.18282,0,All,#4682B4,0
8,18,10,0.98855,1.65476,1.65476,0,All,#4682B4,0
9,18,10,1.1568,1.04318,1.04318,0,All,#4682B4,0
10,18,10,1.26181,0.744125,0.744125,0,All,#4682B4,0
1,18,10.5,0.910145,1.0083,0.523777,1,All,#4682B4,0
2,18,10.5,0.689647,2.14604,1.36462,1,All,#4682B4,0
3,18,10.5,0.978957,0.758168,0.111375,1,All,#4682B4,0
4,18,10.5,0.94852,0.864329,0.125078,1,All,#4682B4,0
5,18,10.5,0.951461,0.853774,0.235275,1,All,#4682B4,0
6,18,10.5,0.916209,0.984746,-0.432786,1,All,#4682B4,0
7,18,10.5,0.855234,1.23677,-0.671745,1,All,#4682B4,0
8,18,10.5,0.765765,1.67922,0.86998,1,All,#4682B4,0
9,18,10.5,0.90015,1.04781,0.464364,1,All,#4682B4,0
10,18,10.5,0.998674,0.69285,0.41797,1,All,#4682B4,0
1,18,11,0.697572,2.09268,-0.359795,1,All,#4682B4,0
2,18,11,0.470997,4.32615,2.23071,1,All,#4682B4,0
3,18,11,0.780755,1.59802,1.58345,1,All,#4682B4,0
4,18,11,0.709529,2.01444,-1.91692,1,All,#4682B4,0
5,18,11,0.790797,1.54535,-0.64916,1,All,#4682B4,0
6,18,11,0.717994,1.96062,-1.36044,1,All,#4682B4,0
7,18,11,0.630698,2.58497,-2.08006,1,All,#4682B4,0
8,18,11,0.618261,2.68828,1.29087,1,All,#4682B4,0
9,18,11,0.665957,2.31309,1.48359,1,All,#4682B4,0
10,18,11,0.765732,1.6794,-0.162846,1,All,#4682B4,0
1,18,11.5,0.521647,3.65848,-0.755726,1,All,#4682B4,0
2,18,11.5,0.30797,7.9662,-0.29266,1,All,#4682B4,0
3,18,11.5,0.611842,2.74323,-1.22411,1,All,#4682B4,0
4,18,11.5,0.508795,3.81532,0.0254696,1,All,#4682B4,0
5,18,11.5,0.681195,2.2043,0.161439,1,All,#4682B4,0
6,18,11.5,0.555884,3.2761,0.368425,1,All,#4682B4,0
7,18,11.5,0.449692,4.65194,0.492562,1,All,#4682B4,0
8,18,11.5,0.528269,3.58066,1.04158,1,All,#4682B4,0
9,18,11.5,0.476149,4.25175,-1.99833,1,All,#4682B4,0
10,18,11.5,0.578527,3.04806,-0.236785,1,All,#4682B4,0
1,18,12,0.379609,5.98158,-0.404381,1,All,#4682B4,0
2,18,12,0.195681,14.0009,0.579173,1,All,#4682B4,0
3,18,12,0.48191,4.17043,1.48984,1,All,#4682B4,0
4,18,12,0.349467,6.71744,-0.209522,1,All,#4682B4,0
5,18,12,0.613477,2.72912,0.25956,1,All,#4682B4,0
6,18,12,0.425743,5.05707,0.177397,1,All,#4682B4,0
7,18,12,0.312477,7.81452,1.96466,1,All,#4682B4,0
8,18,12,0.47804,4.22484,1.16727,1,All,#4682B4,0
9,18,12,0.341026,6.94684,2.45922,1,All,#4682B4,0
10,18,12,0.442094,4.77571,-0.0601216,1,All,#4682B4,0
1,18,12.5,0.269271,9.47761,0.651196,1,All,#4682B4,0
2,18,12.5,0.125113,23.3363,0.892501,1,All,#4682B4,0
3,18,12.5,0.391971,5.7125,1.04391,1,All,#4682B4,0
4,18,12.5,0.230804,11.4822,0.113946,1,All,#4682B4,0
5,18,12.5,0.577814,3.05497,0.266772,1,All,#4682B4,0
6,18,12.5,0.322812,7.48268,-0.733718,1,All,#4682B4,0
7,18,12.5,0.212894,12.6627,0.647051,1,All,#4682B4,0
8,18,12.5,0.452734,4.60355,0.356144,1,All,#4682B4,0
9,18,12.5,0.255432,10.1293,-1.09197,1,All,#4682B4,0
10,18,12.5,0.351722,6.65805,0.493511,1,All,#4682B4,0
1,18,13,0.183925,15.0588,-1.27446,1,All,#4682B4,0
2,18,13,0.0861466,35.0454,0.589486,1,All,#4682B4,0
3,18,13,0.336119,7.08549,0.62533,1,All,#4682B4,0
4,18,13,0.149505,19.1128,-0.0865766,1,All,#4682B4,0
5,18,13,0.567169,3.16016,1.60839,1,All,#4682B4,0
6,18,13,0.241214,10.8766,-0.73722,1,All,#4682B4,0
7,18,13,0.142724,20.142,1.13151,1,All,#4682B4,0
8,18,13,0.441713,4.78203,0.000257522,1,All,#4682B4,0
9,18,13,0.206946,13.0999,0.0206084,1,All,#4682B4,0
10,18,13,0.297653,8.33073,0.144291,1,All,#4682B4,0
1,18,13.5,0.120054,24.427,0.0430539,1,All,#4682B4,0
2,18,13.5,0.0687141,44.5833,-0.0825754,1,All,#4682B4,0
3,18,13.5,0.305696,8.04443,0.5781,1,All,#4682B4,0
4,18,13.5,0.0996003,29.9671,-2.17641,1,All,#4682B4,0
5,18,13.5,0.571103,3.12083,1.21707,1,All,#4682B4,0
6,18,13.5,0.175421,15.9124,-0.122472,1,All,#4682B4,0
7,18,13.5,0.0937087,32.0115,-1.45959,1,All,#4682B4,0
8,18,13.5,0.43974,4.81492,-0.374834,1,All,#4682B4,0
9,18,13.5,0.183295,15.1193,-0.102089,1,All,#4682B4,0
10,18,13.5,0.269633,9.46146,-0.422109,1,All,#4682B4,0
1,18,14,0.0725395,42.0977,0.703595,1,All,#4682B4,0
2,18,14,0.069748,43.8846,-0.792184,1,All,#4682B4,0
3,18,14,0.292614,8.51811,-0.0622499,1,All,#4682B4,0
4,18,14,0.0747873,40.7557,1.76882,1,All,#4682B4,0
5,18,14,0.585773,2.97881,-0.510726,1,All,#4682B4,0
6,18,14,0.121322,24.1452,1.33704,1,All,#4682B4,0
7,18,14,0.0591663,52.1893,0.445269,1,All,#4682B4,0
8,18,14,0.440564,4.80116,2.31312,1,All,#4682B4,0
9,18,14,0.174973,15.9597,-1.55878,1,All,#4682B4,0
10,18,14,0.259025,9.95339,0.281343,1,All,#4682B4,0
1,18,14.5,0.0369103,85.1958,-1.64429,1,All,#4682B4,0
2,18,14.5,0.0804374,37.7138,-1.01838,1,All,#4682B4,0
3,18,14.5,0.290607,8.59453,-2.05828,1,All,#4682B4,0
4,18,14.5,0.0690654,44.3435,0.684458,1,All,#4682B4,0
5,18,14.5,0.607471,2.78132,-1.97403,1,All,#4682B4,0
6,18,14.5,0.0761892,39.9589,1.24451,1,All,#4682B4,0
7,18,14.5,0.0340197,92.6515,-0.235356,1,All,#4682B4,0
8,18,14.5,0.443941,4.74523,-0.277536,1,All,#4682B4,0
9,18,14.5,0.175952,15.8567,0.157473,1,All,#4682B4,0
10,18,14.5,0.259343,9.93805,-0.513869,1,All,#4682B4,0
1,18,15,0.0102802,312.496,-0.118215,1,All,#4682B4,0
2,18,15,0.097266,30.7475,0.592976,1,All,#4682B4,0
3,18,15,0.29573,8.40146,-1.38265,1,All,#4682B4,0
4,18,15,0.0773939,39.2972,0.186598,1,All,#4682B4,0
5,18,15,0.632972,2.56652,-0.130785,1,All,#4682B4,0
6,18,15,0.0361168,87.1238,-1.04035,1,All,#4682B4,0
7,18,15,0.0124183,258.253,-0.648165,1,All,#4682B4,0
8,18,15,0.446545,4.70268,0.966613,1,All,#4682B4,0
9,18,15,0.181583,15.2859,-0.709561,1,All,#4682B4,0
10,18,15,0.266197,9.61651,-1.44275,1,All,#4682B4,0
