ID,time,pop,popPred,indivPredMean,indivPredMode
7,1,0,0,0,0
7,1.02243,0,0,0,0
7,1.04536,0,0,0,0
7,1.06881,0,0,0,0.086391
7,1.09278,0,0,0,0.298355
7,1.11729,0,0,0,0.450164
7,1.12,0,0,0,0.464234
7,1.14235,0,0,0.0539126,0.564929
7,1.16797,0,0,0.282779,0.654951
7,1.19416,0,0,0.442469,0.727633
7,1.22095,0,0,0.561016,0.787849
7,1.24,0,0,0.627325,0.824363
7,1.24833,0,0,0.652779,0.83902
7,1.27633,0,0,0.726217,0.883674
7,1.30495,0,0,0.786813,0.923725
7,1.33422,0,0,0.838375,0.960607
7,1.36,0,0,0.877745,0.990788
7,1.36415,0,0,0.883676,0.995496
7,1.39474,0,0,0.924789,1.0293
7,1.42603,0,0,0.963237,1.06263
7,1.45801,0,0,1.00022,1.09596
7,1.48,0,0,1.02479,1.11868
7,1.49071,0,0,1.03659,1.12972
7,1.5,0,0,1.04676,1.13929
7,1.52414,0,0,1.07297,1.16415
7,1.55833,0,0,1.10979,1.19936
7,1.59328,0,0,1.14737,1.2355
7,1.6,0,0,1.15461,1.24248
7,1.62902,0,0,1.18591,1.27268
7,1.66555,0,0,1.22551,1.31096
7,1.70291,0,0,1.2663,1.35032
7,1.72,0.0870374,0.0870374,1.28507,1.36838
7,1.7411,0.594645,0.594645,1.30832,1.39076
7,1.78015,1.29661,1.29661,1.35159,1.43249
7,1.82008,1.87064,1.87064,1.39611,1.47536
7,1.84,2.12005,2.12005,1.41842,1.4968
7,1.8609,2.36046,2.36046,1.44189,1.51937
7,1.90264,2.78725,2.78725,1.48903,1.56484
7,1.94531,3.16489,3.16489,1.53758,1.61152
7,1.96,3.28366,3.28366,1.55437,1.62763
7,1.98894,3.50335,3.50335,1.58756,1.65949
7,2,3.58271,3.58271,1.60027,1.67172
7,2.03355,3.80967,3.80967,1.63896,1.70892
7,2.07916,4.08932,4.08932,1.69185,1.75974
7,2.08,4.09421,4.09421,1.69283,1.76068
7,2.12579,4.34645,4.34645,1.74635,1.81204
7,2.17347,4.58383,4.58383,1.80252,1.866
7,2.2,4.70657,4.70657,1.83397,1.89617
7,2.22222,4.80453,4.80453,1.86039,1.92146
7,2.27206,5.0102,5.0102,1.92,1.97863
7,2.32,5.19193,5.19193,1.97777,2.0341
7,2.32302,5.2029,5.2029,1.98142,2.03759
7,2.37512,5.38407,5.38407,2.04472,2.09815
7,2.42839,5.55472,5.55472,2.11004,2.16084
7,2.44,5.5902,5.5902,2.12436,2.17451
7,2.48285,5.7162,5.7162,2.17742,2.22514
7,2.5,5.76466,5.76466,2.19874,2.24555
7,2.53854,5.86999,5.86999,2.24684,2.29166
7,2.56,5.92639,5.92639,2.27374,2.31745
7,2.59548,6.01615,6.01615,2.31844,2.36026
7,2.65369,6.15463,6.15463,2.39244,2.43095
7,2.68,6.21391,6.21391,2.42612,2.46314
7,2.71321,6.28605,6.28605,2.46881,2.50392
7,2.77406,6.41112,6.41112,2.54753,2.57914
7,2.8,6.46181,6.46181,2.58134,2.61147
7,2.83628,6.53023,6.53023,2.6289,2.65691
7,2.89989,6.64379,6.64379,2.71302,2.73691
7,2.92,6.67809,6.67809,2.73979,2.76237
7,2.96493,6.75212,6.75212,2.79987,2.81959
7,3,6.80751,6.80751,2.84707,2.86456
7,3.03143,6.85547,6.85547,2.88961,2.90508
7,3.04,6.86827,6.86827,2.90124,2.91616
7,3.09942,6.95398,6.95398,2.98241,2.99343
7,3.16,7.03614,7.03614,3.06605,3.07292
7,3.16894,7.04783,7.04783,3.07847,3.08472
7,3.24001,7.13706,7.13706,3.17772,3.17907
7,3.28,7.18445,7.18445,3.23403,3.23263
7,3.31268,7.22172,7.22172,3.2804,3.27665
7,3.38698,7.30178,7.30178,3.3869,3.37757
7,3.4,7.31515,7.31515,3.40569,3.39538
7,3.46295,7.37714,7.37714,3.49695,3.48203
7,3.5,7.41163,7.41163,3.55115,3.53344
7,3.52,7.42962,7.42962,3.58057,3.56133
7,3.54062,7.44773,7.44773,3.61102,3.59017
7,3.62003,7.51342,7.51342,3.72936,3.70211
7,3.64,7.52894,7.52894,3.75934,3.73049
7,3.70122,7.57403,7.57403,3.85186,3.81806
7,3.76,7.61392,7.61392,3.94165,3.90297
7,3.78423,7.6294,7.6294,3.97897,3.93821
7,3.86911,7.67935,7.67935,4.11099,4.06275
7,3.88,7.68528,7.68528,4.12809,4.07886
7,3.95588,7.7237,7.7237,4.24796,4.19187
7,4,7.74373,7.74373,4.31836,4.25821
7,4.04461,7.76231,7.76231,4.3901,4.32579
7,4.12,7.79001,7.79001,4.51265,4.44118
7,4.13532,7.79508,7.79508,4.53774,4.46479
7,4.22807,7.82194,7.82194,4.69114,4.60909
7,4.24,7.82493,7.82493,4.71104,4.6278
7,4.3229,7.84288,7.84288,4.85062,4.75888
7,4.36,7.84938,7.84938,4.91373,4.81816
7,4.41986,7.85794,7.85794,5.0165,4.91455
7,4.48,7.8643,7.8643,5.12081,5.0124
7,4.5,7.86592,7.86592,5.15576,5.04515
7,4.51899,7.86725,7.86725,5.18906,5.07633
7,4.6,7.87066,7.87066,5.33236,5.21045
7,4.62034,7.87096,7.87096,5.36867,5.24443
7,4.72,7.86946,7.86946,5.54839,5.41252
7,4.72397,7.8693,7.8693,5.55561,5.41928
7,4.82992,7.86251,7.86251,5.75018,5.60098
7,4.84,7.86162,7.86162,5.76886,5.61842
7,4.93825,7.85089,7.85089,5.95258,5.78986
7,4.96,7.84804,7.84804,5.9936,5.82814
7,5,7.84239,7.84239,6.06942,5.89888
7,5.04901,7.83476,7.83476,6.16286,5.98603
7,5.08,7.82955,7.82955,6.22224,6.04138
7,5.16225,7.81443,7.81443,6.38079,6.18929
7,5.2,7.80689,7.80689,6.45394,6.25754
7,5.27803,7.79024,7.79024,6.60555,6.39926
7,5.32,7.78073,7.78073,6.68717,6.4757
7,5.39641,7.76251,7.76251,6.83527,6.61485
7,5.44,7.75164,7.75164,6.91917,6.69401
7,5.5,7.73617,7.73617,7.03337,6.80234
7,5.51744,7.73156,7.73156,7.06619,6.83364
7,5.56,7.72015,7.72015,7.14538,6.90951
7,5.64119,7.69769,7.69769,7.29164,7.05162
7,5.68,7.68666,7.68666,7.35869,7.11772
7,5.76772,7.66112,7.66112,7.50094,7.26133
7,5.8,7.65153,7.65153,7.54939,7.31163
7,5.89708,7.6221,7.6221,7.67951,7.45261
7,5.92,7.61504,7.61504,7.70642,7.48322
7,6,7.59013,7.59013,7.78772,7.58033
7,6.02934,7.5809,7.5809,7.81247,7.61191
7,6.04,7.57753,7.57753,7.82076,7.62283
7,6.16,7.53917,7.53917,7.88913,7.72386
7,6.16457,7.53769,7.53769,7.89085,7.72691
7,6.28,7.49968,7.49968,7.91457,7.78459
7,6.30283,7.492,7.492,7.9151,7.79172
7,6.4,7.45845,7.45845,7.90452,7.80746
7,6.44419,7.44264,7.44264,7.89384,7.80756
7,6.5,7.42207,7.42207,7.87602,7.80218
7,6.52,7.41452,7.41452,7.86859,7.7989
7,6.58873,7.38799,7.38799,7.83959,7.78281
7,6.64,7.36768,7.36768,7.81504,7.76651
7,6.7365,7.32806,7.32806,7.76412,7.72801
7,6.76,7.31812,7.31812,7.75105,7.71739
7,6.88,7.26569,7.26569,7.68218,7.65779
7,6.88759,7.26228,7.26228,7.67776,7.65379
7,7,7.21052,7.21052,7.61259,7.59279
7,7.04207,7.1905,7.1905,7.58859,7.56944
7,7.12,7.15246,7.15246,7.54523,7.52625
7,7.20002,7.1121,7.1121,7.50257,7.48264
7,7.24,7.09144,7.09144,7.48209,7.4612
7,7.36,7.02744,7.02744,7.42438,7.39934
7,7.3615,7.02662,7.02662,7.42369,7.3986
7,7.48,6.96038,6.96038,7.37267,7.34249
7,7.5,6.94891,6.94891,7.36465,7.33345
7,7.52661,6.93351,6.93351,7.35425,7.32164
7,7.6,6.89026,6.89026,7.32713,7.29047
7,7.69542,6.83229,6.83229,7.29525,7.25361
7,7.72,6.81704,6.81704,7.28764,7.24472
7,7.84,6.74068,6.74068,7.25393,7.20412
7,7.86802,6.7224,6.7224,7.24685,7.19531
7,7.96,6.6612,6.6612,7.22556,7.16902
7,8,6.63401,6.63401,7.21723,7.15886
7,8.04448,6.60337,6.60337,7.20857,7.14819
7,8.08,6.57861,6.57861,7.2021,7.13986
7,8.2,6.49296,6.49296,7.18313,7.11443
7,8.22491,6.47481,6.47481,7.1797,7.10978
7,8.32,6.40435,6.40435,7.16763,7.09289
7,8.40938,6.33648,6.33648,7.15692,7.07691
7,8.44,6.31288,6.31288,7.15318,7.0712
7,8.5,6.26612,6.26612,7.1454,7.05964
7,8.56,6.21872,6.21872,7.13668,7.04763
7,8.59799,6.18837,6.18837,7.13051,7.03978
7,8.68,6.12208,6.12208,7.1162,7.02219
7,8.79083,6.03092,6.03092,7.09513,6.99697
7,8.8,6.0233,6.0233,7.09329,6.99484
7,8.92,5.92278,5.92278,7.06758,6.96573
7,8.988,5.86521,5.86521,7.05161,6.94838
7,9,5.85501,5.85501,7.0487,6.94528
7,9.04,5.82095,5.82095,7.0388,6.93485
7,9.16,5.71836,5.71836,7.00752,6.90179
7,9.18959,5.69295,5.69295,6.99944,6.89338
7,9.28,5.61535,5.61535,6.97393,6.86711
7,9.3957,5.51642,5.51642,6.93957,6.8313
7,9.4,5.51274,5.51274,6.93826,6.82994
7,9.5,5.42748,5.42748,6.90708,6.79765
7,9.52,5.41041,5.41041,6.90064,6.79101
7,9.60643,5.33657,5.33657,6.87179,6.76195
7,9.64,5.30783,5.30783,6.86006,6.75022
7,9.76,5.20507,5.20507,6.81724,6.70687
7,9.82189,5.15226,5.15226,6.79435,6.68406
7,9.88,5.10286,5.10286,6.77156,6.66142
7,10,5.00183,5.00183,6.72297,6.61419
7,10.0422,4.96668,4.96668,6.70565,6.59695
7,10.12,4.90251,4.90251,6.67328,6.56445
7,10.24,4.80542,4.80542,6.62119,6.51255
7,10.2674,4.78359,4.78359,6.60898,6.50029
7,10.36,4.71089,4.71089,6.56736,6.45782
7,10.48,4.61903,4.61903,6.51093,6.40119
7,10.4977,4.60574,4.60574,6.50213,6.39263
7,10.5,4.60401,4.60401,6.50097,6.39151
7,10.6,4.5301,4.5301,6.45018,6.34211
7,10.72,4.44399,4.44399,6.38798,6.28063
7,10.7331,4.43474,4.43474,6.38108,6.27374
7,10.84,4.36086,4.36086,6.32377,6.21656
7,10.96,4.28056,4.28056,6.25663,6.14988
7,10.9739,4.27145,4.27145,6.24871,6.142
7,11,4.25438,4.25438,6.23372,6.12705
7,11.08,4.20307,4.20307,6.1874,6.08045
7,11.2,4.1284,4.1284,6.11535,6.00821
7,11.22,4.11615,4.11615,6.10279,5.99592
7,11.32,4.05618,4.05618,6.03844,5.93324
7,11.44,3.98727,3.98727,5.95986,5.85504
7,11.4716,3.96941,3.96941,5.93889,5.83388
7,11.5,3.95345,3.95345,5.91989,5.81473
7,11.56,3.92022,3.92022,5.87895,5.77353
7,11.68,3.85621,3.85621,5.79367,5.68785
7,11.7289,3.8304,3.8304,5.75788,5.65204
7,11.8,3.79272,3.79272,5.70476,5.59995
7,11.92,3.73074,3.73074,5.61239,5.50973
7,11.992,3.69477,3.69477,5.55585,5.45335
7,12,3.69081,3.69081,5.54947,5.44697
7,12.04,3.67117,3.67117,5.51719,5.41473
7,12.16,3.61286,3.61286,5.41794,5.3159
7,12.261,3.56532,3.56532,5.33147,5.22959
7,12.28,3.55643,3.55643,5.31485,5.213
7,12.4,3.50137,3.50137,5.20814,5.10672
7,12.5,3.45662,3.45662,5.11651,5.0152
7,12.52,3.44791,3.44791,5.09797,4.99656
7,12.536,3.44104,3.44104,5.08304,4.98161
7,12.64,3.39691,3.39691,4.98275,4.88247
7,12.76,3.3467,3.3467,4.86412,4.76447
7,12.8171,3.32321,3.32321,4.80652,4.7069
7,12.88,3.29751,3.29751,4.7421,4.6425
7,13,3.24897,3.24897,4.61521,4.51652
7,13.1046,3.20625,3.20625,4.50172,4.40401
7,13.12,3.19999,3.19999,4.48472,4.38729
7,13.24,3.15272,3.15272,4.34993,4.25321
7,13.36,3.10645,3.10645,4.21175,4.11484
7,13.3985,3.09132,3.09132,4.16613,4.06966
7,13.48,3.05921,3.05921,4.06934,3.97262
7,13.5,3.05137,3.05137,4.04532,3.94844
7,13.6,3.01279,3.01279,3.92314,3.82619
7,13.699,2.97453,2.97453,3.79971,3.70368
7,13.72,2.96664,2.96664,3.77317,3.67732
7,13.84,2.92187,2.92187,3.61943,3.52433
7,13.96,2.87697,2.87697,3.46206,3.36775
7,14,2.862,2.862,3.40882,3.31477
7,14.0063,2.85966,2.85966,3.40045,3.30644
7,14.08,2.83223,2.83223,3.30118,3.20762
7,14.2,2.78777,2.78777,3.13664,3.04404
7,14.32,2.74358,2.74358,2.96854,2.87722
7,14.3204,2.74344,2.74344,2.96797,2.87666
7,14.44,2.69984,2.69984,2.79752,2.70655
7,14.5,2.67749,2.67749,2.71147,2.61998
7,14.56,2.65543,2.65543,2.62406,2.53259
7,14.6416,2.62567,2.62567,2.50373,2.41364
7,14.68,2.61169,2.61169,2.44679,2.35677
7,14.8,2.5677,2.5677,2.26651,2.17692
7,14.92,2.5242,2.5242,2.08337,1.99508
7,14.97,2.506,2.506,2.00641,1.91832
7,15,2.49508,2.49508,1.96009,1.87195
7,15.04,2.48086,2.48086,1.89758,1.80975
7,15.16,2.43687,2.43687,1.70923,1.62255
7,15.28,2.39293,2.39293,1.5179,1.43172
7,15.3057,2.38341,2.38341,1.47672,1.39078
7,15.4,2.3497,2.3497,1.3248,1.24004
7,15.5,2.31333,2.31333,1.16214,1.07806
7,15.52,2.30604,2.30604,1.12941,1.04538
7,15.64,2.26211,2.26211,0.931837,0.848356
7,15.649,2.25883,2.25883,0.916905,0.833467
7,15.76,2.21837,2.21837,0.73227,0.649246
7,15.88,2.17472,2.17472,0.530814,0.448335
7,16,2.13093,2.13093,0.327401,0.245781
8,1,0,0,0,0
8,1.02405,0,0,0,0
8,1.04867,0,0,0,0
8,1.07389,0,0,0,0
8,1.09972,0,0,0,0
8,1.12616,0,0,0,0
8,1.148,0,0,0,0
8,1.15325,0,0,0,0
8,1.18098,0,0,0,0
8,1.20938,0,0,0,0
8,1.23846,0,0,0,0
8,1.26824,0,0,0,0
8,1.296,0,0,0,0
8,1.29874,0,0,0,0
8,1.32997,0,0,0,0
8,1.36196,0,0,0,0
8,1.39471,0,0,0,0
8,1.42825,0,0,0,0
8,1.444,0,0,0,0
8,1.4626,0,0,0,0
8,1.49777,0,0,0,0
8,1.5,0,0,0,0
8,1.53379,0,0,0,0
8,1.57067,0,0,0,0
8,1.592,0,0,0,0
8,1.60844,0,0,0,0
8,1.64712,0,0,0,0
8,1.68673,0,0,0,0
8,1.72729,0.281943,0.281943,0,0
8,1.74,0.571568,0.571568,0,0
8,1.76883,1.11125,1.11125,0,0
8,1.81137,1.75456,1.75456,0,0
8,1.85493,2.2938,2.2938,0,0
8,1.888,2.64482,2.64482,0,0
8,1.89954,2.75767,2.75767,0,0
8,1.94522,3.16412,3.16412,0,0
8,1.99199,3.52551,3.52551,0,0
8,2,3.58271,3.58271,0,0
8,2.036,3.8255,3.8255,0,0
8,2.0399,3.85046,3.85046,0,0
8,2.08895,4.14561,4.14561,0,0
8,2.13919,4.41552,4.41552,0,0
8,2.184,4.63332,4.63332,0,0
8,2.19063,4.66397,4.66397,0,0
8,2.24331,4.89385,4.89385,0,0
8,2.29726,5.10755,5.10755,0,0
8,2.332,5.23521,5.23521,0,0
8,2.3525,5.30726,5.30726,0,0
8,2.40907,5.49444,5.49444,0,0
8,2.46701,5.67051,5.67051,0,0
8,2.48,5.70806,5.70806,0,0
8,2.5,5.76465,5.76465,0,0
8,2.52633,5.83684,5.83684,0,0
8,2.58709,5.99399,5.99399,0,0
8,2.628,6.09301,6.09301,2.17786,0
8,2.6493,6.14258,6.14258,2.83383,0
8,2.71301,6.28332,6.28332,4.07726,0
8,2.776,6.41244,6.41244,4.8363,1.89306
8,2.77825,6.41689,6.41689,4.85868,1.98298
8,2.84506,6.54386,6.54386,5.42356,3.69077
8,2.91348,6.66459,6.66459,5.86447,4.63446
8,2.924,6.68238,6.68238,5.92322,4.74603
8,2.98355,6.77944,6.77944,6.21992,5.27617
8,3,6.80521,6.80521,6.29318,5.39914
8,3.05529,6.88863,6.88863,6.51742,5.75914
8,3.072,6.91291,6.91291,6.57933,5.85465
8,3.12877,6.99237,6.99237,6.77279,6.14372
8,3.20401,7.09077,7.09077,6.99515,6.46121
8,3.22,7.11073,7.11073,7.03817,6.52108
8,3.28106,7.18391,7.18391,7.19074,6.72994
8,3.35996,7.27178,7.27178,7.3642,6.96165
8,3.368,7.28032,7.28032,7.38056,6.98323
8,3.44076,7.3543,7.3543,7.51886,7.16424
8,3.5,7.41022,7.41022,7.6198,7.29495
8,3.516,7.42468,7.42468,7.64543,7.32802
8,3.5235,7.43137,7.43137,7.65723,7.34322
8,3.60824,7.50285,7.50285,7.7811,7.50255
8,3.664,7.54592,7.54592,7.85397,7.59636
8,3.69501,7.56854,7.56854,7.89175,7.64517
8,3.78386,7.62822,7.62822,7.99013,7.77326
8,3.812,7.64556,7.64556,8.01841,7.81048
8,3.87486,7.68167,7.68167,8.07691,7.88838
8,3.96,7.72493,7.72493,8.14656,7.98328
8,3.96804,7.72869,7.72869,8.1526,7.99165
8,4,7.74308,7.74308,8.17573,8.02397
8,4.06346,7.7691,7.7691,8.21761,8.08381
8,4.108,7.78538,7.78538,8.24396,8.12256
8,4.16118,7.80277,7.80277,8.27228,8.16549
8,4.256,7.8284,7.8284,8.31479,8.23349
8,4.26125,7.82963,7.82963,8.31685,8.23694
8,4.36372,7.84968,7.84968,8.35168,8.2985
8,4.404,7.85561,7.85561,8.3627,8.3198
8,4.46866,7.86299,7.86299,8.37758,8.35072
8,4.5,7.86564,7.86564,8.38358,8.36429
8,4.552,7.86878,7.86878,8.39189,8.38493
8,4.57612,7.86971,7.86971,8.39508,8.39377
8,4.68617,7.87012,7.87012,8.40485,8.42788
8,4.7,7.86975,7.86975,8.40557,8.4315
8,4.79886,7.86456,7.86456,8.40771,8.4536
8,4.848,7.86045,7.86045,8.40699,8.46224
8,4.91426,7.85342,7.85342,8.40434,8.47151
8,4.996,7.84249,7.84249,8.39869,8.47952
8,5,7.8419,7.8419,8.39836,8.47982
8,5.03244,7.83686,7.83686,8.39541,8.48194
8,5.144,7.81714,7.81714,8.38275,8.48538
8,5.15346,7.81531,7.81531,8.38151,8.48542
8,5.27739,7.78947,7.78947,8.36313,8.48257
8,5.292,7.78619,7.78619,8.36072,8.48186
8,5.4043,7.7596,7.7596,8.34068,8.47397
8,5.44,7.7507,7.7507,8.33378,8.47063
8,5.5,7.73528,7.73528,8.32166,8.46421
8,5.53426,7.72621,7.72621,8.31446,8.4601
8,5.588,7.71165,7.71165,8.30277,8.45306
8,5.66735,7.68945,7.68945,8.28467,8.4414
8,5.736,7.66968,7.66968,8.26826,8.43018
8,5.80364,7.64975,7.64975,8.25143,8.41818
8,5.884,7.62555,7.62555,8.23063,8.40278
8,5.94321,7.60737,7.60737,8.21477,8.39069
8,6,7.58969,7.58969,8.19914,8.37853
8,6.032,7.57963,7.57963,8.19015,8.37144
8,6.08613,7.56247,7.56247,8.17466,8.35908
8,6.18,7.53233,7.53233,8.14694,8.33656
8,6.23249,7.51521,7.51521,8.13097,8.3234
8,6.328,7.48319,7.48319,8.10106,8.29842
8,6.38236,7.46428,7.46428,8.08355,8.28363
8,6.476,7.43047,7.43047,8.05254,8.2572
8,6.5,7.42155,7.42155,8.04442,8.25023
8,6.53585,7.40804,7.40804,8.03216,8.23967
8,6.624,7.37373,7.37373,8.00134,8.21298
8,6.69302,7.3458,7.3458,7.97653,8.19135
8,6.772,7.31272,7.31272,7.9474,8.16581
8,6.85397,7.27708,7.27708,7.91632,8.1384
8,6.92,7.24741,7.24741,7.89065,8.11567
8,7,7.2103,7.2103,7.85876,8.08731
8,7.0188,7.20139,7.20139,7.85114,8.08052
8,7.068,7.17775,7.17775,7.83097,8.06251
8,7.18758,7.11822,7.11822,7.78055,8.01731
8,7.216,7.10364,7.10364,7.76827,8.00627
8,7.36043,7.02697,7.02697,7.70404,7.94831
8,7.364,7.02502,7.02502,7.70241,7.94684
8,7.5,6.9487,6.9487,7.639,7.88932
8,7.512,6.94177,6.94177,7.63326,7.88411
8,7.53743,6.92699,6.92699,7.62104,7.87299
8,7.66,6.85381,6.85381,7.56068,7.81795
8,7.71869,6.81761,6.81761,7.53091,7.79073
8,7.808,6.76111,6.76111,7.48451,7.74821
8,7.90431,6.69825,6.69825,7.43295,7.70084
8,7.956,6.66368,6.66368,7.40462,7.67475
8,8,6.6338,6.6338,7.38012,7.65216
8,8.09439,6.56833,6.56833,7.32638,7.60253
8,8.104,6.56156,6.56156,7.32082,7.59739
8,8.252,6.4549,6.4549,7.23295,7.51598
8,8.28905,6.42752,6.42752,7.2103,7.49495
8,8.4,6.34392,6.34392,7.14085,7.43031
8,8.48838,6.27562,6.27562,7.08376,7.37705
8,8.5,6.26652,6.26652,7.07614,7.36993
8,8.548,6.2287,6.2287,7.04434,7.34023
8,8.69251,6.11254,6.11254,6.94572,7.24785
8,8.696,6.10969,6.10969,6.94328,7.24557
8,8.844,5.98736,5.98736,6.83747,7.14605
8,8.90155,5.93906,5.93906,6.79502,7.10602
8,8.992,5.86226,5.86226,6.72682,7.0416
8,9,5.85543,5.85543,6.7207,7.03581
8,9.11561,5.75608,5.75608,6.63057,6.95051
8,9.14,5.735,5.735,6.61117,6.93209
8,9.288,5.60601,5.60601,6.49055,6.81704
8,9.33482,5.56504,5.56504,6.45129,6.77952
8,9.436,5.47626,5.47626,6.36472,6.69678
8,9.5,5.41978,5.41978,6.30878,6.64318
8,9.5593,5.3676,5.3676,6.25606,6.59253
8,9.584,5.34593,5.34593,6.23383,6.57112
8,9.732,5.21711,5.21711,6.09722,6.43901
8,9.78919,5.16792,5.16792,6.04289,6.38656
8,9.88,5.09073,5.09073,5.95495,6.30212
8,10,4.99015,4.99015,5.83602,6.18736
8,10.0246,4.96975,4.96975,5.8113,6.16319
8,10.028,4.96693,4.96693,5.80787,6.15982
8,10.176,4.84594,4.84594,5.65658,6.01047
8,10.2657,4.774,4.774,5.56301,5.91938
8,10.324,4.72782,4.72782,5.50122,5.85977
8,10.472,4.61353,4.61353,5.34245,5.70181
8,10.5,4.5924,4.5924,5.31212,5.67161
8,10.5125,4.58301,4.58301,5.29854,5.65817
8,10.62,4.50463,4.50463,5.18205,5.54285
8,10.7653,4.4048,4.4048,5.02382,5.38323
8,10.768,4.40303,4.40303,5.02091,5.38027
8,10.916,4.30392,4.30392,4.85962,5.21653
8,11,4.24794,4.24794,4.76932,5.12583
8,11.0242,4.23249,4.23249,4.74355,5.09974
8,11.064,4.20772,4.20772,4.70153,5.05679
8,11.212,4.11767,4.11767,4.54884,4.89971
8,11.2893,4.07122,4.07122,4.47196,4.81922
8,11.36,4.0295,4.0295,4.40373,4.74718
8,11.5,3.95047,3.95047,4.27498,4.61054
8,11.508,3.94614,3.94614,4.2679,4.60298
8,11.5608,3.91808,3.91808,4.22192,4.55381
8,11.656,3.86743,3.86743,4.14257,4.46919
8,11.804,3.78885,3.78885,4.02839,4.34484
8,11.8388,3.7715,3.7715,4.00311,4.31711
8,11.952,3.71625,3.71625,3.92495,4.23127
8,12,3.69206,3.69206,3.89361,4.19677
8,12.1,3.64266,3.64266,3.83197,4.1279
8,12.1235,3.63153,3.63153,3.81819,4.11256
8,12.248,3.57481,3.57481,3.74945,4.03514
8,12.396,3.5064,3.5064,3.67595,3.95122
8,12.4151,3.4979,3.4979,3.66707,3.941
8,12.5,3.46193,3.46193,3.62897,3.89713
8,12.544,3.4435,3.4435,3.6102,3.87554
8,12.692,3.38162,3.38162,3.55239,3.80702
8,12.7136,3.37222,3.37222,3.54458,3.79753
8,12.84,3.31695,3.31695,3.49949,3.74459
8,12.988,3.25458,3.25458,3.45068,3.68763
8,13,3.24987,3.24987,3.44695,3.68323
8,13.0194,3.24239,3.24239,3.44099,3.67619
8,13.136,3.19696,3.19696,3.4063,3.63533
8,13.284,3.1398,3.1398,3.36601,3.58697
8,13.3325,3.11996,3.11996,3.35374,3.5719
8,13.432,3.0816,3.0816,3.33026,3.54194
8,13.5,3.05542,3.05542,3.31487,3.52223
8,13.58,3.02336,3.02336,3.29625,3.49972
8,13.6531,2.99655,2.99655,3.27964,3.47975
8,13.728,2.96774,2.96774,3.26353,3.45975
8,13.876,2.91232,2.91232,3.23365,3.42158
8,13.9814,2.87295,2.87295,3.21233,3.39546
8,14,2.86602,2.86602,3.20851,3.39089
8,14.024,2.85709,2.85709,3.20355,3.385
8,14.172,2.80223,2.80223,3.17353,3.34866
8,14.3176,2.74855,2.74855,3.14746,3.31545
8,14.32,2.74768,2.74768,3.14704,3.31493
8,14.468,2.6935,2.6935,3.11929,3.28217
8,14.5,2.68179,2.68179,3.11318,3.27504
8,14.616,2.63934,2.63934,3.09226,3.24953
8,14.6619,2.6225,2.6225,3.08444,3.2396
8,14.764,2.58467,2.58467,3.06695,3.2177
8,14.912,2.53164,2.53164,3.03952,3.18498
8,15,2.49983,2.49983,3.02349,3.16582
8,15.0145,2.49457,2.49457,3.02096,3.16278
8,15.06,2.47805,2.47805,3.01316,3.15322
8,15.208,2.42406,2.42406,2.98772,3.12159
8,15.356,2.3708,2.3708,2.96181,3.09017
8,15.3756,2.36369,2.36369,2.95838,3.08603
8,15.5,2.3186,2.3186,2.93651,3.05977
8,15.504,2.31715,2.31715,2.93581,3.05893
8,15.652,2.26326,2.26326,2.90979,3.02773
8,15.7453,2.22906,2.22906,2.89331,3.00805
8,15.8,2.20875,2.20875,2.88367,2.99653
8,15.948,2.15433,2.15433,2.85743,2.96542
8,16,2.13531,2.13531,2.84819,2.95446
8,16.096,2.10059,2.10059,2.83112,2.93417
8,16.124,2.0903,2.0903,2.82617,2.92824
8,16.244,2.04608,2.04608,2.80532,2.90284
8,16.392,1.99175,1.99175,2.77924,2.87171
8,16.5,1.95201,1.95201,2.75969,2.84921
8,16.5117,1.9477,1.9477,2.75742,2.84677
8,16.54,1.93727,1.93727,2.75193,2.84087
8,16.688,1.88262,1.88262,2.72405,2.80977
8,16.836,1.82789,1.82789,2.698,2.77838
8,16.9088,1.80088,1.80088,2.68494,2.76283
8,16.984,1.77307,1.77307,2.67041,2.74672
8,17,1.76714,1.76714,2.66734,2.74329
8,17.132,1.71814,1.71814,2.64293,2.7149
8,17.28,1.66309,1.66309,2.61568,2.68295
8,17.3154,1.64988,1.64988,2.60924,2.6753
8,17.428,1.60785,1.60785,2.58816,2.65105
8,17.5,1.58097,1.58097,2.57473,2.63562
8,17.576,1.55247,1.55247,2.56056,2.61947
8,17.724,1.49693,1.49693,2.53276,2.5884
8,17.7318,1.494,1.494,2.53129,2.58674
8,17.872,1.4416,1.4416,2.50486,2.5569
8,18,1.39337,1.39337,2.48065,2.5294
8,18.02,1.38581,1.38581,2.47686,2.52507
8,18.1582,1.33356,1.33356,2.45062,2.49485
8,18.168,1.32988,1.32988,2.44877,2.49271
8,18.316,1.27414,1.27414,2.42056,2.46059
8,18.464,1.21799,1.21799,2.39222,2.42837
8,18.5,1.20434,1.20434,2.38531,2.42051
8,18.5949,1.16842,1.16842,2.36697,2.39979
8,18.612,1.16189,1.16189,2.36365,2.39606
8,18.76,1.10555,1.10555,2.33483,2.36392
8,18.908,1.04923,1.04923,2.30627,2.33175
8,19,1.01415,1.01415,2.28852,2.31159
8,19.0421,0.998165,0.998165,2.28037,2.30231
8,19.056,0.992819,0.992819,2.27767,2.29924
8,19.204,0.935972,0.935972,2.24878,2.26681
8,19.352,0.879327,0.879327,2.21959,2.23467
8,19.5,0.822314,0.822314,2.19024,2.20152
9,1,0,0,0,0
9,1.02316,0,0,0,0
9,1.04686,0,0,0,0
9,1.07111,0,0,0,0
9,1.09592,0,0,0,0
9,1.1213,0,0,0,0
9,1.132,0,0,0,0
9,1.14727,0,0,0,0
9,1.17384,0,0,0,0
9,1.20103,0,0,0,0
9,1.22885,0,0,0,0
9,1.25731,0,0,0,0
9,1.264,0,0,0,0
9,1.28643,0,0,0,0
9,1.31623,0,0,0,0
9,1.34672,0,0,0,0
9,1.37791,0,0,0,0
9,1.396,0,0,0,0
9,1.40982,0,0,0,0
9,1.44248,0,0,0,0
9,1.47589,0,0,0,0
9,1.5,0,0,0,0
9,1.51007,0,0,0,0
9,1.528,0,0,0,0
9,1.54505,0,0,0,0
9,1.58083,0,0,0,0
9,1.61745,0,0,0,0.380386
9,1.65491,0,0,1.03368,1.28592
9,1.66,0,0,1.15054,1.38755
9,1.69324,0,0,1.81252,1.96972
9,1.73246,0.405683,0.405683,2.43048,2.52188
9,1.77259,1.1741,1.1741,2.94219,2.98412
9,1.792,1.4789,1.4789,3.15758,3.18005
9,1.81364,1.78539,1.78539,3.37756,3.38126
9,1.85565,2.30198,2.30198,3.75584,3.72857
9,1.89863,2.74892,2.74892,4.08953,4.03749
9,1.924,2.98277,2.98277,4.26566,4.20188
9,1.94261,3.14248,3.14248,4.3866,4.31476
9,1.9876,3.49355,3.49355,4.65571,4.56671
9,2,3.58266,3.58266,4.72469,4.63156
9,2.03364,3.81027,3.81027,4.90171,4.7973
9,2.056,3.95118,3.95118,5.01195,4.90037
9,2.08074,4.09844,4.09844,5.12762,5.00855
9,2.12893,4.36225,4.36225,5.33628,5.20377
9,2.17824,4.60621,4.60621,5.53,5.38505
9,2.188,4.6517,4.6517,5.56622,5.41894
9,2.2287,4.83176,4.83176,5.71051,5.55432
9,2.28032,5.04148,5.04148,5.87931,5.71259
9,2.32,5.19037,5.19037,5.99953,5.82554
9,2.33313,5.23764,5.23764,6.03765,5.86145
9,2.38717,5.4222,5.4222,6.18655,6.0021
9,2.44246,5.59624,5.59624,6.32688,6.13508
9,2.452,5.62481,5.62481,6.34997,6.15698
9,2.49903,5.76027,5.76027,6.45938,6.26089
9,2.5,5.76297,5.76297,6.46156,6.26296
9,2.55692,5.91546,5.91546,6.5847,6.38016
9,2.584,5.98442,5.98442,6.64008,6.43299
9,2.61614,6.06362,6.06362,6.70332,6.49341
9,2.67673,6.20467,6.20467,6.81569,6.60109
9,2.716,6.29046,6.29046,6.88407,6.66686
9,2.73873,6.33825,6.33825,6.92217,6.70358
9,2.80216,6.46494,6.46494,7.02306,6.8012
9,2.848,6.55088,6.55088,7.09128,6.86758
9,2.86707,6.58538,6.58538,7.11858,6.89423
9,2.93347,6.70008,6.70008,7.20888,6.98291
9,2.98,6.77569,6.77569,7.26798,7.04142
9,3,6.80706,6.80706,7.29237,7.06571
9,3.00142,6.80926,6.80926,7.29408,7.06742
9,3.07094,6.91319,6.91319,7.37422,7.14791
9,3.112,6.97113,6.97113,7.41838,7.19282
9,3.14207,7.01203,7.01203,7.44929,7.22452
9,3.21484,7.10594,7.10594,7.51925,7.29733
9,3.244,7.14162,7.14162,7.54543,7.32501
9,3.2893,7.19498,7.19498,7.58404,7.36641
9,3.36549,7.2791,7.2791,7.64353,7.4318
9,3.376,7.29018,7.29018,7.65122,7.44042
9,3.44344,7.35828,7.35828,7.69759,7.49349
9,3.5,7.41156,7.41156,7.73269,7.53511
9,3.508,7.41881,7.41881,7.73738,7.54079
9,3.5232,7.43241,7.43241,7.74611,7.55144
9,3.6048,7.50134,7.50134,7.78896,7.60562
9,3.64,7.52898,7.52898,7.80541,7.62746
9,3.68829,7.56489,7.56489,7.82606,7.65598
9,3.772,7.62178,7.62178,7.8568,7.70158
9,3.77372,7.62288,7.62288,7.85737,7.70246
9,3.86113,7.67511,7.67511,7.88291,7.74498
9,3.904,7.69818,7.69818,7.89316,7.76404
9,3.95056,7.72139,7.72139,7.90262,7.78341
9,4,7.74397,7.74397,7.91083,7.80254
9,4.036,7.7591,7.7591,7.91566,7.81556
9,4.04206,7.76154,7.76154,7.91638,7.81768
9,4.13568,7.79546,7.79546,7.92426,7.84779
9,4.168,7.80555,7.80555,7.92567,7.85706
9,4.23147,7.82305,7.82305,7.92667,7.8736
9,4.3,7.83863,7.83863,7.92527,7.88899
9,4.32948,7.84431,7.84431,7.92388,7.89482
9,4.42976,7.85928,7.85928,7.91563,7.91108
9,4.432,7.85954,7.85954,7.91538,7.91138
9,4.5,7.86598,7.86598,7.90676,7.91925
9,4.53236,7.86809,7.86809,7.90187,7.92212
9,4.564,7.86957,7.86957,7.89663,7.92439
9,4.63733,7.87092,7.87092,7.88271,7.92764
9,4.696,7.87002,7.87002,7.86992,7.92848
9,4.74474,7.86804,7.86804,7.85826,7.92813
9,4.828,7.86225,7.86225,7.83619,7.92528
9,4.85464,7.85979,7.85979,7.82859,7.92374
9,4.96,7.84751,7.84751,7.79616,7.91482
9,4.96708,7.84655,7.84655,7.79384,7.91407
9,5,7.84183,7.84183,7.78289,7.91031
9,5.08213,7.82851,7.82851,7.75409,7.89924
9,5.092,7.82677,7.82677,7.7505,7.89776
9,5.19984,7.806,7.806,7.70935,7.87947
9,5.224,7.80096,7.80096,7.69969,7.87487
9,5.32028,7.77963,7.77963,7.65963,7.85474
9,5.356,7.77123,7.77123,7.64415,7.84656
9,5.4435,7.74966,7.74966,7.60488,7.82496
9,5.488,7.73819,7.73819,7.5842,7.81318
9,5.5,7.73504,7.73504,7.57854,7.80992
9,5.56958,7.71638,7.71638,7.54506,7.79031
9,5.62,7.70244,7.70244,7.5201,7.77538
9,5.69859,7.68009,7.68009,7.48005,7.75092
9,5.752,7.66452,7.66452,7.45204,7.73347
9,5.83058,7.64114,7.64114,7.40972,7.7066
9,5.884,7.62494,7.62494,7.38018,7.68754
9,5.96562,7.59975,7.59975,7.33389,7.65727
9,6,7.58899,7.58899,7.31398,7.64411
9,6.016,7.58395,7.58395,7.30463,7.6379
9,6.1038,7.55607,7.55607,7.25237,7.60294
9,6.148,7.54187,7.54187,7.22546,7.58477
9,6.24517,7.51016,7.51016,7.16494,7.54352
9,6.28,7.49857,7.49857,7.14278,7.5283
9,6.38982,7.46079,7.46079,7.07136,7.47889
9,6.412,7.45289,7.45289,7.05665,7.46866
9,6.5,7.4206,7.4206,6.99732,7.42717
9,6.53782,7.40628,7.40628,6.97138,7.40892
9,6.544,7.40391,7.40391,6.96712,7.40592
9,6.676,7.35183,7.35183,6.87437,7.34016
9,6.68925,7.34643,7.34643,6.86489,7.3334
9,6.808,7.29638,7.29638,6.77849,7.27148
9,6.84418,7.28054,7.28054,6.75167,7.25217
9,6.94,7.2373,7.2373,6.67955,7.20008
9,7,7.20929,7.20929,6.63359,7.16675
9,7.00271,7.20801,7.20801,6.6315,7.16523
9,7.072,7.17473,7.17473,6.57767,7.12603
9,7.1649,7.12858,7.12858,6.50433,7.07236
9,7.204,7.10864,7.10864,6.47308,7.0494
9,7.33085,7.04178,7.04178,6.37026,6.97347
9,7.336,7.03899,7.03899,6.36604,6.97034
9,7.468,6.96572,6.96572,6.2568,6.88897
9,7.5,6.9474,6.9474,6.23003,6.86891
9,7.50065,6.94703,6.94703,6.22949,6.8685
9,7.6,6.88875,6.88875,6.14575,6.80542
9,7.67438,6.84374,6.84374,6.08258,6.75745
9,7.732,6.80806,6.80806,6.03337,6.71987
9,7.85213,6.73135,6.73135,5.93034,6.64046
9,7.864,6.72359,6.72359,5.92012,6.63253
9,7.996,6.63532,6.63532,5.80639,6.54364
9,8,6.63258,6.63258,5.80295,6.54092
9,8.034,6.60919,6.60919,5.77369,6.51779
9,8.128,6.54319,6.54319,5.6929,6.45344
9,8.22008,6.47673,6.47673,5.61412,6.38991
9,8.26,6.4474,6.4474,5.57999,6.36225
9,8.392,6.34818,6.34818,5.46822,6.27037
9,8.41047,6.33403,6.33403,5.45272,6.25747
9,8.5,6.26453,6.26453,5.37825,6.19493
9,8.524,6.24565,6.24565,5.35853,6.17815
9,8.60527,6.18095,6.18095,5.29241,6.12135
9,8.656,6.14,6.14,5.25168,6.08595
9,8.788,6.03158,6.03158,5.1475,5.99399
9,8.80459,6.01778,6.01778,5.13455,5.98247
9,8.92,5.92078,5.92078,5.04647,5.90266
9,9,5.85263,5.85263,4.98763,5.84767
9,9.00852,5.84534,5.84534,4.98142,5.84183
9,9.052,5.80799,5.80799,4.94963,5.81203
9,9.184,5.69374,5.69374,4.85435,5.72238
9,9.21717,5.66487,5.66487,4.83134,5.70019
9,9.316,5.57862,5.57862,4.76451,5.63486
9,9.43065,5.47839,5.47839,4.68987,5.55977
9,9.448,5.46323,5.46323,4.67885,5.54848
9,9.5,5.41784,5.41784,4.64626,5.5149
9,9.58,5.3482,5.3482,4.5974,5.46398
9,9.64909,5.28837,5.28837,4.55638,5.42052
9,9.712,5.23416,5.23416,4.51997,5.38137
9,9.844,5.12169,5.12169,4.44643,5.30076
9,9.87257,5.09761,5.09761,4.43102,5.28361
9,9.976,5.01131,5.01131,4.37668,5.22249
9,10,4.99151,4.99151,4.36438,5.20851
9,10.1012,4.90888,4.90888,4.31378,5.15053
9,10.108,4.90343,4.90343,4.31048,5.14671
9,10.24,4.79843,4.79843,4.24766,5.07353
9,10.3352,4.72452,4.72452,4.20433,5.02236
9,10.372,4.69642,4.69642,4.18803,5.00297
9,10.5,4.60102,4.60102,4.13289,4.93707
9,10.504,4.5981,4.5981,4.13122,4.93505
9,10.5746,4.54723,4.54723,4.10222,4.8998
9,10.636,4.50349,4.50349,4.07802,4.86971
9,10.768,4.4102,4.4102,4.02629,4.80688
9,10.8195,4.37486,4.37486,4.00655,4.78303
9,10.9,4.32073,4.32073,3.97646,4.74647
9,11,4.25514,4.25514,3.94033,4.70224
9,11.032,4.23459,4.23459,3.92904,4.68836
9,11.0701,4.21038,4.21038,3.91578,4.67199
9,11.164,4.15189,4.15189,3.88376,4.63245
9,11.296,4.07231,4.07231,3.84029,4.57859
9,11.3265,4.05435,4.05435,3.83045,4.56643
9,11.428,3.99573,3.99573,3.79814,4.52668
9,11.5,3.95515,3.95515,3.77559,4.49913
9,11.56,3.92197,3.92197,3.75718,4.47656
9,11.5889,3.90621,3.90621,3.74845,4.46583
9,11.692,3.85085,3.85085,3.71782,4.42807
9,11.824,3.78224,3.78224,3.67963,4.3811
9,11.8573,3.76532,3.76532,3.6702,4.36948
9,11.956,3.7159,3.7159,3.64281,4.33553
9,12,3.69427,3.69427,3.63077,4.32065
9,12.088,3.6517,3.6517,3.60669,4.29132
9,12.1319,3.6308,3.6308,3.59471,4.27689
9,12.22,3.58974,3.58974,3.57081,4.24831
9,12.352,3.52932,3.52932,3.53548,4.20641
9,12.4129,3.50158,3.50158,3.51953,4.18744
9,12.484,3.46984,3.46984,3.5012,4.1656
9,12.5,3.46279,3.46279,3.49707,4.16072
9,12.616,3.4124,3.4124,3.46704,4.12577
9,12.7004,3.37639,3.37639,3.44512,4.10073
9,12.748,3.35598,3.35598,3.43288,4.08678
9,12.88,3.30043,3.30043,3.39943,4.0489
9,12.9946,3.25462,3.25462,3.37066,4.01681
9,13,3.25245,3.25245,3.3693,4.01527
9,13.012,3.24765,3.24765,3.36629,4.01183
9,13.144,3.19413,3.19413,3.33332,3.97282
9,13.276,3.14134,3.14134,3.30053,3.93771
9,13.2956,3.13387,3.13387,3.2957,3.93274
9,13.408,3.09007,3.09007,3.2679,3.90213
9,13.5,3.05431,3.05431,3.24523,3.87632
9,13.54,3.03931,3.03931,3.2354,3.86532
9,13.6035,3.01561,3.01561,3.21981,3.84832
9,13.672,2.98936,2.98936,3.203,3.83004
9,13.804,2.93959,2.93959,3.1706,3.79469
9,13.9186,2.89598,2.89598,3.14241,3.76448
9,13.936,2.8895,2.8895,3.13813,3.75991
9,14,2.86598,2.86598,3.12244,3.74311
9,14.068,2.84069,2.84069,3.10582,3.7253
9,14.2,2.79181,2.79181,3.07379,3.69098
9,14.241,2.77668,2.77668,3.06393,3.68038
9,14.332,2.74317,2.74317,3.04201,3.65674
9,14.464,2.69473,2.69473,3.01004,3.62214
9,14.5,2.68152,2.68152,3.00125,3.61285
9,14.5708,2.65558,2.65558,2.98381,3.59491
9,14.596,2.64629,2.64629,2.97756,3.58867
9,14.728,2.59818,2.59818,2.94478,3.55583
9,14.86,2.55008,2.55008,2.91223,3.52116
9,14.9083,2.53249,2.53249,2.90045,3.50952
9,14.992,2.50277,2.50277,2.8802,3.48816
9,15,2.4998,2.4998,2.87827,3.48607
9,15.124,2.45369,2.45369,2.84833,3.4545
9,15.2536,2.40607,2.40607,2.81676,3.42227
9,15.256,2.40523,2.40523,2.81617,3.42167
9,15.388,2.35803,2.35803,2.78314,3.38827
9,15.5,2.31694,2.31694,2.75556,3.36042
9,15.52,2.30982,2.30982,2.75073,3.35543
9,15.6069,2.27881,2.27881,2.72935,3.33373
9,15.652,2.26233,2.26233,2.71795,3.32271
9,15.784,2.21361,2.21361,2.68472,3.28945
9,15.916,2.16548,2.16548,2.65261,3.25656
9,15.9684,2.14629,2.14629,2.63991,3.24365
9,16,2.13475,2.13475,2.63203,3.23576
9,16.048,2.11722,2.11722,2.61967,3.22375
9,16.18,2.0689,2.0689,2.58697,3.19079
9,16.312,2.0205,2.0205,2.55397,3.15791
9,16.3382,2.01085,2.01085,2.54739,3.15138
9,16.444,1.97169,1.97169,2.52048,3.12504
9,16.5,1.95141,1.95141,2.50578,3.11111
9,16.576,1.92357,1.92357,2.48687,3.0922
9,16.708,1.87445,1.87445,2.45418,3.05921
9,16.7167,1.87126,1.87126,2.45196,3.05705
9,16.84,1.82573,1.82573,2.4209,3.02643
9,16.972,1.77689,1.77689,2.38775,2.9941
9,17,1.76673,1.76673,2.38061,2.98725
9,17.1038,1.72798,1.72798,2.35417,2.96089
9,17.104,1.72792,1.72792,2.35413,2.96085
9,17.236,1.6791,1.6791,2.32065,2.92808
9,17.368,1.63011,1.63011,2.28713,2.89511
9,17.5,1.5807,1.5807,2.25347,2.86201
10,1,0,0,0,0
10,1.02268,0,0,0,0
10,1.04587,0,0,0,0
10,1.0696,0,0,0,0
10,1.09385,0,0,0,0
10,1.11866,0,0,0,0
10,1.124,0,0,0,0
10,1.14403,0,0,0,0
10,1.16998,0,0,0,0
10,1.19652,0,0,0,0
10,1.22365,0,0,0,0
10,1.248,0,0,0,0
10,1.25141,0,0,0,0
10,1.27979,0,0,0,0
10,1.30882,0,0,0,0
10,1.3385,0,0,0,0
10,1.36886,0,0,0.228948,0
10,1.372,0,0,0.437147,0
10,1.3999,0,0,1.78451,0.757473
10,1.43165,0,0,2.7751,2.09171
10,1.46412,0,0,3.50151,2.99009
10,1.496,0,0,4.05483,3.64239
10,1.49733,0,0,4.07543,3.66624
10,1.5,0,0,4.11623,3.71341
10,1.53129,0,0,4.54919,4.20795
10,1.56602,0,0,4.95203,4.65968
10,1.60154,0,0,5.30193,5.04649
10,1.62,0,0,5.46432,5.22444
10,1.63786,0,0,5.61083,5.38418
10,1.67501,0,0,5.88698,5.68342
10,1.713,0,0,6.13652,5.95176
10,1.744,0.654166,0.654166,6.31985,6.14784
10,1.75185,0.807804,0.807804,6.3637,6.19465
10,1.79158,1.4726,1.4726,6.57173,6.41621
10,1.83222,2.02512,2.02512,6.76368,6.61961
10,1.868,2.43776,2.43776,6.9173,6.78236
10,1.87377,2.49907,2.49907,6.9409,6.80732
10,1.91627,2.91363,2.91363,7.10598,6.98131
10,1.95973,3.28152,3.28152,7.25983,7.14314
10,1.992,3.52555,3.52555,7.36552,7.2541
10,2,3.58271,3.58271,7.39063,7.28049
10,2.00418,3.61207,3.61207,7.40357,7.29411
10,2.04963,3.91175,3.91175,7.53733,7.43529
10,2.09612,4.18598,4.18598,7.66253,7.5676
10,2.116,4.29465,4.29465,7.71293,7.6208
10,2.14366,4.43811,4.43811,7.78011,7.6917
10,2.19228,4.67151,4.67151,7.89015,7.80802
10,2.24,4.88005,4.88005,7.9882,7.91257
10,2.242,4.88839,4.88839,7.9921,7.91676
10,2.29285,5.09082,5.09082,8.08659,8.01847
10,2.34485,5.28065,5.28065,8.17464,8.11352
10,2.364,5.34666,5.34666,8.20503,8.14636
10,2.39803,5.45916,5.45916,8.2564,8.20198
10,2.45242,5.62757,5.62757,8.33176,8.28389
10,2.488,5.73086,5.73086,8.37667,8.33287
10,2.5,5.76468,5.76468,8.39104,8.34856
10,2.50804,5.78707,5.78707,8.40045,8.35882
10,2.56492,5.93894,5.93894,8.46218,8.42642
10,2.612,6.05622,6.05622,8.50704,8.47616
10,2.6231,6.08283,6.08283,8.51682,8.48702
10,2.68259,6.21921,6.21921,8.56426,8.54032
10,2.736,6.33346,6.33346,8.59996,8.58144
10,2.74343,6.34879,6.34879,8.60444,8.58665
10,2.80565,6.47211,6.47211,8.63731,8.62596
10,2.86,6.57294,6.57294,8.65973,8.65451
10,2.86929,6.58958,6.58958,8.66299,8.65884
10,2.93436,6.7016,6.7016,8.68159,8.68482
10,2.984,6.78197,6.78197,8.691,8.69965
10,3,6.80699,6.80699,8.69322,8.70356
10,3.00092,6.8084,6.8084,8.69334,8.70377
10,3.06898,6.91023,6.91023,8.69853,8.71584
10,3.108,6.96546,6.96546,8.69866,8.71968
10,3.13858,7.00722,7.00722,8.69743,8.72126
10,3.20977,7.09948,7.09948,8.69034,8.72037
10,3.232,7.12694,7.12694,8.68702,8.71891
10,3.28256,7.18707,7.18707,8.67766,8.71368
10,3.356,7.26889,7.26889,8.66001,8.70178
10,3.35701,7.26998,7.26998,8.65973,8.70158
10,3.43315,7.34816,7.34816,8.63693,8.68432
10,3.48,7.39307,7.39307,8.62094,8.67152
10,3.5,7.41153,7.41153,8.6137,8.66559
10,3.51102,7.42151,7.42151,8.60961,8.66222
10,3.59065,7.48992,7.48992,8.57811,8.63561
10,3.604,7.50075,7.50075,8.57251,8.63079
10,3.67208,7.55321,7.55321,8.54274,8.60483
10,3.728,7.59288,7.59288,8.51687,8.5819
10,3.75537,7.61119,7.61119,8.5038,8.5702
10,3.84054,7.66368,7.66368,8.46156,8.53203
10,3.852,7.67022,7.67022,8.45572,8.5267
10,3.92764,7.71049,7.71049,8.41626,8.49057
10,3.976,7.73358,7.73358,8.39034,8.46665
10,4,7.7443,7.7443,8.37728,8.45457
10,4.01672,7.75148,7.75148,8.36812,8.44607
10,4.1,7.78376,7.78376,8.32174,8.40288
10,4.10782,7.78649,7.78649,8.31732,8.39875
10,4.20099,7.81544,7.81544,8.26403,8.3488
10,4.224,7.82157,7.82157,8.25068,8.33626
10,4.29627,7.83831,7.83831,8.20838,8.2964
10,4.348,7.84803,7.84803,8.17777,8.26749
10,4.39371,7.8551,7.8551,8.15053,8.2417
10,4.472,7.86411,7.86411,8.10351,8.19709
10,4.49336,7.86592,7.86592,8.0906,8.18484
10,4.5,7.86643,7.86643,8.08659,8.18102
10,4.59527,7.87097,7.87097,8.0287,8.12593
10,4.596,7.87098,7.87098,8.02825,8.12551
10,4.69949,7.87034,7.87034,7.96492,8.06509
10,4.72,7.86959,7.86959,7.95233,8.05307
10,4.80608,7.86446,7.86446,7.89937,8.00242
10,4.844,7.86121,7.86121,7.87599,7.98005
10,4.91508,7.85355,7.85355,7.83214,7.93802
10,4.968,7.84662,7.84662,7.79946,7.90668
10,5,7.84197,7.84197,7.77971,7.88772
10,5.02656,7.83789,7.83789,7.76331,7.87197
10,5.092,7.82694,7.82694,7.72292,7.83317
10,5.14056,7.81798,7.81798,7.69298,7.80437
10,5.216,7.80285,7.80285,7.64654,7.75967
10,5.25715,7.79407,7.79407,7.62125,7.73531
10,5.34,7.77527,7.77527,7.57046,7.68634
10,5.37639,7.76656,7.76656,7.54821,7.66488
10,5.464,7.74461,7.74461,7.49482,7.61332
10,5.49832,7.73569,7.73569,7.47398,7.59318
10,5.5,7.73525,7.73525,7.47296,7.5922
10,5.588,7.71157,7.71157,7.41974,7.54073
10,5.62303,7.70185,7.70185,7.39866,7.52033
10,5.712,7.67649,7.67649,7.34536,7.4687
10,5.75056,7.66523,7.66523,7.3224,7.44644
10,5.836,7.63977,7.63977,7.27184,7.39735
10,5.88098,7.62611,7.62611,7.24541,7.37166
10,5.96,7.60173,7.60173,7.19928,7.3268
10,6,7.58921,7.58921,7.17609,7.30424
10,6.01436,7.58469,7.58469,7.16779,7.29616
10,6.084,7.5626,7.5626,7.12777,7.25718
10,6.15077,7.54117,7.54117,7.08977,7.22011
10,6.208,7.5226,7.5226,7.05749,7.1886
10,6.29027,7.49536,7.49536,7.01158,7.14374
10,6.332,7.48117,7.48117,6.98855,7.12119
10,6.43294,7.44547,7.44547,6.93354,7.06728
10,6.456,7.43705,7.43705,6.92111,7.05509
10,6.5,7.42074,7.42074,6.89758,7.03197
10,6.57884,7.39067,7.39067,6.85595,6.991
10,6.58,7.39022,7.39022,6.85534,6.9904
10,6.704,7.3404,7.3404,6.79136,6.92729
10,6.72805,7.33038,7.33038,6.77916,6.91524
10,6.828,7.28754,7.28754,6.72926,6.86586
10,6.88064,7.26419,7.26419,6.70349,6.84033
10,6.952,7.23165,7.23165,6.66918,6.80626
10,7,7.2092,7.2092,6.64653,6.7837
10,7.0367,7.19172,7.19172,6.62944,6.76666
10,7.076,7.1727,7.1727,6.61137,6.7486
10,7.19629,7.11254,7.11254,6.55754,6.69461
10,7.2,7.11063,7.11063,6.55592,6.69298
10,7.324,7.04541,7.04541,6.50286,6.63948
10,7.3595,7.02614,7.02614,6.48811,6.62456
10,7.448,6.97697,6.97697,6.45223,6.58822
10,7.5,6.9473,6.9473,6.43175,6.56743
10,7.52642,6.93201,6.93201,6.42152,6.55703
10,7.572,6.90527,6.90527,6.40415,6.53934
10,7.696,6.83019,6.83019,6.35871,6.49283
10,7.69712,6.8295,6.8295,6.35831,6.49242
10,7.82,6.75177,6.75177,6.31588,6.44876
10,7.87169,6.71805,6.71805,6.2988,6.43116
10,7.944,6.66991,6.66991,6.27568,6.40732
10,8,6.63193,6.63193,6.2584,6.38944
10,8.05023,6.5972,6.5972,6.24336,6.37383
10,8.068,6.58477,6.58477,6.23814,6.36839
10,8.192,6.49632,6.49632,6.20329,6.33178
10,8.23281,6.46645,6.46645,6.19241,6.32028
10,8.316,6.4044,6.4044,6.1711,6.2978
10,8.41953,6.32538,6.32538,6.14619,6.27163
10,8.44,6.30944,6.30944,6.14148,6.26666
10,8.5,6.26224,6.26224,6.12807,6.25241
10,8.564,6.2114,6.2114,6.11444,6.23769
10,8.61049,6.17403,6.17403,6.10495,6.22736
10,8.688,6.11101,6.11101,6.08988,6.21096
10,8.80577,6.01352,6.01352,6.06858,6.18836
10,8.812,6.00831,6.00831,6.06748,6.18723
10,8.936,5.90351,5.90351,6.04561,6.1649
10,9,5.84865,5.84865,6.03372,6.15297
10,9.00549,5.84392,5.84392,6.03266,6.15193
10,9.06,5.79694,5.79694,6.02179,6.14133
10,9.184,5.68929,5.68929,5.99484,6.11532
10,9.20974,5.66682,5.66682,5.98901,6.1096
10,9.308,5.58092,5.58092,5.96598,6.08696
10,9.41862,5.48411,5.48411,5.93827,6.05986
10,9.432,5.47239,5.47239,5.93479,6.05646
10,9.5,5.41279,5.41279,5.91664,6.03874
10,9.556,5.36381,5.36381,5.90111,6.0236
10,9.63223,5.29764,5.29764,5.8791,6.00221
10,9.68,5.25649,5.25649,5.86482,5.98838
10,9.804,5.14976,5.14976,5.82609,5.95109
10,9.8507,5.1097,5.1097,5.81091,5.93649
10,9.928,5.04481,5.04481,5.78503,5.91162
10,10,4.98604,4.98604,5.76013,5.88769
10,10.052,4.94341,4.94341,5.7417,5.86997
10,10.0741,4.92498,4.92498,5.73375,5.86233
10,10.176,4.8407,4.8407,5.6963,5.82629
10,10.3,4.7436,4.7436,5.64893,5.78075
10,10.3026,4.74157,4.74157,5.64792,5.77978
10,10.424,4.64811,4.64811,5.59978,5.73343
10,10.5,4.59126,4.59126,5.56883,5.7036
10,10.5363,4.56451,4.56451,5.55386,5.68916
10,10.548,4.55591,4.55591,5.54898,5.68446
10,10.672,4.46679,4.46679,5.49676,5.63398
10,10.7752,4.39502,4.39502,5.45232,5.59098
10,10.796,4.38082,4.38082,5.44328,5.58222
10,10.92,4.29777,4.29777,5.38876,5.52928
10,11,4.24588,4.24588,5.35311,5.49462
10,11.0196,4.23337,4.23337,5.34431,5.48608
10,11.044,4.21792,4.21792,5.33335,5.47545
10,11.168,4.14101,4.14101,5.27724,5.42127
10,11.2695,4.08016,4.08016,5.23086,5.37677
10,11.292,4.06694,4.06694,5.22056,5.36685
10,11.416,3.99532,3.99532,5.16341,5.31122
10,11.5,3.94765,3.94765,5.12441,5.27274
10,11.5251,3.93351,3.93351,5.11268,5.26117
10,11.54,3.9252,3.9252,5.10574,5.25432
10,11.664,3.85771,3.85771,5.04795,5.19712
10,11.7865,3.79389,3.79389,4.99192,5.14074
10,11.788,3.79314,3.79314,4.99125,5.14006
10,11.912,3.73148,3.73148,4.93349,5.08345
10,12,3.68873,3.68873,4.89227,5.04355
10,12.036,3.67116,3.67116,4.87556,5.02726
10,12.0538,3.6625,3.6625,4.86729,5.01919
10,12.16,3.61239,3.61239,4.81827,4.9712
10,12.284,3.55554,3.55554,4.76119,4.91539
10,12.3272,3.53551,3.53551,4.74125,4.89601
10,12.408,3.4988,3.4988,4.70402,4.85982
10,12.5,3.4584,3.4584,4.6618,4.81839
10,12.532,3.44448,3.44448,4.64715,4.80386
10,12.6068,3.41209,3.41209,4.61289,4.76956
10,12.656,3.39109,3.39109,4.59038,4.74711
10,12.78,3.33909,3.33909,4.53411,4.69181
10,12.8927,3.2924,3.2924,4.48384,4.64195
10,12.904,3.28778,3.28778,4.47887,4.63695
10,13,3.24869,3.24869,4.43635,4.59424
10,13.028,3.23728,3.23728,4.42371,4.58175
10,13.152,3.18647,3.18647,4.36654,4.52675
10,13.1852,3.17331,3.17331,4.35138,4.51218
10,13.276,3.13876,3.13876,4.31052,4.47255
10,13.4,3.09074,3.09074,4.25483,4.41866
10,13.4842,3.05775,3.05775,4.21733,4.3811
10,13.5,3.0516,3.0516,4.21037,4.37399
10,13.524,3.04232,3.04232,4.19982,4.36321
10,13.648,2.99558,2.99558,4.14428,4.3088
10,13.772,2.94959,2.94959,4.08899,4.25596
10,13.79,2.94286,2.94286,4.08101,4.24832
10,13.896,2.90321,2.90321,4.03407,4.2029
10,14,2.86425,2.86425,3.98805,4.15735
10,14.02,2.85677,2.85677,3.97925,4.14859
10,14.1028,2.82586,2.82586,3.94302,4.11241
10,14.144,2.81054,2.81054,3.92502,4.09444
10,14.268,2.76465,2.76465,3.87096,4.04064
10,14.392,2.71894,2.71894,3.8154,3.98778
10,14.4226,2.70776,2.70776,3.80163,3.97478
10,14.5,2.67972,2.67972,3.76793,3.94172
10,14.516,2.67395,2.67395,3.76101,3.93485
10,14.64,2.62881,2.62881,3.70676,3.88189
10,14.7497,2.5886,2.5886,3.65821,3.83409
10,14.764,2.58343,2.58343,3.65194,3.82803
10,14.888,2.53824,2.53824,3.59768,3.77559
10,15,2.49743,2.49743,3.54821,3.7268
10,15.012,2.49307,2.49307,3.54295,3.72148
10,15.0843,2.46675,2.46675,3.5113,3.68995
10,15.136,2.44798,2.44798,3.48856,3.66837
10,15.26,2.40283,2.40283,3.43414,3.61567
10,15.384,2.35815,2.35815,3.37976,3.56312
10,15.4264,2.3423,2.3423,3.36138,3.54474
10,15.5,2.31541,2.31541,3.32879,3.51293
10,15.508,2.31248,2.31248,3.32525,3.50955
10,15.632,2.26744,2.26744,3.27045,3.45636
10,15.756,2.22217,2.22217,3.2161,3.40393
10,15.7763,2.21451,2.21451,3.20727,3.39531
10,15.88,2.1771,2.1771,3.16177,3.35088
10,16,2.13305,2.13305,3.1087,3.29919
10,16.004,2.13162,2.13162,3.10692,3.29747
10,16.128,2.08674,2.08674,3.05258,3.24422
10,16.1341,2.08454,2.08454,3.04993,3.24165
10,16.252,2.04146,2.04146,2.99812,3.1912
10,16.376,1.99534,1.99534,2.94377,3.13801
10,16.5,1.95009,1.95009,2.88932,3.08455
11,1,0,0,0,0
11,1.02217,0,0,0,0
11,1.04483,0,0,0,0
11,1.06799,0,0,0,0
11,1.09167,0,0,0,0
11,1.11587,0,0,0,0
11,1.116,0,0,0,0
11,1.14061,0,0,0,0
11,1.16589,0,0,0,0
11,1.19174,0,0,0,0
11,1.21816,0,0,0,0
11,1.232,0,0,0,0
11,1.24516,0,0,0,0
11,1.27277,0,0,0,0
11,1.30098,0,0,0,0
11,1.32983,0,0,0,0
11,1.348,0,0,0,0
11,1.35931,0,0,0,0
11,1.38944,0,0,0,0
11,1.42024,0,0,0,0
11,1.45173,0,0,0,0
11,1.464,0,0,0,0
11,1.48391,0,0,0,0
11,1.5,0,0,0,0
11,1.51681,0,0,0,0
11,1.55043,0,0,0,0
11,1.58,0,0,0,0
11,1.5848,0,0,0,0
11,1.61994,0,0,0,0
11,1.65585,0,0,0,0
11,1.69256,0,0,0,0
11,1.696,0,0,0,0
11,1.73008,0.349886,0.349886,1.44444,0
11,1.76843,1.10455,1.10455,2.60517,1.65491
11,1.80764,1.70349,1.70349,3.36948,2.79378
11,1.812,1.7632,1.7632,3.43952,2.88958
11,1.84771,2.21115,2.21115,3.93729,3.54223
11,1.88867,2.6515,2.6515,4.3877,4.09692
11,1.928,3.0179,3.0179,4.73936,4.51209
11,1.93054,3.04001,3.04001,4.76,4.53597
11,1.97334,3.38724,3.38724,5.07599,4.89697
11,2,3.58266,3.58266,5.2481,5.09044
11,2.01709,3.70077,3.70077,5.35023,5.20408
11,2.044,3.87654,3.87654,5.49983,5.36916
11,2.0618,3.98652,3.98652,5.59213,5.47001
11,2.10751,4.24837,4.24837,5.80906,5.70375
11,2.15423,4.49036,4.49036,6.00458,5.91252
11,2.16,4.51867,4.51867,6.0271,5.93649
11,2.20199,4.7153,4.7153,6.18176,6.10084
11,2.25081,4.92389,4.92389,6.34332,6.27199
11,2.276,5.02466,5.02466,6.42017,6.35314
11,2.3007,5.11919,5.11919,6.49173,6.42852
11,2.35171,5.30293,5.30293,6.6289,6.57248
11,2.392,5.43792,5.43792,6.72837,6.67641
11,2.40384,5.47607,5.47607,6.75626,6.70549
11,2.45713,5.64002,5.64002,6.87494,6.8289
11,2.5,5.76297,5.76297,6.96302,6.9202
11,2.508,5.78523,5.78523,6.9788,6.93652
11,2.51161,5.79518,5.79518,6.98584,6.94381
11,2.56729,5.94206,5.94206,7.08976,7.05111
11,2.624,6.08254,6.08254,7.187,7.15123
11,2.6242,6.08302,6.08302,7.18732,7.15157
11,2.68237,6.21726,6.21726,7.27905,7.24581
11,2.74,6.34088,6.34088,7.36283,7.33172
11,2.74184,6.34469,6.34469,7.3654,7.33435
11,2.80262,6.46582,6.46582,7.44674,7.41761
11,2.856,6.56544,6.56544,7.51294,7.48531
11,2.86475,6.58124,6.58124,7.52336,7.49596
11,2.92826,6.69137,6.69137,7.59553,7.5697
11,2.972,6.76296,6.76296,7.64191,7.61709
11,2.99318,6.79644,6.79644,7.66345,7.6391
11,3,6.80706,6.80706,7.67026,7.64607
11,3.05953,6.89665,6.89665,7.72726,7.70438
11,3.088,6.93757,6.93757,7.75301,7.73075
11,3.12736,6.99218,6.99218,7.78709,7.76568
11,3.19669,7.08318,7.08318,7.84305,7.82313
11,3.204,7.0924,7.0924,7.84865,7.82889
11,3.26756,7.16968,7.16968,7.89518,7.87677
11,3.32,7.2297,7.2297,7.93066,7.91332
11,3.34,7.25171,7.25171,7.94353,7.92657
11,3.41404,7.32923,7.32923,7.98812,7.97247
11,3.436,7.35102,7.35102,8.00045,7.98517
11,3.48973,7.40213,7.40213,8.02899,8.01464
11,3.5,7.41156,7.41156,8.03419,8.02003
11,3.552,7.45752,7.45752,8.05928,8.04611
11,3.56709,7.47033,7.47033,8.06618,8.05333
11,3.64617,7.53369,7.53369,8.09971,8.08872
11,3.668,7.55008,7.55008,8.1082,8.09781
11,3.727,7.59203,7.59203,8.12957,8.12095
11,3.784,7.62939,7.62939,8.14813,8.14128
11,3.80962,7.64519,7.64519,8.15583,8.14977
11,3.89408,7.69299,7.69299,8.17856,8.17482
11,3.9,7.6961,7.6961,8.18001,8.17642
11,3.9804,7.73527,7.73527,8.1978,8.19637
11,4,7.74397,7.74397,8.20164,8.20076
11,4.016,7.75083,7.75083,8.20463,8.2042
11,4.06865,7.7719,7.7719,8.21365,8.21461
11,4.132,7.79426,7.79426,8.22289,8.22534
11,4.15884,7.80277,7.80277,8.22629,8.22937
11,4.248,7.82712,7.82712,8.23547,8.24068
11,4.25104,7.82785,7.82785,8.23572,8.24101
11,4.34528,7.84711,7.84711,8.24215,8.24962
11,4.364,7.85021,7.85021,8.24309,8.25099
11,4.44161,7.86062,7.86062,8.24585,8.25555
11,4.48,7.86438,7.86438,8.24655,8.25714
11,4.5,7.86598,7.86598,8.24676,8.2578
11,4.54008,7.8685,7.8685,8.24687,8.25884
11,4.596,7.87051,7.87051,8.24642,8.25967
11,4.64072,7.87091,7.87091,8.24554,8.25981
11,4.712,7.86949,7.86949,8.24324,8.25913
11,4.7436,7.8681,7.8681,8.2419,8.25852
11,4.828,7.86225,7.86225,8.23745,8.25604
11,4.84876,7.86036,7.86036,8.23618,8.25524
11,4.944,7.84963,7.84963,8.22952,8.25075
11,4.95626,7.84802,7.84802,8.22858,8.25008
11,5,7.84183,7.84183,8.22504,8.24752
11,5.06,7.83231,7.83231,8.21981,8.24364
11,5.06613,7.83127,7.83127,8.21925,8.24322
11,5.176,7.81085,7.81085,8.20855,8.23503
11,5.17844,7.81036,7.81036,8.2083,8.23484
11,5.292,7.78609,7.78609,8.19549,8.22509
11,5.29324,7.78581,7.78581,8.19534,8.22497
11,5.408,7.75857,7.75857,8.18017,8.21343
11,5.41059,7.75793,7.75793,8.1798,8.21315
11,5.5,7.73504,7.73504,8.16638,8.20283
11,5.524,7.72868,7.72868,8.16254,8.19986
11,5.53053,7.72694,7.72694,8.16148,8.19904
11,5.64,7.69682,7.69682,8.14256,8.18435
11,5.65314,7.6931,7.6931,8.14014,8.18247
11,5.756,7.66335,7.66335,8.12019,8.16688
11,5.77846,7.65671,7.65671,8.11559,8.16327
11,5.872,7.6286,7.6286,8.09541,8.14745
11,5.90656,7.61803,7.61803,8.08754,8.14128
11,5.988,7.59275,7.59275,8.06813,8.12602
11,6,7.58899,7.58899,8.06516,8.12369
11,6.03751,7.57716,7.57716,8.0557,8.11626
11,6.104,7.556,7.556,8.03825,8.10255
11,6.17135,7.53431,7.53431,8.01968,8.08795
11,6.22,7.51845,7.51845,8.00567,8.07696
11,6.30816,7.48907,7.48907,7.97901,8.05603
11,6.336,7.47956,7.47956,7.97024,8.04915
11,6.44801,7.43986,7.43986,7.93315,8.0201
11,6.452,7.4384,7.4384,7.93178,8.01902
11,6.5,7.4206,7.4206,7.91494,8.00585
11,6.568,7.39468,7.39468,7.89011,7.98644
11,6.59095,7.38575,7.38575,7.88147,7.97969
11,6.684,7.34858,7.34858,7.84503,7.95127
11,6.73707,7.32664,7.32664,7.82321,7.93427
11,6.8,7.29985,7.29985,7.79631,7.91334
11,6.88642,7.2617,7.2617,7.7575,7.88319
11,6.916,7.2483,7.2483,7.74369,7.87248
11,7,7.20929,7.20929,7.70301,7.84096
11,7.032,7.19406,7.19406,7.68691,7.8285
11,7.03908,7.19066,7.19066,7.6833,7.82571
11,7.148,7.13711,7.13711,7.62567,7.78119
11,7.19513,7.11319,7.11319,7.59944,7.76096
11,7.264,7.07743,7.07743,7.55966,7.73031
11,7.35464,7.02887,7.02887,7.50453,7.68792
11,7.38,7.01498,7.01498,7.48852,7.67563
11,7.496,6.94971,6.94971,7.41192,7.61688
11,7.5,6.9474,6.9474,7.40917,7.61478
11,7.51769,6.93719,6.93719,7.39695,7.60543
11,7.612,6.88157,6.88157,7.32946,7.55381
11,7.68434,6.83762,6.83762,7.27489,7.51216
11,7.728,6.81056,6.81056,7.24073,7.48612
11,7.844,6.73664,6.73664,7.14534,7.41351
11,7.8547,6.72967,6.72967,7.13619,7.40655
11,7.96,6.65977,6.65977,7.0428,7.33564
11,8,6.63258,6.63258,7.00574,7.3075
11,8.02883,6.61277,6.61277,6.97845,7.28681
11,8.076,6.57994,6.57994,6.93274,7.25218
11,8.192,6.49718,6.49718,6.81467,7.16284
11,8.20682,6.48641,6.48641,6.79899,7.151
11,8.308,6.4117,6.4117,6.68818,7.06733
11,8.38875,6.35066,6.35066,6.59503,6.99702
11,8.424,6.32362,6.32362,6.55302,6.96532
11,8.5,6.26453,6.26453,6.45961,6.89485
11,8.54,6.233,6.233,6.40888,6.85656
11,8.57472,6.2054,6.2054,6.36397,6.82263
11,8.656,6.13999,6.13999,6.25578,6.74052
11,8.76481,6.0508,6.0508,6.10428,6.62392
11,8.772,6.04485,6.04485,6.09402,6.61593
11,8.888,5.94783,5.94783,5.9242,6.48215
11,8.95912,5.88753,5.88753,5.81568,6.3954
11,9,5.85262,5.85262,5.75178,6.34387
11,9.004,5.8492,5.8492,5.74547,6.33877
11,9.12,5.74928,5.74928,5.55825,6.18623
11,9.15773,5.71656,5.71656,5.49616,6.13514
11,9.236,5.64846,5.64846,5.36634,6.02865
11,9.352,5.54714,5.54714,5.1725,5.8674
11,9.36075,5.53949,5.53949,5.15786,5.85465
11,9.468,5.44576,5.44576,4.97846,5.69062
11,9.5,5.41784,5.41784,4.92545,5.64162
11,9.56827,5.35839,5.35839,4.81401,5.53738
11,9.584,5.34472,5.34472,4.78874,5.51286
11,9.7,5.24447,5.24447,4.60708,5.32699
11,9.78039,5.17567,5.17567,4.48722,5.198
11,9.816,5.14539,5.14539,4.43611,5.14027
11,9.932,5.04784,5.04784,4.27843,4.95544
11,9.99721,4.99381,4.99381,4.19552,4.85367
11,10,4.99151,4.99151,4.19205,4.84932
11,10.048,4.95214,4.95214,4.13341,4.7751
11,10.164,4.85851,4.85851,4.00067,4.60418
11,10.2188,4.81506,4.81506,3.942,4.52695
11,10.28,4.7672,4.7672,3.8787,4.44345
11,10.396,4.67824,4.67824,3.76749,4.29672
11,10.4454,4.64124,4.64124,3.72309,4.23723
11,10.5,4.60101,4.60101,3.67585,4.17432
11,10.512,4.59227,4.59227,3.66568,4.16122
11,10.628,4.50918,4.50918,3.56978,4.04113
11,10.6769,4.47431,4.47431,3.53104,3.99243
11,10.744,4.42691,4.42691,3.47934,3.92924
11,10.86,4.34748,4.34748,3.3962,3.82651
11,10.9136,4.31167,4.31167,3.35992,3.78206
11,10.976,4.27069,4.27069,3.31919,3.73267
11,11,4.25514,4.25514,3.30369,3.71425
11,11.092,4.1966,4.1966,3.24496,3.64617
11,11.1556,4.15708,4.15708,3.20611,3.60145
11,11.208,4.12501,4.12501,3.17461,3.56584
11,11.324,4.05582,4.05582,3.10788,3.49098
11,11.4029,4.01009,4.01009,3.06384,3.44291
11,11.44,3.9889,3.9889,3.04358,3.42091
11,11.5,3.95515,3.95515,3.01147,3.3863
11,11.556,3.92416,3.92416,2.98205,3.355
11,11.6557,3.87018,3.87018,2.93091,3.30129
11,11.672,3.86147,3.86147,2.92266,3.29272
11,11.788,3.80071,3.80071,2.86506,3.23356
11,11.904,3.74178,3.74178,2.80899,3.17697
11,11.9141,3.73675,3.73675,2.80419,3.17217
11,12,3.69427,3.69427,2.763,3.13179
11,12.02,3.68451,3.68451,2.75362,3.12255
11,12.136,3.62886,3.62886,2.70046,3.07007
11,12.1782,3.60903,3.60903,2.68092,3.05151
11,12.252,3.57518,3.57518,2.64729,3.01967
11,12.368,3.52199,3.52199,2.59561,2.96986
11,12.4482,3.48575,3.48575,2.56017,2.93564
11,12.484,3.46984,3.46984,2.54433,2.92057
11,12.5,3.46279,3.46279,2.53725,2.91388
11,12.6,3.41927,3.41927,2.49309,2.87227
11,12.716,3.36973,3.36973,2.44215,2.82499
11,12.7241,3.36625,3.36625,2.43859,2.82177
11,12.832,3.31996,3.31996,2.39176,2.77862
11,12.948,3.27321,3.27321,2.3416,2.73217
11,13,3.25245,3.25245,2.31918,2.71151
11,13.0062,3.24997,3.24997,2.31651,2.70905
11,13.064,3.22676,3.22676,2.29165,2.68619
11,13.18,3.17921,3.17921,2.24182,2.64123
11,13.2945,3.13425,3.13425,2.19275,2.59659
11,13.296,3.13369,3.13369,2.19213,2.596
11,13.412,3.08848,3.08848,2.14233,2.55064
11,13.5,3.0543,3.0543,2.10476,2.51624
11,13.528,3.04377,3.04377,2.09289,2.50521
11,13.5893,3.02097,3.02097,2.06685,2.48137
11,13.644,3.00013,3.00013,2.0435,2.46015
11,13.76,2.95599,2.95599,1.99377,2.41515
11,13.876,2.91222,2.91222,1.94412,2.37035
11,13.8905,2.90664,2.90664,1.93793,2.36473
11,13.992,2.86893,2.86893,1.89462,2.32536
11,14,2.86598,2.86598,1.8912,2.32226
11,14.108,2.82588,2.82588,1.84509,2.28035
11,14.1985,2.79239,2.79239,1.8063,2.24528
11,14.224,2.78294,2.78294,1.79525,2.23549
11,14.34,2.74023,2.74023,1.74524,2.19029
11,14.456,2.69766,2.69766,1.6956,2.14516
11,14.5,2.68152,2.68152,1.67673,2.12808
11,14.5132,2.67667,2.67667,1.67105,2.12294
11,14.572,2.65514,2.65514,1.64568,2.10001
11,14.688,2.61253,2.61253,1.5956,2.0546
11,14.804,2.57055,2.57055,1.54583,2.00914
11,14.835,2.55925,2.55925,1.53241,1.99699
11,14.92,2.52829,2.52829,1.49552,1.96361
11,15,2.49978,2.49978,1.46106,1.93213
11,15.036,2.48623,2.48623,1.44548,1.91796
11,15.152,2.44348,2.44348,1.3951,1.87228
11,15.1638,2.43912,2.43912,1.38995,1.86762
11,15.268,2.40109,2.40109,1.34478,1.82665
11,15.384,2.35958,2.35958,1.29432,1.78099
11,15.5,2.31634,2.31634,1.24377,1.73504
12,1,0,0,0,0
12,1.02339,0,0,0,0
12,1.04733,0,0,0,0
12,1.07183,0,0,0,0
12,1.0969,0,0,0,0
12,1.12256,0,0,0,0
12,1.136,0,0,0,0
12,1.14882,0,0,0,0
12,1.1757,0,0,0,0
12,1.2032,0,0,0,0
12,1.23134,0,0,0,0
12,1.26015,0,0,0,0
12,1.272,0,0,0,0
12,1.28963,0,0,0,0
12,1.31979,0,0,0,0
12,1.35067,0,0,0,0
12,1.38226,0,0,0,0
12,1.408,0,0,0,0
12,1.4146,0,0,0,0
12,1.44769,0,0,0,0
12,1.48155,0,0,0,0
12,1.5,0,0,0,0
12,1.51621,0,0,0,0
12,1.544,0,0,0,0
12,1.55168,0,0,0,0
12,1.58797,0,0,0,0
12,1.62512,0,0,0,0
12,1.66314,0,0,0,0
12,1.68,0,0,0,0
12,1.70204,0,0,0,0
12,1.74186,0.610314,0.610314,0,0
12,1.7826,1.33524,1.33524,0,0
12,1.816,1.81686,1.81686,0,0
12,1.8243,1.92534,1.92534,0,0
12,1.86698,2.42675,2.42675,0,0
12,1.91065,2.86224,2.86224,0,0
12,1.952,3.21962,3.21962,0,0
12,1.95534,3.24657,3.24657,0,0
12,2,3.58271,3.58271,0,0
12,2.00108,3.59036,3.59036,0,0
12,2.04789,3.90091,3.90091,0,0
12,2.088,4.14019,4.14019,0,0
12,2.0958,4.1842,4.1842,0,0
12,2.14483,4.44396,4.44396,0,0
12,2.195,4.68392,4.68392,0,0
12,2.224,4.81221,4.81221,0,0
12,2.24634,4.9064,4.9064,0,0
12,2.29889,5.11372,5.11372,0,0
12,2.35267,5.30784,5.30784,0,0
12,2.36,5.33304,5.33304,0,0
12,2.4077,5.49007,5.49007,0,0
12,2.46402,5.6618,5.6618,0,0
12,2.496,5.75344,5.75344,0,0
12,2.5,5.76466,5.76466,0,0
12,2.52166,5.82451,5.82451,0,0
12,2.58065,5.97916,5.97916,0,0
12,2.632,6.10426,6.10426,0,0
12,2.64102,6.12537,6.12537,0,0
12,2.7028,6.26375,6.26375,0,0
12,2.76602,6.3951,6.3951,0,0
12,2.768,6.39905,6.39905,0,0
12,2.83073,6.51994,6.51994,0,0
12,2.89695,6.6387,6.6387,0,0
12,2.904,6.65086,6.65086,0,0
12,2.96471,6.75177,6.75177,0,0
12,3,6.80751,6.80751,0,0
12,3.03406,6.85941,6.85941,0,0
12,3.04,6.86827,6.86827,0,0
12,3.10504,6.96181,6.96181,0,0
12,3.176,7.05699,7.05699,0,0
12,3.17767,7.05915,7.05915,0,0
12,3.252,7.15148,7.15148,0,0
12,3.312,7.22096,7.22096,0,0
12,3.32808,7.23883,7.23883,0,0
12,3.40593,7.32118,7.32118,0,0
12,3.448,7.36281,7.36281,0,0
12,3.4856,7.3984,7.3984,0,0
12,3.5,7.41163,7.41163,0,0
12,3.56714,7.47039,7.47039,0,0
12,3.584,7.48441,7.48441,0,0
12,3.65058,7.53699,7.53699,0,0
12,3.72,7.58714,7.58714,0,0
12,3.73598,7.59802,7.59802,0,0
12,3.82337,7.65325,7.65325,0,0
12,3.856,7.67206,7.67206,0,0
12,3.91281,7.70251,7.70251,0,0
12,3.992,7.74022,7.74022,0,0
12,4,7.74373,7.74373,0,0
12,4.00434,7.74561,7.74561,0,0
12,4.09801,7.7824,7.7824,0,0
12,4.128,7.79268,7.79268,0,0
12,4.19387,7.81279,7.81279,0,0
12,4.264,7.83063,7.83063,1.42224,0
12,4.29198,7.83674,7.83674,1.90461,0
12,4.39238,7.8543,7.8543,3.08402,2.09299
12,4.4,7.85536,7.85536,3.15178,2.20366
12,4.49512,7.86555,7.86555,3.84843,3.25343
12,4.5,7.86592,7.86592,3.87828,3.29548
12,4.536,7.86827,7.86827,4.08519,3.58187
12,4.60028,7.87067,7.87067,4.40527,4.00904
12,4.672,7.87078,7.87078,4.70532,4.39435
12,4.70789,7.86989,7.86989,4.83759,4.56041
12,4.808,7.8643,7.8643,5.15772,4.95386
12,4.81802,7.86351,7.86351,5.18641,4.98853
12,4.93072,7.85184,7.85184,5.47427,5.33363
12,4.944,7.85015,7.85015,5.50447,5.36954
12,5,7.84239,7.84239,5.62431,5.5117
12,5.04606,7.83524,7.83524,5.71529,5.61835
12,5.08,7.82955,7.82955,5.77837,5.69157
12,5.1641,7.81407,7.81407,5.91989,5.85565
12,5.216,7.80359,7.80359,5.9973,5.94568
12,5.2849,7.78871,7.78871,6.08954,6.05339
12,5.352,7.77324,7.77324,6.16864,6.14633
12,5.40853,7.75952,7.75952,6.22766,6.21619
12,5.488,7.73931,7.73931,6.29969,6.30226
12,5.5,7.73617,7.73617,6.30951,6.31408
12,5.53505,7.72687,7.72687,6.33666,6.34689
12,5.624,7.70251,7.70251,6.39583,6.41933
12,5.66453,7.69108,7.69108,6.41841,6.44744
12,5.76,7.6634,7.6634,6.46157,6.50246
12,5.79703,7.65241,7.65241,6.47475,6.51981
12,5.896,7.62243,7.62243,6.50116,6.55618
12,5.93264,7.61113,7.61113,6.50791,6.56619
12,6,7.59013,7.59013,6.51643,6.58012
12,6.032,7.58006,7.58006,6.51884,6.58483
12,6.07142,7.56758,7.56758,6.52043,6.58908
12,6.168,7.53657,7.53657,6.51847,6.59273
12,6.21344,7.52175,7.52175,6.51492,6.59142
12,6.304,7.4916,7.4916,6.50345,6.5837
12,6.35879,7.47287,7.47287,6.49393,6.57606
12,6.44,7.44416,7.44416,6.47668,6.56108
12,6.5,7.42207,7.42207,6.46176,6.54753
12,6.50754,7.41923,7.41923,6.45977,6.5457
12,6.576,7.39297,7.39297,6.4405,6.52774
12,6.65976,7.35972,7.35972,6.41433,6.50284
12,6.712,7.33831,7.33831,6.39671,6.48588
12,6.81555,7.29419,7.29419,6.35913,6.44934
12,6.848,7.27994,7.27994,6.34669,6.43716
12,6.97498,7.22226,7.22226,6.29529,6.38657
12,6.984,7.21804,7.21804,6.29149,6.38281
12,7,7.21052,7.21052,6.28469,6.37609
12,7.12,7.15246,7.15246,6.23186,6.32372
12,7.13814,7.14342,7.14342,6.22361,6.31552
12,7.256,7.08309,7.08309,6.16839,6.26058
12,7.30512,7.05709,7.05709,6.1446,6.23687
12,7.392,7.00986,7.00986,6.10148,6.19386
12,7.47601,6.96266,6.96266,6.05856,6.15101
12,7.5,6.94891,6.94891,6.0461,6.13856
12,7.528,6.93271,6.93271,6.03143,6.12391
12,7.65089,6.8596,6.8596,5.96561,6.05813
12,7.664,6.8516,6.8516,5.95845,6.05097
12,7.8,6.76649,6.76649,5.88272,5.97523
12,7.82986,6.74726,6.74726,5.86572,5.95824
12,7.936,6.67735,6.67735,5.80431,5.8968
12,8,6.63401,6.63401,5.76652,5.85899
12,8.01302,6.62509,6.62509,5.75877,5.85123
12,8.072,6.58421,6.58421,5.72335,5.81578
12,8.20046,6.49263,6.49263,5.6446,5.73695
12,8.208,6.48715,6.48715,5.6399,5.73225
12,8.344,6.38629,6.38629,5.55399,5.6463
12,8.39229,6.34958,6.34958,5.52292,5.6152
12,8.48,6.28179,6.28179,5.46574,5.55797
12,8.5,6.26613,6.26613,5.45257,5.54479
12,8.58861,6.19591,6.19591,5.39358,5.48579
12,8.616,6.17392,6.17392,5.37514,5.46736
12,8.752,6.06307,6.06307,5.28232,5.37455
12,8.78952,6.03203,6.03203,5.25635,5.34857
12,8.888,5.94975,5.94975,5.18741,5.27963
12,8.99512,5.85921,5.85921,5.11114,5.20345
12,9,5.85506,5.85506,5.10764,5.19995
12,9.024,5.83464,5.83464,5.09037,5.18272
12,9.16,5.71846,5.71846,4.99158,5.08396
12,9.20554,5.67937,5.67937,4.95813,5.05053
12,9.296,5.60181,5.60181,4.89107,4.98355
12,9.42088,5.49518,5.49518,4.79736,4.88986
12,9.432,5.48571,5.48571,4.78898,4.88146
12,9.5,5.42784,5.42784,4.73767,4.82985
12,9.568,5.36989,5.36989,4.68612,4.7779
12,9.64126,5.3073,5.3073,4.63014,4.72162
12,9.704,5.25362,5.25362,4.58186,4.67319
12,9.84,5.13754,5.13754,4.47758,4.56772
12,9.86679,5.11478,5.11478,4.45719,4.5469
12,9.976,5.02265,5.02265,4.37377,4.46191
12,10,5.00255,5.00255,4.35518,4.44324
12,10.0976,4.92161,4.92161,4.2799,4.36742
12,10.112,4.90978,4.90978,4.269,4.35625
12,10.248,4.79971,4.79971,4.16717,4.25122
12,10.3338,4.73192,4.73192,4.10264,4.18555
12,10.384,4.69292,4.69292,4.06553,4.14743
12,10.5,4.60458,4.60458,3.9816,4.06034
12,10.52,4.58964,4.58964,3.96737,4.04549
12,10.5755,4.54853,4.54853,3.9281,4.00453
12,10.656,4.4901,4.4901,3.87167,3.94603
12,10.792,4.39422,4.39422,3.77957,3.84958
12,10.8229,4.37296,4.37296,3.75925,3.82816
12,10.928,4.30215,4.30215,3.69172,3.75685
12,11,4.25477,4.25477,3.64684,3.70942
12,11.064,4.21359,4.21359,3.60804,3.66839
12,11.0761,4.20591,4.20591,3.60084,3.66076
12,11.2,4.12871,4.12871,3.52947,3.58467
12,11.3352,4.04758,4.04758,3.45625,3.50609
12,11.336,4.04711,4.04711,3.45583,3.50563
12,11.472,3.96933,3.96933,3.38667,3.43195
12,11.5,3.95356,3.95356,3.37332,3.41763
12,11.6003,3.89846,3.89846,3.32741,3.36843
12,11.608,3.89437,3.89437,3.32401,3.36479
12,11.744,3.82228,3.82228,3.2658,3.30178
12,11.8717,3.75537,3.75537,3.2155,3.24572
12,11.88,3.75113,3.75113,3.21237,3.24226
12,12,3.69084,3.69084,3.16906,3.19601
12,12.016,3.68291,3.68291,3.16355,3.19028
12,12.1494,3.61758,3.61758,3.11987,3.14382
12,12.152,3.61633,3.61633,3.11906,3.14294
12,12.288,3.55256,3.55256,3.07881,3.09864
12,12.424,3.49258,3.49258,3.04205,3.05896
12,12.4336,3.48838,3.48838,3.03958,3.0563
12,12.5,3.45945,3.45945,3.02308,3.03839
12,12.56,3.43315,3.43315,3.00857,3.02282
12,12.696,3.37424,3.37424,2.97807,2.98972
12,12.7245,3.36216,3.36216,2.972,2.98326
12,12.832,3.31687,3.31687,2.95015,2.96019
12,12.968,3.26139,3.26139,2.92482,2.93316
12,13,3.24861,3.24861,2.91908,2.9271
12,13.0221,3.23974,3.23974,2.91521,2.92298
12,13.104,3.2063,3.2063,2.90162,2.90822
12,13.24,3.1516,3.1516,2.87996,2.88578
12,13.3267,3.11776,3.11776,2.8673,2.87236
12,13.376,3.09848,3.09848,2.86024,2.8648
12,13.5,3.05053,3.05053,2.84325,2.84562
12,13.512,3.04592,3.04592,2.84168,2.84381
12,13.6385,2.99707,2.99707,2.82565,2.82751
12,13.648,2.99351,2.99351,2.82446,2.82643
12,13.784,2.94276,2.94276,2.80809,2.81072
12,13.92,2.89165,2.89165,2.79226,2.79532
12,13.9575,2.87759,2.87759,2.78789,2.79128
12,14,2.86157,2.86157,2.78358,2.78682
12,14.056,2.84028,2.84028,2.77814,2.78108
12,14.192,2.79054,2.79054,2.76365,2.76719
12,14.284,2.75661,2.75661,2.75526,2.75772
12,14.328,2.74036,2.74036,2.74992,2.75336
12,14.464,2.6906,2.6906,2.73716,2.74166
12,14.5,2.67725,2.67725,2.7332,2.73841
12,14.6,2.64054,2.64054,2.72294,2.72725
12,14.6182,2.63391,2.63391,2.72121,2.72523
12,14.736,2.59113,2.59113,2.70985,2.71342
12,14.872,2.54177,2.54177,2.69698,2.70238
12,14.9601,2.50951,2.50951,2.68866,2.6944
12,15,2.49476,2.49476,2.68491,2.69028
12,15.008,2.49181,2.49181,2.68416,2.68945
12,15.144,2.44224,2.44224,2.67136,2.67622
12,15.28,2.39257,2.39257,2.65787,2.66417
12,15.3101,2.38168,2.38168,2.65499,2.66136
12,15.416,2.34334,2.34334,2.64517,2.65096
12,15.5,2.3129,2.3129,2.63735,2.64428
12,15.552,2.294,2.294,2.63248,2.64049
12,15.6682,2.25166,2.25166,2.62091,2.63107
12,15.688,2.24445,2.24445,2.61917,2.62934
12,15.824,2.1949,2.1949,2.60644,2.61706
12,15.96,2.14538,2.14538,2.59322,2.60525
12,16,2.13082,2.13082,2.58931,2.60165
12,16.0347,2.11817,2.11817,2.58591,2.59854
12,16.096,2.09581,2.09581,2.57986,2.59332
12,16.232,2.0459,2.0459,2.5665,2.57995
12,16.368,1.9958,1.9958,2.55277,2.56547
12,16.4098,1.98049,1.98049,2.54853,2.56122
12,16.5,1.94739,1.94739,2.53935,2.55245
12,16.504,1.94592,1.94592,2.53894,2.55208
12,16.64,1.89585,1.89585,2.52497,2.53942
12,16.776,1.84589,1.84589,2.51106,2.52716
12,16.7937,1.83936,1.83936,2.50919,2.5254
12,16.912,1.79568,1.79568,2.49671,2.51233
12,17,1.76312,1.76312,2.48734,2.50313
12,17.048,1.74535,1.74535,2.4822,2.49846
12,17.184,1.69491,1.69491,2.46757,2.48538
12,17.1865,1.69397,1.69397,2.4673,2.48512
12,17.32,1.64418,1.64418,2.4528,2.47056
12,17.456,1.59371,1.59371,2.43786,2.45543
12,17.5,1.57732,1.57732,2.433,2.45174
12,17.5886,1.54436,1.54436,2.42316,2.44379
12,17.592,1.54309,1.54309,2.42278,2.44345
12,17.728,1.49213,1.49213,2.40754,2.42827
12,17.864,1.44089,1.44089,2.39219,2.41405
12,18,1.38986,1.38986,2.37672,2.39874
13,1,0,0,1.9579,2.03394
13,1.02362,0,0,2.03035,2.10896
13,1.04779,0,0,2.10392,2.1851
13,1.07254,0,0,2.17866,2.26242
13,1.09787,0,0,2.2545,2.34082
13,1.12379,0,0,2.3314,2.42031
13,1.14,0,0,2.37914,2.46963
13,1.15033,0,0,2.40945,2.50093
13,1.1775,0,0,2.48858,2.58263
13,1.20531,0,0,2.56878,2.66541
13,1.23378,0,0,2.65008,2.74928
13,1.26291,0,0,2.73249,2.83427
13,1.28,0,0,2.7804,2.88367
13,1.29274,0,0,2.81594,2.9203
13,1.32327,0,0,2.90053,3.00744
13,1.35452,0,0,2.98628,3.09577
13,1.38651,0,0,3.07291,3.18502
13,1.41926,0,0,3.16066,3.27533
13,1.42,0,0,3.16264,3.27737
13,1.45277,0,0,3.24954,3.36673
13,1.48708,0,0,3.33948,3.45913
13,1.5,0,0,3.37307,3.49361
13,1.5222,0,0,3.43049,3.55253
13,1.55815,0,0,3.52255,3.647
13,1.56,0,0,3.52725,3.65182
13,1.59495,0,0,3.61564,3.74256
13,1.63262,0,0,3.70977,3.83916
13,1.67118,0,0,3.80493,3.93675
13,1.7,0,0,3.87529,4.00888
13,1.71064,0,0,3.9011,4.03535
13,1.75104,0.792493,0.792493,3.99829,4.13498
13,1.7924,1.48482,1.48482,4.09647,4.23555
13,1.83473,2.05613,2.05613,4.19564,4.33708
13,1.84,2.12007,2.12007,4.2079,4.34963
13,1.87806,2.54378,2.54378,4.29578,4.43959
13,1.92241,2.96869,2.96869,4.39687,4.54301
13,1.96781,3.34484,3.34484,4.49889,4.64733
13,1.98,3.43741,3.43741,4.52603,4.67508
13,2,3.58266,3.58266,4.57035,4.72039
13,2.01429,3.68176,3.68176,4.60184,4.75257
13,2.06186,3.98684,3.98684,4.70569,4.85868
13,2.11055,4.26483,4.26483,4.81043,4.96564
13,2.12,4.31536,4.31536,4.83057,4.9862
13,2.1604,4.5206,4.5206,4.91608,5.07344
13,2.21142,4.75713,4.75713,5.02257,5.18204
13,2.26,4.96118,4.96118,5.12239,5.28387
13,2.26364,4.97579,4.97579,5.12982,5.29144
13,2.3171,5.17982,5.17982,5.23791,5.40159
13,2.37183,5.37144,5.37144,5.34684,5.51246
13,2.4,5.46376,5.46376,5.4022,5.56881
13,2.42784,5.55155,5.55155,5.45641,5.62401
13,2.48518,5.72116,5.72116,5.56668,5.73621
13,2.5,5.76297,5.76297,5.59491,5.76489
13,2.54,5.8715,5.8715,5.67047,5.84163
13,2.54387,5.88164,5.88164,5.67773,5.849
13,2.60395,6.03393,6.03393,5.78938,5.96234
13,2.66544,6.17921,6.17921,5.90152,6.07615
13,2.68,6.21197,6.21197,5.92775,6.10277
13,2.72839,6.31668,6.31668,6.01421,6.19042
13,2.79283,6.44689,6.44689,6.12751,6.30504
13,2.82,6.49896,6.49896,6.17455,6.35264
13,2.85879,6.57057,6.57057,6.24088,6.41988
13,2.9263,6.68812,6.68812,6.35477,6.53487
13,2.96,6.74366,6.74366,6.4109,6.59127
13,2.99541,6.79992,6.79992,6.46904,6.6498
13,3,6.80706,6.80706,6.47649,6.65733
13,3.06615,6.90625,6.90625,6.58252,6.76446
13,3.1,6.95443,6.95443,6.63617,6.81823
13,3.13857,7.00732,7.00732,6.69671,6.87862
13,3.21269,7.10326,7.10326,6.81025,6.99189
13,3.24,7.13679,7.13679,6.85117,7.03266
13,3.28856,7.19412,7.19412,6.92295,7.10381
13,3.36623,7.27991,7.27991,7.03494,7.21378
13,3.38,7.29439,7.29439,7.05437,7.23277
13,3.44573,7.36057,7.36057,7.14439,7.32117
13,3.5,7.41165,7.41165,7.21609,7.39113
13,3.52,7.42968,7.42968,7.24241,7.41618
13,3.5271,7.43598,7.43598,7.25177,7.42498
13,3.6104,7.50599,7.50599,7.35656,7.52417
13,3.66,7.54434,7.54434,7.41493,7.57941
13,3.69567,7.57042,7.57042,7.45565,7.61728
13,3.78295,7.62904,7.62904,7.54959,7.70278
13,3.8,7.63965,7.63965,7.56686,7.71825
13,3.87229,7.68164,7.68164,7.63604,7.77904
13,3.94,7.71668,7.71668,7.69505,7.82864
13,3.96374,7.72801,7.72801,7.7142,7.84428
13,4,7.74439,7.74439,7.74182,7.86641
13,4.05735,7.76802,7.76802,7.7815,7.89695
13,4.08,7.77661,7.77661,7.79586,7.90746
13,4.15317,7.80152,7.80152,7.8368,7.93552
13,4.22,7.82062,7.82062,7.86662,7.95328
13,4.25126,7.8284,7.8284,7.87811,7.95903
13,4.35166,7.84871,7.84871,7.90454,7.96679
13,4.36,7.85009,7.85009,7.90602,7.96671
13,4.45443,7.8625,7.8625,7.91519,7.95853
13,4.5,7.86649,7.86649,7.91486,7.94999
13,4.55963,7.86989,7.86989,7.91001,7.93458
13,4.64,7.87142,7.87142,7.89589,7.90681
13,4.66731,7.87119,7.87119,7.88926,7.89568
13,4.77754,7.86658,7.86658,7.85392,7.84304
13,4.78,7.86642,7.86642,7.85299,7.84174
13,4.89037,7.8565,7.8565,7.80516,7.77831
13,4.92,7.85308,7.85308,7.79054,7.75982
13,5,7.84227,7.84227,7.74783,7.70742
13,5.00586,7.84139,7.84139,7.74453,7.70345
13,5.06,7.83271,7.83271,7.71303,7.66617
13,5.12408,7.82133,7.82133,7.67368,7.6207
13,5.2,7.80652,7.80652,7.6246,7.56536
13,5.2451,7.79705,7.79705,7.59441,7.532
13,5.34,7.77557,7.77557,7.52887,7.46119
13,5.36897,7.76867,7.76867,7.50844,7.43951
13,5.48,7.74086,7.74086,7.42901,7.35626
13,5.49577,7.73675,7.73675,7.41759,7.34447
13,5.5,7.73563,7.73563,7.41452,7.3413
13,5.62,7.70306,7.70306,7.32719,7.25235
13,5.62556,7.7015,7.7015,7.32316,7.24825
13,5.75842,7.66329,7.66329,7.22699,7.14999
13,5.76,7.66282,7.66282,7.22584,7.14882
13,5.89441,7.62239,7.62239,7.13016,7.05269
13,5.9,7.62067,7.62067,7.12623,7.0488
13,6,7.5896,7.5896,7.0561,6.9791
13,6.03362,7.579,7.579,7.03305,6.95584
13,6.04,7.57698,7.57698,7.02873,6.95146
13,6.17611,7.53336,7.53336,6.93851,6.86239
13,6.18,7.5321,7.5321,6.93594,6.85994
13,6.32,7.48561,7.48561,6.84776,6.77154
13,6.32197,7.48493,7.48493,6.84655,6.7703
13,6.46,7.43594,7.43594,6.76354,6.68639
13,6.47128,7.43178,7.43178,6.75702,6.67988
13,6.5,7.42109,7.42109,6.74061,6.66352
13,6.6,7.38271,7.38271,6.68496,6.60876
13,6.62411,7.37319,7.37319,6.67183,6.59613
13,6.74,7.32572,7.32572,6.61082,6.5383
13,6.78055,7.30848,7.30848,6.59048,6.51905
13,6.88,7.26483,7.26483,6.54228,6.47397
13,6.94068,7.23725,7.23725,6.514,6.44789
13,7,7.20957,7.20957,6.48745,6.42339
13,7.02,7.20008,7.20008,6.47873,6.41535
13,7.1046,7.15904,7.15904,6.44296,6.38252
13,7.16,7.13138,7.13138,6.42046,6.36212
13,7.27238,7.07333,7.07333,6.37738,6.32339
13,7.3,7.05866,7.05866,6.36731,6.31437
13,7.44,6.98186,6.98186,6.31917,6.27164
13,7.44413,6.97953,6.97953,6.31782,6.27045
13,7.5,6.94767,6.94767,6.30001,6.25479
13,7.58,6.90091,6.90091,6.27586,6.23369
13,7.61994,6.87705,6.87705,6.26439,6.22375
13,7.72,6.81578,6.81578,6.23731,6.20048
13,7.7999,6.76529,6.76529,6.21738,6.18372
13,7.86,6.72637,6.72637,6.20337,6.17225
13,7.98411,6.64352,6.64352,6.17704,6.15151
13,8,6.63268,6.63268,6.17391,6.1491
13,8.14,6.53484,6.53484,6.14864,6.12971
13,8.17266,6.51142,6.51142,6.14335,6.12567
13,8.28,6.43295,6.43295,6.12752,6.11369
13,8.36568,6.36865,6.36865,6.11656,6.10556
13,8.42,6.32713,6.32713,6.11035,6.10115
13,8.5,6.265,6.265,6.1022,6.09576
13,8.56,6.21764,6.21764,6.0969,6.09261
13,8.56325,6.21506,6.21506,6.09663,6.09246
13,8.7,6.10473,6.10473,6.0871,6.08831
13,8.76548,6.0509,6.0509,6.08371,6.08759
13,8.84,5.98885,5.98885,6.08074,6.08737
13,8.97249,5.87668,5.87668,6.07776,6.08814
13,8.98,5.87027,5.87027,6.07768,6.08826
13,9,5.85317,5.85317,6.0775,6.08861
13,9.12,5.74963,5.74963,6.07773,6.09223
13,9.18439,5.69358,5.69358,6.07877,6.09516
13,9.26,5.6277,5.6277,6.08078,6.09934
13,9.4,5.50557,5.50557,6.08664,6.10925
13,9.4013,5.50444,5.50444,6.08671,6.10936
13,9.5,5.41897,5.41897,6.09245,6.11838
13,9.54,5.38457,5.38457,6.09514,6.12248
13,9.62333,5.313,5.313,6.10137,6.13154
13,9.68,5.26431,5.26431,6.10607,6.13802
13,9.82,5.14311,5.14311,6.11936,6.15517
13,9.8506,5.1167,5.1167,6.12257,6.15919
13,9.96,5.02341,5.02341,6.13493,6.17434
13,10,4.98987,4.98987,6.13977,6.18015
13,10.0832,4.92112,4.92112,6.15037,6.1927
13,10.1,4.90742,4.90742,6.15258,6.1953
13,10.24,4.7947,4.7947,6.17207,6.21824
13,10.3214,4.73073,4.73073,6.1842,6.23269
13,10.38,4.68552,4.68552,6.19332,6.24343
13,10.5,4.59519,4.59519,6.21293,6.26578
13,10.52,4.58036,4.58036,6.21632,6.26954
13,10.5651,4.54706,4.54706,6.22408,6.27815
13,10.66,4.47794,4.47794,6.24086,6.29678
13,10.8,4.37964,4.37964,6.26668,6.32552
13,10.8146,4.36961,4.36961,6.26945,6.32858
13,10.94,4.28591,4.28591,6.29369,6.35499
13,11,4.24713,4.24713,6.30563,6.36801
13,11.07,4.20274,4.20274,6.31984,6.38365
13,11.08,4.19651,4.19651,6.32188,6.38591
13,11.22,4.11064,4.11064,6.35108,6.41737
13,11.3315,4.04353,4.04353,6.37395,6.44021
13,11.36,4.02673,4.02673,6.37923,6.4454
13,11.5,3.94771,3.94771,6.39753,6.46482
13,11.5,3.94771,3.94771,6.39753,6.46482
13,11.5991,3.89481,3.89481,6.40278,6.47147
13,11.64,3.87276,3.87276,6.40346,6.47245
13,11.78,3.79867,3.79867,6.39996,6.47073
13,11.873,3.75135,3.75135,6.39273,6.46542
13,11.92,3.72823,3.72823,6.38762,6.46141
13,12,3.68965,3.68965,6.37668,6.45245
13,12.06,3.66051,3.66051,6.36664,6.44389
13,12.1534,3.6157,3.6157,6.34789,6.42773
13,12.2,3.59369,3.59369,6.33714,6.41841
13,12.34,3.52846,3.52846,6.29927,6.38497
13,12.4405,3.48417,3.48417,6.26719,6.35649
13,12.48,3.46686,3.46686,6.25348,6.34414
13,12.5,3.45806,3.45806,6.24631,6.33765
13,12.62,3.40536,3.40536,6.20016,6.29579
13,12.7343,3.35719,3.35719,6.15133,6.25138
13,12.76,3.34671,3.34671,6.13971,6.24078
13,12.9,3.28935,3.28935,6.07181,6.17919
13,13,3.248,3.248,6.01874,6.13119
13,13.035,3.23402,3.23402,5.99969,6.11365
13,13.04,3.23204,3.23204,5.99694,6.11111
13,13.18,3.17704,3.17704,5.91626,6.03681
13,13.32,3.12096,3.12096,5.8289,5.95625
13,13.3428,3.11214,3.11214,5.81412,5.94255
13,13.46,3.06761,3.06761,5.73583,5.87021
13,13.5,3.05213,3.05213,5.7081,5.84475
13,13.6,3.01362,3.01362,5.63657,5.77941
13,13.658,2.99186,2.99186,5.59386,5.74034
13,13.74,2.96086,2.96086,5.53172,5.68344
13,13.88,2.90831,2.90831,5.42321,5.5821
13,13.9805,2.87086,2.87086,5.34216,5.50664
13,14,2.8636,2.8636,5.3259,5.49176
13,14.02,2.85616,2.85616,5.3091,5.47641
13,14.16,2.80436,2.80436,5.18958,5.36603
13,14.3,2.75279,2.75279,5.06599,5.25128
13,14.3107,2.74887,2.74887,5.05635,5.24234
13,14.44,2.7019,2.7019,4.93846,5.13229
13,14.5,2.67949,2.67949,4.88293,5.08005
13,14.58,2.65012,2.65012,4.8069,5.00918
13,14.6487,2.62517,2.62517,4.74035,4.94745
13,14.72,2.59882,2.59882,4.67044,4.88225
13,14.86,2.54816,2.54816,4.53077,4.75167
13,14.9946,2.49914,2.49914,4.39258,4.62246
13,15,2.49714,2.49714,4.38698,4.61722
13,15,2.49714,2.49714,4.38698,4.61722
13,15.14,2.44638,2.44638,4.23956,4.48079
13,15.28,2.39587,2.39587,4.08847,4.3408
13,15.3487,2.3708,2.3708,4.01333,4.2708
13,15.42,2.3449,2.3449,3.93514,4.19748
13,15.5,2.31612,2.31612,3.8461,4.11421
13,15.56,2.29425,2.29425,3.77842,4.05112
13,15.7,2.24291,2.24291,3.6187,3.90187
13,15.7112,2.2388,2.2388,3.60578,3.88978
13,15.84,2.19181,2.19181,3.45593,3.74977
13,15.98,2.14067,2.14067,3.29015,3.59433
13,16,2.13335,2.13335,3.26622,3.57182
13,16.0823,2.10327,2.10327,3.16713,3.47924
13,16.12,2.08945,2.08945,3.12151,3.43688
13,16.26,2.03818,2.03818,2.95033,3.27727
13,16.4,1.98703,1.98703,2.77652,3.11428
13,16.4621,1.96431,1.96431,2.69863,3.04121
13,16.5,1.95042,1.95042,2.65081,2.99642
13,16.54,1.93576,1.93576,2.60025,2.94903
13,16.68,1.88394,1.88394,2.42174,2.78152
13,16.82,1.83202,1.83202,2.24071,2.61181
13,16.8509,1.82055,1.82055,2.20044,2.57412
13,16.96,1.78018,1.78018,2.05737,2.43996
13,17,1.76543,1.76543,2.00458,2.39048
13,17.1,1.72848,1.72848,1.87197,2.26578
13,17.24,1.67631,1.67631,1.6846,2.0896
13,17.2488,1.67302,1.67302,1.6727,2.07842
13,17.38,1.62425,1.62425,1.49489,1.91142
13,17.5,1.5794,1.5794,1.33072,1.75734
13,17.52,1.57199,1.57199,1.3032,1.73152
13,17.6562,1.52124,1.52124,1.11507,1.55427
13,17.66,1.51979,1.51979,1.10978,1.54929
13,17.8,1.46736,1.46736,0.914572,1.36566
13,17.94,1.41461,1.41461,0.717446,1.18038
13,18,1.39205,1.39205,0.632329,1.1002
13,18.0732,1.36457,1.36457,0.5281,1.00182
13,18.08,1.362,1.362,0.518343,0.992669
13,18.22,1.30915,1.30915,0.317614,0.803998
13,18.36,1.25635,1.25635,0.11514,0.613289
13,18.5,1.20331,1.20331,0,0.421315
14,1,0,0,0,0
14,1.02316,0,0,0,0
14,1.04686,0,0,0,0
14,1.07111,0,0,0,0
14,1.09592,0,0,0,0
14,1.1213,0,0,0,0
14,1.132,0,0,0,0
14,1.14727,0,0,0,0
14,1.17384,0,0,0,0
14,1.20103,0,0,0,0
14,1.22885,0,0,0,0
14,1.25731,0,0,0,0
14,1.264,0,0,0,0
14,1.28643,0,0,0,0
14,1.31623,0,0,0,0
14,1.34672,0,0,0,0
14,1.37791,0,0,0,0
14,1.396,0,0,0,0
14,1.40982,0,0,0,0
14,1.44248,0,0,0,0
14,1.47589,0,0,0,0
14,1.5,0,0,0,0
14,1.51007,0,0,0,0
14,1.528,0,0,0,0
14,1.54505,0,0,0,0
14,1.58083,0,0,0,0
14,1.61745,0,0,0,0
14,1.65491,0,0,0,0
14,1.66,0,0,0,0
14,1.69324,0,0,0,0
14,1.73246,0.405683,0.405683,0.282082,0
14,1.77259,1.1741,1.1741,1.79589,0.171114
14,1.792,1.4789,1.4789,2.3123,1.0096
14,1.81364,1.78539,1.78539,2.79357,1.71977
14,1.85565,2.30198,2.30198,3.54109,2.73028
14,1.89863,2.74892,2.74892,4.13553,3.48383
14,1.924,2.98277,2.98277,4.4312,3.84553
14,1.94261,3.14248,3.14248,4.62752,4.08119
14,1.9876,3.49355,3.49355,5.04503,4.57297
14,2,3.58266,3.58266,5.14833,4.69291
14,2.03364,3.81027,3.81027,5.40793,4.99161
14,2.056,3.95118,3.95118,5.5658,5.17149
14,2.08074,4.09844,4.09844,5.72871,5.35572
14,2.12893,4.36225,4.36225,6.01579,5.67717
14,2.17824,4.60621,4.60621,6.27522,5.96449
14,2.188,4.6517,4.6517,6.32304,6.01716
14,2.2287,4.83176,4.83176,6.5115,6.22393
14,2.28032,5.04148,5.04148,6.72801,6.46007
14,2.32,5.19037,5.19037,6.8797,6.62472
14,2.33313,5.23764,5.23764,6.92736,6.67635
14,2.38717,5.4222,5.4222,7.11157,6.87544
14,2.44246,5.59624,5.59624,7.2822,7.0594
14,2.452,5.62481,5.62481,7.30997,7.08933
14,2.49903,5.76027,5.76027,7.4403,7.22982
14,2.5,5.76297,5.76297,7.44287,7.23259
14,2.55692,5.91546,5.91546,7.58666,7.38789
14,2.584,5.98442,5.98442,7.65023,7.45674
14,2.61614,6.06362,6.06362,7.72184,7.53452
14,2.67673,6.20467,6.20467,7.84628,7.6703
14,2.716,6.29046,6.29046,7.91991,7.7512
14,2.73873,6.33825,6.33825,7.96013,7.79563
14,2.80216,6.46494,6.46494,8.06337,7.91064
14,2.848,6.55088,6.55088,8.13002,7.98588
14,2.86707,6.58538,6.58538,8.15585,8.0153
14,2.93347,6.70008,6.70008,8.23757,8.10944
14,2.98,6.77569,6.77569,8.28754,8.1681
14,3,6.80706,6.80706,8.30725,8.19157
14,3.00142,6.80926,6.80926,8.3086,8.19319
14,3.07094,6.91319,6.91319,8.36886,8.26652
14,3.112,6.97113,6.97113,8.39892,8.30417
14,3.14207,7.01203,7.01203,8.41845,8.3292
14,3.21484,7.10594,7.10594,8.45756,8.38135
14,3.244,7.14162,7.14162,8.47031,8.39898
14,3.2893,7.19498,7.19498,8.48703,8.4229
14,3.36549,7.2791,7.2791,8.5073,8.45481
14,3.376,7.29018,7.29018,8.50938,8.45845
14,3.44344,7.35828,7.35828,8.51917,8.47747
14,3.5,7.41156,7.41156,8.52315,8.48817
14,3.508,7.41881,7.41881,8.52343,8.48935
14,3.5232,7.43241,7.43241,8.52379,8.49136
14,3.6048,7.50134,7.50134,8.52201,8.49765
14,3.64,7.52898,7.52898,8.51955,8.49824
14,3.68829,7.56489,7.56489,8.51474,8.49719
14,3.772,7.62178,7.62178,8.50283,8.49091
14,3.77372,7.62288,7.62288,8.50254,8.49073
14,3.86113,7.67511,7.67511,8.48582,8.47894
14,3.904,7.69818,7.69818,8.47625,8.47153
14,3.95056,7.72139,7.72139,8.46496,8.46241
14,4,7.74397,7.74397,8.45204,8.45163
14,4.036,7.7591,7.7591,8.44208,8.44314
14,4.04206,7.76154,7.76154,8.44036,8.44166
14,4.13568,7.79546,7.79546,8.41231,8.4171
14,4.168,7.80555,7.80555,8.40203,8.40795
14,4.23147,7.82305,7.82305,8.38105,8.38908
14,4.3,7.83863,7.83863,8.35729,8.36749
14,4.32948,7.84431,7.84431,8.34674,8.35784
14,4.42976,7.85928,7.85928,8.30949,8.32358
14,4.432,7.85954,7.85954,8.30864,8.32279
14,4.5,7.86598,7.86598,8.28222,8.29835
14,4.53236,7.86809,7.86809,8.26934,8.28641
14,4.564,7.86957,7.86957,8.25657,8.27455
14,4.63733,7.87092,7.87092,8.2263,8.24638
14,4.696,7.87002,7.87002,8.20142,8.2232
14,4.74474,7.86804,7.86804,8.18031,8.20352
14,4.828,7.86225,7.86225,8.14335,8.16904
14,4.85464,7.85979,7.85979,8.13129,8.15778
14,4.96,7.84751,7.84751,8.08246,8.11222
14,4.96708,7.84655,7.84655,8.07911,8.1091
14,5,7.84183,7.84183,8.06345,8.09449
14,5.08213,7.82851,7.82851,8.02363,8.05736
14,5.092,7.82677,7.82677,8.01877,8.05283
14,5.19984,7.806,7.806,7.96466,8.00243
14,5.224,7.80096,7.80096,7.95228,7.9909
14,5.32028,7.77963,7.77963,7.90199,7.94414
14,5.356,7.77123,7.77123,7.88295,7.92644
14,5.4435,7.74966,7.74966,7.8354,7.8823
14,5.488,7.73819,7.73819,7.81072,7.85942
14,5.5,7.73504,7.73504,7.80401,7.8532
14,5.56958,7.71638,7.71638,7.76461,7.8167
14,5.62,7.70244,7.70244,7.73554,7.7898
14,5.69859,7.68009,7.68009,7.68935,7.74711
14,5.752,7.66452,7.66452,7.65733,7.71754
14,5.83058,7.64114,7.64114,7.6093,7.67325
14,5.884,7.62494,7.62494,7.57601,7.64259
14,5.96562,7.59975,7.59975,7.52415,7.59487
14,6,7.58899,7.58899,7.50194,7.57445
14,6.016,7.58395,7.58395,7.49152,7.56488
14,6.1038,7.55607,7.55607,7.43354,7.51165
14,6.148,7.54187,7.54187,7.4038,7.48438
14,6.24517,7.51016,7.51016,7.33712,7.4233
14,6.28,7.49857,7.49857,7.31278,7.40103
14,6.38982,7.46079,7.46079,7.23451,7.32949
14,6.412,7.45289,7.45289,7.21842,7.3148
14,6.5,7.4206,7.4206,7.15366,7.2557
14,6.53782,7.40628,7.40628,7.12537,7.2299
14,6.544,7.40391,7.40391,7.12072,7.22567
14,6.676,7.35183,7.35183,7.01967,7.13361
14,6.68925,7.34643,7.34643,7.00934,7.12421
14,6.808,7.29638,7.29638,6.91524,7.03866
14,6.84418,7.28054,7.28054,6.88604,7.01213
14,6.94,7.2373,7.2373,6.80756,6.94085
14,7,7.20929,7.20929,6.75762,6.89547
14,7.00271,7.20801,7.20801,6.75535,6.89341
14,7.072,7.17473,7.17473,6.69685,6.84026
14,7.1649,7.12858,7.12858,6.61708,6.76786
14,7.204,7.10864,7.10864,6.58301,6.737
14,7.33085,7.04178,7.04178,6.47075,6.63537
14,7.336,7.03899,7.03899,6.46615,6.6312
14,7.468,6.96572,6.96572,6.34737,6.52312
14,7.5,6.9474,6.9474,6.31834,6.49662
14,7.50065,6.94703,6.94703,6.31775,6.49608
14,7.6,6.88875,6.88875,6.22688,6.41316
14,7.67438,6.84374,6.84374,6.15785,6.35044
14,7.732,6.80806,6.80806,6.10394,6.30146
14,7.85213,6.73135,6.73135,5.99138,6.1981
14,7.864,6.72359,6.72359,5.98035,6.18779
14,7.996,6.63532,6.63532,5.85798,6.07236
14,8,6.63258,6.63258,5.85427,6.06887
14,8.034,6.60919,6.60919,5.82261,6.03925
14,8.128,6.54319,6.54319,5.73383,5.95894
14,8.22008,6.47673,6.47673,5.6474,5.88216
14,8.26,6.4474,6.4474,5.61106,5.84888
14,8.392,6.34818,6.34818,5.49293,5.73516
14,8.41047,6.33403,6.33403,5.4764,5.7191
14,8.5,6.26453,6.26453,5.397,5.64338
14,8.524,6.24565,6.24565,5.37613,5.62362
14,8.60527,6.18095,6.18095,5.30689,5.55716
14,8.656,6.14,6.14,5.26479,5.51571
14,8.788,6.03158,6.03158,5.15899,5.41042
14,8.80459,6.01778,6.01778,5.14594,5.39754
14,8.92,5.92078,5.92078,5.05679,5.31019
14,9,5.85263,5.85263,4.99821,5.25152
14,9.00852,5.84534,5.84534,4.99215,5.24532
14,9.052,5.80799,5.80799,4.96165,5.21391
14,9.184,5.69374,5.69374,4.87333,5.12169
14,9.21717,5.66487,5.66487,4.85206,5.0993
14,9.316,5.57862,5.57862,4.79042,5.03457
14,9.43065,5.47839,5.47839,4.72212,4.96492
14,9.448,5.46323,5.46323,4.71216,4.95472
14,9.5,5.41784,5.41784,4.68295,4.9246
14,9.58,5.3482,5.3482,4.63998,4.87946
14,9.64909,5.28837,5.28837,4.60446,4.84202
14,9.712,5.23416,5.23416,4.57349,4.80901
14,9.844,5.12169,5.12169,4.51325,4.74275
14,9.87257,5.09761,5.09761,4.50029,4.72941
14,9.976,5.01131,5.01131,4.45513,4.68218
14,10,4.99151,4.99151,4.4452,4.6716
14,10.1012,4.90888,4.90888,4.40485,4.62915
14,10.108,4.90343,4.90343,4.40227,4.62638
14,10.24,4.79843,4.79843,4.35395,4.5744
14,10.3352,4.72452,4.72452,4.3206,4.53941
14,10.372,4.69642,4.69642,4.30825,4.52621
14,10.5,4.60102,4.60102,4.26728,4.48313
14,10.504,4.5981,4.5981,4.26605,4.48183
14,10.5746,4.54723,4.54723,4.24429,4.45923
14,10.636,4.50349,4.50349,4.22632,4.44024
14,10.768,4.4102,4.4102,4.18949,4.40204
14,10.8195,4.37486,4.37486,4.17575,4.38765
14,10.9,4.32073,4.32073,4.15491,4.366
14,11,4.25514,4.25514,4.12999,4.34067
14,11.032,4.23459,4.23459,4.12223,4.33279
14,11.0701,4.21038,4.21038,4.11312,4.32334
14,11.164,4.15189,4.15189,4.09121,4.3005
14,11.296,4.07231,4.07231,4.06159,4.27069
14,11.3265,4.05435,4.05435,4.05494,4.26357
14,11.428,3.99573,3.99573,4.03323,4.24311
14,11.5,3.95515,3.95515,4.0182,4.22756
14,11.56,3.92197,3.92197,4.00589,4.21543
14,11.5889,3.90621,3.90621,4.00003,4.21005
14,11.692,3.85085,3.85085,3.97935,4.1903
14,11.824,3.78224,3.78224,3.95347,4.16551
14,11.8573,3.76532,3.76532,3.94704,4.15937
14,11.956,3.7159,3.7159,3.92816,4.14149
14,12,3.69427,3.69427,3.91982,4.13364
14,12.088,3.6517,3.6517,3.90325,4.11822
14,12.1319,3.6308,3.6308,3.89502,4.11044
14,12.22,3.58974,3.58974,3.87856,4.09487
14,12.352,3.52932,3.52932,3.85394,4.07297
14,12.4129,3.50158,3.50158,3.84255,4.06274
14,12.484,3.46984,3.46984,3.82929,4.05089
14,12.5,3.46279,3.46279,3.82634,4.04822
14,12.616,3.4124,3.4124,3.80568,4.02878
14,12.7004,3.37639,3.37639,3.79071,4.01499
14,12.748,3.35598,3.35598,3.78191,4.00724
14,12.88,3.30043,3.30043,3.75719,3.98568
14,12.9946,3.25462,3.25462,3.73643,3.96695
14,13,3.25245,3.25245,3.73545,3.96607
14,13.012,3.24765,3.24765,3.73328,3.96412
14,13.144,3.19413,3.19413,3.7093,3.94274
14,13.276,3.14134,3.14134,3.68488,3.92104
14,13.2956,3.13387,3.13387,3.68125,3.91782
14,13.408,3.09007,3.09007,3.66039,3.89927
14,13.5,3.05431,3.05431,3.64326,3.88404
14,13.54,3.03931,3.03931,3.63576,3.87741
14,13.6035,3.01561,3.01561,3.62384,3.86684
14,13.672,2.98936,2.98936,3.611,3.8554
14,13.804,2.93959,2.93959,3.586,3.83324
14,13.9186,2.89598,2.89598,3.56356,3.8139
14,13.936,2.8895,2.8895,3.56011,3.81095
14,14,2.86598,2.86598,3.54764,3.80007
14,14.068,2.84069,2.84069,3.53508,3.78845
14,14.2,2.79181,2.79181,3.51026,3.76574
14,14.241,2.77668,2.77668,3.50215,3.75865
14,14.332,2.74317,2.74317,3.4835,3.74282
14,14.464,2.69473,2.69473,3.45775,3.71969
14,14.5,2.68152,2.68152,3.45105,3.71335
14,14.5708,2.65558,2.65558,3.43746,3.70084
14,14.596,2.64629,2.64629,3.43249,3.69637
14,14.728,2.59818,2.59818,3.4058,3.67287
14,14.86,2.55008,2.55008,3.37985,3.64919
14,14.9083,2.53249,2.53249,3.36997,3.64049
14,14.992,2.50277,2.50277,3.35198,3.62533
14,15,2.4998,2.4998,3.35029,3.62388
14,15.124,2.45369,2.45369,3.32483,3.60123
14,15.2536,2.40607,2.40607,3.29809,3.57736
14,15.256,2.40523,2.40523,3.29759,3.57692
14,15.388,2.35803,2.35803,3.27009,3.55245
14,15.5,2.31694,2.31694,3.24665,3.53154
14,15.52,2.30982,2.30982,3.24244,3.52778
14,15.6069,2.27881,2.27881,3.22409,3.51141
14,15.652,2.26233,2.26233,3.21455,3.50287
14,15.784,2.21361,2.21361,3.18649,3.47774
14,15.916,2.16548,2.16548,3.15826,3.45246
14,15.9684,2.14629,2.14629,3.14701,3.44239
14,16,2.13475,2.13475,3.1402,3.43629
14,16.048,2.11722,2.11722,3.12985,3.42702
14,16.18,2.0689,2.0689,3.10129,3.40139
14,16.312,2.0205,2.0205,3.07255,3.37564
14,16.3382,2.01085,2.01085,3.06682,3.37052
14,16.444,1.97169,1.97169,3.04371,3.34985
14,16.5,1.95141,1.95141,3.03146,3.33888
14,16.576,1.92357,1.92357,3.01474,3.32389
14,16.708,1.87445,1.87445,2.98547,3.29761
14,16.7167,1.87126,1.87126,2.98354,3.29587
14,16.84,1.82573,1.82573,2.95598,3.27104
14,16.972,1.77689,1.77689,2.92636,3.24424
14,17,1.76673,1.76673,2.92007,3.23853
14,17.1038,1.72798,1.72798,2.89675,3.21731
14,17.104,1.72792,1.72792,2.89671,3.21728
14,17.236,1.6791,1.6791,2.86717,3.19024
14,17.368,1.63011,1.63011,2.83742,3.16322
14,17.5,1.5807,1.5807,2.80729,3.13634
15,1,0,0,0,0
15,1.0219,0,0,0,0
15,1.04428,0,0,0,0
15,1.06715,0,0,0,0
15,1.09052,0,0,0,0
15,1.112,0,0,0,0
15,1.11441,0,0,0,0
15,1.13881,0,0,0,0
15,1.16375,0,0,0,0
15,1.18924,0,0,0,0
15,1.21529,0,0,0,0
15,1.224,0,0,0,0
15,1.2419,0,0,0,0
15,1.2691,0,0,0,0
15,1.29689,0,0,0,0
15,1.3253,0,0,0,0
15,1.336,0,0,0,0
15,1.35432,0,0,0,0
15,1.38398,0,0,0,0
15,1.41429,0,0,0,0
15,1.44527,0,0,0,0
15,1.448,0,0,0,0
15,1.47692,0,0,0,0
15,1.5,0,0,0,0
15,1.50927,0,0,0,0
15,1.54232,0,0,0,0
15,1.56,0,0,0,0
15,1.5761,0,0,0,0
15,1.61062,0,0,0,0
15,1.64589,0,0,0,0
15,1.672,0,0,0,0
15,1.68194,0,0,0,0
15,1.71877,0.0511183,0.0511183,0,0
15,1.75641,0.892839,0.892839,0,0
15,1.784,1.35704,1.35704,0,0
15,1.79488,1.52152,1.52152,0,0
15,1.83419,2.0495,2.0495,0,0
15,1.87436,2.50527,2.50527,0,0
15,1.896,2.72356,2.72356,0,0
15,1.91541,2.90585,2.90585,0,0
15,1.95736,3.26269,3.26269,0,0
15,2,3.58271,3.58271,0,0
15,2.00023,3.58432,3.58432,0,0
15,2.008,3.63865,3.63865,0,0
15,2.04403,3.87668,3.87668,0,0
15,2.0888,4.14474,4.14474,0,0
15,2.12,4.31595,4.31595,0,0
15,2.13455,4.39182,4.39182,0,0
15,2.18129,4.6207,4.6207,0,0
15,2.22907,4.83392,4.83392,0,0
15,2.232,4.84639,4.84639,0,0
15,2.27788,5.03309,5.03309,0,0
15,2.32777,5.22006,5.22006,0.895618,0
15,2.344,5.27767,5.27767,1.08352,0
15,2.37875,5.39615,5.39615,1.43801,0
15,2.43085,5.56231,5.56231,1.90552,0.632995
15,2.456,5.63819,5.63819,2.11181,0.95929
15,2.48409,5.71973,5.71973,2.32933,1.26088
15,2.5,5.76469,5.76469,2.44708,1.41718
15,2.53849,5.86974,5.86974,2.717,1.7683
15,2.568,5.94675,5.94675,2.91066,2.01708
15,2.59408,6.01233,6.01233,3.07322,2.22421
15,2.6509,6.14767,6.14767,3.40255,2.63921
15,2.68,6.21331,6.21331,3.55918,2.83484
15,2.70895,6.27633,6.27633,3.70813,3.01925
15,2.76828,6.39888,6.39888,3.99371,3.36929
15,2.792,6.44557,6.44557,4.10078,3.4997
15,2.82891,6.51576,6.51576,4.26127,3.69311
15,2.89086,6.62734,6.62734,4.51413,3.99487
15,2.904,6.65005,6.65005,4.56494,4.05536
15,2.95418,6.73393,6.73393,4.75042,4.27668
15,3,6.80674,6.80674,4.90917,4.46745
15,3.016,6.83136,6.83136,4.96238,4.53121
15,3.01888,6.83574,6.83574,4.97183,4.54253
15,3.08499,6.93293,6.93293,5.18047,4.79083
15,3.128,6.99269,6.99269,5.30774,4.941
15,3.15256,7.02565,7.02565,5.37775,5.02319
15,3.2216,7.11393,7.11393,5.56462,5.24185
15,3.24,7.13643,7.13643,5.61206,5.29722
15,3.29215,7.19788,7.19788,5.74159,5.44836
15,3.352,7.26433,7.26433,5.88191,5.61157
15,3.36425,7.27743,7.27743,5.90964,5.64377
15,3.43793,7.35253,7.35253,6.06954,5.82865
15,3.464,7.37765,7.37765,6.12344,5.89084
15,3.5,7.41116,7.41116,6.19571,5.97412
15,3.51323,7.42312,7.42312,6.22165,6.00402
15,3.576,7.47737,7.47737,6.34046,6.14091
15,3.59017,7.48906,7.48906,6.36633,6.17071
15,3.6688,7.55022,7.55022,6.5039,6.32909
15,3.688,7.56423,7.56423,6.53603,6.36605
15,3.74915,7.60646,7.60646,6.63467,6.47953
15,3.8,7.63887,7.63887,6.71264,6.56921
15,3.83126,7.65759,7.65759,6.75883,6.62233
15,3.912,7.70184,7.70184,6.87228,6.75287
15,3.91516,7.70345,7.70345,6.87655,6.75779
15,4,7.74351,7.74351,6.98673,6.88474
15,4.00091,7.74391,7.74391,6.98786,6.88605
15,4.024,7.75372,7.75372,7.01635,6.91893
15,4.08853,7.77882,7.77882,7.09276,7.00716
15,4.136,7.79514,7.79514,7.14603,7.06875
15,4.17807,7.80812,7.80812,7.19121,7.12107
15,4.248,7.82675,7.82675,7.26216,7.20335
15,4.26958,7.83177,7.83177,7.28304,7.2276
15,4.36,7.84929,7.84929,7.36536,7.32346
15,4.36308,7.84979,7.84979,7.36802,7.32657
15,4.45864,7.86223,7.86223,7.44583,7.41762
15,4.472,7.86352,7.86352,7.45599,7.42956
15,4.5,7.86587,7.86587,7.47672,7.45392
15,4.55629,7.86924,7.86924,7.51609,7.50032
15,4.584,7.87025,7.87025,7.53435,7.52189
15,4.65607,7.87097,7.87097,7.57841,7.5741
15,4.696,7.87026,7.87026,7.60069,7.60061
15,4.75805,7.86766,7.86766,7.63235,7.63843
15,4.808,7.86433,7.86433,7.65524,7.66592
15,4.86225,7.85954,7.85954,7.67746,7.6928
15,4.92,7.8532,7.8532,7.69819,7.71803
15,4.96874,7.84691,7.84691,7.71334,7.73666
15,5,7.84244,7.84244,7.72196,7.74734
15,5.032,7.83755,7.83755,7.72989,7.75724
15,5.07756,7.83004,7.83004,7.73968,7.76957
15,5.144,7.81802,7.81802,7.75082,7.78392
15,5.18876,7.80926,7.80926,7.75628,7.79118
15,5.256,7.79518,7.79518,7.76145,7.79859
15,5.3024,7.78486,7.78486,7.76297,7.80136
15,5.368,7.76952,7.76952,7.76234,7.8021
15,5.41852,7.75715,7.75715,7.75975,7.80021
15,5.48,7.74151,7.74151,7.75424,7.7951
15,5.5,7.73629,7.73629,7.75192,7.79279
15,5.53719,7.72642,7.72642,7.74692,7.78771
15,5.592,7.71153,7.71153,7.73803,7.77841
15,5.65846,7.69293,7.69293,7.72498,7.76446
15,5.704,7.67989,7.67989,7.71476,7.75326
15,5.78239,7.65691,7.65691,7.69483,7.73112
15,5.816,7.64687,7.64687,7.6854,7.72062
15,5.90903,7.61857,7.61857,7.65684,7.68902
15,5.928,7.61271,7.61271,7.6506,7.68217
15,6,7.59028,7.59028,7.62567,7.65478
15,6.03844,7.57818,7.57818,7.6116,7.63913
15,6.04,7.57769,7.57769,7.61102,7.63847
15,6.152,7.54192,7.54192,7.56721,7.58943
15,6.17068,7.53587,7.53587,7.55956,7.58098
15,6.264,7.50522,7.50522,7.52024,7.53712
15,6.30583,7.4912,7.4912,7.50221,7.51676
15,6.376,7.46714,7.46714,7.47176,7.48252
15,6.44393,7.44302,7.44302,7.44198,7.44875
15,6.488,7.42681,7.42681,7.42247,7.42636
15,6.5,7.42232,7.42232,7.41713,7.42019
15,6.58506,7.38969,7.38969,7.37876,7.37596
15,6.6,7.38383,7.38383,7.37196,7.36816
15,6.712,7.33857,7.33857,7.32098,7.30992
15,6.72927,7.33136,7.33136,7.31312,7.30098
15,6.824,7.29076,7.29076,7.26965,7.25224
15,6.87665,7.26745,7.26745,7.2452,7.22551
15,6.936,7.24052,7.24052,7.21783,7.1957
15,7,7.21066,7.21066,7.18902,7.16399
15,7.02725,7.19769,7.19769,7.17698,7.15062
15,7.048,7.18771,7.18771,7.16792,7.14049
15,7.16,7.1323,7.1323,7.11973,7.08675
15,7.18116,7.12155,7.12155,7.11067,7.07679
15,7.272,7.07433,7.07433,7.0719,7.03482
15,7.33843,7.03872,7.03872,7.04415,7.00507
15,7.384,7.01377,7.01377,7.02551,6.98517
15,7.496,6.95059,6.95059,6.98067,6.93793
15,7.49915,6.94877,6.94877,6.97941,6.93663
15,7.5,6.94828,6.94828,6.97907,6.93628
15,7.608,6.88476,6.88476,6.93657,6.89277
15,7.66338,6.85122,6.85122,6.91556,6.87119
15,7.72,6.81625,6.81625,6.89482,6.8496
15,7.83122,6.74552,6.74552,6.85529,6.80892
15,7.832,6.74502,6.74502,6.85502,6.80864
15,7.944,6.67108,6.67108,6.81667,6.77034
15,8,6.63311,6.63311,6.79848,6.75233
15,8.00273,6.63124,6.63124,6.79762,6.75148
15,8.056,6.59446,6.59446,6.78102,6.73509
15,8.168,6.51517,6.51517,6.74736,6.70242
15,8.17799,6.50797,6.50797,6.74443,6.6996
15,8.28,6.43328,6.43328,6.71537,6.67192
15,8.3571,6.37543,6.37543,6.69496,6.65221
15,8.392,6.34886,6.34886,6.68609,6.64367
15,8.5,6.26518,6.26518,6.65956,6.61903
15,8.504,6.26204,6.26204,6.6586,6.61817
15,8.54013,6.23356,6.23356,6.65005,6.61051
15,8.616,6.17299,6.17299,6.63289,6.59515
15,8.72716,6.08263,6.08263,6.60985,6.57408
15,8.728,6.08194,6.08194,6.60969,6.57392
15,8.84,5.98925,5.98925,6.58806,6.55419
15,8.91829,5.92364,5.92364,6.57392,6.54145
15,8.952,5.89523,5.89523,6.56817,6.53628
15,9,5.85461,5.85461,6.56028,6.52931
15,9.064,5.8001,5.8001,6.55027,6.52074
15,9.11361,5.75759,5.75759,6.54287,6.51473
15,9.176,5.70379,5.70379,6.53402,6.50782
15,9.288,5.60638,5.60638,6.51957,6.49635
15,9.31321,5.58434,5.58434,6.51657,6.49389
15,9.4,5.50825,5.50825,6.50678,6.48592
15,9.5,5.42046,5.42046,6.49661,6.47787
15,9.512,5.40992,5.40992,6.49548,6.47702
15,9.51717,5.40539,5.40539,6.49499,6.47666
15,9.624,5.31185,5.31185,6.4857,6.47022
15,9.72561,5.22344,5.22344,6.47802,6.46552
15,9.736,5.21443,5.21443,6.47729,6.4651
15,9.848,5.11808,5.11808,6.4702,6.46127
15,9.9386,5.04112,5.04112,6.46539,6.4591
15,9.96,5.02309,5.02309,6.46437,6.45871
15,10,4.98957,4.98957,6.46258,6.4581
15,10.072,4.92983,4.92983,6.4597,6.4574
15,10.1563,4.86093,4.86093,6.45692,6.45719
15,10.184,4.8385,4.8385,6.45616,6.45725
15,10.296,4.74934,4.74934,6.45365,6.45817
15,10.3787,4.68494,4.68494,6.45243,6.45949
15,10.408,4.66242,4.66242,6.45212,6.46008
15,10.5,4.59288,4.59288,6.45155,6.46235
15,10.52,4.57798,4.57798,6.45151,6.46293
15,10.606,4.5148,4.5148,6.45163,6.46569
15,10.632,4.49602,4.49602,6.45176,6.46662
15,10.744,4.41674,4.41674,6.45281,6.4711
15,10.8383,4.35194,4.35194,6.45426,6.47544
15,10.856,4.33997,4.33997,6.45458,6.47631
15,10.968,4.26589,4.26589,6.45704,6.48218
15,11,4.24529,4.24529,6.45787,6.48397
15,11.0756,4.19784,4.19784,6.46002,6.48838
15,11.08,4.19516,4.19516,6.46015,6.48864
15,11.192,4.12707,4.12707,6.46382,6.49562
15,11.304,4.0598,4.0598,6.46799,6.50308
15,11.3182,4.05135,4.05135,6.46856,6.50406
15,11.416,3.99427,3.99427,6.4726,6.51075
15,11.5,3.94753,3.94753,6.47506,6.51494
15,11.528,3.93228,3.93228,6.47512,6.51578
15,11.5661,3.91173,3.91173,6.47396,6.51625
15,11.64,3.87243,3.87243,6.46614,6.5133
15,11.752,3.81414,3.81414,6.43642,6.49438
15,11.8194,3.77953,3.77953,6.40812,6.47264
15,11.864,3.75671,3.75671,6.38543,6.45397
15,11.976,3.69961,3.69961,6.3154,6.39414
15,12,3.68751,3.68751,6.298,6.37904
15,12.0782,3.64945,3.64945,6.23598,6.3243
15,12.088,3.64494,3.64494,6.22774,6.3169
15,12.2,3.59452,3.59452,6.12541,6.22312
15,12.312,3.54233,3.54233,6.00723,6.11417
15,12.3428,3.5279,3.5279,5.9726,6.08186
15,12.424,3.49128,3.49128,5.87689,5.99174
15,12.5,3.45856,3.45856,5.78272,5.9024
15,12.536,3.44316,3.44316,5.73693,5.8586
15,12.6131,3.41037,3.41037,5.63559,5.76197
15,12.648,3.39582,3.39582,5.58849,5.7168
15,12.76,3.34917,3.34917,5.43242,5.56622
15,12.872,3.30023,3.30023,5.27062,5.40824
15,12.8893,3.29302,3.29302,5.24505,5.3834
15,12.984,3.25474,3.25474,5.10351,5.24591
15,13,3.24807,3.24807,5.07928,5.22216
15,13.096,3.20832,3.20832,4.93084,5.07702
15,13.1716,3.17949,3.17949,4.81193,4.96085
15,13.208,3.16598,3.16598,4.75399,4.90416
15,13.32,3.11968,3.11968,4.57393,4.72728
15,13.432,3.0779,3.0779,4.39022,4.54691
15,13.4601,3.06741,3.06741,4.34364,4.50125
15,13.5,3.05216,3.05216,4.27717,4.43573
15,13.544,3.03529,3.03529,4.20347,4.36341
15,13.656,2.99285,2.99285,4.01377,4.17659
15,13.7549,2.95435,2.95435,3.84406,4.00956
15,13.768,2.94957,2.94957,3.82138,3.98723
15,13.88,2.90785,2.90785,3.62706,3.79531
15,13.992,2.86568,2.86568,3.43026,3.60118
15,14,2.86278,2.86278,3.41614,3.58722
15,14.0561,2.84173,2.84173,3.31682,3.48909
15,14.104,2.82419,2.82419,3.23144,3.4049
15,14.216,2.78271,2.78271,3.03061,3.20647
15,14.328,2.74143,2.74143,2.82782,3.00638
15,14.3639,2.72822,2.72822,2.76242,2.94188
15,14.44,2.70027,2.70027,2.62349,2.80459
15,14.5,2.67831,2.67831,2.51328,2.69567
15,14.552,2.65932,2.65932,2.41731,2.6009
15,14.664,2.61839,2.61839,2.20963,2.39553
15,14.6785,2.61309,2.61309,2.18256,2.36884
15,14.776,2.57755,2.57755,2.0004,2.18877
15,14.888,2.53693,2.53693,1.79003,1.98039
15,15,2.49658,2.49658,1.57822,1.77078
16,1,0,0,0,0
16,1.02292,0,0,0,0
16,1.04637,0,0,0,0
16,1.07036,0,0,0,0
16,1.0949,0,0,0,0.0892362
16,1.12,0,0,0,0.315091
16,1.128,0,0,0,0.373714
16,1.14568,0,0,0.157719,0.488057
16,1.17194,0,0,0.38997,0.630923
16,1.19881,0,0,0.566082,0.755918
16,1.22629,0,0,0.71084,0.870287
16,1.2544,0,0,0.837325,0.978509
16,1.256,0,0,0.84407,0.984477
16,1.28316,0,0,0.953185,1.08339
16,1.31257,0,0,1.06309,1.18663
16,1.34266,0,0,1.16986,1.28921
16,1.37344,0,0,1.27521,1.39169
16,1.384,0,0,1.31067,1.42635
16,1.40493,0,0,1.38009,1.49434
16,1.43713,0,0,1.48499,1.59725
16,1.47008,0,0,1.59014,1.70047
16,1.5,0,0,1.6839,1.79247
16,1.50378,0,0,1.69564,1.80398
16,1.512,0,0,1.72106,1.82892
16,1.53825,0,0,1.80151,1.90778
16,1.57352,0,0,1.9077,2.01182
16,1.60959,0,0,2.0142,2.11608
16,1.64,0,0,2.10237,2.20233
16,1.64649,0,0,2.121,2.22055
16,1.68423,0,0,2.22805,2.32518
16,1.72284,0.166454,0.166454,2.33531,2.42998
16,1.76234,0.999247,0.999247,2.44277,2.53491
16,1.768,1.09714,1.09714,2.45799,2.54977
16,1.80274,1.6349,1.6349,2.55045,2.63998
16,1.84407,2.16844,2.16844,2.65828,2.74514
16,1.88634,2.62823,2.62823,2.76626,2.85038
16,1.896,2.72356,2.72356,2.7906,2.8741
16,1.92959,3.03175,3.03175,2.87436,2.9557
16,1.97382,3.39084,3.39084,2.98259,3.06108
16,2,3.58271,3.58271,3.04555,3.12237
16,2.01907,3.71414,3.71414,3.09092,3.16651
16,2.024,3.74707,3.74707,3.10258,3.17785
16,2.06536,4.00779,4.00779,3.1993,3.27193
16,2.1127,4.27696,4.27696,3.30775,3.37733
16,2.152,4.47973,4.47973,3.39598,3.46302
16,2.16114,4.52455,4.52455,3.41626,3.48272
16,2.21068,4.75418,4.75418,3.52476,3.58808
16,2.26136,4.96758,4.96758,3.63324,3.69334
16,2.28,5.04134,5.04134,3.67255,3.73144
16,2.3132,5.16703,5.16703,3.74176,3.79847
16,2.36623,5.3542,5.3542,3.85025,3.90347
16,2.408,5.49103,5.49103,3.93394,3.98444
16,2.42047,5.53023,5.53023,3.95864,4.00833
16,2.47596,5.69645,5.69645,4.06694,4.11304
16,2.5,5.76465,5.76465,4.11309,4.15763
16,2.53272,5.85399,5.85399,4.17517,4.21758
16,2.536,5.86273,5.86273,4.18134,4.22354
16,2.59078,6.00318,6.00318,4.28329,4.32187
16,2.65017,6.14463,6.14463,4.39129,4.42587
16,2.664,6.17606,6.17606,4.41606,4.44971
16,2.71093,6.27894,6.27894,4.49911,4.52971
16,2.77307,6.4067,6.4067,4.60673,4.63341
16,2.792,6.44384,6.44384,4.63899,4.66445
16,2.83665,6.52842,6.52842,4.71422,4.7366
16,2.90168,6.64443,6.64443,4.82152,4.83935
16,2.92,6.67568,6.67568,4.85126,4.86788
16,2.96819,6.75504,6.75504,4.92841,4.94216
16,3,6.80525,6.80525,4.97855,4.99046
16,3.03624,6.86047,6.86047,5.03495,5.04469
16,3.048,6.87795,6.87795,5.0531,5.06209
16,3.10584,6.9609,6.9609,5.14119,5.14643
16,3.176,7.05513,7.05513,5.24542,5.24634
16,3.17704,7.05648,7.05648,5.24695,5.24781
16,3.24988,7.14725,7.14725,5.35217,5.34882
16,3.304,7.21039,7.21039,5.42854,5.42197
16,3.32438,7.23324,7.23324,5.45691,5.44912
16,3.40059,7.31443,7.31443,5.56125,5.5491
16,3.432,7.34598,7.34598,5.60344,5.58959
16,3.47854,7.39072,7.39072,5.66508,5.64877
16,3.5,7.41056,7.41056,5.69314,5.67571
16,3.55829,7.462,7.462,5.76823,5.74774
16,3.56,7.46346,7.46346,5.77041,5.74983
16,3.63986,7.52811,7.52811,5.87066,5.84559
16,3.688,7.564,7.564,5.92983,5.90181
16,3.7233,7.58888,7.58888,5.9726,5.9424
16,3.80866,7.64413,7.64413,6.07291,6.03848
16,3.816,7.64857,7.64857,6.08133,6.04661
16,3.89597,7.69364,7.69364,6.17231,6.13396
16,3.944,7.71796,7.71796,6.22601,6.18535
16,3.98528,7.73725,7.73725,6.27114,6.22886
16,4,7.74377,7.74377,6.28707,6.24421
16,4.072,7.77307,7.77307,6.36412,6.31805
16,4.07664,7.77481,7.77481,6.36903,6.32274
16,4.1701,7.80618,7.80618,6.46577,6.41575
16,4.2,7.81479,7.81479,6.49598,6.44483
16,4.2657,7.83135,7.83135,6.56108,6.5073
16,4.328,7.84419,7.84419,6.62089,6.56506
16,4.36348,7.85029,7.85029,6.65402,6.59716
16,4.456,7.86235,7.86235,6.73748,6.67787
16,4.46352,7.86309,7.86309,6.74407,6.68428
16,4.5,7.86623,7.86623,6.77569,6.71511
16,4.56584,7.86993,7.86993,6.83113,6.76967
16,4.584,7.87052,7.87052,6.84606,6.78444
16,4.67051,7.87095,7.87095,6.91493,6.85291
16,4.712,7.86983,7.86983,6.94662,6.88449
16,4.77758,7.86649,7.86649,6.99498,6.93375
16,4.84,7.86159,7.86159,7.03899,6.97897
16,4.8871,7.85683,7.85683,7.07084,7.01196
16,4.968,7.84676,7.84676,7.12276,7.06626
16,4.99914,7.84232,7.84232,7.14178,7.08636
16,5,7.8422,7.8422,7.1423,7.08691
16,5.096,7.8266,7.8266,7.19749,7.14595
16,5.11374,7.82341,7.82341,7.20711,7.15637
16,5.224,7.80169,7.80169,7.26278,7.21768
16,5.23097,7.80022,7.80022,7.26606,7.22135
16,5.35089,7.7733,7.7733,7.31795,7.28062
16,5.352,7.77304,7.77304,7.31839,7.28114
16,5.47355,7.74285,7.74285,7.36204,7.33359
16,5.48,7.74118,7.74118,7.3641,7.33615
16,5.5,7.73596,7.73596,7.37036,7.34398
16,5.59903,7.70927,7.70927,7.39781,7.37965
16,5.608,7.70679,7.70679,7.4,7.38263
16,5.72739,7.67279,7.67279,7.42464,7.4183
16,5.736,7.67028,7.67028,7.42611,7.42059
16,5.85868,7.63372,7.63372,7.44244,7.44902
16,5.864,7.63211,7.63211,7.44296,7.45008
16,5.992,7.59257,7.59257,7.45101,7.47159
16,5.99299,7.59226,7.59226,7.45104,7.47173
16,6,7.59006,7.59006,7.45124,7.47268
16,6.12,7.55195,7.55195,7.45103,7.4855
16,6.13038,7.54862,7.54862,7.4507,7.4863
16,6.248,7.51035,7.51035,7.4437,7.49216
16,6.27091,7.50274,7.50274,7.44167,7.49263
16,6.376,7.46675,7.46675,7.42976,7.49208
16,6.41467,7.45299,7.45299,7.42435,7.49082
16,6.5,7.42168,7.42168,7.41048,7.48618
16,6.504,7.42018,7.42018,7.40977,7.4859
16,6.56173,7.39824,7.39824,7.39885,7.4813
16,6.632,7.37064,7.37064,7.38403,7.47429
16,6.71215,7.33796,7.33796,7.36541,7.46459
16,6.76,7.31785,7.31785,7.35359,7.45793
16,6.86602,7.27169,7.27169,7.32565,7.44098
16,6.888,7.26184,7.26184,7.31954,7.4371
16,7,7.21018,7.21018,7.28682,7.41564
16,7.016,7.20259,7.20259,7.28195,7.41237
16,7.02342,7.19905,7.19905,7.27967,7.41084
16,7.144,7.14003,7.14003,7.24135,7.38477
16,7.18443,7.11957,7.11957,7.22798,7.37549
16,7.272,7.07412,7.07412,7.19824,7.35433
16,7.34913,7.03276,7.03276,7.17118,7.33473
16,7.4,7.00481,7.00481,7.15292,7.3215
16,7.5,6.94826,6.94826,7.11613,7.29468
16,7.51761,6.93808,6.93808,7.10954,7.28983
16,7.528,6.93205,6.93205,7.10564,7.28694
16,7.656,6.85577,6.85577,7.0567,7.25033
16,7.68994,6.83494,6.83494,7.04348,7.24033
16,7.784,6.7759,6.7759,7.00632,7.21212
16,7.86623,6.72272,6.72272,6.97328,7.18692
16,7.912,6.69251,6.69251,6.9547,7.1727
16,8,6.63317,6.63317,6.91859,7.14497
16,8.04,6.60566,6.60566,6.90204,7.13222
16,8.04656,6.60111,6.60111,6.89931,7.13012
16,8.168,6.51535,6.51535,6.8485,7.09085
16,8.23103,6.46964,6.46964,6.82186,7.07021
16,8.296,6.42166,6.42166,6.79425,7.04875
16,8.41972,6.328,6.328,6.74127,7.00747
16,8.424,6.3247,6.3247,6.73943,7.00603
16,8.5,6.26565,6.26565,6.70667,6.98043
16,8.552,6.22465,6.22465,6.68419,6.96282
16,8.61274,6.17616,6.17616,6.65785,6.94217
16,8.68,6.12171,6.12171,6.62861,6.91922
16,8.808,6.01622,6.01622,6.57284,6.87532
16,8.81018,6.0144,6.0144,6.57189,6.87457
16,8.936,5.90849,5.90849,6.51702,6.83123
16,9,5.85397,5.85397,6.48913,6.80914
16,9.01215,5.84357,5.84357,6.48384,6.80494
16,9.064,5.79901,5.79901,6.46126,6.78703
16,9.192,5.68809,5.68809,6.40561,6.74282
16,9.21875,5.6648,5.6648,6.39401,6.73359
16,9.32,5.57623,5.57623,6.3502,6.69868
16,9.43008,5.47983,5.47983,6.3028,6.66081
16,9.448,5.46415,5.46415,6.29511,6.65466
16,9.5,5.41858,5.41858,6.27282,6.63682
16,9.576,5.35232,5.35232,6.24037,6.61084
16,9.64626,5.29167,5.29167,6.21053,6.58691
16,9.704,5.24224,5.24224,6.18613,6.56731
16,9.832,5.13214,5.13214,6.1324,6.5241
16,9.8674,5.10144,5.10144,6.11761,6.5122
16,9.96,5.02222,5.02222,6.07913,6.48124
16,10,4.98859,4.98859,6.06262,6.46794
16,10.088,4.91581,4.91581,6.02656,6.43885
16,10.0936,4.91122,4.91122,6.02427,6.43701
16,10.216,4.81231,4.81231,5.97469,6.39694
16,10.325,4.72627,4.72627,5.93089,6.36161
16,10.344,4.7115,4.7115,5.92331,6.35549
16,10.472,4.61405,4.61405,5.8727,6.31464
16,10.5,4.59323,4.59323,5.86176,6.30579
16,10.5617,4.54795,4.54795,5.83779,6.28639
16,10.6,4.52025,4.52025,5.82299,6.2744
16,10.728,4.42977,4.42977,5.7739,6.23471
16,10.8038,4.37775,4.37775,5.74521,6.21152
16,10.856,4.34254,4.34254,5.72568,6.1957
16,10.984,4.25761,4.25761,5.67843,6.1574
16,11,4.24711,4.24711,5.67257,6.15266
16,11.0515,4.21383,4.21383,5.65372,6.13746
16,11.112,4.17591,4.17591,5.63159,6.11972
16,11.24,4.09876,4.09876,5.58554,6.08278
16,11.3048,4.06079,4.06079,5.56278,6.06436
16,11.368,4.02439,4.02439,5.54081,6.0466
16,11.496,3.95286,3.95286,5.49657,6.0111
16,11.5,3.95065,3.95065,5.49521,6.01
16,11.564,3.91537,3.91537,5.47356,5.99253
16,11.624,3.88244,3.88244,5.45346,5.97633
16,11.752,3.81432,3.81432,5.411,5.94237
16,11.8291,3.77505,3.77505,5.38573,5.92227
16,11.88,3.74968,3.74968,5.3692,5.90913
16,12,3.69079,3.69079,5.33078,5.87863
16,12.008,3.68689,3.68689,5.32824,5.87663
16,12.1003,3.64205,3.64205,5.29923,5.8537
16,12.136,3.62474,3.62474,5.28811,5.84493
16,12.264,3.5642,3.5642,5.24876,5.81397
16,12.3777,3.51367,3.51367,5.21451,5.78706
16,12.392,3.50745,3.50745,5.21023,5.78371
16,12.5,3.4607,3.4607,5.17833,5.7588
16,12.52,3.45198,3.45198,5.17248,5.75425
16,12.648,3.39646,3.39646,5.13542,5.72552
16,12.6614,3.39068,3.39068,5.13158,5.72255
16,12.776,3.34159,3.34159,5.09914,5.69749
16,12.904,3.28831,3.28831,5.06362,5.67027
16,12.9517,3.26916,3.26916,5.05056,5.66035
16,13,3.25002,3.25002,5.0374,5.6504
16,13.032,3.23727,3.23727,5.02875,5.64388
16,13.16,3.18523,3.18523,4.99456,5.61828
16,13.2486,3.15032,3.15032,4.97132,5.60103
16,13.288,3.1349,3.1349,4.96108,5.59347
16,13.416,3.08506,3.08506,4.92828,5.56941
16,13.5,3.05287,3.05287,4.9071,5.55398
16,13.544,3.036,3.036,4.89611,5.54599
16,13.5523,3.03281,3.03281,4.89405,5.54449
16,13.672,2.98716,2.98716,4.86448,5.52303
16,13.8,2.93829,2.93829,4.83339,5.50034
16,13.863,2.91522,2.91522,4.81832,5.48931
16,13.928,2.89118,2.89118,4.80292,5.47805
16,14,2.86431,2.86431,4.78603,5.46576
16,14.056,2.84342,2.84342,4.77302,5.45634
16,14.1808,2.79609,2.79609,4.74434,5.43575
16,14.184,2.79491,2.79491,4.74361,5.43523
16,14.312,2.74926,2.74926,4.71456,5.41471
16,14.44,2.70154,2.70154,4.68584,5.3947
16,14.5,2.67979,2.67979,4.67255,5.38548
16,14.5059,2.67769,2.67769,4.67126,5.38458
16,14.568,2.65536,2.65536,4.65765,5.37514
16,14.696,2.60858,2.60858,4.63004,5.35605
16,14.824,2.56251,2.56251,4.60286,5.33741
16,14.8384,2.55736,2.55736,4.59981,5.33534
16,14.952,2.51529,2.51529,4.57587,5.31921
16,15,2.49778,2.49778,4.56574,5.31249
16,15.08,2.46879,2.46879,4.54893,5.30143
16,15.1786,2.43327,2.43327,4.52843,5.28801
16,15.208,2.42252,2.42252,4.52237,5.28405
16,15.336,2.3756,2.3756,4.49641,5.26704
16,15.464,2.32905,2.32905,4.47096,5.25036
16,15.5,2.31589,2.31589,4.46383,5.24573
16,15.5265,2.30619,2.30619,4.45859,5.24234
16,15.592,2.28225,2.28225,4.44565,5.23402
16,15.72,2.23581,2.23581,4.42024,5.21799
16,15.848,2.18907,2.18907,4.39502,5.20222
16,15.8825,2.17646,2.17646,4.38829,5.19802
16,15.976,2.14225,2.14225,4.37024,5.18672
16,16,2.13352,2.13352,4.36565,5.18385
16,16.104,2.09547,2.09547,4.34592,5.17148
16,16.232,2.04869,2.04869,4.32157,5.15648
16,16.2466,2.04332,2.04332,4.31879,5.15479
16,16.36,2.00169,2.00169,4.29685,5.14169
16,16.488,1.95448,1.95448,4.27185,5.12708
16,16.5,1.95006,1.95006,4.26951,5.12572
16,16.616,1.90745,1.90745,4.24697,5.11261
16,16.619,1.90634,1.90634,4.24639,5.11227
16,16.744,1.86025,1.86025,4.22296,5.09826
16,16.872,1.81297,1.81297,4.19976,5.08406
16,17,1.76554,1.76554,4.1761,5.07003
17,1,0,0,0,0
17,1.02217,0,0,0,0
17,1.04483,0,0,0,0
17,1.06799,0,0,0,0
17,1.09167,0,0,0,0
17,1.11587,0,0,0,0
17,1.116,0,0,0,0
17,1.14061,0,0,0,0
17,1.16589,0,0,0,0
17,1.19174,0,0,0,0
17,1.21816,0,0,0,0
17,1.232,0,0,0,0
17,1.24516,0,0,0,0
17,1.27277,0,0,0,0
17,1.30098,0,0,0,0
17,1.32983,0,0,0,0
17,1.348,0,0,0,0
17,1.35931,0,0,0,0
17,1.38944,0,0,0,0
17,1.42024,0,0,0,0
17,1.45173,0,0,0,0
17,1.464,0,0,0,0
17,1.48391,0,0,0,0
17,1.5,0,0,0,0
17,1.51681,0,0,0,0
17,1.55043,0,0,0,0
17,1.58,0,0,0,0
17,1.5848,0,0,0,0
17,1.61994,0,0,0,0
17,1.65585,0,0,0,0
17,1.69256,0,0,0,0
17,1.696,0,0,0,0
17,1.73008,0.349886,0.349886,0,0
17,1.76843,1.10455,1.10455,0,0
17,1.80764,1.70349,1.70349,0,0
17,1.812,1.7632,1.7632,0,0
17,1.84771,2.21115,2.21115,0,0
17,1.88867,2.6515,2.6515,0,0
17,1.928,3.0179,3.0179,0,0
17,1.93054,3.04001,3.04001,0,0
17,1.97334,3.38724,3.38724,0,0.263601
17,2,3.58266,3.58266,0,0.561278
17,2.01709,3.70077,3.70077,0,0.707157
17,2.044,3.87654,3.87654,0,0.899748
17,2.0618,3.98652,3.98652,0,1.01199
17,2.10751,4.24837,4.24837,0.189003,1.27064
17,2.15423,4.49036,4.49036,0.773705,1.51122
17,2.16,4.51867,4.51867,0.82773,1.53983
17,2.20199,4.7153,4.7153,1.17517,1.7424
17,2.25081,4.92389,4.92389,1.5253,1.96662
17,2.276,5.02466,5.02466,1.693,2.07799
17,2.3007,5.11919,5.11919,1.85061,2.18447
17,2.35171,5.30293,5.30293,2.15672,2.39619
17,2.392,5.43792,5.43792,2.38194,2.55615
17,2.40384,5.47607,5.47607,2.44561,2.602
17,2.45713,5.64002,5.64002,2.71902,2.80215
17,2.5,5.76297,5.76297,2.9246,2.95631
17,2.508,5.78523,5.78523,2.96171,2.98445
17,2.51161,5.79518,5.79518,2.97831,2.99707
17,2.56729,5.94206,5.94206,3.22507,3.18706
17,2.624,6.08254,6.08254,3.45974,3.37148
17,2.6242,6.08302,6.08302,3.46054,3.37211
17,2.68237,6.21726,6.21726,3.68497,3.5526
17,2.74,6.34088,6.34088,3.89271,3.72346
17,2.74184,6.34469,6.34469,3.89911,3.7288
17,2.80262,6.46582,6.46582,4.10427,3.90081
17,2.856,6.56544,6.56544,4.27363,4.04544
17,2.86475,6.58124,6.58124,4.30047,4.06867
17,2.92826,6.69137,6.69137,4.48892,4.23295
17,2.972,6.76296,6.76296,4.61265,4.34201
17,2.99318,6.79644,6.79644,4.67097,4.39376
17,3,6.80706,6.80706,4.68952,4.41026
17,3.05953,6.89665,6.89665,4.84692,4.55053
17,3.088,6.93757,6.93757,4.91946,4.61546
17,3.12736,6.99218,6.99218,5.0169,4.70321
17,3.19669,7.08318,7.08318,5.18103,4.8523
17,3.204,7.0924,7.0924,5.19779,4.86771
17,3.26756,7.16968,7.16968,5.33958,4.99885
17,3.32,7.2297,7.2297,5.45139,5.10269
17,3.34,7.25171,7.25171,5.49284,5.14131
17,3.41404,7.32923,7.32923,5.64113,5.28047
17,3.436,7.35102,7.35102,5.68365,5.32079
17,3.48973,7.40213,7.40213,5.78489,5.41741
17,3.5,7.41156,7.41156,5.80383,5.43558
17,3.552,7.45752,7.45752,5.89761,5.52633
17,3.56709,7.47033,7.47033,5.92419,5.55226
17,3.64617,7.53369,7.53369,6.05916,5.68474
17,3.668,7.55008,7.55008,6.09518,5.72037
17,3.727,7.59203,7.59203,6.18996,5.81489
17,3.784,7.62939,7.62939,6.27815,5.90333
17,3.80962,7.64519,7.64519,6.31675,5.94228
17,3.89408,7.69299,7.69299,6.43967,6.06732
17,3.9,7.6961,7.6961,6.44805,6.07587
17,3.9804,7.73527,7.73527,6.5588,6.18966
17,4,7.74397,7.74397,6.58497,6.21678
17,4.016,7.75083,7.75083,6.60611,6.2387
17,4.06865,7.7719,7.7719,6.67422,6.30947
17,4.132,7.79426,7.79426,6.75333,6.39245
17,4.15884,7.80277,7.80277,6.78594,6.42689
17,4.248,7.82712,7.82712,6.89047,6.53801
17,4.25104,7.82785,7.82785,6.89394,6.54171
17,4.34528,7.84711,7.84711,6.99818,6.65392
17,4.364,7.85021,7.85021,7.01817,6.67553
17,4.44161,7.86062,7.86062,7.09855,6.7631
17,4.48,7.86438,7.86438,7.13685,6.80521
17,4.5,7.86598,7.86598,7.15642,6.82682
17,4.54008,7.8685,7.8685,7.19487,6.86946
17,4.596,7.87051,7.87051,7.24683,6.92751
17,4.64072,7.87091,7.87091,7.28696,6.97271
17,4.712,7.86949,7.86949,7.34832,7.04251
17,4.7436,7.8681,7.8681,7.37452,7.07259
17,4.828,7.86225,7.86225,7.44143,7.15019
17,4.84876,7.86036,7.86036,7.45721,7.16867
17,4.944,7.84963,7.84963,7.52617,7.25027
17,4.95626,7.84802,7.84802,7.53463,7.26038
17,5,7.84183,7.84183,7.56403,7.29573
17,5.06,7.83231,7.83231,7.60228,7.3423
17,5.06613,7.83127,7.83127,7.60605,7.34693
17,5.176,7.81085,7.81085,7.66913,7.42592
17,5.17844,7.81036,7.81036,7.67043,7.42758
17,5.292,7.78609,7.78609,7.7263,7.50103
17,5.29324,7.78581,7.78581,7.72686,7.50179
17,5.408,7.75857,7.75857,7.77342,7.56749
17,5.41059,7.75793,7.75793,7.77436,7.56887
17,5.5,7.73504,7.73504,7.80405,7.61392
17,5.524,7.72868,7.72868,7.81113,7.62512
17,5.53053,7.72694,7.72694,7.813,7.62811
17,5.64,7.69682,7.69682,7.84025,7.67398
17,5.65314,7.6931,7.6931,7.84299,7.67897
17,5.756,7.66335,7.66335,7.86025,7.7141
17,5.77846,7.65671,7.65671,7.863,7.72085
17,5.872,7.6286,7.6286,7.87079,7.74546
17,5.90656,7.61803,7.61803,7.87231,7.75318
17,5.988,7.59275,7.59275,7.87342,7.76853
17,6,7.58899,7.58899,7.87333,7.77046
17,6.03751,7.57716,7.57716,7.87255,7.77596
17,6.104,7.556,7.556,7.86928,7.78367
17,6.17135,7.53431,7.53431,7.86332,7.78882
17,6.22,7.51845,7.51845,7.85715,7.79091
17,6.30816,7.48907,7.48907,7.84248,7.79155
17,6.336,7.47956,7.47956,7.83705,7.79097
17,6.44801,7.43986,7.43986,7.8125,7.78494
17,6.452,7.4384,7.4384,7.81156,7.78461
17,6.5,7.4206,7.4206,7.79961,7.78003
17,6.568,7.39468,7.39468,7.78067,7.77182
17,6.59095,7.38575,7.38575,7.77362,7.76864
17,6.684,7.34858,7.34858,7.74254,7.75366
17,6.73707,7.32664,7.32664,7.72355,7.74353
17,6.8,7.29985,7.29985,7.70014,7.7301
17,6.88642,7.2617,7.2617,7.66554,7.70933
17,6.916,7.2483,7.2483,7.65278,7.70166
17,7,7.20929,7.20929,7.61444,7.67838
17,7.032,7.19406,7.19406,7.59913,7.66893
17,7.03908,7.19066,7.19066,7.5957,7.6668
17,7.148,7.13711,7.13711,7.54117,7.63215
17,7.19513,7.11319,7.11319,7.51665,7.61612
17,7.264,7.07743,7.07743,7.47996,7.59164
17,7.35464,7.02887,7.02887,7.4291,7.55753
17,7.38,7.01498,7.01498,7.41404,7.54762
17,7.496,6.94971,6.94971,7.3418,7.50032
17,7.5,6.9474,6.9474,7.33926,7.49864
17,7.51769,6.93719,6.93719,7.32804,7.49113
17,7.612,6.88157,6.88157,7.2677,7.44992
17,7.68434,6.83762,6.83762,7.22001,7.41699
17,7.728,6.81056,6.81056,7.1903,7.39657
17,7.844,6.73664,6.73664,7.10748,7.34038
17,7.8547,6.72967,6.72967,7.09951,7.33506
17,7.96,6.65977,6.65977,7.01923,7.28147
17,8,6.63258,6.63258,6.98888,7.26053
17,8.02883,6.61277,6.61277,6.96712,7.24524
17,8.076,6.57994,6.57994,6.93115,7.21989
17,8.192,6.49718,6.49718,6.83777,7.15578
17,8.20682,6.48641,6.48641,6.82561,7.14741
17,8.308,6.4117,6.4117,6.74252,7.08925
17,8.38875,6.35066,6.35066,6.67393,7.04154
17,8.424,6.32362,6.32362,6.6433,7.02036
17,8.5,6.26453,6.26453,6.57628,6.97398
17,8.54,6.233,6.233,6.54068,6.94916
17,8.57472,6.2054,6.2054,6.50987,6.92739
17,8.656,6.13999,6.13999,6.4374,6.87563
17,8.76481,6.0508,6.0508,6.33665,6.8047
17,8.772,6.04485,6.04485,6.32991,6.79995
17,8.888,5.94783,5.94783,6.2215,6.72224
17,8.95912,5.88753,5.88753,6.15493,6.67362
17,9,5.85262,5.85262,6.11624,6.64534
17,9.004,5.8492,5.8492,6.11241,6.64256
17,9.12,5.74928,5.74928,5.99968,6.56098
17,9.15773,5.71656,5.71656,5.96312,6.53406
17,9.236,5.64846,5.64846,5.88804,6.47762
17,9.352,5.54714,5.54714,5.77606,6.39258
17,9.36075,5.53949,5.53949,5.76753,6.3861
17,9.468,5.44576,5.44576,5.66271,6.30594
17,9.5,5.41784,5.41784,5.63205,6.28178
17,9.56827,5.35839,5.35839,5.56616,6.22984
17,9.584,5.34472,5.34472,5.55087,6.2178
17,9.7,5.24447,5.24447,5.43853,6.12838
17,9.78039,5.17567,5.17567,5.36116,6.06577
17,9.816,5.14539,5.14539,5.32696,6.0379
17,9.932,5.04784,5.04784,5.21585,5.9466
17,9.99721,4.99381,4.99381,5.15397,5.89487
17,10,4.99151,4.99151,5.15133,5.89264
17,10.048,4.95214,4.95214,5.10599,5.85431
17,10.164,4.85851,4.85851,4.99729,5.76098
17,10.2188,4.81506,4.81506,4.94641,5.71662
17,10.28,4.7672,4.7672,4.89004,5.667
17,10.396,4.67824,4.67824,4.7843,5.57254
17,10.4454,4.64124,4.64124,4.73972,5.53223
17,10.5,4.60101,4.60101,4.69048,5.48755
17,10.512,4.59227,4.59227,4.67979,5.47773
17,10.628,4.50918,4.50918,4.57714,5.3827
17,10.6769,4.47431,4.47431,4.53427,5.34259
17,10.744,4.42691,4.42691,4.47598,5.28763
17,10.86,4.34748,4.34748,4.37648,5.19267
17,10.9136,4.31167,4.31167,4.33101,5.14885
17,10.976,4.27069,4.27069,4.27859,5.09795
17,11,4.25514,4.25514,4.25856,5.07839
17,11.092,4.1966,4.1966,4.18239,5.0036
17,11.1556,4.15708,4.15708,4.13029,4.95207
17,11.208,4.12501,4.12501,4.08763,4.90963
17,11.324,4.05582,4.05582,3.99452,4.81571
17,11.4029,4.01009,4.01009,3.932,4.75226
17,11.44,3.9889,3.9889,3.90275,4.72259
17,11.5,3.95515,3.95515,3.8559,4.67491
17,11.556,3.92416,3.92416,3.81264,4.63068
17,11.6557,3.87018,3.87018,3.73599,4.55224
17,11.672,3.86147,3.86147,3.72341,4.53939
17,11.788,3.80071,3.80071,3.63535,4.44812
17,11.904,3.74178,3.74178,3.54899,4.35828
17,11.9141,3.73675,3.73675,3.54149,4.35059
17,12,3.69427,3.69427,3.4782,4.28558
17,12.02,3.68451,3.68451,3.46375,4.27063
17,12.136,3.62886,3.62886,3.38148,4.18422
17,12.1782,3.60903,3.60903,3.35175,4.15258
17,12.252,3.57518,3.57518,3.30013,4.09741
17,12.368,3.52199,3.52199,3.21983,4.01181
17,12.4482,3.48575,3.48575,3.16421,3.95352
17,12.484,3.46984,3.46984,3.13918,3.92758
17,12.5,3.46279,3.46279,3.12802,3.91603
17,12.6,3.41927,3.41927,3.06023,3.84438
17,12.716,3.36973,3.36973,2.98359,3.76228
17,12.7241,3.36625,3.36625,2.97822,3.75657
17,12.832,3.31996,3.31996,2.90699,3.68125
17,12.948,3.27321,3.27321,2.83105,3.6013
17,13,3.25245,3.25245,2.79757,3.56582
17,13.0062,3.24997,3.24997,2.79361,3.5616
17,13.064,3.22676,3.22676,2.75685,3.52243
17,13.18,3.17921,3.17921,2.68253,3.44458
17,13.2945,3.13425,3.13425,2.61045,3.36871
17,13.296,3.13369,3.13369,2.60954,3.36775
17,13.412,3.08848,3.08848,2.53726,3.29196
17,13.5,3.0543,3.0543,2.48289,3.23508
17,13.528,3.04377,3.04377,2.46528,3.21709
17,13.5893,3.02097,3.02097,2.42718,3.17793
17,13.644,3.00013,3.00013,2.39385,3.14319
17,13.76,2.95599,2.95599,2.32298,3.07043
17,13.876,2.91222,2.91222,2.25349,2.99824
17,13.8905,2.90664,2.90664,2.24481,2.98924
17,13.992,2.86893,2.86893,2.18476,2.92728
17,14,2.86598,2.86598,2.17994,2.9225
17,14.108,2.82588,2.82588,2.11532,2.85907
17,14.1985,2.79239,2.79239,2.06203,2.80459
17,14.224,2.78294,2.78294,2.04668,2.78903
17,14.34,2.74023,2.74023,1.97932,2.72001
17,14.456,2.69766,2.69766,1.91148,2.65222
17,14.5,2.68152,2.68152,1.88586,2.62637
17,14.5132,2.67667,2.67667,1.87817,2.61857
17,14.572,2.65514,2.65514,1.84407,2.58382
17,14.688,2.61253,2.61253,1.777,2.51876
17,14.804,2.57055,2.57055,1.71029,2.454
17,14.835,2.55925,2.55925,1.6925,2.43647
17,14.92,2.52829,2.52829,1.64382,2.38817
17,15,2.49978,2.49978,1.59807,2.34417
17,15.036,2.48623,2.48623,1.57754,2.32477
17,15.152,2.44348,2.44348,1.5115,2.26161
17,15.1638,2.43912,2.43912,1.50479,2.25504
17,15.268,2.40109,2.40109,1.44588,2.19663
17,15.384,2.35958,2.35958,1.38035,2.13528
17,15.5,2.31634,2.31634,1.31491,2.07188
18,1,0,0,0,0
18,1.0219,0,0,0,0
18,1.04428,0,0,0,0
18,1.06715,0,0,0,0
18,1.09052,0,0,0,0
18,1.112,0,0,0,0
18,1.11441,0,0,0,0
18,1.13881,0,0,0,0
18,1.16375,0,0,0,0
18,1.18924,0,0,0,0
18,1.21529,0,0,0,0
18,1.224,0,0,0,0
18,1.2419,0,0,0,0
18,1.2691,0,0,0,0
18,1.29689,0,0,0,0
18,1.3253,0,0,0,0
18,1.336,0,0,0,0
18,1.35432,0,0,0,0
18,1.38398,0,0,0,0
18,1.41429,0,0,0,0
18,1.44527,0,0,0,0
18,1.448,0,0,0,0
18,1.47692,0,0,0,0
18,1.5,0,0,0,0
18,1.50927,0,0,0,0
18,1.54232,0,0,0,0
18,1.56,0,0,0,0
18,1.5761,0,0,0,0
18,1.61062,0,0,0,0
18,1.64589,0,0,0,0
18,1.672,0,0,0,0
18,1.68194,0,0,0,0
18,1.71877,0.0511183,0.0511183,0,0
18,1.75641,0.892839,0.892839,0,0
18,1.784,1.35704,1.35704,0,0
18,1.79488,1.52152,1.52152,0,0
18,1.83419,2.0495,2.0495,0,0
18,1.87436,2.50527,2.50527,0,0
18,1.896,2.72356,2.72356,0,0
18,1.91541,2.90585,2.90585,0,0
18,1.95736,3.26269,3.26269,0,0
18,2,3.58271,3.58271,0,0
18,2.00023,3.58432,3.58432,0,0
18,2.008,3.63865,3.63865,0,0
18,2.04403,3.87668,3.87668,0,0
18,2.0888,4.14474,4.14474,0,0
18,2.12,4.31595,4.31595,0,0
18,2.13455,4.39182,4.39182,0,0
18,2.18129,4.6207,4.6207,0,0
18,2.22907,4.83392,4.83392,0,0
18,2.232,4.84639,4.84639,0,0
18,2.27788,5.03309,5.03309,0,0
18,2.32777,5.22006,5.22006,0,0
18,2.344,5.27767,5.27767,0,0
18,2.37875,5.39615,5.39615,0,0
18,2.43085,5.56231,5.56231,0,0
18,2.456,5.63819,5.63819,0,0
18,2.48409,5.71973,5.71973,0,0
18,2.5,5.76469,5.76469,0,0
18,2.53849,5.86974,5.86974,0,0
18,2.568,5.94675,5.94675,0,0
18,2.59408,6.01233,6.01233,0,0
18,2.6509,6.14767,6.14767,0,0
18,2.68,6.21331,6.21331,0.359906,0
18,2.70895,6.27633,6.27633,1.75415,0
18,2.76828,6.39888,6.39888,3.24288,2.32493
18,2.792,6.44557,6.44557,3.63433,2.89531
18,2.82891,6.51576,6.51576,4.12586,3.55772
18,2.89086,6.62734,6.62734,4.74912,4.3385
18,2.904,6.65005,6.65005,4.85873,4.47106
18,2.95418,6.73393,6.73393,5.22662,4.90485
18,3,6.80674,6.80674,5.50788,5.22696
18,3.016,6.83136,6.83136,5.59657,5.32694
18,3.01888,6.83574,6.83574,5.61206,5.34431
18,3.08499,6.93293,6.93293,5.93329,5.70174
18,3.128,6.99269,6.99269,6.11106,5.89887
18,3.15256,7.02565,7.02565,6.20435,6.00147
18,3.2216,7.11393,7.11393,6.44045,6.25837
18,3.24,7.13643,7.13643,6.49775,6.32009
18,3.29215,7.19788,7.19788,6.64921,6.48216
18,3.352,7.26433,7.26433,6.80542,6.64798
18,3.36425,7.27743,7.27743,6.83536,6.67963
18,3.43793,7.35253,7.35253,7.00255,6.85567
18,3.464,7.37765,7.37765,7.05693,6.91272
18,3.5,7.41116,7.41116,7.12839,6.98756
18,3.51323,7.42312,7.42312,7.15365,7.01398
18,3.576,7.47737,7.47737,7.26679,7.13211
18,3.59017,7.48906,7.48906,7.29089,7.15724
18,3.6688,7.55022,7.55022,7.41606,7.28762
18,3.688,7.56423,7.56423,7.44457,7.31729
18,3.74915,7.60646,7.60646,7.53054,7.40671
18,3.8,7.63887,7.63887,7.59685,7.47569
18,3.83126,7.65759,7.65759,7.63545,7.51586
18,3.912,7.70184,7.70184,7.72818,7.61246
18,3.91516,7.70345,7.70345,7.73162,7.61605
18,4,7.74351,7.74351,7.81882,7.70718
18,4.00091,7.74391,7.74391,7.8197,7.70811
18,4.024,7.75372,7.75372,7.84181,7.73127
18,4.08853,7.77882,7.77882,7.90023,7.79262
18,4.136,7.79514,7.79514,7.94019,7.83472
18,4.17807,7.80812,7.80812,7.97359,7.87003
18,4.248,7.82675,7.82675,8.02512,7.92484
18,4.26958,7.83177,7.83177,8.04006,7.9408
18,4.36,7.84929,7.84929,8.09803,8.00306
18,4.36308,7.84979,7.84979,8.09988,8.00506
18,4.45864,7.86223,7.86223,8.15323,8.0632
18,4.472,7.86352,7.86352,8.1601,8.07077
18,4.5,7.86587,7.86587,8.17404,8.08622
18,4.55629,7.86924,7.86924,8.20025,8.11547
18,4.584,7.87025,7.87025,8.21231,8.12903
18,4.65607,7.87097,7.87097,8.24114,8.16176
18,4.696,7.87026,7.87026,8.25559,8.17832
18,4.75805,7.86766,7.86766,8.2759,8.20182
18,4.808,7.86433,7.86433,8.29036,8.21882
18,4.86225,7.85954,7.85954,8.30413,8.2354
18,4.92,7.8532,7.8532,8.31654,8.25096
18,4.96874,7.84691,7.84691,8.32516,8.26245
18,5,7.84244,7.84244,8.3298,8.26906
18,5.032,7.83755,7.83755,8.33391,8.27522
18,5.07756,7.83004,7.83004,8.3387,8.28295
18,5.144,7.81802,7.81802,8.34372,8.2921
18,5.18876,7.80926,7.80926,8.34583,8.29689
18,5.256,7.79518,7.79518,8.34698,8.30204
18,5.3024,7.78486,7.78486,8.34642,8.30422
18,5.368,7.76952,7.76952,8.34375,8.30542
18,5.41852,7.75715,7.75715,8.34015,8.30489
18,5.48,7.74151,7.74151,8.33406,8.30261
18,5.5,7.73629,7.73629,8.33168,8.30148
18,5.53719,7.72642,7.72642,8.32674,8.29889
18,5.592,7.71153,7.71153,8.31823,8.29392
18,5.65846,7.69293,7.69293,8.30602,8.28609
18,5.704,7.67989,7.67989,8.29647,8.2796
18,5.78239,7.65691,7.65691,8.27783,8.26633
18,5.816,7.64687,7.64687,8.269,8.25984
18,5.90903,7.61857,7.61857,8.24192,8.23941
18,5.928,7.61271,7.61271,8.23593,8.2348
18,6,7.59028,7.59028,8.21175,8.21594
18,6.03844,7.57818,7.57818,8.1979,8.205
18,6.04,7.57769,7.57769,8.19732,8.20454
18,6.152,7.54192,7.54192,8.15314,8.1691
18,6.17068,7.53587,7.53587,8.14523,8.16268
18,6.264,7.50522,7.50522,8.10331,8.12845
18,6.30583,7.4912,7.4912,8.08321,8.11192
18,6.376,7.46714,7.46714,8.04765,8.08253
18,6.44393,7.44302,7.44302,8.01096,8.05206
18,6.488,7.42681,7.42681,7.98595,8.03122
18,6.5,7.42232,7.42232,7.97897,8.0254
18,6.58506,7.38969,7.38969,7.92743,7.98228
18,6.6,7.38383,7.38383,7.91799,7.97437
18,6.712,7.33857,7.33857,7.84348,7.91181
18,6.72927,7.33136,7.33136,7.8314,7.90164
18,6.824,7.29076,7.29076,7.76227,7.84333
18,6.87665,7.26745,7.26745,7.72169,7.80902
18,6.936,7.24052,7.24052,7.67405,7.7687
18,7,7.21066,7.21066,7.62036,7.72322
18,7.02725,7.19769,7.19769,7.59675,7.70321
18,7.048,7.18771,7.18771,7.57847,7.68772
18,7.16,7.1323,7.1323,7.4752,7.60017
18,7.18116,7.12155,7.12155,7.4548,7.58288
18,7.272,7.07433,7.07433,7.36396,7.50586
18,7.33843,7.03872,7.03872,7.29414,7.44668
18,7.384,7.01377,7.01377,7.24457,7.40466
18,7.496,6.95059,6.95059,7.11698,7.29641
18,7.49915,6.94877,6.94877,7.11327,7.29327
18,7.5,6.94828,6.94828,7.11227,7.29241
18,7.608,6.88476,6.88476,6.98105,7.18097
18,7.66338,6.85122,6.85122,6.91085,7.12103
18,7.72,6.81625,6.81625,6.83716,7.05789
18,7.83122,6.74552,6.74552,6.6871,6.92879
18,7.832,6.74502,6.74502,6.68602,6.92786
18,7.944,6.67108,6.67108,6.52893,6.79176
18,8,6.63311,6.63311,6.44852,6.72184
18,8.00273,6.63124,6.63124,6.44457,6.71841
18,8.056,6.59446,6.59446,6.36716,6.65086
18,8.168,6.51517,6.51517,6.20157,6.50543
18,8.17799,6.50797,6.50797,6.18664,6.49226
18,8.28,6.43328,6.43328,6.03369,6.35752
18,8.3571,6.37543,6.37543,5.91866,6.25606
18,8.392,6.34886,6.34886,5.86715,6.21016
18,8.5,6.26518,6.26518,5.7122,6.06649
18,8.504,6.26204,6.26204,5.7066,6.06116
18,8.54013,6.23356,6.23356,5.65638,6.01335
18,8.616,6.17299,6.17299,5.55287,5.91585
18,8.72716,6.08263,6.08263,5.40561,5.77517
18,8.728,6.08194,6.08194,5.40453,5.77412
18,8.84,5.98925,5.98925,5.26609,5.63729
18,8.91829,5.92364,5.92364,5.17434,5.54716
18,8.952,5.89523,5.89523,5.13595,5.50928
18,9,5.85461,5.85461,5.08283,5.45553
18,9.064,5.8001,5.8001,5.01409,5.38501
18,9.11361,5.75759,5.75759,4.96065,5.33182
18,9.176,5.70379,5.70379,4.89446,5.26709
18,9.288,5.60638,5.60638,4.78142,5.15658
18,9.31321,5.58434,5.58434,4.75688,5.1324
18,9.4,5.50825,5.50825,4.6751,5.05177
18,9.5,5.42046,5.42046,4.58654,4.96176
18,9.512,5.40992,5.40992,4.57612,4.95129
18,9.51717,5.40539,5.40539,4.57164,4.94682
18,9.624,5.31185,5.31185,4.47993,4.85626
18,9.72561,5.22344,5.22344,4.39473,4.77272
18,9.736,5.21443,5.21443,4.38624,4.7644
18,9.848,5.11808,5.11808,4.29753,4.67658
18,9.9386,5.04112,5.04112,4.22814,4.60787
18,9.96,5.02309,5.02309,4.21208,4.59194
18,10,4.98957,4.98957,4.1821,4.56248
18,10.072,4.92983,4.92983,4.12916,4.51031
18,10.1563,4.86093,4.86093,4.06854,4.44995
18,10.184,4.8385,4.8385,4.04887,4.43078
18,10.296,4.74934,4.74934,3.97085,4.35493
18,10.3787,4.68494,4.68494,3.9149,4.30022
18,10.408,4.66242,4.66242,3.89528,4.28054
18,10.5,4.59288,4.59288,3.83366,4.22012
18,10.52,4.57798,4.57798,3.82052,4.20734
18,10.606,4.5148,4.5148,3.76472,4.1529
18,10.632,4.49602,4.49602,3.74806,4.13656
18,10.744,4.41674,4.41674,3.67691,4.06702
18,10.8383,4.35194,4.35194,3.61796,4.00964
18,10.856,4.33997,4.33997,3.60696,3.99892
18,10.968,4.26589,4.26589,3.53771,3.93183
18,11,4.24529,4.24529,3.51824,3.91306
18,11.0756,4.19784,4.19784,3.47235,3.86851
18,11.08,4.19516,4.19516,3.46973,3.86596
18,11.192,4.12707,4.12707,3.40273,3.80067
18,11.304,4.0598,4.0598,3.33632,3.73623
18,11.3182,4.05135,4.05135,3.32794,3.72809
18,11.416,3.99427,3.99427,3.27046,3.67241
18,11.5,3.94753,3.94753,3.22147,3.625
18,11.528,3.93228,3.93228,3.20515,3.60918
18,11.5661,3.91173,3.91173,3.18301,3.58752
18,11.64,3.87243,3.87243,3.14026,3.54666
18,11.752,3.81414,3.81414,3.07621,3.48469
18,11.8194,3.77953,3.77953,3.03779,3.44723
18,11.864,3.75671,3.75671,3.0123,3.42288
18,11.976,3.69961,3.69961,2.94828,3.36155
18,12,3.68751,3.68751,2.93459,3.34836
18,12.0782,3.64945,3.64945,2.89006,3.30564
18,12.088,3.64494,3.64494,2.88453,3.30033
18,12.2,3.59452,3.59452,2.82164,3.23947
18,12.312,3.54233,3.54233,2.75894,3.17885
18,12.3428,3.5279,3.5279,2.7416,3.16226
18,12.424,3.49128,3.49128,2.69623,3.11854
18,12.5,3.45856,3.45856,2.65378,3.07762
18,12.536,3.44316,3.44316,2.63375,3.05834
18,12.6131,3.41037,3.41037,2.59087,3.01724
18,12.648,3.39582,3.39582,2.57138,2.99846
18,12.76,3.34917,3.34917,2.50909,2.93846
18,12.872,3.30023,3.30023,2.44685,2.87863
18,12.8893,3.29302,3.29302,2.43729,2.86941
18,12.984,3.25474,3.25474,2.38498,2.81899
18,13,3.24807,3.24807,2.37613,2.81048
18,13.096,3.20832,3.20832,2.32287,2.75941
18,13.1716,3.17949,3.17949,2.28117,2.71949
18,13.208,3.16598,3.16598,2.26108,2.70006
18,13.32,3.11968,3.11968,2.19913,2.64054
18,13.432,3.0779,3.0779,2.13723,2.58126
18,13.4601,3.06741,3.06741,2.12171,2.56639
18,13.5,3.05216,3.05216,2.09966,2.54526
18,13.544,3.03529,3.03529,2.0754,2.52202
18,13.656,2.99285,2.99285,2.01355,2.46284
18,13.7549,2.95435,2.95435,1.95909,2.41053
18,13.768,2.94957,2.94957,1.95189,2.40358
18,13.88,2.90785,2.90785,1.89023,2.34452
18,13.992,2.86568,2.86568,1.8285,2.28574
18,14,2.86278,2.86278,1.8241,2.28155
18,14.0561,2.84173,2.84173,1.79331,2.25201
18,14.104,2.82419,2.82419,1.76702,2.22668
18,14.216,2.78271,2.78271,1.70533,2.16754
18,14.328,2.74143,2.74143,1.64407,2.10863
18,14.3639,2.72822,2.72822,1.62424,2.0897
18,14.44,2.70027,2.70027,1.58249,2.04979
18,14.5,2.67831,2.67831,1.54957,2.01809
18,14.552,2.65932,2.65932,1.52093,1.99056
18,14.664,2.61839,2.61839,1.45938,1.93178
18,14.6785,2.61309,2.61309,1.4514,1.92415
18,14.776,2.57755,2.57755,1.39782,1.87294
18,14.888,2.53693,2.53693,1.33625,1.81413
18,15,2.49658,2.49658,1.27473,1.75533
