ID,time,pop,popPred,indivPredMean,indivPredMode
7,1,0,0,0,0
7,1.02243,0,0,0,0
7,1.04536,0,0,0,0
7,1.06881,0,0,0,0
7,1.09278,0,0,0,0
7,1.11729,0,0,0,0
7,1.12,0,0,0,0
7,1.14235,0,0,0,0
7,1.16797,0,0,0,0
7,1.19416,0,0,0,0
7,1.22095,0,0,0,0
7,1.24,0,0,0,0
7,1.24833,0,0,0,0
7,1.27633,0,0,0,0
7,1.30495,0,0,0,0
7,1.33422,0,0,0,0
7,1.36,0,0,0,0
7,1.36415,0,0,0,0
7,1.39474,0,0,0,0
7,1.42603,0,0,0,0
7,1.45801,0,0,0,0
7,1.48,0,0,0,0
7,1.49071,0,0,0,0
7,1.5,0,0,0,0
7,1.52414,0,0,0,0
7,1.55833,0,0,0,0
7,1.59328,0,0,0,0
7,1.6,0,0,0,0
7,1.62902,0,0,0,0
7,1.66555,0,0,0,0
7,1.70291,0,0,0,0
7,1.72,0,0,0,0
7,1.7411,0,0,0,0
7,1.78015,0,0,0,0
7,1.82008,0,0,0,0
7,1.84,0,0,0,0
7,1.8609,0,0,0,0
7,1.90264,0,0,0,0
7,1.94531,0,0,0,0
7,1.96,0,0,0,0
7,1.98894,0,0,0,0
7,2,0,0,0,0
7,2.03355,0,0,0,0
7,2.07916,0.00339855,0.00339855,0,0
7,2.08,0.00642918,0.00642918,0,0
7,2.12579,0.162924,0.162924,0,0
7,2.17347,0.31019,0.31019,0,0
7,2.2,0.386338,0.386338,0,0
7,2.22222,0.447115,0.447115,0,0
7,2.27206,0.574717,0.574717,0,0
7,2.32,0.687462,0.687462,0,0
7,2.32302,0.694262,0.694262,0,0
7,2.37512,0.806665,0.806665,0,0
7,2.42839,0.912537,0.912537,0,0
7,2.44,0.934548,0.934548,0,0
7,2.48285,1.01272,1.01272,0,0
7,2.5,1.04278,1.04278,0,0
7,2.53854,1.10813,1.10813,0,0
7,2.56,1.14312,1.14312,0,0
7,2.59548,1.19881,1.19881,0,0
7,2.65369,1.28472,1.28472,0,0
7,2.68,1.3215,1.3215,0,0
7,2.71321,1.36626,1.36626,0,0
7,2.77406,1.44385,1.44385,0,0
7,2.8,1.4753,1.4753,0,0
7,2.83628,1.51775,1.51775,0,0
7,2.89989,1.5882,1.5882,0,0
7,2.92,1.60948,1.60948,0,0
7,2.96493,1.65541,1.65541,0,0
7,3,1.68977,1.68977,0,0
7,3.03143,1.71952,1.71952,0,0
7,3.04,1.72746,1.72746,0,0
7,3.09942,1.78064,1.78064,0,0
7,3.16,1.83161,1.83161,0,0
7,3.16894,1.83887,1.83887,0,0
7,3.24001,1.89422,1.89422,0,0
7,3.28,1.92363,1.92363,0,0
7,3.31268,1.94675,1.94675,0,0
7,3.38698,1.99642,1.99642,0,0
7,3.4,2.00471,2.00471,0,0
7,3.46295,2.04317,2.04317,0,0
7,3.5,2.06456,2.06456,0,0
7,3.52,2.07573,2.07573,0,0
7,3.54062,2.08697,2.08697,0,0
7,3.62003,2.12772,2.12772,0,0
7,3.64,2.13734,2.13734,0,0
7,3.70122,2.16532,2.16532,0,0
7,3.76,2.19006,2.19006,0,0
7,3.78423,2.19967,2.19967,0,0
7,3.86911,2.23066,2.23066,0,0
7,3.88,2.23434,2.23434,0,0
7,3.95588,2.25817,2.25817,0,0
7,4,2.2706,2.2706,0,0
7,4.04461,2.28213,2.28213,0,0
7,4.12,2.29931,2.29931,0,0
7,4.13532,2.30246,2.30246,0,0
7,4.22807,2.31912,2.31912,0,0
7,4.24,2.32098,2.32098,0,0
7,4.3229,2.33211,2.33211,0,0
7,4.36,2.33615,2.33615,0.013268,0
7,4.41986,2.34146,2.34146,0.122221,0
7,4.48,2.3454,2.3454,0.232812,0.0912488
7,4.5,2.34641,2.34641,0.269873,0.12591
7,4.51899,2.34723,2.34723,0.305179,0.158911
7,4.6,2.34935,2.34935,0.457097,0.300869
7,4.62034,2.34954,2.34954,0.495599,0.336833
7,4.72,2.3486,2.3486,0.686133,0.514732
7,4.72397,2.3485,2.3485,0.693793,0.521882
7,4.82992,2.34429,2.34429,0.900075,0.714196
7,4.84,2.34374,2.34374,0.919874,0.732654
7,4.93825,2.33709,2.33709,1.11466,0.914099
7,4.96,2.33532,2.33532,1.15814,0.95462
7,5,2.33181,2.33181,1.23854,1.02948
7,5.04901,2.32708,2.32708,1.3376,1.12172
7,5.08,2.32385,2.32385,1.40055,1.18031
7,5.16225,2.31446,2.31446,1.56865,1.33685
7,5.2,2.30979,2.30979,1.64621,1.40909
7,5.27803,2.29946,2.29946,1.80694,1.55909
7,5.32,2.29356,2.29356,1.89347,1.63998
7,5.39641,2.28226,2.28226,2.05049,1.78726
7,5.44,2.27551,2.27551,2.13944,1.87104
7,5.5,2.26591,2.26591,2.26051,1.9857
7,5.51744,2.26305,2.26305,2.29531,2.01882
7,5.56,2.25597,2.25597,2.37927,2.09912
7,5.64119,2.24204,2.24204,2.53433,2.24952
7,5.68,2.2352,2.2352,2.60542,2.31949
7,5.76772,2.21935,2.21935,2.75623,2.47148
7,5.8,2.2134,2.2134,2.80759,2.52472
7,5.89708,2.19514,2.19514,2.94555,2.67393
7,5.92,2.19076,2.19076,2.97409,2.70632
7,6,2.17531,2.17531,3.06028,2.80911
7,6.02934,2.16958,2.16958,3.08652,2.84253
7,6.04,2.16749,2.16749,3.09531,2.85409
7,6.16,2.14369,2.14369,3.16779,2.96102
7,6.16457,2.14277,2.14277,3.16961,2.96424
7,6.28,2.11919,2.11919,3.19477,3.0253
7,6.30283,2.11443,2.11443,3.19532,3.03284
7,6.4,2.09362,2.09362,3.18411,3.0495
7,6.44419,2.08381,2.08381,3.17279,3.0496
7,6.5,2.07104,2.07104,3.15389,3.04391
7,6.52,2.06636,2.06636,3.14602,3.04044
7,6.58873,2.0499,2.0499,3.11527,3.0234
7,6.64,2.0373,2.0373,3.08924,3.00615
7,6.7365,2.01272,2.01272,3.03525,2.96541
7,6.76,2.00655,2.00655,3.0214,2.95417
7,6.88,1.97402,1.97402,2.94838,2.89108
7,6.88759,1.97191,1.97191,2.9437,2.88686
7,7,1.9398,1.9398,2.8746,2.82229
7,7.04207,1.92738,1.92738,2.84916,2.79758
7,7.12,1.90378,1.90378,2.80319,2.75187
7,7.20002,1.87874,1.87874,2.75796,2.70571
7,7.24,1.86592,1.86592,2.73624,2.68302
7,7.36,1.82621,1.82621,2.67506,2.61755
7,7.3615,1.8257,1.8257,2.67434,2.61676
7,7.48,1.78461,1.78461,2.62024,2.55738
7,7.5,1.77749,1.77749,2.61174,2.54782
7,7.52661,1.76794,1.76794,2.60071,2.53532
7,7.6,1.74111,1.74111,2.57196,2.50233
7,7.69542,1.70515,1.70515,2.53816,2.46331
7,7.72,1.69568,1.69568,2.5301,2.45391
7,7.84,1.64831,1.64831,2.49436,2.41093
7,7.86802,1.63697,1.63697,2.48684,2.40161
7,7.96,1.599,1.599,2.46428,2.37379
7,8,1.58213,1.58213,2.45544,2.36303
7,8.04448,1.56312,1.56312,2.44626,2.35173
7,8.08,1.54776,1.54776,2.43941,2.34292
7,8.2,1.49462,1.49462,2.41929,2.316
7,8.22491,1.48336,1.48336,2.41566,2.31109
7,8.32,1.43965,1.43965,2.40286,2.29321
7,8.40938,1.39754,1.39754,2.3915,2.27629
7,8.44,1.3829,1.3829,2.38754,2.27026
7,8.5,1.35389,1.35389,2.37929,2.25802
7,8.56,1.32448,1.32448,2.37004,2.2453
7,8.59799,1.30565,1.30565,2.3635,2.23699
7,8.68,1.26453,1.26453,2.34833,2.21838
7,8.79083,1.20797,1.20797,2.32599,2.19169
7,8.8,1.20324,1.20324,2.32405,2.18943
7,8.92,1.14088,1.14088,2.29679,2.15862
7,8.988,1.10516,1.10516,2.27985,2.14026
7,9,1.09883,1.09883,2.27676,2.13698
7,9.04,1.0777,1.0777,2.26628,2.12594
7,9.16,1.01406,1.01406,2.23311,2.09095
7,9.18959,0.998296,0.998296,2.22454,2.08205
7,9.28,0.950153,0.950153,2.19749,2.05424
7,9.3957,0.888771,0.888771,2.16107,2.01634
7,9.4,0.886491,0.886491,2.15968,2.0149
7,9.5,0.833595,0.833595,2.12662,1.98073
7,9.52,0.823008,0.823008,2.1198,1.9737
7,9.60643,0.777193,0.777193,2.08921,1.94295
7,9.64,0.759365,0.759365,2.07678,1.93053
7,9.76,0.695614,0.695614,2.03137,1.88465
7,9.82189,0.662845,0.662845,2.00711,1.86051
7,9.88,0.632198,0.632198,1.98294,1.83655
7,10,0.569518,0.569518,1.93142,1.78656
7,10.0422,0.547714,0.547714,1.91307,1.76832
7,10.12,0.507903,0.507903,1.87874,1.73391
7,10.24,0.447667,0.447667,1.82352,1.67899
7,10.2674,0.434125,0.434125,1.81058,1.66601
7,10.36,0.389019,0.389019,1.76645,1.62106
7,10.48,0.332032,0.332032,1.70663,1.56113
7,10.4977,0.323788,0.323788,1.69729,1.55206
7,10.5,0.322714,0.322714,1.69606,1.55087
7,10.6,0.27686,0.27686,1.64222,1.4986
7,10.72,0.223437,0.223437,1.57627,1.43353
7,10.7331,0.217698,0.217698,1.56895,1.42624
7,10.84,0.171864,0.171864,1.5082,1.36572
7,10.96,0.122046,0.122046,1.43701,1.29514
7,10.9739,0.116391,0.116391,1.42862,1.2868
7,11,0.105804,0.105804,1.41273,1.27097
7,11.08,0.073969,0.073969,1.36361,1.22165
7,11.2,0.0276438,0.0276438,1.28723,1.14521
7,11.22,0.0200419,0.0200419,1.27391,1.13219
7,11.32,0,0,1.20569,1.06585
7,11.44,0,0,1.12237,0.983089
7,11.4716,0,0,1.10015,0.960693
7,11.5,0,0,1.08,0.940422
7,11.56,0,0,1.0366,0.896823
7,11.68,0,0,0.946179,0.806137
7,11.7289,0,0,0.908242,0.76824
7,11.8,0,0,0.851923,0.713105
7,11.92,0,0,0.753987,0.617623
7,11.992,0,0,0.694047,0.557944
7,12,0,0,0.687277,0.551194
7,12.04,0,0,0.65306,0.517072
7,12.16,0,0,0.547834,0.412469
7,12.261,0,0,0.456156,0.32112
7,12.28,0,0,0.438536,0.303563
7,12.4,0,0,0.325402,0.191074
7,12.5,0,0,0.228255,0.0942166
7,12.52,0,0,0.208604,0.0744874
7,12.536,0,0,0.192771,0.0586682
7,12.64,0,0,0.0864477,0
7,12.76,0,0,0,0
7,12.8171,0,0,0,0
7,12.88,0,0,0,0
7,13,0,0,0,0
7,13.1046,0,0,0,0
7,13.12,0,0,0,0
7,13.24,0,0,0,0
7,13.36,0,0,0,0
7,13.3985,0,0,0,0
7,13.48,0,0,0,0
7,13.5,0,0,0,0
7,13.6,0,0,0,0
7,13.699,0,0,0,0
7,13.72,0,0,0,0
7,13.84,0,0,0,0
7,13.96,0,0,0,0
7,14,0,0,0,0
7,14.0063,0,0,0,0
7,14.08,0,0,0,0
7,14.2,0,0,0,0
7,14.32,0,0,0,0
7,14.3204,0,0,0,0
7,14.44,0,0,0,0
7,14.5,0,0,0,0
7,14.56,0,0,0,0
7,14.6416,0,0,0,0
7,14.68,0,0,0,0
7,14.8,0,0,0,0
7,14.92,0,0,0,0
7,14.97,0,0,0,0
7,15,0,0,0,0
7,15.04,0,0,0,0
7,15.16,0,0,0,0
7,15.28,0,0,0,0
7,15.3057,0,0,0,0
7,15.4,0,0,0,0
7,15.5,0,0,0,0
7,15.52,0,0,0,0
7,15.64,0,0,0,0
7,15.649,0,0,0,0
7,15.76,0,0,0,0
7,15.88,0,0,0,0
7,16,0,0,0,0
8,1,0,0,0,0
8,1.02405,0,0,0,0
8,1.04867,0,0,0,0
8,1.07389,0,0,0,0
8,1.09972,0,0,0,0
8,1.12616,0,0,0,0
8,1.148,0,0,0,0
8,1.15325,0,0,0,0
8,1.18098,0,0,0,0
8,1.20938,0,0,0,0
8,1.23846,0,0,0,0
8,1.26824,0,0,0,0
8,1.296,0,0,0,0
8,1.29874,0,0,0,0
8,1.32997,0,0,0,0
8,1.36196,0,0,0,0
8,1.39471,0,0,0,0
8,1.42825,0,0,0,0
8,1.444,0,0,0,0
8,1.4626,0,0,0,0
8,1.49777,0,0,0,0
8,1.5,0,0,0,0
8,1.53379,0,0,0,0
8,1.57067,0,0,0,0
8,1.592,0,0,0,0
8,1.60844,0,0,0,0
8,1.64712,0,0,0,0
8,1.68673,0,0,0,0
8,1.72729,0,0,0,0
8,1.74,0,0,0,0
8,1.76883,0,0,0,0
8,1.81137,0,0,0,0
8,1.85493,0,0,0,0
8,1.888,0,0,0,0
8,1.89954,0,0,0,0
8,1.94522,0,0,0,0
8,1.99199,0,0,0,0
8,2,0,0,0,0
8,2.036,0,0,0,0
8,2.0399,0,0,0,0
8,2.08895,0.0383193,0.0383193,0,0
8,2.13919,0.205772,0.205772,0,0
8,2.184,0.340899,0.340899,0,0
8,2.19063,0.359909,0.359909,0,0
8,2.24331,0.502528,0.502528,0,0
8,2.29726,0.63511,0.63511,0,0
8,2.332,0.714308,0.714308,0,0
8,2.3525,0.759011,0.759011,0,0
8,2.40907,0.875134,0.875134,0,0
8,2.46701,0.98437,0.98437,0,0
8,2.48,1.00767,1.00767,0,0
8,2.5,1.04278,1.04278,0,0
8,2.52633,1.08757,1.08757,0,0
8,2.58709,1.18506,1.18506,0,0
8,2.628,1.24649,1.24649,0,0
8,2.6493,1.27724,1.27724,0.285839,0
8,2.71301,1.36456,1.36456,0.840176,0
8,2.776,1.44467,1.44467,1.17856,0
8,2.77825,1.44743,1.44743,1.18854,0
8,2.84506,1.5262,1.5262,1.44037,0.657669
8,2.91348,1.6011,1.6011,1.63693,1.07354
8,2.924,1.61214,1.61214,1.66312,1.1227
8,2.98355,1.67235,1.67235,1.79539,1.35633
8,3,1.68834,1.68834,1.82805,1.41052
8,3.05529,1.7401,1.7401,1.92802,1.56916
8,3.072,1.75516,1.75516,1.95562,1.61125
8,3.12877,1.80446,1.80446,2.04186,1.73864
8,3.20401,1.8655,1.8655,2.14099,1.87855
8,3.22,1.87789,1.87789,2.16017,1.90494
8,3.28106,1.92329,1.92329,2.22819,1.99698
8,3.35996,1.9778,1.9778,2.30552,2.09909
8,3.368,1.9831,1.9831,2.31281,2.1086
8,3.44076,2.029,2.029,2.37447,2.18837
8,3.5,2.06369,2.06369,2.41947,2.24597
8,3.516,2.07266,2.07266,2.4309,2.26054
8,3.5235,2.07681,2.07681,2.43616,2.26724
8,3.60824,2.12116,2.12116,2.49138,2.33745
8,3.664,2.14788,2.14788,2.52386,2.37879
8,3.69501,2.16191,2.16191,2.54071,2.4003
8,3.78386,2.19894,2.19894,2.58457,2.45675
8,3.812,2.2097,2.2097,2.59717,2.47315
8,3.87486,2.2321,2.2321,2.62325,2.50748
8,3.96,2.25894,2.25894,2.65431,2.5493
8,3.96804,2.26127,2.26127,2.657,2.55299
8,4,2.2702,2.2702,2.66731,2.56723
8,4.06346,2.28634,2.28634,2.68598,2.5936
8,4.108,2.29644,2.29644,2.69773,2.61068
8,4.16118,2.30723,2.30723,2.71035,2.6296
8,4.256,2.32313,2.32313,2.7293,2.65956
8,4.26125,2.32389,2.32389,2.73022,2.66108
8,4.36372,2.33633,2.33633,2.74575,2.68821
8,4.404,2.34001,2.34001,2.75066,2.6976
8,4.46866,2.34459,2.34459,2.75729,2.71123
8,4.5,2.34623,2.34623,2.75997,2.7172
8,4.552,2.34818,2.34818,2.76368,2.7263
8,4.57612,2.34876,2.34876,2.7651,2.7302
8,4.68617,2.34902,2.34902,2.76945,2.74523
8,4.7,2.34879,2.34879,2.76977,2.74682
8,4.79886,2.34557,2.34557,2.77073,2.75656
8,4.848,2.34302,2.34302,2.77041,2.76037
8,4.91426,2.33865,2.33865,2.76923,2.76445
8,4.996,2.33187,2.33187,2.76671,2.76798
8,5,2.3315,2.3315,2.76656,2.76812
8,5.03244,2.32838,2.32838,2.76524,2.76905
8,5.144,2.31614,2.31614,2.7596,2.77057
8,5.15346,2.31501,2.31501,2.75905,2.77058
8,5.27739,2.29898,2.29898,2.75085,2.76933
8,5.292,2.29695,2.29695,2.74978,2.76901
8,5.4043,2.28045,2.28045,2.74085,2.76554
8,5.44,2.27493,2.27493,2.73777,2.76407
8,5.5,2.26536,2.26536,2.73237,2.76124
8,5.53426,2.25973,2.25973,2.72915,2.75943
8,5.588,2.2507,2.2507,2.72394,2.75632
8,5.66735,2.23693,2.23693,2.71587,2.75118
8,5.736,2.22466,2.22466,2.70856,2.74624
8,5.80364,2.2123,2.2123,2.70106,2.74095
8,5.884,2.19728,2.19728,2.69179,2.73417
8,5.94321,2.186,2.186,2.68471,2.72884
8,6,2.17503,2.17503,2.67774,2.72348
8,6.032,2.16879,2.16879,2.67374,2.72036
8,6.08613,2.15815,2.15815,2.66683,2.71491
8,6.18,2.13945,2.13945,2.65447,2.70499
8,6.23249,2.12883,2.12883,2.64736,2.69918
8,6.328,2.10896,2.10896,2.63402,2.68818
8,6.38236,2.09723,2.09723,2.62621,2.68166
8,6.476,2.07625,2.07625,2.61239,2.67001
8,6.5,2.07072,2.07072,2.60877,2.66694
8,6.53585,2.06234,2.06234,2.60331,2.66229
8,6.624,2.04105,2.04105,2.58956,2.65052
8,6.69302,2.02373,2.02373,2.5785,2.64099
8,6.772,2.0032,2.0032,2.56552,2.62974
8,6.85397,1.98109,1.98109,2.55166,2.61766
8,6.92,1.96269,1.96269,2.54022,2.60764
8,7,1.93966,1.93966,2.526,2.59515
8,7.0188,1.93414,1.93414,2.5226,2.59215
8,7.068,1.91946,1.91946,2.51361,2.58422
8,7.18758,1.88253,1.88253,2.49113,2.5643
8,7.216,1.87349,1.87349,2.48566,2.55943
8,7.36043,1.82592,1.82592,2.45702,2.53389
8,7.364,1.82471,1.82471,2.4563,2.53324
8,7.5,1.77736,1.77736,2.42803,2.5079
8,7.512,1.77307,1.77307,2.42547,2.5056
8,7.53743,1.7639,1.7639,2.42002,2.5007
8,7.66,1.7185,1.7185,2.39311,2.47644
8,7.71869,1.69604,1.69604,2.37984,2.46445
8,7.808,1.66098,1.66098,2.35916,2.44571
8,7.90431,1.62198,1.62198,2.33617,2.42483
8,7.956,1.60054,1.60054,2.32354,2.41334
8,8,1.582,1.582,2.31262,2.40338
8,8.09439,1.54138,1.54138,2.28866,2.38151
8,8.104,1.53718,1.53718,2.28618,2.37925
8,8.252,1.47101,1.47101,2.24701,2.34337
8,8.28905,1.45403,1.45403,2.23691,2.3341
8,8.4,1.40216,1.40216,2.20595,2.30562
8,8.48838,1.35978,1.35978,2.1805,2.28215
8,8.5,1.35414,1.35414,2.1771,2.27901
8,8.548,1.33068,1.33068,2.16293,2.26592
8,8.69251,1.2586,1.2586,2.11896,2.22521
8,8.696,1.25684,1.25684,2.11787,2.2242
8,8.844,1.18094,1.18094,2.0707,2.18035
8,8.90155,1.15098,1.15098,2.05178,2.16271
8,8.992,1.10334,1.10334,2.02137,2.13432
8,9,1.09909,1.09909,2.01864,2.13177
8,9.11561,1.03746,1.03746,1.97846,2.09418
8,9.14,1.02438,1.02438,1.96981,2.08606
8,9.288,0.944358,0.944358,1.91604,2.03536
8,9.33482,0.918941,0.918941,1.89854,2.01883
8,9.436,0.863855,0.863855,1.85995,1.98236
8,9.5,0.828817,0.828817,1.83501,1.95874
8,9.5593,0.796445,0.796445,1.8115,1.93642
8,9.584,0.782999,0.782999,1.80159,1.92699
8,9.732,0.703078,0.703078,1.74069,1.86877
8,9.78919,0.672566,0.672566,1.71647,1.84565
8,9.88,0.624676,0.624676,1.67726,1.80844
8,10,0.562275,0.562275,1.62424,1.75787
8,10.0246,0.549619,0.549619,1.61322,1.74722
8,10.028,0.547871,0.547871,1.61169,1.74573
8,10.176,0.472808,0.472808,1.54425,1.67992
8,10.2657,0.428174,0.428174,1.50253,1.63978
8,10.324,0.399527,0.399527,1.47499,1.61351
8,10.472,0.328619,0.328619,1.40421,1.5439
8,10.5,0.315512,0.315512,1.39069,1.53059
8,10.5125,0.309687,0.309687,1.38463,1.52467
8,10.62,0.261054,0.261054,1.3327,1.47385
8,10.7653,0.199124,0.199124,1.26216,1.40351
8,10.768,0.198025,0.198025,1.26086,1.4022
8,10.916,0.136537,0.136537,1.18896,1.33005
8,11,0.101807,0.101807,1.1487,1.29007
8,11.0242,0.092223,0.092223,1.13721,1.27858
8,11.064,0.0768531,0.0768531,1.11848,1.25965
8,11.212,0.0209886,0.0209886,1.05041,1.19043
8,11.2893,0,0,1.01613,1.15496
8,11.36,0,0,0.985719,1.12321
8,11.5,0,0,0.928321,1.063
8,11.508,0,0,0.925161,1.05967
8,11.5608,0,0,0.904665,1.038
8,11.656,0,0,0.86929,1.00071
8,11.804,0,0,0.818386,0.945908
8,11.8388,0,0,0.807119,0.933688
8,11.952,0,0,0.772274,0.895858
8,12,0,0,0.758301,0.880656
8,12.1,0,0,0.730822,0.850306
8,12.1235,0,0,0.724677,0.843547
8,12.248,0,0,0.694032,0.809428
8,12.396,0,0,0.661264,0.772448
8,12.4151,0,0,0.657306,0.767945
8,12.5,0,0,0.640322,0.748612
8,12.544,0,0,0.631953,0.739094
8,12.692,0,0,0.606183,0.708901
8,12.7136,0,0,0.602698,0.704718
8,12.84,0,0,0.5826,0.681389
8,12.988,0,0,0.560839,0.656286
8,13,0,0,0.559176,0.654346
8,13.0194,0,0,0.556518,0.651244
8,13.136,0,0,0.541056,0.633241
8,13.284,0,0,0.523092,0.611931
8,13.3325,0,0,0.517623,0.605286
8,13.432,0,0,0.507155,0.592085
8,13.5,0,0,0.500294,0.583397
8,13.58,0,0,0.491993,0.573481
8,13.6531,0,0,0.484589,0.564678
8,13.728,0,0,0.477404,0.555866
8,13.876,0,0,0.464083,0.539043
8,13.9814,0,0,0.45458,0.527534
8,14,0,0,0.452879,0.525521
8,14.024,0,0,0.450665,0.522922
8,14.172,0,0,0.437284,0.506911
8,14.3176,0,0,0.425662,0.492276
8,14.32,0,0,0.425473,0.492046
8,14.468,0,0,0.4131,0.477608
8,14.5,0,0,0.41038,0.474467
8,14.616,0,0,0.401051,0.463227
8,14.6619,0,0,0.397565,0.458847
8,14.764,0,0,0.389769,0.449198
8,14.912,0,0,0.377542,0.434779
8,15,0,0,0.370393,0.426337
8,15.0145,0,0,0.369267,0.424994
8,15.06,0,0,0.365786,0.420785
8,15.208,0,0,0.354449,0.406843
8,15.356,0,0,0.342895,0.392999
8,15.3756,0,0,0.341366,0.391173
8,15.5,0,0,0.331619,0.379603
8,15.504,0,0,0.331305,0.379232
8,15.652,0,0,0.319704,0.365483
8,15.7453,0,0,0.312359,0.35681
8,15.8,0,0,0.308059,0.351735
8,15.948,0,0,0.296361,0.338022
8,16,0,0,0.292245,0.333192
8,16.096,0,0,0.284632,0.324251
8,16.124,0,0,0.282424,0.32164
8,16.244,0,0,0.273131,0.310447
8,16.392,0,0,0.261503,0.296725
8,16.5,0,0,0.252791,0.286813
8,16.5117,0,0,0.251778,0.285736
8,16.54,0,0,0.249328,0.283136
8,16.688,0,0,0.2369,0.269432
8,16.836,0,0,0.225288,0.255597
8,16.9088,0,0,0.219463,0.248746
8,16.984,0,0,0.212988,0.241647
8,17,0,0,0.211616,0.240134
8,17.132,0,0,0.200736,0.227622
8,17.28,0,0,0.188588,0.213543
8,17.3154,0,0,0.185717,0.210172
8,17.428,0,0,0.176321,0.199485
8,17.5,0,0,0.170333,0.192688
8,17.576,0,0,0.164016,0.185571
8,17.724,0,0,0.151623,0.171876
8,17.7318,0,0,0.150967,0.171148
8,17.872,0,0,0.139185,0.157997
8,18,0,0,0.128389,0.145878
8,18.02,0,0,0.126701,0.14397
8,18.1582,0,0,0.115005,0.130652
8,18.168,0,0,0.114177,0.12971
8,18.316,0,0,0.101601,0.115554
8,18.464,0,0,0.0889687,0.101357
8,18.5,0,0,0.0858857,0.0978896
8,18.5949,0,0,0.0777108,0.0887586
8,18.612,0,0,0.0762318,0.0871169
8,18.76,0,0,0.0633846,0.0729531
8,18.908,0,0,0.0506503,0.0587785
8,19,0,0,0.0427387,0.0498939
8,19.0421,0,0,0.0391038,0.0458049
8,19.056,0,0,0.0378991,0.0444486
8,19.204,0,0,0.0250211,0.0301593
8,19.352,0,0,0.0120055,0.0159935
8,19.5,0,0,0,0.00138474
9,1,0,0,0,0
9,1.02316,0,0,0,0
9,1.04686,0,0,0,0
9,1.07111,0,0,0,0
9,1.09592,0,0,0,0
9,1.1213,0,0,0,0
9,1.132,0,0,0,0
9,1.14727,0,0,0,0
9,1.17384,0,0,0,0
9,1.20103,0,0,0,0
9,1.22885,0,0,0,0
9,1.25731,0,0,0,0
9,1.264,0,0,0,0
9,1.28643,0,0,0,0
9,1.31623,0,0,0,0
9,1.34672,0,0,0,0
9,1.37791,0,0,0,0
9,1.396,0,0,0,0
9,1.40982,0,0,0,0
9,1.44248,0,0,0,0
9,1.47589,0,0,0,0
9,1.5,0,0,0,0
9,1.51007,0,0,0,0
9,1.528,0,0,0,0
9,1.54505,0,0,0,0
9,1.58083,0,0,0,0
9,1.61745,0,0,0,0
9,1.65491,0,0,0,0
9,1.66,0,0,0,0
9,1.69324,0,0,0,0
9,1.73246,0,0,0,0
9,1.77259,0,0,0,0
9,1.792,0,0,0,0
9,1.81364,0,0,0,0
9,1.85565,0,0,0,0
9,1.89863,0,0,0.0984725,0.00909955
9,1.924,0,0,0.200199,0.101506
9,1.94261,0,0,0.270051,0.16496
9,1.9876,0,0,0.425478,0.306586
9,2,0,0,0.465323,0.343035
9,2.03364,0,0,0.56756,0.436203
9,2.056,0,0,0.631231,0.49414
9,2.08074,0.00905376,0.00905376,0.698042,0.55495
9,2.12893,0.172725,0.172725,0.818554,0.664684
9,2.17824,0.32408,0.32408,0.930441,0.766585
9,2.188,0.352297,0.352297,0.951361,0.785634
9,2.2287,0.464012,0.464012,1.0347,0.861734
9,2.28032,0.594119,0.594119,1.1322,0.950702
9,2.32,0.686491,0.686491,1.20163,1.01419
9,2.33313,0.715817,0.715817,1.22365,1.03438
9,2.38717,0.830317,0.830317,1.30965,1.11344
9,2.44246,0.938293,0.938293,1.3907,1.18819
9,2.452,0.956022,0.956022,1.40403,1.2005
9,2.49903,1.04006,1.04006,1.46723,1.25891
9,2.5,1.04174,1.04174,1.46848,1.26007
9,2.55692,1.13634,1.13634,1.5396,1.32595
9,2.584,1.17913,1.17913,1.57159,1.35565
9,2.61614,1.22826,1.22826,1.60811,1.38962
9,2.67673,1.31577,1.31577,1.67302,1.45014
9,2.716,1.36899,1.36899,1.71251,1.48711
9,2.73873,1.39864,1.39864,1.73452,1.50775
9,2.80216,1.47724,1.47724,1.79279,1.56263
9,2.848,1.53055,1.53055,1.83219,1.59994
9,2.86707,1.55196,1.55196,1.84795,1.61492
9,2.93347,1.62312,1.62312,1.90011,1.66477
9,2.98,1.67003,1.67003,1.93425,1.69766
9,3,1.68949,1.68949,1.94834,1.71131
9,3.00142,1.69085,1.69085,1.94932,1.71227
9,3.07094,1.75533,1.75533,1.99561,1.75752
9,3.112,1.79128,1.79128,2.02112,1.78276
9,3.14207,1.81665,1.81665,2.03896,1.80058
9,3.21484,1.87492,1.87492,2.07937,1.84151
9,3.244,1.89705,1.89705,2.09449,1.85707
9,3.2893,1.93015,1.93015,2.11679,1.88034
9,3.36549,1.98235,1.98235,2.15115,1.9171
9,3.376,1.98922,1.98922,2.15559,1.92194
9,3.44344,2.03147,2.03147,2.18238,1.95177
9,3.5,2.06452,2.06452,2.20265,1.97517
9,3.508,2.06902,2.06902,2.20536,1.97836
9,3.5232,2.07746,2.07746,2.2104,1.98435
9,3.6048,2.12022,2.12022,2.23515,2.0148
9,3.64,2.13737,2.13737,2.24465,2.02708
9,3.68829,2.15965,2.15965,2.25657,2.04311
9,3.772,2.19495,2.19495,2.27433,2.06874
9,3.77372,2.19563,2.19563,2.27466,2.06924
9,3.86113,2.22803,2.22803,2.28941,2.09314
9,3.904,2.24235,2.24235,2.29533,2.10385
9,3.95056,2.25674,2.25674,2.3008,2.11474
9,4,2.27075,2.27075,2.30554,2.12549
9,4.036,2.28014,2.28014,2.30832,2.13282
9,4.04206,2.28165,2.28165,2.30874,2.13401
9,4.13568,2.30269,2.30269,2.31329,2.15093
9,4.168,2.30895,2.30895,2.3141,2.15614
9,4.23147,2.31982,2.31982,2.31469,2.16544
9,4.3,2.32948,2.32948,2.31388,2.17409
9,4.32948,2.333,2.333,2.31307,2.17737
9,4.42976,2.34229,2.34229,2.30831,2.18651
9,4.432,2.34245,2.34245,2.30817,2.18668
9,4.5,2.34645,2.34645,2.30318,2.1911
9,4.53236,2.34775,2.34775,2.30036,2.19272
9,4.564,2.34867,2.34867,2.29733,2.19399
9,4.63733,2.34951,2.34951,2.28929,2.19582
9,4.696,2.34895,2.34895,2.28191,2.19629
9,4.74474,2.34772,2.34772,2.27517,2.19609
9,4.828,2.34413,2.34413,2.26243,2.19449
9,4.85464,2.34261,2.34261,2.25804,2.19363
9,4.96,2.33499,2.33499,2.2393,2.18861
9,4.96708,2.33439,2.33439,2.23797,2.18819
9,5,2.33146,2.33146,2.23164,2.18608
9,5.08213,2.3232,2.3232,2.21501,2.17985
9,5.092,2.32212,2.32212,2.21293,2.17902
9,5.19984,2.30924,2.30924,2.18917,2.16874
9,5.224,2.30611,2.30611,2.18359,2.16615
9,5.32028,2.29287,2.29287,2.16045,2.15484
9,5.356,2.28766,2.28766,2.15151,2.15024
9,5.4435,2.27428,2.27428,2.12883,2.1381
9,5.488,2.26716,2.26716,2.11689,2.13148
9,5.5,2.26521,2.26521,2.11362,2.12965
9,5.56958,2.25363,2.25363,2.09428,2.11862
9,5.62,2.24499,2.24499,2.07986,2.11023
9,5.69859,2.23112,2.23112,2.05673,2.09648
9,5.752,2.22146,2.22146,2.04055,2.08667
9,5.83058,2.20696,2.20696,2.01611,2.07157
9,5.884,2.1969,2.1969,1.99905,2.06085
9,5.96562,2.18127,2.18127,1.97232,2.04384
9,6,2.1746,2.1746,1.96081,2.03644
9,6.016,2.17148,2.17148,1.95541,2.03295
9,6.1038,2.15418,2.15418,1.92523,2.0133
9,6.148,2.14537,2.14537,1.90969,2.00308
9,6.24517,2.12569,2.12569,1.87473,1.9799
9,6.28,2.1185,2.1185,1.86194,1.97134
9,6.38982,2.09506,2.09506,1.82069,1.94357
9,6.412,2.09017,2.09017,1.81219,1.93781
9,6.5,2.07013,2.07013,1.77792,1.91449
9,6.53782,2.06124,2.06124,1.76294,1.90424
9,6.544,2.05978,2.05978,1.76048,1.90255
9,6.676,2.02747,2.02747,1.70691,1.86558
9,6.68925,2.02412,2.02412,1.70143,1.86178
9,6.808,1.99307,1.99307,1.65153,1.82698
9,6.84418,1.98324,1.98324,1.63604,1.81613
9,6.94,1.95641,1.95641,1.59438,1.78684
9,7,1.93903,1.93903,1.56784,1.76811
9,7.00271,1.93824,1.93824,1.56664,1.76725
9,7.072,1.91759,1.91759,1.53555,1.74522
9,7.1649,1.88896,1.88896,1.49319,1.71505
9,7.204,1.87659,1.87659,1.47514,1.70215
9,7.33085,1.83511,1.83511,1.41575,1.65946
9,7.336,1.83338,1.83338,1.41331,1.6577
9,7.468,1.78792,1.78792,1.35022,1.61196
9,7.5,1.77656,1.77656,1.33476,1.60069
9,7.50065,1.77633,1.77633,1.33445,1.60046
9,7.6,1.74017,1.74017,1.28608,1.565
9,7.67438,1.71225,1.71225,1.2496,1.53803
9,7.732,1.69011,1.69011,1.22117,1.51691
9,7.85213,1.64252,1.64252,1.16167,1.47227
9,7.864,1.63771,1.63771,1.15577,1.46782
9,7.996,1.58294,1.58294,1.09008,1.41785
9,8,1.58124,1.58124,1.08809,1.41632
9,8.034,1.56673,1.56673,1.07119,1.40332
9,8.128,1.52578,1.52578,1.02453,1.36714
9,8.22008,1.48455,1.48455,0.97903,1.33143
9,8.26,1.46635,1.46635,0.959317,1.31589
9,8.392,1.4048,1.4048,0.894762,1.26424
9,8.41047,1.39602,1.39602,0.885808,1.25699
9,8.5,1.3529,1.3529,0.842797,1.22183
9,8.524,1.34119,1.34119,0.831405,1.2124
9,8.60527,1.30105,1.30105,0.793215,1.18047
9,8.656,1.27564,1.27564,0.769693,1.16057
9,8.788,1.20838,1.20838,0.709524,1.10888
9,8.80459,1.19982,1.19982,0.702044,1.10241
9,8.92,1.13964,1.13964,0.651172,1.05754
9,9,1.09736,1.09736,0.617188,1.02663
9,9.00852,1.09283,1.09283,0.613599,1.02335
9,9.052,1.06967,1.06967,0.595239,1.0066
9,9.184,0.998786,0.998786,0.540207,0.956203
9,9.21717,0.980873,0.980873,0.526921,0.94373
9,9.316,0.927363,0.927363,0.488318,0.907008
9,9.43065,0.865181,0.865181,0.44521,0.8648
9,9.448,0.855775,0.855775,0.438847,0.858453
9,9.5,0.827617,0.827617,0.420024,0.839575
9,9.58,0.784411,0.784411,0.391804,0.810954
9,9.64909,0.747289,0.747289,0.368113,0.786527
9,9.712,0.71366,0.71366,0.347081,0.764518
9,9.844,0.643882,0.643882,0.304607,0.719203
9,9.87257,0.628942,0.628942,0.295705,0.709568
9,9.976,0.575405,0.575405,0.264319,0.675207
9,10,0.563119,0.563119,0.257218,0.667353
9,10.1012,0.511855,0.511855,0.227993,0.634757
9,10.108,0.508471,0.508471,0.226084,0.63261
9,10.24,0.443332,0.443332,0.1898,0.591476
9,10.3352,0.397476,0.397476,0.164775,0.562713
9,10.372,0.380043,0.380043,0.155361,0.551811
9,10.5,0.320856,0.320856,0.123518,0.514769
9,10.504,0.319046,0.319046,0.12255,0.513634
9,10.5746,0.287485,0.287485,0.1058,0.493819
9,10.636,0.260352,0.260352,0.0918224,0.476903
9,10.768,0.202475,0.202475,0.0619475,0.441586
9,10.8195,0.180547,0.180547,0.0505448,0.428179
9,10.9,0.146968,0.146968,0.033168,0.407629
9,11,0.106272,0.106272,0.0122972,0.382769
9,11.032,0.0935205,0.0935205,0.00578102,0.374967
9,11.0701,0.0785009,0.0785009,0,0.365766
9,11.164,0.0422175,0.0422175,0,0.343537
9,11.296,0,0,0,0.313264
9,11.3265,0,0,0,0.306425
9,11.428,0,0,0,0.28408
9,11.5,0,0,0,0.268598
9,11.56,0,0,0,0.255909
9,11.5889,0,0,0,0.249876
9,11.692,0,0,0,0.228655
9,11.824,0,0,0,0.202248
9,11.8573,0,0,0,0.195716
9,11.956,0,0,0,0.176632
9,12,0,0,0,0.16827
9,12.088,0,0,0,0.151784
9,12.1319,0,0,0,0.14367
9,12.22,0,0,0,0.127608
9,12.352,0,0,0,0.104053
9,12.4129,0,0,0,0.0933895
9,12.484,0,0,0,0.0811113
9,12.5,0,0,0,0.0783707
9,12.616,0,0,0,0.0587241
9,12.7004,0,0,0,0.0446505
9,12.748,0,0,0,0.0368069
9,12.88,0,0,0,0.0155135
9,12.9946,0,0,0,0
9,13,0,0,0,0
9,13.012,0,0,0,0
9,13.144,0,0,0,0
9,13.276,0,0,0,0
9,13.2956,0,0,0,0
9,13.408,0,0,0,0
9,13.5,0,0,0,0
9,13.54,0,0,0,0
9,13.6035,0,0,0,0
9,13.672,0,0,0,0
9,13.804,0,0,0,0
9,13.9186,0,0,0,0
9,13.936,0,0,0,0
9,14,0,0,0,0
9,14.068,0,0,0,0
9,14.2,0,0,0,0
9,14.241,0,0,0,0
9,14.332,0,0,0,0
9,14.464,0,0,0,0
9,14.5,0,0,0,0
9,14.5708,0,0,0,0
9,14.596,0,0,0,0
9,14.728,0,0,0,0
9,14.86,0,0,0,0
9,14.9083,0,0,0,0
9,14.992,0,0,0,0
9,15,0,0,0,0
9,15.124,0,0,0,0
9,15.2536,0,0,0,0
9,15.256,0,0,0,0
9,15.388,0,0,0,0
9,15.5,0,0,0,0
9,15.52,0,0,0,0
9,15.6069,0,0,0,0
9,15.652,0,0,0,0
9,15.784,0,0,0,0
9,15.916,0,0,0,0
9,15.9684,0,0,0,0
9,16,0,0,0,0
9,16.048,0,0,0,0
9,16.18,0,0,0,0
9,16.312,0,0,0,0
9,16.3382,0,0,0,0
9,16.444,0,0,0,0
9,16.5,0,0,0,0
9,16.576,0,0,0,0
9,16.708,0,0,0,0
9,16.7167,0,0,0,0
9,16.84,0,0,0,0
9,16.972,0,0,0,0
9,17,0,0,0,0
9,17.1038,0,0,0,0
9,17.104,0,0,0,0
9,17.236,0,0,0,0
9,17.368,0,0,0,0
9,17.5,0,0,0,0
10,1,0,0,0,0
10,1.02268,0,0,0,0
10,1.04587,0,0,0,0
10,1.0696,0,0,0,0
10,1.09385,0,0,0,0
10,1.11866,0,0,0,0
10,1.124,0,0,0,0
10,1.14403,0,0,0,0
10,1.16998,0,0,0,0
10,1.19652,0,0,0,0
10,1.22365,0,0,0,0
10,1.248,0,0,0,0
10,1.25141,0,0,0,0
10,1.27979,0,0,0,0
10,1.30882,0,0,0,0
10,1.3385,0,0,0,0
10,1.36886,0,0,0,0
10,1.372,0,0,0,0
10,1.3999,0,0,0,0
10,1.43165,0,0,0,0
10,1.46412,0,0,0.110792,0
10,1.496,0,0,0.409674,0.186648
10,1.49733,0,0,0.4208,0.19955
10,1.5,0,0,0.442841,0.225064
10,1.53129,0,0,0.676711,0.492586
10,1.56602,0,0,0.894311,0.736943
10,1.60154,0,0,1.08331,0.946187
10,1.62,0,0,1.17103,1.04245
10,1.63786,0,0,1.25017,1.12886
10,1.67501,0,0,1.39934,1.29074
10,1.713,0,0,1.53413,1.43589
10,1.744,0,0,1.63315,1.54196
10,1.75185,0,0,1.65684,1.56728
10,1.79158,0,0,1.76921,1.68713
10,1.83222,0,0,1.87289,1.79716
10,1.868,0,0,1.95587,1.8852
10,1.87377,0,0,1.96862,1.8987
10,1.91627,0,0,2.05779,1.99282
10,1.95973,0,0,2.1409,2.08037
10,1.992,0,0,2.19799,2.14038
10,2,0,0,2.21155,2.15466
10,2.00418,0,0,2.21854,2.16203
10,2.04963,0,0,2.29079,2.2384
10,2.09612,0.0633677,0.0633677,2.35842,2.30997
10,2.116,0.130785,0.130785,2.38564,2.33875
10,2.14366,0.219785,0.219785,2.42193,2.3771
10,2.19228,0.36459,0.36459,2.48137,2.44002
10,2.24,0.493971,0.493971,2.53434,2.49658
10,2.242,0.499142,0.499142,2.53644,2.49885
10,2.29285,0.624728,0.624728,2.58748,2.55387
10,2.34485,0.742499,0.742499,2.63505,2.60529
10,2.364,0.783453,0.783453,2.65146,2.62305
10,2.39803,0.853248,0.853248,2.67921,2.65314
10,2.45242,0.95773,0.95773,2.71992,2.69745
10,2.488,1.02181,1.02181,2.74417,2.72394
10,2.5,1.0428,1.0428,2.75193,2.73243
10,2.50804,1.05669,1.05669,2.75702,2.73798
10,2.56492,1.15091,1.15091,2.79036,2.77455
10,2.612,1.22367,1.22367,2.8146,2.80146
10,2.6231,1.24017,1.24017,2.81988,2.80733
10,2.68259,1.32479,1.32479,2.8455,2.83616
10,2.736,1.39567,1.39567,2.86479,2.85841
10,2.74343,1.40518,1.40518,2.8672,2.86123
10,2.80565,1.48169,1.48169,2.88496,2.88249
10,2.86,1.54424,1.54424,2.89707,2.89793
10,2.86929,1.55457,1.55457,2.89883,2.90028
10,2.93436,1.62406,1.62406,2.90888,2.91433
10,2.984,1.67392,1.67392,2.91396,2.92235
10,3,1.68944,1.68944,2.91516,2.92447
10,3.00092,1.69032,1.69032,2.91522,2.92458
10,3.06898,1.7535,1.7535,2.91803,2.93111
10,3.108,1.78776,1.78776,2.9181,2.93319
10,3.13858,1.81367,1.81367,2.91743,2.93404
10,3.20977,1.87091,1.87091,2.91361,2.93356
10,3.232,1.88795,1.88795,2.91181,2.93277
10,3.28256,1.92525,1.92525,2.90676,2.92994
10,3.356,1.97601,1.97601,2.89722,2.9235
10,3.35701,1.97669,1.97669,2.89707,2.9234
10,3.43315,2.02519,2.02519,2.88476,2.91406
10,3.48,2.05305,2.05305,2.87612,2.90713
10,3.5,2.0645,2.0645,2.87221,2.90393
10,3.51102,2.0707,2.0707,2.87,2.9021
10,3.59065,2.11314,2.11314,2.85298,2.88771
10,3.604,2.11986,2.11986,2.84996,2.8851
10,3.67208,2.1524,2.1524,2.83388,2.87106
10,3.728,2.17701,2.17701,2.8199,2.85865
10,3.75537,2.18838,2.18838,2.81284,2.85233
10,3.84054,2.22094,2.22094,2.79003,2.83168
10,3.852,2.225,2.225,2.78687,2.8288
10,3.92764,2.24998,2.24998,2.76556,2.80925
10,3.976,2.26431,2.26431,2.75155,2.79631
10,4,2.27096,2.27096,2.7445,2.78978
10,4.01672,2.27541,2.27541,2.73956,2.78518
10,4.1,2.29543,2.29543,2.7145,2.76181
10,4.10782,2.29713,2.29713,2.71211,2.75958
10,4.20099,2.31509,2.31509,2.68333,2.73256
10,4.224,2.31889,2.31889,2.67612,2.72578
10,4.29627,2.32928,2.32928,2.65327,2.70422
10,4.348,2.33531,2.33531,2.63674,2.68858
10,4.39371,2.3397,2.3397,2.62202,2.67463
10,4.472,2.34528,2.34528,2.59662,2.6505
10,4.49336,2.34641,2.34641,2.58965,2.64386
10,4.5,2.34672,2.34672,2.58748,2.6418
10,4.59527,2.34954,2.34954,2.55621,2.612
10,4.596,2.34955,2.34955,2.55597,2.61177
10,4.69949,2.34915,2.34915,2.52176,2.57909
10,4.72,2.34869,2.34869,2.51496,2.57258
10,4.80608,2.3455,2.3455,2.48635,2.54519
10,4.844,2.34349,2.34349,2.47373,2.53308
10,4.91508,2.33874,2.33874,2.45004,2.51035
10,4.968,2.33444,2.33444,2.43239,2.4934
10,5,2.33155,2.33155,2.42172,2.48314
10,5.02656,2.32902,2.32902,2.41286,2.47462
10,5.092,2.32223,2.32223,2.39104,2.45363
10,5.14056,2.31667,2.31667,2.37487,2.43805
10,5.216,2.30728,2.30728,2.34978,2.41387
10,5.25715,2.30184,2.30184,2.33612,2.40069
10,5.34,2.29017,2.29017,2.30869,2.37421
10,5.37639,2.28477,2.28477,2.29667,2.36259
10,5.464,2.27115,2.27115,2.26783,2.33471
10,5.49832,2.26561,2.26561,2.25657,2.32381
10,5.5,2.26534,2.26534,2.25602,2.32328
10,5.588,2.25065,2.25065,2.22728,2.29544
10,5.62303,2.24462,2.24462,2.21589,2.2844
10,5.712,2.22889,2.22889,2.1871,2.25648
10,5.75056,2.2219,2.2219,2.1747,2.24443
10,5.836,2.2061,2.2061,2.14739,2.21788
10,5.88098,2.19763,2.19763,2.13311,2.20398
10,5.96,2.1825,2.1825,2.10819,2.17971
10,6,2.17474,2.17474,2.09566,2.16751
10,6.01436,2.17193,2.17193,2.09118,2.16314
10,6.084,2.15823,2.15823,2.06957,2.14205
10,6.15077,2.14493,2.14493,2.04903,2.122
10,6.208,2.13341,2.13341,2.0316,2.10496
10,6.29027,2.11652,2.11652,2.0068,2.08069
10,6.332,2.10771,2.10771,1.99436,2.06849
10,6.43294,2.08556,2.08556,1.96464,2.03933
10,6.456,2.08034,2.08034,1.95793,2.03273
10,6.5,2.07022,2.07022,1.94522,2.02023
10,6.57884,2.05157,2.05157,1.92274,1.99807
10,6.58,2.05129,2.05129,1.92241,1.99774
10,6.704,2.02038,2.02038,1.88785,1.9636
10,6.72805,2.01416,2.01416,1.88126,1.95708
10,6.828,1.98758,1.98758,1.8543,1.93037
10,6.88064,1.97309,1.97309,1.84038,1.91656
10,6.952,1.95291,1.95291,1.82185,1.89813
10,7,1.93898,1.93898,1.80961,1.88592
10,7.0367,1.92814,1.92814,1.80038,1.87671
10,7.076,1.91633,1.91633,1.79062,1.86694
10,7.19629,1.87901,1.87901,1.76155,1.83773
10,7.2,1.87783,1.87783,1.76067,1.83685
10,7.324,1.83736,1.83736,1.73201,1.80791
10,7.3595,1.82541,1.82541,1.72404,1.79984
10,7.448,1.7949,1.7949,1.70466,1.78018
10,7.5,1.7765,1.7765,1.6936,1.76894
10,7.52642,1.76701,1.76701,1.68807,1.76331
10,7.572,1.75042,1.75042,1.67869,1.75374
10,7.696,1.70384,1.70384,1.65415,1.72858
10,7.69712,1.70341,1.70341,1.65393,1.72836
10,7.82,1.65519,1.65519,1.63101,1.70474
10,7.87169,1.63427,1.63427,1.62179,1.69522
10,7.944,1.6044,1.6044,1.6093,1.68232
10,8,1.58084,1.58084,1.59996,1.67265
10,8.05023,1.55929,1.55929,1.59184,1.66421
10,8.068,1.55158,1.55158,1.58902,1.66127
10,8.192,1.49671,1.49671,1.5702,1.64146
10,8.23281,1.47818,1.47818,1.56432,1.63524
10,8.316,1.43968,1.43968,1.5528,1.62308
10,8.41953,1.39065,1.39065,1.53935,1.60892
10,8.44,1.38076,1.38076,1.5368,1.60623
10,8.5,1.35148,1.35148,1.52956,1.59853
10,8.564,1.31994,1.31994,1.5222,1.59056
10,8.61049,1.29676,1.29676,1.51707,1.58497
10,8.688,1.25766,1.25766,1.50893,1.5761
10,8.80577,1.19717,1.19717,1.49743,1.56388
10,8.812,1.19394,1.19394,1.49684,1.56327
10,8.936,1.12892,1.12892,1.48502,1.55119
10,9,1.09489,1.09489,1.4786,1.54474
10,9.00549,1.09196,1.09196,1.47803,1.54417
10,9.06,1.06281,1.06281,1.47215,1.53844
10,9.184,0.996021,0.996021,1.45759,1.52437
10,9.20974,0.982082,0.982082,1.45445,1.52127
10,9.308,0.928791,0.928791,1.442,1.50903
10,9.41862,0.868726,0.868726,1.42704,1.49437
10,9.432,0.861459,0.861459,1.42516,1.49253
10,9.5,0.824482,0.824482,1.41536,1.48294
10,9.556,0.794094,0.794094,1.40696,1.47475
10,9.63223,0.753041,0.753041,1.39508,1.46318
10,9.68,0.727515,0.727515,1.38737,1.4557
10,9.804,0.6613,0.6613,1.36645,1.43553
10,9.8507,0.636444,0.636444,1.35824,1.42763
10,9.928,0.596188,0.596188,1.34426,1.41417
10,10,0.559727,0.559727,1.33082,1.40123
10,10.052,0.533277,0.533277,1.32086,1.39165
10,10.0741,0.521843,0.521843,1.31656,1.38751
10,10.176,0.469556,0.469556,1.29634,1.36802
10,10.3,0.409316,0.409316,1.27075,1.34338
10,10.3026,0.408057,0.408057,1.2702,1.34286
10,10.424,0.350073,0.350073,1.2442,1.31778
10,10.5,0.3148,0.3148,1.22748,1.30165
10,10.5363,0.298208,0.298208,1.21939,1.29384
10,10.548,0.292872,0.292872,1.21676,1.29129
10,10.672,0.237583,0.237583,1.18855,1.26399
10,10.7752,0.193053,0.193053,1.16454,1.24073
10,10.796,0.184245,0.184245,1.15966,1.23599
10,10.92,0.132718,0.132718,1.13022,1.20735
10,11,0.10053,0.10053,1.11096,1.1886
10,11.0196,0.0927674,0.0927674,1.10621,1.18399
10,11.044,0.0831782,0.0831782,1.10029,1.17823
10,11.168,0.0354685,0.0354685,1.06998,1.14892
10,11.2695,0,0,1.04492,1.12485
10,11.292,0,0,1.03936,1.11949
10,11.416,0,0,1.00849,1.08939
10,11.5,0,0,0.98742,1.06858
10,11.5251,0,0,0.981088,1.06232
10,11.54,0,0,0.977336,1.05861
10,11.664,0,0,0.94612,1.02767
10,11.7865,0,0,0.915857,0.997171
10,11.788,0,0,0.915493,0.996805
10,11.912,0,0,0.884293,0.966183
10,12,0,0,0.862029,0.944599
10,12.036,0,0,0.853001,0.935789
10,12.0538,0,0,0.848533,0.931422
10,12.16,0,0,0.822058,0.905461
10,12.284,0,0,0.791225,0.87527
10,12.3272,0,0,0.780451,0.864784
10,12.408,0,0,0.760344,0.845211
10,12.5,0,0,0.73754,0.8228
10,12.532,0,0,0.729624,0.81494
10,12.6068,0,0,0.711117,0.796387
10,12.656,0,0,0.69896,0.784238
10,12.78,0,0,0.668565,0.754325
10,12.8927,0,0,0.641407,0.727353
10,12.904,0,0,0.638727,0.724647
10,13,0,0,0.615755,0.701543
10,13.028,0,0,0.608929,0.694792
10,13.152,0,0,0.578049,0.665036
10,13.1852,0,0,0.569861,0.657157
10,13.276,0,0,0.547788,0.635718
10,13.4,0,0,0.517707,0.606567
10,13.4842,0,0,0.497453,0.586251
10,13.5,0,0,0.493692,0.582404
10,13.524,0,0,0.48799,0.576573
10,13.648,0,0,0.457992,0.547138
10,13.772,0,0,0.428125,0.518557
10,13.79,0,0,0.423816,0.514424
10,13.896,0,0,0.398461,0.489854
10,14,0,0,0.373604,0.465214
10,14.02,0,0,0.368849,0.460471
10,14.1028,0,0,0.349279,0.440904
10,14.144,0,0,0.339556,0.431181
10,14.268,0,0,0.310356,0.402079
10,14.392,0,0,0.280342,0.373485
10,14.4226,0,0,0.272904,0.366452
10,14.5,0,0,0.254702,0.348568
10,14.516,0,0,0.250964,0.344852
10,14.64,0,0,0.221659,0.316201
10,14.7497,0,0,0.195434,0.290345
10,14.764,0,0,0.192049,0.28707
10,14.888,0,0,0.16274,0.258702
10,15,0,0,0.136014,0.232305
10,15.012,0,0,0.133174,0.22943
10,15.0843,0,0,0.116078,0.212375
10,15.136,0,0,0.103796,0.200701
10,15.26,0,0,0.0743995,0.172194
10,15.384,0,0,0.0450261,0.143766
10,15.4264,0,0,0.035097,0.133824
10,15.5,0,0,0.0174931,0.116613
10,15.508,0,0,0.0155824,0.114787
10,15.632,0,0,0,0.0860139
10,15.756,0,0,0,0.0576549
10,15.7763,0,0,0,0.0529917
10,15.88,0,0,0,0.0289565
10,16,0,0,0,0.000992112
10,16.004,0,0,0,6.12021e-05
10,16.128,0,0,0,0
10,16.1341,0,0,0,0
10,16.252,0,0,0,0
10,16.376,0,0,0,0
10,16.5,0,0,0,0
11,1,0,0,0,0
11,1.02217,0,0,0,0
11,1.04483,0,0,0,0
11,1.06799,0,0,0,0
11,1.09167,0,0,0,0
11,1.11587,0,0,0,0
11,1.116,0,0,0,0
11,1.14061,0,0,0,0
11,1.16589,0,0,0,0
11,1.19174,0,0,0,0
11,1.21816,0,0,0,0
11,1.232,0,0,0,0
11,1.24516,0,0,0,0
11,1.27277,0,0,0,0
11,1.30098,0,0,0,0
11,1.32983,0,0,0,0
11,1.348,0,0,0,0
11,1.35931,0,0,0,0
11,1.38944,0,0,0,0
11,1.42024,0,0,0,0
11,1.45173,0,0,0,0
11,1.464,0,0,0,0
11,1.48391,0,0,0,0
11,1.5,0,0,0,0
11,1.51681,0,0,0,0
11,1.55043,0,0,0,0
11,1.58,0,0,0,0
11,1.5848,0,0,0,0
11,1.61994,0,0,0,0
11,1.65585,0,0,0,0
11,1.69256,0,0,0,0
11,1.696,0,0,0,0
11,1.73008,0,0,0,0
11,1.76843,0,0,0.299476,0
11,1.80764,0,0,0.64361,0.376535
11,1.812,0,0,0.675145,0.418416
11,1.84771,0,0,0.89927,0.703737
11,1.88867,0,0,1.10207,0.946231
11,1.928,0,0,1.26041,1.12773
11,1.93054,0,0,1.2697,1.13817
11,1.97334,0,0,1.41198,1.29599
11,2,0,0,1.48948,1.38057
11,2.01709,0,0,1.53546,1.43025
11,2.044,0,0,1.60282,1.50242
11,2.0618,0,0,1.64438,1.54651
11,2.10751,0.102074,0.102074,1.74205,1.6487
11,2.15423,0.252204,0.252204,1.83009,1.73996
11,2.16,0.269766,0.269766,1.84022,1.75045
11,2.20199,0.391757,0.391757,1.90986,1.8223
11,2.25081,0.521164,0.521164,1.98261,1.89712
11,2.276,0.583685,0.583685,2.01721,1.93259
11,2.3007,0.642334,0.642334,2.04943,1.96555
11,2.35171,0.756324,0.756324,2.11119,2.02848
11,2.392,0.840075,0.840075,2.15598,2.07392
11,2.40384,0.863742,0.863742,2.16854,2.08663
11,2.45713,0.965454,0.965454,2.22197,2.14058
11,2.5,1.04174,1.04174,2.26163,2.1805
11,2.508,1.05554,1.05554,2.26873,2.18763
11,2.51161,1.06171,1.06171,2.27191,2.19082
11,2.56729,1.15284,1.15284,2.3187,2.23773
11,2.624,1.24,1.24,2.36248,2.2815
11,2.6242,1.24029,1.24029,2.36263,2.28165
11,2.68237,1.32358,1.32358,2.40393,2.32284
11,2.74,1.40027,1.40027,2.44165,2.3604
11,2.74184,1.40263,1.40263,2.44281,2.36155
11,2.80262,1.47778,1.47778,2.47943,2.39795
11,2.856,1.53959,1.53959,2.50924,2.42755
11,2.86475,1.54939,1.54939,2.51393,2.4322
11,2.92826,1.61772,1.61772,2.54643,2.46444
11,2.972,1.66213,1.66213,2.56731,2.48516
11,2.99318,1.6829,1.6829,2.577,2.49478
11,3,1.68949,1.68949,2.58007,2.49783
11,3.05953,1.74507,1.74507,2.60574,2.52332
11,3.088,1.77046,1.77046,2.61733,2.53485
11,3.12736,1.80434,1.80434,2.63268,2.55012
11,3.19669,1.8608,1.8608,2.65787,2.57523
11,3.204,1.86651,1.86651,2.6604,2.57775
11,3.26756,1.91446,1.91446,2.68134,2.59868
11,3.32,1.95169,1.95169,2.69732,2.61466
11,3.34,1.96535,1.96535,2.70311,2.62046
11,3.41404,2.01344,2.01344,2.72319,2.64052
11,3.436,2.02697,2.02697,2.72874,2.64608
11,3.48973,2.05867,2.05867,2.74159,2.65896
11,3.5,2.06452,2.06452,2.74393,2.66131
11,3.552,2.09304,2.09304,2.75523,2.67272
11,3.56709,2.10098,2.10098,2.75834,2.67587
11,3.64617,2.14029,2.14029,2.77343,2.69135
11,3.668,2.15046,2.15046,2.77726,2.69532
11,3.727,2.17649,2.17649,2.78688,2.70543
11,3.784,2.19967,2.19967,2.79524,2.71432
11,3.80962,2.20947,2.20947,2.7987,2.71803
11,3.89408,2.23912,2.23912,2.80894,2.72898
11,3.9,2.24105,2.24105,2.80959,2.72968
11,3.9804,2.26535,2.26535,2.8176,2.73841
11,4,2.27075,2.27075,2.81933,2.74032
11,4.016,2.27501,2.27501,2.82068,2.74183
11,4.06865,2.28808,2.28808,2.82474,2.74638
11,4.132,2.30195,2.30195,2.8289,2.75107
11,4.15884,2.30723,2.30723,2.83043,2.75283
11,4.248,2.32234,2.32234,2.83456,2.75778
11,4.25104,2.32279,2.32279,2.83468,2.75792
11,4.34528,2.33474,2.33474,2.83757,2.76169
11,4.364,2.33666,2.33666,2.83799,2.76229
11,4.44161,2.34312,2.34312,2.83924,2.76428
11,4.48,2.34545,2.34545,2.83955,2.76497
11,4.5,2.34645,2.34645,2.83964,2.76526
11,4.54008,2.34801,2.34801,2.83969,2.76572
11,4.596,2.34926,2.34926,2.83949,2.76608
11,4.64072,2.34951,2.34951,2.8391,2.76614
11,4.712,2.34862,2.34862,2.83806,2.76584
11,4.7436,2.34776,2.34776,2.83746,2.76558
11,4.828,2.34413,2.34413,2.83545,2.76449
11,4.84876,2.34296,2.34296,2.83488,2.76414
11,4.944,2.3363,2.3363,2.83189,2.76218
11,4.95626,2.3353,2.3353,2.83146,2.76189
11,5,2.33146,2.33146,2.82986,2.76077
11,5.06,2.32556,2.32556,2.82751,2.75907
11,5.06613,2.32491,2.32491,2.82726,2.75889
11,5.176,2.31224,2.31224,2.82244,2.75531
11,5.17844,2.31194,2.31194,2.82233,2.75522
11,5.292,2.29688,2.29688,2.81656,2.75096
11,5.29324,2.29671,2.29671,2.81649,2.75091
11,5.408,2.27981,2.27981,2.80966,2.74587
11,5.41059,2.27941,2.27941,2.8095,2.74574
11,5.5,2.26521,2.26521,2.80346,2.74123
11,5.524,2.26127,2.26127,2.80173,2.73993
11,5.53053,2.26018,2.26018,2.80125,2.73957
11,5.64,2.2415,2.2415,2.79273,2.73315
11,5.65314,2.23919,2.23919,2.79164,2.73233
11,5.756,2.22073,2.22073,2.78266,2.72551
11,5.77846,2.21662,2.21662,2.78058,2.72394
11,5.872,2.19918,2.19918,2.7715,2.71702
11,5.90656,2.19262,2.19262,2.76796,2.71432
11,5.988,2.17694,2.17694,2.75921,2.70765
11,6,2.1746,2.1746,2.75788,2.70663
11,6.03751,2.16726,2.16726,2.75362,2.70338
11,6.104,2.15414,2.15414,2.74576,2.69739
11,6.17135,2.14068,2.14068,2.7374,2.69101
11,6.22,2.13084,2.13084,2.73109,2.6862
11,6.30816,2.11261,2.11261,2.71909,2.67705
11,6.336,2.10671,2.10671,2.71514,2.67405
11,6.44801,2.08208,2.08208,2.69844,2.66134
11,6.452,2.08118,2.08118,2.69782,2.66087
11,6.5,2.07013,2.07013,2.69024,2.65511
11,6.568,2.05405,2.05405,2.67906,2.64663
11,6.59095,2.04851,2.04851,2.67517,2.64368
11,6.684,2.02545,2.02545,2.65876,2.63126
11,6.73707,2.01184,2.01184,2.64894,2.62382
11,6.8,1.99522,1.99522,2.63683,2.61467
11,6.88642,1.97155,1.97155,2.61935,2.60149
11,6.916,1.96324,1.96324,2.61314,2.59681
11,7,1.93903,1.93903,2.59482,2.58303
11,7.032,1.92958,1.92958,2.58757,2.57758
11,7.03908,1.92747,1.92747,2.58594,2.57636
11,7.148,1.89425,1.89425,2.55999,2.5569
11,7.19513,1.87941,1.87941,2.54818,2.54806
11,7.264,1.85723,1.85723,2.53027,2.53466
11,7.35464,1.8271,1.8271,2.50545,2.51613
11,7.38,1.81848,1.81848,2.49824,2.51075
11,7.496,1.77799,1.77799,2.46375,2.48507
11,7.5,1.77656,1.77656,2.46251,2.48415
11,7.51769,1.77022,1.77022,2.45701,2.48006
11,7.612,1.73572,1.73572,2.42662,2.4575
11,7.68434,1.70845,1.70845,2.40205,2.43929
11,7.728,1.69166,1.69166,2.38667,2.4279
11,7.844,1.6458,1.6458,2.34372,2.39616
11,7.8547,1.64148,1.64148,2.3396,2.39312
11,7.96,1.59811,1.59811,2.29755,2.36212
11,8,1.58124,1.58124,2.28086,2.34982
11,8.02883,1.56895,1.56895,2.26858,2.34077
11,8.076,1.54858,1.54858,2.248,2.32563
11,8.192,1.49724,1.49724,2.19483,2.28658
11,8.20682,1.49056,1.49056,2.18778,2.2814
11,8.308,1.44421,1.44421,2.13788,2.24482
11,8.38875,1.40634,1.40634,2.09594,2.21408
11,8.424,1.38957,1.38957,2.07703,2.20023
11,8.5,1.3529,1.3529,2.03497,2.16942
11,8.54,1.33334,1.33334,2.01212,2.15268
11,8.57472,1.31622,1.31622,1.9919,2.13784
11,8.656,1.27564,1.27564,1.94319,2.10195
11,8.76481,1.22031,1.22031,1.87498,2.05097
11,8.772,1.21661,1.21661,1.87036,2.04748
11,8.888,1.15642,1.15642,1.7939,1.98899
11,8.95912,1.11901,1.11901,1.74503,1.95107
11,9,1.09735,1.09735,1.71626,1.92854
11,9.004,1.09523,1.09523,1.71342,1.92631
11,9.12,1.03324,1.03324,1.62912,1.85963
11,9.15773,1.01294,1.01294,1.60117,1.83729
11,9.236,0.970689,0.970689,1.54271,1.79074
11,9.352,0.907834,0.907834,1.45544,1.72024
11,9.36075,0.903089,0.903089,1.44884,1.71467
11,9.468,0.844935,0.844935,1.36807,1.64296
11,9.5,0.827614,0.827614,1.3442,1.62154
11,9.56827,0.790733,0.790733,1.29402,1.57597
11,9.584,0.782252,0.782252,1.28265,1.56525
11,9.7,0.720054,0.720054,1.20085,1.48399
11,9.78039,0.677374,0.677374,1.14688,1.4276
11,9.816,0.658584,0.658584,1.12387,1.40236
11,9.932,0.598067,0.598067,1.05287,1.32155
11,9.99721,0.564543,0.564543,1.01554,1.27707
11,10,0.563116,0.563116,1.01398,1.27516
11,10.048,0.538691,0.538691,0.987578,1.24271
11,10.164,0.480608,0.480608,0.92781,1.16799
11,10.2188,0.453646,0.453646,0.901395,1.13423
11,10.28,0.423954,0.423954,0.872893,1.09773
11,10.396,0.368764,0.368764,0.82282,1.03358
11,10.4454,0.345812,0.345812,0.802826,1.00757
11,10.5,0.320852,0.320852,0.781557,0.980071
11,10.512,0.315431,0.315431,0.776976,0.974342
11,10.628,0.26388,0.26388,0.733798,0.921843
11,10.6769,0.242244,0.242244,0.716354,0.900552
11,10.744,0.212842,0.212842,0.693076,0.872929
11,10.86,0.163562,0.163562,0.655642,0.828018
11,10.9136,0.141344,0.141344,0.639306,0.808586
11,10.976,0.115919,0.115919,0.620966,0.786993
11,11,0.10627,0.10627,0.61399,0.778938
11,11.092,0.069954,0.069954,0.587545,0.749177
11,11.1556,0.045436,0.045436,0.57005,0.729627
11,11.208,0.0255387,0.0255387,0.555871,0.714059
11,11.324,0,0,0.525826,0.68133
11,11.4029,0,0,0.505993,0.660318
11,11.44,0,0,0.496874,0.6507
11,11.5,0,0,0.482412,0.635568
11,11.556,0,0,0.469167,0.621884
11,11.6557,0,0,0.446141,0.598404
11,11.672,0,0,0.442426,0.594659
11,11.788,0,0,0.416493,0.568792
11,11.904,0,0,0.391248,0.544052
11,11.9141,0,0,0.389085,0.541954
11,12,0,0,0.370539,0.524302
11,12.02,0,0,0.366314,0.520263
11,12.136,0,0,0.342379,0.49732
11,12.1782,0,0,0.333583,0.489205
11,12.252,0,0,0.318441,0.475288
11,12.368,0,0,0.295169,0.453513
11,12.4482,0,0,0.279212,0.43855
11,12.484,0,0,0.27208,0.431964
11,12.5,0,0,0.268891,0.429038
11,12.6,0,0,0.249008,0.410848
11,12.716,0,0,0.226073,0.390178
11,12.7241,0,0,0.224472,0.388769
11,12.832,0,0,0.203385,0.369906
11,12.948,0,0,0.1808,0.349599
11,13,0,0,0.170706,0.340566
11,13.0062,0,0,0.169503,0.339491
11,13.064,0,0,0.15831,0.329497
11,13.18,0,0,0.135873,0.309844
11,13.2945,0,0,0.113781,0.290327
11,13.296,0,0,0.113498,0.29007
11,13.412,0,0,0.0910791,0.270238
11,13.5,0,0,0.0741611,0.255199
11,13.528,0,0,0.0688183,0.25038
11,13.5893,0,0,0.0570923,0.239958
11,13.644,0,0,0.0465776,0.230679
11,13.76,0,0,0.0241883,0.211005
11,13.876,0,0,0.00183231,0.191419
11,13.8905,0,0,0,0.188962
11,13.992,0,0,0,0.171754
11,14,0,0,0,0.170397
11,14.108,0,0,0,0.152074
11,14.1985,0,0,0,0.136742
11,14.224,0,0,0,0.132463
11,14.34,0,0,0,0.112701
11,14.456,0,0,0,0.0929743
11,14.5,0,0,0,0.0855081
11,14.5132,0,0,0,0.0832591
11,14.572,0,0,0,0.0732336
11,14.688,0,0,0,0.053382
11,14.804,0,0,0,0.0335087
11,14.835,0,0,0,0.0281957
11,14.92,0,0,0,0.0136047
11,15,0,0,0,0
11,15.036,0,0,0,0
11,15.152,0,0,0,0
11,15.1638,0,0,0,0
11,15.268,0,0,0,0
11,15.384,0,0,0,0
11,15.5,0,0,0,0
12,1,0,0,0,0
12,1.02339,0,0,0,0
12,1.04733,0,0,0,0
12,1.07183,0,0,0,0
12,1.0969,0,0,0,0
12,1.12256,0,0,0,0
12,1.136,0,0,0,0
12,1.14882,0,0,0,0
12,1.1757,0,0,0,0
12,1.2032,0,0,0,0
12,1.23134,0,0,0,0
12,1.26015,0,0,0,0
12,1.272,0,0,0,0
12,1.28963,0,0,0,0
12,1.31979,0,0,0,0
12,1.35067,0,0,0,0
12,1.38226,0,0,0,0
12,1.408,0,0,0,0
12,1.4146,0,0,0,0
12,1.44769,0,0,0,0
12,1.48155,0,0,0,0
12,1.5,0,0,0,0
12,1.51621,0,0,0,0
12,1.544,0,0,0,0
12,1.55168,0,0,0,0
12,1.58797,0,0,0,0
12,1.62512,0,0,0,0
12,1.66314,0,0,0,0
12,1.68,0,0,0,0
12,1.70204,0,0,0,0
12,1.74186,0,0,0,0
12,1.7826,0,0,0,0
12,1.816,0,0,0,0
12,1.8243,0,0,0,0
12,1.86698,0,0,0,0
12,1.91065,0,0,0,0
12,1.952,0,0,0,0
12,1.95534,0,0,0,0
12,2,0,0,0,0
12,2.00108,0,0,0,0
12,2.04789,0,0,0,0
12,2.088,0.0349589,0.0349589,0,0
12,2.0958,0.0622621,0.0622621,0,0
12,2.14483,0.223417,0.223417,0,0
12,2.195,0.372289,0.372289,0,0
12,2.224,0.451882,0.451882,0,0
12,2.24634,0.510318,0.510318,0,0
12,2.29889,0.638939,0.638939,0,0
12,2.35267,0.759372,0.759372,0,0
12,2.36,0.775006,0.775006,0,0
12,2.4077,0.872427,0.872427,0,0
12,2.46402,0.978969,0.978969,0,0
12,2.496,1.03582,1.03582,0,0
12,2.5,1.04278,1.04278,0,0
12,2.52166,1.07992,1.07992,0,0
12,2.58065,1.17586,1.17586,0,0
12,2.632,1.25347,1.25347,0,0
12,2.64102,1.26657,1.26657,0,0
12,2.7028,1.35242,1.35242,0,0
12,2.76602,1.43391,1.43391,0,0
12,2.768,1.43636,1.43636,0,0
12,2.83073,1.51136,1.51136,0,0
12,2.89695,1.58504,1.58504,0,0
12,2.904,1.59258,1.59258,0,0
12,2.96471,1.65519,1.65519,0,0
12,3,1.68977,1.68977,0,0
12,3.03406,1.72197,1.72197,0,0
12,3.04,1.72746,1.72746,0,0
12,3.10504,1.7855,1.7855,0,0
12,3.176,1.84455,1.84455,0,0
12,3.17767,1.84589,1.84589,0,0
12,3.252,1.90317,1.90317,0,0
12,3.312,1.94627,1.94627,0,0
12,3.32808,1.95736,1.95736,0,0
12,3.40593,2.00845,2.00845,0,0
12,3.448,2.03428,2.03428,0,0
12,3.4856,2.05636,2.05636,0,0
12,3.5,2.06456,2.06456,0,0
12,3.56714,2.10102,2.10102,0,0
12,3.584,2.10972,2.10972,0,0
12,3.65058,2.14234,2.14234,0,0
12,3.72,2.17345,2.17345,0,0
12,3.73598,2.1802,2.1802,0,0
12,3.82337,2.21447,2.21447,0,0
12,3.856,2.22614,2.22614,0,0
12,3.91281,2.24503,2.24503,0,0
12,3.992,2.26843,2.26843,0,0
12,4,2.2706,2.2706,0,0
12,4.00434,2.27177,2.27177,0,0
12,4.09801,2.2946,2.2946,0,0
12,4.128,2.30097,2.30097,0,0
12,4.19387,2.31345,2.31345,0,0
12,4.264,2.32451,2.32451,0,0
12,4.29198,2.32831,2.32831,0,0
12,4.39238,2.3392,2.3392,0.342699,0
12,4.4,2.33986,2.33986,0.376588,0
12,4.49512,2.34618,2.34618,0.725007,0.429025
12,4.5,2.34641,2.34641,0.739934,0.450128
12,4.536,2.34787,2.34787,0.843415,0.59383
12,4.60028,2.34936,2.34936,1.0035,0.808169
12,4.672,2.34943,2.34943,1.15356,1.00151
12,4.70789,2.34887,2.34887,1.21972,1.08483
12,4.808,2.34541,2.34541,1.37982,1.28226
12,4.81802,2.34491,2.34491,1.39417,1.29965
12,4.93072,2.33767,2.33767,1.53814,1.47281
12,4.944,2.33663,2.33663,1.55324,1.49083
12,5,2.33181,2.33181,1.61318,1.56216
12,5.04606,2.32737,2.32737,1.65868,1.61568
12,5.08,2.32385,2.32385,1.69023,1.65242
12,5.1641,2.31424,2.31424,1.761,1.73475
12,5.216,2.30774,2.30774,1.79972,1.77992
12,5.2849,2.29851,2.29851,1.84585,1.83397
12,5.352,2.28891,2.28891,1.88542,1.8806
12,5.40853,2.2804,2.2804,1.91493,1.91566
12,5.488,2.26786,2.26786,1.95096,1.95885
12,5.5,2.26591,2.26591,1.95587,1.96478
12,5.53505,2.26014,2.26014,1.96945,1.98124
12,5.624,2.24503,2.24503,1.99904,2.01759
12,5.66453,2.23794,2.23794,2.01033,2.03169
12,5.76,2.22077,2.22077,2.03192,2.0593
12,5.79703,2.21395,2.21395,2.03851,2.068
12,5.896,2.19535,2.19535,2.05172,2.08625
12,5.93264,2.18834,2.18834,2.05509,2.09128
12,6,2.17531,2.17531,2.05935,2.09827
12,6.032,2.16906,2.16906,2.06056,2.10063
12,6.07142,2.16132,2.16132,2.06136,2.10276
12,6.168,2.14208,2.14208,2.06037,2.1046
12,6.21344,2.13288,2.13288,2.0586,2.10394
12,6.304,2.11418,2.11418,2.05286,2.10006
12,6.35879,2.10256,2.10256,2.0481,2.09623
12,6.44,2.08475,2.08475,2.03947,2.08871
12,6.5,2.07104,2.07104,2.03201,2.08191
12,6.50754,2.06928,2.06928,2.03102,2.08099
12,6.576,2.05299,2.05299,2.02138,2.07198
12,6.65976,2.03236,2.03236,2.00829,2.05949
12,6.712,2.01908,2.01908,1.99948,2.05098
12,6.81555,1.9917,1.9917,1.98068,2.03264
12,6.848,1.98286,1.98286,1.97446,2.02653
12,6.97498,1.94708,1.94708,1.94876,2.00115
12,6.984,1.94446,1.94446,1.94685,1.99926
12,7,1.9398,1.9398,1.94345,1.99589
12,7.12,1.90378,1.90378,1.91703,1.96961
12,7.13814,1.89817,1.89817,1.91291,1.9655
12,7.256,1.86074,1.86074,1.88529,1.93793
12,7.30512,1.84461,1.84461,1.87339,1.92603
12,7.392,1.81531,1.81531,1.85182,1.90445
12,7.47601,1.78603,1.78603,1.83036,1.88295
12,7.5,1.77749,1.77749,1.82413,1.8767
12,7.528,1.76744,1.76744,1.81679,1.86935
12,7.65089,1.72208,1.72208,1.78387,1.83634
12,7.664,1.71712,1.71712,1.78029,1.83275
12,7.8,1.66432,1.66432,1.74241,1.79475
12,7.82986,1.65239,1.65239,1.73392,1.78622
12,7.936,1.60901,1.60901,1.7032,1.7554
12,8,1.58213,1.58213,1.6843,1.73642
12,8.01302,1.5766,1.5766,1.68042,1.73253
12,8.072,1.55124,1.55124,1.66271,1.71474
12,8.20046,1.49442,1.49442,1.62332,1.67519
12,8.208,1.49102,1.49102,1.62098,1.67283
12,8.344,1.42844,1.42844,1.57801,1.6297
12,8.39229,1.40567,1.40567,1.56247,1.6141
12,8.48,1.36361,1.36361,1.53387,1.58538
12,8.5,1.3539,1.3539,1.52728,1.57877
12,8.58861,1.31033,1.31033,1.49778,1.54916
12,8.616,1.29669,1.29669,1.48856,1.53992
12,8.752,1.22792,1.22792,1.44214,1.49335
12,8.78952,1.20866,1.20866,1.42915,1.48031
12,8.888,1.15761,1.15761,1.39467,1.44572
12,8.99512,1.10144,1.10144,1.35652,1.40749
12,9,1.09887,1.09887,1.35477,1.40574
12,9.024,1.0862,1.0862,1.34614,1.39709
12,9.16,1.01412,1.01412,1.29673,1.34754
12,9.20554,0.989871,0.989871,1.28,1.33076
12,9.296,0.94175,0.94175,1.24646,1.29715
12,9.42088,0.875598,0.875598,1.1996,1.25014
12,9.432,0.869722,0.869722,1.1954,1.24593
12,9.5,0.833817,0.833817,1.16974,1.22003
12,9.568,0.797863,0.797863,1.14396,1.19396
12,9.64126,0.759038,0.759038,1.11596,1.16572
12,9.704,0.725733,0.725733,1.09182,1.14142
12,9.84,0.653713,0.653713,1.03966,1.0885
12,9.86679,0.639594,0.639594,1.02947,1.07805
12,9.976,0.582435,0.582435,0.987743,1.03541
12,10,0.56997,0.56997,0.978447,1.02604
12,10.0976,0.519752,0.519752,0.940794,0.987994
12,10.112,0.512413,0.512413,0.935343,0.98239
12,10.248,0.444123,0.444123,0.884414,0.92969
12,10.3338,0.40207,0.40207,0.852144,0.896738
12,10.384,0.377873,0.377873,0.833581,0.877613
12,10.5,0.323069,0.323069,0.791605,0.833913
12,10.52,0.313794,0.313794,0.784488,0.826458
12,10.5755,0.288292,0.288292,0.764851,0.805908
12,10.656,0.252043,0.252043,0.73663,0.776554
12,10.792,0.192555,0.192555,0.690566,0.72816
12,10.8229,0.179366,0.179366,0.680404,0.71741
12,10.928,0.135439,0.135439,0.646628,0.681629
12,11,0.106044,0.106044,0.624184,0.657828
12,11.064,0.080497,0.080497,0.604779,0.637243
12,11.0761,0.0757289,0.0757289,0.601179,0.633413
12,11.2,0.0278344,0.0278344,0.565482,0.595235
12,11.3352,0,0,0.528865,0.555803
12,11.336,0,0,0.528653,0.555575
12,11.472,0,0,0.494065,0.518606
12,11.5,0,0,0.487389,0.511417
12,11.6003,0,0,0.464427,0.486732
12,11.608,0,0,0.462724,0.484906
12,11.744,0,0,0.433614,0.453288
12,11.8717,0,0,0.408456,0.425159
12,11.88,0,0,0.406892,0.423424
12,12,0,0,0.385231,0.400214
12,12.016,0,0,0.382474,0.39734
12,12.1494,0,0,0.360629,0.374029
12,12.152,0,0,0.360225,0.373586
12,12.288,0,0,0.340092,0.351359
12,12.424,0,0,0.32171,0.331451
12,12.4336,0,0,0.320474,0.330114
12,12.5,0,0,0.312224,0.321127
12,12.56,0,0,0.304966,0.313316
12,12.696,0,0,0.28971,0.296704
12,12.7245,0,0,0.286674,0.293466
12,12.832,0,0,0.275747,0.281889
12,12.968,0,0,0.263077,0.268326
12,13,0,0,0.260205,0.265286
12,13.0221,0,0,0.258274,0.263216
12,13.104,0,0,0.251476,0.255809
12,13.24,0,0,0.240644,0.244554
12,13.3267,0,0,0.234309,0.237816
12,13.376,0,0,0.23078,0.234023
12,13.5,0,0,0.222281,0.224402
12,13.512,0,0,0.221495,0.22349
12,13.6385,0,0,0.213483,0.215313
12,13.648,0,0,0.212887,0.214773
12,13.784,0,0,0.2047,0.206887
12,13.92,0,0,0.196781,0.199161
12,13.9575,0,0,0.194596,0.197132
12,14,0,0,0.192441,0.194895
12,14.056,0,0,0.189717,0.192018
12,14.192,0,0,0.182472,0.185046
12,14.284,0,0,0.178274,0.180296
12,14.328,0,0,0.175606,0.178107
12,14.464,0,0,0.169224,0.172234
12,14.5,0,0,0.167241,0.170605
12,14.6,0,0,0.162111,0.165003
12,14.6182,0,0,0.161249,0.163992
12,14.736,0,0,0.155566,0.158064
12,14.872,0,0,0.149131,0.152525
12,14.9601,0,0,0.144969,0.148522
12,15,0,0,0.143091,0.146455
12,15.008,0,0,0.142715,0.146038
12,15.144,0,0,0.136317,0.139402
12,15.28,0,0,0.129568,0.133352
12,15.3101,0,0,0.128129,0.131942
12,15.416,0,0,0.123218,0.126725
12,15.5,0,0,0.119308,0.123371
12,15.552,0,0,0.116869,0.121471
12,15.6682,0,0,0.111085,0.116743
12,15.688,0,0,0.110211,0.115879
12,15.824,0,0,0.103848,0.109714
12,15.96,0,0,0.097233,0.103791
12,16,0,0,0.0952781,0.101982
12,16.0347,0,0,0.0935801,0.10042
12,16.096,0,0,0.0905557,0.0978031
12,16.232,0,0,0.083872,0.0910936
12,16.368,0,0,0.0770048,0.0838266
12,16.4098,0,0,0.0748846,0.0816973
12,16.5,0,0,0.0702934,0.0772968
12,16.504,0,0,0.0700894,0.0771079
12,16.64,0,0,0.0631006,0.0707563
12,16.776,0,0,0.0561436,0.0646053
12,16.7937,0,0,0.0552114,0.0637208
12,16.912,0,0,0.0489683,0.0571624
12,17,0,0,0.0442788,0.0525483
12,17.048,0,0,0.0417116,0.0502048
12,17.184,0,0,0.0343956,0.0436403
12,17.1865,0,0,0.0342589,0.043514
12,17.32,0,0,0.0270042,0.036206
12,17.456,0,0,0.0195354,0.0286121
12,17.5,0,0,0.0171026,0.026762
12,17.5886,0,0,0.012182,0.0227716
12,17.592,0,0,0.0119903,0.0226013
12,17.728,0,0,0.00437227,0.0149852
12,17.864,0,0,0,0.00785131
12,18,0,0,0,0.000170166
13,1,0,0,0,0
13,1.02362,0,0,0,0
13,1.04779,0,0,0,0
13,1.07254,0,0,0,0
13,1.09787,0,0,0,0
13,1.12379,0,0,0,0
13,1.14,0,0,0,0
13,1.15033,0,0,0,0
13,1.1775,0,0,0,0
13,1.20531,0,0,0,0
13,1.23378,0,0,0,0
13,1.26291,0,0,0,0
13,1.28,0,0,0,0
13,1.29274,0,0,0,0
13,1.32327,0,0,0,0
13,1.35452,0,0,0,0
13,1.38651,0,0,0,0
13,1.41926,0,0,0,0
13,1.42,0,0,0,0
13,1.45277,0,0,0,0
13,1.48708,0,0,0,0
13,1.5,0,0,0,0
13,1.5222,0,0,0,0
13,1.55815,0,0,0,0
13,1.56,0,0,0,0
13,1.59495,0,0,0,0
13,1.63262,0,0,0,0
13,1.67118,0,0,0,0
13,1.7,0,0,0,0
13,1.71064,0,0,0,0
13,1.75104,0,0,0,0
13,1.7924,0,0,0,0
13,1.83473,0,0,0,0
13,1.84,0,0,0,0
13,1.87806,0,0,0,0
13,1.92241,0,0,0,0
13,1.96781,0,0,0,0
13,1.98,0,0,0,0
13,2,0,0,0,0
13,2.01429,0,0,0,0
13,2.06186,0,0,0,0
13,2.11055,0.112287,0.112287,0,0
13,2.12,0.143636,0.143636,0,0
13,2.1604,0.270964,0.270964,0,0
13,2.21142,0.417708,0.417708,0,0
13,2.26,0.5443,0.5443,0,0
13,2.26364,0.553368,0.553368,0,0
13,2.3171,0.679947,0.679947,0,0
13,2.37183,0.798831,0.798831,0,0
13,2.4,0.856102,0.856102,0,0
13,2.42784,0.910566,0.910566,0,0
13,2.48518,1.01579,1.01579,0,0
13,2.5,1.04173,1.04173,0,0.00252051
13,2.54,1.10906,1.10906,0,0.0730605
13,2.54387,1.11536,1.11536,0,0.079839
13,2.60395,1.20984,1.20984,0.0254758,0.184019
13,2.66544,1.29997,1.29997,0.12894,0.288632
13,2.68,1.32029,1.32029,0.153142,0.313105
13,2.72839,1.38525,1.38525,0.232902,0.393677
13,2.79283,1.46604,1.46604,0.337439,0.499033
13,2.82,1.49835,1.49835,0.380838,0.542792
13,2.85879,1.54277,1.54277,0.442033,0.604598
13,2.9263,1.6157,1.6157,0.547107,0.710298
13,2.96,1.65016,1.65016,0.598891,0.762137
13,2.99541,1.68506,1.68506,0.652527,0.815941
13,3,1.68949,1.68949,0.659404,0.822862
13,3.06615,1.75103,1.75103,0.757228,0.921343
13,3.1,1.78092,1.78092,0.806717,0.970768
13,3.13857,1.81373,1.81373,0.862579,1.02627
13,3.21269,1.87325,1.87325,0.967325,1.1304
13,3.24,1.89406,1.89406,1.00508,1.16787
13,3.28856,1.92963,1.92963,1.0713,1.23327
13,3.36623,1.98285,1.98285,1.17463,1.33435
13,3.38,1.99183,1.99183,1.19255,1.35181
13,3.44573,2.03289,2.03289,1.2756,1.43307
13,3.5,2.06458,2.06458,1.34175,1.49738
13,3.52,2.07576,2.07576,1.36604,1.52041
13,3.5271,2.07967,2.07967,1.37467,1.5285
13,3.6104,2.12311,2.12311,1.47135,1.61967
13,3.66,2.1469,2.1469,1.5252,1.67045
13,3.69567,2.16308,2.16308,1.56277,1.70526
13,3.78295,2.19945,2.19945,1.64943,1.78386
13,3.8,2.20603,2.20603,1.66536,1.79807
13,3.87229,2.23208,2.23208,1.72919,1.85395
13,3.94,2.25382,2.25382,1.78363,1.89955
13,3.96374,2.26085,2.26085,1.8013,1.91393
13,4,2.27101,2.27101,1.82678,1.93426
13,4.05735,2.28567,2.28567,1.86339,1.96233
13,4.08,2.291,2.291,1.87664,1.972
13,4.15317,2.30646,2.30646,1.91441,1.99779
13,4.22,2.3183,2.3183,1.94192,2.01412
13,4.25126,2.32313,2.32313,1.95253,2.0194
13,4.35166,2.33573,2.33573,1.97691,2.02653
13,4.36,2.33659,2.33659,1.97827,2.02646
13,4.45443,2.34429,2.34429,1.98674,2.01894
13,4.5,2.34676,2.34676,1.98643,2.01109
13,4.55963,2.34887,2.34887,1.98195,1.99693
13,4.64,2.34982,2.34982,1.96893,1.9714
13,4.66731,2.34968,2.34968,1.96281,1.96117
13,4.77754,2.34682,2.34682,1.93021,1.91278
13,4.78,2.34672,2.34672,1.92935,1.91159
13,4.89037,2.34057,2.34057,1.88523,1.85328
13,4.92,2.33844,2.33844,1.87173,1.83629
13,5,2.33174,2.33174,1.83233,1.78812
13,5.00586,2.33119,2.33119,1.82928,1.78447
13,5.06,2.32581,2.32581,1.80023,1.7502
13,5.12408,2.31874,2.31874,1.76392,1.7084
13,5.2,2.30956,2.30956,1.71864,1.65753
13,5.2451,2.30368,2.30368,1.69078,1.62687
13,5.34,2.29036,2.29036,1.63032,1.56178
13,5.36897,2.28607,2.28607,1.61147,1.54185
13,5.48,2.26882,2.26882,1.53819,1.46533
13,5.49577,2.26627,2.26627,1.52766,1.45449
13,5.5,2.26558,2.26558,1.52482,1.45158
13,5.62,2.24537,2.24537,1.44426,1.36981
13,5.62556,2.24441,2.24441,1.44053,1.36605
13,5.75842,2.2207,2.2207,1.3518,1.27572
13,5.76,2.22041,2.22041,1.35075,1.27465
13,5.89441,2.19532,2.19532,1.26247,1.18628
13,5.9,2.19426,2.19426,1.25884,1.18271
13,6,2.17498,2.17498,1.19415,1.11864
13,6.03362,2.1684,2.1684,1.17288,1.09726
13,6.04,2.16715,2.16715,1.1689,1.09323
13,6.17611,2.14009,2.14009,1.08565,1.01136
13,6.18,2.1393,2.1393,1.08328,1.0091
13,6.32,2.11046,2.11046,1.00193,0.927846
13,6.32197,2.11004,2.11004,1.00081,0.926711
13,6.46,2.07965,2.07965,0.924232,0.849573
13,6.47128,2.07707,2.07707,0.918221,0.843591
13,6.5,2.07043,2.07043,0.903073,0.828555
13,6.6,2.04663,2.04663,0.851732,0.778217
13,6.62411,2.04072,2.04072,0.839625,0.766611
13,6.74,2.01127,2.01127,0.783332,0.713454
13,6.78055,2.00057,2.00057,0.764567,0.695757
13,6.88,1.97349,1.97349,0.720101,0.654315
13,6.94068,1.95638,1.95638,0.694008,0.630346
13,7,1.93921,1.93921,0.669513,0.607823
13,7.02,1.93332,1.93332,0.661467,0.600432
13,7.1046,1.90786,1.90786,0.628472,0.570255
13,7.16,1.8907,1.8907,0.607713,0.551505
13,7.27238,1.85468,1.85468,0.567963,0.515904
13,7.3,1.84558,1.84558,0.558678,0.507612
13,7.44,1.79793,1.79793,0.514262,0.468331
13,7.44413,1.79649,1.79649,0.513018,0.46724
13,7.5,1.77673,1.77673,0.496583,0.452847
13,7.58,1.74772,1.74772,0.474303,0.433451
13,7.61994,1.73291,1.73291,0.463725,0.424308
13,7.72,1.6949,1.6949,0.43874,0.40292
13,7.7999,1.66357,1.66357,0.420354,0.387515
13,7.86,1.63943,1.63943,0.407428,0.376974
13,7.98411,1.58803,1.58803,0.38313,0.35791
13,8,1.5813,1.5813,0.380244,0.35569
13,8.14,1.5206,1.5206,0.356934,0.337867
13,8.17266,1.50608,1.50608,0.35205,0.334154
13,8.28,1.45739,1.45739,0.337448,0.323146
13,8.36568,1.4175,1.4175,0.327337,0.315673
13,8.42,1.39174,1.39174,0.321601,0.31162
13,8.5,1.3532,1.3532,0.314088,0.306665
13,8.56,1.32381,1.32381,0.309192,0.303766
13,8.56325,1.32221,1.32221,0.308945,0.30363
13,8.7,1.25377,1.25377,0.300153,0.299815
13,8.76548,1.22037,1.22037,0.29703,0.299154
13,8.84,1.18187,1.18187,0.29429,0.298946
13,8.97249,1.11228,1.11228,0.291539,0.29966
13,8.98,1.10831,1.10831,0.291463,0.299766
13,9,1.0977,1.0977,0.291298,0.30009
13,9.12,1.03346,1.03346,0.291514,0.303421
13,9.18439,0.998685,0.998685,0.292469,0.30611
13,9.26,0.957812,0.957812,0.29432,0.309953
13,9.4,0.882045,0.882045,0.299729,0.319062
13,9.4013,0.881343,0.881343,0.299791,0.319161
13,9.5,0.828317,0.828317,0.305093,0.327457
13,9.54,0.806971,0.806971,0.307572,0.331222
13,9.62333,0.762569,0.762569,0.313319,0.339552
13,9.68,0.732364,0.732364,0.31766,0.345507
13,9.82,0.657169,0.657169,0.329917,0.361271
13,9.8506,0.640784,0.640784,0.332881,0.364964
13,9.96,0.582907,0.582907,0.344282,0.378891
13,10,0.562099,0.562099,0.34875,0.384239
13,10.0832,0.519448,0.519448,0.358524,0.395771
13,10.1,0.51095,0.51095,0.360567,0.398157
13,10.24,0.441019,0.441019,0.378545,0.41925
13,10.3214,0.401328,0.401328,0.389739,0.432533
13,10.38,0.373281,0.373281,0.398151,0.442403
13,10.5,0.317241,0.317241,0.416244,0.462946
13,10.52,0.308037,0.308037,0.41937,0.466407
13,10.5651,0.287379,0.287379,0.426528,0.474314
13,10.66,0.244497,0.244497,0.442015,0.491438
13,10.8,0.183514,0.183514,0.465835,0.517862
13,10.8146,0.177291,0.177291,0.468387,0.52067
13,10.94,0.125364,0.125364,0.490749,0.544952
13,11,0.101306,0.101306,0.501766,0.556913
13,11.07,0.0737656,0.0737656,0.514874,0.57129
13,11.08,0.0699008,0.0699008,0.516757,0.573372
13,11.22,0.0166215,0.0166215,0.543699,0.602292
13,11.3315,0,0,0.564797,0.623288
13,11.36,0,0,0.569668,0.628056
13,11.5,0,0,0.58655,0.64591
13,11.5,0,0,0.58655,0.64591
13,11.5991,0,0,0.591396,0.652014
13,11.64,0,0,0.592025,0.652919
13,11.78,0,0,0.588798,0.651343
13,11.873,0,0,0.582121,0.646454
13,11.92,0,0,0.577407,0.642769
13,12,0,0,0.56732,0.634535
13,12.06,0,0,0.558059,0.626665
13,12.1534,0,0,0.540758,0.611817
13,12.2,0,0,0.53084,0.603243
13,12.34,0,0,0.495899,0.572509
13,12.4405,0,0,0.466302,0.546325
13,12.48,0,0,0.453652,0.534975
13,12.5,0,0,0.447041,0.529006
13,12.62,0,0,0.40446,0.490534
13,12.7343,0,0,0.359416,0.449712
13,12.76,0,0,0.348693,0.439963
13,12.9,0,0,0.286048,0.383352
13,13,0,0,0.237085,0.339234
13,13.035,0,0,0.21951,0.323106
13,13.04,0,0,0.216976,0.320774
13,13.18,0,0,0.142535,0.252471
13,13.32,0,0,0.0619399,0.178427
13,13.3428,0,0,0.0483043,0.165826
13,13.46,0,0,0,0.0993352
13,13.5,0,0,0,0.0759265
13,13.6,0,0,0,0.0158672
13,13.658,0,0,0,0
13,13.74,0,0,0,0
13,13.88,0,0,0,0
13,13.9805,0,0,0,0
13,14,0,0,0,0
13,14.02,0,0,0,0
13,14.16,0,0,0,0
13,14.3,0,0,0,0
13,14.3107,0,0,0,0
13,14.44,0,0,0,0
13,14.5,0,0,0,0
13,14.58,0,0,0,0
13,14.6487,0,0,0,0
13,14.72,0,0,0,0
13,14.86,0,0,0,0
13,14.9946,0,0,0,0
13,15,0,0,0,0
13,15,0,0,0,0
13,15.14,0,0,0,0
13,15.28,0,0,0,0
13,15.3487,0,0,0,0
13,15.42,0,0,0,0
13,15.5,0,0,0,0
13,15.56,0,0,0,0
13,15.7,0,0,0,0
13,15.7112,0,0,0,0
13,15.84,0,0,0,0
13,15.98,0,0,0,0
13,16,0,0,0,0
13,16.0823,0,0,0,0
13,16.12,0,0,0,0
13,16.26,0,0,0,0
13,16.4,0,0,0,0
13,16.4621,0,0,0,0
13,16.5,0,0,0,0
13,16.54,0,0,0,0
13,16.68,0,0,0,0
13,16.82,0,0,0,0
13,16.8509,0,0,0,0
13,16.96,0,0,0,0
13,17,0,0,0,0
13,17.1,0,0,0,0
13,17.24,0,0,0,0
13,17.2488,0,0,0,0
13,17.38,0,0,0,0
13,17.5,0,0,0,0
13,17.52,0,0,0,0
13,17.6562,0,0,0,0
13,17.66,0,0,0,0
13,17.8,0,0,0,0
13,17.94,0,0,0,0
13,18,0,0,0,0
13,18.0732,0,0,0,0
13,18.08,0,0,0,0
13,18.22,0,0,0,0
13,18.36,0,0,0,0
13,18.5,0,0,0,0
14,1,0,0,0,0
14,1.02316,0,0,0,0
14,1.04686,0,0,0,0
14,1.07111,0,0,0,0
14,1.09592,0,0,0,0
14,1.1213,0,0,0,0
14,1.132,0,0,0,0
14,1.14727,0,0,0,0
14,1.17384,0,0,0,0
14,1.20103,0,0,0,0
14,1.22885,0,0,0,0
14,1.25731,0,0,0,0
14,1.264,0,0,0,0
14,1.28643,0,0,0,0
14,1.31623,0,0,0,0
14,1.34672,0,0,0,0
14,1.37791,0,0,0,0
14,1.396,0,0,0,0
14,1.40982,0,0,0,0
14,1.44248,0,0,0,0
14,1.47589,0,0,0,0
14,1.5,0,0,0,0
14,1.51007,0,0,0,0
14,1.528,0,0,0,0
14,1.54505,0,0,0,0
14,1.58083,0,0,0,0
14,1.61745,0,0,0,0
14,1.65491,0,0,0,0
14,1.66,0,0,0,0
14,1.69324,0,0,0,0
14,1.73246,0,0,0,0
14,1.77259,0,0,0,0
14,1.792,0,0,0,0
14,1.81364,0,0,0,0
14,1.85565,0,0,0.220995,0
14,1.89863,0,0,0.560502,0.202602
14,1.924,0,0,0.729371,0.408834
14,1.94261,0,0,0.841499,0.543195
14,1.9876,0,0,1.07995,0.823593
14,2,0,0,1.13895,0.891978
14,2.03364,0,0,1.28722,1.06229
14,2.056,0,0,1.37738,1.16485
14,2.08074,0.00905376,0.00905376,1.47042,1.26989
14,2.12893,0.172725,0.172725,1.63439,1.45317
14,2.17824,0.32408,0.32408,1.78256,1.61699
14,2.188,0.352297,0.352297,1.80987,1.64702
14,2.2287,0.464012,0.464012,1.91751,1.76492
14,2.28032,0.594119,0.594119,2.04117,1.89955
14,2.32,0.686491,0.686491,2.1278,1.99343
14,2.33313,0.715817,0.715817,2.15502,2.02287
14,2.38717,0.830317,0.830317,2.26023,2.13639
14,2.44246,0.938293,0.938293,2.35768,2.24127
14,2.452,0.956022,0.956022,2.37354,2.25834
14,2.49903,1.04006,1.04006,2.44798,2.33844
14,2.5,1.04174,1.04174,2.44945,2.34002
14,2.55692,1.13634,1.13634,2.53157,2.42857
14,2.584,1.17913,1.17913,2.56788,2.46782
14,2.61614,1.22826,1.22826,2.60877,2.51217
14,2.67673,1.31577,1.31577,2.67985,2.58959
14,2.716,1.36899,1.36899,2.7219,2.63571
14,2.73873,1.39864,1.39864,2.74487,2.66104
14,2.80216,1.47724,1.47724,2.80383,2.72662
14,2.848,1.53055,1.53055,2.8419,2.76952
14,2.86707,1.55196,1.55196,2.85666,2.78629
14,2.93347,1.62312,1.62312,2.90333,2.83997
14,2.98,1.67003,1.67003,2.93187,2.87341
14,3,1.68949,1.68949,2.94312,2.88679
14,3.00142,1.69085,1.69085,2.9439,2.88772
14,3.07094,1.75533,1.75533,2.97831,2.92953
14,3.112,1.79128,1.79128,2.99548,2.951
14,3.14207,1.81665,1.81665,3.00663,2.96527
14,3.21484,1.87492,1.87492,3.02897,2.995
14,3.244,1.89705,1.89705,3.03625,3.00506
14,3.2893,1.93015,1.93015,3.0458,3.01869
14,3.36549,1.98235,1.98235,3.05738,3.03689
14,3.376,1.98922,1.98922,3.05857,3.03896
14,3.44344,2.03147,2.03147,3.06416,3.0498
14,3.5,2.06452,2.06452,3.06643,3.05591
14,3.508,2.06902,2.06902,3.06659,3.05658
14,3.5232,2.07746,2.07746,3.0668,3.05773
14,3.6048,2.12022,2.12022,3.06578,3.06131
14,3.64,2.13737,2.13737,3.06438,3.06165
14,3.68829,2.15965,2.15965,3.06163,3.06105
14,3.772,2.19495,2.19495,3.05483,3.05747
14,3.77372,2.19563,2.19563,3.05466,3.05737
14,3.86113,2.22803,2.22803,3.04511,3.05064
14,3.904,2.24235,2.24235,3.03965,3.04642
14,3.95056,2.25674,2.25674,3.0332,3.04122
14,4,2.27075,2.27075,3.02582,3.03508
14,4.036,2.28014,2.28014,3.02013,3.03023
14,4.04206,2.28165,2.28165,3.01915,3.02939
14,4.13568,2.30269,2.30269,3.00313,3.01539
14,4.168,2.30895,2.30895,2.99726,3.01017
14,4.23147,2.31982,2.31982,2.98528,2.99941
14,4.3,2.32948,2.32948,2.97171,2.9871
14,4.32948,2.333,2.333,2.96568,2.9816
14,4.42976,2.34229,2.34229,2.94441,2.96206
14,4.432,2.34245,2.34245,2.94392,2.96161
14,4.5,2.34645,2.34645,2.92883,2.94768
14,4.53236,2.34775,2.34775,2.92148,2.94087
14,4.564,2.34867,2.34867,2.91418,2.93411
14,4.63733,2.34951,2.34951,2.89689,2.91805
14,4.696,2.34895,2.34895,2.88268,2.90483
14,4.74474,2.34772,2.34772,2.87062,2.89361
14,4.828,2.34413,2.34413,2.84952,2.87395
14,4.85464,2.34261,2.34261,2.84263,2.86753
14,4.96,2.33499,2.33499,2.81474,2.84155
14,4.96708,2.33439,2.33439,2.81283,2.83977
14,5,2.33146,2.33146,2.80388,2.83145
14,5.08213,2.3232,2.3232,2.78114,2.81027
14,5.092,2.32212,2.32212,2.77836,2.80769
14,5.19984,2.30924,2.30924,2.74746,2.77895
14,5.224,2.30611,2.30611,2.74039,2.77238
14,5.32028,2.29287,2.29287,2.71167,2.74572
14,5.356,2.28766,2.28766,2.70079,2.73563
14,5.4435,2.27428,2.27428,2.67363,2.71046
14,5.488,2.26716,2.26716,2.65954,2.69742
14,5.5,2.26521,2.26521,2.65571,2.69387
14,5.56958,2.25363,2.25363,2.6332,2.67306
14,5.62,2.24499,2.24499,2.6166,2.65772
14,5.69859,2.23112,2.23112,2.59022,2.63338
14,5.752,2.22146,2.22146,2.57193,2.61652
14,5.83058,2.20696,2.20696,2.5445,2.59127
14,5.884,2.1969,2.1969,2.52549,2.57379
14,5.96562,2.18127,2.18127,2.49587,2.54658
14,6,2.1746,2.1746,2.48318,2.53494
14,6.016,2.17148,2.17148,2.47723,2.52948
14,6.1038,2.15418,2.15418,2.44412,2.49913
14,6.148,2.14537,2.14537,2.42713,2.48358
14,6.24517,2.12569,2.12569,2.38905,2.44876
14,6.28,2.1185,2.1185,2.37515,2.43606
14,6.38982,2.09506,2.09506,2.33045,2.39527
14,6.412,2.09017,2.09017,2.32126,2.38689
14,6.5,2.07013,2.07013,2.28427,2.3532
14,6.53782,2.06124,2.06124,2.26811,2.33849
14,6.544,2.05978,2.05978,2.26545,2.33607
14,6.676,2.02747,2.02747,2.20774,2.28359
14,6.68925,2.02412,2.02412,2.20184,2.27823
14,6.808,1.99307,1.99307,2.1481,2.22945
14,6.84418,1.98324,1.98324,2.13142,2.21432
14,6.94,1.95641,1.95641,2.0866,2.17368
14,7,1.93903,1.93903,2.05807,2.1478
14,7.00271,1.93824,1.93824,2.05678,2.14663
14,7.072,1.91759,1.91759,2.02337,2.11633
14,7.1649,1.88896,1.88896,1.9778,2.07504
14,7.204,1.87659,1.87659,1.95835,2.05745
14,7.33085,1.83511,1.83511,1.89423,1.9995
14,7.336,1.83338,1.83338,1.8916,1.99713
14,7.468,1.78792,1.78792,1.82376,1.9355
14,7.5,1.77656,1.77656,1.80719,1.92039
14,7.50065,1.77633,1.77633,1.80685,1.92009
14,7.6,1.74017,1.74017,1.75495,1.87281
14,7.67438,1.71225,1.71225,1.71553,1.83705
14,7.732,1.69011,1.69011,1.68473,1.80912
14,7.85213,1.64252,1.64252,1.62045,1.75019
14,7.864,1.63771,1.63771,1.61415,1.74431
14,7.996,1.58294,1.58294,1.54426,1.6785
14,8,1.58124,1.58124,1.54214,1.6765
14,8.034,1.56673,1.56673,1.52406,1.65962
14,8.128,1.52578,1.52578,1.47335,1.61383
14,8.22008,1.48455,1.48455,1.42399,1.57005
14,8.26,1.46635,1.46635,1.40323,1.55107
14,8.392,1.4048,1.4048,1.33576,1.48624
14,8.41047,1.39602,1.39602,1.32632,1.47708
14,8.5,1.3529,1.3529,1.28097,1.4339
14,8.524,1.34119,1.34119,1.26906,1.42264
14,8.60527,1.30105,1.30105,1.22951,1.38475
14,8.656,1.27564,1.27564,1.20547,1.36111
14,8.788,1.20838,1.20838,1.14504,1.30108
14,8.80459,1.19982,1.19982,1.13759,1.29374
14,8.92,1.13964,1.13964,1.08667,1.24393
14,9,1.09736,1.09736,1.05321,1.21048
14,9.00852,1.09283,1.09283,1.04975,1.20695
14,9.052,1.06967,1.06967,1.03233,1.18903
14,9.184,0.998786,0.998786,0.981886,1.13646
14,9.21717,0.980873,0.980873,0.969738,1.12369
14,9.316,0.927363,0.927363,0.934537,1.08678
14,9.43065,0.865181,0.865181,0.895527,1.04707
14,9.448,0.855775,0.855775,0.889836,1.04126
14,9.5,0.827617,0.827617,0.873157,1.02408
14,9.58,0.784411,0.784411,0.848611,0.998343
14,9.64909,0.747289,0.747289,0.828327,0.976999
14,9.712,0.71366,0.71366,0.810641,0.958174
14,9.844,0.643882,0.643882,0.776231,0.920399
14,9.87257,0.628942,0.628942,0.768834,0.912792
14,9.976,0.575405,0.575405,0.743039,0.88586
14,10,0.563119,0.563119,0.737366,0.87983
14,10.1012,0.511855,0.511855,0.714324,0.855625
14,10.108,0.508471,0.508471,0.712846,0.854048
14,10.24,0.443332,0.443332,0.685251,0.824407
14,10.3352,0.397476,0.397476,0.666204,0.804456
14,10.372,0.380043,0.380043,0.659153,0.796934
14,10.5,0.320856,0.320856,0.635753,0.772367
14,10.504,0.319046,0.319046,0.635047,0.771631
14,10.5746,0.287485,0.287485,0.62262,0.758741
14,10.636,0.260352,0.260352,0.612359,0.747917
14,10.768,0.202475,0.202475,0.591323,0.726137
14,10.8195,0.180547,0.180547,0.583474,0.717933
14,10.9,0.146968,0.146968,0.571571,0.705588
14,11,0.106272,0.106272,0.557338,0.691146
14,11.032,0.0935205,0.0935205,0.552908,0.686652
14,11.0701,0.0785009,0.0785009,0.547704,0.681262
14,11.164,0.0422175,0.0422175,0.535189,0.668242
14,11.296,0,0,0.518276,0.651241
14,11.3265,0,0,0.514474,0.647183
14,11.428,0,0,0.502078,0.635519
14,11.5,0,0,0.493493,0.626655
14,11.56,0,0,0.486462,0.619739
14,11.5889,0,0,0.483116,0.616668
14,11.692,0,0,0.471305,0.605406
14,11.824,0,0,0.456523,0.591275
14,11.8573,0,0,0.452852,0.587773
14,11.956,0,0,0.442065,0.57758
14,12,0,0,0.437302,0.573103
14,12.088,0,0,0.42784,0.564313
14,12.1319,0,0,0.423142,0.559876
14,12.22,0,0,0.41374,0.551
14,12.352,0,0,0.399675,0.538511
14,12.4129,0,0,0.39317,0.532677
14,12.484,0,0,0.385597,0.52592
14,12.5,0,0,0.383916,0.524396
14,12.616,0,0,0.372115,0.513317
14,12.7004,0,0,0.363565,0.50545
14,12.748,0,0,0.358538,0.501034
14,12.88,0,0,0.344419,0.48874
14,12.9946,0,0,0.332563,0.478064
14,13,0,0,0.332004,0.477561
14,13.012,0,0,0.330766,0.476446
14,13.144,0,0,0.317069,0.464255
14,13.276,0,0,0.303122,0.451887
14,13.2956,0,0,0.301046,0.450049
14,13.408,0,0,0.289136,0.43947
14,13.5,0,0,0.279353,0.430791
14,13.54,0,0,0.275069,0.427007
14,13.6035,0,0,0.268258,0.420981
14,13.672,0,0,0.260923,0.414457
14,13.804,0,0,0.246649,0.401823
14,13.9186,0,0,0.233833,0.390799
14,13.936,0,0,0.231859,0.389116
14,14,0,0,0.22474,0.382911
14,14.068,0,0,0.217562,0.376286
14,14.2,0,0,0.203389,0.363337
14,14.241,0,0,0.198755,0.359296
14,14.332,0,0,0.188105,0.350269
14,14.464,0,0,0.173397,0.337081
14,14.5,0,0,0.169571,0.333466
14,14.5708,0,0,0.161809,0.326333
14,14.596,0,0,0.158971,0.323788
14,14.728,0,0,0.143726,0.310384
14,14.86,0,0,0.128905,0.296887
14,14.9083,0,0,0.123264,0.291927
14,14.992,0,0,0.112991,0.283283
14,15,0,0,0.112023,0.282454
14,15.124,0,0,0.0974822,0.269541
14,15.2536,0,0,0.0822113,0.255933
14,15.256,0,0,0.0819284,0.25568
14,15.388,0,0,0.066218,0.241725
14,15.5,0,0,0.05283,0.229803
14,15.52,0,0,0.0504278,0.227663
14,15.6069,0,0,0.0399481,0.218325
14,15.652,0,0,0.0344959,0.213457
14,15.784,0,0,0.0184701,0.199132
14,15.916,0,0,0.00234762,0.184717
14,15.9684,0,0,0,0.178975
14,16,0,0,0,0.175499
14,16.048,0,0,0,0.17021
14,16.18,0,0,0,0.155599
14,16.312,0,0,0,0.140919
14,16.3382,0,0,0,0.137997
14,16.444,0,0,0,0.126213
14,16.5,0,0,0,0.119958
14,16.576,0,0,0,0.111412
14,16.708,0,0,0,0.0964256
14,16.7167,0,0,0,0.0954368
14,16.84,0,0,0,0.0812772
14,16.972,0,0,0,0.0659961
14,17,0,0,0,0.0627411
14,17.1038,0,0,0,0.0506405
14,17.104,0,0,0,0.0506224
14,17.236,0,0,0,0.0352052
14,17.368,0,0,0,0.0198012
14,17.5,0,0,0,0.00447773
15,1,0,0,0,0
15,1.0219,0,0,0,0
15,1.04428,0,0,0,0
15,1.06715,0,0,0,0
15,1.09052,0,0,0,0
15,1.112,0,0,0,0
15,1.11441,0,0,0,0
15,1.13881,0,0,0,0
15,1.16375,0,0,0,0
15,1.18924,0,0,0,0
15,1.21529,0,0,0,0
15,1.224,0,0,0,0
15,1.2419,0,0,0,0
15,1.2691,0,0,0,0
15,1.29689,0,0,0,0
15,1.3253,0,0,0,0
15,1.336,0,0,0,0
15,1.35432,0,0,0,0
15,1.38398,0,0,0,0
15,1.41429,0,0,0,0
15,1.44527,0,0,0,0
15,1.448,0,0,0,0
15,1.47692,0,0,0,0
15,1.5,0,0,0,0
15,1.50927,0,0,0,0
15,1.54232,0,0,0,0
15,1.56,0,0,0,0
15,1.5761,0,0,0,0
15,1.61062,0,0,0,0
15,1.64589,0,0,0,0
15,1.672,0,0,0,0
15,1.68194,0,0,0,0
15,1.71877,0,0,0,0
15,1.75641,0,0,0,0
15,1.784,0,0,0,0
15,1.79488,0,0,0,0
15,1.83419,0,0,0,0
15,1.87436,0,0,0,0
15,1.896,0,0,0,0
15,1.91541,0,0,0,0
15,1.95736,0,0,0,0
15,2,0,0,0,0
15,2.00023,0,0,0,0
15,2.008,0,0,0,0
15,2.04403,0,0,0,0
15,2.0888,0.0377812,0.0377812,0,0
15,2.12,0.144001,0.144001,0,0
15,2.13455,0.191072,0.191072,0,0
15,2.18129,0.33307,0.33307,0,0
15,2.22907,0.465347,0.465347,0,0
15,2.232,0.473084,0.473084,0,0
15,2.27788,0.588912,0.588912,0,0
15,2.32777,0.704909,0.704909,0,0
15,2.344,0.74065,0.74065,0,0
15,2.37875,0.814155,0.814155,0,0
15,2.43085,0.917247,0.917247,0,0
15,2.456,0.964322,0.964322,0,0
15,2.48409,1.01491,1.01491,0,0
15,2.5,1.0428,1.0428,0,0
15,2.53849,1.10797,1.10797,0,0
15,2.568,1.15575,1.15575,0,0
15,2.59408,1.19644,1.19644,0,0
15,2.6509,1.2804,1.2804,0,0
15,2.68,1.32112,1.32112,0,0
15,2.70895,1.36022,1.36022,0,0
15,2.76828,1.43625,1.43625,0,0
15,2.792,1.46522,1.46522,0,0
15,2.82891,1.50877,1.50877,0,0
15,2.89086,1.57799,1.57799,0.172169,0
15,2.904,1.59208,1.59208,0.209542,0
15,2.95418,1.64412,1.64412,0.345978,0
15,3,1.68929,1.68929,0.462752,0.125808
15,3.016,1.70457,1.70457,0.501898,0.172969
15,3.01888,1.70728,1.70728,0.508847,0.181338
15,3.08499,1.76758,1.76758,0.662322,0.364979
15,3.128,1.80466,1.80466,0.755943,0.476045
15,3.15256,1.8251,1.8251,0.807435,0.536829
15,3.2216,1.87988,1.87988,0.9449,0.698555
15,3.24,1.89383,1.89383,0.979792,0.739501
15,3.29215,1.93196,1.93196,1.07507,0.851288
15,3.352,1.97318,1.97318,1.1783,0.971995
15,3.36425,1.98131,1.98131,1.19869,0.995809
15,3.43793,2.0279,2.0279,1.31631,1.13254
15,3.464,2.04349,2.04349,1.35596,1.17854
15,3.5,2.06427,2.06427,1.40912,1.24013
15,3.51323,2.07169,2.07169,1.4282,1.26225
15,3.576,2.10535,2.10535,1.5156,1.36349
15,3.59017,2.1126,2.1126,1.53463,1.38553
15,3.6688,2.15055,2.15055,1.63583,1.50267
15,3.688,2.15924,2.15924,1.65946,1.53
15,3.74915,2.18544,2.18544,1.73202,1.61393
15,3.8,2.20554,2.20554,1.78937,1.68026
15,3.83126,2.21716,2.21716,1.82335,1.71955
15,3.912,2.24461,2.24461,1.9068,1.81609
15,3.91516,2.24561,2.24561,1.90994,1.81973
15,4,2.27047,2.27047,1.99099,1.91362
15,4.00091,2.27071,2.27071,1.99182,1.91459
15,4.024,2.2768,2.2768,2.01278,1.93891
15,4.08853,2.29237,2.29237,2.06898,2.00417
15,4.136,2.3025,2.3025,2.10817,2.04972
15,4.17807,2.31055,2.31055,2.1414,2.08841
15,4.248,2.32211,2.32211,2.19359,2.14927
15,4.26958,2.32522,2.32522,2.20895,2.1672
15,4.36,2.33609,2.33609,2.26951,2.2381
15,4.36308,2.3364,2.3364,2.27147,2.2404
15,4.45864,2.34412,2.34412,2.3287,2.30774
15,4.472,2.34492,2.34492,2.33617,2.31657
15,4.5,2.34638,2.34638,2.35142,2.33459
15,4.55629,2.34847,2.34847,2.38038,2.3689
15,4.584,2.34909,2.34909,2.39381,2.38485
15,4.65607,2.34954,2.34954,2.42622,2.42347
15,4.696,2.3491,2.3491,2.44262,2.44308
15,4.75805,2.34749,2.34749,2.4659,2.47105
15,4.808,2.34542,2.34542,2.48274,2.49138
15,4.86225,2.34245,2.34245,2.49909,2.51126
15,4.92,2.33852,2.33852,2.51433,2.52992
15,4.96874,2.33461,2.33461,2.52548,2.5437
15,5,2.33185,2.33185,2.53182,2.5516
15,5.032,2.32881,2.32881,2.53765,2.55892
15,5.07756,2.32415,2.32415,2.54485,2.56804
15,5.144,2.31669,2.31669,2.55305,2.57865
15,5.18876,2.31126,2.31126,2.55706,2.58402
15,5.256,2.30252,2.30252,2.56087,2.58951
15,5.3024,2.29612,2.29612,2.56198,2.59155
15,5.368,2.2866,2.2866,2.56152,2.5921
15,5.41852,2.27893,2.27893,2.55961,2.5907
15,5.48,2.26922,2.26922,2.55557,2.58692
15,5.5,2.26599,2.26599,2.55386,2.58521
15,5.53719,2.25986,2.25986,2.55018,2.58145
15,5.592,2.25062,2.25062,2.54364,2.57458
15,5.65846,2.23909,2.23909,2.53404,2.56426
15,5.704,2.231,2.231,2.52652,2.55598
15,5.78239,2.21674,2.21674,2.51186,2.5396
15,5.816,2.21051,2.21051,2.50493,2.53184
15,5.90903,2.19295,2.19295,2.48391,2.50846
15,5.928,2.18932,2.18932,2.47932,2.5034
15,6,2.1754,2.1754,2.46099,2.48314
15,6.03844,2.1679,2.1679,2.45064,2.47157
15,6.04,2.16759,2.16759,2.45021,2.47108
15,6.152,2.1454,2.1454,2.41799,2.43481
15,6.17068,2.14165,2.14165,2.41235,2.42856
15,6.264,2.12263,2.12263,2.38343,2.39612
15,6.30583,2.11393,2.11393,2.37017,2.38106
15,6.376,2.09901,2.09901,2.34778,2.35574
15,6.44393,2.08404,2.08404,2.32587,2.33076
15,6.488,2.07399,2.07399,2.31152,2.3142
15,6.5,2.0712,2.0712,2.30759,2.30964
15,6.58506,2.05095,2.05095,2.27936,2.27693
15,6.6,2.04732,2.04732,2.27436,2.27116
15,6.712,2.01924,2.01924,2.23686,2.22809
15,6.72927,2.01477,2.01477,2.23108,2.22147
15,6.824,1.98958,1.98958,2.1991,2.18543
15,6.87665,1.97512,1.97512,2.18111,2.16565
15,6.936,1.95841,1.95841,2.16098,2.14361
15,7,1.93989,1.93989,2.13979,2.12015
15,7.02725,1.93184,1.93184,2.13094,2.11026
15,7.048,1.92565,1.92565,2.12427,2.10278
15,7.16,1.89127,1.89127,2.08883,2.06303
15,7.18116,1.8846,1.8846,2.08216,2.05566
15,7.272,1.8553,1.8553,2.05364,2.02462
15,7.33843,1.83321,1.83321,2.03322,2.00262
15,7.384,1.81773,1.81773,2.01952,1.9879
15,7.496,1.77854,1.77854,1.98653,1.95296
15,7.49915,1.77741,1.77741,1.98561,1.952
15,7.5,1.77711,1.77711,1.98536,1.95174
15,7.608,1.7377,1.7377,1.95409,1.91957
15,7.66338,1.71689,1.71689,1.93864,1.9036
15,7.72,1.69519,1.69519,1.92338,1.88764
15,7.83122,1.65131,1.65131,1.8943,1.85755
15,7.832,1.651,1.651,1.8941,1.85734
15,7.944,1.60513,1.60513,1.86589,1.82902
15,8,1.58157,1.58157,1.85252,1.8157
15,8.00273,1.58041,1.58041,1.85188,1.81506
15,8.056,1.55759,1.55759,1.83967,1.80294
15,8.168,1.5084,1.5084,1.81491,1.77878
15,8.17799,1.50393,1.50393,1.81275,1.7767
15,8.28,1.45759,1.45759,1.79138,1.75623
15,8.3571,1.4217,1.4217,1.77637,1.74164
15,8.392,1.40522,1.40522,1.76984,1.73533
15,8.5,1.35331,1.35331,1.75032,1.7171
15,8.504,1.35136,1.35136,1.74962,1.71647
15,8.54013,1.33369,1.33369,1.74333,1.71081
15,8.616,1.29611,1.29611,1.73071,1.69944
15,8.72716,1.24005,1.24005,1.71376,1.68386
15,8.728,1.23963,1.23963,1.71364,1.68375
15,8.84,1.18212,1.18212,1.69773,1.66915
15,8.91829,1.14141,1.14141,1.68733,1.65973
15,8.952,1.12379,1.12379,1.6831,1.65591
15,9,1.09859,1.09859,1.6773,1.65075
15,9.064,1.06477,1.06477,1.66993,1.64441
15,9.11361,1.0384,1.0384,1.66449,1.63997
15,9.176,1.00502,1.00502,1.65798,1.63486
15,9.288,0.944587,0.944587,1.64735,1.62637
15,9.31321,0.930912,0.930912,1.64514,1.62455
15,9.4,0.883708,0.883708,1.63794,1.61866
15,9.5,0.829238,0.829238,1.63046,1.61271
15,9.512,0.822704,0.822704,1.62963,1.61208
15,9.51717,0.819888,0.819888,1.62927,1.61181
15,9.624,0.761859,0.761859,1.62244,1.60705
15,9.72561,0.707007,0.707007,1.61679,1.60357
15,9.736,0.70142,0.70142,1.61625,1.60326
15,9.848,0.641642,0.641642,1.61103,1.60043
15,9.9386,0.593895,0.593895,1.6075,1.59882
15,9.96,0.582714,0.582714,1.60675,1.59853
15,10,0.561914,0.561914,1.60543,1.59808
15,10.072,0.524852,0.524852,1.60331,1.59757
15,10.1563,0.482105,0.482105,1.60127,1.59741
15,10.184,0.468191,0.468191,1.6007,1.59746
15,10.296,0.412877,0.412877,1.59886,1.59813
15,10.3787,0.372919,0.372919,1.59797,1.59911
15,10.408,0.35895,0.35895,1.59774,1.59955
15,10.5,0.315809,0.315809,1.59732,1.60123
15,10.52,0.306565,0.306565,1.59729,1.60165
15,10.606,0.267369,0.267369,1.59738,1.6037
15,10.632,0.255714,0.255714,1.59747,1.60439
15,10.744,0.20653,0.20653,1.59825,1.6077
15,10.8383,0.166326,0.166326,1.59931,1.61091
15,10.856,0.1589,0.1589,1.59955,1.61155
15,10.968,0.112941,0.112941,1.60136,1.61589
15,11,0.100164,0.100164,1.60196,1.61722
15,11.0756,0.0707253,0.0707253,1.60354,1.62048
15,11.08,0.0690578,0.0690578,1.60364,1.62067
15,11.192,0.0268163,0.0268163,1.60634,1.62584
15,11.304,0,0,1.60941,1.63135
15,11.3182,0,0,1.60983,1.63207
15,11.416,0,0,1.6128,1.63702
15,11.5,0,0,1.61461,1.64013
15,11.528,0,0,1.61465,1.64074
15,11.5661,0,0,1.6138,1.64109
15,11.64,0,0,1.60804,1.63891
15,11.752,0,0,1.58619,1.62492
15,11.8194,0,0,1.56537,1.60884
15,11.864,0,0,1.54868,1.59503
15,11.976,0,0,1.49717,1.55078
15,12,0,0,1.48436,1.53961
15,12.0782,0,0,1.43874,1.49912
15,12.088,0,0,1.43268,1.49365
15,12.2,0,0,1.35741,1.4243
15,12.312,0,0,1.27048,1.34371
15,12.3428,0,0,1.24501,1.31981
15,12.424,0,0,1.1746,1.25316
15,12.5,0,0,1.10533,1.18709
15,12.536,0,0,1.07165,1.15469
15,12.6131,0,0,0.997104,1.08323
15,12.648,0,0,0.962453,1.04982
15,12.76,0,0,0.84765,0.938453
15,12.872,0,0,0.728634,0.821615
15,12.8893,0,0,0.709829,0.803241
15,12.984,0,0,0.605707,0.701556
15,13,0,0,0.587887,0.683992
15,13.096,0,0,0.478694,0.576646
15,13.1716,0,0,0.391227,0.490727
15,13.208,0,0,0.348603,0.448801
15,13.32,0,0,0.216158,0.317978
15,13.432,0,0,0.0810188,0.18458
15,13.4601,0,0,0.0467537,0.150809
15,13.5,0,0,0,0.102352
15,13.544,0,0,0,0.0488613
15,13.656,0,0,0,0
15,13.7549,0,0,0,0
15,13.768,0,0,0,0
15,13.88,0,0,0,0
15,13.992,0,0,0,0
15,14,0,0,0,0
15,14.0561,0,0,0,0
15,14.104,0,0,0,0
15,14.216,0,0,0,0
15,14.328,0,0,0,0
15,14.3639,0,0,0,0
15,14.44,0,0,0,0
15,14.5,0,0,0,0
15,14.552,0,0,0,0
15,14.664,0,0,0,0
15,14.6785,0,0,0,0
15,14.776,0,0,0,0
15,14.888,0,0,0,0
15,15,0,0,0,0
16,1,0,0,0,0
16,1.02292,0,0,0,0
16,1.04637,0,0,0,0
16,1.07036,0,0,0,0
16,1.0949,0,0,0,0
16,1.12,0,0,0,0
16,1.128,0,0,0,0
16,1.14568,0,0,0,0
16,1.17194,0,0,0,0
16,1.19881,0,0,0,0
16,1.22629,0,0,0,0
16,1.2544,0,0,0,0
16,1.256,0,0,0,0
16,1.28316,0,0,0,0
16,1.31257,0,0,0,0
16,1.34266,0,0,0,0
16,1.37344,0,0,0,0
16,1.384,0,0,0,0
16,1.40493,0,0,0,0
16,1.43713,0,0,0,0
16,1.47008,0,0,0,0
16,1.5,0,0,0,0
16,1.50378,0,0,0,0
16,1.512,0,0,0,0
16,1.53825,0,0,0,0
16,1.57352,0,0,0,0
16,1.60959,0,0,0,0
16,1.64,0,0,0,0
16,1.64649,0,0,0,0
16,1.68423,0,0,0,0
16,1.72284,0,0,0,0
16,1.76234,0,0,0,0
16,1.768,0,0,0,0
16,1.80274,0,0,0,0
16,1.84407,0,0,0,0
16,1.88634,0,0,0,0
16,1.896,0,0,0,0
16,1.92959,0,0,0,0
16,1.97382,0,0,0,0
16,2,0,0,0,0
16,2.01907,0,0,0,0
16,2.024,0,0,0,0
16,2.06536,0,0,0,0
16,2.1127,0.119807,0.119807,0,0
16,2.152,0.245608,0.245608,0,0
16,2.16114,0.273417,0.273417,0,0
16,2.21068,0.415879,0.415879,0,0
16,2.26136,0.548273,0.548273,0,0
16,2.28,0.594031,0.594031,0,0
16,2.3132,0.67201,0.67201,0,0
16,2.36623,0.788131,0.788131,0,0
16,2.408,0.87302,0.87302,0,0
16,2.42047,0.897342,0.897342,0,0
16,2.47596,1.00046,1.00046,0,0
16,2.5,1.04278,1.04278,0,0
16,2.53272,1.0982,1.0982,0,0
16,2.536,1.10362,1.10362,0,0
16,2.59078,1.19076,1.19076,0,0
16,2.65017,1.27851,1.27851,0,0
16,2.664,1.29802,1.29802,0,0
16,2.71093,1.36184,1.36184,0,0
16,2.77307,1.4411,1.4411,0,0
16,2.792,1.46415,1.46415,0,0
16,2.83665,1.51662,1.51662,0,0
16,2.90168,1.5886,1.5886,0,0
16,2.92,1.60798,1.60798,0,0
16,2.96819,1.65721,1.65721,0,0
16,3,1.68836,1.68836,0,0.00274742
16,3.03624,1.72263,1.72263,0.0176515,0.0480127
16,3.048,1.73347,1.73347,0.0329513,0.062535
16,3.10584,1.78493,1.78493,0.107219,0.132925
16,3.176,1.84339,1.84339,0.195086,0.216319
16,3.17704,1.84423,1.84423,0.196375,0.217545
16,3.24988,1.90054,1.90054,0.285084,0.301851
16,3.304,1.93972,1.93972,0.349469,0.362898
16,3.32438,1.95389,1.95389,0.373387,0.385563
16,3.40059,2.00426,2.00426,0.46135,0.469005
16,3.432,2.02384,2.02384,0.496923,0.502804
16,3.47854,2.0516,2.0516,0.548886,0.5522
16,3.5,2.06391,2.06391,0.572539,0.57468
16,3.55829,2.09582,2.09582,0.63585,0.634799
16,3.56,2.09672,2.09672,0.637688,0.636543
16,3.63986,2.13683,2.13683,0.722199,0.716466
16,3.688,2.1591,2.1591,0.772085,0.763394
16,3.7233,2.17454,2.17454,0.808145,0.797272
16,3.80866,2.20881,2.20881,0.892713,0.877459
16,3.816,2.21156,2.21156,0.899815,0.88425
16,3.89597,2.23953,2.23953,0.976514,0.957154
16,3.944,2.25462,2.25462,1.02179,1.00005
16,3.98528,2.26658,2.26658,1.05984,1.03636
16,4,2.27063,2.27063,1.07326,1.04917
16,4.072,2.2888,2.2888,1.13822,1.1108
16,4.07664,2.28988,2.28988,1.14236,1.11472
16,4.1701,2.30935,2.30935,1.22391,1.19235
16,4.2,2.31469,2.31469,1.24939,1.21662
16,4.2657,2.32496,2.32496,1.30427,1.26876
16,4.328,2.33293,2.33293,1.35469,1.31696
16,4.36348,2.33672,2.33672,1.38262,1.34376
16,4.456,2.34419,2.34419,1.45299,1.41112
16,4.46352,2.34465,2.34465,1.45854,1.41647
16,4.5,2.3466,2.3466,1.4852,1.4422
16,4.56584,2.3489,2.3489,1.53194,1.48774
16,4.584,2.34927,2.34927,1.54452,1.50006
16,4.67051,2.34953,2.34953,1.60259,1.55721
16,4.712,2.34884,2.34884,1.6293,1.58357
16,4.77758,2.34677,2.34677,1.67007,1.62468
16,4.84,2.34372,2.34372,1.70718,1.66243
16,4.8871,2.34077,2.34077,1.73403,1.68996
16,4.968,2.33453,2.33453,1.7778,1.73528
16,4.99914,2.33177,2.33177,1.79384,1.75206
16,5,2.33169,2.33169,1.79428,1.75252
16,5.096,2.32201,2.32201,1.8408,1.80179
16,5.11374,2.32003,2.32003,1.84892,1.81049
16,5.224,2.30656,2.30656,1.89585,1.86166
16,5.23097,2.30565,2.30565,1.89861,1.86472
16,5.35089,2.28895,2.28895,1.94236,1.9142
16,5.352,2.28879,2.28879,1.94273,1.91463
16,5.47355,2.27005,2.27005,1.97953,1.9584
16,5.48,2.26902,2.26902,1.98127,1.96055
16,5.5,2.26578,2.26578,1.98654,1.96708
16,5.59903,2.24922,2.24922,2.00968,1.99685
16,5.608,2.24768,2.24768,2.01153,1.99933
16,5.72739,2.22659,2.22659,2.03231,2.02911
16,5.736,2.22503,2.22503,2.03354,2.03101
16,5.85868,2.20235,2.20235,2.04731,2.05475
16,5.864,2.20135,2.20135,2.04775,2.05563
16,5.992,2.17682,2.17682,2.05454,2.07359
16,5.99299,2.17663,2.17663,2.05456,2.0737
16,6,2.17526,2.17526,2.05473,2.07449
16,6.12,2.15162,2.15162,2.05455,2.08519
16,6.13038,2.14955,2.14955,2.05427,2.08587
16,6.248,2.12581,2.12581,2.04837,2.09076
16,6.27091,2.12109,2.12109,2.04666,2.09114
16,6.376,2.09877,2.09877,2.03662,2.09069
16,6.41467,2.09023,2.09023,2.03206,2.08964
16,6.5,2.0708,2.0708,2.02037,2.08576
16,6.504,2.06987,2.06987,2.01977,2.08553
16,6.56173,2.05626,2.05626,2.01056,2.08169
16,6.632,2.03914,2.03914,1.99807,2.07584
16,6.71215,2.01886,2.01886,1.98237,2.06774
16,6.76,2.00639,2.00639,1.97241,2.06219
16,6.86602,1.97775,1.97775,1.94885,2.04804
16,6.888,1.97164,1.97164,1.9437,2.0448
16,7,1.93958,1.93958,1.91611,2.02689
16,7.016,1.93488,1.93488,1.912,2.02416
16,7.02342,1.93268,1.93268,1.91008,2.02288
16,7.144,1.89607,1.89607,1.87778,2.00112
16,7.18443,1.88337,1.88337,1.86651,1.99338
16,7.272,1.85518,1.85518,1.84143,1.97572
16,7.34913,1.82952,1.82952,1.81862,1.95936
16,7.4,1.81217,1.81217,1.80323,1.94831
16,7.5,1.77709,1.77709,1.77221,1.92593
16,7.51761,1.77078,1.77078,1.76666,1.92188
16,7.528,1.76703,1.76703,1.76336,1.91947
16,7.656,1.71971,1.71971,1.72211,1.88891
16,7.68994,1.70679,1.70679,1.71096,1.88057
16,7.784,1.67016,1.67016,1.67964,1.85703
16,7.86623,1.63717,1.63717,1.65178,1.83599
16,7.912,1.61842,1.61842,1.63611,1.82412
16,8,1.58161,1.58161,1.60568,1.80098
16,8.04,1.56454,1.56454,1.59172,1.79033
16,8.04656,1.56172,1.56172,1.58942,1.78858
16,8.168,1.50851,1.50851,1.54658,1.75581
16,8.23103,1.48015,1.48015,1.52413,1.73858
16,8.296,1.45039,1.45039,1.50084,1.72067
16,8.41972,1.39228,1.39228,1.45618,1.68621
16,8.424,1.39023,1.39023,1.45463,1.68501
16,8.5,1.3536,1.3536,1.42701,1.66364
16,8.552,1.32816,1.32816,1.40806,1.64895
16,8.61274,1.29808,1.29808,1.38585,1.63171
16,8.68,1.2643,1.2643,1.3612,1.61256
16,8.808,1.19885,1.19885,1.31418,1.57592
16,8.81018,1.19772,1.19772,1.31338,1.57529
16,8.936,1.13201,1.13201,1.26713,1.53912
16,9,1.09819,1.09819,1.24361,1.52068
16,9.01215,1.09174,1.09174,1.23915,1.51718
16,9.064,1.06409,1.06409,1.22011,1.50223
16,9.192,0.995279,0.995279,1.1732,1.46533
16,9.21875,0.980832,0.980832,1.16342,1.45762
16,9.32,0.925878,0.925878,1.12649,1.42849
16,9.43008,0.866074,0.866074,1.08652,1.39688
16,9.448,0.856343,0.856343,1.08004,1.39174
16,9.5,0.828073,0.828073,1.06125,1.37686
16,9.576,0.786963,0.786963,1.03389,1.35517
16,9.64626,0.749336,0.749336,1.00874,1.3352
16,9.704,0.718671,0.718671,0.988164,1.31884
16,9.832,0.650366,0.650366,0.942864,1.28278
16,9.8674,0.631318,0.631318,0.930401,1.27285
16,9.96,0.582169,0.582169,0.897956,1.247
16,10,0.561306,0.561306,0.884036,1.2359
16,10.088,0.516151,0.516151,0.853635,1.21163
16,10.0936,0.513308,0.513308,0.851709,1.21009
16,10.216,0.451943,0.451943,0.809905,1.17665
16,10.325,0.398564,0.398564,0.772985,1.14715
16,10.344,0.389402,0.389402,0.766587,1.14205
16,10.472,0.328942,0.328942,0.723925,1.10796
16,10.5,0.316023,0.316023,0.7147,1.10057
16,10.5617,0.287933,0.287933,0.69449,1.08438
16,10.6,0.270746,0.270746,0.682012,1.07437
16,10.728,0.214613,0.214613,0.64063,1.04124
16,10.8038,0.182342,0.182342,0.616445,1.02188
16,10.856,0.160497,0.160497,0.599979,1.00868
16,10.984,0.107802,0.107802,0.560146,0.976718
16,11,0.101294,0.101294,0.5552,0.972761
16,11.0515,0.080641,0.080641,0.539307,0.960077
16,11.112,0.0571164,0.0571164,0.520653,0.945272
16,11.24,0.00925667,0.00925667,0.481829,0.914435
16,11.3048,0,0,0.462642,0.899063
16,11.368,0,0,0.444118,0.884238
16,11.496,0,0,0.406825,0.854606
16,11.5,0,0,0.405674,0.853689
16,11.564,0,0,0.38742,0.839107
16,11.624,0,0,0.370479,0.825589
16,11.752,0,0,0.334682,0.797242
16,11.8291,0,0,0.313381,0.780469
16,11.88,0,0,0.299446,0.769504
16,12,0,0,0.267049,0.744049
16,12.008,0,0,0.264911,0.742373
16,12.1003,0,0,0.240451,0.723237
16,12.136,0,0,0.231074,0.715918
16,12.264,0,0,0.197907,0.69008
16,12.3777,0,0,0.169028,0.667622
16,12.392,0,0,0.165423,0.664826
16,12.5,0,0,0.138525,0.644032
16,12.52,0,0,0.133592,0.640232
16,12.648,0,0,0.102352,0.616258
16,12.6614,0,0,0.0991146,0.613778
16,12.776,0,0,0.0717643,0.592861
16,12.904,0,0,0.0418178,0.570145
16,12.9517,0,0,0.0308087,0.561861
16,13,0,0,0.0197175,0.553559
16,13.032,0,0,0.0124178,0.548115
16,13.16,0,0,0,0.526748
16,13.2486,0,0,0,0.512351
16,13.288,0,0,0,0.506044
16,13.416,0,0,0,0.48596
16,13.5,0,0,0,0.473078
16,13.544,0,0,0,0.466412
16,13.5523,0,0,0,0.46516
16,13.672,0,0,0,0.447253
16,13.8,0,0,0,0.428312
16,13.863,0,0,0,0.419103
16,13.928,0,0,0,0.409707
16,14,0,0,0,0.399452
16,14.056,0,0,0,0.39159
16,14.1808,0,0,0,0.374407
16,14.184,0,0,0,0.373971
16,14.312,0,0,0,0.356839
16,14.44,0,0,0,0.340142
16,14.5,0,0,0,0.332446
16,14.5059,0,0,0,0.331697
16,14.568,0,0,0,0.32382
16,14.696,0,0,0,0.307884
16,14.824,0,0,0,0.292329
16,14.8384,0,0,0,0.290601
16,14.952,0,0,0,0.277135
16,15,0,0,0,0.271528
16,15.08,0,0,0,0.262292
16,15.1786,0,0,0,0.251093
16,15.208,0,0,0,0.247787
16,15.336,0,0,0,0.233589
16,15.464,0,0,0,0.219672
16,15.5,0,0,0,0.215809
16,15.5265,0,0,0,0.212975
16,15.592,0,0,0,0.206034
16,15.72,0,0,0,0.192651
16,15.848,0,0,0,0.179491
16,15.8825,0,0,0,0.175985
16,15.976,0,0,0,0.166556
16,16,0,0,0,0.164155
16,16.104,0,0,0,0.153839
16,16.232,0,0,0,0.141318
16,16.2466,0,0,0,0.139904
16,16.36,0,0,0,0.128971
16,16.488,0,0,0,0.116775
16,16.5,0,0,0,0.115639
16,16.616,0,0,0,0.104699
16,16.619,0,0,0,0.104416
16,16.744,0,0,0,0.0927186
16,16.872,0,0,0,0.0808705
16,17,0,0,0,0.0691649
17,1,0,0,0,0
17,1.02217,0,0,0,0
17,1.04483,0,0,0,0
17,1.06799,0,0,0,0
17,1.09167,0,0,0,0
17,1.11587,0,0,0,0
17,1.116,0,0,0,0
17,1.14061,0,0,0,0
17,1.16589,0,0,0,0
17,1.19174,0,0,0,0
17,1.21816,0,0,0,0
17,1.232,0,0,0,0
17,1.24516,0,0,0,0
17,1.27277,0,0,0,0
17,1.30098,0,0,0,0
17,1.32983,0,0,0,0
17,1.348,0,0,0,0
17,1.35931,0,0,0,0
17,1.38944,0,0,0,0
17,1.42024,0,0,0,0
17,1.45173,0,0,0,0
17,1.464,0,0,0,0
17,1.48391,0,0,0,0
17,1.5,0,0,0,0
17,1.51681,0,0,0,0
17,1.55043,0,0,0,0
17,1.58,0,0,0,0
17,1.5848,0,0,0,0
17,1.61994,0,0,0,0
17,1.65585,0,0,0,0
17,1.69256,0,0,0,0
17,1.696,0,0,0,0
17,1.73008,0,0,0,0
17,1.76843,0,0,0,0
17,1.80764,0,0,0,0
17,1.812,0,0,0,0
17,1.84771,0,0,0,0
17,1.88867,0,0,0,0
17,1.928,0,0,0,0
17,1.93054,0,0,0,0
17,1.97334,0,0,0,0
17,2,0,0,0,0
17,2.01709,0,0,0,0
17,2.044,0,0,0,0
17,2.0618,0,0,0,0
17,2.10751,0.102074,0.102074,0,0
17,2.15423,0.252204,0.252204,0,0
17,2.16,0.269766,0.269766,0,0
17,2.20199,0.391757,0.391757,0,0
17,2.25081,0.521164,0.521164,0,0
17,2.276,0.583685,0.583685,0,0
17,2.3007,0.642334,0.642334,0,0
17,2.35171,0.756324,0.756324,0,0
17,2.392,0.840075,0.840075,0,0
17,2.40384,0.863742,0.863742,0,0
17,2.45713,0.965454,0.965454,0,0
17,2.5,1.04174,1.04174,0,0
17,2.508,1.05554,1.05554,0,0
17,2.51161,1.06171,1.06171,0,0
17,2.56729,1.15284,1.15284,0,0
17,2.624,1.24,1.24,0,0
17,2.6242,1.24029,1.24029,0,0
17,2.68237,1.32358,1.32358,0,0
17,2.74,1.40027,1.40027,0,0
17,2.74184,1.40263,1.40263,0,0
17,2.80262,1.47778,1.47778,0.0434404,0
17,2.856,1.53959,1.53959,0.16844,0
17,2.86475,1.54939,1.54939,0.188248,0
17,2.92826,1.61772,1.61772,0.327331,0
17,2.972,1.66213,1.66213,0.418655,0.0491685
17,2.99318,1.6829,1.6829,0.461694,0.0896992
17,3,1.68949,1.68949,0.475388,0.102623
17,3.05953,1.74507,1.74507,0.591558,0.21249
17,3.088,1.77046,1.77046,0.645093,0.263343
17,3.12736,1.80434,1.80434,0.717011,0.33207
17,3.19669,1.8608,1.8608,0.838149,0.448841
17,3.204,1.86651,1.86651,0.85052,0.460916
17,3.26756,1.91446,1.91446,0.955167,0.56363
17,3.32,1.95169,1.95169,1.03769,0.644956
17,3.34,1.96535,1.96535,1.06828,0.675205
17,3.41404,2.01344,2.01344,1.17773,0.784203
17,3.436,2.02697,2.02697,1.20911,0.81578
17,3.48973,2.05867,2.05867,1.28383,0.891456
17,3.5,2.06452,2.06452,1.29781,0.905694
17,3.552,2.09304,2.09304,1.36702,0.97677
17,3.56709,2.10098,2.10098,1.38664,0.997079
17,3.64617,2.14029,2.14029,1.48625,1.10084
17,3.668,2.15046,2.15046,1.51284,1.12875
17,3.727,2.17649,2.17649,1.58279,1.20278
17,3.784,2.19967,2.19967,1.64788,1.27205
17,3.80962,2.20947,2.20947,1.67637,1.30256
17,3.89408,2.23912,2.23912,1.76709,1.40049
17,3.9,2.24105,2.24105,1.77328,1.40719
17,3.9804,2.26535,2.26535,1.85502,1.49631
17,4,2.27075,2.27075,1.87433,1.51755
17,4.016,2.27501,2.27501,1.88993,1.53472
17,4.06865,2.28808,2.28808,1.9402,1.59016
17,4.132,2.30195,2.30195,1.99859,1.65515
17,4.15884,2.30723,2.30723,2.02265,1.68212
17,4.248,2.32234,2.32234,2.09981,1.76915
17,4.25104,2.32279,2.32279,2.10237,1.77205
17,4.34528,2.33474,2.33474,2.1793,1.85994
17,4.364,2.33666,2.33666,2.19405,1.87687
17,4.44161,2.34312,2.34312,2.25338,1.94546
17,4.48,2.34545,2.34545,2.28164,1.97844
17,4.5,2.34645,2.34645,2.29609,1.99536
17,4.54008,2.34801,2.34801,2.32447,2.02876
17,4.596,2.34926,2.34926,2.36282,2.07423
17,4.64072,2.34951,2.34951,2.39244,2.10963
17,4.712,2.34862,2.34862,2.43773,2.1643
17,4.7436,2.34776,2.34776,2.45706,2.18786
17,4.828,2.34413,2.34413,2.50644,2.24864
17,4.84876,2.34296,2.34296,2.51809,2.26312
17,4.944,2.3363,2.3363,2.56899,2.32703
17,4.95626,2.3353,2.3353,2.57523,2.33495
17,5,2.33146,2.33146,2.59693,2.36263
17,5.06,2.32556,2.32556,2.62516,2.3991
17,5.06613,2.32491,2.32491,2.62794,2.40273
17,5.176,2.31224,2.31224,2.6745,2.4646
17,5.17844,2.31194,2.31194,2.67546,2.46591
17,5.292,2.29688,2.29688,2.71669,2.52343
17,5.29324,2.29671,2.29671,2.71711,2.52402
17,5.408,2.27981,2.27981,2.75147,2.57549
17,5.41059,2.27941,2.27941,2.75216,2.57657
17,5.5,2.26521,2.26521,2.77408,2.61185
17,5.524,2.26127,2.26127,2.7793,2.62062
17,5.53053,2.26018,2.26018,2.78068,2.62296
17,5.64,2.2415,2.2415,2.8008,2.6589
17,5.65314,2.23919,2.23919,2.80282,2.6628
17,5.756,2.22073,2.22073,2.81556,2.69031
17,5.77846,2.21662,2.21662,2.81758,2.6956
17,5.872,2.19918,2.19918,2.82333,2.71488
17,5.90656,2.19262,2.19262,2.82446,2.72092
17,5.988,2.17694,2.17694,2.82528,2.73295
17,6,2.1746,2.1746,2.82521,2.73446
17,6.03751,2.16726,2.16726,2.82464,2.73877
17,6.104,2.15414,2.15414,2.82222,2.74481
17,6.17135,2.14068,2.14068,2.81782,2.74884
17,6.22,2.13084,2.13084,2.81327,2.75048
17,6.30816,2.11261,2.11261,2.80244,2.75098
17,6.336,2.10671,2.10671,2.79843,2.75053
17,6.44801,2.08208,2.08208,2.78032,2.7458
17,6.452,2.08118,2.08118,2.77962,2.74554
17,6.5,2.07013,2.07013,2.7708,2.74196
17,6.568,2.05405,2.05405,2.75682,2.73552
17,6.59095,2.04851,2.04851,2.75162,2.73303
17,6.684,2.02545,2.02545,2.72868,2.7213
17,6.73707,2.01184,2.01184,2.71466,2.71337
17,6.8,1.99522,1.99522,2.69739,2.70285
17,6.88642,1.97155,1.97155,2.67185,2.68658
17,6.916,1.96324,1.96324,2.66243,2.68057
17,7,1.93903,1.93903,2.63414,2.66234
17,7.032,1.92958,1.92958,2.62283,2.65494
17,7.03908,1.92747,1.92747,2.6203,2.65327
17,7.148,1.89425,1.89425,2.58006,2.62613
17,7.19513,1.87941,1.87941,2.56196,2.61358
17,7.264,1.85723,1.85723,2.53488,2.5944
17,7.35464,1.8271,1.8271,2.49735,2.56769
17,7.38,1.81848,1.81848,2.48623,2.55993
17,7.496,1.77799,1.77799,2.43291,2.52288
17,7.5,1.77656,1.77656,2.43103,2.52156
17,7.51769,1.77022,1.77022,2.42275,2.51568
17,7.612,1.73572,1.73572,2.37822,2.4834
17,7.68434,1.70845,1.70845,2.34303,2.45761
17,7.728,1.69166,1.69166,2.3211,2.44162
17,7.844,1.6458,1.6458,2.25997,2.3976
17,7.8547,1.64148,1.64148,2.25409,2.39344
17,7.96,1.59811,1.59811,2.19484,2.35146
17,8,1.58124,1.58124,2.17244,2.33506
17,8.02883,1.56895,1.56895,2.15638,2.32309
17,8.076,1.54858,1.54858,2.12983,2.30323
17,8.192,1.49724,1.49724,2.06091,2.25302
17,8.20682,1.49056,1.49056,2.05194,2.24646
17,8.308,1.44421,1.44421,1.99061,2.20091
17,8.38875,1.40634,1.40634,1.93999,2.16354
17,8.424,1.38957,1.38957,1.91738,2.14695
17,8.5,1.3529,1.3529,1.86792,2.11062
17,8.54,1.33334,1.33334,1.84164,2.09119
17,8.57472,1.31622,1.31622,1.8189,2.07414
17,8.656,1.27564,1.27564,1.76542,2.0336
17,8.76481,1.22031,1.22031,1.69105,1.97804
17,8.772,1.21661,1.21661,1.68608,1.97432
17,8.888,1.15642,1.15642,1.60607,1.91345
17,8.95912,1.11901,1.11901,1.55694,1.87537
17,9,1.09735,1.09735,1.52838,1.85322
17,9.004,1.09523,1.09523,1.52555,1.85104
17,9.12,1.03324,1.03324,1.44235,1.78715
17,9.15773,1.01294,1.01294,1.41537,1.76606
17,9.236,0.970689,0.970689,1.35996,1.72185
17,9.352,0.907834,0.907834,1.27731,1.65525
17,9.36075,0.903089,0.903089,1.27102,1.65017
17,9.468,0.844935,0.844935,1.19365,1.58739
17,9.5,0.827614,0.827614,1.17102,1.56847
17,9.56827,0.790733,0.790733,1.12239,1.52779
17,9.584,0.782252,0.782252,1.11111,1.51836
17,9.7,0.720054,0.720054,1.0282,1.44832
17,9.78039,0.677374,0.677374,0.971094,1.39928
17,9.816,0.658584,0.658584,0.945854,1.37745
17,9.932,0.598067,0.598067,0.863847,1.30595
17,9.99721,0.564543,0.564543,0.818177,1.26542
17,10,0.563116,0.563116,0.816228,1.26368
17,10.048,0.538691,0.538691,0.782764,1.23365
17,10.164,0.480608,0.480608,0.70254,1.16056
17,10.2188,0.453646,0.453646,0.664989,1.12581
17,10.28,0.423954,0.423954,0.62338,1.08695
17,10.396,0.368764,0.368764,0.545336,1.01297
17,10.4454,0.345812,0.345812,0.512435,0.98139
17,10.5,0.320852,0.320852,0.476098,0.946394
17,10.512,0.315431,0.315431,0.468205,0.938701
17,10.628,0.26388,0.26388,0.392444,0.864271
17,10.6769,0.242244,0.242244,0.360801,0.832861
17,10.744,0.212842,0.212842,0.317784,0.789809
17,10.86,0.163562,0.163562,0.244348,0.715436
17,10.9136,0.141344,0.141344,0.210786,0.68111
17,10.976,0.115919,0.115919,0.172099,0.641244
17,11,0.10627,0.10627,0.157315,0.62593
17,11.092,0.069954,0.069954,0.101101,0.56735
17,11.1556,0.045436,0.045436,0.0626423,0.526989
17,11.208,0.0255387,0.0255387,0.0311594,0.493746
17,11.324,0,0,0,0.420187
17,11.4029,0,0,0,0.370486
17,11.44,0,0,0,0.347248
17,11.5,0,0,0,0.309906
17,11.556,0,0,0,0.275264
17,11.6557,0,0,0,0.213829
17,11.672,0,0,0,0.203759
17,11.788,0,0,0,0.132276
17,11.904,0,0,0,0.0619111
17,11.9141,0,0,0,0.0558831
17,12,0,0,0,0.00496634
17,12.02,0,0,0,0
17,12.136,0,0,0,0
17,12.1782,0,0,0,0
17,12.252,0,0,0,0
17,12.368,0,0,0,0
17,12.4482,0,0,0,0
17,12.484,0,0,0,0
17,12.5,0,0,0,0
17,12.6,0,0,0,0
17,12.716,0,0,0,0
17,12.7241,0,0,0,0
17,12.832,0,0,0,0
17,12.948,0,0,0,0
17,13,0,0,0,0
17,13.0062,0,0,0,0
17,13.064,0,0,0,0
17,13.18,0,0,0,0
17,13.2945,0,0,0,0
17,13.296,0,0,0,0
17,13.412,0,0,0,0
17,13.5,0,0,0,0
17,13.528,0,0,0,0
17,13.5893,0,0,0,0
17,13.644,0,0,0,0
17,13.76,0,0,0,0
17,13.876,0,0,0,0
17,13.8905,0,0,0,0
17,13.992,0,0,0,0
17,14,0,0,0,0
17,14.108,0,0,0,0
17,14.1985,0,0,0,0
17,14.224,0,0,0,0
17,14.34,0,0,0,0
17,14.456,0,0,0,0
17,14.5,0,0,0,0
17,14.5132,0,0,0,0
17,14.572,0,0,0,0
17,14.688,0,0,0,0
17,14.804,0,0,0,0
17,14.835,0,0,0,0
17,14.92,0,0,0,0
17,15,0,0,0,0
17,15.036,0,0,0,0
17,15.152,0,0,0,0
17,15.1638,0,0,0,0
17,15.268,0,0,0,0
17,15.384,0,0,0,0
17,15.5,0,0,0,0
18,1,0,0,0,0
18,1.0219,0,0,0,0
18,1.04428,0,0,0,0
18,1.06715,0,0,0,0
18,1.09052,0,0,0,0
18,1.112,0,0,0,0
18,1.11441,0,0,0,0
18,1.13881,0,0,0,0
18,1.16375,0,0,0,0
18,1.18924,0,0,0,0
18,1.21529,0,0,0,0
18,1.224,0,0,0,0
18,1.2419,0,0,0,0
18,1.2691,0,0,0,0
18,1.29689,0,0,0,0
18,1.3253,0,0,0,0
18,1.336,0,0,0,0
18,1.35432,0,0,0,0
18,1.38398,0,0,0,0
18,1.41429,0,0,0,0
18,1.44527,0,0,0,0
18,1.448,0,0,0,0
18,1.47692,0,0,0,0
18,1.5,0,0,0,0
18,1.50927,0,0,0,0
18,1.54232,0,0,0,0
18,1.56,0,0,0,0
18,1.5761,0,0,0,0
18,1.61062,0,0,0,0
18,1.64589,0,0,0,0
18,1.672,0,0,0,0
18,1.68194,0,0,0,0
18,1.71877,0,0,0,0
18,1.75641,0,0,0,0
18,1.784,0,0,0,0
18,1.79488,0,0,0,0
18,1.83419,0,0,0,0
18,1.87436,0,0,0,0
18,1.896,0,0,0,0
18,1.91541,0,0,0,0
18,1.95736,0,0,0,0
18,2,0,0,0,0
18,2.00023,0,0,0,0
18,2.008,0,0,0,0
18,2.04403,0,0,0,0
18,2.0888,0.0377812,0.0377812,0,0
18,2.12,0.144001,0.144001,0,0
18,2.13455,0.191072,0.191072,0,0
18,2.18129,0.33307,0.33307,0,0
18,2.22907,0.465347,0.465347,0,0
18,2.232,0.473084,0.473084,0,0
18,2.27788,0.588912,0.588912,0,0
18,2.32777,0.704909,0.704909,0,0
18,2.344,0.74065,0.74065,0,0
18,2.37875,0.814155,0.814155,0,0
18,2.43085,0.917247,0.917247,0,0
18,2.456,0.964322,0.964322,0,0
18,2.48409,1.01491,1.01491,0,0
18,2.5,1.0428,1.0428,0,0
18,2.53849,1.10797,1.10797,0,0
18,2.568,1.15575,1.15575,0,0
18,2.59408,1.19644,1.19644,0,0
18,2.6509,1.2804,1.2804,0,0
18,2.68,1.32112,1.32112,0,0
18,2.70895,1.36022,1.36022,0.0219396,0
18,2.76828,1.43625,1.43625,0.702243,0.257323
18,2.792,1.46522,1.46522,0.881122,0.512984
18,2.82891,1.50877,1.50877,1.10574,0.809894
18,2.89086,1.57799,1.57799,1.39054,1.15986
18,2.904,1.59208,1.59208,1.44063,1.21928
18,2.95418,1.64412,1.64412,1.60875,1.41371
18,3,1.68929,1.68929,1.73727,1.55809
18,3.016,1.70457,1.70457,1.7778,1.60291
18,3.01888,1.70728,1.70728,1.78488,1.61069
18,3.08499,1.76758,1.76758,1.93167,1.7709
18,3.128,1.80466,1.80466,2.01291,1.85926
18,3.15256,1.8251,1.8251,2.05554,1.90525
18,3.2216,1.87988,1.87988,2.16342,2.0204
18,3.24,1.89383,1.89383,2.18961,2.04807
18,3.29215,1.93196,1.93196,2.25882,2.12071
18,3.352,1.97318,1.97318,2.3302,2.19504
18,3.36425,1.98131,1.98131,2.34388,2.20922
18,3.43793,2.0279,2.0279,2.42029,2.28813
18,3.464,2.04349,2.04349,2.44514,2.3137
18,3.5,2.06427,2.06427,2.47779,2.34724
18,3.51323,2.07169,2.07169,2.48933,2.35908
18,3.576,2.10535,2.10535,2.54103,2.41203
18,3.59017,2.1126,2.1126,2.55205,2.4233
18,3.6688,2.15055,2.15055,2.60924,2.48174
18,3.688,2.15924,2.15924,2.62228,2.49504
18,3.74915,2.18544,2.18544,2.66156,2.53512
18,3.8,2.20554,2.20554,2.69186,2.56604
18,3.83126,2.21716,2.21716,2.7095,2.58404
18,3.912,2.24461,2.24461,2.75187,2.62734
18,3.91516,2.24561,2.24561,2.75344,2.62895
18,4,2.27047,2.27047,2.79329,2.6698
18,4.00091,2.27071,2.27071,2.7937,2.67021
18,4.024,2.2768,2.2768,2.8038,2.68059
18,4.08853,2.29237,2.29237,2.8305,2.70809
18,4.136,2.3025,2.3025,2.84876,2.72696
18,4.17807,2.31055,2.31055,2.86402,2.74279
18,4.248,2.32211,2.32211,2.88757,2.76736
18,4.26958,2.32522,2.32522,2.89439,2.77451
18,4.36,2.33609,2.33609,2.92088,2.80242
18,4.36308,2.3364,2.3364,2.92173,2.80331
18,4.45864,2.34412,2.34412,2.94611,2.82937
18,4.472,2.34492,2.34492,2.94925,2.83277
18,4.5,2.34638,2.34638,2.95562,2.83969
18,4.55629,2.34847,2.34847,2.9676,2.85281
18,4.584,2.34909,2.34909,2.9731,2.85888
18,4.65607,2.34954,2.34954,2.98628,2.87355
18,4.696,2.3491,2.3491,2.99288,2.88097
18,4.75805,2.34749,2.34749,3.00217,2.89151
18,4.808,2.34542,2.34542,3.00877,2.89913
18,4.86225,2.34245,2.34245,3.01506,2.90656
18,4.92,2.33852,2.33852,3.02073,2.91353
18,4.96874,2.33461,2.33461,3.02468,2.91868
18,5,2.33185,2.33185,3.0268,2.92165
18,5.032,2.32881,2.32881,3.02867,2.92441
18,5.07756,2.32415,2.32415,3.03086,2.92787
18,5.144,2.31669,2.31669,3.03316,2.93197
18,5.18876,2.31126,2.31126,3.03412,2.93412
18,5.256,2.30252,2.30252,3.03464,2.93643
18,5.3024,2.29612,2.29612,3.03439,2.93741
18,5.368,2.2866,2.2866,3.03317,2.93795
18,5.41852,2.27893,2.27893,3.03152,2.93771
18,5.48,2.26922,2.26922,3.02874,2.93668
18,5.5,2.26599,2.26599,3.02765,2.93618
18,5.53719,2.25986,2.25986,3.0254,2.93502
18,5.592,2.25062,2.25062,3.02151,2.93279
18,5.65846,2.23909,2.23909,3.01593,2.92928
18,5.704,2.231,2.231,3.01156,2.92637
18,5.78239,2.21674,2.21674,3.00305,2.92042
18,5.816,2.21051,2.21051,2.99901,2.91752
18,5.90903,2.19295,2.19295,2.98664,2.90836
18,5.928,2.18932,2.18932,2.9839,2.90629
18,6,2.1754,2.1754,2.97285,2.89784
18,6.03844,2.1679,2.1679,2.96652,2.89293
18,6.04,2.16759,2.16759,2.96626,2.89273
18,6.152,2.1454,2.1454,2.94607,2.87684
18,6.17068,2.14165,2.14165,2.94245,2.87397
18,6.264,2.12263,2.12263,2.9233,2.85862
18,6.30583,2.11393,2.11393,2.91411,2.85121
18,6.376,2.09901,2.09901,2.89786,2.83804
18,6.44393,2.08404,2.08404,2.88109,2.82438
18,6.488,2.07399,2.07399,2.86967,2.81504
18,6.5,2.0712,2.0712,2.86648,2.81243
18,6.58506,2.05095,2.05095,2.84292,2.79311
18,6.6,2.04732,2.04732,2.83861,2.78956
18,6.712,2.01924,2.01924,2.80456,2.76152
18,6.72927,2.01477,2.01477,2.79904,2.75696
18,6.824,1.98958,1.98958,2.76745,2.73082
18,6.87665,1.97512,1.97512,2.74891,2.71544
18,6.936,1.95841,1.95841,2.72714,2.69737
18,7,1.93989,1.93989,2.7026,2.67699
18,7.02725,1.93184,1.93184,2.69181,2.66802
18,7.048,1.92565,1.92565,2.68346,2.66107
18,7.16,1.89127,1.89127,2.63627,2.62183
18,7.18116,1.8846,1.8846,2.62695,2.61408
18,7.272,1.8553,1.8553,2.58544,2.57956
18,7.33843,1.83321,1.83321,2.55353,2.55303
18,7.384,1.81773,1.81773,2.53088,2.5342
18,7.496,1.77854,1.77854,2.47257,2.48568
18,7.49915,1.77741,1.77741,2.47088,2.48427
18,7.5,1.77711,1.77711,2.47042,2.48389
18,7.608,1.7377,1.7377,2.41046,2.43393
18,7.66338,1.71689,1.71689,2.37838,2.40707
18,7.72,1.69519,1.69519,2.34471,2.37877
18,7.83122,1.65131,1.65131,2.27614,2.3209
18,7.832,1.651,1.651,2.27564,2.32048
18,7.944,1.60513,1.60513,2.20386,2.25948
18,8,1.58157,1.58157,2.16711,2.22814
18,8.00273,1.58041,1.58041,2.16531,2.2266
18,8.056,1.55759,1.55759,2.12993,2.19633
18,8.168,1.5084,1.5084,2.05427,2.13114
18,8.17799,1.50393,1.50393,2.04744,2.12524
18,8.28,1.45759,1.45759,1.97755,2.06484
18,8.3571,1.4217,1.4217,1.92498,2.01936
18,8.392,1.40522,1.40522,1.90145,1.99879
18,8.5,1.35331,1.35331,1.83064,1.9344
18,8.504,1.35136,1.35136,1.82808,1.932
18,8.54013,1.33369,1.33369,1.80513,1.91057
18,8.616,1.29611,1.29611,1.75783,1.86687
18,8.72716,1.24005,1.24005,1.69054,1.80382
18,8.728,1.23963,1.23963,1.69004,1.80335
18,8.84,1.18212,1.18212,1.62678,1.74202
18,8.91829,1.14141,1.14141,1.58485,1.70161
18,8.952,1.12379,1.12379,1.56731,1.68464
18,9,1.09859,1.09859,1.54304,1.66055
18,9.064,1.06477,1.06477,1.51162,1.62894
18,9.11361,1.0384,1.0384,1.48721,1.60509
18,9.176,1.00502,1.00502,1.45696,1.57608
18,9.288,0.944587,0.944587,1.40531,1.52655
18,9.31321,0.930912,0.930912,1.39409,1.51571
18,9.4,0.883708,0.883708,1.35672,1.47957
18,9.5,0.829238,0.829238,1.31625,1.43922
18,9.512,0.822704,0.822704,1.31149,1.43453
18,9.51717,0.819888,0.819888,1.30944,1.43252
18,9.624,0.761859,0.761859,1.26753,1.39193
18,9.72561,0.707007,0.707007,1.2286,1.35449
18,9.736,0.70142,0.70142,1.22472,1.35076
18,9.848,0.641642,0.641642,1.18418,1.3114
18,9.9386,0.593895,0.593895,1.15247,1.2806
18,9.96,0.582714,0.582714,1.14513,1.27346
18,10,0.561914,0.561914,1.13144,1.26025
18,10.072,0.524852,0.524852,1.10724,1.23687
18,10.1563,0.482105,0.482105,1.07954,1.20982
18,10.184,0.468191,0.468191,1.07055,1.20122
18,10.296,0.412877,0.412877,1.0349,1.16723
18,10.3787,0.372919,0.372919,1.00933,1.1427
18,10.408,0.35895,0.35895,1.00037,1.13388
18,10.5,0.315809,0.315809,0.97221,1.1068
18,10.52,0.306565,0.306565,0.966202,1.10107
18,10.606,0.267369,0.267369,0.940705,1.07667
18,10.632,0.255714,0.255714,0.933094,1.06934
18,10.744,0.20653,0.20653,0.900578,1.03818
18,10.8383,0.166326,0.166326,0.873643,1.01245
18,10.856,0.1589,0.1589,0.868613,1.00765
18,10.968,0.112941,0.112941,0.836968,0.977577
18,11,0.100164,0.100164,0.828073,0.969165
18,11.0756,0.0707253,0.0707253,0.807104,0.949199
18,11.08,0.0690578,0.0690578,0.805906,0.948053
18,11.192,0.0268163,0.0268163,0.775289,0.918789
18,11.304,0,0,0.744941,0.889905
18,11.3182,0,0,0.74111,0.886259
18,11.416,0,0,0.714847,0.861298
18,11.5,0,0,0.692457,0.840049
18,11.528,0,0,0.685001,0.832957
18,11.5661,0,0,0.674882,0.823248
18,11.64,0,0,0.655348,0.804937
18,11.752,0,0,0.626081,0.777157
18,11.8194,0,0,0.608522,0.760368
18,11.864,0,0,0.596872,0.749454
18,11.976,0,0,0.56762,0.721964
18,12,0,0,0.561365,0.716054
18,12.0782,0,0,0.541017,0.696905
18,12.088,0,0,0.538487,0.694524
18,12.2,0,0,0.509748,0.667244
18,12.312,0,0,0.481095,0.640075
18,12.3428,0,0,0.473176,0.632635
18,12.424,0,0,0.452442,0.613039
18,12.5,0,0,0.433043,0.594701
18,12.536,0,0,0.423888,0.586058
18,12.6131,0,0,0.404296,0.567636
18,12.648,0,0,0.395388,0.559215
18,12.76,0,0,0.366926,0.532322
18,12.872,0,0,0.338484,0.505507
18,12.8893,0,0,0.334114,0.501375
18,12.984,0,0,0.310212,0.478775
18,13,0,0,0.306168,0.474961
18,13.096,0,0,0.281826,0.452068
18,13.1716,0,0,0.262774,0.434176
18,13.208,0,0,0.253591,0.425464
18,13.32,0,0,0.225283,0.398788
18,13.432,0,0,0.196998,0.372217
18,13.4601,0,0,0.189905,0.365553
18,13.5,0,0,0.17983,0.356082
18,13.544,0,0,0.168742,0.345663
18,13.656,0,0,0.140477,0.319137
18,13.7549,0,0,0.115591,0.295691
18,13.768,0,0,0.112301,0.292576
18,13.88,0,0,0.0841252,0.266102
18,13.992,0,0,0.0559165,0.239758
18,14,0,0,0.0539077,0.237878
18,14.0561,0,0,0.0398347,0.224638
18,14.104,0,0,0.0278251,0.213284
18,14.216,0,0,0,0.186774
18,14.328,0,0,0,0.16037
18,14.3639,0,0,0,0.151887
18,14.44,0,0,0,0.133997
18,14.5,0,0,0,0.11979
18,14.552,0,0,0,0.10745
18,14.664,0,0,0,0.0811031
18,14.6785,0,0,0,0.0776813
18,14.776,0,0,0,0.0547291
18,14.888,0,0,0,0.0283677
18,15,0,0,0,0.00200976
