ID,time,pop,popPred,indivPredMean,indivPredMode
7,-1,-7,-7,-7,-7
7,-0.939759,-7,-7,-7,-7
7,-0.879518,-7,-7,-7,-7
7,-0.819277,-7,-7,-7,-7
7,-0.759036,-7,-7,-7,-7
7,-0.698795,-7,-7,-7,-7
7,-0.638554,-7,-7,-7,-7
7,-0.578313,-7,-7,-7,-7
7,-0.518072,-7,-7,-7,-7
7,-0.457831,-7,-7,-7,-7
7,-0.39759,-7,-7,-7,-7
7,-0.337349,-7,-7,-7,-7
7,-0.277108,-7,-7,-7,-7
7,-0.216867,-7,-7,-7,-7
7,-0.156627,-7,-7,-7,-7
7,-0.0963855,-7,-7,-7,-7
7,-0.0361446,-7,-7,-7,-7
7,0,-7,-7,-7,-7
7,0.0240964,-7,-7,-7,-7
7,0.0843373,-7,-7,-7,-7
7,0.144578,-7,-7,-7,-7
7,0.204819,-7,-7,-7,-7
7,0.26506,-7,-7,-7,-7
7,0.325301,-7,-7,-7,-7
7,0.385542,-7,-7,-7,-7
7,0.445783,-7,-7,-7,-7
7,0.506024,-7,-7,-7,-7
7,0.566265,-7,-7,-7,-7
7,0.626506,-7,-7,-7,-7
7,0.686747,-7,-7,-7,-7
7,0.746988,-7,-7,-7,-7
7,0.807229,-7,-7,-7,-7
7,0.86747,-7,-7,-7,-7
7,0.927711,-7,-7,-7,-7
7,0.987952,-7,-7,-7,-7
7,1,-7,-7,-7,-7
7,1.04819,-7,-7,-7,-4.47986
7,1.10843,-7,-7,-4.73527,-4.20429
7,1.16867,-7,-7,-4.35685,-4.08712
7,1.22892,-7,-7,-4.21992,-4.01362
7,1.28916,-7,-7,-4.13994,-3.95328
7,1.3494,-7,-7,-4.07664,-3.89541
7,1.40964,-7,-7,-4.01654,-3.83665
7,1.46988,-7,-7,-3.95542,-3.77629
7,1.53012,-7,-7,-3.89247,-3.71451
7,1.59036,-7,-7,-3.82791,-3.65173
7,1.6506,-7,-7,-3.76215,-3.58804
7,1.71084,-4.69025,-4.69025,-3.69535,-3.52378
7,1.77108,-3.62994,-3.62994,-3.62791,-3.45883
7,1.83133,-2.86293,-2.86293,-3.55982,-3.39338
7,1.89157,-2.26943,-2.26943,-3.49113,-3.32727
7,1.95181,-1.78875,-1.78875,-3.42184,-3.26069
7,2,-1.46182,-1.46182,-3.36595,-3.20696
7,2.01205,-1.38661,-1.38661,-3.35191,-3.19346
7,2.07229,-1.04235,-1.04235,-3.28132,-3.12575
7,2.13253,-0.743012,-0.743012,-3.21001,-3.0572
7,2.19277,-0.478126,-0.478126,-3.13799,-2.98829
7,2.25301,-0.242663,-0.242663,-3.06538,-2.91849
7,2.31325,-0.030277,-0.030277,-2.99204,-2.84831
7,2.37349,0.162518,0.162518,-2.9179,-2.77731
7,2.43373,0.338668,0.338668,-2.84313,-2.70577
7,2.49398,0.500817,0.500817,-2.7677,-2.63357
7,2.55422,0.651375,0.651375,-2.69145,-2.56053
7,2.61446,0.789617,0.789617,-2.61442,-2.48695
7,2.6747,0.917607,0.917607,-2.53673,-2.41271
7,2.73494,1.03691,1.03691,-2.45828,-2.3378
7,2.79518,1.14812,1.14812,-2.37902,-2.26222
7,2.85542,1.25205,1.25205,-2.29892,-2.18604
7,2.91566,1.34943,1.34943,-2.21807,-2.10905
7,2.9759,1.44076,1.44076,-2.13655,-2.03142
7,3,1.47569,1.47569,-2.10367,-2.00018
7,3.03614,1.52647,1.52647,-2.05405,-1.95314
7,3.09639,1.60695,1.60695,-1.97066,-1.87403
7,3.15663,1.68253,1.68253,-1.88664,-1.79395
7,3.21687,1.75343,1.75343,-1.80173,-1.71332
7,3.27711,1.81992,1.81992,-1.7158,-1.6319
7,3.33735,1.88216,1.88216,-1.62906,-1.54951
7,3.39759,1.94031,1.94031,-1.54154,-1.46652
7,3.45783,1.99452,1.99452,-1.45308,-1.38272
7,3.51807,2.0449,2.0449,-1.36361,-1.29802
7,3.57831,2.09157,2.09157,-1.27322,-1.21252
7,3.63855,2.13461,2.13461,-1.18201,-1.12626
7,3.6988,2.17411,2.17411,-1.08988,-1.03913
7,3.75904,2.21017,2.21017,-0.996545,-0.951037
7,3.81928,2.24288,2.24288,-0.902159,-0.862208
7,3.87952,2.2723,2.2723,-0.806964,-0.772498
7,3.93976,2.29856,2.29856,-0.710761,-0.681776
7,4,2.32171,2.32171,-0.613525,-0.59026
7,4.06024,2.34189,2.34189,-0.515293,-0.497835
7,4.12048,2.35923,2.35923,-0.415995,-0.404423
7,4.18072,2.37382,2.37382,-0.31567,-0.310097
7,4.24096,2.38578,2.38578,-0.21422,-0.214856
7,4.3012,2.39522,2.39522,-0.111672,-0.118653
7,4.36145,2.40227,2.40227,-0.00806231,-0.0214278
7,4.42169,2.40706,2.40706,0.0967011,0.0767106
7,4.48193,2.40973,2.40973,0.202557,0.175823
7,4.54217,2.41039,2.41039,0.309566,0.275996
7,4.60241,2.40917,2.40917,0.417695,0.377146
7,4.66265,2.40619,2.40619,0.526933,0.479312
7,4.72289,2.40161,2.40161,0.637346,0.582496
7,4.78313,2.3956,2.3956,0.74881,0.686645
7,4.84337,2.38823,2.38823,0.861389,0.79176
7,4.90361,2.37959,2.37959,0.975001,0.897799
7,4.96386,2.36978,2.36978,1.08957,1.00472
7,5,2.36337,2.36337,1.15878,1.06928
7,5.0241,2.3589,2.3589,1.20508,1.11247
7,5.08434,2.34708,2.34708,1.32131,1.22098
7,5.14458,2.3344,2.3344,1.43819,1.33012
7,5.20482,2.32093,2.32093,1.55545,1.43975
7,5.26506,2.30672,2.30672,1.67278,1.54969
7,5.3253,2.29185,2.29185,1.78982,1.65965
7,5.38554,2.27634,2.27634,1.90602,1.76933
7,5.44578,2.26027,2.26027,2.02073,1.87829
7,5.50602,2.24372,2.24372,2.13307,1.98597
7,5.56627,2.22677,2.22677,2.24207,2.09172
7,5.62651,2.20946,2.20946,2.34635,2.19467
7,5.68675,2.19181,2.19181,2.44467,2.29385
7,5.74699,2.17377,2.17377,2.53528,2.38813
7,5.80723,2.15539,2.15539,2.6167,2.47624
7,5.86747,2.13673,2.13673,2.68737,2.55689
7,5.92771,2.11781,2.11781,2.74625,2.62886
7,5.98795,2.09866,2.09866,2.79252,2.69106
7,6,2.09481,2.09481,2.80028,2.70226
7,6.04819,2.0793,2.0793,2.82634,2.74273
7,6.10843,2.05976,2.05976,2.84801,2.78338
7,6.16867,2.04005,2.04005,2.85842,2.813
7,6.22892,2.01988,2.01988,2.85844,2.83195
7,6.28916,1.9989,1.9989,2.84952,2.8409
7,6.3494,1.9772,1.9772,2.83348,2.84081
7,6.40964,1.9548,1.9548,2.81158,2.83284
7,6.46988,1.9317,1.9317,2.78504,2.81826
7,6.53012,1.90787,1.90787,2.75491,2.79841
7,6.59036,1.88331,1.88331,2.72213,2.77429
7,6.6506,1.85804,1.85804,2.68767,2.74669
7,6.71084,1.83206,1.83206,2.65216,2.71642
7,6.77108,1.80537,1.80537,2.61619,2.68428
7,6.83133,1.77795,1.77795,2.58025,2.65092
7,6.89157,1.74979,1.74979,2.54472,2.61691
7,6.95181,1.72091,1.72091,2.50991,2.58269
7,7,1.69728,1.69728,2.48277,2.55544
7,7.01205,1.69129,1.69129,2.4761,2.54867
7,7.07229,1.66093,1.66093,2.44351,2.51516
7,7.13253,1.62981,1.62981,2.41226,2.48243
7,7.19277,1.59793,1.59793,2.38245,2.45068
7,7.25301,1.56529,1.56529,2.35419,2.42008
7,7.31325,1.53188,1.53188,2.3275,2.39074
7,7.37349,1.4977,1.4977,2.3024,2.36275
7,7.43373,1.46274,1.46274,2.2789,2.33616
7,7.49398,1.427,1.427,2.25694,2.31102
7,7.55422,1.39046,1.39046,2.2365,2.28732
7,7.61446,1.35313,1.35313,2.21757,2.26507
7,7.6747,1.31501,1.31501,2.20008,2.24424
7,7.73494,1.2761,1.2761,2.18404,2.22483
7,7.79518,1.23639,1.23639,2.16936,2.20679
7,7.85542,1.1959,1.1959,2.15599,2.19009
7,7.91566,1.15462,1.15462,2.14384,2.1747
7,7.9759,1.11256,1.11256,2.13286,2.16056
7,8,1.09552,1.09552,2.12877,2.15525
7,8.03614,1.06972,1.06972,2.12295,2.14764
7,8.09639,1.02611,1.02611,2.11406,2.13589
7,8.15663,0.981747,0.981747,2.10619,2.12528
7,8.21687,0.936655,0.936655,2.0992,2.1157
7,8.27711,0.890834,0.890834,2.09257,2.10609
7,8.33735,0.84428,0.84428,2.08583,2.09553
7,8.39759,0.797038,0.797038,2.07838,2.08411
7,8.45783,0.749157,0.749157,2.06956,2.07198
7,8.51807,0.700649,0.700649,2.05947,2.05933
7,8.57831,0.651498,0.651498,2.04869,2.04634
7,8.63855,0.601739,0.601739,2.03742,2.03288
7,8.6988,0.551455,0.551455,2.02574,2.01889
7,8.75904,0.50069,0.50069,2.01376,2.00445
7,8.81928,0.449456,0.449456,2.00124,1.98955
7,8.87952,0.397774,0.397774,1.98803,1.97413
7,8.93976,0.345791,0.345791,1.97401,1.95824
7,9,0.293579,0.293579,1.95912,1.94186
7,9.06024,0.241107,0.241107,1.94343,1.92499
7,9.12048,0.188291,0.188291,1.92726,1.90763
7,9.18072,0.135311,0.135311,1.91074,1.88974
7,9.24096,0.0823032,0.0823032,1.89345,1.87137
7,9.3012,0.0293333,0.0293333,1.87518,1.85248
7,9.36145,-0.0236153,-0.0236153,1.85621,1.83305
7,9.42169,-0.0763923,-0.0763923,1.8369,1.81307
7,9.48193,-0.12876,-0.12876,1.81703,1.79261
7,9.54217,-0.180753,-0.180753,1.79603,1.77163
7,9.60241,-0.232728,-0.232728,1.77397,1.75012
7,9.66265,-0.284835,-0.284835,1.75196,1.72805
7,9.72289,-0.336451,-0.336451,1.73049,1.70543
7,9.78313,-0.387334,-0.387334,1.70744,1.68224
7,9.84337,-0.437723,-0.437723,1.68309,1.65848
7,9.90361,-0.487884,-0.487884,1.65877,1.63413
7,9.96386,-0.537546,-0.537546,1.63332,1.60919
7,10,-0.567058,-0.567058,1.61776,1.59394
7,10.0241,-0.58661,-0.58661,1.60741,1.58365
7,10.0843,-0.635032,-0.635032,1.58108,1.55753
7,10.1446,-0.682892,-0.682892,1.55364,1.5308
7,10.2048,-0.730105,-0.730105,1.52639,1.5035
7,10.2651,-0.776604,-0.776604,1.49823,1.47562
7,10.3253,-0.822375,-0.822375,1.46893,1.44722
7,10.3855,-0.867434,-0.867434,1.44059,1.41832
7,10.4458,-0.911814,-0.911814,1.40969,1.38896
7,10.506,-0.955416,-0.955416,1.3789,1.35901
7,10.5663,-0.998287,-0.998287,1.34962,1.32842
7,10.6265,-1.04041,-1.04041,1.31682,1.29716
7,10.6867,-1.08187,-1.08187,1.28414,1.26521
7,10.747,-1.12257,-1.12257,1.25089,1.23254
7,10.8072,-1.16254,-1.16254,1.21702,1.19911
7,10.8675,-1.20179,-1.20179,1.1825,1.16491
7,10.9277,-1.24042,-1.24042,1.14727,1.12996
7,10.988,-1.27835,-1.27835,1.11137,1.09428
7,11,-1.28585,-1.28585,1.10411,1.08705
7,11.0482,-1.31555,-1.31555,1.07474,1.05787
7,11.1084,-1.35208,-1.35208,1.03731,1.02077
7,11.1687,-1.38807,-1.38807,0.99914,0.983009
7,11.2289,-1.42349,-1.42349,0.960184,0.944652
7,11.2892,-1.45814,-1.45814,0.920534,0.905667
7,11.3494,-1.49209,-1.49209,0.880064,0.865904
7,11.4096,-1.52565,-1.52565,0.838702,0.825316
7,11.4699,-1.55897,-1.55897,0.796528,0.783842
7,11.5301,-1.59139,-1.59139,0.753515,0.741451
7,11.5904,-1.62268,-1.62268,0.709832,0.69814
7,11.6506,-1.65396,-1.65396,0.665317,0.653869
7,11.7108,-1.68606,-1.68606,0.620008,0.608587
7,11.7711,-1.71696,-1.71696,0.573926,0.562378
7,11.8313,-1.74461,-1.74461,0.526777,0.5154
7,11.8916,-1.77294,-1.77294,0.478744,0.4678
7,11.9518,-1.80345,-1.80345,0.429644,0.419769
7,12,-1.82714,-1.82714,0.389687,0.380827
7,12.012,-1.83302,-1.83302,0.379628,0.370983
7,12.0723,-1.86214,-1.86214,0.328728,0.320945
7,12.1325,-1.88969,-1.88969,0.276835,0.269136
7,12.1928,-1.91743,-1.91743,0.22421,0.214914
7,12.253,-1.94452,-1.94452,0.17006,0.1599
7,12.3133,-1.96964,-1.96964,0.114429,0.105974
7,12.3735,-1.99667,-1.99667,0.0577264,0.0519414
7,12.4337,-2.02386,-2.02386,0.000608502,-0.00459808
7,12.494,-2.05026,-2.05026,-0.0565125,-0.062608
7,12.5542,-2.07616,-2.07616,-0.11511,-0.120945
7,12.6145,-2.10161,-2.10161,-0.174959,-0.180474
7,12.6747,-2.12627,-2.12627,-0.23588,-0.240855
7,12.7349,-2.15241,-2.15241,-0.297835,-0.302344
7,12.7952,-2.17754,-2.17754,-0.360802,-0.36486
7,12.8554,-2.20263,-2.20263,-0.424675,-0.428248
7,12.9157,-2.22758,-2.22758,-0.489503,-0.492912
7,12.9759,-2.25072,-2.25072,-0.555376,-0.558228
7,13,-2.25985,-2.25985,-0.581997,-0.584661
7,13.0361,-2.27368,-2.27368,-0.622186,-0.62491
7,13.0964,-2.29751,-2.29751,-0.689889,-0.692499
7,13.1566,-2.32047,-2.32047,-0.75856,-0.760185
7,13.2169,-2.34329,-2.34329,-0.828297,-0.830229
7,13.2771,-2.36748,-2.36748,-0.899502,-0.899764
7,13.3373,-2.39194,-2.39194,-0.971895,-0.97294
7,13.3976,-2.41514,-2.41514,-1.04532,-1.0456
7,13.4578,-2.43928,-2.43928,-1.11965,-1.11788
7,13.5181,-2.46169,-2.46169,-1.19449,-1.19249
7,13.5783,-2.48324,-2.48324,-1.2698,-1.26671
7,13.6386,-2.5071,-2.5071,-1.34578,-1.34466
7,13.6988,-2.52778,-2.52778,-1.42328,-1.42181
7,13.759,-2.55098,-2.55098,-1.5023,-1.49982
7,13.8193,-2.57414,-2.57414,-1.58174,-1.57722
7,13.8795,-2.5964,-2.5964,-1.66207,-1.65986
7,13.9398,-2.61893,-2.61893,-1.74361,-1.74053
7,14,-2.64092,-2.64092,-1.82577,-1.82148
8,-1,-7,-7,-7,-7
8,-0.939759,-7,-7,-7,-7
8,-0.879518,-7,-7,-7,-7
8,-0.819277,-7,-7,-7,-7
8,-0.759036,-7,-7,-7,-7
8,-0.698795,-7,-7,-7,-7
8,-0.638554,-7,-7,-7,-7
8,-0.578313,-7,-7,-7,-7
8,-0.518072,-7,-7,-7,-7
8,-0.457831,-7,-7,-7,-7
8,-0.39759,-7,-7,-7,-7
8,-0.337349,-7,-7,-7,-7
8,-0.277108,-7,-7,-7,-7
8,-0.216867,-7,-7,-7,-7
8,-0.156627,-7,-7,-7,-7
8,-0.0963855,-7,-7,-7,-7
8,-0.0361446,-7,-7,-7,-7
8,0,-7,-7,-7,-7
8,0.0240964,-7,-7,-7,-7
8,0.0843373,-7,-7,-7,-7
8,0.144578,-7,-7,-7,-7
8,0.204819,-7,-7,-7,-7
8,0.26506,-7,-7,-7,-7
8,0.325301,-7,-7,-7,-7
8,0.385542,-7,-7,-7,-7
8,0.445783,-7,-7,-7,-7
8,0.506024,-7,-7,-7,-7
8,0.566265,-7,-7,-7,-7
8,0.626506,-7,-7,-7,-7
8,0.686747,-7,-7,-7,-7
8,0.746988,-7,-7,-7,-7
8,0.807229,-7,-7,-7,-7
8,0.86747,-7,-7,-7,-7
8,0.927711,-7,-7,-7,-7
8,0.987952,-7,-7,-7,-7
8,1,-7,-7,-7,-7
8,1.04819,-7,-7,-7,-7
8,1.10843,-7,-7,-7,-7
8,1.16867,-7,-7,-7,-7
8,1.22892,-7,-7,-7,-7
8,1.28916,-7,-7,-7,-7
8,1.3494,-7,-7,-7,-7
8,1.40964,-7,-7,-7,-7
8,1.46988,-7,-7,-7,-7
8,1.53012,-7,-7,-7,-7
8,1.59036,-7,-7,-7,-7
8,1.6506,-7,-7,-7,-7
8,1.71084,-4.69025,-4.69025,-7,-7
8,1.77108,-3.62994,-3.62994,-7,-7
8,1.83133,-2.86293,-2.86293,-7,-7
8,1.89157,-2.26943,-2.26943,-7,-7
8,1.95181,-1.78875,-1.78875,-7,-7
8,2,-1.46182,-1.46182,-7,-7
8,2.01205,-1.38661,-1.38661,-7,-7
8,2.07229,-1.04235,-1.04235,-7,-7
8,2.13253,-0.743012,-0.743012,-7,-7
8,2.19277,-0.478126,-0.478126,-7,-7
8,2.25301,-0.242663,-0.242663,-7,-7
8,2.31325,-0.030277,-0.030277,-7,-7
8,2.37349,0.162518,0.162518,-7,-7
8,2.43373,0.338668,0.338668,-7,-7
8,2.49398,0.500817,0.500817,-7,-7
8,2.55422,0.651375,0.651375,-7,-7
8,2.61446,0.789617,0.789617,-3.09942,-7
8,2.6747,0.917607,0.917607,-1.62017,-7
8,2.73494,1.03691,1.03691,-0.824188,-5.58107
8,2.79518,1.14812,1.14812,-0.283558,-2.51234
8,2.85542,1.25205,1.25205,0.122843,-1.43022
8,2.91566,1.34943,1.34943,0.446346,-0.769714
8,2.9759,1.44076,1.44076,0.708606,-0.300514
8,3,1.47569,1.47569,0.802447,-0.145457
8,3.03614,1.52647,1.52647,0.932685,0.0615322
8,3.09639,1.60695,1.60695,1.12618,0.35438
8,3.15663,1.68253,1.68253,1.29564,0.59869
8,3.21687,1.75343,1.75343,1.44528,0.807142
8,3.27711,1.81992,1.81992,1.57853,0.988022
8,3.33735,1.88216,1.88216,1.69799,1.14707
8,3.39759,1.94031,1.94031,1.8056,1.28836
8,3.45783,1.99452,1.99452,1.90286,1.41488
8,3.51807,2.0449,2.0449,1.99093,1.52891
8,3.57831,2.09157,2.09157,2.07077,1.63222
8,3.63855,2.13461,2.13461,2.14312,1.72621
8,3.6988,2.17411,2.17411,2.20859,1.81199
8,3.75904,2.21017,2.21017,2.2677,1.89044
8,3.81928,2.24288,2.24288,2.32087,1.96224
8,3.87952,2.2723,2.2723,2.36854,2.02795
8,3.93976,2.29856,2.29856,2.41102,2.08806
8,4,2.32171,2.32171,2.44865,2.14299
8,4.06024,2.34189,2.34189,2.4817,2.19304
8,4.12048,2.35923,2.35923,2.51041,2.23843
8,4.18072,2.37382,2.37382,2.53506,2.27946
8,4.24096,2.38578,2.38578,2.55589,2.31642
8,4.3012,2.39522,2.39522,2.5732,2.34959
8,4.36145,2.40227,2.40227,2.58728,2.37908
8,4.42169,2.40706,2.40706,2.5984,2.40509
8,4.48193,2.40973,2.40973,2.6068,2.42807
8,4.54217,2.41039,2.41039,2.61271,2.44811
8,4.60241,2.40917,2.40917,2.61634,2.46488
8,4.66265,2.40619,2.40619,2.61791,2.47896
8,4.72289,2.40161,2.40161,2.61761,2.49065
8,4.78313,2.3956,2.3956,2.61564,2.50018
8,4.84337,2.38823,2.38823,2.61216,2.50745
8,4.90361,2.37959,2.37959,2.60734,2.51266
8,4.96386,2.36978,2.36978,2.60132,2.51597
8,5,2.36337,2.36337,2.59717,2.51709
8,5.0241,2.3589,2.3589,2.59419,2.5175
8,5.08434,2.34708,2.34708,2.58604,2.51744
8,5.14458,2.3344,2.3344,2.57696,2.51592
8,5.20482,2.32093,2.32093,2.56702,2.513
8,5.26506,2.30672,2.30672,2.5563,2.50888
8,5.3253,2.29185,2.29185,2.54486,2.50358
8,5.38554,2.27634,2.27634,2.53276,2.49722
8,5.44578,2.26027,2.26027,2.52002,2.48989
8,5.50602,2.24372,2.24372,2.50669,2.48162
8,5.56627,2.22677,2.22677,2.49279,2.47252
8,5.62651,2.20946,2.20946,2.47835,2.46262
8,5.68675,2.19181,2.19181,2.4634,2.45198
8,5.74699,2.17377,2.17377,2.44796,2.44063
8,5.80723,2.15539,2.15539,2.43205,2.42861
8,5.86747,2.13673,2.13673,2.41567,2.41596
8,5.92771,2.11781,2.11781,2.39883,2.40271
8,5.98795,2.09866,2.09866,2.38154,2.38888
8,6,2.09481,2.09481,2.37803,2.38604
8,6.04819,2.0793,2.0793,2.36381,2.37448
8,6.10843,2.05976,2.05976,2.34563,2.35954
8,6.16867,2.04005,2.04005,2.32702,2.34408
8,6.22892,2.01988,2.01988,2.30798,2.32809
8,6.28916,1.9989,1.9989,2.28849,2.3116
8,6.3494,1.9772,1.9772,2.26856,2.29461
8,6.40964,1.9548,1.9548,2.24819,2.27712
8,6.46988,1.9317,1.9317,2.22738,2.25915
8,6.53012,1.90787,1.90787,2.20611,2.24068
8,6.59036,1.88331,1.88331,2.18439,2.22172
8,6.6506,1.85804,1.85804,2.16221,2.20228
8,6.71084,1.83206,1.83206,2.13956,2.18234
8,6.77108,1.80537,1.80537,2.11644,2.16191
8,6.83133,1.77795,1.77795,2.09284,2.14099
8,6.89157,1.74979,1.74979,2.06876,2.11956
8,6.95181,1.72091,1.72091,2.04417,2.09763
8,7,1.69728,1.69728,2.02415,2.07971
8,7.01205,1.69129,1.69129,2.01909,2.07518
8,7.07229,1.66093,1.66093,1.9935,2.05222
8,7.13253,1.62981,1.62981,1.96739,2.02873
8,7.19277,1.59793,1.59793,1.94075,2.00471
8,7.25301,1.56529,1.56529,1.91357,1.98015
8,7.31325,1.53188,1.53188,1.88584,1.95505
8,7.37349,1.4977,1.4977,1.85756,1.92938
8,7.43373,1.46274,1.46274,1.82872,1.90315
8,7.49398,1.427,1.427,1.79929,1.87635
8,7.55422,1.39046,1.39046,1.76928,1.84896
8,7.61446,1.35313,1.35313,1.73867,1.82097
8,7.6747,1.31501,1.31501,1.70746,1.79238
8,7.73494,1.2761,1.2761,1.67563,1.76318
8,7.79518,1.23639,1.23639,1.64317,1.73335
8,7.85542,1.1959,1.1959,1.61006,1.70287
8,7.91566,1.15462,1.15462,1.57631,1.67175
8,7.9759,1.11256,1.11256,1.54189,1.63997
8,8,1.09552,1.09552,1.52794,1.62707
8,8.03614,1.06972,1.06972,1.5068,1.60752
8,8.09639,1.02611,1.02611,1.47103,1.57437
8,8.15663,0.981747,0.981747,1.43455,1.54054
8,8.21687,0.936655,0.936655,1.39737,1.50599
8,8.27711,0.890834,0.890834,1.35946,1.47072
8,8.33735,0.84428,0.84428,1.32082,1.43471
8,8.39759,0.797038,0.797038,1.28144,1.39796
8,8.45783,0.749157,0.749157,1.2413,1.36044
8,8.51807,0.700649,0.700649,1.20039,1.32215
8,8.57831,0.651498,0.651498,1.15869,1.28308
8,8.63855,0.601739,0.601739,1.11621,1.24321
8,8.6988,0.551455,0.551455,1.07293,1.20252
8,8.75904,0.50069,0.50069,1.02883,1.16102
8,8.81928,0.449456,0.449456,0.983899,1.11867
8,8.87952,0.397774,0.397774,0.93813,1.07547
8,8.93976,0.345791,0.345791,0.891518,1.03142
8,9,0.293579,0.293579,0.844054,0.986493
8,9.06024,0.241107,0.241107,0.795721,0.940685
8,9.12048,0.188291,0.188291,0.746504,0.893986
8,9.18072,0.135311,0.135311,0.696408,0.846378
8,9.24096,0.0823032,0.0823032,0.645431,0.797852
8,9.3012,0.0293333,0.0293333,0.59357,0.74841
8,9.36145,-0.0236153,-0.0236153,0.540816,0.698046
8,9.42169,-0.0763923,-0.0763923,0.48717,0.646753
8,9.48193,-0.12876,-0.12876,0.432636,0.594528
8,9.54217,-0.180753,-0.180753,0.377209,0.54136
8,9.60241,-0.232728,-0.232728,0.320885,0.487231
8,9.66265,-0.284835,-0.284835,0.263656,0.43214
8,9.72289,-0.336451,-0.336451,0.20554,0.376102
8,9.78313,-0.387334,-0.387334,0.146555,0.319133
8,9.84337,-0.437723,-0.437723,0.0867302,0.261252
8,9.90361,-0.487884,-0.487884,0.0261147,0.202467
8,9.96386,-0.537546,-0.537546,-0.0352816,0.14279
8,10,-0.567058,-0.567058,-0.0725,0.106562
8,10.0241,-0.58661,-0.58661,-0.0974692,0.0822363
8,10.0843,-0.635032,-0.635032,-0.160434,0.0208347
8,10.1446,-0.682892,-0.682892,-0.224153,-0.041361
8,10.2048,-0.730105,-0.730105,-0.288589,-0.104275
8,10.2651,-0.776604,-0.776604,-0.35372,-0.16781
8,10.3253,-0.822375,-0.822375,-0.419457,-0.231991
8,10.3855,-0.867434,-0.867434,-0.485611,-0.296842
8,10.4458,-0.911814,-0.911814,-0.55183,-0.362279
8,10.506,-0.955416,-0.955416,-0.61806,-0.428117
8,10.5663,-0.998287,-0.998287,-0.684332,-0.494244
8,10.6265,-1.04041,-1.04041,-0.7505,-0.560675
8,10.6867,-1.08187,-1.08187,-0.816476,-0.627327
8,10.747,-1.12257,-1.12257,-0.88222,-0.693859
8,10.8072,-1.16254,-1.16254,-0.947597,-0.759926
8,10.8675,-1.20179,-1.20179,-1.01249,-0.825848
8,10.9277,-1.24042,-1.24042,-1.07688,-0.892055
8,10.988,-1.27835,-1.27835,-1.14052,-0.95769
8,11,-1.28585,-1.28585,-1.15313,-0.970609
8,11.0482,-1.31555,-1.31555,-1.20318,-1.02112
8,11.1084,-1.35208,-1.35208,-1.26487,-1.08324
8,11.1687,-1.38807,-1.38807,-1.32536,-1.14582
8,11.2289,-1.42349,-1.42349,-1.38432,-1.20742
8,11.2892,-1.45814,-1.45814,-1.44176,-1.26777
8,11.3494,-1.49209,-1.49209,-1.49743,-1.32725
8,11.4096,-1.52565,-1.52565,-1.55098,-1.38391
8,11.4699,-1.55897,-1.55897,-1.60266,-1.43844
8,11.5301,-1.59139,-1.59139,-1.65257,-1.49383
8,11.5904,-1.62268,-1.62268,-1.70074,-1.54434
8,11.6506,-1.65396,-1.65396,-1.74682,-1.59254
8,11.7108,-1.68606,-1.68606,-1.79022,-1.64192
8,11.7711,-1.71696,-1.71696,-1.83125,-1.68955
8,11.8313,-1.74461,-1.74461,-1.87073,-1.73433
8,11.8916,-1.77294,-1.77294,-1.90882,-1.77755
8,11.9518,-1.80345,-1.80345,-1.94491,-1.81817
8,12,-1.82714,-1.82714,-1.97235,-1.85005
8,12.012,-1.83302,-1.83302,-1.97911,-1.85877
8,12.0723,-1.86214,-1.86214,-2.01284,-1.897
8,12.1325,-1.88969,-1.88969,-2.04682,-1.93281
8,12.1928,-1.91743,-1.91743,-2.07918,-1.96823
8,12.253,-1.94452,-1.94452,-2.10809,-2.00199
8,12.3133,-1.96964,-1.96964,-2.13515,-2.03372
8,12.3735,-1.99667,-1.99667,-2.16105,-2.06456
8,12.4337,-2.02386,-2.02386,-2.18579,-2.09522
8,12.494,-2.05026,-2.05026,-2.21008,-2.1242
8,12.5542,-2.07616,-2.07616,-2.23371,-2.15015
8,12.6145,-2.10161,-2.10161,-2.25545,-2.17683
8,12.6747,-2.12627,-2.12627,-2.27649,-2.20237
8,12.7349,-2.15241,-2.15241,-2.29705,-2.22693
8,12.7952,-2.17754,-2.17754,-2.31596,-2.25058
8,12.8554,-2.20263,-2.20263,-2.3357,-2.27339
8,12.9157,-2.22758,-2.22758,-2.3562,-2.29541
8,12.9759,-2.25072,-2.25072,-2.37355,-2.31668
8,13,-2.25985,-2.25985,-2.37989,-2.32499
8,13.0361,-2.27368,-2.27368,-2.38936,-2.33725
8,13.0964,-2.29751,-2.29751,-2.40472,-2.3572
8,13.1566,-2.32047,-2.32047,-2.41928,-2.37654
8,13.2169,-2.34329,-2.34329,-2.43516,-2.39535
8,13.2771,-2.36748,-2.36748,-2.4522,-2.41368
8,13.3373,-2.39194,-2.39194,-2.4668,-2.43149
8,13.3976,-2.41514,-2.41514,-2.47992,-2.44879
8,13.4578,-2.43928,-2.43928,-2.49264,-2.46565
8,13.5181,-2.46169,-2.46169,-2.50533,-2.48218
8,13.5783,-2.48324,-2.48324,-2.51854,-2.4985
8,13.6386,-2.5071,-2.5071,-2.53195,-2.51454
8,13.6988,-2.52778,-2.52778,-2.54432,-2.53012
8,13.759,-2.55098,-2.55098,-2.55791,-2.54518
8,13.8193,-2.57414,-2.57414,-2.57259,-2.55999
8,13.8795,-2.5964,-2.5964,-2.58409,-2.5749
8,13.9398,-2.61893,-2.61893,-2.59387,-2.59016
8,14,-2.64092,-2.64092,-2.60425,-2.60532
9,-1,-7,-7,-7,-7
9,-0.939759,-7,-7,-7,-7
9,-0.879518,-7,-7,-7,-7
9,-0.819277,-7,-7,-7,-7
9,-0.759036,-7,-7,-7,-7
9,-0.698795,-7,-7,-7,-7
9,-0.638554,-7,-7,-7,-7
9,-0.578313,-7,-7,-7,-7
9,-0.518072,-7,-7,-7,-7
9,-0.457831,-7,-7,-7,-7
9,-0.39759,-7,-7,-7,-7
9,-0.337349,-7,-7,-7,-7
9,-0.277108,-7,-7,-7,-7
9,-0.216867,-7,-7,-7,-7
9,-0.156627,-7,-7,-7,-7
9,-0.0963855,-7,-7,-7,-7
9,-0.0361446,-7,-7,-7,-7
9,0,-7,-7,-7,-7
9,0.0240964,-7,-7,-7,-7
9,0.0843373,-7,-7,-7,-7
9,0.144578,-7,-7,-7,-7
9,0.204819,-7,-7,-7,-7
9,0.26506,-7,-7,-7,-7
9,0.325301,-7,-7,-7,-7
9,0.385542,-7,-7,-7,-7
9,0.445783,-7,-7,-7,-7
9,0.506024,-7,-7,-7,-7
9,0.566265,-7,-7,-7,-7
9,0.626506,-7,-7,-7,-7
9,0.686747,-7,-7,-7,-7
9,0.746988,-7,-7,-7,-7
9,0.807229,-7,-7,-7,-7
9,0.86747,-7,-7,-7,-7
9,0.927711,-7,-7,-7,-7
9,0.987952,-7,-7,-7,-7
9,1,-7,-7,-7,-7
9,1.04819,-7,-7,-7,-7
9,1.10843,-7,-7,-7,-7
9,1.16867,-7,-7,-7,-7
9,1.22892,-7,-7,-7,-7
9,1.28916,-7,-7,-7,-7
9,1.3494,-7,-7,-7,-7
9,1.40964,-7,-7,-7,-7
9,1.46988,-7,-7,-7,-7
9,1.53012,-7,-7,-7,-7
9,1.59036,-7,-7,-6.34683,-5.19812
9,1.6506,-7,-7,-3.73547,-3.71735
9,1.71084,-4.69025,-4.69025,-2.71098,-2.81869
9,1.77108,-3.62994,-3.62994,-1.99516,-2.17684
9,1.83133,-2.86293,-2.86293,-1.45113,-1.68145
9,1.89157,-2.26943,-2.26943,-1.01656,-1.27953
9,1.95181,-1.78875,-1.78875,-0.657912,-0.94526
9,2,-1.46182,-1.46182,-0.406987,-0.710395
9,2.01205,-1.38661,-1.38661,-0.349079,-0.656655
9,2.07229,-1.04235,-1.04235,-0.0819348,-0.408141
9,2.13253,-0.743012,-0.743012,0.15316,-0.188889
9,2.19277,-0.478126,-0.478126,0.362303,0.00619401
9,2.25301,-0.242663,-0.242663,0.549941,0.181942
9,2.31325,-0.030277,-0.030277,0.719546,0.341331
9,2.37349,0.162518,0.162518,0.873796,0.487211
9,2.43373,0.338668,0.338668,1.01482,0.620925
9,2.49398,0.500817,0.500817,1.14428,0.743914
9,2.55422,0.651375,0.651375,1.26357,0.857639
9,2.61446,0.789617,0.789617,1.37376,0.96314
9,2.6747,0.917607,0.917607,1.47579,1.06128
9,2.73494,1.03691,1.03691,1.57041,1.1528
9,2.79518,1.14812,1.14812,1.65826,1.23832
9,2.85542,1.25205,1.25205,1.73987,1.31838
9,2.91566,1.34943,1.34943,1.81564,1.39342
9,2.9759,1.44076,1.44076,1.88595,1.46382
9,3,1.47569,1.47569,1.91261,1.49076
9,3.03614,1.52647,1.52647,1.95109,1.52991
9,3.09639,1.60695,1.60695,2.01131,1.59199
9,3.15663,1.68253,1.68253,2.06684,1.65031
9,3.21687,1.75343,1.75343,2.11787,1.70509
9,3.27711,1.81992,1.81992,2.16455,1.75652
9,3.33735,1.88216,1.88216,2.20704,1.80475
9,3.39759,1.94031,1.94031,2.24549,1.84993
9,3.45783,1.99452,1.99452,2.28003,1.89218
9,3.51807,2.0449,2.0449,2.31079,1.93162
9,3.57831,2.09157,2.09157,2.33793,1.96837
9,3.63855,2.13461,2.13461,2.36161,2.00251
9,3.6988,2.17411,2.17411,2.38201,2.03413
9,3.75904,2.21017,2.21017,2.39927,2.06329
9,3.81928,2.24288,2.24288,2.41351,2.09011
9,3.87952,2.2723,2.2723,2.42486,2.11467
9,3.93976,2.29856,2.29856,2.43338,2.13701
9,4,2.32171,2.32171,2.43916,2.15721
9,4.06024,2.34189,2.34189,2.44245,2.17536
9,4.12048,2.35923,2.35923,2.4436,2.19153
9,4.18072,2.37382,2.37382,2.4427,2.20575
9,4.24096,2.38578,2.38578,2.43979,2.218
9,4.3012,2.39522,2.39522,2.43498,2.22824
9,4.36145,2.40227,2.40227,2.42832,2.23641
9,4.42169,2.40706,2.40706,2.41975,2.24251
9,4.48193,2.40973,2.40973,2.40945,2.24672
9,4.54217,2.41039,2.41039,2.39752,2.24912
9,4.60241,2.40917,2.40917,2.38399,2.24982
9,4.66265,2.40619,2.40619,2.36905,2.24893
9,4.72289,2.40161,2.40161,2.35272,2.24655
9,4.78313,2.3956,2.3956,2.33505,2.24274
9,4.84337,2.38823,2.38823,2.31611,2.23744
9,4.90361,2.37959,2.37959,2.29604,2.23066
9,4.96386,2.36978,2.36978,2.27482,2.22254
9,5,2.36337,2.36337,2.26158,2.21709
9,5.0241,2.3589,2.3589,2.25253,2.21321
9,5.08434,2.34708,2.34708,2.22918,2.2027
9,5.14458,2.3344,2.3344,2.20482,2.19102
9,5.20482,2.32093,2.32093,2.1795,2.17822
9,5.26506,2.30672,2.30672,2.15324,2.16432
9,5.3253,2.29185,2.29185,2.12606,2.14938
9,5.38554,2.27634,2.27634,2.09801,2.13345
9,5.44578,2.26027,2.26027,2.06908,2.1166
9,5.50602,2.24372,2.24372,2.03932,2.09886
9,5.56627,2.22677,2.22677,2.00874,2.08028
9,5.62651,2.20946,2.20946,1.97733,2.06086
9,5.68675,2.19181,2.19181,1.94513,2.04062
9,5.74699,2.17377,2.17377,1.91216,2.01955
9,5.80723,2.15539,2.15539,1.87841,1.99765
9,5.86747,2.13673,2.13673,1.84389,1.97499
9,5.92771,2.11781,2.11781,1.80861,1.9516
9,5.98795,2.09866,2.09866,1.77257,1.9275
9,6,2.09481,2.09481,1.76528,1.9226
9,6.04819,2.0793,2.0793,1.7358,1.9027
9,6.10843,2.05976,2.05976,1.69829,1.87719
9,6.16867,2.04005,2.04005,1.66005,1.851
9,6.22892,2.01988,2.01988,1.62108,1.82415
9,6.28916,1.9989,1.9989,1.58142,1.79665
9,6.3494,1.9772,1.9772,1.54105,1.7685
9,6.40964,1.9548,1.9548,1.49991,1.73973
9,6.46988,1.9317,1.9317,1.45811,1.71032
9,6.53012,1.90787,1.90787,1.41564,1.68026
9,6.59036,1.88331,1.88331,1.37253,1.64957
9,6.6506,1.85804,1.85804,1.32878,1.61828
9,6.71084,1.83206,1.83206,1.28431,1.5864
9,6.77108,1.80537,1.80537,1.23923,1.55397
9,6.83133,1.77795,1.77795,1.1935,1.521
9,6.89157,1.74979,1.74979,1.14716,1.48746
9,6.95181,1.72091,1.72091,1.10023,1.45338
9,7,1.69728,1.69728,1.06228,1.42572
9,7.01205,1.69129,1.69129,1.05273,1.41876
9,7.07229,1.66093,1.66093,1.00468,1.3836
9,7.13253,1.62981,1.62981,0.956108,1.34793
9,7.19277,1.59793,1.59793,0.907029,1.31175
9,7.25301,1.56529,1.56529,0.85749,1.27509
9,7.31325,1.53188,1.53188,0.807515,1.23795
9,7.37349,1.4977,1.4977,0.757111,1.20035
9,7.43373,1.46274,1.46274,0.706332,1.16229
9,7.49398,1.427,1.427,0.655213,1.12379
9,7.55422,1.39046,1.39046,0.603792,1.08488
9,7.61446,1.35313,1.35313,0.552108,1.04557
9,7.6747,1.31501,1.31501,0.500202,1.00588
9,7.73494,1.2761,1.2761,0.448129,0.965837
9,7.79518,1.23639,1.23639,0.395957,0.925461
9,7.85542,1.1959,1.1959,0.343768,0.884761
9,7.91566,1.15462,1.15462,0.291561,0.843782
9,7.9759,1.11256,1.11256,0.239364,0.802555
9,8,1.09552,1.09552,0.218497,0.785997
9,8.03614,1.06972,1.06972,0.187221,0.761095
9,8.09639,1.02611,1.02611,0.135196,0.719447
9,8.15663,0.981747,0.981747,0.0833211,0.677627
9,8.21687,0.936655,0.936655,0.0316775,0.635643
9,8.27711,0.890834,0.890834,-0.019579,0.593573
9,8.33735,0.84428,0.84428,-0.0701972,0.551445
9,8.39759,0.797038,0.797038,-0.120194,0.509275
9,8.45783,0.749157,0.749157,-0.169597,0.467113
9,8.51807,0.700649,0.700649,-0.218347,0.424943
9,8.57831,0.651498,0.651498,-0.266352,0.382784
9,8.63855,0.601739,0.601739,-0.313666,0.340769
9,8.6988,0.551455,0.551455,-0.360419,0.298929
9,8.75904,0.50069,0.50069,-0.406676,0.257261
9,8.81928,0.449456,0.449456,-0.452354,0.215709
9,8.87952,0.397774,0.397774,-0.497235,0.174133
9,8.93976,0.345791,0.345791,-0.541112,0.132645
9,9,0.293579,0.293579,-0.584227,0.0915071
9,9.06024,0.241107,0.241107,-0.626781,0.0508404
9,9.12048,0.188291,0.188291,-0.668649,0.0106006
9,9.18072,0.135311,0.135311,-0.709319,-0.0293573
9,9.24096,0.0823032,0.0823032,-0.748215,-0.0692155
9,9.3012,0.0293333,0.0293333,-0.786127,-0.108757
9,9.36145,-0.0236153,-0.0236153,-0.824316,-0.147794
9,9.42169,-0.0763923,-0.0763923,-0.863351,-0.186266
9,9.48193,-0.12876,-0.12876,-0.900571,-0.224339
9,9.54217,-0.180753,-0.180753,-0.935195,-0.262151
9,9.60241,-0.232728,-0.232728,-0.969165,-0.29961
9,9.66265,-0.284835,-0.284835,-1.00256,-0.336665
9,9.72289,-0.336451,-0.336451,-1.03439,-0.373256
9,9.78313,-0.387334,-0.387334,-1.06617,-0.409365
9,9.84337,-0.437723,-0.437723,-1.09931,-0.444986
9,9.90361,-0.487884,-0.487884,-1.13003,-0.48007
9,9.96386,-0.537546,-0.537546,-1.15782,-0.514628
9,10,-0.567058,-0.567058,-1.17589,-0.535098
9,10.0241,-0.58661,-0.58661,-1.18807,-0.54863
9,10.0843,-0.635032,-0.635032,-1.21728,-0.582069
9,10.1446,-0.682892,-0.682892,-1.24636,-0.614983
9,10.2048,-0.730105,-0.730105,-1.27326,-0.64732
9,10.2651,-0.776604,-0.776604,-1.29991,-0.67911
9,10.3253,-0.822375,-0.822375,-1.32642,-0.710359
9,10.3855,-0.867434,-0.867434,-1.35023,-0.741045
9,10.4458,-0.911814,-0.911814,-1.3759,-0.771215
9,10.506,-0.955416,-0.955416,-1.40109,-0.800843
9,10.5663,-0.998287,-0.998287,-1.4244,-0.829941
9,10.6265,-1.04041,-1.04041,-1.448,-0.858541
9,10.6867,-1.08187,-1.08187,-1.47112,-0.886615
9,10.747,-1.12257,-1.12257,-1.49243,-0.914203
9,10.8072,-1.16254,-1.16254,-1.51645,-0.941306
9,10.8675,-1.20179,-1.20179,-1.53596,-0.967921
9,10.9277,-1.24042,-1.24042,-1.55801,-0.994089
9,10.988,-1.27835,-1.27835,-1.57865,-1.01979
9,11,-1.28585,-1.28585,-1.58296,-1.02488
9,11.0482,-1.31555,-1.31555,-1.59882,-1.04505
9,11.1084,-1.35208,-1.35208,-1.61872,-1.06989
9,11.1687,-1.38807,-1.38807,-1.63837,-1.0943
9,11.2289,-1.42349,-1.42349,-1.65787,-1.11831
9,11.2892,-1.45814,-1.45814,-1.67733,-1.14193
9,11.3494,-1.49209,-1.49209,-1.69669,-1.16516
9,11.4096,-1.52565,-1.52565,-1.71489,-1.18803
9,11.4699,-1.55897,-1.55897,-1.73305,-1.21054
9,11.5301,-1.59139,-1.59139,-1.75101,-1.23272
9,11.5904,-1.62268,-1.62268,-1.76876,-1.25456
9,11.6506,-1.65396,-1.65396,-1.7863,-1.27608
9,11.7108,-1.68606,-1.68606,-1.80364,-1.29727
9,11.7711,-1.71696,-1.71696,-1.82077,-1.31817
9,11.8313,-1.74461,-1.74461,-1.83774,-1.33881
9,11.8916,-1.77294,-1.77294,-1.85455,-1.35921
9,11.9518,-1.80345,-1.80345,-1.87117,-1.37935
9,12,-1.82714,-1.82714,-1.88435,-1.39528
9,12.012,-1.83302,-1.83302,-1.88762,-1.39924
9,12.0723,-1.86214,-1.86214,-1.9039,-1.41889
9,12.1325,-1.88969,-1.88969,-1.92005,-1.43832
9,12.1928,-1.91743,-1.91743,-1.93611,-1.45746
9,12.253,-1.94452,-1.94452,-1.95212,-1.47631
9,12.3133,-1.96964,-1.96964,-1.96805,-1.49488
9,12.3735,-1.99667,-1.99667,-1.98385,-1.51317
9,12.4337,-2.02386,-2.02386,-1.99951,-1.53135
9,12.494,-2.05026,-2.05026,-2.01503,-1.54953
9,12.5542,-2.07616,-2.07616,-2.03048,-1.56783
9,12.6145,-2.10161,-2.10161,-2.0459,-1.58634
9,12.6747,-2.12627,-2.12627,-2.0613,-1.60467
9,12.7349,-2.15241,-2.15241,-2.07659,-1.62253
9,12.7952,-2.17754,-2.17754,-2.09167,-1.63971
9,12.8554,-2.20263,-2.20263,-2.10649,-1.65601
9,12.9157,-2.22758,-2.22758,-2.12117,-1.67218
9,12.9759,-2.25072,-2.25072,-2.13591,-1.68892
9,13,-2.25985,-2.25985,-2.14184,-1.69588
9,13.0361,-2.27368,-2.27368,-2.15081,-1.70639
9,13.0964,-2.29751,-2.29751,-2.16594,-1.72374
9,13.1566,-2.32047,-2.32047,-2.18115,-1.74048
9,13.2169,-2.34329,-2.34329,-2.19644,-1.75685
9,13.2771,-2.36748,-2.36748,-2.21176,-1.77321
9,13.3373,-2.39194,-2.39194,-2.22696,-1.78966
9,13.3976,-2.41514,-2.41514,-2.24188,-1.80603
9,13.4578,-2.43928,-2.43928,-2.25639,-1.82226
9,13.5181,-2.46169,-2.46169,-2.27073,-1.83837
9,13.5783,-2.48324,-2.48324,-2.28526,-1.85446
9,13.6386,-2.5071,-2.5071,-2.3002,-1.87054
9,13.6988,-2.52778,-2.52778,-2.31554,-1.88653
9,13.759,-2.55098,-2.55098,-2.33069,-1.90238
9,13.8193,-2.57414,-2.57414,-2.34534,-1.91815
9,13.8795,-2.5964,-2.5964,-2.3593,-1.93393
9,13.9398,-2.61893,-2.61893,-2.3732,-1.94977
9,14,-2.64092,-2.64092,-2.38748,-1.96551
10,-1,-7,-7,-7,-7
10,-0.939759,-7,-7,-7,-7
10,-0.879518,-7,-7,-7,-7
10,-0.819277,-7,-7,-7,-7
10,-0.759036,-7,-7,-7,-7
10,-0.698795,-7,-7,-7,-7
10,-0.638554,-7,-7,-7,-7
10,-0.578313,-7,-7,-7,-7
10,-0.518072,-7,-7,-7,-7
10,-0.457831,-7,-7,-7,-7
10,-0.39759,-7,-7,-7,-7
10,-0.337349,-7,-7,-7,-7
10,-0.277108,-7,-7,-7,-7
10,-0.216867,-7,-7,-7,-7
10,-0.156627,-7,-7,-7,-7
10,-0.0963855,-7,-7,-7,-7
10,-0.0361446,-7,-7,-7,-7
10,0,-7,-7,-7,-7
10,0.0240964,-7,-7,-7,-7
10,0.0843373,-7,-7,-7,-7
10,0.144578,-7,-7,-7,-7
10,0.204819,-7,-7,-7,-7
10,0.26506,-7,-7,-7,-7
10,0.325301,-7,-7,-7,-7
10,0.385542,-7,-7,-7,-7
10,0.445783,-7,-7,-7,-7
10,0.506024,-7,-7,-7,-7
10,0.566265,-7,-7,-7,-7
10,0.626506,-7,-7,-7,-7
10,0.686747,-7,-7,-7,-7
10,0.746988,-7,-7,-7,-7
10,0.807229,-7,-7,-7,-7
10,0.86747,-7,-7,-7,-7
10,0.927711,-7,-7,-7,-7
10,0.987952,-7,-7,-7,-7
10,1,-7,-7,-7,-7
10,1.04819,-7,-7,-7,-7
10,1.10843,-7,-7,-7,-7
10,1.16867,-7,-7,-7,-7
10,1.22892,-7,-7,-7,-7
10,1.28916,-7,-7,-7,-7
10,1.3494,-7,-7,-7,-7
10,1.40964,-7,-7,-2.92666,-3.73618
10,1.46988,-7,-7,-1.66079,-2.13027
10,1.53012,-7,-7,-0.865851,-1.21117
10,1.59036,-7,-7,-0.292002,-0.57104
10,1.6506,-7,-7,0.153248,-0.0847998
10,1.71084,-4.69025,-4.69025,0.514718,0.304313
10,1.77108,-3.62994,-3.62994,0.816068,0.626333
10,1.83133,-2.86293,-2.86293,1.07364,0.89925
10,1.89157,-2.26943,-2.26943,1.29607,1.1346
10,1.95181,-1.78875,-1.78875,1.49116,1.34014
10,2,-1.46182,-1.46182,1.63059,1.48689
10,2.01205,-1.38661,-1.38661,1.66284,1.52142
10,2.07229,-1.04235,-1.04235,1.81452,1.68267
10,2.13253,-0.743012,-0.743012,1.95081,1.82667
10,2.19277,-0.478126,-0.478126,2.07145,1.95516
10,2.25301,-0.242663,-0.242663,2.17657,2.07007
10,2.31325,-0.030277,-0.030277,2.27151,2.17292
10,2.37349,0.162518,0.162518,2.35606,2.26505
10,2.43373,0.338668,0.338668,2.43039,2.3467
10,2.49398,0.500817,0.500817,2.49476,2.41734
10,2.55422,0.651375,0.651375,2.54953,2.47849
10,2.61446,0.789617,0.789617,2.59523,2.52991
10,2.6747,0.917607,0.917607,2.63242,2.57358
10,2.73494,1.03691,1.03691,2.66165,2.60908
10,2.79518,1.14812,1.14812,2.68346,2.63789
10,2.85542,1.25205,1.25205,2.69854,2.66058
10,2.91566,1.34943,1.34943,2.70744,2.67649
10,2.9759,1.44076,1.44076,2.71085,2.6862
10,3,1.47569,1.47569,2.71079,2.68852
10,3.03614,1.52647,1.52647,2.70928,2.6905
10,3.09639,1.60695,1.60695,2.70322,2.68987
10,3.15663,1.68253,1.68253,2.69321,2.68486
10,3.21687,1.75343,1.75343,2.67969,2.67615
10,3.27711,1.81992,1.81992,2.66305,2.66436
10,3.33735,1.88216,1.88216,2.64371,2.64947
10,3.39759,1.94031,1.94031,2.622,2.63188
10,3.45783,1.99452,1.99452,2.59819,2.6119
10,3.51807,2.0449,2.0449,2.57256,2.58983
10,3.57831,2.09157,2.09157,2.54532,2.56592
10,3.63855,2.13461,2.13461,2.51669,2.54041
10,3.6988,2.17411,2.17411,2.48684,2.51349
10,3.75904,2.21017,2.21017,2.45593,2.48534
10,3.81928,2.24288,2.24288,2.42408,2.45611
10,3.87952,2.2723,2.2723,2.39143,2.42594
10,3.93976,2.29856,2.29856,2.35807,2.39494
10,4,2.32171,2.32171,2.32408,2.36321
10,4.06024,2.34189,2.34189,2.28955,2.33085
10,4.12048,2.35923,2.35923,2.25454,2.29794
10,4.18072,2.37382,2.37382,2.21912,2.26455
10,4.24096,2.38578,2.38578,2.18334,2.23073
10,4.3012,2.39522,2.39522,2.14726,2.19656
10,4.36145,2.40227,2.40227,2.11093,2.16207
10,4.42169,2.40706,2.40706,2.07438,2.12731
10,4.48193,2.40973,2.40973,2.03764,2.09233
10,4.54217,2.41039,2.41039,2.00075,2.05715
10,4.60241,2.40917,2.40917,1.96374,2.02182
10,4.66265,2.40619,2.40619,1.92664,1.98635
10,4.72289,2.40161,2.40161,1.88947,1.95077
10,4.78313,2.3956,2.3956,1.85226,1.91512
10,4.84337,2.38823,2.38823,1.81503,1.87941
10,4.90361,2.37959,2.37959,1.7778,1.84367
10,4.96386,2.36978,2.36978,1.74058,1.80791
10,5,2.36337,2.36337,1.71826,1.78646
10,5.0241,2.3589,2.3589,1.7034,1.77216
10,5.08434,2.34708,2.34708,1.66627,1.73642
10,5.14458,2.3344,2.3344,1.6292,1.70072
10,5.20482,2.32093,2.32093,1.59222,1.66508
10,5.26506,2.30672,2.30672,1.55535,1.6295
10,5.3253,2.29185,2.29185,1.51859,1.59401
10,5.38554,2.27634,2.27634,1.48196,1.55862
10,5.44578,2.26027,2.26027,1.44547,1.52334
10,5.50602,2.24372,2.24372,1.40913,1.48818
10,5.56627,2.22677,2.22677,1.37296,1.45317
10,5.62651,2.20946,2.20946,1.33701,1.41831
10,5.68675,2.19181,2.19181,1.30126,1.38361
10,5.74699,2.17377,2.17377,1.26574,1.3491
10,5.80723,2.15539,2.15539,1.23046,1.31478
10,5.86747,2.13673,2.13673,1.1954,1.28066
10,5.92771,2.11781,2.11781,1.16059,1.24677
10,5.98795,2.09866,2.09866,1.12605,1.21313
10,6,2.09481,2.09481,1.11918,1.20643
10,6.04819,2.0793,2.0793,1.09181,1.17973
10,6.10843,2.05976,2.05976,1.05788,1.1466
10,6.16867,2.04005,2.04005,1.02427,1.11374
10,6.22892,2.01988,2.01988,0.990987,1.08119
10,6.28916,1.9989,1.9989,0.95806,1.04893
10,6.3494,1.9772,1.9772,0.925512,1.017
10,6.40964,1.9548,1.9548,0.893361,0.98541
10,6.46988,1.9317,1.9317,0.861616,0.954171
10,6.53012,1.90787,1.90787,0.83031,0.923293
10,6.59036,1.88331,1.88331,0.79943,0.892801
10,6.6506,1.85804,1.85804,0.769002,0.862715
10,6.71084,1.83206,1.83206,0.739021,0.833036
10,6.77108,1.80537,1.80537,0.709494,0.803783
10,6.83133,1.77795,1.77795,0.680478,0.774983
10,6.89157,1.74979,1.74979,0.651979,0.746639
10,6.95181,1.72091,1.72091,0.624038,0.718756
10,7,1.69728,1.69728,0.602096,0.696793
10,7.01205,1.69129,1.69129,0.596667,0.691352
10,7.07229,1.66093,1.66093,0.569871,0.664442
10,7.13253,1.62981,1.62981,0.543649,0.638027
10,7.19277,1.59793,1.59793,0.517975,0.61212
10,7.25301,1.56529,1.56529,0.492876,0.58674
10,7.31325,1.53188,1.53188,0.468336,0.561895
10,7.37349,1.4977,1.4977,0.44438,0.53759
10,7.43373,1.46274,1.46274,0.421043,0.513839
10,7.49398,1.427,1.427,0.398328,0.490664
10,7.55422,1.39046,1.39046,0.376244,0.468059
10,7.61446,1.35313,1.35313,0.354778,0.446033
10,7.6747,1.31501,1.31501,0.333934,0.424598
10,7.73494,1.2761,1.2761,0.313705,0.403761
10,7.79518,1.23639,1.23639,0.294083,0.383513
10,7.85542,1.1959,1.1959,0.275086,0.363857
10,7.91566,1.15462,1.15462,0.256706,0.344797
10,7.9759,1.11256,1.11256,0.238962,0.326328
10,8,1.09552,1.09552,0.232045,0.319105
10,8.03614,1.06972,1.06972,0.221862,0.308446
10,8.09639,1.02611,1.02611,0.205398,0.291154
10,8.15663,0.981747,0.981747,0.189557,0.274455
10,8.21687,0.936655,0.936655,0.174319,0.258349
10,8.27711,0.890834,0.890834,0.159693,0.242847
10,8.33735,0.84428,0.84428,0.145673,0.227964
10,8.39759,0.797038,0.797038,0.132255,0.213683
10,8.45783,0.749157,0.749157,0.119435,0.199983
10,8.51807,0.700649,0.700649,0.107202,0.186849
10,8.57831,0.651498,0.651498,0.0955622,0.174269
10,8.63855,0.601739,0.601739,0.0845047,0.162256
10,8.6988,0.551455,0.551455,0.0739348,0.15082
10,8.75904,0.50069,0.50069,0.0637284,0.139975
10,8.81928,0.449456,0.449456,0.0536327,0.129473
10,8.87952,0.397774,0.397774,0.0430105,0.118901
10,8.93976,0.345791,0.345791,0.0313646,0.107838
10,9,0.293579,0.293579,0.0188741,0.0958685
10,9.06024,0.241107,0.241107,0.00573114,0.0832009
10,9.12048,0.188291,0.188291,-0.00800101,0.069933
10,9.18072,0.135311,0.135311,-0.0222527,0.0562088
10,9.24096,0.0823032,0.0823032,-0.0369499,0.0420281
10,9.3012,0.0293333,0.0293333,-0.052084,0.0271944
10,9.36145,-0.0236153,-0.0236153,-0.0677326,0.0116536
10,9.42169,-0.0763923,-0.0763923,-0.0841244,-0.00463776
10,9.48193,-0.12876,-0.12876,-0.101199,-0.0215471
10,9.54217,-0.180753,-0.180753,-0.118855,-0.0389073
10,9.60241,-0.232728,-0.232728,-0.137086,-0.0565021
10,9.66265,-0.284835,-0.284835,-0.155909,-0.0742526
10,9.72289,-0.336451,-0.336451,-0.175274,-0.0924888
10,9.78313,-0.387334,-0.387334,-0.195203,-0.111445
10,9.84337,-0.437723,-0.437723,-0.215652,-0.131439
10,9.90361,-0.487884,-0.487884,-0.236629,-0.152163
10,9.96386,-0.537546,-0.537546,-0.25813,-0.17314
10,10,-0.567058,-0.567058,-0.271271,-0.185791
10,10.0241,-0.58661,-0.58661,-0.280128,-0.194283
10,10.0843,-0.635032,-0.635032,-0.302602,-0.215775
10,10.1446,-0.682892,-0.682892,-0.325521,-0.237687
10,10.2048,-0.730105,-0.730105,-0.348883,-0.259957
10,10.2651,-0.776604,-0.776604,-0.372681,-0.282593
10,10.3253,-0.822375,-0.822375,-0.39689,-0.305685
10,10.3855,-0.867434,-0.867434,-0.421476,-0.329303
10,10.4458,-0.911814,-0.911814,-0.446428,-0.353334
10,10.506,-0.955416,-0.955416,-0.471723,-0.377653
10,10.5663,-0.998287,-0.998287,-0.497325,-0.40237
10,10.6265,-1.04041,-1.04041,-0.523188,-0.427628
10,10.6867,-1.08187,-1.08187,-0.549325,-0.453145
10,10.747,-1.12257,-1.12257,-0.575738,-0.47843
10,10.8072,-1.16254,-1.16254,-0.60241,-0.503788
10,10.8675,-1.20179,-1.20179,-0.62932,-0.530166
10,10.9277,-1.24042,-1.24042,-0.656413,-0.557291
10,10.988,-1.27835,-1.27835,-0.683631,-0.583363
10,11,-1.28585,-1.28585,-0.689084,-0.588316
10,11.0482,-1.31555,-1.31555,-0.710909,-0.608288
10,11.1084,-1.35208,-1.35208,-0.738191,-0.635007
10,11.1687,-1.38807,-1.38807,-0.765619,-0.662627
10,11.2289,-1.42349,-1.42349,-0.793305,-0.690067
10,11.2892,-1.45814,-1.45814,-0.821351,-0.718146
10,11.3494,-1.49209,-1.49209,-0.849831,-0.745304
10,11.4096,-1.52565,-1.52565,-0.878361,-0.771583
10,11.4699,-1.55897,-1.55897,-0.906656,-0.800801
10,11.5301,-1.59139,-1.59139,-0.934444,-0.829629
10,11.5904,-1.62268,-1.62268,-0.961554,-0.855805
10,11.6506,-1.65396,-1.65396,-0.988759,-0.882032
10,11.7108,-1.68606,-1.68606,-1.01658,-0.907935
10,11.7711,-1.71696,-1.71696,-1.04491,-0.934486
10,11.8313,-1.74461,-1.74461,-1.0732,-0.964077
10,11.8916,-1.77294,-1.77294,-1.10116,-0.993097
10,11.9518,-1.80345,-1.80345,-1.12903,-1.01968
10,12,-1.82714,-1.82714,-1.15137,-1.04054
10,12.012,-1.83302,-1.83302,-1.15697,-1.04573
10,12.0723,-1.86214,-1.86214,-1.18492,-1.07195
10,12.1325,-1.88969,-1.88969,-1.21277,-1.09893
10,12.1928,-1.91743,-1.91743,-1.24046,-1.12662
10,12.253,-1.94452,-1.94452,-1.26813,-1.15461
10,12.3133,-1.96964,-1.96964,-1.29591,-1.18262
10,12.3735,-1.99667,-1.99667,-1.3237,-1.21047
10,12.4337,-2.02386,-2.02386,-1.35127,-1.23722
10,12.494,-2.05026,-2.05026,-1.37857,-1.26433
10,12.5542,-2.07616,-2.07616,-1.40598,-1.294
10,12.6145,-2.10161,-2.10161,-1.43386,-1.32207
10,12.6747,-2.12627,-2.12627,-1.46174,-1.34701
10,12.7349,-2.15241,-2.15241,-1.48873,-1.37047
10,12.7952,-2.17754,-2.17754,-1.51451,-1.39753
10,12.8554,-2.20263,-2.20263,-1.54053,-1.42559
10,12.9157,-2.22758,-2.22758,-1.56788,-1.45259
10,12.9759,-2.25072,-2.25072,-1.59603,-1.47949
10,13,-2.25985,-2.25985,-1.60724,-1.49023
10,13.0361,-2.27368,-2.27368,-1.62383,-1.50625
10,13.0964,-2.29751,-2.29751,-1.65082,-1.53285
10,13.1566,-2.32047,-2.32047,-1.67786,-1.55941
10,13.2169,-2.34329,-2.34329,-1.70544,-1.58588
10,13.2771,-2.36748,-2.36748,-1.73304,-1.61235
10,13.3373,-2.39194,-2.39194,-1.75978,-1.63879
10,13.3976,-2.41514,-2.41514,-1.78548,-1.66512
10,13.4578,-2.43928,-2.43928,-1.81158,-1.69131
10,13.5181,-2.46169,-2.46169,-1.83913,-1.7175
10,13.5783,-2.48324,-2.48324,-1.86688,-1.7438
10,13.6386,-2.5071,-2.5071,-1.89345,-1.77006
10,13.6988,-2.52778,-2.52778,-1.92018,-1.79607
10,13.759,-2.55098,-2.55098,-1.94708,-1.82192
10,13.8193,-2.57414,-2.57414,-1.9734,-1.84828
10,13.8795,-2.5964,-2.5964,-2.00018,-1.87557
10,13.9398,-2.61893,-2.61893,-2.02725,-1.90248
10,14,-2.64092,-2.64092,-2.053,-1.92758
11,-1,-7,-7,-7,-7
11,-0.939759,-7,-7,-7,-7
11,-0.879518,-7,-7,-7,-7
11,-0.819277,-7,-7,-7,-7
11,-0.759036,-7,-7,-7,-7
11,-0.698795,-7,-7,-7,-7
11,-0.638554,-7,-7,-7,-7
11,-0.578313,-7,-7,-7,-7
11,-0.518072,-7,-7,-7,-7
11,-0.457831,-7,-7,-7,-7
11,-0.39759,-7,-7,-7,-7
11,-0.337349,-7,-7,-7,-7
11,-0.277108,-7,-7,-7,-7
11,-0.216867,-7,-7,-7,-7
11,-0.156627,-7,-7,-7,-7
11,-0.0963855,-7,-7,-7,-7
11,-0.0361446,-7,-7,-7,-7
11,0,-7,-7,-7,-7
11,0.0240964,-7,-7,-7,-7
11,0.0843373,-7,-7,-7,-7
11,0.144578,-7,-7,-7,-7
11,0.204819,-7,-7,-7,-7
11,0.26506,-7,-7,-7,-7
11,0.325301,-7,-7,-7,-7
11,0.385542,-7,-7,-7,-7
11,0.445783,-7,-7,-7,-7
11,0.506024,-7,-7,-7,-7
11,0.566265,-7,-7,-7,-7
11,0.626506,-7,-7,-7,-7
11,0.686747,-7,-7,-7,-7
11,0.746988,-7,-7,-7,-7
11,0.807229,-7,-7,-7,-7
11,0.86747,-7,-7,-7,-7
11,0.927711,-7,-7,-7,-7
11,0.987952,-7,-7,-7,-7
11,1,-7,-7,-7,-7
11,1.04819,-7,-7,-7,-7
11,1.10843,-7,-7,-7,-7
11,1.16867,-7,-7,-7,-7
11,1.22892,-7,-7,-7,-7
11,1.28916,-7,-7,-7,-7
11,1.3494,-7,-7,-7,-7
11,1.40964,-7,-7,-7,-7
11,1.46988,-7,-7,-7,-7
11,1.53012,-7,-7,-7,-7
11,1.59036,-7,-7,-7,-7
11,1.6506,-7,-7,-7,-7
11,1.71084,-4.69025,-4.69025,-4.14469,-7
11,1.77108,-3.62994,-3.62994,-2.36464,-3.11129
11,1.83133,-2.86293,-2.86293,-1.48372,-1.86181
11,1.89157,-2.26943,-2.26943,-0.902005,-1.14364
11,1.95181,-1.78875,-1.78875,-0.47224,-0.647925
11,2,-1.46182,-1.46182,-0.195605,-0.336972
11,2.01205,-1.38661,-1.38661,-0.133432,-0.268389
11,2.07229,-1.04235,-1.04235,0.145687,0.0338812
11,2.13253,-0.743012,-0.743012,0.381746,0.285395
11,2.19277,-0.478126,-0.478126,0.583132,0.499618
11,2.25301,-0.242663,-0.242663,0.758234,0.685046
11,2.31325,-0.030277,-0.030277,0.913181,0.847751
11,2.37349,0.162518,0.162518,1.05155,0.992105
11,2.43373,0.338668,0.338668,1.17607,1.12133
11,2.49398,0.500817,0.500817,1.28882,1.23787
11,2.55422,0.651375,0.651375,1.39148,1.34362
11,2.61446,0.789617,0.789617,1.48533,1.44006
11,2.6747,0.917607,0.917607,1.57143,1.52834
11,2.73494,1.03691,1.03691,1.65064,1.60944
11,2.79518,1.14812,1.14812,1.72368,1.68411
11,2.85542,1.25205,1.25205,1.7911,1.75301
11,2.91566,1.34943,1.34943,1.85341,1.81668
11,2.9759,1.44076,1.44076,1.91102,1.87561
11,3,1.47569,1.47569,1.93282,1.89794
11,3.03614,1.52647,1.52647,1.96426,1.93018
11,3.09639,1.60695,1.60695,2.01345,1.98069
11,3.15663,1.68253,1.68253,2.05884,2.02737
11,3.21687,1.75343,1.75343,2.10064,2.07042
11,3.27711,1.81992,1.81992,2.13906,2.11004
11,3.33735,1.88216,1.88216,2.17428,2.1464
11,3.39759,1.94031,1.94031,2.20647,2.17964
11,3.45783,1.99452,1.99452,2.23581,2.21002
11,3.51807,2.0449,2.0449,2.26244,2.23784
11,3.57831,2.09157,2.09157,2.28648,2.26339
11,3.63855,2.13461,2.13461,2.30808,2.28681
11,3.6988,2.17411,2.17411,2.32737,2.30817
11,3.75904,2.21017,2.21017,2.34446,2.32724
11,3.81928,2.24288,2.24288,2.35949,2.34387
11,3.87952,2.2723,2.2723,2.37256,2.35855
11,3.93976,2.29856,2.29856,2.38383,2.37146
11,4,2.32171,2.32171,2.39341,2.38259
11,4.06024,2.34189,2.34189,2.40138,2.39198
11,4.12048,2.35923,2.35923,2.40783,2.3998
11,4.18072,2.37382,2.37382,2.41287,2.40633
11,4.24096,2.38578,2.38578,2.41665,2.41147
11,4.3012,2.39522,2.39522,2.41925,2.41541
11,4.36145,2.40227,2.40227,2.42075,2.41839
11,4.42169,2.40706,2.40706,2.42123,2.42031
11,4.48193,2.40973,2.40973,2.42086,2.42128
11,4.54217,2.41039,2.41039,2.41968,2.42147
11,4.60241,2.40917,2.40917,2.4177,2.42089
11,4.66265,2.40619,2.40619,2.415,2.41955
11,4.72289,2.40161,2.40161,2.41165,2.41762
11,4.78313,2.3956,2.3956,2.40772,2.41512
11,4.84337,2.38823,2.38823,2.40329,2.41203
11,4.90361,2.37959,2.37959,2.39837,2.40848
11,4.96386,2.36978,2.36978,2.39301,2.40448
11,5,2.36337,2.36337,2.38961,2.40188
11,5.0241,2.3589,2.3589,2.38727,2.40008
11,5.08434,2.34708,2.34708,2.38117,2.39533
11,5.14458,2.3344,2.3344,2.37467,2.39026
11,5.20482,2.32093,2.32093,2.36759,2.38488
11,5.26506,2.30672,2.30672,2.3598,2.37904
11,5.3253,2.29185,2.29185,2.35137,2.37264
11,5.38554,2.27634,2.27634,2.34231,2.36569
11,5.44578,2.26027,2.26027,2.33261,2.35819
11,5.50602,2.24372,2.24372,2.32226,2.35016
11,5.56627,2.22677,2.22677,2.31126,2.3416
11,5.62651,2.20946,2.20946,2.29963,2.33252
11,5.68675,2.19181,2.19181,2.28735,2.32291
11,5.74699,2.17377,2.17377,2.2744,2.31276
11,5.80723,2.15539,2.15539,2.26079,2.30208
11,5.86747,2.13673,2.13673,2.2465,2.29086
11,5.92771,2.11781,2.11781,2.23151,2.27909
11,5.98795,2.09866,2.09866,2.21582,2.26676
11,6,2.09481,2.09481,2.21259,2.26423
11,6.04819,2.0793,2.0793,2.19939,2.25387
11,6.10843,2.05976,2.05976,2.18222,2.24039
11,6.16867,2.04005,2.04005,2.16427,2.22631
11,6.22892,2.01988,2.01988,2.14554,2.21163
11,6.28916,1.9989,1.9989,2.12599,2.19632
11,6.3494,1.9772,1.9772,2.1056,2.18036
11,6.40964,1.9548,1.9548,2.08433,2.16375
11,6.46988,1.9317,1.9317,2.06217,2.14645
11,6.53012,1.90787,1.90787,2.03908,2.12844
11,6.59036,1.88331,1.88331,2.01503,2.10972
11,6.6506,1.85804,1.85804,1.98998,2.09024
11,6.71084,1.83206,1.83206,1.9639,2.06998
11,6.77108,1.80537,1.80537,1.93676,2.04893
11,6.83133,1.77795,1.77795,1.90851,2.02705
11,6.89157,1.74979,1.74979,1.87911,2.00431
11,6.95181,1.72091,1.72091,1.84852,1.98068
11,7,1.69728,1.69728,1.82317,1.96112
11,7.01205,1.69129,1.69129,1.8167,1.95614
11,7.07229,1.66093,1.66093,1.78361,1.93065
11,7.13253,1.62981,1.62981,1.74918,1.90417
11,7.19277,1.59793,1.59793,1.71339,1.87668
11,7.25301,1.56529,1.56529,1.67617,1.84813
11,7.31325,1.53188,1.53188,1.63747,1.8185
11,7.37349,1.4977,1.4977,1.59725,1.78773
11,7.43373,1.46274,1.46274,1.55544,1.75578
11,7.49398,1.427,1.427,1.51198,1.72263
11,7.55422,1.39046,1.39046,1.46683,1.68822
11,7.61446,1.35313,1.35313,1.4199,1.65252
11,7.6747,1.31501,1.31501,1.37115,1.61548
11,7.73494,1.2761,1.2761,1.32052,1.57705
11,7.79518,1.23639,1.23639,1.26792,1.53719
11,7.85542,1.1959,1.1959,1.21331,1.49585
11,7.91566,1.15462,1.15462,1.15664,1.45298
11,7.9759,1.11256,1.11256,1.09785,1.40853
11,8,1.09552,1.09552,1.07373,1.39029
11,8.03614,1.06972,1.06972,1.03689,1.36245
11,8.09639,1.02611,1.02611,0.973699,1.31471
11,8.15663,0.981747,0.981747,0.908224,1.26526
11,8.21687,0.936655,0.936655,0.840465,1.21405
11,8.27711,0.890834,0.890834,0.770427,1.16102
11,8.33735,0.84428,0.84428,0.698074,1.10611
11,8.39759,0.797038,0.797038,0.623305,1.04927
11,8.45783,0.749157,0.749157,0.545963,0.990467
11,8.51807,0.700649,0.700649,0.466168,0.929626
11,8.57831,0.651498,0.651498,0.383823,0.866629
11,8.63855,0.601739,0.601739,0.298574,0.801276
11,8.6988,0.551455,0.551455,0.209595,0.733234
11,8.75904,0.50069,0.50069,0.116581,0.662208
11,8.81928,0.449456,0.449456,0.021198,0.588499
11,8.87952,0.397774,0.397774,-0.0747714,0.512286
11,8.93976,0.345791,0.345791,-0.171135,0.434034
11,9,0.293579,0.293579,-0.269131,0.354448
11,9.06024,0.241107,0.241107,-0.370357,0.273367
11,9.12048,0.188291,0.188291,-0.472811,0.190673
11,9.18072,0.135311,0.135311,-0.575603,0.105688
11,9.24096,0.0823032,0.0823032,-0.678642,0.0169437
11,9.3012,0.0293333,0.0293333,-0.78131,-0.0748708
11,9.36145,-0.0236153,-0.0236153,-0.882897,-0.168615
11,9.42169,-0.0763923,-0.0763923,-0.98294,-0.2631
11,9.48193,-0.12876,-0.12876,-1.08084,-0.358934
11,9.54217,-0.180753,-0.180753,-1.17579,-0.456159
11,9.60241,-0.232728,-0.232728,-1.26766,-0.554123
11,9.66265,-0.284835,-0.284835,-1.35612,-0.652271
11,9.72289,-0.336451,-0.336451,-1.44034,-0.750163
11,9.78313,-0.387334,-0.387334,-1.52093,-0.847305
11,9.84337,-0.437723,-0.437723,-1.5986,-0.943117
11,9.90361,-0.487884,-0.487884,-1.67129,-1.03701
11,9.96386,-0.537546,-0.537546,-1.74027,-1.12858
11,10,-0.567058,-0.567058,-1.7822,-1.18206
11,10.0241,-0.58661,-0.58661,-1.80973,-1.21701
11,10.0843,-0.635032,-0.635032,-1.87269,-1.3022
11,10.1446,-0.682892,-0.682892,-1.93243,-1.38418
11,10.2048,-0.730105,-0.730105,-1.98897,-1.46155
11,10.2651,-0.776604,-0.776604,-2.04694,-1.53669
11,10.3253,-0.822375,-0.822375,-2.10386,-1.60719
11,10.3855,-0.867434,-0.867434,-2.15443,-1.67214
11,10.4458,-0.911814,-0.911814,-2.20368,-1.73811
11,10.506,-0.955416,-0.955416,-2.25193,-1.80112
11,10.5663,-0.998287,-0.998287,-2.29839,-1.85832
11,10.6265,-1.04041,-1.04041,-2.34372,-1.91334
11,10.6867,-1.08187,-1.08187,-2.38613,-1.96888
11,10.747,-1.12257,-1.12257,-2.43001,-2.01682
11,10.8072,-1.16254,-1.16254,-2.47098,-2.06797
11,10.8675,-1.20179,-1.20179,-2.50968,-2.11482
11,10.9277,-1.24042,-1.24042,-2.55016,-2.15761
11,10.988,-1.27835,-1.27835,-2.58675,-2.20261
11,11,-1.28585,-1.28585,-2.59457,-2.20957
11,11.0482,-1.31555,-1.31555,-2.62472,-2.24364
11,11.1084,-1.35208,-1.35208,-2.65956,-2.28406
11,11.1687,-1.38807,-1.38807,-2.69429,-2.32284
11,11.2289,-1.42349,-1.42349,-2.72788,-2.35988
11,11.2892,-1.45814,-1.45814,-2.76034,-2.39604
11,11.3494,-1.49209,-1.49209,-2.79349,-2.43002
11,11.4096,-1.52565,-1.52565,-2.82545,-2.46528
11,11.4699,-1.55897,-1.55897,-2.85676,-2.49819
11,11.5301,-1.59139,-1.59139,-2.88748,-2.53029
11,11.5904,-1.62268,-1.62268,-2.91764,-2.56155
11,11.6506,-1.65396,-1.65396,-2.94758,-2.5921
11,11.7108,-1.68606,-1.68606,-2.97711,-2.62195
11,11.7711,-1.71696,-1.71696,-3.00601,-2.65104
11,11.8313,-1.74461,-1.74461,-3.0348,-2.67958
11,11.8916,-1.77294,-1.77294,-3.06322,-2.70786
11,11.9518,-1.80345,-1.80345,-3.09024,-2.73564
11,12,-1.82714,-1.82714,-3.11178,-2.75731
11,12.012,-1.83302,-1.83302,-3.1173,-2.76268
11,12.0723,-1.86214,-1.86214,-3.14573,-2.78942
11,12.1325,-1.88969,-1.88969,-3.17445,-2.81597
11,12.1928,-1.91743,-1.91743,-3.20203,-2.84135
11,12.253,-1.94452,-1.94452,-3.22693,-2.8656
11,12.3133,-1.96964,-1.96964,-3.25317,-2.89059
11,12.3735,-1.99667,-1.99667,-3.28173,-2.91637
11,12.4337,-2.02386,-2.02386,-3.30765,-2.94161
11,12.494,-2.05026,-2.05026,-3.33433,-2.96617
11,12.5542,-2.07616,-2.07616,-3.36053,-2.99026
11,12.6145,-2.10161,-2.10161,-3.38689,-3.01442
11,12.6747,-2.12627,-2.12627,-3.41309,-3.03916
11,12.7349,-2.15241,-2.15241,-3.43881,-3.06348
11,12.7952,-2.17754,-2.17754,-3.46604,-3.08682
11,12.8554,-2.20263,-2.20263,-3.49084,-3.11089
11,12.9157,-2.22758,-2.22758,-3.51609,-3.13608
11,12.9759,-2.25072,-2.25072,-3.5434,-3.15993
11,13,-2.25985,-2.25985,-3.55293,-3.16891
11,13.0361,-2.27368,-2.27368,-3.56783,-3.18262
11,13.0964,-2.29751,-2.29751,-3.59594,-3.20728
11,13.1566,-2.32047,-2.32047,-3.61972,-3.23122
11,13.2169,-2.34329,-2.34329,-3.64577,-3.25311
11,13.2771,-2.36748,-2.36748,-3.67257,-3.27705
11,13.3373,-2.39194,-2.39194,-3.69805,-3.29923
11,13.3976,-2.41514,-2.41514,-3.72392,-3.32584
11,13.4578,-2.43928,-2.43928,-3.74967,-3.34705
11,13.5181,-2.46169,-2.46169,-3.77499,-3.37036
11,13.5783,-2.48324,-2.48324,-3.80068,-3.39446
11,13.6386,-2.5071,-2.5071,-3.82662,-3.41614
11,13.6988,-2.52778,-2.52778,-3.85223,-3.44263
11,13.759,-2.55098,-2.55098,-3.87796,-3.46342
11,13.8193,-2.57414,-2.57414,-3.90405,-3.48652
11,13.8795,-2.5964,-2.5964,-3.92958,-3.5116
11,13.9398,-2.61893,-2.61893,-3.95475,-3.53472
11,14,-2.64092,-2.64092,-3.98087,-3.55791
12,-1,-7,-7,-7,-7
12,-0.939759,-7,-7,-7,-7
12,-0.879518,-7,-7,-7,-7
12,-0.819277,-7,-7,-7,-7
12,-0.759036,-7,-7,-7,-7
12,-0.698795,-7,-7,-7,-7
12,-0.638554,-7,-7,-7,-7
12,-0.578313,-7,-7,-7,-7
12,-0.518072,-7,-7,-7,-7
12,-0.457831,-7,-7,-7,-7
12,-0.39759,-7,-7,-7,-7
12,-0.337349,-7,-7,-7,-7
12,-0.277108,-7,-7,-7,-7
12,-0.216867,-7,-7,-7,-7
12,-0.156627,-7,-7,-7,-7
12,-0.0963855,-7,-7,-7,-7
12,-0.0361446,-7,-7,-7,-7
12,0,-7,-7,-7,-7
12,0.0240964,-7,-7,-7,-7
12,0.0843373,-7,-7,-7,-7
12,0.144578,-7,-7,-7,-7
12,0.204819,-7,-7,-7,-7
12,0.26506,-7,-7,-7,-7
12,0.325301,-7,-7,-7,-7
12,0.385542,-7,-7,-7,-7
12,0.445783,-7,-7,-7,-7
12,0.506024,-7,-7,-7,-7
12,0.566265,-7,-7,-7,-7
12,0.626506,-7,-7,-7,-7
12,0.686747,-7,-7,-7,-7
12,0.746988,-7,-7,-7,-7
12,0.807229,-7,-7,-7,-7
12,0.86747,-7,-7,-7,-7
12,0.927711,-7,-7,-7,-7
12,0.987952,-7,-7,-7,-7
12,1,-7,-7,-7,-7
12,1.04819,-7,-7,-7,-7
12,1.10843,-7,-7,-7,-7
12,1.16867,-7,-7,-7,-7
12,1.22892,-7,-7,-7,-7
12,1.28916,-7,-7,-7,-7
12,1.3494,-7,-7,-7,-7
12,1.40964,-7,-7,-7,-7
12,1.46988,-7,-7,-7,-7
12,1.53012,-7,-7,-7,-7
12,1.59036,-7,-7,-7,-7
12,1.6506,-7,-7,-7,-7
12,1.71084,-4.69025,-4.69025,-7,-7
12,1.77108,-3.62994,-3.62994,-7,-7
12,1.83133,-2.86293,-2.86293,-7,-7
12,1.89157,-2.26943,-2.26943,-7,-7
12,1.95181,-1.78875,-1.78875,-7,-7
12,2,-1.46182,-1.46182,-7,-7
12,2.01205,-1.38661,-1.38661,-7,-7
12,2.07229,-1.04235,-1.04235,-7,-7
12,2.13253,-0.743012,-0.743012,-7,-7
12,2.19277,-0.478126,-0.478126,-7,-7
12,2.25301,-0.242663,-0.242663,-7,-7
12,2.31325,-0.030277,-0.030277,-7,-7
12,2.37349,0.162518,0.162518,-7,-7
12,2.43373,0.338668,0.338668,-7,-7
12,2.49398,0.500817,0.500817,-7,-7
12,2.55422,0.651375,0.651375,-7,-7
12,2.61446,0.789617,0.789617,-7,-7
12,2.6747,0.917607,0.917607,-7,-7
12,2.73494,1.03691,1.03691,-7,-7
12,2.79518,1.14812,1.14812,-7,-7
12,2.85542,1.25205,1.25205,-7,-7
12,2.91566,1.34943,1.34943,-7,-7
12,2.9759,1.44076,1.44076,-7,-7
12,3,1.47569,1.47569,-7,-7
12,3.03614,1.52647,1.52647,-7,-7
12,3.09639,1.60695,1.60695,-7,-7
12,3.15663,1.68253,1.68253,-7,-7
12,3.21687,1.75343,1.75343,-7,-7
12,3.27711,1.81992,1.81992,-7,-7
12,3.33735,1.88216,1.88216,-7,-7
12,3.39759,1.94031,1.94031,-7,-7
12,3.45783,1.99452,1.99452,-7,-7
12,3.51807,2.0449,2.0449,-7,-7
12,3.57831,2.09157,2.09157,-7,-7
12,3.63855,2.13461,2.13461,-7,-7
12,3.6988,2.17411,2.17411,-7,-7
12,3.75904,2.21017,2.21017,-7,-7
12,3.81928,2.24288,2.24288,-7,-7
12,3.87952,2.2723,2.2723,-7,-7
12,3.93976,2.29856,2.29856,-7,-7
12,4,2.32171,2.32171,-7,-7
12,4.06024,2.34189,2.34189,-7,-7
12,4.12048,2.35923,2.35923,-7,-7
12,4.18072,2.37382,2.37382,-3.92892,-7
12,4.24096,2.38578,2.38578,-2.11986,-7
12,4.3012,2.39522,2.39522,-1.17808,-2.90147
12,4.36145,2.40227,2.40227,-0.546093,-1.61451
12,4.42169,2.40706,2.40706,-0.074506,-0.838171
12,4.48193,2.40973,2.40973,0.298772,-0.286949
12,4.54217,2.41039,2.41039,0.605414,0.136947
12,4.60241,2.40917,2.40917,0.864229,0.478707
12,4.66265,2.40619,2.40619,1.08696,0.763101
12,4.72289,2.40161,2.40161,1.28112,1.0055
12,4.78313,2.3956,2.3956,1.45269,1.21528
12,4.84337,2.38823,2.38823,1.60499,1.39903
12,4.90361,2.37959,2.37959,1.74101,1.56185
12,4.96386,2.36978,2.36978,1.86262,1.70709
12,5,2.36337,2.36337,1.93032,1.78676
12,5.0241,2.3589,2.3589,1.97363,1.83707
12,5.08434,2.34708,2.34708,2.07475,1.95384
12,5.14458,2.3344,2.3344,2.16491,2.05878
12,5.20482,2.32093,2.32093,2.24506,2.15304
12,5.26506,2.30672,2.30672,2.31656,2.2375
12,5.3253,2.29185,2.29185,2.37998,2.31286
12,5.38554,2.27634,2.27634,2.43565,2.37974
12,5.44578,2.26027,2.26027,2.48413,2.43857
12,5.50602,2.24372,2.24372,2.52594,2.48987
12,5.56627,2.22677,2.22677,2.56133,2.53404
12,5.62651,2.20946,2.20946,2.59076,2.57152
12,5.68675,2.19181,2.19181,2.61462,2.60271
12,5.74699,2.17377,2.17377,2.63331,2.62807
12,5.80723,2.15539,2.15539,2.64719,2.64798
12,5.86747,2.13673,2.13673,2.65667,2.66283
12,5.92771,2.11781,2.11781,2.66217,2.67301
12,5.98795,2.09866,2.09866,2.66402,2.67897
12,6,2.09481,2.09481,2.66399,2.67969
12,6.04819,2.0793,2.0793,2.66253,2.68107
12,6.10843,2.05976,2.05976,2.65802,2.67966
12,6.16867,2.04005,2.04005,2.6508,2.67508
12,6.22892,2.01988,2.01988,2.64112,2.66765
12,6.28916,1.9989,1.9989,2.62924,2.65763
12,6.3494,1.9772,1.9772,2.61536,2.64529
12,6.40964,1.9548,1.9548,2.59969,2.63091
12,6.46988,1.9317,1.9317,2.58238,2.61471
12,6.53012,1.90787,1.90787,2.56359,2.59682
12,6.59036,1.88331,1.88331,2.54345,2.57744
12,6.6506,1.85804,1.85804,2.52208,2.55671
12,6.71084,1.83206,1.83206,2.49957,2.53475
12,6.77108,1.80537,1.80537,2.47603,2.51165
12,6.83133,1.77795,1.77795,2.45152,2.4875
12,6.89157,1.74979,1.74979,2.4261,2.46238
12,6.95181,1.72091,1.72091,2.39985,2.43637
12,7,1.69728,1.69728,2.37828,2.41496
12,7.01205,1.69129,1.69129,2.37281,2.40952
12,7.07229,1.66093,1.66093,2.34503,2.38189
12,7.13253,1.62981,1.62981,2.31654,2.35351
12,7.19277,1.59793,1.59793,2.28737,2.32444
12,7.25301,1.56529,1.56529,2.25756,2.2947
12,7.31325,1.53188,1.53188,2.22712,2.26432
12,7.37349,1.4977,1.4977,2.19609,2.23332
12,7.43373,1.46274,1.46274,2.16447,2.20173
12,7.49398,1.427,1.427,2.13229,2.16957
12,7.55422,1.39046,1.39046,2.09955,2.13684
12,7.61446,1.35313,1.35313,2.06627,2.10357
12,7.6747,1.31501,1.31501,2.03246,2.06976
12,7.73494,1.2761,1.2761,1.99813,2.03542
12,7.79518,1.23639,1.23639,1.96329,2.00057
12,7.85542,1.1959,1.1959,1.92793,1.96519
12,7.91566,1.15462,1.15462,1.89208,1.92931
12,7.9759,1.11256,1.11256,1.85574,1.89292
12,8,1.09552,1.09552,1.84107,1.87823
12,8.03614,1.06972,1.06972,1.81891,1.85606
12,8.09639,1.02611,1.02611,1.78159,1.81871
12,8.15663,0.981747,0.981747,1.7438,1.78088
12,8.21687,0.936655,0.936655,1.70552,1.74258
12,8.27711,0.890834,0.890834,1.66678,1.70382
12,8.33735,0.84428,0.84428,1.62757,1.66458
12,8.39759,0.797038,0.797038,1.58791,1.6249
12,8.45783,0.749157,0.749157,1.5478,1.58476
12,8.51807,0.700649,0.700649,1.50725,1.54419
12,8.57831,0.651498,0.651498,1.46624,1.50319
12,8.63855,0.601739,0.601739,1.42481,1.46177
12,8.6988,0.551455,0.551455,1.38295,1.41992
12,8.75904,0.50069,0.50069,1.34068,1.37767
12,8.81928,0.449456,0.449456,1.29802,1.33502
12,8.87952,0.397774,0.397774,1.25496,1.29199
12,8.93976,0.345791,0.345791,1.21153,1.24858
12,9,0.293579,0.293579,1.16773,1.20482
12,9.06024,0.241107,0.241107,1.12358,1.16072
12,9.12048,0.188291,0.188291,1.07911,1.11628
12,9.18072,0.135311,0.135311,1.03433,1.07155
12,9.24096,0.0823032,0.0823032,0.989264,1.02651
12,9.3012,0.0293333,0.0293333,0.943944,0.981137
12,9.36145,-0.0236153,-0.0236153,0.898384,0.935454
12,9.42169,-0.0763923,-0.0763923,0.852604,0.889484
12,9.48193,-0.12876,-0.12876,0.806628,0.84326
12,9.54217,-0.180753,-0.180753,0.760499,0.796819
12,9.60241,-0.232728,-0.232728,0.714274,0.750202
12,9.66265,-0.284835,-0.284835,0.668021,0.70344
12,9.72289,-0.336451,-0.336451,0.621731,0.656575
12,9.78313,-0.387334,-0.387334,0.575396,0.609636
12,9.84337,-0.437723,-0.437723,0.529007,0.562672
12,9.90361,-0.487884,-0.487884,0.48269,0.51572
12,9.96386,-0.537546,-0.537546,0.436614,0.468833
12,10,-0.567058,-0.567058,0.409181,0.440752
12,10.0241,-0.58661,-0.58661,0.390962,0.422051
12,10.0843,-0.635032,-0.635032,0.345554,0.375432
12,10.1446,-0.682892,-0.682892,0.300233,0.329016
12,10.2048,-0.730105,-0.730105,0.25517,0.282841
12,10.2651,-0.776604,-0.776604,0.210604,0.236969
12,10.3253,-0.822375,-0.822375,0.16651,0.19146
12,10.3855,-0.867434,-0.867434,0.122837,0.146387
12,10.4458,-0.911814,-0.911814,0.0797495,0.101778
12,10.506,-0.955416,-0.955416,0.0374598,0.0576765
12,10.5663,-0.998287,-0.998287,-0.0041374,0.0141485
12,10.6265,-1.04041,-1.04041,-0.045238,-0.0287278
12,10.6867,-1.08187,-1.08187,-0.0855979,-0.0709467
12,10.747,-1.12257,-1.12257,-0.124833,-0.112453
12,10.8072,-1.16254,-1.16254,-0.163194,-0.153149
12,10.8675,-1.20179,-1.20179,-0.201126,-0.192959
12,10.9277,-1.24042,-1.24042,-0.238199,-0.231928
12,10.988,-1.27835,-1.27835,-0.273668,-0.270023
12,11,-1.28585,-1.28585,-0.280602,-0.277532
12,11.0482,-1.31555,-1.31555,-0.308088,-0.30718
12,11.1084,-1.35208,-1.35208,-0.342485,-0.343373
12,11.1687,-1.38807,-1.38807,-0.376013,-0.378598
12,11.2289,-1.42349,-1.42349,-0.407091,-0.412783
12,11.2892,-1.45814,-1.45814,-0.436948,-0.445807
12,11.3494,-1.49209,-1.49209,-0.467933,-0.477738
12,11.4096,-1.52565,-1.52565,-0.497895,-0.508673
12,11.4699,-1.55897,-1.55897,-0.52511,-0.538664
12,11.5301,-1.59139,-1.59139,-0.551715,-0.567757
12,11.5904,-1.62268,-1.62268,-0.577145,-0.595914
12,11.6506,-1.65396,-1.65396,-0.601669,-0.623056
12,11.7108,-1.68606,-1.68606,-0.626162,-0.649041
12,11.7711,-1.71696,-1.71696,-0.648894,-0.673743
12,11.8313,-1.74461,-1.74461,-0.670965,-0.697382
12,11.8916,-1.77294,-1.77294,-0.692935,-0.720061
12,11.9518,-1.80345,-1.80345,-0.712405,-0.741895
12,12,-1.82714,-1.82714,-0.728221,-0.758815
12,12.012,-1.83302,-1.83302,-0.732365,-0.762966
12,12.0723,-1.86214,-1.86214,-0.751853,-0.783258
12,12.1325,-1.88969,-1.88969,-0.768166,-0.802784
12,12.1928,-1.91743,-1.91743,-0.786904,-0.821562
12,12.253,-1.94452,-1.94452,-0.803564,-0.839584
12,12.3133,-1.96964,-1.96964,-0.819205,-0.856843
12,12.3735,-1.99667,-1.99667,-0.834434,-0.873401
12,12.4337,-2.02386,-2.02386,-0.848966,-0.889295
12,12.494,-2.05026,-2.05026,-0.862925,-0.904491
12,12.5542,-2.07616,-2.07616,-0.876328,-0.91892
12,12.6145,-2.10161,-2.10161,-0.889192,-0.932578
12,12.6747,-2.12627,-2.12627,-0.901548,-0.945697
12,12.7349,-2.15241,-2.15241,-0.913418,-0.958504
12,12.7952,-2.17754,-2.17754,-0.924824,-0.970891
12,12.8554,-2.20263,-2.20263,-0.935787,-0.982611
12,12.9157,-2.22758,-2.22758,-0.94634,-0.993566
12,12.9759,-2.25072,-2.25072,-0.956507,-1.00419
12,13,-2.25985,-2.25985,-0.960467,-1.00844
12,13.0361,-2.27368,-2.27368,-0.966299,-1.01489
12,13.0964,-2.29751,-2.29751,-0.975746,-1.02534
12,13.1566,-2.32047,-2.32047,-0.98488,-1.03489
12,13.2169,-2.34329,-2.34329,-0.993709,-1.04328
12,13.2771,-2.36748,-2.36748,-1.00225,-1.05173
12,13.3373,-2.39194,-2.39194,-1.01052,-1.06141
12,13.3976,-2.41514,-2.41514,-1.01855,-1.07165
12,13.4578,-2.43928,-2.43928,-1.02635,-1.08086
12,13.5181,-2.46169,-2.46169,-1.03394,-1.08803
12,13.5783,-2.48324,-2.48324,-1.04134,-1.09473
12,13.6386,-2.5071,-2.5071,-1.04856,-1.10152
12,13.6988,-2.52778,-2.52778,-1.05561,-1.10804
12,13.759,-2.55098,-2.55098,-1.0625,-1.11459
12,13.8193,-2.57414,-2.57414,-1.06925,-1.12164
12,13.8795,-2.5964,-2.5964,-1.07586,-1.12844
12,13.9398,-2.61893,-2.61893,-1.08235,-1.13438
12,14,-2.64092,-2.64092,-1.08873,-1.14047
13,-1,-7,-7,-7,-7
13,-0.939759,-7,-7,-7,-7
13,-0.879518,-7,-7,-7,-7
13,-0.819277,-7,-7,-7,-7
13,-0.759036,-7,-7,-7,-7
13,-0.698795,-7,-7,-7,-7
13,-0.638554,-7,-7,-7,-7
13,-0.578313,-7,-7,-7,-7
13,-0.518072,-7,-7,-7,-7
13,-0.457831,-7,-7,-7,-7
13,-0.39759,-7,-7,-7,-7
13,-0.337349,-7,-7,-7,-7
13,-0.277108,-7,-7,-7,-7
13,-0.216867,-7,-7,-7,-7
13,-0.156627,-7,-7,-7,-7
13,-0.0963855,-7,-7,-7,-7
13,-0.0361446,-7,-7,-7,-7
13,0,-7,-7,-7,-7
13,0.0240964,-7,-7,-7,-7
13,0.0843373,-7,-7,-7,-7
13,0.144578,-7,-7,-7,-7
13,0.204819,-7,-7,-7,-7
13,0.26506,-7,-7,-7,-7
13,0.325301,-7,-7,-7,-7
13,0.385542,-7,-7,-7,-7
13,0.445783,-7,-7,-7,-7
13,0.506024,-7,-7,-7,-7
13,0.566265,-7,-7,-7,-7
13,0.626506,-7,-7,-7,-7
13,0.686747,-7,-7,-4.42858,-4.34913
13,0.746988,-7,-7,-4.13453,-4.08914
13,0.807229,-7,-7,-3.95288,-3.90044
13,0.86747,-7,-7,-3.77191,-3.70974
13,0.927711,-7,-7,-3.58676,-3.51667
13,0.987952,-7,-7,-3.40254,-3.32566
13,1,-7,-7,-3.36605,-3.28792
13,1.04819,-7,-7,-3.22163,-3.13852
13,1.10843,-7,-7,-3.04453,-2.95555
13,1.16867,-7,-7,-2.87121,-2.77663
13,1.22892,-7,-7,-2.70154,-2.60164
13,1.28916,-7,-7,-2.53542,-2.43047
13,1.3494,-7,-7,-2.37272,-2.26295
13,1.40964,-7,-7,-2.21329,-2.09898
13,1.46988,-7,-7,-2.05715,-1.93855
13,1.53012,-7,-7,-1.90403,-1.78155
13,1.59036,-7,-7,-1.75403,-1.6275
13,1.6506,-7,-7,-1.60689,-1.47672
13,1.71084,-4.69025,-4.69025,-1.46267,-1.32885
13,1.77108,-3.62994,-3.62994,-1.32114,-1.18399
13,1.83133,-2.86293,-2.86293,-1.18246,-1.04198
13,1.89157,-2.26943,-2.26943,-1.04614,-0.902718
13,1.95181,-1.78875,-1.78875,-0.912674,-0.766195
13,2,-1.46182,-1.46182,-0.807482,-0.658833
13,2.01205,-1.38661,-1.38661,-0.781465,-0.632256
13,2.07229,-1.04235,-1.04235,-0.652907,-0.500905
13,2.13253,-0.743012,-0.743012,-0.526492,-0.372022
13,2.19277,-0.478126,-0.478126,-0.402508,-0.245575
13,2.25301,-0.242663,-0.242663,-0.280662,-0.121506
13,2.31325,-0.030277,-0.030277,-0.161072,0.000253938
13,2.37349,0.162518,0.162518,-0.0436063,0.119724
13,2.43373,0.338668,0.338668,0.0717068,0.236988
13,2.49398,0.500817,0.500817,0.184981,0.352166
13,2.55422,0.651375,0.651375,0.296224,0.465125
13,2.61446,0.789617,0.789617,0.405356,0.575919
13,2.6747,0.917607,0.917607,0.512572,0.684745
13,2.73494,1.03691,1.03691,0.617914,0.791435
13,2.79518,1.14812,1.14812,0.721297,0.895968
13,2.85542,1.25205,1.25205,0.82271,0.998451
13,2.91566,1.34943,1.34943,0.922192,1.0989
13,2.9759,1.44076,1.44076,1.01972,1.19712
13,3,1.47569,1.47569,1.05815,1.23571
13,3.03614,1.52647,1.52647,1.11519,1.29291
13,3.09639,1.60695,1.60695,1.20865,1.38657
13,3.15663,1.68253,1.68253,1.29998,1.47781
13,3.21687,1.75343,1.75343,1.38906,1.56619
13,3.27711,1.81992,1.81992,1.47578,1.65197
13,3.33735,1.88216,1.88216,1.56004,1.73498
13,3.39759,1.94031,1.94031,1.64163,1.8147
13,3.45783,1.99452,1.99452,1.72039,1.89034
13,3.51807,2.0449,2.0449,1.796,1.96231
13,3.57831,2.09157,2.09157,1.86829,2.03084
13,3.63855,2.13461,2.13461,1.93688,2.0946
13,3.6988,2.17411,2.17411,2.0015,2.15345
13,3.75904,2.21017,2.21017,2.06181,2.20718
13,3.81928,2.24288,2.24288,2.11746,2.25469
13,3.87952,2.2723,2.2723,2.16815,2.29571
13,3.93976,2.29856,2.29856,2.21355,2.33044
13,4,2.32171,2.32171,2.25337,2.35947
13,4.06024,2.34189,2.34189,2.28746,2.38282
13,4.12048,2.35923,2.35923,2.31559,2.39925
13,4.18072,2.37382,2.37382,2.33776,2.40932
13,4.24096,2.38578,2.38578,2.35387,2.41344
13,4.3012,2.39522,2.39522,2.36405,2.41128
13,4.36145,2.40227,2.40227,2.3684,2.40367
13,4.42169,2.40706,2.40706,2.3671,2.39061
13,4.48193,2.40973,2.40973,2.36039,2.37281
13,4.54217,2.41039,2.41039,2.34856,2.35051
13,4.60241,2.40917,2.40917,2.33197,2.32414
13,4.66265,2.40619,2.40619,2.311,2.29434
13,4.72289,2.40161,2.40161,2.28598,2.26131
13,4.78313,2.3956,2.3956,2.25735,2.22549
13,4.84337,2.38823,2.38823,2.22552,2.18744
13,4.90361,2.37959,2.37959,2.19102,2.14732
13,4.96386,2.36978,2.36978,2.15417,2.10552
13,5,2.36337,2.36337,2.13105,2.07984
13,5.0241,2.3589,2.3589,2.11527,2.06246
13,5.08434,2.34708,2.34708,2.07477,2.01828
13,5.14458,2.3344,2.3344,2.0332,1.97331
13,5.20482,2.32093,2.32093,1.99082,1.9278
13,5.26506,2.30672,2.30672,1.94754,1.8819
13,5.3253,2.29185,2.29185,1.90343,1.83581
13,5.38554,2.27634,2.27634,1.8592,1.78984
13,5.44578,2.26027,2.26027,1.81527,1.7441
13,5.50602,2.24372,2.24372,1.77103,1.69868
13,5.56627,2.22677,2.22677,1.72574,1.65352
13,5.62651,2.20946,2.20946,1.68091,1.60887
13,5.68675,2.19181,2.19181,1.63743,1.56495
13,5.74699,2.17377,2.17377,1.59488,1.52167
13,5.80723,2.15539,2.15539,1.55335,1.47908
13,5.86747,2.13673,2.13673,1.51234,1.43738
13,5.92771,2.11781,2.11781,1.47091,1.39644
13,5.98795,2.09866,2.09866,1.43012,1.35609
13,6,2.09481,2.09481,1.42214,1.34813
13,6.04819,2.0793,2.0793,1.39076,1.31694
13,6.10843,2.05976,2.05976,1.35262,1.27941
13,6.16867,2.04005,2.04005,1.3148,1.24211
13,6.22892,2.01988,2.01988,1.27709,1.20493
13,6.28916,1.9989,1.9989,1.24023,1.16959
13,6.3494,1.9772,1.9772,1.20479,1.13502
13,6.40964,1.9548,1.9548,1.17084,1.10096
13,6.46988,1.9317,1.9317,1.13777,1.06889
13,6.53012,1.90787,1.90787,1.1049,1.03792
13,6.59036,1.88331,1.88331,1.07254,1.00789
13,6.6506,1.85804,1.85804,1.04168,0.978732
13,6.71084,1.83206,1.83206,1.0126,0.950562
13,6.77108,1.80537,1.80537,0.984558,0.923567
13,6.83133,1.77795,1.77795,0.95651,0.897675
13,6.89157,1.74979,1.74979,0.929014,0.872514
13,6.95181,1.72091,1.72091,0.902844,0.848343
13,7,1.69728,1.69728,0.883279,0.82999
13,7.01205,1.69129,1.69129,0.878524,0.825509
13,7.07229,1.66093,1.66093,0.855164,0.803584
13,7.13253,1.62981,1.62981,0.83215,0.782381
13,7.19277,1.59793,1.59793,0.80938,0.762159
13,7.25301,1.56529,1.56529,0.787859,0.742942
13,7.31325,1.53188,1.53188,0.767928,0.724557
13,7.37349,1.4977,1.4977,0.749309,0.707094
13,7.43373,1.46274,1.46274,0.730987,0.690781
13,7.49398,1.427,1.427,0.713363,0.675306
13,7.55422,1.39046,1.39046,0.696784,0.660209
13,7.61446,1.35313,1.35313,0.681144,0.646152
13,7.6747,1.31501,1.31501,0.66636,0.633786
13,7.73494,1.2761,1.2761,0.652198,0.621875
13,7.79518,1.23639,1.23639,0.638444,0.609821
13,7.85542,1.1959,1.1959,0.625765,0.599603
13,7.91566,1.15462,1.15462,0.614202,0.590329
13,7.9759,1.11256,1.11256,0.603187,0.58141
13,8,1.09552,1.09552,0.598981,0.578049
13,8.03614,1.06972,1.06972,0.59293,0.573211
13,8.09639,1.02611,1.02611,0.583425,0.565751
13,8.15663,0.981747,0.981747,0.57461,0.559133
13,8.21687,0.936655,0.936655,0.566756,0.553234
13,8.27711,0.890834,0.890834,0.559628,0.547896
13,8.33735,0.84428,0.84428,0.552874,0.543196
13,8.39759,0.797038,0.797038,0.546995,0.539238
13,8.45783,0.749157,0.749157,0.541889,0.53607
13,8.51807,0.700649,0.700649,0.537307,0.53356
13,8.57831,0.651498,0.651498,0.533483,0.53161
13,8.63855,0.601739,0.601739,0.530254,0.530249
13,8.6988,0.551455,0.551455,0.527507,0.529538
13,8.75904,0.50069,0.50069,0.525591,0.529466
13,8.81928,0.449456,0.449456,0.524261,0.529961
13,8.87952,0.397774,0.397774,0.523335,0.530989
13,8.93976,0.345791,0.345791,0.523136,0.53257
13,9,0.293579,0.293579,0.523481,0.534701
13,9.06024,0.241107,0.241107,0.524284,0.537375
13,9.12048,0.188291,0.188291,0.525764,0.540574
13,9.18072,0.135311,0.135311,0.527685,0.544281
13,9.24096,0.0823032,0.0823032,0.529994,0.548484
13,9.3012,0.0293333,0.0293333,0.53297,0.55317
13,9.36145,-0.0236153,-0.0236153,0.536442,0.558345
13,9.42169,-0.0763923,-0.0763923,0.54033,0.563993
13,9.48193,-0.12876,-0.12876,0.54471,0.570096
13,9.54217,-0.180753,-0.180753,0.549547,0.576633
13,9.60241,-0.232728,-0.232728,0.554819,0.583585
13,9.66265,-0.284835,-0.284835,0.560518,0.590929
13,9.72289,-0.336451,-0.336451,0.566635,0.598644
13,9.78313,-0.387334,-0.387334,0.57316,0.60675
13,9.84337,-0.437723,-0.437723,0.580083,0.615265
13,9.90361,-0.487884,-0.487884,0.587391,0.624164
13,9.96386,-0.537546,-0.537546,0.595073,0.63342
13,10,-0.567058,-0.567058,0.599856,0.639133
13,10.0241,-0.58661,-0.58661,0.603116,0.643006
13,10.0843,-0.635032,-0.635032,0.611509,0.652897
13,10.1446,-0.682892,-0.682892,0.620239,0.663068
13,10.2048,-0.730105,-0.730105,0.629293,0.673504
13,10.2651,-0.776604,-0.776604,0.638655,0.684261
13,10.3253,-0.822375,-0.822375,0.648322,0.695327
13,10.3855,-0.867434,-0.867434,0.658288,0.706673
13,10.4458,-0.911814,-0.911814,0.668542,0.718271
13,10.506,-0.955416,-0.955416,0.679071,0.730092
13,10.5663,-0.998287,-0.998287,0.689865,0.742112
13,10.6265,-1.04041,-1.04041,0.70091,0.754305
13,10.6867,-1.08187,-1.08187,0.712195,0.766693
13,10.747,-1.12257,-1.12257,0.723709,0.779324
13,10.8072,-1.16254,-1.16254,0.735442,0.792169
13,10.8675,-1.20179,-1.20179,0.747383,0.805199
13,10.9277,-1.24042,-1.24042,0.759518,0.818387
13,10.988,-1.27835,-1.27835,0.771835,0.831707
13,11,-1.28585,-1.28585,0.774319,0.834385
13,11.0482,-1.31555,-1.31555,0.784322,0.845136
13,11.1084,-1.35208,-1.35208,0.796965,0.858656
13,11.1687,-1.38807,-1.38807,0.809706,0.872307
13,11.2289,-1.42349,-1.42349,0.822497,0.885716
13,11.2892,-1.45814,-1.45814,0.835247,0.896658
13,11.3494,-1.49209,-1.49209,0.845542,0.904944
13,11.4096,-1.52565,-1.52565,0.851246,0.910781
13,11.4699,-1.55897,-1.55897,0.854032,0.914527
13,11.5301,-1.59139,-1.59139,0.855424,0.916651
13,11.5904,-1.62268,-1.62268,0.855174,0.917201
13,11.6506,-1.65396,-1.65396,0.853215,0.916202
13,11.7108,-1.68606,-1.68606,0.849699,0.913692
13,11.7711,-1.71696,-1.71696,0.844651,0.909672
13,11.8313,-1.74461,-1.74461,0.837904,0.904168
13,11.8916,-1.77294,-1.77294,0.829483,0.897137
13,11.9518,-1.80345,-1.80345,0.819563,0.888585
13,12,-1.82714,-1.82714,0.810503,0.880752
13,12.012,-1.83302,-1.83302,0.808068,0.878652
13,12.0723,-1.86214,-1.86214,0.794838,0.867258
13,12.1325,-1.88969,-1.88969,0.780115,0.854417
13,12.1928,-1.91743,-1.91743,0.763896,0.840142
13,12.253,-1.94452,-1.94452,0.746099,0.824314
13,12.3133,-1.96964,-1.96964,0.726923,0.80708
13,12.3735,-1.99667,-1.99667,0.706266,0.788417
13,12.4337,-2.02386,-2.02386,0.684104,0.768249
13,12.494,-2.05026,-2.05026,0.660612,0.74687
13,12.5542,-2.07616,-2.07616,0.635641,0.724213
13,12.6145,-2.10161,-2.10161,0.60928,0.700263
13,12.6747,-2.12627,-2.12627,0.581635,0.675157
13,12.7349,-2.15241,-2.15241,0.552581,0.648776
13,12.7952,-2.17754,-2.17754,0.522427,0.621181
13,12.8554,-2.20263,-2.20263,0.491296,0.592408
13,12.9157,-2.22758,-2.22758,0.459122,0.562357
13,12.9759,-2.25072,-2.25072,0.42576,0.531173
13,13,-2.25985,-2.25985,0.412048,0.518385
13,13.0361,-2.27368,-2.27368,0.391052,0.498852
13,13.0964,-2.29751,-2.29751,0.354817,0.465364
13,13.1566,-2.32047,-2.32047,0.316837,0.430852
13,13.2169,-2.34329,-2.34329,0.277315,0.395312
13,13.2771,-2.36748,-2.36748,0.237066,0.358766
13,13.3373,-2.39194,-2.39194,0.196655,0.321287
13,13.3976,-2.41514,-2.41514,0.155634,0.282912
13,13.4578,-2.43928,-2.43928,0.113206,0.243444
13,13.5181,-2.46169,-2.46169,0.0688975,0.202752
13,13.5783,-2.48324,-2.48324,0.0237224,0.160894
13,13.6386,-2.5071,-2.5071,-0.0213538,0.118309
13,13.6988,-2.52778,-2.52778,-0.0665299,0.0753152
13,13.759,-2.55098,-2.55098,-0.114841,0.0318902
13,13.8193,-2.57414,-2.57414,-0.165052,-0.012798
13,13.8795,-2.5964,-2.5964,-0.214134,-0.0587352
13,13.9398,-2.61893,-2.61893,-0.263678,-0.105734
13,14,-2.64092,-2.64092,-0.31454,-0.153489
14,-1,-7,-7,-7,-7
14,-0.939759,-7,-7,-7,-7
14,-0.879518,-7,-7,-7,-7
14,-0.819277,-7,-7,-7,-7
14,-0.759036,-7,-7,-7,-7
14,-0.698795,-7,-7,-7,-7
14,-0.638554,-7,-7,-7,-7
14,-0.578313,-7,-7,-7,-7
14,-0.518072,-7,-7,-7,-7
14,-0.457831,-7,-7,-7,-7
14,-0.39759,-7,-7,-7,-7
14,-0.337349,-7,-7,-7,-7
14,-0.277108,-7,-7,-7,-7
14,-0.216867,-7,-7,-7,-7
14,-0.156627,-7,-7,-7,-7
14,-0.0963855,-7,-7,-7,-7
14,-0.0361446,-7,-7,-7,-7
14,0,-7,-7,-7,-7
14,0.0240964,-7,-7,-7,-7
14,0.0843373,-7,-7,-7,-7
14,0.144578,-7,-7,-7,-7
14,0.204819,-7,-7,-7,-7
14,0.26506,-7,-7,-7,-7
14,0.325301,-7,-7,-7,-7
14,0.385542,-7,-7,-7,-7
14,0.445783,-7,-7,-7,-7
14,0.506024,-7,-7,-7,-7
14,0.566265,-7,-7,-7,-7
14,0.626506,-7,-7,-7,-7
14,0.686747,-7,-7,-7,-7
14,0.746988,-7,-7,-7,-7
14,0.807229,-7,-7,-7,-7
14,0.86747,-7,-7,-7,-7
14,0.927711,-7,-7,-7,-7
14,0.987952,-7,-7,-7,-7
14,1,-7,-7,-7,-7
14,1.04819,-7,-7,-7,-7
14,1.10843,-7,-7,-7,-7
14,1.16867,-7,-7,-7,-7
14,1.22892,-7,-7,-7,-7
14,1.28916,-7,-7,-7,-7
14,1.3494,-7,-7,-7,-7
14,1.40964,-7,-7,-7,-7
14,1.46988,-7,-7,-7,-7
14,1.53012,-7,-7,-7,-7
14,1.59036,-7,-7,-7,-7
14,1.6506,-7,-7,-7,-7
14,1.71084,-4.69025,-4.69025,-5.4615,-7
14,1.77108,-3.62994,-3.62994,-2.99346,-4.42622
14,1.83133,-2.86293,-2.86293,-1.79345,-2.62481
14,1.89157,-2.26943,-2.26943,-0.996439,-1.59427
14,1.95181,-1.78875,-1.78875,-0.408488,-0.883783
14,2,-1.46182,-1.46182,-0.031592,-0.443248
14,2.01205,-1.38661,-1.38661,0.053329,-0.345211
14,2.07229,-1.04235,-1.04235,0.433009,0.0867848
14,2.13253,-0.743012,-0.743012,0.753732,0.445099
14,2.19277,-0.478126,-0.478126,1.02998,0.749852
14,2.25301,-0.242663,-0.242663,1.2714,1.01377
14,2.31325,-0.030277,-0.030277,1.48464,1.24544
14,2.37349,0.162518,0.162518,1.67451,1.45087
14,2.43373,0.338668,0.338668,1.8444,1.63439
14,2.49398,0.500817,0.500817,1.99666,1.7992
14,2.55422,0.651375,0.651375,2.13312,1.94763
14,2.61446,0.789617,0.789617,2.25534,2.08146
14,2.6747,0.917607,0.917607,2.36443,2.20199
14,2.73494,1.03691,1.03691,2.46113,2.31021
14,2.79518,1.14812,1.14812,2.54596,2.40679
14,2.85542,1.25205,1.25205,2.61957,2.49216
14,2.91566,1.34943,1.34943,2.68277,2.56708
14,2.9759,1.44076,1.44076,2.7361,2.63217
14,3,1.47569,1.47569,2.75482,2.65555
14,3.03614,1.52647,1.52647,2.78021,2.68791
14,3.09639,1.60695,1.60695,2.81552,2.73487
14,3.15663,1.68253,1.68253,2.84284,2.77334
14,3.21687,1.75343,1.75343,2.86329,2.80372
14,3.27711,1.81992,1.81992,2.87758,2.8273
14,3.33735,1.88216,1.88216,2.88646,2.84487
14,3.39759,1.94031,1.94031,2.89079,2.85678
14,3.45783,1.99452,1.99452,2.89112,2.8632
14,3.51807,2.0449,2.0449,2.8881,2.86573
14,3.57831,2.09157,2.09157,2.8823,2.86473
14,3.63855,2.13461,2.13461,2.87415,2.86062
14,3.6988,2.17411,2.17411,2.86388,2.85383
14,3.75904,2.21017,2.21017,2.85159,2.84471
14,3.81928,2.24288,2.24288,2.83761,2.83356
14,3.87952,2.2723,2.2723,2.82216,2.82065
14,3.93976,2.29856,2.29856,2.80536,2.8062
14,4,2.32171,2.32171,2.78738,2.79039
14,4.06024,2.34189,2.34189,2.76836,2.77339
14,4.12048,2.35923,2.35923,2.74838,2.75532
14,4.18072,2.37382,2.37382,2.72751,2.73629
14,4.24096,2.38578,2.38578,2.70584,2.71639
14,4.3012,2.39522,2.39522,2.6834,2.69568
14,4.36145,2.40227,2.40227,2.66025,2.67424
14,4.42169,2.40706,2.40706,2.63642,2.65211
14,4.48193,2.40973,2.40973,2.61193,2.62932
14,4.54217,2.41039,2.41039,2.58682,2.60591
14,4.60241,2.40917,2.40917,2.5611,2.58191
14,4.66265,2.40619,2.40619,2.53477,2.55734
14,4.72289,2.40161,2.40161,2.50785,2.53221
14,4.78313,2.3956,2.3956,2.48035,2.50653
14,4.84337,2.38823,2.38823,2.45226,2.48031
14,4.90361,2.37959,2.37959,2.4236,2.45356
14,4.96386,2.36978,2.36978,2.39435,2.42628
14,5,2.36337,2.36337,2.37652,2.40966
14,5.0241,2.3589,2.3589,2.36451,2.39847
14,5.08434,2.34708,2.34708,2.33409,2.37014
14,5.14458,2.3344,2.3344,2.30308,2.34128
14,5.20482,2.32093,2.32093,2.27147,2.31189
14,5.26506,2.30672,2.30672,2.23926,2.28197
14,5.3253,2.29185,2.29185,2.20644,2.25152
14,5.38554,2.27634,2.27634,2.17301,2.22053
14,5.44578,2.26027,2.26027,2.13896,2.18899
14,5.50602,2.24372,2.24372,2.10428,2.15691
14,5.56627,2.22677,2.22677,2.06897,2.12427
14,5.62651,2.20946,2.20946,2.03301,2.09108
14,5.68675,2.19181,2.19181,1.9964,2.05732
14,5.74699,2.17377,2.17377,1.95914,2.02299
14,5.80723,2.15539,2.15539,1.92121,1.9881
14,5.86747,2.13673,2.13673,1.88262,1.95262
14,5.92771,2.11781,2.11781,1.84335,1.91656
14,5.98795,2.09866,2.09866,1.80339,1.87991
14,6,2.09481,2.09481,1.79532,1.87251
14,6.04819,2.0793,2.0793,1.76276,1.84267
14,6.10843,2.05976,2.05976,1.72142,1.80483
14,6.16867,2.04005,2.04005,1.67939,1.76639
14,6.22892,2.01988,2.01988,1.63667,1.72735
14,6.28916,1.9989,1.9989,1.59324,1.6877
14,6.3494,1.9772,1.9772,1.5491,1.64744
14,6.40964,1.9548,1.9548,1.50426,1.60657
14,6.46988,1.9317,1.9317,1.45872,1.56509
14,6.53012,1.90787,1.90787,1.41246,1.52299
14,6.59036,1.88331,1.88331,1.36552,1.48029
14,6.6506,1.85804,1.85804,1.31788,1.43697
14,6.71084,1.83206,1.83206,1.26952,1.39305
14,6.77108,1.80537,1.80537,1.22048,1.34854
14,6.83133,1.77795,1.77795,1.17076,1.30342
14,6.89157,1.74979,1.74979,1.12037,1.25772
14,6.95181,1.72091,1.72091,1.0693,1.21144
14,7,1.69728,1.69728,1.02798,1.174
14,7.01205,1.69129,1.69129,1.01759,1.16459
14,7.07229,1.66093,1.66093,0.965247,1.11719
14,7.13253,1.62981,1.62981,0.912319,1.06927
14,7.19277,1.59793,1.59793,0.858849,1.02085
14,7.25301,1.56529,1.56529,0.804905,0.971966
14,7.31325,1.53188,1.53188,0.750515,0.922622
14,7.37349,1.4977,1.4977,0.695656,0.872826
14,7.43373,1.46274,1.46274,0.640329,0.822588
14,7.49398,1.427,1.427,0.584523,0.771907
14,7.55422,1.39046,1.39046,0.528207,0.72078
14,7.61446,1.35313,1.35313,0.471399,0.669221
14,7.6747,1.31501,1.31501,0.414204,0.61731
14,7.73494,1.2761,1.2761,0.356761,0.565135
14,7.79518,1.23639,1.23639,0.299327,0.512839
14,7.85542,1.1959,1.1959,0.242348,0.460648
14,7.91566,1.15462,1.15462,0.186018,0.408866
14,7.9759,1.11256,1.11256,0.130041,0.357314
14,8,1.09552,1.09552,0.107747,0.336722
14,8.03614,1.06972,1.06972,0.0743954,0.305846
14,8.09639,1.02611,1.02611,0.0190351,0.254327
14,8.15663,0.981747,0.981747,-0.0359652,0.202631
14,8.21687,0.936655,0.936655,-0.0905348,0.150919
14,8.27711,0.890834,0.890834,-0.144543,0.0993292
14,8.33735,0.84428,0.84428,-0.197946,0.0481426
14,8.39759,0.797038,0.797038,-0.250562,-0.00247971
14,8.45783,0.749157,0.749157,-0.302045,-0.0524209
14,8.51807,0.700649,0.700649,-0.352477,-0.101509
14,8.57831,0.651498,0.651498,-0.402022,-0.149881
14,8.63855,0.601739,0.601739,-0.450611,-0.197669
14,8.6988,0.551455,0.551455,-0.498023,-0.244677
14,8.75904,0.50069,0.50069,-0.544272,-0.290637
14,8.81928,0.449456,0.449456,-0.589573,-0.335726
14,8.87952,0.397774,0.397774,-0.633788,-0.380336
14,8.93976,0.345791,0.345791,-0.676356,-0.424236
14,9,0.293579,0.293579,-0.717261,-0.466448
14,9.06024,0.241107,0.241107,-0.757163,-0.506706
14,9.12048,0.188291,0.188291,-0.79613,-0.54672
14,9.18072,0.135311,0.135311,-0.833477,-0.587653
14,9.24096,0.0823032,0.0823032,-0.869351,-0.626444
14,9.3012,0.0293333,0.0293333,-0.905085,-0.662504
14,9.36145,-0.0236153,-0.0236153,-0.940532,-0.697802
14,9.42169,-0.0763923,-0.0763923,-0.973045,-0.731655
14,9.48193,-0.12876,-0.12876,-1.00278,-0.76432
14,9.54217,-0.180753,-0.180753,-1.03393,-0.797667
14,9.60241,-0.232728,-0.232728,-1.06444,-0.829193
14,9.66265,-0.284835,-0.284835,-1.09378,-0.858093
14,9.72289,-0.336451,-0.336451,-1.12256,-0.889687
14,9.78313,-0.387334,-0.387334,-1.14829,-0.918406
14,9.84337,-0.437723,-0.437723,-1.17432,-0.945199
14,9.90361,-0.487884,-0.487884,-1.2014,-0.971676
14,9.96386,-0.537546,-0.537546,-1.22474,-0.997064
14,10,-0.567058,-0.567058,-1.23807,-1.01188
14,10.0241,-0.58661,-0.58661,-1.24696,-1.0216
14,10.0843,-0.635032,-0.635032,-1.26826,-1.04533
14,10.1446,-0.682892,-0.682892,-1.28891,-1.06825
14,10.2048,-0.730105,-0.730105,-1.31108,-1.09039
14,10.2651,-0.776604,-0.776604,-1.33048,-1.11179
14,10.3253,-0.822375,-0.822375,-1.34802,-1.13248
14,10.3855,-0.867434,-0.867434,-1.36816,-1.15247
14,10.4458,-0.911814,-0.911814,-1.3878,-1.17173
14,10.506,-0.955416,-0.955416,-1.40712,-1.19035
14,10.5663,-0.998287,-0.998287,-1.4252,-1.20847
14,10.6265,-1.04041,-1.04041,-1.44047,-1.22599
14,10.6867,-1.08187,-1.08187,-1.45853,-1.24273
14,10.747,-1.12257,-1.12257,-1.47642,-1.25912
14,10.8072,-1.16254,-1.16254,-1.49014,-1.27531
14,10.8675,-1.20179,-1.20179,-1.50364,-1.2906
14,10.9277,-1.24042,-1.24042,-1.51837,-1.30519
14,10.988,-1.27835,-1.27835,-1.53288,-1.32021
14,11,-1.28585,-1.28585,-1.53537,-1.32324
14,11.0482,-1.31555,-1.31555,-1.54512,-1.33509
14,11.1084,-1.35208,-1.35208,-1.55901,-1.34869
14,11.1687,-1.38807,-1.38807,-1.57372,-1.3621
14,11.2289,-1.42349,-1.42349,-1.5875,-1.37597
14,11.2892,-1.45814,-1.45814,-1.59994,-1.38834
14,11.3494,-1.49209,-1.49209,-1.61351,-1.39949
14,11.4096,-1.52565,-1.52565,-1.62474,-1.41274
14,11.4699,-1.55897,-1.55897,-1.63468,-1.42576
14,11.5301,-1.59139,-1.59139,-1.64859,-1.43682
14,11.5904,-1.62268,-1.62268,-1.66237,-1.44817
14,11.6506,-1.65396,-1.65396,-1.67355,-1.45897
14,11.7108,-1.68606,-1.68606,-1.68363,-1.47058
14,11.7711,-1.71696,-1.71696,-1.69664,-1.48136
14,11.8313,-1.74461,-1.74461,-1.70959,-1.49247
14,11.8916,-1.77294,-1.77294,-1.72028,-1.50342
14,11.9518,-1.80345,-1.80345,-1.73284,-1.51316
14,12,-1.82714,-1.82714,-1.74213,-1.52301
14,12.012,-1.83302,-1.83302,-1.74406,-1.52523
14,12.0723,-1.86214,-1.86214,-1.75358,-1.53357
14,12.1325,-1.88969,-1.88969,-1.7637,-1.54415
14,12.1928,-1.91743,-1.91743,-1.77531,-1.55382
14,12.253,-1.94452,-1.94452,-1.78625,-1.5639
14,12.3133,-1.96964,-1.96964,-1.7999,-1.57503
14,12.3735,-1.99667,-1.99667,-1.80978,-1.58432
14,12.4337,-2.02386,-2.02386,-1.81899,-1.59515
14,12.494,-2.05026,-2.05026,-1.8294,-1.60531
14,12.5542,-2.07616,-2.07616,-1.84097,-1.61577
14,12.6145,-2.10161,-2.10161,-1.85122,-1.62462
14,12.6747,-2.12627,-2.12627,-1.86331,-1.63407
14,12.7349,-2.15241,-2.15241,-1.87425,-1.64428
14,12.7952,-2.17754,-2.17754,-1.88536,-1.65453
14,12.8554,-2.20263,-2.20263,-1.89632,-1.66496
14,12.9157,-2.22758,-2.22758,-1.90737,-1.67518
14,12.9759,-2.25072,-2.25072,-1.91841,-1.68339
14,13,-2.25985,-2.25985,-1.92287,-1.68705
14,13.0361,-2.27368,-2.27368,-1.92953,-1.69323
14,13.0964,-2.29751,-2.29751,-1.94055,-1.70292
14,13.1566,-2.32047,-2.32047,-1.95174,-1.71321
14,13.2169,-2.34329,-2.34329,-1.96289,-1.72335
14,13.2771,-2.36748,-2.36748,-1.97397,-1.73293
14,13.3373,-2.39194,-2.39194,-1.98528,-1.74308
14,13.3976,-2.41514,-2.41514,-1.9965,-1.75381
14,13.4578,-2.43928,-2.43928,-2.00767,-1.76287
14,13.5181,-2.46169,-2.46169,-2.0192,-1.77305
14,13.5783,-2.48324,-2.48324,-2.03062,-1.78325
14,13.6386,-2.5071,-2.5071,-2.04194,-1.79338
14,13.6988,-2.52778,-2.52778,-2.05352,-1.80355
14,13.759,-2.55098,-2.55098,-2.06476,-1.81375
14,13.8193,-2.57414,-2.57414,-2.07615,-1.82394
14,13.8795,-2.5964,-2.5964,-2.08822,-1.83416
14,13.9398,-2.61893,-2.61893,-2.09911,-1.84447
14,14,-2.64092,-2.64092,-2.11,-1.85486
15,-1,-7,-7,-7,-7
15,-0.939759,-7,-7,-7,-7
15,-0.879518,-7,-7,-7,-7
15,-0.819277,-7,-7,-7,-7
15,-0.759036,-7,-7,-7,-7
15,-0.698795,-7,-7,-7,-7
15,-0.638554,-7,-7,-7,-7
15,-0.578313,-7,-7,-7,-7
15,-0.518072,-7,-7,-7,-7
15,-0.457831,-7,-7,-7,-7
15,-0.39759,-7,-7,-7,-7
15,-0.337349,-7,-7,-7,-7
15,-0.277108,-7,-7,-7,-7
15,-0.216867,-7,-7,-7,-7
15,-0.156627,-7,-7,-7,-7
15,-0.0963855,-7,-7,-7,-7
15,-0.0361446,-7,-7,-7,-7
15,0,-7,-7,-7,-7
15,0.0240964,-7,-7,-7,-7
15,0.0843373,-7,-7,-7,-7
15,0.144578,-7,-7,-7,-7
15,0.204819,-7,-7,-7,-7
15,0.26506,-7,-7,-7,-7
15,0.325301,-7,-7,-7,-7
15,0.385542,-7,-7,-7,-7
15,0.445783,-7,-7,-7,-7
15,0.506024,-7,-7,-7,-7
15,0.566265,-7,-7,-7,-7
15,0.626506,-7,-7,-7,-7
15,0.686747,-7,-7,-7,-7
15,0.746988,-7,-7,-7,-7
15,0.807229,-7,-7,-7,-7
15,0.86747,-7,-7,-7,-7
15,0.927711,-7,-7,-7,-7
15,0.987952,-7,-7,-7,-7
15,1,-7,-7,-7,-7
15,1.04819,-7,-7,-7,-7
15,1.10843,-7,-7,-7,-7
15,1.16867,-7,-7,-7,-7
15,1.22892,-7,-7,-7,-7
15,1.28916,-7,-7,-7,-7
15,1.3494,-7,-7,-7,-7
15,1.40964,-7,-7,-7,-7
15,1.46988,-7,-7,-7,-7
15,1.53012,-7,-7,-7,-7
15,1.59036,-7,-7,-7,-7
15,1.6506,-7,-7,-7,-7
15,1.71084,-4.69025,-4.69025,-7,-7
15,1.77108,-3.62994,-3.62994,-7,-7
15,1.83133,-2.86293,-2.86293,-7,-7
15,1.89157,-2.26943,-2.26943,-7,-7
15,1.95181,-1.78875,-1.78875,-7,-7
15,2,-1.46182,-1.46182,-7,-7
15,2.01205,-1.38661,-1.38661,-7,-7
15,2.07229,-1.04235,-1.04235,-7,-7
15,2.13253,-0.743012,-0.743012,-7,-7
15,2.19277,-0.478126,-0.478126,-7,-7
15,2.25301,-0.242663,-0.242663,-6.89293,-7
15,2.31325,-0.030277,-0.030277,-4.29326,-7
15,2.37349,0.162518,0.162518,-3.73191,-6.88226
15,2.43373,0.338668,0.338668,-3.23361,-4.27081
15,2.49398,0.500817,0.500817,-2.79625,-3.70878
15,2.55422,0.651375,0.651375,-2.4092,-3.20844
15,2.61446,0.789617,0.789617,-2.06346,-2.76823
15,2.6747,0.917607,0.917607,-1.7522,-2.37759
15,2.73494,1.03691,1.03691,-1.46837,-2.02821
15,2.79518,1.14812,1.14812,-1.21013,-1.7129
15,2.85542,1.25205,1.25205,-0.968746,-1.42549
15,2.91566,1.34943,1.34943,-0.74952,-1.1631
15,2.9759,1.44076,1.44076,-0.548195,-0.918087
15,3,1.47569,1.47569,-0.47207,-0.826499
15,3.03614,1.52647,1.52647,-0.361655,-0.694543
15,3.09639,1.60695,1.60695,-0.187808,-0.489168
15,3.15663,1.68253,1.68253,-0.02523,-0.298341
15,3.21687,1.75343,1.75343,0.127126,-0.120202
15,3.27711,1.81992,1.81992,0.269385,0.0464481
15,3.33735,1.88216,1.88216,0.40342,0.202487
15,3.39759,1.94031,1.94031,0.529752,0.348568
15,3.45783,1.99452,1.99452,0.64889,0.486247
15,3.51807,2.0449,2.0449,0.76134,0.616126
15,3.57831,2.09157,2.09157,0.867577,0.738798
15,3.63855,2.13461,2.13461,0.968011,0.854694
15,3.6988,2.17411,2.17411,1.06304,0.964278
15,3.75904,2.21017,2.21017,1.15295,1.06795
15,3.81928,2.24288,2.24288,1.23801,1.16607
15,3.87952,2.2723,2.2723,1.31849,1.25897
15,3.93976,2.29856,2.29856,1.39453,1.34686
15,4,2.32171,2.32171,1.46636,1.42998
15,4.06024,2.34189,2.34189,1.53409,1.50852
15,4.12048,2.35923,2.35923,1.59788,1.58257
15,4.18072,2.37382,2.37382,1.65782,1.6523
15,4.24096,2.38578,2.38578,1.71399,1.71779
15,4.3012,2.39522,2.39522,1.76645,1.77915
15,4.36145,2.40227,2.40227,1.81525,1.83643
15,4.42169,2.40706,2.40706,1.86042,1.88965
15,4.48193,2.40973,2.40973,1.90202,1.93886
15,4.54217,2.41039,2.41039,1.94007,1.98406
15,4.60241,2.40917,2.40917,1.97462,2.02525
15,4.66265,2.40619,2.40619,2.0057,2.06249
15,4.72289,2.40161,2.40161,2.03332,2.0958
15,4.78313,2.3956,2.3956,2.05754,2.12521
15,4.84337,2.38823,2.38823,2.07838,2.15078
15,4.90361,2.37959,2.37959,2.09591,2.17254
15,4.96386,2.36978,2.36978,2.11022,2.19056
15,5,2.36337,2.36337,2.11727,2.19959
15,5.0241,2.3589,2.3589,2.12136,2.20487
15,5.08434,2.34708,2.34708,2.12943,2.21557
15,5.14458,2.3344,2.3344,2.13452,2.22279
15,5.20482,2.32093,2.32093,2.1367,2.22667
15,5.26506,2.30672,2.30672,2.13609,2.2273
15,5.3253,2.29185,2.29185,2.13277,2.22482
15,5.38554,2.27634,2.27634,2.12691,2.21934
15,5.44578,2.26027,2.26027,2.11868,2.21104
15,5.50602,2.24372,2.24372,2.10828,2.20008
15,5.56627,2.22677,2.22677,2.09582,2.18656
15,5.62651,2.20946,2.20946,2.08144,2.17066
15,5.68675,2.19181,2.19181,2.06537,2.15265
15,5.74699,2.17377,2.17377,2.04775,2.13289
15,5.80723,2.15539,2.15539,2.02859,2.11169
15,5.86747,2.13673,2.13673,2.00794,2.08895
15,5.92771,2.11781,2.11781,1.98589,2.06457
15,5.98795,2.09866,2.09866,1.96259,2.03876
15,6,2.09481,2.09481,1.95779,2.03345
15,6.04819,2.0793,2.0793,1.93822,2.01182
15,6.10843,2.05976,2.05976,1.91303,1.9838
15,6.16867,2.04005,2.04005,1.88721,1.95438
15,6.22892,2.01988,2.01988,1.86085,1.92436
15,6.28916,1.9989,1.9989,1.83409,1.89464
15,6.3494,1.9772,1.9772,1.80705,1.86441
15,6.40964,1.9548,1.9548,1.77986,1.8335
15,6.46988,1.9317,1.9317,1.75261,1.80207
15,6.53012,1.90787,1.90787,1.72538,1.77017
15,6.59036,1.88331,1.88331,1.69813,1.73849
15,6.6506,1.85804,1.85804,1.67069,1.70725
15,6.71084,1.83206,1.83206,1.64278,1.67617
15,6.77108,1.80537,1.80537,1.61464,1.64545
15,6.83133,1.77795,1.77795,1.58677,1.61518
15,6.89157,1.74979,1.74979,1.55942,1.58531
15,6.95181,1.72091,1.72091,1.53271,1.55585
15,7,1.69728,1.69728,1.51185,1.53259
15,7.01205,1.69129,1.69129,1.5067,1.52682
15,7.07229,1.66093,1.66093,1.48127,1.49822
15,7.13253,1.62981,1.62981,1.45585,1.47014
15,7.19277,1.59793,1.59793,1.43008,1.44272
15,7.25301,1.56529,1.56529,1.40486,1.41603
15,7.31325,1.53188,1.53188,1.38048,1.39006
15,7.37349,1.4977,1.4977,1.35675,1.36481
15,7.43373,1.46274,1.46274,1.33301,1.34024
15,7.49398,1.427,1.427,1.30929,1.31627
15,7.55422,1.39046,1.39046,1.28602,1.29278
15,7.61446,1.35313,1.35313,1.2637,1.26983
15,7.6747,1.31501,1.31501,1.24232,1.24747
15,7.73494,1.2761,1.2761,1.22151,1.22573
15,7.79518,1.23639,1.23639,1.20081,1.20481
15,7.85542,1.1959,1.1959,1.1804,1.18483
15,7.91566,1.15462,1.15462,1.16079,1.16579
15,7.9759,1.11256,1.11256,1.14232,1.14759
15,8,1.09552,1.09552,1.1352,1.14053
15,8.03614,1.06972,1.06972,1.12465,1.13016
15,8.09639,1.02611,1.02611,1.10718,1.11339
15,8.15663,0.981747,0.981747,1.08992,1.09713
15,8.21687,0.936655,0.936655,1.07324,1.08136
15,8.27711,0.890834,0.890834,1.05762,1.06631
15,8.33735,0.84428,0.84428,1.04288,1.0521
15,8.39759,0.797038,0.797038,1.02863,1.03871
15,8.45783,0.749157,0.749157,1.01451,1.02608
15,8.51807,0.700649,0.700649,1.00081,1.01418
15,8.57831,0.651498,0.651498,0.987867,1.00281
15,8.63855,0.601739,0.601739,0.975936,0.991824
15,8.6988,0.551455,0.551455,0.96458,0.981156
15,8.75904,0.50069,0.50069,0.953498,0.970887
15,8.81928,0.449456,0.449456,0.942591,0.961021
15,8.87952,0.397774,0.397774,0.932288,0.951795
15,8.93976,0.345791,0.345791,0.922681,0.943452
15,9,0.293579,0.293579,0.913697,0.936073
15,9.06024,0.241107,0.241107,0.905172,0.929352
15,9.12048,0.188291,0.188291,0.897005,0.923129
15,9.18072,0.135311,0.135311,0.889237,0.917271
15,9.24096,0.0823032,0.0823032,0.882175,0.911644
15,9.3012,0.0293333,0.0293333,0.875643,0.906139
15,9.36145,-0.0236153,-0.0236153,0.869391,0.900992
15,9.42169,-0.0763923,-0.0763923,0.863579,0.896378
15,9.48193,-0.12876,-0.12876,0.858197,0.892442
15,9.54217,-0.180753,-0.180753,0.853241,0.88934
15,9.60241,-0.232728,-0.232728,0.848797,0.886738
15,9.66265,-0.284835,-0.284835,0.844704,0.884339
15,9.72289,-0.336451,-0.336451,0.840833,0.882302
15,9.78313,-0.387334,-0.387334,0.837421,0.880647
15,9.84337,-0.437723,-0.437723,0.834408,0.879375
15,9.90361,-0.487884,-0.487884,0.831693,0.87846
15,9.96386,-0.537546,-0.537546,0.82935,0.877875
15,10,-0.567058,-0.567058,0.828092,0.877684
15,10.0241,-0.58661,-0.58661,0.827295,0.877623
15,10.0843,-0.635032,-0.635032,0.825477,0.877701
15,10.1446,-0.682892,-0.682892,0.824065,0.878083
15,10.2048,-0.730105,-0.730105,0.822961,0.878756
15,10.2651,-0.776604,-0.776604,0.822049,0.879721
15,10.3253,-0.822375,-0.822375,0.821453,0.880969
15,10.3855,-0.867434,-0.867434,0.821118,0.882473
15,10.4458,-0.911814,-0.911814,0.820992,0.884227
15,10.506,-0.955416,-0.955416,0.821177,0.886228
15,10.5663,-0.998287,-0.998287,0.821589,0.888464
15,10.6265,-1.04041,-1.04041,0.822152,0.890913
15,10.6867,-1.08187,-1.08187,0.823003,0.893572
15,10.747,-1.12257,-1.12257,0.824078,0.896436
15,10.8072,-1.16254,-1.16254,0.825293,0.899495
15,10.8675,-1.20179,-1.20179,0.826709,0.902734
15,10.9277,-1.24042,-1.24042,0.828318,0.906145
15,10.988,-1.27835,-1.27835,0.830094,0.909717
15,11,-1.28585,-1.28585,0.830467,0.91045
15,11.0482,-1.31555,-1.31555,0.832025,0.913442
15,11.1084,-1.35208,-1.35208,0.834114,0.91731
15,11.1687,-1.38807,-1.38807,0.836356,0.921311
15,11.2289,-1.42349,-1.42349,0.838744,0.925437
15,11.2892,-1.45814,-1.45814,0.841181,0.929682
15,11.3494,-1.49209,-1.49209,0.84354,0.934037
15,11.4096,-1.52565,-1.52565,0.845746,0.938113
15,11.4699,-1.55897,-1.55897,0.847686,0.940229
15,11.5301,-1.59139,-1.59139,0.845138,0.939328
15,11.5904,-1.62268,-1.62268,0.833465,0.934243
15,11.6506,-1.65396,-1.65396,0.814131,0.923376
15,11.7108,-1.68606,-1.68606,0.788444,0.904924
15,11.7711,-1.71696,-1.71696,0.756738,0.878606
15,11.8313,-1.74461,-1.74461,0.719339,0.84679
15,11.8916,-1.77294,-1.77294,0.676547,0.809666
15,11.9518,-1.80345,-1.80345,0.628488,0.767373
15,12,-1.82714,-1.82714,0.586399,0.729967
15,12.012,-1.83302,-1.83302,0.57539,0.720121
15,12.0723,-1.86214,-1.86214,0.517665,0.66796
15,12.1325,-1.88969,-1.88969,0.455594,0.611173
15,12.1928,-1.91743,-1.91743,0.389038,0.550187
15,12.253,-1.94452,-1.94452,0.319113,0.484915
15,12.3133,-1.96964,-1.96964,0.247119,0.415712
15,12.3735,-1.99667,-1.99667,0.168578,0.342974
15,12.4337,-2.02386,-2.02386,0.0873803,0.267551
15,12.494,-2.05026,-2.05026,0.0105432,0.190743
15,12.5542,-2.07616,-2.07616,-0.0722076,0.111102
15,12.6145,-2.10161,-2.10161,-0.157472,0.0286965
15,12.6747,-2.12627,-2.12627,-0.244271,-0.0553663
15,12.7349,-2.15241,-2.15241,-0.333376,-0.14232
15,12.7952,-2.17754,-2.17754,-0.422914,-0.231291
15,12.8554,-2.20263,-2.20263,-0.515081,-0.319675
15,12.9157,-2.22758,-2.22758,-0.607356,-0.408997
15,12.9759,-2.25072,-2.25072,-0.703321,-0.500135
15,13,-2.25985,-2.25985,-0.740009,-0.537283
15,13.0361,-2.27368,-2.27368,-0.80044,-0.593868
15,13.0964,-2.29751,-2.29751,-0.893045,-0.691109
15,13.1566,-2.32047,-2.32047,-0.993185,-0.788004
15,13.2169,-2.34329,-2.34329,-1.08943,-0.882039
15,13.2771,-2.36748,-2.36748,-1.19072,-0.980367
15,13.3373,-2.39194,-2.39194,-1.29,-1.07976
15,13.3976,-2.41514,-2.41514,-1.39164,-1.17593
15,13.4578,-2.43928,-2.43928,-1.49396,-1.27897
15,13.5181,-2.46169,-2.46169,-1.596,-1.37911
15,13.5783,-2.48324,-2.48324,-1.70037,-1.48247
15,13.6386,-2.5071,-2.5071,-1.80336,-1.58483
15,13.6988,-2.52778,-2.52778,-1.90859,-1.68706
15,13.759,-2.55098,-2.55098,-2.01368,-1.79235
15,13.8193,-2.57414,-2.57414,-2.11973,-1.89578
15,13.8795,-2.5964,-2.5964,-2.22737,-2.00091
15,13.9398,-2.61893,-2.61893,-2.33438,-2.10759
15,14,-2.64092,-2.64092,-2.44202,-2.2144
16,-1,-7,-7,-7,-7
16,-0.939759,-7,-7,-7,-7
16,-0.879518,-7,-7,-7,-7
16,-0.819277,-7,-7,-7,-7
16,-0.759036,-7,-7,-7,-7
16,-0.698795,-7,-7,-7,-7
16,-0.638554,-7,-7,-7,-7
16,-0.578313,-7,-7,-7,-7
16,-0.518072,-7,-7,-7,-7
16,-0.457831,-7,-7,-7,-7
16,-0.39759,-7,-7,-7,-7
16,-0.337349,-7,-7,-7,-7
16,-0.277108,-7,-7,-7,-7
16,-0.216867,-7,-7,-7,-7
16,-0.156627,-7,-7,-7,-7
16,-0.0963855,-7,-7,-7,-7
16,-0.0361446,-7,-7,-7,-7
16,0,-7,-7,-7,-7
16,0.0240964,-7,-7,-7,-7
16,0.0843373,-7,-7,-7,-7
16,0.144578,-7,-7,-7,-7
16,0.204819,-7,-7,-7,-7
16,0.26506,-7,-7,-7,-7
16,0.325301,-7,-7,-7,-7
16,0.385542,-7,-7,-7,-7
16,0.445783,-7,-7,-7,-7
16,0.506024,-7,-7,-7,-7
16,0.566265,-7,-7,-7,-7
16,0.626506,-7,-7,-7,-7
16,0.686747,-7,-7,-7,-7
16,0.746988,-7,-7,-7,-7
16,0.807229,-7,-7,-7,-7
16,0.86747,-7,-7,-7,-7
16,0.927711,-7,-7,-7,-7
16,0.987952,-7,-7,-7,-7
16,1,-7,-7,-7,-7
16,1.04819,-7,-7,-7,-5.01122
16,1.10843,-7,-7,-4.7397,-4.49224
16,1.16867,-7,-7,-4.32119,-4.24239
16,1.22892,-7,-7,-4.08676,-4.03154
16,1.28916,-7,-7,-3.88183,-3.82962
16,1.3494,-7,-7,-3.68402,-3.63331
16,1.40964,-7,-7,-3.49126,-3.44316
16,1.46988,-7,-7,-3.30422,-3.25951
16,1.53012,-7,-7,-3.12321,-3.08221
16,1.59036,-7,-7,-2.94816,-2.91102
16,1.6506,-7,-7,-2.77882,-2.74561
16,1.71084,-4.69025,-4.69025,-2.61494,-2.58565
16,1.77108,-3.62994,-3.62994,-2.45618,-2.43083
16,1.83133,-2.86293,-2.86293,-2.30229,-2.28089
16,1.89157,-2.26943,-2.26943,-2.15305,-2.13556
16,1.95181,-1.78875,-1.78875,-2.00816,-1.99461
16,2,-1.46182,-1.46182,-1.89529,-1.88486
16,2.01205,-1.38661,-1.38661,-1.86748,-1.85783
16,2.07229,-1.04235,-1.04235,-1.73076,-1.72501
16,2.13253,-0.743012,-0.743012,-1.59783,-1.59597
16,2.19277,-0.478126,-0.478126,-1.46854,-1.47057
16,2.25301,-0.242663,-0.242663,-1.34268,-1.34865
16,2.31325,-0.030277,-0.030277,-1.22014,-1.2301
16,2.37349,0.162518,0.162518,-1.10078,-1.11471
16,2.43373,0.338668,0.338668,-0.984469,-1.00231
16,2.49398,0.500817,0.500817,-0.871038,-0.89287
16,2.55422,0.651375,0.651375,-0.760358,-0.786289
16,2.61446,0.789617,0.789617,-0.652399,-0.682317
16,2.6747,0.917607,0.917607,-0.547057,-0.58086
16,2.73494,1.03691,1.03691,-0.444127,-0.481962
16,2.79518,1.14812,1.14812,-0.343545,-0.385515
16,2.85542,1.25205,1.25205,-0.24532,-0.291333
16,2.91566,1.34943,1.34943,-0.149397,-0.199287
16,2.9759,1.44076,1.44076,-0.0557073,-0.109284
16,3,1.47569,1.47569,-0.0188331,-0.0738638
16,3.03614,1.52647,1.52647,0.0358553,-0.021376
16,3.09639,1.60695,1.60695,0.125359,0.0643906
16,3.15663,1.68253,1.68253,0.212777,0.148155
16,3.21687,1.75343,1.75343,0.298178,0.230024
16,3.27711,1.81992,1.81992,0.381739,0.310029
16,3.33735,1.88216,1.88216,0.463567,0.388337
16,3.39759,1.94031,1.94031,0.543716,0.465228
16,3.45783,1.99452,1.99452,0.622046,0.540555
16,3.51807,2.0449,2.0449,0.698488,0.613901
16,3.57831,2.09157,2.09157,0.773505,0.685296
16,3.63855,2.13461,2.13461,0.847127,0.754944
16,3.6988,2.17411,2.17411,0.918502,0.823062
16,3.75904,2.21017,2.21017,0.987839,0.889801
16,3.81928,2.24288,2.24288,1.0562,0.955229
16,3.87952,2.2723,2.2723,1.12318,1.01951
16,3.93976,2.29856,2.29856,1.18845,1.08246
16,4,2.32171,2.32171,1.25255,1.14389
16,4.06024,2.34189,2.34189,1.3153,1.20403
16,4.12048,2.35923,2.35923,1.37656,1.26311
16,4.18072,2.37382,2.37382,1.43624,1.32055
16,4.24096,2.38578,2.38578,1.49435,1.37645
16,4.3012,2.39522,2.39522,1.55077,1.43093
16,4.36145,2.40227,2.40227,1.60554,1.48358
16,4.42169,2.40706,2.40706,1.65912,1.53458
16,4.48193,2.40973,2.40973,1.71134,1.5841
16,4.54217,2.41039,2.41039,1.76188,1.63213
16,4.60241,2.40917,2.40917,1.81072,1.67864
16,4.66265,2.40619,2.40619,1.85769,1.72364
16,4.72289,2.40161,2.40161,1.90274,1.76686
16,4.78313,2.3956,2.3956,1.94592,1.80824
16,4.84337,2.38823,2.38823,1.98705,1.84866
16,4.90361,2.37959,2.37959,2.0261,1.88744
16,4.96386,2.36978,2.36978,2.063,1.92451
16,5,2.36337,2.36337,2.0841,1.94593
16,5.0241,2.3589,2.3589,2.09772,1.95986
16,5.08434,2.34708,2.34708,2.13019,1.99345
16,5.14458,2.3344,2.3344,2.16041,2.02526
16,5.20482,2.32093,2.32093,2.18833,2.05527
16,5.26506,2.30672,2.30672,2.21393,2.08345
16,5.3253,2.29185,2.29185,2.23718,2.10978
16,5.38554,2.27634,2.27634,2.25808,2.13426
16,5.44578,2.26027,2.26027,2.27667,2.15686
16,5.50602,2.24372,2.24372,2.29294,2.17759
16,5.56627,2.22677,2.22677,2.30693,2.19644
16,5.62651,2.20946,2.20946,2.3187,2.21344
16,5.68675,2.19181,2.19181,2.32827,2.22858
16,5.74699,2.17377,2.17377,2.33571,2.24192
16,5.80723,2.15539,2.15539,2.3411,2.25345
16,5.86747,2.13673,2.13673,2.34449,2.26326
16,5.92771,2.11781,2.11781,2.34596,2.27132
16,5.98795,2.09866,2.09866,2.34557,2.27774
16,6,2.09481,2.09481,2.34527,2.27882
16,6.04819,2.0793,2.0793,2.34337,2.28251
16,6.10843,2.05976,2.05976,2.33948,2.28578
16,6.16867,2.04005,2.04005,2.33401,2.2875
16,6.22892,2.01988,2.01988,2.3271,2.28785
16,6.28916,1.9989,1.9989,2.31879,2.2868
16,6.3494,1.9772,1.9772,2.30913,2.28446
16,6.40964,1.9548,1.9548,2.29819,2.28085
16,6.46988,1.9317,1.9317,2.28605,2.27609
16,6.53012,1.90787,1.90787,2.27283,2.27018
16,6.59036,1.88331,1.88331,2.25861,2.26323
16,6.6506,1.85804,1.85804,2.24339,2.25527
16,6.71084,1.83206,1.83206,2.2272,2.24637
16,6.77108,1.80537,1.80537,2.21018,2.2366
16,6.83133,1.77795,1.77795,2.19247,2.22598
16,6.89157,1.74979,1.74979,2.17405,2.21459
16,6.95181,1.72091,1.72091,2.15496,2.20247
16,7,1.69728,1.69728,2.13923,2.19228
16,7.01205,1.69129,1.69129,2.13524,2.18967
16,7.07229,1.66093,1.66093,2.11492,2.17622
16,7.13253,1.62981,1.62981,2.09403,2.16218
16,7.19277,1.59793,1.59793,2.07264,2.14758
16,7.25301,1.56529,1.56529,2.05077,2.13246
16,7.31325,1.53188,1.53188,2.02845,2.11685
16,7.37349,1.4977,1.4977,2.00571,2.10079
16,7.43373,1.46274,1.46274,1.98259,2.08431
16,7.49398,1.427,1.427,1.95912,2.06743
16,7.55422,1.39046,1.39046,1.93532,2.05019
16,7.61446,1.35313,1.35313,1.91122,2.0326
16,7.6747,1.31501,1.31501,1.88683,2.01471
16,7.73494,1.2761,1.2761,1.86217,1.99652
16,7.79518,1.23639,1.23639,1.83728,1.97805
16,7.85542,1.1959,1.1959,1.81217,1.95933
16,7.91566,1.15462,1.15462,1.78686,1.94037
16,7.9759,1.11256,1.11256,1.76137,1.9212
16,8,1.09552,1.09552,1.75113,1.91348
16,8.03614,1.06972,1.06972,1.73572,1.90183
16,8.09639,1.02611,1.02611,1.70993,1.88228
16,8.15663,0.981747,0.981747,1.684,1.86256
16,8.21687,0.936655,0.936655,1.65794,1.84269
16,8.27711,0.890834,0.890834,1.63178,1.82268
16,8.33735,0.84428,0.84428,1.60554,1.80255
16,8.39759,0.797038,0.797038,1.57924,1.7823
16,8.45783,0.749157,0.749157,1.55289,1.76195
16,8.51807,0.700649,0.700649,1.52649,1.74152
16,8.57831,0.651498,0.651498,1.50005,1.72099
16,8.63855,0.601739,0.601739,1.47359,1.7004
16,8.6988,0.551455,0.551455,1.44713,1.67976
16,8.75904,0.50069,0.50069,1.42068,1.65906
16,8.81928,0.449456,0.449456,1.39423,1.63833
16,8.87952,0.397774,0.397774,1.3678,1.61757
16,8.93976,0.345791,0.345791,1.34141,1.59678
16,9,0.293579,0.293579,1.31507,1.57598
16,9.06024,0.241107,0.241107,1.2888,1.55516
16,9.12048,0.188291,0.188291,1.26258,1.53435
16,9.18072,0.135311,0.135311,1.23641,1.51356
16,9.24096,0.0823032,0.0823032,1.21031,1.49279
16,9.3012,0.0293333,0.0293333,1.18431,1.47204
16,9.36145,-0.0236153,-0.0236153,1.15843,1.45132
16,9.42169,-0.0763923,-0.0763923,1.13265,1.43064
16,9.48193,-0.12876,-0.12876,1.10695,1.41
16,9.54217,-0.180753,-0.180753,1.08134,1.38942
16,9.60241,-0.232728,-0.232728,1.05586,1.3689
16,9.66265,-0.284835,-0.284835,1.03055,1.34846
16,9.72289,-0.336451,-0.336451,1.00538,1.32808
16,9.78313,-0.387334,-0.387334,0.980327,1.30777
16,9.84337,-0.437723,-0.437723,0.955358,1.28752
16,9.90361,-0.487884,-0.487884,0.930527,1.26733
16,9.96386,-0.537546,-0.537546,0.905864,1.24723
16,10,-0.567058,-0.567058,0.891152,1.23522
16,10.0241,-0.58661,-0.58661,0.881377,1.22724
16,10.0843,-0.635032,-0.635032,0.857044,1.20739
16,10.1446,-0.682892,-0.682892,0.832844,1.18765
16,10.2048,-0.730105,-0.730105,0.808809,1.16799
16,10.2651,-0.776604,-0.776604,0.784987,1.1484
16,10.3253,-0.822375,-0.822375,0.761395,1.12887
16,10.3855,-0.867434,-0.867434,0.737979,1.10953
16,10.4458,-0.911814,-0.911814,0.714682,1.09042
16,10.506,-0.955416,-0.955416,0.691503,1.07147
16,10.5663,-0.998287,-0.998287,0.668557,1.05258
16,10.6265,-1.04041,-1.04041,0.6459,1.03376
16,10.6867,-1.08187,-1.08187,0.623468,1.0151
16,10.747,-1.12257,-1.12257,0.601148,0.9966
16,10.8072,-1.16254,-1.16254,0.578873,0.978239
16,10.8675,-1.20179,-1.20179,0.556792,0.960011
16,10.9277,-1.24042,-1.24042,0.535006,0.941936
16,10.988,-1.27835,-1.27835,0.513531,0.924028
16,11,-1.28585,-1.28585,0.509261,0.920466
16,11.0482,-1.31555,-1.31555,0.492252,0.906283
16,11.1084,-1.35208,-1.35208,0.471105,0.888691
16,11.1687,-1.38807,-1.38807,0.450111,0.871247
16,11.2289,-1.42349,-1.42349,0.42931,0.85395
16,11.2892,-1.45814,-1.45814,0.408708,0.836801
16,11.3494,-1.49209,-1.49209,0.388283,0.819818
16,11.4096,-1.52565,-1.52565,0.368013,0.803016
16,11.4699,-1.55897,-1.55897,0.347909,0.786384
16,11.5301,-1.59139,-1.59139,0.328047,0.769905
16,11.5904,-1.62268,-1.62268,0.308465,0.753581
16,11.6506,-1.65396,-1.65396,0.289109,0.737418
16,11.7108,-1.68606,-1.68606,0.269897,0.721421
16,11.7711,-1.71696,-1.71696,0.250782,0.705595
16,11.8313,-1.74461,-1.74461,0.231869,0.689943
16,11.8916,-1.77294,-1.77294,0.213223,0.674459
16,11.9518,-1.80345,-1.80345,0.194834,0.659133
16,12,-1.82714,-1.82714,0.180233,0.646987
16,12.012,-1.83302,-1.83302,0.176593,0.643968
16,12.0723,-1.86214,-1.86214,0.158429,0.628969
16,12.1325,-1.88969,-1.88969,0.140422,0.614141
16,12.1928,-1.91743,-1.91743,0.122674,0.599485
16,12.253,-1.94452,-1.94452,0.105222,0.584996
16,12.3133,-1.96964,-1.96964,0.0879283,0.570673
16,12.3735,-1.99667,-1.99667,0.070691,0.556516
16,12.4337,-2.02386,-2.02386,0.0535249,0.542523
16,12.494,-2.05026,-2.05026,0.0366064,0.528687
16,12.5542,-2.07616,-2.07616,0.0200238,0.515008
16,12.6145,-2.10161,-2.10161,0.00364716,0.501493
16,12.6747,-2.12627,-2.12627,-0.0126915,0.48814
16,12.7349,-2.15241,-2.15241,-0.0290622,0.474946
16,12.7952,-2.17754,-2.17754,-0.0452261,0.461909
16,12.8554,-2.20263,-2.20263,-0.0610266,0.449027
16,12.9157,-2.22758,-2.22758,-0.0765103,0.436292
16,12.9759,-2.25072,-2.25072,-0.0919751,0.423701
16,13,-2.25985,-2.25985,-0.0981958,0.418707
16,13.0361,-2.27368,-2.27368,-0.107586,0.411263
16,13.0964,-2.29751,-2.29751,-0.123099,0.398977
16,13.1566,-2.32047,-2.32047,-0.138221,0.386842
16,13.2169,-2.34329,-2.34329,-0.152852,0.374854
16,13.2771,-2.36748,-2.36748,-0.167441,0.363007
16,13.3373,-2.39194,-2.39194,-0.182291,0.351302
16,13.3976,-2.41514,-2.41514,-0.197297,0.339747
16,13.4578,-2.43928,-2.43928,-0.211879,0.32834
16,13.5181,-2.46169,-2.46169,-0.225736,0.317079
16,13.5783,-2.48324,-2.48324,-0.239392,0.305957
16,13.6386,-2.5071,-2.5071,-0.253446,0.294969
16,13.6988,-2.52778,-2.52778,-0.268129,0.284114
16,13.759,-2.55098,-2.55098,-0.282674,0.273393
16,13.8193,-2.57414,-2.57414,-0.296614,0.2628
16,13.8795,-2.5964,-2.5964,-0.309998,0.252329
16,13.9398,-2.61893,-2.61893,-0.323401,0.241971
16,14,-2.64092,-2.64092,-0.337077,0.231718
17,-1,-7,-7,-7,-7
17,-0.939759,-7,-7,-7,-7
17,-0.879518,-7,-7,-7,-7
17,-0.819277,-7,-7,-7,-7
17,-0.759036,-7,-7,-7,-7
17,-0.698795,-7,-7,-7,-7
17,-0.638554,-7,-7,-7,-7
17,-0.578313,-7,-7,-7,-7
17,-0.518072,-7,-7,-7,-7
17,-0.457831,-7,-7,-7,-7
17,-0.39759,-7,-7,-7,-7
17,-0.337349,-7,-7,-7,-7
17,-0.277108,-7,-7,-7,-7
17,-0.216867,-7,-7,-7,-7
17,-0.156627,-7,-7,-7,-7
17,-0.0963855,-7,-7,-7,-7
17,-0.0361446,-7,-7,-7,-7
17,0,-7,-7,-7,-7
17,0.0240964,-7,-7,-7,-7
17,0.0843373,-7,-7,-7,-7
17,0.144578,-7,-7,-7,-7
17,0.204819,-7,-7,-7,-7
17,0.26506,-7,-7,-7,-7
17,0.325301,-7,-7,-7,-7
17,0.385542,-7,-7,-7,-7
17,0.445783,-7,-7,-7,-7
17,0.506024,-7,-7,-7,-7
17,0.566265,-7,-7,-7,-7
17,0.626506,-7,-7,-7,-7
17,0.686747,-7,-7,-7,-7
17,0.746988,-7,-7,-7,-7
17,0.807229,-7,-7,-7,-7
17,0.86747,-7,-7,-7,-7
17,0.927711,-7,-7,-7,-7
17,0.987952,-7,-7,-7,-7
17,1,-7,-7,-7,-7
17,1.04819,-7,-7,-7,-7
17,1.10843,-7,-7,-7,-7
17,1.16867,-7,-7,-7,-7
17,1.22892,-7,-7,-7,-7
17,1.28916,-7,-7,-7,-7
17,1.3494,-7,-7,-7,-7
17,1.40964,-7,-7,-7,-7
17,1.46988,-7,-7,-7,-7
17,1.53012,-7,-7,-7,-7
17,1.59036,-7,-7,-7,-7
17,1.6506,-7,-7,-7,-7
17,1.71084,-4.69025,-4.69025,-7,-7
17,1.77108,-3.62994,-3.62994,-7,-7
17,1.83133,-2.86293,-2.86293,-7,-7
17,1.89157,-2.26943,-2.26943,-7,-7
17,1.95181,-1.78875,-1.78875,-7,-4.77099
17,2,-1.46182,-1.46182,-7,-4.39274
17,2.01205,-1.38661,-1.38661,-7,-4.32298
17,2.07229,-1.04235,-1.04235,-5.3175,-4.00671
17,2.13253,-0.743012,-0.743012,-4.47102,-3.71112
17,2.19277,-0.478126,-0.478126,-4.03311,-3.43126
17,2.25301,-0.242663,-0.242663,-3.6365,-3.16768
17,2.31325,-0.030277,-0.030277,-3.27489,-2.91977
17,2.37349,0.162518,0.162518,-2.94641,-2.68629
17,2.43373,0.338668,0.338668,-2.64613,-2.46591
17,2.49398,0.500817,0.500817,-2.37029,-2.25698
17,2.55422,0.651375,0.651375,-2.11514,-2.05875
17,2.61446,0.789617,0.789617,-1.87783,-1.87046
17,2.6747,0.917607,0.917607,-1.65809,-1.69113
17,2.73494,1.03691,1.03691,-1.45326,-1.51972
17,2.79518,1.14812,1.14812,-1.26003,-1.35638
17,2.85542,1.25205,1.25205,-1.0805,-1.19985
17,2.91566,1.34943,1.34943,-0.909808,-1.04976
17,2.9759,1.44076,1.44076,-0.747522,-0.905198
17,3,1.47569,1.47569,-0.685034,-0.849383
17,3.03614,1.52647,1.52647,-0.593588,-0.767524
17,3.09639,1.60695,1.60695,-0.447346,-0.636034
17,3.15663,1.68253,1.68253,-0.3082,-0.509309
17,3.21687,1.75343,1.75343,-0.175804,-0.386126
17,3.27711,1.81992,1.81992,-0.0494086,-0.268368
17,3.33735,1.88216,1.88216,0.0713086,-0.156145
17,3.39759,1.94031,1.94031,0.186783,-0.0465014
17,3.45783,1.99452,1.99452,0.29737,0.0598314
17,3.51807,2.0449,2.0449,0.403362,0.163163
17,3.57831,2.09157,2.09157,0.505085,0.263643
17,3.63855,2.13461,2.13461,0.602755,0.360536
17,3.6988,2.17411,2.17411,0.696649,0.454973
17,3.75904,2.21017,2.21017,0.787049,0.546021
17,3.81928,2.24288,2.24288,0.874002,0.634723
17,3.87952,2.2723,2.2723,0.957694,0.720525
17,3.93976,2.29856,2.29856,1.0383,0.803841
17,4,2.32171,2.32171,1.11595,0.8849
17,4.06024,2.34189,2.34189,1.19077,0.96319
17,4.12048,2.35923,2.35923,1.26287,1.0398
17,4.18072,2.37382,2.37382,1.33234,1.1139
17,4.24096,2.38578,2.38578,1.39926,1.18586
17,4.3012,2.39522,2.39522,1.46368,1.25567
17,4.36145,2.40227,2.40227,1.52569,1.32336
17,4.42169,2.40706,2.40706,1.5853,1.38908
17,4.48193,2.40973,2.40973,1.64257,1.4528
17,4.54217,2.41039,2.41039,1.69752,1.51452
17,4.60241,2.40917,2.40917,1.75016,1.57427
17,4.66265,2.40619,2.40619,1.80052,1.63205
17,4.72289,2.40161,2.40161,1.8486,1.68786
17,4.78313,2.3956,2.3956,1.89441,1.74166
17,4.84337,2.38823,2.38823,1.93794,1.79335
17,4.90361,2.37959,2.37959,1.97915,1.84284
17,4.96386,2.36978,2.36978,2.01793,1.8901
17,5,2.36337,2.36337,2.04002,1.91735
17,5.0241,2.3589,2.3589,2.05424,1.93507
17,5.08434,2.34708,2.34708,2.08795,1.97773
17,5.14458,2.3344,2.3344,2.11896,2.01806
17,5.20482,2.32093,2.32093,2.14722,2.05604
17,5.26506,2.30672,2.30672,2.17286,2.09164
17,5.3253,2.29185,2.29185,2.19593,2.12485
17,5.38554,2.27634,2.27634,2.21647,2.15568
17,5.44578,2.26027,2.26027,2.23451,2.18412
17,5.50602,2.24372,2.24372,2.25005,2.21014
17,5.56627,2.22677,2.22677,2.26313,2.23376
17,5.62651,2.20946,2.20946,2.27374,2.25494
17,5.68675,2.19181,2.19181,2.28188,2.27371
17,5.74699,2.17377,2.17377,2.28765,2.29015
17,5.80723,2.15539,2.15539,2.29112,2.3043
17,5.86747,2.13673,2.13673,2.29237,2.31619
17,5.92771,2.11781,2.11781,2.29148,2.32584
17,5.98795,2.09866,2.09866,2.28855,2.33328
17,6,2.09481,2.09481,2.28773,2.3345
17,6.04819,2.0793,2.0793,2.28362,2.33855
17,6.10843,2.05976,2.05976,2.27665,2.34177
17,6.16867,2.04005,2.04005,2.26766,2.34305
17,6.22892,2.01988,2.01988,2.25683,2.34246
17,6.28916,1.9989,1.9989,2.24434,2.34001
17,6.3494,1.9772,1.9772,2.23017,2.33577
17,6.40964,1.9548,1.9548,2.21429,2.32981
17,6.46988,1.9317,1.9317,2.19682,2.32231
17,6.53012,1.90787,1.90787,2.17785,2.31336
17,6.59036,1.88331,1.88331,2.15736,2.30291
17,6.6506,1.85804,1.85804,2.13537,2.29098
17,6.71084,1.83206,1.83206,2.11198,2.27768
17,6.77108,1.80537,1.80537,2.08722,2.26311
17,6.83133,1.77795,1.77795,2.06108,2.24729
17,6.89157,1.74979,1.74979,2.0336,2.23029
17,6.95181,1.72091,1.72091,2.00483,2.21222
17,7,1.69728,1.69728,1.98092,2.19698
17,7.01205,1.69129,1.69129,1.97482,2.19306
17,7.07229,1.66093,1.66093,1.94358,2.17286
17,7.13253,1.62981,1.62981,1.91111,2.15169
17,7.19277,1.59793,1.59793,1.87742,2.12956
17,7.25301,1.56529,1.56529,1.84255,2.10651
17,7.31325,1.53188,1.53188,1.80657,2.08255
17,7.37349,1.4977,1.4977,1.76948,2.05772
17,7.43373,1.46274,1.46274,1.73127,2.03205
17,7.49398,1.427,1.427,1.69198,2.00556
17,7.55422,1.39046,1.39046,1.65163,1.97827
17,7.61446,1.35313,1.35313,1.61022,1.9502
17,7.6747,1.31501,1.31501,1.56776,1.92137
17,7.73494,1.2761,1.2761,1.52429,1.89179
17,7.79518,1.23639,1.23639,1.47985,1.86147
17,7.85542,1.1959,1.1959,1.43442,1.83041
17,7.91566,1.15462,1.15462,1.38802,1.79864
17,7.9759,1.11256,1.11256,1.34071,1.76617
17,8,1.09552,1.09552,1.32153,1.75298
17,8.03614,1.06972,1.06972,1.2925,1.73299
17,8.09639,1.02611,1.02611,1.24336,1.69916
17,8.15663,0.981747,0.981747,1.19336,1.66467
17,8.21687,0.936655,0.936655,1.1426,1.62955
17,8.27711,0.890834,0.890834,1.09105,1.59381
17,8.33735,0.84428,0.84428,1.03861,1.55746
17,8.39759,0.797038,0.797038,0.985475,1.52045
17,8.45783,0.749157,0.749157,0.931854,1.48279
17,8.51807,0.700649,0.700649,0.877578,1.44451
17,8.57831,0.651498,0.651498,0.822511,1.40562
17,8.63855,0.601739,0.601739,0.766958,1.36617
17,8.6988,0.551455,0.551455,0.711028,1.32618
17,8.75904,0.50069,0.50069,0.65426,1.28565
17,8.81928,0.449456,0.449456,0.596622,1.24459
17,8.87952,0.397774,0.397774,0.538946,1.203
17,8.93976,0.345791,0.345791,0.481266,1.16089
17,9,0.293579,0.293579,0.422621,1.11828
17,9.06024,0.241107,0.241107,0.363895,1.07519
17,9.12048,0.188291,0.188291,0.306065,1.03161
17,9.18072,0.135311,0.135311,0.247721,0.987584
17,9.24096,0.0823032,0.0823032,0.189595,0.943118
17,9.3012,0.0293333,0.0293333,0.130824,0.898231
17,9.36145,-0.0236153,-0.0236153,0.0714146,0.852913
17,9.42169,-0.0763923,-0.0763923,0.0139523,0.807175
17,9.48193,-0.12876,-0.12876,-0.0462877,0.761076
17,9.54217,-0.180753,-0.180753,-0.103894,0.714609
17,9.60241,-0.232728,-0.232728,-0.160908,0.667793
17,9.66265,-0.284835,-0.284835,-0.219591,0.620749
17,9.72289,-0.336451,-0.336451,-0.277529,0.573513
17,9.78313,-0.387334,-0.387334,-0.335318,0.526093
17,9.84337,-0.437723,-0.437723,-0.392779,0.478483
17,9.90361,-0.487884,-0.487884,-0.449911,0.430585
17,9.96386,-0.537546,-0.537546,-0.506694,0.382292
17,10,-0.567058,-0.567058,-0.540588,0.353192
17,10.0241,-0.58661,-0.58661,-0.563108,0.333738
17,10.0843,-0.635032,-0.635032,-0.619145,0.284947
17,10.1446,-0.682892,-0.682892,-0.674832,0.236032
17,10.2048,-0.730105,-0.730105,-0.730105,0.187019
17,10.2651,-0.776604,-0.776604,-0.784933,0.137864
17,10.3253,-0.822375,-0.822375,-0.839466,0.0886087
17,10.3855,-0.867434,-0.867434,-0.893451,0.0393174
17,10.4458,-0.911814,-0.911814,-0.947013,-0.0100273
17,10.506,-0.955416,-0.955416,-1.0004,-0.0594939
17,10.5663,-0.998287,-0.998287,-1.0529,-0.108935
17,10.6265,-1.04041,-1.04041,-1.10533,-0.158277
17,10.6867,-1.08187,-1.08187,-1.15757,-0.207639
17,10.747,-1.12257,-1.12257,-1.20802,-0.257072
17,10.8072,-1.16254,-1.16254,-1.2589,-0.306292
17,10.8675,-1.20179,-1.20179,-1.30925,-0.355321
17,10.9277,-1.24042,-1.24042,-1.3586,-0.404488
17,10.988,-1.27835,-1.27835,-1.41064,-0.453596
17,11,-1.28585,-1.28585,-1.42084,-0.463363
17,11.0482,-1.31555,-1.31555,-1.45834,-0.502178
17,11.1084,-1.35208,-1.35208,-1.50668,-0.550642
17,11.1687,-1.38807,-1.38807,-1.556,-0.599618
17,11.2289,-1.42349,-1.42349,-1.60528,-0.648512
17,11.2892,-1.45814,-1.45814,-1.65178,-0.696862
17,11.3494,-1.49209,-1.49209,-1.69956,-0.74504
17,11.4096,-1.52565,-1.52565,-1.74644,-0.793124
17,11.4699,-1.55897,-1.55897,-1.79303,-0.840428
17,11.5301,-1.59139,-1.59139,-1.83817,-0.887157
17,11.5904,-1.62268,-1.62268,-1.88401,-0.934564
17,11.6506,-1.65396,-1.65396,-1.92966,-0.982358
17,11.7108,-1.68606,-1.68606,-1.97531,-1.0294
17,11.7711,-1.71696,-1.71696,-2.02014,-1.07599
17,11.8313,-1.74461,-1.74461,-2.06312,-1.12265
17,11.8916,-1.77294,-1.77294,-2.10684,-1.16838
17,11.9518,-1.80345,-1.80345,-2.1506,-1.21252
17,12,-1.82714,-1.82714,-2.18514,-1.24773
17,12.012,-1.83302,-1.83302,-2.1941,-1.25663
17,12.0723,-1.86214,-1.86214,-2.23637,-1.30163
17,12.1325,-1.88969,-1.88969,-2.27786,-1.34685
17,12.1928,-1.91743,-1.91743,-2.32136,-1.39192
17,12.253,-1.94452,-1.94452,-2.36305,-1.43631
17,12.3133,-1.96964,-1.96964,-2.40449,-1.48004
17,12.3735,-1.99667,-1.99667,-2.44569,-1.52359
17,12.4337,-2.02386,-2.02386,-2.48659,-1.56689
17,12.494,-2.05026,-2.05026,-2.52721,-1.60987
17,12.5542,-2.07616,-2.07616,-2.56756,-1.65254
17,12.6145,-2.10161,-2.10161,-2.60764,-1.69497
17,12.6747,-2.12627,-2.12627,-2.64747,-1.7371
17,12.7349,-2.15241,-2.15241,-2.68707,-1.77893
17,12.7952,-2.17754,-2.17754,-2.72631,-1.82047
17,12.8554,-2.20263,-2.20263,-2.76517,-1.86173
17,12.9157,-2.22758,-2.22758,-2.80382,-1.9027
17,12.9759,-2.25072,-2.25072,-2.84257,-1.94337
17,13,-2.25985,-2.25985,-2.85819,-1.95957
17,13.0361,-2.27368,-2.27368,-2.88161,-1.98378
17,13.0964,-2.29751,-2.29751,-2.92035,-2.0239
17,13.1566,-2.32047,-2.32047,-2.95841,-2.06374
17,13.2169,-2.34329,-2.34329,-2.99581,-2.10331
17,13.2771,-2.36748,-2.36748,-3.03279,-2.14262
17,13.3373,-2.39194,-2.39194,-3.06957,-2.18169
17,13.3976,-2.41514,-2.41514,-3.10642,-2.2205
17,13.4578,-2.43928,-2.43928,-3.14381,-2.25902
17,13.5181,-2.46169,-2.46169,-3.18133,-2.2972
17,13.5783,-2.48324,-2.48324,-3.21799,-2.33515
17,13.6386,-2.5071,-2.5071,-3.2533,-2.37297
17,13.6988,-2.52778,-2.52778,-3.28871,-2.41077
17,13.759,-2.55098,-2.55098,-3.3256,-2.44828
17,13.8193,-2.57414,-2.57414,-3.36313,-2.48512
17,13.8795,-2.5964,-2.5964,-3.39876,-2.52089
17,13.9398,-2.61893,-2.61893,-3.43433,-2.55614
17,14,-2.64092,-2.64092,-3.47034,-2.59155
18,-1,-7,-7,-7,-7
18,-0.939759,-7,-7,-7,-7
18,-0.879518,-7,-7,-7,-7
18,-0.819277,-7,-7,-7,-7
18,-0.759036,-7,-7,-7,-7
18,-0.698795,-7,-7,-7,-7
18,-0.638554,-7,-7,-7,-7
18,-0.578313,-7,-7,-7,-7
18,-0.518072,-7,-7,-7,-7
18,-0.457831,-7,-7,-7,-7
18,-0.39759,-7,-7,-7,-7
18,-0.337349,-7,-7,-7,-7
18,-0.277108,-7,-7,-7,-7
18,-0.216867,-7,-7,-7,-7
18,-0.156627,-7,-7,-7,-7
18,-0.0963855,-7,-7,-7,-7
18,-0.0361446,-7,-7,-7,-7
18,0,-7,-7,-7,-7
18,0.0240964,-7,-7,-7,-7
18,0.0843373,-7,-7,-7,-7
18,0.144578,-7,-7,-7,-7
18,0.204819,-7,-7,-7,-7
18,0.26506,-7,-7,-7,-7
18,0.325301,-7,-7,-7,-7
18,0.385542,-7,-7,-7,-7
18,0.445783,-7,-7,-7,-7
18,0.506024,-7,-7,-7,-7
18,0.566265,-7,-7,-7,-7
18,0.626506,-7,-7,-7,-7
18,0.686747,-7,-7,-7,-7
18,0.746988,-7,-7,-7,-7
18,0.807229,-7,-7,-7,-7
18,0.86747,-7,-7,-7,-7
18,0.927711,-7,-7,-7,-7
18,0.987952,-7,-7,-7,-7
18,1,-7,-7,-7,-7
18,1.04819,-7,-7,-7,-7
18,1.10843,-7,-7,-7,-7
18,1.16867,-7,-7,-7,-7
18,1.22892,-7,-7,-7,-7
18,1.28916,-7,-7,-7,-7
18,1.3494,-7,-7,-7,-7
18,1.40964,-7,-7,-7,-7
18,1.46988,-7,-7,-7,-7
18,1.53012,-7,-7,-7,-7
18,1.59036,-7,-7,-7,-7
18,1.6506,-7,-7,-7,-7
18,1.71084,-4.69025,-4.69025,-7,-7
18,1.77108,-3.62994,-3.62994,-7,-7
18,1.83133,-2.86293,-2.86293,-7,-7
18,1.89157,-2.26943,-2.26943,-7,-7
18,1.95181,-1.78875,-1.78875,-7,-7
18,2,-1.46182,-1.46182,-7,-7
18,2.01205,-1.38661,-1.38661,-7,-7
18,2.07229,-1.04235,-1.04235,-7,-7
18,2.13253,-0.743012,-0.743012,-7,-7
18,2.19277,-0.478126,-0.478126,-7,-7
18,2.25301,-0.242663,-0.242663,-7,-7
18,2.31325,-0.030277,-0.030277,-7,-7
18,2.37349,0.162518,0.162518,-7,-7
18,2.43373,0.338668,0.338668,-7,-7
18,2.49398,0.500817,0.500817,-7,-7
18,2.55422,0.651375,0.651375,-7,-7
18,2.61446,0.789617,0.789617,-7,-7
18,2.6747,0.917607,0.917607,-4.72066,-7
18,2.73494,1.03691,1.03691,-2.61931,-3.7965
18,2.79518,1.14812,1.14812,-1.66058,-2.2883
18,2.85542,1.25205,1.25205,-1.04173,-1.47989
18,2.91566,1.34943,1.34943,-0.589884,-0.931298
18,2.9759,1.44076,1.44076,-0.235718,-0.524601
18,3,1.47569,1.47569,-0.113335,-0.386606
18,3.03614,1.52647,1.52647,0.0555931,-0.20038
18,3.09639,1.60695,1.60695,0.293933,0.0691253
18,3.15663,1.68253,1.68253,0.500056,0.295775
18,3.21687,1.75343,1.75343,0.681003,0.490924
18,3.27711,1.81992,1.81992,0.841227,0.661634
18,3.33735,1.88216,1.88216,0.984118,0.81277
18,3.39759,1.94031,1.94031,1.11253,0.94785
18,3.45783,1.99452,1.99452,1.22868,1.06955
18,3.51807,2.0449,2.0449,1.3343,1.17989
18,3.57831,2.09157,2.09157,1.43077,1.28047
18,3.63855,2.13461,2.13461,1.51921,1.37256
18,3.6988,2.17411,2.17411,1.60054,1.45716
18,3.75904,2.21017,2.21017,1.67549,1.53512
18,3.81928,2.24288,2.24288,1.74466,1.60713
18,3.87952,2.2723,2.2723,1.80856,1.6738
18,3.93976,2.29856,2.29856,1.86763,1.73558
18,4,2.32171,2.32171,1.92222,1.79286
18,4.06024,2.34189,2.34189,1.97264,1.846
18,4.12048,2.35923,2.35923,2.01918,1.8953
18,4.18072,2.37382,2.37382,2.06205,1.94101
18,4.24096,2.38578,2.38578,2.10147,1.98336
18,4.3012,2.39522,2.39522,2.13762,2.02254
18,4.36145,2.40227,2.40227,2.17067,2.05876
18,4.42169,2.40706,2.40706,2.20078,2.09217
18,4.48193,2.40973,2.40973,2.22811,2.12286
18,4.54217,2.41039,2.41039,2.25281,2.151
18,4.60241,2.40917,2.40917,2.27499,2.17674
18,4.66265,2.40619,2.40619,2.29479,2.19996
18,4.72289,2.40161,2.40161,2.3122,2.22045
18,4.78313,2.3956,2.3956,2.32703,2.23833
18,4.84337,2.38823,2.38823,2.33913,2.25381
18,4.90361,2.37959,2.37959,2.34866,2.26703
18,4.96386,2.36978,2.36978,2.35583,2.27809
18,5,2.36337,2.36337,2.35908,2.28378
18,5.0241,2.3589,2.3589,2.36082,2.28723
18,5.08434,2.34708,2.34708,2.3638,2.29438
18,5.14458,2.3344,2.3344,2.36499,2.29928
18,5.20482,2.32093,2.32093,2.36445,2.30221
18,5.26506,2.30672,2.30672,2.36209,2.3033
18,5.3253,2.29185,2.29185,2.35775,2.30261
18,5.38554,2.27634,2.27634,2.35149,2.30015
18,5.44578,2.26027,2.26027,2.34345,2.29592
18,5.50602,2.24372,2.24372,2.33365,2.28996
18,5.56627,2.22677,2.22677,2.32212,2.28246
18,5.62651,2.20946,2.20946,2.30891,2.27337
18,5.68675,2.19181,2.19181,2.29404,2.26266
18,5.74699,2.17377,2.17377,2.27756,2.25039
18,5.80723,2.15539,2.15539,2.25945,2.23661
18,5.86747,2.13673,2.13673,2.23973,2.22132
18,5.92771,2.11781,2.11781,2.2184,2.20452
18,5.98795,2.09866,2.09866,2.19545,2.1862
18,6,2.09481,2.09481,2.19067,2.18235
18,6.04819,2.0793,2.0793,2.17087,2.16636
18,6.10843,2.05976,2.05976,2.14465,2.14503
18,6.16867,2.04005,2.04005,2.11675,2.12218
18,6.22892,2.01988,2.01988,2.08714,2.09777
18,6.28916,1.9989,1.9989,2.05579,2.07182
18,6.3494,1.9772,1.9772,2.02267,2.04429
18,6.40964,1.9548,1.9548,1.98772,2.01517
18,6.46988,1.9317,1.9317,1.95092,1.98444
18,6.53012,1.90787,1.90787,1.91222,1.95202
18,6.59036,1.88331,1.88331,1.8716,1.9179
18,6.6506,1.85804,1.85804,1.82899,1.88209
18,6.71084,1.83206,1.83206,1.78433,1.84448
18,6.77108,1.80537,1.80537,1.73762,1.80508
18,6.83133,1.77795,1.77795,1.68882,1.76387
18,6.89157,1.74979,1.74979,1.63783,1.72072
18,6.95181,1.72091,1.72091,1.58461,1.67568
18,7,1.69728,1.69728,1.54037,1.63825
18,7.01205,1.69129,1.69129,1.52908,1.62869
18,7.07229,1.66093,1.66093,1.47122,1.57969
18,7.13253,1.62981,1.62981,1.41096,1.52866
18,7.19277,1.59793,1.59793,1.34828,1.47557
18,7.25301,1.56529,1.56529,1.28315,1.42038
18,7.31325,1.53188,1.53188,1.21554,1.36308
18,7.37349,1.4977,1.4977,1.14546,1.30365
18,7.43373,1.46274,1.46274,1.07293,1.24208
18,7.49398,1.427,1.427,0.997949,1.17838
18,7.55422,1.39046,1.39046,0.920496,1.11258
18,7.61446,1.35313,1.35313,0.840615,1.04473
18,7.6747,1.31501,1.31501,0.75855,0.974896
18,7.73494,1.2761,1.2761,0.674525,0.903147
18,7.79518,1.23639,1.23639,0.588812,0.82955
18,7.85542,1.1959,1.1959,0.501728,0.754353
18,7.91566,1.15462,1.15462,0.413434,0.677772
18,7.9759,1.11256,1.11256,0.323924,0.599989
18,8,1.09552,1.09552,0.287895,0.568599
18,8.03614,1.06972,1.06972,0.233668,0.521278
18,8.09639,1.02611,1.02611,0.142856,0.441835
18,8.15663,0.981747,0.981747,0.0514943,0.361576
18,8.21687,0.936655,0.936655,-0.0398676,0.280458
18,8.27711,0.890834,0.890834,-0.130331,0.198871
18,8.33735,0.84428,0.84428,-0.21831,0.116947
18,8.39759,0.797038,0.797038,-0.303437,0.0349211
18,8.45783,0.749157,0.749157,-0.385636,-0.0462041
18,8.51807,0.700649,0.700649,-0.465534,-0.124691
18,8.57831,0.651498,0.651498,-0.544688,-0.200051
18,8.63855,0.601739,0.601739,-0.622881,-0.273239
18,8.6988,0.551455,0.551455,-0.697252,-0.345384
18,8.75904,0.50069,0.50069,-0.767517,-0.416714
18,8.81928,0.449456,0.449456,-0.835273,-0.487587
18,8.87952,0.397774,0.397774,-0.902331,-0.557105
18,8.93976,0.345791,0.345791,-0.965515,-0.622342
18,9,0.293579,0.293579,-1.02694,-0.683695
18,9.06024,0.241107,0.241107,-1.09026,-0.74368
18,9.12048,0.188291,0.188291,-1.15297,-0.802011
18,9.18072,0.135311,0.135311,-1.21303,-0.860725
18,9.24096,0.0823032,0.0823032,-1.27069,-0.920149
18,9.3012,0.0293333,0.0293333,-1.32641,-0.975059
18,9.36145,-0.0236153,-0.0236153,-1.37892,-1.0264
18,9.42169,-0.0763923,-0.0763923,-1.42975,-1.07665
18,9.48193,-0.12876,-0.12876,-1.48019,-1.12837
18,9.54217,-0.180753,-0.180753,-1.53047,-1.18059
18,9.60241,-0.232728,-0.232728,-1.5804,-1.23085
18,9.66265,-0.284835,-0.284835,-1.63179,-1.27743
18,9.72289,-0.336451,-0.336451,-1.67769,-1.32219
18,9.78313,-0.387334,-0.387334,-1.72347,-1.36788
18,9.84337,-0.437723,-0.437723,-1.76892,-1.4152
18,9.90361,-0.487884,-0.487884,-1.81372,-1.46179
18,9.96386,-0.537546,-0.537546,-1.85767,-1.50418
18,10,-0.567058,-0.567058,-1.88383,-1.52926
18,10.0241,-0.58661,-0.58661,-1.901,-1.54688
18,10.0843,-0.635032,-0.635032,-1.9436,-1.58857
18,10.1446,-0.682892,-0.682892,-1.98539,-1.62881
18,10.2048,-0.730105,-0.730105,-2.02703,-1.66952
18,10.2651,-0.776604,-0.776604,-2.06731,-1.70951
18,10.3253,-0.822375,-0.822375,-2.10796,-1.74874
18,10.3855,-0.867434,-0.867434,-2.14845,-1.78793
18,10.4458,-0.911814,-0.911814,-2.18683,-1.82594
18,10.506,-0.955416,-0.955416,-2.22408,-1.86463
18,10.5663,-0.998287,-0.998287,-2.26534,-1.90105
18,10.6265,-1.04041,-1.04041,-2.30255,-1.94005
18,10.6867,-1.08187,-1.08187,-2.33867,-1.97464
18,10.747,-1.12257,-1.12257,-2.37772,-2.01306
18,10.8072,-1.16254,-1.16254,-2.4155,-2.04574
18,10.8675,-1.20179,-1.20179,-2.45117,-2.08412
18,10.9277,-1.24042,-1.24042,-2.48913,-2.12038
18,10.988,-1.27835,-1.27835,-2.52441,-2.15594
18,11,-1.28585,-1.28585,-2.53118,-2.16104
18,11.0482,-1.31555,-1.31555,-2.56147,-2.19032
18,11.1084,-1.35208,-1.35208,-2.59583,-2.22463
18,11.1687,-1.38807,-1.38807,-2.63227,-2.25941
18,11.2289,-1.42349,-1.42349,-2.66748,-2.29422
18,11.2892,-1.45814,-1.45814,-2.70282,-2.32802
18,11.3494,-1.49209,-1.49209,-2.73797,-2.36226
18,11.4096,-1.52565,-1.52565,-2.77292,-2.39552
18,11.4699,-1.55897,-1.55897,-2.80784,-2.42951
18,11.5301,-1.59139,-1.59139,-2.84262,-2.4631
18,11.5904,-1.62268,-1.62268,-2.8773,-2.49659
18,11.6506,-1.65396,-1.65396,-2.91184,-2.52975
18,11.7108,-1.68606,-1.68606,-2.94615,-2.56308
18,11.7711,-1.71696,-1.71696,-2.98029,-2.5959
18,11.8313,-1.74461,-1.74461,-3.01431,-2.63016
18,11.8916,-1.77294,-1.77294,-3.04846,-2.66182
18,11.9518,-1.80345,-1.80345,-3.08306,-2.69425
18,12,-1.82714,-1.82714,-3.11079,-2.72054
18,12.012,-1.83302,-1.83302,-3.11765,-2.72784
18,12.0723,-1.86214,-1.86214,-3.15117,-2.76109
18,12.1325,-1.88969,-1.88969,-3.18371,-2.79332
18,12.1928,-1.91743,-1.91743,-3.21738,-2.82558
18,12.253,-1.94452,-1.94452,-3.25284,-2.85809
18,12.3133,-1.96964,-1.96964,-3.28571,-2.89053
18,12.3735,-1.99667,-1.99667,-3.31901,-2.92293
18,12.4337,-2.02386,-2.02386,-3.35425,-2.95522
18,12.494,-2.05026,-2.05026,-3.38616,-2.98767
18,12.5542,-2.07616,-2.07616,-3.41973,-3.02007
18,12.6145,-2.10161,-2.10161,-3.4546,-3.05195
18,12.6747,-2.12627,-2.12627,-3.4881,-3.08374
18,12.7349,-2.15241,-2.15241,-3.51967,-3.11644
18,12.7952,-2.17754,-2.17754,-3.55586,-3.14898
18,12.8554,-2.20263,-2.20263,-3.58669,-3.18031
18,12.9157,-2.22758,-2.22758,-3.62122,-3.21198
18,12.9759,-2.25072,-2.25072,-3.65468,-3.24461
18,13,-2.25985,-2.25985,-3.66723,-3.25751
18,13.0361,-2.27368,-2.27368,-3.68691,-3.27648
18,13.0964,-2.29751,-2.29751,-3.7208,-3.30765
18,13.1566,-2.32047,-2.32047,-3.75455,-3.34062
18,13.2169,-2.34329,-2.34329,-3.78808,-3.37234
18,13.2771,-2.36748,-2.36748,-3.82036,-3.40484
18,13.3373,-2.39194,-2.39194,-3.854,-3.43567
18,13.3976,-2.41514,-2.41514,-3.8872,-3.4675
18,13.4578,-2.43928,-2.43928,-3.92036,-3.49953
18,13.5181,-2.46169,-2.46169,-3.95359,-3.53151
18,13.5783,-2.48324,-2.48324,-3.98672,-3.56343
18,13.6386,-2.5071,-2.5071,-4.0201,-3.59461
18,13.6988,-2.52778,-2.52778,-4.05308,-3.62713
18,13.759,-2.55098,-2.55098,-4.08662,-3.65853
18,13.8193,-2.57414,-2.57414,-4.11982,-3.69039
18,13.8795,-2.5964,-2.5964,-4.15228,-3.72224
18,13.9398,-2.61893,-2.61893,-4.18542,-3.75333
18,14,-2.64092,-2.64092,-4.21909,-3.78483
