b_exp_vs_beta_exp_abscissa,b_exp_vs_beta_exp_spline,b_exp_vs_beta_exp_regression,b_exp_vs_delta0_abscissa,b_exp_vs_delta0_spline,b_exp_vs_delta0_regression,b_exp_vs_h_0_abscissa,b_exp_vs_h_0_spline,b_exp_vs_h_0_regression,b_exp_vs_ifn0_abscissa,b_exp_vs_ifn0_spline,b_exp_vs_ifn0_regression,b_exp_vs_p_abscissa,b_exp_vs_p_spline,b_exp_vs_p_regression,b_exp_vs_q_exp_abscissa,b_exp_vs_q_exp_spline,b_exp_vs_q_exp_regression,b_exp_vs_rho_exp_abscissa,b_exp_vs_rho_exp_spline,b_exp_vs_rho_exp_regression,b_exp_vs_sigma_abscissa,b_exp_vs_sigma_spline,b_exp_vs_sigma_regression,b_exp_vs_tc_abscissa,b_exp_vs_tc_spline,b_exp_vs_tc_regression,b_exp_vs_td_abscissa,b_exp_vs_td_spline,b_exp_vs_td_regression,beta_exp_vs_b_exp_abscissa,beta_exp_vs_b_exp_spline,beta_exp_vs_b_exp_regression,beta_exp_vs_delta0_abscissa,beta_exp_vs_delta0_spline,beta_exp_vs_delta0_regression,beta_exp_vs_h_0_abscissa,beta_exp_vs_h_0_spline,beta_exp_vs_h_0_regression,beta_exp_vs_ifn0_abscissa,beta_exp_vs_ifn0_spline,beta_exp_vs_ifn0_regression,beta_exp_vs_p_abscissa,beta_exp_vs_p_spline,beta_exp_vs_p_regression,beta_exp_vs_q_exp_abscissa,beta_exp_vs_q_exp_spline,beta_exp_vs_q_exp_regression,beta_exp_vs_rho_exp_abscissa,beta_exp_vs_rho_exp_spline,beta_exp_vs_rho_exp_regression,beta_exp_vs_sigma_abscissa,beta_exp_vs_sigma_spline,beta_exp_vs_sigma_regression,beta_exp_vs_tc_abscissa,beta_exp_vs_tc_spline,beta_exp_vs_tc_regression,beta_exp_vs_td_abscissa,beta_exp_vs_td_spline,beta_exp_vs_td_regression,delta0_vs_b_exp_abscissa,delta0_vs_b_exp_spline,delta0_vs_b_exp_regression,delta0_vs_beta_exp_abscissa,delta0_vs_beta_exp_spline,delta0_vs_beta_exp_regression,delta0_vs_h_0_abscissa,delta0_vs_h_0_spline,delta0_vs_h_0_regression,delta0_vs_ifn0_abscissa,delta0_vs_ifn0_spline,delta0_vs_ifn0_regression,delta0_vs_p_abscissa,delta0_vs_p_spline,delta0_vs_p_regression,delta0_vs_q_exp_abscissa,delta0_vs_q_exp_spline,delta0_vs_q_exp_regression,delta0_vs_rho_exp_abscissa,delta0_vs_rho_exp_spline,delta0_vs_rho_exp_regression,delta0_vs_sigma_abscissa,delta0_vs_sigma_spline,delta0_vs_sigma_regression,delta0_vs_tc_abscissa,delta0_vs_tc_spline,delta0_vs_tc_regression,delta0_vs_td_abscissa,delta0_vs_td_spline,delta0_vs_td_regression,h_0_vs_b_exp_abscissa,h_0_vs_b_exp_spline,h_0_vs_b_exp_regression,h_0_vs_beta_exp_abscissa,h_0_vs_beta_exp_spline,h_0_vs_beta_exp_regression,h_0_vs_delta0_abscissa,h_0_vs_delta0_spline,h_0_vs_delta0_regression,h_0_vs_ifn0_abscissa,h_0_vs_ifn0_spline,h_0_vs_ifn0_regression,h_0_vs_p_abscissa,h_0_vs_p_spline,h_0_vs_p_regression,h_0_vs_q_exp_abscissa,h_0_vs_q_exp_spline,h_0_vs_q_exp_regression,h_0_vs_rho_exp_abscissa,h_0_vs_rho_exp_spline,h_0_vs_rho_exp_regression,h_0_vs_sigma_abscissa,h_0_vs_sigma_spline,h_0_vs_sigma_regression,h_0_vs_tc_abscissa,h_0_vs_tc_spline,h_0_vs_tc_regression,h_0_vs_td_abscissa,h_0_vs_td_spline,h_0_vs_td_regression,ifn0_vs_b_exp_abscissa,ifn0_vs_b_exp_spline,ifn0_vs_b_exp_regression,ifn0_vs_beta_exp_abscissa,ifn0_vs_beta_exp_spline,ifn0_vs_beta_exp_regression,ifn0_vs_delta0_abscissa,ifn0_vs_delta0_spline,ifn0_vs_delta0_regression,ifn0_vs_h_0_abscissa,ifn0_vs_h_0_spline,ifn0_vs_h_0_regression,ifn0_vs_p_abscissa,ifn0_vs_p_spline,ifn0_vs_p_regression,ifn0_vs_q_exp_abscissa,ifn0_vs_q_exp_spline,ifn0_vs_q_exp_regression,ifn0_vs_rho_exp_abscissa,ifn0_vs_rho_exp_spline,ifn0_vs_rho_exp_regression,ifn0_vs_sigma_abscissa,ifn0_vs_sigma_spline,ifn0_vs_sigma_regression,ifn0_vs_tc_abscissa,ifn0_vs_tc_spline,ifn0_vs_tc_regression,ifn0_vs_td_abscissa,ifn0_vs_td_spline,ifn0_vs_td_regression,p_vs_b_exp_abscissa,p_vs_b_exp_spline,p_vs_b_exp_regression,p_vs_beta_exp_abscissa,p_vs_beta_exp_spline,p_vs_beta_exp_regression,p_vs_delta0_abscissa,p_vs_delta0_spline,p_vs_delta0_regression,p_vs_h_0_abscissa,p_vs_h_0_spline,p_vs_h_0_regression,p_vs_ifn0_abscissa,p_vs_ifn0_spline,p_vs_ifn0_regression,p_vs_q_exp_abscissa,p_vs_q_exp_spline,p_vs_q_exp_regression,p_vs_rho_exp_abscissa,p_vs_rho_exp_spline,p_vs_rho_exp_regression,p_vs_sigma_abscissa,p_vs_sigma_spline,p_vs_sigma_regression,p_vs_tc_abscissa,p_vs_tc_spline,p_vs_tc_regression,p_vs_td_abscissa,p_vs_td_spline,p_vs_td_regression,q_exp_vs_b_exp_abscissa,q_exp_vs_b_exp_spline,q_exp_vs_b_exp_regression,q_exp_vs_beta_exp_abscissa,q_exp_vs_beta_exp_spline,q_exp_vs_beta_exp_regression,q_exp_vs_delta0_abscissa,q_exp_vs_delta0_spline,q_exp_vs_delta0_regression,q_exp_vs_h_0_abscissa,q_exp_vs_h_0_spline,q_exp_vs_h_0_regression,q_exp_vs_ifn0_abscissa,q_exp_vs_ifn0_spline,q_exp_vs_ifn0_regression,q_exp_vs_p_abscissa,q_exp_vs_p_spline,q_exp_vs_p_regression,q_exp_vs_rho_exp_abscissa,q_exp_vs_rho_exp_spline,q_exp_vs_rho_exp_regression,q_exp_vs_sigma_abscissa,q_exp_vs_sigma_spline,q_exp_vs_sigma_regression,q_exp_vs_tc_abscissa,q_exp_vs_tc_spline,q_exp_vs_tc_regression,q_exp_vs_td_abscissa,q_exp_vs_td_spline,q_exp_vs_td_regression,rho_exp_vs_b_exp_abscissa,rho_exp_vs_b_exp_spline,rho_exp_vs_b_exp_regression,rho_exp_vs_beta_exp_abscissa,rho_exp_vs_beta_exp_spline,rho_exp_vs_beta_exp_regression,rho_exp_vs_delta0_abscissa,rho_exp_vs_delta0_spline,rho_exp_vs_delta0_regression,rho_exp_vs_h_0_abscissa,rho_exp_vs_h_0_spline,rho_exp_vs_h_0_regression,rho_exp_vs_ifn0_abscissa,rho_exp_vs_ifn0_spline,rho_exp_vs_ifn0_regression,rho_exp_vs_p_abscissa,rho_exp_vs_p_spline,rho_exp_vs_p_regression,rho_exp_vs_q_exp_abscissa,rho_exp_vs_q_exp_spline,rho_exp_vs_q_exp_regression,rho_exp_vs_sigma_abscissa,rho_exp_vs_sigma_spline,rho_exp_vs_sigma_regression,rho_exp_vs_tc_abscissa,rho_exp_vs_tc_spline,rho_exp_vs_tc_regression,rho_exp_vs_td_abscissa,rho_exp_vs_td_spline,rho_exp_vs_td_regression,sigma_vs_b_exp_abscissa,sigma_vs_b_exp_spline,sigma_vs_b_exp_regression,sigma_vs_beta_exp_abscissa,sigma_vs_beta_exp_spline,sigma_vs_beta_exp_regression,sigma_vs_delta0_abscissa,sigma_vs_delta0_spline,sigma_vs_delta0_regression,sigma_vs_h_0_abscissa,sigma_vs_h_0_spline,sigma_vs_h_0_regression,sigma_vs_ifn0_abscissa,sigma_vs_ifn0_spline,sigma_vs_ifn0_regression,sigma_vs_p_abscissa,sigma_vs_p_spline,sigma_vs_p_regression,sigma_vs_q_exp_abscissa,sigma_vs_q_exp_spline,sigma_vs_q_exp_regression,sigma_vs_rho_exp_abscissa,sigma_vs_rho_exp_spline,sigma_vs_rho_exp_regression,sigma_vs_tc_abscissa,sigma_vs_tc_spline,sigma_vs_tc_regression,sigma_vs_td_abscissa,sigma_vs_td_spline,sigma_vs_td_regression,tc_vs_b_exp_abscissa,tc_vs_b_exp_spline,tc_vs_b_exp_regression,tc_vs_beta_exp_abscissa,tc_vs_beta_exp_spline,tc_vs_beta_exp_regression,tc_vs_delta0_abscissa,tc_vs_delta0_spline,tc_vs_delta0_regression,tc_vs_h_0_abscissa,tc_vs_h_0_spline,tc_vs_h_0_regression,tc_vs_ifn0_abscissa,tc_vs_ifn0_spline,tc_vs_ifn0_regression,tc_vs_p_abscissa,tc_vs_p_spline,tc_vs_p_regression,tc_vs_q_exp_abscissa,tc_vs_q_exp_spline,tc_vs_q_exp_regression,tc_vs_rho_exp_abscissa,tc_vs_rho_exp_spline,tc_vs_rho_exp_regression,tc_vs_sigma_abscissa,tc_vs_sigma_spline,tc_vs_sigma_regression,tc_vs_td_abscissa,tc_vs_td_spline,tc_vs_td_regression,td_vs_b_exp_abscissa,td_vs_b_exp_spline,td_vs_b_exp_regression,td_vs_beta_exp_abscissa,td_vs_beta_exp_spline,td_vs_beta_exp_regression,td_vs_delta0_abscissa,td_vs_delta0_spline,td_vs_delta0_regression,td_vs_h_0_abscissa,td_vs_h_0_spline,td_vs_h_0_regression,td_vs_ifn0_abscissa,td_vs_ifn0_spline,td_vs_ifn0_regression,td_vs_p_abscissa,td_vs_p_spline,td_vs_p_regression,td_vs_q_exp_abscissa,td_vs_q_exp_spline,td_vs_q_exp_regression,td_vs_rho_exp_abscissa,td_vs_rho_exp_spline,td_vs_rho_exp_regression,td_vs_sigma_abscissa,td_vs_sigma_spline,td_vs_sigma_regression,td_vs_tc_abscissa,td_vs_tc_spline,td_vs_tc_regression
-0.965803,1.43913,1.79473,-2.00338,1.20725,1.35875,-0.439039,1.94461,2.29855,-1.0943,-0.945852,-0.989781,-1.58085,-0.248277,-1.04651,-0.056973,1.03985,1.69335,-1.00979,1.49906,1.67965,-1.59676,0.0156963,0.497457,-2.01903,1.15058,1.59192,-1.1411,-2.30362,-1.99799,-3.03839,1.3742,1.13245,-2.00338,-0.658574,-0.581927,-0.439039,-0.747853,-0.76675,-1.0943,0.88349,0.76504,-1.58085,0.430861,0.647976,-0.056973,-0.392795,-0.750738,-1.00979,-0.732755,-0.619318,-1.59676,0.263705,0.0857677,-2.01903,-0.35553,-0.506427,-1.1411,1.23555,1.07518,-3.03839,1.63783,1.93522,-0.965803,-0.792358,-1.33749,-0.439039,-1.54134,-1.62109,-1.0943,1.37115,2.0775,-1.58085,0.40882,0.369029,-0.056973,-1.77334,-2.22222,-1.00979,-1.84099,-1.79872,-1.59676,-0.634489,-1.27252,-2.01903,-1.49502,-1.49259,-1.1411,1.39709,1.09886,-3.03839,0.421311,0.515712,-0.965803,-0.242314,-0.285513,-2.00338,-0.259287,-0.264053,-1.0943,0.137349,0.185015,-1.58085,0.188964,0.303289,-0.056973,-0.190865,-0.300035,-1.00979,-0.317201,-0.297305,-1.59676,0.0733693,-0.0352574,-2.01903,-0.200814,-0.27267,-1.1411,0.263752,0.191102,-3.03839,-0.591086,-0.466396,-0.965803,0.356248,0.489148,-2.00338,0.713756,0.612309,-0.439039,0.713187,0.314683,-1.58085,-0.333146,-0.18933,-0.056973,0.592727,0.728214,-1.00979,0.6367,0.496886,-1.59676,0.115009,0.257283,-2.01903,0.387618,0.328264,-1.1411,-0.608466,-0.515949,-3.03839,-0.177208,-0.354608,-0.965803,0.487276,0.292895,-2.00338,0.230738,0.0428142,-0.439039,0.389877,0.400597,-1.0943,-0.118136,-0.136088,-0.056973,0.0024597,-0.00112883,-1.00979,0.366505,-0.0280573,-1.59676,-1.15378,-0.971619,-2.01903,-0.00121175,-0.0320587,-1.1411,0.136387,0.417335,-3.03839,0.0410857,0.0418231,-0.965803,-0.0243492,-0.0314462,-2.00338,-0.0311279,-0.0404442,-0.439039,-0.0376666,-0.0336949,-1.0943,0.0376072,0.042646,-1.58085,-0.0046511,0.00245049,-1.00979,-0.0398281,-0.0382993,-1.59676,-0.0225205,-0.0303762,-2.01903,-0.0450802,-0.0338217,-1.1411,0.0383865,0.0323357,-3.03839,1.11878,1.23803,-0.965803,-0.420042,-0.733452,-2.00338,-0.930616,-0.92945,-0.439039,-0.878978,-0.944173,-1.0943,0.704803,0.900998,-1.58085,-0.0404085,0.040702,-0.056973,-0.78036,-1.08714,-1.59676,-0.448265,-0.778172,-2.01903,-0.709008,-0.845314,-1.1411,0.960092,0.910574,-3.03839,0.227769,0.237023,-0.965803,0.280146,0.0231621,-2.00338,-0.292741,-0.489073,-0.439039,0.191704,-0.108901,-1.0943,0.0363393,0.313569,-1.58085,-1.54712,-1.44224,-0.056973,-0.523536,-0.626207,-1.00979,-0.272845,-0.572774,-2.01903,-0.498634,-0.575601,-1.1411,0.503811,0.592434,-3.03839,2.49014,2.6783,-0.965803,-0.906451,-1.44735,-2.00338,-1.55143,-1.83987,-0.439039,-1.2425,-2.05936,-1.0943,0.844524,1.41231,-1.58085,-0.697607,0.021993,-0.056973,-2.02714,-2.27249,-1.00979,-1.73073,-2.01403,-1.59676,-1.43296,-1.86778,-1.1411,2.18652,1.78096,-3.03839,-0.870696,-0.52804,-0.965803,0.248061,0.453859,-2.00338,0.0931461,0.199448,-0.439039,0.0134814,0.218879,-1.0943,-0.569516,-0.290232,-1.58085,0.537919,0.369045,-0.056973,0.263402,0.348011,-1.00979,0.191065,0.325155,-1.59676,0.334981,0.330442,-2.01903,0.309143,0.279564
-0.94049,1.47137,1.7485,-1.95319,1.40654,1.32478,-0.429874,1.91354,2.25055,-1.07265,-0.968064,-0.970015,-1.55641,-0.176931,-1.0305,-0.0557219,1.05695,1.65555,-0.982716,1.46494,1.6352,-1.56526,0.0354172,0.486898,-1.96345,1.17449,1.54774,-1.1215,-2.37579,-1.96404,-2.98999,1.33392,1.11477,-1.95319,-0.69312,-0.566873,-0.429874,-0.746105,-0.750251,-1.07265,0.841472,0.749964,-1.55641,0.409014,0.638294,-0.0557219,-0.406787,-0.733535,-0.982716,-0.65567,-0.60234,-1.56526,0.258816,0.0847414,-1.96345,-0.389258,-0.491711,-1.1215,1.24903,1.05721,-2.98999,1.67774,1.90489,-0.94049,-0.951713,-1.30234,-0.429874,-1.57168,-1.58664,-1.07265,1.52897,2.0357,-1.55641,0.464065,0.364016,-0.0557219,-1.75635,-2.1724,-0.982716,-1.78077,-1.75067,-1.56526,-0.63696,-1.2461,-1.96345,-1.49492,-1.45058,-1.1215,1.40989,1.08078,-2.98999,0.421076,0.507505,-0.94049,-0.255036,-0.278136,-1.95319,-0.293469,-0.257457,-1.07265,0.142927,0.18132,-1.55641,0.178152,0.298598,-0.0557219,-0.198228,-0.29333,-0.982716,-0.305599,-0.289428,-1.56526,0.0680482,-0.0344349,-1.96345,-0.208085,-0.265088,-1.1215,0.274867,0.187905,-2.98999,-0.58862,-0.459614,-0.94049,0.3949,0.475624,-1.95319,0.609259,0.596248,-0.429874,0.680099,0.307271,-1.55641,-0.365615,-0.187056,-0.0557219,0.600317,0.711267,-0.982716,0.572719,0.482806,-1.56526,0.09357,0.251247,-1.96345,0.368772,0.318101,-1.1215,-0.602083,-0.507822,-2.98999,-0.177352,-0.349411,-0.94049,0.485316,0.284677,-1.95319,0.268436,0.0409917,-0.429874,0.401751,0.391692,-1.07265,-0.0478801,-0.133936,-0.0557219,0.0154178,-0.00180071,-0.982716,0.264268,-0.0281542,-1.56526,-1.12503,-0.952865,-1.96345,0.0583093,-0.0320514,-1.1215,0.116575,0.409582,-2.98999,0.0411617,0.0411517,-0.94049,-0.0249666,-0.0306473,-1.95319,-0.0304384,-0.0394533,-0.429874,-0.0367092,-0.0329985,-1.07265,0.0390042,0.0417686,-1.55641,-0.00288872,0.00241373,-0.982716,-0.0362952,-0.0373014,-1.56526,-0.0218473,-0.0297677,-1.96345,-0.0418719,-0.0328981,-1.1215,0.0385729,0.0317795,-2.98999,1.12846,1.21861,-0.94049,-0.485413,-0.714067,-1.95319,-0.882185,-0.905953,-0.429874,-0.865041,-0.92406,-1.07265,0.761612,0.883078,-1.55641,-0.0429557,0.0405716,-0.0557219,-0.781871,-1.06261,-1.56526,-0.456552,-0.761997,-1.96345,-0.706918,-0.821427,-1.1215,0.980359,0.895415,-2.98999,0.244971,0.232916,-0.94049,0.252159,0.0221183,-1.95319,-0.148447,-0.477567,-0.429874,0.184787,-0.107031,-1.07265,0.172573,0.306726,-1.55641,-1.49599,-1.41977,-0.0557219,-0.492336,-0.612881,-0.982716,-0.27394,-0.558366,-1.96345,-0.427178,-0.560429,-1.1215,0.481584,0.581895,-2.98999,2.48249,2.63555,-0.94049,-1.00149,-1.41013,-1.95319,-1.54329,-1.79435,-0.429874,-1.26392,-2.01646,-1.07265,1.02121,1.38366,-1.55641,-0.674111,0.0220147,-0.0557219,-1.96563,-2.22218,-0.982716,-1.64771,-1.96111,-1.56526,-1.41538,-1.83004,-1.1215,2.1956,1.75062,-2.98999,-0.84022,-0.519633,-0.94049,0.245463,0.442223,-1.95319,0.105609,0.194432,-0.429874,0.0183905,0.21425,-1.07265,-0.530376,-0.284366,-1.55641,0.559136,0.363129,-0.0557219,0.241812,0.340256,-0.982716,0.189442,0.316556,-1.56526,0.318922,0.323731,-1.96345,0.279828,0.271796
-0.915176,1.49871,1.70228,-1.903,1.48456,1.29082,-0.420709,1.88246,2.20256,-1.05101,-0.987293,-0.950249,-1.53197,-0.115019,-1.01449,-0.0544709,1.07404,1.61775,-0.955645,1.43206,1.59075,-1.53376,0.0498402,0.476338,-1.90787,1.1984,1.50355,-1.1019,-2.44797,-1.9301,-2.94158,1.29405,1.09709,-1.903,-0.693988,-0.551819,-0.420709,-0.744358,-0.733753,-1.05101,0.801394,0.734889,-1.53197,0.389359,0.628613,-0.0544709,-0.420778,-0.716332,-0.955645,-0.592449,-0.585362,-1.53376,0.254211,0.0837152,-1.90787,-0.422986,-0.476995,-1.1019,1.26252,1.03924,-2.94158,1.71542,1.87455,-0.915176,-1.09852,-1.26719,-0.420709,-1.60203,-1.5522,-1.05101,1.67158,1.99389,-1.53197,0.50937,0.359003,-0.0544709,-1.73935,-2.12258,-0.955645,-1.72739,-1.70262,-1.53376,-0.636647,-1.21968,-1.90787,-1.49481,-1.40856,-1.1019,1.42269,1.06269,-2.94158,0.420645,0.499297,-0.915176,-0.266413,-0.270758,-1.903,-0.306146,-0.250862,-1.05101,0.148055,0.177626,-1.53197,0.168391,0.293907,-0.0544709,-0.205591,-0.286625,-0.955645,-0.29517,-0.281551,-1.53376,0.0636711,-0.0336125,-1.90787,-0.215355,-0.257505,-1.1019,0.285982,0.184709,-2.94158,-0.585785,-0.452832,-0.915176,0.429397,0.4621,-1.903,0.545882,0.580187,-0.420709,0.647011,0.29986,-1.53197,-0.392331,-0.184782,-0.0544709,0.607908,0.69432,-0.955645,0.521188,0.468726,-1.53376,0.0767239,0.245211,-1.90787,0.349925,0.307938,-1.1019,-0.595699,-0.499695,-2.94158,-0.176765,-0.344213,-0.915176,0.481473,0.27646,-1.903,0.278444,0.0391693,-0.420709,0.413625,0.382787,-1.05101,0.0151183,-0.131784,-0.0544709,0.0283759,-0.00247259,-0.955645,0.185056,-0.0282512,-1.53376,-1.09851,-0.934111,-1.90787,0.11783,-0.0320441,-1.1019,0.0967642,0.401828,-2.94158,0.0412512,0.0404803,-0.915176,-0.0255248,-0.0298483,-1.903,-0.0302823,-0.0384624,-0.420709,-0.0357519,-0.032302,-1.05101,0.0401782,0.0408913,-1.53197,-0.00134891,0.00237697,-0.955645,-0.0334574,-0.0363035,-1.53376,-0.021156,-0.0291591,-1.90787,-0.0386636,-0.0319744,-1.1019,0.0387594,0.0312234,-2.94158,1.13778,1.1992,-0.915176,-0.545208,-0.694682,-1.903,-0.842262,-0.882456,-0.420709,-0.851103,-0.903946,-1.05101,0.812596,0.865158,-1.53197,-0.0461585,0.0404412,-0.0544709,-0.783382,-1.03807,-1.53376,-0.460995,-0.745822,-1.90787,-0.704829,-0.79754,-1.1019,1.00063,0.880255,-2.94158,0.263388,0.228809,-0.915176,0.225713,0.0210746,-1.903,-0.0765533,-0.466062,-0.420709,0.17787,-0.10516,-1.05101,0.295938,0.299884,-1.53197,-1.44907,-1.3973,-0.0544709,-0.461136,-0.599555,-0.955645,-0.272535,-0.543958,-1.90787,-0.355723,-0.545257,-1.1019,0.459357,0.571355,-2.94158,2.47633,2.59281,-0.915176,-1.08809,-1.3729,-1.903,-1.52495,-1.74884,-0.420709,-1.28534,-1.97357,-1.05101,1.18127,1.355,-1.53197,-0.652264,0.0220365,-0.0544709,-1.90412,-2.17187,-0.955645,-1.57957,-1.90819,-1.53376,-1.39235,-1.7923,-1.1019,2.20469,1.72028,-2.94158,-0.809889,-0.511226,-0.915176,0.242233,0.430587,-1.903,0.11206,0.189416,-0.420709,0.0232995,0.209621,-1.05101,-0.49291,-0.278499,-1.53197,0.576398,0.357214,-0.0544709,0.220221,0.332501,-0.955645,0.186017,0.307958,-1.53376,0.305594,0.31702,-1.90787,0.250513,0.264028
-0.889862,1.51089,1.65605,-1.85281,1.54463,1.25685,-0.411544,1.85139,2.15457,-1.02936,-0.998787,-0.930483,-1.50753,-0.0633412,-0.998475,-0.0532198,1.09113,1.57995,-0.928574,1.40024,1.5463,-1.50225,0.0642632,0.465778,-1.85229,1.22232,1.45937,-1.0823,-2.50818,-1.89615,-2.89317,1.25502,1.07941,-1.85281,-0.689884,-0.536765,-0.411544,-0.742611,-0.717254,-1.02936,0.766355,0.719813,-1.50753,0.372083,0.618931,-0.0532198,-0.434769,-0.699129,-0.928574,-0.547653,-0.568384,-1.50225,0.249606,0.0826889,-1.85229,-0.456714,-0.462279,-1.0823,1.2723,1.02127,-2.89317,1.74838,1.84422,-0.889862,-1.20631,-1.23204,-0.411544,-1.63238,-1.51776,-1.02936,1.77487,1.95209,-1.50753,0.543889,0.35399,-0.0532198,-1.72236,-2.07276,-0.928574,-1.68261,-1.65457,-1.50225,-0.636335,-1.19327,-1.85229,-1.4947,-1.36655,-1.0823,1.4326,1.04461,-2.89317,0.419822,0.49109,-0.889862,-0.273615,-0.263381,-1.85281,-0.315638,-0.244266,-1.02936,0.152017,0.173932,-1.50753,0.159769,0.289216,-0.0532198,-0.212954,-0.27992,-0.928574,-0.286175,-0.273674,-1.50225,0.0592939,-0.03279,-1.85229,-0.222625,-0.249923,-1.0823,0.295549,0.181513,-2.89317,-0.582136,-0.446051,-0.889862,0.45111,0.448576,-1.85281,0.488594,0.564126,-0.411544,0.613924,0.292448,-1.50753,-0.412806,-0.182508,-0.0532198,0.615499,0.677372,-0.928574,0.486075,0.454646,-1.50225,0.0598777,0.239176,-1.85229,0.331079,0.297775,-1.0823,-0.589824,-0.491568,-2.89317,-0.174991,-0.339016,-0.889862,0.47189,0.268242,-1.85281,0.284351,0.0373469,-0.411544,0.425499,0.373882,-1.02936,0.0593631,-0.129633,-0.0532198,0.041334,-0.00314447,-0.928574,0.136059,-0.0283482,-1.50225,-1.07199,-0.915357,-1.85229,0.177351,-0.0320368,-1.0823,0.0790178,0.394075,-2.89317,0.0413499,0.0398088,-0.889862,-0.0258967,-0.0290493,-1.85281,-0.0302027,-0.0374715,-0.411544,-0.0347945,-0.0316056,-1.02936,0.0407782,0.0400139,-1.50753,-5.05921e-05,0.0023402,-0.928574,-0.0315375,-0.0353055,-1.50225,-0.0204648,-0.0285506,-1.85229,-0.0354553,-0.0310507,-1.0823,0.0388767,0.0306672,-2.89317,1.14607,1.17979,-0.889862,-0.58774,-0.675297,-1.85281,-0.803616,-0.85896,-0.411544,-0.837166,-0.883832,-1.02936,0.848494,0.847238,-1.50753,-0.0500726,0.0403107,-0.0532198,-0.784892,-1.01354,-1.50225,-0.465438,-0.729646,-1.85229,-0.70274,-0.773654,-1.0823,1.01757,0.865095,-2.89317,0.28349,0.224702,-0.889862,0.203995,0.0200309,-1.85281,-0.0153949,-0.454556,-0.411544,0.170953,-0.10329,-1.02936,0.386027,0.293042,-1.50753,-1.40673,-1.37483,-0.0532198,-0.429936,-0.58623,-0.928574,-0.268335,-0.52955,-1.85229,-0.284268,-0.530084,-1.0823,0.438212,0.560816,-2.89317,2.47218,2.55006,-0.889862,-1.14848,-1.33568,-1.85281,-1.50507,-1.70332,-0.411544,-1.30676,-1.93067,-1.02936,1.29835,1.32634,-1.50753,-0.632206,0.0220582,-0.0532198,-1.84261,-2.12156,-0.928574,-1.53066,-1.85527,-1.50225,-1.36931,-1.75456,-1.0823,2.2087,1.68994,-2.89317,-0.779921,-0.502819,-0.889862,0.237167,0.418951,-1.85281,0.117613,0.184401,-0.411544,0.0282086,0.204992,-1.02936,-0.459788,-0.272632,-1.50753,0.58937,0.351299,-0.0532198,0.198631,0.324746,-0.928574,0.180499,0.299359,-1.50225,0.292265,0.310309,-1.85229,0.221198,0.25626
-0.864549,1.51101,1.60982,-1.80262,1.49289,1.22288,-0.402379,1.82031,2.10657,-1.00772,-1.00328,-0.910717,-1.48309,-0.0116638,-0.982465,-0.0519687,1.10823,1.54215,-0.901503,1.36885,1.50185,-1.47075,0.0737962,0.455218,-1.79671,1.24623,1.41518,-1.06271,-2.5518,-1.86221,-2.84476,1.21691,1.06173,-1.80262,-0.655218,-0.521711,-0.402379,-0.740863,-0.700755,-1.00772,0.735894,0.704738,-1.48309,0.354807,0.609249,-0.0519687,-0.448761,-0.681926,-0.901503,-0.511876,-0.551405,-1.47075,0.245241,0.0816626,-1.79671,-0.490441,-0.447562,-1.06271,1.27694,1.00331,-2.84476,1.77615,1.81389,-0.864549,-1.28267,-1.19689,-0.402379,-1.66272,-1.48331,-1.00772,1.84276,1.91029,-1.48309,0.578408,0.348976,-0.0519687,-1.70536,-2.02295,-0.901503,-1.64199,-1.60651,-1.47075,-0.633465,-1.16685,-1.79671,-1.49459,-1.32453,-1.06271,1.43849,1.02652,-2.84476,0.418581,0.482883,-0.864549,-0.277458,-0.256004,-1.80262,-0.305283,-0.23767,-1.00772,0.154912,0.170238,-1.48309,0.151147,0.284525,-0.0519687,-0.220316,-0.273215,-0.901503,-0.277867,-0.265797,-1.47075,0.0557884,-0.0319676,-1.79671,-0.229895,-0.24234,-1.06271,0.30297,0.178317,-2.84476,-0.577573,-0.439269,-0.864549,0.462905,0.435052,-1.80262,0.469202,0.548065,-0.402379,0.580836,0.285036,-1.48309,-0.43328,-0.180233,-0.0519687,0.623089,0.660425,-0.901503,0.458982,0.440566,-1.47075,0.0473233,0.23314,-1.79671,0.312232,0.287612,-1.06271,-0.584638,-0.483441,-2.84476,-0.172125,-0.333818,-0.864549,0.457994,0.260024,-1.80262,0.264712,0.0355245,-0.402379,0.437373,0.364977,-1.00772,0.0868231,-0.127481,-0.0519687,0.054292,-0.00381635,-0.901503,0.1018,-0.0284451,-1.47075,-1.0475,-0.896603,-1.79671,0.236872,-0.0320295,-1.06271,0.0641277,0.386321,-2.84476,0.0414476,0.0391374,-0.864549,-0.0261117,-0.0282504,-1.80262,-0.030535,-0.0364806,-0.402379,-0.0338372,-0.0309092,-1.00772,0.0408703,0.0391365,-1.48309,0.00124772,0.00230344,-0.901503,-0.0300659,-0.0343076,-1.47075,-0.0197622,-0.027942,-1.79671,-0.032247,-0.030127,-1.06271,0.0388978,0.0301111,-2.84476,1.15309,1.16038,-0.864549,-0.616561,-0.655913,-1.80262,-0.773335,-0.835463,-0.402379,-0.823229,-0.863719,-1.00772,0.870783,0.829318,-1.48309,-0.0539867,0.0401803,-0.0519687,-0.786403,-0.989008,-1.47075,-0.466333,-0.713471,-1.79671,-0.70065,-0.749767,-1.06271,1.02991,0.849935,-2.84476,0.304927,0.220595,-0.864549,0.185903,0.0189872,-1.80262,-0.0214664,-0.443051,-0.402379,0.164036,-0.101419,-1.00772,0.446261,0.286199,-1.48309,-1.36438,-1.35236,-0.0519687,-0.398736,-0.572904,-0.901503,-0.262836,-0.515142,-1.79671,-0.212812,-0.514912,-1.06271,0.418567,0.550276,-2.84476,2.46961,2.50732,-0.864549,-1.18791,-1.29845,-1.80262,-1.47499,-1.65781,-0.402379,-1.32818,-1.88778,-1.00772,1.37681,1.29769,-1.48309,-0.612148,0.02208,-0.0519687,-1.7811,-2.07125,-0.901503,-1.49108,-1.80235,-1.47075,-1.34136,-1.71683,-1.06271,2.20565,1.65959,-2.84476,-0.750382,-0.494412,-0.864549,0.230995,0.407315,-1.80262,0.117327,0.179385,-0.402379,0.0331176,0.200363,-1.00772,-0.430609,-0.266766,-1.48309,0.602342,0.345383,-0.0519687,0.177041,0.316992,-0.901503,0.173994,0.290761,-1.47075,0.281457,0.303597,-1.79671,0.191882,0.248492
-0.839235,1.5033,1.56359,-1.75243,1.41798,1.18892,-0.393214,1.78924,2.05858,-0.986072,-1.00641,-0.890951,-1.45865,0.0206701,-0.966454,-0.0507176,1.12532,1.50435,-0.874432,1.33747,1.45739,-1.43925,0.0797314,0.444659,-1.74112,1.21712,1.371,-1.04311,-2.5786,-1.82826,-2.79635,1.17881,1.04405,-1.75243,-0.614302,-0.506657,-0.393214,-0.739116,-0.684257,-0.986072,0.706325,0.689662,-1.45865,0.342001,0.599567,-0.0507176,-0.462752,-0.664723,-0.874432,-0.476099,-0.534427,-1.43925,0.241043,0.0806363,-1.74112,-0.483744,-0.432846,-1.04311,1.2764,0.985337,-2.79635,1.80393,1.78356,-0.839235,-1.33844,-1.16174,-0.393214,-1.69307,-1.44887,-0.986072,1.90385,1.86848,-1.45865,0.592981,0.343963,-0.0507176,-1.68837,-1.97313,-0.874432,-1.60136,-1.55846,-1.43925,-0.628717,-1.14044,-1.74112,-1.45525,-1.28252,-1.04311,1.44024,1.00844,-2.79635,0.41734,0.474676,-0.839235,-0.279102,-0.248627,-1.75243,-0.290813,-0.231074,-0.986072,0.157598,0.166544,-1.45865,0.144697,0.279834,-0.0507176,-0.227679,-0.26651,-0.874432,-0.269558,-0.25792,-1.43925,0.0529243,-0.0311451,-1.74112,-0.223725,-0.234758,-1.04311,0.308204,0.17512,-2.79635,-0.573009,-0.432488,-0.839235,0.468434,0.421527,-1.75243,0.45766,0.532004,-0.393214,0.547748,0.277625,-1.45865,-0.442132,-0.177959,-0.0507176,0.63068,0.643478,-0.874432,0.431888,0.426486,-1.43925,0.0379494,0.227104,-1.74112,0.300459,0.277449,-1.04311,-0.580094,-0.475314,-2.79635,-0.16926,-0.328621,-0.839235,0.441465,0.251806,-1.75243,0.239777,0.0337021,-0.393214,0.449247,0.356071,-0.986072,0.111078,-0.125329,-0.0507176,0.0672501,-0.00448823,-0.874432,0.0675405,-0.0285421,-1.43925,-1.02447,-0.877849,-1.74112,0.220048,-0.0320222,-1.04311,0.0521164,0.378568,-2.79635,0.0415452,0.038466,-0.839235,-0.0262198,-0.0274514,-1.75243,-0.0309393,-0.0354897,-0.393214,-0.0328798,-0.0302127,-0.986072,0.0408667,0.0382592,-1.45865,0.00209424,0.00226668,-0.874432,-0.0285943,-0.0333097,-1.43925,-0.0190535,-0.0273335,-1.74112,-0.0300749,-0.0292033,-1.04311,0.0388197,0.0295549,-2.79635,1.16012,1.14097,-0.839235,-0.636519,-0.636528,-1.75243,-0.744873,-0.811966,-0.393214,-0.809291,-0.843605,-0.986072,0.890449,0.811399,-1.45865,-0.059013,0.0400499,-0.0507176,-0.787914,-0.964475,-1.43925,-0.464619,-0.697296,-1.74112,-0.688286,-0.72588,-1.04311,1.03754,0.834775,-2.79635,0.326363,0.216488,-0.839235,0.170075,0.0179435,-1.75243,-0.0415442,-0.431546,-0.393214,0.157119,-0.0995485,-0.986072,0.500778,0.279357,-1.45865,-1.33048,-1.32989,-0.0507176,-0.367536,-0.559578,-0.874432,-0.257337,-0.500735,-1.74112,-0.21752,-0.49974,-1.04311,0.400456,0.539736,-2.79635,2.46704,2.46457,-0.839235,-1.2137,-1.26123,-1.75243,-1.44267,-1.61229,-0.393214,-1.3496,-1.84488,-0.986072,1.44785,1.26903,-1.45865,-0.595229,0.0221018,-0.0507176,-1.71959,-2.02094,-0.874432,-1.45151,-1.74943,-1.43925,-1.30983,-1.67909,-1.04311,2.19543,1.62925,-2.79635,-0.720844,-0.486005,-0.839235,0.22433,0.395679,-1.75243,0.115783,0.174369,-0.393214,0.0380267,0.195734,-0.986072,-0.402196,-0.260899,-1.45865,0.607235,0.339468,-0.0507176,0.155451,0.309237,-0.874432,0.16749,0.282163,-1.43925,0.272503,0.296886,-1.74112,0.180144,0.240724
-0.813921,1.48561,1.51736,-1.70223,1.29526,1.15495,-0.384049,1.75908,2.01059,-0.964427,-1.00208,-0.871185,-1.43421,0.0440461,-0.950443,-0.0494666,1.14241,1.46655,-0.847361,1.3059,1.41294,-1.40775,0.0807077,0.434099,-1.68554,1.17151,1.32681,-1.02351,-2.59709,-1.79432,-2.74794,1.1407,1.02637,-1.70223,-0.560812,-0.491603,-0.384049,-0.734511,-0.667758,-0.964427,0.681663,0.674587,-1.43421,0.331266,0.589886,-0.0494666,-0.476744,-0.64752,-0.847361,-0.455782,-0.517449,-1.40775,0.237043,0.07961,-1.68554,-0.463686,-0.41813,-1.02351,1.27332,0.967369,-2.74794,1.8317,1.75323,-0.813921,-1.36758,-1.12659,-0.384049,-1.69177,-1.41443,-0.964427,1.92766,1.82668,-1.43421,0.598317,0.33895,-0.0494666,-1.67137,-1.92331,-0.847361,-1.56708,-1.51041,-1.40775,-0.621398,-1.11402,-1.68554,-1.40275,-1.2405,-1.02351,1.43983,0.990354,-2.74794,0.4161,0.466469,-0.813921,-0.277907,-0.24125,-1.70223,-0.267832,-0.224478,-0.964427,0.15913,0.162849,-1.43421,0.139253,0.275142,-0.0494666,-0.235042,-0.259804,-0.847361,-0.262227,-0.250043,-1.40775,0.0509447,-0.0303227,-1.68554,-0.213395,-0.227175,-1.02351,0.31234,0.171924,-2.74794,-0.568445,-0.425706,-0.813921,0.466179,0.408003,-1.70223,0.46231,0.515943,-0.384049,0.516095,0.270213,-1.43421,-0.445602,-0.175685,-0.0494666,0.638271,0.62653,-0.847361,0.418335,0.412406,-1.40775,0.0330385,0.221069,-1.68554,0.290871,0.267286,-1.02351,-0.575753,-0.467186,-2.74794,-0.166394,-0.323424,-0.813921,0.421792,0.243588,-1.70223,0.203901,0.0318796,-0.384049,0.454536,0.347166,-0.964427,0.117821,-0.123177,-0.0494666,0.0802082,-0.00516011,-0.847361,0.0579282,-0.0286391,-1.40775,-1.0034,-0.859095,-1.68554,0.179009,-0.0320149,-1.02351,0.0414943,0.370814,-2.74794,0.0416429,0.0377946,-0.813921,-0.026184,-0.0266525,-1.70223,-0.0314386,-0.0344988,-0.384049,-0.0318271,-0.0295163,-0.964427,0.0403439,0.0373818,-1.43421,0.00273154,0.00222992,-0.847361,-0.0278818,-0.0323118,-1.40775,-0.0183442,-0.0267249,-1.68554,-0.0282859,-0.0282796,-1.02351,0.038689,0.0289987,-2.74794,1.16714,1.12156,-0.813921,-0.645177,-0.617143,-1.70223,-0.720516,-0.78847,-0.384049,-0.792941,-0.823491,-0.964427,0.895722,0.793479,-1.43421,-0.0645543,0.0399194,-0.0494666,-0.789425,-0.939942,-1.40775,-0.459312,-0.68112,-1.68554,-0.672352,-0.701993,-1.02351,1.04278,0.819615,-2.74794,0.3478,0.21238,-0.813921,0.157021,0.0168998,-1.70223,-0.0908623,-0.42004,-0.384049,0.151715,-0.0976779,-0.964427,0.524013,0.272515,-1.43421,-1.30048,-1.30742,-0.0494666,-0.336337,-0.546252,-0.847361,-0.250454,-0.486327,-1.68554,-0.246186,-0.484567,-1.02351,0.383125,0.529197,-2.74794,2.46446,2.42183,-0.813921,-1.22195,-1.224,-1.70223,-1.40517,-1.56678,-0.384049,-1.3565,-1.80199,-0.964427,1.4783,1.24038,-1.43421,-0.579764,0.0221235,-0.0494666,-1.65808,-1.97064,-0.847361,-1.42707,-1.69651,-1.40775,-1.27356,-1.64135,-1.02351,2.18159,1.59891,-2.74794,-0.691305,-0.477598,-0.813921,0.217342,0.384043,-1.70223,0.111443,0.169354,-0.384049,0.0451527,0.191105,-0.964427,-0.378,-0.255032,-1.43421,0.608387,0.333552,-0.0494666,0.13386,0.301482,-0.847361,0.159774,0.273564,-1.40775,0.266105,0.290175,-1.68554,0.174336,0.232956
-0.788608,1.46044,1.47114,-1.65204,1.14491,1.12098,-0.374884,1.72936,1.9626,-0.942782,-0.989512,-0.851419,-1.40977,0.067422,-0.934433,-0.0482155,1.1595,1.42874,-0.82029,1.27359,1.36849,-1.37625,0.081684,0.423539,-1.62996,1.11635,1.28262,-1.00391,-2.5659,-1.76037,-2.69954,1.10278,1.00869,-1.65204,-0.500488,-0.476549,-0.374884,-0.72782,-0.651259,-0.942782,0.662502,0.659511,-1.40977,0.320531,0.580204,-0.0482155,-0.490735,-0.630316,-0.82029,-0.443634,-0.500471,-1.37625,0.233043,0.0785837,-1.62996,-0.435242,-0.403414,-1.00391,1.25515,0.9494,-2.69954,1.85838,1.72289,-0.788608,-1.37632,-1.09144,-0.374884,-1.67,-1.37999,-0.942782,1.9115,1.78487,-1.40977,0.603654,0.333936,-0.0482155,-1.65438,-1.87349,-0.82029,-1.53565,-1.46235,-1.37625,-0.614078,-1.0876,-1.62996,-1.34182,-1.19849,-1.00391,1.42649,0.972269,-2.69954,0.414775,0.458262,-0.788608,-0.274543,-0.233872,-1.65204,-0.239919,-0.217883,-0.942782,0.159336,0.159155,-1.40977,0.133809,0.270451,-0.0482155,-0.242405,-0.253099,-0.82029,-0.255282,-0.242166,-1.37625,0.0489652,-0.0295002,-1.62996,-0.200674,-0.219593,-1.00391,0.309909,0.168728,-2.69954,-0.563681,-0.418924,-0.788608,0.45838,0.394479,-1.65204,0.4763,0.499881,-0.374884,0.48546,0.262801,-1.40977,-0.449072,-0.173411,-0.0482155,0.645862,0.609583,-0.82029,0.4118,0.398326,-1.37625,0.0281276,0.215033,-1.62996,0.282533,0.257123,-1.00391,-0.572622,-0.459059,-2.69954,-0.163375,-0.318226,-0.788608,0.400056,0.23537,-1.65204,0.161689,0.0300572,-0.374884,0.455462,0.338261,-0.942782,0.106259,-0.121025,-0.0482155,0.0931663,-0.00583199,-0.82029,0.0609286,-0.028736,-1.37625,-0.982338,-0.840341,-1.62996,0.123563,-0.0320076,-1.00391,0.0391704,0.363061,-2.69954,0.0417362,0.0371231,-0.788608,-0.0260306,-0.0258535,-1.65204,-0.0319223,-0.0335079,-0.374884,-0.0307202,-0.0288198,-0.942782,0.039309,0.0365044,-1.40977,0.00336884,0.00219315,-0.82029,-0.0275639,-0.0313138,-1.37625,-0.0176349,-0.0261164,-1.62996,-0.0267687,-0.0273559,-1.00391,0.0382444,0.0284426,-2.69954,1.17384,1.10215,-0.788608,-0.645402,-0.597759,-1.65204,-0.69899,-0.764973,-0.374884,-0.775013,-0.803378,-0.942782,0.88539,0.775559,-1.40977,-0.0700957,0.039789,-0.0482155,-0.790936,-0.915409,-1.37625,-0.454005,-0.664945,-1.62996,-0.654041,-0.678106,-1.00391,1.03374,0.804455,-2.69954,0.369329,0.208273,-0.788608,0.145892,0.015856,-1.65204,-0.15749,-0.408535,-0.374884,0.14719,-0.0958073,-0.942782,0.514174,0.265672,-1.40977,-1.27048,-1.28495,-0.0482155,-0.305137,-0.532926,-0.82029,-0.2434,-0.471919,-1.62996,-0.288946,-0.469395,-1.00391,0.370452,0.518657,-2.69954,2.46199,2.37908,-0.788608,-1.21695,-1.18678,-1.65204,-1.36398,-1.52126,-0.374884,-1.35397,-1.75909,-0.942782,1.46553,1.21172,-1.40977,-0.564299,0.0221453,-0.0482155,-1.59658,-1.92033,-0.82029,-1.41003,-1.64359,-1.37625,-1.23728,-1.60362,-1.00391,2.14619,1.56857,-2.69954,-0.661869,-0.469192,-0.788608,0.210517,0.372407,-1.65204,0.105227,0.164338,-0.374884,0.0535249,0.186476,-0.942782,-0.358505,-0.249166,-1.40977,0.609538,0.327637,-0.0482155,0.11227,0.293728,-0.82029,0.151735,0.264966,-1.37625,0.259706,0.283464,-1.62996,0.172343,0.225188
-0.763294,1.42858,1.42491,-1.60185,0.984101,1.08702,-0.365719,1.69947,1.9146,-0.921138,-0.973625,-0.831653,-1.38533,0.090798,-0.918422,-0.0469644,1.1766,1.39094,-0.793219,1.23964,1.32404,-1.34474,0.0800229,0.41298,-1.57438,1.05404,1.23844,-0.984315,-2.53472,-1.72643,-2.65113,1.06619,0.99101,-1.60185,-0.438235,-0.461495,-0.365719,-0.718536,-0.634761,-0.921138,0.645564,0.644435,-1.38533,0.309795,0.570522,-0.0469644,-0.504726,-0.613113,-0.793219,-0.438113,-0.483492,-1.34474,0.229124,0.0775574,-1.57438,-0.399572,-0.388698,-0.984315,1.23698,0.931431,-2.65113,1.87737,1.69256,-0.763294,-1.36641,-1.05629,-0.365719,-1.63073,-1.34554,-0.921138,1.87927,1.74307,-1.38533,0.608991,0.328923,-0.0469644,-1.63738,-1.82367,-0.793219,-1.50568,-1.4143,-1.34474,-0.605401,-1.06119,-1.57438,-1.27343,-1.15647,-0.984315,1.41315,0.954184,-2.65113,0.412867,0.450054,-0.763294,-0.269202,-0.226495,-1.60185,-0.21011,-0.211287,-0.921138,0.159005,0.155461,-1.38533,0.128365,0.26576,-0.0469644,-0.249768,-0.246394,-0.793219,-0.248429,-0.234289,-1.34474,0.0474565,-0.0286778,-1.57438,-0.186189,-0.21201,-0.984315,0.307478,0.165532,-2.65113,-0.557509,-0.412143,-0.763294,0.445951,0.380955,-1.60185,0.493804,0.48382,-0.365719,0.456009,0.25539,-1.38533,-0.452541,-0.171136,-0.0469644,0.653452,0.592636,-0.793219,0.410731,0.384246,-1.34474,0.0256453,0.208997,-1.57438,0.275111,0.24696,-0.984315,-0.56949,-0.450932,-2.65113,-0.15931,-0.313029,-0.763294,0.376792,0.227152,-1.60185,0.117059,0.0282348,-0.365719,0.452319,0.329356,-0.921138,0.0873651,-0.118873,-0.0469644,0.106124,-0.00650387,-0.793219,0.0734761,-0.028833,-1.34474,-0.962276,-0.821587,-1.57438,0.0567698,-0.0320003,-0.984315,0.0368466,0.355307,-2.65113,0.0417974,0.0364517,-0.763294,-0.025762,-0.0250546,-1.60185,-0.0322928,-0.0325169,-0.365719,-0.0295922,-0.0281234,-0.921138,0.0380704,0.0356271,-1.38533,0.00400613,0.00215639,-0.793219,-0.0275554,-0.0303159,-1.34474,-0.0169308,-0.0255078,-1.57438,-0.0255284,-0.0264322,-0.984315,0.0377997,0.0278864,-2.65113,1.17827,1.08274,-0.763294,-0.638142,-0.578374,-1.60185,-0.679232,-0.741476,-0.365719,-0.755681,-0.783264,-0.921138,0.86878,0.757639,-1.38533,-0.0756371,0.0396586,-0.0469644,-0.792447,-0.890876,-1.34474,-0.446789,-0.648769,-1.57438,-0.633498,-0.65422,-0.984315,1.0247,0.789296,-2.65113,0.391442,0.204166,-0.763294,0.136312,0.0148123,-1.60185,-0.231311,-0.397029,-0.365719,0.143081,-0.0939367,-0.921138,0.491068,0.25883,-1.38533,-1.24048,-1.26248,-0.0469644,-0.273937,-0.5196,-0.793219,-0.237142,-0.457511,-1.57438,-0.342576,-0.454223,-0.984315,0.357779,0.508118,-2.65113,2.46009,2.33634,-0.763294,-1.19999,-1.14956,-1.60185,-1.32031,-1.47575,-0.365719,-1.34326,-1.7162,-0.921138,1.4354,1.18306,-1.38533,-0.548834,0.022167,-0.0469644,-1.53507,-1.87002,-0.793219,-1.39803,-1.59067,-1.34474,-1.19859,-1.56588,-0.984315,2.11078,1.53822,-2.65113,-0.633154,-0.460785,-0.763294,0.204273,0.360771,-1.60185,0.0979051,0.159322,-0.365719,0.0623184,0.181847,-0.921138,-0.340907,-0.243299,-1.38533,0.61069,0.321722,-0.0469644,0.0906797,0.285973,-0.793219,0.143964,0.256367,-1.34474,0.254667,0.276753,-1.57438,0.173763,0.21742
-0.73798,1.3927,1.37868,-1.55166,0.825752,1.05305,-0.356555,1.66955,1.86661,-0.899493,-0.957739,-0.811886,-1.36089,0.106559,-0.902411,-0.0457134,1.15408,1.35314,-0.766148,1.20476,1.27959,-1.31324,0.0736291,0.40242,-1.5188,0.990492,1.19425,-0.964717,-2.50353,-1.69249,-2.60272,1.03098,0.97333,-1.55166,-0.377759,-0.446442,-0.356555,-0.70885,-0.618262,-0.899493,0.628625,0.62936,-1.36089,0.300807,0.560841,-0.0457134,-0.499371,-0.59591,-0.766148,-0.434193,-0.466514,-1.31324,0.225296,0.0765311,-1.5188,-0.359875,-0.373981,-0.964717,1.21881,0.913462,-2.60272,1.88823,1.66223,-0.73798,-1.34497,-1.02114,-0.356555,-1.58886,-1.3111,-0.899493,1.84704,1.70127,-1.36089,0.606707,0.32391,-0.0457134,-1.61511,-1.77385,-0.766148,-1.47565,-1.36625,-1.31324,-0.594317,-1.03477,-1.5188,-1.20033,-1.11446,-0.964717,1.39981,0.936099,-2.60272,0.410386,0.441847,-0.73798,-0.262641,-0.219118,-1.55166,-0.180691,-0.204691,-0.899493,0.158674,0.151767,-1.36089,0.123786,0.261069,-0.0457134,-0.24619,-0.239689,-0.766148,-0.24149,-0.226412,-1.31324,0.0467936,-0.0278553,-1.5188,-0.171478,-0.204428,-0.964717,0.305048,0.162336,-2.60272,-0.549772,-0.405361,-0.73798,0.430906,0.367431,-1.55166,0.51044,0.467759,-0.356555,0.426741,0.247978,-1.36089,-0.451527,-0.168862,-0.0457134,0.64408,0.575688,-0.766148,0.410869,0.370166,-1.31324,0.0276578,0.202962,-1.5188,0.267787,0.236797,-0.964717,-0.566359,-0.442805,-2.60272,-0.15491,-0.307831,-0.73798,0.352788,0.218935,-1.55166,0.0729548,0.0264124,-0.356555,0.448565,0.320451,-0.899493,0.0684708,-0.116722,-0.0457134,0.111699,-0.00717575,-0.766148,0.0879878,-0.02893,-1.31324,-0.943911,-0.802833,-1.5188,-0.0136166,-0.031993,-0.964717,0.0345227,0.347554,-2.60272,0.0417834,0.0357803,-0.73798,-0.0254177,-0.0242556,-1.55166,-0.0324736,-0.031526,-0.356555,-0.0284616,-0.027427,-0.899493,0.0368319,0.0347497,-1.36089,0.004468,0.00211963,-0.766148,-0.0276164,-0.029318,-1.31324,-0.0162495,-0.0248993,-1.5188,-0.0245512,-0.0255085,-0.964717,0.0373551,0.0273303,-2.60272,1.17974,1.06333,-0.73798,-0.626378,-0.558989,-1.55166,-0.660464,-0.71798,-0.356555,-0.736139,-0.763151,-0.899493,0.852169,0.73972,-1.36089,-0.0814939,0.0395281,-0.0457134,-0.778341,-0.866343,-1.31324,-0.436152,-0.632594,-1.5188,-0.611243,-0.630333,-0.964717,1.01566,0.774136,-2.60272,0.412278,0.200059,-0.73798,0.127572,0.0137686,-1.55166,-0.304733,-0.385524,-0.356555,0.139027,-0.092066,-0.899493,0.467961,0.251988,-1.36089,-1.21369,-1.24001,-0.0457134,-0.260799,-0.506275,-0.766148,-0.231543,-0.443103,-1.5188,-0.399007,-0.43905,-0.964717,0.345107,0.497578,-2.60272,2.45643,2.29359,-0.73798,-1.17574,-1.11233,-1.55166,-1.27507,-1.43023,-0.356555,-1.33132,-1.67331,-0.899493,1.40527,1.15441,-1.36089,-0.534476,0.0221888,-0.0457134,-1.48776,-1.81971,-0.766148,-1.38675,-1.53775,-1.31324,-1.15586,-1.52814,-0.964717,2.07537,1.50788,-2.60272,-0.605317,-0.452378,-0.73798,0.198634,0.349135,-1.55166,0.0900447,0.154306,-0.356555,0.0711616,0.177218,-0.899493,-0.323309,-0.237433,-1.36089,0.608676,0.315806,-0.0457134,0.0824115,0.278218,-0.766148,0.136523,0.247769,-1.31324,0.252065,0.270041,-1.5188,0.177408,0.209652
-0.712667,1.35181,1.33245,-1.50147,0.683578,1.01909,-0.34739,1.63956,1.81862,-0.877848,-0.941852,-0.79212,-1.33645,0.109933,-0.8864,-0.0444623,1.12106,1.31534,-0.739077,1.16761,1.23513,-1.28174,0.0672352,0.39186,-1.46322,0.927062,1.15007,-0.945119,-2.47235,-1.65854,-2.55431,0.996334,0.95565,-1.50147,-0.323085,-0.431388,-0.34739,-0.698855,-0.601763,-0.877848,0.611687,0.614284,-1.33645,0.29466,0.551159,-0.0444623,-0.488925,-0.578707,-0.739077,-0.433337,-0.449536,-1.28174,0.221468,0.0755048,-1.46322,-0.319918,-0.359265,-0.945119,1.20064,0.895494,-2.55431,1.89575,1.6319,-0.712667,-1.30875,-0.985993,-0.34739,-1.54536,-1.27666,-0.877848,1.81482,1.65946,-1.33645,0.592027,0.318897,-0.0444623,-1.59024,-1.72403,-0.739077,-1.44506,-1.3182,-1.28174,-0.583233,-1.00836,-1.46322,-1.12689,-1.07245,-0.945119,1.38647,0.918014,-2.55431,0.407673,0.43364,-0.712667,-0.254522,-0.211741,-1.50147,-0.154086,-0.198095,-0.877848,0.158343,0.148073,-1.33645,0.120614,0.256378,-0.0444623,-0.239548,-0.232984,-0.739077,-0.234276,-0.218535,-1.28174,0.0461306,-0.0270329,-1.46322,-0.156807,-0.196845,-0.945119,0.302617,0.159139,-2.55431,-0.541387,-0.39858,-0.712667,0.412944,0.353907,-1.50147,0.52155,0.451698,-0.34739,0.397609,0.240566,-1.33645,-0.44322,-0.166588,-0.0444623,0.629638,0.558741,-0.739077,0.413205,0.356086,-1.28174,0.0296704,0.196926,-1.46322,0.26044,0.226634,-0.945119,-0.563228,-0.434678,-2.55431,-0.150428,-0.302634,-0.712667,0.328194,0.210717,-1.50147,0.0325017,0.0245899,-0.34739,0.444403,0.311545,-0.877848,0.0495766,-0.11457,-0.0444623,0.114708,-0.00784763,-0.739077,0.105926,-0.0290269,-1.28174,-0.925546,-0.784079,-1.46322,-0.0840411,-0.0319857,-0.945119,0.0321988,0.3398,-2.55431,0.0417356,0.0351089,-0.712667,-0.0249686,-0.0234566,-1.50147,-0.0323692,-0.0305351,-0.34739,-0.0273312,-0.0267305,-0.877848,0.0355933,0.0338723,-1.33645,0.00464452,0.00208287,-0.739077,-0.0278049,-0.02832,-1.28174,-0.0155681,-0.0242907,-1.46322,-0.0235986,-0.0245848,-0.945119,0.0369105,0.0267741,-2.55431,1.17997,1.04392,-0.712667,-0.609072,-0.539605,-1.50147,-0.641954,-0.694483,-0.34739,-0.716462,-0.743037,-0.877848,0.835559,0.7218,-1.33645,-0.0878639,0.0393977,-0.0444623,-0.759765,-0.84181,-1.28174,-0.425514,-0.616419,-1.46322,-0.588844,-0.606446,-0.945119,1.00662,0.758976,-2.55431,0.432457,0.195952,-0.712667,0.119697,0.0127249,-1.50147,-0.369777,-0.374019,-0.34739,0.134983,-0.0901954,-0.877848,0.444855,0.245145,-1.33645,-1.19212,-1.21754,-0.0444623,-0.252848,-0.492949,-0.739077,-0.227661,-0.428695,-1.46322,-0.455388,-0.423878,-0.945119,0.332434,0.487038,-2.55431,2.45189,2.25085,-0.712667,-1.1423,-1.07511,-1.50147,-1.22904,-1.38472,-0.34739,-1.31862,-1.63041,-0.877848,1.37513,1.12575,-1.33645,-0.521921,0.0222105,-0.0444623,-1.44474,-1.7694,-0.739077,-1.37638,-1.48483,-1.28174,-1.11314,-1.4904,-0.945119,2.03997,1.47754,-2.55431,-0.57785,-0.443971,-0.712667,0.194199,0.337499,-1.50147,0.082196,0.149291,-0.34739,0.0799892,0.172589,-0.877848,-0.305712,-0.231566,-1.33645,0.601513,0.309891,-0.0444623,0.0783894,0.270464,-0.739077,0.129971,0.239171,-1.28174,0.249463,0.26333,-1.46322,0.181219,0.201884
-0.687353,1.30698,1.28622,-1.45128,0.570621,0.98512,-0.338225,1.60881,1.77062,-0.856203,-0.925966,-0.772354,-1.31201,0.105635,-0.87039,-0.0432112,1.08511,1.27754,-0.712006,1.12793,1.19068,-1.25024,0.0604023,0.3813,-1.40764,0.871094,1.10588,-0.925521,-2.44116,-1.6246,-2.5059,0.961685,0.93797,-1.45128,-0.278028,-0.416334,-0.338225,-0.685761,-0.585265,-0.856203,0.594748,0.599209,-1.31201,0.290258,0.541477,-0.0432112,-0.477067,-0.561504,-0.712006,-0.432949,-0.432558,-1.25024,0.217639,0.0744785,-1.40764,-0.281404,-0.344549,-0.925521,1.18246,0.877525,-2.5059,1.90327,1.60157,-0.687353,-1.25985,-0.950843,-0.338225,-1.48725,-1.24221,-0.856203,1.78259,1.61766,-1.31201,0.569947,0.313883,-0.0432112,-1.56434,-1.67422,-0.712006,-1.41264,-1.27014,-1.25024,-0.57193,-0.981941,-1.40764,-1.05375,-1.03043,-0.925521,1.37314,0.899929,-2.5059,0.40496,0.425433,-0.687353,-0.245078,-0.204364,-1.45128,-0.132599,-0.1915,-0.856203,0.158011,0.144378,-1.31201,0.118325,0.251687,-0.0432112,-0.232007,-0.226279,-0.712006,-0.226566,-0.210658,-1.25024,0.0455463,-0.0262104,-1.40764,-0.144146,-0.189262,-0.925521,0.300186,0.155943,-2.5059,-0.533003,-0.391798,-0.687353,0.393402,0.340383,-1.45128,0.522746,0.435637,-0.338225,0.369827,0.233155,-1.31201,-0.430506,-0.164314,-0.0432112,0.613636,0.541794,-0.712006,0.415403,0.342006,-1.25024,0.0321228,0.19089,-1.40764,0.252006,0.216471,-0.925521,-0.560097,-0.426551,-2.5059,-0.145946,-0.297436,-0.687353,0.30385,0.202499,-1.45128,-0.00129539,0.0227675,-0.338225,0.436448,0.30264,-0.856203,0.0306823,-0.112418,-0.0432112,0.116845,-0.00851951,-0.712006,0.122964,-0.0291239,-1.25024,-0.907321,-0.765325,-1.40764,-0.146226,-0.0319784,-0.925521,0.029875,0.332047,-2.5059,0.0416878,0.0344374,-0.687353,-0.0244135,-0.0226577,-1.45128,-0.0318954,-0.0295442,-0.338225,-0.0262122,-0.0260341,-0.856203,0.0343548,0.032995,-1.31201,0.00464722,0.00204611,-0.712006,-0.0279907,-0.0273221,-1.25024,-0.0148912,-0.0236822,-1.40764,-0.0228288,-0.0236611,-0.925521,0.0364659,0.026218,-2.5059,1.1802,1.02451,-0.687353,-0.58749,-0.52022,-1.45128,-0.62297,-0.670986,-0.338225,-0.695548,-0.722923,-0.856203,0.818949,0.70388,-1.31201,-0.094406,0.0392673,-0.0432112,-0.739856,-0.817278,-1.25024,-0.41456,-0.600243,-1.40764,-0.565865,-0.582559,-0.925521,0.997581,0.743816,-2.5059,0.452637,0.191845,-0.687353,0.112123,0.0116812,-1.45128,-0.418806,-0.362513,-0.338225,0.130897,-0.0883248,-0.856203,0.421749,0.238303,-1.31201,-1.17365,-1.19507,-0.0432112,-0.246447,-0.479623,-0.712006,-0.225982,-0.414287,-1.40764,-0.502472,-0.408706,-0.925521,0.319761,0.476499,-2.5059,2.44734,2.2081,-0.687353,-1.10134,-1.03788,-1.45128,-1.18308,-1.33921,-0.338225,-1.29895,-1.58752,-0.856203,1.345,1.0971,-1.31201,-0.510329,0.0222323,-0.0432112,-1.40306,-1.71909,-0.712006,-1.36413,-1.43191,-1.25024,-1.07009,-1.45267,-0.925521,2.00456,1.4472,-2.5059,-0.550382,-0.435564,-0.687353,0.191703,0.325863,-1.45128,0.0749141,0.144275,-0.338225,0.088428,0.16796,-0.856203,-0.288114,-0.225699,-1.31201,0.591179,0.303975,-0.0432112,0.075735,0.262709,-0.712006,0.124656,0.230572,-1.25024,0.247088,0.256619,-1.40764,0.185054,0.194116
-0.662039,1.26047,1.24,-1.40109,0.494842,0.951154,-0.32906,1.57747,1.72263,-0.834559,-0.903618,-0.752588,-1.28756,0.0960163,-0.854379,-0.0419601,1.04393,1.23974,-0.684935,1.08524,1.14623,-1.21874,0.0504718,0.370741,-1.35205,0.825365,1.0617,-0.905923,-2.40997,-1.59065,-2.4575,0.927036,0.92029,-1.40109,-0.24515,-0.40128,-0.32906,-0.671192,-0.568766,-0.834559,0.582275,0.584133,-1.28756,0.287051,0.531795,-0.0419601,-0.462739,-0.544301,-0.684935,-0.43145,-0.415579,-1.21874,0.213738,0.0734523,-1.35205,-0.247423,-0.329833,-0.905923,1.16429,0.859556,-2.4575,1.91079,1.57123,-0.662039,-1.20478,-0.915693,-0.32906,-1.42481,-1.20777,-0.834559,1.72107,1.57585,-1.28756,0.542991,0.30887,-0.0419601,-1.53506,-1.6244,-0.684935,-1.37732,-1.22209,-1.21874,-0.559114,-0.955525,-1.35205,-0.984175,-0.988417,-0.905923,1.3598,0.881844,-2.4575,0.402247,0.417226,-0.662039,-0.234995,-0.196987,-1.40109,-0.117632,-0.184904,-0.834559,0.15655,0.140684,-1.28756,0.11666,0.246996,-0.0419601,-0.222648,-0.219573,-0.684935,-0.218156,-0.20278,-1.21874,0.0455176,-0.025388,-1.35205,-0.134173,-0.18168,-0.905923,0.297756,0.152747,-2.4575,-0.524619,-0.385016,-0.662039,0.373667,0.326859,-1.40109,0.511603,0.419576,-0.32906,0.342659,0.225743,-1.28756,-0.414836,-0.162039,-0.0419601,0.594104,0.524847,-0.684935,0.415974,0.327926,-1.21874,0.0378299,0.184855,-1.35205,0.242135,0.206308,-0.905923,-0.556966,-0.418424,-2.4575,-0.141465,-0.292239,-0.662039,0.280105,0.194281,-1.40109,-0.0264093,0.0209451,-0.32906,0.427135,0.293735,-0.834559,-0.000764804,-0.110266,-0.0419601,0.116636,-0.00919139,-0.684935,0.136266,-0.0292209,-1.21874,-0.889968,-0.746571,-1.35205,-0.195598,-0.0319711,-0.905923,0.0275511,0.324293,-2.4575,0.0416401,0.033766,-0.662039,-0.0237964,-0.0218587,-1.40109,-0.0309927,-0.0285533,-0.32906,-0.0251141,-0.0253376,-0.834559,0.0328222,0.0321176,-1.28756,0.00453206,0.00200934,-0.684935,-0.0280912,-0.0263242,-1.21874,-0.0142601,-0.0230736,-1.35205,-0.022112,-0.0227374,-0.905923,0.0360213,0.0256618,-2.4575,1.18042,1.0051,-0.662039,-0.564121,-0.500835,-1.40109,-0.603186,-0.64749,-0.32906,-0.674231,-0.70281,-0.834559,0.790596,0.68596,-1.28756,-0.100931,0.0391368,-0.0419601,-0.717139,-0.792745,-1.21874,-0.401378,-0.584068,-1.35205,-0.543309,-0.558672,-0.905923,0.988541,0.728656,-2.4575,0.472816,0.187737,-0.662039,0.104418,0.0106374,-1.40109,-0.447155,-0.351008,-0.32906,0.126568,-0.0864542,-0.834559,0.375256,0.231461,-1.28756,-1.15722,-1.1726,-0.0419601,-0.243332,-0.466297,-0.684935,-0.227084,-0.399879,-1.35205,-0.535943,-0.393533,-0.905923,0.307089,0.465959,-2.4575,2.4428,2.16536,-0.662039,-1.05693,-1.00066,-1.40109,-1.1377,-1.29369,-0.32906,-1.27714,-1.54462,-0.834559,1.28371,1.06844,-1.28756,-0.499263,0.022254,-0.0419601,-1.36445,-1.66878,-0.684935,-1.34798,-1.37899,-1.21874,-1.02506,-1.41493,-0.905923,1.96915,1.41685,-2.4575,-0.522914,-0.427157,-0.662039,0.190723,0.314227,-1.40109,0.068558,0.139259,-0.32906,0.0963077,0.163331,-0.834559,-0.274286,-0.219833,-1.28756,0.578662,0.29806,-0.0419601,0.0764502,0.254954,-0.684935,0.120948,0.221974,-1.21874,0.246307,0.249908,-1.35205,0.187419,0.186348
-0.636726,1.21244,1.19377,-1.3509,0.426583,0.917187,-0.319895,1.54513,1.67464,-0.812914,-0.879599,-0.732822,-1.26312,0.0715438,-0.838368,-0.0407091,1.00036,1.20194,-0.657864,1.03902,1.10178,-1.18723,0.0393197,0.360181,-1.29647,0.79416,1.01751,-0.886325,-2.37879,-1.55671,-2.40909,0.892672,0.90261,-1.3509,-0.21477,-0.386226,-0.319895,-0.654363,-0.552267,-0.812914,0.570957,0.569058,-1.26312,0.287164,0.522114,-0.0407091,-0.447284,-0.527098,-0.657864,-0.42698,-0.398601,-1.18723,0.209727,0.072426,-1.29647,-0.220711,-0.315117,-0.886325,1.14612,0.841588,-2.40909,1.91659,1.5409,-0.636726,-1.14312,-0.880543,-0.319895,-1.35661,-1.17333,-0.812914,1.65197,1.53405,-1.26312,0.502742,0.303857,-0.0407091,-1.50424,-1.57458,-0.657864,-1.33791,-1.17404,-1.18723,-0.54574,-0.929109,-1.29647,-0.920669,-0.946402,-0.886325,1.34646,0.863759,-2.40909,0.39942,0.409018,-0.636726,-0.22424,-0.189609,-1.3509,-0.103984,-0.178308,-0.812914,0.154796,0.13699,-1.26312,0.116749,0.242304,-0.0407091,-0.21246,-0.212868,-0.657864,-0.208812,-0.194903,-1.18723,0.0457092,-0.0245655,-1.29647,-0.127988,-0.174097,-0.886325,0.295325,0.149551,-2.40909,-0.515894,-0.378235,-0.636726,0.354551,0.313335,-1.3509,0.498052,0.403515,-0.319895,0.316424,0.218331,-1.26312,-0.391044,-0.159765,-0.0407091,0.572963,0.507899,-0.657864,0.413167,0.313846,-1.18723,0.0450153,0.178819,-1.29647,0.230244,0.196145,-0.886325,-0.553835,-0.410297,-2.40909,-0.137015,-0.287041,-0.636726,0.257677,0.186063,-1.3509,-0.0496995,0.0191227,-0.319895,0.415889,0.28483,-0.812914,-0.0354597,-0.108114,-0.0407091,0.115357,-0.00986327,-0.657864,0.142503,-0.0293178,-1.18723,-0.872811,-0.727817,-1.29647,-0.226301,-0.0319638,-0.886325,0.0252273,0.31654,-2.40909,0.0415709,0.0330946,-0.636726,-0.0230984,-0.0210598,-1.3509,-0.0300078,-0.0275624,-0.319895,-0.024053,-0.0246412,-0.812914,0.0312135,0.0312402,-1.26312,0.00409123,0.00197258,-0.657864,-0.0280093,-0.0253263,-1.18723,-0.0136664,-0.0224651,-1.29647,-0.0214059,-0.0218137,-0.886325,0.0355766,0.0251057,-2.40909,1.17996,0.98569,-0.636726,-0.53927,-0.48145,-1.3509,-0.583234,-0.623993,-0.319895,-0.652355,-0.682696,-0.812914,0.759204,0.66804,-1.26312,-0.107242,0.0390064,-0.0407091,-0.693142,-0.768212,-1.18723,-0.387325,-0.567892,-1.29647,-0.521751,-0.534786,-0.886325,0.9795,0.713496,-2.40909,0.492476,0.18363,-0.636726,0.0961818,0.00959373,-1.3509,-0.471275,-0.339502,-0.319895,0.12179,-0.0845836,-0.812914,0.322712,0.224618,-1.26312,-1.14629,-1.15013,-0.0407091,-0.241713,-0.452971,-0.657864,-0.231629,-0.385471,-1.29647,-0.549825,-0.378361,-0.886325,0.294416,0.45542,-2.40909,2.43756,2.12261,-0.636726,-1.00917,-0.963435,-1.3509,-1.09251,-1.24818,-0.319895,-1.25242,-1.50173,-0.812914,1.21437,1.03978,-1.26312,-0.489491,0.0222758,-0.0407091,-1.32724,-1.61848,-0.657864,-1.3256,-1.32607,-1.18723,-0.979668,-1.37719,-0.886325,1.93375,1.38651,-2.40909,-0.495647,-0.41875,-0.636726,0.192163,0.30259,-1.3509,0.0624222,0.134244,-0.319895,0.103208,0.158702,-0.812914,-0.261434,-0.213966,-1.26312,0.560072,0.292145,-0.0407091,0.0787019,0.247199,-0.657864,0.119275,0.213375,-1.18723,0.246154,0.243197,-1.29647,0.187207,0.17858
-0.611412,1.16339,1.14754,-1.30071,0.391007,0.883221,-0.31073,1.5128,1.62665,-0.791269,-0.854348,-0.713056,-1.23868,0.0470713,-0.822358,-0.039458,0.956788,1.16414,-0.630793,0.989165,1.05733,-1.15573,0.0281675,0.349621,-1.24089,0.781659,0.973325,-0.866727,-2.3476,-1.52276,-2.36068,0.859907,0.88493,-1.30071,-0.195328,-0.371172,-0.31073,-0.637534,-0.535769,-0.791269,0.560575,0.553982,-1.23868,0.287277,0.512432,-0.039458,-0.431829,-0.509895,-0.630793,-0.418222,-0.381623,-1.15573,0.205717,0.0713997,-1.24089,-0.203918,-0.300401,-0.866727,1.12795,0.823619,-2.36068,1.91275,1.51057,-0.611412,-1.07682,-0.845392,-0.31073,-1.28841,-1.13888,-0.791269,1.57846,1.49225,-1.23868,0.462492,0.298844,-0.039458,-1.47341,-1.52476,-0.630793,-1.29377,-1.12599,-1.15573,-0.532366,-0.902693,-1.24089,-0.865671,-0.904388,-0.866727,1.33312,0.845674,-2.36068,0.395953,0.400811,-0.611412,-0.212962,-0.182232,-1.30071,-0.0960655,-0.171712,-0.791269,0.152774,0.133296,-1.23868,0.116839,0.237613,-0.039458,-0.202272,-0.206163,-0.630793,-0.198428,-0.187026,-1.15573,0.0459008,-0.0237431,-1.24089,-0.126666,-0.166515,-0.866727,0.292895,0.146354,-2.36068,-0.505255,-0.371453,-0.611412,0.336778,0.299811,-1.30071,0.474229,0.387453,-0.31073,0.290189,0.21092,-1.23868,-0.367251,-0.157491,-0.039458,0.551821,0.490952,-0.630793,0.405806,0.299766,-1.15573,0.0522007,0.172783,-1.24089,0.215765,0.185982,-0.866727,-0.550704,-0.40217,-2.36068,-0.132813,-0.281844,-0.611412,0.236971,0.177845,-1.30071,-0.0649144,0.0173002,-0.31073,0.404643,0.275925,-0.791269,-0.0715145,-0.105963,-0.039458,0.114079,-0.0105352,-0.630793,0.139503,-0.0294148,-1.15573,-0.855654,-0.709063,-1.24089,-0.232632,-0.0319565,-0.866727,0.0229034,0.308786,-2.36068,0.0413783,0.0324231,-0.611412,-0.0223236,-0.0202608,-1.30071,-0.0286748,-0.0265715,-0.31073,-0.0229918,-0.0239448,-0.791269,0.0296102,0.0303629,-1.23868,0.0036504,0.00193582,-0.630793,-0.0276794,-0.0243283,-1.15573,-0.0130727,-0.0218565,-1.24089,-0.0206701,-0.02089,-0.866727,0.035132,0.0245495,-2.36068,1.17555,0.96628,-0.611412,-0.51372,-0.462066,-1.30071,-0.562539,-0.600496,-0.31073,-0.63048,-0.662583,-0.791269,0.72586,0.650121,-1.23868,-0.113553,0.038876,-0.039458,-0.669144,-0.743679,-1.15573,-0.373271,-0.551717,-1.24089,-0.501746,-0.510899,-0.866727,0.970459,0.698336,-2.36068,0.509051,0.179523,-0.611412,0.0871851,0.00855001,-1.30071,-0.476922,-0.327997,-0.31073,0.117012,-0.082713,-0.791269,0.267174,0.217776,-1.23868,-1.13536,-1.12766,-0.039458,-0.240095,-0.439646,-0.630793,-0.239835,-0.371063,-1.24089,-0.538291,-0.363188,-0.866727,0.281743,0.44488,-2.36068,2.42827,2.07987,-0.611412,-0.959266,-0.926211,-1.30071,-1.04833,-1.20266,-0.31073,-1.2277,-1.45883,-0.791269,1.14066,1.01113,-1.23868,-0.479718,0.0222975,-0.039458,-1.29003,-1.56817,-0.630793,-1.29559,-1.27315,-1.15573,-0.934276,-1.33946,-0.866727,1.89834,1.35617,-2.36068,-0.469517,-0.410343,-0.611412,0.196061,0.290954,-1.30071,0.0573169,0.129228,-0.31073,0.110109,0.154073,-0.791269,-0.249348,-0.2081,-1.23868,0.541483,0.286229,-0.039458,0.0809537,0.239445,-0.630793,0.119797,0.204777,-1.15573,0.246001,0.236485,-1.24089,0.183348,0.170812
-0.586098,1.11276,1.10131,-1.25052,0.381375,0.849255,-0.301565,1.47917,1.57865,-0.769624,-0.828453,-0.69329,-1.21424,0.0225988,-0.806347,-0.0382069,0.912584,1.12633,-0.603722,0.93394,1.01287,-1.12423,0.0170153,0.339061,-1.18531,0.784021,0.92914,-0.847129,-2.31641,-1.48882,-2.31227,0.829152,0.86725,-1.25052,-0.184897,-0.356118,-0.301565,-0.618383,-0.51927,-0.769624,0.550894,0.538907,-1.21424,0.28739,0.50275,-0.0382069,-0.416154,-0.492691,-0.603722,-0.401568,-0.364645,-1.12423,0.201707,0.0703734,-1.18531,-0.195426,-0.285684,-0.847129,1.10978,0.80565,-2.31227,1.89654,1.48024,-0.586098,-1.00612,-0.810242,-0.301565,-1.21734,-1.10444,-0.769624,1.50558,1.45044,-1.21424,0.422242,0.29383,-0.0382069,-1.43976,-1.47494,-0.603722,-1.24198,-1.07793,-1.12423,-0.518992,-0.876277,-1.18531,-0.817974,-0.862373,-0.847129,1.31978,0.827589,-2.31227,0.391718,0.392604,-0.586098,-0.201049,-0.174855,-1.25052,-0.0926934,-0.165116,-0.769624,0.150485,0.129602,-1.21424,0.116928,0.232922,-0.0382069,-0.19153,-0.199458,-0.603722,-0.186402,-0.179149,-1.12423,0.0460924,-0.0229206,-1.18531,-0.1292,-0.158932,-0.847129,0.290464,0.143158,-2.31227,-0.492079,-0.364672,-0.586098,0.320754,0.286287,-1.25052,0.443059,0.371392,-0.301565,0.264881,0.203508,-1.21424,-0.343459,-0.155217,-0.0382069,0.529094,0.474005,-0.603722,0.390342,0.285687,-1.12423,0.0593861,0.166748,-1.18531,0.199252,0.175819,-0.847129,-0.547573,-0.394043,-2.31227,-0.129796,-0.276646,-0.586098,0.218415,0.169628,-1.25052,-0.0730958,0.0154778,-0.301565,0.39193,0.267019,-0.769624,-0.105719,-0.103811,-0.0382069,0.111283,-0.011207,-0.603722,0.12035,-0.0295118,-1.12423,-0.838497,-0.69031,-1.18531,-0.219297,-0.0319492,-0.847129,0.0205796,0.301032,-2.31227,0.0409812,0.0317517,-0.586098,-0.0214577,-0.0194619,-1.25052,-0.0271059,-0.0255806,-0.301565,-0.0219864,-0.0232483,-0.769624,0.0281625,0.0294855,-1.21424,0.00320957,0.00189906,-0.603722,-0.026906,-0.0233304,-1.12423,-0.012479,-0.021248,-1.18531,-0.0198825,-0.0199664,-0.847129,0.0346874,0.0239934,-2.31227,1.16549,0.946869,-0.586098,-0.487441,-0.442681,-1.25052,-0.541202,-0.577,-0.301565,-0.608244,-0.642469,-0.769624,0.692199,0.632201,-1.21424,-0.119864,0.0387455,-0.0382069,-0.644136,-0.719146,-1.12423,-0.359217,-0.535542,-1.18531,-0.483159,-0.487012,-0.847129,0.961419,0.683177,-2.31227,0.519553,0.175416,-0.586098,0.0773677,0.00750629,-1.25052,-0.467492,-0.316491,-0.301565,0.111512,-0.0808424,-0.769624,0.213699,0.210934,-1.21424,-1.12444,-1.10519,-0.0382069,-0.239682,-0.42632,-0.603722,-0.253612,-0.356655,-1.18531,-0.506375,-0.348016,-0.847129,0.269071,0.43434,-2.31227,2.41111,2.03712,-0.586098,-0.907217,-0.888987,-1.25052,-1.00561,-1.15715,-0.301565,-1.20137,-1.41594,-0.769624,1.06858,0.982472,-1.21424,-0.469946,0.0223193,-0.0382069,-1.25426,-1.51786,-0.603722,-1.25277,-1.22023,-1.12423,-0.888884,-1.30172,-0.847129,1.86293,1.32583,-2.31227,-0.444973,-0.401936,-0.586098,0.2024,0.279318,-1.25052,0.0533335,0.124212,-0.301565,0.115571,0.149444,-0.769624,-0.237779,-0.202233,-1.21424,0.522893,0.280314,-0.0382069,0.0850608,0.23169,-0.603722,0.123696,0.196178,-1.12423,0.245849,0.229774,-1.18531,0.176352,0.163044
-0.560784,1.06213,1.05508,-1.20033,0.374527,0.815289,-0.2924,1.44445,1.53066,-0.74798,-0.80257,-0.673524,-1.1898,-0.00187373,-0.790336,-0.0369559,0.868503,1.08853,-0.576651,0.876353,0.968422,-1.09273,0.00543887,0.328502,-1.12973,0.810113,0.884954,-0.827531,-2.28523,-1.45487,-2.26386,0.798441,0.84957,-1.20033,-0.175444,-0.341064,-0.2924,-0.597413,-0.502771,-0.74798,0.541343,0.523831,-1.1898,0.287503,0.493068,-0.0369559,-0.400684,-0.475488,-0.576651,-0.381138,-0.347666,-1.09273,0.197451,0.0693471,-1.12973,-0.201166,-0.270968,-0.827531,1.09161,0.787681,-2.26386,1.88006,1.44991,-0.560784,-0.935414,-0.775092,-0.2924,-1.14493,-1.07,-0.74798,1.43468,1.40864,-1.1898,0.381992,0.288817,-0.0369559,-1.40159,-1.42512,-0.576651,-1.18669,-1.02988,-1.09273,-0.505524,-0.849861,-1.12973,-0.783564,-0.820359,-0.827531,1.30644,0.809503,-2.26386,0.387467,0.384397,-0.560784,-0.189135,-0.167478,-1.20033,-0.0898091,-0.158521,-0.74798,0.148113,0.125907,-1.1898,0.117017,0.228231,-0.0369559,-0.180194,-0.192753,-0.576651,-0.173635,-0.171272,-1.09273,0.0463638,-0.0220982,-1.12973,-0.137946,-0.15135,-0.827531,0.288033,0.139962,-2.26386,-0.478847,-0.35789,-0.560784,0.30473,0.272763,-1.20033,0.411128,0.355331,-0.2924,0.240289,0.196096,-1.1898,-0.319666,-0.152943,-0.0369559,0.50425,0.457057,-0.576651,0.371048,0.271607,-1.09273,0.0675817,0.160712,-1.12973,0.179758,0.165656,-0.827531,-0.544442,-0.385916,-2.26386,-0.126806,-0.271449,-0.560784,0.199858,0.16141,-1.20033,-0.0805017,0.0136554,-0.2924,0.378219,0.258114,-0.74798,-0.138222,-0.101659,-0.0369559,0.1062,-0.0118789,-0.576651,0.0936066,-0.0296088,-1.09273,-0.82103,-0.671556,-1.12973,-0.173082,-0.0319419,-0.827531,0.0182557,0.293279,-2.26386,0.0405796,0.0310803,-0.560784,-0.0205917,-0.0186629,-1.20033,-0.025513,-0.0245897,-0.2924,-0.02103,-0.0225519,-0.74798,0.0268153,0.0286081,-1.1898,0.00276874,0.00186229,-0.576651,-0.0259226,-0.0223325,-1.09273,-0.0119475,-0.0206394,-1.12973,-0.0190076,-0.0190427,-0.827531,0.0342428,0.0234372,-2.26386,1.15531,0.927459,-0.560784,-0.461162,-0.423296,-1.20033,-0.519793,-0.553503,-0.2924,-0.58579,-0.622355,-0.74798,0.659025,0.614281,-1.1898,-0.126176,0.0386151,-0.0369559,-0.617923,-0.694613,-1.09273,-0.344878,-0.519366,-1.12973,-0.467031,-0.463125,-0.827531,0.952378,0.668017,-2.26386,0.529921,0.171309,-0.560784,0.0675503,0.00646257,-1.20033,-0.45643,-0.304986,-0.2924,0.105371,-0.0789718,-0.74798,0.162646,0.204091,-1.1898,-1.11351,-1.08272,-0.0369559,-0.240726,-0.412994,-0.576651,-0.269869,-0.342247,-1.12973,-0.440778,-0.332844,-0.827531,0.256398,0.423801,-2.26386,2.39378,1.99438,-0.560784,-0.855167,-0.851763,-1.20033,-0.963077,-1.11163,-0.2924,-1.17416,-1.37304,-0.74798,0.999118,0.953816,-1.1898,-0.460174,0.0223411,-0.0369559,-1.22047,-1.46755,-0.576651,-1.20401,-1.16731,-1.09273,-0.844422,-1.26398,-0.827531,1.82753,1.29548,-2.26386,-0.420464,-0.393529,-0.560784,0.20874,0.267682,-1.20033,0.0494806,0.119197,-0.2924,0.119778,0.144815,-0.74798,-0.226279,-0.196366,-1.1898,0.504304,0.274398,-0.0369559,0.0918381,0.223935,-0.576651,0.129106,0.18758,-1.09273,0.245912,0.223063,-1.12973,0.1639,0.155276
-0.535471,1.01103,1.00886,-1.15014,0.386251,0.781322,-0.283236,1.40832,1.48267,-0.726335,-0.776687,-0.653758,-1.16536,-0.0263462,-0.774325,-0.0357048,0.824423,1.05073,-0.54958,0.813218,0.92397,-1.06122,-0.00634184,0.317942,-1.07415,0.842931,0.840769,-0.807933,-2.21615,-1.42093,-2.21545,0.767729,0.83189,-1.15014,-0.172872,-0.32601,-0.283236,-0.574385,-0.486272,-0.726335,0.531793,0.508756,-1.16536,0.287616,0.483387,-0.0357048,-0.385215,-0.458285,-0.54958,-0.349859,-0.330688,-1.06122,0.193077,0.0683208,-1.07415,-0.212439,-0.256252,-0.807933,1.06221,0.769713,-2.21545,1.86359,1.41957,-0.535471,-0.864136,-0.739942,-0.283236,-1.07292,-1.03555,-0.726335,1.36377,1.36683,-1.16536,0.341742,0.283804,-0.0357048,-1.36342,-1.3753,-0.54958,-1.1214,-0.981828,-1.06122,-0.49201,-0.823445,-1.07415,-0.755489,-0.778344,-0.807933,1.28232,0.791418,-2.21545,0.383215,0.37619,-0.535471,-0.177082,-0.160101,-1.15014,-0.0901761,-0.151925,-0.726335,0.145742,0.122213,-1.16536,0.117107,0.22354,-0.0357048,-0.168858,-0.186048,-0.54958,-0.158966,-0.163395,-1.06122,0.0466736,-0.0212757,-1.07415,-0.148542,-0.143767,-0.807933,0.280451,0.136766,-2.21545,-0.465615,-0.351108,-0.535471,0.289085,0.259239,-1.15014,0.374994,0.33927,-0.283236,0.216488,0.188685,-1.16536,-0.295873,-0.150668,-0.0357048,0.479406,0.44011,-0.54958,0.340625,0.257527,-1.06122,0.0762635,0.154676,-1.07415,0.159867,0.155493,-0.807933,-0.541336,-0.377789,-2.21545,-0.123816,-0.266251,-0.535471,0.181754,0.153192,-1.15014,-0.0820604,0.011833,-0.283236,0.363708,0.249209,-0.726335,-0.170725,-0.0995071,-0.0357048,0.101117,-0.0125508,-0.54958,0.0456971,-0.0297057,-1.06122,-0.803415,-0.652802,-1.07415,-0.115143,-0.0319346,-0.807933,0.0219927,0.285525,-2.21545,0.040178,0.0304089,-0.535471,-0.0197073,-0.017864,-1.15014,-0.0238038,-0.0235988,-0.283236,-0.02014,-0.0218554,-0.726335,0.0254681,0.0277308,-1.16536,0.00232792,0.00182553,-0.54958,-0.0243315,-0.0213345,-1.06122,-0.0114459,-0.0200309,-1.07415,-0.018112,-0.018119,-0.807933,0.0335316,0.0228811,-2.21545,1.14513,0.908049,-0.535471,-0.434742,-0.403912,-1.15014,-0.497856,-0.530006,-0.283236,-0.563223,-0.602242,-0.726335,0.62585,0.596361,-1.16536,-0.132487,0.0384847,-0.0357048,-0.591709,-0.67008,-1.06122,-0.330402,-0.503191,-1.07415,-0.451854,-0.439238,-0.807933,0.931939,0.652857,-2.21545,0.540289,0.167202,-0.535471,0.0576037,0.00541886,-1.15014,-0.43404,-0.293481,-0.283236,0.098341,-0.0771012,-0.726335,0.111593,0.197249,-1.16536,-1.10259,-1.06026,-0.0357048,-0.24177,-0.399668,-0.54958,-0.292276,-0.327839,-1.07415,-0.363772,-0.317671,-0.807933,0.24745,0.413261,-2.21545,2.37645,1.95163,-0.535471,-0.802774,-0.814539,-1.15014,-0.922481,-1.06612,-0.283236,-1.14683,-1.33015,-0.726335,0.929659,0.92516,-1.16536,-0.450402,0.0223628,-0.0357048,-1.18667,-1.41724,-0.54958,-1.13862,-1.11439,-1.06122,-0.800407,-1.22624,-0.807933,1.77518,1.26514,-2.21545,-0.395954,-0.385122,-0.535471,0.215407,0.256046,-1.15014,0.046827,0.114181,-0.283236,0.122294,0.140186,-0.726335,-0.214779,-0.1905,-1.16536,0.485714,0.268483,-0.0357048,0.0986155,0.216181,-0.54958,0.138456,0.178982,-1.06122,0.24608,0.216352,-1.07415,0.149238,0.147508
-0.510157,0.957696,0.962629,-1.09995,0.405166,0.747356,-0.274071,1.37082,1.43467,-0.70469,-0.750805,-0.633992,-1.14092,-0.0508187,-0.758315,-0.0344537,0.782253,1.01293,-0.522508,0.749544,0.879518,-1.02972,-0.0155832,0.307382,-1.01857,0.876444,0.796583,-0.788335,-2.14162,-1.38698,-2.16705,0.737018,0.81421,-1.09995,-0.173139,-0.310956,-0.274071,-0.549508,-0.469774,-0.70469,0.522242,0.49368,-1.14092,0.287729,0.473705,-0.0344537,-0.370755,-0.441082,-0.522508,-0.313206,-0.31371,-1.02972,0.188054,0.0672945,-1.01857,-0.227323,-0.241536,-0.788335,1.03125,0.751744,-2.16705,1.84711,1.38924,-0.510157,-0.791068,-0.704792,-0.274071,-1.00258,-1.00111,-0.70469,1.29286,1.32503,-1.14092,0.301493,0.27879,-0.0344537,-1.32311,-1.32549,-0.522508,-1.04942,-0.933775,-1.02972,-0.480077,-0.797029,-1.01857,-0.733298,-0.73633,-0.788335,1.25648,0.773333,-2.16705,0.378964,0.367983,-0.510157,-0.164417,-0.152723,-1.09995,-0.0918007,-0.145329,-0.70469,0.14337,0.118519,-1.14092,0.117196,0.218849,-0.0344537,-0.157718,-0.179343,-0.522508,-0.143709,-0.155518,-1.02972,0.0465388,-0.0204533,-1.01857,-0.159519,-0.136185,-0.788335,0.272101,0.133569,-2.16705,-0.452384,-0.344327,-0.510157,0.275095,0.245714,-1.09995,0.337664,0.323209,-0.274071,0.193384,0.181273,-1.14092,-0.272081,-0.148394,-0.0344537,0.45423,0.423163,-0.522508,0.303742,0.243447,-1.02972,0.0839729,0.148641,-1.01857,0.140852,0.14533,-0.788335,-0.538077,-0.369662,-2.16705,-0.120826,-0.261054,-0.510157,0.165605,0.144974,-1.09995,-0.0810225,0.0100105,-0.274071,0.3487,0.240304,-0.70469,-0.203228,-0.0973553,-0.0344537,0.0951667,-0.0132227,-0.522508,-0.0118642,-0.0298027,-1.02972,-0.783796,-0.634048,-1.01857,-0.0510763,-0.0319273,-0.788335,0.0265557,0.277772,-2.16705,0.0397764,0.0297374,-0.510157,-0.018745,-0.017065,-1.09995,-0.0220711,-0.0226079,-0.274071,-0.0193175,-0.021159,-0.70469,0.0241208,0.0268534,-1.14092,0.00188709,0.00178877,-0.522508,-0.0224,-0.0203366,-1.02972,-0.0110746,-0.0194223,-1.01857,-0.0172254,-0.0171953,-0.788335,0.0327773,0.0223249,-2.16705,1.13494,0.888638,-0.510157,-0.407744,-0.384527,-1.09995,-0.475687,-0.50651,-0.274071,-0.540646,-0.582128,-0.70469,0.592676,0.578442,-1.14092,-0.138798,0.0383542,-0.0344537,-0.565583,-0.645547,-1.02972,-0.317812,-0.487015,-1.01857,-0.437282,-0.415352,-0.788335,0.90977,0.637697,-2.16705,0.550657,0.163094,-0.510157,0.047187,0.00437514,-1.09995,-0.407045,-0.281975,-0.274071,0.0903987,-0.0752306,-0.70469,0.0605393,0.190407,-1.14092,-1.09166,-1.03779,-0.0344537,-0.242744,-0.386342,-0.522508,-0.316214,-0.313431,-1.01857,-0.28177,-0.302499,-0.788335,0.239069,0.402722,-2.16705,2.35912,1.90889,-0.510157,-0.749118,-0.777314,-1.09995,-0.882996,-1.0206,-0.274071,-1.11997,-1.28725,-0.70469,0.8602,0.896504,-1.14092,-0.440629,0.0223846,-0.0344537,-1.15326,-1.36693,-0.522508,-1.06444,-1.06147,-1.02972,-0.761619,-1.18851,-0.788335,1.72031,1.2348,-2.16705,-0.371445,-0.376715,-0.510157,0.223112,0.24441,-1.09995,0.0448,0.109165,-0.274071,0.123104,0.135557,-0.70469,-0.203279,-0.184633,-1.14092,0.467125,0.262568,-0.0344537,0.106187,0.208426,-0.522508,0.149451,0.170383,-1.02972,0.244935,0.209641,-1.01857,0.133007,0.13974
-0.484843,0.903025,0.916401,-1.04976,0.430289,0.71339,-0.264906,1.33116,1.38668,-0.683046,-0.727177,-0.614226,-1.11648,-0.084494,-0.742304,-0.0332026,0.744881,0.97513,-0.495437,0.689803,0.835066,-0.998221,-0.0237146,0.296822,-0.962985,0.899913,0.752397,-0.768737,-2.0573,-1.35304,-2.11864,0.706772,0.79653,-1.04976,-0.176329,-0.295902,-0.264906,-0.521987,-0.453275,-0.683046,0.511637,0.478605,-1.11648,0.289832,0.464023,-0.0332026,-0.358794,-0.423879,-0.495437,-0.27381,-0.296732,-0.998221,0.182747,0.0662682,-0.962985,-0.2413,-0.22682,-0.768737,0.998268,0.733775,-2.11864,1.82774,1.35891,-0.484843,-0.7185,-0.669642,-0.264906,-0.9366,-0.966668,-0.683046,1.23917,1.28323,-1.11648,0.25419,0.273777,-0.0332026,-1.27863,-1.27567,-0.495437,-0.970441,-0.885723,-0.998221,-0.468834,-0.770613,-0.962985,-0.714291,-0.694315,-0.768737,1.22507,0.755248,-2.11864,0.374539,0.359775,-0.484843,-0.15149,-0.145346,-1.04976,-0.094508,-0.138733,-0.683046,0.141087,0.114825,-1.11648,0.118423,0.214158,-0.0332026,-0.147237,-0.172637,-0.495437,-0.128818,-0.147641,-0.998221,0.0462098,-0.0196308,-0.962985,-0.168188,-0.128602,-0.768737,0.261993,0.130373,-2.11864,-0.438548,-0.337545,-0.484843,0.2618,0.23219,-1.04976,0.300459,0.307148,-0.264906,0.171255,0.173862,-1.11648,-0.243725,-0.14612,-0.0332026,0.428808,0.406215,-0.495437,0.261642,0.229367,-0.998221,0.0912573,0.142605,-0.962985,0.12465,0.135167,-0.768737,-0.532138,-0.361535,-2.11864,-0.118221,-0.255856,-0.484843,0.150233,0.136756,-1.04976,-0.0768515,0.00818812,-0.264906,0.333318,0.231399,-0.683046,-0.225238,-0.0952035,-0.0332026,0.0876615,-0.0138946,-0.495437,-0.0728162,-0.0298997,-0.998221,-0.7633,-0.615294,-0.962985,0.00737451,-0.03192,-0.768737,0.0318782,0.270018,-2.11864,0.0393212,0.029066,-0.484843,-0.0177544,-0.016266,-1.04976,-0.0203757,-0.021617,-0.264906,-0.0186031,-0.0204626,-0.683046,0.0232404,0.025976,-1.11648,0.00125693,0.00175201,-0.495437,-0.0202148,-0.0193387,-0.998221,-0.0107603,-0.0188138,-0.962985,-0.0163965,-0.0162716,-0.768737,0.0318732,0.0217688,-2.11864,1.12336,0.869228,-0.484843,-0.380562,-0.365142,-1.04976,-0.453241,-0.483013,-0.264906,-0.518195,-0.562014,-0.683046,0.565286,0.560522,-1.11648,-0.144351,0.0382238,-0.0332026,-0.540019,-0.621014,-0.998221,-0.306047,-0.47084,-0.962985,-0.422513,-0.391465,-0.768737,0.883151,0.622537,-2.11864,0.55934,0.158987,-0.484843,0.0367344,0.00333142,-1.04976,-0.375484,-0.27047,-0.264906,0.0809835,-0.07336,-0.683046,0.0263087,0.183565,-1.11648,-1.08358,-1.01532,-0.0332026,-0.243135,-0.373016,-0.495437,-0.338088,-0.299023,-0.962985,-0.207578,-0.287327,-0.768737,0.232163,0.392182,-2.11864,2.33962,1.86614,-0.484843,-0.695338,-0.74009,-1.04976,-0.845443,-0.975087,-0.264906,-1.09467,-1.24436,-0.683046,0.810948,0.867848,-1.11648,-0.431005,0.0224063,-0.0332026,-1.12026,-1.31663,-0.495437,-0.984479,-1.00855,-0.998221,-0.725116,-1.15077,-0.768737,1.65963,1.20446,-2.11864,-0.347323,-0.368308,-0.484843,0.230582,0.232774,-1.04976,0.0437483,0.104149,-0.264906,0.121192,0.130928,-0.683046,-0.190742,-0.178766,-1.11648,0.44485,0.256652,-0.0332026,0.11502,0.200671,-0.495437,0.160771,0.161785,-0.998221,0.243216,0.202929,-0.962985,0.116832,0.131972
-0.45953,0.846707,0.870173,-0.999564,0.456781,0.679424,-0.255741,1.291,1.33869,-0.661401,-0.70439,-0.59446,-1.09204,-0.122443,-0.726293,-0.0319516,0.711879,0.937328,-0.468366,0.638829,0.790614,-0.966718,-0.0318461,0.286263,-0.907404,0.900821,0.708212,-0.749139,-1.96979,-1.31909,-2.07023,0.680621,0.77885,-0.999564,-0.180897,-0.280848,-0.255741,-0.493883,-0.436776,-0.661401,0.500591,0.463529,-1.09204,0.292859,0.454341,-0.0319516,-0.34907,-0.406676,-0.468366,-0.235509,-0.279753,-0.966718,0.177441,0.0652419,-0.907404,-0.249209,-0.212103,-0.749139,0.964707,0.715806,-2.07023,1.78257,1.32858,-0.45953,-0.647429,-0.634492,-0.255741,-0.871942,-0.932225,-0.661401,1.19122,1.24142,-1.09204,0.203612,0.268764,-0.0319516,-1.23154,-1.22585,-0.468366,-0.88546,-0.83767,-0.966718,-0.457591,-0.744197,-0.907404,-0.695515,-0.652301,-0.749139,1.1916,0.737163,-2.07023,0.368637,0.351568,-0.45953,-0.138297,-0.137969,-0.999564,-0.0974486,-0.132138,-0.661401,0.138867,0.111131,-1.09204,0.120178,0.209466,-0.0319516,-0.13752,-0.165932,-0.468366,-0.115416,-0.139764,-0.966718,0.0458807,-0.0188084,-0.907404,-0.171423,-0.12102,-0.749139,0.25127,0.127177,-2.07023,-0.419223,-0.330764,-0.45953,0.249199,0.218666,-0.999564,0.265083,0.291087,-0.255741,0.149337,0.16645,-1.09204,-0.213249,-0.143846,-0.0319516,0.403722,0.389268,-0.468366,0.216913,0.215287,-0.966718,0.0985416,0.136569,-0.907404,0.113549,0.125004,-0.749139,-0.525076,-0.353408,-2.07023,-0.120158,-0.250659,-0.45953,0.135609,0.128538,-0.999564,-0.0706023,0.0063657,-0.255741,0.317914,0.222494,-0.661401,-0.24393,-0.0930516,-0.0319516,0.0793371,-0.0145664,-0.468366,-0.128637,-0.0299966,-0.966718,-0.742805,-0.59654,-0.907404,0.0467003,-0.0319127,-0.749139,0.0373748,0.262265,-2.07023,0.0383289,0.0283946,-0.45953,-0.0167388,-0.0154671,-0.999564,-0.0187783,-0.0206261,-0.255741,-0.0179145,-0.0197661,-0.661401,0.0224986,0.0250987,-1.09204,0.000538843,0.00171524,-0.468366,-0.0179345,-0.0183408,-0.966718,-0.010446,-0.0182052,-0.907404,-0.0156827,-0.0153479,-0.749139,0.0309126,0.0212126,-2.07023,1.09855,0.849818,-0.45953,-0.353241,-0.345758,-0.999564,-0.430617,-0.459516,-0.255741,-0.495796,-0.541901,-0.661401,0.539889,0.542602,-1.09204,-0.149553,0.0380934,-0.0319516,-0.51529,-0.596481,-0.966718,-0.294282,-0.454665,-0.907404,-0.40663,-0.367578,-0.749139,0.854939,0.607377,-2.07023,0.550294,0.15488,-0.45953,0.0263745,0.0022877,-0.999564,-0.342001,-0.258964,-0.255741,0.0712139,-0.0714894,-0.661401,-0.00249292,0.176722,-1.09204,-1.07682,-0.992845,-0.0319516,-0.242603,-0.359691,-0.468366,-0.353794,-0.284615,-0.907404,-0.155979,-0.272154,-0.749139,0.225786,0.381642,-2.07023,2.29737,1.82339,-0.45953,-0.641757,-0.702866,-0.999564,-0.809826,-0.929573,-0.255741,-1.06987,-1.20146,-0.661401,0.76832,0.839192,-1.09204,-0.421449,0.0224281,-0.0319516,-1.08712,-1.26632,-0.468366,-0.903683,-0.955628,-0.966718,-0.688613,-1.11303,-0.749139,1.59691,1.17412,-2.07023,-0.326818,-0.359901,-0.45953,0.237283,0.221138,-0.999564,0.0435884,0.0991337,-0.255741,0.118631,0.126299,-0.661401,-0.177791,-0.1729,-1.09204,0.420863,0.250737,-0.0319516,0.124302,0.192916,-0.468366,0.170691,0.153186,-0.966718,0.241497,0.196218,-0.907404,0.102561,0.124204
-0.434216,0.788609,0.823945,-0.949374,0.481109,0.645458,-0.246576,1.24797,1.2907,-0.639756,-0.684198,-0.574693,-1.0676,-0.163271,-0.710282,-0.0307005,0.685072,0.899527,-0.441295,0.607564,0.746162,-0.935216,-0.0399775,0.275703,-0.851823,0.881184,0.664026,-0.729541,-1.88228,-1.28515,-2.02182,0.655157,0.76117,-0.949374,-0.185764,-0.265794,-0.246576,-0.462593,-0.420278,-0.639756,0.488103,0.448454,-1.0676,0.296461,0.44466,-0.0307005,-0.342501,-0.389473,-0.441295,-0.204529,-0.262775,-0.935216,0.172134,0.0642157,-0.851823,-0.250693,-0.197387,-0.729541,0.931147,0.697838,-2.02182,1.73303,1.29825,-0.434216,-0.578917,-0.599342,-0.246576,-0.815592,-0.897782,-0.639756,1.15999,1.19962,-1.0676,0.151686,0.263751,-0.0307005,-1.18128,-1.17603,-0.441295,-0.793443,-0.789617,-0.935216,-0.446348,-0.717781,-0.851823,-0.675355,-0.610286,-0.729541,1.15812,0.719078,-2.02182,0.362491,0.343361,-0.434216,-0.124878,-0.130592,-0.949374,-0.100003,-0.125542,-0.639756,0.136882,0.107436,-1.0676,0.122326,0.204775,-0.0307005,-0.128962,-0.159227,-0.441295,-0.105818,-0.131887,-0.935216,0.0455517,-0.0179859,-0.851823,-0.169649,-0.113437,-0.729541,0.240547,0.123981,-2.02182,-0.398961,-0.323982,-0.434216,0.237175,0.205142,-0.949374,0.2329,0.275025,-0.246576,0.128564,0.159038,-1.0676,-0.181686,-0.141571,-0.0307005,0.379381,0.372321,-0.441295,0.172333,0.201207,-0.935216,0.105826,0.130534,-0.851823,0.106801,0.114842,-0.729541,-0.518014,-0.345281,-2.02182,-0.122963,-0.245462,-0.434216,0.121559,0.120321,-0.949374,-0.0629521,0.00454327,-0.246576,0.302577,0.213588,-0.639756,-0.253229,-0.0908998,-0.0307005,0.0701363,-0.0152383,-0.441295,-0.164378,-0.0300936,-0.935216,-0.72231,-0.577786,-0.851823,0.0671757,-0.0319054,-0.729541,0.0428714,0.254511,-2.02182,0.0372405,0.0277232,-0.434216,-0.0157073,-0.0146681,-0.949374,-0.0173292,-0.0196352,-0.246576,-0.0173737,-0.0190697,-0.639756,0.0221326,0.0242213,-1.0676,-0.000229427,0.00167848,-0.441295,-0.0157574,-0.0173428,-0.935216,-0.0101316,-0.0175967,-0.851823,-0.0150695,-0.0144242,-0.729541,0.029952,0.0206565,-2.02182,1.07144,0.830407,-0.434216,-0.325867,-0.326373,-0.949374,-0.407879,-0.43602,-0.246576,-0.473761,-0.521787,-0.639756,0.520413,0.524682,-1.0676,-0.154063,0.0379629,-0.0307005,-0.491899,-0.571948,-0.935216,-0.282516,-0.438489,-0.851823,-0.389568,-0.343691,-0.729541,0.826727,0.592217,-2.02182,0.538007,0.150773,-0.434216,0.0162615,0.00124399,-0.949374,-0.308464,-0.247459,-0.246576,0.05941,-0.0696188,-0.639756,-0.0157382,0.16988,-1.0676,-1.07055,-0.970376,-0.0307005,-0.240577,-0.346365,-0.441295,-0.354576,-0.270207,-0.851823,-0.126062,-0.256982,-0.729541,0.219409,0.371103,-2.02182,2.25096,1.78065,-0.434216,-0.588768,-0.665642,-0.949374,-0.776251,-0.884058,-0.246576,-1.0483,-1.15857,-0.639756,0.744837,0.810536,-1.0676,-0.411466,0.0224498,-0.0307005,-1.05353,-1.21601,-0.441295,-0.829104,-0.902708,-0.935216,-0.652109,-1.0753,-0.729541,1.53419,1.14377,-2.02182,-0.30694,-0.351494,-0.434216,0.242641,0.209502,-0.949374,0.0443041,0.094118,-0.246576,0.112361,0.12167,-0.639756,-0.163525,-0.167033,-1.0676,0.39578,0.244821,-0.0307005,0.133884,0.185162,-0.441295,0.176036,0.144588,-0.935216,0.239778,0.189507,-0.851823,0.0904251,0.116436
-0.408902,0.728878,0.777717,-0.899183,0.501363,0.611491,-0.237411,1.20378,1.2427,-0.618111,-0.667456,-0.554927,-1.04316,-0.204953,-0.694272,-0.0294494,0.664376,0.861726,-0.414224,0.578964,0.701709,-0.903714,-0.0481089,0.265143,-0.796241,0.828478,0.61984,-0.709943,-1.79477,-1.2512,-1.97341,0.629694,0.74349,-0.899183,-0.190215,-0.25074,-0.237411,-0.430095,-0.403779,-0.618111,0.473203,0.433378,-1.04316,0.300091,0.434978,-0.0294494,-0.339029,-0.37227,-0.414224,-0.174818,-0.245797,-0.903714,0.166827,0.0631894,-0.796241,-0.241075,-0.182671,-0.709943,0.897586,0.679869,-1.97341,1.68349,1.26792,-0.408902,-0.513321,-0.564191,-0.237411,-0.76327,-0.863339,-0.618111,1.15341,1.15781,-1.04316,0.101908,0.258737,-0.0294494,-1.12828,-1.12621,-0.414224,-0.700852,-0.741565,-0.903714,-0.435105,-0.691365,-0.796241,-0.650796,-0.568272,-0.709943,1.12464,0.700993,-1.97341,0.356344,0.335154,-0.408902,-0.111287,-0.123215,-0.899183,-0.101836,-0.118946,-0.618111,0.134996,0.103742,-1.04316,0.1247,0.200084,-0.0294494,-0.1216,-0.152522,-0.414224,-0.0967602,-0.12401,-0.903714,0.0452226,-0.0171635,-0.796241,-0.159716,-0.105855,-0.709943,0.229824,0.120784,-1.97341,-0.378698,-0.3172,-0.408902,0.225574,0.191618,-0.899183,0.204324,0.258964,-0.237411,0.108241,0.151627,-1.04316,-0.150811,-0.139297,-0.0294494,0.355955,0.355374,-0.414224,0.128127,0.187127,-0.903714,0.11311,0.124498,-0.796241,0.106413,0.104679,-0.709943,-0.510952,-0.337154,-1.97341,-0.125767,-0.240264,-0.408902,0.107898,0.112103,-0.899183,-0.0545169,0.00272085,-0.237411,0.287406,0.204683,-0.618111,-0.247139,-0.088748,-0.0294494,0.0602636,-0.0159102,-0.414224,-0.196913,-0.0301906,-0.903714,-0.701815,-0.559032,-0.796241,0.0564997,-0.0318981,-0.709943,0.048368,0.246758,-1.97341,0.0361522,0.0270517,-0.408902,-0.0146676,-0.0138692,-0.899183,-0.0160395,-0.0186443,-0.237411,-0.0168935,-0.0183732,-0.618111,0.0222779,0.0233439,-1.04316,-0.000985827,0.00164172,-0.414224,-0.0136125,-0.0163449,-0.903714,-0.0098173,-0.0169881,-0.796241,-0.0145947,-0.0135005,-0.709943,0.0289914,0.0201003,-1.97341,1.04433,0.810997,-0.408902,-0.298502,-0.306988,-0.899183,-0.385082,-0.412523,-0.237411,-0.451929,-0.501674,-0.618111,0.510008,0.506762,-1.04316,-0.157023,0.0378325,-0.0294494,-0.469934,-0.547415,-0.903714,-0.270751,-0.422314,-0.796241,-0.370159,-0.319804,-0.709943,0.798514,0.577058,-1.97341,0.525721,0.146666,-0.408902,0.00646364,0.000200268,-0.899183,-0.276047,-0.235954,-0.237411,0.0467597,-0.0677482,-0.618111,-0.00455754,0.163038,-1.04316,-1.0632,-0.947906,-0.0294494,-0.236951,-0.333039,-0.414224,-0.353278,-0.255799,-0.796241,-0.131524,-0.24181,-0.709943,0.213031,0.360563,-1.97341,2.20455,1.7379,-0.408902,-0.53655,-0.628418,-0.899183,-0.744502,-0.838543,-0.237411,-1.02831,-1.11568,-0.618111,0.749749,0.78188,-1.04316,-0.399948,0.0224716,-0.0294494,-1.01933,-1.1657,-0.414224,-0.75583,-0.849788,-0.903714,-0.615606,-1.03756,-0.709943,1.47148,1.11343,-1.97341,-0.287061,-0.343088,-0.408902,0.246457,0.197866,-0.899183,0.0457649,0.0891023,-0.237411,0.104554,0.117041,-0.618111,-0.14776,-0.161167,-1.04316,0.370537,0.238906,-0.0294494,0.143537,0.177407,-0.414224,0.18068,0.13599,-0.903714,0.238059,0.182796,-0.796241,0.0821645,0.108668
-0.383589,0.66715,0.731489,-0.848992,0.507868,0.577525,-0.228246,1.15763,1.19471,-0.596467,-0.650953,-0.535161,-1.01872,-0.247514,-0.678261,-0.0281983,0.651743,0.823925,-0.387153,0.576727,0.657257,-0.872212,-0.0562403,0.254584,-0.74066,0.753599,0.575655,-0.690345,-1.70725,-1.21726,-1.925,0.604231,0.72581,-0.848992,-0.191995,-0.235687,-0.228246,-0.395662,-0.38728,-0.596467,0.45813,0.418303,-1.01872,0.303649,0.425296,-0.0281983,-0.339535,-0.355066,-0.387153,-0.157989,-0.228818,-0.872212,0.161521,0.0621631,-0.74066,-0.223329,-0.167955,-0.690345,0.864025,0.6619,-1.925,1.63396,1.23758,-0.383589,-0.451966,-0.529041,-0.228246,-0.718111,-0.828896,-0.596467,1.14858,1.11601,-1.01872,0.0561137,0.253724,-0.0281983,-1.07215,-1.07639,-0.387153,-0.603084,-0.693512,-0.872212,-0.423861,-0.66495,-0.74066,-0.619492,-0.526257,-0.690345,1.09117,0.682908,-1.925,0.350198,0.326947,-0.383589,-0.0975321,-0.115838,-0.848992,-0.101246,-0.11235,-0.596467,0.133115,0.100048,-1.01872,0.127382,0.195393,-0.0281983,-0.115895,-0.145817,-0.387153,-0.093081,-0.116133,-0.872212,0.0448936,-0.016341,-0.74066,-0.144115,-0.0982722,-0.690345,0.219101,0.117588,-1.925,-0.358436,-0.310419,-0.383589,0.214367,0.178094,-0.848992,0.184823,0.242903,-0.228246,0.0887857,0.144215,-1.01872,-0.121346,-0.137023,-0.0281983,0.333956,0.338426,-0.387153,0.0880641,0.173047,-0.872212,0.120395,0.118462,-0.74066,0.10882,0.0945156,-0.690345,-0.503889,-0.329026,-1.925,-0.128572,-0.235067,-0.383589,0.0945478,0.103885,-0.848992,-0.0458509,0.000898425,-0.228246,0.272561,0.195778,-0.596467,-0.239937,-0.0865962,-0.0281983,0.0497503,-0.0165821,-0.387153,-0.197179,-0.0302875,-0.872212,-0.681319,-0.540278,-0.74066,0.0250966,-0.0318908,-0.690345,0.0538646,0.239004,-1.925,0.0350638,0.0263803,-0.383589,-0.0136256,-0.0130702,-0.848992,-0.0151316,-0.0176534,-0.228246,-0.0165107,-0.0176768,-0.596467,0.022459,0.0224666,-1.01872,-0.00171134,0.00160496,-0.387153,-0.011809,-0.015347,-0.872212,-0.00950297,-0.0163796,-0.74066,-0.0141479,-0.0125768,-0.690345,0.0280308,0.0195442,-1.925,1.01722,0.791586,-0.383589,-0.271217,-0.287603,-0.848992,-0.362332,-0.389026,-0.228246,-0.430495,-0.48156,-0.596467,0.500249,0.488843,-1.01872,-0.157451,0.0377021,-0.0281983,-0.450003,-0.522883,-0.872212,-0.258986,-0.406139,-0.74066,-0.348097,-0.295918,-0.690345,0.770302,0.561898,-1.925,0.513434,0.142559,-0.383589,-0.00284405,-0.00084345,-0.848992,-0.249023,-0.224448,-0.228246,0.0326933,-0.0658776,-0.596467,0.00837466,0.156195,-1.01872,-1.05389,-0.925436,-0.0281983,-0.23113,-0.319713,-0.387153,-0.331315,-0.241392,-0.74066,-0.16014,-0.226637,-0.690345,0.206654,0.350024,-1.925,2.15815,1.69516,-0.383589,-0.485545,-0.591194,-0.848992,-0.716259,-0.793028,-0.228246,-1.01093,-1.07278,-0.596467,0.756678,0.753224,-1.01872,-0.385873,0.0224933,-0.0281983,-0.984264,-1.11539,-0.387153,-0.696022,-0.796867,-0.872212,-0.579103,-0.999821,-0.690345,1.40876,1.08309,-1.925,-0.267182,-0.334681,-0.383589,0.248019,0.18623,-0.848992,0.0485695,0.0840866,-0.228246,0.0941576,0.112412,-0.596467,-0.131895,-0.1553,-1.01872,0.345244,0.232991,-0.0281983,0.15293,0.169652,-0.387153,0.178262,0.127391,-0.872212,0.23634,0.176085,-0.74066,0.0771142,0.1009
-0.358275,0.603227,0.68526,-0.798801,0.504493,0.543559,-0.219081,1.1102,1.14672,-0.574822,-0.63445,-0.515395,-0.99428,-0.290075,-0.66225,-0.0269473,0.645088,0.786123,-0.360082,0.589624,0.612805,-0.84071,-0.060753,0.244024,-0.685079,0.667208,0.531469,-0.670747,-1.61974,-1.18331,-1.8766,0.578767,0.70813,-0.798801,-0.191672,-0.220633,-0.219081,-0.360183,-0.370782,-0.574822,0.443056,0.403227,-0.99428,0.307208,0.415615,-0.0269473,-0.342531,-0.337863,-0.360082,-0.150537,-0.21184,-0.84071,0.155581,0.0611368,-0.685079,-0.200671,-0.153239,-0.670747,0.830464,0.643931,-1.8766,1.58442,1.20725,-0.358275,-0.395986,-0.493891,-0.219081,-0.678526,-0.794453,-0.574822,1.14374,1.07421,-0.99428,0.0103194,0.248711,-0.0269473,-1.0145,-1.02657,-0.360082,-0.505826,-0.645459,-0.84071,-0.41473,-0.638534,-0.685079,-0.580518,-0.484243,-0.670747,1.05769,0.664823,-1.8766,0.344052,0.318739,-0.358275,-0.0836423,-0.10846,-0.798801,-0.098917,-0.105754,-0.574822,0.131233,0.0963538,-0.99428,0.130064,0.190702,-0.0269473,-0.111589,-0.139112,-0.360082,-0.0926858,-0.108255,-0.84071,0.0439265,-0.0155186,-0.685079,-0.125352,-0.0906897,-0.670747,0.208379,0.114392,-1.8766,-0.338174,-0.303637,-0.358275,0.20346,0.16457,-0.798801,0.1714,0.226842,-0.219081,0.0702783,0.136803,-0.99428,-0.0918808,-0.134749,-0.0269473,0.313358,0.321479,-0.360082,0.0534564,0.158967,-0.84071,0.125593,0.112427,-0.685079,0.111034,0.0843526,-0.670747,-0.496827,-0.320899,-1.8766,-0.131377,-0.229869,-0.358275,0.0813632,0.095667,-0.798801,-0.0373844,-0.000923999,-0.219081,0.257993,0.186873,-0.574822,-0.232735,-0.0844444,-0.0269473,0.0391839,-0.017254,-0.360082,-0.175651,-0.0303845,-0.84071,-0.658501,-0.521524,-0.685079,-0.0167421,-0.0318835,-0.670747,0.0593612,0.231251,-1.8766,0.0339755,0.0257089,-0.358275,-0.0125894,-0.0122713,-0.798801,-0.0144749,-0.0166625,-0.219081,-0.0161782,-0.0169804,-0.574822,0.0226401,0.0215892,-0.99428,-0.00243685,0.00156819,-0.360082,-0.0103415,-0.0143491,-0.84071,-0.00930501,-0.015771,-0.685079,-0.0136425,-0.0116531,-0.670747,0.0270702,0.018988,-1.8766,0.990103,0.772176,-0.358275,-0.244093,-0.268219,-0.798801,-0.339676,-0.365529,-0.219081,-0.409466,-0.461446,-0.574822,0.49049,0.470923,-0.99428,-0.157879,0.0375716,-0.0269473,-0.431896,-0.49835,-0.84071,-0.249885,-0.389963,-0.685079,-0.323443,-0.272031,-0.670747,0.742089,0.546738,-1.8766,0.501148,0.138451,-0.358275,-0.0115014,-0.00188717,-0.798801,-0.226129,-0.212943,-0.219081,0.0177157,-0.064007,-0.574822,0.0213068,0.149353,-0.99428,-1.04458,-0.902966,-0.0269473,-0.223754,-0.306387,-0.360082,-0.296841,-0.226984,-0.685079,-0.200019,-0.211465,-0.670747,0.200277,0.339484,-1.8766,2.11174,1.65241,-0.358275,-0.436159,-0.553969,-0.798801,-0.690119,-0.747514,-0.219081,-0.994987,-1.02989,-0.574822,0.763606,0.724568,-0.99428,-0.371797,0.0225151,-0.0269473,-0.94891,-1.06508,-0.360082,-0.647214,-0.743947,-0.84071,-0.548559,-0.962083,-0.670747,1.34604,1.05275,-1.8766,-0.247303,-0.326274,-0.358275,0.246715,0.174594,-0.798801,0.0521674,0.0790709,-0.219081,0.0820289,0.107783,-0.574822,-0.116031,-0.149433,-0.99428,0.319952,0.227075,-0.0269473,0.161341,0.161898,-0.360082,0.17097,0.118793,-0.84071,0.232753,0.169373,-0.685079,0.0743882,0.093132
-0.332961,0.53735,0.639032,-0.748611,0.501117,0.509593,-0.209916,1.06208,1.09872,-0.553177,-0.617947,-0.495629,-0.96984,-0.332637,-0.64624,-0.0256962,0.64192,0.748322,-0.333011,0.606864,0.568353,-0.809208,-0.0612914,0.233464,-0.629497,0.576598,0.487284,-0.65115,-1.53223,-1.14937,-1.82819,0.553304,0.69045,-0.748611,-0.191349,-0.205579,-0.209916,-0.324484,-0.354283,-0.553177,0.427983,0.388152,-0.96984,0.310766,0.405933,-0.0256962,-0.346521,-0.32066,-0.333011,-0.147107,-0.194862,-0.809208,0.148982,0.0601105,-0.629497,-0.174884,-0.138522,-0.65115,0.796903,0.625963,-1.82819,1.53488,1.17692,-0.332961,-0.345615,-0.458741,-0.209916,-0.643237,-0.76001,-0.553177,1.1389,1.0324,-0.96984,-0.035475,0.243698,-0.0256962,-0.956715,-0.976755,-0.333011,-0.411191,-0.597407,-0.809208,-0.4079,-0.612118,-0.629497,-0.530723,-0.442228,-0.65115,1.02422,0.646738,-1.82819,0.337906,0.310532,-0.332961,-0.0696832,-0.101083,-0.748611,-0.096588,-0.0991587,-0.553177,0.129352,0.0926596,-0.96984,0.132746,0.186011,-0.0256962,-0.108262,-0.132406,-0.333011,-0.0933665,-0.100378,-0.809208,0.0422583,-0.0146961,-0.629497,-0.105008,-0.0831072,-0.65115,0.197656,0.111196,-1.82819,-0.317912,-0.296856,-0.332961,0.192719,0.151046,-0.748611,0.157976,0.210781,-0.209916,0.0529154,0.129392,-0.96984,-0.0624158,-0.132474,-0.0256962,0.293894,0.304532,-0.333011,0.0225794,0.144887,-0.809208,0.128416,0.106391,-0.629497,0.110015,0.0741897,-0.65115,-0.489765,-0.312772,-1.82819,-0.134182,-0.224672,-0.332961,0.0681873,0.0874492,-0.748611,-0.028918,-0.00274642,-0.209916,0.243643,0.177968,-0.553177,-0.225533,-0.0822925,-0.0256962,0.0289831,-0.0179258,-0.333011,-0.145707,-0.0304815,-0.809208,-0.633194,-0.50277,-0.629497,-0.0617818,-0.0318762,-0.65115,0.0648578,0.223497,-1.82819,0.0328871,0.0250375,-0.332961,-0.0115657,-0.0114723,-0.748611,-0.0138183,-0.0156716,-0.209916,-0.0158504,-0.0162839,-0.553177,0.0228213,0.0207118,-0.96984,-0.00316235,0.00153143,-0.333011,-0.00906644,-0.0133511,-0.809208,-0.00922649,-0.0151625,-0.629497,-0.0129747,-0.0107294,-0.65115,0.0261096,0.0184319,-1.82819,0.96299,0.752766,-0.332961,-0.217216,-0.248834,-0.748611,-0.31702,-0.342033,-0.209916,-0.388879,-0.441333,-0.553177,0.480731,0.453003,-0.96984,-0.158306,0.0374412,-0.0256962,-0.415156,-0.473817,-0.809208,-0.243706,-0.373788,-0.629497,-0.295504,-0.248144,-0.65115,0.713877,0.531578,-1.82819,0.488861,0.134344,-0.332961,-0.0195001,-0.00293089,-0.748611,-0.203234,-0.201437,-0.209916,0.00227968,-0.0621364,-0.553177,0.034239,0.142511,-0.96984,-1.03527,-0.880496,-0.0256962,-0.215559,-0.293062,-0.333011,-0.258309,-0.212576,-0.629497,-0.242571,-0.196293,-0.65115,0.1939,0.328944,-1.82819,2.06533,1.60967,-0.332961,-0.388604,-0.516745,-0.748611,-0.663979,-0.701999,-0.209916,-0.979273,-0.986992,-0.553177,0.770534,0.695912,-0.96984,-0.357722,0.0225368,-0.0256962,-0.913758,-1.01477,-0.333011,-0.603754,-0.691027,-0.809208,-0.524381,-0.924346,-0.65115,1.28332,1.0224,-1.82819,-0.227425,-0.317867,-0.332961,0.242441,0.162957,-0.748611,0.0557653,0.0740552,-0.209916,0.0689133,0.103154,-0.553177,-0.100166,-0.143567,-0.96984,0.294659,0.22116,-0.0256962,0.168422,0.154143,-0.333011,0.161691,0.110194,-0.809208,0.227113,0.162662,-0.629497,0.0737778,0.085364
-0.307648,0.470192,0.592804,-0.69842,0.488162,0.475626,-0.200752,1.01393,1.05073,-0.531532,-0.602026,-0.475863,-0.9454,-0.375198,-0.630229,-0.0244451,0.641642,0.710521,-0.30594,0.622274,0.523901,-0.777706,-0.0586618,0.222904,-0.573916,0.494279,0.443098,-0.631552,-1.44472,-1.11542,-1.77978,0.52784,0.672771,-0.69842,-0.188843,-0.190525,-0.200752,-0.289343,-0.337784,-0.531532,0.411535,0.373076,-0.9454,0.314325,0.396251,-0.0244451,-0.350473,-0.303457,-0.30594,-0.147765,-0.177884,-0.777706,0.141924,0.0590842,-0.573916,-0.149019,-0.123806,-0.631552,0.763342,0.607994,-1.77978,1.48535,1.14659,-0.307648,-0.301089,-0.423591,-0.200752,-0.610323,-0.725567,-0.531532,1.14421,0.990597,-0.9454,-0.0812693,0.238684,-0.0244451,-0.900239,-0.926937,-0.30594,-0.326209,-0.549354,-0.777706,-0.402873,-0.585702,-0.573916,-0.464647,-0.400214,-0.631552,0.990739,0.628653,-1.77978,0.33176,0.302325,-0.307648,-0.0558025,-0.093706,-0.69842,-0.092577,-0.0925629,-0.531532,0.126998,0.0889654,-0.9454,0.135428,0.181319,-0.0244451,-0.106052,-0.125701,-0.30594,-0.0941748,-0.0925013,-0.777706,0.0400301,-0.0138737,-0.573916,-0.0857929,-0.0755246,-0.631552,0.186933,0.107999,-1.77978,-0.29765,-0.290074,-0.307648,0.181982,0.137522,-0.69842,0.150131,0.19472,-0.200752,0.0366643,0.12198,-0.9454,-0.0329508,-0.1302,-0.0244451,0.275972,0.287584,-0.30594,-0.000465918,0.130807,-0.777706,0.129186,0.100355,-0.573916,0.100532,0.0640267,-0.631552,-0.482703,-0.304645,-1.77978,-0.136986,-0.219474,-0.307648,0.0548449,0.0792313,-0.69842,-0.020994,-0.00456885,-0.200752,0.229419,0.169062,-0.531532,-0.208807,-0.0801407,-0.0244451,0.0198345,-0.0185977,-0.30594,-0.109917,-0.0305784,-0.777706,-0.606025,-0.484016,-0.573916,-0.0976043,-0.0318689,-0.631552,0.0703544,0.215744,-1.77978,0.0317987,0.024366,-0.307648,-0.0105638,-0.0106733,-0.69842,-0.0133849,-0.0146807,-0.200752,-0.0154858,-0.0155875,-0.531532,0.0231639,0.0198345,-0.9454,-0.00388786,0.00149467,-0.30594,-0.00812705,-0.0123532,-0.777706,-0.00922739,-0.0145539,-0.573916,-0.0119656,-0.00980573,-0.631552,0.025149,0.0178757,-1.77978,0.935877,0.733355,-0.307648,-0.190836,-0.229449,-0.69842,-0.294616,-0.318536,-0.200752,-0.368688,-0.421219,-0.531532,0.475248,0.435083,-0.9454,-0.158734,0.0373108,-0.0244451,-0.400121,-0.449284,-0.777706,-0.23985,-0.357612,-0.573916,-0.263077,-0.224257,-0.631552,0.685665,0.516418,-1.77978,0.476575,0.130237,-0.307648,-0.0270066,-0.0039746,-0.69842,-0.184629,-0.189932,-0.200752,-0.013127,-0.0602658,-0.531532,0.060345,0.135668,-0.9454,-1.02596,-0.858026,-0.0244451,-0.206853,-0.279736,-0.30594,-0.219447,-0.198168,-0.573916,-0.273047,-0.18112,-0.631552,0.187523,0.318405,-1.77978,2.01892,1.56692,-0.307648,-0.343457,-0.479521,-0.69842,-0.639417,-0.656484,-0.200752,-0.962679,-0.944097,-0.531532,0.789724,0.667256,-0.9454,-0.343647,0.0225586,-0.0244451,-0.879473,-0.964466,-0.30594,-0.567559,-0.638107,-0.777706,-0.504937,-0.886609,-0.631552,1.22061,0.992061,-1.77978,-0.207546,-0.30946,-0.307648,0.235198,0.151321,-0.69842,0.0599886,0.0690395,-0.200752,0.0556565,0.0985248,-0.531532,-0.0846104,-0.1377,-0.9454,0.269367,0.215244,-0.0244451,0.172968,0.146388,-0.30594,0.150689,0.101596,-0.777706,0.219838,0.155951,-0.573916,0.0749329,0.077596
-0.282334,0.402978,0.546576,-0.648229,0.465205,0.44166,-0.191587,0.966269,1.00274,-0.509888,-0.585239,-0.456097,-0.920959,-0.417759,-0.614218,-0.0231941,0.641103,0.67272,-0.278869,0.63166,0.479449,-0.746204,-0.051577,0.212345,-0.518335,0.419636,0.398912,-0.611954,-1.35721,-1.08148,-1.73137,0.502377,0.655091,-0.648229,-0.183931,-0.175471,-0.191587,-0.255563,-0.321286,-0.509888,0.394783,0.358,-0.920959,0.317884,0.386569,-0.0231941,-0.351359,-0.286254,-0.278869,-0.149133,-0.160905,-0.746204,0.134181,0.0580579,-0.518335,-0.124274,-0.10909,-0.611954,0.729781,0.590025,-1.73137,1.43581,1.11626,-0.282334,-0.261343,-0.388441,-0.191587,-0.578957,-0.691124,-0.509888,1.14898,0.948793,-0.920959,-0.127064,0.233671,-0.0231941,-0.848698,-0.877118,-0.278869,-0.249291,-0.501301,-0.746204,-0.400324,-0.559286,-0.518335,-0.390693,-0.358199,-0.611954,0.957263,0.610568,-1.73137,0.325613,0.294118,-0.282334,-0.0421827,-0.0863288,-0.648229,-0.0868142,-0.0859671,-0.509888,0.12416,0.0852712,-0.920959,0.13811,0.176628,-0.0231941,-0.104835,-0.118996,-0.278869,-0.0941219,-0.0846242,-0.746204,0.0370236,-0.0130512,-0.518335,-0.0680023,-0.0679421,-0.611954,0.17621,0.104803,-1.73137,-0.277388,-0.283292,-0.282334,0.171042,0.123998,-0.648229,0.147831,0.178659,-0.191587,0.0218417,0.114568,-0.920959,-0.00348583,-0.127926,-0.0231941,0.260046,0.270637,-0.278869,-0.0184582,0.116727,-0.746204,0.127187,0.0943197,-0.518335,0.0860515,0.0538637,-0.611954,-0.475641,-0.296518,-1.73137,-0.139791,-0.214277,-0.282334,0.0411596,0.0710135,-0.648229,-0.0139575,-0.00639127,-0.191587,0.215285,0.160157,-0.509888,-0.18943,-0.0779889,-0.0231941,0.013252,-0.0192696,-0.278869,-0.0755887,-0.0306754,-0.746204,-0.576411,-0.465262,-0.518335,-0.125456,-0.0318616,-0.611954,0.075851,0.20799,-1.73137,0.0307104,0.0236946,-0.282334,-0.00958988,-0.00987438,-0.648229,-0.0131661,-0.0136898,-0.191587,-0.0150392,-0.014891,-0.509888,0.0234491,0.0189571,-0.920959,-0.00461337,0.00145791,-0.278869,-0.00737403,-0.0113553,-0.746204,-0.00932853,-0.0139454,-0.518335,-0.0107672,-0.00888204,-0.611954,0.0241884,0.0173196,-1.73137,0.908764,0.713945,-0.282334,-0.165185,-0.210065,-0.648229,-0.272633,-0.295039,-0.191587,-0.348978,-0.401106,-0.509888,0.470069,0.417163,-0.920959,-0.159161,0.0371803,-0.0231941,-0.386964,-0.424751,-0.746204,-0.239118,-0.341437,-0.518335,-0.228593,-0.20037,-0.611954,0.657452,0.501258,-1.73137,0.464288,0.12613,-0.282334,-0.0343841,-0.00501832,-0.648229,-0.170766,-0.178427,-0.191587,-0.0281003,-0.0583952,-0.509888,0.0888336,0.128826,-0.920959,-1.01665,-0.835556,-0.0231941,-0.198786,-0.26641,-0.278869,-0.184,-0.18376,-0.518335,-0.293653,-0.165948,-0.611954,0.181145,0.307865,-1.73137,1.97252,1.52418,-0.282334,-0.300955,-0.442297,-0.648229,-0.616074,-0.610969,-0.191587,-0.944032,-0.901203,-0.509888,0.808815,0.638601,-0.920959,-0.329571,0.0225803,-0.0231941,-0.847599,-0.914158,-0.278869,-0.534298,-0.585186,-0.746204,-0.491924,-0.848872,-0.611954,1.15789,0.961719,-1.73137,-0.187667,-0.301053,-0.282334,0.225709,0.139685,-0.648229,0.0647346,0.0640238,-0.191587,0.0428999,0.0938958,-0.509888,-0.0699582,-0.131834,-0.920959,0.244074,0.209329,-0.0231941,0.172655,0.138633,-0.278869,0.139661,0.0929974,-0.746204,0.210421,0.14924,-0.518335,0.0765881,0.069828
-0.25702,0.336568,0.500348,-0.598038,0.43606,0.407694,-0.182422,0.91993,0.954745,-0.488243,-0.567409,-0.436331,-0.896519,-0.46032,-0.598207,-0.021943,0.639254,0.634919,-0.251798,0.622725,0.434997,-0.714701,-0.0434611,0.201785,-0.462753,0.369177,0.354727,-0.592356,-1.2697,-1.04754,-1.68296,0.480348,0.637411,-0.598038,-0.177254,-0.160417,-0.182422,-0.224328,-0.304787,-0.488243,0.378012,0.342925,-0.896519,0.321442,0.376888,-0.021943,-0.349515,-0.269051,-0.251798,-0.148427,-0.143927,-0.714701,0.12628,0.0570316,-0.462753,-0.103958,-0.0943739,-0.592356,0.69622,0.572057,-1.68296,1.36422,1.08592,-0.25702,-0.225385,-0.353291,-0.182422,-0.547388,-0.656681,-0.488243,1.15093,0.906989,-0.896519,-0.172858,0.228658,-0.021943,-0.801087,-0.8273,-0.251798,-0.189055,-0.453249,-0.714701,-0.398349,-0.53287,-0.462753,-0.297504,-0.316185,-0.592356,0.923787,0.592483,-1.68296,0.318288,0.285911,-0.25702,-0.0289379,-0.0789517,-0.598038,-0.0799764,-0.0793713,-0.488243,0.120914,0.081577,-0.896519,0.140792,0.171937,-0.021943,-0.10409,-0.112291,-0.251798,-0.0910299,-0.0767471,-0.714701,0.0338371,-0.0122288,-0.462753,-0.0549936,-0.0603596,-0.592356,0.165487,0.101607,-1.68296,-0.252302,-0.276511,-0.25702,0.159768,0.110474,-0.598038,0.148368,0.162597,-0.182422,0.00875195,0.107157,-0.896519,0.0259792,-0.125652,-0.021943,0.245334,0.25369,-0.251798,-0.0279611,0.102647,-0.714701,0.124547,0.088284,-0.462753,0.0580408,0.0437008,-0.592356,-0.468579,-0.288391,-1.68296,-0.147875,-0.209079,-0.25702,0.0270264,0.0627956,-0.598038,-0.00815533,-0.00821369,-0.182422,0.20116,0.151252,-0.488243,-0.169342,-0.0758371,-0.021943,0.00857579,-0.0199415,-0.251798,-0.0525427,-0.0307724,-0.714701,-0.546231,-0.446508,-0.462753,-0.128612,-0.0318543,-0.592356,0.0813476,0.200236,-1.68296,0.0290886,0.0230232,-0.25702,-0.0086472,-0.00907542,-0.598038,-0.0130404,-0.0126989,-0.182422,-0.0144453,-0.0141946,-0.488243,0.0236383,0.0180797,-0.896519,-0.00533888,0.00142115,-0.251798,-0.00688282,-0.0103573,-0.714701,-0.00945282,-0.0133368,-0.462753,-0.00906977,-0.00795835,-0.592356,0.0232278,0.0167634,-1.68296,0.869379,0.694535,-0.25702,-0.140388,-0.19068,-0.598038,-0.25125,-0.271543,-0.182422,-0.329813,-0.380992,-0.488243,0.464274,0.399244,-0.896519,-0.159589,0.0370499,-0.021943,-0.374854,-0.400218,-0.714701,-0.239107,-0.325262,-0.462753,-0.189259,-0.176484,-0.592356,0.62924,0.486098,-1.68296,0.433437,0.122023,-0.25702,-0.0418942,-0.00606204,-0.598038,-0.160407,-0.166921,-0.182422,-0.0419987,-0.0565246,-0.488243,0.116949,0.121984,-0.896519,-1.00734,-0.813086,-0.021943,-0.191482,-0.253084,-0.251798,-0.160401,-0.169352,-0.462753,-0.284124,-0.150775,-0.592356,0.174768,0.297326,-1.68296,1.90238,1.48143,-0.25702,-0.261132,-0.405073,-0.598038,-0.592566,-0.565455,-0.182422,-0.921616,-0.858308,-0.488243,0.825109,0.609945,-0.896519,-0.315496,0.0226021,-0.021943,-0.817561,-0.863849,-0.251798,-0.503011,-0.532266,-0.714701,-0.480399,-0.811135,-0.592356,1.09517,0.931376,-1.68296,-0.171087,-0.292646,-0.25702,0.214595,0.128049,-0.598038,0.0695263,0.0590081,-0.182422,0.0316954,0.0892668,-0.488243,-0.0561937,-0.125967,-0.896519,0.218782,0.203414,-0.021943,0.168936,0.130879,-0.251798,0.130414,0.084399,-0.714701,0.20051,0.142529,-0.462753,0.0789496,0.06206
-0.231706,0.2723,0.45412,-0.547848,0.403598,0.373728,-0.173257,0.874813,0.906752,-0.466598,-0.54659,-0.416565,-0.872079,-0.502881,-0.582197,-0.0206919,0.636957,0.597117,-0.224727,0.584187,0.390545,-0.683199,-0.0341219,0.191225,-0.407172,0.338055,0.310541,-0.572758,-1.18219,-1.01359,-1.63455,0.4594,0.619731,-0.547848,-0.169523,-0.145363,-0.173257,-0.195255,-0.288288,-0.466598,0.361533,0.327849,-0.872079,0.325001,0.367206,-0.0206919,-0.347064,-0.251848,-0.224727,-0.14261,-0.126949,-0.683199,0.118136,0.0560053,-0.407172,-0.0876945,-0.0796578,-0.572758,0.662659,0.554088,-1.63455,1.28565,1.05559,-0.231706,-0.193456,-0.318141,-0.173257,-0.514931,-0.622238,-0.466598,1.14268,0.865185,-0.872079,-0.218652,0.223644,-0.0206919,-0.754283,-0.777481,-0.224727,-0.152746,-0.405196,-0.683199,-0.397013,-0.506454,-0.407172,-0.193175,-0.27417,-0.572758,0.890311,0.574398,-1.63455,0.310599,0.277703,-0.231706,-0.0163471,-0.0715745,-0.547848,-0.0725663,-0.0727756,-0.466598,0.116672,0.0778828,-0.872079,0.143474,0.167246,-0.0206919,-0.10339,-0.105586,-0.224727,-0.0828771,-0.06887,-0.683199,0.0304454,-0.0114063,-0.407172,-0.0460315,-0.0527771,-0.572758,0.154765,0.0984108,-1.63455,-0.225676,-0.269729,-0.231706,0.147876,0.0969496,-0.547848,0.150185,0.146536,-0.173257,-0.00308105,0.0997451,-0.872079,0.0554441,-0.123377,-0.0206919,0.230809,0.236742,-0.224727,-0.0265769,0.0885668,-0.683199,0.121302,0.0822484,-0.407172,0.0209752,0.0335378,-0.572758,-0.461516,-0.280264,-1.63455,-0.157788,-0.203882,-0.231706,0.01215,0.0545778,-0.547848,-0.00328967,-0.0100361,-0.173257,0.187006,0.142347,-0.466598,-0.149705,-0.0736853,-0.0206919,0.00426851,-0.0206134,-0.224727,-0.0503841,-0.0308693,-0.683199,-0.515494,-0.427754,-0.407172,-0.112258,-0.031847,-0.572758,0.0868442,0.192483,-1.63455,0.0272894,0.0223518,-0.231706,-0.00775117,-0.00827647,-0.547848,-0.0129488,-0.011708,-0.173257,-0.0137276,-0.0134981,-0.466598,0.023525,0.0172023,-0.872079,-0.00606439,0.00138438,-0.224727,-0.0066879,-0.00935941,-0.683199,-0.00959938,-0.0127283,-0.407172,-0.00704427,-0.00703465,-0.572758,0.0222672,0.0162073,-1.63455,0.825997,0.675124,-0.231706,-0.116918,-0.171295,-0.547848,-0.230323,-0.248046,-0.173257,-0.311029,-0.360878,-0.466598,0.455725,0.381324,-0.872079,-0.160016,0.0369195,-0.0206919,-0.362886,-0.375685,-0.683199,-0.239826,-0.309086,-0.407172,-0.147339,-0.152597,-0.572758,0.601028,0.470939,-1.63455,0.396317,0.117916,-0.231706,-0.0499011,-0.00710576,-0.547848,-0.152153,-0.155416,-0.173257,-0.0549225,-0.054654,-0.466598,0.140737,0.115141,-0.872079,-0.998031,-0.790616,-0.0206919,-0.184377,-0.239758,-0.224727,-0.156429,-0.154944,-0.407172,-0.250942,-0.135603,-0.572758,0.168391,0.286786,-1.63455,1.82424,1.43869,-0.231706,-0.225039,-0.367849,-0.547848,-0.568603,-0.51994,-0.173257,-0.896012,-0.815414,-0.466598,0.830702,0.581289,-0.872079,-0.30142,0.0226239,-0.0206919,-0.787886,-0.813541,-0.224727,-0.472127,-0.479346,-0.683199,-0.470542,-0.773397,-0.572758,1.03245,0.901034,-1.63455,-0.155577,-0.284239,-0.231706,0.201985,0.116413,-0.547848,0.0742308,0.0539924,-0.173257,0.0219527,0.0846378,-0.466598,-0.0447705,-0.1201,-0.872079,0.193489,0.197498,-0.0206919,0.164592,0.123124,-0.224727,0.124754,0.0758006,-0.683199,0.190152,0.135817,-0.407172,0.0812954,0.054292
-0.206393,0.211726,0.407892,-0.497657,0.370054,0.339761,-0.164092,0.832261,0.858759,-0.444953,-0.524486,-0.396799,-0.847638,-0.545442,-0.566186,-0.0194408,0.628023,0.559316,-0.197656,0.54565,0.346093,-0.651697,-0.0207617,0.180665,-0.351591,0.31764,0.266356,-0.55316,-1.09467,-0.979646,-1.58615,0.439445,0.602051,-0.497657,-0.161353,-0.130309,-0.164092,-0.170424,-0.27179,-0.444953,0.345266,0.312774,-0.847638,0.32856,0.357524,-0.0194408,-0.336212,-0.234645,-0.197656,-0.136793,-0.109971,-0.651697,0.109193,0.054979,-0.351591,-0.0739004,-0.0649416,-0.55316,0.629098,0.536119,-1.58615,1.20089,1.02526,-0.206393,-0.164798,-0.28299,-0.164092,-0.479469,-0.587795,-0.444953,1.12951,0.823381,-0.847638,-0.264447,0.218631,-0.0194408,-0.71845,-0.727662,-0.197656,-0.116436,-0.357143,-0.651697,-0.397779,-0.480038,-0.351591,-0.08512,-0.232156,-0.55316,0.856834,0.556313,-1.58615,0.302585,0.269496,-0.206393,-0.00467481,-0.0641973,-0.497657,-0.0649724,-0.0661798,-0.444953,0.112046,0.0741886,-0.847638,0.146156,0.162555,-0.0194408,-0.103145,-0.0988806,-0.197656,-0.0747242,-0.0609929,-0.651697,0.0263794,-0.0105839,-0.351591,-0.0394383,-0.0451946,-0.55316,0.144042,0.0952145,-1.58615,-0.197709,-0.262948,-0.206393,0.13508,0.0834255,-0.497657,0.152216,0.130475,-0.164092,-0.0128443,0.0923335,-0.847638,0.0849091,-0.121103,-0.0194408,0.218653,0.219795,-0.197656,-0.0251928,0.0744868,-0.651697,0.116067,0.0762127,-0.351591,-0.0200561,0.0233749,-0.55316,-0.454454,-0.272137,-1.58615,-0.169418,-0.198684,-0.206393,-0.00373482,0.04636,-0.497657,0.00103495,-0.0118585,-0.164092,0.172724,0.133442,-0.444953,-0.130882,-0.0715335,-0.0194408,0.00490799,-0.0212852,-0.197656,-0.0482256,-0.0309663,-0.651697,-0.48293,-0.409,-0.351591,-0.0852014,-0.0318397,-0.55316,0.0923408,0.184729,-1.58615,0.0253268,0.0216803,-0.206393,-0.0069135,-0.00747751,-0.497657,-0.0128547,-0.0107171,-0.164092,-0.0127704,-0.0128017,-0.444953,0.0232748,0.016325,-0.847638,-0.0067899,0.00134762,-0.197656,-0.00649299,-0.00836148,-0.651697,-0.00981915,-0.0121197,-0.351591,-0.0048765,-0.00611096,-0.55316,0.0213066,0.0156511,-1.58615,0.778993,0.655714,-0.206393,-0.0951626,-0.151911,-0.497657,-0.209661,-0.224549,-0.164092,-0.292842,-0.340765,-0.444953,0.445746,0.363404,-0.847638,-0.160444,0.036789,-0.0194408,-0.352624,-0.351152,-0.651697,-0.242941,-0.292911,-0.351591,-0.10475,-0.12871,-0.55316,0.572815,0.455779,-1.58615,0.35334,0.113808,-0.206393,-0.0588522,-0.00814947,-0.497657,-0.144781,-0.14391,-0.164092,-0.0658167,-0.0527834,-0.444953,0.161855,0.108299,-0.847638,-0.988722,-0.768147,-0.0194408,-0.180089,-0.226432,-0.197656,-0.152457,-0.140536,-0.351591,-0.204794,-0.120431,-0.55316,0.162014,0.276246,-1.58615,1.73858,1.39594,-0.206393,-0.193312,-0.330625,-0.497657,-0.544175,-0.474425,-0.164092,-0.864188,-0.772519,-0.444953,0.831022,0.552633,-0.847638,-0.287345,0.0226456,-0.0194408,-0.763105,-0.763232,-0.197656,-0.441242,-0.426426,-0.651697,-0.466171,-0.73566,-0.55316,0.969736,0.870692,-1.58615,-0.14108,-0.275832,-0.206393,0.188519,0.104777,-0.497657,0.0788113,0.0489767,-0.164092,0.0153376,0.0800088,-0.444953,-0.0343044,-0.114234,-0.847638,0.168197,0.191583,-0.0194408,0.151993,0.115369,-0.197656,0.119094,0.0672022,-0.651697,0.178325,0.129106,-0.351591,0.0833309,0.046524
-0.181079,0.15527,0.361664,-0.447466,0.33375,0.305795,-0.154927,0.791514,0.810766,-0.423309,-0.498941,-0.377033,-0.823198,-0.588003,-0.550175,-0.0181898,0.611649,0.521515,-0.170585,0.486167,0.301641,-0.620195,-0.00454288,0.170106,-0.296009,0.305165,0.22217,-0.533562,-1.00716,-0.945701,-1.53774,0.420699,0.584371,-0.447466,-0.151821,-0.115255,-0.154927,-0.14853,-0.255291,-0.423309,0.329611,0.297698,-0.823198,0.332118,0.347842,-0.0181898,-0.317523,-0.217442,-0.170585,-0.126684,-0.0929924,-0.620195,0.0994579,0.0539528,-0.296009,-0.0624032,-0.0502254,-0.533562,0.595537,0.51815,-1.53774,1.11021,0.994927,-0.181079,-0.138167,-0.24784,-0.154927,-0.44168,-0.553352,-0.423309,1.10288,0.781577,-0.823198,-0.310241,0.213618,-0.0181898,-0.692181,-0.677844,-0.170585,-0.0968093,-0.309091,-0.620195,-0.399876,-0.453622,-0.296009,0.0206351,-0.190141,-0.533562,0.823358,0.538228,-1.53774,0.294195,0.261289,-0.181079,0.00606552,-0.0568201,-0.447466,-0.056918,-0.059584,-0.423309,0.106414,0.0704944,-0.823198,0.148838,0.157864,-0.0181898,-0.10284,-0.0921755,-0.170585,-0.063034,-0.0531159,-0.620195,0.0218684,-0.00976141,-0.296009,-0.0348683,-0.037612,-0.533562,0.133319,0.0920183,-1.53774,-0.168665,-0.256166,-0.181079,0.121349,0.0699014,-0.447466,0.154263,0.114414,-0.154927,-0.0212906,0.0849218,-0.823198,0.114374,-0.118829,-0.0181898,0.208072,0.202848,-0.170585,-0.0170663,0.0604069,-0.620195,0.110046,0.070177,-0.296009,-0.0618542,0.0132119,-0.533562,-0.447392,-0.26401,-1.53774,-0.182582,-0.193487,-0.181079,-0.0206241,0.0381421,-0.447466,0.00336971,-0.013681,-0.154927,0.158322,0.124536,-0.423309,-0.114545,-0.0693816,-0.0181898,0.00955838,-0.0219571,-0.170585,-0.0611006,-0.0310633,-0.620195,-0.449523,-0.390246,-0.296009,-0.0504129,-0.0318324,-0.533562,0.0978374,0.176976,-1.53774,0.0232052,0.0210089,-0.181079,-0.00613117,-0.00667855,-0.447466,-0.0127191,-0.0097262,-0.154927,-0.0116521,-0.0121053,-0.423309,0.022655,0.0154476,-0.823198,-0.00751541,0.00131086,-0.170585,-0.00645975,-0.00736355,-0.620195,-0.0100707,-0.0115112,-0.296009,-0.00268492,-0.00518727,-0.533562,0.020346,0.015095,-1.53774,0.72847,0.636303,-0.181079,-0.0750645,-0.132526,-0.447466,-0.189977,-0.201053,-0.154927,-0.275022,-0.320651,-0.423309,0.431816,0.345484,-0.823198,-0.160871,0.0366586,-0.0181898,-0.343229,-0.326619,-0.620195,-0.247246,-0.276735,-0.296009,-0.0632478,-0.104823,-0.533562,0.544603,0.440619,-1.53774,0.304548,0.109701,-0.181079,-0.0688946,-0.00919319,-0.447466,-0.140164,-0.132405,-0.154927,-0.0752523,-0.0509127,-0.423309,0.175421,0.101457,-0.823198,-0.979413,-0.745677,-0.0181898,-0.178689,-0.213107,-0.170585,-0.162024,-0.126128,-0.296009,-0.149304,-0.105258,-0.533562,0.155637,0.265707,-1.53774,1.64522,1.3532,-0.181079,-0.165543,-0.2934,-0.447466,-0.517747,-0.428911,-0.154927,-0.828081,-0.729624,-0.423309,0.8169,0.523977,-0.823198,-0.27327,0.0226674,-0.0181898,-0.742393,-0.712924,-0.170585,-0.409989,-0.373506,-0.620195,-0.465327,-0.697923,-0.533562,0.907019,0.840349,-1.53774,-0.127869,-0.267425,-0.181079,0.174855,0.0931409,-0.447466,0.0828285,0.043961,-0.154927,0.0109643,0.0753798,-0.423309,-0.0263748,-0.108367,-0.823198,0.142904,0.185667,-0.0181898,0.132819,0.107615,-0.170585,0.115974,0.0586038,-0.620195,0.16602,0.122395,-0.296009,0.0845108,0.038756
-0.155765,0.103783,0.315436,-0.397275,0.298439,0.271829,-0.145762,0.753165,0.762773,-0.401664,-0.469569,-0.357266,-0.798758,-0.62236,-0.534165,-0.0169387,0.589964,0.483714,-0.143514,0.415828,0.257189,-0.588693,0.0125976,0.159546,-0.240428,0.29379,0.177984,-0.513964,-0.919651,-0.911757,-1.48933,0.402627,0.566691,-0.397275,-0.141376,-0.100201,-0.145762,-0.130542,-0.238792,-0.401664,0.314758,0.282623,-0.798758,0.333272,0.338161,-0.0169387,-0.293747,-0.200238,-0.143514,-0.114279,-0.0760142,-0.588693,0.0894678,0.0529265,-0.240428,-0.0520737,-0.0355092,-0.513964,0.561977,0.500182,-1.48933,1.0165,0.964595,-0.155765,-0.1131,-0.21269,-0.145762,-0.400722,-0.518908,-0.401664,1.06054,0.739773,-0.798758,-0.338499,0.208605,-0.0169387,-0.671501,-0.628025,-0.143514,-0.0858405,-0.261038,-0.588693,-0.402402,-0.427206,-0.240428,0.116829,-0.148127,-0.513964,0.789882,0.520143,-1.48933,0.285599,0.253082,-0.155765,0.0157318,-0.0494429,-0.397275,-0.0490755,-0.0529882,-0.401664,0.0997232,0.0668002,-0.798758,0.150987,0.153173,-0.0169387,-0.102287,-0.0854703,-0.143514,-0.0495191,-0.0452388,-0.588693,0.017214,-0.00893896,-0.240428,-0.0310642,-0.0300295,-0.513964,0.122596,0.0888221,-1.48933,-0.139116,-0.249384,-0.155765,0.106529,0.0563774,-0.397275,0.153259,0.0983529,-0.145762,-0.0281667,0.0775102,-0.798758,0.135311,-0.116555,-0.0169387,0.198323,0.1859,-0.143514,-0.00554288,0.0463269,-0.588693,0.10377,0.0641414,-0.240428,-0.0997902,0.00304892,-0.513964,-0.44033,-0.255883,-1.48933,-0.196502,-0.188289,-0.155765,-0.0386596,0.0299243,-0.397275,0.00291364,-0.0155034,-0.145762,0.14368,0.115631,-0.401664,-0.101851,-0.0672298,-0.0169387,0.0161266,-0.022629,-0.143514,-0.0817636,-0.0311602,-0.588693,-0.415845,-0.371492,-0.240428,-0.0149311,-0.0318251,-0.513964,0.103334,0.169222,-1.48933,0.0210021,0.0203375,-0.155765,-0.0054103,-0.0058796,-0.397275,-0.0123958,-0.0087353,-0.145762,-0.0103355,-0.0114088,-0.401664,0.0216146,0.0145702,-0.798758,-0.00795386,0.0012741,-0.143514,-0.0065052,-0.00636562,-0.588693,-0.0103324,-0.0109026,-0.240428,-0.000639177,-0.00426357,-0.513964,0.0193854,0.0145388,-1.48933,0.676141,0.616893,-0.155765,-0.0568281,-0.113141,-0.397275,-0.171671,-0.177556,-0.145762,-0.257612,-0.300537,-0.401664,0.413145,0.327565,-0.798758,-0.156033,0.0365282,-0.0169387,-0.334113,-0.302086,-0.588693,-0.251935,-0.26056,-0.240428,-0.0247844,-0.0809364,-0.513964,0.516391,0.425459,-1.48933,0.252751,0.105594,-0.155765,-0.0802743,-0.0102369,-0.397275,-0.137463,-0.1209,-0.145762,-0.0826235,-0.0490421,-0.401664,0.179441,0.0946144,-0.798758,-0.962182,-0.723207,-0.0169387,-0.179363,-0.199781,-0.143514,-0.17855,-0.11172,-0.240428,-0.0930193,-0.090086,-0.513964,0.14926,0.255167,-1.48933,1.54783,1.31045,-0.155765,-0.142055,-0.256176,-0.397275,-0.487343,-0.383396,-0.145762,-0.78635,-0.68673,-0.401664,0.785769,0.495321,-0.798758,-0.25285,0.0226891,-0.0169387,-0.723757,-0.662615,-0.143514,-0.378493,-0.320585,-0.588693,-0.465621,-0.660186,-0.513964,0.844301,0.810007,-1.48933,-0.115381,-0.259018,-0.155765,0.161365,0.0815049,-0.397275,0.0856262,0.0389453,-0.145762,0.00968763,0.0707508,-0.401664,-0.0211947,-0.102501,-0.798758,0.121628,0.179752,-0.0169387,0.109979,0.0998599,-0.143514,0.114161,0.0500053,-0.588693,0.153561,0.115684,-0.240428,0.0844309,0.030988
-0.130452,0.057778,0.269208,-0.347085,0.2644,0.237863,-0.136597,0.716495,0.71478,-0.380019,-0.435876,-0.3375,-0.774317,-0.651927,-0.518154,-0.0156876,0.561791,0.445913,-0.116443,0.340699,0.212737,-0.557191,0.0327301,0.148986,-0.184847,0.27803,0.133799,-0.494366,-0.839247,-0.877812,-1.44092,0.384556,0.549011,-0.347085,-0.130554,-0.0851472,-0.136597,-0.115309,-0.222293,-0.380019,0.300889,0.267547,-0.774317,0.333115,0.328479,-0.0156876,-0.264552,-0.183035,-0.116443,-0.100509,-0.0590359,-0.557191,0.078268,0.0519002,-0.184847,-0.0420213,-0.020793,-0.494366,0.531414,0.482213,-1.44092,0.922793,0.934264,-0.130452,-0.0891312,-0.17754,-0.136597,-0.357523,-0.484465,-0.380019,0.999972,0.697969,-0.774317,-0.35819,0.203591,-0.0156876,-0.65549,-0.578207,-0.116443,-0.0787456,-0.212985,-0.557191,-0.406045,-0.40079,-0.184847,0.197481,-0.106112,-0.494366,0.755602,0.502058,-1.44092,0.277004,0.244875,-0.130452,0.0242486,-0.0420658,-0.347085,-0.041478,-0.0463925,-0.380019,0.0918818,0.063106,-0.774317,0.152754,0.148481,-0.0156876,-0.101097,-0.0787652,-0.116443,-0.0352421,-0.0373617,-0.557191,0.0121521,-0.00811651,-0.184847,-0.0270271,-0.022447,-0.494366,0.112403,0.0856258,-1.44092,-0.109568,-0.242603,-0.130452,0.0905364,0.0428533,-0.347085,0.15007,0.0822917,-0.136597,-0.0341161,0.0700985,-0.774317,0.151932,-0.11428,-0.0156876,0.189165,0.168953,-0.116443,0.0070012,0.0322469,-0.557191,0.0977408,0.0581057,-0.184847,-0.130085,-0.00711404,-0.494366,-0.430527,-0.247756,-1.44092,-0.210422,-0.183092,-0.130452,-0.0579135,0.0217064,-0.347085,0.000864162,-0.0173258,-0.136597,0.128786,0.106726,-0.380019,-0.0938634,-0.065078,-0.0156876,0.0232844,-0.0233009,-0.116443,-0.105844,-0.0312572,-0.557191,-0.382063,-0.352739,-0.184847,0.0155973,-0.0318178,-0.494366,0.106874,0.161469,-1.44092,0.0187991,0.0196661,-0.130452,-0.00475349,-0.00508064,-0.347085,-0.0119467,-0.0077444,-0.136597,-0.00889682,-0.0107124,-0.380019,0.0200936,0.0136929,-0.774317,-0.0082423,0.00123733,-0.116443,-0.0065604,-0.00536769,-0.557191,-0.0105928,-0.0102941,-0.184847,0.00112217,-0.00333988,-0.494366,0.0183923,0.0139827,-1.44092,0.623813,0.597483,-0.130452,-0.0405481,-0.0937565,-0.347085,-0.154153,-0.154059,-0.136597,-0.240414,-0.280424,-0.380019,0.38889,0.309645,-0.774317,-0.149002,0.0363977,-0.0156876,-0.324808,-0.277553,-0.557191,-0.256998,-0.244385,-0.184847,0.00902491,-0.0570496,-0.494366,0.488781,0.410299,-1.44092,0.200954,0.101487,-0.130452,-0.0931447,-0.0112806,-0.347085,-0.135573,-0.109394,-0.136597,-0.0884032,-0.0471715,-0.380019,0.171918,0.0877721,-0.774317,-0.941126,-0.700737,-0.0156876,-0.182648,-0.186455,-0.116443,-0.197858,-0.0973121,-0.184847,-0.0427978,-0.0749136,-0.494366,0.142706,0.244628,-1.44092,1.45043,1.26771,-0.130452,-0.122937,-0.218952,-0.347085,-0.454498,-0.337881,-0.136597,-0.740732,-0.643835,-0.380019,0.734815,0.466665,-0.774317,-0.22965,0.0227109,-0.0156876,-0.706133,-0.612307,-0.116443,-0.34663,-0.267665,-0.557191,-0.468973,-0.622449,-0.494366,0.783291,0.779665,-1.44092,-0.102893,-0.250611,-0.130452,0.148361,0.0698688,-0.347085,0.0876655,0.0339296,-0.136597,0.0107099,0.0661218,-0.380019,-0.0190653,-0.0966339,-0.774317,0.102589,0.173837,-0.0156876,0.0843663,0.0921052,-0.116443,0.112873,0.0414069,-0.557191,0.141562,0.108973,-0.184847,0.0827462,0.02322
-0.105138,0.0205103,0.22298,-0.296894,0.230361,0.203897,-0.127432,0.681531,0.666788,-0.358375,-0.397619,-0.317734,-0.749877,-0.681494,-0.502143,-0.0144365,0.527643,0.408111,-0.0893721,0.260169,0.168285,-0.525689,0.0540535,0.138427,-0.129265,0.2502,0.0896131,-0.474768,-0.770338,-0.843867,-1.39251,0.367432,0.531331,-0.296894,-0.119731,-0.0700933,-0.127432,-0.102914,-0.205795,-0.358375,0.287866,0.252472,-0.749877,0.332958,0.318797,-0.0144365,-0.231652,-0.165832,-0.0893721,-0.084603,-0.0420577,-0.525689,0.0665868,0.0508739,-0.129265,-0.0313842,-0.00607683,-0.474768,0.505701,0.464244,-1.39251,0.826429,0.903932,-0.105138,-0.0657149,-0.14239,-0.127432,-0.312009,-0.450022,-0.358375,0.920974,0.656165,-0.749877,-0.377881,0.198578,-0.0144365,-0.640282,-0.528388,-0.0893721,-0.0761095,-0.164933,-0.525689,-0.410133,-0.374374,-0.129265,0.249646,-0.0640978,-0.474768,0.720022,0.483973,-1.39251,0.26814,0.236668,-0.105138,0.0310015,-0.0346886,-0.296894,-0.0338806,-0.0397967,-0.358375,0.0828787,0.0594118,-0.749877,0.154522,0.14379,-0.0144365,-0.0987808,-0.07206,-0.0893721,-0.0201779,-0.0294846,-0.525689,0.00692797,-0.00729406,-0.129265,-0.0216353,-0.0148645,-0.474768,0.103065,0.0824296,-1.39251,-0.0798684,-0.235821,-0.105138,0.0727277,0.0293292,-0.296894,0.14688,0.0662306,-0.127432,-0.0393977,0.0626869,-0.749877,0.168553,-0.112006,-0.0144365,0.179867,0.152006,-0.0893721,0.0198913,0.0181669,-0.525689,0.0918089,0.05207,-0.129265,-0.145627,-0.017277,-0.474768,-0.416292,-0.239629,-1.39251,-0.224836,-0.177894,-0.105138,-0.07902,0.0134886,-0.296894,-0.00118532,-0.0191482,-0.127432,0.113496,0.0978208,-0.358375,-0.0907489,-0.0629262,-0.0144365,0.0281407,-0.0239728,-0.0893721,-0.133744,-0.0313542,-0.525689,-0.348239,-0.333985,-0.129265,0.0332544,-0.0318105,-0.474768,0.10725,0.153715,-1.39251,0.0165223,0.0189946,-0.105138,-0.00419157,-0.00428168,-0.296894,-0.0114975,-0.00675349,-0.127432,-0.00736082,-0.0100159,-0.358375,0.0180938,0.0128155,-0.749877,-0.00853074,0.00120057,-0.0893721,-0.00658452,-0.00436977,-0.525689,-0.0108527,-0.00968551,-0.129265,0.00233553,-0.00241619,-0.474768,0.0173464,0.0134265,-1.39251,0.569851,0.578072,-0.105138,-0.0271987,-0.0743718,-0.296894,-0.136635,-0.130563,-0.127432,-0.223307,-0.26031,-0.358375,0.35892,0.291725,-0.749877,-0.141971,0.0362673,-0.0144365,-0.314468,-0.253021,-0.525689,-0.262208,-0.228209,-0.129265,0.0345569,-0.0331628,-0.474768,0.462144,0.395139,-1.39251,0.146289,0.0973798,-0.105138,-0.108419,-0.0123243,-0.296894,-0.133683,-0.0978887,-0.127432,-0.0923281,-0.0453009,-0.358375,0.15262,0.0809298,-0.749877,-0.92007,-0.678267,-0.0144365,-0.188468,-0.173129,-0.0893721,-0.219819,-0.0829042,-0.129265,-0.00825541,-0.0597413,-0.474768,0.135868,0.234088,-1.39251,1.34886,1.22496,-0.105138,-0.110112,-0.181728,-0.296894,-0.421654,-0.292366,-0.127432,-0.691235,-0.600941,-0.358375,0.663808,0.438009,-0.749877,-0.206449,0.0227326,-0.0144365,-0.68697,-0.561998,-0.0893721,-0.313919,-0.214745,-0.525689,-0.473543,-0.584711,-0.474768,0.725041,0.749322,-1.39251,-0.0914689,-0.242204,-0.105138,0.13669,0.0582327,-0.296894,0.0897048,0.0289139,-0.127432,0.0142837,0.0614928,-0.358375,-0.0199552,-0.0907673,-0.749877,0.0835495,0.167921,-0.0144365,0.0589631,0.0843504,-0.0893721,0.112089,0.0328085,-0.525689,0.129747,0.102261,-0.129265,0.0783122,0.015452
-0.0798243,-0.00324681,0.176752,-0.246703,0.200064,0.16993,-0.118268,0.647246,0.618795,-0.33673,-0.355481,-0.297968,-0.725437,-0.711062,-0.486132,-0.0131855,0.489488,0.37031,-0.0623011,0.180736,0.123833,-0.494187,0.075377,0.127867,-0.0736839,0.218086,0.0454275,-0.45517,-0.701428,-0.809922,-1.34411,0.351223,0.513651,-0.246703,-0.10871,-0.0550394,-0.118268,-0.0916708,-0.189296,-0.33673,0.275074,0.237396,-0.725437,0.332802,0.309116,-0.0131855,-0.19723,-0.148629,-0.0623011,-0.0678701,-0.0250794,-0.494187,0.0549056,0.0498476,-0.0736839,-0.0204928,0.00863935,-0.45517,0.479988,0.446275,-1.34411,0.728532,0.8736,-0.0798243,-0.0415566,-0.10724,-0.118268,-0.26555,-0.415579,-0.33673,0.828572,0.614361,-0.725437,-0.397572,0.193565,-0.0131855,-0.622989,-0.478569,-0.0623011,-0.0727617,-0.11688,-0.494187,-0.41422,-0.347958,-0.0736839,0.292143,-0.0220833,-0.45517,0.684442,0.465888,-1.34411,0.25903,0.22846,-0.0798243,0.0351177,-0.0273114,-0.246703,-0.0269737,-0.0332009,-0.33673,0.0729617,0.0557176,-0.725437,0.156289,0.139099,-0.0131855,-0.0953048,-0.0653549,-0.0623011,-0.00542645,-0.0216075,-0.494187,0.00170389,-0.00647161,-0.0736839,-0.0157471,-0.00728194,-0.45517,0.0937281,0.0792333,-1.34411,-0.0503817,-0.22904,-0.0798243,0.0521821,0.0158051,-0.246703,0.139236,0.0501695,-0.118268,-0.0446035,0.0552753,-0.725437,0.185174,-0.109732,-0.0131855,0.169961,0.135059,-0.0623011,0.0310046,0.00408695,-0.494187,0.085877,0.0460344,-0.0736839,-0.156151,-0.02744,-0.45517,-0.402056,-0.231502,-1.34411,-0.239362,-0.172697,-0.0798243,-0.102873,0.00527075,-0.246703,-0.00565218,-0.0209707,-0.118268,0.0979539,0.0889156,-0.33673,-0.0910015,-0.0607744,-0.0131855,0.0293202,-0.0246446,-0.0623011,-0.160802,-0.0314511,-0.494187,-0.314415,-0.315231,-0.0736839,0.0463974,-0.0318032,-0.45517,0.107625,0.145962,-1.34411,0.0142007,0.0183232,-0.0798243,-0.00376678,-0.00348273,-0.246703,-0.01081,-0.00576259,-0.118268,-0.00580463,-0.00931951,-0.33673,0.0157542,0.0119381,-0.725437,-0.00881918,0.00116381,-0.0623011,-0.00652578,-0.00337184,-0.494187,-0.0111126,-0.00907696,-0.0736839,0.00336235,-0.0014925,-0.45517,0.0163006,0.0128704,-1.34411,0.514892,0.558662,-0.0798243,-0.0181312,-0.0549871,-0.246703,-0.120313,-0.107066,-0.118268,-0.206153,-0.240197,-0.33673,0.324704,0.273805,-0.725437,-0.13494,0.0361369,-0.0131855,-0.302792,-0.228488,-0.494187,-0.267419,-0.212034,-0.0736839,0.0573021,-0.00927596,-0.45517,0.435508,0.379979,-1.34411,0.0897247,0.0932726,-0.0798243,-0.127449,-0.0133681,-0.246703,-0.132301,-0.0863833,-0.118268,-0.095354,-0.0434303,-0.33673,0.124942,0.0740874,-0.725437,-0.899014,-0.655797,-0.0131855,-0.196085,-0.159803,-0.0623011,-0.240214,-0.0684962,-0.0736839,0.0207941,-0.0445689,-0.45517,0.129029,0.223548,-1.34411,1.2442,1.18222,-0.0798243,-0.10612,-0.144504,-0.246703,-0.384696,-0.246852,-0.118268,-0.640251,-0.558046,-0.33673,0.578238,0.409353,-0.725437,-0.183249,0.0227544,-0.0131855,-0.664922,-0.51169,-0.0623011,-0.280456,-0.161825,-0.494187,-0.478113,-0.546974,-0.45517,0.66679,0.71898,-1.34411,-0.0811037,-0.233797,-0.0798243,0.127829,0.0465966,-0.246703,0.0904433,0.0238981,-0.118268,0.0190174,0.0568638,-0.33673,-0.0230282,-0.0849007,-0.725437,0.0645101,0.162006,-0.0131855,0.0357724,0.0765957,-0.0623011,0.111017,0.0242101,-0.494187,0.117932,0.0955502,-0.0736839,0.072938,0.00768403
-0.0545106,-0.0232118,0.130524,-0.196512,0.176575,0.135964,-0.109103,0.613898,0.570802,-0.315085,-0.30986,-0.278202,-0.700996,-0.735687,-0.470122,-0.0119344,0.446962,0.332509,-0.03523,0.106557,0.0793805,-0.462684,0.0987503,0.117307,-0.0181026,0.183786,0.00124187,-0.435572,-0.632518,-0.775978,-1.2957,0.335699,0.495971,-0.196512,-0.0976425,-0.0399855,-0.109103,-0.0820534,-0.172797,-0.315085,0.261981,0.222321,-0.700996,0.331346,0.299434,-0.0119344,-0.162671,-0.131426,-0.03523,-0.0507168,-0.00810114,-0.462684,0.0419494,0.0488213,-0.0181026,-0.00943536,0.0233555,-0.435572,0.454275,0.428307,-1.2957,0.631043,0.843268,-0.0545106,-0.0170943,-0.0720896,-0.109103,-0.217751,-0.381136,-0.315085,0.726511,0.572557,-0.700996,-0.409372,0.188552,-0.0119344,-0.599279,-0.428751,-0.03523,-0.0654578,-0.0688273,-0.462684,-0.418748,-0.321542,-0.0181026,0.329985,0.0199312,-0.435572,0.648862,0.447802,-1.2957,0.249756,0.220253,-0.0545106,0.0384994,-0.0199342,-0.196512,-0.0212727,-0.0266051,-0.315085,0.0623004,0.0520234,-0.700996,0.157621,0.134408,-0.0119344,-0.0899237,-0.0586497,-0.03523,0.00825582,-0.0137305,-0.462684,-0.0037309,-0.00564916,-0.0181026,-0.0096035,0.000300586,-0.435572,0.0843908,0.0760371,-1.2957,-0.021596,-0.222258,-0.0545106,0.0308725,0.00228105,-0.196512,0.124385,0.0341083,-0.109103,-0.0499736,0.0478636,-0.700996,0.197718,-0.107458,-0.0119344,0.15858,0.118111,-0.03523,0.0383994,-0.00999303,-0.462684,0.0813652,0.0399987,-0.0181026,-0.164278,-0.0376029,-0.435572,-0.387821,-0.223375,-1.2957,-0.253417,-0.1675,-0.0545106,-0.12749,-0.00294709,-0.196512,-0.0137599,-0.0227931,-0.109103,0.0819287,0.0800104,-0.315085,-0.0934522,-0.0586226,-0.0119344,0.0231175,-0.0253165,-0.03523,-0.184007,-0.0315481,-0.462684,-0.281431,-0.296477,-0.0181026,0.0573071,-0.0317959,-0.435572,0.108001,0.138208,-1.2957,0.0118853,0.0176518,-0.0545106,-0.00337992,-0.00268377,-0.196512,-0.00975671,-0.00477169,-0.109103,-0.00424677,-0.00862307,-0.315085,0.0131798,0.0110608,-0.700996,-0.00896282,0.00112705,-0.03523,-0.00632056,-0.00237391,-0.462684,-0.0113311,-0.00846841,-0.0181026,0.00429981,-0.000568802,-0.435572,0.0152548,0.0123142,-1.2957,0.460066,0.539252,-0.0545106,-0.0102507,-0.0356024,-0.196512,-0.105715,-0.0835694,-0.109103,-0.188814,-0.220083,-0.315085,0.287322,0.255885,-0.700996,-0.126148,0.0360064,-0.0119344,-0.288638,-0.203955,-0.462684,-0.271862,-0.195858,-0.0181026,0.0787332,0.0146108,-0.435572,0.408872,0.36482,-1.2957,0.0330559,0.0891655,-0.0545106,-0.147535,-0.0144118,-0.196512,-0.131335,-0.0748779,-0.109103,-0.096907,-0.0415597,-0.315085,0.0914612,0.0672451,-0.700996,-0.874466,-0.633327,-0.0119344,-0.205813,-0.146478,-0.03523,-0.255993,-0.0540883,-0.0181026,0.047134,-0.0293966,-0.435572,0.122191,0.213009,-1.2957,1.1387,1.13947,-0.0545106,-0.104554,-0.10728,-0.196512,-0.342047,-0.201337,-0.109103,-0.587286,-0.515152,-0.315085,0.482206,0.380697,-0.700996,-0.157702,0.0227761,-0.0119344,-0.636797,-0.461381,-0.03523,-0.245989,-0.108904,-0.462684,-0.484036,-0.509237,-0.435572,0.60854,0.688637,-1.2957,-0.0715764,-0.22539,-0.0545106,0.119801,0.0349605,-0.196512,0.0894511,0.0188824,-0.109103,0.0255617,0.0522348,-0.315085,-0.0276618,-0.079034,-0.700996,0.0477163,0.15609,-0.0119344,0.0182689,0.068841,-0.03523,0.109089,0.0156117,-0.462684,0.10756,0.088839,-0.0181026,0.0670866,-8.39639e-05
-0.029197,-0.0346237,0.0842963,-0.146322,0.158198,0.101998,-0.0999378,0.581029,0.522809,-0.29344,-0.261426,-0.258436,-0.676556,-0.753789,-0.454111,-0.0106833,0.401926,0.294708,-0.00815901,0.0407664,0.0349284,-0.431182,0.12311,0.106747,0.0374787,0.13845,-0.0429437,-0.415974,-0.577176,-0.742033,-1.24729,0.320751,0.478291,-0.146322,-0.0867149,-0.0249315,-0.0999378,-0.0733106,-0.156299,-0.29344,0.248093,0.207245,-0.676556,0.328185,0.289752,-0.0106833,-0.129263,-0.114223,-0.00815901,-0.0336594,0.00887711,-0.431182,0.0282527,0.047795,0.0374787,0.00255285,0.0380717,-0.415974,0.433444,0.410338,-1.24729,0.53509,0.812936,-0.029197,0.00856692,-0.0369395,-0.0999378,-0.169223,-0.346693,-0.29344,0.61921,0.530753,-0.676556,-0.410921,0.183538,-0.0106833,-0.568534,-0.378932,-0.00815901,-0.0517206,-0.0207746,-0.431182,-0.423395,-0.295127,0.0374787,0.34503,0.0619457,-0.415974,0.614412,0.429717,-1.24729,0.240359,0.212046,-0.029197,0.0402533,-0.012557,-0.146322,-0.0164257,-0.0200093,-0.29344,0.0511199,0.0483292,-0.676556,0.158371,0.129717,-0.0106833,-0.0829315,-0.0519445,-0.00815901,0.0203244,-0.00585337,-0.431182,-0.00924763,-0.00482671,0.0374787,-0.0021647,0.00788311,-0.415974,0.0764759,0.0728409,-1.24729,0.0061856,-0.215476,-0.029197,0.00786282,-0.011243,-0.146322,0.104741,0.0180472,-0.0999378,-0.05576,0.040452,-0.676556,0.204944,-0.105184,-0.0106833,0.145697,0.101164,-0.00815901,0.0408968,-0.024073,-0.431182,0.0778932,0.033963,0.0374787,-0.16073,-0.0477659,-0.415974,-0.370933,-0.215248,-1.24729,-0.266653,-0.162302,-0.029197,-0.153791,-0.0111649,-0.146322,-0.0242078,-0.0246155,-0.0999378,0.0654897,0.0711053,-0.29344,-0.096788,-0.0564707,-0.0106833,0.00995083,-0.0259884,-0.00815901,-0.201104,-0.0316451,-0.431182,-0.24911,-0.277723,0.0374787,0.0571206,-0.0317886,-0.415974,0.105415,0.130455,-1.24729,0.00960557,0.0169804,-0.029197,-0.00307549,-0.00188481,-0.146322,-0.00847945,-0.00378079,-0.0999378,-0.00272046,-0.00792663,-0.29344,0.0104917,0.0101834,-0.676556,-0.00891702,0.00109028,-0.00815901,-0.00593579,-0.00137598,-0.431182,-0.0115182,-0.00785986,0.0374787,0.00480102,0.000354891,-0.415974,0.0142246,0.0117581,-1.24729,0.406025,0.519841,-0.029197,-0.00496694,-0.0162177,-0.146322,-0.0921235,-0.0600727,-0.0999378,-0.171232,-0.199969,-0.29344,0.248082,0.237966,-0.676556,-0.11512,0.035876,-0.0106833,-0.27224,-0.179422,-0.431182,-0.275645,-0.179683,0.0374787,0.0938064,0.0384976,-0.415974,0.384833,0.34966,-1.24729,-0.0226887,0.0850583,-0.029197,-0.170016,-0.0154555,-0.146322,-0.130491,-0.0633725,-0.0999378,-0.0974217,-0.0396891,-0.29344,0.0551522,0.0604028,-0.676556,-0.845385,-0.610857,-0.0106833,-0.216879,-0.133152,-0.00815901,-0.265027,-0.0396803,0.0374787,0.0600314,-0.0142242,-0.415974,0.114524,0.202469,-1.24729,1.03359,1.09673,-0.029197,-0.108172,-0.0700553,-0.146322,-0.296562,-0.155822,-0.0999378,-0.533399,-0.472257,-0.29344,0.380541,0.352041,-0.676556,-0.129151,0.0227979,-0.0106833,-0.602815,-0.411073,-0.00815901,-0.21048,-0.0559841,-0.431182,-0.4904,-0.4715,-0.415974,0.554934,0.658295,-1.24729,-0.0627869,-0.216984,-0.029197,0.113893,0.0233245,-0.146322,0.0877021,0.0138667,-0.0999378,0.0332891,0.0476058,-0.29344,-0.0331251,-0.0731674,-0.676556,0.0338765,0.150175,-0.0106833,0.00667783,0.0610863,-0.00815901,0.105905,0.00701326,-0.431182,0.0982028,0.0821278,0.0374787,0.058833,-0.00785196
-0.00388327,-0.0321338,0.0380683,-0.096131,0.139822,0.0680317,-0.0907729,0.548301,0.474816,-0.271796,-0.209469,-0.23867,-0.652116,-0.765857,-0.4381,-0.00943226,0.354206,0.256906,0.018912,-0.0115325,-0.00952365,-0.39968,0.14834,0.0961876,0.0930601,0.0870203,-0.0871294,-0.396376,-0.524097,-0.708088,-1.19888,0.306496,0.460611,-0.096131,-0.0757872,-0.00987761,-0.0907729,-0.0649133,-0.1398,-0.271796,0.23213,0.19217,-0.652116,0.323467,0.28007,-0.00943226,-0.0988631,-0.0970197,0.018912,-0.017238,0.0258554,-0.39968,0.0135848,0.0467687,0.0930601,0.0152869,0.0527879,-0.396376,0.413428,0.392369,-1.19888,0.443876,0.782604,-0.00388327,0.0365022,-0.00178936,-0.0907729,-0.120392,-0.31225,-0.271796,0.510365,0.488949,-0.652116,-0.403341,0.178525,-0.00943226,-0.525434,-0.329114,0.018912,-0.0275578,0.027278,-0.39968,-0.427916,-0.268711,0.0930601,0.349265,0.10396,-0.396376,0.580151,0.411632,-1.19888,0.230852,0.203839,-0.00388327,0.0393712,-0.00517984,-0.096131,-0.0115788,-0.0134136,-0.271796,0.0394501,0.044635,-0.652116,0.158569,0.125026,-0.00943226,-0.0734706,-0.0452394,0.018912,0.0298556,0.00202371,-0.39968,-0.0147879,-0.00400426,0.0930601,0.00600299,0.0154656,-0.396376,0.0687982,0.0696446,-1.19888,0.0317527,-0.208695,-0.00388327,-0.0179157,-0.0247671,-0.096131,0.0850976,0.00198603,-0.0907729,-0.0623545,0.0330403,-0.652116,0.207393,-0.102909,-0.00943226,0.130259,0.0842166,0.018912,0.0361693,-0.038153,-0.39968,0.0762307,0.0279274,0.0930601,-0.151791,-0.0579289,-0.396376,-0.353601,-0.207121,-1.19888,-0.277875,-0.157105,-0.00388327,-0.182736,-0.0193828,-0.096131,-0.0346556,-0.0264379,-0.0907729,0.0485855,0.0622001,-0.271796,-0.0994885,-0.0543189,-0.00943226,-0.0145941,-0.0266603,0.018912,-0.208399,-0.0317421,-0.39968,-0.218023,-0.258969,0.0930601,0.0512562,-0.0317813,-0.396376,0.102334,0.122701,-1.19888,0.00744248,0.0163089,-0.00388327,-0.00290046,-0.00108586,-0.096131,-0.0072022,-0.00278989,-0.0907729,-0.00127027,-0.00723019,-0.271796,0.00780978,0.00930604,-0.652116,-0.00869973,0.00105352,0.018912,-0.00529629,-0.000378052,-0.39968,-0.0116488,-0.00725131,0.0930601,0.00509865,0.00127858,-0.396376,0.0131971,0.0112019,-1.19888,0.354559,0.500431,-0.00388327,-0.00382497,0.00316698,-0.096131,-0.078532,-0.0365761,-0.0907729,-0.153274,-0.179856,-0.271796,0.207878,0.220046,-0.652116,-0.102208,0.0357456,-0.00943226,-0.252254,-0.154889,-0.39968,-0.278115,-0.163508,0.0930601,0.106061,0.0623844,-0.396376,0.361227,0.3345,-1.19888,-0.0748773,0.0809511,-0.00388327,-0.196295,-0.0164992,-0.096131,-0.129648,-0.0518671,-0.0907729,-0.0970437,-0.0378185,-0.271796,0.0189393,0.0535605,-0.652116,-0.812282,-0.588387,-0.00943226,-0.229552,-0.119826,0.018912,-0.263601,-0.0252724,0.0930601,0.0661033,0.000948143,-0.396376,0.106718,0.19193,-1.19888,0.931643,1.05398,-0.00388327,-0.119961,-0.0328312,-0.096131,-0.251078,-0.110308,-0.0907729,-0.479431,-0.429362,-0.271796,0.277342,0.323385,-0.652116,-0.0980151,0.0228196,-0.00943226,-0.559155,-0.360764,0.018912,-0.173645,-0.00306384,-0.39968,-0.496624,-0.433763,-0.396376,0.502102,0.627953,-1.19888,-0.0549714,-0.208577,-0.00388327,0.111531,0.0116884,-0.096131,0.0859531,0.00885103,-0.0907729,0.041894,0.0429768,-0.271796,-0.0387833,-0.0673008,-0.652116,0.0227458,0.14426,-0.00943226,0.00522697,0.0533316,0.018912,0.100769,-0.00158516,-0.39968,0.0905439,0.0754166,0.0930601,0.0492698,-0.01562
0.0214304,-0.0188638,-0.00815969,-0.0459402,0.126365,0.0340654,-0.081608,0.515477,0.426823,-0.250151,-0.157081,-0.218904,-0.627675,-0.77431,-0.422089,-0.00818118,0.304804,0.219105,0.045983,-0.0505826,-0.0539757,-0.368178,0.174087,0.0856278,0.148641,0.0318559,-0.131315,-0.376778,-0.483321,-0.674143,-1.15047,0.293064,0.442931,-0.0459402,-0.0651178,0.00517632,-0.081608,-0.0565204,-0.123301,-0.250151,0.215712,0.177094,-0.627675,0.317821,0.270389,-0.00818118,-0.0733157,-0.0798166,0.045983,-0.00157531,0.0428336,-0.368178,-0.00197733,0.0457424,0.148641,0.0285964,0.0675041,-0.376778,0.397757,0.3744,-1.15047,0.359681,0.752272,0.0214304,0.0675554,0.0333608,-0.081608,-0.071524,-0.277807,-0.250151,0.402266,0.447145,-0.627675,-0.390389,0.173512,-0.00818118,-0.466372,-0.279295,0.045983,0.00696727,0.0753307,-0.368178,-0.432132,-0.242295,0.148641,0.347786,0.145975,-0.376778,0.547173,0.393547,-1.15047,0.221231,0.195632,0.0214304,0.03638,0.00219734,-0.0459402,-0.00745973,-0.00681779,-0.250151,0.0277503,0.0409408,-0.627675,0.158431,0.120334,-0.00818118,-0.0611962,-0.0385342,0.045983,0.0369031,0.0099008,-0.368178,-0.0202936,-0.0031818,0.148641,0.0146243,0.0230482,-0.376778,0.0624503,0.0664484,-1.15047,0.0542042,-0.201913,0.0214304,-0.0460928,-0.0382912,-0.0459402,0.0615849,-0.0140751,-0.081608,-0.0702511,0.0256287,-0.627675,0.207018,-0.100635,-0.00818118,0.111563,0.0672693,0.045983,0.0245155,-0.052233,-0.368178,0.0765325,0.0218917,0.148641,-0.140088,-0.0680918,-0.376778,-0.334114,-0.198994,-1.15047,-0.286212,-0.151907,0.0214304,-0.212529,-0.0276006,-0.0459402,-0.0471249,-0.0282604,-0.081608,0.0310692,0.0532949,-0.250151,-0.101786,-0.0521671,-0.00818118,-0.0528501,-0.0273322,0.045983,-0.205999,-0.031839,-0.368178,-0.188317,-0.240215,0.148641,0.0421425,-0.031774,-0.376778,0.096642,0.114948,-1.15047,0.00545354,0.0156375,0.0214304,-0.0027766,-0.000286899,-0.0459402,-0.00577742,-0.00179898,-0.081608,5.11411e-05,-0.00653374,-0.250151,0.0051563,0.00842867,-0.627675,-0.00838072,0.00101676,0.045983,-0.00441557,0.000619877,-0.368178,-0.011717,-0.00664276,0.148641,0.00529063,0.00220228,-0.376778,0.0121913,0.0106458,-1.15047,0.306938,0.48102,0.0214304,-0.00524615,0.0225517,-0.0459402,-0.0656148,-0.0130794,-0.081608,-0.134749,-0.159742,-0.250151,0.16781,0.202126,-0.627675,-0.0882203,0.0356151,-0.00818118,-0.227972,-0.130356,-0.368178,-0.27908,-0.147332,0.148641,0.116941,0.0862712,-0.376778,0.340117,0.31934,-1.15047,-0.121663,0.076844,0.0214304,-0.223967,-0.0175429,-0.0459402,-0.129002,-0.0403617,-0.081608,-0.0956854,-0.0359479,-0.250151,-0.0165837,0.0467182,-0.627675,-0.776815,-0.565918,-0.00818118,-0.243482,-0.1065,0.045983,-0.251937,-0.0108644,0.148641,0.0682982,0.0161205,-0.376778,0.0981135,0.18139,-1.15047,0.834756,1.01124,0.0214304,-0.136243,0.00439299,-0.0459402,-0.204945,-0.0647928,-0.081608,-0.426031,-0.386468,-0.250151,0.174984,0.294729,-0.627675,-0.0653842,0.0228414,-0.00818118,-0.503657,-0.310456,0.045983,-0.13552,0.0498564,-0.368178,-0.502238,-0.396025,-0.376778,0.453616,0.59761,-1.15047,-0.0483536,-0.20017,0.0214304,0.111739,5.22881e-05,-0.0459402,0.0843151,0.00383532,-0.081608,0.0513339,0.0383478,-0.250151,-0.0443082,-0.0614342,-0.627675,0.0132318,0.138344,-0.00818118,0.0165948,0.0455769,0.045983,0.0936769,-0.0101836,-0.368178,0.0846946,0.0687054,0.148641,0.0389127,-0.023388
0.0467441,-0.000853253,-0.0543877,0.00425052,0.117425,9.91913e-05,-0.0724431,0.482195,0.37883,-0.228506,-0.102051,-0.199138,-0.603235,-0.774683,-0.406079,-0.00693011,0.255161,0.181304,0.0730541,-0.0772987,-0.0984278,-0.336676,0.200173,0.0750681,0.204223,-0.0276396,-0.175501,-0.35718,-0.445649,-0.640199,-1.10206,0.279633,0.425251,0.00425052,-0.054757,0.0202303,-0.0724431,-0.0475533,-0.106803,-0.228506,0.195842,0.162019,-0.603235,0.310108,0.260707,-0.00693011,-0.0513948,-0.0626135,0.0730541,0.0134686,0.0598119,-0.336676,-0.0187851,0.0447162,0.204223,0.0427417,0.0822203,-0.35718,0.383179,0.356432,-1.10206,0.275487,0.72194,0.0467441,0.1018,0.0685109,-0.0724431,-0.0230925,-0.243364,-0.228506,0.301818,0.405341,-0.603235,-0.365543,0.168498,-0.00693011,-0.396529,-0.229476,0.0730541,0.0514045,0.123383,-0.336676,-0.435668,-0.215879,0.204223,0.34097,0.187989,-0.35718,0.514531,0.375462,-1.10206,0.21161,0.187424,0.0467441,0.032313,0.00957452,0.00425052,-0.00395474,-0.000222011,-0.228506,0.0159655,0.0372466,-0.603235,0.157539,0.115643,-0.00693011,-0.0472164,-0.0318291,0.0730541,0.0416051,0.0177779,-0.336676,-0.0256753,-0.00235935,0.204223,0.0237817,0.0306307,-0.35718,0.0564398,0.0632522,-1.10206,0.0766558,-0.195132,0.0467441,-0.0757983,-0.0518153,0.00425052,0.0349497,-0.0301363,-0.0724431,-0.0797668,0.018217,-0.603235,0.200375,-0.0983608,-0.00693011,0.0905624,0.050322,0.0730541,0.0062607,-0.0663129,-0.336676,0.0799737,0.015856,0.204223,-0.125947,-0.0782548,-0.35718,-0.314095,-0.190866,-1.10206,-0.294548,-0.14671,0.0467441,-0.240604,-0.0358185,0.00425052,-0.061317,-0.0300828,-0.0724431,0.0129358,0.0443897,-0.228506,-0.100545,-0.0500153,-0.00693011,-0.099591,-0.028004,0.0730541,-0.194364,-0.031936,-0.336676,-0.160863,-0.221461,0.204223,0.0295864,-0.0317667,-0.35718,0.0902946,0.107194,-1.10206,0.00346461,0.0149661,0.0467441,-0.00259135,0.000512058,0.00425052,-0.00425658,-0.000808081,-0.0724431,0.00120578,-0.0058373,-0.228506,0.00276849,0.0075513,-0.603235,-0.00783552,0.000979998,0.0730541,-0.00330261,0.00161781,-0.336676,-0.0116845,-0.00603421,0.204223,0.00538715,0.00312597,-0.35718,0.0111913,0.0100896,-1.10206,0.259317,0.46161,0.0467441,-0.00673318,0.0419364,0.00425052,-0.0531462,0.0104173,-0.0724431,-0.115559,-0.139629,-0.228506,0.129419,0.184206,-0.603235,-0.0718859,0.0354847,-0.00693011,-0.200878,-0.105823,-0.336676,-0.277545,-0.131157,0.204223,0.126731,0.110158,-0.35718,0.319643,0.30418,-1.10206,-0.168449,0.0727368,0.0467441,-0.249479,-0.0185867,0.00425052,-0.128584,-0.0288563,-0.0724431,-0.0935907,-0.0340773,-0.228506,-0.0456443,0.0398758,-0.603235,-0.736119,-0.543448,-0.00693011,-0.25771,-0.0931742,0.0730541,-0.230464,0.00354351,0.204223,0.0664303,0.0312929,-0.35718,0.0893048,0.17085,-1.10206,0.73787,0.968492,0.0467441,-0.151552,0.0416172,0.00425052,-0.159423,-0.0192781,-0.0724431,-0.374072,-0.343573,-0.228506,0.0811667,0.266073,-0.603235,-0.0294747,0.0228631,-0.00693011,-0.440599,-0.260147,0.0730541,-0.095904,0.102777,-0.336676,-0.506354,-0.358288,-0.35718,0.406232,0.567268,-1.10206,-0.0417359,-0.191763,0.0467441,0.112486,-0.0115838,0.00425052,0.0832658,-0.00118038,-0.0724431,0.061204,0.0337188,-0.228506,-0.0484973,-0.0555676,-0.603235,0.00732446,0.132429,-0.00693011,0.0364012,0.0378222,0.0730541,0.0845902,-0.018782,-0.336676,0.0816979,0.0619942,0.204223,0.0276471,-0.0311559
0.0720578,0.0179326,-0.100616,0.0544413,0.11208,-0.033867,-0.0632782,0.44816,0.330837,-0.206861,-0.0458376,-0.179372,-0.578794,-0.771448,-0.390068,-0.00567904,0.206894,0.143503,0.100125,-0.0899186,-0.14288,-0.305174,0.226253,0.0645084,0.259804,-0.0904985,-0.219686,-0.337582,-0.417832,-0.606254,-1.05366,0.266201,0.407571,0.0544413,-0.0447587,0.0352842,-0.0632782,-0.0376303,-0.090304,-0.206861,0.172809,0.146943,-0.578794,0.301551,0.251025,-0.00567904,-0.033696,-0.0454104,0.100125,0.0280994,0.0767901,-0.305174,-0.0361302,0.0436899,0.259804,0.0578016,0.0969365,-0.337582,0.372036,0.338463,-1.05366,0.191292,0.691608,0.0720578,0.14014,0.103661,-0.0632782,0.0243697,-0.208921,-0.206861,0.212316,0.363537,-0.578794,-0.335607,0.163485,-0.00567904,-0.315691,-0.179658,0.100125,0.107955,0.171436,-0.305174,-0.43881,-0.189463,0.259804,0.332046,0.230004,-0.337582,0.483013,0.357377,-1.05366,0.201989,0.179217,0.0720578,0.027776,0.0169517,0.0544413,-0.000849823,0.00637377,-0.206861,0.00438334,0.0335524,-0.578794,0.156284,0.110952,-0.00567904,-0.0318555,-0.0251239,0.100125,0.0435237,0.025655,-0.305174,-0.0309737,-0.0015369,0.259804,0.0333709,0.0382132,-0.337582,0.0515085,0.0600559,-1.05366,0.0991073,-0.18835,0.0720578,-0.106689,-0.0653393,0.0544413,0.00653049,-0.0461974,-0.0632782,-0.0911148,0.0108054,-0.578794,0.190994,-0.0960866,-0.00567904,0.0669188,0.0333747,0.100125,-0.0200391,-0.0803929,-0.305174,0.0849275,0.00982037,0.259804,-0.111122,-0.0884178,-0.337582,-0.292449,-0.182739,-1.05366,-0.302884,-0.141512,0.0720578,-0.264273,-0.0440363,0.0544413,-0.076663,-0.0319052,-0.0632782,-0.00587468,0.0354845,-0.206861,-0.0951063,-0.0478635,-0.00567904,-0.153355,-0.0286759,0.100125,-0.171547,-0.032033,-0.305174,-0.13451,-0.202707,0.259804,0.0148723,-0.0317594,-0.337582,0.0818948,0.0994405,-1.05366,0.00147567,0.0142947,0.0720578,-0.00223066,0.00131102,0.0544413,-0.00272344,0.000182821,-0.0632782,0.00215447,-0.00514086,-0.206861,0.000722385,0.00667394,-0.578794,-0.00719253,0.000943235,0.100125,-0.00189893,0.00261573,-0.305174,-0.0116031,-0.00542566,0.259804,0.00545234,0.00404966,-0.337582,0.0102119,0.00953347,-1.05366,0.211696,0.4422,0.0720578,-0.00614032,0.0613211,0.0544413,-0.0407567,0.0339139,-0.0632782,-0.0956799,-0.119515,-0.206861,0.0938237,0.166287,-0.578794,-0.0546321,0.0353543,-0.00567904,-0.171019,-0.0812901,-0.305174,-0.274773,-0.114981,0.259804,0.136466,0.134045,-0.337582,0.301223,0.28902,-1.05366,-0.215234,0.0686296,0.0720578,-0.269167,-0.0196304,0.0544413,-0.128421,-0.0173509,-0.0632782,-0.0909729,-0.0322067,-0.206861,-0.0663586,0.0330335,-0.578794,-0.693255,-0.520978,-0.00567904,-0.271126,-0.0798484,0.100125,-0.196925,0.0179515,0.259804,0.062092,0.0464652,-0.337582,0.0798485,0.160311,-1.05366,0.640984,0.925747,0.0720578,-0.160898,0.0788413,0.0544413,-0.116352,0.0262366,-0.0632782,-0.32434,-0.300679,-0.206861,-0.000554968,0.237417,-0.578794,0.00768197,0.0228849,-0.00567904,-0.370696,-0.209839,0.100125,-0.0536893,0.155697,-0.305174,-0.509569,-0.320551,-0.337582,0.362401,0.536926,-1.05366,-0.0351181,-0.183356,0.0720578,0.112143,-0.0232199,0.0544413,0.0834772,-0.00619609,-0.0632782,0.0712528,0.0290898,-0.206861,-0.0508236,-0.049701,-0.578794,0.00295686,0.126513,-0.00567904,0.0643547,0.0300675,0.100125,0.0727044,-0.0273804,-0.305174,0.0800622,0.055283,0.259804,0.0156955,-0.0389239
0.0973715,0.0329508,-0.146844,0.104632,0.110462,-0.0678333,-0.0541134,0.413412,0.282844,-0.185217,0.0110768,-0.159606,-0.554354,-0.757042,-0.374057,-0.00442797,0.161427,0.105702,0.127196,-0.102539,-0.187332,-0.273672,0.25227,0.0539486,0.315385,-0.155631,-0.263872,-0.317984,-0.3975,-0.572309,-1.00525,0.252821,0.389891,0.104632,-0.0352672,0.0503381,-0.0541134,-0.0269529,-0.0738053,-0.185217,0.146475,0.131868,-0.554354,0.290379,0.241343,-0.00442797,-0.0189408,-0.0282072,0.127196,0.0427301,0.0937684,-0.273672,-0.0545238,0.0426636,0.315385,0.0737749,0.111653,-0.317984,0.363249,0.320494,-1.00525,0.107956,0.661276,0.0973715,0.18317,0.138811,-0.0541134,0.0704976,-0.174478,-0.185217,0.135914,0.321733,-0.554354,-0.28991,0.158472,-0.00442797,-0.228908,-0.129839,0.127196,0.164505,0.219489,-0.273672,-0.441146,-0.163047,0.315385,0.323965,0.272018,-0.317984,0.452133,0.339292,-1.00525,0.192366,0.17101,0.0973715,0.0234997,0.0243289,0.104632,0.00193947,0.0129695,-0.185217,-0.00686642,0.0298582,-0.554354,0.153908,0.106261,-0.00442797,-0.016202,-0.0184188,0.127196,0.0454423,0.033532,-0.273672,-0.0360988,-0.000714452,0.315385,0.0432695,0.0457957,-0.317984,0.04735,0.0568597,-1.00525,0.121217,-0.181568,0.0973715,-0.138254,-0.0788634,0.104632,-0.0229535,-0.0622585,-0.0541134,-0.103626,0.00339374,-0.554354,0.173135,-0.0938123,-0.00442797,0.0414754,0.0164274,0.127196,-0.046339,-0.0944729,-0.273672,0.0928901,0.0037847,0.315385,-0.0971818,-0.0985807,-0.317984,-0.269517,-0.174612,-1.00525,-0.310891,-0.136315,0.0973715,-0.280968,-0.0522541,0.104632,-0.092962,-0.0337276,-0.0541134,-0.0252242,0.0265793,-0.185217,-0.0848808,-0.0457116,-0.00442797,-0.208846,-0.0293478,0.127196,-0.14873,-0.0321299,-0.273672,-0.110352,-0.183953,0.315385,-0.000727429,-0.0317521,-0.317984,0.0721067,0.091687,-1.00525,-0.000491663,0.0136232,0.0973715,-0.00158434,0.00210997,0.104632,-0.00124944,0.00117372,-0.0541134,0.00293392,-0.00444442,-0.185217,-0.000925153,0.00579657,-0.554354,-0.00624672,0.000906473,0.127196,-0.000495261,0.00361366,-0.273672,-0.0114244,-0.00481711,0.315385,0.00554391,0.00497336,-0.317984,0.00925044,0.00897732,-1.00525,0.164552,0.422789,0.0973715,-0.0012677,0.0807058,0.104632,-0.0281376,0.0574106,-0.0541134,-0.075481,-0.0994013,-0.185217,0.0616861,0.148367,-0.554354,-0.034531,0.0352238,-0.00442797,-0.139793,-0.0567572,-0.273672,-0.26953,-0.0988061,0.315385,0.147046,0.157932,-0.317984,0.284309,0.27386,-1.00525,-0.261327,0.0645225,0.0973715,-0.279509,-0.0206741,0.104632,-0.128606,-0.00584548,-0.0541134,-0.0882963,-0.0303361,-0.185217,-0.077329,0.0261912,-0.554354,-0.643678,-0.498508,-0.00442797,-0.282689,-0.0665226,0.127196,-0.163386,0.0323594,0.315385,0.0568453,0.0616376,-0.317984,0.0701531,0.149771,-1.00525,0.544804,0.883002,0.0973715,-0.159279,0.116065,0.104632,-0.0780222,0.0717513,-0.0541134,-0.276762,-0.257784,-0.185217,-0.0678296,0.208761,-0.554354,0.0487005,0.0229067,-0.00442797,-0.298189,-0.15953,0.127196,-0.0114746,0.208617,-0.273672,-0.510932,-0.282814,-0.317984,0.321606,0.506583,-1.00525,-0.0285882,-0.174949,0.0973715,0.108994,-0.034856,0.104632,0.0858842,-0.0112118,-0.0541134,0.0812948,0.0244608,-0.185217,-0.0509327,-0.0438344,-0.554354,0.00335724,0.120598,-0.00442797,0.0961296,0.0223127,0.127196,0.0608186,-0.0359788,-0.273672,0.0811294,0.0485718,0.315385,0.00330171,-0.0466919
0.122685,0.0395607,-0.193072,0.154823,0.110546,-0.101799,-0.0449485,0.377721,0.234851,-0.163572,0.0681774,-0.139839,-0.529914,-0.742636,-0.358047,-0.00317689,0.120792,0.0679003,0.154267,-0.108648,-0.231784,-0.242169,0.277899,0.0433889,0.370967,-0.222337,-0.308057,-0.298386,-0.380721,-0.538365,-0.95684,0.240372,0.372211,0.154823,-0.0260566,0.065392,-0.0449485,-0.0154817,-0.0573066,-0.163572,0.115985,0.116792,-0.529914,0.279207,0.231662,-0.00317689,-0.00664412,-0.0110041,0.154267,0.0575255,0.110747,-0.242169,-0.0740779,0.0416373,0.370967,0.0908069,0.126369,-0.298386,0.354772,0.302526,-0.95684,0.0406694,0.630944,0.122685,0.231565,0.173961,-0.0449485,0.114339,-0.140035,-0.163572,0.0776633,0.279929,-0.529914,-0.244213,0.153459,-0.00317689,-0.139494,-0.0800205,0.154267,0.227599,0.267541,-0.242169,-0.442368,-0.136631,0.370967,0.319727,0.314033,-0.298386,0.420768,0.321207,-0.95684,0.182719,0.162803,0.122685,0.0202248,0.0317061,0.154823,0.00462226,0.0195653,-0.163572,-0.017542,0.026164,-0.529914,0.151532,0.10157,-0.00317689,-0.00121291,-0.0117136,0.154267,0.0459509,0.0414091,-0.242169,-0.0409686,0.000107998,0.370967,0.0534069,0.0533782,-0.298386,0.0433907,0.0536634,-0.95684,0.136982,-0.174787,0.122685,-0.169994,-0.0923875,0.154823,-0.0526263,-0.0783197,-0.0449485,-0.117023,-0.0040179,-0.529914,0.155276,-0.0915381,-0.00317689,0.0145868,-0.000519917,0.154267,-0.0769604,-0.108553,-0.242169,0.104513,-0.00225096,0.370967,-0.0857897,-0.108744,-0.298386,-0.245731,-0.166485,-0.95684,-0.31275,-0.131117,0.122685,-0.287983,-0.060472,0.154823,-0.109604,-0.0355501,-0.0449485,-0.0451957,0.0176741,-0.163572,-0.0682852,-0.0435598,-0.00317689,-0.26148,-0.0300197,0.154267,-0.119991,-0.0322269,-0.242169,-0.0889012,-0.165199,0.370967,-0.0161185,-0.0317448,-0.298386,0.0622,0.0839334,-0.95684,-0.00205495,0.0129518,0.122685,-0.000536594,0.00290893,0.154823,0.000170353,0.00216463,-0.0449485,0.00351485,-0.00374798,-0.163572,-0.00202666,0.0049192,-0.529914,-0.0053009,0.00086971,0.154267,0.00107324,0.00461159,-0.242169,-0.0111259,-0.00420855,0.370967,0.0057221,0.00589705,-0.298386,0.00830231,0.00842117,-0.95684,0.126333,0.403379,0.122685,0.0101728,0.10009,0.154823,-0.0152959,0.0809073,-0.0449485,-0.0552512,-0.0792877,-0.163572,0.0344512,0.130447,-0.529914,-0.0144299,0.0350934,-0.00317689,-0.108184,-0.0322243,-0.242169,-0.261208,-0.0826307,0.370967,0.159479,0.181818,-0.298386,0.267889,0.258701,-0.95684,-0.294443,0.0604153,0.122685,-0.276803,-0.0217178,0.154823,-0.128982,0.00565993,-0.0449485,-0.0860324,-0.0284655,-0.163572,-0.0750434,0.0193489,-0.529914,-0.594101,-0.476038,-0.00317689,-0.29096,-0.0531968,0.154267,-0.12324,0.0467673,0.370967,0.0520635,0.0768099,-0.298386,0.0611916,0.139232,-0.95684,0.461902,0.840257,0.122685,-0.141472,0.15329,0.154823,-0.0426908,0.117266,-0.0449485,-0.232114,-0.21489,-0.163572,-0.115005,0.180105,-0.529914,0.0897191,0.0229284,-0.00317689,-0.226451,-0.109222,0.154267,0.0330204,0.261537,-0.242169,-0.50971,-0.245077,-0.298386,0.283319,0.476241,-0.95684,-0.0236484,-0.166542,0.122685,0.10126,-0.046492,0.154823,0.0896297,-0.0162275,-0.0449485,0.0911641,0.0198318,-0.163572,-0.0479541,-0.0379677,-0.529914,0.00375762,0.114683,-0.00317689,0.128575,0.014558,0.154267,0.0470115,-0.0445772,-0.242169,0.0854629,0.0418606,0.370967,-0.00936914,-0.0544599
0.147999,0.0347963,-0.2393,0.205013,0.113567,-0.135766,-0.0357836,0.340915,0.186858,-0.141927,0.124663,-0.120073,-0.505473,-0.728231,-0.342036,-0.00192582,0.0857105,0.0300991,0.181338,-0.111672,-0.276236,-0.210667,0.302028,0.0328292,0.426548,-0.28996,-0.352243,-0.278788,-0.362574,-0.50442,-0.908431,0.228191,0.354531,0.205013,-0.0174057,0.080446,-0.0357836,-0.00333803,-0.0408079,-0.141927,0.082647,0.101716,-0.505473,0.268035,0.22198,-0.00192582,0.0040197,0.00619899,0.181338,0.0725833,0.127725,-0.210667,-0.0941342,0.040611,0.426548,0.108666,0.141085,-0.278788,0.343837,0.284557,-0.908431,-0.0182505,0.600612,0.147999,0.285379,0.209111,-0.0357836,0.154795,-0.105592,-0.141927,0.0328193,0.238125,-0.505473,-0.198517,0.148445,-0.00192582,-0.0505256,-0.0302019,0.181338,0.294286,0.315594,-0.210667,-0.441675,-0.110215,0.426548,0.319334,0.356047,-0.278788,0.387297,0.303122,-0.908431,0.173113,0.154596,0.147999,0.0184559,0.0390833,0.205013,0.00718299,0.0261611,-0.141927,-0.0276608,0.0224698,-0.505473,0.149157,0.0968787,-0.00192582,0.012481,-0.00500844,0.181338,0.0457269,0.0492862,-0.210667,-0.0454444,0.000930449,0.426548,0.0636952,0.0609608,-0.278788,0.0388682,0.0504672,-0.908431,0.149616,-0.168005,0.147999,-0.201487,-0.105912,0.205013,-0.0821402,-0.0943808,-0.0357836,-0.130613,-0.0114295,-0.505473,0.137416,-0.0892639,-0.00192582,-0.0132073,-0.0174672,0.181338,-0.109944,-0.122633,-0.210667,0.118897,-0.00828663,0.426548,-0.0768342,-0.118907,-0.278788,-0.221559,-0.158358,-0.908431,-0.311508,-0.12592,0.147999,-0.28403,-0.0686898,0.205013,-0.126682,-0.0373725,-0.0357836,-0.0657843,0.00876891,-0.141927,-0.047236,-0.041408,-0.00192582,-0.30818,-0.0306916,0.181338,-0.0880526,-0.0323239,-0.210667,-0.0699081,-0.146445,0.426548,-0.0309863,-0.0317375,-0.278788,0.0539016,0.0761799,-0.908431,-0.00340624,0.0122804,0.147999,0.000968965,0.00370789,0.205013,0.00145121,0.00315553,-0.0357836,0.00389411,-0.00305154,-0.141927,-0.00272268,0.00404183,-0.505473,-0.00435509,0.000832948,0.181338,0.00273569,0.00560952,-0.210667,-0.0107068,-0.0036,0.426548,0.00598433,0.00682074,-0.278788,0.00736296,0.00786502,-0.908431,0.0927991,0.383969,0.147999,0.0294208,0.119475,0.205013,-0.00186469,0.104404,-0.0357836,-0.0354956,-0.0591741,-0.141927,0.0109329,0.112527,-0.505473,0.00567115,0.034963,-0.00192582,-0.0770344,-0.00769137,-0.210667,-0.249642,-0.0664553,0.426548,0.173614,0.205705,-0.278788,0.250634,0.243541,-0.908431,-0.320652,0.0563081,0.147999,-0.259265,-0.0227615,0.205013,-0.129733,0.0171653,-0.0357836,-0.0848961,-0.0265949,-0.141927,-0.0631588,0.0125066,-0.505473,-0.544524,-0.453568,-0.00192582,-0.295403,-0.039871,0.181338,-0.0794295,0.0611753,0.426548,0.0480882,0.0919823,-0.278788,0.0544045,0.128692,-0.908431,0.386315,0.797512,0.147999,-0.104757,0.190514,0.205013,-0.0139332,0.162781,-0.0357836,-0.191033,-0.171995,-0.141927,-0.147073,0.151449,-0.505473,0.130738,0.0229502,-0.00192582,-0.157988,-0.0589134,0.181338,0.079156,0.314458,-0.210667,-0.505223,-0.207339,-0.278788,0.24716,0.445899,-0.908431,-0.0192757,-0.158135,0.147999,0.0879292,-0.0581281,0.205013,0.0962431,-0.0212432,-0.0357836,0.100616,0.0152028,-0.141927,-0.0426344,-0.0321011,-0.505473,0.00415801,0.108767,-0.00192582,0.159098,0.00680332,0.181338,0.0319682,-0.0531757,-0.210667,0.0922981,0.0351494,0.426548,-0.0221888,-0.0622279
0.173313,0.0133838,-0.285528,0.255204,0.118557,-0.169732,-0.0266187,0.303114,0.138865,-0.120283,0.179515,-0.100307,-0.481033,-0.707123,-0.326025,-0.000674748,0.0580487,-0.00770215,0.208409,-0.115368,-0.320688,-0.179165,0.322735,0.0222694,0.482129,-0.358353,-0.396429,-0.25919,-0.340754,-0.470475,-0.860023,0.216226,0.336851,0.255204,-0.00909842,0.0954999,-0.0266187,0.00921366,-0.0243092,-0.120283,0.0470944,0.086641,-0.481033,0.255884,0.212298,-0.000674748,0.0136806,0.0234021,0.208409,0.0886347,0.144703,-0.179165,-0.113283,0.0395847,0.482129,0.127387,0.155801,-0.25919,0.330031,0.266588,-0.860023,-0.0678107,0.57028,0.173313,0.345311,0.244262,-0.0266187,0.191732,-0.0711485,-0.120283,-0.000253292,0.196321,-0.481033,-0.14443,0.143432,-0.000674748,0.0344182,0.0196167,0.208409,0.362994,0.363647,-0.179165,-0.437703,-0.0837991,0.482129,0.323372,0.398062,-0.25919,0.351828,0.285037,-0.860023,0.163573,0.146388,0.173313,0.019018,0.0464604,0.255204,0.00973498,0.0327569,-0.120283,-0.0370938,0.0187756,-0.481033,0.145937,0.0921875,-0.000674748,0.023919,0.00169672,0.208409,0.045295,0.0571633,-0.179165,-0.0493217,0.0017529,0.482129,0.0741164,0.0685433,-0.25919,0.033609,0.047271,-0.860023,0.158815,-0.161224,0.173313,-0.232001,-0.119436,0.255204,-0.111052,-0.110442,-0.0266187,-0.14376,-0.0188412,-0.481033,0.114673,-0.0869896,-0.000674748,-0.0414642,-0.0344145,0.208409,-0.144202,-0.136713,-0.179165,0.133653,-0.0143223,0.482129,-0.0706361,-0.12907,-0.25919,-0.197491,-0.150231,-0.860023,-0.306836,-0.120722,0.173313,-0.265957,-0.0769077,0.255204,-0.143791,-0.0391949,-0.0266187,-0.0868382,-0.000136287,-0.120283,-0.022642,-0.0392562,-0.000674748,-0.344328,-0.0313634,0.208409,-0.0545723,-0.0324208,-0.179165,-0.0524371,-0.127691,0.482129,-0.0451295,-0.0317302,-0.25919,0.0474311,0.0684264,-0.860023,-0.00451987,0.0116089,0.173313,0.00305654,0.00450684,0.255204,0.00257526,0.00414643,-0.0266187,0.00411709,-0.0023551,-0.120283,-0.00305803,0.00316447,-0.481033,-0.00324573,0.000796186,0.208409,0.00446798,0.00660745,-0.179165,-0.0101836,-0.00299145,0.482129,0.00634173,0.00774443,-0.25919,0.00642501,0.00730887,-0.860023,0.0645167,0.364558,0.173313,0.0590169,0.13886,0.255204,0.0124043,0.127901,-0.0266187,-0.0165348,-0.0390604,-0.120283,-0.00918607,0.0946074,-0.481033,0.026825,0.0348325,-0.000674748,-0.0473892,0.0168415,-0.179165,-0.235002,-0.0502799,0.482129,0.189638,0.229592,-0.25919,0.232167,0.228381,-0.860023,-0.339078,0.052201,0.173313,-0.222681,-0.0238052,0.255204,-0.13068,0.0286707,-0.0266187,-0.0852318,-0.0247243,-0.120283,-0.043119,0.00566426,-0.481033,-0.491916,-0.431098,-0.000674748,-0.294691,-0.0265451,0.208409,-0.0333641,0.0755832,0.482129,0.0451788,0.107155,-0.25919,0.0495394,0.118153,-0.860023,0.319059,0.754767,0.173313,-0.0431619,0.227738,0.255204,0.00827831,0.208296,-0.0266187,-0.153216,-0.1291,-0.120283,-0.165465,0.122793,-0.481033,0.172727,0.0229719,-0.000674748,-0.0962658,-0.00860495,0.208409,0.128126,0.367378,-0.179165,-0.496777,-0.169602,-0.25919,0.211781,0.415556,-0.860023,-0.0154382,-0.149728,0.173313,0.0670215,-0.0697642,0.255204,0.105508,-0.0262589,-0.0266187,0.109539,0.0105738,-0.120283,-0.0351631,-0.0262345,-0.481033,0.00690167,0.102852,-0.000674748,0.18439,-0.000951387,0.208409,0.0153371,-0.0617741,-0.179165,0.0996089,0.0284382,0.482129,-0.0351364,-0.0699959
0.198626,-0.0225587,-0.331756,0.305395,0.124062,-0.203698,-0.0174538,0.26385,0.0908726,-0.0986378,0.231789,-0.0805412,-0.456593,-0.682265,-0.310014,0.000576325,0.0403324,-0.0455034,0.23548,-0.120333,-0.36514,-0.147663,0.336458,0.0117097,0.537711,-0.427476,-0.440614,-0.239592,-0.309014,-0.43653,-0.811615,0.204431,0.319171,0.305395,-0.000722123,0.110554,-0.0174538,0.0221952,-0.00781055,-0.0986378,0.0100794,0.0715654,-0.456593,0.243415,0.202617,0.000576325,0.0229367,0.0406052,0.23548,0.105206,0.161681,-0.147663,-0.1295,0.0385584,0.537711,0.146987,0.170517,-0.239592,0.309202,0.248619,-0.811615,-0.107562,0.539948,0.198626,0.408059,0.279412,-0.0174538,0.223064,-0.0367054,-0.0986378,-0.0237947,0.154517,-0.456593,-0.0860547,0.138419,0.000576325,0.111232,0.0694354,0.23548,0.4319,0.411699,-0.147663,-0.427603,-0.0573832,0.537711,0.332056,0.440076,-0.239592,0.311679,0.266952,-0.811615,0.154118,0.138181,0.198626,0.0217323,0.0538376,0.305395,0.0123502,0.0393527,-0.0986378,-0.045745,0.0150814,-0.456593,0.142179,0.0874964,0.000576325,0.0319126,0.00840188,0.23548,0.0449447,0.0650404,-0.147663,-0.0521346,0.00257535,0.537711,0.0846644,0.0761258,-0.239592,0.0265129,0.0440747,-0.811615,0.16446,-0.154442,0.198626,-0.260416,-0.13296,0.305395,-0.139447,-0.126503,-0.0174538,-0.15571,-0.0262528,-0.456593,0.0892718,-0.0847154,0.000576325,-0.0697459,-0.0513618,0.23548,-0.178559,-0.150793,-0.147663,0.146049,-0.020358,0.537711,-0.0673121,-0.139233,-0.239592,-0.173927,-0.142104,-0.811615,-0.298596,-0.115525,0.198626,-0.237843,-0.0851255,0.305395,-0.160589,-0.0410173,-0.0174538,-0.1085,-0.00904148,-0.0986378,0.00440189,-0.0371044,0.000576325,-0.364228,-0.0320353,0.23548,-0.0210703,-0.0325178,-0.147663,-0.0359261,-0.108937,0.537711,-0.0584897,-0.0317229,-0.239592,0.0454056,0.0606728,-0.811615,-0.00538407,0.0109375,0.198626,0.00551783,0.0053058,0.305395,0.00359032,0.00513733,-0.0174538,0.00413153,-0.00165866,-0.0986378,-0.00309603,0.0022871,-0.456593,-0.00205184,0.000759423,0.23548,0.00621556,0.00760538,-0.147663,-0.00953725,-0.0023829,0.537711,0.00679813,0.00866813,-0.239592,0.00548642,0.00675272,-0.811615,0.0417463,0.345148,0.198626,0.0960853,0.158245,0.305395,0.027506,0.151397,-0.0174538,0.000932446,-0.0189468,-0.0986378,-0.0263963,0.0766876,-0.456593,0.048317,0.0347021,0.000576325,-0.0204674,0.0413745,-0.147663,-0.216359,-0.0341046,0.537711,0.207619,0.253479,-0.239592,0.210623,0.213221,-0.811615,-0.349312,0.0480938,0.198626,-0.172901,-0.024849,0.305395,-0.131507,0.0401761,-0.0174538,-0.0881382,-0.0228537,-0.0986378,-0.0167889,-0.00117806,-0.456593,-0.437998,-0.408628,0.000576325,-0.287027,-0.0132193,0.23548,0.0130172,0.0899912,0.537711,0.0434157,0.122327,-0.239592,0.0490926,0.107613,-0.811615,0.260636,0.712021,0.198626,0.036645,0.264962,0.305395,0.026334,0.25381,-0.0174538,-0.120262,-0.0862058,-0.0986378,-0.172312,0.0941373,-0.456593,0.214738,0.0229937,0.000576325,-0.0454627,0.0417035,0.23548,0.178328,0.420298,-0.147663,-0.482092,-0.131865,-0.239592,0.177538,0.385214,-0.811615,-0.0120921,-0.141321,0.198626,0.0404045,-0.0814003,0.305395,0.116194,-0.0312746,-0.0174538,0.11755,0.00594476,-0.0986378,-0.0258392,-0.0203679,-0.456593,0.0107551,0.0969363,0.000576325,0.200538,-0.0087061,0.23548,-0.00189463,-0.0703725,-0.147663,0.105137,0.021727,0.537711,-0.0482128,-0.0777639
0.22394,-0.0731913,-0.377984,0.355586,0.129213,-0.237664,-0.00828893,0.224534,0.0428797,-0.0769931,0.281389,-0.0607751,-0.432152,-0.655983,-0.294004,0.0018274,0.0323236,-0.0833046,0.262551,-0.128803,-0.409592,-0.116161,0.341221,0.00114998,0.593292,-0.497194,-0.4848,-0.219994,-0.269505,-0.402586,-0.763207,0.192789,0.301491,0.355586,0.00799457,0.125608,-0.00828893,0.0351834,0.00868813,-0.0769931,-0.0268762,0.0564899,-0.432152,0.231289,0.192935,0.0018274,0.0324037,0.0578083,0.262551,0.122609,0.17866,-0.116161,-0.141353,0.0375321,0.593292,0.167426,0.185234,-0.219994,0.283492,0.230651,-0.763207,-0.135461,0.509616,0.22394,0.470293,0.314562,-0.00828893,0.254175,-0.00226236,-0.0769931,-0.0444722,0.112713,-0.432152,-0.0268734,0.133405,0.0018274,0.17829,0.119254,0.262551,0.49974,0.459752,-0.116161,-0.40996,-0.0309673,0.593292,0.345352,0.482091,-0.219994,0.268473,0.248867,-0.763207,0.14478,0.129974,0.22394,0.0267704,0.0612148,0.355586,0.0150792,0.0459484,-0.0769931,-0.0538192,0.0113872,-0.432152,0.138082,0.0828052,0.0018274,0.0362366,0.015107,0.262551,0.0450315,0.0729175,-0.116161,-0.0536703,0.0033978,0.593292,0.0953173,0.0837083,-0.219994,0.0181067,0.0408785,-0.763207,0.165857,-0.14766,0.22394,-0.284999,-0.146484,0.355586,-0.167339,-0.142564,-0.00828893,-0.16759,-0.0336645,-0.432152,0.0630141,-0.0824412,0.0018274,-0.0976556,-0.0683091,0.262551,-0.212157,-0.164873,-0.116161,0.153674,-0.0263936,0.593292,-0.0668143,-0.149396,-0.219994,-0.150947,-0.133977,-0.763207,-0.286107,-0.110327,0.22394,-0.202554,-0.0933434,0.355586,-0.176833,-0.0428397,-0.00828893,-0.13018,-0.0179467,-0.0769931,0.0315471,-0.0349526,0.0018274,-0.366609,-0.0327072,0.262551,0.0112055,-0.0326148,-0.116161,-0.0194468,-0.0901833,0.593292,-0.0710329,-0.0317156,-0.219994,0.0464482,0.0529193,-0.763207,-0.00594677,0.0102661,0.22394,0.00817665,0.00610476,0.355586,0.00451669,0.00612823,-0.00828893,0.00413966,-0.000962221,-0.0769931,-0.00303663,0.00140973,-0.432152,-0.000839972,0.000722661,0.262551,0.00795354,0.0086033,-0.116161,-0.00878316,-0.00177435,0.593292,0.00735152,0.00959182,-0.219994,0.00454366,0.00619657,-0.763207,0.0256264,0.325737,0.22394,0.138626,0.177629,0.355586,0.043518,0.174894,-0.00828893,0.0183303,0.00116679,-0.0769931,-0.0424964,0.0587679,-0.432152,0.0694295,0.0345717,0.0018274,0.00336628,0.0659074,-0.116161,-0.193846,-0.0179292,0.593292,0.227502,0.277366,-0.219994,0.186842,0.198061,-0.763207,-0.349657,0.0439866,0.22394,-0.114304,-0.0258927,0.355586,-0.132003,0.0516816,-0.00828893,-0.0911563,-0.0209831,-0.0769931,0.0109581,-0.00802038,-0.432152,-0.38436,-0.386158,0.0018274,-0.272327,0.000106499,0.262551,0.0585175,0.104399,0.593292,0.0428396,0.137499,-0.219994,0.0514568,0.0970733,-0.763207,0.21297,0.669276,0.22394,0.130259,0.302186,0.355586,0.0413593,0.299325,-0.00828893,-0.0874829,-0.0433112,-0.0769931,-0.174975,0.0654813,-0.432152,0.255704,0.0230154,0.0018274,-0.0065308,0.092012,0.262551,0.230099,0.473218,-0.116161,-0.46043,-0.0941278,-0.219994,0.143366,0.354871,-0.763207,-0.00926512,-0.132914,0.22394,0.00922463,-0.0930364,0.355586,0.127653,-0.0362903,-0.00828893,0.125523,0.00131576,-0.0769931,-0.0157918,-0.0145013,-0.432152,0.0146227,0.0910209,0.0018274,0.206195,-0.0164608,0.262551,-0.0197196,-0.0789709,-0.116161,0.106839,0.0150158,0.593292,-0.0614084,-0.0855319
0.249254,-0.12812,-0.424212,0.405776,0.131055,-0.271631,0.000875959,0.183023,-0.00511326,-0.0553484,0.326839,-0.041009,-0.407712,-0.628736,-0.277993,0.00307847,0.0313603,-0.121106,0.289622,-0.14609,-0.454044,-0.0846589,0.327384,-0.00940975,0.648873,-0.567334,-0.528985,-0.200396,-0.214058,-0.368641,-0.714798,0.181292,0.283811,0.405776,0.0181393,0.140662,0.000875959,0.0483554,0.0251868,-0.0553484,-0.0637139,0.0414144,-0.407712,0.219889,0.183253,0.00307847,0.0422805,0.0750115,0.289622,0.141779,0.195638,-0.0846589,-0.143325,0.0365058,0.648873,0.188614,0.19995,-0.200396,0.247909,0.212682,-0.714798,-0.153213,0.479284,0.249254,0.531007,0.349712,0.000875959,0.275692,0.0321807,-0.0553484,-0.0608163,0.0709085,-0.407712,0.0319803,0.128392,0.00307847,0.237381,0.169073,0.289622,0.564035,0.507805,-0.0846589,-0.377082,-0.00455136,0.648873,0.36297,0.524105,-0.200396,0.219129,0.230782,-0.714798,0.135553,0.121767,0.249254,0.0325486,0.068592,0.405776,0.0181614,0.0525442,-0.0553484,-0.0610013,0.00769298,-0.407712,0.133613,0.0781141,0.00307847,0.0376869,0.0218122,0.289622,0.0463312,0.0807945,-0.0846589,-0.052674,0.00422025,0.648873,0.106047,0.0912909,-0.200396,0.00704211,0.0376823,-0.714798,0.163614,-0.140879,0.249254,-0.307763,-0.160008,0.405776,-0.194405,-0.158625,0.000875959,-0.176196,-0.0410761,-0.407712,0.0363382,-0.0801669,0.00307847,-0.125101,-0.0852564,0.289622,-0.243295,-0.178953,-0.0846589,0.149026,-0.0324293,0.648873,-0.0689383,-0.159559,-0.200396,-0.129209,-0.12585,-0.714798,-0.270152,-0.10513,0.249254,-0.16638,-0.101561,0.405776,-0.191361,-0.0446622,0.000875959,-0.152568,-0.0268519,-0.0553484,0.0588101,-0.0328007,0.00307847,-0.354902,-0.0333791,0.289622,0.0397043,-0.0327117,-0.0846589,-0.0014036,-0.0714294,0.648873,-0.0827694,-0.0317083,-0.200396,0.0536915,0.0451657,-0.714798,-0.00625244,0.00959467,0.249254,0.0108198,0.00690371,0.405776,0.00535293,0.00711914,0.000875959,0.00389205,-0.00026578,-0.0553484,-0.0028294,0.000532362,-0.407712,0.00036907,0.000685899,0.289622,0.00963943,0.00960123,-0.0846589,-0.00787329,-0.0011658,0.648873,0.00799451,0.0105155,-0.200396,0.00359149,0.00564042,-0.714798,0.0151149,0.306327,0.249254,0.181917,0.197014,0.405776,0.0613417,0.198391,0.000875959,0.0326002,0.0212804,-0.0553484,-0.0569033,0.0408481,-0.407712,0.0897459,0.0344412,0.00307847,0.0248349,0.0904403,-0.0846589,-0.165024,-0.00175377,0.648873,0.249128,0.301252,-0.200396,0.158508,0.182901,-0.714798,-0.341761,0.0398795,0.249254,-0.05497,-0.0269364,0.405776,-0.131267,0.063187,0.000875959,-0.0991426,-0.0191125,-0.0553484,0.0408226,-0.0148627,-0.407712,-0.331739,-0.363689,0.00307847,-0.251933,0.0134323,0.289622,0.100859,0.118807,0.648873,0.0434264,0.152672,-0.200396,0.0594401,0.0865337,-0.714798,0.174422,0.626531,0.249254,0.226032,0.33941,0.405776,0.0546414,0.34484,0.000875959,-0.0621832,-0.000416629,-0.0553484,-0.171267,0.0368254,-0.407712,0.294845,0.0230372,0.00307847,0.0232767,0.14232,0.289622,0.284833,0.526139,-0.0846589,-0.425681,-0.0563906,-0.200396,0.109154,0.324529,-0.714798,-0.00684955,-0.124507,0.249254,-0.0227965,-0.104672,0.405776,0.138436,-0.041306,0.000875959,0.131755,-0.00331324,-0.0553484,-0.0046404,-0.00863468,-0.407712,0.0180672,0.0851055,0.00307847,0.203146,-0.0242155,0.289622,-0.0384614,-0.0875693,-0.0846589,0.0985092,0.0083046,0.648873,-0.074707,-0.0932999
0.274567,-0.196123,-0.47044,0.455967,0.127931,-0.305597,0.0100408,0.13812,-0.0531062,-0.0337036,0.369492,-0.0212429,-0.383272,-0.601676,-0.261982,0.00432954,0.0359634,-0.158907,0.316693,-0.172154,-0.498496,-0.0531567,0.306485,-0.0199695,0.704455,-0.637764,-0.573171,-0.180798,-0.137349,-0.334696,-0.66639,0.169951,0.266131,0.455967,0.0302398,0.155716,0.0100408,0.0611112,0.0416855,-0.0337036,-0.0997435,0.0263389,-0.383272,0.209661,0.173571,0.00432954,0.0527221,0.0922146,0.316693,0.16248,0.212616,-0.0531567,-0.141479,0.0354795,0.704455,0.210649,0.214666,-0.180798,0.199723,0.194713,-0.66639,-0.161972,0.448952,0.274567,0.583473,0.384862,0.0100408,0.280589,0.0666238,-0.0337036,-0.0774863,0.0291045,-0.383272,0.088572,0.123379,0.00432954,0.289311,0.218891,0.316693,0.62425,0.555857,-0.0531567,-0.338457,0.0218646,0.704455,0.385835,0.56612,-0.180798,0.162157,0.212697,-0.66639,0.126435,0.11356,0.274567,0.0407388,0.0759692,0.455967,0.0216976,0.05914,-0.0337036,-0.0676902,0.00399878,-0.383272,0.128836,0.0734229,0.00432954,0.0366499,0.0285174,0.316693,0.0489169,0.0886716,-0.0531567,-0.0507262,0.0050427,0.704455,0.116833,0.0988734,-0.180798,-0.00745039,0.034486,-0.66639,0.15813,-0.134097,0.274567,-0.323149,-0.173532,0.455967,-0.220645,-0.174687,0.0100408,-0.1775,-0.0484878,-0.383272,0.0101745,-0.0778927,0.00432954,-0.151992,-0.102204,0.316693,-0.27161,-0.193033,-0.0531567,0.139526,-0.038465,0.704455,-0.0741977,-0.169721,-0.180798,-0.109299,-0.117723,-0.66639,-0.251307,-0.0999324,0.274567,-0.130724,-0.109779,0.455967,-0.203685,-0.0464846,0.0100408,-0.175737,-0.0357571,-0.0337036,0.0850247,-0.0306489,0.00432954,-0.330613,-0.034051,0.316693,0.0639678,-0.0328087,-0.0531567,0.0173652,-0.0526754,0.704455,-0.0934587,-0.031701,-0.180798,0.0688261,0.0374122,-0.66639,-0.00633157,0.00892325,0.274567,0.0132207,0.00770267,0.455967,0.00613301,0.00811004,0.0100408,0.00333616,0.00043066,-0.0337036,-0.00262008,-0.000345005,-0.383272,0.00153872,0.000649136,0.316693,0.0112545,0.0105992,-0.0531567,-0.00690979,-0.000557249,0.704455,0.00874402,0.0114392,-0.180798,0.00262337,0.00508427,-0.66639,0.00947877,0.286917,0.274567,0.225251,0.216399,0.455967,0.0811673,0.221887,0.0100408,0.0406906,0.041394,-0.0337036,-0.0710507,0.0229283,-0.383272,0.108781,0.0343108,0.00432954,0.0443326,0.114973,-0.0531567,-0.133947,0.0144216,0.704455,0.272801,0.325139,-0.180798,0.124257,0.167741,-0.66639,-0.326817,0.0357723,0.274567,0.0017306,-0.0279801,0.455967,-0.128879,0.0746924,0.0100408,-0.116491,-0.0172419,-0.0337036,0.0697531,-0.021705,-0.383272,-0.281122,-0.341219,0.00432954,-0.22637,0.0267581,0.316693,0.139429,0.133215,0.704455,0.0455087,0.167844,-0.180798,0.0743213,0.0759941,-0.66639,0.143835,0.583786,0.274567,0.323416,0.376635,0.455967,0.0681538,0.390354,0.0100408,-0.0487164,0.0424779,-0.0337036,-0.166867,0.0081694,-0.383272,0.331361,0.0230589,0.00432954,0.0453988,0.192629,0.316693,0.341888,0.579059,-0.0531567,-0.386076,-0.0186534,-0.180798,0.0741376,0.294187,-0.66639,-0.00477736,-0.1161,0.274567,-0.056075,-0.116309,0.455967,0.147359,-0.0463217,0.0100408,0.134738,-0.00794224,-0.0337036,0.00670127,-0.00276806,-0.383272,0.0204418,0.0791901,0.00432954,0.192093,-0.0319702,0.316693,-0.0577191,-0.0961677,-0.0531567,0.0862018,0.0015934,0.704455,-0.0881156,-0.101068
0.299881,-0.26951,-0.516668,0.506158,0.124807,-0.339563,0.0192057,0.0932184,-0.101099,-0.0120589,0.405361,-0.00147683,-0.358831,-0.575672,-0.245972,0.00558062,0.0441901,-0.196708,0.343764,-0.206496,-0.542948,-0.0216546,0.274884,-0.0305292,0.760036,-0.70822,-0.617357,-0.1612,-0.0361795,-0.300752,-0.617982,0.158921,0.248452,0.506158,0.0423403,0.17077,0.0192057,0.0738671,0.0581842,-0.0120589,-0.133447,0.0112633,-0.358831,0.200882,0.16389,0.00558062,0.064083,0.109418,0.343764,0.184566,0.229594,-0.0216546,-0.133664,0.0344533,0.760036,0.232782,0.229382,-0.1612,0.137372,0.176744,-0.617982,-0.157531,0.41862,0.299881,0.627747,0.420012,0.0192057,0.285485,0.101067,-0.0120589,-0.0965737,-0.0126996,-0.358831,0.14155,0.118366,0.00558062,0.334605,0.26871,0.343764,0.680608,0.60391,-0.0216546,-0.291215,0.0482805,0.760036,0.409321,0.608134,-0.1612,0.0967364,0.194612,-0.617982,0.117498,0.105353,0.299881,0.0501335,0.0833463,0.506158,0.0252338,0.0657358,-0.0120589,-0.0732369,0.000304582,-0.358831,0.123817,0.0687318,0.00558062,0.0334975,0.0352225,0.343764,0.0527323,0.0965487,-0.0216546,-0.047363,0.00586515,0.760036,0.127625,0.106456,-0.1612,-0.025817,0.0312898,-0.617982,0.147849,-0.127316,0.299881,-0.333055,-0.187056,0.506158,-0.246884,-0.190748,0.0192057,-0.178804,-0.0558994,-0.358831,-0.0147947,-0.0756184,0.00558062,-0.17809,-0.119151,0.343764,-0.2972,-0.207113,-0.0216546,0.122146,-0.0445006,0.760036,-0.0798265,-0.179884,-0.1612,-0.0915966,-0.109596,-0.617982,-0.228718,-0.0947349,0.299881,-0.0995305,-0.117997,0.506158,-0.21601,-0.048307,0.0192057,-0.198905,-0.0446622,-0.0120589,0.10813,-0.0284971,0.00558062,-0.294818,-0.0347228,0.343764,0.0841393,-0.0329057,-0.0216546,0.037595,-0.0339215,0.760036,-0.104021,-0.0316937,-0.1612,0.0928158,0.0296587,-0.617982,-0.00608174,0.00825182,0.299881,0.0152647,0.00850163,0.506158,0.00691308,0.00910094,0.0192057,0.00278028,0.0011271,-0.0120589,-0.00245463,-0.00122237,-0.358831,0.00264326,0.000612374,0.343764,0.0127995,0.0115971,-0.0216546,-0.00588006,5.13017e-05,0.760036,0.00950605,0.0123629,-0.1612,0.00163491,0.00452812,-0.617982,0.0107357,0.267506,0.299881,0.265631,0.235783,0.506158,0.100993,0.245384,0.0192057,0.048781,0.0615076,-0.0120589,-0.0850102,0.00500851,-0.358831,0.126235,0.0341804,0.00558062,0.0623133,0.139506,-0.0216546,-0.0998366,0.030597,0.760036,0.296713,0.349026,-0.1612,0.0832908,0.152582,-0.617982,-0.302235,0.0316652,0.299881,0.0508948,-0.0290238,0.506158,-0.126492,0.0861978,0.0192057,-0.133839,-0.0153713,-0.0120589,0.0952343,-0.0285473,-0.358831,-0.233151,-0.318749,0.00558062,-0.195908,0.040084,0.343764,0.174366,0.147623,0.760036,0.0477713,0.183016,-0.1612,0.0967868,0.0654545,-0.617982,0.124597,0.541041,0.299881,0.41489,0.413859,0.506158,0.0816663,0.435869,0.0192057,-0.0352496,0.0853725,-0.0120589,-0.162596,-0.0204866,-0.358831,0.36479,0.0230807,0.00558062,0.0614279,0.242937,0.343764,0.401113,0.631979,-0.0216546,-0.339418,0.0190838,-0.1612,0.0377518,0.263844,-0.617982,-0.00315172,-0.107693,0.299881,-0.0881454,-0.127945,0.506158,0.156281,-0.0513374,0.0192057,0.13772,-0.0125712,-0.0120589,0.0182269,0.00309855,-0.358831,0.0213123,0.0732747,0.00558062,0.173254,-0.0397249,0.343764,-0.0773758,-0.104766,-0.0216546,0.0674005,-0.0051178,0.760036,-0.101537,-0.108836
0.325195,-0.347605,-0.562896,0.556349,0.121684,-0.373529,0.0283706,0.0483164,-0.149092,0.00958583,0.434853,0.0182893,-0.334391,-0.551633,-0.229961,0.00683169,0.0530083,-0.234509,0.370835,-0.248881,-0.587401,0.00984751,0.219544,-0.0410889,0.815617,-0.778668,-0.661542,-0.141602,0.0850331,-0.266807,-0.569574,0.147908,0.230772,0.556349,0.0544408,0.185823,0.0283706,0.0866229,0.0746829,0.00958583,-0.164193,-0.00381219,-0.334391,0.193979,0.154208,0.00683169,0.0764668,0.126621,0.370835,0.207978,0.246573,0.00984751,-0.112379,0.033427,0.815617,0.255697,0.244098,-0.141602,0.0631433,0.158776,-0.569574,-0.152367,0.388288,0.325195,0.660751,0.455162,0.0283706,0.290382,0.13551,0.00958583,-0.121368,-0.0545036,-0.334391,0.189255,0.113352,0.00683169,0.375688,0.318528,0.370835,0.73322,0.651963,0.00984751,-0.224943,0.0746964,0.815617,0.438164,0.650149,-0.141602,0.0241867,0.176527,-0.569574,0.108572,0.0971454,0.325195,0.0607626,0.0907235,0.556349,0.0287699,0.0723315,0.00958583,-0.077824,-0.00338962,-0.334391,0.118587,0.0640406,0.00683169,0.0292147,0.0419277,0.370835,0.0577477,0.104426,0.00984751,-0.0408773,0.00668761,0.815617,0.138426,0.114038,-0.141602,-0.0472113,0.0280935,-0.569574,0.137305,-0.120534,0.325195,-0.33608,-0.20058,0.556349,-0.273124,-0.206809,0.0283706,-0.180107,-0.0633111,-0.334391,-0.0378093,-0.0733442,0.00683169,-0.203376,-0.136098,0.370835,-0.320124,-0.221193,0.00984751,0.0869478,-0.0505363,0.815617,-0.0885937,-0.190047,-0.141602,-0.0758957,-0.101469,-0.569574,-0.205931,-0.0895375,0.325195,-0.075878,-0.126215,0.556349,-0.228334,-0.0501294,0.0283706,-0.222074,-0.0535674,0.00958583,0.12712,-0.0263453,0.00683169,-0.251896,-0.0353947,0.370835,0.100306,-0.0330026,0.00984751,0.0611624,-0.0151675,0.815617,-0.113423,-0.0316864,-0.141602,0.123855,0.0219051,-0.569574,-0.00581391,0.00758039,0.325195,0.0167763,0.00930058,0.556349,0.00769315,0.0100918,0.0283706,0.00222439,0.00182354,0.00958583,-0.00243358,-0.00209974,-0.334391,0.00365152,0.000575612,0.370835,0.0142753,0.012595,0.00984751,-0.00470611,0.000659853,0.815617,0.0103738,0.0132866,-0.141602,0.000635884,0.00397197,-0.569574,0.0123672,0.248096,0.325195,0.300882,0.255168,0.556349,0.120819,0.268881,0.0283706,0.0568714,0.0816213,0.00958583,-0.0997255,-0.0129113,-0.334391,0.141645,0.0340499,0.00683169,0.079676,0.164039,0.00984751,-0.0594156,0.0467724,0.815617,0.322622,0.372913,-0.141602,0.0367047,0.137422,-0.569574,-0.277133,0.027558,0.325195,0.0879433,-0.0300675,0.556349,-0.124105,0.0977032,0.0283706,-0.151188,-0.0135007,0.00958583,0.114975,-0.0353897,-0.334391,-0.188732,-0.296279,0.00683169,-0.162222,0.0534098,0.370835,0.205753,0.162031,0.815617,0.0516748,0.198189,-0.141602,0.125152,0.0549149,-0.569574,0.105977,0.498296,0.325195,0.495567,0.451083,0.556349,0.0951787,0.481384,0.0283706,-0.0217828,0.128267,0.00958583,-0.162255,-0.0491425,-0.334391,0.394334,0.0231024,0.00683169,0.0747373,0.293246,0.370835,0.462446,0.684899,0.00984751,-0.276922,0.056821,-0.141602,0.000662163,0.233502,-0.569574,-0.00154983,-0.0992865,0.325195,-0.117681,-0.139581,0.556349,0.165204,-0.0563531,0.0283706,0.140702,-0.0172002,0.00958583,0.0293397,0.00896516,-0.334391,0.0201026,0.0673593,0.00683169,0.149067,-0.0474797,0.370835,-0.0973932,-0.113365,0.00984751,0.0339341,-0.011829,0.815617,-0.11505,-0.116604
0.350508,-0.428808,-0.609124,0.606539,0.108162,-0.407496,0.0375355,0.00341432,-0.197085,0.0312306,0.454657,0.0380554,-0.309951,-0.53149,-0.21395,0.00808276,0.0609814,-0.272311,0.397906,-0.291266,-0.631853,0.0413496,0.152888,-0.0516487,0.871199,-0.848568,-0.705728,-0.122004,0.202369,-0.232862,-0.521165,0.137247,0.213092,0.606539,0.0703452,0.200877,0.0375355,0.0993787,0.0911816,0.0312306,-0.189692,-0.0188877,-0.309951,0.190007,0.144526,0.00808276,0.0898078,0.143824,0.397906,0.23139,0.263551,0.0413496,-0.0841953,0.0324007,0.871199,0.279375,0.258814,-0.122004,-0.0122285,0.140807,-0.521165,-0.136765,0.357956,0.350508,0.678694,0.490312,0.0375355,0.295278,0.169953,0.0312306,-0.15796,-0.0963077,-0.309951,0.227899,0.108339,0.00808276,0.414122,0.368347,0.397906,0.785831,0.700015,0.0413496,-0.149718,0.101112,0.871199,0.473243,0.692163,-0.122004,-0.0498552,0.158442,-0.521165,0.0998219,0.0889382,0.350508,0.0725428,0.0981007,0.606539,0.0331387,0.0789273,0.0312306,-0.0810557,-0.00708382,-0.309951,0.113163,0.0593495,0.00808276,0.0243716,0.0486328,0.397906,0.0627631,0.112303,0.0413496,-0.0329174,0.00751006,0.871199,0.149151,0.121621,-0.122004,-0.0670655,0.0248973,-0.521165,0.122916,-0.113752,0.350508,-0.330683,-0.214104,0.606539,-0.298281,-0.22287,0.0375355,-0.181411,-0.0707227,-0.309951,-0.0572091,-0.07107,0.00808276,-0.227932,-0.153046,0.397906,-0.343048,-0.235273,0.0413496,0.0429753,-0.056572,0.871199,-0.100904,-0.20021,-0.122004,-0.0610297,-0.0933418,-0.521165,-0.180854,-0.08434,0.350508,-0.0639641,-0.134433,0.606539,-0.236622,-0.0519519,0.0375355,-0.245243,-0.0624726,0.0312306,0.138726,-0.0241935,0.00808276,-0.204613,-0.0360666,0.397906,0.116473,-0.0330996,0.0413496,0.0860516,0.00358641,0.871199,-0.121307,-0.0316791,-0.122004,0.152637,0.0141516,-0.521165,-0.00529069,0.00690897,0.350508,0.0175273,0.0100995,0.606539,0.00847857,0.0110827,0.0375355,0.0016685,0.00251998,0.0312306,-0.00272928,-0.00297711,-0.309951,0.00449287,0.000538849,0.397906,0.0157511,0.0135929,0.0413496,-0.00344751,0.0012684,0.871199,0.0113594,0.0142103,-0.122004,-0.000303911,0.00341582,-0.521165,0.0190969,0.228686,0.350508,0.328021,0.274553,0.606539,0.143722,0.292377,0.0375355,0.0649618,0.101735,0.0312306,-0.116432,-0.030831,-0.309951,0.15386,0.0339195,0.00808276,0.0968953,0.188572,0.0413496,-0.016768,0.0629478,0.871199,0.350692,0.3968,-0.122004,-0.0100913,0.122262,-0.521165,-0.245356,0.0234508,0.350508,0.106729,-0.0311113,0.606539,-0.118572,0.109209,0.0375355,-0.168536,-0.0116301,0.0312306,0.123634,-0.042232,-0.309951,-0.150034,-0.273809,0.00808276,-0.126424,0.0667356,0.397906,0.237139,0.176439,0.871199,0.057691,0.213361,-0.122004,0.15105,0.0443753,-0.521165,0.0958813,0.455551,0.350508,0.558662,0.488307,0.606539,0.113598,0.526899,0.0375355,-0.00831605,0.171162,0.0312306,-0.17147,-0.0777985,-0.309951,0.417955,0.0231242,0.00808276,0.0871526,0.343554,0.397906,0.523779,0.73782,0.0413496,-0.20571,0.0945582,-0.122004,-0.0312744,0.20316,-0.521165,-0.000223847,-0.0908795,0.350508,-0.142799,-0.151217,0.606539,0.168915,-0.0613688,0.0375355,0.143685,-0.0218292,0.0312306,0.0392638,0.0148318,-0.309951,0.0154582,0.0614439,0.00808276,0.121224,-0.0552344,0.397906,-0.117411,-0.121963,0.0413496,-0.00664215,-0.0185402,0.871199,-0.128634,-0.124372
0.375822,-0.511725,-0.655352,0.65673,0.0876212,-0.441462,0.0467004,-0.0445446,-0.245078,0.0528753,0.469691,0.0578214,-0.28551,-0.51542,-0.197939,0.00933383,0.064258,-0.310112,0.424977,-0.344041,-0.676305,0.0728518,0.0810541,-0.0622084,0.92678,-0.918468,-0.749914,-0.102406,0.27575,-0.198917,-0.472757,0.126844,0.195412,0.65673,0.0887524,0.215931,0.0467004,0.111289,0.10768,0.0528753,-0.212499,-0.0339632,-0.28551,0.188826,0.134844,0.00933383,0.104896,0.161027,0.424977,0.256402,0.280529,0.0728518,-0.0523717,0.0313744,0.92678,0.303052,0.273531,-0.102406,-0.0698196,0.122838,-0.472757,-0.115707,0.327624,0.375822,0.680477,0.525463,0.0467004,0.283983,0.204396,0.0528753,-0.200698,-0.138112,-0.28551,0.257555,0.103326,0.00933383,0.45063,0.418166,0.424977,0.833614,0.748068,0.0728518,-0.0705029,0.127528,0.92678,0.508323,0.734178,-0.102406,-0.115175,0.140357,-0.472757,0.0911866,0.080731,0.375822,0.0853088,0.105478,0.65673,0.038043,0.0855231,0.0528753,-0.0836301,-0.010778,-0.28551,0.107617,0.0546583,0.00933383,0.0196267,0.055338,0.424977,0.0693608,0.12018,0.0728518,-0.0242912,0.00833251,0.92678,0.159876,0.129203,-0.102406,-0.0780168,0.0217011,-0.472757,0.106479,-0.106971,0.375822,-0.316754,-0.227628,0.65673,-0.32285,-0.238931,0.0467004,-0.174623,-0.0781343,-0.28551,-0.0729192,-0.0687957,0.00933383,-0.251217,-0.169993,0.424977,-0.362414,-0.249353,0.0728518,-0.00516913,-0.0626076,0.92678,-0.113215,-0.210373,-0.102406,-0.0446684,-0.0852147,-0.472757,-0.155041,-0.0791425,0.375822,-0.06566,-0.14265,0.65673,-0.242315,-0.0537743,0.0467004,-0.268907,-0.0713778,0.0528753,0.146553,-0.0220417,0.00933383,-0.154571,-0.0367385,0.424977,0.127284,-0.0331966,0.0728518,0.11113,0.0223404,0.92678,-0.129192,-0.0316718,-0.102406,0.163873,0.00639807,-0.472757,-0.00463718,0.00623754,0.375822,0.017434,0.0108985,0.65673,0.00929505,0.0120736,0.0467004,0.000893087,0.00321642,0.0528753,-0.00319317,-0.00385448,-0.28551,0.00516804,0.000502087,0.424977,0.0171315,0.0145909,0.0728518,-0.00212756,0.00187695,0.92678,0.012345,0.015134,-0.102406,-0.00108375,0.00285966,-0.472757,0.0282502,0.209275,0.375822,0.345762,0.293937,0.65673,0.168454,0.315874,0.0467004,0.0665764,0.121848,0.0528753,-0.134206,-0.0487508,-0.28551,0.163034,0.033789,0.00933383,0.114834,0.213105,0.0728518,0.026129,0.0791232,0.92678,0.378762,0.420686,-0.102406,-0.0476739,0.107102,-0.472757,-0.210738,0.0193437,0.375822,0.104617,-0.032155,0.65673,-0.110985,0.120714,0.0467004,-0.195458,-0.00975945,0.0528753,0.126537,-0.0490743,-0.28551,-0.11686,-0.251339,0.00933383,-0.0888085,0.0800614,0.424977,0.26381,0.190847,0.92678,0.0637073,0.228534,-0.102406,0.160918,0.0338357,-0.472757,0.0899334,0.412806,0.375822,0.60108,0.525531,0.65673,0.136319,0.572413,0.0467004,-0.00570333,0.214056,0.0528753,-0.185836,-0.106454,-0.28551,0.436007,0.023146,0.00933383,0.101657,0.393863,0.424977,0.587832,0.79074,0.0728518,-0.129091,0.132295,-0.102406,-0.0496159,0.172817,-0.472757,0.0010109,-0.0824726,0.375822,-0.162587,-0.162853,0.65673,0.168815,-0.0663846,0.0467004,0.143359,-0.0264582,0.0528753,0.0485275,0.0206984,-0.28551,0.0074637,0.0555285,0.00933383,0.0897488,-0.0629891,0.424977,-0.137729,-0.130561,0.0728518,-0.0504646,-0.0252514,0.92678,-0.142219,-0.13214
0.401136,-0.595569,-0.70158,0.706921,0.0576994,-0.475428,0.0558653,-0.094991,-0.293071,0.07452,0.475733,0.0775875,-0.26107,-0.500522,-0.181929,0.0105849,0.0630455,-0.347913,0.452048,-0.403296,-0.720757,0.104354,0.00935173,-0.0727681,0.982361,-0.988369,-0.794099,-0.0828085,0.272163,-0.164973,-0.424349,0.116742,0.177732,0.706921,0.11044,0.230985,0.0558653,0.122308,0.124179,0.07452,-0.230101,-0.0490388,-0.26107,0.188386,0.125163,0.0105849,0.121177,0.17823,0.452048,0.282351,0.297507,0.104354,-0.019446,0.0303481,0.982361,0.326729,0.288247,-0.0828085,-0.0940338,0.104869,-0.424349,-0.0889892,0.297292,0.401136,0.670909,0.560613,0.0558653,0.259223,0.238839,0.07452,-0.25315,-0.179916,-0.26107,0.284716,0.0983126,0.0105849,0.487006,0.467984,0.452048,0.878391,0.796121,0.104354,0.00835022,0.153944,0.982361,0.543402,0.776192,-0.0828085,-0.163349,0.122272,-0.424349,0.082681,0.0725238,0.401136,0.0987344,0.112855,0.706921,0.0436368,0.0921189,0.07452,-0.0848821,-0.0144722,-0.26107,0.102054,0.0499672,0.0105849,0.0154052,0.0620431,0.452048,0.0769616,0.128057,0.104354,-0.0157021,0.00915496,0.982361,0.170601,0.136786,-0.0828085,-0.0740041,0.0185048,-0.424349,0.0879011,-0.100189,0.401136,-0.297149,-0.241152,0.706921,-0.346778,-0.254992,0.0558653,-0.160689,-0.085546,-0.26107,-0.0875792,-0.0665215,0.0105849,-0.27366,-0.18694,0.452048,-0.379504,-0.263433,0.104354,-0.0535949,-0.0686433,0.982361,-0.125525,-0.220536,-0.0828085,-0.0248874,-0.0770877,-0.424349,-0.128687,-0.0739451,0.401136,-0.0774641,-0.150868,0.706921,-0.244665,-0.0555967,0.0558653,-0.292794,-0.080283,0.07452,0.147447,-0.0198898,0.0105849,-0.104763,-0.0374104,0.452048,0.134662,-0.0332935,0.104354,0.135176,0.0410943,0.982361,-0.137077,-0.0316645,-0.0828085,0.144975,-0.00135547,-0.424349,-0.00385014,0.00556612,0.401136,0.0167352,0.0116975,0.706921,0.0101804,0.0130645,0.0558653,-3.23617e-05,0.00391286,0.07452,-0.00395316,-0.00473184,-0.26107,0.00579689,0.000465325,0.452048,0.0184492,0.0155888,0.104354,-0.000753318,0.00248551,0.982361,0.0133306,0.0160577,-0.0828085,-0.00162083,0.00230351,-0.424349,0.0397991,0.189865,0.401136,0.356659,0.313322,0.706921,0.195383,0.339371,0.0558653,0.0626662,0.141962,0.07452,-0.153415,-0.0666706,-0.26107,0.171396,0.0336586,0.0105849,0.133662,0.237638,0.104354,0.0671216,0.0952986,0.982361,0.406831,0.444573,-0.0828085,-0.0682761,0.0919421,-0.424349,-0.17349,0.0152365,0.401136,0.0870558,-0.0331987,0.706921,-0.100722,0.132219,0.0558653,-0.230401,-0.00788884,0.07452,0.119044,-0.0559166,-0.26107,-0.085178,-0.228869,0.0105849,-0.0507827,0.0933872,0.452048,0.287472,0.205255,0.982361,0.0697236,0.243706,-0.0828085,0.143589,0.0232961,-0.424349,0.0881368,0.37006,0.401136,0.628208,0.562755,0.706921,0.16577,0.617928,0.0558653,-0.0117483,0.256951,0.07452,-0.209038,-0.13511,-0.26107,0.452582,0.0231677,0.0105849,0.119103,0.444171,0.452048,0.65358,0.84366,0.104354,-0.0491127,0.170033,-0.0828085,-0.0474215,0.142475,-0.424349,0.00217675,-0.0740657,0.401136,-0.178391,-0.174489,0.706921,0.163328,-0.0714003,0.0558653,0.140193,-0.0310872,0.07452,0.0565715,0.026565,-0.26107,-0.0014409,0.0496131,0.0105849,0.0570294,-0.0707438,0.452048,-0.15815,-0.13916,0.104354,-0.0941871,-0.0319626,0.982361,-0.155804,-0.139908
0.426449,-0.679771,-0.747808,0.757112,0.0172887,-0.509394,0.0650302,-0.147071,-0.341064,0.0961647,0.474069,0.0973536,-0.23663,-0.492487,-0.165918,0.011836,0.0532591,-0.385714,0.479119,-0.465686,-0.765209,0.135856,-0.055171,-0.0833279,1.03794,-1.0543,-0.838285,-0.0632105,0.170337,-0.131028,-0.375941,0.106773,0.160052,0.757112,0.13575,0.246039,0.0650302,0.132553,0.140678,0.0961647,-0.243244,-0.0641143,-0.23663,0.19225,0.115481,0.011836,0.139335,0.195433,0.479119,0.308711,0.314486,0.135856,0.0110439,0.0293218,1.03794,0.350763,0.302963,-0.0632105,-0.0744655,0.0869007,-0.375941,-0.0608745,0.26696,0.426449,0.65335,0.595763,0.0650302,0.226363,0.273282,0.0961647,-0.313924,-0.22172,-0.23663,0.297102,0.0932993,0.011836,0.524572,0.517803,0.479119,0.921717,0.844173,0.135856,0.0810992,0.18036,1.03794,0.588369,0.818207,-0.0632105,-0.188184,0.104186,-0.375941,0.0742252,0.0643166,0.426449,0.112595,0.120232,0.757112,0.0499837,0.0987147,0.0961647,-0.0850011,-0.0181664,-0.23663,0.0963975,0.045276,0.011836,0.0125446,0.0687483,0.479119,0.0850598,0.135934,0.135856,-0.00808099,0.00997741,1.03794,0.180705,0.144369,-0.0632105,-0.0511298,0.0153086,-0.375941,0.0687656,-0.0934077,0.426449,-0.274033,-0.254676,0.757112,-0.370088,-0.271053,0.0650302,-0.141927,-0.0929576,-0.23663,-0.0960068,-0.0642473,0.011836,-0.294812,-0.203888,0.479119,-0.395449,-0.277513,0.135856,-0.097083,-0.074679,1.03794,-0.142813,-0.230699,-0.0632105,-0.000489905,-0.0689606,-0.375941,-0.10257,-0.0687476,0.426449,-0.0972137,-0.159086,0.757112,-0.243369,-0.0574191,0.0650302,-0.316266,-0.0891882,0.0961647,0.142402,-0.017738,0.011836,-0.0578173,-0.0380822,0.479119,0.14031,-0.0333905,0.135856,0.156717,0.0598482,1.03794,-0.141614,-0.0316572,-0.0632105,0.0879781,-0.00910901,-0.375941,-0.00303273,0.00489469,0.426449,0.0155919,0.0124964,0.757112,0.0111615,0.0140555,0.0650302,-0.0010138,0.0046093,0.0961647,-0.00496683,-0.00560921,-0.23663,0.00615096,0.000428562,0.479119,0.0197342,0.0165867,0.135856,0.000657922,0.00309406,1.03794,0.0144724,0.0169814,-0.0632105,-0.00186603,0.00174736,-0.375941,0.0517449,0.170454,0.426449,0.3624,0.332707,0.757112,0.224597,0.362867,0.0650302,0.0554835,0.162076,0.0961647,-0.173853,-0.0845904,-0.23663,0.174963,0.0335282,0.011836,0.154361,0.262171,0.135856,0.103619,0.111474,1.03794,0.437381,0.46846,-0.0632105,-0.0665285,0.0767822,-0.375941,-0.136115,0.0111293,0.426449,0.0574373,-0.0342424,0.757112,-0.0875145,0.143725,0.0650302,-0.269686,-0.00601824,0.0961647,0.102642,-0.0627589,-0.23663,-0.062302,-0.206399,0.011836,-0.0130893,0.106713,0.479119,0.309631,0.219663,1.03794,0.0802531,0.258878,-0.0632105,0.0918748,0.0127565,-0.375941,0.0871167,0.327315,0.426449,0.643454,0.59998,0.757112,0.203425,0.663443,0.0650302,-0.0221801,0.299845,0.0961647,-0.23981,-0.163766,-0.23663,0.460366,0.0231895,0.011836,0.142958,0.49448,0.479119,0.720147,0.89658,0.135856,0.0310163,0.20777,-0.0632105,-0.0208559,0.112133,-0.375941,0.00336825,-0.0656587,0.426449,-0.191042,-0.186125,0.757112,0.151616,-0.076416,0.0650302,0.135087,-0.0357162,0.0961647,0.0635705,0.0324316,-0.23663,-0.0156653,0.0436977,0.011836,0.0238113,-0.0784985,0.479119,-0.178558,-0.147758,0.135856,-0.13337,-0.0386738,1.03794,-0.169297,-0.147676
0.451763,-0.763865,-0.794036,0.807302,-0.0307291,-0.54336,0.074195,-0.199672,-0.389057,0.117809,0.472406,0.11712,-0.212189,-0.488827,-0.149907,0.0130871,0.02841,-0.423516,0.50619,-0.534011,-0.809661,0.167358,-0.107245,-0.0938876,1.09352,-1.11892,-0.88247,-0.0436125,0.00911745,-0.0970832,-0.327532,0.0973682,0.142372,0.807302,0.163671,0.261093,0.074195,0.14254,0.157176,0.117809,-0.256388,-0.0791898,-0.212189,0.198754,0.105799,0.0130871,0.160257,0.212636,0.50619,0.335801,0.331464,0.167358,0.036257,0.0282955,1.09352,0.374916,0.317679,-0.0436125,-0.0272439,0.068932,-0.327532,-0.0268567,0.236629,0.451763,0.632768,0.630913,0.074195,0.191003,0.307725,0.117809,-0.374698,-0.263524,-0.212189,0.298251,0.088286,0.0130871,0.566003,0.567621,0.50619,0.962303,0.892226,0.167358,0.143495,0.206776,1.09352,0.636632,0.860221,-0.0436125,-0.196217,0.0861014,-0.327532,0.0659805,0.0561094,0.451763,0.126597,0.127609,0.807302,0.0568695,0.10531,0.117809,-0.0851202,-0.0218606,-0.212189,0.0907015,0.0405849,0.0130871,0.0125329,0.0754535,0.50619,0.0941128,0.143811,0.167358,-0.00212049,0.0107999,1.09352,0.190603,0.151951,-0.0436125,-0.0168471,0.0121124,-0.327532,0.0472728,-0.0866261,0.451763,-0.249987,-0.268201,0.807302,-0.392988,-0.287115,0.074195,-0.121635,-0.100369,-0.212189,-0.0996206,-0.061973,0.0130871,-0.314076,-0.220835,0.50619,-0.409182,-0.291593,0.167358,-0.131668,-0.0807146,1.09352,-0.161759,-0.240862,-0.0436125,0.0265015,-0.0608336,-0.327532,-0.0774554,-0.0635501,0.451763,-0.120646,-0.167304,0.807302,-0.239461,-0.0592416,0.074195,-0.339558,-0.0980934,0.117809,0.137357,-0.0155862,0.0130871,-0.0189488,-0.0387541,0.50619,0.14261,-0.0334875,0.167358,0.174819,0.0786022,1.09352,-0.145036,-0.0316499,-0.0436125,0.00845402,-0.0168625,-0.327532,-0.00208706,0.00422326,0.451763,0.0142656,0.0132954,0.807302,0.0122194,0.0150464,0.074195,-0.00201023,0.00530574,0.117809,-0.0059805,-0.00648658,-0.212189,0.00629189,0.0003918,0.50619,0.0209549,0.0175847,0.167358,0.00208407,0.00370261,1.09352,0.0156662,0.0179051,-0.0436125,-0.00194821,0.00119121,-0.327532,0.065367,0.151044,0.451763,0.365913,0.352092,0.807302,0.255402,0.386364,0.074195,0.0473013,0.182189,0.117809,-0.194292,-0.10251,-0.212189,0.174947,0.0333977,0.0130871,0.178552,0.286704,0.167358,0.133995,0.127649,1.09352,0.468757,0.492347,-0.0436125,-0.0499833,0.0616224,-0.327532,-0.0982048,0.00702216,0.451763,0.0222949,-0.0352861,0.807302,-0.0721895,0.15523,0.074195,-0.310259,-0.00414763,0.117809,0.0862412,-0.0696013,-0.212189,-0.045865,-0.183929,0.0130871,0.0226134,0.120039,0.50619,0.328889,0.234071,1.09352,0.0922865,0.274051,-0.0436125,0.0193355,0.00221691,-0.327532,0.0893772,0.28457,0.451763,0.653293,0.637204,0.807302,0.247295,0.708957,0.074195,-0.0338954,0.34274,0.117809,-0.270582,-0.192422,-0.212189,0.460935,0.0232112,0.0130871,0.17908,0.544788,0.50619,0.788262,0.9495,0.167358,0.108322,0.245507,-0.0436125,0.0182968,0.0817902,-0.327532,0.00466811,-0.0572518,0.451763,-0.202215,-0.197761,0.807302,0.135311,-0.0814317,0.074195,0.129362,-0.0403452,0.117809,0.0705696,0.0382982,-0.212189,-0.0333327,0.0377823,0.0130871,-0.0079031,-0.0862532,0.50619,-0.198874,-0.156357,0.167358,-0.164699,-0.045385,1.09352,-0.182758,-0.155444
0.477077,-0.847062,-0.840264,0.857493,-0.0918714,-0.577327,0.0833599,-0.253554,-0.437049,0.139454,0.470743,0.136886,-0.187749,-0.48622,-0.133896,0.0143381,-0.000122878,-0.461317,0.533261,-0.605665,-0.854113,0.19886,-0.140482,-0.104447,1.14911,-1.18353,-0.926656,-0.0240146,-0.168838,-0.0631384,-0.279124,0.0879634,0.124692,0.857493,0.196038,0.276147,0.0833599,0.151745,0.173675,0.139454,-0.269531,-0.0942654,-0.187749,0.20587,0.0961175,0.0143381,0.181829,0.22984,0.533261,0.363248,0.348442,0.19886,0.0531108,0.0272692,1.14911,0.399069,0.332395,-0.0240146,0.0298367,0.0509633,-0.279124,0.00716116,0.206297,0.477077,0.612288,0.666063,0.0833599,0.150756,0.342168,0.139454,-0.435472,-0.305328,-0.187749,0.295495,0.0832727,0.0143381,0.60845,0.61744,0.533261,1.00136,0.940279,0.19886,0.190305,0.233192,1.14911,0.684894,0.902236,-0.0240146,-0.194647,0.0680164,-0.279124,0.0577357,0.0479022,0.477077,0.140506,0.134987,0.857493,0.0646807,0.111906,0.139454,-0.0852392,-0.0255548,-0.187749,0.0849959,0.0358937,0.0143381,0.0132372,0.0821586,0.533261,0.103716,0.151688,0.19886,0.00133345,0.0116223,1.14911,0.2005,0.159534,-0.0240146,0.0206907,0.00891611,-0.279124,0.0257801,-0.0798445,0.477077,-0.227448,-0.281725,0.857493,-0.415191,-0.303176,0.0833599,-0.0977317,-0.107781,-0.187749,-0.101541,-0.0596988,0.0143381,-0.332894,-0.237782,0.533261,-0.42162,-0.305673,0.19886,-0.15266,-0.0867503,1.14911,-0.180705,-0.251025,-0.0240146,0.0538193,-0.0527065,-0.279124,-0.0523404,-0.0583527,0.477077,-0.146464,-0.175522,0.857493,-0.231098,-0.061064,0.0833599,-0.361704,-0.106999,0.139454,0.132311,-0.0134344,0.0143381,0.0178171,-0.039426,0.533261,0.142946,-0.0335845,0.19886,0.188037,0.0973561,1.14911,-0.148458,-0.0316426,-0.0240146,-0.0765145,-0.0246161,-0.279124,-0.00114138,0.00355184,0.477077,0.0128904,0.0140943,0.857493,0.0134189,0.0160373,0.0833599,-0.0029994,0.00600218,0.139454,-0.00699418,-0.00736395,-0.187749,0.00635673,0.000355038,0.533261,0.0221367,0.0185826,0.19886,0.00351529,0.00431116,1.14911,0.0168599,0.0188288,-0.0240146,-0.00200736,0.000635062,-0.279124,0.0789892,0.131634,0.477077,0.368475,0.371476,0.857493,0.288863,0.409861,0.0833599,0.0373369,0.202303,0.139454,-0.21473,-0.12043,-0.187749,0.173699,0.0332673,0.0143381,0.203605,0.311237,0.19886,0.155703,0.143825,1.14911,0.500134,0.516234,-0.0240146,-0.0269419,0.0464625,-0.279124,-0.0602949,0.002915,0.477077,-0.0162327,-0.0363299,0.857493,-0.0532127,0.166736,0.0833599,-0.352512,-0.00227703,0.139454,0.0698399,-0.0764436,-0.187749,-0.0315586,-0.16146,0.0143381,0.0577707,0.133365,0.533261,0.346461,0.248479,1.14911,0.10432,0.289223,-0.0240146,-0.05918,-0.00832269,-0.279124,0.0916377,0.241825,0.477077,0.659934,0.674428,0.857493,0.302259,0.754472,0.0833599,-0.0469859,0.385635,0.139454,-0.301354,-0.221078,-0.187749,0.458676,0.023233,0.0143381,0.218244,0.595097,0.533261,0.857245,1.00242,0.19886,0.18026,0.283244,-0.0240146,0.0572028,0.0514478,-0.279124,0.00596797,-0.0488449,0.477077,-0.212384,-0.209397,0.857493,0.111016,-0.0864474,0.0833599,0.122098,-0.0449742,0.139454,0.0775686,0.0441648,-0.187749,-0.0518971,0.0318669,0.0143381,-0.039149,-0.0940079,0.533261,-0.219061,-0.164955,0.19886,-0.184147,-0.0520962,1.14911,-0.19622,-0.163212
0.502391,-0.929261,-0.886492,0.907684,-0.16309,-0.611293,0.0925248,-0.308352,-0.485042,0.161099,0.458789,0.156652,-0.163309,-0.484774,-0.117886,0.0155892,-0.0422489,-0.499118,0.560332,-0.6815,-0.898565,0.230362,-0.158444,-0.115007,1.20469,-1.24815,-0.970842,-0.00441658,-0.308349,-0.0291937,-0.230716,0.079221,0.107012,0.907684,0.231678,0.291201,0.0925248,0.160169,0.190174,0.161099,-0.276492,-0.109341,-0.163309,0.213608,0.0864358,0.0155892,0.205622,0.247043,0.560332,0.391044,0.365421,0.230362,0.0629275,0.0262429,1.20469,0.423223,0.347112,-0.00441658,0.0742333,0.0329945,-0.230716,0.0438457,0.175965,0.502391,0.594835,0.701213,0.0925248,0.108868,0.376611,0.161099,-0.503253,-0.347132,-0.163309,0.285759,0.0782595,0.0155892,0.654643,0.667259,0.560332,1.03849,0.988331,0.230362,0.224588,0.259608,1.20469,0.733156,0.94425,-0.00441658,-0.191658,0.0499313,-0.230716,0.0497104,0.0396951,0.502391,0.154166,0.142364,0.907684,0.073217,0.118502,0.161099,-0.0836653,-0.029249,-0.163309,0.0792802,0.0312026,0.0155892,0.0166419,0.0888638,0.560332,0.114038,0.159565,0.230362,0.00275705,0.0124448,1.20469,0.210398,0.167116,-0.00441658,0.0509449,0.00571988,-0.230716,0.00301884,-0.0730629,0.502391,-0.207654,-0.295249,0.907684,-0.436724,-0.319237,0.0925248,-0.0714653,-0.115193,-0.163309,-0.100404,-0.0574245,0.0155892,-0.350037,-0.25473,0.560332,-0.432338,-0.319753,0.230362,-0.162593,-0.092786,1.20469,-0.199651,-0.261188,-0.00441658,0.0784263,-0.0445794,-0.230716,-0.0302443,-0.0531552,0.502391,-0.17168,-0.18374,0.907684,-0.219346,-0.0628864,0.0925248,-0.38199,-0.115904,0.161099,0.119804,-0.0112826,0.0155892,0.0465046,-0.0400979,0.560332,0.140662,-0.0336814,0.230362,0.197564,0.11611,1.20469,-0.15188,-0.0316353,-0.00441658,-0.144612,-0.0323696,-0.230716,-0.00015584,0.00288041,0.502391,0.0116306,0.0148933,0.907684,0.0147287,0.0170282,0.0925248,-0.00391868,0.00669862,0.161099,-0.00829703,-0.00824131,-0.163309,0.00628245,0.000318275,0.560332,0.0232644,0.0195805,0.230362,0.00493629,0.00491971,1.20469,0.0180537,0.0197524,-0.00441658,-0.00222837,7.89108e-05,-0.230716,0.0920198,0.112223,0.502391,0.372005,0.390861,0.907684,0.324321,0.433357,0.0925248,0.0270886,0.222417,0.161099,-0.23555,-0.13835,-0.163309,0.170265,0.0331369,0.0155892,0.231818,0.335769,0.230362,0.170832,0.16,1.20469,0.53151,0.54012,-0.00441658,-0.00761948,0.0313027,-0.230716,-0.0257654,-0.00119217,0.502391,-0.0536195,-0.0373736,0.907684,-0.0313496,0.178241,0.0925248,-0.393783,-0.000406426,0.161099,0.0426309,-0.0832859,-0.163309,-0.0208953,-0.13899,0.0155892,0.0907748,0.146691,0.560332,0.361804,0.262887,1.20469,0.116353,0.304395,-0.00441658,-0.124458,-0.0188623,-0.230716,0.0936584,0.19908,0.502391,0.667832,0.711652,0.907684,0.365999,0.799987,0.0925248,-0.0584501,0.428529,0.161099,-0.340195,-0.249734,-0.163309,0.450864,0.0232547,0.0155892,0.268755,0.645405,0.560332,0.927314,1.05534,0.230362,0.247017,0.320981,-0.00441658,0.0784675,0.0211055,-0.230716,0.00761228,-0.0404379,0.502391,-0.222736,-0.221033,0.907684,0.0806889,-0.0914631,0.0925248,0.113709,-0.0496033,0.161099,0.0832575,0.0500315,-0.163309,-0.0716018,0.0259515,0.0155892,-0.0683566,-0.101763,0.560332,-0.238947,-0.173553,0.230362,-0.193992,-0.0588074,1.20469,-0.209682,-0.17098
0.527704,-1.00944,-0.93272,0.957875,-0.243242,-0.645259,0.10169,-0.363315,-0.533035,0.182744,0.44365,0.176418,-0.138868,-0.482656,-0.101875,0.0168403,-0.0924799,-0.536919,0.587404,-0.762982,-0.943017,0.261865,-0.147045,-0.125567,1.26027,-1.31276,-1.01503,0.0151814,-0.377261,0.004751,-0.182308,0.0706832,0.0893319,0.957875,0.270041,0.306255,0.10169,0.168358,0.206672,0.182744,-0.281461,-0.124416,-0.138868,0.220838,0.0767541,0.0168403,0.230717,0.264246,0.587404,0.418607,0.382399,0.261865,0.0593844,0.0252167,1.26027,0.447376,0.361828,0.0151814,0.0924888,0.0150258,-0.182308,0.0806052,0.145633,0.527704,0.585106,0.736363,0.10169,0.0674678,0.411055,0.182744,-0.571774,-0.388936,-0.138868,0.272499,0.0732462,0.0168403,0.703068,0.717077,0.587404,1.07311,1.03638,0.261865,0.236332,0.286024,1.26027,0.781419,0.986265,0.0151814,-0.192738,0.0318463,-0.182308,0.0417479,0.0314879,0.527704,0.167238,0.149741,0.957875,0.0824181,0.125098,0.182744,-0.0815048,-0.0329432,-0.138868,0.0735711,0.0265114,0.0168403,0.0216632,0.0955689,0.587404,0.125528,0.167442,0.261865,0.000208902,0.0132672,1.26027,0.220295,0.174699,0.0151814,0.0677612,0.00252364,-0.182308,-0.0198708,-0.0662813,0.527704,-0.193925,-0.308773,0.957875,-0.457469,-0.335298,0.10169,-0.0448637,-0.122604,-0.138868,-0.0976671,-0.0551503,0.0168403,-0.366177,-0.271677,0.587404,-0.440033,-0.333833,0.261865,-0.152741,-0.0988216,1.26027,-0.218597,-0.271351,0.0151814,0.0985831,-0.0364524,-0.182308,-0.00940295,-0.0479577,0.527704,-0.193786,-0.191957,0.957875,-0.204617,-0.0647088,0.10169,-0.401499,-0.124809,0.182744,0.10515,-0.00913075,0.0168403,0.0703405,-0.0407698,0.587404,0.133721,-0.0337784,0.261865,0.201227,0.134864,1.26027,-0.155302,-0.031628,0.0151814,-0.182943,-0.0401232,-0.182308,0.000822578,0.00220899,0.527704,0.0107001,0.0156922,0.957875,0.0161353,0.0180191,0.10169,-0.00479779,0.00739506,0.182744,-0.00967214,-0.00911868,-0.138868,0.00613244,0.000281513,0.587404,0.0242812,0.0205784,0.261865,0.00627935,0.00552826,1.26027,0.0192475,0.0206761,0.0151814,-0.0027116,-0.00047724,-0.182308,0.104419,0.0928129,0.527704,0.378645,0.410246,0.957875,0.36152,0.456854,0.10169,0.0172097,0.24253,0.182744,-0.256049,-0.15627,-0.138868,0.165758,0.0330064,0.0168403,0.261912,0.360302,0.261865,0.174155,0.176176,1.26027,0.562886,0.564007,0.0151814,0.00164156,0.0161428,-0.182308,0.00701831,-0.00529933,0.527704,-0.0858416,-0.0384173,0.957875,-0.00681227,0.189746,0.10169,-0.433951,0.00146418,0.182744,0.0124553,-0.0901282,-0.138868,-0.011784,-0.11652,0.0168403,0.12248,0.160016,0.587404,0.373342,0.277294,1.26027,0.128387,0.319568,0.0151814,-0.165193,-0.0294019,-0.182308,0.0948876,0.156335,0.527704,0.681058,0.748876,0.957875,0.437746,0.845502,0.10169,-0.0685103,0.471424,0.182744,-0.380822,-0.27839,-0.138868,0.439383,0.0232765,0.0168403,0.326046,0.695714,0.587404,0.998831,1.10826,0.261865,0.30223,0.358719,0.0151814,0.0727422,-0.0092369,-0.182308,0.00940096,-0.032031,0.527704,-0.234213,-0.232669,0.957875,0.0451774,-0.0964788,0.10169,0.105105,-0.0542323,0.182744,0.0885705,0.0558981,-0.138868,-0.0910756,0.0200361,0.0168403,-0.0963144,-0.109517,0.587404,-0.257405,-0.182152,0.261865,-0.186205,-0.0655186,1.26027,-0.223144,-0.178748
0.553018,-1.0882,-0.978948,1.00807,-0.330844,-0.679225,0.110855,-0.418632,-0.581028,0.204388,0.42526,0.196184,-0.114428,-0.47353,-0.0858643,0.0180913,-0.146352,-0.57472,0.614475,-0.845803,-0.987469,0.293367,-0.118429,-0.136127,1.31585,-1.37737,-1.05921,0.0347794,-0.446172,0.0386957,-0.133899,0.062658,0.0716519,1.00807,0.310458,0.321309,0.110855,0.175727,0.223171,0.204388,-0.284303,-0.139492,-0.114428,0.223466,0.0670723,0.0180913,0.256274,0.281449,0.614475,0.446109,0.399377,0.293367,0.0487134,0.0241904,1.31585,0.471529,0.376544,0.0347794,0.110744,-0.00294294,-0.133899,0.116779,0.115301,0.553018,0.580727,0.771513,0.110855,0.0297682,0.445498,0.204388,-0.639375,-0.43074,-0.114428,0.258069,0.0682329,0.0180913,0.752479,0.766896,0.614475,1.10712,1.08444,0.293367,0.239151,0.31244,1.31585,0.829681,1.02828,0.0347794,-0.193819,0.0137612,-0.133899,0.0339376,0.0232807,0.553018,0.179896,0.157118,1.00807,0.0922005,0.131694,0.204388,-0.0786724,-0.0366374,-0.114428,0.0679276,0.0218203,0.0180913,0.027448,0.102274,0.614475,0.137296,0.17532,0.293367,-0.00486577,0.0140897,1.31585,0.230193,0.182281,0.0347794,0.0845776,-0.000672599,-0.133899,-0.0428105,-0.0594997,0.553018,-0.184299,-0.322297,1.00807,-0.477321,-0.351359,0.110855,-0.0178662,-0.130016,-0.114428,-0.0941037,-0.0528761,0.0180913,-0.381847,-0.288624,0.614475,-0.447006,-0.347913,0.293367,-0.135506,-0.104857,1.31585,-0.237544,-0.281514,0.0347794,0.11874,-0.0283253,-0.133899,0.00795957,-0.0427603,0.553018,-0.213604,-0.200175,1.00807,-0.187439,-0.0665313,0.110855,-0.41786,-0.133714,0.204388,0.0884979,-0.00697893,0.0180913,0.0917958,-0.0414416,0.614475,0.125667,-0.0338754,0.293367,0.204711,0.153618,1.31585,-0.158724,-0.0316207,0.0347794,-0.221273,-0.0478767,-0.133899,0.00176307,0.00153756,0.553018,0.0100002,0.0164912,1.00807,0.0176217,0.01901,0.110855,-0.00549853,0.00809151,0.204388,-0.0111007,-0.00999605,-0.114428,0.00592795,0.000244751,0.614475,0.0252715,0.0215764,0.293367,0.00742363,0.00613681,1.31585,0.0204413,0.0215998,0.0347794,-0.00319483,-0.00103339,-0.133899,0.114771,0.0734025,0.553018,0.387477,0.42963,1.00807,0.400137,0.480351,0.110855,0.00954023,0.262644,0.204388,-0.275707,-0.174189,-0.114428,0.161067,0.032876,0.0180913,0.292836,0.384835,0.293367,0.172552,0.192351,1.31585,0.594262,0.587894,0.0347794,0.0109026,0.000982966,-0.133899,0.0346992,-0.0094065,0.553018,-0.114274,-0.039461,1.00807,0.0200959,0.201252,0.110855,-0.468634,0.00333478,0.204388,-0.0203033,-0.0969705,-0.114428,-0.00163492,-0.0940499,0.0180913,0.153513,0.173342,0.614475,0.383972,0.291702,1.31585,0.14042,0.33474,0.0347794,-0.205928,-0.0399415,-0.133899,0.0933909,0.11359,0.553018,0.698151,0.7861,1.00807,0.516447,0.891016,0.110855,-0.0718342,0.514318,0.204388,-0.422441,-0.307046,-0.114428,0.422018,0.0232982,0.0180913,0.386459,0.746022,0.614475,1.07069,1.16118,0.293367,0.346898,0.396456,0.0347794,0.0670169,-0.0395793,-0.133899,0.0115909,-0.023624,0.553018,-0.246522,-0.244305,1.00807,0.00554409,-0.101494,0.110855,0.0960134,-0.0588613,0.204388,0.0935348,0.0617647,-0.114428,-0.106124,0.0141207,0.0180913,-0.123512,-0.117272,0.614475,-0.275517,-0.19075,0.293367,-0.170396,-0.0722298,1.31585,-0.236606,-0.186516
0.578332,-1.16498,-1.02518,1.05826,-0.431068,-0.713192,0.120019,-0.473978,-0.629021,0.226033,0.404915,0.21595,-0.0899875,-0.463603,-0.0698536,0.0193424,-0.216958,-0.612522,0.641546,-0.928625,-1.03192,0.324869,-0.0796937,-0.146686,1.37143,-1.44199,-1.1034,0.0543773,-0.428837,0.0726405,-0.0854912,0.0550982,0.053972,1.05826,0.353239,0.336363,0.120019,0.182861,0.23967,0.226033,-0.285791,-0.154567,-0.0899875,0.22557,0.0573906,0.0193424,0.28395,0.298652,0.641546,0.473611,0.416355,0.324869,0.0349437,0.0231641,1.37143,0.495682,0.39126,0.0543773,0.0966017,-0.0209117,-0.0854912,0.15098,0.0849687,0.578332,0.58344,0.806664,0.120019,-0.00622563,0.479941,0.226033,-0.705039,-0.472544,-0.0899875,0.243649,0.0632196,0.0193424,0.806425,0.816715,0.641546,1.14114,1.13249,0.324869,0.243017,0.338856,1.37143,0.877943,1.07029,0.0543773,-0.200721,-0.00432385,-0.0854912,0.0262559,0.0150735,0.578332,0.191987,0.164495,1.05826,0.103105,0.138289,0.226033,-0.0753754,-0.0403316,-0.0899875,0.0622917,0.0171291,0.0193424,0.0367415,0.108979,0.641546,0.149063,0.183197,0.324869,-0.0117172,0.0149121,1.37143,0.24009,0.189864,0.0543773,0.0849243,-0.00386884,-0.0854912,-0.0652886,-0.0527181,0.578332,-0.180078,-0.335821,1.05826,-0.494454,-0.36742,0.120019,0.00899722,-0.137427,-0.0899875,-0.0905094,-0.0506018,0.0193424,-0.395352,-0.305571,0.641546,-0.45398,-0.361992,0.324869,-0.120149,-0.110893,1.37143,-0.25649,-0.291677,0.0543773,0.133321,-0.0201983,-0.0854912,0.0215428,-0.0375628,0.578332,-0.230389,-0.208393,1.05826,-0.166288,-0.0683537,0.120019,-0.433178,-0.142619,0.226033,0.0708027,-0.00482711,0.0193424,0.102311,-0.0421135,0.641546,0.117613,-0.0339723,0.324869,0.212835,0.172372,1.37143,-0.162146,-0.0316134,0.0543773,-0.223216,-0.0556302,-0.0854912,0.00263169,0.000866135,0.578332,0.00960573,0.0172902,1.05826,0.0192377,0.0200009,0.120019,-0.00613563,0.00878795,0.226033,-0.0125448,-0.0108734,-0.0899875,0.00572017,0.000207988,0.641546,0.0262617,0.0225743,0.324869,0.00822866,0.00674536,1.37143,0.0216351,0.0225235,0.0543773,-0.00396538,-0.00158954,-0.0854912,0.1224,0.0539921,0.578332,0.399196,0.449015,1.05826,0.440976,0.503847,0.120019,0.00280239,0.282757,0.226033,-0.294435,-0.192109,-0.0899875,0.156399,0.0327456,0.0193424,0.327571,0.409368,0.324869,0.170899,0.208526,1.37143,0.625638,0.611781,0.0543773,0.00713703,-0.0141769,-0.0854912,0.0563954,-0.0135137,0.578332,-0.13765,-0.0405047,1.05826,0.0517427,0.212757,0.120019,-0.501214,0.00520539,0.226033,-0.0542482,-0.103813,-0.0899875,0.00870206,-0.07158,0.0193424,0.181461,0.186668,0.641546,0.394602,0.30611,1.37143,0.152454,0.349912,0.0543773,-0.216007,-0.0504811,-0.0854912,0.0880376,0.0708445,0.578332,0.720369,0.823325,1.05826,0.608355,0.936531,0.120019,-0.0726285,0.557213,0.226033,-0.463967,-0.335702,-0.0899875,0.404109,0.02332,0.0193424,0.461226,0.796331,0.641546,1.14255,1.2141,0.324869,0.379978,0.434193,0.0543773,0.0306379,-0.0699216,-0.0854912,0.0142183,-0.0152171,0.578332,-0.259926,-0.255942,1.05826,-0.0400411,-0.10651,0.120019,0.0868632,-0.0634903,0.226033,0.0983183,0.0676313,-0.0899875,-0.120658,0.00820527,0.0193424,-0.147212,-0.125027,0.641546,-0.29363,-0.199349,0.324869,-0.153276,-0.078941,1.37143,-0.250068,-0.194284
0.603645,-1.24005,-1.0714,1.10845,-0.531291,-0.747158,0.129184,-0.529013,-0.677014,0.247678,0.382774,0.235716,-0.0655471,-0.453676,-0.0538429,0.0205935,-0.287564,-0.650323,0.668617,-1.01145,-1.07637,0.356371,-0.0383303,-0.157246,1.42701,-1.5066,-1.14758,0.0739753,-0.395399,0.106585,-0.037083,0.048119,0.036292,1.10845,0.396019,0.351417,0.129184,0.189307,0.256168,0.247678,-0.285894,-0.169643,-0.0655471,0.227674,0.0477089,0.0205935,0.311626,0.315855,0.668617,0.501113,0.433334,0.356371,0.0219886,0.0221378,1.42701,0.519835,0.405976,0.0739753,0.0764096,-0.0388804,-0.037083,0.181894,0.0546368,0.603645,0.591841,0.841814,0.129184,-0.0336945,0.514384,0.247678,-0.766388,-0.514348,-0.0655471,0.229229,0.0582064,0.0205935,0.860372,0.866533,0.668617,1.17515,1.18054,0.356371,0.256614,0.365272,1.42701,0.926206,1.11231,0.0739753,-0.208712,-0.0224089,-0.037083,0.0187291,0.00686631,0.603645,0.203603,0.171873,1.10845,0.11401,0.144885,0.247678,-0.0715405,-0.0440258,-0.0655471,0.0566557,0.012438,0.0205935,0.0460351,0.115684,0.668617,0.160831,0.191074,0.356371,-0.0194623,0.0157346,1.42701,0.249988,0.197446,0.0739753,0.0821959,-0.00706508,-0.037083,-0.0869007,-0.0459365,0.603645,-0.180154,-0.349345,1.10845,-0.511586,-0.383481,0.129184,0.034114,-0.144839,-0.0655471,-0.0869151,-0.0483276,0.0205935,-0.408858,-0.322519,0.668617,-0.460953,-0.376072,0.356371,-0.114591,-0.116929,1.42701,-0.275436,-0.30184,0.0739753,0.146861,-0.0120712,-0.037083,0.0300537,-0.0323653,0.603645,-0.244738,-0.216611,1.10845,-0.145137,-0.0701761,0.129184,-0.444656,-0.151525,0.247678,0.0524392,-0.00267529,0.0205935,0.112827,-0.0427854,0.668617,0.109559,-0.0340693,0.356371,0.229273,0.191126,1.42701,-0.165568,-0.0316061,0.0739753,-0.218365,-0.0633838,-0.037083,0.00338923,0.000194709,0.603645,0.00945601,0.0180891,1.10845,0.0208536,0.0209918,0.129184,-0.00651791,0.00948439,0.247678,-0.0139724,-0.0117508,-0.0655471,0.00551239,0.000171226,0.668617,0.027252,0.0235722,0.356371,0.00861135,0.00735391,1.42701,0.0228289,0.0234472,0.0739753,-0.00478958,-0.00214569,-0.037083,0.126136,0.0345818,0.603645,0.413206,0.4684,1.10845,0.481816,0.527344,0.129184,0.000424764,0.302871,0.247678,-0.31153,-0.210029,-0.0655471,0.151731,0.0326151,0.0205935,0.362307,0.433901,0.356371,0.173517,0.224702,1.42701,0.657014,0.635668,0.0739753,0.000939101,-0.0293367,-0.037083,0.0698485,-0.0176208,0.603645,-0.156925,-0.0415484,1.10845,0.0833896,0.224263,0.129184,-0.524737,0.00707599,0.247678,-0.0886115,-0.110655,-0.0655471,0.019039,-0.0491101,0.0205935,0.20941,0.199994,0.668617,0.405232,0.320518,1.42701,0.164487,0.365085,0.0739753,-0.220363,-0.0610207,-0.037083,0.0770808,0.0280993,0.603645,0.746699,0.860549,1.10845,0.700263,0.982046,0.129184,-0.0627388,0.600107,0.247678,-0.504149,-0.364358,-0.0655471,0.386201,0.0233417,0.0205935,0.535992,0.846639,0.668617,1.21441,1.26702,0.356371,0.401956,0.47193,0.0739753,-0.0114647,-0.100264,-0.037083,0.0174336,-0.00681018,0.603645,-0.274204,-0.267578,1.10845,-0.0856263,-0.111526,0.129184,0.0779916,-0.0681193,0.247678,0.102988,0.0734979,-0.0655471,-0.135191,0.00228987,0.0205935,-0.170913,-0.132781,0.668617,-0.311743,-0.207947,0.356371,-0.140892,-0.0856522,1.42701,-0.263529,-0.202052
0.628959,-1.31394,-1.11763,1.15864,-0.631514,-0.781124,0.138349,-0.583628,-0.725007,0.269323,0.359741,0.255482,-0.0411068,-0.435886,-0.0378321,0.0218446,-0.35817,-0.688124,0.695688,-1.09427,-1.12083,0.387873,0.00124153,-0.167806,1.48259,-1.56981,-1.19177,0.0935733,-0.312345,0.14053,0.0113252,0.0411398,0.0186121,1.15864,0.4388,0.366471,0.138349,0.195348,0.272667,0.269323,-0.284924,-0.184719,-0.0411068,0.22471,0.0380272,0.0218446,0.339302,0.333058,0.695688,0.528616,0.450312,0.387873,0.011592,0.0211115,1.48259,0.54375,0.420693,0.0935733,0.0371137,-0.0568491,0.0113252,0.212808,0.0243048,0.628959,0.60408,0.876964,0.138349,-0.0540251,0.548827,0.269323,-0.818617,-0.556152,-0.0411068,0.218427,0.0531931,0.0218446,0.914319,0.916352,0.695688,1.20917,1.22859,0.387873,0.283767,0.391688,1.48259,0.975484,1.15432,0.0935733,-0.220691,-0.040494,0.0113252,0.0112024,-0.00134087,0.628959,0.214894,0.17925,1.15864,0.124915,0.151481,0.269323,-0.0671333,-0.04772,-0.0411068,0.0510929,0.0077468,0.0218446,0.0553286,0.12239,0.695688,0.172599,0.198951,0.387873,-0.0274245,0.016557,1.48259,0.25966,0.205029,0.0935733,0.0698994,-0.0102613,0.0113252,-0.108513,-0.0391549,0.628959,-0.183121,-0.362869,1.15864,-0.528718,-0.399543,0.138349,0.057389,-0.152251,-0.0411068,-0.0845891,-0.0460534,0.0218446,-0.422363,-0.339466,0.695688,-0.467926,-0.390152,0.387873,-0.121707,-0.122964,1.48259,-0.294687,-0.312003,0.0935733,0.156849,-0.00394414,0.0113252,0.0385647,-0.0271679,0.628959,-0.257443,-0.224829,1.15864,-0.123987,-0.0719985,0.138349,-0.453405,-0.16043,0.269323,0.0345438,-0.000523477,0.0218446,0.123342,-0.0434573,0.695688,0.101505,-0.0341663,0.387873,0.254838,0.20988,1.48259,-0.168343,-0.0315988,0.0935733,-0.192356,-0.0711373,0.0113252,0.00414677,-0.000476716,0.628959,0.00947131,0.0188881,1.15864,0.0224696,0.0219827,0.138349,-0.0067091,0.0101808,0.269323,-0.0153075,-0.0126282,-0.0411068,0.0053453,0.000134464,0.695688,0.0282422,0.0245702,0.387873,0.00856979,0.00796246,1.48259,0.0240289,0.0243709,0.0935733,-0.00572103,-0.00270184,0.0113252,0.129873,0.0151714,0.628959,0.428758,0.487784,1.15864,0.522655,0.550841,0.138349,0.00159392,0.322985,0.269323,-0.325672,-0.227949,-0.0411068,0.148379,0.0324847,0.0218446,0.397043,0.458434,0.387873,0.182423,0.240877,1.48259,0.688341,0.659554,0.0935733,-0.0136817,-0.0444966,0.0113252,0.0833017,-0.021728,0.628959,-0.173426,-0.0425922,1.15864,0.115036,0.235768,0.138349,-0.541185,0.0089466,0.269323,-0.121332,-0.117497,-0.0411068,0.0329263,-0.0266402,0.0218446,0.237358,0.21332,0.695688,0.415862,0.334926,1.48259,0.177359,0.380257,0.0935733,-0.205824,-0.0715603,0.0113252,0.0661239,-0.0146458,0.628959,0.775801,0.897773,1.15864,0.79217,1.02756,0.138349,-0.044593,0.643002,0.269323,-0.540193,-0.393014,-0.0411068,0.366176,0.0233635,0.0218446,0.610758,0.896948,0.695688,1.28627,1.31994,0.387873,0.414371,0.509667,0.0935733,-0.0675658,-0.130606,0.0113252,0.0206489,0.00159675,0.628959,-0.289069,-0.279214,1.15864,-0.131212,-0.116542,0.138349,0.0695537,-0.0727483,0.269323,0.107747,0.0793645,-0.0411068,-0.144479,-0.00362553,0.0218446,-0.194614,-0.140536,0.695688,-0.329856,-0.216546,0.387873,-0.135471,-0.0923634,1.48259,-0.276916,-0.20982
0.654273,-1.38473,-1.16386,1.20883,-0.731738,-0.81509,0.147514,-0.637376,-0.773,0.290967,0.336532,0.275248,-0.0166664,-0.407901,-0.0218214,0.0230956,-0.435313,-0.725925,0.722759,-1.17709,-1.16528,0.419375,0.0359628,-0.178365,1.53817,-1.62505,-1.23596,0.113171,-0.208193,0.174475,0.0597335,0.035015,0.000932106,1.20883,0.481581,0.381525,0.147514,0.200862,0.289166,0.290967,-0.283638,-0.199794,-0.0166664,0.215198,0.0283454,0.0230956,0.367434,0.350261,0.722759,0.556118,0.46729,0.419375,0.00378982,0.0200852,1.53817,0.566319,0.435409,0.113171,-0.0103062,-0.0748179,0.0597335,0.236245,-0.00602713,0.654273,0.625418,0.912114,0.147514,-0.0622122,0.58327,0.290967,-0.867145,-0.597956,-0.0166664,0.213473,0.0481798,0.0230956,0.969991,0.96617,0.722759,1.24319,1.27665,0.419375,0.32252,0.418103,1.53817,1.03052,1.19634,0.113171,-0.234367,-0.058579,0.0597335,0.00388608,-0.00954806,0.654273,0.225358,0.186627,1.20883,0.135819,0.158077,0.290967,-0.0625298,-0.0514142,-0.0166664,0.0456249,0.00305565,0.0230956,0.066105,0.129095,0.722759,0.184367,0.206828,0.419375,-0.0348179,0.0173795,1.53817,0.268059,0.212611,0.113171,0.0535339,-0.0134576,0.0597335,-0.127923,-0.0323733,0.654273,-0.192835,-0.376393,1.20883,-0.54585,-0.415604,0.147514,0.077169,-0.159662,-0.0166664,-0.084422,-0.0437791,0.0230956,-0.43496,-0.356413,0.722759,-0.4749,-0.404232,0.419375,-0.138372,-0.129,1.53817,-0.31567,-0.322166,0.113171,0.165326,0.00418291,0.0597335,0.0384737,-0.0219704,0.654273,-0.266242,-0.233047,1.20883,-0.102836,-0.0738209,0.147514,-0.457976,-0.169335,0.290967,0.0169582,0.00162834,0.0230956,0.12898,-0.0441292,0.722759,0.0934513,-0.0342632,0.419375,0.28622,0.228634,1.53817,-0.167445,-0.0315915,0.113171,-0.15735,-0.0788908,0.0597335,0.00467232,-0.00114814,0.654273,0.0098769,0.019687,1.20883,0.0240855,0.0229736,0.147514,-0.00659644,0.0108773,0.290967,-0.0166014,-0.0135055,-0.0166664,0.00525482,9.77014e-05,0.722759,0.0292324,0.0255681,0.419375,0.00826649,0.00857101,1.53817,0.0252639,0.0252946,0.113171,-0.00669809,-0.00325799,0.0597335,0.126298,-0.00423899,0.654273,0.447897,0.507169,1.20883,0.563495,0.574337,0.147514,0.00869767,0.343098,0.290967,-0.338649,-0.245868,-0.0166664,0.14709,0.0323543,0.0230956,0.43322,0.482967,0.419375,0.197,0.257052,1.53817,0.719386,0.683441,0.113171,-0.0318844,-0.0596565,0.0597335,0.0821479,-0.0258352,0.654273,-0.183229,-0.0436359,1.20883,0.146683,0.247273,0.147514,-0.546085,0.0108172,0.290967,-0.153223,-0.12434,-0.0166664,0.0519759,-0.00417034,0.0230956,0.263836,0.226645,0.722759,0.426492,0.349334,1.53817,0.194984,0.395429,0.113171,-0.183249,-0.0820999,0.0597335,0.0443907,-0.0573909,0.654273,0.811478,0.934997,1.20883,0.884078,1.07308,0.147514,-0.0130593,0.685897,0.290967,-0.574477,-0.42167,-0.0166664,0.344459,0.0233852,0.0230956,0.691364,0.947256,0.722759,1.35813,1.37286,0.419375,0.422376,0.547405,0.113171,-0.12962,-0.160949,0.0597335,0.0248634,0.0100037,0.654273,-0.305309,-0.29085,1.20883,-0.176797,-0.121557,0.147514,0.0620448,-0.0773773,0.290967,0.112563,0.0852311,-0.0166664,-0.146899,-0.00954093,0.0230956,-0.216351,-0.148291,0.722759,-0.347969,-0.225144,0.419375,-0.135367,-0.0990746,1.53817,-0.289872,-0.217588
0.679586,-1.45525,-1.21009,1.25902,-0.836591,-0.849057,0.156679,-0.689517,-0.820993,0.312612,0.313494,0.295015,0.00777395,-0.369838,-0.00581068,0.0243467,-0.51907,-0.763727,0.74983,-1.25834,-1.20973,0.450877,0.0628261,-0.188925,1.59376,-1.6803,-1.28014,0.132769,-0.10404,0.208419,0.108142,0.0294612,-0.0167479,1.25902,0.523734,0.396578,0.156679,0.206068,0.305665,0.312612,-0.282287,-0.21487,0.00777395,0.199242,0.0186637,0.0243467,0.395811,0.367464,0.74983,0.581114,0.484268,0.450877,-0.00140866,0.0190589,1.59376,0.588888,0.450125,0.132769,-0.0577262,-0.0927866,0.108142,0.253964,-0.0363591,0.679586,0.647528,0.947264,0.156679,-0.0455644,0.617713,0.312612,-0.912523,-0.63976,0.00777395,0.215904,0.0431665,0.0243467,1.02738,1.01599,0.74983,1.27814,1.3247,0.450877,0.371056,0.444519,1.59376,1.08556,1.23835,0.132769,-0.248043,-0.0766641,0.108142,-0.0032944,-0.0177552,0.679586,0.235752,0.194004,1.25902,0.14732,0.164672,0.312612,-0.0578219,-0.0551084,0.00777395,0.0402473,-0.00163551,0.0243467,0.0784465,0.1358,0.74983,0.196526,0.214705,0.450877,-0.0408621,0.0182019,1.59376,0.276458,0.220194,0.132769,0.0371684,-0.0166538,0.108142,-0.145606,-0.0255917,0.679586,-0.203121,-0.389917,1.25902,-0.560364,-0.431665,0.156679,0.0888565,-0.167074,0.00777395,-0.0871068,-0.0415049,0.0243467,-0.446602,-0.373361,0.74983,-0.480176,-0.418312,0.450877,-0.16155,-0.135036,1.59376,-0.336653,-0.332329,0.132769,0.173803,0.01231,0.108142,0.0323229,-0.0167729,0.679586,-0.274709,-0.241265,1.25902,-0.0804615,-0.0756434,0.156679,-0.454924,-0.17824,0.312612,-0.000155549,0.00378016,0.0243467,0.129332,-0.044801,0.74983,0.0826216,-0.0343602,0.450877,0.32019,0.247388,1.59376,-0.166548,-0.0315842,0.132769,-0.122343,-0.0866444,0.108142,0.00502406,-0.00181957,0.679586,0.0103156,0.020486,1.25902,0.0257416,0.0239645,0.156679,-0.00589986,0.0115737,0.312612,-0.0178539,-0.0143829,0.00777395,0.00527306,6.09391e-05,0.74983,0.030116,0.026566,0.450877,0.0078578,0.00917957,1.59376,0.0264989,0.0262183,0.132769,-0.00767516,-0.00381414,0.108142,0.117404,-0.0236494,0.679586,0.467341,0.526554,1.25902,0.60491,0.597834,0.156679,0.0276884,0.363212,0.312612,-0.350689,-0.263788,0.00777395,0.148332,0.0322238,0.0243467,0.470829,0.5075,0.450877,0.216694,0.273228,1.59376,0.750431,0.707328,0.132769,-0.0500871,-0.0748163,0.108142,0.0705546,-0.0299423,0.679586,-0.192464,-0.0446796,1.25902,0.181036,0.258779,0.156679,-0.528851,0.0126878,0.312612,-0.184131,-0.131182,0.00777395,0.076904,0.0182995,0.0243467,0.288675,0.239971,0.74983,0.435286,0.363742,1.59376,0.212609,0.410602,0.132769,-0.160675,-0.0926395,0.108142,0.0147626,-0.100136,0.679586,0.847714,0.972221,1.25902,0.982738,1.11859,0.156679,0.0442375,0.728791,0.312612,-0.607118,-0.450326,0.00777395,0.322543,0.023407,0.0243467,0.778013,0.997565,0.74983,1.42952,1.42578,0.450877,0.430971,0.585142,0.132769,-0.191674,-0.191291,0.108142,0.0297824,0.0184106,0.679586,-0.321666,-0.302486,1.25902,-0.223183,-0.126573,0.156679,0.0562754,-0.0820063,0.312612,0.117464,0.0910978,0.00777395,-0.142445,-0.0154563,0.0243467,-0.235751,-0.156046,0.74983,-0.362771,-0.233742,0.450877,-0.138931,-0.105786,1.59376,-0.302829,-0.225356
0.7049,-1.52362,-1.25632,1.30921,-0.939044,-0.883023,0.165844,-0.74113,-0.868986,0.334257,0.291515,0.314781,0.0322143,-0.32186,0.0102,0.0255978,-0.605749,-0.801528,0.776901,-1.33888,-1.25418,0.482379,0.0777466,-0.199485,1.64934,-1.73524,-1.32433,0.152367,0.0133149,0.242364,0.15655,0.0239385,-0.0344278,1.30921,0.561346,0.411632,0.165844,0.21119,0.322163,0.334257,-0.280823,-0.229945,0.0322143,0.176959,0.00898197,0.0255978,0.423934,0.384668,0.776901,0.604984,0.501247,0.482379,-0.00380561,0.0180326,1.64934,0.611379,0.464841,0.152367,-0.110645,-0.110755,0.15655,0.271312,-0.066691,0.7049,0.675074,0.982414,0.165844,-0.0206081,0.652156,0.334257,-0.943608,-0.681564,0.0322143,0.22587,0.0381533,0.0255978,1.08549,1.06581,0.776901,1.31352,1.37275,0.482379,0.427944,0.470935,1.64934,1.14063,1.28037,0.152367,-0.263352,-0.0947491,0.15655,-0.0104678,-0.0259624,0.7049,0.245602,0.201381,1.30921,0.159112,0.171268,0.334257,-0.0526942,-0.0588026,0.0322143,0.0349186,-0.00632666,0.0255978,0.0915883,0.142505,0.776901,0.208862,0.222582,0.482379,-0.0445467,0.0190244,1.64934,0.284809,0.227776,0.152367,0.0181734,-0.01985,0.15655,-0.163175,-0.0188101,0.7049,-0.217344,-0.403441,1.30921,-0.570961,-0.447726,0.165844,0.0978152,-0.174486,0.0322143,-0.0927554,-0.0392307,0.0255978,-0.457761,-0.390308,0.776901,-0.484691,-0.432392,0.482379,-0.188151,-0.141071,1.64934,-0.357594,-0.342492,0.152367,0.181027,0.020437,0.15655,0.0258165,-0.0115755,0.7049,-0.280836,-0.249482,1.30921,-0.0594836,-0.0774658,0.165844,-0.449338,-0.187145,0.334257,-0.0149466,0.00593198,0.0255978,0.126763,-0.0454729,0.776901,0.0705451,-0.0344572,0.482379,0.353155,0.266142,1.64934,-0.165551,-0.0315769,0.152367,-0.0815063,-0.0943979,0.15655,0.00536483,-0.00249099,0.7049,0.0109867,0.0212849,1.30921,0.0273528,0.0249554,0.165844,-0.00500862,0.0122701,0.334257,-0.0189126,-0.0152603,0.0322143,0.00540172,2.41767e-05,0.776901,0.0309516,0.0275639,0.482379,0.00751921,0.00978812,1.64934,0.0277317,0.027142,0.152367,-0.00862897,-0.0043703,0.15655,0.108185,-0.0430597,0.7049,0.488869,0.545939,1.30921,0.645246,0.621331,0.165844,0.0506503,0.383325,0.334257,-0.358525,-0.281708,0.0322143,0.152073,0.0320934,0.0255978,0.509023,0.532033,0.482379,0.241223,0.289403,1.64934,0.781397,0.731215,0.152367,-0.0713601,-0.0899762,0.15655,0.0583375,-0.0340495,0.7049,-0.197591,-0.0457233,1.30921,0.217136,0.270284,0.165844,-0.504248,0.0145584,0.334257,-0.210328,-0.138024,0.0322143,0.107722,0.0407694,0.0255978,0.312534,0.253297,0.776901,0.443255,0.37815,1.64934,0.230359,0.425774,0.152367,-0.13195,-0.103179,0.15655,-0.0153514,-0.142881,0.7049,0.887876,1.00945,1.30921,1.08411,1.1641,0.165844,0.110118,0.771686,0.334257,-0.632182,-0.478982,0.0322143,0.300897,0.0234288,0.0255978,0.867559,1.04787,0.776901,1.50069,1.4787,0.482379,0.44605,0.622879,0.152367,-0.254208,-0.221633,0.15655,0.0347427,0.0268176,0.7049,-0.338828,-0.314122,1.30921,-0.264653,-0.131589,0.165844,0.0510787,-0.0866353,0.334257,0.122782,0.0969644,0.0322143,-0.131295,-0.0213717,0.0255978,-0.253538,-0.1638,0.776901,-0.376087,-0.242341,0.482379,-0.144498,-0.112497,1.64934,-0.315767,-0.233124
0.730214,-1.59049,-1.30254,1.3594,-1.04105,-0.916989,0.175009,-0.792742,-0.916979,0.355901,0.271134,0.334547,0.0566547,-0.265301,0.0262108,0.0268488,-0.693818,-0.839329,0.803972,-1.41942,-1.29863,0.513882,0.0822497,-0.210045,1.70492,-1.78574,-1.36851,0.171965,0.140157,0.276309,0.204958,0.0193794,-0.0521078,1.3594,0.598462,0.426686,0.175009,0.216313,0.338662,0.355901,-0.27976,-0.245021,0.0566547,0.149198,-0.000699757,0.0268488,0.451106,0.401871,0.803972,0.628854,0.518225,0.513882,-0.0042676,0.0170063,1.70492,0.632721,0.479557,0.171965,-0.167869,-0.128724,0.204958,0.276249,-0.097023,0.730214,0.706437,1.01756,0.175009,0.00434818,0.686599,0.355901,-0.963525,-0.723368,0.0566547,0.240967,0.03314,0.0268488,1.14383,1.11563,0.803972,1.3489,1.42081,0.513882,0.489251,0.497351,1.70492,1.19622,1.32238,0.171965,-0.280317,-0.112834,0.204958,-0.0174391,-0.0341696,0.730214,0.255069,0.208758,1.3594,0.170915,0.177864,0.355901,-0.0473888,-0.0624968,0.0566547,0.0294084,-0.0110178,0.0268488,0.10536,0.14921,0.803972,0.221198,0.230459,0.513882,-0.0460369,0.0198468,1.70492,0.292442,0.235359,0.171965,-0.0027822,-0.0230463,0.204958,-0.176846,-0.0120285,0.730214,-0.23433,-0.416965,1.3594,-0.581209,-0.463787,0.175009,0.106774,-0.181897,0.0566547,-0.100562,-0.0369564,0.0268488,-0.468551,-0.407255,0.803972,-0.489205,-0.446472,0.513882,-0.214888,-0.147107,1.70492,-0.377915,-0.352655,0.171965,0.18709,0.0285641,0.204958,0.0080613,-0.00637799,0.730214,-0.28532,-0.2577,1.3594,-0.038712,-0.0792882,0.175009,-0.443753,-0.196051,0.355901,-0.0274259,0.00808379,0.0268488,0.121459,-0.0461448,0.803972,0.0584686,-0.0345541,0.513882,0.383068,0.284896,1.70492,-0.163089,-0.0315696,0.171965,-0.0363084,-0.102151,0.204958,0.00534067,-0.00316242,0.730214,0.0118209,0.0220839,1.3594,0.0289573,0.0259463,0.175009,-0.00411738,0.0129666,0.355901,-0.0198047,-0.0161376,0.0566547,0.00558558,-1.25856e-05,0.803972,0.0317872,0.0285619,0.513882,0.00734316,0.0103967,1.70492,0.0289305,0.0280657,0.171965,-0.00952214,-0.00492645,0.204958,0.0884684,-0.0624701,0.730214,0.511862,0.565323,1.3594,0.685437,0.644827,0.175009,0.0736122,0.403439,0.355901,-0.363208,-0.299628,0.0566547,0.157143,0.031963,0.0268488,0.547391,0.556566,0.513882,0.268675,0.305579,1.70492,0.811196,0.755102,0.171965,-0.0955429,-0.105136,0.204958,0.0262899,-0.0381567,0.730214,-0.199835,-0.046767,1.3594,0.253334,0.28179,0.175009,-0.479645,0.016429,0.355901,-0.232176,-0.144867,0.0566547,0.142835,0.0632393,0.0268488,0.335338,0.266623,0.803972,0.451224,0.392558,1.70492,0.249934,0.440947,0.171965,-0.0978524,-0.113719,0.204958,-0.0612162,-0.185626,0.730214,0.930797,1.04667,1.3594,1.18554,1.20962,0.175009,0.175998,0.81458,0.355901,-0.650984,-0.507638,0.0566547,0.279433,0.0234505,0.0268488,0.959001,1.09818,0.803972,1.57187,1.53162,0.513882,0.469246,0.660616,0.171965,-0.314335,-0.251976,0.204958,0.0410604,0.0352245,0.730214,-0.356557,-0.325758,1.3594,-0.305529,-0.136604,0.175009,0.045882,-0.0912643,0.355901,0.128511,0.102831,0.0566547,-0.114894,-0.0272871,0.0268488,-0.269222,-0.171555,0.803972,-0.389402,-0.250939,0.513882,-0.15024,-0.119208,1.70492,-0.328418,-0.240892
0.755527,-1.64984,-1.34877,1.40959,-1.14305,-0.950955,0.184174,-0.844354,-0.964972,0.377546,0.253106,0.354313,0.081095,-0.203799,0.0422215,0.0280999,-0.78292,-0.87713,0.831043,-1.49997,-1.34309,0.545384,0.070047,-0.220604,1.7605,-1.83002,-1.4127,0.191563,0.260559,0.310254,0.253366,0.0150844,-0.0697877,1.40959,0.635578,0.44174,0.184174,0.221436,0.355161,0.377546,-0.279418,-0.260096,0.081095,0.118278,-0.0103815,0.0280999,0.477571,0.419074,0.831043,0.652725,0.535203,0.545384,-0.00195251,0.01598,1.7605,0.652236,0.494273,0.191563,-0.223437,-0.146693,0.253366,0.275316,-0.127355,0.755527,0.749104,1.05271,0.184174,0.0293045,0.721042,0.377546,-0.971767,-0.765172,0.081095,0.257237,0.0281267,0.0280999,1.20235,1.16544,0.831043,1.38428,1.46886,0.545384,0.555749,0.523767,1.7605,1.25098,1.3644,0.191563,-0.297897,-0.130919,0.253366,-0.0244007,-0.0423768,0.755527,0.26287,0.216136,1.40959,0.182718,0.18446,0.377546,-0.0420489,-0.066191,0.081095,0.0235229,-0.015709,0.0280999,0.119601,0.155915,0.831043,0.233533,0.238336,0.545384,-0.043922,0.0206693,1.7605,0.299072,0.242941,0.191563,-0.0226614,-0.0262425,0.253366,-0.188534,-0.00524692,0.755527,-0.258496,-0.430489,1.40959,-0.591457,-0.479848,0.184174,0.115733,-0.189309,0.081095,-0.109075,-0.0346822,0.0280999,-0.479066,-0.424203,0.831043,-0.49372,-0.460552,0.545384,-0.23999,-0.153143,1.7605,-0.396473,-0.362818,0.191563,0.193003,0.0366911,0.253366,-0.0132692,-0.00118052,0.755527,-0.284867,-0.265918,1.40959,-0.0179404,-0.0811106,0.184174,-0.438168,-0.204956,0.377546,-0.0371198,0.0102356,0.0280999,0.114119,-0.0468167,0.831043,0.0463921,-0.0346511,0.545384,0.406684,0.30365,1.7605,-0.158912,-0.0315623,0.191563,0.00654116,-0.109905,0.253366,0.00515255,-0.00383385,0.755527,0.0131295,0.0228829,1.40959,0.0305618,0.0269372,0.184174,-0.00322614,0.013663,0.377546,-0.0205119,-0.017015,0.081095,0.00575035,-4.93479e-05,0.831043,0.0326229,0.0295598,0.545384,0.007493,0.0110052,1.7605,0.0300518,0.0289894,0.191563,-0.0102987,-0.0054826,0.253366,0.064851,-0.0818805,0.755527,0.53857,0.584708,1.40959,0.725627,0.668324,0.184174,0.0965741,0.423553,0.377546,-0.364674,-0.317548,0.081095,0.16194,0.0318325,0.0280999,0.585887,0.581099,0.545384,0.299962,0.321754,1.7605,0.838793,0.778988,0.191563,-0.120276,-0.120296,0.253366,-0.0122242,-0.0422638,0.755527,-0.192427,-0.0478107,1.40959,0.289532,0.293295,0.184174,-0.455042,0.0182996,0.377546,-0.248991,-0.151709,0.081095,0.179402,0.0857092,0.0280999,0.357357,0.279949,0.831043,0.459193,0.406966,1.7605,0.271595,0.456119,0.191563,-0.0639802,-0.124258,0.253366,-0.113021,-0.228371,0.755527,0.981877,1.08389,1.40959,1.28696,1.25513,0.184174,0.241878,0.857475,0.377546,-0.663025,-0.536294,0.081095,0.25792,0.0234723,0.0280999,1.05185,1.14849,0.831043,1.64304,1.58454,0.545384,0.507035,0.698353,0.191563,-0.366213,-0.282318,0.253366,0.0479711,0.0436314,0.755527,-0.375795,-0.337394,1.40959,-0.346405,-0.14162,0.184174,0.0406852,-0.0958933,0.377546,0.134674,0.108698,0.081095,-0.0961275,-0.0332025,0.0280999,-0.283342,-0.17931,0.831043,-0.402718,-0.259538,0.545384,-0.155252,-0.125919,1.7605,-0.340642,-0.24866
0.780841,-1.70547,-1.395,1.45978,-1.24256,-0.984921,0.193339,-0.895632,-1.01296,0.399191,0.240666,0.374079,0.105535,-0.13947,0.0582322,0.029351,-0.872023,-0.914931,0.858114,-1.58051,-1.38754,0.576886,0.0402763,-0.231164,1.81608,-1.87336,-1.45688,0.211161,0.371682,0.344198,0.301775,0.0110132,-0.0874677,1.45978,0.670804,0.456794,0.193339,0.226969,0.371659,0.399191,-0.280777,-0.275172,0.105535,0.0855414,-0.0200632,0.029351,0.504035,0.436277,0.858114,0.676595,0.552181,0.576886,0.00317197,0.0149538,1.81608,0.671474,0.50899,0.211161,-0.276113,-0.164662,0.301775,0.267056,-0.157687,0.780841,0.797378,1.08786,0.193339,0.0654394,0.755485,0.399191,-0.967635,-0.806976,0.105535,0.270115,0.0231134,0.029351,1.26086,1.21526,0.858114,1.41966,1.51691,0.576886,0.626789,0.550183,1.81608,1.30563,1.40641,0.211161,-0.315665,-0.149004,0.301775,-0.0314002,-0.050584,0.780841,0.269844,0.223513,1.45978,0.194474,0.191056,0.399191,-0.0374173,-0.0698852,0.105535,0.0168055,-0.0204001,0.029351,0.133842,0.16262,0.858114,0.245869,0.246213,0.576886,-0.0379906,0.0214917,1.81608,0.305549,0.250524,0.211161,-0.0408879,-0.0294387,0.301775,-0.197663,0.00153468,0.780841,-0.286224,-0.444014,1.45978,-0.6007,-0.495909,0.193339,0.120604,-0.196721,0.105535,-0.116767,-0.0324079,0.029351,-0.489581,-0.44115,0.858114,-0.498234,-0.474632,0.576886,-0.262615,-0.159178,1.81608,-0.414764,-0.372981,0.211161,0.199076,0.0448182,0.301775,-0.0380488,0.00401695,0.780841,-0.281966,-0.274136,1.45978,0.0018236,-0.0829331,0.193339,-0.429425,-0.213861,0.399191,-0.0424332,0.0123874,0.029351,0.106779,-0.0474886,0.858114,0.0343156,-0.0347481,0.576886,0.423147,0.322403,1.81608,-0.154475,-0.031555,0.211161,0.0457626,-0.117659,0.301775,0.00476454,-0.00450527,0.780841,0.0146733,0.0236818,1.45978,0.0321337,0.0279281,0.193339,-0.00207985,0.0143595,0.399191,-0.0209846,-0.0178924,0.105535,0.00578811,-8.61103e-05,0.858114,0.0334585,0.0305577,0.576886,0.00800933,0.0116138,1.81608,0.0311614,0.0299131,0.211161,-0.0109704,-0.00603875,0.301775,0.0369927,-0.101291,0.780841,0.567121,0.604093,1.45978,0.765151,0.691821,0.193339,0.124774,0.443666,0.399191,-0.362968,-0.335467,0.105535,0.164208,0.0317021,0.029351,0.624384,0.605631,0.576886,0.334885,0.337929,1.81608,0.866057,0.802875,0.211161,-0.144791,-0.135456,0.301775,-0.0570893,-0.046371,0.780841,-0.180231,-0.0488545,1.45978,0.325716,0.304801,0.193339,-0.421291,0.0201702,0.399191,-0.258624,-0.158551,0.105535,0.214478,0.108179,0.029351,0.379376,0.293275,0.858114,0.467163,0.421374,1.81608,0.293571,0.471291,0.211161,-0.0318029,-0.134798,0.301775,-0.171343,-0.271117,0.780841,1.03701,1.12112,1.45978,1.3876,1.30065,0.193339,0.318649,0.900369,0.399191,-0.667222,-0.56495,0.105535,0.23603,0.023494,0.029351,1.14471,1.1988,0.858114,1.71421,1.63746,0.576886,0.560716,0.736091,0.211161,-0.410161,-0.312661,0.301775,0.0556032,0.0520384,0.780841,-0.395782,-0.34903,1.45978,-0.38479,-0.146636,0.193339,0.0358349,-0.100522,0.399191,0.141074,0.114564,0.105535,-0.0775154,-0.0391179,0.029351,-0.297462,-0.187064,0.858114,-0.416033,-0.268136,0.576886,-0.159144,-0.132631,1.81608,-0.352802,-0.256428
0.806155,-1.7611,-1.44123,1.50997,-1.3333,-1.01889,0.202503,-0.946737,-1.06096,0.420836,0.228865,0.393845,0.129976,-0.0751833,0.0742429,0.0306021,-0.960565,-0.952733,0.885185,-1.65659,-1.43199,0.608388,-0.00192984,-0.241724,1.87166,-1.91671,-1.50107,0.230759,0.460308,0.378143,0.350183,0.00696604,-0.105148,1.50997,0.699384,0.471848,0.202503,0.233986,0.388158,0.420836,-0.282329,-0.290247,0.129976,0.0528234,-0.0297449,0.0306021,0.529627,0.45348,0.885185,0.698662,0.56916,0.608388,0.0102816,0.0139275,1.87166,0.690712,0.523706,0.230759,-0.321345,-0.18263,0.350183,0.24972,-0.188019,0.806155,0.845652,1.12301,0.202503,0.123794,0.789928,0.420836,-0.962349,-0.84878,0.129976,0.278927,0.0181002,0.0306021,1.31913,1.26508,0.885185,1.45721,1.56496,0.608388,0.700867,0.576599,1.87166,1.36027,1.44842,0.230759,-0.333296,-0.167089,0.350183,-0.0385667,-0.0587912,0.806155,0.276818,0.23089,1.50997,0.206069,0.197651,0.420836,-0.0328802,-0.0735794,0.129976,0.00947533,-0.0250913,0.0306021,0.148207,0.169326,0.885185,0.257837,0.25409,0.608388,-0.0293591,0.0223142,1.87166,0.312027,0.258106,0.230759,-0.0550206,-0.032635,0.350183,-0.203427,0.00831628,0.806155,-0.313952,-0.457538,1.50997,-0.606408,-0.511971,0.202503,0.116828,-0.204132,0.129976,-0.123232,-0.0301337,0.0306021,-0.500034,-0.458097,0.885185,-0.503172,-0.488712,0.608388,-0.283394,-0.165214,1.87166,-0.433055,-0.383144,0.230759,0.205859,0.0529453,0.350183,-0.0646716,0.00921442,0.806155,-0.279064,-0.282354,1.50997,0.018044,-0.0847555,0.202503,-0.414707,-0.222766,0.420836,-0.0472843,0.0145392,0.0306021,0.0985058,-0.0481604,0.885185,0.0227666,-0.034845,0.608388,0.434504,0.341157,1.87166,-0.150038,-0.0315477,0.230759,0.0759789,-0.125412,0.350183,0.00414041,-0.0051767,0.806155,0.0162172,0.0244808,1.50997,0.0335909,0.028919,0.202503,-0.000434631,0.0150559,0.420836,-0.021434,-0.0187697,0.129976,0.00571021,-0.000122873,0.885185,0.0342753,0.0315557,0.608388,0.00878663,0.0122223,1.87166,0.0322709,0.0308368,0.230759,-0.0114419,-0.0065949,0.350183,0.00538676,-0.120701,0.806155,0.595672,0.623477,1.50997,0.802328,0.715317,0.202503,0.163255,0.46378,0.420836,-0.360976,-0.353387,0.129976,0.164113,0.0315717,0.0306021,0.66265,0.630164,0.608388,0.372314,0.354105,1.87166,0.89332,0.826762,0.230759,-0.167914,-0.150616,0.350183,-0.105696,-0.0504781,0.806155,-0.168035,-0.0498982,1.50997,0.361848,0.316306,0.202503,-0.370332,0.0220408,0.420836,-0.267518,-0.165394,0.129976,0.247222,0.130649,0.0306021,0.400931,0.3066,0.885185,0.475897,0.435782,1.87166,0.315547,0.486464,0.230759,-0.00490312,-0.145337,0.350183,-0.235582,-0.313862,0.806155,1.09213,1.15834,1.50997,1.48545,1.34616,0.202503,0.416247,0.943264,0.420836,-0.670663,-0.593606,0.129976,0.213792,0.0235158,0.0306021,1.23758,1.24911,0.885185,1.78419,1.69038,0.608388,0.625666,0.773828,0.230759,-0.438259,-0.343003,0.350183,0.0640844,0.0604453,0.806155,-0.415769,-0.360666,1.50997,-0.414412,-0.151652,0.202503,0.0311171,-0.105151,0.420836,0.147486,0.120431,0.129976,-0.0604279,-0.0450333,0.0306021,-0.31041,-0.194819,0.885185,-0.427608,-0.276734,0.608388,-0.162227,-0.139342,1.87166,-0.364962,-0.264196
0.831468,-1.81673,-1.48746,1.56016,-1.41744,-1.05285,0.211668,-0.997985,-1.10895,0.44248,0.222614,0.413611,0.154416,-0.0140156,0.0902536,0.0318531,-1.04755,-0.990534,0.912256,-1.72159,-1.47644,0.63989,-0.0479408,-0.252284,1.92724,-1.96005,-1.54525,0.250357,0.521264,0.412088,0.398591,0.00267041,-0.122828,1.56016,0.723734,0.486902,0.211668,0.241417,0.404657,0.44248,-0.285545,-0.305323,0.154416,0.0220755,-0.0394267,0.0318531,0.553236,0.470683,0.912256,0.716243,0.586138,0.63989,0.0179924,0.0129012,1.92724,0.70995,0.538422,0.250357,-0.357151,-0.200599,0.398591,0.222674,-0.218351,0.831468,0.893926,1.15816,0.211668,0.18503,0.824371,0.44248,-0.952631,-0.890584,0.154416,0.276453,0.0130869,0.0318531,1.37675,1.3149,0.912256,1.50017,1.61302,0.63989,0.775557,0.603015,1.92724,1.41491,1.49044,0.250357,-0.350389,-0.185174,0.398591,-0.0460416,-0.0669984,0.831468,0.283792,0.238267,1.56016,0.217445,0.204247,0.44248,-0.0294545,-0.0772736,0.154416,0.000779983,-0.0297824,0.0318531,0.162782,0.176031,0.912256,0.268893,0.261967,0.63989,-0.0199042,0.0231366,1.92724,0.318504,0.265689,0.250357,-0.0640645,-0.0358312,0.398591,-0.20538,0.0150979,0.831468,-0.341679,-0.471062,1.56016,-0.610295,-0.528032,0.211668,0.111756,-0.211544,0.154416,-0.126073,-0.0278595,0.0318531,-0.510388,-0.475044,0.912256,-0.509161,-0.502792,0.63989,-0.303442,-0.17125,1.92724,-0.451346,-0.393307,0.250357,0.213689,0.0610723,0.398591,-0.0906393,0.0144119,0.831468,-0.276162,-0.290572,1.56016,0.0317171,-0.0865779,0.211668,-0.399315,-0.231671,0.44248,-0.0489388,0.0166911,0.0318531,0.088356,-0.0488323,0.912256,0.0125292,-0.034942,0.63989,0.444217,0.359911,1.92724,-0.145601,-0.0315404,0.250357,0.0949674,-0.133166,0.398591,0.00327606,-0.00584812,0.831468,0.017761,0.0252797,1.56016,0.0349655,0.0299099,0.211668,0.00127262,0.0157524,0.44248,-0.0217554,-0.0196471,0.154416,0.00534312,-0.000159635,0.912256,0.0350452,0.0325536,0.63989,0.00964661,0.0128309,1.92724,0.0333805,0.0317605,0.250357,-0.0116993,-0.00715105,0.398591,-0.028601,-0.140112,0.831468,0.624223,0.642862,1.56016,0.837862,0.738814,0.211668,0.203024,0.483894,0.44248,-0.358114,-0.371307,0.154416,0.158036,0.0314412,0.0318531,0.700334,0.654697,0.63989,0.410385,0.37028,1.92724,0.920584,0.850649,0.250357,-0.188805,-0.165775,0.398591,-0.153846,-0.0545853,0.831468,-0.155838,-0.0509419,1.56016,0.397438,0.327811,0.211668,-0.317464,0.0239114,0.44248,-0.271734,-0.172236,0.154416,0.273016,0.153119,0.0318531,0.421507,0.319926,0.912256,0.486533,0.45019,1.92724,0.337523,0.501636,0.250357,0.0147794,-0.155877,0.398591,-0.303824,-0.356607,0.831468,1.14726,1.19557,1.56016,1.58021,1.39168,0.211668,0.516271,0.986159,0.44248,-0.670529,-0.622262,0.154416,0.190678,0.0235375,0.0318531,1.33023,1.29942,0.912256,1.85119,1.7433,0.63989,0.694102,0.811565,0.250357,-0.448906,-0.373345,0.398591,0.0734258,0.0688522,0.831468,-0.435755,-0.372302,1.56016,-0.438151,-0.156667,0.211668,0.026232,-0.10978,0.44248,0.153715,0.126297,0.154416,-0.0487433,-0.0509487,0.0318531,-0.320812,-0.202574,0.912256,-0.434855,-0.285333,0.63989,-0.165033,-0.146053,1.92724,-0.377122,-0.271964
0.856782,-1.87236,-1.53368,1.61035,-1.49362,-1.08682,0.220833,-1.0501,-1.15694,0.464125,0.22406,0.433377,0.178856,0.0423623,0.106264,0.0331042,-1.13219,-1.02834,0.939327,-1.78659,-1.52089,0.671392,-0.126978,-0.262843,1.98283,-1.99839,-1.58944,0.269955,0.553217,0.446032,0.446999,-0.00197123,-0.140508,1.61035,0.743144,0.501956,0.220833,0.250844,0.421155,0.464125,-0.291052,-0.320398,0.178856,-0.00563321,-0.0491084,0.0331042,0.575281,0.487886,0.939327,0.733825,0.603116,0.671392,0.030921,0.0118749,1.98283,0.72761,0.553138,0.269955,-0.382724,-0.218568,0.446999,0.187515,-0.248683,0.856782,0.9422,1.19331,0.220833,0.256805,0.858814,0.464125,-0.94149,-0.932389,0.178856,0.262446,0.00807361,0.0331042,1.43358,1.36472,0.939327,1.54314,1.66107,0.671392,0.855559,0.629431,1.98283,1.46817,1.53245,0.269955,-0.366455,-0.203259,0.446999,-0.0538396,-0.0752055,0.856782,0.290766,0.245644,1.61035,0.22854,0.210843,0.464125,-0.0278149,-0.0809678,0.178856,-0.00912982,-0.0344736,0.0331042,0.177246,0.182736,0.939327,0.279948,0.269845,0.671392,-0.00330125,0.0239591,1.98283,0.324172,0.273271,0.269955,-0.0677102,-0.0390275,0.446999,-0.20404,0.0218795,0.856782,-0.369407,-0.484586,1.61035,-0.612162,-0.544093,0.220833,0.101571,-0.218956,0.178856,-0.125096,-0.0255852,0.0331042,-0.520833,-0.491992,0.939327,-0.51515,-0.516872,0.671392,-0.31714,-0.177285,1.98283,-0.467791,-0.40347,0.269955,0.222332,0.0691994,0.446999,-0.114733,0.0196094,0.856782,-0.27326,-0.298789,1.61035,0.0423457,-0.0884003,0.220833,-0.381675,-0.240576,0.464125,-0.0468544,0.0188429,0.0331042,0.0776832,-0.0495042,0.939327,0.0022918,-0.035039,0.671392,0.439666,0.378665,1.98283,-0.139942,-0.0315331,0.269955,0.101529,-0.140919,0.446999,0.0022172,-0.00651955,0.856782,0.0193049,0.0260787,1.61035,0.0362413,0.0309008,0.220833,0.00320102,0.0164488,0.464125,-0.0219626,-0.0205245,0.178856,0.00469771,-0.000196397,0.939327,0.0358151,0.0335515,0.671392,0.0112243,0.0134394,1.98283,0.0344132,0.0326841,0.269955,-0.0117498,-0.0077072,0.446999,-0.0637572,-0.159522,0.856782,0.652774,0.662247,1.61035,0.871442,0.762311,0.220833,0.247415,0.504007,0.464125,-0.355418,-0.389227,0.178856,0.146162,0.0313108,0.0331042,0.737324,0.67923,0.671392,0.454023,0.386456,1.98283,0.945804,0.874536,0.269955,-0.207017,-0.180935,0.446999,-0.199362,-0.0586925,0.856782,-0.143642,-0.0519856,1.61035,0.432273,0.339317,0.220833,-0.258317,0.025782,0.464125,-0.27094,-0.179078,0.178856,0.291457,0.175589,0.0331042,0.441618,0.333252,0.939327,0.49717,0.464598,1.98283,0.360953,0.516808,0.269955,0.0259937,-0.166417,0.446999,-0.374233,-0.399352,0.856782,1.20239,1.23279,1.61035,1.67105,1.43719,0.220833,0.624582,1.02905,0.464125,-0.667972,-0.650918,0.178856,0.166712,0.0235593,0.0331042,1.42167,1.34972,0.939327,1.91818,1.79622,0.671392,0.792797,0.849302,0.269955,-0.442642,-0.403688,0.446999,0.0834617,0.0772592,0.856782,-0.455742,-0.383938,1.61035,-0.454949,-0.161683,0.220833,0.0203343,-0.114409,0.464125,0.159439,0.132164,0.178856,-0.0432033,-0.0568641,0.0331042,-0.329664,-0.210329,0.939327,-0.442101,-0.293931,0.671392,-0.165434,-0.152764,1.98283,-0.388925,-0.279732
0.882096,-1.928,-1.57991,1.66055,-1.56044,-1.12079,0.229998,-1.10293,-1.20494,0.48577,0.232673,0.453143,0.203297,0.0919762,0.122275,0.0343553,-1.21265,-1.06614,0.966398,-1.85159,-1.56535,0.702894,-0.206015,-0.273403,2.03841,-2.03267,-1.63363,0.289553,0.558876,0.479977,0.495408,-0.0072133,-0.158188,1.66055,0.756969,0.51701,0.229998,0.261634,0.437654,0.48577,-0.298678,-0.335474,0.203297,-0.0290209,-0.0587901,0.0343553,0.59507,0.505089,0.966398,0.751407,0.620094,0.702894,0.0438497,0.0108486,2.03841,0.743975,0.567854,0.289553,-0.39819,-0.236536,0.495408,0.142992,-0.279015,0.882096,0.990474,1.22847,0.229998,0.333876,0.893258,0.48577,-0.933118,-0.974193,0.203297,0.23263,0.00306034,0.0343553,1.48906,1.41454,0.966398,1.5861,1.70912,0.702894,0.935561,0.655847,2.03841,1.5202,1.57447,0.289553,-0.380512,-0.221344,0.495408,-0.0621057,-0.0834127,0.882096,0.29774,0.253022,1.66055,0.239272,0.217439,0.48577,-0.0280513,-0.084662,0.203297,-0.020569,-0.0391647,0.0343553,0.191353,0.189441,0.966398,0.291003,0.277722,0.702894,0.0133017,0.0247815,2.03841,0.329183,0.280854,0.289553,-0.0663162,-0.0422237,0.495408,-0.198745,0.0286611,0.882096,-0.397135,-0.49811,1.66055,-0.611916,-0.560154,0.229998,0.0885327,-0.226367,0.203297,-0.118692,-0.023311,0.0343553,-0.531528,-0.508939,0.966398,-0.521139,-0.530952,0.702894,-0.330838,-0.183321,2.03841,-0.482681,-0.413633,0.289553,0.230637,0.0773264,0.495408,-0.134736,0.0248068,0.882096,-0.270359,-0.307007,1.66055,0.0494612,-0.0902228,0.229998,-0.36307,-0.249482,0.48577,-0.0418893,0.0209947,0.0343553,0.0669481,-0.0501761,0.966398,-0.00794557,-0.0351359,0.702894,0.435114,0.397419,2.03841,-0.133311,-0.0315258,0.289553,0.0949138,-0.148673,0.495408,0.000942943,-0.00719097,0.882096,0.0208487,0.0268776,1.66055,0.0374023,0.0318917,0.229998,0.00523622,0.0171452,0.48577,-0.0221182,-0.0214018,0.203297,0.00368503,-0.00023316,0.966398,0.036585,0.0345494,0.702894,0.012802,0.014048,2.03841,0.0353816,0.0336078,0.289553,-0.0116337,-0.00826335,0.495408,-0.0990677,-0.178932,0.882096,0.681325,0.681631,1.66055,0.902763,0.785807,0.229998,0.294058,0.524121,0.48577,-0.354065,-0.407146,0.203297,0.126687,0.0311804,0.0343553,0.773139,0.703763,0.702894,0.497662,0.402631,2.03841,0.969329,0.898422,0.289553,-0.222263,-0.196095,0.495408,-0.238564,-0.0627996,0.882096,-0.131446,-0.0530293,1.66055,0.466078,0.350822,0.229998,-0.196539,0.0276526,0.48577,-0.26676,-0.185921,0.203297,0.300024,0.198059,0.0343553,0.461278,0.346578,0.966398,0.507806,0.479006,2.03841,0.385535,0.531981,0.289553,0.0274362,-0.176956,0.495408,-0.445437,-0.442097,0.882096,1.25752,1.27001,1.66055,1.757,1.48271,0.229998,0.736612,1.07195,0.48577,-0.665356,-0.679574,0.203297,0.141,0.023581,0.0343553,1.5106,1.40003,0.966398,1.98518,1.84914,0.702894,0.891491,0.887039,0.289553,-0.423298,-0.43403,0.495408,0.0942637,0.0856661,0.882096,-0.475729,-0.395575,1.66055,-0.463838,-0.166699,0.229998,0.0136276,-0.119038,0.48577,0.164474,0.138031,0.203297,-0.0459182,-0.0627795,0.0343553,-0.336616,-0.218083,0.966398,-0.449348,-0.30253,0.702894,-0.165834,-0.159475,2.03841,-0.400438,-0.2875
0.90741,-1.98363,-1.62614,1.71074,-1.61776,-1.15475,0.239163,-1.15656,-1.25293,0.507415,0.247998,0.472909,0.227737,0.137961,0.138286,0.0356064,-1.28947,-1.10394,0.993469,-1.9153,-1.6098,0.734396,-0.285051,-0.283963,2.09399,-2.06292,-1.67781,0.309151,0.546881,0.513922,0.543816,-0.0132455,-0.175867,1.71074,0.765246,0.532064,0.239163,0.273811,0.454153,0.507415,-0.308284,-0.350549,0.227737,-0.050011,-0.0684719,0.0356064,0.6131,0.522293,0.993469,0.768546,0.637073,0.734396,0.0567783,0.00982231,2.09399,0.758959,0.582571,0.309151,-0.406089,-0.254505,0.543816,0.0884776,-0.309347,0.90741,1.03875,1.26362,0.239163,0.414861,0.927701,0.507415,-0.928921,-1.016,0.227737,0.190864,-0.00195294,0.0356064,1.54339,1.46436,0.993469,1.62969,1.75717,0.734396,1.01556,0.682263,2.09399,1.57064,1.61648,0.309151,-0.392212,-0.23943,0.543816,-0.070942,-0.0916199,0.90741,0.304714,0.260399,1.71074,0.249607,0.224034,0.507415,-0.0301261,-0.0883562,0.227737,-0.033008,-0.0438559,0.0356064,0.205087,0.196146,0.993469,0.301929,0.285599,0.734396,0.0299046,0.025604,2.09399,0.333546,0.288436,0.309151,-0.0614016,-0.0454199,0.543816,-0.189114,0.0354427,0.90741,-0.424862,-0.511634,1.71074,-0.609777,-0.576215,0.239163,0.0730893,-0.233779,0.227737,-0.107776,-0.0210368,0.0356064,-0.542476,-0.525886,0.993469,-0.527331,-0.545032,0.734396,-0.344536,-0.189357,2.09399,-0.495789,-0.423796,0.309151,0.237698,0.0854535,0.543816,-0.148941,0.0300043,0.90741,-0.267457,-0.315225,1.71074,0.0531326,-0.0920452,0.239163,-0.343923,-0.258387,0.507415,-0.0344595,0.0231465,0.0356064,0.0564862,-0.050848,0.993469,-0.017901,-0.0352329,0.734396,0.430563,0.416173,2.09399,-0.1258,-0.0315185,0.309151,0.0776504,-0.156426,0.543816,-0.000554345,-0.0078624,0.90741,0.0223926,0.0276766,1.71074,0.0384481,0.0328826,0.239163,0.0073458,0.0178417,0.507415,-0.0222465,-0.0222792,0.227737,0.00241349,-0.000269922,0.993469,0.0373538,0.0355474,0.734396,0.0143796,0.0146565,2.09399,0.036279,0.0345315,0.309151,-0.0114251,-0.0088195,0.543816,-0.133654,-0.198343,0.90741,0.709877,0.701016,1.71074,0.931817,0.809304,0.239163,0.342289,0.544234,0.507415,-0.354428,-0.425066,0.227737,0.102053,0.0310499,0.0356064,0.807961,0.728296,0.734396,0.5413,0.418806,2.09399,0.991039,0.922309,0.309151,-0.235027,-0.211255,0.543816,-0.268596,-0.0669068,0.90741,-0.11925,-0.0540731,1.71074,0.498732,0.362328,0.239163,-0.13337,0.0295232,0.507415,-0.259904,-0.192763,0.227737,0.30204,0.220529,0.0356064,0.480689,0.359904,0.993469,0.518756,0.493414,2.09399,0.411153,0.547153,0.309151,0.0203572,-0.187496,0.543816,-0.516215,-0.484842,0.90741,1.31264,1.30724,1.71074,1.83784,1.52822,0.239163,0.850924,1.11484,0.507415,-0.663535,-0.70823,0.227737,0.11226,0.0236028,0.0356064,1.59722,1.45034,0.993469,2.05183,1.90206,0.734396,0.990186,0.924777,0.309151,-0.397251,-0.464372,0.543816,0.105857,0.094073,0.90741,-0.495716,-0.407211,1.71074,-0.464972,-0.171714,0.239163,0.00600715,-0.123667,0.507415,0.168782,0.143897,0.227737,-0.0535947,-0.068695,0.0356064,-0.34224,-0.225838,0.993469,-0.456207,-0.311128,0.734396,-0.166235,-0.166187,2.09399,-0.411615,-0.295268
0.932723,-2.03926,-1.67237,1.76093,-1.66899,-1.18872,0.248328,-1.21255,-1.30092,0.529059,0.273297,0.492675,0.252177,0.183232,0.154297,0.0368574,-1.36139,-1.14174,1.02054,-1.96587,-1.65425,0.765899,-0.364088,-0.294523,2.14957,-2.08942,-1.722,0.328749,0.523339,0.547867,0.592224,-0.0204302,-0.193547,1.76093,0.770036,0.547118,0.248328,0.289776,0.470651,0.529059,-0.320823,-0.365625,0.252177,-0.0703814,-0.0781536,0.0368574,0.628888,0.539496,1.02054,0.781197,0.654051,0.765899,0.069707,0.00879602,2.14957,0.772415,0.597287,0.328749,-0.408023,-0.272474,0.592224,0.0229799,-0.339679,0.932723,1.08702,1.29877,0.248328,0.503429,0.962144,0.529059,-0.933473,-1.0578,0.252177,0.139957,-0.00696621,0.0368574,1.5962,1.51418,1.02054,1.6796,1.80523,0.765899,1.09557,0.708679,2.14957,1.61957,1.6585,0.328749,-0.401051,-0.257515,0.592224,-0.0804957,-0.0998271,0.932723,0.311688,0.267776,1.76093,0.259674,0.23063,0.529059,-0.0350651,-0.0920504,0.252177,-0.0460232,-0.048547,0.0368574,0.218281,0.202851,1.02054,0.311544,0.293476,0.765899,0.0465075,0.0264264,2.14957,0.337353,0.296019,0.328749,-0.0540065,-0.0486162,0.592224,-0.174521,0.0422243,0.932723,-0.45259,-0.525158,1.76093,-0.606539,-0.592276,0.248328,0.0521238,-0.241191,0.252177,-0.092888,-0.0187625,0.0368574,-0.553784,-0.542834,1.02054,-0.535583,-0.559112,0.765899,-0.358235,-0.195392,2.14957,-0.507166,-0.433959,0.328749,0.242616,0.0935806,0.592224,-0.154842,0.0352018,0.932723,-0.264555,-0.323443,1.76093,0.0546664,-0.0938676,0.248328,-0.324226,-0.267292,0.529059,-0.0237407,0.0252983,0.0368574,0.0465988,-0.0515198,1.02054,-0.024997,-0.0353299,0.765899,0.426012,0.434927,2.14957,-0.117494,-0.0315112,0.328749,0.0510727,-0.16418,0.592224,-0.00228725,-0.00853383,0.932723,0.0239364,0.0284756,1.76093,0.0394209,0.0338735,0.248328,0.00958629,0.0185381,0.529059,-0.0223685,-0.0231566,0.252177,0.000966944,-0.000306684,1.02054,0.0381112,0.0365453,0.765899,0.0159573,0.0152651,2.14957,0.0371132,0.0354552,0.328749,-0.011181,-0.00937565,0.592224,-0.166288,-0.217753,0.932723,0.738428,0.720401,1.76093,0.959438,0.832801,0.248328,0.393383,0.564348,0.529059,-0.358082,-0.442986,0.252177,0.0742109,0.0309195,0.0368574,0.841461,0.752829,0.765899,0.584939,0.434982,2.14957,1.01116,0.946196,0.328749,-0.245522,-0.226415,0.592224,-0.285332,-0.071014,0.932723,-0.107054,-0.0551168,1.76093,0.530611,0.373833,0.248328,-0.0691077,0.0313939,0.529059,-0.249868,-0.199605,0.252177,0.300251,0.242998,0.0368574,0.499854,0.373229,1.02054,0.532887,0.507822,2.14957,0.437793,0.562325,0.328749,0.00514497,-0.198035,0.592224,-0.584824,-0.527587,0.932723,1.36777,1.34446,1.76093,1.91535,1.57374,0.248328,0.9683,1.15774,0.529059,-0.664258,-0.736886,0.252177,0.0789752,0.0236245,0.0368574,1.68065,1.50065,1.02054,2.11497,1.95499,0.765899,1.08888,0.962514,0.328749,-0.369535,-0.494715,0.592224,0.118278,0.10248,0.932723,-0.515703,-0.418847,1.76093,-0.461285,-0.17673,0.248328,-0.00429901,-0.128296,0.529059,0.171871,0.149764,0.252177,-0.063352,-0.0746104,0.0368574,-0.34628,-0.233593,1.02054,-0.459127,-0.319727,0.765899,-0.166636,-0.172898,2.14957,-0.422218,-0.303036
0.958037,-2.09489,-1.7186,1.81112,-1.71088,-1.22269,0.257493,-1.26905,-1.34891,0.550704,0.308768,0.512441,0.276618,0.230782,0.170307,0.0381085,-1.42736,-1.17954,1.04761,-2.00983,-1.6987,0.797401,-0.443125,-0.305082,2.20515,-2.1143,-1.76618,0.348347,0.49051,0.581811,0.640632,-0.029558,-0.211227,1.81112,0.769629,0.562172,0.257493,0.30652,0.48715,0.550704,-0.336322,-0.3807,0.276618,-0.0919575,-0.0878353,0.0381085,0.642156,0.556699,1.04761,0.791698,0.671029,0.797401,0.0826356,0.00776973,2.20515,0.78511,0.612003,0.348347,-0.403442,-0.290443,0.640632,-0.0507692,-0.370011,0.958037,1.1353,1.33392,0.257493,0.593236,0.996587,0.550704,-0.949026,-1.0996,0.276618,0.082839,-0.0119795,0.0381085,1.64717,1.56399,1.04761,1.73267,1.85328,0.797401,1.17557,0.735095,2.20515,1.66786,1.70051,0.348347,-0.405364,-0.2756,0.640632,-0.0906151,-0.108034,0.958037,0.318662,0.275153,1.81112,0.269295,0.237226,0.550704,-0.0430396,-0.0957446,0.276618,-0.059177,-0.0532382,0.0381085,0.23076,0.209557,1.04761,0.320462,0.301353,0.797401,0.0631104,0.0272489,2.20515,0.340938,0.303602,0.348347,-0.0443151,-0.0518124,0.640632,-0.155631,0.0490059,0.958037,-0.480318,-0.538682,1.81112,-0.601929,-0.608337,0.257493,0.0301307,-0.248602,0.276618,-0.074603,-0.0164883,0.0381085,-0.565565,-0.559781,1.04761,-0.544983,-0.573192,0.797401,-0.371933,-0.201428,2.20515,-0.517777,-0.444121,0.348347,0.243564,0.101708,0.640632,-0.152893,0.0403992,0.958037,-0.261653,-0.331661,1.81112,0.053095,-0.09569,0.257493,-0.304512,-0.276197,0.550704,-0.00997398,0.0274502,0.0381085,0.0377344,-0.0521917,1.04761,-0.0304365,-0.0354268,0.797401,0.421461,0.453681,2.20515,-0.10885,-0.0315039,0.348347,0.0130319,-0.171933,0.640632,-0.00418411,-0.00920525,0.958037,0.0254803,0.0292745,1.81112,0.0402834,0.0348644,0.257493,0.0118463,0.0192346,0.550704,-0.0225124,-0.0240339,0.276618,-0.000567618,-0.000343447,1.04761,0.03887,0.0375432,0.797401,0.017535,0.0158736,2.20515,0.0379217,0.0363789,0.348347,-0.0109509,-0.0099318,0.640632,-0.196878,-0.237163,0.958037,0.766979,0.739785,1.81112,0.984898,0.856297,0.257493,0.444912,0.584462,0.550704,-0.365724,-0.460906,0.276618,0.0451805,0.0307891,0.0381085,0.87338,0.777362,0.797401,0.628577,0.451157,2.20515,1.03064,0.970083,0.348347,-0.253105,-0.241575,0.640632,-0.29005,-0.0751211,0.958037,-0.0948576,-0.0561605,1.81112,0.561182,0.385338,0.257493,-0.00490012,0.0332645,0.550704,-0.237242,-0.206448,0.276618,0.297498,0.265468,0.0381085,0.518864,0.386555,1.04761,0.548779,0.522229,2.20515,0.464906,0.577498,0.348347,-0.0209346,-0.208575,0.640632,-0.650464,-0.570333,0.958037,1.4229,1.38169,1.81112,1.98758,1.61925,0.257493,1.08598,1.20063,0.550704,-0.668701,-0.765542,0.276618,0.0396178,0.0236463,0.0381085,1.76008,1.55096,1.04761,2.17635,2.00791,0.797401,1.18758,1.00025,0.348347,-0.345065,-0.525057,0.640632,0.131223,0.110887,0.958037,-0.535689,-0.430483,1.81112,-0.450574,-0.181746,0.257493,-0.0151771,-0.132925,0.550704,0.173574,0.155631,0.276618,-0.0722255,-0.0805258,0.0381085,-0.34872,-0.241347,1.04761,-0.460247,-0.328325,0.797401,-0.167037,-0.179609,2.20515,-0.432462,-0.310804
0.983351,-2.15052,-1.76482,1.86131,-1.74574,-1.25665,0.266658,-1.33022,-1.39691,0.572349,0.355502,0.532208,0.301058,0.284075,0.186318,0.0393596,-1.48493,-1.21734,1.07468,-2.04715,-1.74315,0.828903,-0.522162,-0.315642,2.26073,-2.13603,-1.81037,0.367945,0.456046,0.615756,0.689041,-0.0430458,-0.228907,1.86131,0.76548,0.577226,0.266658,0.329897,0.503649,0.572349,-0.354848,-0.395776,0.301058,-0.116841,-0.097517,0.0393596,0.652067,0.573902,1.07468,0.800031,0.688007,0.828903,0.0955642,0.00674344,2.26073,0.796242,0.626719,0.367945,-0.395033,-0.308411,0.689041,-0.130918,-0.400343,0.983351,1.18357,1.36907,0.266658,0.686952,1.03103,0.572349,-0.978515,-1.14141,0.301058,0.0224634,-0.0169928,0.0393596,1.69555,1.61381,1.07468,1.78886,1.90133,0.828903,1.25557,0.761511,2.26073,1.71493,1.74253,0.367945,-0.405408,-0.293685,0.689041,-0.101166,-0.116241,0.983351,0.325636,0.28253,1.86131,0.278539,0.243822,0.572349,-0.054532,-0.0994388,0.301058,-0.0719804,-0.0579293,0.0393596,0.242175,0.216262,1.07468,0.328678,0.30923,0.828903,0.0797133,0.0280713,2.26073,0.34411,0.311184,0.367945,-0.0337495,-0.0550086,0.689041,-0.131945,0.0557875,0.983351,-0.508045,-0.552206,1.86131,-0.596636,-0.624399,0.266658,0.00162354,-0.256014,0.301058,-0.0533736,-0.014214,0.0393596,-0.577991,-0.576728,1.07468,-0.555531,-0.587272,0.828903,-0.385631,-0.207464,2.26073,-0.526885,-0.454284,0.367945,0.240311,0.109835,0.689041,-0.141999,0.0455967,0.983351,-0.258752,-0.339879,1.86131,0.04938,-0.0975125,0.266658,-0.286638,-0.285102,0.572349,0.00689612,0.029602,0.0393596,0.0305394,-0.0528636,1.07468,-0.0341739,-0.0355238,0.828903,0.416909,0.472435,2.26073,-0.0995542,-0.0314966,0.367945,-0.033222,-0.179687,0.689041,-0.00617929,-0.00987668,0.983351,0.0270241,0.0300735,1.86131,0.041065,0.0358553,0.266658,0.0141176,0.019931,0.572349,-0.0227112,-0.0249113,0.301058,-0.00209597,-0.000380209,1.07468,0.0396312,0.0385412,0.828903,0.0191126,0.0164822,2.26073,0.0386818,0.0373026,0.367945,-0.0107896,-0.010488,0.689041,-0.2253,-0.256574,0.983351,0.79553,0.75917,1.86131,1.00877,0.879794,0.266658,0.496995,0.604575,0.572349,-0.378596,-0.478826,0.301058,0.0171752,0.0306586,0.0393596,0.903067,0.801895,0.828903,0.672216,0.467333,2.26073,1.04893,0.99397,0.367945,-0.258477,-0.256735,0.689041,-0.282569,-0.0792283,0.983351,-0.0826614,-0.0572042,1.86131,0.590637,0.396844,0.266658,0.0530527,0.0351351,0.572349,-0.222348,-0.21329,0.301058,0.29691,0.287938,0.0393596,0.537713,0.399881,1.07468,0.56647,0.536637,2.26073,0.492962,0.59267,0.367945,-0.055674,-0.219115,0.689041,-0.71152,-0.613078,0.983351,1.47803,1.41891,1.86131,2.05565,1.66477,0.266658,1.19947,1.24353,0.572349,-0.6783,-0.794198,0.301058,-0.00788731,0.023668,0.0393596,1.83372,1.60127,1.07468,2.23592,2.06083,0.828903,1.28627,1.03799,0.367945,-0.32832,-0.555399,0.689041,0.144327,0.119294,0.983351,-0.555676,-0.442119,1.86131,-0.434987,-0.186761,0.266658,-0.0313355,-0.137554,0.572349,0.173297,0.161497,0.301058,-0.0768323,-0.0864412,0.0393596,-0.3492,-0.249102,1.07468,-0.459578,-0.336923,0.828903,-0.167437,-0.18632,2.26073,-0.441914,-0.318572
1.00866,-2.20615,-1.81105,1.9115,-1.77711,-1.29062,0.275823,-1.39379,-1.4449,0.593994,0.408362,0.551974,0.325499,0.342482,0.202329,0.0406106,-1.53931,-1.25514,1.10175,-2.08168,-1.78761,0.860405,-0.618477,-0.326202,2.31631,-2.15393,-1.85455,0.387543,0.425682,0.649701,0.737449,-0.0599424,-0.246587,1.9115,0.759479,0.59228,0.275823,0.356674,0.520147,0.593994,-0.374945,-0.410851,0.325499,-0.144693,-0.107199,0.0406106,0.66074,0.591105,1.10175,0.807407,0.704986,0.860405,0.111086,0.00571715,2.31631,0.804946,0.641435,0.387543,-0.382533,-0.32638,0.737449,-0.213138,-0.430675,1.00866,1.23184,1.40422,0.275823,0.782673,1.06547,0.593994,-1.016,-1.18321,0.325499,-0.0383729,-0.022006,0.0406106,1.74296,1.66363,1.10175,1.84627,1.94938,0.860405,1.33141,0.787926,2.31631,1.76059,1.78454,0.387543,-0.398416,-0.31177,0.737449,-0.11185,-0.124449,1.00866,0.33261,0.289907,1.9115,0.287594,0.250418,0.593994,-0.0679789,-0.103133,0.325499,-0.0842863,-0.0626205,0.0406106,0.253178,0.222967,1.10175,0.3366,0.317107,0.860405,0.0999985,0.0288938,2.31631,0.346876,0.318767,0.387543,-0.0229982,-0.0582049,0.737449,-0.105683,0.0625691,1.00866,-0.535773,-0.56573,1.9115,-0.591014,-0.64046,0.275823,-0.0302227,-0.263425,0.325499,-0.0305485,-0.0119398,0.0406106,-0.59065,-0.593676,1.10175,-0.566515,-0.601352,0.860405,-0.392363,-0.213499,2.31631,-0.534056,-0.464447,0.387543,0.229786,0.117962,0.737449,-0.126225,0.0507942,1.00866,-0.25585,-0.348096,1.9115,0.0446065,-0.0993349,0.275823,-0.269707,-0.294008,0.593994,0.0253884,0.0317538,0.0406106,0.0240022,-0.0535355,1.10175,-0.0371556,-0.0356208,0.860405,0.403133,0.491189,2.31631,-0.0894867,-0.0314893,0.387543,-0.0903251,-0.18744,0.737449,-0.00818616,-0.0105481,1.00866,0.028568,0.0308724,1.9115,0.0418064,0.0368462,0.275823,0.0163947,0.0206274,0.593994,-0.0229476,-0.0257887,0.325499,-0.00356317,-0.000416971,1.10175,0.0403944,0.0395391,0.860405,0.0211277,0.0170907,2.31631,0.0393909,0.0382263,0.387543,-0.0107876,-0.0110441,0.737449,-0.252622,-0.275984,1.00866,0.824081,0.778555,1.9115,1.03186,0.903291,0.275823,0.549362,0.624689,0.593994,-0.394524,-0.496745,0.325499,-0.00899957,0.0305282,0.0406106,0.931902,0.826428,0.860405,0.716034,0.483508,2.31631,1.06599,1.01786,0.387543,-0.260771,-0.271894,0.737449,-0.269155,-0.0833355,1.00866,-0.0704653,-0.0582479,1.9115,0.619535,0.408349,0.275823,0.107799,0.0370057,0.593994,-0.206368,-0.220132,0.325499,0.299214,0.310408,0.0406106,0.5565,0.413207,1.10175,0.584956,0.551045,2.31631,0.522333,0.607842,0.387543,-0.102932,-0.229654,0.737449,-0.769508,-0.655823,1.00866,1.53316,1.45614,1.9115,2.12165,1.71028,0.275823,1.31082,1.28642,0.593994,-0.690957,-0.822853,0.325499,-0.0615569,0.0236898,0.0406106,1.90514,1.65158,1.10175,2.29471,2.11375,0.860405,1.40162,1.07573,0.387543,-0.328444,-0.585742,0.737449,0.15731,0.127701,1.00866,-0.575663,-0.453755,1.9115,-0.416993,-0.191777,0.275823,-0.0502005,-0.142183,0.593994,0.171818,0.167364,0.325499,-0.0770991,-0.0923566,0.0406106,-0.348982,-0.256857,1.10175,-0.458161,-0.345522,0.860405,-0.165936,-0.193031,2.31631,-0.449831,-0.32634
1.03398,-2.25369,-1.85728,1.96169,-1.79797,-1.32458,0.284987,-1.45736,-1.49289,0.615638,0.461222,0.57174,0.349939,0.405175,0.218339,0.0418617,-1.58562,-1.29294,1.12882,-2.1091,-1.83206,0.891907,-0.715541,-0.336761,2.37189,-2.17129,-1.89874,0.407141,0.396976,0.683645,0.785857,-0.0844914,-0.264267,1.96169,0.748395,0.607333,0.284987,0.383451,0.536646,0.615638,-0.395041,-0.425927,0.349939,-0.174965,-0.116881,0.0418617,0.66658,0.608308,1.12882,0.812299,0.721964,0.891907,0.12672,0.00469086,2.37189,0.813312,0.656151,0.407141,-0.36905,-0.344349,0.785857,-0.295652,-0.461006,1.03398,1.28148,1.43937,0.284987,0.878394,1.09992,0.615638,-1.05349,-1.22502,0.349939,-0.0974105,-0.0270193,0.0418617,1.78781,1.71345,1.12882,1.90672,1.99744,0.891907,1.40707,0.814342,2.37189,1.80604,1.82655,0.407141,-0.389447,-0.329855,0.785857,-0.122532,-0.132656,1.03398,0.338122,0.297285,1.96169,0.295968,0.257013,0.615638,-0.0814258,-0.106827,0.349939,-0.0958591,-0.0673116,0.0418617,0.263094,0.229672,1.12882,0.343773,0.324984,0.891907,0.120443,0.0297162,2.37189,0.349584,0.326349,0.407141,-0.0122979,-0.0614011,0.785857,-0.0753801,0.0693507,1.03398,-0.561995,-0.579254,1.96169,-0.585387,-0.656521,0.284987,-0.062069,-0.270837,0.349939,-0.00704975,-0.00966557,0.0418617,-0.603678,-0.610623,1.12882,-0.57857,-0.615432,0.891907,-0.398793,-0.219535,2.37189,-0.540956,-0.47461,0.407141,0.217228,0.126089,0.785857,-0.102632,0.0559916,1.03398,-0.252186,-0.356314,1.96169,0.0372017,-0.101157,0.284987,-0.252777,-0.302913,0.615638,0.0438808,0.0339056,0.0418617,0.0190958,-0.0542074,1.12882,-0.0381787,-0.0357178,0.891907,0.388956,0.509943,2.37189,-0.0793116,-0.031482,0.407141,-0.150189,-0.195194,0.785857,-0.0101224,-0.0112195,1.03398,0.0301482,0.0316714,1.96169,0.0424328,0.0378371,0.284987,0.0186718,0.0213239,0.615638,-0.023184,-0.026666,0.349939,-0.00489525,-0.000453734,1.12882,0.0411631,0.040537,0.891907,0.0231617,0.0176993,2.37189,0.0400928,0.03915,0.407141,-0.0108311,-0.0116003,0.785857,-0.278358,-0.295395,1.03398,0.851618,0.79794,1.96169,1.05271,0.926787,0.284987,0.601728,0.644802,0.615638,-0.410453,-0.514665,0.349939,-0.0324189,0.0303978,0.0418617,0.958496,0.850961,0.891907,0.75986,0.499683,2.37189,1.08289,1.04174,0.407141,-0.262263,-0.287054,0.785857,-0.24777,-0.0874426,1.03398,-0.054481,-0.0592916,1.96169,0.64639,0.419855,0.284987,0.162546,0.0388763,0.615638,-0.190387,-0.226975,0.349939,0.304979,0.332878,0.0418617,0.574923,0.426533,1.12882,0.605503,0.565453,2.37189,0.551887,0.623015,0.407141,-0.153477,-0.240194,0.785857,-0.821375,-0.698568,1.03398,1.58925,1.49336,1.96169,2.18091,1.7558,0.284987,1.42217,1.32932,0.615638,-0.703613,-0.851509,0.349939,-0.120428,0.0237116,0.0418617,1.97064,1.70188,1.12882,2.35145,2.16667,0.891907,1.5177,1.11346,0.407141,-0.333479,-0.616084,0.785857,0.169658,0.136108,1.03398,-0.595439,-0.465391,1.96169,-0.392932,-0.196793,0.284987,-0.0690654,-0.146812,0.615638,0.170339,0.17323,0.349939,-0.0728024,-0.098272,0.0418617,-0.347332,-0.264612,1.12882,-0.454832,-0.35412,0.891907,-0.164353,-0.199743,2.37189,-0.457533,-0.334108
1.05929,-2.2937,-1.90351,2.01188,-1.81714,-1.35855,0.294152,-1.52093,-1.54089,0.637283,0.516588,0.591506,0.374379,0.468919,0.23435,0.0431128,-1.62693,-1.33074,1.1559,-2.13168,-1.87651,0.923409,-0.812605,-0.347321,2.42748,-2.18586,-1.94293,0.426739,0.374978,0.71759,0.834265,-0.117539,-0.281947,2.01188,0.736494,0.622387,0.294152,0.410228,0.553145,0.637283,-0.415462,-0.441002,0.374379,-0.205709,-0.126562,0.0431128,0.670932,0.625511,1.1559,0.815352,0.738942,0.923409,0.142354,0.00366457,2.42748,0.819493,0.670868,0.426739,-0.352485,-0.362318,0.834265,-0.374862,-0.491338,1.05929,1.33238,1.47452,0.294152,0.974115,1.13436,0.637283,-1.09605,-1.26682,0.374379,-0.1525,-0.0320326,0.0431128,1.83102,1.76327,1.1559,1.969,2.04549,0.923409,1.48272,0.840758,2.42748,1.85051,1.86857,0.426739,-0.373621,-0.34794,0.834265,-0.132959,-0.140863,1.05929,0.342275,0.304662,2.01188,0.304233,0.263609,0.637283,-0.0958494,-0.110521,0.374379,-0.106718,-0.0720028,0.0431128,0.272297,0.236377,1.1559,0.350439,0.332861,0.923409,0.140888,0.0305387,2.42748,0.352074,0.333932,0.426739,-0.00202573,-0.0645974,0.834265,-0.0420416,0.0761322,1.05929,-0.586816,-0.592778,2.01188,-0.57976,-0.672582,0.294152,-0.0939153,-0.278249,0.374379,0.0155922,-0.00739133,0.0431128,-0.61673,-0.62757,1.1559,-0.591222,-0.629512,0.923409,-0.405223,-0.225571,2.42748,-0.546365,-0.484773,0.426739,0.197864,0.134216,0.834265,-0.0729711,0.0611891,1.05929,-0.247814,-0.364532,2.01188,0.0293731,-0.10298,0.294152,-0.235846,-0.311818,0.637283,0.0627544,0.0360574,0.0431128,0.0151579,-0.0548792,1.1559,-0.0377628,-0.0358147,0.923409,0.37478,0.528697,2.42748,-0.0685942,-0.0314747,0.426739,-0.218561,-0.202947,0.834265,-0.0118997,-0.011891,1.05929,0.0317623,0.0324703,2.01188,0.0430407,0.038828,0.294152,0.0209489,0.0220203,0.637283,-0.0234689,-0.0275434,0.374379,-0.00605382,-0.000490496,1.1559,0.0419375,0.0415349,0.923409,0.0251957,0.0183078,2.42748,0.0407642,0.0400737,0.426739,-0.0110161,-0.0121564,0.834265,-0.303069,-0.314805,1.05929,0.87821,0.817324,2.01188,1.0732,0.950284,0.294152,0.654095,0.664916,0.637283,-0.428543,-0.532585,0.374379,-0.0531337,0.0302673,0.0431128,0.983619,0.875494,0.923409,0.803686,0.515859,2.42748,1.0991,1.06563,0.426739,-0.26122,-0.302214,0.834265,-0.221991,-0.0915498,1.05929,-0.0349699,-0.0603354,2.01188,0.672916,0.43136,0.294152,0.217293,0.0407469,0.637283,-0.17459,-0.233817,0.374379,0.313294,0.355348,0.0431128,0.592932,0.439859,1.1559,0.627558,0.579861,2.42748,0.582528,0.638187,0.426739,-0.214384,-0.250733,0.834265,-0.867084,-0.741313,1.05929,1.64625,1.53058,2.01188,2.23908,1.80131,0.294152,1.53352,1.37221,0.637283,-0.718609,-0.880165,0.374379,-0.180806,0.0237333,0.0431128,2.03225,1.75219,1.1559,2.40672,2.21959,0.923409,1.63377,1.1512,0.426739,-0.355079,-0.646427,0.834265,0.180995,0.144515,1.05929,-0.615019,-0.477027,2.01188,-0.367894,-0.201809,0.294152,-0.0879304,-0.151441,0.637283,0.167828,0.179097,0.374379,-0.0658228,-0.104187,0.0431128,-0.345088,-0.272366,1.1559,-0.450191,-0.362719,0.923409,-0.16277,-0.206454,2.42748,-0.463662,-0.341876
1.08461,-2.33371,-1.94974,2.06207,-1.83502,-1.39252,0.303317,-1.58495,-1.58888,0.658928,0.577642,0.611272,0.39882,0.530656,0.250361,0.0443639,-1.66499,-1.36855,1.18297,-2.15,-1.92096,0.954911,-0.909669,-0.357881,2.48306,-2.19658,-1.98711,0.446337,0.35856,0.751535,0.882674,-0.161975,-0.299627,2.06207,0.724055,0.637441,0.303317,0.437591,0.569643,0.658928,-0.436618,-0.456078,0.39882,-0.23504,-0.136244,0.0443639,0.674428,0.642714,1.18297,0.816646,0.75592,0.954911,0.157988,0.00263828,2.48306,0.821818,0.685584,0.446337,-0.334485,-0.380286,0.882674,-0.446712,-0.52167,1.08461,1.38329,1.50967,0.303317,1.06971,1.1688,0.658928,-1.15014,-1.30862,0.39882,-0.200452,-0.0370459,0.0443639,1.87314,1.81309,1.18297,2.03263,2.09354,0.954911,1.55838,0.867174,2.48306,1.89376,1.91058,0.446337,-0.353533,-0.366025,0.882674,-0.142868,-0.14907,1.08461,0.346428,0.312039,2.06207,0.312394,0.270205,0.658928,-0.11249,-0.114216,0.39882,-0.116708,-0.0766939,0.0443639,0.281019,0.243082,1.18297,0.356665,0.340738,0.954911,0.161333,0.0313611,2.48306,0.354428,0.341514,0.446337,0.00760677,-0.0677936,0.882674,-0.00587813,0.0829138,1.08461,-0.611637,-0.606302,2.06207,-0.574301,-0.688643,0.303317,-0.126179,-0.28566,0.39882,0.035593,-0.00511709,0.0443639,-0.629714,-0.644518,1.18297,-0.604264,-0.643592,0.954911,-0.411654,-0.231606,2.48306,-0.549566,-0.494936,0.446337,0.174633,0.142343,0.882674,-0.0371814,0.0663866,1.08461,-0.243441,-0.37275,2.06207,0.0213173,-0.104802,0.303317,-0.219219,-0.320723,0.658928,0.082494,0.0382092,0.0443639,0.0118325,-0.0555511,1.18297,-0.0359802,-0.0359117,0.954911,0.360603,0.547451,2.48306,-0.057177,-0.0314674,0.446337,-0.290632,-0.210701,0.882674,-0.0133939,-0.0125624,1.08461,0.0333764,0.0332693,2.06207,0.0436356,0.0398189,0.303317,0.0232161,0.0227168,0.658928,-0.0238641,-0.0284208,0.39882,-0.00695635,-0.000527258,1.18297,0.0427191,0.0425329,0.954911,0.0272297,0.0189164,2.48306,0.0414074,0.0409974,0.446337,-0.0112651,-0.0127126,0.882674,-0.326962,-0.334215,1.08461,0.904802,0.836709,2.06207,1.09344,0.973781,0.303317,0.706287,0.68503,0.658928,-0.45154,-0.550505,0.39882,-0.070524,0.0301369,0.0443639,1.00775,0.900026,0.954911,0.847511,0.532034,2.48306,1.11477,1.08952,0.446337,-0.258971,-0.317374,0.882674,-0.193775,-0.095657,1.08461,-0.0154588,-0.0613791,2.06207,0.69913,0.442865,0.303317,0.271078,0.0426175,0.658928,-0.159211,-0.240659,0.39882,0.323855,0.377818,0.0443639,0.610591,0.453184,1.18297,0.651043,0.594269,2.48306,0.614927,0.65336,0.446337,-0.280188,-0.261273,0.882674,-0.904876,-0.784058,1.08461,1.70324,1.56781,2.06207,2.29634,1.84683,0.303317,1.64402,1.4151,0.658928,-0.738915,-0.908821,0.39882,-0.23927,0.0237551,0.0443639,2.09121,1.8025,1.18297,2.46057,2.27251,0.954911,1.74985,1.18894,0.446337,-0.386251,-0.676769,0.882674,0.190605,0.152922,1.08461,-0.634599,-0.488663,2.06207,-0.342316,-0.206824,0.303317,-0.107291,-0.15607,0.658928,0.162971,0.184964,0.39882,-0.0574243,-0.110103,0.0443639,-0.342578,-0.280121,1.18297,-0.444387,-0.371317,0.954911,-0.161186,-0.213165,2.48306,-0.466683,-0.349644
1.10992,-2.37372,-1.99596,2.11226,-1.84556,-1.42648,0.312482,-1.6583,-1.63687,0.680572,0.638697,0.631038,0.42326,0.58888,0.266372,0.0456149,-1.6983,-1.40635,1.21004,-2.16354,-1.96541,0.986413,-1.0035,-0.368441,2.53864,-2.20659,-2.0313,0.465935,0.345431,0.78548,0.931082,-0.212005,-0.317307,2.11226,0.708595,0.652495,0.312482,0.477397,0.586142,0.680572,-0.457774,-0.471154,0.42326,-0.262088,-0.145926,0.0456149,0.677051,0.659917,1.21004,0.815588,0.772899,0.986413,0.172972,0.00161199,2.53864,0.823388,0.7003,0.465935,-0.315652,-0.398255,0.931082,-0.514375,-0.552002,1.10992,1.43419,1.54482,0.312482,1.16269,1.20325,0.680572,-1.20422,-1.35043,0.42326,-0.241334,-0.0420591,0.0456149,1.91358,1.86291,1.21004,2.09716,2.1416,0.986413,1.62644,0.89359,2.53864,1.93679,1.9526,0.465935,-0.330951,-0.38411,0.931082,-0.152533,-0.157277,1.10992,0.35058,0.319416,2.11226,0.319957,0.276801,0.680572,-0.129131,-0.11791,0.42326,-0.125998,-0.0813851,0.0456149,0.288983,0.249788,1.21004,0.362404,0.348615,0.986413,0.18102,0.0321836,2.53864,0.356762,0.349097,0.465935,0.0168594,-0.0709898,0.931082,0.0313229,0.0896954,1.10992,-0.636458,-0.619827,2.11226,-0.569896,-0.704704,0.312482,-0.167308,-0.293072,0.42326,0.0525506,-0.00284285,0.0456149,-0.64231,-0.661465,1.21004,-0.617398,-0.657672,0.986413,-0.414991,-0.237642,2.53864,-0.552347,-0.505099,0.465935,0.149145,0.15047,0.931082,0.00141239,0.071584,1.10992,-0.239068,-0.380968,2.11226,0.0120166,-0.106625,0.312482,-0.209023,-0.329628,0.680572,0.102234,0.0403611,0.0456149,0.00934374,-0.056223,1.21004,-0.0323945,-0.0360087,0.986413,0.346025,0.566205,2.53864,-0.0456307,-0.0314601,0.465935,-0.364846,-0.218454,0.931082,-0.0147282,-0.0132338,1.10992,0.0349905,0.0340682,2.11226,0.0441564,0.0408098,0.312482,0.025273,0.0234132,0.680572,-0.0242593,-0.0292981,0.42326,-0.00762766,-0.000564021,1.21004,0.0435139,0.0435308,0.986413,0.0292566,0.0195249,2.53864,0.042046,0.0419211,0.465935,-0.0115514,-0.0132687,0.931082,-0.350498,-0.353626,1.10992,0.931394,0.856094,2.11226,1.11224,0.997278,0.312482,0.75478,0.705143,0.680572,-0.474537,-0.568424,0.42326,-0.0852308,0.0300065,0.0456149,1.03032,0.924559,0.986413,0.888007,0.548209,2.53864,1.13037,1.1134,0.465935,-0.256021,-0.332534,0.931082,-0.164782,-0.0997641,1.10992,0.00405223,-0.0624228,2.11226,0.723525,0.454371,0.312482,0.30445,0.0444881,0.680572,-0.143831,-0.247502,0.42326,0.33572,0.400288,0.0456149,0.627471,0.46651,1.21004,0.676402,0.608677,2.53864,0.647664,0.668532,0.465935,-0.348835,-0.271813,0.931082,-0.938554,-0.826803,1.10992,1.76024,1.60503,2.11226,2.34833,1.89234,0.312482,1.73652,1.458,0.680572,-0.759221,-0.937477,0.42326,-0.294028,0.0237768,0.0456149,2.14596,1.85281,1.21004,2.51261,2.32543,0.986413,1.86381,1.22667,0.465935,-0.423017,-0.707111,0.931082,0.19909,0.161328,1.10992,-0.654179,-0.500299,2.11226,-0.313764,-0.21184,0.312482,-0.137169,-0.160699,0.680572,0.158115,0.19083,0.42326,-0.0489585,-0.116018,0.0456149,-0.340095,-0.287876,1.21004,-0.437252,-0.379915,0.986413,-0.159182,-0.219876,2.53864,-0.469086,-0.357412
1.13523,-2.41373,-2.04219,2.16245,-1.85062,-1.46045,0.321647,-1.73165,-1.68487,0.702217,0.698902,0.650804,0.4477,0.639607,0.282382,0.046866,-1.72871,-1.44415,1.23711,-2.17522,-2.00987,1.01792,-1.08857,-0.379,2.59422,-2.2166,-2.07548,0.485533,0.336229,0.819424,0.97949,-0.269738,-0.334987,2.16245,0.69191,0.667549,0.321647,0.517204,0.602641,0.702217,-0.477959,-0.486229,0.4477,-0.284382,-0.155607,0.046866,0.679547,0.677121,1.23711,0.813565,0.789877,1.01792,0.186439,0.000585704,2.59422,0.824959,0.715016,0.485533,-0.296405,-0.416224,0.97949,-0.575496,-0.582334,1.13523,1.48509,1.57997,0.321647,1.25566,1.23769,0.702217,-1.26146,-1.39223,0.4477,-0.27049,-0.0470724,0.046866,1.95291,1.91272,1.23711,2.16194,2.18965,1.01792,1.68638,0.920006,2.59422,1.97982,1.99461,0.485533,-0.306128,-0.402195,0.97949,-0.161984,-0.165485,1.13523,0.354733,0.326793,2.16245,0.326832,0.283396,0.702217,-0.14592,-0.121604,0.4477,-0.13431,-0.0860763,0.046866,0.296425,0.256493,1.23711,0.367957,0.356492,1.01792,0.198754,0.033006,2.59422,0.359097,0.356679,0.485533,0.0255132,-0.0741861,0.97949,0.0692053,0.096477,1.13523,-0.661278,-0.633351,2.16245,-0.568351,-0.720765,0.321647,-0.208437,-0.300484,0.4477,0.0639949,-0.000568617,0.046866,-0.654364,-0.678412,1.23711,-0.630514,-0.671752,1.01792,-0.416489,-0.243678,2.59422,-0.555129,-0.515262,0.485533,0.12188,0.158597,0.97949,0.0440345,0.0767815,1.13523,-0.234695,-0.389186,2.16245,0.00294792,-0.108447,0.321647,-0.198826,-0.338534,0.702217,0.121081,0.0425129,0.046866,0.00730074,-0.0568949,1.23711,-0.0280712,-0.0361056,1.01792,0.33353,0.584959,2.59422,-0.0340843,-0.0314528,0.485533,-0.439886,-0.226208,0.97949,-0.0157955,-0.0139052,1.13523,0.0366046,0.0348672,2.16245,0.0446341,0.0418007,0.321647,0.0273299,0.0241096,0.702217,-0.0247277,-0.0301755,0.4477,-0.0079402,-0.000600783,1.23711,0.0443146,0.0445287,1.01792,0.0311528,0.0201335,2.59422,0.0426845,0.0428448,0.485533,-0.0118545,-0.0138249,0.97949,-0.373448,-0.373036,1.13523,0.957986,0.875478,2.16245,1.13024,1.02077,0.321647,0.803273,0.725257,0.702217,-0.499263,-0.586344,0.4477,-0.0961565,0.029876,0.046866,1.05182,0.949092,1.01792,0.92438,0.564385,2.59422,1.14596,1.13729,0.485533,-0.252696,-0.347694,0.97949,-0.134674,-0.103871,1.13523,0.0235633,-0.0634665,2.16245,0.745794,0.465876,0.321647,0.337821,0.0463587,0.702217,-0.130088,-0.254344,0.4477,0.348737,0.422758,0.046866,0.643591,0.479836,1.23711,0.702527,0.623085,2.59422,0.680402,0.683704,0.485533,-0.418969,-0.282352,0.97949,-0.965543,-0.869548,1.13523,1.81723,1.64226,2.16245,2.3953,1.93785,0.321647,1.82901,1.50089,0.702217,-0.781677,-0.966133,0.4477,-0.340658,0.0237986,0.046866,2.19779,1.90312,1.23711,2.56389,2.37835,1.01792,1.97053,1.26441,0.485533,-0.464307,-0.737454,0.97949,0.205148,0.169735,1.13523,-0.673759,-0.511935,2.16245,-0.285467,-0.216856,0.321647,-0.167047,-0.165328,0.702217,0.152146,0.196697,0.4477,-0.0418483,-0.121934,0.046866,-0.338069,-0.29563,1.23711,-0.4296,-0.388514,1.01792,-0.157195,-0.226587,2.59422,-0.47149,-0.36518
1.16055,-2.45374,-2.08842,2.21264,-1.85269,-1.49441,0.330812,-1.80919,-1.73286,0.723862,0.756531,0.67057,0.472141,0.680731,0.298393,0.0481171,-1.75646,-1.48195,1.26418,-2.18691,-2.05432,1.04942,-1.17024,-0.38956,2.6498,-2.22421,-2.11967,0.505131,0.347868,0.853369,1.0279,-0.331147,-0.352667,2.21264,0.674816,0.682603,0.330812,0.562397,0.61914,0.723862,-0.496376,-0.501305,0.472141,-0.300658,-0.165289,0.0481171,0.682401,0.694324,1.26418,0.811541,0.806855,1.04942,0.199319,-0.000440585,2.6498,0.82321,0.729732,0.505131,-0.280174,-0.434193,1.0279,-0.63233,-0.612666,1.16055,1.536,1.61512,0.330812,1.34502,1.27213,0.723862,-1.32158,-1.43404,0.472141,-0.286697,-0.0520857,0.0481171,1.99111,1.96254,1.26418,2.22672,2.2377,1.04942,1.74321,0.946422,2.6498,2.02221,2.03663,0.505131,-0.276079,-0.42028,1.0279,-0.171539,-0.173692,1.16055,0.358885,0.334171,2.21264,0.333274,0.289992,0.723862,-0.162501,-0.125298,0.472141,-0.141682,-0.0907674,0.0481171,0.303313,0.263198,1.26418,0.373511,0.364369,1.04942,0.215734,0.0338285,2.6498,0.361519,0.364262,0.505131,0.0296826,-0.0773823,1.0279,0.106241,0.103259,1.16055,-0.686099,-0.646875,2.21264,-0.568873,-0.736827,0.330812,-0.252566,-0.307895,0.472141,0.0689802,0.00170562,0.0481171,-0.665553,-0.695359,1.26418,-0.64363,-0.685832,1.04942,-0.417295,-0.249713,2.6498,-0.556358,-0.525425,0.505131,0.0934807,0.166724,1.0279,0.0889193,0.081979,1.16055,-0.230323,-0.397404,2.21264,-0.0057072,-0.110269,0.330812,-0.192157,-0.347439,0.723862,0.138268,0.0446647,0.0481171,0.00559625,-0.0575668,1.26418,-0.0237479,-0.0362026,1.04942,0.321848,0.603713,2.6498,-0.022146,-0.0314455,0.505131,-0.503721,-0.233962,1.0279,-0.0166617,-0.0145767,1.16055,0.0382187,0.0356662,2.21264,0.0450914,0.0427916,0.330812,0.0292381,0.0248061,0.723862,-0.0252953,-0.0310529,0.472141,-0.00787603,-0.000637545,1.26418,0.0451154,0.0455267,1.04942,0.0329982,0.020742,2.6498,0.0433199,0.0437685,0.505131,-0.0119996,-0.014381,1.0279,-0.395945,-0.392446,1.16055,0.984579,0.894863,2.21264,1.14787,1.04427,0.330812,0.848982,0.745371,0.723862,-0.525863,-0.604264,0.472141,-0.103437,0.0297456,0.0481171,1.07219,0.973625,1.04942,0.959174,0.58056,2.6498,1.16165,1.16118,0.505131,-0.251542,-0.362854,1.0279,-0.103844,-0.107978,1.16055,0.0430744,-0.0645102,2.21264,0.766716,0.477382,0.330812,0.360191,0.0482293,0.723862,-0.118983,-0.261186,0.472141,0.362226,0.445227,0.0481171,0.658666,0.493162,1.26418,0.728653,0.637493,2.6498,0.71452,0.698877,0.505131,-0.4798,-0.292892,1.0279,-0.987664,-0.912294,1.16055,1.87423,1.67948,2.21264,2.43927,1.98337,0.330812,1.91118,1.54379,0.723862,-0.806622,-0.994789,0.472141,-0.376741,0.0238203,0.0481171,2.24648,1.95343,1.26418,2.61518,2.43127,1.04942,2.07446,1.30215,0.505131,-0.510187,-0.767796,1.0279,0.208631,0.178142,1.16055,-0.693339,-0.523571,2.21264,-0.25792,-0.221871,0.330812,-0.201631,-0.169957,0.723862,0.144806,0.202563,0.472141,-0.0373977,-0.127849,0.0481171,-0.336986,-0.303385,1.26418,-0.421948,-0.397112,1.04942,-0.155216,-0.233299,2.6498,-0.470953,-0.372948
1.18586,-2.49375,-2.13465,2.26283,-1.85475,-1.52838,0.339977,-1.8915,-1.78085,0.745507,0.80961,0.690336,0.496581,0.707934,0.314404,0.0493682,-1.78366,-1.51975,1.29125,-2.19562,-2.09877,1.08092,-1.25192,-0.40012,2.70538,-2.23019,-2.16385,0.524729,0.377674,0.887314,1.07631,-0.392401,-0.370347,2.26283,0.657722,0.697657,0.339977,0.613659,0.635638,0.745507,-0.512511,-0.51638,0.496581,-0.308433,-0.174971,0.0493682,0.685547,0.711527,1.29125,0.807197,0.823833,1.08092,0.2122,-0.00146687,2.70538,0.818855,0.744449,0.524729,-0.267846,-0.452161,1.07631,-0.685576,-0.642998,1.18586,1.5869,1.65027,0.339977,1.42938,1.30657,0.745507,-1.38207,-1.47584,0.496581,-0.285756,-0.057099,0.0493682,2.02903,2.01236,1.29125,2.2906,2.28575,1.08092,1.80004,0.972838,2.70538,2.0642,2.07864,0.524729,-0.243101,-0.438365,1.07631,-0.181755,-0.181899,1.18586,0.363038,0.341548,2.26283,0.339715,0.296588,0.745507,-0.17825,-0.128992,0.496581,-0.147914,-0.0954586,0.0493682,0.310057,0.269903,1.29125,0.378785,0.372247,1.08092,0.232713,0.0346509,2.70538,0.364064,0.371844,0.524729,0.0296236,-0.0805785,1.07631,0.13952,0.11004,1.18586,-0.71092,-0.660399,2.26283,-0.569395,-0.752888,0.339977,-0.299769,-0.315307,0.496581,0.0651458,0.00397986,0.0493682,-0.676401,-0.712307,1.29125,-0.656006,-0.699912,1.08092,-0.418101,-0.255749,2.70538,-0.556458,-0.535588,0.524729,0.0661171,0.174851,1.07631,0.13481,0.0871764,1.18586,-0.22595,-0.405621,2.26283,-0.0143623,-0.112092,0.339977,-0.189736,-0.356344,0.745507,0.153262,0.0468165,0.0493682,0.00392622,-0.0582386,1.29125,-0.0176908,-0.0362996,1.08092,0.310166,0.622467,2.70538,-0.00995512,-0.0314382,0.524729,-0.553979,-0.241715,1.07631,-0.0172979,-0.0152481,1.18586,0.0398328,0.0364651,2.26283,0.0455487,0.0437825,0.339977,0.0309573,0.0255025,0.745507,-0.0259511,-0.0319302,0.496581,-0.00732843,-0.000674308,1.29125,0.0459363,0.0465246,1.08092,0.0348436,0.0213506,2.70538,0.0439585,0.0446922,0.524729,-0.0119466,-0.0149372,1.07631,-0.417901,-0.411857,1.18586,1.01117,0.914248,2.26283,1.16549,1.06777,0.339977,0.891119,0.765484,0.745507,-0.553378,-0.622184,0.496581,-0.106282,0.0296152,0.0493682,1.09225,0.998158,1.08092,0.993967,0.596736,2.70538,1.17757,1.18506,0.524729,-0.253297,-0.378013,1.07631,-0.0724303,-0.112086,1.18586,0.0625854,-0.0655539,2.26283,0.787639,0.488887,0.339977,0.369366,0.0500999,0.745507,-0.110882,-0.268028,0.496581,0.37577,0.467697,0.0493682,0.673374,0.506488,1.29125,0.756561,0.651901,2.70538,0.749687,0.714049,0.524729,-0.528324,-0.303431,1.07631,-1.00457,-0.955039,1.18586,1.93122,1.7167,2.26283,2.48324,2.02888,0.339977,1.98078,1.58668,0.745507,-0.833102,-1.02345,0.496581,-0.397276,0.0238421,0.0493682,2.29432,2.00373,1.29125,2.66476,2.48419,1.08092,2.17839,1.33989,0.524729,-0.555326,-0.798138,1.07631,0.207638,0.186549,1.18586,-0.712919,-0.535207,2.26283,-0.230373,-0.226887,0.339977,-0.241573,-0.174586,0.745507,0.136468,0.20843,0.496581,-0.0374115,-0.133764,0.0493682,-0.336334,-0.31114,1.29125,-0.413413,-0.405711,1.08092,-0.153238,-0.24001,2.70538,-0.468036,-0.380716
1.21117,-2.53034,-2.18088,2.31302,-1.85682,-1.56235,0.349142,-1.97705,-1.82884,0.767151,0.840151,0.710102,0.521021,0.727034,0.330414,0.0506192,-1.80929,-1.55755,1.31832,-2.20308,-2.14322,1.11242,-1.32933,-0.41068,2.76096,-2.23442,-2.20804,0.544327,0.407481,0.921259,1.12471,-0.452933,-0.388027,2.31302,0.640628,0.712711,0.349142,0.669037,0.652137,0.767151,-0.518939,-0.531456,0.521021,-0.311905,-0.184653,0.0506192,0.690088,0.72873,1.31832,0.801563,0.840812,1.11242,0.22436,-0.00249316,2.76096,0.810706,0.759165,0.544327,-0.255518,-0.47013,1.12471,-0.738033,-0.67333,1.21117,1.63407,1.68542,0.349142,1.50953,1.34102,0.767151,-1.43532,-1.51765,0.521021,-0.275916,-0.0621122,0.0506192,2.06601,2.06218,1.31832,2.35356,2.33381,1.11242,1.85383,0.999254,2.76096,2.10593,2.12066,0.544327,-0.210123,-0.45645,1.12471,-0.192239,-0.190106,1.21117,0.366706,0.348925,2.31302,0.346157,0.303184,0.767151,-0.188988,-0.132687,0.521021,-0.153553,-0.10015,0.0506192,0.316297,0.276608,1.31832,0.383951,0.380124,1.11242,0.248749,0.0354734,2.76096,0.366934,0.379427,0.544327,0.0295645,-0.0837748,1.12471,0.171324,0.116822,1.21117,-0.731427,-0.673923,2.31302,-0.569917,-0.768949,0.349142,-0.348814,-0.322719,0.521021,0.0567498,0.00625409,0.0506192,-0.685839,-0.729254,1.31832,-0.667781,-0.713992,1.11242,-0.418492,-0.261785,2.76096,-0.555168,-0.545751,0.544327,0.0387535,0.182978,1.12471,0.180732,0.0923739,1.21117,-0.223069,-0.413839,2.31302,-0.0230174,-0.113914,0.349142,-0.190492,-0.365249,0.767151,0.158816,0.0489683,0.0506192,0.00227207,-0.0589105,1.31832,-0.0106796,-0.0363965,1.11242,0.299729,0.641221,2.76096,0.00245127,-0.0314309,0.544327,-0.604236,-0.249469,1.12471,-0.0178706,-0.0159195,1.21117,0.0412734,0.0372641,2.31302,0.046006,0.0447734,0.349142,0.0325263,0.026199,0.767151,-0.0268769,-0.0328076,0.521021,-0.0065342,-0.00071107,1.31832,0.0467702,0.0475225,1.11242,0.0366172,0.0219591,2.76096,0.044617,0.0456158,0.544327,-0.0118935,-0.0154933,1.12471,-0.439704,-0.431267,1.21117,1.03534,0.933632,2.31302,1.18311,1.09126,0.349142,0.930411,0.785598,0.767151,-0.580859,-0.640104,0.521021,-0.106845,0.0294847,0.0506192,1.11128,1.02269,1.11242,1.02711,0.612911,2.76096,1.19423,1.20895,0.544327,-0.255052,-0.393173,1.12471,-0.040892,-0.116193,1.21117,0.0810671,-0.0665977,2.31302,0.808561,0.500392,0.349142,0.368737,0.0519705,0.767151,-0.114517,-0.274871,0.521021,0.389405,0.490167,0.0506192,0.686623,0.519813,1.31832,0.785446,0.666309,2.76096,0.786286,0.729221,0.544327,-0.576847,-0.313971,1.12471,-1.02008,-0.997784,1.21117,1.98551,1.75393,2.31302,2.52721,2.0744,0.349142,2.04083,1.62958,0.767151,-0.861732,-1.0521,0.521021,-0.408137,0.0238638,0.0506192,2.33922,2.05404,1.31832,2.7134,2.53711,1.11242,2.27868,1.37762,0.544327,-0.600465,-0.828481,1.12471,0.205168,0.194956,1.21117,-0.731678,-0.546844,2.31302,-0.202827,-0.231903,0.349142,-0.285201,-0.179215,0.767151,0.125894,0.214297,0.521021,-0.040086,-0.13968,0.0506192,-0.337531,-0.318895,1.31832,-0.404486,-0.414309,1.11242,-0.151352,-0.246721,2.76096,-0.461462,-0.388484
1.23649,-2.56161,-2.2271,2.36322,-1.85848,-1.59631,0.358307,-2.06471,-1.87684,0.788796,0.861513,0.729868,0.545462,0.736256,0.346425,0.0518703,-1.83497,-1.59535,1.34539,-2.21053,-2.18768,1.14392,-1.37885,-0.421239,2.81655,-2.23853,-2.25222,0.563924,0.437288,0.955203,1.17312,-0.509378,-0.405707,2.36322,0.623787,0.727765,0.358307,0.727316,0.668636,0.788796,-0.521479,-0.546531,0.545462,-0.310458,-0.194334,0.0518703,0.697304,0.745933,1.34539,0.795929,0.85779,1.14392,0.231811,-0.00351945,2.81655,0.802175,0.773881,0.563924,-0.24319,-0.488099,1.17312,-0.790041,-0.703662,1.23649,1.67404,1.72057,0.358307,1.58495,1.37546,0.788796,-1.48524,-1.55945,0.545462,-0.255709,-0.0671255,0.0518703,2.10242,2.112,1.34539,2.41653,2.38186,1.14392,1.88775,1.02567,2.81655,2.14765,2.16267,0.563924,-0.177145,-0.474535,1.17312,-0.203528,-0.198313,1.23649,0.369662,0.356302,2.36322,0.352466,0.30978,0.788796,-0.197649,-0.136381,0.545462,-0.158497,-0.104841,0.0518703,0.322147,0.283313,1.34539,0.389116,0.388001,1.14392,0.258623,0.0362958,2.81655,0.369847,0.387009,0.563924,0.0295054,-0.086971,1.17312,0.198822,0.123603,1.23649,-0.744022,-0.687447,2.36322,-0.571347,-0.78501,0.358307,-0.398837,-0.33013,0.545462,0.0430644,0.00852833,0.0518703,-0.693253,-0.746201,1.34539,-0.679555,-0.728072,1.14392,-0.416172,-0.26782,2.81655,-0.553755,-0.555914,0.563924,0.01139,0.191105,1.17312,0.225661,0.0975714,1.23649,-0.223098,-0.422057,2.36322,-0.031267,-0.115737,0.358307,-0.194364,-0.374154,0.788796,0.160583,0.0511201,0.0518703,0.000195014,-0.0595824,1.34539,-0.00366846,-0.0364935,1.14392,0.297433,0.659974,2.81655,0.0148684,-0.0314236,0.563924,-0.654494,-0.257222,1.17312,-0.0183369,-0.0165909,1.23649,0.0423824,0.038063,2.36322,0.0464641,0.0457643,0.358307,0.0339291,0.0268954,0.788796,-0.0279059,-0.033685,0.545462,-0.00545425,-0.000747832,1.34539,0.047604,0.0485204,1.14392,0.0379219,0.0225677,2.81655,0.0452786,0.0465395,0.563924,-0.0118404,-0.0160495,1.17312,-0.461235,-0.450678,1.23649,1.05508,0.953017,2.36322,1.20076,1.11476,0.358307,0.966648,0.805711,0.788796,-0.608136,-0.658023,0.545462,-0.104738,0.0293543,0.0518703,1.12952,1.04722,1.14392,1.04951,0.629086,2.81655,1.21099,1.23284,0.563924,-0.256807,-0.408333,1.17312,-0.00930558,-0.1203,1.23649,0.0970938,-0.0676414,2.36322,0.829067,0.511898,0.358307,0.358708,0.0538411,0.788796,-0.122801,-0.281713,0.545462,0.403212,0.512637,0.0518703,0.697981,0.533139,1.34539,0.814332,0.680717,2.81655,0.823022,0.744394,0.563924,-0.625371,-0.324511,1.17312,-1.03349,-1.04053,1.23649,2.03458,1.79115,2.36322,2.57044,2.11991,0.358307,2.09096,1.67247,0.788796,-0.891008,-1.08076,0.545462,-0.406892,0.0238856,0.0518703,2.38172,2.10435,1.34539,2.76205,2.59003,1.14392,2.35527,1.41536,0.563924,-0.645604,-0.858823,1.17312,0.199217,0.203363,1.23649,-0.748924,-0.55848,2.36322,-0.176126,-0.236919,0.358307,-0.331532,-0.183844,0.788796,0.114522,0.220163,0.545462,-0.0460041,-0.145595,0.0518703,-0.341644,-0.326649,1.34539,-0.39556,-0.422908,1.14392,-0.150072,-0.253432,2.81655,-0.454506,-0.396252
1.2618,-2.59214,-2.27333,2.41341,-1.85713,-1.63028,0.367471,-2.15181,-1.92483,0.810441,0.882874,0.749635,0.569902,0.74499,0.362436,0.0531214,-1.86066,-1.63315,1.37246,-2.21913,-2.23213,1.17543,-1.42837,-0.431799,2.87213,-2.24141,-2.29641,0.583522,0.467095,0.989148,1.22153,-0.557573,-0.423387,2.41341,0.608773,0.742819,0.367471,0.785373,0.685134,0.810441,-0.52402,-0.561607,0.569902,-0.308916,-0.204016,0.0531214,0.704698,0.763136,1.37246,0.788238,0.874768,1.17543,0.239262,-0.00454574,2.87213,0.789854,0.788597,0.583522,-0.230862,-0.506067,1.22153,-0.842736,-0.733994,1.2618,1.71273,1.75572,0.367471,1.65693,1.4099,0.810441,-1.53517,-1.60125,0.569902,-0.235202,-0.0721388,0.0531214,2.13879,2.16182,1.37246,2.47482,2.42991,1.17543,1.92167,1.05209,2.87213,2.18933,2.20469,0.583522,-0.144167,-0.49262,1.22153,-0.216162,-0.206521,1.2618,0.372529,0.363679,2.41341,0.35782,0.316375,0.810441,-0.206309,-0.140075,0.569902,-0.163418,-0.109532,0.0531214,0.327974,0.290018,1.37246,0.394471,0.395878,1.17543,0.268496,0.0371183,2.87213,0.373201,0.394592,0.583522,0.0294464,-0.0901673,1.22153,0.21923,0.130385,1.2618,-0.755274,-0.700971,2.41341,-0.579337,-0.801071,0.367471,-0.448114,-0.337542,0.569902,0.0292387,0.0108026,0.0531214,-0.700535,-0.763149,1.37246,-0.68887,-0.742152,1.17543,-0.413852,-0.273856,2.87213,-0.551148,-0.566077,0.583522,-0.0159736,0.199232,1.22153,0.268123,0.102769,1.2618,-0.223654,-0.430275,2.41341,-0.0365851,-0.117559,0.367471,-0.199934,-0.38306,0.810441,0.16235,0.053272,0.0531214,-0.00191193,-0.0602543,1.37246,0.00478073,-0.0365905,1.17543,0.295136,0.678728,2.87213,0.0273832,-0.0314163,0.583522,-0.704752,-0.264976,1.22153,-0.0186895,-0.0172624,1.2618,0.0434328,0.038862,2.41341,0.0469283,0.0467552,0.367471,0.0352112,0.0275918,0.810441,-0.0289348,-0.0345623,0.569902,-0.00436673,-0.000784595,1.37246,0.0484714,0.0495184,1.17543,0.0392267,0.0231762,2.87213,0.045972,0.0474632,0.583522,-0.0117874,-0.0166056,1.22153,-0.482455,-0.470088,1.2618,1.07407,0.972402,2.41341,1.2186,1.13826,0.367471,1.00082,0.825825,0.810441,-0.635413,-0.675943,0.569902,-0.102547,0.0292239,0.0531214,1.14771,1.07176,1.17543,1.0719,0.645262,2.87213,1.22881,1.25672,0.583522,-0.258562,-0.423493,1.22153,0.0221178,-0.124407,1.2618,0.112598,-0.0686851,2.41341,0.846558,0.523403,0.367471,0.343894,0.0557117,0.810441,-0.131084,-0.288555,0.569902,0.417059,0.535107,0.0531214,0.709217,0.546465,1.37246,0.844652,0.695125,2.87213,0.861115,0.759566,0.583522,-0.673894,-0.33505,1.22153,-1.04498,-1.08327,1.2618,2.08271,1.82838,2.41341,2.6083,2.16543,0.367471,2.13482,1.71537,0.810441,-0.920285,-1.10941,0.569902,-0.404907,0.0239073,0.0531214,2.42407,2.15466,1.37246,2.80938,2.64295,1.17543,2.43185,1.4531,0.583522,-0.690743,-0.889165,1.22153,0.188179,0.21177,1.2618,-0.76591,-0.570116,2.41341,-0.15554,-0.241934,0.367471,-0.377886,-0.188473,0.810441,0.10315,0.22603,0.569902,-0.0520806,-0.151511,0.0531214,-0.345948,-0.334404,1.37246,-0.386787,-0.431506,1.17543,-0.148792,-0.260143,2.87213,-0.443747,-0.40402
1.28711,-2.6214,-2.31956,2.4636,-1.85636,-1.66425,0.376636,-2.23564,-1.97282,0.832086,0.904236,0.769401,0.594342,0.746815,0.378447,0.0543724,-1.89868,-1.67096,1.39953,-2.2301,-2.27658,1.20693,-1.47789,-0.442359,2.92771,-2.24365,-2.3406,0.60312,0.496902,1.02309,1.26994,-0.595318,-0.441067,2.4636,0.595375,0.757873,0.376636,0.840147,0.701633,0.832086,-0.526561,-0.576682,0.594342,-0.306191,-0.213698,0.0543724,0.72801,0.780339,1.39953,0.779377,0.891746,1.20693,0.246713,-0.00557203,2.92771,0.774454,0.803313,0.60312,-0.218534,-0.524036,1.26994,-0.897704,-0.764326,1.28711,1.74864,1.79087,0.376636,1.72606,1.44435,0.832086,-1.58509,-1.64306,0.594342,-0.210703,-0.0771521,0.0543724,2.17647,2.21164,1.39953,2.5287,2.47796,1.20693,1.9556,1.0785,2.92771,2.23113,2.2467,0.60312,-0.111189,-0.510705,1.26994,-0.230247,-0.214728,1.28711,0.375259,0.371056,2.4636,0.362902,0.322971,0.832086,-0.21497,-0.143769,0.594342,-0.168018,-0.114223,0.0543724,0.333732,0.296724,1.39953,0.400128,0.403755,1.20693,0.27837,0.0379407,2.92771,0.37699,0.402174,0.60312,0.0293873,-0.0933635,1.26994,0.232102,0.137167,1.28711,-0.763742,-0.714495,2.4636,-0.589999,-0.817132,0.376636,-0.494843,-0.344954,0.594342,0.0135699,0.0130768,0.0543724,-0.698439,-0.780096,1.39953,-0.695975,-0.756232,1.20693,-0.411532,-0.279892,2.92771,-0.547704,-0.57624,0.60312,-0.0433372,0.207359,1.26994,0.307015,0.107966,1.28711,-0.225346,-0.438493,2.4636,-0.0402582,-0.119382,0.376636,-0.206151,-0.391965,0.832086,0.164117,0.0554238,0.0543724,-0.00831134,-0.0609262,1.39953,0.0140035,-0.0366874,1.20693,0.29284,0.697482,2.92771,0.0398962,-0.031409,0.60312,-0.755009,-0.272729,1.26994,-0.0189878,-0.0179338,1.28711,0.0443581,0.0396609,2.4636,0.0474146,0.0477461,0.376636,0.0363943,0.0282883,0.832086,-0.0299637,-0.0354397,0.594342,-0.00317963,-0.000821357,1.39953,0.0493649,0.0505163,1.20693,0.0405314,0.0237848,2.92771,0.0466992,0.0483869,0.60312,-0.0117343,-0.0171618,1.26994,-0.50349,-0.489498,1.28711,1.09152,0.991787,2.4636,1.2369,1.16175,0.376636,1.03349,0.845939,0.832086,-0.66269,-0.693863,0.594342,-0.0992188,0.0290934,0.0543724,1.16579,1.09629,1.20693,1.09429,0.661437,2.92771,1.24769,1.28061,0.60312,-0.260317,-0.438653,1.26994,0.0530836,-0.128514,1.28711,0.126878,-0.0697288,2.4636,0.863173,0.534909,0.376636,0.327857,0.0575823,0.832086,-0.139368,-0.295398,0.594342,0.431504,0.557577,0.0543724,0.712752,0.559791,1.39953,0.875723,0.709533,2.92771,0.900258,0.774738,0.60312,-0.722418,-0.34559,1.26994,-1.05605,-1.12602,1.28711,2.12884,1.8656,2.4636,2.64514,2.21094,0.376636,2.17476,1.75826,0.832086,-0.949562,-1.13807,0.594342,-0.392287,0.0239291,0.0543724,2.46482,2.20497,1.39953,2.85604,2.69587,1.20693,2.50843,1.49083,0.60312,-0.735881,-0.919508,1.26994,0.172429,0.220177,1.28711,-0.782357,-0.581752,2.4636,-0.138485,-0.24695,0.376636,-0.421678,-0.193102,0.832086,0.0917782,0.231897,0.594342,-0.0603937,-0.157426,0.0543724,-0.365108,-0.342159,1.39953,-0.378522,-0.440104,1.20693,-0.147512,-0.266855,2.92771,-0.429797,-0.411788
1.31243,-2.64744,-2.36579,2.51379,-1.85698,-1.69821,0.385801,-2.31284,-2.02082,0.85373,0.925597,0.789167,0.618783,0.749054,0.394457,0.0556235,-1.93865,-1.70876,1.42661,-2.24106,-2.32103,1.23843,-1.51386,-0.452919,2.98329,-2.24542,-2.38478,0.622718,0.526709,1.05704,1.31835,-0.621907,-0.458747,2.51379,0.585834,0.772927,0.385801,0.887806,0.718132,0.85373,-0.529102,-0.591758,0.618783,-0.308195,-0.22338,0.0556235,0.753848,0.797542,1.42661,0.770516,0.908725,1.23843,0.251902,-0.00659832,2.98329,0.755838,0.818029,0.622718,-0.206206,-0.542005,1.31835,-0.955557,-0.794658,1.31243,1.77757,1.82602,0.385801,1.79314,1.47879,0.85373,-1.63501,-1.68486,0.618783,-0.193162,-0.0821653,0.0556235,2.21437,2.26145,1.42661,2.58258,2.52602,1.23843,1.98115,1.10492,2.98329,2.27317,2.28871,0.622718,-0.0782107,-0.52879,1.31835,-0.24571,-0.222935,1.31243,0.377639,0.378434,2.51379,0.367333,0.329567,0.85373,-0.223631,-0.147463,0.618783,-0.172981,-0.118914,0.0556235,0.339478,0.303429,1.42661,0.405785,0.411632,1.23843,0.285261,0.0387632,2.98329,0.381282,0.409757,0.622718,0.0293283,-0.0965597,1.31835,0.237991,0.143948,1.31243,-0.765182,-0.728019,2.51379,-0.607041,-0.833193,0.385801,-0.536774,-0.352365,0.618783,0.00184053,0.015351,0.0556235,-0.694854,-0.797043,1.42661,-0.703079,-0.770312,1.23843,-0.408564,-0.285927,2.98329,-0.543466,-0.586403,0.622718,-0.0707008,0.215486,1.31835,0.341355,0.113164,1.31243,-0.229905,-0.446711,2.51379,-0.0400043,-0.121204,0.385801,-0.211671,-0.40087,0.85373,0.165884,0.0575756,0.0556235,-0.0153921,-0.061598,1.42661,0.0232262,-0.0367844,1.23843,0.294821,0.716236,2.98329,0.0523584,-0.0314017,0.622718,-0.805267,-0.280483,1.31835,-0.0192765,-0.0186052,1.31243,0.0449676,0.0404599,2.51379,0.0479538,0.048737,0.385801,0.0375072,0.0289847,0.85373,-0.0309926,-0.0363171,0.618783,-0.0022053,-0.000858119,1.42661,0.0502583,0.0515142,1.23843,0.041597,0.0243933,2.98329,0.0474667,0.0493106,0.622718,-0.0116812,-0.0177179,1.31835,-0.524421,-0.508909,1.31243,1.10508,1.01117,2.51379,1.25629,1.18525,0.385801,1.06542,0.866052,0.85373,-0.689967,-0.711783,0.618783,-0.0974656,0.028963,0.0556235,1.18386,1.12082,1.23843,1.11196,0.677613,2.98329,1.26781,1.3045,0.622718,-0.262071,-0.453813,1.31835,0.0830719,-0.132621,1.31243,0.138068,-0.0707725,2.51379,0.877695,0.546414,0.385801,0.315141,0.0594529,0.85373,-0.147651,-0.30224,0.618783,0.446897,0.580047,0.0556235,0.715064,0.573117,1.42661,0.906794,0.723941,2.98329,0.940468,0.789911,0.622718,-0.770941,-0.356129,1.31835,-1.06744,-1.16876,1.31243,2.16992,1.90283,2.51379,2.67953,2.25646,0.385801,2.21382,1.80116,0.85373,-0.978839,-1.16672,0.618783,-0.375834,0.0239509,0.0556235,2.50531,2.25528,1.42661,2.90271,2.74879,1.23843,2.57334,1.52857,0.622718,-0.78102,-0.94985,1.31835,0.15266,0.228584,1.31243,-0.797443,-0.593388,2.51379,-0.129857,-0.251966,0.385801,-0.459665,-0.197731,0.85373,0.0804064,0.237763,0.618783,-0.0685068,-0.163341,0.0556235,-0.386627,-0.349913,1.42661,-0.370257,-0.448703,1.23843,-0.146644,-0.273566,2.98329,-0.412451,-0.419556
1.33774,-2.67347,-2.41202,2.56398,-1.8576,-1.73218,0.394966,-2.38295,-2.06881,0.875375,0.945457,0.808933,0.643223,0.752598,0.410468,0.0568746,-1.97863,-1.74656,1.45368,-2.25202,-2.36548,1.26993,-1.518,-0.463478,3.03887,-2.24707,-2.42897,0.642316,0.556516,1.09098,1.36676,-0.639045,-0.476427,2.56398,0.576293,0.787981,0.394966,0.927702,0.73463,0.875375,-0.531047,-0.606833,0.643223,-0.313373,-0.233061,0.0568746,0.779687,0.814746,1.45368,0.761655,0.925703,1.26993,0.251773,-0.00762461,3.03887,0.735255,0.832746,0.642316,-0.193878,-0.559974,1.36676,-1.01598,-0.82499,1.33774,1.8065,1.86117,0.394966,1.85938,1.51323,0.875375,-1.68417,-1.72667,0.643223,-0.180634,-0.0871786,0.0568746,2.25226,2.31127,1.45368,2.63647,2.57407,1.26993,1.98701,1.13133,3.03887,2.31542,2.33073,0.642316,-0.0452327,-0.546875,1.36676,-0.262026,-0.231142,1.33774,0.380019,0.385811,2.56398,0.371765,0.336163,0.875375,-0.231929,-0.151158,0.643223,-0.178223,-0.123605,0.0568746,0.345225,0.310134,1.45368,0.411443,0.419509,1.26993,0.28514,0.0395856,3.03887,0.385919,0.417339,0.642316,0.0292692,-0.099756,1.36676,0.240038,0.15073,1.33774,-0.766621,-0.741543,2.56398,-0.624082,-0.849255,0.394966,-0.573718,-0.359777,0.643223,-0.00711457,0.0176253,0.0568746,-0.69127,-0.813991,1.45368,-0.710184,-0.784392,1.26993,-0.404076,-0.291963,3.03887,-0.538808,-0.596566,0.642316,-0.0980644,0.223613,1.36676,0.369827,0.118361,1.33774,-0.234464,-0.454928,2.56398,-0.0397505,-0.123026,0.394966,-0.215718,-0.409775,0.875375,0.167067,0.0597274,0.0568746,-0.0224729,-0.0622699,1.45368,0.032449,-0.0368814,1.26993,0.306857,0.73499,3.03887,0.0647506,-0.0313944,0.642316,-0.855525,-0.288236,1.36676,-0.0196279,-0.0192766,1.33774,0.0455771,0.0412589,2.56398,0.048493,0.0497279,0.394966,0.0385927,0.0296812,0.875375,-0.0320343,-0.0371945,0.643223,-0.0013808,-0.000894882,1.45368,0.0511518,0.0525122,1.26993,0.0421005,0.0250019,3.03887,0.0482628,0.0502343,0.642316,-0.0116282,-0.0182741,1.36676,-0.545362,-0.528319,1.33774,1.11864,1.03056,2.56398,1.27569,1.20875,0.394966,1.09737,0.886166,0.875375,-0.717096,-0.729703,0.643223,-0.096882,0.0288326,0.0568746,1.20193,1.14536,1.26993,1.11852,0.693788,3.03887,1.2888,1.32838,0.642316,-0.263826,-0.468973,1.36676,0.110866,-0.136729,1.33774,0.149258,-0.0718163,2.56398,0.892217,0.557919,0.394966,0.308071,0.0613235,0.875375,-0.156616,-0.309082,0.643223,0.4628,0.602517,0.0568746,0.717376,0.586443,1.45368,0.937865,0.738349,3.03887,0.981307,0.805083,0.642316,-0.819465,-0.366669,1.36676,-1.0797,-1.21151,1.33774,2.21099,1.94005,2.56398,2.71392,2.30197,0.394966,2.2545,1.84405,0.875375,-1.00809,-1.19538,0.643223,-0.358558,0.0239726,0.0568746,2.54579,2.30559,1.45368,2.94938,2.80171,1.26993,2.61081,1.56631,0.642316,-0.826159,-0.980193,1.36676,0.131123,0.236991,1.33774,-0.812528,-0.605024,2.56398,-0.12123,-0.256981,0.394966,-0.491235,-0.20236,0.875375,0.0689718,0.24363,0.643223,-0.0761556,-0.169257,0.0568746,-0.408146,-0.357668,1.45368,-0.361992,-0.457301,1.26993,-0.146745,-0.280277,3.03887,-0.392978,-0.427324
1.36306,-2.69717,-2.45824,2.61417,-1.85822,-1.76614,0.404131,-2.42503,-2.1168,0.89702,0.881484,0.828699,0.667663,0.758234,0.426479,0.0581257,-2.0186,-1.78436,1.48075,-2.26299,-2.40994,1.30143,-1.52213,-0.474038,3.09445,-2.24858,-2.47315,0.661914,0.586323,1.12493,1.41516,-0.64867,-0.494107,2.61417,0.566752,0.803035,0.404131,0.936392,0.751129,0.89702,-0.499721,-0.621909,0.667663,-0.321566,-0.242743,0.0581257,0.805525,0.831949,1.48075,0.752794,0.942681,1.30143,0.251645,-0.0086509,3.09445,0.711385,0.847462,0.661914,-0.18155,-0.577942,1.41516,-1.07855,-0.855322,1.36306,1.82916,1.89632,0.404131,1.92662,1.54768,0.89702,-1.69035,-1.76847,0.667663,-0.173146,-0.0921919,0.0581257,2.29015,2.36109,1.48075,2.69035,2.62212,1.30143,1.99288,1.15775,3.09445,2.35806,2.37274,0.661914,-0.0122546,-0.56496,1.41516,-0.278579,-0.239349,1.36306,0.382182,0.393188,2.61417,0.376196,0.342758,0.89702,-0.220015,-0.154852,0.667663,-0.183758,-0.128297,0.0581257,0.350971,0.316839,1.48075,0.4171,0.427386,1.30143,0.285019,0.0404081,3.09445,0.391145,0.424922,0.661914,0.0292101,-0.102952,1.41516,0.241967,0.157511,1.36306,-0.761923,-0.755067,2.61417,-0.641124,-0.865316,0.404131,-0.591386,-0.367188,0.667663,-0.0133284,0.0198995,0.0581257,-0.687686,-0.830938,1.48075,-0.717289,-0.798472,1.30143,-0.399588,-0.297999,3.09445,-0.533465,-0.606729,0.661914,-0.125428,0.231741,1.41516,0.390741,0.123559,1.36306,-0.241614,-0.463146,2.61417,-0.0394966,-0.124849,0.404131,-0.211621,-0.41868,0.89702,0.135641,0.0618792,0.0581257,-0.0295536,-0.0629418,1.48075,0.0416717,-0.0369783,1.30143,0.318893,0.753744,3.09445,0.0770142,-0.0313871,0.661914,-0.905782,-0.29599,1.41516,-0.0201274,-0.0199481,1.36306,0.0459043,0.0420578,2.61417,0.0490323,0.0507188,0.404131,0.0397209,0.0303776,0.89702,-0.0337855,-0.0380718,0.667663,-0.000704364,-0.000931644,1.48075,0.0520453,0.0535101,1.30143,0.042604,0.0256104,3.09445,0.0491079,0.051158,0.661914,-0.0115751,-0.0188302,1.41516,-0.566443,-0.547729,1.36306,1.1288,1.04994,2.61417,1.29509,1.23224,0.404131,1.13208,0.906279,0.89702,-0.735997,-0.747622,0.667663,-0.0975018,0.0287021,0.0581257,1.21999,1.16989,1.30143,1.12509,0.709963,3.09445,1.31128,1.35227,0.661914,-0.265581,-0.484132,1.41516,0.134949,-0.140836,1.36306,0.157466,-0.07286,2.61417,0.906739,0.569425,0.404131,0.330023,0.0631941,0.89702,-0.203643,-0.315925,0.667663,0.479082,0.624987,0.0581257,0.719689,0.599768,1.48075,0.968937,0.752757,3.09445,1.02319,0.820255,0.661914,-0.867988,-0.377209,1.41516,-1.09337,-1.25425,1.36306,2.24751,1.97727,2.61417,2.7483,2.34749,0.404131,2.30975,1.88694,0.89702,-1.03564,-1.22404,0.667663,-0.341952,0.0239944,0.0581257,2.58628,2.35589,1.48075,2.99605,2.85463,1.30143,2.64829,1.60405,0.661914,-0.871298,-1.01053,1.41516,0.11046,0.245398,1.36306,-0.826418,-0.61666,2.61417,-0.112602,-0.261997,0.404131,-0.496743,-0.206989,0.89702,0.0540332,0.249496,0.667663,-0.0830895,-0.175172,0.0581257,-0.429664,-0.365423,1.48075,-0.353727,-0.4659,1.30143,-0.146847,-0.286988,3.09445,-0.369936,-0.435092
1.38837,-2.71868,-2.50447,2.66436,-1.86522,-1.80011,0.413296,-2.45832,-2.16479,0.918664,0.817511,0.848465,0.692104,0.771049,0.44249,0.0593767,-2.05858,-1.82216,1.50782,-2.29528,-2.45439,1.33294,-1.51804,-0.484598,3.15003,-2.2502,-2.51734,0.681512,0.616129,1.15887,1.46357,-0.653138,-0.511787,2.66436,0.566175,0.818088,0.413296,0.935265,0.767628,0.918664,-0.468395,-0.636984,0.692104,-0.339988,-0.252425,0.0593767,0.831364,0.849152,1.50782,0.742525,0.95966,1.33294,0.250149,-0.00967719,3.15003,0.683466,0.862178,0.681512,-0.169222,-0.595911,1.46357,-1.14276,-0.885654,1.38837,1.84595,1.93147,0.413296,1.99436,1.58212,0.918664,-1.69654,-1.81027,0.692104,-0.182793,-0.0972052,0.0593767,2.32804,2.41091,1.50782,2.72001,2.67017,1.33294,1.99399,1.18417,3.15003,2.40131,2.41476,0.681512,0.0207234,-0.583046,1.46357,-0.294647,-0.247556,1.38837,0.384142,0.400565,2.66436,0.379677,0.349354,0.918664,-0.208101,-0.158546,0.692104,-0.19029,-0.132988,0.0593767,0.356718,0.323544,1.50782,0.425249,0.435263,1.33294,0.28309,0.0412305,3.15003,0.397163,0.432504,0.681512,0.0291511,-0.106148,1.46357,0.2481,0.164293,1.38837,-0.751497,-0.768591,2.66436,-0.669935,-0.881377,0.413296,-0.603023,-0.3746,0.692104,-0.0102278,0.0221738,0.0593767,-0.684101,-0.847885,1.50782,-0.71293,-0.812552,1.33294,-0.394878,-0.304034,3.15003,-0.527394,-0.616892,0.681512,-0.152792,0.239868,1.46357,0.402241,0.128756,1.38837,-0.251182,-0.471364,2.66436,-0.0310408,-0.126671,0.413296,-0.204868,-0.427586,0.918664,0.104216,0.0640311,0.0593767,-0.0366344,-0.0636137,1.50782,0.0513435,-0.0370753,1.33294,0.333609,0.772498,3.15003,0.0890506,-0.0313798,0.681512,-0.95604,-0.303743,1.46357,-0.0208719,-0.0206195,1.38837,0.045968,0.0428568,2.66436,0.0497109,0.0517097,0.413296,0.040869,0.031074,0.918664,-0.0355367,-0.0389492,0.692104,-0.000531022,-0.000968406,1.50782,0.0530464,0.054508,1.33294,0.0429594,0.026219,3.15003,0.0500201,0.0520817,0.681512,-0.011522,-0.0193864,1.46357,-0.587812,-0.56714,1.38837,1.1358,1.06933,2.66436,1.31733,1.25574,0.413296,1.16777,0.926393,0.918664,-0.754898,-0.765542,0.692104,-0.102215,0.0285717,0.0593767,1.23806,1.19442,1.33294,1.12892,0.726139,3.15003,1.33575,1.37616,0.681512,-0.267336,-0.499292,1.46357,0.153611,-0.144943,1.38837,0.162892,-0.0739037,2.66436,0.918143,0.58093,0.413296,0.361368,0.0650647,0.918664,-0.250669,-0.322767,0.692104,0.496643,0.647456,0.0593767,0.722001,0.613094,1.50782,1.0002,0.767165,3.15003,1.06631,0.835428,0.681512,-0.916512,-0.387748,1.46357,-1.10909,-1.297,1.38837,2.27979,2.0145,2.66436,2.78063,2.393,0.413296,2.36992,1.92984,0.918664,-1.0632,-1.25269,0.692104,-0.327758,0.0240161,0.0593767,2.62677,2.4062,1.50782,3.04289,2.90755,1.33294,2.67864,1.64178,0.681512,-0.916437,-1.04088,1.46357,0.0937286,0.253805,1.38837,-0.839194,-0.628296,2.66436,-0.12173,-0.267013,0.413296,-0.494041,-0.211618,0.918664,0.0390947,0.255363,0.692104,-0.0875718,-0.181088,0.0593767,-0.451183,-0.373178,1.50782,-0.35064,-0.474498,1.33294,-0.147229,-0.293699,3.15003,-0.342411,-0.44286
1.41368,-2.74012,-2.5507,2.71455,-1.87347,-1.83408,0.422461,-2.4916,-2.21279,0.940309,0.753539,0.868231,0.716544,0.794104,0.4585,0.0606278,-2.09856,-1.85996,1.53489,-2.32846,-2.49884,1.36444,-1.48312,-0.495157,3.20561,-2.25203,-2.56152,0.70111,0.684002,1.19282,1.51198,-0.655258,-0.529467,2.71455,0.567358,0.833142,0.422461,0.934138,0.784126,0.940309,-0.43707,-0.65206,0.716544,-0.370593,-0.262106,0.0606278,0.857202,0.866355,1.53489,0.732198,0.976638,1.36444,0.243529,-0.0107035,3.20561,0.653287,0.876894,0.70111,-0.173361,-0.61388,1.51198,-1.20791,-0.915986,1.41368,1.86255,1.96662,0.422461,2.06209,1.61656,0.940309,-1.70273,-1.85208,0.716544,-0.213406,-0.102218,0.0606278,2.36594,2.46073,1.53489,2.74868,2.71823,1.36444,1.97726,1.21058,3.20561,2.44497,2.45677,0.70111,0.0492565,-0.601131,1.51198,-0.309683,-0.255764,1.41368,0.386097,0.407942,2.71455,0.38297,0.35595,0.940309,-0.196187,-0.16224,0.716544,-0.198067,-0.137679,0.0606278,0.362465,0.330249,1.53489,0.4335,0.44314,1.36444,0.274383,0.042053,3.20561,0.403655,0.440087,0.70111,0.0181572,-0.109345,1.51198,0.261532,0.171075,1.41368,-0.740885,-0.782116,2.71455,-0.701056,-0.897438,0.422461,-0.61466,-0.382012,0.716544,0.00417874,0.024448,0.0606278,-0.680517,-0.864833,1.53489,-0.708103,-0.826632,1.36444,-0.389335,-0.31007,3.20561,-0.520971,-0.627055,0.70111,-0.164814,0.247995,1.51198,0.404149,0.133954,1.41368,-0.260829,-0.479582,2.71455,-0.0209755,-0.128494,0.422461,-0.198116,-0.436491,0.940309,0.0727897,0.0661829,0.0606278,-0.0437151,-0.0642856,1.53489,0.0610336,-0.0371723,1.36444,0.35837,0.791252,3.20561,0.100927,-0.0313725,0.70111,-0.953079,-0.311497,1.51198,-0.021908,-0.0212909,1.41368,0.0460231,0.0436557,2.71455,0.0504169,0.0527006,0.422461,0.042017,0.0317705,0.940309,-0.0372878,-0.0398266,0.716544,-0.000968343,-0.00100517,1.53489,0.0540519,0.0555059,1.36444,0.0427597,0.0268275,3.20561,0.0509733,0.0530054,0.70111,-0.0106603,-0.0199425,1.51198,-0.609555,-0.58655,1.41368,1.14271,1.08871,2.71455,1.34013,1.27924,0.422461,1.20345,0.946507,0.940309,-0.773799,-0.783462,0.716544,-0.111988,0.0284413,0.0606278,1.25613,1.21895,1.36444,1.12248,0.742314,3.20561,1.36144,1.40005,0.70111,-0.281795,-0.514452,1.51198,0.166198,-0.14905,1.41368,0.168224,-0.0749474,2.71455,0.928935,0.592436,0.422461,0.392712,0.0669353,0.940309,-0.297696,-0.329609,0.716544,0.51552,0.669926,0.0606278,0.724313,0.62642,1.53489,1.03147,0.781572,3.20561,1.1101,0.8506,0.70111,-0.911936,-0.398288,1.51198,-1.12709,-1.33974,1.41368,2.31193,2.05172,2.71455,2.81254,2.43852,0.422461,2.43009,1.97273,0.940309,-1.09076,-1.28135,0.716544,-0.319316,0.0240379,0.0606278,2.66726,2.45651,1.53489,3.08975,2.96047,1.36444,2.68228,1.67952,0.70111,-0.929174,-1.07122,1.51198,0.0829709,0.262212,1.41368,-0.851934,-0.639932,2.71455,-0.134342,-0.272028,0.422461,-0.491339,-0.216247,0.940309,0.0241561,0.26123,0.716544,-0.0885912,-0.187003,0.0606278,-0.472702,-0.380932,1.53489,-0.347765,-0.483096,1.36444,-0.148662,-0.300411,3.20561,-0.312342,-0.450628
1.439,-2.75743,-2.59693,2.76474,-1.88172,-1.86804,0.431626,-2.52488,-2.26078,0.961954,0.689566,0.887997,0.740985,0.830833,0.474511,0.0618789,-2.13853,-1.89776,1.56196,-2.36163,-2.54329,1.39594,-1.42813,-0.505717,3.2612,-2.25559,-2.60571,0.720708,0.759848,1.22676,1.56039,-0.657021,-0.547147,2.76474,0.56854,0.848196,0.431626,0.933012,0.800625,0.961954,-0.405744,-0.667135,0.740985,-0.416338,-0.271788,0.0618789,0.88304,0.883558,1.56196,0.721871,0.993616,1.39594,0.233581,-0.0117298,3.2612,0.613677,0.89161,0.720708,-0.181455,-0.631849,1.56039,-1.27362,-0.946318,1.439,1.86591,2.00177,0.431626,2.12983,1.65101,0.961954,-1.70892,-1.89388,0.740985,-0.270387,-0.107232,0.0618789,2.40383,2.51055,1.56196,2.77734,2.76628,1.39594,1.94934,1.237,3.2612,2.49071,2.49879,0.720708,0.0762118,-0.619216,1.56039,-0.322927,-0.263971,1.439,0.387737,0.41532,2.76474,0.386264,0.362546,0.961954,-0.184273,-0.165934,0.740985,-0.207423,-0.14237,0.0618789,0.368211,0.336955,1.56196,0.44175,0.451017,1.39594,0.261265,0.0428754,3.2612,0.412319,0.447669,0.720708,0.00474628,-0.112541,1.56039,0.286928,0.177856,1.439,-0.7176,-0.79564,2.76474,-0.732177,-0.913499,0.431626,-0.626296,-0.389423,0.740985,0.0327549,0.0267222,0.0618789,-0.676932,-0.88178,1.56196,-0.703275,-0.840712,1.39594,-0.383474,-0.316106,3.2612,-0.513407,-0.637218,0.720708,-0.172819,0.256122,1.56039,0.393897,0.139151,1.439,-0.275959,-0.4878,2.76474,-0.0109101,-0.130316,0.431626,-0.191364,-0.445396,0.961954,0.0413638,0.0683347,0.0618789,-0.0507959,-0.0649574,1.56196,0.0707237,-0.0372692,1.39594,0.389781,0.810006,3.2612,0.111937,-0.0313652,0.720708,-0.937458,-0.31925,1.56039,-0.0233515,-0.0219623,1.439,0.0454852,0.0444547,2.76474,0.051123,0.0536915,0.431626,0.0431651,0.0324669,0.961954,-0.039039,-0.0407039,0.740985,-0.00217101,-0.00104193,1.56196,0.0550573,0.0565039,1.39594,0.0421948,0.0274361,3.2612,0.0521168,0.0539291,0.720708,-0.00960519,-0.0204987,1.56039,-0.631844,-0.605961,1.439,1.14262,1.10809,2.76474,1.36293,1.30273,0.431626,1.23914,0.96662,0.961954,-0.792699,-0.801382,0.740985,-0.128152,0.0283108,0.0618789,1.2742,1.24349,1.39594,1.10952,0.75849,3.2612,1.39269,1.42393,0.720708,-0.29932,-0.529612,1.56039,0.170584,-0.153157,1.439,0.166974,-0.0759911,2.76474,0.939727,0.603941,0.431626,0.424057,0.0688059,0.961954,-0.344723,-0.336452,0.740985,0.535915,0.692396,0.0618789,0.726625,0.639746,1.56196,1.06275,0.79598,3.2612,1.15657,0.865773,0.720708,-0.89457,-0.408827,1.56039,-1.14815,-1.38249,1.439,2.33449,2.08895,2.76474,2.84446,2.48403,0.431626,2.49026,2.01563,0.961954,-1.11832,-1.31,0.740985,-0.319638,0.0240596,0.0618789,2.70775,2.50682,1.56196,3.1366,3.01339,1.39594,2.66848,1.71726,0.720708,-0.933241,-1.10156,1.56039,0.0815578,0.270619,1.439,-0.8622,-0.651568,2.76474,-0.146954,-0.277044,0.431626,-0.488638,-0.220876,0.961954,0.0092175,0.267096,0.740985,-0.0850023,-0.192918,0.0618789,-0.49422,-0.388687,1.56196,-0.34489,-0.491695,1.39594,-0.15082,-0.307122,3.2612,-0.271403,-0.458396
1.46431,-2.77396,-2.64316,2.81493,-1.89717,-1.90201,0.44079,-2.48442,-2.30877,0.983599,0.625593,0.907763,0.765425,0.887553,0.490522,0.06313,-2.17851,-1.93556,1.58903,-2.3948,-2.58774,1.42744,-1.34427,-0.516277,3.31678,-2.25964,-2.64989,0.740306,0.845123,1.26071,1.6088,-0.663434,-0.564827,2.81493,0.577905,0.86325,0.44079,0.848816,0.817124,0.983599,-0.374419,-0.682211,0.765425,-0.482941,-0.28147,0.06313,0.908879,0.900761,1.58903,0.711544,1.01059,1.42744,0.218849,-0.0127561,3.31678,0.571636,0.906327,0.740306,-0.19529,-0.649817,1.6088,-1.33894,-0.97665,1.46431,1.8666,2.03692,0.44079,2.20837,1.68545,0.983599,-1.71511,-1.93569,0.765425,-0.364079,-0.112245,0.06313,2.44172,2.56037,1.58903,2.80601,2.81433,1.42744,1.90545,1.26341,3.31678,2.53701,2.5408,0.740306,0.0999448,-0.637301,1.6088,-0.332166,-0.272178,1.46431,0.389321,0.422697,2.81493,0.388932,0.369142,0.983599,-0.172359,-0.169629,0.765425,-0.218993,-0.147061,0.06313,0.373958,0.34366,1.58903,0.450001,0.458894,1.42744,0.241806,0.0436979,3.31678,0.421553,0.455252,0.740306,-0.0117894,-0.115737,1.6088,0.337995,0.184638,1.46431,-0.691775,-0.809164,2.81493,-0.772716,-0.92956,0.44079,-0.588058,-0.396835,0.765425,0.0809989,0.0289965,0.06313,-0.673348,-0.898727,1.58903,-0.698448,-0.854792,1.42744,-0.377217,-0.322141,3.31678,-0.505568,-0.647381,0.740306,-0.174384,0.264249,1.6088,0.363087,0.144349,1.46431,-0.292195,-0.496018,2.81493,0.0062406,-0.132139,0.44079,-0.158786,-0.454301,0.983599,0.00993788,0.0704865,0.06313,-0.0578766,-0.0656293,1.58903,0.0804139,-0.0373662,1.42744,0.430783,0.82876,3.31678,0.122712,-0.0313579,0.740306,-0.903688,-0.327004,1.6088,-0.0255597,-0.0226338,1.46431,0.0448279,0.0452536,2.81493,0.0519634,0.0546824,0.44079,0.0447124,0.0331634,0.983599,-0.0407902,-0.0415813,0.765425,-0.00443599,-0.00107869,1.58903,0.0560628,0.0575018,1.42744,0.0411035,0.0280446,3.31678,0.0533106,0.0548528,0.740306,-0.0082709,-0.0210548,1.6088,-0.655197,-0.625371,1.46431,1.14114,1.12748,2.81493,1.38845,1.32623,0.44079,1.28708,0.986734,0.983599,-0.8116,-0.819301,0.765425,-0.153248,0.0281804,0.06313,1.29226,1.26802,1.42744,1.08724,0.774665,3.31678,1.42541,1.44782,0.740306,-0.321317,-0.544772,1.6088,0.16011,-0.157264,1.46431,0.164379,-0.0770348,2.81493,0.94843,0.615447,0.44079,0.544439,0.0706765,0.983599,-0.391749,-0.343294,0.765425,0.558262,0.714866,0.06313,0.728937,0.653072,1.58903,1.09402,0.810388,3.31678,1.20373,0.880945,0.740306,-0.858575,-0.419367,1.6088,-1.17474,-1.42524,1.46431,2.35511,2.12617,2.81493,2.87606,2.52955,0.44079,2.60426,2.05852,0.983599,-1.14587,-1.33866,0.765425,-0.333994,0.0240814,0.06313,2.74823,2.55713,1.58903,3.18346,3.06631,1.42744,2.62958,1.75499,0.740306,-0.923097,-1.1319,1.6088,0.099498,0.279026,1.46431,-0.87197,-0.663204,2.81493,-0.174978,-0.28206,0.44079,-0.416066,-0.225505,0.983599,-0.00572108,0.272963,0.765425,-0.0746949,-0.198834,0.06313,-0.515739,-0.396442,1.58903,-0.342015,-0.500293,1.42744,-0.154029,-0.313833,3.31678,-0.227647,-0.466164
1.48962,-2.79031,-2.68938,2.86512,-1.92142,-1.93598,0.449955,-2.43494,-2.35677,1.00524,0.505452,0.927529,0.789865,0.962338,0.506532,0.064381,-2.23372,-1.97337,1.6161,-2.42797,-2.6322,1.45895,-1.26041,-0.526837,3.37236,-2.2637,-2.69408,0.759904,0.944865,1.29465,1.65721,-0.671115,-0.582507,2.86512,0.596806,0.878304,0.449955,0.754467,0.833622,1.00524,-0.321538,-0.697286,0.789865,-0.568279,-0.291152,0.064381,0.949268,0.917964,1.6161,0.701218,1.02757,1.45895,0.204116,-0.0137823,3.37236,0.529596,0.921043,0.759904,-0.21857,-0.667786,1.65721,-1.40413,-1.00698,1.48962,1.86664,2.07207,0.449955,2.28823,1.71989,1.00524,-1.68835,-1.97749,0.789865,-0.490778,-0.117258,0.064381,2.48238,2.61018,1.6161,2.83468,2.86239,1.45895,1.86157,1.28983,3.37236,2.58331,2.58282,0.759904,0.11792,-0.655386,1.65721,-0.340439,-0.280385,1.48962,0.390894,0.430074,2.86512,0.390947,0.375737,1.00524,-0.146493,-0.173323,0.789865,-0.232555,-0.151752,0.064381,0.380383,0.350365,1.6161,0.458252,0.466772,1.45895,0.222346,0.0445203,3.37236,0.430788,0.462834,0.759904,-0.0332787,-0.118933,1.65721,0.39523,0.191419,1.48962,-0.66534,-0.822688,2.86512,-0.823817,-0.945621,0.449955,-0.543723,-0.404247,0.789865,0.146921,0.0312707,0.064381,-0.662068,-0.915674,1.6161,-0.693621,-0.868872,1.45895,-0.37096,-0.328177,3.37236,-0.497729,-0.657544,0.759904,-0.165055,0.272376,1.65721,0.327492,0.149546,1.48962,-0.308698,-0.504235,2.86512,0.0315243,-0.133961,0.449955,-0.123052,-0.463206,1.00524,-0.0426847,0.0726383,0.064381,-0.0694659,-0.0663012,1.6161,0.090104,-0.0374632,1.45895,0.471785,0.847514,3.37236,0.133487,-0.0313506,0.759904,-0.840169,-0.334758,1.65721,-0.0279485,-0.0233052,1.48962,0.0441418,0.0460526,2.86512,0.0529628,0.0556733,0.449955,0.0463085,0.0338598,1.00524,-0.0429402,-0.0424587,0.789865,-0.00765582,-0.00111546,1.6161,0.0570683,0.0584997,1.45895,0.0400122,0.0286532,3.37236,0.0545044,0.0557765,0.759904,-0.00647806,-0.021611,1.65721,-0.678803,-0.644781,1.48962,1.13933,1.14686,2.86512,1.41718,1.34973,0.449955,1.33653,1.00685,1.00524,-0.822885,-0.837221,0.789865,-0.186378,0.02805,0.064381,1.31176,1.29255,1.45895,1.06496,0.79084,3.37236,1.45812,1.47171,0.759904,-0.350683,-0.559932,1.65721,0.146141,-0.161372,1.48962,0.161454,-0.0780786,2.86512,0.954935,0.626952,0.449955,0.675705,0.0725472,1.00524,-0.462826,-0.350136,0.789865,0.582347,0.737336,0.064381,0.725379,0.666398,1.6161,1.12529,0.824796,3.37236,1.25088,0.896117,0.759904,-0.791901,-0.429907,1.65721,-1.20263,-1.46798,1.48962,2.37526,2.16339,2.86512,2.90779,2.57506,0.449955,2.72484,2.10142,1.00524,-1.16979,-1.36732,0.789865,-0.361148,0.0241031,0.064381,2.79143,2.60744,1.6161,3.23031,3.11923,1.45895,2.59068,1.79273,0.759904,-0.88878,-1.16225,1.65721,0.122068,0.287433,1.48962,-0.88162,-0.67484,2.86512,-0.220717,-0.287076,0.449955,-0.334955,-0.230134,1.00524,-0.0217586,0.278829,0.789865,-0.0583168,-0.204749,0.064381,-0.550021,-0.404196,1.6161,-0.339139,-0.508892,1.45895,-0.157239,-0.320544,3.37236,-0.183892,-0.473932
1.51494,-2.80278,-2.73561,2.91531,-1.94568,-1.96994,0.45912,-2.38547,-2.40476,1.02689,0.350341,0.947295,0.814306,1.03712,0.522543,0.0656321,-2.3049,-2.01117,1.64317,-2.46114,-2.67665,1.49045,-1.14448,-0.537396,3.42794,-2.26775,-2.73827,0.779502,1.04661,1.3286,1.70561,-0.683741,-0.600186,2.91531,0.615708,0.893358,0.45912,0.660118,0.850121,1.02689,-0.255237,-0.712362,0.814306,-0.653616,-0.300833,0.0656321,1.00492,0.935167,1.64317,0.690891,1.04455,1.49045,0.184076,-0.0148086,3.42794,0.487555,0.935759,0.779502,-0.243189,-0.685755,1.70561,-1.46854,-1.03731,1.51494,1.85211,2.10722,0.45912,2.36809,1.75433,1.02689,-1.64108,-2.01929,0.814306,-0.617478,-0.122272,0.0656321,2.52593,2.66,1.64317,2.86335,2.91044,1.49045,1.80034,1.31625,3.42794,2.62961,2.62483,0.779502,0.135059,-0.673471,1.70561,-0.345974,-0.288592,1.51494,0.392236,0.437451,2.91531,0.392961,0.382333,1.02689,-0.111941,-0.177017,0.814306,-0.246117,-0.156444,0.0656321,0.387521,0.35707,1.64317,0.466502,0.474649,1.49045,0.195844,0.0453428,3.42794,0.440022,0.470417,0.779502,-0.0554618,-0.12213,1.70561,0.469676,0.198201,1.51494,-0.625167,-0.836212,2.91531,-0.874918,-0.961682,0.45912,-0.499389,-0.411658,0.814306,0.212843,0.0335449,0.0656321,-0.642719,-0.932622,1.64317,-0.688793,-0.882952,1.49045,-0.364477,-0.334213,3.42794,-0.48989,-0.667707,0.779502,-0.154168,0.280503,1.70561,0.279984,0.154744,1.51494,-0.331253,-0.512453,2.91531,0.0568079,-0.135783,0.45912,-0.0873176,-0.472111,1.02689,-0.108504,0.0747901,0.0656321,-0.085783,-0.0669731,1.64317,0.0997941,-0.0375601,1.49045,0.52355,0.866268,3.42794,0.144262,-0.0313433,0.779502,-0.772438,-0.342511,1.70561,-0.030813,-0.0239766,1.51494,0.0428047,0.0468516,2.91531,0.0539621,0.0566642,0.45912,0.0479045,0.0345562,1.02689,-0.0453386,-0.043336,0.814306,-0.0108756,-0.00115222,1.64317,0.0580738,0.0594977,1.49045,0.0383324,0.0292617,3.42794,0.0556982,0.0567002,0.779502,-0.00462025,-0.0221671,1.70561,-0.703087,-0.664192,1.51494,1.12996,1.16625,2.91531,1.4459,1.37322,0.45912,1.38597,1.02696,1.02689,-0.829429,-0.855141,0.814306,-0.219507,0.0279195,0.0656321,1.33275,1.31709,1.49045,1.03247,0.807016,3.42794,1.49084,1.49559,0.779502,-0.381095,-0.575092,1.70561,0.123133,-0.165479,1.51494,0.151041,-0.0791223,2.91531,0.96144,0.638457,0.45912,0.80697,0.0744178,1.02689,-0.548877,-0.356979,0.814306,0.606432,0.759806,0.0656321,0.715664,0.679723,1.64317,1.15656,0.839204,3.42794,1.29803,0.91129,0.779502,-0.720875,-0.440446,1.70561,-1.23387,-1.51073,1.51494,2.38486,2.20062,2.91531,2.93952,2.62058,0.45912,2.84543,2.14431,1.02689,-1.19143,-1.39597,0.814306,-0.388302,0.0241249,0.0656321,2.83746,2.65774,1.64317,3.27716,3.17215,1.49045,2.52384,1.83047,0.779502,-0.851,-1.19259,1.70561,0.157378,0.295839,1.51494,-0.888582,-0.686477,2.91531,-0.266455,-0.292091,0.45912,-0.253843,-0.234763,1.02689,-0.0384804,0.284696,0.814306,-0.0419388,-0.210665,0.0656321,-0.597686,-0.411951,1.64317,-0.336264,-0.51749,1.49045,-0.161656,-0.327255,3.42794,-0.140136,-0.4817
1.54025,-2.81516,-2.78184,2.9655,-1.96994,-2.00391,0.468285,-2.33599,-2.45275,1.04853,0.19523,0.967062,0.838746,1.1307,0.538554,0.0668832,-2.37609,-2.04897,1.67024,-2.49431,-2.7211,1.52195,-1.01196,-0.547956,3.48352,-2.2718,-2.78245,0.7991,1.15922,1.36254,1.75402,-0.707336,-0.617866,2.9655,0.63461,0.908412,0.468285,0.565769,0.86662,1.04853,-0.188936,-0.727437,0.838746,-0.757795,-0.310515,0.0668832,1.06056,0.952371,1.67024,0.680564,1.06153,1.52195,0.161292,-0.0158349,3.48352,0.445514,0.950475,0.7991,-0.275412,-0.703724,1.75402,-1.5311,-1.06765,1.54025,1.83723,2.14237,0.468285,2.44795,1.78878,1.04853,-1.5938,-2.0611,0.838746,-0.777581,-0.127285,0.0668832,2.56949,2.70982,1.67024,2.89202,2.95849,1.52195,1.73015,1.34266,3.48352,2.67591,2.66684,0.7991,0.147218,-0.691556,1.75402,-0.34598,-0.2968,1.54025,0.393573,0.444828,2.9655,0.394976,0.388929,1.04853,-0.0773898,-0.180711,0.838746,-0.261703,-0.161135,0.0668832,0.394658,0.363775,1.67024,0.474753,0.482526,1.52195,0.165701,0.0461652,3.48352,0.449257,0.478,0.7991,-0.0814923,-0.125326,1.75402,0.578696,0.204983,1.54025,-0.584671,-0.849736,2.9655,-0.92602,-0.977744,0.468285,-0.455054,-0.41907,0.838746,0.296623,0.0358192,0.0668832,-0.62337,-0.949569,1.67024,-0.683966,-0.897032,1.52195,-0.357878,-0.340248,3.48352,-0.482051,-0.67787,0.7991,-0.134286,0.28863,1.75402,0.209595,0.159941,1.54025,-0.353951,-0.520671,2.9655,0.0820916,-0.137606,0.468285,-0.0515831,-0.481017,1.04853,-0.174324,0.076942,0.0668832,-0.1021,-0.067645,1.67024,0.109484,-0.0376571,1.52195,0.580877,0.885022,3.48352,0.155037,-0.031336,0.7991,-0.680837,-0.350265,1.75402,-0.034612,-0.024648,1.54025,0.0414522,0.0476505,2.9655,0.0549615,0.0576551,0.468285,0.0495006,0.0352527,1.04853,-0.0477369,-0.0442134,0.838746,-0.0150601,-0.00118898,1.67024,0.0590792,0.0604956,1.52195,0.0363485,0.0298703,3.48352,0.056892,0.0576239,0.7991,-0.0023938,-0.0227233,1.75402,-0.728715,-0.683602,1.54025,1.12041,1.18563,2.9655,1.47463,1.39672,0.468285,1.43541,1.04707,1.04853,-0.835972,-0.873061,0.838746,-0.260784,0.0277891,0.0668832,1.35375,1.34162,1.52195,0.994708,0.823191,3.48352,1.52356,1.51948,0.7991,-0.417449,-0.590251,1.75402,0.0824838,-0.169586,1.54025,0.140449,-0.080166,2.9655,0.967946,0.649963,0.468285,0.938235,0.0762884,1.04853,-0.634927,-0.363821,0.838746,0.632189,0.782276,0.0668832,0.705949,0.693049,1.67024,1.18783,0.853612,3.48352,1.34519,0.926462,0.7991,-0.625124,-0.450986,1.75402,-1.27165,-1.55347,1.54025,2.39421,2.23784,2.9655,2.97125,2.66609,0.468285,2.96601,2.18721,1.04853,-1.21308,-1.42463,0.838746,-0.429386,0.0241466,0.0668832,2.8835,2.70805,1.67024,3.32402,3.22507,1.52195,2.44257,1.86821,0.7991,-0.793159,-1.22293,1.75402,0.218147,0.304246,1.54025,-0.89548,-0.698113,2.9655,-0.312194,-0.297107,0.468285,-0.172731,-0.239392,1.04853,-0.0552022,0.290563,0.838746,-0.0192554,-0.21658,0.0668832,-0.645352,-0.419706,1.67024,-0.333389,-0.526089,1.52195,-0.166697,-0.333967,3.48352,-0.0963811,-0.489468
