ID,TIME,popPred_medianCOV,cens_popPred_medianCOV,popPred,cens_popPred,indivPred_mean,cens_indivPred_mean,indivPred_mode,cens_indivPred_mode,obsid
7,1,0,1,0,1,0,1,0,1,y1
7,1.02242853060992,0,1,0,1,0,1,0,1,y1
7,1.04536010020516,0,1,0,1,0,1,0,1,y1
7,1.06880599121101,0,1,0,1,0,1,0,1,y1
7,1.09277773910095,0,1,0,1,0,1,0,1,y1
7,1.11728713807222,0,1,0,1,0,1,0,1,y1
7,1.12,0,1,0,1,0,1,0,1,y1
7,1.14234624684855,0,1,0,1,0,1,0,1,y1
7,1.16796739461312,0,1,0,1,0,1,0,1,y1
7,1.19416318707459,0,1,0,1,0,1,0,1,y1
7,1.22094651266913,0,1,0,1,0,1,0,1,y1
7,1.24,0,1,0,1,0,1,0,1,y1
7,1.24833054890161,0,1,0,1,0,1,0,1,y1
7,1.27632876882895,0,1,0,1,0,1,0,1,y1
7,1.30495494768896,0,1,0,1,0,1,0,1,y1
7,1.33422316967777,0,1,0,1,0,1,0,1,y1
7,1.36,0,1,0,1,0,1,0,1,y1
7,1.36414783487935,0,1,0,1,0,1,0,1,y1
7,1.39474366635041,0,1,0,1,0,1,0,1,y1
7,1.42602571736414,0,1,0,1,0,1,0,1,y1
7,1.45800937881658,0,1,0,1,0,1,0,1,y1
7,1.48,0,1,0,1,0,1,0,1,y1
7,1.49071038679892,0,1,0,1,0,1,0,1,y1
7,1.5,0,1,0,1,0,1,0,1,y1
7,1.52414483033977,0,1,0,1,0,1,0,1,y1
7,1.558329159321,0,1,0,1,0,1,0,1,y1
7,1.59328019257117,0,1,0,1,0,1,0,1,y1
7,1.6,0,1,0,1,0,1,0,1,y1
7,1.62901512614043,0,1,0,1,0,1,0,1,y1
7,1.6655515417611,0,1,0,1,0,1,0,1,y1
7,1.70290741549789,0,1,0,1,0,1,0,1,y1
7,1.72,0,1,0,1,0,1,0,1,y1
7,1.74110112659225,0,1,0,1,0,1,0,1,y1
7,1.78015146650499,0,1,0,1,0,1,0,1,y1
7,1.8200776481618,0,1,0,1,0,1,0,1,y1
7,1.84,0,1,0,1,0,1,0,1,y1
7,1.86089931540603,0,1,0,1,0,1,0,1,y1
7,1.9026365526636,0,1,0,1,0,1,0,1,y1
7,1.94530989482457,0,1,0,1,0,1,0,1,y1
7,1.96,0,1,0,1,0,1,0,1,y1
7,1.98894033734643,0,1,0,1,0,1,0,1,y1
7,2,0.189146,1,0.189146,1,0,1,0,1,y1
7,2.03354934658391,0.994387,1,0.994387,1,0,1,0,1,y1
7,2.07915887035056,1.761,1,1.761,1,0,1,0,1,y1
7,2.08,1.77337,1,1.77337,1,0,1,0,1,y1
7,2.12579134871711,2.37749,1,2.37749,1,0,1,0,1,y1
7,2.17346972505212,2.89344,1,2.89344,1,0,1,0,1,y1
7,2.2,3.14308,0,3.14308,0,0,1,0,1,y1
7,2.22221745731019,3.33562,0,3.33562,0,0,1,0,1,y1
7,2.27205852957337,3.72225,0,3.72225,0,0,1,0,1,y1
7,2.32,4.04613,0,4.04613,0,0,1,0,1,y1
7,2.32301746385144,4.06518,0,4.06518,0,0,1,0,1,y1
7,2.37511933214682,4.37258,0,4.37258,0,0,1,0,1,y1
7,2.42838976879009,4.65075,0,4.65075,0,0.223765,1,0.033874,1,y1
7,2.44,4.70722,0,4.70722,0,0.317943,1,0.154928,1,y1
7,2.48285498305222,4.9043,0,4.9043,0,0.573701,1,0.46381,1,y1
7,2.5,4.97854,0,4.97854,0,0.651554,1,0.552681,1,y1
7,2.53854177203961,5.13684,0,5.13684,0,0.799737,1,0.715753,1,y1
7,2.56,5.22021,0,5.22021,0,0.87217,1,0.79288,1,y1
7,2.59547753387837,5.35127,0,5.35127,0,0.983202,1,0.908461,1,y1
7,2.65369028119432,5.54987,0,5.54987,0,1.15329,1,1.08158,1,y1
7,2.68,5.63362,0,5.63362,0,1.22777,1,1.15658,1,y1
7,2.71320865489534,5.73452,0,5.73452,0,1.32061,1,1.24977,1,y1
7,2.77406193826277,5.90679,0,5.90679,0,1.48835,1,1.41773,1,y1
7,2.8,5.9757,0,5.9757,0,1.55906,1,1.48847,1,y1
7,2.83628007135892,6.06795,0,6.06795,0,1.65721,1,1.58665,1,y1
7,2.8998936657577,6.2191,0,6.2191,0,1.82709,1,1.75655,1,y1
7,2.92,6.26428,0,6.26428,0,1.88024,1,1.80968,1,y1
7,2.96493401960567,6.36114,0,6.36114,0,1.99794,1,1.92739,1,y1
7,3,6.43303,0,6.43303,0,2.08884,1,2.01823,1,y1
7,3.0314331330208,6.49489,0,6.49489,0,2.16966,1,2.09898,1,y1
7,3.04,6.51134,0,6.51134,0,2.19156,1,2.12088,1,y1
7,3.09942372383669,6.62101,0,6.62101,0,2.34213,1,2.2713,1,y1
7,3.16,6.72534,0,6.72534,0,2.4933,1,2.42228,1,y1
7,3.16893924369988,6.74015,0,6.74015,0,2.51541,1,2.44435,1,y1
7,3.24001389452818,6.8529,0,6.8529,0,2.68943,1,2.61803,1,y1
7,3.28,6.91267,0,6.91267,0,2.78597,1,2.71437,1,y1
7,3.31268264533818,6.95969,0,6.95969,0,2.86414,1,2.79237,1,y1
7,3.38698124945011,7.06082,0,7.06082,0,3.03959,0,2.96733,1,y1
7,3.4,7.07774,0,7.07774,0,3.06998,0,2.99765,1,y1
7,3.46294626207863,7.15633,0,7.15633,0,3.2157,0,3.14282,0,y1
7,3.5,7.20021,0,7.20021,0,3.30037,0,3.22727,0,y1
7,3.52,7.22322,0,7.22322,0,3.34576,0,3.27248,0,y1
7,3.54061505831818,7.24648,0,7.24648,0,3.39237,0,3.31886,0,y1
7,3.62002585153162,7.332,0,7.332,0,3.56968,0,3.49548,0,y1
7,3.64,7.35254,0,7.35254,0,3.61376,0,3.53935,0,y1
7,3.70121771215141,7.41317,0,7.41317,0,3.74756,0,3.67253,0,y1
7,3.76,7.46818,0,7.46818,0,3.87423,0,3.79857,0,y1
7,3.78423058690238,7.48997,0,7.48997,0,3.92595,0,3.85001,0,y1
7,3.86910531845573,7.56222,0,7.56222,0,4.10486,0,4.02792,0,y1
7,3.88,7.57101,0,7.57101,0,4.12759,0,4.05051,0,y1
7,3.95588366552373,7.62921,0,7.62921,0,4.2844,0,4.20638,0,y1
7,4,7.66091,0,7.66091,0,4.37421,0,4.29568,0,y1
7,4.04460832340522,7.69157,0,7.69157,0,4.4641,0,4.38499,0,y1
7,4.12,7.74005,0,7.74005,0,4.61403,0,4.53387,0,y1
7,4.13532294499186,7.74935,0,7.74935,0,4.64419,0,4.56383,0,y1
7,4.22807216224552,7.80138,0,7.80138,0,4.82458,0,4.74291,0,y1
7,4.24,7.80758,0,7.80758,0,4.84751,0,4.76566,0,y1
7,4.32290160815741,7.84804,0,7.84804,0,5.00532,0,4.92221,0,y1
7,4.36,7.86453,0,7.86453,0,5.07497,0,4.99134,0,y1
7,4.41985793919965,7.88882,0,7.88882,0,5.18621,0,5.10161,0,y1
7,4.48,7.9107,0,7.9107,0,5.29659,0,5.21103,0,y1
7,4.5,7.91751,0,7.91751,0,5.33295,0,5.2471,0,y1
7,4.51898885828049,7.92373,0,7.92373,0,5.36732,0,5.28118,0,y1
7,4.6,7.94731,0,7.94731,0,5.51248,0,5.42498,0,y1
7,4.62034313821434,7.95242,0,7.95242,0,5.54854,0,5.46071,0,y1
7,4.72,7.97335,0,7.97335,0,5.72288,0,5.63341,0,y1
7,4.72397064571812,7.97404,0,7.97404,0,5.72975,0,5.64021,0,y1
7,4.82992236594598,7.98849,0,7.98849,0,5.91089,0,5.81956,0,y1
7,4.84,7.98948,0,7.98948,0,5.9279,0,5.8364,0,y1
7,4.93825042757415,7.99548,0,7.99548,0,6.09177,0,5.99861,0,y1
7,4.96,7.99595,0,7.99595,0,6.12757,0,6.03404,0,y1
7,5,7.99601,0,7.99601,0,6.19295,0,6.09876,0,y1
7,5.04900812844846,7.99465,0,7.99465,0,6.27222,0,6.17724,0,y1
7,5.08,7.99298,0,7.99298,0,6.32188,0,6.22638,0,y1
7,5.16224996180711,7.98565,0,7.98565,0,6.45194,0,6.35511,0,y1
7,5.2,7.98086,0,7.98086,0,6.51073,0,6.41334,0,y1
7,5.27803164309158,7.96833,0,7.96833,0,6.63047,0,6.53191,0,y1
7,5.32,7.96024,0,7.96024,0,6.69383,0,6.59469,0,y1
7,5.39641013735879,7.94313,0,7.94313,0,6.80719,0,6.7071,0,y1
7,5.44,7.93196,0,7.93196,0,6.87068,0,6.77009,0,y1
7,5.5,7.91497,0,7.91497,0,6.95655,0,6.85539,0,y1
7,5.51744368730824,7.90966,0,7.90966,0,6.98117,0,6.87987,0,y1
7,5.56,7.89606,0,7.89606,0,7.04054,0,6.93895,0,y1
7,5.64119184193756,7.86764,0,7.86764,0,7.15093,0,7.04902,0,y1
7,5.68,7.85293,0,7.85293,0,7.20224,0,7.10033,0,y1
7,5.7677154858409,7.81729,0,7.81729,0,7.31446,0,7.21283,0,y1
7,5.8,7.80331,0,7.80331,0,7.35431,0,7.25296,0,y1
7,5.8970768691644,7.75891,0,7.75891,0,7.46891,0,7.36892,0,y1
7,5.92,7.74792,0,7.74792,0,7.49473,0,7.39521,0,y1
7,6,7.7082,0,7.7082,0,7.58071,0,7.4833,0,y1
7,6.02933963823352,7.69311,0,7.69311,0,7.61056,0,7.51409,0,y1
7,6.04,7.68756,0,7.68756,0,7.62116,0,7.52507,0,y1
7,6.16,7.62284,0,7.62284,0,7.73116,0,7.64023,0,y1
7,6.16456886686726,7.6203,0,7.6203,0,7.73499,0,7.64429,0,y1
7,6.28,7.55446,0,7.55446,0,7.82255,0,7.73853,0,y1
7,6.30283108839477,7.54108,0,7.54108,0,7.83768,0,7.75518,0,y1
7,6.4,7.48298,0,7.48298,0,7.89388,0,7.81831,0,y1
7,6.44419432839,7.45598,0,7.45598,0,7.91496,0,7.84279,0,y1
7,6.5,7.42143,0,7.42143,0,7.93768,0,7.86991,0,y1
7,6.52,7.40894,0,7.40894,0,7.94477,0,7.87862,0,y1
7,6.58872813814059,7.36557,0,7.36557,0,7.96494,0,7.90447,0,y1
7,6.64,7.33283,0,7.33283,0,7.97597,0,7.91975,0,y1
7,6.73650362886733,7.27043,0,7.27043,0,7.98795,0,7.9396,0,y1
7,6.76,7.2551,0,7.2551,0,7.98924,0,7.94275,0,y1
7,6.88,7.17613,0,7.17613,0,7.98693,0,7.94958,0,y1
7,6.88759350671123,7.1711,0,7.1711,0,7.98632,0,7.94952,0,y1
7,7,7.09627,0,7.09627,0,7.97185,0,7.94266,0,y1
7,7.04207210850521,7.06811,0,7.06811,0,7.96403,0,7.93752,0,y1
7,7.12,7.01582,0,7.01582,0,7.9466,0,7.92471,0,y1
7,7.2000154383481,6.962,0,6.962,0,7.92523,0,7.90766,0,y1
7,7.24,6.93508,0,6.93508,0,7.9134,0,7.89787,0,y1
7,7.36,6.85429,0,6.85429,0,7.87383,0,7.86411,0,y1
7,7.361501204999,6.85328,0,6.85328,0,7.87331,0,7.86365,0,y1
7,7.48,6.77369,0,6.77369,0,7.82936,0,7.82486,0,y1
7,7.5,6.76029,0,6.76029,0,7.82158,0,7.81789,0,y1
7,7.5266088601103,6.74248,0,6.74248,0,7.81108,0,7.80843,0,y1
7,7.6,6.69349,0,6.69349,0,7.7814,0,7.7814,0,y1
7,7.6954196373182,6.63013,0,6.63013,0,7.74134,0,7.74446,0,y1
7,7.72,6.61389,0,6.61389,0,7.73077,0,7.73466,0,y1
7,7.84,6.53506,0,6.53506,0,7.67805,0,7.68544,0,y1
7,7.86801659220999,6.5168,0,6.5168,0,7.66552,0,7.67367,0,y1
7,7.96,6.4572,0,6.4572,0,7.6239,0,7.63438,0,y1
7,8,6.43148,0,6.43148,0,7.6056,0,7.61704,0,y1
7,8.04448464318775,6.40303,0,6.40303,0,7.58514,0,7.5976,0,y1
7,8.08,6.38043,0,6.38043,0,7.56872,0,7.58199,0,y1
7,8.2,6.30491,0,6.30491,0,7.51293,0,7.5288,0,y1
7,8.22491061324853,6.28941,0,6.28941,0,7.50131,0,7.51767,0,y1
7,8.32,6.23081,0,6.23081,0,7.45686,0,7.47499,0,y1
7,8.40938327270165,6.17663,0,6.17663,0,7.41506,0,7.43473,0,y1
7,8.44,6.15828,0,6.15828,0,7.40077,0,7.42093,0,y1
7,8.5,6.12264,0,6.12264,0,7.3728,0,7.3939,0,y1
7,8.56,6.08743,0,6.08743,0,7.34493,0,7.36693,0,y1
7,8.59799338284401,6.06538,0,6.06538,0,7.32734,0,7.34991,0,y1
7,8.68,6.01844,0,6.01844,0,7.28955,0,7.31329,0,y1
7,8.79083374061504,5.95645,0,5.95645,0,7.2389,0,7.26418,0,y1
7,8.8,5.9514,0,5.9514,0,7.23474,0,7.26014,0,y1
7,8.92,5.88645,0,5.88645,0,7.18072,0,7.20756,0,y1
7,8.98799922425316,5.85061,0,5.85061,0,7.15051,0,7.17807,0,y1
7,9,5.84436,0,5.84436,0,7.14521,0,7.17289,0,y1
7,9.04,5.8237,0,5.8237,0,7.12761,0,7.15568,0,y1
7,9.16,5.76324,0,5.76324,0,7.07555,0,7.10463,0,y1
7,9.18958683997628,5.7487,0,5.7487,0,7.06288,0,7.09218,0,y1
7,9.28,5.70514,0,5.70514,0,7.02458,0,7.05449,0,y1
7,9.39569576970923,5.65129,0,5.65129,0,6.97647,0,7.00548,0,y1
7,9.4,5.64933,0,5.64933,0,6.97471,0,7.00361,0,y1
7,9.5,5.60412,0,5.60412,0,6.93417,0,6.95866,0,y1
7,9.52,5.59514,0,5.59514,0,6.92618,0,6.94934,0,y1
7,9.60642741988167,5.55627,0,5.55627,0,6.89202,0,6.9078,0,y1
7,9.64,5.54109,0,5.54109,0,6.87889,0,6.89112,0,y1
7,9.76,5.48594,0,5.48594,0,6.83228,0,6.82908,0,y1
7,9.82188547132048,5.45687,0,5.45687,0,6.80821,0,6.79567,0,y1
7,9.88,5.42946,0,5.42946,0,6.7854,0,6.76345,0,y1
7,10,5.37401,0,5.37401,0,6.73677,0,6.6944,0,y1
7,10.0421759302611,5.3547,0,5.3547,0,6.71887,0,6.66934,0,y1
7,10.12,5.31831,0,5.31831,0,6.68413,0,6.62206,0,y1
7,10.24,5.25993,0,5.25993,0,6.62575,0,6.54655,0,y1
7,10.2674071805032,5.24709,0,5.24709,0,6.61168,0,6.52888,0,y1
7,10.36,5.20547,0,5.20547,0,6.56212,0,6.46799,0,y1
7,10.48,5.14956,0,5.14956,0,6.49425,0,6.38643,0,y1
7,10.4976900367357,5.14119,0,5.14119,0,6.48392,0,6.37414,0,y1
7,10.5,5.1401,0,5.1401,0,6.48257,0,6.37253,0,y1
7,10.6,5.0939,0,5.0939,0,6.4225,0,6.30189,0,y1
7,10.72,5.03984,0,5.03984,0,6.34675,0,6.21449,0,y1
7,10.7331377990581,5.03396,0,5.03396,0,6.3382,0,6.20478,0,y1
7,10.84,4.98581,0,4.98581,0,6.26685,0,6.12478,0,y1
7,10.96,4.93236,0,4.93236,0,6.18312,0,6.03259,0,y1
7,10.9738663087248,4.92632,0,4.92632,0,6.1732,0,6.02178,0,y1
7,11,4.91498,0,4.91498,0,6.15437,0,6.0013,0,y1
7,11.08,4.88051,0,4.88051,0,6.09563,0,5.93783,0,y1
7,11.2,4.8293,0,4.8293,0,6.00453,0,5.84056,0,y1
7,11.2199940051392,4.82082,0,4.82082,0,5.98898,0,5.82412,0,y1
7,11.32,4.77899,0,4.77899,0,5.90963,0,5.74094,0,y1
7,11.44,4.73031,0,4.73031,0,5.81094,0,5.63897,0,y1
7,11.4716419841266,4.71762,0,4.71762,0,5.78434,0,5.61172,0,y1
7,11.5,4.70631,0,4.70631,0,5.7603,0,5.58718,0,y1
7,11.56,4.68257,0,4.68257,0,5.70885,0,5.53487,0,y1
7,11.68,4.63601,0,4.63601,0,5.60345,0,5.42825,0,y1
7,11.7289340575137,4.61748,0,4.61748,0,5.55938,0,5.38371,0,y1
7,11.8,4.59098,0,4.59098,0,5.49401,0,5.31848,0,y1
7,11.92,4.54705,0,4.54705,0,5.38075,0,5.20858,0,y1
7,11.9919968140444,4.52132,0,4.52132,0,5.31171,0,5.14248,0,y1
7,12,4.5185,0,4.5185,0,5.304,0,5.13509,0,y1
7,12.04,4.50445,0,4.50445,0,5.26542,0,5.0979,0,y1
7,12.16,4.46311,0,4.46311,0,5.14876,0,4.9847,0,y1
7,12.2609596816623,4.4294,0,4.4294,0,5.04893,0,4.88702,0,y1
7,12.28,4.42315,0,4.42315,0,5.02987,0,4.86843,0,y1
7,12.4,4.38401,0,4.38401,0,4.90812,0,4.75024,0,y1
7,12.5,4.35124,0,4.35124,0,4.80388,0,4.6509,0,y1
7,12.52,4.34498,0,4.34498,0,4.78263,0,4.63094,0,y1
7,12.5359549911895,4.34016,0,4.34016,0,4.7656,0,4.61499,0,y1
7,12.64,4.30994,0,4.30994,0,4.65366,0,4.51021,0,y1
7,12.76,4.27479,0,4.27479,0,4.52352,0,4.38939,0,y1
7,12.817118041434,4.25847,0,4.25847,0,4.461,0,4.33157,0,y1
7,12.88,4.24144,0,4.24144,0,4.39166,0,4.26717,0,y1
7,13,4.20791,0,4.20791,0,4.25716,0,4.14283,0,y1
7,13.1045871657572,4.17809,0,4.17809,0,4.13851,0,4.0337,0,y1
7,13.12,4.17392,0,4.17392,0,4.12092,0,4.01752,0,y1
7,13.24,4.14218,0,4.14218,0,3.98221,0,3.89101,0,y1
7,13.36,4.1097,0,4.1097,0,3.84123,0,3.76316,0,y1
7,13.3985038001348,4.10061,0,4.10061,0,3.79615,0,3.72193,0,y1
7,13.48,4.08236,0,4.08236,0,3.69999,0,3.63434,0,y1
7,13.5,4.07781,0,4.07781,0,3.67615,0,3.61283,0,y1
7,13.6,4.05367,0,4.05367,0,3.55651,0,3.50493,0,y1
7,13.6990125527433,4.0288,0,4.0288,0,3.43754,0,3.3976,0,y1
7,13.72,4.02399,0,4.02399,0,3.41171,0,3.37465,0,y1
7,13.84,3.99788,0,3.99788,0,3.26291,0,3.24131,0,y1
7,13.96,3.97075,0,3.97075,0,3.11436,0,3.10839,0,y1
7,14,3.96186,0,3.96186,0,3.06418,0,3.06408,0,y1
7,14.0062612751082,3.96049,0,3.96049,0,3.05629,0,3.05713,0,y1
7,14.08,3.94505,0,3.94505,0,2.96385,1,2.97467,1,y1
7,14.2,3.918,0,3.918,0,2.81367,1,2.84012,1,y1
7,14.32,3.89161,0,3.89161,0,2.66143,1,2.70316,1,y1
7,14.3204011348476,3.89152,0,3.89152,0,2.66092,1,2.7027,1,y1
7,14.44,3.86567,0,3.86567,0,2.50684,1,2.56559,1,y1
7,14.5,3.85291,0,3.85291,0,2.42958,1,2.49664,1,y1
7,14.56,3.84024,0,3.84024,0,2.35158,1,2.42818,1,y1
7,14.6415866900469,3.82312,0,3.82312,0,2.24481,1,2.3344,1,y1
7,14.68,3.81511,0,3.81511,0,2.19498,1,2.28992,1,y1
7,14.8,3.79035,0,3.79035,0,2.03719,1,2.15145,1,y1
7,14.92,3.76579,0,3.76579,0,1.87873,1,2.01061,1,y1
7,14.9699759653024,3.75559,0,3.75559,0,1.81233,1,1.95209,1,y1
7,15,3.74948,0,3.74948,0,1.77223,1,1.91655,1,y1
7,15.04,3.74137,0,3.74137,0,1.71873,1,1.86902,1,y1
7,15.16,3.7172,0,3.7172,0,1.55759,1,1.72725,1,y1
7,15.28,3.69302,0,3.69302,0,1.39536,1,1.58446,1,y1
7,15.30573052947,3.68786,0,3.68786,0,1.36047,1,1.55375,1,y1
7,15.4,3.66909,0,3.66909,0,1.23187,1,1.44094,1,y1
7,15.5,3.64894,0,3.64894,0,1.09526,1,1.32074,1,y1
7,15.52,3.64483,0,3.64483,0,1.0678,1,1.29664,1,y1
7,15.64,3.62065,0,3.62065,0,0.902365,1,1.15148,1,y1
7,15.6490155751574,3.6189,0,3.6189,0,0.889945,1,1.14054,1,y1
7,15.76,3.59769,0,3.59769,0,0.736022,1,1.00572,1,y1
7,15.88,3.57422,0,3.57422,0,0.568498,1,0.859181,1,y1
7,16,3.55076,0,3.55076,0,0.40016,1,0.711928,1,y1
8,1,0,1,0,1,0,1,0,1,y1
8,1.02404791316671,0,1,0,1,0,1,0,1,y1
8,1.0486741284611,0,1,0,1,0,1,0,1,y1
8,1.07389255284251,0,1,0,1,0,1,0,1,y1
8,1.09971742770365,0,1,0,1,0,1,0,1,y1
8,1.12616333691299,0,1,0,1,0,1,0,1,y1
8,1.148,0,1,0,1,0,1,0,1,y1
8,1.15324521505061,0,1,0,1,0,1,0,1,y1
8,1.18097835584208,0,1,0,1,0,1,0,1,y1
8,1.20937842079513,0,1,0,1,0,1,0,1,y1
8,1.23846144804411,0,1,0,1,0,1,0,1,y1
8,1.268243861407,0,1,0,1,0,1,0,1,y1
8,1.296,0,1,0,1,0,1,0,1,y1
8,1.29874247966033,0,1,0,1,0,1,0,1,y1
8,1.32997452603713,0,1,0,1,0,1,0,1,y1
8,1.36195763795321,0,1,0,1,0,1,0,1,y1
8,1.39470987696745,0,1,0,1,0,1,0,1,y1
8,1.42824973898152,0,1,0,1,0,1,0,1,y1
8,1.444,0,1,0,1,0,1,0,1,y1
8,1.46259616468493,0,1,0,1,0,1,0,1,y1
8,1.49776855025124,0,1,0,1,0,1,0,1,y1
8,1.5,0,1,0,1,0,1,0,1,y1
8,1.53378675829152,0,1,0,1,0,1,0,1,y1
8,1.57067112907117,0,1,0,1,0,1,0,1,y1
8,1.592,0,1,0,1,0,1,0,1,y1
8,1.60844249199654,0,1,0,1,0,1,0,1,y1
8,1.64712217737772,0,1,0,1,0,1,0,1,y1
8,1.68673202847427,0,1,0,1,0,1,0,1,y1
8,1.72729441383054,0,1,0,1,0,1,0,1,y1
8,1.74,0,1,0,1,0,1,0,1,y1
8,1.76883223990768,0,1,0,1,0,1,0,1,y1
8,1.81136896401947,0,1,0,1,0,1,0,1,y1
8,1.85492860757909,0,1,0,1,0,1,0,1,y1
8,1.888,0,1,0,1,0,1,0,1,y1
8,1.8995357696646,0,1,0,1,0,1,0,1,y1
8,1.94521564091056,0,1,0,1,0,1,0,1,y1
8,1.99199401773371,0,1,0,1,0,1,0,1,y1
8,2,0.189146,1,0.189146,1,0,1,0,1,y1
8,2.036,1.04157,1,1.04157,1,0,1,0,1,y1
8,2.03989731690079,1.11482,1,1.11482,1,0,1,0,1,y1
8,2.08895259044663,1.90193,1,1.90193,1,0,1,0,1,y1
8,2.13918754095107,2.53239,1,2.53239,1,0,1,0,1,y1
8,2.184,2.99535,1,2.99535,1,0,1,0,1,y1
8,2.19063053718318,3.05756,0,3.05756,0,0,1,0,1,y1
8,2.24331063012171,3.50629,0,3.50629,0,0,1,0,1,y1
8,2.29725756936084,3.89767,0,3.89767,0,0,1,0,1,y1
8,2.332,4.12102,0,4.12102,0,0,1,0,1,y1
8,2.35250181991041,4.24388,0,4.24388,0,0.755425,1,0,1,y1
8,2.40907457940015,4.55366,0,4.55366,0,2.32669,1,0.77304,1,y1
8,2.4670077956977,4.8334,0,4.8334,0,3.29561,0,2.29167,1,y1
8,2.48,4.89169,0,4.89169,0,3.46759,0,2.53257,1,y1
8,2.5,4.97854,0,4.97854,0,3.70945,0,2.86225,1,y1
8,2.52633418495025,5.08793,0,5.08793,0,3.99293,0,3.23873,0,y1
8,2.58708725006003,5.321,0,5.321,0,4.53392,0,3.92321,0,y1
8,2.628,5.46458,0,5.46458,0,4.83308,0,4.28544,0,y1
8,2.64930129960419,5.53555,0,5.53555,0,4.97307,0,4.45205,0,y1
8,2.71301146720953,5.73394,0,5.73394,0,5.34109,0,4.8826,0,y1
8,2.776,5.91203,0,5.91203,0,5.64647,0,5.23275,0,y1
8,2.77825373139329,5.9181,0,5.9181,0,5.65651,0,5.24418,0,y1
8,2.84506493588093,6.0896,0,6.0896,0,5.93114,0,5.55443,0,y1
8,2.91348281041266,6.24977,0,6.24977,0,6.17359,0,5.82498,0,y1
8,2.924,6.27313,0,6.27313,0,6.20793,0,5.86308,0,y1
8,2.98354599205017,6.39969,0,6.39969,0,6.38957,0,6.06398,0,y1
8,3,6.43303,0,6.43303,0,6.43632,0,6.11545,0,y1
8,3.05529404699589,6.5403,0,6.5403,0,6.5839,0,6.27725,0,y1
8,3.072,6.57135,0,6.57135,0,6.62576,0,6.32302,0,y1
8,3.12876749293683,6.67244,0,6.67244,0,6.75966,0,6.46898,0,y1
8,3.20400782192581,6.79686,0,6.79686,0,6.91979,0,6.64248,0,y1
8,3.22,6.82202,0,6.82202,0,6.95149,0,6.6768,0,y1
8,3.28105752381295,6.91422,0,6.91422,0,7.06627,0,6.80065,0,y1
8,3.3599601102406,7.02495,0,7.02495,0,7.20058,0,6.94595,0,y1
8,3.368,7.03573,0,7.03573,0,7.21348,0,6.9599,0,y1
8,3.44076013921529,7.12924,0,7.12924,0,7.32481,0,7.07919,0,y1
8,3.5,7.20021,0,7.20021,0,7.40764,0,7.16739,0,y1
8,3.516,7.21866,0,7.21866,0,7.42918,0,7.18996,0,y1
8,3.52350324027063,7.22721,0,7.22721,0,7.43914,0,7.20039,0,y1
8,3.60823614023529,7.3197,0,7.3197,0,7.54496,0,7.31209,0,y1
8,3.664,7.37673,0,7.37673,0,7.60941,0,7.38011,0,y1
8,3.69500668962067,7.40718,0,7.40718,0,7.64345,0,7.41605,0,y1
8,3.78386388964309,7.48965,0,7.48965,0,7.73469,0,7.51257,0,y1
8,3.812,7.51432,0,7.51432,0,7.76181,0,7.54144,0,y1
8,3.87485791989589,7.56688,0,7.56688,0,7.81945,0,7.60281,0,y1
8,3.96,7.63223,0,7.63223,0,7.89156,0,7.67988,0,y1
8,3.9680401666869,7.63808,0,7.63808,0,7.89804,0,7.68683,0,y1
8,4,7.66091,0,7.66091,0,7.92327,0,7.71392,0,y1
8,4.06346325205742,7.7041,0,7.7041,0,7.97085,0,7.76543,0,y1
8,4.108,7.73263,0,7.73263,0,8.0024,0,7.79968,0,y1
8,4.16118106349903,7.76458,0,7.76458,0,8.03815,0,7.83871,0,y1
8,4.256,7.81574,0,7.81574,0,8.09693,0,7.90348,0,y1
8,4.26124878438503,7.81838,0,7.81838,0,8.10001,0,7.90689,0,y1
8,4.36372292513368,7.86612,0,7.86612,0,8.1567,0,7.97005,0,y1
8,4.404,7.88266,0,7.88266,0,8.17714,0,7.99313,0,y1
8,4.4686613551209,7.90674,0,7.90674,0,8.20801,0,8.02823,0,y1
8,4.5,7.91751,0,7.91751,0,8.22224,0,8.04443,0,y1
8,4.552,7.93395,0,7.93395,0,8.24445,0,8.07016,0,y1
8,4.57612333536029,7.9409,0,7.9409,0,8.2542,0,8.08164,0,y1
8,4.68616955196921,7.967,0,7.967,0,8.29497,0,8.13036,0,y1
8,4.7,7.9697,0,7.9697,0,8.29964,0,8.13607,0,y1
8,4.79886215043946,7.985,0,7.985,0,8.33044,0,8.17444,0,y1
8,4.848,7.99021,0,7.99021,0,8.34385,0,8.19195,0,y1
8,4.91426477073226,7.99461,0,7.99461,0,8.36007,0,8.2138,0,y1
8,4.996,7.99605,0,7.99605,0,8.37709,0,8.23821,0,y1
8,5,7.99601,0,7.99601,0,8.37784,0,8.23934,0,y1
8,5.03244258321707,7.99529,0,7.99529,0,8.38367,0,8.24818,0,y1
8,5.144,7.98763,0,7.98763,0,8.39989,0,8.27534,0,y1
8,5.15346232547475,7.98663,0,7.98663,0,8.40101,0,8.27744,0,y1
8,5.2773923399857,7.96845,0,7.96845,0,8.41184,0,8.30162,0,y1
8,5.292,7.96575,0,7.96575,0,8.41267,0,8.30408,0,y1
8,5.40430261272435,7.94118,0,7.94118,0,8.41594,0,8.32027,0,y1
8,5.44,7.93196,0,7.93196,0,8.41581,0,8.32443,0,y1
8,5.5,7.91497,0,7.91497,0,8.41441,0,8.33032,0,y1
8,5.53426481268179,7.90439,0,7.90439,0,8.41295,0,8.33307,0,y1
8,5.588,7.88661,0,7.88661,0,8.40966,0,8.33646,0,y1
8,5.66735233233876,7.8578,0,7.8578,0,8.40263,0,8.33937,0,y1
8,5.736,7.83054,0,7.83054,0,8.39436,0,8.33981,0,y1
8,5.80364032911202,7.80171,0,7.80171,0,8.38411,0,8.33832,0,y1
8,5.884,7.76509,0,7.76509,0,8.3694,0,8.33417,0,y1
8,5.94320576779734,7.73661,0,7.73661,0,8.35675,0,8.32952,0,y1
8,6,7.7082,0,7.7082,0,8.34327,0,8.32378,0,y1
8,6.032,7.69172,0,7.69172,0,8.33509,0,8.32001,0,y1
8,6.08612746403324,7.66314,0,7.66314,0,8.32031,0,8.31277,0,y1
8,6.18,7.61168,0,7.61168,0,8.29196,0,8.29765,0,y1
8,6.23248612880987,7.58193,0,7.58193,0,8.27466,0,8.2878,0,y1
8,6.328,7.5262,0,7.5262,0,8.24061,0,8.26741,0,y1
8,6.38236441404823,7.49365,0,7.49365,0,8.2198,0,8.25439,0,y1
8,6.476,7.43635,0,7.43635,0,8.18161,0,8.22963,0,y1
8,6.5,7.42143,0,7.42143,0,8.17135,0,8.22282,0,y1
8,6.53584695927559,7.399,0,7.399,0,8.1557,0,8.21228,0,y1
8,6.624,7.34308,0,7.34308,0,8.11557,0,8.18464,0,y1
8,6.69302043942318,7.29866,0,7.29866,0,8.0825,0,8.16131,0,y1
8,6.772,7.24725,0,7.24725,0,8.04299,0,8.13286,0,y1
8,6.85397361377347,7.19334,0,7.19334,0,8.00016,0,8.10136,0,y1
8,6.92,7.14959,0,7.14959,0,7.96436,0,8.07459,0,y1
8,7,7.09626,0,7.09626,0,7.91956,0,8.04052,0,y1
8,7.01879737608444,7.08369,0,7.08369,0,7.9088,0,8.03226,0,y1
8,7.068,7.05073,0,7.05073,0,7.88022,0,8.01022,0,y1
8,7.18758480591928,6.97036,0,6.97036,0,7.80844,0,7.95403,0,y1
8,7.216,6.95124,0,6.95124,0,7.79091,0,7.94014,0,y1
8,7.36043122121042,6.854,0,6.854,0,7.69915,0,7.86649,0,y1
8,7.364,6.8516,0,6.8516,0,7.69683,0,7.86461,0,y1
8,7.5,6.76029,0,6.76029,0,7.60646,0,7.79078,0,y1
8,7.512,6.75226,0,6.75226,0,7.59831,0,7.78407,0,y1
8,7.53743423208766,6.73524,0,6.73524,0,7.58095,0,7.76973,0,y1
8,7.66,6.6536,0,6.6536,0,7.49556,0,7.6987,0,y1
8,7.71869379600071,6.61475,0,6.61475,0,7.45368,0,7.66356,0,y1
8,7.808,6.55599,0,6.55599,0,7.3888,0,7.60883,0,y1
8,7.90431227416739,6.4932,0,6.4932,0,7.31731,0,7.54815,0,y1
8,7.956,6.45977,0,6.45977,0,7.27831,0,7.51485,0,y1
8,8,6.43148,0,6.43148,0,7.24477,0,7.48611,0,y1
8,8.09439448937916,6.3713,0,6.3713,0,7.17173,0,7.42327,0,y1
8,8.104,6.36522,0,6.36522,0,7.16421,0,7.41678,0,y1
8,8.252,6.27262,0,6.27262,0,7.04659,0,7.31496,0,y1
8,8.28904778519687,6.24978,0,6.24978,0,7.01663,0,7.2889,0,y1
8,8.4,6.18227,0,6.18227,0,6.92563,0,7.20945,0,y1
8,8.48838208657003,6.1295,0,6.1295,0,6.85171,0,7.14479,0,y1
8,8.5,6.12264,0,6.12264,0,6.84191,0,7.1362,0,y1
8,8.548,6.09444,0,6.09444,0,6.80118,0,7.10054,0,y1
8,8.69250996191376,6.01136,0,6.01136,0,6.67655,0,6.99119,0,y1
8,8.696,6.00939,0,6.00939,0,6.67351,0,6.98851,0,y1
8,8.844,5.92734,0,5.92734,0,6.5427,0,6.8731,0,y1
8,8.90154668667865,5.8963,0,5.8963,0,6.49101,0,6.82749,0,y1
8,8.992,5.84852,0,5.84852,0,6.40885,0,6.75483,0,y1
8,9,5.84436,0,5.84436,0,6.40153,0,6.74835,0,y1
8,9.11561030844935,5.78533,0,5.78533,0,6.29482,0,6.65366,0,y1
8,9.14,5.77315,0,5.77315,0,6.27208,0,6.63346,0,y1
8,9.288,5.70135,0,5.70135,0,6.13251,0,6.50932,0,y1
8,9.33482171360854,5.67936,0,5.67936,0,6.08781,0,6.46948,0,y1
8,9.436,5.63295,0,5.63295,0,5.99033,0,6.38251,0,y1
8,9.5,5.60411,0,5.60411,0,5.92809,0,6.32689,0,y1
8,9.55930469560415,5.57747,0,5.57747,0,5.87,0,6.27495,0,y1
8,9.584,5.56636,0,5.56636,0,5.84572,0,6.2532,0,y1
8,9.732,5.49894,0,5.49894,0,5.6989,0,6.12159,0,y1
8,9.7891860248582,5.47225,0,5.47225,0,5.64163,0,6.07015,0,y1
8,9.88,5.42946,0,5.42946,0,5.55016,0,5.98786,0,y1
8,10,5.37398,0,5.37398,0,5.42842,0,5.87803,0,y1
8,10.0245955203568,5.36272,0,5.36272,0,5.40335,0,5.85537,0,y1
8,10.028,5.36116,0,5.36116,0,5.39988,0,5.85223,0,y1
8,10.176,5.29101,0,5.29101,0,5.2485,0,5.71493,0,y1
8,10.2656661229618,5.24789,0,5.24789,0,5.15645,0,5.63119,0,y1
8,10.324,5.22152,0,5.22152,0,5.09654,0,5.57651,0,y1
8,10.472,5.15339,0,5.15339,0,4.94461,0,5.43719,0,y1
8,10.5,5.14014,0,5.14014,0,4.91592,0,5.41072,0,y1
8,10.5125339704852,5.13423,0,5.13423,0,4.90309,0,5.39886,0,y1
8,10.62,5.0848,0,5.0848,0,4.79346,0,5.29692,0,y1
8,10.7653384745696,5.01952,0,5.01952,0,4.6466,0,5.15897,0,y1
8,10.768,5.01832,0,5.01832,0,4.64393,0,5.15645,0,y1
8,10.916,4.95169,0,4.95169,0,4.49687,0,5.01639,0,y1
8,11,4.91495,0,4.91495,0,4.41482,0,4.93722,0,y1
8,11.0242223994163,4.90449,0,4.90449,0,4.39142,0,4.91446,0,y1
8,11.064,4.88737,0,4.88737,0,4.35326,0,4.8772,0,y1
8,11.212,4.82422,0,4.82422,0,4.21437,0,4.74002,0,y1
8,11.289331942408,4.79169,0,4.79169,0,4.14393,0,4.66922,0,y1
8,11.36,4.7626,0,4.7626,0,4.08104,0,4.60509,0,y1
8,11.5,4.70631,0,4.70631,0,3.96084,0,4.48024,0,y1
8,11.508,4.70313,0,4.70313,0,3.95416,0,4.4732,0,y1
8,11.5608168166693,4.68225,0,4.68225,0,3.91062,0,4.42696,0,y1
8,11.656,4.64522,0,4.64522,0,3.83461,0,4.34462,0,y1
8,11.804,4.58949,0,4.58949,0,3.72271,0,4.22012,0,y1
8,11.8388303356128,4.57665,0,4.57665,0,3.6976,0,4.19181,0,y1
8,11.952,4.53555,0,4.53555,0,3.61912,0,4.10173,0,y1
8,12,4.51849,0,4.51849,0,3.58726,0,4.06402,0,y1
8,12.1,4.48363,0,4.48363,0,3.52392,0,3.98707,0,y1
8,12.1235294995191,4.47555,0,4.47555,0,3.50956,0,3.96956,0,y1
8,12.248,4.43365,0,4.43365,0,3.43656,0,3.88249,0,y1
8,12.396,4.38542,0,4.38542,0,3.35769,0,3.78293,0,y1
8,12.4150750841976,4.37921,0,4.37921,0,3.34812,0,3.77062,0,y1
8,12.5,4.35135,0,4.35135,0,3.30718,0,3.71747,0,y1
8,12.544,4.33757,0,4.33757,0,3.28704,0,3.69092,0,y1
8,12.692,4.29475,0,4.29475,0,3.22412,0,3.60547,0,y1
8,12.7136317317806,4.28843,0,4.28843,0,3.21552,0,3.59345,0,y1
8,12.84,4.25201,0,4.25201,0,3.16832,0,3.52673,0,y1
8,12.988,4.21177,0,4.21177,0,3.11894,0,3.455,0,y1
8,13,4.20826,0,4.20826,0,3.11521,0,3.44945,0,y1
8,13.0193680437001,4.20257,0,4.20257,0,3.1093,0,3.44056,0,y1
8,13.136,4.16962,0,4.16962,0,3.0758,0,3.38939,0,y1
8,13.284,4.13042,0,4.13042,0,3.03838,0,3.33027,0,y1
8,13.3324566759004,4.11701,0,4.11701,0,3.02744,0,3.31219,0,y1
8,13.432,4.09261,0,4.09261,0,3.00596,0,3.27692,0,y1
8,13.5,4.07755,0,4.07755,0,2.99236,1,3.25424,0,y1
8,13.58,4.05882,0,4.05882,0,2.97769,1,3.22903,0,y1
8,13.6530744363415,4.04039,0,4.04039,0,2.96531,1,3.2073,0,y1
8,13.728,4.022,0,4.022,0,2.95358,1,3.18628,0,y1
8,13.876,3.9899,0,3.9899,0,2.93316,1,3.14816,0,y1
8,13.9814023848453,3.96602,0,3.96602,0,2.92059,1,3.12367,0,y1
8,14,3.96188,0,3.96188,0,2.91853,1,3.11957,0,y1
8,14.024,3.95663,0,3.95663,0,2.91593,1,3.11436,0,y1
8,14.172,3.92486,0,3.92486,0,2.90154,1,3.08452,0,y1
8,14.3176259353449,3.89227,0,3.89227,0,2.88978,1,3.05865,0,y1
8,14.32,3.89175,0,3.89175,0,2.8896,1,3.05825,0,y1
8,14.468,3.85978,0,3.85978,0,2.8798,1,3.03525,0,y1
8,14.5,3.85298,0,3.85298,0,2.87794,1,3.03067,0,y1
8,14.616,3.82855,0,3.82855,0,2.87186,1,3.0152,0,y1
8,14.6619349605916,3.81894,0,3.81894,0,2.86973,1,3.00953,0,y1
8,14.764,3.79778,0,3.79778,0,2.86549,1,2.99778,1,y1
8,14.912,3.76748,0,3.76748,0,2.86051,1,2.9826,1,y1
8,15,3.74953,0,3.74953,0,2.85812,1,2.9746,1,y1
8,15.0145238993799,3.74658,0,3.74658,0,2.85776,1,2.97335,1,y1
8,15.06,3.73737,0,3.73737,0,2.8567,1,2.96956,1,y1
8,15.208,3.70757,0,3.70757,0,2.85386,1,2.95842,1,y1
8,15.356,3.67787,0,3.67787,0,2.85178,1,2.94883,1,y1
8,15.3755918663517,3.67398,0,3.67398,0,2.85156,1,2.94765,1,y1
8,15.5,3.64899,0,3.64899,0,2.85041,1,2.94073,1,y1
8,15.504,3.64817,0,3.64817,0,2.85038,1,2.94052,1,y1
8,15.652,3.6184,0,3.6184,0,2.84955,1,2.93352,1,y1
8,15.7453427644406,3.60055,0,3.60055,0,2.84927,1,2.92971,1,y1
8,15.8,3.58996,0,3.58996,0,2.84917,1,2.92765,1,y1
8,15.948,3.5609,0,3.5609,0,2.84913,1,2.92259,1,y1
8,16,3.55074,0,3.55074,0,2.84917,1,2.92096,1,y1
8,16.096,3.53168,0,3.53168,0,2.84934,1,2.91822,1,y1
8,16.12398540002,3.52603,0,3.52603,0,2.84941,1,2.91749,1,y1
8,16.244,3.50175,0,3.50175,0,2.8498,1,2.91467,1,y1
8,16.392,3.47252,0,3.47252,0,2.85048,1,2.91185,1,y1
8,16.5,3.45105,0,3.45105,0,2.85114,1,2.91016,1,y1
8,16.5117336008211,3.44865,0,3.44865,0,2.85122,1,2.90999,1,y1
8,16.54,3.44293,0,3.44293,0,2.85141,1,2.9096,1,y1
8,16.688,3.41406,0,3.41406,0,2.85248,1,2.90771,1,y1
8,16.836,3.38439,0,3.38439,0,2.85316,1,2.90595,1,y1
8,16.9088063366855,3.36986,0,3.36986,0,2.85323,1,2.90519,1,y1
8,16.984,3.3548,0,3.3548,0,2.85325,1,2.90458,1,y1
8,17,3.35159,0,3.35159,0,2.85325,1,2.90447,1,y1
8,17.132,3.32505,0,3.32505,0,2.8535,1,2.90396,1,y1
8,17.28,3.29517,0,3.29517,0,2.85437,1,2.903,1,y1
8,17.3154278432229,3.288,0,3.288,0,2.85459,1,2.90257,1,y1
8,17.428,3.26519,0,3.26519,0,2.85516,1,2.90062,1,y1
8,17.5,3.25053,0,3.25053,0,2.85534,1,2.89938,1,y1
8,17.576,3.235,0,3.235,0,2.85534,1,2.89834,1,y1
8,17.724,3.2046,0,3.2046,0,2.85528,1,2.8975,1,y1
8,17.7318277484412,3.20299,0,3.20299,0,2.85529,1,2.89748,1,y1
8,17.872,3.17401,0,3.17401,0,2.85551,1,2.89724,1,y1
8,18,3.14744,0,3.14744,0,2.85592,1,2.89695,1,y1
8,18.02,3.14327,0,3.14327,0,2.85598,1,2.89687,1,y1
8,18.1582412024229,3.11438,0,3.11438,0,2.85644,1,2.89591,1,y1
8,18.168,3.11234,0,3.11234,0,2.85648,1,2.8958,1,y1
8,18.316,3.08124,0,3.08124,0,2.85643,1,2.89378,1,y1
8,18.464,3.04997,0,3.04997,0,2.85509,1,2.89185,1,y1
8,18.5,3.04234,0,3.04234,0,2.85478,1,2.89148,1,y1
8,18.594909010119,3.02219,0,3.02219,0,2.85436,1,2.89064,1,y1
8,18.612,3.01855,0,3.01855,0,2.85433,1,2.8905,1,y1
8,18.76,2.98695,1,2.98695,1,2.85392,1,2.88941,1,y1
8,18.908,2.95514,1,2.95514,1,2.85295,1,2.88838,1,y1
8,19,2.93526,1,2.93526,1,2.85216,1,2.88761,1,y1
8,19.0420777673373,2.92614,1,2.92614,1,2.85177,1,2.88721,1,y1
8,19.056,2.92312,1,2.92312,1,2.85164,1,2.88707,1,y1
8,19.204,2.89091,1,2.89091,1,2.85032,1,2.88551,1,y1
8,19.352,2.8585,1,2.8585,1,2.8489,1,2.88418,1,y1
8,19.5,2.8258,1,2.8258,1,2.8472,1,2.88276,1,y1
9,1,0,1,0,1,0,1,0,1,y1
9,1.02316176962892,0,1,0,1,0,1,0,1,y1
9,1.04686000683017,0,1,0,1,0,1,0,1,y1
9,1.0711071371421,0,1,0,1,0,1,0,1,y1
9,1.09591587390047,0,1,0,1,0,1,0,1,y1
9,1.12129922490442,0,1,0,1,0,1,0,1,y1
9,1.132,0,1,0,1,0,1,0,1,y1
9,1.14727049923674,0,1,0,1,0,1,0,1,y1
9,1.17384331424211,0,1,0,1,0,1,0,1,y1
9,1.20103160266703,0,1,0,1,0,1,0,1,y1
9,1.22884961996505,0,1,0,1,0,1,0,1,y1
9,1.25731195177126,0,1,0,1,0,1,0,1,y1
9,1.264,0,1,0,1,0,1,0,1,y1
9,1.28643352154987,0,1,0,1,0,1,0,1,y1
9,1.31622959841892,0,1,0,1,0,1,0,1,y1
9,1.34671580515626,0,1,0,1,0,1,0,1,y1
9,1.37790812639091,0,1,0,1,0,1,0,1,y1
9,1.396,0,1,0,1,0,1,0,1,y1
9,1.40982291698419,0,1,0,1,0,1,0,1,y1
9,1.44247691060494,0,1,0,1,0,1,0,1,y1
9,1.4758872285034,0,1,0,1,0,1,0,1,y1
9,1.5,0,1,0,1,0,1,0,1,y1
9,1.51007138848825,0,1,0,1,0,1,0,1,y1
9,1.528,0,1,0,1,0,1,0,1,y1
9,1.54504731411164,0,1,0,1,0,1,0,1,y1
9,1.58083334406686,0,1,0,1,0,1,0,1,y1
9,1.61744824180385,0,1,0,1,0,1,0,1,y1
9,1.6549112053672,0,1,0,1,0,1,0,1,y1
9,1.66,0,1,0,1,0,1,0,1,y1
9,1.69324187746223,0,1,0,1,0,1,0,1,y1
9,1.73246035575404,0,1,0,1,0,1,0,1,y1
9,1.77258720340524,0,1,0,1,0.539169,1,0,1,y1
9,1.792,0,1,0,1,1.36473,1,0,1,y1
9,1.81364345985768,0,1,0,1,2.03281,1,0.318104,1,y1
9,1.85565065186389,0,1,0,1,2.94985,1,1.98925,1,y1
9,1.89863080477411,0,1,0,1,3.61018,0,2.96203,1,y1
9,1.924,0,1,0,1,3.92189,0,3.38402,0,y1
9,1.94260645408465,0,1,0,1,4.12429,0,3.64836,0,y1
9,1.9876006572538,0,1,0,1,4.54447,0,4.17616,0,y1
9,2,0.189146,1,0.189146,1,4.64632,0,4.30043,0,y1
9,2.03363700579139,0.996091,1,0.996091,1,4.89917,0,4.60319,0,y1
9,2.056,1.39779,1,1.39779,1,5.05112,0,4.78121,0,y1
9,2.08073963762837,1.78421,1,1.78421,1,5.20621,0,4.96033,0,y1
9,2.12893324977287,2.4146,1,2.4146,1,5.47614,0,5.26547,0,y1
9,2.17824311125945,2.94012,1,2.94012,1,5.71376,0,5.53105,0,y1
9,2.188,3.03305,0,3.03305,0,5.75678,0,5.57912,0,y1
9,2.22869507639821,3.38921,0,3.38921,0,5.92436,0,5.76617,0,y1
9,2.28031559833084,3.78108,0,3.78108,0,6.11378,0,5.97655,0,y1
9,2.32,4.04613,0,4.04613,0,6.24494,0,6.12125,0,y1
9,2.33313174290061,4.12796,0,4.12796,0,6.28592,0,6.16628,0,y1
9,2.38717120284358,4.43845,0,4.43845,0,6.44341,0,6.33851,0,y1
9,2.44246231230862,4.71902,0,4.71902,0,6.58823,0,6.49577,0,y1
9,2.452,4.76415,0,4.76415,0,6.61174,0,6.5212,0,y1
9,2.49903406171362,4.97442,0,4.97442,0,6.72195,0,6.64006,0,y1
9,2.5,4.97854,0,4.97854,0,6.72411,0,6.64239,0,y1
9,2.55691611294585,5.20843,0,5.20843,0,6.84584,0,6.773,0,y1
9,2.584,5.30975,0,5.30975,0,6.89985,0,6.83073,0,y1
9,2.61613881491436,5.42397,0,5.42397,0,6.96097,0,6.89591,0,y1
9,2.67673321946267,5.62341,0,5.62341,0,7.06823,0,7.00989,0,y1
9,2.716,5.74277,0,5.74277,0,7.13269,0,7.07818,0,y1
9,2.73873109764993,5.80867,0,5.80867,0,7.16835,0,7.11589,0,y1
9,2.80216495640924,5.98133,0,5.98133,0,7.26197,0,7.21471,0,y1
9,2.848,6.09678,0,6.09678,0,7.32467,0,7.28074,0,y1
9,2.86706805559181,6.14271,0,6.14271,0,7.34963,0,7.30699,0,y1
9,2.93347442540585,6.29391,0,6.29391,0,7.43179,0,7.39323,0,y1
9,2.98,6.39241,0,6.39241,0,7.48528,0,7.44921,0,y1
9,3,6.43303,0,6.43303,0,7.50731,0,7.47225,0,y1
9,3.00141888425942,6.43587,0,6.43587,0,7.50885,0,7.47386,0,y1
9,3.07093705701651,6.56939,0,6.56939,0,7.5811,0,7.54927,0,y1
9,3.112,6.64326,0,6.64326,0,7.62091,0,7.59076,0,y1
9,3.14206539367602,6.69519,0,6.69519,0,7.64879,0,7.61979,0,y1
9,3.21484118848333,6.81395,0,6.81395,0,7.71214,0,7.68569,0,y1
9,3.244,6.85897,0,6.85897,0,7.73596,0,7.71045,0,y1
9,3.28930259948453,6.92622,0,6.92622,0,7.77132,0,7.74719,0,y1
9,3.36548866853358,7.03237,0,7.03237,0,7.82644,0,7.80447,0,y1
9,3.376,7.04636,0,7.04636,0,7.83364,0,7.81195,0,y1
9,3.44343934176288,7.13254,0,7.13254,0,7.87758,0,7.85766,0,y1
9,3.5,7.20021,0,7.20021,0,7.91156,0,7.89298,0,y1
9,3.508,7.20947,0,7.20947,0,7.91616,0,7.89776,0,y1
9,3.52319549052794,7.22686,0,7.22686,0,7.92477,0,7.90669,0,y1
9,3.60479893283718,7.31608,0,7.31608,0,7.96799,0,7.95143,0,y1
9,3.64,7.35254,0,7.35254,0,7.98512,0,7.96912,0,y1
9,3.68829245527811,7.40066,0,7.40066,0,8.00718,0,7.99187,0,y1
9,3.772,7.47904,0,7.47904,0,8.04152,0,8.02733,0,y1
9,3.77371983545133,7.48058,0,7.48058,0,8.04218,0,8.028,0,y1
9,3.86112586492412,7.55571,0,7.55571,0,8.07292,0,8.05969,0,y1
9,3.904,7.58998,0,7.58998,0,8.08621,0,8.07332,0,y1
9,3.95055637271574,7.62528,0,7.62528,0,8.09935,0,8.0868,0,y1
9,4,7.66091,0,7.66091,0,8.11183,0,8.09965,0,y1
9,4.036,7.68577,0,7.68577,0,8.11997,0,8.10809,0,y1
9,4.04205824932663,7.68986,0,7.68986,0,8.12126,0,8.10944,0,y1
9,4.13567947132419,7.74956,0,7.74956,0,8.1384,0,8.12751,0,y1
9,4.168,7.76849,0,7.76849,0,8.14311,0,8.13254,0,y1
9,4.23146912649803,7.80316,0,7.80316,0,8.15054,0,8.14061,0,y1
9,4.3,7.83733,0,7.83733,0,8.15589,0,8.14674,0,y1
9,4.32947743959785,7.85104,0,7.85104,0,8.15733,0,8.14855,0,y1
9,4.4297557986674,7.89257,0,7.89257,0,8.15842,0,8.15075,0,y1
9,4.432,7.89341,0,7.89341,0,8.15838,0,8.15073,0,y1
9,4.5,7.91751,0,7.91751,0,8.15601,0,8.14867,0,y1
9,4.53235678198848,7.92796,0,7.92796,0,8.15414,0,8.14676,0,y1
9,4.564,7.93746,0,7.93746,0,8.15186,0,8.14434,0,y1
9,4.63733418564895,7.95646,0,7.95646,0,8.14462,0,8.13668,0,y1
9,4.696,7.96893,0,7.96893,0,8.13683,0,8.12861,0,y1
9,4.74474305174925,7.97746,0,7.97746,0,8.1292,0,8.12066,0,y1
9,4.828,7.98829,0,7.98829,0,8.11366,0,8.10447,0,y1
9,4.85463969726226,7.99079,0,7.99079,0,8.10793,0,8.0986,0,y1
9,4.96,7.99595,0,7.99595,0,8.08224,0,8.07223,0,y1
9,4.96708174356163,7.99604,0,7.99604,0,8.08036,0,8.07028,0,y1
9,5,7.99601,0,7.99601,0,8.07131,0,8.06099,0,y1
9,5.082128146634,7.99284,0,7.99284,0,8.04674,0,8.03613,0,y1
9,5.092,7.99216,0,7.99216,0,8.04359,0,8.03298,0,y1
9,5.19983922799096,7.98088,0,7.98088,0,8.00675,0,7.99647,0,y1
9,5.224,7.97734,0,7.97734,0,7.99795,0,7.98771,0,y1
9,5.32027670629708,7.96018,0,7.96018,0,7.96105,0,7.95087,0,y1
9,5.356,7.95257,0,7.95257,0,7.94663,0,7.93648,0,y1
9,5.44350372973042,7.93102,0,7.93102,0,7.90978,0,7.89972,0,y1
9,5.488,7.91853,0,7.91853,0,7.89029,0,7.88027,0,y1
9,5.5,7.91497,0,7.91497,0,7.88495,0,7.87494,0,y1
9,5.56958490909258,7.89287,0,7.89287,0,7.85332,0,7.84338,0,y1
9,5.62,7.87536,0,7.87536,0,7.8297,0,7.81984,0,y1
9,5.69858635168566,7.84565,0,7.84565,0,7.79181,0,7.7821,0,y1
9,5.752,7.82391,0,7.82391,0,7.76537,0,7.75579,0,y1
9,5.83057569597389,7.7897,0,7.7897,0,7.72552,0,7.71618,0,y1
9,5.884,7.7651,0,7.7651,0,7.69783,0,7.68868,0,y1
9,5.96562214704798,7.72553,0,7.72553,0,7.65467,0,7.64585,0,y1
9,6,7.7082,0,7.7082,0,7.63621,0,7.62753,0,y1
9,6.016,7.7,0,7.7,0,7.62756,0,7.61895,0,y1
9,6.10379651291106,7.65364,0,7.65364,0,7.57951,0,7.57131,0,y1
9,6.148,7.62949,0,7.62949,0,7.55498,0,7.547,0,y1
9,6.24517124160489,7.57465,0,7.57465,0,7.50028,0,7.49286,0,y1
9,6.28,7.55446,0,7.55446,0,7.48045,0,7.47325,0,y1
9,6.38982045919606,7.48915,0,7.48915,0,7.41723,0,7.41079,0,y1
9,6.412,7.47569,0,7.47569,0,7.40434,0,7.39807,0,y1
9,6.5,7.42144,0,7.42144,0,7.35289,0,7.34729,0,y1
9,6.53782000864209,7.39776,0,7.39776,0,7.33063,0,7.32533,0,y1
9,6.544,7.39387,0,7.39387,0,7.32698,0,7.32173,0,y1
9,6.676,7.30967,0,7.30967,0,7.2486,0,7.2445,0,y1
9,6.68924748955757,7.30111,0,7.30111,0,7.24069,0,7.23671,0,y1
9,6.808,7.22364,0,7.22364,0,7.16943,0,7.16656,0,y1
9,6.84418229890151,7.19981,0,7.19981,0,7.14762,0,7.1451,0,y1
9,6.94,7.13629,0,7.13629,0,7.08965,0,7.08809,0,y1
9,7,7.09627,0,7.09627,0,7.05322,0,7.05229,0,y1
9,7.00270567260696,7.09446,0,7.09446,0,7.05157,0,7.05068,0,y1
9,7.072,7.04805,0,7.04805,0,7.00939,0,7.00923,0,y1
9,7.16490072817498,6.98563,0,6.98563,0,6.9527,0,6.95356,0,y1
9,7.204,6.95932,0,6.95932,0,6.9288,0,6.9301,0,y1
9,7.33085250825502,6.87391,0,6.87391,0,6.85115,0,6.85389,0,y1
9,7.336,6.87044,0,6.87044,0,6.84799,0,6.8508,0,y1
9,7.468,6.78174,0,6.78174,0,6.76707,0,6.77142,0,y1
9,7.5,6.7603,0,6.7603,0,6.74744,0,6.75217,0,y1
9,7.50064802523477,6.75986,0,6.75986,0,6.74705,0,6.75178,0,y1
9,7.6,6.69349,0,6.69349,0,6.68612,0,6.69205,0,y1
9,7.67437630686284,6.64407,0,6.64407,0,6.64053,0,6.64735,0,y1
9,7.732,6.60597,0,6.60597,0,6.60523,0,6.61276,0,y1
9,7.852128442928,6.52715,0,6.52715,0,6.53174,0,6.54074,0,y1
9,7.864,6.51941,0,6.51941,0,6.52449,0,6.53364,0,y1
9,7.996,6.43405,0,6.43405,0,6.44396,0,6.45473,0,y1
9,8,6.43148,0,6.43148,0,6.44153,0,6.45235,0,y1
9,8.03399763301975,6.40973,0,6.40973,0,6.42084,0,6.43208,0,y1
9,8.128,6.35006,0,6.35006,0,6.36373,0,6.37613,0,y1
9,8.22007923539501,6.29241,0,6.29241,0,6.30778,0,6.32151,0,y1
9,8.26,6.26768,0,6.26768,0,6.28343,0,6.29789,0,y1
9,8.392,6.18709,0,6.18709,0,6.20171,0,6.2201,0,y1
9,8.41047081697666,6.17597,0,6.17597,0,6.19009,0,6.20925,0,y1
9,8.5,6.12264,0,6.12264,0,6.13315,0,6.15682,0,y1
9,8.524,6.1085,0,6.1085,0,6.11771,0,6.14279,0,y1
9,8.60527220451018,6.06118,0,6.06118,0,6.06481,0,6.09534,0,y1
9,8.656,6.03209,0,6.03209,0,6.0313,0,6.0657,0,y1
9,8.788,5.95801,0,5.95801,0,5.94234,0,5.98806,0,y1
9,8.80458553690516,5.94888,0,5.94888,0,5.93099,0,5.97821,0,y1
9,8.92,5.88645,0,5.88645,0,5.85089,0,5.90857,0,y1
9,9,5.84436,0,5.84436,0,5.79428,0,5.85898,0,y1
9,9.00851531878903,5.83994,0,5.83994,0,5.7882,0,5.85365,0,y1
9,9.052,5.81755,0,5.81755,0,5.75702,0,5.8263,0,y1
9,9.184,5.75143,0,5.75143,0,5.66083,0,5.74289,0,y1
9,9.21716847530138,5.73527,0,5.73527,0,5.63632,0,5.72185,0,y1
9,9.316,5.68816,0,5.68816,0,5.56249,0,5.65833,0,y1
9,9.43065440815721,5.63539,0,5.63539,0,5.47548,0,5.5822,0,y1
9,9.448,5.62754,0,5.62754,0,5.46219,0,5.57051,0,y1
9,9.5,5.60413,0,5.60413,0,5.42216,0,5.5354,0,y1
9,9.58,5.5682,0,5.5682,0,5.36009,0,5.48181,0,y1
9,9.64908505300886,5.53699,0,5.53699,0,5.30605,0,5.43635,0,y1
9,9.712,5.50823,0,5.50823,0,5.25652,0,5.3943,0,y1
9,9.844,5.44643,0,5.44643,0,5.1518,0,5.30236,0,y1
9,9.87257493813646,5.43295,0,5.43295,0,5.12902,0,5.28254,0,y1
9,9.976,5.38499,0,5.38499,0,5.04637,0,5.21171,0,y1
9,10,5.37403,0,5.37403,0,5.02716,0,5.19521,0,y1
9,10.1012412444978,5.32724,0,5.32724,0,4.94612,0,5.12463,0,y1
9,10.108,5.32404,0,5.32404,0,4.94071,0,5.11989,0,y1
9,10.24,5.25992,0,5.25992,0,4.83542,0,5.02682,0,y1
9,10.3352038671689,5.21658,0,5.21658,0,4.76009,0,4.96068,0,y1
9,10.372,5.20008,0,5.20008,0,4.73112,0,4.93544,0,y1
9,10.5,5.14009,0,5.14009,0,4.63125,0,4.8473,0,y1
9,10.504,5.1382,0,5.1382,0,4.62815,0,4.84453,0,y1
9,10.5745854782082,5.10551,0,5.10551,0,4.57388,0,4.79591,0,y1
9,10.636,5.07757,0,5.07757,0,4.52728,0,4.75399,0,y1
9,10.768,5.01835,0,5.01835,0,4.43037,0,4.66601,0,y1
9,10.8195115909757,4.99508,0,4.99508,0,4.3941,0,4.63244,0,y1
9,10.9,4.9588,0,4.9588,0,4.33877,0,4.58022,0,y1
9,11,4.91499,0,4.91499,0,4.27174,0,4.51636,0,y1
9,11.032,4.90117,0,4.90117,0,4.25048,0,4.49638,0,y1
9,11.0701106259433,4.88476,0,4.88476,0,4.22533,0,4.47285,0,y1
9,11.164,4.84461,0,4.84461,0,4.16455,0,4.41635,0,y1
9,11.296,4.78891,0,4.78891,0,4.08434,0,4.33993,0,y1
9,11.326513978028,4.77632,0,4.77632,0,4.06708,0,4.32265,0,y1
9,11.428,4.73514,0,4.73514,0,4.01162,0,4.26675,0,y1
9,11.5,4.70631,0,4.70631,0,3.97352,0,4.22883,0,y1
9,11.56,4.68257,0,4.68257,0,3.94273,0,4.19828,0,y1
9,11.5888560854857,4.67126,0,4.67126,0,3.9283,0,4.18391,0,y1
9,11.692,4.63144,0,4.63144,0,3.87903,0,4.13412,0,y1
9,11.824,4.58212,0,4.58212,0,3.82054,0,4.07383,0,y1
9,11.8572745004004,4.56988,0,4.56988,0,3.80655,0,4.05942,0,y1
9,11.956,4.53412,0,4.53412,0,3.76669,0,4.01842,0,y1
9,12,4.5185,0,4.5185,0,3.74974,0,4.00088,0,y1
9,12.088,4.48777,0,4.48777,0,3.7177,0,3.96713,0,y1
9,12.1319099608055,4.47268,0,4.47268,0,3.70274,0,3.95096,0,y1
9,12.22,4.44296,0,4.44296,0,3.67426,0,3.91986,0,y1
9,12.352,4.39964,0,4.39964,0,3.63398,0,3.87662,0,y1
9,12.4129064644764,4.37972,0,4.37972,0,3.61607,0,3.85805,0,y1
9,12.484,4.35633,0,4.35633,0,3.59564,0,3.83754,0,y1
9,12.5,4.35122,0,4.35122,0,3.59114,0,3.83312,0,y1
9,12.616,4.31697,0,4.31697,0,3.56036,0,3.80303,0,y1
9,12.7004113444319,4.29232,0,4.29232,0,3.54112,0,3.78166,0,y1
9,12.748,4.27829,0,4.27829,0,3.53096,0,3.76948,0,y1
9,12.88,4.24153,0,4.24153,0,3.50335,0,3.73831,0,y1
9,12.9945753461841,4.20937,0,4.20937,0,3.48066,0,3.71397,0,y1
9,13,4.20777,0,4.20777,0,3.47966,0,3.71286,0,y1
9,13.012,4.20426,0,4.20426,0,3.47748,0,3.71042,0,y1
9,13.144,4.16755,0,4.16755,0,3.45427,0,3.68684,0,y1
9,13.276,4.13233,0,4.13233,0,3.43115,0,3.66539,0,y1
9,13.295552706778,4.12691,0,4.12691,0,3.42803,0,3.66196,0,y1
9,13.408,4.09866,0,4.09866,0,3.41082,0,3.64352,0,y1
9,13.5,4.07789,0,4.07789,0,3.39874,0,3.63058,0,y1
9,13.54,4.06845,0,4.06845,0,3.39397,0,3.62508,0,y1
9,13.6035012356615,4.05269,0,4.05269,0,3.38467,0,3.61651,0,y1
9,13.672,4.03532,0,4.03532,0,3.37435,0,3.60776,0,y1
9,13.804,4.00578,0,4.00578,0,3.35721,0,3.59351,0,y1
9,13.9185823974285,3.98013,0,3.98013,0,3.34317,0,3.58027,0,y1
9,13.936,3.97615,0,3.97615,0,3.34135,0,3.57805,0,y1
9,14,3.96186,0,3.96186,0,3.33457,0,3.57041,0,y1
9,14.068,3.94756,0,3.94756,0,3.3272,0,3.56312,0,y1
9,14.2,3.9179,0,3.9179,0,3.31357,0,3.54997,0,y1
9,14.2409613964788,3.90884,0,3.90884,0,3.31005,0,3.54563,0,y1
9,14.332,3.88893,0,3.88893,0,3.29961,0,3.53749,0,y1
9,14.464,3.86052,0,3.86052,0,3.28592,0,3.52599,0,y1
9,14.5,3.85288,0,3.85288,0,3.28282,0,3.523,0,y1
9,14.5708072636384,3.83794,0,3.83794,0,3.27714,0,3.51743,0,y1
9,14.596,3.83264,0,3.83264,0,3.27427,0,3.5154,0,y1
9,14.728,3.80514,0,3.80514,0,3.26016,0,3.50467,0,y1
9,14.86,3.77804,0,3.77804,0,3.2469,0,3.49442,0,y1
9,14.9082929447861,3.76817,0,3.76817,0,3.24276,0,3.49053,0,y1
9,14.992,3.75109,0,3.75109,0,3.23533,0,3.48439,0,y1
9,15,3.74946,0,3.74946,0,3.23463,0,3.48382,0,y1
9,15.124,3.72443,0,3.72443,0,3.22357,0,3.47456,0,y1
9,15.2535953915336,3.69832,0,3.69832,0,3.21189,0,3.4653,0,y1
9,15.256,3.69783,0,3.69783,0,3.21168,0,3.46513,0,y1
9,15.388,3.67147,0,3.67147,0,3.19983,0,3.45556,0,y1
9,15.5,3.64893,0,3.64893,0,3.18978,0,3.44751,0,y1
9,15.52,3.64482,0,3.64482,0,3.18798,0,3.44617,0,y1
9,15.606895654005,3.62715,0,3.62715,0,3.18015,0,3.44069,0,y1
9,15.652,3.61829,0,3.61829,0,3.17609,0,3.43754,0,y1
9,15.784,3.59305,0,3.59305,0,3.16421,0,3.42825,0,y1
9,15.916,3.56715,0,3.56715,0,3.15226,0,3.41782,0,y1
9,15.9683789757655,3.55693,0,3.55693,0,3.14749,0,3.41435,0,y1
9,16,3.55079,0,3.55079,0,3.14461,0,3.41262,0,y1
9,16.048,3.54146,0,3.54146,0,3.14024,0,3.4096,0,y1
9,16.18,3.51563,0,3.51563,0,3.12815,0,3.39995,0,y1
9,16.312,3.48893,0,3.48893,0,3.11599,0,3.39041,0,y1
9,16.3382348909494,3.48359,0,3.48359,0,3.11357,0,3.38851,0,y1
9,16.444,3.46244,0,3.46244,0,3.10375,0,3.38171,0,y1
9,16.5,3.45141,0,3.45141,0,3.09852,0,3.37713,0,y1
9,16.576,3.43641,0,3.43641,0,3.09139,0,3.37125,0,y1
9,16.708,3.40977,0,3.40977,0,3.0789,0,3.36167,0,y1
9,16.7166573236367,3.40797,0,3.40797,0,3.07807,0,3.36102,0,y1
9,16.84,3.38342,0,3.38342,0,3.06631,0,3.35239,0,y1
9,16.972,3.35724,0,3.35724,0,3.05362,0,3.34207,0,y1
9,17,3.35158,0,3.35158,0,3.05092,0,3.33996,0,y1
9,17.1038446895323,3.33066,0,3.33066,0,3.04086,0,3.33209,0,y1
9,17.104,3.33063,0,3.33063,0,3.04085,0,3.33207,0,y1
9,17.236,3.30405,0,3.30405,0,3.02798,0,3.32221,0,y1
9,17.368,3.27732,0,3.27732,0,3.015,0,3.31188,0,y1
9,17.5,3.25051,0,3.25051,0,3.00188,0,3.30147,0,y1
10,1,0,1,0,1,0,1,0,1,y1
10,1.02268025616674,0,1,0,1,0,1,0,1,y1
10,1.04587490635328,0,1,0,1,0,1,0,1,y1
10,1.06959561714774,0,1,0,1,0,1,0,1,y1
10,1.09385431973947,0,1,0,1,0,1,0,1,y1
10,1.11866321592026,0,1,0,1,0,1,0,1,y1
10,1.124,0,1,0,1,0,1,0,1,y1
10,1.14403478422165,0,1,0,1,0,1,0,1,y1
10,1.16998178619146,0,1,0,1,0,1,0,1,y1
10,1.19651727281271,0,1,0,1,0,1,0,1,y1
10,1.22365459106803,0,1,0,1,0,1,0,1,y1
10,1.248,0,1,0,1,0,1,0,1,y1
10,1.25140739065307,0,1,0,1,0,1,0,1,y1
10,1.27978963084203,0,1,0,1,0,1,0,1,y1
10,1.30881558750907,0,1,0,1,0,1,0,1,y1
10,1.33849986030881,0,1,0,1,0,1,0,1,y1
10,1.36885738001976,0,1,0,1,0,1,0,1,y1
10,1.372,0,1,0,1,0,1,0,1,y1
10,1.39990341605435,0,1,0,1,1.13761,1,0,1,y1
10,1.43165358413916,0,1,0,1,2.51273,1,1.15833,1,y1
10,1.46412385416947,0,1,0,1,3.39722,0,2.54737,1,y1
10,1.496,0,1,0,1,4.02652,0,3.40875,0,y1
10,1.49733055824187,0,1,0,1,4.04936,0,3.43874,0,y1
10,1.5,0,1,0,1,4.09449,0,3.49778,0,y1
10,1.53129039886909,0,1,0,1,4.56472,0,4.09502,0,y1
10,1.56602045738112,0,1,0,1,4.9898,0,4.61102,0,y1
10,1.60153820251688,0,1,0,1,5.35085,0,5.03567,0,y1
10,1.62,0,1,0,1,5.51625,0,5.22656,0,y1
10,1.63786149921079,0,1,0,1,5.66439,0,5.39596,0,y1
10,1.67500861757854,0,1,0,1,5.94091,0,5.70871,0,y1
10,1.71299824210672,0,1,0,1,6.18767,0,5.98428,0,y1
10,1.744,0,1,0,1,6.36731,0,6.183,0,y1
10,1.75184948105088,0,1,0,1,6.41012,0,6.23013,0,y1
10,1.79158187604669,0,1,0,1,6.61234,0,6.4517,0,y1
10,1.83221541193913,0,1,0,1,6.79741,0,6.65303,0,y1
10,1.868,0,1,0,1,6.94514,0,6.81279,0,y1
10,1.87377052683456,0,1,0,1,6.96777,0,6.83719,0,y1
10,1.91626812238086,0,1,0,1,7.12532,0,7.00661,0,y1
10,1.95972957428063,0,1,0,1,7.27161,0,7.16321,0,y1
10,1.992,0,1,0,1,7.37179,0,7.27009,0,y1
10,2,0.189146,1,0.189146,1,7.39562,0,7.29546,0,y1
10,2.00417674304285,0.316917,1,0.316917,1,7.4079,0,7.30854,0,y1
10,2.04963198497849,1.28933,1,1.28933,1,7.53524,0,7.44386,0,y1
10,2.09611816344536,2.00085,1,2.00085,1,7.65445,0,7.5702,0,y1
10,2.116,2.25862,1,2.25862,1,7.70239,0,7.62089,0,y1
10,2.14365866034806,2.58224,1,2.58224,1,7.76629,0,7.68837,0,y1
10,2.19227738789881,3.07279,0,3.07279,0,7.87132,0,7.79908,0,y1
10,2.24,3.48022,0,3.48022,0,7.96625,0,7.8989,0,y1
10,2.24199880064492,3.49599,0,3.49599,0,7.97006,0,7.90291,0,y1
10,2.29284790776908,3.86785,0,3.86785,0,8.06283,0,8.00037,0,y1
10,2.34485028566866,4.19875,0,4.19875,0,8.14984,0,8.09186,0,y1
10,2.364,4.31016,0,4.31016,0,8.18,0,8.12362,0,y1
10,2.39803209082029,4.49627,0,4.49627,0,8.23126,0,8.17765,0,y1
10,2.45242007293616,4.76611,0,4.76611,0,8.30735,0,8.25786,0,y1
10,2.488,4.92684,0,4.92684,0,8.35347,0,8.30649,0,y1
10,2.5,4.97854,0,4.97854,0,8.36839,0,8.32224,0,y1
10,2.50804158841882,5.01252,0,5.01252,0,8.37822,0,8.33261,0,y1
10,2.564924614121,5.23889,0,5.23889,0,8.44381,0,8.40197,0,y1
10,2.612,5.40961,0,5.40961,0,8.49312,0,8.45426,0,y1
10,2.62309776141765,5.4479,0,5.4479,0,8.5041,0,8.46594,0,y1
10,2.68259029059702,5.64168,0,5.64168,0,8.55883,0,8.52435,0,y1
10,2.736,5.80087,0,5.80087,0,8.60203,0,8.5708,0,y1
10,2.74343212557818,5.82202,0,5.82202,0,8.60761,0,8.57682,0,y1
10,2.80565386896236,5.99038,0,5.99038,0,8.65038,0,8.6232,0,y1
10,2.86,6.12583,0,6.12583,0,8.68192,0,8.65792,0,y1
10,2.86928681742564,6.14798,0,6.14798,0,8.68677,0,8.66332,0,y1
10,2.93436297746072,6.29585,0,6.29585,0,8.71664,0,8.69699,0,y1
10,2.984,6.40062,0,6.40062,0,8.73487,0,8.71795,0,y1
10,3,6.43303,0,6.43303,0,8.73993,0,8.72386,0,y1
10,3.00091508147573,6.43486,0,6.43486,0,8.74021,0,8.72418,0,y1
10,3.06897660425825,6.56577,0,6.56577,0,8.75735,0,8.74471,0,y1
10,3.108,6.63622,0,6.63622,0,8.76408,0,8.75333,0,y1
10,3.13858177981257,6.68926,0,6.68926,0,8.76777,0,8.75853,0,y1
10,3.20976561857899,6.80597,0,6.80597,0,8.77133,0,8.76543,0,y1
10,3.232,6.84062,0,6.84062,0,8.77113,0,8.76616,0,y1
10,3.28256392504357,6.91642,0,6.91642,0,8.76846,0,8.76545,0,y1
10,3.356,7.0196,0,7.0196,0,8.7595,0,8.75908,0,y1
10,3.35701331574726,7.02097,0,7.02097,0,8.75934,0,8.75895,0,y1
10,3.43315123770358,7.11979,0,7.11979,0,8.74436,0,8.74629,0,y1
10,3.48,7.17673,0,7.17673,0,8.73263,0,8.73579,0,y1
10,3.5,7.20021,0,7.20021,0,8.72711,0,8.73075,0,y1
10,3.51101598723387,7.21294,0,7.21294,0,8.72393,0,8.72783,0,y1
10,3.59064672922987,7.30108,0,7.30108,0,8.69855,0,8.70414,0,y1
10,3.604,7.31524,0,7.31524,0,8.6939,0,8.69975,0,y1
10,3.67208351685308,7.38475,0,7.38475,0,8.66869,0,8.67574,0,y1
10,3.728,7.43862,0,7.43862,0,8.6463,0,8.65421,0,y1
10,3.75536731168098,7.46396,0,7.46396,0,8.63485,0,8.64315,0,y1
10,3.84054000431012,7.53863,0,7.53863,0,8.59745,0,8.60681,0,y1
10,3.852,7.54819,0,7.54819,0,8.59223,0,8.60172,0,y1
10,3.9276444354265,7.60814,0,7.60814,0,8.55688,0,8.56715,0,y1
10,3.976,7.64383,0,7.64383,0,8.53353,0,8.54424,0,y1
10,4,7.66091,0,7.66091,0,8.52175,0,8.53266,0,y1
10,4.01672441735386,7.67257,0,7.67257,0,8.51348,0,8.52452,0,y1
10,4.1,7.72762,0,7.72762,0,8.47154,0,8.48318,0,y1
10,4.10782475609066,7.73252,0,7.73252,0,8.46754,0,8.47924,0,y1
10,4.20099127384688,7.78691,0,7.78691,0,8.41931,0,8.43156,0,y1
10,4.224,7.79924,0,7.79924,0,8.40724,0,8.41961,0,y1
10,4.29627083209198,7.83555,0,7.83555,0,8.36897,0,8.3817,0,y1
10,4.348,7.85931,0,7.85931,0,8.3413,0,8.35426,0,y1
10,4.39371135512554,7.87856,0,7.87856,0,8.31669,0,8.32983,0,y1
10,4.472,7.90791,0,7.90791,0,8.27424,0,8.28766,0,y1
10,4.49336185418252,7.91528,0,7.91528,0,8.2626,0,8.2761,0,y1
10,4.5,7.91751,0,7.91751,0,8.25897,0,8.2725,0,y1
10,4.59527245208525,7.94607,0,7.94607,0,8.20678,0,8.22061,0,y1
10,4.596,7.94627,0,7.94627,0,8.20638,0,8.22021,0,y1
10,4.69949440845452,7.9696,0,7.9696,0,8.14932,0,8.16345,0,y1
10,4.72,7.97335,0,7.97335,0,8.13798,0,8.15216,0,y1
10,4.80608014549245,7.98587,0,7.98587,0,8.09028,0,8.10468,0,y1
10,4.844,7.98985,0,7.98985,0,8.06922,0,8.08372,0,y1
10,4.91508327435011,7.99465,0,7.99465,0,8.02968,0,8.04435,0,y1
10,4.968,7.99605,0,7.99605,0,8.00021,0,8.01501,0,y1
10,5,7.99601,0,7.99601,0,7.98238,0,7.99725,0,y1
10,5.02655862209325,7.99547,0,7.99547,0,7.96757,0,7.9825,0,y1
10,5.092,7.99216,0,7.99216,0,7.93106,0,7.94614,0,y1
10,5.14056225927948,7.98798,0,7.98798,0,7.90396,0,7.91914,0,y1
10,5.216,7.97855,0,7.97855,0,7.86185,0,7.87719,0,y1
10,5.25715152816103,7.97199,0,7.97199,0,7.83887,0,7.8543,0,y1
10,5.34,7.95606,0,7.95606,0,7.79261,0,7.80821,0,y1
10,5.37638507152711,7.94793,0,7.94793,0,7.7723,0,7.78797,0,y1
10,5.464,7.9254,0,7.9254,0,7.7234,0,7.73925,0,y1
10,5.4983228622004,7.91547,0,7.91547,0,7.70425,0,7.72017,0,y1
10,5.5,7.91497,0,7.91497,0,7.70332,0,7.71924,0,y1
10,5.588,7.88661,0,7.88661,0,7.65425,0,7.67034,0,y1
10,5.62302623320257,7.87427,0,7.87427,0,7.63473,0,7.65089,0,y1
10,5.712,7.8403,0,7.8403,0,7.58519,0,7.60152,0,y1
10,5.75055790860392,7.82451,0,7.82451,0,7.56374,0,7.58014,0,y1
10,5.836,7.78725,0,7.78725,0,7.51625,0,7.53281,0,y1
10,5.88098203507275,7.76651,0,7.76651,0,7.49128,0,7.50792,0,y1
10,5.96,7.72832,0,7.72832,0,7.44746,0,7.46425,0,y1
10,6,7.7082,0,7.7082,0,7.4253,0,7.44216,0,y1
10,6.01436421414021,7.70084,0,7.70084,0,7.41735,0,7.43424,0,y1
10,6.084,7.66428,0,7.66428,0,7.37884,0,7.39585,0,y1
10,6.15077153519701,7.62795,0,7.62795,0,7.34196,0,7.3591,0,y1
10,6.208,7.59589,0,7.59589,0,7.31041,0,7.32765,0,y1
10,6.29027260923839,7.54845,0,7.54845,0,7.26513,0,7.28252,0,y1
10,6.332,7.52383,0,7.52383,0,7.24221,0,7.25966,0,y1
10,6.43293760337457,7.46289,0,7.46289,0,7.18688,0,7.20451,0,y1
10,6.456,7.44871,0,7.44871,0,7.17426,0,7.19193,0,y1
10,6.5,7.42143,0,7.42143,0,7.15021,0,7.16796,0,y1
10,6.57883827612378,7.37185,0,7.37185,0,7.10721,0,7.1251,0,y1
10,6.58,7.37111,0,7.37111,0,7.10658,0,7.12447,0,y1
10,6.704,7.29155,0,7.29155,0,7.03922,0,7.05733,0,y1
10,6.72804801350584,7.27593,0,7.27593,0,7.0262,0,7.04435,0,y1
10,6.828,7.21048,0,7.21048,0,6.9722,0,6.99053,0,y1
10,6.8806418659543,7.1757,0,7.1757,0,6.94386,0,6.96229,0,y1
10,6.952,7.12829,0,7.12829,0,6.90558,0,6.92413,0,y1
10,7,7.09626,0,7.09626,0,6.87991,0,6.89853,0,y1
10,7.03669658606576,7.07171,0,7.07171,0,6.86032,0,6.87901,0,y1
10,7.076,7.04536,0,7.04536,0,6.83938,0,6.85815,0,y1
10,7.19629066720539,6.9645,0,6.9645,0,6.77562,0,6.79462,0,y1
10,7.2,6.96201,0,6.96201,0,6.77366,0,6.79267,0,y1
10,7.324,6.87851,0,6.87851,0,6.70846,0,6.72771,0,y1
10,7.35950438298795,6.85462,0,6.85462,0,6.6899,0,6.70922,0,y1
10,7.448,6.79515,0,6.79515,0,6.64388,0,6.66333,0,y1
10,7.5,6.76029,0,6.76029,0,6.61701,0,6.63653,0,y1
10,7.52641982765439,6.74261,0,6.74261,0,6.60339,0,6.62295,0,y1
10,7.572,6.71215,0,6.71215,0,6.57998,0,6.59962,0,y1
10,7.696,6.62975,0,6.62975,0,6.51673,0,6.5366,0,y1
10,7.69712095736404,6.629,0,6.629,0,6.51616,0,6.53603,0,y1
10,7.82,6.54813,0,6.54813,0,6.45421,0,6.47437,0,y1
10,7.87169363242347,6.5144,0,6.5144,0,6.42841,0,6.44867,0,y1
10,7.944,6.46751,0,6.46751,0,6.39265,0,6.41299,0,y1
10,8,6.43148,0,6.43148,0,6.36521,0,6.38557,0,y1
10,8.05022566047296,6.39937,0,6.39937,0,6.34077,0,6.36116,0,y1
10,8.068,6.38805,0,6.38805,0,6.33216,0,6.35256,0,y1
10,8.192,6.3099,0,6.3099,0,6.27255,0,6.29318,0,y1
10,8.23280684065258,6.28451,0,6.28451,0,6.25312,0,6.27389,0,y1
10,8.316,6.23326,0,6.23326,0,6.21384,0,6.23494,0,y1
10,8.41952900876989,6.17053,0,6.17053,0,6.16581,0,6.18717,0,y1
10,8.44,6.15828,0,6.15828,0,6.15646,0,6.17781,0,y1
10,8.5,6.12264,0,6.12264,0,6.12933,0,6.15054,0,y1
10,8.564,6.0851,0,6.0851,0,6.10074,0,6.12179,0,y1
10,8.61048608349212,6.05818,0,6.05818,0,6.08016,0,6.10114,0,y1
10,8.688,6.01391,0,6.01391,0,6.04609,0,6.06719,0,y1
10,8.8057741135859,5.94823,0,5.94823,0,5.99484,0,6.01698,0,y1
10,8.812,5.94481,0,5.94481,0,5.99216,0,6.01438,0,y1
10,8.936,5.87795,0,5.87795,0,5.94008,0,5.96352,0,y1
10,9,5.84436,0,5.84436,0,5.91445,0,5.93792,0,y1
10,9.00549132622851,5.84151,0,5.84151,0,5.91228,0,5.93574,0,y1
10,9.06,5.81346,0,5.81346,0,5.89097,0,5.91422,0,y1
10,9.184,5.75143,0,5.75143,0,5.84309,0,5.86563,0,y1
10,9.20973817641476,5.73888,0,5.73888,0,5.83324,0,5.85564,0,y1
10,9.308,5.69191,0,5.69191,0,5.79637,0,5.81832,0,y1
10,9.41861739748448,5.64084,0,5.64084,0,5.75687,0,5.77874,0,y1
10,9.432,5.63476,0,5.63476,0,5.75222,0,5.77415,0,y1
10,9.5,5.60411,0,5.60411,0,5.72893,0,5.75136,0,y1
10,9.556,5.57896,0,5.57896,0,5.71014,0,5.73307,0,y1
10,9.63223405279597,5.54458,0,5.54458,0,5.68519,0,5.70837,0,y1
10,9.68,5.52285,0,5.52285,0,5.66992,0,5.69272,0,y1
10,9.804,5.46528,0,5.46528,0,5.63169,0,5.65286,0,y1
10,9.85069558857141,5.44327,0,5.44327,0,5.6179,0,5.63854,0,y1
10,9.928,5.407,0,5.407,0,5.59592,0,5.61649,0,y1
10,10,5.37398,0,5.37398,0,5.57628,0,5.59732,0,y1
10,10.052,5.35013,0,5.35013,0,5.56253,0,5.58393,0,y1
10,10.0741118879408,5.33989,0,5.33989,0,5.55678,0,5.57827,0,y1
10,10.176,5.29101,0,5.29101,0,5.53122,0,5.55279,0,y1
10,10.3,5.23228,0,5.23228,0,5.5022,0,5.5238,0,y1
10,10.3025953262118,5.23112,0,5.23112,0,5.50162,0,5.52322,0,y1
10,10.424,5.17605,0,5.17605,0,5.47565,0,5.49737,0,y1
10,10.5,5.14014,0,5.14014,0,5.46062,0,5.48249,0,y1
10,10.5362608273925,5.12316,0,5.12316,0,5.45376,0,5.47569,0,y1
10,10.548,5.11773,0,5.11773,0,5.45158,0,5.47352,0,y1
10,10.672,5.06132,0,5.06132,0,5.42969,0,5.45153,0,y1
10,10.7752259219974,5.01508,0,5.01508,0,5.41319,0,5.43495,0,y1
10,10.796,5.00573,0,5.00573,0,5.41007,0,5.43185,0,y1
10,10.92,4.94992,0,4.94992,0,5.39279,0,5.41483,0,y1
10,11,4.91495,0,4.91495,0,5.38278,0,5.40494,0,y1
10,11.0196108061629,4.90648,0,4.90648,0,5.38041,0,5.40257,0,y1
10,11.044,4.89597,0,4.89597,0,5.37747,0,5.39963,0,y1
10,11.168,4.84291,0,4.84291,0,5.3621,0,5.38379,0,y1
10,11.2695384021044,4.79996,0,4.79996,0,5.34766,0,5.3693,0,y1
10,11.292,4.79057,0,4.79057,0,5.34406,0,5.36591,0,y1
10,11.416,4.73994,0,4.73994,0,5.321,0,5.34548,0,y1
10,11.5,4.70631,0,4.70631,0,5.30275,0,5.32966,0,y1
10,11.5251344199451,4.69633,0,4.69633,0,5.29694,0,5.32454,0,y1
10,11.54,4.69046,0,4.69046,0,5.29342,0,5.32141,0,y1
10,11.664,4.64214,0,4.64214,0,5.26171,0,5.29171,0,y1
10,11.7865274209456,4.59595,0,4.59595,0,5.22642,0,5.25552,0,y1
10,11.788,4.59541,0,4.59541,0,5.22597,0,5.25505,0,y1
10,11.912,4.54995,0,4.54995,0,5.18531,0,5.21336,0,y1
10,12,4.51849,0,4.51849,0,5.15371,0,5.18225,0,y1
10,12.036,4.50584,0,4.50584,0,5.1403,0,5.1692,0,y1
10,12.053848882169,4.49961,0,4.49961,0,5.13356,0,5.16266,0,y1
10,12.16,4.46311,0,4.46311,0,5.09192,0,5.12267,0,y1
10,12.284,4.42182,0,4.42182,0,5.03924,0,5.07339,0,y1
10,12.3272332626118,4.40773,0,4.40773,0,5.01987,0,5.0555,0,y1
10,12.408,4.38151,0,4.38151,0,4.98241,0,5.02104,0,y1
10,12.5,4.35135,0,4.35135,0,4.93823,0,4.98019,0,y1
10,12.532,4.34122,0,4.34122,0,4.92264,0,4.9656,0,y1
10,12.6068180708351,4.3193,0,4.3193,0,4.88501,0,4.93075,0,y1
10,12.656,4.30516,0,4.30516,0,4.85864,0,4.90728,0,y1
10,12.78,4.26898,0,4.26898,0,4.79015,0,4.8463,0,y1
10,12.8927439341291,4.23785,0,4.23785,0,4.72857,0,4.78886,0,y1
10,12.904,4.2349,0,4.2349,0,4.72239,0,4.78303,0,y1
10,13,4.20826,0,4.20826,0,4.66811,0,4.73277,0,y1
10,13.028,4.20004,0,4.20004,0,4.65176,0,4.71793,0,y1
10,13.152,4.16536,0,4.16536,0,4.58001,0,4.65145,0,y1
10,13.1851546692474,4.15667,0,4.15667,0,4.56094,0,4.63352,0,y1
10,13.276,4.1326,0,4.1326,0,4.50764,0,4.58399,0,y1
10,13.4,4.09981,0,4.09981,0,4.43466,0,4.51554,0,y1
10,13.4841973547441,4.08108,0,4.08108,0,4.38629,0,4.46905,0,y1
10,13.5,4.07755,0,4.07755,0,4.37712,0,4.46038,0,y1
10,13.524,4.0721,0,4.0721,0,4.36311,0,4.44728,0,y1
10,13.648,4.04169,0,4.04169,0,4.29097,0,4.38055,0,y1
10,13.772,4.01234,0,4.01234,0,4.21858,0,4.314,0,y1
10,13.7900224049526,4.00849,0,4.00849,0,4.20794,0,4.30427,0,y1
10,13.896,3.98542,0,3.98542,0,4.14624,0,4.24687,0,y1
10,14,3.96188,0,3.96188,0,4.08703,0,4.18995,0,y1
10,14.02,3.9575,0,3.9575,0,4.07571,0,4.179,0,y1
10,14.102783645642,3.94024,0,3.94024,0,4.02829,0,4.13399,0,y1
10,14.144,3.93134,0,3.93134,0,4.0046,0,4.11188,0,y1
10,14.268,3.90309,0,3.90309,0,3.93679,0,4.04643,0,y1
10,14.392,3.87607,0,3.87607,0,3.86755,0,3.98133,0,y1
10,14.4226383913894,3.86948,0,3.86948,0,3.85032,0,3.96528,0,y1
10,14.5,3.85298,0,3.85298,0,3.8078,0,3.92496,0,y1
10,14.516,3.8496,0,3.8496,0,3.79904,0,3.91666,0,y1
10,14.64,3.82352,0,3.82352,0,3.73136,0,3.85273,0,y1
10,14.7497475247064,3.80072,0,3.80072,0,3.67211,0,3.79664,0,y1
10,14.764,3.79778,0,3.79778,0,3.66451,0,3.78938,0,y1
10,14.888,3.77239,0,3.77239,0,3.59818,0,3.72607,0,y1
10,15,3.74953,0,3.74953,0,3.53854,0,3.66826,0,y1
10,15.012,3.74709,0,3.74709,0,3.53216,0,3.66208,0,y1
10,15.0842755769615,3.73248,0,3.73248,0,3.49391,0,3.62514,0,y1
10,15.136,3.72207,0,3.72207,0,3.46667,0,3.59938,0,y1
10,15.26,3.69708,0,3.69708,0,3.40146,0,3.53866,0,y1
10,15.384,3.67231,0,3.67231,0,3.33682,0,3.47744,0,y1
10,15.4263908111368,3.66386,0,3.66386,0,3.31487,0,3.4566,0,y1
10,15.5,3.64899,0,3.64899,0,3.27687,0,3.42048,0,y1
10,15.508,3.64735,0,3.64735,0,3.27276,0,3.41655,0,y1
10,15.632,3.62229,0,3.62229,0,3.20895,0,3.35554,0,y1
10,15.756,3.5985,0,3.5985,0,3.14529,0,3.2957,0,y1
10,15.7762653064616,3.59458,0,3.59458,0,3.13493,0,3.28601,0,y1
10,15.88,3.57423,0,3.57423,0,3.08201,0,3.23516,0,y1
10,16,3.55074,0,3.55074,0,3.02084,0,3.17715,0,y1
10,16.004,3.54995,0,3.54995,0,3.0188,0,3.1752,0,y1
10,16.128,3.52522,0,3.52522,0,2.95566,1,3.1153,0,y1
10,16.1340750449667,3.52399,0,3.52399,0,2.95257,1,3.11232,0,y1
10,16.252,3.50015,0,3.50015,0,2.89284,1,3.05581,0,y1
10,16.376,3.47561,0,3.47561,0,2.83017,1,2.99641,1,y1
10,16.5,3.45105,0,3.45105,0,2.76737,1,2.93713,1,y1
11,1,0,1,0,1,0,1,0,1,y1
11,1.02216887738619,0,1,0,1,0,1,0,1,y1
11,1.04482921389695,0,1,0,1,0,1,0,1,y1
11,1.06799190462934,0,1,0,1,0,1,0,1,y1
11,1.09166808621252,0,1,0,1,0,1,0,1,y1
11,1.11586914216219,0,1,0,1,0,1,0,1,y1
11,1.116,0,1,0,1,0,1,0,1,y1
11,1.14060670835382,0,1,0,1,0,1,0,1,y1
11,1.16589267861718,0,1,0,1,0,1,0,1,y1
11,1.19173921045491,0,1,0,1,0,1,0,1,y1
11,1.2181587308878,0,1,0,1,0,1,0,1,y1
11,1.232,0,1,0,1,0,1,0,1,y1
11,1.24516394242977,0,1,0,1,0,1,0,1,y1
11,1.27276782919521,0,1,0,1,0,1,0,1,y1
11,1.30098366314173,0,1,0,1,0,1,0,1,y1
11,1.32982501045136,0,1,0,1,0,1,0,1,y1
11,1.348,0,1,0,1,0,1,0,1,y1
11,1.35930573805314,0,1,0,1,0,1,0,1,y1
11,1.38944002029039,0,1,0,1,0,1,0,1,y1
11,1.42024234573568,0,1,0,1,0,1,0,1,y1
11,1.45172752415698,0,1,0,1,0,1,0,1,y1
11,1.464,0,1,0,1,0,1,0,1,y1
11,1.48391069363817,0,1,0,1,0,1,0,1,y1
11,1.5,0,1,0,1,0,1,0,1,y1
11,1.5168073278575,0,1,0,1,0,1,0,1,y1
11,1.55043324352725,0,1,0,1,0,1,0,1,y1
11,1.58,0,1,0,1,0,1,0,1,y1
11,1.58480460799848,0,1,0,1,0,1,0,1,y1
11,1.61993794703428,0,1,0,1,0,1,0,1,y1
11,1.65585015275532,0,1,0,1,0,1,0,1,y1
11,1.69255849176166,0,1,0,1,0,1,0,1,y1
11,1.696,0,1,0,1,0,1,0,1,y1
11,1.73008061343449,0,1,0,1,0,1,0,1,y1
11,1.76843455842195,0,1,0,1,1.14143,1,1.07946,1,y1
11,1.80763876731311,0,1,0,1,2.52247,1,2.41243,1,y1
11,1.812,0,1,0,1,2.6343,1,2.52125,1,y1
11,1.8477120895042,0,1,0,1,3.38244,0,3.25235,0,y1
11,1.88867379226141,0,1,0,1,4.00474,0,3.86367,0,y1
11,1.928,0,1,0,1,4.46374,0,4.31585,0,y1
11,1.93054356998457,0,1,0,1,4.49009,0,4.34188,0,y1
11,1.97334155367626,0,1,0,1,4.88606,0,4.73489,0,y1
11,2,0.189145,1,0.189145,1,5.09724,0,4.94389,0,y1
11,2.01708832062079,0.647961,1,0.647961,1,5.22082,0,5.06638,0,y1
11,2.044,1.18975,1,1.18975,1,5.39959,0,5.24384,0,y1
11,2.06180490427776,1.49319,1,1.49319,1,5.50858,0,5.35159,0,y1
11,2.10751280439494,2.15141,1,2.15141,1,5.76032,0,5.59976,0,y1
11,2.1542339973454,2.6967,1,2.6967,1,5.98371,0,5.82092,0,y1
11,2.16,2.75718,1,2.75718,1,6.00927,0,5.84631,0,y1
11,2.20199094669372,3.16091,0,3.16091,0,6.18391,0,6.02021,0,y1
11,2.25080661399648,3.56437,0,3.56437,0,6.36488,0,6.20098,0,y1
11,2.276,3.7505,0,3.7505,0,6.45041,0,6.28653,0,y1
11,2.30070446984221,3.92074,0,3.92074,0,6.52969,0,6.3659,0,y1
11,2.351708505136,4.23924,0,4.23924,0,6.68067,0,6.51713,0,y1
11,2.392,4.46433,0,4.46433,0,6.78933,0,6.62605,0,y1
11,2.40384324263443,4.52664,0,4.52664,0,6.81967,0,6.65648,0,y1
11,2.45713374873602,4.78807,0,4.78807,0,6.94823,0,6.78541,0,y1
11,2.5,4.97854,0,4.97854,0,7.04306,0,6.88057,0,y1
11,2.508,5.01235,0,5.01235,0,7.05999,0,6.89757,0,y1
11,2.51160564553323,5.02742,0,5.02742,0,7.06754,0,6.90515,0,y1
11,2.56728512313153,5.24779,0,5.24779,0,7.17864,0,7.0167,0,y1
11,2.624,5.45098,0,5.45098,0,7.28203,0,7.12057,0,y1
11,2.62419895224163,5.45166,0,5.45166,0,7.28238,0,7.12092,0,y1
11,2.68237449705085,5.64101,0,5.64101,0,7.37948,0,7.21853,0,y1
11,2.74,5.81228,0,5.81228,0,7.46786,0,7.30744,0,y1
11,2.74183972837982,5.81751,0,5.81751,0,7.47056,0,7.31016,0,y1
11,2.80262323713087,5.98252,0,5.98252,0,7.55615,0,7.39634,0,y1
11,2.856,6.1162,0,6.1162,0,7.62571,0,7.46648,0,y1
11,2.86475424803452,6.1372,0,6.1372,0,7.63666,0,7.47752,0,y1
11,2.92826263370077,6.28251,0,6.28251,0,7.71245,0,7.55408,0,y1
11,2.972,6.37588,0,6.37588,0,7.7612,0,7.60339,0,y1
11,2.99317892898186,6.41929,0,6.41929,0,7.78385,0,7.62634,0,y1
11,3,6.43303,0,6.43303,0,7.79102,0,7.63361,0,y1
11,3.05953434565339,6.54824,0,6.54824,0,7.85111,0,7.69461,0,y1
11,3.088,6.60051,0,6.60051,0,7.87833,0,7.72231,0,y1
11,3.12736078742103,6.67001,0,6.67001,0,7.91446,0,7.75915,0,y1
11,3.19669086525975,6.78521,0,6.78521,0,7.97407,0,7.82016,0,y1
11,3.204,6.79685,0,6.79685,0,7.98007,0,7.82632,0,y1
11,3.26755791309326,6.89434,0,6.89434,0,8.0301,0,7.87781,0,y1
11,3.32,6.97,0,6.97,0,8.06859,0,7.91767,0,y1
11,3.33999600382091,6.99778,0,6.99778,0,8.08263,0,7.93227,0,y1
11,3.41403996569999,7.09573,0,7.09573,0,8.13175,0,7.98364,0,y1
11,3.436,7.12334,0,7.12334,0,8.14546,0,7.99808,0,y1
11,3.48972539909116,7.18821,0,7.18821,0,8.17743,0,8.03195,0,y1
11,3.5,7.20021,0,7.20021,0,8.18329,0,8.0382,0,y1
11,3.552,7.25913,0,7.25913,0,8.21175,0,8.06873,0,y1
11,3.5670886935751,7.27568,0,7.27568,0,8.21964,0,8.07726,0,y1
11,3.64616704544864,7.35881,0,7.35881,0,8.25837,0,8.11967,0,y1
11,3.668,7.38071,0,7.38071,0,8.26831,0,8.13072,0,y1
11,3.72699847560877,7.43768,0,7.43768,0,8.29359,0,8.1592,0,y1
11,3.784,7.48977,0,7.48977,0,8.3159,0,8.18482,0,y1
11,3.80962184783307,7.51226,0,7.51226,0,8.32527,0,8.19574,0,y1
11,3.89407688746544,7.58221,0,7.58221,0,8.35333,0,8.22924,0,y1
11,3.9,7.58686,0,7.58686,0,8.35514,0,8.23145,0,y1
11,3.98040420051607,7.647,0,7.647,0,8.37763,0,8.25974,0,y1
11,4,7.66091,0,7.66091,0,8.38253,0,8.26615,0,y1
11,4.016,7.67207,0,7.67207,0,8.38636,0,8.27125,0,y1
11,4.0686452931848,7.7075,0,7.7075,0,8.39792,0,8.28715,0,y1
11,4.132,7.74735,0,7.74735,0,8.40968,0,8.30453,0,y1
11,4.15884259181733,7.76322,0,7.76322,0,8.41395,0,8.31134,0,y1
11,4.248,7.81168,0,7.81168,0,8.42522,0,8.33178,0,y1
11,4.25103946330381,7.81323,0,7.81323,0,8.42554,0,8.33242,0,y1
11,4.34528023592966,7.85811,0,7.85811,0,8.43303,0,8.3503,0,y1
11,4.364,7.86624,0,7.86624,0,8.43403,0,8.3534,0,y1
11,4.44161022068863,7.89697,0,7.89697,0,8.43641,0,8.36469,0,y1
11,4.48,7.9107,0,7.9107,0,8.43654,0,8.36936,0,y1
11,4.5,7.91751,0,7.91751,0,8.43635,0,8.37156,0,y1
11,4.54007573306834,7.93035,0,7.93035,0,8.43539,0,8.37551,0,y1
11,4.596,7.94626,0,7.94626,0,8.43274,0,8.37994,0,y1
11,4.64072411531876,7.95725,0,7.95725,0,8.42954,0,8.38255,0,y1
11,4.712,7.97192,0,7.97192,0,8.42264,0,8.38495,0,y1
11,4.74360375921441,7.97728,0,7.97728,0,8.41889,0,8.38538,0,y1
11,4.828,7.98829,0,7.98829,0,8.40681,0,8.38486,0,y1
11,4.84876412932112,7.99028,0,7.99028,0,8.40339,0,8.3844,0,y1
11,4.944,7.99564,0,7.99564,0,8.38568,0,8.38049,0,y1
11,4.95625578677862,7.99589,0,7.99589,0,8.38317,0,8.37978,0,y1
11,5,7.99601,0,7.99601,0,8.3738,0,8.37686,0,y1
11,5.06,7.99413,0,7.99413,0,8.35995,0,8.37179,0,y1
11,5.06613041361032,7.9938,0,7.9938,0,8.35848,0,8.37121,0,y1
11,5.176,7.98402,0,7.98402,0,8.33011,0,8.35859,0,y1
11,5.17844083757211,7.98371,0,7.98371,0,8.32945,0,8.35826,0,y1
11,5.292,7.96575,0,7.96575,0,8.29674,0,8.34118,0,y1
11,5.2932410575519,7.96552,0,7.96552,0,8.29637,0,8.34097,0,y1
11,5.408,7.94026,0,7.94026,0,8.25984,0,8.31981,0,y1
11,5.41058626953234,7.93961,0,7.93961,0,8.25898,0,8.31929,0,y1
11,5.5,7.91498,0,7.91498,0,8.22772,0,8.30009,0,y1
11,5.524,7.90763,0,7.90763,0,8.21894,0,8.29449,0,y1
11,5.53053289312902,7.90558,0,7.90558,0,8.21652,0,8.29293,0,y1
11,5.64,7.86809,0,7.86809,0,8.17414,0,8.2645,0,y1
11,5.65313859871711,7.8632,0,7.8632,0,8.16882,0,8.26085,0,y1
11,5.756,7.82225,0,7.82225,0,8.1255,0,8.23035,0,y1
11,5.77846233515922,7.8127,0,7.8127,0,8.11565,0,8.22327,0,y1
11,5.872,7.77073,0,7.77073,0,8.07322,0,8.1921,0,y1
11,5.9065643581481,7.7544,0,7.7544,0,8.05697,0,8.1799,0,y1
11,5.988,7.71431,0,7.71431,0,8.0175,0,8.14976,0,y1
11,6,7.70822,0,7.70822,0,8.01155,0,8.14515,0,y1
11,6.03750625917755,7.68888,0,7.68888,0,7.99271,0,8.13048,0,y1
11,6.104,7.65355,0,7.65355,0,7.95848,0,8.10348,0,y1
11,6.17135099515563,7.61654,0,7.61654,0,7.92273,0,8.07487,0,y1
11,6.22,7.58909,0,7.58909,0,7.89624,0,8.05343,0,y1
11,6.3081629186744,7.53797,0,7.53797,0,7.84682,0,8.01296,0,y1
11,6.336,7.52147,0,7.52147,0,7.83084,0,7.99975,0,y1
11,6.44800780895062,7.45366,0,7.45366,0,7.76473,0,7.94458,0,y1
11,6.452,7.4512,0,7.4512,0,7.76232,0,7.94256,0,y1
11,6.5,7.42146,0,7.42146,0,7.73305,0,7.91789,0,y1
11,6.568,7.37874,0,7.37874,0,7.69067,0,7.88195,0,y1
11,6.59095290345246,7.36418,0,7.36418,0,7.67612,0,7.86957,0,y1
11,6.684,7.30453,0,7.30453,0,7.61586,0,7.81803,0,y1
11,6.73706693022727,7.27009,0,7.27009,0,7.58058,0,7.78768,0,y1
11,6.8,7.22892,0,7.22892,0,7.53787,0,7.75081,0,y1
11,6.88642014094606,7.1719,0,7.1719,0,7.47765,0,7.69863,0,y1
11,6.916,7.15227,0,7.15227,0,7.45662,0,7.68035,0,y1
11,7,7.09629,0,7.09629,0,7.39573,0,7.62731,0,y1
11,7.032,7.07488,0,7.07488,0,7.37207,0,7.60666,0,y1
11,7.03908434468051,7.07013,0,7.07013,0,7.36679,0,7.60206,0,y1
11,7.148,6.99702,0,6.99702,0,7.28411,0,7.52975,0,y1
11,7.1951329424288,6.96531,0,6.96531,0,7.24739,0,7.49757,0,y1
11,7.264,6.91894,0,6.91894,0,7.19268,0,7.44958,0,y1
11,7.35464096240686,6.85792,0,6.85792,0,7.11874,0,7.38463,0,y1
11,7.38,6.84086,0,6.84086,0,7.09766,0,7.3661,0,y1
11,7.496,6.76299,0,6.76299,0,6.99896,0,7.27927,0,y1
11,7.5,6.76031,0,6.76031,0,6.99549,0,7.27621,0,y1
11,7.51768509612194,6.74847,0,6.74847,0,6.9801,0,7.26266,0,y1
11,7.612,6.68552,0,6.68552,0,6.89647,0,7.18903,0,y1
11,7.68434373524588,6.63748,0,6.63748,0,6.83059,0,7.131,0,y1
11,7.728,6.60862,0,6.60862,0,6.79009,0,7.09531,0,y1
11,7.844,6.53247,0,6.53247,0,6.67969,0,6.99804,0,y1
11,7.85469700930591,6.52549,0,6.52549,0,6.6693,0,6.98889,0,y1
11,7.96,6.45721,0,6.45721,0,6.56516,0,6.89716,0,y1
11,8,6.4315,0,6.4315,0,6.5247,0,6.86151,0,y1
11,8.02882682421091,6.41304,0,6.41304,0,6.49522,0,6.83553,0,y1
11,8.076,6.38298,0,6.38298,0,6.44641,0,6.79252,0,y1
11,8.192,6.30991,0,6.30991,0,6.32332,0,6.68412,0,y1
11,8.20681690163182,6.30067,0,6.30067,0,6.30729,0,6.67,0,y1
11,8.308,6.23816,0,6.23816,0,6.19583,0,6.57189,0,y1
11,8.38875281925503,6.18906,0,6.18906,0,6.10442,0,6.49135,0,y1
11,8.424,6.16786,0,6.16786,0,6.06382,0,6.45557,0,y1
11,8.5,6.12264,0,6.12264,0,5.97481,0,6.37719,0,y1
11,8.54,6.09912,0,6.09912,0,5.92718,0,6.3353,0,y1
11,8.57472205192818,6.07887,0,6.07887,0,5.88541,0,6.29854,0,y1
11,8.656,6.03209,0,6.03209,0,5.78603,0,6.21103,0,y1
11,8.76481401371806,5.97085,0,5.97085,0,5.64937,0,6.09033,0,y1
11,8.772,5.96686,0,5.96686,0,5.64021,0,6.08222,0,y1
11,8.888,5.90356,0,5.90356,0,5.4898,0,5.94955,0,y1
11,8.95912010090097,5.86574,0,5.86574,0,5.39547,0,5.86634,0,y1
11,9,5.84437,0,5.84437,0,5.34076,0,5.81767,0,y1
11,9.004,5.84229,0,5.84229,0,5.33539,0,5.81286,0,y1
11,9.12,5.78313,0,5.78313,0,5.17766,0,5.67074,0,y1
11,9.15773373590602,5.76436,0,5.76436,0,5.12551,0,5.6237,0,y1
11,9.236,5.72618,0,5.72618,0,5.01602,0,5.5259,0,y1
11,9.352,5.67141,0,5.67141,0,4.85042,0,5.37781,0,y1
11,9.36075041223273,5.66737,0,5.66737,0,4.83783,0,5.36631,0,y1
11,9.468,5.61859,0,5.61859,0,4.6842,0,5.22375,0,y1
11,9.5,5.60421,0,5.60421,0,4.63834,0,5.18137,0,y1
11,9.56826774036427,5.5736,0,5.5736,0,4.54034,0,5.09037,0,y1
11,9.584,5.56653,0,5.56653,0,4.51771,0,5.06908,0,y1
11,9.7,5.51392,0,5.51392,0,4.3507,0,4.90885,0,y1
11,9.78038549469867,5.47649,0,5.47649,0,4.23569,0,4.79714,0,y1
11,9.816,5.45968,0,5.45968,0,4.18542,0,4.74758,0,y1
11,9.932,5.40522,0,5.40522,0,4.02461,0,4.58542,0,y1
11,9.99720566152035,5.3755,0,5.3755,0,3.93628,0,4.49299,0,y1
11,10,5.37423,0,5.37423,0,3.93253,0,4.48902,0,y1
11,10.048,5.35226,0,5.35226,0,3.86861,0,4.42107,0,y1
11,10.164,5.29676,0,5.29676,0,3.71904,0,4.25954,0,y1
11,10.2188324880352,5.26993,0,5.26993,0,3.65176,0,4.18411,0,y1
11,10.28,5.24148,0,5.24148,0,3.57933,0,4.10066,0,y1
11,10.396,5.1891,0,5.1891,0,3.44941,0,3.94646,0,y1
11,10.4453725324925,5.1658,0,5.1658,0,3.39688,0,3.8821,0,y1
11,10.5,5.13995,0,5.13995,0,3.34094,0,3.81197,0,y1
11,10.512,5.13435,0,5.13435,0,3.329,0,3.79676,0,y1
11,10.628,5.08127,0,5.08127,0,3.22187,0,3.65468,0,y1
11,10.6769347154184,5.05927,0,5.05927,0,3.18052,0,3.59674,0,y1
11,10.744,5.02922,0,5.02922,0,3.12619,0,3.51992,0,y1
11,10.86,4.97667,0,4.97667,0,3.03742,0,3.39493,0,y1
11,10.9136303719849,4.95279,0,4.95279,0,3.00005,0,3.34046,0,y1
11,10.976,4.92551,0,4.92551,0,2.95882,1,3.27984,0,y1
11,11,4.9151,0,4.9151,0,2.94345,1,3.25724,0,y1
11,11.092,4.87544,0,4.87544,0,2.8873,1,3.17407,0,y1
11,11.1555733055397,4.8482,0,4.8482,0,2.85061,1,3.12033,0,y1
11,11.208,4.82584,0,4.82584,0,2.82219,1,3.07796,0,y1
11,11.324,4.77743,0,4.77743,0,2.76461,1,2.99112,1,y1
11,11.4028798423229,4.74533,0,4.74533,0,2.72864,1,2.93709,1,y1
11,11.44,4.73035,0,4.73035,0,2.71259,1,2.91295,1,y1
11,11.5,4.70633,0,4.70633,0,2.68796,1,2.87558,1,y1
11,11.556,4.68413,0,4.68413,0,2.66641,1,2.84246,1,y1
11,11.6556688873968,4.64535,0,4.64535,0,2.62961,1,2.78746,1,y1
11,11.672,4.63911,0,4.63911,0,2.62391,1,2.77891,1,y1
11,11.788,4.59547,0,4.59547,0,2.58589,1,2.72103,1,y1
11,11.904,4.55283,0,4.55283,0,2.55162,1,2.66957,1,y1
11,11.9140619818156,4.5492,0,4.5492,0,2.5488,1,2.66536,1,y1
11,12,4.51852,0,4.51852,0,2.52594,1,2.631,1,y1
11,12.02,4.51147,0,4.51147,0,2.52082,1,2.6234,1,y1
11,12.136,4.4713,0,4.4713,0,2.4925,1,2.58181,1,y1
11,12.178183361062,4.45703,0,4.45703,0,2.48282,1,2.56771,1,y1
11,12.252,4.43241,0,4.43241,0,2.4666,1,2.54427,1,y1
11,12.368,4.39394,0,4.39394,0,2.44283,1,2.51031,1,y1
11,12.4481600147799,4.36766,0,4.36766,0,2.42746,1,2.48874,1,y1
11,12.484,4.35666,0,4.35666,0,2.42084,1,2.47956,1,y1
11,12.5,4.35186,0,4.35186,0,2.41794,1,2.47554,1,y1
11,12.6,4.32219,0,4.32219,0,2.40044,1,2.45157,1,y1
11,12.716,4.28767,0,4.28767,0,2.38135,1,2.42606,1,y1
11,12.7241217478313,4.2853,0,4.2853,0,2.38006,1,2.42435,1,y1
11,12.832,4.25394,0,4.25394,0,2.36336,1,2.40265,1,y1
11,12.948,4.22063,0,4.22063,0,2.34625,1,2.38104,1,y1
11,13,4.20651,0,4.20651,0,2.33885,1,2.37187,1,y1
11,13.006201242706,4.20481,0,4.20481,0,2.33798,1,2.37079,1,y1
11,13.064,4.189,0,4.189,0,2.32993,1,2.36097,1,y1
11,13.18,4.15842,0,4.15842,0,2.31426,1,2.3422,1,y1
11,13.2945341233157,4.12865,0,4.12865,0,2.29926,1,2.32478,1,y1
11,13.296,4.12827,0,4.12827,0,2.29907,1,2.32456,1,y1
11,13.412,4.09909,0,4.09909,0,2.28407,1,2.30774,1,y1
11,13.5,4.07711,0,4.07711,0,2.27266,1,2.29524,1,y1
11,13.528,4.07033,0,4.07033,0,2.26908,1,2.29133,1,y1
11,13.589259020202,4.05564,0,4.05564,0,2.26148,1,2.28305,1,y1
11,13.644,4.04244,0,4.04244,0,2.255,1,2.27602,1,y1
11,13.76,4.01507,0,4.01507,0,2.2422,1,2.2622,1,y1
11,13.876,3.98834,0,3.98834,0,2.2293,1,2.24848,1,y1
11,13.8905176371901,3.985,0,3.985,0,2.22763,1,2.24673,1,y1
11,13.992,3.96185,0,3.96185,0,2.21578,1,2.23456,1,y1
11,14,3.96007,0,3.96007,0,2.21483,1,2.2336,1,y1
11,14.108,3.93649,0,3.93649,0,2.2019,1,2.22084,1,y1
11,14.1984548195197,3.91536,0,3.91536,0,2.19109,1,2.21031,1,y1
11,14.224,3.90975,0,3.90975,0,2.1881,1,2.20737,1,y1
11,14.34,3.88471,0,3.88471,0,2.17509,1,2.19421,1,y1
11,14.456,3.85921,0,3.85921,0,2.16228,1,2.18142,1,y1
11,14.5,3.85029,0,3.85029,0,2.15729,1,2.17668,1,y1
11,14.513218623487,3.84759,0,3.84759,0,2.15576,1,2.17526,1,y1
11,14.572,3.83547,0,3.83547,0,2.14891,1,2.16905,1,y1
11,14.688,3.81157,0,3.81157,0,2.13536,1,2.15705,1,y1
11,14.804,3.78702,0,3.78702,0,2.12184,1,2.14448,1,y1
11,14.8349603876301,3.78045,0,3.78045,0,2.11817,1,2.14091,1,y1
11,14.92,3.7632,0,3.7632,0,2.10789,1,2.13105,1,y1
11,15,3.74857,0,3.74857,0,2.09821,1,2.12218,1,y1
11,15.036,3.74164,0,3.74164,0,2.09412,1,2.11842,1,y1
11,15.152,3.71766,0,3.71766,0,2.08188,1,2.10638,1,y1
11,15.1638348054925,3.71526,0,3.71526,0,2.0806,1,2.10513,1,y1
11,15.268,3.69385,0,3.69385,0,2.06892,1,2.09399,1,y1
11,15.384,3.67067,0,3.67067,0,2.05554,1,2.08208,1,y1
11,15.5,3.64719,0,3.64719,0,2.04224,1,2.06856,1,y1
12,1,0,1,0,1,0,1,0,1,y1
12,1.02339238252884,0,1,0,1,0,1,0,1,y1
12,1.04733196861806,0,1,0,1,0,1,0,1,y1
12,1.07183155866266,0,1,0,1,0,1,0,1,y1
12,1.09690425248939,0,1,0,1,0,1,0,1,y1
12,1.12256345636113,0,1,0,1,0,1,0,1,y1
12,1.136,0,1,0,1,0,1,0,1,y1
12,1.14882289014523,0,1,0,1,0,1,0,1,y1
12,1.1756965946494,0,1,0,1,0,1,0,1,y1
12,1.2031989391293,0,1,0,1,0,1,0,1,y1
12,1.23134462897171,0,1,0,1,0,1,0,1,y1
12,1.26014871355746,0,1,0,1,0,1,0,1,y1
12,1.272,0,1,0,1,0,1,0,1,y1
12,1.28962659430822,0,1,0,1,0,1,0,1,y1
12,1.31979403292165,0,1,0,1,0,1,0,1,y1
12,1.35066715979904,0,1,0,1,0,1,0,1,y1
12,1.3822624826702,0,1,0,1,0,1,0,1,y1
12,1.408,0,1,0,1,0,1,0,1,y1
12,1.41459689542009,0,1,0,1,0,1,0,1,y1
12,1.44768768712188,0,1,0,1,0,1,0,1,y1
12,1.48155255128133,0,1,0,1,0,1,0,1,y1
12,1.5,0,1,0,1,0,1,0,1,y1
12,1.51620959529748,0,1,0,1,0,1,0,1,y1
12,1.544,0,1,0,1,0,1,0,1,y1
12,1.55167735014459,0,1,0,1,0,1,0,1,y1
12,1.58797478028051,0,1,0,1,0,1,0,1,y1
12,1.62512129378699,0,1,0,1,0,1,0,1,y1
12,1.66313675274702,0,1,0,1,0,1,0,1,y1
12,1.68,0,1,0,1,0,1,0,1,y1
12,1.70204148386506,0,1,0,1,0,1,0,1,y1
12,1.74185628933559,0,1,0,1,0,1,0,1,y1
12,1.782602457966,0,1,0,1,0,1,0,1,y1
12,1.816,0,1,0,1,0,1,0,1,y1
12,1.8243017765596,0,1,0,1,0,1,0,1,y1
12,1.86697654156493,0,1,0,1,0,1,0,1,y1
12,1.9106495709976,0,1,0,1,0,1,0,1,y1
12,1.952,0,1,0,1,0,1,0,1,y1
12,1.95534421664094,0,1,0,1,0,1,0,1,y1
12,2,0.189146,1,0.189146,1,0,1,0,1,y1
12,2.00108437653217,0.223691,1,0.223691,1,0,1,0,1,y1
12,2.0478945077405,1.25899,1,1.25899,1,0,1,0,1,y1
12,2.088,1.88852,1,1.88852,1,0,1,0,1,y1
12,2.09579963944429,1.99653,1,1.99653,1,0,1,0,1,y1
12,2.14482538631398,2.5951,1,2.5951,1,0,1,0,1,y1
12,2.19499796220821,3.09776,0,3.09776,0,0,1,0,1,y1
12,2.224,3.35048,0,3.35048,0,0,1,0,1,y1
12,2.24634419419022,3.52995,0,3.52995,0,0,1,0,1,y1
12,2.29889153687216,3.90863,0,3.90863,0,0,1,0,1,y1
12,2.352668087095,4.24485,0,4.24485,0,0,1,0,1,y1
12,2.36,4.28731,0,4.28731,0,0,1,0,1,y1
12,2.40770259895173,4.5466,0,4.5466,0,0,1,0,1,y1
12,2.4640244991621,4.8198,0,4.8198,0,0,1,0,1,y1
12,2.496,4.96144,0,4.96144,0,0,1,0,1,y1
12,2.5,4.97854,0,4.97854,0,0,1,0,1,y1
12,2.52166390280694,5.06892,0,5.06892,0,0,1,0,1,y1
12,2.58065162943057,5.29749,0,5.29749,0,0,1,0,1,y1
12,2.632,5.4781,0,5.4781,0,0,1,0,1,y1
12,2.6410192195199,5.50825,0,5.50825,0,0,1,0,1,y1
12,2.70279895136894,5.70345,0,5.70345,0,0,1,0,1,y1
12,2.76602385833792,5.88491,0,5.88491,0,0,1,0,1,y1
12,2.768,5.89031,0,5.89031,0,0,1,0,1,y1
12,2.83072774651606,6.05413,0,6.05413,0,0,1,0,1,y1
12,2.89694521279758,6.21237,0,6.21237,0,0,1,0,1,y1
12,2.904,6.22842,0,6.22842,0,0,1,0,1,y1
12,2.96471166338044,6.36068,0,6.36068,0,0,1,0,1,y1
12,3,6.43303,0,6.43303,0,0,1,0,1,y1
12,3.03406333269796,6.49996,0,6.49996,0,0,1,0,1,y1
12,3.04,6.51134,0,6.51134,0,0,1,0,1,y1
12,3.10503730279317,6.63098,0,6.63098,0,0,1,0,1,y1
12,3.176,6.75174,0,6.75174,0,0,1,0,1,y1
12,3.17767152314644,6.75447,0,6.75447,0,0,1,0,1,y1
12,3.25200483096689,6.87109,0,6.87109,0,0,1,0,1,y1
12,3.312,6.95872,0,6.95872,0,0,1,0,1,y1
12,3.32807697195852,6.98129,0,6.98129,0,0,1,0,1,y1
12,3.40592862157201,7.08537,0,7.08537,0,0,1,0,1,y1
12,3.448,7.13815,0,7.13815,0,0,1,0,1,y1
12,3.48560140675375,7.18336,0,7.18336,0,0,1,0,1,y1
12,3.5,7.20021,0,7.20021,0,0,1,0,1,y1
12,3.56713792820361,7.27574,0,7.27574,0,0,1,0,1,y1
12,3.584,7.29397,0,7.29397,0,0,1,0,1,y1
12,3.6505817831533,7.36327,0,7.36327,0,0,1,0,1,y1
12,3.72,7.43108,0,7.43108,0,0,1,0,1,y1
12,3.73597758867765,7.44607,0,7.44607,0,0,1,0,1,y1
12,3.82337100555118,7.52409,0,7.52409,0,0,1,0,1,y1
12,3.856,7.55149,0,7.55149,0,0,1,0,1,y1
12,3.91280876266273,7.59681,0,7.59681,0,0,1,0,1,y1
12,3.992,7.65526,0,7.65526,0,0,1,0,1,y1
12,4,7.66091,0,7.66091,0,0,1,0,1,y1
12,4.00433868200114,7.66396,0,7.66396,0,0,1,0,1,y1
12,4.09800970422556,7.72636,0,7.72636,0,0,1,0,1,y1
12,4.128,7.74493,0,7.74493,0,0,1,0,1,y1
12,4.19387191483372,7.78301,0,7.78301,0,0,1,0,1,y1
12,4.264,7.81976,0,7.81976,0,1.53335,1,0,1,y1
12,4.29197657094248,7.83349,0,7.83349,0,2.04296,1,0.597631,1,y1
12,4.3923761286948,7.87803,0,7.87803,0,3.24693,0,2.51356,1,y1
12,4.4,7.88108,0,7.88108,0,3.31446,0,2.60775,1,y1
12,4.49512427130779,7.91587,0,7.91587,0,3.99842,0,3.518,0,y1
12,4.5,7.91751,0,7.91751,0,4.02735,0,3.55497,0,y1
12,4.536,7.92909,0,7.92909,0,4.22721,0,3.8061,0,y1
12,4.60027593777691,7.94738,0,7.94738,0,4.53421,0,4.18074,0,y1
12,4.672,7.9641,0,7.9641,0,4.81901,0,4.52021,0,y1
12,4.70788735225163,7.97118,0,7.97118,0,4.94357,0,4.66657,0,y1
12,4.808,7.98609,0,7.98609,0,5.24211,0,5.01362,0,y1
12,4.8180160540982,7.98723,0,7.98723,0,5.26863,0,5.04445,0,y1
12,4.93072092866578,7.99525,0,7.99525,0,5.53355,0,5.3474,0,y1
12,4.944,7.99564,0,7.99564,0,5.56122,0,5.37863,0,y1
12,5,7.99601,0,7.99601,0,5.67089,0,5.5019,0,y1
12,5.0460622387721,7.99478,0,7.99478,0,5.7534,0,5.5941,0,y1
12,5.08,7.99298,0,7.99298,0,5.8102,0,5.65734,0,y1
12,5.16410165692581,7.98544,0,7.98544,0,5.93804,0,5.79897,0,y1
12,5.216,7.97855,0,7.97855,0,6.00878,0,5.877,0,y1
12,5.28490229830245,7.96708,0,7.96708,0,6.0943,0,5.97102,0,y1
12,5.352,7.95346,0,7.95346,0,6.16933,0,6.05329,0,y1
12,5.40852875449191,7.94012,0,7.94012,0,6.22684,0,6.11627,0,y1
12,5.488,7.91852,0,7.91852,0,6.29976,0,6.19606,0,y1
12,5.5,7.91496,0,7.91496,0,6.31002,0,6.20728,0,y1
12,5.53504712803523,7.90414,0,7.90414,0,6.33891,0,6.23892,0,y1
12,5.624,7.87391,0,7.87391,0,6.4055,0,6.31195,0,y1
12,5.66452506776941,7.85887,0,7.85887,0,6.43282,0,6.34201,0,y1
12,5.76,7.82054,0,7.82054,0,6.49032,0,6.40557,0,y1
12,5.7970318049989,7.8046,0,7.8046,0,6.51021,0,6.42764,0,y1
12,5.896,7.75941,0,7.75941,0,6.55717,0,6.48009,0,y1
12,5.9326381905133,7.74178,0,7.74178,0,6.57233,0,6.49722,0,y1
12,6,7.70819,0,7.70819,0,6.59715,0,6.52564,0,y1
12,6.032,7.69171,0,7.69171,0,6.60757,0,6.5378,0,y1
12,6.07141673247102,7.67099,0,7.67099,0,6.6192,0,6.55163,0,y1
12,6.168,7.61838,0,7.61838,0,6.6421,0,6.58027,0,y1
12,6.213441635169,7.59279,0,7.59279,0,6.65025,0,6.59127,0,y1
12,6.304,7.54038,0,7.54038,0,6.66184,0,6.6086,0,y1
12,6.35878883871952,7.50782,0,7.50782,0,6.66604,0,6.6162,0,y1
12,6.44,7.45855,0,7.45855,0,6.66878,0,6.62358,0,y1
12,6.5,7.42142,0,7.42142,0,6.66813,0,6.62611,0,y1
12,6.50753605965499,7.41672,0,7.41672,0,6.66786,0,6.62626,0,y1
12,6.576,7.37364,0,7.37364,0,6.66318,0,6.62584,0,y1
12,6.65976283248268,7.32012,0,7.32012,0,6.6526,0,6.6211,0,y1
12,6.712,7.28635,0,7.28635,0,6.64345,0,6.61583,0,y1
12,6.81555055221149,7.21866,0,7.21866,0,6.61936,0,6.60019,0,y1
12,6.848,7.19727,0,7.19727,0,6.61016,0,6.59389,0,y1
12,6.97498251787349,7.11296,0,7.11296,0,6.56712,0,6.56307,0,y1
12,6.984,7.10694,0,7.10694,0,6.56368,0,6.56051,0,y1
12,7,7.09625,0,7.09625,0,6.55745,0,6.55585,0,y1
12,7.12,7.01581,0,7.01581,0,6.50574,0,6.51603,0,y1
12,7.13814397706359,7.00361,0,7.00361,0,6.49717,0,6.50927,0,y1
12,7.256,6.92429,0,6.92429,0,6.43682,0,6.46081,0,y1
12,7.30512217152102,6.89121,0,6.89121,0,6.40936,0,6.4384,0,y1
12,7.392,6.83276,0,6.83276,0,6.3576,0,6.39557,0,y1
12,7.47600638377717,6.77636,0,6.77636,0,6.30374,0,6.35028,0,y1
12,7.5,6.76028,0,6.76028,0,6.28764,0,6.33669,0,y1
12,7.528,6.74154,0,6.74154,0,6.26844,0,6.32049,0,y1
12,7.65088798489457,6.65964,0,6.65964,0,6.17914,0,6.24568,0,y1
12,7.664,6.65094,0,6.65094,0,6.16914,0,6.23734,0,y1
12,7.8,6.56123,0,6.56123,0,6.06089,0,6.14533,0,y1
12,7.82986048332255,6.54168,0,6.54168,0,6.0361,0,6.12387,0,y1
12,7.936,6.47267,0,6.47267,0,5.94521,0,6.04594,0,y1
12,8,6.43148,0,6.43148,0,5.8883,0,5.99708,0,y1
12,8.01301957489591,6.42313,0,6.42313,0,5.87653,0,5.98686,0,y1
12,8.072,6.38551,0,6.38551,0,5.8224,0,5.9397,0,y1
12,8.20046319400299,6.30461,0,6.30461,0,5.70031,0,5.83337,0,y1
12,8.208,6.29992,0,6.29992,0,5.69299,0,5.82696,0,y1
12,8.344,6.21617,0,6.21617,0,5.55832,0,5.70802,0,y1
12,8.39229156595081,6.18691,0,6.18691,0,5.50937,0,5.66462,0,y1
12,8.48,6.13447,0,6.13447,0,5.41914,0,5.58418,0,y1
12,8.5,6.12263,0,6.12263,0,5.39834,0,5.56554,0,y1
12,8.58860726055512,6.07081,0,6.07081,0,5.30533,0,5.48179,0,y1
12,8.616,6.055,0,6.055,0,5.27633,0,5.45554,0,y1
12,8.752,5.97797,0,5.97797,0,5.13077,0,5.32306,0,y1
12,8.78951524698403,5.95717,0,5.95717,0,5.09023,0,5.286,0,y1
12,8.888,5.90356,0,5.90356,0,4.98321,0,5.18795,0,y1
12,8.99512294988458,5.84689,0,5.84689,0,4.86622,0,5.08037,0,y1
12,9,5.84436,0,5.84436,0,4.86089,0,5.07545,0,y1
12,9.024,5.83193,0,5.83193,0,4.83465,0,5.05117,0,y1
12,9.16,5.76324,0,5.76324,0,4.6861,0,4.91216,0,y1
12,9.20554030682226,5.74092,0,5.74092,0,4.63662,0,4.86626,0,y1
12,9.296,5.69756,0,5.69756,0,4.53901,0,4.7754,0,y1
12,9.42087982706414,5.63979,0,5.63979,0,4.40611,0,4.64928,0,y1
12,9.432,5.63474,0,5.63474,0,4.3944,0,4.63814,0,y1
12,9.5,5.60406,0,5.60406,0,4.32324,0,4.57034,0,y1
12,9.568,5.5735,0,5.5735,0,4.25309,0,4.50297,0,y1
12,9.64125665173709,5.5404,0,5.5404,0,4.17885,0,4.43112,0,y1
12,9.704,5.51176,0,5.51176,0,4.11687,0,4.37031,0,y1
12,9.84,5.4483,0,5.4483,0,3.98707,0,4.24116,0,y1
12,9.86678861539328,5.43568,0,5.43568,0,3.96212,0,4.21619,0,y1
12,9.976,5.38487,0,5.38487,0,3.86324,0,4.11625,0,y1
12,10,5.37388,0,5.37388,0,3.84234,0,4.09472,0,y1
12,10.0975963090158,5.32881,0,5.32881,0,3.76003,0,4.00902,0,y1
12,10.112,5.32202,0,5.32202,0,3.74819,0,3.99654,0,y1
12,10.248,5.25622,0,5.25622,0,3.6397,0,3.88199,0,y1
12,10.3338031444981,5.21702,0,5.21702,0,3.57645,0,3.81271,0,y1
12,10.384,5.19451,0,5.19451,0,3.54138,0,3.77331,0,y1
12,10.5,5.14024,0,5.14024,0,3.46308,0,3.68553,0,y1
12,10.52,5.13082,0,5.13082,0,3.4503,0,3.67086,0,y1
12,10.575535420632,5.10508,0,5.10508,0,3.41633,0,3.63083,0,y1
12,10.656,5.06848,0,5.06848,0,3.36959,0,3.57476,0,y1
12,10.792,5.00751,0,5.00751,0,3.29564,0,3.48522,0,y1
12,10.8229223906388,4.99359,0,4.99359,0,3.27983,0,3.46577,0,y1
12,10.928,4.94638,0,4.94638,0,3.22949,0,3.40219,0,y1
12,11,4.91488,0,4.91488,0,3.19735,0,3.3609,0,y1
12,11.064,4.88732,0,4.88732,0,3.17035,0,3.32571,0,y1
12,11.0760963312806,4.88213,0,4.88213,0,3.16543,0,3.31922,0,y1
12,11.2,4.82932,0,4.82932,0,3.11883,0,3.25553,0,y1
12,11.3351926135882,4.77271,0,4.77271,0,3.07228,0,3.19178,0,y1
12,11.336,4.77237,0,4.77237,0,3.07202,0,3.19142,0,y1
12,11.472,4.71746,0,4.71746,0,3.03149,0,3.13322,0,y1
12,11.5,4.7063,0,4.7063,0,3.0238,0,3.1219,0,y1
12,11.6003497752434,4.66678,0,4.66678,0,2.99802,1,3.08293,0,y1
12,11.608,4.6638,0,4.6638,0,2.99616,1,3.08007,0,y1
12,11.744,4.61177,0,4.61177,0,2.96559,1,3.03281,0,y1
12,11.8717095946543,4.56461,0,4.56461,0,2.94003,1,2.9924,1,y1
12,11.88,4.56159,0,4.56159,0,2.93847,1,2.98984,1,y1
12,12,4.51848,0,4.51848,0,2.9176,1,2.95549,1,y1
12,12.016,4.51283,0,4.51283,0,2.91503,1,2.95146,1,y1
12,12.1494171667638,4.46672,0,4.46672,0,2.89513,1,2.91846,1,y1
12,12.152,4.46584,0,4.46584,0,2.89477,1,2.91778,1,y1
12,12.288,4.42046,0,4.42046,0,2.87708,1,2.88449,1,y1
12,12.424,4.37658,0,4.37658,0,2.86181,1,2.85644,1,y1
12,12.4336209806312,4.37349,0,4.37349,0,2.86082,1,2.85456,1,y1
12,12.5,4.35198,0,4.35198,0,2.85422,1,2.84191,1,y1
12,12.56,4.33257,0,4.33257,0,2.84861,1,2.83121,1,y1
12,12.696,4.29325,0,4.29325,0,2.83707,1,2.80906,1,y1
12,12.7244729988288,4.28515,0,4.28515,0,2.83484,1,2.80449,1,y1
12,12.832,4.25406,0,4.25406,0,2.82698,1,2.78721,1,y1
12,12.968,4.21759,0,4.21759,0,2.81784,1,2.76838,1,y1
12,13,4.20908,0,4.20908,0,2.81596,1,2.76463,1,y1
12,13.0221287386953,4.20284,0,4.20284,0,2.81464,1,2.76201,1,y1
12,13.104,4.17901,0,4.17901,0,2.81011,1,2.75181,1,y1
12,13.24,4.14225,0,4.14225,0,2.80322,1,2.73652,1,y1
12,13.3267473554907,4.11951,0,4.11951,0,2.7992,1,2.7266,1,y1
12,13.376,4.10666,0,4.10666,0,2.79702,1,2.72152,1,y1
12,13.5,4.07652,0,4.07652,0,2.79188,1,2.70911,1,y1
12,13.512,4.07357,0,4.07357,0,2.79141,1,2.70802,1,y1
12,13.6384917274956,4.04344,0,4.04344,0,2.78662,1,2.69715,1,y1
12,13.648,4.04119,0,4.04119,0,2.78627,1,2.69633,1,y1
12,13.784,4.00925,0,4.00925,0,2.78151,1,2.68513,1,y1
12,13.92,3.97789,0,3.97789,0,2.77708,1,2.6748,1,y1
12,13.9575285431017,3.96941,0,3.96941,0,2.7759,1,2.67196,1,y1
12,14,3.95997,0,3.95997,0,2.77459,1,2.66884,1,y1
12,14.056,3.94751,0,3.94751,0,2.77289,1,2.66485,1,y1
12,14.192,3.9175,0,3.9175,0,2.76887,1,2.65555,1,y1
12,14.2840283899392,3.89763,0,3.89763,0,2.76619,1,2.64988,1,y1
12,14.328,3.88812,0,3.88812,0,2.76492,1,2.64708,1,y1
12,14.464,3.85931,0,3.85931,0,2.76101,1,2.63842,1,y1
12,14.5,3.85189,0,3.85189,0,2.76,1,2.63621,1,y1
12,14.6,3.82985,0,3.82985,0,2.75722,1,2.63018,1,y1
12,14.6181658460895,3.82591,0,3.82591,0,2.75672,1,2.6291,1,y1
12,14.736,3.8017,0,3.8017,0,2.75352,1,2.62228,1,y1
12,14.872,3.77307,0,3.77307,0,2.74975,1,2.61459,1,y1
12,14.9601195734313,3.75567,0,3.75567,0,2.74721,1,2.60969,1,y1
12,15,3.74766,0,3.74766,0,2.74602,1,2.60749,1,y1
12,15.008,3.74605,0,3.74605,0,2.74578,1,2.60705,1,y1
12,15.144,3.71951,0,3.71951,0,2.74184,1,2.59965,1,y1
12,15.28,3.69232,0,3.69232,0,2.73828,1,2.59236,1,y1
12,15.3100724131702,3.68639,0,3.68639,0,2.73757,1,2.59076,1,y1
12,15.416,3.66554,0,3.66554,0,2.73511,1,2.58515,1,y1
12,15.5,3.64832,0,3.64832,0,2.73301,1,2.5807,1,y1
12,15.552,3.63802,0,3.63802,0,2.7316,1,2.57795,1,y1
12,15.6682114836034,3.61541,0,3.61541,0,2.728,1,2.5718,1,y1
12,15.688,3.61141,0,3.61141,0,2.72734,1,2.57075,1,y1
12,15.824,3.58456,0,3.58456,0,2.72281,1,2.56357,1,y1
12,15.96,3.55778,0,3.55778,0,2.71852,1,2.55637,1,y1
12,16,3.54986,0,3.54986,0,2.71734,1,2.55426,1,y1
12,16.0347282801707,3.543,0,3.543,0,2.71631,1,2.55243,1,y1
12,16.096,3.53093,0,3.53093,0,2.71448,1,2.54922,1,y1
12,16.232,3.50398,0,3.50398,0,2.71026,1,2.54217,1,y1
12,16.368,3.47718,0,3.47718,0,2.70564,1,2.53509,1,y1
12,16.4098187778465,3.46892,0,3.46892,0,2.70411,1,2.5329,1,y1
12,16.5,3.45107,0,3.45107,0,2.70059,1,2.52813,1,y1
12,16.504,3.45028,0,3.45028,0,2.70042,1,2.52792,1,y1
12,16.64,3.4233,0,3.4233,0,2.69509,1,2.52059,1,y1
12,16.776,3.39625,0,3.39625,0,2.69066,1,2.51319,1,y1
12,16.7936835359269,3.39273,0,3.39273,0,2.69009,1,2.51222,1,y1
12,16.912,3.36914,0,3.36914,0,2.68585,1,2.5057,1,y1
12,17,3.35154,0,3.35154,0,2.68225,1,2.50075,1,y1
12,17.048,3.34191,0,3.34191,0,2.6802,1,2.49802,1,y1
12,17.184,3.31452,0,3.31452,0,2.67419,1,2.49007,1,y1
12,17.1865278052676,3.31401,0,3.31401,0,2.67408,1,2.48992,1,y1
12,17.32,3.28695,0,3.28695,0,2.66842,1,2.48188,1,y1
12,17.456,3.25932,0,3.25932,0,2.66359,1,2.47378,1,y1
12,17.5,3.25039,0,3.25039,0,2.66186,1,2.47119,1,y1
12,17.588561638031,3.23242,0,3.23242,0,2.65794,1,2.46597,1,y1
12,17.592,3.23172,0,3.23172,0,2.65777,1,2.46577,1,y1
12,17.728,3.20384,0,3.20384,0,2.65084,1,2.45774,1,y1
12,17.864,3.17566,0,3.17566,0,2.64557,1,2.44951,1,y1
12,18,3.14736,0,3.14736,0,2.63888,1,2.44106,1,y1
13,1,0,1,0,1,0,1,0,1,y1
13,1.02361672632689,0,1,0,1,0,1,0,1,y1
13,1.04779120241618,0,1,0,1,0,1,0,1,y1
13,1.07253660049137,0,1,0,1,0,1,0,1,y1
13,1.09786640386075,0,1,0,1,0,1,0,1,y1
13,1.12379441426421,0,1,0,1,0,1,0,1,y1
13,1.14,0,1,0,1,0,1,0,1,y1
13,1.15033475939358,0,1,0,1,0,1,0,1,y1
13,1.17750190059049,0,1,0,1,0,1,0,1,y1
13,1.20531064072613,0,1,0,1,0,1,0,1,y1
13,1.23377613226705,0,1,0,1,0,1,0,1,y1
13,1.26291388553145,0,1,0,1,0,1,0,1,y1
13,1.28,0,1,0,1,0,1,0,1,y1
13,1.29273977714047,0,1,0,1,0,1,0,1,y1
13,1.32327005866909,0,1,0,1,0,1,0,1,y1
13,1.35452136550124,0,1,0,1,0.281279,1,0.313424,1,y1
13,1.38651072589421,0,1,0,1,0.7784,1,0.7924,1,y1
13,1.41925557025695,0,1,0,1,1.17843,1,1.18221,1,y1
13,1.42,0,1,0,1,1.1869,1,1.19047,1,y1
13,1.45277374064763,0,1,0,1,1.5401,1,1.53588,1,y1
13,1.4870835004954,0,1,0,1,1.87581,1,1.86502,1,y1
13,1.5,0,1,0,1,1.99445,1,1.98152,1,y1
13,1.52220354455183,0,1,0,1,2.18948,1,2.17324,1,y1
13,1.55815300907734,0,1,0,1,2.48375,1,2.46276,1,y1
13,1.56,0,1,0,1,2.49821,1,2.47699,1,y1
13,1.59495148226814,0,1,0,1,2.76077,1,2.73554,1,y1
13,1.63261901492953,0,1,0,1,3.02225,0,2.99357,1,y1
13,1.6711761314012,0,1,0,1,3.26984,0,3.23812,0,y1
13,1.7,0,1,0,1,3.44311,0,3.4094,0,y1
13,1.71064384074053,0,1,0,1,3.50473,0,3.47037,0,y1
13,1.75104364817009,0,1,0,1,3.72829,0,3.69157,0,y1
13,1.79239756679536,0,1,0,1,3.94155,0,3.9029,0,y1
13,1.83472812959935,0,1,0,1,4.14519,0,4.10482,0,y1
13,1.84,0,1,0,1,4.16961,0,4.129,0,y1
13,1.87805840172035,0,1,0,1,4.3395,0,4.29769,0,y1
13,1.92241199301969,0,1,0,1,4.52628,0,4.48224,0,y1
13,1.96781307094637,0,1,0,1,4.70616,0,4.65978,0,y1
13,1.98,0,1,0,1,4.75238,0,4.70569,0,y1
13,2,0.189303,1,0.189303,1,4.82667,0,4.77941,0,y1
13,2.01428637370539,0.582259,1,0.582259,1,4.87866,0,4.83082,0,y1
13,2.06185722373718,1.49407,1,1.49407,1,5.04545,0,4.99463,0,y1
13,2.1105515415153,2.19021,1,2.19021,1,5.20561,0,5.15219,0,y1
13,2.12,2.30776,1,2.30776,1,5.23551,0,5.18192,0,y1
13,2.16039585967007,2.76145,1,2.76145,1,5.35902,0,5.3058,0,y1
13,2.21141733744564,3.2447,0,3.2447,0,5.50624,0,5.45402,0,y1
13,2.26,3.63454,0,3.63454,0,5.6382,0,5.58702,0,y1
13,2.26364377549864,3.66156,0,3.66156,0,5.6478,0,5.59669,0,y1
13,2.31710363104616,4.02809,0,4.02809,0,5.78418,0,5.73401,0,y1
13,2.37182603337162,4.35457,0,4.35457,0,5.91577,0,5.8663,0,y1
13,2.4,4.50687,0,4.50687,0,5.98061,0,5.93141,0,y1
13,2.42784079969675,4.64829,0,4.64829,0,6.04282,0,5.9939,0,y1
13,2.48517845142845,4.91472,0,4.91472,0,6.16548,0,6.11715,0,y1
13,2.5,4.97876,0,4.97876,0,6.19605,0,6.14787,0,y1
13,2.54,5.14283,0,5.14283,0,6.27636,0,6.22859,0,y1
13,2.54387023078932,5.15807,0,5.15807,0,6.28395,0,6.23624,0,y1
13,2.603948117841,5.3816,0,5.3816,0,6.39849,0,6.35136,0,y1
13,2.66544484790947,5.58793,0,5.58793,0,6.50914,0,6.46265,0,y1
13,2.68,5.63383,0,5.63383,0,6.5344,0,6.48807,0,y1
13,2.72839392942197,5.77914,0,5.77914,0,6.61599,0,6.57023,0,y1
13,2.79282966216508,5.95707,0,5.95707,0,6.71917,0,6.6742,0,y1
13,2.82,6.02731,0,6.02731,0,6.7609,0,6.71628,0,y1
13,2.85878715597406,6.12308,0,6.12308,0,6.81874,0,6.77464,0,y1
13,2.92630234986353,6.27839,0,6.27839,0,6.91479,0,6.8716,0,y1
13,2.96,6.35096,0,6.35096,0,6.96063,0,6.9179,0,y1
13,2.99541203160999,6.42395,0,6.42395,0,7.00735,0,6.96513,0,y1
13,3,6.43318,0,6.43318,0,7.0133,0,6.97114,0,y1
13,3.0661538577968,6.5608,0,6.5608,0,7.09641,0,7.05521,0,y1
13,3.1,6.62226,0,6.62226,0,7.13707,0,7.09639,0,y1
13,3.13856637433253,6.6895,0,6.6895,0,7.18193,0,7.14185,0,y1
13,3.21268903745392,6.81075,0,6.81075,0,7.26385,0,7.22499,0,y1
13,3.24,6.85282,0,6.85282,0,7.29265,0,7.25426,0,y1
13,3.28856223522488,6.92497,0,6.92497,0,7.34207,0,7.30454,0,y1
13,3.36622730954313,7.03298,0,7.03298,0,7.41645,0,7.38035,0,y1
13,3.38,7.05135,0,7.05135,0,7.42905,0,7.39321,0,y1
13,3.44572657866672,7.13498,0,7.13498,0,7.48677,0,7.45225,0,y1
13,3.5,7.19991,0,7.19991,0,7.53147,0,7.49809,0,y1
13,3.52,7.22301,0,7.22301,0,7.54727,0,7.51432,0,y1
13,3.52710336027238,7.2311,0,7.2311,0,7.55279,0,7.52,0,y1
13,3.61040199505859,7.32189,0,7.32189,0,7.61416,0,7.58329,0,y1
13,3.66,7.37253,0,7.37253,0,7.64774,0,7.61808,0,y1
13,3.69566787090595,7.4074,0,7.4074,0,7.67052,0,7.64176,0,y1
13,3.78294744760822,7.48819,0,7.48819,0,7.72143,0,7.69499,0,y1
13,3.8,7.50322,0,7.50322,0,7.73057,0,7.7046,0,y1
13,3.8722882821874,7.56398,0,7.56398,0,7.76636,0,7.74245,0,y1
13,3.94,7.61681,0,7.61681,0,7.79554,0,7.7737,0,y1
13,3.96373905480664,7.63432,0,7.63432,0,7.80478,0,7.78369,0,y1
13,4,7.6604,0,7.6604,0,7.81787,0,7.79795,0,y1
13,4.05734959529522,7.69926,0,7.69926,0,7.83611,0,7.81804,0,y1
13,4.08,7.71384,0,7.71384,0,7.84247,0,7.82514,0,y1
13,4.15317091029983,7.75838,0,7.75838,0,7.85975,0,7.84495,0,y1
13,4.22,7.79565,0,7.79565,0,7.8712,0,7.85883,0,y1
13,4.25125521107718,7.8119,0,7.8119,0,7.87516,0,7.86391,0,y1
13,4.35165594194296,7.85939,0,7.85939,0,7.88185,0,7.87415,0,y1
13,4.36,7.86297,0,7.86297,0,7.882,0,7.8746,0,y1
13,4.45442780939262,7.8995,0,7.8995,0,7.87928,0,7.87553,0,y1
13,4.5,7.91471,0,7.91471,0,7.87522,0,7.87314,0,y1
13,4.55962681190993,7.93246,0,7.93246,0,7.86731,0,7.86714,0,y1
13,4.64,7.95284,0,7.95284,0,7.85209,0,7.85451,0,y1
13,4.66731027047957,7.95877,0,7.95877,0,7.84574,0,7.84916,0,y1
13,4.77753685982017,7.97796,0,7.97796,0,7.81467,0,7.82167,0,y1
13,4.78,7.97829,0,7.97829,0,7.81389,0,7.82095,0,y1
13,4.89036664035518,7.98921,0,7.98921,0,7.7748,0,7.78472,0,y1
13,4.92,7.9908,0,7.9908,0,7.76296,0,7.77386,0,y1
13,5,7.99198,0,7.99198,0,7.72835,0,7.74186,0,y1
13,5.0058610909386,7.99196,0,7.99196,0,7.72568,0,7.73935,0,y1
13,5.06,7.99046,0,7.99046,0,7.70042,0,7.71527,0,y1
13,5.12408314235373,7.98575,0,7.98575,0,7.66912,0,7.68486,0,y1
13,5.2,7.97777,0,7.97777,0,7.62969,0,7.64631,0,y1
13,5.24509721160293,7.97072,0,7.97072,0,7.60504,0,7.62245,0,y1
13,5.34,7.95291,0,7.95291,0,7.5514,0,7.5702,0,y1
13,5.36896923700729,7.94594,0,7.94594,0,7.53473,0,7.55375,0,y1
13,5.48,7.91709,0,7.91709,0,7.46932,0,7.48913,0,y1
13,5.49576671413519,7.91211,0,7.91211,0,7.45991,0,7.47977,0,y1
13,5.5,7.91078,0,7.91078,0,7.45738,0,7.47725,0,y1
13,5.62,7.87098,0,7.87098,0,7.3845,0,7.40486,0,y1
13,5.62555873257936,7.86897,0,7.86897,0,7.38108,0,7.40147,0,y1
13,5.75841601360254,7.81686,0,7.81686,0,7.29874,0,7.31983,0,y1
13,5.76,7.81619,0,7.81619,0,7.29776,0,7.31885,0,y1
13,5.89441094867218,7.75604,0,7.75604,0,7.21388,0,7.2358,0,y1
13,5.9,7.7534,0,7.7534,0,7.2104,0,7.23236,0,y1
13,6,7.70425,0,7.70425,0,7.14839,0,7.17092,0,y1
13,6.03361763890519,7.68701,0,7.68701,0,7.12771,0,7.1504,0,y1
13,6.04,7.6837,0,7.6837,0,7.12379,0,7.14651,0,y1
13,6.17611193544432,7.61033,0,7.61033,0,7.04131,0,7.06458,0,y1
13,6.18,7.60816,0,7.60816,0,7.03899,0,7.06227,0,y1
13,6.32,7.52776,0,7.52776,0,6.95692,0,6.98041,0,y1
13,6.32197148078795,7.5266,0,7.5266,0,6.95579,0,6.97928,0,y1
13,6.46,7.4434,0,7.4434,0,6.87821,0,6.90156,0,y1
13,6.47127575109613,7.43645,0,7.43645,0,6.87204,0,6.89536,0,y1
13,6.5,7.41868,0,7.41868,0,6.85641,0,6.87965,0,y1
13,6.6,7.35587,0,7.35587,0,6.80334,0,6.82617,0,y1
13,6.62410609949561,7.34053,0,7.34053,0,6.79087,0,6.81357,0,y1
13,6.74,7.26589,0,7.26589,0,6.73267,0,6.75459,0,y1
13,6.78054580040769,7.23947,0,7.23947,0,6.71301,0,6.73461,0,y1
13,6.88,7.1741,0,7.1741,0,6.6664,0,6.68708,0,y1
13,6.94068009492287,7.1339,0,7.1339,0,6.63907,0,6.65912,0,y1
13,7,7.09442,0,7.09442,0,6.61315,0,6.63257,0,y1
13,7.02,7.08107,0,7.08107,0,6.60461,0,6.6238,0,y1
13,7.10459623724716,7.02446,0,7.02446,0,6.5695,0,6.58766,0,y1
13,7.16,6.98728,0,6.98728,0,6.5474,0,6.56486,0,y1
13,7.27238354224529,6.91175,0,6.91175,0,6.50474,0,6.52072,0,y1
13,7.3,6.89318,0,6.89318,0,6.49471,0,6.51031,0,y1
13,7.44,6.79916,0,6.79916,0,6.44652,0,6.46014,0,y1
13,7.44413343410668,6.79639,0,6.79639,0,6.44516,0,6.45872,0,y1
13,7.5,6.75898,0,6.75898,0,6.42724,0,6.43997,0,y1
13,7.58,6.70558,0,6.70558,0,6.4028,0,6.41431,0,y1
13,7.61993949616083,6.67901,0,6.67901,0,6.3911,0,6.40203,0,y1
13,7.72,6.61275,0,6.61275,0,6.36338,0,6.37278,0,y1
13,7.79989752186913,6.56025,0,6.56025,0,6.34282,0,6.35097,0,y1
13,7.86,6.52101,0,6.52101,0,6.32821,0,6.33545,0,y1
13,7.98410556702091,6.44077,0,6.44077,0,6.3005,0,6.30576,0,y1
13,8,6.43059,0,6.43059,0,6.29718,0,6.30219,0,y1
13,8.14,6.34177,0,6.34177,0,6.27007,0,6.27288,0,y1
13,8.17266400316225,6.32129,0,6.32129,0,6.26433,0,6.2666,0,y1
13,8.28,6.25475,0,6.25475,0,6.24684,0,6.24739,0,y1
13,8.36567557228656,6.20253,0,6.20253,0,6.23444,0,6.2336,0,y1
13,8.42,6.16986,0,6.16986,0,6.22728,0,6.22556,0,y1
13,8.5,6.12236,0,6.12236,0,6.21769,0,6.21468,0,y1
13,8.56,6.08723,0,6.08723,0,6.21121,0,6.20727,0,y1
13,8.56324544281681,6.08534,0,6.08534,0,6.21088,0,6.20688,0,y1
13,8.7,6.00708,0,6.00708,0,6.19849,0,6.19234,0,y1
13,8.76548126690981,5.97059,0,5.97059,0,6.19364,0,6.18648,0,y1
13,8.84,5.92979,0,5.92979,0,6.18894,0,6.18064,0,y1
13,8.97249323911391,5.85912,0,5.85912,0,6.1827,0,6.1724,0,y1
13,8.98,5.85519,0,5.85519,0,6.18243,0,6.17201,0,y1
13,9,5.84477,0,5.84477,0,6.18174,0,6.17102,0,y1
13,9.12,5.78376,0,5.78376,0,6.17879,0,6.1663,0,y1
13,9.18439415641194,5.75206,0,5.75206,0,6.178,0,6.16459,0,y1
13,9.26,5.71567,0,5.71567,0,6.17778,0,6.1633,0,y1
13,9.4,5.65038,0,5.65038,0,6.17932,0,6.1629,0,y1
13,9.40129947968222,5.64979,0,5.64979,0,6.17935,0,6.1629,0,y1
13,9.5,5.60536,0,5.60536,0,6.18187,0,6.16409,0,y1
13,9.54,5.58753,0,5.58753,0,6.1832,0,6.16489,0,y1
13,9.62332739661101,5.55011,0,5.55011,0,6.18655,0,6.16718,0,y1
13,9.68,5.52406,0,5.52406,0,6.18925,0,6.16917,0,y1
13,9.82,5.45907,0,5.45907,0,6.19735,0,6.17557,0,y1
13,9.85059888609085,5.44511,0,5.44511,0,6.19937,0,6.17724,0,y1
13,9.96,5.39501,0,5.39501,0,6.20731,0,6.18396,0,y1
13,10,5.37629,0,5.37629,0,6.21048,0,6.1867,0,y1
13,10.0832377841396,5.33639,0,5.33639,0,6.21753,0,6.19287,0,y1
13,10.1,5.32837,0,5.32837,0,6.21902,0,6.19418,0,y1
13,10.24,5.26353,0,5.26353,0,6.23235,0,6.20611,0,y1
13,10.3213708513766,5.22574,0,5.22574,0,6.24078,0,6.21377,0,y1
13,10.38,5.19837,0,5.19837,0,6.24715,0,6.21961,0,y1
13,10.5,5.14297,0,5.14297,0,6.26092,0,6.23233,0,y1
13,10.52,5.13381,0,5.13381,0,6.26331,0,6.23455,0,y1
13,10.5651278420919,5.11321,0,5.11321,0,6.26878,0,6.23965,0,y1
13,10.66,5.07007,0,5.07007,0,6.28069,0,6.25081,0,y1
13,10.8,5.00686,0,5.00686,0,6.29917,0,6.26825,0,y1
13,10.8146415749472,5.00033,0,5.00033,0,6.30116,0,6.27014,0,y1
13,10.94,4.94499,0,4.94499,0,6.31863,0,6.28676,0,y1
13,11,4.91882,0,4.91882,0,6.32724,0,6.295,0,y1
13,11.0700480053462,4.8885,0,4.8885,0,6.33748,0,6.30483,0,y1
13,11.08,4.88421,0,4.88421,0,6.33895,0,6.30624,0,y1
13,11.22,4.82483,0,4.82483,0,6.36004,0,6.32657,0,y1
13,11.331486299514,4.77866,0,4.77866,0,6.37732,0,6.34332,0,y1
13,11.36,4.767,0,4.767,0,6.3818,0,6.34767,0,y1
13,11.5,4.7107,0,4.7107,0,6.40413,0,6.36944,0,y1
13,11.5,4.7107,0,4.7107,0,6.40413,0,6.36944,0,y1
13,11.5990989103265,4.67188,0,4.67188,0,6.42022,0,6.3852,0,y1
13,11.64,4.65612,0,4.65612,0,6.42693,0,6.39178,0,y1
13,11.78,4.60324,0,4.60324,0,6.45009,0,6.41459,0,y1
13,11.8730316549302,4.56901,0,4.56901,0,6.4651,0,6.42956,0,y1
13,11.92,4.55206,0,4.55206,0,6.47177,0,6.43646,0,y1
13,12,4.52367,0,4.52367,0,6.48111,0,6.44663,0,y1
13,12.06,4.50267,0,4.50267,0,6.48588,0,6.45252,0,y1
13,12.1534337941952,4.47058,0,4.47058,0,6.48744,0,6.45726,0,y1
13,12.2,4.45505,0,4.45505,0,6.48545,0,6.45699,0,y1
13,12.34,4.41018,0,4.41018,0,6.47027,0,6.44465,0,y1
13,12.4404581140447,4.37713,0,4.37713,0,6.45128,0,6.42764,0,y1
13,12.48,4.3645,0,4.3645,0,6.44197,0,6.41945,0,y1
13,12.5,4.35822,0,4.35822,0,6.43686,0,6.41495,0,y1
13,12.62,4.32161,0,4.32161,0,6.40074,0,6.38328,0,y1
13,12.7342610087053,4.28823,0,4.28823,0,6.3579,0,6.34433,0,y1
13,12.76,4.2812,0,4.2812,0,6.34714,0,6.33421,0,y1
13,12.9,4.24136,0,4.24136,0,6.28169,0,6.27264,0,y1
13,13,4.21216,0,4.21216,0,6.22808,0,6.22284,0,y1
13,13.0350025659231,4.20254,0,4.20254,0,6.20805,0,6.2043,0,y1
13,13.04,4.20119,0,4.20119,0,6.20513,0,6.2016,0,y1
13,13.18,4.16317,0,4.16317,0,6.11799,0,6.12104,0,y1
13,13.32,4.12791,0,4.12791,0,6.02076,0,6.02687,0,y1
13,13.3428466541928,4.12221,0,4.12221,0,6.00426,0,6.01061,0,y1
13,13.46,4.09308,0,4.09308,0,5.91812,0,5.92472,0,y1
13,13.5,4.08325,0,4.08325,0,5.88768,0,5.89519,0,y1
13,13.6,4.06059,0,4.06059,0,5.80865,0,5.81942,0,y1
13,13.6579610120465,4.04604,0,4.04604,0,5.76074,0,5.77224,0,y1
13,13.74,4.02556,0,4.02556,0,5.69115,0,5.70266,0,y1
13,13.88,3.99163,0,3.99163,0,5.56803,0,5.58395,0,y1
13,13.9805173394514,3.97016,0,3.97016,0,5.47632,0,5.49601,0,y1
13,14,3.96607,0,3.96607,0,5.45842,0,5.47896,0,y1
13,14.02,3.96178,0,3.96178,0,5.43999,0,5.46138,0,y1
13,14.16,3.9323,0,3.9323,0,5.30954,0,5.33171,0,y1
13,14.3,3.9001,0,3.9001,0,5.17528,0,5.19918,0,y1
13,14.3106913913656,3.89766,0,3.89766,0,5.16486,0,5.18898,0,y1
13,14.44,3.86991,0,3.86991,0,5.0384,0,5.06414,0,y1
13,14.5,3.8573,0,3.8573,0,4.97925,0,5.00486,0,y1
13,14.58,3.84058,0,3.84058,0,4.89976,0,4.92498,0,y1
13,14.648663073504,3.82635,0,3.82635,0,4.82945,0,4.85709,0,y1
13,14.72,3.8116,0,3.8116,0,4.75661,0,4.78519,0,y1
13,14.86,3.78292,0,3.78292,0,4.61328,0,4.64421,0,y1
13,14.9946165403658,3.7556,0,3.7556,0,4.47374,0,4.50614,0,y1
13,15,3.75451,0,3.75451,0,4.46813,0,4.50058,0,y1
13,15,3.75451,0,3.75451,0,4.46813,0,4.50058,0,y1
13,15.14,3.72623,0,3.72623,0,4.32142,0,4.35544,0,y1
13,15.28,3.69814,0,3.69814,0,4.17388,0,4.20912,0,y1
13,15.3487402955763,3.68445,0,3.68445,0,4.10119,0,4.13691,0,y1
13,15.42,3.67026,0,3.67026,0,4.02527,0,4.06189,0,y1
13,15.5,3.65435,0,3.65435,0,3.93976,0,3.97724,0,y1
13,15.56,3.64247,0,3.64247,0,3.87579,0,3.91355,0,y1
13,15.7,3.61457,0,3.61457,0,3.72552,0,3.76438,0,y1
13,15.7112272945994,3.6123,0,3.6123,0,3.71343,0,3.75239,0,y1
13,15.84,3.58634,0,3.58634,0,3.57442,0,3.61433,0,y1
13,15.98,3.55841,0,3.55841,0,3.4225,0,3.4634,0,y1
13,16,3.55434,0,3.55434,0,3.40076,0,3.44182,0,y1
13,16.0822750498756,3.53757,0,3.53757,0,3.3114,0,3.35293,0,y1
13,16.12,3.5301,0,3.5301,0,3.27036,0,3.312,0,y1
13,16.26,3.50388,0,3.50388,0,3.11734,0,3.16025,0,y1
13,16.4,3.47677,0,3.47677,0,2.96387,1,3.00813,0,y1
13,16.4620857384423,3.46478,0,3.46478,0,2.89557,1,2.94036,1,y1
13,16.5,3.45758,0,3.45758,0,2.85398,1,2.89892,1,y1
13,16.54,3.45003,0,3.45003,0,2.81018,1,2.85526,1,y1
13,16.68,3.42159,0,3.42159,0,2.65606,1,2.70197,1,y1
13,16.82,3.39317,0,3.39317,0,2.50126,1,2.54838,1,y1
13,16.8508663120969,3.38712,0,3.38712,0,2.46709,1,2.51444,1,y1
13,16.96,3.36516,0,3.36516,0,2.3462,1,2.39406,1,y1
13,17,3.35708,0,3.35708,0,2.30184,1,2.34989,1,y1
13,17.1,3.33695,0,3.33695,0,2.19076,1,2.23922,1,y1
13,17.24,3.30869,0,3.30869,0,2.03495,1,2.08433,1,y1
13,17.2488286101607,3.3069,0,3.3069,0,2.02512,1,2.07455,1,y1
13,17.38,3.28026,0,3.28026,0,1.87873,1,1.9288,1,y1
13,17.5,3.25578,0,3.25578,0,1.74461,1,1.79532,1,y1
13,17.52,3.25169,0,3.25169,0,1.7222,1,1.77309,1,y1
13,17.6561894749063,3.22384,0,3.22384,0,1.56957,1,1.62162,1,y1
13,17.66,3.22306,0,3.22306,0,1.5653,1,1.61737,1,y1
13,17.8,3.19431,0,3.19431,0,1.40803,1,1.46121,1,y1
13,17.94,3.16532,0,3.16532,0,1.25066,1,1.30448,1,y1
13,18,3.15277,0,3.15277,0,1.18306,1,1.23711,1,y1
13,18.0731708697109,3.13738,0,3.13738,0,1.10052,1,1.15517,1,y1
13,18.08,3.13593,0,3.13593,0,1.09282,1,1.14752,1,y1
13,18.22,3.1063,0,3.1063,0,0.93468,1,0.99028,1,y1
13,18.36,3.07697,0,3.07697,0,0.776088,1,0.832787,1,y1
13,18.5,3.04771,0,3.04771,0,0.617444,1,0.674936,1,y1
14,1,0,1,0,1,0,1,0,1,y1
14,1.02316176962892,0,1,0,1,0,1,0,1,y1
14,1.04686000683017,0,1,0,1,0,1,0,1,y1
14,1.0711071371421,0,1,0,1,0,1,0,1,y1
14,1.09591587390047,0,1,0,1,0,1,0,1,y1
14,1.12129922490442,0,1,0,1,0,1,0,1,y1
14,1.132,0,1,0,1,0,1,0,1,y1
14,1.14727049923674,0,1,0,1,0,1,0,1,y1
14,1.17384331424211,0,1,0,1,0,1,0,1,y1
14,1.20103160266703,0,1,0,1,0,1,0,1,y1
14,1.22884961996505,0,1,0,1,0,1,0,1,y1
14,1.25731195177126,0,1,0,1,0,1,0,1,y1
14,1.264,0,1,0,1,0,1,0,1,y1
14,1.28643352154987,0,1,0,1,0,1,0,1,y1
14,1.31622959841892,0,1,0,1,0,1,0,1,y1
14,1.34671580515626,0,1,0,1,0,1,0,1,y1
14,1.37790812639091,0,1,0,1,0,1,0,1,y1
14,1.396,0,1,0,1,0,1,0,1,y1
14,1.40982291698419,0,1,0,1,0,1,0,1,y1
14,1.44247691060494,0,1,0,1,0,1,0,1,y1
14,1.4758872285034,0,1,0,1,0,1,0,1,y1
14,1.5,0,1,0,1,0,1,0,1,y1
14,1.51007138848825,0,1,0,1,0,1,0,1,y1
14,1.528,0,1,0,1,0,1,0,1,y1
14,1.54504731411164,0,1,0,1,0,1,0,1,y1
14,1.58083334406686,0,1,0,1,0,1,0,1,y1
14,1.61744824180385,0,1,0,1,0,1,0,1,y1
14,1.6549112053672,0,1,0,1,1.17751,1,0.464264,1,y1
14,1.66,0,1,0,1,1.30307,1,0.628929,1,y1
14,1.69324187746223,0,1,0,1,2.02574,1,1.46505,1,y1
14,1.73246035575404,0,1,0,1,2.72085,1,2.22886,1,y1
14,1.77258720340524,0,1,0,1,3.30938,0,2.86713,1,y1
14,1.792,0,1,0,1,3.5605,0,3.13731,0,y1
14,1.81364345985768,0,1,0,1,3.81934,0,3.41462,0,y1
14,1.85565065186389,0,1,0,1,4.26875,0,3.89359,0,y1
14,1.89863080477411,0,1,0,1,4.67019,0,4.31875,0,y1
14,1.924,0,1,0,1,4.88452,0,4.54493,0,y1
14,1.94260645408465,0,1,0,1,5.03253,0,4.70081,0,y1
14,1.9876006572538,0,1,0,1,5.36255,0,5.04747,0,y1
14,2,0.189146,1,0.189146,1,5.44729,0,5.13629,0,y1
14,2.03363700579139,0.996091,1,0.996091,1,5.66528,0,5.36446,0,y1
14,2.056,1.39779,1,1.39779,1,5.8014,0,5.50671,0,y1
14,2.08073963762837,1.78421,1,1.78421,1,5.94461,0,5.65617,0,y1
14,2.12893324977287,2.4146,1,2.4146,1,6.20365,0,5.92611,0,y1
14,2.17824311125945,2.94012,1,2.94012,1,6.44488,0,6.17705,0,y1
14,2.188,3.03305,0,3.03305,0,6.49007,0,6.22401,0,y1
14,2.22869507639821,3.38921,0,3.38921,0,6.67037,0,6.41123,0,y1
14,2.28031559833084,3.78108,0,3.78108,0,6.88181,0,6.63052,0,y1
14,2.32,4.04613,0,4.04613,0,7.03268,0,6.78687,0,y1
14,2.33313174290061,4.12796,0,4.12796,0,7.08056,0,6.83648,0,y1
14,2.38717120284358,4.43845,0,4.43845,0,7.26777,0,7.03039,0,y1
14,2.44246231230862,4.71902,0,4.71902,0,7.44447,0,7.21332,0,y1
14,2.452,4.76415,0,4.76415,0,7.47357,0,7.24343,0,y1
14,2.49903406171362,4.97442,0,4.97442,0,7.61153,0,7.38615,0,y1
14,2.5,4.97854,0,4.97854,0,7.61427,0,7.38898,0,y1
14,2.55691611294585,5.20843,0,5.20843,0,7.76967,0,7.54979,0,y1
14,2.584,5.30975,0,5.30975,0,7.83961,0,7.62221,0,y1
14,2.61613881491436,5.42397,0,5.42397,0,7.91941,0,7.70492,0,y1
14,2.67673321946267,5.62341,0,5.62341,0,8.06094,0,7.85203,0,y1
14,2.716,5.74277,0,5.74277,0,8.14686,0,7.94166,0,y1
14,2.73873109764993,5.80867,0,5.80867,0,8.19466,0,7.99158,0,y1
14,2.80216495640924,5.98133,0,5.98133,0,8.32098,0,8.12365,0,y1
14,2.848,6.09678,0,6.09678,0,8.40614,0,8.21283,0,y1
14,2.86706805559181,6.14271,0,6.14271,0,8.44012,0,8.24843,0,y1
14,2.93347442540585,6.29391,0,6.29391,0,8.55182,0,8.36597,0,y1
14,2.98,6.39241,0,6.39241,0,8.62365,0,8.44301,0,y1
14,3,6.43303,0,6.43303,0,8.65297,0,8.47473,0,y1
14,3.00141888425942,6.43587,0,6.43587,0,8.65502,0,8.47695,0,y1
14,3.07093705701651,6.56939,0,6.56939,0,8.75065,0,8.58103,0,y1
14,3.112,6.64326,0,6.64326,0,8.80276,0,8.63808,0,y1
14,3.14206539367602,6.69519,0,6.69519,0,8.83892,0,8.67761,0,y1
14,3.21484118848333,6.81395,0,6.81395,0,8.91846,0,8.7663,0,y1
14,3.244,6.85897,0,6.85897,0,8.94714,0,8.79862,0,y1
14,3.28930259948453,6.92622,0,6.92622,0,8.98804,0,8.84515,0,y1
14,3.36548866853358,7.03237,0,7.03237,0,9.04641,0,8.91495,0,y1
14,3.376,7.04636,0,7.04636,0,9.05345,0,8.92375,0,y1
14,3.44343934176288,7.13254,0,7.13254,0,9.0929,0,8.97567,0,y1
14,3.5,7.20021,0,7.20021,0,9.11852,0,9.01282,0,y1
14,3.508,7.20947,0,7.20947,0,9.1216,0,9.01761,0,y1
14,3.52319549052794,7.22686,0,7.22686,0,9.1271,0,9.02639,0,y1
14,3.60479893283718,7.31608,0,7.31608,0,9.14861,0,9.06615,0,y1
14,3.64,7.35254,0,7.35254,0,9.15385,0,9.07953,0,y1
14,3.68829245527811,7.40066,0,7.40066,0,9.15721,0,9.09419,0,y1
14,3.772,7.47904,0,7.47904,0,9.15312,0,9.10978,0,y1
14,3.77371983545133,7.48058,0,7.48058,0,9.15291,0,9.10997,0,y1
14,3.86112586492412,7.55571,0,7.55571,0,9.13595,0,9.11319,0,y1
14,3.904,7.58998,0,7.58998,0,9.1234,0,9.11023,0,y1
14,3.95055637271574,7.62528,0,7.62528,0,9.10686,0,9.1038,0,y1
14,4,7.66091,0,7.66091,0,9.08623,0,9.09349,0,y1
14,4.036,7.68577,0,7.68577,0,9.06935,0,9.08385,0,y1
14,4.04205824932663,7.68986,0,7.68986,0,9.06636,0,9.08206,0,y1
14,4.13567947132419,7.74956,0,7.74956,0,9.01526,0,9.04845,0,y1
14,4.168,7.76849,0,7.76849,0,8.99564,0,9.03444,0,y1
14,4.23146912649803,7.80316,0,7.80316,0,8.95447,0,9.00363,0,y1
14,4.3,7.83733,0,7.83733,0,8.90651,0,8.96591,0,y1
14,4.32947743959785,7.85104,0,7.85104,0,8.88489,0,8.94839,0,y1
14,4.4297557986674,7.89257,0,7.89257,0,8.80737,0,8.88359,0,y1
14,4.432,7.89341,0,7.89341,0,8.80557,0,8.88205,0,y1
14,4.5,7.91751,0,7.91751,0,8.7499,0,8.83396,0,y1
14,4.53235678198848,7.92796,0,7.92796,0,8.72267,0,8.81007,0,y1
14,4.564,7.93746,0,7.93746,0,8.69562,0,8.78614,0,y1
14,4.63733418564895,7.95646,0,7.95646,0,8.63149,0,8.72867,0,y1
14,4.696,7.96893,0,7.96893,0,8.57888,0,8.6809,0,y1
14,4.74474305174925,7.97746,0,7.97746,0,8.53441,0,8.64014,0,y1
14,4.828,7.98829,0,7.98829,0,8.45705,0,8.56852,0,y1
14,4.85463969726226,7.99079,0,7.99079,0,8.43196,0,8.54514,0,y1
14,4.96,7.99595,0,7.99595,0,8.33141,0,8.45072,0,y1
14,4.96708174356163,7.99604,0,7.99604,0,8.32458,0,8.44427,0,y1
14,5,7.99601,0,7.99601,0,8.29274,0,8.41416,0,y1
14,5.082128146634,7.99284,0,7.99284,0,8.21264,0,8.33805,0,y1
14,5.092,7.99216,0,7.99216,0,8.20295,0,8.32881,0,y1
14,5.19983922799096,7.98088,0,7.98088,0,8.09647,0,8.2269,0,y1
14,5.224,7.97734,0,7.97734,0,8.07246,0,8.20384,0,y1
14,5.32027670629708,7.96018,0,7.96018,0,7.97634,0,8.11124,0,y1
14,5.356,7.95257,0,7.95257,0,7.94053,0,8.07662,0,y1
14,5.44350372973042,7.93102,0,7.93102,0,7.85252,0,7.99134,0,y1
14,5.488,7.91853,0,7.91853,0,7.80766,0,7.94775,0,y1
14,5.5,7.91497,0,7.91497,0,7.79555,0,7.93598,0,y1
14,5.56958490909258,7.89287,0,7.89287,0,7.72524,0,7.86753,0,y1
14,5.62,7.87536,0,7.87536,0,7.67425,0,7.8178,0,y1
14,5.69858635168566,7.84565,0,7.84565,0,7.59473,0,7.74006,0,y1
14,5.752,7.82391,0,7.82391,0,7.54068,0,7.68713,0,y1
14,5.83057569597389,7.7897,0,7.7897,0,7.46122,0,7.60919,0,y1
14,5.884,7.7651,0,7.7651,0,7.40725,0,7.55615,0,y1
14,5.96562214704798,7.72553,0,7.72553,0,7.32497,0,7.47508,0,y1
14,6,7.7082,0,7.7082,0,7.29037,0,7.44097,0,y1
14,6.016,7.7,0,7.7,0,7.27428,0,7.4251,0,y1
14,6.10379651291106,7.65364,0,7.65364,0,7.18619,0,7.33812,0,y1
14,6.148,7.62949,0,7.62949,0,7.142,0,7.29439,0,y1
14,6.24517124160489,7.57465,0,7.57465,0,7.04526,0,7.19847,0,y1
14,6.28,7.55446,0,7.55446,0,7.01071,0,7.16418,0,y1
14,6.38982045919606,7.48915,0,7.48915,0,6.90239,0,7.05646,0,y1
14,6.412,7.47569,0,7.47569,0,6.88064,0,7.03478,0,y1
14,6.5,7.42144,0,7.42144,0,6.79474,0,6.94904,0,y1
14,6.53782000864209,7.39776,0,7.39776,0,6.75801,0,6.91236,0,y1
14,6.544,7.39387,0,7.39387,0,6.75202,0,6.90637,0,y1
14,6.676,7.30967,0,7.30967,0,6.62521,0,6.77922,0,y1
14,6.68924748955757,7.30111,0,7.30111,0,6.61259,0,6.76654,0,y1
14,6.808,7.22364,0,7.22364,0,6.50023,0,6.65351,0,y1
14,6.84418229890151,7.19981,0,7.19981,0,6.46641,0,6.61934,0,y1
14,6.94,7.13629,0,7.13629,0,6.37769,0,6.52951,0,y1
14,7,7.09627,0,7.09627,0,6.32264,0,6.47376,0,y1
14,7.00270567260696,7.09446,0,7.09446,0,6.32017,0,6.47126,0,y1
14,7.072,7.04805,0,7.04805,0,6.25743,0,6.40741,0,y1
14,7.16490072817498,6.98563,0,6.98563,0,6.17461,0,6.32275,0,y1
14,7.204,6.95932,0,6.95932,0,6.14004,0,6.28745,0,y1
14,7.33085250825502,6.87391,0,6.87391,0,6.03007,0,6.17439,0,y1
14,7.336,6.87044,0,6.87044,0,6.02569,0,6.16985,0,y1
14,7.468,6.78174,0,6.78174,0,5.91442,0,6.05487,0,y1
14,7.5,6.7603,0,6.7603,0,5.88792,0,6.0274,0,y1
14,7.50064802523477,6.75986,0,6.75986,0,5.88739,0,6.02684,0,y1
14,7.6,6.69349,0,6.69349,0,5.80675,0,5.94265,0,y1
14,7.67437630686284,6.64407,0,6.64407,0,5.74764,0,5.88071,0,y1
14,7.732,6.60597,0,6.60597,0,5.70265,0,5.83348,0,y1
14,7.852128442928,6.52715,0,6.52715,0,5.6114,0,5.73712,0,y1
14,7.864,6.51941,0,6.51941,0,5.60256,0,5.72775,0,y1
14,7.996,6.43405,0,6.43405,0,5.5065,0,5.62541,0,y1
14,8,6.43148,0,6.43148,0,5.50365,0,5.62236,0,y1
14,8.03399763301975,6.40973,0,6.40973,0,5.47963,0,5.59663,0,y1
14,8.128,6.35006,0,6.35006,0,5.41471,0,5.52684,0,y1
14,8.22007923539501,6.29241,0,6.29241,0,5.35326,0,5.4604,0,y1
14,8.26,6.26768,0,6.26768,0,5.32729,0,5.43219,0,y1
14,8.392,6.18709,0,6.18709,0,5.24437,0,5.3415,0,y1
14,8.41047081697666,6.17597,0,6.17597,0,5.23313,0,5.32914,0,y1
14,8.5,6.12264,0,6.12264,0,5.17991,0,5.27044,0,y1
14,8.524,6.1085,0,6.1085,0,5.166,0,5.25509,0,y1
14,8.60527220451018,6.06118,0,6.06118,0,5.12008,0,5.20424,0,y1
14,8.656,6.03209,0,6.03209,0,5.09231,0,5.17322,0,y1
14,8.788,5.95801,0,5.95801,0,5.02336,0,5.09488,0,y1
14,8.80458553690516,5.94888,0,5.94888,0,5.01503,0,5.0854,0,y1
14,8.92,5.88645,0,5.88645,0,4.9591,0,5.02259,0,y1
14,9,5.84436,0,5.84436,0,4.92241,0,4.98057,0,y1
14,9.00851531878903,5.83994,0,5.83994,0,4.91861,0,4.97608,0,y1
14,9.052,5.81755,0,5.81755,0,4.89949,0,4.95327,0,y1
14,9.184,5.75143,0,5.75143,0,4.84461,0,4.8888,0,y1
14,9.21716847530138,5.73527,0,5.73527,0,4.83154,0,4.87407,0,y1
14,9.316,5.68816,0,5.68816,0,4.79424,0,4.82999,0,y1
14,9.43065440815721,5.63539,0,5.63539,0,4.75417,0,4.78137,0,y1
14,9.448,5.62754,0,5.62754,0,4.74842,0,4.77451,0,y1
14,9.5,5.60413,0,5.60413,0,4.73167,0,4.75429,0,y1
14,9.58,5.5682,0,5.5682,0,4.70718,0,4.72403,0,y1
14,9.64908505300886,5.53699,0,5.53699,0,4.68721,0,4.699,0,y1
14,9.712,5.50823,0,5.50823,0,4.66999,0,4.67732,0,y1
14,9.844,5.44643,0,5.44643,0,4.63706,0,4.63553,0,y1
14,9.87257493813646,5.43295,0,5.43295,0,4.6305,0,4.62698,0,y1
14,9.976,5.38499,0,5.38499,0,4.60822,0,4.59762,0,y1
14,10,5.37403,0,5.37403,0,4.60337,0,4.59117,0,y1
14,10.1012412444978,5.32724,0,5.32724,0,4.58434,0,4.56555,0,y1
14,10.108,5.32404,0,5.32404,0,4.58316,0,4.56393,0,y1
14,10.24,5.25992,0,5.25992,0,4.56211,0,4.53419,0,y1
14,10.3352038671689,5.21658,0,5.21658,0,4.54911,0,4.51513,0,y1
14,10.372,5.20008,0,5.20008,0,4.54451,0,4.50829,0,y1
14,10.5,5.14009,0,5.14009,0,4.53062,0,4.48674,0,y1
14,10.504,5.1382,0,5.1382,0,4.53024,0,4.48612,0,y1
14,10.5745854782082,5.10551,0,5.10551,0,4.52409,0,4.47571,0,y1
14,10.636,5.07757,0,5.07757,0,4.51952,0,4.46747,0,y1
14,10.768,5.01835,0,5.01835,0,4.51197,0,4.45225,0,y1
14,10.8195115909757,4.99508,0,4.99508,0,4.5098,0,4.44721,0,y1
14,10.9,4.9588,0,4.9588,0,4.50717,0,4.44031,0,y1
14,11,4.91499,0,4.91499,0,4.50532,0,4.43332,0,y1
14,11.032,4.90117,0,4.90117,0,4.50509,0,4.43145,0,y1
14,11.0701106259433,4.88476,0,4.88476,0,4.50503,0,4.42946,0,y1
14,11.164,4.84461,0,4.84461,0,4.50482,0,4.42549,0,y1
14,11.296,4.78891,0,4.78891,0,4.50173,0,4.42128,0,y1
14,11.326513978028,4.77632,0,4.77632,0,4.50047,0,4.42042,0,y1
14,11.428,4.73514,0,4.73514,0,4.49494,0,4.41754,0,y1
14,11.5,4.70631,0,4.70631,0,4.4899,0,4.41509,0,y1
14,11.56,4.68257,0,4.68257,0,4.48518,0,4.41255,0,y1
14,11.5888560854857,4.67126,0,4.67126,0,4.48281,0,4.41112,0,y1
14,11.692,4.63144,0,4.63144,0,4.47316,0,4.40452,0,y1
14,11.824,4.58212,0,4.58212,0,4.45695,0,4.39346,0,y1
14,11.8572745004004,4.56988,0,4.56988,0,4.4525,0,4.39031,0,y1
14,11.956,4.53412,0,4.53412,0,4.44008,0,4.38014,0,y1
14,12,4.5185,0,4.5185,0,4.43477,0,4.37522,0,y1
14,12.088,4.48777,0,4.48777,0,4.42279,0,4.36468,0,y1
14,12.1319099608055,4.47268,0,4.47268,0,4.41543,0,4.35907,0,y1
14,12.22,4.44296,0,4.44296,0,4.39956,0,4.34712,0,y1
14,12.352,4.39964,0,4.39964,0,4.37606,0,4.32743,0,y1
14,12.4129064644764,4.37972,0,4.37972,0,4.36434,0,4.31752,0,y1
14,12.484,4.35633,0,4.35633,0,4.35002,0,4.30537,0,y1
14,12.5,4.35122,0,4.35122,0,4.34672,0,4.30258,0,y1
14,12.616,4.31697,0,4.31697,0,4.32215,0,4.28209,0,y1
14,12.7004113444319,4.29232,0,4.29232,0,4.3036,0,4.2667,0,y1
14,12.748,4.27829,0,4.27829,0,4.29276,0,4.25768,0,y1
14,12.88,4.24153,0,4.24153,0,4.26146,0,4.23123,0,y1
14,12.9945753461841,4.20937,0,4.20937,0,4.23311,0,4.20722,0,y1
14,13,4.20777,0,4.20777,0,4.23174,0,4.20607,0,y1
14,13.012,4.20426,0,4.20426,0,4.22871,0,4.2035,0,y1
14,13.144,4.16755,0,4.16755,0,4.19454,0,4.17468,0,y1
14,13.276,4.13233,0,4.13233,0,4.15894,0,4.14461,0,y1
14,13.295552706778,4.12691,0,4.12691,0,4.15356,0,4.14003,0,y1
14,13.408,4.09866,0,4.09866,0,4.12217,0,4.11291,0,y1
14,13.5,4.07789,0,4.07789,0,4.09588,0,4.08977,0,y1
14,13.54,4.06845,0,4.06845,0,4.08427,0,4.07947,0,y1
14,13.6035012356615,4.05269,0,4.05269,0,4.06564,0,4.06307,0,y1
14,13.672,4.03532,0,4.03532,0,4.04524,0,4.04558,0,y1
14,13.804,4.00578,0,4.00578,0,4.00508,0,4.01215,0,y1
14,13.9185823974285,3.98013,0,3.98013,0,3.96948,0,3.98172,0,y1
14,13.936,3.97615,0,3.97615,0,3.96403,0,3.977,0,y1
14,14,3.96186,0,3.96186,0,3.94393,0,3.95954,0,y1
14,14.068,3.94756,0,3.94756,0,3.92242,0,3.94093,0,y1
14,14.2,3.9179,0,3.9179,0,3.88011,0,3.90436,0,y1
14,14.2409613964788,3.90884,0,3.90884,0,3.86688,0,3.89286,0,y1
14,14.332,3.88893,0,3.88893,0,3.83758,0,3.86651,0,y1
14,14.464,3.86052,0,3.86052,0,3.79538,0,3.82713,0,y1
14,14.5,3.85288,0,3.85288,0,3.78366,0,3.81661,0,y1
14,14.5708072636384,3.83794,0,3.83794,0,3.76002,0,3.79587,0,y1
14,14.596,3.83264,0,3.83264,0,3.7514,0,3.78845,0,y1
14,14.728,3.80514,0,3.80514,0,3.70612,0,3.74893,0,y1
14,14.86,3.77804,0,3.77804,0,3.66192,0,3.70889,0,y1
14,14.9082929447861,3.76817,0,3.76817,0,3.64577,0,3.69423,0,y1
14,14.992,3.75109,0,3.75109,0,3.61748,0,3.66867,0,y1
14,15,3.74946,0,3.74946,0,3.61477,0,3.66622,0,y1
14,15.124,3.72443,0,3.72443,0,3.57324,0,3.62793,0,y1
14,15.2535953915336,3.69832,0,3.69832,0,3.52814,0,3.58772,0,y1
14,15.256,3.69783,0,3.69783,0,3.52728,0,3.58697,0,y1
14,15.388,3.67147,0,3.67147,0,3.48043,0,3.54562,0,y1
14,15.5,3.64893,0,3.64893,0,3.4423,0,3.51036,0,y1
14,15.52,3.64482,0,3.64482,0,3.43557,0,3.50405,0,y1
14,15.606895654005,3.62715,0,3.62715,0,3.40537,0,3.47652,0,y1
14,15.652,3.61829,0,3.61829,0,3.38919,0,3.46219,0,y1
14,15.784,3.59305,0,3.59305,0,3.34258,0,3.42022,0,y1
14,15.916,3.56715,0,3.56715,0,3.29524,0,3.37791,0,y1
14,15.9683789757655,3.55693,0,3.55693,0,3.27708,0,3.361,0,y1
14,16,3.55079,0,3.55079,0,3.26636,0,3.35077,0,y1
14,16.048,3.54146,0,3.54146,0,3.24993,0,3.33523,0,y1
14,16.18,3.51563,0,3.51563,0,3.20411,0,3.29236,0,y1
14,16.312,3.48893,0,3.48893,0,3.15661,0,3.24959,0,y1
14,16.3382348909494,3.48359,0,3.48359,0,3.14715,0,3.24112,0,y1
14,16.444,3.46244,0,3.46244,0,3.11019,0,3.20687,0,y1
14,16.5,3.45141,0,3.45141,0,3.09054,0,3.18868,0,y1
14,16.576,3.43641,0,3.43641,0,3.06288,0,3.16382,0,y1
14,16.708,3.40977,0,3.40977,0,3.01538,0,3.12034,0,y1
14,16.7166573236367,3.40797,0,3.40797,0,3.01225,0,3.11748,0,y1
14,16.84,3.38342,0,3.38342,0,2.96784,1,3.0769,0,y1
14,16.972,3.35724,0,3.35724,0,2.92025,1,3.03334,0,y1
14,17,3.35158,0,3.35158,0,2.91014,1,3.02407,0,y1
14,17.1038446895323,3.33066,0,3.33066,0,2.87263,1,2.98965,1,y1
14,17.104,3.33063,0,3.33063,0,2.87257,1,2.9896,1,y1
14,17.236,3.30405,0,3.30405,0,2.82477,1,2.9458,1,y1
14,17.368,3.27732,0,3.27732,0,2.77638,1,2.90199,1,y1
14,17.5,3.25051,0,3.25051,0,2.72774,1,2.85806,1,y1
15,1,0,1,0,1,0,1,0,1,y1
15,1.02190077866029,0,1,0,1,0,1,0,1,y1
15,1.04428120142651,0,1,0,1,0,1,0,1,y1
15,1.06715177287806,0,1,0,1,0,1,0,1,y1
15,1.0905232276528,0,1,0,1,0,1,0,1,y1
15,1.112,0,1,0,1,0,1,0,1,y1
15,1.11440653548553,0,1,0,1,0,1,0,1,y1
15,1.13881290635678,0,1,0,1,0,1,0,1,y1
15,1.16375379575438,0,1,0,1,0,1,0,1,y1
15,1.18924091005028,0,1,0,1,0,1,0,1,y1
15,1.21528621199505,0,1,0,1,0,1,0,1,y1
15,1.224,0,1,0,1,0,1,0,1,y1
15,1.24190192633286,0,1,0,1,0,1,0,1,y1
15,1.26910054553927,0,1,0,1,0,1,0,1,y1
15,1.29689483568478,0,1,0,1,0,1,0,1,y1
15,1.32529784242679,0,1,0,1,0,1,0,1,y1
15,1.336,0,1,0,1,0,1,0,1,y1
15,1.35432289713274,0,1,0,1,0,1,0,1,y1
15,1.38398362313741,0,1,0,1,0,1,0,1,y1
15,1.41429394213721,0,1,0,1,0,1,0,1,y1
15,1.44526808072455,0,1,0,1,0,1,0,1,y1
15,1.448,0,1,0,1,0,1,0,1,y1
15,1.47692057706528,0,1,0,1,0,1,0,1,y1
15,1.5,0,1,0,1,0,1,0,1,y1
15,1.50926628772242,0,1,0,1,0,1,0,1,y1
15,1.54232039462927,0,1,0,1,0,1,0,1,y1
15,1.56,0,1,0,1,0,1,0,1,y1
15,1.5760984122153,0,1,0,1,0,1,0,1,y1
15,1.61061619468806,0,1,0,1,0,1,0,1,y1
15,1.64588994347461,0,1,0,1,0,1,0,1,y1
15,1.672,0,1,0,1,0,1,0,1,y1
15,1.68193621482585,0,1,0,1,0,1,0,1,y1
15,1.71877192758748,0,1,0,1,0,1,0,1,y1
15,1.7564143711411,0,1,0,1,0,1,0,1,y1
15,1.784,0,1,0,1,0,1,0,1,y1
15,1.79488121351921,0,1,0,1,0,1,0,1,y1
15,1.83419050969801,0,1,0,1,0,1,0,1,y1
15,1.87436071007172,0,1,0,1,0,1,0,1,y1
15,1.896,0,1,0,1,0,1,0,1,y1
15,1.91541066911255,0,1,0,1,0,1,0,1,y1
15,1.95735965422034,0,1,0,1,0,1,0,1,y1
15,2,0.189146,1,0.189146,1,0,1,0,1,y1
15,2.00022735476601,0.196477,1,0.196477,1,0,1,0,1,y1
15,2.008,0.423258,1,0.423258,1,0,1,0,1,y1
15,2.044033891333,1.19036,1,1.19036,1,0,1,0,1,y1
15,2.08879982516122,1.89978,1,1.89978,1,0,1,0,1,y1
15,2.12,2.30778,1,2.30778,1,0,1,0,1,y1
15,2.13454616779773,2.47969,1,2.47969,1,0,1,0,1,y1
15,2.18129439095885,2.96953,1,2.96953,1,0,1,0,1,y1
15,2.22906643660817,3.39225,0,3.39225,0,0,1,0,1,y1
15,2.232,3.41614,0,3.41614,0,0,1,0,1,y1
15,2.27788472725541,3.7639,0,3.7639,0,0.0702029,1,0,1,y1
15,2.3277721764807,4.0949,0,4.0949,0,0.719989,1,0,1,y1
15,2.344,4.19368,0,4.19368,0,0.894984,1,0.16378,1,y1
15,2.37875219968939,4.39263,0,4.39263,0,1.24348,1,0.607016,1,y1
15,2.43084872510247,4.66282,0,4.66282,0,1.71557,1,1.14629,1,y1
15,2.456,4.78281,0,4.78281,0,1.92522,1,1.38133,1,y1
15,2.48408620498759,4.90971,0,4.90971,0,2.14687,1,1.62888,1,y1
15,2.5,4.97854,0,4.97854,0,2.26706,1,1.76275,1,y1
15,2.53848962713611,5.13663,0,5.13663,0,2.54296,1,2.0691,1,y1
15,2.568,5.25048,0,5.25048,0,2.74158,1,2.28874,1,y1
15,2.59408452659146,5.34627,0,5.34627,0,2.90883,1,2.4729,1,y1
15,2.65089699763443,5.54077,0,5.54077,0,3.24905,0,2.84529,1,y1
15,2.68,5.63362,0,5.63362,0,3.41157,0,3.02272,0,y1
15,2.70895370603086,5.72188,0,5.72188,0,3.56607,0,3.19117,0,y1
15,2.76828190154762,5.89108,0,5.89108,0,3.86294,0,3.51324,0,y1
15,2.792,5.95471,0,5.95471,0,3.97496,0,3.63415,0,y1
15,2.8289094307427,6.04958,0,6.04958,0,4.14215,0,3.81442,0,y1
15,2.89086475003541,6.19842,0,6.19842,0,4.4037,0,4.09755,0,y1
15,2.904,6.22842,0,6.22842,0,4.45631,0,4.15456,0,y1
15,2.95417693906278,6.33846,0,6.33846,0,4.64962,0,4.3629,0,y1
15,3,6.43303,0,6.43303,0,4.81706,0,4.54126,0,y1
15,3.016,6.46481,0,6.46481,0,4.87354,0,4.60123,0,y1
15,3.01887571432853,6.47046,0,6.47046,0,4.88358,0,4.6119,0,y1
15,3.08499144315097,6.59507,0,6.59507,0,5.10489,0,4.84838,0,y1
15,3.128,6.67111,0,6.67111,0,5.24011,0,4.99307,0,y1
15,3.15255515791632,6.7129,0,6.7129,0,5.315,0,5.07238,0,y1
15,3.2215985706442,6.82451,0,6.82451,0,5.51682,0,5.28434,0,y1
15,3.24,6.85288,0,6.85288,0,5.56829,0,5.33867,0,y1
15,3.2921540878722,6.93034,0,6.93034,0,5.70918,0,5.48792,0,y1
15,3.352,7.01418,0,7.01418,0,5.86354,0,5.64996,0,y1
15,3.36425482586626,7.03072,0,7.03072,0,5.89402,0,5.682,0,y1
15,3.43793462616438,7.12574,0,7.12574,0,6.06901,0,5.86832,0,y1
15,3.464,7.1576,0,7.1576,0,6.12793,0,5.93111,0,y1
15,3.5,7.20021,0,7.20021,0,6.20661,0,6.01484,0,y1
15,3.51322807146056,7.21548,0,7.21548,0,6.23492,0,6.04496,0,y1
15,3.576,7.28536,0,7.28536,0,6.36498,0,6.1825,0,y1
15,3.59017050183674,7.30057,0,7.30057,0,6.39357,0,6.21235,0,y1
15,3.66879803135018,7.3815,0,7.3815,0,6.54688,0,6.37189,0,y1
15,3.688,7.40037,0,7.40037,0,6.58302,0,6.40944,0,y1
15,3.74914756498409,7.45826,0,7.45826,0,6.69393,0,6.52524,0,y1
15,3.8,7.50388,0,7.50388,0,6.7819,0,6.6174,0,y1
15,3.83125681596958,7.5308,0,7.5308,0,6.83381,0,6.67223,0,y1
15,3.912,7.59618,0,7.59618,0,6.96229,0,6.8074,0,y1
15,3.91516432348687,7.59862,0,7.59862,0,6.96714,0,6.81251,0,y1
15,4,7.66091,0,7.66091,0,7.09283,0,6.94454,0,y1
15,4.00090947075423,7.66155,0,7.66155,0,7.09412,0,6.9459,0,y1
15,4.024,7.67759,0,7.67759,0,7.12653,0,6.98011,0,y1
15,4.08853250351308,7.72035,0,7.72035,0,7.21326,0,7.072,0,y1
15,4.136,7.74976,0,7.74976,0,7.27322,0,7.13625,0,y1
15,4.17807454891793,7.77421,0,7.77421,0,7.32375,0,7.19074,0,y1
15,4.248,7.81168,0,7.81168,0,7.40232,0,7.27625,0,y1
15,4.26957763483998,7.82254,0,7.82254,0,7.42521,0,7.30138,0,y1
15,4.36,7.86453,0,7.86453,0,7.51418,0,7.40011,0,y1
15,4.36308470959355,7.86585,0,7.86585,0,7.51702,0,7.40329,0,y1
15,4.45863966209446,7.90317,0,7.90317,0,7.59825,0,7.49552,0,y1
15,4.472,7.90791,0,7.90791,0,7.60857,0,7.50745,0,y1
15,4.5,7.91751,0,7.91751,0,7.62939,0,7.53167,0,y1
15,4.55628734245999,7.93522,0,7.93522,0,7.66786,0,7.5771,0,y1
15,4.584,7.94306,0,7.94306,0,7.68511,0,7.59786,0,y1
15,4.6560735830599,7.96069,0,7.96069,0,7.72483,0,7.64687,0,y1
15,4.696,7.96893,0,7.96893,0,7.74364,0,7.67092,0,y1
15,4.75804522002853,7.9795,0,7.9795,0,7.76837,0,7.70389,0,y1
15,4.808,7.98609,0,7.98609,0,7.78446,0,7.72656,0,y1
15,4.86225011524803,7.99141,0,7.99141,0,7.79821,0,7.74731,0,y1
15,4.92,7.99486,0,7.99486,0,7.80874,0,7.76513,0,y1
15,4.96873717881306,7.99605,0,7.99605,0,7.81447,0,7.77683,0,y1
15,5,7.99601,0,7.99601,0,7.81668,0,7.78277,0,y1
15,5.032,7.99531,0,7.99531,0,7.8178,0,7.7876,0,y1
15,5.07755639198741,7.99313,0,7.99313,0,7.81749,0,7.79239,0,y1
15,5.144,7.98763,0,7.98763,0,7.81329,0,7.7953,0,y1
15,5.18875883066347,7.98238,0,7.98238,0,7.80815,0,7.7947,0,y1
15,5.256,7.97219,0,7.97219,0,7.79736,0,7.79018,0,y1
15,5.30239668933547,7.96375,0,7.96375,0,7.78804,0,7.78474,0,y1
15,5.368,7.94987,0,7.94987,0,7.77249,0,7.77425,0,y1
15,5.41852330559767,7.93758,0,7.93758,0,7.75887,0,7.76414,0,y1
15,5.48,7.92085,0,7.92085,0,7.74059,0,7.7496,0,y1
15,5.5,7.91496,0,7.91496,0,7.73426,0,7.74438,0,y1
15,5.5371931851792,7.90345,0,7.90345,0,7.72206,0,7.73411,0,y1
15,5.592,7.88523,0,7.88523,0,7.70311,0,7.71786,0,y1
15,5.65846202752709,7.86117,0,7.86117,0,7.67882,0,7.69648,0,y1
15,5.704,7.84349,0,7.84349,0,7.66148,0,7.6808,0,y1
15,5.78238675194963,7.81098,0,7.81098,0,7.63051,0,7.65218,0,y1
15,5.816,7.79622,0,7.79622,0,7.61687,0,7.63946,0,y1
15,5.90902552433228,7.7532,0,7.7532,0,7.57817,0,7.60291,0,y1
15,5.928,7.74403,0,7.74403,0,7.57014,0,7.59524,0,y1
15,6,7.70819,0,7.70819,0,7.53938,0,7.56568,0,y1
15,6.0384377844387,7.68836,0,7.68836,0,7.5228,0,7.54966,0,y1
15,6.04,7.68754,0,7.68754,0,7.52212,0,7.549,0,y1
15,6.152,7.62726,0,7.62726,0,7.47335,0,7.50159,0,y1
15,6.17068427380964,7.61688,0,7.61688,0,7.46518,0,7.4936,0,y1
15,6.264,7.56376,0,7.56376,0,7.42436,0,7.45352,0,y1
15,6.30582706427289,7.53931,0,7.53931,0,7.40608,0,7.43547,0,y1
15,6.376,7.49748,0,7.49748,0,7.37555,0,7.40518,0,y1
15,6.44392958707761,7.45613,0,7.45613,0,7.34619,0,7.37596,0,y1
15,6.488,7.42889,0,7.42889,0,7.32727,0,7.35708,0,y1
15,6.5,7.42142,0,7.42142,0,7.32214,0,7.35196,0,y1
15,6.5850566626667,7.36789,0,7.36789,0,7.28606,0,7.31579,0,y1
15,6.6,7.35839,0,7.35839,0,7.27978,0,7.30947,0,y1
15,6.712,7.28635,0,7.28635,0,7.23329,0,7.26258,0,y1
15,6.72927453110125,7.27512,0,7.27512,0,7.22623,0,7.25543,0,y1
15,6.824,7.2131,0,7.2131,0,7.18803,0,7.21666,0,y1
15,6.87665088315124,7.17833,0,7.17833,0,7.16721,0,7.19548,0,y1
15,6.936,7.13894,0,7.13894,0,7.14412,0,7.17193,0,y1
15,7,7.09625,0,7.09625,0,7.11966,0,7.14695,0,y1
15,7.02725489206724,7.07802,0,7.07802,0,7.1094,0,7.13646,0,y1
15,7.048,7.06413,0,7.06413,0,7.10166,0,7.12852,0,y1
15,7.16,6.98891,0,6.98891,0,7.06082,0,7.08658,0,y1
15,7.18115724604786,6.97468,0,6.97468,0,7.05329,0,7.07883,0,y1
15,7.272,6.91352,0,6.91352,0,7.02157,0,7.04618,0,y1
15,7.33843018141831,6.86879,0,6.86879,0,6.99909,0,7.02298,0,y1
15,7.384,6.83814,0,6.83814,0,6.98404,0,7.00741,0,y1
15,7.496,6.76296,0,6.76296,0,6.94834,0,6.97033,0,y1
15,7.49914751653556,6.76085,0,6.76085,0,6.94736,0,6.96931,0,y1
15,7.5,6.76028,0,6.76028,0,6.9471,0,6.96903,0,y1
15,7.608,6.68815,0,6.68815,0,6.91441,0,6.935,0,y1
15,7.66338468643608,6.65134,0,6.65134,0,6.89833,0,6.91818,0,y1
15,7.72,6.61388,0,6.61388,0,6.88237,0,6.90144,0,y1
15,7.83121877824239,6.54079,0,6.54079,0,6.85233,0,6.86991,0,y1
15,7.832,6.54028,0,6.54028,0,6.85213,0,6.8697,0,y1
15,7.944,6.46751,0,6.46751,0,6.82371,0,6.83977,0,y1
15,8,6.43148,0,6.43148,0,6.81022,0,6.8255,0,y1
15,8.002728567345,6.42973,0,6.42973,0,6.80958,0,6.82481,0,y1
15,8.056,6.39568,0,6.39568,0,6.79721,0,6.81168,0,y1
15,8.168,6.32491,0,6.32491,0,6.77256,0,6.78541,0,y1
15,8.17799455437682,6.31865,0,6.31865,0,6.77045,0,6.78315,0,y1
15,8.28,6.25534,0,6.25534,0,6.74976,0,6.76091,0,y1
15,8.3570990029973,6.20821,0,6.20821,0,6.73509,0,6.74505,0,y1
15,8.392,6.18709,0,6.18709,0,6.7287,0,6.73813,0,y1
15,8.5,6.12263,0,6.12263,0,6.71,0,6.71783,0,y1
15,8.504,6.12027,0,6.12027,0,6.70934,0,6.71711,0,y1
15,8.54012597850409,6.09904,0,6.09904,0,6.70349,0,6.7107,0,y1
15,8.616,6.055,0,6.055,0,6.69182,0,6.69783,0,y1
15,8.72716138729032,5.99185,0,5.99185,0,6.67624,0,6.68041,0,y1
15,8.728,5.99138,0,5.99138,0,6.67613,0,6.68028,0,y1
15,8.84,5.92951,0,5.92951,0,6.66215,0,6.66449,0,y1
15,8.91829301716601,5.88735,0,5.88735,0,6.65329,0,6.65451,0,y1
15,8.952,5.86949,0,5.86949,0,6.64969,0,6.65048,0,y1
15,9,5.84436,0,5.84436,0,6.64477,0,6.64501,0,y1
15,9.064,5.81142,0,5.81142,0,6.63866,0,6.6382,0,y1
15,9.11361057856259,5.78633,0,5.78633,0,6.63429,0,6.63328,0,y1
15,9.176,5.75536,0,5.75536,0,6.62926,0,6.62752,0,y1
15,9.288,5.70135,0,5.70135,0,6.62154,0,6.61834,0,y1
15,9.31320574663979,5.68946,0,5.68946,0,6.62002,0,6.61648,0,y1
15,9.4,5.6493,0,5.6493,0,6.61536,0,6.61059,0,y1
15,9.5,5.60406,0,5.60406,0,6.61095,0,6.60486,0,y1
15,9.512,5.59867,0,5.59867,0,6.61048,0,6.60425,0,y1
15,9.51717220431471,5.59635,0,5.59635,0,6.61028,0,6.60399,0,y1
15,9.624,5.54822,0,5.54822,0,6.60676,0,6.59932,0,y1
15,9.72560568623329,5.50181,0,5.50181,0,6.60452,0,6.59599,0,y1
15,9.736,5.497,0,5.497,0,6.60436,0,6.59571,0,y1
15,9.848,5.44453,0,5.44453,0,6.60333,0,6.5934,0,y1
15,9.93860402370477,5.40206,0,5.40206,0,6.60346,0,6.59242,0,y1
15,9.96,5.3922,0,5.3922,0,6.6036,0,6.59231,0,y1
15,10,5.37388,0,5.37388,0,6.60397,0,6.59221,0,y1
15,10.072,5.34076,0,5.34076,0,6.60496,0,6.59241,0,y1
15,10.1562671906202,5.30072,0,5.30072,0,6.60662,0,6.59324,0,y1
15,10.184,5.28716,0,5.28716,0,6.60728,0,6.59365,0,y1
15,10.296,5.23401,0,5.23401,0,6.61059,0,6.59595,0,y1
15,10.3786973503768,5.1969,0,5.1969,0,6.61366,0,6.59829,0,y1
15,10.408,5.18354,0,5.18354,0,6.61487,0,6.59925,0,y1
15,10.5,5.14024,0,5.14024,0,6.6191,0,6.60266,0,y1
15,10.52,5.13082,0,5.13082,0,6.6201,0,6.60348,0,y1
15,10.6059989038295,5.09115,0,5.09115,0,6.62473,0,6.60735,0,y1
15,10.632,5.07933,0,5.07933,0,6.62624,0,6.60862,0,y1
15,10.744,5.02899,0,5.02899,0,6.63323,0,6.61461,0,y1
15,10.8382785382936,4.98666,0,4.98666,0,6.63967,0,6.62026,0,y1
15,10.856,4.97866,0,4.97866,0,6.64092,0,6.62138,0,y1
15,10.968,4.9288,0,4.9288,0,6.64916,0,6.62889,0,y1
15,11,4.91488,0,4.91488,0,6.65159,0,6.63116,0,y1
15,11.0756452776194,4.88232,0,4.88232,0,6.65751,0,6.63673,0,y1
15,11.08,4.88046,0,4.88046,0,6.65786,0,6.63706,0,y1
15,11.192,4.83271,0,4.83271,0,6.66724,0,6.64584,0,y1
15,11.304,4.78561,0,4.78561,0,6.67743,0,6.65516,0,y1
15,11.3182105333644,4.77971,0,4.77971,0,6.67878,0,6.65638,0,y1
15,11.416,4.73988,0,4.73988,0,6.68812,0,6.66499,0,y1
15,11.5,4.7063,0,4.7063,0,6.69599,0,6.67174,0,y1
15,11.528,4.6952,0,4.6952,0,6.69834,0,6.67348,0,y1
15,11.5660881570862,4.68018,0,4.68018,0,6.70114,0,6.67529,0,y1
15,11.64,4.65139,0,4.65139,0,6.70376,0,6.67632,0,y1
15,11.752,4.60877,0,4.60877,0,6.69487,0,6.66658,0,y1
15,11.81939449378,4.58376,0,4.58376,0,6.68003,0,6.65132,0,y1
15,11.864,4.56742,0,4.56742,0,6.66628,0,6.63712,0,y1
15,11.976,4.52699,0,4.52699,0,6.6176,0,6.58656,0,y1
15,12,4.51848,0,4.51848,0,6.6045,0,6.57307,0,y1
15,12.0782484364869,4.49113,0,4.49113,0,6.55516,0,6.52265,0,y1
15,12.088,4.48776,0,4.48776,0,6.54829,0,6.51567,0,y1
15,12.2,4.44962,0,4.44962,0,6.45814,0,6.42442,0,y1
15,12.312,4.41264,0,4.41264,0,6.3478,0,6.31289,0,y1
15,12.3427714820985,4.40268,0,4.40268,0,6.3141,0,6.27899,0,y1
15,12.424,4.37658,0,4.37658,0,6.21872,0,6.18362,0,y1
15,12.5,4.35198,0,4.35198,0,6.12179,0,6.08722,0,y1
15,12.536,4.34023,0,4.34023,0,6.07347,0,6.03926,0,y1
15,12.6130877883825,4.31672,0,4.31672,0,5.96519,0,5.9321,0,y1
15,12.648,4.30683,0,4.30683,0,5.91433,0,5.88175,0,y1
15,12.76,4.27492,0,4.27492,0,5.74726,0,5.71363,0,y1
15,12.872,4.24286,0,4.24286,0,5.57189,0,5.53702,0,y1
15,12.8893242322587,4.23813,0,4.23813,0,5.54409,0,5.50916,0,y1
15,12.984,4.21339,0,4.21339,0,5.38944,0,5.35526,0,y1
15,13,4.20908,0,4.20908,0,5.36289,0,5.32887,0,y1
15,13.096,4.1813,0,4.1813,0,5.20109,0,5.16767,0,y1
15,13.1716104693501,4.16012,0,4.16012,0,5.07117,0,5.03745,0,y1
15,13.208,4.15052,0,4.15052,0,5.00786,0,4.97435,0,y1
15,13.32,4.1213,0,4.1213,0,4.81037,0,4.77707,0,y1
15,13.432,4.09313,0,4.09313,0,4.60968,0,4.57645,0,y1
15,13.4600789948389,4.08631,0,4.08631,0,4.5585,0,4.52587,0,y1
15,13.5,4.07652,0,4.07652,0,4.48574,0,4.45366,0,y1
15,13.544,4.06574,0,4.06574,0,4.40538,0,4.37361,0,y1
15,13.656,4.03929,0,4.03929,0,4.19828,0,4.1661,0,y1
15,13.7548652056549,4.01596,0,4.01596,0,4.01298,0,3.9808,0,y1
15,13.768,4.01293,0,4.01293,0,3.98823,0,3.95599,0,y1
15,13.88,3.98711,0,3.98711,0,3.77568,0,3.74387,0,y1
15,13.992,3.96175,0,3.96175,0,3.56092,0,3.52947,0,y1
15,14,3.95997,0,3.95997,0,3.54549,0,3.51407,0,y1
15,14.0561074640261,3.94749,0,3.94749,0,3.43696,0,3.40577,0,y1
15,14.104,3.93677,0,3.93677,0,3.34391,0,3.31293,0,y1
15,14.216,3.91232,0,3.91232,0,3.12488,0,3.09424,0,y1
15,14.328,3.88812,0,3.88812,0,2.90394,1,2.87365,1,y1
15,14.3639471624211,3.88033,0,3.88033,0,2.83256,1,2.80249,1,y1
15,14.44,3.86422,0,3.86422,0,2.68099,1,2.6513,1,y1
15,14.5,3.85189,0,3.85189,0,2.561,1,2.53148,1,y1
15,14.552,3.8406,0,3.8406,0,2.45669,1,2.42724,1,y1
15,14.664,3.81664,0,3.81664,0,2.2306,1,2.20151,1,y1
15,14.6785287899134,3.81377,0,3.81377,0,2.20118,1,2.17208,1,y1
15,14.776,3.79245,0,3.79245,0,2.00304,1,1.97403,1,y1
15,14.888,3.76995,0,3.76995,0,1.77381,1,1.7453,1,y1
15,15,3.74766,0,3.74766,0,1.54279,1,1.51516,1,y1
16,1,0,1,0,1,0,1,0,1,y1
16,1.02292452562226,0,1,0,1,0,1,0,1,y1
16,1.04637458511953,0,1,0,1,0,1,0,1,y1
16,1.07036222610658,0,1,0,1,0,1,0,1,y1
16,1.09489977238406,0,1,0,1,0,1,0,1,y1
16,1.11999983026989,0,1,0,1,0,1,0,1,y1
16,1.128,0,1,0,1,0,1,0,1,y1
16,1.14567529507584,0,1,0,1,0,1,0,1,y1
16,1.17193935773259,0,1,0,1,0,1,0,1,y1
16,1.19880551156667,0,1,0,1,0,1,0,1,y1
16,1.22628755923269,0,1,0,1,0,1,0,1,y1
16,1.25439961980458,0,1,0,1,0,1,0,1,y1
16,1.256,0,1,0,1,0,1,0,1,y1
16,1.28315613602934,0,1,0,1,0,1,0,1,y1
16,1.31257188174711,0,1,0,1,0,1,0,1,y1
16,1.34266196948128,0,1,0,1,0,1,0,1,y1
16,1.37344185820269,0,1,0,1,0,1,0,1,y1
16,1.384,0,1,0,1,0,1,0,1,y1
16,1.40492736127174,0,1,0,1,0,1,0,1,y1
16,1.43713465456263,0,1,0,1,0,1,0,1,y1
16,1.47008028477379,0,1,0,1,0,1,0,1,y1
16,1.5,0,1,0,1,0,1,0,1,y1
16,1.50378117792886,0,1,0,1,0,1,0,1,y1
16,1.512,0,1,0,1,0,1,0,1,y1
16,1.53825464807257,0,1,0,1,0,1,0,1,y1
16,1.57351840616587,0,1,0,1,0,1,0,1,y1
16,1.60959056918512,0,1,0,1,0,1,0,1,y1
16,1.64,0,1,0,1,0,1,0,1,y1
16,1.64648966942975,0,1,0,1,0,1,0,1,y1
16,1.68423466404338,0,1,0,1,0,1,0,1,y1
16,1.72284494475314,0,1,0,1,0,1,0,1,y1
16,1.76234034783232,0,1,0,1,0.0615219,1,0,1,y1
16,1.768,0,1,0,1,0.207291,1,0,1,y1
16,1.80274116429134,0,1,0,1,0.758629,1,0.382152,1,y1
16,1.84406815030244,0,1,0,1,1.13307,1,0.923476,1,y1
16,1.88634253786325,0,1,0,1,1.42107,1,1.2646,1,y1
16,1.896,0,1,0,1,1.48082,1,1.33115,1,y1
16,1.92958604570485,0,1,0,1,1.67839,1,1.5459,1,y1
16,1.97382089044997,0,1,0,1,1.92123,1,1.80404,1,y1
16,2,0.189145,1,0.189145,1,2.05769,1,1.94793,1,y1
16,2.01906979802684,0.693051,1,0.693051,1,2.15404,1,2.0493,1,y1
16,2.024,0.800666,1,0.800666,1,2.17855,1,2.07506,1,y1
16,2.06535601534484,1.55002,1,1.55002,1,2.378,1,2.28434,1,y1
16,2.11270332223771,2.21745,1,2.21745,1,2.5936,1,2.51,1,y1
16,2.152,2.6729,1,2.6729,1,2.76306,1,2.68693,1,y1
16,2.16113604368058,2.76894,1,2.76894,1,2.80131,1,2.7268,1,y1
16,2.21067906228713,3.23737,0,3.23737,0,3.00165,0,2.93538,1,y1
16,2.26135783109312,3.64397,0,3.64397,0,3.19498,0,3.13623,0,y1
16,2.28,3.77886,0,3.77886,0,3.26334,0,3.20714,0,y1
16,2.31319838663312,4.00264,0,4.00264,0,3.38162,0,3.32969,0,y1
16,2.36622736231686,4.32279,0,4.32279,0,3.562,0,3.51624,0,y1
16,2.408,4.54813,0,4.54813,0,3.6972,0,3.65583,0,y1
16,2.42047200211239,4.61144,0,4.61144,0,3.73646,0,3.69632,0,y1
16,2.47596017454278,4.87373,0,4.87373,0,3.90527,0,3.87026,0,y1
16,2.5,4.97854,0,4.97854,0,3.9756,0,3.94263,0,y1
16,2.53272038700378,5.11365,0,5.11365,0,4.06874,0,4.0384,0,y1
16,2.536,5.12674,0,5.12674,0,4.07792,0,4.04783,0,y1
16,2.59078180040967,5.33438,0,5.33438,0,4.22714,0,4.20103,0,y1
16,2.65017424417485,5.5384,0,5.5384,0,4.38085,0,4.35859,0,y1
16,2.664,5.58311,0,5.58311,0,4.41552,0,4.39411,0,y1
16,2.71092823153889,5.72776,0,5.72776,0,4.5301,0,4.51143,0,y1
16,2.77307497524291,5.90412,0,5.90412,0,4.67472,0,4.65935,0,y1
16,2.792,5.95471,0,5.95471,0,4.71731,0,4.70283,0,y1
16,2.83664640356532,6.06886,0,6.06886,0,4.81531,0,4.80276,0,y1
16,2.90167517672514,6.22315,0,6.22315,0,4.95133,0,4.9416,0,y1
16,2.92,6.26428,0,6.26428,0,4.98817,0,4.97933,0,y1
16,2.96819470366146,6.36796,0,6.36796,0,5.08206,0,5.07601,0,y1
16,3,6.43303,0,6.43303,0,5.14188,0,5.13789,0,y1
16,3.0362391591974,6.50414,0,6.50414,0,5.20836,0,5.2064,0,y1
16,3.048,6.52656,0,6.52656,0,5.22961,0,5.22817,0,y1
16,3.10584350159773,6.6324,0,6.6324,0,5.33213,0,5.33198,0,y1
16,3.176,6.75174,0,6.75174,0,5.45024,0,5.45125,0,y1
16,3.17704349052884,6.75345,0,6.75345,0,5.45194,0,5.45298,0,y1
16,3.24987570543051,6.86788,0,6.86788,0,5.56765,0,5.57134,0,y1
16,3.304,6.94735,0,6.94735,0,5.65037,0,5.65554,0,y1
16,3.32437756430881,6.97613,0,6.97613,0,5.68064,0,5.68616,0,y1
16,3.40058734295987,7.0785,0,7.0785,0,5.79068,0,5.79695,0,y1
16,3.432,7.11836,0,7.11836,0,5.83492,0,5.84115,0,y1
16,3.47854419463429,7.175,0,7.175,0,5.89851,0,5.90472,0,y1
16,3.5,7.20021,0,7.20021,0,5.92699,0,5.93345,0,y1
16,3.55828817015235,7.26606,0,7.26606,0,6.00257,0,6.01025,0,y1
16,3.56,7.26793,0,7.26793,0,6.00475,0,6.01246,0,y1
16,3.6398602384804,7.3524,0,7.3524,0,6.1038,0,6.1125,0,y1
16,3.688,7.40037,0,7.40037,0,6.16135,0,6.17032,0,y1
16,3.72330230777889,7.4342,0,7.4342,0,6.20243,0,6.21166,0,y1
16,3.80865724693299,7.51142,0,7.51142,0,6.29835,0,6.30819,0,y1
16,3.816,7.51777,0,7.51777,0,6.30636,0,6.31627,0,y1
16,3.89596890757671,7.5837,0,7.5837,0,6.39144,0,6.40204,0,y1
16,3.944,7.62042,0,7.62042,0,6.44055,0,6.45161,0,y1
16,3.98528214662199,7.65048,0,7.65048,0,6.48171,0,6.49315,0,y1
16,4,7.66091,0,7.66091,0,6.49614,0,6.50777,0,y1
16,4.072,7.70968,0,7.70968,0,6.56478,0,6.57702,0,y1
16,4.07664284930416,7.7127,0,7.7127,0,6.5691,0,6.58139,0,y1
16,4.17009795275584,7.76969,0,7.76969,0,6.6537,0,6.66684,0,y1
16,4.2,7.78637,0,7.78637,0,6.67981,0,6.69322,0,y1
16,4.26569547012113,7.8206,0,7.8206,0,6.73564,0,6.74957,0,y1
16,4.328,7.85037,0,7.85037,0,6.78668,0,6.80106,0,y1
16,4.36348451522268,7.86602,0,7.86602,0,6.81493,0,6.82956,0,y1
16,4.456,7.90221,0,7.90221,0,6.88591,0,6.90113,0,y1
16,4.46351532779424,7.90491,0,7.90491,0,6.89152,0,6.90678,0,y1
16,4.5,7.91751,0,7.91751,0,6.91837,0,6.93383,0,y1
16,4.56583929929161,7.93799,0,7.93799,0,6.96538,0,6.98123,0,y1
16,4.584,7.94306,0,7.94306,0,6.97803,0,6.99398,0,y1
16,4.67050899929535,7.96379,0,7.96379,0,7.03646,0,7.05287,0,y1
16,4.712,7.97192,0,7.97192,0,7.06342,0,7.08007,0,y1
16,4.77757820251869,7.98227,0,7.98227,0,7.10468,0,7.1217,0,y1
16,4.84,7.98948,0,7.98948,0,7.14246,0,7.15981,0,y1
16,4.88710191643468,7.99317,0,7.99317,0,7.17001,0,7.18762,0,y1
16,4.968,7.99604,0,7.99604,0,7.21544,0,7.23351,0,y1
16,4.99913640953659,7.99602,0,7.99602,0,7.2323,0,7.25054,0,y1
16,5,7.99601,0,7.99601,0,7.23276,0,7.25101,0,y1
16,5.096,7.99187,0,7.99187,0,7.28258,0,7.30139,0,y1
16,5.11373924024619,7.99046,0,7.99046,0,7.29143,0,7.31035,0,y1
16,5.224,7.97734,0,7.97734,0,7.34404,0,7.36364,0,y1
16,5.23096928648477,7.97626,0,7.97626,0,7.34723,0,7.36687,0,y1
16,5.35088677592205,7.9537,0,7.9537,0,7.39947,0,7.41994,0,y1
16,5.352,7.95346,0,7.95346,0,7.39994,0,7.42041,0,y1
16,5.47355331691849,7.92271,0,7.92271,0,7.44793,0,7.46931,0,y1
16,5.48,7.92086,0,7.92086,0,7.45034,0,7.47176,0,y1
16,5.5,7.91498,0,7.91498,0,7.45772,0,7.4793,0,y1
16,5.599031930177,7.8828,0,7.8828,0,7.4923,0,7.5147,0,y1
16,5.608,7.87965,0,7.87965,0,7.49527,0,7.51775,0,y1
16,5.72738708112019,7.83409,0,7.83409,0,7.53224,0,7.55582,0,y1
16,5.736,7.83056,0,7.83056,0,7.53472,0,7.55838,0,y1
16,5.85868471300994,7.7769,0,7.7769,0,7.56738,0,7.5923,0,y1
16,5.864,7.77445,0,7.77445,0,7.56868,0,7.59366,0,y1
16,5.992,7.71228,0,7.71228,0,7.5971,0,7.62357,0,y1
16,5.99299228082608,7.71178,0,7.71178,0,7.5973,0,7.62378,0,y1
16,6,7.70822,0,7.70822,0,7.59869,0,7.62526,0,y1
16,6.12,7.64486,0,7.64486,0,7.61995,0,7.64805,0,y1
16,6.13037878592189,7.63919,0,7.63919,0,7.62155,0,7.64979,0,y1
16,6.248,7.57304,0,7.57304,0,7.63717,0,7.66709,0,y1
16,6.27091481147392,7.55978,0,7.55978,0,7.63966,0,7.66993,0,y1
16,6.376,7.49751,0,7.49751,0,7.64876,0,7.68068,0,y1
16,6.41467255874457,7.47408,0,7.47408,0,7.65115,0,7.68371,0,y1
16,6.5,7.42146,0,7.42146,0,7.65461,0,7.68865,0,y1
16,6.504,7.41896,0,7.41896,0,7.65471,0,7.68883,0,y1
16,6.56172588417592,7.38271,0,7.38271,0,7.65554,0,7.69073,0,y1
16,6.632,7.33798,0,7.33798,0,7.65503,0,7.69157,0,y1
16,6.71215033733396,7.28629,0,7.28629,0,7.65239,0,7.69054,0,y1
16,6.76,7.25512,0,7.25512,0,7.64977,0,7.68893,0,y1
16,6.86602319972264,7.1854,0,7.1854,0,7.64124,0,7.68271,0,y1
16,6.888,7.17085,0,7.17085,0,7.63901,0,7.68096,0,y1
16,7,7.09629,0,7.09629,0,7.62517,0,7.66966,0,y1
16,7.016,7.08559,0,7.08559,0,7.62286,0,7.66772,0,y1
16,7.02342352448771,7.08062,0,7.08062,0,7.62176,0,7.66679,0,y1
16,7.144,6.99971,0,6.99971,0,7.60146,0,7.64931,0,y1
16,7.18443217703082,6.97251,0,6.97251,0,7.59363,0,7.64244,0,y1
16,7.272,6.91355,0,6.91355,0,7.57498,0,7.6259,0,y1
16,7.34913187655456,6.86162,0,6.86162,0,7.55671,0,7.60949,0,y1
16,7.4,6.82741,0,6.82741,0,7.54371,0,7.59778,0,y1
16,7.5,6.76031,0,6.76031,0,7.51609,0,7.57283,0,y1
16,7.51760723856,6.74852,0,6.74852,0,7.51095,0,7.56818,0,y1
16,7.528,6.74157,0,6.74157,0,7.50788,0,7.5654,0,y1
16,7.656,6.65627,0,6.65627,0,7.46795,0,7.52883,0,y1
16,7.68994481831846,6.63377,0,6.63377,0,7.45672,0,7.51842,0,y1
16,7.784,6.57175,0,6.57175,0,7.42428,0,7.48801,0,y1
16,7.86623315533978,6.51797,0,6.51797,0,7.39452,0,7.45967,0,y1
16,7.912,6.48823,0,6.48823,0,7.37744,0,7.44326,0,y1
16,8,6.4315,0,6.4315,0,7.34351,0,7.41059,0,y1
16,8.04,6.4059,0,6.4059,0,7.32759,0,7.39533,0,y1
16,8.04656281886004,6.40171,0,6.40171,0,7.32495,0,7.3928,0,y1
16,8.168,6.32492,0,6.32492,0,7.27441,0,7.34487,0,y1
16,8.23102645437213,6.28562,0,6.28562,0,7.24701,0,7.31917,0,y1
16,8.296,6.24552,0,6.24552,0,7.21827,0,7.29225,0,y1
16,8.41971883122288,6.17043,0,6.17043,0,7.16298,0,7.24036,0,y1
16,8.424,6.16786,0,6.16786,0,7.16105,0,7.23855,0,y1
16,8.5,6.12264,0,6.12264,0,7.12665,0,7.20615,0,y1
16,8.552,6.09211,0,6.09211,0,7.10284,0,7.18356,0,y1
16,8.61273689130148,6.05689,0,6.05689,0,7.0748,0,7.1568,0,y1
16,8.68,6.01845,0,6.01845,0,7.0435,0,7.12679,0,y1
16,8.808,5.94701,0,5.94701,0,6.98343,0,7.06937,0,y1
16,8.81017979884391,5.94582,0,5.94582,0,6.9824,0,7.0684,0,y1
16,8.936,5.87795,0,5.87795,0,6.92343,0,7.01232,0,y1
16,9,5.84437,0,5.84437,0,6.89361,0,6.98359,0,y1
16,9.01214899137923,5.83806,0,5.83806,0,6.88796,0,6.97813,0,y1
16,9.064,5.81142,0,5.81142,0,6.86388,0,6.95482,0,y1
16,9.192,5.74752,0,5.74752,0,6.80419,0,6.89759,0,y1
16,9.21874823184374,5.73451,0,5.73451,0,6.79169,0,6.88571,0,y1
16,9.32,5.6863,0,5.6863,0,6.74464,0,6.8409,0,y1
16,9.43008366188981,5.6357,0,5.6357,0,6.69417,0,6.79231,0,y1
16,9.448,5.6276,0,5.6276,0,6.68603,0,6.78445,0,y1
16,9.5,5.60421,0,5.60421,0,6.66246,0,6.76177,0,y1
16,9.576,5.57012,0,5.57012,0,6.62816,0,6.72904,0,y1
16,9.64626385641686,5.53843,0,5.53843,0,6.59675,0,6.69916,0,y1
16,9.704,5.51208,0,5.51208,0,6.57126,0,6.6748,0,y1
16,9.832,5.45212,0,5.45212,0,6.51601,0,6.62164,0,y1
16,9.86739987935238,5.43539,0,5.43539,0,6.50094,0,6.60722,0,y1
16,9.96,5.39243,0,5.39243,0,6.46149,0,6.57015,0,y1
16,10,5.37422,0,5.37422,0,6.44427,0,6.5544,0,y1
16,10.088,5.33365,0,5.33365,0,6.40572,0,6.52029,0,y1
16,10.0936053407117,5.331,0,5.331,0,6.40324,0,6.51814,0,y1
16,10.216,5.2713,0,5.2713,0,6.34894,0,6.47211,0,y1
16,10.3249964549658,5.22135,0,5.22135,0,6.30064,0,6.43266,0,y1
16,10.344,5.21287,0,5.21287,0,6.2922,0,6.42593,0,y1
16,10.472,5.15317,0,5.15317,0,6.23464,0,6.38169,0,y1
16,10.5,5.13996,0,5.13996,0,6.22194,0,6.37225,0,y1
16,10.5616921007474,5.11143,0,5.11143,0,6.19394,0,6.35169,0,y1
16,10.6,5.09394,0,5.09394,0,6.17659,0,6.33907,0,y1
16,10.728,5.0364,0,5.0364,0,6.11919,0,6.29726,0,y1
16,10.8038138819254,5.00212,0,5.00212,0,6.08539,0,6.27244,0,y1
16,10.856,4.97847,0,4.97847,0,6.06213,0,6.25519,0,y1
16,10.984,4.92203,0,4.92203,0,6.00508,0,6.21236,0,y1
16,11,4.9151,0,4.9151,0,5.99799,0,6.20705,0,y1
16,11.0514861900798,4.89285,0,4.89285,0,5.97529,0,6.19022,0,y1
16,11.112,4.86686,0,4.86686,0,5.94882,0,6.171,0,y1
16,11.24,4.8123,0,4.8123,0,5.89352,0,6.13004,0,y1
16,11.3048362684083,4.78531,0,4.78531,0,5.86564,0,6.10861,0,y1
16,11.368,4.75947,0,4.75947,0,5.83861,0,6.08794,0,y1
16,11.496,4.70792,0,4.70792,0,5.78454,0,6.04815,0,y1
16,11.5,4.70633,0,4.70633,0,5.78287,0,6.04692,0,y1
16,11.5639942770989,4.68098,0,4.68098,0,5.75632,0,6.02705,0,y1
16,11.624,4.65755,0,4.65755,0,5.73164,0,6.00785,0,y1
16,11.752,4.60891,0,4.60891,0,5.67953,0,5.96755,0,y1
16,11.8290933601999,4.58023,0,4.58023,0,5.64866,0,5.94457,0,y1
16,11.88,4.56155,0,4.56155,0,5.62851,0,5.9294,0,y1
16,12,4.51852,0,4.51852,0,5.58167,0,5.89227,0,y1
16,12.008,4.5157,0,4.5157,0,5.57858,0,5.88977,0,y1
16,12.1002697140239,4.48353,0,4.48353,0,5.54315,0,5.86144,0,y1
16,12.136,4.4713,0,4.4713,0,5.5296,0,5.85082,0,y1
16,12.264,4.42843,0,4.42843,0,5.48179,0,5.81258,0,y1
16,12.3776626571194,4.39074,0,4.39074,0,5.44019,0,5.77995,0,y1
16,12.392,4.38596,0,4.38596,0,5.43502,0,5.77596,0,y1
16,12.5,4.35183,0,4.35183,0,5.3965,0,5.74624,0,y1
16,12.52,4.34589,0,4.34589,0,5.38942,0,5.74077,0,y1
16,12.648,4.30787,0,4.30787,0,5.34489,0,5.70628,0,y1
16,12.6614147018462,4.30386,0,4.30386,0,5.34032,0,5.70276,0,y1
16,12.776,4.27023,0,4.27023,0,5.30125,0,5.6732,0,y1
16,12.904,4.23279,0,4.23279,0,5.25844,0,5.64077,0,y1
16,12.9516716275927,4.21962,0,4.21962,0,5.24314,0,5.62889,0,y1
16,13,4.20651,0,4.20651,0,5.22766,0,5.61699,0,y1
16,13.032,4.19775,0,4.19775,0,5.21736,0,5.6092,0,y1
16,13.16,4.1636,0,4.1636,0,5.17752,0,5.57857,0,y1
16,13.2485825556706,4.14049,0,4.14049,0,5.14958,0,5.55775,0,y1
16,13.288,4.13031,0,4.13031,0,5.13736,0,5.5486,0,y1
16,13.416,4.09808,0,4.09808,0,5.10021,0,5.51948,0,y1
16,13.5,4.0771,0,4.0771,0,5.07531,0,5.50082,0,y1
16,13.544,4.06648,0,4.06648,0,5.06263,0,5.49116,0,y1
16,13.5523000259267,4.06449,0,4.06449,0,5.06029,0,5.48934,0,y1
16,13.672,4.03572,0,4.03572,0,5.02683,0,5.46341,0,y1
16,13.8,4.00585,0,4.00585,0,4.99154,0,5.43645,0,y1
16,13.8629800751116,3.99134,0,3.99134,0,4.97461,0,5.42346,0,y1
16,13.928,3.97638,0,3.97638,0,4.95725,0,5.41021,0,y1
16,14,3.96007,0,3.96007,0,4.93829,0,5.39568,0,y1
16,14.056,3.94793,0,3.94793,0,4.92374,0,5.38452,0,y1
16,14.1807823170444,3.91942,0,3.91942,0,4.89185,0,5.36013,0,y1
16,14.184,3.91867,0,3.91867,0,4.89104,0,5.35951,0,y1
16,14.312,3.8913,0,3.8913,0,4.8591,0,5.33513,0,y1
16,14.44,3.86242,0,3.86242,0,4.8279,0,5.31128,0,y1
16,14.5,3.8503,0,3.8503,0,4.81351,0,5.30028,0,y1
16,14.5058700246152,3.8491,0,3.8491,0,4.81211,0,5.29921,0,y1
16,14.568,3.83631,0,3.83631,0,4.79738,0,5.28793,0,y1
16,14.696,3.80992,0,3.80992,0,4.76748,0,5.26515,0,y1
16,14.824,3.78276,0,3.78276,0,4.73815,0,5.24292,0,y1
16,14.8384102136676,3.77973,0,3.77973,0,4.73488,0,5.24043,0,y1
16,14.952,3.75714,0,3.75714,0,4.70931,0,5.22089,0,y1
16,15,3.74858,0,3.74858,0,4.69864,0,5.21275,0,y1
16,15.08,3.73248,0,3.73248,0,4.68103,0,5.19946,0,y1
16,15.1785737288045,3.71228,0,3.71228,0,4.65963,0,5.18339,0,y1
16,15.208,3.7063,0,3.7063,0,4.6533,0,5.17855,0,y1
16,15.336,3.68014,0,3.68014,0,4.62608,0,5.15702,0,y1
16,15.464,3.65377,0,3.65377,0,4.59927,0,5.13618,0,y1
16,15.5,3.6472,0,3.6472,0,4.59179,0,5.13058,0,y1
16,15.5265353311598,3.64253,0,3.64253,0,4.58628,0,5.12645,0,y1
16,15.592,3.63038,0,3.63038,0,4.57277,0,5.11617,0,y1
16,15.72,3.60544,0,3.60544,0,4.54674,0,5.09543,0,y1
16,15.848,3.57998,0,3.57998,0,4.52126,0,5.07572,0,y1
16,15.8824737881839,3.57377,0,3.57377,0,4.51449,0,5.07072,0,y1
16,15.976,3.5543,0,3.5543,0,4.49616,0,5.05716,0,y1
16,16,3.54943,0,3.54943,0,4.49146,0,5.05364,0,y1
16,16.104,3.52897,0,3.52897,0,4.47096,0,5.03818,0,y1
16,16.232,3.5048,0,3.5048,0,4.44532,0,5.01958,0,y1
16,16.246571965486,3.50169,0,3.50169,0,4.44239,0,5.01751,0,y1
16,16.36,3.47888,0,3.47888,0,4.41977,0,5.00134,0,y1
16,16.488,3.45351,0,3.45351,0,4.39477,0,4.98289,0,y1
16,16.5,3.45113,0,3.45113,0,4.39247,0,4.98116,0,y1
16,16.616,3.4281,0,3.4281,0,4.37035,0,4.96437,0,y1
16,16.6190169207827,3.4275,0,3.4275,0,4.36978,0,4.96393,0,y1
16,16.744,3.40264,0,3.40264,0,4.34596,0,4.9463,0,y1
16,16.872,3.3771,0,3.3771,0,4.32131,0,4.92876,0,y1
16,17,3.35148,0,3.35148,0,4.29675,0,4.90929,0,y1
17,1,0,1,0,1,0,1,0,1,y1
17,1.02216887738619,0,1,0,1,0,1,0,1,y1
17,1.04482921389695,0,1,0,1,0,1,0,1,y1
17,1.06799190462934,0,1,0,1,0,1,0,1,y1
17,1.09166808621252,0,1,0,1,0,1,0,1,y1
17,1.11586914216219,0,1,0,1,0,1,0,1,y1
17,1.116,0,1,0,1,0,1,0,1,y1
17,1.14060670835382,0,1,0,1,0,1,0,1,y1
17,1.16589267861718,0,1,0,1,0,1,0,1,y1
17,1.19173921045491,0,1,0,1,0,1,0,1,y1
17,1.2181587308878,0,1,0,1,0,1,0,1,y1
17,1.232,0,1,0,1,0,1,0,1,y1
17,1.24516394242977,0,1,0,1,0,1,0,1,y1
17,1.27276782919521,0,1,0,1,0,1,0,1,y1
17,1.30098366314173,0,1,0,1,0,1,0,1,y1
17,1.32982501045136,0,1,0,1,0,1,0,1,y1
17,1.348,0,1,0,1,0,1,0,1,y1
17,1.35930573805314,0,1,0,1,0,1,0,1,y1
17,1.38944002029039,0,1,0,1,0,1,0,1,y1
17,1.42024234573568,0,1,0,1,0,1,0,1,y1
17,1.45172752415698,0,1,0,1,0,1,0,1,y1
17,1.464,0,1,0,1,0,1,0,1,y1
17,1.48391069363817,0,1,0,1,0,1,0,1,y1
17,1.5,0,1,0,1,0,1,0,1,y1
17,1.5168073278575,0,1,0,1,0,1,0,1,y1
17,1.55043324352725,0,1,0,1,0,1,0,1,y1
17,1.58,0,1,0,1,0,1,0,1,y1
17,1.58480460799848,0,1,0,1,0,1,0,1,y1
17,1.61993794703428,0,1,0,1,0,1,0,1,y1
17,1.65585015275532,0,1,0,1,0,1,0,1,y1
17,1.69255849176166,0,1,0,1,0,1,0,1,y1
17,1.696,0,1,0,1,0,1,0,1,y1
17,1.73008061343449,0,1,0,1,0,1,0,1,y1
17,1.76843455842195,0,1,0,1,0,1,0,1,y1
17,1.80763876731311,0,1,0,1,0,1,0,1,y1
17,1.812,0,1,0,1,0,1,0,1,y1
17,1.8477120895042,0,1,0,1,0,1,0,1,y1
17,1.88867379226141,0,1,0,1,0,1,0,1,y1
17,1.928,0,1,0,1,0,1,0,1,y1
17,1.93054356998457,0,1,0,1,0,1,0,1,y1
17,1.97334155367626,0,1,0,1,0,1,0,1,y1
17,2,0.189145,1,0.189145,1,0,1,0,1,y1
17,2.01708832062079,0.647961,1,0.647961,1,0,1,0,1,y1
17,2.044,1.18975,1,1.18975,1,0,1,0,1,y1
17,2.06180490427776,1.49319,1,1.49319,1,0,1,0,1,y1
17,2.10751280439494,2.15141,1,2.15141,1,0,1,0,1,y1
17,2.1542339973454,2.6967,1,2.6967,1,0,1,0,1,y1
17,2.16,2.75718,1,2.75718,1,0,1,0,1,y1
17,2.20199094669372,3.16091,0,3.16091,0,0,1,0,1,y1
17,2.25080661399648,3.56437,0,3.56437,0,0,1,0,1,y1
17,2.276,3.7505,0,3.7505,0,0,1,0,1,y1
17,2.30070446984221,3.92074,0,3.92074,0,0,1,0,1,y1
17,2.351708505136,4.23924,0,4.23924,0,0.844242,1,0,1,y1
17,2.392,4.46433,0,4.46433,0,1.20848,1,0.0739714,1,y1
17,2.40384324263443,4.52664,0,4.52664,0,1.2957,1,0.370114,1,y1
17,2.45713374873602,4.78807,0,4.78807,0,1.64223,1,1.05354,1,y1
17,2.5,4.97854,0,4.97854,0,1.89301,1,1.37748,1,y1
17,2.508,5.01235,0,5.01235,0,1.9381,1,1.43062,1,y1
17,2.51160564553323,5.02742,0,5.02742,0,1.95827,1,1.4541,1,y1
17,2.56728512313153,5.24779,0,5.24779,0,2.2585,1,1.79178,1,y1
17,2.624,5.45098,0,5.45098,0,2.54452,1,2.10583,1,y1
17,2.62419895224163,5.45166,0,5.45166,0,2.5455,1,2.10689,1,y1
17,2.68237449705085,5.64101,0,5.64101,0,2.82013,1,2.4067,1,y1
17,2.74,5.81228,0,5.81228,0,3.07542,0,2.68408,1,y1
17,2.74183972837982,5.81751,0,5.81751,0,3.08332,0,2.69263,1,y1
17,2.80262323713087,5.98252,0,5.98252,0,3.33573,0,2.96568,1,y1
17,2.856,6.1162,0,6.1162,0,3.5449,0,3.19098,0,y1
17,2.86475424803452,6.1372,0,6.1372,0,3.57816,0,3.22673,0,y1
17,2.92826263370077,6.28251,0,6.28251,0,3.81125,0,3.47676,0,y1
17,2.972,6.37588,0,6.37588,0,3.96382,0,3.63996,0,y1
17,2.99317892898186,6.41929,0,6.41929,0,4.03553,0,3.71652,0,y1
17,3,6.43303,0,6.43303,0,4.05834,0,3.74085,0,y1
17,3.05953434565339,6.54824,0,6.54824,0,4.25164,0,3.94662,0,y1
17,3.088,6.60051,0,6.60051,0,4.34054,0,4.04105,0,y1
17,3.12736078742103,6.67001,0,6.67001,0,4.46002,0,4.1678,0,y1
17,3.19669086525975,6.78521,0,6.78521,0,4.66102,0,4.38061,0,y1
17,3.204,6.79685,0,6.79685,0,4.68157,0,4.4023,0,y1
17,3.26755791309326,6.89434,0,6.89434,0,4.8549,0,4.58541,0,y1
17,3.32,6.97,0,6.97,0,4.9917,0,4.72939,0,y1
17,3.33999600382091,6.99778,0,6.99778,0,5.04232,0,4.78275,0,y1
17,3.41403996569999,7.09573,0,7.09573,0,5.22356,0,4.97347,0,y1
17,3.436,7.12334,0,7.12334,0,5.27537,0,5.02778,0,y1
17,3.48972539909116,7.18821,0,7.18821,0,5.39913,0,5.15698,0,y1
17,3.5,7.20021,0,7.20021,0,5.42226,0,5.18107,0,y1
17,3.552,7.25913,0,7.25913,0,5.53657,0,5.30004,0,y1
17,3.5670886935751,7.27568,0,7.27568,0,5.56896,0,5.33384,0,y1
17,3.64616704544864,7.35881,0,7.35881,0,5.73347,0,5.50545,0,y1
17,3.668,7.38071,0,7.38071,0,5.77727,0,5.55099,0,y1
17,3.72699847560877,7.43768,0,7.43768,0,5.89261,0,5.67051,0,y1
17,3.784,7.48977,0,7.48977,0,5.99986,0,5.78159,0,y1
17,3.80962184783307,7.51226,0,7.51226,0,6.04677,0,5.83015,0,y1
17,3.89407688746544,7.58221,0,7.58221,0,6.19617,0,5.9848,0,y1
17,3.9,7.58686,0,7.58686,0,6.20635,0,5.99533,0,y1
17,3.98040420051607,7.647,0,7.647,0,6.34096,0,6.13452,0,y1
17,4,7.66091,0,7.66091,0,6.37278,0,6.16742,0,y1
17,4.016,7.67207,0,7.67207,0,6.39849,0,6.19398,0,y1
17,4.0686452931848,7.7075,0,7.7075,0,6.48136,0,6.27945,0,y1
17,4.132,7.74735,0,7.74735,0,6.57765,0,6.37868,0,y1
17,4.15884259181733,7.76322,0,7.76322,0,6.6174,0,6.4196,0,y1
17,4.248,7.81168,0,7.81168,0,6.74516,0,6.55095,0,y1
17,4.25103946330381,7.81323,0,7.81323,0,6.7494,0,6.5553,0,y1
17,4.34528023592966,7.85811,0,7.85811,0,6.87691,0,6.68657,0,y1
17,4.364,7.86624,0,7.86624,0,6.90139,0,6.71182,0,y1
17,4.44161022068863,7.89697,0,7.89697,0,7.00045,0,6.81361,0,y1
17,4.48,7.9107,0,7.9107,0,7.04788,0,6.8623,0,y1
17,4.5,7.91751,0,7.91751,0,7.07215,0,6.8873,0,y1
17,4.54007573306834,7.93035,0,7.93035,0,7.11985,0,6.93646,0,y1
17,4.596,7.94626,0,7.94626,0,7.18447,0,7.00342,0,y1
17,4.64072411531876,7.95725,0,7.95725,0,7.2348,0,7.0554,0,y1
17,4.712,7.97192,0,7.97192,0,7.31252,0,7.13561,0,y1
17,4.74360375921441,7.97728,0,7.97728,0,7.34597,0,7.17012,0,y1
17,4.828,7.98829,0,7.98829,0,7.43243,0,7.2593,0,y1
17,4.84876412932112,7.99028,0,7.99028,0,7.45306,0,7.28059,0,y1
17,4.944,7.99564,0,7.99564,0,7.54441,0,7.37504,0,y1
17,4.95625578677862,7.99589,0,7.99589,0,7.55579,0,7.38682,0,y1
17,5,7.99601,0,7.99601,0,7.59571,0,7.42819,0,y1
17,5.06,7.99413,0,7.99413,0,7.64868,0,7.48321,0,y1
17,5.06613041361032,7.9938,0,7.9938,0,7.65397,0,7.48872,0,y1
17,5.176,7.98402,0,7.98402,0,7.74531,0,7.58407,0,y1
17,5.17844083757211,7.98371,0,7.98371,0,7.74726,0,7.58612,0,y1
17,5.292,7.96575,0,7.96575,0,7.83431,0,7.67776,0,y1
17,5.2932410575519,7.96552,0,7.96552,0,7.83522,0,7.67872,0,y1
17,5.408,7.94026,0,7.94026,0,7.91553,0,7.76431,0,y1
17,5.41058626953234,7.93961,0,7.93961,0,7.91726,0,7.76616,0,y1
17,5.5,7.91498,0,7.91498,0,7.97433,0,7.82788,0,y1
17,5.524,7.90763,0,7.90763,0,7.98882,0,7.84371,0,y1
17,5.53053289312902,7.90558,0,7.90558,0,7.99271,0,7.84797,0,y1
17,5.64,7.86809,0,7.86809,0,8.05391,0,7.91578,0,y1
17,5.65313859871711,7.8632,0,7.8632,0,8.06075,0,7.92347,0,y1
17,5.756,7.82225,0,7.82225,0,8.11045,0,7.98031,0,y1
17,5.77846233515922,7.8127,0,7.8127,0,8.12038,0,7.99192,0,y1
17,5.872,7.77073,0,7.77073,0,8.15809,0,8.03708,0,y1
17,5.9065643581481,7.7544,0,7.7544,0,8.17052,0,8.05246,0,y1
17,5.988,7.71431,0,7.71431,0,8.1965,0,8.08583,0,y1
17,6,7.70822,0,7.70822,0,8.19993,0,8.09041,0,y1
17,6.03750625917755,7.68888,0,7.68888,0,8.21,0,8.10412,0,y1
17,6.104,7.65355,0,7.65355,0,8.22537,0,8.12626,0,y1
17,6.17135099515563,7.61654,0,7.61654,0,8.23765,0,8.14582,0,y1
17,6.22,7.58909,0,7.58909,0,8.24447,0,8.1581,0,y1
17,6.3081629186744,7.53797,0,7.53797,0,8.25236,0,8.17636,0,y1
17,6.336,7.52147,0,7.52147,0,8.25367,0,8.18107,0,y1
17,6.44800780895062,7.45366,0,7.45366,0,8.25315,0,8.19475,0,y1
17,6.452,7.4512,0,7.4512,0,8.25296,0,8.19509,0,y1
17,6.5,7.42146,0,7.42146,0,8.24977,0,8.19824,0,y1
17,6.568,7.37874,0,7.37874,0,8.24232,0,8.20006,0,y1
17,6.59095290345246,7.36418,0,7.36418,0,8.23902,0,8.19997,0,y1
17,6.684,7.30453,0,7.30453,0,8.22147,0,8.1959,0,y1
17,6.73706693022727,7.27009,0,7.27009,0,8.20838,0,8.19087,0,y1
17,6.8,7.22892,0,7.22892,0,8.19,0,8.18228,0,y1
17,6.88642014094606,7.1719,0,7.1719,0,8.15967,0,8.16571,0,y1
17,6.916,7.15227,0,7.15227,0,8.14799,0,8.15873,0,y1
17,7,7.09629,0,7.09629,0,8.11151,0,8.13505,0,y1
17,7.032,7.07488,0,7.07488,0,8.09634,0,8.1245,0,y1
17,7.03908434468051,7.07013,0,7.07013,0,8.09289,0,8.12206,0,y1
17,7.148,6.99702,0,6.99702,0,8.03559,0,8.08021,0,y1
17,7.1951329424288,6.96531,0,6.96531,0,8.0084,0,8.06007,0,y1
17,7.264,6.91894,0,6.91894,0,7.96616,0,8.02888,0,y1
17,7.35464096240686,6.85792,0,6.85792,0,7.90631,0,7.98288,0,y1
17,7.38,6.84086,0,6.84086,0,7.88873,0,7.96903,0,y1
17,7.496,6.76299,0,6.76299,0,7.80402,0,7.90188,0,y1
17,7.5,6.76031,0,6.76031,0,7.80098,0,7.89942,0,y1
17,7.51768509612194,6.74847,0,6.74847,0,7.78744,0,7.88847,0,y1
17,7.612,6.68552,0,6.68552,0,7.71277,0,7.82728,0,y1
17,7.68434373524588,6.63748,0,6.63748,0,7.6528,0,7.77754,0,y1
17,7.728,6.60862,0,6.60862,0,7.61556,0,7.74637,0,y1
17,7.844,6.53247,0,6.53247,0,7.51295,0,7.65912,0,y1
17,7.85469700930591,6.52549,0,6.52549,0,7.50324,0,7.65078,0,y1
17,7.96,6.45721,0,6.45721,0,7.40562,0,7.56636,0,y1
17,8,6.4315,0,6.4315,0,7.36758,0,7.53322,0,y1
17,8.02882682421091,6.41304,0,6.41304,0,7.33988,0,7.50898,0,y1
17,8.076,6.38298,0,6.38298,0,7.29403,0,7.46868,0,y1
17,8.192,6.30991,0,6.30991,0,7.17863,0,7.36638,0,y1
17,8.20681690163182,6.30067,0,6.30067,0,7.16364,0,7.35302,0,y1
17,8.308,6.23816,0,6.23816,0,7.05993,0,7.2602,0,y1
17,8.38875281925503,6.18906,0,6.18906,0,6.97567,0,7.18415,0,y1
17,8.424,6.16786,0,6.16786,0,6.93851,0,7.15044,0,y1
17,8.5,6.12264,0,6.12264,0,6.85775,0,7.07683,0,y1
17,8.54,6.09912,0,6.09912,0,6.81487,0,7.03761,0,y1
17,8.57472205192818,6.07887,0,6.07887,0,6.77746,0,7.00331,0,y1
17,8.656,6.03209,0,6.03209,0,6.68937,0,6.92214,0,y1
17,8.76481401371806,5.97085,0,5.97085,0,6.5702,0,6.81173,0,y1
17,8.772,5.96686,0,5.96686,0,6.5623,0,6.80438,0,y1
17,8.888,5.90356,0,5.90356,0,6.43411,0,6.68478,0,y1
17,8.95912010090097,5.86574,0,5.86574,0,6.3552,0,6.61068,0,y1
17,9,5.84437,0,5.84437,0,6.30968,0,6.56786,0,y1
17,9.004,5.84229,0,5.84229,0,6.30522,0,6.56366,0,y1
17,9.12,5.78313,0,5.78313,0,6.17598,0,6.44142,0,y1
17,9.15773373590602,5.76436,0,5.76436,0,6.13383,0,6.40147,0,y1
17,9.236,5.72618,0,5.72618,0,6.04661,0,6.3184,0,y1
17,9.352,5.67141,0,5.67141,0,5.91752,0,6.19495,0,y1
17,9.36075041223273,5.66737,0,5.66737,0,5.90782,0,6.18563,0,y1
17,9.468,5.61859,0,5.61859,0,5.78911,0,6.0714,0,y1
17,9.5,5.60421,0,5.60421,0,5.75382,0,6.03735,0,y1
17,9.56826774036427,5.5736,0,5.5736,0,5.67892,0,5.96477,0,y1
17,9.584,5.56653,0,5.56653,0,5.66168,0,5.94806,0,y1
17,9.7,5.51392,0,5.51392,0,5.53537,0,5.82524,0,y1
17,9.78038549469867,5.47649,0,5.47649,0,5.44862,0,5.74063,0,y1
17,9.816,5.45968,0,5.45968,0,5.41048,0,5.70328,0,y1
17,9.932,5.40522,0,5.40522,0,5.28731,0,5.58219,0,y1
17,9.99720566152035,5.3755,0,5.3755,0,5.21898,0,5.51471,0,y1
17,10,5.37423,0,5.37423,0,5.21607,0,5.51183,0,y1
17,10.048,5.35226,0,5.35226,0,5.16613,0,5.4625,0,y1
17,10.164,5.29676,0,5.29676,0,5.047,0,5.34415,0,y1
17,10.2188324880352,5.26993,0,5.26993,0,4.99137,0,5.28887,0,y1
17,10.28,5.24148,0,5.24148,0,4.93002,0,5.22807,0,y1
17,10.396,5.1891,0,5.1891,0,4.81544,0,5.11393,0,y1
17,10.4453725324925,5.1658,0,5.1658,0,4.7675,0,5.0659,0,y1
17,10.5,5.13995,0,5.13995,0,4.71491,0,5.01338,0,y1
17,10.512,5.13435,0,5.13435,0,4.70342,0,5.00187,0,y1
17,10.628,5.08127,0,5.08127,0,4.59429,0,4.8914,0,y1
17,10.6769347154184,5.05927,0,5.05927,0,4.54918,0,4.84578,0,y1
17,10.744,5.02922,0,5.02922,0,4.48844,0,4.78408,0,y1
17,10.86,4.97667,0,4.97667,0,4.38555,0,4.67897,0,y1
17,10.9136303719849,4.95279,0,4.95279,0,4.33868,0,4.63143,0,y1
17,10.976,4.92551,0,4.92551,0,4.28481,0,4.57693,0,y1
17,11,4.9151,0,4.9151,0,4.26429,0,4.55617,0,y1
17,11.092,4.87544,0,4.87544,0,4.18678,0,4.47757,0,y1
17,11.1555733055397,4.8482,0,4.8482,0,4.13425,0,4.42432,0,y1
17,11.208,4.82584,0,4.82584,0,4.09158,0,4.38108,0,y1
17,11.324,4.77743,0,4.77743,0,3.9991,0,4.28741,0,y1
17,11.4028798423229,4.74533,0,4.74533,0,3.93781,0,4.22529,0,y1
17,11.44,4.73035,0,4.73035,0,3.90942,0,4.19652,0,y1
17,11.5,4.70633,0,4.70633,0,3.86414,0,4.15068,0,y1
17,11.556,4.68413,0,4.68413,0,3.82257,0,4.10858,0,y1
17,11.6556688873968,4.64535,0,4.64535,0,3.75023,0,4.03524,0,y1
17,11.672,4.63911,0,4.63911,0,3.73858,0,4.02342,0,y1
17,11.788,4.59547,0,4.59547,0,3.65734,0,3.94119,0,y1
17,11.904,4.55283,0,4.55283,0,3.57901,0,3.86171,0,y1
17,11.9140619818156,4.5492,0,4.5492,0,3.57235,0,3.85494,0,y1
17,12,4.51852,0,4.51852,0,3.51636,0,3.79796,0,y1
17,12.02,4.51147,0,4.51147,0,3.50353,0,3.78497,0,y1
17,12.136,4.4713,0,4.4713,0,3.43074,0,3.71179,0,y1
17,12.178183361062,4.45703,0,4.45703,0,3.405,0,3.68568,0,y1
17,12.252,4.43241,0,4.43241,0,3.36087,0,3.64027,0,y1
17,12.368,4.39394,0,4.39394,0,3.29364,0,3.57232,0,y1
17,12.4481600147799,4.36766,0,4.36766,0,3.24881,0,3.52791,0,y1
17,12.484,4.35666,0,4.35666,0,3.22919,0,3.50807,0,y1
17,12.5,4.35186,0,4.35186,0,3.22052,0,3.49912,0,y1
17,12.6,4.32219,0,4.32219,0,3.16746,0,3.44438,0,y1
17,12.716,4.28767,0,4.28767,0,3.10829,0,3.38676,0,y1
17,12.7241217478313,4.2853,0,4.2853,0,3.10425,0,3.38272,0,y1
17,12.832,4.25394,0,4.25394,0,3.05177,0,3.32844,0,y1
17,12.948,4.22063,0,4.22063,0,2.99774,1,3.27403,0,y1
17,13,4.20651,0,4.20651,0,2.97433,1,3.25037,0,y1
17,13.006201242706,4.20481,0,4.20481,0,2.97157,1,3.24757,0,y1
17,13.064,4.189,0,4.189,0,2.94618,1,3.22179,0,y1
17,13.18,4.15842,0,4.15842,0,2.89707,1,3.17212,0,y1
17,13.2945341233157,4.12865,0,4.12865,0,2.85086,1,3.12548,0,y1
17,13.296,4.12827,0,4.12827,0,2.85028,1,3.12489,0,y1
17,13.412,4.09909,0,4.09909,0,2.80575,1,3.07989,0,y1
17,13.5,4.07711,0,4.07711,0,2.77348,1,3.04746,0,y1
17,13.528,4.07033,0,4.07033,0,2.76348,1,3.03736,0,y1
17,13.589259020202,4.05564,0,4.05564,0,2.74201,1,3.01572,0,y1
17,13.644,4.04244,0,4.04244,0,2.7233,1,2.99695,1,y1
17,13.76,4.01507,0,4.01507,0,2.68521,1,2.95869,1,y1
17,13.876,3.98834,0,3.98834,0,2.64916,1,2.92263,1,y1
17,13.8905176371901,3.985,0,3.985,0,2.64477,1,2.91823,1,y1
17,13.992,3.96185,0,3.96185,0,2.61492,1,2.88792,1,y1
17,14,3.96007,0,3.96007,0,2.61263,1,2.8856,1,y1
17,14.108,3.93649,0,3.93649,0,2.58269,1,2.85616,1,y1
17,14.1984548195197,3.91536,0,3.91536,0,2.5587,1,2.8325,1,y1
17,14.224,3.90975,0,3.90975,0,2.55208,1,2.82597,1,y1
17,14.34,3.88471,0,3.88471,0,2.52325,1,2.79743,1,y1
17,14.456,3.85921,0,3.85921,0,2.49615,1,2.77063,1,y1
17,14.5,3.85029,0,3.85029,0,2.48615,1,2.76091,1,y1
17,14.513218623487,3.84759,0,3.84759,0,2.48319,1,2.75804,1,y1
17,14.572,3.83547,0,3.83547,0,2.47036,1,2.7455,1,y1
17,14.688,3.81157,0,3.81157,0,2.44687,1,2.72196,1,y1
17,14.804,3.78702,0,3.78702,0,2.42405,1,2.69951,1,y1
17,14.8349603876301,3.78045,0,3.78045,0,2.41804,1,2.69405,1,y1
17,14.92,3.7632,0,3.7632,0,2.40213,1,2.67925,1,y1
17,15,3.74857,0,3.74857,0,2.388,1,2.66586,1,y1
17,15.036,3.74164,0,3.74164,0,2.38185,1,2.66005,1,y1
17,15.152,3.71766,0,3.71766,0,2.36283,1,2.64213,1,y1
17,15.1638348054925,3.71526,0,3.71526,0,2.36097,1,2.64037,1,y1
17,15.268,3.69385,0,3.69385,0,2.34514,1,2.62545,1,y1
17,15.384,3.67067,0,3.67067,0,2.32855,1,2.60995,1,y1
17,15.5,3.64719,0,3.64719,0,2.31293,1,2.59557,1,y1
18,1,0,1,0,1,0,1,0,1,y1
18,1.02190077866029,0,1,0,1,0,1,0,1,y1
18,1.04428120142651,0,1,0,1,0,1,0,1,y1
18,1.06715177287806,0,1,0,1,0,1,0,1,y1
18,1.0905232276528,0,1,0,1,0,1,0,1,y1
18,1.112,0,1,0,1,0,1,0,1,y1
18,1.11440653548553,0,1,0,1,0,1,0,1,y1
18,1.13881290635678,0,1,0,1,0,1,0,1,y1
18,1.16375379575438,0,1,0,1,0,1,0,1,y1
18,1.18924091005028,0,1,0,1,0,1,0,1,y1
18,1.21528621199505,0,1,0,1,0,1,0,1,y1
18,1.224,0,1,0,1,0,1,0,1,y1
18,1.24190192633286,0,1,0,1,0,1,0,1,y1
18,1.26910054553927,0,1,0,1,0,1,0,1,y1
18,1.29689483568478,0,1,0,1,0,1,0,1,y1
18,1.32529784242679,0,1,0,1,0,1,0,1,y1
18,1.336,0,1,0,1,0,1,0,1,y1
18,1.35432289713274,0,1,0,1,0,1,0,1,y1
18,1.38398362313741,0,1,0,1,0,1,0,1,y1
18,1.41429394213721,0,1,0,1,0,1,0,1,y1
18,1.44526808072455,0,1,0,1,0,1,0,1,y1
18,1.448,0,1,0,1,0,1,0,1,y1
18,1.47692057706528,0,1,0,1,0,1,0,1,y1
18,1.5,0,1,0,1,0,1,0,1,y1
18,1.50926628772242,0,1,0,1,0,1,0,1,y1
18,1.54232039462927,0,1,0,1,0,1,0,1,y1
18,1.56,0,1,0,1,0,1,0,1,y1
18,1.5760984122153,0,1,0,1,0,1,0,1,y1
18,1.61061619468806,0,1,0,1,0,1,0,1,y1
18,1.64588994347461,0,1,0,1,0,1,0,1,y1
18,1.672,0,1,0,1,0,1,0,1,y1
18,1.68193621482585,0,1,0,1,0,1,0,1,y1
18,1.71877192758748,0,1,0,1,0,1,0,1,y1
18,1.7564143711411,0,1,0,1,0,1,0,1,y1
18,1.784,0,1,0,1,0,1,0,1,y1
18,1.79488121351921,0,1,0,1,0,1,0,1,y1
18,1.83419050969801,0,1,0,1,0,1,0,1,y1
18,1.87436071007172,0,1,0,1,0,1,0,1,y1
18,1.896,0,1,0,1,0,1,0,1,y1
18,1.91541066911255,0,1,0,1,0,1,0,1,y1
18,1.95735965422034,0,1,0,1,0,1,0,1,y1
18,2,0.189146,1,0.189146,1,0,1,0,1,y1
18,2.00022735476601,0.196477,1,0.196477,1,0,1,0,1,y1
18,2.008,0.423258,1,0.423258,1,0,1,0,1,y1
18,2.044033891333,1.19036,1,1.19036,1,0,1,0,1,y1
18,2.08879982516122,1.89978,1,1.89978,1,0,1,0,1,y1
18,2.12,2.30778,1,2.30778,1,0,1,0,1,y1
18,2.13454616779773,2.47969,1,2.47969,1,0,1,0,1,y1
18,2.18129439095885,2.96953,1,2.96953,1,0,1,0,1,y1
18,2.22906643660817,3.39225,0,3.39225,0,0,1,0,1,y1
18,2.232,3.41614,0,3.41614,0,0,1,0,1,y1
18,2.27788472725541,3.7639,0,3.7639,0,0,1,0,1,y1
18,2.3277721764807,4.0949,0,4.0949,0,0,1,0,1,y1
18,2.344,4.19368,0,4.19368,0,0,1,0,1,y1
18,2.37875219968939,4.39263,0,4.39263,0,0,1,0,1,y1
18,2.43084872510247,4.66282,0,4.66282,0,0,1,0,1,y1
18,2.456,4.78281,0,4.78281,0,0,1,0,1,y1
18,2.48408620498759,4.90971,0,4.90971,0,0,1,0,1,y1
18,2.5,4.97854,0,4.97854,0,0,1,0,1,y1
18,2.53848962713611,5.13663,0,5.13663,0,0.311019,1,0,1,y1
18,2.568,5.25048,0,5.25048,0,1.43585,1,0,1,y1
18,2.59408452659146,5.34627,0,5.34627,0,2.11897,1,1.05827,1,y1
18,2.65089699763443,5.54077,0,5.54077,0,3.16441,0,2.48458,1,y1
18,2.68,5.63362,0,5.63362,0,3.56304,0,2.98576,1,y1
18,2.70895370603086,5.72188,0,5.72188,0,3.90213,0,3.39657,0,y1
18,2.76828190154762,5.89108,0,5.89108,0,4.46654,0,4.05995,0,y1
18,2.792,5.95471,0,5.95471,0,4.65628,0,4.27927,0,y1
18,2.8289094307427,6.04958,0,6.04958,0,4.92182,0,4.58253,0,y1
18,2.89086475003541,6.19842,0,6.19842,0,5.3033,0,5.01076,0,y1
18,2.904,6.22842,0,6.22842,0,5.37566,0,5.09112,0,y1
18,2.95417693906278,6.33846,0,6.33846,0,5.62937,0,5.37128,0,y1
18,3,6.43303,0,6.43303,0,5.83428,0,5.59588,0,y1
18,3.016,6.46481,0,6.46481,0,5.90076,0,5.66838,0,y1
18,3.01887571432853,6.47046,0,6.47046,0,5.91246,0,5.68111,0,y1
18,3.08499144315097,6.59507,0,6.59507,0,6.162,0,5.95159,0,y1
18,3.128,6.67111,0,6.67111,0,6.30684,0,6.10764,0,y1
18,3.15255515791632,6.7129,0,6.7129,0,6.3842,0,6.19074,0,y1
18,3.2215985706442,6.82451,0,6.82451,0,6.58372,0,6.40434,0,y1
18,3.24,6.85288,0,6.85288,0,6.63288,0,6.45681,0,y1
18,3.2921540878722,6.93034,0,6.93034,0,6.76414,0,6.5966,0,y1
18,3.352,7.01418,0,7.01418,0,6.90165,0,6.74266,0,y1
18,3.36425482586626,7.03072,0,7.03072,0,6.92825,0,6.77089,0,y1
18,3.43793462616438,7.12574,0,7.12574,0,7.07825,0,6.92998,0,y1
18,3.464,7.1576,0,7.1576,0,7.12756,0,6.98228,0,y1
18,3.5,7.20021,0,7.20021,0,7.19275,0,7.05138,0,y1
18,3.51322807146056,7.21548,0,7.21548,0,7.21589,0,7.07586,0,y1
18,3.576,7.28536,0,7.28536,0,7.32022,0,7.18556,0,y1
18,3.59017050183674,7.30057,0,7.30057,0,7.34258,0,7.20889,0,y1
18,3.66879803135018,7.3815,0,7.3815,0,7.4594,0,7.32971,0,y1
18,3.688,7.40037,0,7.40037,0,7.48616,0,7.35719,0,y1
18,3.74914756498409,7.45826,0,7.45826,0,7.56714,0,7.44037,0,y1
18,3.8,7.50388,0,7.50388,0,7.62986,0,7.50532,0,y1
18,3.83125681596958,7.5308,0,7.5308,0,7.66649,0,7.5435,0,y1
18,3.912,7.59618,0,7.59618,0,7.75489,0,7.6354,0,y1
18,3.91516432348687,7.59862,0,7.59862,0,7.75819,0,7.6388,0,y1
18,4,7.66091,0,7.66091,0,7.84189,0,7.72526,0,y1
18,4.00090947075423,7.66155,0,7.66155,0,7.84274,0,7.72614,0,y1
18,4.024,7.67759,0,7.67759,0,7.86405,0,7.74829,0,y1
18,4.08853250351308,7.72035,0,7.72035,0,7.92047,0,7.80723,0,y1
18,4.136,7.74976,0,7.74976,0,7.9592,0,7.84787,0,y1
18,4.17807454891793,7.77421,0,7.77421,0,7.99165,0,7.88226,0,y1
18,4.248,7.81168,0,7.81168,0,8.04187,0,7.93579,0,y1
18,4.26957763483998,7.82254,0,7.82254,0,8.05646,0,7.95135,0,y1
18,4.36,7.86453,0,7.86453,0,8.11311,0,8.01273,0,y1
18,4.36308470959355,7.86585,0,7.86585,0,8.11492,0,8.01472,0,y1
18,4.45863966209446,7.90317,0,7.90317,0,8.16699,0,8.07188,0,y1
18,4.472,7.90791,0,7.90791,0,8.17368,0,8.07931,0,y1
18,4.5,7.91751,0,7.91751,0,8.18723,0,8.09444,0,y1
18,4.55628734245999,7.93522,0,7.93522,0,8.21258,0,8.12308,0,y1
18,4.584,7.94306,0,7.94306,0,8.22415,0,8.1364,0,y1
18,4.6560735830599,7.96069,0,7.96069,0,8.25145,0,8.1684,0,y1
18,4.696,7.96893,0,7.96893,0,8.26487,0,8.18459,0,y1
18,4.75804522002853,7.9795,0,7.9795,0,8.28343,0,8.20752,0,y1
18,4.808,7.98609,0,7.98609,0,8.29642,0,8.2241,0,y1
18,4.86225011524803,7.99141,0,7.99141,0,8.30858,0,8.24018,0,y1
18,4.92,7.99486,0,7.99486,0,8.31925,0,8.25517,0,y1
18,4.96873717881306,7.99605,0,7.99605,0,8.32641,0,8.26612,0,y1
18,5,7.99601,0,7.99601,0,8.33013,0,8.2723,0,y1
18,5.032,7.99531,0,7.99531,0,8.33324,0,8.27802,0,y1
18,5.07755639198741,7.99313,0,7.99313,0,8.33646,0,8.28497,0,y1
18,5.144,7.98763,0,7.98763,0,8.33861,0,8.2928,0,y1
18,5.18875883066347,7.98238,0,7.98238,0,8.33831,0,8.29647,0,y1
18,5.256,7.97219,0,7.97219,0,8.33514,0,8.29969,0,y1
18,5.30239668933547,7.96375,0,7.96375,0,8.33104,0,8.3003,0,y1
18,5.368,7.94987,0,7.94987,0,8.32292,0,8.29893,0,y1
18,5.41852330559767,7.93758,0,7.93758,0,8.31504,0,8.29614,0,y1
18,5.48,7.92085,0,7.92085,0,8.3036,0,8.29072,0,y1
18,5.5,7.91496,0,7.91496,0,8.29942,0,8.28848,0,y1
18,5.5371931851792,7.90345,0,7.90345,0,8.29106,0,8.28368,0,y1
18,5.592,7.88523,0,7.88523,0,8.27738,0,8.27516,0,y1
18,5.65846202752709,7.86117,0,7.86117,0,8.25834,0,8.26257,0,y1
18,5.704,7.84349,0,7.84349,0,8.24376,0,8.25253,0,y1
18,5.78238675194963,7.81098,0,7.81098,0,8.21588,0,8.23258,0,y1
18,5.816,7.79622,0,7.79622,0,8.20285,0,8.22303,0,y1
18,5.90902552433228,7.7532,0,7.7532,0,8.16345,0,8.19354,0,y1
18,5.928,7.74403,0,7.74403,0,8.15485,0,8.18699,0,y1
18,6,7.70819,0,7.70819,0,8.12052,0,8.16048,0,y1
18,6.0384377844387,7.68836,0,7.68836,0,8.10114,0,8.14529,0,y1
18,6.04,7.68754,0,7.68754,0,8.10034,0,8.14466,0,y1
18,6.152,7.62726,0,7.62726,0,8.03977,0,8.09636,0,y1
18,6.17068427380964,7.61688,0,7.61688,0,8.02911,0,8.08774,0,y1
18,6.264,7.56376,0,7.56376,0,7.97361,0,8.04236,0,y1
18,6.30582706427289,7.53931,0,7.53931,0,7.94754,0,8.02083,0,y1
18,6.376,7.49748,0,7.49748,0,7.90222,0,7.98302,0,y1
18,6.44392958707761,7.45613,0,7.45613,0,7.85655,0,7.94454,0,y1
18,6.488,7.42889,0,7.42889,0,7.826,0,7.91864,0,y1
18,6.5,7.42142,0,7.42142,0,7.81757,0,7.91146,0,y1
18,6.5850566626667,7.36789,0,7.36789,0,7.75631,0,7.85897,0,y1
18,6.6,7.35839,0,7.35839,0,7.74528,0,7.84947,0,y1
18,6.712,7.28635,0,7.28635,0,7.66037,0,7.77589,0,y1
18,6.72927453110125,7.27512,0,7.27512,0,7.64691,0,7.76416,0,y1
18,6.824,7.2131,0,7.2131,0,7.5715,0,7.69809,0,y1
18,6.87665088315124,7.17833,0,7.17833,0,7.52842,0,7.66018,0,y1
18,6.936,7.13894,0,7.13894,0,7.47891,0,7.61641,0,y1
18,7,7.09625,0,7.09625,0,7.42441,0,7.56808,0,y1
18,7.02725489206724,7.07802,0,7.07802,0,7.40086,0,7.54717,0,y1
18,7.048,7.06413,0,7.06413,0,7.3828,0,7.53111,0,y1
18,7.16,6.98891,0,6.98891,0,7.28336,0,7.44238,0,y1
18,7.18115724604786,6.97468,0,6.97468,0,7.26421,0,7.42526,0,y1
18,7.272,6.91352,0,6.91352,0,7.18075,0,7.35044,0,y1
18,7.33843018141831,6.86879,0,6.86879,0,7.11844,0,7.29441,0,y1
18,7.384,6.83814,0,6.83814,0,7.0751,0,7.25535,0,y1
18,7.496,6.76296,0,6.76296,0,6.9666,0,7.15735,0,y1
18,7.49914751653556,6.76085,0,6.76085,0,6.96352,0,7.15456,0,y1
18,7.5,6.76028,0,6.76028,0,6.96268,0,7.1538,0,y1
18,7.608,6.68815,0,6.68815,0,6.85533,0,7.05661,0,y1
18,7.66338468643608,6.65134,0,6.65134,0,6.79933,0,7.00578,0,y1
18,7.72,6.61388,0,6.61388,0,6.7414,0,6.95314,0,y1
18,7.83121877824239,6.54079,0,6.54079,0,6.62575,0,6.84782,0,y1
18,7.832,6.54028,0,6.54028,0,6.62493,0,6.84707,0,y1
18,7.944,6.46751,0,6.46751,0,6.50598,0,6.73853,0,y1
18,8,6.43148,0,6.43148,0,6.44561,0,6.68335,0,y1
18,8.002728567345,6.42973,0,6.42973,0,6.44265,0,6.68065,0,y1
18,8.056,6.39568,0,6.39568,0,6.38465,0,6.6276,0,y1
18,8.168,6.32491,0,6.32491,0,6.26106,0,6.51437,0,y1
18,8.17799455437682,6.31865,0,6.31865,0,6.24992,0,6.50415,0,y1
18,8.28,6.25534,0,6.25534,0,6.13532,0,6.39894,0,y1
18,8.3570990029973,6.20821,0,6.20821,0,6.04753,0,6.31824,0,y1
18,8.392,6.18709,0,6.18709,0,6.0075,0,6.2814,0,y1
18,8.5,6.12263,0,6.12263,0,5.88236,0,6.16616,0,y1
18,8.504,6.12027,0,6.12027,0,5.8777,0,6.16186,0,y1
18,8.54012597850409,6.09904,0,6.09904,0,5.83546,0,6.12288,0,y1
18,8.616,6.055,0,6.055,0,5.74606,0,6.04041,0,y1
18,8.72716138729032,5.99185,0,5.99185,0,5.6138,0,5.91811,0,y1
18,8.728,5.99138,0,5.99138,0,5.6128,0,5.91718,0,y1
18,8.84,5.92951,0,5.92951,0,5.47811,0,5.79229,0,y1
18,8.91829301716601,5.88735,0,5.88735,0,5.38317,0,5.70406,0,y1
18,8.952,5.86949,0,5.86949,0,5.34218,0,5.66588,0,y1
18,9,5.84436,0,5.84436,0,5.28352,0,5.61129,0,y1
18,9.064,5.81142,0,5.81142,0,5.20519,0,5.53813,0,y1
18,9.11361057856259,5.78633,0,5.78633,0,5.14431,0,5.48117,0,y1
18,9.176,5.75536,0,5.75536,0,5.06751,0,5.40923,0,y1
18,9.288,5.70135,0,5.70135,0,4.92954,0,5.27939,0,y1
18,9.31320574663979,5.68946,0,5.68946,0,4.89849,0,5.25008,0,y1
18,9.4,5.6493,0,5.6493,0,4.7917,0,5.14886,0,y1
18,9.5,5.60406,0,5.60406,0,4.66906,0,5.03197,0,y1
18,9.512,5.59867,0,5.59867,0,4.6544,0,5.01794,0,y1
18,9.51717220431471,5.59635,0,5.59635,0,4.64808,0,5.0119,0,y1
18,9.624,5.54822,0,5.54822,0,4.51808,0,4.88696,0,y1
18,9.72560568623329,5.50181,0,5.50181,0,4.39579,0,4.76839,0,y1
18,9.736,5.497,0,5.497,0,4.38338,0,4.75628,0,y1
18,9.848,5.44453,0,5.44453,0,4.25098,0,4.62624,0,y1
18,9.93860402370477,5.40206,0,5.40206,0,4.14607,0,4.52167,0,y1
18,9.96,5.3922,0,5.3922,0,4.12154,0,4.49707,0,y1
18,10,5.37388,0,5.37388,0,4.07604,0,4.45127,0,y1
18,10.072,5.34076,0,5.34076,0,3.99559,0,4.36941,0,y1
18,10.1562671906202,5.30072,0,5.30072,0,3.90339,0,4.27494,0,y1
18,10.184,5.28716,0,5.28716,0,3.87366,0,4.24415,0,y1
18,10.296,5.23401,0,5.23401,0,3.75606,0,4.1218,0,y1
18,10.3786973503768,5.1969,0,5.1969,0,3.67237,0,4.03363,0,y1
18,10.408,5.18354,0,5.18354,0,3.6433,0,4.00283,0,y1
18,10.5,5.14024,0,5.14024,0,3.55502,0,3.908,0,y1
18,10.52,5.13082,0,5.13082,0,3.53638,0,3.88771,0,y1
18,10.6059989038295,5.09115,0,5.09115,0,3.4588,0,3.80219,0,y1
18,10.632,5.07933,0,5.07933,0,3.43614,0,3.77685,0,y1
18,10.744,5.02899,0,5.02899,0,3.34239,0,3.67073,0,y1
18,10.8382785382936,4.98666,0,4.98666,0,3.26842,0,3.58526,0,y1
18,10.856,4.97866,0,4.97866,0,3.25502,0,3.56961,0,y1
18,10.968,4.9288,0,4.9288,0,3.17395,0,3.47389,0,y1
18,11,4.91488,0,4.91488,0,3.15191,0,3.44749,0,y1
18,11.0756452776194,4.88232,0,4.88232,0,3.10177,0,3.38699,0,y1
18,11.08,4.88046,0,4.88046,0,3.09895,0,3.38359,0,y1
18,11.192,4.83271,0,4.83271,0,3.02981,0,3.29903,0,y1
18,11.304,4.78561,0,4.78561,0,2.96654,1,3.21996,0,y1
18,11.3182105333644,4.77971,0,4.77971,0,2.95892,1,3.21035,0,y1
18,11.416,4.73988,0,4.73988,0,2.90872,1,3.1467,0,y1
18,11.5,4.7063,0,4.7063,0,2.86894,1,3.09514,0,y1
18,11.528,4.6952,0,4.6952,0,2.85634,1,3.07868,0,y1
18,11.5660881570862,4.68018,0,4.68018,0,2.83971,1,3.05689,0,y1
18,11.64,4.65139,0,4.65139,0,2.80898,1,3.01635,0,y1
18,11.752,4.60877,0,4.60877,0,2.7662,1,2.95879,1,y1
18,11.81939449378,4.58376,0,4.58376,0,2.74274,1,2.92684,1,y1
18,11.864,4.56742,0,4.56742,0,2.72805,1,2.90652,1,y1
18,11.976,4.52699,0,4.52699,0,2.69369,1,2.85753,1,y1
18,12,4.51848,0,4.51848,0,2.68683,1,2.84768,1,y1
18,12.0782484364869,4.49113,0,4.49113,0,2.66583,1,2.81738,1,y1
18,12.088,4.48776,0,4.48776,0,2.66335,1,2.81375,1,y1
18,12.2,4.44962,0,4.44962,0,2.63643,1,2.77409,1,y1
18,12.312,4.41264,0,4.41264,0,2.61301,1,2.73926,1,y1
18,12.3427714820985,4.40268,0,4.40268,0,2.60728,1,2.73041,1,y1
18,12.424,4.37658,0,4.37658,0,2.59268,1,2.70814,1,y1
18,12.5,4.35198,0,4.35198,0,2.57996,1,2.68892,1,y1
18,12.536,4.34023,0,4.34023,0,2.5743,1,2.68034,1,y1
18,12.6130877883825,4.31672,0,4.31672,0,2.56303,1,2.66302,1,y1
18,12.648,4.30683,0,4.30683,0,2.55829,1,2.65564,1,y1
18,12.76,4.27492,0,4.27492,0,2.54454,1,2.63383,1,y1
18,12.872,4.24286,0,4.24286,0,2.53281,1,2.61465,1,y1
18,12.8893242322587,4.23813,0,4.23813,0,2.53116,1,2.61191,1,y1
18,12.984,4.21339,0,4.21339,0,2.52286,1,2.5979,1,y1
18,13,4.20908,0,4.20908,0,2.52158,1,2.59569,1,y1
18,13.096,4.1813,0,4.1813,0,2.51424,1,2.58333,1,y1
18,13.1716104693501,4.16012,0,4.16012,0,2.50911,1,2.57464,1,y1
18,13.208,4.15052,0,4.15052,0,2.50694,1,2.57076,1,y1
18,13.32,4.1213,0,4.1213,0,2.50133,1,2.55997,1,y1
18,13.432,4.09313,0,4.09313,0,2.4969,1,2.55083,1,y1
18,13.4600789948389,4.08631,0,4.08631,0,2.49595,1,2.54877,1,y1
18,13.5,4.07652,0,4.07652,0,2.49468,1,2.546,1,y1
18,13.544,4.06574,0,4.06574,0,2.49341,1,2.54315,1,y1
18,13.656,4.03929,0,4.03929,0,2.49076,1,2.53675,1,y1
18,13.7548652056549,4.01596,0,4.01596,0,2.48901,1,2.5321,1,y1
18,13.768,4.01293,0,4.01293,0,2.48882,1,2.53154,1,y1
18,13.88,3.98711,0,3.98711,0,2.48755,1,2.5274,1,y1
18,13.992,3.96175,0,3.96175,0,2.48696,1,2.52419,1,y1
18,14,3.95997,0,3.95997,0,2.48696,1,2.52399,1,y1
18,14.0561074640261,3.94749,0,3.94749,0,2.48732,1,2.52273,1,y1
18,14.104,3.93677,0,3.93677,0,2.48765,1,2.5218,1,y1
18,14.216,3.91232,0,3.91232,0,2.4875,1,2.52011,1,y1
18,14.328,3.88812,0,3.88812,0,2.48794,1,2.51903,1,y1
18,14.3639471624211,3.88033,0,3.88033,0,2.48817,1,2.51881,1,y1
18,14.44,3.86422,0,3.86422,0,2.48876,1,2.51853,1,y1
18,14.5,3.85189,0,3.85189,0,2.48932,1,2.51847,1,y1
18,14.552,3.8406,0,3.8406,0,2.48986,1,2.51854,1,y1
18,14.664,3.81664,0,3.81664,0,2.49122,1,2.51896,1,y1
18,14.6785287899134,3.81377,0,3.81377,0,2.49141,1,2.51904,1,y1
18,14.776,3.79245,0,3.79245,0,2.49276,1,2.51972,1,y1
18,14.888,3.76995,0,3.76995,0,2.49445,1,2.52074,1,y1
18,15,3.74766,0,3.74766,0,2.49625,1,2.52207,1,y1
7,1,0,1,0,1,0,1,0,1,y2
7,1.02242853060992,0,1,0,1,0,1,0,1,y2
7,1.04536010020516,0,1,0,1,0,1,0,1,y2
7,1.06880599121101,0,1,0,1,0,1,0,1,y2
7,1.09277773910095,0,1,0,1,0,1,0,1,y2
7,1.11728713807222,0,1,0,1,0,1,0,1,y2
7,1.12,0,1,0,1,0,1,0,1,y2
7,1.14234624684855,0,1,0,1,0,1,0,1,y2
7,1.16796739461312,0,1,0,1,0,1,0,1,y2
7,1.19416318707459,0,1,0,1,0,1,0,1,y2
7,1.22094651266913,0,1,0,1,0,1,0,1,y2
7,1.24,0,1,0,1,0,1,0,1,y2
7,1.24833054890161,0,1,0,1,0,1,0,1,y2
7,1.27632876882895,0,1,0,1,0,1,0,1,y2
7,1.30495494768896,0,1,0,1,0,1,0,1,y2
7,1.33422316967777,0,1,0,1,0,1,0,1,y2
7,1.36,0,1,0,1,0,1,0,1,y2
7,1.36414783487935,0,1,0,1,0,1,0,1,y2
7,1.39474366635041,0,1,0,1,0,1,0,1,y2
7,1.42602571736414,0,1,0,1,0,1,0,1,y2
7,1.45800937881658,0,1,0,1,0,1,0,1,y2
7,1.48,0,1,0,1,0,1,0,1,y2
7,1.49071038679892,0,1,0,1,0,1,0,1,y2
7,1.5,0,1,0,1,0,1,0,1,y2
7,1.52414483033977,0,1,0,1,0,1,0,1,y2
7,1.558329159321,0,1,0,1,0,1,0,1,y2
7,1.59328019257117,0,1,0,1,0,1,0,1,y2
7,1.6,0,1,0,1,0,1,0,1,y2
7,1.62901512614043,0,1,0,1,0,1,0,1,y2
7,1.6655515417611,0,1,0,1,0,1,0,1,y2
7,1.70290741549789,0,1,0,1,0,1,0,1,y2
7,1.72,0,1,0,1,0,1,0,1,y2
7,1.74110112659225,0,1,0,1,0,1,0,1,y2
7,1.78015146650499,0,1,0,1,0,1,0,1,y2
7,1.8200776481618,0,1,0,1,0,1,0,1,y2
7,1.84,0,1,0,1,0,1,0,1,y2
7,1.86089931540603,0,1,0,1,0,1,0,1,y2
7,1.9026365526636,0,1,0,1,0,1,0,1,y2
7,1.94530989482457,0,1,0,1,0,1,0,1,y2
7,1.96,0,1,0,1,0,1,0,1,y2
7,1.98894033734643,0,1,0,1,0,1,0,1,y2
7,2,0,1,0,1,0,1,0,1,y2
7,2.03354934658391,0,1,0,1,0,1,0,1,y2
7,2.07915887035056,0,1,0,1,0,1,0,1,y2
7,2.08,0,1,0,1,0,1,0,1,y2
7,2.12579134871711,0,1,0,1,0,1,0,1,y2
7,2.17346972505212,0,1,0,1,0,1,0,1,y2
7,2.2,0,1,0,1,0,1,0,1,y2
7,2.22221745731019,0,1,0,1,0,1,0,1,y2
7,2.27205852957337,0,1,0,1,0,1,0,1,y2
7,2.32,0.0627476,1,0.0627476,1,0,1,0,1,y2
7,2.32301746385144,0.0745137,1,0.0745137,1,0,1,0,1,y2
7,2.37511933214682,0.264378,1,0.264378,1,0,1,0,1,y2
7,2.42838976879009,0.436188,1,0.436188,1,0,1,0,1,y2
7,2.44,0.471065,1,0.471065,1,0,1,0,1,y2
7,2.48285498305222,0.592791,1,0.592791,1,0,1,0,1,y2
7,2.5,0.638645,1,0.638645,1,0,1,0,1,y2
7,2.53854177203961,0.736417,1,0.736417,1,0,1,0,1,y2
7,2.56,0.787912,1,0.787912,1,0,1,0,1,y2
7,2.59547753387837,0.868859,1,0.868859,1,0,1,0,1,y2
7,2.65369028119432,0.991522,1,0.991522,1,0,1,0,1,y2
7,2.68,1.04325,1,1.04325,1,0,1,0,1,y2
7,2.71320865489534,1.10557,1,1.10557,1,0,1,0,1,y2
7,2.77406193826277,1.21197,1,1.21197,1,0,1,0,1,y2
7,2.8,1.25453,1,1.25453,1,0,1,0,1,y2
7,2.83628007135892,1.31151,0,1.31151,0,0,1,0,1,y2
7,2.8998936657577,1.40487,0,1.40487,0,0,1,0,1,y2
7,2.92,1.43278,0,1.43278,0,0,1,0,1,y2
7,2.96493401960567,1.4926,0,1.4926,0,0,1,0,1,y2
7,3,1.537,0,1.537,0,0,1,0,1,y2
7,3.0314331330208,1.57521,0,1.57521,0,0,1,0,1,y2
7,3.04,1.58537,0,1.58537,0,0,1,0,1,y2
7,3.09942372383669,1.6531,0,1.6531,0,0,1,0,1,y2
7,3.16,1.71755,0,1.71755,0,0,1,0,1,y2
7,3.16893924369988,1.72669,0,1.72669,0,0,1,0,1,y2
7,3.24001389452818,1.79633,0,1.79633,0,0,1,0,1,y2
7,3.28,1.83325,0,1.83325,0,0,1,0,1,y2
7,3.31268264533818,1.86229,0,1.86229,0,0,1,0,1,y2
7,3.38698124945011,1.92475,0,1.92475,0,0,1,0,1,y2
7,3.4,1.9352,0,1.9352,0,0,1,0,1,y2
7,3.46294626207863,1.98374,0,1.98374,0,0,1,0,1,y2
7,3.5,2.01084,0,2.01084,0,0,1,0,1,y2
7,3.52,2.02506,0,2.02506,0,0,1,0,1,y2
7,3.54061505831818,2.03942,0,2.03942,0,0,1,0,1,y2
7,3.62002585153162,2.09224,0,2.09224,0,0,1,0,1,y2
7,3.64,2.10493,0,2.10493,0,0,1,0,1,y2
7,3.70121771215141,2.14238,0,2.14238,0,0,1,0,1,y2
7,3.76,2.17636,0,2.17636,0,0,1,0,1,y2
7,3.78423058690238,2.18981,0,2.18981,0,0,1,0,1,y2
7,3.86910531845573,2.23444,0,2.23444,0,0,1,0,1,y2
7,3.88,2.23987,0,2.23987,0,0,1,0,1,y2
7,3.95588366552373,2.27581,0,2.27581,0,0,1,0,1,y2
7,4,2.29539,0,2.29539,0,0,1,0,1,y2
7,4.04460832340522,2.31433,0,2.31433,0,0,1,0,1,y2
7,4.12,2.34427,0,2.34427,0,0.0225758,1,0,1,y2
7,4.13532294499186,2.35002,0,2.35002,0,0.0506037,1,0,1,y2
7,4.22807216224552,2.38215,0,2.38215,0,0.218188,1,0.0880882,1,y2
7,4.24,2.38598,0,2.38598,0,0.239496,1,0.109176,1,y2
7,4.32290160815741,2.41097,0,2.41097,0,0.386111,1,0.254285,1,y2
7,4.36,2.42116,0,2.42116,0,0.450817,1,0.318361,1,y2
7,4.41985793919965,2.43616,0,2.43616,0,0.554166,1,0.420575,1,y2
7,4.48,2.44968,0,2.44968,0,0.656707,1,0.521995,1,y2
7,4.5,2.45388,0,2.45388,0,0.69049,1,0.555427,1,y2
7,4.51898885828049,2.45772,0,2.45772,0,0.722427,1,0.587022,1,y2
7,4.6,2.47228,0,2.47228,0,0.857285,1,0.72031,1,y2
7,4.62034313821434,2.47544,0,2.47544,0,0.890789,1,0.753426,1,y2
7,4.72,2.48837,0,2.48837,0,1.05275,1,0.913505,1,y2
7,4.72397064571812,2.4888,0,2.4888,0,1.05914,1,0.91981,1,y2
7,4.82992236594598,2.49772,0,2.49772,0,1.22743,1,1.08605,1,y2
7,4.84,2.49833,0,2.49833,0,1.24323,1,1.10166,1,y2
7,4.93825042757415,2.50204,0,2.50204,0,1.39547,0,1.25202,1,y2
7,4.96,2.50233,0,2.50233,0,1.42873,0,1.28486,0,y2
7,5,2.50237,0,2.50237,0,1.48948,0,1.34484,0,y2
7,5.04900812844846,2.50153,0,2.50153,0,1.56311,0,1.41759,0,y2
7,5.08,2.50049,0,2.50049,0,1.60926,0,1.46314,0,y2
7,5.16224996180711,2.49597,0,2.49597,0,1.73009,0,1.58247,0,y2
7,5.2,2.493,0,2.493,0,1.78471,0,1.63644,0,y2
7,5.27803164309158,2.48527,0,2.48527,0,1.89595,0,1.74634,0,y2
7,5.32,2.48027,0,2.48027,0,1.95482,0,1.80454,0,y2
7,5.39641013735879,2.46971,0,2.46971,0,2.06014,0,1.90873,0,y2
7,5.44,2.46281,0,2.46281,0,2.11912,0,1.96711,0,y2
7,5.5,2.45231,0,2.45231,0,2.19889,0,2.04618,0,y2
7,5.51744368730824,2.44903,0,2.44903,0,2.22177,0,2.06887,0,y2
7,5.56,2.44063,0,2.44063,0,2.27692,0,2.12364,0,y2
7,5.64119184193756,2.42308,0,2.42308,0,2.37949,0,2.22566,0,y2
7,5.68,2.414,0,2.414,0,2.42716,0,2.27322,0,y2
7,5.7677154858409,2.39198,0,2.39198,0,2.53141,0,2.37749,0,y2
7,5.8,2.38335,0,2.38335,0,2.56843,0,2.41469,0,y2
7,5.8970768691644,2.35592,0,2.35592,0,2.6749,0,2.52218,0,y2
7,5.92,2.34914,0,2.34914,0,2.69889,0,2.54655,0,y2
7,6,2.3246,0,2.3246,0,2.77877,0,2.6282,0,y2
7,6.02933963823352,2.31528,0,2.31528,0,2.8065,0,2.65674,0,y2
7,6.04,2.31185,0,2.31185,0,2.81635,0,2.66691,0,y2
7,6.16,2.27188,0,2.27188,0,2.91855,0,2.77366,0,y2
7,6.16456886686726,2.27031,0,2.27031,0,2.92211,0,2.77742,0,y2
7,6.28,2.22965,0,2.22965,0,3.00345,0,2.86478,0,y2
7,6.30283108839477,2.22138,0,2.22138,0,3.01751,0,2.88021,0,y2
7,6.4,2.1855,0,2.1855,0,3.06972,0,2.93873,0,y2
7,6.44419432839,2.16882,0,2.16882,0,3.08931,0,2.96142,0,y2
7,6.5,2.14748,0,2.14748,0,3.11042,0,2.98656,0,y2
7,6.52,2.13977,0,2.13977,0,3.117,0,2.99463,0,y2
7,6.58872813814059,2.11298,0,2.11298,0,3.13574,0,3.01859,0,y2
7,6.64,2.09276,0,2.09276,0,3.14599,0,3.03275,0,y2
7,6.73650362886733,2.05422,0,2.05422,0,3.15712,0,3.05115,0,y2
7,6.76,2.04475,0,2.04475,0,3.15831,0,3.05407,0,y2
7,6.88,1.99597,0,1.99597,0,3.15617,0,3.0604,0,y2
7,6.88759350671123,1.99286,0,1.99286,0,3.1556,0,3.06035,0,y2
7,7,1.94665,0,1.94665,0,3.14216,0,3.05399,0,y2
7,7.04207210850521,1.92926,0,1.92926,0,3.13489,0,3.04922,0,y2
7,7.12,1.89696,0,1.89696,0,3.1187,0,3.03735,0,y2
7,7.2000154383481,1.86372,0,1.86372,0,3.09884,0,3.02154,0,y2
7,7.24,1.84709,0,1.84709,0,3.08785,0,3.01247,0,y2
7,7.36,1.79719,0,1.79719,0,3.0511,0,2.98118,0,y2
7,7.361501204999,1.79657,0,1.79657,0,3.05061,0,2.98075,0,y2
7,7.48,1.74741,0,1.74741,0,3.00978,0,2.9448,0,y2
7,7.5,1.73913,0,1.73913,0,3.00255,0,2.93833,0,y2
7,7.5266088601103,1.72813,0,1.72813,0,2.9928,0,2.92957,0,y2
7,7.6,1.69787,0,1.69787,0,2.96522,0,2.90451,0,y2
7,7.6954196373182,1.65874,0,1.65874,0,2.928,0,2.87027,0,y2
7,7.72,1.64871,0,1.64871,0,2.91818,0,2.86119,0,y2
7,7.84,1.60002,0,1.60002,0,2.86921,0,2.81557,0,y2
7,7.86801659220999,1.58874,0,1.58874,0,2.85756,0,2.80465,0,y2
7,7.96,1.55193,0,1.55193,0,2.8189,0,2.76823,0,y2
7,8,1.53605,0,1.53605,0,2.8019,0,2.75216,0,y2
7,8.04448464318775,1.51847,0,1.51847,0,2.78288,0,2.73415,0,y2
7,8.08,1.50451,0,1.50451,0,2.76763,0,2.71968,0,y2
7,8.2,1.45787,0,1.45787,0,2.7158,0,2.67037,0,y2
7,8.22491061324853,1.44829,0,1.44829,0,2.705,0,2.66006,0,y2
7,8.32,1.4121,0,1.4121,0,2.6637,0,2.62049,0,y2
7,8.40938327270165,1.37864,0,1.37864,0,2.62488,0,2.58318,0,y2
7,8.44,1.3673,0,1.3673,0,2.61159,0,2.57039,0,y2
7,8.5,1.34529,0,1.34529,0,2.58561,0,2.54533,0,y2
7,8.56,1.32355,0,1.32355,0,2.55971,0,2.52034,0,y2
7,8.59799338284401,1.30993,0,1.30993,0,2.54337,0,2.50456,0,y2
7,8.68,1.28093,0,1.28093,0,2.50827,0,2.47061,0,y2
7,8.79083374061504,1.24265,1,1.24265,1,2.46122,0,2.42509,0,y2
7,8.8,1.23953,1,1.23953,1,2.45735,0,2.42135,0,y2
7,8.92,1.19941,1,1.19941,1,2.40716,0,2.37262,0,y2
7,8.98799922425316,1.17727,1,1.17727,1,2.37909,0,2.34528,0,y2
7,9,1.17341,1,1.17341,1,2.37417,0,2.34048,0,y2
7,9.04,1.16065,1,1.16065,1,2.35782,0,2.32452,0,y2
7,9.16,1.12331,1,1.12331,1,2.30945,0,2.2772,0,y2
7,9.18958683997628,1.11433,1,1.11433,1,2.29768,0,2.26566,0,y2
7,9.28,1.08742,1,1.08742,1,2.2621,0,2.23072,0,y2
7,9.39569576970923,1.05417,1,1.05417,1,2.2174,0,2.1853,0,y2
7,9.4,1.05295,1,1.05295,1,2.21576,0,2.18356,0,y2
7,9.5,1.02503,1,1.02503,1,2.17811,0,2.1419,0,y2
7,9.52,1.01949,1,1.01949,1,2.17068,0,2.13326,0,y2
7,9.60642741988167,0.99548,1,0.99548,1,2.13894,0,2.09476,0,y2
7,9.64,0.986103,1,0.986103,1,2.12674,0,2.0793,0,y2
7,9.76,0.952041,1,0.952041,1,2.08344,0,2.02179,0,y2
7,9.82188547132048,0.934081,1,0.934081,1,2.06108,0,1.99082,0,y2
7,9.88,0.917151,1,0.917151,1,2.03989,0,1.96096,0,y2
7,10,0.882908,1,0.882908,1,1.9947,0,1.89696,0,y2
7,10.0421759302611,0.870977,1,0.870977,1,1.97808,0,1.87373,0,y2
7,10.12,0.848503,1,0.848503,1,1.9458,0,1.8299,0,y2
7,10.24,0.812447,1,0.812447,1,1.89157,0,1.75991,0,y2
7,10.2674071805032,0.804516,1,0.804516,1,1.87849,0,1.74354,0,y2
7,10.36,0.778808,1,0.778808,1,1.83245,0,1.6871,0,y2
7,10.48,0.744274,1,0.744274,1,1.7694,0,1.6115,0,y2
7,10.4976900367357,0.739107,1,0.739107,1,1.7598,0,1.60011,0,y2
7,10.5,0.738434,1,0.738434,1,1.75854,0,1.59861,0,y2
7,10.6,0.709896,1,0.709896,1,1.70274,0,1.53314,0,y2
7,10.72,0.676505,1,0.676505,1,1.63236,0,1.45212,0,y2
7,10.7331377990581,0.672876,1,0.672876,1,1.62442,0,1.44312,0,y2
7,10.84,0.643138,1,0.643138,1,1.55813,0,1.36896,0,y2
7,10.96,0.610125,1,0.610125,1,1.48034,0,1.28351,0,y2
7,10.9738663087248,0.606392,1,0.606392,1,1.47113,0,1.27349,0,y2
7,11,0.599388,1,0.599388,1,1.45363,0,1.25451,1,y2
7,11.08,0.578098,1,0.578098,1,1.39905,0,1.19568,1,y2
7,11.2,0.546468,1,0.546468,1,1.31442,0,1.10552,1,y2
7,11.2199940051392,0.541232,1,0.541232,1,1.29998,0,1.09028,1,y2
7,11.32,0.515394,1,0.515394,1,1.22625,1,1.01318,1,y2
7,11.44,0.485327,1,0.485327,1,1.13457,1,0.918658,1,y2
7,11.4716419841266,0.477492,1,0.477492,1,1.10985,1,0.893403,1,y2
7,11.5,0.470507,1,0.470507,1,1.08752,1,0.870658,1,y2
7,11.56,0.455845,1,0.455845,1,1.03972,1,0.822174,1,y2
7,11.68,0.427088,1,0.427088,1,0.941799,1,0.723346,1,y2
7,11.7289340575137,0.415639,1,0.415639,1,0.900858,1,0.682053,1,y2
7,11.8,0.399273,1,0.399273,1,0.840128,1,0.621591,1,y2
7,11.92,0.372142,1,0.372142,1,0.734897,1,0.519731,1,y2
7,11.9919968140444,0.35625,1,0.35625,1,0.670756,1,0.458461,1,y2
7,12,0.354503,1,0.354503,1,0.663597,1,0.451607,1,y2
7,12.04,0.345827,1,0.345827,1,0.62775,1,0.417132,1,y2
7,12.16,0.320297,1,0.320297,1,0.519371,1,0.312207,1,y2
7,12.2609596816623,0.299476,1,0.299476,1,0.426623,1,0.221672,1,y2
7,12.28,0.295613,1,0.295613,1,0.408918,1,0.204434,1,y2
7,12.4,0.271439,1,0.271439,1,0.295806,1,0.0948859,1,y2
7,12.5,0.251199,1,0.251199,1,0.198958,1,0.0028062,1,y2
7,12.52,0.247333,1,0.247333,1,0.179215,1,0,1,y2
7,12.5359549911895,0.244355,1,0.244355,1,0.163397,1,0,1,y2
7,12.64,0.225693,1,0.225693,1,0.0593962,1,0,1,y2
7,12.76,0.203977,1,0.203977,1,0,1,0,1,y2
7,12.817118041434,0.193902,1,0.193902,1,0,1,0,1,y2
7,12.88,0.183383,1,0.183383,1,0,1,0,1,y2
7,13,0.162673,1,0.162673,1,0,1,0,1,y2
7,13.1045871657572,0.144257,1,0.144257,1,0,1,0,1,y2
7,13.12,0.141677,1,0.141677,1,0,1,0,1,y2
7,13.24,0.122076,1,0.122076,1,0,1,0,1,y2
7,13.36,0.102016,1,0.102016,1,0,1,0,1,y2
7,13.3985038001348,0.096398,1,0.096398,1,0,1,0,1,y2
7,13.48,0.0851264,1,0.0851264,1,0,1,0,1,y2
7,13.5,0.0823149,1,0.0823149,1,0,1,0,1,y2
7,13.6,0.0674038,1,0.0674038,1,0,1,0,1,y2
7,13.6990125527433,0.0520478,1,0.0520478,1,0,1,0,1,y2
7,13.72,0.049075,1,0.049075,1,0,1,0,1,y2
7,13.84,0.0329474,1,0.0329474,1,0,1,0,1,y2
7,13.96,0.0161894,1,0.0161894,1,0,1,0,1,y2
7,14,0.0107,1,0.0107,1,0,1,0,1,y2
7,14.0062612751082,0.00985627,1,0.00985627,1,0,1,0,1,y2
7,14.08,0.000316429,1,0.000316429,1,0,1,0,1,y2
7,14.2,0,1,0,1,0,1,0,1,y2
7,14.32,0,1,0,1,0,1,0,1,y2
7,14.3204011348476,0,1,0,1,0,1,0,1,y2
7,14.44,0,1,0,1,0,1,0,1,y2
7,14.5,0,1,0,1,0,1,0,1,y2
7,14.56,0,1,0,1,0,1,0,1,y2
7,14.6415866900469,0,1,0,1,0,1,0,1,y2
7,14.68,0,1,0,1,0,1,0,1,y2
7,14.8,0,1,0,1,0,1,0,1,y2
7,14.92,0,1,0,1,0,1,0,1,y2
7,14.9699759653024,0,1,0,1,0,1,0,1,y2
7,15,0,1,0,1,0,1,0,1,y2
7,15.04,0,1,0,1,0,1,0,1,y2
7,15.16,0,1,0,1,0,1,0,1,y2
7,15.28,0,1,0,1,0,1,0,1,y2
7,15.30573052947,0,1,0,1,0,1,0,1,y2
7,15.4,0,1,0,1,0,1,0,1,y2
7,15.5,0,1,0,1,0,1,0,1,y2
7,15.52,0,1,0,1,0,1,0,1,y2
7,15.64,0,1,0,1,0,1,0,1,y2
7,15.6490155751574,0,1,0,1,0,1,0,1,y2
7,15.76,0,1,0,1,0,1,0,1,y2
7,15.88,0,1,0,1,0,1,0,1,y2
7,16,0,1,0,1,0,1,0,1,y2
8,1,0,1,0,1,0,1,0,1,y2
8,1.02404791316671,0,1,0,1,0,1,0,1,y2
8,1.0486741284611,0,1,0,1,0,1,0,1,y2
8,1.07389255284251,0,1,0,1,0,1,0,1,y2
8,1.09971742770365,0,1,0,1,0,1,0,1,y2
8,1.12616333691299,0,1,0,1,0,1,0,1,y2
8,1.148,0,1,0,1,0,1,0,1,y2
8,1.15324521505061,0,1,0,1,0,1,0,1,y2
8,1.18097835584208,0,1,0,1,0,1,0,1,y2
8,1.20937842079513,0,1,0,1,0,1,0,1,y2
8,1.23846144804411,0,1,0,1,0,1,0,1,y2
8,1.268243861407,0,1,0,1,0,1,0,1,y2
8,1.296,0,1,0,1,0,1,0,1,y2
8,1.29874247966033,0,1,0,1,0,1,0,1,y2
8,1.32997452603713,0,1,0,1,0,1,0,1,y2
8,1.36195763795321,0,1,0,1,0,1,0,1,y2
8,1.39470987696745,0,1,0,1,0,1,0,1,y2
8,1.42824973898152,0,1,0,1,0,1,0,1,y2
8,1.444,0,1,0,1,0,1,0,1,y2
8,1.46259616468493,0,1,0,1,0,1,0,1,y2
8,1.49776855025124,0,1,0,1,0,1,0,1,y2
8,1.5,0,1,0,1,0,1,0,1,y2
8,1.53378675829152,0,1,0,1,0,1,0,1,y2
8,1.57067112907117,0,1,0,1,0,1,0,1,y2
8,1.592,0,1,0,1,0,1,0,1,y2
8,1.60844249199654,0,1,0,1,0,1,0,1,y2
8,1.64712217737772,0,1,0,1,0,1,0,1,y2
8,1.68673202847427,0,1,0,1,0,1,0,1,y2
8,1.72729441383054,0,1,0,1,0,1,0,1,y2
8,1.74,0,1,0,1,0,1,0,1,y2
8,1.76883223990768,0,1,0,1,0,1,0,1,y2
8,1.81136896401947,0,1,0,1,0,1,0,1,y2
8,1.85492860757909,0,1,0,1,0,1,0,1,y2
8,1.888,0,1,0,1,0,1,0,1,y2
8,1.8995357696646,0,1,0,1,0,1,0,1,y2
8,1.94521564091056,0,1,0,1,0,1,0,1,y2
8,1.99199401773371,0,1,0,1,0,1,0,1,y2
8,2,0,1,0,1,0,1,0,1,y2
8,2.036,0,1,0,1,0,1,0,1,y2
8,2.03989731690079,0,1,0,1,0,1,0,1,y2
8,2.08895259044663,0,1,0,1,0,1,0,1,y2
8,2.13918754095107,0,1,0,1,0,1,0,1,y2
8,2.184,0,1,0,1,0,1,0,1,y2
8,2.19063053718318,0,1,0,1,0,1,0,1,y2
8,2.24331063012171,0,1,0,1,0,1,0,1,y2
8,2.29725756936084,0,1,0,1,0,1,0,1,y2
8,2.332,0.109003,1,0.109003,1,0,1,0,1,y2
8,2.35250181991041,0.184888,1,0.184888,1,0,1,0,1,y2
8,2.40907457940015,0.37622,1,0.37622,1,0,1,0,1,y2
8,2.4670077956977,0.549005,1,0.549005,1,0.297665,1,0,1,y2
8,2.48,0.585005,1,0.585005,1,0.38803,1,0,1,y2
8,2.5,0.638645,1,0.638645,1,0.51512,1,0.00280804,1,y2
8,2.52633418495025,0.706208,1,0.706208,1,0.664078,1,0.201012,1,y2
8,2.58708725006003,0.850165,1,0.850165,1,0.948349,1,0.561377,1,y2
8,2.628,0.938848,1,0.938848,1,1.10555,1,0.752081,1,y2
8,2.64930129960419,0.982679,1,0.982679,1,1.17911,1,0.839798,1,y2
8,2.71301146720953,1.10521,1,1.10521,1,1.37249,0,1.06647,1,y2
8,2.776,1.21521,1,1.21521,1,1.53296,0,1.25082,1,y2
8,2.77825373139329,1.21896,1,1.21896,1,1.53823,0,1.25683,1,y2
8,2.84506493588093,1.32489,0,1.32489,0,1.68254,0,1.42017,0,y2
8,2.91348281041266,1.42381,0,1.42381,0,1.80994,0,1.56261,0,y2
8,2.924,1.43824,0,1.43824,0,1.82799,0,1.58267,0,y2
8,2.98354599205017,1.51641,0,1.51641,0,1.92343,0,1.68844,0,y2
8,3,1.537,0,1.537,0,1.948,0,1.71554,0,y2
8,3.05529404699589,1.60326,0,1.60326,0,2.02554,0,1.80072,0,y2
8,3.072,1.62243,0,1.62243,0,2.04754,0,1.82482,0,y2
8,3.12876749293683,1.68487,0,1.68487,0,2.1179,0,1.90166,0,y2
8,3.20400782192581,1.76172,0,1.76172,0,2.20204,0,1.99301,0,y2
8,3.22,1.77726,0,1.77726,0,2.2187,0,2.01108,0,y2
8,3.28105752381295,1.8342,0,1.8342,0,2.27901,0,2.07628,0,y2
8,3.3599601102406,1.90259,0,1.90259,0,2.34958,0,2.15277,0,y2
8,3.368,1.90925,0,1.90925,0,2.35637,0,2.16012,0,y2
8,3.44076013921529,1.96701,0,1.96701,0,2.41486,0,2.22292,0,y2
8,3.5,2.01084,0,2.01084,0,2.45839,0,2.26936,0,y2
8,3.516,2.02224,0,2.02224,0,2.46971,0,2.28124,0,y2
8,3.52350324027063,2.02752,0,2.02752,0,2.47494,0,2.28673,0,y2
8,3.60823614023529,2.08464,0,2.08464,0,2.53054,0,2.34554,0,y2
8,3.664,2.11987,0,2.11987,0,2.56441,0,2.38135,0,y2
8,3.69500668962067,2.13868,0,2.13868,0,2.5823,0,2.40027,0,y2
8,3.78386388964309,2.18961,0,2.18961,0,2.63024,0,2.45109,0,y2
8,3.812,2.20485,0,2.20485,0,2.64449,0,2.46629,0,y2
8,3.87485791989589,2.23731,0,2.23731,0,2.67478,0,2.4986,0,y2
8,3.96,2.27768,0,2.27768,0,2.71267,0,2.53917,0,y2
8,3.9680401666869,2.28129,0,2.28129,0,2.71608,0,2.54283,0,y2
8,4,2.29539,0,2.29539,0,2.72933,0,2.55709,0,y2
8,4.06346325205742,2.32207,0,2.32207,0,2.75434,0,2.58421,0,y2
8,4.108,2.33969,0,2.33969,0,2.77091,0,2.60224,0,y2
8,4.16118106349903,2.35942,0,2.35942,0,2.7897,0,2.62279,0,y2
8,4.256,2.39102,0,2.39102,0,2.82059,0,2.65689,0,y2
8,4.26124878438503,2.39265,0,2.39265,0,2.8222,0,2.65869,0,y2
8,4.36372292513368,2.42214,0,2.42214,0,2.85199,0,2.69194,0,y2
8,4.404,2.43236,0,2.43236,0,2.86274,0,2.70409,0,y2
8,4.4686613551209,2.44723,0,2.44723,0,2.87896,0,2.72257,0,y2
8,4.5,2.45388,0,2.45388,0,2.88643,0,2.7311,0,y2
8,4.552,2.46403,0,2.46403,0,2.8981,0,2.74465,0,y2
8,4.57612333536029,2.46833,0,2.46833,0,2.90323,0,2.75069,0,y2
8,4.68616955196921,2.48445,0,2.48445,0,2.92465,0,2.77634,0,y2
8,4.7,2.48611,0,2.48611,0,2.9271,0,2.77934,0,y2
8,4.79886215043946,2.49557,0,2.49557,0,2.94329,0,2.79954,0,y2
8,4.848,2.49879,0,2.49879,0,2.95033,0,2.80876,0,y2
8,4.91426477073226,2.5015,0,2.5015,0,2.95886,0,2.82027,0,y2
8,4.996,2.50239,0,2.50239,0,2.9678,0,2.83312,0,y2
8,5,2.50237,0,2.50237,0,2.9682,0,2.83371,0,y2
8,5.03244258321707,2.50192,0,2.50192,0,2.97126,0,2.83837,0,y2
8,5.144,2.49719,0,2.49719,0,2.97978,0,2.85267,0,y2
8,5.15346232547475,2.49657,0,2.49657,0,2.98037,0,2.85377,0,y2
8,5.2773923399857,2.48534,0,2.48534,0,2.98606,0,2.8665,0,y2
8,5.292,2.48368,0,2.48368,0,2.9865,0,2.8678,0,y2
8,5.40430261272435,2.4685,0,2.4685,0,2.98821,0,2.87632,0,y2
8,5.44,2.46281,0,2.46281,0,2.98815,0,2.87851,0,y2
8,5.5,2.45231,0,2.45231,0,2.98741,0,2.88161,0,y2
8,5.53426481268179,2.44578,0,2.44578,0,2.98664,0,2.88306,0,y2
8,5.588,2.4348,0,2.4348,0,2.98492,0,2.88484,0,y2
8,5.66735233233876,2.417,0,2.417,0,2.98122,0,2.88638,0,y2
8,5.736,2.40017,0,2.40017,0,2.97688,0,2.88661,0,y2
8,5.80364032911202,2.38236,0,2.38236,0,2.97149,0,2.88582,0,y2
8,5.884,2.35974,0,2.35974,0,2.96376,0,2.88364,0,y2
8,5.94320576779734,2.34215,0,2.34215,0,2.95712,0,2.88119,0,y2
8,6,2.3246,0,2.3246,0,2.95003,0,2.87817,0,y2
8,6.032,2.31442,0,2.31442,0,2.94573,0,2.87618,0,y2
8,6.08612746403324,2.29677,0,2.29677,0,2.93796,0,2.87237,0,y2
8,6.18,2.26499,0,2.26499,0,2.92307,0,2.86441,0,y2
8,6.23248612880987,2.24661,0,2.24661,0,2.91398,0,2.85923,0,y2
8,6.328,2.21219,0,2.21219,0,2.89608,0,2.84849,0,y2
8,6.38236441404823,2.19209,0,2.19209,0,2.88515,0,2.84164,0,y2
8,6.476,2.15669,0,2.15669,0,2.86508,0,2.8286,0,y2
8,6.5,2.14748,0,2.14748,0,2.85969,0,2.82501,0,y2
8,6.53584695927559,2.13362,0,2.13362,0,2.85147,0,2.81947,0,y2
8,6.624,2.09909,0,2.09909,0,2.83038,0,2.80491,0,y2
8,6.69302043942318,2.07165,0,2.07165,0,2.813,0,2.79263,0,y2
8,6.772,2.0399,0,2.0399,0,2.79224,0,2.77765,0,y2
8,6.85397361377347,2.0066,0,2.0066,0,2.76974,0,2.76107,0,y2
8,6.92,1.97958,0,1.97958,0,2.75093,0,2.74698,0,y2
8,7,1.94664,0,1.94664,0,2.72739,0,2.72904,0,y2
8,7.01879737608444,1.93888,0,1.93888,0,2.72173,0,2.72469,0,y2
8,7.068,1.91852,0,1.91852,0,2.70672,0,2.71309,0,y2
8,7.18758480591928,1.86888,0,1.86888,0,2.669,0,2.6835,0,y2
8,7.216,1.85707,0,1.85707,0,2.65978,0,2.67619,0,y2
8,7.36043122121042,1.79701,0,1.79701,0,2.61157,0,2.63742,0,y2
8,7.364,1.79553,0,1.79553,0,2.61035,0,2.63643,0,y2
8,7.5,1.73913,0,1.73913,0,2.56286,0,2.59756,0,y2
8,7.512,1.73417,0,1.73417,0,2.55858,0,2.59402,0,y2
8,7.53743423208766,1.72366,0,1.72366,0,2.54946,0,2.58648,0,y2
8,7.66,1.67323,0,1.67323,0,2.50459,0,2.54908,0,y2
8,7.71869379600071,1.64924,0,1.64924,0,2.48258,0,2.53058,0,y2
8,7.808,1.61295,0,1.61295,0,2.44849,0,2.50177,0,y2
8,7.90431227416739,1.57416,0,1.57416,0,2.41092,0,2.46982,0,y2
8,7.956,1.55352,0,1.55352,0,2.39043,0,2.45229,0,y2
8,8,1.53605,0,1.53605,0,2.37281,0,2.43716,0,y2
8,8.09439448937916,1.49887,0,1.49887,0,2.33443,0,2.40407,0,y2
8,8.104,1.49512,0,1.49512,0,2.33048,0,2.40066,0,y2
8,8.252,1.43793,0,1.43793,0,2.26867,0,2.34705,0,y2
8,8.28904778519687,1.42382,0,1.42382,0,2.25293,0,2.33333,0,y2
8,8.4,1.38212,0,1.38212,0,2.20511,0,2.2915,0,y2
8,8.48838208657003,1.34953,0,1.34953,0,2.16627,0,2.25746,0,y2
8,8.5,1.34529,0,1.34529,0,2.16112,0,2.25294,0,y2
8,8.548,1.32787,0,1.32787,0,2.13972,0,2.23416,0,y2
8,8.69250996191376,1.27656,0,1.27656,0,2.07423,0,2.17659,0,y2
8,8.696,1.27534,0,1.27534,0,2.07263,0,2.17518,0,y2
8,8.844,1.22467,1,1.22467,1,2.00389,0,2.11442,0,y2
8,8.90154668667865,1.20549,1,1.20549,1,1.97673,0,2.09041,0,y2
8,8.992,1.17599,1,1.17599,1,1.93356,0,2.05216,0,y2
8,9,1.17341,1,1.17341,1,1.92971,0,2.04874,0,y2
8,9.11561030844935,1.13696,1,1.13696,1,1.87364,0,1.99889,0,y2
8,9.14,1.12943,1,1.12943,1,1.86169,0,1.98826,0,y2
8,9.288,1.08508,1,1.08508,1,1.78836,0,1.9229,0,y2
8,9.33482171360854,1.0715,1,1.0715,1,1.76487,0,1.90192,0,y2
8,9.436,1.04284,1,1.04284,1,1.71364,0,1.85614,0,y2
8,9.5,1.02502,1,1.02502,1,1.68094,0,1.82686,0,y2
8,9.55930469560415,1.00857,1,1.00857,1,1.65041,0,1.79951,0,y2
8,9.584,1.00171,1,1.00171,1,1.63765,0,1.78806,0,y2
8,9.732,0.960069,1,0.960069,1,1.56051,0,1.71877,0,y2
8,9.7891860248582,0.943581,1,0.943581,1,1.53041,0,1.69169,0,y2
8,9.88,0.917151,1,0.917151,1,1.48235,0,1.64836,0,y2
8,10,0.882885,1,0.882885,1,1.41838,0,1.59054,0,y2
8,10.0245955203568,0.875932,1,0.875932,1,1.40521,0,1.57861,0,y2
8,10.028,0.874968,1,0.874968,1,1.40338,0,1.57696,0,y2
8,10.176,0.831641,1,0.831641,1,1.32384,0,1.50467,0,y2
8,10.2656661229618,0.805011,1,0.805011,1,1.27547,0,1.46059,0,y2
8,10.324,0.788722,1,0.788722,1,1.24399,1,1.4318,0,y2
8,10.472,0.746638,1,0.746638,1,1.16416,1,1.35845,0,y2
8,10.5,0.738457,1,0.738457,1,1.14908,1,1.34451,0,y2
8,10.5125339704852,0.73481,1,0.73481,1,1.14234,1,1.33827,0,y2
8,10.62,0.704275,1,0.704275,1,1.08473,1,1.2846,0,y2
8,10.7653384745696,0.663955,1,0.663955,1,1.00756,1,1.21198,1,y2
8,10.768,0.663218,1,0.663218,1,1.00616,1,1.21065,1,y2
8,10.916,0.622064,1,0.622064,1,0.928883,1,1.13691,1,y2
8,11,0.599372,1,0.599372,1,0.88577,1,1.09523,1,y2
8,11.0242223994163,0.592909,1,0.592909,1,0.873473,1,1.08325,1,y2
8,11.064,0.582335,1,0.582335,1,0.853423,1,1.06363,1,y2
8,11.212,0.54333,1,0.54333,1,0.780438,1,0.991409,1,y2
8,11.289331942408,0.523237,1,0.523237,1,0.743424,1,0.954133,1,y2
8,11.36,0.505271,1,0.505271,1,0.71038,1,0.920369,1,y2
8,11.5,0.470505,1,0.470505,1,0.64722,1,0.85464,1,y2
8,11.508,0.468541,1,0.468541,1,0.64371,1,0.850935,1,y2
8,11.5608168166693,0.455647,1,0.455647,1,0.620829,1,0.826588,1,y2
8,11.656,0.432771,1,0.432771,1,0.580891,1,0.783239,1,y2
8,11.804,0.39835,1,0.39835,1,0.52209,1,0.71769,1,y2
8,11.8388303356128,0.390424,1,0.390424,1,0.508897,1,0.702788,1,y2
8,11.952,0.365036,1,0.365036,1,0.467656,1,0.655361,1,y2
8,12,0.354499,1,0.354499,1,0.450916,1,0.63551,1,y2
8,12.1,0.332971,1,0.332971,1,0.417632,1,0.594999,1,y2
8,12.1235294995191,0.327977,1,0.327977,1,0.410089,1,0.585778,1,y2
8,12.248,0.302101,1,0.302101,1,0.371728,1,0.539939,1,y2
8,12.396,0.272307,1,0.272307,1,0.330284,1,0.487524,1,y2
8,12.4150750841976,0.268474,1,0.268474,1,0.325257,1,0.481039,1,y2
8,12.5,0.251267,1,0.251267,1,0.303745,1,0.453058,1,y2
8,12.544,0.242758,1,0.242758,1,0.293161,1,0.43908,1,y2
8,12.692,0.21631,1,0.21631,1,0.2601,1,0.394096,1,y2
8,12.7136317317806,0.212406,1,0.212406,1,0.255579,1,0.387767,1,y2
8,12.84,0.189909,1,0.189909,1,0.230778,1,0.352642,1,y2
8,12.988,0.165056,1,0.165056,1,0.204827,1,0.314877,1,y2
8,13,0.16289,1,0.16289,1,0.202872,1,0.311951,1,y2
8,13.0193680437001,0.159375,1,0.159375,1,0.199766,1,0.307271,1,y2
8,13.136,0.139022,1,0.139022,1,0.18216,1,0.280333,1,y2
8,13.284,0.114809,1,0.114809,1,0.162497,1,0.249209,1,y2
8,13.3324566759004,0.106527,1,0.106527,1,0.156749,1,0.239691,1,y2
8,13.432,0.091459,1,0.091459,1,0.145464,1,0.22112,1,y2
8,13.5,0.0821543,1,0.0821543,1,0.138317,1,0.20918,1,y2
8,13.58,0.070588,1,0.070588,1,0.130608,1,0.195907,1,y2
8,13.6530744363415,0.0592021,1,0.0592021,1,0.124102,1,0.184467,1,y2
8,13.728,0.0478471,1,0.0478471,1,0.117941,1,0.173401,1,y2
8,13.876,0.0280175,1,0.0280175,1,0.107207,1,0.153334,1,y2
8,13.9814023848453,0.0132691,1,0.0132691,1,0.100601,1,0.140441,1,y2
8,14,0.0107144,1,0.0107144,1,0.0995186,1,0.138279,1,y2
8,14.024,0.00747224,1,0.00747224,1,0.0981572,1,0.135539,1,y2
8,14.172,0,1,0,1,0.0905923,1,0.119826,1,y2
8,14.3176259353449,0,1,0,1,0.084413,1,0.106205,1,y2
8,14.32,0,1,0,1,0.0843216,1,0.105998,1,y2
8,14.468,0,1,0,1,0.0791712,1,0.0938851,1,y2
8,14.5,0,1,0,1,0.0781923,1,0.091478,1,y2
8,14.616,0,1,0,1,0.0750002,1,0.0833329,1,y2
8,14.6619349605916,0,1,0,1,0.0738764,1,0.0803489,1,y2
8,14.764,0,1,0,1,0.0716504,1,0.0741623,1,y2
8,14.912,0,1,0,1,0.0690357,1,0.0661681,1,y2
8,15,0,1,0,1,0.0677767,1,0.0619579,1,y2
8,15.0145238993799,0,1,0,1,0.067588,1,0.0613,1,y2
8,15.06,0,1,0,1,0.0670311,1,0.0593048,1,y2
8,15.208,0,1,0,1,0.0655381,1,0.0534394,1,y2
8,15.356,0,1,0,1,0.0644481,1,0.048389,1,y2
8,15.3755918663517,0,1,0,1,0.0643311,1,0.0477705,1,y2
8,15.5,0,1,0,1,0.0637278,1,0.0441226,1,y2
8,15.504,0,1,0,1,0.0637122,1,0.0440136,1,y2
8,15.652,0,1,0,1,0.0632763,1,0.0403286,1,y2
8,15.7453427644406,0,1,0,1,0.0631273,1,0.0383239,1,y2
8,15.8,0,1,0,1,0.0630775,1,0.0372411,1,y2
8,15.948,0,1,0,1,0.0630522,1,0.0345756,1,y2
8,16,0,1,0,1,0.0630762,1,0.0337193,1,y2
8,16.096,0,1,0,1,0.0631662,1,0.0322758,1,y2
8,16.12398540002,0,1,0,1,0.0632028,1,0.0318888,1,y2
8,16.244,0,1,0,1,0.0634061,1,0.0304041,1,y2
8,16.392,0,1,0,1,0.0637627,1,0.0289185,1,y2
8,16.5,0,1,0,1,0.0641079,1,0.0280295,1,y2
8,16.5117336008211,0,1,0,1,0.0641498,1,0.0279416,1,y2
8,16.54,0,1,0,1,0.0642543,1,0.0277355,1,y2
8,16.688,0,1,0,1,0.0648145,1,0.0267435,1,y2
8,16.836,0,1,0,1,0.06517,1,0.025814,1,y2
8,16.9088063366855,0,1,0,1,0.0652109,1,0.0254155,1,y2
8,16.984,0,1,0,1,0.0652166,1,0.0250923,1,y2
8,17,0,1,0,1,0.065221,1,0.0250372,1,y2
8,17.132,0,1,0,1,0.0653526,1,0.024765,1,y2
8,17.28,0,1,0,1,0.065805,1,0.0242601,1,y2
8,17.3154278432229,0,1,0,1,0.0659237,1,0.0240344,1,y2
8,17.428,0,1,0,1,0.0662232,1,0.0230085,1,y2
8,17.5,0,1,0,1,0.0663181,1,0.0223565,1,y2
8,17.576,0,1,0,1,0.0663165,1,0.0218074,1,y2
8,17.724,0,1,0,1,0.0662878,1,0.0213649,1,y2
8,17.7318277484412,0,1,0,1,0.0662889,1,0.021355,1,y2
8,17.872,0,1,0,1,0.0664063,1,0.0212308,1,y2
8,18,0,1,0,1,0.0666203,1,0.0210743,1,y2
8,18.02,0,1,0,1,0.0666556,1,0.021033,1,y2
8,18.1582412024229,0,1,0,1,0.0668974,1,0.0205265,1,y2
8,18.168,0,1,0,1,0.0669136,1,0.0204724,1,y2
8,18.316,0,1,0,1,0.0668904,1,0.0194082,1,y2
8,18.464,0,1,0,1,0.0661832,1,0.0183901,1,y2
8,18.5,0,1,0,1,0.0660211,1,0.0181951,1,y2
8,18.594909010119,0,1,0,1,0.0657998,1,0.0177558,1,y2
8,18.612,0,1,0,1,0.0657843,1,0.0176824,1,y2
8,18.76,0,1,0,1,0.0655709,1,0.0171056,1,y2
8,18.908,0,1,0,1,0.0650597,1,0.016562,1,y2
8,19,0,1,0,1,0.0646451,1,0.0161612,1,y2
8,19.0420777673373,0,1,0,1,0.0644419,1,0.0159497,1,y2
8,19.056,0,1,0,1,0.0643743,1,0.015875,1,y2
8,19.204,0,1,0,1,0.0636772,1,0.0150507,1,y2
8,19.352,0,1,0,1,0.0629304,1,0.0143521,1,y2
8,19.5,0,1,0,1,0.0620395,1,0.0136077,1,y2
9,1,0,1,0,1,0,1,0,1,y2
9,1.02316176962892,0,1,0,1,0,1,0,1,y2
9,1.04686000683017,0,1,0,1,0,1,0,1,y2
9,1.0711071371421,0,1,0,1,0,1,0,1,y2
9,1.09591587390047,0,1,0,1,0,1,0,1,y2
9,1.12129922490442,0,1,0,1,0,1,0,1,y2
9,1.132,0,1,0,1,0,1,0,1,y2
9,1.14727049923674,0,1,0,1,0,1,0,1,y2
9,1.17384331424211,0,1,0,1,0,1,0,1,y2
9,1.20103160266703,0,1,0,1,0,1,0,1,y2
9,1.22884961996505,0,1,0,1,0,1,0,1,y2
9,1.25731195177126,0,1,0,1,0,1,0,1,y2
9,1.264,0,1,0,1,0,1,0,1,y2
9,1.28643352154987,0,1,0,1,0,1,0,1,y2
9,1.31622959841892,0,1,0,1,0,1,0,1,y2
9,1.34671580515626,0,1,0,1,0,1,0,1,y2
9,1.37790812639091,0,1,0,1,0,1,0,1,y2
9,1.396,0,1,0,1,0,1,0,1,y2
9,1.40982291698419,0,1,0,1,0,1,0,1,y2
9,1.44247691060494,0,1,0,1,0,1,0,1,y2
9,1.4758872285034,0,1,0,1,0,1,0,1,y2
9,1.5,0,1,0,1,0,1,0,1,y2
9,1.51007138848825,0,1,0,1,0,1,0,1,y2
9,1.528,0,1,0,1,0,1,0,1,y2
9,1.54504731411164,0,1,0,1,0,1,0,1,y2
9,1.58083334406686,0,1,0,1,0,1,0,1,y2
9,1.61744824180385,0,1,0,1,0,1,0,1,y2
9,1.6549112053672,0,1,0,1,0,1,0,1,y2
9,1.66,0,1,0,1,0,1,0,1,y2
9,1.69324187746223,0,1,0,1,0,1,0,1,y2
9,1.73246035575404,0,1,0,1,0,1,0,1,y2
9,1.77258720340524,0,1,0,1,0,1,0,1,y2
9,1.792,0,1,0,1,0,1,0,1,y2
9,1.81364345985768,0,1,0,1,0,1,0,1,y2
9,1.85565065186389,0,1,0,1,0,1,0,1,y2
9,1.89863080477411,0,1,0,1,0.123815,1,0,1,y2
9,1.924,0,1,0,1,0.276028,1,0.0404262,1,y2
9,1.94260645408465,0,1,0,1,0.374862,1,0.167723,1,y2
9,1.9876006572538,0,1,0,1,0.580043,1,0.421894,1,y2
9,2,0,1,0,1,0.629778,1,0.481738,1,y2
9,2.03363700579139,0,1,0,1,0.753248,1,0.627537,1,y2
9,2.056,0,1,0,1,0.827448,1,0.713265,1,y2
9,2.08073963762837,0,1,0,1,0.903177,1,0.799524,1,y2
9,2.12893324977287,0,1,0,1,1.03499,1,0.946466,1,y2
9,2.17824311125945,0,1,0,1,1.15102,1,1.07436,1,y2
9,2.188,0,1,0,1,1.17203,1,1.09751,1,y2
9,2.22869507639821,0,1,0,1,1.25386,1,1.18759,1,y2
9,2.28031559833084,0,1,0,1,1.34636,0,1.2889,0,y2
9,2.32,0.0627476,1,0.0627476,1,1.41041,0,1.35858,0,y2
9,2.33313174290061,0.113293,1,0.113293,1,1.43042,0,1.38027,0,y2
9,2.38717120284358,0.305062,1,0.305062,1,1.50732,0,1.4632,0,y2
9,2.44246231230862,0.478353,1,0.478353,1,1.57804,0,1.53894,0,y2
9,2.452,0.506227,1,0.506227,1,1.58952,0,1.55118,0,y2
9,2.49903406171362,0.636102,1,0.636102,1,1.64334,0,1.60842,0,y2
9,2.5,0.638645,1,0.638645,1,1.6444,0,1.60954,0,y2
9,2.55691611294585,0.780634,1,0.780634,1,1.70384,0,1.67244,0,y2
9,2.584,0.843218,1,0.843218,1,1.73021,0,1.70024,0,y2
9,2.61613881491436,0.913765,1,0.913765,1,1.76006,0,1.73163,0,y2
9,2.67673321946267,1.03695,1,1.03695,1,1.81243,0,1.78652,0,y2
9,2.716,1.11067,1,1.11067,1,1.84391,0,1.81941,0,y2
9,2.73873109764993,1.15137,1,1.15137,1,1.86132,0,1.83757,0,y2
9,2.80216495640924,1.25801,1,1.25801,1,1.90704,0,1.88515,0,y2
9,2.848,1.32932,0,1.32932,0,1.93766,0,1.91695,0,y2
9,2.86706805559181,1.35769,0,1.35769,0,1.94984,0,1.92959,0,y2
9,2.93347442540585,1.45108,0,1.45108,0,1.98997,0,1.97112,0,y2
9,2.98,1.51191,0,1.51191,0,2.01608,0,1.99808,0,y2
9,3,1.537,0,1.537,0,2.02684,0,2.00917,0,y2
9,3.00141888425942,1.53876,0,1.53876,0,2.02759,0,2.00995,0,y2
9,3.07093705701651,1.62122,0,1.62122,0,2.06287,0,2.04627,0,y2
9,3.112,1.66685,0,1.66685,0,2.08231,0,2.06625,0,y2
9,3.14206539367602,1.69892,0,1.69892,0,2.09593,0,2.08023,0,y2
9,3.21484118848333,1.77228,0,1.77228,0,2.12686,0,2.11196,0,y2
9,3.244,1.80008,0,1.80008,0,2.1385,0,2.12389,0,y2
9,3.28930259948453,1.84161,0,1.84161,0,2.15576,0,2.14158,0,y2
9,3.36548866853358,1.90718,0,1.90718,0,2.18268,0,2.16916,0,y2
9,3.376,1.91582,0,1.91582,0,2.18619,0,2.17277,0,y2
9,3.44343934176288,1.96905,0,1.96905,0,2.20765,0,2.19478,0,y2
9,3.5,2.01084,0,2.01084,0,2.22424,0,2.21179,0,y2
9,3.508,2.01656,0,2.01656,0,2.22649,0,2.21409,0,y2
9,3.52319549052794,2.0273,0,2.0273,0,2.23069,0,2.21839,0,y2
9,3.60479893283718,2.08241,0,2.08241,0,2.2518,0,2.23993,0,y2
9,3.64,2.10493,0,2.10493,0,2.26016,0,2.24845,0,y2
9,3.68829245527811,2.13465,0,2.13465,0,2.27093,0,2.25941,0,y2
9,3.772,2.18306,0,2.18306,0,2.2877,0,2.27648,0,y2
9,3.77371983545133,2.18402,0,2.18402,0,2.28802,0,2.27681,0,y2
9,3.86112586492412,2.23042,0,2.23042,0,2.30304,0,2.29207,0,y2
9,3.904,2.25159,0,2.25159,0,2.30953,0,2.29863,0,y2
9,3.95055637271574,2.27339,0,2.27339,0,2.31594,0,2.30512,0,y2
9,4,2.29539,0,2.29539,0,2.32204,0,2.31131,0,y2
9,4.036,2.31075,0,2.31075,0,2.32601,0,2.31538,0,y2
9,4.04205824932663,2.31327,0,2.31327,0,2.32664,0,2.31603,0,y2
9,4.13567947132419,2.35015,0,2.35015,0,2.33501,0,2.32473,0,y2
9,4.168,2.36184,0,2.36184,0,2.33731,0,2.32715,0,y2
9,4.23146912649803,2.38325,0,2.38325,0,2.34094,0,2.33104,0,y2
9,4.3,2.40436,0,2.40436,0,2.34355,0,2.33399,0,y2
9,4.32947743959785,2.41282,0,2.41282,0,2.34426,0,2.33486,0,y2
9,4.4297557986674,2.43848,0,2.43848,0,2.34479,0,2.33592,0,y2
9,4.432,2.43899,0,2.43899,0,2.34477,0,2.33591,0,y2
9,4.5,2.45388,0,2.45388,0,2.34361,0,2.33492,0,y2
9,4.53235678198848,2.46034,0,2.46034,0,2.3427,0,2.334,0,y2
9,4.564,2.46621,0,2.46621,0,2.34159,0,2.33283,0,y2
9,4.63733418564895,2.47794,0,2.47794,0,2.33805,0,2.32914,0,y2
9,4.696,2.48564,0,2.48564,0,2.33425,0,2.32526,0,y2
9,4.74474305174925,2.49091,0,2.49091,0,2.33052,0,2.32143,0,y2
9,4.828,2.4976,0,2.4976,0,2.32293,0,2.31363,0,y2
9,4.85463969726226,2.49914,0,2.49914,0,2.32013,0,2.31081,0,y2
9,4.96,2.50233,0,2.50233,0,2.30759,0,2.29811,0,y2
9,4.96708174356163,2.50238,0,2.50238,0,2.30667,0,2.29717,0,y2
9,5,2.50237,0,2.50237,0,2.30225,0,2.29269,0,y2
9,5.082128146634,2.50041,0,2.50041,0,2.29025,0,2.28072,0,y2
9,5.092,2.49999,0,2.49999,0,2.28872,0,2.27921,0,y2
9,5.19983922799096,2.49302,0,2.49302,0,2.27073,0,2.26162,0,y2
9,5.224,2.49084,0,2.49084,0,2.26643,0,2.2574,0,y2
9,5.32027670629708,2.48024,0,2.48024,0,2.24841,0,2.23966,0,y2
9,5.356,2.47554,0,2.47554,0,2.24137,0,2.23273,0,y2
9,5.44350372973042,2.46223,0,2.46223,0,2.22337,0,2.21503,0,y2
9,5.488,2.45451,0,2.45451,0,2.21386,0,2.20566,0,y2
9,5.5,2.45231,0,2.45231,0,2.21125,0,2.2031,0,y2
9,5.56958490909258,2.43866,0,2.43866,0,2.1958,0,2.1879,0,y2
9,5.62,2.42785,0,2.42785,0,2.18427,0,2.17656,0,y2
9,5.69858635168566,2.4095,0,2.4095,0,2.16577,0,2.15839,0,y2
9,5.752,2.39607,0,2.39607,0,2.15286,0,2.14572,0,y2
9,5.83057569597389,2.37494,0,2.37494,0,2.1334,0,2.12664,0,y2
9,5.884,2.35974,0,2.35974,0,2.11988,0,2.1134,0,y2
9,5.96562214704798,2.3353,0,2.3353,0,2.0988,0,2.09278,0,y2
9,6,2.3246,0,2.3246,0,2.08978,0,2.08395,0,y2
9,6.016,2.31954,0,2.31954,0,2.08556,0,2.07982,0,y2
9,6.10379651291106,2.2909,0,2.2909,0,2.0621,0,2.05688,0,y2
9,6.148,2.27599,0,2.27599,0,2.05012,0,2.04517,0,y2
9,6.24517124160489,2.24212,0,2.24212,0,2.02341,0,2.0191,0,y2
9,6.28,2.22965,0,2.22965,0,2.01372,0,2.00966,0,y2
9,6.38982045919606,2.18931,0,2.18931,0,1.98285,0,1.97958,0,y2
9,6.412,2.18099,0,2.18099,0,1.97656,0,1.97345,0,y2
9,6.5,2.14748,0,2.14748,0,1.95144,0,1.949,0,y2
9,6.53782000864209,2.13286,0,2.13286,0,1.94056,0,1.93842,0,y2
9,6.544,2.13046,0,2.13046,0,1.93878,0,1.93669,0,y2
9,6.676,2.07845,0,2.07845,0,1.90051,0,1.8995,0,y2
9,6.68924748955757,2.07317,0,2.07317,0,1.89665,0,1.89575,0,y2
9,6.808,2.02532,0,2.02532,0,1.86185,0,1.86197,0,y2
9,6.84418229890151,2.0106,0,2.0106,0,1.8512,0,1.85163,0,y2
9,6.94,1.97137,0,1.97137,0,1.82289,0,1.82418,0,y2
9,7,1.94665,0,1.94665,0,1.8051,0,1.80694,0,y2
9,7.00270567260696,1.94553,0,1.94553,0,1.8043,0,1.80616,0,y2
9,7.072,1.91686,0,1.91686,0,1.7837,0,1.7862,0,y2
9,7.16490072817498,1.87831,0,1.87831,0,1.75602,0,1.75939,0,y2
9,7.204,1.86206,0,1.86206,0,1.74435,0,1.74809,0,y2
9,7.33085250825502,1.80931,0,1.80931,0,1.70643,0,1.7114,0,y2
9,7.336,1.80717,0,1.80717,0,1.70489,0,1.70991,0,y2
9,7.468,1.75238,0,1.75238,0,1.66537,0,1.67168,0,y2
9,7.5,1.73913,0,1.73913,0,1.65579,0,1.66241,0,y2
9,7.50064802523477,1.73887,0,1.73887,0,1.65559,0,1.66222,0,y2
9,7.6,1.69787,0,1.69787,0,1.62584,0,1.63346,0,y2
9,7.67437630686284,1.66735,0,1.66735,0,1.60358,0,1.61194,0,y2
9,7.732,1.64382,0,1.64382,0,1.58634,0,1.59528,0,y2
9,7.852128442928,1.59513,0,1.59513,0,1.55046,0,1.5606,0,y2
9,7.864,1.59036,0,1.59036,0,1.54691,0,1.55717,0,y2
9,7.996,1.53763,0,1.53763,0,1.50759,0,1.51918,0,y2
9,8,1.53605,0,1.53605,0,1.5064,0,1.51803,0,y2
9,8.03399763301975,1.52261,0,1.52261,0,1.4963,0,1.50826,0,y2
9,8.128,1.48576,0,1.48576,0,1.46841,0,1.48132,0,y2
9,8.22007923539501,1.45015,0,1.45015,0,1.44109,0,1.45502,0,y2
9,8.26,1.43487,0,1.43487,0,1.4292,0,1.44365,0,y2
9,8.392,1.3851,0,1.3851,0,1.3893,0,1.40618,0,y2
9,8.41047081697666,1.37823,0,1.37823,0,1.38362,0,1.40096,0,y2
9,8.5,1.34529,0,1.34529,0,1.35582,0,1.37571,0,y2
9,8.524,1.33656,0,1.33656,0,1.34828,0,1.36895,0,y2
9,8.60527220451018,1.30733,0,1.30733,0,1.32245,0,1.3461,0,y2
9,8.656,1.28936,0,1.28936,0,1.30608,0,1.33183,0,y2
9,8.788,1.24361,1,1.24361,1,1.26264,1,1.29444,0,y2
9,8.80458553690516,1.23797,1,1.23797,1,1.2571,1,1.2897,0,y2
9,8.92,1.19941,1,1.19941,1,1.21799,1,1.25616,1,y2
9,9,1.17341,1,1.17341,1,1.19034,1,1.23228,1,y2
9,9.00851531878903,1.17069,1,1.17069,1,1.18737,1,1.22971,1,y2
9,9.052,1.15685,1,1.15685,1,1.17215,1,1.21654,1,y2
9,9.184,1.11602,1,1.11602,1,1.12518,1,1.17638,1,y2
9,9.21716847530138,1.10604,1,1.10604,1,1.11321,1,1.16624,1,y2
9,9.316,1.07694,1,1.07694,1,1.07715,1,1.13566,1,y2
9,9.43065440815721,1.04434,1,1.04434,1,1.03467,1,1.09899,1,y2
9,9.448,1.0395,1,1.0395,1,1.02818,1,1.09337,1,y2
9,9.5,1.02504,1,1.02504,1,1.00863,1,1.07646,1,y2
9,9.58,1.00284,1,1.00284,1,0.978321,1,1.05065,1,y2
9,9.64908505300886,0.983567,1,0.983567,1,0.951931,1,1.02876,1,y2
9,9.712,0.965805,1,0.965805,1,0.927747,1,1.00851,1,y2
9,9.844,0.927636,1,0.927636,1,0.876612,1,0.96423,1,y2
9,9.87257493813646,0.91931,1,0.91931,1,0.865487,1,0.954689,1,y2
9,9.976,0.889688,1,0.889688,1,0.825125,1,0.920578,1,y2
9,10,0.882919,1,0.882919,1,0.815747,1,0.912632,1,y2
9,10.1012412444978,0.85402,1,0.85402,1,0.776171,1,0.878645,1,y2
9,10.108,0.852043,1,0.852043,1,0.77353,1,0.87636,1,y2
9,10.24,0.812441,1,0.812441,1,0.722117,1,0.831543,1,y2
9,10.3352038671689,0.785673,1,0.785673,1,0.685331,1,0.799691,1,y2
9,10.372,0.775481,1,0.775481,1,0.671187,1,0.787537,1,y2
9,10.5,0.738424,1,0.738424,1,0.622417,1,0.745089,1,y2
9,10.504,0.73726,1,0.73726,1,0.620906,1,0.743758,1,y2
9,10.5745854782082,0.717068,1,0.717068,1,0.594403,1,0.720341,1,y2
9,10.636,0.699812,1,0.699812,1,0.571649,1,0.700156,1,y2
9,10.768,0.663235,1,0.663235,1,0.524325,1,0.657786,1,y2
9,10.8195115909757,0.64886,1,0.64886,1,0.506612,1,0.641623,1,y2
9,10.9,0.626455,1,0.626455,1,0.479594,1,0.616475,1,y2
9,11,0.599395,1,0.599395,1,0.446863,1,0.585723,1,y2
9,11.032,0.590861,1,0.590861,1,0.436484,1,0.576098,1,y2
9,11.0701106259433,0.580726,1,0.580726,1,0.424199,1,0.56477,1,y2
9,11.164,0.555927,1,0.555927,1,0.394522,1,0.537558,1,y2
9,11.296,0.52152,1,0.52152,1,0.355353,1,0.50076,1,y2
9,11.326513978028,0.513744,1,0.513744,1,0.346925,1,0.49244,1,y2
9,11.428,0.488309,1,0.488309,1,0.319845,1,0.465518,1,y2
9,11.5,0.470508,1,0.470508,1,0.30124,1,0.447259,1,y2
9,11.56,0.455844,1,0.455844,1,0.286203,1,0.432546,1,y2
9,11.5888560854857,0.448854,1,0.448854,1,0.279158,1,0.425626,1,y2
9,11.692,0.424265,1,0.424265,1,0.255097,1,0.401648,1,y2
9,11.824,0.3938,1,0.3938,1,0.226534,1,0.372614,1,y2
9,11.8572745004004,0.38624,1,0.38624,1,0.219703,1,0.365673,1,y2
9,11.956,0.364153,1,0.364153,1,0.200238,1,0.345928,1,y2
9,12,0.354505,1,0.354505,1,0.191964,1,0.337483,1,y2
9,12.088,0.335526,1,0.335526,1,0.176318,1,0.32123,1,y2
9,12.1319099608055,0.326204,1,0.326204,1,0.169012,1,0.313444,1,y2
9,12.22,0.30785,1,0.30785,1,0.155106,1,0.298466,1,y2
9,12.352,0.281092,1,0.281092,1,0.135435,1,0.277645,1,y2
9,12.4129064644764,0.268788,1,0.268788,1,0.126691,1,0.2687,1,y2
9,12.484,0.254343,1,0.254343,1,0.116715,1,0.258825,1,y2
9,12.5,0.251189,1,0.251189,1,0.114517,1,0.256694,1,y2
9,12.616,0.230034,1,0.230034,1,0.0994874,1,0.242206,1,y2
9,12.7004113444319,0.214805,1,0.214805,1,0.0900925,1,0.231914,1,y2
9,12.748,0.20614,1,0.20614,1,0.085129,1,0.226049,1,y2
9,12.88,0.183438,1,0.183438,1,0.0716459,1,0.21104,1,y2
9,12.9945753461841,0.163572,1,0.163572,1,0.0605685,1,0.19932,1,y2
9,13,0.162587,1,0.162587,1,0.06008,1,0.198784,1,y2
9,13.012,0.160415,1,0.160415,1,0.0590132,1,0.19761,1,y2
9,13.144,0.137741,1,0.137741,1,0.0476815,1,0.186255,1,y2
9,13.276,0.115993,1,0.115993,1,0.0363927,1,0.175923,1,y2
9,13.295552706778,0.11264,1,0.11264,1,0.0348683,1,0.174272,1,y2
9,13.408,0.0951924,1,0.0951924,1,0.0264609,1,0.16539,1,y2
9,13.5,0.0823641,1,0.0823641,1,0.0205657,1,0.159158,1,y2
9,13.54,0.0765359,1,0.0765359,1,0.0182349,1,0.15651,1,y2
9,13.6035012356615,0.0668009,1,0.0668009,1,0.0136933,1,0.152383,1,y2
9,13.672,0.0560709,1,0.0560709,1,0.00865167,1,0.148171,1,y2
9,13.804,0.0378252,1,0.0378252,1,0.000286772,1,0.141309,1,y2
9,13.9185823974285,0.0219867,1,0.0219867,1,0,1,0.134931,1,y2
9,13.936,0.0195266,1,0.0195266,1,0,1,0.133862,1,y2
9,14,0.0106993,1,0.0106993,1,0,1,0.130184,1,y2
9,14.068,0.00187104,1,0.00187104,1,0,1,0.126675,1,y2
9,14.2,0,1,0,1,0,1,0.120343,1,y2
9,14.2409613964788,0,1,0,1,0,1,0.118249,1,y2
9,14.332,0,1,0,1,0,1,0.114331,1,y2
9,14.464,0,1,0,1,0,1,0.108795,1,y2
9,14.5,0,1,0,1,0,1,0.107354,1,y2
9,14.5708072636384,0,1,0,1,0,1,0.104673,1,y2
9,14.596,0,1,0,1,0,1,0.103696,1,y2
9,14.728,0,1,0,1,0,1,0.0985245,1,y2
9,14.86,0,1,0,1,0,1,0.093589,1,y2
9,14.9082929447861,0,1,0,1,0,1,0.0917165,1,y2
9,14.992,0,1,0,1,0,1,0.088758,1,y2
9,15,0,1,0,1,0,1,0.0884874,1,y2
9,15.124,0,1,0,1,0,1,0.084027,1,y2
9,15.2535953915336,0,1,0,1,0,1,0.0795651,1,y2
9,15.256,0,1,0,1,0,1,0.0794856,1,y2
9,15.388,0,1,0,1,0,1,0.074876,1,y2
9,15.5,0,1,0,1,0,1,0.070998,1,y2
9,15.52,0,1,0,1,0,1,0.070355,1,y2
9,15.606895654005,0,1,0,1,0,1,0.0677133,1,y2
9,15.652,0,1,0,1,0,1,0.0661999,1,y2
9,15.784,0,1,0,1,0,1,0.0617235,1,y2
9,15.916,0,1,0,1,0,1,0.0567032,1,y2
9,15.9683789757655,0,1,0,1,0,1,0.0550307,1,y2
9,16,0,1,0,1,0,1,0.0541976,1,y2
9,16.048,0,1,0,1,0,1,0.0527436,1,y2
9,16.18,0,1,0,1,0,1,0.0480951,1,y2
9,16.312,0,1,0,1,0,1,0.0435037,1,y2
9,16.3382348909494,0,1,0,1,0,1,0.0425892,1,y2
9,16.444,0,1,0,1,0,1,0.0393141,1,y2
9,16.5,0,1,0,1,0,1,0.037107,1,y2
9,16.576,0,1,0,1,0,1,0.0342776,1,y2
9,16.708,0,1,0,1,0,1,0.0296608,1,y2
9,16.7166573236367,0,1,0,1,0,1,0.0293512,1,y2
9,16.84,0,1,0,1,0,1,0.0251923,1,y2
9,16.972,0,1,0,1,0,1,0.0202226,1,y2
9,17,0,1,0,1,0,1,0.0192082,1,y2
9,17.1038446895323,0,1,0,1,0,1,0.015416,1,y2
9,17.104,0,1,0,1,0,1,0.0154103,1,y2
9,17.236,0,1,0,1,0,1,0.0106577,1,y2
9,17.368,0,1,0,1,0,1,0.00568565,1,y2
9,17.5,0,1,0,1,0,1,0.000673707,1,y2
10,1,0,1,0,1,0,1,0,1,y2
10,1.02268025616674,0,1,0,1,0,1,0,1,y2
10,1.04587490635328,0,1,0,1,0,1,0,1,y2
10,1.06959561714774,0,1,0,1,0,1,0,1,y2
10,1.09385431973947,0,1,0,1,0,1,0,1,y2
10,1.11866321592026,0,1,0,1,0,1,0,1,y2
10,1.124,0,1,0,1,0,1,0,1,y2
10,1.14403478422165,0,1,0,1,0,1,0,1,y2
10,1.16998178619146,0,1,0,1,0,1,0,1,y2
10,1.19651727281271,0,1,0,1,0,1,0,1,y2
10,1.22365459106803,0,1,0,1,0,1,0,1,y2
10,1.248,0,1,0,1,0,1,0,1,y2
10,1.25140739065307,0,1,0,1,0,1,0,1,y2
10,1.27978963084203,0,1,0,1,0,1,0,1,y2
10,1.30881558750907,0,1,0,1,0,1,0,1,y2
10,1.33849986030881,0,1,0,1,0,1,0,1,y2
10,1.36885738001976,0,1,0,1,0,1,0,1,y2
10,1.372,0,1,0,1,0,1,0,1,y2
10,1.39990341605435,0,1,0,1,0,1,0,1,y2
10,1.43165358413916,0,1,0,1,0,1,0,1,y2
10,1.46412385416947,0,1,0,1,0.217677,1,0,1,y2
10,1.496,0,1,0,1,0.529716,1,0.234387,1,y2
10,1.49733055824187,0,1,0,1,0.541041,1,0.249238,1,y2
10,1.5,0,1,0,1,0.563418,1,0.278476,1,y2
10,1.53129039886909,0,1,0,1,0.796585,1,0.574225,1,y2
10,1.56602045738112,0,1,0,1,1.00736,1,0.829745,1,y2
10,1.60153820251688,0,1,0,1,1.18639,1,1.04002,1,y2
10,1.62,0,1,0,1,1.2684,1,1.13455,1,y2
10,1.63786149921079,0,1,0,1,1.34186,0,1.21844,1,y2
10,1.67500861757854,0,1,0,1,1.47897,0,1.37331,0,y2
10,1.71299824210672,0,1,0,1,1.60133,0,1.50977,0,y2
10,1.744,0,1,0,1,1.6904,0,1.60818,0,y2
10,1.75184948105088,0,1,0,1,1.71163,0,1.63152,0,y2
10,1.79158187604669,0,1,0,1,1.8119,0,1.74123,0,y2
10,1.83221541193913,0,1,0,1,1.90367,0,1.84093,0,y2
10,1.868,0,1,0,1,1.97692,0,1.92004,0,y2
10,1.87377052683456,0,1,0,1,1.98814,0,1.93213,0,y2
10,1.91626812238086,0,1,0,1,2.06626,0,2.01602,0,y2
10,1.95972957428063,0,1,0,1,2.1388,0,2.09357,0,y2
10,1.992,0,1,0,1,2.18848,0,2.14649,0,y2
10,2,0,1,0,1,2.20029,0,2.15906,0,y2
10,2.00417674304285,0,1,0,1,2.20638,0,2.16553,0,y2
10,2.04963198497849,0,1,0,1,2.26952,0,2.23254,0,y2
10,2.09611816344536,0,1,0,1,2.32864,0,2.29511,0,y2
10,2.116,0,1,0,1,2.35241,0,2.32021,0,y2
10,2.14365866034806,0,1,0,1,2.38409,0,2.35362,0,y2
10,2.19227738789881,0,1,0,1,2.43617,0,2.40844,0,y2
10,2.24,0,1,0,1,2.48324,0,2.45788,0,y2
10,2.24199880064492,0,1,0,1,2.48513,0,2.45986,0,y2
10,2.29284790776908,0,1,0,1,2.53113,0,2.50812,0,y2
10,2.34485028566866,0.157012,1,0.157012,1,2.57428,0,2.55343,0,y2
10,2.364,0.225825,1,0.225825,1,2.58923,0,2.56916,0,y2
10,2.39803209082029,0.340775,1,0.340775,1,2.61465,0,2.59591,0,y2
10,2.45242007293616,0.507442,1,0.507442,1,2.65238,0,2.63563,0,y2
10,2.488,0.606712,1,0.606712,1,2.67524,0,2.65971,0,y2
10,2.5,0.638645,1,0.638645,1,2.68264,0,2.66751,0,y2
10,2.50804158841882,0.659635,1,0.659635,1,2.68752,0,2.67265,0,y2
10,2.564924614121,0.799453,1,0.799453,1,2.72004,0,2.70699,0,y2
10,2.612,0.904895,1,0.904895,1,2.74449,0,2.73289,0,y2
10,2.62309776141765,0.928541,1,0.928541,1,2.74994,0,2.73867,0,y2
10,2.68259029059702,1.04823,1,1.04823,1,2.77707,0,2.76759,0,y2
10,2.736,1.14655,1,1.14655,1,2.79849,0,2.79059,0,y2
10,2.74343212557818,1.15962,1,1.15962,1,2.80126,0,2.79358,0,y2
10,2.80565386896236,1.2636,1,1.2636,1,2.82247,0,2.81654,0,y2
10,2.86,1.34726,0,1.34726,0,2.83811,0,2.83373,0,y2
10,2.86928681742564,1.36094,0,1.36094,0,2.84051,0,2.83641,0,y2
10,2.93436297746072,1.45227,0,1.45227,0,2.85533,0,2.85308,0,y2
10,2.984,1.51698,0,1.51698,0,2.86436,0,2.86346,0,y2
10,3,1.537,0,1.537,0,2.86687,0,2.86639,0,y2
10,3.00091508147573,1.53813,0,1.53813,0,2.86701,0,2.86655,0,y2
10,3.06897660425825,1.61899,0,1.61899,0,2.87551,0,2.87671,0,y2
10,3.108,1.6625,0,1.6625,0,2.87885,0,2.88098,0,y2
10,3.13858177981257,1.69526,0,1.69526,0,2.88068,0,2.88356,0,y2
10,3.20976561857899,1.76735,0,1.76735,0,2.88245,0,2.88698,0,y2
10,3.232,1.78874,0,1.78874,0,2.88234,0,2.88734,0,y2
10,3.28256392504357,1.83556,0,1.83556,0,2.88102,0,2.88698,0,y2
10,3.356,1.89929,0,1.89929,0,2.87658,0,2.88383,0,y2
10,3.35701331574726,1.90014,0,1.90014,0,2.8765,0,2.88376,0,y2
10,3.43315123770358,1.96118,0,1.96118,0,2.86907,0,2.8775,0,y2
10,3.48,1.99634,0,1.99634,0,2.86326,0,2.8723,0,y2
10,3.5,2.01084,0,2.01084,0,2.86051,0,2.8698,0,y2
10,3.51101598723387,2.01871,0,2.01871,0,2.85894,0,2.86836,0,y2
10,3.59064672922987,2.07315,0,2.07315,0,2.84635,0,2.85663,0,y2
10,3.604,2.08189,0,2.08189,0,2.84405,0,2.85445,0,y2
10,3.67208351685308,2.12482,0,2.12482,0,2.83155,0,2.84256,0,y2
10,3.728,2.15809,0,2.15809,0,2.82045,0,2.8319,0,y2
10,3.75536731168098,2.17375,0,2.17375,0,2.81477,0,2.82642,0,y2
10,3.84054000431012,2.21987,0,2.21987,0,2.79622,0,2.80843,0,y2
10,3.852,2.22577,0,2.22577,0,2.79364,0,2.80591,0,y2
10,3.9276444354265,2.2628,0,2.2628,0,2.77611,0,2.78879,0,y2
10,3.976,2.28485,0,2.28485,0,2.76453,0,2.77744,0,y2
10,4,2.29539,0,2.29539,0,2.75869,0,2.77171,0,y2
10,4.01672441735386,2.3026,0,2.3026,0,2.75459,0,2.76768,0,y2
10,4.1,2.33659,0,2.33659,0,2.73379,0,2.74721,0,y2
10,4.10782475609066,2.33962,0,2.33962,0,2.73181,0,2.74525,0,y2
10,4.20099127384688,2.37322,0,2.37322,0,2.70789,0,2.72164,0,y2
10,4.224,2.38083,0,2.38083,0,2.70191,0,2.71573,0,y2
10,4.29627083209198,2.40326,0,2.40326,0,2.68293,0,2.69695,0,y2
10,4.348,2.41793,0,2.41793,0,2.66921,0,2.68337,0,y2
10,4.39371135512554,2.42983,0,2.42983,0,2.65701,0,2.67127,0,y2
10,4.472,2.44795,0,2.44795,0,2.63596,0,2.65039,0,y2
10,4.49336185418252,2.4525,0,2.4525,0,2.63019,0,2.64466,0,y2
10,4.5,2.45388,0,2.45388,0,2.62839,0,2.64288,0,y2
10,4.59527245208525,2.47152,0,2.47152,0,2.60251,0,2.61718,0,y2
10,4.596,2.47164,0,2.47164,0,2.60231,0,2.61699,0,y2
10,4.69949440845452,2.48605,0,2.48605,0,2.57402,0,2.58888,0,y2
10,4.72,2.48837,0,2.48837,0,2.5684,0,2.58329,0,y2
10,4.80608014549245,2.4961,0,2.4961,0,2.54474,0,2.55978,0,y2
10,4.844,2.49856,0,2.49856,0,2.5343,0,2.5494,0,y2
10,4.91508327435011,2.50153,0,2.50153,0,2.5147,0,2.5299,0,y2
10,4.968,2.50239,0,2.50239,0,2.50008,0,2.51537,0,y2
10,5,2.50237,0,2.50237,0,2.49124,0,2.50658,0,y2
10,5.02655862209325,2.50203,0,2.50203,0,2.4839,0,2.49927,0,y2
10,5.092,2.49999,0,2.49999,0,2.4658,0,2.48127,0,y2
10,5.14056225927948,2.49741,0,2.49741,0,2.45236,0,2.4679,0,y2
10,5.216,2.49158,0,2.49158,0,2.43147,0,2.44712,0,y2
10,5.25715152816103,2.48753,0,2.48753,0,2.42008,0,2.43579,0,y2
10,5.34,2.47769,0,2.47769,0,2.39714,0,2.41297,0,y2
10,5.37638507152711,2.47267,0,2.47267,0,2.38707,0,2.40294,0,y2
10,5.464,2.45875,0,2.45875,0,2.36282,0,2.37882,0,y2
10,5.4983228622004,2.45262,0,2.45262,0,2.35333,0,2.36937,0,y2
10,5.5,2.45231,0,2.45231,0,2.35287,0,2.36891,0,y2
10,5.588,2.4348,0,2.4348,0,2.32854,0,2.3447,0,y2
10,5.62302623320257,2.42717,0,2.42717,0,2.31886,0,2.33506,0,y2
10,5.712,2.40619,0,2.40619,0,2.29429,0,2.31062,0,y2
10,5.75055790860392,2.39644,0,2.39644,0,2.28366,0,2.30003,0,y2
10,5.836,2.37342,0,2.37342,0,2.26011,0,2.27659,0,y2
10,5.88098203507275,2.36062,0,2.36062,0,2.24773,0,2.26427,0,y2
10,5.96,2.33703,0,2.33703,0,2.226,0,2.24264,0,y2
10,6,2.3246,0,2.3246,0,2.21501,0,2.2317,0,y2
10,6.01436421414021,2.32006,0,2.32006,0,2.21107,0,2.22778,0,y2
10,6.084,2.29748,0,2.29748,0,2.19197,0,2.20877,0,y2
10,6.15077153519701,2.27504,0,2.27504,0,2.17369,0,2.19057,0,y2
10,6.208,2.25524,0,2.25524,0,2.15804,0,2.175,0,y2
10,6.29027260923839,2.22593,0,2.22593,0,2.13559,0,2.15265,0,y2
10,6.332,2.21073,0,2.21073,0,2.12422,0,2.14133,0,y2
10,6.43293760337457,2.17309,0,2.17309,0,2.09679,0,2.11402,0,y2
10,6.456,2.16433,0,2.16433,0,2.09053,0,2.10779,0,y2
10,6.5,2.14748,0,2.14748,0,2.07861,0,2.09592,0,y2
10,6.57883827612378,2.11686,0,2.11686,0,2.05729,0,2.0747,0,y2
10,6.58,2.1164,0,2.1164,0,2.05697,0,2.07438,0,y2
10,6.704,2.06726,0,2.06726,0,2.02357,0,2.04114,0,y2
10,6.72804801350584,2.05761,0,2.05761,0,2.01712,0,2.03471,0,y2
10,6.828,2.01719,0,2.01719,0,1.99034,0,2.00806,0,y2
10,6.8806418659543,1.99571,0,1.99571,0,1.97629,0,1.99408,0,y2
10,6.952,1.96643,0,1.96643,0,1.95731,0,1.97518,0,y2
10,7,1.94664,0,1.94664,0,1.94458,0,1.9625,0,y2
10,7.03669658606576,1.93148,0,1.93148,0,1.93486,0,1.95283,0,y2
10,7.076,1.9152,0,1.9152,0,1.92448,0,1.94251,0,y2
10,7.19629066720539,1.86526,0,1.86526,0,1.89287,0,1.91105,0,y2
10,7.2,1.86372,0,1.86372,0,1.89189,0,1.91008,0,y2
10,7.324,1.81215,0,1.81215,0,1.85956,0,1.87791,0,y2
10,7.35950438298795,1.7974,0,1.7974,0,1.85036,0,1.86875,0,y2
10,7.448,1.76066,0,1.76066,0,1.82754,0,1.84603,0,y2
10,7.5,1.73913,0,1.73913,0,1.81422,0,1.83276,0,y2
10,7.52641982765439,1.72821,0,1.72821,0,1.80747,0,1.82604,0,y2
10,7.572,1.7094,0,1.7094,0,1.79585,0,1.81448,0,y2
10,7.696,1.6585,0,1.6585,0,1.76449,0,1.78328,0,y2
10,7.69712095736404,1.65804,0,1.65804,0,1.76421,0,1.783,0,y2
10,7.82,1.6081,0,1.6081,0,1.73349,0,1.75246,0,y2
10,7.87169363242347,1.58726,0,1.58726,0,1.7207,0,1.73973,0,y2
10,7.944,1.5583,0,1.5583,0,1.70297,0,1.72206,0,y2
10,8,1.53605,0,1.53605,0,1.68936,0,1.70849,0,y2
10,8.05022566047296,1.51621,0,1.51621,0,1.67724,0,1.6964,0,y2
10,8.068,1.50922,0,1.50922,0,1.67297,0,1.69214,0,y2
10,8.192,1.46095,0,1.46095,0,1.64342,0,1.66274,0,y2
10,8.23280684065258,1.44527,0,1.44527,0,1.63378,0,1.65318,0,y2
10,8.316,1.41361,0,1.41361,0,1.61431,0,1.6339,0,y2
10,8.41952900876989,1.37487,0,1.37487,0,1.59049,0,1.61024,0,y2
10,8.44,1.3673,0,1.3673,0,1.58585,0,1.60561,0,y2
10,8.5,1.34529,0,1.34529,0,1.5724,0,1.5921,0,y2
10,8.564,1.32211,0,1.32211,0,1.55822,0,1.57787,0,y2
10,8.61048608349212,1.30548,0,1.30548,0,1.54802,0,1.56764,0,y2
10,8.688,1.27814,0,1.27814,0,1.53113,0,1.55083,0,y2
10,8.8057741135859,1.23757,1,1.23757,1,1.50571,0,1.52597,0,y2
10,8.812,1.23546,1,1.23546,1,1.50439,0,1.52468,0,y2
10,8.936,1.19416,1,1.19416,1,1.47856,0,1.49949,0,y2
10,9,1.17341,1,1.17341,1,1.46585,0,1.48681,0,y2
10,9.00549132622851,1.17165,1,1.17165,1,1.46478,0,1.48573,0,y2
10,9.06,1.15433,1,1.15433,1,1.45421,0,1.47508,0,y2
10,9.184,1.11602,1,1.11602,1,1.43047,0,1.45101,0,y2
10,9.20973817641476,1.10826,1,1.10826,1,1.42558,0,1.44607,0,y2
10,9.308,1.07926,1,1.07926,1,1.4073,0,1.42759,0,y2
10,9.41861739748448,1.04771,1,1.04771,1,1.38772,0,1.40799,0,y2
10,9.432,1.04396,1,1.04396,1,1.38541,0,1.40572,0,y2
10,9.5,1.02502,1,1.02502,1,1.37386,0,1.39443,0,y2
10,9.556,1.00949,1,1.00949,1,1.36454,0,1.38538,0,y2
10,9.63223405279597,0.988255,1,0.988255,1,1.35217,0,1.37314,0,y2
10,9.68,0.974838,1,0.974838,1,1.3446,0,1.36539,0,y2
10,9.804,0.939279,1,0.939279,1,1.32564,0,1.34566,0,y2
10,9.85069558857141,0.925683,1,0.925683,1,1.31881,0,1.33856,0,y2
10,9.928,0.903279,1,0.903279,1,1.30791,0,1.32765,0,y2
10,10,0.882885,1,0.882885,1,1.29817,0,1.31815,0,y2
10,10.052,0.868153,1,0.868153,1,1.29135,0,1.31152,0,y2
10,10.0741118879408,0.861832,1,0.861832,1,1.2885,0,1.30872,0,y2
10,10.176,0.831641,1,0.831641,1,1.27582,0,1.2961,0,y2
10,10.3,0.795369,1,0.795369,1,1.26144,1,1.28175,0,y2
10,10.3025953262118,0.794648,1,0.794648,1,1.26115,1,1.28146,0,y2
10,10.424,0.760634,1,0.760634,1,1.24827,1,1.26866,1,y2
10,10.5,0.738457,1,0.738457,1,1.24082,1,1.26129,1,y2
10,10.5362608273925,0.727967,1,0.727967,1,1.23742,1,1.25792,1,y2
10,10.548,0.724618,1,0.724618,1,1.23634,1,1.25685,1,y2
10,10.672,0.689774,1,0.689774,1,1.22548,1,1.24596,1,y2
10,10.7752259219974,0.661216,1,0.661216,1,1.2173,1,1.23775,1,y2
10,10.796,0.655441,1,0.655441,1,1.21575,1,1.23621,1,y2
10,10.92,0.620968,1,0.620968,1,1.20718,1,1.22778,1,y2
10,11,0.599371,1,0.599371,1,1.20222,1,1.22288,1,y2
10,11.0196108061629,0.594138,1,0.594138,1,1.20104,1,1.22171,1,y2
10,11.044,0.587648,1,0.587648,1,1.19959,1,1.22026,1,y2
10,11.168,0.554873,1,0.554873,1,1.19197,1,1.21241,1,y2
10,11.2695384021044,0.528346,1,0.528346,1,1.18481,1,1.20524,1,y2
10,11.292,0.522551,1,0.522551,1,1.18302,1,1.20356,1,y2
10,11.416,0.491275,1,0.491275,1,1.17159,1,1.19344,1,y2
10,11.5,0.470505,1,0.470505,1,1.16254,1,1.18561,1,y2
10,11.5251344199451,0.464344,1,0.464344,1,1.15966,1,1.18307,1,y2
10,11.54,0.460713,1,0.460713,1,1.15791,1,1.18152,1,y2
10,11.664,0.430872,1,0.430872,1,1.14219,1,1.16682,1,y2
10,11.7865274209456,0.402345,1,0.402345,1,1.12469,1,1.1489,1,y2
10,11.788,0.402008,1,0.402008,1,1.12447,1,1.14866,1,y2
10,11.912,0.373932,1,0.373932,1,1.10431,1,1.12802,1,y2
10,12,0.354499,1,0.354499,1,1.08864,1,1.11261,1,y2
10,12.036,0.346687,1,0.346687,1,1.08199,1,1.10615,1,y2
10,12.053848882169,0.342841,1,0.342841,1,1.07865,1,1.10291,1,y2
10,12.16,0.320297,1,0.320297,1,1.058,1,1.08311,1,y2
10,12.284,0.294794,1,0.294794,1,1.03188,1,1.05871,1,y2
10,12.3272332626118,0.286088,1,0.286088,1,1.02227,1,1.04985,1,y2
10,12.408,0.269898,1,0.269898,1,1.0037,1,1.03278,1,y2
10,12.5,0.251268,1,0.251268,1,0.981787,1,1.01255,1,y2
10,12.532,0.245011,1,0.245011,1,0.974059,1,1.00533,1,y2
10,12.6068180708351,0.231472,1,0.231472,1,0.955398,1,0.98807,1,y2
10,12.656,0.222741,1,0.222741,1,0.942324,1,0.976449,1,y2
10,12.78,0.200393,1,0.200393,1,0.908361,1,0.946255,1,y2
10,12.8927439341291,0.181165,1,0.181165,1,0.877831,1,0.917807,1,y2
10,12.904,0.179341,1,0.179341,1,0.874764,1,0.914921,1,y2
10,13,0.162891,1,0.162891,1,0.84785,1,0.890032,1,y2
10,13.028,0.157811,1,0.157811,1,0.839741,1,0.882685,1,y2
10,13.152,0.136393,1,0.136393,1,0.804166,1,0.849766,1,y2
10,13.1851546692474,0.131022,1,0.131022,1,0.79471,1,0.840886,1,y2
10,13.276,0.116156,1,0.116156,1,0.76828,1,0.81636,1,y2
10,13.4,0.0959034,1,0.0959034,1,0.732091,1,0.782462,1,y2
10,13.4841973547441,0.0843392,1,0.0843392,1,0.708106,1,0.759442,1,y2
10,13.5,0.0821531,1,0.0821531,1,0.70356,1,0.75515,1,y2
10,13.524,0.078792,1,0.078792,1,0.696614,1,0.74866,1,y2
10,13.648,0.060006,1,0.060006,1,0.660844,1,0.715615,1,y2
10,13.772,0.0418774,1,0.0418774,1,0.624948,1,0.682661,1,y2
10,13.7900224049526,0.0394998,1,0.0394998,1,0.619673,1,0.677844,1,y2
10,13.896,0.0252541,1,0.0252541,1,0.58908,1,0.649422,1,y2
10,14,0.0107146,1,0.0107146,1,0.559719,1,0.621236,1,y2
10,14.02,0.00800741,1,0.00800741,1,0.554107,1,0.615813,1,y2
10,14.102783645642,0,1,0,1,0.530595,1,0.593521,1,y2
10,14.144,0,1,0,1,0.518845,1,0.582575,1,y2
10,14.268,0,1,0,1,0.485223,1,0.550165,1,y2
10,14.392,0,1,0,1,0.45089,1,0.517924,1,y2
10,14.4226383913894,0,1,0,1,0.442345,1,0.509979,1,y2
10,14.5,0,1,0,1,0.421261,1,0.490013,1,y2
10,14.516,0,1,0,1,0.416917,1,0.485902,1,y2
10,14.64,0,1,0,1,0.383362,1,0.454244,1,y2
10,14.7497475247064,0,1,0,1,0.353979,1,0.426471,1,y2
10,14.764,0,1,0,1,0.350211,1,0.422872,1,y2
10,14.888,0,1,0,1,0.317319,1,0.391523,1,y2
10,15,0,1,0,1,0.28775,1,0.362898,1,y2
10,15.012,0,1,0,1,0.284587,1,0.359835,1,y2
10,15.0842755769615,0,1,0,1,0.265621,1,0.341543,1,y2
10,15.136,0,1,0,1,0.252112,1,0.328789,1,y2
10,15.26,0,1,0,1,0.219778,1,0.298722,1,y2
10,15.384,0,1,0,1,0.187726,1,0.268405,1,y2
10,15.4263908111368,0,1,0,1,0.176842,1,0.258082,1,y2
10,15.5,0,1,0,1,0.157997,1,0.240196,1,y2
10,15.508,0,1,0,1,0.155959,1,0.238254,1,y2
10,15.632,0,1,0,1,0.124319,1,0.208039,1,y2
10,15.756,0,1,0,1,0.0927559,1,0.178409,1,y2
10,15.7762653064616,0,1,0,1,0.0876191,1,0.173611,1,y2
10,15.88,0,1,0,1,0.0613765,1,0.148428,1,y2
10,16,0,1,0,1,0.0310445,1,0.119703,1,y2
10,16.004,0,1,0,1,0.0300324,1,0.118735,1,y2
10,16.128,0,1,0,1,0,1,0.0890775,1,y2
10,16.1340750449667,0,1,0,1,0,1,0.087598,1,y2
10,16.252,0,1,0,1,0,1,0.0596154,1,y2
10,16.376,0,1,0,1,0,1,0.0302039,1,y2
10,16.5,0,1,0,1,0,1,0.000844421,1,y2
11,1,0,1,0,1,0,1,0,1,y2
11,1.02216887738619,0,1,0,1,0,1,0,1,y2
11,1.04482921389695,0,1,0,1,0,1,0,1,y2
11,1.06799190462934,0,1,0,1,0,1,0,1,y2
11,1.09166808621252,0,1,0,1,0,1,0,1,y2
11,1.11586914216219,0,1,0,1,0,1,0,1,y2
11,1.116,0,1,0,1,0,1,0,1,y2
11,1.14060670835382,0,1,0,1,0,1,0,1,y2
11,1.16589267861718,0,1,0,1,0,1,0,1,y2
11,1.19173921045491,0,1,0,1,0,1,0,1,y2
11,1.2181587308878,0,1,0,1,0,1,0,1,y2
11,1.232,0,1,0,1,0,1,0,1,y2
11,1.24516394242977,0,1,0,1,0,1,0,1,y2
11,1.27276782919521,0,1,0,1,0,1,0,1,y2
11,1.30098366314173,0,1,0,1,0,1,0,1,y2
11,1.32982501045136,0,1,0,1,0,1,0,1,y2
11,1.348,0,1,0,1,0,1,0,1,y2
11,1.35930573805314,0,1,0,1,0,1,0,1,y2
11,1.38944002029039,0,1,0,1,0,1,0,1,y2
11,1.42024234573568,0,1,0,1,0,1,0,1,y2
11,1.45172752415698,0,1,0,1,0,1,0,1,y2
11,1.464,0,1,0,1,0,1,0,1,y2
11,1.48391069363817,0,1,0,1,0,1,0,1,y2
11,1.5,0,1,0,1,0,1,0,1,y2
11,1.5168073278575,0,1,0,1,0,1,0,1,y2
11,1.55043324352725,0,1,0,1,0,1,0,1,y2
11,1.58,0,1,0,1,0,1,0,1,y2
11,1.58480460799848,0,1,0,1,0,1,0,1,y2
11,1.61993794703428,0,1,0,1,0,1,0,1,y2
11,1.65585015275532,0,1,0,1,0,1,0,1,y2
11,1.69255849176166,0,1,0,1,0,1,0,1,y2
11,1.696,0,1,0,1,0,1,0,1,y2
11,1.73008061343449,0,1,0,1,0,1,0,1,y2
11,1.76843455842195,0,1,0,1,0,1,0,1,y2
11,1.80763876731311,0,1,0,1,0.309487,1,0.162121,1,y2
11,1.812,0,1,0,1,0.361097,1,0.212396,1,y2
11,1.8477120895042,0,1,0,1,0.706357,1,0.550153,1,y2
11,1.88867379226141,0,1,0,1,0.993544,1,0.832577,1,y2
11,1.928,0,1,0,1,1.20537,1,1.04148,1,y2
11,1.93054356998457,0,1,0,1,1.21753,1,1.05351,1,y2
11,1.97334155367626,0,1,0,1,1.40027,0,1.23507,1,y2
11,2,0,1,0,1,1.49772,0,1.33162,0,y2
11,2.01708832062079,0,1,0,1,1.55475,0,1.38821,0,y2
11,2.044,0,1,0,1,1.63726,0,1.4702,0,y2
11,2.06180490427776,0,1,0,1,1.68755,0,1.51998,0,y2
11,2.10751280439494,0,1,0,1,1.80373,0,1.63463,0,y2
11,2.1542339973454,0,1,0,1,1.90682,0,1.7368,0,y2
11,2.16,0,1,0,1,1.91862,0,1.74853,0,y2
11,2.20199094669372,0,1,0,1,1.99921,0,1.82887,0,y2
11,2.25080661399648,0,1,0,1,2.08273,0,1.91238,0,y2
11,2.276,0,1,0,1,2.1222,0,1.95191,0,y2
11,2.30070446984221,0,1,0,1,2.15879,0,1.98857,0,y2
11,2.351708505136,0.182021,1,0.182021,1,2.22846,0,2.05844,0,y2
11,2.392,0.321047,1,0.321047,1,2.27861,0,2.10876,0,y2
11,2.40384324263443,0.359535,1,0.359535,1,2.29261,0,2.12282,0,y2
11,2.45713374873602,0.521006,1,0.521006,1,2.35194,0,2.18238,0,y2
11,2.5,0.638645,1,0.638645,1,2.3957,0,2.22635,0,y2
11,2.508,0.659527,1,0.659527,1,2.40352,0,2.2342,0,y2
11,2.51160564553323,0.668835,1,0.668835,1,2.407,0,2.2377,0,y2
11,2.56728512313153,0.804948,1,0.804948,1,2.45827,0,2.28923,0,y2
11,2.624,0.930444,1,0.930444,1,2.50599,0,2.33722,0,y2
11,2.62419895224163,0.930863,1,0.930863,1,2.50615,0,2.33738,0,y2
11,2.68237449705085,1.04782,1,1.04782,1,2.55096,0,2.38248,0,y2
11,2.74,1.1536,1,1.1536,1,2.59175,0,2.42355,0,y2
11,2.74183972837982,1.15683,1,1.15683,1,2.59299,0,2.42481,0,y2
11,2.80262323713087,1.25875,1,1.25875,1,2.63249,0,2.46462,0,y2
11,2.856,1.34131,0,1.34131,0,2.66459,0,2.49703,0,y2
11,2.86475424803452,1.35429,0,1.35429,0,2.66965,0,2.50213,0,y2
11,2.92826263370077,1.44404,0,1.44404,0,2.70463,0,2.5375,0,y2
11,2.972,1.5017,0,1.5017,0,2.72712,0,2.56028,0,y2
11,2.99317892898186,1.52851,0,1.52851,0,2.73758,0,2.57088,0,y2
11,3,1.537,0,1.537,0,2.74089,0,2.57424,0,y2
11,3.05953434565339,1.60816,0,1.60816,0,2.76862,0,2.60242,0,y2
11,3.088,1.64044,0,1.64044,0,2.78118,0,2.61522,0,y2
11,3.12736078742103,1.68337,0,1.68337,0,2.79785,0,2.63224,0,y2
11,3.19669086525975,1.75452,0,1.75452,0,2.82536,0,2.66042,0,y2
11,3.204,1.76171,0,1.76171,0,2.82813,0,2.66327,0,y2
11,3.26755791309326,1.82193,0,1.82193,0,2.85121,0,2.68706,0,y2
11,3.32,1.86866,0,1.86866,0,2.86898,0,2.70547,0,y2
11,3.33999600382091,1.88582,0,1.88582,0,2.87546,0,2.71222,0,y2
11,3.41403996569999,1.94631,0,1.94631,0,2.89813,0,2.73595,0,y2
11,3.436,1.96336,0,1.96336,0,2.90446,0,2.74262,0,y2
11,3.48972539909116,2.00343,0,2.00343,0,2.91921,0,2.75827,0,y2
11,3.5,2.01084,0,2.01084,0,2.92191,0,2.76116,0,y2
11,3.552,2.04723,0,2.04723,0,2.93505,0,2.77526,0,y2
11,3.5670886935751,2.05746,0,2.05746,0,2.93869,0,2.7792,0,y2
11,3.64616704544864,2.1088,0,2.1088,0,2.95656,0,2.79879,0,y2
11,3.668,2.12233,0,2.12233,0,2.96115,0,2.8039,0,y2
11,3.72699847560877,2.15752,0,2.15752,0,2.97282,0,2.81706,0,y2
11,3.784,2.18969,0,2.18969,0,2.98311,0,2.82889,0,y2
11,3.80962184783307,2.20358,0,2.20358,0,2.98743,0,2.83394,0,y2
11,3.89407688746544,2.24678,0,2.24678,0,3.00039,0,2.84941,0,y2
11,3.9,2.24966,0,2.24966,0,3.00122,0,2.85043,0,y2
11,3.98040420051607,2.2868,0,2.2868,0,3.0116,0,2.8635,0,y2
11,4,2.29539,0,2.29539,0,3.01386,0,2.86647,0,y2
11,4.016,2.30229,0,2.30229,0,3.01563,0,2.86882,0,y2
11,4.0686452931848,2.32417,0,2.32417,0,3.02096,0,2.87617,0,y2
11,4.132,2.34878,0,2.34878,0,3.02639,0,2.88419,0,y2
11,4.15884259181733,2.35859,0,2.35859,0,3.02836,0,2.88734,0,y2
11,4.248,2.38852,0,2.38852,0,3.03356,0,2.89679,0,y2
11,4.25103946330381,2.38947,0,2.38947,0,3.03371,0,2.89708,0,y2
11,4.34528023592966,2.41719,0,2.41719,0,3.03716,0,2.90534,0,y2
11,4.364,2.42221,0,2.42221,0,3.03763,0,2.90677,0,y2
11,4.44161022068863,2.4412,0,2.4412,0,3.03873,0,2.91199,0,y2
11,4.48,2.44968,0,2.44968,0,3.03879,0,2.91415,0,y2
11,4.5,2.45388,0,2.45388,0,3.0387,0,2.91516,0,y2
11,4.54007573306834,2.46181,0,2.46181,0,3.03826,0,2.91699,0,y2
11,4.596,2.47164,0,2.47164,0,3.03703,0,2.91903,0,y2
11,4.64072411531876,2.47842,0,2.47842,0,3.03556,0,2.92024,0,y2
11,4.712,2.48749,0,2.48749,0,3.03237,0,2.92135,0,y2
11,4.74360375921441,2.4908,0,2.4908,0,3.03064,0,2.92155,0,y2
11,4.828,2.4976,0,2.4976,0,3.02506,0,2.92131,0,y2
11,4.84876412932112,2.49883,0,2.49883,0,3.02349,0,2.92109,0,y2
11,4.944,2.50213,0,2.50213,0,3.01531,0,2.91929,0,y2
11,4.95625578677862,2.50229,0,2.50229,0,3.01416,0,2.91896,0,y2
11,5,2.50237,0,2.50237,0,3.00983,0,2.91761,0,y2
11,5.06,2.5012,0,2.5012,0,3.00344,0,2.91527,0,y2
11,5.06613041361032,2.501,0,2.501,0,3.00276,0,2.915,0,y2
11,5.176,2.49496,0,2.49496,0,2.98967,0,2.90917,0,y2
11,5.17844083757211,2.49477,0,2.49477,0,2.98936,0,2.90902,0,y2
11,5.292,2.48368,0,2.48368,0,2.97427,0,2.90113,0,y2
11,5.2932410575519,2.48353,0,2.48353,0,2.9741,0,2.90103,0,y2
11,5.408,2.46793,0,2.46793,0,2.95724,0,2.89126,0,y2
11,5.41058626953234,2.46753,0,2.46753,0,2.95684,0,2.89102,0,y2
11,5.5,2.45232,0,2.45232,0,2.94242,0,2.88215,0,y2
11,5.524,2.44778,0,2.44778,0,2.93836,0,2.87956,0,y2
11,5.53053289312902,2.44651,0,2.44651,0,2.93725,0,2.87884,0,y2
11,5.64,2.42335,0,2.42335,0,2.91769,0,2.8657,0,y2
11,5.65313859871711,2.42033,0,2.42033,0,2.91524,0,2.86401,0,y2
11,5.756,2.39504,0,2.39504,0,2.89524,0,2.84993,0,y2
11,5.77846233515922,2.38914,0,2.38914,0,2.8907,0,2.84666,0,y2
11,5.872,2.36322,0,2.36322,0,2.87112,0,2.83225,0,y2
11,5.9065643581481,2.35314,0,2.35314,0,2.86362,0,2.82662,0,y2
11,5.988,2.32837,0,2.32837,0,2.8454,0,2.81269,0,y2
11,6,2.32461,0,2.32461,0,2.84265,0,2.81056,0,y2
11,6.03750625917755,2.31267,0,2.31267,0,2.83396,0,2.80379,0,y2
11,6.104,2.29084,0,2.29084,0,2.81816,0,2.79131,0,y2
11,6.17135099515563,2.26799,0,2.26799,0,2.80166,0,2.77809,0,y2
11,6.22,2.25104,0,2.25104,0,2.78944,0,2.76819,0,y2
11,6.3081629186744,2.21946,0,2.21946,0,2.76664,0,2.74949,0,y2
11,6.336,2.20927,0,2.20927,0,2.75926,0,2.74339,0,y2
11,6.44800780895062,2.16739,0,2.16739,0,2.72875,0,2.7179,0,y2
11,6.452,2.16587,0,2.16587,0,2.72764,0,2.71697,0,y2
11,6.5,2.1475,0,2.1475,0,2.71413,0,2.70557,0,y2
11,6.568,2.12112,0,2.12112,0,2.69457,0,2.68897,0,y2
11,6.59095290345246,2.11212,0,2.11212,0,2.68786,0,2.68325,0,y2
11,6.684,2.07527,0,2.07527,0,2.66005,0,2.65944,0,y2
11,6.73706693022727,2.054,0,2.054,0,2.64377,0,2.64542,0,y2
11,6.8,2.02858,0,2.02858,0,2.62406,0,2.62838,0,y2
11,6.88642014094606,1.99336,0,1.99336,0,2.59627,0,2.60428,0,y2
11,6.916,1.98124,0,1.98124,0,2.58656,0,2.59583,0,y2
11,7,1.94666,0,1.94666,0,2.55846,0,2.57133,0,y2
11,7.032,1.93344,0,1.93344,0,2.54754,0,2.56179,0,y2
11,7.03908434468051,1.9305,0,1.9305,0,2.54511,0,2.55966,0,y2
11,7.148,1.88534,0,1.88534,0,2.50695,0,2.52626,0,y2
11,7.1951329424288,1.86576,0,1.86576,0,2.49,0,2.51139,0,y2
11,7.264,1.83712,0,1.83712,0,2.46475,0,2.48922,0,y2
11,7.35464096240686,1.79943,0,1.79943,0,2.43063,0,2.45921,0,y2
11,7.38,1.78889,0,1.78889,0,2.4209,0,2.45065,0,y2
11,7.496,1.7408,0,1.7408,0,2.37536,0,2.41054,0,y2
11,7.5,1.73914,0,1.73914,0,2.37375,0,2.40913,0,y2
11,7.51768509612194,1.73183,0,1.73183,0,2.36665,0,2.40287,0,y2
11,7.612,1.69295,0,1.69295,0,2.32806,0,2.36885,0,y2
11,7.68434373524588,1.66328,0,1.66328,0,2.29765,0,2.34204,0,y2
11,7.728,1.64546,0,1.64546,0,2.27896,0,2.32555,0,y2
11,7.844,1.59842,0,1.59842,0,2.22801,0,2.28061,0,y2
11,7.85469700930591,1.59411,0,1.59411,0,2.22322,0,2.27639,0,y2
11,7.96,1.55194,0,1.55194,0,2.17516,0,2.23401,0,y2
11,8,1.53605,0,1.53605,0,2.15648,0,2.21754,0,y2
11,8.02882682421091,1.52465,0,1.52465,0,2.14288,0,2.20554,0,y2
11,8.076,1.50609,0,1.50609,0,2.12036,0,2.18567,0,y2
11,8.192,1.46096,0,1.46096,0,2.06355,0,2.13559,0,y2
11,8.20681690163182,1.45525,0,1.45525,0,2.05615,0,2.12906,0,y2
11,8.308,1.41664,0,1.41664,0,2.00472,0,2.08374,0,y2
11,8.38875281925503,1.38631,0,1.38631,0,1.96253,0,2.04653,0,y2
11,8.424,1.37322,0,1.37322,0,1.94379,0,2.03,0,y2
11,8.5,1.34529,0,1.34529,0,1.90272,0,1.99379,0,y2
11,8.54,1.33077,0,1.33077,0,1.88074,0,1.97444,0,y2
11,8.57472205192818,1.31826,0,1.31826,0,1.86146,0,1.95746,0,y2
11,8.656,1.28937,0,1.28937,0,1.8156,0,1.91703,0,y2
11,8.76481401371806,1.25154,1,1.25154,1,1.75253,0,1.86126,0,y2
11,8.772,1.24908,1,1.24908,1,1.7483,0,1.85752,0,y2
11,8.888,1.20998,1,1.20998,1,1.67889,0,1.79622,0,y2
11,8.95912010090097,1.18662,1,1.18662,1,1.63535,0,1.75779,0,y2
11,9,1.17342,1,1.17342,1,1.61011,0,1.7353,0,y2
11,9.004,1.17213,1,1.17213,1,1.60763,0,1.73308,0,y2
11,9.12,1.1356,1,1.1356,1,1.53484,0,1.66742,0,y2
11,9.15773373590602,1.124,1,1.124,1,1.51077,0,1.64569,0,y2
11,9.236,1.10042,1,1.10042,1,1.46024,0,1.6005,0,y2
11,9.352,1.06659,1,1.06659,1,1.38382,0,1.53209,0,y2
11,9.36075041223273,1.0641,1,1.0641,1,1.37801,0,1.52678,0,y2
11,9.468,1.03397,1,1.03397,1,1.30711,0,1.46092,0,y2
11,9.5,1.02509,1,1.02509,1,1.28595,0,1.44133,0,y2
11,9.56826774036427,1.00618,1,1.00618,1,1.24072,1,1.3993,0,y2
11,9.584,1.00181,1,1.00181,1,1.23027,1,1.38946,0,y2
11,9.7,0.969321,1,0.969321,1,1.1532,1,1.31544,0,y2
11,9.78038549469867,0.9462,1,0.9462,1,1.10013,1,1.26383,1,y2
11,9.816,0.935821,1,0.935821,1,1.07693,1,1.24093,1,y2
11,9.932,0.902184,1,0.902184,1,1.00271,1,1.16602,1,y2
11,9.99720566152035,0.883825,1,0.883825,1,0.961951,1,1.12331,1,y2
11,10,0.883038,1,0.883038,1,0.960221,1,1.12148,1,y2
11,10.048,0.869472,1,0.869472,1,0.930721,1,1.09009,1,y2
11,10.164,0.835191,1,0.835191,1,0.861696,1,1.01546,1,y2
11,10.2188324880352,0.818622,1,0.818622,1,0.830644,1,0.980616,1,y2
11,10.28,0.801052,1,0.801052,1,0.797222,1,0.942062,1,y2
11,10.396,0.768698,1,0.768698,1,0.737261,1,0.870827,1,y2
11,10.4453725324925,0.754304,1,0.754304,1,0.713022,1,0.841092,1,y2
11,10.5,0.738341,1,0.738341,1,0.687204,1,0.808692,1,y2
11,10.512,0.734879,1,0.734879,1,0.681696,1,0.801664,1,y2
11,10.628,0.702094,1,0.702094,1,0.632257,1,0.736026,1,y2
11,10.6769347154184,0.688511,1,0.688511,1,0.613171,1,0.709256,1,y2
11,10.744,0.66995,1,0.66995,1,0.588098,1,0.673767,1,y2
11,10.86,0.63749,1,0.63749,1,0.547131,1,0.616024,1,y2
11,10.9136303719849,0.622741,1,0.622741,1,0.529888,1,0.590862,1,y2
11,10.976,0.605893,1,0.605893,1,0.510859,1,0.562853,1,y2
11,11,0.599464,1,0.599464,1,0.503766,1,0.552414,1,y2
11,11.092,0.574966,1,0.574966,1,0.477853,1,0.51399,1,y2
11,11.1555733055397,0.558142,1,0.558142,1,0.460919,1,0.489163,1,y2
11,11.208,0.544331,1,0.544331,1,0.447806,1,0.469588,1,y2
11,11.324,0.514434,1,0.514434,1,0.421233,1,0.42947,1,y2
11,11.4028798423229,0.494604,1,0.494604,1,0.404631,1,0.404508,1,y2
11,11.44,0.485351,1,0.485351,1,0.397225,1,0.393355,1,y2
11,11.5,0.470516,1,0.470516,1,0.385857,1,0.376091,1,y2
11,11.556,0.456807,1,0.456807,1,0.375914,1,0.36079,1,y2
11,11.6556688873968,0.432853,1,0.432853,1,0.35893,1,0.335384,1,y2
11,11.672,0.429,1,0.429,1,0.356302,1,0.331433,1,y2
11,11.788,0.402047,1,0.402047,1,0.338755,1,0.304694,1,y2
11,11.904,0.375712,1,0.375712,1,0.322939,1,0.280919,1,y2
11,11.9140619818156,0.373466,1,0.373466,1,0.321639,1,0.278975,1,y2
11,12,0.354517,1,0.354517,1,0.311088,1,0.263101,1,y2
11,12.02,0.350164,1,0.350164,1,0.308727,1,0.259587,1,y2
11,12.136,0.325353,1,0.325353,1,0.295657,1,0.240373,1,y2
11,12.178183361062,0.316541,1,0.316541,1,0.291187,1,0.233861,1,y2
11,12.252,0.301331,1,0.301331,1,0.283704,1,0.223029,1,y2
11,12.368,0.277571,1,0.277571,1,0.272735,1,0.207343,1,y2
11,12.4481600147799,0.261339,1,0.261339,1,0.26564,1,0.197378,1,y2
11,12.484,0.254544,1,0.254544,1,0.262587,1,0.193135,1,y2
11,12.5,0.251584,1,0.251584,1,0.261247,1,0.19128,1,y2
11,12.6,0.233255,1,0.233255,1,0.253171,1,0.180204,1,y2
11,12.716,0.211937,1,0.211937,1,0.244363,1,0.168417,1,y2
11,12.7241217478313,0.210471,1,0.210471,1,0.243766,1,0.167629,1,y2
11,12.832,0.1911,1,0.1911,1,0.236059,1,0.157605,1,y2
11,12.948,0.170529,1,0.170529,1,0.228164,1,0.147622,1,y2
11,13,0.161807,1,0.161807,1,0.224747,1,0.143384,1,y2
11,13.006201242706,0.16076,1,0.16076,1,0.224344,1,0.142888,1,y2
11,13.064,0.150991,1,0.150991,1,0.220632,1,0.13835,1,y2
11,13.18,0.132104,1,0.132104,1,0.213398,1,0.129676,1,y2
11,13.2945341233157,0.113715,1,0.113715,1,0.206476,1,0.121629,1,y2
11,13.296,0.113485,1,0.113485,1,0.206388,1,0.121529,1,y2
11,13.412,0.0954583,1,0.0954583,1,0.199468,1,0.113757,1,y2
11,13.5,0.0818833,1,0.0818833,1,0.194201,1,0.107982,1,y2
11,13.528,0.077696,1,0.077696,1,0.192552,1,0.106178,1,y2
11,13.589259020202,0.0686243,1,0.0686243,1,0.189041,1,0.10235,1,y2
11,13.644,0.0604728,1,0.0604728,1,0.186053,1,0.099103,1,y2
11,13.76,0.0435682,1,0.0435682,1,0.180144,1,0.0927165,1,y2
11,13.876,0.0270585,1,0.0270585,1,0.174193,1,0.0863798,1,y2
11,13.8905176371901,0.0249949,1,0.0249949,1,0.173421,1,0.0855721,1,y2
11,13.992,0.0106936,1,0.0106936,1,0.16795,1,0.0799485,1,y2
11,14,0.00959648,1,0.00959648,1,0.167514,1,0.0795077,1,y2
11,14.108,0,1,0,1,0.161545,1,0.0736085,1,y2
11,14.1984548195197,0,1,0,1,0.156557,1,0.0687456,1,y2
11,14.224,0,1,0,1,0.155177,1,0.0673868,1,y2
11,14.34,0,1,0,1,0.149174,1,0.0613087,1,y2
11,14.456,0,1,0,1,0.143263,1,0.0553997,1,y2
11,14.5,0,1,0,1,0.140957,1,0.0532077,1,y2
11,14.513218623487,0,1,0,1,0.140253,1,0.0525547,1,y2
11,14.572,0,1,0,1,0.137094,1,0.0496832,1,y2
11,14.688,0,1,0,1,0.130841,1,0.0441387,1,y2
11,14.804,0,1,0,1,0.124597,1,0.0383352,1,y2
11,14.8349603876301,0,1,0,1,0.122906,1,0.0366821,1,y2
11,14.92,0,1,0,1,0.118163,1,0.0321284,1,y2
11,15,0,1,0,1,0.113692,1,0.0280322,1,y2
11,15.036,0,1,0,1,0.111808,1,0.0262925,1,y2
11,15.152,0,1,0,1,0.106158,1,0.0207302,1,y2
11,15.1638348054925,0,1,0,1,0.10557,1,0.0201544,1,y2
11,15.268,0,1,0,1,0.100176,1,0.0150071,1,y2
11,15.384,0,1,0,1,0.0940043,1,0.00950449,1,y2
11,15.5,0,1,0,1,0.0878625,1,0.00325808,1,y2
12,1,0,1,0,1,0,1,0,1,y2
12,1.02339238252884,0,1,0,1,0,1,0,1,y2
12,1.04733196861806,0,1,0,1,0,1,0,1,y2
12,1.07183155866266,0,1,0,1,0,1,0,1,y2
12,1.09690425248939,0,1,0,1,0,1,0,1,y2
12,1.12256345636113,0,1,0,1,0,1,0,1,y2
12,1.136,0,1,0,1,0,1,0,1,y2
12,1.14882289014523,0,1,0,1,0,1,0,1,y2
12,1.1756965946494,0,1,0,1,0,1,0,1,y2
12,1.2031989391293,0,1,0,1,0,1,0,1,y2
12,1.23134462897171,0,1,0,1,0,1,0,1,y2
12,1.26014871355746,0,1,0,1,0,1,0,1,y2
12,1.272,0,1,0,1,0,1,0,1,y2
12,1.28962659430822,0,1,0,1,0,1,0,1,y2
12,1.31979403292165,0,1,0,1,0,1,0,1,y2
12,1.35066715979904,0,1,0,1,0,1,0,1,y2
12,1.3822624826702,0,1,0,1,0,1,0,1,y2
12,1.408,0,1,0,1,0,1,0,1,y2
12,1.41459689542009,0,1,0,1,0,1,0,1,y2
12,1.44768768712188,0,1,0,1,0,1,0,1,y2
12,1.48155255128133,0,1,0,1,0,1,0,1,y2
12,1.5,0,1,0,1,0,1,0,1,y2
12,1.51620959529748,0,1,0,1,0,1,0,1,y2
12,1.544,0,1,0,1,0,1,0,1,y2
12,1.55167735014459,0,1,0,1,0,1,0,1,y2
12,1.58797478028051,0,1,0,1,0,1,0,1,y2
12,1.62512129378699,0,1,0,1,0,1,0,1,y2
12,1.66313675274702,0,1,0,1,0,1,0,1,y2
12,1.68,0,1,0,1,0,1,0,1,y2
12,1.70204148386506,0,1,0,1,0,1,0,1,y2
12,1.74185628933559,0,1,0,1,0,1,0,1,y2
12,1.782602457966,0,1,0,1,0,1,0,1,y2
12,1.816,0,1,0,1,0,1,0,1,y2
12,1.8243017765596,0,1,0,1,0,1,0,1,y2
12,1.86697654156493,0,1,0,1,0,1,0,1,y2
12,1.9106495709976,0,1,0,1,0,1,0,1,y2
12,1.952,0,1,0,1,0,1,0,1,y2
12,1.95534421664094,0,1,0,1,0,1,0,1,y2
12,2,0,1,0,1,0,1,0,1,y2
12,2.00108437653217,0,1,0,1,0,1,0,1,y2
12,2.0478945077405,0,1,0,1,0,1,0,1,y2
12,2.088,0,1,0,1,0,1,0,1,y2
12,2.09579963944429,0,1,0,1,0,1,0,1,y2
12,2.14482538631398,0,1,0,1,0,1,0,1,y2
12,2.19499796220821,0,1,0,1,0,1,0,1,y2
12,2.224,0,1,0,1,0,1,0,1,y2
12,2.24634419419022,0,1,0,1,0,1,0,1,y2
12,2.29889153687216,0,1,0,1,0,1,0,1,y2
12,2.352668087095,0.185489,1,0.185489,1,0,1,0,1,y2
12,2.36,0.211711,1,0.211711,1,0,1,0,1,y2
12,2.40770259895173,0.371863,1,0.371863,1,0,1,0,1,y2
12,2.4640244991621,0.540604,1,0.540604,1,0,1,0,1,y2
12,2.496,0.628083,1,0.628083,1,0,1,0,1,y2
12,2.5,0.638645,1,0.638645,1,0,1,0,1,y2
12,2.52166390280694,0.69447,1,0.69447,1,0,1,0,1,y2
12,2.58065162943057,0.835641,1,0.835641,1,0,1,0,1,y2
12,2.632,0.947196,1,0.947196,1,0,1,0,1,y2
12,2.6410192195199,0.965818,1,0.965818,1,0,1,0,1,y2
12,2.70279895136894,1.08638,1,1.08638,1,0,1,0,1,y2
12,2.76602385833792,1.19846,1,1.19846,1,0,1,0,1,y2
12,2.768,1.2018,1,1.2018,1,0,1,0,1,y2
12,2.83072774651606,1.30298,0,1.30298,0,0,1,0,1,y2
12,2.89694521279758,1.40071,0,1.40071,0,0,1,0,1,y2
12,2.904,1.41063,0,1.41063,0,0,1,0,1,y2
12,2.96471166338044,1.49231,0,1.49231,0,0,1,0,1,y2
12,3,1.537,0,1.537,0,0,1,0,1,y2
12,3.03406333269796,1.57834,0,1.57834,0,0,1,0,1,y2
12,3.04,1.58537,0,1.58537,0,0,1,0,1,y2
12,3.10503730279317,1.65926,0,1.65926,0,0,1,0,1,y2
12,3.176,1.73385,0,1.73385,0,0,1,0,1,y2
12,3.17767152314644,1.73554,0,1.73554,0,0,1,0,1,y2
12,3.25200483096689,1.80757,0,1.80757,0,0,1,0,1,y2
12,3.312,1.86169,0,1.86169,0,0,1,0,1,y2
12,3.32807697195852,1.87563,0,1.87563,0,0,1,0,1,y2
12,3.40592862157201,1.93992,0,1.93992,0,0,1,0,1,y2
12,3.448,1.97251,0,1.97251,0,0,1,0,1,y2
12,3.48560140675375,2.00043,0,2.00043,0,0,1,0,1,y2
12,3.5,2.01084,0,2.01084,0,0,1,0,1,y2
12,3.56713792820361,2.05749,0,2.05749,0,0,1,0,1,y2
12,3.584,2.06876,0,2.06876,0,0,1,0,1,y2
12,3.6505817831533,2.11156,0,2.11156,0,0,1,0,1,y2
12,3.72,2.15344,0,2.15344,0,0,1,0,1,y2
12,3.73597758867765,2.1627,0,2.1627,0,0,1,0,1,y2
12,3.82337100555118,2.21089,0,2.21089,0,0,1,0,1,y2
12,3.856,2.22781,0,2.22781,0,0,1,0,1,y2
12,3.91280876266273,2.2558,0,2.2558,0,0,1,0,1,y2
12,3.992,2.2919,0,2.2919,0,0,1,0,1,y2
12,4,2.29539,0,2.29539,0,0,1,0,1,y2
12,4.00433868200114,2.29727,0,2.29727,0,0,1,0,1,y2
12,4.09800970422556,2.33582,0,2.33582,0,0,1,0,1,y2
12,4.128,2.34729,0,2.34729,0,0,1,0,1,y2
12,4.19387191483372,2.37081,0,2.37081,0,0,1,0,1,y2
12,4.264,2.39351,0,2.39351,0,0,1,0,1,y2
12,4.29197657094248,2.40198,0,2.40198,0,0,1,0,1,y2
12,4.3923761286948,2.42949,0,2.42949,0,0.437458,1,0.0426515,1,y2
12,4.4,2.43138,0,2.43138,0,0.469851,1,0.0881474,1,y2
12,4.49512427130779,2.45287,0,2.45287,0,0.797907,1,0.527822,1,y2
12,4.5,2.45388,0,2.45388,0,0.811782,1,0.54568,1,y2
12,4.536,2.46103,0,2.46103,0,0.907644,1,0.666983,1,y2
12,4.60027593777691,2.47233,0,2.47233,0,1.0549,1,0.847947,1,y2
12,4.672,2.48266,0,2.48266,0,1.1915,1,1.01192,1,y2
12,4.70788735225163,2.48703,0,2.48703,0,1.25125,1,1.08262,1,y2
12,4.808,2.49624,0,2.49624,0,1.39444,0,1.25025,1,y2
12,4.8180160540982,2.49694,0,2.49694,0,1.40716,0,1.26514,1,y2
12,4.93072092866578,2.5019,0,2.5019,0,1.53423,0,1.41147,0,y2
12,4.944,2.50213,0,2.50213,0,1.5475,0,1.42656,0,y2
12,5,2.50237,0,2.50237,0,1.6001,0,1.4861,0,y2
12,5.0460622387721,2.50161,0,2.50161,0,1.63968,0,1.53064,0,y2
12,5.08,2.50049,0,2.50049,0,1.66692,0,1.56118,0,y2
12,5.16410165692581,2.49584,0,2.49584,0,1.72824,0,1.6296,0,y2
12,5.216,2.49158,0,2.49158,0,1.76217,0,1.66729,0,y2
12,5.28490229830245,2.4845,0,2.4845,0,1.80319,0,1.7127,0,y2
12,5.352,2.47608,0,2.47608,0,1.83918,0,1.75244,0,y2
12,5.40852875449191,2.46785,0,2.46785,0,1.86676,0,1.78286,0,y2
12,5.488,2.4545,0,2.4545,0,1.90174,0,1.8214,0,y2
12,5.5,2.45231,0,2.45231,0,1.90666,0,1.82682,0,y2
12,5.53504712803523,2.44562,0,2.44562,0,1.92052,0,1.8421,0,y2
12,5.624,2.42695,0,2.42695,0,1.95245,0,1.87738,0,y2
12,5.66452506776941,2.41766,0,2.41766,0,1.96556,0,1.8919,0,y2
12,5.76,2.39399,0,2.39399,0,1.99314,0,1.9226,0,y2
12,5.7970318049989,2.38415,0,2.38415,0,2.00268,0,1.93326,0,y2
12,5.896,2.35623,0,2.35623,0,2.0252,0,1.9586,0,y2
12,5.9326381905133,2.34534,0,2.34534,0,2.03247,0,1.96687,0,y2
12,6,2.32459,0,2.32459,0,2.04438,0,1.9806,0,y2
12,6.032,2.31442,0,2.31442,0,2.04937,0,1.98647,0,y2
12,6.07141673247102,2.30162,0,2.30162,0,2.05495,0,1.99315,0,y2
12,6.168,2.26912,0,2.26912,0,2.06594,0,2.00699,0,y2
12,6.213441635169,2.25332,0,2.25332,0,2.06985,0,2.0123,0,y2
12,6.304,2.22095,0,2.22095,0,2.0754,0,2.02067,0,y2
12,6.35878883871952,2.20084,0,2.20084,0,2.07742,0,2.02434,0,y2
12,6.44,2.1704,0,2.1704,0,2.07873,0,2.02791,0,y2
12,6.5,2.14747,0,2.14747,0,2.07843,0,2.02913,0,y2
12,6.50753605965499,2.14457,0,2.14457,0,2.07829,0,2.0292,0,y2
12,6.576,2.11796,0,2.11796,0,2.07605,0,2.029,0,y2
12,6.65976283248268,2.08491,0,2.08491,0,2.07097,0,2.02671,0,y2
12,6.712,2.06405,0,2.06405,0,2.06659,0,2.02416,0,y2
12,6.81555055221149,2.02224,0,2.02224,0,2.05503,0,2.01661,0,y2
12,6.848,2.00903,0,2.00903,0,2.05062,0,2.01356,0,y2
12,6.97498251787349,1.95696,0,1.95696,0,2.02997,0,1.99868,0,y2
12,6.984,1.95324,0,1.95324,0,2.02832,0,1.99744,0,y2
12,7,1.94664,0,1.94664,0,2.02534,0,1.99519,0,y2
12,7.12,1.89695,0,1.89695,0,2.00053,0,1.97596,0,y2
12,7.13814397706359,1.88942,0,1.88942,0,1.99642,0,1.97269,0,y2
12,7.256,1.84043,0,1.84043,0,1.96748,0,1.94929,0,y2
12,7.30512217152102,1.81999,0,1.81999,0,1.95431,0,1.93846,0,y2
12,7.392,1.78389,0,1.78389,0,1.92948,0,1.91777,0,y2
12,7.47600638377717,1.74906,0,1.74906,0,1.90365,0,1.89589,0,y2
12,7.5,1.73913,0,1.73913,0,1.89592,0,1.88933,0,y2
12,7.528,1.72755,0,1.72755,0,1.88672,0,1.88151,0,y2
12,7.65088798489457,1.67697,0,1.67697,0,1.84388,0,1.84537,0,y2
12,7.664,1.67159,0,1.67159,0,1.83909,0,1.84134,0,y2
12,7.8,1.61618,0,1.61618,0,1.78716,0,1.7969,0,y2
12,7.82986048332255,1.60411,0,1.60411,0,1.77527,0,1.78653,0,y2
12,7.936,1.56149,0,1.56149,0,1.73168,0,1.74889,0,y2
12,8,1.53604,0,1.53604,0,1.70438,0,1.72529,0,y2
12,8.01301957489591,1.53089,0,1.53089,0,1.69874,0,1.72035,0,y2
12,8.072,1.50765,0,1.50765,0,1.67277,0,1.69757,0,y2
12,8.20046319400299,1.45769,0,1.45769,0,1.61421,0,1.64621,0,y2
12,8.208,1.45479,0,1.45479,0,1.6107,0,1.64312,0,y2
12,8.344,1.40306,0,1.40306,0,1.54611,0,1.58567,0,y2
12,8.39229156595081,1.38499,0,1.38499,0,1.52263,0,1.5647,0,y2
12,8.48,1.3526,0,1.3526,0,1.47935,0,1.52585,0,y2
12,8.5,1.34529,0,1.34529,0,1.46938,0,1.51684,0,y2
12,8.58860726055512,1.31328,0,1.31328,0,1.42476,0,1.47639,0,y2
12,8.616,1.30351,0,1.30351,0,1.41085,0,1.46371,0,y2
12,8.752,1.25594,1,1.25594,1,1.34104,0,1.39972,0,y2
12,8.78951524698403,1.24309,1,1.24309,1,1.32159,0,1.38182,0,y2
12,8.888,1.20998,1,1.20998,1,1.27026,0,1.33446,0,y2
12,8.99512294988458,1.17498,1,1.17498,1,1.21414,1,1.28249,0,y2
12,9,1.17341,1,1.17341,1,1.21159,1,1.28011,0,y2
12,9.024,1.16574,1,1.16574,1,1.199,1,1.26839,1,y2
12,9.16,1.12331,1,1.12331,1,1.12775,1,1.20124,1,y2
12,9.20554030682226,1.10952,1,1.10952,1,1.10402,1,1.17907,1,y2
12,9.296,1.08275,1,1.08275,1,1.0572,1,1.13518,1,y2
12,9.42087982706414,1.04706,1,1.04706,1,0.993456,1,1.07426,1,y2
12,9.432,1.04394,1,1.04394,1,0.987836,1,1.06888,1,y2
12,9.5,1.025,1,1.025,1,0.953709,1,1.03613,1,y2
12,9.568,1.00612,1,1.00612,1,0.920057,1,1.00359,1,y2
12,9.64125665173709,0.985676,1,0.985676,1,0.88445,1,0.968887,1,y2
12,9.704,0.967988,1,0.967988,1,0.854722,1,0.939511,1,y2
12,9.84,0.928793,1,0.928793,1,0.792463,1,0.877128,1,y2
12,9.86678861539328,0.920996,1,0.920996,1,0.780499,1,0.86507,1,y2
12,9.976,0.889616,1,0.889616,1,0.733068,1,0.816795,1,y2
12,10,0.882827,1,0.882827,1,0.723043,1,0.806397,1,y2
12,10.0975963090158,0.85499,1,0.85499,1,0.683567,1,0.765001,1,y2
12,10.112,0.850797,1,0.850797,1,0.677886,1,0.758971,1,y2
12,10.248,0.810155,1,0.810155,1,0.62585,1,0.703639,1,y2
12,10.3338031444981,0.785944,1,0.785944,1,0.595513,1,0.670177,1,y2
12,10.384,0.772037,1,0.772037,1,0.57869,1,0.651146,1,y2
12,10.5,0.738521,1,0.738521,1,0.541136,1,0.608745,1,y2
12,10.52,0.732698,1,0.732698,1,0.535004,1,0.601657,1,y2
12,10.575535420632,0.7168,1,0.7168,1,0.518711,1,0.582324,1,y2
12,10.656,0.694195,1,0.694195,1,0.496291,1,0.555239,1,y2
12,10.792,0.656541,1,0.656541,1,0.460822,1,0.511988,1,y2
12,10.8229223906388,0.647943,1,0.647943,1,0.453241,1,0.502596,1,y2
12,10.928,0.618786,1,0.618786,1,0.429091,1,0.471884,1,y2
12,11,0.599329,1,0.599329,1,0.413678,1,0.451942,1,y2
12,11.064,0.582305,1,0.582305,1,0.400725,1,0.434942,1,y2
12,11.0760963312806,0.5791,1,0.5791,1,0.398368,1,0.431806,1,y2
12,11.2,0.54648,1,0.54648,1,0.376016,1,0.401045,1,y2
12,11.3351926135882,0.511514,1,0.511514,1,0.353688,1,0.370251,1,y2
12,11.336,0.511309,1,0.511309,1,0.353564,1,0.370076,1,y2
12,11.472,0.47739,1,0.47739,1,0.334123,1,0.341962,1,y2
12,11.5,0.4705,1,0.4705,1,0.330435,1,0.336495,1,y2
12,11.6003497752434,0.446088,1,0.446088,1,0.31807,1,0.317671,1,y2
12,11.608,0.444248,1,0.444248,1,0.317176,1,0.316291,1,y2
12,11.744,0.412114,1,0.412114,1,0.302514,1,0.293461,1,y2
12,11.8717095946543,0.382983,1,0.382983,1,0.290257,1,0.273945,1,y2
12,11.88,0.381117,1,0.381117,1,0.289506,1,0.272705,1,y2
12,12,0.354491,1,0.354491,1,0.279497,1,0.256113,1,y2
12,12.016,0.351007,1,0.351007,1,0.278263,1,0.254168,1,y2
12,12.1494171667638,0.322524,1,0.322524,1,0.268719,1,0.23823,1,y2
12,12.152,0.321982,1,0.321982,1,0.268547,1,0.237901,1,y2
12,12.288,0.29395,1,0.29395,1,0.260062,1,0.221822,1,y2
12,12.424,0.266848,1,0.266848,1,0.252737,1,0.208271,1,y2
12,12.4336209806312,0.26494,1,0.26494,1,0.252261,1,0.207361,1,y2
12,12.5,0.251657,1,0.251657,1,0.249094,1,0.201253,1,y2
12,12.56,0.23967,1,0.23967,1,0.246404,1,0.196085,1,y2
12,12.696,0.215383,1,0.215383,1,0.24087,1,0.185385,1,y2
12,12.7244729988288,0.210379,1,0.210379,1,0.239801,1,0.18318,1,y2
12,12.832,0.191175,1,0.191175,1,0.23603,1,0.174832,1,y2
12,12.968,0.168649,1,0.168649,1,0.231646,1,0.165735,1,y2
12,13,0.163394,1,0.163394,1,0.230744,1,0.163926,1,y2
12,13.0221287386953,0.159542,1,0.159542,1,0.230114,1,0.162657,1,y2
12,13.104,0.14482,1,0.14482,1,0.227937,1,0.157732,1,y2
12,13.24,0.122119,1,0.122119,1,0.224636,1,0.150345,1,y2
12,13.3267473554907,0.108071,1,0.108071,1,0.222705,1,0.145554,1,y2
12,13.376,0.100135,1,0.100135,1,0.221663,1,0.143102,1,y2
12,13.5,0.0815225,1,0.0815225,1,0.219197,1,0.137107,1,y2
12,13.512,0.0796983,1,0.0796983,1,0.21897,1,0.136581,1,y2
12,13.6384917274956,0.0610869,1,0.0610869,1,0.216672,1,0.13133,1,y2
12,13.648,0.0597012,1,0.0597012,1,0.216506,1,0.130936,1,y2
12,13.784,0.0399734,1,0.0399734,1,0.214223,1,0.125522,1,y2
12,13.92,0.0206012,1,0.0206012,1,0.212095,1,0.120536,1,y2
12,13.9575285431017,0.015364,1,0.015364,1,0.21153,1,0.119162,1,y2
12,14,0.00953608,1,0.00953608,1,0.210902,1,0.117655,1,y2
12,14.056,0.00183893,1,0.00183893,1,0.210088,1,0.115726,1,y2
12,14.192,0,1,0,1,0.208159,1,0.111234,1,y2
12,14.2840283899392,0,1,0,1,0.206875,1,0.108499,1,y2
12,14.328,0,1,0,1,0.206263,1,0.107145,1,y2
12,14.464,0,1,0,1,0.204391,1,0.102961,1,y2
12,14.5,0,1,0,1,0.203904,1,0.101892,1,y2
12,14.6,0,1,0,1,0.202571,1,0.0989816,1,y2
12,14.6181658460895,0,1,0,1,0.202332,1,0.098462,1,y2
12,14.736,0,1,0,1,0.200797,1,0.0951642,1,y2
12,14.872,0,1,0,1,0.198989,1,0.091449,1,y2
12,14.9601195734313,0,1,0,1,0.197769,1,0.0890833,1,y2
12,15,0,1,0,1,0.1972,1,0.0880215,1,y2
12,15.008,0,1,0,1,0.197086,1,0.0878091,1,y2
12,15.144,0,1,0,1,0.195194,1,0.0842325,1,y2
12,15.28,0,1,0,1,0.193487,1,0.0807109,1,y2
12,15.3100724131702,0,1,0,1,0.193146,1,0.0799392,1,y2
12,15.416,0,1,0,1,0.191967,1,0.077231,1,y2
12,15.5,0,1,0,1,0.190961,1,0.0750831,1,y2
12,15.552,0,1,0,1,0.190283,1,0.0737533,1,y2
12,15.6682114836034,0,1,0,1,0.188556,1,0.0707828,1,y2
12,15.688,0,1,0,1,0.188241,1,0.0702773,1,y2
12,15.824,0,1,0,1,0.186069,1,0.0668052,1,y2
12,15.96,0,1,0,1,0.184008,1,0.0633303,1,y2
12,16,0,1,0,1,0.183442,1,0.0623089,1,y2
12,16.0347282801707,0,1,0,1,0.182949,1,0.0614256,1,y2
12,16.096,0,1,0,1,0.182071,1,0.0598756,1,y2
12,16.232,0,1,0,1,0.180045,1,0.0564687,1,y2
12,16.368,0,1,0,1,0.177832,1,0.053049,1,y2
12,16.4098187778465,0,1,0,1,0.177098,1,0.0519911,1,y2
12,16.5,0,1,0,1,0.175408,1,0.0496879,1,y2
12,16.504,0,1,0,1,0.175329,1,0.0495849,1,y2
12,16.64,0,1,0,1,0.172769,1,0.0460478,1,y2
12,16.776,0,1,0,1,0.170645,1,0.0424703,1,y2
12,16.7936835359269,0,1,0,1,0.17037,1,0.0420033,1,y2
12,16.912,0,1,0,1,0.168337,1,0.0388521,1,y2
12,17,0,1,0,1,0.166613,1,0.0364628,1,y2
12,17.048,0,1,0,1,0.16563,1,0.0351421,1,y2
12,17.184,0,1,0,1,0.162745,1,0.0313042,1,y2
12,17.1865278052676,0,1,0,1,0.162691,1,0.0312314,1,y2
12,17.32,0,1,0,1,0.159981,1,0.0273462,1,y2
12,17.456,0,1,0,1,0.157663,1,0.0234356,1,y2
12,17.5,0,1,0,1,0.156834,1,0.0221831,1,y2
12,17.588561638031,0,1,0,1,0.154951,1,0.0196633,1,y2
12,17.592,0,1,0,1,0.154871,1,0.0195655,1,y2
12,17.728,0,1,0,1,0.151546,1,0.0156896,1,y2
12,17.864,0,1,0,1,0.149017,1,0.0117135,1,y2
12,18,0,1,0,1,0.145809,1,0.00763054,1,y2
13,1,0,1,0,1,0,1,0,1,y2
13,1.02361672632689,0,1,0,1,0,1,0,1,y2
13,1.04779120241618,0,1,0,1,0,1,0,1,y2
13,1.07253660049137,0,1,0,1,0,1,0,1,y2
13,1.09786640386075,0,1,0,1,0,1,0,1,y2
13,1.12379441426421,0,1,0,1,0,1,0,1,y2
13,1.14,0,1,0,1,0,1,0,1,y2
13,1.15033475939358,0,1,0,1,0,1,0,1,y2
13,1.17750190059049,0,1,0,1,0,1,0,1,y2
13,1.20531064072613,0,1,0,1,0,1,0,1,y2
13,1.23377613226705,0,1,0,1,0,1,0,1,y2
13,1.26291388553145,0,1,0,1,0,1,0,1,y2
13,1.28,0,1,0,1,0,1,0,1,y2
13,1.29273977714047,0,1,0,1,0,1,0,1,y2
13,1.32327005866909,0,1,0,1,0,1,0,1,y2
13,1.35452136550124,0,1,0,1,0,1,0,1,y2
13,1.38651072589421,0,1,0,1,0,1,0,1,y2
13,1.41925557025695,0,1,0,1,0,1,0,1,y2
13,1.42,0,1,0,1,0,1,0,1,y2
13,1.45277374064763,0,1,0,1,0,1,0,1,y2
13,1.4870835004954,0,1,0,1,0,1,0,1,y2
13,1.5,0,1,0,1,0,1,0,1,y2
13,1.52220354455183,0,1,0,1,0,1,0,1,y2
13,1.55815300907734,0,1,0,1,0,1,0,1,y2
13,1.56,0,1,0,1,0,1,0,1,y2
13,1.59495148226814,0,1,0,1,0,1,0,1,y2
13,1.63261901492953,0,1,0,1,0,1,0,1,y2
13,1.6711761314012,0,1,0,1,0,1,0,1,y2
13,1.7,0,1,0,1,0,1,0,1,y2
13,1.71064384074053,0,1,0,1,0,1,0,1,y2
13,1.75104364817009,0,1,0,1,0,1,0,1,y2
13,1.79239756679536,0,1,0,1,0,1,0,1,y2
13,1.83472812959935,0,1,0,1,0,1,0,1,y2
13,1.84,0,1,0,1,0,1,0,1,y2
13,1.87805840172035,0,1,0,1,0,1,0,1,y2
13,1.92241199301969,0,1,0,1,0,1,0,1,y2
13,1.96781307094637,0,1,0,1,0,1,0,1,y2
13,1.98,0,1,0,1,0,1,0,1,y2
13,2,0,1,0,1,0,1,0,1,y2
13,2.01428637370539,0,1,0,1,0,1,0,1,y2
13,2.06185722373718,0,1,0,1,0,1,0,1,y2
13,2.1105515415153,0,1,0,1,0,1,0,1,y2
13,2.12,0,1,0,1,0,1,0,1,y2
13,2.16039585967007,0,1,0,1,0,1,0,1,y2
13,2.21141733744564,0,1,0,1,0,1,0,1,y2
13,2.26,0,1,0,1,0.0778282,1,0.0800332,1,y2
13,2.26364377549864,0,1,0,1,0.0846599,1,0.0869288,1,y2
13,2.31710363104616,0.0516059,1,0.0516059,1,0.181674,1,0.184789,1,y2
13,2.37182603337162,0.253253,1,0.253253,1,0.27528,1,0.279063,1,y2
13,2.4,0.347322,1,0.347322,1,0.321408,1,0.325465,1,y2
13,2.42784079969675,0.434668,1,0.434668,1,0.365662,1,0.370001,1,y2
13,2.48517845142845,0.599231,1,0.599231,1,0.452921,1,0.457835,1,y2
13,2.5,0.638781,1,0.638781,1,0.474665,1,0.479729,1,y2
13,2.54,0.740117,1,0.740117,1,0.531799,1,0.537257,1,y2
13,2.54387023078932,0.749529,1,0.749529,1,0.537197,1,0.542705,1,y2
13,2.603948117841,0.887595,1,0.887595,1,0.618678,1,0.624748,1,y2
13,2.66544484790947,1.01503,1,1.01503,1,0.697391,1,0.704056,1,y2
13,2.68,1.04338,1,1.04338,1,0.715362,1,0.722176,1,y2
13,2.72839392942197,1.13313,1,1.13313,1,0.773401,1,0.780725,1,y2
13,2.79282966216508,1.24303,1,1.24303,1,0.846798,1,0.854821,1,y2
13,2.82,1.28641,0,1.28641,0,0.876485,1,0.884811,1,y2
13,2.85878715597406,1.34556,0,1.34556,0,0.917631,1,0.926401,1,y2
13,2.92630234986353,1.44149,0,1.44149,0,0.98596,1,0.995499,1,y2
13,2.96,1.48631,0,1.48631,0,1.01857,1,1.0285,1,y2
13,2.99541203160999,1.53139,0,1.53139,0,1.0518,1,1.06215,1,y2
13,3,1.53709,0,1.53709,0,1.05603,1,1.06643,1,y2
13,3.0661538577968,1.61592,0,1.61592,0,1.11516,1,1.12635,1,y2
13,3.1,1.65388,0,1.65388,0,1.14409,1,1.1557,1,y2
13,3.13856637433253,1.69541,0,1.69541,0,1.17599,1,1.18809,1,y2
13,3.21268903745392,1.7703,0,1.7703,0,1.23427,1,1.24734,1,y2
13,3.24,1.79628,0,1.79628,0,1.25476,1,1.2682,1,y2
13,3.28856223522488,1.84085,0,1.84085,0,1.28991,0,1.30403,0,y2
13,3.36622730954313,1.90756,0,1.90756,0,1.34283,0,1.35806,0,y2
13,3.38,1.9189,0,1.9189,0,1.35179,0,1.36723,0,y2
13,3.44572657866672,1.97055,0,1.97055,0,1.39285,0,1.4093,0,y2
13,3.5,2.01066,0,2.01066,0,1.42465,0,1.44197,0,y2
13,3.52,2.02493,0,2.02493,0,1.43588,0,1.45354,0,y2
13,3.52710336027238,2.02992,0,2.02992,0,1.43981,0,1.45759,0,y2
13,3.61040199505859,2.086,0,2.086,0,1.48347,0,1.50269,0,y2
13,3.66,2.11728,0,2.11728,0,1.50736,0,1.52748,0,y2
13,3.69566787090595,2.13881,0,2.13881,0,1.52356,0,1.54436,0,y2
13,3.78294744760822,2.18871,0,2.18871,0,1.55978,0,1.58229,0,y2
13,3.8,2.198,0,2.198,0,1.56628,0,1.58914,0,y2
13,3.8722882821874,2.23552,0,2.23552,0,1.59174,0,1.61612,0,y2
13,3.94,2.26816,0,2.26816,0,1.6125,0,1.63839,0,y2
13,3.96373905480664,2.27897,0,2.27897,0,1.61907,0,1.6455,0,y2
13,4,2.29508,0,2.29508,0,1.62839,0,1.65566,0,y2
13,4.05734959529522,2.31908,0,2.31908,0,1.64136,0,1.66998,0,y2
13,4.08,2.32809,0,2.32809,0,1.64589,0,1.67504,0,y2
13,4.15317091029983,2.3556,0,2.3556,0,1.65818,0,1.68916,0,y2
13,4.22,2.37862,0,2.37862,0,1.66633,0,1.69905,0,y2
13,4.25125521107718,2.38865,0,2.38865,0,1.66914,0,1.70267,0,y2
13,4.35165594194296,2.41798,0,2.41798,0,1.6739,0,1.70997,0,y2
13,4.36,2.4202,0,2.4202,0,1.67401,0,1.71029,0,y2
13,4.45442780939262,2.44276,0,2.44276,0,1.67207,0,1.71095,0,y2
13,4.5,2.45215,0,2.45215,0,1.66918,0,1.70925,0,y2
13,4.55962681190993,2.46311,0,2.46311,0,1.66356,0,1.70498,0,y2
13,4.64,2.4757,0,2.4757,0,1.65273,0,1.69598,0,y2
13,4.66731027047957,2.47936,0,2.47936,0,1.64821,0,1.69216,0,y2
13,4.77753685982017,2.49121,0,2.49121,0,1.62611,0,1.67257,0,y2
13,4.78,2.49142,0,2.49142,0,1.62555,0,1.67206,0,y2
13,4.89036664035518,2.49816,0,2.49816,0,1.59775,0,1.64624,0,y2
13,4.92,2.49915,0,2.49915,0,1.58933,0,1.6385,0,y2
13,5,2.49988,0,2.49988,0,1.5647,0,1.61569,0,y2
13,5.0058610909386,2.49986,0,2.49986,0,1.56281,0,1.6139,0,y2
13,5.06,2.49894,0,2.49894,0,1.54484,0,1.59674,0,y2
13,5.12408314235373,2.49603,0,2.49603,0,1.52257,0,1.57507,0,y2
13,5.2,2.4911,0,2.4911,0,1.49452,0,1.5476,0,y2
13,5.24509721160293,2.48675,0,2.48675,0,1.47698,0,1.5306,0,y2
13,5.34,2.47574,0,2.47574,0,1.43883,0,1.49336,0,y2
13,5.36896923700729,2.47144,0,2.47144,0,1.42697,0,1.48164,0,y2
13,5.48,2.45362,0,2.45362,0,1.38044,0,1.43558,0,y2
13,5.49576671413519,2.45054,0,2.45054,0,1.37374,0,1.42891,0,y2
13,5.5,2.44972,0,2.44972,0,1.37194,0,1.42712,0,y2
13,5.62,2.42514,0,2.42514,0,1.3201,0,1.37553,0,y2
13,5.62555873257936,2.4239,0,2.4239,0,1.31766,0,1.37311,0,y2
13,5.75841601360254,2.39171,0,2.39171,0,1.25909,1,1.31493,0,y2
13,5.76,2.3913,0,2.3913,0,1.25839,1,1.31423,0,y2
13,5.89441094867218,2.35415,0,2.35415,0,1.19872,1,1.25505,1,y2
13,5.9,2.35252,0,2.35252,0,1.19624,1,1.25259,1,y2
13,6,2.32216,0,2.32216,0,1.15214,1,1.20881,1,y2
13,6.03361763890519,2.31152,0,2.31152,0,1.13742,1,1.19419,1,y2
13,6.04,2.30947,0,2.30947,0,1.13464,1,1.19142,1,y2
13,6.17611193544432,2.26415,0,2.26415,0,1.07597,1,1.13303,1,y2
13,6.18,2.26281,0,2.26281,0,1.07431,1,1.13138,1,y2
13,6.32,2.21316,0,2.21316,0,1.01593,1,1.07304,1,y2
13,6.32197148078795,2.21244,0,2.21244,0,1.01512,1,1.07224,1,y2
13,6.46,2.16105,0,2.16105,0,0.95994,1,1.01685,1,y2
13,6.47127575109613,2.15676,0,2.15676,0,0.955546,1,1.01243,1,y2
13,6.5,2.14578,0,2.14578,0,0.944432,1,1.00124,1,y2
13,6.6,2.10699,0,2.10699,0,0.906677,1,0.963123,1,y2
13,6.62410609949561,2.09751,0,2.09751,0,0.897805,1,0.95414,1,y2
13,6.74,2.05141,0,2.05141,0,0.856407,1,0.912111,1,y2
13,6.78054580040769,2.03509,0,2.03509,0,0.84242,1,0.89787,1,y2
13,6.88,1.99472,0,1.99472,0,0.809258,1,0.863996,1,y2
13,6.94068009492287,1.96989,0,1.96989,0,0.789816,1,0.844074,1,y2
13,7,1.9455,0,1.9455,0,0.771384,1,0.825155,1,y2
13,7.02,1.93726,0,1.93726,0,0.765303,1,0.818901,1,y2
13,7.10459623724716,1.90229,0,1.90229,0,0.740329,1,0.79315,1,y2
13,7.16,1.87933,0,1.87933,0,0.724607,1,0.776899,1,y2
13,7.27238354224529,1.83268,0,1.83268,0,0.694258,1,0.745442,1,y2
13,7.3,1.82121,0,1.82121,0,0.687126,1,0.738022,1,y2
13,7.44,1.76314,0,1.76314,0,0.652843,1,0.702266,1,y2
13,7.44413343410668,1.76143,0,1.76143,0,0.651879,1,0.701257,1,y2
13,7.5,1.73832,0,1.73832,0,0.639128,1,0.687892,1,y2
13,7.58,1.70534,0,1.70534,0,0.621741,1,0.669611,1,y2
13,7.61993949616083,1.68893,0,1.68893,0,0.613423,1,0.660856,1,y2
13,7.72,1.648,0,1.648,0,0.5937,1,0.640009,1,y2
13,7.79989752186913,1.61558,0,1.61558,0,0.579072,1,0.62447,1,y2
13,7.86,1.59134,0,1.59134,0,0.568679,1,0.613408,1,y2
13,7.98410556702091,1.54178,0,1.54178,0,0.548968,1,0.592248,1,y2
13,8,1.53549,0,1.53549,0,0.546606,1,0.589702,1,y2
13,8.14,1.48063,0,1.48063,0,0.527324,1,0.568817,1,y2
13,8.17266400316225,1.46799,0,1.46799,0,0.523236,1,0.564342,1,y2
13,8.28,1.42689,0,1.42689,0,0.510799,1,0.550652,1,y2
13,8.36567557228656,1.39464,0,1.39464,0,0.501973,1,0.540826,1,y2
13,8.42,1.37446,0,1.37446,0,0.496885,1,0.535097,1,y2
13,8.5,1.34512,0,1.34512,0,0.490059,1,0.527342,1,y2
13,8.56,1.32342,0,1.32342,0,0.485454,1,0.522057,1,y2
13,8.56324544281681,1.32225,0,1.32225,0,0.485218,1,0.521783,1,y2
13,8.7,1.27392,0,1.27392,0,0.476401,1,0.511422,1,y2
13,8.76548126690981,1.25138,1,1.25138,1,0.472952,1,0.507243,1,y2
13,8.84,1.22618,1,1.22618,1,0.469609,1,0.503084,1,y2
13,8.97249323911391,1.18253,1,1.18253,1,0.465173,1,0.497207,1,y2
13,8.98,1.1801,1,1.1801,1,0.464978,1,0.496931,1,y2
13,9,1.17367,1,1.17367,1,0.464487,1,0.496226,1,y2
13,9.12,1.13598,1,1.13598,1,0.462387,1,0.492861,1,y2
13,9.18439415641194,1.11641,1,1.11641,1,0.46183,1,0.491642,1,y2
13,9.26,1.09393,1,1.09393,1,0.461673,1,0.490723,1,y2
13,9.4,1.05361,1,1.05361,1,0.462769,1,0.490437,1,y2
13,9.40129947968222,1.05324,1,1.05324,1,0.462787,1,0.490442,1,y2
13,9.5,1.02579,1,1.02579,1,0.46458,1,0.491285,1,y2
13,9.54,1.01478,1,1.01478,1,0.465528,1,0.49186,1,y2
13,9.62332739661101,0.991673,1,0.991673,1,0.467907,1,0.493486,1,y2
13,9.68,0.975581,1,0.975581,1,0.469832,1,0.494911,1,y2
13,9.82,0.935444,1,0.935444,1,0.475592,1,0.499472,1,y2
13,9.85059888609085,0.926821,1,0.926821,1,0.477032,1,0.50066,1,y2
13,9.96,0.895874,1,0.895874,1,0.482676,1,0.505447,1,y2
13,10,0.884313,1,0.884313,1,0.484932,1,0.507401,1,y2
13,10.0832377841396,0.859667,1,0.859667,1,0.489946,1,0.511796,1,y2
13,10.1,0.854717,1,0.854717,1,0.491006,1,0.512734,1,y2
13,10.24,0.814665,1,0.814665,1,0.500487,1,0.521232,1,y2
13,10.3213708513766,0.791325,1,0.791325,1,0.506484,1,0.526695,1,y2
13,10.38,0.774423,1,0.774423,1,0.511017,1,0.530855,1,y2
13,10.5,0.740206,1,0.740206,1,0.520814,1,0.539922,1,y2
13,10.52,0.734548,1,0.734548,1,0.522512,1,0.541503,1,y2
13,10.5651278420919,0.721826,1,0.721826,1,0.526407,1,0.545138,1,y2
13,10.66,0.695179,1,0.695179,1,0.534875,1,0.553086,1,y2
13,10.8,0.65614,1,0.65614,1,0.54802,1,0.565516,1,y2
13,10.8146415749472,0.652106,1,0.652106,1,0.549437,1,0.566862,1,y2
13,10.94,0.617921,1,0.617921,1,0.561864,1,0.578712,1,y2
13,11,0.601762,1,0.601762,1,0.56799,1,0.584581,1,y2
13,11.0700480053462,0.583033,1,0.583033,1,0.575276,1,0.591584,1,y2
13,11.08,0.580386,1,0.580386,1,0.576323,1,0.592592,1,y2
13,11.22,0.543708,1,0.543708,1,0.591326,1,0.607083,1,y2
13,11.331486299514,0.515192,1,0.515192,1,0.603617,1,0.619014,1,y2
13,11.36,0.50799,1,0.50799,1,0.606804,1,0.622116,1,y2
13,11.5,0.473216,1,0.473216,1,0.622686,1,0.63763,1,y2
13,11.5,0.473216,1,0.473216,1,0.622686,1,0.63763,1,y2
13,11.5990989103265,0.449242,1,0.449242,1,0.634137,1,0.648861,1,y2
13,11.64,0.439505,1,0.439505,1,0.638906,1,0.65355,1,y2
13,11.78,0.406846,1,0.406846,1,0.655386,1,0.669808,1,y2
13,11.8730316549302,0.385705,1,0.385705,1,0.666058,1,0.680477,1,y2
13,11.92,0.375235,1,0.375235,1,0.670808,1,0.685392,1,y2
13,12,0.357701,1,0.357701,1,0.677449,1,0.692643,1,y2
13,12.06,0.344726,1,0.344726,1,0.680843,1,0.696841,1,y2
13,12.1534337941952,0.324908,1,0.324908,1,0.681956,1,0.700216,1,y2
13,12.2,0.315314,1,0.315314,1,0.680539,1,0.700025,1,y2
13,12.34,0.287605,1,0.287605,1,0.669739,1,0.691229,1,y2
13,12.4404581140447,0.267188,1,0.267188,1,0.65623,1,0.679111,1,y2
13,12.48,0.259387,1,0.259387,1,0.649607,1,0.673269,1,y2
13,12.5,0.255512,1,0.255512,1,0.645974,1,0.670066,1,y2
13,12.62,0.232895,1,0.232895,1,0.620281,1,0.647491,1,y2
13,12.7342610087053,0.212278,1,0.212278,1,0.589802,1,0.619737,1,y2
13,12.76,0.207938,1,0.207938,1,0.582152,1,0.612527,1,y2
13,12.9,0.183329,1,0.183329,1,0.535591,1,0.568649,1,y2
13,13,0.165298,1,0.165298,1,0.497448,1,0.533158,1,y2
13,13.0350025659231,0.159358,1,0.159358,1,0.4832,1,0.51994,1,y2
13,13.04,0.158523,1,0.158523,1,0.481127,1,0.518021,1,y2
13,13.18,0.135039,1,0.135039,1,0.41914,1,0.460609,1,y2
13,13.32,0.113259,1,0.113259,1,0.34997,1,0.393498,1,y2
13,13.3428466541928,0.109737,1,0.109737,1,0.338234,1,0.381909,1,y2
13,13.46,0.0917479,1,0.0917479,1,0.276958,1,0.320699,1,y2
13,13.5,0.0856741,1,0.0856741,1,0.255301,1,0.299653,1,y2
13,13.6,0.0716833,1,0.0716833,1,0.199081,1,0.245653,1,y2
13,13.6579610120465,0.0626963,1,0.0626963,1,0.165001,1,0.212032,1,y2
13,13.74,0.0500454,1,0.0500454,1,0.115492,1,0.16245,1,y2
13,13.88,0.029086,1,0.029086,1,0.0279074,1,0.077847,1,y2
13,13.9805173394514,0.0158249,1,0.0158249,1,0,1,0.015179,1,y2
13,14,0.0132994,1,0.0132994,1,0,1,0.00302667,1,y2
13,14.02,0.01065,1,0.01065,1,0,1,0,1,y2
13,14.16,0,1,0,1,0,1,0,1,y2
13,14.3,0,1,0,1,0,1,0,1,y2
13,14.3106913913656,0,1,0,1,0,1,0,1,y2
13,14.44,0,1,0,1,0,1,0,1,y2
13,14.5,0,1,0,1,0,1,0,1,y2
13,14.58,0,1,0,1,0,1,0,1,y2
13,14.648663073504,0,1,0,1,0,1,0,1,y2
13,14.72,0,1,0,1,0,1,0,1,y2
13,14.86,0,1,0,1,0,1,0,1,y2
13,14.9946165403658,0,1,0,1,0,1,0,1,y2
13,15,0,1,0,1,0,1,0,1,y2
13,15,0,1,0,1,0,1,0,1,y2
13,15.14,0,1,0,1,0,1,0,1,y2
13,15.28,0,1,0,1,0,1,0,1,y2
13,15.3487402955763,0,1,0,1,0,1,0,1,y2
13,15.42,0,1,0,1,0,1,0,1,y2
13,15.5,0,1,0,1,0,1,0,1,y2
13,15.56,0,1,0,1,0,1,0,1,y2
13,15.7,0,1,0,1,0,1,0,1,y2
13,15.7112272945994,0,1,0,1,0,1,0,1,y2
13,15.84,0,1,0,1,0,1,0,1,y2
13,15.98,0,1,0,1,0,1,0,1,y2
13,16,0,1,0,1,0,1,0,1,y2
13,16.0822750498756,0,1,0,1,0,1,0,1,y2
13,16.12,0,1,0,1,0,1,0,1,y2
13,16.26,0,1,0,1,0,1,0,1,y2
13,16.4,0,1,0,1,0,1,0,1,y2
13,16.4620857384423,0,1,0,1,0,1,0,1,y2
13,16.5,0,1,0,1,0,1,0,1,y2
13,16.54,0,1,0,1,0,1,0,1,y2
13,16.68,0,1,0,1,0,1,0,1,y2
13,16.82,0,1,0,1,0,1,0,1,y2
13,16.8508663120969,0,1,0,1,0,1,0,1,y2
13,16.96,0,1,0,1,0,1,0,1,y2
13,17,0,1,0,1,0,1,0,1,y2
13,17.1,0,1,0,1,0,1,0,1,y2
13,17.24,0,1,0,1,0,1,0,1,y2
13,17.2488286101607,0,1,0,1,0,1,0,1,y2
13,17.38,0,1,0,1,0,1,0,1,y2
13,17.5,0,1,0,1,0,1,0,1,y2
13,17.52,0,1,0,1,0,1,0,1,y2
13,17.6561894749063,0,1,0,1,0,1,0,1,y2
13,17.66,0,1,0,1,0,1,0,1,y2
13,17.8,0,1,0,1,0,1,0,1,y2
13,17.94,0,1,0,1,0,1,0,1,y2
13,18,0,1,0,1,0,1,0,1,y2
13,18.0731708697109,0,1,0,1,0,1,0,1,y2
13,18.08,0,1,0,1,0,1,0,1,y2
13,18.22,0,1,0,1,0,1,0,1,y2
13,18.36,0,1,0,1,0,1,0,1,y2
13,18.5,0,1,0,1,0,1,0,1,y2
14,1,0,1,0,1,0,1,0,1,y2
14,1.02316176962892,0,1,0,1,0,1,0,1,y2
14,1.04686000683017,0,1,0,1,0,1,0,1,y2
14,1.0711071371421,0,1,0,1,0,1,0,1,y2
14,1.09591587390047,0,1,0,1,0,1,0,1,y2
14,1.12129922490442,0,1,0,1,0,1,0,1,y2
14,1.132,0,1,0,1,0,1,0,1,y2
14,1.14727049923674,0,1,0,1,0,1,0,1,y2
14,1.17384331424211,0,1,0,1,0,1,0,1,y2
14,1.20103160266703,0,1,0,1,0,1,0,1,y2
14,1.22884961996505,0,1,0,1,0,1,0,1,y2
14,1.25731195177126,0,1,0,1,0,1,0,1,y2
14,1.264,0,1,0,1,0,1,0,1,y2
14,1.28643352154987,0,1,0,1,0,1,0,1,y2
14,1.31622959841892,0,1,0,1,0,1,0,1,y2
14,1.34671580515626,0,1,0,1,0,1,0,1,y2
14,1.37790812639091,0,1,0,1,0,1,0,1,y2
14,1.396,0,1,0,1,0,1,0,1,y2
14,1.40982291698419,0,1,0,1,0,1,0,1,y2
14,1.44247691060494,0,1,0,1,0,1,0,1,y2
14,1.4758872285034,0,1,0,1,0,1,0,1,y2
14,1.5,0,1,0,1,0,1,0,1,y2
14,1.51007138848825,0,1,0,1,0,1,0,1,y2
14,1.528,0,1,0,1,0,1,0,1,y2
14,1.54504731411164,0,1,0,1,0,1,0,1,y2
14,1.58083334406686,0,1,0,1,0,1,0,1,y2
14,1.61744824180385,0,1,0,1,0,1,0,1,y2
14,1.6549112053672,0,1,0,1,0,1,0,1,y2
14,1.66,0,1,0,1,0,1,0,1,y2
14,1.69324187746223,0,1,0,1,0,1,0,1,y2
14,1.73246035575404,0,1,0,1,0,1,0,1,y2
14,1.77258720340524,0,1,0,1,0,1,0,1,y2
14,1.792,0,1,0,1,0,1,0,1,y2
14,1.81364345985768,0,1,0,1,0.125343,1,0,1,y2
14,1.85565065186389,0,1,0,1,0.425959,1,0.156233,1,y2
14,1.89863080477411,0,1,0,1,0.694492,1,0.44145,1,y2
14,1.924,0,1,0,1,0.837858,1,0.593182,1,y2
14,1.94260645408465,0,1,0,1,0.936867,1,0.697758,1,y2
14,1.9876006572538,0,1,0,1,1.15762,1,0.930315,1,y2
14,2,0,1,0,1,1.2143,1,0.989903,1,y2
14,2.03363700579139,0,1,0,1,1.36012,0,1.14297,1,y2
14,2.056,0,1,0,1,1.45117,0,1.2384,1,y2
14,2.08073963762837,0,1,0,1,1.54697,0,1.33867,0,y2
14,2.12893324977287,0,1,0,1,1.72024,0,1.51975,0,y2
14,2.17824311125945,0,1,0,1,1.8816,0,1.6881,0,y2
14,2.188,0,1,0,1,1.91183,0,1.7196,0,y2
14,2.22869507639821,0,1,0,1,2.03243,0,1.8452,0,y2
14,2.28031559833084,0,1,0,1,2.17387,0,1.99231,0,y2
14,2.32,0.0627476,1,0.0627476,1,2.27479,0,2.0972,0,y2
14,2.33313174290061,0.113293,1,0.113293,1,2.30681,0,2.13048,0,y2
14,2.38717120284358,0.305062,1,0.305062,1,2.43204,0,2.26057,0,y2
14,2.44246231230862,0.478353,1,0.478353,1,2.55024,0,2.38329,0,y2
14,2.452,0.506227,1,0.506227,1,2.5697,0,2.40348,0,y2
14,2.49903406171362,0.636102,1,0.636102,1,2.66199,0,2.49923,0,y2
14,2.5,0.638645,1,0.638645,1,2.66382,0,2.50113,0,y2
14,2.55691611294585,0.780634,1,0.780634,1,2.76777,0,2.60901,0,y2
14,2.584,0.843218,1,0.843218,1,2.81456,0,2.65759,0,y2
14,2.61613881491436,0.913765,1,0.913765,1,2.86794,0,2.71307,0,y2
14,2.67673321946267,1.03695,1,1.03695,1,2.96261,0,2.81177,0,y2
14,2.716,1.11067,1,1.11067,1,3.02008,0,2.87189,0,y2
14,2.73873109764993,1.15137,1,1.15137,1,3.05205,0,2.90538,0,y2
14,2.80216495640924,1.25801,1,1.25801,1,3.13655,0,2.99398,0,y2
14,2.848,1.32932,0,1.32932,0,3.19352,0,3.05381,0,y2
14,2.86706805559181,1.35769,0,1.35769,0,3.21624,0,3.07769,0,y2
14,2.93347442540585,1.45108,0,1.45108,0,3.29096,0,3.15654,0,y2
14,2.98,1.51191,0,1.51191,0,3.33901,0,3.20822,0,y2
14,3,1.537,0,1.537,0,3.35863,0,3.22951,0,y2
14,3.00141888425942,1.53876,0,1.53876,0,3.36,0,3.23099,0,y2
14,3.07093705701651,1.62122,0,1.62122,0,3.42396,0,3.30082,0,y2
14,3.112,1.66685,0,1.66685,0,3.45882,0,3.33909,0,y2
14,3.14206539367602,1.69892,0,1.69892,0,3.48301,0,3.36561,0,y2
14,3.21484118848333,1.77228,0,1.77228,0,3.53622,0,3.42511,0,y2
14,3.244,1.80008,0,1.80008,0,3.55539,0,3.44679,0,y2
14,3.28930259948453,1.84161,0,1.84161,0,3.58276,0,3.47801,0,y2
14,3.36548866853358,1.90718,0,1.90718,0,3.6218,0,3.52483,0,y2
14,3.376,1.91582,0,1.91582,0,3.62651,0,3.53074,0,y2
14,3.44343934176288,1.96905,0,1.96905,0,3.6529,0,3.56556,0,y2
14,3.5,2.01084,0,2.01084,0,3.67003,0,3.59049,0,y2
14,3.508,2.01656,0,2.01656,0,3.6721,0,3.5937,0,y2
14,3.52319549052794,2.0273,0,2.0273,0,3.67577,0,3.59959,0,y2
14,3.60479893283718,2.08241,0,2.08241,0,3.69016,0,3.62626,0,y2
14,3.64,2.10493,0,2.10493,0,3.69366,0,3.63524,0,y2
14,3.68829245527811,2.13465,0,2.13465,0,3.69592,0,3.64508,0,y2
14,3.772,2.18306,0,2.18306,0,3.69318,0,3.65553,0,y2
14,3.77371983545133,2.18402,0,2.18402,0,3.69304,0,3.65566,0,y2
14,3.86112586492412,2.23042,0,2.23042,0,3.68169,0,3.65782,0,y2
14,3.904,2.25159,0,2.25159,0,3.6733,0,3.65583,0,y2
14,3.95055637271574,2.27339,0,2.27339,0,3.66224,0,3.65152,0,y2
14,4,2.29539,0,2.29539,0,3.64843,0,3.6446,0,y2
14,4.036,2.31075,0,2.31075,0,3.63714,0,3.63814,0,y2
14,4.04205824932663,2.31327,0,2.31327,0,3.63515,0,3.63694,0,y2
14,4.13567947132419,2.35015,0,2.35015,0,3.60097,0,3.61439,0,y2
14,4.168,2.36184,0,2.36184,0,3.58784,0,3.60499,0,y2
14,4.23146912649803,2.38325,0,2.38325,0,3.5603,0,3.58432,0,y2
14,4.3,2.40436,0,2.40436,0,3.52822,0,3.55902,0,y2
14,4.32947743959785,2.41282,0,2.41282,0,3.51375,0,3.54726,0,y2
14,4.4297557986674,2.43848,0,2.43848,0,3.4619,0,3.50379,0,y2
14,4.432,2.43899,0,2.43899,0,3.4607,0,3.50276,0,y2
14,4.5,2.45388,0,2.45388,0,3.42346,0,3.4705,0,y2
14,4.53235678198848,2.46034,0,2.46034,0,3.40525,0,3.45447,0,y2
14,4.564,2.46621,0,2.46621,0,3.38715,0,3.43842,0,y2
14,4.63733418564895,2.47794,0,2.47794,0,3.34425,0,3.39986,0,y2
14,4.696,2.48564,0,2.48564,0,3.30906,0,3.36782,0,y2
14,4.74474305174925,2.49091,0,2.49091,0,3.27932,0,3.34047,0,y2
14,4.828,2.4976,0,2.4976,0,3.22757,0,3.29243,0,y2
14,4.85463969726226,2.49914,0,2.49914,0,3.21079,0,3.27674,0,y2
14,4.96,2.50233,0,2.50233,0,3.14352,0,3.2134,0,y2
14,4.96708174356163,2.50238,0,2.50238,0,3.13896,0,3.20907,0,y2
14,5,2.50237,0,2.50237,0,3.11766,0,3.18887,0,y2
14,5.082128146634,2.50041,0,2.50041,0,3.06408,0,3.13781,0,y2
14,5.092,2.49999,0,2.49999,0,3.0576,0,3.13162,0,y2
14,5.19983922799096,2.49302,0,2.49302,0,2.98637,0,3.06325,0,y2
14,5.224,2.49084,0,2.49084,0,2.97031,0,3.04778,0,y2
14,5.32027670629708,2.48024,0,2.48024,0,2.90602,0,2.98566,0,y2
14,5.356,2.47554,0,2.47554,0,2.88206,0,2.96243,0,y2
14,5.44350372973042,2.46223,0,2.46223,0,2.82319,0,2.90522,0,y2
14,5.488,2.45451,0,2.45451,0,2.79318,0,2.87598,0,y2
14,5.5,2.45231,0,2.45231,0,2.78508,0,2.86808,0,y2
14,5.56958490909258,2.43866,0,2.43866,0,2.73805,0,2.82217,0,y2
14,5.62,2.42785,0,2.42785,0,2.70395,0,2.7888,0,y2
14,5.69858635168566,2.4095,0,2.4095,0,2.65075,0,2.73665,0,y2
14,5.752,2.39607,0,2.39607,0,2.6146,0,2.70114,0,y2
14,5.83057569597389,2.37494,0,2.37494,0,2.56145,0,2.64886,0,y2
14,5.884,2.35974,0,2.35974,0,2.52535,0,2.61327,0,y2
14,5.96562214704798,2.3353,0,2.3353,0,2.4703,0,2.55889,0,y2
14,6,2.3246,0,2.3246,0,2.44716,0,2.536,0,y2
14,6.016,2.31954,0,2.31954,0,2.4364,0,2.52536,0,y2
14,6.10379651291106,2.2909,0,2.2909,0,2.37748,0,2.46701,0,y2
14,6.148,2.27599,0,2.27599,0,2.34791,0,2.43767,0,y2
14,6.24517124160489,2.24212,0,2.24212,0,2.2832,0,2.37332,0,y2
14,6.28,2.22965,0,2.22965,0,2.2601,0,2.35032,0,y2
14,6.38982045919606,2.18931,0,2.18931,0,2.18764,0,2.27805,0,y2
14,6.412,2.18099,0,2.18099,0,2.17309,0,2.26351,0,y2
14,6.5,2.14748,0,2.14748,0,2.11563,0,2.20599,0,y2
14,6.53782000864209,2.13286,0,2.13286,0,2.09106,0,2.18138,0,y2
14,6.544,2.13046,0,2.13046,0,2.08705,0,2.17737,0,y2
14,6.676,2.07845,0,2.07845,0,2.00223,0,2.09207,0,y2
14,6.68924748955757,2.07317,0,2.07317,0,1.99379,0,2.08356,0,y2
14,6.808,2.02532,0,2.02532,0,1.91863,0,2.00774,0,y2
14,6.84418229890151,2.0106,0,2.0106,0,1.896,0,1.98481,0,y2
14,6.94,1.97137,0,1.97137,0,1.83666,0,1.92455,0,y2
14,7,1.94665,0,1.94665,0,1.79984,0,1.88715,0,y2
14,7.00270567260696,1.94553,0,1.94553,0,1.79818,0,1.88547,0,y2
14,7.072,1.91686,0,1.91686,0,1.75622,0,1.84264,0,y2
14,7.16490072817498,1.87831,0,1.87831,0,1.70082,0,1.78585,0,y2
14,7.204,1.86206,0,1.86206,0,1.67769,0,1.76216,0,y2
14,7.33085250825502,1.80931,0,1.80931,0,1.60413,0,1.68631,0,y2
14,7.336,1.80717,0,1.80717,0,1.6012,0,1.68327,0,y2
14,7.468,1.75238,0,1.75238,0,1.52677,0,1.60613,0,y2
14,7.5,1.73913,0,1.73913,0,1.50905,0,1.58771,0,y2
14,7.50064802523477,1.73887,0,1.73887,0,1.50869,0,1.58733,0,y2
14,7.6,1.69787,0,1.69787,0,1.45475,0,1.53085,0,y2
14,7.67437630686284,1.66735,0,1.66735,0,1.41521,0,1.4893,0,y2
14,7.732,1.64382,0,1.64382,0,1.38512,0,1.45761,0,y2
14,7.852128442928,1.59513,0,1.59513,0,1.32408,0,1.39297,0,y2
14,7.864,1.59036,0,1.59036,0,1.31816,0,1.38668,0,y2
14,7.996,1.53763,0,1.53763,0,1.25391,1,1.31803,0,y2
14,8,1.53605,0,1.53605,0,1.252,1,1.31599,0,y2
14,8.03399763301975,1.52261,0,1.52261,0,1.23594,1,1.29872,0,y2
14,8.128,1.48576,0,1.48576,0,1.19251,1,1.2519,1,y2
14,8.22007923539501,1.45015,0,1.45015,0,1.1514,1,1.20733,1,y2
14,8.26,1.43487,0,1.43487,0,1.13403,1,1.18841,1,y2
14,8.392,1.3851,0,1.3851,0,1.07856,1,1.12757,1,y2
14,8.41047081697666,1.37823,0,1.37823,0,1.07105,1,1.11927,1,y2
14,8.5,1.34529,0,1.34529,0,1.03545,1,1.07989,1,y2
14,8.524,1.33656,0,1.33656,0,1.02615,1,1.0696,1,y2
14,8.60527220451018,1.30733,0,1.30733,0,0.99543,1,1.03549,1,y2
14,8.656,1.28936,0,1.28936,0,0.976852,1,1.01468,1,y2
14,8.788,1.24361,1,1.24361,1,0.930728,1,0.962119,1,y2
14,8.80458553690516,1.23797,1,1.23797,1,0.925156,1,0.955763,1,y2
14,8.92,1.19941,1,1.19941,1,0.887743,1,0.913621,1,y2
14,9,1.17341,1,1.17341,1,0.863205,1,0.885437,1,y2
14,9.00851531878903,1.17069,1,1.17069,1,0.86066,1,0.882421,1,y2
14,9.052,1.15685,1,1.15685,1,0.847871,1,0.86712,1,y2
14,9.184,1.11602,1,1.11602,1,0.811164,1,0.823872,1,y2
14,9.21716847530138,1.10604,1,1.10604,1,0.802418,1,0.813992,1,y2
14,9.316,1.07694,1,1.07694,1,0.777466,1,0.784418,1,y2
14,9.43065440815721,1.04434,1,1.04434,1,0.750662,1,0.751804,1,y2
14,9.448,1.0395,1,1.0395,1,0.746819,1,0.747197,1,y2
14,9.5,1.02504,1,1.02504,1,0.735611,1,0.733633,1,y2
14,9.58,1.00284,1,1.00284,1,0.719235,1,0.713331,1,y2
14,9.64908505300886,0.983567,1,0.983567,1,0.705877,1,0.696546,1,y2
14,9.712,0.965805,1,0.965805,1,0.694357,1,0.682,1,y2
14,9.844,0.927636,1,0.927636,1,0.672332,1,0.653966,1,y2
14,9.87257493813646,0.91931,1,0.91931,1,0.667938,1,0.648229,1,y2
14,9.976,0.889688,1,0.889688,1,0.653038,1,0.628531,1,y2
14,10,0.882919,1,0.882919,1,0.649796,1,0.624208,1,y2
14,10.1012412444978,0.85402,1,0.85402,1,0.637065,1,0.607019,1,y2
14,10.108,0.852043,1,0.852043,1,0.636271,1,0.60593,1,y2
14,10.24,0.812441,1,0.812441,1,0.622195,1,0.585982,1,y2
14,10.3352038671689,0.785673,1,0.785673,1,0.613496,1,0.573191,1,y2
14,10.372,0.775481,1,0.775481,1,0.610423,1,0.568604,1,y2
14,10.5,0.738424,1,0.738424,1,0.601127,1,0.554149,1,y2
14,10.504,0.73726,1,0.73726,1,0.600874,1,0.553734,1,y2
14,10.5745854782082,0.717068,1,0.717068,1,0.596759,1,0.546749,1,y2
14,10.636,0.699812,1,0.699812,1,0.593702,1,0.541219,1,y2
14,10.768,0.663235,1,0.663235,1,0.588655,1,0.531012,1,y2
14,10.8195115909757,0.64886,1,0.64886,1,0.587201,1,0.527632,1,y2
14,10.9,0.626455,1,0.626455,1,0.585446,1,0.523,1,y2
14,11,0.599395,1,0.599395,1,0.584208,1,0.518311,1,y2
14,11.032,0.590861,1,0.590861,1,0.584055,1,0.517059,1,y2
14,11.0701106259433,0.580726,1,0.580726,1,0.584009,1,0.515719,1,y2
14,11.164,0.555927,1,0.555927,1,0.583869,1,0.513055,1,y2
14,11.296,0.52152,1,0.52152,1,0.581806,1,0.510234,1,y2
14,11.326513978028,0.513744,1,0.513744,1,0.58096,1,0.509658,1,y2
14,11.428,0.488309,1,0.488309,1,0.57726,1,0.507723,1,y2
14,11.5,0.470508,1,0.470508,1,0.57389,1,0.506082,1,y2
14,11.56,0.455844,1,0.455844,1,0.570735,1,0.504378,1,y2
14,11.5888560854857,0.448854,1,0.448854,1,0.569147,1,0.503415,1,y2
14,11.692,0.424265,1,0.424265,1,0.562692,1,0.498988,1,y2
14,11.824,0.3938,1,0.3938,1,0.551853,1,0.491569,1,y2
14,11.8572745004004,0.38624,1,0.38624,1,0.548876,1,0.489455,1,y2
14,11.956,0.364153,1,0.364153,1,0.540565,1,0.482634,1,y2
14,12,0.354505,1,0.354505,1,0.537017,1,0.479336,1,y2
14,12.088,0.335526,1,0.335526,1,0.528999,1,0.472261,1,y2
14,12.1319099608055,0.326204,1,0.326204,1,0.524074,1,0.468497,1,y2
14,12.22,0.30785,1,0.30785,1,0.513461,1,0.460485,1,y2
14,12.352,0.281092,1,0.281092,1,0.497744,1,0.447272,1,y2
14,12.4129064644764,0.268788,1,0.268788,1,0.4899,1,0.440625,1,y2
14,12.484,0.254343,1,0.254343,1,0.480324,1,0.432476,1,y2
14,12.5,0.251189,1,0.251189,1,0.478117,1,0.430606,1,y2
14,12.616,0.230034,1,0.230034,1,0.461679,1,0.416857,1,y2
14,12.7004113444319,0.214805,1,0.214805,1,0.449274,1,0.406535,1,y2
14,12.748,0.20614,1,0.20614,1,0.442022,1,0.400481,1,y2
14,12.88,0.183438,1,0.183438,1,0.421082,1,0.38274,1,y2
14,12.9945753461841,0.163572,1,0.163572,1,0.402122,1,0.366632,1,y2
14,13,0.162587,1,0.162587,1,0.401208,1,0.365857,1,y2
14,13.012,0.160415,1,0.160415,1,0.399178,1,0.364136,1,y2
14,13.144,0.137741,1,0.137741,1,0.376322,1,0.344799,1,y2
14,13.276,0.115993,1,0.115993,1,0.35251,1,0.324629,1,y2
14,13.295552706778,0.11264,1,0.11264,1,0.348912,1,0.321553,1,y2
14,13.408,0.0951924,1,0.0951924,1,0.32791,1,0.303361,1,y2
14,13.5,0.0823641,1,0.0823641,1,0.310323,1,0.287838,1,y2
14,13.54,0.0765359,1,0.0765359,1,0.302561,1,0.280926,1,y2
14,13.6035012356615,0.0668009,1,0.0668009,1,0.290096,1,0.269929,1,y2
14,13.672,0.0560709,1,0.0560709,1,0.276452,1,0.258191,1,y2
14,13.804,0.0378252,1,0.0378252,1,0.249586,1,0.235765,1,y2
14,13.9185823974285,0.0219867,1,0.0219867,1,0.225774,1,0.215354,1,y2
14,13.936,0.0195266,1,0.0195266,1,0.222128,1,0.212186,1,y2
14,14,0.0106993,1,0.0106993,1,0.208688,1,0.200477,1,y2
14,14.068,0.00187104,1,0.00187104,1,0.1943,1,0.187986,1,y2
14,14.2,0,1,0,1,0.165993,1,0.163457,1,y2
14,14.2409613964788,0,1,0,1,0.157145,1,0.155739,1,y2
14,14.332,0,1,0,1,0.137545,1,0.138062,1,y2
14,14.464,0,1,0,1,0.109316,1,0.111648,1,y2
14,14.5,0,1,0,1,0.101475,1,0.104589,1,y2
14,14.5708072636384,0,1,0,1,0.0856663,1,0.0906765,1,y2
14,14.596,0,1,0,1,0.0798999,1,0.0856967,1,y2
14,14.728,0,1,0,1,0.0496137,1,0.0591854,1,y2
14,14.86,0,1,0,1,0.0200461,1,0.0323258,1,y2
14,14.9082929447861,0,1,0,1,0.00924039,1,0.0224913,1,y2
14,14.992,0,1,0,1,0,1,0.00534448,1,y2
14,15,0,1,0,1,0,1,0.00369748,1,y2
14,15.124,0,1,0,1,0,1,0,1,y2
14,15.2535953915336,0,1,0,1,0,1,0,1,y2
14,15.256,0,1,0,1,0,1,0,1,y2
14,15.388,0,1,0,1,0,1,0,1,y2
14,15.5,0,1,0,1,0,1,0,1,y2
14,15.52,0,1,0,1,0,1,0,1,y2
14,15.606895654005,0,1,0,1,0,1,0,1,y2
14,15.652,0,1,0,1,0,1,0,1,y2
14,15.784,0,1,0,1,0,1,0,1,y2
14,15.916,0,1,0,1,0,1,0,1,y2
14,15.9683789757655,0,1,0,1,0,1,0,1,y2
14,16,0,1,0,1,0,1,0,1,y2
14,16.048,0,1,0,1,0,1,0,1,y2
14,16.18,0,1,0,1,0,1,0,1,y2
14,16.312,0,1,0,1,0,1,0,1,y2
14,16.3382348909494,0,1,0,1,0,1,0,1,y2
14,16.444,0,1,0,1,0,1,0,1,y2
14,16.5,0,1,0,1,0,1,0,1,y2
14,16.576,0,1,0,1,0,1,0,1,y2
14,16.708,0,1,0,1,0,1,0,1,y2
14,16.7166573236367,0,1,0,1,0,1,0,1,y2
14,16.84,0,1,0,1,0,1,0,1,y2
14,16.972,0,1,0,1,0,1,0,1,y2
14,17,0,1,0,1,0,1,0,1,y2
14,17.1038446895323,0,1,0,1,0,1,0,1,y2
14,17.104,0,1,0,1,0,1,0,1,y2
14,17.236,0,1,0,1,0,1,0,1,y2
14,17.368,0,1,0,1,0,1,0,1,y2
14,17.5,0,1,0,1,0,1,0,1,y2
15,1,0,1,0,1,0,1,0,1,y2
15,1.02190077866029,0,1,0,1,0,1,0,1,y2
15,1.04428120142651,0,1,0,1,0,1,0,1,y2
15,1.06715177287806,0,1,0,1,0,1,0,1,y2
15,1.0905232276528,0,1,0,1,0,1,0,1,y2
15,1.112,0,1,0,1,0,1,0,1,y2
15,1.11440653548553,0,1,0,1,0,1,0,1,y2
15,1.13881290635678,0,1,0,1,0,1,0,1,y2
15,1.16375379575438,0,1,0,1,0,1,0,1,y2
15,1.18924091005028,0,1,0,1,0,1,0,1,y2
15,1.21528621199505,0,1,0,1,0,1,0,1,y2
15,1.224,0,1,0,1,0,1,0,1,y2
15,1.24190192633286,0,1,0,1,0,1,0,1,y2
15,1.26910054553927,0,1,0,1,0,1,0,1,y2
15,1.29689483568478,0,1,0,1,0,1,0,1,y2
15,1.32529784242679,0,1,0,1,0,1,0,1,y2
15,1.336,0,1,0,1,0,1,0,1,y2
15,1.35432289713274,0,1,0,1,0,1,0,1,y2
15,1.38398362313741,0,1,0,1,0,1,0,1,y2
15,1.41429394213721,0,1,0,1,0,1,0,1,y2
15,1.44526808072455,0,1,0,1,0,1,0,1,y2
15,1.448,0,1,0,1,0,1,0,1,y2
15,1.47692057706528,0,1,0,1,0,1,0,1,y2
15,1.5,0,1,0,1,0,1,0,1,y2
15,1.50926628772242,0,1,0,1,0,1,0,1,y2
15,1.54232039462927,0,1,0,1,0,1,0,1,y2
15,1.56,0,1,0,1,0,1,0,1,y2
15,1.5760984122153,0,1,0,1,0,1,0,1,y2
15,1.61061619468806,0,1,0,1,0,1,0,1,y2
15,1.64588994347461,0,1,0,1,0,1,0,1,y2
15,1.672,0,1,0,1,0,1,0,1,y2
15,1.68193621482585,0,1,0,1,0,1,0,1,y2
15,1.71877192758748,0,1,0,1,0,1,0,1,y2
15,1.7564143711411,0,1,0,1,0,1,0,1,y2
15,1.784,0,1,0,1,0,1,0,1,y2
15,1.79488121351921,0,1,0,1,0,1,0,1,y2
15,1.83419050969801,0,1,0,1,0,1,0,1,y2
15,1.87436071007172,0,1,0,1,0,1,0,1,y2
15,1.896,0,1,0,1,0,1,0,1,y2
15,1.91541066911255,0,1,0,1,0,1,0,1,y2
15,1.95735965422034,0,1,0,1,0,1,0,1,y2
15,2,0,1,0,1,0,1,0,1,y2
15,2.00022735476601,0,1,0,1,0,1,0,1,y2
15,2.008,0,1,0,1,0,1,0,1,y2
15,2.044033891333,0,1,0,1,0,1,0,1,y2
15,2.08879982516122,0,1,0,1,0,1,0,1,y2
15,2.12,0,1,0,1,0,1,0,1,y2
15,2.13454616779773,0,1,0,1,0,1,0,1,y2
15,2.18129439095885,0,1,0,1,0,1,0,1,y2
15,2.22906643660817,0,1,0,1,0,1,0,1,y2
15,2.232,0,1,0,1,0,1,0,1,y2
15,2.27788472725541,0,1,0,1,0,1,0,1,y2
15,2.3277721764807,0.0928695,1,0.0928695,1,0,1,0,1,y2
15,2.344,0.153882,1,0.153882,1,0,1,0,1,y2
15,2.37875219968939,0.276761,1,0.276761,1,0,1,0,1,y2
15,2.43084872510247,0.443646,1,0.443646,1,0,1,0,1,y2
15,2.456,0.517756,1,0.517756,1,0,1,0,1,y2
15,2.48408620498759,0.596135,1,0.596135,1,0,1,0,1,y2
15,2.5,0.638645,1,0.638645,1,0,1,0,1,y2
15,2.53848962713611,0.73629,1,0.73629,1,0,1,0,1,y2
15,2.568,0.806608,1,0.806608,1,0,1,0,1,y2
15,2.59408452659146,0.865774,1,0.865774,1,0,1,0,1,y2
15,2.65089699763443,0.985901,1,0.985901,1,0,1,0,1,y2
15,2.68,1.04325,1,1.04325,1,0,1,0,1,y2
15,2.70895370603086,1.09777,1,1.09777,1,0,1,0,1,y2
15,2.76828190154762,1.20227,1,1.20227,1,0,1,0,1,y2
15,2.792,1.24157,1,1.24157,1,0,1,0,1,y2
15,2.8289094307427,1.30017,0,1.30017,0,0,1,0,1,y2
15,2.89086475003541,1.39209,0,1.39209,0,0,1,0,1,y2
15,2.904,1.41063,0,1.41063,0,0.0327214,1,0,1,y2
15,2.95417693906278,1.47859,0,1.47859,0,0.177095,1,0,1,y2
15,3,1.537,0,1.537,0,0.302145,1,0.0709491,1,y2
15,3.016,1.55663,0,1.55663,0,0.344332,1,0.115825,1,y2
15,3.01887571432853,1.56012,0,1.56012,0,0.351828,1,0.123805,1,y2
15,3.08499144315097,1.63708,0,1.63708,0,0.517118,1,0.300762,1,y2
15,3.128,1.68405,0,1.68405,0,0.618109,1,0.409037,1,y2
15,3.15255515791632,1.70986,0,1.70986,0,0.674039,1,0.468387,1,y2
15,3.2215985706442,1.7788,0,1.7788,0,0.824772,1,0.626995,1,y2
15,3.24,1.79632,0,1.79632,0,0.863213,1,0.66765,1,y2
15,3.2921540878722,1.84416,0,1.84416,0,0.968438,1,0.779328,1,y2
15,3.352,1.89595,0,1.89595,0,1.08372,1,0.900583,1,y2
15,3.36425482586626,1.90616,0,1.90616,0,1.10649,1,0.924556,1,y2
15,3.43793462616438,1.96485,0,1.96485,0,1.23718,1,1.06398,1,y2
15,3.464,1.98453,0,1.98453,0,1.28118,0,1.11097,1,y2
15,3.5,2.01084,0,2.01084,0,1.33995,0,1.17362,1,y2
15,3.51322807146056,2.02028,0,2.02028,0,1.36109,0,1.19616,1,y2
15,3.576,2.06343,0,2.06343,0,1.45823,0,1.29908,0,y2
15,3.59017050183674,2.07283,0,2.07283,0,1.47958,0,1.32142,0,y2
15,3.66879803135018,2.12281,0,2.12281,0,1.59408,0,1.4408,0,y2
15,3.688,2.13447,0,2.13447,0,1.62107,0,1.4689,0,y2
15,3.74914756498409,2.17023,0,2.17023,0,1.70391,0,1.55555,0,y2
15,3.8,2.1984,0,2.1984,0,1.76961,0,1.62452,0,y2
15,3.83125681596958,2.21503,0,2.21503,0,1.80838,0,1.66554,0,y2
15,3.912,2.25541,0,2.25541,0,1.90433,0,1.76669,0,y2
15,3.91516432348687,2.25692,0,2.25692,0,1.90796,0,1.77051,0,y2
15,4,2.29539,0,2.29539,0,2.00183,0,1.86931,0,y2
15,4.00090947075423,2.29579,0,2.29579,0,2.00279,0,1.87033,0,y2
15,4.024,2.30569,0,2.30569,0,2.027,0,1.89593,0,y2
15,4.08853250351308,2.3321,0,2.3321,0,2.09178,0,1.96469,0,y2
15,4.136,2.35027,0,2.35027,0,2.13656,0,2.01277,0,y2
15,4.17807454891793,2.36537,0,2.36537,0,2.17429,0,2.05354,0,y2
15,4.248,2.38852,0,2.38852,0,2.23297,0,2.11753,0,y2
15,4.26957763483998,2.39522,0,2.39522,0,2.25007,0,2.13633,0,y2
15,4.36,2.42116,0,2.42116,0,2.31652,0,2.21021,0,y2
15,4.36308470959355,2.42197,0,2.42197,0,2.31864,0,2.21259,0,y2
15,4.45863966209446,2.44502,0,2.44502,0,2.3793,0,2.28161,0,y2
15,4.472,2.44795,0,2.44795,0,2.38702,0,2.29053,0,y2
15,4.5,2.45388,0,2.45388,0,2.40257,0,2.30865,0,y2
15,4.55628734245999,2.46482,0,2.46482,0,2.43129,0,2.34265,0,y2
15,4.584,2.46966,0,2.46966,0,2.44418,0,2.35819,0,y2
15,4.6560735830599,2.48055,0,2.48055,0,2.47384,0,2.39486,0,y2
15,4.696,2.48564,0,2.48564,0,2.4879,0,2.41285,0,y2
15,4.75804522002853,2.49217,0,2.49217,0,2.50636,0,2.43753,0,y2
15,4.808,2.49624,0,2.49624,0,2.51838,0,2.45449,0,y2
15,4.86225011524803,2.49953,0,2.49953,0,2.52865,0,2.47002,0,y2
15,4.92,2.50165,0,2.50165,0,2.53651,0,2.48335,0,y2
15,4.96873717881306,2.50239,0,2.50239,0,2.54079,0,2.49211,0,y2
15,5,2.50237,0,2.50237,0,2.54245,0,2.49655,0,y2
15,5.032,2.50193,0,2.50193,0,2.54328,0,2.50016,0,y2
15,5.07755639198741,2.50059,0,2.50059,0,2.54305,0,2.50375,0,y2
15,5.144,2.49719,0,2.49719,0,2.53991,0,2.50593,0,y2
15,5.18875883066347,2.49395,0,2.49395,0,2.53608,0,2.50548,0,y2
15,5.256,2.48765,0,2.48765,0,2.52801,0,2.50209,0,y2
15,5.30239668933547,2.48244,0,2.48244,0,2.52105,0,2.49802,0,y2
15,5.368,2.47387,0,2.47387,0,2.50944,0,2.49017,0,y2
15,5.41852330559767,2.46628,0,2.46628,0,2.49927,0,2.48261,0,y2
15,5.48,2.45594,0,2.45594,0,2.48561,0,2.47173,0,y2
15,5.5,2.45231,0,2.45231,0,2.48089,0,2.46782,0,y2
15,5.5371931851792,2.4452,0,2.4452,0,2.47177,0,2.46014,0,y2
15,5.592,2.43394,0,2.43394,0,2.45762,0,2.44798,0,y2
15,5.65846202752709,2.41908,0,2.41908,0,2.43948,0,2.43198,0,y2
15,5.704,2.40816,0,2.40816,0,2.42653,0,2.42025,0,y2
15,5.78238675194963,2.38808,0,2.38808,0,2.4034,0,2.39883,0,y2
15,5.816,2.37897,0,2.37897,0,2.39321,0,2.38931,0,y2
15,5.90902552433228,2.35239,0,2.35239,0,2.36431,0,2.36197,0,y2
15,5.928,2.34673,0,2.34673,0,2.35831,0,2.35623,0,y2
15,6,2.32459,0,2.32459,0,2.33534,0,2.33411,0,y2
15,6.0384377844387,2.31235,0,2.31235,0,2.32295,0,2.32211,0,y2
15,6.04,2.31184,0,2.31184,0,2.32245,0,2.32163,0,y2
15,6.152,2.27461,0,2.27461,0,2.28602,0,2.28614,0,y2
15,6.17068427380964,2.2682,0,2.2682,0,2.27992,0,2.28017,0,y2
15,6.264,2.23539,0,2.23539,0,2.24943,0,2.25017,0,y2
15,6.30582706427289,2.22028,0,2.22028,0,2.23579,0,2.23667,0,y2
15,6.376,2.19445,0,2.19445,0,2.21298,0,2.214,0,y2
15,6.44392958707761,2.16891,0,2.16891,0,2.19105,0,2.19214,0,y2
15,6.488,2.15209,0,2.15209,0,2.17692,0,2.17801,0,y2
15,6.5,2.14747,0,2.14747,0,2.17309,0,2.17418,0,y2
15,6.5850566626667,2.11441,0,2.11441,0,2.14614,0,2.14711,0,y2
15,6.6,2.10854,0,2.10854,0,2.14145,0,2.14239,0,y2
15,6.712,2.06405,0,2.06405,0,2.10674,0,2.1073,0,y2
15,6.72927453110125,2.05711,0,2.05711,0,2.10146,0,2.10195,0,y2
15,6.824,2.01881,0,2.01881,0,2.07293,0,2.07294,0,y2
15,6.87665088315124,1.99733,0,1.99733,0,2.05738,0,2.05708,0,y2
15,6.936,1.973,0,1.973,0,2.04013,0,2.03946,0,y2
15,7,1.94664,0,1.94664,0,2.02187,0,2.02077,0,y2
15,7.02725489206724,1.93538,0,1.93538,0,2.01421,0,2.01292,0,y2
15,7.048,1.92679,0,1.92679,0,2.00842,0,2.00698,0,y2
15,7.16,1.88034,0,1.88034,0,1.97792,0,1.9756,0,y2
15,7.18115724604786,1.87155,0,1.87155,0,1.9723,0,1.96979,0,y2
15,7.272,1.83377,0,1.83377,0,1.94861,0,1.94536,0,y2
15,7.33843018141831,1.80615,0,1.80615,0,1.93182,0,1.92801,0,y2
15,7.384,1.78721,0,1.78721,0,1.92058,0,1.91635,0,y2
15,7.496,1.74078,0,1.74078,0,1.89392,0,1.88861,0,y2
15,7.49914751653556,1.73948,0,1.73948,0,1.89319,0,1.88784,0,y2
15,7.5,1.73913,0,1.73913,0,1.89299,0,1.88764,0,y2
15,7.608,1.69458,0,1.69458,0,1.86857,0,1.86217,0,y2
15,7.66338468643608,1.67184,0,1.67184,0,1.85656,0,1.84958,0,y2
15,7.72,1.6487,0,1.6487,0,1.84464,0,1.83706,0,y2
15,7.83121877824239,1.60356,0,1.60356,0,1.82221,0,1.81347,0,y2
15,7.832,1.60324,0,1.60324,0,1.82206,0,1.81331,0,y2
15,7.944,1.5583,0,1.5583,0,1.80083,0,1.79091,0,y2
15,8,1.53604,0,1.53604,0,1.79076,0,1.78023,0,y2
15,8.002728567345,1.53496,0,1.53496,0,1.79028,0,1.77972,0,y2
15,8.056,1.51394,0,1.51394,0,1.78104,0,1.76989,0,y2
15,8.168,1.47022,0,1.47022,0,1.76263,0,1.75023,0,y2
15,8.17799455437682,1.46636,0,1.46636,0,1.76106,0,1.74854,0,y2
15,8.28,1.42725,0,1.42725,0,1.74561,0,1.7319,0,y2
15,8.3570990029973,1.39814,0,1.39814,0,1.73465,0,1.72003,0,y2
15,8.392,1.3851,0,1.3851,0,1.72988,0,1.71486,0,y2
15,8.5,1.34529,0,1.34529,0,1.71591,0,1.69966,0,y2
15,8.504,1.34383,0,1.34383,0,1.71541,0,1.69912,0,y2
15,8.54012597850409,1.33072,0,1.33072,0,1.71104,0,1.69433,0,y2
15,8.616,1.30351,0,1.30351,0,1.70233,0,1.6847,0,y2
15,8.72716138729032,1.26451,1,1.26451,1,1.6907,0,1.67166,0,y2
15,8.728,1.26422,1,1.26422,1,1.69061,0,1.67157,0,y2
15,8.84,1.22601,1,1.22601,1,1.68017,0,1.65975,0,y2
15,8.91829301716601,1.19997,1,1.19997,1,1.67356,0,1.65228,0,y2
15,8.952,1.18893,1,1.18893,1,1.67087,0,1.64926,0,y2
15,9,1.17341,1,1.17341,1,1.66719,0,1.64518,0,y2
15,9.064,1.15307,1,1.15307,1,1.66263,0,1.64008,0,y2
15,9.11361057856259,1.13757,1,1.13757,1,1.65936,0,1.63639,0,y2
15,9.176,1.11844,1,1.11844,1,1.6556,0,1.63208,0,y2
15,9.288,1.08508,1,1.08508,1,1.64984,0,1.62521,0,y2
15,9.31320574663979,1.07774,1,1.07774,1,1.64871,0,1.62382,0,y2
15,9.4,1.05294,1,1.05294,1,1.64522,0,1.61942,0,y2
15,9.5,1.025,1,1.025,1,1.64193,0,1.61513,0,y2
15,9.512,1.02167,1,1.02167,1,1.64158,0,1.61467,0,y2
15,9.51717220431471,1.02023,1,1.02023,1,1.64143,0,1.61448,0,y2
15,9.624,0.990507,1,0.990507,1,1.6388,0,1.61099,0,y2
15,9.72560568623329,0.961841,1,0.961841,1,1.63713,0,1.60849,0,y2
15,9.736,0.958872,1,0.958872,1,1.63701,0,1.60828,0,y2
15,9.848,0.926464,1,0.926464,1,1.63624,0,1.60655,0,y2
15,9.93860402370477,0.90023,1,0.90023,1,1.63634,0,1.60582,0,y2
15,9.96,0.894143,1,0.894143,1,1.63644,0,1.60574,0,y2
15,10,0.882827,1,0.882827,1,1.63672,0,1.60566,0,y2
15,10.072,0.862366,1,0.862366,1,1.63746,0,1.60581,0,y2
15,10.1562671906202,0.837636,1,0.837636,1,1.6387,0,1.60643,0,y2
15,10.184,0.829264,1,0.829264,1,1.63919,0,1.60674,0,y2
15,10.296,0.796438,1,0.796438,1,1.64166,0,1.60846,0,y2
15,10.3786973503768,0.773517,1,0.773517,1,1.64395,0,1.61021,0,y2
15,10.408,0.765265,1,0.765265,1,1.64486,0,1.61093,0,y2
15,10.5,0.738521,1,0.738521,1,1.64802,0,1.61348,0,y2
15,10.52,0.732698,1,0.732698,1,1.64877,0,1.6141,0,y2
15,10.6059989038295,0.708196,1,0.708196,1,1.65223,0,1.61699,0,y2
15,10.632,0.700898,1,0.700898,1,1.65335,0,1.61794,0,y2
15,10.744,0.669808,1,0.669808,1,1.65857,0,1.62242,0,y2
15,10.8382785382936,0.643662,1,0.643662,1,1.66338,0,1.62665,0,y2
15,10.856,0.638723,1,0.638723,1,1.66432,0,1.62749,0,y2
15,10.968,0.607923,1,0.607923,1,1.67047,0,1.63311,0,y2
15,11,0.599329,1,0.599329,1,1.67228,0,1.63481,0,y2
15,11.0756452776194,0.579219,1,0.579219,1,1.6767,0,1.63898,0,y2
15,11.08,0.578066,1,0.578066,1,1.67696,0,1.63922,0,y2
15,11.192,0.548574,1,0.548574,1,1.68398,0,1.64579,0,y2
15,11.304,0.519483,1,0.519483,1,1.69158,0,1.65277,0,y2
15,11.3182105333644,0.515842,1,0.515842,1,1.69259,0,1.65368,0,y2
15,11.416,0.491237,1,0.491237,1,1.69957,0,1.66012,0,y2
15,11.5,0.4705,1,0.4705,1,1.70545,0,1.66518,0,y2
15,11.528,0.463642,1,0.463642,1,1.7072,0,1.66648,0,y2
15,11.5660881570862,0.454369,1,0.454369,1,1.70929,0,1.66783,0,y2
15,11.64,0.436587,1,0.436587,1,1.71125,0,1.6686,0,y2
15,11.752,0.410262,1,0.410262,1,1.70461,0,1.66131,0,y2
15,11.81939449378,0.394816,1,0.394816,1,1.69353,0,1.6499,0,y2
15,11.864,0.38472,1,0.38472,1,1.68325,0,1.63927,0,y2
15,11.976,0.35975,1,0.35975,1,1.6469,0,1.60143,0,y2
15,12,0.354491,1,0.354491,1,1.63711,0,1.59134,0,y2
15,12.0782484364869,0.3376,1,0.3376,1,1.60026,0,1.55361,0,y2
15,12.088,0.33552,1,0.33552,1,1.59513,0,1.54839,0,y2
15,12.2,0.311962,1,0.311962,1,1.52781,0,1.4801,0,y2
15,12.312,0.289122,1,0.289122,1,1.4454,0,1.39665,0,y2
15,12.3427714820985,0.282969,1,0.282969,1,1.42022,0,1.37128,0,y2
15,12.424,0.266848,1,0.266848,1,1.34899,0,1.29992,0,y2
15,12.5,0.251657,1,0.251657,1,1.2766,0,1.22778,1,y2
15,12.536,0.244398,1,0.244398,1,1.24051,1,1.1919,1,y2
15,12.6130877883825,0.229876,1,0.229876,1,1.15964,1,1.11171,1,y2
15,12.648,0.223767,1,0.223767,1,1.12165,1,1.07403,1,y2
15,12.76,0.204059,1,0.204059,1,0.996877,1,0.948226,1,y2
15,12.872,0.184257,1,0.184257,1,0.865904,1,0.816073,1,y2
15,12.8893242322587,0.181335,1,0.181335,1,0.84514,1,0.795226,1,y2
15,12.984,0.166057,1,0.166057,1,0.729637,1,0.680063,1,y2
15,13,0.163394,1,0.163394,1,0.709805,1,0.660313,1,y2
15,13.096,0.146237,1,0.146237,1,0.588968,1,0.539688,1,y2
15,13.1716104693501,0.133157,1,0.133157,1,0.491933,1,0.442245,1,y2
15,13.208,0.127225,1,0.127225,1,0.444648,1,0.395028,1,y2
15,13.32,0.109181,1,0.109181,1,0.297153,1,0.247401,1,y2
15,13.432,0.0917805,1,0.0917805,1,0.147263,1,0.0972811,1,y2
15,13.4600789948389,0.0875688,1,0.0875688,1,0.109037,1,0.0594369,1,y2
15,13.5,0.0815225,1,0.0815225,1,0.0547004,1,0.00540145,1,y2
15,13.544,0.0748626,1,0.0748626,1,0,1,0,1,y2
15,13.656,0.0585272,1,0.0585272,1,0,1,0,1,y2
15,13.7548652056549,0.0441131,1,0.0441131,1,0,1,0,1,y2
15,13.768,0.042244,1,0.042244,1,0,1,0,1,y2
15,13.88,0.0262971,1,0.0262971,1,0,1,0,1,y2
15,13.992,0.0106308,1,0.0106308,1,0,1,0,1,y2
15,14,0.00953608,1,0.00953608,1,0,1,0,1,y2
15,14.0561074640261,0.00182405,1,0.00182405,1,0,1,0,1,y2
15,14.104,0,1,0,1,0,1,0,1,y2
15,14.216,0,1,0,1,0,1,0,1,y2
15,14.328,0,1,0,1,0,1,0,1,y2
15,14.3639471624211,0,1,0,1,0,1,0,1,y2
15,14.44,0,1,0,1,0,1,0,1,y2
15,14.5,0,1,0,1,0,1,0,1,y2
15,14.552,0,1,0,1,0,1,0,1,y2
15,14.664,0,1,0,1,0,1,0,1,y2
15,14.6785287899134,0,1,0,1,0,1,0,1,y2
15,14.776,0,1,0,1,0,1,0,1,y2
15,14.888,0,1,0,1,0,1,0,1,y2
15,15,0,1,0,1,0,1,0,1,y2
16,1,0,1,0,1,0,1,0,1,y2
16,1.02292452562226,0,1,0,1,0,1,0,1,y2
16,1.04637458511953,0,1,0,1,0,1,0,1,y2
16,1.07036222610658,0,1,0,1,0,1,0,1,y2
16,1.09489977238406,0,1,0,1,0,1,0,1,y2
16,1.11999983026989,0,1,0,1,0,1,0,1,y2
16,1.128,0,1,0,1,0,1,0,1,y2
16,1.14567529507584,0,1,0,1,0,1,0,1,y2
16,1.17193935773259,0,1,0,1,0,1,0,1,y2
16,1.19880551156667,0,1,0,1,0,1,0,1,y2
16,1.22628755923269,0,1,0,1,0,1,0,1,y2
16,1.25439961980458,0,1,0,1,0,1,0,1,y2
16,1.256,0,1,0,1,0,1,0,1,y2
16,1.28315613602934,0,1,0,1,0,1,0,1,y2
16,1.31257188174711,0,1,0,1,0,1,0,1,y2
16,1.34266196948128,0,1,0,1,0,1,0,1,y2
16,1.37344185820269,0,1,0,1,0,1,0,1,y2
16,1.384,0,1,0,1,0,1,0,1,y2
16,1.40492736127174,0,1,0,1,0,1,0,1,y2
16,1.43713465456263,0,1,0,1,0,1,0,1,y2
16,1.47008028477379,0,1,0,1,0,1,0,1,y2
16,1.5,0,1,0,1,0,1,0,1,y2
16,1.50378117792886,0,1,0,1,0,1,0,1,y2
16,1.512,0,1,0,1,0,1,0,1,y2
16,1.53825464807257,0,1,0,1,0,1,0,1,y2
16,1.57351840616587,0,1,0,1,0,1,0,1,y2
16,1.60959056918512,0,1,0,1,0,1,0,1,y2
16,1.64,0,1,0,1,0,1,0,1,y2
16,1.64648966942975,0,1,0,1,0,1,0,1,y2
16,1.68423466404338,0,1,0,1,0,1,0,1,y2
16,1.72284494475314,0,1,0,1,0,1,0,1,y2
16,1.76234034783232,0,1,0,1,0,1,0,1,y2
16,1.768,0,1,0,1,0,1,0,1,y2
16,1.80274116429134,0,1,0,1,0,1,0,1,y2
16,1.84406815030244,0,1,0,1,0,1,0,1,y2
16,1.88634253786325,0,1,0,1,0,1,0,1,y2
16,1.896,0,1,0,1,0,1,0,1,y2
16,1.92958604570485,0,1,0,1,0,1,0,1,y2
16,1.97382089044997,0,1,0,1,0,1,0,1,y2
16,2,0,1,0,1,0,1,0,1,y2
16,2.01906979802684,0,1,0,1,0,1,0,1,y2
16,2.024,0,1,0,1,0,1,0,1,y2
16,2.06535601534484,0,1,0,1,0,1,0,1,y2
16,2.11270332223771,0,1,0,1,0,1,0,1,y2
16,2.152,0,1,0,1,0,1,0,1,y2
16,2.16113604368058,0,1,0,1,0,1,0,1,y2
16,2.21067906228713,0,1,0,1,0,1,0,1,y2
16,2.26135783109312,0,1,0,1,0,1,0,1,y2
16,2.28,0,1,0,1,0,1,0,1,y2
16,2.31319838663312,0.0358872,1,0.0358872,1,0,1,0,1,y2
16,2.36622736231686,0.233627,1,0.233627,1,0,1,0,1,y2
16,2.408,0.372808,1,0.372808,1,0,1,0,1,y2
16,2.42047200211239,0.411909,1,0.411909,1,0,1,0,1,y2
16,2.47596017454278,0.573911,1,0.573911,1,0,1,0,1,y2
16,2.5,0.638645,1,0.638645,1,0,1,0,1,y2
16,2.53272038700378,0.722096,1,0.722096,1,0,1,0,1,y2
16,2.536,0.730183,1,0.730183,1,0,1,0,1,y2
16,2.59078180040967,0.858429,1,0.858429,1,0,1,0,1,y2
16,2.65017424417485,0.984442,1,0.984442,1,0,1,0,1,y2
16,2.664,1.01205,1,1.01205,1,0,1,0,1,y2
16,2.71092823153889,1.1014,1,1.1014,1,0,1,0,1,y2
16,2.77307497524291,1.21032,1,1.21032,1,0,1,0,1,y2
16,2.792,1.24157,1,1.24157,1,0,1,0,1,y2
16,2.83664640356532,1.31207,0,1.31207,0,0,1,0,1,y2
16,2.90167517672514,1.40737,0,1.40737,0,0.0335869,1,0.0253017,1,y2
16,2.92,1.43278,0,1.43278,0,0.0615879,1,0.0538017,1,y2
16,2.96819470366146,1.49681,0,1.49681,0,0.132955,1,0.126823,1,y2
16,3,1.537,0,1.537,0,0.178428,1,0.173553,1,y2
16,3.0362391591974,1.58092,0,1.58092,0,0.228957,1,0.225303,1,y2
16,3.048,1.59477,0,1.59477,0,0.245112,1,0.241745,1,y2
16,3.10584350159773,1.66014,0,1.66014,0,0.323035,1,0.32015,1,y2
16,3.176,1.73385,0,1.73385,0,0.412813,1,0.410229,1,y2
16,3.17704349052884,1.73491,0,1.73491,0,0.414104,1,0.411534,1,y2
16,3.24987570543051,1.80558,0,1.80558,0,0.502061,1,0.500933,1,y2
16,3.304,1.85467,0,1.85467,0,0.564939,1,0.56453,1,y2
16,3.32437756430881,1.87244,0,1.87244,0,0.587948,1,0.587653,1,y2
16,3.40058734295987,1.93567,0,1.93567,0,0.671584,1,0.671335,1,y2
16,3.432,1.96029,0,1.96029,0,0.705216,1,0.704716,1,y2
16,3.47854419463429,1.99528,0,1.99528,0,0.753548,1,0.752725,1,y2
16,3.5,2.01084,0,2.01084,0,0.775195,1,0.774426,1,y2
16,3.55828817015235,2.05151,0,2.05151,0,0.832647,1,0.832431,1,y2
16,3.56,2.05267,0,2.05267,0,0.834301,1,0.834104,1,y2
16,3.6398602384804,2.10485,0,2.10485,0,0.909597,1,0.909662,1,y2
16,3.688,2.13447,0,2.13447,0,0.953339,1,0.953331,1,y2
16,3.72330230777889,2.15537,0,2.15537,0,0.984564,1,0.984554,1,y2
16,3.80865724693299,2.20306,0,2.20306,0,1.05748,1,1.05746,1,y2
16,3.816,2.20698,0,2.20698,0,1.06356,1,1.06356,1,y2
16,3.89596890757671,2.2477,0,2.2477,0,1.12824,1,1.12834,1,y2
16,3.944,2.27039,0,2.27039,0,1.16556,1,1.16579,1,y2
16,3.98528214662199,2.28895,0,2.28895,0,1.19685,1,1.19716,1,y2
16,4,2.29539,0,2.29539,0,1.20781,1,1.2082,1,y2
16,4.072,2.32552,0,2.32552,0,1.25999,1,1.2605,1,y2
16,4.07664284930416,2.32738,0,2.32738,0,1.26328,1,1.2638,1,y2
16,4.17009795275584,2.36258,0,2.36258,0,1.32758,0,1.32834,0,y2
16,4.2,2.37288,0,2.37288,0,1.34742,0,1.34826,0,y2
16,4.26569547012113,2.39403,0,2.39403,0,1.38986,0,1.39083,0,y2
16,4.328,2.41241,0,2.41241,0,1.42866,0,1.42971,0,y2
16,4.36348451522268,2.42208,0,2.42208,0,1.45013,0,1.45124,0,y2
16,4.456,2.44443,0,2.44443,0,1.50409,0,1.5053,0,y2
16,4.46351532779424,2.4461,0,2.4461,0,1.50835,0,1.50956,0,y2
16,4.5,2.45388,0,2.45388,0,1.52876,0,1.53,0,y2
16,4.56583929929161,2.46653,0,2.46653,0,1.56449,0,1.56579,0,y2
16,4.584,2.46966,0,2.46966,0,1.57411,0,1.57542,0,y2
16,4.67050899929535,2.48246,0,2.48246,0,1.61852,0,1.6199,0,y2
16,4.712,2.48749,0,2.48749,0,1.63902,0,1.64045,0,y2
16,4.77757820251869,2.49388,0,2.49388,0,1.67038,0,1.67189,0,y2
16,4.84,2.49833,0,2.49833,0,1.69909,0,1.70067,0,y2
16,4.88710191643468,2.50061,0,2.50061,0,1.72004,0,1.72168,0,y2
16,4.968,2.50239,0,2.50239,0,1.75456,0,1.75633,0,y2
16,4.99913640953659,2.50237,0,2.50237,0,1.76738,0,1.7692,0,y2
16,5,2.50237,0,2.50237,0,1.76773,0,1.76955,0,y2
16,5.096,2.49981,0,2.49981,0,1.8056,0,1.8076,0,y2
16,5.11373924024619,2.49894,0,2.49894,0,1.81233,0,1.81437,0,y2
16,5.224,2.49084,0,2.49084,0,1.85232,0,1.85462,0,y2
16,5.23096928648477,2.49017,0,2.49017,0,1.85474,0,1.85706,0,y2
16,5.35088677592205,2.47623,0,2.47623,0,1.89445,0,1.89714,0,y2
16,5.352,2.47608,0,2.47608,0,1.89481,0,1.8975,0,y2
16,5.47355331691849,2.45709,0,2.45709,0,1.93129,0,1.93443,0,y2
16,5.48,2.45595,0,2.45595,0,1.93312,0,1.93628,0,y2
16,5.5,2.45232,0,2.45232,0,1.93873,0,1.94198,0,y2
16,5.599031930177,2.43244,0,2.43244,0,1.96501,0,1.96871,0,y2
16,5.608,2.4305,0,2.4305,0,1.96727,0,1.97101,0,y2
16,5.72738708112019,2.40235,0,2.40235,0,1.99537,0,1.99977,0,y2
16,5.736,2.40018,0,2.40018,0,1.99726,0,2.00171,0,y2
16,5.85868471300994,2.36703,0,2.36703,0,2.02208,0,2.02733,0,y2
16,5.864,2.36552,0,2.36552,0,2.02307,0,2.02835,0,y2
16,5.992,2.32712,0,2.32712,0,2.04467,0,2.05094,0,y2
16,5.99299228082608,2.32681,0,2.32681,0,2.04482,0,2.0511,0,y2
16,6,2.32461,0,2.32461,0,2.04588,0,2.05222,0,y2
16,6.12,2.28548,0,2.28548,0,2.06204,0,2.06943,0,y2
16,6.13037878592189,2.28198,0,2.28198,0,2.06326,0,2.07075,0,y2
16,6.248,2.24112,0,2.24112,0,2.07513,0,2.08381,0,y2
16,6.27091481147392,2.23293,0,2.23293,0,2.07702,0,2.08596,0,y2
16,6.376,2.19447,0,2.19447,0,2.08394,0,2.09408,0,y2
16,6.41467255874457,2.18,0,2.18,0,2.08576,0,2.09637,0,y2
16,6.5,2.1475,0,2.1475,0,2.08839,0,2.1001,0,y2
16,6.504,2.14596,0,2.14596,0,2.08846,0,2.10023,0,y2
16,6.56172588417592,2.12357,0,2.12357,0,2.08909,0,2.10167,0,y2
16,6.632,2.09594,0,2.09594,0,2.0887,0,2.1023,0,y2
16,6.71215033733396,2.06401,0,2.06401,0,2.0867,0,2.10152,0,y2
16,6.76,2.04476,0,2.04476,0,2.08471,0,2.10031,0,y2
16,6.86602319972264,2.0017,0,2.0017,0,2.07823,0,2.0956,0,y2
16,6.888,1.99271,0,1.99271,0,2.07653,0,2.09429,0,y2
16,7,1.94666,0,1.94666,0,2.06601,0,2.08575,0,y2
16,7.016,1.94005,0,1.94005,0,2.06425,0,2.08429,0,y2
16,7.02342352448771,1.93698,0,1.93698,0,2.06342,0,2.08358,0,y2
16,7.144,1.88701,0,1.88701,0,2.04799,0,2.07038,0,y2
16,7.18443217703082,1.87021,0,1.87021,0,2.04204,0,2.06519,0,y2
16,7.272,1.83379,0,1.83379,0,2.02786,0,2.0527,0,y2
16,7.34913187655456,1.80172,0,1.80172,0,2.01397,0,2.04031,0,y2
16,7.4,1.78059,0,1.78059,0,2.00409,0,2.03146,0,y2
16,7.5,1.73914,0,1.73914,0,1.98309,0,2.01262,0,y2
16,7.51760723856,1.73186,0,1.73186,0,1.97919,0,2.00911,0,y2
16,7.528,1.72757,0,1.72757,0,1.97686,0,2.00701,0,y2
16,7.656,1.67488,0,1.67488,0,1.9465,0,1.97938,0,y2
16,7.68994481831846,1.66099,0,1.66099,0,1.93797,0,1.97152,0,y2
16,7.784,1.62268,0,1.62268,0,1.91331,0,1.94855,0,y2
16,7.86623315533978,1.58946,0,1.58946,0,1.89069,0,1.92715,0,y2
16,7.912,1.57109,0,1.57109,0,1.87771,0,1.91476,0,y2
16,8,1.53605,0,1.53605,0,1.85191,0,1.89008,0,y2
16,8.04,1.52025,0,1.52025,0,1.83981,0,1.87856,0,y2
16,8.04656281886004,1.51766,0,1.51766,0,1.8378,0,1.87665,0,y2
16,8.168,1.47023,0,1.47023,0,1.79939,0,1.84044,0,y2
16,8.23102645437213,1.44595,0,1.44595,0,1.77856,0,1.82103,0,y2
16,8.296,1.42119,0,1.42119,0,1.75672,0,1.8007,0,y2
16,8.41971883122288,1.37481,0,1.37481,0,1.71469,0,1.76151,0,y2
16,8.424,1.37322,0,1.37322,0,1.71323,0,1.76014,0,y2
16,8.5,1.34529,0,1.34529,0,1.68708,0,1.73567,0,y2
16,8.552,1.32643,0,1.32643,0,1.66898,0,1.71861,0,y2
16,8.61273689130148,1.30468,0,1.30468,0,1.64766,0,1.6984,0,y2
16,8.68,1.28094,0,1.28094,0,1.62387,0,1.67573,0,y2
16,8.808,1.23682,1,1.23682,1,1.57821,0,1.63237,0,y2
16,8.81017979884391,1.23608,1,1.23608,1,1.57743,0,1.63163,0,y2
16,8.936,1.19416,1,1.19416,1,1.53261,0,1.58928,0,y2
16,9,1.17342,1,1.17342,1,1.50994,0,1.56758,0,y2
16,9.01214899137923,1.16952,1,1.16952,1,1.50565,0,1.56345,0,y2
16,9.064,1.15307,1,1.15307,1,1.48734,0,1.54584,0,y2
16,9.192,1.1136,1,1.1136,1,1.44197,0,1.50262,0,y2
16,9.21874823184374,1.10556,1,1.10556,1,1.43247,0,1.49365,0,y2
16,9.32,1.07579,1,1.07579,1,1.3967,0,1.4598,0,y2
16,9.43008366188981,1.04453,1,1.04453,1,1.35834,0,1.42311,0,y2
16,9.448,1.03953,1,1.03953,1,1.35215,0,1.41717,0,y2
16,9.5,1.02509,1,1.02509,1,1.33424,0,1.40004,0,y2
16,9.576,1.00403,1,1.00403,1,1.30816,0,1.37532,0,y2
16,9.64626385641686,0.984459,1,0.984459,1,1.28429,0,1.35275,0,y2
16,9.704,0.968181,1,0.968181,1,1.26492,1,1.33435,0,y2
16,9.832,0.931148,1,0.931148,1,1.22292,1,1.2942,0,y2
16,9.86739987935238,0.920816,1,0.920816,1,1.21147,1,1.28332,0,y2
16,9.96,0.894282,1,0.894282,1,1.18148,1,1.25531,1,y2
16,10,0.883033,1,0.883033,1,1.16839,1,1.24342,1,y2
16,10.088,0.857976,1,0.857976,1,1.13909,1,1.21766,1,y2
16,10.0936053407117,0.856343,1,0.856343,1,1.1372,1,1.21603,1,y2
16,10.216,0.819469,1,0.819469,1,1.09593,1,1.18126,1,y2
16,10.3249964549658,0.788619,1,0.788619,1,1.05921,1,1.15147,1,y2
16,10.344,0.783378,1,0.783378,1,1.0528,1,1.14639,1,y2
16,10.472,0.746505,1,0.746505,1,1.00905,1,1.11298,1,y2
16,10.5,0.738344,1,0.738344,1,0.999395,1,1.10584,1,y2
16,10.5616921007474,0.720723,1,0.720723,1,0.978113,1,1.09032,1,y2
16,10.6,0.709923,1,0.709923,1,0.96492,1,1.08078,1,y2
16,10.728,0.674385,1,0.674385,1,0.921291,1,1.0492,1,y2
16,10.8038138819254,0.653211,1,0.653211,1,0.895597,1,1.03046,1,y2
16,10.856,0.638606,1,0.638606,1,0.87792,1,1.01743,1,y2
16,10.984,0.603744,1,0.603744,1,0.834554,1,0.985082,1,y2
16,11,0.599461,1,0.599461,1,0.829163,1,0.981069,1,y2
16,11.0514861900798,0.585721,1,0.585721,1,0.81191,1,0.96836,1,y2
16,11.112,0.569668,1,0.569668,1,0.791793,1,0.953844,1,y2
16,11.24,0.535971,1,0.535971,1,0.749756,1,0.922911,1,y2
16,11.3048362684083,0.519297,1,0.519297,1,0.728565,1,0.906722,1,y2
16,11.368,0.503339,1,0.503339,1,0.708016,1,0.891111,1,y2
16,11.496,0.4715,1,0.4715,1,0.666922,1,0.861057,1,y2
16,11.5,0.470516,1,0.470516,1,0.665652,1,0.860129,1,y2
16,11.5639942770989,0.454863,1,0.454863,1,0.645472,1,0.845125,1,y2
16,11.624,0.440387,1,0.440387,1,0.626709,1,0.830623,1,y2
16,11.752,0.410348,1,0.410348,1,0.587101,1,0.800181,1,y2
16,11.8290933601999,0.392635,1,0.392635,1,0.563638,1,0.782825,1,y2
16,11.88,0.381097,1,0.381097,1,0.548319,1,0.771369,1,y2
16,12,0.354517,1,0.354517,1,0.512718,1,0.743323,1,y2
16,12.008,0.352773,1,0.352773,1,0.510364,1,0.741435,1,y2
16,12.1002697140239,0.332909,1,0.332909,1,0.483433,1,0.72004,1,y2
16,12.136,0.325352,1,0.325352,1,0.473137,1,0.712017,1,y2
16,12.264,0.298875,1,0.298875,1,0.436793,1,0.68314,1,y2
16,12.3776626571194,0.275595,1,0.275595,1,0.405172,1,0.658492,1,y2
16,12.392,0.272643,1,0.272643,1,0.401245,1,0.655478,1,y2
16,12.5,0.251562,1,0.251562,1,0.371969,1,0.633032,1,y2
16,12.52,0.247897,1,0.247897,1,0.366583,1,0.628898,1,y2
16,12.648,0.224409,1,0.224409,1,0.332735,1,0.602849,1,y2
16,12.6614147018462,0.221933,1,0.221933,1,0.329261,1,0.600195,1,y2
16,12.776,0.201161,1,0.201161,1,0.299568,1,0.577864,1,y2
16,12.904,0.178038,1,0.178038,1,0.267025,1,0.553372,1,y2
16,12.9516716275927,0.169907,1,0.169907,1,0.255395,1,0.544396,1,y2
16,13,0.161805,1,0.161805,1,0.243628,1,0.535408,1,y2
16,13.032,0.156398,1,0.156398,1,0.235795,1,0.529526,1,y2
16,13.16,0.135302,1,0.135302,1,0.205513,1,0.506396,1,y2
16,13.2485825556706,0.12103,1,0.12103,1,0.184276,1,0.490671,1,y2
16,13.288,0.114742,1,0.114742,1,0.17499,1,0.48376,1,y2
16,13.416,0.0948351,1,0.0948351,1,0.146751,1,0.461764,1,y2
16,13.5,0.0818809,1,0.0818809,1,0.12782,1,0.447673,1,y2
16,13.544,0.0753178,1,0.0753178,1,0.118186,1,0.440372,1,y2
16,13.5523000259267,0.0740889,1,0.0740889,1,0.11641,1,0.439,1,y2
16,13.672,0.0563189,1,0.0563189,1,0.0909732,1,0.419415,1,y2
16,13.8,0.0378705,1,0.0378705,1,0.0641523,1,0.399051,1,y2
16,13.8629800751116,0.0289084,1,0.0289084,1,0.0512773,1,0.389245,1,y2
16,13.928,0.0196665,1,0.0196665,1,0.0380866,1,0.379234,1,y2
16,14,0.00959622,1,0.00959622,1,0.0236717,1,0.368262,1,y2
16,14.056,0.0020964,1,0.0020964,1,0.0126121,1,0.359831,1,y2
16,14.1807823170444,0,1,0,1,0,1,0.341408,1,y2
16,14.184,0,1,0,1,0,1,0.34094,1,y2
16,14.312,0,1,0,1,0,1,0.322528,1,y2
16,14.44,0,1,0,1,0,1,0.304517,1,y2
16,14.5,0,1,0,1,0,1,0.296205,1,y2
16,14.5058700246152,0,1,0,1,0,1,0.295396,1,y2
16,14.568,0,1,0,1,0,1,0.286881,1,y2
16,14.696,0,1,0,1,0,1,0.269676,1,y2
16,14.824,0,1,0,1,0,1,0.252883,1,y2
16,14.8384102136676,0,1,0,1,0,1,0.251005,1,y2
16,14.952,0,1,0,1,0,1,0.236247,1,y2
16,15,0,1,0,1,0,1,0.230099,1,y2
16,15.08,0,1,0,1,0,1,0.220063,1,y2
16,15.1785737288045,0,1,0,1,0,1,0.207921,1,y2
16,15.208,0,1,0,1,0,1,0.204265,1,y2
16,15.336,0,1,0,1,0,1,0.188008,1,y2
16,15.464,0,1,0,1,0,1,0.172265,1,y2
16,15.5,0,1,0,1,0,1,0.168035,1,y2
16,15.5265353311598,0,1,0,1,0,1,0.164916,1,y2
16,15.592,0,1,0,1,0,1,0.157156,1,y2
16,15.72,0,1,0,1,0,1,0.141489,1,y2
16,15.848,0,1,0,1,0,1,0.126604,1,y2
16,15.8824737881839,0,1,0,1,0,1,0.122822,1,y2
16,15.976,0,1,0,1,0,1,0.112582,1,y2
16,16,0,1,0,1,0,1,0.109922,1,y2
16,16.104,0,1,0,1,0,1,0.0982459,1,y2
16,16.232,0,1,0,1,0,1,0.0842029,1,y2
16,16.246571965486,0,1,0,1,0,1,0.0826346,1,y2
16,16.36,0,1,0,1,0,1,0.070427,1,y2
16,16.488,0,1,0,1,0,1,0.0564906,1,y2
16,16.5,0,1,0,1,0,1,0.0551796,1,y2
16,16.616,0,1,0,1,0,1,0.0424976,1,y2
16,16.6190169207827,0,1,0,1,0,1,0.0421692,1,y2
16,16.744,0,1,0,1,0,1,0.0288528,1,y2
16,16.872,0,1,0,1,0,1,0.0156064,1,y2
16,17,0,1,0,1,0,1,0.00090193,1,y2
17,1,0,1,0,1,0,1,0,1,y2
17,1.02216887738619,0,1,0,1,0,1,0,1,y2
17,1.04482921389695,0,1,0,1,0,1,0,1,y2
17,1.06799190462934,0,1,0,1,0,1,0,1,y2
17,1.09166808621252,0,1,0,1,0,1,0,1,y2
17,1.11586914216219,0,1,0,1,0,1,0,1,y2
17,1.116,0,1,0,1,0,1,0,1,y2
17,1.14060670835382,0,1,0,1,0,1,0,1,y2
17,1.16589267861718,0,1,0,1,0,1,0,1,y2
17,1.19173921045491,0,1,0,1,0,1,0,1,y2
17,1.2181587308878,0,1,0,1,0,1,0,1,y2
17,1.232,0,1,0,1,0,1,0,1,y2
17,1.24516394242977,0,1,0,1,0,1,0,1,y2
17,1.27276782919521,0,1,0,1,0,1,0,1,y2
17,1.30098366314173,0,1,0,1,0,1,0,1,y2
17,1.32982501045136,0,1,0,1,0,1,0,1,y2
17,1.348,0,1,0,1,0,1,0,1,y2
17,1.35930573805314,0,1,0,1,0,1,0,1,y2
17,1.38944002029039,0,1,0,1,0,1,0,1,y2
17,1.42024234573568,0,1,0,1,0,1,0,1,y2
17,1.45172752415698,0,1,0,1,0,1,0,1,y2
17,1.464,0,1,0,1,0,1,0,1,y2
17,1.48391069363817,0,1,0,1,0,1,0,1,y2
17,1.5,0,1,0,1,0,1,0,1,y2
17,1.5168073278575,0,1,0,1,0,1,0,1,y2
17,1.55043324352725,0,1,0,1,0,1,0,1,y2
17,1.58,0,1,0,1,0,1,0,1,y2
17,1.58480460799848,0,1,0,1,0,1,0,1,y2
17,1.61993794703428,0,1,0,1,0,1,0,1,y2
17,1.65585015275532,0,1,0,1,0,1,0,1,y2
17,1.69255849176166,0,1,0,1,0,1,0,1,y2
17,1.696,0,1,0,1,0,1,0,1,y2
17,1.73008061343449,0,1,0,1,0,1,0,1,y2
17,1.76843455842195,0,1,0,1,0,1,0,1,y2
17,1.80763876731311,0,1,0,1,0,1,0,1,y2
17,1.812,0,1,0,1,0,1,0,1,y2
17,1.8477120895042,0,1,0,1,0,1,0,1,y2
17,1.88867379226141,0,1,0,1,0,1,0,1,y2
17,1.928,0,1,0,1,0,1,0,1,y2
17,1.93054356998457,0,1,0,1,0,1,0,1,y2
17,1.97334155367626,0,1,0,1,0,1,0,1,y2
17,2,0,1,0,1,0,1,0,1,y2
17,2.01708832062079,0,1,0,1,0,1,0,1,y2
17,2.044,0,1,0,1,0,1,0,1,y2
17,2.06180490427776,0,1,0,1,0,1,0,1,y2
17,2.10751280439494,0,1,0,1,0,1,0,1,y2
17,2.1542339973454,0,1,0,1,0,1,0,1,y2
17,2.16,0,1,0,1,0,1,0,1,y2
17,2.20199094669372,0,1,0,1,0,1,0,1,y2
17,2.25080661399648,0,1,0,1,0,1,0,1,y2
17,2.276,0,1,0,1,0,1,0,1,y2
17,2.30070446984221,0,1,0,1,0,1,0,1,y2
17,2.351708505136,0.182021,1,0.182021,1,0,1,0,1,y2
17,2.392,0.321047,1,0.321047,1,0,1,0,1,y2
17,2.40384324263443,0.359535,1,0.359535,1,0,1,0,1,y2
17,2.45713374873602,0.521006,1,0.521006,1,0,1,0,1,y2
17,2.5,0.638645,1,0.638645,1,0,1,0,1,y2
17,2.508,0.659527,1,0.659527,1,0,1,0,1,y2
17,2.51160564553323,0.668835,1,0.668835,1,0,1,0,1,y2
17,2.56728512313153,0.804948,1,0.804948,1,0,1,0,1,y2
17,2.624,0.930444,1,0.930444,1,0,1,0,1,y2
17,2.62419895224163,0.930863,1,0.930863,1,0,1,0,1,y2
17,2.68237449705085,1.04782,1,1.04782,1,0,1,0,1,y2
17,2.74,1.1536,1,1.1536,1,0,1,0,1,y2
17,2.74183972837982,1.15683,1,1.15683,1,0,1,0,1,y2
17,2.80262323713087,1.25875,1,1.25875,1,0,1,0,1,y2
17,2.856,1.34131,0,1.34131,0,0,1,0,1,y2
17,2.86475424803452,1.35429,0,1.35429,0,0,1,0,1,y2
17,2.92826263370077,1.44404,0,1.44404,0,0,1,0,1,y2
17,2.972,1.5017,0,1.5017,0,0,1,0,1,y2
17,2.99317892898186,1.52851,0,1.52851,0,0,1,0,1,y2
17,3,1.537,0,1.537,0,0,1,0,1,y2
17,3.05953434565339,1.60816,0,1.60816,0,0.097029,1,0,1,y2
17,3.088,1.64044,0,1.64044,0,0.167378,1,0,1,y2
17,3.12736078742103,1.68337,0,1.68337,0,0.261928,1,0.0127037,1,y2
17,3.19669086525975,1.75452,0,1.75452,0,0.420985,1,0.180175,1,y2
17,3.204,1.76171,0,1.76171,0,0.437248,1,0.197242,1,y2
17,3.26755791309326,1.82193,0,1.82193,0,0.574412,1,0.341341,1,y2
17,3.32,1.86866,0,1.86866,0,0.682669,1,0.454644,1,y2
17,3.33999600382091,1.88582,0,1.88582,0,0.722725,1,0.496636,1,y2
17,3.41403996569999,1.94631,0,1.94631,0,0.866154,1,0.646725,1,y2
17,3.436,1.96336,0,1.96336,0,0.907148,1,0.689461,1,y2
17,3.48972539909116,2.00343,0,2.00343,0,1.00509,1,0.791135,1,y2
17,3.5,2.01084,0,2.01084,0,1.02339,1,0.810095,1,y2
17,3.552,2.04723,0,2.04723,0,1.11385,1,0.903716,1,y2
17,3.5670886935751,2.05746,0,2.05746,0,1.13948,1,0.930318,1,y2
17,3.64616704544864,2.1088,0,2.1088,0,1.26966,1,1.06536,1,y2
17,3.668,2.12233,0,2.12233,0,1.30433,0,1.1012,1,y2
17,3.72699847560877,2.15752,0,2.15752,0,1.3956,0,1.19526,1,y2
17,3.784,2.18969,0,2.18969,0,1.48047,0,1.28267,0,y2
17,3.80962184783307,2.20358,0,2.20358,0,1.51759,0,1.32089,0,y2
17,3.89407688746544,2.24678,0,2.24678,0,1.63582,0,1.44259,0,y2
17,3.9,2.24966,0,2.24966,0,1.64388,0,1.45088,0,y2
17,3.98040420051607,2.2868,0,2.2868,0,1.7504,0,1.56041,0,y2
17,4,2.29539,0,2.29539,0,1.77558,0,1.5863,0,y2
17,4.016,2.30229,0,2.30229,0,1.79593,0,1.6072,0,y2
17,4.0686452931848,2.32417,0,2.32417,0,1.8615,0,1.67446,0,y2
17,4.132,2.34878,0,2.34878,0,1.93771,0,1.75255,0,y2
17,4.15884259181733,2.35859,0,2.35859,0,1.96916,0,1.78475,0,y2
17,4.248,2.38852,0,2.38852,0,2.07026,0,1.88812,0,y2
17,4.25103946330381,2.38947,0,2.38947,0,2.07361,0,1.89155,0,y2
17,4.34528023592966,2.41719,0,2.41719,0,2.17452,0,1.99485,0,y2
17,4.364,2.42221,0,2.42221,0,2.1939,0,2.01471,0,y2
17,4.44161022068863,2.4412,0,2.4412,0,2.27228,0,2.09482,0,y2
17,4.48,2.44968,0,2.44968,0,2.30982,0,2.13313,0,y2
17,4.5,2.45388,0,2.45388,0,2.32902,0,2.15281,0,y2
17,4.54007573306834,2.46181,0,2.46181,0,2.36677,0,2.1915,0,y2
17,4.596,2.47164,0,2.47164,0,2.41791,0,2.24419,0,y2
17,4.64072411531876,2.47842,0,2.47842,0,2.45774,0,2.2851,0,y2
17,4.712,2.48749,0,2.48749,0,2.51924,0,2.34821,0,y2
17,4.74360375921441,2.4908,0,2.4908,0,2.54571,0,2.37538,0,y2
17,4.828,2.4976,0,2.4976,0,2.61413,0,2.44555,0,y2
17,4.84876412932112,2.49883,0,2.49883,0,2.63045,0,2.46231,0,y2
17,4.944,2.50213,0,2.50213,0,2.70275,0,2.53664,0,y2
17,4.95625578677862,2.50229,0,2.50229,0,2.71175,0,2.54591,0,y2
17,5,2.50237,0,2.50237,0,2.74334,0,2.57846,0,y2
17,5.06,2.5012,0,2.5012,0,2.78525,0,2.62176,0,y2
17,5.06613041361032,2.501,0,2.501,0,2.78945,0,2.6261,0,y2
17,5.176,2.49496,0,2.49496,0,2.86173,0,2.70113,0,y2
17,5.17844083757211,2.49477,0,2.49477,0,2.86327,0,2.70274,0,y2
17,5.292,2.48368,0,2.48368,0,2.93215,0,2.77486,0,y2
17,5.2932410575519,2.48353,0,2.48353,0,2.93287,0,2.77562,0,y2
17,5.408,2.46793,0,2.46793,0,2.99643,0,2.84297,0,y2
17,5.41058626953234,2.46753,0,2.46753,0,2.9978,0,2.84443,0,y2
17,5.5,2.45232,0,2.45232,0,3.04296,0,2.893,0,y2
17,5.524,2.44778,0,2.44778,0,3.05443,0,2.90546,0,y2
17,5.53053289312902,2.44651,0,2.44651,0,3.05751,0,2.90881,0,y2
17,5.64,2.42335,0,2.42335,0,3.10594,0,2.96217,0,y2
17,5.65313859871711,2.42033,0,2.42033,0,3.11135,0,2.96822,0,y2
17,5.756,2.39504,0,2.39504,0,3.15068,0,3.01296,0,y2
17,5.77846233515922,2.38914,0,2.38914,0,3.15854,0,3.02209,0,y2
17,5.872,2.36322,0,2.36322,0,3.18838,0,3.05763,0,y2
17,5.9065643581481,2.35314,0,2.35314,0,3.19821,0,3.06973,0,y2
17,5.988,2.32837,0,2.32837,0,3.21877,0,3.09599,0,y2
17,6,2.32461,0,2.32461,0,3.22149,0,3.09959,0,y2
17,6.03750625917755,2.31267,0,2.31267,0,3.22946,0,3.11039,0,y2
17,6.104,2.29084,0,2.29084,0,3.24162,0,3.12781,0,y2
17,6.17135099515563,2.26799,0,2.26799,0,3.25134,0,3.1432,0,y2
17,6.22,2.25104,0,2.25104,0,3.25674,0,3.15287,0,y2
17,6.3081629186744,2.21946,0,2.21946,0,3.26298,0,3.16724,0,y2
17,6.336,2.20927,0,2.20927,0,3.26401,0,3.17094,0,y2
17,6.44800780895062,2.16739,0,2.16739,0,3.2636,0,3.18171,0,y2
17,6.452,2.16587,0,2.16587,0,3.26345,0,3.18197,0,y2
17,6.5,2.1475,0,2.1475,0,3.26093,0,3.18446,0,y2
17,6.568,2.12112,0,2.12112,0,3.25503,0,3.18589,0,y2
17,6.59095290345246,2.11212,0,2.11212,0,3.25242,0,3.18581,0,y2
17,6.684,2.07527,0,2.07527,0,3.23854,0,3.18261,0,y2
17,6.73706693022727,2.054,0,2.054,0,3.22818,0,3.17865,0,y2
17,6.8,2.02858,0,2.02858,0,3.21363,0,3.1719,0,y2
17,6.88642014094606,1.99336,0,1.99336,0,3.18963,0,3.15886,0,y2
17,6.916,1.98124,0,1.98124,0,3.18039,0,3.15336,0,y2
17,7,1.94666,0,1.94666,0,3.15152,0,3.13473,0,y2
17,7.032,1.93344,0,1.93344,0,3.13952,0,3.12643,0,y2
17,7.03908434468051,1.9305,0,1.9305,0,3.13678,0,3.1245,0,y2
17,7.148,1.88534,0,1.88534,0,3.09144,0,3.09157,0,y2
17,7.1951329424288,1.86576,0,1.86576,0,3.06992,0,3.07572,0,y2
17,7.264,1.83712,0,1.83712,0,3.03649,0,3.05117,0,y2
17,7.35464096240686,1.79943,0,1.79943,0,2.98913,0,3.01498,0,y2
17,7.38,1.78889,0,1.78889,0,2.97522,0,3.00408,0,y2
17,7.496,1.7408,0,1.7408,0,2.90819,0,2.95123,0,y2
17,7.5,1.73914,0,1.73914,0,2.90578,0,2.9493,0,y2
17,7.51768509612194,1.73183,0,1.73183,0,2.89506,0,2.94068,0,y2
17,7.612,1.69295,0,1.69295,0,2.83598,0,2.89253,0,y2
17,7.68434373524588,1.66328,0,1.66328,0,2.78852,0,2.85339,0,y2
17,7.728,1.64546,0,1.64546,0,2.75905,0,2.82885,0,y2
17,7.844,1.59842,0,1.59842,0,2.67785,0,2.76019,0,y2
17,7.85469700930591,1.59411,0,1.59411,0,2.67017,0,2.75363,0,y2
17,7.96,1.55194,0,1.55194,0,2.59291,0,2.68719,0,y2
17,8,1.53605,0,1.53605,0,2.56281,0,2.66112,0,y2
17,8.02882682421091,1.52465,0,1.52465,0,2.54089,0,2.64204,0,y2
17,8.076,1.50609,0,1.50609,0,2.5046,0,2.61032,0,y2
17,8.192,1.46096,0,1.46096,0,2.41328,0,2.52982,0,y2
17,8.20681690163182,1.45525,0,1.45525,0,2.40142,0,2.51931,0,y2
17,8.308,1.41664,0,1.41664,0,2.31935,0,2.44626,0,y2
17,8.38875281925503,1.38631,0,1.38631,0,2.25267,0,2.38641,0,y2
17,8.424,1.37322,0,1.37322,0,2.22327,0,2.35989,0,y2
17,8.5,1.34529,0,1.34529,0,2.15936,0,2.30196,0,y2
17,8.54,1.33077,0,1.33077,0,2.12543,0,2.27109,0,y2
17,8.57472205192818,1.31826,0,1.31826,0,2.09582,0,2.2441,0,y2
17,8.656,1.28937,0,1.28937,0,2.02611,0,2.18023,0,y2
17,8.76481401371806,1.25154,1,1.25154,1,1.93181,0,2.09334,0,y2
17,8.772,1.24908,1,1.24908,1,1.92556,0,2.08755,0,y2
17,8.888,1.20998,1,1.20998,1,1.82411,0,1.99343,0,y2
17,8.95912010090097,1.18662,1,1.18662,1,1.76167,0,1.93512,0,y2
17,9,1.17342,1,1.17342,1,1.72565,0,1.90143,0,y2
17,9.004,1.17213,1,1.17213,1,1.72212,0,1.89812,0,y2
17,9.12,1.1356,1,1.1356,1,1.61984,0,1.80193,0,y2
17,9.15773373590602,1.124,1,1.124,1,1.58649,0,1.77049,0,y2
17,9.236,1.10042,1,1.10042,1,1.51747,0,1.70512,0,y2
17,9.352,1.06659,1,1.06659,1,1.41531,0,1.60797,0,y2
17,9.36075041223273,1.0641,1,1.0641,1,1.40764,0,1.60063,0,y2
17,9.468,1.03397,1,1.03397,1,1.31369,0,1.51074,0,y2
17,9.5,1.02509,1,1.02509,1,1.28577,0,1.48394,0,y2
17,9.56826774036427,1.00618,1,1.00618,1,1.2265,1,1.42682,0,y2
17,9.584,1.00181,1,1.00181,1,1.21286,1,1.41367,0,y2
17,9.7,0.969321,1,0.969321,1,1.1129,1,1.31702,0,y2
17,9.78038549469867,0.9462,1,0.9462,1,1.04425,1,1.25044,1,y2
17,9.816,0.935821,1,0.935821,1,1.01407,1,1.22104,1,y2
17,9.932,0.902184,1,0.902184,1,0.916601,1,1.12576,1,y2
17,9.99720566152035,0.883825,1,0.883825,1,0.862529,1,1.07265,1,y2
17,10,0.883038,1,0.883038,1,0.860224,1,1.07038,1,y2
17,10.048,0.869472,1,0.869472,1,0.820699,1,1.03156,1,y2
17,10.164,0.835191,1,0.835191,1,0.726428,1,0.93843,1,y2
17,10.2188324880352,0.818622,1,0.818622,1,0.682404,1,0.894925,1,y2
17,10.28,0.801052,1,0.801052,1,0.633862,1,0.847083,1,y2
17,10.396,0.768698,1,0.768698,1,0.54319,1,0.757257,1,y2
17,10.4453725324925,0.754304,1,0.754304,1,0.505248,1,0.719463,1,y2
17,10.5,0.738341,1,0.738341,1,0.463635,1,0.678126,1,y2
17,10.512,0.734879,1,0.734879,1,0.454538,1,0.669072,1,y2
17,10.628,0.702094,1,0.702094,1,0.368176,1,0.582134,1,y2
17,10.6769347154184,0.688511,1,0.688511,1,0.332486,1,0.546241,1,y2
17,10.744,0.66995,1,0.66995,1,0.284412,1,0.497684,1,y2
17,10.86,0.63749,1,0.63749,1,0.202992,1,0.414966,1,y2
17,10.9136303719849,0.622741,1,0.622741,1,0.165906,1,0.377551,1,y2
17,10.976,0.605893,1,0.605893,1,0.123272,1,0.334668,1,y2
17,11,0.599464,1,0.599464,1,0.107035,1,0.318327,1,y2
17,11.092,0.574966,1,0.574966,1,0.0456954,1,0.25647,1,y2
17,11.1555733055397,0.558142,1,0.558142,1,0.00413264,1,0.214566,1,y2
17,11.208,0.544331,1,0.544331,1,0,1,0.180543,1,y2
17,11.324,0.514434,1,0.514434,1,0,1,0.106825,1,y2
17,11.4028798423229,0.494604,1,0.494604,1,0,1,0.057941,1,y2
17,11.44,0.485351,1,0.485351,1,0,1,0.0353041,1,y2
17,11.5,0.470516,1,0.470516,1,0,1,0,1,y2
17,11.556,0.456807,1,0.456807,1,0,1,0,1,y2
17,11.6556688873968,0.432853,1,0.432853,1,0,1,0,1,y2
17,11.672,0.429,1,0.429,1,0,1,0,1,y2
17,11.788,0.402047,1,0.402047,1,0,1,0,1,y2
17,11.904,0.375712,1,0.375712,1,0,1,0,1,y2
17,11.9140619818156,0.373466,1,0.373466,1,0,1,0,1,y2
17,12,0.354517,1,0.354517,1,0,1,0,1,y2
17,12.02,0.350164,1,0.350164,1,0,1,0,1,y2
17,12.136,0.325353,1,0.325353,1,0,1,0,1,y2
17,12.178183361062,0.316541,1,0.316541,1,0,1,0,1,y2
17,12.252,0.301331,1,0.301331,1,0,1,0,1,y2
17,12.368,0.277571,1,0.277571,1,0,1,0,1,y2
17,12.4481600147799,0.261339,1,0.261339,1,0,1,0,1,y2
17,12.484,0.254544,1,0.254544,1,0,1,0,1,y2
17,12.5,0.251584,1,0.251584,1,0,1,0,1,y2
17,12.6,0.233255,1,0.233255,1,0,1,0,1,y2
17,12.716,0.211937,1,0.211937,1,0,1,0,1,y2
17,12.7241217478313,0.210471,1,0.210471,1,0,1,0,1,y2
17,12.832,0.1911,1,0.1911,1,0,1,0,1,y2
17,12.948,0.170529,1,0.170529,1,0,1,0,1,y2
17,13,0.161807,1,0.161807,1,0,1,0,1,y2
17,13.006201242706,0.16076,1,0.16076,1,0,1,0,1,y2
17,13.064,0.150991,1,0.150991,1,0,1,0,1,y2
17,13.18,0.132104,1,0.132104,1,0,1,0,1,y2
17,13.2945341233157,0.113715,1,0.113715,1,0,1,0,1,y2
17,13.296,0.113485,1,0.113485,1,0,1,0,1,y2
17,13.412,0.0954583,1,0.0954583,1,0,1,0,1,y2
17,13.5,0.0818833,1,0.0818833,1,0,1,0,1,y2
17,13.528,0.077696,1,0.077696,1,0,1,0,1,y2
17,13.589259020202,0.0686243,1,0.0686243,1,0,1,0,1,y2
17,13.644,0.0604728,1,0.0604728,1,0,1,0,1,y2
17,13.76,0.0435682,1,0.0435682,1,0,1,0,1,y2
17,13.876,0.0270585,1,0.0270585,1,0,1,0,1,y2
17,13.8905176371901,0.0249949,1,0.0249949,1,0,1,0,1,y2
17,13.992,0.0106936,1,0.0106936,1,0,1,0,1,y2
17,14,0.00959648,1,0.00959648,1,0,1,0,1,y2
17,14.108,0,1,0,1,0,1,0,1,y2
17,14.1984548195197,0,1,0,1,0,1,0,1,y2
17,14.224,0,1,0,1,0,1,0,1,y2
17,14.34,0,1,0,1,0,1,0,1,y2
17,14.456,0,1,0,1,0,1,0,1,y2
17,14.5,0,1,0,1,0,1,0,1,y2
17,14.513218623487,0,1,0,1,0,1,0,1,y2
17,14.572,0,1,0,1,0,1,0,1,y2
17,14.688,0,1,0,1,0,1,0,1,y2
17,14.804,0,1,0,1,0,1,0,1,y2
17,14.8349603876301,0,1,0,1,0,1,0,1,y2
17,14.92,0,1,0,1,0,1,0,1,y2
17,15,0,1,0,1,0,1,0,1,y2
17,15.036,0,1,0,1,0,1,0,1,y2
17,15.152,0,1,0,1,0,1,0,1,y2
17,15.1638348054925,0,1,0,1,0,1,0,1,y2
17,15.268,0,1,0,1,0,1,0,1,y2
17,15.384,0,1,0,1,0,1,0,1,y2
17,15.5,0,1,0,1,0,1,0,1,y2
18,1,0,1,0,1,0,1,0,1,y2
18,1.02190077866029,0,1,0,1,0,1,0,1,y2
18,1.04428120142651,0,1,0,1,0,1,0,1,y2
18,1.06715177287806,0,1,0,1,0,1,0,1,y2
18,1.0905232276528,0,1,0,1,0,1,0,1,y2
18,1.112,0,1,0,1,0,1,0,1,y2
18,1.11440653548553,0,1,0,1,0,1,0,1,y2
18,1.13881290635678,0,1,0,1,0,1,0,1,y2
18,1.16375379575438,0,1,0,1,0,1,0,1,y2
18,1.18924091005028,0,1,0,1,0,1,0,1,y2
18,1.21528621199505,0,1,0,1,0,1,0,1,y2
18,1.224,0,1,0,1,0,1,0,1,y2
18,1.24190192633286,0,1,0,1,0,1,0,1,y2
18,1.26910054553927,0,1,0,1,0,1,0,1,y2
18,1.29689483568478,0,1,0,1,0,1,0,1,y2
18,1.32529784242679,0,1,0,1,0,1,0,1,y2
18,1.336,0,1,0,1,0,1,0,1,y2
18,1.35432289713274,0,1,0,1,0,1,0,1,y2
18,1.38398362313741,0,1,0,1,0,1,0,1,y2
18,1.41429394213721,0,1,0,1,0,1,0,1,y2
18,1.44526808072455,0,1,0,1,0,1,0,1,y2
18,1.448,0,1,0,1,0,1,0,1,y2
18,1.47692057706528,0,1,0,1,0,1,0,1,y2
18,1.5,0,1,0,1,0,1,0,1,y2
18,1.50926628772242,0,1,0,1,0,1,0,1,y2
18,1.54232039462927,0,1,0,1,0,1,0,1,y2
18,1.56,0,1,0,1,0,1,0,1,y2
18,1.5760984122153,0,1,0,1,0,1,0,1,y2
18,1.61061619468806,0,1,0,1,0,1,0,1,y2
18,1.64588994347461,0,1,0,1,0,1,0,1,y2
18,1.672,0,1,0,1,0,1,0,1,y2
18,1.68193621482585,0,1,0,1,0,1,0,1,y2
18,1.71877192758748,0,1,0,1,0,1,0,1,y2
18,1.7564143711411,0,1,0,1,0,1,0,1,y2
18,1.784,0,1,0,1,0,1,0,1,y2
18,1.79488121351921,0,1,0,1,0,1,0,1,y2
18,1.83419050969801,0,1,0,1,0,1,0,1,y2
18,1.87436071007172,0,1,0,1,0,1,0,1,y2
18,1.896,0,1,0,1,0,1,0,1,y2
18,1.91541066911255,0,1,0,1,0,1,0,1,y2
18,1.95735965422034,0,1,0,1,0,1,0,1,y2
18,2,0,1,0,1,0,1,0,1,y2
18,2.00022735476601,0,1,0,1,0,1,0,1,y2
18,2.008,0,1,0,1,0,1,0,1,y2
18,2.044033891333,0,1,0,1,0,1,0,1,y2
18,2.08879982516122,0,1,0,1,0,1,0,1,y2
18,2.12,0,1,0,1,0,1,0,1,y2
18,2.13454616779773,0,1,0,1,0,1,0,1,y2
18,2.18129439095885,0,1,0,1,0,1,0,1,y2
18,2.22906643660817,0,1,0,1,0,1,0,1,y2
18,2.232,0,1,0,1,0,1,0,1,y2
18,2.27788472725541,0,1,0,1,0,1,0,1,y2
18,2.3277721764807,0.0928695,1,0.0928695,1,0,1,0,1,y2
18,2.344,0.153882,1,0.153882,1,0,1,0,1,y2
18,2.37875219968939,0.276761,1,0.276761,1,0,1,0,1,y2
18,2.43084872510247,0.443646,1,0.443646,1,0,1,0,1,y2
18,2.456,0.517756,1,0.517756,1,0,1,0,1,y2
18,2.48408620498759,0.596135,1,0.596135,1,0,1,0,1,y2
18,2.5,0.638645,1,0.638645,1,0,1,0,1,y2
18,2.53848962713611,0.73629,1,0.73629,1,0,1,0,1,y2
18,2.568,0.806608,1,0.806608,1,0,1,0,1,y2
18,2.59408452659146,0.865774,1,0.865774,1,0,1,0,1,y2
18,2.65089699763443,0.985901,1,0.985901,1,0.492296,1,0.0918416,1,y2
18,2.68,1.04325,1,1.04325,1,0.703711,1,0.358178,1,y2
18,2.70895370603086,1.09777,1,1.09777,1,0.883545,1,0.57649,1,y2
18,2.76828190154762,1.20227,1,1.20227,1,1.18288,1,0.929025,1,y2
18,2.792,1.24157,1,1.24157,1,1.28351,0,1.04558,1,y2
18,2.8289094307427,1.30017,0,1.30017,0,1.42435,0,1.20673,1,y2
18,2.89086475003541,1.39209,0,1.39209,0,1.62666,0,1.4343,0,y2
18,2.904,1.41063,0,1.41063,0,1.66504,0,1.47701,0,y2
18,2.95417693906278,1.47859,0,1.47859,0,1.7996,0,1.62589,0,y2
18,3,1.537,0,1.537,0,1.90827,0,1.74525,0,y2
18,3.016,1.55663,0,1.55663,0,1.94353,0,1.78377,0,y2
18,3.01887571432853,1.56012,0,1.56012,0,1.94973,0,1.79054,0,y2
18,3.08499144315097,1.63708,0,1.63708,0,2.08208,0,1.93428,0,y2
18,3.128,1.68405,0,1.68405,0,2.15889,0,2.01721,0,y2
18,3.15255515791632,1.70986,0,1.70986,0,2.19992,0,2.06137,0,y2
18,3.2215985706442,1.7788,0,1.7788,0,2.30574,0,2.17488,0,y2
18,3.24,1.79632,0,1.79632,0,2.33181,0,2.20276,0,y2
18,3.2921540878722,1.84416,0,1.84416,0,2.40142,0,2.27705,0,y2
18,3.352,1.89595,0,1.89595,0,2.47435,0,2.35467,0,y2
18,3.36425482586626,1.90616,0,1.90616,0,2.48846,0,2.36967,0,y2
18,3.43793462616438,1.96485,0,1.96485,0,2.56801,0,2.45421,0,y2
18,3.464,1.98453,0,1.98453,0,2.59417,0,2.48201,0,y2
18,3.5,2.01084,0,2.01084,0,2.62874,0,2.51873,0,y2
18,3.51322807146056,2.02028,0,2.02028,0,2.64101,0,2.53174,0,y2
18,3.576,2.06343,0,2.06343,0,2.69634,0,2.59003,0,y2
18,3.59017050183674,2.07283,0,2.07283,0,2.7082,0,2.60243,0,y2
18,3.66879803135018,2.12281,0,2.12281,0,2.77016,0,2.66664,0,y2
18,3.688,2.13447,0,2.13447,0,2.78435,0,2.68124,0,y2
18,3.74914756498409,2.17023,0,2.17023,0,2.8273,0,2.72545,0,y2
18,3.8,2.1984,0,2.1984,0,2.86057,0,2.75996,0,y2
18,3.83125681596958,2.21503,0,2.21503,0,2.87999,0,2.78025,0,y2
18,3.912,2.25541,0,2.25541,0,2.92688,0,2.82909,0,y2
18,3.91516432348687,2.25692,0,2.25692,0,2.92862,0,2.8309,0,y2
18,4,2.29539,0,2.29539,0,2.97302,0,2.87684,0,y2
18,4.00090947075423,2.29579,0,2.29579,0,2.97347,0,2.87731,0,y2
18,4.024,2.30569,0,2.30569,0,2.98476,0,2.88908,0,y2
18,4.08853250351308,2.3321,0,2.3321,0,3.01469,0,2.9204,0,y2
18,4.136,2.35027,0,2.35027,0,3.03523,0,2.942,0,y2
18,4.17807454891793,2.36537,0,2.36537,0,3.05244,0,2.96027,0,y2
18,4.248,2.38852,0,2.38852,0,3.07907,0,2.98872,0,y2
18,4.26957763483998,2.39522,0,2.39522,0,3.08681,0,2.99699,0,y2
18,4.36,2.42116,0,2.42116,0,3.11686,0,3.02961,0,y2
18,4.36308470959355,2.42197,0,2.42197,0,3.11781,0,3.03066,0,y2
18,4.45863966209446,2.44502,0,2.44502,0,3.14543,0,3.06104,0,y2
18,4.472,2.44795,0,2.44795,0,3.14898,0,3.06499,0,y2
18,4.5,2.45388,0,2.45388,0,3.15616,0,3.07303,0,y2
18,4.55628734245999,2.46482,0,2.46482,0,3.16961,0,3.08825,0,y2
18,4.584,2.46966,0,2.46966,0,3.17575,0,3.09533,0,y2
18,4.6560735830599,2.48055,0,2.48055,0,3.19022,0,3.11233,0,y2
18,4.696,2.48564,0,2.48564,0,3.19734,0,3.12094,0,y2
18,4.75804522002853,2.49217,0,2.49217,0,3.20719,0,3.13312,0,y2
18,4.808,2.49624,0,2.49624,0,3.21408,0,3.14193,0,y2
18,4.86225011524803,2.49953,0,2.49953,0,3.22052,0,3.15048,0,y2
18,4.92,2.50165,0,2.50165,0,3.22618,0,3.15845,0,y2
18,4.96873717881306,2.50239,0,2.50239,0,3.22998,0,3.16426,0,y2
18,5,2.50237,0,2.50237,0,3.23196,0,3.16755,0,y2
18,5.032,2.50193,0,2.50193,0,3.23361,0,3.17059,0,y2
18,5.07755639198741,2.50059,0,2.50059,0,3.23531,0,3.17428,0,y2
18,5.144,2.49719,0,2.49719,0,3.23645,0,3.17844,0,y2
18,5.18875883066347,2.49395,0,2.49395,0,3.23629,0,3.18039,0,y2
18,5.256,2.48765,0,2.48765,0,3.23461,0,3.1821,0,y2
18,5.30239668933547,2.48244,0,2.48244,0,3.23244,0,3.18243,0,y2
18,5.368,2.47387,0,2.47387,0,3.22813,0,3.1817,0,y2
18,5.41852330559767,2.46628,0,2.46628,0,3.22395,0,3.18022,0,y2
18,5.48,2.45594,0,2.45594,0,3.21789,0,3.17734,0,y2
18,5.5,2.45231,0,2.45231,0,3.21567,0,3.17615,0,y2
18,5.5371931851792,2.4452,0,2.4452,0,3.21123,0,3.1736,0,y2
18,5.592,2.43394,0,2.43394,0,3.20398,0,3.16907,0,y2
18,5.65846202752709,2.41908,0,2.41908,0,3.19388,0,3.16238,0,y2
18,5.704,2.40816,0,2.40816,0,3.18615,0,3.15704,0,y2
18,5.78238675194963,2.38808,0,2.38808,0,3.17136,0,3.14644,0,y2
18,5.816,2.37897,0,2.37897,0,3.16445,0,3.14137,0,y2
18,5.90902552433228,2.35239,0,2.35239,0,3.14356,0,3.1257,0,y2
18,5.928,2.34673,0,2.34673,0,3.13899,0,3.12221,0,y2
18,6,2.32459,0,2.32459,0,3.12079,0,3.10812,0,y2
18,6.0384377844387,2.31235,0,2.31235,0,3.11051,0,3.10005,0,y2
18,6.04,2.31184,0,2.31184,0,3.11008,0,3.09972,0,y2
18,6.152,2.27461,0,2.27461,0,3.07796,0,3.07405,0,y2
18,6.17068427380964,2.2682,0,2.2682,0,3.07231,0,3.06947,0,y2
18,6.264,2.23539,0,2.23539,0,3.04287,0,3.04536,0,y2
18,6.30582706427289,2.22028,0,2.22028,0,3.02905,0,3.03391,0,y2
18,6.376,2.19445,0,2.19445,0,3.00501,0,3.01382,0,y2
18,6.44392958707761,2.16891,0,2.16891,0,2.98079,0,2.99337,0,y2
18,6.488,2.15209,0,2.15209,0,2.96459,0,2.97961,0,y2
18,6.5,2.14747,0,2.14747,0,2.96011,0,2.97579,0,y2
18,6.5850566626667,2.11441,0,2.11441,0,2.92762,0,2.94789,0,y2
18,6.6,2.10854,0,2.10854,0,2.92178,0,2.94285,0,y2
18,6.712,2.06405,0,2.06405,0,2.87674,0,2.90375,0,y2
18,6.72927453110125,2.05711,0,2.05711,0,2.86961,0,2.89751,0,y2
18,6.824,2.01881,0,2.01881,0,2.82961,0,2.8624,0,y2
18,6.87665088315124,1.99733,0,1.99733,0,2.80677,0,2.84226,0,y2
18,6.936,1.973,0,1.973,0,2.78051,0,2.819,0,y2
18,7,1.94664,0,1.94664,0,2.7516,0,2.79331,0,y2
18,7.02725489206724,1.93538,0,1.93538,0,2.73911,0,2.7822,0,y2
18,7.048,1.92679,0,1.92679,0,2.72953,0,2.77367,0,y2
18,7.16,1.88034,0,1.88034,0,2.67679,0,2.72651,0,y2
18,7.18115724604786,1.87155,0,1.87155,0,2.66664,0,2.71741,0,y2
18,7.272,1.83377,0,1.83377,0,2.62237,0,2.67766,0,y2
18,7.33843018141831,1.80615,0,1.80615,0,2.58933,0,2.64788,0,y2
18,7.384,1.78721,0,1.78721,0,2.56635,0,2.62712,0,y2
18,7.496,1.74078,0,1.74078,0,2.5088,0,2.57504,0,y2
18,7.49914751653556,1.73948,0,1.73948,0,2.50716,0,2.57356,0,y2
18,7.5,1.73913,0,1.73913,0,2.50672,0,2.57316,0,y2
18,7.608,1.69458,0,1.69458,0,2.44979,0,2.52151,0,y2
18,7.66338468643608,1.67184,0,1.67184,0,2.42009,0,2.49449,0,y2
18,7.72,1.6487,0,1.6487,0,2.38937,0,2.46652,0,y2
18,7.83121877824239,1.60356,0,1.60356,0,2.32803,0,2.41055,0,y2
18,7.832,1.60324,0,1.60324,0,2.32759,0,2.41016,0,y2
18,7.944,1.5583,0,1.5583,0,2.26451,0,2.35248,0,y2
18,8,1.53604,0,1.53604,0,2.23249,0,2.32315,0,y2
18,8.002728567345,1.53496,0,1.53496,0,2.23092,0,2.32172,0,y2
18,8.056,1.51394,0,1.51394,0,2.20016,0,2.29352,0,y2
18,8.168,1.47022,0,1.47022,0,2.13461,0,2.23335,0,y2
18,8.17799455437682,1.46636,0,1.46636,0,2.12871,0,2.22792,0,y2
18,8.28,1.42725,0,1.42725,0,2.06793,0,2.17201,0,y2
18,8.3570990029973,1.39814,0,1.39814,0,2.02137,0,2.12912,0,y2
18,8.392,1.3851,0,1.3851,0,2.00014,0,2.10955,0,y2
18,8.5,1.34529,0,1.34529,0,1.93377,0,2.04831,0,y2
18,8.504,1.34383,0,1.34383,0,1.9313,0,2.04602,0,y2
18,8.54012597850409,1.33072,0,1.33072,0,1.9089,0,2.0253,0,y2
18,8.616,1.30351,0,1.30351,0,1.86148,0,1.98148,0,y2
18,8.72716138729032,1.26451,1,1.26451,1,1.79134,0,1.91649,0,y2
18,8.728,1.26422,1,1.26422,1,1.79081,0,1.91599,0,y2
18,8.84,1.22601,1,1.22601,1,1.71938,0,1.84962,0,y2
18,8.91829301716601,1.19997,1,1.19997,1,1.66902,0,1.80274,0,y2
18,8.952,1.18893,1,1.18893,1,1.64728,0,1.78245,0,y2
18,9,1.17341,1,1.17341,1,1.61617,0,1.75344,0,y2
18,9.064,1.15307,1,1.15307,1,1.57463,0,1.71456,0,y2
18,9.11361057856259,1.13757,1,1.13757,1,1.54234,0,1.68429,0,y2
18,9.176,1.11844,1,1.11844,1,1.50161,0,1.64606,0,y2
18,9.288,1.08508,1,1.08508,1,1.42844,0,1.57706,0,y2
18,9.31320574663979,1.07774,1,1.07774,1,1.41197,0,1.56148,0,y2
18,9.4,1.05294,1,1.05294,1,1.35534,0,1.50769,0,y2
18,9.5,1.025,1,1.025,1,1.29029,0,1.44558,0,y2
18,9.512,1.02167,1,1.02167,1,1.28252,0,1.43812,0,y2
18,9.51717220431471,1.02023,1,1.02023,1,1.27917,0,1.43491,0,y2
18,9.624,0.990507,1,0.990507,1,1.21022,1,1.36851,0,y2
18,9.72560568623329,0.961841,1,0.961841,1,1.14536,1,1.3055,0,y2
18,9.736,0.958872,1,0.958872,1,1.13878,1,1.29907,0,y2
18,9.848,0.926464,1,0.926464,1,1.06856,1,1.22996,1,y2
18,9.93860402370477,0.90023,1,0.90023,1,1.01292,1,1.17439,1,y2
18,9.96,0.894143,1,0.894143,1,0.99991,1,1.16132,1,y2
18,10,0.882827,1,0.882827,1,0.975778,1,1.13698,1,y2
18,10.072,0.862366,1,0.862366,1,0.933115,1,1.09348,1,y2
18,10.1562671906202,0.837636,1,0.837636,1,0.884216,1,1.04327,1,y2
18,10.184,0.829264,1,0.829264,1,0.868446,1,1.02691,1,y2
18,10.296,0.796438,1,0.796438,1,0.806079,1,0.961895,1,y2
18,10.3786973503768,0.773517,1,0.773517,1,0.76169,1,0.915036,1,y2
18,10.408,0.765265,1,0.765265,1,0.746277,1,0.89867,1,y2
18,10.5,0.738521,1,0.738521,1,0.699453,1,0.848275,1,y2
18,10.52,0.732698,1,0.732698,1,0.689568,1,0.837491,1,y2
18,10.6059989038295,0.708196,1,0.708196,1,0.648423,1,0.792046,1,y2
18,10.632,0.700898,1,0.700898,1,0.636408,1,0.77858,1,y2
18,10.744,0.669808,1,0.669808,1,0.586687,1,0.722186,1,y2
18,10.8382785382936,0.643662,1,0.643662,1,0.547454,1,0.676766,1,y2
18,10.856,0.638723,1,0.638723,1,0.540349,1,0.668451,1,y2
18,10.968,0.607923,1,0.607923,1,0.497351,1,0.617584,1,y2
18,11,0.599329,1,0.599329,1,0.485664,1,0.60355,1,y2
18,11.0756452776194,0.579219,1,0.579219,1,0.45907,1,0.571402,1,y2
18,11.08,0.578066,1,0.578066,1,0.457578,1,0.569594,1,y2
18,11.192,0.548574,1,0.548574,1,0.42091,1,0.524659,1,y2
18,11.304,0.519483,1,0.519483,1,0.387354,1,0.482636,1,y2
18,11.3182105333644,0.515842,1,0.515842,1,0.383312,1,0.477531,1,y2
18,11.416,0.491237,1,0.491237,1,0.35669,1,0.443706,1,y2
18,11.5,0.4705,1,0.4705,1,0.335592,1,0.416306,1,y2
18,11.528,0.463642,1,0.463642,1,0.328908,1,0.407559,1,y2
18,11.5660881570862,0.454369,1,0.454369,1,0.320088,1,0.395981,1,y2
18,11.64,0.436587,1,0.436587,1,0.303788,1,0.374438,1,y2
18,11.752,0.410262,1,0.410262,1,0.281102,1,0.343846,1,y2
18,11.81939449378,0.394816,1,0.394816,1,0.268659,1,0.32687,1,y2
18,11.864,0.38472,1,0.38472,1,0.260869,1,0.316071,1,y2
18,11.976,0.35975,1,0.35975,1,0.242643,1,0.290035,1,y2
18,12,0.354491,1,0.354491,1,0.239008,1,0.284799,1,y2
18,12.0782484364869,0.3376,1,0.3376,1,0.22787,1,0.2687,1,y2
18,12.088,0.33552,1,0.33552,1,0.226553,1,0.266772,1,y2
18,12.2,0.311962,1,0.311962,1,0.212275,1,0.245695,1,y2
18,12.312,0.289122,1,0.289122,1,0.199858,1,0.227186,1,y2
18,12.3427714820985,0.282969,1,0.282969,1,0.196817,1,0.22248,1,y2
18,12.424,0.266848,1,0.266848,1,0.189077,1,0.210649,1,y2
18,12.5,0.251657,1,0.251657,1,0.182326,1,0.200433,1,y2
18,12.536,0.244398,1,0.244398,1,0.179325,1,0.195873,1,y2
18,12.6130877883825,0.229876,1,0.229876,1,0.17335,1,0.186671,1,y2
18,12.648,0.223767,1,0.223767,1,0.170838,1,0.182749,1,y2
18,12.76,0.204059,1,0.204059,1,0.163541,1,0.171159,1,y2
18,12.872,0.184257,1,0.184257,1,0.157321,1,0.160965,1,y2
18,12.8893242322587,0.181335,1,0.181335,1,0.156447,1,0.159507,1,y2
18,12.984,0.166057,1,0.166057,1,0.152048,1,0.152065,1,y2
18,13,0.163394,1,0.163394,1,0.151364,1,0.15089,1,y2
18,13.096,0.146237,1,0.146237,1,0.147471,1,0.144322,1,y2
18,13.1716104693501,0.133157,1,0.133157,1,0.144752,1,0.139703,1,y2
18,13.208,0.127225,1,0.127225,1,0.143604,1,0.137639,1,y2
18,13.32,0.109181,1,0.109181,1,0.140625,1,0.131909,1,y2
18,13.432,0.0917805,1,0.0917805,1,0.138277,1,0.127049,1,y2
18,13.4600789948389,0.0875688,1,0.0875688,1,0.137771,1,0.125956,1,y2
18,13.5,0.0815225,1,0.0815225,1,0.137102,1,0.124483,1,y2
18,13.544,0.0748626,1,0.0748626,1,0.136428,1,0.122966,1,y2
18,13.656,0.0585272,1,0.0585272,1,0.135018,1,0.119568,1,y2
18,13.7548652056549,0.0441131,1,0.0441131,1,0.134092,1,0.117095,1,y2
18,13.768,0.042244,1,0.042244,1,0.133992,1,0.116801,1,y2
18,13.88,0.0262971,1,0.0262971,1,0.133321,1,0.114599,1,y2
18,13.992,0.0106308,1,0.0106308,1,0.133003,1,0.112891,1,y2
18,14,0.00953608,1,0.00953608,1,0.133008,1,0.112787,1,y2
18,14.0561074640261,0.00182405,1,0.00182405,1,0.133198,1,0.112116,1,y2
18,14.104,0,1,0,1,0.13337,1,0.111622,1,y2
18,14.216,0,1,0,1,0.133291,1,0.110722,1,y2
18,14.328,0,1,0,1,0.133527,1,0.110149,1,y2
18,14.3639471624211,0,1,0,1,0.133645,1,0.110032,1,y2
18,14.44,0,1,0,1,0.13396,1,0.109884,1,y2
18,14.5,0,1,0,1,0.134256,1,0.109855,1,y2
18,14.552,0,1,0,1,0.134545,1,0.109888,1,y2
18,14.664,0,1,0,1,0.135265,1,0.110115,1,y2
18,14.6785287899134,0,1,0,1,0.135366,1,0.110158,1,y2
18,14.776,0,1,0,1,0.136081,1,0.110517,1,y2
18,14.888,0,1,0,1,0.136978,1,0.11106,1,y2
18,15,0,1,0,1,0.13793,1,0.111765,1,y2
