rep,ID,time,y1,y1_simBlq_simulated,indivPredSimulated,censored,split,color,filter
1,7,1,3,1.26318,0.121718,1,All,#4682B4,0
2,7,1,3,0.935,0,1,All,#4682B4,0
3,7,1,3,0.483296,0.385652,1,All,#4682B4,0
4,7,1,3,0.834499,0,1,All,#4682B4,0
5,7,1,3,0.900528,0,1,All,#4682B4,0
6,7,1,3,0.790695,0.669876,1,All,#4682B4,0
7,7,1,3,0.469942,0.787416,1,All,#4682B4,0
8,7,1,3,0.700599,0,1,All,#4682B4,0
9,7,1,3,0.579806,0,1,All,#4682B4,0
10,7,1,3,0.595121,0,1,All,#4682B4,0
1,7,1.5,3,1.91509,1.08608,1,All,#4682B4,0
2,7,1.5,3,0.766062,0.729121,1,All,#4682B4,0
3,7,1.5,3,1.75954,1.39705,1,All,#4682B4,0
4,7,1.5,3,2.18655,1.04542,1,All,#4682B4,0
5,7,1.5,3,1.74998,0.888889,1,All,#4682B4,0
6,7,1.5,3,0.799324,1.02263,1,All,#4682B4,0
7,7,1.5,3,1.54648,1.50157,1,All,#4682B4,0
8,7,1.5,3,0.374494,0,1,All,#4682B4,0
9,7,1.5,3,0.484095,0.707751,1,All,#4682B4,0
10,7,1.5,3,0.721873,0,1,All,#4682B4,0
1,7,2,3,0.36781,1.41749,1,All,#4682B4,0
2,7,2,3,1.73663,1.49219,1,All,#4682B4,0
3,7,2,3,2.42636,2.0614,1,All,#4682B4,0
4,7,2,3,0.242445,1.56699,1,All,#4682B4,0
5,7,2,3,2.12922,1.40055,1,All,#4682B4,0
6,7,2,3,2.51631,1.43538,1,All,#4682B4,0
7,7,2,3,1.96079,1.95912,1,All,#4682B4,0
8,7,2,3,0.365419,0,1,All,#4682B4,0
9,7,2,3,1.88225,1.56733,1,All,#4682B4,0
10,7,2,3,2.55994,1.59657,1,All,#4682B4,0
1,7,2.5,3,1.92136,1.8099,1,All,#4682B4,0
2,7,2.5,3,2.33728,2.19088,1,All,#4682B4,0
3,7,2.5,3,2.76342,2.73341,1,All,#4682B4,0
4,7,2.5,3,1.98407,2.12852,1,All,#4682B4,0
5,7,2.5,3,2.13272,1.94745,1,All,#4682B4,0
6,7,2.5,3,2.37266,1.92351,1,All,#4682B4,0
7,7,2.5,3,2.71911,2.46235,1,All,#4682B4,0
8,7,2.5,3,1.9422,1.56028,1,All,#4682B4,0
9,7,2.5,3,1.60873,2.40263,1,All,#4682B4,0
10,7,2.5,3,2.04496,2.45574,1,All,#4682B4,0
1,7,3,3,1.34366,2.27744,1,All,#4682B4,0
2,7,3,3,2.24593,2.92468,1,All,#4682B4,0
3,7,3,3,2.7444,3.41293,1,All,#4682B4,0
4,7,3,3,2.343,2.7341,1,All,#4682B4,0
5,7,3,3,2.25618,2.5521,1,All,#4682B4,0
6,7,3,3,1.45588,2.50757,1,All,#4682B4,0
7,7,3,3,2.58495,3.01545,1,All,#4682B4,0
8,7,3,3,2.2516,2.61655,1,All,#4682B4,0
9,7,3,3,2.64219,3.22602,1,All,#4682B4,0
10,7,3,3,2.17724,3.28788,1,All,#4682B4,0
1,7,3.5,3.949,3.949,2.84032,0,All,#4682B4,0
2,7,3.5,3.949,3.949,3.69607,0,All,#4682B4,0
3,7,3.5,3.949,3.949,4.1,0,All,#4682B4,0
4,7,3.5,3.949,3.949,3.38952,0,All,#4682B4,0
5,7,3.5,3.949,3.949,3.22339,0,All,#4682B4,0
6,7,3.5,3.949,3.949,3.2131,0,All,#4682B4,0
7,7,3.5,3.949,3.949,3.62694,0,All,#4682B4,0
8,7,3.5,3.949,3.949,3.59726,0,All,#4682B4,0
9,7,3.5,3.949,3.949,4.03818,0,All,#4682B4,0
10,7,3.5,3.949,3.949,4.09465,0,All,#4682B4,0
1,7,4,3,1.88705,3.52661,1,All,#4682B4,0
2,7,4,3,2.23085,4.50785,1,All,#4682B4,0
3,7,4,3,2.08946,4.79449,1,All,#4682B4,0
4,7,4,3,2.90407,4.10013,1,All,#4682B4,0
5,7,4,3,2.52644,3.97382,1,All,#4682B4,0
6,7,4,3,2.91939,4.07753,1,All,#4682B4,0
7,7,4,3,2.91359,4.306,1,All,#4682B4,0
8,7,4,3,2.6508,4.50978,1,All,#4682B4,0
9,7,4,3,2.80403,4.83912,1,All,#4682B4,0
10,7,4,3,2.89599,4.87676,1,All,#4682B4,0
1,7,4.5,5.246,5.246,4.3774,0,All,#4682B4,0
2,7,4.5,5.246,5.246,5.363,0,All,#4682B4,0
3,7,4.5,5.246,5.246,5.49506,0,All,#4682B4,0
4,7,4.5,5.246,5.246,4.87212,0,All,#4682B4,0
5,7,4.5,5.246,5.246,4.81594,0,All,#4682B4,0
6,7,4.5,5.246,5.246,5.15731,0,All,#4682B4,0
7,7,4.5,5.246,5.246,5.06296,0,All,#4682B4,0
8,7,4.5,5.246,5.246,5.36025,0,All,#4682B4,0
9,7,4.5,5.246,5.246,5.62758,0,All,#4682B4,0
10,7,4.5,5.246,5.246,5.63427,0,All,#4682B4,0
1,7,5,5.678,5.678,5.45669,0,All,#4682B4,0
2,7,5,5.678,5.678,6.26016,0,All,#4682B4,0
3,7,5,5.678,5.678,6.19469,0,All,#4682B4,0
4,7,5,5.678,5.678,5.71206,0,All,#4682B4,0
5,7,5,5.678,5.678,5.76496,0,All,#4682B4,0
6,7,5,5.678,5.678,6.53476,0,All,#4682B4,0
7,7,5,5.678,5.678,5.90573,0,All,#4682B4,0
8,7,5,5.678,5.678,6.15087,0,All,#4682B4,0
9,7,5,5.678,5.678,6.395,0,All,#4682B4,0
10,7,5,5.678,5.678,6.3628,0,All,#4682B4,0
1,7,5.5,7.345,7.345,6.85967,0,All,#4682B4,0
2,7,5.5,7.345,7.345,7.16838,0,All,#4682B4,0
3,7,5.5,7.345,7.345,6.85927,0,All,#4682B4,0
4,7,5.5,7.345,7.345,6.61474,0,All,#4682B4,0
5,7,5.5,7.345,7.345,6.82055,0,All,#4682B4,0
6,7,5.5,7.345,7.345,7.94825,0,All,#4682B4,0
7,7,5.5,7.345,7.345,6.8043,0,All,#4682B4,0
8,7,5.5,7.345,7.345,6.86508,0,All,#4682B4,0
9,7,5.5,7.345,7.345,7.09575,0,All,#4682B4,0
10,7,5.5,7.345,7.345,7.03567,0,All,#4682B4,0
1,7,6,8.513,8.513,8.33644,0,All,#4682B4,0
2,7,6,8.513,8.513,7.87276,0,All,#4682B4,0
3,7,6,8.513,8.513,7.36574,0,All,#4682B4,0
4,7,6,8.513,8.513,7.47248,0,All,#4682B4,0
5,7,6,8.513,8.513,7.78788,0,All,#4682B4,0
6,7,6,8.513,8.513,7.93378,0,All,#4682B4,0
7,7,6,8.513,8.513,7.49126,0,All,#4682B4,0
8,7,6,8.513,8.513,7.4271,0,All,#4682B4,0
9,7,6,8.513,8.513,7.57853,0,All,#4682B4,0
10,7,6,8.513,8.513,7.55633,0,All,#4682B4,0
1,7,6.5,7.832,7.832,8.41655,0,All,#4682B4,0
2,7,6.5,7.832,7.832,7.99569,0,All,#4682B4,0
3,7,6.5,7.832,7.832,7.53385,0,All,#4682B4,0
4,7,6.5,7.832,7.832,7.86411,0,All,#4682B4,0
5,7,6.5,7.832,7.832,8.02861,0,All,#4682B4,0
6,7,6.5,7.832,7.832,7.45922,0,All,#4682B4,0
7,7,6.5,7.832,7.832,7.57834,0,All,#4682B4,0
8,7,6.5,7.832,7.832,7.67695,0,All,#4682B4,0
9,7,6.5,7.832,7.832,7.70553,0,All,#4682B4,0
10,7,6.5,7.832,7.832,7.77183,0,All,#4682B4,0
1,7,7,6.952,6.952,8.07519,0,All,#4682B4,0
2,7,7,6.952,6.952,7.72978,0,All,#4682B4,0
3,7,7,6.952,6.952,7.39302,0,All,#4682B4,0
4,7,7,6.952,6.952,7.70867,0,All,#4682B4,0
5,7,7,6.952,6.952,7.83477,0,All,#4682B4,0
6,7,7,6.952,6.952,7.12556,0,All,#4682B4,0
7,7,7,6.952,6.952,7.35113,0,All,#4682B4,0
8,7,7,6.952,6.952,7.58441,0,All,#4682B4,0
9,7,7,6.952,6.952,7.59576,0,All,#4682B4,0
10,7,7,6.952,6.952,7.69469,0,All,#4682B4,0
1,7,7.5,8.266,8.266,7.77835,0,All,#4682B4,0
2,7,7.5,8.266,8.266,7.38975,0,All,#4682B4,0
3,7,7.5,8.266,8.266,7.1434,0,All,#4682B4,0
4,7,7.5,8.266,8.266,7.39287,0,All,#4682B4,0
5,7,7.5,8.266,8.266,7.65967,0,All,#4682B4,0
6,7,7.5,8.266,8.266,6.94594,0,All,#4682B4,0
7,7,7.5,8.266,8.266,7.11151,0,All,#4682B4,0
8,7,7.5,8.266,8.266,7.33203,0,All,#4682B4,0
9,7,7.5,8.266,8.266,7.38235,0,All,#4682B4,0
10,7,7.5,8.266,8.266,7.48384,0,All,#4682B4,0
1,7,8,7.563,7.563,7.54991,0,All,#4682B4,0
2,7,8,7.563,7.563,7.10767,0,All,#4682B4,0
3,7,8,7.563,7.563,6.91667,0,All,#4682B4,0
4,7,8,7.563,7.563,7.11314,0,All,#4682B4,0
5,7,8,7.563,7.563,7.55812,0,All,#4682B4,0
6,7,8,7.563,7.563,6.87175,0,All,#4682B4,0
7,7,8,7.563,7.563,6.94766,0,All,#4682B4,0
8,7,8,7.563,7.563,7.08489,0,All,#4682B4,0
9,7,8,7.563,7.563,7.13603,0,All,#4682B4,0
10,7,8,7.563,7.563,7.25847,0,All,#4682B4,0
1,7,8.5,7.162,7.162,7.36123,0,All,#4682B4,0
2,7,8.5,7.162,7.162,6.91172,0,All,#4682B4,0
3,7,8.5,7.162,7.162,6.75678,0,All,#4682B4,0
4,7,8.5,7.162,7.162,6.91693,0,All,#4682B4,0
5,7,8.5,7.162,7.162,7.45344,0,All,#4682B4,0
6,7,8.5,7.162,7.162,6.85068,0,All,#4682B4,0
7,7,8.5,7.162,7.162,6.85851,0,All,#4682B4,0
8,7,8.5,7.162,7.162,6.9066,0,All,#4682B4,0
9,7,8.5,7.162,7.162,6.8877,0,All,#4682B4,0
10,7,8.5,7.162,7.162,7.07073,0,All,#4682B4,0
1,7,9,6.28,6.28,7.1873,0,All,#4682B4,0
2,7,9,6.28,6.28,6.79156,0,All,#4682B4,0
3,7,9,6.28,6.28,6.66463,0,All,#4682B4,0
4,7,9,6.28,6.28,6.74685,0,All,#4682B4,0
5,7,9,6.28,6.28,7.27896,0,All,#4682B4,0
6,7,9,6.28,6.28,6.85023,0,All,#4682B4,0
7,7,9,6.28,6.28,6.78107,0,All,#4682B4,0
8,7,9,6.28,6.28,6.80322,0,All,#4682B4,0
9,7,9,6.28,6.28,6.64977,0,All,#4682B4,0
10,7,9,6.28,6.28,6.88275,0,All,#4682B4,0
1,7,9.5,8.078,8.078,7.02259,0,All,#4682B4,0
2,7,9.5,8.078,8.078,6.66495,0,All,#4682B4,0
3,7,9.5,8.078,8.078,6.62884,0,All,#4682B4,0
4,7,9.5,8.078,8.078,6.5776,0,All,#4682B4,0
5,7,9.5,8.078,8.078,7.05606,0,All,#4682B4,0
6,7,9.5,8.078,8.078,6.85223,0,All,#4682B4,0
7,7,9.5,8.078,8.078,6.67099,0,All,#4682B4,0
8,7,9.5,8.078,8.078,6.76248,0,All,#4682B4,0
9,7,9.5,8.078,8.078,6.42528,0,All,#4682B4,0
10,7,9.5,8.078,8.078,6.67133,0,All,#4682B4,0
1,7,10,7.415,7.415,6.85466,0,All,#4682B4,0
2,7,10,7.415,7.415,6.50678,0,All,#4682B4,0
3,7,10,7.415,7.415,6.58354,0,All,#4682B4,0
4,7,10,7.415,7.415,6.40122,0,All,#4682B4,0
5,7,10,7.415,7.415,6.7946,0,All,#4682B4,0
6,7,10,7.415,7.415,6.77081,0,All,#4682B4,0
7,7,10,7.415,7.415,6.5271,0,All,#4682B4,0
8,7,10,7.415,7.415,6.76877,0,All,#4682B4,0
9,7,10,7.415,7.415,6.2116,0,All,#4682B4,0
10,7,10,7.415,7.415,6.43622,0,All,#4682B4,0
1,7,10.5,7.022,7.022,6.68374,0,All,#4682B4,0
2,7,10.5,7.022,7.022,6.30691,0,All,#4682B4,0
3,7,10.5,7.022,7.022,6.47115,0,All,#4682B4,0
4,7,10.5,7.022,7.022,6.20649,0,All,#4682B4,0
5,7,10.5,7.022,7.022,6.49601,0,All,#4682B4,0
6,7,10.5,7.022,7.022,6.59433,0,All,#4682B4,0
7,7,10.5,7.022,7.022,6.34756,0,All,#4682B4,0
8,7,10.5,7.022,7.022,6.78679,0,All,#4682B4,0
9,7,10.5,7.022,7.022,6.00008,0,All,#4682B4,0
10,7,10.5,7.022,7.022,6.17323,0,All,#4682B4,0
1,7,11,6.394,6.394,6.5022,0,All,#4682B4,0
2,7,11,6.394,6.394,6.05876,0,All,#4682B4,0
3,7,11,6.394,6.394,6.28924,0,All,#4682B4,0
4,7,11,6.394,6.394,5.98688,0,All,#4682B4,0
5,7,11,6.394,6.394,6.14606,0,All,#4682B4,0
6,7,11,6.394,6.394,6.34517,0,All,#4682B4,0
7,7,11,6.394,6.394,6.13105,0,All,#4682B4,0
8,7,11,6.394,6.394,6.66075,0,All,#4682B4,0
9,7,11,6.394,6.394,5.78131,0,All,#4682B4,0
10,7,11,6.394,6.394,5.87627,0,All,#4682B4,0
1,7,11.5,5.54,5.54,6.31842,0,All,#4682B4,0
2,7,11.5,5.54,5.54,5.74812,0,All,#4682B4,0
3,7,11.5,5.54,5.54,6.03632,0,All,#4682B4,0
4,7,11.5,5.54,5.54,5.73443,0,All,#4682B4,0
5,7,11.5,5.54,5.54,5.7304,0,All,#4682B4,0
6,7,11.5,5.54,5.54,6.0336,0,All,#4682B4,0
7,7,11.5,5.54,5.54,5.87562,0,All,#4682B4,0
8,7,11.5,5.54,5.54,6.38834,0,All,#4682B4,0
9,7,11.5,5.54,5.54,5.55031,0,All,#4682B4,0
10,7,11.5,5.54,5.54,5.53963,0,All,#4682B4,0
1,7,12,4.815,4.815,6.05193,0,All,#4682B4,0
2,7,12,4.815,4.815,5.37859,0,All,#4682B4,0
3,7,12,4.815,4.815,5.71503,0,All,#4682B4,0
4,7,12,4.815,4.815,5.43935,0,All,#4682B4,0
5,7,12,4.815,4.815,5.24042,0,All,#4682B4,0
6,7,12,4.815,4.815,5.6611,0,All,#4682B4,0
7,7,12,4.815,4.815,5.57258,0,All,#4682B4,0
8,7,12,4.815,4.815,5.99236,0,All,#4682B4,0
9,7,12,4.815,4.815,5.30048,0,All,#4682B4,0
10,7,12,4.815,4.815,5.15944,0,All,#4682B4,0
1,7,12.5,6.041,6.041,5.61485,0,All,#4682B4,0
2,7,12.5,6.041,6.041,4.94407,0,All,#4682B4,0
3,7,12.5,6.041,6.041,5.32668,0,All,#4682B4,0
4,7,12.5,6.041,6.041,5.09459,0,All,#4682B4,0
5,7,12.5,6.041,6.041,4.67078,0,All,#4682B4,0
6,7,12.5,6.041,6.041,5.2242,0,All,#4682B4,0
7,7,12.5,6.041,6.041,5.21626,0,All,#4682B4,0
8,7,12.5,6.041,6.041,5.49315,0,All,#4682B4,0
9,7,12.5,6.041,6.041,5.02618,0,All,#4682B4,0
10,7,12.5,6.041,6.041,4.73081,0,All,#4682B4,0
1,7,13,3.252,3.252,5.01568,0,All,#4682B4,0
2,7,13,3.252,3.252,4.44183,0,All,#4682B4,0
3,7,13,3.252,3.252,4.8699,0,All,#4682B4,0
4,7,13,3.252,3.252,4.69367,0,All,#4682B4,0
5,7,13,3.252,3.252,4.02275,0,All,#4682B4,0
6,7,13,3.252,3.252,4.71697,0,All,#4682B4,0
7,7,13,3.252,3.252,4.79481,0,All,#4682B4,0
8,7,13,3.252,3.252,4.90936,0,All,#4682B4,0
9,7,13,3.252,3.252,4.72194,0,All,#4682B4,0
10,7,13,3.252,3.252,4.25705,0,All,#4682B4,0
1,7,13.5,3,2.46144,4.27206,1,All,#4682B4,0
2,7,13.5,3,1.99678,3.87298,1,All,#4682B4,0
3,7,13.5,3,2.98696,4.34879,1,All,#4682B4,0
4,7,13.5,3,2.95631,4.23259,1,All,#4682B4,0
5,7,13.5,3,2.99886,3.30258,1,All,#4682B4,0
6,7,13.5,3,1.9755,4.13261,1,All,#4682B4,0
7,7,13.5,3,1.33726,4.30634,1,All,#4682B4,0
8,7,13.5,3,2.98854,4.25144,1,All,#4682B4,0
9,7,13.5,3,2.47648,4.38517,1,All,#4682B4,0
10,7,13.5,3,2.79023,3.73295,1,All,#4682B4,0
1,7,14,3.522,3.522,3.41725,0,All,#4682B4,0
2,7,14,3.522,3.522,3.24213,0,All,#4682B4,0
3,7,14,3.522,3.522,3.76253,0,All,#4682B4,0
4,7,14,3.522,3.522,3.71055,0,All,#4682B4,0
5,7,14,3.522,3.522,2.52098,0,All,#4682B4,0
6,7,14,3.522,3.522,3.4769,0,All,#4682B4,0
7,7,14,3.522,3.522,3.74449,0,All,#4682B4,0
8,7,14,3.522,3.522,3.53032,0,All,#4682B4,0
9,7,14,3.522,3.522,4.01233,0,All,#4682B4,0
10,7,14,3.522,3.522,3.16369,0,All,#4682B4,0
1,7,14.5,3,2.38576,2.49168,1,All,#4682B4,0
2,7,14.5,3,1.87226,2.55406,1,All,#4682B4,0
3,7,14.5,3,2.8115,3.11855,1,All,#4682B4,0
4,7,14.5,3,2.94732,3.12738,1,All,#4682B4,0
5,7,14.5,3,2.20189,1.68989,1,All,#4682B4,0
6,7,14.5,3,2.71124,2.75595,1,All,#4682B4,0
7,7,14.5,3,2.71638,3.11477,1,All,#4682B4,0
8,7,14.5,3,2.74574,2.75475,1,All,#4682B4,0
9,7,14.5,3,2.7077,3.60271,1,All,#4682B4,0
10,7,14.5,3,2.13439,2.55148,1,All,#4682B4,0
1,7,15,3,1.67109,1.52758,1,All,#4682B4,0
2,7,15,3,1.5202,1.81643,1,All,#4682B4,0
3,7,15,3,2.58577,2.42126,1,All,#4682B4,0
4,7,15,3,2.52822,2.48644,1,All,#4682B4,0
5,7,15,3,0.664693,0.820643,1,All,#4682B4,0
6,7,15,3,1.56204,1.97807,1,All,#4682B4,0
7,7,15,3,2.42541,2.42057,1,All,#4682B4,0
8,7,15,3,0.741224,1.93479,1,All,#4682B4,0
9,7,15,3,1.4644,3.15386,1,All,#4682B4,0
10,7,15,3,0.714018,1.89904,1,All,#4682B4,0
1,7,15.5,3,1.28855,0.542542,1,All,#4682B4,0
2,7,15.5,3,2.77628,1.03368,1,All,#4682B4,0
3,7,15.5,3,1.69287,1.67727,1,All,#4682B4,0
4,7,15.5,3,2.39515,1.79346,1,All,#4682B4,0
5,7,15.5,3,1.00981,0,1,All,#4682B4,0
6,7,15.5,3,0.738046,1.15438,1,All,#4682B4,0
7,7,15.5,3,1.22729,1.66892,1,All,#4682B4,0
8,7,15.5,3,1.12958,1.07594,1,All,#4682B4,0
9,7,15.5,3,2.9535,2.66907,1,All,#4682B4,0
10,7,15.5,3,1.41912,1.20984,1,All,#4682B4,0
1,7,16,3,0.390516,0,1,All,#4682B4,0
2,7,16,3,0.223287,0.216326,1,All,#4682B4,0
3,7,16,3,1.51499,0.892556,1,All,#4682B4,0
4,7,16,3,0.825333,1.05208,1,All,#4682B4,0
5,7,16,3,0.464387,0,1,All,#4682B4,0
6,7,16,3,1.56243,0.295588,1,All,#4682B4,0
7,7,16,3,0.190902,0.86944,1,All,#4682B4,0
8,7,16,3,0.171346,0.1858,1,All,#4682B4,0
9,7,16,3,0.659865,2.14656,1,All,#4682B4,0
10,7,16,3,0.253091,0.487574,1,All,#4682B4,0
1,8,1,3,1.04138,0,1,All,#4682B4,0
2,8,1,3,0.675915,0,1,All,#4682B4,0
3,8,1,3,0.242336,0,1,All,#4682B4,0
4,8,1,3,0.631081,0,1,All,#4682B4,0
5,8,1,3,1.04293,0,1,All,#4682B4,0
6,8,1,3,1.01871,0,1,All,#4682B4,0
7,8,1,3,0.0118784,0,1,All,#4682B4,0
8,8,1,3,1.20595,0,1,All,#4682B4,0
9,8,1,3,0.288369,0,1,All,#4682B4,0
10,8,1,3,0.333509,0,1,All,#4682B4,0
1,8,1.5,3,0.148997,0,1,All,#4682B4,0
2,8,1.5,3,0.556403,0,1,All,#4682B4,0
3,8,1.5,3,1.80557,0,1,All,#4682B4,0
4,8,1.5,3,0.0552293,0,1,All,#4682B4,0
5,8,1.5,3,0.18763,0,1,All,#4682B4,0
6,8,1.5,3,0.475792,0,1,All,#4682B4,0
7,8,1.5,3,1.04377,0,1,All,#4682B4,0
8,8,1.5,3,1.84623,0,1,All,#4682B4,0
9,8,1.5,3,1.29987,0,1,All,#4682B4,0
10,8,1.5,3,0.470807,0,1,All,#4682B4,0
1,8,2,3.586,3.586,0,0,All,#4682B4,0
2,8,2,3.586,3.586,0,0,All,#4682B4,0
3,8,2,3.586,3.586,0,0,All,#4682B4,0
4,8,2,3.586,3.586,0,0,All,#4682B4,0
5,8,2,3.586,3.586,0,0,All,#4682B4,0
6,8,2,3.586,3.586,0,0,All,#4682B4,0
7,8,2,3.586,3.586,0,0,All,#4682B4,0
8,8,2,3.586,3.586,0,0,All,#4682B4,0
9,8,2,3.586,3.586,0,0,All,#4682B4,0
10,8,2,3.586,3.586,0,0,All,#4682B4,0
1,8,2.5,3,0.352481,0,1,All,#4682B4,0
2,8,2.5,3,1.70687,2.61764,1,All,#4682B4,0
3,8,2.5,3,0.194699,0,1,All,#4682B4,0
4,8,2.5,3,0.546134,0,1,All,#4682B4,0
5,8,2.5,3,0.400402,0,1,All,#4682B4,0
6,8,2.5,3,0.17191,0,1,All,#4682B4,0
7,8,2.5,3,1.34408,1.34981,1,All,#4682B4,0
8,8,2.5,3,1.20842,0,1,All,#4682B4,0
9,8,2.5,3,0.355456,0,1,All,#4682B4,0
10,8,2.5,3,0.343534,0,1,All,#4682B4,0
1,8,3,6.307,6.307,5.70726,0,All,#4682B4,0
2,8,3,6.307,6.307,7.18473,0,All,#4682B4,0
3,8,3,6.307,6.307,5.58986,0,All,#4682B4,0
4,8,3,6.307,6.307,5.7509,0,All,#4682B4,0
5,8,3,6.307,6.307,5.86905,0,All,#4682B4,0
6,8,3,6.307,6.307,5.64052,0,All,#4682B4,0
7,8,3,6.307,6.307,6.31408,0,All,#4682B4,0
8,8,3,6.307,6.307,5.83943,0,All,#4682B4,0
9,8,3,6.307,6.307,5.16772,0,All,#4682B4,0
10,8,3,6.307,6.307,6.8661,0,All,#4682B4,0
1,8,3.5,7.513,7.513,7.27633,0,All,#4682B4,0
2,8,3.5,7.513,7.513,8.1027,0,All,#4682B4,0
3,8,3.5,7.513,7.513,7.8447,0,All,#4682B4,0
4,8,3.5,7.513,7.513,7.37472,0,All,#4682B4,0
5,8,3.5,7.513,7.513,7.37877,0,All,#4682B4,0
6,8,3.5,7.513,7.513,7.02596,0,All,#4682B4,0
7,8,3.5,7.513,7.513,7.52768,0,All,#4682B4,0
8,8,3.5,7.513,7.513,7.72525,0,All,#4682B4,0
9,8,3.5,7.513,7.513,7.40285,0,All,#4682B4,0
10,8,3.5,7.513,7.513,7.91915,0,All,#4682B4,0
1,8,4,8.396,8.396,7.9579,0,All,#4682B4,0
2,8,4,8.396,8.396,8.45407,0,All,#4682B4,0
3,8,4,8.396,8.396,8.46827,0,All,#4682B4,0
4,8,4,8.396,8.396,8.07445,0,All,#4682B4,0
5,8,4,8.396,8.396,7.99598,0,All,#4682B4,0
6,8,4,8.396,8.396,7.65477,0,All,#4682B4,0
7,8,4,8.396,8.396,8.1076,0,All,#4682B4,0
8,8,4,8.396,8.396,8.38836,0,All,#4682B4,0
9,8,4,8.396,8.396,8.24934,0,All,#4682B4,0
10,8,4,8.396,8.396,8.28025,0,All,#4682B4,0
1,8,4.5,8.555,8.555,8.25265,0,All,#4682B4,0
2,8,4.5,8.555,8.555,8.54161,0,All,#4682B4,0
3,8,4.5,8.555,8.555,8.57017,0,All,#4682B4,0
4,8,4.5,8.555,8.555,8.37796,0,All,#4682B4,0
5,8,4.5,8.555,8.555,8.28752,0,All,#4682B4,0
6,8,4.5,8.555,8.555,7.96683,0,All,#4682B4,0
7,8,4.5,8.555,8.555,8.36438,0,All,#4682B4,0
8,8,4.5,8.555,8.555,8.62379,0,All,#4682B4,0
9,8,4.5,8.555,8.555,8.5906,0,All,#4682B4,0
10,8,4.5,8.555,8.555,8.32166,0,All,#4682B4,0
1,8,5,8.486,8.486,8.31703,0,All,#4682B4,0
2,8,5,8.486,8.486,8.51887,0,All,#4682B4,0
3,8,5,8.486,8.486,8.488,0,All,#4682B4,0
4,8,5,8.486,8.486,8.44752,0,All,#4682B4,0
5,8,5,8.486,8.486,8.38886,0,All,#4682B4,0
6,8,5,8.486,8.486,8.08746,0,All,#4682B4,0
7,8,5,8.486,8.486,8.42494,0,All,#4682B4,0
8,8,5,8.486,8.486,8.64479,0,All,#4682B4,0
9,8,5,8.486,8.486,8.6455,0,All,#4682B4,0
10,8,5,8.486,8.486,8.23223,0,All,#4682B4,0
1,8,5.5,7.651,7.651,8.26165,0,All,#4682B4,0
2,8,5.5,7.651,7.651,8.45782,0,All,#4682B4,0
3,8,5.5,7.651,7.651,8.35755,0,All,#4682B4,0
4,8,5.5,7.651,7.651,8.39818,0,All,#4682B4,0
5,8,5.5,7.651,7.651,8.37994,0,All,#4682B4,0
6,8,5.5,7.651,7.651,8.09486,0,All,#4682B4,0
7,8,5.5,7.651,7.651,8.38181,0,All,#4682B4,0
8,8,5.5,7.651,7.651,8.57653,0,All,#4682B4,0
9,8,5.5,7.651,7.651,8.55452,0,All,#4682B4,0
10,8,5.5,7.651,7.651,8.10024,0,All,#4682B4,0
1,8,6,8.769,8.769,8.1497,0,All,#4682B4,0
2,8,6,8.769,8.769,8.37131,0,All,#4682B4,0
3,8,6,8.769,8.769,8.21587,0,All,#4682B4,0
4,8,6,8.769,8.769,8.29404,0,All,#4682B4,0
5,8,6,8.769,8.769,8.3105,0,All,#4682B4,0
6,8,6,8.769,8.769,8.04124,0,All,#4682B4,0
7,8,6,8.769,8.769,8.28263,0,All,#4682B4,0
8,8,6,8.769,8.769,8.4779,0,All,#4682B4,0
9,8,6,8.769,8.769,8.39651,0,All,#4682B4,0
10,8,6,8.769,8.769,7.95559,0,All,#4682B4,0
1,8,6.5,6.997,6.997,8.00655,0,All,#4682B4,0
2,8,6.5,6.997,6.997,8.26049,0,All,#4682B4,0
3,8,6.5,6.997,6.997,8.07175,0,All,#4682B4,0
4,8,6.5,6.997,6.997,8.15908,0,All,#4682B4,0
5,8,6.5,6.997,6.997,8.20269,0,All,#4682B4,0
6,8,6.5,6.997,6.997,7.95215,0,All,#4682B4,0
7,8,6.5,6.997,6.997,8.14813,0,All,#4682B4,0
8,8,6.5,6.997,6.997,8.36887,0,All,#4682B4,0
9,8,6.5,6.997,6.997,8.20212,0,All,#4682B4,0
10,8,6.5,6.997,6.997,7.80728,0,All,#4682B4,0
1,8,7,9.526,9.526,7.83986,0,All,#4682B4,0
2,8,7,9.526,9.526,8.12194,0,All,#4682B4,0
3,8,7,9.526,9.526,7.92709,0,All,#4682B4,0
4,8,7,9.526,9.526,7.9994,0,All,#4682B4,0
5,8,7,9.526,9.526,8.06327,0,All,#4682B4,0
6,8,7,9.526,9.526,7.83606,0,All,#4682B4,0
7,8,7,9.526,9.526,7.9844,0,All,#4682B4,0
8,8,7,9.526,9.526,8.23962,0,All,#4682B4,0
9,8,7,9.526,9.526,7.98083,0,All,#4682B4,0
10,8,7,9.526,9.526,7.65531,0,All,#4682B4,0
1,8,7.5,7.693,7.693,7.65077,0,All,#4682B4,0
2,8,7.5,7.693,7.693,7.94966,0,All,#4682B4,0
3,8,7.5,7.693,7.693,7.76765,0,All,#4682B4,0
4,8,7.5,7.693,7.693,7.81485,0,All,#4682B4,0
5,8,7.5,7.693,7.693,7.89159,0,All,#4682B4,0
6,8,7.5,7.693,7.693,7.69365,0,All,#4682B4,0
7,8,7.5,7.693,7.693,7.79088,0,All,#4682B4,0
8,8,7.5,7.693,7.693,8.07981,0,All,#4682B4,0
9,8,7.5,7.693,7.693,7.73445,0,All,#4682B4,0
10,8,7.5,7.693,7.693,7.47728,0,All,#4682B4,0
1,8,8,8.222,8.222,7.43811,0,All,#4682B4,0
2,8,8,8.222,8.222,7.73583,0,All,#4682B4,0
3,8,8,8.222,8.222,7.571,0,All,#4682B4,0
4,8,8,8.222,8.222,7.60314,0,All,#4682B4,0
5,8,8,8.222,8.222,7.68356,0,All,#4682B4,0
6,8,8,8.222,8.222,7.52225,0,All,#4682B4,0
7,8,8,8.222,8.222,7.56447,0,All,#4682B4,0
8,8,8,8.222,8.222,7.88328,0,All,#4682B4,0
9,8,8,8.222,8.222,7.4625,0,All,#4682B4,0
10,8,8,8.222,8.222,7.26112,0,All,#4682B4,0
1,8,8.5,7.189,7.189,7.19991,0,All,#4682B4,0
2,8,8.5,7.189,7.189,7.47079,0,All,#4682B4,0
3,8,8.5,7.189,7.189,7.32785,0,All,#4682B4,0
4,8,8.5,7.189,7.189,7.36112,0,All,#4682B4,0
5,8,8.5,7.189,7.189,7.43317,0,All,#4682B4,0
6,8,8.5,7.189,7.189,7.31739,0,All,#4682B4,0
7,8,8.5,7.189,7.189,7.30102,0,All,#4682B4,0
8,8,8.5,7.189,7.189,7.64227,0,All,#4682B4,0
9,8,8.5,7.189,7.189,7.16336,0,All,#4682B4,0
10,8,8.5,7.189,7.189,6.99892,0,All,#4682B4,0
1,8,9,7.963,7.963,6.93385,0,All,#4682B4,0
2,8,9,7.963,7.963,7.14322,0,All,#4682B4,0
3,8,9,7.963,7.963,7.02792,0,All,#4682B4,0
4,8,9,7.963,7.963,7.08534,0,All,#4682B4,0
5,8,9,7.963,7.963,7.13303,0,All,#4682B4,0
6,8,9,7.963,7.963,7.07352,0,All,#4682B4,0
7,8,9,7.963,7.963,6.99608,0,All,#4682B4,0
8,8,9,7.963,7.963,7.34743,0,All,#4682B4,0
9,8,9,7.963,7.963,6.83573,0,All,#4682B4,0
10,8,9,7.963,7.963,6.68249,0,All,#4682B4,0
1,8,9.5,7.387,7.387,6.63763,0,All,#4682B4,0
2,8,9.5,7.387,7.387,6.74084,0,All,#4682B4,0
3,8,9.5,7.387,7.387,6.6596,0,All,#4682B4,0
4,8,9.5,7.387,7.387,6.77253,0,All,#4682B4,0
5,8,9.5,7.387,7.387,6.77523,0,All,#4682B4,0
6,8,9.5,7.387,7.387,6.78422,0,All,#4682B4,0
7,8,9.5,7.387,7.387,6.64608,0,All,#4682B4,0
8,8,9.5,7.387,7.387,6.98842,0,All,#4682B4,0
9,8,9.5,7.387,7.387,6.47869,0,All,#4682B4,0
10,8,9.5,7.387,7.387,6.3052,0,All,#4682B4,0
1,8,10,7.281,7.281,6.30942,0,All,#4682B4,0
2,8,10,7.281,7.281,6.24699,0,All,#4682B4,0
3,8,10,7.281,7.281,6.21177,0,All,#4682B4,0
4,8,10,7.281,7.281,6.4204,0,All,#4682B4,0
5,8,10,7.281,7.281,6.35094,0,All,#4682B4,0
6,8,10,7.281,7.281,6.44277,0,All,#4682B4,0
7,8,10,7.281,7.281,6.25054,0,All,#4682B4,0
8,8,10,7.281,7.281,6.55683,0,All,#4682B4,0
9,8,10,7.281,7.281,6.0938,0,All,#4682B4,0
10,8,10,7.281,7.281,5.86305,0,All,#4682B4,0
1,8,10.5,5.63,5.63,5.94915,0,All,#4682B4,0
2,8,10.5,5.63,5.63,5.66342,0,All,#4682B4,0
3,8,10.5,5.63,5.63,5.68182,0,All,#4682B4,0
4,8,10.5,5.63,5.63,6.02965,0,All,#4682B4,0
5,8,10.5,5.63,5.63,5.85966,0,All,#4682B4,0
6,8,10.5,5.63,5.63,6.04368,0,All,#4682B4,0
7,8,10.5,5.63,5.63,5.81131,0,All,#4682B4,0
8,8,10.5,5.63,5.63,6.04265,0,All,#4682B4,0
9,8,10.5,5.63,5.63,5.68355,0,All,#4682B4,0
10,8,10.5,5.63,5.63,5.36731,0,All,#4682B4,0
1,8,11,4.791,4.791,5.56073,0,All,#4682B4,0
2,8,11,4.791,4.791,5.01964,0,All,#4682B4,0
3,8,11,4.791,4.791,5.08656,0,All,#4682B4,0
4,8,11,4.791,4.791,5.60875,0,All,#4682B4,0
5,8,11,4.791,4.791,5.30396,0,All,#4682B4,0
6,8,11,4.791,4.791,5.58559,0,All,#4682B4,0
7,8,11,4.791,4.791,5.34986,0,All,#4682B4,0
8,8,11,4.791,4.791,5.45026,0,All,#4682B4,0
9,8,11,4.791,4.791,5.2585,0,All,#4682B4,0
10,8,11,4.791,4.791,4.86222,0,All,#4682B4,0
1,8,11.5,6.059,6.059,5.15176,0,All,#4682B4,0
2,8,11.5,6.059,6.059,4.43038,0,All,#4682B4,0
3,8,11.5,6.059,6.059,4.51762,0,All,#4682B4,0
4,8,11.5,6.059,6.059,5.17404,0,All,#4682B4,0
5,8,11.5,6.059,6.059,4.7328,0,All,#4682B4,0
6,8,11.5,6.059,6.059,5.0803,0,All,#4682B4,0
7,8,11.5,6.059,6.059,4.9025,0,All,#4682B4,0
8,8,11.5,6.059,6.059,4.84801,0,All,#4682B4,0
9,8,11.5,6.059,6.059,4.82707,0,All,#4682B4,0
10,8,11.5,6.059,6.059,4.42656,0,All,#4682B4,0
1,8,12,3.492,3.492,4.73899,0,All,#4682B4,0
2,8,12,3.492,3.492,4.02593,0,All,#4682B4,0
3,8,12,3.492,3.492,4.08064,0,All,#4682B4,0
4,8,12,3.492,3.492,4.75907,0,All,#4682B4,0
5,8,12,3.492,3.492,4.23334,0,All,#4682B4,0
6,8,12,3.492,3.492,4.56458,0,All,#4682B4,0
7,8,12,3.492,3.492,4.51499,0,All,#4682B4,0
8,8,12,3.492,3.492,4.34399,0,All,#4682B4,0
9,8,12,3.492,3.492,4.41983,0,All,#4682B4,0
10,8,12,3.492,3.492,4.11341,0,All,#4682B4,0
1,8,12.5,3.812,3.812,4.35195,0,All,#4682B4,0
2,8,12.5,3.812,3.812,3.77418,0,All,#4682B4,0
3,8,12.5,3.812,3.812,3.79169,0,All,#4682B4,0
4,8,12.5,3.812,3.812,4.40131,0,All,#4682B4,0
5,8,12.5,3.812,3.812,3.85999,0,All,#4682B4,0
6,8,12.5,3.812,3.812,4.10752,0,All,#4682B4,0
7,8,12.5,3.812,3.812,4.20561,0,All,#4682B4,0
8,8,12.5,3.812,3.812,3.9994,0,All,#4682B4,0
9,8,12.5,3.812,3.812,4.06268,0,All,#4682B4,0
10,8,12.5,3.812,3.812,3.90018,0,All,#4682B4,0
1,8,13,3,2.6302,4.01958,1,All,#4682B4,0
2,8,13,3,2.55761,3.60562,1,All,#4682B4,0
3,8,13,3,2.86447,3.59749,1,All,#4682B4,0
4,8,13,3,2.15935,4.122,1,All,#4682B4,0
5,8,13,3,2.33848,3.60248,1,All,#4682B4,0
6,8,13,3,2.06119,3.75586,1,All,#4682B4,0
7,8,13,3,2.55525,3.97583,1,All,#4682B4,0
8,8,13,3,2.55617,3.76825,1,All,#4682B4,0
9,8,13,3,2.63128,3.77181,1,All,#4682B4,0
10,8,13,3,2.72824,3.74732,1,All,#4682B4,0
1,8,13.5,3.958,3.958,3.75683,0,All,#4682B4,0
2,8,13.5,3.958,3.958,3.47799,0,All,#4682B4,0
3,8,13.5,3.958,3.958,3.45277,0,All,#4682B4,0
4,8,13.5,3.958,3.958,3.91466,0,All,#4682B4,0
5,8,13.5,3.958,3.958,3.41465,0,All,#4682B4,0
6,8,13.5,3.958,3.958,3.50676,0,All,#4682B4,0
7,8,13.5,3.958,3.958,3.80261,0,All,#4682B4,0
8,8,13.5,3.958,3.958,3.60436,0,All,#4682B4,0
9,8,13.5,3.958,3.958,3.54581,0,All,#4682B4,0
10,8,13.5,3.958,3.958,3.62627,0,All,#4682B4,0
1,8,14,3,2.9492,3.55976,1,All,#4682B4,0
2,8,14,3,2.85114,3.36582,1,All,#4682B4,0
3,8,14,3,2.67548,3.33079,1,All,#4682B4,0
4,8,14,3,2.65274,3.76305,1,All,#4682B4,0
5,8,14,3,2.79402,3.26733,1,All,#4682B4,0
6,8,14,3,2.58189,3.32589,1,All,#4682B4,0
7,8,14,3,2.98431,3.667,1,All,#4682B4,0
8,8,14,3,1.70697,3.47442,1,All,#4682B4,0
9,8,14,3,2.9403,3.3777,1,All,#4682B4,0
10,8,14,3,2.25734,3.51828,1,All,#4682B4,0
1,8,14.5,3.773,3.773,3.41363,0,All,#4682B4,0
2,8,14.5,3.773,3.773,3.25866,0,All,#4682B4,0
3,8,14.5,3.773,3.773,3.21693,0,All,#4682B4,0
4,8,14.5,3.773,3.773,3.64794,0,All,#4682B4,0
5,8,14.5,3.773,3.773,3.14046,0,All,#4682B4,0
6,8,14.5,3.773,3.773,3.18667,0,All,#4682B4,0
7,8,14.5,3.773,3.773,3.554,0,All,#4682B4,0
8,8,14.5,3.773,3.773,3.35933,0,All,#4682B4,0
9,8,14.5,3.773,3.773,3.25061,0,All,#4682B4,0
10,8,14.5,3.773,3.773,3.41522,0,All,#4682B4,0
1,8,15,3,2.48934,3.30293,1,All,#4682B4,0
2,8,15,3,2.71601,3.15044,1,All,#4682B4,0
3,8,15,3,2.1788,3.10503,1,All,#4682B4,0
4,8,15,3,2.89659,3.55457,1,All,#4682B4,0
5,8,15,3,2.57232,3.02297,1,All,#4682B4,0
6,8,15,3,2.76806,3.0706,1,All,#4682B4,0
7,8,15,3,2.58163,3.45261,1,All,#4682B4,0
8,8,15,3,2.42091,3.25006,1,All,#4682B4,0
9,8,15,3,1.4908,3.15198,1,All,#4682B4,0
10,8,15,3,1.70458,3.31271,1,All,#4682B4,0
1,8,15.5,3,2.98656,3.21468,1,All,#4682B4,0
2,8,15.5,3,2.03546,3.04145,1,All,#4682B4,0
3,8,15.5,3,2.01078,2.99223,1,All,#4682B4,0
4,8,15.5,3,2.41708,3.47282,1,All,#4682B4,0
5,8,15.5,3,2.51232,2.90987,1,All,#4682B4,0
6,8,15.5,3,1.67368,2.96173,1,All,#4682B4,0
7,8,15.5,3,2.36312,3.35807,1,All,#4682B4,0
8,8,15.5,3,2.811,3.13953,1,All,#4682B4,0
9,8,15.5,3,2.71424,3.07174,1,All,#4682B4,0
10,8,15.5,3,0.734045,3.20966,1,All,#4682B4,0
1,8,16,3,1.87407,3.13976,1,All,#4682B4,0
2,8,16,3,2.78048,2.92969,1,All,#4682B4,0
3,8,16,3,1.11059,2.8774,1,All,#4682B4,0
4,8,16,3,2.20252,3.39657,1,All,#4682B4,0
5,8,16,3,1.78448,2.79873,1,All,#4682B4,0
6,8,16,3,2.40202,2.86033,1,All,#4682B4,0
7,8,16,3,2.40377,3.26448,1,All,#4682B4,0
8,8,16,3,2.73656,3.0285,1,All,#4682B4,0
9,8,16,3,2.48107,3.00271,1,All,#4682B4,0
10,8,16,3,2.87583,3.1046,1,All,#4682B4,0
1,8,16.5,3.566,3.566,3.07159,0,All,#4682B4,0
2,8,16.5,3.566,3.566,2.81648,0,All,#4682B4,0
3,8,16.5,3.566,3.566,2.76046,0,All,#4682B4,0
4,8,16.5,3.566,3.566,3.32225,0,All,#4682B4,0
5,8,16.5,3.566,3.566,2.68797,0,All,#4682B4,0
6,8,16.5,3.566,3.566,2.75897,0,All,#4682B4,0
7,8,16.5,3.566,3.566,3.17043,0,All,#4682B4,0
8,8,16.5,3.566,3.566,2.9156,0,All,#4682B4,0
9,8,16.5,3.566,3.566,2.93982,0,All,#4682B4,0
10,8,16.5,3.566,3.566,2.99853,0,All,#4682B4,0
1,8,17,4.05,4.05,3.00677,0,All,#4682B4,0
2,8,17,4.05,4.05,2.70111,0,All,#4682B4,0
3,8,17,4.05,4.05,2.64091,0,All,#4682B4,0
4,8,17,4.05,4.05,3.24765,0,All,#4682B4,0
5,8,17,4.05,4.05,2.57676,0,All,#4682B4,0
6,8,17,4.05,4.05,2.65781,0,All,#4682B4,0
7,8,17,4.05,4.05,3.07584,0,All,#4682B4,0
8,8,17,4.05,4.05,2.80181,0,All,#4682B4,0
9,8,17,4.05,4.05,2.88035,0,All,#4682B4,0
10,8,17,4.05,4.05,2.89038,0,All,#4682B4,0
1,8,17.5,3.562,3.562,2.94364,0,All,#4682B4,0
2,8,17.5,3.562,3.562,2.58298,0,All,#4682B4,0
3,8,17.5,3.562,3.562,2.51919,0,All,#4682B4,0
4,8,17.5,3.562,3.562,3.17209,0,All,#4682B4,0
5,8,17.5,3.562,3.562,2.46488,0,All,#4682B4,0
6,8,17.5,3.562,3.562,2.55403,0,All,#4682B4,0
7,8,17.5,3.562,3.562,2.97998,0,All,#4682B4,0
8,8,17.5,3.562,3.562,2.68503,0,All,#4682B4,0
9,8,17.5,3.562,3.562,2.824,0,All,#4682B4,0
10,8,17.5,3.562,3.562,2.77988,0,All,#4682B4,0
1,8,18,3.318,3.318,2.87983,0,All,#4682B4,0
2,8,18,3.318,3.318,2.46337,0,All,#4682B4,0
3,8,18,3.318,3.318,2.39629,0,All,#4682B4,0
4,8,18,3.318,3.318,3.09481,0,All,#4682B4,0
5,8,18,3.318,3.318,2.35336,0,All,#4682B4,0
6,8,18,3.318,3.318,2.45014,0,All,#4682B4,0
7,8,18,3.318,3.318,2.88206,0,All,#4682B4,0
8,8,18,3.318,3.318,2.56699,0,All,#4682B4,0
9,8,18,3.318,3.318,2.76539,0,All,#4682B4,0
10,8,18,3.318,3.318,2.66836,0,All,#4682B4,0
1,8,18.5,3,2.6595,2.81621,1,All,#4682B4,0
2,8,18.5,3,2.95556,2.34231,1,All,#4682B4,0
3,8,18.5,3,1.31133,2.27083,1,All,#4682B4,0
4,8,18.5,3,2.38704,3.01632,1,All,#4682B4,0
5,8,18.5,3,2.10349,2.24021,1,All,#4682B4,0
6,8,18.5,3,1.45242,2.34477,1,All,#4682B4,0
7,8,18.5,3,1.96092,2.78314,1,All,#4682B4,0
8,8,18.5,3,0.407569,2.44721,1,All,#4682B4,0
9,8,18.5,3,1.86685,2.70807,1,All,#4682B4,0
10,8,18.5,3,2.64356,2.55546,1,All,#4682B4,0
1,8,19,3,2.82133,2.75105,1,All,#4682B4,0
2,8,19,3,0.334324,2.21952,1,All,#4682B4,0
3,8,19,3,0.493255,2.14375,1,All,#4682B4,0
4,8,19,3,1.74523,2.93643,1,All,#4682B4,0
5,8,19,3,2.14134,2.12771,1,All,#4682B4,0
6,8,19,3,2.19753,2.23808,1,All,#4682B4,0
7,8,19,3,1.92856,2.68201,1,All,#4682B4,0
8,8,19,3,1.57958,2.32572,1,All,#4682B4,0
9,8,19,3,2.23964,2.6486,1,All,#4682B4,0
10,8,19,3,2.15016,2.44111,1,All,#4682B4,0
1,8,19.5,3,2.55738,2.68558,1,All,#4682B4,0
2,8,19.5,3,2.70612,2.0957,1,All,#4682B4,0
3,8,19.5,3,0.878321,2.01584,1,All,#4682B4,0
4,8,19.5,3,2.70675,2.85345,1,All,#4682B4,0
5,8,19.5,3,2.8744,2.01318,1,All,#4682B4,0
6,8,19.5,3,2.91503,2.13008,1,All,#4682B4,0
7,8,19.5,3,2.71596,2.57972,1,All,#4682B4,0
8,8,19.5,3,2.49978,2.20292,1,All,#4682B4,0
9,8,19.5,3,2.69502,2.59066,1,All,#4682B4,0
10,8,19.5,3,0.503687,2.32539,1,All,#4682B4,0
1,9,1,3,0.145755,0,1,All,#4682B4,0
2,9,1,3,0.0910483,0,1,All,#4682B4,0
3,9,1,3,0.666757,0,1,All,#4682B4,0
4,9,1,3,0.433869,0,1,All,#4682B4,0
5,9,1,3,0.206654,0,1,All,#4682B4,0
6,9,1,3,0.588776,0,1,All,#4682B4,0
7,9,1,3,1.51125,0,1,All,#4682B4,0
8,9,1,3,0.71751,0,1,All,#4682B4,0
9,9,1,3,1.7761,0,1,All,#4682B4,0
10,9,1,3,1.6524,0,1,All,#4682B4,0
1,9,1.5,3,1.44583,0,1,All,#4682B4,0
2,9,1.5,3,2.92617,2.60449,1,All,#4682B4,0
3,9,1.5,3,0.1524,0,1,All,#4682B4,0
4,9,1.5,3,1.02399,0,1,All,#4682B4,0
5,9,1.5,3,1.07757,1.24965,1,All,#4682B4,0
6,9,1.5,3,0.338352,0,1,All,#4682B4,0
7,9,1.5,3,0.854772,2.01951,1,All,#4682B4,0
8,9,1.5,3,0.105282,0,1,All,#4682B4,0
9,9,1.5,3,0.428457,0,1,All,#4682B4,0
10,9,1.5,3,0.224612,0,1,All,#4682B4,0
1,9,2,4.702,4.702,4.59466,0,All,#4682B4,0
2,9,2,4.702,4.702,4.56791,0,All,#4682B4,0
3,9,2,4.702,4.702,4.41213,0,All,#4682B4,0
4,9,2,4.702,4.702,5.41565,0,All,#4682B4,0
5,9,2,4.702,4.702,5.27474,0,All,#4682B4,0
6,9,2,4.702,4.702,4.72781,0,All,#4682B4,0
7,9,2,4.702,4.702,4.5242,0,All,#4682B4,0
8,9,2,4.702,4.702,4.69252,0,All,#4682B4,0
9,9,2,4.702,4.702,4.56626,0,All,#4682B4,0
10,9,2,4.702,4.702,3.79152,0,All,#4682B4,0
1,9,2.5,4.731,4.731,6.74214,0,All,#4682B4,0
2,9,2.5,4.731,4.731,5.93852,0,All,#4682B4,0
3,9,2.5,4.731,4.731,6.16777,0,All,#4682B4,0
4,9,2.5,4.731,4.731,6.60048,0,All,#4682B4,0
5,9,2.5,4.731,4.731,6.71477,0,All,#4682B4,0
6,9,2.5,4.731,4.731,6.75987,0,All,#4682B4,0
7,9,2.5,4.731,4.731,6.13052,0,All,#4682B4,0
8,9,2.5,4.731,4.731,6.27601,0,All,#4682B4,0
9,9,2.5,4.731,4.731,6.60848,0,All,#4682B4,0
10,9,2.5,4.731,4.731,6.08947,0,All,#4682B4,0
1,9,3,7.374,7.374,7.52531,0,All,#4682B4,0
2,9,3,7.374,7.374,6.9568,0,All,#4682B4,0
3,9,3,7.374,7.374,6.89947,0,All,#4682B4,0
4,9,3,7.374,7.374,7.17437,0,All,#4682B4,0
5,9,3,7.374,7.374,7.49856,0,All,#4682B4,0
6,9,3,7.374,7.374,7.51106,0,All,#4682B4,0
7,9,3,7.374,7.374,7.23822,0,All,#4682B4,0
8,9,3,7.374,7.374,6.99014,0,All,#4682B4,0
9,9,3,7.374,7.374,7.40696,0,All,#4682B4,0
10,9,3,7.374,7.374,7.13771,0,All,#4682B4,0
1,9,3.5,8.067,8.067,7.86802,0,All,#4682B4,0
2,9,3.5,8.067,8.067,7.71383,0,All,#4682B4,0
3,9,3.5,8.067,8.067,7.2909,0,All,#4682B4,0
4,9,3.5,8.067,8.067,7.47929,0,All,#4682B4,0
5,9,3.5,8.067,8.067,7.94429,0,All,#4682B4,0
6,9,3.5,8.067,8.067,7.87753,0,All,#4682B4,0
7,9,3.5,8.067,8.067,8.00304,0,All,#4682B4,0
8,9,3.5,8.067,8.067,7.39523,0,All,#4682B4,0
9,9,3.5,8.067,8.067,7.75552,0,All,#4682B4,0
10,9,3.5,8.067,8.067,7.65377,0,All,#4682B4,0
1,9,4,8.534,8.534,7.96199,0,All,#4682B4,0
2,9,4,8.534,8.534,8.17902,0,All,#4682B4,0
3,9,4,8.534,8.534,7.48304,0,All,#4682B4,0
4,9,4,8.534,8.534,7.63342,0,All,#4682B4,0
5,9,4,8.534,8.534,8.13766,0,All,#4682B4,0
6,9,4,8.534,8.534,8.03111,0,All,#4682B4,0
7,9,4,8.534,8.534,8.38208,0,All,#4682B4,0
8,9,4,8.534,8.534,7.62679,0,All,#4682B4,0
9,9,4,8.534,8.534,7.84113,0,All,#4682B4,0
10,9,4,8.534,8.534,7.78915,0,All,#4682B4,0
1,9,4.5,8.391,8.391,7.92401,0,All,#4682B4,0
2,9,4.5,8.391,8.391,8.29537,0,All,#4682B4,0
3,9,4.5,8.391,8.391,7.54138,0,All,#4682B4,0
4,9,4.5,8.391,8.391,7.68261,0,All,#4682B4,0
5,9,4.5,8.391,8.391,8.14727,0,All,#4682B4,0
6,9,4.5,8.391,8.391,8.04465,0,All,#4682B4,0
7,9,4.5,8.391,8.391,8.36551,0,All,#4682B4,0
8,9,4.5,8.391,8.391,7.73678,0,All,#4682B4,0
9,9,4.5,8.391,8.391,7.79135,0,All,#4682B4,0
10,9,4.5,8.391,8.391,7.67751,0,All,#4682B4,0
1,9,5,8.658,8.658,7.82553,0,All,#4682B4,0
2,9,5,8.658,8.658,8.12918,0,All,#4682B4,0
3,9,5,8.658,8.658,7.51203,0,All,#4682B4,0
4,9,5,8.658,8.658,7.65852,0,All,#4682B4,0
5,9,5,8.658,8.658,8.04992,0,All,#4682B4,0
6,9,5,8.658,8.658,7.96022,0,All,#4682B4,0
7,9,5,8.658,8.658,8.10992,0,All,#4682B4,0
8,9,5,8.658,8.658,7.75672,0,All,#4682B4,0
9,9,5,8.658,8.658,7.68584,0,All,#4682B4,0
10,9,5,8.658,8.658,7.44665,0,All,#4682B4,0
1,9,5.5,7.239,7.239,7.69755,0,All,#4682B4,0
2,9,5.5,7.239,7.239,7.81517,0,All,#4682B4,0
3,9,5.5,7.239,7.239,7.42685,0,All,#4682B4,0
4,9,5.5,7.239,7.239,7.58558,0,All,#4682B4,0
5,9,5.5,7.239,7.239,7.89499,0,All,#4682B4,0
6,9,5.5,7.239,7.239,7.80701,0,All,#4682B4,0
7,9,5.5,7.239,7.239,7.75556,0,All,#4682B4,0
8,9,5.5,7.239,7.239,7.7097,0,All,#4682B4,0
9,9,5.5,7.239,7.239,7.5602,0,All,#4682B4,0
10,9,5.5,7.239,7.239,7.17182,0,All,#4682B4,0
1,9,6,8.223,8.223,7.55099,0,All,#4682B4,0
2,9,6,8.223,8.223,7.45076,0,All,#4682B4,0
3,9,6,8.223,8.223,7.30407,0,All,#4682B4,0
4,9,6,8.223,8.223,7.48312,0,All,#4682B4,0
5,9,6,8.223,8.223,7.69315,0,All,#4682B4,0
6,9,6,8.223,8.223,7.60183,0,All,#4682B4,0
7,9,6,8.223,8.223,7.37981,0,All,#4682B4,0
8,9,6,8.223,8.223,7.61213,0,All,#4682B4,0
9,9,6,8.223,8.223,7.41882,0,All,#4682B4,0
10,9,6,8.223,8.223,6.89305,0,All,#4682B4,0
1,9,6.5,7.922,7.922,7.38921,0,All,#4682B4,0
2,9,6.5,7.922,7.922,7.09391,0,All,#4682B4,0
3,9,6.5,7.922,7.922,7.15142,0,All,#4682B4,0
4,9,6.5,7.922,7.922,7.36575,0,All,#4682B4,0
5,9,6.5,7.922,7.922,7.45378,0,All,#4682B4,0
6,9,6.5,7.922,7.922,7.35368,0,All,#4682B4,0
7,9,6.5,7.922,7.922,7.02607,0,All,#4682B4,0
8,9,6.5,7.922,7.922,7.47248,0,All,#4682B4,0
9,9,6.5,7.922,7.922,7.24693,0,All,#4682B4,0
10,9,6.5,7.922,7.922,6.62276,0,All,#4682B4,0
1,9,7,7.805,7.805,7.21282,0,All,#4682B4,0
2,9,7,7.805,7.805,6.77617,0,All,#4682B4,0
3,9,7,7.805,7.805,6.97178,0,All,#4682B4,0
4,9,7,7.805,7.805,7.2402,0,All,#4682B4,0
5,9,7,7.805,7.805,7.18112,0,All,#4682B4,0
6,9,7,7.805,7.805,7.06928,0,All,#4682B4,0
7,9,7,7.805,7.805,6.71809,0,All,#4682B4,0
8,9,7,7.805,7.805,7.29448,0,All,#4682B4,0
9,9,7,7.805,7.805,7.03997,0,All,#4682B4,0
10,9,7,7.805,7.805,6.34038,0,All,#4682B4,0
1,9,7.5,6.9,6.9,7.02149,0,All,#4682B4,0
2,9,7.5,6.9,6.9,6.51022,0,All,#4682B4,0
3,9,7.5,6.9,6.9,6.76563,0,All,#4682B4,0
4,9,7.5,6.9,6.9,7.05826,0,All,#4682B4,0
5,9,7.5,6.9,6.9,6.87838,0,All,#4682B4,0
6,9,7.5,6.9,6.9,6.7573,0,All,#4682B4,0
7,9,7.5,6.9,6.9,6.46548,0,All,#4682B4,0
8,9,7.5,6.9,6.9,7.07883,0,All,#4682B4,0
9,9,7.5,6.9,6.9,6.79306,0,All,#4682B4,0
10,9,7.5,6.9,6.9,6.06067,0,All,#4682B4,0
1,9,8,7.046,7.046,6.81464,0,All,#4682B4,0
2,9,8,7.046,7.046,6.29595,0,All,#4682B4,0
3,9,8,7.046,7.046,6.5327,0,All,#4682B4,0
4,9,8,7.046,7.046,6.80782,0,All,#4682B4,0
5,9,8,7.046,7.046,6.54938,0,All,#4682B4,0
6,9,8,7.046,7.046,6.43178,0,All,#4682B4,0
7,9,8,7.046,7.046,6.26886,0,All,#4682B4,0
8,9,8,7.046,7.046,6.82555,0,All,#4682B4,0
9,9,8,7.046,7.046,6.50145,0,All,#4682B4,0
10,9,8,7.046,7.046,5.80088,0,All,#4682B4,0
1,9,8.5,6.21,6.21,6.5916,0,All,#4682B4,0
2,9,8.5,6.21,6.21,6.08326,0,All,#4682B4,0
3,9,8.5,6.21,6.21,6.27297,0,All,#4682B4,0
4,9,8.5,6.21,6.21,6.50386,0,All,#4682B4,0
5,9,8.5,6.21,6.21,6.20136,0,All,#4682B4,0
6,9,8.5,6.21,6.21,6.1125,0,All,#4682B4,0
7,9,8.5,6.21,6.21,6.12455,0,All,#4682B4,0
8,9,8.5,6.21,6.21,6.53525,0,All,#4682B4,0
9,9,8.5,6.21,6.21,6.16254,0,All,#4682B4,0
10,9,8.5,6.21,6.21,5.57099,0,All,#4682B4,0
1,9,9,5.56,5.56,6.35197,0,All,#4682B4,0
2,9,9,5.56,5.56,5.8645,0,All,#4682B4,0
3,9,9,5.56,5.56,5.98828,0,All,#4682B4,0
4,9,9,5.56,5.56,6.17007,0,All,#4682B4,0
5,9,9,5.56,5.56,5.84631,0,All,#4682B4,0
6,9,9,5.56,5.56,5.81885,0,All,#4682B4,0
7,9,9,5.56,5.56,6.0242,0,All,#4682B4,0
8,9,9,5.56,5.56,6.21234,0,All,#4682B4,0
9,9,9,5.56,5.56,5.77997,0,All,#4682B4,0
10,9,9,5.56,5.56,5.37311,0,All,#4682B4,0
1,9,9.5,6.295,6.295,6.09574,0,All,#4682B4,0
2,9,9.5,6.295,6.295,5.642,0,All,#4682B4,0
3,9,9.5,6.295,6.295,5.68277,0,All,#4682B4,0
4,9,9.5,6.295,6.295,5.8329,0,All,#4682B4,0
5,9,9.5,6.295,6.295,5.49951,0,All,#4682B4,0
6,9,9.5,6.295,6.295,5.56238,0,All,#4682B4,0
7,9,9.5,6.295,6.295,5.9124,0,All,#4682B4,0
8,9,9.5,6.295,6.295,5.86812,0,All,#4682B4,0
9,9,9.5,6.295,6.295,5.37014,0,All,#4682B4,0
10,9,9.5,6.295,6.295,5.20367,0,All,#4682B4,0
1,9,10,6.162,6.162,5.82395,0,All,#4682B4,0
2,9,10,6.162,6.162,5.41501,0,All,#4682B4,0
3,9,10,6.162,6.162,5.3664,0,All,#4682B4,0
4,9,10,6.162,6.162,5.52099,0,All,#4682B4,0
5,9,10,6.162,6.162,5.17756,0,All,#4682B4,0
6,9,10,6.162,6.162,5.34893,0,All,#4682B4,0
7,9,10,6.162,6.162,5.77752,0,All,#4682B4,0
8,9,10,6.162,6.162,5.52152,0,All,#4682B4,0
9,9,10,6.162,6.162,4.96663,0,All,#4682B4,0
10,9,10,6.162,6.162,5.05625,0,All,#4682B4,0
1,9,10.5,5.427,5.427,5.53913,0,All,#4682B4,0
2,9,10.5,5.427,5.427,5.1842,0,All,#4682B4,0
3,9,10.5,5.427,5.427,5.05428,0,All,#4682B4,0
4,9,10.5,5.427,5.427,5.22165,0,All,#4682B4,0
5,9,10.5,5.427,5.427,4.8903,0,All,#4682B4,0
6,9,10.5,5.427,5.427,5.16917,0,All,#4682B4,0
7,9,10.5,5.427,5.427,5.61909,0,All,#4682B4,0
8,9,10.5,5.427,5.427,5.1946,0,All,#4682B4,0
9,9,10.5,5.427,5.427,4.61305,0,All,#4682B4,0
10,9,10.5,5.427,5.427,4.92626,0,All,#4682B4,0
1,9,11,4.239,4.239,5.24626,0,All,#4682B4,0
2,9,11,4.239,4.239,4.94684,0,All,#4682B4,0
3,9,11,4.239,4.239,4.76279,0,All,#4682B4,0
4,9,11,4.239,4.239,4.94226,0,All,#4682B4,0
5,9,11,4.239,4.239,4.64226,0,All,#4682B4,0
6,9,11,4.239,4.239,5.01443,0,All,#4682B4,0
7,9,11,4.239,4.239,5.43672,0,All,#4682B4,0
8,9,11,4.239,4.239,4.9009,0,All,#4682B4,0
9,9,11,4.239,4.239,4.33284,0,All,#4682B4,0
10,9,11,4.239,4.239,4.80268,0,All,#4682B4,0
1,9,11.5,4.413,4.413,4.95383,0,All,#4682B4,0
2,9,11.5,4.413,4.413,4.70467,0,All,#4682B4,0
3,9,11.5,4.413,4.413,4.50744,0,All,#4682B4,0
4,9,11.5,4.413,4.413,4.68357,0,All,#4682B4,0
5,9,11.5,4.413,4.413,4.43333,0,All,#4682B4,0
6,9,11.5,4.413,4.413,4.87675,0,All,#4682B4,0
7,9,11.5,4.413,4.413,5.23141,0,All,#4682B4,0
8,9,11.5,4.413,4.413,4.649,0,All,#4682B4,0
9,9,11.5,4.413,4.413,4.11998,0,All,#4682B4,0
10,9,11.5,4.413,4.413,4.68365,0,All,#4682B4,0
1,9,12,3,2.89667,4.67225,1,All,#4682B4,0
2,9,12,3,2.96822,4.45679,1,All,#4682B4,0
3,9,12,3,1.66556,4.29672,1,All,#4682B4,0
4,9,12,3,2.94041,4.43091,1,All,#4682B4,0
5,9,12,3,2.68669,4.2599,1,All,#4682B4,0
6,9,12,3,2.72858,4.75039,1,All,#4682B4,0
7,9,12,3,2.91352,5.00572,1,All,#4682B4,0
8,9,12,3,2.94863,4.43473,1,All,#4682B4,0
9,9,12,3,2.65872,3.95555,1,All,#4682B4,0
10,9,12,3,2.78348,4.56801,1,All,#4682B4,0
1,9,12.5,4.234,4.234,4.41711,0,All,#4682B4,0
2,9,12.5,4.234,4.234,4.20022,0,All,#4682B4,0
3,9,12.5,4.234,4.234,4.12703,0,All,#4682B4,0
4,9,12.5,4.234,4.234,4.1887,0,All,#4682B4,0
5,9,12.5,4.234,4.234,4.11007,0,All,#4682B4,0
6,9,12.5,4.234,4.234,4.62975,0,All,#4682B4,0
7,9,12.5,4.234,4.234,4.7618,0,All,#4682B4,0
8,9,12.5,4.234,4.234,4.24928,0,All,#4682B4,0
9,9,12.5,4.234,4.234,3.81986,0,All,#4682B4,0
10,9,12.5,4.234,4.234,4.45146,0,All,#4682B4,0
1,9,13,3.944,3.944,4.19962,0,All,#4682B4,0
2,9,13,3.944,3.944,3.94052,0,All,#4682B4,0
3,9,13,3.944,3.944,3.98677,0,All,#4682B4,0
4,9,13,3.944,3.944,3.95092,0,All,#4682B4,0
5,9,13,3.944,3.944,3.98211,0,All,#4682B4,0
6,9,13,3.944,3.944,4.51516,0,All,#4682B4,0
7,9,13,3.944,3.944,4.49993,0,All,#4682B4,0
8,9,13,3.944,3.944,4.08411,0,All,#4682B4,0
9,9,13,3.944,3.944,3.70168,0,All,#4682B4,0
10,9,13,3.944,3.944,4.33279,0,All,#4682B4,0
1,9,13.5,3,2.76847,4.02508,1,All,#4682B4,0
2,9,13.5,3,1.87519,3.67641,1,All,#4682B4,0
3,9,13.5,3,2.52734,3.87072,1,All,#4682B4,0
4,9,13.5,3,2.77229,3.71624,1,All,#4682B4,0
5,9,13.5,3,1.89825,3.86437,1,All,#4682B4,0
6,9,13.5,3,2.7769,4.40176,1,All,#4682B4,0
7,9,13.5,3,2.90074,4.225,1,All,#4682B4,0
8,9,13.5,3,2.99295,3.93093,1,All,#4682B4,0
9,9,13.5,3,2.76197,3.59254,1,All,#4682B4,0
10,9,13.5,3,2.87619,4.21195,1,All,#4682B4,0
1,9,14,4.203,4.203,3.89153,0,All,#4682B4,0
2,9,14,4.203,4.203,3.40386,0,All,#4682B4,0
3,9,14,4.203,4.203,3.76965,0,All,#4682B4,0
4,9,14,4.203,4.203,3.48411,0,All,#4682B4,0
5,9,14,4.203,4.203,3.75721,0,All,#4682B4,0
6,9,14,4.203,4.203,4.29027,0,All,#4682B4,0
7,9,14,4.203,4.203,3.93695,0,All,#4682B4,0
8,9,14,4.203,4.203,3.78991,0,All,#4682B4,0
9,9,14,4.203,4.203,3.4829,0,All,#4682B4,0
10,9,14,4.203,4.203,4.08844,0,All,#4682B4,0
1,9,14.5,3.573,3.573,3.79201,0,All,#4682B4,0
2,9,14.5,3.573,3.573,3.12682,0,All,#4682B4,0
3,9,14.5,3.573,3.573,3.68039,0,All,#4682B4,0
4,9,14.5,3.573,3.573,3.25423,0,All,#4682B4,0
5,9,14.5,3.573,3.573,3.65641,0,All,#4682B4,0
6,9,14.5,3.573,3.573,4.18068,0,All,#4682B4,0
7,9,14.5,3.573,3.573,3.63881,0,All,#4682B4,0
8,9,14.5,3.573,3.573,3.65075,0,All,#4682B4,0
9,9,14.5,3.573,3.573,3.37412,0,All,#4682B4,0
10,9,14.5,3.573,3.573,3.96152,0,All,#4682B4,0
1,9,15,3,2.71275,3.71701,1,All,#4682B4,0
2,9,15,3,2.46163,2.84436,1,All,#4682B4,0
3,9,15,3,2.84275,3.59297,1,All,#4682B4,0
4,9,15,3,2.40063,3.02531,1,All,#4682B4,0
5,9,15,3,2.63427,3.55776,1,All,#4682B4,0
6,9,15,3,2.8812,4.07118,1,All,#4682B4,0
7,9,15,3,1.99276,3.33107,1,All,#4682B4,0
8,9,15,3,2.53582,3.51661,1,All,#4682B4,0
9,9,15,3,2.5763,3.26426,1,All,#4682B4,0
10,9,15,3,2.54317,3.83263,1,All,#4682B4,0
1,9,15.5,3.845,3.845,3.66204,0,All,#4682B4,0
2,9,15.5,3.845,3.845,2.55688,0,All,#4682B4,0
3,9,15.5,3.845,3.845,3.50906,0,All,#4682B4,0
4,9,15.5,3.845,3.845,2.79728,0,All,#4682B4,0
5,9,15.5,3.845,3.845,3.45797,0,All,#4682B4,0
6,9,15.5,3.845,3.845,3.96182,0,All,#4682B4,0
7,9,15.5,3.845,3.845,3.01887,0,All,#4682B4,0
8,9,15.5,3.845,3.845,3.38338,0,All,#4682B4,0
9,9,15.5,3.845,3.845,3.1518,0,All,#4682B4,0
10,9,15.5,3.845,3.845,3.70025,0,All,#4682B4,0
1,9,16,3.908,3.908,3.61845,0,All,#4682B4,0
2,9,16,3.908,3.908,2.26512,0,All,#4682B4,0
3,9,16,3.908,3.908,3.42705,0,All,#4682B4,0
4,9,16,3.908,3.908,2.57039,0,All,#4682B4,0
5,9,16,3.908,3.908,3.36102,0,All,#4682B4,0
6,9,16,3.908,3.908,3.8526,0,All,#4682B4,0
7,9,16,3.908,3.908,2.69503,0,All,#4682B4,0
8,9,16,3.908,3.908,3.25295,0,All,#4682B4,0
9,9,16,3.908,3.908,3.03881,0,All,#4682B4,0
10,9,16,3.908,3.908,3.56597,0,All,#4682B4,0
1,9,16.5,3,2.58757,3.57905,1,All,#4682B4,0
2,9,16.5,3,2.13603,1.9686,1,All,#4682B4,0
3,9,16.5,3,2.5409,3.34555,1,All,#4682B4,0
4,9,16.5,3,2.69768,2.34367,1,All,#4682B4,0
5,9,16.5,3,2.19727,3.26169,1,All,#4682B4,0
6,9,16.5,3,2.82872,3.74512,1,All,#4682B4,0
7,9,16.5,3,0.757547,2.368,1,All,#4682B4,0
8,9,16.5,3,2.83203,3.12288,1,All,#4682B4,0
9,9,16.5,3,2.80946,2.92209,1,All,#4682B4,0
10,9,16.5,3,2.65024,3.42903,1,All,#4682B4,0
1,9,17,3,2.62632,3.54386,1,All,#4682B4,0
2,9,17,3,0.430847,1.66799,1,All,#4682B4,0
3,9,17,3,2.69783,3.26485,1,All,#4682B4,0
4,9,17,3,1.5826,2.1171,1,All,#4682B4,0
5,9,17,3,2.83294,3.16256,1,All,#4682B4,0
6,9,17,3,2.59535,3.63759,1,All,#4682B4,0
7,9,17,3,1.19222,2.03577,1,All,#4682B4,0
8,9,17,3,2.0107,2.9935,1,All,#4682B4,0
9,9,17,3,2.31694,2.80478,1,All,#4682B4,0
10,9,17,3,2.84266,3.29021,1,All,#4682B4,0
1,9,17.5,3,2.05752,3.50913,1,All,#4682B4,0
2,9,17.5,3,2.28369,1.36315,1,All,#4682B4,0
3,9,17.5,3,1.38253,3.18298,1,All,#4682B4,0
4,9,17.5,3,2.12054,1.89081,1,All,#4682B4,0
5,9,17.5,3,1.86004,3.06119,1,All,#4682B4,0
6,9,17.5,3,1.64071,3.53015,1,All,#4682B4,0
7,9,17.5,3,2.20349,1.6991,1,All,#4682B4,0
8,9,17.5,3,2.66361,2.86456,1,All,#4682B4,0
9,9,17.5,3,1.95878,2.68531,1,All,#4682B4,0
10,9,17.5,3,2.75671,3.14914,1,All,#4682B4,0
1,10,1,3,0.311598,0,1,All,#4682B4,0
2,10,1,3,0.130506,0,1,All,#4682B4,0
3,10,1,3,1.00688,0,1,All,#4682B4,0
4,10,1,3,0.469227,0,1,All,#4682B4,0
5,10,1,3,0.409708,0,1,All,#4682B4,0
6,10,1,3,0.724046,0,1,All,#4682B4,0
7,10,1,3,1.15209,0,1,All,#4682B4,0
8,10,1,3,1.25321,0,1,All,#4682B4,0
9,10,1,3,0.17709,0,1,All,#4682B4,0
10,10,1,3,0.167116,0,1,All,#4682B4,0
1,10,1.5,3.47,3.47,4.78027,0,All,#4682B4,0
2,10,1.5,3.47,3.47,3.94274,0,All,#4682B4,0
3,10,1.5,3.47,3.47,4.60255,0,All,#4682B4,0
4,10,1.5,3.47,3.47,2.71794,0,All,#4682B4,0
5,10,1.5,3.47,3.47,4.16822,0,All,#4682B4,0
6,10,1.5,3.47,3.47,3.81201,0,All,#4682B4,0
7,10,1.5,3.47,3.47,3.60325,0,All,#4682B4,0
8,10,1.5,3.47,3.47,3.74735,0,All,#4682B4,0
9,10,1.5,3.47,3.47,3.56679,0,All,#4682B4,0
10,10,1.5,3.47,3.47,3.35817,0,All,#4682B4,0
1,10,2,7.203,7.203,7.43054,0,All,#4682B4,0
2,10,2,7.203,7.203,7.6393,0,All,#4682B4,0
3,10,2,7.203,7.203,6.83455,0,All,#4682B4,0
4,10,2,7.203,7.203,7.5445,0,All,#4682B4,0
5,10,2,7.203,7.203,7.25193,0,All,#4682B4,0
6,10,2,7.203,7.203,6.83143,0,All,#4682B4,0
7,10,2,7.203,7.203,7.18651,0,All,#4682B4,0
8,10,2,7.203,7.203,7.58977,0,All,#4682B4,0
9,10,2,7.203,7.203,7.26551,0,All,#4682B4,0
10,10,2,7.203,7.203,7.82133,0,All,#4682B4,0
1,10,2.5,8.478,8.478,8.50316,0,All,#4682B4,0
2,10,2.5,8.478,8.478,8.5627,0,All,#4682B4,0
3,10,2.5,8.478,8.478,7.83889,0,All,#4682B4,0
4,10,2.5,8.478,8.478,8.60443,0,All,#4682B4,0
5,10,2.5,8.478,8.478,8.21296,0,All,#4682B4,0
6,10,2.5,8.478,8.478,7.88825,0,All,#4682B4,0
7,10,2.5,8.478,8.478,8.32312,0,All,#4682B4,0
8,10,2.5,8.478,8.478,8.60876,0,All,#4682B4,0
9,10,2.5,8.478,8.478,8.30105,0,All,#4682B4,0
10,10,2.5,8.478,8.478,8.80505,0,All,#4682B4,0
1,10,3,9.229,9.229,8.77576,0,All,#4682B4,0
2,10,3,9.229,9.229,8.86503,0,All,#4682B4,0
3,10,3,9.229,9.229,8.34995,0,All,#4682B4,0
4,10,3,9.229,9.229,8.81455,0,All,#4682B4,0
5,10,3,9.229,9.229,8.55463,0,All,#4682B4,0
6,10,3,9.229,9.229,8.33243,0,All,#4682B4,0
7,10,3,9.229,9.229,8.74668,0,All,#4682B4,0
8,10,3,9.229,9.229,8.89134,0,All,#4682B4,0
9,10,3,9.229,9.229,8.65426,0,All,#4682B4,0
10,10,3,9.229,9.229,8.83418,0,All,#4682B4,0
1,10,3.5,8.793,8.793,8.67686,0,All,#4682B4,0
2,10,3.5,8.793,8.793,8.83618,0,All,#4682B4,0
3,10,3.5,8.793,8.793,8.52371,0,All,#4682B4,0
4,10,3.5,8.793,8.793,8.67553,0,All,#4682B4,0
5,10,3.5,8.793,8.793,8.53419,0,All,#4682B4,0
6,10,3.5,8.793,8.793,8.40867,0,All,#4682B4,0
7,10,3.5,8.793,8.793,8.76012,0,All,#4682B4,0
8,10,3.5,8.793,8.793,8.82151,0,All,#4682B4,0
9,10,3.5,8.793,8.793,8.63746,0,All,#4682B4,0
10,10,3.5,8.793,8.793,8.58219,0,All,#4682B4,0
1,10,4,8.281,8.281,8.47792,0,All,#4682B4,0
2,10,4,8.281,8.281,8.63606,0,All,#4682B4,0
3,10,4,8.281,8.281,8.45647,0,All,#4682B4,0
4,10,4,8.281,8.281,8.4374,0,All,#4682B4,0
5,10,4,8.281,8.281,8.31945,0,All,#4682B4,0
6,10,4,8.281,8.281,8.30024,0,All,#4682B4,0
7,10,4,8.281,8.281,8.58668,0,All,#4682B4,0
8,10,4,8.281,8.281,8.62645,0,All,#4682B4,0
9,10,4,8.281,8.281,8.45235,0,All,#4682B4,0
10,10,4,8.281,8.281,8.26058,0,All,#4682B4,0
1,10,4.5,6.902,6.902,8.25692,0,All,#4682B4,0
2,10,4.5,6.902,6.902,8.36648,0,All,#4682B4,0
3,10,4.5,6.902,6.902,8.25234,0,All,#4682B4,0
4,10,4.5,6.902,6.902,8.17347,0,All,#4682B4,0
5,10,4.5,6.902,6.902,8.02162,0,All,#4682B4,0
6,10,4.5,6.902,6.902,8.12177,0,All,#4682B4,0
7,10,4.5,6.902,6.902,8.34938,0,All,#4682B4,0
8,10,4.5,6.902,6.902,8.39331,0,All,#4682B4,0
9,10,4.5,6.902,6.902,8.20385,0,All,#4682B4,0
10,10,4.5,6.902,6.902,7.92299,0,All,#4682B4,0
1,10,5,7.215,7.215,8.03293,0,All,#4682B4,0
2,10,5,7.215,7.215,8.07293,0,All,#4682B4,0
3,10,5,7.215,7.215,7.98826,0,All,#4682B4,0
4,10,5,7.215,7.215,7.90437,0,All,#4682B4,0
5,10,5,7.215,7.215,7.7043,0,All,#4682B4,0
6,10,5,7.215,7.215,7.91991,0,All,#4682B4,0
7,10,5,7.215,7.215,8.09247,0,All,#4682B4,0
8,10,5,7.215,7.215,8.14915,0,All,#4682B4,0
9,10,5,7.215,7.215,7.93418,0,All,#4682B4,0
10,10,5,7.215,7.215,7.58785,0,All,#4682B4,0
1,10,5.5,6.179,6.179,7.81183,0,All,#4682B4,0
2,10,5.5,6.179,6.179,7.78093,0,All,#4682B4,0
3,10,5.5,6.179,6.179,7.71162,0,All,#4682B4,0
4,10,5.5,6.179,6.179,7.63748,0,All,#4682B4,0
5,10,5.5,6.179,6.179,7.40567,0,All,#4682B4,0
6,10,5.5,6.179,6.179,7.71133,0,All,#4682B4,0
7,10,5.5,6.179,6.179,7.83179,0,All,#4682B4,0
8,10,5.5,6.179,6.179,7.90234,0,All,#4682B4,0
9,10,5.5,6.179,6.179,7.66031,0,All,#4682B4,0
10,10,5.5,6.179,6.179,7.26727,0,All,#4682B4,0
1,10,6,6.112,6.112,7.59697,0,All,#4682B4,0
2,10,6,6.112,6.112,7.50478,0,All,#4682B4,0
3,10,6,6.112,6.112,7.4519,0,All,#4682B4,0
4,10,6,6.112,6.112,7.37788,0,All,#4682B4,0
5,10,6,6.112,6.112,7.14895,0,All,#4682B4,0
6,10,6,6.112,6.112,7.50252,0,All,#4682B4,0
7,10,6,6.112,6.112,7.57425,0,All,#4682B4,0
8,10,6,6.112,6.112,7.65599,0,All,#4682B4,0
9,10,6,6.112,6.112,7.39075,0,All,#4682B4,0
10,10,6,6.112,6.112,6.9738,0,All,#4682B4,0
1,10,6.5,8.145,8.145,7.38968,0,All,#4682B4,0
2,10,6.5,8.145,8.145,7.25656,0,All,#4682B4,0
3,10,6.5,8.145,8.145,7.2277,0,All,#4682B4,0
4,10,6.5,8.145,8.145,7.12987,0,All,#4682B4,0
5,10,6.5,8.145,8.145,6.94522,0,All,#4682B4,0
6,10,6.5,8.145,8.145,7.29686,0,All,#4682B4,0
7,10,6.5,8.145,8.145,7.32483,0,All,#4682B4,0
8,10,6.5,8.145,8.145,7.41207,0,All,#4682B4,0
9,10,6.5,8.145,8.145,7.1321,0,All,#4682B4,0
10,10,6.5,8.145,8.145,6.72189,0,All,#4682B4,0
1,10,7,8.514,8.514,7.17195,0,All,#4682B4,0
2,10,7,8.514,8.514,7.04216,0,All,#4682B4,0
3,10,7,8.514,8.514,7.04666,0,All,#4682B4,0
4,10,7,8.514,8.514,6.90112,0,All,#4682B4,0
5,10,7,8.514,8.514,6.79463,0,All,#4682B4,0
6,10,7,8.514,8.514,7.09712,0,All,#4682B4,0
7,10,7,8.514,8.514,7.08855,0,All,#4682B4,0
8,10,7,8.514,8.514,7.17236,0,All,#4682B4,0
9,10,7,8.514,8.514,6.89117,0,All,#4682B4,0
10,10,7,8.514,8.514,6.52398,0,All,#4682B4,0
1,10,7.5,6.782,6.782,6.93825,0,All,#4682B4,0
2,10,7.5,6.782,6.782,6.86437,0,All,#4682B4,0
3,10,7.5,6.782,6.782,6.91075,0,All,#4682B4,0
4,10,7.5,6.782,6.782,6.69818,0,All,#4682B4,0
5,10,7.5,6.782,6.782,6.69123,0,All,#4682B4,0
6,10,7.5,6.782,6.782,6.90622,0,All,#4682B4,0
7,10,7.5,6.782,6.782,6.87097,0,All,#4682B4,0
8,10,7.5,6.782,6.782,6.93899,0,All,#4682B4,0
9,10,7.5,6.782,6.782,6.67465,0,All,#4682B4,0
10,10,7.5,6.782,6.782,6.38598,0,All,#4682B4,0
1,10,8,6.978,6.978,6.6947,0,All,#4682B4,0
2,10,8,6.978,6.978,6.72248,0,All,#4682B4,0
3,10,8,6.978,6.978,6.81564,0,All,#4682B4,0
4,10,8,6.978,6.978,6.52842,0,All,#4682B4,0
5,10,8,6.978,6.978,6.62642,0,All,#4682B4,0
6,10,8,6.978,6.978,6.72733,0,All,#4682B4,0
7,10,8,6.978,6.978,6.67767,0,All,#4682B4,0
8,10,8,6.978,6.978,6.71484,0,All,#4682B4,0
9,10,8,6.978,6.978,6.48842,0,All,#4682B4,0
10,10,8,6.978,6.978,6.30152,0,All,#4682B4,0
1,10,8.5,5.579,5.579,6.44963,0,All,#4682B4,0
2,10,8.5,5.579,5.579,6.61245,0,All,#4682B4,0
3,10,8.5,5.579,5.579,6.75596,0,All,#4682B4,0
4,10,8.5,5.579,5.579,6.37036,0,All,#4682B4,0
5,10,8.5,5.579,5.579,6.5907,0,All,#4682B4,0
6,10,8.5,5.579,5.579,6.56387,0,All,#4682B4,0
7,10,8.5,5.579,5.579,6.5134,0,All,#4682B4,0
8,10,8.5,5.579,5.579,6.5034,0,All,#4682B4,0
9,10,8.5,5.579,5.579,6.33605,0,All,#4682B4,0
10,10,8.5,5.579,5.579,6.22167,0,All,#4682B4,0
1,10,9,6.259,6.259,6.20809,0,All,#4682B4,0
2,10,9,6.259,6.259,6.52934,0,All,#4682B4,0
3,10,9,6.259,6.259,6.66854,0,All,#4682B4,0
4,10,9,6.259,6.259,6.19557,0,All,#4682B4,0
5,10,9,6.259,6.259,6.56835,0,All,#4682B4,0
6,10,9,6.259,6.259,6.41759,0,All,#4682B4,0
7,10,9,6.259,6.259,6.3811,0,All,#4682B4,0
8,10,9,6.259,6.259,6.30863,0,All,#4682B4,0
9,10,9,6.259,6.259,6.21835,0,All,#4682B4,0
10,10,9,6.259,6.259,6.09962,0,All,#4682B4,0
1,10,9.5,6.134,6.134,5.98501,0,All,#4682B4,0
2,10,9.5,6.134,6.134,6.46905,0,All,#4682B4,0
3,10,9.5,6.134,6.134,6.50007,0,All,#4682B4,0
4,10,9.5,6.134,6.134,6.00895,0,All,#4682B4,0
5,10,9.5,6.134,6.134,6.47635,0,All,#4682B4,0
6,10,9.5,6.134,6.134,6.26282,0,All,#4682B4,0
7,10,9.5,6.134,6.134,6.27804,0,All,#4682B4,0
8,10,9.5,6.134,6.134,6.13455,0,All,#4682B4,0
9,10,9.5,6.134,6.134,6.13429,0,All,#4682B4,0
10,10,9.5,6.134,6.134,5.93802,0,All,#4682B4,0
1,10,10,6.019,6.019,5.78496,0,All,#4682B4,0
2,10,10,6.019,6.019,6.39501,0,All,#4682B4,0
3,10,10,6.019,6.019,6.26611,0,All,#4682B4,0
4,10,10,6.019,6.019,5.81768,0,All,#4682B4,0
5,10,10,6.019,6.019,6.31371,0,All,#4682B4,0
6,10,10,6.019,6.019,6.08203,0,All,#4682B4,0
7,10,10,6.019,6.019,6.15701,0,All,#4682B4,0
8,10,10,6.019,6.019,5.98466,0,All,#4682B4,0
9,10,10,6.019,6.019,6.08029,0,All,#4682B4,0
10,10,10,6.019,6.019,5.74432,0,All,#4682B4,0
1,10,10.5,5.653,5.653,5.6104,0,All,#4682B4,0
2,10,10.5,5.653,5.653,6.22234,0,All,#4682B4,0
3,10,10.5,5.653,5.653,5.98474,0,All,#4682B4,0
4,10,10.5,5.653,5.653,5.62878,0,All,#4682B4,0
5,10,10.5,5.653,5.653,6.10071,0,All,#4682B4,0
6,10,10.5,5.653,5.653,5.87907,0,All,#4682B4,0
7,10,10.5,5.653,5.653,5.99856,0,All,#4682B4,0
8,10,10.5,5.653,5.653,5.86119,0,All,#4682B4,0
9,10,10.5,5.653,5.653,6.03115,0,All,#4682B4,0
10,10,10.5,5.653,5.653,5.52782,0,All,#4682B4,0
1,10,11,6.111,6.111,5.45839,0,All,#4682B4,0
2,10,11,6.111,6.111,5.95939,0,All,#4682B4,0
3,10,11,6.111,6.111,5.67191,0,All,#4682B4,0
4,10,11,6.111,6.111,5.4474,0,All,#4682B4,0
5,10,11,6.111,6.111,5.8593,0,All,#4682B4,0
6,10,11,6.111,6.111,5.65696,0,All,#4682B4,0
7,10,11,6.111,6.111,5.80518,0,All,#4682B4,0
8,10,11,6.111,6.111,5.75297,0,All,#4682B4,0
9,10,11,6.111,6.111,5.9027,0,All,#4682B4,0
10,10,11,6.111,6.111,5.30289,0,All,#4682B4,0
1,10,11.5,5.815,5.815,5.32621,0,All,#4682B4,0
2,10,11.5,5.815,5.815,5.63813,0,All,#4682B4,0
3,10,11.5,5.815,5.815,5.35022,0,All,#4682B4,0
4,10,11.5,5.815,5.815,5.27402,0,All,#4682B4,0
5,10,11.5,5.815,5.815,5.60457,0,All,#4682B4,0
6,10,11.5,5.815,5.815,5.42472,0,All,#4682B4,0
7,10,11.5,5.815,5.815,5.58371,0,All,#4682B4,0
8,10,11.5,5.815,5.815,5.6061,0,All,#4682B4,0
9,10,11.5,5.815,5.815,5.67825,0,All,#4682B4,0
10,10,11.5,5.815,5.815,5.0708,0,All,#4682B4,0
1,10,12,6.27,6.27,5.20957,0,All,#4682B4,0
2,10,12,6.27,6.27,5.29405,0,All,#4682B4,0
3,10,12,6.27,6.27,5.01931,0,All,#4682B4,0
4,10,12,6.27,6.27,5.10806,0,All,#4682B4,0
5,10,12,6.27,6.27,5.34817,0,All,#4682B4,0
6,10,12,6.27,6.27,5.19133,0,All,#4682B4,0
7,10,12,6.27,6.27,5.34406,0,All,#4682B4,0
8,10,12,6.27,6.27,5.41255,0,All,#4682B4,0
9,10,12,6.27,6.27,5.37127,0,All,#4682B4,0
10,10,12,6.27,6.27,4.83939,0,All,#4682B4,0
1,10,12.5,4.85,4.85,5.1021,0,All,#4682B4,0
2,10,12.5,4.85,4.85,4.95057,0,All,#4682B4,0
3,10,12.5,4.85,4.85,4.68941,0,All,#4682B4,0
4,10,12.5,4.85,4.85,4.94871,0,All,#4682B4,0
5,10,12.5,4.85,4.85,5.09227,0,All,#4682B4,0
6,10,12.5,4.85,4.85,4.96771,0,All,#4682B4,0
7,10,12.5,4.85,4.85,5.09631,0,All,#4682B4,0
8,10,12.5,4.85,4.85,5.17634,0,All,#4682B4,0
9,10,12.5,4.85,4.85,5.01583,0,All,#4682B4,0
10,10,12.5,4.85,4.85,4.608,0,All,#4682B4,0
1,10,13,3.65,3.65,5.00168,0,All,#4682B4,0
2,10,13,3.65,3.65,4.62191,0,All,#4682B4,0
3,10,13,3.65,3.65,4.36109,0,All,#4682B4,0
4,10,13,3.65,3.65,4.79227,0,All,#4682B4,0
5,10,13,3.65,3.65,4.83831,0,All,#4682B4,0
6,10,13,3.65,3.65,4.7576,0,All,#4682B4,0
7,10,13,3.65,3.65,4.85161,0,All,#4682B4,0
8,10,13,3.65,3.65,4.90808,0,All,#4682B4,0
9,10,13,3.65,3.65,4.65102,0,All,#4682B4,0
10,10,13,3.65,3.65,4.3774,0,All,#4682B4,0
1,10,13.5,5.219,5.219,4.90396,0,All,#4682B4,0
2,10,13.5,5.219,5.219,4.29924,0,All,#4682B4,0
3,10,13.5,5.219,5.219,4.03453,0,All,#4682B4,0
4,10,13.5,5.219,5.219,4.63589,0,All,#4682B4,0
5,10,13.5,5.219,5.219,4.58798,0,All,#4682B4,0
6,10,13.5,5.219,5.219,4.55803,0,All,#4682B4,0
7,10,13.5,5.219,5.219,4.61055,0,All,#4682B4,0
8,10,13.5,5.219,5.219,4.63346,0,All,#4682B4,0
9,10,13.5,5.219,5.219,4.29093,0,All,#4682B4,0
10,10,13.5,5.219,5.219,4.14651,0,All,#4682B4,0
1,10,14,5.321,5.321,4.80842,0,All,#4682B4,0
2,10,14,5.321,5.321,3.98381,0,All,#4682B4,0
3,10,14,5.321,5.321,3.7094,0,All,#4682B4,0
4,10,14,5.321,5.321,4.48173,0,All,#4682B4,0
5,10,14,5.321,5.321,4.34047,0,All,#4682B4,0
6,10,14,5.321,5.321,4.37067,0,All,#4682B4,0
7,10,14,5.321,5.321,4.37416,0,All,#4682B4,0
8,10,14,5.321,5.321,4.35952,0,All,#4682B4,0
9,10,14,5.321,5.321,3.93812,0,All,#4682B4,0
10,10,14,5.321,5.321,3.91457,0,All,#4682B4,0
1,10,14.5,4.466,4.466,4.7097,0,All,#4682B4,0
2,10,14.5,4.466,4.466,3.67553,0,All,#4682B4,0
3,10,14.5,4.466,4.466,3.38392,0,All,#4682B4,0
4,10,14.5,4.466,4.466,4.32656,0,All,#4682B4,0
5,10,14.5,4.466,4.466,4.09376,0,All,#4682B4,0
6,10,14.5,4.466,4.466,4.18764,0,All,#4682B4,0
7,10,14.5,4.466,4.466,4.14285,0,All,#4682B4,0
8,10,14.5,4.466,4.466,4.09538,0,All,#4682B4,0
9,10,14.5,4.466,4.466,3.5941,0,All,#4682B4,0
10,10,14.5,4.466,4.466,3.68167,0,All,#4682B4,0
1,10,15,3,2.76158,4.61101,1,All,#4682B4,0
2,10,15,3,2.57547,3.3713,1,All,#4682B4,0
3,10,15,3,2.57794,3.05907,1,All,#4682B4,0
4,10,15,3,1.94212,4.17095,1,All,#4682B4,0
5,10,15,3,2.97461,3.84855,1,All,#4682B4,0
6,10,15,3,2.83796,4.01233,1,All,#4682B4,0
7,10,15,3,2.03254,3.91434,1,All,#4682B4,0
8,10,15,3,2.60475,3.84167,1,All,#4682B4,0
9,10,15,3,2.67025,3.25494,1,All,#4682B4,0
10,10,15,3,2.85337,3.44813,1,All,#4682B4,0
1,10,15.5,3.758,3.758,4.51045,0,All,#4682B4,0
2,10,15.5,3.758,3.758,3.07004,0,All,#4682B4,0
3,10,15.5,3.758,3.758,2.73474,0,All,#4682B4,0
4,10,15.5,3.758,3.758,4.01251,0,All,#4682B4,0
5,10,15.5,3.758,3.758,3.60366,0,All,#4682B4,0
6,10,15.5,3.758,3.758,3.83929,0,All,#4682B4,0
7,10,15.5,3.758,3.758,3.68827,0,All,#4682B4,0
8,10,15.5,3.758,3.758,3.59631,0,All,#4682B4,0
9,10,15.5,3.758,3.758,2.92032,0,All,#4682B4,0
10,10,15.5,3.758,3.758,3.21216,0,All,#4682B4,0
1,10,16,3,2.79315,4.40492,1,All,#4682B4,0
2,10,16,3,1.57441,2.77037,1,All,#4682B4,0
3,10,16,3,2.21304,2.40985,1,All,#4682B4,0
4,10,16,3,1.7284,3.85531,1,All,#4682B4,0
5,10,16,3,2.76324,3.35879,1,All,#4682B4,0
6,10,16,3,2.84405,3.66831,1,All,#4682B4,0
7,10,16,3,1.42463,3.46248,1,All,#4682B4,0
8,10,16,3,2.68182,3.35897,1,All,#4682B4,0
9,10,16,3,1.79562,2.58784,1,All,#4682B4,0
10,10,16,3,2.63646,2.9753,1,All,#4682B4,0
1,10,16.5,3,2.93358,4.29843,1,All,#4682B4,0
2,10,16.5,3,2.56826,2.4726,1,All,#4682B4,0
3,10,16.5,3,1.93936,2.08426,1,All,#4682B4,0
4,10,16.5,3,2.46851,3.6958,1,All,#4682B4,0
5,10,16.5,3,2.26216,3.11395,1,All,#4682B4,0
6,10,16.5,3,2.19425,3.49714,1,All,#4682B4,0
7,10,16.5,3,2.82061,3.23758,1,All,#4682B4,0
8,10,16.5,3,2.8763,3.12495,1,All,#4682B4,0
9,10,16.5,3,1.96717,2.25682,1,All,#4682B4,0
10,10,16.5,3,1.46011,2.73671,1,All,#4682B4,0
1,11,1,3,0.00617439,0,1,All,#4682B4,0
2,11,1,3,0.905024,0,1,All,#4682B4,0
3,11,1,3,1.53359,0,1,All,#4682B4,0
4,11,1,3,0.361217,0,1,All,#4682B4,0
5,11,1,3,0.153221,0,1,All,#4682B4,0
6,11,1,3,0.132284,0,1,All,#4682B4,0
7,11,1,3,0.217774,0,1,All,#4682B4,0
8,11,1,3,1.41008,0,1,All,#4682B4,0
9,11,1,3,0.293715,0,1,All,#4682B4,0
10,11,1,3,0.492029,0,1,All,#4682B4,0
1,11,1.5,3,0.486096,1.36121,1,All,#4682B4,0
2,11,1.5,3,0.183234,0,1,All,#4682B4,0
3,11,1.5,3,0.298562,0,1,All,#4682B4,0
4,11,1.5,3,0.265713,0,1,All,#4682B4,0
5,11,1.5,3,0.444056,0,1,All,#4682B4,0
6,11,1.5,3,2.31685,0,1,All,#4682B4,0
7,11,1.5,3,0.0190346,0,1,All,#4682B4,0
8,11,1.5,3,0.380582,0,1,All,#4682B4,0
9,11,1.5,3,0.670723,0,1,All,#4682B4,0
10,11,1.5,3,0.132101,0,1,All,#4682B4,0
1,11,2,3.992,3.992,5.60578,0,All,#4682B4,0
2,11,2,3.992,3.992,4.6646,0,All,#4682B4,0
3,11,2,3.992,3.992,5.98158,0,All,#4682B4,0
4,11,2,3.992,3.992,5.08221,0,All,#4682B4,0
5,11,2,3.992,3.992,4.68651,0,All,#4682B4,0
6,11,2,3.992,3.992,5.20625,0,All,#4682B4,0
7,11,2,3.992,3.992,5.05169,0,All,#4682B4,0
8,11,2,3.992,3.992,4.61885,0,All,#4682B4,0
9,11,2,3.992,3.992,5.57125,0,All,#4682B4,0
10,11,2,3.992,3.992,4.41636,0,All,#4682B4,0
1,11,2.5,5.934,5.934,6.77232,0,All,#4682B4,0
2,11,2.5,5.934,5.934,6.76534,0,All,#4682B4,0
3,11,2.5,5.934,5.934,7.23655,0,All,#4682B4,0
4,11,2.5,5.934,5.934,6.91227,0,All,#4682B4,0
5,11,2.5,5.934,5.934,6.55219,0,All,#4682B4,0
6,11,2.5,5.934,5.934,7.03557,0,All,#4682B4,0
7,11,2.5,5.934,5.934,7.15062,0,All,#4682B4,0
8,11,2.5,5.934,5.934,6.82109,0,All,#4682B4,0
9,11,2.5,5.934,5.934,7.13005,0,All,#4682B4,0
10,11,2.5,5.934,5.934,6.91171,0,All,#4682B4,0
1,11,3,7.038,7.038,7.38463,0,All,#4682B4,0
2,11,3,7.038,7.038,7.63042,0,All,#4682B4,0
3,11,3,7.038,7.038,7.77548,0,All,#4682B4,0
4,11,3,7.038,7.038,7.69902,0,All,#4682B4,0
5,11,3,7.038,7.038,7.31879,0,All,#4682B4,0
6,11,3,7.038,7.038,7.69513,0,All,#4682B4,0
7,11,3,7.038,7.038,7.87126,0,All,#4682B4,0
8,11,3,7.038,7.038,7.61871,0,All,#4682B4,0
9,11,3,7.038,7.038,7.83221,0,All,#4682B4,0
10,11,3,7.038,7.038,7.69869,0,All,#4682B4,0
1,11,3.5,8.053,8.053,7.74719,0,All,#4682B4,0
2,11,3.5,8.053,8.053,8.0608,0,All,#4682B4,0
3,11,3.5,8.053,8.053,8.05819,0,All,#4682B4,0
4,11,3.5,8.053,8.053,8.12612,0,All,#4682B4,0
5,11,3.5,8.053,8.053,7.72682,0,All,#4682B4,0
6,11,3.5,8.053,8.053,8.02626,0,All,#4682B4,0
7,11,3.5,8.053,8.053,8.22214,0,All,#4682B4,0
8,11,3.5,8.053,8.053,8.02469,0,All,#4682B4,0
9,11,3.5,8.053,8.053,8.18918,0,All,#4682B4,0
10,11,3.5,8.053,8.053,8.07749,0,All,#4682B4,0
1,11,4,7.745,7.745,7.95315,0,All,#4682B4,0
2,11,4,7.745,7.745,8.22798,0,All,#4682B4,0
3,11,4,7.745,7.745,8.19937,0,All,#4682B4,0
4,11,4,7.745,7.745,8.33796,0,All,#4682B4,0
5,11,4,7.745,7.745,7.92914,0,All,#4682B4,0
6,11,4,7.745,7.745,8.18736,0,All,#4682B4,0
7,11,4,7.745,7.745,8.38587,0,All,#4682B4,0
8,11,4,7.745,7.745,8.22384,0,All,#4682B4,0
9,11,4,7.745,7.745,8.32988,0,All,#4682B4,0
10,11,4,7.745,7.745,8.24764,0,All,#4682B4,0
1,11,4.5,8.284,8.284,8.0475,0,All,#4682B4,0
2,11,4.5,8.284,8.284,8.24133,0,All,#4682B4,0
3,11,4.5,8.284,8.284,8.25,0,All,#4682B4,0
4,11,4.5,8.284,8.284,8.40678,0,All,#4682B4,0
5,11,4.5,8.284,8.284,7.99756,0,All,#4682B4,0
6,11,4.5,8.284,8.284,8.2458,0,All,#4682B4,0
7,11,4.5,8.284,8.284,8.43494,0,All,#4682B4,0
8,11,4.5,8.284,8.284,8.28864,0,All,#4682B4,0
9,11,4.5,8.284,8.284,8.33475,0,All,#4682B4,0
10,11,4.5,8.284,8.284,8.29728,0,All,#4682B4,0
1,11,5,8.198,8.198,8.0662,0,All,#4682B4,0
2,11,5,8.198,8.198,8.174,0,All,#4682B4,0
3,11,5,8.198,8.198,8.24456,0,All,#4682B4,0
4,11,5,8.198,8.198,8.39009,0,All,#4682B4,0
5,11,5,8.198,8.198,7.99259,0,All,#4682B4,0
6,11,5,8.198,8.198,8.24492,0,All,#4682B4,0
7,11,5,8.198,8.198,8.41516,0,All,#4682B4,0
8,11,5,8.198,8.198,8.26949,0,All,#4682B4,0
9,11,5,8.198,8.198,8.26127,0,All,#4682B4,0
10,11,5,8.198,8.198,8.27799,0,All,#4682B4,0
1,11,5.5,7.321,7.321,8.03855,0,All,#4682B4,0
2,11,5.5,7.321,7.321,8.06088,0,All,#4682B4,0
3,11,5.5,7.321,7.321,8.20507,0,All,#4682B4,0
4,11,5.5,7.321,7.321,8.3218,0,All,#4682B4,0
5,11,5.5,7.321,7.321,7.95305,0,All,#4682B4,0
6,11,5.5,7.321,7.321,8.21272,0,All,#4682B4,0
7,11,5.5,7.321,7.321,8.35768,0,All,#4682B4,0
8,11,5.5,7.321,7.321,8.199,0,All,#4682B4,0
9,11,5.5,7.321,7.321,8.13663,0,All,#4682B4,0
10,11,5.5,7.321,7.321,8.20708,0,All,#4682B4,0
1,11,6,8.447,8.447,7.98473,0,All,#4682B4,0
2,11,6,8.447,8.447,7.91101,0,All,#4682B4,0
3,11,6,8.447,8.447,8.14589,0,All,#4682B4,0
4,11,6,8.447,8.447,8.21377,0,All,#4682B4,0
5,11,6,8.447,8.447,7.89793,0,All,#4682B4,0
6,11,6,8.447,8.447,8.16467,0,All,#4682B4,0
7,11,6,8.447,8.447,8.28077,0,All,#4682B4,0
8,11,6,8.447,8.447,8.09039,0,All,#4682B4,0
9,11,6,8.447,8.447,7.96771,0,All,#4682B4,0
10,11,6,8.447,8.447,8.09349,0,All,#4682B4,0
1,11,6.5,9.002,9.002,7.89584,0,All,#4682B4,0
2,11,6.5,9.002,9.002,7.72218,0,All,#4682B4,0
3,11,6.5,9.002,9.002,8.07027,0,All,#4682B4,0
4,11,6.5,9.002,9.002,8.06485,0,All,#4682B4,0
5,11,6.5,9.002,9.002,7.81592,0,All,#4682B4,0
6,11,6.5,9.002,9.002,8.09499,0,All,#4682B4,0
7,11,6.5,9.002,9.002,8.19332,0,All,#4682B4,0
8,11,6.5,9.002,9.002,7.94522,0,All,#4682B4,0
9,11,6.5,9.002,9.002,7.75125,0,All,#4682B4,0
10,11,6.5,9.002,9.002,7.93427,0,All,#4682B4,0
1,11,7,7.626,7.626,7.74695,0,All,#4682B4,0
2,11,7,7.626,7.626,7.48761,0,All,#4682B4,0
3,11,7,7.626,7.626,7.9468,0,All,#4682B4,0
4,11,7,7.626,7.626,7.86677,0,All,#4682B4,0
5,11,7,7.626,7.626,7.68855,0,All,#4682B4,0
6,11,7,7.626,7.626,7.97629,0,All,#4682B4,0
7,11,7,7.626,7.626,8.07258,0,All,#4682B4,0
8,11,7,7.626,7.626,7.75888,0,All,#4682B4,0
9,11,7,7.626,7.626,7.47887,0,All,#4682B4,0
10,11,7,7.626,7.626,7.71927,0,All,#4682B4,0
1,11,7.5,9.124,9.124,7.51754,0,All,#4682B4,0
2,11,7.5,9.124,9.124,7.19819,0,All,#4682B4,0
3,11,7.5,9.124,9.124,7.74829,0,All,#4682B4,0
4,11,7.5,9.124,9.124,7.60644,0,All,#4682B4,0
5,11,7.5,9.124,9.124,7.49657,0,All,#4682B4,0
6,11,7.5,9.124,9.124,7.78351,0,All,#4682B4,0
7,11,7.5,9.124,9.124,7.87735,0,All,#4682B4,0
8,11,7.5,9.124,9.124,7.52307,0,All,#4682B4,0
9,11,7.5,9.124,9.124,7.13942,0,All,#4682B4,0
10,11,7.5,9.124,9.124,7.43295,0,All,#4682B4,0
1,11,8,7.084,7.084,7.17676,0,All,#4682B4,0
2,11,8,7.084,7.084,6.84378,0,All,#4682B4,0
3,11,8,7.084,7.084,7.44083,0,All,#4682B4,0
4,11,8,7.084,7.084,7.26634,0,All,#4682B4,0
5,11,8,7.084,7.084,7.21083,0,All,#4682B4,0
6,11,8,7.084,7.084,7.47662,0,All,#4682B4,0
7,11,8,7.084,7.084,7.56995,0,All,#4682B4,0
8,11,8,7.084,7.084,7.22674,0,All,#4682B4,0
9,11,8,7.084,7.084,6.72113,0,All,#4682B4,0
10,11,8,7.084,7.084,7.05404,0,All,#4682B4,0
1,11,8.5,6.796,6.796,6.6862,0,All,#4682B4,0
2,11,8.5,6.796,6.796,6.415,0,All,#4682B4,0
3,11,8.5,6.796,6.796,6.9755,0,All,#4682B4,0
4,11,8.5,6.796,6.796,6.82544,0,All,#4682B4,0
5,11,8.5,6.796,6.796,6.79023,0,All,#4682B4,0
6,11,8.5,6.796,6.796,6.99536,0,All,#4682B4,0
7,11,8.5,6.796,6.796,7.09696,0,All,#4682B4,0
8,11,8.5,6.796,6.796,6.85648,0,All,#4682B4,0
9,11,8.5,6.796,6.796,6.21849,0,All,#4682B4,0
10,11,8.5,6.796,6.796,6.55645,0,All,#4682B4,0
1,11,9,5.49,5.49,6.02935,0,All,#4682B4,0
2,11,9,5.49,5.49,5.90955,0,All,#4682B4,0
3,11,9,5.49,5.49,6.29902,0,All,#4682B4,0
4,11,9,5.49,5.49,6.26425,0,All,#4682B4,0
5,11,9,5.49,5.49,6.19227,0,All,#4682B4,0
6,11,9,5.49,5.49,6.26561,0,All,#4682B4,0
7,11,9,5.49,5.49,6.40212,0,All,#4682B4,0
8,11,9,5.49,5.49,6.39561,0,All,#4682B4,0
9,11,9,5.49,5.49,5.6379,0,All,#4682B4,0
10,11,9,5.49,5.49,5.92183,0,All,#4682B4,0
1,11,9.5,5.876,5.876,5.30629,0,All,#4682B4,0
2,11,9.5,5.876,5.876,5.34618,0,All,#4682B4,0
3,11,9.5,5.876,5.876,5.45952,0,All,#4682B4,0
4,11,9.5,5.876,5.876,5.58758,0,All,#4682B4,0
5,11,9.5,5.876,5.876,5.41238,0,All,#4682B4,0
6,11,9.5,5.876,5.876,5.27659,0,All,#4682B4,0
7,11,9.5,5.876,5.876,5.54241,0,All,#4682B4,0
8,11,9.5,5.876,5.876,5.83439,0,All,#4682B4,0
9,11,9.5,5.876,5.876,5.03533,0,All,#4682B4,0
10,11,9.5,5.876,5.876,5.17127,0,All,#4682B4,0
1,11,10,4.666,4.666,4.69049,0,All,#4682B4,0
2,11,10,4.666,4.666,4.79743,0,All,#4682B4,0
3,11,10,4.666,4.666,4.71239,0,All,#4682B4,0
4,11,10,4.666,4.666,4.85863,0,All,#4682B4,0
5,11,10,4.666,4.666,4.62779,0,All,#4682B4,0
6,11,10,4.666,4.666,4.38699,0,All,#4682B4,0
7,11,10,4.666,4.666,4.80987,0,All,#4682B4,0
8,11,10,4.666,4.666,5.18073,0,All,#4682B4,0
9,11,10,4.666,4.666,4.49953,0,All,#4682B4,0
10,11,10,4.666,4.666,4.45629,0,All,#4682B4,0
1,11,10.5,3.957,3.957,4.20408,0,All,#4682B4,0
2,11,10.5,3.957,3.957,4.33327,0,All,#4682B4,0
3,11,10.5,3.957,3.957,4.18338,0,All,#4682B4,0
4,11,10.5,3.957,3.957,4.2368,0,All,#4682B4,0
5,11,10.5,3.957,3.957,4.05105,0,All,#4682B4,0
6,11,10.5,3.957,3.957,3.84264,0,All,#4682B4,0
7,11,10.5,3.957,3.957,4.30749,0,All,#4682B4,0
8,11,10.5,3.957,3.957,4.50091,0,All,#4682B4,0
9,11,10.5,3.957,3.957,4.0924,0,All,#4682B4,0
10,11,10.5,3.957,3.957,3.95735,0,All,#4682B4,0
1,11,11,3,2.95667,3.80251,1,All,#4682B4,0
2,11,11,3,2.42325,3.98106,1,All,#4682B4,0
3,11,11,3,2.94372,3.77498,1,All,#4682B4,0
4,11,11,3,2.92594,3.78459,1,All,#4682B4,0
5,11,11,3,1.8558,3.63024,1,All,#4682B4,0
6,11,11,3,2.76426,3.45278,1,All,#4682B4,0
7,11,11,3,2.29295,3.92337,1,All,#4682B4,0
8,11,11,3,2.8012,3.92213,1,All,#4682B4,0
9,11,11,3,2.77288,3.79751,1,All,#4682B4,0
10,11,11,3,2.96572,3.6231,1,All,#4682B4,0
1,11,11.5,3,2.24768,3.45411,1,All,#4682B4,0
2,11,11.5,3,2.2325,3.72382,1,All,#4682B4,0
3,11,11.5,3,2.70526,3.42957,1,All,#4682B4,0
4,11,11.5,3,2.48328,3.45541,1,All,#4682B4,0
5,11,11.5,3,2.71421,3.29267,1,All,#4682B4,0
6,11,11.5,3,2.97586,3.1327,1,All,#4682B4,0
7,11,11.5,3,2.15808,3.59651,1,All,#4682B4,0
8,11,11.5,3,2.84306,3.50568,1,All,#4682B4,0
9,11,11.5,3,2.55651,3.5722,1,All,#4682B4,0
10,11,11.5,3,2.96941,3.37502,1,All,#4682B4,0
1,11,12,5.532,5.532,3.13428,0,All,#4682B4,0
2,11,12,5.532,5.532,3.52394,0,All,#4682B4,0
3,11,12,5.532,5.532,3.115,0,All,#4682B4,0
4,11,12,5.532,5.532,3.20377,0,All,#4682B4,0
5,11,12,5.532,5.532,2.9995,0,All,#4682B4,0
6,11,12,5.532,5.532,2.84348,0,All,#4682B4,0
7,11,12,5.532,5.532,3.29779,0,All,#4682B4,0
8,11,12,5.532,5.532,3.20856,0,All,#4682B4,0
9,11,12,5.532,5.532,3.38775,0,All,#4682B4,0
10,11,12,5.532,5.532,3.17097,0,All,#4682B4,0
1,11,12.5,3,2.80791,2.82942,1,All,#4682B4,0
2,11,12.5,3,1.9641,3.35709,1,All,#4682B4,0
3,11,12.5,3,2.375,2.81542,1,All,#4682B4,0
4,11,12.5,3,2.87164,2.99009,1,All,#4682B4,0
5,11,12.5,3,2.23538,2.72494,1,All,#4682B4,0
6,11,12.5,3,1.97685,2.56491,1,All,#4682B4,0
7,11,12.5,3,2.22714,3.00978,1,All,#4682B4,0
8,11,12.5,3,1.94626,2.98324,1,All,#4682B4,0
9,11,12.5,3,1.85302,3.22667,1,All,#4682B4,0
10,11,12.5,3,2.69599,2.98689,1,All,#4682B4,0
1,11,13,3,0.730802,2.53052,1,All,#4682B4,0
2,11,13,3,2.18951,3.20759,1,All,#4682B4,0
3,11,13,3,1.40213,2.52329,1,All,#4682B4,0
4,11,13,3,2.81228,2.7975,1,All,#4682B4,0
5,11,13,3,2.95086,2.45773,1,All,#4682B4,0
6,11,13,3,1.7021,2.28904,1,All,#4682B4,0
7,11,13,3,1.32258,2.7257,1,All,#4682B4,0
8,11,13,3,2.82566,2.79463,1,All,#4682B4,0
9,11,13,3,1.37292,3.07524,1,All,#4682B4,0
10,11,13,3,2.69047,2.81125,1,All,#4682B4,0
1,11,13.5,3,1.82703,2.23354,1,All,#4682B4,0
2,11,13.5,3,2.36641,3.06572,1,All,#4682B4,0
3,11,13.5,3,2.89461,2.23481,1,All,#4682B4,0
4,11,13.5,3,1.78095,2.61373,1,All,#4682B4,0
5,11,13.5,3,1.65266,2.19103,1,All,#4682B4,0
6,11,13.5,3,2.0725,2.01323,1,All,#4682B4,0
7,11,13.5,3,1.0146,2.44306,1,All,#4682B4,0
8,11,13.5,3,1.09208,2.6269,1,All,#4682B4,0
9,11,13.5,3,2.27778,2.9283,1,All,#4682B4,0
10,11,13.5,3,2.54176,2.63784,1,All,#4682B4,0
1,11,14,3,1.31493,1.93649,1,All,#4682B4,0
2,11,14,3,2.69062,2.92688,1,All,#4682B4,0
3,11,14,3,1.95656,1.94798,1,All,#4682B4,0
4,11,14,3,2.89871,2.43396,1,All,#4682B4,0
5,11,14,3,0.634034,1.92307,1,All,#4682B4,0
6,11,14,3,2.10407,1.73565,1,All,#4682B4,0
7,11,14,3,0.222187,2.15952,1,All,#4682B4,0
8,11,14,3,2.72579,2.47003,1,All,#4682B4,0
9,11,14,3,1.45001,2.7817,1,All,#4682B4,0
10,11,14,3,2.45293,2.46599,1,All,#4682B4,0
1,11,14.5,3,1.54832,1.63783,1,All,#4682B4,0
2,11,14.5,3,2.63421,2.78685,1,All,#4682B4,0
3,11,14.5,3,1.67664,1.66224,1,All,#4682B4,0
4,11,14.5,3,2.84553,2.25332,1,All,#4682B4,0
5,11,14.5,3,2.9939,1.65213,1,All,#4682B4,0
6,11,14.5,3,1.71647,1.45643,1,All,#4682B4,0
7,11,14.5,3,1.51828,1.87493,1,All,#4682B4,0
8,11,14.5,3,2.63463,2.31569,1,All,#4682B4,0
9,11,14.5,3,1.28777,2.6349,1,All,#4682B4,0
10,11,14.5,3,1.98159,2.29342,1,All,#4682B4,0
1,11,15,3,1.79317,1.33691,1,All,#4682B4,0
2,11,15,3,1.58513,2.6459,1,All,#4682B4,0
3,11,15,3,1.05089,1.37662,1,All,#4682B4,0
4,11,15,3,1.87967,2.07154,1,All,#4682B4,0
5,11,15,3,0.912908,1.37834,1,All,#4682B4,0
6,11,15,3,1.02255,1.17514,1,All,#4682B4,0
7,11,15,3,0.555684,1.58889,1,All,#4682B4,0
8,11,15,3,1.3397,2.16465,1,All,#4682B4,0
9,11,15,3,1.74519,2.48696,1,All,#4682B4,0
10,11,15,3,0.690513,2.12006,1,All,#4682B4,0
1,11,15.5,3,2.04265,1.03419,1,All,#4682B4,0
2,11,15.5,3,0.706706,2.50241,1,All,#4682B4,0
3,11,15.5,3,0.589982,1.09151,1,All,#4682B4,0
4,11,15.5,3,0.771135,1.8883,1,All,#4682B4,0
5,11,15.5,3,0.30775,1.10168,1,All,#4682B4,0
6,11,15.5,3,0.746429,0.892079,1,All,#4682B4,0
7,11,15.5,3,1.30055,1.30147,1,All,#4682B4,0
8,11,15.5,3,2.80331,2.0135,1,All,#4682B4,0
9,11,15.5,3,1.55264,2.33717,1,All,#4682B4,0
10,11,15.5,3,2.70089,1.94556,1,All,#4682B4,0
1,12,1,3,0.5425,0,1,All,#4682B4,0
2,12,1,3,0.567183,0,1,All,#4682B4,0
3,12,1,3,0.347334,0,1,All,#4682B4,0
4,12,1,3,0.459286,0,1,All,#4682B4,0
5,12,1,3,0.405115,0,1,All,#4682B4,0
6,12,1,3,0.380082,0,1,All,#4682B4,0
7,12,1,3,0.670365,0,1,All,#4682B4,0
8,12,1,3,0.438951,0,1,All,#4682B4,0
9,12,1,3,0.417279,0,1,All,#4682B4,0
10,12,1,3,2.14448,0,1,All,#4682B4,0
1,12,1.5,3,1.2616,0,1,All,#4682B4,0
2,12,1.5,3,0.235368,0,1,All,#4682B4,0
3,12,1.5,3,0.757811,0,1,All,#4682B4,0
4,12,1.5,3,1.20898,0,1,All,#4682B4,0
5,12,1.5,3,0.350696,0,1,All,#4682B4,0
6,12,1.5,3,0.735709,0,1,All,#4682B4,0
7,12,1.5,3,0.331917,0,1,All,#4682B4,0
8,12,1.5,3,0.309618,0,1,All,#4682B4,0
9,12,1.5,3,0.201847,0,1,All,#4682B4,0
10,12,1.5,3,1.59956,0,1,All,#4682B4,0
1,12,2,3,0.39042,0,1,All,#4682B4,0
2,12,2,3,0.408201,0,1,All,#4682B4,0
3,12,2,3,1.79482,0,1,All,#4682B4,0
4,12,2,3,0.655942,0,1,All,#4682B4,0
5,12,2,3,1.73603,0,1,All,#4682B4,0
6,12,2,3,0.37219,0,1,All,#4682B4,0
7,12,2,3,1.15562,0,1,All,#4682B4,0
8,12,2,3,0.503234,0,1,All,#4682B4,0
9,12,2,3,0.454555,0,1,All,#4682B4,0
10,12,2,3,0.192237,0,1,All,#4682B4,0
1,12,2.5,3,0.979298,0,1,All,#4682B4,0
2,12,2.5,3,0.025496,0,1,All,#4682B4,0
3,12,2.5,3,0.307819,0,1,All,#4682B4,0
4,12,2.5,3,0.09599,0,1,All,#4682B4,0
5,12,2.5,3,2.12227,0,1,All,#4682B4,0
6,12,2.5,3,0.00337892,0,1,All,#4682B4,0
7,12,2.5,3,0.350383,0,1,All,#4682B4,0
8,12,2.5,3,1.56736,0,1,All,#4682B4,0
9,12,2.5,3,1.48933,0,1,All,#4682B4,0
10,12,2.5,3,0.155825,0,1,All,#4682B4,0
1,12,3,3,0.874066,0,1,All,#4682B4,0
2,12,3,3,0.764321,0,1,All,#4682B4,0
3,12,3,3,0.881325,0,1,All,#4682B4,0
4,12,3,3,0.331242,0,1,All,#4682B4,0
5,12,3,3,0.206165,0,1,All,#4682B4,0
6,12,3,3,0.524932,0,1,All,#4682B4,0
7,12,3,3,0.399631,0,1,All,#4682B4,0
8,12,3,3,0.821932,0,1,All,#4682B4,0
9,12,3,3,0.095764,0,1,All,#4682B4,0
10,12,3,3,1.0082,0,1,All,#4682B4,0
1,12,3.5,3,0.0417546,0,1,All,#4682B4,0
2,12,3.5,3,0.245992,0,1,All,#4682B4,0
3,12,3.5,3,0.694467,0,1,All,#4682B4,0
4,12,3.5,3,0.43569,0,1,All,#4682B4,0
5,12,3.5,3,0.07593,0,1,All,#4682B4,0
6,12,3.5,3,1.87803,0,1,All,#4682B4,0
7,12,3.5,3,0.777228,0,1,All,#4682B4,0
8,12,3.5,3,2.43025,0,1,All,#4682B4,0
9,12,3.5,3,0.207222,0,1,All,#4682B4,0
10,12,3.5,3,0.259757,0,1,All,#4682B4,0
1,12,4,3,0.416129,0,1,All,#4682B4,0
2,12,4,3,1.28875,0,1,All,#4682B4,0
3,12,4,3,0.529122,0,1,All,#4682B4,0
4,12,4,3,0.27526,0,1,All,#4682B4,0
5,12,4,3,0.759235,0,1,All,#4682B4,0
6,12,4,3,0.0372141,0.186656,1,All,#4682B4,0
7,12,4,3,0.415371,0,1,All,#4682B4,0
8,12,4,3,0.399508,0,1,All,#4682B4,0
9,12,4,3,1.21329,0,1,All,#4682B4,0
10,12,4,3,0.705341,0,1,All,#4682B4,0
1,12,4.5,3.692,3.692,2.62124,0,All,#4682B4,0
2,12,4.5,3.692,3.692,3.81978,0,All,#4682B4,0
3,12,4.5,3.692,3.692,3.59308,0,All,#4682B4,0
4,12,4.5,3.692,3.692,3.4634,0,All,#4682B4,0
5,12,4.5,3.692,3.692,1.93977,0,All,#4682B4,0
6,12,4.5,3.692,3.692,4.70904,0,All,#4682B4,0
7,12,4.5,3.692,3.692,2.41804,0,All,#4682B4,0
8,12,4.5,3.692,3.692,4.3285,0,All,#4682B4,0
9,12,4.5,3.692,3.692,3.45514,0,All,#4682B4,0
10,12,4.5,3.692,3.692,3.25743,0,All,#4682B4,0
1,12,5,3,2.92715,5.234,1,All,#4682B4,0
2,12,5,3,2.84373,5.7253,1,All,#4682B4,0
3,12,5,3,2.22915,5.71404,1,All,#4682B4,0
4,12,5,3,2.76544,5.43069,1,All,#4682B4,0
5,12,5,3,2.62344,5.14093,1,All,#4682B4,0
6,12,5,3,2.94697,5.82241,1,All,#4682B4,0
7,12,5,3,2.45756,5.2715,1,All,#4682B4,0
8,12,5,3,2.91147,5.97869,1,All,#4682B4,0
9,12,5,3,2.47699,5.43833,1,All,#4682B4,0
10,12,5,3,2.89064,5.18911,1,All,#4682B4,0
1,12,5.5,8.496,8.496,6.14305,0,All,#4682B4,0
2,12,5.5,8.496,8.496,6.4045,0,All,#4682B4,0
3,12,5.5,8.496,8.496,6.42111,0,All,#4682B4,0
4,12,5.5,8.496,8.496,6.05728,0,All,#4682B4,0
5,12,5.5,8.496,8.496,6.14072,0,All,#4682B4,0
6,12,5.5,8.496,8.496,6.21309,0,All,#4682B4,0
7,12,5.5,8.496,8.496,6.28212,0,All,#4682B4,0
8,12,5.5,8.496,8.496,6.5423,0,All,#4682B4,0
9,12,5.5,8.496,8.496,6.20271,0,All,#4682B4,0
10,12,5.5,8.496,8.496,6.06028,0,All,#4682B4,0
1,12,6,6.953,6.953,6.512,0,All,#4682B4,0
2,12,6,6.953,6.953,6.5563,0,All,#4682B4,0
3,12,6,6.953,6.953,6.61059,0,All,#4682B4,0
4,12,6,6.953,6.953,6.17257,0,All,#4682B4,0
5,12,6,6.953,6.953,6.56365,0,All,#4682B4,0
6,12,6,6.953,6.953,6.23789,0,All,#4682B4,0
7,12,6,6.953,6.953,6.63174,0,All,#4682B4,0
8,12,6,6.953,6.953,6.60452,0,All,#4682B4,0
9,12,6,6.953,6.953,6.46355,0,All,#4682B4,0
10,12,6,6.953,6.953,6.46732,0,All,#4682B4,0
1,12,6.5,4.478,4.478,6.56274,0,All,#4682B4,0
2,12,6.5,4.478,4.478,6.47153,0,All,#4682B4,0
3,12,6.5,4.478,4.478,6.53851,0,All,#4682B4,0
4,12,6.5,4.478,4.478,6.08077,0,All,#4682B4,0
5,12,6.5,4.478,4.478,6.65241,0,All,#4682B4,0
6,12,6.5,4.478,4.478,6.11396,0,All,#4682B4,0
7,12,6.5,4.478,4.478,6.6028,0,All,#4682B4,0
8,12,6.5,4.478,4.478,6.47077,0,All,#4682B4,0
9,12,6.5,4.478,4.478,6.43693,0,All,#4682B4,0
10,12,6.5,4.478,4.478,6.56004,0,All,#4682B4,0
1,12,7,6.848,6.848,6.44942,0,All,#4682B4,0
2,12,7,6.848,6.848,6.30147,0,All,#4682B4,0
3,12,7,6.848,6.848,6.34931,0,All,#4682B4,0
4,12,7,6.848,6.848,5.91891,0,All,#4682B4,0
5,12,7,6.848,6.848,6.54366,0,All,#4682B4,0
6,12,7,6.848,6.848,5.93292,0,All,#4682B4,0
7,12,7,6.848,6.848,6.41528,0,All,#4682B4,0
8,12,7,6.848,6.848,6.26724,0,All,#4682B4,0
9,12,7,6.848,6.848,6.27595,0,All,#4682B4,0
10,12,7,6.848,6.848,6.46067,0,All,#4682B4,0
1,12,7.5,6.629,6.629,6.25854,0,All,#4682B4,0
2,12,7.5,6.629,6.629,6.09418,0,All,#4682B4,0
3,12,7.5,6.629,6.629,6.09724,0,All,#4682B4,0
4,12,7.5,6.629,6.629,5.72632,0,All,#4682B4,0
5,12,7.5,6.629,6.629,6.32519,0,All,#4682B4,0
6,12,7.5,6.629,6.629,5.7203,0,All,#4682B4,0
7,12,7.5,6.629,6.629,6.16006,0,All,#4682B4,0
8,12,7.5,6.629,6.629,6.02626,0,All,#4682B4,0
9,12,7.5,6.629,6.629,6.05035,0,All,#4682B4,0
10,12,7.5,6.629,6.629,6.26133,0,All,#4682B4,0
1,12,8,6.559,6.559,6.02518,0,All,#4682B4,0
2,12,8,6.559,6.559,5.86161,0,All,#4682B4,0
3,12,8,6.559,6.559,5.79723,0,All,#4682B4,0
4,12,8,6.559,6.559,5.51193,0,All,#4682B4,0
5,12,8,6.559,6.559,6.04073,0,All,#4682B4,0
6,12,8,6.559,6.559,5.48166,0,All,#4682B4,0
7,12,8,6.559,6.559,5.86675,0,All,#4682B4,0
8,12,8,6.559,6.559,5.75402,0,All,#4682B4,0
9,12,8,6.559,6.559,5.7823,0,All,#4682B4,0
10,12,8,6.559,6.559,6.00813,0,All,#4682B4,0
1,12,8.5,4.986,4.986,5.76123,0,All,#4682B4,0
2,12,8.5,4.986,4.986,5.606,0,All,#4682B4,0
3,12,8.5,4.986,4.986,5.45205,0,All,#4682B4,0
4,12,8.5,4.986,4.986,5.27705,0,All,#4682B4,0
5,12,8.5,4.986,4.986,5.71006,0,All,#4682B4,0
6,12,8.5,4.986,4.986,5.21783,0,All,#4682B4,0
7,12,8.5,4.986,4.986,5.54462,0,All,#4682B4,0
8,12,8.5,4.986,4.986,5.45076,0,All,#4682B4,0
9,12,8.5,4.986,4.986,5.47825,0,All,#4682B4,0
10,12,8.5,4.986,4.986,5.72009,0,All,#4682B4,0
1,12,9,7.05,7.05,5.47117,0,All,#4682B4,0
2,12,9,7.05,7.05,5.32758,0,All,#4682B4,0
3,12,9,7.05,7.05,5.06269,0,All,#4682B4,0
4,12,9,7.05,7.05,5.02145,0,All,#4682B4,0
5,12,9,7.05,7.05,5.34704,0,All,#4682B4,0
6,12,9,7.05,7.05,4.92959,0,All,#4682B4,0
7,12,9,7.05,7.05,5.19863,0,All,#4682B4,0
8,12,9,7.05,7.05,5.11636,0,All,#4682B4,0
9,12,9,7.05,7.05,5.14163,0,All,#4682B4,0
10,12,9,7.05,7.05,5.40709,0,All,#4682B4,0
1,12,9.5,5.095,5.095,5.15838,0,All,#4682B4,0
2,12,9.5,5.095,5.095,5.02702,0,All,#4682B4,0
3,12,9.5,5.095,5.095,4.63507,0,All,#4682B4,0
4,12,9.5,5.095,5.095,4.74516,0,All,#4682B4,0
5,12,9.5,5.095,5.095,4.96913,0,All,#4682B4,0
6,12,9.5,5.095,5.095,4.62012,0,All,#4682B4,0
7,12,9.5,5.095,5.095,4.83231,0,All,#4682B4,0
8,12,9.5,5.095,5.095,4.75352,0,All,#4682B4,0
9,12,9.5,5.095,5.095,4.77858,0,All,#4682B4,0
10,12,9.5,5.095,5.095,5.07664,0,All,#4682B4,0
1,12,10,3.781,3.781,4.82839,0,All,#4682B4,0
2,12,10,3.781,3.781,4.70737,0,All,#4682B4,0
3,12,10,3.781,3.781,4.18715,0,All,#4682B4,0
4,12,10,3.781,3.781,4.44964,0,All,#4682B4,0
5,12,10,3.781,3.781,4.60062,0,All,#4682B4,0
6,12,10,3.781,3.781,4.29681,0,All,#4682B4,0
7,12,10,3.781,3.781,4.45743,0,All,#4682B4,0
8,12,10,3.781,3.781,4.36909,0,All,#4682B4,0
9,12,10,3.781,3.781,4.40301,0,All,#4682B4,0
10,12,10,3.781,3.781,4.73774,0,All,#4682B4,0
1,12,10.5,3.593,3.593,4.4913,0,All,#4682B4,0
2,12,10.5,3.593,3.593,4.3754,0,All,#4682B4,0
3,12,10.5,3.593,3.593,3.75912,0,All,#4682B4,0
4,12,10.5,3.593,3.593,4.13921,0,All,#4682B4,0
5,12,10.5,3.593,3.593,4.27141,0,All,#4682B4,0
6,12,10.5,3.593,3.593,3.97381,0,All,#4682B4,0
7,12,10.5,3.593,3.593,4.08817,0,All,#4682B4,0
8,12,10.5,3.593,3.593,3.98333,0,All,#4682B4,0
9,12,10.5,3.593,3.593,4.04365,0,All,#4682B4,0
10,12,10.5,3.593,3.593,4.40236,0,All,#4682B4,0
1,12,11,3.944,3.944,4.16349,0,All,#4682B4,0
2,12,11,3.944,3.944,4.04396,0,All,#4682B4,0
3,12,11,3.944,3.944,3.3995,0,All,#4682B4,0
4,12,11,3.944,3.944,3.82289,0,All,#4682B4,0
5,12,11,3.944,3.944,4.00078,0,All,#4682B4,0
6,12,11,3.944,3.944,3.67426,0,All,#4682B4,0
7,12,11,3.944,3.944,3.74612,0,All,#4682B4,0
8,12,11,3.944,3.944,3.62186,0,All,#4682B4,0
9,12,11,3.944,3.944,3.7291,0,All,#4682B4,0
10,12,11,3.944,3.944,4.0861,0,All,#4682B4,0
1,12,11.5,3,2.86451,3.86613,1,All,#4682B4,0
2,12,11.5,3,2.87776,3.73148,1,All,#4682B4,0
3,12,11.5,3,2.17763,3.13609,1,All,#4682B4,0
4,12,11.5,3,2.599,3.51688,1,All,#4682B4,0
5,12,11.5,3,2.39522,3.79179,1,All,#4682B4,0
6,12,11.5,3,2.05891,3.41845,1,All,#4682B4,0
7,12,11.5,3,2.41873,3.45212,1,All,#4682B4,0
8,12,11.5,3,2.83473,3.32216,1,All,#4682B4,0
9,12,11.5,3,2.02139,3.48098,1,All,#4682B4,0
10,12,11.5,3,2.05269,3.80455,1,All,#4682B4,0
1,12,12,4.01,4.01,3.61865,0,All,#4682B4,0
2,12,12,4.01,4.01,3.45645,0,All,#4682B4,0
3,12,12,4.01,4.01,2.95691,0,All,#4682B4,0
4,12,12,4.01,4.01,3.24122,0,All,#4682B4,0
5,12,12,4.01,4.01,3.63577,0,All,#4682B4,0
6,12,12,4.01,4.01,3.21908,0,All,#4682B4,0
7,12,12,4.01,4.01,3.21805,0,All,#4682B4,0
8,12,12,4.01,4.01,3.09156,0,All,#4682B4,0
9,12,12,4.01,4.01,3.29886,0,All,#4682B4,0
10,12,12,4.01,4.01,3.56713,0,All,#4682B4,0
1,12,12.5,3,1.86602,3.42665,1,All,#4682B4,0
2,12,12.5,3,1.88117,3.23535,1,All,#4682B4,0
3,12,12.5,3,2.94833,2.83503,1,All,#4682B4,0
4,12,12.5,3,2.39688,3.01533,1,All,#4682B4,0
5,12,12.5,3,2.70811,3.51631,1,All,#4682B4,0
6,12,12.5,3,2.15945,3.07416,1,All,#4682B4,0
7,12,12.5,3,2.78715,3.04292,1,All,#4682B4,0
8,12,12.5,3,2.53652,2.93054,1,All,#4682B4,0
9,12,12.5,3,2.04529,3.17048,1,All,#4682B4,0
10,12,12.5,3,1.72204,3.37529,1,All,#4682B4,0
1,12,13,3,2.48316,3.28559,1,All,#4682B4,0
2,12,13,3,1.9332,3.07191,1,All,#4682B4,0
3,12,13,3,2.8465,2.7459,1,All,#4682B4,0
4,12,13,3,1.65378,2.84732,1,All,#4682B4,0
5,12,13,3,1.10694,3.42152,1,All,#4682B4,0
6,12,13,3,1.80941,2.97394,1,All,#4682B4,0
7,12,13,3,1.71464,2.91825,1,All,#4682B4,0
8,12,13,3,2.14888,2.81981,1,All,#4682B4,0
9,12,13,3,2.86544,3.07889,1,All,#4682B4,0
10,12,13,3,2.44283,3.22512,1,All,#4682B4,0
1,12,13.5,3,2.74795,3.18379,1,All,#4682B4,0
2,12,13.5,3,1.24828,2.95757,1,All,#4682B4,0
3,12,13.5,3,1.64046,2.67571,1,All,#4682B4,0
4,12,13.5,3,2.31234,2.73156,1,All,#4682B4,0
5,12,13.5,3,1.965,3.34224,1,All,#4682B4,0
6,12,13.5,3,2.11868,2.90386,1,All,#4682B4,0
7,12,13.5,3,1.27472,2.83133,1,All,#4682B4,0
8,12,13.5,3,1.80741,2.74358,1,All,#4682B4,0
9,12,13.5,3,1.29662,3.00959,1,All,#4682B4,0
10,12,13.5,3,2.92195,3.10945,1,All,#4682B4,0
1,12,14,3,2.3576,3.11275,1,All,#4682B4,0
2,12,14,3,1.71793,2.87969,1,All,#4682B4,0
3,12,14,3,2.95922,2.61179,1,All,#4682B4,0
4,12,14,3,2.85093,2.65575,1,All,#4682B4,0
5,12,14,3,1.78292,3.2703,1,All,#4682B4,0
6,12,14,3,2.73518,2.85252,1,All,#4682B4,0
7,12,14,3,0.716678,2.77063,1,All,#4682B4,0
8,12,14,3,1.88902,2.68682,1,All,#4682B4,0
9,12,14,3,1.80395,2.9528,1,All,#4682B4,0
10,12,14,3,1.83243,3.02008,1,All,#4682B4,0
1,12,14.5,3,2.82848,3.05884,1,All,#4682B4,0
2,12,14.5,3,1.30436,2.82599,1,All,#4682B4,0
3,12,14.5,3,2.22188,2.54978,1,All,#4682B4,0
4,12,14.5,3,1.12574,2.60661,1,All,#4682B4,0
5,12,14.5,3,2.0862,3.20261,1,All,#4682B4,0
6,12,14.5,3,1.34714,2.81095,1,All,#4682B4,0
7,12,14.5,3,2.00493,2.72652,1,All,#4682B4,0
8,12,14.5,3,2.59891,2.64049,1,All,#4682B4,0
9,12,14.5,3,2.701,2.90074,1,All,#4682B4,0
10,12,14.5,3,2.104,2.94945,1,All,#4682B4,0
1,12,15,3.514,3.514,3.01533,0,All,#4682B4,0
2,12,15,3.514,3.514,2.78716,0,All,#4682B4,0
3,12,15,3.514,3.514,2.48737,0,All,#4682B4,0
4,12,15,3.514,3.514,2.57313,0,All,#4682B4,0
5,12,15,3.514,3.514,3.13604,0,All,#4682B4,0
6,12,15,3.514,3.514,2.77338,0,All,#4682B4,0
7,12,15,3.514,3.514,2.69183,0,All,#4682B4,0
8,12,15,3.514,3.514,2.59787,0,All,#4682B4,0
9,12,15,3.514,3.514,2.84955,0,All,#4682B4,0
10,12,15,3.514,3.514,2.89179,0,All,#4682B4,0
1,12,15.5,3,2.72561,2.97681,1,All,#4682B4,0
2,12,15.5,3,2.80125,2.75506,1,All,#4682B4,0
3,12,15.5,3,1.55433,2.42327,1,All,#4682B4,0
4,12,15.5,3,0.960464,2.54748,1,All,#4682B4,0
5,12,15.5,3,2.36476,3.06923,1,All,#4682B4,0
6,12,15.5,3,2.37504,2.7363,1,All,#4682B4,0
7,12,15.5,3,2.70672,2.66161,1,All,#4682B4,0
8,12,15.5,3,2.38908,2.55618,1,All,#4682B4,0
9,12,15.5,3,2.0572,2.79689,1,All,#4682B4,0
10,12,15.5,3,2.60219,2.84104,1,All,#4682B4,0
1,12,16,3.572,3.572,2.93989,0,All,#4682B4,0
2,12,16,3.572,3.572,2.72527,0,All,#4682B4,0
3,12,16,3.572,3.572,2.35683,0,All,#4682B4,0
4,12,16,3.572,3.572,2.5248,0,All,#4682B4,0
5,12,16,3.572,3.572,3.00158,0,All,#4682B4,0
6,12,16,3.572,3.572,2.69649,0,All,#4682B4,0
7,12,16,3.572,3.572,2.6334,0,All,#4682B4,0
8,12,16,3.572,3.572,2.51237,0,All,#4682B4,0
9,12,16,3.572,3.572,2.7415,0,All,#4682B4,0
10,12,16,3.572,3.572,2.79568,0,All,#4682B4,0
1,12,16.5,3,2.92868,2.90245,1,All,#4682B4,0
2,12,16.5,3,2.39889,2.69913,1,All,#4682B4,0
3,12,16.5,3,2.66525,2.28805,1,All,#4682B4,0
4,12,16.5,3,1.84271,2.50241,1,All,#4682B4,0
5,12,16.5,3,2.50575,2.93244,1,All,#4682B4,0
6,12,16.5,3,1.66118,2.65711,1,All,#4682B4,0
7,12,16.5,3,2.7492,2.60468,1,All,#4682B4,0
8,12,16.5,3,1.99832,2.46587,1,All,#4682B4,0
9,12,16.5,3,1.95021,2.68349,1,All,#4682B4,0
10,12,16.5,3,2.44274,2.75085,1,All,#4682B4,0
1,12,17,3.461,3.461,2.86405,0,All,#4682B4,0
2,12,17,3.461,3.461,2.66677,0,All,#4682B4,0
3,12,17,3.461,3.461,2.21664,0,All,#4682B4,0
4,12,17,3.461,3.461,2.47962,0,All,#4682B4,0
5,12,17,3.461,3.461,2.86173,0,All,#4682B4,0
6,12,17,3.461,3.461,2.61466,0,All,#4682B4,0
7,12,17,3.461,3.461,2.57498,0,All,#4682B4,0
8,12,17,3.461,3.461,2.41675,0,All,#4682B4,0
9,12,17,3.461,3.461,2.62301,0,All,#4682B4,0
10,12,17,3.461,3.461,2.70772,0,All,#4682B4,0
1,12,17.5,3,2.81323,2.82408,1,All,#4682B4,0
2,12,17.5,3,2.02413,2.63502,1,All,#4682B4,0
3,12,17.5,3,2.43111,2.14343,1,All,#4682B4,0
4,12,17.5,3,0.815982,2.45458,1,All,#4682B4,0
5,12,17.5,3,1.84863,2.79031,1,All,#4682B4,0
6,12,17.5,3,2.56488,2.56659,1,All,#4682B4,0
7,12,17.5,3,2.49802,2.54188,1,All,#4682B4,0
8,12,17.5,3,2.05957,2.3647,1,All,#4682B4,0
9,12,17.5,3,1.57243,2.56009,1,All,#4682B4,0
10,12,17.5,3,2.63866,2.66095,1,All,#4682B4,0
1,12,18,3,2.80831,2.78226,1,All,#4682B4,0
2,12,18,3,1.40009,2.6002,1,All,#4682B4,0
3,12,18,3,1.86202,2.06866,1,All,#4682B4,0
4,12,18,3,2.53169,2.42454,1,All,#4682B4,0
5,12,18,3,2.47933,2.71688,1,All,#4682B4,0
6,12,18,3,1.21352,2.51691,1,All,#4682B4,0
7,12,18,3,2.08028,2.5069,1,All,#4682B4,0
8,12,18,3,1.99072,2.31022,1,All,#4682B4,0
9,12,18,3,1.7818,2.49362,1,All,#4682B4,0
10,12,18,3,2.60888,2.61454,1,All,#4682B4,0
1,13,1,3.129,3.129,1.78132,0,All,#4682B4,0
2,13,1,3.129,3.129,1.69828,0,All,#4682B4,0
3,13,1,3.129,3.129,1.75586,0,All,#4682B4,0
4,13,1,3.129,3.129,2.55571,0,All,#4682B4,0
5,13,1,3.129,3.129,1.17635,0,All,#4682B4,0
6,13,1,3.129,3.129,1.63981,0,All,#4682B4,0
7,13,1,3.129,3.129,2.11745,0,All,#4682B4,0
8,13,1,3.129,3.129,1.98581,0,All,#4682B4,0
9,13,1,3.129,3.129,1.91341,0,All,#4682B4,0
10,13,1,3.129,3.129,1.58115,0,All,#4682B4,0
1,13,1.5,3,1.56197,3.36296,1,All,#4682B4,0
2,13,1.5,3,2.64368,3.49833,1,All,#4682B4,0
3,13,1.5,3,2.38687,3.35518,1,All,#4682B4,0
4,13,1.5,3,2.69264,3.98441,1,All,#4682B4,0
5,13,1.5,3,0.767245,2.80478,1,All,#4682B4,0
6,13,1.5,3,2.77276,3.43062,1,All,#4682B4,0
7,13,1.5,3,2.87088,3.74846,1,All,#4682B4,0
8,13,1.5,3,2.55826,3.90411,1,All,#4682B4,0
9,13,1.5,3,1.54203,3.31265,1,All,#4682B4,0
10,13,1.5,3,2.76552,2.9831,1,All,#4682B4,0
1,13,2,5.275,5.275,4.64537,0,All,#4682B4,0
2,13,2,5.275,5.275,4.78823,0,All,#4682B4,0
3,13,2,5.275,5.275,4.59999,0,All,#4682B4,0
4,13,2,5.275,5.275,5.11764,0,All,#4682B4,0
5,13,2,5.275,5.275,4.17135,0,All,#4682B4,0
6,13,2,5.275,5.275,4.81762,0,All,#4682B4,0
7,13,2,5.275,5.275,4.98787,0,All,#4682B4,0
8,13,2,5.275,5.275,5.13885,0,All,#4682B4,0
9,13,2,5.275,5.275,4.47026,0,All,#4682B4,0
10,13,2,5.275,5.275,4.23086,0,All,#4682B4,0
1,13,2.5,4.467,4.467,5.70536,0,All,#4682B4,0
2,13,2.5,4.467,4.467,5.75405,0,All,#4682B4,0
3,13,2.5,4.467,4.467,5.59305,0,All,#4682B4,0
4,13,2.5,4.467,4.467,6.03594,0,All,#4682B4,0
5,13,2.5,4.467,4.467,5.33775,0,All,#4682B4,0
6,13,2.5,4.467,4.467,5.94302,0,All,#4682B4,0
7,13,2.5,4.467,4.467,5.96079,0,All,#4682B4,0
8,13,2.5,4.467,4.467,6.00453,0,All,#4682B4,0
9,13,2.5,4.467,4.467,5.44177,0,All,#4682B4,0
10,13,2.5,4.467,4.467,5.34731,0,All,#4682B4,0
1,13,3,6.846,6.846,6.58811,0,All,#4682B4,0
2,13,3,6.846,6.846,6.49197,0,All,#4682B4,0
3,13,3,6.846,6.846,6.39267,0,All,#4682B4,0
4,13,3,6.846,6.846,6.78637,0,All,#4682B4,0
5,13,3,6.846,6.846,6.34111,0,All,#4682B4,0
6,13,3,6.846,6.846,6.86541,0,All,#4682B4,0
7,13,3,6.846,6.846,6.7355,0,All,#4682B4,0
8,13,3,6.846,6.846,6.63319,0,All,#4682B4,0
9,13,3,6.846,6.846,6.26516,0,All,#4682B4,0
10,13,3,6.846,6.846,6.34576,0,All,#4682B4,0
1,13,3.5,7.306,7.306,7.29083,0,All,#4682B4,0
2,13,3.5,7.306,7.306,7.02526,0,All,#4682B4,0
3,13,3.5,7.306,7.306,7.00785,0,All,#4682B4,0
4,13,3.5,7.306,7.306,7.38162,0,All,#4682B4,0
5,13,3.5,7.306,7.306,7.19308,0,All,#4682B4,0
6,13,3.5,7.306,7.306,7.58523,0,All,#4682B4,0
7,13,3.5,7.306,7.306,7.33155,0,All,#4682B4,0
8,13,3.5,7.306,7.306,7.07414,0,All,#4682B4,0
9,13,3.5,7.306,7.306,6.95801,0,All,#4682B4,0
10,13,3.5,7.306,7.306,7.19695,0,All,#4682B4,0
1,13,4,8.46,8.46,7.71781,0,All,#4682B4,0
2,13,4,8.46,8.46,7.33788,0,All,#4682B4,0
3,13,4,8.46,8.46,7.37803,0,All,#4682B4,0
4,13,4,8.46,8.46,7.78092,0,All,#4682B4,0
5,13,4,8.46,8.46,7.82367,0,All,#4682B4,0
6,13,4,8.46,8.46,7.99705,0,All,#4682B4,0
7,13,4,8.46,8.46,7.70608,0,All,#4682B4,0
8,13,4,8.46,8.46,7.32929,0,All,#4682B4,0
9,13,4,8.46,8.46,7.49952,0,All,#4682B4,0
10,13,4,8.46,8.46,7.71835,0,All,#4682B4,0
1,13,4.5,8.391,8.391,7.76767,0,All,#4682B4,0
2,13,4.5,8.391,8.391,7.41339,0,All,#4682B4,0
3,13,4.5,8.391,8.391,7.44122,0,All,#4682B4,0
4,13,4.5,8.391,8.391,7.92029,0,All,#4682B4,0
5,13,4.5,8.391,8.391,8.05424,0,All,#4682B4,0
6,13,4.5,8.391,8.391,8.00564,0,All,#4682B4,0
7,13,4.5,8.391,8.391,7.79955,0,All,#4682B4,0
8,13,4.5,8.391,8.391,7.39837,0,All,#4682B4,0
9,13,4.5,8.391,8.391,7.81247,0,All,#4682B4,0
10,13,4.5,8.391,8.391,7.71526,0,All,#4682B4,0
1,13,5,9.352,9.352,7.53174,0,All,#4682B4,0
2,13,5,9.352,9.352,7.29671,0,All,#4682B4,0
3,13,5,9.352,9.352,7.26362,0,All,#4682B4,0
4,13,5,9.352,9.352,7.81512,0,All,#4682B4,0
5,13,5,9.352,9.352,7.87333,0,All,#4682B4,0
6,13,5,9.352,9.352,7.72577,0,All,#4682B4,0
7,13,5,9.352,9.352,7.65152,0,All,#4682B4,0
8,13,5,9.352,9.352,7.31613,0,All,#4682B4,0
9,13,5,9.352,9.352,7.83862,0,All,#4682B4,0
10,13,5,9.352,9.352,7.37075,0,All,#4682B4,0
1,13,5.5,7.637,7.637,7.18351,0,All,#4682B4,0
2,13,5.5,7.637,7.637,7.08171,0,All,#4682B4,0
3,13,5.5,7.637,7.637,6.9835,0,All,#4682B4,0
4,13,5.5,7.637,7.637,7.56799,0,All,#4682B4,0
5,13,5.5,7.637,7.637,7.51658,0,All,#4682B4,0
6,13,5.5,7.637,7.637,7.35418,0,All,#4682B4,0
7,13,5.5,7.637,7.637,7.37388,0,All,#4682B4,0
8,13,5.5,7.637,7.637,7.1407,0,All,#4682B4,0
9,13,5.5,7.637,7.637,7.64658,0,All,#4682B4,0
10,13,5.5,7.637,7.637,6.94447,0,All,#4682B4,0
1,13,6,7.465,7.465,6.83757,0,All,#4682B4,0
2,13,6,7.465,7.465,6.84808,0,All,#4682B4,0
3,13,6,7.465,7.465,6.69949,0,All,#4682B4,0
4,13,6,7.465,7.465,7.27932,0,All,#4682B4,0
5,13,6,7.465,7.465,7.14697,0,All,#4682B4,0
6,13,6,7.465,7.465,7.00339,0,All,#4682B4,0
7,13,6,7.465,7.465,7.06131,0,All,#4682B4,0
8,13,6,7.465,7.465,6.92724,0,All,#4682B4,0
9,13,6,7.465,7.465,7.36424,0,All,#4682B4,0
10,13,6,7.465,7.465,6.57117,0,All,#4682B4,0
1,13,6.5,7.753,7.753,6.54705,0,All,#4682B4,0
2,13,6.5,7.753,7.753,6.64034,0,All,#4682B4,0
3,13,6.5,7.753,7.753,6.45756,0,All,#4682B4,0
4,13,6.5,7.753,7.753,7.00972,0,All,#4682B4,0
5,13,6.5,7.753,7.753,6.83913,0,All,#4682B4,0
6,13,6.5,7.753,7.753,6.71435,0,All,#4682B4,0
7,13,6.5,7.753,7.753,6.76955,0,All,#4682B4,0
8,13,6.5,7.753,7.753,6.71491,0,All,#4682B4,0
9,13,6.5,7.753,7.753,7.08304,0,All,#4682B4,0
10,13,6.5,7.753,7.753,6.28934,0,All,#4682B4,0
1,13,7,7.157,7.157,6.32661,0,All,#4682B4,0
2,13,7,7.157,7.157,6.47724,0,All,#4682B4,0
3,13,7,7.157,7.157,6.27302,0,All,#4682B4,0
4,13,7,7.157,7.157,6.78519,0,All,#4682B4,0
5,13,7,7.157,7.157,6.60945,0,All,#4682B4,0
6,13,7,7.157,7.157,6.49771,0,All,#4682B4,0
7,13,7,7.157,7.157,6.52147,0,All,#4682B4,0
8,13,7,7.157,7.157,6.52425,0,All,#4682B4,0
9,13,7,7.157,7.157,6.84512,0,All,#4682B4,0
10,13,7,7.157,7.157,6.09481,0,All,#4682B4,0
1,13,7.5,5.507,5.507,6.1744,0,All,#4682B4,0
2,13,7.5,5.507,5.507,6.36262,0,All,#4682B4,0
3,13,7.5,5.507,5.507,6.14699,0,All,#4682B4,0
4,13,7.5,5.507,5.507,6.61359,0,All,#4682B4,0
5,13,7.5,5.507,5.507,6.45563,0,All,#4682B4,0
6,13,7.5,5.507,5.507,6.35029,0,All,#4682B4,0
7,13,7.5,5.507,5.507,6.32577,0,All,#4682B4,0
8,13,7.5,5.507,5.507,6.36819,0,All,#4682B4,0
9,13,7.5,5.507,5.507,6.66761,0,All,#4682B4,0
10,13,7.5,5.507,5.507,5.97685,0,All,#4682B4,0
1,13,8,6.257,6.257,6.08303,0,All,#4682B4,0
2,13,8,6.257,6.257,6.29294,0,All,#4682B4,0
3,13,8,6.257,6.257,6.07444,0,All,#4682B4,0
4,13,8,6.257,6.257,6.49315,0,All,#4682B4,0
5,13,8,6.257,6.257,6.36883,0,All,#4682B4,0
6,13,8,6.257,6.257,6.26444,0,All,#4682B4,0
7,13,8,6.257,6.257,6.18141,0,All,#4682B4,0
8,13,8,6.257,6.257,6.25388,0,All,#4682B4,0
9,13,8,6.257,6.257,6.54593,0,All,#4682B4,0
10,13,8,6.257,6.257,5.92558,0,All,#4682B4,0
1,13,8.5,5.655,5.655,6.04387,0,All,#4682B4,0
2,13,8.5,5.655,5.655,6.26239,0,All,#4682B4,0
3,13,8.5,5.655,5.655,6.04754,0,All,#4682B4,0
4,13,8.5,5.655,5.655,6.41942,0,All,#4682B4,0
5,13,8.5,5.655,5.655,6.33935,0,All,#4682B4,0
6,13,8.5,5.655,5.655,6.23111,0,All,#4682B4,0
7,13,8.5,5.655,5.655,6.08346,0,All,#4682B4,0
8,13,8.5,5.655,5.655,6.17178,0,All,#4682B4,0
9,13,8.5,5.655,5.655,6.47603,0,All,#4682B4,0
10,13,8.5,5.655,5.655,5.9295,0,All,#4682B4,0
1,13,9,5.393,5.393,6.04834,0,All,#4682B4,0
2,13,9,5.393,5.393,6.26216,0,All,#4682B4,0
3,13,9,5.393,5.393,6.05808,0,All,#4682B4,0
4,13,9,5.393,5.393,6.38564,0,All,#4682B4,0
5,13,9,5.393,5.393,6.35665,0,All,#4682B4,0
6,13,9,5.393,5.393,6.24147,0,All,#4682B4,0
7,13,9,5.393,5.393,6.02576,0,All,#4682B4,0
8,13,9,5.393,5.393,6.12115,0,All,#4682B4,0
9,13,9,5.393,5.393,6.45192,0,All,#4682B4,0
10,13,9,5.393,5.393,5.97888,0,All,#4682B4,0
1,13,9.5,6.278,6.278,6.08797,0,All,#4682B4,0
2,13,9.5,6.278,6.278,6.28547,0,All,#4682B4,0
3,13,9.5,6.278,6.278,6.09738,0,All,#4682B4,0
4,13,9.5,6.278,6.278,6.38654,0,All,#4682B4,0
5,13,9.5,6.278,6.278,6.41112,0,All,#4682B4,0
6,13,9.5,6.278,6.278,6.28734,0,All,#4682B4,0
7,13,9.5,6.278,6.278,6.00342,0,All,#4682B4,0
8,13,9.5,6.278,6.278,6.098,0,All,#4682B4,0
9,13,9.5,6.278,6.278,6.46475,0,All,#4682B4,0
10,13,9.5,6.278,6.278,6.06482,0,All,#4682B4,0
1,13,10,5.215,5.215,6.1551,0,All,#4682B4,0
2,13,10,5.215,5.215,6.32505,0,All,#4682B4,0
3,13,10,5.215,5.215,6.15764,0,All,#4682B4,0
4,13,10,5.215,5.215,6.41386,0,All,#4682B4,0
5,13,10,5.215,5.215,6.49328,0,All,#4682B4,0
6,13,10,5.215,5.215,6.36035,0,All,#4682B4,0
7,13,10,5.215,5.215,6.01054,0,All,#4682B4,0
8,13,10,5.215,5.215,6.09729,0,All,#4682B4,0
9,13,10,5.215,5.215,6.50675,0,All,#4682B4,0
10,13,10,5.215,5.215,6.1783,0,All,#4682B4,0
1,13,10.5,6.007,6.007,6.24247,0,All,#4682B4,0
2,13,10.5,6.007,6.007,6.37443,0,All,#4682B4,0
3,13,10.5,6.007,6.007,6.23163,0,All,#4682B4,0
4,13,10.5,6.007,6.007,6.46248,0,All,#4682B4,0
5,13,10.5,6.007,6.007,6.59361,0,All,#4682B4,0
6,13,10.5,6.007,6.007,6.45293,0,All,#4682B4,0
7,13,10.5,6.007,6.007,6.04123,0,All,#4682B4,0
8,13,10.5,6.007,6.007,6.11398,0,All,#4682B4,0
9,13,10.5,6.007,6.007,6.57054,0,All,#4682B4,0
10,13,10.5,6.007,6.007,6.31024,0,All,#4682B4,0
1,13,11,6.587,6.587,6.34288,0,All,#4682B4,0
2,13,11,6.587,6.587,6.42784,0,All,#4682B4,0
3,13,11,6.587,6.587,6.31208,0,All,#4682B4,0
4,13,11,6.587,6.587,6.52638,0,All,#4682B4,0
5,13,11,6.587,6.587,6.70328,0,All,#4682B4,0
6,13,11,6.587,6.587,6.55812,0,All,#4682B4,0
7,13,11,6.587,6.587,6.09054,0,All,#4682B4,0
8,13,11,6.587,6.587,6.14063,0,All,#4682B4,0
9,13,11,6.587,6.587,6.63388,0,All,#4682B4,0
10,13,11,6.587,6.587,6.43537,0,All,#4682B4,0
1,13,11.5,7.523,7.523,6.43197,0,All,#4682B4,0
2,13,11.5,7.523,7.523,6.48036,0,All,#4682B4,0
3,13,11.5,7.523,7.523,6.39188,0,All,#4682B4,0
4,13,11.5,7.523,7.523,6.59965,0,All,#4682B4,0
5,13,11.5,7.523,7.523,6.8141,0,All,#4682B4,0
6,13,11.5,7.523,7.523,6.63338,0,All,#4682B4,0
7,13,11.5,7.523,7.523,6.15388,0,All,#4682B4,0
8,13,11.5,7.523,7.523,6.11656,0,All,#4682B4,0
9,13,11.5,7.523,7.523,6.60643,0,All,#4682B4,0
10,13,11.5,7.523,7.523,6.46566,0,All,#4682B4,0
1,13,12,6.948,6.948,6.42981,0,All,#4682B4,0
2,13,12,6.948,6.948,6.46375,0,All,#4682B4,0
3,13,12,6.948,6.948,6.40014,0,All,#4682B4,0
4,13,12,6.948,6.948,6.6016,0,All,#4682B4,0
5,13,12,6.948,6.948,6.8281,0,All,#4682B4,0
6,13,12,6.948,6.948,6.5625,0,All,#4682B4,0
7,13,12,6.948,6.948,6.19115,0,All,#4682B4,0
8,13,12,6.948,6.948,6.0205,0,All,#4682B4,0
9,13,12,6.948,6.948,6.49011,0,All,#4682B4,0
10,13,12,6.948,6.948,6.39861,0,All,#4682B4,0
1,13,12.5,6.403,6.403,6.33722,0,All,#4682B4,0
2,13,12.5,6.403,6.403,6.31143,0,All,#4682B4,0
3,13,12.5,6.403,6.403,6.27214,0,All,#4682B4,0
4,13,12.5,6.403,6.403,6.50086,0,All,#4682B4,0
5,13,12.5,6.403,6.403,6.67846,0,All,#4682B4,0
6,13,12.5,6.403,6.403,6.36523,0,All,#4682B4,0
7,13,12.5,6.403,6.403,6.13424,0,All,#4682B4,0
8,13,12.5,6.403,6.403,5.85904,0,All,#4682B4,0
9,13,12.5,6.403,6.403,6.29387,0,All,#4682B4,0
10,13,12.5,6.403,6.403,6.23932,0,All,#4682B4,0
1,13,13,6.744,6.744,6.16186,0,All,#4682B4,0
2,13,13,6.744,6.744,6.06053,0,All,#4682B4,0
3,13,13,6.744,6.744,6.03996,0,All,#4682B4,0
4,13,13,6.744,6.744,6.31495,0,All,#4682B4,0
5,13,13,6.744,6.744,6.40112,0,All,#4682B4,0
6,13,13,6.744,6.744,6.05995,0,All,#4682B4,0
7,13,13,6.744,6.744,5.99566,0,All,#4682B4,0
8,13,13,6.744,6.744,5.64261,0,All,#4682B4,0
9,13,13,6.744,6.744,6.02809,0,All,#4682B4,0
10,13,13,6.744,6.744,6.00403,0,All,#4682B4,0
1,13,13.5,5.28,5.28,5.91474,0,All,#4682B4,0
2,13,13.5,5.28,5.28,5.73627,0,All,#4682B4,0
3,13,13.5,5.28,5.28,5.72839,0,All,#4682B4,0
4,13,13.5,5.28,5.28,6.05377,0,All,#4682B4,0
5,13,13.5,5.28,5.28,6.02196,0,All,#4682B4,0
6,13,13.5,5.28,5.28,5.66981,0,All,#4682B4,0
7,13,13.5,5.28,5.28,5.78568,0,All,#4682B4,0
8,13,13.5,5.28,5.28,5.38026,0,All,#4682B4,0
9,13,13.5,5.28,5.28,5.70373,0,All,#4682B4,0
10,13,13.5,5.28,5.28,5.7032,0,All,#4682B4,0
1,13,14,6.29,6.29,5.60847,0,All,#4682B4,0
2,13,14,6.29,6.29,5.35398,0,All,#4682B4,0
3,13,14,6.29,6.29,5.35347,0,All,#4682B4,0
4,13,14,6.29,6.29,5.73005,0,All,#4682B4,0
5,13,14,6.29,6.29,5.56249,0,All,#4682B4,0
6,13,14,6.29,6.29,5.20812,0,All,#4682B4,0
7,13,14,6.29,6.29,5.51224,0,All,#4682B4,0
8,13,14,6.29,6.29,5.08187,0,All,#4682B4,0
9,13,14,6.29,6.29,5.3291,0,All,#4682B4,0
10,13,14,6.29,6.29,5.34593,0,All,#4682B4,0
1,13,14.5,3.926,3.926,5.25127,0,All,#4682B4,0
2,13,14.5,3.926,3.926,4.92725,0,All,#4682B4,0
3,13,14.5,3.926,3.926,4.92716,0,All,#4682B4,0
4,13,14.5,3.926,3.926,5.35592,0,All,#4682B4,0
5,13,14.5,3.926,3.926,5.03483,0,All,#4682B4,0
6,13,14.5,3.926,3.926,4.68748,0,All,#4682B4,0
7,13,14.5,3.926,3.926,5.18667,0,All,#4682B4,0
8,13,14.5,3.926,3.926,4.75532,0,All,#4682B4,0
9,13,14.5,3.926,3.926,4.91111,0,All,#4682B4,0
10,13,14.5,3.926,3.926,4.94037,0,All,#4682B4,0
1,13,15,3.183,3.183,4.85043,0,All,#4682B4,0
2,13,15,3.183,3.183,4.46433,0,All,#4682B4,0
3,13,15,3.183,3.183,4.45831,0,All,#4682B4,0
4,13,15,3.183,3.183,4.93861,0,All,#4682B4,0
5,13,15,3.183,3.183,4.45103,0,All,#4682B4,0
6,13,15,3.183,3.183,4.11923,0,All,#4682B4,0
7,13,15,3.183,3.183,4.81777,0,All,#4682B4,0
8,13,15,3.183,3.183,4.40897,0,All,#4682B4,0
9,13,15,3.183,3.183,4.45501,0,All,#4682B4,0
10,13,15,3.183,3.183,4.49112,0,All,#4682B4,0
1,13,15.5,4.097,4.097,4.41316,0,All,#4682B4,0
2,13,15.5,4.097,4.097,3.9693,0,All,#4682B4,0
3,13,15.5,4.097,4.097,3.95204,0,All,#4682B4,0
4,13,15.5,4.097,4.097,4.48433,0,All,#4682B4,0
5,13,15.5,4.097,4.097,3.8198,0,All,#4682B4,0
6,13,15.5,4.097,4.097,3.50915,0,All,#4682B4,0
7,13,15.5,4.097,4.097,4.41094,0,All,#4682B4,0
8,13,15.5,4.097,4.097,4.0479,0,All,#4682B4,0
9,13,15.5,4.097,4.097,3.96397,0,All,#4682B4,0
10,13,15.5,4.097,4.097,4.00222,0,All,#4682B4,0
1,13,16,3,2.32308,3.94325,1,All,#4682B4,0
2,13,16,3,1.77062,3.44751,1,All,#4682B4,0
3,13,16,3,2.9451,3.41252,1,All,#4682B4,0
4,13,16,3,2.94549,3.99718,1,All,#4682B4,0
5,13,16,3,1.58804,3.14646,1,All,#4682B4,0
6,13,16,3,2.70447,2.86321,1,All,#4682B4,0
7,13,16,3,2.93635,3.97291,1,All,#4682B4,0
8,13,16,3,2.50314,3.67405,1,All,#4682B4,0
9,13,16,3,1.67292,3.44276,1,All,#4682B4,0
10,13,16,3,2.33088,3.4765,1,All,#4682B4,0
1,13,16.5,3,1.60872,3.44457,1,All,#4682B4,0
2,13,16.5,3,2.76222,2.90223,1,All,#4682B4,0
3,13,16.5,3,1.98562,2.84537,1,All,#4682B4,0
4,13,16.5,3,2.50198,3.48282,1,All,#4682B4,0
5,13,16.5,3,1.57459,2.43704,1,All,#4682B4,0
6,13,16.5,3,2.67446,2.1871,1,All,#4682B4,0
7,13,16.5,3,2.36541,3.50839,1,All,#4682B4,0
8,13,16.5,3,1.23936,3.2915,1,All,#4682B4,0
9,13,16.5,3,2.53502,2.89508,1,All,#4682B4,0
10,13,16.5,3,1.75278,2.91733,1,All,#4682B4,0
1,13,17,3.367,3.367,2.9199,0,All,#4682B4,0
2,13,17,3.367,3.367,2.33574,0,All,#4682B4,0
3,13,17,3.367,3.367,2.25191,0,All,#4682B4,0
4,13,17,3.367,3.367,2.9431,0,All,#4682B4,0
5,13,17,3.367,3.367,1.69536,0,All,#4682B4,0
6,13,17,3.367,3.367,1.48363,0,All,#4682B4,0
7,13,17,3.367,3.367,3.02051,0,All,#4682B4,0
8,13,17,3.367,3.367,2.90103,0,All,#4682B4,0
9,13,17,3.367,3.367,2.32232,0,All,#4682B4,0
10,13,17,3.367,3.367,2.3282,0,All,#4682B4,0
1,13,17.5,3,1.29766,2.3722,1,All,#4682B4,0
2,13,17.5,3,0.447026,1.7505,1,All,#4682B4,0
3,13,17.5,3,0.53746,1.63535,1,All,#4682B4,0
4,13,17.5,3,2.34335,2.38255,1,All,#4682B4,0
5,13,17.5,3,1.82299,0.92414,1,All,#4682B4,0
6,13,17.5,3,1.46101,0.756115,1,All,#4682B4,0
7,13,17.5,3,2.27335,2.51365,1,All,#4682B4,0
8,13,17.5,3,2.80759,2.50475,1,All,#4682B4,0
9,13,17.5,3,1.93326,1.72728,1,All,#4682B4,0
10,13,17.5,3,1.76422,1.71071,1,All,#4682B4,0
1,13,18,3,2.13448,1.80248,1,All,#4682B4,0
2,13,18,3,0.618304,1.1492,1,All,#4682B4,0
3,13,18,3,1.53276,0.997603,1,All,#4682B4,0
4,13,18,3,1.37907,1.80207,1,All,#4682B4,0
5,13,18,3,0.62156,0.128615,1,All,#4682B4,0
6,13,18,3,0.887015,0.00714438,1,All,#4682B4,0
7,13,18,3,1.44979,1.99002,1,All,#4682B4,0
8,13,18,3,2.00163,2.10299,1,All,#4682B4,0
9,13,18,3,0.595144,1.11185,1,All,#4682B4,0
10,13,18,3,0.744259,1.06719,1,All,#4682B4,0
1,13,18.5,3,2.06686,1.21475,1,All,#4682B4,0
2,13,18.5,3,0.565975,0.53312,1,All,#4682B4,0
3,13,18.5,3,0.57035,0.341283,1,All,#4682B4,0
4,13,18.5,3,0.74281,1.20412,1,All,#4682B4,0
5,13,18.5,3,0.809957,0,1,All,#4682B4,0
6,13,18.5,3,0.314743,0,1,All,#4682B4,0
7,13,18.5,3,2.40968,1.45028,1,All,#4682B4,0
8,13,18.5,3,2.73535,1.69739,1,All,#4682B4,0
9,13,18.5,3,2.4558,0.47878,1,All,#4682B4,0
10,13,18.5,3,1.5535,0.399844,1,All,#4682B4,0
1,14,1,3,1.44708,0,1,All,#4682B4,0
2,14,1,3,0.760312,0,1,All,#4682B4,0
3,14,1,3,0.262288,0,1,All,#4682B4,0
4,14,1,3,1.11792,0,1,All,#4682B4,0
5,14,1,3,0.512788,0,1,All,#4682B4,0
6,14,1,3,0.452393,0,1,All,#4682B4,0
7,14,1,3,0.0751786,0,1,All,#4682B4,0
8,14,1,3,0.918634,0,1,All,#4682B4,0
9,14,1,3,0.455101,0,1,All,#4682B4,0
10,14,1,3,0.339376,0,1,All,#4682B4,0
1,14,1.5,3,0.299626,0,1,All,#4682B4,0
2,14,1.5,3,0.183217,0,1,All,#4682B4,0
3,14,1.5,3,0.518124,0,1,All,#4682B4,0
4,14,1.5,3,0.766849,0.625012,1,All,#4682B4,0
5,14,1.5,3,0.367838,1.82563,1,All,#4682B4,0
6,14,1.5,3,0.103662,0,1,All,#4682B4,0
7,14,1.5,3,1.34279,0,1,All,#4682B4,0
8,14,1.5,3,0.138189,0,1,All,#4682B4,0
9,14,1.5,3,0.0314504,0,1,All,#4682B4,0
10,14,1.5,3,0.637507,0,1,All,#4682B4,0
1,14,2,5.272,5.272,5.21514,0,All,#4682B4,0
2,14,2,5.272,5.272,4.18974,0,All,#4682B4,0
3,14,2,5.272,5.272,5.07669,0,All,#4682B4,0
4,14,2,5.272,5.272,5.72127,0,All,#4682B4,0
5,14,2,5.272,5.272,6.07457,0,All,#4682B4,0
6,14,2,5.272,5.272,5.33126,0,All,#4682B4,0
7,14,2,5.272,5.272,4.92753,0,All,#4682B4,0
8,14,2,5.272,5.272,4.1315,0,All,#4682B4,0
9,14,2,5.272,5.272,3.74152,0,All,#4682B4,0
10,14,2,5.272,5.272,3.90808,0,All,#4682B4,0
1,14,2.5,7.663,7.663,7.34825,0,All,#4682B4,0
2,14,2.5,7.663,7.663,7.31508,0,All,#4682B4,0
3,14,2.5,7.663,7.663,7.09988,0,All,#4682B4,0
4,14,2.5,7.663,7.663,7.6038,0,All,#4682B4,0
5,14,2.5,7.663,7.663,7.63856,0,All,#4682B4,0
6,14,2.5,7.663,7.663,7.56024,0,All,#4682B4,0
7,14,2.5,7.663,7.663,7.48086,0,All,#4682B4,0
8,14,2.5,7.663,7.663,6.96103,0,All,#4682B4,0
9,14,2.5,7.663,7.663,7.48085,0,All,#4682B4,0
10,14,2.5,7.663,7.663,7.33151,0,All,#4682B4,0
1,14,3,8.419,8.419,8.1008,0,All,#4682B4,0
2,14,3,8.419,8.419,8.23401,0,All,#4682B4,0
3,14,3,8.419,8.419,7.91737,0,All,#4682B4,0
4,14,3,8.419,8.419,8.56765,0,All,#4682B4,0
5,14,3,8.419,8.419,8.36669,0,All,#4682B4,0
6,14,3,8.419,8.419,8.39447,0,All,#4682B4,0
7,14,3,8.419,8.419,8.49316,0,All,#4682B4,0
8,14,3,8.419,8.419,7.98057,0,All,#4682B4,0
9,14,3,8.419,8.419,8.46316,0,All,#4682B4,0
10,14,3,8.419,8.419,8.28785,0,All,#4682B4,0
1,14,3.5,9.857,9.857,8.32845,0,All,#4682B4,0
2,14,3.5,9.857,9.857,8.55846,0,All,#4682B4,0
3,14,3.5,9.857,9.857,8.25712,0,All,#4682B4,0
4,14,3.5,9.857,9.857,8.84158,0,All,#4682B4,0
5,14,3.5,9.857,9.857,8.52394,0,All,#4682B4,0
6,14,3.5,9.857,9.857,8.62179,0,All,#4682B4,0
7,14,3.5,9.857,9.857,8.88551,0,All,#4682B4,0
8,14,3.5,9.857,9.857,8.23183,0,All,#4682B4,0
9,14,3.5,9.857,9.857,8.6506,0,All,#4682B4,0
10,14,3.5,9.857,9.857,8.67092,0,All,#4682B4,0
1,14,4,8.839,8.839,8.28793,0,All,#4682B4,0
2,14,4,8.839,8.839,8.5881,0,All,#4682B4,0
3,14,4,8.839,8.839,8.3153,0,All,#4682B4,0
4,14,4,8.839,8.839,8.76999,0,All,#4682B4,0
5,14,4,8.839,8.839,8.42198,0,All,#4682B4,0
6,14,4,8.839,8.839,8.58225,0,All,#4682B4,0
7,14,4,8.839,8.839,8.90664,0,All,#4682B4,0
8,14,4,8.839,8.839,8.1579,0,All,#4682B4,0
9,14,4,8.839,8.839,8.55394,0,All,#4682B4,0
10,14,4,8.839,8.839,8.75015,0,All,#4682B4,0
1,14,4.5,9.385,9.385,8.13542,0,All,#4682B4,0
2,14,4.5,9.385,9.385,8.49197,0,All,#4682B4,0
3,14,4.5,9.385,9.385,8.23447,0,All,#4682B4,0
4,14,4.5,9.385,9.385,8.60894,0,All,#4682B4,0
5,14,4.5,9.385,9.385,8.23292,0,All,#4682B4,0
6,14,4.5,9.385,9.385,8.45857,0,All,#4682B4,0
7,14,4.5,9.385,9.385,8.76728,0,All,#4682B4,0
8,14,4.5,9.385,9.385,7.98369,0,All,#4682B4,0
9,14,4.5,9.385,9.385,8.39005,0,All,#4682B4,0
10,14,4.5,9.385,9.385,8.67572,0,All,#4682B4,0
1,14,5,8.81,8.81,7.93479,0,All,#4682B4,0
2,14,5,8.81,8.81,8.34023,0,All,#4682B4,0
3,14,5,8.81,8.81,8.08937,0,All,#4682B4,0
4,14,5,8.81,8.81,8.40899,0,All,#4682B4,0
5,14,5,8.81,8.81,8.00319,0,All,#4682B4,0
6,14,5,8.81,8.81,8.29136,0,All,#4682B4,0
7,14,5,8.81,8.81,8.55933,0,All,#4682B4,0
8,14,5,8.81,8.81,7.76498,0,All,#4682B4,0
9,14,5,8.81,8.81,8.21203,0,All,#4682B4,0
10,14,5,8.81,8.81,8.52001,0,All,#4682B4,0
1,14,5.5,6.193,6.193,7.70545,0,All,#4682B4,0
2,14,5.5,6.193,6.193,8.15027,0,All,#4682B4,0
3,14,5.5,6.193,6.193,7.90331,0,All,#4682B4,0
4,14,5.5,6.193,6.193,8.16515,0,All,#4682B4,0
5,14,5.5,6.193,6.193,7.74208,0,All,#4682B4,0
6,14,5.5,6.193,6.193,8.08756,0,All,#4682B4,0
7,14,5.5,6.193,6.193,8.30668,0,All,#4682B4,0
8,14,5.5,6.193,6.193,7.51082,0,All,#4682B4,0
9,14,5.5,6.193,6.193,8.02515,0,All,#4682B4,0
10,14,5.5,6.193,6.193,8.3134,0,All,#4682B4,0
1,14,6,8.616,8.616,7.45221,0,All,#4682B4,0
2,14,6,8.616,8.616,7.9223,0,All,#4682B4,0
3,14,6,8.616,8.616,7.67983,0,All,#4682B4,0
4,14,6,8.616,8.616,7.87669,0,All,#4682B4,0
5,14,6,8.616,8.616,7.45075,0,All,#4682B4,0
6,14,6,8.616,8.616,7.84393,0,All,#4682B4,0
7,14,6,8.616,8.616,8.01218,0,All,#4682B4,0
8,14,6,8.616,8.616,7.22102,0,All,#4682B4,0
9,14,6,8.616,8.616,7.80682,0,All,#4682B4,0
10,14,6,8.616,8.616,8.06358,0,All,#4682B4,0
1,14,6.5,6.024,6.024,7.17563,0,All,#4682B4,0
2,14,6.5,6.024,6.024,7.65169,0,All,#4682B4,0
3,14,6.5,6.024,6.024,7.41617,0,All,#4682B4,0
4,14,6.5,6.024,6.024,7.54547,0,All,#4682B4,0
5,14,6.5,6.024,6.024,7.12986,0,All,#4682B4,0
6,14,6.5,6.024,6.024,7.55468,0,All,#4682B4,0
7,14,6.5,6.024,6.024,7.6733,0,All,#4682B4,0
8,14,6.5,6.024,6.024,6.89496,0,All,#4682B4,0
9,14,6.5,6.024,6.024,7.5489,0,All,#4682B4,0
10,14,6.5,6.024,6.024,7.76967,0,All,#4682B4,0
1,14,7,7.488,7.488,6.87527,0,All,#4682B4,0
2,14,7,7.488,7.488,7.33243,0,All,#4682B4,0
3,14,7,7.488,7.488,7.10806,0,All,#4682B4,0
4,14,7,7.488,7.488,7.1814,0,All,#4682B4,0
5,14,7,7.488,7.488,6.78245,0,All,#4682B4,0
6,14,7,7.488,7.488,7.21393,0,All,#4682B4,0
7,14,7,7.488,7.488,7.28697,0,All,#4682B4,0
8,14,7,7.488,7.488,6.53545,0,All,#4682B4,0
9,14,7,7.488,7.488,7.246,0,All,#4682B4,0
10,14,7,7.488,7.488,7.4278,0,All,#4682B4,0
1,14,7.5,6.343,6.343,6.55092,0,All,#4682B4,0
2,14,7.5,6.343,6.343,6.95925,0,All,#4682B4,0
3,14,7.5,6.343,6.343,6.75224,0,All,#4682B4,0
4,14,7.5,6.343,6.343,6.8065,0,All,#4682B4,0
5,14,7.5,6.343,6.343,6.41615,0,All,#4682B4,0
6,14,7.5,6.343,6.343,6.81838,0,All,#4682B4,0
7,14,7.5,6.343,6.343,6.85259,0,All,#4682B4,0
8,14,7.5,6.343,6.343,6.15231,0,All,#4682B4,0
9,14,7.5,6.343,6.343,6.8942,0,All,#4682B4,0
10,14,7.5,6.343,6.343,7.03447,0,All,#4682B4,0
1,14,8,6.073,6.073,6.20362,0,All,#4682B4,0
2,14,8,6.073,6.073,6.53083,0,All,#4682B4,0
3,14,8,6.073,6.073,6.34995,0,All,#4682B4,0
4,14,8,6.073,6.073,6.44148,0,All,#4682B4,0
5,14,8,6.073,6.073,6.04491,0,All,#4682B4,0
6,14,8,6.073,6.073,6.37027,0,All,#4682B4,0
7,14,8,6.073,6.073,6.37673,0,All,#4682B4,0
8,14,8,6.073,6.073,5.76655,0,All,#4682B4,0
9,14,8,6.073,6.073,6.49549,0,All,#4682B4,0
10,14,8,6.073,6.073,6.58941,0,All,#4682B4,0
1,14,8.5,5.736,5.736,5.83699,0,All,#4682B4,0
2,14,8.5,5.736,5.736,6.05823,0,All,#4682B4,0
3,14,8.5,5.736,5.736,5.91226,0,All,#4682B4,0
4,14,8.5,5.736,5.736,6.11398,0,All,#4682B4,0
5,14,8.5,5.736,5.736,5.68796,0,All,#4682B4,0
6,14,8.5,5.736,5.736,5.88942,0,All,#4682B4,0
7,14,8.5,5.736,5.736,5.88013,0,All,#4682B4,0
8,14,8.5,5.736,5.736,5.4087,0,All,#4682B4,0
9,14,8.5,5.736,5.736,6.05831,0,All,#4682B4,0
10,14,8.5,5.736,5.736,6.10174,0,All,#4682B4,0
1,14,9,5.44,5.44,5.45967,0,All,#4682B4,0
2,14,9,5.44,5.44,5.56866,0,All,#4682B4,0
3,14,9,5.44,5.44,5.4673,0,All,#4682B4,0
4,14,9,5.44,5.44,5.82673,0,All,#4682B4,0
5,14,9,5.44,5.44,5.36449,0,All,#4682B4,0
6,14,9,5.44,5.44,5.42162,0,All,#4682B4,0
7,14,9,5.44,5.44,5.40394,0,All,#4682B4,0
8,14,9,5.44,5.44,5.10153,0,All,#4682B4,0
9,14,9,5.44,5.44,5.61622,0,All,#4682B4,0
10,14,9,5.44,5.44,5.59986,0,All,#4682B4,0
1,14,9.5,4.692,4.692,5.0872,0,All,#4682B4,0
2,14,9.5,4.692,4.692,5.13006,0,All,#4682B4,0
3,14,9.5,4.692,4.692,5.05805,0,All,#4682B4,0
4,14,9.5,4.692,4.692,5.57844,0,All,#4682B4,0
5,14,9.5,4.692,4.692,5.08691,0,All,#4682B4,0
6,14,9.5,4.692,4.692,5.01727,0,All,#4682B4,0
7,14,9.5,4.692,4.692,4.99005,0,All,#4682B4,0
8,14,9.5,4.692,4.692,4.86392,0,All,#4682B4,0
9,14,9.5,4.692,4.692,5.21484,0,All,#4682B4,0
10,14,9.5,4.692,4.692,5.13354,0,All,#4682B4,0
1,14,10,4.416,4.416,4.74485,0,All,#4682B4,0
2,14,10,4.416,4.416,4.79173,0,All,#4682B4,0
3,14,10,4.416,4.416,4.72601,0,All,#4682B4,0
4,14,10,4.416,4.416,5.35611,0,All,#4682B4,0
5,14,10,4.416,4.416,4.85816,0,All,#4682B4,0
6,14,10,4.416,4.416,4.7048,0,All,#4682B4,0
7,14,10,4.416,4.416,4.66136,0,All,#4682B4,0
8,14,10,4.416,4.416,4.68259,0,All,#4682B4,0
9,14,10,4.416,4.416,4.89406,0,All,#4682B4,0
10,14,10,4.416,4.416,4.75852,0,All,#4682B4,0
1,14,10.5,4.2,4.2,4.45059,0,All,#4682B4,0
2,14,10.5,4.2,4.2,4.55645,0,All,#4682B4,0
3,14,10.5,4.2,4.2,4.47636,0,All,#4682B4,0
4,14,10.5,4.2,4.2,5.14996,0,All,#4682B4,0
5,14,10.5,4.2,4.2,4.67391,0,All,#4682B4,0
6,14,10.5,4.2,4.2,4.47162,0,All,#4682B4,0
7,14,10.5,4.2,4.2,4.41281,0,All,#4682B4,0
8,14,10.5,4.2,4.2,4.54874,0,All,#4682B4,0
9,14,10.5,4.2,4.2,4.65521,0,All,#4682B4,0
10,14,10.5,4.2,4.2,4.48367,0,All,#4682B4,0
1,14,11,3.473,3.473,4.22205,0,All,#4682B4,0
2,14,11,3.473,3.473,4.39239,0,All,#4682B4,0
3,14,11,3.473,3.473,4.29243,0,All,#4682B4,0
4,14,11,3.473,3.473,4.9627,0,All,#4682B4,0
5,14,11,3.473,3.473,4.52619,0,All,#4682B4,0
6,14,11,3.473,3.473,4.29535,0,All,#4682B4,0
7,14,11,3.473,3.473,4.22341,0,All,#4682B4,0
8,14,11,3.473,3.473,4.44105,0,All,#4682B4,0
9,14,11,3.473,3.473,4.48224,0,All,#4682B4,0
10,14,11,3.473,3.473,4.28746,0,All,#4682B4,0
1,14,11.5,4.432,4.432,4.05302,0,All,#4682B4,0
2,14,11.5,4.432,4.432,4.27131,0,All,#4682B4,0
3,14,11.5,4.432,4.432,4.15375,0,All,#4682B4,0
4,14,11.5,4.432,4.432,4.77164,0,All,#4682B4,0
5,14,11.5,4.432,4.432,4.40583,0,All,#4682B4,0
6,14,11.5,4.432,4.432,4.15449,0,All,#4682B4,0
7,14,11.5,4.432,4.432,4.08134,0,All,#4682B4,0
8,14,11.5,4.432,4.432,4.35508,0,All,#4682B4,0
9,14,11.5,4.432,4.432,4.34999,0,All,#4682B4,0
10,14,11.5,4.432,4.432,4.1434,0,All,#4682B4,0
1,14,12,3.975,3.975,3.93484,0,All,#4682B4,0
2,14,12,3.975,3.975,4.17222,0,All,#4682B4,0
3,14,12,3.975,3.975,4.0392,0,All,#4682B4,0
4,14,12,3.975,3.975,4.58745,0,All,#4682B4,0
5,14,12,3.975,3.975,4.30493,0,All,#4682B4,0
6,14,12,3.975,3.975,4.03453,0,All,#4682B4,0
7,14,12,3.975,3.975,3.96457,0,All,#4682B4,0
8,14,12,3.975,3.975,4.27323,0,All,#4682B4,0
9,14,12,3.975,3.975,4.2384,0,All,#4682B4,0
10,14,12,3.975,3.975,4.02752,0,All,#4682B4,0
1,14,12.5,4.748,4.748,3.85345,0,All,#4682B4,0
2,14,12.5,4.748,4.748,4.08283,0,All,#4682B4,0
3,14,12.5,4.748,4.748,3.93928,0,All,#4682B4,0
4,14,12.5,4.748,4.748,4.39887,0,All,#4682B4,0
5,14,12.5,4.748,4.748,4.2181,0,All,#4682B4,0
6,14,12.5,4.748,4.748,3.92121,0,All,#4682B4,0
7,14,12.5,4.748,4.748,3.86437,0,All,#4682B4,0
8,14,12.5,4.748,4.748,4.19886,0,All,#4682B4,0
9,14,12.5,4.748,4.748,4.14053,0,All,#4682B4,0
10,14,12.5,4.748,4.748,3.9284,0,All,#4682B4,0
1,14,13,5.612,5.612,3.79506,0,All,#4682B4,0
2,14,13,5.612,5.612,3.99566,0,All,#4682B4,0
3,14,13,5.612,5.612,3.84334,0,All,#4682B4,0
4,14,13,5.612,5.612,4.20758,0,All,#4682B4,0
5,14,13,5.612,5.612,4.13623,0,All,#4682B4,0
6,14,13,5.612,5.612,3.81374,0,All,#4682B4,0
7,14,13,5.612,5.612,3.77202,0,All,#4682B4,0
8,14,13,5.612,5.612,4.12303,0,All,#4682B4,0
9,14,13,5.612,5.612,4.04636,0,All,#4682B4,0
10,14,13,5.612,5.612,3.83995,0,All,#4682B4,0
1,14,13.5,4.346,4.346,3.7509,0,All,#4682B4,0
2,14,13.5,4.346,4.346,3.90761,0,All,#4682B4,0
3,14,13.5,4.346,4.346,3.75041,0,All,#4682B4,0
4,14,13.5,4.346,4.346,4.01308,0,All,#4682B4,0
5,14,13.5,4.346,4.346,4.0557,0,All,#4682B4,0
6,14,13.5,4.346,4.346,3.70514,0,All,#4682B4,0
7,14,13.5,4.346,4.346,3.68245,0,All,#4682B4,0
8,14,13.5,4.346,4.346,4.04499,0,All,#4682B4,0
9,14,13.5,4.346,4.346,3.95173,0,All,#4682B4,0
10,14,13.5,4.346,4.346,3.75108,0,All,#4682B4,0
1,14,14,5.317,5.317,3.71438,0,All,#4682B4,0
2,14,14,5.317,5.317,3.81743,0,All,#4682B4,0
3,14,14,5.317,5.317,3.65608,0,All,#4682B4,0
4,14,14,5.317,5.317,3.81378,0,All,#4682B4,0
5,14,14,5.317,5.317,3.97829,0,All,#4682B4,0
6,14,14,5.317,5.317,3.59489,0,All,#4682B4,0
7,14,14,5.317,5.317,3.59377,0,All,#4682B4,0
8,14,14,5.317,5.317,3.96373,0,All,#4682B4,0
9,14,14,5.317,5.317,3.85402,0,All,#4682B4,0
10,14,14,5.317,5.317,3.66244,0,All,#4682B4,0
1,14,14.5,3,2.3776,3.68139,1,All,#4682B4,0
2,14,14.5,3,2.62287,3.72491,1,All,#4682B4,0
3,14,14.5,3,2.6721,3.55984,1,All,#4682B4,0
4,14,14.5,3,2.99883,3.60979,1,All,#4682B4,0
5,14,14.5,3,1.63572,3.89775,1,All,#4682B4,0
6,14,14.5,3,2.85656,3.48178,1,All,#4682B4,0
7,14,14.5,3,1.12443,3.50317,1,All,#4682B4,0
8,14,14.5,3,2.85626,3.87923,1,All,#4682B4,0
9,14,14.5,3,1.70876,3.75556,1,All,#4682B4,0
10,14,14.5,3,2.91823,3.57457,1,All,#4682B4,0
1,14,15,3,2.6772,3.64937,1,All,#4682B4,0
2,14,15,3,2.80071,3.62911,1,All,#4682B4,0
3,14,15,3,2.63826,3.46091,1,All,#4682B4,0
4,14,15,3,2.89228,3.40108,1,All,#4682B4,0
5,14,15,3,2.98711,3.81685,1,All,#4682B4,0
6,14,15,3,1.90946,3.36515,1,All,#4682B4,0
7,14,15,3,2.52268,3.41057,1,All,#4682B4,0
8,14,15,3,2.52058,3.79169,1,All,#4682B4,0
9,14,15,3,2.969,3.6536,1,All,#4682B4,0
10,14,15,3,2.95096,3.4851,1,All,#4682B4,0
1,14,15.5,3,2.37919,3.61684,1,All,#4682B4,0
2,14,15.5,3,2.73168,3.53148,1,All,#4682B4,0
3,14,15.5,3,2.41137,3.35952,1,All,#4682B4,0
4,14,15.5,3,2.86563,3.18822,1,All,#4682B4,0
5,14,15.5,3,2.87165,3.73394,1,All,#4682B4,0
6,14,15.5,3,2.88007,3.24637,1,All,#4682B4,0
7,14,15.5,3,2.49591,3.31522,1,All,#4682B4,0
8,14,15.5,3,2.94699,3.70046,1,All,#4682B4,0
9,14,15.5,3,2.76668,3.54853,1,All,#4682B4,0
10,14,15.5,3,1.58091,3.39436,1,All,#4682B4,0
1,14,16,4.351,4.351,3.58274,0,All,#4682B4,0
2,14,16,4.351,4.351,3.43136,0,All,#4682B4,0
3,14,16,4.351,4.351,3.25625,0,All,#4682B4,0
4,14,16,4.351,4.351,2.97121,0,All,#4682B4,0
5,14,16,4.351,4.351,3.64594,0,All,#4682B4,0
6,14,16,4.351,4.351,3.12426,0,All,#4682B4,0
7,14,16,4.351,4.351,3.21727,0,All,#4682B4,0
8,14,16,4.351,4.351,3.60608,0,All,#4682B4,0
9,14,16,4.351,4.351,3.43998,0,All,#4682B4,0
10,14,16,4.351,4.351,3.30225,0,All,#4682B4,0
1,14,16.5,3,2.95445,3.54729,1,All,#4682B4,0
2,14,16.5,3,2.05157,3.32919,1,All,#4682B4,0
3,14,16.5,3,0.801486,3.1496,1,All,#4682B4,0
4,14,16.5,3,2.50426,2.75094,1,All,#4682B4,0
5,14,16.5,3,2.39436,3.55581,1,All,#4682B4,0
6,14,16.5,3,2.58394,3.00023,1,All,#4682B4,0
7,14,16.5,3,2.98085,3.11629,1,All,#4682B4,0
8,14,16.5,3,2.79768,3.50911,1,All,#4682B4,0
9,14,16.5,3,1.91331,3.3295,1,All,#4682B4,0
10,14,16.5,3,2.40664,3.20894,1,All,#4682B4,0
1,14,17,3,2.80337,3.51136,1,All,#4682B4,0
2,14,17,3,2.33292,3.22538,1,All,#4682B4,0
3,14,17,3,2.95964,3.04165,1,All,#4682B4,0
4,14,17,3,1.86939,2.52705,1,All,#4682B4,0
5,14,17,3,1.60398,3.46331,1,All,#4682B4,0
6,14,17,3,2.50933,2.87376,1,All,#4682B4,0
7,14,17,3,1.61657,3.01338,1,All,#4682B4,0
8,14,17,3,2.41399,3.40962,1,All,#4682B4,0
9,14,17,3,2.66171,3.2169,1,All,#4682B4,0
10,14,17,3,2.84182,3.11473,1,All,#4682B4,0
1,14,17.5,3,2.51097,3.47206,1,All,#4682B4,0
2,14,17.5,3,2.67788,3.11902,1,All,#4682B4,0
3,14,17.5,3,2.25396,2.93184,1,All,#4682B4,0
4,14,17.5,3,2.49904,2.29981,1,All,#4682B4,0
5,14,17.5,3,2.96191,3.36814,1,All,#4682B4,0
6,14,17.5,3,1.43606,2.74541,1,All,#4682B4,0
7,14,17.5,3,2.84006,2.909,1,All,#4682B4,0
8,14,17.5,3,1.8002,3.30839,1,All,#4682B4,0
9,14,17.5,3,2.90668,3.10218,1,All,#4682B4,0
10,14,17.5,3,2.18429,3.0188,1,All,#4682B4,0
1,15,1,3,0.132211,0,1,All,#4682B4,0
2,15,1,3,1.3841,0,1,All,#4682B4,0
3,15,1,3,0.780958,0,1,All,#4682B4,0
4,15,1,3,1.24694,0,1,All,#4682B4,0
5,15,1,3,2.43067,0,1,All,#4682B4,0
6,15,1,3,0.417767,0,1,All,#4682B4,0
7,15,1,3,1.86442,0,1,All,#4682B4,0
8,15,1,3,1.90669,0,1,All,#4682B4,0
9,15,1,3,0.702958,0,1,All,#4682B4,0
10,15,1,3,1.33503,0,1,All,#4682B4,0
1,15,1.5,3,1.04028,0,1,All,#4682B4,0
2,15,1.5,3,0.75918,0,1,All,#4682B4,0
3,15,1.5,3,0.951308,0,1,All,#4682B4,0
4,15,1.5,3,0.42221,0,1,All,#4682B4,0
5,15,1.5,3,1.29704,0,1,All,#4682B4,0
6,15,1.5,3,1.62575,0,1,All,#4682B4,0
7,15,1.5,3,1.20839,0,1,All,#4682B4,0
8,15,1.5,3,0.731652,0,1,All,#4682B4,0
9,15,1.5,3,0.916509,0,1,All,#4682B4,0
10,15,1.5,3,0.646942,0,1,All,#4682B4,0
1,15,2,3,0.1887,0,1,All,#4682B4,0
2,15,2,3,1.08472,0,1,All,#4682B4,0
3,15,2,3,1.11004,0,1,All,#4682B4,0
4,15,2,3,1.11965,1.56392,1,All,#4682B4,0
5,15,2,3,0.0658785,0,1,All,#4682B4,0
6,15,2,3,0.0048194,0,1,All,#4682B4,0
7,15,2,3,0.785743,0,1,All,#4682B4,0
8,15,2,3,1.00903,0,1,All,#4682B4,0
9,15,2,3,1.49091,2.03374,1,All,#4682B4,0
10,15,2,3,1.1245,0,1,All,#4682B4,0
1,15,2.5,3,1.7228,1.12958,1,All,#4682B4,0
2,15,2.5,3,0.684159,2.47267,1,All,#4682B4,0
3,15,2.5,3,0.716799,0,1,All,#4682B4,0
4,15,2.5,3,2.5404,3.40521,1,All,#4682B4,0
5,15,2.5,3,0.512424,0,1,All,#4682B4,0
6,15,2.5,3,0.624939,2.08425,1,All,#4682B4,0
7,15,2.5,3,0.687713,0,1,All,#4682B4,0
8,15,2.5,3,1.56407,1.98718,1,All,#4682B4,0
9,15,2.5,3,2.98811,4.09298,1,All,#4682B4,0
10,15,2.5,3,1.95187,2.68638,1,All,#4682B4,0
1,15,3,4.194,4.194,3.97212,0,All,#4682B4,0
2,15,3,4.194,4.194,4.47855,0,All,#4682B4,0
3,15,3,4.194,4.194,3.79369,0,All,#4682B4,0
4,15,3,4.194,4.194,4.73318,0,All,#4682B4,0
5,15,3,4.194,4.194,3.58938,0,All,#4682B4,0
6,15,3,4.194,4.194,4.71023,0,All,#4682B4,0
7,15,3,4.194,4.194,4.10247,0,All,#4682B4,0
8,15,3,4.194,4.194,4.16115,0,All,#4682B4,0
9,15,3,4.194,4.194,5.35517,0,All,#4682B4,0
10,15,3,4.194,4.194,5.08812,0,All,#4682B4,0
1,15,3.5,6.587,6.587,5.73465,0,All,#4682B4,0
2,15,3.5,6.587,6.587,5.64605,0,All,#4682B4,0
3,15,3.5,6.587,6.587,5.99535,0,All,#4682B4,0
4,15,3.5,6.587,6.587,5.73728,0,All,#4682B4,0
5,15,3.5,6.587,6.587,5.56982,0,All,#4682B4,0
6,15,3.5,6.587,6.587,6.37624,0,All,#4682B4,0
7,15,3.5,6.587,6.587,6.02974,0,All,#4682B4,0
8,15,3.5,6.587,6.587,5.50972,0,All,#4682B4,0
9,15,3.5,6.587,6.587,6.20645,0,All,#4682B4,0
10,15,3.5,6.587,6.587,6.20875,0,All,#4682B4,0
1,15,4,6.436,6.436,6.95855,0,All,#4682B4,0
2,15,4,6.436,6.436,6.41555,0,All,#4682B4,0
3,15,4,6.436,6.436,7.10815,0,All,#4682B4,0
4,15,4,6.436,6.436,6.51487,0,All,#4682B4,0
5,15,4,6.436,6.436,6.46805,0,All,#4682B4,0
6,15,4,6.436,6.436,7.50653,0,All,#4682B4,0
7,15,4,6.436,6.436,6.85237,0,All,#4682B4,0
8,15,4,6.436,6.436,6.43518,0,All,#4682B4,0
9,15,4,6.436,6.436,6.8009,0,All,#4682B4,0
10,15,4,6.436,6.436,6.86105,0,All,#4682B4,0
1,15,4.5,6.639,6.639,7.76577,0,All,#4682B4,0
2,15,4.5,6.639,6.639,6.94695,0,All,#4682B4,0
3,15,4.5,6.639,6.639,7.70959,0,All,#4682B4,0
4,15,4.5,6.639,6.639,7.11101,0,All,#4682B4,0
5,15,4.5,6.639,6.639,6.96711,0,All,#4682B4,0
6,15,4.5,6.639,6.639,8.09699,0,All,#4682B4,0
7,15,4.5,6.639,6.639,7.28735,0,All,#4682B4,0
8,15,4.5,6.639,6.639,7.08558,0,All,#4682B4,0
9,15,4.5,6.639,6.639,7.20404,0,All,#4682B4,0
10,15,4.5,6.639,6.639,7.26397,0,All,#4682B4,0
1,15,5,7.897,7.897,8.06254,0,All,#4682B4,0
2,15,5,7.897,7.897,7.29834,0,All,#4682B4,0
3,15,5,7.897,7.897,7.90898,0,All,#4682B4,0
4,15,5,7.897,7.897,7.49779,0,All,#4682B4,0
5,15,5,7.897,7.897,7.24519,0,All,#4682B4,0
6,15,5,7.897,7.897,8.09152,0,All,#4682B4,0
7,15,5,7.897,7.897,7.5167,0,All,#4682B4,0
8,15,5,7.897,7.897,7.4922,0,All,#4682B4,0
9,15,5,7.897,7.897,7.43501,0,All,#4682B4,0
10,15,5,7.897,7.897,7.492,0,All,#4682B4,0
1,15,5.5,8.348,8.348,7.90501,0,All,#4682B4,0
2,15,5.5,8.348,8.348,7.48861,0,All,#4682B4,0
3,15,5.5,8.348,8.348,7.80465,0,All,#4682B4,0
4,15,5.5,8.348,8.348,7.62901,0,All,#4682B4,0
5,15,5.5,8.348,8.348,7.38431,0,All,#4682B4,0
6,15,5.5,8.348,8.348,7.76183,0,All,#4682B4,0
7,15,5.5,8.348,8.348,7.61224,0,All,#4682B4,0
8,15,5.5,8.348,8.348,7.64916,0,All,#4682B4,0
9,15,5.5,8.348,8.348,7.50464,0,All,#4682B4,0
10,15,5.5,8.348,8.348,7.58617,0,All,#4682B4,0
1,15,6,8.396,8.396,7.53326,0,All,#4682B4,0
2,15,6,8.396,8.396,7.53417,0,All,#4682B4,0
3,15,6,8.396,8.396,7.53989,0,All,#4682B4,0
4,15,6,8.396,8.396,7.53504,0,All,#4682B4,0
5,15,6,8.396,8.396,7.4215,0,All,#4682B4,0
6,15,6,8.396,8.396,7.33636,0,All,#4682B4,0
7,15,6,8.396,8.396,7.61357,0,All,#4682B4,0
8,15,6,8.396,8.396,7.59261,0,All,#4682B4,0
9,15,6,8.396,8.396,7.44169,0,All,#4682B4,0
10,15,6,8.396,8.396,7.57738,0,All,#4682B4,0
1,15,6.5,8.172,8.172,7.11209,0,All,#4682B4,0
2,15,6.5,8.172,8.172,7.46662,0,All,#4682B4,0
3,15,6.5,8.172,8.172,7.22156,0,All,#4682B4,0
4,15,6.5,8.172,8.172,7.3169,0,All,#4682B4,0
5,15,6.5,8.172,8.172,7.3878,0,All,#4682B4,0
6,15,6.5,8.172,8.172,6.93487,0,All,#4682B4,0
7,15,6.5,8.172,8.172,7.55346,0,All,#4682B4,0
8,15,6.5,8.172,8.172,7.40908,0,All,#4682B4,0
9,15,6.5,8.172,8.172,7.30162,0,All,#4682B4,0
10,15,6.5,8.172,8.172,7.49907,0,All,#4682B4,0
1,15,7,7.517,7.517,6.7313,0,All,#4682B4,0
2,15,7,7.517,7.517,7.32692,0,All,#4682B4,0
3,15,7,7.517,7.517,6.92035,0,All,#4682B4,0
4,15,7,7.517,7.517,7.07103,0,All,#4682B4,0
5,15,7,7.517,7.517,7.30988,0,All,#4682B4,0
6,15,7,7.517,7.517,6.61775,0,All,#4682B4,0
7,15,7,7.517,7.517,7.45322,0,All,#4682B4,0
8,15,7,7.517,7.517,7.18439,0,All,#4682B4,0
9,15,7,7.517,7.517,7.13202,0,All,#4682B4,0
10,15,7,7.517,7.517,7.38377,0,All,#4682B4,0
1,15,7.5,6.189,6.189,6.43334,0,All,#4682B4,0
2,15,7.5,6.189,6.189,7.15401,0,All,#4682B4,0
3,15,7.5,6.189,6.189,6.67171,0,All,#4682B4,0
4,15,7.5,6.189,6.189,6.85474,0,All,#4682B4,0
5,15,7.5,6.189,6.189,7.2093,0,All,#4682B4,0
6,15,7.5,6.189,6.189,6.3988,0,All,#4682B4,0
7,15,7.5,6.189,6.189,7.34432,0,All,#4682B4,0
8,15,7.5,6.189,6.189,6.97494,0,All,#4682B4,0
9,15,7.5,6.189,6.189,6.96517,0,All,#4682B4,0
10,15,7.5,6.189,6.189,7.25684,0,All,#4682B4,0
1,15,8,5.688,5.688,6.22172,0,All,#4682B4,0
2,15,8,5.688,5.688,6.97783,0,All,#4682B4,0
3,15,8,5.688,5.688,6.48597,0,All,#4682B4,0
4,15,8,5.688,5.688,6.69202,0,All,#4682B4,0
5,15,8,5.688,5.688,7.10208,0,All,#4682B4,0
6,15,8,5.688,5.688,6.26684,0,All,#4682B4,0
7,15,8,5.688,5.688,7.23721,0,All,#4682B4,0
8,15,8,5.688,5.688,6.80994,0,All,#4682B4,0
9,15,8,5.688,5.688,6.8215,0,All,#4682B4,0
10,15,8,5.688,5.688,7.13684,0,All,#4682B4,0
1,15,8.5,5.96,5.96,6.08741,0,All,#4682B4,0
2,15,8.5,5.96,5.96,6.81688,0,All,#4682B4,0
3,15,8.5,5.96,5.96,6.36017,0,All,#4682B4,0
4,15,8.5,5.96,5.96,6.58794,0,All,#4682B4,0
5,15,8.5,5.96,5.96,6.99864,0,All,#4682B4,0
6,15,8.5,5.96,5.96,6.20713,0,All,#4682B4,0
7,15,8.5,5.96,5.96,7.13933,0,All,#4682B4,0
8,15,8.5,5.96,5.96,6.69762,0,All,#4682B4,0
9,15,8.5,5.96,5.96,6.70851,0,All,#4682B4,0
10,15,8.5,5.96,5.96,7.03364,0,All,#4682B4,0
1,15,9,6.96,6.96,6.01868,0,All,#4682B4,0
2,15,9,6.96,6.96,6.68244,0,All,#4682B4,0
3,15,9,6.96,6.96,6.28557,0,All,#4682B4,0
4,15,9,6.96,6.96,6.53516,0,All,#4682B4,0
5,15,9,6.96,6.96,6.90466,0,All,#4682B4,0
6,15,9,6.96,6.96,6.2047,0,All,#4682B4,0
7,15,9,6.96,6.96,7.05468,0,All,#4682B4,0
8,15,9,6.96,6.96,6.6337,0,All,#4682B4,0
9,15,9,6.96,6.96,6.62763,0,All,#4682B4,0
10,15,9,6.96,6.96,6.95396,0,All,#4682B4,0
1,15,9.5,6.272,6.272,6.00341,0,All,#4682B4,0
2,15,9.5,6.272,6.272,6.57782,0,All,#4682B4,0
3,15,9.5,6.272,6.272,6.25158,0,All,#4682B4,0
4,15,9.5,6.272,6.272,6.52399,0,All,#4682B4,0
5,15,9.5,6.272,6.272,6.82295,0,All,#4682B4,0
6,15,9.5,6.272,6.272,6.24558,0,All,#4682B4,0
7,15,9.5,6.272,6.272,6.98474,0,All,#4682B4,0
8,15,9.5,6.272,6.272,6.60936,0,All,#4682B4,0
9,15,9.5,6.272,6.272,6.57578,0,All,#4682B4,0
10,15,9.5,6.272,6.272,6.89656,0,All,#4682B4,0
1,15,10,7.112,7.112,6.02996,0,All,#4682B4,0
2,15,10,7.112,7.112,6.50096,0,All,#4682B4,0
3,15,10,7.112,7.112,6.24792,0,All,#4682B4,0
4,15,10,7.112,7.112,6.54385,0,All,#4682B4,0
5,15,10,7.112,7.112,6.75379,0,All,#4682B4,0
6,15,10,7.112,7.112,6.31718,0,All,#4682B4,0
7,15,10,7.112,7.112,6.92829,0,All,#4682B4,0
8,15,10,7.112,7.112,6.61498,0,All,#4682B4,0
9,15,10,7.112,7.112,6.54849,0,All,#4682B4,0
10,15,10,7.112,7.112,6.85756,0,All,#4682B4,0
1,15,10.5,6.327,6.327,6.08827,0,All,#4682B4,0
2,15,10.5,6.327,6.327,6.44998,0,All,#4682B4,0
3,15,10.5,6.327,6.327,6.2659,0,All,#4682B4,0
4,15,10.5,6.327,6.327,6.586,0,All,#4682B4,0
5,15,10.5,6.327,6.327,6.6958,0,All,#4682B4,0
6,15,10.5,6.327,6.327,6.40878,0,All,#4682B4,0
7,15,10.5,6.327,6.327,6.88409,0,All,#4682B4,0
8,15,10.5,6.327,6.327,6.64141,0,All,#4682B4,0
9,15,10.5,6.327,6.327,6.54084,0,All,#4682B4,0
10,15,10.5,6.327,6.327,6.83603,0,All,#4682B4,0
1,15,11,6.577,6.577,6.16676,0,All,#4682B4,0
2,15,11,6.577,6.577,6.4217,0,All,#4682B4,0
3,15,11,6.577,6.577,6.29836,0,All,#4682B4,0
4,15,11,6.577,6.577,6.64044,0,All,#4682B4,0
5,15,11,6.577,6.577,6.6486,0,All,#4682B4,0
6,15,11,6.577,6.577,6.51135,0,All,#4682B4,0
7,15,11,6.577,6.577,6.85024,0,All,#4682B4,0
8,15,11,6.577,6.577,6.67983,0,All,#4682B4,0
9,15,11,6.577,6.577,6.54783,0,All,#4682B4,0
10,15,11,6.577,6.577,6.82652,0,All,#4682B4,0
1,15,11.5,7.275,7.275,6.19293,0,All,#4682B4,0
2,15,11.5,7.275,7.275,6.41263,0,All,#4682B4,0
3,15,11.5,7.275,7.275,6.33939,0,All,#4682B4,0
4,15,11.5,7.275,7.275,6.66748,0,All,#4682B4,0
5,15,11.5,7.275,7.275,6.60992,0,All,#4682B4,0
6,15,11.5,7.275,7.275,6.52287,0,All,#4682B4,0
7,15,11.5,7.275,7.275,6.825,0,All,#4682B4,0
8,15,11.5,7.275,7.275,6.61373,0,All,#4682B4,0
9,15,11.5,7.275,7.275,6.56509,0,All,#4682B4,0
10,15,11.5,7.275,7.275,6.82299,0,All,#4682B4,0
1,15,12,8.292,8.292,6.01369,0,All,#4682B4,0
2,15,12,8.292,8.292,6.35769,0,All,#4682B4,0
3,15,12,8.292,8.292,6.25744,0,All,#4682B4,0
4,15,12,8.292,8.292,6.39915,0,All,#4682B4,0
5,15,12,8.292,8.292,6.40068,0,All,#4682B4,0
6,15,12,8.292,8.292,6.27878,0,All,#4682B4,0
7,15,12,8.292,8.292,6.71513,0,All,#4682B4,0
8,15,12,8.292,8.292,6.29301,0,All,#4682B4,0
9,15,12,8.292,8.292,6.50865,0,All,#4682B4,0
10,15,12,8.292,8.292,6.65142,0,All,#4682B4,0
1,15,12.5,5.778,5.778,5.64372,0,All,#4682B4,0
2,15,12.5,5.778,5.778,5.83168,0,All,#4682B4,0
3,15,12.5,5.778,5.778,5.91384,0,All,#4682B4,0
4,15,12.5,5.778,5.778,5.84655,0,All,#4682B4,0
5,15,12.5,5.778,5.778,5.83719,0,All,#4682B4,0
6,15,12.5,5.778,5.778,5.80076,0,All,#4682B4,0
7,15,12.5,5.778,5.778,6.13782,0,All,#4682B4,0
8,15,12.5,5.778,5.778,5.76091,0,All,#4682B4,0
9,15,12.5,5.778,5.778,6.09453,0,All,#4682B4,0
10,15,12.5,5.778,5.778,6.16562,0,All,#4682B4,0
1,15,13,5.045,5.045,5.12353,0,All,#4682B4,0
2,15,13,5.045,5.045,4.8835,0,All,#4682B4,0
3,15,13,5.045,5.045,5.3991,0,All,#4682B4,0
4,15,13,5.045,5.045,5.11597,0,All,#4682B4,0
5,15,13,5.045,5.045,5.11443,0,All,#4682B4,0
6,15,13,5.045,5.045,5.17252,0,All,#4682B4,0
7,15,13,5.045,5.045,5.30658,0,All,#4682B4,0
8,15,13,5.045,5.045,5.1015,0,All,#4682B4,0
9,15,13,5.045,5.045,5.44347,0,All,#4682B4,0
10,15,13,5.045,5.045,5.49961,0,All,#4682B4,0
1,15,13.5,4.203,4.203,4.50809,0,All,#4682B4,0
2,15,13.5,4.203,4.203,3.80396,0,All,#4682B4,0
3,15,13.5,4.203,4.203,4.78993,0,All,#4682B4,0
4,15,13.5,4.203,4.203,4.27992,0,All,#4682B4,0
5,15,13.5,4.203,4.203,4.32894,0,All,#4682B4,0
6,15,13.5,4.203,4.203,4.44631,0,All,#4682B4,0
7,15,13.5,4.203,4.203,4.41158,0,All,#4682B4,0
8,15,13.5,4.203,4.203,4.36782,0,All,#4682B4,0
9,15,13.5,4.203,4.203,4.65846,0,All,#4682B4,0
10,15,13.5,4.203,4.203,4.76161,0,All,#4682B4,0
1,15,14,3.69,3.69,3.82205,0,All,#4682B4,0
2,15,14,3.69,3.69,2.65879,0,All,#4682B4,0
3,15,14,3.69,3.69,4.12718,0,All,#4682B4,0
4,15,14,3.69,3.69,3.36885,0,All,#4682B4,0
5,15,14,3.69,3.69,3.5093,0,All,#4682B4,0
6,15,14,3.69,3.69,3.65431,0,All,#4682B4,0
7,15,14,3.69,3.69,3.48319,0,All,#4682B4,0
8,15,14,3.69,3.69,3.58344,0,All,#4682B4,0
9,15,14,3.69,3.69,3.78998,0,All,#4682B4,0
10,15,14,3.69,3.69,3.98658,0,All,#4682B4,0
1,15,14.5,3,1.30234,3.08568,1,All,#4682B4,0
2,15,14.5,3,1.0538,1.46707,1,All,#4682B4,0
3,15,14.5,3,2.75034,3.43034,1,All,#4682B4,0
4,15,14.5,3,1.95323,2.40498,1,All,#4682B4,0
5,15,14.5,3,2.96868,2.66828,1,All,#4682B4,0
6,15,14.5,3,1.96646,2.81436,1,All,#4682B4,0
7,15,14.5,3,2.21794,2.53366,1,All,#4682B4,0
8,15,14.5,3,2.59973,2.76182,1,All,#4682B4,0
9,15,14.5,3,2.61847,2.86299,1,All,#4682B4,0
10,15,14.5,3,2.25631,3.18831,1,All,#4682B4,0
1,15,15,3,1.96899,2.30939,1,All,#4682B4,0
2,15,15,3,0.861776,0.239317,1,All,#4682B4,0
3,15,15,3,1.5214,2.7096,1,All,#4682B4,0
4,15,15,3,0.34102,1.40068,1,All,#4682B4,0
5,15,15,3,1.6903,1.81211,1,All,#4682B4,0
6,15,15,3,2.28776,1.93664,1,All,#4682B4,0
7,15,15,3,0.401637,1.56882,1,All,#4682B4,0
8,15,15,3,1.08366,1.90936,1,All,#4682B4,0
9,15,15,3,1.68149,1.89172,1,All,#4682B4,0
10,15,15,3,2.68555,2.37387,1,All,#4682B4,0
1,16,1,3,1.35036,0.641559,1,All,#4682B4,0
2,16,1,3,0.530062,0,1,All,#4682B4,0
3,16,1,3,1.19522,0,1,All,#4682B4,0
4,16,1,3,0.816337,1.10447,1,All,#4682B4,0
5,16,1,3,0.077718,0,1,All,#4682B4,0
6,16,1,3,0.912205,0.697155,1,All,#4682B4,0
7,16,1,3,0.832156,1.12669,1,All,#4682B4,0
8,16,1,3,1.15589,0.907137,1,All,#4682B4,0
9,16,1,3,0.441298,0.799584,1,All,#4682B4,0
10,16,1,3,0.297909,0,1,All,#4682B4,0
1,16,1.5,3,0.741527,1.85869,1,All,#4682B4,0
2,16,1.5,3,2.04647,0.511115,1,All,#4682B4,0
3,16,1.5,3,2.60606,1.54125,1,All,#4682B4,0
4,16,1.5,3,2.6915,2.31441,1,All,#4682B4,0
5,16,1.5,3,1.16331,0,1,All,#4682B4,0
6,16,1.5,3,1.53903,1.77046,1,All,#4682B4,0
7,16,1.5,3,2.55908,2.50136,1,All,#4682B4,0
8,16,1.5,3,2.87219,2.38162,1,All,#4682B4,0
9,16,1.5,3,2.48509,2.08799,1,All,#4682B4,0
10,16,1.5,3,0.37318,0,1,All,#4682B4,0
1,16,2,3,1.82026,2.89412,1,All,#4682B4,0
2,16,2,3,2.25967,2.29275,1,All,#4682B4,0
3,16,2,3,2.39565,2.78078,1,All,#4682B4,0
4,16,2,3,2.49863,3.35391,1,All,#4682B4,0
5,16,2,3,0.733257,1.18106,1,All,#4682B4,0
6,16,2,3,2.76677,2.69422,1,All,#4682B4,0
7,16,2,3,2.49813,3.55165,1,All,#4682B4,0
8,16,2,3,2.31594,3.48639,1,All,#4682B4,0
9,16,2,3,2.71493,3.1652,1,All,#4682B4,0
10,16,2,3,1.50672,0.951991,1,All,#4682B4,0
1,16,2.5,5.042,5.042,3.83502,0,All,#4682B4,0
2,16,2.5,5.042,5.042,3.58148,0,All,#4682B4,0
3,16,2.5,5.042,5.042,3.81227,0,All,#4682B4,0
4,16,2.5,5.042,5.042,4.2613,0,All,#4682B4,0
5,16,2.5,5.042,5.042,3.89699,0,All,#4682B4,0
6,16,2.5,5.042,5.042,3.57435,0,All,#4682B4,0
7,16,2.5,5.042,5.042,4.38612,0,All,#4682B4,0
8,16,2.5,5.042,5.042,4.37188,0,All,#4682B4,0
9,16,2.5,5.042,5.042,4.10469,0,All,#4682B4,0
10,16,2.5,5.042,5.042,3.58341,0,All,#4682B4,0
1,16,3,3,2.93492,4.68968,1,All,#4682B4,0
2,16,3,3,2.83652,4.57714,1,All,#4682B4,0
3,16,3,3,2.93184,4.68917,1,All,#4682B4,0
4,16,3,3,2.79561,5.06031,1,All,#4682B4,0
5,16,3,3,2.57532,5.1797,1,All,#4682B4,0
6,16,3,3,2.41694,4.41388,1,All,#4682B4,0
7,16,3,3,2.65685,5.0667,1,All,#4682B4,0
8,16,3,3,2.73243,5.10085,1,All,#4682B4,0
9,16,3,3,2.73226,4.93323,1,All,#4682B4,0
10,16,3,3,2.68114,4.88494,1,All,#4682B4,0
1,16,3.5,6.538,6.538,5.46644,0,All,#4682B4,0
2,16,3.5,6.538,6.538,5.37327,0,All,#4682B4,0
3,16,3.5,6.538,6.538,5.44615,0,All,#4682B4,0
4,16,3.5,6.538,6.538,5.76829,0,All,#4682B4,0
5,16,3.5,6.538,6.538,5.97458,0,All,#4682B4,0
6,16,3.5,6.538,6.538,5.21508,0,All,#4682B4,0
7,16,3.5,6.538,6.538,5.63221,0,All,#4682B4,0
8,16,3.5,6.538,6.538,5.71234,0,All,#4682B4,0
9,16,3.5,6.538,6.538,5.66951,0,All,#4682B4,0
10,16,3.5,6.538,6.538,5.70532,0,All,#4682B4,0
1,16,4,5.964,5.964,6.16748,0,All,#4682B4,0
2,16,4,5.964,5.964,6.02738,0,All,#4682B4,0
3,16,4,5.964,5.964,6.10592,0,All,#4682B4,0
4,16,4,5.964,5.964,6.39537,0,All,#4682B4,0
5,16,4,5.964,5.964,6.52049,0,All,#4682B4,0
6,16,4,5.964,5.964,5.97802,0,All,#4682B4,0
7,16,4,5.964,5.964,6.10786,0,All,#4682B4,0
8,16,4,5.964,5.964,6.23171,0,All,#4682B4,0
9,16,4,5.964,5.964,6.32333,0,All,#4682B4,0
10,16,4,5.964,5.964,6.27171,0,All,#4682B4,0
1,16,4.5,6.836,6.836,6.77387,0,All,#4682B4,0
2,16,4.5,6.836,6.836,6.55837,0,All,#4682B4,0
3,16,4.5,6.836,6.836,6.6764,0,All,#4682B4,0
4,16,4.5,6.836,6.836,6.93869,0,All,#4682B4,0
5,16,4.5,6.836,6.836,6.90501,0,All,#4682B4,0
6,16,4.5,6.836,6.836,6.68476,0,All,#4682B4,0
7,16,4.5,6.836,6.836,6.50938,0,All,#4682B4,0
8,16,4.5,6.836,6.836,6.67324,0,All,#4682B4,0
9,16,4.5,6.836,6.836,6.88685,0,All,#4682B4,0
10,16,4.5,6.836,6.836,6.6707,0,All,#4682B4,0
1,16,5,6.391,6.391,7.2188,0,All,#4682B4,0
2,16,5,6.391,6.391,6.98154,0,All,#4682B4,0
3,16,5,6.391,6.391,7.14714,0,All,#4682B4,0
4,16,5,6.391,6.391,7.36937,0,All,#4682B4,0
5,16,5,6.391,6.391,7.16308,0,All,#4682B4,0
6,16,5,6.391,6.391,7.28857,0,All,#4682B4,0
7,16,5,6.391,6.391,6.8402,0,All,#4682B4,0
8,16,5,6.391,6.391,7.04043,0,All,#4682B4,0
9,16,5,6.391,6.391,7.31589,0,All,#4682B4,0
10,16,5,6.391,6.391,6.92668,0,All,#4682B4,0
1,16,5.5,6.629,6.629,7.42001,0,All,#4682B4,0
2,16,5.5,6.629,6.629,7.29136,0,All,#4682B4,0
3,16,5.5,6.629,6.629,7.48419,0,All,#4682B4,0
4,16,5.5,6.629,6.629,7.63234,0,All,#4682B4,0
5,16,5.5,6.629,6.629,7.31111,0,All,#4682B4,0
6,16,5.5,6.629,6.629,7.67426,0,All,#4682B4,0
7,16,5.5,6.629,6.629,7.09813,0,All,#4682B4,0
8,16,5.5,6.629,6.629,7.32866,0,All,#4682B4,0
9,16,5.5,6.629,6.629,7.55023,0,All,#4682B4,0
10,16,5.5,6.629,6.629,7.05997,0,All,#4682B4,0
1,16,6,8.075,8.075,7.40792,0,All,#4682B4,0
2,16,6,8.075,8.075,7.47226,0,All,#4682B4,0
3,16,6,8.075,8.075,7.65864,0,All,#4682B4,0
4,16,6,8.075,8.075,7.69938,0,All,#4682B4,0
5,16,6,8.075,8.075,7.37056,0,All,#4682B4,0
6,16,6,8.075,8.075,7.76422,0,All,#4682B4,0
7,16,6,8.075,8.075,7.27762,0,All,#4682B4,0
8,16,6,8.075,8.075,7.52748,0,All,#4682B4,0
9,16,6,8.075,8.075,7.59567,0,All,#4682B4,0
10,16,6,8.075,8.075,7.10074,0,All,#4682B4,0
1,16,6.5,7.369,7.369,7.28847,0,All,#4682B4,0
2,16,6.5,7.369,7.369,7.52939,0,All,#4682B4,0
3,16,6.5,7.369,7.369,7.69325,0,All,#4682B4,0
4,16,6.5,7.369,7.369,7.61758,0,All,#4682B4,0
5,16,6.5,7.369,7.369,7.36513,0,All,#4682B4,0
6,16,6.5,7.369,7.369,7.65032,0,All,#4682B4,0
7,16,6.5,7.369,7.369,7.3758,0,All,#4682B4,0
8,16,6.5,7.369,7.369,7.63214,0,All,#4682B4,0
9,16,6.5,7.369,7.369,7.52499,0,All,#4682B4,0
10,16,6.5,7.369,7.369,7.08371,0,All,#4682B4,0
1,16,7,8.215,8.215,7.13505,0,All,#4682B4,0
2,16,7,8.215,8.215,7.49098,0,All,#4682B4,0
3,16,7,8.215,8.215,7.64484,0,All,#4682B4,0
4,16,7,8.215,8.215,7.46557,0,All,#4682B4,0
5,16,7,8.215,8.215,7.31804,0,All,#4682B4,0
6,16,7,8.215,8.215,7.45609,0,All,#4682B4,0
7,16,7,8.215,8.215,7.39685,0,All,#4682B4,0
8,16,7,8.215,8.215,7.65114,0,All,#4682B4,0
9,16,7,8.215,8.215,7.40141,0,All,#4682B4,0
10,16,7,8.215,8.215,7.03486,0,All,#4682B4,0
1,16,7.5,7.665,7.665,6.98251,0,All,#4682B4,0
2,16,7.5,7.665,7.665,7.3915,0,All,#4682B4,0
3,16,7.5,7.665,7.665,7.55674,0,All,#4682B4,0
4,16,7.5,7.665,7.665,7.30583,0,All,#4682B4,0
5,16,7.5,7.665,7.665,7.24522,0,All,#4682B4,0
6,16,7.5,7.665,7.665,7.24753,0,All,#4682B4,0
7,16,7.5,7.665,7.665,7.35394,0,All,#4682B4,0
8,16,7.5,7.665,7.665,7.60376,0,All,#4682B4,0
9,16,7.5,7.665,7.665,7.25554,0,All,#4682B4,0
10,16,7.5,7.665,7.665,6.96897,0,All,#4682B4,0
1,16,8,7.946,7.946,6.8468,0,All,#4682B4,0
2,16,8,7.946,7.946,7.25642,0,All,#4682B4,0
3,16,8,7.946,7.946,7.4498,0,All,#4682B4,0
4,16,8,7.946,7.946,7.17178,0,All,#4682B4,0
5,16,8,7.946,7.946,7.15601,0,All,#4682B4,0
6,16,8,7.946,7.946,7.05464,0,All,#4682B4,0
7,16,8,7.946,7.946,7.26591,0,All,#4682B4,0
8,16,8,7.946,7.946,7.51192,0,All,#4682B4,0
9,16,8,7.946,7.946,7.10027,0,All,#4682B4,0
10,16,8,7.946,7.946,6.89307,0,All,#4682B4,0
1,16,8.5,7.216,7.216,6.73045,0,All,#4682B4,0
2,16,8.5,7.216,7.216,7.10146,0,All,#4682B4,0
3,16,8.5,7.216,7.216,7.33214,0,All,#4682B4,0
4,16,8.5,7.216,7.216,7.06815,0,All,#4682B4,0
5,16,8.5,7.216,7.216,7.05536,0,All,#4682B4,0
6,16,8.5,7.216,7.216,6.88721,0,All,#4682B4,0
7,16,8.5,7.216,7.216,7.14703,0,All,#4682B4,0
8,16,8.5,7.216,7.216,7.39132,0,All,#4682B4,0
9,16,8.5,7.216,7.216,6.94189,0,All,#4682B4,0
10,16,8.5,7.216,7.216,6.81029,0,All,#4682B4,0
1,16,9,7.54,7.54,6.63408,0,All,#4682B4,0
2,16,9,7.54,7.54,6.93592,0,All,#4682B4,0
3,16,9,7.54,7.54,7.20665,0,All,#4682B4,0
4,16,9,7.54,7.54,6.96875,0,All,#4682B4,0
5,16,9,7.54,7.54,6.94584,0,All,#4682B4,0
6,16,9,7.54,7.54,6.74522,0,All,#4682B4,0
7,16,9,7.54,7.54,7.00713,0,All,#4682B4,0
8,16,9,7.54,7.54,7.25262,0,All,#4682B4,0
9,16,9,7.54,7.54,6.78434,0,All,#4682B4,0
10,16,9,7.54,7.54,6.72196,0,All,#4682B4,0
1,16,9.5,6.237,6.237,6.55584,0,All,#4682B4,0
2,16,9.5,6.237,6.237,6.76588,0,All,#4682B4,0
3,16,9.5,6.237,6.237,7.07436,0,All,#4682B4,0
4,16,9.5,6.237,6.237,6.87172,0,All,#4682B4,0
5,16,9.5,6.237,6.237,6.82876,0,All,#4682B4,0
6,16,9.5,6.237,6.237,6.62339,0,All,#4682B4,0
7,16,9.5,6.237,6.237,6.85772,0,All,#4682B4,0
8,16,9.5,6.237,6.237,7.10208,0,All,#4682B4,0
9,16,9.5,6.237,6.237,6.63057,0,All,#4682B4,0
10,16,9.5,6.237,6.237,6.62867,0,All,#4682B4,0
1,16,10,6.976,6.976,6.49095,0,All,#4682B4,0
2,16,10,6.976,6.976,6.59597,0,All,#4682B4,0
3,16,10,6.976,6.976,6.93569,0,All,#4682B4,0
4,16,10,6.976,6.976,6.77548,0,All,#4682B4,0
5,16,10,6.976,6.976,6.70497,0,All,#4682B4,0
6,16,10,6.976,6.976,6.51711,0,All,#4682B4,0
7,16,10,6.976,6.976,6.70285,0,All,#4682B4,0
8,16,10,6.976,6.976,6.94393,0,All,#4682B4,0
9,16,10,6.976,6.976,6.48295,0,All,#4682B4,0
10,16,10,6.976,6.976,6.53068,0,All,#4682B4,0
1,16,10.5,6.929,6.929,6.4358,0,All,#4682B4,0
2,16,10.5,6.929,6.929,6.4298,0,All,#4682B4,0
3,16,10.5,6.929,6.929,6.7909,0,All,#4682B4,0
4,16,10.5,6.929,6.929,6.67762,0,All,#4682B4,0
5,16,10.5,6.929,6.929,6.57516,0,All,#4682B4,0
6,16,10.5,6.929,6.929,6.42095,0,All,#4682B4,0
7,16,10.5,6.929,6.929,6.54591,0,All,#4682B4,0
8,16,10.5,6.929,6.929,6.7812,0,All,#4682B4,0
9,16,10.5,6.929,6.929,6.34308,0,All,#4682B4,0
10,16,10.5,6.929,6.929,6.42814,0,All,#4682B4,0
1,16,11,7.547,7.547,6.38646,0,All,#4682B4,0
2,16,11,7.547,7.547,6.27025,0,All,#4682B4,0
3,16,11,7.547,7.547,6.6402,0,All,#4682B4,0
4,16,11,7.547,7.547,6.57584,0,All,#4682B4,0
5,16,11,7.547,7.547,6.43888,0,All,#4682B4,0
6,16,11,7.547,7.547,6.32975,0,All,#4682B4,0
7,16,11,7.547,7.547,6.39326,0,All,#4682B4,0
8,16,11,7.547,7.547,6.61645,0,All,#4682B4,0
9,16,11,7.547,7.547,6.21222,0,All,#4682B4,0
10,16,11,7.547,7.547,6.32116,0,All,#4682B4,0
1,16,11.5,6.9,6.9,6.33894,0,All,#4682B4,0
2,16,11.5,6.9,6.9,6.11948,0,All,#4682B4,0
3,16,11.5,6.9,6.9,6.48382,0,All,#4682B4,0
4,16,11.5,6.9,6.9,6.46814,0,All,#4682B4,0
5,16,11.5,6.9,6.9,6.29768,0,All,#4682B4,0
6,16,11.5,6.9,6.9,6.23779,0,All,#4682B4,0
7,16,11.5,6.9,6.9,6.24801,0,All,#4682B4,0
8,16,11.5,6.9,6.9,6.45173,0,All,#4682B4,0
9,16,11.5,6.9,6.9,6.09048,0,All,#4682B4,0
10,16,11.5,6.9,6.9,6.20989,0,All,#4682B4,0
1,16,12,6.671,6.671,6.29132,0,All,#4682B4,0
2,16,12,6.671,6.671,5.97886,0,All,#4682B4,0
3,16,12,6.671,6.671,6.3221,0,All,#4682B4,0
4,16,12,6.671,6.671,6.35294,0,All,#4682B4,0
5,16,12,6.671,6.671,6.15142,0,All,#4682B4,0
6,16,12,6.671,6.671,6.14201,0,All,#4682B4,0
7,16,12,6.671,6.671,6.11079,0,All,#4682B4,0
8,16,12,6.671,6.671,6.28866,0,All,#4682B4,0
9,16,12,6.671,6.671,5.97776,0,All,#4682B4,0
10,16,12,6.671,6.671,6.0945,0,All,#4682B4,0
1,16,12.5,6.903,6.903,6.24198,0,All,#4682B4,0
2,16,12.5,6.903,6.903,5.8491,0,All,#4682B4,0
3,16,12.5,6.903,6.903,6.1553,0,All,#4682B4,0
4,16,12.5,6.903,6.903,6.22866,0,All,#4682B4,0
5,16,12.5,6.903,6.903,6.00201,0,All,#4682B4,0
6,16,12.5,6.903,6.903,6.03891,0,All,#4682B4,0
7,16,12.5,6.903,6.903,5.9824,0,All,#4682B4,0
8,16,12.5,6.903,6.903,6.12886,0,All,#4682B4,0
9,16,12.5,6.903,6.903,5.87386,0,All,#4682B4,0
10,16,12.5,6.903,6.903,5.97526,0,All,#4682B4,0
1,16,13,4.836,4.836,6.18846,0,All,#4682B4,0
2,16,13,4.836,4.836,5.73029,0,All,#4682B4,0
3,16,13,4.836,4.836,5.98365,0,All,#4682B4,0
4,16,13,4.836,4.836,6.09261,0,All,#4682B4,0
5,16,13,4.836,4.836,5.84804,0,All,#4682B4,0
6,16,13,4.836,4.836,5.92569,0,All,#4682B4,0
7,16,13,4.836,4.836,5.86308,0,All,#4682B4,0
8,16,13,4.836,4.836,5.97365,0,All,#4682B4,0
9,16,13,4.836,4.836,5.77793,0,All,#4682B4,0
10,16,13,4.836,4.836,5.85252,0,All,#4682B4,0
1,16,13.5,5.998,5.998,6.12967,0,All,#4682B4,0
2,16,13.5,5.998,5.998,5.62205,0,All,#4682B4,0
3,16,13.5,5.998,5.998,5.8075,0,All,#4682B4,0
4,16,13.5,5.998,5.998,5.94486,0,All,#4682B4,0
5,16,13.5,5.998,5.998,5.69195,0,All,#4682B4,0
6,16,13.5,5.998,5.998,5.79988,0,All,#4682B4,0
7,16,13.5,5.998,5.998,5.75276,0,All,#4682B4,0
8,16,13.5,5.998,5.998,5.82388,0,All,#4682B4,0
9,16,13.5,5.998,5.998,5.68888,0,All,#4682B4,0
10,16,13.5,5.998,5.998,5.72681,0,All,#4682B4,0
1,16,14,4.872,4.872,6.06511,0,All,#4682B4,0
2,16,14,4.872,4.872,5.52362,0,All,#4682B4,0
3,16,14,4.872,4.872,5.62751,0,All,#4682B4,0
4,16,14,4.872,4.872,5.78575,0,All,#4682B4,0
5,16,14,4.872,4.872,5.53468,0,All,#4682B4,0
6,16,14,4.872,4.872,5.66052,0,All,#4682B4,0
7,16,14,4.872,4.872,5.65096,0,All,#4682B4,0
8,16,14,4.872,4.872,5.67996,0,All,#4682B4,0
9,16,14,4.872,4.872,5.60558,0,All,#4682B4,0
10,16,14,4.872,4.872,5.59871,0,All,#4682B4,0
1,16,14.5,6.733,6.733,5.99527,0,All,#4682B4,0
2,16,14.5,6.733,6.733,5.43404,0,All,#4682B4,0
3,16,14.5,6.733,6.733,5.44407,0,All,#4682B4,0
4,16,14.5,6.733,6.733,5.61252,0,All,#4682B4,0
5,16,14.5,6.733,6.733,5.37768,0,All,#4682B4,0
6,16,14.5,6.733,6.733,5.50436,0,All,#4682B4,0
7,16,14.5,6.733,6.733,5.55692,0,All,#4682B4,0
8,16,14.5,6.733,6.733,5.54265,0,All,#4682B4,0
9,16,14.5,6.733,6.733,5.52668,0,All,#4682B4,0
10,16,14.5,6.733,6.733,5.46904,0,All,#4682B4,0
1,16,15,4.287,4.287,5.91716,0,All,#4682B4,0
2,16,15,4.287,4.287,5.35199,0,All,#4682B4,0
3,16,15,4.287,4.287,5.2576,0,All,#4682B4,0
4,16,15,4.287,4.287,5.424,0,All,#4682B4,0
5,16,15,4.287,4.287,5.22251,0,All,#4682B4,0
6,16,15,4.287,4.287,5.33177,0,All,#4682B4,0
7,16,15,4.287,4.287,5.46975,0,All,#4682B4,0
8,16,15,4.287,4.287,5.41245,0,All,#4682B4,0
9,16,15,4.287,4.287,5.45118,0,All,#4682B4,0
10,16,15,4.287,4.287,5.33862,0,All,#4682B4,0
1,16,15.5,4.131,4.131,5.83294,0,All,#4682B4,0
2,16,15.5,4.131,4.131,5.27639,0,All,#4682B4,0
3,16,15.5,4.131,4.131,5.06883,0,All,#4682B4,0
4,16,15.5,4.131,4.131,5.22015,0,All,#4682B4,0
5,16,15.5,4.131,4.131,5.07085,0,All,#4682B4,0
6,16,15.5,4.131,4.131,5.13817,0,All,#4682B4,0
7,16,15.5,4.131,4.131,5.38848,0,All,#4682B4,0
8,16,15.5,4.131,4.131,5.28924,0,All,#4682B4,0
9,16,15.5,4.131,4.131,5.37738,0,All,#4682B4,0
10,16,15.5,4.131,4.131,5.20804,0,All,#4682B4,0
1,16,16,4.396,4.396,5.74182,0,All,#4682B4,0
2,16,16,4.396,4.396,5.20595,0,All,#4682B4,0
3,16,16,4.396,4.396,4.87781,0,All,#4682B4,0
4,16,16,4.396,4.396,4.99975,0,All,#4682B4,0
5,16,16,4.396,4.396,4.92444,0,All,#4682B4,0
6,16,16,4.396,4.396,4.92551,0,All,#4682B4,0
7,16,16,4.396,4.396,5.31207,0,All,#4682B4,0
8,16,16,4.396,4.396,5.17282,0,All,#4682B4,0
9,16,16,4.396,4.396,5.30476,0,All,#4682B4,0
10,16,16,4.396,4.396,5.07854,0,All,#4682B4,0
1,16,16.5,4.538,4.538,5.64341,0,All,#4682B4,0
2,16,16.5,4.538,4.538,5.13944,0,All,#4682B4,0
3,16,16.5,4.538,4.538,4.68522,0,All,#4682B4,0
4,16,16.5,4.538,4.538,4.76293,0,All,#4682B4,0
5,16,16.5,4.538,4.538,4.78486,0,All,#4682B4,0
6,16,16.5,4.538,4.538,4.69298,0,All,#4682B4,0
7,16,16.5,4.538,4.538,5.2392,0,All,#4682B4,0
8,16,16.5,4.538,4.538,5.06294,0,All,#4682B4,0
9,16,16.5,4.538,4.538,5.23154,0,All,#4682B4,0
10,16,16.5,4.538,4.538,4.95185,0,All,#4682B4,0
1,16,17,5.052,5.052,5.53785,0,All,#4682B4,0
2,16,17,5.052,5.052,5.07574,0,All,#4682B4,0
3,16,17,5.052,5.052,4.49201,0,All,#4682B4,0
4,16,17,5.052,5.052,4.51048,0,All,#4682B4,0
5,16,17,5.052,5.052,4.65348,0,All,#4682B4,0
6,16,17,5.052,5.052,4.43822,0,All,#4682B4,0
7,16,17,5.052,5.052,5.16921,0,All,#4682B4,0
8,16,17,5.052,5.052,4.9594,0,All,#4682B4,0
9,16,17,5.052,5.052,5.15681,0,All,#4682B4,0
10,16,17,5.052,5.052,4.82892,0,All,#4682B4,0
1,17,1,3,0.719865,0,1,All,#4682B4,0
2,17,1,3,0.511619,0,1,All,#4682B4,0
3,17,1,3,0.744811,0,1,All,#4682B4,0
4,17,1,3,1.31577,0,1,All,#4682B4,0
5,17,1,3,0.0624585,0,1,All,#4682B4,0
6,17,1,3,0.821018,0,1,All,#4682B4,0
7,17,1,3,0.803141,0,1,All,#4682B4,0
8,17,1,3,0.952143,0,1,All,#4682B4,0
9,17,1,3,0.770255,0,1,All,#4682B4,0
10,17,1,3,1.35101,0,1,All,#4682B4,0
1,17,1.5,3,1.05015,0,1,All,#4682B4,0
2,17,1.5,3,0.646081,0.795693,1,All,#4682B4,0
3,17,1.5,3,1.42375,0,1,All,#4682B4,0
4,17,1.5,3,1.56019,0,1,All,#4682B4,0
5,17,1.5,3,1.67723,0,1,All,#4682B4,0
6,17,1.5,3,0.155743,0,1,All,#4682B4,0
7,17,1.5,3,0.281686,0,1,All,#4682B4,0
8,17,1.5,3,1.62324,0.925992,1,All,#4682B4,0
9,17,1.5,3,0.594935,0,1,All,#4682B4,0
10,17,1.5,3,1.09748,0,1,All,#4682B4,0
1,17,2,3,0.286831,0,1,All,#4682B4,0
2,17,2,3,1.76163,2.33809,1,All,#4682B4,0
3,17,2,3,2.62253,1.27741,1,All,#4682B4,0
4,17,2,3,0.51305,0,1,All,#4682B4,0
5,17,2,3,0.47189,0,1,All,#4682B4,0
6,17,2,3,0.138883,0,1,All,#4682B4,0
7,17,2,3,2.3481,1.81207,1,All,#4682B4,0
8,17,2,3,1.88967,2.6909,1,All,#4682B4,0
9,17,2,3,0.652772,0,1,All,#4682B4,0
10,17,2,3,1.25329,0,1,All,#4682B4,0
1,17,2.5,3,2.93442,3.08,1,All,#4682B4,0
2,17,2.5,3,2.48249,3.49783,1,All,#4682B4,0
3,17,2.5,3,2.26583,3.08918,1,All,#4682B4,0
4,17,2.5,3,0.223634,0,1,All,#4682B4,0
5,17,2.5,3,2.05114,2.77177,1,All,#4682B4,0
6,17,2.5,3,2.21448,2.4216,1,All,#4682B4,0
7,17,2.5,3,2.9386,3.2807,1,All,#4682B4,0
8,17,2.5,3,2.3325,3.95498,1,All,#4682B4,0
9,17,2.5,3,2.55109,0.451785,1,All,#4682B4,0
10,17,2.5,3,2.83949,2.6452,1,All,#4682B4,0
1,17,3,3.765,3.765,4.89071,0,All,#4682B4,0
2,17,3,3.765,3.765,4.44531,0,All,#4682B4,0
3,17,3,3.765,3.765,4.46332,0,All,#4682B4,0
4,17,3,3.765,3.765,3.52627,0,All,#4682B4,0
5,17,3,3.765,3.765,4.18344,0,All,#4682B4,0
6,17,3,3.765,3.765,3.97847,0,All,#4682B4,0
7,17,3,3.765,3.765,4.4676,0,All,#4682B4,0
8,17,3,3.765,3.765,4.93405,0,All,#4682B4,0
9,17,3,3.765,3.765,4.80606,0,All,#4682B4,0
10,17,3,3.765,3.765,4.62193,0,All,#4682B4,0
1,17,3.5,5.563,5.563,6.06539,0,All,#4682B4,0
2,17,3.5,5.563,5.563,5.23466,0,All,#4682B4,0
3,17,3.5,5.563,5.563,5.55184,0,All,#4682B4,0
4,17,3.5,5.563,5.563,5.46818,0,All,#4682B4,0
5,17,3.5,5.563,5.563,5.16886,0,All,#4682B4,0
6,17,3.5,5.563,5.563,5.11288,0,All,#4682B4,0
7,17,3.5,5.563,5.563,5.45122,0,All,#4682B4,0
8,17,3.5,5.563,5.563,5.7193,0,All,#4682B4,0
9,17,3.5,5.563,5.563,6.09485,0,All,#4682B4,0
10,17,3.5,5.563,5.563,5.89354,0,All,#4682B4,0
1,17,4,6.19,6.19,6.90215,0,All,#4682B4,0
2,17,4,6.19,6.19,5.90142,0,All,#4682B4,0
3,17,4,6.19,6.19,6.43674,0,All,#4682B4,0
4,17,4,6.19,6.19,6.41845,0,All,#4682B4,0
5,17,4,6.19,6.19,5.91141,0,All,#4682B4,0
6,17,4,6.19,6.19,5.97936,0,All,#4682B4,0
7,17,4,6.19,6.19,6.28078,0,All,#4682B4,0
8,17,4,6.19,6.19,6.36366,0,All,#4682B4,0
9,17,4,6.19,6.19,6.79175,0,All,#4682B4,0
10,17,4,6.19,6.19,6.80143,0,All,#4682B4,0
1,17,4.5,6.568,6.568,7.49981,0,All,#4682B4,0
2,17,4.5,6.568,6.568,6.46827,0,All,#4682B4,0
3,17,4.5,6.568,6.568,7.1554,0,All,#4682B4,0
4,17,4.5,6.568,6.568,7.00698,0,All,#4682B4,0
5,17,4.5,6.568,6.568,6.48994,0,All,#4682B4,0
6,17,4.5,6.568,6.568,6.65886,0,All,#4682B4,0
7,17,4.5,6.568,6.568,6.9854,0,All,#4682B4,0
8,17,4.5,6.568,6.568,6.89439,0,All,#4682B4,0
9,17,4.5,6.568,6.568,7.2305,0,All,#4682B4,0
10,17,4.5,6.568,6.568,7.47254,0,All,#4682B4,0
1,17,5,7.234,7.234,7.8722,0,All,#4682B4,0
2,17,5,7.234,7.234,6.94565,0,All,#4682B4,0
3,17,5,7.234,7.234,7.68074,0,All,#4682B4,0
4,17,5,7.234,7.234,7.4094,0,All,#4682B4,0
5,17,5,7.234,7.234,6.93694,0,All,#4682B4,0
6,17,5,7.234,7.234,7.18046,0,All,#4682B4,0
7,17,5,7.234,7.234,7.56759,0,All,#4682B4,0
8,17,5,7.234,7.234,7.32804,0,All,#4682B4,0
9,17,5,7.234,7.234,7.51798,0,All,#4682B4,0
10,17,5,7.234,7.234,7.93762,0,All,#4682B4,0
1,17,5.5,7.989,7.989,8.02422,0,All,#4682B4,0
2,17,5.5,7.989,7.989,7.32795,0,All,#4682B4,0
3,17,5.5,7.989,7.989,7.94537,0,All,#4682B4,0
4,17,5.5,7.989,7.989,7.69742,0,All,#4682B4,0
5,17,5.5,7.989,7.989,7.27252,0,All,#4682B4,0
6,17,5.5,7.989,7.989,7.54771,0,All,#4682B4,0
7,17,5.5,7.989,7.989,7.98563,0,All,#4682B4,0
8,17,5.5,7.989,7.989,7.66245,0,All,#4682B4,0
9,17,5.5,7.989,7.989,7.68308,0,All,#4682B4,0
10,17,5.5,7.989,7.989,8.18553,0,All,#4682B4,0
1,17,6,7.482,7.482,8.01067,0,All,#4682B4,0
2,17,6,7.482,7.482,7.59377,0,All,#4682B4,0
3,17,6,7.482,7.482,7.97594,0,All,#4682B4,0
4,17,6,7.482,7.482,7.90556,0,All,#4682B4,0
5,17,6,7.482,7.482,7.50314,0,All,#4682B4,0
6,17,6,7.482,7.482,7.74354,0,All,#4682B4,0
7,17,6,7.482,7.482,8.1921,0,All,#4682B4,0
8,17,6,7.482,7.482,7.88211,0,All,#4682B4,0
9,17,6,7.482,7.482,7.73916,0,All,#4682B4,0
10,17,6,7.482,7.482,8.23798,0,All,#4682B4,0
1,17,6.5,8.793,8.793,7.90281,0,All,#4682B4,0
2,17,6.5,8.793,8.793,7.72226,0,All,#4682B4,0
3,17,6.5,8.793,8.793,7.88288,0,All,#4682B4,0
4,17,6.5,8.793,8.793,8.05165,0,All,#4682B4,0
5,17,6.5,8.793,8.793,7.62829,0,All,#4682B4,0
6,17,6.5,8.793,8.793,7.7642,0,All,#4682B4,0
7,17,6.5,8.793,8.793,8.1985,0,All,#4682B4,0
8,17,6.5,8.793,8.793,7.96207,0,All,#4682B4,0
9,17,6.5,8.793,8.793,7.69445,0,All,#4682B4,0
10,17,6.5,8.793,8.793,8.16611,0,All,#4682B4,0
1,17,7,9.836,9.836,7.74059,0,All,#4682B4,0
2,17,7,9.836,9.836,7.71543,0,All,#4682B4,0
3,17,7,9.836,9.836,7.71722,0,All,#4682B4,0
4,17,7,9.836,9.836,8.12758,0,All,#4682B4,0
5,17,7,9.836,9.836,7.6482,0,All,#4682B4,0
6,17,7,9.836,9.836,7.636,0,All,#4682B4,0
7,17,7,9.836,9.836,8.08172,0,All,#4682B4,0
8,17,7,9.836,9.836,7.90576,0,All,#4682B4,0
9,17,7,9.836,9.836,7.55907,0,All,#4682B4,0
10,17,7,9.836,9.836,8.02302,0,All,#4682B4,0
1,17,7.5,8.895,8.895,7.5386,0,All,#4682B4,0
2,17,7.5,8.895,8.895,7.58443,0,All,#4682B4,0
3,17,7.5,8.895,8.895,7.49492,0,All,#4682B4,0
4,17,7.5,8.895,8.895,8.1082,0,All,#4682B4,0
5,17,7.5,8.895,8.895,7.56995,0,All,#4682B4,0
6,17,7.5,8.895,8.895,7.39708,0,All,#4682B4,0
7,17,7.5,8.895,8.895,7.91027,0,All,#4682B4,0
8,17,7.5,8.895,8.895,7.74158,0,All,#4682B4,0
9,17,7.5,8.895,8.895,7.33799,0,All,#4682B4,0
10,17,7.5,8.895,8.895,7.82882,0,All,#4682B4,0
1,17,8,8.519,8.519,7.30027,0,All,#4682B4,0
2,17,8,8.519,8.519,7.34324,0,All,#4682B4,0
3,17,8,8.519,8.519,7.22288,0,All,#4682B4,0
4,17,8,8.519,8.519,7.98319,0,All,#4682B4,0
5,17,8,8.519,8.519,7.40666,0,All,#4682B4,0
6,17,8,8.519,8.519,7.08127,0,All,#4682B4,0
7,17,8,8.519,8.519,7.68597,0,All,#4682B4,0
8,17,8,8.519,8.519,7.49588,0,All,#4682B4,0
9,17,8,8.519,8.519,7.03351,0,All,#4682B4,0
10,17,8,8.519,8.519,7.58724,0,All,#4682B4,0
1,17,8.5,7.275,7.275,7.02556,0,All,#4682B4,0
2,17,8.5,7.275,7.275,7.02918,0,All,#4682B4,0
3,17,8.5,7.275,7.275,6.90489,0,All,#4682B4,0
4,17,8.5,7.275,7.275,7.73939,0,All,#4682B4,0
5,17,8.5,7.275,7.275,7.17271,0,All,#4682B4,0
6,17,8.5,7.275,7.275,6.71694,0,All,#4682B4,0
7,17,8.5,7.275,7.275,7.41526,0,All,#4682B4,0
8,17,8.5,7.275,7.275,7.18893,0,All,#4682B4,0
9,17,8.5,7.275,7.275,6.6608,0,All,#4682B4,0
10,17,8.5,7.275,7.275,7.29619,0,All,#4682B4,0
1,17,9,6.395,6.395,6.71465,0,All,#4682B4,0
2,17,9,6.395,6.395,6.66886,0,All,#4682B4,0
3,17,9,6.395,6.395,6.54638,0,All,#4682B4,0
4,17,9,6.395,6.395,7.36855,0,All,#4682B4,0
5,17,9,6.395,6.395,6.88185,0,All,#4682B4,0
6,17,9,6.395,6.395,6.33073,0,All,#4682B4,0
7,17,9,6.395,6.395,7.10896,0,All,#4682B4,0
8,17,9,6.395,6.395,6.83826,0,All,#4682B4,0
9,17,9,6.395,6.395,6.25092,0,All,#4682B4,0
10,17,9,6.395,6.395,6.95331,0,All,#4682B4,0
1,17,9.5,5.928,5.928,6.37002,0,All,#4682B4,0
2,17,9.5,5.928,5.928,6.28794,0,All,#4682B4,0
3,17,9.5,5.928,5.928,6.15559,0,All,#4682B4,0
4,17,9.5,5.928,5.928,6.89237,0,All,#4682B4,0
5,17,9.5,5.928,5.928,6.55072,0,All,#4682B4,0
6,17,9.5,5.928,5.928,5.94014,0,All,#4682B4,0
7,17,9.5,5.928,5.928,6.77794,0,All,#4682B4,0
8,17,9.5,5.928,5.928,6.46231,0,All,#4682B4,0
9,17,9.5,5.928,5.928,5.83799,0,All,#4682B4,0
10,17,9.5,5.928,5.928,6.55961,0,All,#4682B4,0
1,17,10,4.938,4.938,5.99661,0,All,#4682B4,0
2,17,10,4.938,4.938,5.89989,0,All,#4682B4,0
3,17,10,4.938,4.938,5.74633,0,All,#4682B4,0
4,17,10,4.938,4.938,6.36105,0,All,#4682B4,0
5,17,10,4.938,4.938,6.19587,0,All,#4682B4,0
6,17,10,4.938,4.938,5.5558,0,All,#4682B4,0
7,17,10,4.938,4.938,6.43169,0,All,#4682B4,0
8,17,10,4.938,4.938,6.0725,0,All,#4682B4,0
9,17,10,4.938,4.938,5.44731,0,All,#4682B4,0
10,17,10,4.938,4.938,6.12279,0,All,#4682B4,0
1,17,10.5,5.893,5.893,5.60576,0,All,#4682B4,0
2,17,10.5,5.893,5.893,5.50999,0,All,#4682B4,0
3,17,10.5,5.893,5.893,5.32248,0,All,#4682B4,0
4,17,10.5,5.893,5.893,5.83099,0,All,#4682B4,0
5,17,10.5,5.893,5.893,5.82786,0,All,#4682B4,0
6,17,10.5,5.893,5.893,5.18206,0,All,#4682B4,0
7,17,10.5,5.893,5.893,6.06929,0,All,#4682B4,0
8,17,10.5,5.893,5.893,5.67459,0,All,#4682B4,0
9,17,10.5,5.893,5.893,5.08711,0,All,#4682B4,0
10,17,10.5,5.893,5.893,5.659,0,All,#4682B4,0
1,17,11,4.112,4.112,5.20837,0,All,#4682B4,0
2,17,11,4.112,4.112,5.1203,0,All,#4682B4,0
3,17,11,4.112,4.112,4.89943,0,All,#4682B4,0
4,17,11,4.112,4.112,5.32278,0,All,#4682B4,0
5,17,11,4.112,4.112,5.46056,0,All,#4682B4,0
6,17,11,4.112,4.112,4.82076,0,All,#4682B4,0
7,17,11,4.112,4.112,5.69343,0,All,#4682B4,0
8,17,11,4.112,4.112,5.28067,0,All,#4682B4,0
9,17,11,4.112,4.112,4.75747,0,All,#4682B4,0
10,17,11,4.112,4.112,5.1905,0,All,#4682B4,0
1,17,11.5,4.53,4.53,4.81934,0,All,#4682B4,0
2,17,11.5,4.53,4.53,4.7292,0,All,#4682B4,0
3,17,11.5,4.53,4.53,4.46965,0,All,#4682B4,0
4,17,11.5,4.53,4.53,4.839,0,All,#4682B4,0
5,17,11.5,4.53,4.53,5.09378,0,All,#4682B4,0
6,17,11.5,4.53,4.53,4.46994,0,All,#4682B4,0
7,17,11.5,4.53,4.53,5.31036,0,All,#4682B4,0
8,17,11.5,4.53,4.53,4.88859,0,All,#4682B4,0
9,17,11.5,4.53,4.53,4.45426,0,All,#4682B4,0
10,17,11.5,4.53,4.53,4.73585,0,All,#4682B4,0
1,17,12,3.825,3.825,4.45085,0,All,#4682B4,0
2,17,12,3.825,3.825,4.33722,0,All,#4682B4,0
3,17,12,3.825,3.825,4.03317,0,All,#4682B4,0
4,17,12,3.825,3.825,4.37722,0,All,#4682B4,0
5,17,12,3.825,3.825,4.73344,0,All,#4682B4,0
6,17,12,3.825,3.825,4.12962,0,All,#4682B4,0
7,17,12,3.825,3.825,4.91684,0,All,#4682B4,0
8,17,12,3.825,3.825,4.50249,0,All,#4682B4,0
9,17,12,3.825,3.825,4.1703,0,All,#4682B4,0
10,17,12,3.825,3.825,4.30444,0,All,#4682B4,0
1,17,12.5,3,2.2728,4.10649,1,All,#4682B4,0
2,17,12.5,3,2.50762,3.94259,1,All,#4682B4,0
3,17,12.5,3,2.27367,3.58774,1,All,#4682B4,0
4,17,12.5,3,2.46015,3.9342,1,All,#4682B4,0
5,17,12.5,3,2.47792,4.38125,1,All,#4682B4,0
6,17,12.5,3,1.95239,3.79805,1,All,#4682B4,0
7,17,12.5,3,2.74307,4.50536,1,All,#4682B4,0
8,17,12.5,3,2.70238,4.11968,1,All,#4682B4,0
9,17,12.5,3,1.59327,3.89987,1,All,#4682B4,0
10,17,12.5,3,2.27431,3.89707,1,All,#4682B4,0
1,17,13,3,2.77884,3.78814,1,All,#4682B4,0
2,17,13,3,2.90516,3.54571,1,All,#4682B4,0
3,17,13,3,1.3332,3.13803,1,All,#4682B4,0
4,17,13,3,2.35887,3.50504,1,All,#4682B4,0
5,17,13,3,2.18697,4.03567,1,All,#4682B4,0
6,17,13,3,2.7889,3.47197,1,All,#4682B4,0
7,17,13,3,1.43542,4.08233,1,All,#4682B4,0
8,17,13,3,2.115,3.74239,1,All,#4682B4,0
9,17,13,3,1.97044,3.63992,1,All,#4682B4,0
10,17,13,3,2.59718,3.51683,1,All,#4682B4,0
1,17,13.5,3,1.33611,3.49392,1,All,#4682B4,0
2,17,13.5,3,2.88186,3.1458,1,All,#4682B4,0
3,17,13.5,3,1.43464,2.68072,1,All,#4682B4,0
4,17,13.5,3,2.96576,3.08623,1,All,#4682B4,0
5,17,13.5,3,2.89799,3.69817,1,All,#4682B4,0
6,17,13.5,3,2.04082,3.14895,1,All,#4682B4,0
7,17,13.5,3,2.74009,3.6459,1,All,#4682B4,0
8,17,13.5,3,2.12349,3.36807,1,All,#4682B4,0
9,17,13.5,3,1.64015,3.38579,1,All,#4682B4,0
10,17,13.5,3,1.72375,3.15408,1,All,#4682B4,0
1,17,14,3,2.69272,3.22082,1,All,#4682B4,0
2,17,14,3,2.66622,2.74194,1,All,#4682B4,0
3,17,14,3,1.95856,2.21606,1,All,#4682B4,0
4,17,14,3,2.20705,2.67453,1,All,#4682B4,0
5,17,14,3,1.61372,3.36746,1,All,#4682B4,0
6,17,14,3,0.296362,2.83264,1,All,#4682B4,0
7,17,14,3,2.06318,3.19681,1,All,#4682B4,0
8,17,14,3,1.42912,2.99679,1,All,#4682B4,0
9,17,14,3,2.90076,3.13679,1,All,#4682B4,0
10,17,14,3,2.11966,2.81492,1,All,#4682B4,0
1,17,14.5,4.418,4.418,2.96514,0,All,#4682B4,0
2,17,14.5,4.418,4.418,2.3348,0,All,#4682B4,0
3,17,14.5,4.418,4.418,1.74433,0,All,#4682B4,0
4,17,14.5,4.418,4.418,2.26835,0,All,#4682B4,0
5,17,14.5,4.418,4.418,3.04281,0,All,#4682B4,0
6,17,14.5,4.418,4.418,2.51589,0,All,#4682B4,0
7,17,14.5,4.418,4.418,2.73451,0,All,#4682B4,0
8,17,14.5,4.418,4.418,2.6272,0,All,#4682B4,0
9,17,14.5,4.418,4.418,2.89042,0,All,#4682B4,0
10,17,14.5,4.418,4.418,2.48871,0,All,#4682B4,0
1,17,15,3.109,3.109,2.72412,0,All,#4682B4,0
2,17,15,3.109,3.109,1.92282,0,All,#4682B4,0
3,17,15,3.109,3.109,1.26435,0,All,#4682B4,0
4,17,15,3.109,3.109,1.8655,0,All,#4682B4,0
5,17,15,3.109,3.109,2.72377,0,All,#4682B4,0
6,17,15,3.109,3.109,2.2006,0,All,#4682B4,0
7,17,15,3.109,3.109,2.26062,0,All,#4682B4,0
8,17,15,3.109,3.109,2.25984,0,All,#4682B4,0
9,17,15,3.109,3.109,2.6463,0,All,#4682B4,0
10,17,15,3.109,3.109,2.17403,0,All,#4682B4,0
1,17,15.5,3,2.77856,2.49399,1,All,#4682B4,0
2,17,15.5,3,2.28353,1.50689,1,All,#4682B4,0
3,17,15.5,3,1.02603,0.777116,1,All,#4682B4,0
4,17,15.5,3,1.48843,1.46553,1,All,#4682B4,0
5,17,15.5,3,2.07511,2.4066,1,All,#4682B4,0
6,17,15.5,3,1.38566,1.88472,1,All,#4682B4,0
7,17,15.5,3,2.51357,1.77531,1,All,#4682B4,0
8,17,15.5,3,1.71745,1.89237,1,All,#4682B4,0
9,17,15.5,3,2.67737,2.40314,1,All,#4682B4,0
10,17,15.5,3,1.73237,1.86639,1,All,#4682B4,0
1,18,1,3,1.27711,0,1,All,#4682B4,0
2,18,1,3,1.21229,0,1,All,#4682B4,0
3,18,1,3,0.443145,0,1,All,#4682B4,0
4,18,1,3,0.125282,0,1,All,#4682B4,0
5,18,1,3,0.720298,0,1,All,#4682B4,0
6,18,1,3,0.476297,0,1,All,#4682B4,0
7,18,1,3,1.27081,0,1,All,#4682B4,0
8,18,1,3,0.898397,0,1,All,#4682B4,0
9,18,1,3,0.0573002,0,1,All,#4682B4,0
10,18,1,3,0.403311,0,1,All,#4682B4,0
1,18,1.5,3,0.260137,0,1,All,#4682B4,0
2,18,1.5,3,0.276601,0,1,All,#4682B4,0
3,18,1.5,3,0.137094,0,1,All,#4682B4,0
4,18,1.5,3,0.473919,0,1,All,#4682B4,0
5,18,1.5,3,0.482299,0,1,All,#4682B4,0
6,18,1.5,3,0.60904,0,1,All,#4682B4,0
7,18,1.5,3,0.274542,0,1,All,#4682B4,0
8,18,1.5,3,2.04611,0,1,All,#4682B4,0
9,18,1.5,3,1.92274,0,1,All,#4682B4,0
10,18,1.5,3,0.521221,0,1,All,#4682B4,0
1,18,2,3,0.424127,0,1,All,#4682B4,0
2,18,2,3,2.29841,0,1,All,#4682B4,0
3,18,2,3,0.300299,0,1,All,#4682B4,0
4,18,2,3,0.0718366,0,1,All,#4682B4,0
5,18,2,3,0.18848,0,1,All,#4682B4,0
6,18,2,3,0.269204,0,1,All,#4682B4,0
7,18,2,3,0.497032,0,1,All,#4682B4,0
8,18,2,3,0.760708,0,1,All,#4682B4,0
9,18,2,3,0.804054,0,1,All,#4682B4,0
10,18,2,3,1.62126,0,1,All,#4682B4,0
1,18,2.5,3,1.63311,1.30484,1,All,#4682B4,0
2,18,2.5,3,0.41265,0,1,All,#4682B4,0
3,18,2.5,3,1.95407,0,1,All,#4682B4,0
4,18,2.5,3,1.76903,0,1,All,#4682B4,0
5,18,2.5,3,0.941077,0,1,All,#4682B4,0
6,18,2.5,3,1.01407,0,1,All,#4682B4,0
7,18,2.5,3,0.507561,0,1,All,#4682B4,0
8,18,2.5,3,0.0742957,0,1,All,#4682B4,0
9,18,2.5,3,1.04978,0,1,All,#4682B4,0
10,18,2.5,3,0.986175,0,1,All,#4682B4,0
1,18,3,4.538,4.538,5.59524,0,All,#4682B4,0
2,18,3,4.538,4.538,4.74436,0,All,#4682B4,0
3,18,3,4.538,4.538,4.83083,0,All,#4682B4,0
4,18,3,4.538,4.538,5.83568,0,All,#4682B4,0
5,18,3,4.538,4.538,5.81264,0,All,#4682B4,0
6,18,3,4.538,4.538,5.85234,0,All,#4682B4,0
7,18,3,4.538,4.538,5.89244,0,All,#4682B4,0
8,18,3,4.538,4.538,4.92669,0,All,#4682B4,0
9,18,3,4.538,4.538,4.29655,0,All,#4682B4,0
10,18,3,4.538,4.538,4.92559,0,All,#4682B4,0
1,18,3.5,7.259,7.259,6.72306,0,All,#4682B4,0
2,18,3.5,7.259,7.259,6.79843,0,All,#4682B4,0
3,18,3.5,7.259,7.259,6.87974,0,All,#4682B4,0
4,18,3.5,7.259,7.259,7.49802,0,All,#4682B4,0
5,18,3.5,7.259,7.259,7.29343,0,All,#4682B4,0
6,18,3.5,7.259,7.259,7.11293,0,All,#4682B4,0
7,18,3.5,7.259,7.259,7.2172,0,All,#4682B4,0
8,18,3.5,7.259,7.259,7.37838,0,All,#4682B4,0
9,18,3.5,7.259,7.259,7.00843,0,All,#4682B4,0
10,18,3.5,7.259,7.259,6.95486,0,All,#4682B4,0
1,18,4,7.19,7.19,7.30218,0,All,#4682B4,0
2,18,4,7.19,7.19,7.60418,0,All,#4682B4,0
3,18,4,7.19,7.19,7.66331,0,All,#4682B4,0
4,18,4,7.19,7.19,8.13274,0,All,#4682B4,0
5,18,4,7.19,7.19,7.91781,0,All,#4682B4,0
6,18,4,7.19,7.19,7.73409,0,All,#4682B4,0
7,18,4,7.19,7.19,7.78943,0,All,#4682B4,0
8,18,4,7.19,7.19,8.1354,0,All,#4682B4,0
9,18,4,7.19,7.19,7.93689,0,All,#4682B4,0
10,18,4,7.19,7.19,7.70295,0,All,#4682B4,0
1,18,4.5,8.249,8.249,7.65855,0,All,#4682B4,0
2,18,4.5,8.249,8.249,8.01318,0,All,#4682B4,0
3,18,4.5,8.249,8.249,8.00811,0,All,#4682B4,0
4,18,4.5,8.249,8.249,8.46613,0,All,#4682B4,0
5,18,4.5,8.249,8.249,8.25017,0,All,#4682B4,0
6,18,4.5,8.249,8.249,8.04936,0,All,#4682B4,0
7,18,4.5,8.249,8.249,8.09533,0,All,#4682B4,0
8,18,4.5,8.249,8.249,8.40455,0,All,#4682B4,0
9,18,4.5,8.249,8.249,8.42608,0,All,#4682B4,0
10,18,4.5,8.249,8.249,8.04206,0,All,#4682B4,0
1,18,5,8.735,8.735,7.8873,0,All,#4682B4,0
2,18,5,8.735,8.735,8.18526,0,All,#4682B4,0
3,18,5,8.735,8.735,8.08907,0,All,#4682B4,0
4,18,5,8.735,8.735,8.62442,0,All,#4682B4,0
5,18,5,8.735,8.735,8.42136,0,All,#4682B4,0
6,18,5,8.735,8.735,8.16116,0,All,#4682B4,0
7,18,5,8.735,8.735,8.2534,0,All,#4682B4,0
8,18,5,8.735,8.735,8.43764,0,All,#4682B4,0
9,18,5,8.735,8.735,8.68027,0,All,#4682B4,0
10,18,5,8.735,8.735,8.13974,0,All,#4682B4,0
1,18,5.5,8.447,8.447,7.99992,0,All,#4682B4,0
2,18,5.5,8.447,8.447,8.19127,0,All,#4682B4,0
3,18,5.5,8.447,8.447,8.01015,0,All,#4682B4,0
4,18,5.5,8.447,8.447,8.63409,0,All,#4682B4,0
5,18,5.5,8.447,8.447,8.48343,0,All,#4682B4,0
6,18,5.5,8.447,8.447,8.14303,0,All,#4682B4,0
7,18,5.5,8.447,8.447,8.30611,0,All,#4682B4,0
8,18,5.5,8.447,8.447,8.37674,0,All,#4682B4,0
9,18,5.5,8.447,8.447,8.76933,0,All,#4682B4,0
10,18,5.5,8.447,8.447,8.08141,0,All,#4682B4,0
1,18,6,9.541,9.541,7.98762,0,All,#4682B4,0
2,18,6,9.541,9.541,8.07445,0,All,#4682B4,0
3,18,6,9.541,9.541,7.8472,0,All,#4682B4,0
4,18,6,9.541,9.541,8.49482,0,All,#4682B4,0
5,18,6,9.541,9.541,8.44405,0,All,#4682B4,0
6,18,6,9.541,9.541,8.04646,0,All,#4682B4,0
7,18,6,9.541,9.541,8.24443,0,All,#4682B4,0
8,18,6,9.541,9.541,8.26665,0,All,#4682B4,0
9,18,6,9.541,9.541,8.73023,0,All,#4682B4,0
10,18,6,9.541,9.541,7.9145,0,All,#4682B4,0
1,18,6.5,8.766,8.766,7.84118,0,All,#4682B4,0
2,18,6.5,8.766,8.766,7.85202,0,All,#4682B4,0
3,18,6.5,8.766,8.766,7.60705,0,All,#4682B4,0
4,18,6.5,8.766,8.766,8.17684,0,All,#4682B4,0
5,18,6.5,8.766,8.766,8.30182,0,All,#4682B4,0
6,18,6.5,8.766,8.766,7.89484,0,All,#4682B4,0
7,18,6.5,8.766,8.766,8.06255,0,All,#4682B4,0
8,18,6.5,8.766,8.766,8.09014,0,All,#4682B4,0
9,18,6.5,8.766,8.766,8.57825,0,All,#4682B4,0
10,18,6.5,8.766,8.766,7.6546,0,All,#4682B4,0
1,18,7,8.696,8.696,7.5425,0,All,#4682B4,0
2,18,7,8.696,8.696,7.52091,0,All,#4682B4,0
3,18,7,8.696,8.696,7.26911,0,All,#4682B4,0
4,18,7,8.696,8.696,7.64606,0,All,#4682B4,0
5,18,7,8.696,8.696,8.03651,0,All,#4682B4,0
6,18,7,8.696,8.696,7.69345,0,All,#4682B4,0
7,18,7,8.696,8.696,7.73672,0,All,#4682B4,0
8,18,7,8.696,8.696,7.82377,0,All,#4682B4,0
9,18,7,8.696,8.696,8.30493,0,All,#4682B4,0
10,18,7,8.696,8.696,7.29761,0,All,#4682B4,0
1,18,7.5,6.594,6.594,7.09599,0,All,#4682B4,0
2,18,7.5,6.594,6.594,7.07078,0,All,#4682B4,0
3,18,7.5,6.594,6.594,6.83458,0,All,#4682B4,0
4,18,7.5,6.594,6.594,6.97492,0,All,#4682B4,0
5,18,7.5,6.594,6.594,7.60884,0,All,#4682B4,0
6,18,7.5,6.594,6.594,7.43829,0,All,#4682B4,0
7,18,7.5,6.594,6.594,7.23566,0,All,#4682B4,0
8,18,7.5,6.594,6.594,7.42829,0,All,#4682B4,0
9,18,7.5,6.594,6.594,7.88246,0,All,#4682B4,0
10,18,7.5,6.594,6.594,6.8323,0,All,#4682B4,0
1,18,8,6.311,6.311,6.56777,0,All,#4682B4,0
2,18,8,6.311,6.311,6.50091,0,All,#4682B4,0
3,18,8,6.311,6.311,6.3189,0,All,#4682B4,0
4,18,8,6.311,6.311,6.36721,0,All,#4682B4,0
5,18,8,6.311,6.311,6.97776,0,All,#4682B4,0
6,18,8,6.311,6.311,7.12076,0,All,#4682B4,0
7,18,8,6.311,6.311,6.57298,0,All,#4682B4,0
8,18,8,6.311,6.311,6.84983,0,All,#4682B4,0
9,18,8,6.311,6.311,7.28064,0,All,#4682B4,0
10,18,8,6.311,6.311,6.25978,0,All,#4682B4,0
1,18,8.5,5.311,5.311,6.04541,0,All,#4682B4,0
2,18,8.5,5.311,5.311,5.8669,0,All,#4682B4,0
3,18,8.5,5.311,5.311,5.77255,0,All,#4682B4,0
4,18,8.5,5.311,5.311,5.87055,0,All,#4682B4,0
5,18,8.5,5.311,5.311,6.18968,0,All,#4682B4,0
6,18,8.5,5.311,5.311,6.72988,0,All,#4682B4,0
7,18,8.5,5.311,5.311,5.91166,0,All,#4682B4,0
8,18,8.5,5.311,5.311,6.03049,0,All,#4682B4,0
9,18,8.5,5.311,5.311,6.52785,0,All,#4682B4,0
10,18,8.5,5.311,5.311,5.62533,0,All,#4682B4,0
1,18,9,6.043,6.043,5.56378,0,All,#4682B4,0
2,18,9,6.043,6.043,5.28359,0,All,#4682B4,0
3,18,9,6.043,6.043,5.26552,0,All,#4682B4,0
4,18,9,6.043,6.043,5.43744,0,All,#4682B4,0
5,18,9,6.043,6.043,5.47917,0,All,#4682B4,0
6,18,9,6.043,6.043,6.25519,0,All,#4682B4,0
7,18,9,6.043,6.043,5.37822,0,All,#4682B4,0
8,18,9,6.043,6.043,5.03867,0,All,#4682B4,0
9,18,9,6.043,6.043,5.7948,0,All,#4682B4,0
10,18,9,6.043,6.043,5.03933,0,All,#4682B4,0
1,18,9.5,4.987,4.987,5.11559,0,All,#4682B4,0
2,18,9.5,4.987,4.987,4.81458,0,All,#4682B4,0
3,18,9.5,4.987,4.987,4.83215,0,All,#4682B4,0
4,18,9.5,4.987,4.987,5.03986,0,All,#4682B4,0
5,18,9.5,4.987,4.987,4.9343,0,All,#4682B4,0
6,18,9.5,4.987,4.987,5.69309,0,All,#4682B4,0
7,18,9.5,4.987,4.987,4.94109,0,All,#4682B4,0
8,18,9.5,4.987,4.987,4.28438,0,All,#4682B4,0
9,18,9.5,4.987,4.987,5.2055,0,All,#4682B4,0
10,18,9.5,4.987,4.987,4.5779,0,All,#4682B4,0
1,18,10,4.696,4.696,4.69455,0,All,#4682B4,0
2,18,10,4.696,4.696,4.43815,0,All,#4682B4,0
3,18,10,4.696,4.696,4.4698,0,All,#4682B4,0
4,18,10,4.696,4.696,4.65995,0,All,#4682B4,0
5,18,10,4.696,4.696,4.48867,0,All,#4682B4,0
6,18,10,4.696,4.696,5.06362,0,All,#4682B4,0
7,18,10,4.696,4.696,4.55992,0,All,#4682B4,0
8,18,10,4.696,4.696,3.82143,0,All,#4682B4,0
9,18,10,4.696,4.696,4.72322,0,All,#4682B4,0
10,18,10,4.696,4.696,4.22062,0,All,#4682B4,0
1,18,10.5,4.579,4.579,4.29076,0,All,#4682B4,0
2,18,10.5,4.579,4.579,4.12074,0,All,#4682B4,0
3,18,10.5,4.579,4.579,4.15869,0,All,#4682B4,0
4,18,10.5,4.579,4.579,4.2896,0,All,#4682B4,0
5,18,10.5,4.579,4.579,4.10246,0,All,#4682B4,0
6,18,10.5,4.579,4.579,4.43797,0,All,#4682B4,0
7,18,10.5,4.579,4.579,4.20896,0,All,#4682B4,0
8,18,10.5,4.579,4.579,3.49528,0,All,#4682B4,0
9,18,10.5,4.579,4.579,4.3106,0,All,#4682B4,0
10,18,10.5,4.579,4.579,3.9259,0,All,#4682B4,0
1,18,11,3.749,3.749,3.89863,0,All,#4682B4,0
2,18,11,3.749,3.749,3.84237,0,All,#4682B4,0
3,18,11,3.749,3.749,3.88353,0,All,#4682B4,0
4,18,11,3.749,3.749,3.92413,0,All,#4682B4,0
5,18,11,3.749,3.749,3.74576,0,All,#4682B4,0
6,18,11,3.749,3.749,3.90741,0,All,#4682B4,0
7,18,11,3.749,3.749,3.8733,0,All,#4682B4,0
8,18,11,3.749,3.749,3.23176,0,All,#4682B4,0
9,18,11,3.749,3.749,3.94011,0,All,#4682B4,0
10,18,11,3.749,3.749,3.67126,0,All,#4682B4,0
1,18,11.5,4.262,4.262,3.51405,0,All,#4682B4,0
2,18,11.5,4.262,4.262,3.58385,0,All,#4682B4,0
3,18,11.5,4.262,4.262,3.63129,0,All,#4682B4,0
4,18,11.5,4.262,4.262,3.56138,0,All,#4682B4,0
5,18,11.5,4.262,4.262,3.40556,0,All,#4682B4,0
6,18,11.5,4.262,4.262,3.4969,0,All,#4682B4,0
7,18,11.5,4.262,4.262,3.54735,0,All,#4682B4,0
8,18,11.5,4.262,4.262,2.99313,0,All,#4682B4,0
9,18,11.5,4.262,4.262,3.59455,0,All,#4682B4,0
10,18,11.5,4.262,4.262,3.43674,0,All,#4682B4,0
1,18,12,3.306,3.306,3.13435,0,All,#4682B4,0
2,18,12,3.306,3.306,3.33751,0,All,#4682B4,0
3,18,12,3.306,3.306,3.39225,0,All,#4682B4,0
4,18,12,3.306,3.306,3.1999,0,All,#4682B4,0
5,18,12,3.306,3.306,3.07367,0,All,#4682B4,0
6,18,12,3.306,3.306,3.18363,0,All,#4682B4,0
7,18,12,3.306,3.306,3.22552,0,All,#4682B4,0
8,18,12,3.306,3.306,2.76051,0,All,#4682B4,0
9,18,12,3.306,3.306,3.26378,0,All,#4682B4,0
10,18,12,3.306,3.306,3.215,0,All,#4682B4,0
1,18,12.5,3,0.71684,2.75738,1,All,#4682B4,0
2,18,12.5,3,2.34892,3.09651,1,All,#4682B4,0
3,18,12.5,3,2.53421,3.16193,1,All,#4682B4,0
4,18,12.5,3,1.06913,2.83956,1,All,#4682B4,0
5,18,12.5,3,2.29727,2.74622,1,All,#4682B4,0
6,18,12.5,3,2.42669,2.9334,1,All,#4682B4,0
7,18,12.5,3,2.58821,2.90627,1,All,#4682B4,0
8,18,12.5,3,2.79446,2.52723,1,All,#4682B4,0
9,18,12.5,3,1.94566,2.94057,1,All,#4682B4,0
10,18,12.5,3,2.69869,2.99886,1,All,#4682B4,0
1,18,13,3,1.66846,2.38215,1,All,#4682B4,0
2,18,13,3,2.28322,2.85984,1,All,#4682B4,0
3,18,13,3,2.7896,2.9374,1,All,#4682B4,0
4,18,13,3,0.628596,2.47917,1,All,#4682B4,0
5,18,13,3,1.68532,2.42121,1,All,#4682B4,0
6,18,13,3,1.99492,2.72382,1,All,#4682B4,0
7,18,13,3,2.21945,2.58844,1,All,#4682B4,0
8,18,13,3,2.05492,2.29071,1,All,#4682B4,0
9,18,13,3,2.607,2.62155,1,All,#4682B4,0
10,18,13,3,2.25927,2.78678,1,All,#4682B4,0
1,18,13.5,3,0.00478894,2.00805,1,All,#4682B4,0
2,18,13.5,3,2.26347,2.62386,1,All,#4682B4,0
3,18,13.5,3,2.18637,2.71553,1,All,#4682B4,0
4,18,13.5,3,1.75364,2.11944,1,All,#4682B4,0
5,18,13.5,3,2.79239,2.09754,1,All,#4682B4,0
6,18,13.5,3,2.19365,2.54054,1,All,#4682B4,0
7,18,13.5,3,1.90541,2.27134,1,All,#4682B4,0
8,18,13.5,3,0.464279,2.0503,1,All,#4682B4,0
9,18,13.5,3,2.48719,2.30469,1,All,#4682B4,0
10,18,13.5,3,1.94852,2.57636,1,All,#4682B4,0
1,18,14,3,0.721114,1.6349,1,All,#4682B4,0
2,18,14,3,1.49913,2.38944,1,All,#4682B4,0
3,18,14,3,1.61701,2.49594,1,All,#4682B4,0
4,18,14,3,1.41241,1.75949,1,All,#4682B4,0
5,18,14,3,0.618446,1.77401,1,All,#4682B4,0
6,18,14,3,1.81937,2.36808,1,All,#4682B4,0
7,18,14,3,1.92066,1.95469,1,All,#4682B4,0
8,18,14,3,1.29654,1.80603,1,All,#4682B4,0
9,18,14,3,2.4973,1.9895,1,All,#4682B4,0
10,18,14,3,2.94235,2.36785,1,All,#4682B4,0
1,18,14.5,3,0.599225,1.26213,1,All,#4682B4,0
2,18,14.5,3,1.71604,2.15525,1,All,#4682B4,0
3,18,14.5,3,1.81105,2.2773,1,All,#4682B4,0
4,18,14.5,3,1.97471,1.39981,1,All,#4682B4,0
5,18,14.5,3,2.46962,1.45119,1,All,#4682B4,0
6,18,14.5,3,2.05312,2.20537,1,All,#4682B4,0
7,18,14.5,3,0.497232,1.63827,1,All,#4682B4,0
8,18,14.5,3,2.78071,1.55795,1,All,#4682B4,0
9,18,14.5,3,2.65594,1.67547,1,All,#4682B4,0
10,18,14.5,3,2.64106,2.15984,1,All,#4682B4,0
1,18,15,3,1.4888,0.889249,1,All,#4682B4,0
2,18,15,3,2.70181,1.92069,1,All,#4682B4,0
3,18,15,3,2.77636,2.05954,1,All,#4682B4,0
4,18,15,3,0.920923,1.04025,1,All,#4682B4,0
5,18,15,3,1.8831,1.12866,1,All,#4682B4,0
6,18,15,3,0.994593,2.0447,1,All,#4682B4,0
7,18,15,3,1.98516,1.32191,1,All,#4682B4,0
8,18,15,3,1.28866,1.30656,1,All,#4682B4,0
9,18,15,3,1.67658,1.36157,1,All,#4682B4,0
10,18,15,3,2.08823,1.95232,1,All,#4682B4,0
