rep,ID,time,y2,y2_simBlq_simulated,indivPredSimulated,censored,split,color,filter
1,7,1,1.27,3.09409e-16,0,1,All,#4682B4,0
2,7,1,1.27,2.48077e-16,0,1,All,#4682B4,0
3,7,1,1.27,2.57655e-17,0,1,All,#4682B4,0
4,7,1,1.27,2.20475e-16,0,1,All,#4682B4,0
5,7,1,1.27,2.38573e-16,0,1,All,#4682B4,0
6,7,1,1.27,3.2648e-17,0,1,All,#4682B4,0
7,7,1,1.27,1.58738e-16,0,1,All,#4682B4,0
8,7,1,1.27,1.84159e-16,0,1,All,#4682B4,0
9,7,1,1.27,1.51783e-16,0,1,All,#4682B4,0
10,7,1,1.27,1.5587e-16,0,1,All,#4682B4,0
1,7,1.5,1.27,2.56823e-16,0,1,All,#4682B4,0
2,7,1.5,1.27,9.99832e-18,0,1,All,#4682B4,0
3,7,1.5,1.27,8.88892e-18,0,1,All,#4682B4,0
4,7,1.5,1.27,2.42611e-16,0,1,All,#4682B4,0
5,7,1.5,1.27,2.55309e-16,0,1,All,#4682B4,0
6,7,1.5,1.27,8.716e-17,0,1,All,#4682B4,0
7,7,1.5,1.27,7.31876e-17,0,1,All,#4682B4,0
8,7,1.5,1.27,9.74422e-17,0,1,All,#4682B4,0
9,7,1.5,1.27,1.15258e-16,0,1,All,#4682B4,0
10,7,1.5,1.27,1.89897e-16,0,1,All,#4682B4,0
1,7,2,1.27,1.25161e-16,0,1,All,#4682B4,0
2,7,2,1.27,2.56336e-17,0,1,All,#4682B4,0
3,7,2,1.27,8.56349e-17,0,1,All,#4682B4,0
4,7,2,1.27,1.52633e-16,0,1,All,#4682B4,0
5,7,2,1.27,1.18565e-16,0,1,All,#4682B4,0
6,7,2,1.27,1.22664e-16,0,1,All,#4682B4,0
7,7,2,1.27,3.8529e-16,0,1,All,#4682B4,0
8,7,2,1.27,9.50574e-17,0,1,All,#4682B4,0
9,7,2,1.27,1.20564e-16,0,1,All,#4682B4,0
10,7,2,1.27,3.84331e-16,0,1,All,#4682B4,0
1,7,2.5,1.27,2.28558e-16,0,1,All,#4682B4,0
2,7,2.5,1.27,1.94114e-16,0,1,All,#4682B4,0
3,7,2.5,1.27,3.20981e-17,0,1,All,#4682B4,0
4,7,2.5,1.27,2.14481e-16,0,1,All,#4682B4,0
5,7,2.5,1.27,3.59522e-17,0,1,All,#4682B4,0
6,7,2.5,1.27,4.27781e-16,0,1,All,#4682B4,0
7,7,2.5,1.27,8.84295e-17,0,1,All,#4682B4,0
8,7,2.5,1.27,9.52081e-17,0,1,All,#4682B4,0
9,7,2.5,1.27,3.31474e-16,0,1,All,#4682B4,0
10,7,2.5,1.27,2.10605e-16,0,1,All,#4682B4,0
1,7,3,1.27,2.30951e-16,0,1,All,#4682B4,0
2,7,3,1.27,1.77108e-16,0,1,All,#4682B4,0
3,7,3,1.27,1.39104e-18,0,1,All,#4682B4,0
4,7,3,1.27,1.29997e-16,0,1,All,#4682B4,0
5,7,3,1.27,1.66899e-17,0,1,All,#4682B4,0
6,7,3,1.27,2.07192e-16,0,1,All,#4682B4,0
7,7,3,1.27,1.75802e-17,0,1,All,#4682B4,0
8,7,3,1.27,3.42487e-17,0,1,All,#4682B4,0
9,7,3,1.27,9.56673e-17,0,1,All,#4682B4,0
10,7,3,1.27,1.77964e-16,0,1,All,#4682B4,0
1,7,3.5,1.27,1.39937e-16,0,1,All,#4682B4,0
2,7,3.5,1.27,2.26291e-16,0,1,All,#4682B4,0
3,7,3.5,1.27,1.52523e-16,0,1,All,#4682B4,0
4,7,3.5,1.27,8.52981e-18,0,1,All,#4682B4,0
5,7,3.5,1.27,1.97779e-16,0,1,All,#4682B4,0
6,7,3.5,1.27,2.97287e-16,0,1,All,#4682B4,0
7,7,3.5,1.27,5.05223e-16,0,1,All,#4682B4,0
8,7,3.5,1.27,2.79364e-16,0,1,All,#4682B4,0
9,7,3.5,1.27,4.82882e-17,0,1,All,#4682B4,0
10,7,3.5,1.27,5.54123e-17,0,1,All,#4682B4,0
1,7,4,1.27,9.90213e-17,0,1,All,#4682B4,0
2,7,4,1.27,1.17061e-16,0,1,All,#4682B4,0
3,7,4,1.27,0.0322071,0.029803,1,All,#4682B4,0
4,7,4,1.27,2.25982e-17,0,1,All,#4682B4,0
5,7,4,1.27,1.54881e-16,0,1,All,#4682B4,0
6,7,4,1.27,5.98674e-16,0,1,All,#4682B4,0
7,7,4,1.27,2.66993e-16,0,1,All,#4682B4,0
8,7,4,1.27,7.20983e-16,0,1,All,#4682B4,0
9,7,4,1.27,0.136286,0.185271,1,All,#4682B4,0
10,7,4,1.27,0.113229,0.0945125,1,All,#4682B4,0
1,7,4.5,1.27,1.01983e-16,0,1,All,#4682B4,0
2,7,4.5,1.27,0.916032,0.719621,1,All,#4682B4,0
3,7,4.5,1.27,0.664982,0.736185,1,All,#4682B4,0
4,7,4.5,1.27,0.164756,0.191892,1,All,#4682B4,0
5,7,4.5,1.27,0.0218908,0.0226312,1,All,#4682B4,0
6,7,4.5,1.27,0.00937971,0.0127258,1,All,#4682B4,0
7,7,4.5,1.27,0.119298,0.134671,1,All,#4682B4,0
8,7,4.5,1.27,0.505463,0.435537,1,All,#4682B4,0
9,7,4.5,1.27,1.05306,0.965208,1,All,#4682B4,0
10,7,4.5,1.27,0.680305,0.834661,1,All,#4682B4,0
1,7,5,1.27,0.300082,0.199938,1,All,#4682B4,0
2,7,5,1.27,0.89242,1.64964,1,All,#4682B4,0
3,7,5,1.27,1.16125,1.44161,1,All,#4682B4,0
4,7,5,1.27,1.13621,1.08393,1,All,#4682B4,0
5,7,5,1.27,1.11691,1.04405,1,All,#4682B4,0
6,7,5,1.27,0.942768,1.56328,1,All,#4682B4,0
7,7,5,1.27,1.04963,1.04765,1,All,#4682B4,0
8,7,5,1.27,1.18901,1.19376,1,All,#4682B4,0
9,7,5,1.27,0.449517,1.72433,1,All,#4682B4,0
10,7,5,1.27,0.527358,1.54649,1,All,#4682B4,0
1,7,5.5,2.76,2.76,1.80729,0,All,#4682B4,0
2,7,5.5,2.76,2.76,2.59111,0,All,#4682B4,0
3,7,5.5,2.76,2.76,2.11169,0,All,#4682B4,0
4,7,5.5,2.76,2.76,2.04261,0,All,#4682B4,0
5,7,5.5,2.76,2.76,2.18016,0,All,#4682B4,0
6,7,5.5,2.76,2.76,3.15442,0,All,#4682B4,0
7,7,5.5,2.76,2.76,2.02108,0,All,#4682B4,0
8,7,5.5,2.76,2.76,1.87871,0,All,#4682B4,0
9,7,5.5,2.76,2.76,2.4175,0,All,#4682B4,0
10,7,5.5,2.76,2.76,2.20395,0,All,#4682B4,0
1,7,6,3.67,3.67,3.49919,0,All,#4682B4,0
2,7,6,3.67,3.67,3.32128,0,All,#4682B4,0
3,7,6,3.67,3.67,2.62237,0,All,#4682B4,0
4,7,6,3.67,3.67,2.95355,0,All,#4682B4,0
5,7,6,3.67,3.67,3.22129,0,All,#4682B4,0
6,7,6,3.67,3.67,3.13813,0,All,#4682B4,0
7,7,6,3.67,3.67,2.76528,0,All,#4682B4,0
8,7,6,3.67,3.67,2.4177,0,All,#4682B4,0
9,7,6,3.67,3.67,2.89506,0,All,#4682B4,0
10,7,6,3.67,3.67,2.71267,0,All,#4682B4,0
1,7,6.5,2.88,2.88,3.59097,0,All,#4682B4,0
2,7,6.5,2.88,2.88,3.44872,0,All,#4682B4,0
3,7,6.5,2.88,2.88,2.79187,0,All,#4682B4,0
4,7,6.5,2.88,2.88,3.36947,0,All,#4682B4,0
5,7,6.5,2.88,2.88,3.48039,0,All,#4682B4,0
6,7,6.5,2.88,2.88,2.60393,0,All,#4682B4,0
7,7,6.5,2.88,2.88,2.85961,0,All,#4682B4,0
8,7,6.5,2.88,2.88,2.65732,0,All,#4682B4,0
9,7,6.5,2.88,2.88,3.02069,0,All,#4682B4,0
10,7,6.5,2.88,2.88,2.92323,0,All,#4682B4,0
1,7,7,2.18,2.18,3.19988,0,All,#4682B4,0
2,7,7,2.18,2.18,3.17307,0,All,#4682B4,0
3,7,7,2.18,2.18,2.64987,0,All,#4682B4,0
4,7,7,2.18,2.18,3.20439,0,All,#4682B4,0
5,7,7,2.18,2.18,3.27175,0,All,#4682B4,0
6,7,7,2.18,2.18,2.22833,0,All,#4682B4,0
7,7,7,2.18,2.18,2.61348,0,All,#4682B4,0
8,7,7,2.18,2.18,2.56856,0,All,#4682B4,0
9,7,7,2.18,2.18,2.9121,0,All,#4682B4,0
10,7,7,2.18,2.18,2.84785,0,All,#4682B4,0
1,7,7.5,3.67,3.67,2.8598,0,All,#4682B4,0
2,7,7.5,3.67,3.67,2.82059,0,All,#4682B4,0
3,7,7.5,3.67,3.67,2.39818,0,All,#4682B4,0
4,7,7.5,3.67,3.67,2.86901,0,All,#4682B4,0
5,7,7.5,3.67,3.67,3.0833,0,All,#4682B4,0
6,7,7.5,3.67,3.67,2.02614,0,All,#4682B4,0
7,7,7.5,3.67,3.67,2.35389,0,All,#4682B4,0
8,7,7.5,3.67,3.67,2.32653,0,All,#4682B4,0
9,7,7.5,3.67,3.67,2.701,0,All,#4682B4,0
10,7,7.5,3.67,3.67,2.64184,0,All,#4682B4,0
1,7,8,2.12,2.12,2.59809,0,All,#4682B4,0
2,7,8,2.12,2.12,2.52818,0,All,#4682B4,0
3,7,8,2.12,2.12,2.16957,0,All,#4682B4,0
4,7,8,2.12,2.12,2.57192,0,All,#4682B4,0
5,7,8,2.12,2.12,2.97401,0,All,#4682B4,0
6,7,8,2.12,2.12,1.94263,0,All,#4682B4,0
7,7,8,2.12,2.12,2.17639,0,All,#4682B4,0
8,7,8,2.12,2.12,2.08951,0,All,#4682B4,0
9,7,8,2.12,2.12,2.45735,0,All,#4682B4,0
10,7,8,2.12,2.12,2.42163,0,All,#4682B4,0
1,7,8.5,1.88,1.88,2.38191,0,All,#4682B4,0
2,7,8.5,1.88,1.88,2.32505,0,All,#4682B4,0
3,7,8.5,1.88,1.88,2.00835,0,All,#4682B4,0
4,7,8.5,1.88,1.88,2.36354,0,All,#4682B4,0
5,7,8.5,1.88,1.88,2.86133,0,All,#4682B4,0
6,7,8.5,1.88,1.88,1.91891,0,All,#4682B4,0
7,7,8.5,1.88,1.88,2.07981,0,All,#4682B4,0
8,7,8.5,1.88,1.88,1.91853,0,All,#4682B4,0
9,7,8.5,1.88,1.88,2.2117,0,All,#4682B4,0
10,7,8.5,1.88,1.88,2.2382,0,All,#4682B4,0
1,7,9,1.27,0.244612,2.18265,1,All,#4682B4,0
2,7,9,1.27,1.07821,2.20049,1,All,#4682B4,0
3,7,9,1.27,1.06468,1.91544,1,All,#4682B4,0
4,7,9,1.27,1.19789,2.18291,1,All,#4682B4,0
5,7,9,1.27,0.452594,2.67355,1,All,#4682B4,0
6,7,9,1.27,0.58618,1.9184,1,All,#4682B4,0
7,7,9,1.27,1.18528,1.99592,1,All,#4682B4,0
8,7,9,1.27,0.523488,1.81938,1,All,#4682B4,0
9,7,9,1.27,0.411545,1.97635,1,All,#4682B4,0
10,7,9,1.27,1.19624,2.05453,1,All,#4682B4,0
1,7,9.5,3.21,3.21,1.99394,0,All,#4682B4,0
2,7,9.5,3.21,3.21,2.06925,0,All,#4682B4,0
3,7,9.5,3.21,3.21,1.87936,0,All,#4682B4,0
4,7,9.5,3.21,3.21,2.00316,0,All,#4682B4,0
5,7,9.5,3.21,3.21,2.43364,0,All,#4682B4,0
6,7,9.5,3.21,3.21,1.92065,0,All,#4682B4,0
7,7,9.5,3.21,3.21,1.87667,0,All,#4682B4,0
8,7,9.5,3.21,3.21,1.78032,0,All,#4682B4,0
9,7,9.5,3.21,3.21,1.75428,0,All,#4682B4,0
10,7,9.5,3.21,3.21,1.84795,0,All,#4682B4,0
1,7,10,2.14,2.14,1.80156,0,All,#4682B4,0
2,7,10,2.14,2.14,1.90528,0,All,#4682B4,0
3,7,10,2.14,2.14,1.83368,0,All,#4682B4,0
4,7,10,2.14,2.14,1.81584,0,All,#4682B4,0
5,7,10,2.14,2.14,2.15224,0,All,#4682B4,0
6,7,10,2.14,2.14,1.829,0,All,#4682B4,0
7,7,10,2.14,2.14,1.72079,0,All,#4682B4,0
8,7,10,2.14,2.14,1.78634,0,All,#4682B4,0
9,7,10,2.14,2.14,1.54292,0,All,#4682B4,0
10,7,10,2.14,2.14,1.61823,0,All,#4682B4,0
1,7,10.5,1.67,1.67,1.60573,0,All,#4682B4,0
2,7,10.5,1.67,1.67,1.69809,0,All,#4682B4,0
3,7,10.5,1.67,1.67,1.72036,0,All,#4682B4,0
4,7,10.5,1.67,1.67,1.60903,0,All,#4682B4,0
5,7,10.5,1.67,1.67,1.83087,0,All,#4682B4,0
6,7,10.5,1.67,1.67,1.63034,0,All,#4682B4,0
7,7,10.5,1.67,1.67,1.52629,0,All,#4682B4,0
8,7,10.5,1.67,1.67,1.80363,0,All,#4682B4,0
9,7,10.5,1.67,1.67,1.33368,0,All,#4682B4,0
10,7,10.5,1.67,1.67,1.36127,0,All,#4682B4,0
1,7,11,1.27,0.662426,1.39776,1,All,#4682B4,0
2,7,11,1.27,0.165951,1.44086,1,All,#4682B4,0
3,7,11,1.27,0.932847,1.53694,1,All,#4682B4,0
4,7,11,1.27,1.26738,1.3758,1,All,#4682B4,0
5,7,11,1.27,1.15797,1.45422,1,All,#4682B4,0
6,7,11,1.27,1.07332,1.34987,1,All,#4682B4,0
7,7,11,1.27,0.856581,1.29174,1,All,#4682B4,0
8,7,11,1.27,1.23776,1.68275,1,All,#4682B4,0
9,7,11,1.27,0.345355,1.11728,1,All,#4682B4,0
10,7,11,1.27,0.96114,1.07111,1,All,#4682B4,0
1,7,11.5,1.27,0.705714,1.1872,1,All,#4682B4,0
2,7,11.5,1.27,1.11541,1.11885,1,All,#4682B4,0
3,7,11.5,1.27,0.659452,1.28193,1,All,#4682B4,0
4,7,11.5,1.27,0.860105,1.10769,1,All,#4682B4,0
5,7,11.5,1.27,0.673401,1.00686,1,All,#4682B4,0
6,7,11.5,1.27,0.659887,0.999144,1,All,#4682B4,0
7,7,11.5,1.27,0.971317,1.01503,1,All,#4682B4,0
8,7,11.5,1.27,1.228,1.4215,1,All,#4682B4,0
9,7,11.5,1.27,0.216166,0.888772,1,All,#4682B4,0
10,7,11.5,1.27,0.887447,0.742187,1,All,#4682B4,0
1,7,12,1.27,1.23302,0.881886,1,All,#4682B4,0
2,7,12,1.27,0.814623,0.735787,1,All,#4682B4,0
3,7,12,1.27,0.837584,0.957977,1,All,#4682B4,0
4,7,12,1.27,0.607054,0.794303,1,All,#4682B4,0
5,7,12,1.27,0.828537,0.479495,1,All,#4682B4,0
6,7,12,1.27,0.520344,0.579826,1,All,#4682B4,0
7,7,12,1.27,1.0327,0.686743,1,All,#4682B4,0
8,7,12,1.27,1.14641,1.04175,1,All,#4682B4,0
9,7,12,1.27,0.620691,0.641644,1,All,#4682B4,0
10,7,12,1.27,0.464712,0.370718,1,All,#4682B4,0
1,7,12.5,1.27,0.213324,0.381139,1,All,#4682B4,0
2,7,12.5,1.27,0.423491,0.285348,1,All,#4682B4,0
3,7,12.5,1.27,0.691992,0.566409,1,All,#4682B4,0
4,7,12.5,1.27,0.599462,0.428158,1,All,#4682B4,0
5,7,12.5,1.27,6.52141e-17,0,1,All,#4682B4,0
6,7,12.5,1.27,0.135563,0.0880151,1,All,#4682B4,0
7,7,12.5,1.27,0.288676,0.300737,1,All,#4682B4,0
8,7,12.5,1.27,0.561804,0.562988,1,All,#4682B4,0
9,7,12.5,1.27,0.574729,0.370308,1,All,#4682B4,0
10,7,12.5,1.27,8.2949e-17,0,1,All,#4682B4,0
1,7,13,1.27,2.66047e-17,0,1,All,#4682B4,0
2,7,13,1.27,3.89471e-16,0,1,All,#4682B4,0
3,7,13,1.27,0.0886835,0.105843,1,All,#4682B4,0
4,7,13,1.27,0.00213378,0.00236725,1,All,#4682B4,0
5,7,13,1.27,2.26065e-16,0,1,All,#4682B4,0
6,7,13,1.27,4.01195e-17,0,1,All,#4682B4,0
7,7,13,1.27,1.01599e-17,0,1,All,#4682B4,0
8,7,13,1.27,0.00150733,0.0031205,1,All,#4682B4,0
9,7,13,1.27,0.100586,0.0693614,1,All,#4682B4,0
10,7,13,1.27,4.29539e-17,0,1,All,#4682B4,0
1,7,13.5,1.27,1.04231e-16,0,1,All,#4682B4,0
2,7,13.5,1.27,1.44328e-16,0,1,All,#4682B4,0
3,7,13.5,1.27,6.47669e-17,0,1,All,#4682B4,0
4,7,13.5,1.27,4.92128e-16,0,1,All,#4682B4,0
5,7,13.5,1.27,3.23684e-17,0,1,All,#4682B4,0
6,7,13.5,1.27,3.71507e-16,0,1,All,#4682B4,0
7,7,13.5,1.27,8.04529e-17,0,1,All,#4682B4,0
8,7,13.5,1.27,4.63329e-16,0,1,All,#4682B4,0
9,7,13.5,1.27,8.74751e-17,0,1,All,#4682B4,0
10,7,13.5,1.27,6.79499e-17,0,1,All,#4682B4,0
1,7,14,1.27,4.05658e-16,0,1,All,#4682B4,0
2,7,14,1.27,3.13083e-16,0,1,All,#4682B4,0
3,7,14,1.27,1.00657e-16,0,1,All,#4682B4,0
4,7,14,1.27,3.0286e-17,0,1,All,#4682B4,0
5,7,14,1.27,2.86283e-16,0,1,All,#4682B4,0
6,7,14,1.27,3.67064e-16,0,1,All,#4682B4,0
7,7,14,1.27,3.78508e-16,0,1,All,#4682B4,0
8,7,14,1.27,1.72503e-16,0,1,All,#4682B4,0
9,7,14,1.27,9.86303e-17,0,1,All,#4682B4,0
10,7,14,1.27,8.60964e-17,0,1,All,#4682B4,0
1,7,14.5,1.27,2.38856e-16,0,1,All,#4682B4,0
2,7,14.5,1.27,9.1671e-17,0,1,All,#4682B4,0
3,7,14.5,1.27,1.75243e-16,0,1,All,#4682B4,0
4,7,14.5,1.27,2.77808e-16,0,1,All,#4682B4,0
5,7,14.5,1.27,3.83143e-16,0,1,All,#4682B4,0
6,7,14.5,1.27,2.87332e-16,0,1,All,#4682B4,0
7,7,14.5,1.27,6.77882e-17,0,1,All,#4682B4,0
8,7,14.5,1.27,5.38986e-17,0,1,All,#4682B4,0
9,7,14.5,1.27,7.50825e-17,0,1,All,#4682B4,0
10,7,14.5,1.27,1.62772e-16,0,1,All,#4682B4,0
1,7,15,1.27,6.28207e-17,0,1,All,#4682B4,0
2,7,15,1.27,3.9025e-17,0,1,All,#4682B4,0
3,7,15,1.27,8.43842e-18,0,1,All,#4682B4,0
4,7,15,1.27,1.31702e-18,0,1,All,#4682B4,0
5,7,15,1.27,4.06255e-16,0,1,All,#4682B4,0
6,7,15,1.27,1.7545e-16,0,1,All,#4682B4,0
7,7,15,1.27,2.09133e-17,0,1,All,#4682B4,0
8,7,15,1.27,2.41582e-16,0,1,All,#4682B4,0
9,7,15,1.27,2.24275e-17,0,1,All,#4682B4,0
10,7,15,1.27,2.11042e-16,0,1,All,#4682B4,0
1,7,15.5,1.27,2.53601e-16,0,1,All,#4682B4,0
2,7,15.5,1.27,5.91859e-17,0,1,All,#4682B4,0
3,7,15.5,1.27,4.80752e-16,0,1,All,#4682B4,0
4,7,15.5,1.27,2.39427e-16,0,1,All,#4682B4,0
5,7,15.5,1.27,2.94844e-16,0,1,All,#4682B4,0
6,7,15.5,1.27,9.37319e-17,0,1,All,#4682B4,0
7,7,15.5,1.27,1.01999e-16,0,1,All,#4682B4,0
8,7,15.5,1.27,7.19845e-17,0,1,All,#4682B4,0
9,7,15.5,1.27,8.04852e-17,0,1,All,#4682B4,0
10,7,15.5,1.27,9.9105e-17,0,1,All,#4682B4,0
1,7,16,1.27,1.30218e-16,0,1,All,#4682B4,0
2,7,16,1.27,3.83209e-16,0,1,All,#4682B4,0
3,7,16,1.27,6.8749e-16,0,1,All,#4682B4,0
4,7,16,1.27,2.42341e-16,0,1,All,#4682B4,0
5,7,16,1.27,5.37673e-19,0,1,All,#4682B4,0
6,7,16,1.27,3.83258e-17,0,1,All,#4682B4,0
7,7,16,1.27,2.10257e-16,0,1,All,#4682B4,0
8,7,16,1.27,2.60029e-17,0,1,All,#4682B4,0
9,7,16,1.27,2.10597e-16,0,1,All,#4682B4,0
10,7,16,1.27,7.53372e-17,0,1,All,#4682B4,0
1,8,1,1.27,2.77667e-16,0,1,All,#4682B4,0
2,8,1,1.27,1.77516e-16,0,1,All,#4682B4,0
3,8,1,1.27,6.28412e-17,0,1,All,#4682B4,0
4,8,1,1.27,1.65486e-16,0,1,All,#4682B4,0
5,8,1,1.27,2.78103e-16,0,1,All,#4682B4,0
6,8,1,1.27,2.71326e-16,0,1,All,#4682B4,0
7,8,1,1.27,3.06449e-18,0,1,All,#4682B4,0
8,8,1,1.27,3.24351e-16,0,1,All,#4682B4,0
9,8,1,1.27,7.48637e-17,0,1,All,#4682B4,0
10,8,1,1.27,8.66831e-17,0,1,All,#4682B4,0
1,8,1.5,1.27,3.85525e-17,0,1,All,#4682B4,0
2,8,1.5,1.27,1.45548e-16,0,1,All,#4682B4,0
3,8,1.5,1.27,5.09237e-16,0,1,All,#4682B4,0
4,8,1.5,1.27,1.42613e-17,0,1,All,#4682B4,0
5,8,1.5,1.27,4.85918e-17,0,1,All,#4682B4,0
6,8,1.5,1.27,1.24155e-16,0,1,All,#4682B4,0
7,8,1.5,1.27,2.78337e-16,0,1,All,#4682B4,0
8,8,1.5,1.27,5.23071e-16,0,1,All,#4682B4,0
9,8,1.5,1.27,3.51576e-16,0,1,All,#4682B4,0
10,8,1.5,1.27,1.22836e-16,0,1,All,#4682B4,0
1,8,2,1.27,9.16602e-17,0,1,All,#4682B4,0
2,8,2,1.27,2.50096e-16,0,1,All,#4682B4,0
3,8,2,1.27,5.04308e-17,0,1,All,#4682B4,0
4,8,2,1.27,1.42816e-16,0,1,All,#4682B4,0
5,8,2,1.27,1.04257e-16,0,1,All,#4682B4,0
6,8,2,1.27,4.45044e-17,0,1,All,#4682B4,0
7,8,2,1.27,6.07681e-17,0,1,All,#4682B4,0
8,8,2,1.27,3.2506e-16,0,1,All,#4682B4,0
9,8,2,1.27,9.2441e-17,0,1,All,#4682B4,0
10,8,2,1.27,8.93124e-17,0,1,All,#4682B4,0
1,8,2.5,1.27,1.59416e-16,0,1,All,#4682B4,0
2,8,2.5,1.27,0.819817,0.580798,1,All,#4682B4,0
3,8,2.5,1.27,4.73881e-17,0,1,All,#4682B4,0
4,8,2.5,1.27,3.81281e-16,0,1,All,#4682B4,0
5,8,2.5,1.27,2.33282e-16,0,1,All,#4682B4,0
6,8,2.5,1.27,3.58464e-16,0,1,All,#4682B4,0
7,8,2.5,1.27,1.23152e-17,0,1,All,#4682B4,0
8,8,2.5,1.27,1.69468e-16,0,1,All,#4682B4,0
9,8,2.5,1.27,1.86503e-17,0,1,All,#4682B4,0
10,8,2.5,1.27,1.02556e-16,0,1,All,#4682B4,0
1,8,3,1.86,1.86,1.52015,0,All,#4682B4,0
2,8,3,1.86,1.86,2.3743,0,All,#4682B4,0
3,8,3,1.86,1.86,1.54713,0,All,#4682B4,0
4,8,3,1.86,1.86,1.72655,0,All,#4682B4,0
5,8,3,1.86,1.86,1.64333,0,All,#4682B4,0
6,8,3,1.86,1.86,1.72749,0,All,#4682B4,0
7,8,3,1.86,1.86,1.88747,0,All,#4682B4,0
8,8,3,1.86,1.86,1.43468,0,All,#4682B4,0
9,8,3,1.86,1.86,1.37272,0,All,#4682B4,0
10,8,3,1.86,1.86,2.04655,0,All,#4682B4,0
1,8,3.5,1.27,1.23061,2.28481,1,All,#4682B4,0
2,8,3.5,1.27,1.13568,2.73479,1,All,#4682B4,0
3,8,3.5,1.27,1.04447,2.49728,1,All,#4682B4,0
4,8,3.5,1.27,0.0024047,2.53071,1,All,#4682B4,0
5,8,3.5,1.27,1.134,2.26593,1,All,#4682B4,0
6,8,3.5,1.27,0.987346,2.35556,1,All,#4682B4,0
7,8,3.5,1.27,0.293677,2.50661,1,All,#4682B4,0
8,8,3.5,1.27,0.359847,2.23931,1,All,#4682B4,0
9,8,3.5,1.27,1.22692,2.51328,1,All,#4682B4,0
10,8,3.5,1.27,0.733451,2.48222,1,All,#4682B4,0
1,8,4,3.59,3.59,2.61696,0,All,#4682B4,0
2,8,4,3.59,3.59,2.87277,0,All,#4682B4,0
3,8,4,3.59,3.59,2.76004,0,All,#4682B4,0
4,8,4,3.59,3.59,2.87723,0,All,#4682B4,0
5,8,4,3.59,3.59,2.52046,0,All,#4682B4,0
6,8,4,3.59,3.59,2.64062,0,All,#4682B4,0
7,8,4,3.59,3.59,2.80246,0,All,#4682B4,0
8,8,4,3.59,3.59,2.52223,0,All,#4682B4,0
9,8,4,3.59,3.59,2.94524,0,All,#4682B4,0
10,8,4,3.59,3.59,2.63161,0,All,#4682B4,0
1,8,4.5,1.27,0.914981,2.7606,1,All,#4682B4,0
2,8,4.5,1.27,1.00566,2.90715,1,All,#4682B4,0
3,8,4.5,1.27,1.16577,2.80298,1,All,#4682B4,0
4,8,4.5,1.27,0.954352,3.02753,1,All,#4682B4,0
5,8,4.5,1.27,1.01085,2.64069,1,All,#4682B4,0
6,8,4.5,1.27,1.12171,2.78209,1,All,#4682B4,0
7,8,4.5,1.27,1.07582,2.93346,1,All,#4682B4,0
8,8,4.5,1.27,0.424326,2.62269,1,All,#4682B4,0
9,8,4.5,1.27,0.386533,3.11938,1,All,#4682B4,0
10,8,4.5,1.27,0.466984,2.64874,1,All,#4682B4,0
1,8,5,3.93,3.93,2.79198,0,All,#4682B4,0
2,8,5,3.93,3.93,2.89822,0,All,#4682B4,0
3,8,5,3.93,3.93,2.76835,0,All,#4682B4,0
4,8,5,3.93,3.93,3.06198,0,All,#4682B4,0
5,8,5,3.93,3.93,2.68249,0,All,#4682B4,0
6,8,5,3.93,3.93,2.83678,0,All,#4682B4,0
7,8,5,3.93,3.93,2.96436,0,All,#4682B4,0
8,8,5,3.93,3.93,2.63165,0,All,#4682B4,0
9,8,5,3.93,3.93,3.1474,0,All,#4682B4,0
10,8,5,3.93,3.93,2.61174,0,All,#4682B4,0
1,8,5.5,1.27,1.26065,2.76499,1,All,#4682B4,0
2,8,5.5,1.27,0.134063,2.87424,1,All,#4682B4,0
3,8,5.5,1.27,0.76669,2.71338,1,All,#4682B4,0
4,8,5.5,1.27,1.18216,3.03755,1,All,#4682B4,0
5,8,5.5,1.27,1.21241,2.67881,1,All,#4682B4,0
6,8,5.5,1.27,0.539908,2.84013,1,All,#4682B4,0
7,8,5.5,1.27,0.622514,2.94236,1,All,#4682B4,0
8,8,5.5,1.27,0.886893,2.60252,1,All,#4682B4,0
9,8,5.5,1.27,1.08063,3.10097,1,All,#4682B4,0
10,8,5.5,1.27,0.140192,2.55714,1,All,#4682B4,0
1,8,6,3.98,3.98,2.71043,0,All,#4682B4,0
2,8,6,3.98,3.98,2.84027,0,All,#4682B4,0
3,8,6,3.98,3.98,2.65368,0,All,#4682B4,0
4,8,6,3.98,3.98,2.98598,0,All,#4682B4,0
5,8,6,3.98,3.98,2.65017,0,All,#4682B4,0
6,8,6,3.98,3.98,2.81582,0,All,#4682B4,0
7,8,6,3.98,3.98,2.89176,0,All,#4682B4,0
8,8,6,3.98,3.98,2.56044,0,All,#4682B4,0
9,8,6,3.98,3.98,3.02034,0,All,#4682B4,0
10,8,6,3.98,3.98,2.49729,0,All,#4682B4,0
1,8,6.5,1.27,0.598624,2.64067,1,All,#4682B4,0
2,8,6.5,1.27,0.423272,2.79675,1,All,#4682B4,0
3,8,6.5,1.27,0.709388,2.59295,1,All,#4682B4,0
4,8,6.5,1.27,0.828027,2.91914,1,All,#4682B4,0
5,8,6.5,1.27,1.03108,2.60571,1,All,#4682B4,0
6,8,6.5,1.27,0.989149,2.77544,1,All,#4682B4,0
7,8,6.5,1.27,0.438553,2.82314,1,All,#4682B4,0
8,8,6.5,1.27,1.14895,2.51392,1,All,#4682B4,0
9,8,6.5,1.27,0.950111,2.92115,1,All,#4682B4,0
10,8,6.5,1.27,1.19232,2.43593,1,All,#4682B4,0
1,8,7,3.92,3.92,2.55944,0,All,#4682B4,0
2,8,7,3.92,3.92,2.74234,0,All,#4682B4,0
3,8,7,3.92,3.92,2.53199,0,All,#4682B4,0
4,8,7,3.92,3.92,2.84006,0,All,#4682B4,0
5,8,7,3.92,3.92,2.54821,0,All,#4682B4,0
6,8,7,3.92,3.92,2.72281,0,All,#4682B4,0
7,8,7,3.92,3.92,2.73961,0,All,#4682B4,0
8,8,7,3.92,3.92,2.45878,0,All,#4682B4,0
9,8,7,3.92,3.92,2.80822,0,All,#4682B4,0
10,8,7,3.92,3.92,2.37306,0,All,#4682B4,0
1,8,7.5,2.88,2.88,2.46728,0,All,#4682B4,0
2,8,7.5,2.88,2.88,2.67469,0,All,#4682B4,0
3,8,7.5,2.88,2.88,2.46481,0,All,#4682B4,0
4,8,7.5,2.88,2.88,2.74867,0,All,#4682B4,0
5,8,7.5,2.88,2.88,2.47741,0,All,#4682B4,0
6,8,7.5,2.88,2.88,2.65825,0,All,#4682B4,0
7,8,7.5,2.88,2.88,2.64088,0,All,#4682B4,0
8,8,7.5,2.88,2.88,2.39059,0,All,#4682B4,0
9,8,7.5,2.88,2.88,2.6825,0,All,#4682B4,0
10,8,7.5,2.88,2.88,2.29941,0,All,#4682B4,0
1,8,8,3.45,3.45,2.36365,0,All,#4682B4,0
2,8,8,3.45,3.45,2.59072,0,All,#4682B4,0
3,8,8,3.45,3.45,2.38195,0,All,#4682B4,0
4,8,8,3.45,3.45,2.64382,0,All,#4682B4,0
5,8,8,3.45,3.45,2.39163,0,All,#4682B4,0
6,8,8,3.45,3.45,2.58054,0,All,#4682B4,0
7,8,8,3.45,3.45,2.52538,0,All,#4682B4,0
8,8,8,3.45,3.45,2.30673,0,All,#4682B4,0
9,8,8,3.45,3.45,2.54372,0,All,#4682B4,0
10,8,8,3.45,3.45,2.20998,0,All,#4682B4,0
1,8,8.5,2.19,2.19,2.24757,0,All,#4682B4,0
2,8,8.5,2.19,2.19,2.48664,0,All,#4682B4,0
3,8,8.5,2.19,2.19,2.27949,0,All,#4682B4,0
4,8,8.5,2.19,2.19,2.52397,0,All,#4682B4,0
5,8,8.5,2.19,2.19,2.28836,0,All,#4682B4,0
6,8,8.5,2.19,2.19,2.48767,0,All,#4682B4,0
7,8,8.5,2.19,2.19,2.39097,0,All,#4682B4,0
8,8,8.5,2.19,2.19,2.2039,0,All,#4682B4,0
9,8,8.5,2.19,2.19,2.39108,0,All,#4682B4,0
10,8,8.5,2.19,2.19,2.1015,0,All,#4682B4,0
1,8,9,1.75,1.75,2.11791,0,All,#4682B4,0
2,8,9,1.75,1.75,2.358,0,All,#4682B4,0
3,8,9,1.75,1.75,2.15311,0,All,#4682B4,0
4,8,9,1.75,1.75,2.3874,0,All,#4682B4,0
5,8,9,1.75,1.75,2.16459,0,All,#4682B4,0
6,8,9,1.75,1.75,2.37712,0,All,#4682B4,0
7,8,9,1.75,1.75,2.2354,0,All,#4682B4,0
8,8,9,1.75,1.75,2.0781,0,All,#4682B4,0
9,8,9,1.75,1.75,2.22389,0,All,#4682B4,0
10,8,9,1.75,1.75,1.97059,0,All,#4682B4,0
1,8,9.5,2.19,2.19,1.97355,0,All,#4682B4,0
2,8,9.5,2.19,2.19,2.19999,0,All,#4682B4,0
3,8,9.5,2.19,2.19,1.9979,0,All,#4682B4,0
4,8,9.5,2.19,2.19,2.23248,0,All,#4682B4,0
5,8,9.5,2.19,2.19,2.01704,0,All,#4682B4,0
6,8,9.5,2.19,2.19,2.24597,0,All,#4682B4,0
7,8,9.5,2.19,2.19,2.05684,0,All,#4682B4,0
8,8,9.5,2.19,2.19,1.92492,0,All,#4682B4,0
9,8,9.5,2.19,2.19,2.04169,0,All,#4682B4,0
10,8,9.5,2.19,2.19,1.8145,0,All,#4682B4,0
1,8,10,1.27,1.18266,1.8136,1,All,#4682B4,0
2,8,10,1.27,1.10373,2.00605,1,All,#4682B4,0
3,8,10,1.27,0.411793,1.80919,1,All,#4682B4,0
4,8,10,1.27,0.749776,2.0581,1,All,#4682B4,0
5,8,10,1.27,0.722597,1.84206,1,All,#4682B4,0
6,8,10,1.27,0.749283,2.09118,1,All,#4682B4,0
7,8,10,1.27,1.10579,1.85505,1,All,#4682B4,0
8,8,10,1.27,1.12385,1.74077,1,All,#4682B4,0
9,8,10,1.27,0.808209,1.84529,1,All,#4682B4,0
10,8,10,1.27,1.14222,1.63157,1,All,#4682B4,0
1,8,10.5,1.27,0.723918,1.63803,1,All,#4682B4,0
2,8,10.5,1.27,1.04326,1.77688,1,All,#4682B4,0
3,8,10.5,1.27,0.382229,1.58589,1,All,#4682B4,0
4,8,10.5,1.27,0.933936,1.86459,1,All,#4682B4,0
5,8,10.5,1.27,1.19119,1.63946,1,All,#4682B4,0
6,8,10.5,1.27,1.24613,1.91026,1,All,#4682B4,0
7,8,10.5,1.27,1.22481,1.63098,1,All,#4682B4,0
8,8,10.5,1.27,0.183929,1.52139,1,All,#4682B4,0
9,8,10.5,1.27,1.0438,1.63594,1,All,#4682B4,0
10,8,10.5,1.27,1.10606,1.42647,1,All,#4682B4,0
1,8,11,1.27,1.09738,1.44874,1,All,#4682B4,0
2,8,11,1.27,1.03712,1.52407,1,All,#4682B4,0
3,8,11,1.27,0.72007,1.33505,1,All,#4682B4,0
4,8,11,1.27,0.647568,1.65615,1,All,#4682B4,0
5,8,11,1.27,1.25839,1.41029,1,All,#4682B4,0
6,8,11,1.27,1.08196,1.70259,1,All,#4682B4,0
7,8,11,1.27,1.19797,1.39556,1,All,#4682B4,0
8,8,11,1.27,0.841447,1.26863,1,All,#4682B4,0
9,8,11,1.27,1.10448,1.41904,1,All,#4682B4,0
10,8,11,1.27,0.242642,1.21751,1,All,#4682B4,0
1,8,11.5,1.27,1.17859,1.24944,1,All,#4682B4,0
2,8,11.5,1.27,1.23774,1.29267,1,All,#4682B4,0
3,8,11.5,1.27,0.254015,1.09531,1,All,#4682B4,0
4,8,11.5,1.27,1.18945,1.44087,1,All,#4682B4,0
5,8,11.5,1.27,0.276259,1.17475,1,All,#4682B4,0
6,8,11.5,1.27,0.212368,1.47352,1,All,#4682B4,0
7,8,11.5,1.27,0.636287,1.16733,1,All,#4682B4,0
8,8,11.5,1.27,1.11599,1.01167,1,All,#4682B4,0
9,8,11.5,1.27,1.13194,1.19889,1,All,#4682B4,0
10,8,11.5,1.27,0.59732,1.03727,1,All,#4682B4,0
1,8,12,1.27,0.807047,1.04828,1,All,#4682B4,0
2,8,12,1.27,0.891894,1.13384,1,All,#4682B4,0
3,8,12,1.27,0.414084,0.911179,1,All,#4682B4,0
4,8,12,1.27,0.685269,1.23537,1,All,#4682B4,0
5,8,12,1.27,0.415059,0.968772,1,All,#4682B4,0
6,8,12,1.27,0.644504,1.23973,1,All,#4682B4,0
7,8,12,1.27,0.774328,0.969638,1,All,#4682B4,0
8,8,12,1.27,0.876768,0.796624,1,All,#4682B4,0
9,8,12,1.27,1.04297,0.991081,1,All,#4682B4,0
10,8,12,1.27,0.540877,0.907712,1,All,#4682B4,0
1,8,12.5,1.27,0.856619,0.859664,1,All,#4682B4,0
2,8,12.5,1.27,1.07701,1.03497,1,All,#4682B4,0
3,8,12.5,1.27,0.406254,0.789421,1,All,#4682B4,0
4,8,12.5,1.27,1.16407,1.0582,1,All,#4682B4,0
5,8,12.5,1.27,0.678166,0.814808,1,All,#4682B4,0
6,8,12.5,1.27,0.917821,1.03253,1,All,#4682B4,0
7,8,12.5,1.27,0.755274,0.811802,1,All,#4682B4,0
8,8,12.5,1.27,0.545913,0.649598,1,All,#4682B4,0
9,8,12.5,1.27,0.842925,0.808831,1,All,#4682B4,0
10,8,12.5,1.27,1.0912,0.819497,1,All,#4682B4,0
1,8,13,1.27,0.797471,0.69769,1,All,#4682B4,0
2,8,13,1.27,0.749828,0.968779,1,All,#4682B4,0
3,8,13,1.27,0.601748,0.70759,1,All,#4682B4,0
4,8,13,1.27,0.934672,0.919878,1,All,#4682B4,0
5,8,13,1.27,1.07905,0.70861,1,All,#4682B4,0
6,8,13,1.27,0.895626,0.873105,1,All,#4682B4,0
7,8,13,1.27,0.210175,0.694578,1,All,#4682B4,0
8,8,13,1.27,0.47194,0.550972,1,All,#4682B4,0
9,8,13,1.27,0.800453,0.660402,1,All,#4682B4,0
10,8,13,1.27,0.718355,0.756254,1,All,#4682B4,0
1,8,13.5,1.27,0.193208,0.569646,1,All,#4682B4,0
2,8,13.5,1.27,0.830659,0.918661,1,All,#4682B4,0
3,8,13.5,1.27,0.965644,0.646609,1,All,#4682B4,0
4,8,13.5,1.27,0.821905,0.817197,1,All,#4682B4,0
5,8,13.5,1.27,0.448216,0.631153,1,All,#4682B4,0
6,8,13.5,1.27,0.75997,0.760179,1,All,#4682B4,0
7,8,13.5,1.27,0.470732,0.606205,1,All,#4682B4,0
8,8,13.5,1.27,0.847458,0.481042,1,All,#4682B4,0
9,8,13.5,1.27,0.663267,0.545076,1,All,#4682B4,0
10,8,13.5,1.27,0.775026,0.706175,1,All,#4682B4,0
1,8,14,1.27,0.219801,0.473608,1,All,#4682B4,0
2,8,14,1.27,0.40235,0.874613,1,All,#4682B4,0
3,8,14,1.27,0.162334,0.595206,1,All,#4682B4,0
4,8,14,1.27,0.976577,0.742114,1,All,#4682B4,0
5,8,14,1.27,0.538686,0.570396,1,All,#4682B4,0
6,8,14,1.27,0.814355,0.678187,1,All,#4682B4,0
7,8,14,1.27,0.519154,0.537024,1,All,#4682B4,0
8,8,14,1.27,0.58724,0.425605,1,All,#4682B4,0
9,8,14,1.27,0.344589,0.459289,1,All,#4682B4,0
10,8,14,1.27,1.14636,0.661494,1,All,#4682B4,0
1,8,14.5,1.27,0.378542,0.402391,1,All,#4682B4,0
2,8,14.5,1.27,1.16742,0.832531,1,All,#4682B4,0
3,8,14.5,1.27,0.558585,0.54723,1,All,#4682B4,0
4,8,14.5,1.27,0.644885,0.68511,1,All,#4682B4,0
5,8,14.5,1.27,0.773415,0.518079,1,All,#4682B4,0
6,8,14.5,1.27,0.531849,0.61507,1,All,#4682B4,0
7,8,14.5,1.27,0.593965,0.479373,1,All,#4682B4,0
8,8,14.5,1.27,0.383091,0.376495,1,All,#4682B4,0
9,8,14.5,1.27,0.0301685,0.394439,1,All,#4682B4,0
10,8,14.5,1.27,0.514993,0.61886,1,All,#4682B4,0
1,8,15,1.27,0.351611,0.348444,1,All,#4682B4,0
2,8,15,1.27,0.413911,0.790032,1,All,#4682B4,0
3,8,15,1.27,0.478391,0.500076,1,All,#4682B4,0
4,8,15,1.27,0.516116,0.638871,1,All,#4682B4,0
5,8,15,1.27,0.324004,0.469623,1,All,#4682B4,0
6,8,15,1.27,0.328564,0.562452,1,All,#4682B4,0
7,8,15,1.27,0.272853,0.427648,1,All,#4682B4,0
8,8,15,1.27,0.224074,0.329874,1,All,#4682B4,0
9,8,15,1.27,0.477848,0.344108,1,All,#4682B4,0
10,8,15,1.27,0.727482,0.57645,1,All,#4682B4,0
1,8,15.5,1.27,0.48584,0.305439,1,All,#4682B4,0
2,8,15.5,1.27,0.731308,0.747232,1,All,#4682B4,0
3,8,15.5,1.27,0.42887,0.452546,1,All,#4682B4,0
4,8,15.5,1.27,0.723013,0.598388,1,All,#4682B4,0
5,8,15.5,1.27,0.229752,0.422984,1,All,#4682B4,0
6,8,15.5,1.27,0.418504,0.513097,1,All,#4682B4,0
7,8,15.5,1.27,0.550041,0.379416,1,All,#4682B4,0
8,8,15.5,1.27,0.309778,0.282713,1,All,#4682B4,0
9,8,15.5,1.27,0.217651,0.303161,1,All,#4682B4,0
10,8,15.5,1.27,0.514082,0.533812,1,All,#4682B4,0
1,8,16,1.27,0.199428,0.268928,1,All,#4682B4,0
2,8,16,1.27,0.620244,0.703342,1,All,#4682B4,0
3,8,16,1.27,0.284159,0.404159,1,All,#4682B4,0
4,8,16,1.27,0.863254,0.560626,1,All,#4682B4,0
5,8,16,1.27,0.264691,0.377151,1,All,#4682B4,0
6,8,16,1.27,0.548727,0.467131,1,All,#4682B4,0
7,8,16,1.27,0.297029,0.331673,1,All,#4682B4,0
8,8,16,1.27,0.436032,0.23534,1,All,#4682B4,0
9,8,16,1.27,0.114892,0.267939,1,All,#4682B4,0
10,8,16,1.27,0.681685,0.490349,1,All,#4682B4,0
1,8,16.5,1.27,0.315634,0.235705,1,All,#4682B4,0
2,8,16.5,1.27,0.408714,0.658883,1,All,#4682B4,0
3,8,16.5,1.27,0.225908,0.354884,1,All,#4682B4,0
4,8,16.5,1.27,0.826829,0.523818,1,All,#4682B4,0
5,8,16.5,1.27,0.526492,0.331473,1,All,#4682B4,0
6,8,16.5,1.27,0.372112,0.42118,1,All,#4682B4,0
7,8,16.5,1.27,0.354095,0.283693,1,All,#4682B4,0
8,8,16.5,1.27,0.219043,0.187172,1,All,#4682B4,0
9,8,16.5,1.27,0.0731713,0.235847,1,All,#4682B4,0
10,8,16.5,1.27,0.437475,0.446467,1,All,#4682B4,0
1,8,17,1.27,0.219305,0.204116,1,All,#4682B4,0
2,8,17,1.27,0.990456,0.61358,1,All,#4682B4,0
3,8,17,1.27,0.261528,0.304508,1,All,#4682B4,0
4,8,17,1.27,0.690072,0.486877,1,All,#4682B4,0
5,8,17,1.27,0.23026,0.28561,1,All,#4682B4,0
6,8,17,1.27,0.332703,0.375323,1,All,#4682B4,0
7,8,17,1.27,0.333443,0.235432,1,All,#4682B4,0
8,8,17,1.27,0.176176,0.138619,1,All,#4682B4,0
9,8,17,1.27,0.27487,0.205497,1,All,#4682B4,0
10,8,17,1.27,0.44617,0.401724,1,All,#4682B4,0
1,8,17.5,1.27,0.134926,0.173353,1,All,#4682B4,0
2,8,17.5,1.27,0.464226,0.567189,1,All,#4682B4,0
3,8,17.5,1.27,0.2137,0.253216,1,All,#4682B4,0
4,8,17.5,1.27,0.614291,0.449456,1,All,#4682B4,0
5,8,17.5,1.27,0.143714,0.23947,1,All,#4682B4,0
6,8,17.5,1.27,0.168238,0.328276,1,All,#4682B4,0
7,8,17.5,1.27,0.174453,0.186531,1,All,#4682B4,0
8,8,17.5,1.27,0.119374,0.0887952,1,All,#4682B4,0
9,8,17.5,1.27,0.256938,0.176744,1,All,#4682B4,0
10,8,17.5,1.27,0.527084,0.356008,1,All,#4682B4,0
1,8,18,1.27,0.202986,0.142254,1,All,#4682B4,0
2,8,18,1.27,0.852648,0.520218,1,All,#4682B4,0
3,8,18,1.27,0.137569,0.201426,1,All,#4682B4,0
4,8,18,1.27,0.173802,0.411188,1,All,#4682B4,0
5,8,18,1.27,0.122909,0.193483,1,All,#4682B4,0
6,8,18,1.27,0.215909,0.281177,1,All,#4682B4,0
7,8,18,1.27,0.105029,0.136574,1,All,#4682B4,0
8,8,18,1.27,0.027118,0.0384308,1,All,#4682B4,0
9,8,18,1.27,0.140436,0.146835,1,All,#4682B4,0
10,8,18,1.27,0.332651,0.309867,1,All,#4682B4,0
1,8,18.5,1.27,0.0757439,0.111249,1,All,#4682B4,0
2,8,18.5,1.27,0.334414,0.472678,1,All,#4682B4,0
3,8,18.5,1.27,0.0828775,0.148563,1,All,#4682B4,0
4,8,18.5,1.27,0.33564,0.372318,1,All,#4682B4,0
5,8,18.5,1.27,0.186269,0.146818,1,All,#4682B4,0
6,8,18.5,1.27,0.179486,0.233407,1,All,#4682B4,0
7,8,18.5,1.27,0.0592566,0.0861066,1,All,#4682B4,0
8,8,18.5,1.27,2.50082e-16,0,1,All,#4682B4,0
9,8,18.5,1.27,0.0288269,0.117585,1,All,#4682B4,0
10,8,18.5,1.27,0.30811,0.263159,1,All,#4682B4,0
1,8,19,1.27,0.0830665,0.0794974,1,All,#4682B4,0
2,8,19,1.27,0.653442,0.424458,1,All,#4682B4,0
3,8,19,1.27,0.11309,0.0950144,1,All,#4682B4,0
4,8,19,1.27,0.440852,0.332752,1,All,#4682B4,0
5,8,19,1.27,0.135865,0.100426,1,All,#4682B4,0
6,8,19,1.27,0.226686,0.185044,1,All,#4682B4,0
7,8,19,1.27,0.0115627,0.034515,1,All,#4682B4,0
8,8,19,1.27,2.01882e-16,0,1,All,#4682B4,0
9,8,19,1.27,0.0609581,0.0872384,1,All,#4682B4,0
10,8,19,1.27,0.15574,0.215849,1,All,#4682B4,0
1,8,19.5,1.27,0.0701481,0.0475901,1,All,#4682B4,0
2,8,19.5,1.27,0.194389,0.375835,1,All,#4682B4,0
3,8,19.5,1.27,0.0188881,0.0411151,1,All,#4682B4,0
4,8,19.5,1.27,0.27299,0.291659,1,All,#4682B4,0
5,8,19.5,1.27,0.068819,0.0531912,1,All,#4682B4,0
6,8,19.5,1.27,0.200737,0.13608,1,All,#4682B4,0
7,8,19.5,1.27,8.24382e-17,0,1,All,#4682B4,0
8,8,19.5,1.27,3.44847e-17,0,1,All,#4682B4,0
9,8,19.5,1.27,0.0119241,0.0576704,1,All,#4682B4,0
10,8,19.5,1.27,0.207875,0.167974,1,All,#4682B4,0
1,9,1,1.27,3.77108e-17,0,1,All,#4682B4,0
2,9,1,1.27,2.35283e-17,0,1,All,#4682B4,0
3,9,1,1.27,1.75054e-16,0,1,All,#4682B4,0
4,9,1,1.27,1.13078e-16,0,1,All,#4682B4,0
5,9,1,1.27,5.35424e-17,0,1,All,#4682B4,0
6,9,1,1.27,1.54176e-16,0,1,All,#4682B4,0
7,9,1,1.27,4.14829e-16,0,1,All,#4682B4,0
8,9,1,1.27,1.8872e-16,0,1,All,#4682B4,0
9,9,1,1.27,4.99352e-16,0,1,All,#4682B4,0
10,9,1,1.27,4.58993e-16,0,1,All,#4682B4,0
1,9,1.5,1.27,3.94922e-16,0,1,All,#4682B4,0
2,9,1.5,1.27,4.14486e-16,0,1,All,#4682B4,0
3,9,1.5,1.27,3.9436e-17,0,1,All,#4682B4,0
4,9,1.5,1.27,2.72801e-16,0,1,All,#4682B4,0
5,9,1.5,1.27,5.88505e-17,0,1,All,#4682B4,0
6,9,1.5,1.27,8.79531e-17,0,1,All,#4682B4,0
7,9,1.5,1.27,3.7306e-16,0,1,All,#4682B4,0
8,9,1.5,1.27,2.72149e-17,0,1,All,#4682B4,0
9,9,1.5,1.27,1.1165e-16,0,1,All,#4682B4,0
10,9,1.5,1.27,5.822e-17,0,1,All,#4682B4,0
1,9,2,1.27,0.699055,0.728492,1,All,#4682B4,0
2,9,2,1.27,1.66972e-17,0,1,All,#4682B4,0
3,9,2,1.27,0.629824,0.538111,1,All,#4682B4,0
4,9,2,1.27,0.810297,0.571316,1,All,#4682B4,0
5,9,2,1.27,0.133157,0.293891,1,All,#4682B4,0
6,9,2,1.27,0.614016,0.832247,1,All,#4682B4,0
7,9,2,1.27,5.6631e-17,0,1,All,#4682B4,0
8,9,2,1.27,0.697829,0.641792,1,All,#4682B4,0
9,9,2,1.27,0.612282,0.597935,1,All,#4682B4,0
10,9,2,1.27,1.19284e-16,0,1,All,#4682B4,0
1,9,2.5,1.27,1.01865,1.70942,1,All,#4682B4,0
2,9,2.5,1.27,1.19259,0.92672,1,All,#4682B4,0
3,9,2.5,1.27,0.938765,1.35017,1,All,#4682B4,0
4,9,2.5,1.27,1.20531,1.16523,1,All,#4682B4,0
5,9,2.5,1.27,1.0619,1.19417,1,All,#4682B4,0
6,9,2.5,1.27,1.0316,1.7216,1,All,#4682B4,0
7,9,2.5,1.27,0.914729,0.993097,1,All,#4682B4,0
8,9,2.5,1.27,1.05034,1.39077,1,All,#4682B4,0
9,9,2.5,1.27,0.712814,1.60474,1,All,#4682B4,0
10,9,2.5,1.27,1.14674,1.32314,1,All,#4682B4,0
1,9,3,2.69,2.69,2.06715,0,All,#4682B4,0
2,9,3,2.69,2.69,1.77528,0,All,#4682B4,0
3,9,3,2.69,2.69,1.68862,0,All,#4682B4,0
4,9,3,2.69,2.69,1.4529,0,All,#4682B4,0
5,9,3,2.69,2.69,1.68418,0,All,#4682B4,0
6,9,3,2.69,2.69,2.05036,0,All,#4682B4,0
7,9,3,2.69,2.69,1.89787,0,All,#4682B4,0
8,9,3,2.69,2.69,1.72856,0,All,#4682B4,0
9,9,3,2.69,2.69,1.99838,0,All,#4682B4,0
10,9,3,2.69,2.69,1.9869,0,All,#4682B4,0
1,9,3.5,3.01,3.01,2.22369,0,All,#4682B4,0
2,9,3.5,3.01,3.01,2.40613,0,All,#4682B4,0
3,9,3.5,3.01,3.01,1.86968,0,All,#4682B4,0
4,9,3.5,3.01,3.01,1.60575,0,All,#4682B4,0
5,9,3.5,3.01,3.01,1.96284,0,All,#4682B4,0
6,9,3.5,3.01,3.01,2.21075,0,All,#4682B4,0
7,9,3.5,3.01,3.01,2.52258,0,All,#4682B4,0
8,9,3.5,3.01,3.01,1.92016,0,All,#4682B4,0
9,9,3.5,3.01,3.01,2.17022,0,All,#4682B4,0
10,9,3.5,3.01,3.01,2.31368,0,All,#4682B4,0
1,9,4,3.08,3.08,2.26662,0,All,#4682B4,0
2,9,4,3.08,3.08,2.79378,0,All,#4682B4,0
3,9,4,3.08,3.08,1.95855,0,All,#4682B4,0
4,9,4,3.08,3.08,1.68301,0,All,#4682B4,0
5,9,4,3.08,3.08,2.08373,0,All,#4682B4,0
6,9,4,3.08,3.08,2.27796,0,All,#4682B4,0
7,9,4,3.08,3.08,2.83219,0,All,#4682B4,0
8,9,4,3.08,3.08,2.02969,0,All,#4682B4,0
9,9,4,3.08,3.08,2.21243,0,All,#4682B4,0
10,9,4,3.08,3.08,2.39941,0,All,#4682B4,0
1,9,4.5,2.83,2.83,2.24927,0,All,#4682B4,0
2,9,4.5,2.83,2.83,2.89074,0,All,#4682B4,0
3,9,4.5,2.83,2.83,1.98553,0,All,#4682B4,0
4,9,4.5,2.83,2.83,1.70767,0,All,#4682B4,0
5,9,4.5,2.83,2.83,2.08974,0,All,#4682B4,0
6,9,4.5,2.83,2.83,2.28389,0,All,#4682B4,0
7,9,4.5,2.83,2.83,2.81865,0,All,#4682B4,0
8,9,4.5,2.83,2.83,2.08171,0,All,#4682B4,0
9,9,4.5,2.83,2.83,2.18789,0,All,#4682B4,0
10,9,4.5,2.83,2.83,2.32872,0,All,#4682B4,0
1,9,5,2.82,2.82,2.20429,0,All,#4682B4,0
2,9,5,2.82,2.82,2.75225,0,All,#4682B4,0
3,9,5,2.82,2.82,1.97196,0,All,#4682B4,0
4,9,5,2.82,2.82,1.69559,0,All,#4682B4,0
5,9,5,2.82,2.82,2.02888,0,All,#4682B4,0
6,9,5,2.82,2.82,2.24694,0,All,#4682B4,0
7,9,5,2.82,2.82,2.60988,0,All,#4682B4,0
8,9,5,2.82,2.82,2.09115,0,All,#4682B4,0
9,9,5,2.82,2.82,2.13587,0,All,#4682B4,0
10,9,5,2.82,2.82,2.18253,0,All,#4682B4,0
1,9,5.5,1.27,1.06357,2.14583,1,All,#4682B4,0
2,9,5.5,1.27,1.0422,2.49058,1,All,#4682B4,0
3,9,5.5,1.27,0.965148,1.93256,1,All,#4682B4,0
4,9,5.5,1.27,0.813961,1.65903,1,All,#4682B4,0
5,9,5.5,1.27,1.03507,1.93202,1,All,#4682B4,0
6,9,5.5,1.27,1.12769,2.17989,1,All,#4682B4,0
7,9,5.5,1.27,0.499685,2.32043,1,All,#4682B4,0
8,9,5.5,1.27,0.505075,2.0689,1,All,#4682B4,0
9,9,5.5,1.27,0.783651,2.07393,1,All,#4682B4,0
10,9,5.5,1.27,0.89357,2.0085,1,All,#4682B4,0
1,9,6,1.27,0.891099,2.07888,1,All,#4682B4,0
2,9,6,1.27,1.12913,2.18691,1,All,#4682B4,0
3,9,6,1.27,0.158778,1.87577,1,All,#4682B4,0
4,9,6,1.27,0.955295,1.60767,1,All,#4682B4,0
5,9,6,1.27,0.717677,1.80583,1,All,#4682B4,0
6,9,6,1.27,0.961317,2.09009,1,All,#4682B4,0
7,9,6,1.27,0.648333,2.01352,1,All,#4682B4,0
8,9,6,1.27,0.8415,2.02275,1,All,#4682B4,0
9,9,6,1.27,0.493561,2.00423,1,All,#4682B4,0
10,9,6,1.27,1.03358,1.83198,1,All,#4682B4,0
1,9,6.5,1.74,1.74,2.00499,0,All,#4682B4,0
2,9,6.5,1.74,1.74,1.88954,0,All,#4682B4,0
3,9,6.5,1.74,1.74,1.80516,0,All,#4682B4,0
4,9,6.5,1.74,1.74,1.54883,0,All,#4682B4,0
5,9,6.5,1.74,1.74,1.65619,0,All,#4682B4,0
6,9,6.5,1.74,1.74,1.98148,0,All,#4682B4,0
7,9,6.5,1.74,1.74,1.72459,0,All,#4682B4,0
8,9,6.5,1.74,1.74,1.9567,0,All,#4682B4,0
9,9,6.5,1.74,1.74,1.91949,0,All,#4682B4,0
10,9,6.5,1.74,1.74,1.66083,0,All,#4682B4,0
1,9,7,1.27,1.26924,1.92441,1,All,#4682B4,0
2,9,7,1.27,0.771395,1.62476,1,All,#4682B4,0
3,9,7,1.27,0.947492,1.72207,1,All,#4682B4,0
4,9,7,1.27,0.828,1.4859,1,All,#4682B4,0
5,9,7,1.27,1.04764,1.48572,1,All,#4682B4,0
6,9,7,1.27,0.418872,1.85701,1,All,#4682B4,0
7,9,7,1.27,0.864647,1.47303,1,All,#4682B4,0
8,9,7,1.27,0.473357,1.8725,1,All,#4682B4,0
9,9,7,1.27,0.743581,1.81746,1,All,#4682B4,0
10,9,7,1.27,0.352612,1.48202,1,All,#4682B4,0
1,9,7.5,1.58,1.58,1.83701,0,All,#4682B4,0
2,9,7.5,1.58,1.58,1.40313,0,All,#4682B4,0
3,9,7.5,1.58,1.58,1.62672,0,All,#4682B4,0
4,9,7.5,1.58,1.58,1.3947,0,All,#4682B4,0
5,9,7.5,1.58,1.58,1.29645,0,All,#4682B4,0
6,9,7.5,1.58,1.58,1.72047,0,All,#4682B4,0
7,9,7.5,1.58,1.58,1.26669,0,All,#4682B4,0
8,9,7.5,1.58,1.58,1.7705,0,All,#4682B4,0
9,9,7.5,1.58,1.58,1.69574,0,All,#4682B4,0
10,9,7.5,1.58,1.58,1.3049,0,All,#4682B4,0
1,9,8,1.27,0.794314,1.74253,1,All,#4682B4,0
2,9,8,1.27,0.997045,1.22457,1,All,#4682B4,0
3,9,8,1.27,0.948969,1.51897,1,All,#4682B4,0
4,9,8,1.27,1.01292,1.26917,1,All,#4682B4,0
5,9,8,1.27,1.18805,1.09077,1,All,#4682B4,0
6,9,8,1.27,0.122397,1.57801,1,All,#4682B4,0
7,9,8,1.27,0.325364,1.10609,1,All,#4682B4,0
8,9,8,1.27,0.733939,1.6507,1,All,#4682B4,0
9,9,8,1.27,1.09141,1.55197,1,All,#4682B4,0
10,9,8,1.27,1.17123,1.14039,1,All,#4682B4,0
1,9,8.5,1.27,1.06298,1.64065,1,All,#4682B4,0
2,9,8.5,1.27,1.21889,1.04734,1,All,#4682B4,0
3,9,8.5,1.27,0.945824,1.39884,1,All,#4682B4,0
4,9,8.5,1.27,0.881724,1.1168,1,All,#4682B4,0
5,9,8.5,1.27,0.692374,0.873198,1,All,#4682B4,0
6,9,8.5,1.27,1.26449,1.43827,1,All,#4682B4,0
7,9,8.5,1.27,0.592705,0.988217,1,All,#4682B4,0
8,9,8.5,1.27,0.91472,1.5134,1,All,#4682B4,0
9,9,8.5,1.27,1.00343,1.38489,1,All,#4682B4,0
10,9,8.5,1.27,1.19258,0.994825,1,All,#4682B4,0
1,9,9,1.27,0.755331,1.5312,1,All,#4682B4,0
2,9,9,1.27,0.424769,0.865039,1,All,#4682B4,0
3,9,9,1.27,1.24778,1.26715,1,All,#4682B4,0
4,9,9,1.27,1.13351,0.949481,1,All,#4682B4,0
5,9,9,1.27,0.82414,0.651227,1,All,#4682B4,0
6,9,9,1.27,0.816225,1.30975,1,All,#4682B4,0
7,9,9,1.27,1.2145,0.906253,1,All,#4682B4,0
8,9,9,1.27,0.558988,1.36066,1,All,#4682B4,0
9,9,9,1.27,0.891964,1.19629,1,All,#4682B4,0
10,9,9,1.27,0.919865,0.869521,1,All,#4682B4,0
1,9,9.5,1.27,1.1933,1.41416,1,All,#4682B4,0
2,9,9.5,1.27,0.621783,0.679625,1,All,#4682B4,0
3,9,9.5,1.27,0.252856,1.12584,1,All,#4682B4,0
4,9,9.5,1.27,0.151716,0.780472,1,All,#4682B4,0
5,9,9.5,1.27,0.484647,0.434412,1,All,#4682B4,0
6,9,9.5,1.27,1.00742,1.1975,1,All,#4682B4,0
7,9,9.5,1.27,0.761567,0.814931,1,All,#4682B4,0
8,9,9.5,1.27,1.15831,1.19784,1,All,#4682B4,0
9,9,9.5,1.27,0.763286,0.994245,1,All,#4682B4,0
10,9,9.5,1.27,1.09935,0.762234,1,All,#4682B4,0
1,9,10,1.27,1.2331,1.29001,1,All,#4682B4,0
2,9,10,1.27,0.183002,0.490472,1,All,#4682B4,0
3,9,10,1.27,0.486391,0.979503,1,All,#4682B4,0
4,9,10,1.27,0.185701,0.624122,1,All,#4682B4,0
5,9,10,1.27,0.229705,0.233137,1,All,#4682B4,0
6,9,10,1.27,0.527663,1.10409,1,All,#4682B4,0
7,9,10,1.27,0.915866,0.704763,1,All,#4682B4,0
8,9,10,1.27,1.0914,1.03391,1,All,#4682B4,0
9,9,10,1.27,1.25127,0.795313,1,All,#4682B4,0
10,9,10,1.27,1.18414,0.668885,1,All,#4682B4,0
1,9,10.5,1.27,0.790127,1.15991,1,All,#4682B4,0
2,9,10.5,1.27,0.202833,0.298134,1,All,#4682B4,0
3,9,10.5,1.27,0.89333,0.835133,1,All,#4682B4,0
4,9,10.5,1.27,0.338618,0.474072,1,All,#4682B4,0
5,9,10.5,1.27,0.0570237,0.0535471,1,All,#4682B4,0
6,9,10.5,1.27,0.424776,1.02541,1,All,#4682B4,0
7,9,10.5,1.27,0.844258,0.575355,1,All,#4682B4,0
8,9,10.5,1.27,0.408403,0.879272,1,All,#4682B4,0
9,9,10.5,1.27,0.413007,0.621003,1,All,#4682B4,0
10,9,10.5,1.27,0.818884,0.586566,1,All,#4682B4,0
1,9,11,1.27,0.954613,1.02613,1,All,#4682B4,0
2,9,11,1.27,0.0858873,0.100329,1,All,#4682B4,0
3,9,11,1.27,0.787533,0.700307,1,All,#4682B4,0
4,9,11,1.27,0.239587,0.334025,1,All,#4682B4,0
5,9,11,1.27,6.23288e-17,0,1,All,#4682B4,0
6,9,11,1.27,0.44693,0.957691,1,All,#4682B4,0
7,9,11,1.27,0.211262,0.42639,1,All,#4682B4,0
8,9,11,1.27,0.560833,0.740357,1,All,#4682B4,0
9,9,11,1.27,0.65592,0.48286,1,All,#4682B4,0
10,9,11,1.27,0.37136,0.508315,1,All,#4682B4,0
1,9,11.5,1.27,1.11405,0.892555,1,All,#4682B4,0
2,9,11.5,1.27,7.93483e-17,0,1,All,#4682B4,0
3,9,11.5,1.27,0.702164,0.582196,1,All,#4682B4,0
4,9,11.5,1.27,0.272088,0.204352,1,All,#4682B4,0
5,9,11.5,1.27,1.78946e-16,0,1,All,#4682B4,0
6,9,11.5,1.27,0.402702,0.897432,1,All,#4682B4,0
7,9,11.5,1.27,0.337263,0.258696,1,All,#4682B4,0
8,9,11.5,1.27,0.336346,0.621206,1,All,#4682B4,0
9,9,11.5,1.27,0.199255,0.377919,1,All,#4682B4,0
10,9,11.5,1.27,0.326394,0.432945,1,All,#4682B4,0
1,9,12,1.27,0.259076,0.763935,1,All,#4682B4,0
2,9,12,1.27,2.81027e-16,0,1,All,#4682B4,0
3,9,12,1.27,0.68629,0.484725,1,All,#4682B4,0
4,9,12,1.27,0.0765808,0.0777028,1,All,#4682B4,0
5,9,12,1.27,1.7023e-16,0,1,All,#4682B4,0
6,9,12,1.27,0.899363,0.842129,1,All,#4682B4,0
7,9,12,1.27,0.0747127,0.0743477,1,All,#4682B4,0
8,9,12,1.27,0.68208,0.519859,1,All,#4682B4,0
9,9,12,1.27,0.258348,0.296859,1,All,#4682B4,0
10,9,12,1.27,0.312583,0.359721,1,All,#4682B4,0
1,9,12.5,1.27,0.671786,0.647395,1,All,#4682B4,0
2,9,12.5,1.27,2.80695e-18,0,1,All,#4682B4,0
3,9,12.5,1.27,0.405986,0.406237,1,All,#4682B4,0
4,9,12.5,1.27,3.99519e-17,0,1,All,#4682B4,0
5,9,12.5,1.27,3.92246e-18,0,1,All,#4682B4,0
6,9,12.5,1.27,0.600948,0.789333,1,All,#4682B4,0
7,9,12.5,1.27,1.76832e-16,0,1,All,#4682B4,0
8,9,12.5,1.27,0.567408,0.432141,1,All,#4682B4,0
9,9,12.5,1.27,0.337123,0.229962,1,All,#4682B4,0
10,9,12.5,1.27,0.409039,0.285915,1,All,#4682B4,0
1,9,13,1.27,0.738144,0.548047,1,All,#4682B4,0
2,9,13,1.27,4.29418e-17,0,1,All,#4682B4,0
3,9,13,1.27,0.588399,0.341359,1,All,#4682B4,0
4,9,13,1.27,3.69865e-16,0,1,All,#4682B4,0
5,9,13,1.27,6.09914e-17,0,1,All,#4682B4,0
6,9,13,1.27,0.940693,0.73918,1,All,#4682B4,0
7,9,13,1.27,1.9389e-16,0,1,All,#4682B4,0
8,9,13,1.27,0.511765,0.354015,1,All,#4682B4,0
9,9,13,1.27,0.1096,0.171699,1,All,#4682B4,0
10,9,13,1.27,0.193995,0.210776,1,All,#4682B4,0
1,9,13.5,1.27,0.722411,0.468322,1,All,#4682B4,0
2,9,13.5,1.27,5.56197e-16,0,1,All,#4682B4,0
3,9,13.5,1.27,0.484677,0.287682,1,All,#4682B4,0
4,9,13.5,1.27,1.37917e-16,0,1,All,#4682B4,0
5,9,13.5,1.27,4.50154e-19,0,1,All,#4682B4,0
6,9,13.5,1.27,0.477737,0.689551,1,All,#4682B4,0
7,9,13.5,1.27,2.76433e-16,0,1,All,#4682B4,0
8,9,13.5,1.27,0.16979,0.281562,1,All,#4682B4,0
9,9,13.5,1.27,0.177528,0.117897,1,All,#4682B4,0
10,9,13.5,1.27,0.198798,0.134255,1,All,#4682B4,0
1,9,14,1.27,0.328527,0.407318,1,All,#4682B4,0
2,9,14,1.27,3.97933e-16,0,1,All,#4682B4,0
3,9,14,1.27,0.389989,0.240931,1,All,#4682B4,0
4,9,14,1.27,1.40486e-16,0,1,All,#4682B4,0
5,9,14,1.27,1.19557e-18,0,1,All,#4682B4,0
6,9,14,1.27,0.745443,0.640757,1,All,#4682B4,0
7,9,14,1.27,2.20813e-16,0,1,All,#4682B4,0
8,9,14,1.27,0.301088,0.21486,1,All,#4682B4,0
9,9,14,1.27,0.0498115,0.0638406,1,All,#4682B4,0
10,9,14,1.27,0.0812393,0.056048,1,All,#4682B4,0
1,9,14.5,1.27,0.35218,0.361863,1,All,#4682B4,0
2,9,14.5,1.27,5.22849e-16,0,1,All,#4682B4,0
3,9,14.5,1.27,0.202413,0.199642,1,All,#4682B4,0
4,9,14.5,1.27,4.17716e-17,0,1,All,#4682B4,0
5,9,14.5,1.27,8.3398e-17,0,1,All,#4682B4,0
6,9,14.5,1.27,0.392551,0.592792,1,All,#4682B4,0
7,9,14.5,1.27,3.04834e-16,0,1,All,#4682B4,0
8,9,14.5,1.27,0.174052,0.149038,1,All,#4682B4,0
9,9,14.5,1.27,0.00683037,0.0102124,1,All,#4682B4,0
10,9,14.5,1.27,1.00428e-16,0,1,All,#4682B4,0
1,9,15,1.27,0.369136,0.327605,1,All,#4682B4,0
2,9,15,1.27,2.56068e-16,0,1,All,#4682B4,0
3,9,15,1.27,0.169166,0.159209,1,All,#4682B4,0
4,9,15,1.27,2.60575e-16,0,1,All,#4682B4,0
5,9,15,1.27,1.23555e-16,0,1,All,#4682B4,0
6,9,15,1.27,0.807905,0.544867,1,All,#4682B4,0
7,9,15,1.27,1.56688e-16,0,1,All,#4682B4,0
8,9,15,1.27,0.0700948,0.085594,1,All,#4682B4,0
9,9,15,1.27,6.65482e-17,0,1,All,#4682B4,0
10,9,15,1.27,2.98063e-17,0,1,All,#4682B4,0
1,9,15.5,1.27,0.356559,0.302492,1,All,#4682B4,0
2,9,15.5,1.27,8.72575e-17,0,1,All,#4682B4,0
3,9,15.5,1.27,0.172708,0.120396,1,All,#4682B4,0
4,9,15.5,1.27,3.692e-16,0,1,All,#4682B4,0
5,9,15.5,1.27,3.60556e-17,0,1,All,#4682B4,0
6,9,15.5,1.27,0.481794,0.497005,1,All,#4682B4,0
7,9,15.5,1.27,1.77771e-16,0,1,All,#4682B4,0
8,9,15.5,1.27,0.0111296,0.0225771,1,All,#4682B4,0
9,9,15.5,1.27,8.62911e-17,0,1,All,#4682B4,0
10,9,15.5,1.27,1.11894e-16,0,1,All,#4682B4,0
1,9,16,1.27,0.373631,0.282583,1,All,#4682B4,0
2,9,16,1.27,6.68263e-17,0,1,All,#4682B4,0
3,9,16,1.27,0.0329,0.0824635,1,All,#4682B4,0
4,9,16,1.27,1.45764e-16,0,1,All,#4682B4,0
5,9,16,1.27,1.43192e-16,0,1,All,#4682B4,0
6,9,16,1.27,0.674638,0.449207,1,All,#4682B4,0
7,9,16,1.27,4.40834e-16,0,1,All,#4682B4,0
8,9,16,1.27,3.64459e-16,0,1,All,#4682B4,0
9,9,16,1.27,2.05737e-16,0,1,All,#4682B4,0
10,9,16,1.27,5.61771e-17,0,1,All,#4682B4,0
1,9,16.5,1.27,0.139226,0.264585,1,All,#4682B4,0
2,9,16.5,1.27,3.72043e-17,0,1,All,#4682B4,0
3,9,16.5,1.27,0.03107,0.0447657,1,All,#4682B4,0
4,9,16.5,1.27,2.77403e-16,0,1,All,#4682B4,0
5,9,16.5,1.27,3.60943e-17,0,1,All,#4682B4,0
6,9,16.5,1.27,0.439548,0.402167,1,All,#4682B4,0
7,9,16.5,1.27,1.17423e-17,0,1,All,#4682B4,0
8,9,16.5,1.27,8.14367e-17,0,1,All,#4682B4,0
9,9,16.5,1.27,1.34766e-16,0,1,All,#4682B4,0
10,9,16.5,1.27,2.9287e-17,0,1,All,#4682B4,0
1,9,17,1.27,0.222956,0.248511,1,All,#4682B4,0
2,9,17,1.27,2.35009e-16,0,1,All,#4682B4,0
3,9,17,1.27,0.0104537,0.00743793,1,All,#4682B4,0
4,9,17,1.27,7.95551e-17,0,1,All,#4682B4,0
5,9,17,1.27,2.5618e-16,0,1,All,#4682B4,0
6,9,17,1.27,0.508342,0.355106,1,All,#4682B4,0
7,9,17,1.27,3.19563e-16,0,1,All,#4682B4,0
8,9,17,1.27,9.46891e-17,0,1,All,#4682B4,0
9,9,17,1.27,1.50966e-16,0,1,All,#4682B4,0
10,9,17,1.27,3.36731e-17,0,1,All,#4682B4,0
1,9,17.5,1.27,0.198278,0.232647,1,All,#4682B4,0
2,9,17.5,1.27,2.1772e-16,0,1,All,#4682B4,0
3,9,17.5,1.27,6.20565e-17,0,1,All,#4682B4,0
4,9,17.5,1.27,4.85392e-18,0,1,All,#4682B4,0
5,9,17.5,1.27,7.52846e-17,0,1,All,#4682B4,0
6,9,17.5,1.27,0.35646,0.308082,1,All,#4682B4,0
7,9,17.5,1.27,2.03889e-16,0,1,All,#4682B4,0
8,9,17.5,1.27,4.34565e-16,0,1,All,#4682B4,0
9,9,17.5,1.27,4.15867e-17,0,1,All,#4682B4,0
10,9,17.5,1.27,1.08041e-16,0,1,All,#4682B4,0
1,10,1,1.27,8.09421e-17,0,1,All,#4682B4,0
2,10,1,1.27,3.37541e-17,0,1,All,#4682B4,0
3,10,1,1.27,2.68025e-16,0,1,All,#4682B4,0
4,10,1,1.27,1.22418e-16,0,1,All,#4682B4,0
5,10,1,1.27,1.06708e-16,0,1,All,#4682B4,0
6,10,1,1.27,1.90484e-16,0,1,All,#4682B4,0
7,10,1,1.27,3.08939e-16,0,1,All,#4682B4,0
8,10,1,1.27,3.37991e-16,0,1,All,#4682B4,0
9,10,1,1.27,4.58508e-17,0,1,All,#4682B4,0
10,10,1,1.27,4.32587e-17,0,1,All,#4682B4,0
1,10,1.5,1.27,0.0694413,0.603306,1,All,#4682B4,0
2,10,1.5,1.27,0.388798,0.391745,1,All,#4682B4,0
3,10,1.5,1.27,0.490166,0.51864,1,All,#4682B4,0
4,10,1.5,1.27,4.91596e-16,0,1,All,#4682B4,0
5,10,1.5,1.27,0.866821,0.491016,1,All,#4682B4,0
6,10,1.5,1.27,0.082947,0.203398,1,All,#4682B4,0
7,10,1.5,1.27,0.0224944,0.0701894,1,All,#4682B4,0
8,10,1.5,1.27,0.571245,0.260382,1,All,#4682B4,0
9,10,1.5,1.27,0.418262,0.338681,1,All,#4682B4,0
10,10,1.5,1.27,4.75301e-17,0,1,All,#4682B4,0
1,10,2,2.81,2.81,2.29626,0,All,#4682B4,0
2,10,2,2.81,2.81,2.14243,0,All,#4682B4,0
3,10,2,2.81,2.81,1.91431,0,All,#4682B4,0
4,10,2,2.81,2.81,2.11955,0,All,#4682B4,0
5,10,2,2.81,2.81,2.13168,0,All,#4682B4,0
6,10,2,2.81,2.81,1.86922,0,All,#4682B4,0
7,10,2,2.81,2.81,2.08291,0,All,#4682B4,0
8,10,2,2.81,2.81,2.21675,0,All,#4682B4,0
9,10,2,2.81,2.81,2.23729,0,All,#4682B4,0
10,10,2,2.81,2.81,2.39789,0,All,#4682B4,0
1,10,2.5,3.85,3.85,2.98143,0,All,#4682B4,0
2,10,2.5,3.85,3.85,2.57975,0,All,#4682B4,0
3,10,2.5,3.85,3.85,2.54231,0,All,#4682B4,0
4,10,2.5,3.85,3.85,2.66154,0,All,#4682B4,0
5,10,2.5,3.85,3.85,2.64298,0,All,#4682B4,0
6,10,2.5,3.85,3.85,2.45227,0,All,#4682B4,0
7,10,2.5,3.85,3.85,2.72135,0,All,#4682B4,0
8,10,2.5,3.85,3.85,2.73557,0,All,#4682B4,0
9,10,2.5,3.85,3.85,2.76885,0,All,#4682B4,0
10,10,2.5,3.85,3.85,2.93788,0,All,#4682B4,0
1,10,3,4.47,4.47,3.15557,0,All,#4682B4,0
2,10,3,4.47,4.47,2.72293,0,All,#4682B4,0
3,10,3,4.47,4.47,2.86188,0,All,#4682B4,0
4,10,3,4.47,4.47,2.76898,0,All,#4682B4,0
5,10,3,4.47,4.47,2.82477,0,All,#4682B4,0
6,10,3,4.47,4.47,2.69733,0,All,#4682B4,0
7,10,3,4.47,4.47,2.95927,0,All,#4682B4,0
8,10,3,4.47,4.47,2.87945,0,All,#4682B4,0
9,10,3,4.47,4.47,2.95015,0,All,#4682B4,0
10,10,3,4.47,4.47,2.95387,0,All,#4682B4,0
1,10,3.5,4.28,4.28,3.09239,0,All,#4682B4,0
2,10,3.5,4.28,4.28,2.70927,0,All,#4682B4,0
3,10,3.5,4.28,4.28,2.97053,0,All,#4682B4,0
4,10,3.5,4.28,4.28,2.69789,0,All,#4682B4,0
5,10,3.5,4.28,4.28,2.81389,0,All,#4682B4,0
6,10,3.5,4.28,4.28,2.73939,0,All,#4682B4,0
7,10,3.5,4.28,4.28,2.96681,0,All,#4682B4,0
8,10,3.5,4.28,4.28,2.8439,0,All,#4682B4,0
9,10,3.5,4.28,4.28,2.94153,0,All,#4682B4,0
10,10,3.5,4.28,4.28,2.81555,0,All,#4682B4,0
1,10,4,2.92,2.92,2.96531,0,All,#4682B4,0
2,10,4,2.92,2.92,2.61449,0,All,#4682B4,0
3,10,4,2.92,2.92,2.92849,0,All,#4682B4,0
4,10,4,2.92,2.92,2.57613,0,All,#4682B4,0
5,10,4,2.92,2.92,2.69964,0,All,#4682B4,0
6,10,4,2.92,2.92,2.67957,0,All,#4682B4,0
7,10,4,2.92,2.92,2.86939,0,All,#4682B4,0
8,10,4,2.92,2.92,2.74458,0,All,#4682B4,0
9,10,4,2.92,2.92,2.84651,0,All,#4682B4,0
10,10,4,2.92,2.92,2.63901,0,All,#4682B4,0
1,10,4.5,1.65,1.65,2.82414,0,All,#4682B4,0
2,10,4.5,1.65,1.65,2.48682,0,All,#4682B4,0
3,10,4.5,1.65,1.65,2.80085,0,All,#4682B4,0
4,10,4.5,1.65,1.65,2.44117,0,All,#4682B4,0
5,10,4.5,1.65,1.65,2.54118,0,All,#4682B4,0
6,10,4.5,1.65,1.65,2.58111,0,All,#4682B4,0
7,10,4.5,1.65,1.65,2.7361,0,All,#4682B4,0
8,10,4.5,1.65,1.65,2.62588,0,All,#4682B4,0
9,10,4.5,1.65,1.65,2.71895,0,All,#4682B4,0
10,10,4.5,1.65,1.65,2.4537,0,All,#4682B4,0
1,10,5,1.99,1.99,2.68106,0,All,#4682B4,0
2,10,5,1.99,1.99,2.34779,0,All,#4682B4,0
3,10,5,1.99,1.99,2.63571,0,All,#4682B4,0
4,10,5,1.99,1.99,2.30357,0,All,#4682B4,0
5,10,5,1.99,1.99,2.37235,0,All,#4682B4,0
6,10,5,1.99,1.99,2.46974,0,All,#4682B4,0
7,10,5,1.99,1.99,2.59179,0,All,#4682B4,0
8,10,5,1.99,1.99,2.50156,0,All,#4682B4,0
9,10,5,1.99,1.99,2.58052,0,All,#4682B4,0
10,10,5,1.99,1.99,2.26973,0,All,#4682B4,0
1,10,5.5,1.27,0.838249,2.53983,1,All,#4682B4,0
2,10,5.5,1.27,0.624124,2.2095,1,All,#4682B4,0
3,10,5.5,1.27,1.00414,2.46273,1,All,#4682B4,0
4,10,5.5,1.27,0.352332,2.1671,1,All,#4682B4,0
5,10,5.5,1.27,0.930544,2.21347,1,All,#4682B4,0
6,10,5.5,1.27,0.508848,2.35466,1,All,#4682B4,0
7,10,5.5,1.27,0.442434,2.44537,1,All,#4682B4,0
8,10,5.5,1.27,1.21288,2.3759,1,All,#4682B4,0
9,10,5.5,1.27,0.98966,2.43995,1,All,#4682B4,0
10,10,5.5,1.27,0.10381,2.09375,1,All,#4682B4,0
1,10,6,1.82,1.82,2.40258,0,All,#4682B4,0
2,10,6,1.82,1.82,2.07872,0,All,#4682B4,0
3,10,6,1.82,1.82,2.30033,0,All,#4682B4,0
4,10,6,1.82,1.82,2.03435,0,All,#4682B4,0
5,10,6,1.82,1.82,2.07689,0,All,#4682B4,0
6,10,6,1.82,1.82,2.23946,0,All,#4682B4,0
7,10,6,1.82,1.82,2.30071,0,All,#4682B4,0
8,10,6,1.82,1.82,2.25047,0,All,#4682B4,0
9,10,6,1.82,1.82,2.30157,0,All,#4682B4,0
10,10,6,1.82,1.82,1.93266,0,All,#4682B4,0
1,10,6.5,3.01,3.01,2.27016,0,All,#4682B4,0
2,10,6.5,3.01,3.01,1.96116,0,All,#4682B4,0
3,10,6.5,3.01,3.01,2.16014,0,All,#4682B4,0
4,10,6.5,3.01,3.01,1.90753,0,All,#4682B4,0
5,10,6.5,3.01,3.01,1.96849,0,All,#4682B4,0
6,10,6.5,3.01,3.01,2.126,0,All,#4682B4,0
7,10,6.5,3.01,3.01,2.16061,0,All,#4682B4,0
8,10,6.5,3.01,3.01,2.12628,0,All,#4682B4,0
9,10,6.5,3.01,3.01,2.16881,0,All,#4682B4,0
10,10,6.5,3.01,3.01,1.79438,0,All,#4682B4,0
1,10,7,3.35,3.35,2.13108,0,All,#4682B4,0
2,10,7,3.35,3.35,1.85962,0,All,#4682B4,0
3,10,7,3.35,3.35,2.04694,0,All,#4682B4,0
4,10,7,3.35,3.35,1.79056,0,All,#4682B4,0
5,10,7,3.35,3.35,1.88837,0,All,#4682B4,0
6,10,7,3.35,3.35,2.0158,0,All,#4682B4,0
7,10,7,3.35,3.35,2.02789,0,All,#4682B4,0
8,10,7,3.35,3.35,2.00423,0,All,#4682B4,0
9,10,7,3.35,3.35,2.04514,0,All,#4682B4,0
10,10,7,3.35,3.35,1.68574,0,All,#4682B4,0
1,10,7.5,1.82,1.82,1.98179,0,All,#4682B4,0
2,10,7.5,1.82,1.82,1.77542,0,All,#4682B4,0
3,10,7.5,1.82,1.82,1.96195,0,All,#4682B4,0
4,10,7.5,1.82,1.82,1.68679,0,All,#4682B4,0
5,10,7.5,1.82,1.82,1.83336,0,All,#4682B4,0
6,10,7.5,1.82,1.82,1.91048,0,All,#4682B4,0
7,10,7.5,1.82,1.82,1.90567,0,All,#4682B4,0
8,10,7.5,1.82,1.82,1.88541,0,All,#4682B4,0
9,10,7.5,1.82,1.82,1.93399,0,All,#4682B4,0
10,10,7.5,1.82,1.82,1.61,0,All,#4682B4,0
1,10,8,1.95,1.95,1.82622,0,All,#4682B4,0
2,10,8,1.95,1.95,1.70823,0,All,#4682B4,0
3,10,8,1.95,1.95,1.90248,0,All,#4682B4,0
4,10,8,1.95,1.95,1.59998,0,All,#4682B4,0
5,10,8,1.95,1.95,1.79888,0,All,#4682B4,0
6,10,8,1.95,1.95,1.81179,0,All,#4682B4,0
7,10,8,1.95,1.95,1.79709,0,All,#4682B4,0
8,10,8,1.95,1.95,1.77128,0,All,#4682B4,0
9,10,8,1.95,1.95,1.8384,0,All,#4682B4,0
10,10,8,1.95,1.95,1.56363,0,All,#4682B4,0
1,10,8.5,1.27,1.06076,1.66967,1,All,#4682B4,0
2,10,8.5,1.27,0.953416,1.65612,1,All,#4682B4,0
3,10,8.5,1.27,1.24411,1.86516,1,All,#4682B4,0
4,10,8.5,1.27,0.87411,1.51916,1,All,#4682B4,0
5,10,8.5,1.27,0.906285,1.77987,1,All,#4682B4,0
6,10,8.5,1.27,1.11048,1.72161,1,All,#4682B4,0
7,10,8.5,1.27,0.872985,1.70483,1,All,#4682B4,0
8,10,8.5,1.27,0.596937,1.66362,1,All,#4682B4,0
9,10,8.5,1.27,0.735847,1.76018,1,All,#4682B4,0
10,10,8.5,1.27,1.08641,1.5198,1,All,#4682B4,0
1,10,9,1.27,0.959639,1.51538,1,All,#4682B4,0
2,10,9,1.27,1.06119,1.61675,1,All,#4682B4,0
3,10,9,1.27,0.240079,1.8105,1,All,#4682B4,0
4,10,9,1.27,1.16163,1.42978,1,All,#4682B4,0
5,10,9,1.27,0.512772,1.76798,1,All,#4682B4,0
6,10,9,1.27,0.933062,1.6409,1,All,#4682B4,0
7,10,9,1.27,1.05528,1.63051,1,All,#4682B4,0
8,10,9,1.27,1.14898,1.56446,1,All,#4682B4,0
9,10,9,1.27,1.26335,1.69977,1,All,#4682B4,0
10,10,9,1.27,1.2061,1.4528,1,All,#4682B4,0
1,10,9.5,1.27,0.656583,1.37288,1,All,#4682B4,0
2,10,9.5,1.27,1.10504,1.5882,1,All,#4682B4,0
3,10,9.5,1.27,1.18308,1.70516,1,All,#4682B4,0
4,10,9.5,1.27,0.472763,1.33436,1,All,#4682B4,0
5,10,9.5,1.27,0.982756,1.71903,1,All,#4682B4,0
6,10,9.5,1.27,0.676904,1.55551,1,All,#4682B4,0
7,10,9.5,1.27,1.20768,1.57262,1,All,#4682B4,0
8,10,9.5,1.27,0.0396852,1.47583,1,All,#4682B4,0
9,10,9.5,1.27,1.00485,1.65661,1,All,#4682B4,0
10,10,9.5,1.27,0.592897,1.36409,1,All,#4682B4,0
1,10,10,1.8,1.8,1.24509,0,All,#4682B4,0
2,10,10,1.8,1.8,1.55313,0,All,#4682B4,0
3,10,10,1.8,1.8,1.55886,0,All,#4682B4,0
4,10,10,1.8,1.8,1.23655,0,All,#4682B4,0
5,10,10,1.8,1.8,1.6325,0,All,#4682B4,0
6,10,10,1.8,1.8,1.45578,0,All,#4682B4,0
7,10,10,1.8,1.8,1.50464,0,All,#4682B4,0
8,10,10,1.8,1.8,1.39951,0,All,#4682B4,0
9,10,10,1.8,1.8,1.6289,0,All,#4682B4,0
10,10,10,1.8,1.8,1.25777,0,All,#4682B4,0
1,10,10.5,1.27,0.984688,1.13358,1,All,#4682B4,0
2,10,10.5,1.27,1.08236,1.47136,1,All,#4682B4,0
3,10,10.5,1.27,0.825031,1.38292,1,All,#4682B4,0
4,10,10.5,1.27,0.874372,1.13996,1,All,#4682B4,0
5,10,10.5,1.27,0.58619,1.51918,1,All,#4682B4,0
6,10,10.5,1.27,1.23575,1.3438,1,All,#4682B4,0
7,10,10.5,1.27,1.20037,1.41564,1,All,#4682B4,0
8,10,10.5,1.27,0.936805,1.33664,1,All,#4682B4,0
9,10,10.5,1.27,0.472569,1.60367,1,All,#4682B4,0
10,10,10.5,1.27,1.18385,1.13893,1,All,#4682B4,0
1,10,11,1.64,1.64,1.03648,0,All,#4682B4,0
2,10,11,1.64,1.64,1.34683,0,All,#4682B4,0
3,10,11,1.64,1.64,1.18731,0,All,#4682B4,0
4,10,11,1.64,1.64,1.04722,0,All,#4682B4,0
5,10,11,1.64,1.64,1.39074,0,All,#4682B4,0
6,10,11,1.64,1.64,1.22126,0,All,#4682B4,0
7,10,11,1.64,1.64,1.30702,0,All,#4682B4,0
8,10,11,1.64,1.64,1.28154,0,All,#4682B4,0
9,10,11,1.64,1.64,1.53774,0,All,#4682B4,0
10,10,11,1.64,1.64,1.01546,0,All,#4682B4,0
1,10,11.5,1.27,1.18091,0.952045,1,All,#4682B4,0
2,10,11.5,1.27,0.427089,1.19468,1,All,#4682B4,0
3,10,11.5,1.27,0.861026,0.986156,1,All,#4682B4,0
4,10,11.5,1.27,0.778818,0.958555,1,All,#4682B4,0
5,10,11.5,1.27,1.11468,1.25521,1,All,#4682B4,0
6,10,11.5,1.27,0.167761,1.09314,1,All,#4682B4,0
7,10,11.5,1.27,1.16404,1.18261,1,All,#4682B4,0
8,10,11.5,1.27,0.976813,1.20676,1,All,#4682B4,0
9,10,11.5,1.27,0.231766,1.42253,1,All,#4682B4,0
10,10,11.5,1.27,1.11354,0.888059,1,All,#4682B4,0
1,10,12,1.27,0.722077,0.877538,1,All,#4682B4,0
2,10,12,1.27,1.0236,1.03172,1,All,#4682B4,0
3,10,12,1.27,0.864898,0.779241,1,All,#4682B4,0
4,10,12,1.27,1.06586,0.873693,1,All,#4682B4,0
5,10,12,1.27,1.02098,1.1188,1,All,#4682B4,0
6,10,12,1.27,1.13033,0.964374,1,All,#4682B4,0
7,10,12,1.27,1.18403,1.048,1,All,#4682B4,0
8,10,12,1.27,1.05159,1.10822,1,All,#4682B4,0
9,10,12,1.27,0.582595,1.26495,1,All,#4682B4,0
10,10,12,1.27,0.609891,0.761032,1,All,#4682B4,0
1,10,12.5,1.27,0.928363,0.808886,1,All,#4682B4,0
2,10,12.5,1.27,0.965534,0.86905,1,All,#4682B4,0
3,10,12.5,1.27,0.590742,0.572956,1,All,#4682B4,0
4,10,12.5,1.27,0.433767,0.792215,1,All,#4682B4,0
5,10,12.5,1.27,0.711779,0.982649,1,All,#4682B4,0
6,10,12.5,1.27,1.03728,0.841,1,All,#4682B4,0
7,10,12.5,1.27,0.879087,0.908842,1,All,#4682B4,0
8,10,12.5,1.27,1.12706,0.987951,1,All,#4682B4,0
9,10,12.5,1.27,0.0845199,1.08249,1,All,#4682B4,0
10,10,12.5,1.27,0.598905,0.634016,1,All,#4682B4,0
1,10,13,1.27,0.823081,0.744742,1,All,#4682B4,0
2,10,13,1.27,0.634173,0.713397,1,All,#4682B4,0
3,10,13,1.27,0.497179,0.367655,1,All,#4682B4,0
4,10,13,1.27,0.395871,0.712219,1,All,#4682B4,0
5,10,13,1.27,0.869894,0.847532,1,All,#4682B4,0
6,10,13,1.27,0.760364,0.725083,1,All,#4682B4,0
7,10,13,1.27,0.876426,0.771394,1,All,#4682B4,0
8,10,13,1.27,0.959207,0.851365,1,All,#4682B4,0
9,10,13,1.27,0.387156,0.895229,1,All,#4682B4,0
10,10,13,1.27,0.388143,0.507435,1,All,#4682B4,0
1,10,13.5,1.27,0.552545,0.682317,1,All,#4682B4,0
2,10,13.5,1.27,0.5242,0.560583,1,All,#4682B4,0
3,10,13.5,1.27,0.196506,0.163458,1,All,#4682B4,0
4,10,13.5,1.27,0.481456,0.632253,1,All,#4682B4,0
5,10,13.5,1.27,1.07001,0.714344,1,All,#4682B4,0
6,10,13.5,1.27,0.467475,0.614979,1,All,#4682B4,0
7,10,13.5,1.27,0.571083,0.635988,1,All,#4682B4,0
8,10,13.5,1.27,0.795887,0.711546,1,All,#4682B4,0
9,10,13.5,1.27,1.06113,0.710392,1,All,#4682B4,0
10,10,13.5,1.27,0.269539,0.38069,1,All,#4682B4,0
1,10,14,1.27,1.03301,0.621287,1,All,#4682B4,0
2,10,14,1.27,0.548559,0.411195,1,All,#4682B4,0
3,10,14,1.27,2.36346e-16,0,1,All,#4682B4,0
4,10,14,1.27,0.633901,0.553424,1,All,#4682B4,0
5,10,14,1.27,0.700376,0.582658,1,All,#4682B4,0
6,10,14,1.27,0.406423,0.511609,1,All,#4682B4,0
7,10,14,1.27,0.43982,0.50321,1,All,#4682B4,0
8,10,14,1.27,0.873848,0.572067,1,All,#4682B4,0
9,10,14,1.27,0.521661,0.529287,1,All,#4682B4,0
10,10,14,1.27,0.195433,0.253375,1,All,#4682B4,0
1,10,14.5,1.27,0.938622,0.558231,1,All,#4682B4,0
2,10,14.5,1.27,0.339371,0.265192,1,All,#4682B4,0
3,10,14.5,1.27,3.71203e-16,0,1,All,#4682B4,0
4,10,14.5,1.27,0.16188,0.474079,1,All,#4682B4,0
5,10,14.5,1.27,0.839168,0.451402,1,All,#4682B4,0
6,10,14.5,1.27,0.674838,0.410634,1,All,#4682B4,0
7,10,14.5,1.27,0.254791,0.37328,1,All,#4682B4,0
8,10,14.5,1.27,0.464625,0.43758,1,All,#4682B4,0
9,10,14.5,1.27,0.194778,0.352699,1,All,#4682B4,0
10,10,14.5,1.27,0.0841015,0.125528,1,All,#4682B4,0
1,10,15,1.27,0.797106,0.495184,1,All,#4682B4,0
2,10,15,1.27,0.155802,0.12111,1,All,#4682B4,0
3,10,15,1.27,4.08479e-16,0,1,All,#4682B4,0
4,10,15,1.27,0.356628,0.39451,1,All,#4682B4,0
5,10,15,1.27,0.231374,0.320937,1,All,#4682B4,0
6,10,15,1.27,0.241361,0.313917,1,All,#4682B4,0
7,10,15,1.27,0.383352,0.244925,1,All,#4682B4,0
8,10,15,1.27,0.20877,0.308404,1,All,#4682B4,0
9,10,15,1.27,0.251817,0.178603,1,All,#4682B4,0
10,10,15,1.27,1.45661e-16,0,1,All,#4682B4,0
1,10,15.5,1.27,0.365232,0.430953,1,All,#4682B4,0
2,10,15.5,1.27,2.43388e-16,0,1,All,#4682B4,0
3,10,15.5,1.27,5.31561e-17,0,1,All,#4682B4,0
4,10,15.5,1.27,0.37008,0.313492,1,All,#4682B4,0
5,10,15.5,1.27,0.0874965,0.19065,1,All,#4682B4,0
6,10,15.5,1.27,0.280103,0.218449,1,All,#4682B4,0
7,10,15.5,1.27,0.108608,0.117941,1,All,#4682B4,0
8,10,15.5,1.27,0.265812,0.183479,1,All,#4682B4,0
9,10,15.5,1.27,0.00695617,0.006835,1,All,#4682B4,0
10,10,15.5,1.27,2.68708e-16,0,1,All,#4682B4,0
1,10,16,1.27,0.365518,0.363541,1,All,#4682B4,0
2,10,16,1.27,1.5779e-16,0,1,All,#4682B4,0
3,10,16,1.27,5.09802e-18,0,1,All,#4682B4,0
4,10,16,1.27,0.34423,0.233108,1,All,#4682B4,0
5,10,16,1.27,0.055423,0.0603672,1,All,#4682B4,0
6,10,16,1.27,0.136416,0.124119,1,All,#4682B4,0
7,10,16,1.27,3.55213e-16,0,1,All,#4682B4,0
8,10,16,1.27,0.0536499,0.0626378,1,All,#4682B4,0
9,10,16,1.27,7.23059e-17,0,1,All,#4682B4,0
10,10,16,1.27,1.32611e-17,0,1,All,#4682B4,0
1,10,16.5,1.27,0.32776,0.295515,1,All,#4682B4,0
2,10,16.5,1.27,1.81935e-16,0,1,All,#4682B4,0
3,10,16.5,1.27,3.85631e-16,0,1,All,#4682B4,0
4,10,16.5,1.27,0.197313,0.151548,1,All,#4682B4,0
5,10,16.5,1.27,7.74252e-17,0,1,All,#4682B4,0
6,10,16.5,1.27,0.0295936,0.0296805,1,All,#4682B4,0
7,10,16.5,1.27,5.86075e-17,0,1,All,#4682B4,0
8,10,16.5,1.27,3.01497e-17,0,1,All,#4682B4,0
9,10,16.5,1.27,1.01032e-16,0,1,All,#4682B4,0
10,10,16.5,1.27,7.77521e-17,0,1,All,#4682B4,0
1,11,1,1.27,1.59274e-18,0,1,All,#4682B4,0
2,11,1,1.27,2.3981e-16,0,1,All,#4682B4,0
3,11,1,1.27,4.217e-16,0,1,All,#4682B4,0
4,11,1,1.27,9.39539e-17,0,1,All,#4682B4,0
5,11,1,1.27,3.96492e-17,0,1,All,#4682B4,0
6,11,1,1.27,3.42153e-17,0,1,All,#4682B4,0
7,11,1,1.27,5.64385e-17,0,1,All,#4682B4,0
8,11,1,1.27,3.84177e-16,0,1,All,#4682B4,0
9,11,1,1.27,7.62618e-17,0,1,All,#4682B4,0
10,11,1,1.27,1.28454e-16,0,1,All,#4682B4,0
1,11,1.5,1.27,3.74885e-16,0,1,All,#4682B4,0
2,11,1.5,1.27,4.74484e-17,0,1,All,#4682B4,0
3,11,1.5,1.27,7.753e-17,0,1,All,#4682B4,0
4,11,1.5,1.27,6.89428e-17,0,1,All,#4682B4,0
5,11,1.5,1.27,1.15767e-16,0,1,All,#4682B4,0
6,11,1.5,1.27,7.07905e-16,0,1,All,#4682B4,0
7,11,1.5,1.27,4.91143e-18,0,1,All,#4682B4,0
8,11,1.5,1.27,9.90426e-17,0,1,All,#4682B4,0
9,11,1.5,1.27,1.7612e-16,0,1,All,#4682B4,0
10,11,1.5,1.27,3.41678e-17,0,1,All,#4682B4,0
1,11,2,2.26,2.26,1.66475,0,All,#4682B4,0
2,11,2,2.26,2.26,1.38082,0,All,#4682B4,0
3,11,2,2.26,2.26,1.54436,0,All,#4682B4,0
4,11,2,2.26,2.26,1.40507,0,All,#4682B4,0
5,11,2,2.26,2.26,1.45398,0,All,#4682B4,0
6,11,2,2.26,2.26,1.71029,0,All,#4682B4,0
7,11,2,2.26,2.26,1.35985,0,All,#4682B4,0
8,11,2,2.26,2.26,1.2942,0,All,#4682B4,0
9,11,2,2.26,2.26,1.7082,0,All,#4682B4,0
10,11,2,2.26,2.26,1.23797,0,All,#4682B4,0
1,11,2.5,1.27,0.647365,2.25868,1,All,#4682B4,0
2,11,2.5,1.27,0.747981,2.463,1,All,#4682B4,0
3,11,2.5,1.27,1.22296,2.01865,1,All,#4682B4,0
4,11,2.5,1.27,1.20577,2.29541,1,All,#4682B4,0
5,11,2.5,1.27,0.47322,2.32952,1,All,#4682B4,0
6,11,2.5,1.27,1.09713,2.38576,1,All,#4682B4,0
7,11,2.5,1.27,0.676271,2.19142,1,All,#4682B4,0
8,11,2.5,1.27,1.08904,2.25254,1,All,#4682B4,0
9,11,2.5,1.27,1.07061,2.46714,1,All,#4682B4,0
10,11,2.5,1.27,1.24272,2.22703,1,All,#4682B4,0
1,11,3,2.66,2.66,2.57043,0,All,#4682B4,0
2,11,3,2.66,2.66,2.90864,0,All,#4682B4,0
3,11,3,2.66,2.66,2.22234,0,All,#4682B4,0
4,11,3,2.66,2.66,2.67816,0,All,#4682B4,0
5,11,3,2.66,2.66,2.68927,0,All,#4682B4,0
6,11,3,2.66,2.66,2.62931,0,All,#4682B4,0
7,11,3,2.66,2.66,2.47693,0,All,#4682B4,0
8,11,3,2.66,2.66,2.59964,0,All,#4682B4,0
9,11,3,2.66,2.66,2.809,0,All,#4682B4,0
10,11,3,2.66,2.66,2.53896,0,All,#4682B4,0
1,11,3.5,3.36,3.36,2.75502,0,All,#4682B4,0
2,11,3.5,3.36,3.36,3.13035,0,All,#4682B4,0
3,11,3.5,3.36,3.36,2.32918,0,All,#4682B4,0
4,11,3.5,3.36,3.36,2.88595,0,All,#4682B4,0
5,11,3.5,3.36,3.36,2.88075,0,All,#4682B4,0
6,11,3.5,3.36,3.36,2.75158,0,All,#4682B4,0
7,11,3.5,3.36,3.36,2.61595,0,All,#4682B4,0
8,11,3.5,3.36,3.36,2.77631,0,All,#4682B4,0
9,11,3.5,3.36,3.36,2.9828,0,All,#4682B4,0
10,11,3.5,3.36,3.36,2.68911,0,All,#4682B4,0
1,11,4,2.78,2.78,2.85988,0,All,#4682B4,0
2,11,4,2.78,2.78,3.21647,0,All,#4682B4,0
3,11,4,2.78,2.78,2.38254,0,All,#4682B4,0
4,11,4,2.78,2.78,2.98901,0,All,#4682B4,0
5,11,4,2.78,2.78,2.9757,0,All,#4682B4,0
6,11,4,2.78,2.78,2.81106,0,All,#4682B4,0
7,11,4,2.78,2.78,2.68082,0,All,#4682B4,0
8,11,4,2.78,2.78,2.86297,0,All,#4682B4,0
9,11,4,2.78,2.78,3.0513,0,All,#4682B4,0
10,11,4,2.78,2.78,2.75655,0,All,#4682B4,0
1,11,4.5,3.46,3.46,2.90792,0,All,#4682B4,0
2,11,4.5,3.46,3.46,3.22335,0,All,#4682B4,0
3,11,4.5,3.46,3.46,2.40167,0,All,#4682B4,0
4,11,4.5,3.46,3.46,3.0225,0,All,#4682B4,0
5,11,4.5,3.46,3.46,3.00781,0,All,#4682B4,0
6,11,4.5,3.46,3.46,2.83265,0,All,#4682B4,0
7,11,4.5,3.46,3.46,2.70026,0,All,#4682B4,0
8,11,4.5,3.46,3.46,2.89117,0,All,#4682B4,0
9,11,4.5,3.46,3.46,3.05368,0,All,#4682B4,0
10,11,4.5,3.46,3.46,2.77622,0,All,#4682B4,0
1,11,5,3.24,3.24,2.91744,0,All,#4682B4,0
2,11,5,3.24,3.24,3.18867,0,All,#4682B4,0
3,11,5,3.24,3.24,2.39962,0,All,#4682B4,0
4,11,5,3.24,3.24,3.01438,0,All,#4682B4,0
5,11,5,3.24,3.24,3.00548,0,All,#4682B4,0
6,11,5,3.24,3.24,2.83232,0,All,#4682B4,0
7,11,5,3.24,3.24,2.69242,0,All,#4682B4,0
8,11,5,3.24,3.24,2.88284,0,All,#4682B4,0
9,11,5,3.24,3.24,3.0179,0,All,#4682B4,0
10,11,5,3.24,3.24,2.76858,0,All,#4682B4,0
1,11,5.5,2.23,2.23,2.90336,0,All,#4682B4,0
2,11,5.5,2.23,2.23,3.13039,0,All,#4682B4,0
3,11,5.5,2.23,2.23,2.38469,0,All,#4682B4,0
4,11,5.5,2.23,2.23,2.98115,0,All,#4682B4,0
5,11,5.5,2.23,2.23,2.98692,0,All,#4682B4,0
6,11,5.5,2.23,2.23,2.82043,0,All,#4682B4,0
7,11,5.5,2.23,2.23,2.66965,0,All,#4682B4,0
8,11,5.5,2.23,2.23,2.85216,0,All,#4682B4,0
9,11,5.5,2.23,2.23,2.95722,0,All,#4682B4,0
10,11,5.5,2.23,2.23,2.74047,0,All,#4682B4,0
1,11,6,3.32,3.32,2.87596,0,All,#4682B4,0
2,11,6,3.32,3.32,3.05318,0,All,#4682B4,0
3,11,6,3.32,3.32,2.36233,0,All,#4682B4,0
4,11,6,3.32,3.32,2.92859,0,All,#4682B4,0
5,11,6,3.32,3.32,2.96105,0,All,#4682B4,0
6,11,6,3.32,3.32,2.80269,0,All,#4682B4,0
7,11,6,3.32,3.32,2.63918,0,All,#4682B4,0
8,11,6,3.32,3.32,2.8049,0,All,#4682B4,0
9,11,6,3.32,3.32,2.87497,0,All,#4682B4,0
10,11,6,3.32,3.32,2.69545,0,All,#4682B4,0
1,11,6.5,3.97,3.97,2.83071,0,All,#4682B4,0
2,11,6.5,3.97,3.97,2.95591,0,All,#4682B4,0
3,11,6.5,3.97,3.97,2.33375,0,All,#4682B4,0
4,11,6.5,3.97,3.97,2.85614,0,All,#4682B4,0
5,11,6.5,3.97,3.97,2.92257,0,All,#4682B4,0
6,11,6.5,3.97,3.97,2.77696,0,All,#4682B4,0
7,11,6.5,3.97,3.97,2.60453,0,All,#4682B4,0
8,11,6.5,3.97,3.97,2.74173,0,All,#4682B4,0
9,11,6.5,3.97,3.97,2.76958,0,All,#4682B4,0
10,11,6.5,3.97,3.97,2.63234,0,All,#4682B4,0
1,11,7,3.4,3.4,2.7549,0,All,#4682B4,0
2,11,7,3.4,3.4,2.83508,0,All,#4682B4,0
3,11,7,3.4,3.4,2.28708,0,All,#4682B4,0
4,11,7,3.4,3.4,2.75978,0,All,#4682B4,0
5,11,7,3.4,3.4,2.86279,0,All,#4682B4,0
6,11,7,3.4,3.4,2.73313,0,All,#4682B4,0
7,11,7,3.4,3.4,2.55669,0,All,#4682B4,0
8,11,7,3.4,3.4,2.66063,0,All,#4682B4,0
9,11,7,3.4,3.4,2.63697,0,All,#4682B4,0
10,11,7,3.4,3.4,2.54712,0,All,#4682B4,0
1,11,7.5,4.23,4.23,2.6381,0,All,#4682B4,0
2,11,7.5,4.23,4.23,2.68598,0,All,#4682B4,0
3,11,7.5,4.23,4.23,2.21206,0,All,#4682B4,0
4,11,7.5,4.23,4.23,2.63312,0,All,#4682B4,0
5,11,7.5,4.23,4.23,2.7727,0,All,#4682B4,0
6,11,7.5,4.23,4.23,2.66194,0,All,#4682B4,0
7,11,7.5,4.23,4.23,2.47935,0,All,#4682B4,0
8,11,7.5,4.23,4.23,2.55802,0,All,#4682B4,0
9,11,7.5,4.23,4.23,2.4717,0,All,#4682B4,0
10,11,7.5,4.23,4.23,2.43364,0,All,#4682B4,0
1,11,8,2.19,2.19,2.46459,0,All,#4682B4,0
2,11,8,2.19,2.19,2.50341,0,All,#4682B4,0
3,11,8,2.19,2.19,2.09586,0,All,#4682B4,0
4,11,8,2.19,2.19,2.46766,0,All,#4682B4,0
5,11,8,2.19,2.19,2.63861,0,All,#4682B4,0
6,11,8,2.19,2.19,2.54862,0,All,#4682B4,0
7,11,8,2.19,2.19,2.35756,0,All,#4682B4,0
8,11,8,2.19,2.19,2.42907,0,All,#4682B4,0
9,11,8,2.19,2.19,2.26804,0,All,#4682B4,0
10,11,8,2.19,2.19,2.28345,0,All,#4682B4,0
1,11,8.5,1.27,1.12854,2.21483,1,All,#4682B4,0
2,11,8.5,1.27,0.678344,2.28253,1,All,#4682B4,0
3,11,8.5,1.27,1.06835,1.91999,1,All,#4682B4,0
4,11,8.5,1.27,0.493983,2.25316,1,All,#4682B4,0
5,11,8.5,1.27,1.0758,2.44122,1,All,#4682B4,0
6,11,8.5,1.27,1.25474,2.37092,1,All,#4682B4,0
7,11,8.5,1.27,0.668423,2.17016,1,All,#4682B4,0
8,11,8.5,1.27,1.15282,2.26794,1,All,#4682B4,0
9,11,8.5,1.27,0.945612,2.02333,1,All,#4682B4,0
10,11,8.5,1.27,1.24891,2.08622,1,All,#4682B4,0
1,11,9,1.27,0.656476,1.8804,1,All,#4682B4,0
2,11,9,1.27,0.0767251,2.02215,1,All,#4682B4,0
3,11,9,1.27,1.02914,1.66433,1,All,#4682B4,0
4,11,9,1.27,0.916425,1.98014,1,All,#4682B4,0
5,11,9,1.27,0.989149,2.16061,1,All,#4682B4,0
6,11,9,1.27,0.931738,2.10145,1,All,#4682B4,0
7,11,9,1.27,0.85006,1.89488,1,All,#4682B4,0
8,11,9,1.27,1.20856,2.06739,1,All,#4682B4,0
9,11,9,1.27,0.276602,1.74065,1,All,#4682B4,0
10,11,9,1.27,1.10972,1.83468,1,All,#4682B4,0
1,11,9.5,1.27,0.630431,1.51227,1,All,#4682B4,0
2,11,9.5,1.27,0.637845,1.73193,1,All,#4682B4,0
3,11,9.5,1.27,0.6544,1.34705,1,All,#4682B4,0
4,11,9.5,1.27,1.20516,1.65094,1,All,#4682B4,0
5,11,9.5,1.27,0.433231,1.79462,1,All,#4682B4,0
6,11,9.5,1.27,0.932809,1.73626,1,All,#4682B4,0
7,11,9.5,1.27,0.677354,1.55427,1,All,#4682B4,0
8,11,9.5,1.27,0.720037,1.82316,1,All,#4682B4,0
9,11,9.5,1.27,0.617225,1.44727,1,All,#4682B4,0
10,11,9.5,1.27,1.06828,1.53719,1,All,#4682B4,0
1,11,10,1.27,0.494179,1.19874,1,All,#4682B4,0
2,11,10,1.27,0.799137,1.44925,1,All,#4682B4,0
3,11,10,1.27,1.24648,1.06468,1,All,#4682B4,0
4,11,10,1.27,1.22996,1.2963,1,All,#4682B4,0
5,11,10,1.27,0.281651,1.42642,1,All,#4682B4,0
6,11,10,1.27,1.22252,1.40777,1,All,#4682B4,0
7,11,10,1.27,0.52365,1.26404,1,All,#4682B4,0
8,11,10,1.27,1.18502,1.53871,1,All,#4682B4,0
9,11,10,1.27,0.399765,1.18641,1,All,#4682B4,0
10,11,10,1.27,1.18728,1.25379,1,All,#4682B4,0
1,11,10.5,1.27,0.523021,0.951091,1,All,#4682B4,0
2,11,10.5,1.27,0.873551,1.21014,1,All,#4682B4,0
3,11,10.5,1.27,0.868115,0.86475,1,All,#4682B4,0
4,11,10.5,1.27,0.63367,0.993775,1,All,#4682B4,0
5,11,10.5,1.27,0.86903,1.15577,1,All,#4682B4,0
6,11,10.5,1.27,0.946451,1.20677,1,All,#4682B4,0
7,11,10.5,1.27,0.403513,1.065,1,All,#4682B4,0
8,11,10.5,1.27,0.442617,1.24288,1,All,#4682B4,0
9,11,10.5,1.27,1.11567,0.988187,1,All,#4682B4,0
10,11,10.5,1.27,1.01098,1.05603,1,All,#4682B4,0
1,11,11,1.27,0.427484,0.746635,1,All,#4682B4,0
2,11,11,1.27,0.922983,1.0287,1,All,#4682B4,0
3,11,11,1.27,1.18197,0.710401,1,All,#4682B4,0
4,11,11,1.27,1.06198,0.773775,1,All,#4682B4,0
5,11,11,1.27,0.345163,0.958294,1,All,#4682B4,0
6,11,11,1.27,0.760385,1.06281,1,All,#4682B4,0
7,11,11,1.27,0.0939576,0.912821,1,All,#4682B4,0
8,11,11,1.27,1.12264,0.991016,1,All,#4682B4,0
9,11,11,1.27,1.14029,0.844612,1,All,#4682B4,0
10,11,11,1.27,0.918116,0.923545,1,All,#4682B4,0
1,11,11.5,1.27,0.946628,0.569253,1,All,#4682B4,0
2,11,11.5,1.27,0.937076,0.896184,1,All,#4682B4,0
3,11,11.5,1.27,0.575991,0.579856,1,All,#4682B4,0
4,11,11.5,1.27,0.70373,0.613626,1,All,#4682B4,0
5,11,11.5,1.27,0.717953,0.799876,1,All,#4682B4,0
6,11,11.5,1.27,0.860312,0.944621,1,All,#4682B4,0
7,11,11.5,1.27,0.698437,0.783323,1,All,#4682B4,0
8,11,11.5,1.27,0.991633,0.809788,1,All,#4682B4,0
9,11,11.5,1.27,1.02208,0.734917,1,All,#4682B4,0
10,11,11.5,1.27,0.707992,0.825218,1,All,#4682B4,0
1,11,12,1.27,0.451518,0.406415,1,All,#4682B4,0
2,11,12,1.27,0.862914,0.793218,1,All,#4682B4,0
3,11,12,1.27,0.391463,0.460971,1,All,#4682B4,0
4,11,12,1.27,0.234091,0.491202,1,All,#4682B4,0
5,11,12,1.27,0.545197,0.662295,1,All,#4682B4,0
6,11,12,1.27,0.789229,0.837827,1,All,#4682B4,0
7,11,12,1.27,0.966667,0.664974,1,All,#4682B4,0
8,11,12,1.27,0.688351,0.680494,1,All,#4682B4,0
9,11,12,1.27,1.15567,0.64511,1,All,#4682B4,0
10,11,12,1.27,0.714734,0.744339,1,All,#4682B4,0
1,11,12.5,1.27,0.304253,0.251197,1,All,#4682B4,0
2,11,12.5,1.27,0.654754,0.707264,1,All,#4682B4,0
3,11,12.5,1.27,0.28073,0.347749,1,All,#4682B4,0
4,11,12.5,1.27,0.438477,0.387245,1,All,#4682B4,0
5,11,12.5,1.27,0.349117,0.533449,1,All,#4682B4,0
6,11,12.5,1.27,0.882167,0.734964,1,All,#4682B4,0
7,11,12.5,1.27,0.559881,0.550866,1,All,#4682B4,0
8,11,12.5,1.27,0.861549,0.582439,1,All,#4682B4,0
9,11,12.5,1.27,0.269564,0.566685,1,All,#4682B4,0
10,11,12.5,1.27,0.498121,0.671375,1,All,#4682B4,0
1,11,13,1.27,0.109441,0.0990186,1,All,#4682B4,0
2,11,13,1.27,0.384222,0.630251,1,All,#4682B4,0
3,11,13,1.27,0.114507,0.23734,1,All,#4682B4,0
4,11,13,1.27,0.133984,0.29355,1,All,#4682B4,0
5,11,13,1.27,0.303274,0.408053,1,All,#4682B4,0
6,11,13,1.27,0.911055,0.6331,1,All,#4682B4,0
7,11,13,1.27,0.130906,0.438317,1,All,#4682B4,0
8,11,13,1.27,0.493192,0.500363,1,All,#4682B4,0
9,11,13,1.27,0.491323,0.492956,1,All,#4682B4,0
10,11,13,1.27,0.623571,0.601757,1,All,#4682B4,0
1,11,13.5,1.27,2.09474e-16,0,1,All,#4682B4,0
2,11,13.5,1.27,0.657063,0.557171,1,All,#4682B4,0
3,11,13.5,1.27,0.134482,0.128315,1,All,#4682B4,0
4,11,13.5,1.27,0.170386,0.204144,1,All,#4682B4,0
5,11,13.5,1.27,0.275378,0.282892,1,All,#4682B4,0
6,11,13.5,1.27,0.290048,0.531256,1,All,#4682B4,0
7,11,13.5,1.27,0.272633,0.326338,1,All,#4682B4,0
8,11,13.5,1.27,0.420529,0.427375,1,All,#4682B4,0
9,11,13.5,1.27,0.576156,0.421415,1,All,#4682B4,0
10,11,13.5,1.27,0.946746,0.533024,1,All,#4682B4,0
1,11,14,1.27,1.03388e-16,0,1,All,#4682B4,0
2,11,14,1.27,0.57602,0.485644,1,All,#4682B4,0
3,11,14,1.27,0.0246391,0.0199099,1,All,#4682B4,0
4,11,14,1.27,0.146344,0.116684,1,All,#4682B4,0
5,11,14,1.27,0.162554,0.157142,1,All,#4682B4,0
6,11,14,1.27,0.22329,0.42876,1,All,#4682B4,0
7,11,14,1.27,0.255245,0.214004,1,All,#4682B4,0
8,11,14,1.27,0.392326,0.359111,1,All,#4682B4,0
9,11,14,1.27,0.260997,0.350044,1,All,#4682B4,0
10,11,14,1.27,0.930312,0.464909,1,All,#4682B4,0
1,11,14.5,1.27,6.93433e-17,0,1,All,#4682B4,0
2,11,14.5,1.27,0.165202,0.413509,1,All,#4682B4,0
3,11,14.5,1.27,5.12994e-17,0,1,All,#4682B4,0
4,11,14.5,1.27,0.0509854,0.0288001,1,All,#4682B4,0
5,11,14.5,1.27,0.035551,0.0299937,1,All,#4682B4,0
6,11,14.5,1.27,0.51833,0.325656,1,All,#4682B4,0
7,11,14.5,1.27,0.0912072,0.101254,1,All,#4682B4,0
8,11,14.5,1.27,0.507318,0.291946,1,All,#4682B4,0
9,11,14.5,1.27,0.373456,0.278569,1,All,#4682B4,0
10,11,14.5,1.27,0.704426,0.396509,1,All,#4682B4,0
1,11,15,1.27,3.25013e-17,0,1,All,#4682B4,0
2,11,15,1.27,0.271062,0.3409,1,All,#4682B4,0
3,11,15,1.27,9.69883e-17,0,1,All,#4682B4,0
4,11,15,1.27,3.98066e-17,0,1,All,#4682B4,0
5,11,15,1.27,1.87853e-17,0,1,All,#4682B4,0
6,11,15,1.27,0.197785,0.221791,1,All,#4682B4,0
7,11,15,1.27,1.6027e-16,0,1,All,#4682B4,0
8,11,15,1.27,0.189843,0.226218,1,All,#4682B4,0
9,11,15,1.27,0.363862,0.20654,1,All,#4682B4,0
10,11,15,1.27,0.468155,0.327793,1,All,#4682B4,0
1,11,15.5,1.27,2.60492e-16,0,1,All,#4682B4,0
2,11,15.5,1.27,0.301331,0.266986,1,All,#4682B4,0
3,11,15.5,1.27,3.40155e-16,0,1,All,#4682B4,0
4,11,15.5,1.27,1.19847e-16,0,1,All,#4682B4,0
5,11,15.5,1.27,1.08641e-17,0,1,All,#4682B4,0
6,11,15.5,1.27,0.133223,0.117268,1,All,#4682B4,0
7,11,15.5,1.27,2.15575e-16,0,1,All,#4682B4,0
8,11,15.5,1.27,0.136422,0.160441,1,All,#4682B4,0
9,11,15.5,1.27,0.0512627,0.133613,1,All,#4682B4,0
10,11,15.5,1.27,0.319149,0.258631,1,All,#4682B4,0
1,12,1,1.27,1.41849e-16,0,1,All,#4682B4,0
2,12,1,1.27,1.48419e-16,0,1,All,#4682B4,0
3,12,1,1.27,9.03094e-17,0,1,All,#4682B4,0
4,12,1,1.27,1.1979e-16,0,1,All,#4682B4,0
5,12,1,1.27,1.05498e-16,0,1,All,#4682B4,0
6,12,1,1.27,9.89112e-17,0,1,All,#4682B4,0
7,12,1,1.27,1.76024e-16,0,1,All,#4682B4,0
8,12,1,1.27,1.14419e-16,0,1,All,#4682B4,0
9,12,1,1.27,1.08703e-16,0,1,All,#4682B4,0
10,12,1,1.27,4.97902e-17,0,1,All,#4682B4,0
1,12,1.5,1.27,3.40427e-16,0,1,All,#4682B4,0
2,12,1.5,1.27,6.10238e-17,0,1,All,#4682B4,0
3,12,1.5,1.27,1.99617e-16,0,1,All,#4682B4,0
4,12,1.5,1.27,3.2522e-16,0,1,All,#4682B4,0
5,12,1.5,1.27,9.11915e-17,0,1,All,#4682B4,0
6,12,1.5,1.27,1.93635e-16,0,1,All,#4682B4,0
7,12,1.5,1.27,8.62658e-17,0,1,All,#4682B4,0
8,12,1.5,1.27,8.04237e-17,0,1,All,#4682B4,0
9,12,1.5,1.27,5.22909e-17,0,1,All,#4682B4,0
10,12,1.5,1.27,4.03255e-17,0,1,All,#4682B4,0
1,12,2,1.27,1.0163e-16,0,1,All,#4682B4,0
2,12,2,1.27,1.06311e-16,0,1,All,#4682B4,0
3,12,2,1.27,5.05618e-16,0,1,All,#4682B4,0
4,12,2,1.27,1.72151e-16,0,1,All,#4682B4,0
5,12,2,1.27,4.86085e-16,0,1,All,#4682B4,0
6,12,2,1.27,9.68367e-17,0,1,All,#4682B4,0
7,12,2,1.27,3.09943e-16,0,1,All,#4682B4,0
8,12,2,1.27,1.31424e-16,0,1,All,#4682B4,0
9,12,2,1.27,1.1854e-16,0,1,All,#4682B4,0
10,12,2,1.27,2.68395e-16,0,1,All,#4682B4,0
1,12,2.5,1.27,2.60349e-16,0,1,All,#4682B4,0
2,12,2.5,1.27,6.5795e-18,0,1,All,#4682B4,0
3,12,2.5,1.27,7.99527e-17,0,1,All,#4682B4,0
4,12,2.5,1.27,2.4808e-17,0,1,All,#4682B4,0
5,12,2.5,1.27,5.34149e-17,0,1,All,#4682B4,0
6,12,2.5,1.27,8.71572e-19,0,1,All,#4682B4,0
7,12,2.5,1.27,9.11096e-17,0,1,All,#4682B4,0
8,12,2.5,1.27,4.3217e-16,0,1,All,#4682B4,0
9,12,2.5,1.27,4.08123e-16,0,1,All,#4682B4,0
10,12,2.5,1.27,6.73875e-17,0,1,All,#4682B4,0
1,12,3,1.27,2.31304e-16,0,1,All,#4682B4,0
2,12,3,1.27,2.01381e-16,0,1,All,#4682B4,0
3,12,3,1.27,2.33296e-16,0,1,All,#4682B4,0
4,12,3,1.27,8.60889e-17,0,1,All,#4682B4,0
5,12,3,1.27,1.96152e-17,0,1,All,#4682B4,0
6,12,3,1.27,1.37181e-16,0,1,All,#4682B4,0
7,12,3,1.27,1.04054e-16,0,1,All,#4682B4,0
8,12,3,1.27,2.17045e-16,0,1,All,#4682B4,0
9,12,3,1.27,2.47495e-17,0,1,All,#4682B4,0
10,12,3,1.27,1.85437e-16,0,1,All,#4682B4,0
1,12,3.5,1.27,1.07788e-17,0,1,All,#4682B4,0
2,12,3.5,1.27,6.37949e-17,0,1,All,#4682B4,0
3,12,3.5,1.27,1.82508e-16,0,1,All,#4682B4,0
4,12,3.5,1.27,1.13559e-16,0,1,All,#4682B4,0
5,12,3.5,1.27,2.00003e-16,0,1,All,#4682B4,0
6,12,3.5,1.27,3.77059e-16,0,1,All,#4682B4,0
7,12,3.5,1.27,2.04883e-16,0,1,All,#4682B4,0
8,12,3.5,1.27,1.04022e-16,0,1,All,#4682B4,0
9,12,3.5,1.27,5.36903e-17,0,1,All,#4682B4,0
10,12,3.5,1.27,7.65426e-17,0,1,All,#4682B4,0
1,12,4,1.27,1.084e-16,0,1,All,#4682B4,0
2,12,4,1.27,3.48329e-16,0,1,All,#4682B4,0
3,12,4,1.27,1.38294e-16,0,1,All,#4682B4,0
4,12,4,1.27,7.14367e-17,0,1,All,#4682B4,0
5,12,4,1.27,2.59104e-16,0,1,All,#4682B4,0
6,12,4,1.27,3.04871e-16,0,1,All,#4682B4,0
7,12,4,1.27,1.082e-16,0,1,All,#4682B4,0
8,12,4,1.27,7.97278e-17,0,1,All,#4682B4,0
9,12,4,1.27,3.26462e-16,0,1,All,#4682B4,0
10,12,4,1.27,3.70354e-16,0,1,All,#4682B4,0
1,12,4.5,1.27,0.00804747,0.00495584,1,All,#4682B4,0
2,12,4.5,1.27,0.934022,0.709089,1,All,#4682B4,0
3,12,4.5,1.27,0.505163,0.552787,1,All,#4682B4,0
4,12,4.5,1.27,0.704988,0.687591,1,All,#4682B4,0
5,12,4.5,1.27,2.33962e-16,0,1,All,#4682B4,0
6,12,4.5,1.27,0.750399,1.1833,1,All,#4682B4,0
7,12,4.5,1.27,1.89957e-16,0,1,All,#4682B4,0
8,12,4.5,1.27,1.10909,1.07606,1,All,#4682B4,0
9,12,4.5,1.27,0.306329,0.346912,1,All,#4682B4,0
10,12,4.5,1.27,0.656407,0.485436,1,All,#4682B4,0
1,12,5,1.27,0.71093,1.3234,1,All,#4682B4,0
2,12,5,1.27,1.00742,1.65691,1,All,#4682B4,0
3,12,5,1.27,1.21857,1.52825,1,All,#4682B4,0
4,12,5,1.27,0.644716,1.57036,1,All,#4682B4,0
5,12,5,1.27,1.06566,1.39098,1,All,#4682B4,0
6,12,5,1.27,0.660014,1.74167,1,All,#4682B4,0
7,12,5,1.27,1.1518,1.5685,1,All,#4682B4,0
8,12,5,1.27,1.0516,1.91555,1,All,#4682B4,0
9,12,5,1.27,0.0332408,1.35832,1,All,#4682B4,0
10,12,5,1.27,1.04305,1.59615,1,All,#4682B4,0
1,12,5.5,3.72,3.72,1.78212,0,All,#4682B4,0
2,12,5.5,3.72,3.72,1.99474,0,All,#4682B4,0
3,12,5.5,3.72,3.72,1.85344,0,All,#4682B4,0
4,12,5.5,3.72,3.72,1.85152,0,All,#4682B4,0
5,12,5.5,3.72,3.72,1.89603,0,All,#4682B4,0
6,12,5.5,3.72,3.72,1.9376,0,All,#4682B4,0
7,12,5.5,3.72,3.72,2.1291,0,All,#4682B4,0
8,12,5.5,3.72,3.72,2.20227,0,All,#4682B4,0
9,12,5.5,3.72,3.72,1.74815,0,All,#4682B4,0
10,12,5.5,3.72,3.72,2.09707,0,All,#4682B4,0
1,12,6,2.26,2.26,1.96829,0,All,#4682B4,0
2,12,6,2.26,2.26,2.07025,0,All,#4682B4,0
3,12,6,2.26,2.26,1.94058,0,All,#4682B4,0
4,12,6,2.26,2.26,1.90325,0,All,#4682B4,0
5,12,6,2.26,2.26,2.10969,0,All,#4682B4,0
6,12,6,2.26,2.26,1.95004,0,All,#4682B4,0
7,12,6,2.26,2.26,2.32304,0,All,#4682B4,0
8,12,6,2.26,2.26,2.23393,0,All,#4682B4,0
9,12,6,2.26,2.26,1.88118,0,All,#4682B4,0
10,12,6,2.26,2.26,2.33112,0,All,#4682B4,0
1,12,6.5,1.27,0.833412,1.9939,1,All,#4682B4,0
2,12,6.5,1.27,0.672759,2.02808,1,All,#4682B4,0
3,12,6.5,1.27,0.974694,1.90743,1,All,#4682B4,0
4,12,6.5,1.27,0.911757,1.86206,1,All,#4682B4,0
5,12,6.5,1.27,0.221682,2.15452,1,All,#4682B4,0
6,12,6.5,1.27,0.843036,1.88789,1,All,#4682B4,0
7,12,6.5,1.27,0.61043,2.30698,1,All,#4682B4,0
8,12,6.5,1.27,0.890856,2.16588,1,All,#4682B4,0
9,12,6.5,1.27,1.09206,1.8676,1,All,#4682B4,0
10,12,6.5,1.27,0.820152,2.38443,1,All,#4682B4,0
1,12,7,1.85,1.85,1.93672,0,All,#4682B4,0
2,12,7,1.85,1.85,1.94349,0,All,#4682B4,0
3,12,7,1.85,1.85,1.82042,0,All,#4682B4,0
4,12,7,1.85,1.85,1.78943,0,All,#4682B4,0
5,12,7,1.85,1.85,2.09958,0,All,#4682B4,0
6,12,7,1.85,1.85,1.79709,0,All,#4682B4,0
7,12,7,1.85,1.85,2.20297,0,All,#4682B4,0
8,12,7,1.85,1.85,2.06234,0,All,#4682B4,0
9,12,7,1.85,1.85,1.7855,0,All,#4682B4,0
10,12,7,1.85,1.85,2.32729,0,All,#4682B4,0
1,12,7.5,1.27,0.695089,1.8404,1,All,#4682B4,0
2,12,7.5,1.27,1.23651,1.84039,1,All,#4682B4,0
3,12,7.5,1.27,1.01741,1.70449,1,All,#4682B4,0
4,12,7.5,1.27,1.24424,1.70301,1,All,#4682B4,0
5,12,7.5,1.27,1.21353,1.98922,1,All,#4682B4,0
6,12,7.5,1.27,1.20522,1.69046,1,All,#4682B4,0
7,12,7.5,1.27,0.45196,2.0614,1,All,#4682B4,0
8,12,7.5,1.27,0.756298,1.93975,1,All,#4682B4,0
9,12,7.5,1.27,0.826376,1.67045,1,All,#4682B4,0
10,12,7.5,1.27,0.75798,2.21268,1,All,#4682B4,0
1,12,8,1.27,1.18895,1.72264,1,All,#4682B4,0
2,12,8,1.27,1.00216,1.72471,1,All,#4682B4,0
3,12,8,1.27,1.06566,1.56651,1,All,#4682B4,0
4,12,8,1.27,1.10972,1.60681,1,All,#4682B4,0
5,12,8,1.27,0.638099,1.84552,1,All,#4682B4,0
6,12,8,1.27,0.511153,1.57078,1,All,#4682B4,0
7,12,8,1.27,1.24421,1.89869,1,All,#4682B4,0
8,12,8,1.27,0.831766,1.80125,1,All,#4682B4,0
9,12,8,1.27,1.13695,1.53374,1,All,#4682B4,0
10,12,8,1.27,0.370942,2.06708,1,All,#4682B4,0
1,12,8.5,1.27,1.19496,1.58944,1,All,#4682B4,0
2,12,8.5,1.27,0.899008,1.59756,1,All,#4682B4,0
3,12,8.5,1.27,0.907579,1.40776,1,All,#4682B4,0
4,12,8.5,1.27,1.24922,1.50142,1,All,#4682B4,0
5,12,8.5,1.27,0.568498,1.67848,1,All,#4682B4,0
6,12,8.5,1.27,1.07149,1.43846,1,All,#4682B4,0
7,12,8.5,1.27,0.24665,1.72,1,All,#4682B4,0
8,12,8.5,1.27,1.24677,1.64698,1,All,#4682B4,0
9,12,8.5,1.27,1.13389,1.37868,1,All,#4682B4,0
10,12,8.5,1.27,1.14125,1.90146,1,All,#4682B4,0
1,12,9,1.27,0.492642,1.44307,1,All,#4682B4,0
2,12,9,1.27,0.782878,1.45907,1,All,#4682B4,0
3,12,9,1.27,0.839048,1.22868,1,All,#4682B4,0
4,12,9,1.27,0.874485,1.38672,1,All,#4682B4,0
5,12,9,1.27,0.74476,1.4951,1,All,#4682B4,0
6,12,9,1.27,0.727015,1.29391,1,All,#4682B4,0
7,12,9,1.27,0.559178,1.52808,1,All,#4682B4,0
8,12,9,1.27,1.17665,1.47686,1,All,#4682B4,0
9,12,9,1.27,0.915302,1.20701,1,All,#4682B4,0
10,12,9,1.27,0.945952,1.72149,1,All,#4682B4,0
1,12,9.5,1.27,0.947579,1.28523,1,All,#4682B4,0
2,12,9.5,1.27,0.541241,1.30958,1,All,#4682B4,0
3,12,9.5,1.27,0.560186,1.03201,1,All,#4682B4,0
4,12,9.5,1.27,0.983339,1.26275,1,All,#4682B4,0
5,12,9.5,1.27,0.916532,1.3042,1,All,#4682B4,0
6,12,9.5,1.27,1.13783,1.1387,1,All,#4682B4,0
7,12,9.5,1.27,0.875617,1.32488,1,All,#4682B4,0
8,12,9.5,1.27,1.0056,1.29228,1,All,#4682B4,0
9,12,9.5,1.27,1.21299,1.02186,1,All,#4682B4,0
10,12,9.5,1.27,0.877342,1.53148,1,All,#4682B4,0
1,12,10,1.27,0.980317,1.11872,1,All,#4682B4,0
2,12,10,1.27,1.18402,1.15058,1,All,#4682B4,0
3,12,10,1.27,0.999342,0.826008,1,All,#4682B4,0
4,12,10,1.27,0.595115,1.13014,1,All,#4682B4,0
5,12,10,1.27,0.912076,1.11804,1,All,#4682B4,0
6,12,10,1.27,0.426861,0.976559,1,All,#4682B4,0
7,12,10,1.27,1.13774,1.11693,1,All,#4682B4,0
8,12,10,1.27,0.945393,1.09671,1,All,#4682B4,0
9,12,10,1.27,1.21049,0.830316,1,All,#4682B4,0
10,12,10,1.27,1.16175,1.33661,1,All,#4682B4,0
1,12,10.5,1.27,1.05348,0.948616,1,All,#4682B4,0
2,12,10.5,1.27,0.805101,0.985456,1,All,#4682B4,0
3,12,10.5,1.27,0.937464,0.629155,1,All,#4682B4,0
4,12,10.5,1.27,1.14215,0.990843,1,All,#4682B4,0
5,12,10.5,1.27,0.852233,0.951737,1,All,#4682B4,0
6,12,10.5,1.27,0.883304,0.814565,1,All,#4682B4,0
7,12,10.5,1.27,1.0236,0.912102,1,All,#4682B4,0
8,12,10.5,1.27,0.769651,0.900463,1,All,#4682B4,0
9,12,10.5,1.27,0.390038,0.647049,1,All,#4682B4,0
10,12,10.5,1.27,0.984898,1.14377,1,All,#4682B4,0
1,12,11,1.27,0.786118,0.783198,1,All,#4682B4,0
2,12,11,1.27,0.365055,0.820596,1,All,#4682B4,0
3,12,11,1.27,0.669108,0.463759,1,All,#4682B4,0
4,12,11,1.27,0.596755,0.848903,1,All,#4682B4,0
5,12,11,1.27,0.784626,0.815028,1,All,#4682B4,0
6,12,11,1.27,0.944512,0.664336,1,All,#4682B4,0
7,12,11,1.27,0.722671,0.722364,1,All,#4682B4,0
8,12,11,1.27,0.50067,0.716576,1,All,#4682B4,0
9,12,11,1.27,0.609872,0.486628,1,All,#4682B4,0
10,12,11,1.27,0.477462,0.961918,1,All,#4682B4,0
1,12,11.5,1.27,0.716589,0.633148,1,All,#4682B4,0
2,12,11.5,1.27,0.513638,0.66517,1,All,#4682B4,0
3,12,11.5,1.27,0.165111,0.34261,1,All,#4682B4,0
4,12,11.5,1.27,0.544302,0.711587,1,All,#4682B4,0
5,12,11.5,1.27,0.313644,0.709454,1,All,#4682B4,0
6,12,11.5,1.27,0.603427,0.53604,1,All,#4682B4,0
7,12,11.5,1.27,0.354252,0.559281,1,All,#4682B4,0
8,12,11.5,1.27,0.973479,0.56411,1,All,#4682B4,0
9,12,11.5,1.27,0.14754,0.360091,1,All,#4682B4,0
10,12,11.5,1.27,0.998111,0.800033,1,All,#4682B4,0
1,12,12,1.27,0.863407,0.508268,1,All,#4682B4,0
2,12,12,1.27,0.669388,0.528369,1,All,#4682B4,0
3,12,12,1.27,0.193988,0.260205,1,All,#4682B4,0
4,12,12,1.27,0.215424,0.587895,1,All,#4682B4,0
5,12,12,1.27,0.613285,0.63064,1,All,#4682B4,0
6,12,12,1.27,0.259118,0.436057,1,All,#4682B4,0
7,12,12,1.27,0.528543,0.42944,1,All,#4682B4,0
8,12,12,1.27,0.547945,0.446796,1,All,#4682B4,0
9,12,12,1.27,0.255357,0.267208,1,All,#4682B4,0
10,12,12,1.27,0.775688,0.663513,1,All,#4682B4,0
1,12,12.5,1.27,0.252418,0.411379,1,All,#4682B4,0
2,12,12.5,1.27,0.666295,0.418392,1,All,#4682B4,0
3,12,12.5,1.27,0.160319,0.204151,1,All,#4682B4,0
4,12,12.5,1.27,0.62151,0.486532,1,All,#4682B4,0
5,12,12.5,1.27,0.397346,0.570293,1,All,#4682B4,0
6,12,12.5,1.27,0.461796,0.363376,1,All,#4682B4,0
7,12,12.5,1.27,0.50064,0.332296,1,All,#4682B4,0
8,12,12.5,1.27,0.311341,0.364885,1,All,#4682B4,0
9,12,12.5,1.27,0.181222,0.201734,1,All,#4682B4,0
10,12,12.5,1.27,0.584516,0.553209,1,All,#4682B4,0
1,12,13,1.27,0.213706,0.340199,1,All,#4682B4,0
2,12,13,1.27,0.289926,0.337097,1,All,#4682B4,0
3,12,13,1.27,0.15717,0.163159,1,All,#4682B4,0
4,12,13,1.27,0.270127,0.411144,1,All,#4682B4,0
5,12,13,1.27,0.290549,0.522408,1,All,#4682B4,0
6,12,13,1.27,0.274883,0.313115,1,All,#4682B4,0
7,12,13,1.27,0.239918,0.263141,1,All,#4682B4,0
8,12,13,1.27,0.210917,0.30855,1,All,#4682B4,0
9,12,13,1.27,0.0545191,0.155028,1,All,#4682B4,0
10,12,13,1.27,0.220971,0.466858,1,All,#4682B4,0
1,12,13.5,1.27,0.288835,0.288828,1,All,#4682B4,0
2,12,13.5,1.27,0.315426,0.280225,1,All,#4682B4,0
3,12,13.5,1.27,0.134125,0.130878,1,All,#4682B4,0
4,12,13.5,1.27,0.24564,0.359198,1,All,#4682B4,0
5,12,13.5,1.27,0.41122,0.482358,1,All,#4682B4,0
6,12,13.5,1.27,0.360873,0.277969,1,All,#4682B4,0
7,12,13.5,1.27,0.262361,0.214923,1,All,#4682B4,0
8,12,13.5,1.27,0.179575,0.269772,1,All,#4682B4,0
9,12,13.5,1.27,0.0986362,0.119684,1,All,#4682B4,0
10,12,13.5,1.27,0.330744,0.400349,1,All,#4682B4,0
1,12,14,1.27,0.337314,0.252979,1,All,#4682B4,0
2,12,14,1.27,0.284073,0.241484,1,All,#4682B4,0
3,12,14,1.27,0.0971669,0.101478,1,All,#4682B4,0
4,12,14,1.27,0.522767,0.325178,1,All,#4682B4,0
5,12,14,1.27,0.289851,0.446018,1,All,#4682B4,0
6,12,14,1.27,0.397624,0.252218,1,All,#4682B4,0
7,12,14,1.27,0.357385,0.181253,1,All,#4682B4,0
8,12,14,1.27,0.221689,0.240896,1,All,#4682B4,0
9,12,14,1.27,0.0864596,0.0907209,1,All,#4682B4,0
10,12,14,1.27,0.254393,0.348962,1,All,#4682B4,0
1,12,14.5,1.27,0.23507,0.225777,1,All,#4682B4,0
2,12,14.5,1.27,0.252944,0.214777,1,All,#4682B4,0
3,12,14.5,1.27,0.0831904,0.0729626,1,All,#4682B4,0
4,12,14.5,1.27,0.375855,0.303129,1,All,#4682B4,0
5,12,14.5,1.27,0.541262,0.411822,1,All,#4682B4,0
6,12,14.5,1.27,0.232251,0.231371,1,All,#4682B4,0
7,12,14.5,1.27,0.162052,0.156786,1,All,#4682B4,0
8,12,14.5,1.27,0.254068,0.217329,1,All,#4682B4,0
9,12,14.5,1.27,0.117295,0.0641694,1,All,#4682B4,0
10,12,14.5,1.27,0.483604,0.308348,1,All,#4682B4,0
1,12,15,1.27,0.299875,0.203822,1,All,#4682B4,0
2,12,15,1.27,0.235337,0.195459,1,All,#4682B4,0
3,12,15,1.27,0.0129987,0.044257,1,All,#4682B4,0
4,12,15,1.27,0.220645,0.288109,1,All,#4682B4,0
5,12,15,1.27,0.152368,0.378196,1,All,#4682B4,0
6,12,15,1.27,0.118513,0.212529,1,All,#4682B4,0
7,12,15,1.27,0.0782037,0.137542,1,All,#4682B4,0
8,12,15,1.27,0.237449,0.195648,1,All,#4682B4,0
9,12,15,1.27,0.00938715,0.0380657,1,All,#4682B4,0
10,12,15,1.27,0.429094,0.275197,1,All,#4682B4,0
1,12,15.5,1.27,0.00661705,0.184385,1,All,#4682B4,0
2,12,15.5,1.27,0.184637,0.179496,1,All,#4682B4,0
3,12,15.5,1.27,0.0112415,0.0147768,1,All,#4682B4,0
4,12,15.5,1.27,0.318272,0.276597,1,All,#4682B4,0
5,12,15.5,1.27,0.350304,0.344444,1,All,#4682B4,0
6,12,15.5,1.27,0.285797,0.193931,1,All,#4682B4,0
7,12,15.5,1.27,0.170515,0.120778,1,All,#4682B4,0
8,12,15.5,1.27,0.21487,0.174437,1,All,#4682B4,0
9,12,15.5,1.27,0.00731664,0.01121,1,All,#4682B4,0
10,12,15.5,1.27,0.172308,0.246016,1,All,#4682B4,0
1,12,16,1.27,0.152995,0.165752,1,All,#4682B4,0
2,12,16,1.27,0.240541,0.164678,1,All,#4682B4,0
3,12,16,1.27,8.9508e-17,0,1,All,#4682B4,0
4,12,16,1.27,0.415697,0.266421,1,All,#4682B4,0
5,12,16,1.27,0.403454,0.310271,1,All,#4682B4,0
6,12,16,1.27,0.1312,0.173968,1,All,#4682B4,0
7,12,16,1.27,0.150261,0.105132,1,All,#4682B4,0
8,12,16,1.27,0.164639,0.152148,1,All,#4682B4,0
9,12,16,1.27,1.47612e-16,0,1,All,#4682B4,0
10,12,16,1.27,0.105244,0.219931,1,All,#4682B4,0
1,12,16.5,1.27,0.134337,0.146863,1,All,#4682B4,0
2,12,16.5,1.27,0.171936,0.151673,1,All,#4682B4,0
3,12,16.5,1.27,4.87491e-17,0,1,All,#4682B4,0
4,12,16.5,1.27,0.371575,0.256375,1,All,#4682B4,0
5,12,16.5,1.27,0.180441,0.275345,1,All,#4682B4,0
6,12,16.5,1.27,0.0263664,0.154217,1,All,#4682B4,0
7,12,16.5,1.27,0.0669028,0.0892013,1,All,#4682B4,0
8,12,16.5,1.27,0.14646,0.128494,1,All,#4682B4,0
9,12,16.5,1.27,3.14791e-16,0,1,All,#4682B4,0
10,12,16.5,1.27,0.350644,0.194155,1,All,#4682B4,0
1,12,17,1.27,0.0807018,0.127481,1,All,#4682B4,0
2,12,17,1.27,0.0252745,0.135576,1,All,#4682B4,0
3,12,17,1.27,1.79724e-16,0,1,All,#4682B4,0
4,12,17,1.27,0.2357,0.246147,1,All,#4682B4,0
5,12,17,1.27,0.334192,0.239625,1,All,#4682B4,0
6,12,17,1.27,0.0754932,0.132929,1,All,#4682B4,0
7,12,17,1.27,0.0989833,0.072725,1,All,#4682B4,0
8,12,17,1.27,0.028682,0.103504,1,All,#4682B4,0
9,12,17,1.27,9.61109e-17,0,1,All,#4682B4,0
10,12,17,1.27,0.191853,0.169354,1,All,#4682B4,0
1,12,17.5,1.27,0.185573,0.107317,1,All,#4682B4,0
2,12,17.5,1.27,0.0915093,0.119785,1,All,#4682B4,0
3,12,17.5,1.27,1.47608e-16,0,1,All,#4682B4,0
4,12,17.5,1.27,0.169821,0.234911,1,All,#4682B4,0
5,12,17.5,1.27,0.195764,0.203545,1,All,#4682B4,0
6,12,17.5,1.27,0.104546,0.10882,1,All,#4682B4,0
7,12,17.5,1.27,0.0839797,0.0543667,1,All,#4682B4,0
8,12,17.5,1.27,0.109391,0.0770291,1,All,#4682B4,0
9,12,17.5,1.27,8.94198e-17,0,1,All,#4682B4,0
10,12,17.5,1.27,0.238319,0.142463,1,All,#4682B4,0
1,12,18,1.27,0.0871867,0.0862096,1,All,#4682B4,0
2,12,18,1.27,0.119944,0.102468,1,All,#4682B4,0
3,12,18,1.27,3.32817e-16,0,1,All,#4682B4,0
4,12,18,1.27,0.239611,0.221433,1,All,#4682B4,0
5,12,18,1.27,0.26061,0.16645,1,All,#4682B4,0
6,12,18,1.27,0.107957,0.0839034,1,All,#4682B4,0
7,12,18,1.27,0.0505074,0.0349607,1,All,#4682B4,0
8,12,18,1.27,0.0690881,0.049313,1,All,#4682B4,0
9,12,18,1.27,8.35159e-17,0,1,All,#4682B4,0
10,12,18,1.27,0.128477,0.115776,1,All,#4682B4,0
1,13,1,1.27,4.62323e-16,0,1,All,#4682B4,0
2,13,1,1.27,1.18772e-16,0,1,All,#4682B4,0
3,13,1,1.27,1.91038e-16,0,1,All,#4682B4,0
4,13,1,1.27,1.30258e-16,0,1,All,#4682B4,0
5,13,1,1.27,6.19688e-16,0,1,All,#4682B4,0
6,13,1,1.27,7.30761e-17,0,1,All,#4682B4,0
7,13,1,1.27,4.87052e-17,0,1,All,#4682B4,0
8,13,1,1.27,1.80243e-16,0,1,All,#4682B4,0
9,13,1,1.27,4.58452e-16,0,1,All,#4682B4,0
10,13,1,1.27,5.64312e-17,0,1,All,#4682B4,0
1,13,1.5,1.27,2.8195e-16,0,1,All,#4682B4,0
2,13,1.5,1.27,4.0757e-16,0,1,All,#4682B4,0
3,13,1.5,1.27,1.74566e-17,0,1,All,#4682B4,0
4,13,1.5,1.27,2.32194e-17,0,1,All,#4682B4,0
5,13,1.5,1.27,4.10513e-16,0,1,All,#4682B4,0
6,13,1.5,1.27,4.13528e-17,0,1,All,#4682B4,0
7,13,1.5,1.27,2.13476e-16,0,1,All,#4682B4,0
8,13,1.5,1.27,1.81167e-16,0,1,All,#4682B4,0
9,13,1.5,1.27,9.41726e-17,0,1,All,#4682B4,0
10,13,1.5,1.27,2.21685e-16,0,1,All,#4682B4,0
1,13,2,1.27,3.10468e-16,0,1,All,#4682B4,0
2,13,2,1.27,3.63847e-17,0,1,All,#4682B4,0
3,13,2,1.27,2.30105e-16,0,1,All,#4682B4,0
4,13,2,1.27,1.65045e-16,0,1,All,#4682B4,0
5,13,2,1.27,2.4148e-16,0,1,All,#4682B4,0
6,13,2,1.27,2.70277e-16,0,1,All,#4682B4,0
7,13,2,1.27,6.4237e-17,0,1,All,#4682B4,0
8,13,2,1.27,5.59729e-16,0,1,All,#4682B4,0
9,13,2,1.27,7.02992e-17,0,1,All,#4682B4,0
10,13,2,1.27,3.14895e-16,0,1,All,#4682B4,0
1,13,2.5,1.27,1.21219e-16,0,1,All,#4682B4,0
2,13,2.5,1.27,0.0478156,0.0400937,1,All,#4682B4,0
3,13,2.5,1.27,1.29657e-16,0,1,All,#4682B4,0
4,13,2.5,1.27,0.198739,0.218702,1,All,#4682B4,0
5,13,2.5,1.27,2.70056e-16,0,1,All,#4682B4,0
6,13,2.5,1.27,0.0124537,0.0191214,1,All,#4682B4,0
7,13,2.5,1.27,0.0587415,0.142754,1,All,#4682B4,0
8,13,2.5,1.27,0.379625,0.325844,1,All,#4682B4,0
9,13,2.5,1.27,1.97496e-16,0,1,All,#4682B4,0
10,13,2.5,1.27,1.9408e-17,0,1,All,#4682B4,0
1,13,3,1.27,0.645108,0.746781,1,All,#4682B4,0
2,13,3,1.27,0.87076,0.677285,1,All,#4682B4,0
3,13,3,1.27,0.837123,0.695104,1,All,#4682B4,0
4,13,3,1.27,0.74383,0.885766,1,All,#4682B4,0
5,13,3,1.27,0.458109,0.525776,1,All,#4682B4,0
6,13,3,1.27,0.258016,0.848726,1,All,#4682B4,0
7,13,3,1.27,0.361161,0.817063,1,All,#4682B4,0
8,13,3,1.27,0.367721,0.821525,1,All,#4682B4,0
9,13,3,1.27,0.751598,0.565636,1,All,#4682B4,0
10,13,3,1.27,0.93763,0.676581,1,All,#4682B4,0
1,13,3.5,1.62,1.62,1.37912,0,All,#4682B4,0
2,13,3.5,1.62,1.62,1.13778,0,All,#4682B4,0
3,13,3.5,1.62,1.62,1.24533,0,All,#4682B4,0
4,13,3.5,1.62,1.62,1.41489,0,All,#4682B4,0
5,13,3.5,1.62,1.62,1.31799,0,All,#4682B4,0
6,13,3.5,1.62,1.62,1.49613,0,All,#4682B4,0
7,13,3.5,1.62,1.62,1.33587,0,All,#4682B4,0
8,13,3.5,1.62,1.62,1.16921,0,All,#4682B4,0
9,13,3.5,1.62,1.62,1.19351,0,All,#4682B4,0
10,13,3.5,1.62,1.62,1.47897,0,All,#4682B4,0
1,13,4,2.11,2.11,1.76333,0,All,#4682B4,0
2,13,4,2.11,2.11,1.40772,0,All,#4682B4,0
3,13,4,2.11,2.11,1.57642,0,All,#4682B4,0
4,13,4,2.11,2.11,1.76983,0,All,#4682B4,0
5,13,4,2.11,2.11,1.90434,0,All,#4682B4,0
6,13,4,2.11,2.11,1.86654,0,All,#4682B4,0
7,13,4,2.11,2.11,1.66186,0,All,#4682B4,0
8,13,4,2.11,2.11,1.37039,0,All,#4682B4,0
9,13,4,2.11,2.11,1.68423,0,All,#4682B4,0
10,13,4,2.11,2.11,1.97048,0,All,#4682B4,0
1,13,4.5,1.27,1.0782,1.80819,1,All,#4682B4,0
2,13,4.5,1.27,1.10943,1.47293,1,All,#4682B4,0
3,13,4.5,1.27,0.453553,1.63294,1,All,#4682B4,0
4,13,4.5,1.27,0.606738,1.89372,1,All,#4682B4,0
5,13,4.5,1.27,0.582187,2.11874,1,All,#4682B4,0
6,13,4.5,1.27,0.871164,1.87425,1,All,#4682B4,0
7,13,4.5,1.27,0.895175,1.74321,1,All,#4682B4,0
8,13,4.5,1.27,0.322514,1.42486,1,All,#4682B4,0
9,13,4.5,1.27,1.17751,1.96784,1,All,#4682B4,0
10,13,4.5,1.27,0.63312,1.96756,1,All,#4682B4,0
1,13,5,2,2,1.59589,0,All,#4682B4,0
2,13,5,2,2,1.37218,0,All,#4682B4,0
3,13,5,2,2,1.47409,0,All,#4682B4,0
4,13,5,2,2,1.80023,0,All,#4682B4,0
5,13,5,2,2,1.95052,0,All,#4682B4,0
6,13,5,2,2,1.62254,0,All,#4682B4,0
7,13,5,2,2,1.61437,0,All,#4682B4,0
8,13,5,2,2,1.36002,0,All,#4682B4,0
9,13,5,2,2,1.99153,0,All,#4682B4,0
10,13,5,2,2,1.6428,0,All,#4682B4,0
1,13,5.5,1.27,1.11931,1.28254,1,All,#4682B4,0
2,13,5.5,1.27,0.864388,1.18652,1,All,#4682B4,0
3,13,5.5,1.27,0.965135,1.22355,1,All,#4682B4,0
4,13,5.5,1.27,1.26074,1.58055,1,All,#4682B4,0
5,13,5.5,1.27,0.923082,1.61879,1,All,#4682B4,0
6,13,5.5,1.27,1.26158,1.28832,1,All,#4682B4,0
7,13,5.5,1.27,1.02051,1.37272,1,All,#4682B4,0
8,13,5.5,1.27,1.03886,1.22169,1,All,#4682B4,0
9,13,5.5,1.27,1.23462,1.8175,1,All,#4682B4,0
10,13,5.5,1.27,0.790558,1.24096,1,All,#4682B4,0
1,13,6,1.27,0.619919,0.971255,1,All,#4682B4,0
2,13,6,1.27,0.410198,0.984781,1,All,#4682B4,0
3,13,6,1.27,0.352035,0.969532,1,All,#4682B4,0
4,13,6,1.27,0.625215,1.32395,1,All,#4682B4,0
5,13,6,1.27,0.388421,1.27511,1,All,#4682B4,0
6,13,6,1.27,0.123565,0.972828,1,All,#4682B4,0
7,13,6,1.27,0.735974,1.10064,1,All,#4682B4,0
8,13,6,1.27,1.11448,1.05338,1,All,#4682B4,0
9,13,6,1.27,1.05536,1.56164,1,All,#4682B4,0
10,13,6,1.27,1.24704,0.889069,1,All,#4682B4,0
1,13,6.5,1.27,0.908902,0.709834,1,All,#4682B4,0
2,13,6.5,1.27,0.539788,0.805399,1,All,#4682B4,0
3,13,6.5,1.27,0.726053,0.753143,1,All,#4682B4,0
4,13,6.5,1.27,1.00761,1.0843,1,All,#4682B4,0
5,13,6.5,1.27,0.440542,0.988861,1,All,#4682B4,0
6,13,6.5,1.27,0.616284,0.71286,1,All,#4682B4,0
7,13,6.5,1.27,0.783458,0.846695,1,All,#4682B4,0
8,13,6.5,1.27,0.430865,0.885962,1,All,#4682B4,0
9,13,6.5,1.27,0.185691,1.30681,1,All,#4682B4,0
10,13,6.5,1.27,0.219109,0.623395,1,All,#4682B4,0
1,13,7,1.27,0.289486,0.511476,1,All,#4682B4,0
2,13,7,1.27,0.866332,0.664568,1,All,#4682B4,0
3,13,7,1.27,0.589025,0.588093,1,All,#4682B4,0
4,13,7,1.27,0.513662,0.88471,1,All,#4682B4,0
5,13,7,1.27,1.06256,0.775299,1,All,#4682B4,0
6,13,7,1.27,0.480683,0.518008,1,All,#4682B4,0
7,13,7,1.27,0.623968,0.630771,1,All,#4682B4,0
8,13,7,1.27,0.476072,0.735634,1,All,#4682B4,0
9,13,7,1.27,0.823657,1.09121,1,All,#4682B4,0
10,13,7,1.27,0.568882,0.440019,1,All,#4682B4,0
1,13,7.5,1.27,0.408821,0.374518,1,All,#4682B4,0
2,13,7.5,1.27,0.657128,0.565596,1,All,#4682B4,0
3,13,7.5,1.27,0.197133,0.475369,1,All,#4682B4,0
4,13,7.5,1.27,0.879042,0.732174,1,All,#4682B4,0
5,13,7.5,1.27,0.565817,0.632263,1,All,#4682B4,0
6,13,7.5,1.27,0.165433,0.385421,1,All,#4682B4,0
7,13,7.5,1.27,0.392404,0.46043,1,All,#4682B4,0
8,13,7.5,1.27,0.340274,0.612579,1,All,#4682B4,0
9,13,7.5,1.27,0.29276,0.930338,1,All,#4682B4,0
10,13,7.5,1.27,0.372235,0.328828,1,All,#4682B4,0
1,13,8,1.27,0.391995,0.292295,1,All,#4682B4,0
2,13,8,1.27,0.887088,0.505427,1,All,#4682B4,0
3,13,8,1.27,0.732966,0.410475,1,All,#4682B4,0
4,13,8,1.27,0.927856,0.625117,1,All,#4682B4,0
5,13,8,1.27,0.728039,0.551555,1,All,#4682B4,0
6,13,8,1.27,0.313931,0.308202,1,All,#4682B4,0
7,13,8,1.27,0.441602,0.334777,1,All,#4682B4,0
8,13,8,1.27,0.323249,0.522446,1,All,#4682B4,0
9,13,8,1.27,1.17846,0.820069,1,All,#4682B4,0
10,13,8,1.27,0.248743,0.28049,1,All,#4682B4,0
1,13,8.5,1.27,0.277786,0.257059,1,All,#4682B4,0
2,13,8.5,1.27,0.301049,0.479045,1,All,#4682B4,0
3,13,8.5,1.27,0.288835,0.386417,1,All,#4682B4,0
4,13,8.5,1.27,0.304899,0.559573,1,All,#4682B4,0
5,13,8.5,1.27,0.929898,0.524139,1,All,#4682B4,0
6,13,8.5,1.27,0.398701,0.278225,1,All,#4682B4,0
7,13,8.5,1.27,0.347722,0.249525,1,All,#4682B4,0
8,13,8.5,1.27,0.0978314,0.457714,1,All,#4682B4,0
9,13,8.5,1.27,0.802017,0.756732,1,All,#4682B4,0
10,13,8.5,1.27,0.154373,0.28419,1,All,#4682B4,0
1,13,9,1.27,0.246467,0.261079,1,All,#4682B4,0
2,13,9,1.27,0.559184,0.47885,1,All,#4682B4,0
3,13,9,1.27,0.359227,0.395848,1,All,#4682B4,0
4,13,9,1.27,0.634575,0.529546,1,All,#4682B4,0
5,13,9,1.27,0.495915,0.540229,1,All,#4682B4,0
6,13,9,1.27,0.0749021,0.287544,1,All,#4682B4,0
7,13,9,1.27,0.246856,0.199301,1,All,#4682B4,0
8,13,9,1.27,0.61777,0.417794,1,All,#4682B4,0
9,13,9,1.27,0.985128,0.734881,1,All,#4682B4,0
10,13,9,1.27,0.312605,0.330738,1,All,#4682B4,0
1,13,9.5,1.27,0.413402,0.296747,1,All,#4682B4,0
2,13,9.5,1.27,0.544676,0.498977,1,All,#4682B4,0
3,13,9.5,1.27,0.430263,0.430995,1,All,#4682B4,0
4,13,9.5,1.27,0.352795,0.530348,1,All,#4682B4,0
5,13,9.5,1.27,0.669198,0.590876,1,All,#4682B4,0
6,13,9.5,1.27,0.318509,0.328804,1,All,#4682B4,0
7,13,9.5,1.27,0.213983,0.179858,1,All,#4682B4,0
8,13,9.5,1.27,0.13005,0.399539,1,All,#4682B4,0
9,13,9.5,1.27,0.564803,0.746504,1,All,#4682B4,0
10,13,9.5,1.27,0.267986,0.411748,1,All,#4682B4,0
1,13,10,1.27,0.317987,0.357146,1,All,#4682B4,0
2,13,10,1.27,0.077587,0.533153,1,All,#4682B4,0
3,13,10,1.27,0.572449,0.484893,1,All,#4682B4,0
4,13,10,1.27,0.481082,0.554637,1,All,#4682B4,0
5,13,10,1.27,0.44148,0.667272,1,All,#4682B4,0
6,13,10,1.27,0.403064,0.39447,1,All,#4682B4,0
7,13,10,1.27,0.307363,0.186052,1,All,#4682B4,0
8,13,10,1.27,0.126978,0.398982,1,All,#4682B4,0
9,13,10,1.27,1.12414,0.784565,1,All,#4682B4,0
10,13,10,1.27,0.496972,0.518721,1,All,#4682B4,0
1,13,10.5,1.27,0.450773,0.43577,1,All,#4682B4,0
2,13,10.5,1.27,0.254963,0.575788,1,All,#4682B4,0
3,13,10.5,1.27,0.64209,0.551069,1,All,#4682B4,0
4,13,10.5,1.27,0.711061,0.597849,1,All,#4682B4,0
5,13,10.5,1.27,0.915005,0.760567,1,All,#4682B4,0
6,13,10.5,1.27,0.504327,0.477732,1,All,#4682B4,0
7,13,10.5,1.27,0.19536,0.212768,1,All,#4682B4,0
8,13,10.5,1.27,0.593457,0.412141,1,All,#4682B4,0
9,13,10.5,1.27,1.12245,0.842374,1,All,#4682B4,0
10,13,10.5,1.27,0.821266,0.643097,1,All,#4682B4,0
1,13,11,1.27,0.298513,0.526119,1,All,#4682B4,0
2,13,11,1.27,0.5481,0.621906,1,All,#4682B4,0
3,13,11,1.27,0.70786,0.623026,1,All,#4682B4,0
4,13,11,1.27,0.83844,0.654652,1,All,#4682B4,0
5,13,11,1.27,0.177926,0.86254,1,All,#4682B4,0
6,13,11,1.27,0.196493,0.572342,1,All,#4682B4,0
7,13,11,1.27,0.18784,0.255688,1,All,#4682B4,0
8,13,11,1.27,0.701395,0.433152,1,All,#4682B4,0
9,13,11,1.27,0.679515,0.899772,1,All,#4682B4,0
10,13,11,1.27,0.155143,0.761056,1,All,#4682B4,0
1,13,11.5,1.27,0.926171,0.606289,1,All,#4682B4,0
2,13,11.5,1.27,0.82752,0.667256,1,All,#4682B4,0
3,13,11.5,1.27,0.812299,0.694397,1,All,#4682B4,0
4,13,11.5,1.27,1.03614,0.719782,1,All,#4682B4,0
5,13,11.5,1.27,1.0739,0.965591,1,All,#4682B4,0
6,13,11.5,1.27,0.670336,0.640036,1,All,#4682B4,0
7,13,11.5,1.27,0.120107,0.310814,1,All,#4682B4,0
8,13,11.5,1.27,0.167764,0.414171,1,All,#4682B4,0
9,13,11.5,1.27,1.12944,0.8749,1,All,#4682B4,0
10,13,11.5,1.27,0.617858,0.789604,1,All,#4682B4,0
1,13,12,1.27,0.568446,0.604342,1,All,#4682B4,0
2,13,12,1.27,0.661008,0.652918,1,All,#4682B4,0
3,13,12,1.27,0.64099,0.701783,1,All,#4682B4,0
4,13,12,1.27,0.720541,0.721514,1,All,#4682B4,0
5,13,12,1.27,0.693156,0.97861,1,All,#4682B4,0
6,13,12,1.27,0.606218,0.576282,1,All,#4682B4,0
7,13,12,1.27,0.170137,0.343257,1,All,#4682B4,0
8,13,12,1.27,0.10969,0.338433,1,All,#4682B4,0
9,13,12,1.27,0.757189,0.769487,1,All,#4682B4,0
10,13,12,1.27,1.13152,0.726404,1,All,#4682B4,0
1,13,12.5,1.27,0.343718,0.521024,1,All,#4682B4,0
2,13,12.5,1.27,0.490377,0.521386,1,All,#4682B4,0
3,13,12.5,1.27,0.726413,0.5873,1,All,#4682B4,0
4,13,12.5,1.27,0.559125,0.631965,1,All,#4682B4,0
5,13,12.5,1.27,1.07957,0.839469,1,All,#4682B4,0
6,13,12.5,1.27,0.339724,0.398854,1,All,#4682B4,0
7,13,12.5,1.27,0.527216,0.293723,1,All,#4682B4,0
8,13,12.5,1.27,0.135119,0.211126,1,All,#4682B4,0
9,13,12.5,1.27,0.626985,0.591652,1,All,#4682B4,0
10,13,12.5,1.27,0.585655,0.576248,1,All,#4682B4,0
1,13,13,1.27,0.243111,0.363235,1,All,#4682B4,0
2,13,13,1.27,0.105035,0.30474,1,All,#4682B4,0
3,13,13,1.27,0.300474,0.379639,1,All,#4682B4,0
4,13,13,1.27,0.533207,0.466714,1,All,#4682B4,0
5,13,13,1.27,0.259423,0.581575,1,All,#4682B4,0
6,13,13,1.27,0.152775,0.124283,1,All,#4682B4,0
7,13,13,1.27,0.0181966,0.173103,1,All,#4682B4,0
8,13,13,1.27,0.0361738,0.040473,1,All,#4682B4,0
9,13,13,1.27,0.338248,0.350793,1,All,#4682B4,0
10,13,13,1.27,0.249988,0.35445,1,All,#4682B4,0
1,13,13.5,1.27,0.175224,0.140862,1,All,#4682B4,0
2,13,13.5,1.27,0.0110728,0.0247426,1,All,#4682B4,0
3,13,13.5,1.27,0.104685,0.100967,1,All,#4682B4,0
4,13,13.5,1.27,0.266518,0.234551,1,All,#4682B4,0
5,13,13.5,1.27,0.194425,0.229015,1,All,#4682B4,0
6,13,13.5,1.27,5.18592e-17,0,1,All,#4682B4,0
7,13,13.5,1.27,1.14271e-16,0,1,All,#4682B4,0
8,13,13.5,1.27,1.07626e-16,0,1,All,#4682B4,0
9,13,13.5,1.27,0.0202955,0.0568577,1,All,#4682B4,0
10,13,13.5,1.27,0.119059,0.0708629,1,All,#4682B4,0
1,13,14,1.27,8.72609e-17,0,1,All,#4682B4,0
2,13,14,1.27,2.79257e-16,0,1,All,#4682B4,0
3,13,14,1.27,2.74329e-16,0,1,All,#4682B4,0
4,13,14,1.27,2.15359e-16,0,1,All,#4682B4,0
5,13,14,1.27,1.94604e-17,0,1,All,#4682B4,0
6,13,14,1.27,1.62682e-16,0,1,All,#4682B4,0
7,13,14,1.27,5.76665e-17,0,1,All,#4682B4,0
8,13,14,1.27,8.41254e-17,0,1,All,#4682B4,0
9,13,14,1.27,1.95727e-16,0,1,All,#4682B4,0
10,13,14,1.27,3.06217e-16,0,1,All,#4682B4,0
1,13,14.5,1.27,4.36217e-17,0,1,All,#4682B4,0
2,13,14.5,1.27,3.21229e-16,0,1,All,#4682B4,0
3,13,14.5,1.27,1.96574e-16,0,1,All,#4682B4,0
4,13,14.5,1.27,2.64441e-17,0,1,All,#4682B4,0
5,13,14.5,1.27,3.82145e-16,0,1,All,#4682B4,0
6,13,14.5,1.27,3.94123e-17,0,1,All,#4682B4,0
7,13,14.5,1.27,1.45381e-17,0,1,All,#4682B4,0
8,13,14.5,1.27,3.56495e-16,0,1,All,#4682B4,0
9,13,14.5,1.27,4.69507e-16,0,1,All,#4682B4,0
10,13,14.5,1.27,3.3634e-16,0,1,All,#4682B4,0
1,13,15,1.27,2.19324e-16,0,1,All,#4682B4,0
2,13,15,1.27,1.30649e-16,0,1,All,#4682B4,0
3,13,15,1.27,4.74902e-17,0,1,All,#4682B4,0
4,13,15,1.27,3.23063e-16,0,1,All,#4682B4,0
5,13,15,1.27,6.06687e-16,0,1,All,#4682B4,0
6,13,15,1.27,2.38725e-17,0,1,All,#4682B4,0
7,13,15,1.27,6.10384e-17,0,1,All,#4682B4,0
8,13,15,1.27,4.28609e-17,0,1,All,#4682B4,0
9,13,15,1.27,1.16137e-16,0,1,All,#4682B4,0
10,13,15,1.27,2.96951e-17,0,1,All,#4682B4,0
1,13,15.5,1.27,8.6185e-17,0,1,All,#4682B4,0
2,13,15.5,1.27,1.02728e-16,0,1,All,#4682B4,0
3,13,15.5,1.27,4.51218e-16,0,1,All,#4682B4,0
4,13,15.5,1.27,2.37437e-16,0,1,All,#4682B4,0
5,13,15.5,1.27,7.6618e-17,0,1,All,#4682B4,0
6,13,15.5,1.27,1.65557e-16,0,1,All,#4682B4,0
7,13,15.5,1.27,8.48059e-17,0,1,All,#4682B4,0
8,13,15.5,1.27,2.87619e-16,0,1,All,#4682B4,0
9,13,15.5,1.27,1.55908e-16,0,1,All,#4682B4,0
10,13,15.5,1.27,8.01428e-18,0,1,All,#4682B4,0
1,13,16,1.27,1.90561e-16,0,1,All,#4682B4,0
2,13,16,1.27,2.58682e-16,0,1,All,#4682B4,0
3,13,16,1.27,1.26756e-16,0,1,All,#4682B4,0
4,13,16,1.27,5.63935e-17,0,1,All,#4682B4,0
5,13,16,1.27,4.28495e-16,0,1,All,#4682B4,0
6,13,16,1.27,3.63415e-16,0,1,All,#4682B4,0
7,13,16,1.27,5.64524e-17,0,1,All,#4682B4,0
8,13,16,1.27,1.59731e-16,0,1,All,#4682B4,0
9,13,16,1.27,2.92729e-17,0,1,All,#4682B4,0
10,13,16,1.27,9.16491e-17,0,1,All,#4682B4,0
1,13,16.5,1.27,8.65905e-18,0,1,All,#4682B4,0
2,13,16.5,1.27,1.08369e-17,0,1,All,#4682B4,0
3,13,16.5,1.27,1.81992e-16,0,1,All,#4682B4,0
4,13,16.5,1.27,2.00206e-16,0,1,All,#4682B4,0
5,13,16.5,1.27,2.10461e-16,0,1,All,#4682B4,0
6,13,16.5,1.27,4.51256e-16,0,1,All,#4682B4,0
7,13,16.5,1.27,1.29847e-16,0,1,All,#4682B4,0
8,13,16.5,1.27,6.55046e-17,0,1,All,#4682B4,0
9,13,16.5,1.27,3.26166e-17,0,1,All,#4682B4,0
10,13,16.5,1.27,2.68045e-16,0,1,All,#4682B4,0
1,13,17,1.27,3.6216e-16,0,1,All,#4682B4,0
2,13,17,1.27,2.28072e-16,0,1,All,#4682B4,0
3,13,17,1.27,9.05178e-17,0,1,All,#4682B4,0
4,13,17,1.27,8.69883e-17,0,1,All,#4682B4,0
5,13,17,1.27,6.80934e-18,0,1,All,#4682B4,0
6,13,17,1.27,3.11649e-16,0,1,All,#4682B4,0
7,13,17,1.27,6.42496e-16,0,1,All,#4682B4,0
8,13,17,1.27,3.31019e-16,0,1,All,#4682B4,0
9,13,17,1.27,3.21419e-16,0,1,All,#4682B4,0
10,13,17,1.27,1.29489e-16,0,1,All,#4682B4,0
1,13,17.5,1.27,2.58198e-17,0,1,All,#4682B4,0
2,13,17.5,1.27,3.04897e-16,0,1,All,#4682B4,0
3,13,17.5,1.27,8.74153e-17,0,1,All,#4682B4,0
4,13,17.5,1.27,6.57423e-17,0,1,All,#4682B4,0
5,13,17.5,1.27,2.18355e-16,0,1,All,#4682B4,0
6,13,17.5,1.27,8.85638e-17,0,1,All,#4682B4,0
7,13,17.5,1.27,3.00702e-16,0,1,All,#4682B4,0
8,13,17.5,1.27,1.02175e-16,0,1,All,#4682B4,0
9,13,17.5,1.27,2.87978e-16,0,1,All,#4682B4,0
10,13,17.5,1.27,1.01177e-16,0,1,All,#4682B4,0
1,13,18,1.27,8.86974e-17,0,1,All,#4682B4,0
2,13,18,1.27,2.05066e-16,0,1,All,#4682B4,0
3,13,18,1.27,4.67035e-17,0,1,All,#4682B4,0
4,13,18,1.27,1.63735e-16,0,1,All,#4682B4,0
5,13,18,1.27,6.93156e-17,0,1,All,#4682B4,0
6,13,18,1.27,1.8172e-16,0,1,All,#4682B4,0
7,13,18,1.27,2.36666e-16,0,1,All,#4682B4,0
8,13,18,1.27,1.37895e-16,0,1,All,#4682B4,0
9,13,18,1.27,1.16621e-16,0,1,All,#4682B4,0
10,13,18,1.27,1.31115e-17,0,1,All,#4682B4,0
1,13,18.5,1.27,1.78715e-16,0,1,All,#4682B4,0
2,13,18.5,1.27,1.64839e-16,0,1,All,#4682B4,0
3,13,18.5,1.27,4.28696e-17,0,1,All,#4682B4,0
4,13,18.5,1.27,2.2161e-16,0,1,All,#4682B4,0
5,13,18.5,1.27,4.98185e-17,0,1,All,#4682B4,0
6,13,18.5,1.27,1.40873e-16,0,1,All,#4682B4,0
7,13,18.5,1.27,2.08237e-16,0,1,All,#4682B4,0
8,13,18.5,1.27,2.36243e-16,0,1,All,#4682B4,0
9,13,18.5,1.27,1.95173e-16,0,1,All,#4682B4,0
10,13,18.5,1.27,2.99396e-16,0,1,All,#4682B4,0
1,14,1,1.27,3.953e-16,0,1,All,#4682B4,0
2,14,1,1.27,2.00295e-16,0,1,All,#4682B4,0
3,14,1,1.27,6.80483e-17,0,1,All,#4682B4,0
4,14,1,1.27,2.99232e-16,0,1,All,#4682B4,0
5,14,1,1.27,1.33958e-16,0,1,All,#4682B4,0
6,14,1,1.27,1.17968e-16,0,1,All,#4682B4,0
7,14,1,1.27,1.94207e-17,0,1,All,#4682B4,0
8,14,1,1.27,2.4356e-16,0,1,All,#4682B4,0
9,14,1,1.27,1.18684e-16,0,1,All,#4682B4,0
10,14,1,1.27,1.93153e-16,0,1,All,#4682B4,0
1,14,1.5,1.27,4.85063e-17,0,1,All,#4682B4,0
2,14,1.5,1.27,4.74439e-17,0,1,All,#4682B4,0
3,14,1.5,1.27,1.35374e-16,0,1,All,#4682B4,0
4,14,1.5,1.27,3.82056e-17,0,1,All,#4682B4,0
5,14,1.5,1.27,5.61991e-16,0,1,All,#4682B4,0
6,14,1.5,1.27,2.67953e-17,0,1,All,#4682B4,0
7,14,1.5,1.27,3.64184e-16,0,1,All,#4682B4,0
8,14,1.5,1.27,3.57472e-17,0,1,All,#4682B4,0
9,14,1.5,1.27,8.11708e-18,0,1,All,#4682B4,0
10,14,1.5,1.27,8.82218e-17,0,1,All,#4682B4,0
1,14,2,1.27,0.836792,1.0348,1,All,#4682B4,0
2,14,2,1.27,0.980506,0.839607,1,All,#4682B4,0
3,14,2,1.27,0.906578,1.11373,1,All,#4682B4,0
4,14,2,1.27,1.1028,1.16986,1,All,#4682B4,0
5,14,2,1.27,1.25915,1.85554,1,All,#4682B4,0
6,14,2,1.27,1.1701,1.3572,1,All,#4682B4,0
7,14,2,1.27,0.189313,1.08902,1,All,#4682B4,0
8,14,2,1.27,0.503916,0.603037,1,All,#4682B4,0
9,14,2,1.27,0.629454,0.534236,1,All,#4682B4,0
10,14,2,1.27,0.554089,0.518898,1,All,#4682B4,0
1,14,2.5,3.21,3.21,2.07979,0,All,#4682B4,0
2,14,2.5,3.21,3.21,2.31795,0,All,#4682B4,0
3,14,2.5,3.21,3.21,2.16221,0,All,#4682B4,0
4,14,2.5,3.21,3.21,2.49478,0,All,#4682B4,0
5,14,2.5,3.21,3.21,2.87988,0,All,#4682B4,0
6,14,2.5,3.21,3.21,2.57964,0,All,#4682B4,0
7,14,2.5,3.21,3.21,2.57046,0,All,#4682B4,0
8,14,2.5,3.21,3.21,2.26958,0,All,#4682B4,0
9,14,2.5,3.21,3.21,2.4765,0,All,#4682B4,0
10,14,2.5,3.21,3.21,2.11937,0,All,#4682B4,0
1,14,3,3.89,3.89,2.44846,0,All,#4682B4,0
2,14,3,3.89,3.89,2.75263,0,All,#4682B4,0
3,14,3,3.89,3.89,2.58586,0,All,#4682B4,0
4,14,3,3.89,3.89,3.17313,0,All,#4682B4,0
5,14,3,3.89,3.89,3.35677,0,All,#4682B4,0
6,14,3,3.89,3.89,3.03715,0,All,#4682B4,0
7,14,3,3.89,3.89,3.1578,0,All,#4682B4,0
8,14,3,3.89,3.89,2.87007,0,All,#4682B4,0
9,14,3,3.89,3.89,2.98673,0,All,#4682B4,0
10,14,3,3.89,3.89,2.56646,0,All,#4682B4,0
1,14,3.5,4.89,4.89,2.55998,0,All,#4682B4,0
2,14,3.5,4.89,4.89,2.9061,0,All,#4682B4,0
3,14,3.5,4.89,4.89,2.76192,0,All,#4682B4,0
4,14,3.5,4.89,4.89,3.36592,0,All,#4682B4,0
5,14,3.5,4.89,4.89,3.45976,0,All,#4682B4,0
6,14,3.5,4.89,4.89,3.16182,0,All,#4682B4,0
7,14,3.5,4.89,4.89,3.38544,0,All,#4682B4,0
8,14,3.5,4.89,4.89,3.01806,0,All,#4682B4,0
9,14,3.5,4.89,4.89,3.08409,0,All,#4682B4,0
10,14,3.5,4.89,4.89,2.74555,0,All,#4682B4,0
1,14,4,4.34,4.34,2.54013,0,All,#4682B4,0
2,14,4,4.34,4.34,2.92012,0,All,#4682B4,0
3,14,4,4.34,4.34,2.79207,0,All,#4682B4,0
4,14,4,4.34,4.34,3.31554,0,All,#4682B4,0
5,14,4,4.34,4.34,3.39298,0,All,#4682B4,0
6,14,4,4.34,4.34,3.14014,0,All,#4682B4,0
7,14,4,4.34,4.34,3.3977,0,All,#4682B4,0
8,14,4,4.34,4.34,2.97452,0,All,#4682B4,0
9,14,4,4.34,4.34,3.03388,0,All,#4682B4,0
10,14,4,4.34,4.34,2.78259,0,All,#4682B4,0
1,14,4.5,4.13,4.13,2.46541,0,All,#4682B4,0
2,14,4.5,4.13,4.13,2.87465,0,All,#4682B4,0
3,14,4.5,4.13,4.13,2.75018,0,All,#4682B4,0
4,14,4.5,4.13,4.13,3.20219,0,All,#4682B4,0
5,14,4.5,4.13,4.13,3.26916,0,All,#4682B4,0
6,14,4.5,4.13,4.13,3.07231,0,All,#4682B4,0
7,14,4.5,4.13,4.13,3.31684,0,All,#4682B4,0
8,14,4.5,4.13,4.13,2.87191,0,All,#4682B4,0
9,14,4.5,4.13,4.13,2.94875,0,All,#4682B4,0
10,14,4.5,4.13,4.13,2.74779,0,All,#4682B4,0
1,14,5,2.95,2.95,2.36713,0,All,#4682B4,0
2,14,5,2.95,2.95,2.80287,0,All,#4682B4,0
3,14,5,2.95,2.95,2.67499,0,All,#4682B4,0
4,14,5,2.95,2.95,3.06147,0,All,#4682B4,0
5,14,5,2.95,2.95,3.1187,0,All,#4682B4,0
6,14,5,2.95,2.95,2.9806,0,All,#4682B4,0
7,14,5,2.95,2.95,3.19619,0,All,#4682B4,0
8,14,5,2.95,2.95,2.74309,0,All,#4682B4,0
9,14,5,2.95,2.95,2.85629,0,All,#4682B4,0
10,14,5,2.95,2.95,2.675,0,All,#4682B4,0
1,14,5.5,3.17,3.17,2.25477,0,All,#4682B4,0
2,14,5.5,3.17,3.17,2.71302,0,All,#4682B4,0
3,14,5.5,3.17,3.17,2.57857,0,All,#4682B4,0
4,14,5.5,3.17,3.17,2.88985,0,All,#4682B4,0
5,14,5.5,3.17,3.17,2.94768,0,All,#4682B4,0
6,14,5.5,3.17,3.17,2.86883,0,All,#4682B4,0
7,14,5.5,3.17,3.17,3.0496,0,All,#4682B4,0
8,14,5.5,3.17,3.17,2.5934,0,All,#4682B4,0
9,14,5.5,3.17,3.17,2.75922,0,All,#4682B4,0
10,14,5.5,3.17,3.17,2.57841,0,All,#4682B4,0
1,14,6,3.67,3.67,2.13072,0,All,#4682B4,0
2,14,6,3.67,3.67,2.60518,0,All,#4682B4,0
3,14,6,3.67,3.67,2.46275,0,All,#4682B4,0
4,14,6,3.67,3.67,2.68683,0,All,#4682B4,0
5,14,6,3.67,3.67,2.75687,0,All,#4682B4,0
6,14,6,3.67,3.67,2.73522,0,All,#4682B4,0
7,14,6,3.67,3.67,2.87874,0,All,#4682B4,0
8,14,6,3.67,3.67,2.42271,0,All,#4682B4,0
9,14,6,3.67,3.67,2.64581,0,All,#4682B4,0
10,14,6,3.67,3.67,2.46161,0,All,#4682B4,0
1,14,6.5,1.27,0.816386,1.99523,1,All,#4682B4,0
2,14,6.5,1.27,1.10813,2.47718,1,All,#4682B4,0
3,14,6.5,1.27,1.00857,2.32612,1,All,#4682B4,0
4,14,6.5,1.27,1.18223,2.45372,1,All,#4682B4,0
5,14,6.5,1.27,1.15842,2.54671,1,All,#4682B4,0
6,14,6.5,1.27,0.561596,2.57659,1,All,#4682B4,0
7,14,6.5,1.27,0.922866,2.68212,1,All,#4682B4,0
8,14,6.5,1.27,0.617756,2.23066,1,All,#4682B4,0
9,14,6.5,1.27,1.119,2.51185,1,All,#4682B4,0
10,14,6.5,1.27,1.05535,2.32421,1,All,#4682B4,0
1,14,7,2.29,2.29,1.84808,0,All,#4682B4,0
2,14,7,2.29,2.29,2.32616,0,All,#4682B4,0
3,14,7,2.29,2.29,2.16644,0,All,#4682B4,0
4,14,7,2.29,2.29,2.19749,0,All,#4682B4,0
5,14,7,2.29,2.29,2.31917,0,All,#4682B4,0
6,14,7,2.29,2.29,2.38971,0,All,#4682B4,0
7,14,7,2.29,2.29,2.45797,0,All,#4682B4,0
8,14,7,2.29,2.29,2.01892,0,All,#4682B4,0
9,14,7,2.29,2.29,2.35451,0,All,#4682B4,0
10,14,7,2.29,2.29,2.16439,0,All,#4682B4,0
1,14,7.5,2.1,2.1,1.68918,0,All,#4682B4,0
2,14,7.5,2.1,2.1,2.14964,0,All,#4682B4,0
3,14,7.5,2.1,2.1,1.98205,0,All,#4682B4,0
4,14,7.5,2.1,2.1,1.93364,0,All,#4682B4,0
5,14,7.5,2.1,2.1,2.07926,0,All,#4682B4,0
6,14,7.5,2.1,2.1,2.17278,0,All,#4682B4,0
7,14,7.5,2.1,2.1,2.20594,0,All,#4682B4,0
8,14,7.5,2.1,2.1,1.79326,0,All,#4682B4,0
9,14,7.5,2.1,2.1,2.17179,0,All,#4682B4,0
10,14,7.5,2.1,2.1,1.9805,0,All,#4682B4,0
1,14,8,1.27,1.23718,1.51905,1,All,#4682B4,0
2,14,8,1.27,1.07607,1.94699,1,All,#4682B4,0
3,14,8,1.27,0.893805,1.77357,1,All,#4682B4,0
4,14,8,1.27,1.13364,1.67674,1,All,#4682B4,0
5,14,8,1.27,0.844646,1.83611,1,All,#4682B4,0
6,14,8,1.27,1.19426,1.92702,1,All,#4682B4,0
7,14,8,1.27,1.19106,1.92985,1,All,#4682B4,0
8,14,8,1.27,0.973775,1.56605,1,All,#4682B4,0
9,14,8,1.27,0.618108,1.96469,1,All,#4682B4,0
10,14,8,1.27,0.71046,1.77243,1,All,#4682B4,0
1,14,8.5,1.27,1.1313,1.33944,1,All,#4682B4,0
2,14,8.5,1.27,0.692865,1.72344,1,All,#4682B4,0
3,14,8.5,1.27,0.199327,1.54675,1,All,#4682B4,0
4,14,8.5,1.27,0.905381,1.44625,1,All,#4682B4,0
5,14,8.5,1.27,0.428639,1.60233,1,All,#4682B4,0
6,14,8.5,1.27,1.04461,1.66331,1,All,#4682B4,0
7,14,8.5,1.27,0.954781,1.64172,1,All,#4682B4,0
8,14,8.5,1.27,0.923536,1.35529,1,All,#4682B4,0
9,14,8.5,1.27,1.20926,1.73761,1,All,#4682B4,0
10,14,8.5,1.27,0.959577,1.54444,1,All,#4682B4,0
1,14,9,1.27,0.851721,1.15459,1,All,#4682B4,0
2,14,9,1.27,0.875551,1.49187,1,All,#4682B4,0
3,14,9,1.27,1.24728,1.31616,1,All,#4682B4,0
4,14,9,1.27,1.03425,1.24408,1,All,#4682B4,0
5,14,9,1.27,1.24486,1.39047,1,All,#4682B4,0
6,14,9,1.27,1.07122,1.40675,1,All,#4682B4,0
7,14,9,1.27,1.25885,1.36543,1,All,#4682B4,0
8,14,9,1.27,0.959417,1.17437,1,All,#4682B4,0
9,14,9,1.27,0.998735,1.50798,1,All,#4682B4,0
10,14,9,1.27,0.520238,1.30981,1,All,#4682B4,0
1,14,9.5,1.27,1.21898,0.972127,1,All,#4682B4,0
2,14,9.5,1.27,0.650601,1.2844,1,All,#4682B4,0
3,14,9.5,1.27,0.784491,1.10407,1,All,#4682B4,0
4,14,9.5,1.27,0.228595,1.06934,1,All,#4682B4,0
5,14,9.5,1.27,0.434097,1.20867,1,All,#4682B4,0
6,14,9.5,1.27,0.534905,1.18499,1,All,#4682B4,0
7,14,9.5,1.27,1.2401,1.1253,1,All,#4682B4,0
8,14,9.5,1.27,0.955792,1.03442,1,All,#4682B4,0
9,14,9.5,1.27,0.89443,1.2995,1,All,#4682B4,0
10,14,9.5,1.27,0.741168,1.09181,1,All,#4682B4,0
1,14,10,1.27,0.834219,0.804413,1,All,#4682B4,0
2,14,10,1.27,0.947164,1.12436,1,All,#4682B4,0
3,14,10,1.27,0.871606,0.931998,1,All,#4682B4,0
4,14,10,1.27,0.521632,0.912863,1,All,#4682B4,0
5,14,10,1.27,0.946195,1.05885,1,All,#4682B4,0
6,14,10,1.27,0.718909,1.01363,1,All,#4682B4,0
7,14,10,1.27,0.906385,0.934588,1,All,#4682B4,0
8,14,10,1.27,0.863694,0.927622,1,All,#4682B4,0
9,14,10,1.27,1.22551,1.13288,1,All,#4682B4,0
10,14,10,1.27,0.225123,0.916484,1,All,#4682B4,0
1,14,10.5,1.27,0.187958,0.660259,1,All,#4682B4,0
2,14,10.5,1.27,0.790496,1.01307,1,All,#4682B4,0
3,14,10.5,1.27,0.997816,0.802624,1,All,#4682B4,0
4,14,10.5,1.27,0.435794,0.76778,1,All,#4682B4,0
5,14,10.5,1.27,0.970125,0.938175,1,All,#4682B4,0
6,14,10.5,1.27,0.959177,0.885744,1,All,#4682B4,0
7,14,10.5,1.27,0.832519,0.79038,1,All,#4682B4,0
8,14,10.5,1.27,0.828442,0.848783,1,All,#4682B4,0
9,14,10.5,1.27,1.16541,1.00882,1,All,#4682B4,0
10,14,10.5,1.27,0.316681,0.78799,1,All,#4682B4,0
1,14,11,1.27,0.303267,0.548296,1,All,#4682B4,0
2,14,11,1.27,0.526534,0.935468,1,All,#4682B4,0
3,14,11,1.27,0.3669,0.707304,1,All,#4682B4,0
4,14,11,1.27,0.298886,0.635981,1,All,#4682B4,0
5,14,11,1.27,1.2601,0.841423,1,All,#4682B4,0
6,14,11,1.27,0.16888,0.789074,1,All,#4682B4,0
7,14,11,1.27,0.719823,0.680491,1,All,#4682B4,0
8,14,11,1.27,1.06394,0.785356,1,All,#4682B4,0
9,14,11,1.27,0.287795,0.918977,1,All,#4682B4,0
10,14,11,1.27,0.926204,0.69626,1,All,#4682B4,0
1,14,11.5,1.27,0.151091,0.465493,1,All,#4682B4,0
2,14,11.5,1.27,0.876654,0.878192,1,All,#4682B4,0
3,14,11.5,1.27,1.02392,0.635438,1,All,#4682B4,0
4,14,11.5,1.27,0.385574,0.501517,1,All,#4682B4,0
5,14,11.5,1.27,0.493392,0.76259,1,All,#4682B4,0
6,14,11.5,1.27,1.12612,0.711817,1,All,#4682B4,0
7,14,11.5,1.27,0.548399,0.598058,1,All,#4682B4,0
8,14,11.5,1.27,0.610484,0.734723,1,All,#4682B4,0
9,14,11.5,1.27,0.846123,0.850283,1,All,#4682B4,0
10,14,11.5,1.27,0.784474,0.62891,1,All,#4682B4,0
1,14,12,1.27,0.461435,0.407595,1,All,#4682B4,0
2,14,12,1.27,1.22342,0.831323,1,All,#4682B4,0
3,14,12,1.27,0.541487,0.576073,1,All,#4682B4,0
4,14,12,1.27,0.477602,0.371887,1,All,#4682B4,0
5,14,12,1.27,0.946967,0.696511,1,All,#4682B4,0
6,14,12,1.27,0.408479,0.646031,1,All,#4682B4,0
7,14,12,1.27,0.365059,0.53031,1,All,#4682B4,0
8,14,12,1.27,0.886523,0.686513,1,All,#4682B4,0
9,14,12,1.27,0.694853,0.79232,1,All,#4682B4,0
10,14,12,1.27,0.55357,0.574737,1,All,#4682B4,0
1,14,12.5,1.27,0.429659,0.367723,1,All,#4682B4,0
2,14,12.5,1.27,0.963963,0.789039,1,All,#4682B4,0
3,14,12.5,1.27,0.204196,0.524293,1,All,#4682B4,0
4,14,12.5,1.27,0.420813,0.239164,1,All,#4682B4,0
5,14,12.5,1.27,0.889917,0.639638,1,All,#4682B4,0
6,14,12.5,1.27,0.543563,0.583879,1,All,#4682B4,0
7,14,12.5,1.27,0.495127,0.472173,1,All,#4682B4,0
8,14,12.5,1.27,0.302157,0.642713,1,All,#4682B4,0
9,14,12.5,1.27,0.939643,0.741489,1,All,#4682B4,0
10,14,12.5,1.27,0.587736,0.528397,1,All,#4682B4,0
1,14,13,1.27,0.549816,0.339118,1,All,#4682B4,0
2,14,13,1.27,0.319492,0.747806,1,All,#4682B4,0
3,14,13,1.27,0.650005,0.474571,1,All,#4682B4,0
4,14,13,1.27,0.119288,0.104534,1,All,#4682B4,0
5,14,13,1.27,0.139362,0.586019,1,All,#4682B4,0
6,14,13,1.27,0.455818,0.524942,1,All,#4682B4,0
7,14,13,1.27,0.533561,0.418591,1,All,#4682B4,0
8,14,13,1.27,0.470158,0.598048,1,All,#4682B4,0
9,14,13,1.27,0.859641,0.692574,1,All,#4682B4,0
10,14,13,1.27,0.610952,0.487048,1,All,#4682B4,0
1,14,13.5,1.27,0.405901,0.317486,1,All,#4682B4,0
2,14,13.5,1.27,0.489041,0.706156,1,All,#4682B4,0
3,14,13.5,1.27,0.723177,0.426414,1,All,#4682B4,0
4,14,13.5,1.27,7.05324e-17,0,1,All,#4682B4,0
5,14,13.5,1.27,0.445784,0.533272,1,All,#4682B4,0
6,14,13.5,1.27,0.536071,0.465383,1,All,#4682B4,0
7,14,13.5,1.27,0.472046,0.366623,1,All,#4682B4,0
8,14,13.5,1.27,0.639518,0.552081,1,All,#4682B4,0
9,14,13.5,1.27,0.140932,0.643423,1,All,#4682B4,0
10,14,13.5,1.27,0.499596,0.445498,1,All,#4682B4,0
1,14,14,1.27,0.402038,0.299596,1,All,#4682B4,0
2,14,14,1.27,0.594712,0.663501,1,All,#4682B4,0
3,14,14,1.27,0.188378,0.377528,1,All,#4682B4,0
4,14,14,1.27,8.99367e-17,0,1,All,#4682B4,0
5,14,14,1.27,0.67466,0.482572,1,All,#4682B4,0
6,14,14,1.27,0.379337,0.40492,1,All,#4682B4,0
7,14,14,1.27,0.116898,0.315174,1,All,#4682B4,0
8,14,14,1.27,0.66454,0.504224,1,All,#4682B4,0
9,14,14,1.27,0.415415,0.59267,1,All,#4682B4,0
10,14,14,1.27,0.309153,0.404062,1,All,#4682B4,0
1,14,14.5,1.27,0.160439,0.283432,1,All,#4682B4,0
2,14,14.5,1.27,0.693743,0.619736,1,All,#4682B4,0
3,14,14.5,1.27,0.230978,0.327655,1,All,#4682B4,0
4,14,14.5,1.27,2.6954e-17,0,1,All,#4682B4,0
5,14,14.5,1.27,0.694346,0.429821,1,All,#4682B4,0
6,14,14.5,1.27,0.0797313,0.342884,1,All,#4682B4,0
7,14,14.5,1.27,0.0441771,0.262604,1,All,#4682B4,0
8,14,14.5,1.27,0.281167,0.454452,1,All,#4682B4,0
9,14,14.5,1.27,0.56254,0.541529,1,All,#4682B4,0
10,14,14.5,1.27,0.753283,0.362979,1,All,#4682B4,0
1,14,15,1.27,0.418179,0.267749,1,All,#4682B4,0
2,14,15,1.27,0.907225,0.574419,1,All,#4682B4,0
3,14,15,1.27,0.37962,0.276386,1,All,#4682B4,0
4,14,15,1.27,2.49368e-16,0,1,All,#4682B4,0
5,14,15,1.27,0.414504,0.376841,1,All,#4682B4,0
6,14,15,1.27,0.321709,0.278921,1,All,#4682B4,0
7,14,15,1.27,0.322765,0.20888,1,All,#4682B4,0
8,14,15,1.27,0.459738,0.402892,1,All,#4682B4,0
9,14,15,1.27,0.441007,0.488568,1,All,#4682B4,0
10,14,15,1.27,0.199667,0.321152,1,All,#4682B4,0
1,14,15.5,1.27,0.162431,0.251809,1,All,#4682B4,0
2,14,15.5,1.27,0.589244,0.528239,1,All,#4682B4,0
3,14,15.5,1.27,0.148606,0.223845,1,All,#4682B4,0
4,14,15.5,1.27,6.96265e-17,0,1,All,#4682B4,0
5,14,15.5,1.27,0.321515,0.322538,1,All,#4682B4,0
6,14,15.5,1.27,0.221905,0.213778,1,All,#4682B4,0
7,14,15.5,1.27,0.0895048,0.15356,1,All,#4682B4,0
8,14,15.5,1.27,0.439308,0.349159,1,All,#4682B4,0
9,14,15.5,1.27,0.482467,0.433992,1,All,#4682B4,0
10,14,15.5,1.27,0.271866,0.278731,1,All,#4682B4,0
1,14,16,1.27,0.277508,0.235109,1,All,#4682B4,0
2,14,16,1.27,0.625655,0.48088,1,All,#4682B4,0
3,14,16,1.27,0.0927912,0.170327,1,All,#4682B4,0
4,14,16,1.27,1.04712e-16,0,1,All,#4682B4,0
5,14,16,1.27,0.276164,0.2649,1,All,#4682B4,0
6,14,16,1.27,0.113313,0.146811,1,All,#4682B4,0
7,14,16,1.27,0.0969284,0.096727,1,All,#4682B4,0
8,14,16,1.27,0.453606,0.293575,1,All,#4682B4,0
9,14,16,1.27,0.389617,0.377612,1,All,#4682B4,0
10,14,16,1.27,0.227995,0.23567,1,All,#4682B4,0
1,14,16.5,1.27,0.227538,0.217739,1,All,#4682B4,0
2,14,16.5,1.27,0.322171,0.432554,1,All,#4682B4,0
3,14,16.5,1.27,0.152792,0.115057,1,All,#4682B4,0
4,14,16.5,1.27,9.47097e-17,0,1,All,#4682B4,0
5,14,16.5,1.27,0.274658,0.205868,1,All,#4682B4,0
6,14,16.5,1.27,0.0835845,0.0787896,1,All,#4682B4,0
7,14,16.5,1.27,0.0155987,0.0381356,1,All,#4682B4,0
8,14,16.5,1.27,0.217956,0.236461,1,All,#4682B4,0
9,14,16.5,1.27,0.155407,0.320228,1,All,#4682B4,0
10,14,16.5,1.27,0.325592,0.192047,1,All,#4682B4,0
1,14,17,1.27,0.295467,0.200138,1,All,#4682B4,0
2,14,17,1.27,0.393717,0.383451,1,All,#4682B4,0
3,14,17,1.27,0.0546547,0.0591163,1,All,#4682B4,0
4,14,17,1.27,4.66683e-19,0,1,All,#4682B4,0
5,14,17,1.27,0.167872,0.145288,1,All,#4682B4,0
6,14,17,1.27,0.00846766,0.00942924,1,All,#4682B4,0
7,14,17,1.27,4.09548e-17,0,1,All,#4682B4,0
8,14,17,1.27,0.194429,0.177863,1,All,#4682B4,0
9,14,17,1.27,0.244085,0.261741,1,All,#4682B4,0
10,14,17,1.27,0.0780916,0.148003,1,All,#4682B4,0
1,14,17.5,1.27,0.227297,0.180887,1,All,#4682B4,0
2,14,17.5,1.27,0.153574,0.333137,1,All,#4682B4,0
3,14,17.5,1.27,0.0031387,0.00220564,1,All,#4682B4,0
4,14,17.5,1.27,2.34083e-16,0,1,All,#4682B4,0
5,14,17.5,1.27,0.112548,0.082952,1,All,#4682B4,0
6,14,17.5,1.27,1.21492e-16,0,1,All,#4682B4,0
7,14,17.5,1.27,8.2912e-17,0,1,All,#4682B4,0
8,14,17.5,1.27,0.100826,0.118237,1,All,#4682B4,0
9,14,17.5,1.27,0.318226,0.202155,1,All,#4682B4,0
10,14,17.5,1.27,0.133689,0.103156,1,All,#4682B4,0
1,15,1,1.27,3.41963e-17,0,1,All,#4682B4,0
2,15,1,1.27,1.99988e-16,0,1,All,#4682B4,0
3,15,1,1.27,2.05895e-16,0,1,All,#4682B4,0
4,15,1,1.27,3.36176e-16,0,1,All,#4682B4,0
5,15,1,1.27,3.5075e-16,0,1,All,#4682B4,0
6,15,1,1.27,1.08832e-16,0,1,All,#4682B4,0
7,15,1,1.27,5.29336e-16,0,1,All,#4682B4,0
8,15,1,1.27,5.44087e-16,0,1,All,#4682B4,0
9,15,1,1.27,1.84795e-16,0,1,All,#4682B4,0
10,15,1,1.27,3.61895e-16,0,1,All,#4682B4,0
1,15,1.5,1.27,2.77359e-16,0,1,All,#4682B4,0
2,15,1.5,1.27,2.89847e-16,0,1,All,#4682B4,0
3,15,1.5,1.27,2.52587e-16,0,1,All,#4682B4,0
4,15,1.5,1.27,1.10003e-16,0,1,All,#4682B4,0
5,15,1.5,1.27,1.70149e-17,0,1,All,#4682B4,0
6,15,1.5,1.27,4.50514e-16,0,1,All,#4682B4,0
7,15,1.5,1.27,3.25052e-16,0,1,All,#4682B4,0
8,15,1.5,1.27,1.92539e-16,0,1,All,#4682B4,0
9,15,1.5,1.27,2.42974e-16,0,1,All,#4682B4,0
10,15,1.5,1.27,1.69736e-16,0,1,All,#4682B4,0
1,15,2,1.27,4.88701e-17,0,1,All,#4682B4,0
2,15,2,1.27,1.03331e-16,0,1,All,#4682B4,0
3,15,2,1.27,2.97e-16,0,1,All,#4682B4,0
4,15,2,1.27,3.86818e-18,0,1,All,#4682B4,0
5,15,2,1.27,1.33861e-16,0,1,All,#4682B4,0
6,15,2,1.27,1.24317e-18,0,1,All,#4682B4,0
7,15,2,1.27,2.07195e-16,0,1,All,#4682B4,0
8,15,2,1.27,2.68624e-16,0,1,All,#4682B4,0
9,15,2,1.27,1.57436e-16,0,1,All,#4682B4,0
10,15,2,1.27,3.01097e-16,0,1,All,#4682B4,0
1,15,2.5,1.27,1.79211e-16,0,1,All,#4682B4,0
2,15,2.5,1.27,1.59519e-16,0,1,All,#4682B4,0
3,15,2.5,1.27,1.88528e-16,0,1,All,#4682B4,0
4,15,2.5,1.27,1.46404e-16,0,1,All,#4682B4,0
5,15,2.5,1.27,1.45742e-16,0,1,All,#4682B4,0
6,15,2.5,1.27,2.27398e-16,0,1,All,#4682B4,0
7,15,2.5,1.27,1.80689e-16,0,1,All,#4682B4,0
8,15,2.5,1.27,1.22256e-16,0,1,All,#4682B4,0
9,15,2.5,1.27,5.30184e-18,0,1,All,#4682B4,0
10,15,2.5,1.27,1.98087e-16,0,1,All,#4682B4,0
1,15,3,1.27,4.90961e-16,0,1,All,#4682B4,0
2,15,3,1.27,0.0879847,0.21447,1,All,#4682B4,0
3,15,3,1.27,3.29456e-16,0,1,All,#4682B4,0
4,15,3,1.27,0.590723,0.314547,1,All,#4682B4,0
5,15,3,1.27,3.52883e-17,0,1,All,#4682B4,0
6,15,3,1.27,0.285244,0.311724,1,All,#4682B4,0
7,15,3,1.27,0.0740604,0.0719158,1,All,#4682B4,0
8,15,3,1.27,0.0517579,0.072985,1,All,#4682B4,0
9,15,3,1.27,0.75282,0.727987,1,All,#4682B4,0
10,15,3,1.27,0.638805,0.527865,1,All,#4682B4,0
1,15,3.5,1.61,1.61,1.23563,0,All,#4682B4,0
2,15,3.5,1.61,1.61,1.07619,0,All,#4682B4,0
3,15,3.5,1.61,1.61,1.27571,0,All,#4682B4,0
4,15,3.5,1.61,1.61,1.16881,0,All,#4682B4,0
5,15,3.5,1.61,1.61,1.07633,0,All,#4682B4,0
6,15,3.5,1.61,1.61,1.68126,0,All,#4682B4,0
7,15,3.5,1.61,1.61,1.19068,0,All,#4682B4,0
8,15,3.5,1.61,1.61,1.13402,0,All,#4682B4,0
9,15,3.5,1.61,1.61,1.40536,0,All,#4682B4,0
10,15,3.5,1.61,1.61,1.26929,0,All,#4682B4,0
1,15,4,1.27,1.06435,2.24245,1,All,#4682B4,0
2,15,4,1.27,0.526863,1.64415,1,All,#4682B4,0
3,15,4,1.27,0.871913,2.06034,1,All,#4682B4,0
4,15,4,1.27,1.22444,1.83038,1,All,#4682B4,0
5,15,4,1.27,0.658825,1.64153,1,All,#4682B4,0
6,15,4,1.27,0.0472387,2.6104,1,All,#4682B4,0
7,15,4,1.27,0.852354,1.66821,1,All,#4682B4,0
8,15,4,1.27,0.906687,1.86217,1,All,#4682B4,0
9,15,4,1.27,1.19368,1.87838,1,All,#4682B4,0
10,15,4,1.27,0.960095,1.70086,1,All,#4682B4,0
1,15,4.5,1.27,0.846924,2.9065,1,All,#4682B4,0
2,15,4.5,1.27,0.277566,2.03637,1,All,#4682B4,0
3,15,4.5,1.27,1.1431,2.48442,1,All,#4682B4,0
4,15,4.5,1.27,0.548859,2.33757,1,All,#4682B4,0
5,15,4.5,1.27,0.936331,1.95556,1,All,#4682B4,0
6,15,4.5,1.27,0.805121,3.09578,1,All,#4682B4,0
7,15,4.5,1.27,0.407289,1.92071,1,All,#4682B4,0
8,15,4.5,1.27,0.311333,2.37389,1,All,#4682B4,0
9,15,4.5,1.27,1.18941,2.19916,1,All,#4682B4,0
10,15,4.5,1.27,0.482447,1.96743,1,All,#4682B4,0
1,15,5,2.98,2.98,3.15064,0,All,#4682B4,0
2,15,5,2.98,2.98,2.29573,0,All,#4682B4,0
3,15,5,2.98,2.98,2.62501,0,All,#4682B4,0
4,15,5,2.98,2.98,2.66664,0,All,#4682B4,0
5,15,5,2.98,2.98,2.13053,0,All,#4682B4,0
6,15,5,2.98,2.98,3.09128,0,All,#4682B4,0
7,15,5,2.98,2.98,2.05385,0,All,#4682B4,0
8,15,5,2.98,2.98,2.69381,0,All,#4682B4,0
9,15,5,2.98,2.98,2.38294,0,All,#4682B4,0
10,15,5,2.98,2.98,2.11831,0,All,#4682B4,0
1,15,5.5,3.6,3.6,3.02105,0,All,#4682B4,0
2,15,5.5,3.6,3.6,2.43616,0,All,#4682B4,0
3,15,5.5,3.6,3.6,2.55145,0,All,#4682B4,0
4,15,5.5,3.6,3.6,2.77828,0,All,#4682B4,0
5,15,5.5,3.6,3.6,2.21807,0,All,#4682B4,0
6,15,5.5,3.6,3.6,2.82027,0,All,#4682B4,0
7,15,5.5,3.6,3.6,2.1093,0,All,#4682B4,0
8,15,5.5,3.6,3.6,2.81731,0,All,#4682B4,0
9,15,5.5,3.6,3.6,2.43835,0,All,#4682B4,0
10,15,5.5,3.6,3.6,2.18061,0,All,#4682B4,0
1,15,6,3.35,3.35,2.71523,0,All,#4682B4,0
2,15,6,3.35,3.35,2.46979,0,All,#4682B4,0
3,15,6,3.35,3.35,2.36476,0,All,#4682B4,0
4,15,6,3.35,3.35,2.69833,0,All,#4682B4,0
5,15,6,3.35,3.35,2.24147,0,All,#4682B4,0
6,15,6,3.35,3.35,2.47051,0,All,#4682B4,0
7,15,6,3.35,3.35,2.11008,0,All,#4682B4,0
8,15,6,3.35,3.35,2.77282,0,All,#4682B4,0
9,15,6,3.35,3.35,2.38827,0,All,#4682B4,0
10,15,6,3.35,3.35,2.17479,0,All,#4682B4,0
1,15,6.5,2.9,2.9,2.36876,0,All,#4682B4,0
2,15,6.5,2.9,2.9,2.41993,0,All,#4682B4,0
3,15,6.5,2.9,2.9,2.14031,0,All,#4682B4,0
4,15,6.5,2.9,2.9,2.51274,0,All,#4682B4,0
5,15,6.5,2.9,2.9,2.22027,0,All,#4682B4,0
6,15,6.5,2.9,2.9,2.14047,0,All,#4682B4,0
7,15,6.5,2.9,2.9,2.07518,0,All,#4682B4,0
8,15,6.5,2.9,2.9,2.62842,0,All,#4682B4,0
9,15,6.5,2.9,2.9,2.27681,0,All,#4682B4,0
10,15,6.5,2.9,2.9,2.12299,0,All,#4682B4,0
1,15,7,1.63,1.63,2.05551,0,All,#4682B4,0
2,15,7,1.63,1.63,2.31682,0,All,#4682B4,0
3,15,7,1.63,1.63,1.92792,0,All,#4682B4,0
4,15,7,1.63,1.63,2.30355,0,All,#4682B4,0
5,15,7,1.63,1.63,2.17124,0,All,#4682B4,0
6,15,7,1.63,1.63,1.87979,0,All,#4682B4,0
7,15,7,1.63,1.63,2.017,0,All,#4682B4,0
8,15,7,1.63,1.63,2.45163,0,All,#4682B4,0
9,15,7,1.63,1.63,2.14185,0,All,#4682B4,0
10,15,7,1.63,1.63,2.0467,0,All,#4682B4,0
1,15,7.5,1.27,0.693485,1.8104,1,All,#4682B4,0
2,15,7.5,1.27,0.885261,2.1892,1,All,#4682B4,0
3,15,7.5,1.27,1.25151,1.7526,1,All,#4682B4,0
4,15,7.5,1.27,0.809229,2.11954,1,All,#4682B4,0
5,15,7.5,1.27,0.237057,2.10795,1,All,#4682B4,0
6,15,7.5,1.27,1.02949,1.6998,1,All,#4682B4,0
7,15,7.5,1.27,0.591489,1.95378,1,All,#4682B4,0
8,15,7.5,1.27,1.03978,2.28684,1,All,#4682B4,0
9,15,7.5,1.27,0.53778,2.00909,1,All,#4682B4,0
10,15,7.5,1.27,1.05064,1.96272,1,All,#4682B4,0
1,15,8,1.27,0.835993,1.63631,1,All,#4682B4,0
2,15,8,1.27,0.635311,2.05917,1,All,#4682B4,0
3,15,8,1.27,1.18191,1.62164,1,All,#4682B4,0
4,15,8,1.27,1.11372,1.9811,1,All,#4682B4,0
5,15,8,1.27,0.840364,2.04048,1,All,#4682B4,0
6,15,8,1.27,0.850932,1.59133,1,All,#4682B4,0
7,15,8,1.27,0.155951,1.8916,1,All,#4682B4,0
8,15,8,1.27,0.222877,2.15702,1,All,#4682B4,0
9,15,8,1.27,1.23483,1.89477,1,All,#4682B4,0
10,15,8,1.27,0.768734,1.88333,1,All,#4682B4,0
1,15,8.5,1.27,0.488074,1.52582,1,All,#4682B4,0
2,15,8.5,1.27,0.993056,1.94037,1,All,#4682B4,0
3,15,8.5,1.27,0.85447,1.53294,1,All,#4682B4,0
4,15,8.5,1.27,0.304957,1.89254,1,All,#4682B4,0
5,15,8.5,1.27,0.911753,1.9754,1,All,#4682B4,0
6,15,8.5,1.27,0.487123,1.54224,1,All,#4682B4,0
7,15,8.5,1.27,0.34827,1.83479,1,All,#4682B4,0
8,15,8.5,1.27,0.540123,2.06865,1,All,#4682B4,0
9,15,8.5,1.27,0.610797,1.80486,1,All,#4682B4,0
10,15,8.5,1.27,0.925664,1.81504,1,All,#4682B4,0
1,15,9,1.64,1.64,1.46929,0,All,#4682B4,0
2,15,9,1.64,1.64,1.84114,0,All,#4682B4,0
3,15,9,1.64,1.64,1.48033,0,All,#4682B4,0
4,15,9,1.64,1.64,1.84764,0,All,#4682B4,0
5,15,9,1.64,1.64,1.91626,0,All,#4682B4,0
6,15,9,1.64,1.64,1.54024,0,All,#4682B4,0
7,15,9,1.64,1.64,1.78565,0,All,#4682B4,0
8,15,9,1.64,1.64,2.01836,0,All,#4682B4,0
9,15,9,1.64,1.64,1.7405,0,All,#4682B4,0
10,15,9,1.64,1.64,1.76233,0,All,#4682B4,0
1,15,9.5,1.27,0.898778,1.45672,1,All,#4682B4,0
2,15,9.5,1.27,0.920083,1.76392,1,All,#4682B4,0
3,15,9.5,1.27,1.0289,1.45637,1,All,#4682B4,0
4,15,9.5,1.27,1.2285,1.83814,1,All,#4682B4,0
5,15,9.5,1.27,0.947363,1.86485,1,All,#4682B4,0
6,15,9.5,1.27,1.22039,1.57385,1,All,#4682B4,0
7,15,9.5,1.27,0.514862,1.74505,1,All,#4682B4,0
8,15,9.5,1.27,0.35881,1.9992,1,All,#4682B4,0
9,15,9.5,1.27,1.141,1.69925,1,All,#4682B4,0
10,15,9.5,1.27,1.20943,1.72435,1,All,#4682B4,0
1,15,10,2.11,2.11,1.47856,0,All,#4682B4,0
2,15,10,2.11,2.11,1.70719,0,All,#4682B4,0
3,15,10,2.11,2.11,1.45379,0,All,#4682B4,0
4,15,10,2.11,2.11,1.85504,0,All,#4682B4,0
5,15,10,2.11,2.11,1.82133,0,All,#4682B4,0
6,15,10,2.11,2.11,1.6327,0,All,#4682B4,0
7,15,10,2.11,2.11,1.71228,0,All,#4682B4,0
8,15,10,2.11,2.11,2.00363,0,All,#4682B4,0
9,15,10,2.11,2.11,1.67753,0,All,#4682B4,0
10,15,10,2.11,2.11,1.69855,0,All,#4682B4,0
1,15,10.5,1.69,1.69,1.52653,0,All,#4682B4,0
2,15,10.5,1.69,1.69,1.66956,0,All,#4682B4,0
3,15,10.5,1.69,1.69,1.46647,0,All,#4682B4,0
4,15,10.5,1.69,1.69,1.8909,0,All,#4682B4,0
5,15,10.5,1.69,1.69,1.78484,0,All,#4682B4,0
6,15,10.5,1.69,1.69,1.70801,0,All,#4682B4,0
7,15,10.5,1.69,1.69,1.68662,0,All,#4682B4,0
8,15,10.5,1.69,1.69,2.02443,0,All,#4682B4,0
9,15,10.5,1.69,1.69,1.67144,0,All,#4682B4,0
10,15,10.5,1.69,1.69,1.6843,0,All,#4682B4,0
1,15,11,2.12,2.12,1.5911,0,All,#4682B4,0
2,15,11,2.12,2.12,1.64869,0,All,#4682B4,0
3,15,11,2.12,2.12,1.48936,0,All,#4682B4,0
4,15,11,2.12,2.12,1.93722,0,All,#4682B4,0
5,15,11,2.12,2.12,1.75513,0,All,#4682B4,0
6,15,11,2.12,2.12,1.79232,0,All,#4682B4,0
7,15,11,2.12,2.12,1.66697,0,All,#4682B4,0
8,15,11,2.12,2.12,2.05465,0,All,#4682B4,0
9,15,11,2.12,2.12,1.677,0,All,#4682B4,0
10,15,11,2.12,2.12,1.67801,0,All,#4682B4,0
1,15,11.5,2.18,2.18,1.61263,0,All,#4682B4,0
2,15,11.5,2.18,2.18,1.642,0,All,#4682B4,0
3,15,11.5,2.18,2.18,1.51829,0,All,#4682B4,0
4,15,11.5,2.18,2.18,1.96022,0,All,#4682B4,0
5,15,11.5,2.18,2.18,1.7308,0,All,#4682B4,0
6,15,11.5,2.18,2.18,1.80179,0,All,#4682B4,0
7,15,11.5,2.18,2.18,1.65232,0,All,#4682B4,0
8,15,11.5,2.18,2.18,2.00265,0,All,#4682B4,0
9,15,11.5,2.18,2.18,1.69074,0,All,#4682B4,0
10,15,11.5,2.18,2.18,1.67568,0,All,#4682B4,0
1,15,12,2.34,2.34,1.46518,0,All,#4682B4,0
2,15,12,2.34,2.34,1.60144,0,All,#4682B4,0
3,15,12,2.34,2.34,1.4605,0,All,#4682B4,0
4,15,12,2.34,2.34,1.73192,0,All,#4682B4,0
5,15,12,2.34,2.34,1.59913,0,All,#4682B4,0
6,15,12,2.34,2.34,1.60114,0,All,#4682B4,0
7,15,12,2.34,2.34,1.58854,0,All,#4682B4,0
8,15,12,2.34,2.34,1.75031,0,All,#4682B4,0
9,15,12,2.34,2.34,1.64583,0,All,#4682B4,0
10,15,12,2.34,2.34,1.56216,0,All,#4682B4,0
1,15,12.5,1.27,1.06532,1.16083,1,All,#4682B4,0
2,15,12.5,1.27,0.647176,1.2132,1,All,#4682B4,0
3,15,12.5,1.27,0.76964,1.21823,1,All,#4682B4,0
4,15,12.5,1.27,1.23562,1.26178,1,All,#4682B4,0
5,15,12.5,1.27,1.11903,1.24457,1,All,#4682B4,0
6,15,12.5,1.27,1.0681,1.20818,1,All,#4682B4,0
7,15,12.5,1.27,1.25663,1.25342,1,All,#4682B4,0
8,15,12.5,1.27,0.633849,1.33166,1,All,#4682B4,0
9,15,12.5,1.27,0.738981,1.31631,1,All,#4682B4,0
10,15,12.5,1.27,1.18828,1.24075,1,All,#4682B4,0
1,15,13,1.27,0.784268,0.732905,1,All,#4682B4,0
2,15,13,1.27,0.620932,0.51336,1,All,#4682B4,0
3,15,13,1.27,0.613711,0.855287,1,All,#4682B4,0
4,15,13,1.27,0.490196,0.640216,1,All,#4682B4,0
5,15,13,1.27,0.554182,0.789778,1,All,#4682B4,0
6,15,13,1.27,0.606198,0.691743,1,All,#4682B4,0
7,15,13,1.27,0.599875,0.770894,1,All,#4682B4,0
8,15,13,1.27,1.04193,0.812836,1,All,#4682B4,0
9,15,13,1.27,1.0726,0.798248,1,All,#4682B4,0
10,15,13,1.27,1.16729,0.80011,1,All,#4682B4,0
1,15,13.5,1.27,0.251051,0.226621,1,All,#4682B4,0
2,15,13.5,1.27,7.78813e-17,0,1,All,#4682B4,0
3,15,13.5,1.27,0.239394,0.425759,1,All,#4682B4,0
4,15,13.5,1.27,1.01605e-16,0,1,All,#4682B4,0
5,15,13.5,1.27,0.310308,0.295522,1,All,#4682B4,0
6,15,13.5,1.27,0.0657253,0.0947693,1,All,#4682B4,0
7,15,13.5,1.27,0.172476,0.251352,1,All,#4682B4,0
8,15,13.5,1.27,0.146199,0.235593,1,All,#4682B4,0
9,15,13.5,1.27,0.172742,0.173603,1,All,#4682B4,0
10,15,13.5,1.27,0.245826,0.31184,1,All,#4682B4,0
1,15,14,1.27,2.3382e-16,0,1,All,#4682B4,0
2,15,14,1.27,1.71255e-16,0,1,All,#4682B4,0
3,15,14,1.27,7.7015e-17,0,1,All,#4682B4,0
4,15,14,1.27,1.56014e-16,0,1,All,#4682B4,0
5,15,14,1.27,6.07029e-17,0,1,All,#4682B4,0
6,15,14,1.27,1.53905e-17,0,1,All,#4682B4,0
7,15,14,1.27,4.55517e-18,0,1,All,#4682B4,0
8,15,14,1.27,2.83592e-16,0,1,All,#4682B4,0
9,15,14,1.27,8.60897e-17,0,1,All,#4682B4,0
10,15,14,1.27,1.95608e-16,0,1,All,#4682B4,0
1,15,14.5,1.27,1.6868e-16,0,1,All,#4682B4,0
2,15,14.5,1.27,5.91271e-19,0,1,All,#4682B4,0
3,15,14.5,1.27,3.97184e-16,0,1,All,#4682B4,0
4,15,14.5,1.27,2.30063e-16,0,1,All,#4682B4,0
5,15,14.5,1.27,3.78105e-16,0,1,All,#4682B4,0
6,15,14.5,1.27,3.81106e-16,0,1,All,#4682B4,0
7,15,14.5,1.27,2.20182e-16,0,1,All,#4682B4,0
8,15,14.5,1.27,1.92853e-16,0,1,All,#4682B4,0
9,15,14.5,1.27,4.65137e-16,0,1,All,#4682B4,0
10,15,14.5,1.27,4.56867e-16,0,1,All,#4682B4,0
1,15,15,1.27,7.56901e-17,0,1,All,#4682B4,0
2,15,15,1.27,1.23227e-16,0,1,All,#4682B4,0
3,15,15,1.27,2.26277e-16,0,1,All,#4682B4,0
4,15,15,1.27,5.20704e-19,0,1,All,#4682B4,0
5,15,15,1.27,5.07264e-17,0,1,All,#4682B4,0
6,15,15,1.27,8.76649e-17,0,1,All,#4682B4,0
7,15,15,1.27,6.52095e-16,0,1,All,#4682B4,0
8,15,15,1.27,3.92439e-17,0,1,All,#4682B4,0
9,15,15,1.27,3.87877e-17,0,1,All,#4682B4,0
10,15,15,1.27,2.08306e-16,0,1,All,#4682B4,0
1,16,1,1.27,1.98124e-16,0,1,All,#4682B4,0
2,16,1,1.27,1.38543e-16,0,1,All,#4682B4,0
3,16,1,1.27,3.21268e-16,0,1,All,#4682B4,0
4,16,1,1.27,1.09313e-16,0,1,All,#4682B4,0
5,16,1,1.27,2.00778e-17,0,1,All,#4682B4,0
6,16,1,1.27,5.85563e-17,0,1,All,#4682B4,0
7,16,1,1.27,1.10533e-16,0,1,All,#4682B4,0
8,16,1,1.27,6.96296e-17,0,1,All,#4682B4,0
9,16,1,1.27,1.81713e-16,0,1,All,#4682B4,0
10,16,1,1.27,7.7359e-17,0,1,All,#4682B4,0
1,16,1.5,1.27,3.75602e-16,0,1,All,#4682B4,0
2,16,1.5,1.27,4.61612e-16,0,1,All,#4682B4,0
3,16,1.5,1.27,1.20149e-16,0,1,All,#4682B4,0
4,16,1.5,1.27,2.28596e-16,0,1,All,#4682B4,0
5,16,1.5,1.27,3.12138e-16,0,1,All,#4682B4,0
6,16,1.5,1.27,6.83553e-17,0,1,All,#4682B4,0
7,16,1.5,1.27,3.51359e-17,0,1,All,#4682B4,0
8,16,1.5,1.27,4.15376e-16,0,1,All,#4682B4,0
9,16,1.5,1.27,1.82895e-16,0,1,All,#4682B4,0
10,16,1.5,1.27,9.70967e-17,0,1,All,#4682B4,0
1,16,2,1.27,2.89463e-16,0,1,All,#4682B4,0
2,16,2,1.27,8.93267e-18,0,1,All,#4682B4,0
3,16,2,1.27,1.0424e-16,0,1,All,#4682B4,0
4,16,2,1.27,1.55774e-16,0,1,All,#4682B4,0
5,16,2,1.27,1.71372e-16,0,1,All,#4682B4,0
6,16,2,1.27,6.9622e-17,0,1,All,#4682B4,0
7,16,2,1.27,1.72162e-16,0,1,All,#4682B4,0
8,16,2,1.27,2.27815e-16,0,1,All,#4682B4,0
9,16,2,1.27,8.02641e-17,0,1,All,#4682B4,0
10,16,2,1.27,1.60665e-16,0,1,All,#4682B4,0
1,16,2.5,1.27,3.76918e-17,0,1,All,#4682B4,0
2,16,2.5,1.27,1.54323e-17,0,1,All,#4682B4,0
3,16,2.5,1.27,9.31048e-17,0,1,All,#4682B4,0
4,16,2.5,1.27,1.36582e-16,0,1,All,#4682B4,0
5,16,2.5,1.27,2.96282e-16,0,1,All,#4682B4,0
6,16,2.5,1.27,3.00977e-16,0,1,All,#4682B4,0
7,16,2.5,1.27,2.29851e-16,0,1,All,#4682B4,0
8,16,2.5,1.27,1.8146e-16,0,1,All,#4682B4,0
9,16,2.5,1.27,1.70635e-16,0,1,All,#4682B4,0
10,16,2.5,1.27,1.9951e-16,0,1,All,#4682B4,0
1,16,3,1.27,4.41167e-17,0,1,All,#4682B4,0
2,16,3,1.27,3.13179e-17,0,1,All,#4682B4,0
3,16,3,1.27,1.6145e-16,0,1,All,#4682B4,0
4,16,3,1.27,6.31164e-17,0,1,All,#4682B4,0
5,16,3,1.27,0.377614,0.444745,1,All,#4682B4,0
6,16,3,1.27,1.88272e-16,0,1,All,#4682B4,0
7,16,3,1.27,3.73175e-16,0,1,All,#4682B4,0
8,16,3,1.27,0.175802,0.167349,1,All,#4682B4,0
9,16,3,1.27,7.69863e-17,0,1,All,#4682B4,0
10,16,3,1.27,0.290374,0.198325,1,All,#4682B4,0
1,16,3.5,1.27,0.199237,0.237254,1,All,#4682B4,0
2,16,3.5,1.27,0.944217,0.544601,1,All,#4682B4,0
3,16,3.5,1.27,0.0300091,0.112934,1,All,#4682B4,0
4,16,3.5,1.27,0.272802,0.338865,1,All,#4682B4,0
5,16,3.5,1.27,0.82141,0.965523,1,All,#4682B4,0
6,16,3.5,1.27,0.0186004,0.0237439,1,All,#4682B4,0
7,16,3.5,1.27,0.49738,0.377609,1,All,#4682B4,0
8,16,3.5,1.27,0.363336,0.678252,1,All,#4682B4,0
9,16,3.5,1.27,0.373524,0.486242,1,All,#4682B4,0
10,16,3.5,1.27,0.0676058,0.747619,1,All,#4682B4,0
1,16,4,1.27,0.791139,0.888634,1,All,#4682B4,0
2,16,4,1.27,0.561578,1.08514,1,All,#4682B4,0
3,16,4,1.27,0.830266,0.688514,1,All,#4682B4,0
4,16,4,1.27,1.26052,0.909286,1,All,#4682B4,0
5,16,4,1.27,1.18918,1.32318,1,All,#4682B4,0
6,16,4,1.27,0.688822,0.758215,1,All,#4682B4,0
7,16,4,1.27,1.13332,0.770183,1,All,#4682B4,0
8,16,4,1.27,0.883651,1.11218,1,All,#4682B4,0
9,16,4,1.27,0.907843,1.07391,1,All,#4682B4,0
10,16,4,1.27,1.16762,1.12686,1,All,#4682B4,0
1,16,4.5,2.14,2.14,1.45206,0,All,#4682B4,0
2,16,4.5,2.14,2.14,1.52394,0,All,#4682B4,0
3,16,4.5,2.14,2.14,1.1862,0,All,#4682B4,0
4,16,4.5,2.14,2.14,1.4035,0,All,#4682B4,0
5,16,4.5,2.14,2.14,1.5751,0,All,#4682B4,0
6,16,4.5,2.14,2.14,1.43858,0,All,#4682B4,0
7,16,4.5,2.14,2.14,1.10157,0,All,#4682B4,0
8,16,4.5,2.14,2.14,1.48108,0,All,#4682B4,0
9,16,4.5,2.14,2.14,1.5804,0,All,#4682B4,0
10,16,4.5,2.14,2.14,1.394,0,All,#4682B4,0
1,16,5,1.73,1.73,1.86547,0,All,#4682B4,0
2,16,5,1.73,1.73,1.87364,0,All,#4682B4,0
3,16,5,1.73,1.73,1.59688,0,All,#4682B4,0
4,16,5,1.73,1.73,1.79527,0,All,#4682B4,0
5,16,5,1.73,1.73,1.74418,0,All,#4682B4,0
6,16,5,1.73,1.73,2.01986,0,All,#4682B4,0
7,16,5,1.73,1.73,1.37461,0,All,#4682B4,0
8,16,5,1.73,1.73,1.78786,0,All,#4682B4,0
9,16,5,1.73,1.73,1.96604,0,All,#4682B4,0
10,16,5,1.73,1.73,1.5654,0,All,#4682B4,0
1,16,5.5,1.87,1.87,2.05242,0,All,#4682B4,0
2,16,5.5,1.87,1.87,2.12967,0,All,#4682B4,0
3,16,5.5,1.87,1.87,1.89092,0,All,#4682B4,0
4,16,5.5,1.87,1.87,2.03448,0,All,#4682B4,0
5,16,5.5,1.87,1.87,1.84116,0,All,#4682B4,0
6,16,5.5,1.87,1.87,2.39115,0,All,#4682B4,0
7,16,5.5,1.87,1.87,1.58749,0,All,#4682B4,0
8,16,5.5,1.87,1.87,2.02867,0,All,#4682B4,0
9,16,5.5,1.87,1.87,2.17666,0,All,#4682B4,0
10,16,5.5,1.87,1.87,1.65465,0,All,#4682B4,0
1,16,6,2.85,2.85,2.04119,0,All,#4682B4,0
2,16,6,2.85,2.85,2.27916,0,All,#4682B4,0
3,16,6,2.85,2.85,2.04311,0,All,#4682B4,0
4,16,6,2.85,2.85,2.09546,0,All,#4682B4,0
5,16,6,2.85,2.85,1.88011,0,All,#4682B4,0
6,16,6,2.85,2.85,2.47776,0,All,#4682B4,0
7,16,6,2.85,2.85,1.73563,0,All,#4682B4,0
8,16,6,2.85,2.85,2.19478,0,All,#4682B4,0
9,16,6,2.85,2.85,2.2175,0,All,#4682B4,0
10,16,6,2.85,2.85,1.68195,0,All,#4682B4,0
1,16,6.5,2.72,2.72,1.9302,0,All,#4682B4,0
2,16,6.5,2.72,2.72,2.32637,0,All,#4682B4,0
3,16,6.5,2.72,2.72,2.0733,0,All,#4682B4,0
4,16,6.5,2.72,2.72,2.02105,0,All,#4682B4,0
5,16,6.5,2.72,2.72,1.87655,0,All,#4682B4,0
6,16,6.5,2.72,2.72,2.36811,0,All,#4682B4,0
7,16,6.5,2.72,2.72,1.81667,0,All,#4682B4,0
8,16,6.5,2.72,2.72,2.28222,0,All,#4682B4,0
9,16,6.5,2.72,2.72,2.15398,0,All,#4682B4,0
10,16,6.5,2.72,2.72,1.67054,0,All,#4682B4,0
1,16,7,2.65,2.65,1.78765,0,All,#4682B4,0
2,16,7,2.65,2.65,2.29464,0,All,#4682B4,0
3,16,7,2.65,2.65,2.03106,0,All,#4682B4,0
4,16,7,2.65,2.65,1.88277,0,All,#4682B4,0
5,16,7,2.65,2.65,1.8457,0,All,#4682B4,0
6,16,7,2.65,2.65,2.18113,0,All,#4682B4,0
7,16,7,2.65,2.65,1.83403,0,All,#4682B4,0
8,16,7,2.65,2.65,2.2981,0,All,#4682B4,0
9,16,7,2.65,2.65,2.0429,0,All,#4682B4,0
10,16,7,2.65,2.65,1.63784,0,All,#4682B4,0
1,16,7.5,2.93,2.93,1.64592,0,All,#4682B4,0
2,16,7.5,2.93,2.93,2.21243,0,All,#4682B4,0
3,16,7.5,2.93,2.93,1.95421,0,All,#4682B4,0
4,16,7.5,2.93,2.93,1.73747,0,All,#4682B4,0
5,16,7.5,2.93,2.93,1.798,0,All,#4682B4,0
6,16,7.5,2.93,2.93,1.98035,0,All,#4682B4,0
7,16,7.5,2.93,2.93,1.79862,0,All,#4682B4,0
8,16,7.5,2.93,2.93,2.25851,0,All,#4682B4,0
9,16,7.5,2.93,2.93,1.91179,0,All,#4682B4,0
10,16,7.5,2.93,2.93,1.59372,0,All,#4682B4,0
1,16,8,2.32,2.32,1.51982,0,All,#4682B4,0
2,16,8,2.32,2.32,2.1008,0,All,#4682B4,0
3,16,8,2.32,2.32,1.86091,0,All,#4682B4,0
4,16,8,2.32,2.32,1.61553,0,All,#4682B4,0
5,16,8,2.32,2.32,1.73955,0,All,#4682B4,0
6,16,8,2.32,2.32,1.79466,0,All,#4682B4,0
7,16,8,2.32,2.32,1.72596,0,All,#4682B4,0
8,16,8,2.32,2.32,2.18178,0,All,#4682B4,0
9,16,8,2.32,2.32,1.77223,0,All,#4682B4,0
10,16,8,2.32,2.32,1.5429,0,All,#4682B4,0
1,16,8.5,2.04,2.04,1.41171,0,All,#4682B4,0
2,16,8.5,2.04,2.04,1.97274,0,All,#4682B4,0
3,16,8.5,2.04,2.04,1.75827,0,All,#4682B4,0
4,16,8.5,2.04,2.04,1.52127,0,All,#4682B4,0
5,16,8.5,2.04,2.04,1.67361,0,All,#4682B4,0
6,16,8.5,2.04,2.04,1.63348,0,All,#4682B4,0
7,16,8.5,2.04,2.04,1.62785,0,All,#4682B4,0
8,16,8.5,2.04,2.04,2.08102,0,All,#4682B4,0
9,16,8.5,2.04,2.04,1.62988,0,All,#4682B4,0
10,16,8.5,2.04,2.04,1.48747,0,All,#4682B4,0
1,16,9,1.27,0.677729,1.32217,1,All,#4682B4,0
2,16,9,1.27,1.09082,1.83594,1,All,#4682B4,0
3,16,9,1.27,0.917658,1.64879,1,All,#4682B4,0
4,16,9,1.27,1.21837,1.43085,1,All,#4682B4,0
5,16,9,1.27,0.92054,1.60185,1,All,#4682B4,0
6,16,9,1.27,0.998672,1.49679,1,All,#4682B4,0
7,16,9,1.27,0.411706,1.51239,1,All,#4682B4,0
8,16,9,1.27,0.638935,1.96514,1,All,#4682B4,0
9,16,9,1.27,0.788004,1.48827,1,All,#4682B4,0
10,16,9,1.27,1.10771,1.42833,1,All,#4682B4,0
1,16,9.5,1.27,0.920468,1.24948,1,All,#4682B4,0
2,16,9.5,1.27,0.762488,1.69543,1,All,#4682B4,0
3,16,9.5,1.27,0.417538,1.53338,1,All,#4682B4,0
4,16,9.5,1.27,1.2378,1.34259,1,All,#4682B4,0
5,16,9.5,1.27,1.2498,1.52515,1,All,#4682B4,0
6,16,9.5,1.27,1.18125,1.3795,1,All,#4682B4,0
7,16,9.5,1.27,0.887571,1.38907,1,All,#4682B4,0
8,16,9.5,1.27,1.15621,1.83936,1,All,#4682B4,0
9,16,9.5,1.27,0.791218,1.35006,1,All,#4682B4,0
10,16,9.5,1.27,0.808599,1.36587,1,All,#4682B4,0
1,16,10,1.27,1.15464,1.18918,1,All,#4682B4,0
2,16,10,1.27,0.714603,1.55502,1,All,#4682B4,0
3,16,10,1.27,1.0604,1.41241,1,All,#4682B4,0
4,16,10,1.27,0.737389,1.25504,1,All,#4682B4,0
5,16,10,1.27,1.14938,1.44404,1,All,#4682B4,0
6,16,10,1.27,0.90324,1.27718,1,All,#4682B4,0
7,16,10,1.27,0.672543,1.26125,1,All,#4682B4,0
8,16,10,1.27,0.927154,1.70724,1,All,#4682B4,0
9,16,10,1.27,0.98956,1.21737,1,All,#4682B4,0
10,16,10,1.27,0.909284,1.30025,1,All,#4682B4,0
1,16,10.5,1.27,0.265031,1.13794,1,All,#4682B4,0
2,16,10.5,1.27,0.871263,1.4177,1,All,#4682B4,0
3,16,10.5,1.27,0.299635,1.28609,1,All,#4682B4,0
4,16,10.5,1.27,0.443141,1.16603,1,All,#4682B4,0
5,16,10.5,1.27,1.02527,1.359,1,All,#4682B4,0
6,16,10.5,1.27,0.672507,1.18462,1,All,#4682B4,0
7,16,10.5,1.27,0.813357,1.13172,1,All,#4682B4,0
8,16,10.5,1.27,0.386413,1.57127,1,All,#4682B4,0
9,16,10.5,1.27,0.930509,1.09166,1,All,#4682B4,0
10,16,10.5,1.27,1.05232,1.2316,1,All,#4682B4,0
1,16,11,1.27,0.871882,1.0921,1,All,#4682B4,0
2,16,11,1.27,1.23904,1.28585,1,All,#4682B4,0
3,16,11,1.27,0.591664,1.15462,1,All,#4682B4,0
4,16,11,1.27,0.502589,1.07345,1,All,#4682B4,0
5,16,11,1.27,0.348038,1.26971,1,All,#4682B4,0
6,16,11,1.27,1.08934,1.09682,1,All,#4682B4,0
7,16,11,1.27,0.675992,1.00573,1,All,#4682B4,0
8,16,11,1.27,1.19548,1.43362,1,All,#4682B4,0
9,16,11,1.27,0.563747,0.974037,1,All,#4682B4,0
10,16,11,1.27,0.863384,1.15997,1,All,#4682B4,0
1,16,11.5,1.27,0.759165,1.04794,1,All,#4682B4,0
2,16,11.5,1.27,0.558109,1.16125,1,All,#4682B4,0
3,16,11.5,1.27,1.21945,1.0182,1,All,#4682B4,0
4,16,11.5,1.27,1.11497,0.975479,1,All,#4682B4,0
5,16,11.5,1.27,0.044515,1.1772,1,All,#4682B4,0
6,16,11.5,1.27,0.894671,1.00829,1,All,#4682B4,0
7,16,11.5,1.27,0.932023,0.885855,1,All,#4682B4,0
8,16,11.5,1.27,0.934214,1.296,1,All,#4682B4,0
9,16,11.5,1.27,0.462439,0.864615,1,All,#4682B4,0
10,16,11.5,1.27,1.24791,1.08546,1,All,#4682B4,0
1,16,12,1.27,0.531679,1.0037,1,All,#4682B4,0
2,16,12,1.27,0.170887,1.04504,1,All,#4682B4,0
3,16,12,1.27,1.11812,0.877115,1,All,#4682B4,0
4,16,12,1.27,0.908429,0.870684,1,All,#4682B4,0
5,16,12,1.27,1.12363,1.08138,1,All,#4682B4,0
6,16,12,1.27,0.629507,0.916089,1,All,#4682B4,0
7,16,12,1.27,0.812954,0.772598,1,All,#4682B4,0
8,16,12,1.27,0.411585,1.15976,1,All,#4682B4,0
9,16,12,1.27,0.545045,0.763301,1,All,#4682B4,0
10,16,12,1.27,0.391497,1.0082,1,All,#4682B4,0
1,16,12.5,1.27,0.610797,0.957855,1,All,#4682B4,0
2,16,12.5,1.27,0.479761,0.937815,1,All,#4682B4,0
3,16,12.5,1.27,1.16988,0.731594,1,All,#4682B4,0
4,16,12.5,1.27,0.362376,0.757638,1,All,#4682B4,0
5,16,12.5,1.27,0.467506,0.983492,1,All,#4682B4,0
6,16,12.5,1.27,0.656664,0.816828,1,All,#4682B4,0
7,16,12.5,1.27,1.00878,0.666633,1,All,#4682B4,0
8,16,12.5,1.27,0.941412,1.02625,1,All,#4682B4,0
9,16,12.5,1.27,0.708595,0.669916,1,All,#4682B4,0
10,16,12.5,1.27,0.548354,0.928361,1,All,#4682B4,0
1,16,13,1.27,0.677252,0.908121,1,All,#4682B4,0
2,16,13,1.27,0.689749,0.839636,1,All,#4682B4,0
3,16,13,1.27,0.511769,0.581846,1,All,#4682B4,0
4,16,13,1.27,0.3935,0.63388,1,All,#4682B4,0
5,16,13,1.27,0.733484,0.882616,1,All,#4682B4,0
6,16,13,1.27,0.284907,0.707833,1,All,#4682B4,0
7,16,13,1.27,0.617855,0.568159,1,All,#4682B4,0
8,16,13,1.27,0.914483,0.896574,1,All,#4682B4,0
9,16,13,1.27,0.541553,0.583694,1,All,#4682B4,0
10,16,13,1.27,0.833726,0.846181,1,All,#4682B4,0
1,16,13.5,1.27,0.865549,0.853496,1,All,#4682B4,0
2,16,13.5,1.27,0.735087,0.750186,1,All,#4682B4,0
3,16,13.5,1.27,0.243478,0.428176,1,All,#4682B4,0
4,16,13.5,1.27,0.218553,0.499479,1,All,#4682B4,0
5,16,13.5,1.27,0.559053,0.780353,1,All,#4682B4,0
6,16,13.5,1.27,0.148338,0.58672,1,All,#4682B4,0
7,16,13.5,1.27,0.341106,0.477106,1,All,#4682B4,0
8,16,13.5,1.27,0.316206,0.771441,1,All,#4682B4,0
9,16,13.5,1.27,0.376764,0.503651,1,All,#4682B4,0
10,16,13.5,1.27,0.556331,0.762009,1,All,#4682B4,0
1,16,14,1.27,0.954196,0.793512,1,All,#4682B4,0
2,16,14,1.27,0.409195,0.668842,1,All,#4682B4,0
3,16,14,1.27,0.286032,0.271155,1,All,#4682B4,0
4,16,14,1.27,0.25753,0.354745,1,All,#4682B4,0
5,16,14,1.27,1.1876,0.677319,1,All,#4682B4,0
6,16,14,1.27,0.601806,0.452561,1,All,#4682B4,0
7,16,14,1.27,0.433326,0.393082,1,All,#4682B4,0
8,16,14,1.27,0.646637,0.651197,1,All,#4682B4,0
9,16,14,1.27,0.423314,0.42878,1,All,#4682B4,0
10,16,14,1.27,0.39516,0.676237,1,All,#4682B4,0
1,16,14.5,1.27,0.553759,0.72862,1,All,#4682B4,0
2,16,14.5,1.27,0.427564,0.594817,1,All,#4682B4,0
3,16,14.5,1.27,0.131107,0.111122,1,All,#4682B4,0
4,16,14.5,1.27,0.0623502,0.197171,1,All,#4682B4,0
5,16,14.5,1.27,0.118313,0.574457,1,All,#4682B4,0
6,16,14.5,1.27,0.305158,0.302225,1,All,#4682B4,0
7,16,14.5,1.27,0.183233,0.315465,1,All,#4682B4,0
8,16,14.5,1.27,0.564794,0.536471,1,All,#4682B4,0
9,16,14.5,1.27,0.246822,0.357864,1,All,#4682B4,0
10,16,14.5,1.27,0.337127,0.589413,1,All,#4682B4,0
1,16,15,1.27,0.669529,0.65604,1,All,#4682B4,0
2,16,15,1.27,0.394536,0.527009,1,All,#4682B4,0
3,16,15,1.27,4.50294e-17,0,1,All,#4682B4,0
4,16,15,1.27,0.0121876,0.0256829,1,All,#4682B4,0
5,16,15,1.27,0.705907,0.472798,1,All,#4682B4,0
6,16,15,1.27,0.174993,0.136077,1,All,#4682B4,0
7,16,15,1.27,0.199655,0.243526,1,All,#4682B4,0
8,16,15,1.27,0.540441,0.427693,1,All,#4682B4,0
9,16,15,1.27,0.504949,0.29,1,All,#4682B4,0
10,16,15,1.27,0.591975,0.502088,1,All,#4682B4,0
1,16,15.5,1.27,0.392492,0.577789,1,All,#4682B4,0
2,16,15.5,1.27,0.65982,0.464535,1,All,#4682B4,0
3,16,15.5,1.27,1.16422e-16,0,1,All,#4682B4,0
4,16,15.5,1.27,6.39438e-17,0,1,All,#4682B4,0
5,16,15.5,1.27,0.532362,0.37343,1,All,#4682B4,0
6,16,15.5,1.27,2.12002e-16,0,1,All,#4682B4,0
7,16,15.5,1.27,0.249717,0.176448,1,All,#4682B4,0
8,16,15.5,1.27,0.215517,0.324753,1,All,#4682B4,0
9,16,15.5,1.27,0.282482,0.223671,1,All,#4682B4,0
10,16,15.5,1.27,0.377136,0.414661,1,All,#4682B4,0
1,16,16,1.27,0.352083,0.493128,1,All,#4682B4,0
2,16,16,1.27,0.82803,0.406327,1,All,#4682B4,0
3,16,16,1.27,1.78308e-16,0,1,All,#4682B4,0
4,16,16,1.27,2.68419e-16,0,1,All,#4682B4,0
5,16,16,1.27,0.309465,0.277512,1,All,#4682B4,0
6,16,16,1.27,5.74879e-18,0,1,All,#4682B4,0
7,16,16,1.27,0.0158028,0.113384,1,All,#4682B4,0
8,16,16,1.27,0.222671,0.227484,1,All,#4682B4,0
9,16,16,1.27,0.140148,0.158394,1,All,#4682B4,0
10,16,16,1.27,0.335462,0.327949,1,All,#4682B4,0
1,16,16.5,1.27,0.314099,0.401683,1,All,#4682B4,0
2,16,16.5,1.27,0.49194,0.351366,1,All,#4682B4,0
3,16,16.5,1.27,1.02861e-16,0,1,All,#4682B4,0
4,16,16.5,1.27,3.74177e-16,0,1,All,#4682B4,0
5,16,16.5,1.27,0.114714,0.186064,1,All,#4682B4,0
6,16,16.5,1.27,1.56128e-16,0,1,All,#4682B4,0
7,16,16.5,1.27,0.0229247,0.0532453,1,All,#4682B4,0
8,16,16.5,1.27,0.157995,0.13568,1,All,#4682B4,0
9,16,16.5,1.27,0.095334,0.0925887,1,All,#4682B4,0
10,16,16.5,1.27,0.186872,0.243125,1,All,#4682B4,0
1,16,17,1.27,0.154092,0.303605,1,All,#4682B4,0
2,16,17,1.27,0.123912,0.298726,1,All,#4682B4,0
3,16,17,1.27,2.86354e-16,0,1,All,#4682B4,0
4,16,17,1.27,2.59605e-16,0,1,All,#4682B4,0
5,16,17,1.27,0.0589718,0.0999916,1,All,#4682B4,0
6,16,17,1.27,4.79143e-16,0,1,All,#4682B4,0
7,16,17,1.27,1.87665e-16,0,1,All,#4682B4,0
8,16,17,1.27,0.0564834,0.0491707,1,All,#4682B4,0
9,16,17,1.27,0.0203971,0.0254139,1,All,#4682B4,0
10,16,17,1.27,0.0462038,0.160813,1,All,#4682B4,0
1,17,1,1.27,1.89355e-16,0,1,All,#4682B4,0
2,17,1,1.27,1.33647e-16,0,1,All,#4682B4,0
3,17,1,1.27,1.96097e-16,0,1,All,#4682B4,0
4,17,1,1.27,3.56234e-16,0,1,All,#4682B4,0
5,17,1,1.27,1.61304e-17,0,1,All,#4682B4,0
6,17,1,1.27,2.16796e-16,0,1,All,#4682B4,0
7,17,1,1.27,2.11926e-16,0,1,All,#4682B4,0
8,17,1,1.27,2.52818e-16,0,1,All,#4682B4,0
9,17,1,1.27,2.0299e-16,0,1,All,#4682B4,0
10,17,1,1.27,3.66611e-16,0,1,All,#4682B4,0
1,17,1.5,1.27,2.80126e-16,0,1,All,#4682B4,0
2,17,1.5,1.27,6.73588e-17,0,1,All,#4682B4,0
3,17,1.5,1.27,3.88277e-16,0,1,All,#4682B4,0
4,17,1.5,1.27,4.29941e-16,0,1,All,#4682B4,0
5,17,1.5,1.27,4.66955e-16,0,1,All,#4682B4,0
6,17,1.5,1.27,4.03043e-17,0,1,All,#4682B4,0
7,17,1.5,1.27,7.31162e-17,0,1,All,#4682B4,0
8,17,1.5,1.27,2.04127e-16,0,1,All,#4682B4,0
9,17,1.5,1.27,1.5582e-16,0,1,All,#4682B4,0
10,17,1.5,1.27,2.93448e-16,0,1,All,#4682B4,0
1,17,2,1.27,7.44615e-17,0,1,All,#4682B4,0
2,17,2,1.27,1.59942e-16,0,1,All,#4682B4,0
3,17,2,1.27,2.01538e-16,0,1,All,#4682B4,0
4,17,2,1.27,1.34027e-16,0,1,All,#4682B4,0
5,17,2,1.27,1.23123e-16,0,1,All,#4682B4,0
6,17,2,1.27,3.59274e-17,0,1,All,#4682B4,0
7,17,2,1.27,2.11243e-16,0,1,All,#4682B4,0
8,17,2,1.27,2.16794e-16,0,1,All,#4682B4,0
9,17,2,1.27,1.713e-16,0,1,All,#4682B4,0
10,17,2,1.27,3.38016e-16,0,1,All,#4682B4,0
1,17,2.5,1.27,1.76207e-17,0,1,All,#4682B4,0
2,17,2.5,1.27,1.7285e-16,0,1,All,#4682B4,0
3,17,2.5,1.27,2.54539e-16,0,1,All,#4682B4,0
4,17,2.5,1.27,5.79653e-17,0,1,All,#4682B4,0
5,17,2.5,1.27,1.92748e-16,0,1,All,#4682B4,0
6,17,2.5,1.27,5.57253e-17,0,1,All,#4682B4,0
7,17,2.5,1.27,1.82552e-17,0,1,All,#4682B4,0
8,17,2.5,1.27,2.79565e-16,0,1,All,#4682B4,0
9,17,2.5,1.27,5.80677e-16,0,1,All,#4682B4,0
10,17,2.5,1.27,2.01477e-16,0,1,All,#4682B4,0
1,17,3,1.27,0.685614,0.599386,1,All,#4682B4,0
2,17,3,1.27,2.04737e-16,0,1,All,#4682B4,0
3,17,3,1.27,4.91693e-16,0,1,All,#4682B4,0
4,17,3,1.27,0.0681823,0.122366,1,All,#4682B4,0
5,17,3,1.27,2.65648e-16,0,1,All,#4682B4,0
6,17,3,1.27,0.298719,0.234022,1,All,#4682B4,0
7,17,3,1.27,1.37861e-16,0,1,All,#4682B4,0
8,17,3,1.27,0.185286,0.189753,1,All,#4682B4,0
9,17,3,1.27,0.438854,0.991761,1,All,#4682B4,0
10,17,3,1.27,0.342384,0.233701,1,All,#4682B4,0
1,17,3.5,1.27,0.656217,1.48512,1,All,#4682B4,0
2,17,3.5,1.27,0.274768,0.569737,1,All,#4682B4,0
3,17,3.5,1.27,0.435485,0.922606,1,All,#4682B4,0
4,17,3.5,1.27,0.551904,1.28064,1,All,#4682B4,0
5,17,3.5,1.27,0.379847,0.550513,1,All,#4682B4,0
6,17,3.5,1.27,0.698721,1.15659,1,All,#4682B4,0
7,17,3.5,1.27,0.351678,0.518402,1,All,#4682B4,0
8,17,3.5,1.27,0.41204,0.842876,1,All,#4682B4,0
9,17,3.5,1.27,0.465587,1.70937,1,All,#4682B4,0
10,17,3.5,1.27,0.0208716,1.20774,1,All,#4682B4,0
1,17,4,1.77,1.77,2.11604,0,All,#4682B4,0
2,17,4,1.77,1.77,1.15127,0,All,#4682B4,0
3,17,4,1.77,1.77,1.67789,0,All,#4682B4,0
4,17,4,1.77,1.77,1.84744,0,All,#4682B4,0
5,17,4,1.77,1.77,1.12226,0,All,#4682B4,0
6,17,4,1.77,1.77,1.86126,0,All,#4682B4,0
7,17,4,1.77,1.77,1.24488,0,All,#4682B4,0
8,17,4,1.77,1.77,1.37882,0,All,#4682B4,0
9,17,4,1.77,1.77,2.09742,0,All,#4682B4,0
10,17,4,1.77,1.77,1.90317,0,All,#4682B4,0
1,17,4.5,2.11,2.11,2.56669,0,All,#4682B4,0
2,17,4.5,2.11,2.11,1.64566,0,All,#4682B4,0
3,17,4.5,2.11,2.11,2.29129,0,All,#4682B4,0
4,17,4.5,2.11,2.11,2.19847,0,All,#4682B4,0
5,17,4.5,2.11,2.11,1.56772,0,All,#4682B4,0
6,17,4.5,2.11,2.11,2.41387,0,All,#4682B4,0
7,17,4.5,2.11,2.11,1.86194,0,All,#4682B4,0
8,17,4.5,2.11,2.11,1.82025,0,All,#4682B4,0
9,17,4.5,2.11,2.11,2.34172,0,All,#4682B4,0
10,17,4.5,2.11,2.11,2.41724,0,All,#4682B4,0
1,17,5,2.27,2.27,2.84748,0,All,#4682B4,0
2,17,5,2.27,2.27,2.06203,0,All,#4682B4,0
3,17,5,2.27,2.27,2.73969,0,All,#4682B4,0
4,17,5,2.27,2.27,2.4385,0,All,#4682B4,0
5,17,5,2.27,2.27,1.9119,0,All,#4682B4,0
6,17,5,2.27,2.27,2.83806,0,All,#4682B4,0
7,17,5,2.27,2.27,2.37178,0,All,#4682B4,0
8,17,5,2.27,2.27,2.18093,0,All,#4682B4,0
9,17,5,2.27,2.27,2.5018,0,All,#4682B4,0
10,17,5,2.27,2.27,2.77349,0,All,#4682B4,0
1,17,5.5,3.29,3.29,2.9621,0,All,#4682B4,0
2,17,5.5,3.29,3.29,2.39546,0,All,#4682B4,0
3,17,5.5,3.29,3.29,2.96555,0,All,#4682B4,0
4,17,5.5,3.29,3.29,2.61029,0,All,#4682B4,0
5,17,5.5,3.29,3.29,2.17029,0,All,#4682B4,0
6,17,5.5,3.29,3.29,3.13673,0,All,#4682B4,0
7,17,5.5,3.29,3.29,2.73787,0,All,#4682B4,0
8,17,5.5,3.29,3.29,2.45907,0,All,#4682B4,0
9,17,5.5,3.29,3.29,2.59373,0,All,#4682B4,0
10,17,5.5,3.29,3.29,2.96338,0,All,#4682B4,0
1,17,6,2.73,2.73,2.95189,0,All,#4682B4,0
2,17,6,2.73,2.73,2.62729,0,All,#4682B4,0
3,17,6,2.73,2.73,2.99165,0,All,#4682B4,0
4,17,6,2.73,2.73,2.73444,0,All,#4682B4,0
5,17,6,2.73,2.73,2.34786,0,All,#4682B4,0
6,17,6,2.73,2.73,3.29599,0,All,#4682B4,0
7,17,6,2.73,2.73,2.91868,0,All,#4682B4,0
8,17,6,2.73,2.73,2.64177,0,All,#4682B4,0
9,17,6,2.73,2.73,2.62495,0,All,#4682B4,0
10,17,6,2.73,2.73,3.00355,0,All,#4682B4,0
1,17,6.5,3.71,3.71,2.87056,0,All,#4682B4,0
2,17,6.5,3.71,3.71,2.73936,0,All,#4682B4,0
3,17,6.5,3.71,3.71,2.91222,0,All,#4682B4,0
4,17,6.5,3.71,3.71,2.82158,0,All,#4682B4,0
5,17,6.5,3.71,3.71,2.44422,0,All,#4682B4,0
6,17,6.5,3.71,3.71,3.31279,0,All,#4682B4,0
7,17,6.5,3.71,3.71,2.92429,0,All,#4682B4,0
8,17,6.5,3.71,3.71,2.70828,0,All,#4682B4,0
9,17,6.5,3.71,3.71,2.60006,0,All,#4682B4,0
10,17,6.5,3.71,3.71,2.9485,0,All,#4682B4,0
1,17,7,4.66,4.66,2.74824,0,All,#4682B4,0
2,17,7,4.66,4.66,2.73341,0,All,#4682B4,0
3,17,7,4.66,4.66,2.77082,0,All,#4682B4,0
4,17,7,4.66,4.66,2.86687,0,All,#4682B4,0
5,17,7,4.66,4.66,2.45955,0,All,#4682B4,0
6,17,7,4.66,4.66,3.20853,0,All,#4682B4,0
7,17,7,4.66,4.66,2.82202,0,All,#4682B4,0
8,17,7,4.66,4.66,2.66144,0,All,#4682B4,0
9,17,7,4.66,4.66,2.52468,0,All,#4682B4,0
10,17,7,4.66,4.66,2.8389,0,All,#4682B4,0
1,17,7.5,4.39,4.39,2.59594,0,All,#4682B4,0
2,17,7.5,4.39,4.39,2.61915,0,All,#4682B4,0
3,17,7.5,4.39,4.39,2.58108,0,All,#4682B4,0
4,17,7.5,4.39,4.39,2.85531,0,All,#4682B4,0
5,17,7.5,4.39,4.39,2.3993,0,All,#4682B4,0
6,17,7.5,4.39,4.39,3.01423,0,All,#4682B4,0
7,17,7.5,4.39,4.39,2.67187,0,All,#4682B4,0
8,17,7.5,4.39,4.39,2.52489,0,All,#4682B4,0
9,17,7.5,4.39,4.39,2.40157,0,All,#4682B4,0
10,17,7.5,4.39,4.39,2.69014,0,All,#4682B4,0
1,17,8,3.59,3.59,2.41624,0,All,#4682B4,0
2,17,8,3.59,3.59,2.40879,0,All,#4682B4,0
3,17,8,3.59,3.59,2.34889,0,All,#4682B4,0
4,17,8,3.59,3.59,2.78074,0,All,#4682B4,0
5,17,8,3.59,3.59,2.27357,0,All,#4682B4,0
6,17,8,3.59,3.59,2.75739,0,All,#4682B4,0
7,17,8,3.59,3.59,2.47545,0,All,#4682B4,0
8,17,8,3.59,3.59,2.32053,0,All,#4682B4,0
9,17,8,3.59,3.59,2.23204,0,All,#4682B4,0
10,17,8,3.59,3.59,2.50509,0,All,#4682B4,0
1,17,8.5,1.75,1.75,2.2091,0,All,#4682B4,0
2,17,8.5,1.75,1.75,2.13488,0,All,#4682B4,0
3,17,8.5,1.75,1.75,2.07748,0,All,#4682B4,0
4,17,8.5,1.75,1.75,2.63532,0,All,#4682B4,0
5,17,8.5,1.75,1.75,2.09343,0,All,#4682B4,0
6,17,8.5,1.75,1.75,2.4611,0,All,#4682B4,0
7,17,8.5,1.75,1.75,2.23838,0,All,#4682B4,0
8,17,8.5,1.75,1.75,2.06522,0,All,#4682B4,0
9,17,8.5,1.75,1.75,2.0245,0,All,#4682B4,0
10,17,8.5,1.75,1.75,2.28215,0,All,#4682B4,0
1,17,9,1.27,1.07308,1.97467,1,All,#4682B4,0
2,17,9,1.27,1.03316,1.82061,1,All,#4682B4,0
3,17,9,1.27,1.12005,1.77148,1,All,#4682B4,0
4,17,9,1.27,0.817698,2.41413,1,All,#4682B4,0
5,17,9,1.27,1.24745,1.86948,1,All,#4682B4,0
6,17,9,1.27,1.00116,2.14701,1,All,#4682B4,0
7,17,9,1.27,0.755464,1.97014,1,All,#4682B4,0
8,17,9,1.27,0.722174,1.77356,1,All,#4682B4,0
9,17,9,1.27,1.21132,1.79628,1,All,#4682B4,0
10,17,9,1.27,0.471689,2.01951,1,All,#4682B4,0
1,17,9.5,1.27,1.14675,1.71481,1,All,#4682B4,0
2,17,9.5,1.27,0.990629,1.48839,1,All,#4682B4,0
3,17,9.5,1.27,1.12655,1.43793,1,All,#4682B4,0
4,17,9.5,1.27,0.0367996,2.13011,1,All,#4682B4,0
5,17,9.5,1.27,1.1432,1.61451,1,All,#4682B4,0
6,17,9.5,1.27,1.19119,1.82936,1,All,#4682B4,0
7,17,9.5,1.27,0.685279,1.68026,1,All,#4682B4,0
8,17,9.5,1.27,1.17193,1.46086,1,All,#4682B4,0
9,17,9.5,1.27,0.916569,1.56635,1,All,#4682B4,0
10,17,9.5,1.27,0.0190314,1.71795,1,All,#4682B4,0
1,17,10,1.27,0.828549,1.43325,1,All,#4682B4,0
2,17,10,1.27,0.753774,1.14994,1,All,#4682B4,0
3,17,10,1.27,0.650864,1.08861,1,All,#4682B4,0
4,17,10,1.27,0.28883,1.8132,1,All,#4682B4,0
5,17,10,1.27,0.822866,1.34129,1,All,#4682B4,0
6,17,10,1.27,0.334149,1.51679,1,All,#4682B4,0
7,17,10,1.27,0.573197,1.37703,1,All,#4682B4,0
8,17,10,1.27,0.423371,1.13664,1,All,#4682B4,0
9,17,10,1.27,1.06895,1.34881,1,All,#4682B4,0
10,17,10,1.27,1.12355,1.38334,1,All,#4682B4,0
1,17,10.5,1.27,0.860536,1.13854,1,All,#4682B4,0
2,17,10.5,1.27,1.02159,0.809876,1,All,#4682B4,0
3,17,10.5,1.27,0.681406,0.726836,1,All,#4682B4,0
4,17,10.5,1.27,0.666283,1.49704,1,All,#4682B4,0
5,17,10.5,1.27,0.848832,1.05793,1,All,#4682B4,0
6,17,10.5,1.27,0.746085,1.21285,1,All,#4682B4,0
7,17,10.5,1.27,0.823144,1.05967,1,All,#4682B4,0
8,17,10.5,1.27,0.737896,0.805691,1,All,#4682B4,0
9,17,10.5,1.27,1.18702,1.14825,1,All,#4682B4,0
10,17,10.5,1.27,0.639928,1.02808,1,All,#4682B4,0
1,17,11,1.27,0.879062,0.838909,1,All,#4682B4,0
2,17,11,1.27,0.377406,0.469998,1,All,#4682B4,0
3,17,11,1.27,0.499211,0.36575,1,All,#4682B4,0
4,17,11,1.27,0.517432,1.19391,1,All,#4682B4,0
5,17,11,1.27,0.856456,0.775116,1,All,#4682B4,0
6,17,11,1.27,0.279619,0.91902,1,All,#4682B4,0
7,17,11,1.27,0.752967,0.730519,1,All,#4682B4,0
8,17,11,1.27,0.424048,0.478052,1,All,#4682B4,0
9,17,11,1.27,0.786713,0.964705,1,All,#4682B4,0
10,17,11,1.27,1.01739,0.669218,1,All,#4682B4,0
1,17,11.5,1.27,0.472523,0.545575,1,All,#4682B4,0
2,17,11.5,1.27,0.0918012,0.12889,1,All,#4682B4,0
3,17,11.5,1.27,2.08219e-16,0,1,All,#4682B4,0
4,17,11.5,1.27,0.806338,0.905359,1,All,#4682B4,0
5,17,11.5,1.27,0.392503,0.492703,1,All,#4682B4,0
6,17,11.5,1.27,0.661865,0.63371,1,All,#4682B4,0
7,17,11.5,1.27,0.370553,0.395048,1,All,#4682B4,0
8,17,11.5,1.27,0.111245,0.151944,1,All,#4682B4,0
9,17,11.5,1.27,0.92974,0.795869,1,All,#4682B4,0
10,17,11.5,1.27,0.3994,0.320957,1,All,#4682B4,0
1,17,12,1.27,0.341343,0.267724,1,All,#4682B4,0
2,17,12,1.27,5.65008e-17,0,1,All,#4682B4,0
3,17,12,1.27,1.93311e-16,0,1,All,#4682B4,0
4,17,12,1.27,0.731086,0.629922,1,All,#4682B4,0
5,17,12,1.27,0.156953,0.215249,1,All,#4682B4,0
6,17,12,1.27,0.371207,0.356944,1,All,#4682B4,0
7,17,12,1.27,0.0295685,0.050429,1,All,#4682B4,0
8,17,12,1.27,3.02366e-16,0,1,All,#4682B4,0
9,17,12,1.27,0.748251,0.63776,1,All,#4682B4,0
10,17,12,1.27,3.42498e-16,0,1,All,#4682B4,0
1,17,12.5,1.27,0.00837553,0.00807274,1,All,#4682B4,0
2,17,12.5,1.27,1.35716e-16,0,1,All,#4682B4,0
3,17,12.5,1.27,2.18175e-16,0,1,All,#4682B4,0
4,17,12.5,1.27,0.507473,0.365676,1,All,#4682B4,0
5,17,12.5,1.27,6.2544e-17,0,1,All,#4682B4,0
6,17,12.5,1.27,0.0936823,0.0872987,1,All,#4682B4,0
7,17,12.5,1.27,2.75113e-17,0,1,All,#4682B4,0
8,17,12.5,1.27,1.13334e-16,0,1,All,#4682B4,0
9,17,12.5,1.27,0.12278,0.487179,1,All,#4682B4,0
10,17,12.5,1.27,3.05874e-16,0,1,All,#4682B4,0
1,17,13,1.27,8.06875e-17,0,1,All,#4682B4,0
2,17,13,1.27,2.1996e-16,0,1,All,#4682B4,0
3,17,13,1.27,1.94453e-16,0,1,All,#4682B4,0
4,17,13,1.27,0.0450039,0.109701,1,All,#4682B4,0
5,17,13,1.27,2.56018e-16,0,1,All,#4682B4,0
6,17,13,1.27,1.33416e-16,0,1,All,#4682B4,0
7,17,13,1.27,3.97063e-16,0,1,All,#4682B4,0
8,17,13,1.27,1.13461e-16,0,1,All,#4682B4,0
9,17,13,1.27,0.276444,0.342433,1,All,#4682B4,0
10,17,13,1.27,8.70578e-17,0,1,All,#4682B4,0
1,17,13.5,1.27,4.08529e-17,0,1,All,#4682B4,0
2,17,13.5,1.27,2.55341e-16,0,1,All,#4682B4,0
3,17,13.5,1.27,2.02884e-16,0,1,All,#4682B4,0
4,17,13.5,1.27,5.62806e-16,0,1,All,#4682B4,0
5,17,13.5,1.27,3.82081e-17,0,1,All,#4682B4,0
6,17,13.5,1.27,3.44216e-16,0,1,All,#4682B4,0
7,17,13.5,1.27,3.50206e-16,0,1,All,#4682B4,0
8,17,13.5,1.27,7.12629e-16,0,1,All,#4682B4,0
9,17,13.5,1.27,0.217053,0.200931,1,All,#4682B4,0
10,17,13.5,1.27,3.71885e-16,0,1,All,#4682B4,0
1,17,14,1.27,2.30145e-16,0,1,All,#4682B4,0
2,17,14,1.27,1.92547e-16,0,1,All,#4682B4,0
3,17,14,1.27,2.31287e-16,0,1,All,#4682B4,0
4,17,14,1.27,1.6281e-16,0,1,All,#4682B4,0
5,17,14,1.27,3.32766e-16,0,1,All,#4682B4,0
6,17,14,1.27,2.31405e-16,0,1,All,#4682B4,0
7,17,14,1.27,2.18678e-16,0,1,All,#4682B4,0
8,17,14,1.27,4.44368e-18,0,1,All,#4682B4,0
9,17,14,1.27,0.0577396,0.0622835,1,All,#4682B4,0
10,17,14,1.27,1.13855e-16,0,1,All,#4682B4,0
1,17,14.5,1.27,5.50232e-16,0,1,All,#4682B4,0
2,17,14.5,1.27,5.99718e-16,0,1,All,#4682B4,0
3,17,14.5,1.27,2.03854e-16,0,1,All,#4682B4,0
4,17,14.5,1.27,1.46988e-16,0,1,All,#4682B4,0
5,17,14.5,1.27,4.42054e-16,0,1,All,#4682B4,0
6,17,14.5,1.27,1.7951e-17,0,1,All,#4682B4,0
7,17,14.5,1.27,1.0873e-16,0,1,All,#4682B4,0
8,17,14.5,1.27,1.4863e-16,0,1,All,#4682B4,0
9,17,14.5,1.27,2.39156e-16,0,1,All,#4682B4,0
10,17,14.5,1.27,1.80262e-16,0,1,All,#4682B4,0
1,17,15,1.27,1.08932e-16,0,1,All,#4682B4,0
2,17,15,1.27,1.36395e-16,0,1,All,#4682B4,0
3,17,15,1.27,1.11039e-16,0,1,All,#4682B4,0
4,17,15,1.27,6.79354e-18,0,1,All,#4682B4,0
5,17,15,1.27,1.25911e-16,0,1,All,#4682B4,0
6,17,15,1.27,2.70708e-16,0,1,All,#4682B4,0
7,17,15,1.27,2.99563e-16,0,1,All,#4682B4,0
8,17,15,1.27,1.22274e-16,0,1,All,#4682B4,0
9,17,15,1.27,2.55254e-17,0,1,All,#4682B4,0
10,17,15,1.27,5.44382e-16,0,1,All,#4682B4,0
1,17,15.5,1.27,1.32327e-16,0,1,All,#4682B4,0
2,17,15.5,1.27,2.81676e-16,0,1,All,#4682B4,0
3,17,15.5,1.27,8.52846e-17,0,1,All,#4682B4,0
4,17,15.5,1.27,4.00493e-17,0,1,All,#4682B4,0
5,17,15.5,1.27,1.40237e-16,0,1,All,#4682B4,0
6,17,15.5,1.27,3.2682e-16,0,1,All,#4682B4,0
7,17,15.5,1.27,1.52565e-17,0,1,All,#4682B4,0
8,17,15.5,1.27,6.81808e-16,0,1,All,#4682B4,0
9,17,15.5,1.27,4.1243e-16,0,1,All,#4682B4,0
10,17,15.5,1.27,9.95615e-17,0,1,All,#4682B4,0
1,18,1,1.27,3.44934e-16,0,1,All,#4682B4,0
2,18,1,1.27,3.26173e-16,0,1,All,#4682B4,0
3,18,1,1.27,1.15526e-16,0,1,All,#4682B4,0
4,18,1,1.27,3.23991e-17,0,1,All,#4682B4,0
5,18,1,1.27,1.89472e-16,0,1,All,#4682B4,0
6,18,1,1.27,1.24289e-16,0,1,All,#4682B4,0
7,18,1,1.27,3.43103e-16,0,1,All,#4682B4,0
8,18,1,1.27,2.37987e-16,0,1,All,#4682B4,0
9,18,1,1.27,1.47966e-17,0,1,All,#4682B4,0
10,18,1,1.27,1.05023e-16,0,1,All,#4682B4,0
1,18,1.5,1.27,6.74867e-17,0,1,All,#4682B4,0
2,18,1.5,1.27,7.17873e-17,0,1,All,#4682B4,0
3,18,1.5,1.27,3.54632e-17,0,1,All,#4682B4,0
4,18,1.5,1.27,1.23659e-16,0,1,All,#4682B4,0
5,18,1.5,1.27,1.25877e-16,0,1,All,#4682B4,0
6,18,1.5,1.27,1.59589e-16,0,1,All,#4682B4,0
7,18,1.5,1.27,7.12493e-17,0,1,All,#4682B4,0
8,18,1.5,1.27,2.00402e-16,0,1,All,#4682B4,0
9,18,1.5,1.27,5.49765e-16,0,1,All,#4682B4,0
10,18,1.5,1.27,1.36196e-16,0,1,All,#4682B4,0
1,18,2,1.27,1.10508e-16,0,1,All,#4682B4,0
2,18,2,1.27,1.07483e-16,0,1,All,#4682B4,0
3,18,2,1.27,7.79843e-17,0,1,All,#4682B4,0
4,18,2,1.27,1.85561e-17,0,1,All,#4682B4,0
5,18,2,1.27,4.88128e-17,0,1,All,#4682B4,0
6,18,2,1.27,6.98545e-17,0,1,All,#4682B4,0
7,18,2,1.27,1.2978e-16,0,1,All,#4682B4,0
8,18,2,1.27,1.91923e-17,0,1,All,#4682B4,0
9,18,2,1.27,2.12175e-16,0,1,All,#4682B4,0
10,18,2,1.27,4.49091e-16,0,1,All,#4682B4,0
1,18,2.5,1.27,1.74991e-16,0,1,All,#4682B4,0
2,18,2.5,1.27,1.78882e-16,0,1,All,#4682B4,0
3,18,2.5,1.27,5.60975e-16,0,1,All,#4682B4,0
4,18,2.5,1.27,4.96995e-16,0,1,All,#4682B4,0
5,18,2.5,1.27,2.49756e-16,0,1,All,#4682B4,0
6,18,2.5,1.27,2.70033e-16,0,1,All,#4682B4,0
7,18,2.5,1.27,1.32571e-16,0,1,All,#4682B4,0
8,18,2.5,1.27,2.20328e-16,0,1,All,#4682B4,0
9,18,2.5,1.27,2.80023e-16,0,1,All,#4682B4,0
10,18,2.5,1.27,2.6226e-16,0,1,All,#4682B4,0
1,18,3,2.55,2.55,1.68123,0,All,#4682B4,0
2,18,3,2.55,2.55,1.49853,0,All,#4682B4,0
3,18,3,2.55,2.55,1.38547,0,All,#4682B4,0
4,18,3,2.55,2.55,1.96189,0,All,#4682B4,0
5,18,3,2.55,2.55,2.0017,0,All,#4682B4,0
6,18,3,2.55,2.55,1.95739,0,All,#4682B4,0
7,18,3,2.55,2.55,1.70804,0,All,#4682B4,0
8,18,3,2.55,2.55,1.54435,0,All,#4682B4,0
9,18,3,2.55,2.55,1.33061,0,All,#4682B4,0
10,18,3,2.55,2.55,1.45758,0,All,#4682B4,0
1,18,3.5,2.53,2.53,2.23293,0,All,#4682B4,0
2,18,3.5,2.53,2.53,2.45319,0,All,#4682B4,0
3,18,3.5,2.53,2.53,2.41203,0,All,#4682B4,0
4,18,3.5,2.53,2.53,2.57896,0,All,#4682B4,0
5,18,3.5,2.53,2.53,2.61391,0,All,#4682B4,0
6,18,3.5,2.53,2.53,2.59313,0,All,#4682B4,0
7,18,3.5,2.53,2.53,2.23867,0,All,#4682B4,0
8,18,3.5,2.53,2.53,2.57877,0,All,#4682B4,0
9,18,3.5,2.53,2.53,2.59585,0,All,#4682B4,0
10,18,3.5,2.53,2.53,2.33621,0,All,#4682B4,0
1,18,4,2.28,2.28,2.51622,0,All,#4682B4,0
2,18,4,2.28,2.28,2.82767,0,All,#4682B4,0
3,18,4,2.28,2.28,2.80462,0,All,#4682B4,0
4,18,4,2.28,2.28,2.81458,0,All,#4682B4,0
5,18,4,2.28,2.28,2.87206,0,All,#4682B4,0
6,18,4,2.28,2.28,2.90639,0,All,#4682B4,0
7,18,4,2.28,2.28,2.46787,0,All,#4682B4,0
8,18,4,2.28,2.28,2.89817,0,All,#4682B4,0
9,18,4,2.28,2.28,3.02903,0,All,#4682B4,0
10,18,4,2.28,2.28,2.66012,0,All,#4682B4,0
1,18,4.5,3.63,3.63,2.69055,0,All,#4682B4,0
2,18,4.5,3.63,3.63,3.01776,0,All,#4682B4,0
3,18,4.5,3.63,3.63,2.97737,0,All,#4682B4,0
4,18,4.5,3.63,3.63,2.93833,0,All,#4682B4,0
5,18,4.5,3.63,3.63,3.00947,0,All,#4682B4,0
6,18,4.5,3.63,3.63,3.06539,0,All,#4682B4,0
7,18,4.5,3.63,3.63,2.5904,0,All,#4682B4,0
8,18,4.5,3.63,3.63,3.01173,0,All,#4682B4,0
9,18,4.5,3.63,3.63,3.25726,0,All,#4682B4,0
10,18,4.5,3.63,3.63,2.80695,0,All,#4682B4,0
1,18,5,3.55,3.55,2.80245,0,All,#4682B4,0
2,18,5,3.55,3.55,3.09774,0,All,#4682B4,0
3,18,5,3.55,3.55,3.01794,0,All,#4682B4,0
4,18,5,3.55,3.55,2.99709,0,All,#4682B4,0
5,18,5,3.55,3.55,3.08024,0,All,#4682B4,0
6,18,5,3.55,3.55,3.12177,0,All,#4682B4,0
7,18,5,3.55,3.55,2.65371,0,All,#4682B4,0
8,18,5,3.55,3.55,3.02569,0,All,#4682B4,0
9,18,5,3.55,3.55,3.37585,0,All,#4682B4,0
10,18,5,3.55,3.55,2.84924,0,All,#4682B4,0
1,18,5.5,3.89,3.89,2.85754,0,All,#4682B4,0
2,18,5.5,3.89,3.89,3.10053,0,All,#4682B4,0
3,18,5.5,3.89,3.89,2.9784,0,All,#4682B4,0
4,18,5.5,3.89,3.89,3.00068,0,All,#4682B4,0
5,18,5.5,3.89,3.89,3.10591,0,All,#4682B4,0
6,18,5.5,3.89,3.89,3.11263,0,All,#4682B4,0
7,18,5.5,3.89,3.89,2.67482,0,All,#4682B4,0
8,18,5.5,3.89,3.89,3,0,All,#4682B4,0
9,18,5.5,3.89,3.89,3.4174,0,All,#4682B4,0
10,18,5.5,3.89,3.89,2.82398,0,All,#4682B4,0
1,18,6,4.42,4.42,2.85153,0,All,#4682B4,0
2,18,6,4.42,4.42,3.04623,0,All,#4682B4,0
3,18,6,4.42,4.42,2.89675,0,All,#4682B4,0
4,18,6,4.42,4.42,2.94898,0,All,#4682B4,0
5,18,6,4.42,4.42,3.08962,0,All,#4682B4,0
6,18,6,4.42,4.42,3.06393,0,All,#4682B4,0
7,18,6,4.42,4.42,2.65012,0,All,#4682B4,0
8,18,6,4.42,4.42,2.95355,0,All,#4682B4,0
9,18,6,4.42,4.42,3.39916,0,All,#4682B4,0
10,18,6,4.42,4.42,2.75172,0,All,#4682B4,0
1,18,6.5,3.79,3.79,2.77989,0,All,#4682B4,0
2,18,6.5,3.79,3.79,2.94286,0,All,#4682B4,0
3,18,6.5,3.79,3.79,2.77643,0,All,#4682B4,0
4,18,6.5,3.79,3.79,2.83095,0,All,#4682B4,0
5,18,6.5,3.79,3.79,3.03082,0,All,#4682B4,0
6,18,6.5,3.79,3.79,2.98746,0,All,#4682B4,0
7,18,6.5,3.79,3.79,2.57726,0,All,#4682B4,0
8,18,6.5,3.79,3.79,2.87908,0,All,#4682B4,0
9,18,6.5,3.79,3.79,3.32826,0,All,#4682B4,0
10,18,6.5,3.79,3.79,2.63918,0,All,#4682B4,0
1,18,7,3.4,3.4,2.63378,0,All,#4682B4,0
2,18,7,3.4,3.4,2.78897,0,All,#4682B4,0
3,18,7,3.4,3.4,2.60712,0,All,#4682B4,0
4,18,7,3.4,3.4,2.63392,0,All,#4682B4,0
5,18,7,3.4,3.4,2.92113,0,All,#4682B4,0
6,18,7,3.4,3.4,2.8859,0,All,#4682B4,0
7,18,7,3.4,3.4,2.44676,0,All,#4682B4,0
8,18,7,3.4,3.4,2.76669,0,All,#4682B4,0
9,18,7,3.4,3.4,3.20074,0,All,#4682B4,0
10,18,7,3.4,3.4,2.48462,0,All,#4682B4,0
1,18,7.5,1.27,1.18978,2.41536,1,All,#4682B4,0
2,18,7.5,1.27,0.927488,2.57977,1,All,#4682B4,0
3,18,7.5,1.27,0.978666,2.3894,1,All,#4682B4,0
4,18,7.5,1.27,0.342026,2.38478,1,All,#4682B4,0
5,18,7.5,1.27,0.993722,2.74432,1,All,#4682B4,0
6,18,7.5,1.27,0.962528,2.75722,1,All,#4682B4,0
7,18,7.5,1.27,1.08634,2.24606,1,All,#4682B4,0
8,18,7.5,1.27,1.12031,2.59982,1,All,#4682B4,0
9,18,7.5,1.27,0.0219665,3.00363,1,All,#4682B4,0
10,18,7.5,1.27,0.148797,2.28315,1,All,#4682B4,0
1,18,8,1.27,1.17757,2.15697,1,All,#4682B4,0
2,18,8,1.27,1.05674,2.31491,1,All,#4682B4,0
3,18,8,1.27,1.18534,2.13104,1,All,#4682B4,0
4,18,8,1.27,0.262466,2.1592,1,All,#4682B4,0
5,18,8,1.27,0.824701,2.4834,1,All,#4682B4,0
6,18,8,1.27,0.836396,2.59708,1,All,#4682B4,0
7,18,8,1.27,1.05929,1.98063,1,All,#4682B4,0
8,18,8,1.27,0.278424,2.35576,1,All,#4682B4,0
9,18,8,1.27,1.18783,2.72285,1,All,#4682B4,0
10,18,8,1.27,1.1015,2.03526,1,All,#4682B4,0
1,18,8.5,1.27,1.23772,1.90144,1,All,#4682B4,0
2,18,8.5,1.27,0.757045,2.02025,1,All,#4682B4,0
3,18,8.5,1.27,0.975744,1.8573,1,All,#4682B4,0
4,18,8.5,1.27,1.05042,1.97484,1,All,#4682B4,0
5,18,8.5,1.27,0.470775,2.15758,1,All,#4682B4,0
6,18,8.5,1.27,1.25405,2.39995,1,All,#4682B4,0
7,18,8.5,1.27,1.05919,1.71574,1,All,#4682B4,0
8,18,8.5,1.27,0.944156,2.01007,1,All,#4682B4,0
9,18,8.5,1.27,0.712761,2.37163,1,All,#4682B4,0
10,18,8.5,1.27,0.980265,1.76056,1,All,#4682B4,0
1,18,9,1.27,0.724158,1.66584,1,All,#4682B4,0
2,18,9,1.27,1.01266,1.74914,1,All,#4682B4,0
3,18,9,1.27,0.783586,1.60326,1,All,#4682B4,0
4,18,9,1.27,1.05103,1.81406,1,All,#4682B4,0
5,18,9,1.27,0.504394,1.86383,1,All,#4682B4,0
6,18,9,1.27,1.06703,2.16056,1,All,#4682B4,0
7,18,9,1.27,1.24975,1.50207,1,All,#4682B4,0
8,18,9,1.27,1.22292,1.5916,1,All,#4682B4,0
9,18,9,1.27,1.26158,2.02962,1,All,#4682B4,0
10,18,9,1.27,0.923579,1.50683,1,All,#4682B4,0
1,18,9.5,1.27,0.828908,1.44659,1,All,#4682B4,0
2,18,9.5,1.27,0.533533,1.53117,1,All,#4682B4,0
3,18,9.5,1.27,1.00271,1.38614,1,All,#4682B4,0
4,18,9.5,1.27,1.05516,1.66648,1,All,#4682B4,0
5,18,9.5,1.27,0.904582,1.63856,1,All,#4682B4,0
6,18,9.5,1.27,1.03654,1.87708,1,All,#4682B4,0
7,18,9.5,1.27,0.370704,1.32698,1,All,#4682B4,0
8,18,9.5,1.27,0.890223,1.27334,1,All,#4682B4,0
9,18,9.5,1.27,1.07509,1.75468,1,All,#4682B4,0
10,18,9.5,1.27,0.760551,1.30704,1,All,#4682B4,0
1,18,10,1.63,1.63,1.24063,0,All,#4682B4,0
2,18,10,1.63,1.63,1.35621,0,All,#4682B4,0
3,18,10,1.63,1.63,1.20459,0,All,#4682B4,0
4,18,10,1.63,1.63,1.52545,0,All,#4682B4,0
5,18,10,1.63,1.63,1.45432,0,All,#4682B4,0
6,18,10,1.63,1.63,1.55963,0,All,#4682B4,0
7,18,10,1.63,1.63,1.17431,0,All,#4682B4,0
8,18,10,1.63,1.63,1.07801,0,All,#4682B4,0
9,18,10,1.63,1.63,1.52967,0,All,#4682B4,0
10,18,10,1.63,1.63,1.15235,0,All,#4682B4,0
1,18,10.5,1.27,1.17446,1.04311,1,All,#4682B4,0
2,18,10.5,1.27,0.861603,1.20869,1,All,#4682B4,0
3,18,10.5,1.27,0.40782,1.04871,1,All,#4682B4,0
4,18,10.5,1.27,1.04447,1.38798,1,All,#4682B4,0
5,18,10.5,1.27,1.05849,1.29464,1,All,#4682B4,0
6,18,10.5,1.27,0.936679,1.2441,1,All,#4682B4,0
7,18,10.5,1.27,1.0693,1.03373,1,All,#4682B4,0
8,18,10.5,1.27,1.03289,0.940407,1,All,#4682B4,0
9,18,10.5,1.27,0.813395,1.33716,1,All,#4682B4,0
10,18,10.5,1.27,1.23255,1.02474,1,All,#4682B4,0
1,18,11,1.27,0.444577,0.851284,1,All,#4682B4,0
2,18,11,1.27,1.10176,1.07932,1,All,#4682B4,0
3,18,11,1.27,0.535016,0.910851,1,All,#4682B4,0
4,18,11,1.27,0.796228,1.25231,1,All,#4682B4,0
5,18,11,1.27,1.11975,1.14717,1,All,#4682B4,0
6,18,11,1.27,0.908064,0.976529,1,All,#4682B4,0
7,18,11,1.27,0.777755,0.89929,1,All,#4682B4,0
8,18,11,1.27,0.829214,0.829221,1,All,#4682B4,0
9,18,11,1.27,0.810182,1.16431,1,All,#4682B4,0
10,18,11,1.27,0.949,0.914486,1,All,#4682B4,0
1,18,11.5,1.27,0.304803,0.663154,1,All,#4682B4,0
2,18,11.5,1.27,0.994974,0.95917,1,All,#4682B4,0
3,18,11.5,1.27,0.30202,0.784473,1,All,#4682B4,0
4,18,11.5,1.27,0.790097,1.11766,1,All,#4682B4,0
5,18,11.5,1.27,0.952027,1.00652,1,All,#4682B4,0
6,18,11.5,1.27,0.418027,0.769506,1,All,#4682B4,0
7,18,11.5,1.27,0.145283,0.768733,1,All,#4682B4,0
8,18,11.5,1.27,0.841265,0.728538,1,All,#4682B4,0
9,18,11.5,1.27,0.467331,1.00309,1,All,#4682B4,0
10,18,11.5,1.27,0.976533,0.812944,1,All,#4682B4,0
1,18,12,1.27,0.415197,0.477412,1,All,#4682B4,0
2,18,12,1.27,0.961279,0.844678,1,All,#4682B4,0
3,18,12,1.27,0.378267,0.664705,1,All,#4682B4,0
4,18,12,1.27,0.678964,0.983472,1,All,#4682B4,0
5,18,12,1.27,1.13952,0.869299,1,All,#4682B4,0
6,18,12,1.27,0.757348,0.611518,1,All,#4682B4,0
7,18,12,1.27,0.468927,0.639825,1,All,#4682B4,0
8,18,12,1.27,1.23232,0.630392,1,All,#4682B4,0
9,18,12,1.27,1.21899,0.848765,1,All,#4682B4,0
10,18,12,1.27,0.633671,0.716934,1,All,#4682B4,0
1,18,12.5,1.27,0.245742,0.293006,1,All,#4682B4,0
2,18,12.5,1.27,0.565943,0.732671,1,All,#4682B4,0
3,18,12.5,1.27,0.691102,0.549307,1,All,#4682B4,0
4,18,12.5,1.27,0.94361,0.849713,1,All,#4682B4,0
5,18,12.5,1.27,0.846153,0.733922,1,All,#4682B4,0
6,18,12.5,1.27,0.615417,0.485322,1,All,#4682B4,0
7,18,12.5,1.27,0.751078,0.511952,1,All,#4682B4,0
8,18,12.5,1.27,0.47102,0.531965,1,All,#4682B4,0
9,18,12.5,1.27,0.719404,0.697969,1,All,#4682B4,0
10,18,12.5,1.27,0.491123,0.62335,1,All,#4682B4,0
1,18,13,1.27,0.113111,0.109456,1,All,#4682B4,0
2,18,13,1.27,0.441807,0.622676,1,All,#4682B4,0
3,18,13,1.27,0.541055,0.436815,1,All,#4682B4,0
4,18,13,1.27,0.193183,0.715934,1,All,#4682B4,0
5,18,13,1.27,0.559734,0.599548,1,All,#4682B4,0
6,18,13,1.27,0.0457656,0.379628,1,All,#4682B4,0
7,18,13,1.27,0.15289,0.384645,1,All,#4682B4,0
8,18,13,1.27,0.604616,0.432172,1,All,#4682B4,0
9,18,13,1.27,0.477297,0.549132,1,All,#4682B4,0
10,18,13,1.27,0.214968,0.531526,1,All,#4682B4,0
1,18,13.5,1.27,1.81755e-16,0,1,All,#4682B4,0
2,18,13.5,1.27,0.0406105,0.512999,1,All,#4682B4,0
3,18,13.5,1.27,0.317284,0.325653,1,All,#4682B4,0
4,18,13.5,1.27,0.746954,0.582401,1,All,#4682B4,0
5,18,13.5,1.27,0.462507,0.46573,1,All,#4682B4,0
6,18,13.5,1.27,0.23634,0.287195,1,All,#4682B4,0
7,18,13.5,1.27,0.304989,0.257635,1,All,#4682B4,0
8,18,13.5,1.27,0.248317,0.330737,1,All,#4682B4,0
9,18,13.5,1.27,0.586508,0.401296,1,All,#4682B4,0
10,18,13.5,1.27,0.406446,0.440419,1,All,#4682B4,0
1,18,14,1.27,2.33922e-16,0,1,All,#4682B4,0
2,18,14,1.27,0.219141,0.40405,1,All,#4682B4,0
3,18,14,1.27,0.032419,0.215629,1,All,#4682B4,0
4,18,14,1.27,0.483353,0.448784,1,All,#4682B4,0
5,18,14,1.27,0.199824,0.331972,1,All,#4682B4,0
6,18,14,1.27,0.13225,0.200221,1,All,#4682B4,0
7,18,14,1.27,0.118095,0.130803,1,All,#4682B4,0
8,18,14,1.27,0.231481,0.227674,1,All,#4682B4,0
9,18,14,1.27,0.0745242,0.254245,1,All,#4682B4,0
10,18,14,1.27,0.439979,0.350137,1,All,#4682B4,0
1,18,14.5,1.27,2.11284e-16,0,1,All,#4682B4,0
2,18,14.5,1.27,0.33438,0.295207,1,All,#4682B4,0
3,18,14.5,1.27,0.0455369,0.106086,1,All,#4682B4,0
4,18,14.5,1.27,0.245268,0.315269,1,All,#4682B4,0
5,18,14.5,1.27,0.38556,0.198505,1,All,#4682B4,0
6,18,14.5,1.27,0.121467,0.11816,1,All,#4682B4,0
7,18,14.5,1.27,0.00297579,0.00406285,1,All,#4682B4,0
8,18,14.5,1.27,0.0485817,0.123004,1,All,#4682B4,0
9,18,14.5,1.27,0.166119,0.107732,1,All,#4682B4,0
10,18,14.5,1.27,0.1265,0.260075,1,All,#4682B4,0
1,18,15,1.27,2.00107e-16,0,1,All,#4682B4,0
2,18,15,1.27,0.124244,0.186192,1,All,#4682B4,0
3,18,15,1.27,5.053e-17,0,1,All,#4682B4,0
4,18,15,1.27,0.185446,0.181798,1,All,#4682B4,0
5,18,15,1.27,0.100981,0.0651572,1,All,#4682B4,0
6,18,15,1.27,0.0600131,0.0371357,1,All,#4682B4,0
7,18,15,1.27,1.80262e-16,0,1,All,#4682B4,0
8,18,15,1.27,0.0217716,0.0169378,1,All,#4682B4,0
9,18,15,1.27,3.42723e-17,0,1,All,#4682B4,0
10,18,15,1.27,0.273573,0.170224,1,All,#4682B4,0
